model,benchmark_cop,benchmark_run,n_bootstrap,block_length,n_usable,n_qvarma_converged,qvarma_mean_iterations,lowest_loss_cop,d,sigma2,sigma2_star,s,v,s_star,v_star
qvarma,1,0,200,8,200,14,3853.3,1,0.007639099684,0.00122037812,0.0003686647913,0.2186729032,0.8205647285,0.3978563974,0.7153810662
qvarma,2,0,200,8,200,56,3481.8,533,0.01536257216,0.009706818364,0.01264971403,0.155928494,0.8651054154,0.136591471,0.8798236002
qvarma,3,0,200,8,200,45,3374.3,634,0.0122069624,0.001903876062,0.0009366951037,0.2797617076,0.7813954692,0.3988489764,0.7148734544
qvarma,4,0,200,8,200,49,3506.8,320,0.01690849703,0.002497374319,0.001226374769,0.3383476659,0.7471900056,0.4828290611,0.674386567
qvarma,5,0,200,8,200,6,3942.7,5,0.007996021153,0.0008762370556,0.0005625522237,0.2701239717,0.7873247197,0.3371262048,0.7478725616
qvarma,6,0,200,8,200,36,3556.6,741,0.01267531994,0.001505878097,0.0008284649301,0.32663598,0.7537862798,0.4403741985,0.6942640329
qvarma,7,0,200,8,200,21,3826.2,80,0.01865285569,0.000959894095,0.0007292743342,0.6020515381,0.6241996442,0.6907165555,0.5914651967
qvarma,8,0,200,8,200,45,3635.7,620,0.01487399518,0.0008425615617,0.0005666155351,0.5124208768,0.6611916136,0.6248609685,0.6154372709
qvarma,9,0,200,8,200,21,3833.5,603,0.01060105189,0.0004253703108,0.0003482405638,0.5140026677,0.6605008177,0.5680797149,0.6377226811
qvarma,10,0,200,8,200,29,3740.0,199,0.02470090748,0.01230546599,0.002785471888,0.2226711114,0.8178814325,0.4680190375,0.6811900762
qvarma,11,0,200,8,200,29,3651.5,565,0.0098098662,0.0007643001299,0.000369393662,0.3548388126,0.738095182,0.5104090476,0.6620723053
qvarma,12,0,200,8,200,14,3897.1,98,0.0168391206,0.00593775881,0.001554233839,0.2185285233,0.8206619549,0.4271311325,0.7007064573
qvarma,13,0,200,8,200,32,3677.1,724,0.01066576329,0.001004577809,0.0008557999203,0.3365116862,0.7482164281,0.3645908962,0.732820366
qvarma,14,0,200,8,200,4,3955.3,504,0.01214457635,0.002760462554,0.0002510063837,0.2311486916,0.8122495738,0.7665491142,0.566075402
qvarma,15,0,200,8,200,13,3876.6,77,0.008591762526,0.004766248597,0.0009689221581,0.1244497188,0.8893238918,0.2760182645,0.783687842
qvarma,16,0,200,8,200,22,3693.6,335,0.01462995085,0.003997850919,0.001074852892,0.2313819994,0.8120956783,0.4462398515,0.69144824
qvarma,17,0,200,8,200,3,3888.6,624,0.01216571864,0.003394111629,0.0009923808757,0.2088212578,0.8272521628,0.3861878223,0.7214029613
qvarma,18,0,200,8,200,28,3688.4,603,0.01532046651,0.0008389690261,0.001131851438,0.5289310059,0.65405175,0.455383485,0.6871041278
qvarma,19,0,200,8,200,13,3872.2,666,0.009935759539,0.002684882793,0.0008668598341,0.1917513396,0.8391012175,0.3374633645,0.7476840312
qvarma,20,0,200,8,200,22,3653.6,704,0.0146643984,0.004316519072,0.0008794984524,0.2232016593,0.8175266869,0.4944777007,0.6691300911
qvarma,21,0,200,8,200,13,3861.4,127,0.01728187206,0.0130782958,0.001510596099,0.1511176557,0.8687209296,0.4446482693,0.6922100149
qvarma,22,0,200,8,200,36,3637.1,22,0.008031398472,0.0004308886311,0.0004795289768,0.386908843,0.7210279212,0.3667615047,0.7316565447
qvarma,23,0,200,8,200,20,3826.5,741,0.008329593393,0.004018134,0.0007273727966,0.1314049103,0.8838568676,0.3088483423,0.7640304592
qvarma,24,0,200,8,200,16,3871.9,850,0.01283801524,0.001096291162,0.0008896641498,0.3877349329,0.7205987082,0.4304124664,0.6990990525
qvarma,25,0,200,8,200,19,3806.0,64,0.009885967046,0.001235752263,0.000215565656,0.2812246929,0.7805032213,0.673332184,0.5976099722
qvarma,26,0,200,8,200,6,3954.1,850,0.01175630967,0.008153706287,0.0006573840202,0.1301947541,0.8848032575,0.4585233384,0.6856249562
qvarma,27,0,200,8,200,13,3718.2,634,0.00964626896,0.001160645199,0.0005631026531,0.2831454761,0.77933486,0.4065047083,0.7109823338
qvarma,28,0,200,8,200,12,3848.8,788,0.0149360976,0.002887261833,0.0005056099001,0.2779675235,0.7824924981,0.6642466278,0.6008724808
qvarma,29,0,200,8,200,18,3812.0,767,0.01535066147,0.009430154163,0.001555500587,0.1580766406,0.8635007088,0.3892171826,0.7198298528
qvarma,30,0,200,8,200,34,3711.2,741,0.008126076303,0.001394681581,0.0004851360135,0.2175922201,0.8212930269,0.368934389,0.7304951998
qvarma,31,0,200,8,200,37,3662.8,850,0.009291242007,0.001076500618,0.000525931428,0.2831826428,0.779312287,0.4051438123,0.7116709274
qvarma,32,0,200,8,200,44,3500.3,642,0.01373009277,0.0009136752395,0.0009845722583,0.454231809,0.6876482785,0.4375721515,0.6956172593
qvarma,33,0,200,8,200,44,3563.9,799,0.01877151664,0.006117759494,0.002006493817,0.2399955355,0.8064545164,0.4190640924,0.704689806
qvarma,34,0,200,8,200,14,3836.3,924,0.01249884165,0.003440940371,0.0007274294125,0.21307436,0.8243517735,0.4634195353,0.6833310448
qvarma,35,0,200,8,200,21,3698.2,828,0.01270809132,0.001757370968,0.0006335308711,0.3031437392,0.7673750561,0.5048896127,0.6645005664
qvarma,36,0,200,8,200,49,3000.3,191,0.01119174625,0.001338037293,0.0009008663297,0.3059593614,0.7657206109,0.3728787871,0.7283964247
qvarma,37,0,200,8,200,2,3999.2,24,0.0114766628,0.001557153022,0.0003008110266,0.2908372136,0.7746910218,0.6617115966,0.6017891444
qvarma,38,0,200,8,200,29,3764.7,504,0.01274389496,0.003333296456,0.0007647872162,0.2207319566,0.8191806519,0.4608205875,0.6845467599
qvarma,39,0,200,8,200,29,3735.8,256,0.01431703115,0.005099517275,0.002513769979,0.2004880243,0.8329945653,0.2855552849,0.7778739754
qvarma,40,0,200,8,200,25,3776.7,505,0.01158831943,0.0007594056585,0.0004685317409,0.4205169865,0.7039690546,0.5353662003,0.6513104169
qvarma,41,0,200,8,200,11,3935.3,647,0.0126982584,0.0007478149647,0.0006048958514,0.4643517478,0.6828960333,0.5163020595,0.6594992032
qvarma,42,0,200,8,200,52,3421.7,18,0.02514915862,0.001095001123,0.001270626912,0.7600045245,0.5681803575,0.7055282944,0.58632859
qvarma,43,0,200,8,200,53,3485.2,603,0.01874797775,0.002092571447,0.0009406891387,0.4098399424,0.7093003751,0.6112675829,0.6206293794
qvarma,44,0,200,8,200,43,3561.5,320,0.01965110015,0.001653694004,0.001001614029,0.4832360137,0.6742015369,0.6209214594,0.6169330378
qvarma,45,0,200,8,200,37,3583.7,189,0.01203037529,0.000991251321,0.002207252297,0.3821090167,0.7235319269,0.2560667484,0.7961360344
qvarma,46,0,200,8,200,0,4000.0,77,0.01311251522,0.002340247489,0.0005310110203,0.2710535573,0.7867489094,0.5690287875,0.6373369361
qvarma,47,0,200,8,200,25,3415.5,534,0.01378255841,0.002373092259,0.0007007639661,0.2829257855,0.7794683148,0.5206477078,0.6576145118
qvarma,48,0,200,8,200,44,3602.0,9,0.01582880342,0.0009088876974,0.0008321890875,0.5250407034,0.6557202032,0.5487026748,0.6457017323
qvarma,49,0,200,8,200,18,3829.4,924,0.01009067028,0.00162591708,0.0007472218156,0.2502481173,0.7998412364,0.3691435157,0.730383622
qvarma,50,0,200,8,200,3,3978.0,770,0.01611001084,0.0007426403663,0.0001577251856,0.5911620641,0.6284714943,1.282759705,0.4380662572
qvarma,51,0,200,8,200,57,3384.5,590,0.0224426818,0.003414312901,0.0009043940338,0.3840812376,0.7225009434,0.7462698698,0.5726491748
qvarma,52,0,200,8,200,80,3200.9,704,0.02387090738,0.0122536141,0.001060731155,0.2156437265,0.8226094358,0.7329363571,0.5770552368
qvarma,53,0,200,8,200,14,3915.8,504,0.009880047266,0.003117676289,0.0003164096394,0.1769471256,0.8496558411,0.5554361851,0.6429064783
qvarma,54,0,200,8,200,21,3766.3,191,0.01470528426,0.001117269559,0.0009189528245,0.4399410033,0.6944728969,0.4850950193,0.6733575879
qvarma,55,0,200,8,200,22,3786.5,739,0.01444156157,0.01048278598,0.0007087091302,0.1410508789,0.87638511,0.5424755169,0.6483085074
qvarma,56,0,200,8,200,19,3806.3,924,0.01296144592,0.001326518133,0.0004328872004,0.3558744891,0.7375313925,0.622968489,0.616154908
qvarma,57,0,200,8,200,9,3940.5,395,0.02515217656,0.0006640503845,0.0002953933633,0.976056722,0.5060583479,1.46344096,0.405936256
qvarma,58,0,200,8,200,11,3748.5,58,0.007072156864,0.0002650348606,0.0001777340408,0.4344105704,0.6971504677,0.5304770229,0.6533910572
qvarma,59,0,200,8,200,26,3764.2,656,0.00871180022,0.001168288661,0.0006319473243,0.2548782794,0.7968900382,0.3465512486,0.7426379063
qvarma,60,0,200,8,200,25,3705.1,22,0.008771857519,0.001097852708,0.0004302018878,0.264739979,0.7906763577,0.422917263,0.7027815503
qvarma,61,0,200,8,200,16,3807.6,205,0.01529773041,0.001340903368,0.0004877247431,0.4177613543,0.7053373242,0.6926911018,0.5907752448
qvarma,62,0,200,8,200,59,3398.9,620,0.01842668547,0.003093220055,0.001545120046,0.3313155459,0.7511367257,0.4687767992,0.6808386411
qvarma,63,0,200,8,200,111,2153.6,168,0.0400158969,0.008421819542,0.002089328422,0.4360432719,0.6963578463,0.8754456707,0.5332065949
qvarma,64,0,200,8,200,24,3764.6,799,0.01004153202,0.002191571788,0.0002968336013,0.2144974467,0.8233858397,0.5828320785,0.6317789572
qvarma,65,0,200,8,200,56,3320.4,603,0.01442815209,0.000698575991,0.0009265581374,0.5458884228,0.6468772165,0.47399567,0.6784280445
qvarma,66,0,200,8,200,37,3593.9,505,0.02310640886,0.001450988539,0.0006350961916,0.6065972858,0.6224335176,0.9168804223,0.5216809501
qvarma,67,0,200,8,200,4,3957.9,536,0.01544380803,0.003884394024,0.000630926115,0.2477951238,0.8014136142,0.6148442879,0.6192547526
qvarma,68,0,200,8,200,3,3955.0,349,0.01345432747,0.0008657474796,0.0005313791224,0.4572633313,0.6862177745,0.5836597575,0.6314487662
qvarma,69,0,200,8,200,14,3819.8,249,0.01322598253,0.0005161278999,0.0003258565332,0.5821692692,0.6320436248,0.7326806607,0.5771403945
qvarma,70,0,200,8,200,16,3617.7,554,0.01152976416,0.001156636656,0.0004309081492,0.3390173681,0.7468163026,0.5554283847,0.6429097025
qvarma,71,0,200,8,200,27,3725.8,934,0.013535399,0.0007291064481,0.000537148815,0.5012744775,0.6661007131,0.5840146635,0.6313072871
qvarma,72,0,200,8,200,18,3866.4,127,0.0133129626,0.001611544614,0.0007981213336,0.3316297973,0.7509594649,0.4712379436,0.6796997075
qvarma,73,0,200,8,200,13,3862.3,80,0.01551679844,0.001026444742,0.0005163108723,0.4843221501,0.6737081973,0.6828832866,0.5942182729
qvarma,74,0,200,8,200,19,3789.6,603,0.01199695018,0.001930175444,0.001084551305,0.2730690392,0.7855033539,0.3642887879,0.7329826418
qvarma,75,0,200,8,200,71,3156.5,724,0.01570415517,0.007240244931,0.00324357379,0.184560156,0.8441952018,0.275741851,0.7838576427
qvarma,76,0,200,8,200,14,3824.6,799,0.009412430572,0.0009264320636,0.0002428819522,0.3092395247,0.7638021776,0.6039544191,0.6234591134
qvarma,77,0,200,8,200,12,3846.7,77,0.009234319574,0.001960265025,0.0006160303302,0.2085679174,0.8274255717,0.3720521792,0.7288352551
qvarma,78,0,200,8,200,14,3828.6,78,0.01370320054,0.0005438079076,0.0004341674305,0.5876236335,0.6298722058,0.6576478321,0.6032644453
qvarma,79,0,200,8,200,22,3869.9,374,0.02123529185,0.002660586261,0.001528573048,0.4116892834,0.7083711775,0.5431441862,0.6480275848
qvarma,80,0,200,8,200,8,3955.5,924,0.01075272999,0.0007665736638,0.0002719407061,0.3883665286,0.7202708935,0.6520510972,0.605308154
qvarma,81,0,200,8,200,25,3765.0,620,0.01119798924,0.001041742754,0.001195116247,0.3469443359,0.7424211776,0.3239179167,0.7553338371
qvarma,82,0,200,8,200,34,3709.8,127,0.01743186942,0.00705838914,0.00189936112,0.2074871307,0.8281661763,0.3999817647,0.7142950181
qvarma,83,0,200,8,200,2,3964.5,624,0.01544126741,0.001496097445,0.0008650685783,0.3992114633,0.7146882557,0.5249980319,0.6557385512
qvarma,84,0,200,8,200,17,3808.3,666,0.01403909278,0.007433229073,0.001345062686,0.1628359476,0.8599665345,0.3827963444,0.7231722907
qvarma,85,0,200,8,200,9,3909.7,799,0.01050470306,0.0006011150427,0.0002778828273,0.4284547703,0.7000571672,0.6301630379,0.6134355747
qvarma,86,0,200,8,200,14,3892.1,77,0.01587579692,0.007276740797,0.002085152877,0.1861088743,0.8430929248,0.3476694928,0.742021694
qvarma,87,0,200,8,200,10,3919.9,647,0.007860224215,0.002498835625,0.0003650592002,0.1572411061,0.8641241611,0.4113895783,0.7085215984
qvarma,88,0,200,8,200,31,3674.5,745,0.00852531295,0.006362601887,0.0004435542289,0.1068791411,0.9034410017,0.4047967044,0.7118467725
qvarma,89,0,200,8,200,18,3832.9,637,0.146964316,0.01688755575,0.007990287112,1.130911186,0.469282815,1.644109373,0.3781991813
qvarma,90,0,200,8,200,40,3540.7,799,0.007799717528,0.0004216975148,0.0002382700502,0.3798204587,0.7247319705,0.5052940061,0.66432205
qvarma,91,0,200,8,200,26,3762.2,249,0.01238991356,0.000693426455,0.0005695596295,0.4705091496,0.6800365712,0.5191569556,0.6582598304
qvarma,92,0,200,8,200,14,3882.6,672,0.07275490578,0.001492498561,0.06910927693,1.883238491,0.3468322177,0.2767541284,0.7832361594
qvarma,93,0,200,8,200,17,3871.9,223,0.009472620281,0.009220459074,0.0004990358859,0.09864926556,0.910208591,0.4240374752,0.7022287105
qvarma,94,0,200,8,200,16,3859.3,24,0.01140074605,0.001550131509,0.0006846273688,0.2895669554,0.7754541133,0.4357186442,0.6965152985
qvarma,95,0,200,8,200,13,3937.6,80,0.0450360258,0.003977877031,0.0007987666077,0.7140594688,0.5834103298,1.593492812,0.3855804016
qvarma,96,0,200,8,200,18,3829.7,996,0.01780584773,0.007931548569,0.002784198993,0.1999326218,0.8333801264,0.3374523983,0.7476901617
qvarma,97,0,200,8,200,4,3930.6,782,0.008735170506,0.003668510686,0.0002439049404,0.1442203325,0.8739575514,0.5593209518,0.6413047929
qvarma,98,0,200,8,200,7,3929.5,189,0.008066207103,0.0004320305508,0.0002460085064,0.3880718483,0.7204238031,0.5142736897,0.6603826024
qvarma,99,0,200,8,200,8,3939.7,666,0.01101211453,0.001830664788,0.0008443572044,0.2573749679,0.795307705,0.3789724269,0.7251776616
qvarma,100,0,200,8,200,49,3536.8,642,0.01533761572,0.001720802408,0.001110221557,0.3697365205,0.7300674144,0.4603127714,0.6847848075
qvarma,101,0,200,8,200,46,3525.5,78,0.02753206706,0.0008721780839,0.001512913897,0.932258247,0.5175291665,0.7078344775,0.5855368381
qvarma,102,0,200,8,200,34,3609.9,534,0.01414877114,0.001650656358,0.001272704663,0.3482494084,0.741702532,0.3966020038,0.7160236039
qvarma,103,0,200,8,200,30,3687.1,103,0.007920554091,0.0003945860092,0.0006772821557,0.3987353345,0.7149315352,0.304348207,0.7666664428
qvarma,104,0,200,8,200,3,3978.8,693,0.01302007318,0.0119091219,0.0005867058823,0.1193090959,0.8934082673,0.5375306144,0.6503935536
qvarma,105,0,200,8,200,37,3623.8,374,0.03160979282,0.001642406014,0.00399922112,0.779976263,0.5618052447,0.4998433755,0.6667362848
qvarma,106,0,200,8,200,15,3883.3,634,0.01057218145,0.00168055152,0.0005245627534,0.2578924885,0.7949805005,0.4616000883,0.6841816774
qvarma,107,0,200,8,200,83,3100.2,320,0.02121178815,0.0009040318437,0.001247036108,0.7054811543,0.5863447963,0.6006725237,0.6247374058
qvarma,108,0,200,8,200,37,3557.0,791,0.02658790137,0.00750615026,0.001978437255,0.3068848379,0.7651783623,0.5977545882,0.6258783466
qvarma,109,0,200,8,200,36,3601.8,509,0.01271312612,0.002346716279,0.001238526776,0.2624351859,0.7921198737,0.3612431789,0.7346225976
qvarma,110,0,200,8,200,18,3825.0,704,0.01215619817,0.001822367634,0.000264782885,0.2847605182,0.7783551766,0.7470554122,0.5723916901
qvarma,111,0,200,8,200,10,3918.8,111,0.01162848097,0.003948694243,0.0008264482499,0.1850530439,0.8438440837,0.4044968597,0.711998744
qvarma,112,0,200,8,200,23,3870.0,523,0.01064265149,0.001385305867,0.0005141943344,0.2859413768,0.7776404259,0.4693385175,0.680578361
qvarma,113,0,200,8,200,28,3705.4,308,0.09145812417,0.001095190864,0.001169405147,2.763613996,0.2657020622,2.674482676,0.2721471532
qvarma,114,0,200,8,200,23,3743.0,704,0.01908505261,0.01603953851,0.004877630209,0.1506945088,0.8690403859,0.2732680927,0.785380554
qvarma,115,0,200,8,200,21,3785.2,656,0.01132415439,0.009187463865,0.001390747247,0.1181429905,0.8943399981,0.3036558675,0.7670736004
qvarma,116,0,200,8,200,3,3967.6,189,0.00817668432,0.003256722013,0.0004055587025,0.1432804333,0.8746760382,0.4060227503,0.7112260451
qvarma,117,0,200,8,200,37,3631.5,850,0.009059220179,0.0007649696697,0.0005114655901,0.32754329,0.7532711042,0.4005738592,0.7139930489
qvarma,118,0,200,8,200,51,3518.2,335,0.01224944548,0.003542223153,0.001508842792,0.2058156857,0.8293141413,0.31535116,0.7602532544
qvarma,119,0,200,8,200,18,3846.2,189,0.0107613958,0.004434525314,0.0008210662941,0.161601369,0.8608805281,0.3755601405,0.7269765753
qvarma,120,0,200,8,200,17,3856.7,403,0.01374407633,0.001940336624,0.000592589081,0.3120161099,0.7621857632,0.5645972207,0.6391421299
qvarma,121,0,200,8,200,29,3721.4,702,0.01112921713,0.001146564848,0.001082214673,0.3286739651,0.7526300855,0.3383046028,0.7472140482
qvarma,122,0,200,8,200,17,3793.2,809,0.01341400101,0.007200521355,0.0008516419989,0.1580797947,0.863498357,0.4596526829,0.6850944829
qvarma,123,0,200,8,200,48,3504.4,724,0.01237439511,0.002162557079,0.0008260612078,0.2660971292,0.7898288188,0.4305443206,0.6990346161
qvarma,124,0,200,8,200,3,3963.8,704,0.01601225389,0.0007749408942,0.0003988169891,0.5751990736,0.6348403937,0.801799244,0.5550007879
qvarma,125,0,200,8,200,18,3378.9,534,0.01450310739,0.002511053191,0.001082500271,0.2894230438,0.7755406612,0.440805552,0.6940561817
qvarma,126,0,200,8,200,6,3906.9,169,0.009058822563,0.002253082208,0.0005586096913,0.1908460757,0.8397390901,0.3832812023,0.7229188095
qvarma,127,0,200,8,200,18,3870.4,536,0.01227885037,0.003782257877,0.0005541017692,0.1996558957,0.8335723632,0.5216304541,0.6571897909
qvarma,128,0,200,8,200,32,3674.0,331,0.01687720383,0.002671059537,0.0006239073416,0.3265567847,0.7538312808,0.6756790407,0.5967729951
qvarma,129,0,200,8,200,17,3825.1,924,0.01553060051,0.005343871752,0.0004826372307,0.212451712,0.8247751148,0.7069323215,0.5858463089
qvarma,130,0,200,8,200,18,3816.4,768,0.0149853321,0.001323512361,0.000483110142,0.4119100338,0.7082604246,0.6817784892,0.594608628
qvarma,131,0,200,8,200,41,3561.7,934,0.02148258417,0.001123552468,0.001163660302,0.6408993676,0.6094218937,0.6297575933,0.6135881828
qvarma,132,0,200,8,200,4,3951.8,77,0.0101958913,0.006162610135,0.0005432180682,0.1298801704,0.8850496063,0.4374597429,0.6956716562
qvarma,133,0,200,8,200,46,3503.3,379,0.01823122247,0.001088886413,0.0005953436903,0.5524901012,0.6441264902,0.7471914834,0.5723471122
qvarma,134,0,200,8,200,6,3969.0,134,0.007413720019,0.0003358746265,0.0001772964996,0.4045270641,0.7119834324,0.556783171,0.642350212
qvarma,135,0,200,8,200,13,3786.6,249,0.01448677619,0.001289640628,0.0006019470618,0.4034013966,0.7125545139,0.5904628809,0.6287477765
qvarma,136,0,200,8,200,50,3533.2,422,0.01819026924,0.002397625394,0.00148970162,0.3714911417,0.7291334006,0.4712913645,0.6796750284
qvarma,137,0,200,8,200,59,3392.5,233,0.01086274642,0.003111150497,0.00137180611,0.1947507467,0.8369946642,0.2932873119,0.7732233904
qvarma,138,0,200,8,200,8,3906.3,621,0.01236484183,0.005481006886,0.0005704982609,0.1670161205,0.8568861925,0.5176800191,0.6589004187
qvarma,139,0,200,8,200,3,3995.7,139,0.00765921564,0.0003009192902,0.0001444256729,0.4415290497,0.6937078377,0.6373266766,0.6107516687
qvarma,140,0,200,8,200,118,2474.7,308,0.08702903457,0.01122531011,0.008660693992,0.8214194688,0.5490223516,0.9351640839,0.5167520462
qvarma,141,0,200,8,200,22,3748.0,504,0.008817092116,0.00252681556,0.0004190739259,0.1754036421,0.8507715683,0.4307051431,0.6989560391
qvarma,142,0,200,8,200,25,3696.7,642,0.01837448798,0.001691912572,0.001148426374,0.4467106301,0.6912232337,0.542205186,0.6484221484
qvarma,143,0,200,8,200,19,3779.9,223,0.01163418936,0.003857408137,0.001836995534,0.1873218042,0.8422316481,0.2714451447,0.7865066017
qvarma,144,0,200,8,200,9,3865.5,850,0.01380721274,0.009506264212,0.000796584636,0.1416123325,0.8759540971,0.489204061,0.6714996461
qvarma,145,0,200,8,200,14,3889.5,533,0.01366224954,0.00150628203,0.0007763174486,0.3520214001,0.7396332631,0.4903458902,0.6709851764
qvarma,146,0,200,8,200,39,3616.3,996,0.01352832343,0.003282128224,0.0008677598922,0.2361381768,0.8089710509,0.4592447403,0.6852860061
qvarma,147,0,200,8,200,22,3775.1,351,0.01596645359,0.001448817095,0.0008197847661,0.4194707496,0.7044879229,0.5576459355,0.6419944207
qvarma,148,0,200,8,200,33,3718.3,320,0.02393558692,0.001644401637,0.001086252198,0.5902556202,0.6288297223,0.7262376283,0.579294521
qvarma,149,0,200,8,200,22,3807.9,624,0.0136957705,0.008122383696,0.001595808557,0.1519654006,0.8680816277,0.3428436225,0.7446883489
qvarma,150,0,200,8,200,13,3880.3,782,0.007211968599,0.004730752213,0.0004116460769,0.1048548991,0.9050962265,0.3554609005,0.7377564337
qvarma,151,0,200,8,200,21,3680.0,791,0.02700990353,0.004683879464,0.002536792955,0.3946573341,0.7170220065,0.5362663193,0.6509288054
qvarma,152,0,200,8,200,7,3953.9,335,0.01611895108,0.002943816984,0.000696527754,0.2970854442,0.7709592336,0.6107557498,0.6208265903
qvarma,153,0,200,8,200,17,3764.5,704,0.01294920456,0.01308159571,0.001550733575,0.1132172834,0.8982972281,0.32883232,0.7525403958
qvarma,154,0,200,8,200,34,3622.2,657,0.01304730249,0.005374728778,0.002928563027,0.1779682191,0.8489193374,0.2410979089,0.8057382039
qvarma,155,0,200,8,200,42,3531.8,505,0.01139402401,0.001293032467,0.001157087113,0.3168636462,0.7593800641,0.3349608901,0.7490856155
qvarma,156,0,200,8,200,12,3883.2,505,0.02564259621,0.0008310589949,0.0003568169486,0.8895002335,0.5292404744,1.357498181,0.4241784822
qvarma,157,0,200,8,200,28,3779.6,914,0.01781410301,0.001969286036,0.0007814478048,0.4014297534,0.7135569925,0.6372560562,0.6107780125
qvarma,158,0,200,8,200,44,3604.9,124,0.01536452231,0.01372033984,0.004688204431,0.1311706372,0.8840399204,0.2243963518,0.8167289935
qvarma,159,0,200,8,200,8,3927.9,947,0.009389149654,0.002054343447,0.0002925687118,0.2071522886,0.8283958945,0.5489241292,0.6456094144
qvarma,160,0,200,8,200,6,3951.4,621,0.01384490978,0.007081029577,0.0005347388025,0.1645287984,0.8587164194,0.5987138165,0.6255028196
qvarma,161,0,200,8,200,36,3630.2,994,0.0282808343,0.001696977337,0.001685639814,0.6865215843,0.5929363782,0.6888264688,0.5921271477
qvarma,162,0,200,8,200,28,3728.9,850,0.01205020735,0.002125225302,0.001038351817,0.2613918431,0.7927750647,0.3739575074,0.7278245467
qvarma,163,0,200,8,200,36,3664.7,504,0.01212264938,0.01058429357,0.00153560129,0.1178329107,0.8945880824,0.3093558337,0.7637343297
qvarma,164,0,200,8,200,26,3748.2,77,0.009478927272,0.005319513448,0.0009373169288,0.1299640497,0.8849839075,0.3096106996,0.7635856979
qvarma,165,0,200,8,200,22,3746.3,935,0.01244430231,0.0004922211183,0.0003883640995,0.5609064467,0.6406533858,0.6314675161,0.6129450879
qvarma,166,0,200,8,200,40,3607.7,240,0.02085102452,0.002251886473,0.001067019192,0.439394031,0.6947367979,0.6383241616,0.6103798158
qvarma,167,0,200,8,200,43,3539.8,80,0.01483524537,0.002936762706,0.0007673485611,0.2737538941,0.785081015,0.5355479883,0.6512333106
qvarma,168,0,200,8,200,24,3772.2,58,0.006990011869,0.0008520832602,0.0001146867269,0.2394621605,0.8068015563,0.6527116044,0.6050662422
qvarma,169,0,200,8,200,13,3855.3,169,0.008442253659,0.0007341175736,0.0009927756214,0.3115843145,0.7624366874,0.2679370953,0.7886826592
qvarma,170,0,200,8,200,45,3581.9,642,0.01537126341,0.002468333285,0.001434965074,0.3093909921,0.7637138227,0.4057783759,0.7113496816
qvarma,171,0,200,8,200,6,3964.2,647,0.01161128258,0.001370751121,0.0003239875953,0.3136179341,0.7612563547,0.6450836034,0.6078718418
qvarma,172,0,200,8,200,48,3486.7,191,0.01293164592,0.0006570910775,0.0008451302184,0.5044765922,0.6646829902,0.44482787,0.6921239691
qvarma,173,0,200,8,200,60,3385.9,498,0.01696979855,0.001192784772,0.004671744006,0.4913552988,0.6705310269,0.2482773883,0.8011039929
qvarma,174,0,200,8,200,26,3715.9,505,0.01100053024,0.003131326315,0.0006908417954,0.1965845829,0.8357119207,0.4185278063,0.7049562198
qvarma,175,0,200,8,200,29,3725.5,935,0.01161307097,0.001908969683,0.0006885441462,0.2657954636,0.7900170515,0.4425691984,0.6932076472
qvarma,176,0,200,8,200,43,3489.1,454,0.03392332598,0.005825633526,0.0457705128,0.4444540267,0.6923030997,0.1585643445,0.8631372135
qvarma,177,0,200,8,200,21,3810.1,272,0.01478135872,0.008152961626,0.0005099537795,0.1637030073,0.8593257848,0.6545592271,0.6043905734
qvarma,178,0,200,8,200,12,3891.4,382,0.01087817657,0.001363520907,0.0007798272299,0.2945948858,0.772442415,0.3895443467,0.719660371
qvarma,179,0,200,8,200,32,3664.2,519,0.01115439113,0.001628436921,0.00104239291,0.2764142311,0.7834447279,0.3454857544,0.7432260035
qvarma,180,0,200,8,200,40,3548.5,337,0.01257376038,0.002007308774,0.001174903442,0.2806455034,0.7808562146,0.366829363,0.7316202206
qvarma,181,0,200,8,200,27,3711.1,382,0.01131524683,0.00357611951,0.0009337902329,0.1892160709,0.8408900825,0.3702877702,0.7297737174
qvarma,182,0,200,8,200,67,3170.9,289,0.02295055557,0.007314550878,0.003331324103,0.2683486227,0.7884267639,0.3976351422,0.7154943159
qvarma,183,0,200,8,200,36,3597.3,934,0.01286786507,0.0006409838723,0.0004681938123,0.5082565066,0.6630171961,0.594694146,0.6270794951
qvarma,184,0,200,8,200,7,3914.9,924,0.01050426116,0.00116129037,0.0003730073478,0.3082443312,0.764383209,0.5438846692,0.6477167757
qvarma,185,0,200,8,200,3,3942.4,741,0.007546748802,0.0008118904039,0.0003001784914,0.2648568383,0.7906033076,0.435582185,0.6965815057
qvarma,186,0,200,8,200,21,3819.2,127,0.02021654413,0.004906613353,0.0005795665774,0.2886130736,0.7760281348,0.8397601309,0.5435491199
qvarma,187,0,200,8,200,29,3722.3,741,0.008931951811,0.0008919685874,0.0007226531377,0.2990691327,0.769781973,0.3322625739,0.7506027863
qvarma,188,0,200,8,200,46,3582.8,169,0.01288625027,0.00518756036,0.002566500145,0.1789142698,0.8482380998,0.2543641577,0.7972166566
qvarma,189,0,200,8,200,24,3735.0,189,0.007466968284,0.0003618082364,0.0007511738405,0.3925591296,0.7181023618,0.2724420121,0.78589043
qvarma,190,0,200,8,200,10,3915.7,704,0.01156812586,0.002619390984,0.0003539680206,0.2260283116,0.8156418498,0.6148667259,0.6192461483
qvarma,191,0,200,8,200,11,3896.5,191,0.009389944331,0.0004385405951,0.0002966716575,0.4483922697,0.6904206967,0.5451612624,0.6471816401
qvarma,192,0,200,8,200,44,3484.0,505,0.01189043054,0.0006016310101,0.0005465082645,0.4847663589,0.6735066389,0.508626769,0.6628544717
qvarma,193,0,200,8,200,40,3551.9,498,0.01972789498,0.001355341295,0.001659780864,0.5358662584,0.6510983587,0.4842341015,0.6737481635
qvarma,194,0,200,8,200,17,3837.6,536,0.01574760171,0.004952189696,0.000953974405,0.2237771745,0.8171422223,0.5098542698,0.6623155758
qvarma,195,0,200,8,200,17,3834.2,536,0.01399913558,0.004423945759,0.00216001941,0.2104729668,0.8261233645,0.3012120853,0.7685142271
qvarma,196,0,200,8,200,41,3510.7,505,0.01135658173,0.0009145633656,0.0008914157904,0.3755266217,0.7269942902,0.3803710622,0.7244428889
qvarma,197,0,200,8,200,53,3496.6,505,0.01733363441,0.001804827702,0.0006576259102,0.4080108933,0.7102217779,0.6759275911,0.59668449
qvarma,198,0,200,8,200,6,3954.0,504,0.009999825466,0.00317711217,0.0005374254242,0.1774092034,0.8493223911,0.4313534899,0.6986394396
qvarma,199,0,200,8,200,3,3974.8,199,0.0159812327,0.005020571923,0.0008850559747,0.2255452466,0.8159633459,0.5371862727,0.6505392468
qvarma,200,0,200,8,200,17,3824.7,202,0.02936154089,0.001320313636,0.0009819568152,0.8080538229,0.5530808803,0.9369850233,0.5162662529
qvarma,201,0,200,8,200,9,3922.4,629,0.01661341467,0.003305737661,0.0008653312738,0.2889513397,0.7758244778,0.56476491,0.6390736357
qvarma,202,0,200,8,200,87,2756.9,202,0.02575599681,0.001324894963,0.002012089424,0.7075996968,0.5856173446,0.5741888086,0.6352478143
qvarma,203,0,200,8,200,5,3922.3,272,0.01442528056,0.003359243052,0.0006654107173,0.248887769,0.8007124618,0.559215722,0.6413480738
qvarma,204,0,200,8,200,23,3623.8,236,0.01126966942,0.001024355213,0.000966578828,0.3521161023,0.7395814592,0.362487085,0.7339519112
qvarma,205,0,200,8,200,17,3868.2,205,0.01133000109,0.000560396351,0.0003585306939,0.4786105883,0.6763105904,0.5983658243,0.6256390025
qvarma,206,0,200,8,200,16,3890.1,58,0.009261431814,0.0007869767655,0.0001765714778,0.3301392637,0.7518009785,0.6969760547,0.5892835065
qvarma,207,0,200,8,200,31,3665.3,914,0.01897539506,0.005144119095,0.001359227802,0.2645667846,0.7907846483,0.5146887812,0.6602016285
qvarma,208,0,200,8,200,14,3846.1,653,0.01174665915,0.01158062001,0.002834437017,0.1091562133,0.9015862581,0.2206383299,0.8192434855
qvarma,209,0,200,8,200,13,3871.6,799,0.008551823423,0.000712375234,0.0002002182673,0.3204087139,0.7573412607,0.6043755348,0.6232954681
qvarma,210,0,200,8,200,63,3343.2,908,0.01311251457,0.0004507681942,0.0003683811136,0.6176029351,0.6181986805,0.6831834004,0.594112323
qvarma,211,0,200,8,200,14,3927.5,554,0.007578327983,0.0007750414661,0.0002272381907,0.272214295,0.7860310986,0.5027276081,0.6654565968
qvarma,212,0,200,8,200,12,3892.8,666,0.01333823398,0.0019010709,0.001136093943,0.3059138745,0.7657472821,0.3957229239,0.7164745831
qvarma,213,0,200,8,200,45,3540.5,54,0.02219407016,0.001886933525,0.001322819589,0.5109267655,0.6618454467,0.6102202926,0.6210330379
qvarma,214,0,200,8,200,22,3777.2,80,0.02054970403,0.0036719758,0.0006954311621,0.3391217667,0.7467580804,0.7792530263,0.5620336092
qvarma,215,0,200,8,200,7,3913.3,315,0.01413140865,0.005045662092,0.0001868218953,0.1989419517,0.8340687375,1.033883415,0.4916702662
qvarma,216,0,200,8,200,31,3773.5,346,0.01952258003,0.003108192588,0.002219899659,0.3501734795,0.7406455653,0.4143530496,0.7070370444
qvarma,217,0,200,8,200,54,3358.5,98,0.03940029836,0.01506398641,0.002847657602,0.3210181244,0.7569918849,0.7383386888,0.5752618903
qvarma,218,0,200,8,200,35,3671.3,202,0.0191359892,0.0008832765796,0.0006493448133,0.6438764778,0.6083182122,0.7509538173,0.5711172906
qvarma,219,0,200,8,200,37,3606.6,745,0.01025100338,0.0005179260326,0.01480043451,0.4504353915,0.6894481518,0.08426149183,0.9222867431
qvarma,220,0,200,8,200,45,3495.6,659,0.02110034512,0.0009841731695,0.001090264634,0.6725952535,0.5978732738,0.6390334568,0.6101156726
qvarma,221,0,200,8,200,16,3825.5,346,0.01986825437,0.0056982357,0.001249368886,0.2632021951,0.791638903,0.5621010137,0.6401634665
qvarma,222,0,200,8,200,33,3720.1,647,0.01105454814,0.008343278186,0.001421119717,0.121024315,0.8920413114,0.2932416556,0.7732506881
qvarma,223,0,200,8,200,6,3936.6,819,0.01295420035,0.002051799189,0.0002276070992,0.2859849525,0.7776140756,0.8586530317,0.538024033
qvarma,224,0,200,8,200,50,3490.7,678,0.01013353485,0.002417760167,0.002894598849,0.2060887838,0.8291263574,0.188350498,0.8415025716
qvarma,225,0,200,8,200,19,3827.8,814,0.01178764879,0.004959012476,0.0002478156825,0.16739003,0.8566117358,0.7487947564,0.5718223916
qvarma,226,0,200,8,200,23,3839.6,505,0.0119016286,0.0006786155143,0.0002747099604,0.4568719569,0.6864021202,0.7180739808,0.5820471127
qvarma,227,0,200,8,200,79,3212.2,875,0.01596649389,0.001280872968,0.002924304227,0.4461249672,0.6915031707,0.2952556949,0.7720483329
qvarma,228,0,200,8,200,0,4000.0,782,0.01118604298,0.002637850391,0.0003089125616,0.2177967543,0.8211550872,0.6364418058,0.6110819196
qvarma,229,0,200,8,200,10,3936.8,58,0.01136333551,0.001466224129,0.0002501939486,0.2967601956,0.7711526028,0.7184018285,0.5819360661
qvarma,230,0,200,8,200,36,1794.7,315,0.01958506594,0.008309583105,0.00705593025,0.2148500308,0.8231468697,0.2331566993,0.8109269492
qvarma,231,0,200,8,200,32,3695.5,620,0.01258423506,0.0007895171876,0.0006696287519,0.4478638688,0.6906726672,0.4863061653,0.6728088892
qvarma,232,0,200,8,200,21,3812.1,523,0.01037170602,0.001970256189,0.0003771626056,0.2336624081,0.8105945301,0.5340548762,0.651867163
qvarma,233,0,200,8,200,44,3506.1,799,0.009022911091,0.0003533333924,0.0003270673738,0.4800144778,0.6756690661,0.4989167287,0.6671484685
qvarma,234,0,200,8,200,23,3729.7,629,0.01478013156,0.006842796258,0.005669442022,0.1786740556,0.848410971,0.1962945042,0.8359145649
qvarma,235,0,200,8,200,28,3656.2,98,0.01222981479,0.009401390151,0.001083098964,0.1261315818,0.887995698,0.371608646,0.7290709365
qvarma,236,0,200,8,200,4,3947.3,536,0.01259748881,0.001255050402,0.0007616710258,0.3555931593,0.7376844543,0.4564574121,0.6865974877
qvarma,237,0,200,8,200,5,3965.8,795,0.01020671865,0.00337171937,0.0002059096088,0.1757763464,0.8505018859,0.7112918569,0.5843538587
qvarma,238,0,200,8,200,13,3831.5,799,0.007432644468,0.001046904065,0.0004291122019,0.229715297,0.8131963573,0.3588045381,0.7359410216
qvarma,239,0,200,8,200,41,3625.8,1,0.008579272553,0.002049662275,0.0009672765259,0.1895000423,0.8406893354,0.2758513673,0.7837903581
qvarma,240,0,200,8,200,24,3758.4,791,0.0228422448,0.0006993451069,0.0007157452308,0.8637598466,0.5365498145,0.8538066835,0.5394305722
qvarma,241,0,200,8,200,20,3833.4,478,0.01479565505,0.001585683835,0.0008054298643,0.3715573853,0.7290981848,0.5213391424,0.6573156321
qvarma,242,0,200,8,200,78,3142.7,124,0.008891673497,0.002693370164,0.01207832092,0.1713308165,0.8537297798,0.08090590584,0.9251499086
qvarma,243,0,200,8,200,2,3903.3,672,0.01615839828,0.007933770055,0.001028881853,0.1814088641,0.8464470095,0.5037505751,0.665003902
qvarma,244,0,200,8,200,27,3740.1,908,0.01369849458,0.002816899313,0.0009023729688,0.2580995101,0.7948496855,0.4560157089,0.6868057768
qvarma,245,0,200,8,200,40,3573.0,656,0.01057322171,0.004337417579,0.0007800262034,0.1605431283,0.8616655216,0.3785757078,0.7253863494
qvarma,246,0,200,8,200,32,3653.8,505,0.02217540536,0.003020411891,0.001513856025,0.4034953012,0.7125068385,0.569940187,0.636966942
qvarma,247,0,200,8,200,22,3781.3,741,0.01287656254,0.002714688259,0.0004864290689,0.2471382455,0.8018357256,0.5838350734,0.6313788707
qvarma,248,0,200,8,200,11,3856.8,124,0.008175871374,0.002666662201,0.0006307760008,0.1583252009,0.8633154137,0.3255340862,0.7544128894
qvarma,249,0,200,8,200,19,3788.9,249,0.01196251569,0.0002730231321,0.0002949513673,0.723973714,0.5800552479,0.6965420079,0.58943427
qvarma,250,0,200,8,200,47,3481.6,219,0.02537934658,0.002035485095,0.001009150716,0.5625310164,0.6399872959,0.7989183937,0.5558895854
qvarma,251,0,200,8,200,2,3982.6,77,0.009698426363,0.005633391441,0.0004200736096,0.1292160045,0.885570162,0.4731932854,0.6787975549
qvarma,252,0,200,8,200,28,3681.1,249,0.01273074967,0.00108504589,0.0008713513082,0.3864825815,0.7212495947,0.4312780297,0.6986762734
qvarma,253,0,200,8,200,8,3940.3,80,0.0324437522,0.003239511572,0.0004151498617,0.5700215935,0.6369339149,1.592313682,0.3857557852
qvarma,254,0,200,8,200,0,3993.7,82,0.02286758622,0.006050747258,0.0008049984282,0.2939786687,0.7728102666,0.8059772977,0.5537168165
qvarma,255,0,200,8,200,26,3740.3,498,0.02004610201,0.001635475485,0.00220355342,0.4956874424,0.6685888854,0.4270395948,0.7007514043
qvarma,256,0,200,8,200,12,3942.7,169,0.009033217054,0.002459211008,0.0004817169562,0.1821564478,0.845911725,0.4115726233,0.7084297212
qvarma,257,0,200,8,200,26,3728.5,924,0.01091886552,0.001211709643,0.0005097102771,0.3136737927,0.7612239854,0.4836328835,0.6740211889
qvarma,258,0,200,8,200,49,3491.5,799,0.03208557686,0.004460460788,0.0009859872441,0.4804187942,0.6754845344,1.021819541,0.4946039842
qvarma,259,0,200,8,200,1,3993.8,693,0.009844525333,0.0006864351112,0.0001529666087,0.3757465797,0.7268780564,0.7959695641,0.5568023089
qvarma,260,0,200,8,200,41,3549.1,875,0.01288626113,0.002919337516,0.004292140914,0.2384980176,0.8074296331,0.1966934699,0.8356358793
qvarma,261,0,200,8,200,20,3787.6,919,0.009055190332,0.0003805220754,0.0001579436305,0.4642026922,0.6829655521,0.720520804,0.5812193597
qvarma,262,0,200,8,200,18,3828.9,799,0.008906269403,0.0005899970886,0.0003614504708,0.3666662134,0.7317075598,0.4684588311,0.6809860643
qvarma,263,0,200,8,200,21,3828.5,627,0.01382272116,0.002885515175,0.0009262847699,0.2573249316,0.7953393549,0.4541729719,0.6876761013
qvarma,264,0,200,8,200,33,3628.5,189,0.009677352606,0.0005631057913,0.009317806368,0.407813472,0.7103213742,0.1002535419,0.9088814186
qvarma,265,0,200,8,200,23,3747.8,806,0.01304242733,0.003255666745,0.00135739885,0.2285801187,0.813947731,0.3540011616,0.7385518036
qvarma,266,0,200,8,200,14,3868.9,657,0.01509586039,0.006936012059,0.003519829814,0.1812604071,0.8465533883,0.2544468261,0.7971641198
qvarma,267,0,200,8,200,15,3876.4,331,0.01926619979,0.001977282689,0.000471090219,0.4332730512,0.6977037622,0.8876546162,0.5297579289
qvarma,268,0,200,8,200,54,3388.5,745,0.01051950081,0.0008281011554,0.000444992728,0.3655555956,0.7323026636,0.4986762379,0.667255525
qvarma,269,0,200,8,200,23,3791.4,627,0.02479250532,0.001720358951,0.0006968780479,0.5977380183,0.6258848375,0.9391652675,0.515685804
qvarma,270,0,200,8,200,19,3766.2,603,0.01396829573,0.002601095067,0.0008222611331,0.2738831464,0.7850013581,0.4871228926,0.6724393828
qvarma,271,0,200,8,200,27,3789.2,505,0.01450121602,0.002526771651,0.0005535074424,0.2884837962,0.776105996,0.6163716992,0.6186695799
qvarma,272,0,200,8,200,1,3962.4,124,0.009261727532,0.004240357049,0.0005515556186,0.1422298615,0.8754805261,0.3943640735,0.7171728094
qvarma,273,0,200,8,200,3,3943.9,947,0.007092872572,0.0006119883388,0.000178806497,0.286715112,0.7771728106,0.5304329693,0.6534098651
qvarma,274,0,200,8,200,29,3728.0,165,0.01566064619,0.001747771208,0.0008902446166,0.3745996676,0.727484535,0.5248739271,0.6557919197
qvarma,275,0,200,8,200,37,3625.7,58,0.00878120883,0.001380853048,0.0004187239587,0.2363091696,0.8088591629,0.4291315051,0.6997256701
qvarma,276,0,200,8,200,10,3902.7,58,0.0085832739,0.004571099113,0.000355269009,0.1269529078,0.8873485246,0.4553803737,0.6871055966
qvarma,277,0,200,8,200,40,3590.0,875,0.0141242717,0.002526355569,0.001796061009,0.2810080918,0.7806351938,0.3332771362,0.7500316122
qvarma,278,0,200,8,200,35,3576.2,656,0.009237588146,0.005848755392,0.0003825780055,0.1207888555,0.8922287147,0.4722789578,0.6792191077
qvarma,279,0,200,8,200,21,3815.8,124,0.01254160729,0.01033569814,0.001071363675,0.1233625362,0.8901845734,0.3831640359,0.7229800472
qvarma,280,0,200,8,200,55,3371.1,799,0.01946221409,0.002143949767,0.001252111112,0.4203247301,0.7040643444,0.550010285,0.6451570094
qvarma,281,0,200,8,200,22,3814.9,502,0.02217245615,0.001747351047,0.0003782843179,0.5304246792,0.6534134045,1.139999434,0.4672898431
qvarma,282,0,200,8,200,12,3856.3,745,0.01114469491,0.0008875767151,0.0002776914025,0.3740806412,0.7277593251,0.6687856825,0.599238123
qvarma,283,0,200,8,200,18,3839.3,203,0.01326864901,0.005619978947,0.001423959643,0.1769943331,0.8496217627,0.3516234782,0.7398510134
qvarma,284,0,200,8,200,19,3773.1,189,0.0140807373,0.005012282176,0.0006776557283,0.1988875692,0.8341065715,0.5409048047,0.6489693568
qvarma,285,0,200,8,200,45,3499.2,702,0.01083673186,0.0007357641787,0.0008928795219,0.3995112446,0.7145351664,0.3626618697,0.7338577693
qvarma,286,0,200,8,200,15,3808.8,767,0.01350743529,0.01075880957,0.0006940615488,0.1302239263,0.8847804198,0.5127124969,0.6610641494
qvarma,287,0,200,8,200,18,3835.7,504,0.01472200072,0.005249978382,0.0008551928881,0.2031833316,0.8311285353,0.5034250181,0.6651479043
qvarma,288,0,200,8,200,47,3498.8,505,0.01456450989,0.004000791539,0.000701027166,0.2302623397,0.8128347652,0.5500832879,0.645126625
qvarma,289,0,200,8,200,44,3469.0,320,0.01854222577,0.001472706375,0.00150568979,0.4831742502,0.6742296125,0.4778527746,0.6766573892
qvarma,290,0,200,8,200,20,3797.2,823,0.0204534571,0.009781793984,0.001212767189,0.2068033018,0.8286354525,0.5873243474,0.6299909666
qvarma,291,0,200,8,200,35,3533.9,704,0.01807141432,0.01543874567,0.002373347773,0.1454407604,0.8730263795,0.3709466492,0.7294229871
qvarma,292,0,200,8,200,31,3708.8,934,0.0146924464,0.002844014166,0.001051097665,0.2755042085,0.7840036852,0.4531819245,0.6881450857
qvarma,293,0,200,8,200,16,3886.1,799,0.01097031024,0.005661845868,0.0002672368097,0.1457940795,0.8727571715,0.6710745523,0.5984173468
qvarma,294,0,200,8,200,25,3809.1,799,0.01384638406,0.005958380588,0.0003369092249,0.1793792705,0.84790366,0.7543622067,0.5700077191
qvarma,295,0,200,8,200,68,3166.3,98,0.02799279395,0.005436391362,0.002514514307,0.3796565444,0.7248180745,0.5582377374,0.6417505981
qvarma,296,0,200,8,200,30,3762.2,996,0.01291549025,0.006687905082,0.001606190855,0.1579304401,0.8636097346,0.3222643919,0.756278401
qvarma,297,0,200,8,200,19,3772.6,505,0.01157897649,0.0007509752898,0.0003796789788,0.4225298043,0.702972969,0.5942400187,0.6272581219
qvarma,298,0,200,8,200,18,3895.4,554,0.00709844295,0.001090763199,0.0002756318222,0.2149304054,0.8230924138,0.4275613288,0.7004952991
qvarma,299,0,200,8,200,38,3529.3,634,0.01060014987,0.0007180915756,0.0008123074185,0.3955688545,0.7165536811,0.3719219377,0.728904446
qvarma,300,0,200,8,200,2,3990.3,77,0.01135082651,0.00908907638,0.0005135840145,0.1190604746,0.8936067556,0.5008662136,0.666281905
qvarma,301,0,200,8,200,15,3829.1,98,0.01178604778,0.004361862579,0.001094929251,0.1784564329,0.848567645,0.3561846246,0.7373627321
qvarma,302,0,200,8,200,29,3695.8,934,0.01445606709,0.0007713424282,0.001071214319,0.5205069644,0.6576753829,0.4416843084,0.6936331305
qvarma,303,0,200,8,200,6,3864.0,693,0.008336342176,0.0009924634789,0.0002218677881,0.2646173192,0.7907530482,0.5596653319,0.6411631903
qvarma,304,0,200,8,200,32,3702.2,58,0.009027672672,0.0005906127512,0.0001691431342,0.3714705548,0.7291443455,0.6941424703,0.5902691288
qvarma,305,0,200,8,200,12,3877.5,669,0.02581036109,0.02464586517,0.003496110888,0.1644076593,0.8588057559,0.4365173208,0.6961280491
qvarma,306,0,200,8,200,15,3876.7,647,0.01729715138,0.004383474806,0.0007509745931,0.2612554319,0.7928608073,0.6311926952,0.6130483559
qvarma,307,0,200,8,200,37,3647.1,830,0.01255422998,0.0006403313131,0.0003356705807,0.496121114,0.6683950856,0.6852253798,0.59339244
qvarma,308,0,200,8,200,18,3807.2,608,0.008704588392,0.005411654412,0.0006022630303,0.1183268252,0.8941929832,0.3546950578,0.7381735057
qvarma,309,0,200,8,200,8,3933.8,666,0.01005424867,0.003029526898,0.00078974223,0.1826678916,0.8455459112,0.3577724883,0.7365004142
qvarma,310,0,200,8,200,11,3905.6,505,0.00931930348,0.0009016307704,0.0002125197962,0.3103623934,0.7631476644,0.6392691685,0.6100279437
qvarma,311,0,200,8,200,18,3791.0,947,0.008003500353,0.002877151064,0.03667937359,0.1492102424,0.870162798,0.0417896769,0.9598866472
qvarma,312,0,200,8,200,66,3287.6,565,0.009709348893,0.001750314197,0.0005729504379,0.2320769987,0.8116375852,0.405631412,0.7114240557
qvarma,313,0,200,8,200,82,2824.8,18,0.04292228498,0.005084599643,0.005551857805,0.6019417304,0.6242424309,0.5760546233,0.6344957752
qvarma,314,0,200,8,200,18,3846.2,996,0.01189412751,0.00606840454,0.001333161451,0.1526846324,0.8675399775,0.3257550945,0.754287126
qvarma,315,0,200,8,200,32,3719.9,315,0.01436923126,0.006289561883,0.0008149121694,0.1811854576,0.8466071044,0.5033593414,0.6651769623
qvarma,316,0,200,8,200,61,3414.7,724,0.01593229235,0.003316977815,0.001520665214,0.276634909,0.7833093024,0.4085652836,0.7099422452
qvarma,317,0,200,8,200,40,3483.5,320,0.01556790915,0.001442658485,0.0009591312286,0.4098722552,0.7092841187,0.5026796138,0.6654778509
qvarma,318,0,200,8,200,23,3803.5,202,0.02823556108,0.001394831766,0.0006869938896,0.7560238695,0.5694683411,1.077258638,0.4814037029
qvarma,319,0,200,8,200,43,3613.4,828,0.01054660058,0.0007417466178,0.001099814639,0.3872440124,0.720853715,0.318018768,0.7587145375
qvarma,320,0,200,8,200,63,3259.1,642,0.01293130909,0.0004464647562,0.001416319711,0.6119964484,0.6203487613,0.3436068735,0.7442653202
qvarma,321,0,200,8,200,18,3848.9,346,0.01347660901,0.003077560947,0.0006080803817,0.2429278449,0.8045519328,0.5465125413,0.6466161595
qvarma,322,0,200,8,200,24,3751.7,666,0.01350002977,0.013596659,0.001428579926,0.115776022,0.8962372199,0.3571761524,0.7368240285
qvarma,323,0,200,8,200,7,3925.0,189,0.01145616919,0.002005668573,0.0008375381176,0.2558054742,0.7963016729,0.3958559054,0.7164063254
qvarma,324,0,200,8,200,39,3560.5,98,0.01490761983,0.01917732936,0.01376047527,0.1076500524,0.9028122175,0.1270842095,0.8872451513
qvarma,325,0,200,8,200,31,3690.3,562,0.01540129463,0.003668069692,0.0006284905926,0.2542953623,0.7972603822,0.6143386491,0.6194487139
qvarma,326,0,200,8,200,7,3949.1,308,0.04803673005,0.02549237282,0.00266277609,0.3008626704,0.7687206519,0.930906606,0.5178914386
qvarma,327,0,200,8,200,133,2250.8,202,0.05557174725,0.005715457301,0.004848570828,0.7350697648,0.5763457011,0.7980813824,0.5561483534
qvarma,328,0,200,8,200,6,3942.0,308,0.07005481369,0.005800743417,0.001028055691,0.9198058227,0.5208860126,2.184890426,0.3139825445
qvarma,329,0,200,8,200,23,3791.3,603,0.01368684284,0.0008809131526,0.0005597674493,0.4611441815,0.684395156,0.578494801,0.6335149152
qvarma,330,0,200,8,200,21,3816.8,746,0.01321422637,0.0008992007288,0.0003876746184,0.4406699307,0.6941215185,0.6711321724,0.5983967136
qvarma,331,0,200,8,200,55,3372.8,799,0.009285024746,0.001198728601,0.0006957350221,0.2681776815,0.7885330381,0.3520149699,0.7396367809
qvarma,332,0,200,8,200,20,3774.6,58,0.008391593115,0.001098623583,0.0003915234109,0.253174499,0.7979734672,0.4240973416,0.7021991902
qvarma,333,0,200,8,200,10,3884.1,799,0.02097766386,0.02146745169,0.002272509577,0.1431748956,0.8747567882,0.4400522654,0.6944192402
qvarma,334,0,200,8,200,45,3661.2,227,0.02595923978,0.004036873467,0.00135184663,0.4085727535,0.7099384803,0.7060382967,0.5861533132
qvarma,335,0,200,8,200,19,3536.6,335,0.01262321903,0.00199662371,0.000877427731,0.2825023116,0.7797256901,0.4261519105,0.7011875752
qvarma,336,0,200,8,200,23,3738.0,169,0.01470238923,0.002419512084,0.0009051492682,0.2988986946,0.7698829818,0.4886836553,0.6717343852
qvarma,337,0,200,8,200,12,3853.6,337,0.01187166406,0.0007140426512,0.0003153956359,0.4442725921,0.6923900692,0.6684728279,0.5993504858
qvarma,338,0,200,8,200,102,2949.0,320,0.02515403519,0.002415304191,0.0009744155233,0.5118252965,0.6614520886,0.8058154077,0.5537664568
qvarma,339,0,200,8,200,37,3703.7,624,0.01241803629,0.003200434425,0.002125453887,0.2195070423,0.8200034647,0.2693562649,0.7878008938
qvarma,340,0,200,8,200,43,3613.6,80,0.01678620372,0.002033858613,0.000928442251,0.3722134908,0.7287495763,0.5509028784,0.6447857012
qvarma,341,0,200,8,200,21,3822.5,666,0.01245295818,0.005806504161,0.0009703443119,0.1634237451,0.8595320529,0.3997694452,0.7144033637
qvarma,342,0,200,8,200,5,3945.1,924,0.01129854813,0.001214717951,0.0002413245411,0.3241790276,0.7551848951,0.7273139131,0.5789335641
qvarma,343,0,200,8,200,14,3851.2,256,0.01215737624,0.001730715225,0.0009304793745,0.2922315154,0.7738551398,0.3985533665,0.7150245561
qvarma,344,0,200,8,200,30,3621.4,382,0.0113101723,0.001271228312,0.0004941289178,0.3172177225,0.759175938,0.5088023232,0.6627773464
qvarma,345,0,200,8,200,20,3773.5,647,0.009820125146,0.000428143333,0.0003163285307,0.4745942035,0.6781526725,0.5521382575,0.6442725029
qvarma,346,0,200,8,200,13,3890.8,82,0.03314133465,0.002507770489,0.001523078401,0.6617989906,0.6017574963,0.8491978079,0.54077503
qvarma,347,0,200,8,200,44,3524.7,191,0.01161221969,0.0007665004813,0.0006830102169,0.4194295531,0.7045083695,0.4443259146,0.6923645071
qvarma,348,0,200,8,200,9,3861.7,647,0.01038430463,0.0006167649878,0.0002524000079,0.4181360035,0.7051509852,0.6536311451,0.6047297809
qvarma,349,0,200,8,200,35,3512.8,169,0.009712959359,0.0009363766772,0.0009590353692,0.3174141458,0.7590627466,0.3136420324,0.7612423897
qvarma,350,0,200,8,200,72,3342.5,672,0.0598538719,0.0009481702945,0.05533429087,1.943788808,0.3396982817,0.2544456763,0.7971648505
qvarma,351,0,200,8,200,52,3542.8,534,0.01442814408,0.0005691099492,0.004380693222,0.6048008342,0.6231302843,0.2179912442,0.8210239645
qvarma,352,0,200,8,200,24,3700.7,647,0.01198553246,0.001202580178,0.0006793591541,0.3456211508,0.7431512201,0.4598409213,0.6850061438
qvarma,353,0,200,8,200,32,3673.3,395,0.02092060997,0.0008114689897,0.0006021862175,0.734409657,0.5765650554,0.8525285604,0.5398027439
qvarma,354,0,200,8,200,6,3943.0,767,0.05970887968,0.046949713,0.002217190037,0.2755639819,0.7839669465,1.268053168,0.4409067716
qvarma,355,0,200,8,200,12,3881.3,403,0.0138149376,0.005419392193,0.0006306967815,0.1876608318,0.8419912262,0.5500961688,0.6451212642
qvarma,356,0,200,8,200,41,3537.1,320,0.01925374981,0.00167048002,0.001065022079,0.4710800162,0.6797726765,0.5899782733,0.6289394118
qvarma,357,0,200,8,200,21,3765.6,627,0.01617366671,0.001589199114,0.00109500381,0.4057133816,0.7113825714,0.4887656475,0.6716973902
qvarma,358,0,200,8,200,24,3762.9,505,0.02299037436,0.001538535432,0.0008525587473,0.5861277615,0.6304662362,0.7873791054,0.5594783988
qvarma,359,0,200,8,200,48,3473.5,935,0.01143306858,0.001245875067,0.001767428682,0.3239108988,0.755337841,0.2719517509,0.7861933436
qvarma,360,0,200,8,200,15,3882.7,666,0.01297151214,0.008362428018,0.00144014864,0.1418483898,0.8757730089,0.341811718,0.7452610427
qvarma,361,0,200,8,200,22,3830.7,335,0.01213224321,0.00313291366,0.001094842371,0.2167538872,0.8218588907,0.366661499,0.7317100838
qvarma,362,0,200,8,200,87,2981.5,679,0.1681056679,0.005857011584,0.0306751444,2.196566293,0.3128356831,0.95981835,0.510251371
qvarma,363,0,200,8,200,20,3707.8,98,0.01216161058,0.00279056406,0.0007709660949,0.2302210841,0.8128620237,0.4379993372,0.6954106126
qvarma,364,0,200,8,200,51,3443.6,335,0.01265115843,0.001253452988,0.001482319948,0.3573355868,0.7367374802,0.3285937645,0.7526755181
qvarma,365,0,200,8,200,11,3933.0,77,0.01235454256,0.0112317231,0.001037572138,0.116574477,0.8955963266,0.3835460542,0.7227804213
qvarma,366,0,200,8,200,28,3748.6,768,0.0108819704,0.002237674541,0.0004598834656,0.2300430303,0.8129796888,0.5074387663,0.663376863
qvarma,367,0,200,8,200,39,3589.5,533,0.01220960387,0.001091877513,0.002569858788,0.3695001448,0.7301934241,0.2408501627,0.8058990764
qvarma,368,0,200,8,200,38,3593.8,642,0.01309912245,0.001974981291,0.000901709117,0.2947546797,0.7723470829,0.4362234132,0.6962705042
qvarma,369,0,200,8,200,4,3971.8,24,0.01429907426,0.001068719918,0.0009149114637,0.4373971711,0.6957019397,0.4727356852,0.6790084671
qvarma,370,0,200,8,200,54,3358.1,202,0.02819254476,0.001579769685,0.002623130587,0.7093121365,0.5850306557,0.550458171,0.6449706407
qvarma,371,0,200,8,200,29,3732.1,227,0.02615492719,0.01020002986,0.002802146916,0.2589719899,0.794298847,0.4940922759,0.6693027038
qvarma,372,0,200,8,200,10,3900.1,704,0.0186411282,0.01129615411,0.001202803524,0.1753908322,0.8507808403,0.5374955183,0.6504084
qvarma,373,0,200,8,200,15,3787.4,202,0.02337215557,0.00253350554,0.0008712997596,0.4643418627,0.6829006432,0.7917990408,0.5580983008
qvarma,374,0,200,8,200,9,3911.3,533,0.01315046485,0.002641989075,0.0008003791367,0.2558442119,0.7962771103,0.4648290105,0.6826735358
qvarma,375,0,200,8,200,37,3642.9,80,0.02619531983,0.0116202343,0.002514398573,0.2430055893,0.8045016117,0.5224041815,0.6568557891
qvarma,376,0,200,8,200,43,3483.6,22,0.01029858129,0.001680150725,0.001496874256,0.2512483854,0.7992018305,0.2661857129,0.7897735615
qvarma,377,0,200,8,200,15,3872.6,634,0.009224975392,0.0009119097738,0.000345455318,0.3054845715,0.7659990948,0.4963285699,0.6683024171
qvarma,378,0,200,8,200,29,3796.4,512,0.01389537659,0.003060818392,0.0009097433122,0.2511606164,0.7992578945,0.460692228,0.684606915
qvarma,379,0,200,8,200,57,3360.2,603,0.02020711326,0.0003873632062,0.0003475949961,1.026703618,0.4934120565,1.083845847,0.479881946
qvarma,380,0,200,8,200,25,3722.9,704,0.01290129911,0.008834020139,0.0008978879111,0.1372632419,0.8793038966,0.4305487989,0.6990324278
qvarma,381,0,200,8,200,12,3885.3,996,0.01481830998,0.004202626584,0.001110974527,0.2285800239,0.8139477938,0.4445766252,0.6922443452
qvarma,382,0,200,8,200,22,3780.1,382,0.007617599144,0.0004740040323,0.002611418162,0.3498864285,0.7408030623,0.1490664487,0.8702716898
qvarma,383,0,200,8,200,16,3809.5,724,0.01237635996,0.002377724403,0.001429492996,0.2538120136,0.7975677288,0.3273421392,0.753385258
qvarma,384,0,200,8,200,33,3610.1,505,0.0148634106,0.00985794393,0.002125647513,0.1497012075,0.8697912061,0.3223835333,0.7562102634
qvarma,385,0,200,8,200,29,3698.6,799,0.01293754527,0.0009474665653,0.0005954423709,0.4203102061,0.7040715442,0.5301905892,0.6535133643
qvarma,386,0,200,8,200,30,3681.0,634,0.01124070064,0.0009869907531,0.001849081401,0.3577971196,0.7364870536,0.2614058888,0.7927662372
qvarma,387,0,200,8,200,15,3828.3,741,0.01139056049,0.001531520884,0.0006484354167,0.2910607426,0.7745568949,0.4473132173,0.6909354437
qvarma,388,0,200,8,200,21,3801.3,388,0.01191356218,0.0004809917369,0.0002523577225,0.5432163437,0.6479972844,0.749951773,0.5714443194
qvarma,389,0,200,8,200,48,3456.7,9,0.01878957072,0.001267520224,0.0007519594128,0.5277635706,0.6545515414,0.6852036346,0.5934000969
qvarma,390,0,200,8,200,16,3871.1,256,0.01668231173,0.004288387359,0.001140462809,0.2547470882,0.7969733577,0.493987169,0.6693497915
qvarma,391,0,200,8,200,18,3819.6,671,0.01488449915,0.001544817779,0.001024541019,0.3787002537,0.725320821,0.4650177713,0.6825855765
qvarma,392,0,200,8,200,54,3400.6,634,0.01152818298,0.001340495379,0.002928367139,0.3148677644,0.7605327525,0.2130335962,0.8243794756
qvarma,393,0,200,8,200,19,3790.3,80,0.01671176293,0.001391962077,0.0003552992122,0.4479283645,0.6906419022,0.8865947268,0.5300555471
qvarma,394,0,200,8,200,8,3904.1,315,0.01612965457,0.01026700654,0.0003302631917,0.1591853686,0.8626747948,0.887554397,0.5297860563
qvarma,395,0,200,8,200,21,3817.3,249,0.01063250841,0.0005437472445,0.0003939693422,0.4559709771,0.6868268776,0.5356788766,0.651177805
qvarma,396,0,200,8,200,82,3153.0,191,0.01458991263,0.002573735017,0.002922930507,0.2875880099,0.7766459398,0.2698630635,0.7874864848
qvarma,397,0,200,8,200,30,3749.5,72,0.01322744018,0.001250779633,0.0007537086014,0.3740118873,0.7277957412,0.4818080705,0.6748512307
qvarma,398,0,200,8,200,59,3371.6,799,0.03239192289,0.02059198668,0.009357024735,0.2257291289,0.8158409362,0.3348635223,0.7491402554
qvarma,399,0,200,8,200,21,3824.6,374,0.02134365234,0.003040039323,0.002623265406,0.3871053179,0.7209257921,0.4167231451,0.7058542126
qvarma,400,0,200,8,200,24,3738.1,165,0.01016101089,0.0007037180267,0.0005728582895,0.383034223,0.7230479068,0.4245348194,0.7019835433
qvarma,401,0,200,8,200,43,3502.9,454,0.04430441588,0.004734725582,0.002968855409,0.6438721026,0.6083198312,0.8131159715,0.5515367002
qvarma,402,0,200,8,200,40,3549.7,745,0.01063990211,0.0002480207611,0.0002305878524,0.6756061813,0.5967989443,0.700679514,0.5880002621
qvarma,403,0,200,8,200,14,3872.8,504,0.01217755696,0.00326992564,0.0002399594992,0.2129566622,0.8244317634,0.7861242551,0.5598714631
qvarma,404,0,200,8,200,26,3683.8,77,0.01332602505,0.01203880672,0.001976230583,0.1214531839,0.8917001747,0.2997656166,0.7693694827
qvarma,405,0,200,8,200,74,3117.7,745,0.01481023585,0.01501278224,0.002776587683,0.1208735791,0.8921612737,0.2810646831,0.7806007091
qvarma,406,0,200,8,200,19,3755.1,799,0.007663146428,0.0005345791647,0.0003371783953,0.3314370922,0.7510681547,0.4173277409,0.7055531132
qvarma,407,0,200,8,200,15,3876.1,799,0.02272218978,0.002726302268,0.001173578565,0.4351742409,0.696779507,0.6632757183,0.6012232302
qvarma,408,0,200,8,200,29,3621.5,189,0.01184408869,0.00169834007,0.0005217004621,0.2874016933,0.7767583383,0.5185504794,0.6585227252
qvarma,409,0,200,8,200,39,3548.5,22,0.009651708128,0.001989132848,0.00381142514,0.2164074888,0.8220929328,0.1563365353,0.864800142
qvarma,410,0,200,8,200,42,3685.3,994,0.01984466519,0.001072571564,0.0006136252662,0.6059414149,0.6226877212,0.8011100118,0.5552131705
qvarma,411,0,200,8,200,24,3784.6,189,0.01097115315,0.0008850374365,0.0006156863548,0.3687834788,0.7305757378,0.4421529361,0.6934077344
qvarma,412,0,200,8,200,8,3934.9,647,0.01481125128,0.0006893077526,0.0008142783671,0.5641377584,0.6393298766,0.5190453462,0.658308195
qvarma,413,0,200,8,200,13,3914.5,24,0.01255474913,0.001009261142,0.0004637402771,0.3951902877,0.7167481087,0.5830027864,0.6317108274
qvarma,414,0,200,8,200,35,3615.2,124,0.01434171425,0.002452272077,0.003842400957,0.289612124,0.7754269531,0.2313660991,0.8121061646
qvarma,415,0,200,8,200,10,3880.4,203,0.01470732747,0.0107743382,0.002584572613,0.1416897587,0.8758946924,0.289293978,0.7756182974
qvarma,416,0,200,8,200,16,3849.7,416,0.01407140748,0.005315556636,0.0007693921863,0.1930026022,0.8382211389,0.5072985883,0.6634385567
qvarma,417,0,200,8,200,14,3884.0,799,0.007955604011,0.002070759978,0.0001628575763,0.174826908,0.8511892205,0.6234034114,0.6159898353
qvarma,418,0,200,8,200,24,3757.4,947,0.01214146156,0.008804897361,0.04316756763,0.1293924155,0.885431836,0.05843757427,0.9447888324
qvarma,419,0,200,8,200,19,3817.5,739,0.01399871038,0.009313094362,0.0007388678321,0.1450577801,0.8733183752,0.5149969404,0.6600673396
qvarma,420,0,200,8,200,8,3928.4,672,0.01903888224,0.008713333568,0.001017094634,0.2039620073,0.8305909936,0.5969813534,0.6261813877
qvarma,421,0,200,8,200,13,3823.9,98,0.01119245066,0.0005934759175,0.0003638183728,0.459434536,0.6851968864,0.5867902309,0.6302030227
qvarma,422,0,200,8,200,78,3145.9,498,0.01936150104,0.001633616686,0.00131780798,0.4790313576,0.676118187,0.5333508079,0.6521664806
qvarma,423,0,200,8,200,24,3725.3,505,0.01356554153,0.001275727708,0.0005321785466,0.3798027817,0.7247412553,0.5880421458,0.6297062094
qvarma,424,0,200,8,200,25,3716.4,914,0.02164749435,0.001384196159,0.0009742395471,0.5818470209,0.6321723825,0.6935451796,0.5904773088
qvarma,425,0,200,8,200,13,3850.0,505,0.01170823675,0.001443717509,0.0008569867151,0.3081416359,0.7644432167,0.3999488486,0.7143118129
qvarma,426,0,200,8,200,58,3345.6,105,0.02463547812,0.001805820239,0.001172653462,0.5797272801,0.6330206566,0.7194094701,0.5815950287
qvarma,427,0,200,8,200,25,3759.1,947,0.00763079302,0.001517622749,0.0007480951219,0.1958789466,0.836205038,0.2789916866,0.7818659108
qvarma,428,0,200,8,200,23,3746.5,335,0.01455749329,0.002035265634,0.00131821057,0.3226829724,0.7560390667,0.4009536799,0.7137994742
qvarma,429,0,200,8,200,14,3859.2,634,0.009255666861,0.001090853742,0.0004213927371,0.2802363397,0.7811057763,0.4508833432,0.6892352888
qvarma,430,0,200,8,200,35,3615.5,505,0.01168231132,0.0002611010109,0.0004238720044,0.7229770292,0.5803907905,0.5674288444,0.6379874937
qvarma,431,0,200,8,200,10,3905.7,403,0.01378374413,0.007307826045,0.0003426169834,0.1612401161,0.8611483414,0.7446681156,0.5731749156
qvarma,432,0,200,8,200,9,3890.7,642,0.01327617017,0.0009027986773,0.0005523903493,0.4418525374,0.6935522004,0.5648716376,0.6390300495
qvarma,433,0,200,8,200,1,3971.8,124,0.008750182419,0.001024799316,0.0002496525656,0.2733365406,0.785338336,0.5537950764,0.6435855121
qvarma,434,0,200,8,200,31,3675.9,505,0.01306308328,0.01546095723,0.002419083006,0.1050576075,0.9049301984,0.265595254,0.7901420275
qvarma,435,0,200,8,200,44,3588.5,498,0.01658817858,0.001851170952,0.0009076694554,0.3855453226,0.7217374875,0.5505982689,0.6449123671
qvarma,436,0,200,8,200,1,3992.1,624,0.01307029863,0.002127433512,0.000629853216,0.2833723765,0.7791970735,0.5207938354,0.657551324
qvarma,437,0,200,8,200,46,3493.4,320,0.02364808911,0.000747725182,0.0007418540014,0.8648186559,0.5362451715,0.8682340853,0.53526483
qvarma,438,0,200,8,200,16,3834.9,533,0.01620226048,0.001959745027,0.001555583259,0.3659955664,0.7320667977,0.4107986235,0.7088183837
qvarma,439,0,200,8,200,39,3606.3,934,0.01632074091,0.0005781520819,0.0005816769408,0.6787640363,0.59567633,0.6767043164,0.5964080788
qvarma,440,0,200,8,200,6,3958.0,72,0.01395112901,0.005572271911,0.0004521166372,0.1868930728,0.8425358804,0.6561212603,0.6038205197
qvarma,441,0,200,8,200,19,3832.1,502,0.01774511322,0.002414539588,0.0004665911362,0.3611283715,0.7346845609,0.821505608,0.5489963883
qvarma,442,0,200,8,200,52,3399.1,875,0.01634075907,0.001991655202,0.003143597664,0.366155152,0.7319812823,0.2914464355,0.7743255721
qvarma,443,0,200,8,200,54,3430.1,505,0.01281311957,0.000342005493,0.0005748183801,0.6928485912,0.5907202837,0.534428433,0.6517084658
qvarma,444,0,200,8,200,5,3946.3,624,0.01149527389,0.00327642086,0.0006897293222,0.2008257892,0.832760263,0.437703459,0.6955537275
qvarma,445,0,200,8,200,19,3828.8,603,0.012481158,0.001186347537,0.0006337664471,0.3623672286,0.7340164817,0.4957814342,0.6685468726
qvarma,446,0,200,8,200,38,3618.4,603,0.01713807516,0.0007991080079,0.000747787991,0.6062605396,0.6225640083,0.6267189115,0.6147343545
qvarma,447,0,200,8,200,26,3824.3,272,0.01500642628,0.004887092977,0.0009903236756,0.2146604217,0.8232753633,0.4768575885,0.6771133573
qvarma,448,0,200,8,200,7,3960.6,504,0.011728857,0.00170639177,0.001729350491,0.2839332918,0.7788566637,0.2820422564,0.7800054912
qvarma,449,0,200,8,200,6,3941.5,693,0.008692029934,0.001267450353,0.00035827365,0.2441494414,0.8037619652,0.4592125824,0.6853011083
qvarma,450,0,200,8,200,33,3737.9,554,0.007921270976,0.002815559427,0.0002631427262,0.1492837449,0.8701071467,0.4883140108,0.6719012203
qvarma,451,0,200,8,200,5,3953.6,480,0.02454388759,0.01176502236,0.001284327869,0.2262804193,0.8154741642,0.6848656745,0.5935191245
qvarma,452,0,200,8,200,24,3721.1,724,0.008598998948,0.001592450859,0.0003854935161,0.2154839243,0.822717586,0.4379649513,0.6954272419
qvarma,453,0,200,8,200,30,3689.6,22,0.009584858235,0.0009071293343,0.0002871686533,0.3182373052,0.7585887579,0.5656101287,0.6387286219
qvarma,454,0,200,8,200,27,3775.5,603,0.0111545304,0.001227722602,0.0009911929717,0.3183472964,0.758525468,0.354300842,0.7383883765
qvarma,455,0,200,8,200,41,3504.7,80,0.01540783286,0.004883949984,0.001666572971,0.2204732758,0.8193542783,0.3774238946,0.7259929234
qvarma,456,0,200,8,200,19,3796.3,202,0.02580476401,0.008488432232,0.0004821314282,0.2800826126,0.7811995805,1.175214579,0.4597247598
qvarma,457,0,200,8,200,35,3600.3,191,0.01458493827,0.0008956355701,0.0009829841771,0.4873477089,0.6723377419,0.4651910299,0.6825048609
qvarma,458,0,200,8,200,28,3671.9,875,0.0144975278,0.002119297597,0.0009200423805,0.3149183573,0.7605034902,0.4779583286,0.6766090631
qvarma,459,0,200,8,200,5,3946.2,666,0.0103938481,0.001261245058,0.0004491206588,0.2926689347,0.7735932791,0.4904501248,0.670938251
qvarma,460,0,200,8,200,15,3883.5,335,0.01340800428,0.00206216853,0.0009701588948,0.2952582643,0.7720468014,0.4304698163,0.6990710245
qvarma,461,0,200,8,200,62,3431.4,924,0.0163766212,0.0004998309058,0.000288937687,0.7325086383,0.5771976993,0.9634345304,0.5093116091
qvarma,462,0,200,8,200,51,3513.0,672,0.01634126545,0.003019342386,0.0004368716308,0.2973921516,0.7707769766,0.7818235767,0.5612227905
qvarma,463,0,200,8,200,20,3865.9,806,0.01456478658,0.008317207645,0.002101052733,0.159703838,0.8622891183,0.3177500656,0.758869247
qvarma,464,0,200,8,200,49,3465.4,800,0.02601415892,0.005889797001,0.002482110027,0.3389687218,0.7468434353,0.5221547997,0.6569634049
qvarma,465,0,200,8,200,38,3732.3,505,0.01149626024,0.001230404986,0.0004203226436,0.3277423362,0.7531581789,0.5607447199,0.6407197713
qvarma,466,0,200,8,200,12,3897.5,134,0.00827572976,0.001438601185,0.0002987419749,0.2181906287,0.8208895853,0.4788044485,0.6762219312
qvarma,467,0,200,8,200,22,3729.3,741,0.007322296827,0.001137987834,0.00672478763,0.2170593612,0.8216526095,0.08929107327,0.9180282704
qvarma,468,0,200,8,200,1,3991.1,468,0.009523944183,0.00114004819,0.0002687769558,0.2820689207,0.7799892688,0.5809260158,0.6325406692
qvarma,469,0,200,8,200,35,3650.1,410,0.01699470738,0.002117128411,0.001500250234,0.3693516905,0.7302725859,0.4387648613,0.6950406052
qvarma,470,0,200,8,200,28,3673.2,505,0.01083527531,0.0004961562443,0.0003723387669,0.486441613,0.6727475814,0.5615272317,0.6403986941
qvarma,471,0,200,8,200,1,3988.5,124,0.008884757187,0.001685109813,0.000380824128,0.2164369771,0.8220730041,0.4552849928,0.6871506303
qvarma,472,0,200,8,200,18,3775.7,505,0.01167307932,0.01390514587,0.001101585239,0.0989914446,0.9099251909,0.351703251,0.7398073499
qvarma,473,0,200,8,200,16,3846.6,189,0.008304423009,0.003005993586,0.0002892395496,0.1514660983,0.868458048,0.4882931421,0.6719106416
qvarma,474,0,200,8,200,9,3936.7,554,0.008932211263,0.002312920102,0.000642515354,0.1857285512,0.8433633473,0.3523848521,0.7394344875
qvarma,475,0,200,8,200,2,3977.3,219,0.02009660352,0.001627235343,0.0003949018316,0.4981928385,0.6674708184,1.011295537,0.4971919749
qvarma,476,0,200,8,200,10,3897.6,282,0.009018588848,0.0009000367205,0.0002362321101,0.3006134957,0.7688679252,0.5867716512,0.6302104019
qvarma,477,0,200,8,200,16,3779.1,620,0.01262698309,0.0009921071999,0.0003892242526,0.4008854539,0.7138342376,0.6400289995,0.6097453157
qvarma,478,0,200,8,200,27,3708.1,642,0.01570312986,0.00184316625,0.0008538388314,0.3657665344,0.7321895615,0.5374007537,0.6504484908
qvarma,479,0,200,8,200,3,3986.2,642,0.01382433668,0.001018573151,0.0006998101769,0.4331598454,0.697758874,0.5225816734,0.6567792175
qvarma,480,0,200,8,200,38,3667.9,850,0.01202895714,0.003262369045,0.0004338055613,0.2106014872,0.8260356613,0.5775378075,0.6338992291
qvarma,481,0,200,8,200,25,3760.8,533,0.01768998423,0.002230044345,0.001322881766,0.3746025213,0.7274830247,0.4863701694,0.6727799175
qvarma,482,0,200,8,200,44,3534.0,627,0.01916337907,0.003574017981,0.00283965316,0.3205484815,0.7572611033,0.3596163606,0.7355015937
qvarma,483,0,200,8,200,7,3956.5,799,0.01164044056,0.004502207831,0.0002391295276,0.1734828899,0.8521641079,0.7527535539,0.5705308643
qvarma,484,0,200,8,200,36,3604.3,799,0.008715312019,0.002700418257,0.0009311713761,0.1677132683,0.8563746145,0.285606529,0.7778429694
qvarma,485,0,200,8,200,14,3852.5,806,0.01463731296,0.01185849298,0.00169153876,0.1344146508,0.8815118875,0.3558937668,0.7375209065
qvarma,486,0,200,8,200,21,3801.7,947,0.009659585884,0.00405182311,0.002982140972,0.1517515968,0.8682427728,0.1768863919,0.849699688
qvarma,487,0,200,8,200,25,3773.4,647,0.01140913907,0.009168361136,0.0007040735845,0.1191535588,0.8935324309,0.429975637,0.6993126135
qvarma,488,0,200,8,200,15,3866.5,767,0.018739246,0.0106101169,0.0008055635978,0.181924851,0.8460774804,0.6602405533,0.6023223551
qvarma,489,0,200,8,200,11,3904.9,713,0.008921808861,0.002259126104,0.0002681499337,0.1877079548,0.8419578196,0.5448338321,0.6473188114
qvarma,490,0,200,8,200,11,3926.2,403,0.01659660336,0.005103063301,0.001167841171,0.232329168,0.8114715012,0.4856543958,0.6731040562
qvarma,491,0,200,8,200,28,3759.5,505,0.01646971664,0.003573637293,0.0008013651827,0.2755058922,0.7840026503,0.5817962163,0.6321926868
qvarma,492,0,200,8,200,22,3810.9,996,0.0140477132,0.01250700194,0.00235666982,0.1256113906,0.8884060773,0.2893718374,0.7755714612
qvarma,493,0,200,8,200,46,3550.2,493,0.01082512099,0.0007641447089,0.0007319969805,0.3916020476,0.7185962408,0.40010881,0.7142302033
qvarma,494,0,200,8,200,39,3567.1,914,0.0214784869,0.001144483595,0.0007737227821,0.6348906003,0.6116617221,0.7721665619,0.5642810453
qvarma,495,0,200,8,200,43,3467.2,745,0.01219903152,0.001845387073,0.001440405018,0.2839759862,0.7788307653,0.3214275075,0.7567573661
qvarma,496,0,200,8,200,15,3864.7,656,0.01066299649,0.00344632552,0.0005325809792,0.1816356608,0.8462845471,0.4620473038,0.6839723978
qvarma,497,0,200,8,200,35,3662.3,934,0.01961107683,0.003046571723,0.0009388025054,0.3553004338,0.7378437836,0.6400506178,0.6097372783
qvarma,498,0,200,8,200,32,3759.4,320,0.02349273544,0.0008173918177,0.0007666454001,0.8217097592,0.5489348646,0.8484696671,0.5409880496
qvarma,499,0,200,8,200,14,3873.2,515,0.01323801079,0.001587652678,0.001416169629,0.3322346928,0.7506184949,0.3517750979,0.7397680291
qvarma,500,0,200,8,200,34,3404.0,37,0.01231073862,0.000823436917,0.0007221708927,0.4290115096,0.6997844267,0.4581040386,0.685822118
qvarma,501,0,200,8,200,47,3552.1,684,0.01074612467,0.002994796992,0.000671862465,0.1963668532,0.8358640139,0.4145831865,0.7069220174
qvarma,502,0,200,8,200,34,3606.3,512,0.01103746616,0.0005941928748,0.0007012703675,0.452799215,0.6883263631,0.4167989739,0.7058164344
qvarma,503,0,200,8,200,75,3180.1,642,0.01672454759,0.002534317297,0.001214013201,0.3322185549,0.7506275876,0.4800015878,0.6756749508
qvarma,504,0,200,8,200,11,3927.7,814,0.01230040062,0.001910755617,0.0005690018286,0.2813951994,0.7803993651,0.5156587903,0.6597791049
qvarma,505,0,200,8,200,18,3783.1,505,0.007415255859,0.0002417873214,0.0002265147143,0.4768802963,0.6771029463,0.4926947462,0.6699293359
qvarma,506,0,200,8,200,15,3834.1,346,0.01686364509,0.008571987873,0.00141255375,0.1821422426,0.8459218899,0.448692657,0.6902775376
qvarma,507,0,200,8,200,27,3639.8,889,0.01630416344,0.01276898501,0.001411811851,0.1442847169,0.8739083772,0.4339204404,0.6973887615
qvarma,508,0,200,8,200,34,3591.3,678,0.008712496679,0.001278257692,0.0003738842504,0.2436875929,0.8040604455,0.4505822091,0.6893783708
qvarma,509,0,200,8,200,11,3843.4,515,0.0149138166,0.00274025237,0.0008776281186,0.2849007005,0.7782702582,0.5034235565,0.6651485509
qvarma,510,0,200,8,200,12,3940.6,139,0.01398774924,0.0006393253969,0.0001384367215,0.5532059718,0.6438296132,1.18883665,0.4568636951
qvarma,511,0,200,8,200,1,3997.0,700,0.02350029754,0.009489879209,0.0004344057183,0.2412364999,0.8056482387,1.127523479,0.4700300654
qvarma,512,0,200,8,200,11,3880.9,22,0.00872617614,0.0002897388461,0.0003467776657,0.5126495872,0.6610916424,0.4685958258,0.68092254
qvarma,513,0,200,8,200,33,3635.8,791,0.01968825468,0.001449219251,0.0007210547331,0.5171781537,0.6591183755,0.7332010912,0.5769670958
qvarma,514,0,200,8,200,2,3979.8,298,0.01052405902,0.001081844491,0.0005882840197,0.3199638074,0.7575965298,0.4339000991,0.6973986546
qvarma,515,0,200,8,200,32,3635.8,799,0.008848535058,0.0004304025398,0.0002600716308,0.42651466,0.7010092697,0.5486872714,0.6457081546
qvarma,516,0,200,8,200,40,3650.9,191,0.01441732549,0.001263559553,0.0008500851503,0.4055896328,0.7114452018,0.4944854172,0.6691266361
qvarma,517,0,200,8,200,25,3728.1,656,0.00867595777,0.002188870994,0.0003570907688,0.1854416771,0.8435674393,0.459122015,0.6853436448
qvarma,518,0,200,8,200,30,3568.3,749,0.02554232552,0.006226088324,0.003554073325,0.3237075261,0.7554538901,0.4284471355,0.7000609089
qvarma,519,0,200,8,200,24,3771.2,534,0.01158614996,0.0005610406502,0.0006290197065,0.4891499131,0.671524063,0.4619628154,0.6840119252
qvarma,520,0,200,8,200,38,3300.7,634,0.0102849893,0.000920962913,0.0006185429588,0.3389087436,0.7468768912,0.4135413208,0.7074430618
qvarma,521,0,200,8,200,53,3488.8,799,0.01131527865,0.001418267547,0.0007601675242,0.3004596594,0.7689588775,0.4104030668,0.7090171764
qvarma,522,0,200,8,200,38,3631.4,78,0.02154143053,0.002223055362,0.0008094435596,0.4568771116,0.6863996915,0.7571488285,0.5691037571
qvarma,523,0,200,8,200,6,3972.8,647,0.008424795013,0.001146830906,0.0003039673135,0.248776669,0.8007836988,0.4832211117,0.6742083106
qvarma,524,0,200,8,200,33,3665.7,505,0.009793806704,0.000458758075,0.0003859640069,0.457256268,0.6862211005,0.498514879,0.6673273746
qvarma,525,0,200,8,200,8,3931.7,350,0.01100598796,0.01143872275,0.0004100714742,0.1029058979,0.9066956681,0.5434996311,0.6478783537
qvarma,526,0,200,8,200,59,3349.1,422,0.03215081204,0.001398582228,0.001268481064,0.8597020134,0.5377205557,0.902713531,0.5255651908
qvarma,527,0,200,8,200,43,3529.2,191,0.01168503309,0.00148230272,0.001636645142,0.3035019556,0.7671641732,0.2888369057,0.7758933621
qvarma,528,0,200,8,200,11,3867.1,219,0.01866719985,0.003778763936,0.0008291935321,0.3036716828,0.7670642948,0.6482629842,0.6066993008
qvarma,529,0,200,8,200,85,2965.9,957,0.01492251113,0.003064680389,0.002132150862,0.2695561947,0.7876768308,0.3231714198,0.7557599756
qvarma,530,0,200,8,200,3,3969.7,199,0.02179415823,0.01171405314,0.001234164726,0.2013661676,0.8323856847,0.6203739239,0.6171415037
qvarma,531,0,200,8,200,16,3806.7,731,0.01268831504,0.00118060463,0.0006947048692,0.3692765351,0.7303126683,0.481397446,0.6750382908
qvarma,532,0,200,8,200,5,3966.5,704,0.01415037202,0.02068781456,0.0005232999769,0.09838084547,0.9104310259,0.618575194,0.6178273359
qvarma,533,0,200,8,200,14,3880.6,534,0.008933067152,0.001775874837,0.0009824733991,0.2119797726,0.8250962785,0.2849969409,0.7782119693
qvarma,534,0,200,8,200,18,3765.8,634,0.009652297998,0.0008097312562,0.0004865451382,0.339203457,0.7467125288,0.4375917776,0.6956077627
qvarma,535,0,200,8,200,35,3605.9,657,0.02301376597,0.0162834048,0.004390091126,0.1803495582,0.8472066542,0.3473369008,0.7422048631
qvarma,536,0,200,8,200,15,3871.2,666,0.01312455562,0.002515205591,0.001054906298,0.261696469,0.7925836559,0.4040895925,0.7122052648
qvarma,537,0,200,8,200,17,3805.1,403,0.01564988645,0.00350732764,0.001527922606,0.2642548835,0.7909797408,0.4003690638,0.714097466
qvarma,538,0,200,8,200,23,3826.0,335,0.01372984219,0.001754038278,0.0006309927863,0.3278279758,0.7531096032,0.5465795118,0.6465881595
qvarma,539,0,200,8,200,12,3881.6,657,0.01176619953,0.006343515643,0.0007004916975,0.1477308516,0.8712844119,0.4445644313,0.6922501886
qvarma,540,0,200,8,200,36,3702.1,536,0.01319435472,0.005029040289,0.001662695002,0.1860568218,0.8431299257,0.323580141,0.7555265972
qvarma,541,0,200,8,200,43,3567.4,337,0.01463799102,0.001959422639,0.001361571878,0.3306872234,0.7514913966,0.396699077,0.715973839
qvarma,542,0,200,8,200,38,3562.5,542,0.01007544464,0.001691291856,0.0008657955621,0.2449937145,0.8032169065,0.3424179662,0.744924476
qvarma,543,0,200,8,200,20,3791.8,791,0.01917320781,0.01079676917,0.002036662205,0.1845218802,0.8442224806,0.4248496623,0.701828429
qvarma,544,0,200,8,200,53,3377.3,749,0.02409622915,0.005720370392,0.002380815388,0.3185935723,0.758383797,0.4938399548,0.6694157542
qvarma,545,0,200,8,200,58,3318.1,627,0.01989703192,0.01329023464,0.001566302195,0.172592521,0.8528111702,0.502748193,0.6654474812
qvarma,546,0,200,8,200,2,3959.3,504,0.009547896459,0.004626484564,0.0003927009669,0.1403725347,0.8769064228,0.481811005,0.6748498942
qvarma,547,0,200,8,200,11,3845.7,505,0.01153907134,0.001149888332,0.000387610596,0.3402851718,0.7461098735,0.5861017768,0.630476565
qvarma,548,0,200,8,200,68,3287.0,704,0.01163655934,0.004881163789,0.0004635675122,0.1665570032,0.8572234338,0.5404656443,0.6491543668
qvarma,549,0,200,8,200,52,3417.7,83,0.02316247854,0.008228156742,0.03229572678,0.2553487592,0.7965913796,0.1288880042,0.8858274659
qvarma,550,0,200,8,200,14,3893.6,315,0.01434887463,0.01089376249,0.000863707557,0.1374766339,0.8791389381,0.488241264,0.6719340635
qvarma,551,0,200,8,200,29,3619.5,850,0.0172280767,0.001978860043,0.0013672459,0.387283734,0.7208330751,0.4659222835,0.6821644034
qvarma,552,0,200,8,200,56,3426.1,914,0.02240950897,0.00270169243,0.002484303981,0.4311360987,0.6987455637,0.4496037997,0.6898436664
qvarma,553,0,200,8,200,11,3914.1,634,0.01300023221,0.0005738245206,0.000703745125,0.5427021705,0.648213258,0.4900534038,0.6711168858
qvarma,554,0,200,8,200,20,3864.1,554,0.006417848107,0.0002987388424,0.0002320839325,0.3713159351,0.7292265585,0.4212761735,0.7035930234
qvarma,555,0,200,8,200,20,3817.9,957,0.01132094029,0.0005617250963,0.0003192140772,0.4776618827,0.6767448032,0.6336383905,0.6121305705
qvarma,556,0,200,8,200,31,3678.0,603,0.01228140754,0.0009942714275,0.0007887716457,0.3894894185,0.71968882,0.4372929722,0.6957523757
qvarma,557,0,200,8,200,10,3897.9,996,0.01716479381,0.01045899275,0.0008167704072,0.1678393001,0.8562821956,0.6006045165,0.6247639499
qvarma,558,0,200,8,200,13,3931.1,58,0.0130181149,0.002358328107,0.0004397440534,0.2680686251,0.7886008535,0.6207948605,0.6169812259
qvarma,559,0,200,8,200,4,3884.8,996,0.01343592637,0.02156170699,0.002783108433,0.09150104315,0.9161695321,0.2546845216,0.7970131
qvarma,560,0,200,8,200,7,3918.0,704,0.01402351626,0.01666561218,0.0007801074656,0.1086291264,0.9020149085,0.5020878423,0.6657400266
qvarma,561,0,200,8,200,81,3051.2,791,0.02186764064,0.004075823992,0.002922455202,0.3425265321,0.7448642362,0.4045088214,0.7119926801
qvarma,562,0,200,8,200,25,3817.8,924,0.008794109577,0.0005584620513,0.0004408230639,0.3721303052,0.7287937568,0.418851156,0.7047955635
qvarma,563,0,200,8,200,33,3720.1,947,0.007872960815,0.00580619049,0.005143243923,0.1033219157,0.9063537901,0.1097790654,0.9010802521
qvarma,564,0,200,8,200,41,3552.4,454,0.03065002927,0.005691126785,0.001411307584,0.4062859118,0.7110929517,0.8158682938,0.5507007328
qvarma,565,0,200,8,200,14,3841.6,799,0.008496666676,0.000225284289,0.0001942307494,0.5660869307,0.6385341582,0.6096626484,0.6212481858
qvarma,566,0,200,8,200,14,3870.4,666,0.01110195112,0.001692107805,0.0007363682514,0.2698890698,0.7874703577,0.4091210102,0.7096622595
qvarma,567,0,200,8,200,34,3551.9,189,0.01005467101,0.008041489552,0.001292442236,0.1121242662,0.899180092,0.2796805687,0.781445014
qvarma,568,0,200,8,200,4,3959.1,908,0.02184518428,0.001135467589,0.0003797147157,0.6482885356,0.6066898958,1.121055203,0.4714634484
qvarma,569,0,200,8,200,26,3744.8,637,0.1933400771,0.01651881606,0.006275573663,1.50429298,0.3993143007,2.440591934,0.2906476616
qvarma,570,0,200,8,200,18,3807.8,505,0.02119166964,0.0034072361,0.0007325601915,0.3630480102,0.7336498733,0.7829671075,0.5608628425
qvarma,571,0,200,8,200,21,3802.2,627,0.01762214022,0.002658824938,0.001358388739,0.3417541373,0.7452930252,0.4781306849,0.6765301676
qvarma,572,0,200,8,200,23,3759.2,505,0.02481521035,0.002208092962,0.001588277362,0.52809163,0.6544110185,0.6226654778,0.6162699667
qvarma,573,0,200,8,200,6,3936.1,504,0.01282457562,0.00669974092,0.001028377217,0.1566801571,0.8645432308,0.3999141579,0.714329514
qvarma,574,0,200,8,200,41,3591.6,724,0.01364379334,0.002312535355,0.001058916502,0.2837206473,0.7789856789,0.4192801233,0.704582544
qvarma,575,0,200,8,200,25,3723.2,935,0.009614618353,0.0004142211337,0.0003063624866,0.4724065639,0.6791602432,0.5493058914,0.6454503307
qvarma,576,0,200,8,200,35,3679.8,642,0.01306800935,0.002165833686,0.0008638698963,0.2807998584,0.7807621101,0.4446161835,0.6922253893
qvarma,577,0,200,8,200,60,3362.4,533,0.02170516994,0.001852271553,0.002687024733,0.5043254237,0.6647497837,0.4187235222,0.7048589696
qvarma,578,0,200,8,200,42,3560.6,799,0.02897333162,0.01116935489,0.01055151764,0.2741475646,0.7848384503,0.2820596564,0.7799949051
qvarma,579,0,200,8,200,9,3917.8,127,0.02022946539,0.001828145816,0.001458796687,0.4731283689,0.6788274675,0.5296476157,0.6537453396
qvarma,580,0,200,8,200,18,3792.8,58,0.01955684725,0.009196086039,0.001356895448,0.2039376125,0.8306078235,0.530915801,0.6532037878
qvarma,581,0,200,8,200,10,3914.3,346,0.01688586284,0.002042952268,0.0009186083882,0.3735890577,0.7280197774,0.557131936,0.642206339
qvarma,582,0,200,8,200,9,3911.0,666,0.01301056421,0.003027772054,0.0009808268805,0.2364473997,0.8087687355,0.415432004,0.7064980848
qvarma,583,0,200,8,200,28,3766.5,124,0.04809074594,0.02728065312,0.002650188799,0.2911616231,0.7744963776,0.9341639562,0.517019251
qvarma,584,0,200,8,200,26,3753.3,745,0.0099137937,0.004162731754,0.0004851443061,0.1536564037,0.8668092136,0.4500952274,0.6896098829
qvarma,585,0,200,8,200,20,3863.4,996,0.01311513331,0.00513827858,0.001236899425,0.1829632584,0.845334792,0.3729112759,0.7283791877
qvarma,586,0,200,8,200,27,3684.7,68,0.01458705825,0.0007383821898,0.001785328991,0.5368180509,0.6506951161,0.3452300479,0.7433672787
qvarma,587,0,200,8,200,11,3883.5,536,0.01377069399,0.002845198387,0.000980850596,0.2581663001,0.7948074908,0.4396979061,0.6945901607
qvarma,588,0,200,8,200,26,3699.0,745,0.01068437654,0.0008115814223,0.0002770025554,0.3750447898,0.7272490376,0.6419590081,0.6090286025
qvarma,589,0,200,8,200,7,3947.6,199,0.01586362285,0.007696104779,0.0008469417825,0.1808285044,0.8468630257,0.5450992656,0.6472076081
qvarma,590,0,200,8,200,26,3701.7,924,0.01652891963,0.0007523586466,0.0003261995129,0.6026039994,0.6239844655,0.9151721889,0.5221462623
qvarma,591,0,200,8,200,40,3611.2,202,0.02129414766,0.00416203773,0.001117144609,0.3300709133,0.7518396125,0.637097006,0.6108373519
qvarma,592,0,200,8,200,35,3553.7,249,0.01236450536,0.0007766967428,0.000803170223,0.4436607461,0.6926835149,0.4362876783,0.6962393503
qvarma,593,0,200,8,200,71,3161.8,498,0.02247210657,0.00421896086,0.003319601305,0.345972068,0.7429574682,0.3900325231,0.7194076278
qvarma,594,0,200,8,200,12,3884.7,523,0.01354805021,0.004386004661,0.0004594463145,0.204570145,0.8301716626,0.6320616076,0.6127219679
qvarma,595,0,200,8,200,11,3904.8,799,0.01032444331,0.0007463941662,0.0003570490479,0.3779049023,0.7257394892,0.5463899522,0.6466674196
qvarma,596,0,200,8,200,11,3919.8,519,0.01239214599,0.0009361365069,0.0004337340613,0.4050204298,0.7117334231,0.5950243749,0.6269496666
qvarma,597,0,200,8,200,27,3703.0,505,0.01177022612,0.0006079026372,0.0004144753367,0.4773839268,0.6768721264,0.5781432503,0.6336560384
qvarma,598,0,200,8,200,34,3647.3,634,0.009196077743,0.0006914098293,0.0005884801796,0.3497315877,0.740888047,0.3790850994,0.725118414
qvarma,599,0,200,8,200,51,3424.3,308,0.05552820304,0.001495503655,0.0006487849941,1.435885732,0.4105282883,2.18003377,0.3144620694
qvarma,600,0,200,8,200,32,3697.5,554,0.00947305412,0.002073234071,0.0009154556683,0.208049104,0.8277809211,0.3130915592,0.7615615172
qvarma,601,0,200,8,200,15,3885.8,72,0.01102593321,0.006528359979,0.001284793126,0.136462496,0.8799234498,0.3076087998,0.7647547188
qvarma,602,0,200,8,200,23,3772.1,745,0.01205906704,0.002213980057,0.0003205288817,0.2562871651,0.7959963516,0.6735659511,0.5975264968
qvarma,603,0,200,8,200,40,3567.3,603,0.01212697675,0.0003696039102,0.00096050266,0.6307892252,0.6132000289,0.3912940634,0.718755313
qvarma,604,0,200,8,200,25,3767.2,335,0.01310321781,0.004063380221,0.0009060037888,0.2055579269,0.8294914559,0.435324343,0.6967066398
qvarma,605,0,200,8,200,18,3851.4,308,0.07291673772,0.005660706659,0.00135724896,0.9691520196,0.5078328083,1.979235497,0.3356565806
qvarma,606,0,200,8,200,13,3763.5,647,0.01003562078,0.00765472668,0.000701684927,0.1147042205,0.8970989628,0.3788551266,0.7252393531
qvarma,607,0,200,8,200,4,3974.0,315,0.02244034506,0.01351197747,0.001675714914,0.1930501194,0.838187754,0.5481879227,0.6459164196
qvarma,608,0,200,8,200,33,3695.7,924,0.008218897957,0.0003785145004,0.0002252953019,0.4224470947,0.703013844,0.5475673201,0.6461754439
qvarma,609,0,200,8,200,6,3961.1,199,0.01753092694,0.008861455993,0.002155207672,0.1862311552,0.8430060158,0.3776246343,0.7258871358
qvarma,610,0,200,8,200,26,3729.3,681,0.04725401148,0.008793293352,0.002969861281,0.5039215156,0.6649283155,0.8671028232,0.5355891425
qvarma,611,0,200,8,200,21,3788.5,505,0.0102683433,0.0008089165968,0.0006894385707,0.3610343357,0.7347353213,0.3910682804,0.7188719735
qvarma,612,0,200,8,200,18,3843.3,693,0.008115318626,0.001398425253,0.0001993066664,0.217013098,0.8216838435,0.5748369326,0.6349863781
qvarma,613,0,200,8,200,10,3897.2,799,0.008321266317,0.003558044212,0.0002443211036,0.1395030656,0.8775755241,0.532364308,0.65258633
qvarma,614,0,200,8,200,38,3622.6,647,0.01605115873,0.001598133254,0.001333099143,0.4015132626,0.7135144751,0.4396176951,0.6946288611
qvarma,615,0,200,8,200,37,3644.6,498,0.01826166026,0.0007811804322,0.0008226107935,0.6533781108,0.6048223292,0.6367120324,0.6109810279
qvarma,616,0,200,8,200,10,3892.4,799,0.008501812153,0.003932684949,0.0004370119045,0.1355710398,0.8806142152,0.4066912899,0.7108880301
qvarma,617,0,200,8,200,9,3932.4,536,0.01281742216,0.001758852307,0.0007603852746,0.3056229774,0.7659178931,0.4648189655,0.6826782173
qvarma,618,0,200,8,200,12,3892.0,657,0.01353167507,0.008308815829,0.0008025023009,0.1484506127,0.8707383573,0.4776704963,0.6767408583
qvarma,619,0,200,8,200,8,3935.0,282,0.009440395675,0.001296474148,0.0001655677267,0.2621852567,0.7922767238,0.7336726916,0.5768101469
qvarma,620,0,200,8,200,24,3729.9,702,0.0121059803,0.0003899401796,0.0005155919275,0.6130571602,0.6199408333,0.5331469245,0.6522532081
qvarma,621,0,200,8,200,8,3900.8,223,0.009030777227,0.003295673717,0.0005228395353,0.1573088024,0.8640736145,0.3949489096,0.7168721328
qvarma,622,0,200,8,200,44,3469.2,320,0.02585054424,0.002449854285,0.001339027701,0.5222753924,0.6569113611,0.7064393952,0.5860155378
qvarma,623,0,200,8,200,57,3352.9,806,0.01642899101,0.002314857227,0.003388129396,0.3414670376,0.7454525322,0.2822480161,0.7798803254
qvarma,624,0,200,8,200,7,3891.5,169,0.009278012557,0.001554038481,0.0006292859538,0.2353553482,0.8094836854,0.3698545254,0.7300045234
qvarma,625,0,200,8,200,5,3957.3,374,0.02247061864,0.001978386244,0.001031796314,0.5051955162,0.6643655188,0.6995488438,0.588391445
qvarma,626,0,200,8,200,21,3790.3,947,0.009511638252,0.00532723074,0.0005101400804,0.1303180494,0.884706743,0.4211245905,0.7036680716
qvarma,627,0,200,8,200,38,3553.3,603,0.01330776508,0.0004732193871,0.0008443428426,0.6117498357,0.6204436804,0.4579791562,0.6858808617
qvarma,628,0,200,8,200,22,3803.2,191,0.01295399311,0.001193242971,0.0004324011241,0.375006866,0.7272690957,0.6229601333,0.6161580802
qvarma,629,0,200,8,200,7,3943.0,850,0.009380212508,0.001062715548,0.0004321531862,0.2877425978,0.7765527068,0.45122569,0.6890726969
qvarma,630,0,200,8,200,57,3392.8,498,0.01825295461,0.002700859144,0.001662889211,0.3512224,0.7400706205,0.4476117888,0.6907929375
qvarma,631,0,200,8,200,24,3787.2,374,0.01821256122,0.005275447741,0.002144927742,0.2507502427,0.7995201327,0.393246342,0.7177481612
qvarma,632,0,200,8,200,76,3105.0,934,0.0130296926,0.00101479348,0.001122492875,0.4090207453,0.7097127586,0.3889039671,0.7199921835
qvarma,633,0,200,8,200,37,3637.0,692,0.02362587421,0.002616059878,0.002921223889,0.4619171078,0.6840333113,0.4371248191,0.6958337834
qvarma,634,0,200,8,200,13,3860.6,24,0.01004586981,0.0005786436807,0.000333556527,0.4176206243,0.7054073444,0.5500508295,0.6451401341
qvarma,635,0,200,8,200,28,3744.1,72,0.01121425531,0.003050322705,0.0008189127158,0.2030474527,0.8312224075,0.3918786758,0.7184534237
qvarma,636,0,200,8,200,27,3741.0,203,0.01503828201,0.006553623813,0.0008677868166,0.1857622533,0.843339377,0.5104952445,0.6620345239
qvarma,637,0,200,8,200,32,3626.7,657,0.0151661744,0.02642503639,0.00801537144,0.09329712238,0.9146644398,0.1694003173,0.8551391557
qvarma,638,0,200,8,200,16,3862.4,647,0.00853286686,0.00428549316,0.0005339596507,0.130345057,0.8846856045,0.3692672135,0.7303176401
qvarma,639,0,200,8,200,32,3710.1,741,0.008637276276,0.002745722281,0.001679727767,0.1648346489,0.8584909463,0.2107450393,0.8259377223
qvarma,640,0,200,8,200,31,3639.2,666,0.01022042144,0.003004487472,0.0007047577782,0.1864591094,0.8428440492,0.3849894827,0.7220271435
qvarma,641,0,200,8,200,17,3904.3,647,0.009472537816,0.0007194882976,0.0004760644962,0.3531461537,0.7390184699,0.4341436475,0.6972802213
qvarma,642,0,200,8,200,18,3810.4,603,0.01579064663,0.0003871890718,0.0004317684266,0.8024876718,0.5547888153,0.759931548,0.5682039174
qvarma,643,0,200,8,200,9,3960.7,647,0.008703690818,0.0006795991755,0.0003151778893,0.3338697204,0.7496984036,0.4902590098,0.671024294
qvarma,644,0,200,8,200,46,3414.9,505,0.009282539124,0.0006827777322,0.0005368525396,0.3552442965,0.7378743468,0.4006261398,0.713966398
qvarma,645,0,200,8,200,8,3928.4,795,0.007976117956,0.0009583661777,0.0003416228975,0.2576474383,0.7951354009,0.4315370437,0.698549859
qvarma,646,0,200,8,200,1,3988.8,666,0.0114522224,0.0008579835185,0.0002854234295,0.3909761815,0.7189195712,0.6778677355,0.5959945345
qvarma,647,0,200,8,200,0,4000.0,647,0.008069120858,0.0004180011963,0.0001415710213,0.3946730373,0.7170139332,0.678170724,0.5958869295
qvarma,648,0,200,8,200,32,3675.8,666,0.0165355852,0.005141607887,0.002796638496,0.2306057292,0.8126079509,0.3126809362,0.7617997431
qvarma,649,0,200,8,200,55,3484.5,770,0.01416276215,0.002241376302,0.0008990949624,0.2991510791,0.7697334175,0.4723296181,0.6791957369
qvarma,650,0,200,8,200,5,3968.8,169,0.0096738978,0.00102825214,0.0005706341036,0.3016835875,0.7682358521,0.4049697959,0.7117590733
qvarma,651,0,200,8,200,26,3703.3,957,0.01940242986,0.01284874976,0.001513938281,0.1711692259,0.853847572,0.4986571343,0.6672640306
qvarma,652,0,200,8,200,6,3920.1,782,0.009257889569,0.002378161062,0.0003861137064,0.1898415906,0.8404480125,0.4711447833,0.6797427496
qvarma,653,0,200,8,200,12,3879.7,713,0.01069267111,0.0008041961722,0.0003965252091,0.3770554374,0.7261871765,0.5369709701,0.6506303759
qvarma,654,0,200,8,200,30,3688.1,533,0.02181624931,0.002128088085,0.001667907886,0.4729173941,0.6789247,0.5341879128,0.6518106365
qvarma,655,0,200,8,200,7,3932.7,603,0.01106960123,0.0004518852287,0.0002698824067,0.5207363607,0.6575761755,0.6738212283,0.5974353671
qvarma,656,0,200,8,200,0,4000.0,693,0.008941844489,0.000329018667,0.0002394985489,0.4929658598,0.6698076808,0.5777975146,0.6337948886
qvarma,657,0,200,8,200,13,3870.4,657,0.0126895435,0.001005307343,0.0005733206485,0.4002179577,0.7141745287,0.5299650223,0.6536097136
qvarma,658,0,200,8,200,13,3837.3,505,0.01119513268,0.003042503534,0.0006430038788,0.2029615166,0.8312817877,0.4414916038,0.6937258582
qvarma,659,0,200,8,200,46,3620.3,934,0.0161137874,0.0007597356777,0.0004234503473,0.5846101733,0.6310700366,0.7830624209,0.5608328617
qvarma,660,0,200,8,200,16,3878.6,684,0.01224102539,0.001143454675,0.0005741993307,0.3619997924,0.7342145025,0.5108418368,0.6618826509
qvarma,661,0,200,8,200,24,3786.7,627,0.01708345775,0.001991283353,0.0007486837372,0.382832894,0.7231531766,0.6243477891,0.6156317057
qvarma,662,0,200,8,200,29,3709.6,947,0.008535772545,0.00203996701,0.000375942774,0.1889867087,0.8410522949,0.4402323601,0.6943324062
qvarma,663,0,200,8,200,23,3753.7,308,0.0543790569,0.001393833189,0.0006591974627,1.456552928,0.4070744776,2.117990012,0.3207194366
qvarma,664,0,200,8,200,16,3823.5,523,0.01164589244,0.001912490352,0.0005616248127,0.2663012152,0.7897015244,0.4914163833,0.6705035637
qvarma,665,0,200,8,200,20,3752.8,498,0.01887551861,0.002126355575,0.001011066686,0.4093369485,0.7095535252,0.5936206395,0.6275019131
qvarma,666,0,200,8,200,13,3876.5,5,0.009674723895,0.001301538215,0.008611456374,0.268169954,0.7885378429,0.1042558124,0.9055872641
qvarma,667,0,200,8,200,56,3335.9,642,0.01412584656,0.001608214523,0.001360869179,0.3522431,0.7395120004,0.3829184528,0.7231084364
qvarma,668,0,200,8,200,39,3555.9,731,0.01289969652,0.0008574187095,0.001414546127,0.4405376342,0.6941852655,0.3429816902,0.7446117898
qvarma,669,0,200,8,200,35,3621.7,669,0.01118156296,0.0006895760411,0.0004058935072,0.4258056616,0.7013578547,0.555004445,0.6430849784
qvarma,670,0,200,8,200,12,3883.9,704,0.01363780621,0.003893523431,0.0004376446087,0.2185612262,0.8206399305,0.6519041166,0.6053620122
qvarma,671,0,200,8,200,43,3569.9,627,0.01588189616,0.001404761803,0.0008000002969,0.4237415075,0.70237469,0.5615097194,0.6404058762
qvarma,672,0,200,8,200,16,3850.5,672,0.01668189155,0.004608152751,0.000547997646,0.2457433986,0.8027335334,0.7126166201,0.5839018425
qvarma,673,0,200,8,200,1,3995.2,382,0.009860976408,0.001253486526,0.0001650551683,0.2785223718,0.782152915,0.7675476669,0.5657556052
qvarma,674,0,200,8,200,91,2941.3,18,0.04916461452,0.007685628008,0.008418059723,0.5608063961,0.6406944529,0.5358541976,0.6511034717
qvarma,675,0,200,8,200,29,3753.6,189,0.009639213597,0.003492455338,0.002217459856,0.1631083421,0.8597651343,0.2046980572,0.8300835168
qvarma,676,0,200,8,200,34,3700.1,603,0.02192367196,0.001699360122,0.001828026413,0.5318272472,0.6528151277,0.5127693546,0.6610393032
qvarma,677,0,200,8,200,17,3827.7,767,0.01556591271,0.01007733311,0.0007648220111,0.1550607154,0.8657553552,0.5628522436,0.6398557535
qvarma,678,0,200,8,200,11,3898.2,799,0.005979339236,0.000362931972,0.0001291712805,0.3138633309,0.7611141711,0.5261023131,0.6552640615
qvarma,679,0,200,8,200,36,3658.7,562,0.01306550622,0.01043503782,0.002079811728,0.1279025571,0.8866014122,0.2864931415,0.7773069034
qvarma,680,0,200,8,200,47,3440.4,947,0.007761250341,0.0007482530861,0.03875261265,0.2837314213,0.7789791411,0.03942586207,0.9620695775
qvarma,681,0,200,8,200,32,3793.1,947,0.008846172002,0.0006905640319,0.003842694152,0.3366304536,0.7481499448,0.1427044347,0.8751169328
qvarma,682,0,200,8,200,12,3883.3,504,0.009051162812,0.002590845494,0.0003460025738,0.177821234,0.8490252774,0.4865917175,0.6726796525
qvarma,683,0,200,8,200,8,3958.6,256,0.01553098231,0.002315308771,0.000797244943,0.3227709694,0.7559887714,0.5500511012,0.645140021
qvarma,684,0,200,8,200,3,3957.7,523,0.009372245244,0.001327703651,0.0002694706442,0.2572130916,0.7954101072,0.5709366388,0.6365629111
qvarma,685,0,200,8,200,31,3683.8,624,0.01187901297,0.002912839812,0.001204996061,0.2201010202,0.8196042651,0.3422059394,0.7450421509
qvarma,686,0,200,8,200,47,3464.1,533,0.01377593114,0.004250276925,0.002638554581,0.2113062533,0.8255550545,0.2681871234,0.7885271673
qvarma,687,0,200,8,200,15,3862.4,919,0.009333983994,0.001071774526,0.000398430905,0.2851118949,0.7781423578,0.4676172708,0.681376555
qvarma,688,0,200,8,200,34,3695.2,749,0.02174806518,0.002718733812,0.001233009531,0.417097207,0.7056678928,0.6193518071,0.6175310366
qvarma,689,0,200,8,200,20,3820.1,689,0.007808394498,0.0008832737529,0.0003106166297,0.2627326729,0.7919332583,0.4430465868,0.6929783204
qvarma,690,0,200,8,200,2,3983.0,223,0.01373637478,0.003890915786,0.0008556569144,0.2202146543,0.8195279384,0.4695937406,0.6804601655
qvarma,691,0,200,8,200,42,3578.3,534,0.01408829484,0.001511920371,0.0006726613408,0.3623213891,0.73404118,0.5432005458,0.648003918
qvarma,692,0,200,8,200,60,3388.1,498,0.01825346044,0.001834529407,0.001976317274,0.4261699956,0.7011786835,0.4105980435,0.7089191741
qvarma,693,0,200,8,200,19,3821.1,693,0.006786784502,0.0007312794188,0.0004082344725,0.2509703313,0.7993794696,0.3358993952,0.7485593628
qvarma,694,0,200,8,200,26,3789.9,536,0.0129666516,0.002841328983,0.0004045466717,0.2432579717,0.8043382972,0.6446790032,0.6080213817
qvarma,695,0,200,8,200,78,3142.1,101,0.02152948032,0.002141225677,0.004425615782,0.4652670805,0.6824694373,0.3236284501,0.7554990223
qvarma,696,0,200,8,200,67,3227.5,692,0.02844817638,0.001840747813,0.002464928936,0.6630668033,0.601298756,0.5729968446,0.6357291837
qvarma,697,0,200,8,200,7,3954.3,199,0.01740949294,0.005220772236,0.0004653954049,0.2409454607,0.8058371876,0.8070028655,0.5534025535
qvarma,698,0,200,8,200,46,3570.2,718,0.03482254876,0.00818758433,0.002156012759,0.3848421764,0.7221039459,0.7499544594,0.5714434422
qvarma,699,0,200,8,200,12,3903.4,924,0.01459099988,0.003416307943,0.0007042756175,0.2496356168,0.8002332732,0.5498113834,0.6452398083
qvarma,700,0,200,8,200,10,3876.3,947,0.009467286297,0.0009692608259,0.0003110103441,0.3040921299,0.7668169887,0.5368316267,0.6506893681
qvarma,701,0,200,8,200,2,3981.9,202,0.01992873392,0.008362223659,0.0005671053055,0.2179309034,0.8210646411,0.8368504491,0.5444101345
qvarma,702,0,200,8,200,14,3805.4,554,0.01335437458,0.0005730514321,0.000326133764,0.5578619655,0.6419053948,0.7394787055,0.574884876
qvarma,703,0,200,8,200,1,3987.4,806,0.01583644133,0.002513042908,0.0004741584379,0.3159058325,0.7599327971,0.7272703034,0.5789481808
qvarma,704,0,200,8,200,20,3779.6,704,0.009186327912,0.000606337055,0.0003273335571,0.3730653283,0.7282974665,0.5077461965,0.6632416002
qvarma,705,0,200,8,200,77,3013.9,999,0.03710905097,0.005437005374,0.005449127328,0.503268753,0.6652170465,0.5027086635,0.6654649862
qvarma,706,0,200,8,200,12,3917.9,996,0.01207981264,0.005076057785,0.0006568335637,0.1695496586,0.8550299619,0.4713380817,0.6796534477
qvarma,707,0,200,8,200,33,3509.6,480,0.01782323972,0.002832636594,0.0008690506899,0.3348815473,0.7491301397,0.6045943634,0.6232104654
qvarma,708,0,200,8,200,28,3686.2,335,0.01288509967,0.001127150588,0.002063711824,0.3837927896,0.7226515469,0.2836372435,0.7790362932
qvarma,709,0,200,8,200,36,3595.2,704,0.01484922214,0.006017567507,0.0006204648581,0.1914226035,0.8393327414,0.5961356713,0.626513158
qvarma,710,0,200,8,200,20,3809.0,189,0.00898461272,0.001974750852,0.001388679795,0.2021823345,0.8318205744,0.2411006068,0.8057364524
qvarma,711,0,200,8,200,0,4000.0,782,0.01330709829,0.008113003913,0.0005162256688,0.1477381043,0.8712789061,0.5856842791,0.6306425643
qvarma,712,0,200,8,200,28,3775.1,395,0.02103406795,0.0008568655073,0.0005084011851,0.71856646,0.581880319,0.9328675696,0.5173660191
qvarma,713,0,200,8,200,2,3991.8,647,0.009449750751,0.0004088369027,0.0001863735351,0.4673532949,0.6814991342,0.6921946401,0.5909485684
qvarma,714,0,200,8,200,24,3729.1,666,0.01122339835,0.002962687027,0.001239669576,0.2061965951,0.8290522491,0.3187655694,0.7582848864
qvarma,715,0,200,8,200,49,3398.5,914,0.02948298639,0.003211780416,0.001932778873,0.5202337807,0.6577935661,0.6706260003,0.598578018
qvarma,716,0,200,8,200,15,3855.2,608,0.01095263501,0.006206113588,0.0004023674532,0.1390300744,0.8779399442,0.5460182934,0.6468228767
qvarma,717,0,200,8,200,39,3629.4,320,0.015453096,0.00084165665,0.000359280406,0.5326574713,0.6524615048,0.8152648837,0.5508837905
qvarma,718,0,200,8,200,34,3631.3,98,0.009801570497,0.0004255424736,0.0005829281611,0.4751428639,0.6779004424,0.4059645858,0.7112554684
qvarma,719,0,200,8,200,67,3121.6,657,0.02288475224,0.007226665285,0.0105025917,0.2692013571,0.787897046,0.2233047565,0.8174577877
qvarma,720,0,200,8,200,28,3766.2,914,0.01554220485,0.001292124943,0.0006339674259,0.4323747996,0.6981412967,0.6172756662,0.618323778
qvarma,721,0,200,8,200,9,3946.9,77,0.0105170059,0.007686202809,0.0006296055289,0.1199599284,0.8928890889,0.4191387858,0.7046527161
qvarma,722,0,200,8,200,49,3484.2,724,0.009559396337,0.003570894805,0.001590508844,0.1599712505,0.8620903316,0.2396969036,0.8066487841
qvarma,723,0,200,8,200,12,3920.3,666,0.009742929491,0.003398871034,0.0005588541917,0.1671176102,0.8568116797,0.4121357642,0.7081472089
qvarma,724,0,200,8,200,53,3378.9,724,0.00843501469,0.0006889647481,0.0002607918199,0.3213566879,0.7567979253,0.5223226522,0.6568909676
qvarma,725,0,200,8,200,8,3927.1,523,0.01100796798,0.001273553694,0.000362369948,0.3084597681,0.7642573539,0.5782705441,0.6336049315
qvarma,726,0,200,8,200,37,3496.7,505,0.01746544309,0.002267698531,0.0005887254053,0.3667642094,0.7316550968,0.7198188565,0.5814565855
qvarma,727,0,200,8,200,21,3772.0,603,0.01180712284,0.0005584550952,0.0004220999924,0.4996316628,0.6668304123,0.5746936645,0.6350441502
qvarma,728,0,200,8,200,34,3614.4,565,0.007994678565,0.0005693972572,0.000354281068,0.3350374247,0.7490426721,0.4247437866,0.7018805833
qvarma,729,0,200,8,200,34,3658.5,647,0.007634628947,0.001515488612,0.0004854143003,0.1961153539,0.8360397655,0.3465226695,0.7426536683
qvarma,730,0,200,8,200,5,3865.3,973,0.008555813937,0.002103981586,8456733.409,0.186526424,0.8427962326,2.942117487e-06,0.9999970579
qvarma,731,0,200,8,200,23,3788.4,642,0.0146963503,0.0003812557022,0.0004130133884,0.7526643069,0.5705599162,0.7231484008,0.5803330691
qvarma,732,0,200,8,200,42,3436.5,101,0.02409141216,0.002371126198,0.002532739156,0.4947489979,0.6690086439,0.4787039658,0.6762678826
qvarma,733,0,200,8,200,15,3858.3,562,0.01835270954,0.002308693781,0.0008898094909,0.3819592437,0.7236103413,0.6152500737,0.6190991824
qvarma,734,0,200,8,200,7,3921.4,768,0.03203629801,0.004513631776,0.0005799254664,0.4768472274,0.6771181077,1.33032035,0.4291255491
qvarma,735,0,200,8,200,48,3441.5,603,0.01619896267,0.004026478653,0.001222761804,0.2552845337,0.7966321365,0.4632509008,0.6834097962
qvarma,736,0,200,8,200,48,3563.2,227,0.01958646206,0.003902971745,0.00178117033,0.3135149767,0.7613160244,0.4640911316,0.6830175926
qvarma,737,0,200,8,200,57,3336.7,223,0.01083663204,0.005194982745,0.01444283807,0.1503495984,0.8693009511,0.09017124293,0.9172870836
qvarma,738,0,200,8,200,42,3732.5,98,0.0171952658,0.005470194826,0.0009774367114,0.2324917231,0.8113644751,0.5500023817,0.645160299
qvarma,739,0,200,8,200,22,3670.1,739,0.009134502194,0.0007321953854,0.0001810877848,0.3375758662,0.7476211445,0.6787976129,0.5956644162
qvarma,740,0,200,8,200,41,3599.1,914,0.0165450848,0.001854604075,0.0007758474083,0.3841876434,0.7224454031,0.5939923347,0.627355589
qvarma,741,0,200,8,200,17,3842.3,741,0.006518034005,0.0004808207055,0.0003914155353,0.2972521751,0.7708601451,0.3294561299,0.7521872874
qvarma,742,0,200,8,200,30,3677.4,911,0.02033288675,0.003330426048,0.001067413385,0.3523296111,0.7394646925,0.6223471707,0.6163908799
qvarma,743,0,200,8,200,24,3804.1,403,0.01574774908,0.004292427279,0.003997756433,0.2403626664,0.8062158166,0.2490636342,0.8005997233
qvarma,744,0,200,8,200,3,3969.2,656,0.008221559292,0.0008067537482,0.0001460021514,0.2894567605,0.7755203824,0.6804160751,0.5950907128
qvarma,745,0,200,8,200,13,3864.9,947,0.01048461474,0.000199963596,0.0003580534429,0.7414416998,0.5742368522,0.5540877514,0.6434643083
qvarma,746,0,200,8,200,20,3720.0,799,0.009512647666,0.0002582019555,0.0002424910627,0.5919999198,0.6281407352,0.6108766753,0.620779986
qvarma,747,0,200,8,200,26,3737.3,746,0.0153766273,0.003324385352,0.0005288619823,0.2666891873,0.789459648,0.6686362433,0.5992917893
qvarma,748,0,200,8,200,23,3798.4,629,0.01016698478,0.001980837095,0.00110143272,0.2284377075,0.8140420909,0.3063466859,0.765493579
qvarma,749,0,200,8,200,42,3601.6,498,0.02151602064,0.001296191641,0.002053988264,0.597623056,0.6259298752,0.4747478136,0.678082036
qvarma,750,0,200,8,200,41,3565.4,105,0.03150118396,0.002083880582,0.002555634626,0.6900657347,0.5916929617,0.6231283278,0.6160942317
qvarma,751,0,200,8,200,8,3913.1,782,0.01197112237,0.0007346231091,0.001245854718,0.4416747555,0.6936377267,0.3391573003,0.7467382658
qvarma,752,0,200,8,200,28,3683.8,656,0.008958648313,0.0009905719198,0.0002935708825,0.2846423273,0.7784267876,0.5228606986,0.6566588795
qvarma,753,0,200,8,200,46,3445.7,498,0.01682314125,0.001533665299,0.001745799933,0.4295777666,0.6995072415,0.4026334525,0.7129446387
qvarma,754,0,200,8,200,40,3493.3,379,0.01370120282,0.0008421100626,0.0009995282895,0.4721437736,0.6792814791,0.4333723011,0.6976554516
qvarma,755,0,200,8,200,1,3991.6,693,0.01056103895,0.005017204007,0.0004480884714,0.1490993548,0.8702467683,0.4989129297,0.6671501594
qvarma,756,0,200,8,200,21,3797.9,620,0.01397732881,0.002378640886,0.0007278361058,0.2865891485,0.7772488997,0.5180925937,0.6587213482
qvarma,757,0,200,8,200,22,3686.2,196,0.0217186086,0.00556569666,0.00175655983,0.2911201272,0.7745212695,0.5182037189,0.658673133
qvarma,758,0,200,8,200,7,3944.5,844,0.009134128821,0.003687573809,0.0001442423295,0.1504169476,0.8692500593,0.7605377378,0.568008273
qvarma,759,0,200,8,200,24,3748.7,98,0.01978611165,0.002004913407,0.0007595506435,0.4418884451,0.6935349287,0.7179299767,0.5820959024
qvarma,760,0,200,8,200,23,3742.9,924,0.01658602857,0.004402508117,0.00149596859,0.2499725534,0.8000175662,0.4288260618,0.6998752519
qvarma,761,0,200,8,200,21,3750.2,947,0.007338991064,0.00181591842,0.000969272281,0.1722218269,0.8530808564,0.2357292434,0.8092387595
qvarma,762,0,200,8,200,87,3055.3,22,0.01010264558,0.002358627867,0.001841548683,0.2080201498,0.8278007616,0.2354200867,0.8094412668
qvarma,763,0,200,8,200,39,3645.5,749,0.02899747673,0.00213306924,0.001744514407,0.6278526507,0.6143062147,0.6942612541,0.5902277453
qvarma,764,0,200,8,200,51,3514.5,191,0.01276849995,0.00315364009,0.00114659863,0.2273703421,0.8147500112,0.377080583,0.7261739163
qvarma,765,0,200,8,200,19,3847.3,256,0.01285851014,0.006283842349,0.001933807614,0.1622101445,0.8604295916,0.2924044776,0.7737515749
qvarma,766,0,200,8,200,35,3649.4,502,0.01703408932,0.002224954916,0.0009735064507,0.36112563,0.7346860407,0.5459457674,0.6468532215
qvarma,767,0,200,8,200,9,3946.4,767,0.01246361922,0.0009195391163,0.0002481294504,0.4110163215,0.708709024,0.7912341356,0.5582743094
qvarma,768,0,200,8,200,20,3807.9,58,0.01092195998,0.0005940973908,0.0004176667301,0.4480967132,0.6905616116,0.5344236142,0.6517105125
qvarma,769,0,200,8,200,22,3736.3,505,0.01077475946,0.0007479454599,0.0004019534703,0.3939785871,0.7173711341,0.5374272611,0.6504372762
qvarma,770,0,200,8,200,16,3807.0,22,0.007822612623,0.0004476150675,0.00141972547,0.3697425873,0.7300641809,0.2076106545,0.8280814651
qvarma,771,0,200,8,200,4,3976.9,272,0.01338441604,0.003490598445,0.0005369095832,0.2265423923,0.8152999899,0.5776288151,0.6338626618
qvarma,772,0,200,8,200,33,3844.1,103,0.01697665475,0.001728161153,0.0002388613504,0.4083757992,0.7100377617,1.098447172,0.476542852
qvarma,773,0,200,8,200,57,3410.0,642,0.01363153934,0.0008611903917,0.0009113574868,0.4645102625,0.6828221185,0.4515444602,0.6889213713
qvarma,774,0,200,8,200,54,3381.0,534,0.01114670711,0.001728131469,0.007717776615,0.268137898,0.7885577756,0.1268821379,0.8874042514
qvarma,775,0,200,8,200,26,3727.6,791,0.02234294484,0.004154067246,0.004184780255,0.3466599356,0.7425779691,0.3453854868,0.7432813939
qvarma,776,0,200,8,200,105,2901.0,886,0.1475904233,0.006140885424,3.082458889,1.883400499,0.3468127305,0.08406389948,0.9224548484
qvarma,777,0,200,8,200,36,3573.6,603,0.02137445303,0.001116473545,0.0003711077246,0.6396918116,0.6098707043,1.109545235,0.4740358174
qvarma,778,0,200,8,200,27,3719.5,335,0.01279231233,0.004256246161,0.0009616229694,0.1960810779,0.8360637239,0.4125215493,0.7079538011
qvarma,779,0,200,8,200,10,3912.2,554,0.01182418989,0.0009477572366,0.0002634474869,0.3840810153,0.7225010595,0.7284912933,0.5785392173
qvarma,780,0,200,8,200,36,3602.2,642,0.01411273453,0.001881399287,0.001215262941,0.3253648886,0.7545091986,0.4048331287,0.7118283158
qvarma,781,0,200,8,200,21,3798.3,98,0.009686040885,0.0009477320272,0.0005925647758,0.3146324552,0.760668882,0.3979040705,0.7153566694
qvarma,782,0,200,8,200,20,3820.5,782,0.005604524414,0.0002335207401,0.0005423689153,0.3667549939,0.7316600301,0.2406530498,0.8060271162
qvarma,783,0,200,8,200,43,3597.5,656,0.007695456444,0.0003675764338,0.0001705871563,0.4013844601,0.7135800549,0.5891979398,0.6292482358
qvarma,784,0,200,8,200,36,3322.7,519,0.01511006521,0.001994270021,0.0004838279412,0.3383563709,0.7471851457,0.6869432587,0.5927881657
qvarma,785,0,200,8,200,34,3548.1,656,0.008789853542,0.001899804944,0.0004140563267,0.2016634219,0.8321797783,0.4319683488,0.6983394576
qvarma,786,0,200,8,200,17,3876.2,996,0.0147521065,0.004746393539,0.000961869267,0.2141273622,0.8236368203,0.4756593244,0.6776631865
qvarma,787,0,200,8,200,28,3737.3,656,0.0133598412,0.007069033859,0.001232721669,0.158899037,0.8628879377,0.3805123711,0.7243687351
qvarma,788,0,200,8,200,19,3814.1,947,0.009211379075,0.00102438704,0.0005074428423,0.2878012113,0.7765173625,0.4089131619,0.7097669516
qvarma,789,0,200,8,200,3,3962.7,124,0.01267707278,0.0007665197963,0.0003634643146,0.4578859271,0.6859247225,0.6649486288,0.6006191319
qvarma,790,0,200,8,200,7,3928.1,795,0.01235236502,0.01116835254,0.0007494542114,0.116884133,0.8953480227,0.4512088036,0.689080715
qvarma,791,0,200,8,200,28,3744.2,603,0.01423053225,0.0006977684493,0.0009823760458,0.5387229531,0.6498895711,0.454027608,0.6877448506
qvarma,792,0,200,8,200,16,3839.8,666,0.0116341349,0.0007918215561,0.000734826401,0.4134475616,0.7074899891,0.4291822177,0.6997008412
qvarma,793,0,200,8,200,39,3563.4,620,0.0123566737,0.002088451733,0.001077702828,0.2703892102,0.7871603379,0.3764021255,0.7265318626
qvarma,794,0,200,8,200,2,3989.5,536,0.01193448173,0.004222846545,0.0003487230757,0.1836542209,0.8448413247,0.6390917639,0.6100939691
qvarma,795,0,200,8,200,2,3991.8,795,0.00921693836,0.0007502722623,0.0002639580285,0.3364939325,0.7482263673,0.5673084404,0.6380365053
qvarma,796,0,200,8,200,21,3785.0,320,0.01626534315,0.001313675815,0.0006025208527,0.4487651546,0.6902429954,0.6626392992,0.6014533642
qvarma,797,0,200,8,200,41,3534.1,505,0.0182192104,0.00458901906,0.001550631536,0.2689488059,0.7880538563,0.4626741599,0.6836792687
qvarma,798,0,200,8,200,78,3058.6,934,0.01388580739,0.002211506613,0.001891673802,0.2952752295,0.7720366894,0.3192625751,0.7579992178
qvarma,799,0,200,8,200,35,3625.0,799,0.008243843972,0.0001906381332,0.0002158131373,0.5970694841,0.6261468333,0.5611653207,0.640547152
qvarma,800,0,200,8,200,39,3548.5,749,0.02351492445,0.001952518416,0.001466457138,0.5321646451,0.6526713713,0.6140573032,0.6195566899
qvarma,801,0,200,8,200,45,3517.4,750,0.02670533233,0.003987832335,0.002525159221,0.4228920702,0.7027939933,0.5314392215,0.6529805336
qvarma,802,0,200,8,200,1,3974.9,624,0.01345810283,0.00247845755,0.0009433272526,0.2703292876,0.787197469,0.4381801015,0.6953232067
qvarma,803,0,200,8,200,13,3859.3,523,0.009893664233,0.002235195747,0.0006180929246,0.2092663436,0.8269476822,0.3979516239,0.7153323355
qvarma,804,0,200,8,200,22,3786.3,642,0.01396090415,0.0006222208735,0.0006267664587,0.5596818938,0.6411563819,0.5576486713,0.6419932931
qvarma,805,0,200,8,200,20,3783.4,249,0.01032344198,0.0007650219909,0.0004139007224,0.3732394679,0.7282051116,0.5074303381,0.6633805721
qvarma,806,0,200,8,200,25,3791.4,666,0.008981994741,0.002548430808,0.00133816336,0.1779247536,0.8489506625,0.245537726,0.8028660868
qvarma,807,0,200,8,200,2,3977.7,504,0.01347435855,0.001878651918,0.000387676296,0.3108743853,0.7628495996,0.6843424432,0.5937034978
qvarma,808,0,200,8,200,79,3079.7,745,0.02376254527,0.0230209354,0.002103106371,0.1566143218,0.8645924412,0.5181581552,0.6586929014
qvarma,809,0,200,8,200,11,3934.5,799,0.008761454758,0.001102400057,0.0002996378513,0.2638800813,0.7912143049,0.5061484202,0.6639451907
qvarma,810,0,200,8,200,15,3876.6,308,0.1047383259,0.0005945551221,0.0002460224879,4.295458876,0.1888410473,6.67756655,0.1302496036
qvarma,811,0,200,8,200,27,3770.4,382,0.0135185987,0.002964671185,0.001767832812,0.2482809566,0.8011017029,0.321522286,0.756703092
qvarma,812,0,200,8,200,28,3763.1,98,0.01610580828,0.02076957533,0.006239893592,0.1117554513,0.8994783869,0.2038890645,0.8306413186
qvarma,813,0,200,8,200,29,3622.3,178,0.02149080841,0.006432930904,0.001452026689,0.2679466361,0.7886767247,0.5639822723,0.6393934367
qvarma,814,0,200,8,200,11,3911.9,1,0.008633676632,0.003145095128,0.0003166155751,0.1539497137,0.8665888887,0.485209886,0.6733055102
qvarma,815,0,200,8,200,23,3715.0,98,0.01735356715,0.01034169536,0.003093559201,0.1706447339,0.8542301273,0.3120035568,0.7621930557
qvarma,816,0,200,8,200,74,3115.6,202,0.02503649059,0.001723617701,0.0008472959342,0.6030495257,0.6238110451,0.8601137526,0.5376015304
qvarma,817,0,200,8,200,2,3989.8,666,0.01050961896,0.001279844779,0.0002742817302,0.2937705929,0.7729345569,0.6345831413,0.6117767734
qvarma,818,0,200,8,200,8,3918.3,647,0.008021775244,0.00368009799,0.0006074399747,0.1322332884,0.8832102096,0.3254758765,0.7544460203
qvarma,819,0,200,8,200,15,3858.1,799,0.0144451486,0.005475792406,0.0006311849413,0.195208411,0.8366741656,0.5749680328,0.6349335219
qvarma,820,0,200,8,200,26,3743.6,620,0.01176517905,0.00151597811,0.0006400291849,0.3021705087,0.7679485853,0.4650489326,0.682571058
qvarma,821,0,200,8,200,18,3842.0,72,0.0106082462,0.003162394924,0.0007713015083,0.1886407604,0.8412970793,0.3819719749,0.7236036751
qvarma,822,0,200,8,200,34,3679.1,603,0.01460072098,0.000430182023,0.0004494179465,0.7039603084,0.5868681301,0.6887301516,0.5921609199
qvarma,823,0,200,8,200,16,3845.9,799,0.008883245225,0.0004285556739,0.0003581407285,0.4291093982,0.6997364941,0.4694018477,0.6805490286
qvarma,824,0,200,8,200,22,3796.2,320,0.01450589427,0.00130831405,0.0006180139074,0.4010407511,0.7137551133,0.5835060771,0.6315100488
qvarma,825,0,200,8,200,54,3416.5,534,0.01287176606,0.004210042746,0.002367349283,0.1983786294,0.8344608085,0.2645495142,0.7907954483
qvarma,826,0,200,8,200,16,3761.9,374,0.08537865238,0.005205129608,0.03497953354,1.183405332,0.458000164,0.4565015839,0.686576665
qvarma,827,0,200,8,200,2,3819.4,374,0.02282064243,0.003107416556,0.00123554173,0.4093814204,0.7095311358,0.6492308631,0.6063432491
qvarma,828,0,200,8,200,28,3706.6,505,0.008520406849,0.0002621758753,0.0003061566359,0.5262159037,0.6552152927,0.4869546241,0.6725154782
qvarma,829,0,200,8,200,41,3660.8,724,0.01165521253,0.005221371853,0.001123147815,0.1612975925,0.8611057204,0.3477777063,0.7419621168
qvarma,830,0,200,8,200,105,2866.0,830,0.01071740962,0.0005451914915,0.0001614850817,0.459002758,0.6853996639,0.8433806372,0.542481558
qvarma,831,0,200,8,200,39,3561.8,264,0.01791556822,0.004308288831,0.001294300934,0.2729469097,0.7855787169,0.4979812085,0.6675651165
qvarma,832,0,200,8,200,55,3407.9,320,0.01551532822,0.0008013499882,0.0006360672616,0.54808744,0.6459583446,0.6151902529,0.6191221116
qvarma,833,0,200,8,200,18,3817.3,741,0.01033871497,0.0008961976446,0.0006470330643,0.3453541374,0.7432987139,0.4064464411,0.7110117888
qvarma,834,0,200,8,200,5,3931.8,850,0.01326724751,0.004176686815,0.0004867049489,0.2052886202,0.8296767955,0.6013785729,0.6244619585
qvarma,835,0,200,8,200,133,2217.9,20,0.06484338741,0.01368908549,0.003067120553,0.5542152558,0.6434115199,1.170847333,0.4606496204
qvarma,836,0,200,8,200,22,3795.2,799,0.008185217037,0.002816880893,0.0002681165118,0.1542218674,0.8663845559,0.4998830595,0.6667186443
qvarma,837,0,200,8,200,23,3770.4,202,0.02078454712,0.004047853531,0.0006698757512,0.3266842307,0.753758865,0.8030515736,0.5546153059
qvarma,838,0,200,8,200,19,3767.2,403,0.0127676543,0.004953404111,0.001398606978,0.1814091694,0.8464467907,0.3413998058,0.7454898947
qvarma,839,0,200,8,200,84,3073.3,189,0.009424562553,0.004424201913,0.0005770055528,0.1416914784,0.8758933731,0.3923477849,0.7182113628
qvarma,840,0,200,8,200,15,3890.3,643,0.00990804118,0.001589167425,0.0003468823116,0.2485438239,0.8009330396,0.53198174,0.6527492945
qvarma,841,0,200,8,200,16,3870.6,335,0.01459815636,0.003017803815,0.0007671476438,0.2657372947,0.790053358,0.52705815,0.6548539098
qvarma,842,0,200,8,200,47,3516.9,746,0.01257126071,0.001239102278,0.000598136734,0.3571291133,0.7368495674,0.5140183174,0.6604939904
qvarma,843,0,200,8,200,10,3891.1,844,0.01037115821,0.005284773117,0.0002128401179,0.1426638979,0.8751479782,0.7108869044,0.5844921704
qvarma,844,0,200,8,200,2,3952.1,844,0.006145592712,0.0009028183854,0.0002591742087,0.204533089,0.8301972018,0.381740189,0.7237250592
qvarma,845,0,200,8,200,3,3959.5,666,0.01472366887,0.002883984209,0.00109726486,0.2741697921,0.784824759,0.4444882718,0.6922866869
qvarma,846,0,200,8,200,29,3638.8,799,0.00909640725,0.0007150188949,0.0005172208247,0.3401818483,0.7461673961,0.3999741227,0.7142989173
qvarma,847,0,200,8,200,15,3861.8,468,0.01199766368,0.00461901591,0.002262957284,0.1765313956,0.849956069,0.2522077952,0.7985895024
qvarma,848,0,200,8,200,89,2882.1,454,0.05663411469,0.004310256045,0.003127551937,0.8626340192,0.53687412,1.012688436,0.4968478887
qvarma,849,0,200,8,200,50,3430.7,533,0.01147792863,0.002641940684,0.002761027192,0.2233068208,0.8174564083,0.2184379932,0.8207229301
qvarma,850,0,200,8,200,5,3954.5,850,0.008558944155,0.0005085137173,0.000249095372,0.3795498782,0.7248741171,0.5422972016,0.6483834627
qvarma,851,0,200,8,200,32,3586.0,603,0.0190075806,0.001329643123,0.0009280965133,0.5212658755,0.6573472896,0.6239219579,0.615793139
qvarma,852,0,200,8,200,34,3682.6,335,0.01199651394,0.003058062939,0.00133928075,0.2169361125,0.8217358247,0.3278077747,0.7531210609
qvarma,853,0,200,8,200,37,3562.3,533,0.01546983459,0.001734513527,0.002769764836,0.3714469738,0.7291568825,0.2939437439,0.7728311256
qvarma,854,0,200,8,200,67,3547.0,199,0.02435564643,0.006251262667,0.003382571908,0.3080461512,0.7644990195,0.4187705592,0.7048356012
qvarma,855,0,200,8,200,16,3847.4,642,0.01774093051,0.0009580986171,0.0006672836802,0.5731539478,0.6356656965,0.6867855407,0.5928435927
qvarma,856,0,200,8,200,21,3813.3,22,0.008064303723,0.0004608864192,0.0005479499592,0.3756383468,0.726935246,0.3445057117,0.7437677589
qvarma,857,0,200,8,200,44,3489.7,791,0.02515593974,0.01576567605,0.002525382267,0.2003476471,0.8330919816,0.500584021,0.6664072028
qvarma,858,0,200,8,200,13,3818.7,505,0.01532542142,0.01277063855,0.001606422625,0.1356144975,0.8805805158,0.3823688629,0.7233959233
qvarma,859,0,200,8,200,16,3820.3,866,0.02232509123,0.001261696888,0.0004254006473,0.6285151149,0.6140563209,1.082415915,0.4802114663
qvarma,860,0,200,8,200,9,3896.5,724,0.0124617277,0.0007612715928,0.0005330655448,0.4516566877,0.6888681108,0.5397441589,0.6494585443
qvarma,861,0,200,8,200,78,3104.6,505,0.02643766169,0.001389582155,0.002327568611,0.7092199224,0.5850622187,0.5479889422,0.6459994466
qvarma,862,0,200,8,200,45,3615.5,505,0.01279207973,0.001626131096,0.0004076688788,0.3172220594,0.7591734384,0.6335594573,0.6121601485
qvarma,863,0,200,8,200,40,3598.5,534,0.01284941809,0.003348778216,0.001186614737,0.2220446263,0.818300722,0.3730169712,0.7283231169
qvarma,864,0,200,8,200,53,3319.6,957,0.01634717473,0.01690600831,0.005162339369,0.1257251509,0.8883162992,0.2275199214,0.81465073
qvarma,865,0,200,8,200,64,3209.9,308,0.1135576233,0.03829393363,0.006998055557,0.580298308,0.6327919197,1.357461751,0.424185037
qvarma,866,0,200,8,200,28,3731.7,746,0.01377568042,0.0009387113522,0.0004493243026,0.4496214523,0.6898352659,0.6498798995,0.6061047233
qvarma,867,0,200,8,200,32,3567.4,934,0.02217621894,0.003745517865,0.001561909501,0.3623527521,0.7340242815,0.561124934,0.6405637231
qvarma,868,0,200,8,200,0,3976.0,666,0.01242355695,0.002587754246,0.0007563124325,0.244221807,0.8037152173,0.4517470606,0.688825228
qvarma,869,0,200,8,200,80,3038.8,379,0.01485845867,0.001392987595,0.001141279761,0.3981072953,0.7152526872,0.4398227633,0.6945299279
qvarma,870,0,200,8,200,16,3880.6,823,0.009947785971,0.0006527337826,0.0003490030738,0.3893663245,0.7197525824,0.5324904297,0.6525326231
qvarma,871,0,200,8,200,36,3650.8,642,0.0133291544,0.001034868158,0.0005992357278,0.4143430767,0.70704203,0.5445073534,0.647455642
qvarma,872,0,200,8,200,67,3224.3,671,0.01623374883,0.003409522062,0.003319546039,0.278017459,0.7824619241,0.2817600879,0.7801772028
qvarma,873,0,200,8,200,22,3784.7,666,0.01681485129,0.004050027836,0.003033277622,0.2642189892,0.7910021987,0.3053071325,0.7661032221
qvarma,874,0,200,8,200,9,3943.6,169,0.01112402429,0.001286732425,0.0004988118009,0.3101114531,0.7632938386,0.4980736526,0.667523922
qvarma,875,0,200,8,200,40,3554.5,634,0.01051068698,0.0006869850191,0.0008649527547,0.4010120927,0.7137697135,0.3573838388,0.7367112908
qvarma,876,0,200,8,200,39,3620.3,249,0.01229291359,0.0008314555933,0.000721800773,0.4263195995,0.7011051382,0.4575580047,0.6860790423
qvarma,877,0,200,8,200,35,3649.0,505,0.01905683799,0.007269506384,0.001909202678,0.2235107319,0.8173201705,0.4361389006,0.6963114777
qvarma,878,0,200,8,200,48,3501.6,642,0.01627414688,0.0008567605189,0.000743106724,0.5559919565,0.6426768441,0.5969976696,0.6261749901
qvarma,879,0,200,8,200,42,3565.1,627,0.01491669046,0.001867152496,0.001656406003,0.3452093761,0.7433787021,0.3665127438,0.731789736
qvarma,880,0,200,8,200,42,3538.7,395,0.01741102387,0.001734397809,0.0007842916838,0.418070913,0.7051833522,0.6217066402,0.6166343377
qvarma,881,0,200,8,200,11,3886.4,666,0.01407462015,0.002015990103,0.0007645686479,0.3134674745,0.7613435577,0.5090124913,0.6626850379
qvarma,882,0,200,8,200,21,3731.0,382,0.01366094241,0.004444564124,0.0005970205027,0.2049113773,0.8299365571,0.5590955526,0.6413975066
qvarma,883,0,200,8,200,14,3827.2,223,0.009779584054,0.0034795226,0.0003437278829,0.165790848,0.8577867992,0.5274885077,0.6546694099
qvarma,884,0,200,8,200,16,3896.7,624,0.01088256084,0.003233504689,0.001302714675,0.1913790332,0.8393634369,0.3015132841,0.768336376
qvarma,885,0,200,8,200,18,3796.1,908,0.01510937747,0.001830648074,0.0004289304882,0.3531377451,0.7390230622,0.7295467258,0.5781861716
qvarma,886,0,200,8,200,8,3962.5,886,0.03183015479,0.01113370997,0.001712365453,0.3016607446,0.7682493339,0.7692022074,0.5652265161
qvarma,887,0,200,8,200,4,3958.9,98,0.02219261048,0.008642789495,0.001516002966,0.2387159418,0.807287584,0.569978357,0.6369514557
qvarma,888,0,200,8,200,11,3903.1,77,0.01356322791,0.05719793571,0.001278738386,0.05671172819,0.9463318834,0.3792907124,0.7250103195
qvarma,889,0,200,8,200,9,3959.7,349,0.01297838176,0.0008655244309,0.0005784702009,0.4411445104,0.6938929391,0.539610074,0.6495151057
qvarma,890,0,200,8,200,20,3799.8,184,0.01423676475,0.01604850816,0.002989747029,0.1123812802,0.8989723378,0.260371885,0.7934166193
qvarma,891,0,200,8,200,37,3587.4,934,0.0159277152,0.00200986178,0.00130446481,0.3552796937,0.737855075,0.4409986882,0.6939631578
qvarma,892,0,200,8,200,20,3756.8,515,0.01213613817,0.002885409313,0.000842735592,0.2259315062,0.8157062568,0.4180563689,0.7051905847
qvarma,893,0,200,8,200,56,3341.3,98,0.02930437733,0.007066199203,0.001931018235,0.3486097742,0.7415043396,0.6668671281,0.5999278426
qvarma,894,0,200,8,200,4,3968.5,315,0.01516165156,0.003379718661,0.001740257567,0.2607991891,0.7931477182,0.3634458768,0.7334357873
qvarma,895,0,200,8,200,63,3381.0,105,0.02651979235,0.002395009894,0.001939615554,0.5418966463,0.6485519003,0.6021605368,0.6241571784
qvarma,896,0,200,8,200,9,3920.1,346,0.01290282789,0.005532791915,0.001043524176,0.1734653496,0.8521768455,0.3994235311,0.7145799522
qvarma,897,0,200,8,200,38,3606.1,519,0.01157178489,0.001443712894,0.0006040426267,0.304550933,0.7665473035,0.4708326356,0.6798870081
qvarma,898,0,200,8,200,51,3431.0,199,0.01971747314,0.009515334037,0.003951588562,0.2021339386,0.8318540621,0.3136645211,0.761229358
qvarma,899,0,200,8,200,33,3630.1,533,0.01337697683,0.003725585065,0.002336697502,0.219159718,0.8202370742,0.2767303088,0.783250772
qvarma,900,0,200,8,200,10,3876.2,461,0.0107537568,0.001654240358,0.0002677485442,0.2643996674,0.7908891672,0.6571986331,0.6034279657
qvarma,901,0,200,8,200,54,3470.0,603,0.01556670803,0.002069563517,0.001367299982,0.3421821887,0.7450553348,0.4209833074,0.7037380346
qvarma,902,0,200,8,200,55,3487.8,498,0.0217487402,0.003405719704,0.001332365679,0.3726744802,0.7285048381,0.5958300285,0.6266331515
qvarma,903,0,200,8,200,45,3520.1,189,0.01117328087,0.005508776831,0.0008798670214,0.1505404211,0.8691567733,0.3766796828,0.726385384
qvarma,904,0,200,8,200,36,3627.5,565,0.01403071042,0.002989813791,0.0006366703618,0.2566005547,0.7957978343,0.5560608827,0.6426483765
qvarma,905,0,200,8,200,54,3431.8,79,0.02391051516,0.003506142981,0.002935494172,0.4038072591,0.7123485033,0.441314627,0.6938110398
qvarma,906,0,200,8,200,16,3822.5,205,0.01004329378,0.000855505477,0.0003210548007,0.3433719141,0.7443954943,0.5605141523,0.6408144383
qvarma,907,0,200,8,200,50,3495.0,627,0.01490121594,0.001493885569,0.002003294537,0.3855343179,0.72174322,0.3329272205,0.7502285081
qvarma,908,0,200,8,200,25,3723.0,505,0.0106142606,0.0004156384927,0.0002844444154,0.5206332079,0.6576207824,0.6293482667,0.613742329
qvarma,909,0,200,8,200,18,3829.9,693,0.009998615487,0.002897786667,0.0005392295905,0.1857405222,0.8433548329,0.4305791628,0.6990175909
qvarma,910,0,200,8,200,39,3550.9,908,0.01854751635,0.001101796672,0.0006733325959,0.5587725133,0.6415304295,0.714777615,0.5831659985
qvarma,911,0,200,8,200,19,3830.1,620,0.01334574893,0.0006083798691,0.0004842342361,0.5410725888,0.6488987003,0.6064782139,0.6224796523
qvarma,912,0,200,8,200,7,3946.3,238,0.0122929136,0.001059881672,0.0001927713275,0.3775949159,0.7259027951,0.8853879565,0.5303948169
qvarma,913,0,200,8,200,20,3849.5,533,0.01394312713,0.002251232891,0.001230972806,0.2938664283,0.7728773064,0.3974074074,0.7156109197
qvarma,914,0,200,8,200,50,3469.4,914,0.01717788861,0.0007652074545,0.0008307797893,0.6209836792,0.6169093575,0.5959733238,0.6265768889
qvarma,915,0,200,8,200,52,3360.7,505,0.01127671915,0.0006242840886,0.0008637518175,0.4513273284,0.6890244402,0.3836968883,0.7227016324
qvarma,916,0,200,8,200,27,3659.2,189,0.009210300378,0.0008036876324,0.00025063458,0.3248853675,0.7547822812,0.5817726479,0.6322021065
qvarma,917,0,200,8,200,30,3720.3,642,0.01401175448,0.00143229933,0.0007173528395,0.3702334248,0.7298026613,0.5231498534,0.6565342194
qvarma,918,0,200,8,200,90,3054.5,85,0.02589362773,0.01188620672,0.01257923088,0.2375041816,0.8080780775,0.2308691244,0.81243406
qvarma,919,0,200,8,200,14,3879.8,58,0.007830501952,0.0003887101386,0.0001867169849,0.3971702113,0.7157324082,0.573056825,0.6357049435
qvarma,920,0,200,8,200,27,3726.1,603,0.01188468747,0.0005298818148,0.0003873543571,0.5162954029,0.6595020984,0.6038562184,0.6234972864
qvarma,921,0,200,8,200,10,3898.6,504,0.01031499694,0.005275296887,0.0003132220205,0.1420187384,0.8756423747,0.5828314252,0.631779218
qvarma,922,0,200,8,200,7,3945.8,647,0.008709889023,0.003356214491,0.006127236749,0.150344577,0.8693047458,0.1112705644,0.8998708614
qvarma,923,0,200,8,200,18,3837.2,523,0.01014206988,0.004663683054,0.0007580728115,0.1485121839,0.8706916775,0.3683588752,0.7308024365
qvarma,924,0,200,8,200,20,3764.3,924,0.0123650858,0.0002527023486,0.0003095230176,0.7778439804,0.5624790539,0.7028305954,0.5872574774
qvarma,925,0,200,8,200,9,3885.8,98,0.01037661081,0.001202658513,0.0003454651323,0.2992156903,0.769695138,0.5582817329,0.6417324794
qvarma,926,0,200,8,200,27,3691.2,724,0.01234524939,0.005684881461,0.001270383035,0.1637341091,0.8593028186,0.3463638233,0.7427412878
qvarma,927,0,200,8,200,3,3972.0,621,0.01347038769,0.005284337244,0.000472839975,0.1853040162,0.843665411,0.6194738847,0.6174844864
qvarma,928,0,200,8,200,1,3977.5,58,0.007967404106,0.001046170149,0.0001264968151,0.2463290791,0.8023563093,0.7083975484,0.585343851
qvarma,929,0,200,8,200,39,3652.4,947,0.008384162571,0.001095326117,0.0007564607007,0.2533307852,0.7978739626,0.3048361763,0.7663797327
qvarma,930,0,200,8,200,26,3754.2,565,0.009606269539,0.002216344319,0.0003755091583,0.2040497903,0.8305304383,0.4957292005,0.6685702196
qvarma,931,0,200,8,200,20,3762.1,320,0.023508079,0.001175226541,0.000455241835,0.6857350467,0.5932130331,1.101782979,0.4757865155
qvarma,932,0,200,8,200,19,3808.9,924,0.00967542654,0.00154666057,0.0002629699147,0.2460212456,0.8025545339,0.596646486,0.6263127178
qvarma,933,0,200,8,200,39,3561.7,22,0.007994172672,0.0006144725432,0.0004116757613,0.3224944788,0.7561468241,0.3939996863,0.7173602762
qvarma,934,0,200,8,200,50,3558.3,379,0.01337255396,0.000459078216,0.0004420735048,0.6241241913,0.6157164614,0.6360146446,0.6112414723
qvarma,935,0,200,8,200,29,3681.1,505,0.008358982738,0.0002912116668,0.000201019118,0.4898341315,0.6712156601,0.5895691452,0.6291012901
qvarma,936,0,200,8,200,23,3834.2,672,0.01626603277,0.002838370254,0.001505980498,0.3053142815,0.7660990262,0.4191524113,0.7046459506
qvarma,937,0,200,8,200,7,3919.4,523,0.01298386439,0.001653602956,0.0004543668569,0.3192922306,0.7579821792,0.6091168989,0.6214588889
qvarma,938,0,200,8,200,24,3768.4,745,0.008943976544,0.003427340053,0.0005999382694,0.1527749159,0.8674720331,0.3651550983,0.7325175002
qvarma,939,0,200,8,200,9,3895.7,77,0.01233506074,0.00622540697,0.0008476310333,0.1563354322,0.8648009671,0.423679907,0.7024050807
qvarma,940,0,200,8,200,16,3897.7,382,0.01192483151,0.0005250383567,0.000724475489,0.5204233039,0.6577115711,0.4430374137,0.6929827255
qvarma,941,0,200,8,200,50,3472.5,534,0.01449864084,0.004263017753,0.002447313999,0.2220591745,0.8182909804,0.2930774771,0.7733488655
qvarma,942,0,200,8,200,21,3771.4,627,0.01389710138,0.001526864636,0.001228315456,0.3556509372,0.7376530142,0.3965238073,0.7160636967
qvarma,943,0,200,8,200,32,3693.0,72,0.01164992702,0.003973220021,0.002092846914,0.1848212474,0.844009172,0.2546563287,0.7970310093
qvarma,944,0,200,8,200,5,3963.5,504,0.01217435313,0.002882556548,0.0002262955265,0.2267550547,0.8151586547,0.8092969626,0.5527008671
qvarma,945,0,200,8,200,48,3355.4,253,0.03563155957,0.006361489492,0.001408203168,0.4467406014,0.6912089141,0.9495157503,0.5129478948
qvarma,946,0,200,8,200,45,3558.8,745,0.009043157093,0.001669441712,0.0002927405836,0.2213270243,0.8187815222,0.52854091,0.6542186692
qvarma,947,0,200,8,200,7,3942.5,947,0.006315487342,0.0003473131665,0.0004441433858,0.3388802394,0.7468927919,0.2996713812,0.7694252674
qvarma,948,0,200,8,200,19,3836.1,850,0.0102372737,0.000632884172,0.0002362376541,0.4069323321,0.7107662374,0.6660544802,0.6002204681
qvarma,949,0,200,8,200,16,3871.4,202,0.02650672903,0.008622742791,0.0008169910625,0.2854522185,0.7779363446,0.9273581342,0.518844932
qvarma,950,0,200,8,200,11,3947.9,82,0.02040780764,0.005108481083,0.0007006346238,0.2855291532,0.7778897877,0.7709932119,0.5646549029
qvarma,951,0,200,8,200,13,3846.3,666,0.0102711595,0.00623313199,0.001236692092,0.1300967093,0.8848800211,0.292071164,0.7739511784
qvarma,952,0,200,8,200,66,3226.2,505,0.01238220966,0.001801896333,0.002604594881,0.2916978665,0.7741748484,0.2426208177,0.8047507218
qvarma,953,0,200,8,200,31,3717.6,679,0.1372029153,0.01148012443,0.01681129713,1.280530838,0.4384943993,1.058187744,0.4858643254
qvarma,954,0,200,8,200,14,3830.3,357,0.02594076907,0.007964073154,0.002162414822,0.2906800507,0.774785354,0.5578447404,0.6419124923
qvarma,955,0,200,8,200,13,3850.8,647,0.01154104789,0.002972672043,0.0005755345837,0.2116760603,0.8253030928,0.481071391,0.6751868992
qvarma,956,0,200,8,200,13,3884.7,536,0.01195831383,0.004754064892,0.001004006561,0.1734352593,0.8521986979,0.3773998049,0.7260056205
qvarma,957,0,200,8,200,9,3890.0,666,0.01015846046,0.001117044537,0.0006528316571,0.3039433529,0.7669044807,0.3975825286,0.7155212515
qvarma,958,0,200,8,200,13,3911.6,58,0.007482233056,0.001640556752,0.0001785448222,0.1847292224,0.8440747312,0.5599607691,0.6410417619
qvarma,959,0,200,8,200,8,3932.4,669,0.01332684017,0.003171411045,0.0005372615036,0.2366469558,0.8086382256,0.5749556256,0.6349385238
qvarma,960,0,200,8,200,8,3939.1,823,0.02000943857,0.01425155591,0.00148913691,0.1676114807,0.8564492697,0.5185224795,0.6585348676
qvarma,961,0,200,8,200,15,3833.1,767,0.01267067823,0.002048596806,0.0003271197578,0.2799442919,0.781284003,0.7005618349,0.5880409518
qvarma,962,0,200,8,200,17,3827.5,704,0.01499438612,0.009049430547,0.0008887336181,0.1576224467,0.8638395039,0.502970931,0.665348863
qvarma,963,0,200,8,200,10,3942.2,624,0.01289553325,0.001779298483,0.000914294388,0.3057137,0.7658646761,0.4264776521,0.7010274564
qvarma,964,0,200,8,200,3,3974.6,782,0.007232957384,0.001947004382,0.0002608209159,0.1639201874,0.8591654401,0.4478624984,0.6906733209
qvarma,965,0,200,8,200,4,3957.6,693,0.007759212641,0.002217720174,0.0001951758551,0.1647647411,0.8585424719,0.5553983797,0.6429221047
qvarma,966,0,200,8,200,31,3711.3,98,0.01893939597,0.002600149514,0.001011926569,0.3714214347,0.7291704612,0.5953764121,0.6268113233
qvarma,967,0,200,8,200,26,3749.8,98,0.01495098089,0.00912366863,0.007706748636,0.1565254405,0.8646588868,0.1703076237,0.8544761905
qvarma,968,0,200,8,200,32,3734.8,470,0.01795119216,0.004822689343,0.001058895522,0.2584929198,0.7946012125,0.5516539601,0.6444735912
qvarma,969,0,200,8,200,5,3887.3,624,0.01317800943,0.00401046117,0.0006296466854,0.2080906928,0.8277524245,0.525171746,0.6556638638
qvarma,970,0,200,8,200,33,3661.8,320,0.01413360601,0.001446634758,0.0006871426371,0.3715981412,0.7290765203,0.5391747332,0.6496988149
qvarma,971,0,200,8,200,2,3997.2,350,0.009749209497,0.002493024423,0.0008132746633,0.195256786,0.8366403034,0.3418619626,0.7452331371
qvarma,972,0,200,8,200,28,3703.6,374,0.01844063459,0.006363528244,0.002146883911,0.2311675521,0.8122371308,0.3979894699,0.7153129702
qvarma,973,0,200,8,200,13,3888.6,973,0.008190765661,0.001096127332,0.0002502265765,0.2473967541,0.8016695544,0.5177949182,0.658850539
qvarma,974,0,200,8,200,11,3920.2,554,0.008743208018,0.001086757309,0.0002700757278,0.2652189347,0.7903770427,0.5320200917,0.652732954
qvarma,975,0,200,8,200,24,3720.3,603,0.02406603584,0.00204051112,0.002256569835,0.5327642518,0.6524160508,0.5066174796,0.6637384828
qvarma,976,0,200,8,200,12,3857.9,924,0.0141883212,0.006763853743,0.001027597802,0.1725177985,0.8528655183,0.4426081722,0.6931889194
qvarma,977,0,200,8,200,17,3830.9,461,0.01596357246,0.04317211649,0.001860548635,0.0768295727,0.9286520591,0.3700918951,0.7298780495
qvarma,978,0,200,8,200,52,3367.5,791,0.02854507631,0.01049161698,0.004057230648,0.2786826905,0.7820548502,0.4481427343,0.690539666
qvarma,979,0,200,8,200,43,3572.6,791,0.02721171407,0.004806641832,0.001333859672,0.3924958038,0.7181350186,0.7450764348,0.5730408022
qvarma,980,0,200,8,200,13,3858.1,924,0.01010622195,0.003906357236,0.001028313591,0.1616973317,0.8608094145,0.3151563368,0.7603658759
qvarma,981,0,200,8,200,24,3736.5,704,0.01558396627,0.03386921434,0.005968310181,0.08467894495,0.9219317888,0.2017215547,0.8321395219
qvarma,982,0,200,8,200,12,3889.6,647,0.007789776543,0.003046213487,0.0005590135323,0.1411382835,0.8763179839,0.3294684548,0.7521803141
qvarma,983,0,200,8,200,15,3887.8,647,0.00911897534,0.004399433118,0.0006558900763,0.1374825825,0.8791343405,0.3560660045,0.7374272319
qvarma,984,0,200,8,200,25,3769.7,83,0.02114678605,0.00561888597,0.001533665838,0.2821105074,0.7799639689,0.5399816474,0.6493583879
qvarma,985,0,200,8,200,4,3963.8,704,0.01511932506,0.0131396233,0.0007456959103,0.1318988312,0.8834711835,0.5536706774,0.6436370426
qvarma,986,0,200,8,200,33,3700.3,202,0.02014642435,0.00232886383,0.0005682961693,0.4174706321,0.7054819884,0.8451048869,0.5419746092
qvarma,987,0,200,8,200,13,3911.0,795,0.009975314132,0.00416757577,0.0006372695175,0.154520046,0.8661607942,0.3951527496,0.7167673936
qvarma,988,0,200,8,200,3,3971.7,806,0.0147970041,0.004989666512,0.000854671505,0.2094778144,0.8268030948,0.5061441036,0.6639470935
qvarma,989,0,200,8,200,21,3831.9,919,0.008239371606,0.0007634757556,0.0003148663941,0.2981923278,0.7703018872,0.4643344812,0.6829040857
qvarma,990,0,200,8,200,37,3649.5,745,0.01037788994,0.0006795572431,0.0003583774697,0.3981035384,0.7152546092,0.548199596,0.6459115495
qvarma,991,0,200,8,200,16,3816.0,666,0.01090340188,0.001600239685,0.000641547448,0.2725646322,0.7858147041,0.4304746968,0.6990686394
qvarma,992,0,200,8,200,35,3608.7,875,0.01162706333,0.001856486143,0.0009123712337,0.2698510933,0.7874939079,0.3849322037,0.7220570056
qvarma,993,0,200,8,200,8,3923.9,505,0.008854835021,0.0008003729804,0.0003916724463,0.3129927404,0.761618834,0.4474236782,0.6908827146
qvarma,994,0,200,8,200,30,3699.6,702,0.012158008,0.0006068132232,0.0005916139721,0.4935542623,0.6695438025,0.4998540482,0.6667315404
qvarma,995,0,200,8,200,15,3878.6,346,0.01365636394,0.00437290018,0.002324234034,0.2065143811,0.8288338835,0.2832664592,0.7792613863
qvarma,996,0,200,8,200,19,3863.7,647,0.00842106107,0.00312122677,0.002123209127,0.1507315466,0.8690124147,0.1827554894,0.8454832879
qvarma,997,0,200,8,200,16,3850.4,799,0.01029696272,0.002383703979,0.000631483771,0.2109031079,0.8258299062,0.4097585681,0.7093413175
qvarma,998,0,200,8,200,17,3854.1,470,0.0186716252,0.003080625808,0.0006787689729,0.3364051582,0.7482760702,0.7166731434,0.5825220741
qvarma,999,0,200,8,200,15,3827.7,565,0.01046475022,0.001680309032,0.0004645115841,0.2552902836,0.7966284875,0.4855462365,0.6731530634
qvarma,1000,0,200,8,200,98,2833.7,724,0.0123129723,0.00800780296,0.006622119573,0.1375961281,0.8790465924,0.1513088719,0.8685766474
lp_lin,1,0,200,8,200,14,3853.3,729,1.791947035,10.53850739,0.1593021626,0.551995601,0.6443317232,4.489669096,0.182160342
lp_lin,2,0,200,8,200,56,3481.8,191,1.054446336,6.203811575,0.1363926457,0.423345729,0.7025699938,2.855150497,0.2593932457
lp_lin,3,0,200,8,200,45,3374.3,855,1.693608266,6.123396351,0.102175794,0.6844106819,0.5936794457,5.298329387,0.1587722614
lp_lin,4,0,200,8,200,49,3506.8,410,0.9173399182,1.837082155,0.1144806014,0.6768088096,0.5963709126,2.711217388,0.2694533613
lp_lin,5,0,200,8,200,6,3942.7,191,1.077553689,4.29707125,0.2170665506,0.5198195879,0.657972833,2.312823362,0.3018573255
lp_lin,6,0,200,8,200,36,3556.6,850,0.9254650082,4.316775856,0.2357708631,0.4454308098,0.6918352599,1.905965065,0.3441197597
lp_lin,7,0,200,8,200,21,3826.2,252,1.397077646,12.159756,0.1083101144,0.4006435114,0.713957543,4.245081539,0.1906548054
lp_lin,8,0,200,8,200,45,3635.7,620,1.261009977,4.804451678,0.1314316619,0.5753029591,0.6347985283,3.478311903,0.2232984262
lp_lin,9,0,200,8,200,21,3833.5,9,13.41232085,1006.99555,0.1803690374,0.4226590362,0.7029091121,31.5807864,0.03069293625
lp_lin,10,0,200,8,200,29,3740.0,878,1.34238165,11.0401665,0.1162867486,0.4040063538,0.712247489,3.936505776,0.2025724359
lp_lin,11,0,200,8,200,29,3651.5,874,0.982892696,3.018188378,0.1631615824,0.5657609087,0.6386671135,2.43330839,0.291264252
lp_lin,12,0,200,8,200,14,3897.1,475,2.898574999,89.90851092,0.4543347062,0.3056920466,0.7658773771,4.300278524,0.1886693304
lp_lin,13,0,200,8,200,32,3677.1,13,5.426087974,194.723824,0.2777983492,0.3888456867,0.7200223967,10.29489687,0.08853555826
lp_lin,14,0,200,8,200,4,3955.3,641,2.404433578,26.9719419,0.3741920319,0.4629740791,0.68353911,3.930660339,0.2028125913
lp_lin,15,0,200,8,200,13,3876.6,134,2.215876199,37.73422019,0.2715309803,0.3607262965,0.7349016496,4.252416542,0.1903885558
lp_lin,16,0,200,8,200,22,3693.6,172,1.024483918,3.244506245,0.1121913722,0.5687623477,0.6374451819,3.058619235,0.2463892132
lp_lin,17,0,200,8,200,3,3888.6,875,1.193888467,7.206255132,0.1298445458,0.4447428143,0.6921647162,3.313232411,0.2318446827
lp_lin,18,0,200,8,200,28,3688.4,627,1.908205211,31.39719662,0.1530111373,0.3405490249,0.7459630207,4.878244414,0.1701188194
lp_lin,19,0,200,8,200,13,3872.2,914,1.248761092,10.61033952,0.1076453103,0.3833669929,0.7228739771,3.806114086,0.2080683026
lp_lin,20,0,200,8,200,22,3653.6,307,2.806427857,81.34890523,0.2472964996,0.3111558899,0.7626858161,5.643452812,0.1505241368
lp_lin,21,0,200,8,200,13,3861.4,392,2.817428379,41.60660388,0.3055686029,0.4367890584,0.6959963915,5.096810896,0.1640201766
lp_lin,22,0,200,8,200,36,3637.1,337,1.422414264,7.926240277,0.2800601588,0.5052338989,0.6643485778,2.687821561,0.2711627945
lp_lin,23,0,200,8,200,20,3826.5,673,1.326587653,10.47572544,0.4145424232,0.4098678911,0.7092863142,2.060399615,0.3267547137
lp_lin,24,0,200,8,200,16,3871.9,914,0.9963384545,3.700137373,0.1527128556,0.5179620827,0.6587779836,2.549582641,0.2817232619
lp_lin,25,0,200,8,200,19,3806.0,678,2.90743293,114.4028553,1.201926791,0.2718261744,0.7862709701,2.651982764,0.2738238553
lp_lin,26,0,200,8,200,6,3954.1,688,2.429127816,37.35282529,0.2395285048,0.3974556169,0.7155862325,4.96331416,0.1676919869
lp_lin,27,0,200,8,200,13,3718.2,220,1.216666245,5.906854022,0.141765837,0.5006028758,0.6663988295,3.231362391,0.2363305025
lp_lin,28,0,200,8,200,12,3848.8,731,1.56887908,20.63029545,0.1519444722,0.3454114646,0.7432670423,4.024825163,0.1990118994
lp_lin,29,0,200,8,200,18,3812.0,789,3.002950961,70.74346769,0.2502444288,0.3570302944,0.7369032247,6.002968042,0.1427965962
lp_lin,30,0,200,8,200,34,3711.2,598,0.8517445332,2.831748619,0.2388777816,0.5061532224,0.6639430737,1.742695365,0.3646048382
lp_lin,31,0,200,8,200,37,3662.8,285,0.8592470295,1.987260572,0.1317222558,0.6095237484,0.6213017987,2.36749167,0.2969569335
lp_lin,32,0,200,8,200,44,3500.3,172,0.9550765453,2.744184768,0.1136546165,0.5765427365,0.634299329,2.832987377,0.2608931107
lp_lin,33,0,200,8,200,44,3563.9,555,2.217704015,31.49235236,0.1417220785,0.3951855278,0.716750554,5.890943076,0.1451180178
lp_lin,34,0,200,8,200,14,3836.3,515,2.207244259,54.91368792,0.3082725486,0.2978585632,0.7704999823,3.975419553,0.2009880753
lp_lin,35,0,200,8,200,21,3698.2,255,1.128053084,6.111245417,0.1122552115,0.4563149262,0.6866646644,3.366869481,0.2289969976
lp_lin,36,0,200,8,200,49,3000.3,437,0.7906887352,1.635623805,0.07061615461,0.6182495945,0.6179516457,2.97545591,0.2515434764
lp_lin,37,0,200,8,200,2,3999.2,597,1.182014232,3.161186947,0.1413600582,0.6648101106,0.6006691055,3.143832129,0.2413225171
lp_lin,38,0,200,8,200,29,3764.7,605,5.095136359,128.823843,0.5176178532,0.4489083524,0.6901747777,7.081922792,0.1237329316
lp_lin,39,0,200,8,200,29,3735.8,226,1.104494643,7.458291365,0.1464019526,0.4044305379,0.7120323668,2.886623742,0.2572927215
lp_lin,40,0,200,8,200,25,3776.7,717,0.812853512,4.214897056,0.1093800453,0.3959303561,0.7163681165,2.457781308,0.2892027896
lp_lin,41,0,200,8,200,11,3935.3,233,2.68469997,37.77124077,0.6962158455,0.4368326913,0.6959752559,3.2175389,0.2371051041
lp_lin,42,0,200,8,200,52,3421.7,875,1.262298437,11.48781423,0.1516032064,0.3724288727,0.7286352101,3.241961485,0.2357399999
lp_lin,43,0,200,8,200,53,3485.2,754,4.598789715,200.9503742,0.1235560283,0.3244136668,0.755051103,13.08312774,0.07100695376
lp_lin,44,0,200,8,200,43,3561.5,437,0.7493278425,1.336426719,0.07474757517,0.6481854751,0.606727832,2.740774566,0.2673243154
lp_lin,45,0,200,8,200,37,3583.7,875,1.173648471,12.03900527,0.1393197589,0.3382538396,0.7472423919,3.144355781,0.2412920253
lp_lin,46,0,200,8,200,0,4000.0,810,6.759851539,334.7297336,0.8177049891,0.3694792148,0.7302045837,7.475475702,0.1179874777
lp_lin,47,0,200,8,200,25,3415.5,410,0.7028475558,1.71002215,0.1175834261,0.5374774784,0.6504160315,2.049689535,0.3279022302
lp_lin,48,0,200,8,200,44,3602.0,56,13.33560407,924.0805151,0.1856943939,0.4386900523,0.695076746,30.94662531,0.03130221081
lp_lin,49,0,200,8,200,18,3829.4,262,23.6922103,3488.033526,0.7463837187,0.4011578117,0.7136954821,27.42360218,0.03518202913
lp_lin,50,0,200,8,200,3,3978.0,948,0.9241760582,3.086388863,0.2049809773,0.526052867,0.6552852929,2.041258159,0.3288112839
lp_lin,51,0,200,8,200,57,3384.5,754,4.978024907,170.7345039,0.09213639514,0.3809749465,0.7241260984,16.39990971,0.05747156259
lp_lin,52,0,200,8,200,80,3200.9,98,4.74393734,252.5148601,1.016341719,0.2985351505,0.7700985219,4.705643995,0.1752650535
lp_lin,53,0,200,8,200,14,3915.8,673,1.860403902,15.11761467,0.4242166641,0.4784820014,0.6763694107,2.856362873,0.2593116968
lp_lin,54,0,200,8,200,21,3766.3,437,0.7630787947,1.394973493,0.08488825798,0.6460801638,0.6075038276,2.619060763,0.2763147859
lp_lin,55,0,200,8,200,22,3786.5,758,3.338842666,136.0472916,0.3129138844,0.2862536311,0.7774516439,5.968752044,0.1434977158
lp_lin,56,0,200,8,200,19,3806.3,412,9.113225192,777.9790395,0.4525306203,0.3267293538,0.7537332291,13.54715552,0.06874196117
lp_lin,57,0,200,8,200,9,3940.5,717,0.7674600492,2.039418443,0.08913846618,0.5374061176,0.6504462214,2.570533089,0.2800702234
lp_lin,58,0,200,8,200,11,3748.5,58,12.63321295,1477.432574,2.287403096,0.3286699372,0.7526323672,8.352999675,0.1069175703
lp_lin,59,0,200,8,200,26,3764.2,261,3.360965716,79.44108474,0.3389572809,0.3770869471,0.7261705603,5.772867623,0.147647947
lp_lin,60,0,200,8,200,25,3705.1,620,1.409399161,13.85488664,0.2441983756,0.3786452562,0.7253497558,2.852086042,0.2595996011
lp_lin,61,0,200,8,200,16,3807.6,911,0.9399861892,3.16644929,0.1103535239,0.5282447678,0.6543454433,2.82962165,0.2611224009
lp_lin,62,0,200,8,200,59,3398.9,863,1.485025759,5.041181792,0.1169273372,0.6614055082,0.6019000148,4.342861278,0.1871656305
lp_lin,63,0,200,8,200,111,2153.6,724,2.746595426,75.31939776,0.6449787924,0.3164763587,0.7596034622,3.419967469,0.226246009
lp_lin,64,0,200,8,200,24,3764.6,60,2.82833068,87.9386146,0.9391589852,0.3016062763,0.7682814828,2.918506236,0.2551992876
lp_lin,65,0,200,8,200,56,3320.4,603,4.258544441,146.0118737,0.1517734633,0.3524253151,0.7394123645,10.93108475,0.08381467575
lp_lin,66,0,200,8,200,37,3593.9,44,0.8974550552,3.02168915,0.06910725413,0.5162829889,0.6595074978,3.413900739,0.2265569752
lp_lin,67,0,200,8,200,4,3957.9,423,1.139815076,6.885074359,0.330789074,0.4343902606,0.6971603388,1.981795413,0.3353684145
lp_lin,68,0,200,8,200,3,3955.0,555,1.347246994,5.429802312,0.1715155834,0.5781695486,0.6336454793,3.253085147,0.2351234375
lp_lin,69,0,200,8,200,14,3819.8,69,1.428826746,7.316465333,0.1286393446,0.528237114,0.6543487204,3.983755369,0.2006519032
lp_lin,70,0,200,8,200,16,3617.7,519,0.8507959579,2.535669106,0.1198352417,0.5342925619,0.6517661786,2.457724166,0.2892075689
lp_lin,71,0,200,8,200,27,3725.8,749,1.624591077,15.58301815,0.1000281515,0.4115458961,0.7084431351,5.136685094,0.1629544265
lp_lin,72,0,200,8,200,18,3866.4,519,0.8589539092,4.59337276,0.1417325852,0.4007781306,0.7138889294,2.281576349,0.3047315966
lp_lin,73,0,200,8,200,13,3862.3,432,1.712145585,12.28603679,0.1823366363,0.4884665003,0.6718323857,4.009624665,0.199615753
lp_lin,74,0,200,8,200,19,3789.6,71,1.788669322,31.66456877,0.1477021677,0.317865409,0.7588028285,4.654109787,0.1768625014
lp_lin,75,0,200,8,200,71,3156.5,239,2.13388795,15.87637648,0.1318822205,0.5355449353,0.6512346054,5.875955331,0.1454343363
lp_lin,76,0,200,8,200,14,3824.6,643,1.362032724,8.251623296,0.3695295946,0.4741522823,0.6783559691,2.240592765,0.308585519
lp_lin,77,0,200,8,200,12,3846.7,554,1.772317629,26.19179755,0.3238271751,0.3463051138,0.7427736772,3.114475449,0.2430443473
lp_lin,78,0,200,8,200,14,3828.6,320,1.165163488,5.012474378,0.08763435528,0.5204281555,0.6577094724,3.935950872,0.2025952093
lp_lin,79,0,200,8,200,22,3869.9,426,1.015425241,1.628002615,0.1314709493,0.7958301817,0.5568455248,2.800483739,0.2631243991
lp_lin,80,0,200,8,200,8,3955.5,46,8.870791496,1271.231394,0.6999932014,0.2487998228,0.8007688516,10.60267527,0.08618701951
lp_lin,81,0,200,8,200,25,3765.0,911,1.182696016,6.248898978,0.1340009098,0.4731200815,0.6788312864,3.230868338,0.2363580996
lp_lin,82,0,200,8,200,34,3709.8,598,1.212670377,6.008550118,0.3088055224,0.4947182422,0.6690224096,2.182228582,0.314245182
lp_lin,83,0,200,8,200,2,3964.5,671,1.906220087,13.19463779,0.2747781265,0.5247764113,0.6558338604,3.636486357,0.2156805656
lp_lin,84,0,200,8,200,17,3808.3,131,3.303256931,44.70302209,0.3487172247,0.4940534233,0.6693201089,5.59378352,0.1516579968
lp_lin,85,0,200,8,200,9,3909.7,783,4.750806083,129.9445419,0.4459535182,0.4167621623,0.7058347735,7.114141624,0.1232416251
lp_lin,86,0,200,8,200,14,3892.1,86,56.37861791,31800.94026,1.678156526,0.3161509162,0.7597912882,43.52093249,0.02246134445
lp_lin,87,0,200,8,200,10,3919.9,226,1.048072444,4.019451881,0.2690937085,0.5227666642,0.6566994297,2.020410099,0.3310808689
lp_lin,88,0,200,8,200,31,3674.5,167,7.783488757,305.9082892,0.170156718,0.4450191294,0.6920323611,18.8690377,0.05032956376
lp_lin,89,0,200,8,200,18,3832.9,402,4.422846802,441.0161449,2.07523438,0.2106078974,0.8260312874,3.070211682,0.2456874674
lp_lin,90,0,200,8,200,40,3540.7,947,1.756370613,20.5477974,0.2840891264,0.3874659333,0.7207384167,3.2952537,0.2328151187
lp_lin,91,0,200,8,200,26,3762.2,914,1.10948505,3.902160657,0.1140155126,0.5616540329,0.6403466958,3.285787571,0.2333293434
lp_lin,92,0,200,8,200,14,3882.6,957,1.894455896,26.76913392,0.8180146806,0.3661569981,0.7319802932,2.09461375,0.3231421045
lp_lin,93,0,200,8,200,17,3871.9,191,3.21791588,137.1516805,0.5664195488,0.274773041,0.7844533637,4.275683699,0.189548892
lp_lin,94,0,200,8,200,16,3859.3,31,0.915266844,2.896703112,0.1561123295,0.5377689674,0.650292743,2.316483056,0.30152423
lp_lin,95,0,200,8,200,13,3937.6,967,12.62383875,1106.135622,0.4726334139,0.3795659528,0.7248656709,18.36239086,0.05164651448
lp_lin,96,0,200,8,200,18,3829.7,752,5.696010817,481.5871296,0.6004379459,0.2595573727,0.7939296944,7.35083611,0.1197484883
lp_lin,97,0,200,8,200,4,3930.6,31,0.9486699829,4.676980654,0.2072946633,0.4386643818,0.6950891484,2.083632383,0.3242928715
lp_lin,98,0,200,8,200,7,3929.5,669,2.96679237,49.04055476,0.4681545073,0.4236522002,0.7024187508,4.336032701,0.1874051483
lp_lin,99,0,200,8,200,8,3939.7,426,1.08415382,5.823408757,0.126639161,0.4492646696,0.6900050909,3.046540052,0.2471247009
lp_lin,100,0,200,8,200,49,3536.8,240,0.8470259297,1.966139313,0.06781069536,0.6040731909,0.62341295,3.252726939,0.2351432421
lp_lin,101,0,200,8,200,46,3525.5,855,1.449231753,9.011104816,0.1255520487,0.4827794996,0.6744091082,4.090024779,0.1964626978
lp_lin,102,0,200,8,200,34,3609.9,106,0.8520588052,1.859632581,0.09470091644,0.6248215438,0.6154522038,2.768805685,0.2653360464
lp_lin,103,0,200,8,200,30,3687.1,533,1.177284393,4.716933559,0.2280119316,0.5420651754,0.6484810214,2.465486335,0.2885597874
lp_lin,104,0,200,8,200,3,3978.8,294,3.402291775,89.84701539,0.6667853412,0.358938239,0.7358686151,4.16656857,0.193552062
lp_lin,105,0,200,8,200,37,3623.8,498,1.245046035,5.795953884,0.1113918051,0.5171576447,0.6591272855,3.730429087,0.2113973134
lp_lin,106,0,200,8,200,15,3883.3,410,0.9501259712,1.910093652,0.1692604903,0.6874701706,0.5926030678,2.309422497,0.3021675234
lp_lin,107,0,200,8,200,83,3100.2,54,0.9733833682,1.894288516,0.05427577387,0.7072302987,0.5857440562,4.178119999,0.1931202831
lp_lin,108,0,200,8,200,37,3557.0,994,0.8490115256,7.535535196,0.2108211249,0.3092833456,0.7637766136,1.849083498,0.3509900642
lp_lin,109,0,200,8,200,36,3601.8,750,1.311246231,8.0203346,0.1047019711,0.4630074823,0.6835235035,4.052348842,0.1979277424
lp_lin,110,0,200,8,200,18,3825.0,50,1.205378257,22.52868319,0.2191203302,0.253954229,0.7974772738,2.57502836,0.2797180608
lp_lin,111,0,200,8,200,10,3918.8,382,2.480113523,37.79086892,0.3637454504,0.4034392256,0.7125353074,4.112186238,0.1956110269
lp_lin,112,0,200,8,200,23,3870.0,914,1.100915326,4.050572493,0.1477169266,0.5470105633,0.6464079973,2.864433776,0.2587701221
lp_lin,113,0,200,8,200,28,3705.4,688,1.353713085,11.99031035,0.0914041927,0.3909411757,0.7189376643,4.477582208,0.1825622988
lp_lin,114,0,200,8,200,23,3743.0,582,6.682722488,478.1137089,1.221683234,0.3056242625,0.7659171392,6.046083208,0.1419228202
lp_lin,115,0,200,8,200,21,3785.2,932,3.467177466,144.2665835,0.7116823251,0.2886643806,0.775997238,4.109916337,0.1956979203
lp_lin,116,0,200,8,200,3,3967.6,641,1.798840961,14.77447314,0.2335006282,0.4679902087,0.6812034536,3.722620302,0.2117468558
lp_lin,117,0,200,8,200,37,3631.5,948,0.872813819,2.400995989,0.1930110817,0.5632820299,0.6396798408,1.986691764,0.3348186151
lp_lin,118,0,200,8,200,51,3518.2,231,0.8104751314,3.179156166,0.1526837341,0.4545521985,0.6874968124,2.074165027,0.3252915804
lp_lin,119,0,200,8,200,18,3846.2,253,20.51765492,2083.857763,0.3503779216,0.4494627298,0.6899108058,34.66245791,0.02804069205
lp_lin,120,0,200,8,200,17,3856.7,948,0.9831207177,4.455712821,0.1621916921,0.4657450547,0.6822468865,2.441139207,0.2906014375
lp_lin,121,0,200,8,200,29,3721.4,832,0.728730048,2.140308026,0.1159987891,0.4981137581,0.6675060519,2.139636261,0.3185082337
lp_lin,122,0,200,8,200,17,3793.2,265,2.412962303,63.95033122,0.6084627233,0.301737396,0.7682040964,3.093381961,0.2442967721
lp_lin,123,0,200,8,200,48,3504.4,18,3.077992323,60.2358678,0.2086575115,0.3965883447,0.7160306069,6.738302761,0.1292273036
lp_lin,124,0,200,8,200,3,3963.8,850,1.200826924,11.31869344,0.2444486759,0.3569293557,0.7369580412,2.428771019,0.2916496886
lp_lin,125,0,200,8,200,18,3378.9,302,1.171316988,4.153838447,0.1012526416,0.5747111741,0.635037089,3.681046137,0.2136274608
lp_lin,126,0,200,8,200,6,3906.9,145,1.069970557,3.91202795,0.1592360858,0.540967099,0.6489431219,2.68133502,0.2716405855
lp_lin,127,0,200,8,200,18,3870.4,779,1.232179437,8.589828697,0.1571176453,0.4204183906,0.7040179194,3.108575902,0.2433933372
lp_lin,128,0,200,8,200,32,3674.0,643,1.601099201,13.21327791,0.1506053998,0.4404665737,0.6942195107,4.125703078,0.1950951869
lp_lin,129,0,200,8,200,17,3825.1,216,3.086442591,40.67374961,0.1244504778,0.4839506728,0.6738768467,8.749030271,0.1025743045
lp_lin,130,0,200,8,200,18,3816.4,868,5.996086813,589.0600138,0.9898600028,0.2470518671,0.8018912656,6.026720129,0.1423139077
lp_lin,131,0,200,8,200,41,3561.7,498,1.183514183,7.652493188,0.09629335332,0.4278307451,0.7003631232,3.813952776,0.2077294993
lp_lin,132,0,200,8,200,4,3951.8,643,2.747034483,70.73640418,0.3595023918,0.326619885,0.753795425,4.581558318,0.1791614354
lp_lin,133,0,200,8,200,46,3503.3,620,1.389915368,8.771115503,0.1139469932,0.469311225,0.6805910028,4.117531422,0.1954067142
lp_lin,134,0,200,8,200,6,3969.0,191,0.7889237965,2.928515952,0.1037741053,0.4610109691,0.6844575579,2.449009992,0.2899382728
lp_lin,135,0,200,8,200,13,3786.6,914,0.9728846818,4.700325075,0.08653816887,0.448742722,0.6902536833,3.307177577,0.2321705995
lp_lin,136,0,200,8,200,50,3533.2,36,0.914509007,1.614291564,0.09198250351,0.7197753984,0.5814712787,3.01533365,0.2490453066
lp_lin,137,0,200,8,200,59,3392.5,769,1.600867793,25.02855466,0.2863996143,0.3199908661,0.7575809997,2.991363933,0.2505409221
lp_lin,138,0,200,8,200,8,3906.3,681,5.09151132,169.2972273,1.216107225,0.3913107609,0.718746687,4.617009619,0.1780306725
lp_lin,139,0,200,8,200,3,3995.7,510,0.8500998975,2.34097407,0.1159278211,0.5556120579,0.6428337933,2.496756144,0.285979336
lp_lin,140,0,200,8,200,118,2474.7,9,16.25554215,1957.000048,0.1778658283,0.3674565899,0.7312846399,38.54385945,0.02528837635
lp_lin,141,0,200,8,200,22,3748.0,1,1.975237464,16.53251919,0.2141400658,0.4857913712,0.6730420027,4.268451472,0.1898090939
lp_lin,142,0,200,8,200,25,3696.7,191,0.7967562982,1.253235527,0.1181823211,0.7117199773,0.5842077053,2.31765745,0.3014174957
lp_lin,143,0,200,8,200,19,3779.9,369,1.759221752,57.04772857,0.3587815331,0.232917118,0.8110845291,2.937010814,0.2539998103
lp_lin,144,0,200,8,200,9,3865.5,439,1.367720342,12.81107842,0.1772663265,0.3821241286,0.7235240159,3.248509819,0.235376648
lp_lin,145,0,200,8,200,14,3889.5,145,0.9137174762,2.012758139,0.1233097629,0.6440448855,0.6082558991,2.602035397,0.2776208143
lp_lin,146,0,200,8,200,39,3616.3,556,2.414173819,36.25355281,0.1368545674,0.4009527986,0.7137999232,6.525877057,0.1328748786
lp_lin,147,0,200,8,200,22,3775.1,717,0.8342717444,2.739301447,0.09737540781,0.5040662517,0.6648643295,2.673516632,0.2722187213
lp_lin,148,0,200,8,200,33,3718.3,148,0.7290188656,1.088262642,0.1162169037,0.6988305893,0.588640213,2.138474702,0.3186261146
lp_lin,149,0,200,8,200,22,3807.9,875,1.270779586,10.158082,0.1581145879,0.3987166507,0.7149410851,3.195834343,0.2383316209
lp_lin,150,0,200,8,200,13,3880.3,31,1.132831171,5.54754697,0.331313067,0.4809663542,0.6752347865,1.968094321,0.3369165168
lp_lin,151,0,200,8,200,21,3680.0,289,1.70791564,8.591141875,0.1982267048,0.5826945686,0.6318338483,3.8360595,0.2067799207
lp_lin,152,0,200,8,200,7,3953.9,145,1.042111929,3.505308011,0.1296272417,0.5566103461,0.6424215299,2.89445117,0.2567755908
lp_lin,153,0,200,8,200,17,3764.5,597,2.037455127,111.5495146,0.3362836756,0.1929097642,0.8382863734,3.513461183,0.221559455
lp_lin,154,0,200,8,200,34,3622.2,130,11.30892857,755.9795426,0.7074038991,0.4113073206,0.7085628944,13.44583372,0.06922411119
lp_lin,155,0,200,8,200,42,3531.8,576,2.283969423,29.95816284,0.1393942232,0.4172849263,0.7055744271,6.117414349,0.1405004614
lp_lin,156,0,200,8,200,12,3883.2,423,0.9416747765,2.874843825,0.1687720513,0.5553845694,0.6429278133,2.292190315,0.303749147
lp_lin,157,0,200,8,200,28,3779.6,437,0.6943382977,1.892617922,0.08819141631,0.5047073696,0.6645810476,2.338072435,0.2995740864
lp_lin,158,0,200,8,200,44,3604.9,811,6.955949522,287.964142,0.4040585056,0.4099087754,0.7092657464,10.94294698,0.08373142755
lp_lin,159,0,200,8,200,8,3927.9,484,2.851808219,53.63791938,0.4745880892,0.389389606,0.7197405218,4.13963356,0.1945664002
lp_lin,160,0,200,8,200,6,3951.4,957,3.446846073,137.5790307,0.823831483,0.2938635811,0.7728790072,3.797542973,0.2084400297
lp_lin,161,0,200,8,200,36,3630.2,615,1.105632989,3.246068772,0.09424512809,0.6136660962,0.6197068913,3.601484366,0.2173211774
lp_lin,162,0,200,8,200,28,3728.9,620,1.450735514,5.732811075,0.1946667313,0.6059048485,0.6227018997,3.288079992,0.2332046048
lp_lin,163,0,200,8,200,36,3664.7,614,3.197981166,82.37034308,0.1489390463,0.3523631342,0.7394463622,8.28650921,0.1076830892
lp_lin,164,0,200,8,200,26,3748.2,799,3.19992999,117.977063,0.9160963312,0.2946060671,0.7724357435,3.343258094,0.230241901
lp_lin,165,0,200,8,200,22,3746.3,642,0.9720872227,3.304255211,0.08683585164,0.5347717326,0.6515626909,3.298797834,0.2326231748
lp_lin,166,0,200,8,200,40,3607.7,356,0.6778191116,1.472732658,0.09661358597,0.5585368755,0.6416274236,2.180693901,0.3143968049
lp_lin,167,0,200,8,200,43,3539.8,572,9.013559745,356.7575455,0.2204181166,0.4772102443,0.6769517094,19.19873872,0.04950804177
lp_lin,168,0,200,8,200,24,3772.2,919,4.742511546,217.8125504,1.326204641,0.3213415963,0.756806569,4.118159139,0.1953827485
lp_lin,169,0,200,8,200,13,3855.3,106,0.9276837162,3.385611167,0.2174680151,0.5041751012,0.6648162167,1.989308957,0.3345254754
lp_lin,170,0,200,8,200,45,3581.9,439,1.323594091,6.145569651,0.06938535413,0.5339169975,0.6519257571,5.024824698,0.165979933
lp_lin,171,0,200,8,200,6,3964.2,351,1.071474716,3.896425112,0.2056921078,0.5428111506,0.6481674699,2.362507049,0.2973971461
lp_lin,172,0,200,8,200,48,3486.7,231,0.7660363413,1.816037641,0.08493116916,0.5684430361,0.6375749562,2.628547455,0.275592372
lp_lin,173,0,200,8,200,60,3385.9,320,1.065211021,3.035675662,0.1025660446,0.6113754095,0.6205878494,3.326088858,0.2311556773
lp_lin,174,0,200,8,200,26,3715.9,789,2.11543131,16.55022537,0.1965141834,0.5199923709,0.6578980389,4.772016948,0.1732496645
lp_lin,175,0,200,8,200,29,3725.5,992,3.711824502,71.2869794,0.2126360787,0.4396249458,0.6946253626,8.049500967,0.1105033309
lp_lin,176,0,200,8,200,43,3489.1,533,1.32992771,7.931037396,0.2135213505,0.4722402891,0.6792369475,2.878109951,0.2578575679
lp_lin,177,0,200,8,200,21,3810.1,916,1.64733768,19.4599286,0.6017882234,0.3734324131,0.7281028105,2.123541682,0.3201494015
lp_lin,178,0,200,8,200,12,3891.4,113,2.297899882,78.43635849,0.3418846878,0.2594611815,0.7939903307,3.929988484,0.2028402304
lp_lin,179,0,200,8,200,32,3664.2,353,1.35740685,5.708709126,0.07143795613,0.5681213089,0.6377057657,5.078617749,0.1645110848
lp_lin,180,0,200,8,200,40,3548.5,620,1.174165993,6.635943654,0.1060524116,0.4558040219,0.6869056445,3.605530914,0.2171302329
lp_lin,181,0,200,8,200,27,3711.1,31,1.576919013,20.9064644,0.1427739379,0.3448808601,0.7435602883,4.173351075,0.1932983062
lp_lin,182,0,200,8,200,67,3170.9,44,1.345015227,5.013649573,0.1496100538,0.6006897386,0.6247306869,3.477337239,0.2233470357
lp_lin,183,0,200,8,200,36,3597.3,437,0.7077700232,2.299162986,0.1028273842,0.4667746748,0.6817679751,2.207180094,0.3118003888
lp_lin,184,0,200,8,200,7,3914.9,46,7.7996157,589.9910348,1.948089635,0.3211075364,0.756940652,5.588158773,0.1517874773
lp_lin,185,0,200,8,200,3,3942.4,510,1.142177115,5.396685692,0.1654686867,0.4916656773,0.6703915061,2.807860609,0.262614655
lp_lin,186,0,200,8,200,21,3819.2,423,0.9366965294,3.503178862,0.2586268414,0.5004581374,0.6664631122,1.841883313,0.3518793314
lp_lin,187,0,200,8,200,29,3722.3,50,1.227166406,4.941761362,0.244032261,0.5520298641,0.6443174987,2.484161553,0.2870130976
lp_lin,188,0,200,8,200,46,3582.8,669,3.28385535,65.48561168,0.2602103159,0.4057990953,0.7113391973,6.437567025,0.1344525699
lp_lin,189,0,200,8,200,24,3735.0,512,1.80447294,13.82002345,0.2987107302,0.485395766,0.6732212538,3.301603848,0.2324714305
lp_lin,190,0,200,8,200,10,3915.7,512,2.339511162,38.8594019,0.3564954975,0.3752987048,0.727114769,3.918303725,0.2033221322
lp_lin,191,0,200,8,200,11,3896.5,191,0.6551838766,0.9744777913,0.07308891422,0.6637082689,0.601066917,2.423468874,0.2921013851
lp_lin,192,0,200,8,200,44,3484.0,746,2.549870584,22.80353337,0.1674303211,0.5339702562,0.6519031226,6.23162174,0.1382815689
lp_lin,193,0,200,8,200,40,3551.9,800,1.935789895,8.408800865,0.1609368454,0.6675613505,0.5996780866,4.825368406,0.1716629628
lp_lin,194,0,200,8,200,17,3837.6,948,0.9567086673,5.597019403,0.2466989605,0.4043908331,0.7120524974,1.926176361,0.3417429015
lp_lin,195,0,200,8,200,17,3834.2,571,1.621148467,13.50890141,0.3424232366,0.4410753363,0.6939262472,2.770391691,0.2652244334
lp_lin,196,0,200,8,200,41,3510.7,227,1.664617725,9.007010441,0.1044707758,0.5546565955,0.6432288667,5.150117112,0.1625985297
lp_lin,197,0,200,8,200,53,3496.6,470,1.829455984,21.42636636,0.1079160869,0.3952279974,0.7167287367,5.56902119,0.152229681
lp_lin,198,0,200,8,200,6,3954.0,401,2.559849423,22.83674797,0.2800202367,0.5356699577,0.6511815869,4.837485882,0.1713066242
lp_lin,199,0,200,8,200,3,3974.8,652,1.642588806,9.454332295,0.2441393029,0.5342117395,0.6518005137,3.324375008,0.2312472896
lp_lin,200,0,200,8,200,17,3824.7,615,1.297128033,5.745807192,0.1024737082,0.5411371138,0.648871532,4.052067013,0.1979387838
lp_lin,201,0,200,8,200,9,3922.4,717,0.8435614738,3.876259251,0.1365422052,0.428460045,0.7000545822,2.282881037,0.3046104896
lp_lin,202,0,200,8,200,87,2756.9,402,4.260008726,313.0890073,0.4467217601,0.2407557005,0.8059604317,6.373704649,0.1356170402
lp_lin,203,0,200,8,200,5,3922.3,874,1.654932116,16.0712612,0.4229835044,0.412814748,0.7078068808,2.544593823,0.2821197717
lp_lin,204,0,200,8,200,23,3623.8,994,1.034832724,7.713435618,0.2063322296,0.3726028945,0.728542832,2.278172568,0.3050480044
lp_lin,205,0,200,8,200,17,3868.2,598,0.9399273324,1.653114341,0.1006811639,0.7310428469,0.5776864517,2.962239475,0.2523825242
lp_lin,206,0,200,8,200,16,3890.1,783,5.374479137,267.08286,3.421768385,0.3288617566,0.7525237257,2.905434416,0.2560534613
lp_lin,207,0,200,8,200,31,3665.3,148,0.7352563386,2.941226457,0.1532009024,0.428720791,0.6999268201,1.878486661,0.3474047713
lp_lin,208,0,200,8,200,14,3846.1,443,1.432696173,32.39676443,0.1815924283,0.2517116299,0.7989060548,3.362058243,0.2292495754
lp_lin,209,0,200,8,200,13,3871.6,957,1.993407096,35.41169459,0.464544395,0.3349829053,0.7490732623,2.924707156,0.2547960804
lp_lin,210,0,200,8,200,63,3343.2,430,1.520485799,14.13440472,0.1488073123,0.4044302268,0.7120325246,3.941578968,0.2023644682
lp_lin,211,0,200,8,200,14,3927.5,191,0.8935826061,2.134167327,0.1941489922,0.6116746373,0.6204726295,2.027996197,0.3302514055
lp_lin,212,0,200,8,200,12,3892.8,425,8.720150208,914.1599903,0.4676903246,0.2884116911,0.7761494303,12.75101548,0.07272190197
lp_lin,213,0,200,8,200,45,3540.5,773,0.7807887586,1.723216329,0.09653663856,0.5947899905,0.6270418086,2.512970936,0.2846593434
lp_lin,214,0,200,8,200,22,3777.2,214,64.02443944,16261.01226,0.4986033628,0.5020789297,0.6657439767,90.67095356,0.01090858076
lp_lin,215,0,200,8,200,7,3913.3,239,2.277163684,41.69027038,0.3024869969,0.3526768013,0.7392748948,4.140386596,0.1945378973
lp_lin,216,0,200,8,200,31,3773.5,357,2.148232184,34.67428793,0.2068806249,0.3648189954,0.7326978913,4.723036578,0.1747324146
lp_lin,217,0,200,8,200,54,3358.5,68,1.942915453,46.91765227,0.6625490527,0.2836519453,0.7790273708,2.386958585,0.2952501411
lp_lin,218,0,200,8,200,35,3671.3,920,1.829316673,10.53858559,0.09792729774,0.563504942,0.6395886403,5.845706511,0.1460769606
lp_lin,219,0,200,8,200,37,3606.6,219,124.5684802,111849.7642,0.3170260283,0.3724694258,0.7286136807,221.2385003,0.004499670393
lp_lin,220,0,200,8,200,45,3495.6,911,0.9440346503,3.390849985,0.09965376198,0.512664974,0.6610849178,2.990481266,0.25059634
lp_lin,221,0,200,8,200,16,3825.5,161,1.444971029,9.843883072,0.11845357,0.4605490773,0.6846740144,4.198412077,0.1923664352
lp_lin,222,0,200,8,200,33,3720.1,68,1.824350795,16.91899072,0.4853676992,0.4435280838,0.6927471736,2.618622618,0.2763482423
lp_lin,223,0,200,8,200,6,3936.6,818,3.271423087,60.88290532,0.3962251329,0.4192654061,0.7045898503,5.197155418,0.1613643571
lp_lin,224,0,200,8,200,50,3490.7,875,2.359163885,20.75950283,0.2341508291,0.5177852052,0.6588547553,4.875400093,0.1702011751
lp_lin,225,0,200,8,200,19,3827.8,694,1.761243517,15.07990113,0.2340543338,0.453544767,0.6879733068,3.64050024,0.2154940089
lp_lin,226,0,200,8,200,23,3839.6,911,0.9142484283,2.688961758,0.1932363805,0.5575347093,0.6420402666,2.079791387,0.3246973169
lp_lin,227,0,200,8,200,79,3212.2,825,1.379587301,5.803425644,0.1201768441,0.5726733535,0.6358599501,3.979594212,0.2008195763
lp_lin,228,0,200,8,200,0,4000.0,948,0.8901431276,4.139577846,0.2000012132,0.4375037866,0.6956503415,1.990414506,0.3344018021
lp_lin,229,0,200,8,200,10,3936.8,932,4.102142625,198.8535041,1.166312199,0.290900275,0.7746531776,3.798423175,0.2084017944
lp_lin,230,0,200,8,200,36,1794.7,924,159.0935005,123821.6838,0.3424022508,0.452120381,0.6886481404,271.8843014,0.003664556718
lp_lin,231,0,200,8,200,32,3695.5,426,0.8239785024,1.688067335,0.1337956275,0.6341923486,0.6119230707,2.252656231,0.3074410356
lp_lin,232,0,200,8,200,21,3812.1,226,1.198179504,6.527070435,0.3184313144,0.4689890865,0.6807402514,2.123312916,0.3201728507
lp_lin,233,0,200,8,200,44,3506.1,233,2.136315388,26.74011906,0.3184806419,0.4131271152,0.7076504224,3.785505215,0.2089643528
lp_lin,234,0,200,8,200,23,3729.7,642,1.089817024,10.64293165,0.248216525,0.3340588265,0.749592132,2.18745054,0.3137303583
lp_lin,235,0,200,8,200,28,3656.2,844,1.839396168,46.58404229,0.3531901633,0.2694987106,0.7877124976,3.095073577,0.2441958566
lp_lin,236,0,200,8,200,4,3947.3,850,1.137746789,4.21064355,0.3495391697,0.5544614795,0.6433096048,1.924410392,0.3419492705
lp_lin,237,0,200,8,200,5,3965.8,555,2.119872004,14.70594189,0.2489953303,0.5527938677,0.6440004825,4.248288856,0.1905382931
lp_lin,238,0,200,8,200,13,3831.5,345,2.486370373,28.18332882,0.3648925276,0.4683490874,0.6810369609,4.116075547,0.1954623208
lp_lin,239,0,200,8,200,41,3625.8,117,1.325377625,7.84475779,0.2426473494,0.4732055886,0.6787918861,2.690616857,0.2709574141
lp_lin,240,0,200,8,200,24,3758.4,437,0.8537024816,1.834956745,0.1008960425,0.6302220996,0.6134133504,2.687629986,0.2711768816
lp_lin,241,0,200,8,200,20,3833.4,437,0.6949759807,1.17095641,0.07978607325,0.642243076,0.6089232554,2.460403008,0.2889836813
lp_lin,242,0,200,8,200,78,3142.7,647,1.615157681,33.43688714,0.3878549342,0.2793199833,0.7816652699,2.593464255,0.2782829963
lp_lin,243,0,200,8,200,2,3903.3,117,1.074020784,7.233016944,0.3276086547,0.3993493156,0.7146178505,1.876441384,0.3476517914
lp_lin,244,0,200,8,200,27,3740.1,869,5.692664352,177.5297542,0.1477149349,0.4272479642,0.7006490989,14.81164772,0.06324451555
lp_lin,245,0,200,8,200,40,3573.0,427,4.316132581,174.8801337,2.109830439,0.3263807517,0.7539313268,2.971467604,0.2517960864
lp_lin,246,0,200,8,200,32,3653.8,715,1.65556132,14.4264274,0.1264340803,0.4358789277,0.6964375482,4.656002386,0.17680332
lp_lin,247,0,200,8,200,22,3781.3,68,1.381071401,11.56119324,0.1528719079,0.4061765084,0.7111482762,3.532256957,0.2206406233
lp_lin,248,0,200,8,200,11,3856.8,772,1.584915964,17.54132195,0.2869765987,0.3784208702,0.7254678318,2.958577825,0.2526159758
lp_lin,249,0,200,8,200,19,3788.9,249,1.239107291,6.702044441,0.1310994071,0.4786358902,0.6762990177,3.422224914,0.2261305156
lp_lin,250,0,200,8,200,47,3481.6,319,1.491996578,6.407920185,0.1068135744,0.5893988447,0.6291686969,4.565145278,0.1796898284
lp_lin,251,0,200,8,200,2,3982.6,421,2.110808619,45.61788904,0.8522551659,0.3125224833,0.7618917106,2.286462262,0.3042785587
lp_lin,252,0,200,8,200,28,3681.1,878,1.328659945,5.431875443,0.112457118,0.5700841168,0.6369085511,3.962053795,0.2015294556
lp_lin,253,0,200,8,200,8,3940.3,690,19.98496154,2002.395327,1.222072319,0.4466099611,0.6912713357,18.07818654,0.05241588335
lp_lin,254,0,200,8,200,0,3993.7,191,0.9571844226,3.636708949,0.2117686633,0.5019279147,0.6658109156,2.080006895,0.3246745979
lp_lin,255,0,200,8,200,26,3740.3,526,0.8220268196,2.420918413,0.1745505959,0.5283186117,0.6543138272,1.967547923,0.3369785512
lp_lin,256,0,200,8,200,12,3942.7,660,0.8694409775,3.030942533,0.144854069,0.4994031231,0.6669320509,2.284413697,0.3044683442
lp_lin,257,0,200,8,200,26,3728.5,140,22.69280241,6773.49887,0.6827368463,0.2757284633,0.7838658686,27.46385268,0.03513227852
lp_lin,258,0,200,8,200,49,3491.5,547,2.276231388,17.47769488,0.1609502026,0.544470471,0.6474711034,5.673755855,0.1498406627
lp_lin,259,0,200,8,200,1,3993.8,713,1.599564967,23.57172908,0.7079914693,0.3294626318,0.7521836087,1.901025189,0.3447057281
lp_lin,260,0,200,8,200,41,3549.1,934,1.942923257,15.0053495,0.1886423635,0.5015711973,0.6659690874,4.473382478,0.182702379
lp_lin,261,0,200,8,200,20,3787.6,512,1.762415117,22.57630412,0.3171367027,0.3709213109,0.7294364688,3.129572061,0.2421558421
lp_lin,262,0,200,8,200,18,3828.9,870,11.96439846,1359.141279,0.5588894406,0.3245327776,0.7549832038,16.00397691,0.0588097717
lp_lin,263,0,200,8,200,21,3828.5,379,6.42192696,336.776615,0.1851375981,0.3499406531,0.7407733056,14.92512748,0.06279384584
lp_lin,264,0,200,8,200,33,3628.5,770,1.388023756,12.67943007,0.2086639952,0.3898046654,0.7195255743,3.038597246,0.2476107269
lp_lin,265,0,200,8,200,23,3747.8,191,0.9694428186,5.278568957,0.1906609017,0.4219530186,0.7032581153,2.22019631,0.3105400739
lp_lin,266,0,200,8,200,14,3868.9,813,7.13006745,93.36453863,0.4742924116,0.7379087506,0.5754042033,10.35310337,0.08808164319
lp_lin,267,0,200,8,200,15,3876.4,435,1.142578678,5.011953292,0.1029951802,0.5103670263,0.6620907254,3.560226795,0.2192873392
lp_lin,268,0,200,8,200,54,3388.5,620,1.086757403,8.509623572,0.1776411193,0.3725438794,0.7285741571,2.578462721,0.2794496067
lp_lin,269,0,200,8,200,23,3791.4,148,0.8240208442,1.461094321,0.1436243099,0.6817090685,0.5946331733,2.174323803,0.3150277231
lp_lin,270,0,200,8,200,19,3766.2,663,2.952084761,99.26616642,0.1816655954,0.2962976438,0.7714277696,6.926159358,0.1261645085
lp_lin,271,0,200,8,200,27,3789.2,522,2.518355409,72.38473954,0.1072645685,0.2960012281,0.7716042071,7.689336661,0.1150835834
lp_lin,272,0,200,8,200,1,3962.4,646,1.511098161,16.008049,0.4424579662,0.377679554,0.7258581991,2.271729762,0.3056487158
lp_lin,273,0,200,8,200,3,3943.9,724,2.311616418,27.03545996,0.329583349,0.444578943,0.6922432345,4.026550397,0.1989435937
lp_lin,274,0,200,8,200,29,3728.0,457,0.9908818612,3.920296251,0.1086509376,0.5004520064,0.6664658354,3.006111875,0.2496185906
lp_lin,275,0,200,8,200,37,3625.7,724,3.327846641,59.73424881,0.4283354325,0.4305777668,0.699018273,5.084769887,0.1643447523
lp_lin,276,0,200,8,200,10,3902.7,724,3.602051846,117.7115315,1.109116867,0.3320018123,0.7507497293,3.420277194,0.2262301562
lp_lin,277,0,200,8,200,40,3590.0,720,0.9742812145,4.516544791,0.12678604,0.4584385899,0.6856647972,2.736204861,0.2676512764
lp_lin,278,0,200,8,200,35,3576.2,565,1.988613062,50.27454539,0.5791559121,0.280463411,0.7809672587,2.613079006,0.2767722484
lp_lin,279,0,200,8,200,21,3815.8,986,3.150694028,76.18737374,0.6475081827,0.3609646961,0.7347729172,3.915467281,0.2034394581
lp_lin,280,0,200,8,200,55,3371.1,598,1.344896343,11.71913995,0.1917613438,0.3928628314,0.7179457858,3.071201282,0.2456277473
lp_lin,281,0,200,8,200,22,3814.9,410,0.6461282285,1.996410544,0.1037346703,0.4572921937,0.6862041836,2.006119271,0.3326547984
lp_lin,282,0,200,8,200,12,3856.3,226,1.177647069,8.938301931,0.2092406554,0.3939015095,0.7174108021,2.574495397,0.2797597672
lp_lin,283,0,200,8,200,18,3839.3,401,2.669076209,47.19724211,0.3713520822,0.3885104127,0.7201962555,4.379938803,0.1858757203
lp_lin,284,0,200,8,200,19,3773.1,68,1.214102354,8.100555658,0.1790716535,0.4265774522,0.7009784141,2.869074855,0.258459719
lp_lin,285,0,200,8,200,45,3499.2,457,0.784788435,1.543244279,0.09055338063,0.6317354624,0.6128444365,2.607956002,0.2771652425
lp_lin,286,0,200,8,200,15,3808.8,586,2.515214034,83.48421725,0.2103906323,0.2752787945,0.7841422631,5.483549247,0.1542365087
lp_lin,287,0,200,8,200,18,3835.7,584,4.519570532,259.9622151,0.3314121103,0.2803122348,0.7810594735,7.850783142,0.1129843522
lp_lin,288,0,200,8,200,47,3498.8,226,1.072566875,6.531345454,0.1221167827,0.4196846186,0.704381795,3.06928137,0.2457436361
lp_lin,289,0,200,8,200,44,3469.0,320,1.121835186,5.311740612,0.1292616036,0.4867552315,0.6726056709,3.120285175,0.2427016475
lp_lin,290,0,200,8,200,20,3797.2,376,3.990511523,104.2195982,0.3497110019,0.3908893806,0.7189644367,6.747982094,0.1290658636
lp_lin,291,0,200,8,200,35,3533.9,961,4.402428382,110.3087439,0.1758452722,0.4191672371,0.7046385893,10.49849272,0.08696792042
lp_lin,292,0,200,8,200,31,3708.8,302,1.412343623,6.85845433,0.1235753126,0.5392960605,0.6496476056,4.017672334,0.1992955963
lp_lin,293,0,200,8,200,16,3886.1,598,1.386378434,12.56587146,0.3730468176,0.3910979032,0.7188566654,2.269865502,0.3058229764
lp_lin,294,0,200,8,200,25,3809.1,459,1.594737041,16.61303807,0.2424111369,0.3912591901,0.7187733293,3.239013794,0.2359039269
lp_lin,295,0,200,8,200,68,3166.3,76,1.953860694,36.17206675,0.2863164173,0.3248679998,0.7547921757,3.651492986,0.2149847378
lp_lin,296,0,200,8,200,30,3762.2,859,1.64642672,26.19509111,0.1837637647,0.3216862137,0.7566092387,3.840718399,0.2065809075
lp_lin,297,0,200,8,200,19,3772.6,9,18.26959366,2969.839859,0.2257344679,0.3352450486,0.7489261997,38.45297534,0.0253466308
lp_lin,298,0,200,8,200,18,3895.4,410,0.7681641498,2.129237224,0.1553840585,0.5264316716,0.6551226751,1.948726112,0.339129496
lp_lin,299,0,200,8,200,38,3529.3,191,0.7548213665,2.556342159,0.09635274115,0.4721007538,0.67930133,2.431712056,0.2913997398
lp_lin,300,0,200,8,200,2,3990.3,823,6.067542686,156.5251395,0.4060766182,0.4849766068,0.6734112817,9.521576225,0.09504279383
lp_lin,301,0,200,8,200,15,3829.1,42,2.233432559,23.29507538,0.2595680869,0.4627439857,0.6836466325,4.383764293,0.1857436443
lp_lin,302,0,200,8,200,29,3695.8,994,0.8702785272,3.447637272,0.1582165407,0.4687027315,0.6808729762,2.187924471,0.3136837177
lp_lin,303,0,200,8,200,6,3864.0,947,2.726794288,31.07364977,0.3302205459,0.4891659764,0.6715168194,4.745154201,0.1740597319
lp_lin,304,0,200,8,200,32,3702.2,799,2.844951796,66.22527626,0.5685737076,0.3495932374,0.7409639974,3.772954135,0.2095138507
lp_lin,305,0,200,8,200,12,3877.5,211,2.100135963,33.69883726,0.3796497812,0.3617761675,0.734335072,3.408441425,0.2268375382
lp_lin,306,0,200,8,200,15,3876.7,410,0.9329934113,5.034168562,0.1895957345,0.4158289295,0.7063000191,2.142714436,0.3181962664
lp_lin,307,0,200,8,200,37,3647.1,134,2.160242007,23.95218722,0.2093572286,0.4413974482,0.6937711741,4.721265532,0.1747865039
lp_lin,308,0,200,8,200,18,3807.2,375,21.32231896,2261.492007,0.7807859243,0.4483703721,0.6904311351,24.13061819,0.03979209714
lp_lin,309,0,200,8,200,8,3933.8,91,1.818156799,16.21925639,0.2035423642,0.4514564527,0.6889631433,4.029989615,0.1988075675
lp_lin,310,0,200,8,200,11,3905.6,512,1.371487012,9.343865423,0.2436045154,0.4486714258,0.6902876541,2.778747162,0.2646379758
lp_lin,311,0,200,8,200,18,3791.0,758,3.650729249,56.98267352,0.2800084192,0.4836244118,0.6740250377,6.899126061,0.1265962832
lp_lin,312,0,200,8,200,66,3287.6,396,1.212559852,4.023236088,0.1398539601,0.6045266144,0.6232367796,3.2423941,0.2357159605
lp_lin,313,0,200,8,200,82,2824.8,740,1.290025512,9.978991218,0.1189442119,0.4083710803,0.7100401407,3.74047402,0.2109493683
lp_lin,314,0,200,8,200,18,3846.2,11,1.725097725,13.94909808,0.1839851243,0.4618922108,0.6840449608,4.021817386,0.199131096
lp_lin,315,0,200,8,200,32,3719.9,770,1.978281667,50.7418344,0.4247384673,0.2777186494,0.7826449121,3.03547967,0.2478020165
lp_lin,316,0,200,8,200,61,3414.7,862,1.257311857,6.679522767,0.1184591322,0.4864859408,0.6727275197,3.653076254,0.2149115865
lp_lin,317,0,200,8,200,40,3483.5,54,0.8773178612,1.618181139,0.09178978164,0.6896732853,0.5918303904,2.895741584,0.2566905372
lp_lin,318,0,200,8,200,23,3803.5,292,1.800086501,9.897426561,0.09746771278,0.5721794173,0.63605972,5.765845324,0.1478011915
lp_lin,319,0,200,8,200,43,3613.4,728,1.477340237,7.93538176,0.1140236656,0.5244409725,0.6559781704,4.375050066,0.1860447787
lp_lin,320,0,200,8,200,63,3259.1,320,0.8528513477,2.255610989,0.06810789724,0.5678599491,0.6378120702,3.267943987,0.2343048557
lp_lin,321,0,200,8,200,18,3848.9,510,0.8867159826,4.126834214,0.1613889903,0.4364917355,0.6961404478,2.207229969,0.31179554
lp_lin,322,0,200,8,200,24,3751.7,722,3.337236779,34.15263913,0.1906377301,0.5710509871,0.6365165792,7.643329674,0.1156961539
lp_lin,323,0,200,8,200,7,3925.0,323,71.39417248,34442.97679,1.283632887,0.3846913531,0.7221825988,63.0147687,0.01562139519
lp_lin,324,0,200,8,200,39,3560.5,646,1.682715411,51.42665444,0.2415584613,0.2346478267,0.8099475643,3.423730289,0.2260535645
lp_lin,325,0,200,8,200,31,3690.3,414,6.267942469,553.2499385,0.8177580836,0.2664798127,0.7895901616,6.931266202,0.1260832728
lp_lin,326,0,200,8,200,7,3949.1,554,2.294792966,113.631909,0.7850192534,0.2152748814,0.822859104,2.59002142,0.27854987
lp_lin,327,0,200,8,200,133,2250.8,695,7.133119704,805.5071497,0.2440839319,0.2513302784,0.7991495269,14.43809572,0.06477482831
lp_lin,328,0,200,8,200,6,3942.0,895,2.773605702,38.97094776,0.2619055665,0.4442978765,0.692377948,5.419663929,0.1557713941
lp_lin,329,0,200,8,200,23,3791.3,329,23.88973663,4409.928569,0.1429900239,0.3597456776,0.7354316447,63.17692628,0.01558192419
lp_lin,330,0,200,8,200,21,3816.8,443,1.731041311,21.16088162,0.186302029,0.3763054893,0.7265828755,4.010501102,0.1995808363
lp_lin,331,0,200,8,200,55,3372.8,644,2.014902485,17.50199535,0.1641890311,0.4816263623,0.6749339951,4.972582102,0.1674317712
lp_lin,332,0,200,8,200,20,3774.6,932,4.424137944,132.5768819,1.027146599,0.3842330865,0.7224216859,4.365283396,0.1863834445
lp_lin,333,0,200,8,200,10,3884.1,761,4.385421322,276.7716803,1.439875026,0.2636030911,0.7913877443,3.654676362,0.2148377078
lp_lin,334,0,200,8,200,45,3661.2,902,1.037390859,4.47350816,0.1419537084,0.4904766083,0.6709263295,2.753398336,0.266425226
lp_lin,335,0,200,8,200,19,3536.6,191,0.7494840639,2.704478342,0.1238325803,0.4557436739,0.6869341203,2.129830008,0.3195061704
lp_lin,336,0,200,8,200,23,3738.0,470,1.574831268,16.74224159,0.2668867912,0.3848816687,0.7220833539,3.048389724,0.2470117919
lp_lin,337,0,200,8,200,12,3853.6,889,0.924727391,3.485728026,0.1903752824,0.4952984544,0.6687628126,2.119378096,0.3205767205
lp_lin,338,0,200,8,200,102,2949.0,914,0.9160578301,1.984887114,0.09536914005,0.6502120071,0.6059827439,2.966326543,0.2521224587
lp_lin,339,0,200,8,200,37,3703.7,596,1.382398857,9.370304922,0.2795729267,0.4516026734,0.6888937437,2.614482924,0.276664746
lp_lin,340,0,200,8,200,43,3613.6,320,1.511287177,22.70963585,0.122552042,0.3171333479,0.7592245702,4.317046449,0.1880743397
lp_lin,341,0,200,8,200,21,3822.5,891,2.134249708,20.45108142,0.1837326317,0.4719403299,0.6793753657,4.979114149,0.1672488558
lp_lin,342,0,200,8,200,5,3945.1,934,2.355410056,37.10595304,0.315233068,0.386673785,0.7211501442,4.195180395,0.1924860975
lp_lin,343,0,200,8,200,14,3851.2,702,0.7809672925,2.592937885,0.1552864558,0.4849944726,0.6734031799,1.981828441,0.3353646998
lp_lin,344,0,200,8,200,30,3621.4,505,1.807615649,28.35082108,0.2204025797,0.3394870965,0.7465544107,3.85032825,0.2061716132
lp_lin,345,0,200,8,200,20,3773.5,724,1.900583261,15.45961269,0.2609570302,0.4833787957,0.6741366419,3.720509342,0.2118415467
lp_lin,346,0,200,8,200,13,3890.8,510,1.233379379,4.335099992,0.2375785788,0.5923755481,0.6279925619,2.530422515,0.2832522158
lp_lin,347,0,200,8,200,44,3524.7,347,0.7113137098,1.222351829,0.07208500164,0.6433733478,0.6085044529,2.649346262,0.2740216818
lp_lin,348,0,200,8,200,9,3861.7,948,0.862283979,2.471237814,0.2288375946,0.5485207318,0.6457775989,1.802547135,0.3568182627
lp_lin,349,0,200,8,200,35,3512.8,145,0.9969163578,2.559586496,0.1885207579,0.6231230506,0.6160962347,2.296038328,0.3033945301
lp_lin,350,0,200,8,200,72,3342.5,148,1.012532119,4.833349558,0.2377503105,0.4605583981,0.6846696451,2.076578065,0.325036446
lp_lin,351,0,200,8,200,52,3542.8,191,0.8094391788,1.954312731,0.1190351926,0.5790115018,0.6333076098,2.346100067,0.2988553779
lp_lin,352,0,200,8,200,24,3700.7,968,1.695186586,11.1551308,0.1080255852,0.5075515678,0.6633272263,5.157677622,0.1623988882
lp_lin,353,0,200,8,200,32,3673.3,320,0.8956043182,2.418849855,0.0837419186,0.5758531187,0.6345769083,3.094886492,0.2442070133
lp_lin,354,0,200,8,200,6,3943.0,510,5.809262742,176.201329,0.7215274846,0.4376394155,0.6955847128,6.839031117,0.1275667854
lp_lin,355,0,200,8,200,12,3881.3,772,1.278619795,9.484101469,0.205873949,0.4151865995,0.7066205972,2.817998296,0.2619173511
lp_lin,356,0,200,8,200,41,3537.1,356,0.6194226594,0.9397546125,0.099806461,0.6389690984,0.6101396304,1.960684702,0.3377597079
lp_lin,357,0,200,8,200,21,3765.6,934,1.637072774,21.34638712,0.1739995679,0.354328263,0.7383734264,3.924586458,0.203062736
lp_lin,358,0,200,8,200,24,3762.9,197,2.351564263,17.80091479,0.158630955,0.5573598631,0.642112349,5.904224766,0.1448388536
lp_lin,359,0,200,8,200,48,3473.5,732,3.686746333,77.86009668,0.1676743374,0.4178166933,0.7053097941,9.003470741,0.09996530463
lp_lin,360,0,200,8,200,15,3882.7,192,2.574618238,45.72124186,0.2444031462,0.3807622043,0.7242376688,5.207861732,0.161086062
lp_lin,361,0,200,8,200,22,3830.7,410,0.8055046783,2.935318512,0.1435825055,0.470154341,0.6802006919,2.12577504,0.3199206556
lp_lin,362,0,200,8,200,87,2981.5,461,8.478629138,840.9304342,4.574278441,0.2923786147,0.7737670591,3.964280177,0.2014390736
lp_lin,363,0,200,8,200,20,3707.8,363,2.053723806,16.78858058,0.5109403398,0.5012276811,0.6661214768,2.87314101,0.2581883793
lp_lin,364,0,200,8,200,51,3443.6,320,0.9266805183,3.089594819,0.1197821241,0.5272046945,0.6547910726,2.677528041,0.2719217879
lp_lin,365,0,200,8,200,11,3933.0,842,4.303480569,134.9595398,0.3829009467,0.3704401506,0.7296925733,6.954671583,0.1257122924
lp_lin,366,0,200,8,200,28,3748.6,402,4.460726861,268.9278476,1.170181638,0.2720117994,0.7861562294,4.123623366,0.1951743773
lp_lin,367,0,200,8,200,39,3589.5,351,0.9651588643,2.112634822,0.1423114761,0.6640282969,0.6009513191,2.558461241,0.2810203434
lp_lin,368,0,200,8,200,38,3593.8,422,0.8023563124,2.606603379,0.07032940899,0.4969695695,0.6680162512,3.025511373,0.248415644
lp_lin,369,0,200,8,200,4,3971.8,832,0.7626704451,2.109329692,0.1251831352,0.5251274055,0.6556829262,2.155579302,0.3168990237
lp_lin,370,0,200,8,200,54,3358.1,18,2.630354219,58.76843089,0.2120082781,0.3431169632,0.7445367957,5.712652775,0.1489724009
lp_lin,371,0,200,8,200,29,3732.1,757,2.41449988,11.87915397,0.2382613661,0.7005424106,0.5880476687,4.94652689,0.1681653877
lp_lin,372,0,200,8,200,10,3900.1,774,1.23940161,28.50316692,0.3035464932,0.2321482948,0.8115906212,2.24956966,0.3077330554
lp_lin,373,0,200,8,200,15,3787.4,289,1.702807313,10.61178227,0.1147750437,0.5227226771,0.6567183999,5.026223232,0.1659414133
lp_lin,374,0,200,8,200,9,3911.3,231,0.9765822418,1.98774103,0.107014454,0.6926740562,0.590781194,2.985297401,0.2509223025
lp_lin,375,0,200,8,200,37,3642.9,375,15.01268075,1326.592207,0.6976119022,0.4121824804,0.7081237828,17.97427196,0.0527029444
lp_lin,376,0,200,8,200,43,3483.6,895,2.79082955,34.39909241,0.1752692373,0.4758387661,0.677580792,6.666232619,0.1304421676
lp_lin,377,0,200,8,200,15,3872.6,911,0.9819349886,3.679317871,0.128396488,0.5119164439,0.6614122123,2.740350808,0.2673546016
lp_lin,378,0,200,8,200,29,3796.4,121,1.26706329,8.262936918,0.2127438608,0.4407893469,0.694063988,2.747070406,0.2668751563
lp_lin,379,0,200,8,200,57,3360.2,907,4.03655486,152.5428828,0.09622880069,0.32682471,0.7536790598,13.0124275,0.07136522207
lp_lin,380,0,200,8,200,25,3722.9,406,3.561005183,125.3538722,0.490768155,0.3180560996,0.7586930483,5.083167474,0.1643880436
lp_lin,381,0,200,8,200,12,3885.3,212,19.80735701,985.552041,0.5662682011,0.6309380927,0.6131440577,26.32179135,0.0366008212
lp_lin,382,0,200,8,200,22,3780.1,134,1.229681236,6.581292691,0.1364305186,0.4793325739,0.6759805183,3.329176198,0.2309908292
lp_lin,383,0,200,8,200,16,3809.5,71,2.190834957,15.0658191,0.1766319422,0.5644341574,0.6392087486,5.212847737,0.1609567854
lp_lin,384,0,200,8,200,33,3610.1,715,1.449270485,26.44934101,0.1836692301,0.2818006689,0.7801525028,3.381670157,0.2282234774
lp_lin,385,0,200,8,200,29,3698.6,947,2.375697611,31.58491405,0.3447068264,0.4227185549,0.7028797063,4.04637584,0.198162014
lp_lin,386,0,200,8,200,30,3681.0,78,1.366401434,9.963355762,0.1038807013,0.4328879433,0.6978912794,4.239463229,0.1908592457
lp_lin,387,0,200,8,200,15,3828.3,387,7.361000262,286.2305171,0.381194455,0.4350897635,0.6968205233,11.92239609,0.07738502932
lp_lin,388,0,200,8,200,21,3801.3,388,13.15846511,1072.020592,0.3289649235,0.4018867329,0.713324391,22.9419557,0.04176768233
lp_lin,389,0,200,8,200,48,3456.7,389,22.30053295,3399.29745,0.1214559673,0.3824905044,0.7233322738,63.98907225,0.01538720227
lp_lin,390,0,200,8,200,16,3871.1,285,0.9750564364,2.840653974,0.1906686051,0.5785229421,0.6335036212,2.233007382,0.3093095319
lp_lin,391,0,200,8,200,18,3819.6,263,10.65661925,845.6647661,0.1261434712,0.3664547293,0.731820805,30.00454603,0.03225333469
lp_lin,392,0,200,8,200,54,3400.6,470,1.557538411,17.18276693,0.1986199609,0.3757441399,0.7268793455,3.494840177,0.2224773208
lp_lin,393,0,200,8,200,19,3790.3,393,7.336944518,264.0588446,0.1580666517,0.4515074031,0.6889389595,18.45419512,0.05140279482
lp_lin,394,0,200,8,200,8,3904.1,416,3.208006262,70.14986195,0.4330825062,0.3830203043,0.7230551836,4.874722373,0.1702208098
lp_lin,395,0,200,8,200,21,3817.3,712,1.41663917,9.612655561,0.1150132064,0.4569172511,0.6863807805,4.177201163,0.1931545576
lp_lin,396,0,200,8,200,82,3153.0,437,0.7748040079,1.93046347,0.09752689303,0.5576491757,0.6419930852,2.481016566,0.2872724048
lp_lin,397,0,200,8,200,30,3749.5,717,0.6638490395,2.072437438,0.1040370891,0.4611355632,0.6843991928,2.058141524,0.326995985
lp_lin,398,0,200,8,200,59,3371.6,139,3.660880197,45.22595021,0.2076991695,0.5443668453,0.6475145481,8.032821875,0.1107073752
lp_lin,399,0,200,8,200,21,3824.6,356,0.7525502977,1.733707331,0.114890158,0.5715413273,0.6363179782,2.220210328,0.310538722
lp_lin,400,0,200,8,200,24,3738.1,889,1.134357341,6.223131279,0.1564488579,0.4547214118,0.6874168428,2.86789791,0.2585383646
lp_lin,401,0,200,8,200,43,3502.9,193,1.700718407,11.77587081,0.2523889065,0.4956052473,0.6686256295,3.385300935,0.2280345214
lp_lin,402,0,200,8,200,40,3549.7,402,3.728460472,75.04241275,0.2287262292,0.4304038512,0.6991032631,7.795995111,0.1136881032
lp_lin,403,0,200,8,200,14,3872.8,31,1.091626958,11.15876399,0.2167609685,0.3267880795,0.7536998677,2.344680712,0.2989822008
lp_lin,404,0,200,8,200,26,3683.8,331,3.50107501,66.22391444,0.2377607145,0.4302233638,0.6991914867,7.180114451,0.1222476783
lp_lin,405,0,200,8,200,74,3117.7,891,3.02128039,115.1061181,0.3471420518,0.2816059508,0.7802710337,5.127874868,0.1631887109
lp_lin,406,0,200,8,200,19,3755.1,475,2.635209313,33.01885074,0.6980982956,0.4586000948,0.6855888763,3.153964697,0.2407338707
lp_lin,407,0,200,8,200,15,3876.1,948,1.202323739,19.2094072,0.1691184874,0.2743244017,0.7847295388,2.923653357,0.2548645125
lp_lin,408,0,200,8,200,29,3621.5,410,1.085574224,7.221170604,0.1566104266,0.4039761445,0.7122628144,2.743147665,0.2671548358
lp_lin,409,0,200,8,200,39,3548.5,592,1.875452586,21.56854116,0.1488509073,0.4038273261,0.7123383207,4.861052886,0.1706178087
lp_lin,410,0,200,8,200,42,3685.3,410,0.6465280875,1.074342861,0.09182046724,0.6237577373,0.615855418,2.13362282,0.3191194529
lp_lin,411,0,200,8,200,24,3784.6,411,215.755893,193757.5699,0.3869483357,0.4901548758,0.6710711861,346.8455884,0.002874838817
lp_lin,412,0,200,8,200,8,3934.9,412,6.953997177,351.4567614,0.1966658854,0.3709356363,0.7294288466,15.68086422,0.05994893232
lp_lin,413,0,200,8,200,13,3914.5,994,0.8846097993,2.2758451,0.1372742975,0.5863816838,0.6303653214,2.387575595,0.2951963645
lp_lin,414,0,200,8,200,35,3615.2,508,4.04587973,124.2505207,0.8609628731,0.362964257,0.7336949556,4.360344032,0.1865551901
lp_lin,415,0,200,8,200,10,3880.4,443,2.353572605,79.80158282,0.1979621411,0.2634643437,0.7914746506,5.289766832,0.1589884056
lp_lin,416,0,200,8,200,16,3849.7,293,2.804314264,26.6928542,0.2835427232,0.5427866704,0.6481777547,5.266443483,0.1595801514
lp_lin,417,0,200,8,200,14,3884.0,673,1.649954269,16.54753008,0.3020829636,0.4056068843,0.71143647,3.001986885,0.2498758813
lp_lin,418,0,200,8,200,24,3757.4,294,2.608446306,83.31877209,0.2910644421,0.2857659441,0.7777465289,4.834898094,0.171382599
lp_lin,419,0,200,8,200,19,3817.5,546,3.941981802,174.6529552,0.2379614329,0.2982817249,0.7702488457,8.080929676,0.1101208836
lp_lin,420,0,200,8,200,8,3928.4,770,2.874654843,73.42447,0.3489059428,0.3354789667,0.7487950203,4.866665797,0.1704545707
lp_lin,421,0,200,8,200,13,3823.9,935,1.742926815,14.392911,0.4539020347,0.4594146411,0.6852062271,2.587009877,0.2787837319
lp_lin,422,0,200,8,200,78,3145.9,832,0.8502726276,1.698833739,0.08363812492,0.6523531436,0.6051975051,2.940059058,0.2538033022
lp_lin,423,0,200,8,200,24,3725.3,410,0.8734953617,2.178897545,0.1682085216,0.5917553573,0.6282372447,2.129789131,0.3195103434
lp_lin,424,0,200,8,200,25,3716.4,54,0.8116184143,1.752934695,0.1158961202,0.6130120668,0.6199581643,2.384061438,0.2955029092
lp_lin,425,0,200,8,200,13,3850.0,425,9.925734736,403.2432495,0.1588815997,0.4942869126,0.6692155245,24.90152029,0.03860777239
lp_lin,426,0,200,8,200,58,3345.6,437,0.7335453366,1.279773255,0.08715004175,0.6484260374,0.6066392894,2.484809854,0.2869597028
lp_lin,427,0,200,8,200,25,3759.1,724,2.605431873,47.3209203,0.3396935091,0.3787504265,0.7252944266,4.470294113,0.1828055273
lp_lin,428,0,200,8,200,23,3746.5,410,0.780706472,2.516487115,0.1128249873,0.4921419935,0.6701775061,2.324262274,0.3008186231
lp_lin,429,0,200,8,200,14,3859.2,410,0.725528988,1.858192382,0.1154454059,0.5322423542,0.6526382705,2.13533708,0.3189449729
lp_lin,430,0,200,8,200,35,3615.5,505,1.86407559,12.84463303,0.1893538535,0.5201189401,0.6578432605,4.283772964,0.1892586996
lp_lin,431,0,200,8,200,10,3905.7,348,1.338068828,7.510919646,0.3350706698,0.488238357,0.671935376,2.311587016,0.3019700207
lp_lin,432,0,200,8,200,9,3890.7,320,1.347537312,6.236443626,0.1124814845,0.5396004445,0.6495191681,4.017910694,0.1992861294
lp_lin,433,0,200,8,200,1,3971.8,673,1.750853189,15.61231782,0.1762041679,0.4431145797,0.6929456705,4.171013957,0.1933856703
lp_lin,434,0,200,8,200,31,3675.9,78,1.644542006,33.50012203,0.1784677475,0.2841330652,0.7787354964,3.892826965,0.2043808226
lp_lin,435,0,200,8,200,44,3588.5,356,0.774750622,1.861475468,0.09188475729,0.5678495357,0.6378163065,2.555878457,0.2812244603
lp_lin,436,0,200,8,200,1,3992.1,889,0.9833197139,4.616775771,0.1998135214,0.4576414522,0.6860397655,2.1997955,0.312519972
lp_lin,437,0,200,8,200,46,3493.4,191,0.7180391418,0.9443165035,0.06739794069,0.7389062317,0.5750741367,2.765825686,0.2655460139
lp_lin,438,0,200,8,200,16,3834.9,193,1.751550413,9.971886312,0.1513126757,0.5546691127,0.6432236878,4.502824145,0.1817248696
lp_lin,439,0,200,8,200,39,3606.3,914,0.852879363,4.50156483,0.1020523235,0.401981301,0.713276275,2.669784193,0.2724955876
lp_lin,440,0,200,8,200,6,3958.0,148,1.086912955,3.537339383,0.2560261338,0.5779049315,0.6337517426,2.148090706,0.3176528548
lp_lin,441,0,200,8,200,19,3832.1,443,1.400685762,8.10044899,0.08993910053,0.4921371708,0.6701796722,4.670532991,0.1763502658
lp_lin,442,0,200,8,200,52,3399.1,464,1.327565551,6.442682853,0.1803543894,0.5230251801,0.6565879626,3.126026218,0.2423639471
lp_lin,443,0,200,8,200,54,3430.1,620,1.170485991,5.778653791,0.1874569555,0.4869146956,0.6725335374,2.70343194,0.270019813
lp_lin,444,0,200,8,200,5,3946.3,410,0.8041780752,2.319467353,0.1367032499,0.5280293906,0.6544376739,2.175017767,0.3149588675
lp_lin,445,0,200,8,200,19,3828.8,445,1.816574865,9.72861633,0.2396586438,0.5824085777,0.6319480405,3.710707757,0.212282326
lp_lin,446,0,200,8,200,38,3618.4,389,28.1381223,4976.600162,0.1050042542,0.39886758,0.7148639473,86.83437156,0.01138506466
lp_lin,447,0,200,8,200,26,3824.3,726,2.020247851,18.78852778,0.2839013721,0.4660776503,0.6820921114,3.791585971,0.2086991668
lp_lin,448,0,200,8,200,7,3960.6,187,1.557915218,21.24502821,0.6029652333,0.337998804,0.7473848235,2.006308365,0.3326338747
lp_lin,449,0,200,8,200,6,3941.5,90,3.597376387,68.90658138,0.5599802356,0.4333666907,0.6976581823,4.807281238,0.1721976187
lp_lin,450,0,200,8,200,33,3737.9,31,1.073036262,4.018459104,0.1300661355,0.5352844438,0.6513451003,2.9753104,0.2515526838
lp_lin,451,0,200,8,200,5,3953.6,396,0.9678767182,9.253634812,0.1755299263,0.3181733972,0.758625536,2.310172757,0.3020990364
lp_lin,452,0,200,8,200,24,3721.1,60,1.810174051,15.00776224,0.3945576035,0.4672640453,0.6815405879,2.881808556,0.25761188
lp_lin,453,0,200,8,200,30,3689.6,948,1.170935526,6.538224861,0.1368142728,0.4579341758,0.6859020226,3.165681946,0.2400567333
lp_lin,454,0,200,8,200,27,3775.5,18,3.304702699,47.88649004,0.1119861389,0.4775577445,0.6767925001,9.875299129,0.09195149376
lp_lin,455,0,200,8,200,41,3504.7,614,3.611915396,78.21767111,0.2536536574,0.4083994312,0.7100258477,7.171615624,0.1223748211
lp_lin,456,0,200,8,200,19,3796.3,627,2.01237459,43.73798585,0.2665698526,0.304284223,0.7667040529,3.897654228,0.2041793792
lp_lin,457,0,200,8,200,35,3600.3,231,0.7342050143,1.668014194,0.07826197375,0.5684829911,0.6375587148,2.624472026,0.2759022536
lp_lin,458,0,200,8,200,28,3671.9,469,1.176591832,3.070765698,0.1561779924,0.6714327007,0.5982891202,2.977254164,0.251429745
lp_lin,459,0,200,8,200,5,3946.2,31,1.08193167,4.481082801,0.2913240126,0.5111029047,0.6617682998,2.004525992,0.3328312029
lp_lin,460,0,200,8,200,15,3883.5,914,1.125556835,3.043177344,0.1432912832,0.6452140243,0.6078236541,2.973428801,0.2516718054
lp_lin,461,0,200,8,200,62,3431.4,783,6.84342979,131.4468284,0.4709579593,0.5968961258,0.6262148075,9.972010922,0.09114099567
lp_lin,462,0,200,8,200,51,3513.0,779,1.263206872,16.03466294,0.2151667884,0.3154601911,0.7601902412,2.723245915,0.2685828503
lp_lin,463,0,200,8,200,20,3865.9,889,1.238019253,11.49325424,0.1764654633,0.3651790814,0.7325046316,2.94711809,0.2533494
lp_lin,464,0,200,8,200,49,3465.4,914,1.138123502,3.558926023,0.2372545454,0.6032952573,0.6237154357,2.336587886,0.299707376
lp_lin,465,0,200,8,200,38,3732.3,948,1.033522107,5.709895477,0.1841647537,0.4325194992,0.6980707771,2.408332866,0.2933985733
lp_lin,466,0,200,8,200,12,3897.5,948,0.8918624582,2.630553677,0.1408618896,0.549888072,0.6452078818,2.376299235,0.2961822784
lp_lin,467,0,200,8,200,22,3729.3,211,1.161239336,6.583182703,0.3064262591,0.4525887814,0.6884260796,2.097774245,0.3228124198
lp_lin,468,0,200,8,200,1,3991.1,261,2.729445093,31.47953676,0.6763587482,0.4864746293,0.6727326389,3.318836107,0.2315438639
lp_lin,469,0,200,8,200,35,3650.1,914,0.8313327998,2.392352523,0.1129204937,0.5374800243,0.6504149545,2.473936405,0.287857889
lp_lin,470,0,200,8,200,28,3673.2,620,1.249272188,10.16772441,0.1514266568,0.39178264,0.7185029984,3.210376033,0.2375084772
lp_lin,471,0,200,8,200,1,3988.5,512,1.574059895,15.7076624,0.5524115352,0.3971599749,0.7157376521,2.117824092,0.3207365042
lp_lin,472,0,200,8,200,18,3775.7,556,1.909234969,19.30176139,0.1211555438,0.4345711676,0.6970724232,5.485140225,0.1541986704
lp_lin,473,0,200,8,200,16,3846.6,187,1.506329302,13.47111506,0.6079634361,0.4104102054,0.7090135878,1.931884659,0.3410775376
lp_lin,474,0,200,8,200,9,3936.7,205,1.168365857,9.008922063,0.1320755733,0.3892623877,0.7198064303,3.214901009,0.2372534961
lp_lin,475,0,200,8,200,2,3977.3,551,3.668692796,31.38074196,0.1949992917,0.6549071668,0.6042635019,8.307968285,0.107434831
lp_lin,476,0,200,8,200,10,3897.6,187,1.373259887,9.557239271,0.244125259,0.4442081322,0.6924209729,2.779370067,0.2645943589
lp_lin,477,0,200,8,200,16,3779.1,240,0.8098570158,2.705477805,0.1238697079,0.4923640792,0.6700777739,2.301048604,0.3029340431
lp_lin,478,0,200,8,200,27,3708.1,410,0.6794840129,1.664635383,0.120759502,0.5266470819,0.6550302371,1.955323349,0.3383724493
lp_lin,479,0,200,8,200,3,3986.2,426,0.8958598418,3.526431761,0.1084225886,0.4770592565,0.6770209087,2.720697034,0.2687668442
lp_lin,480,0,200,8,200,38,3667.9,948,0.9260395913,3.136070737,0.1282672359,0.5229216581,0.6566325948,2.585661605,0.2788885595
lp_lin,481,0,200,8,200,25,3760.8,353,1.088938174,2.828428373,0.08601395916,0.6474863693,0.6069852951,3.712947031,0.2121814638
lp_lin,482,0,200,8,200,44,3534.0,469,1.107127119,4.054594527,0.1393797353,0.5498241025,0.645234513,2.965498244,0.2521751211
lp_lin,483,0,200,8,200,7,3956.5,916,1.642296048,17.97693356,0.3440783625,0.3873411531,0.7208032413,2.799772648,0.2631736403
lp_lin,484,0,200,8,200,36,3604.3,746,2.702172938,37.19444362,0.2772567471,0.4430717973,0.6929662141,5.13182784,0.1630835089
lp_lin,485,0,200,8,200,14,3852.5,895,2.24727009,19.59287948,0.1778259739,0.5076988014,0.6632624494,5.329146675,0.1579991824
lp_lin,486,0,200,8,200,21,3801.7,674,5.296041865,269.248995,0.3940274882,0.3227560294,0.75599731,8.437001949,0.1059658571
lp_lin,487,0,200,8,200,25,3773.4,663,3.06921919,67.85385867,0.1930081953,0.3725980949,0.7285453795,6.986184164,0.1252162459
lp_lin,488,0,200,8,200,15,3866.5,652,4.876525392,104.278034,0.3337233601,0.4775447475,0.6767984535,8.441452598,0.1059159054
lp_lin,489,0,200,8,200,11,3904.9,702,1.087916346,8.613754041,0.1750327264,0.3706800977,0.7295648355,2.600374349,0.2777488958
lp_lin,490,0,200,8,200,11,3926.2,758,2.496385909,80.1072679,0.2045863027,0.2789174991,0.7819112654,5.519165861,0.1533938576
lp_lin,491,0,200,8,200,28,3759.5,655,6.290492748,175.7873074,0.1786376288,0.4744505004,0.6782187667,14.88326427,0.06295935035
lp_lin,492,0,200,8,200,22,3810.9,42,2.267968323,37.26403057,0.145301444,0.3715284457,0.729113569,5.94979523,0.1438891315
lp_lin,493,0,200,8,200,46,3550.2,828,1.845581189,17.51182811,0.2094984225,0.4410292687,0.693948431,4.032206602,0.1987199809
lp_lin,494,0,200,8,200,39,3567.1,231,1.012558181,2.292070183,0.09011510517,0.6688150406,0.5992275811,3.373037659,0.2286739969
lp_lin,495,0,200,8,200,43,3467.2,512,1.584075599,20.42814082,0.137222635,0.3504785817,0.7404782375,4.276249406,0.1895285691
lp_lin,496,0,200,8,200,15,3864.7,225,4.291056006,82.85542364,0.2557915025,0.4714153414,0.6796177611,8.484399827,0.1054362973
lp_lin,497,0,200,8,200,35,3662.3,439,1.220883979,5.144197271,0.1273439427,0.5382891021,0.6500728625,3.421253454,0.2261802022
lp_lin,498,0,200,8,200,32,3759.4,432,1.638976977,4.453196285,0.1341136927,0.776670722,0.5628504976,4.475445705,0.1826335341
lp_lin,499,0,200,8,200,14,3873.2,975,2.142481945,21.17092898,0.2003555541,0.4656367112,0.6822973199,4.786482526,0.1728165592
lp_lin,500,0,200,8,200,34,3404.0,642,0.9697838095,3.395611985,0.09255180175,0.5262788299,0.6551882791,3.187737052,0.2387924522
lp_lin,501,0,200,8,200,47,3552.1,948,1.107092329,4.665762554,0.1307320633,0.5125338164,0.661142243,3.061912556,0.2461894455
lp_lin,502,0,200,8,200,34,3606.3,57,1.126592148,5.643997617,0.09976826522,0.4742128402,0.6783281035,3.566732258,0.218974957
lp_lin,503,0,200,8,200,75,3180.1,191,0.8048921994,2.926256415,0.0869264527,0.4705237277,0.6800298296,2.729994297,0.2680969246
lp_lin,504,0,200,8,200,11,3927.7,875,1.785719956,18.00495114,0.3242404095,0.4208403552,0.7038088385,3.136026923,0.2417779233
lp_lin,505,0,200,8,200,18,3783.1,505,1.715845863,14.68814754,0.2686452614,0.4477079011,0.6907470763,3.310462553,0.2319936637
lp_lin,506,0,200,8,200,15,3834.1,482,1.594383417,17.63781984,0.1546099119,0.3796385601,0.7248275229,4.05484355,0.1978300594
lp_lin,507,0,200,8,200,27,3639.8,289,1.371717969,10.05024434,0.1308322257,0.4326896606,0.6979878668,3.792341713,0.2086662554
lp_lin,508,0,200,8,200,34,3591.3,718,3.859238187,63.33812416,0.8831735053,0.4849187589,0.6734375157,4.106563734,0.1958264015
lp_lin,509,0,200,8,200,11,3843.4,948,0.943452738,4.869414595,0.1509368815,0.4275449417,0.7005033402,2.428412517,0.2916801858
lp_lin,510,0,200,8,200,12,3940.6,702,0.8126683194,1.943039618,0.1366515254,0.5830052987,0.6317098249,2.198396823,0.3126566387
lp_lin,511,0,200,8,200,1,3997.0,860,7.003860116,746.7634995,1.868372279,0.2562984162,0.7959892229,5.123960299,0.1632930246
lp_lin,512,0,200,8,200,11,3880.9,935,1.322951949,7.920428563,0.3533279491,0.4700777873,0.6802361131,2.2256408,0.3100159199
lp_lin,513,0,200,8,200,33,3635.8,773,0.9184699369,4.298814546,0.07826449464,0.4429866015,0.6930071277,3.283088221,0.2334763956
lp_lin,514,0,200,8,200,2,3979.8,351,0.9044588318,3.843122159,0.1472210968,0.4613671928,0.6842907141,2.357239878,0.2978637322
lp_lin,515,0,200,8,200,32,3635.8,60,1.865613488,18.84702982,0.2619115285,0.429734493,0.699430562,3.645393085,0.2152670359
lp_lin,516,0,200,8,200,40,3650.9,994,0.9084148294,2.465098229,0.1047445971,0.578584907,0.633478754,2.806844801,0.2626847303
lp_lin,517,0,200,8,200,25,3728.1,307,2.638194972,95.04121623,0.4378258942,0.2706143956,0.7870208329,3.987091171,0.2005176897
lp_lin,518,0,200,8,200,30,3568.3,740,1.10754047,4.416579021,0.1234070347,0.5270072647,0.6548757319,3.152750811,0.2408042393
lp_lin,519,0,200,8,200,24,3771.2,717,0.6269071449,1.311125037,0.08632763637,0.5474962693,0.646205112,2.133675127,0.3191141262
lp_lin,520,0,200,8,200,38,3300.7,911,1.004336228,3.801162209,0.08054305994,0.5151348445,0.6600072618,3.538873724,0.2203189736
lp_lin,521,0,200,8,200,53,3488.8,363,2.070516825,30.60567849,0.5341840367,0.3742637442,0.7276623604,2.832913481,0.2608981405
lp_lin,522,0,200,8,200,38,3631.4,822,2.217529205,28.34905673,0.09289973549,0.4164856494,0.7059725599,7.275487678,0.1208388
lp_lin,523,0,200,8,200,6,3972.8,410,0.8799705273,3.757181738,0.1437703925,0.4539803186,0.6877672189,2.320776924,0.3011343499
lp_lin,524,0,200,8,200,33,3665.7,620,1.202890284,9.325846929,0.1429500105,0.3938962766,0.7174134954,3.181514605,0.2391477956
lp_lin,525,0,200,8,200,8,3931.7,191,0.8938595815,3.661212618,0.2095658588,0.4671505071,0.6815933302,1.952580888,0.3386867415
lp_lin,526,0,200,8,200,59,3349.1,437,0.7370047981,1.174293178,0.1125897852,0.6801145191,0.5951975229,2.196447463,0.312847313
lp_lin,527,0,200,8,200,43,3529.2,191,0.8025280491,1.786530125,0.1072148186,0.6004198594,0.6248360355,2.450940751,0.2897760559
lp_lin,528,0,200,8,200,11,3867.1,12,4.25097034,131.7657929,0.2877253386,0.3703281579,0.7297522088,7.92499542,0.1120448754
lp_lin,529,0,200,8,200,85,2965.9,902,1.030612822,4.597535049,0.1469975235,0.4806545047,0.6753770017,2.688069741,0.2711445472
lp_lin,530,0,200,8,200,3,3969.7,707,2.558650208,18.73023668,0.1563100341,0.5912066155,0.628453898,6.471686763,0.1338385871
lp_lin,531,0,200,8,200,16,3806.7,469,0.9456925623,4.653029726,0.1593658557,0.4384116234,0.6952112898,2.368930578,0.2968300999
lp_lin,532,0,200,8,200,5,3966.5,406,5.375411874,153.0647874,0.3780840354,0.4344843121,0.6971146297,8.742136362,0.10264689
lp_lin,533,0,200,8,200,14,3880.6,191,0.7461346892,1.64359165,0.1508889869,0.5819963601,0.632112706,1.920827922,0.3423686799
lp_lin,534,0,200,8,200,18,3765.8,191,0.8086592659,1.427018146,0.1430020413,0.6769410012,0.5963239013,2.138427096,0.3186309477
lp_lin,535,0,200,8,200,35,3605.9,954,5.280144811,133.1673579,0.4530694807,0.4575588311,0.6860786533,7.844466798,0.1130650409
lp_lin,536,0,200,8,200,15,3871.2,410,0.8313774394,5.171911711,0.219655239,0.3655717973,0.7322939753,1.773893131,0.3605041552
lp_lin,537,0,200,8,200,17,3805.1,477,1.351921666,27.46049304,0.318285993,0.2579867271,0.7949209467,2.396308701,0.2944373106
lp_lin,538,0,200,8,200,23,3826.0,410,0.7405908268,1.718268583,0.1371461504,0.564979648,0.6389859455,1.999799786,0.3333555808
lp_lin,539,0,200,8,200,12,3881.6,83,2.041866574,27.51718563,0.4538370315,0.3892470706,0.7198143665,3.030940387,0.2480810689
lp_lin,540,0,200,8,200,36,3702.1,534,1.283446142,6.611883333,0.1881683491,0.4991315908,0.6670528499,2.958723366,0.2526066884
lp_lin,541,0,200,8,200,43,3567.4,994,1.163410875,6.592647034,0.179041176,0.4531095407,0.6881793643,2.749518576,0.2667009056
lp_lin,542,0,200,8,200,38,3562.5,948,1.000943917,5.788655732,0.1527832709,0.4160263933,0.7062015261,2.560777486,0.2808375429
lp_lin,543,0,200,8,200,20,3791.8,878,1.385734116,9.228817962,0.1602954996,0.4561491494,0.6867428384,3.461140622,0.2241579194
lp_lin,544,0,200,8,200,53,3377.3,437,1.102634181,3.835926751,0.1423914261,0.562984319,0.6398016844,2.922062705,0.2549678766
lp_lin,545,0,200,8,200,58,3318.1,289,1.443573812,11.62828578,0.1809862369,0.423332047,0.7025767474,3.393252829,0.2276217734
lp_lin,546,0,200,8,200,2,3959.3,293,2.556504671,22.73003662,0.4174314555,0.5362243394,0.6509465931,3.956890248,0.201739387
lp_lin,547,0,200,8,200,11,3845.7,828,1.329008492,11.51693221,0.1871778833,0.3916150293,0.7185895373,3.07185343,0.2455884076
lp_lin,548,0,200,8,200,68,3287.0,98,5.329536457,308.9896559,1.567788385,0.3031918109,0.7673467494,4.256432161,0.1902431097
lp_lin,549,0,200,8,200,52,3417.7,257,49.98833845,22438.10388,0.6482721225,0.3337149204,0.7497854187,62.08547791,0.01585150867
lp_lin,550,0,200,8,200,14,3893.6,247,2.415642334,171.5438558,1.057753167,0.1844357254,0.8442838886,2.348769857,0.2986171169
lp_lin,551,0,200,8,200,29,3619.5,746,2.885087347,44.1120466,0.1606024867,0.4343905436,0.6971602012,7.199176703,0.1219634649
lp_lin,552,0,200,8,200,56,3426.1,469,1.087594227,1.774131261,0.1115711716,0.8165335229,0.5504990618,3.256048737,0.2349597154
lp_lin,553,0,200,8,200,11,3914.1,824,0.9524890453,3.388750684,0.1745440281,0.5174163886,0.6590148937,2.279856395,0.3048913975
lp_lin,554,0,200,8,200,20,3864.1,205,0.8852143767,2.282839094,0.1300244223,0.5858828804,0.6305635885,2.454912358,0.2894429428
lp_lin,555,0,200,8,200,20,3817.9,620,1.380692199,5.628632982,0.2963538792,0.5819630422,0.632126019,2.536247096,0.2827856688
lp_lin,556,0,200,8,200,31,3678.0,101,1.633443971,8.997336939,0.1174452024,0.5445618964,0.6474327784,4.766357374,0.1734197059
lp_lin,557,0,200,8,200,10,3897.9,895,2.591947188,24.44319205,0.1834291004,0.5242605615,0.6560558117,6.051904,0.141805674
lp_lin,558,0,200,8,200,13,3931.1,402,4.819673952,295.3974827,1.219897393,0.2804234089,0.7809916572,4.363711277,0.186438074
lp_lin,559,0,200,8,200,4,3884.8,957,2.213922331,38.55196541,0.284597743,0.3565653349,0.7371557965,4.149986224,0.1941752767
lp_lin,560,0,200,8,200,7,3918.0,421,2.439934735,75.07896839,0.4925597592,0.2815911889,0.7802800212,3.476552127,0.223386207
lp_lin,561,0,200,8,200,81,3051.2,832,0.8354712692,4.215052492,0.1359230212,0.4069396675,0.7107625317,2.266130991,0.3061726559
lp_lin,562,0,200,8,200,25,3817.8,49,25.00512076,6356.029516,1.710847751,0.313643292,0.7612416598,19.11715559,0.04970881672
lp_lin,563,0,200,8,200,33,3720.1,336,2.793119332,54.61297868,0.439655145,0.3779562737,0.7257124331,4.212436923,0.1918488444
lp_lin,564,0,200,8,200,41,3552.4,439,1.169582749,5.837257983,0.1583367005,0.4840904444,0.673813381,2.93927458,0.2538538454
lp_lin,565,0,200,8,200,14,3841.6,430,1.548117456,15.70041317,0.3172465232,0.3907044583,0.7190600376,2.748561583,0.2667689934
lp_lin,566,0,200,8,200,14,3870.4,450,1.559809925,6.100543837,0.2193318909,0.6315204279,0.6129252095,3.330587042,0.2309155757
lp_lin,567,0,200,8,200,34,3551.9,932,4.29361,123.9746659,0.7834580791,0.3856169546,0.721700176,4.850815002,0.1709163594
lp_lin,568,0,200,8,200,4,3959.1,568,2.022260346,11.24028104,0.08821687651,0.60318215,0.6237594399,6.808653416,0.1280630535
lp_lin,569,0,200,8,200,26,3744.8,105,1.670168895,20.3285295,0.1959002973,0.3704310725,0.7296974069,3.773486874,0.2094904682
lp_lin,570,0,200,8,200,18,3807.8,285,0.9311891419,3.924209142,0.1254533364,0.4700692373,0.6802400694,2.629037589,0.2755551508
lp_lin,571,0,200,8,200,21,3802.2,571,1.398429399,4.964374156,0.1562796076,0.6276366453,0.61438774,3.537442501,0.2203884677
lp_lin,572,0,200,8,200,23,3759.2,327,11.28075385,388.8248311,0.2248510913,0.5720857457,0.6360976192,23.7897908,0.04033918672
lp_lin,573,0,200,8,200,6,3936.1,22,2.300265511,66.26425586,0.6496969196,0.2825779728,0.7796796929,2.853793629,0.2594845745
lp_lin,574,0,200,8,200,41,3591.6,106,0.9391184045,2.946987053,0.1895149558,0.54705531,0.6463893007,2.15724071,0.3167322646
lp_lin,575,0,200,8,200,25,3723.2,620,1.243084119,5.257248179,0.2342964382,0.5421522675,0.6484443988,2.568133967,0.2802585355
lp_lin,576,0,200,8,200,35,3679.8,576,3.190572197,22.5405195,0.1106612198,0.6720268356,0.5980765253,9.591153681,0.09441842032
lp_lin,577,0,200,8,200,60,3362.4,902,1.036899196,2.217157679,0.1031168798,0.6963671049,0.5894950433,3.229026849,0.2364610194
lp_lin,578,0,200,8,200,42,3560.6,586,1.569498664,28.25128044,0.2830510719,0.2952853374,0.7720306647,2.950044373,0.253161713
lp_lin,579,0,200,8,200,9,3917.8,579,6.986784459,256.1656294,0.241318155,0.4365328354,0.6961205309,14.22270976,0.06569132671
lp_lin,580,0,200,8,200,18,3792.8,191,3.938335182,80.26552363,0.2470472885,0.4395903534,0.694642054,7.923601569,0.1120623766
lp_lin,581,0,200,8,200,10,3914.3,880,1.651353081,8.97078405,0.1297723778,0.5513466498,0.6446012567,4.584044342,0.1790816725
lp_lin,582,0,200,8,200,9,3911.0,868,4.967474637,214.2049143,0.2936247339,0.3394071158,0.7465989901,9.167255596,0.09835495829
lp_lin,583,0,200,8,200,28,3766.5,745,5.329911646,138.9631706,0.2960967477,0.4521371085,0.6886402077,9.794971827,0.09263572115
lp_lin,584,0,200,8,200,26,3753.3,860,5.294464971,110.3650481,0.2293190468,0.5039718753,0.6649060507,11.05610146,0.08294555282
lp_lin,585,0,200,8,200,20,3863.4,639,2.609332239,32.07700888,0.170010816,0.4607151015,0.6845961947,6.328358942,0.1364561982
lp_lin,586,0,200,8,200,27,3684.7,620,1.323677773,6.281298583,0.2136930006,0.5281503321,0.6543858801,2.863433672,0.2588371083
lp_lin,587,0,200,8,200,11,3883.5,91,1.521477154,15.89786671,0.1484862369,0.3815891431,0.7238041823,3.948410836,0.2020850801
lp_lin,588,0,200,8,200,26,3699.0,822,2.606662716,43.66114737,0.2523811058,0.3944911529,0.7171074538,5.188674424,0.1615854917
lp_lin,589,0,200,8,200,7,3947.6,37,1.727825176,41.21602865,0.1974794751,0.2691328598,0.7879395702,3.888112439,0.2045779455
lp_lin,590,0,200,8,200,26,3701.7,745,3.007610716,49.18036036,0.248564704,0.4288701011,0.6998536811,6.032563387,0.1421956611
lp_lin,591,0,200,8,200,40,3611.2,783,8.33515084,654.3324739,0.5117052635,0.3258473747,0.7542346269,11.65208171,0.07903837668
lp_lin,592,0,200,8,200,35,3553.7,193,1.639835382,11.42682498,0.09425974382,0.4851069146,0.6733521945,5.341178907,0.1576993828
lp_lin,593,0,200,8,200,71,3161.8,426,0.9904318228,1.445538543,0.09352969005,0.8237771626,0.5483126012,3.238544271,0.235930059
lp_lin,594,0,200,8,200,12,3884.7,994,1.080603797,5.805169819,0.1186996127,0.4484964656,0.6903710322,3.136475058,0.2417517297
lp_lin,595,0,200,8,200,11,3904.8,465,1.571701933,12.40902046,0.1175791906,0.4461711009,0.6914811113,4.583581461,0.1790965184
lp_lin,596,0,200,8,200,11,3919.8,54,1.025248782,2.624945214,0.08364905407,0.63280389,0.6124434209,3.5448572,0.2200289153
lp_lin,597,0,200,8,200,27,3703.0,889,1.182497247,3.901776871,0.175215326,0.5986443987,0.6255299808,2.824971643,0.2614398467
lp_lin,598,0,200,8,200,34,3647.3,519,0.7758966979,1.765420957,0.1376971056,0.5839555155,0.6313308614,2.090939649,0.3235262133
lp_lin,599,0,200,8,200,51,3424.3,568,1.832513006,13.95054664,0.1139333493,0.4906270096,0.6708586344,5.429022397,0.155544644
lp_lin,600,0,200,8,200,32,3697.5,423,1.017771105,7.267253215,0.1429810561,0.3775417378,0.7259308176,2.691602151,0.2708850952
lp_lin,601,0,200,8,200,15,3885.8,193,1.570556758,14.67171559,0.2161638249,0.4100276896,0.7092059308,3.378019309,0.2284137939
lp_lin,602,0,200,8,200,23,3772.1,505,2.253427835,31.87409873,0.2393300864,0.3991394897,0.7147250202,4.60622349,0.1783731957
lp_lin,603,0,200,8,200,40,3567.3,975,2.680814451,46.2708238,0.1660862213,0.3941060847,0.7173055272,6.578092159,0.1319593348
lp_lin,604,0,200,8,200,25,3767.2,526,0.8083449923,2.61716933,0.109243362,0.4996671993,0.6668146109,2.4456777,0.2902186702
lp_lin,605,0,200,8,200,18,3851.4,551,3.178656493,79.67229832,0.1916662608,0.3561147194,0.7374007417,7.260570763,0.1210570103
lp_lin,606,0,200,8,200,13,3763.5,351,1.122605977,12.83610544,0.1870378923,0.313336301,0.7614195992,2.595748133,0.2781062419
lp_lin,607,0,200,8,200,4,3974.0,613,5.796415828,210.9359507,1.172318024,0.3991023007,0.714744018,5.353487741,0.1573938663
lp_lin,608,0,200,8,200,33,3695.7,860,5.411418928,112.9013462,0.3837634322,0.5092858339,0.6625650208,8.735330912,0.102718645
lp_lin,609,0,200,8,200,6,3961.1,733,2.648189098,74.8409509,0.2717571779,0.3061112881,0.7656315423,5.079938814,0.1644753394
lp_lin,610,0,200,8,200,26,3729.3,614,2.75018989,52.19775925,0.1537365124,0.3806595687,0.7242915072,7.014135782,0.124779518
lp_lin,611,0,200,8,200,21,3788.5,712,1.280602718,13.73935043,0.1413604292,0.3454866886,0.7432254874,3.406045864,0.2269608694
lp_lin,612,0,200,8,200,18,3843.3,238,2.967135068,94.3109695,0.9396195549,0.3055316544,0.7659714696,3.060985647,0.2462456376
lp_lin,613,0,200,8,200,10,3897.2,957,2.794098805,36.62047212,0.8576227009,0.4617211727,0.6841250018,3.017127238,0.2489341116
lp_lin,614,0,200,8,200,38,3622.6,891,1.999014171,25.62871569,0.1763052735,0.3948684647,0.7169134763,4.760836002,0.173585917
lp_lin,615,0,200,8,200,37,3644.6,320,1.039527122,3.92236611,0.1334621824,0.5248820983,0.6557884056,2.845487707,0.2600450388
lp_lin,616,0,200,8,200,10,3892.4,789,2.376288776,28.18573171,0.2489851308,0.447594313,0.690801277,4.762253511,0.173543215
lp_lin,617,0,200,8,200,9,3932.4,643,1.26850181,8.008190086,0.3747920425,0.4482537223,0.6904867459,2.072029387,0.3255177194
lp_lin,618,0,200,8,200,12,3892.0,83,2.20459904,51.91955751,0.4681885602,0.3059596269,0.7657204552,3.221953105,0.2368572021
lp_lin,619,0,200,8,200,8,3935.0,974,1.41121921,9.802569258,0.4125046457,0.4507383597,0.6893041694,2.197252957,0.3127684964
lp_lin,620,0,200,8,200,24,3729.9,337,1.066039175,4.273326979,0.1436968948,0.5156916533,0.6597647997,2.812221167,0.2623142667
lp_lin,621,0,200,8,200,8,3900.8,90,2.636842017,64.95458222,0.6126695866,0.3271743238,0.7534805203,3.368766807,0.2288975457
lp_lin,622,0,200,8,200,44,3469.2,931,0.9162963592,2.669784496,0.07873094091,0.560786897,0.6407024572,3.2656019,0.234433504
lp_lin,623,0,200,8,200,57,3352.9,920,2.157139973,20.58199371,0.1131026828,0.4754825751,0.6777443644,6.414190782,0.1348764861
lp_lin,624,0,200,8,200,7,3891.5,205,0.9568726884,4.010608472,0.187249904,0.4778031685,0.6766801028,2.211278061,0.3114024949
lp_lin,625,0,200,8,200,5,3957.3,289,1.543305362,6.707612795,0.1804699428,0.5958924362,0.6266086469,3.632866382,0.2158490916
lp_lin,626,0,200,8,200,21,3790.3,98,5.050646778,239.8988467,1.634344318,0.3260865731,0.7540985787,3.950710603,0.2019912049
lp_lin,627,0,200,8,200,38,3553.3,627,1.581884138,13.24412132,0.1413614483,0.4346734319,0.6970227354,4.207355199,0.1920360647
lp_lin,628,0,200,8,200,22,3803.2,437,0.7539336617,2.072175911,0.07580125197,0.5237449202,0.6562778236,2.738387759,0.267494991
lp_lin,629,0,200,8,200,7,3943.0,914,0.9986466058,3.68140462,0.1459994537,0.5204812078,0.6576865237,2.613582508,0.276733684
lp_lin,630,0,200,8,200,57,3392.8,633,2.293036346,25.98686141,0.09291543169,0.4498150929,0.6897431299,7.522583449,0.1173353134
lp_lin,631,0,200,8,200,24,3787.2,469,1.142127614,4.120074603,0.1150975563,0.5626807944,0.6399259552,3.366522957,0.2290151706
lp_lin,632,0,200,8,200,76,3105.0,655,4.796200768,151.3455883,0.09290818069,0.3898634048,0.7194951651,15.73513149,0.05975453499
lp_lin,633,0,200,8,200,37,3637.0,688,1.572226224,14.15910321,0.1638106699,0.4178276363,0.7053043504,3.884578862,0.2047259402
lp_lin,634,0,200,8,200,13,3860.6,37,1.137759563,2.192931166,0.1460917066,0.7683126692,0.5655108497,2.976718135,0.2514636356
lp_lin,635,0,200,8,200,28,3744.1,100,1.295874731,5.199475035,0.1480314001,0.5683073498,0.6376301177,3.368108691,0.2289320323
lp_lin,636,0,200,8,200,27,3741.0,450,2.890565851,52.04074349,0.232233724,0.4006924149,0.713932616,5.998190082,0.1428940895
lp_lin,637,0,200,8,200,32,3626.7,425,10.09178339,1314.842781,0.8457111986,0.2783114071,0.7822819967,10.97379593,0.08351570431
lp_lin,638,0,200,8,200,16,3862.4,555,1.624532989,13.4145407,0.1289812555,0.443548006,0.6927376131,4.523402512,0.1810478229
lp_lin,639,0,200,8,200,32,3710.1,789,2.535844881,16.80148632,0.2603595611,0.618655435,0.6177967085,4.969765748,0.1675107604
lp_lin,640,0,200,8,200,31,3639.2,443,1.78185664,25.57163227,0.1245543383,0.3523656252,0.7394450002,5.048860023,0.1653204069
lp_lin,641,0,200,8,200,17,3904.3,779,1.239458953,7.111543995,0.2809040146,0.4647829609,0.6826949976,2.338585087,0.2995280857
lp_lin,642,0,200,8,200,18,3810.4,54,0.9339187707,1.776055643,0.09071766648,0.7007785827,0.5879660117,3.100724417,0.2438593523
lp_lin,643,0,200,8,200,9,3960.7,226,1.138160974,4.329849805,0.2426805794,0.5469747448,0.6464229642,2.310394694,0.3020787828
lp_lin,644,0,200,8,200,46,3414.9,861,1.546205683,10.76865647,0.1432540411,0.4711796267,0.6797266505,4.085204712,0.1966489171
lp_lin,645,0,200,8,200,8,3928.4,226,1.21833653,13.38198804,0.3129950054,0.33304809,0.7501604837,2.177702564,0.3146927631
lp_lin,646,0,200,8,200,1,3988.8,850,1.001440793,4.729711509,0.4345386102,0.4604770101,0.6847077997,1.519186501,0.3969535403
lp_lin,647,0,200,8,200,0,4000.0,50,1.105740835,5.013803234,0.2036890856,0.4938211714,0.6694241715,2.450019094,0.2898534682
lp_lin,648,0,200,8,200,32,3675.8,323,116.5853916,68041.22949,0.2733670869,0.4469490922,0.6911093178,222.9826248,0.004464632026
lp_lin,649,0,200,8,200,55,3484.5,443,1.370778195,11.10817076,0.1481282402,0.411287882,0.7085726539,3.56162553,0.2192200989
lp_lin,650,0,200,8,200,5,3968.8,642,1.230787306,3.92791657,0.1946725527,0.6210147009,0.6168975516,2.789527496,0.2638851416
lp_lin,651,0,200,8,200,26,3703.3,459,2.269957226,39.32224713,0.3103689506,0.3619916139,0.7342189114,4.074539569,0.1970622135
lp_lin,652,0,200,8,200,6,3920.1,410,0.7881430384,2.137263518,0.1814854225,0.5391082867,0.6497268637,1.850053001,0.3508706679
lp_lin,653,0,200,8,200,12,3879.7,652,1.236981627,6.760087849,0.2119486812,0.4757590729,0.6776173824,2.686877643,0.2712322178
lp_lin,654,0,200,8,200,30,3688.1,356,0.8052745212,1.471362804,0.07218229222,0.6638715719,0.6010079245,2.997289026,0.2501695508
lp_lin,655,0,200,8,200,7,3932.7,65,5.065990781,128.0794956,0.1454897248,0.4476355718,0.6907815886,13.28153386,0.07002049007
lp_lin,656,0,200,8,200,0,4000.0,724,2.401281429,42.7353645,0.4255761103,0.3673240431,0.7313555298,3.680903583,0.2136339667
lp_lin,657,0,200,8,200,13,3870.4,657,4.83576754,178.3688007,1.034270254,0.3620811947,0.7341706235,4.754976759,0.1737626479
lp_lin,658,0,200,8,200,13,3837.3,658,2.879939822,27.47751815,0.1344437194,0.5494075982,0.6454079618,7.854402513,0.1129381682
lp_lin,659,0,200,8,200,46,3620.3,822,2.017442824,26.79185162,0.0922065258,0.389762337,0.7195474891,6.643858983,0.1308239728
lp_lin,660,0,200,8,200,16,3878.6,410,0.7737643804,1.898023456,0.117313073,0.5616398903,0.640352495,2.259100376,0.3068331394
lp_lin,661,0,200,8,200,24,3786.7,437,0.6721430139,1.716861628,0.09715317117,0.5129724508,0.6609505675,2.156419243,0.3168146951
lp_lin,662,0,200,8,200,29,3709.6,331,3.63734401,69.20141136,0.3512138756,0.4372470634,0.6957745996,6.137599484,0.140103126
lp_lin,663,0,200,8,200,23,3753.7,746,3.061563939,37.9377394,0.1527823778,0.4970586196,0.6679765154,7.832613583,0.1132167722
lp_lin,664,0,200,8,200,16,3823.5,205,0.9971604931,3.619240957,0.1549757171,0.5241508745,0.6561030255,2.532988607,0.2830464831
lp_lin,665,0,200,8,200,20,3752.8,410,0.7933880217,1.580181221,0.09833162615,0.6311494255,0.6130646184,2.530107819,0.2832774667
lp_lin,666,0,200,8,200,13,3876.5,554,0.9335727871,8.497872535,0.2454370619,0.3202529048,0.757430638,1.884421767,0.3466899367
lp_lin,667,0,200,8,200,56,3335.9,615,1.149197145,6.584189725,0.1024192843,0.4478611285,0.6906739744,3.590902968,0.2178220727
lp_lin,668,0,200,8,200,39,3555.9,712,1.432328004,10.40952036,0.1174982826,0.4439429091,0.6925481566,4.178560781,0.1931038453
lp_lin,669,0,200,8,200,35,3621.7,992,2.881895586,34.1960317,0.2871071132,0.4928223398,0.6698720761,5.378439225,0.1567781654
lp_lin,670,0,200,8,200,12,3883.9,58,16.59615748,2972.37399,0.9424054583,0.3044078313,0.7666313986,17.09576939,0.05526153537
lp_lin,671,0,200,8,200,43,3569.9,512,1.567544998,10.97696234,0.1346104848,0.4731283038,0.6788274975,4.272485253,0.1896638781
lp_lin,672,0,200,8,200,16,3850.5,652,1.539377322,17.4013449,0.2867456315,0.3690232053,0.7304478084,2.874727471,0.2580826671
lp_lin,673,0,200,8,200,1,3995.2,139,1.420123107,4.295446198,0.4214022866,0.6852070963,0.5933988779,2.187648535,0.3137108715
lp_lin,674,0,200,8,200,91,2941.3,992,2.919740425,53.66468543,0.3260691552,0.3985657254,0.7150182375,5.113160011,0.1635815189
lp_lin,675,0,200,8,200,29,3753.6,551,3.030235206,69.96804815,0.3021908954,0.3622650694,0.7340715272,5.51233562,0.1535547395
lp_lin,676,0,200,8,200,34,3700.1,71,2.010351877,18.2022889,0.1295716671,0.4712041191,0.6797153346,5.584921284,0.1518621039
lp_lin,677,0,200,8,200,17,3827.7,745,5.465246792,193.5648287,0.3244133466,0.39282268,0.7179664823,9.595341178,0.09438110422
lp_lin,678,0,200,8,200,11,3898.2,678,1.700022962,18.62283923,0.4529544611,0.3939415963,0.7173901709,2.525966094,0.2836102144
lp_lin,679,0,200,8,200,36,3658.7,253,22.56319378,5102.527875,1.577577558,0.3158696363,0.7599537009,17.96408964,0.052731242
lp_lin,680,0,200,8,200,47,3440.4,189,1.924730381,26.5433592,0.3504816106,0.3735871755,0.728020775,3.251152068,0.2352303526
lp_lin,681,0,200,8,200,32,3793.1,681,2.966798507,50.72603028,0.3639361364,0.416555251,0.7059378724,4.917852079,0.1689802291
lp_lin,682,0,200,8,200,12,3883.3,443,1.532098403,21.65858551,0.1733411726,0.3292089358,0.7523271723,3.679898117,0.2136798654
lp_lin,683,0,200,8,200,8,3958.6,145,0.9322520763,2.733948745,0.1788778237,0.5638170113,0.6394610065,2.20422086,0.3120883496
lp_lin,684,0,200,8,200,3,3957.7,139,0.946855999,3.047538308,0.1314766462,0.5423870956,0.6483456733,2.611317183,0.2769072749
lp_lin,685,0,200,8,200,31,3683.8,410,0.8393689106,3.236003704,0.1235923481,0.4666039106,0.6818473568,2.387575357,0.2951963852
lp_lin,686,0,200,8,200,47,3464.1,410,0.841166141,2.050511644,0.1922895921,0.587422616,0.6299519674,1.9182442,0.3426718024
lp_lin,687,0,200,8,200,15,3862.4,190,4.138231695,93.61431137,0.7266103421,0.4277043617,0.7004251208,4.854718083,0.1708024171
lp_lin,688,0,200,8,200,34,3695.2,78,1.387381559,6.178896601,0.165381353,0.5581365374,0.6417922794,3.411557121,0.2266773324
lp_lin,689,0,200,8,200,20,3820.1,106,1.150038174,5.171108788,0.207704912,0.5057319824,0.6641288169,2.523416118,0.2838154696
lp_lin,690,0,200,8,200,2,3983.0,212,16.38998851,1643.703112,1.119904501,0.4042657608,0.712115917,15.48774374,0.06065111248
lp_lin,691,0,200,8,200,42,3578.3,437,0.7584586026,1.888468989,0.068253762,0.5519210432,0.6443626784,2.903144045,0.2562037139
lp_lin,692,0,200,8,200,60,3388.1,105,1.278800126,3.2688293,0.09878612549,0.7073047088,0.5857185275,4.068690869,0.1972896012
lp_lin,693,0,200,8,200,19,3821.1,554,2.030833624,19.84041417,0.3003340352,0.4559308491,0.6868458077,3.705715463,0.2125075364
lp_lin,694,0,200,8,200,26,3789.9,142,0.9017176826,4.126902201,0.2452847863,0.4438727641,0.6925818014,1.820686953,0.354523567
lp_lin,695,0,200,8,200,78,3142.1,270,5.892254568,193.4664414,0.1397959086,0.4236221695,0.702433568,15.75920377,0.05966870583
lp_lin,696,0,200,8,200,67,3227.5,437,0.8246541874,1.516542403,0.09356438493,0.6696449371,0.5989297352,2.695979497,0.2705642715
lp_lin,697,0,200,8,200,7,3954.3,410,1.060928131,3.508479839,0.2657710777,0.5664042096,0.6384048216,2.057937146,0.3270178398
lp_lin,698,0,200,8,200,46,3570.2,170,1.889787897,24.33801092,0.2603117142,0.3830632795,0.7230327165,3.703959311,0.2125868728
lp_lin,699,0,200,8,200,12,3903.4,448,3.11318537,82.38439421,0.2193119473,0.3429908264,0.7446067243,6.647737091,0.130757633
lp_lin,700,0,200,8,200,10,3876.3,783,5.591782735,196.1275932,1.429266371,0.3992831098,0.714651662,4.677283575,0.1761405762
lp_lin,701,0,200,8,200,2,3981.9,443,1.810097071,83.15890514,0.1737563934,0.198494046,0.8343804488,4.342416427,0.1871812154
lp_lin,702,0,200,8,200,14,3805.4,410,0.6849850565,1.289202843,0.1184013098,0.6032821421,0.6237205379,1.990686374,0.3343714034
lp_lin,703,0,200,8,200,1,3987.4,169,1.419661031,10.83393902,0.2064695288,0.4313119271,0.6986597268,3.124328411,0.2424637178
lp_lin,704,0,200,8,200,20,3779.6,130,12.88141466,964.0659398,0.7603537497,0.4148682418,0.7067795929,14.77255837,0.06340125531
lp_lin,705,0,200,8,200,77,3013.9,692,1.491549445,6.695882955,0.1117810427,0.5764129483,0.6343515518,4.461219344,0.1831092906
lp_lin,706,0,200,8,200,12,3917.9,134,1.522676073,15.63423715,0.2320126338,0.3850961491,0.7219715402,3.161198056,0.2403154059
lp_lin,707,0,200,8,200,33,3509.6,773,0.8116042844,3.629123313,0.106159603,0.4260332237,0.7012459341,2.490948153,0.286455128
lp_lin,708,0,200,8,200,28,3686.2,931,0.8284108868,1.468329254,0.13216037,0.6836503995,0.5939475323,2.278742093,0.3049950169
lp_lin,709,0,200,8,200,36,3595.2,331,3.41596969,137.6226583,0.6721768059,0.2911850256,0.77448234,4.16650826,0.1935543213
lp_lin,710,0,200,8,200,20,3809.0,676,2.448062425,30.1566767,0.3751733736,0.4457904371,0.6916631721,3.9967454,0.2001302688
lp_lin,711,0,200,8,200,0,4000.0,191,1.051899345,5.417889945,0.2931718929,0.4519174334,0.6887443989,1.942732561,0.3398202111
lp_lin,712,0,200,8,200,28,3775.1,320,1.032325531,4.848350922,0.09746732919,0.4688345891,0.6808118541,3.306641678,0.2321994897
lp_lin,713,0,200,8,200,2,3991.8,802,1.32110274,7.070287844,0.3438019172,0.4968417076,0.6680733139,2.253110265,0.3073981262
lp_lin,714,0,200,8,200,24,3729.1,804,1.892213863,40.48664911,0.2745529078,0.2973817433,0.7707831601,3.611247017,0.2168610782
lp_lin,715,0,200,8,200,49,3398.5,410,0.7342885719,2.113967363,0.113773057,0.5050305269,0.66443835,2.176942988,0.3147680031
lp_lin,716,0,200,8,200,15,3855.2,633,3.065188257,60.90078993,0.2729403438,0.3927766757,0.7179901972,5.867097237,0.1456219368
lp_lin,717,0,200,8,200,39,3629.4,410,0.635572067,0.9797693651,0.08377061637,0.6421003017,0.6089761989,2.195932299,0.3128977421
lp_lin,718,0,200,8,200,34,3631.3,966,3.887520611,62.54334653,0.6069235715,0.4915663512,0.6704361487,4.990059249,0.1669432569
lp_lin,719,0,200,8,200,67,3121.6,464,1.461507033,10.93501553,0.2468804231,0.4419683882,0.693496479,2.941423671,0.2537154296
lp_lin,720,0,200,8,200,28,3766.2,437,0.7349638663,1.67948566,0.09612914955,0.5671237538,0.6381116983,2.370491694,0.2966926166
lp_lin,721,0,200,8,200,9,3946.9,470,2.800758844,63.35736601,0.6463895084,0.3518658826,0.7397183499,3.483602284,0.2230349475
lp_lin,722,0,200,8,200,49,3484.2,499,3.121222256,39.68031052,0.2881960692,0.4954925899,0.668675998,5.814075518,0.146755051
lp_lin,723,0,200,8,200,12,3920.3,779,1.154559804,12.45630767,0.1614940455,0.3271310519,0.753505088,2.873016872,0.2581966547
lp_lin,724,0,200,8,200,53,3378.9,724,1.771750541,15.33328749,0.3212244608,0.4524649421,0.6884847758,3.126066912,0.2423615567
lp_lin,725,0,200,8,200,8,3927.1,156,1.126104111,3.561377599,0.181042633,0.5967185414,0.6262844541,2.646598825,0.2742281364
lp_lin,726,0,200,8,200,37,3496.7,620,1.228553951,9.638748534,0.2325286077,0.395716271,0.7164779983,2.547745466,0.2818691503
lp_lin,727,0,200,8,200,21,3772.0,642,0.8256068104,3.608398433,0.1046647793,0.4346263213,0.6970456245,2.551954846,0.2815351105
lp_lin,728,0,200,8,200,34,3614.4,226,1.202933858,6.763091515,0.173086272,0.4625611102,0.6837321142,2.891415047,0.2569759298
lp_lin,729,0,200,8,200,34,3658.5,348,0.9382319656,6.320258311,0.1725492329,0.3732010106,0.7282255054,2.258674812,0.30687321
lp_lin,730,0,200,8,200,5,3865.3,134,1.994669582,29.5160768,0.3103419713,0.3671484077,0.7314494859,3.580557955,0.2183140154
lp_lin,731,0,200,8,200,23,3788.4,131,1.445888277,3.901079284,0.0781575939,0.7320527023,0.5773496376,5.171888412,0.1620249644
lp_lin,732,0,200,8,200,42,3436.5,732,3.064466442,62.2683706,0.1714614702,0.3883480414,0.7202804846,7.400679526,0.1190379894
lp_lin,733,0,200,8,200,15,3858.3,994,1.038474713,15.82575549,0.1778450135,0.2610439907,0.7929937475,2.462493425,0.2888092127
lp_lin,734,0,200,8,200,7,3921.4,961,4.983085074,84.37299507,0.6611646132,0.5424960355,0.6482998834,6.128349161,0.1402849352
lp_lin,735,0,200,8,200,48,3441.5,426,0.9452427259,3.929533498,0.0926581857,0.4768401833,0.6771213374,3.105284874,0.243588455
lp_lin,736,0,200,8,200,48,3563.2,289,1.570285782,3.44569386,0.1466355243,0.8459415447,0.5417289637,4.100710405,0.1960511224
lp_lin,737,0,200,8,200,57,3336.7,406,3.61605006,244.7930148,0.5454389064,0.2311186136,0.8122694182,4.896225118,0.1696000373
lp_lin,738,0,200,8,200,42,3732.5,148,0.9291017269,4.704738528,0.178620155,0.4283467946,0.700110088,2.198356067,0.3126606229
lp_lin,739,0,200,8,200,22,3670.1,508,6.120842576,525.2918778,3.694553931,0.2670612436,0.7892278333,3.184418986,0.2389818045
lp_lin,740,0,200,8,200,41,3599.1,914,0.8458906073,1.436011565,0.1049723808,0.7058870814,0.5862052717,2.610818485,0.2769455192
lp_lin,741,0,200,8,200,17,3842.3,850,1.087581054,4.15839864,0.2600652868,0.5333331435,0.6521739938,2.132654188,0.3192181262
lp_lin,742,0,200,8,200,30,3677.4,469,1.086479411,3.661530473,0.1022248439,0.5677931834,0.637839232,3.398155691,0.2273680311
lp_lin,743,0,200,8,200,24,3804.1,3,2.865028242,23.25783086,0.1616711198,0.5940791404,0.6273214263,7.125456352,0.1230700107
lp_lin,744,0,200,8,200,3,3969.2,76,2.168991389,36.57656726,0.4036222115,0.3586380428,0.7360312081,3.414053316,0.2265491439
lp_lin,745,0,200,8,200,13,3864.9,745,2.072808464,30.4285116,0.378543936,0.3757671567,0.7268671847,3.369000121,0.2288853221
lp_lin,746,0,200,8,200,20,3720.0,932,3.216078724,33.39410605,0.2673160187,0.5565340748,0.642453009,6.220340791,0.1384976179
lp_lin,747,0,200,8,200,26,3737.3,946,2.676216804,53.76439687,0.1885916478,0.3649840653,0.7326092849,6.162544464,0.1396151891
lp_lin,748,0,200,8,200,23,3798.4,289,1.327922958,5.875589656,0.1011407778,0.5478316895,0.6460650772,4.175511987,0.1932175991
lp_lin,749,0,200,8,200,42,3601.6,470,1.647029654,10.01258973,0.1100768353,0.5205089577,0.6576745207,4.964247789,0.1676657368
lp_lin,750,0,200,8,200,41,3565.4,750,1.144515101,2.999193512,0.1305016592,0.6608749389,0.6020922928,3.168206718,0.2399113258
lp_lin,751,0,200,8,200,8,3913.1,905,0.9538956074,2.011811047,0.2284300427,0.672523175,0.5978990396,1.99583318,0.3337969573
lp_lin,752,0,200,8,200,28,3683.8,783,4.972644374,139.6968521,0.4957711602,0.4207209042,0.7038680131,7.062309908,0.1240339321
lp_lin,753,0,200,8,200,46,3445.7,627,2.201886113,22.36144657,0.1203464303,0.4656342365,0.6822984719,6.34714246,0.1361073377
lp_lin,754,0,200,8,200,40,3493.3,745,3.36871464,74.79046196,0.1028196157,0.389530184,0.719667706,10.50573002,0.08691321615
lp_lin,755,0,200,8,200,1,3991.6,772,2.586730733,44.89707523,0.2707421961,0.386048792,0.7214753231,4.971337515,0.1674666685
lp_lin,756,0,200,8,200,21,3797.9,353,1.27261993,3.72937018,0.09029463234,0.6589932608,0.6027752033,4.235139824,0.1910168656
lp_lin,757,0,200,8,200,22,3686.2,220,1.120303817,5.874989222,0.1521439133,0.4622024876,0.6838998076,2.872159304,0.2582538376
lp_lin,758,0,200,8,200,7,3944.5,106,1.341363434,13.28140162,0.2407962194,0.3680649888,0.7309594268,2.733516068,0.2678440327
lp_lin,759,0,200,8,200,24,3748.7,554,1.724500062,14.47748081,0.3010762085,0.4532279823,0.688123276,3.142859708,0.2413791609
lp_lin,760,0,200,8,200,23,3742.9,192,3.557436727,34.75546712,0.227261271,0.603428224,0.6236637132,7.462330313,0.1181707595
lp_lin,761,0,200,8,200,21,3750.2,875,1.876912378,20.78657158,0.2661285818,0.4116731721,0.7083792621,3.638297757,0.2155963357
lp_lin,762,0,200,8,200,87,3055.3,170,2.092305098,12.75729373,0.129116251,0.5857951015,0.6305984922,5.822836015,0.146566618
lp_lin,763,0,200,8,200,39,3645.5,317,0.9522826476,2.646637704,0.1457210306,0.5853540441,0.6307739295,2.494622032,0.2861539791
lp_lin,764,0,200,8,200,51,3514.5,494,1.193227058,3.887915135,0.08623236687,0.6051523229,0.6229938341,4.063384688,0.1974963511
lp_lin,765,0,200,8,200,19,3847.3,553,1.142379466,5.927994811,0.1945034761,0.4691983549,0.6806432887,2.590279954,0.2785298119
lp_lin,766,0,200,8,200,35,3649.4,712,1.368087558,10.10921114,0.09600911541,0.4302840618,0.6991618146,4.415273992,0.1846628631
lp_lin,767,0,200,8,200,9,3946.4,301,4.391336952,119.8776931,0.7271165312,0.4010768301,0.7137367334,5.149852057,0.1626055376
lp_lin,768,0,200,8,200,20,3807.9,768,74.65104397,34384.80688,7.70869822,0.4025803664,0.7129716228,26.88718674,0.03585876228
lp_lin,769,0,200,8,200,22,3736.3,553,1.030230397,6.516021532,0.1707086666,0.4035925159,0.7124574894,2.493483936,0.2862472015
lp_lin,770,0,200,8,200,16,3807.0,423,1.055209914,6.218447005,0.1898453227,0.4231534579,0.7026649125,2.421803553,0.2922435448
lp_lin,771,0,200,8,200,4,3976.9,337,1.50514013,20.14409658,0.3186373398,0.33535365,0.7488652912,2.666420264,0.2727456014
lp_lin,772,0,200,8,200,33,3844.1,772,1.066476286,2.344955574,0.2362363631,0.6964402991,0.5894696091,2.194208176,0.3130666334
lp_lin,773,0,200,8,200,57,3410.0,437,0.6608498966,1.229250543,0.08106455143,0.5960499035,0.6265468253,2.321065169,0.3011082135
lp_lin,774,0,200,8,200,54,3381.0,410,0.7853858565,2.476802671,0.1162128265,0.4990423154,0.6670925762,2.303859785,0.3026762832
lp_lin,775,0,200,8,200,26,3727.6,891,1.617573961,12.32510798,0.3033539582,0.4607536463,0.6845781303,2.936901048,0.2540068922
lp_lin,776,0,200,8,200,105,2901.0,779,1.707162787,9.368919988,0.2697734981,0.557737917,0.6419565121,3.286815252,0.2332734072
lp_lin,777,0,200,8,200,36,3573.6,410,0.7785826528,1.808702824,0.07893090942,0.5789234144,0.6333429417,2.771284865,0.2651616189
lp_lin,778,0,200,8,200,27,3719.5,172,0.9410393693,5.269721697,0.1258169762,0.409934012,0.7092530512,2.653005627,0.273747183
lp_lin,779,0,200,8,200,10,3912.2,994,0.8741238748,3.217905441,0.1833440019,0.4872887031,0.6723644158,2.041454144,0.3287900961
lp_lin,780,0,200,8,200,36,3602.2,948,0.9417905037,3.150460686,0.1305148844,0.5306000356,0.6533385448,2.60689948,0.2772464288
lp_lin,781,0,200,8,200,21,3798.3,799,2.162486806,22.08353583,0.6559990629,0.4601709103,0.6848513369,2.669942183,0.2724838567
lp_lin,782,0,200,8,200,20,3820.5,410,0.9259630384,4.15664477,0.2730731168,0.4541739239,0.6876756512,1.771961076,0.3607554264
lp_lin,783,0,200,8,200,43,3597.5,783,4.379502906,120.7773229,1.05067318,0.398503481,0.7150500614,4.272587796,0.1896601894
lp_lin,784,0,200,8,200,36,3322.7,240,0.9197177222,3.227843792,0.07527660423,0.5119155246,0.6614126145,3.352158501,0.2297710435
lp_lin,785,0,200,8,200,34,3548.1,261,3.623356804,136.6034903,1.473337686,0.3100132133,0.7633510791,2.98510735,0.2509342691
lp_lin,786,0,200,8,200,17,3876.2,392,2.214848288,58.66152089,0.3456720834,0.2891793812,0.775687243,3.767140602,0.209769353
lp_lin,787,0,200,8,200,28,3737.3,300,8.677270164,1142.346296,3.104092293,0.2567344984,0.7957130176,4.925108547,0.1687732794
lp_lin,788,0,200,8,200,19,3814.1,946,2.57989314,37.90472531,0.1580352686,0.4190395752,0.7047019811,6.489701302,0.1335166731
lp_lin,789,0,200,8,200,3,3962.7,789,1.814386732,11.92759661,0.4057349266,0.525355629,0.655584823,2.848450418,0.2598448444
lp_lin,790,0,200,8,200,7,3928.1,197,3.342443468,53.64561733,0.201197702,0.4563488358,0.6866486761,7.451651964,0.1183200638
lp_lin,791,0,200,8,200,28,3744.2,71,1.783572273,12.15610222,0.1154356783,0.5115564214,0.6615697475,5.249533151,0.1600119522
lp_lin,792,0,200,8,200,16,3839.8,966,2.726228353,80.55291507,0.6095804197,0.3037537159,0.7670160306,3.491778816,0.2226289497
lp_lin,793,0,200,8,200,39,3563.4,878,1.06110766,5.542453479,0.09903593309,0.450721652,0.689312108,3.371809662,0.2287382291
lp_lin,794,0,200,8,200,2,3989.5,948,0.915917203,5.305538738,0.2429096554,0.3976412874,0.71549117,1.858377023,0.34984888
lp_lin,795,0,200,8,200,2,3991.8,50,1.623415812,12.56831804,0.2892496692,0.4579216645,0.6859079087,3.018514985,0.2488481451
lp_lin,796,0,200,8,200,21,3785.0,422,0.8858037442,1.910676599,0.1080977988,0.6408316004,0.6094470631,2.694195376,0.2706949412
lp_lin,797,0,200,8,200,41,3534.1,443,2.099143288,15.8745981,0.1242981226,0.5268545259,0.6549412423,5.954013294,0.1438018534
lp_lin,798,0,200,8,200,78,3058.6,556,1.573821034,7.636186678,0.08679070079,0.5695306182,0.6371331584,5.342182837,0.1576744199
lp_lin,799,0,200,8,200,35,3625.0,781,2.352239157,18.50049235,0.9595613552,0.5468772184,0.6464637194,2.401292701,0.2940058642
lp_lin,800,0,200,8,200,39,3548.5,855,1.287971531,8.184405727,0.1370871999,0.4502074613,0.6895565129,3.478626578,0.2232827369
lp_lin,801,0,200,8,200,45,3517.4,148,0.7306004345,1.642830389,0.1158888364,0.5700114273,0.6369380392,2.146145317,0.3178492724
lp_lin,802,0,200,8,200,1,3974.9,889,1.225474348,3.600567975,0.2809512815,0.6458307477,0.6075958913,2.312004719,0.3019319369
lp_lin,803,0,200,8,200,13,3859.3,824,0.8517334469,3.018530452,0.2546869764,0.490236814,0.6710342884,1.687719752,0.3720626003
lp_lin,804,0,200,8,200,22,3786.3,934,1.656369465,10.83899149,0.1449525504,0.5031098013,0.6652873923,4.350551211,0.1868966319
lp_lin,805,0,200,8,200,20,3783.4,889,1.114050083,5.805743255,0.200267197,0.4623552594,0.6838283608,2.489429351,0.2865798099
lp_lin,806,0,200,8,200,25,3791.4,889,1.076839028,7.97162665,0.1662876127,0.3813970347,0.7239048404,2.640710778,0.2746716399
lp_lin,807,0,200,8,200,2,3977.7,957,1.703110918,13.56960973,0.6593865374,0.4623376428,0.6838365989,2.097359585,0.3228556364
lp_lin,808,0,200,8,200,79,3079.7,873,4.871077758,81.76978579,0.241711455,0.5386772475,0.6499088757,9.907782085,0.09167766574
lp_lin,809,0,200,8,200,11,3934.5,402,4.095008735,113.5453953,0.5852129576,0.384299721,0.7223869115,5.353007671,0.1574057599
lp_lin,810,0,200,8,200,15,3876.6,657,4.992157169,168.0328786,0.5848346612,0.3851156045,0.7219613993,6.52787302,0.1328396477
lp_lin,811,0,200,8,200,27,3770.4,745,3.461319441,136.8918558,0.3489896634,0.2958372632,0.7717018398,5.859160566,0.1457904346
lp_lin,812,0,200,8,200,28,3763.1,261,3.181487081,88.13591828,0.4683801572,0.3388860542,0.7468895481,4.648693575,0.1770320848
lp_lin,813,0,200,8,200,29,3622.3,822,2.737733193,82.11838879,0.1417859215,0.3021140422,0.7679818876,7.270672227,0.1209091562
lp_lin,814,0,200,8,200,11,3911.9,772,1.675857718,10.12115918,0.2375735396,0.5267711919,0.6549769902,3.438255209,0.225313767
lp_lin,815,0,200,8,200,23,3715.0,497,1.951254351,28.70748756,0.2171399627,0.3641801679,0.733041004,4.187395722,0.1927749594
lp_lin,816,0,200,8,200,74,3115.6,412,7.777343563,905.7411681,0.2780359171,0.2584218495,0.7946460882,14.74962005,0.06349359519
lp_lin,817,0,200,8,200,2,3989.8,850,1.159860917,5.70115596,0.3954813155,0.4857630243,0.6730548436,1.844348257,0.3515743889
lp_lin,818,0,200,8,200,8,3918.3,68,1.623615391,12.67139662,0.232647647,0.4561113896,0.686760647,3.36615281,0.2290345857
lp_lin,819,0,200,8,200,15,3858.1,348,2.395173415,63.2278659,0.3392649425,0.3012192347,0.7685100045,4.112136007,0.195612949
lp_lin,820,0,200,8,200,26,3743.6,422,0.909400644,2.568883784,0.1185539771,0.5673917657,0.6380025861,2.641175096,0.2746366142
lp_lin,821,0,200,8,200,18,3842.0,914,1.22923619,5.729885528,0.1335225258,0.5135259149,0.660708872,3.364016121,0.2291467246
lp_lin,822,0,200,8,200,34,3679.1,745,2.955748669,18.98631416,0.1077998792,0.6783396006,0.5958269707,9.00240124,0.09997599337
lp_lin,823,0,200,8,200,16,3845.9,85,5.263766899,162.089038,0.8043329408,0.4134469822,0.7074902791,5.869197462,0.1455774136
lp_lin,824,0,200,8,200,22,3796.2,437,0.6582189303,1.260295704,0.08636066501,0.5863192329,0.6303901379,2.23981619,0.3086594861
lp_lin,825,0,200,8,200,54,3416.5,353,1.119366336,4.368534867,0.1271119301,0.535555321,0.6512302008,3.139634445,0.2415672237
lp_lin,826,0,200,8,200,16,3761.9,173,0.9956912455,2.778852294,0.1012908003,0.5972992331,0.6260567709,3.128525416,0.2422172324
lp_lin,827,0,200,8,200,2,3819.4,902,0.8697448974,3.010781734,0.1015153685,0.5012475389,0.6661126657,2.729769593,0.2681130764
lp_lin,828,0,200,8,200,28,3706.6,512,1.36676804,7.050117502,0.2243462168,0.5147503342,0.6601748007,2.885595418,0.2573608141
lp_lin,829,0,200,8,200,41,3660.8,777,1.100374574,14.73959342,0.2910795023,0.2866142604,0.7772337295,2.039551776,0.3289958762
lp_lin,830,0,200,8,200,105,2866.0,678,2.544546347,79.17529002,0.4303035806,0.2859667464,0.7776250846,3.879027743,0.2049588674
lp_lin,831,0,200,8,200,39,3561.8,614,2.757650596,32.54555787,0.1967766768,0.4833852326,0.6741337166,6.216592896,0.1385695458
lp_lin,832,0,200,8,200,55,3407.9,347,0.7716713454,1.015910418,0.06237195771,0.7656048339,0.5663781503,3.089852058,0.2445076217
lp_lin,833,0,200,8,200,18,3817.3,783,5.600601249,72.38912647,0.3877734241,0.6582607874,0.6030414562,8.993849835,0.1000615395
lp_lin,834,0,200,8,200,5,3931.8,615,1.192476926,5.754088835,0.1103560928,0.4971205348,0.6679488904,3.589647691,0.2178816474
lp_lin,835,0,200,8,200,133,2217.9,687,5.338266928,127.6443136,0.537187573,0.4724975378,0.6791182833,7.283452751,0.1207226057
lp_lin,836,0,200,8,200,22,3795.2,693,2.915074369,57.87119347,0.7207369904,0.3831937522,0.7229645149,3.43369118,0.2255457043
lp_lin,837,0,200,8,200,23,3770.4,556,1.673340745,36.03873732,0.1661107312,0.2787401972,0.7820196802,4.105684197,0.1958601358
lp_lin,838,0,200,8,200,19,3767.2,803,1.388445018,15.35425051,0.1598304904,0.3543352635,0.7383696098,3.472952716,0.2235659672
lp_lin,839,0,200,8,200,84,3073.3,512,1.651420289,36.26219106,0.548197341,0.2742398704,0.7847815966,2.230432854,0.3095560394
lp_lin,840,0,200,8,200,15,3890.3,643,1.305014042,7.717099323,0.2361379035,0.4697730947,0.6803771301,2.685544376,0.2713303376
lp_lin,841,0,200,8,200,16,3870.6,526,0.9149058108,3.78455462,0.1475712736,0.4702935226,0.6801363025,2.381636476,0.2957148135
lp_lin,842,0,200,8,200,47,3516.9,402,4.9457186,60.07055485,0.2031631416,0.6381144521,0.6104579559,10.97253418,0.08352450574
lp_lin,843,0,200,8,200,10,3891.1,702,1.040699099,6.865275991,0.2261721436,0.3971880541,0.715723268,2.188293758,0.3136473851
lp_lin,844,0,200,8,200,2,3952.1,191,1.287168221,9.023943681,0.2604000031,0.4284864776,0.7000416284,2.522404987,0.2838969408
lp_lin,845,0,200,8,200,3,3959.5,175,3.761098246,112.6856487,0.2568993017,0.3543075227,0.738384734,7.420500799,0.1187577822
lp_lin,846,0,200,8,200,29,3638.8,602,3.042695107,71.19102097,0.427837999,0.3606166922,0.7349608495,4.651775628,0.1769355448
lp_lin,847,0,200,8,200,15,3861.8,261,2.620130445,69.4870413,0.573322453,0.3143192673,0.7608501411,3.460377172,0.2241962869
lp_lin,848,0,200,8,200,89,2882.1,227,1.393382915,7.296350638,0.09716492379,0.5158431085,0.6596988794,4.470084408,0.1828125355
lp_lin,849,0,200,8,200,50,3430.7,889,1.043030507,2.697192812,0.1364743681,0.6350983936,0.6115839903,2.823393853,0.2615477344
lp_lin,850,0,200,8,200,5,3954.5,850,0.8097945261,2.34411247,0.157786909,0.5289146717,0.6540587376,2.03863442,0.3290951993
lp_lin,851,0,200,8,200,32,3586.0,749,1.811115304,30.34112358,0.1642628695,0.3287988355,0.7525593591,4.468650589,0.1828604669
lp_lin,852,0,200,8,200,34,3682.6,889,1.044145688,3.917362851,0.1234092687,0.5275506944,0.6546427583,2.972262827,0.2517456784
lp_lin,853,0,200,8,200,37,3562.3,497,1.301553667,5.149195735,0.1202108001,0.5735778605,0.6354944519,3.753966012,0.2103506835
lp_lin,854,0,200,8,200,67,3547.0,561,1.482679482,8.140606071,0.1500094138,0.519659544,0.6580421279,3.828141838,0.2071190188
lp_lin,855,0,200,8,200,16,3847.4,620,1.363142473,8.079363884,0.1239242206,0.4795707266,0.675871712,3.872247889,0.2052440727
lp_lin,856,0,200,8,200,21,3813.3,249,1.470486187,18.9164946,0.1674020694,0.3380964564,0.7473302804,3.594020402,0.2176742618
lp_lin,857,0,200,8,200,44,3489.7,353,1.542334199,16.06208086,0.1413352593,0.3848376771,0.722106292,4.10254382,0.1959806785
lp_lin,858,0,200,8,200,13,3818.7,617,1.868601003,25.86772789,0.1884531041,0.3673985481,0.7313156807,4.304422868,0.1885219231
lp_lin,859,0,200,8,200,16,3820.3,31,0.9256073584,2.534280339,0.08690348769,0.5814327246,0.6323379961,3.139844898,0.2415549434
lp_lin,860,0,200,8,200,9,3896.5,860,4.437394177,137.2470425,0.4719379684,0.3787708179,0.7252836998,6.4593014,0.1340608116
lp_lin,861,0,200,8,200,78,3104.6,889,1.48688917,7.114787333,0.2150581882,0.557439368,0.6420795702,3.206273805,0.2377401107
lp_lin,862,0,200,8,200,45,3615.5,437,0.7572664972,2.549503668,0.1353495721,0.4742648331,0.6783041809,2.0583551,0.3269731498
lp_lin,863,0,200,8,200,40,3598.5,994,0.8822657606,3.578333265,0.1129426115,0.4664005269,0.6819419263,2.625249065,0.2758431164
lp_lin,864,0,200,8,200,53,3319.6,498,1.82244175,41.56687955,0.230418033,0.2826701469,0.7796236643,3.796605072,0.2084807869
lp_lin,865,0,200,8,200,64,3209.9,699,6.424786085,173.0939789,0.4770924063,0.4883348196,0.6718918263,9.301594876,0.09707234773
lp_lin,866,0,200,8,200,28,3731.7,994,1.139849451,6.909861908,0.1083064332,0.4336234998,0.6975332088,3.463541276,0.2240373592
lp_lin,867,0,200,8,200,32,3567.4,598,0.9628111159,3.04902853,0.183909701,0.5513918614,0.6445824713,2.245115957,0.3081553982
lp_lin,868,0,200,8,200,0,3976.0,783,6.236367877,164.6999181,0.3176865768,0.4859426685,0.6729734741,11.06451274,0.08288772379
lp_lin,869,0,200,8,200,80,3038.8,603,3.702311207,94.56293768,0.1058349969,0.3807259192,0.7242567015,11.38041949,0.0807727073
lp_lin,870,0,200,8,200,16,3880.6,130,9.534108676,696.1098484,0.6535983359,0.3613609414,0.7345590501,11.79300898,0.07816769314
lp_lin,871,0,200,8,200,36,3650.8,948,0.8786983527,2.130187336,0.0729765091,0.6020477158,0.6242011334,3.252731908,0.2351429673
lp_lin,872,0,200,8,200,67,3224.3,131,1.766878132,9.53992431,0.1454059889,0.572050186,0.6361120077,4.633567014,0.1775074296
lp_lin,873,0,200,8,200,22,3784.7,668,2.352964679,60.02672844,0.2098031257,0.3036987964,0.7670483418,5.136998405,0.1629461072
lp_lin,874,0,200,8,200,9,3943.6,205,0.7866253702,1.854509325,0.1629077842,0.577634918,0.6338602097,1.948933545,0.339105641
lp_lin,875,0,200,8,200,40,3554.5,875,0.9958066192,3.031657912,0.1607089399,0.5719195093,0.6361648889,2.484019442,0.2870248047
lp_lin,876,0,200,8,200,39,3620.3,642,0.932942432,3.91051632,0.1494083583,0.4717781192,0.6794502425,2.413611682,0.2929448611
lp_lin,877,0,200,8,200,35,3649.0,772,1.21172963,17.01785635,0.1602647874,0.2937333788,0.7729567903,3.026820536,0.2483348813
lp_lin,878,0,200,8,200,48,3501.6,353,0.9883795764,3.430438346,0.08207012045,0.5336407103,0.6520432024,3.450096379,0.2247142342
lp_lin,879,0,200,8,200,42,3565.1,320,1.084525619,4.879707789,0.1503516769,0.4909563794,0.6707104338,2.796956277,0.2633688478
lp_lin,880,0,200,8,200,42,3538.7,226,1.37058863,5.413869569,0.09872859511,0.5890514515,0.6293062437,4.361999848,0.1864975808
lp_lin,881,0,200,8,200,11,3886.4,891,2.354477741,14.21405605,0.1738929081,0.6245045073,0.6155723148,5.646166147,0.1504626845
lp_lin,882,0,200,8,200,21,3731.0,994,1.174354628,10.89092586,0.1174509629,0.3558499121,0.7375447615,3.426659667,0.2259039717
lp_lin,883,0,200,8,200,14,3827.2,669,3.874874209,140.4270774,0.8636925754,0.3269882747,0.7535861613,4.169442753,0.193444448
lp_lin,884,0,200,8,200,16,3896.7,410,0.8701369268,2.938095244,0.2436858168,0.5076386313,0.6632889203,1.762675926,0.3619678988
lp_lin,885,0,200,8,200,18,3796.1,9,13.86972526,1003.421362,0.1297715002,0.4378508399,0.6954824327,38.5015484,0.02531546333
lp_lin,886,0,200,8,200,8,3962.5,410,1.431346994,10.00913617,0.2812360787,0.4524250379,0.6885036914,2.699040574,0.2703403707
lp_lin,887,0,200,8,200,4,3958.9,992,4.22731014,102.3164731,0.5381593635,0.4179182442,0.70525928,5.76246978,0.1478749677
lp_lin,888,0,200,8,200,11,3903.1,546,4.818956567,100.2381581,0.3145810531,0.4813228429,0.6750722875,8.591850885,0.1042551654
lp_lin,889,0,200,8,200,9,3959.7,226,0.9359540086,3.278305853,0.1697634131,0.5169276635,0.6592272157,2.271603136,0.3056605457
lp_lin,890,0,200,8,200,20,3799.8,414,6.849410291,294.8898261,0.9461931788,0.3988625737,0.7148665057,7.041469063,0.1243553873
lp_lin,891,0,200,8,200,37,3587.4,320,1.137886967,8.127897024,0.1217894895,0.3991260066,0.7147319078,3.260575179,0.2347100938
lp_lin,892,0,200,8,200,20,3756.8,623,2.558695264,29.29603003,0.1571655548,0.472731105,0.6790105788,6.454162271,0.1341532373
lp_lin,893,0,200,8,200,56,3341.3,625,1.577103288,12.55534831,0.228721506,0.4450878658,0.6919994442,3.297665769,0.232684451
lp_lin,894,0,200,8,200,4,3968.5,421,3.820699518,99.63543972,0.8586587497,0.3827682994,0.7231869579,4.123182745,0.1951911633
lp_lin,895,0,200,8,200,63,3381.0,105,1.456376202,12.4674782,0.1522702044,0.4124623055,0.7079834953,3.732210311,0.2113177425
lp_lin,896,0,200,8,200,9,3920.1,598,0.9887278395,9.878475077,0.1457746366,0.3145805073,0.7606989412,2.58961844,0.2785811408
lp_lin,897,0,200,8,200,38,3606.1,231,0.8858883196,1.587251294,0.06549196805,0.7031631948,0.5871427959,3.461664345,0.2241316071
lp_lin,898,0,200,8,200,51,3431.0,191,1.047017817,9.1005778,0.1422167143,0.3470720082,0.7423508126,2.776379006,0.2648039295
lp_lin,899,0,200,8,200,33,3630.1,410,0.7895205224,2.530701744,0.1408477569,0.4962984755,0.6683158584,2.103722519,0.3221937508
lp_lin,900,0,200,8,200,10,3876.2,98,5.049755449,213.0597365,1.001640742,0.3459550334,0.7429668712,5.045617868,0.1654090652
lp_lin,901,0,200,8,200,54,3470.0,101,1.639987773,9.997995684,0.1245570306,0.5186616504,0.6584745191,4.646826817,0.177090609
lp_lin,902,0,200,8,200,55,3487.8,356,0.8745152875,2.053845043,0.1279080387,0.6102159691,0.6210347054,2.445223078,0.2902569667
lp_lin,903,0,200,8,200,45,3520.1,743,3.775236228,49.62763583,0.28477129,0.5358982497,0.6510847969,7.074504557,0.1238466079
lp_lin,904,0,200,8,200,36,3627.5,423,1.276318576,6.420978261,0.1525305135,0.5036843886,0.6650331729,3.267990038,0.2343023276
lp_lin,905,0,200,8,200,54,3431.8,356,0.764893393,1.259752584,0.09196525069,0.6814881062,0.5947113133,2.522255223,0.2839090119
lp_lin,906,0,200,8,200,16,3822.5,410,0.8290787203,1.886245822,0.1097055027,0.6036658707,0.6235712927,2.503119379,0.2854598693
lp_lin,907,0,200,8,200,50,3495.0,632,5.979428858,105.9986623,0.1714763882,0.5807771361,0.6326002427,14.43967902,0.06476818583
lp_lin,908,0,200,8,200,25,3723.0,822,2.729867888,35.79404268,0.1845658563,0.4562850653,0.6866787443,6.354274161,0.1359753496
lp_lin,909,0,200,8,200,18,3829.9,259,3.146555782,71.57603767,0.2341133987,0.3719217776,0.7289045311,6.503127972,0.1332777481
lp_lin,910,0,200,8,200,39,3550.9,910,1.960249758,12.83771823,0.08547484349,0.5471009757,0.6463702213,6.704899179,0.1297875516
lp_lin,911,0,200,8,200,19,3830.1,911,0.9844828343,2.686015084,0.0877033341,0.600694872,0.6247286835,3.324299132,0.2312513472
lp_lin,912,0,200,8,200,7,3946.3,620,1.221747544,12.18758588,0.1659682909,0.3499634024,0.7407608223,2.998947851,0.2500657766
lp_lin,913,0,200,8,200,20,3849.5,914,0.8787647002,1.954348775,0.1715942404,0.6285959342,0.6140258483,2.121393578,0.3203697243
lp_lin,914,0,200,8,200,50,3469.4,994,0.8346197316,1.642774969,0.08868549329,0.6511778349,0.6056282848,2.802607984,0.2629774103
lp_lin,915,0,200,8,200,52,3360.7,728,1.472480162,8.865592955,0.1796752874,0.4945333204,0.6691051891,3.47380374,0.2235234396
lp_lin,916,0,200,8,200,27,3659.2,889,1.111561559,7.211943991,0.3349964886,0.4139113606,0.7072579144,1.920495933,0.3424075989
lp_lin,917,0,200,8,200,30,3720.3,832,0.6602965893,1.081933061,0.08156579967,0.6348028356,0.6116945593,2.311984961,0.3019337381
lp_lin,918,0,200,8,200,90,3054.5,745,4.0268709,282.3140782,0.7549253277,0.2396632469,0.8066706846,4.634636829,0.1774737273
lp_lin,919,0,200,8,200,14,3879.8,656,3.024086418,80.83205444,0.8067135046,0.3363584861,0.7483022036,3.366933463,0.2289936424
lp_lin,920,0,200,8,200,27,3726.1,934,1.526883888,12.0468741,0.1044248105,0.4399150567,0.694485411,4.725025586,0.1746717085
lp_lin,921,0,200,8,200,10,3898.6,351,1.398768665,21.01338115,0.2629981986,0.3051391455,0.7662018287,2.727529823,0.2682741782
lp_lin,922,0,200,8,200,7,3945.8,724,2.336740659,26.81070152,0.2594977233,0.4512907442,0.6890418091,4.587158424,0.1789818588
lp_lin,923,0,200,8,200,18,3837.2,736,1.130800679,7.740105256,0.1977751366,0.4064551468,0.7110073878,2.542729807,0.2822682097
lp_lin,924,0,200,8,200,20,3764.3,924,71.39792889,35647.34889,0.5114559657,0.3781568708,0.7256068022,99.83469365,0.009917221581
lp_lin,925,0,200,8,200,9,3885.8,620,1.380745428,7.338704312,0.2313514587,0.5096874252,0.6623887722,2.870631808,0.2583557542
lp_lin,926,0,200,8,200,27,3691.2,212,13.88408293,691.8316153,0.3159414166,0.5278578649,0.6545111446,24.7009649,0.03890904501
lp_lin,927,0,200,8,200,3,3972.0,307,2.917178447,99.93230745,0.766935938,0.2918166305,0.7741036742,3.331067642,0.230889952
lp_lin,928,0,200,8,200,1,3977.5,461,5.614973916,403.8671819,3.691856569,0.2794013249,0.7816155733,2.9223036,0.2549522174
lp_lin,929,0,200,8,200,39,3652.4,499,2.913229666,60.19923161,0.6571759798,0.3754734644,0.727022386,3.593634328,0.2176925564
lp_lin,930,0,200,8,200,26,3754.2,889,1.185021127,7.868507972,0.2985363136,0.4224544592,0.7030102043,2.16883998,0.315572893
lp_lin,931,0,200,8,200,20,3762.1,437,0.6924114268,1.174628309,0.07783462139,0.6388722061,0.6101757027,2.481863075,0.2872025632
lp_lin,932,0,200,8,200,19,3808.9,746,2.995823431,63.15625632,0.361215666,0.3769710713,0.7262316695,4.984629971,0.1670947084
lp_lin,933,0,200,8,200,39,3561.7,8,1.510356799,9.336541155,0.3074704283,0.4942953751,0.6692117346,2.723816702,0.2685416818
lp_lin,934,0,200,8,200,50,3558.3,470,1.476885708,10.27257032,0.08328297563,0.460794542,0.6845589652,5.117628672,0.1634620297
lp_lin,935,0,200,8,200,29,3681.1,935,1.355572263,6.591535434,0.2616586432,0.5279944755,0.654452628,2.650056488,0.2739683627
lp_lin,936,0,200,8,200,23,3834.2,392,2.842214111,37.27898523,0.3900810231,0.465505429,0.6823584411,4.550712299,0.1801570584
lp_lin,937,0,200,8,200,7,3919.4,351,0.9595765619,5.111995865,0.1076832219,0.4244088043,0.7020456466,2.924190158,0.2548296489
lp_lin,938,0,200,8,200,24,3768.4,192,2.772396684,50.1910624,0.4307409541,0.3913291292,0.7187371982,4.224227387,0.1914158642
lp_lin,939,0,200,8,200,9,3895.7,382,1.867999724,28.45645012,0.3752103407,0.3501760558,0.740644152,3.049575629,0.2469394553
lp_lin,940,0,200,8,200,16,3897.7,430,1.977708831,37.03629194,0.3742094414,0.3249739905,0.7547317964,3.232994624,0.236239374
lp_lin,941,0,200,8,200,50,3472.5,320,0.9989750478,7.549838929,0.1675422055,0.3635681225,0.7333700337,2.44057707,0.2906489172
lp_lin,942,0,200,8,200,21,3771.4,263,10.49279328,1007.684773,0.1154511359,0.3305436122,0.7515725083,30.88104667,0.0313665988
lp_lin,943,0,200,8,200,32,3693.0,226,0.9785954131,6.567713235,0.09332511492,0.3818528926,0.7236660323,3.203346434,0.237905682
lp_lin,944,0,200,8,200,5,3963.5,875,1.931060305,16.8130813,0.4051057745,0.4709471576,0.6798340748,3.033972358,0.2478946089
lp_lin,945,0,200,8,200,48,3355.4,76,3.43307157,115.6934473,0.6598213976,0.3191747129,0.7580497035,4.226390872,0.1913366268
lp_lin,946,0,200,8,200,45,3558.8,946,2.565723461,28.81900953,0.1505866966,0.4779366334,0.6766189953,6.611751803,0.1313758023
lp_lin,947,0,200,8,200,7,3942.5,935,1.785606484,11.91411678,0.417637907,0.5173147101,0.6590590557,2.763031264,0.2657432081
lp_lin,948,0,200,8,200,19,3836.1,702,0.7180014682,1.961181563,0.1318885564,0.5127036762,0.6610680041,1.977068766,0.3359008739
lp_lin,949,0,200,8,200,16,3871.4,270,5.948727216,137.5687415,0.314460405,0.5071823975,0.6634897022,10.60818463,0.08614611432
lp_lin,950,0,200,8,200,11,3947.9,510,1.046917112,5.838517558,0.1839404821,0.4332723784,0.6977040896,2.441032931,0.2906104127
lp_lin,951,0,200,8,200,13,3846.3,534,1.470242403,9.124258283,0.1999911275,0.4867322903,0.6726160496,3.287634881,0.2332288144
lp_lin,952,0,200,8,200,66,3226.2,318,1.627102582,14.27261427,0.09972079613,0.4306883951,0.6989642213,5.152548231,0.1625342805
lp_lin,953,0,200,8,200,31,3717.6,191,3.263574294,105.9568276,0.4866484583,0.3170509292,0.7592720812,4.678275869,0.1761097951
lp_lin,954,0,200,8,200,14,3830.3,328,2.884887226,53.66431329,0.1887761337,0.3938093766,0.717458224,6.639804573,0.1308934005
lp_lin,955,0,200,8,200,13,3850.8,337,1.448504461,12.35844667,0.1277568644,0.4120385908,0.7081959421,4.052543777,0.197920106
lp_lin,956,0,200,8,200,13,3884.7,187,1.340943361,9.135312488,0.261563969,0.4436584224,0.6926846299,2.621932308,0.2760957177
lp_lin,957,0,200,8,200,9,3890.0,957,1.461081075,9.45086452,0.4337549754,0.4752679701,0.6778429548,2.218462443,0.3107073697
lp_lin,958,0,200,8,200,13,3911.6,608,5.852760851,230.9216762,1.44886432,0.3851486928,0.7219441531,4.862357872,0.1705798284
lp_lin,959,0,200,8,200,8,3932.4,145,1.132476151,6.500746625,0.2306104498,0.4441681827,0.6924401271,2.358248536,0.2977742682
lp_lin,960,0,200,8,200,8,3939.1,954,4.629122223,64.51360629,0.2820939304,0.5763323372,0.6343839915,8.715690037,0.1029262972
lp_lin,961,0,200,8,200,15,3833.1,50,2.030714404,50.15244556,0.2772991016,0.2867495808,0.777151992,3.856333792,0.2059166529
lp_lin,962,0,200,8,200,17,3827.5,176,1.927436874,33.96633841,0.1934910556,0.3307164498,0.7514748917,4.381771399,0.185812426
lp_lin,963,0,200,8,200,10,3942.2,121,0.9793511802,4.244560587,0.2353781321,0.4753593958,0.6778009499,2.018623826,0.3312767862
lp_lin,964,0,200,8,200,3,3974.6,510,1.135463658,6.584291525,0.1571551649,0.4425055407,0.6932382385,2.864236728,0.2587833175
lp_lin,965,0,200,8,200,4,3957.6,799,3.482419112,94.01750075,0.8156399918,0.3591506746,0.7357535987,3.855953445,0.2059327815
lp_lin,966,0,200,8,200,31,3711.3,627,2.626157506,49.32811203,0.4110295166,0.3739155469,0.7278467751,4.096229346,0.196223508
lp_lin,967,0,200,8,200,26,3749.8,528,5.622360358,560.1904129,0.4344946418,0.2375477065,0.8080496572,8.529556792,0.1049366746
lp_lin,968,0,200,8,200,32,3734.8,825,1.265298834,8.007312768,0.143653107,0.4471463722,0.6910151034,3.338378664,0.230500857
lp_lin,969,0,200,8,200,5,3887.3,145,1.136644348,3.229885805,0.2137948811,0.6324570133,0.6125735574,2.45824942,0.2891636428
lp_lin,970,0,200,8,200,33,3661.8,437,0.7582000362,1.381081226,0.07199499887,0.6451700375,0.6078399054,2.825742842,0.2613871452
lp_lin,971,0,200,8,200,2,3997.2,410,1.040041532,3.824392788,0.230460042,0.5318258429,0.6528157262,2.16647092,0.3158089953
lp_lin,972,0,200,8,200,28,3703.6,426,0.8205717368,5.214762776,0.10931225,0.3593347977,0.7356539402,2.481887762,0.2872005269
lp_lin,973,0,200,8,200,13,3888.6,554,1.9270964,16.70194833,0.2474448089,0.4715414474,0.6795595202,3.87404148,0.2051685452
lp_lin,974,0,200,8,200,11,3920.2,31,0.9080952961,2.736275909,0.1875345821,0.5489736288,0.645588783,2.096962884,0.3228969921
lp_lin,975,0,200,8,200,24,3720.3,392,2.044182989,26.15715376,0.2064992257,0.3996911455,0.7144433279,4.498425747,0.1818702382
lp_lin,976,0,200,8,200,12,3857.9,259,3.179502897,46.54569349,0.166746594,0.4660360068,0.6821114866,7.786292943,0.1138136421
lp_lin,977,0,200,8,200,17,3830.9,558,8.663713667,644.7824063,1.304419089,0.3411909485,0.7456059863,7.585697459,0.116472774
lp_lin,978,0,200,8,200,52,3367.5,736,1.32814947,13.20001748,0.1973437293,0.3655608682,0.7322998361,2.989752845,0.2506420921
lp_lin,979,0,200,8,200,43,3572.6,994,1.10945859,7.144601249,0.1410094747,0.415070721,0.7066784615,2.954520105,0.2528751842
lp_lin,980,0,200,8,200,13,3858.1,12,4.721110181,183.1214646,0.9556807304,0.3488787435,0.7413564821,4.829339325,0.1715460268
lp_lin,981,0,200,8,200,24,3736.5,515,2.289022723,197.9539533,0.6522937771,0.1626926804,0.8600724997,2.834186899,0.2608114905
lp_lin,982,0,200,8,200,12,3889.6,510,1.512531855,11.39601727,0.2532451568,0.4480515464,0.6905831512,3.005619196,0.2496492929
lp_lin,983,0,200,8,200,15,3887.8,957,1.855939439,14.39873725,0.3457463113,0.489104431,0.6715445735,3.15634904,0.2405957706
lp_lin,984,0,200,8,200,25,3769.7,328,3.253980877,111.3335608,0.3986742828,0.3083911785,0.7642974184,5.15354278,0.1625080114
lp_lin,985,0,200,8,200,4,3963.8,519,1.688432393,44.58186494,0.2768749785,0.252874222,0.7981647179,3.20879388,0.2375977604
lp_lin,986,0,200,8,200,33,3700.3,240,1.023298551,11.90956388,0.09229627141,0.2965202995,0.7712952897,3.368296242,0.2289222032
lp_lin,987,0,200,8,200,13,3911.0,421,2.112946672,33.91080779,0.331647968,0.3628436011,0.7337599114,3.669018198,0.2141777902
lp_lin,988,0,200,8,200,3,3971.7,17,1.838057123,14.49455184,0.2353481341,0.4827881572,0.6744051705,3.788816958,0.2088198419
lp_lin,989,0,200,8,200,21,3831.9,233,2.983262413,71.85247799,0.5269362653,0.3519415814,0.7396769311,4.109721684,0.1957053753
lp_lin,990,0,200,8,200,37,3649.5,746,2.912166251,33.59397742,0.1655280891,0.5024414399,0.6655833455,7.157812435,0.1225818818
lp_lin,991,0,200,8,200,16,3816.0,889,1.260647324,9.339094677,0.1718478785,0.4125163982,0.7079563828,3.041035702,0.2474613128
lp_lin,992,0,200,8,200,35,3608.7,992,2.580071112,36.05201029,0.1442850484,0.4297015626,0.6994466721,6.792364937,0.1283307453
lp_lin,993,0,200,8,200,8,3923.9,586,1.333328562,7.129085663,0.2288772527,0.4993674906,0.6669479005,2.786992927,0.2640617554
lp_lin,994,0,200,8,200,30,3699.6,914,0.7848239686,1.825982443,0.07477768634,0.5807964581,0.6325925105,2.870028743,0.2583960137
lp_lin,995,0,200,8,200,15,3878.6,708,1.257298122,7.230286643,0.1991699212,0.4675849339,0.6813915685,2.81725651,0.261968248
lp_lin,996,0,200,8,200,19,3863.7,510,1.203359789,13.96613136,0.1692119246,0.3220011583,0.7564289893,2.925364673,0.2547534008
lp_lin,997,0,200,8,200,16,3850.4,663,3.353250957,71.80931419,0.2167566503,0.3957087628,0.7164818525,7.202443195,0.1219148949
lp_lin,998,0,200,8,200,17,3854.1,889,1.155450085,5.195715974,0.1565674262,0.5069072326,0.663610857,2.920118547,0.2550943264
lp_lin,999,0,200,8,200,15,3827.7,712,1.448939996,14.3459011,0.1057484647,0.3825484833,0.7233019399,4.45567356,0.1832954243
lp_lin,1000,0,200,8,200,98,2833.7,855,1.487301411,16.09165868,0.152607088,0.370764875,0.7295197143,3.807252121,0.208019046
lp_s1,1,0,200,8,200,14,3853.3,554,2.415023281,36.0159178,0.574234504,0.4024149239,0.7130557319,3.186960491,0.2388367414
lp_s1,2,0,200,8,200,56,3481.8,191,1.845308163,27.51788775,0.6109293832,0.3517720709,0.7397696857,2.36087719,0.2975413689
lp_s1,3,0,200,8,200,45,3374.3,556,3.052315424,32.38980775,0.4212095348,0.5363215233,0.6509054158,4.703057781,0.1753445324
lp_s1,4,0,200,8,200,49,3506.8,717,1.594246967,8.336533917,0.5211759001,0.552157326,0.6442645879,2.208327277,0.3116889
lp_s1,5,0,200,8,200,6,3942.7,191,1.922432636,16.79447511,0.9352224632,0.4691026789,0.6806876159,1.987896027,0.3346836673
lp_s1,6,0,200,8,200,36,3556.6,410,1.852419336,21.91942356,1.005711996,0.3956623637,0.7165056721,1.847151387,0.3512282503
lp_s1,7,0,200,8,200,21,3826.2,31,3.68284126,55.82678406,0.4446637846,0.4929032647,0.6698357647,5.52289924,0.1533060627
lp_s1,8,0,200,8,200,45,3635.7,437,1.60859217,25.16397293,0.4937144553,0.3206685336,0.7571922663,2.289328047,0.3040134598
lp_s1,9,0,200,8,200,21,3833.5,388,19.13684144,1455.690353,0.6772359345,0.5015748553,0.6659674651,23.25413886,0.04123007647
lp_s1,10,0,200,8,200,29,3740.0,31,2.304618231,45.9325549,0.4954467745,0.3400467996,0.7462425942,3.274164463,0.2339638563
lp_s1,11,0,200,8,200,29,3651.5,437,1.885550211,11.93176133,0.7299238132,0.5458657216,0.646886716,2.206984767,0.3118193794
lp_s1,12,0,200,8,200,14,3897.1,249,4.324352979,469.3624921,2.180279795,0.1996029455,0.8336091569,2.928633469,0.2545414348
lp_s1,13,0,200,8,200,32,3677.1,603,6.800110084,331.7116155,1.191433499,0.3733667192,0.7281376387,6.229899489,0.1383145093
lp_s1,14,0,200,8,200,4,3955.3,772,2.95092958,90.26887254,1.554399754,0.3105916935,0.7630141447,2.366886793,0.2970102832
lp_s1,15,0,200,8,200,13,3876.6,165,3.574778181,125.6440884,1.27239581,0.3189172927,0.7581976562,3.169114886,0.2398590654
lp_s1,16,0,200,8,200,22,3693.6,437,1.858110581,13.92514076,0.4809070144,0.4979339744,0.6675861668,2.67942127,0.2717818718
lp_s1,17,0,200,8,200,3,3888.6,437,2.022672687,38.06596881,0.5409020883,0.3278363957,0.7531048277,2.750212686,0.2666515432
lp_s1,18,0,200,8,200,28,3688.4,556,3.178915681,61.41000711,0.6374845359,0.4056574299,0.7114108877,3.981476728,0.200743686
lp_s1,19,0,200,8,200,13,3872.2,191,2.137867667,40.99611311,0.4679249748,0.3338946633,0.7496843848,3.125307155,0.2424061924
lp_s1,20,0,200,8,200,22,3653.6,239,7.093360403,327.7031738,1.048473813,0.3918426478,0.7184720209,6.927447327,0.1261440106
lp_s1,21,0,200,8,200,13,3861.4,553,4.667446341,236.4916448,1.149257089,0.3035089015,0.7671600852,4.353822688,0.1867824279
lp_s1,22,0,200,8,200,36,3637.1,410,1.89637874,32.66119424,1.255265137,0.3318249577,0.7508494223,1.692611722,0.3713866324
lp_s1,23,0,200,8,200,20,3826.5,410,2.749124789,44.1887815,1.674685478,0.4135599183,0.7074337544,2.124358588,0.3200656941
lp_s1,24,0,200,8,200,16,3871.9,437,2.103444426,16.19819731,0.5912568929,0.5226340487,0.6567566257,2.735539145,0.2676989749
lp_s1,25,0,200,8,200,19,3806.0,235,7.835710587,378.9131787,4.7739342,0.4025395268,0.7129923834,3.58624679,0.2180432161
lp_s1,26,0,200,8,200,6,3954.1,879,4.107138294,155.7847951,1.092215528,0.3290612876,0.7524107498,3.929933062,0.2028425107
lp_s1,27,0,200,8,200,13,3718.2,615,2.696868082,25.56907796,0.5351847106,0.53333756,0.6521721153,3.686445812,0.2133813214
lp_s1,28,0,200,8,200,12,3848.8,191,3.480162842,77.3274203,0.5771390956,0.3957608268,0.7164551267,4.580989733,0.1791796882
lp_s1,29,0,200,8,200,18,3812.0,410,5.089205117,166.9131093,1.026536441,0.393917007,0.717402826,5.022995276,0.1660303477
lp_s1,30,0,200,8,200,34,3711.2,717,1.75456925,12.59389653,0.9269611052,0.494413651,0.6691587696,1.82238343,0.3543104702
lp_s1,31,0,200,8,200,37,3662.8,437,1.297369177,7.775306725,0.5337776206,0.4652697427,0.6824681974,1.775756426,0.3602621579
lp_s1,32,0,200,8,200,44,3500.3,437,2.094899278,8.582852686,0.4541138782,0.715067958,0.5830672746,3.108713934,0.2433851604
lp_s1,33,0,200,8,200,44,3563.9,717,3.05732488,89.35803601,0.6629532041,0.3234258909,0.7556146565,3.754915374,0.2103086851
lp_s1,34,0,200,8,200,14,3836.3,799,4.655991153,222.9912928,1.417284534,0.311794316,0.762314631,3.910962236,0.2036260822
lp_s1,35,0,200,8,200,21,3698.2,437,1.788677628,27.00783027,0.4848868509,0.3441812656,0.7439472827,2.568691044,0.2802147868
lp_s1,36,0,200,8,200,49,3000.3,437,1.521918051,6.690674919,0.2803578187,0.5883778344,0.6295731269,2.874318777,0.2581098917
lp_s1,37,0,200,8,200,2,3999.2,437,1.780167228,15.55070707,0.5201160467,0.4514251295,0.6889780118,2.468372363,0.2883196772
lp_s1,38,0,200,8,200,29,3764.7,216,7.221241213,511.5032945,2.253968915,0.3192917039,0.7579824819,4.809920419,0.1721193972
lp_s1,39,0,200,8,200,29,3735.8,191,2.306771269,34.05444301,0.5955039312,0.3952916521,0.7166960388,2.989249857,0.2506736945
lp_s1,40,0,200,8,200,25,3776.7,437,1.601381898,18.98599994,0.4752946584,0.3675176301,0.7312519985,2.322808722,0.3009502152
lp_s1,41,0,200,8,200,11,3935.3,935,4.178454545,133.8296049,3.01342898,0.3611932156,0.7346495623,2.4070505,0.2935090044
lp_s1,42,0,200,8,200,52,3421.7,133,3.502313191,48.73129092,0.6269357691,0.5017079949,0.6659084212,4.423270057,0.1843905963
lp_s1,43,0,200,8,200,53,3485.2,754,4.928788238,298.8906018,0.5480096346,0.2850913429,0.7781548024,6.658034825,0.1305818037
lp_s1,44,0,200,8,200,43,3561.5,717,1.521827809,6.434554314,0.3010112269,0.5999378748,0.6250242686,2.773793773,0.2649853331
lp_s1,45,0,200,8,200,37,3583.7,519,2.953505397,60.54619624,0.6035228162,0.3795721473,0.7248624162,3.801814495,0.208254609
lp_s1,46,0,200,8,200,0,4000.0,810,10.24254827,1026.579411,4.45803044,0.3196772602,0.75776103,4.851058418,0.170909249
lp_s1,47,0,200,8,200,25,3415.5,191,1.679741093,7.2734003,0.5094218579,0.6228358493,0.6162052683,2.353442322,0.2982010436
lp_s1,48,0,200,8,200,44,3602.0,926,20.28691295,1320.052522,0.8130256401,0.5583677932,0.6416970399,22.49903258,0.04255494333
lp_s1,49,0,200,8,200,18,3829.4,572,22.94093621,4780.604713,3.396866934,0.3317949103,0.7508663626,12.4472058,0.0743648915
lp_s1,50,0,200,8,200,3,3978.0,410,1.943492647,13.9470839,0.8496258411,0.5204046819,0.6577196268,2.108477862,0.3217008596
lp_s1,51,0,200,8,200,57,3384.5,754,4.689641107,306.7732859,0.3326868179,0.2677508381,0.788798532,8.130585317,0.1095220038
lp_s1,52,0,200,8,200,80,3200.9,656,10.73622149,1229.439143,4.291461993,0.3061948941,0.7655825364,5.182613562,0.1617438952
lp_s1,53,0,200,8,200,14,3915.8,410,2.951869821,54.07612306,1.522527914,0.4014157672,0.7135641138,2.392294099,0.2947857617
lp_s1,54,0,200,8,200,21,3766.3,437,1.619832128,6.784084581,0.3226844301,0.6219054771,0.6165587416,2.85155008,0.2596357257
lp_s1,55,0,200,8,200,22,3786.5,191,4.798774417,326.1004931,1.375513916,0.2657385783,0.7900525568,4.091644004,0.1964002195
lp_s1,56,0,200,8,200,19,3806.3,810,14.23777183,1344.813625,1.920536861,0.3882495656,0.7203315778,10.2737905,0.08870131128
lp_s1,57,0,200,8,200,9,3940.5,410,1.485039995,9.197313253,0.3649201926,0.4896746944,0.671287499,2.458324461,0.2891573683
lp_s1,58,0,200,8,200,11,3748.5,579,21.12305988,5439.702833,9.812130578,0.2863975132,0.7773646869,6.743341758,0.1291432086
lp_s1,59,0,200,8,200,26,3764.2,935,4.544886176,272.0105195,1.357066496,0.2755688736,0.7839639401,3.901417672,0.2040226047
lp_s1,60,0,200,8,200,25,3705.1,410,2.720679642,59.1207431,0.9930393414,0.3538404387,0.7386394817,2.730198224,0.268082268
lp_s1,61,0,200,8,200,16,3807.6,437,1.512089417,15.83040785,0.4589371821,0.3800418485,0.7246157072,2.232034235,0.3094026633
lp_s1,62,0,200,8,200,59,3398.9,832,2.026084666,24.49794649,0.5034868942,0.4093480716,0.7095479251,2.855377313,0.2593779853
lp_s1,63,0,200,8,200,111,2153.6,416,7.894888267,408.9364014,2.751548874,0.3904074554,0.7192136349,4.759456615,0.1736274907
lp_s1,64,0,200,8,200,24,3764.6,935,6.909421151,329.5466574,4.408536961,0.3806126424,0.7243161255,3.290746454,0.233059681
lp_s1,65,0,200,8,200,56,3320.4,522,4.589721889,215.3925364,0.6177573136,0.3127310805,0.7617706436,5.839523664,0.1462090124
lp_s1,66,0,200,8,200,37,3593.9,437,1.859472739,11.75723657,0.2910307622,0.5422969818,0.6483835551,3.446833993,0.2248790941
lp_s1,67,0,200,8,200,4,3957.9,772,2.675181788,34.11341799,1.268585729,0.4580265798,0.6858585528,2.375162832,0.2962820018
lp_s1,68,0,200,8,200,3,3955.0,832,1.970191405,16.07606901,0.6819384013,0.4913811464,0.6705194057,2.385809956,0.2953503041
lp_s1,69,0,200,8,200,14,3819.8,437,1.758417776,23.59749529,0.5063173569,0.3619837805,0.7342231342,2.471215718,0.2880835077
lp_s1,70,0,200,8,200,16,3617.7,191,1.431424822,11.22568854,0.5260496386,0.4272303036,0.7006577688,1.973582023,0.3362947422
lp_s1,71,0,200,8,200,27,3725.8,692,2.202192692,29.73402623,0.3654103505,0.4038577831,0.7123228663,3.64304801,0.2153757613
lp_s1,72,0,200,8,200,18,3866.4,191,1.74961467,19.17903146,0.613364308,0.3995113074,0.7145351343,2.233999961,0.3092145987
lp_s1,73,0,200,8,200,13,3862.3,717,2.224583329,59.64546921,0.7522673988,0.2880447398,0.7763705476,2.564853463,0.2805164393
lp_s1,74,0,200,8,200,19,3789.6,692,2.992219676,118.8528578,0.628864821,0.2744660676,0.7846423105,3.773243426,0.2095011527
lp_s1,75,0,200,8,200,71,3156.5,615,3.665315579,61.72053097,0.5528705774,0.4665482299,0.6818732447,4.929463255,0.1686493291
lp_s1,76,0,200,8,200,14,3824.6,293,3.230611037,32.05973576,1.685962727,0.5705644428,0.6367137653,2.488059076,0.286692392
lp_s1,77,0,200,8,200,12,3846.7,554,3.584844229,111.5043404,1.308805663,0.3394879804,0.7465539181,3.133521699,0.2419244588
lp_s1,78,0,200,8,200,14,3828.6,320,2.094966496,12.85264197,0.3568249768,0.5843605336,0.6311694711,3.507110574,0.2218716367
lp_s1,79,0,200,8,200,22,3869.9,191,1.608082028,7.589087602,0.5581647989,0.5837318836,0.6314200089,2.152419789,0.3172166357
lp_s1,80,0,200,8,200,8,3955.5,655,12.79825587,1917.123397,2.687378678,0.2922979402,0.7738153633,7.807039111,0.1135455387
lp_s1,81,0,200,8,200,25,3765.0,717,2.763850432,29.41061392,0.5698055811,0.509638809,0.6624101037,3.661433812,0.2145262682
lp_s1,82,0,200,8,200,34,3709.8,410,2.056534988,23.99860548,1.417471856,0.419800643,0.7043242338,1.727344177,0.3666570609
lp_s1,83,0,200,8,200,2,3964.5,615,2.732111087,45.98463279,1.018762676,0.4028951063,0.7128116675,2.706835359,0.2697718952
lp_s1,84,0,200,8,200,17,3808.3,139,5.752292367,243.8308213,1.67483559,0.368380515,0.7307908795,4.444826988,0.1836605648
lp_s1,85,0,200,8,200,9,3909.7,822,6.194585857,275.501167,1.648014412,0.3732076654,0.7282219763,4.825382824,0.1716625379
lp_s1,86,0,200,8,200,14,3892.1,297,65.01951313,44763.1576,6.516142007,0.3073147152,0.7649267528,25.47114352,0.03777698531
lp_s1,87,0,200,8,200,10,3919.9,191,2.206384347,15.26927841,1.09946437,0.5646403509,0.6391245116,2.104217305,0.3221423959
lp_s1,88,0,200,8,200,31,3674.5,379,9.507068179,677.3178765,0.7880073167,0.3653005612,0.7324394558,10.70980303,0.08539853298
lp_s1,89,0,200,8,200,18,3832.9,908,9.102556779,2589.489318,9.736411261,0.1788777546,0.8482643735,2.917184797,0.2552853776
lp_s1,90,0,200,8,200,40,3540.7,249,3.1587622,95.62394994,1.080597391,0.323023109,0.7558446963,3.038680053,0.2476056501
lp_s1,91,0,200,8,200,26,3762.2,931,2.389405338,17.61098145,0.5027591714,0.5693745483,0.6371965195,3.369844249,0.2288411081
lp_s1,92,0,200,8,200,14,3882.6,410,4.171114656,136.2947679,3.617710626,0.3572831508,0.7367659426,2.192982748,0.3131867845
lp_s1,93,0,200,8,200,17,3871.9,199,7.565128217,400.4300671,2.339144524,0.3780532301,0.7256613737,4.946383278,0.1681694491
lp_s1,94,0,200,8,200,16,3859.3,654,1.670358535,13.72337184,0.7171187175,0.4508990134,0.6892278448,1.972487099,0.3364186173
lp_s1,95,0,200,8,200,13,3937.6,51,14.0449144,3037.12618,1.775050807,0.2548517845,0.7969068637,10.54177403,0.08664179333
lp_s1,96,0,200,8,200,18,3829.7,718,8.624519565,1830.389079,2.494230021,0.2015873166,0.8322324863,5.460930641,0.1547764642
lp_s1,97,0,200,8,200,4,3930.6,772,2.043391405,16.85763835,0.8135173218,0.4976834466,0.6676978384,2.265521354,0.306229815
lp_s1,98,0,200,8,200,7,3929.5,822,4.520497855,116.1781921,2.194457699,0.4193956876,0.7045251784,3.05156525,0.2468181896
lp_s1,99,0,200,8,200,8,3939.7,410,2.242208353,29.03211931,0.5028158192,0.4161372532,0.7061462424,3.162070145,0.240265052
lp_s1,100,0,200,8,200,49,3536.8,437,1.492095361,8.46739739,0.264082303,0.5127688197,0.6610395369,2.903534099,0.2561781131
lp_s1,101,0,200,8,200,46,3525.5,692,2.058687824,19.22857271,0.5108127383,0.4694798655,0.6805128967,2.880445328,0.2577023809
lp_s1,102,0,200,8,200,34,3609.9,717,1.501266277,8.028043539,0.3559283466,0.5298499157,0.6536588915,2.51638125,0.2843832704
lp_s1,103,0,200,8,200,30,3687.1,191,1.525637833,16.82070743,0.850798991,0.3719883351,0.7288691707,1.654009375,0.3767884204
lp_s1,104,0,200,8,200,3,3978.8,488,8.269257898,286.0772663,2.737165044,0.4889054327,0.6716343282,4.998227783,0.1667159095
lp_s1,105,0,200,8,200,37,3623.8,437,1.620871376,14.02602862,0.472623267,0.4327939613,0.6979370566,2.357713357,0.2978217298
lp_s1,106,0,200,8,200,15,3883.3,717,1.640921384,7.930440686,0.6958440034,0.5826920785,0.6318348424,1.967124422,0.3370266487
lp_s1,107,0,200,8,200,83,3100.2,191,1.644422707,9.20263231,0.2184452114,0.542072568,0.6484779126,3.518375604,0.2213184754
lp_s1,108,0,200,8,200,37,3557.0,410,1.903856826,38.19385431,0.9031760661,0.3080615824,0.7644900007,2.003309614,0.3329660037
lp_s1,109,0,200,8,200,36,3601.8,437,2.045686828,30.97607375,0.38000404,0.3675580713,0.731230374,3.318524604,0.2315605656
lp_s1,110,0,200,8,200,18,3825.0,554,2.95822885,77.7090381,0.9462154985,0.3355799474,0.7487384053,3.041142283,0.2474547863
lp_s1,111,0,200,8,200,10,3918.8,134,5.2259347,138.3138911,1.622550158,0.4443560312,0.6923500705,4.1026542,0.1959764391
lp_s1,112,0,200,8,200,23,3870.0,437,1.736153296,14.47556121,0.5420952309,0.4563209039,0.6866618458,2.358035157,0.2977931896
lp_s1,113,0,200,8,200,28,3705.4,443,2.369874582,56.49641734,0.355811042,0.315293421,0.7602866281,3.972973353,0.2010869412
lp_s1,114,0,200,8,200,23,3743.0,605,21.67889685,2267.754126,5.72830512,0.4552387226,0.6871724786,9.057828793,0.09942503701
lp_s1,115,0,200,8,200,21,3785.2,908,10.94716726,628.685692,3.040661907,0.4366012406,0.6960873844,6.277947607,0.1374013738
lp_s1,116,0,200,8,200,3,3967.6,134,4.332485245,75.84283265,1.022743912,0.4974848044,0.667786409,4.28404122,0.1892490914
lp_s1,117,0,200,8,200,37,3631.5,717,1.675756185,10.15667943,0.7915951253,0.525817406,0.6553864152,1.883472465,0.3468040747
lp_s1,118,0,200,8,200,51,3518.2,410,1.761779141,13.53286514,0.6251161043,0.4789129567,0.6761723166,2.228286967,0.3097618057
lp_s1,119,0,200,8,200,18,3846.2,48,22.59214204,2829.494758,1.29937101,0.4247202451,0.7018921809,19.81941463,0.04803209014
lp_s1,120,0,200,8,200,17,3856.7,410,1.908020431,17.00200386,0.67010076,0.4627356563,0.6836505254,2.3308427,0.3002243246
lp_s1,121,0,200,8,200,29,3721.4,437,1.80755909,9.820546446,0.4984765826,0.5767992361,0.6341961469,2.560177775,0.2808848499
lp_s1,122,0,200,8,200,17,3793.2,139,5.355566475,217.2933645,2.894293446,0.3633140407,0.7335067124,3.147995723,0.2410802871
lp_s1,123,0,200,8,200,48,3504.4,576,6.693773965,223.6694597,0.9370898912,0.4475769358,0.6908095696,6.91481263,0.1263453788
lp_s1,124,0,200,8,200,3,3963.8,139,2.687570843,51.04404506,1.040519043,0.3761727908,0.7266529368,2.634722647,0.2751241559
lp_s1,125,0,200,8,200,18,3378.9,692,1.968804913,19.85461829,0.4336094783,0.4418470028,0.6935548626,2.989876853,0.250634302
lp_s1,126,0,200,8,200,6,3906.9,717,1.858236581,18.44891777,0.6866123476,0.4326289303,0.6980174551,2.242565831,0.308397748
lp_s1,127,0,200,8,200,18,3870.4,654,2.567136912,32.05812863,0.6161048066,0.453398363,0.6880426079,3.270557078,0.234161488
lp_s1,128,0,200,8,200,32,3674.0,32,2.845003634,48.87565479,0.6418070173,0.406945763,0.7107594523,3.55124467,0.2197201145
lp_s1,129,0,200,8,200,17,3825.1,556,5.780932758,215.6673882,0.4919497161,0.393645851,0.7175424081,8.242093951,0.108200588
lp_s1,130,0,200,8,200,18,3816.4,813,14.02559229,2109.674313,3.990502688,0.3053609533,0.7660716352,7.021136339,0.124670615
lp_s1,131,0,200,8,200,41,3561.7,615,2.527688787,32.91268072,0.3822169894,0.4405974441,0.6941564447,4.088543363,0.1965198936
lp_s1,132,0,200,8,200,4,3951.8,519,4.413922474,203.0331974,1.583874442,0.3097712969,0.763492071,3.507230631,0.2218657268
lp_s1,133,0,200,8,200,46,3503.3,410,2.221146526,18.23993425,0.4581656112,0.5200745178,0.6578624852,3.281451312,0.2335656597
lp_s1,134,0,200,8,200,6,3969.0,191,1.519030991,12.14360158,0.4128376088,0.4359060326,0.6964244019,2.364160775,0.2972509541
lp_s1,135,0,200,8,200,13,3786.6,437,2.07700442,21.61287461,0.3640084843,0.4467670688,0.6911962689,3.442561184,0.2250953805
lp_s1,136,0,200,8,200,50,3533.2,437,1.495597582,7.658256266,0.4032374364,0.540442889,0.6491639561,2.355235462,0.2980416758
lp_s1,137,0,200,8,200,59,3392.5,437,2.803300209,122.301382,1.239612577,0.2534859701,0.7977751836,2.517831267,0.2842660503
lp_s1,138,0,200,8,200,8,3906.3,488,11.2285774,558.2129113,5.650677461,0.4752529248,0.6778498678,4.723614833,0.1747147614
lp_s1,139,0,200,8,200,3,3995.7,717,1.613709394,9.144123327,0.4095293252,0.5336472673,0.6520404146,2.521638487,0.2839587322
lp_s1,140,0,200,8,200,118,2474.7,412,19.95750504,3653.025257,0.7437965458,0.3302021602,0.7517654308,23.14084264,0.04142357477
lp_s1,141,0,200,8,200,22,3748.0,652,3.568589685,58.86353652,0.8634568446,0.4651290241,0.6825337452,3.840398555,0.206594558
lp_s1,142,0,200,8,200,25,3696.7,437,1.335651491,5.396319906,0.49638558,0.5749688405,0.6349331963,1.895760958,0.3453323719
lp_s1,143,0,200,8,200,19,3779.9,717,4.05444545,164.6519845,1.473539021,0.3159715473,0.7598948488,3.340032104,0.2304130421
lp_s1,144,0,200,8,200,9,3865.5,538,2.757757594,47.13726224,0.7483455972,0.4016741763,0.7134325629,3.187902169,0.2387830373
lp_s1,145,0,200,8,200,14,3889.5,410,1.908638293,9.967768154,0.4909678164,0.604539481,0.623231782,2.723937387,0.268532979
lp_s1,146,0,200,8,200,39,3616.3,556,3.640666247,99.40747403,0.5334950048,0.3651500364,0.7325202164,4.984432151,0.1671002319
lp_s1,147,0,200,8,200,22,3775.1,437,1.400666198,12.74061993,0.3963683329,0.392409369,0.7181795974,2.224770273,0.3100996087
lp_s1,148,0,200,8,200,33,3718.3,410,1.502194176,5.012636337,0.4910602791,0.6709543531,0.5984603937,2.143673655,0.3180991762
lp_s1,149,0,200,8,200,22,3807.9,348,2.723133952,40.50657056,0.6565891838,0.4278645124,0.7003465604,3.360641165,0.2293240746
lp_s1,150,0,200,8,200,13,3880.3,191,1.834810956,21.02423631,1.581772858,0.4001577294,0.7142052492,1.458878974,0.406689394
lp_s1,151,0,200,8,200,21,3680.0,692,3.389509554,42.94152299,0.8666734697,0.5172471909,0.6590883846,3.640903021,0.2154753063
lp_s1,152,0,200,8,200,7,3953.9,437,1.86275587,16.21730391,0.5671149519,0.4625584435,0.6837333608,2.473548282,0.2878900533
lp_s1,153,0,200,8,200,17,3764.5,139,4.388433442,245.9115083,1.311083585,0.279846635,0.7813436178,3.832607331,0.2069276338
lp_s1,154,0,200,8,200,34,3622.2,907,15.75785159,2854.357915,3.04311924,0.2949461905,0.7722328598,9.03311462,0.09966994676
lp_s1,155,0,200,8,200,42,3531.8,576,4.659189779,50.04806178,0.5696192627,0.6585924823,0.6029208565,6.173309727,0.1394056632
lp_s1,156,0,200,8,200,12,3883.2,717,1.383601515,12.51376845,0.6780892785,0.3911262567,0.7188420139,1.680225572,0.3731029248
lp_s1,157,0,200,8,200,28,3779.6,410,1.551638547,8.746407259,0.3429403656,0.5246572908,0.6558851002,2.649605746,0.274002199
lp_s1,158,0,200,8,200,44,3604.9,192,12.43417175,1156.654015,1.874308882,0.365607526,0.7322748161,9.082309142,0.09918362807
lp_s1,159,0,200,8,200,8,3927.9,615,4.668033107,301.3841595,2.008038084,0.2688894212,0.7880907377,3.294184769,0.2328730722
lp_s1,160,0,200,8,200,6,3951.4,28,6.845040361,486.0627026,3.679283411,0.3104773083,0.7630807445,3.568571413,0.218886805
lp_s1,161,0,200,8,200,36,3630.2,692,2.019965373,16.49737136,0.363214457,0.497320715,0.6678595908,3.351678561,0.2297963845
lp_s1,162,0,200,8,200,28,3728.9,410,2.367083426,24.66578486,0.7468949754,0.4766132316,0.6772254092,2.738948054,0.2674549059
lp_s1,163,0,200,8,200,36,3664.7,32,3.90368265,170.0371711,0.53665098,0.2993660651,0.7696060617,5.328789207,0.1580081066
lp_s1,164,0,200,8,200,26,3748.2,382,7.927323763,395.4135757,3.889504237,0.3986582976,0.714970913,4.019568844,0.1992202978
lp_s1,165,0,200,8,200,22,3746.3,191,1.914668816,13.43819814,0.3676774632,0.5223037499,0.6568991241,3.157622142,0.2405220979
lp_s1,166,0,200,8,200,40,3607.7,437,1.40234956,6.672106926,0.4140960916,0.542906178,0.6481275493,2.179243287,0.3145402568
lp_s1,167,0,200,8,200,43,3539.8,244,10.76671018,701.9661353,0.8791056658,0.4063730909,0.7110488721,11.48318822,0.08010774031
lp_s1,168,0,200,8,200,24,3772.2,554,6.975751005,814.5445352,4.921550394,0.2444182066,0.8035883714,3.144416034,0.2412885173
lp_s1,169,0,200,8,200,13,3855.3,410,1.929150822,15.2226937,0.9778674753,0.4944477761,0.6691434897,1.950860348,0.3388842175
lp_s1,170,0,200,8,200,45,3581.9,31,2.959949786,32.9820751,0.2592942562,0.515401117,0.6598912914,5.812833659,0.1467818018
lp_s1,171,0,200,8,200,6,3964.2,717,1.780424142,18.7609202,0.9322149552,0.4110516601,0.708691275,1.844019213,0.3516150649
lp_s1,172,0,200,8,200,48,3486.7,191,1.56333519,8.050715713,0.3444723137,0.5509787612,0.6447541546,2.66363641,0.2729528501
lp_s1,173,0,200,8,200,60,3385.9,832,1.992671763,12.78183013,0.4172066172,0.5573644256,0.6421104679,3.085035548,0.2447959114
lp_s1,174,0,200,8,200,26,3715.9,692,2.922309899,55.32752113,0.8240374349,0.3928761478,0.717938922,3.219235872,0.2370097407
lp_s1,175,0,200,8,200,29,3725.5,822,3.803619647,136.0423686,0.8629920966,0.3261069012,0.754087019,4.094432095,0.1962927332
lp_s1,176,0,200,8,200,43,3489.1,429,2.815645931,24.02274585,0.9532466378,0.5744691586,0.6351347021,2.883868146,0.2574752701
lp_s1,177,0,200,8,200,21,3810.1,226,2.869572238,69.30188293,2.440816667,0.3447026679,0.7436588205,1.836748027,0.3525163288
lp_s1,178,0,200,8,200,12,3891.4,443,4.878255087,196.9820222,1.498763254,0.347577144,0.7420725444,3.984721634,0.2006130078
lp_s1,179,0,200,8,200,32,3664.2,410,2.149503457,25.74717433,0.2871663057,0.4236169813,0.7024361279,4.01117313,0.1995540713
lp_s1,180,0,200,8,200,40,3548.5,717,1.691367806,34.09095924,0.4254310271,0.2896799582,0.7753861674,2.593125164,0.2783092584
lp_s1,181,0,200,8,200,27,3711.1,139,3.319077277,60.13094119,0.6352758262,0.4280242385,0.7002682259,4.164244293,0.1936391741
lp_s1,182,0,200,8,200,67,3170.9,538,2.906223266,20.58373556,0.6343860263,0.6405704173,0.6095440887,3.648817744,0.2151084545
lp_s1,183,0,200,8,200,36,3597.3,437,1.428368394,8.451508722,0.4296028543,0.4913298048,0.6705424895,2.179247983,0.3145397922
lp_s1,184,0,200,8,200,7,3914.9,603,9.738992556,1826.307019,8.587279644,0.227890982,0.8144045479,3.323427667,0.2312979601
lp_s1,185,0,200,8,200,3,3942.4,191,1.97732916,21.89411852,0.6518557067,0.42258613,0.7029451356,2.449081485,0.2899322629
lp_s1,186,0,200,8,200,21,3819.2,142,1.845733447,14.07942083,1.26250255,0.4918997334,0.670286332,1.642679549,0.3784038063
lp_s1,187,0,200,8,200,29,3722.3,191,1.739797682,22.21778443,0.9885737163,0.3691036786,0.7304048741,1.749823393,0.3636597182
lp_s1,188,0,200,8,200,46,3582.8,505,5.535087272,170.8739852,1.008133139,0.4234347522,0.7025260543,5.512714831,0.1535457986
lp_s1,189,0,200,8,200,24,3735.0,510,2.564208028,49.78571982,1.237803125,0.3634133359,0.7334532923,2.304769341,0.3025929791
lp_s1,190,0,200,8,200,10,3915.7,935,4.803082341,144.3674127,1.4910111,0.3997472137,0.7144147102,3.933503978,0.2026956914
lp_s1,191,0,200,8,200,11,3896.5,191,1.340914712,4.15215244,0.2954745361,0.6580585117,0.6031150246,2.466840818,0.288447048
lp_s1,192,0,200,8,200,44,3484.0,745,4.785795004,49.29829983,0.6179144252,0.6816134021,0.5946670018,6.088214219,0.1410792576
lp_s1,193,0,200,8,200,40,3551.9,556,3.562300396,29.01697234,0.6597819571,0.6613090884,0.6019349481,4.385613164,0.1856798789
lp_s1,194,0,200,8,200,17,3837.6,191,1.803422569,22.95505109,0.9890819244,0.3764075869,0.7265289799,1.813348877,0.3554482731
lp_s1,195,0,200,8,200,17,3834.2,717,2.497527162,66.77617598,1.561141615,0.3056324393,0.7659123425,1.998890803,0.3334566231
lp_s1,196,0,200,8,200,41,3510.7,191,2.226886231,38.87728038,0.442797637,0.3571495372,0.7368384785,3.346535087,0.2300683142
lp_s1,197,0,200,8,200,53,3496.6,556,3.670276941,77.70276822,0.4249000943,0.4163711113,0.70602965,5.630609665,0.1508156943
lp_s1,198,0,200,8,200,6,3954.0,437,3.769376225,104.595536,1.319192403,0.3685639995,0.7306929017,3.281824978,0.2335452769
lp_s1,199,0,200,8,200,3,3974.8,191,2.51005144,34.75313756,1.119008292,0.4257803476,0.7013703069,2.372826421,0.296487241
lp_s1,200,0,200,8,200,17,3824.7,36,2.249409436,22.09351218,0.4059174655,0.4785597098,0.6763338629,3.530609159,0.2207208711
lp_s1,201,0,200,8,200,9,3922.4,191,2.289376296,18.64176415,0.5893744012,0.5302414536,0.6534916419,2.9820955,0.2511240627
lp_s1,202,0,200,8,200,87,2756.9,430,6.540828469,1693.119596,1.792347521,0.1589603982,0.8628422521,4.885642111,0.1699049961
lp_s1,203,0,200,8,200,5,3922.3,191,2.148773858,63.81610082,1.745774244,0.2689834621,0.7880323344,1.626285054,0.3807659791
lp_s1,204,0,200,8,200,23,3623.8,102,2.36833752,40.95895583,0.9047122822,0.3700574544,0.7298963973,2.489936962,0.2865381269
lp_s1,205,0,200,8,200,17,3868.2,437,1.38343089,7.096912817,0.3941410801,0.5193052744,0.6581955693,2.203594184,0.3121493993
lp_s1,206,0,200,8,200,16,3890.1,935,9.91742806,1077.407197,14.60625217,0.3021406246,0.7679662097,2.594953988,0.278167677
lp_s1,207,0,200,8,200,31,3665.3,410,1.952805183,14.497042,0.679981963,0.5128840821,0.6609891741,2.368155536,0.2968984031
lp_s1,208,0,200,8,200,14,3846.1,717,2.204391481,103.1186364,0.7663507442,0.2170801651,0.8216385647,2.51811136,0.2842434186
lp_s1,209,0,200,8,200,13,3871.6,239,4.528761023,163.7006352,2.025044781,0.3539600288,0.7385742405,3.182453659,0.2390941016
lp_s1,210,0,200,8,200,63,3343.2,642,3.162016827,54.32458043,0.5727377261,0.4290085883,0.6997858573,4.178171682,0.1931183555
lp_s1,211,0,200,8,200,14,3927.5,191,1.605979312,8.621110358,0.7002883771,0.5469634978,0.6464276639,1.919117154,0.3425693274
lp_s1,212,0,200,8,200,12,3892.8,454,10.79357402,1371.186121,1.711439829,0.2914855767,0.7743021045,8.250579565,0.1081013349
lp_s1,213,0,200,8,200,45,3540.5,717,1.454601988,8.11786797,0.3917232056,0.5105322542,0.6620183033,2.324098481,0.3008334457
lp_s1,214,0,200,8,200,22,3777.2,389,56.49696869,19607.87065,2.116685588,0.4034687753,0.7125203051,38.83264479,0.02510503646
lp_s1,215,0,200,8,200,7,3913.3,239,3.839283777,126.6754467,1.184148144,0.3411174933,0.7456468244,3.528151247,0.2208406799
lp_s1,216,0,200,8,200,31,3773.5,633,3.792524344,66.44839343,0.831329018,0.4652497352,0.6824775163,4.159507456,0.1938169503
lp_s1,217,0,200,8,200,54,3358.5,519,4.757570355,249.0590222,3.11202564,0.3014630439,0.7683660359,2.696892504,0.2704974513
lp_s1,218,0,200,8,200,35,3671.3,712,2.865660447,50.20724998,0.3953807001,0.4044282762,0.7120335135,4.557398409,0.1799403113
lp_s1,219,0,200,8,200,37,3606.6,924,183.9065321,238810.9138,1.382493194,0.3763310653,0.7265693736,156.4104099,0.00635282
lp_s1,220,0,200,8,200,45,3495.6,191,1.541199756,12.79320565,0.3890045006,0.4308928036,0.6988643716,2.471050486,0.2880972213
lp_s1,221,0,200,8,200,16,3825.5,692,3.719827848,44.86216467,0.4549004068,0.5553703996,0.6429336705,5.515243339,0.1534862089
lp_s1,222,0,200,8,200,33,3720.1,66,4.555099661,90.26195662,2.208299751,0.4794524162,0.6759257608,3.065270966,0.245986063
lp_s1,223,0,200,8,200,6,3936.6,554,4.406704998,234.6738786,1.634140698,0.2876614084,0.7766016699,3.447222018,0.2248594731
lp_s1,224,0,200,8,200,50,3490.7,191,4.29504173,75.97660261,0.9850108717,0.4927509303,0.6699041211,4.327597645,0.1877018624
lp_s1,225,0,200,8,200,19,3827.8,139,2.955851529,46.29966146,0.9299909998,0.4344038925,0.6971537133,3.065090084,0.2459970085
lp_s1,226,0,200,8,200,23,3839.6,717,1.831189359,11.98781499,0.7554373197,0.5288874237,0.6540703943,2.106852045,0.3218692057
lp_s1,227,0,200,8,200,79,3212.2,615,2.714447341,21.80114981,0.5383059404,0.5813554141,0.6323689103,3.69970277,0.2127794137
lp_s1,228,0,200,8,200,0,4000.0,191,1.596908075,17.32322528,0.8557869077,0.383676801,0.7227121242,1.726223791,0.3668077445
lp_s1,229,0,200,8,200,10,3936.8,718,10.09094808,1010.922639,5.229740408,0.3173752167,0.7590851773,4.412573024,0.1847550131
lp_s1,230,0,200,8,200,36,1794.7,549,176.3842524,168276.5506,1.408581961,0.4299797552,0.6993105996,148.617088,0.006683728532
lp_s1,231,0,200,8,200,32,3695.5,437,1.628835201,7.694532309,0.5798249639,0.5871999806,0.6300403303,2.139088198,0.3185638431
lp_s1,232,0,200,8,200,21,3812.1,717,1.781854751,28.39163121,1.305794663,0.3344083606,0.7493957843,1.559318584,0.3907290036
lp_s1,233,0,200,8,200,44,3506.1,642,2.720827473,65.89564659,1.311974032,0.3351757904,0.748965048,2.375408929,0.2962604002
lp_s1,234,0,200,8,200,23,3729.7,410,2.787334259,55.13917332,1.171705308,0.3753694529,0.7270773666,2.575015538,0.2797190639
lp_s1,235,0,200,8,200,28,3656.2,450,4.213152332,124.6800473,1.508797707,0.3773190069,0.7260482103,3.429980525,0.2257346267
lp_s1,236,0,200,8,200,4,3947.3,191,2.358007829,19.61194546,1.584149994,0.5324574455,0.6525466681,1.873471508,0.3480111068
lp_s1,237,0,200,8,200,5,3965.8,717,3.136455148,43.53717079,0.9245235784,0.4753450543,0.6778075387,3.261970924,0.234633229
lp_s1,238,0,200,8,200,13,3831.5,133,4.729344277,127.7050911,1.46479865,0.4185013126,0.7049693865,3.907616768,0.2037648919
lp_s1,239,0,200,8,200,41,3625.8,139,3.015335583,26.36387255,0.9408591167,0.5872608522,0.6300161682,3.108660923,0.2433883007
lp_s1,240,0,200,8,200,24,3758.4,437,1.552258433,8.719341308,0.4190236596,0.5256808894,0.6554450586,2.397975575,0.2942928747
lp_s1,241,0,200,8,200,20,3833.4,437,1.502567041,5.268204354,0.3397855148,0.6546400206,0.604361062,2.577694399,0.2795096194
lp_s1,242,0,200,8,200,78,3142.7,191,4.18582057,122.1111325,1.667431998,0.3787939015,0.7252715572,3.241578493,0.235761286
lp_s1,243,0,200,8,200,2,3903.3,410,2.770311074,26.38237043,1.499911331,0.5393511774,0.6496243448,2.262016378,0.3065588532
lp_s1,244,0,200,8,200,27,3740.1,813,7.030421752,239.9908668,0.6246866241,0.4538204079,0.6878428688,8.895088544,0.1010602377
lp_s1,245,0,200,8,200,40,3573.0,235,8.64465866,576.0869948,10.25844417,0.3601669134,0.7352038858,2.699026197,0.2703414214
lp_s1,246,0,200,8,200,32,3653.8,191,2.432839861,58.12904767,0.4907625373,0.3190927368,0.7580968131,3.472784395,0.2235743804
lp_s1,247,0,200,8,200,22,3781.3,832,2.126009503,59.91270334,0.5872735464,0.2746665316,0.7845189116,2.774246087,0.2649535767
lp_s1,248,0,200,8,200,11,3856.8,652,3.150468372,58.6899186,1.358352397,0.4112381251,0.7085976365,2.70314223,0.2700409377
lp_s1,249,0,200,8,200,19,3788.9,320,1.957978787,14.91798894,0.4686209259,0.5069356594,0.6635983386,2.860204881,0.2590536075
lp_s1,250,0,200,8,200,47,3481.6,615,2.662637079,31.23121943,0.4741351941,0.4764501903,0.6773001938,3.866881638,0.205470376
lp_s1,251,0,200,8,200,2,3982.6,795,6.623167862,239.7847208,3.65711866,0.4277155199,0.7004196467,3.463348832,0.2240470189
lp_s1,252,0,200,8,200,28,3681.1,437,2.220091503,23.60927437,0.4781928397,0.4569088341,0.686384746,3.210475353,0.2375028746
lp_s1,253,0,200,8,200,8,3940.3,393,17.76549074,3704.692416,5.42495532,0.2918778446,0.7740669942,7.627445721,0.1159091616
lp_s1,254,0,200,8,200,0,3993.7,191,1.570500783,15.21847793,0.9000614012,0.4025803266,0.7129716431,1.655396713,0.3765915636
lp_s1,255,0,200,8,200,26,3740.3,832,1.679848614,8.849438712,0.7135962458,0.5646928417,0.6391030708,1.988583663,0.3346066609
lp_s1,256,0,200,8,200,12,3942.7,410,1.763274277,14.03774531,0.6034612695,0.4706208812,0.6799849049,2.269839613,0.3058253977
lp_s1,257,0,200,8,200,26,3728.5,388,29.82564597,9173.469206,2.571399742,0.3114031883,0.7625419924,18.59966236,0.05102128709
lp_s1,258,0,200,8,200,49,3491.5,142,2.600197766,47.50531371,0.6514339688,0.3772552442,0.7260818241,3.221596764,0.236877195
lp_s1,259,0,200,8,200,1,3993.8,31,3.45027023,108.5153882,2.99784041,0.3312130552,0.751194556,1.992731822,0.3341428699
lp_s1,260,0,200,8,200,41,3549.1,133,3.213013433,56.54832842,0.7205481287,0.4272702507,0.7006381584,3.785132127,0.2089806454
lp_s1,261,0,200,8,200,20,3787.6,239,3.847263843,100.5393939,1.288897749,0.3836929677,0.7227036802,3.38877503,0.2278540124
lp_s1,262,0,200,8,200,18,3828.9,810,16.27982311,2096.06377,2.321461246,0.355588278,0.7376871106,10.68486311,0.08558080572
lp_s1,263,0,200,8,200,21,3828.5,379,7.625343546,573.2038174,0.8031713475,0.3184966567,0.7584395417,8.50854522,0.1051685591
lp_s1,264,0,200,8,200,33,3628.5,139,3.32294577,59.57730617,0.965732256,0.4305095824,0.6990515913,3.38138705,0.2282382242
lp_s1,265,0,200,8,200,23,3747.8,191,2.091901271,24.94054432,0.8251129601,0.418878645,0.704781909,2.302949844,0.3027596686
lp_s1,266,0,200,8,200,14,3868.9,454,9.107355947,515.3117678,2.146911332,0.4011966339,0.7136757082,6.215631464,0.1385880092
lp_s1,267,0,200,8,200,15,3876.4,717,2.215018351,20.68090481,0.4271744249,0.4870713232,0.672462702,3.389024488,0.2278410619
lp_s1,268,0,200,8,200,54,3388.5,692,2.363578383,35.39290805,0.7816624468,0.3972938894,0.7156690569,2.673378096,0.2722289875
lp_s1,269,0,200,8,200,23,3791.4,437,1.701200965,7.022446552,0.6360752064,0.6419650713,0.6090263535,2.133051724,0.3191776224
lp_s1,270,0,200,8,200,19,3766.2,920,3.513693135,146.9908533,0.7272815653,0.2898135419,0.775305862,4.120145379,0.1953069544
lp_s1,271,0,200,8,200,27,3789.2,908,3.679247967,106.9521844,0.4404132558,0.3557658265,0.7375905046,5.544072073,0.1528100529
lp_s1,272,0,200,8,200,1,3962.4,510,3.217568335,71.60489904,1.903119836,0.3802387827,0.7245123181,2.33235531,0.300088048
lp_s1,273,0,200,8,200,3,3943.9,443,3.322606373,103.6573724,1.442566959,0.3263463772,0.7539508662,2.766374058,0.2655073512
lp_s1,274,0,200,8,200,29,3728.0,437,2.301029416,15.73681422,0.4170149543,0.5800477704,0.6328922573,3.563250511,0.2191420343
lp_s1,275,0,200,8,200,37,3625.7,134,4.832489919,257.931734,1.873509446,0.300897492,0.7687000753,3.530555258,0.220723497
lp_s1,276,0,200,8,200,10,3902.7,165,5.600087743,383.8663795,4.697706276,0.2858280151,0.7777089846,2.583758403,0.2790366669
lp_s1,277,0,200,8,200,40,3590.0,692,1.843266866,21.61226274,0.5624754909,0.3964953488,0.716078289,2.457742699,0.2892060188
lp_s1,278,0,200,8,200,35,3576.2,293,4.198199259,263.7698804,2.452829505,0.2584939878,0.7946005382,2.680583665,0.2716960382
lp_s1,279,0,200,8,200,21,3815.8,554,4.324413918,232.6674114,2.982687037,0.2835041871,0.7791170532,2.503937089,0.2853932518
lp_s1,280,0,200,8,200,55,3371.1,717,3.10933041,50.89736304,0.8713919799,0.4358321194,0.6964602522,3.3308885,0.2308995025
lp_s1,281,0,200,8,200,22,3814.9,437,1.386890975,8.395233293,0.4286384887,0.4786586785,0.6762885949,2.118345232,0.3206829025
lp_s1,282,0,200,8,200,12,3856.3,832,2.095065316,34.79817148,0.8831517462,0.3551561628,0.737922335,2.229358442,0.3096590291
lp_s1,283,0,200,8,200,18,3839.3,814,4.629147526,141.8167792,1.574711974,0.3887202922,0.7200874111,3.688930359,0.2132682559
lp_s1,284,0,200,8,200,19,3773.1,931,2.739808538,45.43165891,0.6653740124,0.4064816241,0.7109940029,3.358824385,0.2294196581
lp_s1,285,0,200,8,200,45,3499.2,437,1.438656079,6.582512535,0.353286741,0.5607394841,0.6407219207,2.420434396,0.2923605263
lp_s1,286,0,200,8,200,15,3808.8,172,4.547283178,190.1650774,0.8803583237,0.3297513772,0.7520202777,4.846433556,0.171044448
lp_s1,287,0,200,8,200,18,3835.7,633,7.049209456,475.617473,1.200041724,0.3232298901,0.7557265805,6.434906516,0.1345006824
lp_s1,288,0,200,8,200,47,3498.8,410,2.297628151,26.08805607,0.4897496172,0.4498408427,0.6897308798,3.283164862,0.2334722179
lp_s1,289,0,200,8,200,44,3469.0,148,2.821121942,29.54408391,0.5502197035,0.5190229894,0.6583178839,3.803240503,0.2081927814
lp_s1,290,0,200,8,200,20,3797.2,531,7.210418784,275.9624118,1.634889155,0.4340457654,0.6973278149,5.639184878,0.1506208998
lp_s1,291,0,200,8,200,35,3533.9,1,6.017483024,234.79492,0.6259247428,0.3927087027,0.7180252397,7.605956092,0.1161985942
lp_s1,292,0,200,8,200,31,3708.8,36,2.645231768,35.94971901,0.5293393827,0.4411801659,0.6938757719,3.635771881,0.2157138068
lp_s1,293,0,200,8,200,16,3886.1,139,3.679832412,40.34160804,1.676706753,0.5793639089,0.6331662984,2.841839089,0.2602920052
lp_s1,294,0,200,8,200,25,3809.1,239,3.12201599,50.1703605,1.013124456,0.4407694769,0.69407356,3.101728093,0.2437996809
lp_s1,295,0,200,8,200,68,3166.3,191,3.080552215,160.5801281,1.241234435,0.2430987213,0.8044413391,2.765041581,0.2656013163
lp_s1,296,0,200,8,200,30,3762.2,931,2.960406038,80.4885203,0.8745457607,0.3299774861,0.7518924271,3.165628971,0.2400597861
lp_s1,297,0,200,8,200,19,3772.6,9,19.80802814,4886.264301,0.9164572007,0.2833692802,0.7791989534,20.69117483,0.04610169839
lp_s1,298,0,200,8,200,18,3895.4,437,1.454137201,8.265438686,0.6303034087,0.505792553,0.6641021022,1.831599672,0.3531572665
lp_s1,299,0,200,8,200,38,3529.3,191,1.495980724,11.62831619,0.4070317854,0.4386999465,0.6950719658,2.344832555,0.298968628
lp_s1,300,0,200,8,200,2,3990.3,908,13.28702571,1018.645472,1.538399522,0.4163094276,0.7060603993,10.71255852,0.08537844218
lp_s1,301,0,200,8,200,15,3829.1,643,4.534731323,102.8538616,1.087416761,0.4471376705,0.6910192585,4.348640932,0.1869633824
lp_s1,302,0,200,8,200,29,3695.8,437,1.982138186,14.05403573,0.7200576821,0.5287293289,0.6541380355,2.335878688,0.2997710929
lp_s1,303,0,200,8,200,6,3864.0,554,4.320328108,128.4071392,1.406241936,0.3812607918,0.723976244,3.643230995,0.2153672736
lp_s1,304,0,200,8,200,32,3702.2,191,3.906837495,277.4084567,2.432859314,0.234566236,0.8100010925,2.504764211,0.2853258992
lp_s1,305,0,200,8,200,12,3877.5,191,2.968417134,148.6687917,1.676953359,0.2434529402,0.8042121802,2.292262965,0.3037424442
lp_s1,306,0,200,8,200,15,3876.7,191,1.719532174,20.67704002,0.7440735657,0.3781517566,0.7256094949,1.993436327,0.3340642294
lp_s1,307,0,200,8,200,37,3647.1,134,4.112496638,93.87019694,0.8210609125,0.4244648103,0.7020180441,4.538557763,0.1805524187
lp_s1,308,0,200,8,200,18,3807.2,961,18.25427292,6882.486254,2.916198074,0.2200350483,0.8196485842,10.68946649,0.08554710356
lp_s1,309,0,200,8,200,8,3933.8,285,2.504523806,74.12574499,0.9149154341,0.2908979284,0.7746545858,2.618392131,0.2763658453
lp_s1,310,0,200,8,200,11,3905.6,32,2.494040421,45.87127975,1.040189549,0.3682417786,0.7308649799,2.445385005,0.2902433251
lp_s1,311,0,200,8,200,18,3791.0,961,7.848431478,150.6280327,1.232454098,0.6394844213,0.6099478513,7.069643176,0.1239212166
lp_s1,312,0,200,8,200,66,3287.6,191,1.718657505,17.51231294,0.642094944,0.4106932681,0.7088713206,2.144814385,0.3179837909
lp_s1,313,0,200,8,200,82,2824.8,717,2.363973893,45.4069293,0.5133198628,0.3508177909,0.7402922931,3.299503864,0.2325849753
lp_s1,314,0,200,8,200,18,3846.2,510,3.258442157,46.42438975,0.8498895187,0.4782301075,0.6764846656,3.534506456,0.2205311669
lp_s1,315,0,200,8,200,32,3719.9,554,3.701181119,158.7975937,1.815539405,0.2937097607,0.7729709015,2.746866155,0.2668897043
lp_s1,316,0,200,8,200,61,3414.7,106,3.16225376,27.08751483,0.5070366389,0.6075921253,0.6220483319,4.440961889,0.1837910319
lp_s1,317,0,200,8,200,40,3483.5,437,1.544633576,8.614289673,0.361679898,0.5262786295,0.6551883651,2.56840369,0.2802373517
lp_s1,318,0,200,8,200,23,3803.5,422,4.379634951,46.3292503,0.3973479048,0.6434432906,0.6084785558,6.947882245,0.1258196799
lp_s1,319,0,200,8,200,43,3613.4,692,2.779621429,40.02690959,0.5045413925,0.4393489785,0.6947585436,3.913246905,0.2035313957
lp_s1,320,0,200,8,200,63,3259.1,437,1.417844229,8.916189404,0.2726847414,0.4748307949,0.6780438837,2.715176721,0.2691661999
lp_s1,321,0,200,8,200,18,3848.9,191,1.741994224,15.5091486,0.6632786624,0.442336454,0.6933195075,2.138940469,0.3185788357
lp_s1,322,0,200,8,200,24,3751.7,249,4.576435447,149.1158706,0.7397008268,0.3747705073,0.7273941321,5.321073878,0.158200967
lp_s1,323,0,200,8,200,7,3925.0,562,54.58400561,58712.35482,5.363178144,0.2252685965,0.8161475801,23.56971285,0.04070051637
lp_s1,324,0,200,8,200,39,3560.5,554,3.131328178,116.3988155,1.118006354,0.290238022,0.7750507913,2.961463949,0.2524319324
lp_s1,325,0,200,8,200,31,3690.3,307,10.79585758,1116.485974,3.381517765,0.3230952036,0.7558035108,5.870854403,0.1455423069
lp_s1,326,0,200,8,200,7,3949.1,382,4.60421391,427.9961098,3.588042283,0.2225540909,0.8179597184,2.430674005,0.2914879113
lp_s1,327,0,200,8,200,133,2250.8,754,7.872602807,1074.250851,1.042277417,0.2401958433,0.8063242635,7.71128362,0.1147936451
lp_s1,328,0,200,8,200,6,3942.0,935,6.797660808,131.4609063,1.192105532,0.5928723264,0.6277967062,6.225899968,0.1383910661
lp_s1,329,0,200,8,200,23,3791.3,942,36.74654149,7265.345184,0.6355885548,0.4311102453,0.6987581867,46.09230599,0.02123489133
lp_s1,330,0,200,8,200,21,3816.8,935,4.816490808,103.5517867,0.8032169201,0.4733168194,0.6787406394,5.374206026,0.156882284
lp_s1,331,0,200,8,200,55,3372.8,117,3.224044345,76.90981172,0.7178899598,0.3676293129,0.7311922833,3.805152501,0.2081099403
lp_s1,332,0,200,8,200,20,3774.6,799,8.823505167,615.473072,4.408852016,0.3556613037,0.7376473735,4.20221611,0.1922257705
lp_s1,333,0,200,8,200,10,3884.1,761,6.130562396,982.9666259,6.397357932,0.1955378927,0.8364435842,2.423817919,0.2920716065
lp_s1,334,0,200,8,200,45,3661.2,654,2.231050971,19.88360264,0.561893157,0.5003362332,0.6665172632,2.976340547,0.2514875143
lp_s1,335,0,200,8,200,19,3536.6,191,1.502485487,11.10338559,0.5518577532,0.4509024289,0.6892262223,2.0225381,0.3308477733
lp_s1,336,0,200,8,200,23,3738.0,712,2.571429308,64.98600101,1.239034009,0.3189809029,0.7581610907,2.31011168,0.3021046105
lp_s1,337,0,200,8,200,12,3853.6,437,2.041926733,14.64932615,0.7652272209,0.5334962006,0.6521046479,2.334237005,0.2999186916
lp_s1,338,0,200,8,200,102,2949.0,437,1.767162685,9.393943157,0.4003971321,0.5765706997,0.6342880787,2.792743524,0.2636613822
lp_s1,339,0,200,8,200,37,3703.7,692,2.754596283,45.3936991,1.247745043,0.4088463923,0.7098005897,2.466011119,0.2885160969
lp_s1,340,0,200,8,200,43,3613.6,556,4.075241316,105.6234706,0.4555978774,0.3965273192,0.716061896,6.037574248,0.1420944156
lp_s1,341,0,200,8,200,21,3822.5,165,4.629373884,110.282293,0.7372788975,0.4408281947,0.6940452745,5.391459603,0.1564587844
lp_s1,342,0,200,8,200,5,3945.1,416,6.954139159,189.0428449,1.331494419,0.5057818666,0.6641068153,6.02661852,0.1423159657
lp_s1,343,0,200,8,200,14,3851.2,191,1.470865349,11.2734146,0.6940237221,0.438071679,0.6953756302,1.765573327,0.3615886768
lp_s1,344,0,200,8,200,30,3621.4,935,3.87458756,138.2315207,0.9700742921,0.3295504711,0.7521339142,3.933896975,0.2026795462
lp_s1,345,0,200,8,200,20,3773.5,505,4.229582751,70.16201597,1.092134131,0.5049478143,0.6644748678,4.047245384,0.1981278745
lp_s1,346,0,200,8,200,13,3890.8,510,3.512919153,18.11317687,1.100109242,0.8254121189,0.5478214972,3.349270686,0.2299236061
lp_s1,347,0,200,8,200,44,3524.7,717,1.249211168,5.066981151,0.3070531143,0.5549594024,0.6431036067,2.254390288,0.3072772198
lp_s1,348,0,200,8,200,9,3861.7,410,1.684386977,10.73142758,0.9580794133,0.5141775676,0.6604245245,1.72084249,0.3675332195
lp_s1,349,0,200,8,200,35,3512.8,191,1.728589623,11.5601191,0.7725791931,0.5084060937,0.6629514454,1.966619756,0.3370839818
lp_s1,350,0,200,8,200,72,3342.5,410,2.08305592,17.46333857,1.02071822,0.4984680098,0.6673482473,2.061806931,0.3266045255
lp_s1,351,0,200,8,200,52,3542.8,437,2.014184368,8.989576836,0.6066076859,0.6717839084,0.5981634319,2.586099717,0.2788544879
lp_s1,352,0,200,8,200,24,3700.7,437,2.634408134,52.87457031,0.4025442529,0.3622927415,0.7340566161,4.15218068,0.1940925721
lp_s1,353,0,200,8,200,32,3673.3,437,1.732955781,10.84639572,0.3408342745,0.5261926271,0.6552252856,2.968355078,0.2519935793
lp_s1,354,0,200,8,200,6,3943.0,28,7.091793458,454.1949468,2.92122442,0.3327629223,0.7503209935,4.149288357,0.1942015926
lp_s1,355,0,200,8,200,12,3881.3,772,2.702204347,31.90692336,0.7914448187,0.4783829843,0.6764147116,3.037441121,0.2476816305
lp_s1,356,0,200,8,200,41,3537.1,191,1.331117768,4.305471853,0.3833422129,0.6415139479,0.6091937271,2.149924247,0.3174679521
lp_s1,357,0,200,8,200,21,3765.6,443,2.680410391,55.9068205,0.6638521266,0.3584832728,0.736115063,3.289770618,0.2331126974
lp_s1,358,0,200,8,200,24,3762.9,556,3.64331107,77.28320188,0.7673248409,0.4144323991,0.7069973797,4.159169545,0.1938296447
lp_s1,359,0,200,8,200,48,3473.5,216,7.670969181,242.2411697,0.702444595,0.4928630502,0.6698538087,9.152594051,0.09849699446
lp_s1,360,0,200,8,200,15,3882.7,556,3.662870968,145.3440083,1.074871463,0.3038246831,0.7669742819,3.532997691,0.2206045686
lp_s1,361,0,200,8,200,22,3830.7,191,1.52824459,12.39211658,0.5821437464,0.4341303235,0.6972866996,2.002985239,0.3330019698
lp_s1,362,0,200,8,200,87,2981.5,138,30.06722378,4787.625266,21.04989218,0.4345434968,0.697085869,6.553425884,0.1323902578
lp_s1,363,0,200,8,200,20,3707.8,443,3.169278452,50.80749958,2.149257786,0.4446276706,0.692219885,2.161803141,0.3162752251
lp_s1,364,0,200,8,200,51,3443.6,832,1.901351512,15.49063065,0.5067799867,0.4830897967,0.674268006,2.67086961,0.2724150151
lp_s1,365,0,200,8,200,11,3933.0,614,8.946392974,479.9788957,1.588039833,0.4083540806,0.7100487113,7.099328543,0.123467025
lp_s1,366,0,200,8,200,28,3748.6,745,7.704540846,1237.960612,5.336674468,0.2189744017,0.8203617718,3.335119548,0.2306741461
lp_s1,367,0,200,8,200,39,3589.5,437,1.635594625,9.472690542,0.6071106482,0.5314213518,0.652988153,2.099141669,0.3226699864
lp_s1,368,0,200,8,200,38,3593.8,191,1.74422,12.1081193,0.2684829891,0.501259846,0.666107205,3.366222936,0.2290309072
lp_s1,369,0,200,8,200,4,3971.8,832,1.761256253,10.5217903,0.5094956969,0.5429723657,0.6480997471,2.46747231,0.2883945164
lp_s1,370,0,200,8,200,54,3358.1,155,3.841182316,119.3311802,0.8778437552,0.3516316454,0.7398465428,4.099739939,0.1960884304
lp_s1,371,0,200,8,200,29,3732.1,931,3.911416889,57.18862144,1.049374963,0.5172247433,0.6590981359,3.818288659,0.2075425676
lp_s1,372,0,200,8,200,10,3900.1,191,2.744395858,106.5272885,1.387565773,0.2658987641,0.7899525842,2.329807108,0.3003176964
lp_s1,373,0,200,8,200,15,3787.4,692,3.957874301,38.5850337,0.4119035647,0.6371659443,0.6108116306,6.166861886,0.1395310829
lp_s1,374,0,200,8,200,9,3911.3,832,1.663607153,9.181763525,0.4229229948,0.5490194461,0.6455696876,2.558115385,0.2810476592
lp_s1,375,0,200,8,200,37,3642.9,572,29.74905163,4608.401055,3.031744963,0.4382258496,0.6953010894,17.08546461,0.05529302242
lp_s1,376,0,200,8,200,43,3483.6,556,3.846735725,135.1933884,0.8045297253,0.3308374192,0.7514065847,4.288656901,0.1890839241
lp_s1,377,0,200,8,200,15,3872.6,832,1.942134988,16.90081538,0.5490217103,0.4724170718,0.6791553963,2.621106413,0.2761586891
lp_s1,378,0,200,8,200,29,3796.4,931,2.703897447,30.06653079,0.8496392025,0.4931153885,0.6697406026,2.93341119,0.2542322558
lp_s1,379,0,200,8,200,57,3360.2,822,3.959797871,222.5688502,0.3807082177,0.2654243892,0.790248717,6.417662766,0.1348133545
lp_s1,380,0,200,8,200,25,3722.9,828,4.658498488,356.2366185,2.174622449,0.2468179149,0.8020417321,3.159032001,0.240440564
lp_s1,381,0,200,8,200,12,3885.3,393,15.8335978,1918.690354,2.553168459,0.3614740815,0.7344980074,9.909229196,0.09166550469
lp_s1,382,0,200,8,200,22,3780.1,191,2.581783993,26.32916696,0.5752757993,0.5031544808,0.6652676174,3.403939649,0.227069415
lp_s1,383,0,200,8,200,16,3809.5,935,3.098478765,92.55626772,0.7439215458,0.3220665398,0.7563915808,3.592402215,0.2177509619
lp_s1,384,0,200,8,200,33,3610.1,437,2.603436949,103.2772062,0.8072994351,0.2561797654,0.796064407,2.897542001,0.2565719625
lp_s1,385,0,200,8,200,29,3698.6,134,6.013720231,136.1208752,1.550558862,0.5154432465,0.6598729463,4.82946576,0.1715423061
lp_s1,386,0,200,8,200,30,3681.0,32,2.36394879,34.17368674,0.4104749906,0.4043823085,0.7120568195,3.689731071,0.2132318431
lp_s1,387,0,200,8,200,15,3828.3,810,8.888116352,466.6761124,1.500284527,0.4114356745,0.7084984587,7.256428427,0.1211177459
lp_s1,388,0,200,8,200,21,3801.3,810,23.09292978,1962.092645,1.351285078,0.5213378782,0.6573161783,19.86577647,0.04792536724
lp_s1,389,0,200,8,200,48,3456.7,942,39.40625942,5288.752428,0.4881116012,0.5418618722,0.6485665273,56.40344716,0.0174205566
lp_s1,390,0,200,8,200,16,3871.1,410,1.835649427,11.82849244,0.8249752244,0.5337342158,0.65200345,2.021013851,0.3310147021
lp_s1,391,0,200,8,200,18,3819.6,244,9.065116522,1142.744253,0.4982248751,0.2681630076,0.7885421621,12.84282863,0.0722395709
lp_s1,392,0,200,8,200,54,3400.6,443,3.144570546,39.65428758,0.8325803033,0.4993628918,0.6669499462,3.446261878,0.22490803
lp_s1,393,0,200,8,200,19,3790.3,754,9.98704195,346.5127651,0.6111157867,0.5365093006,0.6508258685,12.77541812,0.07259307787
lp_s1,394,0,200,8,200,8,3904.1,293,7.018561111,224.4989468,1.683514157,0.4684259343,0.6810013203,5.409282951,0.1560236937
lp_s1,395,0,200,8,200,21,3817.3,320,2.232360416,36.18202213,0.4412345642,0.3711230217,0.7293291588,3.360698485,0.2293210602
lp_s1,396,0,200,8,200,82,3153.0,437,1.775461457,8.946811641,0.3879754378,0.5935770508,0.627519077,2.850421813,0.2597118052
lp_s1,397,0,200,8,200,30,3749.5,437,1.661817668,8.065858082,0.4186119299,0.5851377047,0.6308600174,2.56848818,0.2802307166
lp_s1,398,0,200,8,200,59,3371.6,636,6.173554389,103.6054483,0.8681677934,0.6065184012,0.6224640809,6.62572556,0.1311350628
lp_s1,399,0,200,8,200,21,3824.6,410,1.64890843,8.204140496,0.4969244935,0.5756784784,0.6346472416,2.339113721,0.2994806657
lp_s1,400,0,200,8,200,24,3738.1,36,2.423953962,23.38439389,0.60810187,0.5012579899,0.6661080286,3.10839497,0.2434040561
lp_s1,401,0,200,8,200,43,3502.9,692,2.96867243,52.58748382,1.207502482,0.4093747796,0.709534479,2.701582679,0.2701547113
lp_s1,402,0,200,8,200,40,3549.7,822,3.799411394,150.6827907,0.8258557059,0.30951699,0.7636403404,4.180846608,0.1930186465
lp_s1,403,0,200,8,200,14,3872.8,191,2.511981678,36.4513704,1.003799536,0.4160634225,0.7061830594,2.507223051,0.2851258632
lp_s1,404,0,200,8,200,26,3683.8,616,6.151563808,184.0035882,0.9180630392,0.4534948788,0.6879969201,6.420210706,0.1347670625
lp_s1,405,0,200,8,200,74,3117.7,176,6.877475731,311.98221,1.457211662,0.3893714921,0.7197499054,5.697282407,0.1493142948
lp_s1,406,0,200,8,200,19,3755.1,772,4.782953009,122.017133,3.143352635,0.4329978161,0.6978377697,2.69773671,0.2704356958
lp_s1,407,0,200,8,200,15,3876.1,554,2.767101693,62.84514778,0.8215814218,0.3490512874,0.7412616624,3.052810277,0.2467423668
lp_s1,408,0,200,8,200,29,3621.5,437,2.353182552,28.40770195,0.6891066014,0.4415069742,0.6937184612,2.834734664,0.2607742354
lp_s1,409,0,200,8,200,39,3548.5,443,4.185834559,111.4395952,0.6902634747,0.3965174425,0.7160669603,5.038190824,0.1656125202
lp_s1,410,0,200,8,200,42,3685.3,410,1.382410987,4.732785041,0.3795928584,0.6354462001,0.6114539261,2.243769086,0.3082833498
lp_s1,411,0,200,8,200,24,3784.6,323,296.6197451,365135.0095,1.552543227,0.4908777187,0.6707458214,238.0554929,0.004183129146
lp_s1,412,0,200,8,200,8,3934.9,655,7.854007776,494.9170825,0.7040108524,0.3530409677,0.7390759215,9.36055609,0.09651991566
lp_s1,413,0,200,8,200,13,3914.5,36,1.803587094,9.748781213,0.515173415,0.5776462483,0.6338556575,2.512814313,0.2846720353
lp_s1,414,0,200,8,200,35,3615.2,799,6.819161292,463.5555376,3.793423634,0.3167233454,0.7594609782,3.501186861,0.2221636273
lp_s1,415,0,200,8,200,10,3880.4,416,6.002375801,195.3387488,0.799840747,0.4294661923,0.6995618402,6.711528211,0.1296759828
lp_s1,416,0,200,8,200,16,3849.7,554,3.540698986,83.04142934,1.08077063,0.3885452452,0.720178189,3.405824298,0.2269722831
lp_s1,417,0,200,8,200,14,3884.0,293,4.080796218,55.95263631,1.22795416,0.5455500891,0.6470188233,3.68259391,0.2135568489
lp_s1,418,0,200,8,200,24,3757.4,416,5.419366178,198.2453602,1.237701768,0.3848991754,0.7220742259,4.87125081,0.1703214583
lp_s1,419,0,200,8,200,19,3817.5,761,5.623589822,351.045925,0.9458047948,0.3001453837,0.769144753,5.78246324,0.1474390593
lp_s1,420,0,200,8,200,8,3928.4,139,3.867551463,159.8055979,1.664752488,0.3059427085,0.7657303751,2.997514309,0.2501554523
lp_s1,421,0,200,8,200,13,3823.9,133,3.945633835,68.58984487,2.04348351,0.4764165818,0.6773156115,2.760140632,0.2659474998
lp_s1,422,0,200,8,200,78,3145.9,410,1.534257157,7.923398572,0.3475756308,0.5450576086,0.6472250578,2.602396691,0.2775929709
lp_s1,423,0,200,8,200,24,3725.3,437,1.550109005,10.28977631,0.7264091187,0.4832359906,0.6742015474,1.818744092,0.3547679276
lp_s1,424,0,200,8,200,25,3716.4,191,1.711839894,8.81769547,0.4463623749,0.5764817928,0.6343238499,2.562237325,0.280722453
lp_s1,425,0,200,8,200,13,3850.0,754,7.589697365,592.4341336,0.6222227352,0.311820327,0.7622995158,9.621693564,0.09414694502
lp_s1,426,0,200,8,200,58,3345.6,717,1.572898236,6.10252968,0.3500537186,0.6367158708,0.6109795951,2.658479267,0.2733376157
lp_s1,427,0,200,8,200,25,3759.1,772,3.815345372,227.4994008,1.431759076,0.2529552681,0.7981130894,3.188591506,0.2387437397
lp_s1,428,0,200,8,200,23,3746.5,832,1.628473822,11.02452002,0.4576688022,0.4904569989,0.6709351566,2.407160937,0.2934994908
lp_s1,429,0,200,8,200,14,3859.2,437,1.67939732,7.47525188,0.5132850156,0.6142434589,0.6194852421,2.344089356,0.2990350716
lp_s1,430,0,200,8,200,35,3615.5,249,2.775952857,30.29898304,0.6993789731,0.5043105579,0.6647563528,3.319371041,0.2315151883
lp_s1,431,0,200,8,200,10,3905.7,510,2.441524277,24.31552566,1.391218862,0.495129971,0.6688381742,2.069966507,0.3257364527
lp_s1,432,0,200,8,200,9,3890.7,320,2.490825904,32.26715059,0.4669510937,0.4384934048,0.6951717656,3.645085126,0.2152813076
lp_s1,433,0,200,8,200,1,3971.8,139,3.944783371,65.75631192,0.7526557313,0.4864681768,0.6727355591,4.547000189,0.1802776214
lp_s1,434,0,200,8,200,31,3675.9,920,4.800668022,135.9084877,0.7504899133,0.4117924545,0.7083194111,5.541524334,0.1528695682
lp_s1,435,0,200,8,200,44,3588.5,437,1.34086968,7.649011385,0.3610167267,0.484823784,0.6734805913,2.231633686,0.3094410125
lp_s1,436,0,200,8,200,1,3992.1,410,2.294658446,23.08077198,0.8222436494,0.4776314173,0.6767587561,2.53056669,0.2832406488
lp_s1,437,0,200,8,200,46,3493.4,717,1.375896171,3.972228986,0.2663401509,0.69034872,0.591593905,2.666044176,0.2727735816
lp_s1,438,0,200,8,200,16,3834.9,692,3.127644668,26.15749247,0.6214471257,0.6115322322,0.6205274583,3.967485198,0.2013091051
lp_s1,439,0,200,8,200,39,3606.3,457,2.201004895,18.55016847,0.4099551833,0.5110308039,0.6617998769,3.437580028,0.2253480486
lp_s1,440,0,200,8,200,6,3958.0,410,2.00273997,13.52295719,1.102389844,0.5446139092,0.647410977,1.907466695,0.343942031
lp_s1,441,0,200,8,200,19,3832.1,556,2.522373828,30.9577765,0.3321829833,0.4533405543,0.6880699758,4.376437805,0.1859967577
lp_s1,442,0,200,8,200,52,3399.1,437,1.79406398,19.53279808,0.7166182487,0.4059342508,0.7112708147,2.119307598,0.3205839657
lp_s1,443,0,200,8,200,54,3430.1,31,2.335351494,15.14705318,0.7953033099,0.6000510229,0.6249800698,2.618700678,0.2763422811
lp_s1,444,0,200,8,200,5,3946.3,191,1.576940149,10.29465337,0.5539590818,0.4914839573,0.6704731855,2.118733664,0.320642962
lp_s1,445,0,200,8,200,19,3828.8,121,2.779848358,32.63874786,0.9436903483,0.4865801198,0.6726849005,2.861583012,0.2589611558
lp_s1,446,0,200,8,200,38,3618.4,942,40.64612627,8062.463186,0.4132372525,0.4526737278,0.6883858233,63.22945366,0.01556918116
lp_s1,447,0,200,8,200,26,3824.3,106,2.980545215,68.80299982,1.304364731,0.3593288004,0.7356571859,2.609733683,0.2770287472
lp_s1,448,0,200,8,200,7,3960.6,694,3.176183818,74.51305456,2.4069079,0.3679505405,0.7310205818,2.04727363,0.3281621939
lp_s1,449,0,200,8,200,6,3941.5,66,7.404414524,272.5438835,2.338990815,0.4485103858,0.6903643977,4.841461313,0.1711900407
lp_s1,450,0,200,8,200,33,3737.9,832,1.926757461,14.31218393,0.4967423233,0.5093004911,0.6625585865,2.733766815,0.2678260453
lp_s1,451,0,200,8,200,5,3953.6,615,3.242397854,49.51939208,0.7976653132,0.460764118,0.6845732228,3.630412299,0.21596349
lp_s1,452,0,200,8,200,24,3721.1,443,3.510636514,83.21908422,1.677433861,0.3848348547,0.7221077637,2.710585825,0.2694992239
lp_s1,453,0,200,8,200,30,3689.6,717,1.647660513,29.37041126,0.5597358341,0.3040273961,0.7668550546,2.202298475,0.3122757006
lp_s1,454,0,200,8,200,27,3775.5,155,4.555973581,93.76563375,0.4793741987,0.4704996995,0.6800409414,6.580272357,0.1319213813
lp_s1,455,0,200,8,200,41,3504.7,32,5.495033861,392.376346,1.067154518,0.2774079888,0.7828352482,5.319327371,0.1582446899
lp_s1,456,0,200,8,200,19,3796.3,133,4.198015597,199.2968941,1.077507816,0.2973676923,0.770791508,4.044211253,0.1982470499
lp_s1,457,0,200,8,200,35,3600.3,437,1.210790994,6.872268473,0.3067755594,0.4618693289,0.6840556678,2.18604352,0.3138689079
lp_s1,458,0,200,8,200,28,3671.9,31,1.953712439,17.07030388,0.6846895268,0.4728680981,0.6789474233,2.361096836,0.2975219248
lp_s1,459,0,200,8,200,5,3946.2,191,1.891561605,18.68237881,1.290195054,0.437627297,0.6955905763,1.665301233,0.3751921124
lp_s1,460,0,200,8,200,15,3883.5,410,1.743904494,13.04438585,0.6118489272,0.482848491,0.6743777305,2.229464674,0.309648843
lp_s1,461,0,200,8,200,62,3431.4,98,8.858924706,373.6952903,1.985471346,0.4582708132,0.6857436842,6.28708307,0.1372291204
lp_s1,462,0,200,8,200,51,3513.0,931,2.804360853,53.13096292,0.8350110264,0.3847335436,0.7221605952,3.068935711,0.2457645121
lp_s1,463,0,200,8,200,20,3865.9,255,3.05180187,56.73289978,0.7929423082,0.4051714575,0.711656926,3.427169147,0.2258779746
lp_s1,464,0,200,8,200,49,3465.4,437,2.288755851,18.45464716,0.9953595981,0.5327783818,0.6524100365,2.294084778,0.3035744577
lp_s1,465,0,200,8,200,38,3732.3,191,1.935676416,24.46012247,0.7245065495,0.3913843403,0.7187086781,2.274110696,0.305426448
lp_s1,466,0,200,8,200,12,3897.5,717,1.531355792,10.63895743,0.5123126929,0.4694902417,0.6805080916,2.139481559,0.3185239286
lp_s1,467,0,200,8,200,22,3729.3,410,1.901958941,27.43782485,1.25340722,0.3631000407,0.7336218694,1.698850026,0.3705281843
lp_s1,468,0,200,8,200,1,3991.1,673,4.210804447,138.3074352,2.539105008,0.3580488713,0.7363505255,2.6425593,0.2745322499
lp_s1,469,0,200,8,200,35,3650.1,717,1.381323118,13.465529,0.4347528139,0.3764294304,0.7265174501,2.094952013,0.3231067867
lp_s1,470,0,200,8,200,28,3673.2,32,1.898174168,48.47833407,0.6225329371,0.2726228259,0.7857787709,2.405774359,0.293618982
lp_s1,471,0,200,8,200,1,3988.5,191,3.611283239,71.99252286,2.263172557,0.4256159117,0.7014512056,2.40050557,0.2940739191
lp_s1,472,0,200,8,200,18,3775.7,443,3.583026829,93.49252609,0.4956679739,0.370562624,0.729627368,5.089259905,0.16422357
lp_s1,473,0,200,8,200,16,3846.6,772,3.276773881,62.14940352,2.638954785,0.4156501971,0.7063891928,2.017114255,0.3314425359
lp_s1,474,0,200,8,200,9,3936.7,437,2.207770092,34.53206744,0.5717724848,0.375701177,0.7269020458,2.919726823,0.2551198196
lp_s1,475,0,200,8,200,2,3977.3,556,4.674390668,147.9098728,0.8050787509,0.3843495921,0.7223608875,5.209617338,0.1610405192
lp_s1,476,0,200,8,200,10,3897.6,832,1.926004887,35.94727137,0.9396208672,0.3212361555,0.7568669657,1.986923097,0.3347926838
lp_s1,477,0,200,8,200,16,3779.1,437,1.598251436,10.64532594,0.4729681188,0.4898528303,0.6712072358,2.323962787,0.3008457266
lp_s1,478,0,200,8,200,27,3708.1,437,1.840210178,8.005712112,0.4706214004,0.6503803989,0.6059209141,2.682449734,0.2715583572
lp_s1,479,0,200,8,200,3,3986.2,191,2.335130813,16.815664,0.4358800271,0.5694481732,0.6371666278,3.536940304,0.2204128626
lp_s1,480,0,200,8,200,38,3667.9,437,1.697953807,12.99251894,0.5173378111,0.4710632149,0.6797804403,2.360688913,0.2975580382
lp_s1,481,0,200,8,200,25,3760.8,31,2.847780272,12.70094542,0.3497449332,0.7990766721,0.5558406796,4.815382181,0.1719577439
lp_s1,482,0,200,8,200,44,3534.0,692,2.411560517,18.59731948,0.6094970641,0.5592075019,0.641351455,3.088960507,0.2445609338
lp_s1,483,0,200,8,200,7,3956.5,772,2.541244852,61.58626044,1.371752144,0.3238206907,0.7553893114,2.169744959,0.3154827953
lp_s1,484,0,200,8,200,36,3604.3,71,5.661799459,171.3624073,1.289837041,0.4325105499,0.6980751381,4.985251355,0.1670773608
lp_s1,485,0,200,8,200,14,3852.5,712,3.290284038,106.8778387,0.728155464,0.3182654967,0.7585725353,3.855860686,0.2059367154
lp_s1,486,0,200,8,200,21,3801.7,869,15.65377752,1136.262611,1.535770702,0.4643867276,0.682879721,12.63153029,0.07335933519
lp_s1,487,0,200,8,200,25,3773.4,908,8.44864252,432.2162782,0.7231656094,0.4063837887,0.7110434634,9.935004135,0.09144943959
lp_s1,488,0,200,8,200,15,3866.5,488,7.253880885,233.7313591,1.403403176,0.474473463,0.6782082046,6.123210537,0.1403861356
lp_s1,489,0,200,8,200,11,3904.9,191,1.833795737,32.33277475,0.7322185186,0.3224998154,0.7561437728,2.143041615,0.3181631434
lp_s1,490,0,200,8,200,11,3926.2,921,6.721691436,163.9517589,0.7765144114,0.5249531329,0.655757858,7.627879292,0.1159033369
lp_s1,491,0,200,8,200,28,3759.5,454,6.753427003,234.3022404,0.7734740007,0.4412004933,0.6938659851,7.67894134,0.1152214263
lp_s1,492,0,200,8,200,22,3810.9,32,2.774759742,98.35283301,0.6209501733,0.2797898451,0.7813782894,3.521251204,0.2211777127
lp_s1,493,0,200,8,200,46,3550.2,410,3.39063192,76.49778677,0.7926659384,0.3876646592,0.7206352006,3.808338541,0.2079720451
lp_s1,494,0,200,8,200,39,3567.1,832,1.844305026,11.04223397,0.3457041274,0.5550144334,0.6430808477,3.13675405,0.2417354254
lp_s1,495,0,200,8,200,43,3467.2,772,3.868468922,62.20492203,0.4915271188,0.4904861371,0.6709220402,5.517792572,0.1534261775
lp_s1,496,0,200,8,200,15,3864.7,416,5.509413777,186.576053,1.170486231,0.403345708,0.71258279,5.092396794,0.1641390136
lp_s1,497,0,200,8,200,35,3662.3,31,2.319278604,26.04356201,0.5296737739,0.4544673941,0.6875368978,3.186755078,0.2388484593
lp_s1,498,0,200,8,200,32,3759.4,692,2.349889857,14.94367864,0.4975332076,0.6078812487,0.6219364775,3.331474323,0.2308682738
lp_s1,499,0,200,8,200,14,3873.2,633,3.294417565,61.32359182,0.7755068954,0.4206925805,0.7038820458,3.740983675,0.2109266913
lp_s1,500,0,200,8,200,34,3404.0,191,1.794763237,15.44480902,0.3898028593,0.4566841026,0.6864906387,2.87464788,0.2580879685
lp_s1,501,0,200,8,200,47,3552.1,191,1.83942848,18.42413358,0.517516515,0.4285380307,0.7000163653,2.556941545,0.2811404088
lp_s1,502,0,200,8,200,34,3606.3,717,2.314365142,23.1160012,0.3948598713,0.4813661259,0.675052563,3.683073448,0.213534981
lp_s1,503,0,200,8,200,75,3180.1,437,1.976063887,12.35807827,0.3750477633,0.562115435,0.6401575566,3.226693331,0.2365915674
lp_s1,504,0,200,8,200,11,3927.7,554,3.533721978,72.5763693,1.521856423,0.4147961898,0.7068155875,2.864478301,0.2587671406
lp_s1,505,0,200,8,200,18,3783.1,443,3.001470999,43.71352894,1.104480303,0.453969021,0.6877725629,2.855980013,0.2593374438
lp_s1,506,0,200,8,200,15,3834.1,654,2.822743053,65.56655252,0.6874027408,0.3486022394,0.7415084825,3.404597042,0.2270355246
lp_s1,507,0,200,8,200,27,3639.8,615,2.770551442,39.10678453,0.5638326388,0.4430371698,0.6929828427,3.689700474,0.2132332343
lp_s1,508,0,200,8,200,34,3591.3,430,4.358813142,297.5717132,3.79214437,0.2526809081,0.7982878908,2.238338786,0.3088003035
lp_s1,509,0,200,8,200,11,3843.4,437,2.210221331,18.07265776,0.6264863807,0.5199059094,0.6579354642,2.792414914,0.2636842283
lp_s1,510,0,200,8,200,12,3940.6,717,1.516810814,7.958638676,0.5807361681,0.5376653167,0.6503365779,1.990407406,0.3344025961
lp_s1,511,0,200,8,200,1,3997.0,165,11.22783058,4574.513724,7.956944542,0.1660058464,0.8576286329,3.980363043,0.2007885753
lp_s1,512,0,200,8,200,11,3880.9,642,2.54059035,30.62650119,1.499534151,0.4590774404,0.685364582,2.074705526,0.3252343978
lp_s1,513,0,200,8,200,33,3635.8,832,1.691124902,19.30713757,0.3242088708,0.3848723743,0.7220882,2.970046425,0.2518862232
lp_s1,514,0,200,8,200,2,3979.8,717,1.588009493,17.62024054,0.6302774027,0.3783094395,0.7255264829,2.000263573,0.3333040501
lp_s1,515,0,200,8,200,32,3635.8,249,2.779652573,47.04630968,1.063497334,0.405254397,0.7116149233,2.695394354,0.2706071137
lp_s1,516,0,200,8,200,40,3650.9,832,1.55397892,11.81664978,0.4010370412,0.4520619366,0.688675858,2.453877505,0.2895296658
lp_s1,517,0,200,8,200,25,3728.1,795,5.357490875,264.8058416,1.692816539,0.3292286789,0.7523159979,4.11771698,0.1953996291
lp_s1,518,0,200,8,200,30,3568.3,832,1.871413668,20.01479244,0.5114629401,0.4183061519,0.7050663911,2.616752885,0.2764911045
lp_s1,519,0,200,8,200,24,3771.2,717,1.431305439,5.560214586,0.3188310587,0.6069970009,0.6222786971,2.534848517,0.2828975542
lp_s1,520,0,200,8,200,38,3300.7,437,1.698778519,19.69426857,0.3065885248,0.3827955079,0.7231727282,3.068024425,0.2458195663
lp_s1,521,0,200,8,200,53,3488.8,32,4.081011084,149.5819693,2.217916758,0.3336784435,0.7498059258,2.740281338,0.2673595672
lp_s1,522,0,200,8,200,38,3631.4,78,3.031292749,40.73851687,0.3752693628,0.4749252649,0.6780004545,4.948303465,0.1681151619
lp_s1,523,0,200,8,200,6,3972.8,410,1.818406933,14.67989969,0.618075653,0.4746019678,0.6781491018,2.312971387,0.3018438384
lp_s1,524,0,200,8,200,33,3665.7,437,2.013041032,37.87571903,0.5571798084,0.3270937035,0.7535262938,2.696838518,0.2705014014
lp_s1,525,0,200,8,200,8,3931.7,931,2.031887974,13.13238079,0.8644535008,0.5606967339,0.6407394712,2.185389948,0.3139333068
lp_s1,526,0,200,8,200,59,3349.1,437,1.429907011,5.794745981,0.4311494115,0.5940056749,0.6273503387,2.177679169,0.3146950799
lp_s1,527,0,200,8,200,43,3529.2,437,1.799597892,7.604818579,0.4270471087,0.6525759237,0.6051159197,2.753832892,0.2663943838
lp_s1,528,0,200,8,200,11,3867.1,133,4.779873202,297.0802808,1.19282558,0.2773188963,0.7828898507,4.376509787,0.1859942676
lp_s1,529,0,200,8,200,85,2965.9,437,2.2834839,19.21077468,0.619095891,0.5209853543,0.6574685267,2.902144237,0.2562693584
lp_s1,530,0,200,8,200,3,3969.7,66,4.136295042,67.02313336,0.6937920588,0.5052416511,0.6643451563,4.965887163,0.1676196637
lp_s1,531,0,200,8,200,16,3806.7,32,1.793178285,17.64070185,0.6856611251,0.4269387174,0.7008009439,2.165552453,0.3159006255
lp_s1,532,0,200,8,200,5,3966.5,718,8.50695043,525.2140248,1.774458805,0.3711981003,0.7292892251,6.386176856,0.135388039
lp_s1,533,0,200,8,200,14,3880.6,717,1.569758473,7.95204758,0.6674158903,0.5566642755,0.6423992737,1.921474232,0.3422929386
lp_s1,534,0,200,8,200,18,3765.8,191,1.687417148,6.370349071,0.6294389415,0.6685606985,0.5993189225,2.126893061,0.319806268
lp_s1,535,0,200,8,200,35,3605.9,920,7.408543948,843.8067713,1.943527698,0.2550417962,0.796786213,5.314195096,0.1583733136
lp_s1,536,0,200,8,200,15,3871.2,410,1.653816379,21.39253315,1.00722526,0.3575659718,0.7366124526,1.647873935,0.3776614841
lp_s1,537,0,200,8,200,17,3805.1,556,4.622382455,93.90075816,1.248117432,0.477014221,0.6770415516,4.137501381,0.1946471496
lp_s1,538,0,200,8,200,23,3826.0,410,1.563970394,6.950552209,0.5111956439,0.5932242182,0.6276580462,2.187433986,0.3137319877
lp_s1,539,0,200,8,200,12,3881.6,889,4.423238248,140.4548485,2.005150742,0.3732260637,0.7282122197,3.123682026,0.2425017239
lp_s1,540,0,200,8,200,36,3702.1,437,1.96161295,21.72346695,0.8493717066,0.4208707571,0.7037937793,2.128454766,0.3196466227
lp_s1,541,0,200,8,200,43,3567.4,772,2.722761372,35.68778651,0.7568274104,0.4557742389,0.6869196976,3.129760854,0.2421447719
lp_s1,542,0,200,8,200,38,3562.5,717,1.668028991,21.15726502,0.686540231,0.3626384347,0.7338703903,2.013124335,0.3318814257
lp_s1,543,0,200,8,200,20,3791.8,510,2.736001894,45.98340933,0.6774231805,0.4034742377,0.7125175319,3.324194043,0.2312569672
lp_s1,544,0,200,8,200,53,3377.3,437,2.211693798,19.63807707,0.6217043426,0.4990861523,0.6670730688,2.805001189,0.2628120073
lp_s1,545,0,200,8,200,58,3318.1,437,2.406337765,31.21880293,0.822789306,0.4306738114,0.6989713462,2.652847394,0.2737590412
lp_s1,546,0,200,8,200,2,3959.3,293,5.178565557,70.64659913,1.692218972,0.6161179311,0.6187667253,3.980899361,0.2007669554
lp_s1,547,0,200,8,200,11,3845.7,712,2.235049842,54.32591292,0.8083353813,0.3032380504,0.7673195236,2.48594444,0.2868663047
lp_s1,548,0,200,8,200,68,3287.0,134,8.696537498,1559.132498,6.623096672,0.2202443935,0.8195079652,3.37921502,0.2283514273
lp_s1,549,0,200,8,200,52,3417.7,389,76.35727123,38072.05422,2.898261406,0.3913336959,0.7187348391,44.85198031,0.02180930885
lp_s1,550,0,200,8,200,14,3893.6,692,5.794755644,420.4991407,5.263817513,0.282587255,0.7796740503,2.52571716,0.2836302388
lp_s1,551,0,200,8,200,29,3619.5,556,3.625983127,124.1162596,0.6094354411,0.3254703563,0.7544491624,4.644745531,0.1771559045
lp_s1,552,0,200,8,200,56,3426.1,437,1.597072372,7.889949644,0.4220651033,0.5685746348,0.6375214655,2.458299959,0.289159417
lp_s1,553,0,200,8,200,11,3914.1,437,2.04609072,13.98822696,0.7188355703,0.5470708198,0.6463828205,2.413293294,0.2929721867
lp_s1,554,0,200,8,200,20,3864.1,717,1.413207877,9.036077227,0.4735275483,0.4701279618,0.6802128971,2.053683077,0.3274734066
lp_s1,555,0,200,8,200,20,3817.9,615,2.384416409,24.08437338,1.240360249,0.4858636698,0.673009254,2.14095817,0.3183741858
lp_s1,556,0,200,8,200,31,3678.0,615,2.31502649,19.39395083,0.4727757682,0.5256816529,0.6554447306,3.366885602,0.2289961522
lp_s1,557,0,200,8,200,10,3897.9,855,4.126037562,146.7699421,0.7616272229,0.3405764512,0.7459477593,4.727831044,0.1745861553
lp_s1,558,0,200,8,200,13,3931.1,155,9.494630377,1122.016993,5.324815563,0.2834512296,0.779149201,4.114582529,0.195519379
lp_s1,559,0,200,8,200,4,3884.8,410,3.585717369,94.61508301,1.337898172,0.3686344064,0.7306553126,3.100020207,0.2439012369
lp_s1,560,0,200,8,200,7,3918.0,410,5.825403034,262.9785651,2.047398014,0.3592243784,0.7357137025,4.071222507,0.197191111
lp_s1,561,0,200,8,200,81,3051.2,410,2.050375562,21.61663602,0.5553955329,0.4410007844,0.6939621483,2.751263748,0.2665768304
lp_s1,562,0,200,8,200,25,3817.8,9,25.22073116,9884.002452,6.541970071,0.2536829332,0.7976498471,9.860601239,0.09207593374
lp_s1,563,0,200,8,200,33,3720.1,974,3.713211116,155.0387724,1.792001756,0.298214998,0.7702884357,2.77383374,0.2649825267
lp_s1,564,0,200,8,200,41,3552.4,692,2.271865335,33.31621353,0.6470293913,0.393599707,0.7175661669,2.824363436,0.2614814248
lp_s1,565,0,200,8,200,14,3841.6,556,3.014521823,64.26336583,1.299405442,0.3760422981,0.7267218467,2.644515346,0.2743849058
lp_s1,566,0,200,8,200,14,3870.4,450,3.068022484,24.24865892,0.8898399989,0.6230382007,0.6161284433,3.252389694,0.2351618906
lp_s1,567,0,200,8,200,34,3551.9,644,7.993611299,499.7144423,3.153765729,0.3575872914,0.7366008848,4.501200013,0.1817785206
lp_s1,568,0,200,8,200,4,3959.1,633,2.480305836,31.31914667,0.3279239471,0.4432005338,0.6929044,4.331304023,0.1875713701
lp_s1,569,0,200,8,200,26,3744.8,437,2.620832401,72.59636102,0.854391783,0.3075968073,0.7647617327,2.835376384,0.2607306037
lp_s1,570,0,200,8,200,18,3807.8,410,2.126578436,16.16232065,0.5004870635,0.5289681782,0.6540358487,3.005972323,0.2496272863
lp_s1,571,0,200,8,200,21,3802.2,692,2.548309238,25.0972052,0.6800590656,0.5086738921,0.6628337676,3.090144665,0.2444901298
lp_s1,572,0,200,8,200,23,3759.2,244,11.67167594,689.0959067,0.9292364081,0.444624496,0.6922214061,12.10793588,0.07628966218
lp_s1,573,0,200,8,200,6,3936.1,859,5.197018808,187.7650293,3.075611454,0.3792686396,0.725021922,2.963388244,0.2523093723
lp_s1,574,0,200,8,200,41,3591.6,410,1.621455412,12.56712565,0.7465584188,0.4573903861,0.6861579502,1.876606049,0.3476318908
lp_s1,575,0,200,8,200,25,3723.2,832,2.038610912,21.30110817,1.03455615,0.4417059461,0.6936227202,2.004275008,0.3328590084
lp_s1,576,0,200,8,200,35,3679.8,633,3.506505613,35.92863138,0.4477919565,0.5849977577,0.6309157191,5.240061623,0.1602548277
lp_s1,577,0,200,8,200,60,3362.4,437,2.084231148,10.61089781,0.4249584697,0.6398376857,0.6098164524,3.197220856,0.2382528903
lp_s1,578,0,200,8,200,42,3560.6,642,3.716430195,86.23416114,1.131431252,0.4002085001,0.7141793525,3.493911455,0.2225232985
lp_s1,579,0,200,8,200,9,3917.8,754,8.14585167,395.2329854,1.055662556,0.4097414559,0.7093499278,7.928187978,0.1120048102
lp_s1,580,0,200,8,200,18,3792.8,191,4.614514581,201.1752449,1.010138557,0.3253409671,0.754522817,4.591298705,0.1788493251
lp_s1,581,0,200,8,200,10,3914.3,31,2.544378119,43.26032074,0.5017856805,0.3868448188,0.7210612077,3.5918858,0.2177754508
lp_s1,582,0,200,8,200,9,3911.0,402,8.97437456,565.0823447,1.269819187,0.3775272654,0.7259384443,7.964036632,0.1115568846
lp_s1,583,0,200,8,200,28,3766.5,745,8.665622334,313.3488963,1.194106304,0.4895371701,0.6713494769,7.930092662,0.1119809209
lp_s1,584,0,200,8,200,26,3753.3,216,5.387744614,278.4533747,0.9196152428,0.3228722786,0.7559308757,5.618287003,0.1510964997
lp_s1,585,0,200,8,200,20,3863.4,241,4.248635693,98.39373587,0.6378085736,0.4283174498,0.7001244717,5.319910389,0.1582300916
lp_s1,586,0,200,8,200,27,3684.7,832,2.174202012,25.56389914,0.8779034163,0.4300177135,0.6992920371,2.320473023,0.3011619107
lp_s1,587,0,200,8,200,11,3883.5,139,3.474381461,62.36865108,0.684255263,0.4399408843,0.6944729543,4.200185059,0.1923008486
lp_s1,588,0,200,8,200,26,3699.0,935,4.135391529,85.86942467,1.057361128,0.4462696551,0.6914339912,4.021656407,0.1991374795
lp_s1,589,0,200,8,200,7,3947.6,692,4.76801924,132.4918641,0.8062381149,0.4142317599,0.7070976825,5.310144465,0.1584749772
lp_s1,590,0,200,8,200,26,3701.7,556,3.322444325,130.6441142,0.9318661551,0.2906784179,0.7747863342,3.441762852,0.2251358376
lp_s1,591,0,200,8,200,40,3611.2,810,12.66508898,3627.622261,1.814413471,0.2102796358,0.8262553301,9.402430124,0.09613138354
lp_s1,592,0,200,8,200,35,3553.7,78,2.7068015,28.78304613,0.4002310487,0.5045312042,0.6646588633,4.278593431,0.1894444066
lp_s1,593,0,200,8,200,71,3161.8,717,1.419669857,6.682587113,0.3849218363,0.5491804225,0.6455026061,2.288237438,0.3041142919
lp_s1,594,0,200,8,200,12,3884.7,437,1.722332984,20.43670076,0.5338215393,0.3809883762,0.7241190565,2.357322883,0.2978563679
lp_s1,595,0,200,8,200,11,3904.8,31,2.837544014,58.32708616,0.4709459655,0.3715416165,0.7291065674,4.134824361,0.1947486281
lp_s1,596,0,200,8,200,11,3919.8,410,2.03567721,12.68534989,0.3159491275,0.5715545539,0.6363126228,3.621598774,0.2163753387
lp_s1,597,0,200,8,200,27,3703.0,477,2.674002023,18.35773225,0.6529541373,0.6240971737,0.6157267042,3.309180012,0.232062712
lp_s1,598,0,200,8,200,34,3647.3,191,1.3566354,7.817607128,0.622102799,0.4852060693,0.6733072404,1.72001434,0.3676451206
lp_s1,599,0,200,8,200,51,3424.3,78,2.534758307,24.18097905,0.4780821625,0.5154655134,0.6598632507,3.665939428,0.2143191131
lp_s1,600,0,200,8,200,32,3697.5,410,2.415020831,27.72066846,0.5895605304,0.4586897462,0.6855467399,3.145260933,0.2412393372
lp_s1,601,0,200,8,200,15,3885.8,285,3.536409512,54.51716789,0.9128425749,0.4789563183,0.6761524919,3.701387947,0.2127031446
lp_s1,602,0,200,8,200,23,3772.1,908,4.455742747,183.4816807,1.067123672,0.3289453519,0.7524763893,4.313330455,0.1882058736
lp_s1,603,0,200,8,200,40,3567.3,556,2.896922475,88.93523358,0.648220815,0.3071849597,0.765002682,3.598117875,0.217480288
lp_s1,604,0,200,8,200,25,3767.2,410,1.62691644,11.87388187,0.4709155496,0.4721379236,0.6792841784,2.370793524,0.29666605
lp_s1,605,0,200,8,200,18,3851.4,576,4.363013591,139.1386868,0.7941350598,0.3698815048,0.7299901462,4.895977135,0.1696071706
lp_s1,606,0,200,8,200,13,3763.5,32,3.658522555,61.32076047,0.7888133825,0.4671990712,0.6815707695,4.119254282,0.195340951
lp_s1,607,0,200,8,200,4,3974.0,488,10.0215784,529.7107232,5.705035565,0.4354283943,0.6966561369,4.19572437,0.1924659448
lp_s1,608,0,200,8,200,33,3695.7,745,6.013674352,342.5278918,1.578693197,0.3249315902,0.7547559492,4.786202156,0.172824933
lp_s1,609,0,200,8,200,6,3961.1,519,5.787663306,281.2514279,1.269985177,0.3451086862,0.7434343487,5.13575068,0.1629792428
lp_s1,610,0,200,8,200,26,3729.3,556,3.070055807,283.0869984,0.6456785251,0.1824678304,0.8456889687,3.820657426,0.2074405857
lp_s1,611,0,200,8,200,21,3788.5,692,3.4523533,57.73216856,0.5705531146,0.4543664937,0.6875845973,4.570536621,0.1795159189
lp_s1,612,0,200,8,200,18,3843.3,717,5.424418433,325.0394165,3.960717508,0.3008743522,0.7687137488,2.72562591,0.2684112748
lp_s1,613,0,200,8,200,10,3897.2,410,3.497405116,113.0135346,4.34389863,0.328988496,0.752451961,1.678054648,0.373405375
lp_s1,614,0,200,8,200,38,3622.6,556,3.311492613,53.8056641,0.7295030788,0.4514501405,0.6889661395,3.877128776,0.2050386705
lp_s1,615,0,200,8,200,37,3644.6,320,1.72457978,10.15921814,0.5010316723,0.5410696165,0.6488999519,2.436411831,0.2910012098
lp_s1,616,0,200,8,200,10,3892.4,772,3.288703707,62.47787872,1.116348662,0.4160654083,0.7061820691,3.112610798,0.2431545432
lp_s1,617,0,200,8,200,9,3932.4,410,2.77723802,37.56148657,1.75502397,0.4531497201,0.6881603363,2.096387569,0.322956987
lp_s1,618,0,200,8,200,12,3892.0,437,3.317455013,179.7052129,2.120008739,0.247471223,0.801621698,2.278432761,0.3050237942
lp_s1,619,0,200,8,200,8,3935.0,410,2.313422227,40.06799544,1.659880747,0.3654736715,0.7323465995,1.795628377,0.3577013341
lp_s1,620,0,200,8,200,24,3729.9,191,2.462861966,21.11861453,0.5720024937,0.5359291262,0.6510717083,3.25642523,0.2349389325
lp_s1,621,0,200,8,200,8,3900.8,642,5.520171753,249.2711886,2.375315984,0.3496363261,0.7409403412,3.581722168,0.218258542
lp_s1,622,0,200,8,200,44,3469.2,437,1.547472465,11.32507013,0.303772144,0.4598354827,0.6850086957,2.807688718,0.2626265102
lp_s1,623,0,200,8,200,57,3352.9,556,2.776187742,82.64688095,0.4935425804,0.3053764894,0.7660625177,3.951723218,0.2019498982
lp_s1,624,0,200,8,200,7,3891.5,410,2.171413412,17.69774073,0.7565300909,0.5161591158,0.6595613808,2.496487596,0.2860013006
lp_s1,625,0,200,8,200,5,3957.3,615,2.258605709,21.59018851,0.7504632953,0.4860849831,0.672909027,2.607208081,0.2772227101
lp_s1,626,0,200,8,200,21,3790.3,430,5.099063711,1013.778166,7.087357447,0.1601470605,0.8619596895,1.915350547,0.3430119239
lp_s1,627,0,200,8,200,38,3553.3,78,2.650885234,29.69133371,0.5239483261,0.4864924144,0.67272459,3.66223912,0.2144892131
lp_s1,628,0,200,8,200,22,3803.2,437,1.675966385,9.546836885,0.2906649776,0.5424198228,0.6483319166,3.108629403,0.2433901679
lp_s1,629,0,200,8,200,7,3943.0,437,2.009514485,17.99688433,0.6573681809,0.4736881042,0.6785696357,2.478487892,0.2874812364
lp_s1,630,0,200,8,200,57,3392.8,615,2.685973233,46.95176481,0.3882847858,0.3919906606,0.7183956245,4.310488527,0.1883065927
lp_s1,631,0,200,8,200,24,3787.2,191,2.360681486,21.43809793,0.5110600801,0.5098521662,0.6623164985,3.302185109,0.2324400217
lp_s1,632,0,200,8,200,76,3105.0,754,5.401343442,216.7428186,0.3700428261,0.3668845591,0.731590677,8.879240065,0.1012223606
lp_s1,633,0,200,8,200,37,3637.0,692,2.304248987,20.00424085,0.6659199597,0.5151911189,0.6599827491,2.823698929,0.2615268667
lp_s1,634,0,200,8,200,13,3860.6,191,1.616013025,10.14507229,0.6001755938,0.5073612374,0.6634109829,2.085958632,0.3240484139
lp_s1,635,0,200,8,200,28,3744.1,437,1.794047594,19.19353578,0.6526874103,0.4095024146,0.7094702284,2.22065628,0.3104957229
lp_s1,636,0,200,8,200,27,3741.0,191,3.964149591,125.2305339,0.9707845559,0.3542378135,0.7384227423,4.023357327,0.1990700511
lp_s1,637,0,200,8,200,32,3626.7,425,37.44557149,7173.400116,3.317454311,0.4421177339,0.6934246605,20.55881071,0.0463847479
lp_s1,638,0,200,8,200,16,3862.4,615,2.36651944,53.4725647,0.5258408254,0.3236268671,0.7554999259,3.263494806,0.2345493651
lp_s1,639,0,200,8,200,32,3710.1,293,3.973462174,52.9663524,0.8613089068,0.54597034,0.6468429401,4.281437552,0.1893423883
lp_s1,640,0,200,8,200,31,3639.2,101,3.155073735,78.46164095,0.4806835275,0.3561892597,0.737360212,4.550717682,0.1801568837
lp_s1,641,0,200,8,200,17,3904.3,717,2.078320369,30.67196313,1.342972605,0.3752681509,0.7271309231,1.793407234,0.3579857559
lp_s1,642,0,200,8,200,18,3810.4,437,1.505613953,7.17079869,0.4067076162,0.5622505198,0.6401022034,2.3608722,0.2975418108
lp_s1,643,0,200,8,200,9,3960.7,410,1.828094818,19.63742927,1.137556348,0.4125308206,0.7079491544,1.714005686,0.3684590659
lp_s1,644,0,200,8,200,46,3414.9,692,3.639092822,43.58206897,0.5309577797,0.5512380801,0.6446463717,4.9941679,0.1668288271
lp_s1,645,0,200,8,200,8,3928.4,466,3.259240035,48.15500768,1.1985108,0.4696730253,0.6804234566,2.977113352,0.251438647
lp_s1,646,0,200,8,200,1,3988.8,931,2.086999445,23.16956426,1.982835103,0.433574169,0.6975572116,1.482105211,0.4028838084
lp_s1,647,0,200,8,200,0,4000.0,717,2.096436437,22.95032364,0.8842592562,0.437610055,0.6955989189,2.229419996,0.309653127
lp_s1,648,0,200,8,200,32,3675.8,549,158.3499564,134987.6566,1.235003973,0.4309936972,0.6988150975,142.489798,0.006969136579
lp_s1,649,0,200,8,200,55,3484.5,231,3.134555792,54.66490185,0.5937337701,0.4239569098,0.7022684416,4.06799236,0.1973167931
lp_s1,650,0,200,8,200,5,3968.8,191,2.115657715,17.91073907,0.828801111,0.4999063491,0.6667082919,2.323915025,0.3008500496
lp_s1,651,0,200,8,200,26,3703.3,850,4.219800804,116.865299,1.396464459,0.3903454876,0.7192456903,3.570894398,0.218775564
lp_s1,652,0,200,8,200,6,3920.1,717,1.630647743,8.849053567,0.8066876701,0.5481655541,0.6459257522,1.815546783,0.3551707989
lp_s1,653,0,200,8,200,12,3879.7,717,2.728129861,32.40787719,0.8325582897,0.47922531,0.676029536,2.989907238,0.2506323933
lp_s1,654,0,200,8,200,30,3688.1,717,1.792017022,6.081643128,0.3140597714,0.7266606861,0.5791525851,3.197687178,0.2382264227
lp_s1,655,0,200,8,200,7,3932.7,754,6.23371075,190.2223055,0.5554715552,0.4519765744,0.6887163455,8.364032941,0.1067915936
lp_s1,656,0,200,8,200,0,4000.0,935,4.231471029,131.1981603,1.763640716,0.3694260354,0.7302329401,3.186297432,0.2388745702
lp_s1,657,0,200,8,200,13,3870.4,822,6.257357502,491.7124978,4.4086634,0.2821859229,0.7799180931,2.9801457,0.2512470838
lp_s1,658,0,200,8,200,13,3837.3,522,4.398970574,147.2589907,0.5736374582,0.3625017831,0.7339439936,5.808076199,0.1468843724
lp_s1,659,0,200,8,200,46,3620.3,920,3.366416851,54.71220085,0.3660918569,0.455119873,0.6872286047,5.563817263,0.1523503717
lp_s1,660,0,200,8,200,16,3878.6,410,1.473643985,7.41980315,0.4403858175,0.5409989025,0.6489297289,2.220628522,0.310498399
lp_s1,661,0,200,8,200,24,3786.7,437,1.436364581,7.738794963,0.4037035718,0.5163307822,0.6594867108,2.260650326,0.3066872863
lp_s1,662,0,200,8,200,29,3709.6,293,5.74692844,223.155872,1.658545848,0.3847083652,0.7221737263,4.462436495,0.1830684898
lp_s1,663,0,200,8,200,23,3753.7,920,3.721995679,72.45372516,0.6527424118,0.4372657938,0.6957655322,4.606859302,0.1783529684
lp_s1,664,0,200,8,200,16,3823.5,717,1.766951551,12.02603281,0.6937307562,0.5095225969,0.6624611,2.121432251,0.3203657551
lp_s1,665,0,200,8,200,20,3752.8,437,1.588246386,7.286298133,0.429533357,0.5883888133,0.6295687754,2.423368328,0.2921099642
lp_s1,666,0,200,8,200,13,3876.5,554,2.668330473,40.53736482,1.097053189,0.4190944015,0.7046747552,2.547567934,0.281883256
lp_s1,667,0,200,8,200,56,3335.9,832,2.037435896,28.98024109,0.431549903,0.3784713038,0.7254412894,3.10147612,0.2438146586
lp_s1,668,0,200,8,200,39,3555.9,556,2.520653319,36.04163541,0.4538968565,0.4198661608,0.7042917337,3.741403353,0.2109080214
lp_s1,669,0,200,8,200,35,3621.7,78,3.60219081,85.38722263,1.037530617,0.3898255229,0.7195147762,3.536439667,0.2204371872
lp_s1,670,0,200,8,200,12,3883.9,425,19.72630222,10082.44618,3.553257494,0.196454837,0.8358025469,10.46483396,0.0872232431
lp_s1,671,0,200,8,200,43,3569.9,437,2.357916209,34.19330472,0.582062408,0.4032346366,0.7126391937,3.090605635,0.2444625782
lp_s1,672,0,200,8,200,16,3850.5,191,2.518760712,44.29998413,1.274143174,0.3784296231,0.7254632252,2.231401879,0.3094632105
lp_s1,673,0,200,8,200,1,3995.2,772,2.693061775,16.85625557,1.861382912,0.6559424868,0.6038857074,1.973915032,0.3362570852
lp_s1,674,0,200,8,200,91,2941.3,627,4.139357409,159.6618466,1.368248766,0.327591295,0.7532438664,3.53875417,0.2203247769
lp_s1,675,0,200,8,200,29,3753.6,192,6.806072524,354.4981829,1.45732838,0.3614844049,0.7344924381,5.637906398,0.1506499098
lp_s1,676,0,200,8,200,34,3700.1,556,3.073012915,63.48209163,0.6007757485,0.3856903489,0.7216619505,3.964680446,0.2014228329
lp_s1,677,0,200,8,200,17,3827.7,488,8.11050582,480.9357284,1.447261372,0.3698319432,0.7300165578,6.741778114,0.1291692923
lp_s1,678,0,200,8,200,11,3898.2,554,2.801787121,60.68754264,1.744069195,0.359654384,0.735481025,2.121550036,0.3203536667
lp_s1,679,0,200,8,200,36,3658.7,695,23.98121693,18840.71458,6.560528909,0.1747119184,0.8512725412,9.362714723,0.09649980982
lp_s1,680,0,200,8,200,47,3440.4,554,3.335275675,116.4210376,1.394196917,0.3091120983,0.7638765246,2.824682746,0.2614595946
lp_s1,681,0,200,8,200,32,3793.1,554,3.72600027,212.8983937,1.363508864,0.2553622461,0.7965828215,3.190905182,0.2386119362
lp_s1,682,0,200,8,200,12,3883.3,437,2.291155251,69.08224622,0.7761186445,0.2756584395,0.7839088968,2.600701213,0.2777236824
lp_s1,683,0,200,8,200,8,3958.6,717,1.779432857,11.84627828,0.7694090211,0.5170001157,0.6591957309,2.028630583,0.3301822301
lp_s1,684,0,200,8,200,3,3957.7,191,1.650484939,11.56860137,0.5253224734,0.4852562497,0.6732844923,2.277186369,0.3051398021
lp_s1,685,0,200,8,200,31,3683.8,437,1.775325814,14.25446053,0.4994866782,0.4702217084,0.6801695243,2.511979629,0.2847396926
lp_s1,686,0,200,8,200,47,3464.1,410,1.710561221,8.817913771,0.8708112883,0.5760440543,0.6345000302,1.833059648,0.3529752721
lp_s1,687,0,200,8,200,15,3862.4,416,7.46729101,260.8055665,2.755043863,0.4623859705,0.683814,4.498822079,0.1818571297
lp_s1,688,0,200,8,200,34,3695.2,437,2.671914748,24.83058078,0.6328577784,0.5362028997,0.6509556779,3.35868702,0.2294268883
lp_s1,689,0,200,8,200,20,3820.1,191,2.172087175,18.47179753,0.8372608472,0.5053853768,0.6642817284,2.373814946,0.2964003705
lp_s1,690,0,200,8,200,2,3983.0,695,20.98968399,4200.547059,4.705753308,0.3238567646,0.7553687278,9.675898901,0.09366892748
lp_s1,691,0,200,8,200,42,3578.3,437,1.351228101,8.577855879,0.2835599281,0.4613593175,0.6842944018,2.537501103,0.2826854242
lp_s1,692,0,200,8,200,60,3388.1,615,1.99441007,8.832256989,0.3804429709,0.671086666,0.598413009,3.233476255,0.2362124977
lp_s1,693,0,200,8,200,19,3821.1,554,3.408529532,80.80287111,1.371616827,0.3791871967,0.7250647355,2.910386444,0.2557292007
lp_s1,694,0,200,8,200,26,3789.9,410,1.851808057,14.72329747,0.9448143323,0.4826067879,0.6744876714,1.90512174,0.3442196539
lp_s1,695,0,200,8,200,78,3142.1,454,5.897823074,274.8295251,0.59674819,0.3557624002,0.7375923686,7.634773985,0.1158107904
lp_s1,696,0,200,8,200,67,3227.5,717,1.710678103,7.156882525,0.4445315372,0.6394496471,0.6099607888,2.565765775,0.2804446683
lp_s1,697,0,200,8,200,7,3954.3,437,2.164753513,13.72493244,1.062287621,0.58432349,0.6311842287,2.100329309,0.3225463814
lp_s1,698,0,200,8,200,46,3570.2,772,3.342799883,90.66390444,1.121244068,0.3510695554,0.7401543436,3.156896176,0.240564103
lp_s1,699,0,200,8,200,12,3903.4,216,6.625131314,395.3984101,0.8959402367,0.3331785481,0.7500870768,6.999305829,0.1250108474
lp_s1,700,0,200,8,200,10,3876.3,799,7.366599316,792.2659216,5.948142324,0.2617167753,0.7925708999,3.020482839,0.2487263446
lp_s1,701,0,200,8,200,2,3981.9,717,2.774899312,306.7090088,0.6594338788,0.1584469789,0.8632246604,3.417130789,0.2263913042
lp_s1,702,0,200,8,200,14,3805.4,191,1.290649258,5.860375692,0.4711842372,0.5331452042,0.65225394,1.880238146,0.3471935129
lp_s1,703,0,200,8,200,1,3987.4,191,2.220226369,55.0468361,0.8695814449,0.2992478751,0.7696760712,2.380905314,0.2957787655
lp_s1,704,0,200,8,200,20,3779.6,271,20.51871897,5557.435684,2.770959023,0.2752409326,0.7841655443,12.32636977,0.07503919053
lp_s1,705,0,200,8,200,77,3013.9,692,2.818316187,30.76769932,0.4785226038,0.5080918207,0.6630895986,4.074163807,0.1970768067
lp_s1,706,0,200,8,200,12,3917.9,191,2.587795415,55.81387337,1.011132527,0.3463848252,0.742729702,2.573510226,0.2798368933
lp_s1,707,0,200,8,200,33,3509.6,654,1.987973133,15.99143934,0.4416265696,0.4971262926,0.6679463215,2.991458027,0.2505350158
lp_s1,708,0,200,8,200,28,3686.2,437,1.542526305,6.525170567,0.5830936322,0.6038605311,0.6234956099,2.020056095,0.3311196774
lp_s1,709,0,200,8,200,36,3595.2,28,6.252187738,494.3114012,2.975601898,0.2812106062,0.7805118028,3.624470729,0.2162409622
lp_s1,710,0,200,8,200,20,3809.0,519,3.960181963,165.3980118,1.820988948,0.3079285798,0.7645677412,2.934684961,0.2541499536
lp_s1,711,0,200,8,200,0,4000.0,717,1.655832751,18.65809303,1.25842372,0.3833388549,0.7228886808,1.476056632,0.4038679839
lp_s1,712,0,200,8,200,28,3775.1,320,1.842521166,13.50705617,0.3792443877,0.5013397413,0.6660717574,2.991940167,0.2505047566
lp_s1,713,0,200,8,200,2,3991.8,410,2.432662568,30.4740465,1.4271048,0.4406733729,0.6941198601,2.0363571,0.3293420263
lp_s1,714,0,200,8,200,24,3729.1,430,5.748146897,212.6989778,1.113341898,0.3941351398,0.7172905778,5.447704997,0.1550939443
lp_s1,715,0,200,8,200,49,3398.5,410,1.683439789,10.6359489,0.4700342946,0.5161898572,0.659548008,2.455459723,0.2893970934
lp_s1,716,0,200,8,200,15,3855.2,793,7.435565215,242.7603627,1.255348933,0.4772271005,0.6769439849,6.636387828,0.1309519661
lp_s1,717,0,200,8,200,39,3629.4,717,1.203822455,4.144260115,0.3224975964,0.5913422875,0.6284003183,2.119821043,0.3205312056
lp_s1,718,0,200,8,200,34,3631.3,216,7.413435395,145.5028466,2.550794775,0.6145875556,0.619353219,4.641750019,0.1772499662
lp_s1,719,0,200,8,200,67,3121.6,437,2.281161552,53.54633408,1.069660558,0.3117390241,0.7623467638,2.20563199,0.3119509673
lp_s1,720,0,200,8,200,28,3766.2,437,1.399822387,7.534839591,0.38887015,0.5099597849,0.6622692935,2.244763701,0.308188852
lp_s1,721,0,200,8,200,9,3946.9,664,6.175792606,230.2576109,2.911634607,0.4069918439,0.710736174,3.619297367,0.2164831403
lp_s1,722,0,200,8,200,49,3484.2,822,5.767220186,198.4557906,1.111553213,0.409387563,0.7095280434,5.470177307,0.1545552699
lp_s1,723,0,200,8,200,12,3920.3,457,2.625088074,39.63644442,0.5543218031,0.4169620549,0.7057352006,3.525842419,0.2209533403
lp_s1,724,0,200,8,200,53,3378.9,320,2.758995309,42.76931929,1.297794068,0.4218759741,0.7032962215,2.421854621,0.2922391834
lp_s1,725,0,200,8,200,8,3927.1,410,1.703777845,15.50152959,0.7124735802,0.4327386539,0.6979639987,2.018499213,0.3312904624
lp_s1,726,0,200,8,200,37,3496.7,410,2.697012099,53.74671294,1.079678309,0.367880646,0.7310579347,2.595587694,0.2781186513
lp_s1,727,0,200,8,200,21,3772.0,437,2.013204265,11.62114155,0.4224196166,0.5905592091,0.628709698,3.097532008,0.2440493444
lp_s1,728,0,200,8,200,34,3614.4,832,1.809209004,32.87354439,0.6845994255,0.315548031,0.7601394829,2.186605697,0.3138135355
lp_s1,729,0,200,8,200,34,3658.5,410,1.912982672,25.86888732,0.7630404144,0.3761163056,0.7266827636,2.189965462,0.3134830179
lp_s1,730,0,200,8,200,5,3865.3,554,3.468736775,105.7030098,1.358638443,0.3373864743,0.7477270178,2.975907276,0.2515149199
lp_s1,731,0,200,8,200,23,3788.4,692,2.472965697,12.89240494,0.3138906033,0.6887333663,0.5921597926,4.413965505,0.1847074938
lp_s1,732,0,200,8,200,42,3436.5,556,4.421648759,111.4553869,0.7198736834,0.4188260721,0.7048080238,5.211420201,0.1609937772
lp_s1,733,0,200,8,200,15,3858.3,437,2.910234159,77.67380241,0.8911133929,0.3302103268,0.7517608155,3.082914274,0.2449230949
lp_s1,734,0,200,8,200,7,3921.4,488,8.942701952,351.9749722,2.875849461,0.4766645617,0.6772018683,5.273338891,0.1594047472
lp_s1,735,0,200,8,200,48,3441.5,437,1.704704892,19.32679955,0.3898479582,0.3877655621,0.720582804,2.730244717,0.2680789267
lp_s1,736,0,200,8,200,48,3563.2,615,2.508656688,17.20789146,0.5993882058,0.6047521246,0.6231491984,3.240314284,0.2358315759
lp_s1,737,0,200,8,200,57,3336.7,382,7.698452226,752.4353942,2.436720755,0.2806524326,0.7808519896,4.931744146,0.1685844796
lp_s1,738,0,200,8,200,42,3732.5,191,1.687224995,17.10017666,0.8141137353,0.4080117799,0.7102213307,1.869952003,0.3484378829
lp_s1,739,0,200,8,200,22,3670.1,488,15.9982583,1981.191233,15.38172746,0.3594260132,0.7356045789,4.07915444,0.1968831647
lp_s1,740,0,200,8,200,41,3599.1,437,1.557153354,6.794176686,0.3889184831,0.5973969035,0.6260184916,2.496905431,0.2859671272
lp_s1,741,0,200,8,200,17,3842.3,191,1.639790855,17.66924718,0.9339270758,0.3901031318,0.7193710863,1.696805163,0.3708091389
lp_s1,742,0,200,8,200,30,3677.4,437,1.819591004,17.15080822,0.4019057715,0.4393710982,0.6947478668,2.870196692,0.2583848004
lp_s1,743,0,200,8,200,24,3804.1,931,2.972779596,79.0421919,0.7579639263,0.334374557,0.7494147687,3.414589049,0.2265216511
lp_s1,744,0,200,8,200,3,3969.2,689,4.060841122,142.6857463,1.60627645,0.3399583422,0.7462918574,3.204098452,0.237863126
lp_s1,745,0,200,8,200,13,3864.9,101,2.629436068,64.85080399,1.616030996,0.3265163504,0.7538542587,2.068415448,0.3259011099
lp_s1,746,0,200,8,200,20,3720.0,920,3.884655735,60.92951346,1.032693428,0.4976668143,0.6677052536,3.822670194,0.2073540092
lp_s1,747,0,200,8,200,26,3737.3,745,7.255368634,262.6500875,0.7739226825,0.4476831084,0.6907589059,8.247279167,0.1081399168
lp_s1,748,0,200,8,200,23,3798.4,437,2.688300435,24.79241843,0.3876390873,0.5399062511,0.6493901816,4.317814904,0.1880471618
lp_s1,749,0,200,8,200,42,3601.6,101,2.677678709,37.76035314,0.4467981641,0.4357530562,0.6964986045,4.005924644,0.1997632947
lp_s1,750,0,200,8,200,41,3565.4,437,1.85490182,9.16386594,0.5373560527,0.6127475222,0.6200598582,2.530403938,0.2832537062
lp_s1,751,0,200,8,200,8,3913.1,410,1.60963941,7.461515195,0.9832925292,0.5892710193,0.6292193011,1.623256785,0.3812055326
lp_s1,752,0,200,8,200,28,3683.8,745,8.182189189,358.9799577,1.955801808,0.4318514837,0.6983964548,5.850690107,0.1459706956
lp_s1,753,0,200,8,200,46,3445.7,430,4.018045215,53.7193296,0.4727977347,0.5482132493,0.6459058534,5.843554866,0.1461228878
lp_s1,754,0,200,8,200,40,3493.3,522,4.359687626,97.45456716,0.4541677082,0.4416256346,0.6936613612,6.469150382,0.1338840362
lp_s1,755,0,200,8,200,1,3991.6,191,3.285600994,145.8531945,1.252005535,0.2720550854,0.7861294778,2.93637621,0.254040759
lp_s1,756,0,200,8,200,21,3797.9,437,2.074896838,15.54238311,0.3709308863,0.5263052521,0.655176937,3.406826449,0.2269206677
lp_s1,757,0,200,8,200,22,3686.2,191,1.761578868,24.796452,0.6065485708,0.3537588551,0.7386839955,2.261878643,0.3065717978
lp_s1,758,0,200,8,200,7,3944.5,191,2.498589151,43.33447651,0.9288446751,0.3795579328,0.7248698849,2.592527084,0.2783555911
lp_s1,759,0,200,8,200,24,3748.7,191,4.709757984,68.78997946,1.591127234,0.5678531002,0.6378148564,3.733757744,0.2112486642
lp_s1,760,0,200,8,200,23,3742.9,192,6.349855768,158.2205357,0.8707040756,0.5048152144,0.6645334194,6.805006934,0.1281228843
lp_s1,761,0,200,8,200,21,3750.2,554,3.0922904,94.18368868,1.118711995,0.3186342266,0.7583604155,2.923621351,0.2548665915
lp_s1,762,0,200,8,200,87,3055.3,437,2.248192117,50.56885328,0.5595178882,0.3161490404,0.759792371,3.005567132,0.2496525378
lp_s1,763,0,200,8,200,39,3645.5,191,2.083502943,14.69862121,0.6480356212,0.5434452776,0.6479011692,2.588181203,0.2786927257
lp_s1,764,0,200,8,200,51,3514.5,717,2.238160541,18.13431908,0.3545934484,0.5255821514,0.65548748,3.758598025,0.2101459284
lp_s1,765,0,200,8,200,19,3847.3,410,2.015988285,29.54801788,0.7701979422,0.3708718131,0.7294628064,2.29713663,0.3032934671
lp_s1,766,0,200,8,200,35,3649.4,437,2.5443607,34.07803929,0.3884134816,0.4358543444,0.696449472,4.082550176,0.1967516238
lp_s1,767,0,200,8,200,9,3946.4,293,5.365860584,378.4315241,2.959846905,0.2758326877,0.7838018336,3.118923772,0.2427818662
lp_s1,768,0,200,8,200,20,3807.9,562,82.98248309,72589.85449,34.06263963,0.307998402,0.7645269279,14.21828699,0.06571041802
lp_s1,769,0,200,8,200,22,3736.3,437,1.901052599,24.11637763,0.7364692089,0.3871133025,0.7209216422,2.215219859,0.3110207214
lp_s1,770,0,200,8,200,16,3807.0,191,1.679969891,26.42271487,0.7689031767,0.3268231256,0.7536799598,1.915868384,0.3429510075
lp_s1,771,0,200,8,200,4,3976.9,191,3.360771943,96.3552634,1.231208119,0.3423744294,0.7449486359,3.028818906,0.2482117026
lp_s1,772,0,200,8,200,33,3844.1,717,1.856878879,8.447331366,0.8448775411,0.6388866466,0.6101703263,2.020164307,0.3311078135
lp_s1,773,0,200,8,200,57,3410.0,437,1.378548826,5.317472056,0.3210577895,0.5978187671,0.6258532072,2.432935229,0.2912959124
lp_s1,774,0,200,8,200,54,3381.0,191,1.489857595,11.56817078,0.4630131492,0.4380386315,0.6953916105,2.189515867,0.3135272065
lp_s1,775,0,200,8,200,26,3727.6,320,2.94459615,65.28162357,1.3431972,0.3644435484,0.7328995041,2.540714411,0.2824288784
lp_s1,776,0,200,8,200,105,2901.0,348,3.333656916,49.04793582,1.337483611,0.4760039262,0.6775049729,2.882548796,0.2575627642
lp_s1,777,0,200,8,200,36,3573.6,717,1.413996356,7.8017804,0.3322177585,0.5062341389,0.663907406,2.4532221,0.2895846172
lp_s1,778,0,200,8,200,27,3719.5,437,1.936692203,23.80095669,0.5774217455,0.3969752191,0.7158323114,2.548672521,0.2817955148
lp_s1,779,0,200,8,200,10,3912.2,717,1.494337291,15.39158658,0.6692133364,0.3808964627,0.7241672544,1.826696265,0.3537698806
lp_s1,780,0,200,8,200,36,3602.2,437,1.86310415,15.82613202,0.5783700453,0.4683275873,0.681046933,2.449820346,0.2898701671
lp_s1,781,0,200,8,200,21,3798.3,799,4.814315064,107.4332591,2.857948569,0.4644779836,0.6828371687,2.847785694,0.2598897339
lp_s1,782,0,200,8,200,20,3820.5,410,1.930832259,16.02668333,1.142851037,0.4823060594,0.6746245107,1.806133021,0.3563622938
lp_s1,783,0,200,8,200,43,3597.5,546,7.416279272,384.5056228,4.278118758,0.3782114982,0.7255780417,3.585581987,0.2180748273
lp_s1,784,0,200,8,200,36,3322.7,437,1.500867374,14.20591637,0.3107716831,0.3982058997,0.7152022461,2.692288506,0.2708347407
lp_s1,785,0,200,8,200,34,3548.1,165,5.668060096,481.3262611,6.941465921,0.2583536892,0.7946891312,2.15133899,0.31732543
lp_s1,786,0,200,8,200,17,3876.2,556,4.413829767,314.2428029,1.451362329,0.2489905757,0.8006465537,3.663765392,0.214419019
lp_s1,787,0,200,8,200,28,3737.3,656,17.80306682,4644.578966,13.19186824,0.2612291554,0.7928773258,4.901642912,0.169444342
lp_s1,788,0,200,8,200,19,3814.1,616,5.112971286,208.3845855,0.5728358804,0.3541934768,0.7384469185,6.755511652,0.128940558
lp_s1,789,0,200,8,200,3,3962.7,443,3.582669883,57.35327608,1.80229984,0.4730724726,0.6788532259,2.668660152,0.2725790775
lp_s1,790,0,200,8,200,7,3928.1,616,6.563699801,158.4271222,0.8755118295,0.5214755408,0.6572567046,7.014838883,0.1247685717
lp_s1,791,0,200,8,200,28,3744.2,556,3.091655635,57.10638409,0.4263546502,0.409118184,0.7096636828,4.734843314,0.1743726803
lp_s1,792,0,200,8,200,16,3839.8,505,5.408879881,224.1862836,2.435817092,0.3612458096,0.7346211779,3.465652389,0.2239314467
lp_s1,793,0,200,8,200,39,3563.4,437,2.027021812,22.67055485,0.4094715558,0.4257232288,0.7013984059,3.167718294,0.2399394416
lp_s1,794,0,200,8,200,2,3989.5,410,2.512598502,18.09852403,0.938283191,0.5906109807,0.6286892346,2.593917316,0.278247915
lp_s1,795,0,200,8,200,2,3991.8,751,3.271781869,46.75426891,1.183752948,0.4784909259,0.676365328,3.007141088,0.2495544774
lp_s1,796,0,200,8,200,21,3785.0,437,1.564356087,9.420309912,0.4388897381,0.5096863714,0.6623892346,2.361336625,0.2975007004
lp_s1,797,0,200,8,200,41,3534.1,226,3.587905287,76.78289025,0.5135474384,0.4094574168,0.7094928787,5.006689821,0.1664810453
lp_s1,798,0,200,8,200,78,3058.6,556,3.292742927,30.76358705,0.3403955162,0.5936621205,0.62748558,5.643725861,0.1505179505
lp_s1,799,0,200,8,200,35,3625.0,443,3.588089511,57.72159009,3.934801922,0.4722740962,0.6792213506,1.808846989,0.3560179689
lp_s1,800,0,200,8,200,39,3548.5,615,2.850675449,23.29153676,0.5452272024,0.5906751544,0.628663871,3.860637437,0.2057343328
lp_s1,801,0,200,8,200,45,3517.4,437,1.428854902,6.825018528,0.4957044853,0.5469356243,0.6464393116,2.029442284,0.3300937619
lp_s1,802,0,200,8,200,1,3974.9,437,2.27936549,17.35758452,1.408828432,0.5471032874,0.6463692555,1.920370009,0.3424223632
lp_s1,803,0,200,8,200,13,3859.3,191,1.832561619,12.21186367,1.078255533,0.5244059527,0.65599324,1.764809118,0.361688622
lp_s1,804,0,200,8,200,22,3786.3,133,2.465282895,25.10557644,0.5828422846,0.4920187618,0.6702328588,3.229172434,0.2364528795
lp_s1,805,0,200,8,200,20,3783.4,437,2.297426277,29.67465772,0.8128545409,0.4217438176,0.7033615956,2.548209708,0.281832271
lp_s1,806,0,200,8,200,25,3791.4,191,1.829286122,37.70248881,0.6819962426,0.2979179218,0.7704647445,2.215086287,0.3110336428
lp_s1,807,0,200,8,200,2,3977.7,106,3.32800069,52.81695602,3.093261829,0.4579274985,0.685905164,1.892234979,0.3457533731
lp_s1,808,0,200,8,200,79,3079.7,454,10.28099822,468.1427787,1.06900869,0.4751668338,0.6778894272,9.943623364,0.09137741374
lp_s1,809,0,200,8,200,11,3934.5,908,8.568543474,642.6529932,2.428069597,0.3380015853,0.7473832699,5.498907814,0.1538720088
lp_s1,810,0,200,8,200,15,3876.6,745,6.773603329,389.4692724,2.282025332,0.3432283564,0.7444750517,4.483937285,0.182350736
lp_s1,811,0,200,8,200,27,3770.4,813,7.420085354,396.0169625,1.407244894,0.372865333,0.728403563,6.254953138,0.1378368655
lp_s1,812,0,200,8,200,28,3763.1,165,7.253103743,416.2390257,1.776253301,0.3555105483,0.7377294122,5.442161684,0.1552273987
lp_s1,813,0,200,8,200,29,3622.3,745,5.445188022,111.1657836,0.5425222428,0.5164488488,0.6594353649,7.392717425,0.1191509197
lp_s1,814,0,200,8,200,11,3911.9,772,2.649252889,31.0098756,0.915540703,0.4757440929,0.6776242607,2.768755385,0.2653395877
lp_s1,815,0,200,8,200,23,3715.0,191,2.779058927,84.79913211,0.9781904264,0.3017880591,0.7681741994,2.809868862,0.2624762259
lp_s1,816,0,200,8,200,74,3115.6,695,11.20721446,1124.697849,1.175456191,0.334179458,0.7495243567,10.33699863,0.08820676728
lp_s1,817,0,200,8,200,2,3989.8,410,1.780118126,24.87931609,1.760990524,0.3568860754,0.7369815478,1.341437099,0.4270881334
lp_s1,818,0,200,8,200,8,3918.3,410,2.594223403,71.62880215,0.9902229513,0.3065233255,0.7653900856,2.606999085,0.2772387728
lp_s1,819,0,200,8,200,15,3858.1,382,4.67963765,220.1824584,1.371786619,0.3153703559,0.7602421596,3.995479855,0.2001809694
lp_s1,820,0,200,8,200,26,3743.6,437,1.674479181,11.43220681,0.4620630641,0.495238861,0.6687894664,2.463367035,0.2887363626
lp_s1,821,0,200,8,200,18,3842.0,191,2.097601125,23.16453658,0.5270660463,0.4358239566,0.6964642116,2.88928503,0.257116666
lp_s1,822,0,200,8,200,34,3679.1,155,4.339148218,39.24268681,0.3903911468,0.6926679896,0.5907833114,6.944716236,0.1258698197
lp_s1,823,0,200,8,200,16,3845.9,822,6.531021499,314.2695789,3.437468316,0.3684087543,0.7307757984,3.522587271,0.2211123722
lp_s1,824,0,200,8,200,22,3796.2,191,1.47736299,6.06005559,0.3380727296,0.6001349385,0.6249472941,2.540868242,0.2824166085
lp_s1,825,0,200,8,200,54,3416.5,437,1.982706906,24.07443298,0.5568500725,0.4040922169,0.7122039336,2.656986691,0.2734491767
lp_s1,826,0,200,8,200,16,3761.9,717,1.597005494,13.87130043,0.4581568641,0.4287931326,0.6998913819,2.359387702,0.2976732931
lp_s1,827,0,200,8,200,2,3819.4,437,1.425947669,15.31500918,0.3925816046,0.3643719668,0.7329379556,2.275823694,0.3052667339
lp_s1,828,0,200,8,200,28,3706.6,556,2.413968752,21.3978356,0.8097315029,0.5218512412,0.6570944472,2.682632156,0.2715449053
lp_s1,829,0,200,8,200,41,3660.8,717,1.78759019,77.17954245,1.168631638,0.2034777201,0.8309252289,1.653594971,0.3768472622
lp_s1,830,0,200,8,200,105,2866.0,417,5.895885996,315.0116421,1.573019058,0.3321894037,0.750644013,4.700911608,0.1754105429
lp_s1,831,0,200,8,200,39,3561.8,183,6.378139215,127.1495821,0.8397254869,0.5656353271,0.6387183418,6.960257819,0.1256240718
lp_s1,832,0,200,8,200,55,3407.9,437,1.313128129,4.443841111,0.2639451905,0.6229136438,0.6161757305,2.55593749,0.2812197916
lp_s1,833,0,200,8,200,18,3817.3,614,5.052352246,199.0292917,1.443716807,0.3581253988,0.7363090337,4.204870407,0.1921277423
lp_s1,834,0,200,8,200,5,3931.8,285,2.353782259,28.04537158,0.4348862148,0.4444630743,0.6922987633,3.569262297,0.2188537088
lp_s1,835,0,200,8,200,133,2217.9,517,12.21600884,348.7958192,2.667936355,0.654099328,0.6045586157,7.478966808,0.1179388978
lp_s1,836,0,200,8,200,22,3795.2,417,5.098754945,201.0565574,3.314382071,0.3595878578,0.7355170129,2.800675898,0.2631110957
lp_s1,837,0,200,8,200,23,3770.4,616,5.903354184,194.8742025,0.6414945556,0.4228844004,0.7027977815,7.370591687,0.1194658678
lp_s1,838,0,200,8,200,19,3767.2,437,2.934349788,44.38885071,0.7052624161,0.4404280111,0.6942380961,3.49410951,0.2225134919
lp_s1,839,0,200,8,200,84,3073.3,935,3.243494847,183.0643729,2.258495856,0.2397238788,0.8066312322,2.158259013,0.3166301421
lp_s1,840,0,200,8,200,15,3890.3,437,2.346351984,31.69205802,1.038233479,0.4167906248,0.7058205938,2.30274394,0.3027785436
lp_s1,841,0,200,8,200,16,3870.6,717,1.854190695,15.15177912,0.5868776143,0.476346065,0.6773479631,2.420363668,0.2923665718
lp_s1,842,0,200,8,200,47,3516.9,659,5.598928951,101.4465444,0.7863392143,0.5558867564,0.6427202982,6.313933294,0.1367253378
lp_s1,843,0,200,8,200,10,3891.1,410,1.628126259,25.75075808,0.8618658317,0.3208433715,0.757092038,1.753752281,0.3631408703
lp_s1,844,0,200,8,200,2,3952.1,191,2.217008015,32.18066223,1.017288714,0.3908136956,0.7190035611,2.198088377,0.3126867935
lp_s1,845,0,200,8,200,3,3959.5,576,4.709156744,228.1083054,0.9924079881,0.3117974773,0.7623127939,4.727135165,0.1746073685
lp_s1,846,0,200,8,200,29,3638.8,908,5.760118127,383.7697776,1.944043363,0.2940329524,0.7727778479,4.131220884,0.1948853933
lp_s1,847,0,200,8,200,15,3861.8,139,5.340520485,331.3818068,2.575202521,0.2933724005,0.7731725214,3.327958415,0.2310558245
lp_s1,848,0,200,8,200,89,2882.1,615,2.705360107,40.03255055,0.3968373035,0.4275810519,0.7004856213,4.294561602,0.1888730504
lp_s1,849,0,200,8,200,50,3430.7,717,1.735694034,12.32853883,0.5757328277,0.4943304544,0.6691960249,2.287508277,0.3041817437
lp_s1,850,0,200,8,200,5,3954.5,717,1.406052652,11.03766832,0.648303122,0.4232168147,0.7026336323,1.746274561,0.364129652
lp_s1,851,0,200,8,200,32,3586.0,78,3.218498745,94.57083545,0.6444150421,0.3309594082,0.7513377146,4.009318053,0.1996279712
lp_s1,852,0,200,8,200,34,3682.6,832,1.513961524,14.19305726,0.4782574784,0.4018619254,0.7133370141,2.189192508,0.3135589957
lp_s1,853,0,200,8,200,37,3562.3,692,2.574806675,22.42215259,0.4612727756,0.5437583943,0.647769757,3.791104142,0.2087201552
lp_s1,854,0,200,8,200,67,3547.0,241,2.253474709,35.27072518,0.6666557404,0.3794420813,0.7249307626,2.75995421,0.2659606858
lp_s1,855,0,200,8,200,16,3847.4,615,2.656092151,19.90352592,0.4920187096,0.5953579114,0.6268185922,3.786625277,0.2089154555
lp_s1,856,0,200,8,200,21,3813.3,191,2.600049151,83.07878302,0.7420488565,0.2852571211,0.7780544325,3.018320183,0.2488602088
lp_s1,857,0,200,8,200,44,3489.7,772,2.93521085,67.78322741,0.6322090492,0.3565153081,0.737182982,3.691551658,0.2131490971
lp_s1,858,0,200,8,200,13,3818.7,450,4.166649389,85.06083982,0.7931738303,0.4517749269,0.6888120062,4.678458366,0.1761041352
lp_s1,859,0,200,8,200,16,3820.3,410,1.521462633,9.924424864,0.3493186468,0.4829571684,0.6743283092,2.574248131,0.2797791209
lp_s1,860,0,200,8,200,9,3896.5,745,4.665932321,261.8356234,1.963034841,0.2883527307,0.7761849501,3.330231552,0.2309345327
lp_s1,861,0,200,8,200,78,3104.6,437,1.999999874,26.17648542,0.8788465108,0.3909077678,0.7189549323,2.133405704,0.319141565
lp_s1,862,0,200,8,200,45,3615.5,410,1.431704119,9.269576019,0.4932766005,0.4702440826,0.6801591735,2.038487334,0.3291111301
lp_s1,863,0,200,8,200,40,3598.5,410,2.046524787,18.70595019,0.4885426444,0.4731808088,0.6788033037,2.927964249,0.2545848018
lp_s1,864,0,200,8,200,53,3319.6,437,2.811124976,127.2296326,0.9814175631,0.2492217936,0.8004983624,2.837613495,0.2605786125
lp_s1,865,0,200,8,200,64,3209.9,418,16.27062172,761.7619288,2.022909706,0.5895145334,0.6291229045,11.43973328,0.08038757561
lp_s1,866,0,200,8,200,28,3731.7,437,2.616285392,32.16360748,0.4816336569,0.4613204847,0.6843125861,3.769872847,0.2096491944
lp_s1,867,0,200,8,200,32,3567.4,410,2.241747421,14.62618824,0.8246062458,0.5861666418,0.6304507822,2.468671873,0.2882947816
lp_s1,868,0,200,8,200,0,3976.0,718,7.352108939,463.6318634,1.285285853,0.3414485681,0.7454627958,6.4850312,0.1335999775
lp_s1,869,0,200,8,200,80,3038.8,522,5.378131535,171.7837971,0.4338911927,0.4103366614,0.7090505603,8.164714486,0.1091141466
lp_s1,870,0,200,8,200,16,3880.6,655,10.31723941,1161.492416,2.553954534,0.3027299012,0.767618828,6.455901976,0.134121935
lp_s1,871,0,200,8,200,36,3650.8,832,1.81512706,9.895933096,0.280736397,0.5770037771,0.6341138902,3.425765807,0.2259495969
lp_s1,872,0,200,8,200,67,3224.3,443,2.519822074,49.41576439,0.5910888803,0.3584570425,0.7361292766,3.277505894,0.2337810922
lp_s1,873,0,200,8,200,22,3784.7,745,6.792951515,332.1775539,0.8698172289,0.3727119981,0.7284849272,7.283573581,0.1207208447
lp_s1,874,0,200,8,200,9,3943.6,191,1.445905512,9.339455424,0.6891627606,0.4731285293,0.6788273936,1.741722701,0.3647341869
lp_s1,875,0,200,8,200,40,3554.5,191,1.860197704,13.63646981,0.6654474934,0.5037419585,0.6650077125,2.280353662,0.3048451793
lp_s1,876,0,200,8,200,39,3620.3,717,2.007868514,17.79946629,0.596315095,0.4759176148,0.6775445933,2.600143805,0.2777666822
lp_s1,877,0,200,8,200,35,3649.0,410,1.839369012,53.31333666,0.6367191567,0.2519132052,0.7987774199,2.305127264,0.3025602103
lp_s1,878,0,200,8,200,48,3501.6,320,1.933669661,13.51297104,0.3296412745,0.5260255756,0.6552970121,3.36791786,0.2289420342
lp_s1,879,0,200,8,200,42,3565.1,437,1.805754695,15.6504017,0.6345458847,0.4564529394,0.6865995961,2.266873245,0.3061030915
lp_s1,880,0,200,8,200,42,3538.7,832,2.352684569,23.24284987,0.4012836888,0.4879990938,0.6720434201,3.71396623,0.2121355884
lp_s1,881,0,200,8,200,11,3886.4,437,2.972713345,68.46233037,0.6837868153,0.3592751619,0.7356862157,3.594948486,0.2176302962
lp_s1,882,0,200,8,200,21,3731.0,692,2.616738238,38.87344896,0.5152795768,0.4196949501,0.704376669,3.645346504,0.2152691945
lp_s1,883,0,200,8,200,14,3827.2,134,6.151286515,501.3079914,2.958688512,0.2747347799,0.784476909,3.576154995,0.2185240668
lp_s1,884,0,200,8,200,16,3896.7,142,1.54203222,11.62271468,1.017868351,0.4523136143,0.6885565144,1.528437353,0.3955011971
lp_s1,885,0,200,8,200,18,3796.1,9,15.04200383,1377.999331,0.5131305523,0.4052109675,0.7116369165,20.99866853,0.0454572966
lp_s1,886,0,200,8,200,8,3962.5,437,2.295248323,28.55978201,1.240359896,0.4294891873,0.6995505869,2.060894787,0.3267018534
lp_s1,887,0,200,8,200,4,3958.9,813,8.724669031,510.7450471,2.65017072,0.3860529533,0.721473157,5.359348953,0.1572488013
lp_s1,888,0,200,8,200,11,3903.1,293,5.43047756,311.1663181,1.461778824,0.3078518253,0.7646126118,4.491559843,0.1820976241
lp_s1,889,0,200,8,200,9,3959.7,285,1.803987823,14.41535883,0.6707904154,0.4751392119,0.6779021206,2.202623038,0.3122440537
lp_s1,890,0,200,8,200,20,3799.8,813,11.03696046,1301.820514,4.690170525,0.3058960938,0.7657577082,5.096302168,0.1640338639
lp_s1,891,0,200,8,200,37,3587.4,31,2.579855286,23.60203468,0.5698101482,0.5310319154,0.6531542484,3.417671018,0.2263636192
lp_s1,892,0,200,8,200,20,3756.8,556,4.461564301,136.6153874,0.7855574208,0.3817133485,0.7237391179,5.033825874,0.1657323265
lp_s1,893,0,200,8,200,56,3341.3,106,3.192562081,55.32111777,0.9487451046,0.4292337651,0.6996756055,3.277665102,0.2337723913
lp_s1,894,0,200,8,200,4,3968.5,104,10.92136076,330.6927218,4.854396812,0.6005711071,0.6247769909,4.956888114,0.1678728861
lp_s1,895,0,200,8,200,63,3381.0,692,2.096636655,22.06657757,0.6088303581,0.4463295938,0.6914053369,2.687045525,0.2712198679
lp_s1,896,0,200,8,200,9,3920.1,717,2.344251244,39.21434497,0.5725953983,0.3743533058,0.7276149413,3.097991547,0.2440219773
lp_s1,897,0,200,8,200,38,3606.1,717,1.496113745,6.922698541,0.2674821524,0.5686262478,0.637500489,2.892792003,0.2568850324
lp_s1,898,0,200,8,200,51,3431.0,191,2.230118751,36.15980277,0.5638384942,0.3708642431,0.7294668345,2.96996019,0.2518916947
lp_s1,899,0,200,8,200,33,3630.1,437,1.344868877,12.00059016,0.5991574471,0.3882206579,0.7203465777,1.737438586,0.365304999
lp_s1,900,0,200,8,200,10,3876.2,879,8.496512659,913.0238974,3.853854723,0.2811898476,0.7805244491,4.328057672,0.1876856561
lp_s1,901,0,200,8,200,54,3470.0,615,2.215605323,33.63653672,0.5382117079,0.382020583,0.7235782247,3.020061795,0.2487523951
lp_s1,902,0,200,8,200,55,3487.8,654,1.77563196,8.887140542,0.5343360544,0.595623644,0.6267142028,2.429101789,0.2916215562
lp_s1,903,0,200,8,200,45,3520.1,191,4.762773934,163.1058826,1.252926814,0.3729281406,0.7283702405,4.254976014,0.1902958258
lp_s1,904,0,200,8,200,36,3627.5,437,2.053269516,19.74153117,0.658972384,0.4621208276,0.6839380037,2.529369935,0.2833366914
lp_s1,905,0,200,8,200,54,3431.8,410,1.403262613,5.709220956,0.3509285161,0.5872871911,0.6300057139,2.36880671,0.2968410141
lp_s1,906,0,200,8,200,16,3822.5,717,1.476315442,8.196424792,0.4549184815,0.5156641427,0.659776775,2.188831711,0.313594473
lp_s1,907,0,200,8,200,50,3495.0,454,6.345208678,162.911713,0.7622712617,0.4971297509,0.6679447786,7.267602006,0.1209540565
lp_s1,908,0,200,8,200,25,3723.0,522,4.342228699,63.86734223,0.8374043516,0.5433419931,0.6479445285,4.745096912,0.1740614676
lp_s1,909,0,200,8,200,18,3829.9,672,4.446275007,167.6607917,0.9191218857,0.3433844026,0.7443885742,4.637775981,0.1773749087
lp_s1,910,0,200,8,200,39,3550.9,437,2.675203233,61.10020307,0.3579328075,0.3422436932,0.7450211948,4.471528747,0.1827642778
lp_s1,911,0,200,8,200,19,3830.1,717,1.747823626,12.82910877,0.3277061009,0.4879770104,0.672053394,3.053200622,0.2467186042
lp_s1,912,0,200,8,200,7,3946.3,615,2.636370859,46.09867851,0.5896485046,0.388295417,0.7203077874,3.433285362,0.2255663506
lp_s1,913,0,200,8,200,20,3849.5,437,1.695587852,9.694995904,0.611974651,0.5445609327,0.6474331823,2.167472419,0.3157091421
lp_s1,914,0,200,8,200,50,3469.4,832,1.819196975,8.210403421,0.3396680764,0.6348885236,0.611662499,3.121421082,0.2426347563
lp_s1,915,0,200,8,200,52,3360.7,437,2.679462363,38.16456301,0.7600797828,0.4337280544,0.6974823412,3.073392808,0.2454955972
lp_s1,916,0,200,8,200,27,3659.2,437,2.050482927,31.57055437,1.411403337,0.3649346102,0.7326358293,1.725959448,0.3668433148
lp_s1,917,0,200,8,200,30,3720.3,437,1.798670064,4.863111735,0.3559320394,0.8156322372,0.5507723313,3.01486566,0.2490743364
lp_s1,918,0,200,8,200,90,3054.5,655,15.66235383,1593.272356,3.42326024,0.3923846599,0.7181923421,8.465197071,0.1056502038
lp_s1,919,0,200,8,200,14,3879.8,554,3.795548614,355.0321616,3.532607859,0.2014376796,0.8323361395,2.019420883,0.3311893369
lp_s1,920,0,200,8,200,27,3726.1,615,2.094715921,24.32350597,0.4025744702,0.4247291286,0.7018878044,3.301429431,0.2324808569
lp_s1,921,0,200,8,200,10,3898.6,717,2.871079067,61.12685886,0.9662466851,0.3672223565,0.7314099241,2.920795456,0.2550502854
lp_s1,922,0,200,8,200,7,3945.8,859,4.048392721,156.6346074,1.07168448,0.3234735493,0.7555874468,3.910651944,0.2036389488
lp_s1,923,0,200,8,200,18,3837.2,437,2.546062703,34.72508866,0.8394930317,0.4320633348,0.6982931381,2.77882084,0.264632816
lp_s1,924,0,200,8,200,20,3764.3,924,91.8782343,64500.37319,1.71440744,0.3617691477,0.7343388574,70.17066931,0.01405073199
lp_s1,925,0,200,8,200,9,3885.8,948,2.903733869,30.54633027,0.8733708078,0.5253845395,0.6555723977,3.10711605,0.24347985
lp_s1,926,0,200,8,200,27,3691.2,816,18.84577315,978.2802354,1.371862216,0.6025350558,0.6240113103,16.09009883,0.05851341235
lp_s1,927,0,200,8,200,3,3972.0,382,4.659387964,396.801709,3.73368655,0.2339064009,0.8104342431,2.411348303,0.2931392257
lp_s1,928,0,200,8,200,1,3977.5,235,9.197165521,1823.131741,15.18731607,0.2153996416,0.8227746379,2.360008064,0.2976183334
lp_s1,929,0,200,8,200,39,3652.4,430,5.695670719,303.3695263,3.128660975,0.3270083912,0.7535747375,3.220072287,0.2369627656
lp_s1,930,0,200,8,200,26,3754.2,410,1.820309295,32.2464916,1.147582039,0.3205560304,0.7572567744,1.699234494,0.3704754079
lp_s1,931,0,200,8,200,20,3762.1,717,1.356893409,4.850643266,0.3097204925,0.6160927027,0.6187763848,2.438151917,0.2908539308
lp_s1,932,0,200,8,200,19,3808.9,745,4.345054825,170.8182499,1.441579135,0.3324513697,0.7504964329,3.618895285,0.2165019855
lp_s1,933,0,200,8,200,39,3561.7,931,2.418380241,40.26868731,1.103403505,0.381101668,0.724059657,2.302276106,0.3028214383
lp_s1,934,0,200,8,200,50,3558.3,320,1.885680635,30.16619084,0.3351132705,0.3433269568,0.7444204071,3.25740927,0.2348846297
lp_s1,935,0,200,8,200,29,3681.1,717,2.084319422,19.41166333,0.9933124103,0.4730781613,0.6788506043,2.091324112,0.3234859769
lp_s1,936,0,200,8,200,23,3834.2,692,4.393552184,114.2542989,1.681614614,0.4110356722,0.7086993049,3.388071388,0.2278905495
lp_s1,937,0,200,8,200,7,3919.4,717,1.72761007,20.44686514,0.4116620512,0.3820606943,0.7235572245,2.692621505,0.2708103169
lp_s1,938,0,200,8,200,24,3768.4,627,3.936165161,267.73366,1.707137669,0.2405591196,0.8060881454,3.012583134,0.2492160203
lp_s1,939,0,200,8,200,9,3895.7,293,3.881946053,121.5913073,1.620572646,0.3520450416,0.7396203301,3.049405952,0.2469498025
lp_s1,940,0,200,8,200,16,3897.7,249,2.967279502,78.82869886,1.384775546,0.3342075659,0.7495085664,2.521556848,0.2839653151
lp_s1,941,0,200,8,200,50,3472.5,717,2.373907213,39.335781,0.7024138273,0.3785034578,0.7254243682,2.83248236,0.2609274893
lp_s1,942,0,200,8,200,21,3771.4,813,11.79040868,1241.426521,0.4765090893,0.3346326783,0.74926983,17.08021229,0.05530908508
lp_s1,943,0,200,8,200,32,3693.0,437,1.960046481,26.86424347,0.4117627062,0.3781630248,0.7256035622,3.054519244,0.2466383657
lp_s1,944,0,200,8,200,5,3963.5,191,3.616741168,53.66492196,1.73378809,0.4937102895,0.6694738645,2.746751826,0.2668978482
lp_s1,945,0,200,8,200,48,3355.4,717,5.73070334,387.5511731,2.703160924,0.2911008001,0.7745328637,3.485555293,0.2229378382
lp_s1,946,0,200,8,200,45,3558.8,249,3.976702092,107.1125075,0.5991792876,0.3842403459,0.7224178972,5.137415144,0.1629350429
lp_s1,947,0,200,8,200,7,3942.5,935,2.796306095,54.37845299,1.842750446,0.3792025815,0.7250566475,2.059925182,0.3268053761
lp_s1,948,0,200,8,200,19,3836.1,191,1.4024395,8.124585339,0.4997988828,0.4920208794,0.6702319075,1.983747967,0.3351489506
lp_s1,949,0,200,8,200,16,3871.4,828,11.29359285,789.6952796,1.261274077,0.4018855172,0.7133250096,10.05604925,0.09044822224
lp_s1,950,0,200,8,200,11,3947.9,410,1.955179766,22.30768869,0.7174011598,0.4139609801,0.7072330949,2.308371251,0.3022635382
lp_s1,951,0,200,8,200,13,3846.3,191,2.778172661,31.88240704,0.9176891348,0.4920210486,0.6702318315,2.90008975,0.2564043558
lp_s1,952,0,200,8,200,66,3226.2,139,3.691535947,54.42129899,0.4057920196,0.5004061631,0.6664861986,5.795025493,0.1471664824
lp_s1,953,0,200,8,200,31,3717.6,191,4.721947568,273.1891501,2.359509544,0.2856863148,0.7777946988,3.074045499,0.245456267
lp_s1,954,0,200,8,200,14,3830.3,633,5.469266957,168.9461479,0.7663356642,0.4207798893,0.7038387913,6.247691881,0.1379749604
lp_s1,955,0,200,8,200,13,3850.8,165,3.627556138,56.94155561,0.5012474089,0.4807280663,0.6753434495,5.123751657,0.1632985882
lp_s1,956,0,200,8,200,13,3884.7,410,1.96843665,40.66108564,1.060400594,0.3086966791,0.7641190017,1.911553517,0.3434592543
lp_s1,957,0,200,8,200,9,3890.0,862,2.576644435,48.74766335,1.736178116,0.3690435255,0.7304369667,1.955497897,0.3383524654
lp_s1,958,0,200,8,200,13,3911.6,761,9.556834452,995.9696946,5.977969176,0.3028244946,0.767563094,3.908743997,0.2037180999
lp_s1,959,0,200,8,200,8,3932.4,31,2.352795469,33.22159554,0.9115736246,0.4082008755,0.710125961,2.464270055,0.2886610986
lp_s1,960,0,200,8,200,8,3939.1,614,8.958624419,266.0667117,1.197070137,0.5492196392,0.6454862659,8.188069708,0.1088367885
lp_s1,961,0,200,8,200,15,3833.1,519,4.323906349,136.8388495,1.116641648,0.3696337106,0.7301222161,4.091846826,0.1963923963
lp_s1,962,0,200,8,200,17,3827.5,410,2.30010513,76.96096283,0.875347067,0.2621877764,0.7922751421,2.458428297,0.2891486866
lp_s1,963,0,200,8,200,10,3942.2,437,1.610316196,21.22145213,0.9778976353,0.3495615141,0.7409814147,1.628412633,0.3804577666
lp_s1,964,0,200,8,200,3,3974.6,410,1.686089404,23.64290967,0.5611861148,0.3467609129,0.7425222921,2.250749388,0.3076213761
lp_s1,965,0,200,8,200,4,3957.6,431,6.230130395,414.4888273,2.996168833,0.3060135959,0.765688813,3.599266426,0.2174259778
lp_s1,966,0,200,8,200,31,3711.3,556,3.709755086,162.8035355,1.667922544,0.2907457151,0.7747459382,2.872481892,0.2582323244
lp_s1,967,0,200,8,200,26,3749.8,630,10.27509637,1964.260422,1.884043663,0.2318389337,0.8117944421,7.485837961,0.1178434003
lp_s1,968,0,200,8,200,32,3734.8,615,2.306300458,39.88123007,0.6629189731,0.3652007097,0.7324930268,2.832602674,0.2609192982
lp_s1,969,0,200,8,200,5,3887.3,410,1.814888519,13.07335985,0.835050241,0.5019452463,0.6658032325,1.98606588,0.3348887935
lp_s1,970,0,200,8,200,33,3661.8,717,1.2993646,5.908593991,0.2885887867,0.5345507662,0.6516565121,2.418751794,0.2925044169
lp_s1,971,0,200,8,200,2,3997.2,191,2.061205531,14.19413011,1.03299901,0.5471002437,0.6463705271,2.028015858,0.3302492612
lp_s1,972,0,200,8,200,28,3703.6,31,2.891761457,24.89697798,0.4777596105,0.5795476475,0.6330926462,4.18367316,0.1929133973
lp_s1,973,0,200,8,200,13,3888.6,554,3.447939271,62.93128649,0.9862478339,0.4346366082,0.6970406264,3.471894955,0.2236188484
lp_s1,974,0,200,8,200,11,3920.2,191,1.465063501,10.90523081,0.6575944359,0.4436485005,0.6926893905,1.806663972,0.3562948789
lp_s1,975,0,200,8,200,24,3720.3,105,4.401933442,106.7290912,0.8946683831,0.4260907105,0.7012176663,4.653850487,0.1768706128
lp_s1,976,0,200,8,200,12,3857.9,191,2.885355977,144.2742792,0.6454103349,0.240217667,0.806310075,3.591546086,0.2177915633
lp_s1,977,0,200,8,200,17,3830.9,614,12.54884932,2031.689418,4.687420219,0.2784038554,0.7822254257,5.796114552,0.1471428994
lp_s1,978,0,200,8,200,52,3367.5,139,3.428391449,66.3331232,0.8291874783,0.4209448303,0.7037570908,3.764991809,0.2098639494
lp_s1,979,0,200,8,200,43,3572.6,31,2.412515818,37.68293944,0.5545338297,0.3930047354,0.7178726494,3.239710076,0.2358651846
lp_s1,980,0,200,8,200,13,3858.1,599,9.496624823,838.5303601,4.226503765,0.3279516991,0.7530394371,4.619326405,0.1779572725
lp_s1,981,0,200,8,200,24,3736.5,398,8.169582121,546.1396309,2.814566854,0.3495811417,0.7409706383,4.869608628,0.1703691103
lp_s1,982,0,200,8,200,12,3889.6,510,3.222150665,39.18535074,1.037321793,0.5147353259,0.6601813418,3.163654823,0.2401736077
lp_s1,983,0,200,8,200,15,3887.8,176,4.933418657,70.76369742,1.529048954,0.5864658302,0.6303318868,3.989672772,0.2004139441
lp_s1,984,0,200,8,200,25,3769.7,556,4.862476256,517.0343404,1.924192206,0.2138443593,0.8238288479,3.505365178,0.2219575907
lp_s1,985,0,200,8,200,4,3963.8,672,5.699507561,167.607542,1.242826903,0.4402410702,0.694328207,5.112484583,0.1635995946
lp_s1,986,0,200,8,200,33,3700.3,320,2.30148465,47.49017032,0.3618386246,0.3339690484,0.7496425807,3.826049819,0.2072088017
lp_s1,987,0,200,8,200,13,3911.0,191,3.01856104,112.9910447,1.392891168,0.283973589,0.7788322194,2.557651512,0.2810843043
lp_s1,988,0,200,8,200,3,3971.7,32,2.95684198,74.69740124,0.9622586386,0.3421175625,0.745091211,3.014270382,0.2491112718
lp_s1,989,0,200,8,200,21,3831.9,731,4.765931699,323.2352368,2.358567399,0.2650870212,0.7904594571,3.103299336,0.2437063246
lp_s1,990,0,200,8,200,37,3649.5,505,5.210757734,177.646422,0.6286278063,0.3909512891,0.718932437,6.572098867,0.1320637801
lp_s1,991,0,200,8,200,16,3816.0,437,2.376932569,42.49592906,0.7316516456,0.3646222757,0.7328035148,2.778847313,0.2646309621
lp_s1,992,0,200,8,200,35,3608.7,576,4.321923127,105.7145838,0.6618810755,0.4203485811,0.7040525216,5.312354594,0.1584194907
lp_s1,993,0,200,8,200,8,3923.9,437,1.984055149,35.98096047,0.938345413,0.3307633361,0.7514484153,2.048200048,0.3280624579
lp_s1,994,0,200,8,200,30,3699.6,832,1.490556148,8.585686483,0.2721532395,0.5086989338,0.6628227658,2.857206215,0.2592550007
lp_s1,995,0,200,8,200,15,3878.6,31,2.242355521,28.13239435,0.9155874209,0.4227670407,0.7028557532,2.343443901,0.2990928006
lp_s1,996,0,200,8,200,19,3863.7,832,2.227617791,55.41864841,0.7396907438,0.2992352229,0.7696835664,2.590094357,0.278544211
lp_s1,997,0,200,8,200,16,3850.4,633,3.831307287,422.562755,0.7790616351,0.1863808886,0.8428996199,4.340713046,0.1872409155
lp_s1,998,0,200,8,200,17,3854.1,121,2.354190257,22.20979154,0.6668994814,0.4995389042,0.6668716611,2.882779122,0.2575474856
lp_s1,999,0,200,8,200,15,3827.7,437,1.949433446,54.24213485,0.4818958897,0.2646915188,0.7907066547,2.808224357,0.2625895709
lp_s1,1000,0,200,8,200,98,2833.7,717,3.102187179,85.26319707,0.6073138218,0.3359597056,0.7485255699,3.980718031,0.2007742646
lp_s2,1,0,200,8,200,14,3853.3,410,2.410528959,39.13013585,0.7052924939,0.3853511642,0.7218386398,2.870302851,0.2583777132
lp_s2,2,0,200,8,200,56,3481.8,717,1.956026181,33.30540979,0.5959578082,0.3389356667,0.7468618731,2.533768346,0.2829840278
lp_s2,3,0,200,8,200,45,3374.3,717,2.461972818,33.86054154,0.417737794,0.4230934519,0.702694541,3.809178893,0.2079357043
lp_s2,4,0,200,8,200,49,3506.8,437,1.617488288,9.078510302,0.4791017941,0.5368263801,0.6506915894,2.336830682,0.2996855686
lp_s2,5,0,200,8,200,6,3942.7,191,2.372151517,21.595299,0.9240658694,0.5104612911,0.6620494056,2.467692042,0.2883762422
lp_s2,6,0,200,8,200,36,3556.6,702,2.144083653,23.84701192,0.9911392585,0.4390608777,0.6948976346,2.153646335,0.3170932609
lp_s2,7,0,200,8,200,21,3826.2,642,2.970037066,57.76230889,0.4976942789,0.3907865402,0.7190175998,4.209984967,0.1919391335
lp_s2,8,0,200,8,200,45,3635.7,410,2.14670721,27.51580891,0.5766139703,0.4092433891,0.7096006323,2.827028813,0.2612993131
lp_s2,9,0,200,8,200,21,3833.5,388,19.53675286,1450.638666,0.7759994864,0.5129473118,0.6609615498,22.17796357,0.04314442884
lp_s2,10,0,200,8,200,29,3740.0,148,2.622563284,48.41625118,0.5189831414,0.3769036967,0.7262672055,3.640402061,0.2154985682
lp_s2,11,0,200,8,200,29,3651.5,191,1.737012151,12.38386635,0.6790351344,0.4935995196,0.6695235148,2.107932663,0.3217572928
lp_s2,12,0,200,8,200,14,3897.1,673,6.779088239,573.1037224,1.908900394,0.2831748455,0.7793170225,4.906588686,0.1693024609
lp_s2,13,0,200,8,200,32,3677.1,603,6.85740021,349.0752302,1.136298239,0.3670286615,0.731513558,6.432996714,0.1345352404
lp_s2,14,0,200,8,200,4,3955.3,397,2.761523763,99.42378496,1.415477126,0.276951447,0.7831151312,2.321118734,0.301103357
lp_s2,15,0,200,8,200,13,3876.6,673,5.045726153,137.48757,1.261443214,0.4303204231,0.6991440406,4.49251798,0.1820658582
lp_s2,16,0,200,8,200,22,3693.6,717,2.123919953,14.85439001,0.4714060026,0.5510750309,0.644714137,3.093432121,0.2442937785
lp_s2,17,0,200,8,200,3,3888.6,410,1.953091961,41.2692443,0.560052205,0.304025096,0.7668564072,2.609807271,0.2770230998
lp_s2,18,0,200,8,200,28,3688.4,78,2.798640876,61.2414951,0.6412675145,0.3576220437,0.7365820293,3.494842054,0.2224772279
lp_s2,19,0,200,8,200,13,3872.2,717,2.39196448,42.18463013,0.5263804176,0.3682795497,0.7308448045,3.296893088,0.232726293
lp_s2,20,0,200,8,200,22,3653.6,935,7.345596115,365.2780343,1.085129131,0.384339718,0.7223660399,7.05157833,0.1241992513
lp_s2,21,0,200,8,200,13,3861.4,543,6.627892879,250.0514501,1.380197999,0.4191416242,0.7046513068,5.641632389,0.1505653944
lp_s2,22,0,200,8,200,36,3637.1,410,2.23027419,35.90883607,1.201983291,0.3721839102,0.7287652862,2.034272102,0.3295683335
lp_s2,23,0,200,8,200,20,3826.5,519,2.553087503,46.32356441,1.939967304,0.3751152455,0.7272117761,1.833025449,0.352979533
lp_s2,24,0,200,8,200,16,3871.9,410,2.097448914,18.25888874,0.6993479887,0.4908561319,0.6707555334,2.508099299,0.2850546449
lp_s2,25,0,200,8,200,19,3806.0,2,6.85457671,421.2112218,6.170411397,0.3339878549,0.7496320122,2.759456681,0.2659958831
lp_s2,26,0,200,8,200,6,3954.1,615,3.205101684,171.6404851,1.027592175,0.2446425223,0.8034435447,3.161778326,0.2402818991
lp_s2,27,0,200,8,200,13,3718.2,437,2.659653882,28.02340198,0.6689606956,0.5024174263,0.6655939837,3.251807451,0.2351940937
lp_s2,28,0,200,8,200,12,3848.8,777,3.194377222,73.70449561,0.7162541889,0.3720824714,0.7288191642,3.774440755,0.2094486142
lp_s2,29,0,200,8,200,18,3812.0,594,5.026660112,172.5944675,1.237861959,0.3826186062,0.7232652559,4.517970721,0.1812260431
lp_s2,30,0,200,8,200,34,3711.2,410,1.776920057,13.42560318,1.180273563,0.4849544917,0.6734213106,1.635597921,0.3794205452
lp_s2,31,0,200,8,200,37,3662.8,832,1.744366935,8.545807131,0.6042480171,0.5967072332,0.6262888895,2.244038114,0.3082577839
lp_s2,32,0,200,8,200,44,3500.3,832,2.214134712,8.753113335,0.5061812,0.7483810202,0.5719577074,3.112082025,0.2431858105
lp_s2,33,0,200,8,200,44,3563.9,772,3.534349859,95.87219036,0.5884514824,0.3609634364,0.7347735973,4.607381845,0.178336348
lp_s2,34,0,200,8,200,14,3836.3,935,4.661367388,227.2164032,1.119586278,0.3092384537,0.7638028024,4.40539191,0.1850004619
lp_s2,35,0,200,8,200,21,3698.2,142,1.828990232,29.07289155,0.4948889857,0.3392089261,0.7467094794,2.599905076,0.2777851023
lp_s2,36,0,200,8,200,49,3000.3,356,1.583347452,6.764847054,0.2949461622,0.6087615813,0.6215961468,2.915444999,0.2553988117
lp_s2,37,0,200,8,200,2,3999.2,664,2.176473656,16.37995157,0.6183140668,0.5377706651,0.6502920251,2.767890158,0.2654005181
lp_s2,38,0,200,8,200,29,3764.7,18,7.669480273,547.6471082,2.30893829,0.3277294999,0.7531654603,5.047307587,0.1653628471
lp_s2,39,0,200,8,200,29,3735.8,862,2.793348809,37.56107635,0.6490650753,0.4557809356,0.6869165378,3.467217207,0.2238530059
lp_s2,40,0,200,8,200,25,3776.7,437,1.811030744,18.78887626,0.4565814449,0.417806719,0.705314756,2.680196859,0.2717245947
lp_s2,41,0,200,8,200,11,3935.3,249,4.248789273,140.3458443,3.023376813,0.3586455224,0.7360271561,2.443537751,0.2903990234
lp_s2,42,0,200,8,200,52,3421.7,320,3.103508819,52.94521448,0.6815379977,0.4265202232,0.7010065358,3.759308328,0.2101145652
lp_s2,43,0,200,8,200,53,3485.2,754,5.218312249,317.3496723,0.524146557,0.2929281005,0.7734382133,7.207816038,0.1218350893
lp_s2,44,0,200,8,200,43,3561.5,356,1.782509988,6.583030413,0.3267549823,0.6947347801,0.5900628297,3.118321312,0.2428173822
lp_s2,45,0,200,8,200,37,3583.7,832,2.875823126,65.43876465,0.643808928,0.3555041098,0.7377329163,3.584129346,0.2181439319
lp_s2,46,0,200,8,200,0,4000.0,810,12.55899436,1308.6663,3.513228915,0.3471685743,0.7422976004,6.700414058,0.1298631466
lp_s2,47,0,200,8,200,25,3415.5,717,1.558680849,7.726991196,0.5000197487,0.560727674,0.6407267691,2.204264065,0.3120841415
lp_s2,48,0,200,8,200,44,3602.0,926,20.98114022,1317.681096,0.7680065645,0.5779947964,0.6337156512,23.94123889,0.04009423928
lp_s2,49,0,200,8,200,18,3829.4,695,25.77973835,4745.027998,3.015617993,0.3742476789,0.727670867,14.84534662,0.06311001104
lp_s2,50,0,200,8,200,3,3978.0,437,1.459484208,15.14417038,0.9393230013,0.375039194,0.7272519972,1.505885396,0.3990605482
lp_s2,51,0,200,8,200,57,3384.5,754,7.058017852,327.8488158,0.4085990418,0.3898036872,0.7195260807,11.04165264,0.08304507942
lp_s2,52,0,200,8,200,80,3200.9,935,8.944824565,1268.057795,4.944735368,0.2511899752,0.7992391402,4.02253934,0.1991024723
lp_s2,53,0,200,8,200,14,3915.8,905,3.3330214,60.85036743,2.073262979,0.4272740327,0.7006363019,2.314786313,0.3016785716
lp_s2,54,0,200,8,200,21,3766.3,437,1.520244578,7.038637331,0.3713988483,0.5730191932,0.6357201516,2.494555592,0.2861594196
lp_s2,55,0,200,8,200,22,3786.5,758,5.282464431,334.6930243,1.303211149,0.2887441878,0.7759491833,4.627316315,0.1777046009
lp_s2,56,0,200,8,200,19,3806.3,810,16.46144379,1389.219979,1.984568634,0.4416542492,0.6936475931,11.68516534,0.07883224012
lp_s2,57,0,200,8,200,9,3940.5,717,1.473724083,9.826944218,0.3878252733,0.4701180599,0.6802174786,2.366454328,0.2970484381
lp_s2,58,0,200,8,200,11,3748.5,810,27.99279873,5905.86603,8.338767433,0.3642541647,0.7330012441,9.69382981,0.09351186785
lp_s2,59,0,200,8,200,26,3764.2,417,5.70875137,277.5789609,1.385531262,0.3426477276,0.7447970003,4.849902012,0.1709430342
lp_s2,60,0,200,8,200,25,3705.1,78,3.118709883,66.29744185,1.069896696,0.3830245323,0.7230529731,3.015116195,0.2490587947
lp_s2,61,0,200,8,200,16,3807.6,832,2.074091218,16.24262791,0.4759324813,0.5146354573,0.6602248714,3.006458268,0.2495970089
lp_s2,62,0,200,8,200,59,3398.9,604,3.340828477,26.72132605,0.5235820833,0.6462866362,0.6074276362,4.617020369,0.1780303318
lp_s2,63,0,200,8,200,111,2153.6,133,6.647813085,465.8725805,2.915239133,0.3079961054,0.7645282703,3.893513702,0.2043521406
lp_s2,64,0,200,8,200,24,3764.6,239,5.437749855,376.7626187,4.034573789,0.2801465781,0.7811605461,2.707200329,0.2697453365
lp_s2,65,0,200,8,200,56,3320.4,754,4.764483658,223.4552505,0.6671023334,0.3187282512,0.7583063448,5.833371182,0.1463406529
lp_s2,66,0,200,8,200,37,3593.9,356,1.439820067,12.23525638,0.2973617836,0.4116249444,0.7084034637,2.640375204,0.2746969595
lp_s2,67,0,200,8,200,4,3957.9,356,1.732826861,37.35007374,1.645107792,0.283536804,0.7790972545,1.351008221,0.4253494271
lp_s2,68,0,200,8,200,3,3955.0,443,2.286260459,19.16498604,0.7258480385,0.522241586,0.65692595,2.683507735,0.2714803584
lp_s2,69,0,200,8,200,14,3819.8,717,2.396350846,25.22363123,0.5848655242,0.4771408485,0.6769835124,3.133447277,0.2419288146
lp_s2,70,0,200,8,200,16,3617.7,931,1.690504251,11.94689159,0.5099954194,0.4890900254,0.6715510701,2.367190065,0.2969835325
lp_s2,71,0,200,8,200,27,3725.8,320,2.565815656,34.66558071,0.4190232474,0.4357889469,0.6964811939,3.963751247,0.2014605387
lp_s2,72,0,200,8,200,18,3866.4,437,1.817543492,20.70425223,0.604603497,0.3994432043,0.7145699067,2.337488509,0.2996264998
lp_s2,73,0,200,8,200,13,3862.3,316,3.462690363,62.15690711,0.8521508132,0.4392067037,0.6948272249,3.75107223,0.2104788039
lp_s2,74,0,200,8,200,19,3789.6,133,3.485836628,120.0623632,0.6581862051,0.3181292381,0.758650951,4.296676348,0.1887976411
lp_s2,75,0,200,8,200,71,3156.5,410,2.727886662,69.84515469,0.6131971469,0.3264060355,0.7539169555,3.483583779,0.223035868
lp_s2,76,0,200,8,200,14,3824.6,604,3.197785572,34.3691662,1.43644993,0.5454624271,0.6470555236,2.668112223,0.2726197944
lp_s2,77,0,200,8,200,12,3846.7,974,3.17223312,130.7898484,1.484031169,0.2773818733,0.7828512529,2.604015613,0.2774682763
lp_s2,78,0,200,8,200,14,3828.6,437,2.258853721,13.72319519,0.3968724733,0.6097621848,0.6212097721,3.585606437,0.2180736645
lp_s2,79,0,200,8,200,22,3869.9,356,2.074194336,8.061384982,0.5774901227,0.7305410307,0.5778539672,2.7294627,0.2681351391
lp_s2,80,0,200,8,200,8,3955.5,810,13.22509552,1923.141368,3.028350827,0.3015735251,0.7683008149,7.599687329,0.1162832975
lp_s2,81,0,200,8,200,25,3765.0,832,2.605121414,31.18979336,0.6149239474,0.4664678537,0.6819106177,3.322134915,0.2313671414
lp_s2,82,0,200,8,200,34,3709.8,410,2.357304618,26.5457577,1.279863637,0.4575284916,0.6860929346,2.083693596,0.3242864341
lp_s2,83,0,200,8,200,2,3964.5,859,4.14338867,56.92858192,1.344118188,0.549149372,0.6455155443,3.573855141,0.2186339465
lp_s2,84,0,200,8,200,17,3808.3,569,9.075272982,270.6494141,1.53857777,0.5516405105,0.6444791775,7.316442616,0.1202437203
lp_s2,85,0,200,8,200,9,3909.7,522,5.172572528,310.927582,1.878652435,0.2933438342,0.7731895986,3.773839006,0.2094750155
lp_s2,86,0,200,8,200,14,3892.1,562,70.46746737,46198.87431,8.277907172,0.3278483228,0.7530980631,24.49223327,0.03922763414
lp_s2,87,0,200,8,200,10,3919.9,538,2.062912079,17.24857903,1.183496202,0.4967113197,0.668131514,1.896257382,0.3452731812
lp_s2,88,0,200,8,200,31,3674.5,402,8.44949655,761.2692022,0.7684527784,0.3062398496,0.7655561881,9.638783829,0.09399570628
lp_s2,89,0,200,8,200,18,3832.9,149,10.26470346,3097.021008,9.432772557,0.1844481619,0.8442750237,3.342156067,0.2303003358
lp_s2,90,0,200,8,200,40,3540.7,191,3.343825979,106.1538861,1.20941946,0.3245455949,0.754975898,3.040571297,0.2474897549
lp_s2,91,0,200,8,200,26,3762.2,717,1.907453857,17.69611077,0.4466095031,0.4534350909,0.6880252213,2.854237192,0.2594547119
lp_s2,92,0,200,8,200,14,3882.6,904,4.574797901,152.3119249,3.991188941,0.3706849551,0.7295622501,2.289922421,0.3039585352
lp_s2,93,0,200,8,200,17,3871.9,134,5.500767132,510.9209565,2.499391394,0.2433584338,0.8042733075,3.479414147,0.2232434794
lp_s2,94,0,200,8,200,16,3859.3,832,1.776584863,14.54781028,0.683453758,0.4657867638,0.6822274731,2.148975131,0.3175636385
lp_s2,95,0,200,8,200,13,3937.6,405,21.08560109,3075.704217,2.300436183,0.3802013915,0.724531946,13.90211546,0.06710456665
lp_s2,96,0,200,8,200,18,3829.7,946,16.74758492,2239.501149,3.012644502,0.3538967251,0.7386087738,9.648909767,0.09390632674
lp_s2,97,0,200,8,200,4,3930.6,717,1.75503585,19.25308578,0.8306047411,0.3999777374,0.714297073,1.925700705,0.3417984616
lp_s2,98,0,200,8,200,7,3929.5,908,5.682907309,141.7263606,1.857259491,0.4773591539,0.6768834764,4.169982951,0.1934242355
lp_s2,99,0,200,8,200,8,3939.7,631,3.079423888,29.78139139,0.5887475375,0.5642830204,0.6392705073,4.013330472,0.199468199
lp_s2,100,0,200,8,200,49,3536.8,717,1.64509603,8.249559526,0.2863340171,0.5727642118,0.6358232165,3.074360426,0.2454372945
lp_s2,101,0,200,8,200,46,3525.5,717,2.106274936,20.51264579,0.5382289224,0.4650548944,0.6825682804,2.870989103,0.2583319078
lp_s2,102,0,200,8,200,34,3609.9,410,1.713276548,8.2687734,0.410251657,0.5958088157,0.6266414812,2.674867649,0.2721186436
lp_s2,103,0,200,8,200,30,3687.1,832,1.941758589,19.11102363,1.024408283,0.4441741297,0.6924372757,1.918486264,0.3426433806
lp_s2,104,0,200,8,200,3,3978.8,905,8.180261951,306.7942549,3.144850614,0.4670287321,0.6816499078,4.612827358,0.1781633277
lp_s2,105,0,200,8,200,37,3623.8,832,2.145738999,16.77266084,0.5113150309,0.5239331913,0.6561967452,3.000769347,0.2499519251
lp_s2,106,0,200,8,200,15,3883.3,717,1.740788158,8.410009432,0.6946685777,0.600271442,0.6248939859,2.088608766,0.3237703691
lp_s2,107,0,200,8,200,83,3100.2,410,1.585412892,9.606979571,0.2422718799,0.5115039029,0.6615927343,3.221001157,0.2369106197
lp_s2,108,0,200,8,200,37,3557.0,931,2.577232581,45.58760882,1.033487868,0.3817070721,0.7237424054,2.53513401,0.2828747078
lp_s2,109,0,200,8,200,36,3601.8,777,2.817078574,33.15414208,0.4785045946,0.4892491315,0.671479324,4.072451345,0.19714334
lp_s2,110,0,200,8,200,18,3825.0,717,2.387655849,81.69722294,0.9405160137,0.2641606239,0.7910387186,2.462003305,0.2888500998
lp_s2,111,0,200,8,200,10,3918.8,664,3.088047985,179.0688778,1.645114931,0.2307671488,0.8125013744,2.407608779,0.2934609179
lp_s2,112,0,200,8,200,23,3870.0,931,1.945534248,15.63797745,0.6559753507,0.4919812924,0.6702496909,2.402122328,0.2939341692
lp_s2,113,0,200,8,200,28,3705.4,777,2.700705637,58.46226477,0.413774283,0.3532152396,0.7389807406,4.198513012,0.1923627002
lp_s2,114,0,200,8,200,23,3743.0,286,14.83275872,2480.341731,6.008895601,0.2978284437,0.7705178638,6.050964471,0.1418245694
lp_s2,115,0,200,8,200,21,3785.2,758,7.618762533,731.9266301,3.567540107,0.2816116798,0.7802675458,4.033666658,0.1986623406
lp_s2,116,0,200,8,200,3,3967.6,664,3.871780669,74.698739,1.067263363,0.4479753443,0.6906194943,3.747787398,0.210624427
lp_s2,117,0,200,8,200,37,3631.5,832,1.578617825,10.83356913,0.842644955,0.4796133055,0.6758522624,1.719707914,0.3676865427
lp_s2,118,0,200,8,200,51,3518.2,717,1.935379121,14.86093192,0.7227155553,0.5020454428,0.6657588189,2.276577034,0.305196548
lp_s2,119,0,200,8,200,18,3846.2,388,23.50872775,3027.27916,1.542211578,0.4272704823,0.7006380447,18.93028476,0.05017489775
lp_s2,120,0,200,8,200,17,3856.7,862,2.215277557,18.42372147,0.716284132,0.5161066655,0.6595841986,2.617492721,0.2764345576
lp_s2,121,0,200,8,200,29,3721.4,832,1.758907936,10.4353977,0.5013175678,0.5444883675,0.6474636009,2.484200509,0.2870098886
lp_s2,122,0,200,8,200,17,3793.2,191,5.005635508,232.8590384,2.780312518,0.3280293269,0.7529954194,3.002011939,0.249874317
lp_s2,123,0,200,8,200,48,3504.4,155,5.893212628,226.2492867,0.9093235669,0.3917946501,0.7184967983,6.180062787,0.1392745481
lp_s2,124,0,200,8,200,3,3963.8,519,2.696131564,52.70945647,1.140587956,0.371361444,0.729202359,2.524507644,0.283727573
lp_s2,125,0,200,8,200,18,3378.9,437,1.875758411,21.6180383,0.4160679109,0.4034305307,0.7125397219,2.908002606,0.2558851927
lp_s2,126,0,200,8,200,6,3906.9,410,2.409754812,21.0466306,0.6689132058,0.5252687536,0.6556221634,2.946374663,0.2533971266
lp_s2,127,0,200,8,200,18,3870.4,36,2.399621913,34.72131304,0.7205771572,0.4072346741,0.7106135305,2.826848761,0.2613116072
lp_s2,128,0,200,8,200,32,3674.0,298,2.705599929,53.4242917,0.6793661967,0.370164011,0.7298396338,3.28255198,0.2335056305
lp_s2,129,0,200,8,200,17,3825.1,128,6.263113366,239.7863797,0.5132697311,0.4044622723,0.7120162782,8.742133736,0.1026469177
lp_s2,130,0,200,8,200,18,3816.4,603,9.112397723,2229.670735,5.052847526,0.1929799991,0.8382370205,4.05382102,0.197870086
lp_s2,131,0,200,8,200,41,3561.7,777,2.678527481,35.31282341,0.436254589,0.4507439281,0.6893015236,4.055329084,0.1978110591
lp_s2,132,0,200,8,200,4,3951.8,672,6.137102817,239.5565796,1.608957418,0.3965147501,0.7160683408,4.838281402,0.171283282
lp_s2,133,0,200,8,200,46,3503.3,320,2.249551478,21.15045197,0.4685808044,0.4891433006,0.6715270449,3.286273381,0.2333028976
lp_s2,134,0,200,8,200,6,3969.0,191,1.465852822,13.48131644,0.4399995002,0.3992309627,0.7146782959,2.209857532,0.3115403067
lp_s2,135,0,200,8,200,13,3786.6,191,1.961337864,22.41959426,0.3555041154,0.4142271285,0.7070999982,3.289501557,0.2331273195
lp_s2,136,0,200,8,200,50,3533.2,832,1.594099333,7.853628911,0.409477523,0.5688269859,0.6374189181,2.491152683,0.286438346
lp_s2,137,0,200,8,200,59,3392.5,793,3.939867897,134.3784863,1.362934318,0.3398730962,0.7463393383,3.374770132,0.2285834386
lp_s2,138,0,200,8,200,8,3906.3,961,9.321348368,628.3642531,5.887738526,0.3718544679,0.7289402946,3.841532235,0.2065461824
lp_s2,139,0,200,8,200,3,3995.7,191,1.702715155,10.06576575,0.4987376452,0.5366839306,0.6507519081,2.411048387,0.2931649999
lp_s2,140,0,200,8,200,118,2474.7,412,20.93592695,3796.456445,0.7597551967,0.339784046,0.7463889446,24.01902392,0.03996958488
lp_s2,141,0,200,8,200,22,3748.0,117,3.732856009,65.36934922,1.040129232,0.4616939218,0.6841377563,3.660139067,0.2145858708
lp_s2,142,0,200,8,200,25,3696.7,410,1.534241097,5.781907245,0.4922806317,0.638054905,0.6104801475,2.186690092,0.3138052246
lp_s2,143,0,200,8,200,19,3779.9,519,4.926228216,184.4486017,1.547767294,0.3627244608,0.7338240626,3.959694631,0.2016253165
lp_s2,144,0,200,8,200,9,3865.5,664,3.577761273,49.12257933,0.7475818952,0.5104706506,0.6620453033,4.137918868,0.1946313334
lp_s2,145,0,200,8,200,14,3889.5,717,1.767021242,10.63733852,0.4852202968,0.5417828834,0.6485997547,2.536718585,0.2827479699
lp_s2,146,0,200,8,200,39,3616.3,191,3.134037664,106.2951244,0.6024736726,0.3039817698,0.7668818868,4.037710476,0.1985028724
lp_s2,147,0,200,8,200,22,3775.1,437,1.632906538,13.59320962,0.4317839031,0.4428945344,0.6930513466,2.48500979,0.2869432398
lp_s2,148,0,200,8,200,33,3718.3,148,1.535017127,5.013688887,0.4774017192,0.6855427382,0.5932807145,2.221627467,0.3104021214
lp_s2,149,0,200,8,200,22,3807.9,715,3.123181543,56.05197902,0.7399080044,0.417159131,0.7056370581,3.630850495,0.2159430543
lp_s2,150,0,200,8,200,13,3880.3,717,2.116120635,26.28273643,1.314098807,0.4127671552,0.7078307252,1.845977536,0.3513731178
lp_s2,151,0,200,8,200,21,3680.0,450,3.60276886,46.09119932,0.9327247425,0.5306734938,0.6533071906,3.730436498,0.2113969821
lp_s2,152,0,200,8,200,7,3953.9,410,2.367863886,17.69334253,0.5697116044,0.5629266264,0.6398253015,3.137106055,0.2417148574
lp_s2,153,0,200,8,200,17,3764.5,191,4.177971562,247.9121603,1.5262343,0.2653484558,0.7902961397,3.381854158,0.2282138939
lp_s2,154,0,200,8,200,34,3622.2,244,14.19387814,3062.824571,3.234043071,0.2564720311,0.7958792359,7.892746831,0.1124511941
lp_s2,155,0,200,8,200,42,3531.8,78,2.367024076,51.66463117,0.5943714049,0.3293108263,0.752269507,3.07024987,0.2456851623
lp_s2,156,0,200,8,200,12,3883.2,410,1.737606134,12.92562785,0.730470105,0.4833097063,0.6741680417,2.033059634,0.3297000787
lp_s2,157,0,200,8,200,28,3779.6,437,1.691245253,9.059262701,0.3859200016,0.5619014643,0.6402452542,2.722437678,0.2686411665
lp_s2,158,0,200,8,200,44,3604.9,155,10.96522396,1422.62366,1.917606755,0.2907183819,0.7747623448,7.918405369,0.1121276684
lp_s2,159,0,200,8,200,8,3927.9,799,5.820695386,324.5822985,2.230547394,0.3230817721,0.7558111835,3.897347623,0.2041921622
lp_s2,160,0,200,8,200,6,3951.4,672,10.36033568,540.5321587,3.786354646,0.445618342,0.6917455119,5.324308144,0.1581200627
lp_s2,161,0,200,8,200,36,3630.2,320,2.132465726,17.17891976,0.4547189349,0.5144985251,0.6602845651,3.162354409,0.2402486434
lp_s2,162,0,200,8,200,28,3728.9,664,2.851465317,25.00553615,0.8109485499,0.5702299293,0.6368494074,3.16644131,0.2400129813
lp_s2,163,0,200,8,200,36,3664.7,155,6.836838031,177.7104312,0.7020750647,0.5128600035,0.6609996944,8.159499441,0.1091762717
lp_s2,164,0,200,8,200,26,3748.2,961,9.21840618,432.2827924,4.082870489,0.4433756783,0.6928203205,4.562186531,0.1797854125
lp_s2,165,0,200,8,200,22,3746.3,356,1.964144176,13.86812466,0.3897516915,0.527429595,0.6546946604,3.146149525,0.2411876354
lp_s2,166,0,200,8,200,40,3607.7,437,1.550803656,6.972254171,0.4072744428,0.5873138072,0.62999515,2.430038963,0.2915418777
lp_s2,167,0,200,8,200,43,3539.8,908,10.99329106,775.2050516,1.017018993,0.394838442,0.7169289073,10.90092106,0.08402710972
lp_s2,168,0,200,8,200,24,3772.2,510,6.048588468,856.0245131,5.557775343,0.2067335377,0.8286833578,2.56568623,0.2804509246
lp_s2,169,0,200,8,200,13,3855.3,437,1.909265119,17.87067818,0.9367312846,0.4516434553,0.6888743901,1.972689468,0.3363957153
lp_s2,170,0,200,8,200,45,3581.9,717,2.554187096,35.51580703,0.3463220062,0.4285898312,0.6999909828,4.340229177,0.187257881
lp_s2,171,0,200,8,200,6,3964.2,832,1.92263199,20.61227453,0.8810266811,0.4234802932,0.7025035786,2.048338055,0.3280476056
lp_s2,172,0,200,8,200,48,3486.7,717,1.426567896,8.202011198,0.3892954652,0.4981180363,0.6675041457,2.286402961,0.3042840491
lp_s2,173,0,200,8,200,60,3385.9,717,1.612514297,12.75183779,0.4604706684,0.4515617881,0.6889131473,2.376307224,0.2961815776
lp_s2,174,0,200,8,200,26,3715.9,226,3.465031057,61.16133815,0.9766912457,0.4430662221,0.6929688913,3.506133788,0.2219197314
lp_s2,175,0,200,8,200,29,3725.5,822,4.361379277,151.868159,0.9751766906,0.353908091,0.7386025733,4.416540322,0.1846196909
lp_s2,176,0,200,8,200,43,3489.1,437,2.227034949,26.40825002,0.9210094316,0.4333683804,0.6976573599,2.320571711,0.3011529601
lp_s2,177,0,200,8,200,21,3810.1,142,3.083432763,85.07449587,2.639602064,0.3342987791,0.7494573297,1.897864722,0.3450816708
lp_s2,178,0,200,8,200,12,3891.4,715,6.734622044,204.9453745,1.489897782,0.4704290874,0.6800735979,5.517406609,0.1534352634
lp_s2,179,0,200,8,200,32,3664.2,368,3.308456388,27.49160092,0.3096754387,0.6309942457,0.613122948,5.945276172,0.1439827554
lp_s2,180,0,200,8,200,40,3548.5,664,2.322405803,36.59941546,0.4556728398,0.3838849033,0.722603446,3.440420575,0.225203893
lp_s2,181,0,200,8,200,27,3711.1,410,2.495099335,58.86632113,0.6150930236,0.3252028873,0.7546014347,3.181393869,0.2391547009
lp_s2,182,0,200,8,200,67,3170.9,717,2.582798482,23.69329467,0.6682658842,0.5306128884,0.6533330587,3.15948194,0.2404145551
lp_s2,183,0,200,8,200,36,3597.3,931,1.782086043,8.961097639,0.4487427958,0.595316698,0.6268347854,2.660295772,0.2732019657
lp_s2,184,0,200,8,200,7,3914.9,656,11.7127634,2000.225028,8.380307505,0.2618906189,0.7924617118,4.046032744,0.1981754877
lp_s2,185,0,200,8,200,3,3942.4,410,1.682106889,26.94305245,0.7222873986,0.3240635544,0.7552507556,1.979240506,0.3356560163
lp_s2,186,0,200,8,200,21,3819.2,410,1.945910507,16.07994345,1.008626659,0.4852668278,0.6732796972,1.937571071,0.3404172957
lp_s2,187,0,200,8,200,29,3722.3,717,2.006933003,24.87442597,1.080815065,0.4023984889,0.7130640884,1.930443877,0.3412452318
lp_s2,188,0,200,8,200,46,3582.8,766,5.150977085,195.805744,1.124790586,0.3681093969,0.7309357002,4.85683983,0.1707405408
lp_s2,189,0,200,8,200,24,3735.0,191,2.421374726,62.1307019,1.198605225,0.307191274,0.7649989867,2.211688306,0.3113627179
lp_s2,190,0,200,8,200,10,3915.7,443,5.532271009,166.4478646,1.601524014,0.4288094353,0.6998833961,4.371562775,0.1861655615
lp_s2,191,0,200,8,200,11,3896.5,191,1.343769819,4.6665589,0.2977387741,0.6220517365,0.6165031469,2.462675471,0.2887940289
lp_s2,192,0,200,8,200,44,3484.0,627,3.370800379,52.45385454,0.7434562616,0.4654192375,0.6823985754,3.909356915,0.2036926663
lp_s2,193,0,200,8,200,40,3551.9,356,2.600664406,32.80000621,0.7022370979,0.4540956596,0.6877126642,3.103433397,0.2436983626
lp_s2,194,0,200,8,200,17,3837.6,142,1.90554521,25.47557292,1.111099713,0.3775350499,0.725934342,1.807768187,0.3561547583
lp_s2,195,0,200,8,200,17,3834.2,664,2.990700358,71.52229985,1.597240208,0.3536324967,0.7387529499,2.366397978,0.2970534104
lp_s2,196,0,200,8,200,41,3510.7,931,2.187392279,40.22091036,0.4721541172,0.344905982,0.7435463991,3.183352885,0.2390427075
lp_s2,197,0,200,8,200,53,3496.6,731,3.083558225,83.18459844,0.445661916,0.3380887277,0.7473345969,4.619015205,0.1779671283
lp_s2,198,0,200,8,200,6,3954.0,542,4.196842779,106.7760042,1.177820841,0.4061494485,0.7111619615,3.867079342,0.2054620296
lp_s2,199,0,200,8,200,3,3974.8,905,2.217240916,37.17815618,1.131971539,0.3636377488,0.7333325884,2.0839876,0.3242555191
lp_s2,200,0,200,8,200,17,3824.7,44,2.367643004,23.23518726,0.5016354865,0.491182778,0.6706086033,3.342890059,0.2302614127
lp_s2,201,0,200,8,200,9,3922.4,604,2.689550399,20.61447106,0.6268965284,0.5923707269,0.6279944633,3.396892119,0.2274333718
lp_s2,202,0,200,8,200,87,2756.9,831,9.774321519,1784.359243,2.024482819,0.2313904727,0.8120900902,6.869570312,0.1270717409
lp_s2,203,0,200,8,200,5,3922.3,410,3.631824366,72.59818179,2.258102284,0.4262476189,0.701140522,2.416868564,0.2926656326
lp_s2,204,0,200,8,200,23,3623.8,931,1.912447414,43.74890698,0.8895271944,0.2891384834,0.7757118516,2.027728884,0.3302805629
lp_s2,205,0,200,8,200,17,3868.2,410,2.120475222,7.872666167,0.4253160973,0.7557397821,0.569560484,3.251451588,0.2352137804
lp_s2,206,0,200,8,200,16,3890.1,53,13.69836793,1153.113913,14.43360723,0.4033970527,0.7125567195,3.605631883,0.2171254727
lp_s2,207,0,200,8,200,31,3665.3,777,2.409570035,15.52526988,0.712076971,0.6115331082,0.620527121,2.855460017,0.2593724213
lp_s2,208,0,200,8,200,14,3846.1,882,4.940976575,110.1729989,0.8741082958,0.4707336118,0.6799327845,5.284819684,0.1591135546
lp_s2,209,0,200,8,200,13,3871.6,554,3.484947351,177.399707,2.008146513,0.2616494175,0.7926132142,2.459226464,0.2890819698
lp_s2,210,0,200,8,200,63,3343.2,717,2.525713115,54.2639413,0.6826686494,0.3428691038,0.7446742182,3.056884571,0.2464945656
lp_s2,211,0,200,8,200,14,3927.5,437,1.597338869,9.853563288,0.9169893881,0.50886245,0.6627509353,1.668072432,0.3748024184
lp_s2,212,0,200,8,200,12,3892.8,907,10.2673954,1363.382206,2.233806663,0.2780682965,0.7824308002,6.869695639,0.1270697173
lp_s2,213,0,200,8,200,45,3540.5,356,1.59461328,8.844630834,0.4431180822,0.5361860631,0.6509628124,2.39549705,0.2945076922
lp_s2,214,0,200,8,200,22,3777.2,389,47.81459795,19635.64536,2.554964408,0.3412227027,0.7455883337,29.91355861,0.03234826546
lp_s2,215,0,200,8,200,7,3913.3,510,3.985219064,134.4631812,1.335387748,0.3436770313,0.7442264597,3.448645117,0.2247875418
lp_s2,216,0,200,8,200,31,3773.5,832,2.164357946,72.83173764,0.9446436635,0.2536113881,0.7976953699,2.2268711,0.3098977211
lp_s2,217,0,200,8,200,54,3358.5,316,5.123413086,289.2022994,2.850022853,0.301271814,0.7684789521,3.034835824,0.2478415588
lp_s2,218,0,200,8,200,35,3671.3,249,2.94008863,52.20841075,0.4321122153,0.4069023386,0.7107813901,4.472621538,0.1827277828
lp_s2,219,0,200,8,200,37,3606.6,924,184.9023789,240077.0216,1.43690228,0.3773698519,0.7260214086,154.2513174,0.006441169176
lp_s2,220,0,200,8,200,45,3495.6,717,1.682817753,14.81097527,0.4212381625,0.4372655438,0.6957656533,2.592825147,0.2783324985
lp_s2,221,0,200,8,200,16,3825.5,36,3.310634752,51.72734711,0.5865986686,0.4603108022,0.6847857309,4.322557042,0.187879621
lp_s2,222,0,200,8,200,33,3720.1,554,3.758139383,100.2557117,2.068230442,0.3753343578,0.7270959199,2.613204637,0.276762625
lp_s2,223,0,200,8,200,6,3936.6,134,4.864146505,263.5246087,1.787816413,0.2996374266,0.7694453695,3.637853345,0.2156169947
lp_s2,224,0,200,8,200,50,3490.7,277,4.177577834,81.81245744,1.199393776,0.4618647643,0.6840578037,3.814553011,0.2077036015
lp_s2,225,0,200,8,200,19,3827.8,356,2.366071379,49.40708153,0.9747661452,0.3366148271,0.7481586914,2.39650105,0.2944206362
lp_s2,226,0,200,8,200,23,3839.6,538,1.97771072,12.9848781,0.7824992598,0.5488375654,0.6456454972,2.235737441,0.309048561
lp_s2,227,0,200,8,200,79,3212.2,715,3.213548425,22.8917705,0.4869043495,0.6716533064,0.5982101648,4.605354031,0.1784008636
lp_s2,228,0,200,8,200,0,4000.0,410,2.197058335,22.32438671,0.839031443,0.4649987868,0.6825944219,2.3985704,0.2942413669
lp_s2,229,0,200,8,200,10,3936.8,249,9.501575173,1119.371469,5.467976673,0.2839935601,0.7788201055,4.063331754,0.1974984158
lp_s2,230,0,200,8,200,36,1794.7,323,183.5804833,173438.3286,1.575211457,0.4408125689,0.6940528016,146.2706118,0.006790220994
lp_s2,231,0,200,8,200,32,3695.5,832,1.537721599,8.005179284,0.5584556455,0.5434907828,0.6478820678,2.057706227,0.3270425364
lp_s2,232,0,200,8,200,21,3812.1,862,2.589881399,30.05197999,1.385346729,0.4724363777,0.6791464916,2.200394925,0.3124614378
lp_s2,233,0,200,8,200,44,3506.1,948,3.161418278,78.94121136,1.400132891,0.3558197635,0.7375611618,2.671759307,0.2723490067
lp_s2,234,0,200,8,200,23,3729.7,519,3.320395609,67.06150373,1.074849627,0.4054648278,0.711508378,3.202697906,0.2379423938
lp_s2,235,0,200,8,200,28,3656.2,795,4.378718429,144.166858,1.666812105,0.3646819785,0.7327714557,3.391592734,0.2277078182
lp_s2,236,0,200,8,200,4,3947.3,437,2.355538758,22.18088653,1.571427408,0.5001506119,0.6665997348,1.879070579,0.3473343125
lp_s2,237,0,200,8,200,5,3965.8,410,2.628199517,48.11682803,1.109933355,0.3788871149,0.7252225285,2.494651477,0.2861515681
lp_s2,238,0,200,8,200,13,3831.5,437,4.632376642,141.3076461,1.442502547,0.3896915889,0.7195841207,3.856963853,0.2058899408
lp_s2,239,0,200,8,200,41,3625.8,832,2.448393371,28.39604493,1.027454248,0.4594648236,0.6851826668,2.41546055,0.2927862832
lp_s2,240,0,200,8,200,24,3758.4,717,1.569635581,8.819241126,0.426803569,0.5285465307,0.6542162636,2.402618483,0.293891309
lp_s2,241,0,200,8,200,20,3833.4,717,1.371260913,5.305214274,0.3275735597,0.5953448925,0.6268237073,2.395883391,0.2944741868
lp_s2,242,0,200,8,200,78,3142.7,554,4.219303815,126.9540661,1.743242777,0.3744703967,0.727552956,3.195669525,0.2383409833
lp_s2,243,0,200,8,200,2,3903.3,410,1.949850047,31.6094054,1.451875967,0.3468111487,0.7424945962,1.618215866,0.3819394775
lp_s2,244,0,200,8,200,27,3740.1,155,5.681541722,254.3887105,0.6468981249,0.3562191666,0.7373439519,7.06396037,0.1240085459
lp_s2,245,0,200,8,200,40,3573.0,795,9.145702036,632.2131096,9.90416988,0.3637351733,0.7332801995,2.906082958,0.2560109477
lp_s2,246,0,200,8,200,32,3653.8,561,3.528771471,59.65424512,0.6325599185,0.4568807462,0.6863979791,4.43682908,0.1839307407
lp_s2,247,0,200,8,200,22,3781.3,437,2.574161586,70.39722527,0.6727356982,0.3068018925,0.7652269297,3.138438106,0.2416370559
lp_s2,248,0,200,8,200,11,3856.8,772,3.31116222,65.12200483,1.209140499,0.4103142283,0.7090618388,3.011217144,0.249300889
lp_s2,249,0,200,8,200,19,3788.9,320,1.749219727,17.30274203,0.6136207478,0.4205202366,0.7039674439,2.233028925,0.3093074708
lp_s2,250,0,200,8,200,47,3481.6,717,2.547866615,33.35455204,0.4584623233,0.4411630515,0.6938840119,3.762918939,0.2099552843
lp_s2,251,0,200,8,200,2,3982.6,316,6.2843987,258.2795772,3.962246886,0.3910377602,0.718887746,3.157133625,0.2405503624
lp_s2,252,0,200,8,200,28,3681.1,832,2.394789597,24.31259849,0.5153539561,0.4856816261,0.6730917193,3.335911771,0.2306319992
lp_s2,253,0,200,8,200,8,3940.3,810,22.33506512,3903.220508,5.763718774,0.3574996982,0.7366484142,9.303274426,0.09705652385
lp_s2,254,0,200,8,200,0,3993.7,410,1.97369135,17.77519714,0.9305618205,0.4681359836,0.6811358152,2.04600468,0.3282989047
lp_s2,255,0,200,8,200,26,3740.3,437,1.533415552,9.846772464,0.7329080942,0.488666888,0.6717419512,1.79116298,0.3582735968
lp_s2,256,0,200,8,200,12,3942.7,832,1.901052034,15.71135945,0.6450204649,0.4796087766,0.6758543311,2.367049049,0.2969959705
lp_s2,257,0,200,8,200,26,3728.5,9,27.81542169,9138.479671,3.08221429,0.2909703077,0.7746111541,15.84361329,0.0593696841
lp_s2,258,0,200,8,200,49,3491.5,862,3.031941728,51.16791335,0.6907596632,0.4238595736,0.7023164493,3.648021302,0.2151453135
lp_s2,259,0,200,8,200,1,3993.8,832,2.469654744,124.736667,3.427115787,0.2211256771,0.8189165282,1.334049224,0.4284399787
lp_s2,260,0,200,8,200,41,3549.1,664,2.739054648,57.65548208,0.8699168042,0.360728448,0.7349004877,2.93671524,0.254018881
lp_s2,261,0,200,8,200,20,3787.6,249,3.414994717,117.1493338,1.444781335,0.3155150825,0.7601585214,2.841116059,0.260341001
lp_s2,262,0,200,8,200,18,3828.9,412,16.40847186,2097.450352,2.411562646,0.3582797742,0.7362253484,10.56620087,0.08645881319
lp_s2,263,0,200,8,200,21,3828.5,655,7.762827835,590.9466583,0.7843408703,0.31933448,0.7579579062,8.765315072,0.1024032499
lp_s2,264,0,200,8,200,33,3628.5,519,3.756210492,67.5670034,0.8460550901,0.4569646365,0.6863584571,4.083669628,0.196708298
lp_s2,265,0,200,8,200,23,3747.8,191,2.263751132,28.34480688,0.8374183031,0.4251987012,0.7016565474,2.473759392,0.2878725574
lp_s2,266,0,200,8,200,14,3868.9,569,11.49177923,566.8244924,2.187388834,0.4826840746,0.6744525129,7.770058323,0.1140243272
lp_s2,267,0,200,8,200,15,3876.4,36,2.651015776,22.51918911,0.4640605067,0.5586450284,0.6415829017,3.891571438,0.2044332813
lp_s2,268,0,200,8,200,54,3388.5,117,2.210249512,37.81358694,0.7785636934,0.3594325181,0.735601059,2.50492213,0.2853130435
lp_s2,269,0,200,8,200,23,3791.4,410,1.577377169,7.471607204,0.6352957895,0.5770700493,0.6340872433,1.979008056,0.3356822074
lp_s2,270,0,200,8,200,19,3766.2,576,4.0601859,163.1867317,0.7849841259,0.3178363001,0.7588195893,4.582637255,0.1791268095
lp_s2,271,0,200,8,200,27,3789.2,592,3.679737958,118.3788881,0.4949996006,0.338204798,0.7472697763,5.230153901,0.1605096786
lp_s2,272,0,200,8,200,1,3962.4,642,3.103826976,82.0735284,1.707435209,0.3426067784,0.7448197165,2.375337838,0.2962666399
lp_s2,273,0,200,8,200,3,3943.9,554,4.213607696,124.2430439,1.302091752,0.3780228544,0.7256773694,3.692608836,0.2131010776
lp_s2,274,0,200,8,200,29,3728.0,717,1.927658181,16.24616019,0.5246714871,0.4782496493,0.6764757228,2.661253797,0.2731304781
lp_s2,275,0,200,8,200,37,3625.7,519,5.037167231,275.9370252,1.675656049,0.3032364338,0.7673204755,3.891292976,0.2044449198
lp_s2,276,0,200,8,200,10,3902.7,66,6.830371657,466.774134,4.949317321,0.3161483681,0.7597927591,3.070235477,0.2456860311
lp_s2,277,0,200,8,200,40,3590.0,356,1.788055126,22.3832686,0.5297540524,0.3779367733,0.7257227032,2.456652678,0.289297217
lp_s2,278,0,200,8,200,35,3576.2,316,4.664503751,282.9403331,2.64061356,0.2773052019,0.7828982443,2.870470065,0.2583665507
lp_s2,279,0,200,8,200,21,3815.8,986,4.969118724,229.4141717,3.044306877,0.3280720649,0.7529711877,2.847968351,0.2598773973
lp_s2,280,0,200,8,200,55,3371.1,298,3.970554062,54.3183867,0.8768677894,0.5387380901,0.6498831779,4.240177675,0.190833224
lp_s2,281,0,200,8,200,22,3814.9,717,1.411433024,9.165576546,0.419992519,0.466208707,0.6820311428,2.177907835,0.3146724361
lp_s2,282,0,200,8,200,12,3856.3,410,2.228262123,37.50223585,0.8570454271,0.3638628339,0.7332115629,2.406934971,0.2935189572
lp_s2,283,0,200,8,200,18,3839.3,561,5.956015919,158.7805006,1.673308664,0.4726691593,0.6790391404,4.604344602,0.1784329964
lp_s2,284,0,200,8,200,19,3773.1,320,2.026636956,50.36607384,0.7598836815,0.28556627,0.7778673285,2.324889943,0.3007618349
lp_s2,285,0,200,8,200,45,3499.2,410,1.499141929,6.890974225,0.3771200889,0.5710872157,0.6365019013,2.441197504,0.2905965144
lp_s2,286,0,200,8,200,15,3808.8,36,4.906594539,212.7412457,0.9523284865,0.3363987104,0.7482796805,5.02790176,0.1658952053
lp_s2,287,0,200,8,200,18,3835.7,603,6.140011008,507.8036306,1.426300476,0.2724716044,0.7858721535,5.141189788,0.1628348959
lp_s2,288,0,200,8,200,47,3498.8,832,1.782136168,27.79220366,0.5804764378,0.3380487951,0.7473569003,2.339098908,0.2994819942
lp_s2,289,0,200,8,200,44,3469.0,410,2.7676911,31.89434837,0.5219662401,0.4900729709,0.6711080729,3.830861139,0.2070024311
lp_s2,290,0,200,8,200,20,3797.2,258,6.260146026,289.5526334,1.750074114,0.3678923052,0.7310517036,4.732125384,0.1744553605
lp_s2,291,0,200,8,200,35,3533.9,570,6.061593458,247.1775531,0.7978949656,0.385551406,0.7217343187,6.786001372,0.1284356311
lp_s2,292,0,200,8,200,31,3708.8,917,2.200153969,38.5281414,0.5383465436,0.3544573977,0.7383030295,2.99862467,0.2500859877
lp_s2,293,0,200,8,200,16,3886.1,191,2.730063032,47.13688428,1.487167456,0.3976419894,0.7154908106,2.238683703,0.3087674166
lp_s2,294,0,200,8,200,25,3809.1,664,2.631559284,55.79655592,1.027676311,0.3522974194,0.7394822956,2.59588223,0.2780958708
lp_s2,295,0,200,8,200,68,3166.3,148,3.585960575,167.0949384,1.423467676,0.2774111184,0.7828333303,3.005603624,0.2496502635
lp_s2,296,0,200,8,200,30,3762.2,450,3.087963689,87.20313686,0.8156618583,0.3306786311,0.7514962491,3.419141763,0.2262882826
lp_s2,297,0,200,8,200,19,3772.6,9,20.98053121,4912.094097,0.9881227293,0.2993526735,0.7696139935,21.10624793,0.04523608001
lp_s2,298,0,200,8,200,18,3895.4,717,1.555825998,8.970021167,0.6638374384,0.5194745678,0.658122236,1.909546126,0.3436962181
lp_s2,299,0,200,8,200,38,3529.3,191,1.6873033,13.24082417,0.4309327943,0.4636984527,0.6832008316,2.570327029,0.2800863876
lp_s2,300,0,200,8,200,2,3990.3,108,9.320686901,1158.140813,1.899832615,0.2738843621,0.7850006089,6.762234855,0.1288288771
lp_s2,301,0,200,8,200,15,3829.1,149,5.178547178,108.1516865,1.164872328,0.4979563662,0.6675761875,4.79809423,0.1724704636
lp_s2,302,0,200,8,200,29,3695.8,717,1.703210539,15.01204018,0.6709986919,0.4395906805,0.6946418961,2.079253777,0.3247540062
lp_s2,303,0,200,8,200,6,3864.0,554,4.465848003,140.5651049,1.459280557,0.376673595,0.7263885961,3.69687307,0.2129076058
lp_s2,304,0,200,8,200,32,3702.2,799,5.649016225,289.5159277,2.427317521,0.3319988592,0.7507513937,3.625847439,0.2161766062
lp_s2,305,0,200,8,200,12,3877.5,32,3.288620926,172.8133009,1.766476862,0.2501642423,0.7998948987,2.47434264,0.2878242314
lp_s2,306,0,200,8,200,15,3876.7,410,1.88754995,21.28468873,0.8785253273,0.4091332742,0.7096560832,2.013823062,0.3318044821
lp_s2,307,0,200,8,200,37,3647.1,935,4.144441339,100.4504767,0.9377981086,0.4135137888,0.7074568412,4.279680232,0.1894054102
lp_s2,308,0,200,8,200,18,3807.2,632,32.59816985,7569.692227,3.603689576,0.3746744748,0.7274449466,17.17194669,0.05502987749
lp_s2,309,0,200,8,200,8,3933.8,44,3.384406843,78.55100387,0.9334382742,0.3818622214,0.7236611469,3.502996975,0.222074322
lp_s2,310,0,200,8,200,11,3905.6,117,3.337425324,47.9953055,0.9938808059,0.4817394104,0.6748825016,3.347683604,0.2300075376
lp_s2,311,0,200,8,200,18,3791.0,191,5.25918094,152.868682,1.34683347,0.4253621595,0.7015760825,4.531700113,0.1807762495
lp_s2,312,0,200,8,200,66,3287.6,717,1.92108319,17.92574251,0.6337079516,0.4537405519,0.6878806529,2.413245992,0.2929762468
lp_s2,313,0,200,8,200,82,2824.8,931,2.488086085,50.58470843,0.5615611824,0.3498289744,0.7408345938,3.320220009,0.2314696932
lp_s2,314,0,200,8,200,18,3846.2,142,2.133075082,50.67666278,0.754541283,0.2996416216,0.7694428859,2.455639663,0.2893820241
lp_s2,315,0,200,8,200,32,3719.9,772,3.95364289,171.7923066,1.842316066,0.3016446201,0.7682588508,2.912831548,0.2555693972
lp_s2,316,0,200,8,200,61,3414.7,44,3.079799759,28.05417409,0.5387121919,0.581465212,0.6323250062,4.196083081,0.192452658
lp_s2,317,0,200,8,200,40,3483.5,437,1.490827504,8.585202215,0.400742172,0.5088058921,0.6627757787,2.355021479,0.2980606849
lp_s2,318,0,200,8,200,23,3803.5,931,2.359112207,49.03753543,0.408625812,0.3368870216,0.7480063639,3.690504163,0.2131966981
lp_s2,319,0,200,8,200,43,3613.4,615,2.257064113,42.3405777,0.4848287764,0.3468690141,0.7424626965,3.241527431,0.2357641242
lp_s2,320,0,200,8,200,63,3259.1,437,1.571941081,9.133830279,0.3094572921,0.5201274748,0.6578395671,2.825764101,0.2613856928
lp_s2,321,0,200,8,200,18,3848.9,717,1.746628833,17.70261294,0.7272898919,0.415127915,0.7066499003,2.048079683,0.3280754128
lp_s2,322,0,200,8,200,24,3751.7,616,6.292394967,181.2586638,0.8665231681,0.4673761943,0.6814884989,6.759676085,0.1288713587
lp_s2,323,0,200,8,200,7,3925.0,562,53.59621666,58814.35317,5.354982623,0.2210001007,0.8190007515,23.16088238,0.04138921684
lp_s2,324,0,200,8,200,39,3560.5,862,4.245976024,138.346406,1.031508883,0.3609886911,0.7347599627,4.180623441,0.1930269612
lp_s2,325,0,200,8,200,31,3690.3,594,7.463314533,1173.608105,4.043391425,0.2178563358,0.8211149136,3.711580223,0.2122430167
lp_s2,326,0,200,8,200,7,3949.1,139,4.567178512,496.2136913,3.744141027,0.2050282077,0.8298560927,2.360325441,0.2975902238
lp_s2,327,0,200,8,200,133,2250.8,754,8.797849721,1113.167307,1.115604791,0.2636916137,0.791332307,8.329546443,0.1071863467
lp_s2,328,0,200,8,200,6,3942.0,561,5.703890635,156.659348,1.143393154,0.4557146944,0.6869477954,5.334250371,0.1578718777
lp_s2,329,0,200,8,200,23,3791.3,389,37.8163292,7330.309045,0.5866005893,0.441690672,0.6936300688,49.37511526,0.0198510712
lp_s2,330,0,200,8,200,21,3816.8,443,3.94639781,113.2160544,0.8219095232,0.3708914772,0.729452343,4.353001885,0.1868110682
lp_s2,331,0,200,8,200,55,3372.8,316,3.691702504,84.21260009,0.7492345329,0.4022890002,0.7131197633,4.264987896,0.1899339599
lp_s2,332,0,200,8,200,20,3774.6,373,7.079418711,662.5821606,4.434889808,0.2750285189,0.7842961826,3.361678546,0.2292695322
lp_s2,333,0,200,8,200,10,3884.1,410,8.582381605,1113.633488,7.187847284,0.2571796968,0.7954312359,3.201167509,0.2380290711
lp_s2,334,0,200,8,200,45,3661.2,148,1.987192739,22.18406311,0.6276899629,0.4219096372,0.7032795712,2.50823024,0.2850440055
lp_s2,335,0,200,8,200,19,3536.6,191,1.652798622,12.16030623,0.483315285,0.473966543,0.6784414509,2.37741324,0.2960845857
lp_s2,336,0,200,8,200,23,3738.0,443,4.223841572,69.95896436,1.140835576,0.5049936701,0.6644546219,3.954541089,0.2018350402
lp_s2,337,0,200,8,200,12,3853.6,510,2.570744733,16.75810505,0.8320687252,0.6279809948,0.6142577851,2.81824896,0.2619001565
lp_s2,338,0,200,8,200,102,2949.0,832,1.82308382,9.937809927,0.4106236603,0.5783107877,0.6335887759,2.845015597,0.2600769684
lp_s2,339,0,200,8,200,37,3703.7,832,2.489240015,48.41277459,1.212077512,0.3577558855,0.7365094202,2.261005282,0.3066539038
lp_s2,340,0,200,8,200,43,3613.6,832,4.368110165,114.2952526,0.5454474112,0.4085822418,0.7099336981,5.914487802,0.1446238722
lp_s2,341,0,200,8,200,21,3822.5,766,4.531737544,124.8330749,0.8797000996,0.4056018392,0.7114390236,4.831671831,0.1714774132
lp_s2,342,0,200,8,200,5,3945.1,594,5.74357652,206.0883885,1.465844164,0.4000881144,0.7142407608,4.743932602,0.1740967503
lp_s2,343,0,200,8,200,14,3851.2,717,2.090297337,12.87007598,0.7127073432,0.5826630956,0.631846413,2.47601032,0.2876861424
lp_s2,344,0,200,8,200,30,3621.4,712,4.831970884,142.0031828,0.9571295848,0.4054854447,0.711497941,4.938999003,0.1683785432
lp_s2,345,0,200,8,200,20,3773.5,460,4.16840834,73.89583412,1.098442128,0.4849090374,0.6734419246,3.977238784,0.2009146122
lp_s2,346,0,200,8,200,13,3890.8,142,2.26594259,20.32182418,1.037081445,0.5026521651,0.6654900071,2.225063811,0.3100713842
lp_s2,347,0,200,8,200,44,3524.7,717,1.507829517,5.426655648,0.2926938855,0.6472709392,0.6070646766,2.787054208,0.2640574824
lp_s2,348,0,200,8,200,9,3861.7,832,1.503270356,11.25316399,0.9149660188,0.4481256155,0.6905478291,1.571573188,0.3888670191
lp_s2,349,0,200,8,200,35,3512.8,931,2.180598763,13.5599322,0.8341382034,0.5921708189,0.6280733123,2.387573529,0.2951965445
lp_s2,350,0,200,8,200,72,3342.5,905,2.08934247,19.50602205,0.9455233323,0.4730698572,0.6788544312,2.148688736,0.3175925231
lp_s2,351,0,200,8,200,52,3542.8,437,2.032301149,9.361273849,0.5177756474,0.6642332134,0.6008773241,2.824341793,0.2614829045
lp_s2,352,0,200,8,200,24,3700.7,16,3.480033776,56.72970065,0.4930951334,0.4620385509,0.6839764925,4.955849406,0.1679021634
lp_s2,353,0,200,8,200,32,3673.3,717,1.82484034,11.18223763,0.339143903,0.5457082436,0.6469526213,3.13352285,0.2419243914
lp_s2,354,0,200,8,200,6,3943.0,961,10.47401168,493.441962,3.820121578,0.4715144585,0.679571984,5.358885298,0.157260267
lp_s2,355,0,200,8,200,12,3881.3,410,2.300720576,38.98879291,0.9317055443,0.3684630831,0.7307467862,2.383551482,0.2955474463
lp_s2,356,0,200,8,200,41,3537.1,356,1.455795568,4.179449193,0.4277144927,0.7120998066,0.5840780988,2.225991029,0.3099822631
lp_s2,357,0,200,8,200,21,3765.6,832,2.555598007,61.99170695,0.8365088163,0.3245829801,0.7549545895,2.794198657,0.2635602641
lp_s2,358,0,200,8,200,24,3762.9,570,3.663388141,83.69321831,0.6203314721,0.4004403212,0.7140611313,4.651264399,0.1769515509
lp_s2,359,0,200,8,200,48,3473.5,599,4.951223903,252.8161098,0.7191828217,0.311393967,0.7625473543,5.838387466,0.146233305
lp_s2,360,0,200,8,200,15,3882.7,576,4.869925414,157.6554012,1.045788476,0.3878536499,0.7205370682,4.762120536,0.1735472199
lp_s2,361,0,200,8,200,22,3830.7,410,1.540557105,13.39309502,0.6242576875,0.4209566031,0.7037512601,1.949825975,0.3390030491
lp_s2,362,0,200,8,200,87,2981.5,149,24.30512217,5614.587454,20.01758842,0.3243686572,0.755076764,5.432402378,0.1554629113
lp_s2,363,0,200,8,200,20,3707.8,717,2.710095776,60.39557804,2.212070897,0.3487241852,0.7414414385,1.822154166,0.3543392533
lp_s2,364,0,200,8,200,51,3443.6,410,1.634467043,16.16579847,0.51692916,0.4065159478,0.7109766523,2.273320416,0.3055001872
lp_s2,365,0,200,8,200,11,3933.0,373,5.517060701,491.7051533,2.061678931,0.248802868,0.8007668989,3.842352864,0.2065111792
lp_s2,366,0,200,8,200,28,3748.6,908,10.99569814,1441.9027,4.544796862,0.2895708436,0.7754517753,5.157812741,0.1623953248
lp_s2,367,0,200,8,200,39,3589.5,717,1.478993174,10.4784775,0.610287166,0.4568957065,0.6863909307,1.893211139,0.3456367171
lp_s2,368,0,200,8,200,38,3593.8,717,1.850330974,11.96307325,0.3098786315,0.5349682872,0.6514792575,3.323943279,0.2312703788
lp_s2,369,0,200,8,200,4,3971.8,437,1.722982704,11.10353899,0.5960434737,0.5170710308,0.6591649169,2.231731531,0.3094316439
lp_s2,370,0,200,8,200,54,3358.1,556,4.022759758,130.3606314,0.9348820509,0.3523310104,0.7394639273,4.160501531,0.193779615
lp_s2,371,0,200,8,200,29,3732.1,16,3.761522747,64.83543827,1.021271577,0.4671511981,0.6815930092,3.722143134,0.2117682526
lp_s2,372,0,200,8,200,10,3900.1,519,3.979827085,117.0644058,1.340925496,0.3678339161,0.7310829102,3.436860297,0.2253846038
lp_s2,373,0,200,8,200,15,3787.4,604,3.191290746,38.90986084,0.5521461238,0.511607066,0.6615475824,4.294764543,0.1888658111
lp_s2,374,0,200,8,200,9,3911.3,437,1.481691366,9.644292649,0.4674033851,0.4771144392,0.6769956162,2.167264032,0.3157299138
lp_s2,375,0,200,8,200,37,3642.9,810,24.4918949,5418.857183,3.266440391,0.3327120533,0.7503496329,13.55142664,0.06872178409
lp_s2,376,0,200,8,200,43,3483.6,822,4.157394775,152.222446,0.7586341438,0.3369627686,0.7479639849,4.773149898,0.1732156652
lp_s2,377,0,200,8,200,15,3872.6,717,1.66407349,18.77959034,0.500250745,0.3839984266,0.722544174,2.352765428,0.2982612477
lp_s2,378,0,200,8,200,29,3796.4,450,2.886544086,32.60161337,1.030203517,0.5055436369,0.6642119003,2.843915451,0.2601514036
lp_s2,379,0,200,8,200,57,3360.2,908,4.572222858,229.83286,0.4150364588,0.3015930504,0.7682892896,7.097154605,0.1235001737
lp_s2,380,0,200,8,200,25,3722.9,569,6.542650878,377.9149459,2.322038815,0.3365555158,0.7481918919,4.29357456,0.1889082677
lp_s2,381,0,200,8,200,12,3885.3,266,27.69244849,2006.705784,2.646666492,0.6181864839,0.6179757463,17.0220455,0.05548759712
lp_s2,382,0,200,8,200,22,3780.1,191,2.641992632,27.81221848,0.617068646,0.5009723838,0.6662347761,3.363294229,0.2291846361
lp_s2,383,0,200,8,200,16,3809.5,561,3.793760068,101.9716445,0.816903549,0.3756904447,0.7269077167,4.197439736,0.1924024233
lp_s2,384,0,200,8,200,33,3610.1,538,3.203839238,112.0050586,0.8370778784,0.3027275159,0.7676202336,3.501771336,0.2221347832
lp_s2,385,0,200,8,200,29,3698.6,519,4.60849578,158.275758,1.454196876,0.3663127146,0.7318968706,3.821620787,0.2073991391
lp_s2,386,0,200,8,200,30,3681.0,66,2.962406855,37.89043714,0.47604719,0.4812601434,0.6751008622,4.293581401,0.1889080236
lp_s2,387,0,200,8,200,15,3828.3,402,8.609422216,474.4601691,1.697930428,0.3952520463,0.716716383,6.607148395,0.1314553034
lp_s2,388,0,200,8,200,21,3801.3,810,22.12986664,2063.574498,1.364983119,0.4871567458,0.6724240756,18.94153438,0.05014659258
lp_s2,389,0,200,8,200,48,3456.7,942,39.38669269,5287.049397,0.5198469349,0.5416800371,0.6486430232,54.62755598,0.01797670206
lp_s2,390,0,200,8,200,16,3871.1,777,2.383725137,12.81455983,0.8146641353,0.6658928163,0.6002787156,2.640990734,0.2746505204
lp_s2,391,0,200,8,200,18,3819.6,754,8.64184551,1187.776062,0.5529610357,0.2507490025,0.7995209255,11.62142097,0.07923038161
lp_s2,392,0,200,8,200,54,3400.6,320,2.823931549,42.80445782,0.8835243029,0.4316280549,0.6985054509,3.00431119,0.2497308407
lp_s2,393,0,200,8,200,19,3790.3,393,11.36208424,344.1647878,0.7085431732,0.6124558504,0.6201720188,13.49816852,0.0689742293
lp_s2,394,0,200,8,200,8,3904.1,758,6.091503454,247.0366901,2.015857542,0.3875642992,0.7206873228,4.290368308,0.1890227564
lp_s2,395,0,200,8,200,21,3817.3,285,2.6070921,38.29560411,0.5161948127,0.4212907379,0.7035858135,3.628687391,0.21604397
lp_s2,396,0,200,8,200,82,3153.0,191,1.736833191,9.742431939,0.4332357881,0.5564477872,0.6424886259,2.638736032,0.2748207045
lp_s2,397,0,200,8,200,30,3749.5,832,1.601773421,8.511281462,0.441786042,0.5490395206,0.6455613215,2.40987817,0.2932656095
lp_s2,398,0,200,8,200,59,3371.6,36,4.746432645,129.6503543,0.929249513,0.4168506359,0.7057906985,4.923808472,0.1688103194
lp_s2,399,0,200,8,200,21,3824.6,931,1.882193694,9.277375082,0.5196882408,0.6179477515,0.6180669302,2.610915816,0.2769380542
lp_s2,400,0,200,8,200,24,3738.1,437,1.673869388,23.5711182,0.6692976197,0.3447715919,0.7436207056,2.046029668,0.3282962115
lp_s2,401,0,200,8,200,43,3502.9,410,3.264378401,58.15865942,1.11525826,0.4280488179,0.700256173,3.091097981,0.2444331582
lp_s2,402,0,200,8,200,40,3549.7,822,3.712301895,150.7010273,0.9547892462,0.3024023631,0.7678118747,3.799177002,0.2083690599
lp_s2,403,0,200,8,200,14,3872.8,717,2.085691096,40.28829338,0.9649194003,0.328594698,0.7526749892,2.123266306,0.3201776288
lp_s2,404,0,200,8,200,26,3683.8,410,4.357170082,189.0143515,1.113813662,0.3169254551,0.7593444231,4.128556597,0.1949866363
lp_s2,405,0,200,8,200,74,3117.7,149,4.757600006,353.8387381,1.643211993,0.2529212021,0.7981347896,3.711428754,0.2122498402
lp_s2,406,0,200,8,200,19,3755.1,149,6.660080803,141.9864783,3.144260834,0.5589281776,0.6414663705,3.755953572,0.2102627759
lp_s2,407,0,200,8,200,15,3876.1,832,2.769053201,65.39611763,0.6726796479,0.3424169989,0.7449250127,3.37619215,0.2285091618
lp_s2,408,0,200,8,200,29,3621.5,320,2.748949819,30.39873393,0.7062528303,0.498584834,0.6672962233,3.271046451,0.234134658
lp_s2,409,0,200,8,200,39,3548.5,443,3.277131565,117.2254859,0.5864639146,0.3026793944,0.7676485898,4.279304886,0.1894188764
lp_s2,410,0,200,8,200,42,3685.3,832,1.458561507,4.982900122,0.4002086114,0.6534068104,0.6048118308,2.305587099,0.3025181216
lp_s2,411,0,200,8,200,24,3784.6,323,297.0282254,365017.3909,1.683112203,0.4916329047,0.6704062352,228.9502838,0.004348766105
lp_s2,412,0,200,8,200,8,3934.9,655,7.549159505,487.7994632,0.8707346814,0.341804631,0.7452649789,8.090133351,0.1100093873
lp_s2,413,0,200,8,200,13,3914.5,717,1.469979079,10.12087644,0.5866444581,0.4620639564,0.6839646074,1.91921517,0.3425578253
lp_s2,414,0,200,8,200,35,3615.2,857,9.087489894,589.7725376,3.830598251,0.3741981774,0.7276970792,4.643127803,0.1772066901
lp_s2,415,0,200,8,200,10,3880.4,133,4.100556616,208.0466761,0.8791583807,0.2842905487,0.7786400056,4.373299821,0.1861053791
lp_s2,416,0,200,8,200,16,3849.7,879,4.768120819,87.84932548,1.527923299,0.5087190908,0.6628139102,3.857415975,0.2058707768
lp_s2,417,0,200,8,200,14,3884.0,832,2.549796,61.22964927,1.318771713,0.3258551203,0.7542302207,2.220345833,0.3105256553
lp_s2,418,0,200,8,200,24,3757.4,510,4.856349935,211.3121359,1.214255907,0.3340779048,0.7495814123,4.407119847,0.1849413418
lp_s2,419,0,200,8,200,19,3817.5,249,6.023687115,367.0936765,1.077668754,0.3143937861,0.7608070052,5.802561604,0.1470034464
lp_s2,420,0,200,8,200,8,3928.4,594,4.552550646,176.8481151,1.616489935,0.3423375737,0.7449690895,3.580702863,0.2183071092
lp_s2,421,0,200,8,200,13,3823.9,191,3.14487231,79.81311695,1.843154035,0.3520188184,0.7396346755,2.316446109,0.3015275892
lp_s2,422,0,200,8,200,78,3145.9,931,1.664229005,7.693463486,0.3820408174,0.6000012268,0.6249995208,2.69251545,0.270818095
lp_s2,423,0,200,8,200,24,3725.3,191,1.691609348,11.13785498,0.7151321271,0.5068731623,0.6636258612,2.000354336,0.3332939673
lp_s2,424,0,200,8,200,25,3716.4,397,1.953707949,9.168927933,0.5142416938,0.6452089215,0.6078255393,2.724432176,0.2684973045
lp_s2,425,0,200,8,200,13,3850.0,907,9.289905736,624.3571983,0.6518106089,0.3717874671,0.7289758975,11.50669482,0.0799571761
lp_s2,426,0,200,8,200,58,3345.6,832,1.813834108,6.416530652,0.4017621409,0.7160567246,0.5827313198,2.861627228,0.2589581907
lp_s2,427,0,200,8,200,25,3759.1,191,4.547882876,236.3632077,1.405311129,0.2958144155,0.7717154463,3.836392461,0.206765685
lp_s2,428,0,200,8,200,23,3746.5,191,1.609145285,11.99017376,0.4885271178,0.4647105356,0.6827287547,2.302241716,0.3028245919
lp_s2,429,0,200,8,200,14,3859.2,410,1.766472436,7.993802039,0.4632277486,0.6247843904,0.6154662772,2.595431562,0.2781307286
lp_s2,430,0,200,8,200,35,3615.5,828,2.839454241,30.6302628,0.8352836628,0.5130497883,0.6609167839,3.106832794,0.2434966433
lp_s2,431,0,200,8,200,10,3905.7,31,2.483607448,26.43455389,1.403341125,0.4830554215,0.6742836346,2.096531188,0.3229420081
lp_s2,432,0,200,8,200,9,3890.7,731,2.827934866,34.25488513,0.4895687723,0.4831791046,0.6742274058,4.041685799,0.1983463548
lp_s2,433,0,200,8,200,1,3971.8,948,2.680961647,70.22089702,0.7865039322,0.3199318038,0.7576148988,3.023013955,0.2485698561
lp_s2,434,0,200,8,200,31,3675.9,552,4.572759487,162.4734307,0.7495349301,0.3587460963,0.7359726756,5.281805701,0.1591898966
lp_s2,435,0,200,8,200,44,3588.5,905,1.431028503,8.008535789,0.3977981293,0.5056752801,0.6641538273,2.268908154,0.3059125411
lp_s2,436,0,200,8,200,1,3992.1,717,1.825654586,24.89207562,0.9072656344,0.3659216087,0.7321064354,1.916687815,0.3428546568
lp_s2,437,0,200,8,200,46,3493.4,437,1.367145567,4.209497054,0.3227694063,0.666345783,0.6001155404,2.4064042,0.2935646921
lp_s2,438,0,200,8,200,16,3834.9,664,2.611566868,28.80998285,0.6963700286,0.486552435,0.6726974283,3.12954438,0.2421574653
lp_s2,439,0,200,8,200,39,3606.3,905,1.890104033,20.97781276,0.4438149344,0.4126725736,0.7078781161,2.837166039,0.2606089989
lp_s2,440,0,200,8,200,6,3958.0,717,1.785880317,16.12934348,1.152098444,0.4446763227,0.6921965733,1.663824656,0.3754000842
lp_s2,441,0,200,8,200,19,3832.1,320,2.265459552,33.24233542,0.3953183317,0.3929258026,0.717913329,3.603154093,0.2172423473
lp_s2,442,0,200,8,200,52,3399.1,437,1.940913058,21.52698737,0.8089768202,0.4183256108,0.7050567178,2.15793343,0.3166627867
lp_s2,443,0,200,8,200,54,3430.1,717,2.410072082,15.98497274,0.8133703305,0.6028011636,0.6239077078,2.672304043,0.2723086074
lp_s2,444,0,200,8,200,5,3946.3,437,1.629191257,11.85511095,0.579178751,0.473172242,0.6788072511,2.140749054,0.3183953837
lp_s2,445,0,200,8,200,19,3828.8,538,2.10819337,33.1801,1.10115479,0.3659920045,0.7320687066,2.009029237,0.3323330952
lp_s2,446,0,200,8,200,38,3618.4,942,40.62721968,8018.210503,0.4297853384,0.4537100253,0.6878950978,61.97139957,0.0158802251
lp_s2,447,0,200,8,200,26,3824.3,642,3.470817268,79.71469115,1.201541461,0.3887429854,0.7200756443,3.166375152,0.2400167924
lp_s2,448,0,200,8,200,7,3960.6,510,3.958158117,88.87776216,3.012477784,0.4198523453,0.7042985866,2.280505966,0.3048310262
lp_s2,449,0,200,8,200,6,3941.5,673,5.833238698,295.4873023,2.546155707,0.3393441266,0.7466341026,3.655672391,0.2147917456
lp_s2,450,0,200,8,200,33,3737.9,437,1.690365523,16.12248376,0.5188546984,0.4209830906,0.703738142,2.346700951,0.2988017199
lp_s2,451,0,200,8,200,5,3953.6,905,2.759849821,58.7162162,0.7824835286,0.3601690744,0.7352027177,3.119951537,0.2427213017
lp_s2,452,0,200,8,200,24,3721.1,11,3.352878975,87.58818811,1.775998005,0.3582573476,0.7362375044,2.515918918,0.2844206659
lp_s2,453,0,200,8,200,30,3689.6,410,2.053441323,31.5793317,0.5968264281,0.3654103379,0.7323805689,2.658020184,0.2733719197
lp_s2,454,0,200,8,200,27,3775.5,745,5.055429052,99.96867559,0.4823507633,0.505622103,0.6641772846,7.27908071,0.1207863572
lp_s2,455,0,200,8,200,41,3504.7,838,6.796405388,410.4337434,1.195061967,0.3354731342,0.7487982906,6.217045745,0.138560851
lp_s2,456,0,200,8,200,19,3796.3,556,3.856001276,234.2643615,1.213384912,0.251932419,0.7987651608,3.500562803,0.2221944329
lp_s2,457,0,200,8,200,35,3600.3,717,1.408857296,7.379585928,0.3290118362,0.5186220868,0.6584916739,2.456185959,0.2893362833
lp_s2,458,0,200,8,200,28,3671.9,717,2.253907834,17.62732999,0.7084259667,0.53683755,0.6506868602,2.677866469,0.2718967663
lp_s2,459,0,200,8,200,5,3946.2,437,1.808098365,20.5645804,1.252742392,0.3987145893,0.7149421388,1.615441243,0.3823446627
lp_s2,460,0,200,8,200,15,3883.5,47,2.475955653,13.65285866,0.6691798898,0.6700868027,0.5987712725,3.026714248,0.2483414363
lp_s2,461,0,200,8,200,62,3431.4,461,10.56235221,461.0278854,1.977451008,0.4919229087,0.6702759199,7.511173245,0.1174926149
lp_s2,462,0,200,8,200,51,3513.0,862,2.821013722,56.79378643,1.036932953,0.3743301314,0.7276272106,2.770319509,0.2652295111
lp_s2,463,0,200,8,200,20,3865.9,191,2.373044759,64.13650253,0.8145330049,0.2963147654,0.7714175806,2.629369291,0.2755299667
lp_s2,464,0,200,8,200,49,3465.4,717,2.223831621,21.77252832,1.04398802,0.4765927913,0.6772347839,2.176477309,0.3148141488
lp_s2,465,0,200,8,200,38,3732.3,717,1.938204295,28.33291986,0.8226544411,0.3641278401,0.7330691234,2.136932619,0.3187827478
lp_s2,466,0,200,8,200,12,3897.5,410,1.861566795,11.66949767,0.6233322934,0.5449448379,0.6472723009,2.357864317,0.2978083405
lp_s2,467,0,200,8,200,22,3729.3,191,2.455544408,31.09104486,1.367290011,0.4403825825,0.6942599918,2.099991187,0.3225815622
lp_s2,468,0,200,8,200,1,3991.1,11,3.926981458,171.7611176,3.597353447,0.2996376774,0.7694452211,2.07046215,0.3256838714
lp_s2,469,0,200,8,200,35,3650.1,148,1.538626255,13.3940755,0.5214279328,0.4204136106,0.7040202885,2.13076715,0.3194105317
lp_s2,470,0,200,8,200,28,3673.2,443,2.454391867,52.05816998,0.6478979078,0.3401726981,0.7461724906,3.049233022,0.2469603489
lp_s2,471,0,200,8,200,1,3988.5,510,4.260176401,86.31516962,2.624694093,0.4585471707,0.6856137533,2.629591186,0.2755131222
lp_s2,472,0,200,8,200,18,3775.7,570,3.715248325,103.7779677,0.5554341514,0.3646995826,0.7327620033,4.985073402,0.1670823284
lp_s2,473,0,200,8,200,16,3846.6,664,2.36470892,67.93448746,2.774865692,0.2869013145,0.777060361,1.419569651,0.4132966372
lp_s2,474,0,200,8,200,9,3936.7,410,2.14676733,37.48966847,0.5480618411,0.3506139387,0.7404040276,2.899814351,0.2564224627
lp_s2,475,0,200,8,200,2,3977.3,777,3.814756212,176.4660871,0.8286271813,0.2871680777,0.7768993167,4.190706071,0.1926520181
lp_s2,476,0,200,8,200,10,3897.6,410,2.164233879,35.93098052,1.131539651,0.3610519183,0.7347258297,2.034554382,0.3295376764
lp_s2,477,0,200,8,200,16,3779.1,832,1.819868313,11.62020037,0.5374144232,0.5338670962,0.6519469662,2.482477405,0.287151899
lp_s2,478,0,200,8,200,27,3708.1,905,1.752063261,8.181159971,0.5586145725,0.6125511233,0.6201353778,2.344194554,0.2990256649
lp_s2,479,0,200,8,200,3,3986.2,717,2.164021573,18.61527619,0.5087761791,0.501564562,0.6659720303,3.033878618,0.2479003695
lp_s2,480,0,200,8,200,38,3667.9,148,1.924115468,14.36873717,0.5237594863,0.5076002537,0.6633058051,2.65867456,0.2733230255
lp_s2,481,0,200,8,200,25,3760.8,777,2.806132528,13.19602071,0.3699382127,0.7724790034,0.5641815774,4.613638696,0.1781375778
lp_s2,482,0,200,8,200,44,3534.0,148,1.848837162,20.68902159,0.6021400593,0.406470176,0.7109997902,2.382593219,0.2956311726
lp_s2,483,0,200,8,200,7,3956.5,410,3.24469447,74.80255912,1.519252049,0.3751591823,0.7271885414,2.632442497,0.2752968562
lp_s2,484,0,200,8,200,36,3604.3,799,6.836688432,191.7386183,1.232571868,0.4937316768,0.669464279,6.157999688,0.139703834
lp_s2,485,0,200,8,200,14,3852.5,149,5.363207559,121.3286095,0.7783790896,0.48690361,0.6725385514,6.078956343,0.1412637614
lp_s2,486,0,200,8,200,21,3801.7,831,14.526452,1199.637421,2.127659632,0.419405915,0.704520102,9.958833613,0.091250587
lp_s2,487,0,200,8,200,25,3773.4,904,7.096639372,438.4027002,0.934511776,0.3389347719,0.7468623722,7.341086598,0.1198884568
lp_s2,488,0,200,8,200,15,3866.5,488,9.439503864,247.1546841,1.651156719,0.6004332662,0.6248308012,7.346069292,0.1198168821
lp_s2,489,0,200,8,200,11,3904.9,717,1.768191505,36.80787374,0.7834190409,0.2914465606,0.7743254971,1.997709056,0.3335880772
lp_s2,490,0,200,8,200,11,3926.2,772,3.043191516,166.8056396,1.004563126,0.2356263846,0.809306124,3.036271955,0.2477533752
lp_s2,491,0,200,8,200,28,3759.5,603,6.403366453,253.9462777,0.8247557209,0.4018254417,0.7133555793,7.050918391,0.124209432
lp_s2,492,0,200,8,200,22,3810.9,594,4.070250228,105.309063,0.6421642665,0.3966324431,0.7160079984,5.079231899,0.1644944652
lp_s2,493,0,200,8,200,46,3550.2,277,3.799876479,77.91366069,0.9147338093,0.4304896105,0.6990613512,3.973032464,0.201084551
lp_s2,494,0,200,8,200,39,3567.1,437,1.501562801,11.50596022,0.3976334317,0.4426720142,0.693158244,2.381233891,0.2957500227
lp_s2,495,0,200,8,200,43,3467.2,183,3.441950098,66.09171711,0.6201043988,0.4233806954,0.7025527346,4.370913013,0.1861880834
lp_s2,496,0,200,8,200,15,3864.7,191,4.230714698,198.029177,1.134901638,0.3006416512,0.7688512813,3.971317668,0.2011539126
lp_s2,497,0,200,8,200,35,3662.3,561,3.174860299,29.33048359,0.6052864335,0.5862259085,0.6304272264,4.080789096,0.1968198209
lp_s2,498,0,200,8,200,32,3759.4,717,2.014527067,17.89619155,0.5898733487,0.4762037347,0.6774132706,2.622972393,0.276016456
lp_s2,499,0,200,8,200,14,3873.2,413,3.002927235,63.27311647,0.9155882695,0.3775158549,0.7259444575,3.138301749,0.2416450178
lp_s2,500,0,200,8,200,34,3404.0,931,1.79384945,16.86062003,0.397109119,0.4368669808,0.6959586471,2.846630261,0.2599677984
lp_s2,501,0,200,8,200,47,3552.1,538,2.002844952,20.50894719,0.6338417086,0.4422579482,0.6933572467,2.515688841,0.2844392792
lp_s2,502,0,200,8,200,34,3606.3,832,2.638701699,23.51023619,0.423967193,0.544204089,0.647582795,4.052510706,0.1979214015
lp_s2,503,0,200,8,200,75,3180.1,36,2.055605588,13.09068585,0.3847591407,0.5681442154,0.6376964505,3.313945154,0.2318063778
lp_s2,504,0,200,8,200,11,3927.7,410,3.166608751,75.34113648,1.516940239,0.3648197355,0.732697494,2.571047923,0.280029846
lp_s2,505,0,200,8,200,18,3783.1,249,2.781083717,42.56336443,1.05952285,0.4262811096,0.7011240584,2.701835469,0.270136263
lp_s2,506,0,200,8,200,15,3834.1,777,2.927666365,68.41475623,0.6822839887,0.3539538914,0.7385775885,3.544369522,0.2200525277
lp_s2,507,0,200,8,200,27,3639.8,642,2.782312117,47.84774293,0.5482065667,0.4022306114,0.7131494577,3.757800591,0.2101811501
lp_s2,508,0,200,8,200,34,3591.3,627,5.890248532,337.7721416,3.697738595,0.3204953302,0.7572915838,3.06313062,0.2461156418
lp_s2,509,0,200,8,200,11,3843.4,410,2.465814735,19.14066507,0.6743868351,0.5636142066,0.6395439462,3.002658224,0.2498339714
lp_s2,510,0,200,8,200,12,3940.6,832,1.613998185,8.583250079,0.5335130824,0.5509055643,0.6447845846,2.209685701,0.3115569851
lp_s2,511,0,200,8,200,1,3997.0,940,10.52647507,5127.510505,8.313471623,0.147004181,0.8718364035,3.65083123,0.2150153275
lp_s2,512,0,200,8,200,11,3880.9,974,2.803990178,35.2840001,1.456463308,0.4720495421,0.6793249625,2.3234146,0.3008953503
lp_s2,513,0,200,8,200,33,3635.8,437,1.619920244,19.64280758,0.3343739945,0.3655037622,0.7323304612,2.80141459,0.2630599679
lp_s2,514,0,200,8,200,2,3979.8,948,1.835748873,18.68609375,0.6532189701,0.4246723726,0.7019157662,2.271349031,0.3056842882
lp_s2,515,0,200,8,200,32,3635.8,642,2.73733727,56.01028735,1.292206793,0.3657584853,0.7321938767,2.408032259,0.2934244526
lp_s2,516,0,200,8,200,40,3650.9,437,1.529847856,12.7514759,0.4630969945,0.4284183014,0.7000750404,2.248082583,0.3078739454
lp_s2,517,0,200,8,200,25,3728.1,134,5.43870034,286.3882484,2.157306941,0.321379029,0.7567851298,3.702875928,0.2126358456
lp_s2,518,0,200,8,200,30,3568.3,931,2.005262746,22.21311545,0.5371874062,0.425467654,0.701524161,2.735951373,0.2676694368
lp_s2,519,0,200,8,200,24,3771.2,832,1.370769392,5.840192225,0.3732500402,0.5672190754,0.638072887,2.243698341,0.3082900735
lp_s2,520,0,200,8,200,38,3300.7,437,2.085131642,20.46917436,0.3656006803,0.4608751756,0.6845211807,3.448498022,0.2247949747
lp_s2,521,0,200,8,200,53,3488.8,66,3.440057083,163.6592085,2.392071777,0.2689028628,0.7880823893,2.224224118,0.3101521369
lp_s2,522,0,200,8,200,38,3631.4,78,3.339389682,44.50403419,0.3847587208,0.5005729883,0.6664121025,5.383600997,0.1566513948
lp_s2,523,0,200,8,200,6,3972.8,519,2.004830993,15.61059013,0.5858771617,0.5074206146,0.6633848511,2.619235106,0.2763014755
lp_s2,524,0,200,8,200,33,3665.7,832,2.138309997,42.0501981,0.649771883,0.3297513964,0.7520202669,2.652712654,0.2737691395
lp_s2,525,0,200,8,200,8,3931.7,191,1.914596104,15.54941781,0.8544694153,0.485534511,0.6731583767,2.071232775,0.3256021517
lp_s2,526,0,200,8,200,59,3349.1,717,1.630646708,6.012082882,0.5024956963,0.6650394349,0.6005863759,2.300348864,0.3029982712
lp_s2,527,0,200,8,200,43,3529.2,905,1.647510133,8.060905055,0.5094893419,0.5802781148,0.6328000057,2.308131472,0.3022854468
lp_s2,528,0,200,8,200,11,3867.1,908,5.412789759,349.9863338,1.463244974,0.2893314314,0.7755957667,4.474686752,0.1826588525
lp_s2,529,0,200,8,200,85,2965.9,410,2.449820961,20.7608892,0.6042694807,0.5376645103,0.6503369189,3.15151237,0.2408760738
lp_s2,530,0,200,8,200,3,3969.7,777,3.950065149,72.82758782,0.7292188951,0.4628670819,0.6835891055,4.62567698,0.1777563844
lp_s2,531,0,200,8,200,16,3806.7,437,1.656109238,18.35978696,0.6350960891,0.3865050396,0.7212379122,2.078113485,0.3248743118
lp_s2,532,0,200,8,200,5,3966.5,239,8.660795701,553.7936411,1.527298427,0.3680305001,0.7309778546,7.008028219,0.1248746848
lp_s2,533,0,200,8,200,14,3880.6,191,1.93755802,9.042683438,0.6073894953,0.6443265876,0.6081516942,2.486114222,0.2868523337
lp_s2,534,0,200,8,200,18,3765.8,191,1.325368007,7.342289759,0.6037041576,0.4891259711,0.6715348597,1.705785426,0.369578456
lp_s2,535,0,200,8,200,35,3605.9,569,7.53309238,1027.698837,2.049484747,0.2349851192,0.8097263558,5.262001264,0.1596933565
lp_s2,536,0,200,8,200,15,3871.2,410,1.980096363,23.63440203,0.9463405107,0.4072996311,0.7105807306,2.035460178,0.3294393408
lp_s2,537,0,200,8,200,17,3805.1,117,3.529870226,103.2177135,1.657264776,0.3474414445,0.7421472778,2.74197057,0.2672388735
lp_s2,538,0,200,8,200,23,3826.0,717,1.489430502,7.338607001,0.5993341635,0.5498110046,0.6452399661,1.923914317,0.342007286
lp_s2,539,0,200,8,200,12,3881.6,519,4.723457983,158.5448636,1.962782487,0.3751318753,0.7272029817,3.371506252,0.228754105
lp_s2,540,0,200,8,200,36,3702.1,717,2.260245708,23.95484598,0.8388885673,0.461805352,0.6840856059,2.467763381,0.2883703097
lp_s2,541,0,200,8,200,43,3567.4,44,2.983351246,38.28296305,0.7544100796,0.4821715881,0.6746857166,3.434793616,0.2254896364
lp_s2,542,0,200,8,200,38,3562.5,832,1.790804,23.11660287,0.5983119324,0.372465498,0.7286157659,2.31517713,0.3016430076
lp_s2,543,0,200,8,200,20,3791.8,631,4.024598975,53.99031102,0.7643241843,0.5477276908,0.6461084892,4.603454039,0.1784613549
lp_s2,544,0,200,8,200,53,3377.3,356,2.226898917,22.67098369,0.6395587615,0.4676977944,0.681339172,2.784583707,0.2642298539
lp_s2,545,0,200,8,200,58,3318.1,717,1.88227149,43.43415659,0.7577969608,0.2856055009,0.7778435915,2.162249646,0.3162305675
lp_s2,546,0,200,8,200,2,3959.3,191,2.846229304,79.7019935,1.819308703,0.3188124654,0.7582579224,2.110166321,0.3215262134
lp_s2,547,0,200,8,200,11,3845.7,717,2.226412931,56.15492481,0.8629170663,0.297106252,0.7709468661,2.396741449,0.2943997991
lp_s2,548,0,200,8,200,68,3287.0,656,9.898913379,1809.948218,7.04598258,0.2326775322,0.8112421732,3.729209152,0.2114518449
lp_s2,549,0,200,8,200,52,3417.7,389,75.35406941,39644.97971,3.014964468,0.378453574,0.7254506201,43.39758992,0.02252374513
lp_s2,550,0,200,8,200,14,3893.6,795,6.80011148,469.6215438,4.903068557,0.3137921151,0.7611554282,3.071015791,0.2456389391
lp_s2,551,0,200,8,200,29,3619.5,745,4.089630439,138.6985275,0.7206953795,0.3472547055,0.7422501446,4.817349945,0.1718995779
lp_s2,552,0,200,8,200,56,3426.1,47,2.171507588,7.740522636,0.4936452974,0.7805059331,0.5616381172,3.090678629,0.244458216
lp_s2,553,0,200,8,200,11,3914.1,437,1.555556627,14.66152647,0.7740260096,0.4062526725,0.7111097597,1.768104983,0.3612579747
lp_s2,554,0,200,8,200,20,3864.1,191,1.619243141,9.876494318,0.5872270809,0.5152412877,0.6599608974,2.113046374,0.3212287515
lp_s2,555,0,200,8,200,20,3817.9,437,1.971087315,26.87152977,1.224395572,0.3802416339,0.7245108215,1.781332485,0.3595398988
lp_s2,556,0,200,8,200,31,3678.0,664,2.352228249,20.59787483,0.5333018647,0.5182845395,0.6586380708,3.221016208,0.236909775
lp_s2,557,0,200,8,200,10,3897.9,631,5.376178669,155.7349587,0.7873857624,0.430804903,0.6989073059,6.0587065,0.1416690154
lp_s2,558,0,200,8,200,13,3931.1,687,18.40147916,1200.168159,5.443987687,0.5311677317,0.6530963129,7.886679042,0.1125279753
lp_s2,559,0,200,8,200,4,3884.8,410,3.003623451,106.7183058,1.207477399,0.2907542191,0.7747408338,2.733417567,0.2678510994
lp_s2,560,0,200,8,200,7,3918.0,31,5.542155656,309.8335194,2.181345632,0.3148578453,0.7605384898,3.752463503,0.2104171867
lp_s2,561,0,200,8,200,81,3051.2,717,1.995156421,24.32045172,0.6437245822,0.4045676303,0.7119628692,2.486720091,0.2868024888
lp_s2,562,0,200,8,200,25,3817.8,56,26.54457576,9987.289175,7.95048947,0.2656146203,0.7901299368,9.414101044,0.0960236506
lp_s2,563,0,200,8,200,33,3720.1,594,5.462100503,166.8347204,1.878873156,0.42287934,0.702800281,3.984840623,0.2006082191
lp_s2,564,0,200,8,200,41,3552.4,717,1.827347043,36.49114772,0.6758159499,0.3025013194,0.7677535409,2.2228329,0.310286022
lp_s2,565,0,200,8,200,14,3841.6,443,2.724884856,68.10338706,1.359556409,0.3301899112,0.7517723534,2.33695064,0.2996747953
lp_s2,566,0,200,8,200,14,3870.4,410,1.920293262,26.14972523,1.085734483,0.3755207962,0.7269973691,1.842916857,0.3517514055
lp_s2,567,0,200,8,200,34,3551.9,935,9.903565438,559.651405,3.660529733,0.4186323411,0.7049042737,5.176301997,0.1619091813
lp_s2,568,0,200,8,200,4,3959.1,599,3.219966278,35.97999071,0.3881641777,0.5368102503,0.6506984189,5.168250993,0.1621205105
lp_s2,569,0,200,8,200,26,3744.8,882,3.829763664,90.98439666,0.8804923403,0.4015027411,0.7135198317,4.081400217,0.1967961501
lp_s2,570,0,200,8,200,18,3807.8,931,2.413347515,17.37095409,0.5533360203,0.5790392821,0.6332964679,3.244332764,0.2356082936
lp_s2,571,0,200,8,200,21,3802.2,717,2.331272752,27.24245962,0.713176463,0.4466526651,0.6912509299,2.760543448,0.2659190125
lp_s2,572,0,200,8,200,23,3759.2,695,17.66303451,689.7601311,0.9974197116,0.6725371411,0.597894047,17.68586657,0.05351638344
lp_s2,573,0,200,8,200,6,3936.1,772,3.904043519,202.1853137,3.242308352,0.2745616316,0.7845834797,2.168140853,0.3156425318
lp_s2,574,0,200,8,200,41,3591.6,410,1.568918572,13.3810593,0.8222109952,0.4288991211,0.6998394675,1.730249625,0.3662668756
lp_s2,575,0,200,8,200,25,3723.2,320,2.013176859,22.28939845,0.9801996526,0.4264152771,0.7010581112,2.033408607,0.3296621489
lp_s2,576,0,200,8,200,35,3679.8,855,3.726575663,40.79723294,0.4491011699,0.5834378354,0.6315372651,5.560807358,0.1524202656
lp_s2,577,0,200,8,200,60,3362.4,832,1.918289511,11.35766543,0.4998438164,0.5692061929,0.6372648824,2.713294848,0.2693026115
lp_s2,578,0,200,8,200,42,3560.6,664,3.29919566,104.6002995,1.419884037,0.3225830979,0.7560961588,2.76873655,0.2653409138
lp_s2,579,0,200,8,200,9,3917.8,907,10.11236737,410.2114727,0.9456774668,0.4992854813,0.6669843819,10.39875433,0.08772888432
lp_s2,580,0,200,8,200,18,3792.8,382,6.778213501,212.3564157,1.118430321,0.4651387816,0.6825291996,6.409302626,0.1349654685
lp_s2,581,0,200,8,200,10,3914.3,36,2.797072201,45.71686598,0.6072532912,0.4136808829,0.7073732213,3.589374213,0.2178946309
lp_s2,582,0,200,8,200,9,3911.0,402,11.58778643,631.6921648,1.354815177,0.461049693,0.6844394169,9.955439919,0.09127885392
lp_s2,583,0,200,8,200,28,3766.5,616,10.46532841,344.2323728,1.285568252,0.564062212,0.6393607571,9.23007632,0.09775098139
lp_s2,584,0,200,8,200,26,3753.3,799,6.621354358,349.5009255,0.9893493371,0.3541788845,0.7384548758,6.656899452,0.1306011665
lp_s2,585,0,200,8,200,20,3863.4,694,5.120174018,105.8218898,0.7604481952,0.4977336066,0.6676754769,5.87151135,0.1455283924
lp_s2,586,0,200,8,200,27,3684.7,664,2.259850724,26.74290484,1.033451199,0.4369939888,0.6958971351,2.222975958,0.3102722493
lp_s2,587,0,200,8,200,11,3883.5,101,3.215138614,65.51129739,0.6984153497,0.3972295984,0.7157019871,3.847182721,0.2063054062
lp_s2,588,0,200,8,200,26,3699.0,627,3.596434227,95.88814469,1.05028797,0.3672735597,0.7313825334,3.509279234,0.2217649314
lp_s2,589,0,200,8,200,7,3947.6,410,4.203600698,143.1425137,0.8597473837,0.3513477169,0.7400019903,4.533525095,0.1807166287
lp_s2,590,0,200,8,200,26,3701.7,745,5.052171558,135.4426456,1.119982482,0.434110585,0.6972962967,4.773890736,0.1731934402
lp_s2,591,0,200,8,200,40,3611.2,286,10.5686758,3732.933293,2.577552677,0.1729798281,0.8525295798,6.582893076,0.131875788
lp_s2,592,0,200,8,200,35,3553.7,66,3.011437015,34.2326319,0.4322799272,0.5146993729,0.660197012,4.580271789,0.179202741
lp_s2,593,0,200,8,200,71,3161.8,931,1.904349111,5.576002456,0.3994139653,0.8064641927,0.5535675736,3.01324847,0.2491747041
lp_s2,594,0,200,8,200,12,3884.7,717,1.945138637,21.29752549,0.5024469396,0.4214887498,0.7034878047,2.744134904,0.2670843935
lp_s2,595,0,200,8,200,11,3904.8,191,2.284557843,59.3776248,0.5729047231,0.2964768228,0.7713211547,3.018289947,0.2488620814
lp_s2,596,0,200,8,200,11,3919.8,777,2.471584441,12.89513112,0.3898900085,0.6882759133,0.5923202435,3.958260748,0.2016836247
lp_s2,597,0,200,8,200,27,3703.0,285,2.817934445,20.5634714,0.8393772268,0.6214163417,0.6167447399,3.075758937,0.2453530779
lp_s2,598,0,200,8,200,34,3647.3,717,1.536574228,8.229581549,0.6133698748,0.5356297223,0.6511986486,1.961969825,0.3376131625
lp_s2,599,0,200,8,200,51,3424.3,599,2.898778087,27.25097482,0.4462249063,0.5552952371,0.6429647415,4.339483748,0.1872840236
lp_s2,600,0,200,8,200,32,3697.5,832,2.133203927,29.53925313,0.6554784716,0.3924936359,0.7181361366,2.634833389,0.2751157736
lp_s2,601,0,200,8,200,15,3885.8,31,3.806408641,61.59374547,1.017663644,0.4850059914,0.6733979565,3.773230018,0.2095017412
lp_s2,602,0,200,8,200,23,3772.1,36,5.60826672,197.031374,1.031984329,0.3995406454,0.7145201558,5.520674078,0.153358378
lp_s2,603,0,200,8,200,40,3567.3,66,2.72483061,87.2633966,0.7656492611,0.2916912844,0.7741787934,3.114042787,0.2430699076
lp_s2,604,0,200,8,200,25,3767.2,931,1.820328285,12.9948903,0.4559343332,0.5049674779,0.6644661859,2.69586766,0.2705724588
lp_s2,605,0,200,8,200,18,3851.4,556,3.99253941,160.8812178,0.9435682883,0.314772323,0.7605879607,4.110196106,0.1956872064
lp_s2,606,0,200,8,200,13,3763.5,191,2.72650466,66.33222792,0.8264858182,0.3347680111,0.7491938612,2.999083389,0.2500573013
lp_s2,607,0,200,8,200,4,3974.0,962,9.502975444,547.0326161,5.014602415,0.4063057761,0.7110829074,4.243667554,0.1907062165
lp_s2,608,0,200,8,200,33,3695.7,940,6.825050853,392.8474155,1.711888951,0.344345127,0.7438566034,5.2163665,0.1608656761
lp_s2,609,0,200,8,200,6,3961.1,258,7.08022867,322.0568972,1.166630063,0.3945308626,0.7170870339,6.555120848,0.1323605565
lp_s2,610,0,200,8,200,26,3729.3,594,4.198454133,288.3239277,0.6827741408,0.2472572702,0.8017592071,5.081019724,0.1644461037
lp_s2,611,0,200,8,200,21,3788.5,320,3.550383182,58.45423878,0.624955301,0.4643732805,0.6828859918,4.491079569,0.1821135512
lp_s2,612,0,200,8,200,18,3843.3,758,6.482600441,335.8652308,4.592716785,0.3537257945,0.7387020356,3.024923681,0.2484519159
lp_s2,613,0,200,8,200,10,3897.2,374,4.686212943,120.3003141,3.996808922,0.4272564607,0.7006449279,2.34404166,0.2990393367
lp_s2,614,0,200,8,200,38,3622.6,832,2.436240208,54.63703243,0.7723941441,0.329591919,0.7521104676,2.772047197,0.2651080296
lp_s2,615,0,200,8,200,37,3644.6,832,1.860978923,10.39126798,0.5845650739,0.5773074765,0.6339917961,2.434024932,0.2912034769
lp_s2,616,0,200,8,200,10,3892.4,410,2.517109641,65.42469716,1.11318166,0.3111940413,0.7626636245,2.385718024,0.2953583236
lp_s2,617,0,200,8,200,9,3932.4,31,2.96846775,44.21919008,1.529872899,0.4464028341,0.6913703267,2.399963625,0.2941207937
lp_s2,618,0,200,8,200,12,3892.0,948,3.310402229,188.6911453,2.144407722,0.2409933204,0.8058061099,2.260617496,0.3066903742
lp_s2,619,0,200,8,200,8,3935.0,31,2.571364648,43.80725892,1.754626382,0.3884996474,0.7202018394,1.941204732,0.339996733
lp_s2,620,0,200,8,200,24,3729.9,717,2.254968206,22.78465541,0.5997352333,0.4724101178,0.6791586039,2.911793962,0.2556371858
lp_s2,621,0,200,8,200,8,3900.8,416,6.587258964,299.6995986,2.870348699,0.3805061289,0.7243720104,3.888099832,0.2045784731
lp_s2,622,0,200,8,200,44,3469.2,437,1.526194894,11.48643599,0.3658553375,0.4503159688,0.6895049227,2.523221047,0.2838311837
lp_s2,623,0,200,8,200,57,3352.9,615,3.240399296,96.37655711,0.4597464212,0.3300751469,0.7518372194,4.77902553,0.173039554
lp_s2,624,0,200,8,200,7,3891.5,191,2.19283901,21.02985024,0.8512425447,0.4781769731,0.6765089825,2.376731313,0.2961443797
lp_s2,625,0,200,8,200,5,3957.3,148,2.337989006,24.87474824,0.8435450752,0.46877357,0.6808401379,2.545589187,0.2820405713
lp_s2,626,0,200,8,200,21,3790.3,745,10.90097936,1153.859022,7.332410452,0.3209143536,0.7570513541,4.025706728,0.1989769905
lp_s2,627,0,200,8,200,38,3553.3,249,2.453616442,29.13342697,0.581791893,0.4545805883,0.6874833942,3.216790967,0.2371471595
lp_s2,628,0,200,8,200,22,3803.2,437,1.566703102,9.814659663,0.3526055162,0.5000910488,0.666626203,2.638409197,0.2748453914
lp_s2,629,0,200,8,200,7,3943.0,148,1.769286737,18.93875797,0.610072477,0.406557966,0.7109554133,2.265204969,0.3062594874
lp_s2,630,0,200,8,200,57,3392.8,832,3.132004753,57.81401949,0.3945943734,0.4119133146,0.7082587788,4.985939086,0.1670581651
lp_s2,631,0,200,8,200,24,3787.2,664,2.891129407,23.77595848,0.5260357166,0.5929232962,0.6277766182,3.986207618,0.2005532213
lp_s2,632,0,200,8,200,76,3105.0,754,5.481687733,225.8106133,0.3779766664,0.3647893217,0.7327138219,8.916240964,0.1008446652
lp_s2,633,0,200,8,200,37,3637.0,320,2.711298947,25.24972344,0.7544311002,0.5395716121,0.649531332,3.121530723,0.2426283017
lp_s2,634,0,200,8,200,13,3860.6,717,2.085941617,11.40356628,0.6752655917,0.6177059765,0.6181593037,2.538427935,0.2826113795
lp_s2,635,0,200,8,200,28,3744.1,832,2.400342117,21.48888384,0.6387720544,0.5178049721,0.6588461748,3.003310203,0.2497932834
lp_s2,636,0,200,8,200,27,3741.0,239,5.027528391,131.9933771,1.045525092,0.4376011569,0.6956032243,4.916853877,0.1690087369
lp_s2,637,0,200,8,200,32,3626.7,393,36.43836772,7753.192742,3.976668883,0.4138268107,0.7073002099,18.27255167,0.05188726521
lp_s2,638,0,200,8,200,16,3862.4,320,2.554592433,57.67444601,0.5897082628,0.3363797981,0.74829027,3.326618627,0.2311273737
lp_s2,639,0,200,8,200,32,3710.1,772,4.472472238,56.13336218,1.473424612,0.5969488579,0.6261941295,3.684543545,0.2134679698
lp_s2,640,0,200,8,200,31,3639.2,450,3.682204118,81.89930197,0.5831435225,0.406881327,0.7107920056,4.821921451,0.1717645984
lp_s2,641,0,200,8,200,17,3904.3,832,2.246750343,33.54447543,1.23685052,0.3879219143,0.7205016289,2.020208568,0.3311029611
lp_s2,642,0,200,8,200,18,3810.4,437,1.831554849,7.832155943,0.3778980783,0.6544542102,0.6044289373,2.979425889,0.2512925301
lp_s2,643,0,200,8,200,9,3960.7,832,2.429270741,22.63492309,0.9844901474,0.5106065808,0.6619857299,2.448331568,0.2899953152
lp_s2,644,0,200,8,200,46,3414.9,11,2.657784057,45.51511303,0.69535875,0.3939507024,0.7173854845,3.187243396,0.2388206047
lp_s2,645,0,200,8,200,8,3928.4,191,2.480476053,53.54239999,1.57860891,0.3389894026,0.7468319003,1.974230076,0.3362214673
lp_s2,646,0,200,8,200,1,3988.8,410,2.321842586,25.04974362,1.851990802,0.4639072181,0.6831034014,1.706134872,0.3695307319
lp_s2,647,0,200,8,200,0,4000.0,437,1.757473602,25.22397908,0.8529131696,0.3499306727,0.7407787824,1.902989536,0.3444724783
lp_s2,648,0,200,8,200,32,3675.8,549,161.2531999,134642.1875,1.303756515,0.4394583918,0.694705735,141.2245162,0.007031136589
lp_s2,649,0,200,8,200,55,3484.5,712,3.903162777,58.14065151,0.62365987,0.5118900836,0.6614237443,4.942455451,0.1682806052
lp_s2,650,0,200,8,200,5,3968.8,191,1.873733092,20.51447948,0.8877788135,0.4136923366,0.7073674901,1.98863619,0.3346007799
lp_s2,651,0,200,8,200,26,3703.3,298,5.114529922,126.6749852,1.500290238,0.4544229876,0.6875578896,4.175592241,0.193214603
lp_s2,652,0,200,8,200,6,3920.1,410,2.058153209,10.73188877,0.7540454666,0.6282603026,0.6141524168,2.370166928,0.2967212074
lp_s2,653,0,200,8,200,12,3879.7,36,2.768314188,37.73604811,0.956050493,0.4506477116,0.6893472426,2.831228776,0.2610128652
lp_s2,654,0,200,8,200,30,3688.1,437,1.884869878,5.62279606,0.3336111955,0.7948866591,0.5571382432,3.263330544,0.2345584021
lp_s2,655,0,200,8,200,7,3932.7,754,6.592972841,192.824875,0.6646893466,0.4747880258,0.6780635471,8.086711092,0.1100508193
lp_s2,656,0,200,8,200,0,4000.0,249,4.550598865,153.9039445,1.807047182,0.3668121215,0.7316294495,3.385195915,0.2280399826
lp_s2,657,0,200,8,200,13,3870.4,745,7.554373811,590.6729385,4.243960336,0.3108314354,0.7628745947,3.667016068,0.2142696715
lp_s2,658,0,200,8,200,13,3837.3,576,5.722310041,160.6545458,0.6150199889,0.4514658194,0.6889586972,7.296704676,0.1205297813
lp_s2,659,0,200,8,200,46,3620.3,599,3.353710955,60.00426674,0.3862020333,0.4329468289,0.6978626002,5.39657667,0.1563336221
lp_s2,660,0,200,8,200,16,3878.6,437,1.341365777,8.119200606,0.4863050861,0.4707502787,0.6799250794,1.923502769,0.3420554311
lp_s2,661,0,200,8,200,24,3786.7,356,1.438393553,8.239558199,0.4197281273,0.5011015718,0.6661774385,2.220208142,0.3105389328
lp_s2,662,0,200,8,200,29,3709.6,542,5.603450759,234.9216576,1.674076065,0.3655897674,0.7322843389,4.330798387,0.1875891616
lp_s2,663,0,200,8,200,23,3753.7,627,3.2894802,81.09778074,0.6384947788,0.3652773906,0.7324518862,4.116694143,0.1954386899
lp_s2,664,0,200,8,200,16,3823.5,931,1.89917326,12.85365059,0.6976030258,0.5297260639,0.6537118139,2.273842655,0.3054514543
lp_s2,665,0,200,8,200,20,3752.8,437,1.644356281,7.747201808,0.4316324973,0.5907768747,0.6286236718,2.502873235,0.2854799283
lp_s2,666,0,200,8,200,13,3876.5,717,2.648719393,44.42517773,1.075972476,0.3973940537,0.7156177582,2.553497108,0.2814129208
lp_s2,667,0,200,8,200,56,3335.9,862,2.13163299,30.78029529,0.4638179502,0.384216527,0.7224303283,3.129959059,0.2421331509
lp_s2,668,0,200,8,200,39,3555.9,832,2.729711231,34.38955512,0.5152640487,0.4654825746,0.6823690826,3.802785119,0.2082125215
lp_s2,669,0,200,8,200,35,3621.7,822,4.868572101,107.2426418,1.327179184,0.4701298797,0.6802120097,4.226071353,0.191348325
lp_s2,670,0,200,8,200,12,3883.9,58,45.30783255,10719.40661,4.427419624,0.4376106818,0.6955986156,21.53267294,0.04437999889
lp_s2,671,0,200,8,200,43,3569.9,832,1.938704226,44.26835305,0.5667592469,0.2913834456,0.7743633414,2.575207626,0.2797040353
lp_s2,672,0,200,8,200,16,3850.5,31,2.789122013,49.75206283,1.243711238,0.3954230369,0.7166285589,2.500965691,0.2856354755
lp_s2,673,0,200,8,200,1,3995.2,410,2.504670963,17.93550763,1.817498999,0.5914170551,0.6283707949,1.857862594,0.3499118545
lp_s2,674,0,200,8,200,91,2941.3,522,4.84214884,223.9448293,1.649145233,0.3235695278,0.7555326554,3.770584544,0.209617918
lp_s2,675,0,200,8,200,29,3753.6,556,5.059251491,420.0216976,1.268657548,0.2468598185,0.8020147776,4.491734362,0.1820918373
lp_s2,676,0,200,8,200,34,3700.1,347,3.350203395,70.62719931,0.5443565807,0.3986439542,0.7149782452,4.540769281,0.1804803538
lp_s2,677,0,200,8,200,17,3827.7,616,5.289291284,503.5507934,1.536581683,0.2357088246,0.8092521313,4.266970679,0.1898624581
lp_s2,678,0,200,8,200,11,3898.2,443,3.060470467,73.27224915,2.042218386,0.3575348923,0.7366293166,2.141593806,0.3183097694
lp_s2,679,0,200,8,200,36,3658.7,412,41.38332263,21215.23419,6.704493964,0.2841197617,0.7787435641,15.98241321,0.05888444637
lp_s2,680,0,200,8,200,47,3440.4,948,3.872845456,135.9511503,1.476013994,0.3321534164,0.7506642911,3.187754956,0.2387914313
lp_s2,681,0,200,8,200,32,3793.1,139,4.355057523,227.9154521,1.576352749,0.2884742219,0.7761117631,3.468703603,0.2237785472
lp_s2,682,0,200,8,200,12,3883.3,615,3.871399449,73.006878,0.6749685026,0.4530916883,0.6881878192,4.712227294,0.1750630618
lp_s2,683,0,200,8,200,8,3958.6,410,1.742192156,13.56305931,0.7760512625,0.4730610851,0.6788584738,1.977656446,0.3358345794
lp_s2,684,0,200,8,200,3,3957.7,717,1.728753646,12.22707895,0.5511916109,0.49439236,0.6691683033,2.328529849,0.3004329374
lp_s2,685,0,200,8,200,31,3683.8,437,1.992065436,14.95251738,0.5508024168,0.5151651098,0.6599940782,2.684143198,0.2714335318
lp_s2,686,0,200,8,200,47,3464.1,931,2.092237933,10.06729732,0.8174478108,0.6594086264,0.602624323,2.314094308,0.301741564
lp_s2,687,0,200,8,200,15,3862.4,758,6.115264705,258.7442496,3.620427546,0.3801718072,0.7245474765,3.213921984,0.2373086174
lp_s2,688,0,200,8,200,34,3695.2,356,2.304987329,29.27365542,0.7230986919,0.4260200746,0.7012524002,2.710626965,0.2694962359
lp_s2,689,0,200,8,200,20,3820.1,410,1.970018716,20.77779418,0.8389866636,0.432185938,0.6982333602,2.150764321,0.317383307
lp_s2,690,0,200,8,200,2,3983.0,393,27.28710734,4549.071929,5.00434052,0.4045722561,0.7119605244,12.19787202,0.07576979064
lp_s2,691,0,200,8,200,42,3578.3,437,1.512167077,8.616453453,0.3141472624,0.5151521364,0.6599997294,2.69794529,0.2704204421
lp_s2,692,0,200,8,200,60,3388.1,717,1.951631009,9.706983639,0.4316376134,0.6264054983,0.6148528157,2.97055822,0.2518537557
lp_s2,693,0,200,8,200,19,3821.1,772,3.323620029,85.35655757,1.221843545,0.3597434718,0.7354328377,3.00679326,0.2495761411
lp_s2,694,0,200,8,200,26,3789.9,356,1.98442277,16.80701192,1.068998094,0.4840485769,0.6738323904,1.919312697,0.3425463812
lp_s2,695,0,200,8,200,78,3142.1,576,6.705943904,282.2911738,0.5996776566,0.3991271458,0.7147313259,8.65966282,0.1035232822
lp_s2,696,0,200,8,200,67,3227.5,717,1.566639772,7.70656148,0.4087028971,0.5643373884,0.6392482897,2.450559714,0.2898080552
lp_s2,697,0,200,8,200,7,3954.3,191,1.881523484,16.921556,1.227736364,0.4573929807,0.6861567286,1.698075842,0.3706345034
lp_s2,698,0,200,8,200,46,3570.2,757,4.237495963,96.54620011,1.134846633,0.4312625086,0.6986838501,3.977779551,0.2008927856
lp_s2,699,0,200,8,200,12,3903.4,488,9.054229625,412.5568617,0.9941248757,0.4457687269,0.6916735584,9.080944761,0.09919705183
lp_s2,700,0,200,8,200,10,3876.3,149,11.67676583,907.3746338,6.234212564,0.387640597,0.7206476967,4.67661661,0.1761612715
lp_s2,701,0,200,8,200,2,3981.9,10,4.871140804,321.2106635,0.7432963691,0.2717913971,0.7862924708,5.650016,0.150375578
lp_s2,702,0,200,8,200,14,3805.4,717,1.405636657,6.338709862,0.5093238516,0.5583064403,0.6417223045,1.969591073,0.336746702
lp_s2,703,0,200,8,200,1,3987.4,191,2.67851125,59.95071114,0.8933627735,0.3459364348,0.7429771378,2.833867556,0.2608332149
lp_s2,704,0,200,8,200,20,3779.6,810,25.83634536,6335.008195,3.192174854,0.3246067083,0.7549410657,14.46064768,0.06468034332
lp_s2,705,0,200,8,200,77,3013.9,832,1.924740392,33.68468362,0.4771139721,0.3316316136,0.7509584406,2.786513125,0.2640952156
lp_s2,706,0,200,8,200,12,3917.9,191,2.513898389,57.74762099,1.04499633,0.3308115552,0.7514211882,2.459180108,0.2890858437
lp_s2,707,0,200,8,200,33,3509.6,410,1.705787129,16.77506753,0.4685541508,0.4164786035,0.7059760716,2.491982214,0.2863703016
lp_s2,708,0,200,8,200,28,3686.2,717,1.599678832,6.82017477,0.5336920623,0.6125408348,0.6201393344,2.189714157,0.313507716
lp_s2,709,0,200,8,200,36,3595.2,239,6.875835543,557.7412813,2.84543362,0.2911448321,0.7745064498,4.076160268,0.1969992962
lp_s2,710,0,200,8,200,20,3809.0,717,3.378342965,182.1048888,1.79377283,0.2503473127,0.7997777816,2.522435185,0.2838945069
lp_s2,711,0,200,8,200,0,4000.0,191,1.873419136,23.04880353,1.144511937,0.3902211092,0.7193100388,1.751155807,0.3634835939
lp_s2,712,0,200,8,200,28,3775.1,832,1.69998153,13.71771321,0.421803655,0.4589901265,0.6854055979,2.617514123,0.2764329222
lp_s2,713,0,200,8,200,2,3991.8,191,2.065485056,35.07722429,1.558315605,0.3487461704,0.7414293526,1.654605057,0.3767038707
lp_s2,714,0,200,8,200,24,3729.1,30,5.664838614,215.4751957,1.25707106,0.3859125479,0.7215462487,5.052515187,0.1652205685
lp_s2,715,0,200,8,200,49,3398.5,356,1.510469492,10.98672189,0.5173966136,0.4556988077,0.6869552923,2.099907511,0.3225902697
lp_s2,716,0,200,8,200,15,3855.2,30,6.848850662,259.4789315,1.106739793,0.4251739483,0.701668734,6.510209042,0.133152086
lp_s2,717,0,200,8,200,39,3629.4,437,1.254791904,4.352001564,0.3485326572,0.6014883036,0.6244191717,2.12544548,0.3199543894
lp_s2,718,0,200,8,200,34,3631.3,285,4.669795618,153.2897387,2.735599632,0.3771736385,0.7261248488,2.823394764,0.2615476721
lp_s2,719,0,200,8,200,67,3121.6,604,3.049055163,57.93690317,1.173203437,0.4005785063,0.7139906799,2.81500142,0.2621231003
lp_s2,720,0,200,8,200,28,3766.2,437,1.416807492,7.537351341,0.4175498698,0.5160615053,0.6596038462,2.19258616,0.3132256891
lp_s2,721,0,200,8,200,9,3946.9,664,4.319611758,234.3030141,2.782931427,0.2821991991,0.7799100176,2.589366125,0.2786007237
lp_s2,722,0,200,8,200,49,3484.2,443,5.479659409,220.2913563,1.313572891,0.3691941723,0.7303565997,4.781085134,0.1729779058
lp_s2,723,0,200,8,200,12,3920.3,832,2.333124112,41.80356676,0.801160536,0.3608537085,0.7348328434,2.606622068,0.2772677539
lp_s2,724,0,200,8,200,53,3378.9,642,2.679606808,52.06224445,1.434773235,0.371372404,0.7291965312,2.237069307,0.3089214055
lp_s2,725,0,200,8,200,8,3927.1,397,2.277126469,17.20640511,0.7917424838,0.548961743,0.6455937369,2.55914667,0.2809662239
lp_s2,726,0,200,8,200,37,3496.7,664,2.780542501,55.91378436,1.09491879,0.3718519764,0.7289416185,2.657287737,0.273426668
lp_s2,727,0,200,8,200,21,3772.0,191,1.79704315,13.26282741,0.459397684,0.4934469243,0.6695919244,2.651331946,0.273872662
lp_s2,728,0,200,8,200,34,3614.4,832,1.745138935,35.21896391,0.804832773,0.2940639051,0.7727593638,1.945257873,0.3395288437
lp_s2,729,0,200,8,200,34,3658.5,717,1.860892172,29.44788445,0.704198831,0.3429210611,0.7446454069,2.217550706,0.3107954128
lp_s2,730,0,200,8,200,5,3865.3,191,3.796608292,123.4218863,1.261794814,0.3417430587,0.745299179,3.379881102,0.2283167001
lp_s2,731,0,200,8,200,23,3788.4,717,2.191977633,14.7288394,0.3139193107,0.5711522012,0.6364755746,3.912254531,0.2035725131
lp_s2,732,0,200,8,200,42,3436.5,78,3.873227901,128.7215856,0.7754614083,0.3413873003,0.7454968448,4.398382118,0.1852406847
lp_s2,733,0,200,8,200,15,3858.3,36,3.613929313,84.97220122,0.7113051265,0.3920497843,0.7183651126,4.285008466,0.1892144557
lp_s2,734,0,200,8,200,7,3921.4,935,8.600532301,358.4928184,3.642154619,0.4542397135,0.6876445408,4.506570214,0.1816012438
lp_s2,735,0,200,8,200,48,3441.5,717,1.585809783,19.89944736,0.4238320034,0.3554926165,0.7377391716,2.435870631,0.2910470467
lp_s2,736,0,200,8,200,48,3563.2,931,2.180340679,18.59266388,0.6430855815,0.5056541181,0.664163162,2.71887957,0.268898194
lp_s2,737,0,200,8,200,57,3336.7,418,9.720549577,860.4628675,2.055073036,0.3313788244,0.7511010253,6.780741514,0.1285224549
lp_s2,738,0,200,8,200,42,3732.5,410,1.814226135,18.99140371,0.7590372595,0.4163062068,0.7060620049,2.08237946,0.3244246897
lp_s2,739,0,200,8,200,22,3670.1,249,12.70976611,1984.099649,18.01504626,0.285335507,0.778006983,2.994469319,0.2503461462
lp_s2,740,0,200,8,200,41,3599.1,142,2.087439338,7.241835053,0.464727257,0.7756924229,0.5631605942,3.062067718,0.2461800417
lp_s2,741,0,200,8,200,17,3842.3,191,1.802437006,20.15927591,1.212847644,0.4014418366,0.7135508402,1.636654357,0.3792685216
lp_s2,742,0,200,8,200,30,3677.4,717,1.838160704,18.31236239,0.4376793054,0.4295475937,0.6995220057,2.778468461,0.2646574956
lp_s2,743,0,200,8,200,24,3804.1,561,4.258014082,81.99331937,0.7163560092,0.4702381489,0.6801619185,5.030864719,0.1658137011
lp_s2,744,0,200,8,200,3,3969.2,191,3.919587041,151.3806121,1.697897362,0.3185702268,0.7583972243,3.008046851,0.2494980815
lp_s2,745,0,200,8,200,13,3864.9,249,3.140415898,68.29171323,1.506583206,0.3800171209,0.7246286911,2.558530546,0.2810148704
lp_s2,746,0,200,8,200,20,3720.0,627,3.886363871,67.89279059,1.094870545,0.4716628059,0.6795034814,3.714172533,0.2121263049
lp_s2,747,0,200,8,200,26,3737.3,249,3.129869654,271.9147881,0.8798288854,0.1898059566,0.8404731834,3.336776693,0.2305860022
lp_s2,748,0,200,8,200,23,3798.4,664,2.474754769,25.64106731,0.4518445912,0.4887245107,0.6717159507,3.681608685,0.213601791
lp_s2,749,0,200,8,200,42,3601.6,627,3.22288208,42.70756986,0.4653110076,0.4931647032,0.6697184831,4.724683842,0.1746821358
lp_s2,750,0,200,8,200,41,3565.4,832,1.747309219,11.16494982,0.5692435916,0.5229273786,0.6566301283,2.315904749,0.3015768171
lp_s2,751,0,200,8,200,8,3913.1,142,2.049566239,8.811331919,1.02507768,0.6904642196,0.5915534848,2.024340529,0.3306505965
lp_s2,752,0,200,8,200,28,3683.8,745,8.39202888,423.624084,2.121096442,0.4077337377,0.7103616069,5.762179221,0.1478813216
lp_s2,753,0,200,8,200,46,3445.7,249,4.008598326,61.46315832,0.521227019,0.5113109627,0.6616771959,5.552378714,0.1526163312
lp_s2,754,0,200,8,200,40,3493.3,522,3.836641796,100.1632081,0.4018185269,0.3833514768,0.7228820851,6.052520584,0.1417932763
lp_s2,755,0,200,8,200,1,3991.6,416,5.797377413,153.939875,1.177175584,0.4672572077,0.6815437639,5.343317138,0.1576462249
lp_s2,756,0,200,8,200,21,3797.9,410,2.221375738,16.38018039,0.4019190163,0.5488613937,0.6456355643,3.503908421,0.2220293813
lp_s2,757,0,200,8,200,22,3686.2,604,2.602466521,28.38913978,0.7152773293,0.4884375394,0.6718454578,3.077144715,0.245269685
lp_s2,758,0,200,8,200,7,3944.5,832,2.80373375,46.01497561,1.060415034,0.4133207144,0.7075534872,2.722693982,0.2686226708
lp_s2,759,0,200,8,200,24,3748.7,554,3.13173071,75.9735374,1.184720721,0.3592967071,0.7356745549,2.877242183,0.2579152792
lp_s2,760,0,200,8,200,23,3742.9,554,4.320281809,170.2147613,1.118996758,0.3311413892,0.7512349989,4.084112178,0.1966911754
lp_s2,761,0,200,8,200,21,3750.2,731,3.5592825,93.67801535,1.176556092,0.367742326,0.7311318667,3.281377084,0.2335697091
lp_s2,762,0,200,8,200,87,3055.3,594,3.414610623,51.79902918,0.6260588593,0.4744389947,0.6782240592,4.315524677,0.1881281832
lp_s2,763,0,200,8,200,39,3645.5,397,2.329467539,15.12274384,0.6470299525,0.5990200583,0.6253830243,2.895972744,0.256675307
lp_s2,764,0,200,8,200,51,3514.5,538,2.470475214,19.0839724,0.3737265003,0.5655175812,0.6387663812,4.041136815,0.1983679548
lp_s2,765,0,200,8,200,19,3847.3,717,2.129636563,32.726805,0.937734094,0.3722662719,0.7287215466,2.199204631,0.3125776921
lp_s2,766,0,200,8,200,35,3649.4,717,2.022166117,36.24874814,0.4444459368,0.3358693106,0.7485762208,3.033244083,0.2479393707
lp_s2,767,0,200,8,200,9,3946.4,139,4.622962562,376.7724552,3.440698974,0.2381665709,0.8076457752,2.492281177,0.2863457864
lp_s2,768,0,200,8,200,20,3807.9,562,92.48632991,73346.18,36.27913713,0.3414984965,0.7454350509,15.3549735,0.06114348029
lp_s2,769,0,200,8,200,22,3736.3,832,1.875358309,24.66454749,0.757296261,0.3776136467,0.7258929254,2.155020227,0.3169551788
lp_s2,770,0,200,8,200,16,3807.0,410,1.94767104,29.24566959,0.8959407884,0.3601511635,0.735212399,2.057671074,0.3270462963
lp_s2,771,0,200,8,200,4,3976.9,191,2.659458395,102.7586823,1.646663572,0.262351733,0.79217224,2.072481973,0.3254697697
lp_s2,772,0,200,8,200,33,3844.1,191,1.842974421,9.692785543,1.019626814,0.5919636041,0.6281550642,1.825150508,0.3539634428
lp_s2,773,0,200,8,200,57,3410.0,437,1.379104508,5.635635158,0.3539758943,0.5809325931,0.6325380376,2.317983468,0.301387879
lp_s2,774,0,200,8,200,54,3381.0,832,1.66329274,12.68141109,0.5265951601,0.4670731489,0.6816292703,2.292082579,0.3037590875
lp_s2,775,0,200,8,200,26,3727.6,249,3.729384031,87.94085094,1.257155218,0.3976873484,0.7154675909,3.326156318,0.2311520728
lp_s2,776,0,200,8,200,105,2901.0,717,2.203486657,53.87248695,1.204633895,0.3002112154,0.76910581,2.007626343,0.3324881106
lp_s2,777,0,200,8,200,36,3573.6,437,1.450006754,7.968783336,0.3532853717,0.5136579518,0.6606512382,2.43953581,0.2907369061
lp_s2,778,0,200,8,200,27,3719.5,285,2.301932595,25.84745137,0.5125476934,0.4527763551,0.6883371941,3.21532932,0.2372293892
lp_s2,779,0,200,8,200,10,3912.2,717,1.467791155,16.85969961,0.8279238472,0.357469794,0.7366646421,1.613128894,0.3826829982
lp_s2,780,0,200,8,200,36,3602.2,905,1.935947789,16.43717284,0.5693482524,0.4775073707,0.6768155746,2.565692736,0.2804504129
lp_s2,781,0,200,8,200,21,3798.3,460,3.933687825,130.2522258,2.563441336,0.3446730402,0.7436752059,2.456904072,0.2892761787
lp_s2,782,0,200,8,200,20,3820.5,717,2.079053789,18.20151101,1.193845822,0.4873174962,0.6723513995,1.902793256,0.3444957707
lp_s2,783,0,200,8,200,43,3597.5,505,7.599470988,429.4569585,5.066015704,0.3667106639,0.7316837619,3.376370488,0.22849985
lp_s2,784,0,200,8,200,36,3322.7,931,1.904812684,14.79153578,0.3286516688,0.4952741259,0.6687736935,3.322648143,0.2313396712
lp_s2,785,0,200,8,200,34,3548.1,431,6.21662446,531.2270539,6.862662941,0.2697208631,0.7875746781,2.373057702,0.2964669118
lp_s2,786,0,200,8,200,17,3876.2,793,5.026448231,348.9447552,1.636177579,0.269080903,0.7879718288,3.92957874,0.2028570904
lp_s2,787,0,200,8,200,28,3737.3,609,18.14392697,5156.914147,14.89633808,0.2526599108,0.7983012718,4.701013832,0.1754073976
lp_s2,788,0,200,8,200,19,3814.1,249,4.472353883,224.6607563,0.759791502,0.298381953,0.7701893866,5.130845586,0.1631096373
lp_s2,789,0,200,8,200,3,3962.7,443,4.757940757,61.5581012,1.826923708,0.6064240584,0.6225006372,3.520130988,0.2212325268
lp_s2,790,0,200,8,200,7,3928.1,11,4.686838367,164.9592914,0.9582470584,0.3649148905,0.7326464141,4.787857643,0.1727755003
lp_s2,791,0,200,8,200,28,3744.2,717,3.471649208,60.21923292,0.5352042881,0.4473714096,0.6909076643,4.745435156,0.1740512203
lp_s2,792,0,200,8,200,16,3839.8,745,4.998159675,242.9213238,2.474329941,0.3206840108,0.7571833927,3.177468992,0.239379395
lp_s2,793,0,200,8,200,39,3563.4,142,2.047019727,23.64918882,0.4281222898,0.4209339004,0.7037625042,3.128514039,0.2422178999
lp_s2,794,0,200,8,200,2,3989.5,410,2.092871455,20.06211428,1.038772671,0.467255266,0.6815446658,2.053441321,0.3274993343
lp_s2,795,0,200,8,200,2,3991.8,948,2.382178641,48.22583158,1.241363028,0.3430318645,0.7445839719,2.138084786,0.3186657048
lp_s2,796,0,200,8,200,21,3785.0,410,1.762150715,9.999440761,0.4844924167,0.5572565662,0.642154942,2.531626065,0.2831556856
lp_s2,797,0,200,8,200,41,3534.1,970,3.434936125,80.72455115,0.6229009945,0.3823101656,0.7234266411,4.352203094,0.1868389488
lp_s2,798,0,200,8,200,78,3058.6,832,2.650961091,32.80744954,0.372133685,0.4628253292,0.6836086168,4.34564116,0.1870682992
lp_s2,799,0,200,8,200,35,3625.0,862,2.71904429,58.53766399,4.110015832,0.3553845866,0.7377979725,1.341203056,0.427130828
lp_s2,800,0,200,8,200,39,3548.5,320,2.588023577,30.24078458,0.5524903625,0.4706214323,0.6799846501,3.481816469,0.2231238175
lp_s2,801,0,200,8,200,45,3517.4,717,1.571636347,6.750037026,0.5070061593,0.6049214529,0.6230834526,2.207219104,0.3117965962
lp_s2,802,0,200,8,200,1,3974.9,142,2.339751979,18.8342917,1.227586603,0.5391320833,0.6497168182,2.111756079,0.3213619495
lp_s2,803,0,200,8,200,13,3859.3,604,2.417970926,13.68256954,1.045946022,0.6536830781,0.6047107897,2.364266552,0.2972416081
lp_s2,804,0,200,8,200,22,3786.3,627,2.998462172,27.90237201,0.5580392263,0.5676465621,0.6378988888,4.013896874,0.1994456658
lp_s2,805,0,200,8,200,20,3783.4,410,2.713133414,30.06497307,0.9504996256,0.494812589,0.6689801834,2.782884456,0.2643485445
lp_s2,806,0,200,8,200,25,3791.4,142,2.096719459,37.92541198,0.786957296,0.3404671162,0.7460086025,2.36354972,0.2973049555
lp_s2,807,0,200,8,200,2,3977.7,772,3.608442129,61.22879428,3.035280047,0.461149658,0.6843925908,2.071192005,0.325606474
lp_s2,808,0,200,8,200,79,3079.7,616,12.51567716,520.3441335,1.072100193,0.5486672284,0.6457165114,12.08750495,0.07640875812
lp_s2,809,0,200,8,200,11,3934.5,505,6.263916548,750.7474894,2.641884298,0.2286119978,0.8139266113,3.853799058,0.206024186
lp_s2,810,0,200,8,200,15,3876.6,155,5.700081208,430.6780088,2.676257174,0.2746658684,0.7845193198,3.484312675,0.222999615
lp_s2,811,0,200,8,200,27,3770.4,745,8.519646643,428.8609753,1.547587558,0.4113990818,0.7085168276,6.848476468,0.1274132635
lp_s2,812,0,200,8,200,28,3763.1,293,8.350127088,484.5167502,2.088971272,0.3793487765,0.7249797999,5.777325698,0.1475508253
lp_s2,813,0,200,8,200,29,3622.3,627,4.652178002,127.3626545,0.6965628088,0.4122258976,0.7081020124,5.574118306,0.1521116526
lp_s2,814,0,200,8,200,11,3911.9,410,2.758589849,34.04595471,1.06196658,0.4727748606,0.6789904056,2.676897295,0.2719684342
lp_s2,815,0,200,8,200,23,3715.0,450,4.204665415,95.94621875,1.008585484,0.4292571233,0.6996641708,4.186731269,0.1927996551
lp_s2,816,0,200,8,200,74,3115.6,754,7.814267425,1129.414309,1.256072889,0.2325207028,0.8113453979,6.972376795,0.1254331081
lp_s2,817,0,200,8,200,2,3989.8,191,1.963212205,28.79267124,1.753245339,0.3658695499,0.7321343389,1.482674775,0.4027913806
lp_s2,818,0,200,8,200,8,3918.3,191,1.87207886,77.95532803,1.040427788,0.2120319158,0.8250607818,1.835346921,0.3526905271
lp_s2,819,0,200,8,200,15,3858.1,814,6.112465275,250.9775033,1.532388645,0.3858326782,0.7215878336,4.937782342,0.1684130442
lp_s2,820,0,200,8,200,26,3743.6,410,2.147032476,11.87399567,0.5175866248,0.6230747767,0.6161145588,2.984331693,0.2509831201
lp_s2,821,0,200,8,200,18,3842.0,16,2.872996602,24.81648692,0.6072115092,0.5767199322,0.6342280449,3.686931892,0.2133591917
lp_s2,822,0,200,8,200,34,3679.1,627,4.29460837,38.94066667,0.4911402732,0.6882114201,0.5923428713,6.128028726,0.1402912416
lp_s2,823,0,200,8,200,16,3845.9,576,9.069146396,310.7720587,3.363572073,0.5144526753,0.6603045551,4.944997125,0.16820866
lp_s2,824,0,200,8,200,22,3796.2,717,1.407072783,6.509185436,0.3968107585,0.5515098083,0.6445334697,2.233699996,0.3092432821
lp_s2,825,0,200,8,200,54,3416.5,31,2.614727849,26.44820543,0.6052194793,0.5084267449,0.6629423692,3.36101185,0.2293045821
lp_s2,826,0,200,8,200,16,3761.9,664,2.780227733,15.59755842,0.4444415006,0.7039666103,0.5868659597,4.170355411,0.1934103017
lp_s2,827,0,200,8,200,2,3819.4,832,1.69222815,17.89722667,0.4859889727,0.4000055766,0.7142828691,2.42742437,0.291764279
lp_s2,828,0,200,8,200,28,3706.6,320,2.080170948,21.74566912,0.9618822006,0.4460798837,0.6915247292,2.120987371,0.3204114215
lp_s2,829,0,200,8,200,41,3660.8,604,2.829897825,85.19003302,1.417310543,0.3066029733,0.7653434291,2.377049614,0.2961164668
lp_s2,830,0,200,8,200,105,2866.0,134,6.136082474,348.7741368,1.985714346,0.3285633001,0.7526927771,4.354444921,0.1867607221
lp_s2,831,0,200,8,200,39,3561.8,384,6.774566006,137.580492,0.9289690829,0.5775679018,0.6338871365,7.028794536,0.1245516989
lp_s2,832,0,200,8,200,55,3407.9,717,1.489617417,4.544311678,0.2584987529,0.6987803539,0.58865762,2.929850871,0.2544625821
lp_s2,833,0,200,8,200,18,3817.3,316,5.208360118,234.4573329,1.601115499,0.3401489186,0.7461857307,4.116135604,0.1954600264
lp_s2,834,0,200,8,200,5,3931.8,931,2.748740451,29.8326498,0.5202035455,0.5032546758,0.665223276,3.811071351,0.2078539117
lp_s2,835,0,200,8,200,133,2217.9,146,10.69466308,363.3822395,2.517050552,0.5610289327,0.640603117,6.740950505,0.1291831022
lp_s2,836,0,200,8,200,22,3795.2,413,5.712895258,212.2067632,2.964274187,0.3921720615,0.7183020172,3.318158104,0.2315802191
lp_s2,837,0,200,8,200,23,3770.4,664,4.485740216,201.1208606,0.798925133,0.3163046374,0.7597025579,5.018582602,0.166152077
lp_s2,838,0,200,8,200,19,3767.2,410,2.745497213,46.16119565,0.7636895164,0.4040940749,0.7122029911,3.141684669,0.2414476427
lp_s2,839,0,200,8,200,84,3073.3,664,3.74596765,212.2158831,2.609223819,0.2571432212,0.7954543151,2.319040617,0.3012918838
lp_s2,840,0,200,8,200,15,3890.3,450,3.234457592,34.69510426,0.9735293177,0.5491201278,0.6455277303,3.278135825,0.2337466693
lp_s2,841,0,200,8,200,16,3870.6,142,2.111282983,17.04191163,0.6223746628,0.5114312872,0.6616245201,2.676211886,0.2720191411
lp_s2,842,0,200,8,200,47,3516.9,522,4.577200226,109.6675544,0.7998096199,0.4370798963,0.695855535,5.118074449,0.1634501195
lp_s2,843,0,200,8,200,10,3891.1,191,2.322993243,31.51795493,1.117405025,0.4137794628,0.7073238976,2.197569589,0.3127375252
lp_s2,844,0,200,8,200,2,3952.1,191,2.264234604,35.28727543,1.060635815,0.3811644247,0.7240267575,2.198559782,0.3126407096
lp_s2,845,0,200,8,200,3,3959.5,822,4.89334351,254.3411004,1.221137506,0.3068297252,0.7652106321,4.428161165,0.184224449
lp_s2,846,0,200,8,200,29,3638.8,554,4.859532749,407.0935254,1.948983462,0.2408504242,0.8058989065,3.480891097,0.223169896
lp_s2,847,0,200,8,200,15,3861.8,799,7.173079407,331.8743307,2.544210134,0.3937484047,0.7174896105,4.497064841,0.1819152637
lp_s2,848,0,200,8,200,89,2882.1,832,2.732092668,40.69851575,0.4055552765,0.4282586467,0.7001532967,4.29012946,0.1890312908
lp_s2,849,0,200,8,200,50,3430.7,664,2.288377534,13.6978508,0.5696504463,0.6183031509,0.617931195,3.031959909,0.2480183391
lp_s2,850,0,200,8,200,5,3954.5,437,1.484021071,11.9907906,0.6545620748,0.4285644649,0.7000034122,1.834275849,0.3528238087
lp_s2,851,0,200,8,200,32,3586.0,320,2.42162132,110.0148784,0.7163351256,0.2308769199,0.8124289146,2.861199285,0.2589868914
lp_s2,852,0,200,8,200,34,3682.6,717,1.831378762,14.95409458,0.5225253054,0.4735851892,0.6786170269,2.533521007,0.2830038361
lp_s2,853,0,200,8,200,37,3562.3,191,2.463416584,25.28656689,0.5420661858,0.4898836284,0.671193361,3.345890335,0.2301024469
lp_s2,854,0,200,8,200,67,3547.0,715,2.821487831,38.81325049,0.6847827201,0.4528852475,0.6882856039,3.409587068,0.2267786041
lp_s2,855,0,200,8,200,16,3847.4,78,2.205607799,22.82925253,0.5286551434,0.4616176892,0.6841734383,3.033486439,0.2479244731
lp_s2,856,0,200,8,200,21,3813.3,717,2.869785519,94.24387318,0.7800405983,0.2956125561,0.7718356813,3.249307675,0.2353324533
lp_s2,857,0,200,8,200,44,3489.7,316,3.698281357,78.06614011,0.6187535102,0.4185704788,0.7049350138,4.701550555,0.1753908854
lp_s2,858,0,200,8,200,13,3818.7,312,4.544116661,96.82789134,0.8157417417,0.4617950096,0.6840904459,5.031217932,0.1658039904
lp_s2,859,0,200,8,200,16,3820.3,437,1.662399034,10.65499955,0.3942206509,0.5092822735,0.6625665839,2.647680595,0.2741468103
lp_s2,860,0,200,8,200,9,3896.5,627,4.781775348,283.7972716,1.911123744,0.2838474917,0.778908715,3.458953826,0.2242678527
lp_s2,861,0,200,8,200,78,3104.6,410,1.827288321,27.87173914,0.9488456862,0.3461186843,0.742876547,1.875898278,0.3477174445
lp_s2,862,0,200,8,200,45,3615.5,717,1.672161462,9.979837476,0.5962090089,0.5293177719,0.6538863396,2.165603492,0.3158955322
lp_s2,863,0,200,8,200,40,3598.5,832,1.72981134,20.30967846,0.4990118129,0.3838373356,0.7226282846,2.448743671,0.2899606626
lp_s2,864,0,200,8,200,53,3319.6,882,3.986915042,146.329557,1.035712205,0.3295876671,0.7521128728,3.917576035,0.2033522192
lp_s2,865,0,200,8,200,64,3209.9,569,13.93552202,864.2251603,2.231963742,0.4740343236,0.6784102541,9.327809634,0.09682595202
lp_s2,866,0,200,8,200,28,3731.7,717,2.921229679,32.9216333,0.4394411088,0.5091256971,0.6626353271,4.406719054,0.1849550513
lp_s2,867,0,200,8,200,32,3567.4,931,2.165114508,16.12672832,0.7490626167,0.5391476733,0.6497102373,2.501622696,0.2855818821
lp_s2,868,0,200,8,200,0,3976.0,402,7.402795225,492.8429567,1.292589316,0.3334582441,0.7499297443,6.511266264,0.1331333446
lp_s2,869,0,200,8,200,80,3038.8,908,4.582905529,195.7647036,0.4512810246,0.3275470628,0.7532689635,6.822088806,0.1278430896
lp_s2,870,0,200,8,200,16,3880.6,412,10.88341215,1118.79675,2.862741604,0.3253789684,0.7545011833,6.432414188,0.1345457848
lp_s2,871,0,200,8,200,36,3650.8,437,1.550110936,10.38772584,0.3256519789,0.4809528923,0.6752409244,2.716351198,0.2690811354
lp_s2,872,0,200,8,200,67,3224.3,832,2.179165107,58.37652881,0.6463633398,0.2852141072,0.7780804727,2.71051477,0.2695043847
lp_s2,873,0,200,8,200,22,3784.7,149,9.32453116,342.7395127,0.9242548053,0.5036686469,0.665040135,9.6990935,0.09346586232
lp_s2,874,0,200,8,200,9,3943.6,717,1.775695357,10.57569934,0.6938132677,0.5460267398,0.6468193429,2.131803441,0.3193048411
lp_s2,875,0,200,8,200,40,3554.5,437,1.612729941,15.12289815,0.7002357445,0.4147096443,0.7068588272,1.927256463,0.3416168049
lp_s2,876,0,200,8,200,39,3620.3,931,2.146397665,20.66572141,0.6334903705,0.4721553358,0.6792761441,2.696746839,0.2705081098
lp_s2,877,0,200,8,200,35,3649.0,772,2.566862906,58.45120031,0.7946522034,0.3357422194,0.7486474452,2.879480409,0.2577664776
lp_s2,878,0,200,8,200,48,3501.6,437,1.97007913,14.02622293,0.3483489811,0.5260333777,0.6552936617,3.337923646,0.2305250349
lp_s2,879,0,200,8,200,42,3565.1,410,2.047683478,17.36039838,0.6665013309,0.4914541227,0.6704865974,2.508200879,0.2850463912
lp_s2,880,0,200,8,200,42,3538.7,772,3.445417082,25.52458065,0.4710665396,0.6819656414,0.5945424659,5.019964826,0.1661139274
lp_s2,881,0,200,8,200,11,3886.4,561,3.825890131,72.9191343,0.7798535021,0.4480347939,0.6905911407,4.332374398,0.1875337186
lp_s2,882,0,200,8,200,21,3731.0,66,2.426662409,41.00818803,0.5031928898,0.3789431601,0.7251930528,3.420913672,0.2261975859
lp_s2,883,0,200,8,200,14,3827.2,1,9.742215063,577.0197329,4.221049885,0.4055667848,0.7114567666,4.741846271,0.1741600093
lp_s2,884,0,200,8,200,16,3896.7,410,1.922031346,13.66694312,1.031982165,0.5199059321,0.6579354543,1.892014108,0.3457797793
lp_s2,885,0,200,8,200,18,3796.1,9,14.98695353,1387.929234,0.5145421904,0.4022811648,0.713123748,20.89309915,0.04567649346
lp_s2,886,0,200,8,200,8,3962.5,410,2.577226503,33.27022687,1.2739314,0.4468118757,0.691174863,2.283387229,0.3045635286
lp_s2,887,0,200,8,200,4,3958.9,745,11.95244563,628.7038573,2.169599472,0.4766874458,0.6771913737,8.1145977,0.1097141128
lp_s2,888,0,200,8,200,11,3903.1,616,9.081928048,360.1757782,1.529912355,0.4785428208,0.6763415884,7.342513961,0.1198679444
lp_s2,889,0,200,8,200,9,3959.7,832,2.041233168,16.66636856,0.7392757299,0.5000024424,0.6666655812,2.374047435,0.296379947
lp_s2,890,0,200,8,200,20,3799.8,258,9.703386849,1462.468851,3.920300356,0.253734799,0.7976168491,4.90076271,0.1694696176
lp_s2,891,0,200,8,200,37,3587.4,437,2.281661608,30.99034561,0.4782931199,0.4098623493,0.7092891022,3.299166001,0.2326032537
lp_s2,892,0,200,8,200,20,3756.8,766,4.873491719,144.1900911,0.6391221256,0.4058565173,0.7113101427,6.096046992,0.1409235312
lp_s2,893,0,200,8,200,56,3341.3,277,3.620023874,61.08808404,0.9524596819,0.4631622794,0.6834511893,3.709267329,0.212347257
lp_s2,894,0,200,8,200,4,3968.5,149,7.655118722,352.2594512,4.213820441,0.4078689111,0.7102934031,3.729184906,0.211452929
lp_s2,895,0,200,8,200,63,3381.0,410,2.244018838,27.57163651,0.6268277314,0.4273613339,0.7005934491,2.834342948,0.2608008761
lp_s2,896,0,200,8,200,9,3920.1,832,1.968938729,40.92406809,0.6802729439,0.3077817058,0.7646536081,2.387209876,0.295228237
lp_s2,897,0,200,8,200,38,3606.1,717,1.697774937,7.273610187,0.2661614531,0.6295135854,0.6136800631,3.290845843,0.2330542827
lp_s2,898,0,200,8,200,51,3431.0,931,2.636114686,40.92459571,0.6548997903,0.4120710476,0.708179664,3.257443374,0.2348827482
lp_s2,899,0,200,8,200,33,3630.1,437,1.491294736,12.72060288,0.6395871852,0.418128372,0.7051547799,1.864719911,0.349074266
lp_s2,900,0,200,8,200,10,3876.2,134,7.013014296,1060.806998,3.876448498,0.2153210734,0.8228278287,3.561949148,0.2192045478
lp_s2,901,0,200,8,200,54,3470.0,78,3.136591213,35.94846477,0.5605103153,0.5231397825,0.6565385603,4.189537834,0.1926953868
lp_s2,902,0,200,8,200,55,3487.8,905,1.580407595,9.859919097,0.5323766126,0.5033063762,0.6652003981,2.166005843,0.3158553868
lp_s2,903,0,200,8,200,45,3520.1,149,5.633445772,177.6693656,1.185631414,0.4226373186,0.7029198426,5.173676497,0.161978037
lp_s2,904,0,200,8,200,36,3627.5,356,2.162364915,20.75968303,0.6703954098,0.4745900482,0.6781545835,2.640970014,0.2746520834
lp_s2,905,0,200,8,200,54,3431.8,356,1.537698936,4.611266874,0.4036274912,0.7160794081,0.5827236172,2.420365449,0.2923664196
lp_s2,906,0,200,8,200,16,3822.5,410,1.70459088,8.572048069,0.4613727569,0.5822075884,0.6320283175,2.509540374,0.2849375968
lp_s2,907,0,200,8,200,50,3495.0,907,7.086562571,166.7003958,0.8134143813,0.5488672407,0.645633127,7.857415203,0.1128997543
lp_s2,908,0,200,8,200,25,3723.0,522,4.793195827,70.52632091,0.8066730433,0.570754781,0.6366366107,5.336744367,0.157809743
lp_s2,909,0,200,8,200,18,3829.9,904,4.607263034,166.2754043,1.169708049,0.3572966967,0.7367585896,4.25994771,0.1901159584
lp_s2,910,0,200,8,200,39,3550.9,556,3.793721687,68.09252016,0.3789770242,0.4597436751,0.6850517779,6.162529718,0.1396154766
lp_s2,911,0,200,8,200,19,3830.1,777,2.286974166,13.63441221,0.4159075051,0.61935985,0.6175279694,3.54619718,0.2199640624
lp_s2,912,0,200,8,200,7,3946.3,413,2.075316495,48.7327664,0.8142407202,0.2972855534,0.7708403114,2.299894576,0.3030399841
lp_s2,913,0,200,8,200,20,3849.5,148,1.655406818,9.732606122,0.732689491,0.5306280033,0.653326607,1.933947847,0.3408376877
lp_s2,914,0,200,8,200,50,3469.4,437,1.607595653,8.78840844,0.4222953276,0.542277652,0.6483916814,2.473823353,0.287867257
lp_s2,915,0,200,8,200,52,3360.7,664,3.191748292,37.80960089,0.7984017609,0.5190719827,0.6582966518,3.57205298,0.2187201252
lp_s2,916,0,200,8,200,27,3659.2,832,1.968699383,35.99957384,1.561751394,0.3281185059,0.7529448581,1.57533693,0.388298707
lp_s2,917,0,200,8,200,30,3720.3,437,1.75985345,4.96146138,0.3504042246,0.7900811426,0.5586338944,2.97297897,0.2517003003
lp_s2,918,0,200,8,200,90,3054.5,687,16.66096576,1709.307321,3.352348594,0.4029861269,0.7127654228,9.099668801,0.09901314783
lp_s2,919,0,200,8,200,14,3879.8,678,6.861864603,369.8924309,3.298994789,0.3567832212,0.7370374164,3.777907581,0.2092966394
lp_s2,920,0,200,8,200,27,3726.1,320,2.008888681,29.56493339,0.4500607467,0.3694599944,0.7302148322,2.994472324,0.2503459578
lp_s2,921,0,200,8,200,10,3898.6,191,2.698620358,68.59087465,1.28513194,0.3258431698,0.754237019,2.380498617,0.2958143497
lp_s2,922,0,200,8,200,7,3945.8,410,4.638857252,158.7781752,1.102846873,0.3681422017,0.7309181741,4.417264453,0.1845950126
lp_s2,923,0,200,8,200,18,3837.2,298,2.720620045,36.33061663,0.8763060797,0.4513687719,0.6890047653,2.906296917,0.2559969253
lp_s2,924,0,200,8,200,20,3764.3,924,92.37697412,64610.39545,2.550981044,0.3634231036,0.7334480378,57.83758047,0.01699594021
lp_s2,925,0,200,8,200,9,3885.8,410,3.299827306,33.78116599,1.134779304,0.567745753,0.6378585291,3.09767256,0.2440409734
lp_s2,926,0,200,8,200,27,3691.2,816,21.18356179,1038.353251,1.407373787,0.657395036,0.6033564589,17.85641435,0.05303235183
lp_s2,927,0,200,8,200,3,3972.0,554,5.246623505,438.1885923,3.350289397,0.2506394143,0.7995909841,2.86641283,0.2586376685
lp_s2,928,0,200,8,200,1,3977.5,656,13.1411428,1951.742264,17.04533048,0.29745543,0.7707393849,3.182954436,0.2390654776
lp_s2,929,0,200,8,200,39,3652.4,615,5.077915394,314.2227215,2.959993935,0.2864617678,0.77732586,2.951481395,0.2530696465
lp_s2,930,0,200,8,200,26,3754.2,664,2.64626383,36.17116631,1.383112142,0.4399991976,0.6944448314,2.250113596,0.3076815534
lp_s2,931,0,200,8,200,20,3762.1,437,1.509052894,4.997965365,0.3375205138,0.6750063236,0.5970126715,2.59749294,0.2779713586
lp_s2,932,0,200,8,200,19,3808.9,908,4.78799297,206.2696408,1.690977278,0.3333771641,0.749975346,3.68200707,0.213583616
lp_s2,933,0,200,8,200,39,3561.7,66,2.95013117,41.58326959,1.410389375,0.4574904253,0.6861108537,2.484115659,0.2870168783
lp_s2,934,0,200,8,200,50,3558.3,320,2.471815342,32.80951882,0.3625361235,0.4315350672,0.6985508235,4.105257282,0.1958765141
lp_s2,935,0,200,8,200,29,3681.1,702,2.262774107,21.79075868,1.155274647,0.4847357211,0.6735205369,2.105225293,0.3220378252
lp_s2,936,0,200,8,200,23,3834.2,664,4.379523017,124.1095682,1.572808974,0.3931191326,0.7178137007,3.492117306,0.2226121741
lp_s2,937,0,200,8,200,7,3919.4,717,1.703930056,21.75126908,0.5060965515,0.3653502956,0.7324127758,2.395163002,0.2945366686
lp_s2,938,0,200,8,200,24,3768.4,149,5.548461954,283.8846001,2.069745173,0.3293075557,0.7522713579,3.85668504,0.2059017605
lp_s2,939,0,200,8,200,9,3895.7,554,3.410696438,135.0816884,1.712987482,0.2934572392,0.7731218085,2.605949366,0.2773194792
lp_s2,940,0,200,8,200,16,3897.7,172,2.972021383,79.0740418,1.555891728,0.3342219439,0.7495004895,2.382660932,0.2956252548
lp_s2,941,0,200,8,200,50,3472.5,594,3.324602995,43.28363571,0.7600755205,0.5053333084,0.6643047054,3.813391718,0.2077537127
lp_s2,942,0,200,8,200,21,3771.4,569,11.76057873,1261.709388,0.4842963978,0.3310922585,0.751262727,16.8994696,0.05586757722
lp_s2,943,0,200,8,200,32,3693.0,832,1.969544685,29.00151776,0.3945076333,0.3657256961,0.7322114557,3.135726189,0.2417955044
lp_s2,944,0,200,8,200,5,3963.5,862,3.441725047,59.83195899,1.867653781,0.4449483095,0.692066279,2.518418997,0.2842185654
lp_s2,945,0,200,8,200,48,3355.4,542,5.997620172,394.9994186,3.365117272,0.3017732432,0.7681829422,3.269481292,0.2342204899
lp_s2,946,0,200,8,200,45,3558.8,249,3.228918066,122.2378453,0.6863056287,0.2920479633,0.7739650759,3.897608776,0.2041812741
lp_s2,947,0,200,8,200,7,3942.5,717,2.89088194,61.56996413,1.780764894,0.3684222968,0.7307685663,2.166342218,0.315821832
lp_s2,948,0,200,8,200,19,3836.1,717,1.396046737,8.637371613,0.5691483807,0.4750170031,0.6779582865,1.850491973,0.3508166343
lp_s2,949,0,200,8,200,16,3871.4,813,13.68567888,822.7822223,1.433097207,0.4771159066,0.6769949437,11.43216597,0.0804365066
lp_s2,950,0,200,8,200,11,3947.9,410,2.117790272,25.33464111,0.8217988831,0.4207514011,0.7038529043,2.336147047,0.2997469793
lp_s2,951,0,200,8,200,13,3846.3,47,3.136480338,33.95846718,0.9464920765,0.5382307796,0.6500975102,3.223918676,0.2367469823
lp_s2,952,0,200,8,200,66,3226.2,10,4.517678728,58.95064702,0.4575078109,0.58839782,0.6295652055,6.679071406,0.1302240788
lp_s2,953,0,200,8,200,31,3717.6,616,7.052677073,293.7696447,2.274040872,0.4114817137,0.7084753492,4.676865343,0.176153553
lp_s2,954,0,200,8,200,14,3830.3,249,4.993777112,213.932119,0.7946430167,0.3414217296,0.7454777107,5.602000186,0.1514692475
lp_s2,955,0,200,8,200,13,3850.8,974,3.171403136,61.45374463,0.5599042193,0.4045547229,0.7119694119,4.238328174,0.1909006016
lp_s2,956,0,200,8,200,13,3884.7,974,2.662414426,46.74319215,1.210398758,0.3894184053,0.7197256033,2.41997803,0.2923995392
lp_s2,957,0,200,8,200,9,3890.0,832,1.999276993,52.24043063,1.899851037,0.2766110939,0.783323915,1.450484837,0.4080825088
lp_s2,958,0,200,8,200,13,3911.6,430,8.340886681,1172.876694,6.793595779,0.2435488272,0.8041501693,3.200091304,0.2380900623
lp_s2,959,0,200,8,200,8,3932.4,410,2.679175437,36.75634178,1.096572936,0.4419112037,0.6935239822,2.558482151,0.2810186921
lp_s2,960,0,200,8,200,8,3939.1,569,11.08687202,287.1612868,1.298570253,0.6542535517,0.6045022536,9.729181587,0.09320375388
lp_s2,961,0,200,8,200,15,3833.1,673,5.14200352,132.5524025,1.462672454,0.4466204119,0.6912663417,4.251662948,0.1904158759
lp_s2,962,0,200,8,200,17,3827.5,882,4.700212514,80.90381961,0.8201083281,0.5225561718,0.656790218,5.190173589,0.1615463582
lp_s2,963,0,200,8,200,10,3942.2,832,1.572249559,22.09844354,1.088718762,0.3344572685,0.749368319,1.506827813,0.3989105254
lp_s2,964,0,200,8,200,3,3974.6,702,2.316882729,26.30596006,0.6746919374,0.4517279617,0.6888342902,2.820663586,0.2617346378
lp_s2,965,0,200,8,200,4,3957.6,416,7.237890675,432.8521057,3.792059,0.3478902455,0.7419001683,3.716845219,0.2120061087
lp_s2,966,0,200,8,200,31,3711.3,249,3.337209352,167.1981751,1.939392114,0.2580879247,0.7948570051,2.396352151,0.2944335438
lp_s2,967,0,200,8,200,26,3749.8,438,13.65269187,2041.430241,1.891351046,0.3021697719,0.7679490199,9.927324467,0.09151370979
lp_s2,968,0,200,8,200,32,3734.8,777,2.6329763,43.95658941,0.5828707677,0.3971320667,0.7157519492,3.448742845,0.2247826037
lp_s2,969,0,200,8,200,5,3887.3,538,2.048104128,14.35086049,0.8785684998,0.540646084,0.6490783382,2.185064287,0.3139654054
lp_s2,970,0,200,8,200,33,3661.8,142,2.018616569,5.32924225,0.3026332627,0.874422054,0.5334977776,3.669403777,0.2141601043
lp_s2,971,0,200,8,200,2,3997.2,191,1.966559954,16.02902635,1.008329889,0.4911946408,0.6706032684,1.958420159,0.3380182484
lp_s2,972,0,200,8,200,28,3703.6,931,2.214824655,29.52600222,0.4296195216,0.4076026748,0.7104277492,3.379071223,0.2283589257
lp_s2,973,0,200,8,200,13,3888.6,554,3.108457965,66.36618487,1.187449959,0.3815676722,0.7238154309,2.852576765,0.2595665346
lp_s2,974,0,200,8,200,11,3920.2,832,1.567062713,11.876295,0.9269626675,0.4547219187,0.6874166033,1.627628385,0.3805713188
lp_s2,975,0,200,8,200,24,3720.3,664,4.222527545,114.4870698,1.002665501,0.3946337926,0.7170341098,4.216911194,0.1916843057
lp_s2,976,0,200,8,200,12,3857.9,766,5.851726178,154.7071333,0.8307079959,0.4704666321,0.680056234,6.42036621,0.1347642383
lp_s2,977,0,200,8,200,17,3830.9,799,14.02429983,2297.707306,6.506216674,0.2925727242,0.7736508602,5.498154341,0.1538898505
lp_s2,978,0,200,8,200,52,3367.5,561,4.023115374,72.03942152,0.9000889428,0.4739989493,0.6784265352,4.240526427,0.1908205242
lp_s2,979,0,200,8,200,43,3572.6,148,1.991646542,38.77540813,0.6622193495,0.3198409581,0.7576670461,2.447435941,0.2900706546
lp_s2,980,0,200,8,200,13,3858.1,961,10.49351037,887.0093939,4.780885448,0.3523357297,0.7394613468,4.799175447,0.1724383077
lp_s2,981,0,200,8,200,24,3736.5,974,7.072274771,621.0752602,3.128249887,0.2837834149,0.7789475922,3.998604098,0.2000558517
lp_s2,982,0,200,8,200,12,3889.6,410,2.466108451,44.97343864,1.070716251,0.3677342865,0.7311361643,2.383279483,0.2955712069
lp_s2,983,0,200,8,200,15,3887.8,627,4.008777119,79.5201383,1.595111125,0.4495451821,0.6898715627,3.174069551,0.2395743501
lp_s2,984,0,200,8,200,25,3769.7,664,5.574348648,531.324632,1.800909197,0.2418322147,0.8052617642,4.153825234,0.1940306383
lp_s2,985,0,200,8,200,4,3963.8,519,4.590077168,172.2092301,1.241106789,0.3497774235,0.7408628879,4.120172615,0.1953059155
lp_s2,986,0,200,8,200,33,3700.3,931,2.966021871,50.44090077,0.4009582971,0.4176215802,0.7054068688,4.684084777,0.175929818
lp_s2,987,0,200,8,200,13,3911.0,139,3.750980505,124.7940113,1.534176422,0.3357746729,0.7486292563,3.028357586,0.2482401273
lp_s2,988,0,200,8,200,3,3971.7,410,3.542351804,87.48810228,1.09442844,0.3787190858,0.7253109138,3.386086165,0.227993697
lp_s2,989,0,200,8,200,21,3831.9,443,5.486909393,345.5735396,1.989907303,0.2951600314,0.7721053582,3.889657537,0.2045133003
lp_s2,990,0,200,8,200,37,3649.5,522,3.700342275,195.0441689,0.724363697,0.2649570086,0.7905407008,4.347739942,0.1869948821
lp_s2,991,0,200,8,200,16,3816.0,437,2.461667019,47.73570336,0.7349389189,0.3562932905,0.7373036547,2.871466037,0.2583000833
lp_s2,992,0,200,8,200,35,3608.7,522,4.5396029,123.9061085,0.5604969093,0.4078228038,0.7103166658,6.063609905,0.1415706719
lp_s2,993,0,200,8,200,8,3923.9,410,2.594000744,38.44847291,1.111709135,0.4183411141,0.7050490112,2.460223197,0.2889986984
lp_s2,994,0,200,8,200,30,3699.6,931,1.667468603,9.083160775,0.3302602988,0.553272602,0.643801995,2.901546137,0.256308644
lp_s2,995,0,200,8,200,15,3878.6,191,2.577838177,31.03591989,0.9133216291,0.4627254006,0.6836553188,2.697390228,0.2704610383
lp_s2,996,0,200,8,200,19,3863.7,191,2.557170528,57.14821729,0.7432860242,0.3382659991,0.7472356024,2.966072122,0.2521386322
lp_s2,997,0,200,8,200,16,3850.4,627,4.662914185,424.6502286,1.101553682,0.2262776927,0.8154759774,4.442777765,0.1837297136
lp_s2,998,0,200,8,200,17,3854.1,410,1.789302547,23.32695857,0.6548731031,0.3704714295,0.7296759192,2.211083804,0.3114213335
lp_s2,999,0,200,8,200,15,3827.7,664,2.85784618,57.50795742,0.4732349705,0.3768555178,0.726292619,4.154324671,0.1940118374
lp_s2,1000,0,200,8,200,98,2833.7,316,4.300668398,89.52262278,0.7488565427,0.4545373326,0.6875038389,4.969774043,0.1675105277
lp_nl,1,0,200,8,200,14,3853.3,410,2.44958513,37.57302683,0.639763499,0.399626653,0.7144762483,3.062547321,0.2461509789
lp_nl,2,0,200,8,200,56,3481.8,410,1.921818593,30.41164877,0.6034435957,0.3484916749,0.7415692797,2.473967838,0.2878552844
lp_nl,3,0,200,8,200,45,3374.3,615,2.827931349,33.12517465,0.4194736644,0.4913486577,0.6705340129,4.366329562,0.186347109
lp_nl,4,0,200,8,200,49,3506.8,437,1.619225716,8.707522109,0.5001388471,0.5487317628,0.6456896049,2.289613084,0.3039871178
lp_nl,5,0,200,8,200,6,3942.7,191,2.147292077,19.19488705,0.9296441663,0.4901153915,0.6710889678,2.227064255,0.3098791722
lp_nl,6,0,200,8,200,36,3556.6,191,2.007781752,22.88321774,0.9984256272,0.4197183494,0.7043650598,2.009364119,0.3322961132
lp_nl,7,0,200,8,200,21,3826.2,642,3.367543586,56.79454647,0.4711790318,0.4468480917,0.6911575623,4.90591758,0.1693216992
lp_nl,8,0,200,8,200,45,3635.7,437,1.928895503,26.33989092,0.5351642128,0.375838888,0.7268292884,2.636727014,0.2749725223
lp_nl,9,0,200,8,200,21,3833.5,388,19.33679715,1453.16451,0.7266177105,0.5072559501,0.6634573245,22.68462226,0.04222148824
lp_nl,10,0,200,8,200,29,3740.0,148,2.475219898,47.17440304,0.507214958,0.3603799171,0.73508877,3.475503749,0.2234385348
lp_nl,11,0,200,8,200,29,3651.5,437,1.823541064,12.15781384,0.7044794738,0.5229832781,0.6566060274,2.172608007,0.315198095
lp_nl,12,0,200,8,200,14,3897.1,642,5.583364575,521.2331072,2.044590094,0.2445569392,0.8034987942,3.904746646,0.2038841294
lp_nl,13,0,200,8,200,32,3677.1,603,6.828755147,340.3934229,1.163865869,0.3701271651,0.7298592609,6.329801262,0.136429347
lp_nl,14,0,200,8,200,4,3955.3,510,2.874240269,94.84632875,1.48493844,0.2951296258,0.7721234849,2.358679024,0.2977361019
lp_nl,15,0,200,8,200,13,3876.6,554,4.338867403,131.5658292,1.266919512,0.3782725478,0.7255459028,3.854800137,0.205981703
lp_nl,16,0,200,8,200,22,3693.6,437,2.034447926,14.38976538,0.4761565085,0.5363147256,0.6509082959,2.948300293,0.253273542
lp_nl,17,0,200,8,200,3,3888.6,437,2.01995368,39.66760656,0.5504771466,0.320718057,0.7571638736,2.722524294,0.2686349157
lp_nl,18,0,200,8,200,28,3688.4,712,3.067643894,61.32575111,0.6393760252,0.3917269988,0.7185317241,3.836425505,0.2067642723
lp_nl,19,0,200,8,200,13,3872.2,191,2.315085091,41.59037162,0.4971526962,0.3589802517,0.7358458659,3.283386881,0.2334601164
lp_nl,20,0,200,8,200,22,3653.6,134,7.283699047,346.4906041,1.066801472,0.391296769,0.7187539152,7.051965677,0.1241932765
lp_nl,21,0,200,8,200,13,3861.4,594,5.85613583,243.2715475,1.264727544,0.3754615619,0.7270286773,5.20730065,0.1611006227
lp_nl,22,0,200,8,200,36,3637.1,410,2.063326465,34.28501515,1.228624214,0.3523836712,0.7394351332,1.861480167,0.3494694848
lp_nl,23,0,200,8,200,20,3826.5,410,2.664127874,45.25617296,1.807326391,0.3960191194,0.7163225676,1.981694807,0.3353797302
lp_nl,24,0,200,8,200,16,3871.9,437,2.148221055,17.22854303,0.6453024408,0.5175528362,0.6589556397,2.674221124,0.2721665263
lp_nl,25,0,200,8,200,19,3806.0,758,7.589306654,400.0622002,5.472172799,0.3794358326,0.7249340465,3.244308914,0.2356096175
lp_nl,26,0,200,8,200,6,3954.1,615,3.677660954,163.7126401,1.059903852,0.2874289992,0.7767418635,3.572222105,0.2187120348
lp_nl,27,0,200,8,200,13,3718.2,32,2.715465304,26.79623997,0.6020727031,0.5245746855,0.6559206378,3.499611132,0.2222414272
lp_nl,28,0,200,8,200,12,3848.8,191,3.362383869,75.51595795,0.6466966423,0.3869260105,0.7210189963,4.181161959,0.1930068984
lp_nl,29,0,200,8,200,18,3812.0,664,5.113805419,169.7537884,1.1321992,0.3924953008,0.7181352781,4.805989053,0.1722359431
lp_nl,30,0,200,8,200,34,3711.2,410,1.769445402,13.00974986,1.053617334,0.4905719285,0.6708834246,1.723835075,0.3671294232
lp_nl,31,0,200,8,200,37,3662.8,437,1.542946452,8.160556928,0.5690128189,0.5401208653,0.6492996897,2.045454526,0.328358211
lp_nl,32,0,200,8,200,44,3500.3,437,2.159908862,8.667983011,0.4801475391,0.7336288483,0.5768247344,3.117080891,0.2428905398
lp_nl,33,0,200,8,200,44,3563.9,410,3.299530634,92.61511319,0.6257023433,0.3428555894,0.7446817125,4.171269733,0.1933761052
lp_nl,34,0,200,8,200,14,3836.3,935,4.783982567,225.103848,1.268435406,0.3188585956,0.7582314005,4.247715394,0.1905591148
lp_nl,35,0,200,8,200,21,3698.2,832,1.823498367,28.04036091,0.4898879183,0.3443606978,0.7438479879,2.605295649,0.277369763
lp_nl,36,0,200,8,200,49,3000.3,437,1.565169811,6.727760986,0.2876519905,0.6034290106,0.6236634072,2.918285457,0.2552136671
lp_nl,37,0,200,8,200,2,3999.2,142,2.037817958,15.96532932,0.5692150567,0.5100073611,0.6622484272,2.70101624,0.2701960584
lp_nl,38,0,200,8,200,29,3764.7,216,7.538350932,529.5752013,2.281453602,0.3275763438,0.7532523494,4.990804187,0.166922498
lp_nl,39,0,200,8,200,29,3735.8,410,2.60027279,35.80775968,0.6222845032,0.4345405767,0.6970872879,3.296282452,0.2327593707
lp_nl,40,0,200,8,200,25,3776.7,437,1.706206321,18.8874381,0.4659380516,0.3925952308,0.718083746,2.499582393,0.2857483801
lp_nl,41,0,200,8,200,11,3935.3,935,4.228814654,137.0877246,3.018402897,0.3611764015,0.7346586371,2.434053088,0.2912010893
lp_nl,42,0,200,8,200,52,3421.7,692,3.336734241,50.8382527,0.6542368834,0.4679789409,0.6812086823,4.125286408,0.1951110476
lp_nl,43,0,200,8,200,53,3485.2,754,5.073550244,308.120137,0.5360780958,0.2890359908,0.7757735293,6.929436741,0.1261123624
lp_nl,44,0,200,8,200,43,3561.5,717,1.658909052,6.508792364,0.3138831046,0.6502380331,0.6059731869,2.961001362,0.2524614128
lp_nl,45,0,200,8,200,37,3583.7,191,2.943197717,62.99248044,0.6236658721,0.3708301895,0.7294849557,3.726863171,0.2115567902
lp_nl,46,0,200,8,200,0,4000.0,810,11.40077131,1167.622856,3.985629677,0.3336437089,0.7498254544,5.710652876,0.1490167974
lp_nl,47,0,200,8,200,25,3415.5,437,1.62702521,7.500195748,0.5047208033,0.5940978533,0.6273140623,2.290175052,0.3039351962
lp_nl,48,0,200,8,200,44,3602.0,926,20.63402659,1318.866809,0.7905161023,0.5681768261,0.6376831894,23.20751424,0.04130948722
lp_nl,49,0,200,8,200,18,3829.4,572,24.6073437,4762.816356,3.206242463,0.3565601609,0.7371586081,13.74252559,0.0678309828
lp_nl,50,0,200,8,200,3,3978.0,717,1.731805203,14.54562714,0.8944744212,0.454080461,0.6877198524,1.83111271,0.3532180108
lp_nl,51,0,200,8,200,57,3384.5,754,5.873829479,317.3110509,0.3706429299,0.3297453924,0.7520236623,9.648137283,0.09391313931
lp_nl,52,0,200,8,200,80,3200.9,908,9.914169261,1248.748469,4.61809868,0.2805555373,0.780911074,4.613438386,0.1781439345
lp_nl,53,0,200,8,200,14,3915.8,832,3.183675752,57.46324525,1.797895447,0.4199849763,0.7042328029,2.374360252,0.2963524714
lp_nl,54,0,200,8,200,21,3766.3,437,1.570038353,6.911360956,0.3470416392,0.5972119289,0.6260909914,2.66513657,0.2728411291
lp_nl,55,0,200,8,200,22,3786.5,191,5.123904108,330.3967587,1.339362532,0.2818922295,0.7800967796,4.427432214,0.184249192
lp_nl,56,0,200,8,200,19,3806.3,810,15.34960781,1367.016802,1.952552748,0.4151550807,0.7066363352,10.98489464,0.08343836385
lp_nl,57,0,200,8,200,9,3940.5,717,1.484064611,9.512128736,0.376372733,0.4811870705,0.6751341677,2.419043804,0.292479435
lp_nl,58,0,200,8,200,11,3748.5,655,25.44672553,5672.784431,9.075449006,0.3378576565,0.7474636746,8.446909576,0.1058547234
lp_nl,59,0,200,8,200,26,3764.2,673,5.231291874,274.7947402,1.371298879,0.3155765644,0.7601229963,4.467277091,0.1829064054
lp_nl,60,0,200,8,200,25,3705.1,717,2.964920043,62.70909248,1.031468019,0.3744102486,0.7275847957,2.919342854,0.2551448131
lp_nl,61,0,200,8,200,16,3807.6,832,1.806273274,16.03651788,0.4674348317,0.4510538765,0.6891542872,2.641939818,0.274578947
lp_nl,62,0,200,8,200,59,3398.9,717,2.731255876,25.60963627,0.5135344887,0.5397102716,0.6494728381,3.811339016,0.2078423484
lp_nl,63,0,200,8,200,111,2153.6,935,7.583907236,437.4044909,2.833394003,0.3626196992,0.7338804808,4.505464032,0.1816377319
lp_nl,64,0,200,8,200,24,3764.6,948,6.26813313,353.154638,4.221555375,0.3335460138,0.7498803863,3.050717313,0.246869856
lp_nl,65,0,200,8,200,56,3320.4,522,4.697464905,219.4238935,0.6424298235,0.3171185052,0.759233126,5.860716276,0.1457573757
lp_nl,66,0,200,8,200,37,3593.9,717,1.655030221,11.99624647,0.2941962729,0.4778408106,0.6766628671,3.051317116,0.2468333066
lp_nl,67,0,200,8,200,4,3957.9,717,2.219338174,35.73174587,1.456846761,0.3712755628,0.729248028,1.838724009,0.3522709487
lp_nl,68,0,200,8,200,3,3955.0,642,2.17115822,17.62052752,0.7038932199,0.5172279915,0.6590967248,2.587843937,0.2787189235
lp_nl,69,0,200,8,200,14,3819.8,437,2.111632475,24.41056326,0.5455914405,0.4273949951,0.7005769275,2.858805166,0.2591475747
lp_nl,70,0,200,8,200,16,3617.7,717,1.593069726,11.58629007,0.518022529,0.4680180319,0.6811905428,2.213402829,0.3111965892
lp_nl,71,0,200,8,200,27,3725.8,692,2.406414697,32.19980347,0.3922167989,0.4240761621,0.7022096336,3.842442488,0.2065073571
lp_nl,72,0,200,8,200,18,3866.4,191,1.799582867,19.94164185,0.6089839025,0.4029873316,0.7127648108,2.306051189,0.3024756554
lp_nl,73,0,200,8,200,13,3862.3,717,2.996415887,60.90118816,0.802209106,0.3839628514,0.7225627472,3.345478917,0.2301242324
lp_nl,74,0,200,8,200,19,3789.6,133,3.317051669,119.4576105,0.643525513,0.3034906563,0.7671708233,4.134941329,0.194744192
lp_nl,75,0,200,8,200,71,3156.5,36,3.261214216,65.78284283,0.5830338621,0.4020897552,0.7132211018,4.271028184,0.1897163068
lp_nl,76,0,200,8,200,14,3824.6,686,3.346305484,33.21445098,1.561206329,0.5806334425,0.6326577517,2.678153305,0.2718755629
lp_nl,77,0,200,8,200,12,3846.7,702,3.439774308,121.1470944,1.396418416,0.3125168564,0.7618949769,2.910865673,0.2556978643
lp_nl,78,0,200,8,200,14,3828.6,437,2.198778063,13.28791858,0.376848725,0.6031883101,0.6237570432,3.581771449,0.2182561944
lp_nl,79,0,200,8,200,22,3869.9,717,1.87054911,7.825236292,0.5678274608,0.6686831576,0.5992749405,2.482338019,0.2871633927
lp_nl,80,0,200,8,200,8,3955.5,810,13.73787245,1920.132383,2.857864753,0.3135118017,0.7613178646,8.126408388,0.1095721293
lp_nl,81,0,200,8,200,25,3765.0,832,2.712174721,30.30020364,0.5923647642,0.492713986,0.6699207011,3.523895776,0.221048417
lp_nl,82,0,200,8,200,34,3709.8,410,2.206919803,25.27218159,1.348667747,0.4390006719,0.6949267082,1.90035206,0.3447857293
lp_nl,83,0,200,8,200,2,3964.5,615,3.505109017,51.45660735,1.181440432,0.4886309318,0.6717581763,3.224746762,0.2367005779
lp_nl,84,0,200,8,200,17,3808.3,149,7.648902851,257.2401177,1.60670668,0.4769027153,0.6770926681,6.034354851,0.1421594476
lp_nl,85,0,200,8,200,9,3909.7,522,5.710469111,293.2143745,1.763333424,0.3334871913,0.7499134649,4.300357557,0.1886665172
lp_nl,86,0,200,8,200,14,3892.1,562,68.63294034,45481.01596,7.397024589,0.3218233316,0.7565307527,25.23504444,0.03811695468
lp_nl,87,0,200,8,200,10,3919.9,142,2.180509945,16.25892872,1.141480286,0.5407693995,0.6490263892,2.040910049,0.3288489248
lp_nl,88,0,200,8,200,31,3674.5,402,9.058998258,719.2935394,0.7782300476,0.337774684,0.7475100344,10.2689533,0.08873938632
lp_nl,89,0,200,8,200,18,3832.9,149,10.26782296,2843.255163,9.584591909,0.1925619404,0.8385308688,3.316588257,0.2316644397
lp_nl,90,0,200,8,200,40,3540.7,443,3.358117186,100.888918,1.145008426,0.3343290507,0.7494403269,3.138278677,0.2416463651
lp_nl,91,0,200,8,200,26,3762.2,717,2.180990453,17.65354611,0.4746843373,0.5190841719,0.6582913696,3.165565569,0.24006344
lp_nl,92,0,200,8,200,14,3882.6,30,4.404265837,144.3033464,3.804449784,0.3666361834,0.731723638,2.258019024,0.3069349788
lp_nl,93,0,200,8,200,17,3871.9,554,6.578469157,455.6755118,2.419267959,0.3081747113,0.7644238888,4.22943988,0.1912250686
lp_nl,94,0,200,8,200,16,3859.3,437,1.727989769,14.13559106,0.7002862378,0.4596044029,0.6851171441,2.064920667,0.3262727191
lp_nl,95,0,200,8,200,13,3937.6,813,18.12963833,3056.415198,2.037743495,0.3279313713,0.7530509645,12.70031178,0.07299103961
lp_nl,96,0,200,8,200,18,3829.7,745,12.95941268,2034.945114,2.753437262,0.2872823666,0.7768303412,7.809940534,0.1135081441
lp_nl,97,0,200,8,200,4,3930.6,410,1.909898598,18.05536207,0.8220610315,0.4494767262,0.689904144,2.106484555,0.3219072821
lp_nl,98,0,200,8,200,7,3929.5,920,5.14164425,128.9522763,2.025858595,0.452780295,0.6883353274,3.612413531,0.2168062324
lp_nl,99,0,200,8,200,8,3939.7,410,2.789149428,29.40675535,0.5457816783,0.5143375454,0.6603547558,3.775394214,0.2094067956
lp_nl,100,0,200,8,200,49,3536.8,832,1.584583576,8.358478458,0.27520816,0.5480895685,0.6459574564,3.020539343,0.248722849
lp_nl,101,0,200,8,200,46,3525.5,356,2.197098003,19.87060925,0.5245208303,0.4928829984,0.669844858,3.033668062,0.2479133099
lp_nl,102,0,200,8,200,34,3609.9,410,1.614300894,8.148408469,0.3830900018,0.56552016,0.638765329,2.60815909,0.277149642
lp_nl,103,0,200,8,200,30,3687.1,717,1.750255127,17.96586553,0.9376036372,0.4129308081,0.7077487406,1.807555816,0.3561816988
lp_nl,104,0,200,8,200,3,3978.8,488,8.482851997,296.4357606,2.941007829,0.4926932279,0.6699300173,4.946452005,0.1681675055
lp_nl,105,0,200,8,200,37,3623.8,437,1.894803098,15.39934473,0.491969149,0.4828508114,0.6743766752,2.701438913,0.2701652042
lp_nl,106,0,200,8,200,15,3883.3,717,1.690854771,8.170225059,0.6952562905,0.591547056,0.6283194683,2.027840739,0.3302683615
lp_nl,107,0,200,8,200,83,3100.2,717,1.645806204,9.404805941,0.2303585457,0.5366656218,0.6507596616,3.429071424,0.2257809605
lp_nl,108,0,200,8,200,37,3557.0,717,2.280470401,41.89073157,0.9683319672,0.3523428536,0.7394574514,2.317460311,0.3014354073
lp_nl,109,0,200,8,200,36,3601.8,931,2.454248892,32.06510792,0.4292543173,0.4334133164,0.6976354891,3.745943889,0.2107062417
lp_nl,110,0,200,8,200,18,3825.0,410,2.733071089,79.70313052,0.9433657561,0.3061351787,0.7656175381,2.813914351,0.2621978125
lp_nl,111,0,200,8,200,10,3918.8,410,4.183881135,158.6913845,1.633832545,0.3321258379,0.7506798319,3.27322279,0.2340154139
lp_nl,112,0,200,8,200,23,3870.0,931,1.856315494,15.05676933,0.5990352908,0.4783941839,0.6764095874,2.398421923,0.2942542223
lp_nl,113,0,200,8,200,28,3705.4,285,2.624322139,57.47934106,0.3847926625,0.3461475434,0.742860621,4.230617419,0.1911820192
lp_nl,114,0,200,8,200,23,3743.0,813,18.54521078,2374.047929,5.868600361,0.3806159927,0.7243143679,7.655340384,0.1155356064
lp_nl,115,0,200,8,200,21,3785.2,430,9.457984009,680.306161,3.304101007,0.3626155078,0.7338827382,5.203216751,0.1612066836
lp_nl,116,0,200,8,200,3,3967.6,684,4.199660731,75.27078582,1.045003638,0.4840619906,0.6738263,4.108235265,0.1957623226
lp_nl,117,0,200,8,200,37,3631.5,717,1.643372747,10.49512428,0.8171200401,0.5072736312,0.6634495418,1.817996947,0.3548619884
lp_nl,118,0,200,8,200,51,3518.2,410,1.856989465,14.19689853,0.6739158298,0.4928476621,0.6698607134,2.262072974,0.3065535345
lp_nl,119,0,200,8,200,18,3846.2,9,23.63056194,2928.386959,1.420791294,0.4366764965,0.696050922,19.82480416,0.04801965927
lp_nl,120,0,200,8,200,17,3856.7,410,2.09299337,17.71286267,0.693192446,0.4973057433,0.6678662688,2.513859157,0.2845873882
lp_nl,121,0,200,8,200,29,3721.4,437,1.78686845,10.12797207,0.4998970752,0.5614761757,0.6404196334,2.527273729,0.2835050741
lp_nl,122,0,200,8,200,17,3793.2,191,5.198042422,225.0762015,2.837302982,0.3464774951,0.7426785844,3.085936337,0.2447419435
lp_nl,123,0,200,8,200,48,3504.4,155,6.335158089,224.9593732,0.923206729,0.4223820077,0.7030460134,6.593378023,0.1316936938
lp_nl,124,0,200,8,200,3,3963.8,410,2.724011755,51.87675077,1.0905535,0.3782009313,0.7255836049,2.608467857,0.277125927
lp_nl,125,0,200,8,200,18,3378.9,437,1.942890619,20.7363283,0.4248386946,0.4266604836,0.7009376172,2.980823892,0.2512042801
lp_nl,126,0,200,8,200,6,3906.9,717,2.140203359,19.74777418,0.6777627767,0.4816105204,0.6749412118,2.599657802,0.2778041845
lp_nl,127,0,200,8,200,18,3870.4,36,2.504663906,33.38972083,0.6683409819,0.4334540482,0.6976156656,3.063729449,0.2460793742
lp_nl,128,0,200,8,200,32,3674.0,31,2.840423151,51.14997324,0.660586607,0.3971552778,0.7157400583,3.49476648,0.2224809686
lp_nl,129,0,200,8,200,17,3825.1,556,6.163975469,227.726884,0.5026097236,0.408463966,0.7099933148,8.694516951,0.103151091
lp_nl,130,0,200,8,200,18,3816.4,155,12.03047948,2169.672524,4.521675107,0.2582770647,0.7947375249,5.657613296,0.1502039778
lp_nl,131,0,200,8,200,41,3561.7,44,2.681966858,34.11275207,0.4092357892,0.4591927557,0.6853104198,4.19243756,0.1925877757
lp_nl,132,0,200,8,200,4,3951.8,554,5.359730898,221.2948885,1.59641593,0.360294219,0.7351350804,4.24199311,0.1907671336
lp_nl,133,0,200,8,200,46,3503.3,410,2.264696823,19.69519311,0.4633732078,0.5103051475,0.6621178519,3.326937262,0.2311103535
lp_nl,134,0,200,8,200,6,3969.0,191,1.492441906,12.81245901,0.4264185545,0.4169473237,0.7057425377,2.28549033,0.3043685719
lp_nl,135,0,200,8,200,13,3786.6,437,2.028283883,22.01623444,0.3597562999,0.4322721132,0.6981913498,3.381617916,0.2282261984
lp_nl,136,0,200,8,200,50,3533.2,832,1.559331872,7.755942589,0.4063574797,0.5599139178,0.6410610153,2.446157558,0.2901782589
lp_nl,137,0,200,8,200,59,3392.5,413,3.455763805,128.3399341,1.301273447,0.3050444625,0.7662574178,3.029421949,0.2481745552
lp_nl,138,0,200,8,200,8,3906.3,961,10.34008488,593.2885822,5.769207994,0.4245131117,0.7019942405,4.304929123,0.1885039323
lp_nl,139,0,200,8,200,3,3995.7,717,1.670956239,9.604944539,0.4541334852,0.5391599762,0.649705044,2.479552531,0.2873932758
lp_nl,140,0,200,8,200,118,2474.7,412,20.44671599,3724.740851,0.7517758713,0.3350237022,0.7490503714,23.58193149,0.04068028587
lp_nl,141,0,200,8,200,22,3748.0,298,3.67423624,62.11644287,0.9517930385,0.4661908954,0.6820394283,3.7661344,0.2098136385
lp_nl,142,0,200,8,200,25,3696.7,437,1.44444592,5.589113575,0.4943331058,0.6109839742,0.6207386393,2.054430426,0.3273932814
lp_nl,143,0,200,8,200,19,3779.9,519,4.496007788,174.5502931,1.510653157,0.3403037726,0.746099519,3.65800819,0.2146840364
lp_nl,144,0,200,8,200,9,3865.5,397,3.211587913,48.12992078,0.7479637462,0.462926712,0.6835612419,3.713466759,0.2121580678
lp_nl,145,0,200,8,200,14,3889.5,410,1.838424529,10.30255334,0.4880940566,0.5727609095,0.6358245516,2.631443479,0.275372591
lp_nl,146,0,200,8,200,39,3616.3,32,3.473382568,102.8512992,0.5679843387,0.342489869,0.7448845784,4.608763682,0.1782924111
lp_nl,147,0,200,8,200,22,3775.1,437,1.516786368,13.16691477,0.414076118,0.4180058932,0.7052156869,2.357134287,0.2978731008
lp_nl,148,0,200,8,200,33,3718.3,410,1.529754545,5.013162612,0.4842309991,0.6832283145,0.5940964701,2.198343016,0.3126618987
lp_nl,149,0,200,8,200,22,3807.9,832,2.947175212,48.27927479,0.6982485941,0.4241559727,0.7021702813,3.526963139,0.2208986398
lp_nl,150,0,200,8,200,13,3880.3,410,1.983623897,23.65348637,1.447935833,0.4078605971,0.7102975977,1.648483762,0.3775745256
lp_nl,151,0,200,8,200,21,3680.0,692,3.579542943,44.51636115,0.8996991061,0.5364975566,0.650830843,3.773800454,0.2094767072
lp_nl,152,0,200,8,200,7,3953.9,437,2.122535944,16.95532322,0.5684132781,0.5154683647,0.6598620092,2.815288759,0.2621033592
lp_nl,153,0,200,8,200,17,3764.5,139,4.31403211,246.9118343,1.418658942,0.274544293,0.784594153,3.621966035,0.2163581455
lp_nl,154,0,200,8,200,34,3622.2,907,15.08841007,2958.591243,3.138581155,0.2773965114,0.782842282,8.516806834,0.1050772615
lp_nl,155,0,200,8,200,42,3531.8,556,3.680777987,50.85634647,0.5819953338,0.5161394377,0.6595699413,4.824806179,0.1716795322
lp_nl,156,0,200,8,200,12,3883.2,410,1.565676048,12.71969815,0.7042796918,0.4389989739,0.6949275282,1.865646359,0.3489614121
lp_nl,157,0,200,8,200,28,3779.6,717,1.649635415,8.90283498,0.3644301836,0.5528709995,0.6439684947,2.73262981,0.2679076284
lp_nl,158,0,200,8,200,44,3604.9,197,11.78439244,1289.638838,1.895957819,0.3281505564,0.7529266883,8.558405533,0.1046199595
lp_nl,159,0,200,8,200,8,3927.9,443,5.372556093,312.983229,2.119292739,0.3036829609,0.767057659,3.690502326,0.2131967816
lp_nl,160,0,200,8,200,6,3951.4,191,8.743760984,513.2974307,3.732819029,0.3859346145,0.7215347604,4.525637973,0.180974578
lp_nl,161,0,200,8,200,36,3630.2,692,2.091211793,16.83814556,0.4089666959,0.5096251938,0.6624160779,3.270047401,0.2341894378
lp_nl,162,0,200,8,200,28,3728.9,410,2.657126009,24.83566051,0.7789217626,0.5331805436,0.6522389057,3.010684395,0.2493340043
lp_nl,163,0,200,8,200,36,3664.7,556,5.553737139,173.8738011,0.6193630223,0.4211804908,0.7036403937,7.056879212,0.1241175365
lp_nl,164,0,200,8,200,26,3748.2,554,8.811893624,413.8481841,3.986187363,0.4331603728,0.6977586172,4.413573789,0.1847208589
lp_nl,165,0,200,8,200,22,3746.3,191,1.940338584,13.6531614,0.3787145774,0.5251228394,0.6556848892,3.152982125,0.2407908269
lp_nl,166,0,200,8,200,40,3607.7,437,1.476576608,6.822180548,0.4106852672,0.5653200382,0.6388469933,2.304100522,0.3026542302
lp_nl,167,0,200,8,200,43,3539.8,454,11.32063429,738.5855934,0.9480623291,0.416553075,0.7059389568,11.62658887,0.07919795363
lp_nl,168,0,200,8,200,24,3772.2,554,6.514452264,835.2845241,5.239662868,0.2254035172,0.8160577197,2.845943238,0.2600142379
lp_nl,169,0,200,8,200,13,3855.3,437,1.941767295,16.54668594,0.9572993799,0.4773552134,0.6768852818,1.984601399,0.3350531164
lp_nl,170,0,200,8,200,45,3581.9,410,2.787387949,34.24894107,0.3028081312,0.4762926108,0.6773724888,5.065398899,0.1648696181
lp_nl,171,0,200,8,200,6,3964.2,717,1.870293316,19.68659737,0.9066208181,0.4215260241,0.7034693583,1.964250526,0.3373534022
lp_nl,172,0,200,8,200,48,3486.7,717,1.495558815,8.126363455,0.3668838894,0.5246327234,0.6558956689,2.469102824,0.288258968
lp_nl,173,0,200,8,200,60,3385.9,832,1.819037948,12.76683396,0.4388386428,0.5090965502,0.6626481254,2.745929151,0.2669564639
lp_nl,174,0,200,8,200,26,3715.9,692,3.233119047,58.24442964,0.9003643403,0.4236375987,0.7024259551,3.407317102,0.2268954053
lp_nl,175,0,200,8,200,29,3725.5,822,4.082499462,143.9552638,0.9190843936,0.3402611467,0.746123248,4.258419485,0.1901712107
lp_nl,176,0,200,8,200,43,3489.1,437,2.525635193,25.21549793,0.9371280347,0.5029639363,0.6653519595,2.608982436,0.2770864136
lp_nl,177,0,200,8,200,21,3810.1,142,3.0090388,77.1881894,2.540209366,0.3424935215,0.7448825518,1.887961055,0.3462650573
lp_nl,178,0,200,8,200,12,3891.4,172,5.888463331,200.9636984,1.494330518,0.4153776908,0.7065251957,4.817022135,0.1719092651
lp_nl,179,0,200,8,200,32,3664.2,832,2.745002606,26.61938763,0.2984208722,0.5320393214,0.6527247611,5.024908563,0.1659776227
lp_nl,180,0,200,8,200,40,3548.5,717,2.054957374,35.34518735,0.4405519334,0.3456508854,0.7431347988,3.096023596,0.2441392186
lp_nl,181,0,200,8,200,27,3711.1,410,2.925312671,59.49863116,0.6251844249,0.3792440756,0.7250348344,3.699714548,0.2127788805
lp_nl,182,0,200,8,200,67,3170.9,717,2.760650528,22.13851511,0.6513259553,0.5867285056,0.6302275383,3.420678359,0.2262096264
lp_nl,183,0,200,8,200,36,3597.3,717,1.620788471,8.706303181,0.439172825,0.5492998058,0.645452866,2.445730555,0.2902142185
lp_nl,184,0,200,8,200,7,3914.9,603,10.88506024,1913.266024,8.483793575,0.2488531585,0.8007346526,3.737109218,0.2110992071
lp_nl,185,0,200,8,200,3,3942.4,410,1.839472957,24.41858549,0.6870715527,0.3722486711,0.7287308933,2.219179458,0.3106381651
lp_nl,186,0,200,8,200,21,3819.2,142,1.914501152,15.07968214,1.135564604,0.4930143251,0.6697859379,1.796593022,0.3575779501
lp_nl,187,0,200,8,200,29,3722.3,717,1.876589513,23.5461052,1.034694391,0.3867316758,0.7211200389,1.844859248,0.3515112393
lp_nl,188,0,200,8,200,46,3582.8,766,5.518772202,183.3398646,1.066461863,0.4075810792,0.7104386488,5.344041269,0.1576282306
lp_nl,189,0,200,8,200,24,3735.0,510,2.539104611,55.95821086,1.218204175,0.3394287962,0.7465869054,2.300491073,0.3029852158
lp_nl,190,0,200,8,200,10,3915.7,948,5.253162987,155.4076387,1.546267557,0.4213904557,0.7035364534,4.224531509,0.1914047218
lp_nl,191,0,200,8,200,11,3896.5,191,1.342342266,4.40935567,0.2966066551,0.6392573044,0.6100323587,2.464749682,0.2886211391
lp_nl,192,0,200,8,200,44,3484.0,627,4.265051128,50.87607719,0.6806853434,0.5979535284,0.6258004267,5.169529786,0.1620869069
lp_nl,193,0,200,8,200,40,3551.9,692,3.268857196,30.90848928,0.6810095275,0.5879725607,0.6297338032,3.961132359,0.2015668859
lp_nl,194,0,200,8,200,17,3837.6,191,1.885833166,24.215312,1.050090819,0.3832288843,0.7229461525,1.840305138,0.3520748481
lp_nl,195,0,200,8,200,17,3834.2,664,2.844282177,69.14923791,1.579190911,0.3420416406,0.7451333623,2.263368993,0.3064317894
lp_nl,196,0,200,8,200,41,3510.7,931,2.236102082,39.54909537,0.4574758771,0.3555685567,0.7376978427,3.306035607,0.2322321716
lp_nl,197,0,200,8,200,53,3496.6,443,3.466162359,80.44368333,0.4352810052,0.3864585569,0.7212620925,5.253685169,0.1599057153
lp_nl,198,0,200,8,200,6,3954.0,664,4.056528242,105.6857701,1.248506622,0.3945901553,0.7170565461,3.630438456,0.21596227
lp_nl,199,0,200,8,200,3,3974.8,191,2.365428929,35.96564687,1.125489915,0.3944263912,0.7171407586,2.229662348,0.3096298908
lp_nl,200,0,200,8,200,17,3824.7,773,2.384470866,22.66434972,0.453776476,0.5008646591,0.6662825951,3.539737293,0.2202770635
lp_nl,201,0,200,8,200,9,3922.4,717,2.52004328,19.6281176,0.6081354648,0.5688119004,0.6374250474,3.231527336,0.2363212903
lp_nl,202,0,200,8,200,87,2756.9,569,8.707643814,1738.73942,1.90841517,0.2088254403,0.8272493006,6.30324555,0.1369254249
lp_nl,203,0,200,8,200,5,3922.3,191,2.903498914,68.2071413,2.001938264,0.3515658999,0.7398825319,2.052089639,0.3276443743
lp_nl,204,0,200,8,200,23,3623.8,410,2.158544192,42.35393141,0.8971197383,0.331676025,0.7509333961,2.27895494,0.3049752187
lp_nl,205,0,200,8,200,17,3868.2,717,1.754480307,7.484789492,0.4097285887,0.6412962534,0.6092745279,2.740945271,0.267312117
lp_nl,206,0,200,8,200,16,3890.1,799,11.90407156,1115.260555,14.5199297,0.3564571725,0.7372145765,3.124016162,0.2424820759
lp_nl,207,0,200,8,200,31,3665.3,410,2.246729816,15.01115594,0.696029467,0.5798875444,0.6329564427,2.693004231,0.2707822514
lp_nl,208,0,200,8,200,14,3846.1,410,3.729055726,106.6458177,0.82022952,0.3610995599,0.7347001127,4.117476941,0.1954087945
lp_nl,209,0,200,8,200,13,3871.6,554,4.073418001,170.5501711,2.016595647,0.3119125854,0.7622459081,2.868465069,0.2585004601
lp_nl,210,0,200,8,200,63,3343.2,717,2.853579116,54.29426086,0.6277031878,0.3872691973,0.7208406284,3.601743249,0.2173089514
lp_nl,211,0,200,8,200,14,3927.5,191,1.613500283,9.237336823,0.8086388826,0.5308791342,0.653219433,1.794286278,0.3578731384
lp_nl,212,0,200,8,200,12,3892.8,907,10.57914104,1367.284163,1.972623246,0.2861020801,0.7775432568,7.532312571,0.1172015197
lp_nl,213,0,200,8,200,45,3540.5,717,1.525945058,8.481249402,0.4174206439,0.5239730859,0.6561795672,2.361847949,0.2974554516
lp_nl,214,0,200,8,200,22,3777.2,389,52.15578332,19621.758,2.335824998,0.372334702,0.7286852096,34.12575916,0.02846913559
lp_nl,215,0,200,8,200,7,3913.3,139,3.953629925,130.569314,1.259767946,0.3459994863,0.742942334,3.522497863,0.2211167435
lp_nl,216,0,200,8,200,31,3773.5,692,3.080339264,69.64006553,0.8879863407,0.3691211805,0.7303955371,3.268853137,0.2342549551
lp_nl,217,0,200,8,200,54,3358.5,664,5.04501342,269.1306608,2.981024246,0.3075252194,0.7648036039,2.921995694,0.254972233
lp_nl,218,0,200,8,200,35,3671.3,712,2.935513246,51.20783036,0.4137464577,0.4102190804,0.7091096794,4.563698027,0.17973657
lp_nl,219,0,200,8,200,37,3606.6,924,184.4044555,239443.9677,1.409697737,0.3768508159,0.7262950992,155.3132147,0.006397411775
lp_nl,220,0,200,8,200,45,3495.6,717,1.635204964,13.80209046,0.4051213316,0.4401490432,0.6943725753,2.569091907,0.2801833144
lp_nl,221,0,200,8,200,16,3825.5,692,3.543051382,48.29475589,0.5207495377,0.5098324369,0.6623251532,4.909790984,0.1692107221
lp_nl,222,0,200,8,200,33,3720.1,437,4.258473385,95.25883414,2.138265097,0.436316168,0.6962255402,2.912213185,0.2556097924
lp_nl,223,0,200,8,200,6,3936.6,134,4.636992184,249.0992437,1.710978555,0.2937988959,0.7729176483,3.544982379,0.2200228552
lp_nl,224,0,200,8,200,50,3490.7,777,4.385849143,78.89453002,1.092202324,0.4937763019,0.6694442794,4.196644112,0.1924318807
lp_nl,225,0,200,8,200,19,3827.8,191,2.678810415,47.8533715,0.9523785725,0.3872449011,0.7208532532,2.744967273,0.2670250304
lp_nl,226,0,200,8,200,23,3839.6,717,1.920013962,12.48634654,0.7689682897,0.5433587872,0.6479374779,2.189526326,0.3135261784
lp_nl,227,0,200,8,200,79,3212.2,172,3.019593594,22.34646016,0.512605145,0.6387694343,0.6102139685,4.217518681,0.1916619875
lp_nl,228,0,200,8,200,0,4000.0,410,1.915289371,19.82380599,0.8474091753,0.4301707525,0.6992172076,2.080596279,0.3246124806
lp_nl,229,0,200,8,200,10,3936.8,799,10.02919547,1065.147054,5.348858541,0.3072991157,0.7649358804,4.336461946,0.1873900742
lp_nl,230,0,200,8,200,36,1794.7,549,180.1087157,170857.4396,1.491896709,0.4357303214,0.6965096335,147.4569856,0.006735957868
lp_nl,231,0,200,8,200,32,3695.5,437,1.593038719,7.849855797,0.5691403047,0.5685851229,0.6375172029,2.111624346,0.3213755547
lp_nl,232,0,200,8,200,21,3812.1,948,2.223272704,29.2218056,1.345570696,0.4112815356,0.7085758403,1.91663527,0.3428608336
lp_nl,233,0,200,8,200,44,3506.1,642,2.959798397,72.41842898,1.356053461,0.3478064095,0.7419463159,2.541696699,0.2823505469
lp_nl,234,0,200,8,200,23,3729.7,410,3.074933619,61.10033853,1.123277468,0.3933815041,0.7176785375,2.901297215,0.2563249978
lp_nl,235,0,200,8,200,28,3656.2,134,4.33309704,134.4234527,1.587804906,0.3737325225,0.7279437472,3.438743999,0.2252889557
lp_nl,236,0,200,8,200,4,3947.3,437,2.370848313,20.89641599,1.577788701,0.5186422182,0.6584829448,1.887466916,0.3463243144
lp_nl,237,0,200,8,200,5,3965.8,717,2.896315349,45.82699941,1.017228467,0.4278436935,0.7003567719,2.871683634,0.2582855663
lp_nl,238,0,200,8,200,13,3831.5,32,4.702084116,134.5063686,1.453650599,0.4054328834,0.71152455,3.899962025,0.2040832143
lp_nl,239,0,200,8,200,41,3625.8,410,2.738546679,27.37995874,0.9841566823,0.5233638882,0.6564419754,2.760501739,0.2659219618
lp_nl,240,0,200,8,200,24,3758.4,437,1.565759363,8.769291217,0.4229136143,0.5287407358,0.6541331546,2.407682324,0.2934545844
lp_nl,241,0,200,8,200,20,3833.4,717,1.443078264,5.286709314,0.3336795373,0.6276205707,0.6143938078,2.498187885,0.2858622901
lp_nl,242,0,200,8,200,78,3142.7,191,4.230005997,124.5325993,1.705337387,0.3790525797,0.7251355131,3.23918555,0.2358943689
lp_nl,243,0,200,8,200,2,3903.3,410,2.360080561,28.99588791,1.475893649,0.4382870327,0.695271512,1.942671173,0.3398273001
lp_nl,244,0,200,8,200,27,3740.1,633,6.401752547,247.1897886,0.6357923745,0.4071773578,0.7106424748,8.028625963,0.1107588247
lp_nl,245,0,200,8,200,40,3573.0,242,9.175116363,604.1500522,10.08130703,0.3732838255,0.7281815903,2.889702676,0.2570890588
lp_nl,246,0,200,8,200,32,3653.8,519,3.163713272,58.8916464,0.5616612279,0.4122591168,0.7080853564,4.221432933,0.1915183079
lp_nl,247,0,200,8,200,22,3781.3,437,2.351528467,65.1549643,0.6300046223,0.291324148,0.7743989002,2.962636524,0.2523572359
lp_nl,248,0,200,8,200,11,3856.8,772,3.247859711,61.90596171,1.283746448,0.4127917648,0.7078183954,2.866537545,0.2586293262
lp_nl,249,0,200,8,200,19,3788.9,320,1.853599257,16.11036549,0.5411208369,0.4618098056,0.6840835218,2.519815354,0.2841058122
lp_nl,250,0,200,8,200,47,3481.6,615,2.642138106,32.29288573,0.4662987587,0.4649455407,0.682619232,3.869219653,0.2053717169
lp_nl,251,0,200,8,200,2,3982.6,182,6.633235352,249.032149,3.809682773,0.4203370757,0.7040582247,3.398450899,0.227352771
lp_nl,252,0,200,8,200,28,3681.1,832,2.319909125,23.96093643,0.4967733979,0.4739353243,0.6784558206,3.291484448,0.2330196025
lp_nl,253,0,200,8,200,8,3940.3,393,20.25897831,3803.956462,5.594337047,0.3284730709,0.7527438997,8.565312753,0.1045444123
lp_nl,254,0,200,8,200,0,3993.7,410,1.807153302,16.49683753,0.9153116108,0.4449330298,0.6920735974,1.888906712,0.3461517105
lp_nl,255,0,200,8,200,26,3740.3,437,1.60962647,9.348105588,0.72325217,0.5264574802,0.6551115986,1.892693247,0.345698598
lp_nl,256,0,200,8,200,12,3942.7,410,1.866042271,14.87455238,0.6242408672,0.4838374992,0.6739282438,2.361812294,0.2974586064
lp_nl,257,0,200,8,200,26,3728.5,9,28.84304605,9155.974438,2.826807016,0.3014316408,0.7683845764,17.15509167,0.05508096672
lp_nl,258,0,200,8,200,49,3491.5,862,2.836322703,49.33661353,0.671096816,0.4038043315,0.7123499889,3.462286896,0.2241003376
lp_nl,259,0,200,8,200,1,3993.8,832,3.007606773,116.6260276,3.212478098,0.2784987899,0.7821673418,1.678034812,0.3734081407
lp_nl,260,0,200,8,200,41,3549.1,664,3.165424836,57.10190525,0.7952324665,0.4188964752,0.7047730525,3.549645269,0.2197973558
lp_nl,261,0,200,8,200,20,3787.6,510,3.669221667,108.8443639,1.366839542,0.3516988729,0.7398097461,3.13844977,0.2416363749
lp_nl,262,0,200,8,200,18,3828.9,412,16.38221335,2096.757061,2.366511946,0.3577655511,0.7365041772,10.64923049,0.08584257996
lp_nl,263,0,200,8,200,21,3828.5,379,7.704002369,582.0752378,0.7937561089,0.319320533,0.7579659188,8.647147504,0.1036575837
lp_nl,264,0,200,8,200,33,3628.5,191,3.574234918,63.57215479,0.9058936731,0.4482802724,0.6904740878,3.755298641,0.2102917347
lp_nl,265,0,200,8,200,23,3747.8,191,2.177826201,26.6426756,0.8312656316,0.4219240682,0.7032724337,2.388654329,0.2951023926
lp_nl,266,0,200,8,200,14,3868.9,614,10.69365156,541.0681301,2.167150083,0.4597270436,0.6850595831,7.264095324,0.1210053806
lp_nl,267,0,200,8,200,15,3876.4,437,2.472501549,21.60004696,0.4456174658,0.5319970507,0.652742771,3.703867739,0.2125910114
lp_nl,268,0,200,8,200,54,3388.5,615,2.326683186,36.6032475,0.7801130701,0.3845718064,0.7222449536,2.634259011,0.2751592545
lp_nl,269,0,200,8,200,23,3791.4,717,1.672147441,7.247026878,0.6356854979,0.621147344,0.6168470767,2.097265519,0.3228654418
lp_nl,270,0,200,8,200,19,3766.2,522,3.807431323,155.0887925,0.7561328456,0.3057326855,0.7658535404,4.378577354,0.1859227699
lp_nl,271,0,200,8,200,27,3789.2,908,3.785047537,112.6655363,0.4677064282,0.3565954472,0.7371394339,5.534579992,0.1530320237
lp_nl,272,0,200,8,200,1,3962.4,510,3.191033289,76.83921372,1.805277522,0.3640322657,0.7331204878,2.374976668,0.2962983446
lp_nl,273,0,200,8,200,3,3943.9,443,3.853731375,113.9502081,1.372329355,0.3610138616,0.7347463742,3.289669454,0.233118195
lp_nl,274,0,200,8,200,29,3728.0,717,2.13699898,15.9914872,0.4708432207,0.5343919255,0.6517239718,3.114340934,0.2430522935
lp_nl,275,0,200,8,200,37,3625.7,191,4.953051608,266.9343796,1.774582747,0.3031590916,0.7673660157,3.71813133,0.2119483181
lp_nl,276,0,200,8,200,10,3902.7,708,6.298266745,425.3202568,4.823511799,0.3053957692,0.7660512035,2.867737381,0.2585490951
lp_nl,277,0,200,8,200,40,3590.0,437,1.855225847,21.99776567,0.5461147717,0.3955555665,0.7165605039,2.510468777,0.2848622402
lp_nl,278,0,200,8,200,35,3576.2,772,4.613017447,273.3551067,2.546721533,0.2790111129,0.7818540355,2.890642389,0.2570269637
lp_nl,279,0,200,8,200,21,3815.8,542,4.853661726,231.0407916,3.013496957,0.3193193034,0.7579666253,2.795980424,0.2634365535
lp_nl,280,0,200,8,200,55,3371.1,410,3.56482108,52.60787487,0.8741298847,0.4914873655,0.6704716534,3.81285029,0.2077770842
lp_nl,281,0,200,8,200,22,3814.9,437,1.401155935,8.78040492,0.4243155038,0.4728563205,0.6789528524,2.151007975,0.3173587652
lp_nl,282,0,200,8,200,12,3856.3,437,2.172304365,36.15020366,0.8700985866,0.3612977864,0.7345931287,2.328822794,0.3004064986
lp_nl,283,0,200,8,200,18,3839.3,2,5.396023229,150.2986399,1.624010319,0.4401455195,0.6943742743,4.23427849,0.1910482986
lp_nl,284,0,200,8,200,19,3773.1,437,2.408363811,47.89886638,0.7126288469,0.3479841596,0.7418484801,2.852925255,0.2595430573
lp_nl,285,0,200,8,200,45,3499.2,437,1.509097106,6.73674338,0.365203415,0.5814229685,0.6323418971,2.497179559,0.2859447115
lp_nl,286,0,200,8,200,15,3808.8,285,4.770100643,201.4531616,0.9163434051,0.3360783206,0.7484591169,4.983086349,0.1671378184
lp_nl,287,0,200,8,200,18,3835.7,627,6.705433794,491.7105518,1.3131711,0.3023932654,0.7678172381,5.851486679,0.1459537246
lp_nl,288,0,200,8,200,47,3498.8,832,2.063337072,26.94012987,0.5351130275,0.3975303936,0.7155479441,2.820638433,0.261736361
lp_nl,289,0,200,8,200,44,3469.0,410,2.807458084,30.71921614,0.5360929718,0.5065335501,0.6637754598,3.834362989,0.2068524855
lp_nl,290,0,200,8,200,20,3797.2,664,6.818514202,282.7575226,1.692481634,0.4054923502,0.7114944452,5.241164215,0.1602265163
lp_nl,291,0,200,8,200,35,3533.9,689,6.07527209,240.9862366,0.7119098542,0.3913538526,0.7187244267,7.200343759,0.1219461073
lp_nl,292,0,200,8,200,31,3708.8,142,2.443120943,37.2389302,0.5338429632,0.4003560249,0.7141041151,3.343783923,0.2302140295
lp_nl,293,0,200,8,200,16,3886.1,191,3.22092953,43.73924616,1.581937104,0.4870186317,0.6724865302,2.560864601,0.2808306724
lp_nl,294,0,200,8,200,25,3809.1,772,2.903775646,52.98345821,1.020400384,0.3989265195,0.7148338287,2.874602188,0.2580910121
lp_nl,295,0,200,8,200,68,3166.3,437,3.395724191,163.8375332,1.332351055,0.2652929496,0.7903308086,2.941867263,0.2536868781
lp_nl,296,0,200,8,200,30,3762.2,832,3.063838423,83.84582858,0.8451038095,0.3345993769,0.7492885261,3.332812094,0.2307969924
lp_nl,297,0,200,8,200,19,3772.6,9,20.39427967,4899.179199,0.952289965,0.2913712573,0.7743706501,20.8989163,0.04566436011
lp_nl,298,0,200,8,200,18,3895.4,437,1.507928778,8.617729926,0.6470704235,0.5136702219,0.6606458828,1.874584643,0.3478763454
lp_nl,299,0,200,8,200,38,3529.3,191,1.591642012,12.43457018,0.4189822898,0.4513672089,0.6890055073,2.458937901,0.2891060865
lp_nl,300,0,200,8,200,2,3990.3,596,11.60834698,1088.393142,1.719116068,0.3518661447,0.7397182065,8.853556867,0.1014861956
lp_nl,301,0,200,8,200,15,3829.1,631,4.981233259,105.5027741,1.126144545,0.4849589063,0.6734193086,4.693964605,0.175624555
lp_nl,302,0,200,8,200,29,3695.8,437,1.860582954,14.53303796,0.695528187,0.4880573234,0.6720171221,2.230959418,0.3095055897
lp_nl,303,0,200,8,200,6,3864.0,554,4.393088056,134.486122,1.432761247,0.378818494,0.7252586213,3.670143078,0.214126202
lp_nl,304,0,200,8,200,32,3702.2,249,4.880014928,283.4621922,2.430088417,0.2898501836,0.7752838374,3.130474084,0.2421029595
lp_nl,305,0,200,8,200,12,3877.5,191,3.161209285,160.7410463,1.721715111,0.2493387933,0.8004233962,2.409198606,0.2933240669
lp_nl,306,0,200,8,200,15,3876.7,410,1.812427289,20.98086437,0.8112994465,0.3956843782,0.7164943705,2.012194709,0.3319838512
lp_nl,307,0,200,8,200,37,3647.1,134,4.162426579,97.16033684,0.8794295105,0.4222815239,0.7030956834,4.438600611,0.1838708285
lp_nl,308,0,200,8,200,18,3807.2,303,26.3820288,7226.08924,3.259943825,0.3103534159,0.7631528929,14.61178024,0.06405419398
lp_nl,309,0,200,8,200,8,3933.8,285,2.963909892,76.33837443,0.9241768542,0.3392294454,0.7466980385,3.083098873,0.2449120218
lp_nl,310,0,200,8,200,11,3905.6,32,2.951618801,46.93329262,1.017035178,0.4308437094,0.6988883506,2.926794839,0.2546606179
lp_nl,311,0,200,8,200,18,3791.0,961,6.898638572,151.7483573,1.289643784,0.5600172351,0.6410185589,6.074751371,0.1413477234
lp_nl,312,0,200,8,200,66,3287.6,717,1.844201923,17.71902772,0.6379014478,0.4381154077,0.6953544859,2.309041171,0.3022023445
lp_nl,313,0,200,8,200,82,2824.8,717,2.450802123,47.99581887,0.5374405226,0.3537582241,0.7386843398,3.343051319,0.2302528629
lp_nl,314,0,200,8,200,18,3846.2,410,2.734272672,48.55052627,0.8022154008,0.3924143233,0.718177042,3.052785739,0.2467438607
lp_nl,315,0,200,8,200,32,3719.9,772,3.872523983,165.2949502,1.828927736,0.3012064885,0.7685175326,2.863491136,0.2588332585
lp_nl,316,0,200,8,200,61,3414.7,44,3.159662591,27.57084446,0.5228744154,0.6017494115,0.6243173825,4.369603316,0.1862334964
lp_nl,317,0,200,8,200,40,3483.5,437,1.51773054,8.599745944,0.381211035,0.5175494632,0.6589571044,2.458170153,0.2891702709
lp_nl,318,0,200,8,200,23,3803.5,654,3.404139507,47.68339286,0.4029868584,0.492973728,0.6698041508,5.362433357,0.1571725697
lp_nl,319,0,200,8,200,43,3613.4,615,2.534564587,41.18374364,0.4946850844,0.3949484845,0.7168723513,3.603619719,0.2172203746
lp_nl,320,0,200,8,200,63,3259.1,437,1.494892655,9.025009841,0.2910710168,0.4976066389,0.6677320826,2.770834118,0.265193315
lp_nl,321,0,200,8,200,18,3848.9,191,1.760556501,16.60588077,0.6952842772,0.4320350779,0.6983069168,2.111391472,0.3213996082
lp_nl,322,0,200,8,200,24,3751.7,948,5.58997981,165.1872672,0.8031119975,0.434932594,0.6968968467,6.237666947,0.1381660703
lp_nl,323,0,200,8,200,7,3925.0,562,54.09011113,58763.354,5.359080383,0.2231334014,0.8175723096,23.36537406,0.04104184888
lp_nl,324,0,200,8,200,39,3560.5,410,3.73818909,127.3726107,1.074757618,0.3312251004,0.7511877591,3.605836243,0.217115839
lp_nl,325,0,200,8,200,31,3690.3,156,9.258462573,1145.04704,3.712454595,0.2736070043,0.7851715613,4.805164943,0.172260394
lp_nl,326,0,200,8,200,7,3949.1,554,4.599113209,462.1049006,3.666091655,0.2139458235,0.8237599905,2.40199689,0.2939450071
lp_nl,327,0,200,8,200,133,2250.8,754,8.335226264,1093.709079,1.078941104,0.252038267,0.7986976328,8.024510029,0.11080934
lp_nl,328,0,200,8,200,6,3942.0,413,6.330322712,144.0601271,1.167749343,0.5274167929,0.6547001478,5.858022488,0.1458146283
lp_nl,329,0,200,8,200,23,3791.3,942,37.29591669,7297.827114,0.6110945721,0.4365806677,0.6960973529,47.70974254,0.02052977388
lp_nl,330,0,200,8,200,21,3816.8,443,4.400681713,108.3839205,0.8125632217,0.4227051416,0.7028863331,4.881928089,0.1700122791
lp_nl,331,0,200,8,200,55,3372.8,413,3.587665638,80.56120591,0.7335622463,0.3997136522,0.71443184,4.188837137,0.1927214082
lp_nl,332,0,200,8,200,20,3774.6,187,8.121593054,639.0276163,4.421870912,0.3212783133,0.7568428165,3.862230549,0.2056669238
lp_nl,333,0,200,8,200,10,3884.1,410,7.424134155,1048.300057,6.792602608,0.2292994465,0.8134714474,2.84857532,0.2598364114
lp_nl,334,0,200,8,200,45,3661.2,654,2.135464098,21.03383288,0.59479156,0.4656215421,0.6823043816,2.768916605,0.2653282375
lp_nl,335,0,200,8,200,19,3536.6,191,1.577642054,11.63184591,0.5175865191,0.4625771268,0.6837246267,2.192890753,0.3131958082
lp_nl,336,0,200,8,200,23,3738.0,712,3.434861248,67.47248269,1.189934792,0.4181632409,0.705137442,3.148818417,0.2410324819
lp_nl,337,0,200,8,200,12,3853.6,717,2.325226838,15.7037156,0.7986479731,0.586764886,0.6302130888,2.6018822,0.2776326222
lp_nl,338,0,200,8,200,102,2949.0,832,1.801728857,9.665876542,0.4055103962,0.5795205122,0.6331035224,2.829361489,0.2611401412
lp_nl,339,0,200,8,200,37,3703.7,437,2.642551473,46.90323685,1.229911277,0.3858531482,0.7215771753,2.382794361,0.2956135943
lp_nl,340,0,200,8,200,43,3613.6,556,4.354478901,109.9593616,0.5005226443,0.4152599867,0.7065839559,6.154947111,0.139763437
lp_nl,341,0,200,8,200,21,3822.5,859,4.733343314,117.5576839,0.8084894985,0.4365585465,0.6961080719,5.264181006,0.1596377881
lp_nl,342,0,200,8,200,5,3945.1,684,6.752830798,197.5656167,1.398669291,0.4804300742,0.6754793877,5.709897973,0.1490335627
lp_nl,343,0,200,8,200,14,3851.2,191,1.801218751,12.07174529,0.7033655326,0.518419618,0.6585794784,2.147711379,0.3176911348
lp_nl,344,0,200,8,200,30,3621.4,443,4.394817599,140.1173517,0.9636019385,0.3712743059,0.7292486964,4.477050802,0.1825800118
lp_nl,345,0,200,8,200,20,3773.5,133,4.392997451,72.02892505,1.095288129,0.5176157523,0.6589283213,4.197558533,0.1923980256
lp_nl,346,0,200,8,200,13,3890.8,410,2.920437095,19.21750052,1.068595343,0.6661919881,0.600170933,2.825148088,0.2614277871
lp_nl,347,0,200,8,200,44,3524.7,717,1.378520343,5.2468184,0.2998734999,0.601817986,0.6242906552,2.517353091,0.2843046956
lp_nl,348,0,200,8,200,9,3861.7,832,1.596253859,10.99229579,0.936522716,0.481457279,0.6750110274,1.649463851,0.3774348533
lp_nl,349,0,200,8,200,35,3512.8,142,1.962083761,12.56002565,0.8033586982,0.5536333969,0.6436524871,2.189085847,0.3135694829
lp_nl,350,0,200,8,200,72,3342.5,410,2.116906827,18.48468031,0.9831207759,0.492374748,0.6700729836,2.1350021,0.3189790527
lp_nl,351,0,200,8,200,52,3542.8,437,2.023242758,9.175425342,0.5621916667,0.6679360618,0.5995433655,2.698396673,0.2703874377
lp_nl,352,0,200,8,200,24,3700.7,931,3.080510374,54.80213548,0.4478196932,0.4161251212,0.7061522919,4.603319106,0.1784656524
lp_nl,353,0,200,8,200,32,3673.3,437,1.788443634,11.01431668,0.3399890887,0.5388854747,0.6498209363,3.067204745,0.2458691073
lp_nl,354,0,200,8,200,6,3943.0,961,8.950535293,473.8184544,3.370672999,0.4111904538,0.7086215736,4.875180484,0.1702075371
lp_nl,355,0,200,8,200,12,3881.3,410,2.526490972,35.44785813,0.8615751815,0.4243485781,0.7020753314,2.721893701,0.26868043
lp_nl,356,0,200,8,200,41,3537.1,717,1.410874472,4.242460523,0.4055283528,0.6849824911,0.5934779769,2.215530656,0.3109906597
lp_nl,357,0,200,8,200,21,3765.6,712,2.647649031,58.94926372,0.7501804714,0.3448428474,0.7435813054,3.056873998,0.246495208
lp_nl,358,0,200,8,200,24,3762.9,556,3.691682363,80.4882101,0.6938281565,0.4114889638,0.7084717101,4.431985865,0.1840947353
lp_nl,359,0,200,8,200,48,3473.5,216,6.54772551,247.5286398,0.7108137084,0.416176676,0.706126585,7.766271474,0.1140735834
lp_nl,360,0,200,8,200,15,3882.7,101,4.311364275,151.4997048,1.060329969,0.3502747449,0.7405900198,4.186915543,0.1927928056
lp_nl,361,0,200,8,200,22,3830.7,717,1.541785797,12.8926058,0.6032007169,0.4293917427,0.6995982768,1.985149031,0.3349916502
lp_nl,362,0,200,8,200,87,2981.5,333,28.14439048,5201.10636,20.5337403,0.3902509601,0.7192945941,6.210946884,0.1386780427
lp_nl,363,0,200,8,200,20,3707.8,615,2.960917425,55.60153881,2.180664342,0.3970844592,0.7157763394,2.00508083,0.3327697512
lp_nl,364,0,200,8,200,51,3443.6,717,1.803544709,15.82821456,0.5118545733,0.4533263342,0.6880767082,2.520888394,0.284019227
lp_nl,365,0,200,8,200,11,3933.0,155,7.364461551,485.8420245,1.824859382,0.3341130664,0.7495616565,5.451629046,0.1549996122
lp_nl,366,0,200,8,200,28,3748.6,745,9.452429928,1339.931656,4.940735665,0.2582272932,0.7947689622,4.252532652,0.1903843472
lp_nl,367,0,200,8,200,39,3589.5,717,1.59006499,9.975584023,0.6086989071,0.5034376713,0.6651423062,2.038044275,0.3291591266
lp_nl,368,0,200,8,200,38,3593.8,717,1.858323277,12.03559628,0.2891808103,0.5356578343,0.6511867277,3.455703968,0.224431427
lp_nl,369,0,200,8,200,4,3971.8,437,1.751757352,10.81266465,0.5527695853,0.5327305248,0.6524304069,2.35614427,0.2979609694
lp_nl,370,0,200,8,200,54,3358.1,155,3.971688474,124.8459058,0.906362903,0.35545778,0.7377581321,4.171806108,0.1933560499
lp_nl,371,0,200,8,200,29,3732.1,931,3.882714648,61.01202985,1.03532327,0.4970816567,0.6679662365,3.815904406,0.2076453176
lp_nl,372,0,200,8,200,10,3900.1,191,3.401555585,111.7958472,1.364245634,0.3217101302,0.7565955478,2.912267649,0.255606234
lp_nl,373,0,200,8,200,15,3787.4,66,3.683277419,38.74744727,0.4820248443,0.5917154138,0.6282530101,5.305175056,0.1585998788
lp_nl,374,0,200,8,200,9,3911.3,437,1.575266556,9.413028087,0.4451631899,0.5134396166,0.6607465465,2.360991534,0.2975312463
lp_nl,375,0,200,8,200,37,3642.9,51,29.36579186,5013.629119,3.149092677,0.4147301552,0.7068485791,16.54813272,0.05698612019
lp_nl,376,0,200,8,200,43,3483.6,822,4.087348601,143.7079172,0.7815819345,0.3409583509,0.7457353164,4.623324994,0.177830732
lp_nl,377,0,200,8,200,15,3872.6,437,1.812834682,17.84020286,0.5246362276,0.4291986102,0.6996928158,2.502816808,0.2854845271
lp_nl,378,0,200,8,200,29,3796.4,948,2.857585791,31.33407208,0.9399213598,0.5104942546,0.6620349577,2.947497994,0.2533250179
lp_nl,379,0,200,8,200,57,3360.2,822,4.313625323,226.2008551,0.3978723383,0.2868106666,0.7771151001,6.838652672,0.1275729442
lp_nl,380,0,200,8,200,25,3722.9,108,5.923804069,367.0757822,2.248330632,0.3091881347,0.7638321594,3.950668567,0.2019929201
lp_nl,381,0,200,8,200,12,3885.3,393,22.2280614,1962.698069,2.599917476,0.5017355113,0.6658962197,13.78547726,0.06763393447
lp_nl,382,0,200,8,200,22,3780.1,191,2.611888313,27.07069272,0.5961722226,0.5020013875,0.6657783464,3.382740893,0.2281677207
lp_nl,383,0,200,8,200,16,3809.5,413,3.574430688,97.26395609,0.7804125474,0.3624356548,0.7339796169,4.046175894,0.1981698658
lp_nl,384,0,200,8,200,33,3610.1,437,2.956401082,107.6411324,0.8221886567,0.2849536495,0.7782381881,3.260450508,0.234716962
lp_nl,385,0,200,8,200,29,3698.6,134,5.324494845,147.1983166,1.502377869,0.4388610009,0.6949941651,4.343990053,0.1871260968
lp_nl,386,0,200,8,200,30,3681.0,285,2.720878772,36.03206194,0.4432610903,0.4532779934,0.6880995959,4.086762382,0.1965886992
lp_nl,387,0,200,8,200,15,3828.3,402,8.762174696,470.5681407,1.599107478,0.4039249199,0.7122888025,6.929040195,0.1261186695
lp_nl,388,0,200,8,200,21,3801.3,810,22.61139821,2012.833572,1.358134099,0.5039918165,0.6648972348,19.40242851,0.04901377303
lp_nl,389,0,200,8,200,48,3456.7,942,39.39647605,5287.900912,0.503979268,0.5417709602,0.6486047706,55.49464032,0.01770079417
lp_nl,390,0,200,8,200,16,3871.1,410,2.158583203,12.32152614,0.8198196798,0.6149453784,0.6192159892,2.384018513,0.2955066576
lp_nl,391,0,200,8,200,18,3819.6,754,8.861293107,1165.260158,0.5255929554,0.2595886222,0.7939099976,12.22284584,0.07562668523
lp_nl,392,0,200,8,200,54,3400.6,443,3.001503151,41.2293727,0.8580523031,0.467450297,0.6814540854,3.240275395,0.2358337388
lp_nl,393,0,200,8,200,19,3790.3,754,10.71592025,345.3387764,0.65982948,0.5766427019,0.634259112,13.1920903,0.07046178393
lp_nl,394,0,200,8,200,8,3904.1,673,6.598484121,235.7678184,1.849685849,0.4297361745,0.6994297394,4.851713965,0.1708901026
lp_nl,395,0,200,8,200,21,3817.3,320,2.445850599,37.23881312,0.4787146884,0.4008039657,0.7138757631,3.535017342,0.2205063232
lp_nl,396,0,200,8,200,82,3153.0,437,1.769065329,9.34462179,0.410605613,0.5787126914,0.6334274789,2.760777648,0.2659024525
lp_nl,397,0,200,8,200,30,3749.5,832,1.636956802,8.288569772,0.4301989859,0.568587647,0.637516177,2.495758321,0.2860609654
lp_nl,398,0,200,8,200,59,3371.6,191,5.570036683,116.6279013,0.8987086532,0.5157708877,0.6597303116,5.875550911,0.1454428908
lp_nl,399,0,200,8,200,21,3824.6,410,1.802010408,8.740757789,0.5083063671,0.6095126901,0.6213060674,2.527519531,0.2834853192
lp_nl,400,0,200,8,200,24,3738.1,832,2.072070007,23.47775605,0.6386997449,0.4276378442,0.7004577555,2.592722598,0.2783404431
lp_nl,401,0,200,8,200,43,3502.9,66,3.210917854,55.37307162,1.161380371,0.4314990933,0.6985683782,2.979490151,0.2512884721
lp_nl,402,0,200,8,200,40,3549.7,822,3.755856645,150.691909,0.8903224761,0.3059595689,0.7657204892,3.980479018,0.2007838998
lp_nl,403,0,200,8,200,14,3872.8,191,2.326348631,38.36983189,0.9843594684,0.3755604504,0.7269764115,2.344757523,0.2989753347
lp_nl,404,0,200,8,200,26,3683.8,139,5.464806975,186.5089698,1.015938351,0.4001519753,0.7142081843,5.421770737,0.1557202898
lp_nl,405,0,200,8,200,74,3117.7,316,5.927538956,332.9104741,1.550211828,0.324870807,0.7547905764,4.760788562,0.1735873465
lp_nl,406,0,200,8,200,19,3755.1,149,5.881051009,132.0018056,3.143806735,0.5118762862,0.6614297804,3.316859124,0.2316499036
lp_nl,407,0,200,8,200,15,3876.1,410,2.834459346,64.1206327,0.7471305349,0.353973975,0.7385666331,3.279230837,0.2336868559
lp_nl,408,0,200,8,200,29,3621.5,437,2.573759312,29.40321794,0.6976797159,0.4746467368,0.6781285138,3.081341851,0.2450174566
lp_nl,409,0,200,8,200,39,3548.5,443,3.731483062,114.3325405,0.6383636946,0.3489767934,0.7413025968,4.670328026,0.1763566403
lp_nl,410,0,200,8,200,42,3685.3,717,1.430847875,4.857842582,0.3899007349,0.6491898845,0.6063583153,2.291481925,0.3038145196
lp_nl,411,0,200,8,200,24,3784.6,323,296.8239852,365076.2002,1.617827715,0.4912552796,0.6705759997,233.3634605,0.004266876748
lp_nl,412,0,200,8,200,8,3934.9,655,7.701583641,491.3582728,0.7873727669,0.347440867,0.7421475959,8.679402752,0.1033121594
lp_nl,413,0,200,8,200,13,3914.5,437,1.648889483,9.934828826,0.5509089365,0.5231320807,0.6565418802,2.221527222,0.3104117802
lp_nl,414,0,200,8,200,35,3615.2,149,8.226637453,526.6640376,3.812010943,0.3584722372,0.7361210429,4.213522226,0.1918089071
lp_nl,415,0,200,8,200,10,3880.4,11,5.314642459,201.6927124,0.8394995638,0.3742216847,0.7276846313,5.80047842,0.1470484778
lp_nl,416,0,200,8,200,16,3849.7,410,4.193946975,85.44537741,1.304346964,0.453710311,0.6878949626,3.672200365,0.2140319169
lp_nl,417,0,200,8,200,14,3884.0,191,3.383830329,58.59114279,1.273362937,0.4420715785,0.6934468545,2.998696248,0.2500815111
lp_nl,418,0,200,8,200,24,3757.4,293,5.338608576,204.7787481,1.225978837,0.3730659719,0.7282971252,4.821549092,0.1717755848
lp_nl,419,0,200,8,200,19,3817.5,761,6.011102968,359.0698007,1.011736774,0.3172230431,0.7591728715,5.976134998,0.1433458499
lp_nl,420,0,200,8,200,8,3928.4,604,4.314203937,168.3268565,1.640621211,0.3325247413,0.750455109,3.368189438,0.2289278004
lp_nl,421,0,200,8,200,13,3823.9,712,3.713650452,74.20148091,1.943318772,0.4311165913,0.6987550882,2.663967979,0.2729281494
lp_nl,422,0,200,8,200,78,3145.9,717,1.616796892,7.808431029,0.3648082241,0.5785935346,0.6334752918,2.676844574,0.2719723338
lp_nl,423,0,200,8,200,24,3725.3,437,1.62379786,10.71381564,0.7207706229,0.4960893232,0.6684092885,1.912640845,0.3433310364
lp_nl,424,0,200,8,200,25,3716.4,717,1.848255269,8.993311702,0.4803020343,0.6163141374,0.6186916125,2.666887771,0.272710828
lp_nl,425,0,200,8,200,13,3850.0,754,8.537979272,608.3956659,0.6370166721,0.3461481703,0.742860275,10.69743599,0.08548881998
lp_nl,426,0,200,8,200,58,3345.6,437,1.718665068,6.259530166,0.3759079298,0.6869424926,0.5927884349,2.803176905,0.2629380713
lp_nl,427,0,200,8,200,25,3759.1,191,4.19028433,231.9313042,1.418535102,0.2751463828,0.7842236887,3.518223696,0.2213259164
lp_nl,428,0,200,8,200,23,3746.5,437,1.624973304,11.50734689,0.47309796,0.4790254946,0.6761208672,2.362493884,0.2973983105
lp_nl,429,0,200,8,200,14,3859.2,717,1.740751138,7.73452696,0.4882563821,0.6259214127,0.6150358758,2.49122368,0.286432521
lp_nl,430,0,200,8,200,35,3615.5,249,2.816231095,30.46462292,0.767331318,0.5102351643,0.662148534,3.21496928,0.2372496532
lp_nl,431,0,200,8,200,10,3905.7,510,2.489397277,25.37503978,1.397279994,0.4941864624,0.6692605141,2.105971501,0.3219604558
lp_nl,432,0,200,8,200,9,3890.7,320,2.68261236,33.26101786,0.478259933,0.4651469242,0.6825254065,3.879054862,0.2049577282
lp_nl,433,0,200,8,200,1,3971.8,410,3.339872817,67.98860447,0.7695798318,0.4050530117,0.7117169186,3.807177194,0.2080222883
lp_nl,434,0,200,8,200,31,3675.9,832,4.850687538,149.1909592,0.7500124217,0.3971294067,0.7157533119,5.601045129,0.1514911625
lp_nl,435,0,200,8,200,44,3588.5,437,1.387865303,7.828773587,0.379407428,0.4960214434,0.6684396165,2.253172302,0.3073922643
lp_nl,436,0,200,8,200,1,3992.1,410,2.06234829,23.9864238,0.8647546419,0.4210941999,0.7036831197,2.217765177,0.3107746977
lp_nl,437,0,200,8,200,46,3493.4,437,1.387429038,4.09086302,0.2945547786,0.6859671381,0.5931313709,2.556393728,0.2811837149
lp_nl,438,0,200,8,200,16,3834.9,664,3.005346352,27.48373766,0.6589085771,0.5732665908,0.6356201841,3.702388166,0.2126579016
lp_nl,439,0,200,8,200,39,3606.3,437,2.050870609,19.76399062,0.4268850588,0.4613185749,0.6843134804,3.138938335,0.2416078518
lp_nl,440,0,200,8,200,6,3958.0,410,1.898717859,14.82615033,1.127244144,0.4931127543,0.6697417842,1.788345562,0.3586356058
lp_nl,441,0,200,8,200,19,3832.1,615,2.464829696,32.10005596,0.3637506575,0.435044841,0.6968423365,4.086815428,0.1965866492
lp_nl,442,0,200,8,200,52,3399.1,437,1.867488519,20.52989272,0.7627975345,0.4121588224,0.708135646,2.138224494,0.3186515184
lp_nl,443,0,200,8,200,54,3430.1,437,2.414674648,15.56601296,0.8043368202,0.6120260795,0.6203373585,2.692400407,0.2708265328
lp_nl,444,0,200,8,200,5,3946.3,437,1.604259042,11.07488216,0.5665689164,0.482064265,0.6747345737,2.131317366,0.3193544068
lp_nl,445,0,200,8,200,19,3828.8,538,2.456086205,32.90942393,1.022422569,0.4281376942,0.7002125944,2.429004906,0.2916297956
lp_nl,446,0,200,8,200,38,3618.4,942,40.63667298,8040.336845,0.4215112955,0.4531907346,0.6881409138,62.59123711,0.01572543711
lp_nl,447,0,200,8,200,26,3824.3,553,3.263507156,74.25884549,1.252953096,0.3787132263,0.7253139963,2.915527637,0.2553934214
lp_nl,448,0,200,8,200,7,3960.6,139,3.602568357,81.69540836,2.709692842,0.3985780757,0.7150119234,2.188528457,0.3136242983
lp_nl,449,0,200,8,200,6,3941.5,554,6.6589492,284.0155929,2.442573261,0.3951250917,0.7167816033,4.260709284,0.190088436
lp_nl,450,0,200,8,200,33,3737.9,832,1.808888489,15.21733385,0.5077985109,0.4637057816,0.6831974107,2.538435213,0.2826107982
lp_nl,451,0,200,8,200,5,3953.6,32,3.094872684,54.11780414,0.7900744209,0.4207001865,0.7038782774,3.481839815,0.2231226553
lp_nl,452,0,200,8,200,24,3721.1,117,3.461584532,85.40363616,1.726715933,0.3745732513,0.7274985157,2.63429552,0.2751564903
lp_nl,453,0,200,8,200,30,3689.6,717,1.854848246,30.47487148,0.5782811311,0.3359985803,0.7485037894,2.439152044,0.2907693487
lp_nl,454,0,200,8,200,27,3775.5,822,4.871482323,96.86715467,0.480862481,0.4949631414,0.6689128128,7.025070462,0.1246094978
lp_nl,455,0,200,8,200,41,3504.7,664,6.281683859,401.4050447,1.131108243,0.313534014,0.7613049904,5.906415459,0.1447929112
lp_nl,456,0,200,8,200,19,3796.3,101,4.061094154,216.7806278,1.145446364,0.2758244899,0.7838068699,3.794509806,0.2085718959
lp_nl,457,0,200,8,200,35,3600.3,437,1.317283511,7.125927201,0.3178936978,0.4934675112,0.6695826943,2.336352115,0.2997285555
lp_nl,458,0,200,8,200,28,3671.9,410,2.112436419,17.34881693,0.6965577468,0.5071643453,0.6634976492,2.5310754,0.2831998433
lp_nl,459,0,200,8,200,5,3946.2,191,1.862586387,19.62347961,1.271468723,0.4204636106,0.7039955072,1.651823285,0.3770990344
lp_nl,460,0,200,8,200,15,3883.5,717,2.136022637,13.34862225,0.6405144085,0.5846387933,0.6310586389,2.668955907,0.2725571049
lp_nl,461,0,200,8,200,62,3431.4,98,9.804088007,417.3615879,1.981461177,0.4799002355,0.675721225,6.964892494,0.1255509727
lp_nl,462,0,200,8,200,51,3513.0,717,2.858396376,54.96237468,0.9359719899,0.3855579908,0.7217308887,2.95454784,0.2528734107
lp_nl,463,0,200,8,200,20,3865.9,347,2.750497379,60.43470115,0.8037376565,0.3538083238,0.7386570037,3.067990972,0.2458215878
lp_nl,464,0,200,8,200,49,3465.4,437,2.259778425,20.11358774,1.019673809,0.5038729982,0.6649497672,2.237871914,0.3088448297
lp_nl,465,0,200,8,200,38,3732.3,717,1.940089368,26.39652116,0.7735804953,0.3776142619,0.7258926012,2.205814464,0.3119332111
lp_nl,466,0,200,8,200,12,3897.5,717,1.70228964,11.15422755,0.5678224932,0.5096989114,0.6623837326,2.259056848,0.3068372374
lp_nl,467,0,200,8,200,22,3729.3,191,2.185187446,29.26443486,1.310348616,0.4039416415,0.7122803188,1.908953149,0.3437662791
lp_nl,468,0,200,8,200,1,3991.1,673,4.081827412,155.0342764,3.068229227,0.3278240223,0.7531118456,2.330294105,0.3002737801
lp_nl,469,0,200,8,200,35,3650.1,717,1.476969017,13.42980225,0.4780903734,0.403029259,0.7127435109,2.136074451,0.3188699808
lp_nl,470,0,200,8,200,28,3673.2,320,2.191722887,50.26825202,0.6352154225,0.3091282896,0.763867077,2.749952079,0.2666700744
lp_nl,471,0,200,8,200,1,3988.5,510,3.960351384,79.15384624,2.443933325,0.4451411148,0.6919739462,2.533314121,0.2830204068
lp_nl,472,0,200,8,200,18,3775.7,803,3.702674842,98.63524688,0.5255510626,0.372820262,0.7284274771,5.10749695,0.1637331968
lp_nl,473,0,200,8,200,16,3846.6,772,2.890762433,65.04194549,2.706910238,0.3584393166,0.7361388821,1.757015023,0.3627111175
lp_nl,474,0,200,8,200,9,3936.7,191,2.188676158,36.01086796,0.5599171629,0.3647243109,0.7327487259,2.924957883,0.2547798039
lp_nl,475,0,200,8,200,2,3977.3,556,4.397104928,162.1879799,0.8168529661,0.3452689285,0.7433457941,4.865134869,0.1704990631
lp_nl,476,0,200,8,200,10,3897.6,717,2.067543096,35.93912595,1.035580259,0.344882228,0.743559532,2.031714543,0.3298463579
lp_nl,477,0,200,8,200,16,3779.1,437,1.722183529,11.13276315,0.505191271,0.5161523946,0.6595643047,2.42298939,0.292142302
lp_nl,478,0,200,8,200,27,3708.1,437,1.809468194,8.093436042,0.5146179864,0.6360400809,0.611231969,2.522368145,0.2838999102
lp_nl,479,0,200,8,200,3,3986.2,717,2.294987465,17.71547009,0.4723281031,0.5452604244,0.6471401093,3.339322968,0.2304506964
lp_nl,480,0,200,8,200,38,3667.9,931,1.850093418,13.68062805,0.5205486487,0.5001964906,0.666579349,2.564265541,0.2805627102
lp_nl,481,0,200,8,200,25,3760.8,142,2.903389061,12.94848307,0.359841573,0.806855548,0.5534476738,4.840046878,0.1712315022
lp_nl,482,0,200,8,200,44,3534.0,437,2.198269214,19.64317053,0.6058185617,0.4959924713,0.6684525619,2.824291962,0.2614863117
lp_nl,483,0,200,8,200,7,3956.5,410,2.916651652,68.19440978,1.445502096,0.3531914447,0.7389937351,2.425912876,0.2918930037
lp_nl,484,0,200,8,200,36,3604.3,822,6.373178206,181.5505128,1.261204455,0.4729958413,0.6788885426,5.674966658,0.1498134824
lp_nl,485,0,200,8,200,14,3852.5,691,4.485318875,114.1032241,0.7532672768,0.4198985412,0.7042756725,5.167955592,0.1621282749
lp_nl,486,0,200,8,200,21,3801.7,155,15.45821971,1167.950016,1.831715167,0.4523216207,0.6885527185,11.42169358,0.08050432038
lp_nl,487,0,200,8,200,25,3773.4,293,8.000311845,435.3094892,0.8288386927,0.3834492111,0.7228310169,8.787632922,0.1021697491
lp_nl,488,0,200,8,200,15,3866.5,488,8.346692375,240.4430216,1.527279948,0.5382800932,0.6500766696,6.753907099,0.1289672403
lp_nl,489,0,200,8,200,11,3904.9,410,1.833007177,34.57032425,0.7578187797,0.3117542903,0.7623378916,2.105627208,0.3219961486
lp_nl,490,0,200,8,200,11,3926.2,239,5.017392208,165.3786993,0.8905387688,0.3901559775,0.71934374,5.316816058,0.1583076016
lp_nl,491,0,200,8,200,28,3759.5,754,6.777457862,244.1242591,0.7991148608,0.4337718423,0.6974610398,7.581623653,0.1165280651
lp_nl,492,0,200,8,200,22,3810.9,664,3.532709354,101.830948,0.6315572199,0.350080576,0.7406965316,4.445304919,0.183644445
lp_nl,493,0,200,8,200,46,3550.2,717,3.702443997,77.20572373,0.8536998739,0.4213701326,0.7035465126,4.007152674,0.1997143018
lp_nl,494,0,200,8,200,39,3567.1,437,1.692069538,11.2740971,0.3716687796,0.5039382477,0.6649209178,2.775493191,0.2648660584
lp_nl,495,0,200,8,200,43,3467.2,948,3.726684082,64.14831957,0.5558157588,0.4652966613,0.6824556599,4.998700889,0.1667027609
lp_nl,496,0,200,8,200,15,3864.7,139,5.100295706,192.302615,1.152693934,0.367792409,0.7311050956,4.750489391,0.1738982427
lp_nl,497,0,200,8,200,35,3662.3,397,2.887698645,27.6870228,0.5674801037,0.5487995416,0.6456613481,3.833333013,0.2068965654
lp_nl,498,0,200,8,200,32,3759.4,437,2.285011935,16.41993509,0.5437032782,0.5639008573,0.6394267228,3.098899537,0.2439679214
lp_nl,499,0,200,8,200,14,3873.2,633,3.196422022,62.29835415,0.8455475824,0.4049727745,0.7117575644,3.476122622,0.2234076419
lp_nl,500,0,200,8,200,34,3404.0,717,1.809512612,16.15271453,0.3934559892,0.4502345881,0.6895436147,2.884785551,0.2574144665
lp_nl,501,0,200,8,200,47,3552.1,410,1.958185503,19.46654038,0.5756791118,0.4438226309,0.6926058496,2.58085494,0.2792629181
lp_nl,502,0,200,8,200,34,3606.3,717,2.485693236,23.3131187,0.4094135321,0.5148104371,0.6601486071,3.884780043,0.2047175085
lp_nl,503,0,200,8,200,75,3180.1,437,2.019765804,12.72438206,0.379903452,0.5662166875,0.6384812574,3.276909105,0.2338137134
lp_nl,504,0,200,8,200,11,3927.7,139,3.384340515,73.95875289,1.519398331,0.3935312847,0.7176013994,2.745606097,0.2669794885
lp_nl,505,0,200,8,200,18,3783.1,443,2.908125379,43.13844669,1.082001576,0.4427727399,0.6931098519,2.795755447,0.2634521675
lp_nl,506,0,200,8,200,15,3834.1,241,2.894625766,66.99065437,0.6848433647,0.3536594878,0.7387382196,3.49781469,0.2223301912
lp_nl,507,0,200,8,200,27,3639.8,615,2.835822887,43.47726373,0.5560196028,0.4300787665,0.6992621829,3.803067657,0.2082002735
lp_nl,508,0,200,8,200,34,3591.3,627,5.130704919,317.6719274,3.744941482,0.2878641744,0.7764793989,2.651273433,0.273877051
lp_nl,509,0,200,8,200,11,3843.4,437,2.355827232,18.60666142,0.6504366079,0.5461465696,0.646769213,2.921063174,0.2550328714
lp_nl,510,0,200,8,200,12,3940.6,191,1.583193097,8.270944378,0.5571246253,0.5504987504,0.6449537607,2.121083229,0.3204015807
lp_nl,511,0,200,8,200,1,3997.0,11,11.01012372,4851.012115,8.135208082,0.1580796696,0.8634984503,3.860182755,0.2057535797
lp_nl,512,0,200,8,200,11,3880.9,948,2.714047082,32.95525064,1.477998729,0.4727756145,0.678990058,2.232442835,0.3093635529
lp_nl,513,0,200,8,200,33,3635.8,437,1.66244989,19.47497258,0.3292914326,0.3767125911,0.7263680208,2.897065723,0.2566033193
lp_nl,514,0,200,8,200,2,3979.8,717,1.725417474,18.15316714,0.6417481864,0.4049654652,0.7117612673,2.153832208,0.3170745728
lp_nl,515,0,200,8,200,32,3635.8,249,2.78397975,51.52829852,1.177852064,0.3878315812,0.7205485259,2.565196853,0.2804894207
lp_nl,516,0,200,8,200,40,3650.9,717,1.54459188,12.28406284,0.4320670179,0.4406996775,0.6941071867,2.349839445,0.2985217699
lp_nl,517,0,200,8,200,25,3728.1,382,5.46909765,275.597045,1.92506174,0.3294415703,0.7521955251,3.941788757,0.2023558774
lp_nl,518,0,200,8,200,30,3568.3,832,1.956279327,21.11395394,0.5243251732,0.4257415928,0.7013893717,2.701658869,0.2701491508
lp_nl,519,0,200,8,200,24,3771.2,437,1.406081561,5.700203406,0.3460405494,0.5889322492,0.6293534545,2.390270307,0.2949617315
lp_nl,520,0,200,8,200,38,3300.7,437,1.891955081,20.08172147,0.3360946026,0.422192342,0.7031397726,3.263473211,0.2345505531
lp_nl,521,0,200,8,200,53,3488.8,66,3.808985451,156.6205889,2.304994267,0.3043581163,0.7666606184,2.508848225,0.2849938031
lp_nl,522,0,200,8,200,38,3631.4,78,3.185341216,42.62127553,0.3800140418,0.4879133933,0.6720821282,5.16721032,0.1621478672
lp_nl,523,0,200,8,200,6,3972.8,410,1.925489209,15.14524491,0.6019764074,0.4947695216,0.6689994581,2.481711846,0.287215038
lp_nl,524,0,200,8,200,33,3665.7,437,2.079623842,39.96295857,0.6034758457,0.328969755,0.752462572,2.677039885,0.2719578877
lp_nl,525,0,200,8,200,8,3931.7,437,1.992271186,14.3408993,0.859461458,0.5260902592,0.6552692372,2.148994237,0.3175617116
lp_nl,526,0,200,8,200,59,3349.1,437,1.535825567,5.903414432,0.4668225539,0.6321065007,0.6127051143,2.247843016,0.3078966548
lp_nl,527,0,200,8,200,43,3529.2,437,1.728311413,7.832861817,0.4682682253,0.6175352676,0.618224542,2.525658645,0.2836349462
lp_nl,528,0,200,8,200,11,3867.1,249,5.208054076,323.5333073,1.328035277,0.2895449444,0.7754673495,4.519294875,0.1811825646
lp_nl,529,0,200,8,200,85,2965.9,897,2.407868494,19.98583194,0.6116826859,0.5386065724,0.6499387289,3.078716295,0.2451751795
lp_nl,530,0,200,8,200,3,3969.7,66,4.073191919,69.92536059,0.7115054769,0.487099312,0.6724500455,4.828872624,0.171559762
lp_nl,531,0,200,8,200,16,3806.7,437,1.743846647,18.0002444,0.6603786071,0.4110258061,0.7087042602,2.145911429,0.3178729035
lp_nl,532,0,200,8,200,5,3966.5,505,9.018297207,539.503833,1.650878616,0.388264136,0.7203240177,7.018866349,0.1247059069
lp_nl,533,0,200,8,200,14,3880.6,191,1.790076033,8.497365509,0.6374026928,0.6140861863,0.6195456033,2.242149315,0.3084373675
lp_nl,534,0,200,8,200,18,3765.8,191,1.506392577,6.856319415,0.6165715495,0.575297711,0.6348006431,1.918432072,0.3426497431
lp_nl,535,0,200,8,200,35,3605.9,155,7.518468354,935.7528039,1.996506223,0.2457812833,0.8027091219,5.321009594,0.1582025759
lp_nl,536,0,200,8,200,15,3871.2,410,1.816956371,22.51346759,0.9767828853,0.382933449,0.7231005951,1.838423142,0.3523082887
lp_nl,537,0,200,8,200,17,3805.1,692,4.147608312,98.55923582,1.452691104,0.4177813726,0.7053273652,3.441209378,0.2251638946
lp_nl,538,0,200,8,200,23,3826.0,717,1.530446422,7.144579605,0.5552649037,0.5725715839,0.6359011,2.053846671,0.327455864
lp_nl,539,0,200,8,200,12,3881.6,598,4.601597744,149.499856,1.983966615,0.3763468317,0.7265610506,3.266942356,0.2343598569
lp_nl,540,0,200,8,200,36,3702.1,437,2.134403157,22.83915647,0.8441301369,0.446618208,0.6912673949,2.323120578,0.3009219727
lp_nl,541,0,200,8,200,43,3567.4,717,2.880018836,36.98537478,0.755618745,0.473565784,0.6786259636,3.313171879,0.2318479365
lp_nl,542,0,200,8,200,38,3562.5,410,1.739280545,22.13693395,0.6424260817,0.3696671885,0.7301043702,2.169991621,0.3154582471
lp_nl,543,0,200,8,200,20,3791.8,410,3.483496557,49.98686018,0.7208736824,0.4927055524,0.669924486,4.10285152,0.195968861
lp_nl,544,0,200,8,200,53,3377.3,437,2.223915346,21.15453038,0.6306315521,0.4835223544,0.6740714065,2.800466641,0.2631255828
lp_nl,545,0,200,8,200,58,3318.1,437,2.15954305,37.32647976,0.7902931334,0.3534706424,0.7388412934,2.429225111,0.2916110689
lp_nl,546,0,200,8,200,2,3959.3,139,4.101788078,75.17429632,1.755763838,0.4730842969,0.6788477768,3.095566717,0.2441664534
lp_nl,547,0,200,8,200,11,3845.7,615,2.274201784,55.24041886,0.8356262238,0.3059852659,0.7657054227,2.487842975,0.286710155
lp_nl,548,0,200,8,200,68,3287.0,656,9.426573946,1684.540358,6.834539626,0.2296747057,0.8132232007,3.605780168,0.2171184823
lp_nl,549,0,200,8,200,52,3417.7,389,75.85567032,38858.51697,2.956612937,0.3848087508,0.7221213756,44.1154602,0.02216535076
lp_nl,550,0,200,8,200,14,3893.6,348,6.484132986,445.0603423,5.083443035,0.3073565443,0.7649022789,2.875894385,0.2580049663
lp_nl,551,0,200,8,200,29,3619.5,556,4.000971091,131.4073935,0.6650654103,0.3490241779,0.7412765585,4.906064266,0.1693174938
lp_nl,552,0,200,8,200,56,3426.1,356,1.923767931,7.81523614,0.4578552004,0.6881476456,0.5923652487,2.84307689,0.2602081688
lp_nl,553,0,200,8,200,11,3914.1,437,1.800823673,14.32487672,0.74643079,0.4758014318,0.6775979332,2.084377701,0.3242145084
lp_nl,554,0,200,8,200,20,3864.1,191,1.53032261,9.456285772,0.5303773146,0.4976485016,0.667713418,2.101311923,0.3224441864
lp_nl,555,0,200,8,200,20,3817.9,437,2.247394591,25.47795157,1.232377911,0.4452429765,0.6919251754,2.024451509,0.3306384636
lp_nl,556,0,200,8,200,31,3678.0,615,2.427892095,19.99591283,0.5030388165,0.5429486576,0.6481097055,3.423171297,0.2260821327
lp_nl,557,0,200,8,200,10,3897.9,183,4.933670196,151.2524504,0.7745064926,0.4011611845,0.7136937642,5.606057956,0.1513762075
lp_nl,558,0,200,8,200,13,3931.1,718,14.30222297,1161.092576,5.384401625,0.4197301053,0.7043592273,6.163605315,0.1395945137
lp_nl,559,0,200,8,200,4,3884.8,410,3.29467041,100.6666944,1.272687785,0.3283742331,0.7527999077,2.920458488,0.2550722073
lp_nl,560,0,200,8,200,7,3918.0,538,5.701474768,286.4060423,2.114371823,0.3368962049,0.7480012258,3.920997139,0.2032108477
lp_nl,561,0,200,8,200,81,3051.2,410,2.033725149,22.96854387,0.5995600575,0.4243512908,0.7020739943,2.626490975,0.2757486526
lp_nl,562,0,200,8,200,25,3817.8,9,25.9253251,9935.645813,7.24622977,0.2600915007,0.7935931633,9.630928543,0.09406516053
lp_nl,563,0,200,8,200,33,3720.1,664,4.683258613,160.9367464,1.835437456,0.3691650106,0.7303721555,3.456832572,0.2243745943
lp_nl,564,0,200,8,200,41,3552.4,692,2.158029724,34.90368062,0.6614226706,0.3652765642,0.7324523296,2.653492619,0.2737106939
lp_nl,565,0,200,8,200,14,3841.6,615,2.922216575,66.18337644,1.329480926,0.3592013333,0.7357261765,2.534377734,0.2829352365
lp_nl,566,0,200,8,200,14,3870.4,410,2.539181705,25.19919207,0.9877872409,0.5058252116,0.6640876991,2.554830394,0.2813073731
lp_nl,567,0,200,8,200,34,3551.9,133,9.138423484,529.6829237,3.407147731,0.3970665421,0.715785519,4.950804734,0.168044499
lp_nl,568,0,200,8,200,4,3959.1,78,2.929083044,33.64956869,0.3580440624,0.5049425091,0.6644772102,4.895121174,0.1696317973
lp_nl,569,0,200,8,200,26,3744.8,664,3.315640269,81.79037884,0.8674420617,0.3666201204,0.7317322386,3.559976795,0.2192993616
lp_nl,570,0,200,8,200,18,3807.8,142,2.295102325,16.76663737,0.5269115419,0.5605044529,0.6408184213,3.161791277,0.2402811514
lp_nl,571,0,200,8,200,21,3802.2,437,2.523838644,26.16983241,0.6966177643,0.4933567961,0.6696323361,3.023878334,0.2485164603
lp_nl,572,0,200,8,200,23,3759.2,695,14.68857862,689.4280189,0.9633280599,0.5594165459,0.6412654801,14.96554947,0.06263486277
lp_nl,573,0,200,8,200,6,3936.1,772,4.573718693,194.9751715,3.158959903,0.3275516521,0.7532663595,2.573341317,0.279850121
lp_nl,574,0,200,8,200,41,3591.6,410,1.595186992,12.97409248,0.784384707,0.4428667804,0.6930646776,1.801138214,0.3569977357
lp_nl,575,0,200,8,200,25,3723.2,320,2.03547467,21.79525331,1.007377901,0.4359982457,0.6963796808,2.0280072,0.3302502055
lp_nl,576,0,200,8,200,35,3679.8,633,3.662153856,38.36293216,0.4484465632,0.5912629818,0.6284316367,5.468663942,0.1545914286
lp_nl,577,0,200,8,200,60,3362.4,437,2.023142288,10.98428162,0.4624011431,0.6104366472,0.620949605,2.97520557,0.2515593175
lp_nl,578,0,200,8,200,42,3560.6,717,3.559294597,95.41723032,1.275657645,0.3643766446,0.7329354427,3.151351649,0.2408853994
lp_nl,579,0,200,8,200,9,3917.8,907,9.215164094,402.7222291,1.000670012,0.4591983005,0.6853078157,9.212078511,0.09792325812
lp_nl,580,0,200,8,200,18,3792.8,191,5.741561423,206.7658303,1.064284439,0.3992920197,0.7146471115,5.565461197,0.1523122245
lp_nl,581,0,200,8,200,10,3914.3,832,2.694361623,44.48859336,0.5545194858,0.4039536594,0.7122742216,3.618240896,0.2165326631
lp_nl,582,0,200,8,200,9,3911.0,402,10.28108049,598.3872547,1.312317182,0.4202885822,0.7040822637,8.974687838,0.1002537639
lp_nl,583,0,200,8,200,28,3766.5,745,9.684582238,328.7906345,1.239837278,0.5340982712,0.6518487236,8.697582288,0.1031184856
lp_nl,584,0,200,8,200,26,3753.3,192,6.186476135,313.9771501,0.95448229,0.3491357495,0.741215256,6.332269712,0.1363834173
lp_nl,585,0,200,8,200,20,3863.4,106,4.742057759,102.1078129,0.6991283844,0.4692857344,0.6806028103,5.6713751,0.149894135
lp_nl,586,0,200,8,200,27,3684.7,717,2.280991944,26.15340199,0.9556773076,0.4460254673,0.6915507525,2.333286748,0.3000041927
lp_nl,587,0,200,8,200,11,3883.5,777,3.466832273,63.93997424,0.6913353063,0.4335573991,0.6975653717,4.169543052,0.1934406949
lp_nl,588,0,200,8,200,26,3699.0,249,3.906261615,90.87878468,1.053824549,0.4097604808,0.709340355,3.805197216,0.2081080037
lp_nl,589,0,200,8,200,7,3947.6,692,4.545754015,137.8171889,0.8329927493,0.3872168408,0.7208678345,4.98064193,0.1672061313
lp_nl,590,0,200,8,200,26,3701.7,822,4.443461068,133.0433799,1.025924318,0.3852341194,0.7218996313,4.386960431,0.1856334408
lp_nl,591,0,200,8,200,40,3611.2,616,12.25414229,3680.277777,2.195983074,0.2019959301,0.8319495723,8.269293846,0.1078830833
lp_nl,592,0,200,8,200,35,3553.7,692,2.882963517,31.50783902,0.416255488,0.5136057032,0.6606740434,4.468473229,0.1828663976
lp_nl,593,0,200,8,200,71,3161.8,717,1.694411346,6.129294784,0.3921679008,0.6844056662,0.5936812135,2.705719858,0.2698531023
lp_nl,594,0,200,8,200,12,3884.7,142,1.860800964,20.86711312,0.5181342395,0.4073509535,0.7105548176,2.585108503,0.2789315858
lp_nl,595,0,200,8,200,11,3904.8,191,2.601381092,58.85235548,0.5219253443,0.3390955219,0.7467727161,3.600806518,0.2173531958
lp_nl,596,0,200,8,200,11,3919.8,410,2.315359627,12.7902405,0.352919568,0.6474095491,0.6070135993,3.897450308,0.2041878808
lp_nl,597,0,200,8,200,27,3703.0,285,2.765788948,19.46060183,0.746165682,0.6269615442,0.6146426777,3.20185309,0.237990234
lp_nl,598,0,200,8,200,34,3647.3,191,1.467391935,8.023594338,0.6177363369,0.5180380336,0.6587450234,1.867001013,0.3487965283
lp_nl,599,0,200,8,200,51,3424.3,78,2.720087333,25.71597693,0.4621535344,0.5363908172,0.6508760589,4.001194919,0.1999522147
lp_nl,600,0,200,8,200,32,3697.5,410,2.310978551,28.6299608,0.622519501,0.4319023211,0.6983716594,2.929000423,0.2545176616
lp_nl,601,0,200,8,200,15,3885.8,285,3.697100292,58.05545668,0.9652531093,0.4852211347,0.6733004107,3.763055532,0.2099492633
lp_nl,602,0,200,8,200,23,3772.1,249,5.359367278,190.2565274,1.049554,0.3885471587,0.7201771965,5.231318067,0.1604796913
lp_nl,603,0,200,8,200,40,3567.3,556,2.865656617,88.09931509,0.7069350381,0.3053077881,0.7661028373,3.408273166,0.2268461963
lp_nl,604,0,200,8,200,25,3767.2,717,1.729071555,12.43438608,0.4634249414,0.4903439174,0.6709860646,2.53993887,0.2824907538
lp_nl,605,0,200,8,200,18,3851.4,576,4.19230613,150.0099523,0.8688516741,0.3422890071,0.7449960438,4.497593152,0.1818977819
lp_nl,606,0,200,8,200,13,3763.5,437,3.221007324,63.82649419,0.8076496004,0.4031727928,0.7126706027,3.584100847,0.2181452881
lp_nl,607,0,200,8,200,4,3974.0,636,10.13169766,538.3716697,5.35981899,0.4366576995,0.696060029,4.376300749,0.1860014993
lp_nl,608,0,200,8,200,33,3695.7,192,6.50293265,367.6876536,1.645291074,0.3391327508,0.7467519553,5.069765659,0.1647510063
lp_nl,609,0,200,8,200,6,3961.1,931,6.596806142,301.6541626,1.21830762,0.3798210766,0.724731646,5.976614464,0.1433359984
lp_nl,610,0,200,8,200,26,3729.3,556,3.815107686,285.705463,0.6642263329,0.2257082994,0.8158548004,4.681109028,0.1760219695
lp_nl,611,0,200,8,200,21,3788.5,692,3.529131547,58.09320367,0.5977542078,0.4630257919,0.6835149493,4.564639939,0.1797061465
lp_nl,612,0,200,8,200,18,3843.3,554,6.009166303,330.4523237,4.276717147,0.3305672449,0.7515591593,2.905754769,0.2560324596
lp_nl,613,0,200,8,200,10,3897.2,410,4.097834951,116.6569243,4.170353776,0.3794016378,0.7249520173,2.006633291,0.332597927
lp_nl,614,0,200,8,200,38,3622.6,692,2.96240088,54.22134826,0.7509486114,0.4023080029,0.7131100999,3.418524673,0.2263198859
lp_nl,615,0,200,8,200,37,3644.6,832,1.794397563,10.27524306,0.5427983731,0.5597867554,0.6411132782,2.435563192,0.2910730917
lp_nl,616,0,200,8,200,10,3892.4,410,2.918249674,63.95128794,1.114765161,0.3649201108,0.732643612,2.763953625,0.2656780874
lp_nl,617,0,200,8,200,9,3932.4,31,2.898564567,40.89033833,1.642448434,0.4532863352,0.6880956463,2.261710984,0.3065875563
lp_nl,618,0,200,8,200,12,3892.0,437,3.32176984,184.1981791,2.13220823,0.2447523505,0.8033726545,2.274860291,0.3053565377
lp_nl,619,0,200,8,200,8,3935.0,410,2.47294153,41.93762718,1.707253565,0.3818668166,0.7236587405,1.89262614,0.3457066181
lp_nl,620,0,200,8,200,24,3729.9,717,2.371891595,21.95163497,0.5858688635,0.5062457613,0.6639022832,3.098807706,0.2439733873
lp_nl,621,0,200,8,200,8,3900.8,211,6.192041263,274.4853936,2.622832341,0.3737439939,0.7279376684,3.823389795,0.2073230741
lp_nl,622,0,200,8,200,44,3469.2,437,1.536833679,11.40575306,0.3348137408,0.455056044,0.6872587514,2.655982644,0.2735242744
lp_nl,623,0,200,8,200,57,3352.9,556,3.022780088,89.51171903,0.4766445008,0.3194968671,0.7578646262,4.378337738,0.1859310532
lp_nl,624,0,200,8,200,7,3891.5,191,2.217240495,19.36379548,0.8038863178,0.5038689056,0.6649515767,2.472950841,0.2879395781
lp_nl,625,0,200,8,200,5,3957.3,241,2.392582969,23.23246837,0.7970041852,0.4963857777,0.6682768674,2.680011799,0.2717382592
lp_nl,626,0,200,8,200,21,3790.3,745,8.019694068,1083.818594,7.20988395,0.2436012444,0.8041162748,2.986714182,0.2508331308
lp_nl,627,0,200,8,200,38,3553.3,249,2.564305232,29.41238034,0.5528701096,0.4728295733,0.6789651825,3.448721806,0.2247836668
lp_nl,628,0,200,8,200,22,3803.2,437,1.621334743,9.680748274,0.3216352469,0.5210965831,0.6574204499,2.858846724,0.2591447838
lp_nl,629,0,200,8,200,7,3943.0,437,1.898018104,18.46782115,0.6337203289,0.441664528,0.6936426475,2.384248571,0.2954865693
lp_nl,630,0,200,8,200,57,3392.8,320,2.934497227,52.38289215,0.3914395796,0.4054515519,0.711515099,4.690307705,0.1757374209
lp_nl,631,0,200,8,200,24,3787.2,717,2.665143886,22.60702821,0.5185478984,0.5605300791,0.6408078982,3.701060816,0.2127179458
lp_nl,632,0,200,8,200,76,3105.0,754,5.441515587,221.276716,0.3740097463,0.3658070059,0.7321678653,8.897713502,0.1010334356
lp_nl,633,0,200,8,200,37,3637.0,692,2.526241798,22.62698215,0.7101755299,0.5310820211,0.6531328735,2.997726896,0.2501421498
lp_nl,634,0,200,8,200,13,3860.6,410,1.878445268,10.77431929,0.6377205928,0.5722734857,0.6360216648,2.352249176,0.2983071805
lp_nl,635,0,200,8,200,28,3744.1,832,2.112606007,20.34120981,0.6457297324,0.4684142738,0.6810067281,2.62901533,0.275556841
lp_nl,636,0,200,8,200,27,3741.0,191,4.50764471,128.6119555,1.008154824,0.3974742578,0.7155766873,4.489376839,0.1821700403
lp_nl,637,0,200,8,200,32,3626.7,393,37.8306761,7463.296429,3.647061597,0.4379038437,0.6954567959,19.8094562,0.04805507603
lp_nl,638,0,200,8,200,16,3862.4,615,2.469728007,55.57350536,0.5577745441,0.3312952667,0.7511481675,3.306890251,0.2321860883
lp_nl,639,0,200,8,200,32,3710.1,772,4.228613038,54.54985729,1.167366759,0.5725338058,0.6359163767,3.913760837,0.2035101083
lp_nl,640,0,200,8,200,31,3639.2,66,3.545574971,80.18047146,0.531913525,0.3959609615,0.7163524107,4.861453727,0.1706061408
lp_nl,641,0,200,8,200,17,3904.3,717,2.180784153,32.10821928,1.289911563,0.3848615924,0.7220938218,1.920139204,0.342449428
lp_nl,642,0,200,8,200,18,3810.4,437,1.668584401,7.501477317,0.3923028472,0.6092208791,0.6214187331,2.664019805,0.272924289
lp_nl,643,0,200,8,200,9,3960.7,832,2.168802098,21.13617618,1.061023248,0.4717443577,0.6794658289,2.105510807,0.3220082177
lp_nl,644,0,200,8,200,46,3414.9,664,3.238230916,44.548591,0.6131582649,0.4851665253,0.6733251679,4.13543807,0.1947253548
lp_nl,645,0,200,8,200,8,3928.4,191,2.921371808,50.84870384,1.388559855,0.409682007,0.7093798424,2.479159858,0.2874257122
lp_nl,646,0,200,8,200,1,3988.8,410,2.23514498,24.10965394,1.917412953,0.4552083397,0.6871868259,1.614164791,0.3825313552
lp_nl,647,0,200,8,200,0,4000.0,437,1.945224676,24.08715136,0.8685862129,0.3963483452,0.7161536757,2.087196339,0.3239184976
lp_nl,648,0,200,8,200,32,3675.8,549,159.8015782,134814.922,1.269380244,0.435223244,0.6967557167,141.8355825,0.007001056615
lp_nl,649,0,200,8,200,55,3484.5,320,3.545198796,56.40277668,0.60869682,0.4720525531,0.679323573,4.544018352,0.1803745833
lp_nl,650,0,200,8,200,5,3968.8,191,1.994695403,19.21260928,0.8582899622,0.4550754544,0.6872495835,2.153077042,0.3171505126
lp_nl,651,0,200,8,200,26,3703.3,298,4.67103504,121.7701421,1.448377349,0.4232945908,0.7025952367,3.881255769,0.2048653148
lp_nl,652,0,200,8,200,6,3920.1,717,1.864500855,9.79047117,0.7803665683,0.5958827185,0.6266124624,2.1106356,0.321477707
lp_nl,653,0,200,8,200,12,3879.7,191,2.785048001,35.07196265,0.8943043914,0.4702758204,0.6801444913,2.945031898,0.253483375
lp_nl,654,0,200,8,200,30,3688.1,437,1.843347911,5.852219594,0.3238354835,0.7619860212,0.5675413925,3.239254675,0.2358905224
lp_nl,655,0,200,8,200,7,3932.7,754,6.413341795,191.5235903,0.6100804509,0.4634183737,0.6833315872,8.210901297,0.1085670086
lp_nl,656,0,200,8,200,0,4000.0,249,4.402145467,142.5510524,1.785343949,0.3687051261,0.7306175603,3.29460567,0.2328502491
lp_nl,657,0,200,8,200,13,3870.4,822,6.950676596,541.1927182,4.326311868,0.2987797157,0.7699535094,3.341705477,0.2303242367
lp_nl,658,0,200,8,200,13,3837.3,522,5.109852639,153.9567683,0.5943287235,0.4118214683,0.7083048547,6.628191018,0.1310926795
lp_nl,659,0,200,8,200,46,3620.3,920,3.393244551,57.3582338,0.3761469451,0.4480405023,0.6905884182,5.532690685,0.1530762818
lp_nl,660,0,200,8,200,16,3878.6,437,1.419221753,7.769501878,0.4633454518,0.5091592888,0.6626205779,2.084960382,0.3241532714
lp_nl,661,0,200,8,200,24,3786.7,437,1.438195222,7.989176581,0.4117158496,0.5088231139,0.6627682137,2.241398353,0.3085088258
lp_nl,662,0,200,8,200,29,3709.6,814,5.757759875,229.0387648,1.666310956,0.3804512825,0.7244007903,4.460417632,0.1831361752
lp_nl,663,0,200,8,200,23,3753.7,822,3.540401413,76.77575295,0.6456185953,0.4040549794,0.7122228222,4.406202881,0.1849727104
lp_nl,664,0,200,8,200,16,3823.5,931,1.840220353,12.4398417,0.695666891,0.521749934,0.6571381918,2.206323357,0.3118837025
lp_nl,665,0,200,8,200,20,3752.8,437,1.616301333,7.516749971,0.4305829271,0.5895318576,0.6291160477,2.463167401,0.2887530068
lp_nl,666,0,200,8,200,13,3876.5,410,2.734977327,42.48127127,1.086512833,0.4196188392,0.7044144332,2.623833667,0.2759508553
lp_nl,667,0,200,8,200,56,3335.9,832,2.115755617,29.88026819,0.4476839266,0.3870555123,0.7209516786,3.162130226,0.2402615838
lp_nl,668,0,200,8,200,39,3555.9,615,2.685235785,35.21559527,0.4845804526,0.4524961717,0.6884699729,3.857442673,0.2058696452
lp_nl,669,0,200,8,200,35,3621.7,522,4.317884944,96.31493221,1.1823549,0.4399712052,0.6944583311,3.970974864,0.2011677845
lp_nl,670,0,200,8,200,12,3883.9,870,36.41995475,10400.92639,3.990338559,0.3571111337,0.7368593295,18.23200912,0.05199664755
lp_nl,671,0,200,8,200,43,3569.9,832,2.15417929,39.23082888,0.5744108275,0.3439284514,0.7440872309,2.842304074,0.2602605054
lp_nl,672,0,200,8,200,16,3850.5,191,2.671726706,47.02602348,1.258927206,0.3896035482,0.7196297112,2.381177236,0.2957549783
lp_nl,673,0,200,8,200,1,3995.2,510,2.600922747,17.3958816,1.839440956,0.6235973075,0.6159162715,1.917717039,0.342733715
lp_nl,674,0,200,8,200,91,2941.3,822,4.524395639,191.8033379,1.508696999,0.3266874829,0.7537570173,3.683490565,0.2135159634
lp_nl,675,0,200,8,200,29,3753.6,430,6.024555267,387.2599402,1.362992964,0.3061425574,0.765613213,5.160338441,0.1623287437
lp_nl,676,0,200,8,200,34,3700.1,556,3.367460516,67.05464547,0.5725661646,0.4112331126,0.7086001533,4.450303934,0.1834760065
lp_nl,677,0,200,8,200,17,3827.7,616,6.934691755,492.2432609,1.491921527,0.312562788,0.7618683153,5.677461152,0.1497575167
lp_nl,678,0,200,8,200,11,3898.2,249,2.943466016,66.97989589,1.89314379,0.3596555711,0.7354803829,2.139278002,0.3185445823
lp_nl,679,0,200,8,200,36,3658.7,695,32.89852683,20027.97438,6.632511437,0.2324651942,0.8113819398,12.77430989,0.07259891845
lp_nl,680,0,200,8,200,47,3440.4,554,3.620785267,126.1860939,1.435105455,0.3223272486,0.7562424514,3.022462087,0.2486039591
lp_nl,681,0,200,8,200,32,3793.1,554,4.042110525,220.4069229,1.469930806,0.2722673527,0.7859983186,3.333955037,0.230736127
lp_nl,682,0,200,8,200,12,3883.3,948,3.100691485,71.04456211,0.7255435736,0.3678689525,0.7310641843,3.640213088,0.2155073444
lp_nl,683,0,200,8,200,8,3958.6,410,1.78102919,12.70466879,0.7727301418,0.4996770048,0.666810251,2.026082432,0.3304602642
lp_nl,684,0,200,8,200,3,3957.7,191,1.703285021,11.89784016,0.5382570422,0.4938024747,0.6694325501,2.321627112,0.3010572729
lp_nl,685,0,200,8,200,31,3683.8,437,1.883695625,14.60348896,0.5251445475,0.4929267827,0.6698252129,2.599389132,0.2778249207
lp_nl,686,0,200,8,200,47,3464.1,410,1.939028492,9.442605545,0.8441295496,0.631012942,0.6131159197,2.110472215,0.3214945934
lp_nl,687,0,200,8,200,15,3862.4,546,6.824053263,259.7749081,3.187735704,0.4233931311,0.7025465967,3.822093038,0.2073788274
lp_nl,688,0,200,8,200,34,3695.2,917,2.510664242,27.0521181,0.6779782352,0.4827118939,0.6744398586,3.049163842,0.2469645682
lp_nl,689,0,200,8,200,20,3820.1,410,2.078607909,19.62479586,0.8381237554,0.4692129626,0.6806365214,2.270484285,0.3057651139
lp_nl,690,0,200,8,200,2,3983.0,244,24.33992334,4374.809494,4.855046914,0.367993064,0.7309978583,11.04644388,0.08301204984
lp_nl,691,0,200,8,200,42,3578.3,437,1.431697589,8.597154666,0.2988535953,0.4882856078,0.6719140431,2.618918908,0.276325617
lp_nl,692,0,200,8,200,60,3388.1,615,2.089908813,9.269620314,0.4060402922,0.6864301718,0.5929685182,3.279765337,0.2336576708
lp_nl,693,0,200,8,200,19,3821.1,554,3.382145938,83.07971434,1.296730186,0.371060603,0.7293623621,2.970075798,0.2518843596
lp_nl,694,0,200,8,200,26,3789.9,410,1.935801214,15.76515469,1.006906213,0.4875415567,0.6722501267,1.929151112,0.3413958385
lp_nl,695,0,200,8,200,78,3142.1,576,6.375152651,278.5603494,0.5982129233,0.3819714814,0.7236039335,8.242570925,0.1081950042
lp_nl,696,0,200,8,200,67,3227.5,717,1.638658938,7.431722003,0.4266172171,0.6010960074,0.6245721652,2.5088193,0.2849961524
lp_nl,697,0,200,8,200,7,3954.3,191,2.024167903,15.32324422,1.145011993,0.5170959929,0.6591540711,1.891653187,0.3458229378
lp_nl,698,0,200,8,200,46,3570.2,683,3.898102228,93.60505227,1.128045351,0.4029058556,0.7128062058,3.670201805,0.2141235094
lp_nl,699,0,200,8,200,12,3903.4,197,8.621955133,403.9776359,0.9450325562,0.4289701738,0.6998046693,8.869157627,0.1013257704
lp_nl,700,0,200,8,200,10,3876.3,916,9.769000189,849.8202777,6.091177444,0.3351093714,0.7490023075,3.958216022,0.201685444
lp_nl,701,0,200,8,200,2,3981.9,664,4.053298554,313.9598361,0.7013651239,0.2287555012,0.8138315548,4.83990136,0.1712357689
lp_nl,702,0,200,8,200,14,3805.4,191,1.364562229,6.099542777,0.4902540444,0.5525158042,0.6441158262,1.948869475,0.3391130087
lp_nl,703,0,200,8,200,1,3987.4,191,2.449368809,57.49877362,0.8814721092,0.3230166377,0.7558483934,2.608854722,0.2770962194
lp_nl,704,0,200,8,200,20,3779.6,810,23.53583646,5946.22194,2.981566938,0.3052172536,0.7661559769,13.63036092,0.06835101373
lp_nl,705,0,200,8,200,77,3013.9,692,2.43090404,32.22619147,0.477818288,0.4282164274,0.7001739938,3.516708988,0.2214001395
lp_nl,706,0,200,8,200,12,3917.9,191,2.550846902,56.78074718,1.028064428,0.338519618,0.7470940183,2.515789078,0.2844311697
lp_nl,707,0,200,8,200,33,3509.6,356,1.868140058,16.38325344,0.4550903602,0.4615400133,0.6842097999,2.769240119,0.2653054643
lp_nl,708,0,200,8,200,28,3686.2,437,1.5796791,6.672672669,0.5583928473,0.6115316821,0.6205276701,2.113970629,0.3211334079
lp_nl,709,0,200,8,200,36,3595.2,554,6.719078248,526.0263412,2.910517759,0.2929583983,0.7734200894,3.938443069,0.2024929692
lp_nl,710,0,200,8,200,20,3809.0,717,3.68023369,173.7514503,1.807380889,0.2791972765,0.781740251,2.737477472,0.2675601412
lp_nl,711,0,200,8,200,0,4000.0,191,1.770064838,20.85344828,1.201467829,0.3876146968,0.7206611477,1.614853398,0.3824306176
lp_nl,712,0,200,8,200,28,3775.1,832,1.799887868,13.61238469,0.4005240213,0.487841051,0.6721148064,2.844010305,0.2601449842
lp_nl,713,0,200,8,200,2,3991.8,410,2.260349686,32.7756354,1.492710203,0.3948208432,0.7169379529,1.850068808,0.3508687219
lp_nl,714,0,200,8,200,24,3729.1,974,5.771407326,214.0870868,1.185206479,0.3944450316,0.7171311721,5.30132852,0.1586966934
lp_nl,715,0,200,8,200,49,3398.5,410,1.620660453,10.8113354,0.4937154541,0.4928926754,0.669840516,2.306501142,0.3024344941
lp_nl,716,0,200,8,200,15,3855.2,32,7.26112812,251.1196471,1.181044363,0.458209146,0.6857726841,6.681454176,0.1301836836
lp_nl,717,0,200,8,200,39,3629.4,717,1.232864585,4.248130839,0.3355151268,0.5981587158,0.6257200803,2.12842977,0.3196491766
lp_nl,718,0,200,8,200,34,3631.3,556,6.224802202,149.3962927,2.643197204,0.509278856,0.6625680841,3.828783175,0.2070915102
lp_nl,719,0,200,8,200,67,3121.6,931,2.700533254,55.74161863,1.121431997,0.3617093554,0.7343711021,2.55013433,0.2816794823
lp_nl,720,0,200,8,200,28,3766.2,437,1.40831494,7.536095466,0.4032100099,0.5130108977,0.6609337722,2.217860029,0.3107655371
lp_nl,721,0,200,8,200,9,3946.9,664,5.247702182,232.2803125,2.847283017,0.3443205784,0.743870187,3.109953254,0.2433117698
lp_nl,722,0,200,8,200,49,3484.2,556,5.701233889,209.3735735,1.212563052,0.3940106177,0.7173546509,5.177459289,0.1618788491
lp_nl,723,0,200,8,200,12,3920.3,437,2.489354941,40.72000559,0.6777411695,0.3901062513,0.719369472,3.023812725,0.2485205123
lp_nl,724,0,200,8,200,53,3378.9,320,2.748721722,47.41578187,1.366283652,0.3991804986,0.7147040721,2.351583145,0.2983664605
lp_nl,725,0,200,8,200,8,3927.1,410,2.001111542,16.35396735,0.752108032,0.4948342295,0.6689704987,2.307444073,0.3023482719
lp_nl,726,0,200,8,200,37,3496.7,717,2.821787306,54.83024865,1.08729855,0.3810782549,0.7240719318,2.706137572,0.2698226875
lp_nl,727,0,200,8,200,21,3772.0,437,1.921946079,12.44198448,0.4409086503,0.5448743596,0.64730183,2.894455583,0.2567752998
lp_nl,728,0,200,8,200,34,3614.4,832,1.77717397,34.04625415,0.7447160993,0.304575717,0.7665327409,2.059370903,0.3268645848
lp_nl,729,0,200,8,200,34,3658.5,717,1.905862418,27.65838589,0.7336196227,0.3623916066,0.7340033476,2.225133523,0.310064682
lp_nl,730,0,200,8,200,5,3865.3,191,3.658924915,114.562448,1.310216628,0.341847458,0.7452411927,3.196553253,0.2382907924
lp_nl,731,0,200,8,200,23,3788.4,437,2.357780843,13.81062217,0.313904957,0.6344491395,0.6118269304,4.208277284,0.1920020662
lp_nl,732,0,200,8,200,42,3436.5,633,4.181685552,120.0884862,0.7476675458,0.3815932529,0.7238020292,4.836120433,0.1713467039
lp_nl,733,0,200,8,200,15,3858.3,437,3.292124903,81.32300182,0.8012092597,0.3650645005,0.7325661166,3.677928854,0.213769818
lp_nl,734,0,200,8,200,7,3921.4,961,9.243310087,355.2338953,3.25900204,0.4904224285,0.670950719,5.120179736,0.1633938942
lp_nl,735,0,200,8,200,48,3441.5,717,1.658543786,19.61312345,0.4068399808,0.3745014992,0.7275364928,2.600250143,0.277758478
lp_nl,736,0,200,8,200,48,3563.2,32,2.501809277,17.90027767,0.6212368937,0.5913223779,0.6284081804,3.174136352,0.2395705161
lp_nl,737,0,200,8,200,57,3336.7,546,8.962608504,806.4491308,2.245896895,0.3156064988,0.760105701,5.980527876,0.1432556417
lp_nl,738,0,200,8,200,42,3732.5,717,1.77437098,18.04579019,0.7865754974,0.4176923046,0.7053716781,2.000664284,0.3332595403
lp_nl,739,0,200,8,200,22,3670.1,104,15.37270192,1982.645441,16.69838686,0.3452452231,0.7433588931,3.761949376,0.2099980325
lp_nl,740,0,200,8,200,41,3599.1,356,1.851910685,7.01800587,0.42682287,0.6990579417,0.5885614466,2.834628808,0.2607814341
lp_nl,741,0,200,8,200,17,3842.3,191,1.721113931,18.91426155,1.07338736,0.3957445337,0.7164634902,1.661236182,0.3757652202
lp_nl,742,0,200,8,200,30,3677.4,931,1.852074427,17.73158531,0.4197925384,0.4398298012,0.694526533,2.858518963,0.2591667968
lp_nl,743,0,200,8,200,24,3804.1,931,3.693803042,80.51775563,0.7371599678,0.4116497957,0.7083909926,4.302222462,0.1886001591
lp_nl,744,0,200,8,200,3,3969.2,410,4.02825341,147.0331792,1.652086906,0.3322072526,0.7506339558,3.134009718,0.2418958997
lp_nl,745,0,200,8,200,13,3864.9,443,2.96108445,66.57125861,1.561307101,0.3629170815,0.7337203514,2.36977234,0.2967559523
lp_nl,746,0,200,8,200,20,3720.0,627,3.917054393,64.41115202,1.063781986,0.488066578,0.6720129427,3.79781046,0.2084284088
lp_nl,747,0,200,8,200,26,3737.3,443,5.320774194,267.2824378,0.8268757839,0.3254540023,0.7544584711,5.851331347,0.1459570337
lp_nl,748,0,200,8,200,23,3798.4,664,2.656284362,25.21674287,0.4197418393,0.5289688165,0.6540355756,4.099996018,0.1960785845
lp_nl,749,0,200,8,200,42,3601.6,101,2.955221241,40.2339615,0.4560545858,0.4659009561,0.6821743283,4.376043053,0.1860104151
lp_nl,750,0,200,8,200,41,3565.4,437,1.801469502,10.16440788,0.5532998221,0.5650486895,0.6389577568,2.421846697,0.2922398601
lp_nl,751,0,200,8,200,8,3913.1,410,1.850722443,8.136423557,1.004185104,0.6488204312,0.6064941828,1.846861823,0.3512639749
lp_nl,752,0,200,8,200,28,3683.8,745,8.287109034,391.3020209,2.038449125,0.4189353496,0.7047537439,5.804343614,0.1469649472
lp_nl,753,0,200,8,200,46,3445.7,599,4.082909285,57.59124396,0.4970123769,0.5380114285,0.6501902271,5.791434232,0.147244303
lp_nl,754,0,200,8,200,40,3493.3,522,4.098164711,98.80888764,0.4279931175,0.4122791806,0.7080752968,6.264277911,0.1376599316
lp_nl,755,0,200,8,200,1,3991.6,191,4.606937406,149.8965347,1.214590559,0.3762846611,0.7265938713,4.180202889,0.193042632
lp_nl,756,0,200,8,200,21,3797.9,717,2.191559186,15.96128175,0.3864249513,0.5485539188,0.6457637593,3.525499224,0.2209700965
lp_nl,757,0,200,8,200,22,3686.2,931,2.262808702,26.59279589,0.66091295,0.4387992131,0.6950240109,2.783400555,0.2643124844
lp_nl,758,0,200,8,200,7,3944.5,191,2.661572229,44.67472606,0.9946298543,0.3982055487,0.7152024256,2.668747657,0.2725725761
lp_nl,759,0,200,8,200,24,3748.7,554,3.941534209,72.38175843,1.387923978,0.463287663,0.683392627,3.34566506,0.2301143752
lp_nl,760,0,200,8,200,23,3742.9,156,5.602613572,164.2176485,0.9948504168,0.4372006052,0.6957970908,5.617095089,0.1511237162
lp_nl,761,0,200,8,200,21,3750.2,191,3.360070591,93.93085202,1.147634044,0.3466923595,0.7425600903,3.136510098,0.2417496818
lp_nl,762,0,200,8,200,87,3055.3,664,2.94981386,51.18394123,0.5927883737,0.4123136852,0.7080579976,3.831287769,0.2069841516
lp_nl,763,0,200,8,200,39,3645.5,717,2.248332257,14.91068253,0.6475327869,0.5822529929,0.6320101807,2.794020639,0.2635726305
lp_nl,764,0,200,8,200,51,3514.5,410,2.37115206,18.60914574,0.3641599744,0.5496625993,0.6453017582,3.929282924,0.2028692642
lp_nl,765,0,200,8,200,19,3847.3,410,2.073687633,31.13741144,0.8539660181,0.3716225722,0.7290635342,2.244000984,0.3082613121
lp_nl,766,0,200,8,200,35,3649.4,931,2.294929724,35.16339371,0.4164297092,0.3870116151,0.7209744959,3.556301215,0.2194762709
lp_nl,767,0,200,8,200,9,3946.4,139,5.105038245,377.6019897,3.200272939,0.262713181,0.791945483,2.853681438,0.2594921288
lp_nl,768,0,200,8,200,20,3807.9,562,87.7344065,72968.01725,35.17088838,0.3247907633,0.7548361807,14.79374994,0.06331618546
lp_nl,769,0,200,8,200,22,3736.3,832,1.891432507,24.39046256,0.7468827349,0.3829841761,0.7230740722,2.188591149,0.313618132
lp_nl,770,0,200,8,200,16,3807.0,717,1.825291218,27.83419223,0.8324219825,0.3459735144,0.7429566699,2.000600597,0.3332666137
lp_nl,771,0,200,8,200,4,3976.9,191,3.010115169,99.55697286,1.438935846,0.301680522,0.7682376613,2.509356681,0.2849525115
lp_nl,772,0,200,8,200,33,3844.1,410,1.852134638,9.070058455,0.9322521777,0.6149892308,0.6191991754,1.918252843,0.3426707875
lp_nl,773,0,200,8,200,57,3410.0,437,1.378826667,5.476553607,0.3375168419,0.5891908621,0.6292510383,2.37335088,0.2964411457
lp_nl,774,0,200,8,200,54,3381.0,191,1.611659223,12.12479094,0.4948041547,0.4628455454,0.6835991695,2.291165964,0.3038436867
lp_nl,775,0,200,8,200,26,3727.6,320,3.351687595,76.61123725,1.300176209,0.3829281503,0.7231033657,2.939425277,0.2538441345
lp_nl,776,0,200,8,200,105,2901.0,717,2.790590166,51.46021139,1.271058753,0.3890095619,0.7199374485,2.475216814,0.2877518306
lp_nl,777,0,200,8,200,36,3573.6,437,1.432475804,7.885281868,0.3427515651,0.5101274386,0.6621957687,2.446794929,0.2901246
lp_nl,778,0,200,8,200,27,3719.5,832,2.128635341,24.82420403,0.5449847195,0.4272318309,0.700657019,2.883427961,0.2575044548
lp_nl,779,0,200,8,200,10,3912.2,717,1.481064223,16.1256431,0.7485685918,0.3688207693,0.730555835,1.711819978,0.3687560414
lp_nl,780,0,200,8,200,36,3602.2,437,1.901378262,16.13165243,0.5738591488,0.4734009186,0.678701898,2.50995462,0.2849039684
lp_nl,781,0,200,8,200,21,3798.3,413,4.595268365,118.8427424,2.710694952,0.4215261743,0.703469284,2.791068889,0.2637778498
lp_nl,782,0,200,8,200,20,3820.5,410,2.01585679,17.11409717,1.168348429,0.4872845919,0.6723662744,1.864977026,0.3490429385
lp_nl,783,0,200,8,200,43,3597.5,799,7.590497686,406.9812907,4.672067231,0.3762556497,0.7266091879,3.511686276,0.221646617
lp_nl,784,0,200,8,200,36,3322.7,832,1.714464187,14.49872607,0.3197116759,0.4502601331,0.689531469,3.032139438,0.2480072962
lp_nl,785,0,200,8,200,34,3548.1,239,5.954596152,506.2766575,6.902064431,0.2646417504,0.790737772,2.266536973,0.3061346032
lp_nl,786,0,200,8,200,17,3876.2,556,4.826644571,331.5937791,1.543769954,0.2650587416,0.7904771273,3.884669063,0.2047221597
lp_nl,787,0,200,8,200,28,3737.3,384,18.57773516,4900.746557,14.04410316,0.2653760012,0.7902789361,4.957306394,0.1678610993
lp_nl,788,0,200,8,200,19,3814.1,249,4.973806795,216.5226709,0.6663136912,0.338015973,0.7473752333,6.093257655,0.1409789477
lp_nl,789,0,200,8,200,3,3962.7,443,4.17030532,59.45568864,1.814611774,0.5408429155,0.6489954232,3.095822055,0.2441512318
lp_nl,790,0,200,8,200,7,3928.1,772,5.739420325,161.6932068,0.916879444,0.4513590391,0.6890093857,5.993933403,0.1429810584
lp_nl,791,0,200,8,200,28,3744.2,615,3.478595585,58.6628085,0.4807794692,0.4541742585,0.6876754929,5.016848481,0.1661999639
lp_nl,792,0,200,8,200,16,3839.8,505,5.223630537,233.5538037,2.455073517,0.3418054473,0.7452645255,3.333805059,0.230744112
lp_nl,793,0,200,8,200,39,3563.4,437,2.081579577,23.15987184,0.4187969228,0.4325386718,0.6980614343,3.216557188,0.2371603077
lp_nl,794,0,200,8,200,2,3989.5,410,2.302734978,19.08031916,0.988527931,0.5271705496,0.6548057126,2.31605829,0.3015628534
lp_nl,795,0,200,8,200,2,3991.8,772,2.850185292,47.49005025,1.212557988,0.413591667,0.7074178657,2.588343053,0.2786801555
lp_nl,796,0,200,8,200,21,3785.0,832,1.689703578,9.709875337,0.4616910774,0.5422551641,0.6484011357,2.48676521,0.2867987776
lp_nl,797,0,200,8,200,41,3534.1,832,3.532796499,78.7537207,0.5682242164,0.3980916614,0.7152606854,4.686609323,0.1758517147
lp_nl,798,0,200,8,200,78,3058.6,556,3.084340999,31.7855183,0.3562646006,0.5470760947,0.6463806166,5.167447237,0.1621416384
lp_nl,799,0,200,8,200,35,3625.0,226,3.260677435,58.12962704,4.022408877,0.4276702788,0.7004418421,1.625791059,0.3808376133
lp_nl,800,0,200,8,200,39,3548.5,320,2.7599999,26.76616067,0.5488587824,0.5334774002,0.6521126427,3.725450158,0.2116200503
lp_nl,801,0,200,8,200,45,3517.4,437,1.513564058,6.787527777,0.5013553223,0.5809583475,0.6325277333,2.137607632,0.3187141661
lp_nl,802,0,200,8,200,1,3974.9,142,2.326562263,18.09593811,1.318207518,0.5469204071,0.6464456706,2.026388852,0.3304268054
lp_nl,803,0,200,8,200,13,3859.3,410,2.192594525,12.94721661,1.062100778,0.6093546342,0.6213670864,2.127528869,0.3197412532
lp_nl,804,0,200,8,200,22,3786.3,615,2.733881085,26.50397422,0.5704407555,0.531036191,0.6531524244,3.619714746,0.2164635816
lp_nl,805,0,200,8,200,20,3783.4,437,2.541685296,29.8698154,0.8816770832,0.4650562734,0.682567638,2.706867515,0.269769555
lp_nl,806,0,200,8,200,25,3791.4,191,2.012742206,37.81395039,0.7344767693,0.3273121513,0.7534022792,2.348546274,0.2986370557
lp_nl,807,0,200,8,200,2,3977.7,772,3.470520332,57.02287515,3.064270938,0.459589436,0.6851241694,1.982581329,0.3352800443
lp_nl,808,0,200,8,200,79,3079.7,197,11.70428526,494.2434561,1.070554442,0.5264709763,0.6551058065,11.31202924,0.08122137954
lp_nl,809,0,200,8,200,11,3934.5,908,7.707346014,696.7002413,2.534976948,0.2919993443,0.7739942009,4.840807909,0.1712091915
lp_nl,810,0,200,8,200,15,3876.6,822,6.291317319,410.0736406,2.479141253,0.3106781165,0.7629638333,3.995682343,0.2001728556
lp_nl,811,0,200,8,200,27,3770.4,745,8.514124023,412.4389689,1.477416226,0.4192375033,0.7046037028,7.004683872,0.1249268573
lp_nl,812,0,200,8,200,28,3763.1,554,7.876304171,450.3778879,1.932612287,0.3711367408,0.7293218614,5.665654818,0.15002277
lp_nl,813,0,200,8,200,29,3622.3,627,5.108576602,119.264219,0.6195425258,0.467783421,0.6812994245,6.490293684,0.1335061137
lp_nl,814,0,200,8,200,11,3911.9,772,2.718410413,32.52791516,0.9887536415,0.4766360764,0.677214932,2.733826677,0.2678217514
lp_nl,815,0,200,8,200,23,3715.0,191,3.574648271,90.37267543,0.9933879552,0.3760232908,0.726731885,3.586525068,0.2180299868
lp_nl,816,0,200,8,200,74,3115.6,754,9.748541123,1127.056079,1.21576454,0.2903801098,0.7749654481,8.841274853,0.1016128515
lp_nl,817,0,200,8,200,2,3989.8,191,1.876907029,26.83599366,1.757117931,0.3623130028,0.7340456987,1.415931702,0.4139189859
lp_nl,818,0,200,8,200,8,3918.3,191,2.242566242,74.79206509,1.01532537,0.2593089568,0.7940863079,2.225577189,0.3100220337
lp_nl,819,0,200,8,200,15,3858.1,293,5.450844209,235.5799808,1.452087632,0.3551359017,0.737933368,4.523424609,0.1810470987
lp_nl,820,0,200,8,200,26,3743.6,931,1.933192584,11.65310124,0.4898248444,0.5663101697,0.6384431509,2.762197424,0.2658021064
lp_nl,821,0,200,8,200,18,3842.0,142,2.559034986,23.99051175,0.5671387777,0.5224641158,0.6568299309,3.398063982,0.2273727722
lp_nl,822,0,200,8,200,34,3679.1,155,4.401672821,39.09167674,0.44076571,0.7040047812,0.5868528135,6.630005028,0.1310615126
lp_nl,823,0,200,8,200,16,3845.9,576,7.844376578,312.5208188,3.400520194,0.4437301694,0.6926502065,4.2538851,0.1903353387
lp_nl,824,0,200,8,200,22,3796.2,717,1.452499314,6.284620513,0.367441744,0.5793972194,0.6331529445,2.396192415,0.2944473922
lp_nl,825,0,200,8,200,54,3416.5,832,2.323793832,25.26131921,0.5810347759,0.4623486366,0.6838314578,3.048572526,0.2470006388
lp_nl,826,0,200,8,200,16,3761.9,717,2.260130417,14.73442942,0.4512991823,0.5887986949,0.6294063579,3.36435044,0.2291291714
lp_nl,827,0,200,8,200,2,3819.4,437,1.559373209,16.60611792,0.4392852887,0.3826625927,0.7232422467,2.352755183,0.2982621591
lp_nl,828,0,200,8,200,28,3706.6,615,2.267541163,21.57175236,0.8858068517,0.4882165153,0.6719452376,2.409271049,0.2933178341
lp_nl,829,0,200,8,200,41,3660.8,717,2.326850937,81.18478773,1.29297109,0.2582445902,0.7947580365,2.046322856,0.3282646151
lp_nl,830,0,200,8,200,105,2866.0,134,6.065446261,331.8928895,1.779366702,0.3329383211,0.7502222602,4.54705314,0.1802759005
lp_nl,831,0,200,8,200,39,3561.8,999,6.788618249,132.3650371,0.8843472849,0.5900580564,0.628907854,7.218882348,0.1216710445
lp_nl,832,0,200,8,200,55,3407.9,437,1.424346825,4.494076395,0.2612219717,0.6718858988,0.598126942,2.786832716,0.2640729272
lp_nl,833,0,200,8,200,18,3817.3,614,5.250411796,216.7433123,1.522416153,0.3566321682,0.7371194812,4.255265628,0.1902853387
lp_nl,834,0,200,8,200,5,3931.8,285,2.558637592,28.93901069,0.4775448802,0.4756274774,0.6776778119,3.702556374,0.212650295
lp_nl,835,0,200,8,200,133,2217.9,490,11.87894136,356.0890293,2.592493453,0.6295039239,0.6136837017,7.377664543,0.1193650086
lp_nl,836,0,200,8,200,22,3795.2,139,5.506398122,206.6316603,3.139328129,0.3830620917,0.7230333374,3.107772738,0.2434409262
lp_nl,837,0,200,8,200,23,3770.4,40,5.327778037,197.9975316,0.7202098443,0.3786310582,0.725357226,6.277931845,0.1374016714
lp_nl,838,0,200,8,200,19,3767.2,437,2.881587613,45.27502318,0.7344759662,0.4282550451,0.7001550622,3.362350891,0.2292341962
lp_nl,839,0,200,8,200,84,3073.3,948,3.585097746,197.640128,2.433859838,0.2550136561,0.7968040787,2.298016903,0.3032125151
lp_nl,840,0,200,8,200,15,3890.3,142,2.835041561,33.19358114,1.005881399,0.4920762169,0.6702070502,2.826741152,0.2613189553
lp_nl,841,0,200,8,200,16,3870.6,717,2.012940285,16.09684538,0.6046261386,0.5017189507,0.6659035631,2.588734028,0.2786497947
lp_nl,842,0,200,8,200,47,3516.9,522,5.139769863,105.5570494,0.7930744171,0.500264923,0.6665489439,5.771473464,0.1476783458
lp_nl,843,0,200,8,200,10,3891.1,410,2.007161995,28.6343565,0.9896354284,0.3750927857,0.7272236538,2.017645244,0.3313842149
lp_nl,844,0,200,8,200,2,3952.1,191,2.240621309,33.73396883,1.038962265,0.3857755883,0.7216175609,2.198206941,0.3126752016
lp_nl,845,0,200,8,200,3,3959.5,822,4.86794076,241.2247029,1.106772747,0.3134255484,0.7613678607,4.627176399,0.1777090194
lp_nl,846,0,200,8,200,29,3638.8,249,5.50872937,395.4316515,1.946513413,0.2770229328,0.7830712936,3.948414488,0.2020849309
lp_nl,847,0,200,8,200,15,3861.8,673,6.387381681,331.6280688,2.559706327,0.3507496348,0.7403296468,3.99234255,0.2003067678
lp_nl,848,0,200,8,200,89,2882.1,615,2.72591382,40.36553315,0.40119629,0.4290488823,0.6997661258,4.303617525,0.1885505498
lp_nl,849,0,200,8,200,50,3430.7,410,2.044911592,13.01319481,0.572691637,0.5668688218,0.6382155201,2.702179011,0.2701111959
lp_nl,850,0,200,8,200,5,3954.5,717,1.445901343,11.51422946,0.6514325984,0.4261095042,0.7012084255,1.791446808,0.3582371684
lp_nl,851,0,200,8,200,32,3586.0,437,2.830548761,102.2928569,0.6803750838,0.279864612,0.781332643,3.431598271,0.2256522227
lp_nl,852,0,200,8,200,34,3682.6,717,1.700558818,14.57357592,0.5003913919,0.445459878,0.6918213471,2.404012617,0.293770944
lp_nl,853,0,200,8,200,37,3562.3,692,2.565066443,23.85435974,0.5016694807,0.5251879306,0.6556569063,3.621510748,0.21637946
lp_nl,854,0,200,8,200,67,3547.0,241,2.562848303,37.04198783,0.6757192303,0.4210908051,0.7036848007,3.117739041,0.2428517179
lp_nl,855,0,200,8,200,16,3847.4,615,2.467670866,21.36638922,0.5103369265,0.5338529735,0.651952969,3.454289535,0.2245026939
lp_nl,856,0,200,8,200,21,3813.3,717,2.738113076,88.6613281,0.7610447274,0.290793211,0.7747174307,3.138674569,0.24162325
lp_nl,857,0,200,8,200,44,3489.7,538,3.48005377,72.92468376,0.6254812797,0.4075197648,0.7104695969,4.400264637,0.1851761103
lp_nl,858,0,200,8,200,13,3818.7,772,4.453454494,90.94436558,0.804457786,0.4669916552,0.6816671359,4.96529881,0.1676361959
lp_nl,859,0,200,8,200,16,3820.3,410,1.603466705,10.28971221,0.3717696489,0.4998714494,0.6667238052,2.629801573,0.2754971532
lp_nl,860,0,200,8,200,9,3896.5,627,4.795561499,272.8164475,1.937079292,0.2903382067,0.7749906147,3.445607195,0.2249411512
lp_nl,861,0,200,8,200,78,3104.6,437,1.916826204,27.02411228,0.9138460985,0.3687287656,0.7306049417,2.005146954,0.3327624291
lp_nl,862,0,200,8,200,45,3615.5,717,1.56715497,9.624706748,0.5447428047,0.5051474806,0.6643867215,2.123323631,0.3201717524
lp_nl,863,0,200,8,200,40,3598.5,832,1.901173269,19.50781433,0.4937772287,0.4304447276,0.6990832856,2.705553776,0.2698651971
lp_nl,864,0,200,8,200,53,3319.6,66,3.49297721,136.7795948,1.008564884,0.2986655256,0.7700212105,3.478114145,0.2233082873
lp_nl,865,0,200,8,200,64,3209.9,149,15.88200604,812.9935446,2.127436724,0.5570084816,0.6422572592,10.88872503,0.08411330881
lp_nl,866,0,200,8,200,28,3731.7,437,2.777322413,32.54262039,0.4605373829,0.4868554532,0.6725603339,4.092548686,0.1963653293
lp_nl,867,0,200,8,200,32,3567.4,717,2.236348919,15.37645828,0.7868344313,0.5703105516,0.6368167105,2.521145358,0.2839985
lp_nl,868,0,200,8,200,0,3976.0,402,7.454563935,478.2374101,1.288937584,0.3408791757,0.7457793499,6.56608197,0.1321688034
lp_nl,869,0,200,8,200,80,3038.8,908,5.090878399,183.7742504,0.4425861086,0.3755349775,0.726989874,7.652332536,0.1155757706
lp_nl,870,0,200,8,200,16,3880.6,655,10.65941192,1140.144583,2.708348069,0.3156845164,0.7600606282,6.477106028,0.1337415835
lp_nl,871,0,200,8,200,36,3650.8,437,1.686685942,10.14182947,0.303194188,0.5296342638,0.653751046,3.063188968,0.2461121075
lp_nl,872,0,200,8,200,67,3224.3,832,2.396309156,53.8961466,0.6187261101,0.3264104012,0.753914474,3.046446989,0.2471303844
lp_nl,873,0,200,8,200,22,3784.7,561,8.332421029,337.4585333,0.8970360171,0.4535874178,0.6879531205,8.797641605,0.1020653786
lp_nl,874,0,200,8,200,9,3943.6,717,1.619805834,9.957577383,0.6914880142,0.5133175512,0.6607998429,1.947917819,0.3392224822
lp_nl,875,0,200,8,200,40,3554.5,437,1.73808173,14.37968398,0.682841619,0.4583481931,0.6857072987,2.103343496,0.3222331016
lp_nl,876,0,200,8,200,39,3620.3,717,2.083549242,19.23259385,0.6149027328,0.4750997903,0.6779202374,2.65705508,0.2734440631
lp_nl,877,0,200,8,200,35,3649.0,191,2.208539732,55.88226849,0.7156856801,0.2954392573,0.7719389345,2.610622357,0.2769605628
lp_nl,878,0,200,8,200,48,3501.6,832,1.981592733,13.76959699,0.3389951278,0.5340154058,0.6518839356,3.403436662,0.2270953523
lp_nl,879,0,200,8,200,42,3565.1,437,1.955328558,16.50540004,0.6505236078,0.4812898645,0.6750873168,2.424310332,0.2920296069
lp_nl,880,0,200,8,200,42,3538.7,31,2.916132625,24.38371526,0.4361751142,0.5905508958,0.6287129841,4.415468898,0.184656217
lp_nl,881,0,200,8,200,11,3886.4,777,3.491310349,70.69073233,0.7318201587,0.4152476806,0.7065900999,4.081184904,0.1968044893
lp_nl,882,0,200,8,200,21,3731.0,66,2.59660282,39.94081849,0.5092362333,0.4108630107,0.7087860355,3.638696859,0.2155777863
lp_nl,883,0,200,8,200,14,3827.2,134,7.985825613,539.1638621,3.589869198,0.3439215857,0.7440910323,4.214834341,0.1917606456
lp_nl,884,0,200,8,200,16,3896.7,410,1.740320931,12.6448289,1.024925258,0.4894100293,0.6714067855,1.719029168,0.3677783276
lp_nl,885,0,200,8,200,18,3796.1,9,15.01447868,1382.964283,0.5138363714,0.4037427861,0.7123812211,20.94584264,0.04556671695
lp_nl,886,0,200,8,200,8,3962.5,437,2.456721831,30.91500444,1.257145648,0.4418464077,0.6935551489,2.191104985,0.3133710751
lp_nl,887,0,200,8,200,4,3958.9,614,10.72896294,569.7244522,2.409885096,0.449495466,0.6898952246,6.911297333,0.126401519
lp_nl,888,0,200,8,200,11,3903.1,616,7.335606247,335.6710481,1.495845589,0.4003861714,0.7140887424,5.997808966,0.1429018718
lp_nl,889,0,200,8,200,9,3959.7,832,1.925139382,15.5408637,0.7050330727,0.4883425904,0.6718883182,2.29275386,0.3036971612
lp_nl,890,0,200,8,200,20,3799.8,155,10.54529513,1382.144682,4.30523544,0.2836494758,0.7790288695,5.082299863,0.1644114928
lp_nl,891,0,200,8,200,37,3587.4,832,2.455920862,27.29619015,0.524051634,0.4700708827,0.680239308,3.39255837,0.2276577602
lp_nl,892,0,200,8,200,20,3756.8,556,4.737194155,140.4027393,0.7123397732,0.3997913508,0.7143921838,5.612774418,0.1512224577
lp_nl,893,0,200,8,200,56,3341.3,66,3.478810026,58.20460091,0.9506023932,0.4559865736,0.6868195203,3.568052709,0.2189116597
lp_nl,894,0,200,8,200,4,3968.5,182,9.559163028,341.4760865,4.534108627,0.5172967152,0.659066872,4.489251207,0.1821742096
lp_nl,895,0,200,8,200,63,3381.0,437,2.209440019,24.81910704,0.6178290447,0.4434954208,0.6927628489,2.810917216,0.2624040207
lp_nl,896,0,200,8,200,9,3920.1,717,2.16286754,40.06920653,0.6264341711,0.3416839284,0.7453320255,2.732701549,0.2679024795
lp_nl,897,0,200,8,200,38,3606.1,717,1.596944341,7.098154364,0.2668218028,0.5994004434,0.6252342896,3.091570273,0.2444049432
lp_nl,898,0,200,8,200,51,3431.0,191,2.452858248,38.54219924,0.6093691423,0.39509743,0.7167958155,3.142188405,0.24141828
lp_nl,899,0,200,8,200,33,3630.1,437,1.418081807,12.36059652,0.6193723162,0.403349544,0.7125808422,1.801878031,0.3569034729
lp_nl,900,0,200,8,200,10,3876.2,191,7.85161918,986.9154477,3.86515161,0.2499304976,0.800044484,3.993704801,0.2002521254
lp_nl,901,0,200,8,200,54,3470.0,78,2.696553795,34.79250075,0.5493610116,0.4571579389,0.6862674068,3.638146403,0.215603371
lp_nl,902,0,200,8,200,55,3487.8,437,1.719163034,9.373529819,0.5333563335,0.5615203261,0.6404015262,2.354010176,0.2981505563
lp_nl,903,0,200,8,200,45,3520.1,859,5.392038026,170.3876241,1.219279114,0.4130797664,0.707674134,4.883164774,0.1699765413
lp_nl,904,0,200,8,200,36,3627.5,142,2.111682399,20.2506071,0.6646838969,0.4692557212,0.6806167133,2.590126775,0.2785416958
lp_nl,905,0,200,8,200,54,3431.8,717,1.495880855,5.160243915,0.3772780036,0.6585092635,0.6029511092,2.435377342,0.2910888384
lp_nl,906,0,200,8,200,16,3822.5,717,1.600055458,8.384236431,0.4581456192,0.5525903255,0.6440849099,2.363922675,0.2972719936
lp_nl,907,0,200,8,200,50,3495.0,907,6.886412338,164.8060544,0.7878428215,0.5364218287,0.6508629214,7.758419035,0.1141758571
lp_nl,908,0,200,8,200,25,3723.0,522,4.567712263,67.19683157,0.8220386975,0.5572169777,0.6421712673,5.037935547,0.1656195221
lp_nl,909,0,200,8,200,18,3829.9,450,4.581550244,166.968098,1.044414967,0.3545648699,0.738244452,4.483074027,0.1823794454
lp_nl,910,0,200,8,200,39,3550.9,320,3.287317673,64.59636161,0.3684549158,0.4090135032,0.7097164064,5.41563638,0.1558691829
lp_nl,911,0,200,8,200,19,3830.1,717,2.020622387,13.23176049,0.371806803,0.5554901275,0.6428841831,3.313801532,0.2318140954
lp_nl,912,0,200,8,200,7,3946.3,413,2.424085201,47.41572246,0.7019446124,0.3520356891,0.7396254463,2.893319924,0.2568501997
lp_nl,913,0,200,8,200,20,3849.5,717,1.684237149,9.713801013,0.672332071,0.5403916639,0.6491855438,2.0540515,0.3274339021
lp_nl,914,0,200,8,200,50,3469.4,437,1.723402826,8.499405931,0.380981702,0.5911429506,0.6284790437,2.792124259,0.2637044389
lp_nl,915,0,200,8,200,52,3360.7,66,2.986467795,37.98708195,0.7792407718,0.4845514182,0.6736041526,3.383155829,0.228146121
lp_nl,916,0,200,8,200,27,3659.2,437,2.015622854,33.78506411,1.486577365,0.3467742972,0.7425149129,1.653162388,0.376908705
lp_nl,917,0,200,8,200,30,3720.3,437,1.779261757,4.912286557,0.353168132,0.8027826865,0.5546980274,2.993981346,0.2503767327
lp_nl,918,0,200,8,200,90,3054.5,745,17.25279737,1651.289839,3.387804417,0.4245685958,0.7019668993,9.373469201,0.09639976566
lp_nl,919,0,200,8,200,14,3879.8,935,5.390892465,362.4622962,3.415801324,0.2831582699,0.7793270896,2.916851824,0.2553070795
lp_nl,920,0,200,8,200,27,3726.1,320,2.071595666,26.94421968,0.4263176084,0.3990912338,0.7147496717,3.172768304,0.2396490596
lp_nl,921,0,200,8,200,10,3898.6,717,2.812789405,64.85886676,1.125689313,0.3492629673,0.7411453692,2.65111121,0.2738892196
lp_nl,922,0,200,8,200,7,3945.8,117,4.392133304,157.7063913,1.087265677,0.3497444775,0.7408809717,4.212187293,0.1918580327
lp_nl,923,0,200,8,200,18,3837.2,437,2.682224826,35.52785264,0.8578995557,0.4499981191,0.689656067,2.895855961,0.2566830011
lp_nl,924,0,200,8,200,20,3764.3,924,92.12760421,64555.38432,2.132694242,0.3625964451,0.7338930052,63.08490875,0.01560429779
lp_nl,925,0,200,8,200,9,3885.8,772,3.109183781,32.16374813,1.004075056,0.548230341,0.6458987229,3.102868028,0.2437319439
lp_nl,926,0,200,8,200,27,3691.2,816,20.01466747,1008.316743,1.389618001,0.6303037481,0.6133826296,16.97855256,0.05562183034
lp_nl,927,0,200,8,200,3,3972.0,554,4.972739078,417.4951506,3.541987974,0.2433716321,0.8042647702,2.642239198,0.2745563775
lp_nl,928,0,200,8,200,1,3977.5,656,11.20734397,1887.437002,16.11632327,0.2579683755,0.7949325432,2.791706233,0.2637335117
lp_nl,929,0,200,8,200,39,3652.4,556,5.425206918,308.7961239,3.044327455,0.3087311046,0.764098902,3.109357261,0.2433470581
lp_nl,930,0,200,8,200,26,3754.2,538,2.272227817,34.20882895,1.265347091,0.3884926158,0.7202054866,2.019979848,0.3311280374
lp_nl,931,0,200,8,200,20,3762.1,191,1.435187697,4.924304316,0.3236205031,0.646749737,0.6072568148,2.522845694,0.2838614253
lp_nl,932,0,200,8,200,19,3808.9,745,4.571495407,188.5439453,1.566278207,0.3329292807,0.7502273485,3.652782682,0.2149251466
lp_nl,933,0,200,8,200,39,3561.7,931,2.715764959,40.92597845,1.25689644,0.4245146133,0.7019935006,2.422380894,0.2921942446
lp_nl,934,0,200,8,200,50,3558.3,320,2.178747989,31.48785483,0.348824697,0.3882714539,0.7203202206,3.688955246,0.213267124
lp_nl,935,0,200,8,200,29,3681.1,717,2.174580775,20.60121101,1.074293529,0.4791033075,0.6760852977,2.098041451,0.3227845772
lp_nl,936,0,200,8,200,23,3834.2,66,4.489570627,119.1819336,1.627211794,0.4112440187,0.7085946773,3.519514561,0.2212627012
lp_nl,937,0,200,8,200,7,3919.4,717,1.715770063,21.09906711,0.4588793014,0.3735316955,0.7280501813,2.532852221,0.2830574101
lp_nl,938,0,200,8,200,24,3768.4,561,5.02818273,275.8091301,1.888441421,0.3027657418,0.7675977099,3.658973745,0.214639544
lp_nl,939,0,200,8,200,9,3895.7,554,3.67993823,128.3364979,1.666780064,0.3248369596,0.75480986,2.85037093,0.2597152373
lp_nl,940,0,200,8,200,16,3897.7,285,2.981974073,78.95137033,1.470333637,0.3356016033,0.748726265,2.459211702,0.2890832034
lp_nl,941,0,200,8,200,50,3472.5,717,2.964905969,41.30970835,0.7312446739,0.4613014928,0.6843214798,3.467205369,0.2238535992
lp_nl,942,0,200,8,200,21,3771.4,813,12.06231872,1251.567954,0.4804027435,0.3409601177,0.7457343338,17.40315788,0.0543385003
lp_nl,943,0,200,8,200,32,3693.0,437,1.975703102,27.93288062,0.4031351697,0.3738211069,0.7278968091,3.111690097,0.243208991
lp_nl,944,0,200,8,200,5,3963.5,948,3.577958249,56.74844047,1.800720936,0.4749613857,0.6779838507,2.666318719,0.2727531556
lp_nl,945,0,200,8,200,48,3355.4,298,5.896327614,391.2752958,3.034139098,0.2980851849,0.7703654673,3.385040449,0.2280480675
lp_nl,946,0,200,8,200,45,3558.8,249,3.602810079,114.6751764,0.6427424581,0.3364392534,0.7482569802,4.493894518,0.1820202402
lp_nl,947,0,200,8,200,7,3942.5,702,2.875054212,57.97420856,1.81175767,0.3775970771,0.7259016563,2.135974108,0.3188801838
lp_nl,948,0,200,8,200,19,3836.1,717,1.416243183,8.380978476,0.5344736317,0.4892045298,0.6714994347,1.937201026,0.3404601834
lp_nl,949,0,200,8,200,16,3871.4,822,12.97417168,806.238751,1.347185642,0.4569280362,0.6863756995,11.17804665,0.08211497533
lp_nl,950,0,200,8,200,11,3947.9,410,2.036485019,23.8211649,0.7696000215,0.417253244,0.7055902001,2.321393072,0.3010784867
lp_nl,951,0,200,8,200,13,3846.3,708,3.019851895,32.92043711,0.9320906056,0.5263236043,0.6551690593,3.127926782,0.2422523588
lp_nl,952,0,200,8,200,66,3226.2,631,4.353055871,56.685973,0.4316499153,0.5781711785,0.6336448249,6.625648791,0.1311363829
lp_nl,953,0,200,8,200,31,3717.6,191,6.008836532,283.4793974,2.316775208,0.3568861045,0.7369815319,3.947739079,0.2021125172
lp_nl,954,0,200,8,200,14,3830.3,78,5.380255682,191.4391335,0.7804893405,0.3888548812,0.72001763,6.090029927,0.1410431282
lp_nl,955,0,200,8,200,13,3850.8,298,3.448091398,59.19765012,0.5305758141,0.4481532346,0.690534659,4.733747018,0.1744060205
lp_nl,956,0,200,8,200,13,3884.7,410,2.328355907,43.7021389,1.135399676,0.3522070297,0.7395317271,2.185118447,0.3139600667
lp_nl,957,0,200,8,200,9,3890.0,832,2.297423342,50.49404699,1.818014577,0.3233113413,0.7556800647,1.703893118,0.3698371039
lp_nl,958,0,200,8,200,13,3911.6,935,9.141741496,1084.423194,6.385782478,0.2776064405,0.7827136498,3.617611087,0.2165621966
lp_nl,959,0,200,8,200,8,3932.4,410,2.567389763,34.98896866,1.00407328,0.4340364818,0.6973323292,2.562176834,0.2807272201
lp_nl,960,0,200,8,200,8,3939.1,1000,10.31166786,276.6139992,1.247820195,0.6200002121,0.6172838698,9.231088419,0.09774131148
lp_nl,961,0,200,8,200,15,3833.1,554,4.774639724,134.695626,1.289657051,0.4113995956,0.7085165697,4.204394783,0.1921453006
lp_nl,962,0,200,8,200,17,3827.5,31,3.634674332,78.93239122,0.8477276976,0.4091079077,0.7096688582,3.94763797,0.2021166476
lp_nl,963,0,200,8,200,10,3942.2,437,1.597991013,21.65994783,1.033308199,0.3433567815,0.7444038797,1.572024806,0.3887987385
lp_nl,964,0,200,8,200,3,3974.6,410,2.026834574,24.97443487,0.6179390261,0.4055743391,0.7114529429,2.578371499,0.2794567306
lp_nl,965,0,200,8,200,4,3957.6,293,6.855532317,423.6704665,3.394113917,0.3330635348,0.7501517924,3.721156841,0.2118124929
lp_nl,966,0,200,8,200,31,3711.3,101,3.662330274,165.0008553,1.803657329,0.2851112862,0.7781427264,2.726970825,0.2683144159
lp_nl,967,0,200,8,200,26,3749.8,633,12.06233211,2002.845332,1.887697354,0.269530288,0.7876929046,8.779405288,0.1022557068
lp_nl,968,0,200,8,200,32,3734.8,172,2.548416143,41.91890974,0.6228948704,0.3936093063,0.7175612243,3.228962269,0.2364646304
lp_nl,969,0,200,8,200,5,3887.3,410,1.947923877,13.71211017,0.8568093704,0.52604129,0.6552902641,2.104407676,0.3221226412
lp_nl,970,0,200,8,200,33,3661.8,717,1.688438897,5.61891812,0.2956110247,0.7122935255,0.5840120196,3.105453532,0.2435784481
lp_nl,971,0,200,8,200,2,3997.2,191,2.013882743,15.11157823,1.020664449,0.5180590545,0.6587359016,1.993391887,0.334069189
lp_nl,972,0,200,8,200,28,3703.6,717,2.600894814,27.2114901,0.4536895661,0.4985935162,0.6672923573,3.861387559,0.2057025876
lp_nl,973,0,200,8,200,13,3888.6,554,3.278198618,64.64873568,1.086848897,0.4077136437,0.7103717467,3.144493334,0.241284017
lp_nl,974,0,200,8,200,11,3920.2,717,1.535544327,11.3907629,0.7922785517,0.4549733428,0.6872978154,1.725136279,0.3669541254
lp_nl,975,0,200,8,200,24,3720.3,556,4.432948432,110.6080805,0.9486669422,0.4215016232,0.7034814338,4.551303485,0.1801378726
lp_nl,976,0,200,8,200,12,3857.9,862,4.523613964,149.4907062,0.7380591654,0.3699801629,0.7299375765,5.265504001,0.1596040797
lp_nl,977,0,200,8,200,17,3830.9,443,13.50244564,2164.698362,5.596818446,0.2902109155,0.7750670747,5.70744622,0.1490880385
lp_nl,978,0,200,8,200,52,3367.5,717,3.866860094,69.18627236,0.8646382106,0.4648881682,0.6826459669,4.158543485,0.1938531686
lp_nl,979,0,200,8,200,43,3572.6,717,2.216160665,38.22917378,0.6083765896,0.3584295329,0.736144184,2.841286287,0.260329464
lp_nl,980,0,200,8,200,13,3858.1,249,10.43413024,862.769877,4.503694606,0.355229289,0.7378825179,4.916678225,0.1690137543
lp_nl,981,0,200,8,200,24,3736.5,672,7.693276692,583.6074456,2.97140837,0.3184571032,0.7584622947,4.463033853,0.1830484721
lp_nl,982,0,200,8,200,12,3889.6,410,2.850249206,42.07939469,1.054019022,0.4393878984,0.6947397579,2.77625024,0.264812959
lp_nl,983,0,200,8,200,15,3887.8,556,4.589534965,75.14191786,1.56208004,0.5294531605,0.653828457,3.672121491,0.2140355301
lp_nl,984,0,200,8,200,25,3769.7,556,5.388258902,524.1794862,1.862550701,0.2353468797,0.8094892345,3.9481569,0.2020954509
lp_nl,985,0,200,8,200,4,3963.8,519,5.301365726,169.908386,1.241966846,0.4067057933,0.7108807007,4.756995764,0.1737017085
lp_nl,986,0,200,8,200,33,3700.3,832,2.666732277,48.96553555,0.3813984608,0.3810958005,0.7240627331,4.318072695,0.1880380464
lp_nl,987,0,200,8,200,13,3911.0,139,3.405245096,118.892528,1.463533795,0.3122993609,0.7620212505,2.814796475,0.2621371826
lp_nl,988,0,200,8,200,3,3971.7,437,3.270193,81.09275176,1.028343539,0.3631469205,0.7335966395,3.224811045,0.2366969763
lp_nl,989,0,200,8,200,21,3831.9,32,5.149087746,334.4043882,2.174237351,0.2815751401,0.7802897924,3.492020758,0.2226169588
lp_nl,990,0,200,8,200,37,3649.5,920,4.490116549,186.3452954,0.6764957516,0.3289261469,0.7524872637,5.459150625,0.1548191176
lp_nl,991,0,200,8,200,16,3816.0,437,2.419299794,45.11581621,0.7332952823,0.3601847151,0.7351942636,2.825206801,0.2614237745
lp_nl,992,0,200,8,200,35,3608.7,522,4.517345719,114.8103462,0.6111889924,0.4215924412,0.7034364921,5.778239876,0.1475309252
lp_nl,993,0,200,8,200,8,3923.9,437,2.329233434,37.21471669,1.025027274,0.381817348,0.7236846472,2.300622192,0.3029731796
lp_nl,994,0,200,8,200,30,3699.6,832,1.590445383,8.834423629,0.3012067691,0.5350934678,0.651426132,2.897920025,0.2565470799
lp_nl,995,0,200,8,200,15,3878.6,832,2.440388142,29.58415712,0.914454525,0.4486723495,0.6902872139,2.551983425,0.2815328452
lp_nl,996,0,200,8,200,19,3863.7,437,2.441238026,56.28343285,0.741488384,0.3254017147,0.7544882347,2.835031902,0.2607540239
lp_nl,997,0,200,8,200,16,3850.4,101,4.330681486,423.6064918,0.9403076586,0.2104141489,0.8261635085,4.466026098,0.1829482666
lp_nl,998,0,200,8,200,17,3854.1,142,2.104041691,22.76837505,0.6608862923,0.44094896,0.6939871069,2.588159094,0.2786944429
lp_nl,999,0,200,8,200,15,3827.7,538,2.430971132,55.87504614,0.4775654301,0.325215214,0.7545944157,3.517736952,0.2213497622
lp_nl,1000,0,200,8,200,98,2833.7,664,3.87382347,87.39290992,0.6780851823,0.414382805,0.70702217,4.704329132,0.1753054525
