MCS_TR against MCS_TMAX on montecarlo/out/lp_irf_loss_nl.csv
1000 configurations, 999 replicates each
shared: alpha = 0.050, 10000 resamples, block length 1, bootstrap variance, seed 123, stream 0

Both statistics are scored on the same resamples, drawn once and reused in every round.

statistic  set size  decided by an accepted test  deciding round  last p-value  seconds
MCS_TR            1                           no               0        0.0000      0.9
MCS_TMAX          1                           no               0        0.0000      7.0

sets
  in both sets 1, only in MCS_TR's 0, only in MCS_TMAX's 0
  largest difference between the two MCS p-values of one configuration 0.0000

elimination rounds, the configuration left at the end counted as round 1000
  Spearman rank correlation between the two orders 0.9619
  absolute difference in round: median 32, 90th percentile 138, largest 352

the 10 configurations MCS_TR eliminated last, with where MCS_TMAX put them
  configuration  mean loss  MCS_TR round  MCS_TR p  MCS_TMAX round  MCS_TMAX p
  cop_0191_lp_nl  1.38331  1000  1.0000  1000  1.0000
  cop_0437_lp_nl  1.42492  999  0.0000  999  0.0000
  cop_0717_lp_nl  1.44319  998  0.0000  998  0.0000
  cop_0832_lp_nl  1.47166  997  0.0000  997  0.0000
  cop_0410_lp_nl  1.47582  996  0.0000  996  0.0000
  cop_0356_lp_nl  1.47964  995  0.0000  995  0.0000
  cop_0519_lp_nl  1.49053  994  0.0000  994  0.0000
  cop_0931_lp_nl  1.49774  993  0.0000  993  0.0000
  cop_0148_lp_nl  1.49885  992  0.0000  992  0.0000
  cop_0702_lp_nl  1.50239  991  0.0000  991  0.0000


  sample    999 observations, 1000 models
  statistic TR, every pairwise contrast
  test      alpha = 0.050, 10000 moving-block resamples of 1 observations
  variance  bootstrap variance of the resampled mean
  stream    seed 123, stream 0

MCS over state-dependent local projection impulse-response MAE, states 1 and 2 in one vector, MCS_TR statistic
  model             mean loss      MCS p  round  in set
  cop_0001_lp_nl      2.57431      0.000    500  
  cop_0002_lp_nl      2.62451      0.000    628  
  cop_0003_lp_nl      2.61236      0.000    709  
  cop_0004_lp_nl      1.76480      0.000    910  
  cop_0005_lp_nl      2.02853      0.000    751  
  cop_0006_lp_nl      2.19574      0.000    746  
  cop_0007_lp_nl      3.13875      0.000    569  
  cop_0008_lp_nl      2.36178      0.000    730  
  cop_0009_lp_nl     19.58682      0.000    112  
  cop_0010_lp_nl      3.15132      0.000    532  
  cop_0011_lp_nl      1.81184      0.000    876  
  cop_0012_lp_nl      7.81391      0.000    239  
  cop_0013_lp_nl      8.00113      0.000    153  
  cop_0014_lp_nl      3.65454      0.000    141  
  cop_0015_lp_nl      4.22575      0.000    143  
  cop_0016_lp_nl      2.04056      0.000    792  
  cop_0017_lp_nl      2.74161      0.000    691  
  cop_0018_lp_nl      4.00554      0.000    293  
  cop_0019_lp_nl      2.76913      0.000    611  
  cop_0020_lp_nl      6.55680      0.000    154  
  cop_0021_lp_nl      5.82316      0.000    434  
  cop_0022_lp_nl      2.49296      0.000    534  
  cop_0023_lp_nl      2.70244      0.000    387  
  cop_0024_lp_nl      1.98919      0.000    843  
  cop_0025_lp_nl      6.77825      0.000     14  
  cop_0026_lp_nl      5.03595      0.000    428  
  cop_0027_lp_nl      2.37870      0.000    725  
  cop_0028_lp_nl      3.55116      0.000    419  
  cop_0029_lp_nl      4.95389      0.000    215  
  cop_0030_lp_nl      1.83431      0.000    866  
  cop_0031_lp_nl      1.63591      0.000    958  
  cop_0032_lp_nl      1.76603      0.000    891  
  cop_0033_lp_nl      3.86533      0.000    320  
  cop_0034_lp_nl      5.35627      0.000    361  
  cop_0035_lp_nl      2.56454      0.000    599  
  cop_0036_lp_nl      1.63162      0.000    962  
  cop_0037_lp_nl      1.96172      0.000    849  
  cop_0038_lp_nl      8.10192      0.000    290  
  cop_0039_lp_nl      2.75146      0.000    593  
  cop_0040_lp_nl      2.19516      0.000    749  
  cop_0041_lp_nl      4.57024      0.000    248  
  cop_0042_lp_nl      3.19707      0.000    489  
  cop_0043_lp_nl      8.57606      0.000    212  
  cop_0044_lp_nl      1.63876      0.000    959  
  cop_0045_lp_nl      3.22895      0.000    648  
  cop_0046_lp_nl     12.44235      0.000     24  
  cop_0047_lp_nl      1.65730      0.000    940  
  cop_0048_lp_nl     17.90682      0.000    177  
  cop_0049_lp_nl     28.37960      0.000    186  
  cop_0050_lp_nl      1.88939      0.000    858  
  cop_0051_lp_nl      8.23477      0.000    184  
  cop_0052_lp_nl     11.86132      0.000    210  
  cop_0053_lp_nl      2.98776      0.000    384  
  cop_0054_lp_nl      1.63859      0.000    967  
  cop_0055_lp_nl      6.93559      0.000     60  
  cop_0056_lp_nl     15.01500      0.000    120  
  cop_0057_lp_nl      1.73620      0.000    922  
  cop_0058_lp_nl     26.78113      0.000     47  
  cop_0059_lp_nl      5.89845      0.000     19  
  cop_0060_lp_nl      3.24288      0.000    406  
  cop_0061_lp_nl      2.03106      0.000    826  
  cop_0062_lp_nl      2.50731      0.000    677  
  cop_0063_lp_nl      7.22212      0.000    197  
  cop_0064_lp_nl      6.26845      0.000      4  
  cop_0065_lp_nl      7.40757      0.000    292  
  cop_0066_lp_nl      1.92348      0.000    828  
  cop_0067_lp_nl      2.55232      0.000    655  
  cop_0068_lp_nl      2.17519      0.000    697  
  cop_0069_lp_nl      2.44202      0.000    627  
  cop_0070_lp_nl      1.82699      0.000    886  
  cop_0071_lp_nl      3.04570      0.000    391  
  cop_0072_lp_nl      2.10760      0.000    774  
  cop_0073_lp_nl      3.11258      0.000    538  
  cop_0074_lp_nl      4.66524      0.000    351  
  cop_0075_lp_nl      3.34503      0.000    404  
  cop_0076_lp_nl      2.45972      0.000    584  
  cop_0077_lp_nl      3.98986      0.000    182  
  cop_0078_lp_nl      2.12271      0.000    724  
  cop_0079_lp_nl      1.65925      0.000    964  
  cop_0080_lp_nl     17.14548      0.000    130  
  cop_0081_lp_nl      2.58989      0.000    663  
  cop_0082_lp_nl      2.33636      0.000    680  
  cop_0083_lp_nl      3.06860      0.000    467  
  cop_0084_lp_nl      5.67460      0.000    334  
  cop_0085_lp_nl      7.16206      0.000    123  
  cop_0086_lp_nl     78.57312      0.000    312  
  cop_0087_lp_nl      1.95959      0.000    793  
  cop_0088_lp_nl     11.33874      0.000     52  
  cop_0089_lp_nl     16.80801      0.000    475  
  cop_0090_lp_nl      3.71862      0.000    196  
  cop_0091_lp_nl      2.08966      0.000    800  
  cop_0092_lp_nl      4.26707      0.000    267  
  cop_0093_lp_nl      7.14064      0.000     16  
  cop_0094_lp_nl      1.91482      0.000    856  
  cop_0095_lp_nl     20.26213      0.000    168  
  cop_0096_lp_nl     15.10680      0.000    127  
  cop_0097_lp_nl      2.02405      0.000    760  
  cop_0098_lp_nl      4.90398      0.000    206  
  cop_0099_lp_nl      2.42157      0.000    686  
  cop_0100_lp_nl      1.71727      0.000    927  
  cop_0101_lp_nl      2.50673      0.000    555  
  cop_0102_lp_nl      1.67581      0.000    936  
  cop_0103_lp_nl      2.00873      0.000    734  
  cop_0104_lp_nl      6.45207      0.000     83  
  cop_0105_lp_nl      2.24615      0.000    637  
  cop_0106_lp_nl      1.65023      0.000    947  
  cop_0107_lp_nl      1.76183      0.000    915  
  cop_0108_lp_nl      3.00941      0.000    608  
  cop_0109_lp_nl      2.56739      0.000    622  
  cop_0110_lp_nl      3.40121      0.000    369  
  cop_0111_lp_nl      4.46446      0.000     53  
  cop_0112_lp_nl      1.93192      0.000    854  
  cop_0113_lp_nl      3.34619      0.000    545  
  cop_0114_lp_nl     15.54006      0.000    283  
  cop_0115_lp_nl      8.94583      0.000     80  
  cop_0116_lp_nl      3.32453      0.000    461  
  cop_0117_lp_nl      1.73749      0.000    914  
  cop_0118_lp_nl      1.99497      0.000    799  
  cop_0119_lp_nl     20.68743      0.000    296  
  cop_0120_lp_nl      2.00386      0.000    759  
  cop_0121_lp_nl      1.75491      0.000    909  
  cop_0122_lp_nl      5.53858      0.000    134  
  cop_0123_lp_nl      6.14658      0.000    200  
  cop_0124_lp_nl      2.87375      0.000    488  
  cop_0125_lp_nl      2.27063      0.000    743  
  cop_0126_lp_nl      2.16293      0.000    763  
  cop_0127_lp_nl      2.52031      0.000    601  
  cop_0128_lp_nl      3.08159      0.000    485  
  cop_0129_lp_nl      5.52539      0.000    498  
  cop_0130_lp_nl     16.09722      0.000     86  
  cop_0131_lp_nl      2.79519      0.000    592  
  cop_0132_lp_nl      5.48413      0.000    119  
  cop_0133_lp_nl      2.42839      0.000    583  
  cop_0134_lp_nl      1.78699      0.000    881  
  cop_0135_lp_nl      2.25793      0.000    769  
  cop_0136_lp_nl      1.69030      0.000    933  
  cop_0137_lp_nl      4.23119      0.000    454  
  cop_0138_lp_nl      8.27417      0.000     39  
  cop_0139_lp_nl      1.63926      0.000    939  
  cop_0140_lp_nl     28.23241      0.000     40  
  cop_0141_lp_nl      3.08883      0.000    392  
  cop_0142_lp_nl      1.53921      0.000    986  
  cop_0143_lp_nl      4.81624      0.000     22  
  cop_0144_lp_nl      2.95040      0.000    452  
  cop_0145_lp_nl      1.77387      0.000    911  
  cop_0146_lp_nl      4.07188      0.000    237  
  cop_0147_lp_nl      1.95296      0.000    864  
  cop_0148_lp_nl      1.49885      0.000    992  
  cop_0149_lp_nl      3.18701      0.000    558  
  cop_0150_lp_nl      2.15929      0.000    689  
  cop_0151_lp_nl      2.92795      0.000    544  
  cop_0152_lp_nl      2.07181      0.000    810  
  cop_0153_lp_nl      5.82669      0.000    218  
  cop_0154_lp_nl     17.92673      0.000    169  
  cop_0155_lp_nl      3.74022      0.000    427  
  cop_0156_lp_nl      1.85889      0.000    863  
  cop_0157_lp_nl      1.73311      0.000    926  
  cop_0158_lp_nl     12.15073      0.000    386  
  cop_0159_lp_nl      6.33529      0.000    242  
  cop_0160_lp_nl      7.70022      0.000     45  
  cop_0161_lp_nl      2.14971      0.000    772  
  cop_0162_lp_nl      2.28158      0.000    700  
  cop_0163_lp_nl      5.14256      0.000    214  
  cop_0164_lp_nl      7.06335      0.000    122  
  cop_0165_lp_nl      1.86667      0.000    873  
  cop_0166_lp_nl      1.63221      0.000    965  
  cop_0167_lp_nl     10.66307      0.000    135  
  cop_0168_lp_nl      9.50974      0.000     10  
  cop_0169_lp_nl      1.94483      0.000    841  
  cop_0170_lp_nl      2.72682      0.000    664  
  cop_0171_lp_nl      2.08251      0.000    790  
  cop_0172_lp_nl      1.69265      0.000    941  
  cop_0173_lp_nl      2.00027      0.000    833  
  cop_0174_lp_nl      3.15898      0.000    472  
  cop_0175_lp_nl      5.37360      0.000    131  
  cop_0176_lp_nl      2.52403      0.000    552  
  cop_0177_lp_nl      3.36432      0.000    333  
  cop_0178_lp_nl      5.88775      0.000    207  
  cop_0179_lp_nl      2.48915      0.000    693  
  cop_0180_lp_nl      2.67174      0.000    672  
  cop_0181_lp_nl      3.19587      0.000    466  
  cop_0182_lp_nl      2.34500      0.000    694  
  cop_0183_lp_nl      1.75492      0.000    913  
  cop_0184_lp_nl     14.77878      0.000     15  
  cop_0185_lp_nl      2.17282      0.000    722  
  cop_0186_lp_nl      1.90674      0.000    813  
  cop_0187_lp_nl      2.23909      0.000    737  
  cop_0188_lp_nl      5.42702      0.000    178  
  cop_0189_lp_nl      3.02624      0.000    247  
  cop_0190_lp_nl      4.49553      0.000    287  
  cop_0191_lp_nl      1.38331      1.000      -  yes
  cop_0192_lp_nl      3.44107      0.000    342  
  cop_0193_lp_nl      2.73513      0.000    539  
  cop_0194_lp_nl      2.27491      0.000    710  
  cop_0195_lp_nl      3.33540      0.000    519  
  cop_0196_lp_nl      2.77469      0.000    649  
  cop_0197_lp_nl      3.83314      0.000    338  
  cop_0198_lp_nl      3.83945      0.000    322  
  cop_0199_lp_nl      2.59341      0.000    541  
  cop_0200_lp_nl      2.36837      0.000    682  
  cop_0201_lp_nl      2.19366      0.000    767  
  cop_0202_lp_nl     14.28798      0.000    364  
  cop_0203_lp_nl      3.15560      0.000    216  
  cop_0204_lp_nl      2.84212      0.000    596  
  cop_0205_lp_nl      1.57862      0.000    979  
  cop_0206_lp_nl     10.82639      0.000      3  
  cop_0207_lp_nl      2.07731      0.000    802  
  cop_0208_lp_nl      4.18462      0.000    309  
  cop_0209_lp_nl      4.53471      0.000     66  
  cop_0210_lp_nl      3.29817      0.000    325  
  cop_0211_lp_nl      1.62762      0.000    956  
  cop_0212_lp_nl     15.87247      0.000    209  
  cop_0213_lp_nl      1.74075      0.000    923  
  cop_0214_lp_nl     57.07056      0.000    357  
  cop_0215_lp_nl      4.17198      0.000     61  
  cop_0216_lp_nl      4.11598      0.000    314  
  cop_0217_lp_nl      5.91895      0.000    374  
  cop_0218_lp_nl      2.96569      0.000    620  
  cop_0219_lp_nl    212.47912      0.000     18  
  cop_0220_lp_nl      1.97890      0.000    838  
  cop_0221_lp_nl      3.07586      0.000    594  
  cop_0222_lp_nl      3.67460      0.000    415  
  cop_0223_lp_nl      5.37757      0.000     17  
  cop_0224_lp_nl      3.67103      0.000    421  
  cop_0225_lp_nl      2.75800      0.000    318  
  cop_0226_lp_nl      1.82680      0.000    883  
  cop_0227_lp_nl      2.45320      0.000    654  
  cop_0228_lp_nl      2.06296      0.000    785  
  cop_0229_lp_nl     10.61409      0.000    105  
  cop_0230_lp_nl    163.53874      0.000    396  
  cop_0231_lp_nl      1.64294      0.000    970  
  cop_0232_lp_nl      2.32919      0.000    619  
  cop_0233_lp_nl      3.75613      0.000    301  
  cop_0234_lp_nl      3.30125      0.000    520  
  cop_0235_lp_nl      4.49030      0.000    193  
  cop_0236_lp_nl      2.09571      0.000    752  
  cop_0237_lp_nl      2.70438      0.000    376  
  cop_0238_lp_nl      4.22477      0.000    362  
  cop_0239_lp_nl      2.27762      0.000    639  
  cop_0240_lp_nl      1.73520      0.000    917  
  cop_0241_lp_nl      1.53284      0.000    987  
  cop_0242_lp_nl      4.24985      0.000     81  
  cop_0243_lp_nl      2.31244      0.000    614  
  cop_0244_lp_nl      7.52547      0.000    360  
  cop_0245_lp_nl      8.60414      0.000     12  
  cop_0246_lp_nl      3.34191      0.000    435  
  cop_0247_lp_nl      3.18620      0.000    591  
  cop_0248_lp_nl      3.09578      0.000    348  
  cop_0249_lp_nl      2.13778      0.000    733  
  cop_0250_lp_nl      2.68325      0.000    621  
  cop_0251_lp_nl      5.42322      0.000    203  
  cop_0252_lp_nl      2.44812      0.000    653  
  cop_0253_lp_nl     22.66063      0.000    187  
  cop_0254_lp_nl      2.05377      0.000    771  
  cop_0255_lp_nl      1.81991      0.000    880  
  cop_0256_lp_nl      1.94223      0.000    850  
  cop_0257_lp_nl     40.93308      0.000    221  
  cop_0258_lp_nl      3.00659      0.000    410  
  cop_0259_lp_nl      3.96821      0.000    255  
  cop_0260_lp_nl      3.43686      0.000    436  
  cop_0261_lp_nl      3.86310      0.000    114  
  cop_0262_lp_nl     20.27055      0.000    211  
  cop_0263_lp_nl     10.98898      0.000    161  
  cop_0264_lp_nl      3.12421      0.000    531  
  cop_0265_lp_nl      2.30231      0.000    739  
  cop_0266_lp_nl      8.44665      0.000    425  
  cop_0267_lp_nl      2.22822      0.000    744  
  cop_0268_lp_nl      2.70079      0.000    609  
  cop_0269_lp_nl      1.64788      0.000    961  
  cop_0270_lp_nl      5.89791      0.000    346  
  cop_0271_lp_nl      5.27251      0.000    311  
  cop_0272_lp_nl      3.29200      0.000    373  
  cop_0273_lp_nl      4.03217      0.000    142  
  cop_0274_lp_nl      2.02635      0.000    846  
  cop_0275_lp_nl      5.85169      0.000     32  
  cop_0276_lp_nl      6.95985      0.000     49  
  cop_0277_lp_nl      2.40417      0.000    692  
  cop_0278_lp_nl      5.57682      0.000    291  
  cop_0279_lp_nl      5.30918      0.000    263  
  cop_0280_lp_nl      2.96953      0.000    537  
  cop_0281_lp_nl      1.70659      0.000    924  
  cop_0282_lp_nl      2.50430      0.000    575  
  cop_0283_lp_nl      4.58739      0.000     98  
  cop_0284_lp_nl      2.90592      0.000    615  
  cop_0285_lp_nl      1.59202      0.000    976  
  cop_0286_lp_nl      5.45544      0.000    156  
  cop_0287_lp_nl      9.04161      0.000    251  
  cop_0288_lp_nl      2.38348      0.000    702  
  cop_0289_lp_nl      2.62788      0.000    688  
  cop_0290_lp_nl      5.99779      0.000    133  
  cop_0291_lp_nl      5.96546      0.000    175  
  cop_0292_lp_nl      2.85443      0.000    630  
  cop_0293_lp_nl      2.69858      0.000    353  
  cop_0294_lp_nl      2.91979      0.000    194  
  cop_0295_lp_nl      4.77788      0.000    389  
  cop_0296_lp_nl      3.70621      0.000    294  
  cop_0297_lp_nl     31.92018      0.000    107  
  cop_0298_lp_nl      1.63071      0.000    949  
  cop_0299_lp_nl      1.85105      0.000    895  
  cop_0300_lp_nl     11.22855      0.000     87  
  cop_0301_lp_nl      3.95765      0.000    395  
  cop_0302_lp_nl      2.03746      0.000    773  
  cop_0303_lp_nl      4.41072      0.000     95  
  cop_0304_lp_nl      5.76861      0.000     23  
  cop_0305_lp_nl      4.83106      0.000    482  
  cop_0306_lp_nl      2.27339      0.000    713  
  cop_0307_lp_nl      3.74858      0.000     82  
  cop_0308_lp_nl     28.94025      0.000     54  
  cop_0309_lp_nl      3.35401      0.000    507  
  cop_0310_lp_nl      2.77357      0.000    579  
  cop_0311_lp_nl      4.84236      0.000    126  
  cop_0312_lp_nl      2.12134      0.000    753  
  cop_0313_lp_nl      3.07798      0.000    533  
  cop_0314_lp_nl      2.90443      0.000    405  
  cop_0315_lp_nl      4.51019      0.000     30  
  cop_0316_lp_nl      2.58357      0.000    587  
  cop_0317_lp_nl      1.73501      0.000    925  
  cop_0318_lp_nl      3.07919      0.000    565  
  cop_0319_lp_nl      2.92894      0.000    577  
  cop_0320_lp_nl      1.78543      0.000    882  
  cop_0321_lp_nl      1.97963      0.000    804  
  cop_0322_lp_nl      5.00348      0.000    440  
  cop_0323_lp_nl     93.06769      0.000    228  
  cop_0324_lp_nl      4.36524      0.000    383  
  cop_0325_lp_nl     12.45004      0.000    148  
  cop_0326_lp_nl      7.53493      0.000    158  
  cop_0327_lp_nl     15.27612      0.000    227  
  cop_0328_lp_nl      4.96684      0.000    174  
  cop_0329_lp_nl     38.97022      0.000    146  
  cop_0330_lp_nl      3.98925      0.000    477  
  cop_0331_lp_nl      3.56238      0.000    492  
  cop_0332_lp_nl      8.49273      0.000     51  
  cop_0333_lp_nl     10.54742      0.000    225  
  cop_0334_lp_nl      2.27494      0.000    721  
  cop_0335_lp_nl      1.82548      0.000    875  
  cop_0336_lp_nl      3.40979      0.000    451  
  cop_0337_lp_nl      1.98748      0.000    812  
  cop_0338_lp_nl      1.82281      0.000    899  
  cop_0339_lp_nl      2.95875      0.000    515  
  cop_0340_lp_nl      4.27389      0.000    424  
  cop_0341_lp_nl      4.12166      0.000    448  
  cop_0342_lp_nl      4.90914      0.000    400  
  cop_0343_lp_nl      1.82214      0.000    888  
  cop_0344_lp_nl      4.56968      0.000    456  
  cop_0345_lp_nl      3.44403      0.000    457  
  cop_0346_lp_nl      2.06248      0.000    770  
  cop_0347_lp_nl      1.50747      0.000    990  
  cop_0348_lp_nl      1.74489      0.000    908  
  cop_0349_lp_nl      1.81879      0.000    885  
  cop_0350_lp_nl      2.07023      0.000    728  
  cop_0351_lp_nl      1.69799      0.000    948  
  cop_0352_lp_nl      3.05602      0.000    617  
  cop_0353_lp_nl      1.86619      0.000    872  
  cop_0354_lp_nl      7.72572      0.000    173  
  cop_0355_lp_nl      2.55535      0.000    526  
  cop_0356_lp_nl      1.47964      0.000    995  
  cop_0357_lp_nl      3.68140      0.000    339  
  cop_0358_lp_nl      3.71447      0.000    473  
  cop_0359_lp_nl      6.77532      0.000    102  
  cop_0360_lp_nl      4.81995      0.000    230  
  cop_0361_lp_nl      1.91635      0.000    839  
  cop_0362_lp_nl     22.07813      0.000    129  
  cop_0363_lp_nl      3.18036      0.000    344  
  cop_0364_lp_nl      2.03655      0.000    822  
  cop_0365_lp_nl      7.67607      0.000    274  
  cop_0366_lp_nl     11.61761      0.000    189  
  cop_0367_lp_nl      1.73016      0.000    928  
  cop_0368_lp_nl      1.93034      0.000    859  
  cop_0369_lp_nl      1.80897      0.000    890  
  cop_0370_lp_nl      4.88414      0.000    261  
  cop_0371_lp_nl      3.34890      0.000    510  
  cop_0372_lp_nl      4.09437      0.000    300  
  cop_0373_lp_nl      2.85626      0.000    557  
  cop_0374_lp_nl      1.76333      0.000    906  
  cop_0375_lp_nl     24.42556      0.000     41  
  cop_0376_lp_nl      4.74127      0.000    433  
  cop_0377_lp_nl      2.04178      0.000    803  
  cop_0378_lp_nl      2.42181      0.000    618  
  cop_0379_lp_nl      7.77249      0.000    231  
  cop_0380_lp_nl      6.74309      0.000    128  
  cop_0381_lp_nl     17.81992      0.000    132  
  cop_0382_lp_nl      2.31316      0.000    650  
  cop_0383_lp_nl      3.90264      0.000    463  
  cop_0384_lp_nl      4.37201      0.000    372  
  cop_0385_lp_nl      4.30190      0.000     72  
  cop_0386_lp_nl      2.82030      0.000    643  
  cop_0387_lp_nl      9.45221      0.000    198  
  cop_0388_lp_nl     20.63189      0.000     79  
  cop_0389_lp_nl     34.29397      0.000     67  
  cop_0390_lp_nl      1.89298      0.000    842  
  cop_0391_lp_nl     16.40820      0.000    195  
  cop_0392_lp_nl      3.18296      0.000    403  
  cop_0393_lp_nl      9.46204      0.000    279  
  cop_0394_lp_nl      5.30966      0.000      6  
  cop_0395_lp_nl      2.88447      0.000    549  
  cop_0396_lp_nl      1.78736      0.000    898  
  cop_0397_lp_nl      1.68094      0.000    937  
  cop_0398_lp_nl      4.26577      0.000    398  
  cop_0399_lp_nl      1.77620      0.000    902  
  cop_0400_lp_nl      2.38755      0.000    632  
  cop_0401_lp_nl      3.20200      0.000    547  
  cop_0402_lp_nl      5.64450      0.000    149  
  cop_0403_lp_nl      2.60610      0.000    503  
  cop_0404_lp_nl      5.18973      0.000     97  
  cop_0405_lp_nl      6.89337      0.000    277  
  cop_0406_lp_nl      4.35840      0.000    185  
  cop_0407_lp_nl      3.34073      0.000    447  
  cop_0408_lp_nl      2.44952      0.000    666  
  cop_0409_lp_nl      4.10097      0.000    501  
  cop_0410_lp_nl      1.47582      0.000    996  
  cop_0411_lp_nl    243.21304      0.000     71  
  cop_0412_lp_nl     11.01628      0.000     90  
  cop_0413_lp_nl      1.76344      0.000    912  
  cop_0414_lp_nl      8.09127      0.000    100  
  cop_0415_lp_nl      5.22468      0.000    115  
  cop_0416_lp_nl      3.60651      0.000    101  
  cop_0417_lp_nl      2.97344      0.000    236  
  cop_0418_lp_nl      5.47091      0.000    160  
  cop_0419_lp_nl      7.13901      0.000    273  
  cop_0420_lp_nl      4.87207      0.000    240  
  cop_0421_lp_nl      3.34640      0.000    468  
  cop_0422_lp_nl      1.70928      0.000    929  
  cop_0423_lp_nl      1.77326      0.000    903  
  cop_0424_lp_nl      1.75706      0.000    918  
  cop_0425_lp_nl     11.58777      0.000    152  
  cop_0426_lp_nl      1.60197      0.000    973  
  cop_0427_lp_nl      5.45387      0.000     91  
  cop_0428_lp_nl      1.89728      0.000    861  
  cop_0429_lp_nl      1.62897      0.000    963  
  cop_0430_lp_nl      2.79976      0.000    371  
  cop_0431_lp_nl      2.21426      0.000    616  
  cop_0432_lp_nl      2.65854      0.000    629  
  cop_0433_lp_nl      3.22630      0.000    286  
  cop_0434_lp_nl      4.79924      0.000    481  
  cop_0435_lp_nl      1.72921      0.000    916  
  cop_0436_lp_nl      2.24756      0.000    750  
  cop_0437_lp_nl      1.42492      0.000    999  
  cop_0438_lp_nl      2.71666      0.000    483  
  cop_0439_lp_nl      2.24202      0.000    741  
  cop_0440_lp_nl      1.96044      0.000    821  
  cop_0441_lp_nl      2.68778      0.000    567  
  cop_0442_lp_nl      2.36417      0.000    635  
  cop_0443_lp_nl      2.09245      0.000    742  
  cop_0444_lp_nl      1.78062      0.000    894  
  cop_0445_lp_nl      2.68724      0.000    511  
  cop_0446_lp_nl     43.97138      0.000     46  
  cop_0447_lp_nl      3.35407      0.000    354  
  cop_0448_lp_nl      3.43473      0.000    249  
  cop_0449_lp_nl      5.72331      0.000      9  
  cop_0450_lp_nl      1.93425      0.000    795  
  cop_0451_lp_nl      3.21578      0.000    597  
  cop_0452_lp_nl      3.52085      0.000    469  
  cop_0453_lp_nl      2.42177      0.000    696  
  cop_0454_lp_nl      5.08298      0.000     94  
  cop_0455_lp_nl      6.88703      0.000    401  
  cop_0456_lp_nl      5.37966      0.000    375  
  cop_0457_lp_nl      1.64215      0.000    969  
  cop_0458_lp_nl      2.10481      0.000    797  
  cop_0459_lp_nl      2.04203      0.000    784  
  cop_0460_lp_nl      1.96141      0.000    824  
  cop_0461_lp_nl      8.10883      0.000      7  
  cop_0462_lp_nl      3.01663      0.000    382  
  cop_0463_lp_nl      3.19101      0.000    543  
  cop_0464_lp_nl      2.26003      0.000    756  
  cop_0465_lp_nl      2.29134      0.000    717  
  cop_0466_lp_nl      1.76171      0.000    892  
  cop_0467_lp_nl      2.29825      0.000    595  
  cop_0468_lp_nl      4.32816      0.000     65  
  cop_0469_lp_nl      1.97644      0.000    840  
  cop_0470_lp_nl      3.13967      0.000    508  
  cop_0471_lp_nl      3.36797      0.000    380  
  cop_0472_lp_nl      4.08768      0.000    509  
  cop_0473_lp_nl      3.11700      0.000    442  
  cop_0474_lp_nl      2.60330      0.000    585  
  cop_0475_lp_nl      4.80246      0.000    253  
  cop_0476_lp_nl      2.50043      0.000    561  
  cop_0477_lp_nl      1.83414      0.000    878  
  cop_0478_lp_nl      1.66559      0.000    944  
  cop_0479_lp_nl      2.09897      0.000    820  
  cop_0480_lp_nl      1.91637      0.000    845  
  cop_0481_lp_nl      1.98084      0.000    827  
  cop_0482_lp_nl      2.22500      0.000    748  
  cop_0483_lp_nl      3.15274      0.000    224  
  cop_0484_lp_nl      5.13589      0.000    235  
  cop_0485_lp_nl      4.20524      0.000    564  
  cop_0486_lp_nl     12.12048      0.000    272  
  cop_0487_lp_nl      7.44632      0.000    299  
  cop_0488_lp_nl      6.39924      0.000    165  
  cop_0489_lp_nl      2.49299      0.000    576  
  cop_0490_lp_nl      5.08639      0.000    306  
  cop_0491_lp_nl      7.41438      0.000    409  
  cop_0492_lp_nl      4.14121      0.000    298  
  cop_0493_lp_nl      3.36148      0.000    487  
  cop_0494_lp_nl      1.87904      0.000    879  
  cop_0495_lp_nl      3.44564      0.000    370  
  cop_0496_lp_nl      5.21436      0.000    104  
  cop_0497_lp_nl      2.56263      0.000    668  
  cop_0498_lp_nl      2.18364      0.000    731  
  cop_0499_lp_nl      3.69063      0.000    244  
  cop_0500_lp_nl      1.99420      0.000    860  
  cop_0501_lp_nl      2.15483      0.000    707  
  cop_0502_lp_nl      2.21513      0.000    766  
  cop_0503_lp_nl      1.91727      0.000    853  
  cop_0504_lp_nl      3.25093      0.000    219  
  cop_0505_lp_nl      3.12240      0.000    307  
  cop_0506_lp_nl      3.46363      0.000    486  
  cop_0507_lp_nl      3.03007      0.000    570  
  cop_0508_lp_nl      6.15544      0.000    201  
  cop_0509_lp_nl      2.09672      0.000    762  
  cop_0510_lp_nl      1.58360      0.000    975  
  cop_0511_lp_nl     21.07238      0.000    355  
  cop_0512_lp_nl      2.54419      0.000    610  
  cop_0513_lp_nl      2.20076      0.000    780  
  cop_0514_lp_nl      2.06755      0.000    791  
  cop_0515_lp_nl      3.25158      0.000    335  
  cop_0516_lp_nl      1.91102      0.000    874  
  cop_0517_lp_nl      6.15771      0.000     36  
  cop_0518_lp_nl      2.32437      0.000    685  
  cop_0519_lp_nl      1.49053      0.000    994  
  cop_0520_lp_nl      2.17146      0.000    798  
  cop_0521_lp_nl      4.52884      0.000    367  
  cop_0522_lp_nl      3.68491      0.000    420  
  cop_0523_lp_nl      1.89468      0.000    844  
  cop_0524_lp_nl      2.79182      0.000    578  
  cop_0525_lp_nl      1.96875      0.000    783  
  cop_0526_lp_nl      1.57692      0.000    981  
  cop_0527_lp_nl      1.67438      0.000    934  
  cop_0528_lp_nl      7.29078      0.000     96  
  cop_0529_lp_nl      2.21616      0.000    719  
  cop_0530_lp_nl      3.54385      0.000    305  
  cop_0531_lp_nl      2.19609      0.000    735  
  cop_0532_lp_nl      7.83082      0.000    213  
  cop_0533_lp_nl      1.66289      0.000    960  
  cop_0534_lp_nl      1.54932      0.000    985  
  cop_0535_lp_nl     10.37019      0.000    328  
  cop_0536_lp_nl      2.17496      0.000    715  
  cop_0537_lp_nl      4.09555      0.000    281  
  cop_0538_lp_nl      1.61422      0.000    972  
  cop_0539_lp_nl      4.38587      0.000    341  
  cop_0540_lp_nl      2.28596      0.000    667  
  cop_0541_lp_nl      2.68204      0.000    661  
  cop_0542_lp_nl      2.16315      0.000    703  
  cop_0543_lp_nl      3.21340      0.000    542  
  cop_0544_lp_nl      2.32534      0.000    727  
  cop_0545_lp_nl      2.83259      0.000    471  
  cop_0546_lp_nl      3.34285      0.000    166  
  cop_0547_lp_nl      3.06764      0.000    524  
  cop_0548_lp_nl     12.90792      0.000     70  
  cop_0549_lp_nl     77.98529      0.000    163  
  cop_0550_lp_nl      7.27578      0.000     64  
  cop_0551_lp_nl      5.01106      0.000    176  
  cop_0552_lp_nl      1.69218      0.000    946  
  cop_0553_lp_nl      1.95038      0.000    834  
  cop_0554_lp_nl      1.63192      0.000    951  
  cop_0555_lp_nl      2.23165      0.000    704  
  cop_0556_lp_nl      2.56106      0.000    512  
  cop_0557_lp_nl      4.79326      0.000    535  
  cop_0558_lp_nl     10.84849      0.000    167  
  cop_0559_lp_nl      3.99479      0.000    204  
  cop_0560_lp_nl      5.84507      0.000    220  
  cop_0561_lp_nl      2.42915      0.000    745  
  cop_0562_lp_nl     39.88823      0.000    256  
  cop_0563_lp_nl      4.61671      0.000    124  
  cop_0564_lp_nl      2.73371      0.000    626  
  cop_0565_lp_nl      3.42531      0.000    340  
  cop_0566_lp_nl      2.25784      0.000    687  
  cop_0567_lp_nl      7.62677      0.000    238  
  cop_0568_lp_nl      2.87932      0.000    450  
  cop_0569_lp_nl      3.95978      0.000    478  
  cop_0570_lp_nl      2.11371      0.000    723  
  cop_0571_lp_nl      2.48256      0.000    705  
  cop_0572_lp_nl     12.29167      0.000    109  
  cop_0573_lp_nl      5.31979      0.000     89  
  cop_0574_lp_nl      1.90021      0.000    835  
  cop_0575_lp_nl      2.19849      0.000    754  
  cop_0576_lp_nl      3.36787      0.000    437  
  cop_0577_lp_nl      1.89048      0.000    871  
  cop_0578_lp_nl      3.87574      0.000    359  
  cop_0579_lp_nl      9.27554      0.000    164  
  cop_0580_lp_nl      5.45043      0.000    139  
  cop_0581_lp_nl      2.82155      0.000    659  
  cop_0582_lp_nl      9.63758      0.000     44  
  cop_0583_lp_nl      6.50206      0.000    222  
  cop_0584_lp_nl      7.02136      0.000     50  
  cop_0585_lp_nl      3.91982      0.000    260  
  cop_0586_lp_nl      2.43239      0.000    647  
  cop_0587_lp_nl      3.48568      0.000    479  
  cop_0588_lp_nl      4.28181      0.000    226  
  cop_0589_lp_nl      4.50521      0.000    288  
  cop_0590_lp_nl      4.83743      0.000    147  
  cop_0591_lp_nl     19.15653      0.000    397  
  cop_0592_lp_nl      2.75944      0.000    506  
  cop_0593_lp_nl      1.58580      0.000    978  
  cop_0594_lp_nl      2.31159      0.000    673  
  cop_0595_lp_nl      3.06302      0.000    571  
  cop_0596_lp_nl      1.90351      0.000    870  
  cop_0597_lp_nl      2.07850      0.000    805  
  cop_0598_lp_nl      1.62745      0.000    971  
  cop_0599_lp_nl      2.73529      0.000    540  
  cop_0600_lp_nl      2.44632      0.000    676  
  cop_0601_lp_nl      3.20007      0.000    522  
  cop_0602_lp_nl      5.16347      0.000    315  
  cop_0603_lp_nl      4.78258      0.000    179  
  cop_0604_lp_nl      1.97031      0.000    817  
  cop_0605_lp_nl      5.49820      0.000    275  
  cop_0606_lp_nl      3.20287      0.000    493  
  cop_0607_lp_nl      8.05661      0.000     63  
  cop_0608_lp_nl      7.49348      0.000     31  
  cop_0609_lp_nl      6.60879      0.000    308  
  cop_0610_lp_nl      6.33758      0.000    445  
  cop_0611_lp_nl      3.29044      0.000    499  
  cop_0612_lp_nl      6.33077      0.000     20  
  cop_0613_lp_nl      3.97070      0.000    106  
  cop_0614_lp_nl      3.66814      0.000    268  
  cop_0615_lp_nl      1.96182      0.000    789  
  cop_0616_lp_nl      3.25518      0.000    303  
  cop_0617_lp_nl      2.68974      0.000    624  
  cop_0618_lp_nl      4.83435      0.000    326  
  cop_0619_lp_nl      2.64762      0.000    494  
  cop_0620_lp_nl      2.26776      0.000    729  
  cop_0621_lp_nl      5.61132      0.000     42  
  cop_0622_lp_nl      1.89687      0.000    867  
  cop_0623_lp_nl      3.87952      0.000    438  
  cop_0624_lp_nl      2.07816      0.000    787  
  cop_0625_lp_nl      2.40203      0.000    657  
  cop_0626_lp_nl     10.50696      0.000    170  
  cop_0627_lp_nl      2.89865      0.000    343  
  cop_0628_lp_nl      1.78634      0.000    896  
  cop_0629_lp_nl      2.06432      0.000    796  
  cop_0630_lp_nl      3.59472      0.000    378  
  cop_0631_lp_nl      2.42245      0.000    720  
  cop_0632_lp_nl      7.74685      0.000    157  
  cop_0633_lp_nl      2.68848      0.000    683  
  cop_0634_lp_nl      1.73282      0.000    920  
  cop_0635_lp_nl      2.17932      0.000    698  
  cop_0636_lp_nl      4.51442      0.000    171  
  cop_0637_lp_nl     27.32497      0.000    458  
  cop_0638_lp_nl      3.11745      0.000    470  
  cop_0639_lp_nl      2.98252      0.000    480  
  cop_0640_lp_nl      3.66309      0.000    332  
  cop_0641_lp_nl      2.43695      0.000    633  
  cop_0642_lp_nl      1.60347      0.000    974  
  cop_0643_lp_nl      2.12955      0.000    765  
  cop_0644_lp_nl      2.99520      0.000    474  
  cop_0645_lp_nl      2.81052      0.000    407  
  cop_0646_lp_nl      2.18706      0.000    714  
  cop_0647_lp_nl      2.16734      0.000    738  
  cop_0648_lp_nl    148.25193      0.000     29  
  cop_0649_lp_nl      3.22362      0.000    529  
  cop_0650_lp_nl      2.06771      0.000    811  
  cop_0651_lp_nl      4.23286      0.000    264  
  cop_0652_lp_nl      1.69066      0.000    921  
  cop_0653_lp_nl      2.50093      0.000    660  
  cop_0654_lp_nl      1.59244      0.000    977  
  cop_0655_lp_nl      7.25066      0.000    155  
  cop_0656_lp_nl      4.88948      0.000     35  
  cop_0657_lp_nl      8.75843      0.000     33  
  cop_0658_lp_nl      4.85375      0.000    336  
  cop_0659_lp_nl      3.80884      0.000    259  
  cop_0660_lp_nl      1.63561      0.000    954  
  cop_0661_lp_nl      1.71277      0.000    930  
  cop_0662_lp_nl      5.45184      0.000     21  
  cop_0663_lp_nl      4.25243      0.000    233  
  cop_0664_lp_nl      1.91182      0.000    825  
  cop_0665_lp_nl      1.66029      0.000    955  
  cop_0666_lp_nl      2.68543      0.000    600  
  cop_0667_lp_nl      2.67156      0.000    641  
  cop_0668_lp_nl      2.92413      0.000    505  
  cop_0669_lp_nl      4.30252      0.000    316  
  cop_0670_lp_nl     32.82190      0.000    113  
  cop_0671_lp_nl      2.92701      0.000    441  
  cop_0672_lp_nl      2.79476      0.000    366  
  cop_0673_lp_nl      1.93619      0.000    786  
  cop_0674_lp_nl      5.51975      0.000    270  
  cop_0675_lp_nl      6.83886      0.000    413  
  cop_0676_lp_nl      3.61591      0.000    313  
  cop_0677_lp_nl      7.74162      0.000    205  
  cop_0678_lp_nl      3.34685      0.000    229  
  cop_0679_lp_nl     45.74411      0.000     68  
  cop_0680_lp_nl      4.04645      0.000     93  
  cop_0681_lp_nl      5.38320      0.000     38  
  cop_0682_lp_nl      3.30188      0.000    302  
  cop_0683_lp_nl      1.91564      0.000    852  
  cop_0684_lp_nl      1.80649      0.000    877  
  cop_0685_lp_nl      1.98111      0.000    818  
  cop_0686_lp_nl      1.77837      0.000    905  
  cop_0687_lp_nl      5.91178      0.000    121  
  cop_0688_lp_nl      2.57363      0.000    644  
  cop_0689_lp_nl      2.07108      0.000    706  
  cop_0690_lp_nl     22.53368      0.000     58  
  cop_0691_lp_nl      1.72854      0.000    919  
  cop_0692_lp_nl      1.89653      0.000    836  
  cop_0693_lp_nl      3.37924      0.000    117  
  cop_0694_lp_nl      1.93078      0.000    814  
  cop_0695_lp_nl      8.42887      0.000    188  
  cop_0696_lp_nl      1.69029      0.000    935  
  cop_0697_lp_nl      1.91500      0.000    819  
  cop_0698_lp_nl      3.78304      0.000    365  
  cop_0699_lp_nl      7.12964      0.000    345  
  cop_0700_lp_nl      9.51206      0.000     75  
  cop_0701_lp_nl      6.66409      0.000    217  
  cop_0702_lp_nl      1.50239      0.000    991  
  cop_0703_lp_nl      3.03379      0.000    572  
  cop_0704_lp_nl     24.11000      0.000    257  
  cop_0705_lp_nl      2.68007      0.000    636  
  cop_0706_lp_nl      3.03943      0.000    484  
  cop_0707_lp_nl      2.14517      0.000    747  
  cop_0708_lp_nl      1.56076      0.000    982  
  cop_0709_lp_nl      7.87722      0.000     43  
  cop_0710_lp_nl      4.79028      0.000    422  
  cop_0711_lp_nl      2.14193      0.000    716  
  cop_0712_lp_nl      2.08867      0.000    758  
  cop_0713_lp_nl      2.40538      0.000    580  
  cop_0714_lp_nl      5.49579      0.000    388  
  cop_0715_lp_nl      1.85894      0.000    893  
  cop_0716_lp_nl      5.74868      0.000    329  
  cop_0717_lp_nl      1.44319      0.000    998  
  cop_0718_lp_nl      5.39378      0.000    151  
  cop_0719_lp_nl      3.12091      0.000    536  
  cop_0720_lp_nl      1.67689      0.000    950  
  cop_0721_lp_nl      5.27760      0.000    108  
  cop_0722_lp_nl      5.32051      0.000    349  
  cop_0723_lp_nl      2.76291      0.000    446  
  cop_0724_lp_nl      3.07404      0.000    379  
  cop_0725_lp_nl      1.97951      0.000    809  
  cop_0726_lp_nl      3.05491      0.000    574  
  cop_0727_lp_nl      1.90453      0.000    868  
  cop_0728_lp_nl      2.62194      0.000    652  
  cop_0729_lp_nl      2.34363      0.000    671  
  cop_0730_lp_nl      3.98685      0.000     92  
  cop_0731_lp_nl      1.97174      0.000    829  
  cop_0732_lp_nl      5.28843      0.000    232  
  cop_0733_lp_nl      3.60533      0.000    553  
  cop_0734_lp_nl      6.61490      0.000     55  
  cop_0735_lp_nl      2.26694      0.000    736  
  cop_0736_lp_nl      2.15502      0.000    778  
  cop_0737_lp_nl      9.36712      0.000     11  
  cop_0738_lp_nl      2.12726      0.000    740  
  cop_0739_lp_nl     14.45812      0.000     62  
  cop_0740_lp_nl      1.66177      0.000    952  
  cop_0741_lp_nl      2.00227      0.000    764  
  cop_0742_lp_nl      2.16449      0.000    775  
  cop_0743_lp_nl      3.71059      0.000    297  
  cop_0744_lp_nl      4.27592      0.000     73  
  cop_0745_lp_nl      3.91116      0.000    285  
  cop_0746_lp_nl      3.81191      0.000    417  
  cop_0747_lp_nl      6.18465      0.000    324  
  cop_0748_lp_nl      2.42994      0.000    681  
  cop_0749_lp_nl      3.05579      0.000    399  
  cop_0750_lp_nl      1.91672      0.000    823  
  cop_0751_lp_nl      1.63604      0.000    953  
  cop_0752_lp_nl      7.71387      0.000     59  
  cop_0753_lp_nl      3.65507      0.000    347  
  cop_0754_lp_nl      5.80565      0.000    180  
  cop_0755_lp_nl      4.51057      0.000     84  
  cop_0756_lp_nl      2.12104      0.000    777  
  cop_0757_lp_nl      2.46277      0.000    711  
  cop_0758_lp_nl      2.69054      0.000    363  
  cop_0759_lp_nl      3.37600      0.000    460  
  cop_0760_lp_nl      4.62973      0.000    411  
  cop_0761_lp_nl      3.81814      0.000    223  
  cop_0762_lp_nl      3.11013      0.000    504  
  cop_0763_lp_nl      2.06333      0.000    830  
  cop_0764_lp_nl      2.21802      0.000    776  
  cop_0765_lp_nl      2.55859      0.000    678  
  cop_0766_lp_nl      2.73300      0.000    554  
  cop_0767_lp_nl      6.59919      0.000    202  
  cop_0768_lp_nl    101.94156      0.000     28  
  cop_0769_lp_nl      2.38576      0.000    642  
  cop_0770_lp_nl      2.27484      0.000    701  
  cop_0771_lp_nl      3.69179      0.000    377  
  cop_0772_lp_nl      1.65900      0.000    938  
  cop_0773_lp_nl      1.54502      0.000    984  
  cop_0774_lp_nl      1.89419      0.000    869  
  cop_0775_lp_nl      3.60601      0.000    556  
  cop_0776_lp_nl      3.19420      0.000    546  
  cop_0777_lp_nl      1.68052      0.000    945  
  cop_0778_lp_nl      2.47311      0.000    669  
  cop_0779_lp_nl      1.97277      0.000    831  
  cop_0780_lp_nl      2.03104      0.000    816  
  cop_0781_lp_nl      4.05951      0.000    385  
  cop_0782_lp_nl      1.94261      0.000    781  
  cop_0783_lp_nl      7.32981      0.000     57  
  cop_0784_lp_nl      2.03350      0.000    801  
  cop_0785_lp_nl      7.51291      0.000     27  
  cop_0786_lp_nl      6.35151      0.000    495  
  cop_0787_lp_nl     21.61239      0.000    245  
  cop_0788_lp_nl      5.27884      0.000    381  
  cop_0789_lp_nl      3.09820      0.000    514  
  cop_0790_lp_nl      4.83906      0.000    110  
  cop_0791_lp_nl      3.48689      0.000    491  
  cop_0792_lp_nl      6.20071      0.000     78  
  cop_0793_lp_nl      2.40323      0.000    679  
  cop_0794_lp_nl      2.09701      0.000    726  
  cop_0795_lp_nl      2.81564      0.000    426  
  cop_0796_lp_nl      1.78948      0.000    901  
  cop_0797_lp_nl      3.65994      0.000    497  
  cop_0798_lp_nl      2.76238      0.000    598  
  cop_0799_lp_nl      3.32003      0.000    278  
  cop_0800_lp_nl      2.62215      0.000    548  
  cop_0801_lp_nl      1.66528      0.000    942  
  cop_0802_lp_nl      2.05001      0.000    782  
  cop_0803_lp_nl      1.84745      0.000    848  
  cop_0804_lp_nl      2.65309      0.000    588  
  cop_0805_lp_nl      2.48985      0.000    670  
  cop_0806_lp_nl      2.61683      0.000    603  
  cop_0807_lp_nl      2.96214      0.000    412  
  cop_0808_lp_nl      7.92534      0.000    449  
  cop_0809_lp_nl      8.76123      0.000    125  
  cop_0810_lp_nl      8.92745      0.000     56  
  cop_0811_lp_nl      7.87291      0.000    159  
  cop_0812_lp_nl      7.29613      0.000    295  
  cop_0813_lp_nl      5.42677      0.000    402  
  cop_0814_lp_nl      2.43981      0.000    523  
  cop_0815_lp_nl      3.82481      0.000    323  
  cop_0816_lp_nl     16.75833      0.000    136  
  cop_0817_lp_nl      2.24893      0.000    695  
  cop_0818_lp_nl      3.38526      0.000    559  
  cop_0819_lp_nl      5.30798      0.000     26  
  cop_0820_lp_nl      1.87092      0.000    855  
  cop_0821_lp_nl      2.32471      0.000    646  
  cop_0822_lp_nl      3.32576      0.000    319  
  cop_0823_lp_nl      7.78597      0.000    116  
  cop_0824_lp_nl      1.58394      0.000    980  
  cop_0825_lp_nl      2.42961      0.000    708  
  cop_0826_lp_nl      2.06116      0.000    806  
  cop_0827_lp_nl      2.10220      0.000    815  
  cop_0828_lp_nl      2.31428      0.000    612  
  cop_0829_lp_nl      3.62584      0.000    439  
  cop_0830_lp_nl      6.23982      0.000      2  
  cop_0831_lp_nl      4.83706      0.000    266  
  cop_0832_lp_nl      1.47166      0.000    997  
  cop_0833_lp_nl      5.56617      0.000    145  
  cop_0834_lp_nl      2.55428      0.000    675  
  cop_0835_lp_nl      7.04881      0.000    140  
  cop_0836_lp_nl      5.07393      0.000     25  
  cop_0837_lp_nl      5.35267      0.000    317  
  cop_0838_lp_nl      2.94436      0.000    432  
  cop_0839_lp_nl      4.92529      0.000    350  
  cop_0840_lp_nl      2.46372      0.000    658  
  cop_0841_lp_nl      2.02890      0.000    768  
  cop_0842_lp_nl      4.49901      0.000    331  
  cop_0843_lp_nl      2.28002      0.000    605  
  cop_0844_lp_nl      2.40682      0.000    521  
  cop_0845_lp_nl      6.53862      0.000    144  
  cop_0846_lp_nl      6.69964      0.000    304  
  cop_0847_lp_nl      6.40057      0.000    252  
  cop_0848_lp_nl      2.91326      0.000    656  
  cop_0849_lp_nl      1.93243      0.000    857  
  cop_0850_lp_nl      1.74882      0.000    907  
  cop_0851_lp_nl      4.26760      0.000    282  
  cop_0852_lp_nl      1.99910      0.000    794  
  cop_0853_lp_nl      2.33187      0.000    755  
  cop_0854_lp_nl      2.83200      0.000    560  
  cop_0855_lp_nl      2.50599      0.000    562  
  cop_0856_lp_nl      3.59478      0.000    517  
  cop_0857_lp_nl      3.68089      0.000    443  
  cop_0858_lp_nl      3.87023      0.000    358  
  cop_0859_lp_nl      1.77971      0.000    897  
  cop_0860_lp_nl      6.96817      0.000    241  
  cop_0861_lp_nl      2.49093      0.000    607  
  cop_0862_lp_nl      1.74477      0.000    904  
  cop_0863_lp_nl      2.25135      0.000    757  
  cop_0864_lp_nl      4.70922      0.000    262  
  cop_0865_lp_nl      9.63000      0.000    429  
  cop_0866_lp_nl      2.62667      0.000    625  
  cop_0867_lp_nl      2.07438      0.000    788  
  cop_0868_lp_nl      8.52588      0.000     76  
  cop_0869_lp_nl      6.53794      0.000    138  
  cop_0870_lp_nl     15.12970      0.000     77  
  cop_0871_lp_nl      1.79599      0.000    889  
  cop_0872_lp_nl      3.07281      0.000    590  
  cop_0873_lp_nl      6.98425      0.000    431  
  cop_0874_lp_nl      1.72840      0.000    931  
  cop_0875_lp_nl      1.93118      0.000    847  
  cop_0876_lp_nl      2.07833      0.000    807  
  cop_0877_lp_nl      3.12485      0.000    418  
  cop_0878_lp_nl      2.06816      0.000    779  
  cop_0879_lp_nl      2.17999      0.000    699  
  cop_0880_lp_nl      2.35359      0.000    684  
  cop_0881_lp_nl      3.36588      0.000    573  
  cop_0882_lp_nl      2.90278      0.000    423  
  cop_0883_lp_nl      7.87043      0.000      5  
  cop_0884_lp_nl      1.87064      0.000    862  
  cop_0885_lp_nl     18.25480      0.000    208  
  cop_0886_lp_nl      2.46059      0.000    527  
  cop_0887_lp_nl      8.18210      0.000    408  
  cop_0888_lp_nl      6.67265      0.000    276  
  cop_0889_lp_nl      2.00806      0.000    837  
  cop_0890_lp_nl     11.91883      0.000    368  
  cop_0891_lp_nl      2.63233      0.000    566  
  cop_0892_lp_nl      4.55171      0.000    465  
  cop_0893_lp_nl      3.20691      0.000    490  
  cop_0894_lp_nl      6.54036      0.000     37  
  cop_0895_lp_nl      2.66617      0.000    602  
  cop_0896_lp_nl      2.72468      0.000    530  
  cop_0897_lp_nl      1.64349      0.000    957  
  cop_0898_lp_nl      2.89400      0.000    525  
  cop_0899_lp_nl      1.93491      0.000    851  
  cop_0900_lp_nl     10.04360      0.000      8  
  cop_0901_lp_nl      2.90849      0.000    513  
  cop_0902_lp_nl      1.81849      0.000    884  
  cop_0903_lp_nl      4.72050      0.000    234  
  cop_0904_lp_nl      2.16645      0.000    690  
  cop_0905_lp_nl      1.52413      0.000    988  
  cop_0906_lp_nl      1.64653      0.000    966  
  cop_0907_lp_nl      6.34713      0.000    271  
  cop_0908_lp_nl      4.23185      0.000    430  
  cop_0909_lp_nl      4.87514      0.000    190  
  cop_0910_lp_nl      3.49071      0.000    516  
  cop_0911_lp_nl      1.91266      0.000    865  
  cop_0912_lp_nl      2.90182      0.000    496  
  cop_0913_lp_nl      1.77277      0.000    900  
  cop_0914_lp_nl      1.71469      0.000    932  
  cop_0915_lp_nl      2.81806      0.000    551  
  cop_0916_lp_nl      2.50301      0.000    638  
  cop_0917_lp_nl      1.51079      0.000    989  
  cop_0918_lp_nl     13.62047      0.000    464  
  cop_0919_lp_nl      6.47024      0.000     88  
  cop_0920_lp_nl      2.81375      0.000    518  
  cop_0921_lp_nl      3.16841      0.000    284  
  cop_0922_lp_nl      4.57293      0.000    444  
  cop_0923_lp_nl      2.61303      0.000    604  
  cop_0924_lp_nl    109.52936      0.000    137  
  cop_0925_lp_nl      2.45279      0.000    665  
  cop_0926_lp_nl     14.10958      0.000    289  
  cop_0927_lp_nl      7.03696      0.000     74  
  cop_0928_lp_nl     13.95385      0.000     13  
  cop_0929_lp_nl      6.10291      0.000    321  
  cop_0930_lp_nl      2.53144      0.000    586  
  cop_0931_lp_nl      1.49774      0.000    993  
  cop_0932_lp_nl      5.35103      0.000    103  
  cop_0933_lp_nl      2.68650      0.000    582  
  cop_0934_lp_nl      2.84694      0.000    455  
  cop_0935_lp_nl      2.24683      0.000    662  
  cop_0936_lp_nl      4.19387      0.000    192  
  cop_0937_lp_nl      2.22489      0.000    761  
  cop_0938_lp_nl      5.86766      0.000    390  
  cop_0939_lp_nl      4.24660      0.000    246  
  cop_0940_lp_nl      4.10376      0.000    150  
  cop_0941_lp_nl      2.91020      0.000    606  
  cop_0942_lp_nl     18.27437      0.000    269  
  cop_0943_lp_nl      2.51406      0.000    640  
  cop_0944_lp_nl      2.96481      0.000    330  
  cop_0945_lp_nl      6.89749      0.000     69  
  cop_0946_lp_nl      4.22698      0.000    243  
  cop_0947_lp_nl      2.99860      0.000    254  
  cop_0948_lp_nl      1.62601      0.000    968  
  cop_0949_lp_nl      9.37794      0.000    414  
  cop_0950_lp_nl      2.31621      0.000    645  
  cop_0951_lp_nl      2.60776      0.000    581  
  cop_0952_lp_nl      3.26541      0.000    528  
  cop_0953_lp_nl      6.01945      0.000     85  
  cop_0954_lp_nl      5.78909      0.000    172  
  cop_0955_lp_nl      3.15982      0.000    550  
  cop_0956_lp_nl      2.74725      0.000    568  
  cop_0957_lp_nl      2.90901      0.000    502  
  cop_0958_lp_nl     10.67591      0.000      1  
  cop_0959_lp_nl      2.54308      0.000    651  
  cop_0960_lp_nl      6.29353      0.000    337  
  cop_0961_lp_nl      4.59378      0.000    199  
  cop_0962_lp_nl      3.51540      0.000    258  
  cop_0963_lp_nl      2.18978      0.000    732  
  cop_0964_lp_nl      2.18026      0.000    674  
  cop_0965_lp_nl      6.92081      0.000     48  
  cop_0966_lp_nl      5.18458      0.000    162  
  cop_0967_lp_nl     16.40544      0.000    183  
  cop_0968_lp_nl      2.92420      0.000    631  
  cop_0969_lp_nl      1.92116      0.000    832  
  cop_0970_lp_nl      1.55137      0.000    983  
  cop_0971_lp_nl      1.95638      0.000    808  
  cop_0972_lp_nl      2.46615      0.000    712  
  cop_0973_lp_nl      3.12578      0.000    280  
  cop_0974_lp_nl      1.76989      0.000    887  
  cop_0975_lp_nl      4.35282      0.000    250  
  cop_0976_lp_nl      4.73862      0.000    265  
  cop_0977_lp_nl     14.83832      0.000    181  
  cop_0978_lp_nl      3.56466      0.000    476  
  cop_0979_lp_nl      2.78972      0.000    623  
  cop_0980_lp_nl      9.70069      0.000    191  
  cop_0981_lp_nl      8.43216      0.000     99  
  cop_0982_lp_nl      2.65751      0.000    459  
  cop_0983_lp_nl      3.44067      0.000    453  
  cop_0984_lp_nl      8.28393      0.000    352  
  cop_0985_lp_nl      4.78207      0.000    327  
  cop_0986_lp_nl      3.22328      0.000    393  
  cop_0987_lp_nl      4.05447      0.000    118  
  cop_0988_lp_nl      3.52470      0.000    563  
  cop_0989_lp_nl      6.26919      0.000     34  
  cop_0990_lp_nl      4.97799      0.000    310  
  cop_0991_lp_nl      2.82675      0.000    589  
  cop_0992_lp_nl      4.66559      0.000    111  
  cop_0993_lp_nl      2.64364      0.000    634  
  cop_0994_lp_nl      1.69798      0.000    943  
  cop_0995_lp_nl      2.56002      0.000    613  
  cop_0996_lp_nl      3.03013      0.000    416  
  cop_0997_lp_nl      7.46025      0.000    356  
  cop_0998_lp_nl      2.27445      0.000    718  
  cop_0999_lp_nl      3.33438      0.000    462  
  cop_1000_lp_nl      3.99452      0.000    394  
  eliminated, worst first: cop_0958_lp_nl cop_0830_lp_nl cop_0206_lp_nl cop_0064_lp_nl cop_0883_lp_nl cop_0394_lp_nl cop_0461_lp_nl cop_0900_lp_nl cop_0449_lp_nl cop_0168_lp_nl cop_0737_lp_nl cop_0245_lp_nl cop_0928_lp_nl cop_0025_lp_nl cop_0184_lp_nl cop_0093_lp_nl cop_0223_lp_nl cop_0219_lp_nl cop_0059_lp_nl cop_0612_lp_nl cop_0662_lp_nl cop_0143_lp_nl cop_0304_lp_nl cop_0046_lp_nl cop_0836_lp_nl cop_0819_lp_nl cop_0785_lp_nl cop_0768_lp_nl cop_0648_lp_nl cop_0315_lp_nl cop_0608_lp_nl cop_0275_lp_nl cop_0657_lp_nl cop_0989_lp_nl cop_0656_lp_nl cop_0517_lp_nl cop_0894_lp_nl cop_0681_lp_nl cop_0138_lp_nl cop_0140_lp_nl cop_0375_lp_nl cop_0621_lp_nl cop_0709_lp_nl cop_0582_lp_nl cop_0160_lp_nl cop_0446_lp_nl cop_0058_lp_nl cop_0965_lp_nl cop_0276_lp_nl cop_0584_lp_nl cop_0332_lp_nl cop_0088_lp_nl cop_0111_lp_nl cop_0308_lp_nl cop_0734_lp_nl cop_0810_lp_nl cop_0783_lp_nl cop_0690_lp_nl cop_0752_lp_nl cop_0055_lp_nl cop_0215_lp_nl cop_0739_lp_nl cop_0607_lp_nl cop_0550_lp_nl cop_0468_lp_nl cop_0209_lp_nl cop_0389_lp_nl cop_0679_lp_nl cop_0945_lp_nl cop_0548_lp_nl cop_0411_lp_nl cop_0385_lp_nl cop_0744_lp_nl cop_0927_lp_nl cop_0700_lp_nl cop_0868_lp_nl cop_0870_lp_nl cop_0792_lp_nl cop_0388_lp_nl cop_0115_lp_nl cop_0242_lp_nl cop_0307_lp_nl cop_0104_lp_nl cop_0755_lp_nl cop_0953_lp_nl cop_0130_lp_nl cop_0300_lp_nl cop_0919_lp_nl cop_0573_lp_nl cop_0412_lp_nl cop_0427_lp_nl cop_0730_lp_nl cop_0680_lp_nl cop_0454_lp_nl cop_0303_lp_nl cop_0528_lp_nl cop_0404_lp_nl cop_0283_lp_nl cop_0981_lp_nl cop_0414_lp_nl cop_0416_lp_nl cop_0359_lp_nl cop_0932_lp_nl cop_0496_lp_nl cop_0229_lp_nl cop_0613_lp_nl cop_0297_lp_nl cop_0721_lp_nl cop_0572_lp_nl cop_0790_lp_nl cop_0992_lp_nl cop_0009_lp_nl cop_0670_lp_nl cop_0261_lp_nl cop_0415_lp_nl cop_0823_lp_nl cop_0693_lp_nl cop_0987_lp_nl cop_0132_lp_nl cop_0056_lp_nl cop_0687_lp_nl cop_0164_lp_nl cop_0085_lp_nl cop_0563_lp_nl cop_0809_lp_nl cop_0311_lp_nl cop_0096_lp_nl cop_0380_lp_nl cop_0362_lp_nl cop_0080_lp_nl cop_0175_lp_nl cop_0381_lp_nl cop_0290_lp_nl cop_0122_lp_nl cop_0167_lp_nl cop_0816_lp_nl cop_0924_lp_nl cop_0869_lp_nl cop_0580_lp_nl cop_0835_lp_nl cop_0014_lp_nl cop_0273_lp_nl cop_0015_lp_nl cop_0845_lp_nl cop_0833_lp_nl cop_0329_lp_nl cop_0590_lp_nl cop_0325_lp_nl cop_0402_lp_nl cop_0940_lp_nl cop_0718_lp_nl cop_0425_lp_nl cop_0013_lp_nl cop_0020_lp_nl cop_0655_lp_nl cop_0286_lp_nl cop_0632_lp_nl cop_0326_lp_nl cop_0811_lp_nl cop_0418_lp_nl cop_0263_lp_nl cop_0966_lp_nl cop_0549_lp_nl cop_0579_lp_nl cop_0488_lp_nl cop_0546_lp_nl cop_0558_lp_nl cop_0095_lp_nl cop_0154_lp_nl cop_0626_lp_nl cop_0636_lp_nl cop_0954_lp_nl cop_0354_lp_nl cop_0328_lp_nl cop_0291_lp_nl cop_0551_lp_nl cop_0048_lp_nl cop_0188_lp_nl cop_0603_lp_nl cop_0754_lp_nl cop_0977_lp_nl cop_0077_lp_nl cop_0967_lp_nl cop_0051_lp_nl cop_0406_lp_nl cop_0049_lp_nl cop_0253_lp_nl cop_0695_lp_nl cop_0366_lp_nl cop_0909_lp_nl cop_0980_lp_nl cop_0936_lp_nl cop_0235_lp_nl cop_0294_lp_nl cop_0391_lp_nl cop_0090_lp_nl cop_0063_lp_nl cop_0387_lp_nl cop_0961_lp_nl cop_0123_lp_nl cop_0508_lp_nl cop_0767_lp_nl cop_0251_lp_nl cop_0559_lp_nl cop_0677_lp_nl cop_0098_lp_nl cop_0178_lp_nl cop_0885_lp_nl cop_0212_lp_nl cop_0052_lp_nl cop_0262_lp_nl cop_0043_lp_nl cop_0532_lp_nl cop_0163_lp_nl cop_0029_lp_nl cop_0203_lp_nl cop_0701_lp_nl cop_0153_lp_nl cop_0504_lp_nl cop_0560_lp_nl cop_0257_lp_nl cop_0583_lp_nl cop_0761_lp_nl cop_0483_lp_nl cop_0333_lp_nl cop_0588_lp_nl cop_0327_lp_nl cop_0323_lp_nl cop_0678_lp_nl cop_0360_lp_nl cop_0379_lp_nl cop_0732_lp_nl cop_0663_lp_nl cop_0903_lp_nl cop_0484_lp_nl cop_0417_lp_nl cop_0146_lp_nl cop_0567_lp_nl cop_0012_lp_nl cop_0420_lp_nl cop_0860_lp_nl cop_0159_lp_nl cop_0946_lp_nl cop_0499_lp_nl cop_0787_lp_nl cop_0939_lp_nl cop_0189_lp_nl cop_0041_lp_nl cop_0448_lp_nl cop_0975_lp_nl cop_0287_lp_nl cop_0847_lp_nl cop_0475_lp_nl cop_0947_lp_nl cop_0259_lp_nl cop_0562_lp_nl cop_0704_lp_nl cop_0962_lp_nl cop_0659_lp_nl cop_0585_lp_nl cop_0370_lp_nl cop_0864_lp_nl cop_0279_lp_nl cop_0651_lp_nl cop_0976_lp_nl cop_0831_lp_nl cop_0092_lp_nl cop_0614_lp_nl cop_0942_lp_nl cop_0674_lp_nl cop_0907_lp_nl cop_0486_lp_nl cop_0419_lp_nl cop_0365_lp_nl cop_0605_lp_nl cop_0888_lp_nl cop_0405_lp_nl cop_0799_lp_nl cop_0393_lp_nl cop_0973_lp_nl cop_0537_lp_nl cop_0851_lp_nl cop_0114_lp_nl cop_0921_lp_nl cop_0745_lp_nl cop_0433_lp_nl cop_0190_lp_nl cop_0589_lp_nl cop_0926_lp_nl cop_0038_lp_nl cop_0278_lp_nl cop_0065_lp_nl cop_0018_lp_nl cop_0296_lp_nl cop_0812_lp_nl cop_0119_lp_nl cop_0743_lp_nl cop_0492_lp_nl cop_0487_lp_nl cop_0372_lp_nl cop_0233_lp_nl cop_0682_lp_nl cop_0616_lp_nl cop_0846_lp_nl cop_0530_lp_nl cop_0490_lp_nl cop_0505_lp_nl cop_0609_lp_nl cop_0208_lp_nl cop_0990_lp_nl cop_0271_lp_nl cop_0086_lp_nl cop_0676_lp_nl cop_0216_lp_nl cop_0602_lp_nl cop_0669_lp_nl cop_0837_lp_nl cop_0225_lp_nl cop_0822_lp_nl cop_0033_lp_nl cop_0929_lp_nl cop_0198_lp_nl cop_0815_lp_nl cop_0747_lp_nl cop_0210_lp_nl cop_0618_lp_nl cop_0985_lp_nl cop_0535_lp_nl cop_0716_lp_nl cop_0944_lp_nl cop_0842_lp_nl cop_0640_lp_nl cop_0177_lp_nl cop_0084_lp_nl cop_0515_lp_nl cop_0658_lp_nl cop_0960_lp_nl cop_0197_lp_nl cop_0357_lp_nl cop_0565_lp_nl cop_0539_lp_nl cop_0192_lp_nl cop_0627_lp_nl cop_0363_lp_nl cop_0699_lp_nl cop_0270_lp_nl cop_0753_lp_nl cop_0248_lp_nl cop_0722_lp_nl cop_0839_lp_nl cop_0074_lp_nl cop_0984_lp_nl cop_0293_lp_nl cop_0447_lp_nl cop_0511_lp_nl cop_0997_lp_nl cop_0214_lp_nl cop_0858_lp_nl cop_0578_lp_nl cop_0244_lp_nl cop_0034_lp_nl cop_0238_lp_nl cop_0758_lp_nl cop_0202_lp_nl cop_0698_lp_nl cop_0672_lp_nl cop_0521_lp_nl cop_0890_lp_nl cop_0110_lp_nl cop_0495_lp_nl cop_0430_lp_nl cop_0384_lp_nl cop_0272_lp_nl cop_0217_lp_nl cop_0456_lp_nl cop_0237_lp_nl cop_0771_lp_nl cop_0630_lp_nl cop_0724_lp_nl cop_0471_lp_nl cop_0788_lp_nl cop_0462_lp_nl cop_0324_lp_nl cop_0053_lp_nl cop_0781_lp_nl cop_0158_lp_nl cop_0023_lp_nl cop_0714_lp_nl cop_0295_lp_nl cop_0938_lp_nl cop_0071_lp_nl cop_0141_lp_nl cop_0986_lp_nl cop_1000_lp_nl cop_0301_lp_nl cop_0230_lp_nl cop_0591_lp_nl cop_0398_lp_nl cop_0749_lp_nl cop_0342_lp_nl cop_0455_lp_nl cop_0813_lp_nl cop_0392_lp_nl cop_0075_lp_nl cop_0314_lp_nl cop_0060_lp_nl cop_0645_lp_nl cop_0887_lp_nl cop_0491_lp_nl cop_0258_lp_nl cop_0760_lp_nl cop_0807_lp_nl cop_0675_lp_nl cop_0949_lp_nl cop_0222_lp_nl cop_0996_lp_nl cop_0746_lp_nl cop_0877_lp_nl cop_0028_lp_nl cop_0522_lp_nl cop_0224_lp_nl cop_0710_lp_nl cop_0882_lp_nl cop_0340_lp_nl cop_0266_lp_nl cop_0795_lp_nl cop_0155_lp_nl cop_0026_lp_nl cop_0865_lp_nl cop_0908_lp_nl cop_0873_lp_nl cop_0838_lp_nl cop_0376_lp_nl cop_0021_lp_nl cop_0246_lp_nl cop_0260_lp_nl cop_0576_lp_nl cop_0623_lp_nl cop_0829_lp_nl cop_0322_lp_nl cop_0671_lp_nl cop_0473_lp_nl cop_0857_lp_nl cop_0922_lp_nl cop_0610_lp_nl cop_0723_lp_nl cop_0407_lp_nl cop_0341_lp_nl cop_0808_lp_nl cop_0568_lp_nl cop_0336_lp_nl cop_0144_lp_nl cop_0983_lp_nl cop_0137_lp_nl cop_0934_lp_nl cop_0344_lp_nl cop_0345_lp_nl cop_0637_lp_nl cop_0982_lp_nl cop_0759_lp_nl cop_0116_lp_nl cop_0999_lp_nl cop_0383_lp_nl cop_0918_lp_nl cop_0892_lp_nl cop_0181_lp_nl cop_0083_lp_nl cop_0421_lp_nl cop_0452_lp_nl cop_0638_lp_nl cop_0545_lp_nl cop_0174_lp_nl cop_0358_lp_nl cop_0644_lp_nl cop_0089_lp_nl cop_0978_lp_nl cop_0330_lp_nl cop_0569_lp_nl cop_0587_lp_nl cop_0639_lp_nl cop_0434_lp_nl cop_0305_lp_nl cop_0438_lp_nl cop_0706_lp_nl cop_0128_lp_nl cop_0506_lp_nl cop_0493_lp_nl cop_0124_lp_nl cop_0042_lp_nl cop_0893_lp_nl cop_0791_lp_nl cop_0331_lp_nl cop_0606_lp_nl cop_0619_lp_nl cop_0786_lp_nl cop_0912_lp_nl cop_0797_lp_nl cop_0129_lp_nl cop_0611_lp_nl cop_0001_lp_nl cop_0409_lp_nl cop_0957_lp_nl cop_0403_lp_nl cop_0762_lp_nl cop_0668_lp_nl cop_0592_lp_nl cop_0309_lp_nl cop_0470_lp_nl cop_0472_lp_nl cop_0371_lp_nl cop_0445_lp_nl cop_0556_lp_nl cop_0901_lp_nl cop_0789_lp_nl cop_0339_lp_nl cop_0910_lp_nl cop_0856_lp_nl cop_0920_lp_nl cop_0195_lp_nl cop_0234_lp_nl cop_0844_lp_nl cop_0601_lp_nl cop_0814_lp_nl cop_0547_lp_nl cop_0898_lp_nl cop_0355_lp_nl cop_0886_lp_nl cop_0952_lp_nl cop_0649_lp_nl cop_0896_lp_nl cop_0264_lp_nl cop_0010_lp_nl cop_0313_lp_nl cop_0022_lp_nl cop_0557_lp_nl cop_0719_lp_nl cop_0280_lp_nl cop_0073_lp_nl cop_0193_lp_nl cop_0599_lp_nl cop_0199_lp_nl cop_0543_lp_nl cop_0463_lp_nl cop_0151_lp_nl cop_0113_lp_nl cop_0776_lp_nl cop_0401_lp_nl cop_0800_lp_nl cop_0395_lp_nl cop_0955_lp_nl cop_0915_lp_nl cop_0176_lp_nl cop_0733_lp_nl cop_0766_lp_nl cop_0101_lp_nl cop_0775_lp_nl cop_0373_lp_nl cop_0149_lp_nl cop_0818_lp_nl cop_0854_lp_nl cop_0476_lp_nl cop_0855_lp_nl cop_0988_lp_nl cop_0485_lp_nl cop_0318_lp_nl cop_0891_lp_nl cop_0441_lp_nl cop_0956_lp_nl cop_0007_lp_nl cop_0507_lp_nl cop_0595_lp_nl cop_0703_lp_nl cop_0881_lp_nl cop_0726_lp_nl cop_0282_lp_nl cop_0489_lp_nl cop_0319_lp_nl cop_0524_lp_nl cop_0310_lp_nl cop_0713_lp_nl cop_0951_lp_nl cop_0933_lp_nl cop_0133_lp_nl cop_0076_lp_nl cop_0474_lp_nl cop_0930_lp_nl cop_0316_lp_nl cop_0804_lp_nl cop_0991_lp_nl cop_0872_lp_nl cop_0247_lp_nl cop_0131_lp_nl cop_0039_lp_nl cop_0221_lp_nl cop_0467_lp_nl cop_0204_lp_nl cop_0451_lp_nl cop_0798_lp_nl cop_0035_lp_nl cop_0666_lp_nl cop_0127_lp_nl cop_0895_lp_nl cop_0806_lp_nl cop_0923_lp_nl cop_0843_lp_nl cop_0941_lp_nl cop_0861_lp_nl cop_0108_lp_nl cop_0268_lp_nl cop_0512_lp_nl cop_0019_lp_nl cop_0828_lp_nl cop_0995_lp_nl cop_0243_lp_nl cop_0284_lp_nl cop_0431_lp_nl cop_0352_lp_nl cop_0378_lp_nl cop_0232_lp_nl cop_0218_lp_nl cop_0250_lp_nl cop_0109_lp_nl cop_0979_lp_nl cop_0617_lp_nl cop_0866_lp_nl cop_0564_lp_nl cop_0069_lp_nl cop_0002_lp_nl cop_0432_lp_nl cop_0292_lp_nl cop_0968_lp_nl cop_0400_lp_nl cop_0641_lp_nl cop_0993_lp_nl cop_0442_lp_nl cop_0705_lp_nl cop_0105_lp_nl cop_0916_lp_nl cop_0239_lp_nl cop_0943_lp_nl cop_0667_lp_nl cop_0769_lp_nl cop_0386_lp_nl cop_0688_lp_nl cop_0950_lp_nl cop_0821_lp_nl cop_0586_lp_nl cop_0045_lp_nl cop_0196_lp_nl cop_0382_lp_nl cop_0959_lp_nl cop_0728_lp_nl cop_0252_lp_nl cop_0227_lp_nl cop_0067_lp_nl cop_0848_lp_nl cop_0625_lp_nl cop_0840_lp_nl cop_0581_lp_nl cop_0653_lp_nl cop_0541_lp_nl cop_0935_lp_nl cop_0081_lp_nl cop_0170_lp_nl cop_0925_lp_nl cop_0408_lp_nl cop_0540_lp_nl cop_0497_lp_nl cop_0778_lp_nl cop_0805_lp_nl cop_0729_lp_nl cop_0180_lp_nl cop_0594_lp_nl cop_0964_lp_nl cop_0834_lp_nl cop_0600_lp_nl cop_0062_lp_nl cop_0765_lp_nl cop_0793_lp_nl cop_0082_lp_nl cop_0748_lp_nl cop_0200_lp_nl cop_0633_lp_nl cop_0880_lp_nl cop_0518_lp_nl cop_0099_lp_nl cop_0566_lp_nl cop_0289_lp_nl cop_0150_lp_nl cop_0904_lp_nl cop_0017_lp_nl cop_0277_lp_nl cop_0179_lp_nl cop_0182_lp_nl cop_0817_lp_nl cop_0453_lp_nl cop_0068_lp_nl cop_0635_lp_nl cop_0879_lp_nl cop_0162_lp_nl cop_0770_lp_nl cop_0288_lp_nl cop_0542_lp_nl cop_0555_lp_nl cop_0571_lp_nl cop_0689_lp_nl cop_0501_lp_nl cop_0825_lp_nl cop_0003_lp_nl cop_0194_lp_nl cop_0757_lp_nl cop_0972_lp_nl cop_0306_lp_nl cop_0646_lp_nl cop_0536_lp_nl cop_0711_lp_nl cop_0465_lp_nl cop_0998_lp_nl cop_0529_lp_nl cop_0631_lp_nl cop_0334_lp_nl cop_0185_lp_nl cop_0570_lp_nl cop_0078_lp_nl cop_0027_lp_nl cop_0794_lp_nl cop_0544_lp_nl cop_0350_lp_nl cop_0620_lp_nl cop_0008_lp_nl cop_0498_lp_nl cop_0963_lp_nl cop_0249_lp_nl cop_0103_lp_nl cop_0531_lp_nl cop_0735_lp_nl cop_0187_lp_nl cop_0647_lp_nl cop_0265_lp_nl cop_0738_lp_nl cop_0439_lp_nl cop_0443_lp_nl cop_0125_lp_nl cop_0267_lp_nl cop_0561_lp_nl cop_0006_lp_nl cop_0707_lp_nl cop_0482_lp_nl cop_0040_lp_nl cop_0436_lp_nl cop_0005_lp_nl cop_0236_lp_nl cop_0312_lp_nl cop_0575_lp_nl cop_0853_lp_nl cop_0464_lp_nl cop_0863_lp_nl cop_0712_lp_nl cop_0120_lp_nl cop_0097_lp_nl cop_0937_lp_nl cop_0509_lp_nl cop_0126_lp_nl cop_0741_lp_nl cop_0643_lp_nl cop_0502_lp_nl cop_0201_lp_nl cop_0841_lp_nl cop_0135_lp_nl cop_0346_lp_nl cop_0254_lp_nl cop_0161_lp_nl cop_0302_lp_nl cop_0072_lp_nl cop_0742_lp_nl cop_0764_lp_nl cop_0756_lp_nl cop_0736_lp_nl cop_0878_lp_nl cop_0513_lp_nl cop_0782_lp_nl cop_0802_lp_nl cop_0525_lp_nl cop_0459_lp_nl cop_0228_lp_nl cop_0673_lp_nl cop_0624_lp_nl cop_0867_lp_nl cop_0615_lp_nl cop_0171_lp_nl cop_0514_lp_nl cop_0016_lp_nl cop_0087_lp_nl cop_0852_lp_nl cop_0450_lp_nl cop_0629_lp_nl cop_0458_lp_nl cop_0520_lp_nl cop_0118_lp_nl cop_0091_lp_nl cop_0784_lp_nl cop_0207_lp_nl cop_0377_lp_nl cop_0321_lp_nl cop_0597_lp_nl cop_0826_lp_nl cop_0876_lp_nl cop_0971_lp_nl cop_0725_lp_nl cop_0152_lp_nl cop_0650_lp_nl cop_0337_lp_nl cop_0186_lp_nl cop_0694_lp_nl cop_0827_lp_nl cop_0780_lp_nl cop_0604_lp_nl cop_0685_lp_nl cop_0697_lp_nl cop_0479_lp_nl cop_0440_lp_nl cop_0364_lp_nl cop_0750_lp_nl cop_0460_lp_nl cop_0664_lp_nl cop_0061_lp_nl cop_0481_lp_nl cop_0066_lp_nl cop_0731_lp_nl cop_0763_lp_nl cop_0779_lp_nl cop_0969_lp_nl cop_0173_lp_nl cop_0553_lp_nl cop_0574_lp_nl cop_0692_lp_nl cop_0889_lp_nl cop_0220_lp_nl cop_0361_lp_nl cop_0469_lp_nl cop_0169_lp_nl cop_0390_lp_nl cop_0024_lp_nl cop_0523_lp_nl cop_0480_lp_nl cop_0274_lp_nl cop_0875_lp_nl cop_0803_lp_nl cop_0037_lp_nl cop_0256_lp_nl cop_0899_lp_nl cop_0683_lp_nl cop_0503_lp_nl cop_0112_lp_nl cop_0820_lp_nl cop_0094_lp_nl cop_0849_lp_nl cop_0050_lp_nl cop_0368_lp_nl cop_0500_lp_nl cop_0428_lp_nl cop_0884_lp_nl cop_0156_lp_nl cop_0147_lp_nl cop_0911_lp_nl cop_0030_lp_nl cop_0622_lp_nl cop_0727_lp_nl cop_0774_lp_nl cop_0596_lp_nl cop_0577_lp_nl cop_0353_lp_nl cop_0165_lp_nl cop_0516_lp_nl cop_0335_lp_nl cop_0011_lp_nl cop_0684_lp_nl cop_0477_lp_nl cop_0494_lp_nl cop_0255_lp_nl cop_0134_lp_nl cop_0320_lp_nl cop_0226_lp_nl cop_0902_lp_nl cop_0349_lp_nl cop_0070_lp_nl cop_0974_lp_nl cop_0343_lp_nl cop_0871_lp_nl cop_0369_lp_nl cop_0032_lp_nl cop_0466_lp_nl cop_0715_lp_nl cop_0444_lp_nl cop_0299_lp_nl cop_0628_lp_nl cop_0859_lp_nl cop_0396_lp_nl cop_0338_lp_nl cop_0913_lp_nl cop_0796_lp_nl cop_0399_lp_nl cop_0423_lp_nl cop_0862_lp_nl cop_0686_lp_nl cop_0374_lp_nl cop_0850_lp_nl cop_0348_lp_nl cop_0121_lp_nl cop_0004_lp_nl cop_0145_lp_nl cop_0413_lp_nl cop_0183_lp_nl cop_0117_lp_nl cop_0107_lp_nl cop_0435_lp_nl cop_0240_lp_nl cop_0424_lp_nl cop_0691_lp_nl cop_0634_lp_nl cop_0652_lp_nl cop_0057_lp_nl cop_0213_lp_nl cop_0281_lp_nl cop_0317_lp_nl cop_0157_lp_nl cop_0100_lp_nl cop_0367_lp_nl cop_0422_lp_nl cop_0661_lp_nl cop_0874_lp_nl cop_0914_lp_nl cop_0136_lp_nl cop_0527_lp_nl cop_0696_lp_nl cop_0102_lp_nl cop_0397_lp_nl cop_0772_lp_nl cop_0139_lp_nl cop_0047_lp_nl cop_0172_lp_nl cop_0801_lp_nl cop_0994_lp_nl cop_0478_lp_nl cop_0777_lp_nl cop_0552_lp_nl cop_0106_lp_nl cop_0351_lp_nl cop_0298_lp_nl cop_0720_lp_nl cop_0554_lp_nl cop_0740_lp_nl cop_0751_lp_nl cop_0660_lp_nl cop_0665_lp_nl cop_0211_lp_nl cop_0897_lp_nl cop_0031_lp_nl cop_0044_lp_nl cop_0533_lp_nl cop_0269_lp_nl cop_0036_lp_nl cop_0429_lp_nl cop_0079_lp_nl cop_0166_lp_nl cop_0906_lp_nl cop_0054_lp_nl cop_0948_lp_nl cop_0457_lp_nl cop_0231_lp_nl cop_0598_lp_nl cop_0538_lp_nl cop_0426_lp_nl cop_0642_lp_nl cop_0510_lp_nl cop_0285_lp_nl cop_0654_lp_nl cop_0593_lp_nl cop_0205_lp_nl cop_0824_lp_nl cop_0526_lp_nl cop_0708_lp_nl cop_0970_lp_nl cop_0773_lp_nl cop_0534_lp_nl cop_0142_lp_nl cop_0241_lp_nl cop_0905_lp_nl cop_0917_lp_nl cop_0347_lp_nl cop_0702_lp_nl cop_0148_lp_nl cop_0931_lp_nl cop_0519_lp_nl cop_0356_lp_nl cop_0410_lp_nl cop_0832_lp_nl cop_0717_lp_nl cop_0437_lp_nl
  set decided by an accepted test: no, every test rejected down to one model (last p = 0.000 against alpha = 0.050)


  sample    999 observations, 1000 models
  statistic Tmax, each model against the field
  test      alpha = 0.050, 10000 moving-block resamples of 1 observations
  variance  bootstrap variance of the resampled mean
  stream    seed 123, stream 0

MCS over state-dependent local projection impulse-response MAE, states 1 and 2 in one vector, MCS_TMAX statistic
  model             mean loss      MCS p  round  in set
  cop_0001_lp_nl      2.57431      0.000    580  
  cop_0002_lp_nl      2.62451      0.000    612  
  cop_0003_lp_nl      2.61236      0.000    648  
  cop_0004_lp_nl      1.76480      0.000    907  
  cop_0005_lp_nl      2.02853      0.000    778  
  cop_0006_lp_nl      2.19574      0.000    742  
  cop_0007_lp_nl      3.13875      0.000    526  
  cop_0008_lp_nl      2.36178      0.000    702  
  cop_0009_lp_nl     19.58682      0.000     26  
  cop_0010_lp_nl      3.15132      0.000    504  
  cop_0011_lp_nl      1.81184      0.000    881  
  cop_0012_lp_nl      7.81391      0.000    155  
  cop_0013_lp_nl      8.00113      0.000    118  
  cop_0014_lp_nl      3.65454      0.000    341  
  cop_0015_lp_nl      4.22575      0.000    292  
  cop_0016_lp_nl      2.04056      0.000    799  
  cop_0017_lp_nl      2.74161      0.000    627  
  cop_0018_lp_nl      4.00554      0.000    342  
  cop_0019_lp_nl      2.76913      0.000    584  
  cop_0020_lp_nl      6.55680      0.000    165  
  cop_0021_lp_nl      5.82316      0.000    288  
  cop_0022_lp_nl      2.49296      0.000    607  
  cop_0023_lp_nl      2.70244      0.000    543  
  cop_0024_lp_nl      1.98919      0.000    830  
  cop_0025_lp_nl      6.77825      0.000     94  
  cop_0026_lp_nl      5.03595      0.000    318  
  cop_0027_lp_nl      2.37870      0.000    698  
  cop_0028_lp_nl      3.55116      0.000    411  
  cop_0029_lp_nl      4.95389      0.000    256  
  cop_0030_lp_nl      1.83431      0.000    875  
  cop_0031_lp_nl      1.63591      0.000    959  
  cop_0032_lp_nl      1.76603      0.000    901  
  cop_0033_lp_nl      3.86533      0.000    360  
  cop_0034_lp_nl      5.35627      0.000    285  
  cop_0035_lp_nl      2.56454      0.000    616  
  cop_0036_lp_nl      1.63162      0.000    967  
  cop_0037_lp_nl      1.96172      0.000    836  
  cop_0038_lp_nl      8.10192      0.000    166  
  cop_0039_lp_nl      2.75146      0.000    579  
  cop_0040_lp_nl      2.19516      0.000    748  
  cop_0041_lp_nl      4.57024      0.000    296  
  cop_0042_lp_nl      3.19707      0.000    469  
  cop_0043_lp_nl      8.57606      0.000    124  
  cop_0044_lp_nl      1.63876      0.000    962  
  cop_0045_lp_nl      3.22895      0.000    547  
  cop_0046_lp_nl     12.44235      0.000     28  
  cop_0047_lp_nl      1.65730      0.000    946  
  cop_0048_lp_nl     17.90682      0.000     44  
  cop_0049_lp_nl     28.37960      0.000     27  
  cop_0050_lp_nl      1.88939      0.000    862  
  cop_0051_lp_nl      8.23477      0.000    122  
  cop_0052_lp_nl     11.86132      0.000     83  
  cop_0053_lp_nl      2.98776      0.000    476  
  cop_0054_lp_nl      1.63859      0.000    969  
  cop_0055_lp_nl      6.93559      0.000    115  
  cop_0056_lp_nl     15.01500      0.000     40  
  cop_0057_lp_nl      1.73620      0.000    923  
  cop_0058_lp_nl     26.78113      0.000     11  
  cop_0059_lp_nl      5.89845      0.000    127  
  cop_0060_lp_nl      3.24288      0.000    454  
  cop_0061_lp_nl      2.03106      0.000    807  
  cop_0062_lp_nl      2.50731      0.000    653  
  cop_0063_lp_nl      7.22212      0.000    156  
  cop_0064_lp_nl      6.26845      0.000     96  
  cop_0065_lp_nl      7.40757      0.000    174  
  cop_0066_lp_nl      1.92348      0.000    841  
  cop_0067_lp_nl      2.55232      0.000    634  
  cop_0068_lp_nl      2.17519      0.000    726  
  cop_0069_lp_nl      2.44202      0.000    652  
  cop_0070_lp_nl      1.82699      0.000    884  
  cop_0071_lp_nl      3.04570      0.000    472  
  cop_0072_lp_nl      2.10760      0.000    768  
  cop_0073_lp_nl      3.11258      0.000    516  
  cop_0074_lp_nl      4.66524      0.000    311  
  cop_0075_lp_nl      3.34503      0.000    431  
  cop_0076_lp_nl      2.45972      0.000    635  
  cop_0077_lp_nl      3.98986      0.000    321  
  cop_0078_lp_nl      2.12271      0.000    749  
  cop_0079_lp_nl      1.65925      0.000    954  
  cop_0080_lp_nl     17.14548      0.000     37  
  cop_0081_lp_nl      2.58989      0.000    639  
  cop_0082_lp_nl      2.33636      0.000    687  
  cop_0083_lp_nl      3.06860      0.000    487  
  cop_0084_lp_nl      5.67460      0.000    259  
  cop_0085_lp_nl      7.16206      0.000    132  
  cop_0086_lp_nl     78.57312      0.000     30  
  cop_0087_lp_nl      1.95959      0.000    814  
  cop_0088_lp_nl     11.33874      0.000     50  
  cop_0089_lp_nl     16.80801      0.000    150  
  cop_0090_lp_nl      3.71862      0.000    349  
  cop_0091_lp_nl      2.08966      0.000    782  
  cop_0092_lp_nl      4.26707      0.000    319  
  cop_0093_lp_nl      7.14064      0.000     85  
  cop_0094_lp_nl      1.91482      0.000    854  
  cop_0095_lp_nl     20.26213      0.000     35  
  cop_0096_lp_nl     15.10680      0.000     43  
  cop_0097_lp_nl      2.02405      0.000    777  
  cop_0098_lp_nl      4.90398      0.000    263  
  cop_0099_lp_nl      2.42157      0.000    672  
  cop_0100_lp_nl      1.71727      0.000    927  
  cop_0101_lp_nl      2.50673      0.000    615  
  cop_0102_lp_nl      1.67581      0.000    940  
  cop_0103_lp_nl      2.00873      0.000    776  
  cop_0104_lp_nl      6.45207      0.000    149  
  cop_0105_lp_nl      2.24615      0.000    696  
  cop_0106_lp_nl      1.65023      0.000    950  
  cop_0107_lp_nl      1.76183      0.000    914  
  cop_0108_lp_nl      3.00941      0.000    552  
  cop_0109_lp_nl      2.56739      0.000    630  
  cop_0110_lp_nl      3.40121      0.000    416  
  cop_0111_lp_nl      4.46446      0.000    241  
  cop_0112_lp_nl      1.93192      0.000    845  
  cop_0113_lp_nl      3.34619      0.000    484  
  cop_0114_lp_nl     15.54006      0.000     77  
  cop_0115_lp_nl      8.94583      0.000     81  
  cop_0116_lp_nl      3.32453      0.000    446  
  cop_0117_lp_nl      1.73749      0.000    916  
  cop_0118_lp_nl      1.99497      0.000    808  
  cop_0119_lp_nl     20.68743      0.000     67  
  cop_0120_lp_nl      2.00386      0.000    791  
  cop_0121_lp_nl      1.75491      0.000    909  
  cop_0122_lp_nl      5.53858      0.000    197  
  cop_0123_lp_nl      6.14658      0.000    190  
  cop_0124_lp_nl      2.87375      0.000    529  
  cop_0125_lp_nl      2.27063      0.000    718  
  cop_0126_lp_nl      2.16293      0.000    757  
  cop_0127_lp_nl      2.52031      0.000    632  
  cop_0128_lp_nl      3.08159      0.000    489  
  cop_0129_lp_nl      5.52539      0.000    325  
  cop_0130_lp_nl     16.09722      0.000     31  
  cop_0131_lp_nl      2.79519      0.000    571  
  cop_0132_lp_nl      5.48413      0.000    188  
  cop_0133_lp_nl      2.42839      0.000    641  
  cop_0134_lp_nl      1.78699      0.000    888  
  cop_0135_lp_nl      2.25793      0.000    737  
  cop_0136_lp_nl      1.69030      0.000    935  
  cop_0137_lp_nl      4.23119      0.000    367  
  cop_0138_lp_nl      8.27417      0.000     75  
  cop_0139_lp_nl      1.63926      0.000    953  
  cop_0140_lp_nl     28.23241      0.000      8  
  cop_0141_lp_nl      3.08883      0.000    465  
  cop_0142_lp_nl      1.53921      0.000    986  
  cop_0143_lp_nl      4.81624      0.000    186  
  cop_0144_lp_nl      2.95040      0.000    507  
  cop_0145_lp_nl      1.77387      0.000    905  
  cop_0146_lp_nl      4.07188      0.000    330  
  cop_0147_lp_nl      1.95296      0.000    856  
  cop_0148_lp_nl      1.49885      0.000    992  
  cop_0149_lp_nl      3.18701      0.000    506  
  cop_0150_lp_nl      2.15929      0.000    721  
  cop_0151_lp_nl      2.92795      0.000    548  
  cop_0152_lp_nl      2.07181      0.000    797  
  cop_0153_lp_nl      5.82669      0.000    219  
  cop_0154_lp_nl     17.92673      0.000     42  
  cop_0155_lp_nl      3.74022      0.000    396  
  cop_0156_lp_nl      1.85889      0.000    871  
  cop_0157_lp_nl      1.73311      0.000    922  
  cop_0158_lp_nl     12.15073      0.000    141  
  cop_0159_lp_nl      6.33529      0.000    195  
  cop_0160_lp_nl      7.70022      0.000     92  
  cop_0161_lp_nl      2.14971      0.000    761  
  cop_0162_lp_nl      2.28158      0.000    701  
  cop_0163_lp_nl      5.14256      0.000    245  
  cop_0164_lp_nl      7.06335      0.000    140  
  cop_0165_lp_nl      1.86667      0.000    873  
  cop_0166_lp_nl      1.63221      0.000    968  
  cop_0167_lp_nl     10.66307      0.000     74  
  cop_0168_lp_nl      9.50974      0.000     46  
  cop_0169_lp_nl      1.94483      0.000    839  
  cop_0170_lp_nl      2.72682      0.000    609  
  cop_0171_lp_nl      2.08251      0.000    774  
  cop_0172_lp_nl      1.69265      0.000    936  
  cop_0173_lp_nl      2.00027      0.000    817  
  cop_0174_lp_nl      3.15898      0.000    479  
  cop_0175_lp_nl      5.37360      0.000    211  
  cop_0176_lp_nl      2.52403      0.000    606  
  cop_0177_lp_nl      3.36432      0.000    412  
  cop_0178_lp_nl      5.88775      0.000    213  
  cop_0179_lp_nl      2.48915      0.000    660  
  cop_0180_lp_nl      2.67174      0.000    622  
  cop_0181_lp_nl      3.19587      0.000    462  
  cop_0182_lp_nl      2.34500      0.000    695  
  cop_0183_lp_nl      1.75492      0.000    912  
  cop_0184_lp_nl     14.77878      0.000     20  
  cop_0185_lp_nl      2.17282      0.000    730  
  cop_0186_lp_nl      1.90674      0.000    838  
  cop_0187_lp_nl      2.23909      0.000    725  
  cop_0188_lp_nl      5.42702      0.000    223  
  cop_0189_lp_nl      3.02624      0.000    441  
  cop_0190_lp_nl      4.49553      0.000    305  
  cop_0191_lp_nl      1.38331      1.000      -  yes
  cop_0192_lp_nl      3.44107      0.000    404  
  cop_0193_lp_nl      2.73513      0.000    567  
  cop_0194_lp_nl      2.27491      0.000    709  
  cop_0195_lp_nl      3.33540      0.000    463  
  cop_0196_lp_nl      2.77469      0.000    597  
  cop_0197_lp_nl      3.83314      0.000    375  
  cop_0198_lp_nl      3.83945      0.000    362  
  cop_0199_lp_nl      2.59341      0.000    589  
  cop_0200_lp_nl      2.36837      0.000    682  
  cop_0201_lp_nl      2.19366      0.000    747  
  cop_0202_lp_nl     14.28798      0.000    114  
  cop_0203_lp_nl      3.15560      0.000    410  
  cop_0204_lp_nl      2.84212      0.000    568  
  cop_0205_lp_nl      1.57862      0.000    981  
  cop_0206_lp_nl     10.82639      0.000     25  
  cop_0207_lp_nl      2.07731      0.000    794  
  cop_0208_lp_nl      4.18462      0.000    336  
  cop_0209_lp_nl      4.53471      0.000    235  
  cop_0210_lp_nl      3.29817      0.000    419  
  cop_0211_lp_nl      1.62762      0.000    963  
  cop_0212_lp_nl     15.87247      0.000     63  
  cop_0213_lp_nl      1.74075      0.000    919  
  cop_0214_lp_nl     57.07056      0.000     54  
  cop_0215_lp_nl      4.17198      0.000    266  
  cop_0216_lp_nl      4.11598      0.000    337  
  cop_0217_lp_nl      5.91895      0.000    261  
  cop_0218_lp_nl      2.96569      0.000    558  
  cop_0219_lp_nl    212.47912      0.000      1  
  cop_0220_lp_nl      1.97890      0.000    827  
  cop_0221_lp_nl      3.07586      0.000    541  
  cop_0222_lp_nl      3.67460      0.000    401  
  cop_0223_lp_nl      5.37757      0.000    157  
  cop_0224_lp_nl      3.67103      0.000    400  
  cop_0225_lp_nl      2.75800      0.000    514  
  cop_0226_lp_nl      1.82680      0.000    883  
  cop_0227_lp_nl      2.45320      0.000    659  
  cop_0228_lp_nl      2.06296      0.000    783  
  cop_0229_lp_nl     10.61409      0.000     69  
  cop_0230_lp_nl    163.53874      0.000     48  
  cop_0231_lp_nl      1.64294      0.000    966  
  cop_0232_lp_nl      2.32919      0.000    671  
  cop_0233_lp_nl      3.75613      0.000    364  
  cop_0234_lp_nl      3.30125      0.000    475  
  cop_0235_lp_nl      4.49030      0.000    282  
  cop_0236_lp_nl      2.09571      0.000    767  
  cop_0237_lp_nl      2.70438      0.000    539  
  cop_0238_lp_nl      4.22477      0.000    351  
  cop_0239_lp_nl      2.27762      0.000    689  
  cop_0240_lp_nl      1.73520      0.000    917  
  cop_0241_lp_nl      1.53284      0.000    987  
  cop_0242_lp_nl      4.24985      0.000    267  
  cop_0243_lp_nl      2.31244      0.000    673  
  cop_0244_lp_nl      7.52547      0.000    204  
  cop_0245_lp_nl      8.60414      0.000     55  
  cop_0246_lp_nl      3.34191      0.000    452  
  cop_0247_lp_nl      3.18620      0.000    522  
  cop_0248_lp_nl      3.09578      0.000    459  
  cop_0249_lp_nl      2.13778      0.000    750  
  cop_0250_lp_nl      2.68325      0.000    599  
  cop_0251_lp_nl      5.42322      0.000    226  
  cop_0252_lp_nl      2.44812      0.000    662  
  cop_0253_lp_nl     22.66063      0.000     34  
  cop_0254_lp_nl      2.05377      0.000    773  
  cop_0255_lp_nl      1.81991      0.000    879  
  cop_0256_lp_nl      1.94223      0.000    846  
  cop_0257_lp_nl     40.93308      0.000     23  
  cop_0258_lp_nl      3.00659      0.000    485  
  cop_0259_lp_nl      3.96821      0.000    347  
  cop_0260_lp_nl      3.43686      0.000    429  
  cop_0261_lp_nl      3.86310      0.000    315  
  cop_0262_lp_nl     20.27055      0.000     45  
  cop_0263_lp_nl     10.98898      0.000     76  
  cop_0264_lp_nl      3.12421      0.000    513  
  cop_0265_lp_nl      2.30231      0.000    715  
  cop_0266_lp_nl      8.44665      0.000    208  
  cop_0267_lp_nl      2.22822      0.000    733  
  cop_0268_lp_nl      2.70079      0.000    595  
  cop_0269_lp_nl      1.64788      0.000    952  
  cop_0270_lp_nl      5.89791      0.000    251  
  cop_0271_lp_nl      5.27251      0.000    265  
  cop_0272_lp_nl      3.29200      0.000    430  
  cop_0273_lp_nl      4.03217      0.000    304  
  cop_0274_lp_nl      2.02635      0.000    813  
  cop_0275_lp_nl      5.85169      0.000    144  
  cop_0276_lp_nl      6.95985      0.000    110  
  cop_0277_lp_nl      2.40417      0.000    684  
  cop_0278_lp_nl      5.57682      0.000    242  
  cop_0279_lp_nl      5.30918      0.000    246  
  cop_0280_lp_nl      2.96953      0.000    532  
  cop_0281_lp_nl      1.70659      0.000    928  
  cop_0282_lp_nl      2.50430      0.000    624  
  cop_0283_lp_nl      4.58739      0.000    247  
  cop_0284_lp_nl      2.90592      0.000    565  
  cop_0285_lp_nl      1.59202      0.000    976  
  cop_0286_lp_nl      5.45544      0.000    222  
  cop_0287_lp_nl      9.04161      0.000    130  
  cop_0288_lp_nl      2.38348      0.000    691  
  cop_0289_lp_nl      2.62788      0.000    640  
  cop_0290_lp_nl      5.99779      0.000    178  
  cop_0291_lp_nl      5.96546      0.000    185  
  cop_0292_lp_nl      2.85443      0.000    578  
  cop_0293_lp_nl      2.69858      0.000    531  
  cop_0294_lp_nl      2.91979      0.000    457  
  cop_0295_lp_nl      4.77788      0.000    326  
  cop_0296_lp_nl      3.70621      0.000    372  
  cop_0297_lp_nl     31.92018      0.000     14  
  cop_0298_lp_nl      1.63071      0.000    961  
  cop_0299_lp_nl      1.85105      0.000    882  
  cop_0300_lp_nl     11.22855      0.000     58  
  cop_0301_lp_nl      3.95765      0.000    376  
  cop_0302_lp_nl      2.03746      0.000    789  
  cop_0303_lp_nl      4.41072      0.000    257  
  cop_0304_lp_nl      5.76861      0.000    139  
  cop_0305_lp_nl      4.83106      0.000    344  
  cop_0306_lp_nl      2.27339      0.000    708  
  cop_0307_lp_nl      3.74858      0.000    317  
  cop_0308_lp_nl     28.94025      0.000      9  
  cop_0309_lp_nl      3.35401      0.000    460  
  cop_0310_lp_nl      2.77357      0.000    572  
  cop_0311_lp_nl      4.84236      0.000    234  
  cop_0312_lp_nl      2.12134      0.000    760  
  cop_0313_lp_nl      3.07798      0.000    510  
  cop_0314_lp_nl      2.90443      0.000    501  
  cop_0315_lp_nl      4.51019      0.000    227  
  cop_0316_lp_nl      2.58357      0.000    608  
  cop_0317_lp_nl      1.73501      0.000    924  
  cop_0318_lp_nl      3.07919      0.000    527  
  cop_0319_lp_nl      2.92894      0.000    553  
  cop_0320_lp_nl      1.78543      0.000    891  
  cop_0321_lp_nl      1.97963      0.000    810  
  cop_0322_lp_nl      5.00348      0.000    323  
  cop_0323_lp_nl     93.06769      0.000     19  
  cop_0324_lp_nl      4.36524      0.000    345  
  cop_0325_lp_nl     12.45004      0.000     65  
  cop_0326_lp_nl      7.53493      0.000    134  
  cop_0327_lp_nl     15.27612      0.000     70  
  cop_0328_lp_nl      4.96684      0.000    243  
  cop_0329_lp_nl     38.97022      0.000     17  
  cop_0330_lp_nl      3.98925      0.000    385  
  cop_0331_lp_nl      3.56238      0.000    426  
  cop_0332_lp_nl      8.49273      0.000     78  
  cop_0333_lp_nl     10.54742      0.000    102  
  cop_0334_lp_nl      2.27494      0.000    713  
  cop_0335_lp_nl      1.82548      0.000    878  
  cop_0336_lp_nl      3.40979      0.000    438  
  cop_0337_lp_nl      1.98748      0.000    815  
  cop_0338_lp_nl      1.82281      0.000    890  
  cop_0339_lp_nl      2.95875      0.000    528  
  cop_0340_lp_nl      4.27389      0.000    359  
  cop_0341_lp_nl      4.12166      0.000    377  
  cop_0342_lp_nl      4.90914      0.000    316  
  cop_0343_lp_nl      1.82214      0.000    887  
  cop_0344_lp_nl      4.56968      0.000    353  
  cop_0345_lp_nl      3.44403      0.000    435  
  cop_0346_lp_nl      2.06248      0.000    779  
  cop_0347_lp_nl      1.50747      0.000    990  
  cop_0348_lp_nl      1.74489      0.000    913  
  cop_0349_lp_nl      1.81879      0.000    886  
  cop_0350_lp_nl      2.07023      0.000    762  
  cop_0351_lp_nl      1.69799      0.000    938  
  cop_0352_lp_nl      3.05602      0.000    550  
  cop_0353_lp_nl      1.86619      0.000    874  
  cop_0354_lp_nl      7.72572      0.000    136  
  cop_0355_lp_nl      2.55535      0.000    596  
  cop_0356_lp_nl      1.47964      0.000    995  
  cop_0357_lp_nl      3.68140      0.000    378  
  cop_0358_lp_nl      3.71447      0.000    407  
  cop_0359_lp_nl      6.77532      0.000    137  
  cop_0360_lp_nl      4.81995      0.000    275  
  cop_0361_lp_nl      1.91635      0.000    847  
  cop_0362_lp_nl     22.07813      0.000     24  
  cop_0363_lp_nl      3.18036      0.000    442  
  cop_0364_lp_nl      2.03655      0.000    806  
  cop_0365_lp_nl      7.67607      0.000    167  
  cop_0366_lp_nl     11.61761      0.000     79  
  cop_0367_lp_nl      1.73016      0.000    925  
  cop_0368_lp_nl      1.93034      0.000    852  
  cop_0369_lp_nl      1.80897      0.000    889  
  cop_0370_lp_nl      4.88414      0.000    273  
  cop_0371_lp_nl      3.34890      0.000    464  
  cop_0372_lp_nl      4.09437      0.000    343  
  cop_0373_lp_nl      2.85626      0.000    556  
  cop_0374_lp_nl      1.76333      0.000    908  
  cop_0375_lp_nl     24.42556      0.000     12  
  cop_0376_lp_nl      4.74127      0.000    332  
  cop_0377_lp_nl      2.04178      0.000    802  
  cop_0378_lp_nl      2.42181      0.000    649  
  cop_0379_lp_nl      7.77249      0.000    152  
  cop_0380_lp_nl      6.74309      0.000    151  
  cop_0381_lp_nl     17.81992      0.000     36  
  cop_0382_lp_nl      2.31316      0.000    688  
  cop_0383_lp_nl      3.90264      0.000    392  
  cop_0384_lp_nl      4.37201      0.000    339  
  cop_0385_lp_nl      4.30190      0.000    264  
  cop_0386_lp_nl      2.82030      0.000    581  
  cop_0387_lp_nl      9.45221      0.000    107  
  cop_0388_lp_nl     20.63189      0.000     22  
  cop_0389_lp_nl     34.29397      0.000     10  
  cop_0390_lp_nl      1.89298      0.000    857  
  cop_0391_lp_nl     16.40820      0.000     56  
  cop_0392_lp_nl      3.18296      0.000    458  
  cop_0393_lp_nl      9.46204      0.000    131  
  cop_0394_lp_nl      5.30966      0.000    148  
  cop_0395_lp_nl      2.88447      0.000    549  
  cop_0396_lp_nl      1.78736      0.000    894  
  cop_0397_lp_nl      1.68094      0.000    939  
  cop_0398_lp_nl      4.26577      0.000    356  
  cop_0399_lp_nl      1.77620      0.000    903  
  cop_0400_lp_nl      2.38755      0.000    664  
  cop_0401_lp_nl      3.20200      0.000    495  
  cop_0402_lp_nl      5.64450      0.000    193  
  cop_0403_lp_nl      2.60610      0.000    575  
  cop_0404_lp_nl      5.18973      0.000    209  
  cop_0405_lp_nl      6.89337      0.000    184  
  cop_0406_lp_nl      4.35840      0.000    294  
  cop_0407_lp_nl      3.34073      0.000    443  
  cop_0408_lp_nl      2.44952      0.000    663  
  cop_0409_lp_nl      4.10097      0.000    387  
  cop_0410_lp_nl      1.47582      0.000    996  
  cop_0411_lp_nl    243.21304      0.000      4  
  cop_0412_lp_nl     11.01628      0.000     64  
  cop_0413_lp_nl      1.76344      0.000    906  
  cop_0414_lp_nl      8.09127      0.000    105  
  cop_0415_lp_nl      5.22468      0.000    216  
  cop_0416_lp_nl      3.60651      0.000    338  
  cop_0417_lp_nl      2.97344      0.000    447  
  cop_0418_lp_nl      5.47091      0.000    218  
  cop_0419_lp_nl      7.13901      0.000    179  
  cop_0420_lp_nl      4.87207      0.000    269  
  cop_0421_lp_nl      3.34640      0.000    444  
  cop_0422_lp_nl      1.70928      0.000    929  
  cop_0423_lp_nl      1.77326      0.000    904  
  cop_0424_lp_nl      1.75706      0.000    915  
  cop_0425_lp_nl     11.58777      0.000     72  
  cop_0426_lp_nl      1.60197      0.000    973  
  cop_0427_lp_nl      5.45387      0.000    187  
  cop_0428_lp_nl      1.89728      0.000    859  
  cop_0429_lp_nl      1.62897      0.000    965  
  cop_0430_lp_nl      2.79976      0.000    518  
  cop_0431_lp_nl      2.21426      0.000    700  
  cop_0432_lp_nl      2.65854      0.000    611  
  cop_0433_lp_nl      3.22630      0.000    418  
  cop_0434_lp_nl      4.79924      0.000    352  
  cop_0435_lp_nl      1.72921      0.000    918  
  cop_0436_lp_nl      2.24756      0.000    735  
  cop_0437_lp_nl      1.42492      0.000    999  
  cop_0438_lp_nl      2.71666      0.000    554  
  cop_0439_lp_nl      2.24202      0.000    729  
  cop_0440_lp_nl      1.96044      0.000    821  
  cop_0441_lp_nl      2.68778      0.000    587  
  cop_0442_lp_nl      2.36417      0.000    667  
  cop_0443_lp_nl      2.09245      0.000    765  
  cop_0444_lp_nl      1.78062      0.000    893  
  cop_0445_lp_nl      2.68724      0.000    562  
  cop_0446_lp_nl     43.97138      0.000      5  
  cop_0447_lp_nl      3.35407      0.000    415  
  cop_0448_lp_nl      3.43473      0.000    389  
  cop_0449_lp_nl      5.72331      0.000    123  
  cop_0450_lp_nl      1.93425      0.000    825  
  cop_0451_lp_nl      3.21578      0.000    517  
  cop_0452_lp_nl      3.52085      0.000    424  
  cop_0453_lp_nl      2.42177      0.000    681  
  cop_0454_lp_nl      5.08298      0.000    214  
  cop_0455_lp_nl      6.88703      0.000    233  
  cop_0456_lp_nl      5.37966      0.000    289  
  cop_0457_lp_nl      1.64215      0.000    964  
  cop_0458_lp_nl      2.10481      0.000    772  
  cop_0459_lp_nl      2.04203      0.000    788  
  cop_0460_lp_nl      1.96141      0.000    828  
  cop_0461_lp_nl      8.10883      0.000     60  
  cop_0462_lp_nl      3.01663      0.000    480  
  cop_0463_lp_nl      3.19101      0.000    497  
  cop_0464_lp_nl      2.26003      0.000    724  
  cop_0465_lp_nl      2.29134      0.000    705  
  cop_0466_lp_nl      1.76171      0.000    900  
  cop_0467_lp_nl      2.29825      0.000    670  
  cop_0468_lp_nl      4.32816      0.000    258  
  cop_0469_lp_nl      1.97644      0.000    833  
  cop_0470_lp_nl      3.13967      0.000    493  
  cop_0471_lp_nl      3.36797      0.000    423  
  cop_0472_lp_nl      4.08768      0.000    395  
  cop_0473_lp_nl      3.11700      0.000    473  
  cop_0474_lp_nl      2.60330      0.000    603  
  cop_0475_lp_nl      4.80246      0.000    279  
  cop_0476_lp_nl      2.50043      0.000    623  
  cop_0477_lp_nl      1.83414      0.000    876  
  cop_0478_lp_nl      1.66559      0.000    947  
  cop_0479_lp_nl      2.09897      0.000    785  
  cop_0480_lp_nl      1.91637      0.000    848  
  cop_0481_lp_nl      1.98084      0.000    824  
  cop_0482_lp_nl      2.22500      0.000    732  
  cop_0483_lp_nl      3.15274      0.000    417  
  cop_0484_lp_nl      5.13589      0.000    252  
  cop_0485_lp_nl      4.20524      0.000    405  
  cop_0486_lp_nl     12.12048      0.000     99  
  cop_0487_lp_nl      7.44632      0.000    176  
  cop_0488_lp_nl      6.39924      0.000    168  
  cop_0489_lp_nl      2.49299      0.000    636  
  cop_0490_lp_nl      5.08639      0.000    277  
  cop_0491_lp_nl      7.41438      0.000    224  
  cop_0492_lp_nl      4.14121      0.000    340  
  cop_0493_lp_nl      3.36148      0.000    455  
  cop_0494_lp_nl      1.87904      0.000    872  
  cop_0495_lp_nl      3.44564      0.000    413  
  cop_0496_lp_nl      5.21436      0.000    210  
  cop_0497_lp_nl      2.56263      0.000    643  
  cop_0498_lp_nl      2.18364      0.000    739  
  cop_0499_lp_nl      3.69063      0.000    358  
  cop_0500_lp_nl      1.99420      0.000    834  
  cop_0501_lp_nl      2.15483      0.000    740  
  cop_0502_lp_nl      2.21513      0.000    745  
  cop_0503_lp_nl      1.91727      0.000    855  
  cop_0504_lp_nl      3.25093      0.000    398  
  cop_0505_lp_nl      3.12240      0.000    436  
  cop_0506_lp_nl      3.46363      0.000    437  
  cop_0507_lp_nl      3.03007      0.000    537  
  cop_0508_lp_nl      6.15544      0.000    192  
  cop_0509_lp_nl      2.09672      0.000    766  
  cop_0510_lp_nl      1.58360      0.000    977  
  cop_0511_lp_nl     21.07238      0.000     82  
  cop_0512_lp_nl      2.54419      0.000    626  
  cop_0513_lp_nl      2.20076      0.000    754  
  cop_0514_lp_nl      2.06755      0.000    787  
  cop_0515_lp_nl      3.25158      0.000    425  
  cop_0516_lp_nl      1.91102      0.000    863  
  cop_0517_lp_nl      6.15771      0.000    133  
  cop_0518_lp_nl      2.32437      0.000    692  
  cop_0519_lp_nl      1.49053      0.000    994  
  cop_0520_lp_nl      2.17146      0.000    771  
  cop_0521_lp_nl      4.52884      0.000    331  
  cop_0522_lp_nl      3.68491      0.000    397  
  cop_0523_lp_nl      1.89468      0.000    851  
  cop_0524_lp_nl      2.79182      0.000    573  
  cop_0525_lp_nl      1.96875      0.000    809  
  cop_0526_lp_nl      1.57692      0.000    980  
  cop_0527_lp_nl      1.67438      0.000    941  
  cop_0528_lp_nl      7.29078      0.000    117  
  cop_0529_lp_nl      2.21616      0.000    719  
  cop_0530_lp_nl      3.54385      0.000    383  
  cop_0531_lp_nl      2.19609      0.000    738  
  cop_0532_lp_nl      7.83082      0.000    147  
  cop_0533_lp_nl      1.66289      0.000    951  
  cop_0534_lp_nl      1.54932      0.000    984  
  cop_0535_lp_nl     10.37019      0.000    138  
  cop_0536_lp_nl      2.17496      0.000    727  
  cop_0537_lp_nl      4.09555      0.000    335  
  cop_0538_lp_nl      1.61422      0.000    972  
  cop_0539_lp_nl      4.38587      0.000    334  
  cop_0540_lp_nl      2.28596      0.000    693  
  cop_0541_lp_nl      2.68204      0.000    610  
  cop_0542_lp_nl      2.16315      0.000    728  
  cop_0543_lp_nl      3.21340      0.000    500  
  cop_0544_lp_nl      2.32534      0.000    707  
  cop_0545_lp_nl      2.83259      0.000    533  
  cop_0546_lp_nl      3.34285      0.000    379  
  cop_0547_lp_nl      3.06764      0.000    512  
  cop_0548_lp_nl     12.90792      0.000     41  
  cop_0549_lp_nl     77.98529      0.000     13  
  cop_0550_lp_nl      7.27578      0.000    109  
  cop_0551_lp_nl      5.01106      0.000    237  
  cop_0552_lp_nl      1.69218      0.000    937  
  cop_0553_lp_nl      1.95038      0.000    832  
  cop_0554_lp_nl      1.63192      0.000    960  
  cop_0555_lp_nl      2.23165      0.000    710  
  cop_0556_lp_nl      2.56106      0.000    588  
  cop_0557_lp_nl      4.79326      0.000    368  
  cop_0558_lp_nl     10.84849      0.000     80  
  cop_0559_lp_nl      3.99479      0.000    328  
  cop_0560_lp_nl      5.84507      0.000    217  
  cop_0561_lp_nl      2.42915      0.000    697  
  cop_0562_lp_nl     39.88823      0.000     29  
  cop_0563_lp_nl      4.61671      0.000    253  
  cop_0564_lp_nl      2.73371      0.000    593  
  cop_0565_lp_nl      3.42531      0.000    409  
  cop_0566_lp_nl      2.25784      0.000    704  
  cop_0567_lp_nl      7.62677      0.000    158  
  cop_0568_lp_nl      2.87932      0.000    519  
  cop_0569_lp_nl      3.95978      0.000    390  
  cop_0570_lp_nl      2.11371      0.000    756  
  cop_0571_lp_nl      2.48256      0.000    668  
  cop_0572_lp_nl     12.29167      0.000     57  
  cop_0573_lp_nl      5.31979      0.000    189  
  cop_0574_lp_nl      1.90021      0.000    853  
  cop_0575_lp_nl      2.19849      0.000    743  
  cop_0576_lp_nl      3.36787      0.000    439  
  cop_0577_lp_nl      1.89048      0.000    869  
  cop_0578_lp_nl      3.87574      0.000    373  
  cop_0579_lp_nl      9.27554      0.000    101  
  cop_0580_lp_nl      5.45043      0.000    205  
  cop_0581_lp_nl      2.82155      0.000    586  
  cop_0582_lp_nl      9.63758      0.000     62  
  cop_0583_lp_nl      6.50206      0.000    182  
  cop_0584_lp_nl      7.02136      0.000    108  
  cop_0585_lp_nl      3.91982      0.000    346  
  cop_0586_lp_nl      2.43239      0.000    655  
  cop_0587_lp_nl      3.48568      0.000    433  
  cop_0588_lp_nl      4.28181      0.000    309  
  cop_0589_lp_nl      4.50521      0.000    310  
  cop_0590_lp_nl      4.83743      0.000    249  
  cop_0591_lp_nl     19.15653      0.000    103  
  cop_0592_lp_nl      2.75944      0.000    555  
  cop_0593_lp_nl      1.58580      0.000    978  
  cop_0594_lp_nl      2.31159      0.000    694  
  cop_0595_lp_nl      3.06302      0.000    542  
  cop_0596_lp_nl      1.90351      0.000    864  
  cop_0597_lp_nl      2.07850      0.000    790  
  cop_0598_lp_nl      1.62745      0.000    971  
  cop_0599_lp_nl      2.73529      0.000    570  
  cop_0600_lp_nl      2.44632      0.000    661  
  cop_0601_lp_nl      3.20007      0.000    488  
  cop_0602_lp_nl      5.16347      0.000    274  
  cop_0603_lp_nl      4.78258      0.000    260  
  cop_0604_lp_nl      1.97031      0.000    820  
  cop_0605_lp_nl      5.49820      0.000    248  
  cop_0606_lp_nl      3.20287      0.000    477  
  cop_0607_lp_nl      8.05661      0.000     93  
  cop_0608_lp_nl      7.49348      0.000     91  
  cop_0609_lp_nl      6.60879      0.000    215  
  cop_0610_lp_nl      6.33758      0.000    268  
  cop_0611_lp_nl      3.29044      0.000    467  
  cop_0612_lp_nl      6.33077      0.000    112  
  cop_0613_lp_nl      3.97070      0.000    299  
  cop_0614_lp_nl      3.66814      0.000    369  
  cop_0615_lp_nl      1.96182      0.000    811  
  cop_0616_lp_nl      3.25518      0.000    421  
  cop_0617_lp_nl      2.68974      0.000    600  
  cop_0618_lp_nl      4.83435      0.000    298  
  cop_0619_lp_nl      2.64762      0.000    566  
  cop_0620_lp_nl      2.26776      0.000    714  
  cop_0621_lp_nl      5.61132      0.000    163  
  cop_0622_lp_nl      1.89687      0.000    866  
  cop_0623_lp_nl      3.87952      0.000    386  
  cop_0624_lp_nl      2.07816      0.000    780  
  cop_0625_lp_nl      2.40203      0.000    669  
  cop_0626_lp_nl     10.50696      0.000     86  
  cop_0627_lp_nl      2.89865      0.000    486  
  cop_0628_lp_nl      1.78634      0.000    895  
  cop_0629_lp_nl      2.06432      0.000    792  
  cop_0630_lp_nl      3.59472      0.000    399  
  cop_0631_lp_nl      2.42245      0.000    690  
  cop_0632_lp_nl      7.74685      0.000    129  
  cop_0633_lp_nl      2.68848      0.000    619  
  cop_0634_lp_nl      1.73282      0.000    921  
  cop_0635_lp_nl      2.17932      0.000    723  
  cop_0636_lp_nl      4.51442      0.000    272  
  cop_0637_lp_nl     27.32497      0.000    106  
  cop_0638_lp_nl      3.11745      0.000    481  
  cop_0639_lp_nl      2.98252      0.000    502  
  cop_0640_lp_nl      3.66309      0.000    381  
  cop_0641_lp_nl      2.43695      0.000    656  
  cop_0642_lp_nl      1.60347      0.000    974  
  cop_0643_lp_nl      2.12955      0.000    763  
  cop_0644_lp_nl      2.99520      0.000    503  
  cop_0645_lp_nl      2.81052      0.000    521  
  cop_0646_lp_nl      2.18706      0.000    731  
  cop_0647_lp_nl      2.16734      0.000    746  
  cop_0648_lp_nl    148.25193      0.000      2  
  cop_0649_lp_nl      3.22362      0.000    494  
  cop_0650_lp_nl      2.06771      0.000    798  
  cop_0651_lp_nl      4.23286      0.000    324  
  cop_0652_lp_nl      1.69066      0.000    932  
  cop_0653_lp_nl      2.50093      0.000    654  
  cop_0654_lp_nl      1.59244      0.000    975  
  cop_0655_lp_nl      7.25066      0.000    143  
  cop_0656_lp_nl      4.88948      0.000    196  
  cop_0657_lp_nl      8.75843      0.000     68  
  cop_0658_lp_nl      4.85375      0.000    302  
  cop_0659_lp_nl      3.80884      0.000    357  
  cop_0660_lp_nl      1.63561      0.000    956  
  cop_0661_lp_nl      1.71277      0.000    931  
  cop_0662_lp_nl      5.45184      0.000    154  
  cop_0663_lp_nl      4.25243      0.000    313  
  cop_0664_lp_nl      1.91182      0.000    840  
  cop_0665_lp_nl      1.66029      0.000    949  
  cop_0666_lp_nl      2.68543      0.000    592  
  cop_0667_lp_nl      2.67156      0.000    613  
  cop_0668_lp_nl      2.92413      0.000    525  
  cop_0669_lp_nl      4.30252      0.000    327  
  cop_0670_lp_nl     32.82190      0.000     15  
  cop_0671_lp_nl      2.92701      0.000    511  
  cop_0672_lp_nl      2.79476      0.000    520  
  cop_0673_lp_nl      1.93619      0.000    822  
  cop_0674_lp_nl      5.51975      0.000    239  
  cop_0675_lp_nl      6.83886      0.000    240  
  cop_0676_lp_nl      3.61591      0.000    382  
  cop_0677_lp_nl      7.74162      0.000    146  
  cop_0678_lp_nl      3.34685      0.000    393  
  cop_0679_lp_nl     45.74411      0.000      6  
  cop_0680_lp_nl      4.04645      0.000    293  
  cop_0681_lp_nl      5.38320      0.000    169  
  cop_0682_lp_nl      3.30188      0.000    408  
  cop_0683_lp_nl      1.91564      0.000    858  
  cop_0684_lp_nl      1.80649      0.000    880  
  cop_0685_lp_nl      1.98111      0.000    816  
  cop_0686_lp_nl      1.77837      0.000    899  
  cop_0687_lp_nl      5.91178      0.000    173  
  cop_0688_lp_nl      2.57363      0.000    633  
  cop_0689_lp_nl      2.07108      0.000    758  
  cop_0690_lp_nl     22.53368      0.000     16  
  cop_0691_lp_nl      1.72854      0.000    920  
  cop_0692_lp_nl      1.89653      0.000    849  
  cop_0693_lp_nl      3.37924      0.000    366  
  cop_0694_lp_nl      1.93078      0.000    829  
  cop_0695_lp_nl      8.42887      0.000    121  
  cop_0696_lp_nl      1.69029      0.000    933  
  cop_0697_lp_nl      1.91500      0.000    835  
  cop_0698_lp_nl      3.78304      0.000    380  
  cop_0699_lp_nl      7.12964      0.000    221  
  cop_0700_lp_nl      9.51206      0.000     71  
  cop_0701_lp_nl      6.66409      0.000    175  
  cop_0702_lp_nl      1.50239      0.000    991  
  cop_0703_lp_nl      3.03379      0.000    545  
  cop_0704_lp_nl     24.11000      0.000     47  
  cop_0705_lp_nl      2.68007      0.000    604  
  cop_0706_lp_nl      3.03943      0.000    496  
  cop_0707_lp_nl      2.14517      0.000    751  
  cop_0708_lp_nl      1.56076      0.000    982  
  cop_0709_lp_nl      7.87722      0.000     89  
  cop_0710_lp_nl      4.79028      0.000    329  
  cop_0711_lp_nl      2.14193      0.000    744  
  cop_0712_lp_nl      2.08867      0.000    770  
  cop_0713_lp_nl      2.40538      0.000    647  
  cop_0714_lp_nl      5.49579      0.000    284  
  cop_0715_lp_nl      1.85894      0.000    877  
  cop_0716_lp_nl      5.74868      0.000    255  
  cop_0717_lp_nl      1.44319      0.000    998  
  cop_0718_lp_nl      5.39378      0.000    220  
  cop_0719_lp_nl      3.12091      0.000    508  
  cop_0720_lp_nl      1.67689      0.000    943  
  cop_0721_lp_nl      5.27760      0.000    207  
  cop_0722_lp_nl      5.32051      0.000    281  
  cop_0723_lp_nl      2.76291      0.000    544  
  cop_0724_lp_nl      3.07404      0.000    461  
  cop_0725_lp_nl      1.97951      0.000    819  
  cop_0726_lp_nl      3.05491      0.000    538  
  cop_0727_lp_nl      1.90453      0.000    860  
  cop_0728_lp_nl      2.62194      0.000    629  
  cop_0729_lp_nl      2.34363      0.000    686  
  cop_0730_lp_nl      3.98685      0.000    297  
  cop_0731_lp_nl      1.97174      0.000    831  
  cop_0732_lp_nl      5.28843      0.000    236  
  cop_0733_lp_nl      3.60533      0.000    453  
  cop_0734_lp_nl      6.61490      0.000    125  
  cop_0735_lp_nl      2.26694      0.000    717  
  cop_0736_lp_nl      2.15502      0.000    764  
  cop_0737_lp_nl      9.36712      0.000     49  
  cop_0738_lp_nl      2.12726      0.000    755  
  cop_0739_lp_nl     14.45812      0.000     32  
  cop_0740_lp_nl      1.66177      0.000    948  
  cop_0741_lp_nl      2.00227      0.000    796  
  cop_0742_lp_nl      2.16449      0.000    759  
  cop_0743_lp_nl      3.71059      0.000    370  
  cop_0744_lp_nl      4.27592      0.000    262  
  cop_0745_lp_nl      3.91116      0.000    354  
  cop_0746_lp_nl      3.81191      0.000    388  
  cop_0747_lp_nl      6.18465      0.000    232  
  cop_0748_lp_nl      2.42994      0.000    666  
  cop_0749_lp_nl      3.05579      0.000    470  
  cop_0750_lp_nl      1.91672      0.000    837  
  cop_0751_lp_nl      1.63604      0.000    955  
  cop_0752_lp_nl      7.71387      0.000     97  
  cop_0753_lp_nl      3.65507      0.000    391  
  cop_0754_lp_nl      5.80565      0.000    203  
  cop_0755_lp_nl      4.51057      0.000    244  
  cop_0756_lp_nl      2.12104      0.000    769  
  cop_0757_lp_nl      2.46277      0.000    676  
  cop_0758_lp_nl      2.69054      0.000    534  
  cop_0759_lp_nl      3.37600      0.000    445  
  cop_0760_lp_nl      4.62973      0.000    333  
  cop_0761_lp_nl      3.81814      0.000    348  
  cop_0762_lp_nl      3.11013      0.000    492  
  cop_0763_lp_nl      2.06333      0.000    804  
  cop_0764_lp_nl      2.21802      0.000    752  
  cop_0765_lp_nl      2.55859      0.000    646  
  cop_0766_lp_nl      2.73300      0.000    574  
  cop_0767_lp_nl      6.59919      0.000    171  
  cop_0768_lp_nl    101.94156      0.000      3  
  cop_0769_lp_nl      2.38576      0.000    665  
  cop_0770_lp_nl      2.27484      0.000    703  
  cop_0771_lp_nl      3.69179      0.000    394  
  cop_0772_lp_nl      1.65900      0.000    944  
  cop_0773_lp_nl      1.54502      0.000    985  
  cop_0774_lp_nl      1.89419      0.000    870  
  cop_0775_lp_nl      3.60601      0.000    456  
  cop_0776_lp_nl      3.19420      0.000    498  
  cop_0777_lp_nl      1.68052      0.000    942  
  cop_0778_lp_nl      2.47311      0.000    658  
  cop_0779_lp_nl      1.97277      0.000    826  
  cop_0780_lp_nl      2.03104      0.000    805  
  cop_0781_lp_nl      4.05951      0.000    361  
  cop_0782_lp_nl      1.94261      0.000    818  
  cop_0783_lp_nl      7.32981      0.000    104  
  cop_0784_lp_nl      2.03350      0.000    801  
  cop_0785_lp_nl      7.51291      0.000     84  
  cop_0786_lp_nl      6.35151      0.000    290  
  cop_0787_lp_nl     21.61239      0.000     51  
  cop_0788_lp_nl      5.27884      0.000    295  
  cop_0789_lp_nl      3.09820      0.000    499  
  cop_0790_lp_nl      4.83906      0.000    231  
  cop_0791_lp_nl      3.48689      0.000    440  
  cop_0792_lp_nl      6.20071      0.000    153  
  cop_0793_lp_nl      2.40323      0.000    674  
  cop_0794_lp_nl      2.09701      0.000    753  
  cop_0795_lp_nl      2.81564      0.000    524  
  cop_0796_lp_nl      1.78948      0.000    897  
  cop_0797_lp_nl      3.65994      0.000    428  
  cop_0798_lp_nl      2.76238      0.000    583  
  cop_0799_lp_nl      3.32003      0.000    402  
  cop_0800_lp_nl      2.62215      0.000    590  
  cop_0801_lp_nl      1.66528      0.000    945  
  cop_0802_lp_nl      2.05001      0.000    795  
  cop_0803_lp_nl      1.84745      0.000    867  
  cop_0804_lp_nl      2.65309      0.000    594  
  cop_0805_lp_nl      2.48985      0.000    651  
  cop_0806_lp_nl      2.61683      0.000    602  
  cop_0807_lp_nl      2.96214      0.000    491  
  cop_0808_lp_nl      7.92534      0.000    225  
  cop_0809_lp_nl      8.76123      0.000     98  
  cop_0810_lp_nl      8.92745      0.000     73  
  cop_0811_lp_nl      7.87291      0.000    128  
  cop_0812_lp_nl      7.29613      0.000    180  
  cop_0813_lp_nl      5.42677      0.000    291  
  cop_0814_lp_nl      2.43981      0.000    625  
  cop_0815_lp_nl      3.82481      0.000    371  
  cop_0816_lp_nl     16.75833      0.000     39  
  cop_0817_lp_nl      2.24893      0.000    706  
  cop_0818_lp_nl      3.38526      0.000    478  
  cop_0819_lp_nl      5.30798      0.000    164  
  cop_0820_lp_nl      1.87092      0.000    868  
  cop_0821_lp_nl      2.32471      0.000    679  
  cop_0822_lp_nl      3.32576      0.000    406  
  cop_0823_lp_nl      7.78597      0.000    111  
  cop_0824_lp_nl      1.58394      0.000    979  
  cop_0825_lp_nl      2.42961      0.000    678  
  cop_0826_lp_nl      2.06116      0.000    800  
  cop_0827_lp_nl      2.10220      0.000    784  
  cop_0828_lp_nl      2.31428      0.000    677  
  cop_0829_lp_nl      3.62584      0.000    414  
  cop_0830_lp_nl      6.23982      0.000     88  
  cop_0831_lp_nl      4.83706      0.000    280  
  cop_0832_lp_nl      1.47166      0.000    997  
  cop_0833_lp_nl      5.56617      0.000    199  
  cop_0834_lp_nl      2.55428      0.000    645  
  cop_0835_lp_nl      7.04881      0.000    145  
  cop_0836_lp_nl      5.07393      0.000    172  
  cop_0837_lp_nl      5.35267      0.000    270  
  cop_0838_lp_nl      2.94436      0.000    505  
  cop_0839_lp_nl      4.92529      0.000    301  
  cop_0840_lp_nl      2.46372      0.000    650  
  cop_0841_lp_nl      2.02890      0.000    786  
  cop_0842_lp_nl      4.49901      0.000    320  
  cop_0843_lp_nl      2.28002      0.000    680  
  cop_0844_lp_nl      2.40682      0.000    631  
  cop_0845_lp_nl      6.53862      0.000    159  
  cop_0846_lp_nl      6.69964      0.000    206  
  cop_0847_lp_nl      6.40057      0.000    194  
  cop_0848_lp_nl      2.91326      0.000    577  
  cop_0849_lp_nl      1.93243      0.000    850  
  cop_0850_lp_nl      1.74882      0.000    911  
  cop_0851_lp_nl      4.26760      0.000    322  
  cop_0852_lp_nl      1.99910      0.000    803  
  cop_0853_lp_nl      2.33187      0.000    716  
  cop_0854_lp_nl      2.83200      0.000    561  
  cop_0855_lp_nl      2.50599      0.000    628  
  cop_0856_lp_nl      3.59478      0.000    434  
  cop_0857_lp_nl      3.68089      0.000    403  
  cop_0858_lp_nl      3.87023      0.000    374  
  cop_0859_lp_nl      1.77971      0.000    896  
  cop_0860_lp_nl      6.96817      0.000    170  
  cop_0861_lp_nl      2.49093      0.000    637  
  cop_0862_lp_nl      1.74477      0.000    910  
  cop_0863_lp_nl      2.25135      0.000    736  
  cop_0864_lp_nl      4.70922      0.000    287  
  cop_0865_lp_nl      9.63000      0.000    183  
  cop_0866_lp_nl      2.62667      0.000    617  
  cop_0867_lp_nl      2.07438      0.000    775  
  cop_0868_lp_nl      8.52588      0.000     87  
  cop_0869_lp_nl      6.53794      0.000    161  
  cop_0870_lp_nl     15.12970      0.000     33  
  cop_0871_lp_nl      1.79599      0.000    892  
  cop_0872_lp_nl      3.07281      0.000    540  
  cop_0873_lp_nl      6.98425      0.000    250  
  cop_0874_lp_nl      1.72840      0.000    926  
  cop_0875_lp_nl      1.93118      0.000    843  
  cop_0876_lp_nl      2.07833      0.000    793  
  cop_0877_lp_nl      3.12485      0.000    466  
  cop_0878_lp_nl      2.06816      0.000    781  
  cop_0879_lp_nl      2.17999      0.000    720  
  cop_0880_lp_nl      2.35359      0.000    683  
  cop_0881_lp_nl      3.36588      0.000    490  
  cop_0882_lp_nl      2.90278      0.000    509  
  cop_0883_lp_nl      7.87043      0.000     61  
  cop_0884_lp_nl      1.87064      0.000    865  
  cop_0885_lp_nl     18.25480      0.000     52  
  cop_0886_lp_nl      2.46059      0.000    620  
  cop_0887_lp_nl      8.18210      0.000    202  
  cop_0888_lp_nl      6.67265      0.000    191  
  cop_0889_lp_nl      2.00806      0.000    812  
  cop_0890_lp_nl     11.91883      0.000    135  
  cop_0891_lp_nl      2.63233      0.000    591  
  cop_0892_lp_nl      4.55171      0.000    355  
  cop_0893_lp_nl      3.20691      0.000    474  
  cop_0894_lp_nl      6.54036      0.000    119  
  cop_0895_lp_nl      2.66617      0.000    598  
  cop_0896_lp_nl      2.72468      0.000    563  
  cop_0897_lp_nl      1.64349      0.000    957  
  cop_0898_lp_nl      2.89400      0.000    546  
  cop_0899_lp_nl      1.93491      0.000    842  
  cop_0900_lp_nl     10.04360      0.000     38  
  cop_0901_lp_nl      2.90849      0.000    535  
  cop_0902_lp_nl      1.81849      0.000    885  
  cop_0903_lp_nl      4.72050      0.000    276  
  cop_0904_lp_nl      2.16645      0.000    722  
  cop_0905_lp_nl      1.52413      0.000    988  
  cop_0906_lp_nl      1.64653      0.000    958  
  cop_0907_lp_nl      6.34713      0.000    212  
  cop_0908_lp_nl      4.23185      0.000    363  
  cop_0909_lp_nl      4.87514      0.000    254  
  cop_0910_lp_nl      3.49071      0.000    449  
  cop_0911_lp_nl      1.91266      0.000    861  
  cop_0912_lp_nl      2.90182      0.000    530  
  cop_0913_lp_nl      1.77277      0.000    902  
  cop_0914_lp_nl      1.71469      0.000    930  
  cop_0915_lp_nl      2.81806      0.000    557  
  cop_0916_lp_nl      2.50301      0.000    644  
  cop_0917_lp_nl      1.51079      0.000    989  
  cop_0918_lp_nl     13.62047      0.000    160  
  cop_0919_lp_nl      6.47024      0.000    142  
  cop_0920_lp_nl      2.81375      0.000    551  
  cop_0921_lp_nl      3.16841      0.000    420  
  cop_0922_lp_nl      4.57293      0.000    350  
  cop_0923_lp_nl      2.61303      0.000    605  
  cop_0924_lp_nl    109.52936      0.000      7  
  cop_0925_lp_nl      2.45279      0.000    657  
  cop_0926_lp_nl     14.10958      0.000     90  
  cop_0927_lp_nl      7.03696      0.000    116  
  cop_0928_lp_nl     13.95385      0.000     21  
  cop_0929_lp_nl      6.10291      0.000    230  
  cop_0930_lp_nl      2.53144      0.000    621  
  cop_0931_lp_nl      1.49774      0.000    993  
  cop_0932_lp_nl      5.35103      0.000    201  
  cop_0933_lp_nl      2.68650      0.000    585  
  cop_0934_lp_nl      2.84694      0.000    523  
  cop_0935_lp_nl      2.24683      0.000    699  
  cop_0936_lp_nl      4.19387      0.000    306  
  cop_0937_lp_nl      2.22489      0.000    734  
  cop_0938_lp_nl      5.86766      0.000    271  
  cop_0939_lp_nl      4.24660      0.000    312  
  cop_0940_lp_nl      4.10376      0.000    307  
  cop_0941_lp_nl      2.91020      0.000    560  
  cop_0942_lp_nl     18.27437      0.000     66  
  cop_0943_lp_nl      2.51406      0.000    638  
  cop_0944_lp_nl      2.96481      0.000    471  
  cop_0945_lp_nl      6.89749      0.000    120  
  cop_0946_lp_nl      4.22698      0.000    314  
  cop_0947_lp_nl      2.99860      0.000    451  
  cop_0948_lp_nl      1.62601      0.000    970  
  cop_0949_lp_nl      9.37794      0.000    181  
  cop_0950_lp_nl      2.31621      0.000    685  
  cop_0951_lp_nl      2.60776      0.000    601  
  cop_0952_lp_nl      3.26541      0.000    483  
  cop_0953_lp_nl      6.01945      0.000    162  
  cop_0954_lp_nl      5.78909      0.000    198  
  cop_0955_lp_nl      3.15982      0.000    515  
  cop_0956_lp_nl      2.74725      0.000    576  
  cop_0957_lp_nl      2.90901      0.000    536  
  cop_0958_lp_nl     10.67591      0.000     18  
  cop_0959_lp_nl      2.54308      0.000    642  
  cop_0960_lp_nl      6.29353      0.000    229  
  cop_0961_lp_nl      4.59378      0.000    278  
  cop_0962_lp_nl      3.51540      0.000    384  
  cop_0963_lp_nl      2.18978      0.000    741  
  cop_0964_lp_nl      2.18026      0.000    711  
  cop_0965_lp_nl      6.92081      0.000    113  
  cop_0966_lp_nl      5.18458      0.000    228  
  cop_0967_lp_nl     16.40544      0.000     53  
  cop_0968_lp_nl      2.92420      0.000    564  
  cop_0969_lp_nl      1.92116      0.000    844  
  cop_0970_lp_nl      1.55137      0.000    983  
  cop_0971_lp_nl      1.95638      0.000    823  
  cop_0972_lp_nl      2.46615      0.000    675  
  cop_0973_lp_nl      3.12578      0.000    427  
  cop_0974_lp_nl      1.76989      0.000    898  
  cop_0975_lp_nl      4.35282      0.000    308  
  cop_0976_lp_nl      4.73862      0.000    286  
  cop_0977_lp_nl     14.83832      0.000     59  
  cop_0978_lp_nl      3.56466      0.000    422  
  cop_0979_lp_nl      2.78972      0.000    582  
  cop_0980_lp_nl      9.70069      0.000    100  
  cop_0981_lp_nl      8.43216      0.000     95  
  cop_0982_lp_nl      2.65751      0.000    559  
  cop_0983_lp_nl      3.44067      0.000    432  
  cop_0984_lp_nl      8.28393      0.000    177  
  cop_0985_lp_nl      4.78207      0.000    303  
  cop_0986_lp_nl      3.22328      0.000    448  
  cop_0987_lp_nl      4.05447      0.000    300  
  cop_0988_lp_nl      3.52470      0.000    468  
  cop_0989_lp_nl      6.26919      0.000    126  
  cop_0990_lp_nl      4.97799      0.000    283  
  cop_0991_lp_nl      2.82675      0.000    569  
  cop_0992_lp_nl      4.66559      0.000    238  
  cop_0993_lp_nl      2.64364      0.000    614  
  cop_0994_lp_nl      1.69798      0.000    934  
  cop_0995_lp_nl      2.56002      0.000    618  
  cop_0996_lp_nl      3.03013      0.000    482  
  cop_0997_lp_nl      7.46025      0.000    200  
  cop_0998_lp_nl      2.27445      0.000    712  
  cop_0999_lp_nl      3.33438      0.000    450  
  cop_1000_lp_nl      3.99452      0.000    365  
  eliminated, worst first: cop_0219_lp_nl cop_0648_lp_nl cop_0768_lp_nl cop_0411_lp_nl cop_0446_lp_nl cop_0679_lp_nl cop_0924_lp_nl cop_0140_lp_nl cop_0308_lp_nl cop_0389_lp_nl cop_0058_lp_nl cop_0375_lp_nl cop_0549_lp_nl cop_0297_lp_nl cop_0670_lp_nl cop_0690_lp_nl cop_0329_lp_nl cop_0958_lp_nl cop_0323_lp_nl cop_0184_lp_nl cop_0928_lp_nl cop_0388_lp_nl cop_0257_lp_nl cop_0362_lp_nl cop_0206_lp_nl cop_0009_lp_nl cop_0049_lp_nl cop_0046_lp_nl cop_0562_lp_nl cop_0086_lp_nl cop_0130_lp_nl cop_0739_lp_nl cop_0870_lp_nl cop_0253_lp_nl cop_0095_lp_nl cop_0381_lp_nl cop_0080_lp_nl cop_0900_lp_nl cop_0816_lp_nl cop_0056_lp_nl cop_0548_lp_nl cop_0154_lp_nl cop_0096_lp_nl cop_0048_lp_nl cop_0262_lp_nl cop_0168_lp_nl cop_0704_lp_nl cop_0230_lp_nl cop_0737_lp_nl cop_0088_lp_nl cop_0787_lp_nl cop_0885_lp_nl cop_0967_lp_nl cop_0214_lp_nl cop_0245_lp_nl cop_0391_lp_nl cop_0572_lp_nl cop_0300_lp_nl cop_0977_lp_nl cop_0461_lp_nl cop_0883_lp_nl cop_0582_lp_nl cop_0212_lp_nl cop_0412_lp_nl cop_0325_lp_nl cop_0942_lp_nl cop_0119_lp_nl cop_0657_lp_nl cop_0229_lp_nl cop_0327_lp_nl cop_0700_lp_nl cop_0425_lp_nl cop_0810_lp_nl cop_0167_lp_nl cop_0138_lp_nl cop_0263_lp_nl cop_0114_lp_nl cop_0332_lp_nl cop_0366_lp_nl cop_0558_lp_nl cop_0115_lp_nl cop_0511_lp_nl cop_0052_lp_nl cop_0785_lp_nl cop_0093_lp_nl cop_0626_lp_nl cop_0868_lp_nl cop_0830_lp_nl cop_0709_lp_nl cop_0926_lp_nl cop_0608_lp_nl cop_0160_lp_nl cop_0607_lp_nl cop_0025_lp_nl cop_0981_lp_nl cop_0064_lp_nl cop_0752_lp_nl cop_0809_lp_nl cop_0486_lp_nl cop_0980_lp_nl cop_0579_lp_nl cop_0333_lp_nl cop_0591_lp_nl cop_0783_lp_nl cop_0414_lp_nl cop_0637_lp_nl cop_0387_lp_nl cop_0584_lp_nl cop_0550_lp_nl cop_0276_lp_nl cop_0823_lp_nl cop_0612_lp_nl cop_0965_lp_nl cop_0202_lp_nl cop_0055_lp_nl cop_0927_lp_nl cop_0528_lp_nl cop_0013_lp_nl cop_0894_lp_nl cop_0945_lp_nl cop_0695_lp_nl cop_0051_lp_nl cop_0449_lp_nl cop_0043_lp_nl cop_0734_lp_nl cop_0989_lp_nl cop_0059_lp_nl cop_0811_lp_nl cop_0632_lp_nl cop_0287_lp_nl cop_0393_lp_nl cop_0085_lp_nl cop_0517_lp_nl cop_0326_lp_nl cop_0890_lp_nl cop_0354_lp_nl cop_0359_lp_nl cop_0535_lp_nl cop_0304_lp_nl cop_0164_lp_nl cop_0158_lp_nl cop_0919_lp_nl cop_0655_lp_nl cop_0275_lp_nl cop_0835_lp_nl cop_0677_lp_nl cop_0532_lp_nl cop_0394_lp_nl cop_0104_lp_nl cop_0089_lp_nl cop_0380_lp_nl cop_0379_lp_nl cop_0792_lp_nl cop_0662_lp_nl cop_0012_lp_nl cop_0063_lp_nl cop_0223_lp_nl cop_0567_lp_nl cop_0845_lp_nl cop_0918_lp_nl cop_0869_lp_nl cop_0953_lp_nl cop_0621_lp_nl cop_0819_lp_nl cop_0020_lp_nl cop_0038_lp_nl cop_0365_lp_nl cop_0488_lp_nl cop_0681_lp_nl cop_0860_lp_nl cop_0767_lp_nl cop_0836_lp_nl cop_0687_lp_nl cop_0065_lp_nl cop_0701_lp_nl cop_0487_lp_nl cop_0984_lp_nl cop_0290_lp_nl cop_0419_lp_nl cop_0812_lp_nl cop_0949_lp_nl cop_0583_lp_nl cop_0865_lp_nl cop_0405_lp_nl cop_0291_lp_nl cop_0143_lp_nl cop_0427_lp_nl cop_0132_lp_nl cop_0573_lp_nl cop_0123_lp_nl cop_0888_lp_nl cop_0508_lp_nl cop_0402_lp_nl cop_0847_lp_nl cop_0159_lp_nl cop_0656_lp_nl cop_0122_lp_nl cop_0954_lp_nl cop_0833_lp_nl cop_0997_lp_nl cop_0932_lp_nl cop_0887_lp_nl cop_0754_lp_nl cop_0244_lp_nl cop_0580_lp_nl cop_0846_lp_nl cop_0721_lp_nl cop_0266_lp_nl cop_0404_lp_nl cop_0496_lp_nl cop_0175_lp_nl cop_0907_lp_nl cop_0178_lp_nl cop_0454_lp_nl cop_0609_lp_nl cop_0415_lp_nl cop_0560_lp_nl cop_0418_lp_nl cop_0153_lp_nl cop_0718_lp_nl cop_0699_lp_nl cop_0286_lp_nl cop_0188_lp_nl cop_0491_lp_nl cop_0808_lp_nl cop_0251_lp_nl cop_0315_lp_nl cop_0966_lp_nl cop_0960_lp_nl cop_0929_lp_nl cop_0790_lp_nl cop_0747_lp_nl cop_0455_lp_nl cop_0311_lp_nl cop_0209_lp_nl cop_0732_lp_nl cop_0551_lp_nl cop_0992_lp_nl cop_0674_lp_nl cop_0675_lp_nl cop_0111_lp_nl cop_0278_lp_nl cop_0328_lp_nl cop_0755_lp_nl cop_0163_lp_nl cop_0279_lp_nl cop_0283_lp_nl cop_0605_lp_nl cop_0590_lp_nl cop_0873_lp_nl cop_0270_lp_nl cop_0484_lp_nl cop_0563_lp_nl cop_0909_lp_nl cop_0716_lp_nl cop_0029_lp_nl cop_0303_lp_nl cop_0468_lp_nl cop_0084_lp_nl cop_0603_lp_nl cop_0217_lp_nl cop_0744_lp_nl cop_0098_lp_nl cop_0385_lp_nl cop_0271_lp_nl cop_0215_lp_nl cop_0242_lp_nl cop_0610_lp_nl cop_0420_lp_nl cop_0837_lp_nl cop_0938_lp_nl cop_0636_lp_nl cop_0370_lp_nl cop_0602_lp_nl cop_0360_lp_nl cop_0903_lp_nl cop_0490_lp_nl cop_0961_lp_nl cop_0475_lp_nl cop_0831_lp_nl cop_0722_lp_nl cop_0235_lp_nl cop_0990_lp_nl cop_0714_lp_nl cop_0034_lp_nl cop_0976_lp_nl cop_0864_lp_nl cop_0021_lp_nl cop_0456_lp_nl cop_0786_lp_nl cop_0813_lp_nl cop_0015_lp_nl cop_0680_lp_nl cop_0406_lp_nl cop_0788_lp_nl cop_0041_lp_nl cop_0730_lp_nl cop_0618_lp_nl cop_0613_lp_nl cop_0987_lp_nl cop_0839_lp_nl cop_0658_lp_nl cop_0985_lp_nl cop_0273_lp_nl cop_0190_lp_nl cop_0936_lp_nl cop_0940_lp_nl cop_0975_lp_nl cop_0588_lp_nl cop_0589_lp_nl cop_0074_lp_nl cop_0939_lp_nl cop_0663_lp_nl cop_0946_lp_nl cop_0261_lp_nl cop_0342_lp_nl cop_0307_lp_nl cop_0026_lp_nl cop_0092_lp_nl cop_0842_lp_nl cop_0077_lp_nl cop_0851_lp_nl cop_0322_lp_nl cop_0651_lp_nl cop_0129_lp_nl cop_0295_lp_nl cop_0669_lp_nl cop_0559_lp_nl cop_0710_lp_nl cop_0146_lp_nl cop_0521_lp_nl cop_0376_lp_nl cop_0760_lp_nl cop_0539_lp_nl cop_0537_lp_nl cop_0208_lp_nl cop_0216_lp_nl cop_0416_lp_nl cop_0384_lp_nl cop_0492_lp_nl cop_0014_lp_nl cop_0018_lp_nl cop_0372_lp_nl cop_0305_lp_nl cop_0324_lp_nl cop_0585_lp_nl cop_0259_lp_nl cop_0761_lp_nl cop_0090_lp_nl cop_0922_lp_nl cop_0238_lp_nl cop_0434_lp_nl cop_0344_lp_nl cop_0745_lp_nl cop_0892_lp_nl cop_0398_lp_nl cop_0659_lp_nl cop_0499_lp_nl cop_0340_lp_nl cop_0033_lp_nl cop_0781_lp_nl cop_0198_lp_nl cop_0908_lp_nl cop_0233_lp_nl cop_1000_lp_nl cop_0693_lp_nl cop_0137_lp_nl cop_0557_lp_nl cop_0614_lp_nl cop_0743_lp_nl cop_0815_lp_nl cop_0296_lp_nl cop_0578_lp_nl cop_0858_lp_nl cop_0197_lp_nl cop_0301_lp_nl cop_0341_lp_nl cop_0357_lp_nl cop_0546_lp_nl cop_0698_lp_nl cop_0640_lp_nl cop_0676_lp_nl cop_0530_lp_nl cop_0962_lp_nl cop_0330_lp_nl cop_0623_lp_nl cop_0409_lp_nl cop_0746_lp_nl cop_0448_lp_nl cop_0569_lp_nl cop_0753_lp_nl cop_0383_lp_nl cop_0678_lp_nl cop_0771_lp_nl cop_0472_lp_nl cop_0155_lp_nl cop_0522_lp_nl cop_0504_lp_nl cop_0630_lp_nl cop_0224_lp_nl cop_0222_lp_nl cop_0799_lp_nl cop_0857_lp_nl cop_0192_lp_nl cop_0485_lp_nl cop_0822_lp_nl cop_0358_lp_nl cop_0682_lp_nl cop_0565_lp_nl cop_0203_lp_nl cop_0028_lp_nl cop_0177_lp_nl cop_0495_lp_nl cop_0829_lp_nl cop_0447_lp_nl cop_0110_lp_nl cop_0483_lp_nl cop_0433_lp_nl cop_0210_lp_nl cop_0921_lp_nl cop_0616_lp_nl cop_0978_lp_nl cop_0471_lp_nl cop_0452_lp_nl cop_0515_lp_nl cop_0331_lp_nl cop_0973_lp_nl cop_0797_lp_nl cop_0260_lp_nl cop_0272_lp_nl cop_0075_lp_nl cop_0983_lp_nl cop_0587_lp_nl cop_0856_lp_nl cop_0345_lp_nl cop_0505_lp_nl cop_0506_lp_nl cop_0336_lp_nl cop_0576_lp_nl cop_0791_lp_nl cop_0189_lp_nl cop_0363_lp_nl cop_0407_lp_nl cop_0421_lp_nl cop_0759_lp_nl cop_0116_lp_nl cop_0417_lp_nl cop_0986_lp_nl cop_0910_lp_nl cop_0999_lp_nl cop_0947_lp_nl cop_0246_lp_nl cop_0733_lp_nl cop_0060_lp_nl cop_0493_lp_nl cop_0775_lp_nl cop_0294_lp_nl cop_0392_lp_nl cop_0248_lp_nl cop_0309_lp_nl cop_0724_lp_nl cop_0181_lp_nl cop_0195_lp_nl cop_0371_lp_nl cop_0141_lp_nl cop_0877_lp_nl cop_0611_lp_nl cop_0988_lp_nl cop_0042_lp_nl cop_0749_lp_nl cop_0944_lp_nl cop_0071_lp_nl cop_0473_lp_nl cop_0893_lp_nl cop_0234_lp_nl cop_0053_lp_nl cop_0606_lp_nl cop_0818_lp_nl cop_0174_lp_nl cop_0462_lp_nl cop_0638_lp_nl cop_0996_lp_nl cop_0952_lp_nl cop_0113_lp_nl cop_0258_lp_nl cop_0627_lp_nl cop_0083_lp_nl cop_0601_lp_nl cop_0128_lp_nl cop_0881_lp_nl cop_0807_lp_nl cop_0762_lp_nl cop_0470_lp_nl cop_0649_lp_nl cop_0401_lp_nl cop_0706_lp_nl cop_0463_lp_nl cop_0776_lp_nl cop_0789_lp_nl cop_0543_lp_nl cop_0314_lp_nl cop_0639_lp_nl cop_0644_lp_nl cop_0010_lp_nl cop_0838_lp_nl cop_0149_lp_nl cop_0144_lp_nl cop_0719_lp_nl cop_0882_lp_nl cop_0313_lp_nl cop_0671_lp_nl cop_0547_lp_nl cop_0264_lp_nl cop_0225_lp_nl cop_0955_lp_nl cop_0073_lp_nl cop_0451_lp_nl cop_0430_lp_nl cop_0568_lp_nl cop_0672_lp_nl cop_0645_lp_nl cop_0247_lp_nl cop_0934_lp_nl cop_0795_lp_nl cop_0668_lp_nl cop_0007_lp_nl cop_0318_lp_nl cop_0339_lp_nl cop_0124_lp_nl cop_0912_lp_nl cop_0293_lp_nl cop_0280_lp_nl cop_0545_lp_nl cop_0758_lp_nl cop_0901_lp_nl cop_0957_lp_nl cop_0507_lp_nl cop_0726_lp_nl cop_0237_lp_nl cop_0872_lp_nl cop_0221_lp_nl cop_0595_lp_nl cop_0023_lp_nl cop_0723_lp_nl cop_0703_lp_nl cop_0898_lp_nl cop_0045_lp_nl cop_0151_lp_nl cop_0395_lp_nl cop_0352_lp_nl cop_0920_lp_nl cop_0108_lp_nl cop_0319_lp_nl cop_0438_lp_nl cop_0592_lp_nl cop_0373_lp_nl cop_0915_lp_nl cop_0218_lp_nl cop_0982_lp_nl cop_0941_lp_nl cop_0854_lp_nl cop_0445_lp_nl cop_0896_lp_nl cop_0968_lp_nl cop_0284_lp_nl cop_0619_lp_nl cop_0193_lp_nl cop_0204_lp_nl cop_0991_lp_nl cop_0599_lp_nl cop_0131_lp_nl cop_0310_lp_nl cop_0524_lp_nl cop_0766_lp_nl cop_0403_lp_nl cop_0956_lp_nl cop_0848_lp_nl cop_0292_lp_nl cop_0039_lp_nl cop_0001_lp_nl cop_0386_lp_nl cop_0979_lp_nl cop_0798_lp_nl cop_0019_lp_nl cop_0933_lp_nl cop_0581_lp_nl cop_0441_lp_nl cop_0556_lp_nl cop_0199_lp_nl cop_0800_lp_nl cop_0891_lp_nl cop_0666_lp_nl cop_0564_lp_nl cop_0804_lp_nl cop_0268_lp_nl cop_0355_lp_nl cop_0196_lp_nl cop_0895_lp_nl cop_0250_lp_nl cop_0617_lp_nl cop_0951_lp_nl cop_0806_lp_nl cop_0474_lp_nl cop_0705_lp_nl cop_0923_lp_nl cop_0176_lp_nl cop_0022_lp_nl cop_0316_lp_nl cop_0170_lp_nl cop_0541_lp_nl cop_0432_lp_nl cop_0002_lp_nl cop_0667_lp_nl cop_0993_lp_nl cop_0101_lp_nl cop_0035_lp_nl cop_0866_lp_nl cop_0995_lp_nl cop_0633_lp_nl cop_0886_lp_nl cop_0930_lp_nl cop_0180_lp_nl cop_0476_lp_nl cop_0282_lp_nl cop_0814_lp_nl cop_0512_lp_nl cop_0017_lp_nl cop_0855_lp_nl cop_0728_lp_nl cop_0109_lp_nl cop_0844_lp_nl cop_0127_lp_nl cop_0688_lp_nl cop_0067_lp_nl cop_0076_lp_nl cop_0489_lp_nl cop_0861_lp_nl cop_0943_lp_nl cop_0081_lp_nl cop_0289_lp_nl cop_0133_lp_nl cop_0959_lp_nl cop_0497_lp_nl cop_0916_lp_nl cop_0834_lp_nl cop_0765_lp_nl cop_0713_lp_nl cop_0003_lp_nl cop_0378_lp_nl cop_0840_lp_nl cop_0805_lp_nl cop_0069_lp_nl cop_0062_lp_nl cop_0653_lp_nl cop_0586_lp_nl cop_0641_lp_nl cop_0925_lp_nl cop_0778_lp_nl cop_0227_lp_nl cop_0179_lp_nl cop_0600_lp_nl cop_0252_lp_nl cop_0408_lp_nl cop_0400_lp_nl cop_0769_lp_nl cop_0748_lp_nl cop_0442_lp_nl cop_0571_lp_nl cop_0625_lp_nl cop_0467_lp_nl cop_0232_lp_nl cop_0099_lp_nl cop_0243_lp_nl cop_0793_lp_nl cop_0972_lp_nl cop_0757_lp_nl cop_0828_lp_nl cop_0825_lp_nl cop_0821_lp_nl cop_0843_lp_nl cop_0453_lp_nl cop_0200_lp_nl cop_0880_lp_nl cop_0277_lp_nl cop_0950_lp_nl cop_0729_lp_nl cop_0082_lp_nl cop_0382_lp_nl cop_0239_lp_nl cop_0631_lp_nl cop_0288_lp_nl cop_0518_lp_nl cop_0540_lp_nl cop_0594_lp_nl cop_0182_lp_nl cop_0105_lp_nl cop_0561_lp_nl cop_0027_lp_nl cop_0935_lp_nl cop_0431_lp_nl cop_0162_lp_nl cop_0008_lp_nl cop_0770_lp_nl cop_0566_lp_nl cop_0465_lp_nl cop_0817_lp_nl cop_0544_lp_nl cop_0306_lp_nl cop_0194_lp_nl cop_0555_lp_nl cop_0964_lp_nl cop_0998_lp_nl cop_0334_lp_nl cop_0620_lp_nl cop_0265_lp_nl cop_0853_lp_nl cop_0735_lp_nl cop_0125_lp_nl cop_0529_lp_nl cop_0879_lp_nl cop_0150_lp_nl cop_0904_lp_nl cop_0635_lp_nl cop_0464_lp_nl cop_0187_lp_nl cop_0068_lp_nl cop_0536_lp_nl cop_0542_lp_nl cop_0439_lp_nl cop_0185_lp_nl cop_0646_lp_nl cop_0482_lp_nl cop_0267_lp_nl cop_0937_lp_nl cop_0436_lp_nl cop_0863_lp_nl cop_0135_lp_nl cop_0531_lp_nl cop_0498_lp_nl cop_0501_lp_nl cop_0963_lp_nl cop_0006_lp_nl cop_0575_lp_nl cop_0711_lp_nl cop_0502_lp_nl cop_0647_lp_nl cop_0201_lp_nl cop_0040_lp_nl cop_0078_lp_nl cop_0249_lp_nl cop_0707_lp_nl cop_0764_lp_nl cop_0794_lp_nl cop_0513_lp_nl cop_0738_lp_nl cop_0570_lp_nl cop_0126_lp_nl cop_0689_lp_nl cop_0742_lp_nl cop_0312_lp_nl cop_0161_lp_nl cop_0350_lp_nl cop_0643_lp_nl cop_0736_lp_nl cop_0443_lp_nl cop_0509_lp_nl cop_0236_lp_nl cop_0072_lp_nl cop_0756_lp_nl cop_0712_lp_nl cop_0520_lp_nl cop_0458_lp_nl cop_0254_lp_nl cop_0171_lp_nl cop_0867_lp_nl cop_0103_lp_nl cop_0097_lp_nl cop_0005_lp_nl cop_0346_lp_nl cop_0624_lp_nl cop_0878_lp_nl cop_0091_lp_nl cop_0228_lp_nl cop_0827_lp_nl cop_0479_lp_nl cop_0841_lp_nl cop_0514_lp_nl cop_0459_lp_nl cop_0302_lp_nl cop_0597_lp_nl cop_0120_lp_nl cop_0629_lp_nl cop_0876_lp_nl cop_0207_lp_nl cop_0802_lp_nl cop_0741_lp_nl cop_0152_lp_nl cop_0650_lp_nl cop_0016_lp_nl cop_0826_lp_nl cop_0784_lp_nl cop_0377_lp_nl cop_0852_lp_nl cop_0763_lp_nl cop_0780_lp_nl cop_0364_lp_nl cop_0061_lp_nl cop_0118_lp_nl cop_0525_lp_nl cop_0321_lp_nl cop_0615_lp_nl cop_0889_lp_nl cop_0274_lp_nl cop_0087_lp_nl cop_0337_lp_nl cop_0685_lp_nl cop_0173_lp_nl cop_0782_lp_nl cop_0725_lp_nl cop_0604_lp_nl cop_0440_lp_nl cop_0673_lp_nl cop_0971_lp_nl cop_0481_lp_nl cop_0450_lp_nl cop_0779_lp_nl cop_0220_lp_nl cop_0460_lp_nl cop_0694_lp_nl cop_0024_lp_nl cop_0731_lp_nl cop_0553_lp_nl cop_0469_lp_nl cop_0500_lp_nl cop_0697_lp_nl cop_0037_lp_nl cop_0750_lp_nl cop_0186_lp_nl cop_0169_lp_nl cop_0664_lp_nl cop_0066_lp_nl cop_0899_lp_nl cop_0875_lp_nl cop_0969_lp_nl cop_0112_lp_nl cop_0256_lp_nl cop_0361_lp_nl cop_0480_lp_nl cop_0692_lp_nl cop_0849_lp_nl cop_0523_lp_nl cop_0368_lp_nl cop_0574_lp_nl cop_0094_lp_nl cop_0503_lp_nl cop_0147_lp_nl cop_0390_lp_nl cop_0683_lp_nl cop_0428_lp_nl cop_0727_lp_nl cop_0911_lp_nl cop_0050_lp_nl cop_0516_lp_nl cop_0596_lp_nl cop_0884_lp_nl cop_0622_lp_nl cop_0803_lp_nl cop_0820_lp_nl cop_0577_lp_nl cop_0774_lp_nl cop_0156_lp_nl cop_0494_lp_nl cop_0165_lp_nl cop_0353_lp_nl cop_0030_lp_nl cop_0477_lp_nl cop_0715_lp_nl cop_0335_lp_nl cop_0255_lp_nl cop_0684_lp_nl cop_0011_lp_nl cop_0299_lp_nl cop_0226_lp_nl cop_0070_lp_nl cop_0902_lp_nl cop_0349_lp_nl cop_0343_lp_nl cop_0134_lp_nl cop_0369_lp_nl cop_0338_lp_nl cop_0320_lp_nl cop_0871_lp_nl cop_0444_lp_nl cop_0396_lp_nl cop_0628_lp_nl cop_0859_lp_nl cop_0796_lp_nl cop_0974_lp_nl cop_0686_lp_nl cop_0466_lp_nl cop_0032_lp_nl cop_0913_lp_nl cop_0399_lp_nl cop_0423_lp_nl cop_0145_lp_nl cop_0413_lp_nl cop_0004_lp_nl cop_0374_lp_nl cop_0121_lp_nl cop_0862_lp_nl cop_0850_lp_nl cop_0183_lp_nl cop_0348_lp_nl cop_0107_lp_nl cop_0424_lp_nl cop_0117_lp_nl cop_0240_lp_nl cop_0435_lp_nl cop_0213_lp_nl cop_0691_lp_nl cop_0634_lp_nl cop_0157_lp_nl cop_0057_lp_nl cop_0317_lp_nl cop_0367_lp_nl cop_0874_lp_nl cop_0100_lp_nl cop_0281_lp_nl cop_0422_lp_nl cop_0914_lp_nl cop_0661_lp_nl cop_0652_lp_nl cop_0696_lp_nl cop_0994_lp_nl cop_0136_lp_nl cop_0172_lp_nl cop_0552_lp_nl cop_0351_lp_nl cop_0397_lp_nl cop_0102_lp_nl cop_0527_lp_nl cop_0777_lp_nl cop_0720_lp_nl cop_0772_lp_nl cop_0801_lp_nl cop_0047_lp_nl cop_0478_lp_nl cop_0740_lp_nl cop_0665_lp_nl cop_0106_lp_nl cop_0533_lp_nl cop_0269_lp_nl cop_0139_lp_nl cop_0079_lp_nl cop_0751_lp_nl cop_0660_lp_nl cop_0897_lp_nl cop_0906_lp_nl cop_0031_lp_nl cop_0554_lp_nl cop_0298_lp_nl cop_0044_lp_nl cop_0211_lp_nl cop_0457_lp_nl cop_0429_lp_nl cop_0231_lp_nl cop_0036_lp_nl cop_0166_lp_nl cop_0054_lp_nl cop_0948_lp_nl cop_0598_lp_nl cop_0538_lp_nl cop_0426_lp_nl cop_0642_lp_nl cop_0654_lp_nl cop_0285_lp_nl cop_0510_lp_nl cop_0593_lp_nl cop_0824_lp_nl cop_0526_lp_nl cop_0205_lp_nl cop_0708_lp_nl cop_0970_lp_nl cop_0534_lp_nl cop_0773_lp_nl cop_0142_lp_nl cop_0241_lp_nl cop_0905_lp_nl cop_0917_lp_nl cop_0347_lp_nl cop_0702_lp_nl cop_0148_lp_nl cop_0931_lp_nl cop_0519_lp_nl cop_0356_lp_nl cop_0410_lp_nl cop_0832_lp_nl cop_0717_lp_nl cop_0437_lp_nl
  set decided by an accepted test: no, every test rejected down to one model (last p = 0.000 against alpha = 0.050)
