MCS_TR against MCS_TMAX on montecarlo/out/lp_irf_loss_s2.csv
1000 configurations, 999 replicates each
shared: alpha = 0.050, 10000 resamples, block length 1, bootstrap variance, seed 123, stream 0

Both statistics are scored on the same resamples, drawn once and reused in every round.

statistic  set size  decided by an accepted test  deciding round  last p-value  seconds
MCS_TR            3                          yes             998        0.0773      5.1
MCS_TMAX          4                          yes             997        0.1439      7.2

sets
  in both sets 3, only in MCS_TR's 0, only in MCS_TMAX's 1
  largest difference between the two MCS p-values of one configuration 0.2038

elimination rounds, the configuration left at the end counted as round 1000
  Spearman rank correlation between the two orders 0.9801
  absolute difference in round: median 24, 90th percentile 100, largest 232

the 10 configurations MCS_TR eliminated last, with where MCS_TMAX put them
  configuration  mean loss  MCS_TR round  MCS_TR p  MCS_TMAX round  MCS_TMAX p
  cop_0437_lp_s2  1.40839  1000  1.0000  1000  1.0000
  cop_0832_lp_s2  1.42906  999  0.0773  999  0.2811
  cop_0191_lp_s2  1.43069  998  0.0773  998  0.2811
  cop_0905_lp_s2  1.43954  997  0.0232  997  0.1439
  cop_0356_lp_s2  1.45837  996  0.0000  996  0.0041
  cop_0717_lp_s2  1.45994  995  0.0000  995  0.0041
  cop_0410_lp_s2  1.47081  994  0.0000  994  0.0004
  cop_0970_lp_s2  1.48017  993  0.0000  993  0.0004
  cop_0593_lp_s2  1.49685  992  0.0000  992  0.0000
  cop_0654_lp_s2  1.49647  991  0.0000  991  0.0000


  sample    999 observations, 1000 models
  statistic TR, every pairwise contrast
  test      alpha = 0.050, 10000 moving-block resamples of 1 observations
  variance  bootstrap variance of the resampled mean
  stream    seed 123, stream 0

MCS over state-dependent local projection impulse-response MAE, state 2 (lags times F), MCS_TR statistic
  model             mean loss      MCS p  round  in set
  cop_0001_lp_s2      2.64047      0.000    511  
  cop_0002_lp_s2      2.87025      0.000    580  
  cop_0003_lp_s2      2.69926      0.000    653  
  cop_0004_lp_s2      1.78319      0.000    907  
  cop_0005_lp_s2      2.13758      0.000    704  
  cop_0006_lp_s2      2.22962      0.000    722  
  cop_0007_lp_s2      3.10511      0.000    573  
  cop_0008_lp_s2      2.37343      0.000    718  
  cop_0009_lp_s2     19.49835      0.000     12  
  cop_0010_lp_s2      3.40818      0.000    485  
  cop_0011_lp_s2      1.85357      0.000    866  
  cop_0012_lp_s2      8.09629      0.000    183  
  cop_0013_lp_s2      7.94531      0.000     39  
  cop_0014_lp_s2      3.66023      0.000    252  
  cop_0015_lp_s2      4.18501      0.000    218  
  cop_0016_lp_s2      2.15400      0.000    760  
  cop_0017_lp_s2      2.84608      0.000    631  
  cop_0018_lp_s2      3.75951      0.000    342  
  cop_0019_lp_s2      2.90542      0.000    568  
  cop_0020_lp_s2      6.65119      0.000    191  
  cop_0021_lp_s2      6.16657      0.000    327  
  cop_0022_lp_s2      2.54159      0.000    517  
  cop_0023_lp_s2      2.68312      0.000    486  
  cop_0024_lp_s2      2.09002      0.000    790  
  cop_0025_lp_s2      6.87905      0.000     74  
  cop_0026_lp_s2      4.85703      0.000    448  
  cop_0027_lp_s2      2.41173      0.000    734  
  cop_0028_lp_s2      3.47699      0.000    407  
  cop_0029_lp_s2      4.87704      0.000    217  
  cop_0030_lp_s2      1.84039      0.000    865  
  cop_0031_lp_s2      1.63089      0.000    956  
  cop_0032_lp_s2      1.67915      0.000    944  
  cop_0033_lp_s2      4.00212      0.000    380  
  cop_0034_lp_s2      5.42475      0.000    321  
  cop_0035_lp_s2      2.66701      0.000    593  
  cop_0036_lp_s2      1.54117      0.000    983  
  cop_0037_lp_s2      2.00984      0.000    826  
  cop_0038_lp_s2      8.29709      0.000    311  
  cop_0039_lp_s2      2.86056      0.000    597  
  cop_0040_lp_s2      2.22428      0.000    770  
  cop_0041_lp_s2      4.52115      0.000    284  
  cop_0042_lp_s2      3.04474      0.000    578  
  cop_0043_lp_s2      8.53900      0.000     59  
  cop_0044_lp_s2      1.65029      0.000    953  
  cop_0045_lp_s2      3.31635      0.000    579  
  cop_0046_lp_s2     12.96815      0.000     34  
  cop_0047_lp_s2      1.67971      0.000    931  
  cop_0048_lp_s2     17.84194      0.000     27  
  cop_0049_lp_s2     28.10362      0.000     51  
  cop_0050_lp_s2      1.89526      0.000    863  
  cop_0051_lp_s2      7.58826      0.000    182  
  cop_0052_lp_s2     11.73975      0.000    178  
  cop_0053_lp_s2      2.99442      0.000    405  
  cop_0054_lp_s2      1.66736      0.000    950  
  cop_0055_lp_s2      6.62295      0.000    190  
  cop_0056_lp_s2     15.05669      0.000     22  
  cop_0057_lp_s2      1.73054      0.000    929  
  cop_0058_lp_s2     27.83006      0.000     91  
  cop_0059_lp_s2      5.86642      0.000     53  
  cop_0060_lp_s2      3.30754      0.000    398  
  cop_0061_lp_s2      2.04834      0.000    832  
  cop_0062_lp_s2      2.58277      0.000    680  
  cop_0063_lp_s2      7.43951      0.000    146  
  cop_0064_lp_s2      6.38396      0.000     21  
  cop_0065_lp_s2      7.37602      0.000     95  
  cop_0066_lp_s2      1.95252      0.000    842  
  cop_0067_lp_s2      2.61034      0.000    577  
  cop_0068_lp_s2      2.19998      0.000    709  
  cop_0069_lp_s2      2.41912      0.000    650  
  cop_0070_lp_s2      1.89059      0.000    876  
  cop_0071_lp_s2      2.98451      0.000    433  
  cop_0072_lp_s2      2.17644      0.000    730  
  cop_0073_lp_s2      3.19129      0.000    535  
  cop_0074_lp_s2      4.31375      0.000    421  
  cop_0075_lp_s2      3.50668      0.000    427  
  cop_0076_lp_s2      2.44509      0.000    615  
  cop_0077_lp_s2      4.07760      0.000    224  
  cop_0078_lp_s2      2.09732      0.000    731  
  cop_0079_lp_s2      1.70680      0.000    935  
  cop_0080_lp_s2     16.91849      0.000     54  
  cop_0081_lp_s2      2.53713      0.000    715  
  cop_0082_lp_s2      2.43027      0.000    638  
  cop_0083_lp_s2      3.11158      0.000    496  
  cop_0084_lp_s2      5.91316      0.000    360  
  cop_0085_lp_s2      7.20948      0.000     60  
  cop_0086_lp_s2     78.82235      0.000    132  
  cop_0087_lp_s2      1.94451      0.000    829  
  cop_0088_lp_s2     11.58979      0.000     43  
  cop_0089_lp_s2     17.56068      0.000    325  
  cop_0090_lp_s2      3.80334      0.000    189  
  cop_0091_lp_s2      2.08951      0.000    819  
  cop_0092_lp_s2      4.35874      0.000    244  
  cop_0093_lp_s2      7.20363      0.000     73  
  cop_0094_lp_s2      1.93876      0.000    839  
  cop_0095_lp_s2     19.39418      0.000    176  
  cop_0096_lp_s2     15.77641      0.000    133  
  cop_0097_lp_s2      2.05566      0.000    748  
  cop_0098_lp_s2      5.03259      0.000    122  
  cop_0099_lp_s2      2.47329      0.000    663  
  cop_0100_lp_s2      1.69076      0.000    947  
  cop_0101_lp_s2      2.39725      0.000    623  
  cop_0102_lp_s2      1.67868      0.000    936  
  cop_0103_lp_s2      2.00856      0.000    766  
  cop_0104_lp_s2      6.11618      0.000    179  
  cop_0105_lp_s2      2.13395      0.000    728  
  cop_0106_lp_s2      1.63230      0.000    954  
  cop_0107_lp_s2      1.79649      0.000    910  
  cop_0108_lp_s2      3.30412      0.000    545  
  cop_0109_lp_s2      2.67033      0.000    605  
  cop_0110_lp_s2      3.43698      0.000    401  
  cop_0111_lp_s2      4.62506      0.000    126  
  cop_0112_lp_s2      1.99523      0.000    823  
  cop_0113_lp_s2      3.28901      0.000    540  
  cop_0114_lp_s2     15.77518      0.000    221  
  cop_0115_lp_s2      9.20877      0.000    128  
  cop_0116_lp_s2      3.35919      0.000    372  
  cop_0117_lp_s2      1.72197      0.000    918  
  cop_0118_lp_s2      2.08028      0.000    786  
  cop_0119_lp_s2     20.63675      0.000    147  
  cop_0120_lp_s2      2.05412      0.000    746  
  cop_0121_lp_s2      1.72168      0.000    926  
  cop_0122_lp_s2      5.35907      0.000    204  
  cop_0123_lp_s2      5.90641      0.000    203  
  cop_0124_lp_s2      2.90974      0.000    476  
  cop_0125_lp_s2      2.25366      0.000    762  
  cop_0126_lp_s2      2.24462      0.000    749  
  cop_0127_lp_s2      2.61135      0.000    586  
  cop_0128_lp_s2      3.24017      0.000    502  
  cop_0129_lp_s2      5.72589      0.000    431  
  cop_0130_lp_s2     16.16142      0.000    111  
  cop_0131_lp_s2      2.73123      0.000    635  
  cop_0132_lp_s2      5.37816      0.000    165  
  cop_0133_lp_s2      2.37644      0.000    627  
  cop_0134_lp_s2      1.87606      0.000    836  
  cop_0135_lp_s2      2.32366      0.000    772  
  cop_0136_lp_s2      1.68110      0.000    946  
  cop_0137_lp_s2      4.27761      0.000    463  
  cop_0138_lp_s2      8.19373      0.000     81  
  cop_0139_lp_s2      1.67137      0.000    927  
  cop_0140_lp_s2     28.37158      0.000      5  
  cop_0141_lp_s2      3.14655      0.000    414  
  cop_0142_lp_s2      1.53481      0.000    981  
  cop_0143_lp_s2      4.81719      0.000    108  
  cop_0144_lp_s2      3.01375      0.000    503  
  cop_0145_lp_s2      1.78313      0.000    906  
  cop_0146_lp_s2      4.18485      0.000    309  
  cop_0147_lp_s2      1.98623      0.000    859  
  cop_0148_lp_s2      1.50122      0.000    990  
  cop_0149_lp_s2      3.65781      0.000    461  
  cop_0150_lp_s2      2.22109      0.000    688  
  cop_0151_lp_s2      2.97671      0.000    528  
  cop_0152_lp_s2      2.11954      0.000    806  
  cop_0153_lp_s2      5.59347      0.000    278  
  cop_0154_lp_s2     17.59810      0.000    160  
  cop_0155_lp_s2      3.48097      0.000    470  
  cop_0156_lp_s2      1.89613      0.000    854  
  cop_0157_lp_s2      1.71511      0.000    933  
  cop_0158_lp_s2     12.24274      0.000    310  
  cop_0159_lp_s2      6.43669      0.000    196  
  cop_0160_lp_s2      7.63848      0.000     99  
  cop_0161_lp_s2      2.15538      0.000    804  
  cop_0162_lp_s2      2.32239      0.000    685  
  cop_0163_lp_s2      5.34548      0.000    268  
  cop_0164_lp_s2      6.94548      0.000    171  
  cop_0165_lp_s2      1.92809      0.000    846  
  cop_0166_lp_s2      1.64785      0.000    959  
  cop_0167_lp_s2     10.76131      0.000    140  
  cop_0168_lp_s2      9.61289      0.000     56  
  cop_0169_lp_s2      2.00084      0.000    821  
  cop_0170_lp_s2      2.74131      0.000    684  
  cop_0171_lp_s2      2.11136      0.000    769  
  cop_0172_lp_s2      1.66640      0.000    948  
  cop_0173_lp_s2      1.86898      0.000    884  
  cop_0174_lp_s2      3.26130      0.000    479  
  cop_0175_lp_s2      5.36032      0.000    114  
  cop_0176_lp_s2      2.33135      0.000    710  
  cop_0177_lp_s2      3.46410      0.000    357  
  cop_0178_lp_s2      5.58070      0.000    231  
  cop_0179_lp_s2      2.49371      0.000    697  
  cop_0180_lp_s2      2.73191      0.000    671  
  cop_0181_lp_s2      3.28939      0.000    508  
  cop_0182_lp_s2      2.52937      0.000    639  
  cop_0183_lp_s2      1.69865      0.000    943  
  cop_0184_lp_s2     15.06300      0.000     26  
  cop_0185_lp_s2      2.30172      0.000    633  
  cop_0186_lp_s2      1.92376      0.000    830  
  cop_0187_lp_s2      2.23999      0.000    729  
  cop_0188_lp_s2      5.31414      0.000    210  
  cop_0189_lp_s2      3.14990      0.000    271  
  cop_0190_lp_s2      4.56553      0.000    302  
  cop_0191_lp_s2      1.43069      0.077    998  yes
  cop_0192_lp_s2      3.34878      0.000    377  
  cop_0193_lp_s2      2.63203      0.000    609  
  cop_0194_lp_s2      2.35813      0.000    681  
  cop_0195_lp_s2      3.47225      0.000    458  
  cop_0196_lp_s2      2.87494      0.000    591  
  cop_0197_lp_s2      3.62313      0.000    418  
  cop_0198_lp_s2      3.85816      0.000    296  
  cop_0199_lp_s2      2.61992      0.000    550  
  cop_0200_lp_s2      2.22138      0.000    761  
  cop_0201_lp_s2      2.29340      0.000    719  
  cop_0202_lp_s2     14.14234      0.000    308  
  cop_0203_lp_s2      3.21480      0.000    264  
  cop_0204_lp_s2      2.82410      0.000    600  
  cop_0205_lp_s2      1.62415      0.000    968  
  cop_0206_lp_s2     10.85680      0.000     25  
  cop_0207_lp_s2      2.13770      0.000    798  
  cop_0208_lp_s2      4.47364      0.000    304  
  cop_0209_lp_s2      4.60045      0.000     92  
  cop_0210_lp_s2      3.18381      0.000    426  
  cop_0211_lp_s2      1.65813      0.000    938  
  cop_0212_lp_s2     15.65912      0.000     57  
  cop_0213_lp_s2      1.73318      0.000    925  
  cop_0214_lp_s2     56.46321      0.000    134  
  cop_0215_lp_s2      4.17535      0.000    113  
  cop_0216_lp_s2      3.79154      0.000    399  
  cop_0217_lp_s2      6.25786      0.000    336  
  cop_0218_lp_s2      3.02707      0.000    584  
  cop_0219_lp_s2    212.72072      0.000      1  
  cop_0220_lp_s2      1.95655      0.000    851  
  cop_0221_lp_s2      3.19077      0.000    599  
  cop_0222_lp_s2      3.73379      0.000    397  
  cop_0223_lp_s2      5.53132      0.000     20  
  cop_0224_lp_s2      3.85937      0.000    413  
  cop_0225_lp_s2      2.76629      0.000    424  
  cop_0226_lp_s2      1.79563      0.000    886  
  cop_0227_lp_s2      2.26763      0.000    739  
  cop_0228_lp_s2      2.14731      0.000    747  
  cop_0229_lp_s2     10.82046      0.000    110  
  cop_0230_lp_s2    163.22694      0.000    156  
  cop_0231_lp_s2      1.62574      0.000    970  
  cop_0232_lp_s2      2.28470      0.000    675  
  cop_0233_lp_s2      3.83767      0.000    251  
  cop_0234_lp_s2      3.53451      0.000    480  
  cop_0235_lp_s2      4.33674      0.000    259  
  cop_0236_lp_s2      2.11935      0.000    737  
  cop_0237_lp_s2      2.72400      0.000    450  
  cop_0238_lp_s2      4.30212      0.000    349  
  cop_0239_lp_s2      2.27695      0.000    647  
  cop_0240_lp_s2      1.68630      0.000    945  
  cop_0241_lp_s2      1.52006      0.000    988  
  cop_0242_lp_s2      4.11878      0.000    169  
  cop_0243_lp_s2      2.34970      0.000    616  
  cop_0244_lp_s2      7.27278      0.000    213  
  cop_0245_lp_s2      8.44670      0.000     77  
  cop_0246_lp_s2      3.49724      0.000    457  
  cop_0247_lp_s2      3.33658      0.000    526  
  cop_0248_lp_s2      3.11185      0.000    390  
  cop_0249_lp_s2      2.19123      0.000    705  
  cop_0250_lp_s2      2.77696      0.000    606  
  cop_0251_lp_s2      5.47923      0.000    164  
  cop_0252_lp_s2      2.32690      0.000    733  
  cop_0253_lp_s2     22.96418      0.000     98  
  cop_0254_lp_s2      2.13963      0.000    732  
  cop_0255_lp_s2      1.74371      0.000    911  
  cop_0256_lp_s2      2.01533      0.000    817  
  cop_0257_lp_s2     40.76115      0.000     46  
  cop_0258_lp_s2      3.07720      0.000    437  
  cop_0259_lp_s2      3.99758      0.000    287  
  cop_0260_lp_s2      3.27788      0.000    515  
  cop_0261_lp_s2      3.97967      0.000    144  
  cop_0262_lp_s2     20.17877      0.000     48  
  cop_0263_lp_s2     10.99141      0.000     24  
  cop_0264_lp_s2      3.22439      0.000    510  
  cop_0265_lp_s2      2.38581      0.000    700  
  cop_0266_lp_s2      8.67292      0.000    348  
  cop_0267_lp_s2      2.27426      0.000    742  
  cop_0268_lp_s2      2.72849      0.000    629  
  cop_0269_lp_s2      1.66712      0.000    941  
  cop_0270_lp_s2      5.73830      0.000    212  
  cop_0271_lp_s2      5.29348      0.000    148  
  cop_0272_lp_s2      3.37461      0.000    400  
  cop_0273_lp_s2      4.22163      0.000    175  
  cop_0274_lp_s2      2.10741      0.000    816  
  cop_0275_lp_s2      6.00579      0.000     71  
  cop_0276_lp_s2      6.99355      0.000     87  
  cop_0277_lp_s2      2.54645      0.000    676  
  cop_0278_lp_s2      5.65351      0.000    225  
  cop_0279_lp_s2      5.32826      0.000    312  
  cop_0280_lp_s2      3.05804      0.000    516  
  cop_0281_lp_s2      1.71159      0.000    924  
  cop_0282_lp_s2      2.56705      0.000    558  
  cop_0283_lp_s2      4.55829      0.000    151  
  cop_0284_lp_s2      2.99677      0.000    595  
  cop_0285_lp_s2      1.57957      0.000    978  
  cop_0286_lp_s2      5.76282      0.000    161  
  cop_0287_lp_s2      9.05224      0.000    153  
  cop_0288_lp_s2      2.44891      0.000    690  
  cop_0289_lp_s2      2.66449      0.000    702  
  cop_0290_lp_s2      6.00409      0.000    162  
  cop_0291_lp_s2      5.79368      0.000    220  
  cop_0292_lp_s2      2.89494      0.000    648  
  cop_0293_lp_s2      2.70722      0.000    455  
  cop_0294_lp_s2      2.90390      0.000    385  
  cop_0295_lp_s2      4.94504      0.000    388  
  cop_0296_lp_s2      3.92352      0.000    362  
  cop_0297_lp_s2     31.90126      0.000      9  
  cop_0298_lp_s2      1.65780      0.000    934  
  cop_0299_lp_s2      1.93085      0.000    871  
  cop_0300_lp_s2     11.50338      0.000    109  
  cop_0301_lp_s2      4.09734      0.000    375  
  cop_0302_lp_s2      1.92937      0.000    849  
  cop_0303_lp_s2      4.58710      0.000    112  
  cop_0304_lp_s2      5.83473      0.000     62  
  cop_0305_lp_s2      5.17247      0.000    382  
  cop_0306_lp_s2      2.36870      0.000    695  
  cop_0307_lp_s2      3.88313      0.000    105  
  cop_0308_lp_s2     29.63557      0.000     90  
  cop_0309_lp_s2      3.42103      0.000    447  
  cop_0310_lp_s2      2.79534      0.000    547  
  cop_0311_lp_s2      4.70176      0.000    240  
  cop_0312_lp_s2      2.18610      0.000    751  
  cop_0313_lp_s2      3.14250      0.000    561  
  cop_0314_lp_s2      2.94163      0.000    456  
  cop_0315_lp_s2      4.48111      0.000    104  
  cop_0316_lp_s2      2.73088      0.000    596  
  cop_0317_lp_s2      1.75176      0.000    919  
  cop_0318_lp_s2      3.01819      0.000    585  
  cop_0319_lp_s2      2.84379      0.000    624  
  cop_0320_lp_s2      1.71027      0.000    932  
  cop_0321_lp_s2      2.03569      0.000    781  
  cop_0322_lp_s2      5.35129      0.000    403  
  cop_0323_lp_s2     92.92533      0.000     49  
  cop_0324_lp_s2      4.47723      0.000    354  
  cop_0325_lp_s2     12.16970      0.000    121  
  cop_0326_lp_s2      7.50003      0.000    205  
  cop_0327_lp_s2     15.06088      0.000     67  
  cop_0328_lp_s2      4.91111      0.000    194  
  cop_0329_lp_s2     38.90947      0.000     19  
  cop_0330_lp_s2      4.09319      0.000    419  
  cop_0331_lp_s2      3.61740      0.000    474  
  cop_0332_lp_s2      8.65669      0.000     58  
  cop_0333_lp_s2     10.67382      0.000    216  
  cop_0334_lp_s2      2.27538      0.000    744  
  cop_0335_lp_s2      1.90016      0.000    858  
  cop_0336_lp_s2      3.34131      0.000    531  
  cop_0337_lp_s2      2.00288      0.000    810  
  cop_0338_lp_s2      1.79154      0.000    916  
  cop_0339_lp_s2      2.92214      0.000    559  
  cop_0340_lp_s2      4.34936      0.000    430  
  cop_0341_lp_s2      4.24883      0.000    394  
  cop_0342_lp_s2      5.04056      0.000    346  
  cop_0343_lp_s2      1.89128      0.000    867  
  cop_0344_lp_s2      4.51748      0.000    432  
  cop_0345_lp_s2      3.46820      0.000    440  
  cop_0346_lp_s2      2.12316      0.000    759  
  cop_0347_lp_s2      1.50600      0.000    989  
  cop_0348_lp_s2      1.72500      0.000    915  
  cop_0349_lp_s2      1.84765      0.000    877  
  cop_0350_lp_s2      2.09064      0.000    745  
  cop_0351_lp_s2      1.73510      0.000    921  
  cop_0352_lp_s2      3.16875      0.000    588  
  cop_0353_lp_s2      1.79148      0.000    900  
  cop_0354_lp_s2      7.50946      0.000    173  
  cop_0355_lp_s2      2.64278      0.000    542  
  cop_0356_lp_s2      1.45837      0.000    996  
  cop_0357_lp_s2      3.51460      0.000    453  
  cop_0358_lp_s2      3.59222      0.000    484  
  cop_0359_lp_s2      6.37528      0.000    136  
  cop_0360_lp_s2      5.13951      0.000    238  
  cop_0361_lp_s2      2.00033      0.000    809  
  cop_0362_lp_s2     22.70139      0.000    150  
  cop_0363_lp_s2      3.13895      0.000    425  
  cop_0364_lp_s2      2.06696      0.000    815  
  cop_0365_lp_s2      7.93714      0.000    269  
  cop_0366_lp_s2     11.75753      0.000    209  
  cop_0367_lp_s2      1.77529      0.000    909  
  cop_0368_lp_s2      1.91140      0.000    873  
  cop_0369_lp_s2      1.82814      0.000    885  
  cop_0370_lp_s2      4.60532      0.000    318  
  cop_0371_lp_s2      3.58217      0.000    481  
  cop_0372_lp_s2      4.10524      0.000    339  
  cop_0373_lp_s2      3.05557      0.000    523  
  cop_0374_lp_s2      1.82125      0.000    880  
  cop_0375_lp_s2     25.12474      0.000     55  
  cop_0376_lp_s2      4.67499      0.000    404  
  cop_0377_lp_s2      2.07528      0.000    812  
  cop_0378_lp_s2      2.48469      0.000    617  
  cop_0379_lp_s2      7.75561      0.000     72  
  cop_0380_lp_s2      6.61562      0.000    223  
  cop_0381_lp_s2     17.25044      0.000     84  
  cop_0382_lp_s2      2.39606      0.000    602  
  cop_0383_lp_s2      4.02278      0.000    408  
  cop_0384_lp_s2      4.79694      0.000    353  
  cop_0385_lp_s2      4.48479      0.000     88  
  cop_0386_lp_s2      2.74819      0.000    634  
  cop_0387_lp_s2      9.30104      0.000     61  
  cop_0388_lp_s2     20.81431      0.000      8  
  cop_0389_lp_s2     34.19068      0.000      7  
  cop_0390_lp_s2      1.93982      0.000    837  
  cop_0391_lp_s2     16.33791      0.000     40  
  cop_0392_lp_s2      2.96692      0.000    521  
  cop_0393_lp_s2      9.08033      0.000    137  
  cop_0394_lp_s2      5.28878      0.000     38  
  cop_0395_lp_s2      2.75725      0.000    590  
  cop_0396_lp_s2      1.78435      0.000    892  
  cop_0397_lp_s2      1.73972      0.000    913  
  cop_0398_lp_s2      4.33704      0.000    344  
  cop_0399_lp_s2      1.81213      0.000    896  
  cop_0400_lp_s2      2.28293      0.000    712  
  cop_0401_lp_s2      3.15240      0.000    564  
  cop_0402_lp_s2      5.58339      0.000     97  
  cop_0403_lp_s2      2.66070      0.000    505  
  cop_0404_lp_s2      5.01250      0.000    206  
  cop_0405_lp_s2      7.48258      0.000    242  
  cop_0406_lp_s2      4.37212      0.000    250  
  cop_0407_lp_s2      3.49813      0.000    468  
  cop_0408_lp_s2      2.50505      0.000    656  
  cop_0409_lp_s2      4.17659      0.000    451  
  cop_0410_lp_s2      1.47081      0.000    994  
  cop_0411_lp_s2    243.12430      0.000      6  
  cop_0412_lp_s2     10.93728      0.000     11  
  cop_0413_lp_s2      1.79009      0.000    894  
  cop_0414_lp_s2      8.37212      0.000    116  
  cop_0415_lp_s2      5.20167      0.000    159  
  cop_0416_lp_s2      3.51814      0.000    227  
  cop_0417_lp_s2      3.00115      0.000    333  
  cop_0418_lp_s2      5.26691      0.000    247  
  cop_0419_lp_s2      6.92632      0.000    275  
  cop_0420_lp_s2      5.06156      0.000    277  
  cop_0421_lp_s2      3.37239      0.000    429  
  cop_0422_lp_s2      1.61273      0.000    976  
  cop_0423_lp_s2      1.79736      0.000    887  
  cop_0424_lp_s2      1.79054      0.000    899  
  cop_0425_lp_s2     11.53365      0.000     30  
  cop_0426_lp_s2      1.60108      0.000    975  
  cop_0427_lp_s2      5.52392      0.000    102  
  cop_0428_lp_s2      1.92196      0.000    861  
  cop_0429_lp_s2      1.64500      0.000    949  
  cop_0430_lp_s2      2.71151      0.000    487  
  cop_0431_lp_s2      2.18904      0.000    692  
  cop_0432_lp_s2      2.68127      0.000    645  
  cop_0433_lp_s2      3.28199      0.000    299  
  cop_0434_lp_s2      5.22046      0.000    395  
  cop_0435_lp_s2      1.63080      0.000    966  
  cop_0436_lp_s2      2.26868      0.000    763  
  cop_0437_lp_s2      1.40839      1.000      -  yes
  cop_0438_lp_s2      2.59677      0.000    566  
  cop_0439_lp_s2      2.18633      0.000    767  
  cop_0440_lp_s2      2.00074      0.000    795  
  cop_0441_lp_s2      2.53708      0.000    670  
  cop_0442_lp_s2      2.25505      0.000    717  
  cop_0443_lp_s2      2.00861      0.000    792  
  cop_0444_lp_s2      1.83327      0.000    874  
  cop_0445_lp_s2      2.58685      0.000    570  
  cop_0446_lp_s2     43.77839      0.000      3  
  cop_0447_lp_s2      3.43460      0.000    409  
  cop_0448_lp_s2      3.48830      0.000    355  
  cop_0449_lp_s2      5.81813      0.000     35  
  cop_0450_lp_s2      1.94510      0.000    814  
  cop_0451_lp_s2      3.30761      0.000    575  
  cop_0452_lp_s2      3.53476      0.000    438  
  cop_0453_lp_s2      2.46758      0.000    679  
  cop_0454_lp_s2      4.72021      0.000    193  
  cop_0455_lp_s2      7.06683      0.000    337  
  cop_0456_lp_s2      5.45317      0.000    363  
  cop_0457_lp_s2      1.62014      0.000    972  
  cop_0458_lp_s2      2.14451      0.000    778  
  cop_0459_lp_s2      2.04588      0.000    784  
  cop_0460_lp_s2      2.03073      0.000    820  
  cop_0461_lp_s2      8.45173      0.000     16  
  cop_0462_lp_s2      3.05508      0.000    449  
  cop_0463_lp_s2      3.34527      0.000    493  
  cop_0464_lp_s2      2.34054      0.000    735  
  cop_0465_lp_s2      2.32235      0.000    694  
  cop_0466_lp_s2      1.76697      0.000    890  
  cop_0467_lp_s2      2.35639      0.000    567  
  cop_0468_lp_s2      4.50516      0.000    117  
  cop_0469_lp_s2      1.95892      0.000    853  
  cop_0470_lp_s2      3.05493      0.000    518  
  cop_0471_lp_s2      3.43664      0.000    322  
  cop_0472_lp_s2      4.29546      0.000    454  
  cop_0473_lp_s2      3.15233      0.000    459  
  cop_0474_lp_s2      2.68385      0.000    581  
  cop_0475_lp_s2      4.93358      0.000    243  
  cop_0476_lp_s2      2.51748      0.000    565  
  cop_0477_lp_s2      1.77884      0.000    898  
  cop_0478_lp_s2      1.70124      0.000    928  
  cop_0479_lp_s2      2.15983      0.000    794  
  cop_0480_lp_s2      1.96130      0.000    828  
  cop_0481_lp_s2      2.03734      0.000    838  
  cop_0482_lp_s2      2.23747      0.000    754  
  cop_0483_lp_s2      3.20232      0.000    331  
  cop_0484_lp_s2      5.27311      0.000    273  
  cop_0485_lp_s2      4.47184      0.000    498  
  cop_0486_lp_s2     12.45228      0.000    253  
  cop_0487_lp_s2      7.50020      0.000    265  
  cop_0488_lp_s2      6.01399      0.000    246  
  cop_0489_lp_s2      2.57019      0.000    560  
  cop_0490_lp_s2      4.93324      0.000    329  
  cop_0491_lp_s2      7.16145      0.000    260  
  cop_0492_lp_s2      4.38873      0.000    345  
  cop_0493_lp_s2      3.43401      0.000    488  
  cop_0494_lp_s2      1.86022      0.000    883  
  cop_0495_lp_s2      3.59618      0.000    428  
  cop_0496_lp_s2      5.10027      0.000    184  
  cop_0497_lp_s2      2.59316      0.000    672  
  cop_0498_lp_s2      2.17217      0.000    758  
  cop_0499_lp_s2      3.42067      0.000    391  
  cop_0500_lp_s2      2.06185      0.000    834  
  cop_0501_lp_s2      2.21553      0.000    716  
  cop_0502_lp_s2      2.27917      0.000    725  
  cop_0503_lp_s2      1.93992      0.000    860  
  cop_0504_lp_s2      3.26093      0.000    230  
  cop_0505_lp_s2      3.00058      0.000    387  
  cop_0506_lp_s2      3.68816      0.000    435  
  cop_0507_lp_s2      2.96542      0.000    582  
  cop_0508_lp_s2      6.20867      0.000    219  
  cop_0509_lp_s2      2.18469      0.000    740  
  cop_0510_lp_s2      1.61445      0.000    960  
  cop_0511_lp_s2     21.50348      0.000    303  
  cop_0512_lp_s2      2.56065      0.000    621  
  cop_0513_lp_s2      2.19781      0.000    802  
  cop_0514_lp_s2      2.07616      0.000    801  
  cop_0515_lp_s2      3.31374      0.000    338  
  cop_0516_lp_s2      1.86435      0.000    882  
  cop_0517_lp_s2      6.13072      0.000    103  
  cop_0518_lp_s2      2.35558      0.000    714  
  cop_0519_lp_s2      1.53857      0.000    980  
  cop_0520_lp_s2      2.22964      0.000    787  
  cop_0521_lp_s2      4.51548      0.000    359  
  cop_0522_lp_s2      3.71044      0.000    258  
  cop_0523_lp_s2      1.92049      0.000    831  
  cop_0524_lp_s2      2.81104      0.000    576  
  cop_0525_lp_s2      2.02115      0.000    785  
  cop_0526_lp_s2      1.53379      0.000    984  
  cop_0527_lp_s2      1.63975      0.000    962  
  cop_0528_lp_s2      7.40040      0.000     85  
  cop_0529_lp_s2      2.26709      0.000    741  
  cop_0530_lp_s2      3.82023      0.000    316  
  cop_0531_lp_s2      2.10503      0.000    780  
  cop_0532_lp_s2      7.86995      0.000    236  
  cop_0533_lp_s2      1.69420      0.000    930  
  cop_0534_lp_s2      1.61085      0.000    967  
  cop_0535_lp_s2     10.74795      0.000    234  
  cop_0536_lp_s2      2.22826      0.000    707  
  cop_0537_lp_s2      4.31021      0.000    335  
  cop_0538_lp_s2      1.62053      0.000    969  
  cop_0539_lp_s2      4.51281      0.000    317  
  cop_0540_lp_s2      2.40728      0.000    630  
  cop_0541_lp_s2      2.72719      0.000    636  
  cop_0542_lp_s2      2.23703      0.000    693  
  cop_0543_lp_s2      3.53086      0.000    492  
  cop_0544_lp_s2      2.46406      0.000    701  
  cop_0545_lp_s2      2.84897      0.000    500  
  cop_0546_lp_s2      3.32434      0.000    272  
  cop_0547_lp_s2      3.09901      0.000    543  
  cop_0548_lp_s2     13.24220      0.000     69  
  cop_0549_lp_s2     78.01861      0.000     23  
  cop_0550_lp_s2      7.18174      0.000    135  
  cop_0551_lp_s2      4.75650      0.000    294  
  cop_0552_lp_s2      1.68010      0.000    952  
  cop_0553_lp_s2      1.90922      0.000    855  
  cop_0554_lp_s2      1.69743      0.000    914  
  cop_0555_lp_s2      2.22791      0.000    703  
  cop_0556_lp_s2      2.34944      0.000    669  
  cop_0557_lp_s2      4.90500      0.000    443  
  cop_0558_lp_s2     10.93509      0.000    170  
  cop_0559_lp_s2      4.07405      0.000    313  
  cop_0560_lp_s2      5.99623      0.000    256  
  cop_0561_lp_s2      2.59368      0.000    720  
  cop_0562_lp_s2     39.98676      0.000     76  
  cop_0563_lp_s2      4.53774      0.000    202  
  cop_0564_lp_s2      2.82880      0.000    601  
  cop_0565_lp_s2      3.36641      0.000    384  
  cop_0566_lp_s2      2.29759      0.000    686  
  cop_0567_lp_s2      7.70674      0.000    279  
  cop_0568_lp_s2      2.89202      0.000    467  
  cop_0569_lp_s2      4.51028      0.000    350  
  cop_0570_lp_s2      2.16670      0.000    727  
  cop_0571_lp_s2      2.52535      0.000    699  
  cop_0572_lp_s2     11.58899      0.000     89  
  cop_0573_lp_s2      5.11423      0.000    232  
  cop_0574_lp_s2      1.90516      0.000    850  
  cop_0575_lp_s2      2.16676      0.000    779  
  cop_0576_lp_s2      3.24847      0.000    422  
  cop_0577_lp_s2      1.90858      0.000    879  
  cop_0578_lp_s2      3.99368      0.000    369  
  cop_0579_lp_s2      9.13439      0.000     63  
  cop_0580_lp_s2      5.42476      0.000    180  
  cop_0581_lp_s2      2.94353      0.000    583  
  cop_0582_lp_s2      9.46585      0.000     75  
  cop_0583_lp_s2      6.70783      0.000    229  
  cop_0584_lp_s2      7.26914      0.000     79  
  cop_0585_lp_s2      3.98562      0.000    306  
  cop_0586_lp_s2      2.37757      0.000    678  
  cop_0587_lp_s2      3.68925      0.000    475  
  cop_0588_lp_s2      4.31750      0.000    192  
  cop_0589_lp_s2      4.66310      0.000    332  
  cop_0590_lp_s2      4.67870      0.000    188  
  cop_0591_lp_s2     19.06274      0.000    320  
  cop_0592_lp_s2      2.86814      0.000    497  
  cop_0593_lp_s2      1.49685      0.000    992  
  cop_0594_lp_s2      2.45155      0.000    640  
  cop_0595_lp_s2      3.11603      0.000    539  
  cop_0596_lp_s2      1.96833      0.000    852  
  cop_0597_lp_s2      2.12059      0.000    775  
  cop_0598_lp_s2      1.63744      0.000    961  
  cop_0599_lp_s2      2.74744      0.000    538  
  cop_0600_lp_s2      2.55987      0.000    632  
  cop_0601_lp_s2      3.41406      0.000    509  
  cop_0602_lp_s2      5.24320      0.000    307  
  cop_0603_lp_s2      4.67736      0.000    130  
  cop_0604_lp_s2      2.08801      0.000    791  
  cop_0605_lp_s2      5.33974      0.000    239  
  cop_0606_lp_s2      3.27950      0.000    444  
  cop_0607_lp_s2      7.71989      0.000    177  
  cop_0608_lp_s2      7.75424      0.000     66  
  cop_0609_lp_s2      7.15547      0.000    276  
  cop_0610_lp_s2      6.26478      0.000    412  
  cop_0611_lp_s2      3.13678      0.000    555  
  cop_0612_lp_s2      6.27072      0.000     82  
  cop_0613_lp_s2      3.92144      0.000    215  
  cop_0614_lp_s2      3.30836      0.000    411  
  cop_0615_lp_s2      1.81131      0.000    875  
  cop_0616_lp_s2      3.23528      0.000    423  
  cop_0617_lp_s2      2.70120      0.000    620  
  cop_0618_lp_s2      4.89701      0.000    343  
  cop_0619_lp_s2      2.63586      0.000    527  
  cop_0620_lp_s2      2.23234      0.000    752  
  cop_0621_lp_s2      5.76565      0.000     36  
  cop_0622_lp_s2      1.83943      0.000    904  
  cop_0623_lp_s2      3.80075      0.000    441  
  cop_0624_lp_s2      2.19047      0.000    738  
  cop_0625_lp_s2      2.35931      0.000    682  
  cop_0626_lp_s2     10.65486      0.000    152  
  cop_0627_lp_s2      2.79100      0.000    434  
  cop_0628_lp_s2      1.78636      0.000    905  
  cop_0629_lp_s2      2.11926      0.000    757  
  cop_0630_lp_s2      3.58258      0.000    420  
  cop_0631_lp_s2      2.58011      0.000    687  
  cop_0632_lp_s2      7.70927      0.000     37  
  cop_0633_lp_s2      2.59812      0.000    651  
  cop_0634_lp_s2      1.77746      0.000    897  
  cop_0635_lp_s2      2.25118      0.000    708  
  cop_0636_lp_s2      4.35343      0.000    235  
  cop_0637_lp_s2     28.01506      0.000    298  
  cop_0638_lp_s2      3.21398      0.000    494  
  cop_0639_lp_s2      2.97830      0.000    477  
  cop_0640_lp_s2      3.77467      0.000    373  
  cop_0641_lp_s2      2.46034      0.000    603  
  cop_0642_lp_s2      1.63874      0.000    963  
  cop_0643_lp_s2      2.13527      0.000    773  
  cop_0644_lp_s2      2.85783      0.000    536  
  cop_0645_lp_s2      2.88349      0.000    446  
  cop_0646_lp_s2      2.20148      0.000    721  
  cop_0647_lp_s2      2.23921      0.000    711  
  cop_0648_lp_s2    147.79439      0.000      2  
  cop_0649_lp_s2      3.16025      0.000    574  
  cop_0650_lp_s2      2.14492      0.000    771  
  cop_0651_lp_s2      4.26957      0.000    274  
  cop_0652_lp_s2      1.71669      0.000    903  
  cop_0653_lp_s2      2.61176      0.000    589  
  cop_0654_lp_s2      1.49647      0.000    991  
  cop_0655_lp_s2      7.24856      0.000     28  
  cop_0656_lp_s2      5.07183      0.000     31  
  cop_0657_lp_s2      8.93119      0.000     33  
  cop_0658_lp_s2      4.94638      0.000    293  
  cop_0659_lp_s2      3.64813      0.000    290  
  cop_0660_lp_s2      1.64012      0.000    951  
  cop_0661_lp_s2      1.71322      0.000    939  
  cop_0662_lp_s2      5.46647      0.000     44  
  cop_0663_lp_s2      4.11014      0.000    211  
  cop_0664_lp_s2      1.98505      0.000    807  
  cop_0665_lp_s2      1.62939      0.000    971  
  cop_0666_lp_s2      2.77134      0.000    534  
  cop_0667_lp_s2      2.55906      0.000    691  
  cop_0668_lp_s2      2.70434      0.000    611  
  cop_0669_lp_s2      4.44216      0.000    245  
  cop_0670_lp_s2     33.17758      0.000    118  
  cop_0671_lp_s2      3.00607      0.000    436  
  cop_0672_lp_s2      2.76446      0.000    472  
  cop_0673_lp_s2      1.93613      0.000    808  
  cop_0674_lp_s2      5.62244      0.000    241  
  cop_0675_lp_s2      7.00706      0.000    351  
  cop_0676_lp_s2      3.61451      0.000    374  
  cop_0677_lp_s2      7.82224      0.000    283  
  cop_0678_lp_s2      3.46777      0.000    255  
  cop_0679_lp_s2     46.77809      0.000    125  
  cop_0680_lp_s2      4.21446      0.000     94  
  cop_0681_lp_s2      5.51515      0.000     65  
  cop_0682_lp_s2      3.32228      0.000    340  
  cop_0683_lp_s2      1.97806      0.000    833  
  cop_0684_lp_s2      1.85143      0.000    862  
  cop_0685_lp_s2      2.01030      0.000    822  
  cop_0686_lp_s2      1.83454      0.000    872  
  cop_0687_lp_s2      5.79350      0.000    249  
  cop_0688_lp_s2      2.53272      0.000    646  
  cop_0689_lp_s2      2.09390      0.000    723  
  cop_0690_lp_s2     22.56426      0.000     83  
  cop_0691_lp_s2      1.72515      0.000    923  
  cop_0692_lp_s2      1.75978      0.000    908  
  cop_0693_lp_s2      3.42758      0.000    181  
  cop_0694_lp_s2      1.93772      0.000    813  
  cop_0695_lp_s2      8.35371      0.000     45  
  cop_0696_lp_s2      1.65612      0.000    955  
  cop_0697_lp_s2      1.96212      0.000    799  
  cop_0698_lp_s2      3.93311      0.000    392  
  cop_0699_lp_s2      7.25481      0.000    292  
  cop_0700_lp_s2      9.61788      0.000     93  
  cop_0701_lp_s2      6.99944      0.000    195  
  cop_0702_lp_s2      1.52319      0.000    982  
  cop_0703_lp_s2      3.13274      0.000    506  
  cop_0704_lp_s2     24.80263      0.000    237  
  cop_0705_lp_s2      2.65472      0.000    659  
  cop_0706_lp_s2      3.10564      0.000    495  
  cop_0707_lp_s2      2.19672      0.000    776  
  cop_0708_lp_s2      1.59122      0.000    977  
  cop_0709_lp_s2      7.84330      0.000    129  
  cop_0710_lp_s2      4.90729      0.000    371  
  cop_0711_lp_s2      2.20529      0.000    713  
  cop_0712_lp_s2      1.94576      0.000    847  
  cop_0713_lp_s2      2.43622      0.000    557  
  cop_0714_lp_s2      5.58153      0.000    386  
  cop_0715_lp_s2      1.91977      0.000    878  
  cop_0716_lp_s2      5.94679      0.000    297  
  cop_0717_lp_s2      1.45994      0.000    995  
  cop_0718_lp_s2      5.23913      0.000    155  
  cop_0719_lp_s2      3.28003      0.000    504  
  cop_0720_lp_s2      1.63957      0.000    965  
  cop_0721_lp_s2      5.16919      0.000    199  
  cop_0722_lp_s2      5.21711      0.000    365  
  cop_0723_lp_s2      2.81818      0.000    490  
  cop_0724_lp_s2      3.17037      0.000    396  
  cop_0725_lp_s2      2.01248      0.000    818  
  cop_0726_lp_s2      3.09324      0.000    548  
  cop_0727_lp_s2      1.91687      0.000    856  
  cop_0728_lp_s2      2.56648      0.000    674  
  cop_0729_lp_s2      2.41704      0.000    664  
  cop_0730_lp_s2      4.08945      0.000    131  
  cop_0731_lp_s2      2.03016      0.000    803  
  cop_0732_lp_s2      5.03103      0.000    186  
  cop_0733_lp_s2      3.67353      0.000    530  
  cop_0734_lp_s2      6.53482      0.000    100  
  cop_0735_lp_s2      2.32587      0.000    743  
  cop_0736_lp_s2      2.11494      0.000    811  
  cop_0737_lp_s2      9.42978      0.000     70  
  cop_0738_lp_s2      2.20641      0.000    724  
  cop_0739_lp_s2     14.48181      0.000    139  
  cop_0740_lp_s2      1.61989      0.000    973  
  cop_0741_lp_s2      2.02207      0.000    764  
  cop_0742_lp_s2      2.19472      0.000    777  
  cop_0743_lp_s2      3.92926      0.000    295  
  cop_0744_lp_s2      4.31580      0.000    120  
  cop_0745_lp_s2      3.86300      0.000    222  
  cop_0746_lp_s2      3.87065      0.000    267  
  cop_0747_lp_s2      6.19116      0.000    300  
  cop_0748_lp_s2      2.52488      0.000    673  
  cop_0749_lp_s2      2.92900      0.000    562  
  cop_0750_lp_s2      1.82528      0.000    881  
  cop_0751_lp_s2      1.66051      0.000    940  
  cop_0752_lp_s2      7.94335      0.000     47  
  cop_0753_lp_s2      3.64822      0.000    361  
  cop_0754_lp_s2      5.56953      0.000    106  
  cop_0755_lp_s2      4.43707      0.000    163  
  cop_0756_lp_s2      2.20471      0.000    783  
  cop_0757_lp_s2      2.67736      0.000    660  
  cop_0758_lp_s2      2.69255      0.000    452  
  cop_0759_lp_s2      3.46706      0.000    416  
  cop_0760_lp_s2      4.72422      0.000    378  
  cop_0761_lp_s2      3.76356      0.000    263  
  cop_0762_lp_s2      3.26593      0.000    513  
  cop_0763_lp_s2      2.10913      0.000    827  
  cop_0764_lp_s2      2.26457      0.000    805  
  cop_0765_lp_s2      2.67381      0.000    628  
  cop_0766_lp_s2      2.87137      0.000    569  
  cop_0767_lp_s2      6.61252      0.000    167  
  cop_0768_lp_s2    103.74205      0.000     10  
  cop_0769_lp_s2      2.30707      0.000    706  
  cop_0770_lp_s2      2.32841      0.000    662  
  cop_0771_lp_s2      3.76590      0.000    389  
  cop_0772_lp_s2      1.65685      0.000    942  
  cop_0773_lp_s2      1.52597      0.000    985  
  cop_0774_lp_s2      2.00382      0.000    845  
  cop_0775_lp_s2      3.87454      0.000    501  
  cop_0776_lp_s2      3.35424      0.000    514  
  cop_0777_lp_s2      1.73864      0.000    920  
  cop_0778_lp_s2      2.61176      0.000    644  
  cop_0779_lp_s2      1.98964      0.000    825  
  cop_0780_lp_s2      2.03175      0.000    824  
  cop_0781_lp_s2      4.07809      0.000    402  
  cop_0782_lp_s2      1.97740      0.000    782  
  cop_0783_lp_s2      7.51961      0.000    115  
  cop_0784_lp_s2      2.02452      0.000    840  
  cop_0785_lp_s2      7.51328      0.000    124  
  cop_0786_lp_s2      6.60013      0.000    439  
  cop_0787_lp_s2     22.05145      0.000    233  
  cop_0788_lp_s2      5.38881      0.000    376  
  cop_0789_lp_s2      3.06515      0.000    507  
  cop_0790_lp_s2      4.82096      0.000    286  
  cop_0791_lp_s2      3.33825      0.000    544  
  cop_0792_lp_s2      6.02884      0.000    157  
  cop_0793_lp_s2      2.48972      0.000    658  
  cop_0794_lp_s2      2.10529      0.000    750  
  cop_0795_lp_s2      2.84841      0.000    442  
  cop_0796_lp_s2      1.79469      0.000    902  
  cop_0797_lp_s2      3.69136      0.000    466  
  cop_0798_lp_s2      2.59823      0.000    698  
  cop_0799_lp_s2      3.27137      0.000    381  
  cop_0800_lp_s2      2.54469      0.000    649  
  cop_0801_lp_s2      1.58337      0.000    979  
  cop_0802_lp_s2      2.04652      0.000    800  
  cop_0803_lp_s2      1.84041      0.000    864  
  cop_0804_lp_s2      2.56051      0.000    619  
  cop_0805_lp_s2      2.47563      0.000    683  
  cop_0806_lp_s2      2.67964      0.000    554  
  cop_0807_lp_s2      2.99219      0.000    471  
  cop_0808_lp_s2      8.24516      0.000    393  
  cop_0809_lp_s2      8.91410      0.000    154  
  cop_0810_lp_s2      9.09223      0.000     15  
  cop_0811_lp_s2      7.55343      0.000    248  
  cop_0812_lp_s2      7.49093      0.000    261  
  cop_0813_lp_s2      5.11317      0.000    358  
  cop_0814_lp_s2      2.44749      0.000    563  
  cop_0815_lp_s2      4.04086      0.000    323  
  cop_0816_lp_s2     16.55489      0.000     32  
  cop_0817_lp_s2      2.28989      0.000    668  
  cop_0818_lp_s2      3.45799      0.000    529  
  cop_0819_lp_s2      5.31575      0.000     52  
  cop_0820_lp_s2      1.88491      0.000    869  
  cop_0821_lp_s2      2.40102      0.000    613  
  cop_0822_lp_s2      3.17088      0.000    367  
  cop_0823_lp_s2      7.69129      0.000     42  
  cop_0824_lp_s2      1.61298      0.000    974  
  cop_0825_lp_s2      2.49970      0.000    689  
  cop_0826_lp_s2      2.15230      0.000    789  
  cop_0827_lp_s2      2.15317      0.000    796  
  cop_0828_lp_s2      2.26253      0.000    666  
  cop_0829_lp_s2      3.73527      0.000    460  
  cop_0830_lp_s2      6.43107      0.000     14  
  cop_0831_lp_s2      5.12935      0.000    262  
  cop_0832_lp_s2      1.42906      0.077    999  yes
  cop_0833_lp_s2      5.60331      0.000    185  
  cop_0834_lp_s2      2.60005      0.000    677  
  cop_0835_lp_s2      6.67319      0.000    166  
  cop_0836_lp_s2      5.01443      0.000     86  
  cop_0837_lp_s2      5.36046      0.000    356  
  cop_0838_lp_s2      3.08862      0.000    473  
  cop_0839_lp_s2      5.05356      0.000    324  
  cop_0840_lp_s2      2.52558      0.000    618  
  cop_0841_lp_s2      2.06362      0.000    774  
  cop_0842_lp_s2      4.41604      0.000    282  
  cop_0843_lp_s2      2.33066      0.000    608  
  cop_0844_lp_s2      2.44863      0.000    553  
  cop_0845_lp_s2      6.39511      0.000    141  
  cop_0846_lp_s2      6.82915      0.000    200  
  cop_0847_lp_s2      6.32323      0.000    254  
  cop_0848_lp_s2      2.90172      0.000    665  
  cop_0849_lp_s2      1.94996      0.000    857  
  cop_0850_lp_s2      1.75817      0.000    891  
  cop_0851_lp_s2      4.31625      0.000    301  
  cop_0852_lp_s2      2.04481      0.000    793  
  cop_0853_lp_s2      2.34105      0.000    756  
  cop_0854_lp_s2      3.04462      0.000    520  
  cop_0855_lp_s2      2.46013      0.000    625  
  cop_0856_lp_s2      3.72323      0.000    483  
  cop_0857_lp_s2      4.04421      0.000    383  
  cop_0858_lp_s2      4.17228      0.000    328  
  cop_0859_lp_s2      1.81323      0.000    889  
  cop_0860_lp_s2      6.98364      0.000    101  
  cop_0861_lp_s2      2.43533      0.000    655  
  cop_0862_lp_s2      1.75223      0.000    901  
  cop_0863_lp_s2      2.29120      0.000    755  
  cop_0864_lp_s2      5.21313      0.000    198  
  cop_0865_lp_s2      9.98094      0.000    347  
  cop_0866_lp_s2      2.62212      0.000    661  
  cop_0867_lp_s2      2.12592      0.000    788  
  cop_0868_lp_s2      8.19152      0.000    119  
  cop_0869_lp_s2      6.54208      0.000     80  
  cop_0870_lp_s2     14.94914      0.000     13  
  cop_0871_lp_s2      1.81882      0.000    895  
  cop_0872_lp_s2      3.15990      0.000    533  
  cop_0873_lp_s2      6.96444      0.000    415  
  cop_0874_lp_s2      1.74785      0.000    917  
  cop_0875_lp_s2      1.93727      0.000    841  
  cop_0876_lp_s2      2.16644      0.000    768  
  cop_0877_lp_s2      3.20638      0.000    445  
  cop_0878_lp_s2      1.91161      0.000    868  
  cop_0879_lp_s2      2.10404      0.000    765  
  cop_0880_lp_s2      2.34833      0.000    726  
  cop_0881_lp_s2      3.50247      0.000    522  
  cop_0882_lp_s2      3.00977      0.000    482  
  cop_0883_lp_s2      7.94018      0.000     41  
  cop_0884_lp_s2      1.92158      0.000    848  
  cop_0885_lp_s2     18.13160      0.000     50  
  cop_0886_lp_s2      2.54990      0.000    541  
  cop_0887_lp_s2      8.44354      0.000    291  
  cop_0888_lp_s2      6.92241      0.000    197  
  cop_0889_lp_s2      1.97405      0.000    844  
  cop_0890_lp_s2     12.30825      0.000    341  
  cop_0891_lp_s2      2.61213      0.000    607  
  cop_0892_lp_s2      4.74306      0.000    417  
  cop_0893_lp_s2      3.38576      0.000    469  
  cop_0894_lp_s2      6.44280      0.000     96  
  cop_0895_lp_s2      2.58657      0.000    592  
  cop_0896_lp_s2      2.83027      0.000    537  
  cop_0897_lp_s2      1.65150      0.000    957  
  cop_0898_lp_s2      3.16826      0.000    491  
  cop_0899_lp_s2      1.94177      0.000    843  
  cop_0900_lp_s2     10.39230      0.000     18  
  cop_0901_lp_s2      2.76137      0.000    604  
  cop_0902_lp_s2      1.77163      0.000    912  
  cop_0903_lp_s2      4.79495      0.000    285  
  cop_0904_lp_s2      2.24894      0.000    657  
  cop_0905_lp_s2      1.43954      0.023    997  
  cop_0906_lp_s2      1.69983      0.000    922  
  cop_0907_lp_s2      6.21438      0.000    127  
  cop_0908_lp_s2      4.30010      0.000    214  
  cop_0909_lp_s2      4.79862      0.000    270  
  cop_0910_lp_s2      3.49263      0.000    532  
  cop_0911_lp_s2      1.91891      0.000    870  
  cop_0912_lp_s2      2.95235      0.000    524  
  cop_0913_lp_s2      1.77277      0.000    888  
  cop_0914_lp_s2      1.70806      0.000    937  
  cop_0915_lp_s2      2.68714      0.000    626  
  cop_0916_lp_s2      2.54280      0.000    622  
  cop_0917_lp_s2      1.52121      0.000    987  
  cop_0918_lp_s2     13.58018      0.000    319  
  cop_0919_lp_s2      6.55559      0.000    123  
  cop_0920_lp_s2      2.74825      0.000    552  
  cop_0921_lp_s2      3.15108      0.000    370  
  cop_0922_lp_s2      4.61458      0.000    410  
  cop_0923_lp_s2      2.70092      0.000    572  
  cop_0924_lp_s2    109.56236      0.000     17  
  cop_0925_lp_s2      2.50128      0.000    643  
  cop_0926_lp_s2     14.19905      0.000    107  
  cop_0927_lp_s2      6.98480      0.000    142  
  cop_0928_lp_s2     14.05133      0.000     29  
  cop_0929_lp_s2      6.18534      0.000    289  
  cop_0930_lp_s2      2.56026      0.000    598  
  cop_0931_lp_s2      1.52298      0.000    986  
  cop_0932_lp_s2      5.49252      0.000    143  
  cop_0933_lp_s2      2.65466      0.000    556  
  cop_0934_lp_s2      2.75935      0.000    525  
  cop_0935_lp_s2      2.28705      0.000    652  
  cop_0936_lp_s2      4.40753      0.000    257  
  cop_0937_lp_s2      2.37346      0.000    736  
  cop_0938_lp_s2      5.83731      0.000    364  
  cop_0939_lp_s2      4.30974      0.000    228  
  cop_0940_lp_s2      3.99935      0.000    201  
  cop_0941_lp_s2      2.95242      0.000    594  
  cop_0942_lp_s2     18.12312      0.000     78  
  cop_0943_lp_s2      2.63559      0.000    637  
  cop_0944_lp_s2      3.01350      0.000    379  
  cop_0945_lp_s2      6.76665      0.000    138  
  cop_0946_lp_s2      4.38999      0.000    226  
  cop_0947_lp_s2      3.05825      0.000    280  
  cop_0948_lp_s2      1.62805      0.000    958  
  cop_0949_lp_s2      9.55039      0.000    326  
  cop_0950_lp_s2      2.40210      0.000    641  
  cop_0951_lp_s2      2.72686      0.000    551  
  cop_0952_lp_s2      3.44297      0.000    499  
  cop_0953_lp_s2      6.06739      0.000    145  
  cop_0954_lp_s2      5.65116      0.000    174  
  cop_0955_lp_s2      3.28668      0.000    519  
  cop_0956_lp_s2      2.83170      0.000    549  
  cop_0957_lp_s2      2.88620      0.000    546  
  cop_0958_lp_s2     11.02181      0.000      4  
  cop_0959_lp_s2      2.60634      0.000    614  
  cop_0960_lp_s2      6.86257      0.000    266  
  cop_0961_lp_s2      4.42998      0.000    288  
  cop_0962_lp_s2      3.55669      0.000    368  
  cop_0963_lp_s2      2.17945      0.000    753  
  cop_0964_lp_s2      2.19737      0.000    667  
  cop_0965_lp_s2      6.94864      0.000     68  
  cop_0966_lp_s2      4.97982      0.000    208  
  cop_0967_lp_s2     15.71441      0.000    149  
  cop_0968_lp_s2      3.15132      0.000    587  
  cop_0969_lp_s2      1.95651      0.000    835  
  cop_0970_lp_s2      1.48017      0.000    993  
  cop_0971_lp_s2      2.01509      0.000    797  
  cop_0972_lp_s2      2.63641      0.000    654  
  cop_0973_lp_s2      3.15845      0.000    334  
  cop_0974_lp_s2      1.77243      0.000    893  
  cop_0975_lp_s2      4.22508      0.000    352  
  cop_0976_lp_s2      4.94397      0.000    305  
  cop_0977_lp_s2     15.01402      0.000    187  
  cop_0978_lp_s2      3.72333      0.000    462  
  cop_0979_lp_s2      2.82918      0.000    610  
  cop_0980_lp_s2      9.81207      0.000    168  
  cop_0981_lp_s2      8.20737      0.000    172  
  cop_0982_lp_s2      2.71495      0.000    478  
  cop_0983_lp_s2      3.48378      0.000    465  
  cop_0984_lp_s2      8.00804      0.000    330  
  cop_0985_lp_s2      4.79818      0.000    315  
  cop_0986_lp_s2      3.34397      0.000    489  
  cop_0987_lp_s2      4.01805      0.000    207  
  cop_0988_lp_s2      3.72351      0.000    512  
  cop_0989_lp_s2      6.39755      0.000     64  
  cop_0990_lp_s2      5.09342      0.000    281  
  cop_0991_lp_s2      2.88320      0.000    612  
  cop_0992_lp_s2      4.72454      0.000    158  
  cop_0993_lp_s2      2.64998      0.000    642  
  cop_0994_lp_s2      1.66615      0.000    964  
  cop_0995_lp_s2      2.68600      0.000    571  
  cop_0996_lp_s2      3.04860      0.000    406  
  cop_0997_lp_s2      7.56916      0.000    314  
  cop_0998_lp_s2      2.32519      0.000    696  
  cop_0999_lp_s2      3.46897      0.000    464  
  cop_1000_lp_s2      4.32255      0.000    366  
  eliminated, worst first: cop_0219_lp_s2 cop_0648_lp_s2 cop_0446_lp_s2 cop_0958_lp_s2 cop_0140_lp_s2 cop_0411_lp_s2 cop_0389_lp_s2 cop_0388_lp_s2 cop_0297_lp_s2 cop_0768_lp_s2 cop_0412_lp_s2 cop_0009_lp_s2 cop_0870_lp_s2 cop_0830_lp_s2 cop_0810_lp_s2 cop_0461_lp_s2 cop_0924_lp_s2 cop_0900_lp_s2 cop_0329_lp_s2 cop_0223_lp_s2 cop_0064_lp_s2 cop_0056_lp_s2 cop_0549_lp_s2 cop_0263_lp_s2 cop_0206_lp_s2 cop_0184_lp_s2 cop_0048_lp_s2 cop_0655_lp_s2 cop_0928_lp_s2 cop_0425_lp_s2 cop_0656_lp_s2 cop_0816_lp_s2 cop_0657_lp_s2 cop_0046_lp_s2 cop_0449_lp_s2 cop_0621_lp_s2 cop_0632_lp_s2 cop_0394_lp_s2 cop_0013_lp_s2 cop_0391_lp_s2 cop_0883_lp_s2 cop_0823_lp_s2 cop_0088_lp_s2 cop_0662_lp_s2 cop_0695_lp_s2 cop_0257_lp_s2 cop_0752_lp_s2 cop_0262_lp_s2 cop_0323_lp_s2 cop_0885_lp_s2 cop_0049_lp_s2 cop_0819_lp_s2 cop_0059_lp_s2 cop_0080_lp_s2 cop_0375_lp_s2 cop_0168_lp_s2 cop_0212_lp_s2 cop_0332_lp_s2 cop_0043_lp_s2 cop_0085_lp_s2 cop_0387_lp_s2 cop_0304_lp_s2 cop_0579_lp_s2 cop_0989_lp_s2 cop_0681_lp_s2 cop_0608_lp_s2 cop_0327_lp_s2 cop_0965_lp_s2 cop_0548_lp_s2 cop_0737_lp_s2 cop_0275_lp_s2 cop_0379_lp_s2 cop_0093_lp_s2 cop_0025_lp_s2 cop_0582_lp_s2 cop_0562_lp_s2 cop_0245_lp_s2 cop_0942_lp_s2 cop_0584_lp_s2 cop_0869_lp_s2 cop_0138_lp_s2 cop_0612_lp_s2 cop_0690_lp_s2 cop_0381_lp_s2 cop_0528_lp_s2 cop_0836_lp_s2 cop_0276_lp_s2 cop_0385_lp_s2 cop_0572_lp_s2 cop_0308_lp_s2 cop_0058_lp_s2 cop_0209_lp_s2 cop_0700_lp_s2 cop_0680_lp_s2 cop_0065_lp_s2 cop_0894_lp_s2 cop_0402_lp_s2 cop_0253_lp_s2 cop_0160_lp_s2 cop_0734_lp_s2 cop_0860_lp_s2 cop_0427_lp_s2 cop_0517_lp_s2 cop_0315_lp_s2 cop_0307_lp_s2 cop_0754_lp_s2 cop_0926_lp_s2 cop_0143_lp_s2 cop_0300_lp_s2 cop_0229_lp_s2 cop_0130_lp_s2 cop_0303_lp_s2 cop_0215_lp_s2 cop_0175_lp_s2 cop_0783_lp_s2 cop_0414_lp_s2 cop_0468_lp_s2 cop_0670_lp_s2 cop_0868_lp_s2 cop_0744_lp_s2 cop_0325_lp_s2 cop_0098_lp_s2 cop_0919_lp_s2 cop_0785_lp_s2 cop_0679_lp_s2 cop_0111_lp_s2 cop_0907_lp_s2 cop_0115_lp_s2 cop_0709_lp_s2 cop_0603_lp_s2 cop_0730_lp_s2 cop_0086_lp_s2 cop_0096_lp_s2 cop_0214_lp_s2 cop_0550_lp_s2 cop_0359_lp_s2 cop_0393_lp_s2 cop_0945_lp_s2 cop_0739_lp_s2 cop_0167_lp_s2 cop_0845_lp_s2 cop_0927_lp_s2 cop_0932_lp_s2 cop_0261_lp_s2 cop_0953_lp_s2 cop_0063_lp_s2 cop_0119_lp_s2 cop_0271_lp_s2 cop_0967_lp_s2 cop_0362_lp_s2 cop_0283_lp_s2 cop_0626_lp_s2 cop_0287_lp_s2 cop_0809_lp_s2 cop_0718_lp_s2 cop_0230_lp_s2 cop_0792_lp_s2 cop_0992_lp_s2 cop_0415_lp_s2 cop_0154_lp_s2 cop_0286_lp_s2 cop_0290_lp_s2 cop_0755_lp_s2 cop_0251_lp_s2 cop_0132_lp_s2 cop_0835_lp_s2 cop_0767_lp_s2 cop_0980_lp_s2 cop_0242_lp_s2 cop_0558_lp_s2 cop_0164_lp_s2 cop_0981_lp_s2 cop_0354_lp_s2 cop_0954_lp_s2 cop_0273_lp_s2 cop_0095_lp_s2 cop_0607_lp_s2 cop_0052_lp_s2 cop_0104_lp_s2 cop_0580_lp_s2 cop_0693_lp_s2 cop_0051_lp_s2 cop_0012_lp_s2 cop_0496_lp_s2 cop_0833_lp_s2 cop_0732_lp_s2 cop_0977_lp_s2 cop_0590_lp_s2 cop_0090_lp_s2 cop_0055_lp_s2 cop_0020_lp_s2 cop_0588_lp_s2 cop_0454_lp_s2 cop_0328_lp_s2 cop_0701_lp_s2 cop_0159_lp_s2 cop_0888_lp_s2 cop_0864_lp_s2 cop_0721_lp_s2 cop_0846_lp_s2 cop_0940_lp_s2 cop_0563_lp_s2 cop_0123_lp_s2 cop_0122_lp_s2 cop_0326_lp_s2 cop_0404_lp_s2 cop_0987_lp_s2 cop_0966_lp_s2 cop_0366_lp_s2 cop_0188_lp_s2 cop_0663_lp_s2 cop_0270_lp_s2 cop_0244_lp_s2 cop_0908_lp_s2 cop_0613_lp_s2 cop_0333_lp_s2 cop_0029_lp_s2 cop_0015_lp_s2 cop_0508_lp_s2 cop_0291_lp_s2 cop_0114_lp_s2 cop_0745_lp_s2 cop_0380_lp_s2 cop_0077_lp_s2 cop_0278_lp_s2 cop_0946_lp_s2 cop_0416_lp_s2 cop_0939_lp_s2 cop_0583_lp_s2 cop_0504_lp_s2 cop_0178_lp_s2 cop_0573_lp_s2 cop_0787_lp_s2 cop_0535_lp_s2 cop_0636_lp_s2 cop_0532_lp_s2 cop_0704_lp_s2 cop_0360_lp_s2 cop_0605_lp_s2 cop_0311_lp_s2 cop_0674_lp_s2 cop_0405_lp_s2 cop_0475_lp_s2 cop_0092_lp_s2 cop_0669_lp_s2 cop_0488_lp_s2 cop_0418_lp_s2 cop_0811_lp_s2 cop_0687_lp_s2 cop_0406_lp_s2 cop_0233_lp_s2 cop_0014_lp_s2 cop_0486_lp_s2 cop_0847_lp_s2 cop_0678_lp_s2 cop_0560_lp_s2 cop_0936_lp_s2 cop_0522_lp_s2 cop_0235_lp_s2 cop_0491_lp_s2 cop_0812_lp_s2 cop_0831_lp_s2 cop_0761_lp_s2 cop_0203_lp_s2 cop_0487_lp_s2 cop_0960_lp_s2 cop_0746_lp_s2 cop_0163_lp_s2 cop_0365_lp_s2 cop_0909_lp_s2 cop_0189_lp_s2 cop_0546_lp_s2 cop_0484_lp_s2 cop_0651_lp_s2 cop_0419_lp_s2 cop_0609_lp_s2 cop_0420_lp_s2 cop_0153_lp_s2 cop_0567_lp_s2 cop_0947_lp_s2 cop_0990_lp_s2 cop_0842_lp_s2 cop_0677_lp_s2 cop_0041_lp_s2 cop_0903_lp_s2 cop_0790_lp_s2 cop_0259_lp_s2 cop_0961_lp_s2 cop_0929_lp_s2 cop_0659_lp_s2 cop_0887_lp_s2 cop_0699_lp_s2 cop_0658_lp_s2 cop_0551_lp_s2 cop_0743_lp_s2 cop_0198_lp_s2 cop_0716_lp_s2 cop_0637_lp_s2 cop_0433_lp_s2 cop_0747_lp_s2 cop_0851_lp_s2 cop_0190_lp_s2 cop_0511_lp_s2 cop_0208_lp_s2 cop_0976_lp_s2 cop_0585_lp_s2 cop_0602_lp_s2 cop_0202_lp_s2 cop_0146_lp_s2 cop_0158_lp_s2 cop_0038_lp_s2 cop_0279_lp_s2 cop_0559_lp_s2 cop_0997_lp_s2 cop_0985_lp_s2 cop_0530_lp_s2 cop_0539_lp_s2 cop_0370_lp_s2 cop_0918_lp_s2 cop_0591_lp_s2 cop_0034_lp_s2 cop_0471_lp_s2 cop_0815_lp_s2 cop_0839_lp_s2 cop_0089_lp_s2 cop_0949_lp_s2 cop_0021_lp_s2 cop_0858_lp_s2 cop_0490_lp_s2 cop_0984_lp_s2 cop_0483_lp_s2 cop_0589_lp_s2 cop_0417_lp_s2 cop_0973_lp_s2 cop_0537_lp_s2 cop_0217_lp_s2 cop_0455_lp_s2 cop_0515_lp_s2 cop_0372_lp_s2 cop_0682_lp_s2 cop_0890_lp_s2 cop_0018_lp_s2 cop_0618_lp_s2 cop_0398_lp_s2 cop_0492_lp_s2 cop_0342_lp_s2 cop_0865_lp_s2 cop_0266_lp_s2 cop_0238_lp_s2 cop_0569_lp_s2 cop_0675_lp_s2 cop_0975_lp_s2 cop_0384_lp_s2 cop_0324_lp_s2 cop_0448_lp_s2 cop_0837_lp_s2 cop_0177_lp_s2 cop_0813_lp_s2 cop_0521_lp_s2 cop_0084_lp_s2 cop_0753_lp_s2 cop_0296_lp_s2 cop_0456_lp_s2 cop_0938_lp_s2 cop_0722_lp_s2 cop_1000_lp_s2 cop_0822_lp_s2 cop_0962_lp_s2 cop_0578_lp_s2 cop_0921_lp_s2 cop_0710_lp_s2 cop_0116_lp_s2 cop_0640_lp_s2 cop_0676_lp_s2 cop_0301_lp_s2 cop_0788_lp_s2 cop_0192_lp_s2 cop_0760_lp_s2 cop_0944_lp_s2 cop_0033_lp_s2 cop_0799_lp_s2 cop_0305_lp_s2 cop_0857_lp_s2 cop_0565_lp_s2 cop_0294_lp_s2 cop_0714_lp_s2 cop_0505_lp_s2 cop_0295_lp_s2 cop_0771_lp_s2 cop_0248_lp_s2 cop_0499_lp_s2 cop_0698_lp_s2 cop_0808_lp_s2 cop_0341_lp_s2 cop_0434_lp_s2 cop_0724_lp_s2 cop_0222_lp_s2 cop_0060_lp_s2 cop_0216_lp_s2 cop_0272_lp_s2 cop_0110_lp_s2 cop_0781_lp_s2 cop_0322_lp_s2 cop_0376_lp_s2 cop_0053_lp_s2 cop_0996_lp_s2 cop_0028_lp_s2 cop_0383_lp_s2 cop_0447_lp_s2 cop_0922_lp_s2 cop_0614_lp_s2 cop_0610_lp_s2 cop_0224_lp_s2 cop_0141_lp_s2 cop_0873_lp_s2 cop_0759_lp_s2 cop_0892_lp_s2 cop_0197_lp_s2 cop_0330_lp_s2 cop_0630_lp_s2 cop_0074_lp_s2 cop_0576_lp_s2 cop_0616_lp_s2 cop_0225_lp_s2 cop_0363_lp_s2 cop_0210_lp_s2 cop_0075_lp_s2 cop_0495_lp_s2 cop_0421_lp_s2 cop_0340_lp_s2 cop_0129_lp_s2 cop_0344_lp_s2 cop_0071_lp_s2 cop_0627_lp_s2 cop_0506_lp_s2 cop_0671_lp_s2 cop_0258_lp_s2 cop_0452_lp_s2 cop_0786_lp_s2 cop_0345_lp_s2 cop_0623_lp_s2 cop_0795_lp_s2 cop_0557_lp_s2 cop_0606_lp_s2 cop_0877_lp_s2 cop_0645_lp_s2 cop_0309_lp_s2 cop_0026_lp_s2 cop_0462_lp_s2 cop_0237_lp_s2 cop_0409_lp_s2 cop_0758_lp_s2 cop_0357_lp_s2 cop_0472_lp_s2 cop_0293_lp_s2 cop_0314_lp_s2 cop_0246_lp_s2 cop_0195_lp_s2 cop_0473_lp_s2 cop_0829_lp_s2 cop_0149_lp_s2 cop_0978_lp_s2 cop_0137_lp_s2 cop_0999_lp_s2 cop_0983_lp_s2 cop_0797_lp_s2 cop_0568_lp_s2 cop_0407_lp_s2 cop_0893_lp_s2 cop_0155_lp_s2 cop_0807_lp_s2 cop_0672_lp_s2 cop_0838_lp_s2 cop_0331_lp_s2 cop_0587_lp_s2 cop_0124_lp_s2 cop_0639_lp_s2 cop_0982_lp_s2 cop_0174_lp_s2 cop_0234_lp_s2 cop_0371_lp_s2 cop_0882_lp_s2 cop_0856_lp_s2 cop_0358_lp_s2 cop_0010_lp_s2 cop_0023_lp_s2 cop_0430_lp_s2 cop_0493_lp_s2 cop_0986_lp_s2 cop_0723_lp_s2 cop_0898_lp_s2 cop_0543_lp_s2 cop_0463_lp_s2 cop_0638_lp_s2 cop_0706_lp_s2 cop_0083_lp_s2 cop_0592_lp_s2 cop_0485_lp_s2 cop_0952_lp_s2 cop_0545_lp_s2 cop_0775_lp_s2 cop_0128_lp_s2 cop_0144_lp_s2 cop_0719_lp_s2 cop_0403_lp_s2 cop_0703_lp_s2 cop_0789_lp_s2 cop_0181_lp_s2 cop_0601_lp_s2 cop_0264_lp_s2 cop_0001_lp_s2 cop_0988_lp_s2 cop_0762_lp_s2 cop_0776_lp_s2 cop_0260_lp_s2 cop_0280_lp_s2 cop_0022_lp_s2 cop_0470_lp_s2 cop_0955_lp_s2 cop_0854_lp_s2 cop_0392_lp_s2 cop_0881_lp_s2 cop_0373_lp_s2 cop_0912_lp_s2 cop_0934_lp_s2 cop_0247_lp_s2 cop_0619_lp_s2 cop_0151_lp_s2 cop_0818_lp_s2 cop_0733_lp_s2 cop_0336_lp_s2 cop_0910_lp_s2 cop_0872_lp_s2 cop_0666_lp_s2 cop_0073_lp_s2 cop_0644_lp_s2 cop_0896_lp_s2 cop_0599_lp_s2 cop_0595_lp_s2 cop_0113_lp_s2 cop_0886_lp_s2 cop_0355_lp_s2 cop_0547_lp_s2 cop_0791_lp_s2 cop_0108_lp_s2 cop_0957_lp_s2 cop_0310_lp_s2 cop_0726_lp_s2 cop_0956_lp_s2 cop_0199_lp_s2 cop_0951_lp_s2 cop_0920_lp_s2 cop_0844_lp_s2 cop_0806_lp_s2 cop_0611_lp_s2 cop_0933_lp_s2 cop_0713_lp_s2 cop_0282_lp_s2 cop_0339_lp_s2 cop_0489_lp_s2 cop_0313_lp_s2 cop_0749_lp_s2 cop_0814_lp_s2 cop_0401_lp_s2 cop_0476_lp_s2 cop_0438_lp_s2 cop_0467_lp_s2 cop_0019_lp_s2 cop_0766_lp_s2 cop_0445_lp_s2 cop_0995_lp_s2 cop_0923_lp_s2 cop_0007_lp_s2 cop_0649_lp_s2 cop_0451_lp_s2 cop_0524_lp_s2 cop_0067_lp_s2 cop_0042_lp_s2 cop_0045_lp_s2 cop_0002_lp_s2 cop_0474_lp_s2 cop_0507_lp_s2 cop_0581_lp_s2 cop_0218_lp_s2 cop_0318_lp_s2 cop_0127_lp_s2 cop_0968_lp_s2 cop_0352_lp_s2 cop_0653_lp_s2 cop_0395_lp_s2 cop_0196_lp_s2 cop_0895_lp_s2 cop_0035_lp_s2 cop_0941_lp_s2 cop_0284_lp_s2 cop_0316_lp_s2 cop_0039_lp_s2 cop_0930_lp_s2 cop_0221_lp_s2 cop_0204_lp_s2 cop_0564_lp_s2 cop_0382_lp_s2 cop_0641_lp_s2 cop_0901_lp_s2 cop_0109_lp_s2 cop_0250_lp_s2 cop_0891_lp_s2 cop_0843_lp_s2 cop_0193_lp_s2 cop_0979_lp_s2 cop_0668_lp_s2 cop_0991_lp_s2 cop_0821_lp_s2 cop_0959_lp_s2 cop_0076_lp_s2 cop_0243_lp_s2 cop_0378_lp_s2 cop_0840_lp_s2 cop_0804_lp_s2 cop_0617_lp_s2 cop_0512_lp_s2 cop_0916_lp_s2 cop_0101_lp_s2 cop_0319_lp_s2 cop_0855_lp_s2 cop_0915_lp_s2 cop_0133_lp_s2 cop_0765_lp_s2 cop_0268_lp_s2 cop_0540_lp_s2 cop_0017_lp_s2 cop_0600_lp_s2 cop_0185_lp_s2 cop_0386_lp_s2 cop_0131_lp_s2 cop_0541_lp_s2 cop_0943_lp_s2 cop_0082_lp_s2 cop_0182_lp_s2 cop_0594_lp_s2 cop_0950_lp_s2 cop_0993_lp_s2 cop_0925_lp_s2 cop_0778_lp_s2 cop_0432_lp_s2 cop_0688_lp_s2 cop_0239_lp_s2 cop_0292_lp_s2 cop_0800_lp_s2 cop_0069_lp_s2 cop_0633_lp_s2 cop_0935_lp_s2 cop_0003_lp_s2 cop_0972_lp_s2 cop_0861_lp_s2 cop_0408_lp_s2 cop_0904_lp_s2 cop_0793_lp_s2 cop_0705_lp_s2 cop_0757_lp_s2 cop_0866_lp_s2 cop_0770_lp_s2 cop_0099_lp_s2 cop_0729_lp_s2 cop_0848_lp_s2 cop_0828_lp_s2 cop_0964_lp_s2 cop_0817_lp_s2 cop_0556_lp_s2 cop_0441_lp_s2 cop_0180_lp_s2 cop_0497_lp_s2 cop_0748_lp_s2 cop_0728_lp_s2 cop_0232_lp_s2 cop_0277_lp_s2 cop_0834_lp_s2 cop_0586_lp_s2 cop_0453_lp_s2 cop_0062_lp_s2 cop_0194_lp_s2 cop_0625_lp_s2 cop_0805_lp_s2 cop_0170_lp_s2 cop_0162_lp_s2 cop_0566_lp_s2 cop_0631_lp_s2 cop_0150_lp_s2 cop_0825_lp_s2 cop_0288_lp_s2 cop_0667_lp_s2 cop_0431_lp_s2 cop_0542_lp_s2 cop_0465_lp_s2 cop_0306_lp_s2 cop_0998_lp_s2 cop_0179_lp_s2 cop_0798_lp_s2 cop_0571_lp_s2 cop_0265_lp_s2 cop_0544_lp_s2 cop_0289_lp_s2 cop_0555_lp_s2 cop_0005_lp_s2 cop_0249_lp_s2 cop_0769_lp_s2 cop_0536_lp_s2 cop_0635_lp_s2 cop_0068_lp_s2 cop_0176_lp_s2 cop_0647_lp_s2 cop_0400_lp_s2 cop_0711_lp_s2 cop_0518_lp_s2 cop_0081_lp_s2 cop_0501_lp_s2 cop_0442_lp_s2 cop_0008_lp_s2 cop_0201_lp_s2 cop_0561_lp_s2 cop_0646_lp_s2 cop_0006_lp_s2 cop_0689_lp_s2 cop_0738_lp_s2 cop_0502_lp_s2 cop_0880_lp_s2 cop_0570_lp_s2 cop_0105_lp_s2 cop_0187_lp_s2 cop_0072_lp_s2 cop_0078_lp_s2 cop_0254_lp_s2 cop_0252_lp_s2 cop_0027_lp_s2 cop_0464_lp_s2 cop_0937_lp_s2 cop_0236_lp_s2 cop_0624_lp_s2 cop_0227_lp_s2 cop_0509_lp_s2 cop_0529_lp_s2 cop_0267_lp_s2 cop_0735_lp_s2 cop_0334_lp_s2 cop_0350_lp_s2 cop_0120_lp_s2 cop_0228_lp_s2 cop_0097_lp_s2 cop_0126_lp_s2 cop_0794_lp_s2 cop_0312_lp_s2 cop_0620_lp_s2 cop_0963_lp_s2 cop_0482_lp_s2 cop_0863_lp_s2 cop_0853_lp_s2 cop_0629_lp_s2 cop_0498_lp_s2 cop_0346_lp_s2 cop_0016_lp_s2 cop_0200_lp_s2 cop_0125_lp_s2 cop_0436_lp_s2 cop_0741_lp_s2 cop_0879_lp_s2 cop_0103_lp_s2 cop_0439_lp_s2 cop_0876_lp_s2 cop_0171_lp_s2 cop_0040_lp_s2 cop_0650_lp_s2 cop_0135_lp_s2 cop_0643_lp_s2 cop_0841_lp_s2 cop_0597_lp_s2 cop_0707_lp_s2 cop_0742_lp_s2 cop_0458_lp_s2 cop_0575_lp_s2 cop_0531_lp_s2 cop_0321_lp_s2 cop_0782_lp_s2 cop_0756_lp_s2 cop_0459_lp_s2 cop_0525_lp_s2 cop_0118_lp_s2 cop_0520_lp_s2 cop_0867_lp_s2 cop_0826_lp_s2 cop_0024_lp_s2 cop_0604_lp_s2 cop_0443_lp_s2 cop_0852_lp_s2 cop_0479_lp_s2 cop_0440_lp_s2 cop_0827_lp_s2 cop_0971_lp_s2 cop_0207_lp_s2 cop_0697_lp_s2 cop_0802_lp_s2 cop_0514_lp_s2 cop_0513_lp_s2 cop_0731_lp_s2 cop_0161_lp_s2 cop_0764_lp_s2 cop_0152_lp_s2 cop_0664_lp_s2 cop_0673_lp_s2 cop_0361_lp_s2 cop_0337_lp_s2 cop_0736_lp_s2 cop_0377_lp_s2 cop_0694_lp_s2 cop_0450_lp_s2 cop_0364_lp_s2 cop_0274_lp_s2 cop_0256_lp_s2 cop_0725_lp_s2 cop_0091_lp_s2 cop_0460_lp_s2 cop_0169_lp_s2 cop_0685_lp_s2 cop_0112_lp_s2 cop_0780_lp_s2 cop_0779_lp_s2 cop_0037_lp_s2 cop_0763_lp_s2 cop_0480_lp_s2 cop_0087_lp_s2 cop_0186_lp_s2 cop_0523_lp_s2 cop_0061_lp_s2 cop_0683_lp_s2 cop_0500_lp_s2 cop_0969_lp_s2 cop_0134_lp_s2 cop_0390_lp_s2 cop_0481_lp_s2 cop_0094_lp_s2 cop_0784_lp_s2 cop_0875_lp_s2 cop_0066_lp_s2 cop_0899_lp_s2 cop_0889_lp_s2 cop_0774_lp_s2 cop_0165_lp_s2 cop_0712_lp_s2 cop_0884_lp_s2 cop_0302_lp_s2 cop_0574_lp_s2 cop_0220_lp_s2 cop_0596_lp_s2 cop_0469_lp_s2 cop_0156_lp_s2 cop_0553_lp_s2 cop_0727_lp_s2 cop_0849_lp_s2 cop_0335_lp_s2 cop_0147_lp_s2 cop_0503_lp_s2 cop_0428_lp_s2 cop_0684_lp_s2 cop_0050_lp_s2 cop_0803_lp_s2 cop_0030_lp_s2 cop_0011_lp_s2 cop_0343_lp_s2 cop_0878_lp_s2 cop_0820_lp_s2 cop_0911_lp_s2 cop_0299_lp_s2 cop_0686_lp_s2 cop_0368_lp_s2 cop_0444_lp_s2 cop_0615_lp_s2 cop_0070_lp_s2 cop_0349_lp_s2 cop_0715_lp_s2 cop_0577_lp_s2 cop_0374_lp_s2 cop_0750_lp_s2 cop_0516_lp_s2 cop_0494_lp_s2 cop_0173_lp_s2 cop_0369_lp_s2 cop_0226_lp_s2 cop_0423_lp_s2 cop_0913_lp_s2 cop_0859_lp_s2 cop_0466_lp_s2 cop_0850_lp_s2 cop_0396_lp_s2 cop_0974_lp_s2 cop_0413_lp_s2 cop_0871_lp_s2 cop_0399_lp_s2 cop_0634_lp_s2 cop_0477_lp_s2 cop_0424_lp_s2 cop_0353_lp_s2 cop_0862_lp_s2 cop_0796_lp_s2 cop_0652_lp_s2 cop_0622_lp_s2 cop_0628_lp_s2 cop_0145_lp_s2 cop_0004_lp_s2 cop_0692_lp_s2 cop_0367_lp_s2 cop_0107_lp_s2 cop_0255_lp_s2 cop_0902_lp_s2 cop_0397_lp_s2 cop_0554_lp_s2 cop_0348_lp_s2 cop_0338_lp_s2 cop_0874_lp_s2 cop_0117_lp_s2 cop_0317_lp_s2 cop_0777_lp_s2 cop_0351_lp_s2 cop_0906_lp_s2 cop_0691_lp_s2 cop_0281_lp_s2 cop_0213_lp_s2 cop_0121_lp_s2 cop_0139_lp_s2 cop_0478_lp_s2 cop_0057_lp_s2 cop_0533_lp_s2 cop_0047_lp_s2 cop_0320_lp_s2 cop_0157_lp_s2 cop_0298_lp_s2 cop_0079_lp_s2 cop_0102_lp_s2 cop_0914_lp_s2 cop_0211_lp_s2 cop_0661_lp_s2 cop_0751_lp_s2 cop_0269_lp_s2 cop_0772_lp_s2 cop_0183_lp_s2 cop_0032_lp_s2 cop_0240_lp_s2 cop_0136_lp_s2 cop_0100_lp_s2 cop_0172_lp_s2 cop_0429_lp_s2 cop_0054_lp_s2 cop_0660_lp_s2 cop_0552_lp_s2 cop_0044_lp_s2 cop_0106_lp_s2 cop_0696_lp_s2 cop_0031_lp_s2 cop_0897_lp_s2 cop_0948_lp_s2 cop_0166_lp_s2 cop_0510_lp_s2 cop_0598_lp_s2 cop_0527_lp_s2 cop_0642_lp_s2 cop_0994_lp_s2 cop_0720_lp_s2 cop_0435_lp_s2 cop_0534_lp_s2 cop_0205_lp_s2 cop_0538_lp_s2 cop_0231_lp_s2 cop_0665_lp_s2 cop_0457_lp_s2 cop_0740_lp_s2 cop_0824_lp_s2 cop_0426_lp_s2 cop_0422_lp_s2 cop_0708_lp_s2 cop_0285_lp_s2 cop_0801_lp_s2 cop_0519_lp_s2 cop_0142_lp_s2 cop_0702_lp_s2 cop_0036_lp_s2 cop_0526_lp_s2 cop_0773_lp_s2 cop_0931_lp_s2 cop_0917_lp_s2 cop_0241_lp_s2 cop_0347_lp_s2 cop_0148_lp_s2 cop_0654_lp_s2 cop_0593_lp_s2 cop_0970_lp_s2 cop_0410_lp_s2 cop_0717_lp_s2 cop_0356_lp_s2 cop_0905_lp_s2
  set decided by an accepted test: yes, in round 998 of 999 (p = 0.077 against alpha = 0.050)
  from round 998 on every model dropped is still in the set; those rounds run only to give it its MCS p-value


  sample    999 observations, 1000 models
  statistic Tmax, each model against the field
  test      alpha = 0.050, 10000 moving-block resamples of 1 observations
  variance  bootstrap variance of the resampled mean
  stream    seed 123, stream 0

MCS over state-dependent local projection impulse-response MAE, state 2 (lags times F), MCS_TMAX statistic
  model             mean loss      MCS p  round  in set
  cop_0001_lp_s2      2.64047      0.000    575  
  cop_0002_lp_s2      2.87025      0.000    562  
  cop_0003_lp_s2      2.69926      0.000    621  
  cop_0004_lp_s2      1.78319      0.000    906  
  cop_0005_lp_s2      2.13758      0.000    743  
  cop_0006_lp_s2      2.22962      0.000    728  
  cop_0007_lp_s2      3.10511      0.000    529  
  cop_0008_lp_s2      2.37343      0.000    701  
  cop_0009_lp_s2     19.49835      0.000     15  
  cop_0010_lp_s2      3.40818      0.000    454  
  cop_0011_lp_s2      1.85357      0.000    874  
  cop_0012_lp_s2      8.09629      0.000    130  
  cop_0013_lp_s2      7.94531      0.000     83  
  cop_0014_lp_s2      3.66023      0.000    370  
  cop_0015_lp_s2      4.18501      0.000    318  
  cop_0016_lp_s2      2.15400      0.000    764  
  cop_0017_lp_s2      2.84608      0.000    589  
  cop_0018_lp_s2      3.75951      0.000    380  
  cop_0019_lp_s2      2.90542      0.000    555  
  cop_0020_lp_s2      6.65119      0.000    177  
  cop_0021_lp_s2      6.16657      0.000    229  
  cop_0022_lp_s2      2.54159      0.000    597  
  cop_0023_lp_s2      2.68312      0.000    554  
  cop_0024_lp_s2      2.09002      0.000    790  
  cop_0025_lp_s2      6.87905      0.000    121  
  cop_0026_lp_s2      4.85703      0.000    342  
  cop_0027_lp_s2      2.41173      0.000    698  
  cop_0028_lp_s2      3.47699      0.000    411  
  cop_0029_lp_s2      4.87704      0.000    261  
  cop_0030_lp_s2      1.84039      0.000    875  
  cop_0031_lp_s2      1.63089      0.000    962  
  cop_0032_lp_s2      1.67915      0.000    939  
  cop_0033_lp_s2      4.00212      0.000    369  
  cop_0034_lp_s2      5.42475      0.000    264  
  cop_0035_lp_s2      2.66701      0.000    593  
  cop_0036_lp_s2      1.54117      0.000    981  
  cop_0037_lp_s2      2.00984      0.000    824  
  cop_0038_lp_s2      8.29709      0.000    172  
  cop_0039_lp_s2      2.86056      0.000    568  
  cop_0040_lp_s2      2.22428      0.000    753  
  cop_0041_lp_s2      4.52115      0.000    311  
  cop_0042_lp_s2      3.04474      0.000    537  
  cop_0043_lp_s2      8.53900      0.000     82  
  cop_0044_lp_s2      1.65029      0.000    954  
  cop_0045_lp_s2      3.31635      0.000    507  
  cop_0046_lp_s2     12.96815      0.000     43  
  cop_0047_lp_s2      1.67971      0.000    937  
  cop_0048_lp_s2     17.84194      0.000     23  
  cop_0049_lp_s2     28.10362      0.000     17  
  cop_0050_lp_s2      1.89526      0.000    862  
  cop_0051_lp_s2      7.58826      0.000    136  
  cop_0052_lp_s2     11.73975      0.000     87  
  cop_0053_lp_s2      2.99442      0.000    488  
  cop_0054_lp_s2      1.66736      0.000    949  
  cop_0055_lp_s2      6.62295      0.000    176  
  cop_0056_lp_s2     15.05669      0.000     31  
  cop_0057_lp_s2      1.73054      0.000    922  
  cop_0058_lp_s2     27.83006      0.000     27  
  cop_0059_lp_s2      5.86642      0.000    144  
  cop_0060_lp_s2      3.30754      0.000    441  
  cop_0061_lp_s2      2.04834      0.000    811  
  cop_0062_lp_s2      2.58277      0.000    651  
  cop_0063_lp_s2      7.43951      0.000    131  
  cop_0064_lp_s2      6.38396      0.000    112  
  cop_0065_lp_s2      7.37602      0.000    120  
  cop_0066_lp_s2      1.95252      0.000    841  
  cop_0067_lp_s2      2.61034      0.000    610  
  cop_0068_lp_s2      2.19998      0.000    723  
  cop_0069_lp_s2      2.41912      0.000    666  
  cop_0070_lp_s2      1.89059      0.000    868  
  cop_0071_lp_s2      2.98451      0.000    500  
  cop_0072_lp_s2      2.17644      0.000    745  
  cop_0073_lp_s2      3.19129      0.000    501  
  cop_0074_lp_s2      4.31375      0.000    361  
  cop_0075_lp_s2      3.50668      0.000    419  
  cop_0076_lp_s2      2.44509      0.000    648  
  cop_0077_lp_s2      4.07760      0.000    328  
  cop_0078_lp_s2      2.09732      0.000    769  
  cop_0079_lp_s2      1.70680      0.000    934  
  cop_0080_lp_s2     16.91849      0.000     36  
  cop_0081_lp_s2      2.53713      0.000    681  
  cop_0082_lp_s2      2.43027      0.000    661  
  cop_0083_lp_s2      3.11158      0.000    497  
  cop_0084_lp_s2      5.91316      0.000    249  
  cop_0085_lp_s2      7.20948      0.000    107  
  cop_0086_lp_s2     78.82235      0.000     18  
  cop_0087_lp_s2      1.94451      0.000    834  
  cop_0088_lp_s2     11.58979      0.000     53  
  cop_0089_lp_s2     17.56068      0.000     93  
  cop_0090_lp_s2      3.80334      0.000    346  
  cop_0091_lp_s2      2.08951      0.000    805  
  cop_0092_lp_s2      4.35874      0.000    312  
  cop_0093_lp_s2      7.20363      0.000    113  
  cop_0094_lp_s2      1.93876      0.000    848  
  cop_0095_lp_s2     19.39418      0.000     56  
  cop_0096_lp_s2     15.77641      0.000     55  
  cop_0097_lp_s2      2.05566      0.000    780  
  cop_0098_lp_s2      5.03259      0.000    222  
  cop_0099_lp_s2      2.47329      0.000    658  
  cop_0100_lp_s2      1.69076      0.000    941  
  cop_0101_lp_s2      2.39725      0.000    667  
  cop_0102_lp_s2      1.67868      0.000    938  
  cop_0103_lp_s2      2.00856      0.000    796  
  cop_0104_lp_s2      6.11618      0.000    193  
  cop_0105_lp_s2      2.13395      0.000    751  
  cop_0106_lp_s2      1.63230      0.000    961  
  cop_0107_lp_s2      1.79649      0.000    899  
  cop_0108_lp_s2      3.30412      0.000    491  
  cop_0109_lp_s2      2.67033      0.000    603  
  cop_0110_lp_s2      3.43698      0.000    414  
  cop_0111_lp_s2      4.62506      0.000    246  
  cop_0112_lp_s2      1.99523      0.000    826  
  cop_0113_lp_s2      3.28901      0.000    498  
  cop_0114_lp_s2     15.77518      0.000     76  
  cop_0115_lp_s2      9.20877      0.000     97  
  cop_0116_lp_s2      3.35919      0.000    418  
  cop_0117_lp_s2      1.72197      0.000    920  
  cop_0118_lp_s2      2.08028      0.000    789  
  cop_0119_lp_s2     20.63675      0.000     50  
  cop_0120_lp_s2      2.05412      0.000    781  
  cop_0121_lp_s2      1.72168      0.000    925  
  cop_0122_lp_s2      5.35907      0.000    230  
  cop_0123_lp_s2      5.90641      0.000    204  
  cop_0124_lp_s2      2.90974      0.000    516  
  cop_0125_lp_s2      2.25366      0.000    744  
  cop_0126_lp_s2      2.24462      0.000    738  
  cop_0127_lp_s2      2.61135      0.000    599  
  cop_0128_lp_s2      3.24017      0.000    481  
  cop_0129_lp_s2      5.72589      0.000    292  
  cop_0130_lp_s2     16.16142      0.000     52  
  cop_0131_lp_s2      2.73123      0.000    604  
  cop_0132_lp_s2      5.37816      0.000    217  
  cop_0133_lp_s2      2.37644      0.000    675  
  cop_0134_lp_s2      1.87606      0.000    853  
  cop_0135_lp_s2      2.32366      0.000    726  
  cop_0136_lp_s2      1.68110      0.000    945  
  cop_0137_lp_s2      4.27761      0.000    375  
  cop_0138_lp_s2      8.19373      0.000     95  
  cop_0139_lp_s2      1.67137      0.000    936  
  cop_0140_lp_s2     28.37158      0.000      7  
  cop_0141_lp_s2      3.14655      0.000    466  
  cop_0142_lp_s2      1.53481      0.000    982  
  cop_0143_lp_s2      4.81719      0.000    224  
  cop_0144_lp_s2      3.01375      0.000    515  
  cop_0145_lp_s2      1.78313      0.000    902  
  cop_0146_lp_s2      4.18485      0.000    345  
  cop_0147_lp_s2      1.98623      0.000    846  
  cop_0148_lp_s2      1.50122      0.000    990  
  cop_0149_lp_s2      3.65781      0.000    409  
  cop_0150_lp_s2      2.22109      0.000    712  
  cop_0151_lp_s2      2.97671      0.000    534  
  cop_0152_lp_s2      2.11954      0.000    793  
  cop_0153_lp_s2      5.59347      0.000    235  
  cop_0154_lp_s2     17.59810      0.000     57  
  cop_0155_lp_s2      3.48097      0.000    442  
  cop_0156_lp_s2      1.89613      0.000    861  
  cop_0157_lp_s2      1.71511      0.000    928  
  cop_0158_lp_s2     12.24274      0.000    119  
  cop_0159_lp_s2      6.43669      0.000    188  
  cop_0160_lp_s2      7.63848      0.000    117  
  cop_0161_lp_s2      2.15538      0.000    782  
  cop_0162_lp_s2      2.32239      0.000    691  
  cop_0163_lp_s2      5.34548      0.000    245  
  cop_0164_lp_s2      6.94548      0.000    154  
  cop_0165_lp_s2      1.92809      0.000    851  
  cop_0166_lp_s2      1.64785      0.000    955  
  cop_0167_lp_s2     10.76131      0.000     81  
  cop_0168_lp_s2      9.61289      0.000     69  
  cop_0169_lp_s2      2.00084      0.000    821  
  cop_0170_lp_s2      2.74131      0.000    624  
  cop_0171_lp_s2      2.11136      0.000    776  
  cop_0172_lp_s2      1.66640      0.000    950  
  cop_0173_lp_s2      1.86898      0.000    879  
  cop_0174_lp_s2      3.26130      0.000    469  
  cop_0175_lp_s2      5.36032      0.000    199  
  cop_0176_lp_s2      2.33135      0.000    697  
  cop_0177_lp_s2      3.46410      0.000    400  
  cop_0178_lp_s2      5.58070      0.000    227  
  cop_0179_lp_s2      2.49371      0.000    679  
  cop_0180_lp_s2      2.73191      0.000    614  
  cop_0181_lp_s2      3.28939      0.000    475  
  cop_0182_lp_s2      2.52937      0.000    638  
  cop_0183_lp_s2      1.69865      0.000    935  
  cop_0184_lp_s2     15.06300      0.000     34  
  cop_0185_lp_s2      2.30172      0.000    684  
  cop_0186_lp_s2      1.92376      0.000    837  
  cop_0187_lp_s2      2.23999      0.000    731  
  cop_0188_lp_s2      5.31414      0.000    232  
  cop_0189_lp_s2      3.14990      0.000    427  
  cop_0190_lp_s2      4.56553      0.000    316  
  cop_0191_lp_s2      1.43069      0.281    998  yes
  cop_0192_lp_s2      3.34878      0.000    425  
  cop_0193_lp_s2      2.63203      0.000    611  
  cop_0194_lp_s2      2.35813      0.000    688  
  cop_0195_lp_s2      3.47225      0.000    444  
  cop_0196_lp_s2      2.87494      0.000    572  
  cop_0197_lp_s2      3.62313      0.000    398  
  cop_0198_lp_s2      3.85816      0.000    365  
  cop_0199_lp_s2      2.61992      0.000    586  
  cop_0200_lp_s2      2.22138      0.000    749  
  cop_0201_lp_s2      2.29340      0.000    713  
  cop_0202_lp_s2     14.14234      0.000    104  
  cop_0203_lp_s2      3.21480      0.000    407  
  cop_0204_lp_s2      2.82410      0.000    576  
  cop_0205_lp_s2      1.62415      0.000    967  
  cop_0206_lp_s2     10.85680      0.000     51  
  cop_0207_lp_s2      2.13770      0.000    784  
  cop_0208_lp_s2      4.47364      0.000    323  
  cop_0209_lp_s2      4.60045      0.000    242  
  cop_0210_lp_s2      3.18381      0.000    465  
  cop_0211_lp_s2      1.65813      0.000    943  
  cop_0212_lp_s2     15.65912      0.000     40  
  cop_0213_lp_s2      1.73318      0.000    921  
  cop_0214_lp_s2     56.46321      0.000     24  
  cop_0215_lp_s2      4.17535      0.000    279  
  cop_0216_lp_s2      3.79154      0.000    388  
  cop_0217_lp_s2      6.25786      0.000    228  
  cop_0218_lp_s2      3.02707      0.000    541  
  cop_0219_lp_s2    212.72072      0.000      1  
  cop_0220_lp_s2      1.95655      0.000    844  
  cop_0221_lp_s2      3.19077      0.000    526  
  cop_0222_lp_s2      3.73379      0.000    391  
  cop_0223_lp_s2      5.53132      0.000    139  
  cop_0224_lp_s2      3.85937      0.000    387  
  cop_0225_lp_s2      2.76629      0.000    533  
  cop_0226_lp_s2      1.79563      0.000    890  
  cop_0227_lp_s2      2.26763      0.000    734  
  cop_0228_lp_s2      2.14731      0.000    754  
  cop_0229_lp_s2     10.82046      0.000     71  
  cop_0230_lp_s2    163.22694      0.000     20  
  cop_0231_lp_s2      1.62574      0.000    971  
  cop_0232_lp_s2      2.28470      0.000    693  
  cop_0233_lp_s2      3.83767      0.000    354  
  cop_0234_lp_s2      3.53451      0.000    440  
  cop_0235_lp_s2      4.33674      0.000    310  
  cop_0236_lp_s2      2.11935      0.000    756  
  cop_0237_lp_s2      2.72400      0.000    546  
  cop_0238_lp_s2      4.30212      0.000    343  
  cop_0239_lp_s2      2.27695      0.000    695  
  cop_0240_lp_s2      1.68630      0.000    940  
  cop_0241_lp_s2      1.52006      0.000    988  
  cop_0242_lp_s2      4.11878      0.000    307  
  cop_0243_lp_s2      2.34970      0.000    672  
  cop_0244_lp_s2      7.27278      0.000    156  
  cop_0245_lp_s2      8.44670      0.000     89  
  cop_0246_lp_s2      3.49724      0.000    438  
  cop_0247_lp_s2      3.33658      0.000    482  
  cop_0248_lp_s2      3.11185      0.000    464  
  cop_0249_lp_s2      2.19123      0.000    729  
  cop_0250_lp_s2      2.77696      0.000    579  
  cop_0251_lp_s2      5.47923      0.000    212  
  cop_0252_lp_s2      2.32690      0.000    714  
  cop_0253_lp_s2     22.96418      0.000     38  
  cop_0254_lp_s2      2.13963      0.000    752  
  cop_0255_lp_s2      1.74371      0.000    912  
  cop_0256_lp_s2      2.01533      0.000    819  
  cop_0257_lp_s2     40.76115      0.000     14  
  cop_0258_lp_s2      3.07720      0.000    484  
  cop_0259_lp_s2      3.99758      0.000    357  
  cop_0260_lp_s2      3.27788      0.000    493  
  cop_0261_lp_s2      3.97967      0.000    319  
  cop_0262_lp_s2     20.17877      0.000     25  
  cop_0263_lp_s2     10.99141      0.000     47  
  cop_0264_lp_s2      3.22439      0.000    492  
  cop_0265_lp_s2      2.38581      0.000    692  
  cop_0266_lp_s2      8.67292      0.000    178  
  cop_0267_lp_s2      2.27426      0.000    725  
  cop_0268_lp_s2      2.72849      0.000    600  
  cop_0269_lp_s2      1.66712      0.000    947  
  cop_0270_lp_s2      5.73830      0.000    214  
  cop_0271_lp_s2      5.29348      0.000    211  
  cop_0272_lp_s2      3.37461      0.000    423  
  cop_0273_lp_s2      4.22163      0.000    296  
  cop_0274_lp_s2      2.10741      0.000    794  
  cop_0275_lp_s2      6.00579      0.000    147  
  cop_0276_lp_s2      6.99355      0.000    124  
  cop_0277_lp_s2      2.54645      0.000    656  
  cop_0278_lp_s2      5.65351      0.000    223  
  cop_0279_lp_s2      5.32826      0.000    260  
  cop_0280_lp_s2      3.05804      0.000    510  
  cop_0281_lp_s2      1.71159      0.000    926  
  cop_0282_lp_s2      2.56705      0.000    601  
  cop_0283_lp_s2      4.55829      0.000    265  
  cop_0284_lp_s2      2.99677      0.000    551  
  cop_0285_lp_s2      1.57957      0.000    978  
  cop_0286_lp_s2      5.76282      0.000    198  
  cop_0287_lp_s2      9.05224      0.000    106  
  cop_0288_lp_s2      2.44891      0.000    680  
  cop_0289_lp_s2      2.66449      0.000    647  
  cop_0290_lp_s2      6.00409      0.000    196  
  cop_0291_lp_s2      5.79368      0.000    215  
  cop_0292_lp_s2      2.89494      0.000    585  
  cop_0293_lp_s2      2.70722      0.000    544  
  cop_0294_lp_s2      2.90390      0.000    496  
  cop_0295_lp_s2      4.94504      0.000    320  
  cop_0296_lp_s2      3.92352      0.000    374  
  cop_0297_lp_s2     31.90126      0.000     10  
  cop_0298_lp_s2      1.65780      0.000    942  
  cop_0299_lp_s2      1.93085      0.000    864  
  cop_0300_lp_s2     11.50338      0.000     66  
  cop_0301_lp_s2      4.09734      0.000    364  
  cop_0302_lp_s2      1.92937      0.000    852  
  cop_0303_lp_s2      4.58710      0.000    243  
  cop_0304_lp_s2      5.83473      0.000    151  
  cop_0305_lp_s2      5.17247      0.000    298  
  cop_0306_lp_s2      2.36870      0.000    689  
  cop_0307_lp_s2      3.88313      0.000    302  
  cop_0308_lp_s2     29.63557      0.000     26  
  cop_0309_lp_s2      3.42103      0.000    437  
  cop_0310_lp_s2      2.79534      0.000    567  
  cop_0311_lp_s2      4.70176      0.000    276  
  cop_0312_lp_s2      2.18610      0.000    748  
  cop_0313_lp_s2      3.14250      0.000    522  
  cop_0314_lp_s2      2.94163      0.000    508  
  cop_0315_lp_s2      4.48111      0.000    254  
  cop_0316_lp_s2      2.73088      0.000    588  
  cop_0317_lp_s2      1.75176      0.000    915  
  cop_0318_lp_s2      3.01819      0.000    542  
  cop_0319_lp_s2      2.84379      0.000    580  
  cop_0320_lp_s2      1.71027      0.000    927  
  cop_0321_lp_s2      2.03569      0.000    799  
  cop_0322_lp_s2      5.35129      0.000    294  
  cop_0323_lp_s2     92.92533      0.000     12  
  cop_0324_lp_s2      4.47723      0.000    333  
  cop_0325_lp_s2     12.16970      0.000     67  
  cop_0326_lp_s2      7.50003      0.000    152  
  cop_0327_lp_s2     15.06088      0.000     44  
  cop_0328_lp_s2      4.91111      0.000    255  
  cop_0329_lp_s2     38.90947      0.000     11  
  cop_0330_lp_s2      4.09319      0.000    372  
  cop_0331_lp_s2      3.61740      0.000    426  
  cop_0332_lp_s2      8.65669      0.000     78  
  cop_0333_lp_s2     10.67382      0.000    108  
  cop_0334_lp_s2      2.27538      0.000    736  
  cop_0335_lp_s2      1.90016      0.000    859  
  cop_0336_lp_s2      3.34131      0.000    483  
  cop_0337_lp_s2      2.00288      0.000    820  
  cop_0338_lp_s2      1.79154      0.000    910  
  cop_0339_lp_s2      2.92214      0.000    548  
  cop_0340_lp_s2      4.34936      0.000    366  
  cop_0341_lp_s2      4.24883      0.000    360  
  cop_0342_lp_s2      5.04056      0.000    289  
  cop_0343_lp_s2      1.89128      0.000    866  
  cop_0344_lp_s2      4.51748      0.000    359  
  cop_0345_lp_s2      3.46820      0.000    430  
  cop_0346_lp_s2      2.12316      0.000    771  
  cop_0347_lp_s2      1.50600      0.000    989  
  cop_0348_lp_s2      1.72500      0.000    917  
  cop_0349_lp_s2      1.84765      0.000    877  
  cop_0350_lp_s2      2.09064      0.000    770  
  cop_0351_lp_s2      1.73510      0.000    919  
  cop_0352_lp_s2      3.16875      0.000    530  
  cop_0353_lp_s2      1.79148      0.000    898  
  cop_0354_lp_s2      7.50946      0.000    137  
  cop_0355_lp_s2      2.64278      0.000    581  
  cop_0356_lp_s2      1.45837      0.004    996  
  cop_0357_lp_s2      3.51460      0.000    429  
  cop_0358_lp_s2      3.59222      0.000    431  
  cop_0359_lp_s2      6.37528      0.000    160  
  cop_0360_lp_s2      5.13951      0.000    250  
  cop_0361_lp_s2      2.00033      0.000    818  
  cop_0362_lp_s2     22.70139      0.000     46  
  cop_0363_lp_s2      3.13895      0.000    472  
  cop_0364_lp_s2      2.06696      0.000    807  
  cop_0365_lp_s2      7.93714      0.000    153  
  cop_0366_lp_s2     11.75753      0.000     96  
  cop_0367_lp_s2      1.77529      0.000    907  
  cop_0368_lp_s2      1.91140      0.000    869  
  cop_0369_lp_s2      1.82814      0.000    885  
  cop_0370_lp_s2      4.60532      0.000    315  
  cop_0371_lp_s2      3.58217      0.000    433  
  cop_0372_lp_s2      4.10524      0.000    353  
  cop_0373_lp_s2      3.05557      0.000    520  
  cop_0374_lp_s2      1.82125      0.000    884  
  cop_0375_lp_s2     25.12474      0.000     19  
  cop_0376_lp_s2      4.67499      0.000    339  
  cop_0377_lp_s2      2.07528      0.000    801  
  cop_0378_lp_s2      2.48469      0.000    640  
  cop_0379_lp_s2      7.75561      0.000    100  
  cop_0380_lp_s2      6.61562      0.000    191  
  cop_0381_lp_s2     17.25044      0.000     42  
  cop_0382_lp_s2      2.39606      0.000    663  
  cop_0383_lp_s2      4.02278      0.000    376  
  cop_0384_lp_s2      4.79694      0.000    306  
  cop_0385_lp_s2      4.48479      0.000    238  
  cop_0386_lp_s2      2.74819      0.000    598  
  cop_0387_lp_s2      9.30104      0.000     72  
  cop_0388_lp_s2     20.81431      0.000     13  
  cop_0389_lp_s2     34.19068      0.000      8  
  cop_0390_lp_s2      1.93982      0.000    840  
  cop_0391_lp_s2     16.33791      0.000     35  
  cop_0392_lp_s2      2.96692      0.000    531  
  cop_0393_lp_s2      9.08033      0.000    101  
  cop_0394_lp_s2      5.28878      0.000    174  
  cop_0395_lp_s2      2.75725      0.000    577  
  cop_0396_lp_s2      1.78435      0.000    894  
  cop_0397_lp_s2      1.73972      0.000    914  
  cop_0398_lp_s2      4.33704      0.000    337  
  cop_0399_lp_s2      1.81213      0.000    889  
  cop_0400_lp_s2      2.28293      0.000    710  
  cop_0401_lp_s2      3.15240      0.000    523  
  cop_0402_lp_s2      5.58339      0.000    182  
  cop_0403_lp_s2      2.66070      0.000    570  
  cop_0404_lp_s2      5.01250      0.000    248  
  cop_0405_lp_s2      7.48258      0.000    165  
  cop_0406_lp_s2      4.37212      0.000    304  
  cop_0407_lp_s2      3.49813      0.000    435  
  cop_0408_lp_s2      2.50505      0.000    652  
  cop_0409_lp_s2      4.17659      0.000    381  
  cop_0410_lp_s2      1.47081      0.000    994  
  cop_0411_lp_s2    243.12430      0.000      3  
  cop_0412_lp_s2     10.93728      0.000     41  
  cop_0413_lp_s2      1.79009      0.000    893  
  cop_0414_lp_s2      8.37212      0.000    105  
  cop_0415_lp_s2      5.20167      0.000    225  
  cop_0416_lp_s2      3.51814      0.000    379  
  cop_0417_lp_s2      3.00115      0.000    470  
  cop_0418_lp_s2      5.26691      0.000    240  
  cop_0419_lp_s2      6.92632      0.000    197  
  cop_0420_lp_s2      5.06156      0.000    272  
  cop_0421_lp_s2      3.37239      0.000    443  
  cop_0422_lp_s2      1.61273      0.000    976  
  cop_0423_lp_s2      1.79736      0.000    891  
  cop_0424_lp_s2      1.79054      0.000    892  
  cop_0425_lp_s2     11.53365      0.000     45  
  cop_0426_lp_s2      1.60108      0.000    975  
  cop_0427_lp_s2      5.52392      0.000    185  
  cop_0428_lp_s2      1.92196      0.000    860  
  cop_0429_lp_s2      1.64500      0.000    953  
  cop_0430_lp_s2      2.71151      0.000    558  
  cop_0431_lp_s2      2.18904      0.000    724  
  cop_0432_lp_s2      2.68127      0.000    618  
  cop_0433_lp_s2      3.28199      0.000    416  
  cop_0434_lp_s2      5.22046      0.000    300  
  cop_0435_lp_s2      1.63080      0.000    966  
  cop_0436_lp_s2      2.26868      0.000    740  
  cop_0437_lp_s2      1.40839      1.000      -  yes
  cop_0438_lp_s2      2.59677      0.000    606  
  cop_0439_lp_s2      2.18633      0.000    758  
  cop_0440_lp_s2      2.00074      0.000    813  
  cop_0441_lp_s2      2.53708      0.000    654  
  cop_0442_lp_s2      2.25505      0.000    721  
  cop_0443_lp_s2      2.00861      0.000    809  
  cop_0444_lp_s2      1.83327      0.000    876  
  cop_0445_lp_s2      2.58685      0.000    607  
  cop_0446_lp_s2     43.77839      0.000      4  
  cop_0447_lp_s2      3.43460      0.000    421  
  cop_0448_lp_s2      3.48830      0.000    396  
  cop_0449_lp_s2      5.81813      0.000    135  
  cop_0450_lp_s2      1.94510      0.000    830  
  cop_0451_lp_s2      3.30761      0.000    505  
  cop_0452_lp_s2      3.53476      0.000    422  
  cop_0453_lp_s2      2.46758      0.000    678  
  cop_0454_lp_s2      4.72021      0.000    263  
  cop_0455_lp_s2      7.06683      0.000    205  
  cop_0456_lp_s2      5.45317      0.000    274  
  cop_0457_lp_s2      1.62014      0.000    973  
  cop_0458_lp_s2      2.14451      0.000    775  
  cop_0459_lp_s2      2.04588      0.000    798  
  cop_0460_lp_s2      2.03073      0.000    812  
  cop_0461_lp_s2      8.45173      0.000     64  
  cop_0462_lp_s2      3.05508      0.000    489  
  cop_0463_lp_s2      3.34527      0.000    471  
  cop_0464_lp_s2      2.34054      0.000    708  
  cop_0465_lp_s2      2.32235      0.000    696  
  cop_0466_lp_s2      1.76697      0.000    901  
  cop_0467_lp_s2      2.35639      0.000    649  
  cop_0468_lp_s2      4.50516      0.000    251  
  cop_0469_lp_s2      1.95892      0.000    850  
  cop_0470_lp_s2      3.05493      0.000    518  
  cop_0471_lp_s2      3.43664      0.000    395  
  cop_0472_lp_s2      4.29546      0.000    378  
  cop_0473_lp_s2      3.15233      0.000    474  
  cop_0474_lp_s2      2.68385      0.000    592  
  cop_0475_lp_s2      4.93358      0.000    270  
  cop_0476_lp_s2      2.51748      0.000    619  
  cop_0477_lp_s2      1.77884      0.000    903  
  cop_0478_lp_s2      1.70124      0.000    929  
  cop_0479_lp_s2      2.15983      0.000    777  
  cop_0480_lp_s2      1.96130      0.000    836  
  cop_0481_lp_s2      2.03734      0.000    823  
  cop_0482_lp_s2      2.23747      0.000    741  
  cop_0483_lp_s2      3.20232      0.000    428  
  cop_0484_lp_s2      5.27311      0.000    252  
  cop_0485_lp_s2      4.47184      0.000    384  
  cop_0486_lp_s2     12.45228      0.000     99  
  cop_0487_lp_s2      7.50020      0.000    169  
  cop_0488_lp_s2      6.01399      0.000    208  
  cop_0489_lp_s2      2.57019      0.000    605  
  cop_0490_lp_s2      4.93324      0.000    288  
  cop_0491_lp_s2      7.16145      0.000    180  
  cop_0492_lp_s2      4.38873      0.000    338  
  cop_0493_lp_s2      3.43401      0.000    453  
  cop_0494_lp_s2      1.86022      0.000    881  
  cop_0495_lp_s2      3.59618      0.000    403  
  cop_0496_lp_s2      5.10027      0.000    237  
  cop_0497_lp_s2      2.59316      0.000    641  
  cop_0498_lp_s2      2.17217      0.000    759  
  cop_0499_lp_s2      3.42067      0.000    415  
  cop_0500_lp_s2      2.06185      0.000    815  
  cop_0501_lp_s2      2.21553      0.000    730  
  cop_0502_lp_s2      2.27917      0.000    722  
  cop_0503_lp_s2      1.93992      0.000    855  
  cop_0504_lp_s2      3.26093      0.000    399  
  cop_0505_lp_s2      3.00058      0.000    480  
  cop_0506_lp_s2      3.68816      0.000    401  
  cop_0507_lp_s2      2.96542      0.000    550  
  cop_0508_lp_s2      6.20867      0.000    203  
  cop_0509_lp_s2      2.18469      0.000    742  
  cop_0510_lp_s2      1.61445      0.000    965  
  cop_0511_lp_s2     21.50348      0.000     77  
  cop_0512_lp_s2      2.56065      0.000    627  
  cop_0513_lp_s2      2.19781      0.000    774  
  cop_0514_lp_s2      2.07616      0.000    802  
  cop_0515_lp_s2      3.31374      0.000    413  
  cop_0516_lp_s2      1.86435      0.000    880  
  cop_0517_lp_s2      6.13072      0.000    157  
  cop_0518_lp_s2      2.35558      0.000    699  
  cop_0519_lp_s2      1.53857      0.000    980  
  cop_0520_lp_s2      2.22964      0.000    757  
  cop_0521_lp_s2      4.51548      0.000    334  
  cop_0522_lp_s2      3.71044      0.000    363  
  cop_0523_lp_s2      1.92049      0.000    839  
  cop_0524_lp_s2      2.81104      0.000    565  
  cop_0525_lp_s2      2.02115      0.000    804  
  cop_0526_lp_s2      1.53379      0.000    983  
  cop_0527_lp_s2      1.63975      0.000    959  
  cop_0528_lp_s2      7.40040      0.000    116  
  cop_0529_lp_s2      2.26709      0.000    727  
  cop_0530_lp_s2      3.82023      0.000    371  
  cop_0531_lp_s2      2.10503      0.000    783  
  cop_0532_lp_s2      7.86995      0.000    150  
  cop_0533_lp_s2      1.69420      0.000    933  
  cop_0534_lp_s2      1.61085      0.000    970  
  cop_0535_lp_s2     10.74795      0.000    111  
  cop_0536_lp_s2      2.22826      0.000    717  
  cop_0537_lp_s2      4.31021      0.000    336  
  cop_0538_lp_s2      1.62053      0.000    968  
  cop_0539_lp_s2      4.51281      0.000    324  
  cop_0540_lp_s2      2.40728      0.000    662  
  cop_0541_lp_s2      2.72719      0.000    602  
  cop_0542_lp_s2      2.23703      0.000    709  
  cop_0543_lp_s2      3.53086      0.000    448  
  cop_0544_lp_s2      2.46406      0.000    682  
  cop_0545_lp_s2      2.84897      0.000    538  
  cop_0546_lp_s2      3.32434      0.000    397  
  cop_0547_lp_s2      3.09901      0.000    517  
  cop_0548_lp_s2     13.24220      0.000     49  
  cop_0549_lp_s2     78.01861      0.000      9  
  cop_0550_lp_s2      7.18174      0.000    132  
  cop_0551_lp_s2      4.75650      0.000    290  
  cop_0552_lp_s2      1.68010      0.000    948  
  cop_0553_lp_s2      1.90922      0.000    858  
  cop_0554_lp_s2      1.69743      0.000    923  
  cop_0555_lp_s2      2.22791      0.000    716  
  cop_0556_lp_s2      2.34944      0.000    683  
  cop_0557_lp_s2      4.90500      0.000    340  
  cop_0558_lp_s2     10.93509      0.000     92  
  cop_0559_lp_s2      4.07405      0.000    351  
  cop_0560_lp_s2      5.99623      0.000    213  
  cop_0561_lp_s2      2.59368      0.000    671  
  cop_0562_lp_s2     39.98676      0.000     16  
  cop_0563_lp_s2      4.53774      0.000    284  
  cop_0564_lp_s2      2.82880      0.000    573  
  cop_0565_lp_s2      3.36641      0.000    424  
  cop_0566_lp_s2      2.29759      0.000    700  
  cop_0567_lp_s2      7.70674      0.000    175  
  cop_0568_lp_s2      2.89202      0.000    519  
  cop_0569_lp_s2      4.51028      0.000    331  
  cop_0570_lp_s2      2.16670      0.000    747  
  cop_0571_lp_s2      2.52535      0.000    668  
  cop_0572_lp_s2     11.58899      0.000     62  
  cop_0573_lp_s2      5.11423      0.000    247  
  cop_0574_lp_s2      1.90516      0.000    856  
  cop_0575_lp_s2      2.16676      0.000    765  
  cop_0576_lp_s2      3.24847      0.000    457  
  cop_0577_lp_s2      1.90858      0.000    872  
  cop_0578_lp_s2      3.99368      0.000    368  
  cop_0579_lp_s2      9.13439      0.000     75  
  cop_0580_lp_s2      5.42476      0.000    216  
  cop_0581_lp_s2      2.94353      0.000    556  
  cop_0582_lp_s2      9.46585      0.000     73  
  cop_0583_lp_s2      6.70783      0.000    186  
  cop_0584_lp_s2      7.26914      0.000    115  
  cop_0585_lp_s2      3.98562      0.000    352  
  cop_0586_lp_s2      2.37757      0.000    686  
  cop_0587_lp_s2      3.68925      0.000    412  
  cop_0588_lp_s2      4.31750      0.000    299  
  cop_0589_lp_s2      4.66310      0.000    313  
  cop_0590_lp_s2      4.67870      0.000    267  
  cop_0591_lp_s2     19.06274      0.000     90  
  cop_0592_lp_s2      2.86814      0.000    536  
  cop_0593_lp_s2      1.49685      0.000    992  
  cop_0594_lp_s2      2.45155      0.000    664  
  cop_0595_lp_s2      3.11603      0.000    512  
  cop_0596_lp_s2      1.96833      0.000    843  
  cop_0597_lp_s2      2.12059      0.000    786  
  cop_0598_lp_s2      1.63744      0.000    960  
  cop_0599_lp_s2      2.74744      0.000    564  
  cop_0600_lp_s2      2.55987      0.000    636  
  cop_0601_lp_s2      3.41406      0.000    461  
  cop_0602_lp_s2      5.24320      0.000    266  
  cop_0603_lp_s2      4.67736      0.000    244  
  cop_0604_lp_s2      2.08801      0.000    787  
  cop_0605_lp_s2      5.33974      0.000    239  
  cop_0606_lp_s2      3.27950      0.000    458  
  cop_0607_lp_s2      7.71989      0.000    134  
  cop_0608_lp_s2      7.75424      0.000     98  
  cop_0609_lp_s2      7.15547      0.000    190  
  cop_0610_lp_s2      6.26478      0.000    259  
  cop_0611_lp_s2      3.13678      0.000    521  
  cop_0612_lp_s2      6.27072      0.000    142  
  cop_0613_lp_s2      3.92144      0.000    344  
  cop_0614_lp_s2      3.30836      0.000    450  
  cop_0615_lp_s2      1.81131      0.000    882  
  cop_0616_lp_s2      3.23528      0.000    459  
  cop_0617_lp_s2      2.70120      0.000    596  
  cop_0618_lp_s2      4.89701      0.000    303  
  cop_0619_lp_s2      2.63586      0.000    578  
  cop_0620_lp_s2      2.23234      0.000    739  
  cop_0621_lp_s2      5.76565      0.000    141  
  cop_0622_lp_s2      1.83943      0.000    888  
  cop_0623_lp_s2      3.80075      0.000    393  
  cop_0624_lp_s2      2.19047      0.000    746  
  cop_0625_lp_s2      2.35931      0.000    690  
  cop_0626_lp_s2     10.65486      0.000     84  
  cop_0627_lp_s2      2.79100      0.000    527  
  cop_0628_lp_s2      1.78636      0.000    904  
  cop_0629_lp_s2      2.11926      0.000    772  
  cop_0630_lp_s2      3.58258      0.000    406  
  cop_0631_lp_s2      2.58011      0.000    650  
  cop_0632_lp_s2      7.70927      0.000     88  
  cop_0633_lp_s2      2.59812      0.000    634  
  cop_0634_lp_s2      1.77746      0.000    896  
  cop_0635_lp_s2      2.25118      0.000    711  
  cop_0636_lp_s2      4.35343      0.000    305  
  cop_0637_lp_s2     28.01506      0.000     68  
  cop_0638_lp_s2      3.21398      0.000    479  
  cop_0639_lp_s2      2.97830      0.000    511  
  cop_0640_lp_s2      3.77467      0.000    386  
  cop_0641_lp_s2      2.46034      0.000    643  
  cop_0642_lp_s2      1.63874      0.000    958  
  cop_0643_lp_s2      2.13527      0.000    768  
  cop_0644_lp_s2      2.85783      0.000    549  
  cop_0645_lp_s2      2.88349      0.000    514  
  cop_0646_lp_s2      2.20148      0.000    737  
  cop_0647_lp_s2      2.23921      0.000    720  
  cop_0648_lp_s2    147.79439      0.000      2  
  cop_0649_lp_s2      3.16025      0.000    525  
  cop_0650_lp_s2      2.14492      0.000    773  
  cop_0651_lp_s2      4.26957      0.000    325  
  cop_0652_lp_s2      1.71669      0.000    916  
  cop_0653_lp_s2      2.61176      0.000    609  
  cop_0654_lp_s2      1.49647      0.000    991  
  cop_0655_lp_s2      7.24856      0.000     94  
  cop_0656_lp_s2      5.07183      0.000    181  
  cop_0657_lp_s2      8.93119      0.000     65  
  cop_0658_lp_s2      4.94638      0.000    277  
  cop_0659_lp_s2      3.64813      0.000    383  
  cop_0660_lp_s2      1.64012      0.000    956  
  cop_0661_lp_s2      1.71322      0.000    930  
  cop_0662_lp_s2      5.46647      0.000    162  
  cop_0663_lp_s2      4.11014      0.000    327  
  cop_0664_lp_s2      1.98505      0.000    817  
  cop_0665_lp_s2      1.62939      0.000    969  
  cop_0666_lp_s2      2.77134      0.000    563  
  cop_0667_lp_s2      2.55906      0.000    655  
  cop_0668_lp_s2      2.70434      0.000    594  
  cop_0669_lp_s2      4.44216      0.000    293  
  cop_0670_lp_s2     33.17758      0.000     32  
  cop_0671_lp_s2      3.00607      0.000    494  
  cop_0672_lp_s2      2.76446      0.000    540  
  cop_0673_lp_s2      1.93613      0.000    829  
  cop_0674_lp_s2      5.62244      0.000    226  
  cop_0675_lp_s2      7.00706      0.000    209  
  cop_0676_lp_s2      3.61451      0.000    392  
  cop_0677_lp_s2      7.82224      0.000    170  
  cop_0678_lp_s2      3.46777      0.000    385  
  cop_0679_lp_s2     46.77809      0.000     22  
  cop_0680_lp_s2      4.21446      0.000    271  
  cop_0681_lp_s2      5.51515      0.000    168  
  cop_0682_lp_s2      3.32228      0.000    417  
  cop_0683_lp_s2      1.97806      0.000    833  
  cop_0684_lp_s2      1.85143      0.000    871  
  cop_0685_lp_s2      2.01030      0.000    822  
  cop_0686_lp_s2      1.83454      0.000    878  
  cop_0687_lp_s2      5.79350      0.000    220  
  cop_0688_lp_s2      2.53272      0.000    645  
  cop_0689_lp_s2      2.09390      0.000    761  
  cop_0690_lp_s2     22.56426      0.000     33  
  cop_0691_lp_s2      1.72515      0.000    924  
  cop_0692_lp_s2      1.75978      0.000    908  
  cop_0693_lp_s2      3.42758      0.000    377  
  cop_0694_lp_s2      1.93772      0.000    831  
  cop_0695_lp_s2      8.35371      0.000     79  
  cop_0696_lp_s2      1.65612      0.000    952  
  cop_0697_lp_s2      1.96212      0.000    825  
  cop_0698_lp_s2      3.93311      0.000    382  
  cop_0699_lp_s2      7.25481      0.000    194  
  cop_0700_lp_s2      9.61788      0.000     80  
  cop_0701_lp_s2      6.99944      0.000    164  
  cop_0702_lp_s2      1.52319      0.000    984  
  cop_0703_lp_s2      3.13274      0.000    502  
  cop_0704_lp_s2     24.80263      0.000     60  
  cop_0705_lp_s2      2.65472      0.000    628  
  cop_0706_lp_s2      3.10564      0.000    499  
  cop_0707_lp_s2      2.19672      0.000    755  
  cop_0708_lp_s2      1.59122      0.000    977  
  cop_0709_lp_s2      7.84330      0.000    123  
  cop_0710_lp_s2      4.90729      0.000    317  
  cop_0711_lp_s2      2.20529      0.000    732  
  cop_0712_lp_s2      1.94576      0.000    842  
  cop_0713_lp_s2      2.43622      0.000    637  
  cop_0714_lp_s2      5.58153      0.000    273  
  cop_0715_lp_s2      1.91977      0.000    870  
  cop_0716_lp_s2      5.94679      0.000    231  
  cop_0717_lp_s2      1.45994      0.004    995  
  cop_0718_lp_s2      5.23913      0.000    218  
  cop_0719_lp_s2      3.28003      0.000    476  
  cop_0720_lp_s2      1.63957      0.000    964  
  cop_0721_lp_s2      5.16919      0.000    236  
  cop_0722_lp_s2      5.21711      0.000    286  
  cop_0723_lp_s2      2.81818      0.000    539  
  cop_0724_lp_s2      3.17037      0.000    456  
  cop_0725_lp_s2      2.01248      0.000    814  
  cop_0726_lp_s2      3.09324      0.000    524  
  cop_0727_lp_s2      1.91687      0.000    857  
  cop_0728_lp_s2      2.56648      0.000    646  
  cop_0729_lp_s2      2.41704      0.000    677  
  cop_0730_lp_s2      4.08945      0.000    297  
  cop_0731_lp_s2      2.03016      0.000    808  
  cop_0732_lp_s2      5.03103      0.000    241  
  cop_0733_lp_s2      3.67353      0.000    452  
  cop_0734_lp_s2      6.53482      0.000    138  
  cop_0735_lp_s2      2.32587      0.000    718  
  cop_0736_lp_s2      2.11494      0.000    797  
  cop_0737_lp_s2      9.42978      0.000     74  
  cop_0738_lp_s2      2.20641      0.000    735  
  cop_0739_lp_s2     14.48181      0.000     61  
  cop_0740_lp_s2      1.61989      0.000    972  
  cop_0741_lp_s2      2.02207      0.000    792  
  cop_0742_lp_s2      2.19472      0.000    763  
  cop_0743_lp_s2      3.92926      0.000    356  
  cop_0744_lp_s2      4.31580      0.000    269  
  cop_0745_lp_s2      3.86300      0.000    350  
  cop_0746_lp_s2      3.87065      0.000    355  
  cop_0747_lp_s2      6.19116      0.000    221  
  cop_0748_lp_s2      2.52488      0.000    657  
  cop_0749_lp_s2      2.92900      0.000    543  
  cop_0750_lp_s2      1.82528      0.000    883  
  cop_0751_lp_s2      1.66051      0.000    944  
  cop_0752_lp_s2      7.94335      0.000     85  
  cop_0753_lp_s2      3.64822      0.000    390  
  cop_0754_lp_s2      5.56953      0.000    189  
  cop_0755_lp_s2      4.43707      0.000    275  
  cop_0756_lp_s2      2.20471      0.000    762  
  cop_0757_lp_s2      2.67736      0.000    622  
  cop_0758_lp_s2      2.69255      0.000    545  
  cop_0759_lp_s2      3.46706      0.000    420  
  cop_0760_lp_s2      4.72422      0.000    326  
  cop_0761_lp_s2      3.76356      0.000    362  
  cop_0762_lp_s2      3.26593      0.000    486  
  cop_0763_lp_s2      2.10913      0.000    795  
  cop_0764_lp_s2      2.26457      0.000    760  
  cop_0765_lp_s2      2.67381      0.000    615  
  cop_0766_lp_s2      2.87137      0.000    561  
  cop_0767_lp_s2      6.61252      0.000    166  
  cop_0768_lp_s2    103.74205      0.000      5  
  cop_0769_lp_s2      2.30707      0.000    706  
  cop_0770_lp_s2      2.32841      0.000    685  
  cop_0771_lp_s2      3.76590      0.000    389  
  cop_0772_lp_s2      1.65685      0.000    946  
  cop_0773_lp_s2      1.52597      0.000    985  
  cop_0774_lp_s2      2.00382      0.000    832  
  cop_0775_lp_s2      3.87454      0.000    405  
  cop_0776_lp_s2      3.35424      0.000    473  
  cop_0777_lp_s2      1.73864      0.000    918  
  cop_0778_lp_s2      2.61176      0.000    633  
  cop_0779_lp_s2      1.98964      0.000    827  
  cop_0780_lp_s2      2.03175      0.000    816  
  cop_0781_lp_s2      4.07809      0.000    373  
  cop_0782_lp_s2      1.97740      0.000    810  
  cop_0783_lp_s2      7.51961      0.000    122  
  cop_0784_lp_s2      2.02452      0.000    828  
  cop_0785_lp_s2      7.51328      0.000    125  
  cop_0786_lp_s2      6.60013      0.000    262  
  cop_0787_lp_s2     22.05145      0.000     63  
  cop_0788_lp_s2      5.38881      0.000    280  
  cop_0789_lp_s2      3.06515      0.000    509  
  cop_0790_lp_s2      4.82096      0.000    285  
  cop_0791_lp_s2      3.33825      0.000    490  
  cop_0792_lp_s2      6.02884      0.000    187  
  cop_0793_lp_s2      2.48972      0.000    660  
  cop_0794_lp_s2      2.10529      0.000    767  
  cop_0795_lp_s2      2.84841      0.000    528  
  cop_0796_lp_s2      1.79469      0.000    895  
  cop_0797_lp_s2      3.69136      0.000    410  
  cop_0798_lp_s2      2.59823      0.000    659  
  cop_0799_lp_s2      3.27137      0.000    432  
  cop_0800_lp_s2      2.54469      0.000    639  
  cop_0801_lp_s2      1.58337      0.000    979  
  cop_0802_lp_s2      2.04652      0.000    803  
  cop_0803_lp_s2      1.84041      0.000    873  
  cop_0804_lp_s2      2.56051      0.000    626  
  cop_0805_lp_s2      2.47563      0.000    676  
  cop_0806_lp_s2      2.67964      0.000    584  
  cop_0807_lp_s2      2.99219      0.000    504  
  cop_0808_lp_s2      8.24516      0.000    201  
  cop_0809_lp_s2      8.91410      0.000    110  
  cop_0810_lp_s2      9.09223      0.000     58  
  cop_0811_lp_s2      7.55343      0.000    161  
  cop_0812_lp_s2      7.49093      0.000    173  
  cop_0813_lp_s2      5.11317      0.000    291  
  cop_0814_lp_s2      2.44749      0.000    629  
  cop_0815_lp_s2      4.04086      0.000    358  
  cop_0816_lp_s2     16.55489      0.000     28  
  cop_0817_lp_s2      2.28989      0.000    694  
  cop_0818_lp_s2      3.45799      0.000    467  
  cop_0819_lp_s2      5.31575      0.000    179  
  cop_0820_lp_s2      1.88491      0.000    867  
  cop_0821_lp_s2      2.40102      0.000    665  
  cop_0822_lp_s2      3.17088      0.000    446  
  cop_0823_lp_s2      7.69129      0.000     91  
  cop_0824_lp_s2      1.61298      0.000    974  
  cop_0825_lp_s2      2.49970      0.000    669  
  cop_0826_lp_s2      2.15230      0.000    778  
  cop_0827_lp_s2      2.15317      0.000    788  
  cop_0828_lp_s2      2.26253      0.000    703  
  cop_0829_lp_s2      3.73527      0.000    402  
  cop_0830_lp_s2      6.43107      0.000    102  
  cop_0831_lp_s2      5.12935      0.000    257  
  cop_0832_lp_s2      1.42906      0.281    999  yes
  cop_0833_lp_s2      5.60331      0.000    210  
  cop_0834_lp_s2      2.60005      0.000    644  
  cop_0835_lp_s2      6.67319      0.000    163  
  cop_0836_lp_s2      5.01443      0.000    206  
  cop_0837_lp_s2      5.36046      0.000    278  
  cop_0838_lp_s2      3.08862      0.000    487  
  cop_0839_lp_s2      5.05356      0.000    281  
  cop_0840_lp_s2      2.52558      0.000    631  
  cop_0841_lp_s2      2.06362      0.000    791  
  cop_0842_lp_s2      4.41604      0.000    322  
  cop_0843_lp_s2      2.33066      0.000    674  
  cop_0844_lp_s2      2.44863      0.000    625  
  cop_0845_lp_s2      6.39511      0.000    159  
  cop_0846_lp_s2      6.82915      0.000    171  
  cop_0847_lp_s2      6.32323      0.000    200  
  cop_0848_lp_s2      2.90172      0.000    591  
  cop_0849_lp_s2      1.94996      0.000    854  
  cop_0850_lp_s2      1.75817      0.000    905  
  cop_0851_lp_s2      4.31625      0.000    332  
  cop_0852_lp_s2      2.04481      0.000    800  
  cop_0853_lp_s2      2.34105      0.000    719  
  cop_0854_lp_s2      3.04462      0.000    513  
  cop_0855_lp_s2      2.46013      0.000    653  
  cop_0856_lp_s2      3.72323      0.000    408  
  cop_0857_lp_s2      4.04421      0.000    367  
  cop_0858_lp_s2      4.17228      0.000    347  
  cop_0859_lp_s2      1.81323      0.000    886  
  cop_0860_lp_s2      6.98364      0.000    128  
  cop_0861_lp_s2      2.43533      0.000    670  
  cop_0862_lp_s2      1.75223      0.000    911  
  cop_0863_lp_s2      2.29120      0.000    733  
  cop_0864_lp_s2      5.21313      0.000    233  
  cop_0865_lp_s2      9.98094      0.000    146  
  cop_0866_lp_s2      2.62212      0.000    632  
  cop_0867_lp_s2      2.12592      0.000    785  
  cop_0868_lp_s2      8.19152      0.000    109  
  cop_0869_lp_s2      6.54208      0.000    133  
  cop_0870_lp_s2     14.94914      0.000     21  
  cop_0871_lp_s2      1.81882      0.000    887  
  cop_0872_lp_s2      3.15990      0.000    503  
  cop_0873_lp_s2      6.96444      0.000    234  
  cop_0874_lp_s2      1.74785      0.000    913  
  cop_0875_lp_s2      1.93727      0.000    847  
  cop_0876_lp_s2      2.16644      0.000    766  
  cop_0877_lp_s2      3.20638      0.000    468  
  cop_0878_lp_s2      1.91161      0.000    865  
  cop_0879_lp_s2      2.10404      0.000    779  
  cop_0880_lp_s2      2.34833      0.000    702  
  cop_0881_lp_s2      3.50247      0.000    460  
  cop_0882_lp_s2      3.00977      0.000    506  
  cop_0883_lp_s2      7.94018      0.000     86  
  cop_0884_lp_s2      1.92158      0.000    845  
  cop_0885_lp_s2     18.13160      0.000     30  
  cop_0886_lp_s2      2.54990      0.000    595  
  cop_0887_lp_s2      8.44354      0.000    155  
  cop_0888_lp_s2      6.92241      0.000    167  
  cop_0889_lp_s2      1.97405      0.000    838  
  cop_0890_lp_s2     12.30825      0.000    126  
  cop_0891_lp_s2      2.61213      0.000    612  
  cop_0892_lp_s2      4.74306      0.000    335  
  cop_0893_lp_s2      3.38576      0.000    451  
  cop_0894_lp_s2      6.44280      0.000    143  
  cop_0895_lp_s2      2.58657      0.000    617  
  cop_0896_lp_s2      2.83027      0.000    553  
  cop_0897_lp_s2      1.65150      0.000    957  
  cop_0898_lp_s2      3.16826      0.000    495  
  cop_0899_lp_s2      1.94177      0.000    849  
  cop_0900_lp_s2     10.39230      0.000     48  
  cop_0901_lp_s2      2.76137      0.000    583  
  cop_0902_lp_s2      1.77163      0.000    909  
  cop_0903_lp_s2      4.79495      0.000    287  
  cop_0904_lp_s2      2.24894      0.000    707  
  cop_0905_lp_s2      1.43954      0.144    997  yes
  cop_0906_lp_s2      1.69983      0.000    931  
  cop_0907_lp_s2      6.21438      0.000    158  
  cop_0908_lp_s2      4.30010      0.000    308  
  cop_0909_lp_s2      4.79862      0.000    282  
  cop_0910_lp_s2      3.49263      0.000    462  
  cop_0911_lp_s2      1.91891      0.000    863  
  cop_0912_lp_s2      2.95235      0.000    535  
  cop_0913_lp_s2      1.77277      0.000    900  
  cop_0914_lp_s2      1.70806      0.000    932  
  cop_0915_lp_s2      2.68714      0.000    608  
  cop_0916_lp_s2      2.54280      0.000    635  
  cop_0917_lp_s2      1.52121      0.000    986  
  cop_0918_lp_s2     13.58018      0.000    114  
  cop_0919_lp_s2      6.55559      0.000    145  
  cop_0920_lp_s2      2.74825      0.000    566  
  cop_0921_lp_s2      3.15108      0.000    449  
  cop_0922_lp_s2      4.61458      0.000    341  
  cop_0923_lp_s2      2.70092      0.000    582  
  cop_0924_lp_s2    109.56236      0.000      6  
  cop_0925_lp_s2      2.50128      0.000    642  
  cop_0926_lp_s2     14.19905      0.000     54  
  cop_0927_lp_s2      6.98480      0.000    140  
  cop_0928_lp_s2     14.05133      0.000     37  
  cop_0929_lp_s2      6.18534      0.000    219  
  cop_0930_lp_s2      2.56026      0.000    616  
  cop_0931_lp_s2      1.52298      0.000    987  
  cop_0932_lp_s2      5.49252      0.000    202  
  cop_0933_lp_s2      2.65466      0.000    590  
  cop_0934_lp_s2      2.75935      0.000    559  
  cop_0935_lp_s2      2.28705      0.000    687  
  cop_0936_lp_s2      4.40753      0.000    309  
  cop_0937_lp_s2      2.37346      0.000    705  
  cop_0938_lp_s2      5.83731      0.000    258  
  cop_0939_lp_s2      4.30974      0.000    314  
  cop_0940_lp_s2      3.99935      0.000    329  
  cop_0941_lp_s2      2.95242      0.000    560  
  cop_0942_lp_s2     18.12312      0.000     39  
  cop_0943_lp_s2      2.63559      0.000    620  
  cop_0944_lp_s2      3.01350      0.000    478  
  cop_0945_lp_s2      6.76665      0.000    149  
  cop_0946_lp_s2      4.38999      0.000    301  
  cop_0947_lp_s2      3.05825      0.000    447  
  cop_0948_lp_s2      1.62805      0.000    963  
  cop_0949_lp_s2      9.55039      0.000    148  
  cop_0950_lp_s2      2.40210      0.000    673  
  cop_0951_lp_s2      2.72686      0.000    571  
  cop_0952_lp_s2      3.44297      0.000    455  
  cop_0953_lp_s2      6.06739      0.000    183  
  cop_0954_lp_s2      5.65116      0.000    207  
  cop_0955_lp_s2      3.28668      0.000    485  
  cop_0956_lp_s2      2.83170      0.000    557  
  cop_0957_lp_s2      2.88620      0.000    547  
  cop_0958_lp_s2     11.02181      0.000     29  
  cop_0959_lp_s2      2.60634      0.000    613  
  cop_0960_lp_s2      6.86257      0.000    195  
  cop_0961_lp_s2      4.42998      0.000    321  
  cop_0962_lp_s2      3.55669      0.000    394  
  cop_0963_lp_s2      2.17945      0.000    750  
  cop_0964_lp_s2      2.19737      0.000    715  
  cop_0965_lp_s2      6.94864      0.000    118  
  cop_0966_lp_s2      4.97982      0.000    256  
  cop_0967_lp_s2     15.71441      0.000     59  
  cop_0968_lp_s2      3.15132      0.000    532  
  cop_0969_lp_s2      1.95651      0.000    835  
  cop_0970_lp_s2      1.48017      0.000    993  
  cop_0971_lp_s2      2.01509      0.000    806  
  cop_0972_lp_s2      2.63641      0.000    630  
  cop_0973_lp_s2      3.15845      0.000    445  
  cop_0974_lp_s2      1.77243      0.000    897  
  cop_0975_lp_s2      4.22508      0.000    349  
  cop_0976_lp_s2      4.94397      0.000    283  
  cop_0977_lp_s2     15.01402      0.000     70  
  cop_0978_lp_s2      3.72333      0.000    404  
  cop_0979_lp_s2      2.82918      0.000    574  
  cop_0980_lp_s2      9.81207      0.000    103  
  cop_0981_lp_s2      8.20737      0.000    127  
  cop_0982_lp_s2      2.71495      0.000    552  
  cop_0983_lp_s2      3.48378      0.000    436  
  cop_0984_lp_s2      8.00804      0.000    184  
  cop_0985_lp_s2      4.79818      0.000    295  
  cop_0986_lp_s2      3.34397      0.000    463  
  cop_0987_lp_s2      4.01805      0.000    330  
  cop_0988_lp_s2      3.72351      0.000    434  
  cop_0989_lp_s2      6.39755      0.000    129  
  cop_0990_lp_s2      5.09342      0.000    268  
  cop_0991_lp_s2      2.88320      0.000    569  
  cop_0992_lp_s2      4.72454      0.000    253  
  cop_0993_lp_s2      2.64998      0.000    623  
  cop_0994_lp_s2      1.66615      0.000    951  
  cop_0995_lp_s2      2.68600      0.000    587  
  cop_0996_lp_s2      3.04860      0.000    477  
  cop_0997_lp_s2      7.56916      0.000    192  
  cop_0998_lp_s2      2.32519      0.000    704  
  cop_0999_lp_s2      3.46897      0.000    439  
  cop_1000_lp_s2      4.32255      0.000    348  
  eliminated, worst first: cop_0219_lp_s2 cop_0648_lp_s2 cop_0411_lp_s2 cop_0446_lp_s2 cop_0768_lp_s2 cop_0924_lp_s2 cop_0140_lp_s2 cop_0389_lp_s2 cop_0549_lp_s2 cop_0297_lp_s2 cop_0329_lp_s2 cop_0323_lp_s2 cop_0388_lp_s2 cop_0257_lp_s2 cop_0009_lp_s2 cop_0562_lp_s2 cop_0049_lp_s2 cop_0086_lp_s2 cop_0375_lp_s2 cop_0230_lp_s2 cop_0870_lp_s2 cop_0679_lp_s2 cop_0048_lp_s2 cop_0214_lp_s2 cop_0262_lp_s2 cop_0308_lp_s2 cop_0058_lp_s2 cop_0816_lp_s2 cop_0958_lp_s2 cop_0885_lp_s2 cop_0056_lp_s2 cop_0670_lp_s2 cop_0690_lp_s2 cop_0184_lp_s2 cop_0391_lp_s2 cop_0080_lp_s2 cop_0928_lp_s2 cop_0253_lp_s2 cop_0942_lp_s2 cop_0212_lp_s2 cop_0412_lp_s2 cop_0381_lp_s2 cop_0046_lp_s2 cop_0327_lp_s2 cop_0425_lp_s2 cop_0362_lp_s2 cop_0263_lp_s2 cop_0900_lp_s2 cop_0548_lp_s2 cop_0119_lp_s2 cop_0206_lp_s2 cop_0130_lp_s2 cop_0088_lp_s2 cop_0926_lp_s2 cop_0096_lp_s2 cop_0095_lp_s2 cop_0154_lp_s2 cop_0810_lp_s2 cop_0967_lp_s2 cop_0704_lp_s2 cop_0739_lp_s2 cop_0572_lp_s2 cop_0787_lp_s2 cop_0461_lp_s2 cop_0657_lp_s2 cop_0300_lp_s2 cop_0325_lp_s2 cop_0637_lp_s2 cop_0168_lp_s2 cop_0977_lp_s2 cop_0229_lp_s2 cop_0387_lp_s2 cop_0582_lp_s2 cop_0737_lp_s2 cop_0579_lp_s2 cop_0114_lp_s2 cop_0511_lp_s2 cop_0332_lp_s2 cop_0695_lp_s2 cop_0700_lp_s2 cop_0167_lp_s2 cop_0043_lp_s2 cop_0013_lp_s2 cop_0626_lp_s2 cop_0752_lp_s2 cop_0883_lp_s2 cop_0052_lp_s2 cop_0632_lp_s2 cop_0245_lp_s2 cop_0591_lp_s2 cop_0823_lp_s2 cop_0558_lp_s2 cop_0089_lp_s2 cop_0655_lp_s2 cop_0138_lp_s2 cop_0366_lp_s2 cop_0115_lp_s2 cop_0608_lp_s2 cop_0486_lp_s2 cop_0379_lp_s2 cop_0393_lp_s2 cop_0830_lp_s2 cop_0980_lp_s2 cop_0202_lp_s2 cop_0414_lp_s2 cop_0287_lp_s2 cop_0085_lp_s2 cop_0333_lp_s2 cop_0868_lp_s2 cop_0809_lp_s2 cop_0535_lp_s2 cop_0064_lp_s2 cop_0093_lp_s2 cop_0918_lp_s2 cop_0584_lp_s2 cop_0528_lp_s2 cop_0160_lp_s2 cop_0965_lp_s2 cop_0158_lp_s2 cop_0065_lp_s2 cop_0025_lp_s2 cop_0783_lp_s2 cop_0709_lp_s2 cop_0276_lp_s2 cop_0785_lp_s2 cop_0890_lp_s2 cop_0981_lp_s2 cop_0860_lp_s2 cop_0989_lp_s2 cop_0012_lp_s2 cop_0063_lp_s2 cop_0550_lp_s2 cop_0869_lp_s2 cop_0607_lp_s2 cop_0449_lp_s2 cop_0051_lp_s2 cop_0354_lp_s2 cop_0734_lp_s2 cop_0223_lp_s2 cop_0927_lp_s2 cop_0621_lp_s2 cop_0612_lp_s2 cop_0894_lp_s2 cop_0059_lp_s2 cop_0919_lp_s2 cop_0865_lp_s2 cop_0275_lp_s2 cop_0949_lp_s2 cop_0945_lp_s2 cop_0532_lp_s2 cop_0304_lp_s2 cop_0326_lp_s2 cop_0365_lp_s2 cop_0164_lp_s2 cop_0887_lp_s2 cop_0244_lp_s2 cop_0517_lp_s2 cop_0907_lp_s2 cop_0845_lp_s2 cop_0359_lp_s2 cop_0811_lp_s2 cop_0662_lp_s2 cop_0835_lp_s2 cop_0701_lp_s2 cop_0405_lp_s2 cop_0767_lp_s2 cop_0888_lp_s2 cop_0681_lp_s2 cop_0487_lp_s2 cop_0677_lp_s2 cop_0846_lp_s2 cop_0038_lp_s2 cop_0812_lp_s2 cop_0394_lp_s2 cop_0567_lp_s2 cop_0055_lp_s2 cop_0020_lp_s2 cop_0266_lp_s2 cop_0819_lp_s2 cop_0491_lp_s2 cop_0656_lp_s2 cop_0402_lp_s2 cop_0953_lp_s2 cop_0984_lp_s2 cop_0427_lp_s2 cop_0583_lp_s2 cop_0792_lp_s2 cop_0159_lp_s2 cop_0754_lp_s2 cop_0609_lp_s2 cop_0380_lp_s2 cop_0997_lp_s2 cop_0104_lp_s2 cop_0699_lp_s2 cop_0960_lp_s2 cop_0290_lp_s2 cop_0419_lp_s2 cop_0286_lp_s2 cop_0175_lp_s2 cop_0847_lp_s2 cop_0808_lp_s2 cop_0932_lp_s2 cop_0508_lp_s2 cop_0123_lp_s2 cop_0455_lp_s2 cop_0836_lp_s2 cop_0954_lp_s2 cop_0488_lp_s2 cop_0675_lp_s2 cop_0833_lp_s2 cop_0271_lp_s2 cop_0251_lp_s2 cop_0560_lp_s2 cop_0270_lp_s2 cop_0291_lp_s2 cop_0580_lp_s2 cop_0132_lp_s2 cop_0718_lp_s2 cop_0929_lp_s2 cop_0687_lp_s2 cop_0747_lp_s2 cop_0098_lp_s2 cop_0278_lp_s2 cop_0143_lp_s2 cop_0415_lp_s2 cop_0674_lp_s2 cop_0178_lp_s2 cop_0217_lp_s2 cop_0021_lp_s2 cop_0122_lp_s2 cop_0716_lp_s2 cop_0188_lp_s2 cop_0864_lp_s2 cop_0873_lp_s2 cop_0153_lp_s2 cop_0721_lp_s2 cop_0496_lp_s2 cop_0385_lp_s2 cop_0605_lp_s2 cop_0418_lp_s2 cop_0732_lp_s2 cop_0209_lp_s2 cop_0303_lp_s2 cop_0603_lp_s2 cop_0163_lp_s2 cop_0111_lp_s2 cop_0573_lp_s2 cop_0404_lp_s2 cop_0084_lp_s2 cop_0360_lp_s2 cop_0468_lp_s2 cop_0484_lp_s2 cop_0992_lp_s2 cop_0315_lp_s2 cop_0328_lp_s2 cop_0966_lp_s2 cop_0831_lp_s2 cop_0938_lp_s2 cop_0610_lp_s2 cop_0279_lp_s2 cop_0029_lp_s2 cop_0786_lp_s2 cop_0454_lp_s2 cop_0034_lp_s2 cop_0283_lp_s2 cop_0602_lp_s2 cop_0590_lp_s2 cop_0990_lp_s2 cop_0744_lp_s2 cop_0475_lp_s2 cop_0680_lp_s2 cop_0420_lp_s2 cop_0714_lp_s2 cop_0456_lp_s2 cop_0755_lp_s2 cop_0311_lp_s2 cop_0658_lp_s2 cop_0837_lp_s2 cop_0215_lp_s2 cop_0788_lp_s2 cop_0839_lp_s2 cop_0909_lp_s2 cop_0976_lp_s2 cop_0563_lp_s2 cop_0790_lp_s2 cop_0722_lp_s2 cop_0903_lp_s2 cop_0490_lp_s2 cop_0342_lp_s2 cop_0551_lp_s2 cop_0813_lp_s2 cop_0129_lp_s2 cop_0669_lp_s2 cop_0322_lp_s2 cop_0985_lp_s2 cop_0273_lp_s2 cop_0730_lp_s2 cop_0305_lp_s2 cop_0588_lp_s2 cop_0434_lp_s2 cop_0946_lp_s2 cop_0307_lp_s2 cop_0618_lp_s2 cop_0406_lp_s2 cop_0636_lp_s2 cop_0384_lp_s2 cop_0242_lp_s2 cop_0908_lp_s2 cop_0936_lp_s2 cop_0235_lp_s2 cop_0041_lp_s2 cop_0092_lp_s2 cop_0589_lp_s2 cop_0939_lp_s2 cop_0370_lp_s2 cop_0190_lp_s2 cop_0710_lp_s2 cop_0015_lp_s2 cop_0261_lp_s2 cop_0295_lp_s2 cop_0961_lp_s2 cop_0842_lp_s2 cop_0208_lp_s2 cop_0539_lp_s2 cop_0651_lp_s2 cop_0760_lp_s2 cop_0663_lp_s2 cop_0077_lp_s2 cop_0940_lp_s2 cop_0987_lp_s2 cop_0569_lp_s2 cop_0851_lp_s2 cop_0324_lp_s2 cop_0521_lp_s2 cop_0892_lp_s2 cop_0537_lp_s2 cop_0398_lp_s2 cop_0492_lp_s2 cop_0376_lp_s2 cop_0557_lp_s2 cop_0922_lp_s2 cop_0026_lp_s2 cop_0238_lp_s2 cop_0613_lp_s2 cop_0146_lp_s2 cop_0090_lp_s2 cop_0858_lp_s2 cop_1000_lp_s2 cop_0975_lp_s2 cop_0745_lp_s2 cop_0559_lp_s2 cop_0585_lp_s2 cop_0372_lp_s2 cop_0233_lp_s2 cop_0746_lp_s2 cop_0743_lp_s2 cop_0259_lp_s2 cop_0815_lp_s2 cop_0344_lp_s2 cop_0341_lp_s2 cop_0074_lp_s2 cop_0761_lp_s2 cop_0522_lp_s2 cop_0301_lp_s2 cop_0198_lp_s2 cop_0340_lp_s2 cop_0857_lp_s2 cop_0578_lp_s2 cop_0033_lp_s2 cop_0014_lp_s2 cop_0530_lp_s2 cop_0330_lp_s2 cop_0781_lp_s2 cop_0296_lp_s2 cop_0137_lp_s2 cop_0383_lp_s2 cop_0693_lp_s2 cop_0472_lp_s2 cop_0416_lp_s2 cop_0018_lp_s2 cop_0409_lp_s2 cop_0698_lp_s2 cop_0659_lp_s2 cop_0485_lp_s2 cop_0678_lp_s2 cop_0640_lp_s2 cop_0224_lp_s2 cop_0216_lp_s2 cop_0771_lp_s2 cop_0753_lp_s2 cop_0222_lp_s2 cop_0676_lp_s2 cop_0623_lp_s2 cop_0962_lp_s2 cop_0471_lp_s2 cop_0448_lp_s2 cop_0546_lp_s2 cop_0197_lp_s2 cop_0504_lp_s2 cop_0177_lp_s2 cop_0506_lp_s2 cop_0829_lp_s2 cop_0495_lp_s2 cop_0978_lp_s2 cop_0775_lp_s2 cop_0630_lp_s2 cop_0203_lp_s2 cop_0856_lp_s2 cop_0149_lp_s2 cop_0797_lp_s2 cop_0028_lp_s2 cop_0587_lp_s2 cop_0515_lp_s2 cop_0110_lp_s2 cop_0499_lp_s2 cop_0433_lp_s2 cop_0682_lp_s2 cop_0116_lp_s2 cop_0075_lp_s2 cop_0759_lp_s2 cop_0447_lp_s2 cop_0452_lp_s2 cop_0272_lp_s2 cop_0565_lp_s2 cop_0192_lp_s2 cop_0331_lp_s2 cop_0189_lp_s2 cop_0483_lp_s2 cop_0357_lp_s2 cop_0345_lp_s2 cop_0358_lp_s2 cop_0799_lp_s2 cop_0371_lp_s2 cop_0988_lp_s2 cop_0407_lp_s2 cop_0983_lp_s2 cop_0309_lp_s2 cop_0246_lp_s2 cop_0999_lp_s2 cop_0234_lp_s2 cop_0060_lp_s2 cop_0155_lp_s2 cop_0421_lp_s2 cop_0195_lp_s2 cop_0973_lp_s2 cop_0822_lp_s2 cop_0947_lp_s2 cop_0543_lp_s2 cop_0921_lp_s2 cop_0614_lp_s2 cop_0893_lp_s2 cop_0733_lp_s2 cop_0493_lp_s2 cop_0010_lp_s2 cop_0952_lp_s2 cop_0724_lp_s2 cop_0576_lp_s2 cop_0606_lp_s2 cop_0616_lp_s2 cop_0881_lp_s2 cop_0601_lp_s2 cop_0910_lp_s2 cop_0986_lp_s2 cop_0248_lp_s2 cop_0210_lp_s2 cop_0141_lp_s2 cop_0818_lp_s2 cop_0877_lp_s2 cop_0174_lp_s2 cop_0417_lp_s2 cop_0463_lp_s2 cop_0363_lp_s2 cop_0776_lp_s2 cop_0473_lp_s2 cop_0181_lp_s2 cop_0719_lp_s2 cop_0996_lp_s2 cop_0944_lp_s2 cop_0638_lp_s2 cop_0505_lp_s2 cop_0128_lp_s2 cop_0247_lp_s2 cop_0336_lp_s2 cop_0258_lp_s2 cop_0955_lp_s2 cop_0762_lp_s2 cop_0838_lp_s2 cop_0053_lp_s2 cop_0462_lp_s2 cop_0791_lp_s2 cop_0108_lp_s2 cop_0264_lp_s2 cop_0260_lp_s2 cop_0671_lp_s2 cop_0898_lp_s2 cop_0294_lp_s2 cop_0083_lp_s2 cop_0113_lp_s2 cop_0706_lp_s2 cop_0071_lp_s2 cop_0073_lp_s2 cop_0703_lp_s2 cop_0872_lp_s2 cop_0807_lp_s2 cop_0451_lp_s2 cop_0882_lp_s2 cop_0045_lp_s2 cop_0314_lp_s2 cop_0789_lp_s2 cop_0280_lp_s2 cop_0639_lp_s2 cop_0595_lp_s2 cop_0854_lp_s2 cop_0645_lp_s2 cop_0144_lp_s2 cop_0124_lp_s2 cop_0547_lp_s2 cop_0470_lp_s2 cop_0568_lp_s2 cop_0373_lp_s2 cop_0611_lp_s2 cop_0313_lp_s2 cop_0401_lp_s2 cop_0726_lp_s2 cop_0649_lp_s2 cop_0221_lp_s2 cop_0627_lp_s2 cop_0795_lp_s2 cop_0007_lp_s2 cop_0352_lp_s2 cop_0392_lp_s2 cop_0968_lp_s2 cop_0225_lp_s2 cop_0151_lp_s2 cop_0912_lp_s2 cop_0592_lp_s2 cop_0042_lp_s2 cop_0545_lp_s2 cop_0723_lp_s2 cop_0672_lp_s2 cop_0218_lp_s2 cop_0318_lp_s2 cop_0749_lp_s2 cop_0293_lp_s2 cop_0758_lp_s2 cop_0237_lp_s2 cop_0957_lp_s2 cop_0339_lp_s2 cop_0644_lp_s2 cop_0507_lp_s2 cop_0284_lp_s2 cop_0982_lp_s2 cop_0896_lp_s2 cop_0023_lp_s2 cop_0019_lp_s2 cop_0581_lp_s2 cop_0956_lp_s2 cop_0430_lp_s2 cop_0934_lp_s2 cop_0941_lp_s2 cop_0766_lp_s2 cop_0002_lp_s2 cop_0666_lp_s2 cop_0599_lp_s2 cop_0524_lp_s2 cop_0920_lp_s2 cop_0310_lp_s2 cop_0039_lp_s2 cop_0991_lp_s2 cop_0403_lp_s2 cop_0951_lp_s2 cop_0196_lp_s2 cop_0564_lp_s2 cop_0979_lp_s2 cop_0001_lp_s2 cop_0204_lp_s2 cop_0395_lp_s2 cop_0619_lp_s2 cop_0250_lp_s2 cop_0319_lp_s2 cop_0355_lp_s2 cop_0923_lp_s2 cop_0901_lp_s2 cop_0806_lp_s2 cop_0292_lp_s2 cop_0199_lp_s2 cop_0995_lp_s2 cop_0316_lp_s2 cop_0017_lp_s2 cop_0933_lp_s2 cop_0848_lp_s2 cop_0474_lp_s2 cop_0035_lp_s2 cop_0668_lp_s2 cop_0886_lp_s2 cop_0617_lp_s2 cop_0022_lp_s2 cop_0386_lp_s2 cop_0127_lp_s2 cop_0268_lp_s2 cop_0282_lp_s2 cop_0541_lp_s2 cop_0109_lp_s2 cop_0131_lp_s2 cop_0489_lp_s2 cop_0438_lp_s2 cop_0445_lp_s2 cop_0915_lp_s2 cop_0653_lp_s2 cop_0067_lp_s2 cop_0193_lp_s2 cop_0891_lp_s2 cop_0959_lp_s2 cop_0180_lp_s2 cop_0765_lp_s2 cop_0930_lp_s2 cop_0895_lp_s2 cop_0432_lp_s2 cop_0476_lp_s2 cop_0943_lp_s2 cop_0003_lp_s2 cop_0757_lp_s2 cop_0993_lp_s2 cop_0170_lp_s2 cop_0844_lp_s2 cop_0804_lp_s2 cop_0512_lp_s2 cop_0705_lp_s2 cop_0814_lp_s2 cop_0972_lp_s2 cop_0840_lp_s2 cop_0866_lp_s2 cop_0778_lp_s2 cop_0633_lp_s2 cop_0916_lp_s2 cop_0600_lp_s2 cop_0713_lp_s2 cop_0182_lp_s2 cop_0800_lp_s2 cop_0378_lp_s2 cop_0497_lp_s2 cop_0925_lp_s2 cop_0641_lp_s2 cop_0834_lp_s2 cop_0688_lp_s2 cop_0728_lp_s2 cop_0289_lp_s2 cop_0076_lp_s2 cop_0467_lp_s2 cop_0631_lp_s2 cop_0062_lp_s2 cop_0408_lp_s2 cop_0855_lp_s2 cop_0441_lp_s2 cop_0667_lp_s2 cop_0277_lp_s2 cop_0748_lp_s2 cop_0099_lp_s2 cop_0798_lp_s2 cop_0793_lp_s2 cop_0082_lp_s2 cop_0540_lp_s2 cop_0382_lp_s2 cop_0594_lp_s2 cop_0821_lp_s2 cop_0069_lp_s2 cop_0101_lp_s2 cop_0571_lp_s2 cop_0825_lp_s2 cop_0861_lp_s2 cop_0561_lp_s2 cop_0243_lp_s2 cop_0950_lp_s2 cop_0843_lp_s2 cop_0133_lp_s2 cop_0805_lp_s2 cop_0729_lp_s2 cop_0453_lp_s2 cop_0179_lp_s2 cop_0288_lp_s2 cop_0081_lp_s2 cop_0544_lp_s2 cop_0556_lp_s2 cop_0185_lp_s2 cop_0770_lp_s2 cop_0586_lp_s2 cop_0935_lp_s2 cop_0194_lp_s2 cop_0306_lp_s2 cop_0625_lp_s2 cop_0162_lp_s2 cop_0265_lp_s2 cop_0232_lp_s2 cop_0817_lp_s2 cop_0239_lp_s2 cop_0465_lp_s2 cop_0176_lp_s2 cop_0027_lp_s2 cop_0518_lp_s2 cop_0566_lp_s2 cop_0008_lp_s2 cop_0880_lp_s2 cop_0828_lp_s2 cop_0998_lp_s2 cop_0937_lp_s2 cop_0769_lp_s2 cop_0904_lp_s2 cop_0464_lp_s2 cop_0542_lp_s2 cop_0400_lp_s2 cop_0635_lp_s2 cop_0150_lp_s2 cop_0201_lp_s2 cop_0252_lp_s2 cop_0964_lp_s2 cop_0555_lp_s2 cop_0536_lp_s2 cop_0735_lp_s2 cop_0853_lp_s2 cop_0647_lp_s2 cop_0442_lp_s2 cop_0502_lp_s2 cop_0068_lp_s2 cop_0431_lp_s2 cop_0267_lp_s2 cop_0135_lp_s2 cop_0529_lp_s2 cop_0006_lp_s2 cop_0249_lp_s2 cop_0501_lp_s2 cop_0187_lp_s2 cop_0711_lp_s2 cop_0863_lp_s2 cop_0227_lp_s2 cop_0738_lp_s2 cop_0334_lp_s2 cop_0646_lp_s2 cop_0126_lp_s2 cop_0620_lp_s2 cop_0436_lp_s2 cop_0482_lp_s2 cop_0509_lp_s2 cop_0005_lp_s2 cop_0125_lp_s2 cop_0072_lp_s2 cop_0624_lp_s2 cop_0570_lp_s2 cop_0312_lp_s2 cop_0200_lp_s2 cop_0963_lp_s2 cop_0105_lp_s2 cop_0254_lp_s2 cop_0040_lp_s2 cop_0228_lp_s2 cop_0707_lp_s2 cop_0236_lp_s2 cop_0520_lp_s2 cop_0439_lp_s2 cop_0498_lp_s2 cop_0764_lp_s2 cop_0689_lp_s2 cop_0756_lp_s2 cop_0742_lp_s2 cop_0016_lp_s2 cop_0575_lp_s2 cop_0876_lp_s2 cop_0794_lp_s2 cop_0643_lp_s2 cop_0078_lp_s2 cop_0350_lp_s2 cop_0346_lp_s2 cop_0629_lp_s2 cop_0650_lp_s2 cop_0513_lp_s2 cop_0458_lp_s2 cop_0171_lp_s2 cop_0479_lp_s2 cop_0826_lp_s2 cop_0879_lp_s2 cop_0097_lp_s2 cop_0120_lp_s2 cop_0161_lp_s2 cop_0531_lp_s2 cop_0207_lp_s2 cop_0867_lp_s2 cop_0597_lp_s2 cop_0604_lp_s2 cop_0827_lp_s2 cop_0118_lp_s2 cop_0024_lp_s2 cop_0841_lp_s2 cop_0741_lp_s2 cop_0152_lp_s2 cop_0274_lp_s2 cop_0763_lp_s2 cop_0103_lp_s2 cop_0736_lp_s2 cop_0459_lp_s2 cop_0321_lp_s2 cop_0852_lp_s2 cop_0377_lp_s2 cop_0514_lp_s2 cop_0802_lp_s2 cop_0525_lp_s2 cop_0091_lp_s2 cop_0971_lp_s2 cop_0364_lp_s2 cop_0731_lp_s2 cop_0443_lp_s2 cop_0782_lp_s2 cop_0061_lp_s2 cop_0460_lp_s2 cop_0440_lp_s2 cop_0725_lp_s2 cop_0500_lp_s2 cop_0780_lp_s2 cop_0664_lp_s2 cop_0361_lp_s2 cop_0256_lp_s2 cop_0337_lp_s2 cop_0169_lp_s2 cop_0685_lp_s2 cop_0481_lp_s2 cop_0037_lp_s2 cop_0697_lp_s2 cop_0112_lp_s2 cop_0779_lp_s2 cop_0784_lp_s2 cop_0673_lp_s2 cop_0450_lp_s2 cop_0694_lp_s2 cop_0774_lp_s2 cop_0683_lp_s2 cop_0087_lp_s2 cop_0969_lp_s2 cop_0480_lp_s2 cop_0186_lp_s2 cop_0889_lp_s2 cop_0523_lp_s2 cop_0390_lp_s2 cop_0066_lp_s2 cop_0712_lp_s2 cop_0596_lp_s2 cop_0220_lp_s2 cop_0884_lp_s2 cop_0147_lp_s2 cop_0875_lp_s2 cop_0094_lp_s2 cop_0899_lp_s2 cop_0469_lp_s2 cop_0165_lp_s2 cop_0302_lp_s2 cop_0134_lp_s2 cop_0849_lp_s2 cop_0503_lp_s2 cop_0574_lp_s2 cop_0727_lp_s2 cop_0553_lp_s2 cop_0335_lp_s2 cop_0428_lp_s2 cop_0156_lp_s2 cop_0050_lp_s2 cop_0911_lp_s2 cop_0299_lp_s2 cop_0878_lp_s2 cop_0343_lp_s2 cop_0820_lp_s2 cop_0070_lp_s2 cop_0368_lp_s2 cop_0715_lp_s2 cop_0684_lp_s2 cop_0577_lp_s2 cop_0803_lp_s2 cop_0011_lp_s2 cop_0030_lp_s2 cop_0444_lp_s2 cop_0349_lp_s2 cop_0686_lp_s2 cop_0173_lp_s2 cop_0516_lp_s2 cop_0494_lp_s2 cop_0615_lp_s2 cop_0750_lp_s2 cop_0374_lp_s2 cop_0369_lp_s2 cop_0859_lp_s2 cop_0871_lp_s2 cop_0622_lp_s2 cop_0399_lp_s2 cop_0226_lp_s2 cop_0423_lp_s2 cop_0424_lp_s2 cop_0413_lp_s2 cop_0396_lp_s2 cop_0796_lp_s2 cop_0634_lp_s2 cop_0974_lp_s2 cop_0353_lp_s2 cop_0107_lp_s2 cop_0913_lp_s2 cop_0466_lp_s2 cop_0145_lp_s2 cop_0477_lp_s2 cop_0628_lp_s2 cop_0850_lp_s2 cop_0004_lp_s2 cop_0367_lp_s2 cop_0692_lp_s2 cop_0902_lp_s2 cop_0338_lp_s2 cop_0862_lp_s2 cop_0255_lp_s2 cop_0874_lp_s2 cop_0397_lp_s2 cop_0317_lp_s2 cop_0652_lp_s2 cop_0348_lp_s2 cop_0777_lp_s2 cop_0351_lp_s2 cop_0117_lp_s2 cop_0213_lp_s2 cop_0057_lp_s2 cop_0554_lp_s2 cop_0691_lp_s2 cop_0121_lp_s2 cop_0281_lp_s2 cop_0320_lp_s2 cop_0157_lp_s2 cop_0478_lp_s2 cop_0661_lp_s2 cop_0906_lp_s2 cop_0914_lp_s2 cop_0533_lp_s2 cop_0079_lp_s2 cop_0183_lp_s2 cop_0139_lp_s2 cop_0047_lp_s2 cop_0102_lp_s2 cop_0032_lp_s2 cop_0240_lp_s2 cop_0100_lp_s2 cop_0298_lp_s2 cop_0211_lp_s2 cop_0751_lp_s2 cop_0136_lp_s2 cop_0772_lp_s2 cop_0269_lp_s2 cop_0552_lp_s2 cop_0054_lp_s2 cop_0172_lp_s2 cop_0994_lp_s2 cop_0696_lp_s2 cop_0429_lp_s2 cop_0044_lp_s2 cop_0166_lp_s2 cop_0660_lp_s2 cop_0897_lp_s2 cop_0642_lp_s2 cop_0527_lp_s2 cop_0598_lp_s2 cop_0106_lp_s2 cop_0031_lp_s2 cop_0948_lp_s2 cop_0720_lp_s2 cop_0510_lp_s2 cop_0435_lp_s2 cop_0205_lp_s2 cop_0538_lp_s2 cop_0665_lp_s2 cop_0534_lp_s2 cop_0231_lp_s2 cop_0740_lp_s2 cop_0457_lp_s2 cop_0824_lp_s2 cop_0426_lp_s2 cop_0422_lp_s2 cop_0708_lp_s2 cop_0285_lp_s2 cop_0801_lp_s2 cop_0519_lp_s2 cop_0036_lp_s2 cop_0142_lp_s2 cop_0526_lp_s2 cop_0702_lp_s2 cop_0773_lp_s2 cop_0917_lp_s2 cop_0931_lp_s2 cop_0241_lp_s2 cop_0347_lp_s2 cop_0148_lp_s2 cop_0654_lp_s2 cop_0593_lp_s2 cop_0970_lp_s2 cop_0410_lp_s2 cop_0717_lp_s2 cop_0356_lp_s2
  set decided by an accepted test: yes, in round 997 of 999 (p = 0.144 against alpha = 0.050)
  from round 997 on every model dropped is still in the set; those rounds run only to give it its MCS p-value
