MCS_TR against MCS_TMAX on montecarlo/out/lp_irf_loss_s1.csv
1000 configurations, 999 replicates each
shared: alpha = 0.050, 10000 resamples, block length 1, bootstrap variance, seed 123, stream 0

Both statistics are scored on the same resamples, drawn once and reused in every round.

statistic  set size  decided by an accepted test  deciding round  last p-value  seconds
MCS_TR            1                           no               0        0.0000      5.1
MCS_TMAX          1                           no               0        0.0000      7.3

sets
  in both sets 1, only in MCS_TR's 0, only in MCS_TMAX's 0
  largest difference between the two MCS p-values of one configuration 0.0000

elimination rounds, the configuration left at the end counted as round 1000
  Spearman rank correlation between the two orders 0.9690
  absolute difference in round: median 31, 90th percentile 125, largest 335

the 10 configurations MCS_TR eliminated last, with where MCS_TMAX put them
  configuration  mean loss  MCS_TR round  MCS_TR p  MCS_TMAX round  MCS_TMAX p
  cop_0191_lp_s1  1.33592  1000  1.0000  1000  1.0000
  cop_0717_lp_s1  1.42645  999  0.0000  999  0.0000
  cop_0519_lp_s1  1.44249  998  0.0000  998  0.0000
  cop_0437_lp_s1  1.44145  997  0.0000  997  0.0000
  cop_0931_lp_s1  1.47249  996  0.0000  996  0.0000
  cop_0534_lp_s1  1.48779  995  0.0000  993  0.0000
  cop_0702_lp_s1  1.48159  994  0.0000  995  0.0000
  cop_0410_lp_s1  1.48082  993  0.0000  994  0.0000
  cop_0148_lp_s1  1.49648  992  0.0000  992  0.0000
  cop_0917_lp_s1  1.50037  991  0.0000  991  0.0000


  sample    999 observations, 1000 models
  statistic TR, every pairwise contrast
  test      alpha = 0.050, 10000 moving-block resamples of 1 observations
  variance  bootstrap variance of the resampled mean
  stream    seed 123, stream 0

MCS over state-dependent local projection impulse-response MAE, state 1 (lags times 1 - F), MCS_TR statistic
  model             mean loss      MCS p  round  in set
  cop_0001_lp_s1      2.50816      0.000    572  
  cop_0002_lp_s1      2.37878      0.000    719  
  cop_0003_lp_s1      2.52545      0.000    718  
  cop_0004_lp_s1      1.74641      0.000    900  
  cop_0005_lp_s1      1.91948      0.000    828  
  cop_0006_lp_s1      2.16187      0.000    749  
  cop_0007_lp_s1      3.17240      0.000    567  
  cop_0008_lp_s1      2.35012      0.000    700  
  cop_0009_lp_s1     19.67528      0.000     12  
  cop_0010_lp_s1      2.89447      0.000    629  
  cop_0011_lp_s1      1.77012      0.000    896  
  cop_0012_lp_s1      7.53152      0.000    208  
  cop_0013_lp_s1      8.05694      0.000     46  
  cop_0014_lp_s1      3.64885      0.000    285  
  cop_0015_lp_s1      4.26649      0.000    219  
  cop_0016_lp_s1      1.92712      0.000    855  
  cop_0017_lp_s1      2.63714      0.000    674  
  cop_0018_lp_s1      4.25156      0.000    156  
  cop_0019_lp_s1      2.63283      0.000    677  
  cop_0020_lp_s1      6.46241      0.000    197  
  cop_0021_lp_s1      5.47976      0.000    464  
  cop_0022_lp_s1      2.44434      0.000    619  
  cop_0023_lp_s1      2.72175      0.000    395  
  cop_0024_lp_s1      1.88836      0.000    898  
  cop_0025_lp_s1      6.67746      0.000    117  
  cop_0026_lp_s1      5.21486      0.000    322  
  cop_0027_lp_s1      2.34567      0.000    729  
  cop_0028_lp_s1      3.62534      0.000    520  
  cop_0029_lp_s1      5.03073      0.000    368  
  cop_0030_lp_s1      1.82823      0.000    870  
  cop_0031_lp_s1      1.64093      0.000    951  
  cop_0032_lp_s1      1.85291      0.000    848  
  cop_0033_lp_s1      3.72855      0.000    440  
  cop_0034_lp_s1      5.28779      0.000    420  
  cop_0035_lp_s1      2.46207      0.000    651  
  cop_0036_lp_s1      1.72206      0.000    893  
  cop_0037_lp_s1      1.91360      0.000    864  
  cop_0038_lp_s1      7.90676      0.000    234  
  cop_0039_lp_s1      2.64237      0.000    575  
  cop_0040_lp_s1      2.16604      0.000    750  
  cop_0041_lp_s1      4.61933      0.000    221  
  cop_0042_lp_s1      3.34939      0.000    380  
  cop_0043_lp_s1      8.61313      0.000     39  
  cop_0044_lp_s1      1.62724      0.000    952  
  cop_0045_lp_s1      3.14155      0.000    664  
  cop_0046_lp_s1     11.91656      0.000     21  
  cop_0047_lp_s1      1.63489      0.000    949  
  cop_0048_lp_s1     17.97169      0.000     32  
  cop_0049_lp_s1     28.65559      0.000     51  
  cop_0050_lp_s1      1.88352      0.000    859  
  cop_0051_lp_s1      8.88128      0.000     88  
  cop_0052_lp_s1     11.98288      0.000    230  
  cop_0053_lp_s1      2.98110      0.000    429  
  cop_0054_lp_s1      1.60982      0.000    975  
  cop_0055_lp_s1      7.24824      0.000    136  
  cop_0056_lp_s1     14.97330      0.000     17  
  cop_0057_lp_s1      1.74187      0.000    919  
  cop_0058_lp_s1     25.73220      0.000    102  
  cop_0059_lp_s1      5.93047      0.000    109  
  cop_0060_lp_s1      3.17821      0.000    427  
  cop_0061_lp_s1      2.01378      0.000    817  
  cop_0062_lp_s1      2.43185      0.000    687  
  cop_0063_lp_s1      7.00472      0.000    206  
  cop_0064_lp_s1      6.15295      0.000     34  
  cop_0065_lp_s1      7.43912      0.000     80  
  cop_0066_lp_s1      1.89444      0.000    842  
  cop_0067_lp_s1      2.49429      0.000    635  
  cop_0068_lp_s1      2.15040      0.000    676  
  cop_0069_lp_s1      2.46493      0.000    612  
  cop_0070_lp_s1      1.76338      0.000    922  
  cop_0071_lp_s1      3.10690      0.000    233  
  cop_0072_lp_s1      2.03875      0.000    795  
  cop_0073_lp_s1      3.03386      0.000    538  
  cop_0074_lp_s1      5.01673      0.000    265  
  cop_0075_lp_s1      3.18337      0.000    456  
  cop_0076_lp_s1      2.47435      0.000    554  
  cop_0077_lp_s1      3.90211      0.000    177  
  cop_0078_lp_s1      2.14810      0.000    668  
  cop_0079_lp_s1      1.61170      0.000    977  
  cop_0080_lp_s1     17.37247      0.000     66  
  cop_0081_lp_s1      2.64264      0.000    611  
  cop_0082_lp_s1      2.24245      0.000    684  
  cop_0083_lp_s1      3.02562      0.000    458  
  cop_0084_lp_s1      5.43604      0.000    277  
  cop_0085_lp_s1      7.11463      0.000     42  
  cop_0086_lp_s1     78.32388      0.000    130  
  cop_0087_lp_s1      1.97468      0.000    773  
  cop_0088_lp_s1     11.08770      0.000     23  
  cop_0089_lp_s1     16.05534      0.000    471  
  cop_0090_lp_s1      3.63389      0.000    283  
  cop_0091_lp_s1      2.08981      0.000    797  
  cop_0092_lp_s1      4.17540      0.000    257  
  cop_0093_lp_s1      7.07765      0.000     79  
  cop_0094_lp_s1      1.89088      0.000    849  
  cop_0095_lp_s1     21.13009      0.000    158  
  cop_0096_lp_s1     14.43718      0.000    146  
  cop_0097_lp_s1      1.99244      0.000    763  
  cop_0098_lp_s1      4.77536      0.000     93  
  cop_0099_lp_s1      2.36985      0.000    697  
  cop_0100_lp_s1      1.74379      0.000    909  
  cop_0101_lp_s1      2.61621      0.000    371  
  cop_0102_lp_s1      1.67293      0.000    942  
  cop_0103_lp_s1      2.00889      0.000    740  
  cop_0104_lp_s1      6.78796      0.000    236  
  cop_0105_lp_s1      2.35835      0.000    481  
  cop_0106_lp_s1      1.66815      0.000    936  
  cop_0107_lp_s1      1.72717      0.000    933  
  cop_0108_lp_s1      2.71469      0.000    669  
  cop_0109_lp_s1      2.46445      0.000    661  
  cop_0110_lp_s1      3.36545      0.000    470  
  cop_0111_lp_s1      4.30385      0.000    105  
  cop_0112_lp_s1      1.86862      0.000    872  
  cop_0113_lp_s1      3.40337      0.000    518  
  cop_0114_lp_s1     15.30494      0.000    286  
  cop_0115_lp_s1      8.68288      0.000     98  
  cop_0116_lp_s1      3.28986      0.000    524  
  cop_0117_lp_s1      1.75300      0.000    904  
  cop_0118_lp_s1      1.90966      0.000    835  
  cop_0119_lp_s1     20.73812      0.000    151  
  cop_0120_lp_s1      1.95359      0.000    780  
  cop_0121_lp_s1      1.78814      0.000    884  
  cop_0122_lp_s1      5.71809      0.000    227  
  cop_0123_lp_s1      6.38674      0.000    189  
  cop_0124_lp_s1      2.83776      0.000    530  
  cop_0125_lp_s1      2.28759      0.000    682  
  cop_0126_lp_s1      2.08124      0.000    768  
  cop_0127_lp_s1      2.42928      0.000    623  
  cop_0128_lp_s1      2.92301      0.000    486  
  cop_0129_lp_s1      5.32488      0.000    444  
  cop_0130_lp_s1     16.03303      0.000    127  
  cop_0131_lp_s1      2.85915      0.000    546  
  cop_0132_lp_s1      5.59011      0.000    211  
  cop_0133_lp_s1      2.48034      0.000    472  
  cop_0134_lp_s1      1.69793      0.000    941  
  cop_0135_lp_s1      2.19221      0.000    776  
  cop_0136_lp_s1      1.69950      0.000    925  
  cop_0137_lp_s1      4.18477      0.000    418  
  cop_0138_lp_s1      8.35461      0.000    161  
  cop_0139_lp_s1      1.60714      0.000    966  
  cop_0140_lp_s1     28.09325      0.000      3  
  cop_0141_lp_s1      3.03110      0.000    453  
  cop_0142_lp_s1      1.54361      0.000    983  
  cop_0143_lp_s1      4.81529      0.000    104  
  cop_0144_lp_s1      2.88704      0.000    482  
  cop_0145_lp_s1      1.76460      0.000    915  
  cop_0146_lp_s1      3.95891      0.000    308  
  cop_0147_lp_s1      1.91969      0.000    867  
  cop_0148_lp_s1      1.49648      0.000    992  
  cop_0149_lp_s1      2.71621      0.000    711  
  cop_0150_lp_s1      2.09749      0.000    672  
  cop_0151_lp_s1      2.87919      0.000    590  
  cop_0152_lp_s1      2.02409      0.000    801  
  cop_0153_lp_s1      6.05992      0.000    326  
  cop_0154_lp_s1     18.25536      0.000    155  
  cop_0155_lp_s1      3.99947      0.000    202  
  cop_0156_lp_s1      1.82166      0.000    873  
  cop_0157_lp_s1      1.75112      0.000    911  
  cop_0158_lp_s1     12.05871      0.000    318  
  cop_0159_lp_s1      6.23389      0.000    246  
  cop_0160_lp_s1      7.76195      0.000    120  
  cop_0161_lp_s1      2.14405      0.000    737  
  cop_0162_lp_s1      2.24077      0.000    736  
  cop_0163_lp_s1      4.93964      0.000    327  
  cop_0164_lp_s1      7.18121      0.000    209  
  cop_0165_lp_s1      1.80525      0.000    916  
  cop_0166_lp_s1      1.61658      0.000    969  
  cop_0167_lp_s1     10.56484      0.000     92  
  cop_0168_lp_s1      9.40659      0.000     70  
  cop_0169_lp_s1      1.88883      0.000    862  
  cop_0170_lp_s1      2.71233      0.000    616  
  cop_0171_lp_s1      2.05366      0.000    802  
  cop_0172_lp_s1      1.71889      0.000    935  
  cop_0173_lp_s1      2.13157      0.000    738  
  cop_0174_lp_s1      3.05665      0.000    522  
  cop_0175_lp_s1      5.38688      0.000     63  
  cop_0176_lp_s1      2.71670      0.000    384  
  cop_0177_lp_s1      3.26453      0.000    345  
  cop_0178_lp_s1      6.19479      0.000    220  
  cop_0179_lp_s1      2.48460      0.000    680  
  cop_0180_lp_s1      2.61157      0.000    632  
  cop_0181_lp_s1      3.10235      0.000    497  
  cop_0182_lp_s1      2.16063      0.000    760  
  cop_0183_lp_s1      1.81118      0.000    879  
  cop_0184_lp_s1     14.49457      0.000     40  
  cop_0185_lp_s1      2.04392      0.000    786  
  cop_0186_lp_s1      1.88972      0.000    823  
  cop_0187_lp_s1      2.23818      0.000    731  
  cop_0188_lp_s1      5.53989      0.000    160  
  cop_0189_lp_s1      2.90258      0.000    295  
  cop_0190_lp_s1      4.42553      0.000    337  
  cop_0191_lp_s1      1.33592      1.000      -  yes
  cop_0192_lp_s1      3.53336      0.000    251  
  cop_0193_lp_s1      2.83824      0.000    449  
  cop_0194_lp_s1      2.19169      0.000    732  
  cop_0195_lp_s1      3.19855      0.000    555  
  cop_0196_lp_s1      2.67444      0.000    665  
  cop_0197_lp_s1      4.04315      0.000    361  
  cop_0198_lp_s1      3.82075      0.000    355  
  cop_0199_lp_s1      2.56689      0.000    547  
  cop_0200_lp_s1      2.51536      0.000    600  
  cop_0201_lp_s1      2.09392      0.000    787  
  cop_0202_lp_s1     14.43362      0.000    315  
  cop_0203_lp_s1      3.09641      0.000    270  
  cop_0204_lp_s1      2.86015      0.000    566  
  cop_0205_lp_s1      1.53309      0.000    987  
  cop_0206_lp_s1     10.79598      0.000     49  
  cop_0207_lp_s1      2.01692      0.000    808  
  cop_0208_lp_s1      3.89561      0.000    415  
  cop_0209_lp_s1      4.46897      0.000    135  
  cop_0210_lp_s1      3.41253      0.000    263  
  cop_0211_lp_s1      1.59711      0.000    973  
  cop_0212_lp_s1     16.08583      0.000     57  
  cop_0213_lp_s1      1.74831      0.000    912  
  cop_0214_lp_s1     57.67791      0.000    153  
  cop_0215_lp_s1      4.16862      0.000    149  
  cop_0216_lp_s1      4.44043      0.000    205  
  cop_0217_lp_s1      5.58005      0.000    381  
  cop_0218_lp_s1      2.90431      0.000    636  
  cop_0219_lp_s1    212.23753      0.000      1  
  cop_0220_lp_s1      2.00124      0.000    826  
  cop_0221_lp_s1      2.96095      0.000    608  
  cop_0222_lp_s1      3.61542      0.000    424  
  cop_0223_lp_s1      5.22381      0.000    112  
  cop_0224_lp_s1      3.48269      0.000    484  
  cop_0225_lp_s1      2.74971      0.000    373  
  cop_0226_lp_s1      1.85796      0.000    875  
  cop_0227_lp_s1      2.63876      0.000    504  
  cop_0228_lp_s1      1.97862      0.000    813  
  cop_0229_lp_s1     10.40772      0.000    137  
  cop_0230_lp_s1    163.85055      0.000    176  
  cop_0231_lp_s1      1.66014      0.000    955  
  cop_0232_lp_s1      2.37367      0.000    594  
  cop_0233_lp_s1      3.67459      0.000    288  
  cop_0234_lp_s1      3.06798      0.000    540  
  cop_0235_lp_s1      4.64385      0.000    292  
  cop_0236_lp_s1      2.07206      0.000    758  
  cop_0237_lp_s1      2.68475      0.000    419  
  cop_0238_lp_s1      4.14742      0.000    358  
  cop_0239_lp_s1      2.27828      0.000    643  
  cop_0240_lp_s1      1.78409      0.000    897  
  cop_0241_lp_s1      1.54562      0.000    980  
  cop_0242_lp_s1      4.38092      0.000    200  
  cop_0243_lp_s1      2.27518      0.000    624  
  cop_0244_lp_s1      7.77817      0.000    186  
  cop_0245_lp_s1      8.76158      0.000     82  
  cop_0246_lp_s1      3.18658      0.000    532  
  cop_0247_lp_s1      3.03581      0.000    615  
  cop_0248_lp_s1      3.07971      0.000    468  
  cop_0249_lp_s1      2.08434      0.000    746  
  cop_0250_lp_s1      2.58955      0.000    659  
  cop_0251_lp_s1      5.36722      0.000    247  
  cop_0252_lp_s1      2.56935      0.000    592  
  cop_0253_lp_s1     22.35708      0.000     96  
  cop_0254_lp_s1      1.96791      0.000    778  
  cop_0255_lp_s1      1.89611      0.000    822  
  cop_0256_lp_s1      1.86912      0.000    874  
  cop_0257_lp_s1     41.10502      0.000     58  
  cop_0258_lp_s1      2.93597      0.000    563  
  cop_0259_lp_s1      3.93884      0.000    311  
  cop_0260_lp_s1      3.59585      0.000    383  
  cop_0261_lp_s1      3.74652      0.000    169  
  cop_0262_lp_s1     20.36232      0.000     48  
  cop_0263_lp_s1     10.98656      0.000     26  
  cop_0264_lp_s1      3.02402      0.000    533  
  cop_0265_lp_s1      2.21881      0.000    755  
  cop_0266_lp_s1      8.22039      0.000    439  
  cop_0267_lp_s1      2.18218      0.000    769  
  cop_0268_lp_s1      2.67309      0.000    582  
  cop_0269_lp_s1      1.62865      0.000    958  
  cop_0270_lp_s1      6.05752      0.000    126  
  cop_0271_lp_s1      5.25153      0.000    142  
  cop_0272_lp_s1      3.20938      0.000    320  
  cop_0273_lp_s1      3.84271      0.000    181  
  cop_0274_lp_s1      1.94529      0.000    866  
  cop_0275_lp_s1      5.69760      0.000    100  
  cop_0276_lp_s1      6.92615      0.000    157  
  cop_0277_lp_s1      2.26189      0.000    747  
  cop_0278_lp_s1      5.50013      0.000    317  
  cop_0279_lp_s1      5.29009      0.000    273  
  cop_0280_lp_s1      2.88103      0.000    559  
  cop_0281_lp_s1      1.70159      0.000    938  
  cop_0282_lp_s1      2.44154      0.000    634  
  cop_0283_lp_s1      4.61649      0.000    256  
  cop_0284_lp_s1      2.81507      0.000    578  
  cop_0285_lp_s1      1.60447      0.000    976  
  cop_0286_lp_s1      5.14806      0.000    304  
  cop_0287_lp_s1      9.03097      0.000    174  
  cop_0288_lp_s1      2.31804      0.000    713  
  cop_0289_lp_s1      2.59127      0.000    609  
  cop_0290_lp_s1      5.99149      0.000    281  
  cop_0291_lp_s1      6.13725      0.000    294  
  cop_0292_lp_s1      2.81392      0.000    593  
  cop_0293_lp_s1      2.68994      0.000    364  
  cop_0294_lp_s1      2.93568      0.000    261  
  cop_0295_lp_s1      4.61072      0.000    405  
  cop_0296_lp_s1      3.48890      0.000    379  
  cop_0297_lp_s1     31.93910      0.000     14  
  cop_0298_lp_s1      1.60363      0.000    968  
  cop_0299_lp_s1      1.77126      0.000    924  
  cop_0300_lp_s1     10.95372      0.000    107  
  cop_0301_lp_s1      3.81796      0.000    437  
  cop_0302_lp_s1      2.14555      0.000    670  
  cop_0303_lp_s1      4.23433      0.000    119  
  cop_0304_lp_s1      5.70248      0.000    118  
  cop_0305_lp_s1      4.48965      0.000    499  
  cop_0306_lp_s1      2.17809      0.000    743  
  cop_0307_lp_s1      3.61403      0.000    170  
  cop_0308_lp_s1     28.24492      0.000     84  
  cop_0309_lp_s1      3.28700      0.000    525  
  cop_0310_lp_s1      2.75180      0.000    603  
  cop_0311_lp_s1      4.98295      0.000    222  
  cop_0312_lp_s1      2.05658      0.000    764  
  cop_0313_lp_s1      3.01345      0.000    571  
  cop_0314_lp_s1      2.86723      0.000    476  
  cop_0315_lp_s1      4.53927      0.000     85  
  cop_0316_lp_s1      2.43625      0.000    663  
  cop_0317_lp_s1      1.71827      0.000    932  
  cop_0318_lp_s1      3.14019      0.000    544  
  cop_0319_lp_s1      3.01409      0.000    494  
  cop_0320_lp_s1      1.86059      0.000    819  
  cop_0321_lp_s1      1.92357      0.000    840  
  cop_0322_lp_s1      4.65567      0.000    387  
  cop_0323_lp_s1     93.21006      0.000     60  
  cop_0324_lp_s1      4.25324      0.000    473  
  cop_0325_lp_s1     12.73038      0.000    131  
  cop_0326_lp_s1      7.56984      0.000    210  
  cop_0327_lp_s1     15.49136      0.000     52  
  cop_0328_lp_s1      5.02257      0.000    141  
  cop_0329_lp_s1     39.03097      0.000     20  
  cop_0330_lp_s1      3.88531      0.000    466  
  cop_0331_lp_s1      3.50736      0.000    469  
  cop_0332_lp_s1      8.32877      0.000     86  
  cop_0333_lp_s1     10.42103      0.000    238  
  cop_0334_lp_s1      2.27451      0.000    689  
  cop_0335_lp_s1      1.75080      0.000    906  
  cop_0336_lp_s1      3.47828      0.000    353  
  cop_0337_lp_s1      1.97208      0.000    791  
  cop_0338_lp_s1      1.85408      0.000    861  
  cop_0339_lp_s1      2.99537      0.000    433  
  cop_0340_lp_s1      4.19842      0.000    422  
  cop_0341_lp_s1      3.99450      0.000    460  
  cop_0342_lp_s1      4.77772      0.000    386  
  cop_0343_lp_s1      1.75301      0.000    926  
  cop_0344_lp_s1      4.62189      0.000    414  
  cop_0345_lp_s1      3.41987      0.000    443  
  cop_0346_lp_s1      2.00180      0.000    784  
  cop_0347_lp_s1      1.50895      0.000    990  
  cop_0348_lp_s1      1.76478      0.000    899  
  cop_0349_lp_s1      1.78993      0.000    891  
  cop_0350_lp_s1      2.04981      0.000    735  
  cop_0351_lp_s1      1.66088      0.000    963  
  cop_0352_lp_s1      2.94329      0.000    614  
  cop_0353_lp_s1      1.94090      0.000    832  
  cop_0354_lp_s1      7.94198      0.000    223  
  cop_0355_lp_s1      2.46792      0.000    553  
  cop_0356_lp_s1      1.50090      0.000    988  
  cop_0357_lp_s1      3.84820      0.000    217  
  cop_0358_lp_s1      3.83671      0.000    432  
  cop_0359_lp_s1      7.17535      0.000     97  
  cop_0360_lp_s1      4.50040      0.000    357  
  cop_0361_lp_s1      1.83236      0.000    878  
  cop_0362_lp_s1     21.45487      0.000    150  
  cop_0363_lp_s1      3.22178      0.000    351  
  cop_0364_lp_s1      2.00614      0.000    833  
  cop_0365_lp_s1      7.41501      0.000    271  
  cop_0366_lp_s1     11.47769      0.000    173  
  cop_0367_lp_s1      1.68502      0.000    948  
  cop_0368_lp_s1      1.94929      0.000    812  
  cop_0369_lp_s1      1.78980      0.000    890  
  cop_0370_lp_s1      5.16296      0.000    166  
  cop_0371_lp_s1      3.11563      0.000    523  
  cop_0372_lp_s1      4.08350      0.000    402  
  cop_0373_lp_s1      2.65695      0.000    675  
  cop_0374_lp_s1      1.70542      0.000    928  
  cop_0375_lp_s1     23.72638      0.000     37  
  cop_0376_lp_s1      4.80756      0.000    385  
  cop_0377_lp_s1      2.00827      0.000    807  
  cop_0378_lp_s1      2.35893      0.000    631  
  cop_0379_lp_s1      7.78937      0.000     62  
  cop_0380_lp_s1      6.87055      0.000    232  
  cop_0381_lp_s1     18.38940      0.000    115  
  cop_0382_lp_s1      2.23027      0.000    698  
  cop_0383_lp_s1      3.78250      0.000    455  
  cop_0384_lp_s1      3.94709      0.000    489  
  cop_0385_lp_s1      4.11901      0.000    179  
  cop_0386_lp_s1      2.89240      0.000    630  
  cop_0387_lp_s1      9.60339      0.000     54  
  cop_0388_lp_s1     20.44948      0.000     10  
  cop_0389_lp_s1     34.39727      0.000      7  
  cop_0390_lp_s1      1.84614      0.000    844  
  cop_0391_lp_s1     16.47849      0.000     36  
  cop_0392_lp_s1      3.39900      0.000    240  
  cop_0393_lp_s1      9.84375      0.000     95  
  cop_0394_lp_s1      5.33055      0.000     77  
  cop_0395_lp_s1      3.01170      0.000    503  
  cop_0396_lp_s1      1.79036      0.000    883  
  cop_0397_lp_s1      1.62216      0.000    959  
  cop_0398_lp_s1      4.19449      0.000    569  
  cop_0399_lp_s1      1.74026      0.000    901  
  cop_0400_lp_s1      2.49217      0.000    591  
  cop_0401_lp_s1      3.25160      0.000    446  
  cop_0402_lp_s1      5.70561      0.000     83  
  cop_0403_lp_s1      2.55151      0.000    542  
  cop_0404_lp_s1      5.36696      0.000    282  
  cop_0405_lp_s1      6.30415      0.000    365  
  cop_0406_lp_s1      4.34468      0.000    226  
  cop_0407_lp_s1      3.18333      0.000    521  
  cop_0408_lp_s1      2.39398      0.000    702  
  cop_0409_lp_s1      4.02535      0.000    475  
  cop_0410_lp_s1      1.48082      0.000    993  
  cop_0411_lp_s1    243.30178      0.000      8  
  cop_0412_lp_s1     11.09528      0.000     11  
  cop_0413_lp_s1      1.73679      0.000    908  
  cop_0414_lp_s1      7.81042      0.000    113  
  cop_0415_lp_s1      5.24769      0.000    248  
  cop_0416_lp_s1      3.69488      0.000    235  
  cop_0417_lp_s1      2.94573      0.000    289  
  cop_0418_lp_s1      5.67491      0.000    329  
  cop_0419_lp_s1      7.35170      0.000    348  
  cop_0420_lp_s1      4.68259      0.000    303  
  cop_0421_lp_s1      3.32041      0.000    454  
  cop_0422_lp_s1      1.80583      0.000    871  
  cop_0423_lp_s1      1.74917      0.000    903  
  cop_0424_lp_s1      1.72359      0.000    937  
  cop_0425_lp_s1     11.64190      0.000     38  
  cop_0426_lp_s1      1.60286      0.000    974  
  cop_0427_lp_s1      5.38382      0.000    175  
  cop_0428_lp_s1      1.87260      0.000    852  
  cop_0429_lp_s1      1.61295      0.000    962  
  cop_0430_lp_s1      2.88802      0.000    225  
  cop_0431_lp_s1      2.23948      0.000    597  
  cop_0432_lp_s1      2.63581      0.000    562  
  cop_0433_lp_s1      3.17062      0.000    314  
  cop_0434_lp_s1      4.37803      0.000    516  
  cop_0435_lp_s1      1.82763      0.000    847  
  cop_0436_lp_s1      2.22644      0.000    745  
  cop_0437_lp_s1      1.44145      0.000    997  
  cop_0438_lp_s1      2.83655      0.000    296  
  cop_0439_lp_s1      2.29771      0.000    694  
  cop_0440_lp_s1      1.92015      0.000    810  
  cop_0441_lp_s1      2.83848      0.000    509  
  cop_0442_lp_s1      2.47329      0.000    510  
  cop_0443_lp_s1      2.17629      0.000    701  
  cop_0444_lp_s1      1.72797      0.000    913  
  cop_0445_lp_s1      2.78762      0.000    401  
  cop_0446_lp_s1     44.16436      0.000      4  
  cop_0447_lp_s1      3.27353      0.000    377  
  cop_0448_lp_s1      3.38117      0.000    328  
  cop_0449_lp_s1      5.62850      0.000     68  
  cop_0450_lp_s1      1.92340      0.000    798  
  cop_0451_lp_s1      3.12396      0.000    548  
  cop_0452_lp_s1      3.50693      0.000    450  
  cop_0453_lp_s1      2.37596      0.000    692  
  cop_0454_lp_s1      5.44575      0.000     28  
  cop_0455_lp_s1      6.70724      0.000    394  
  cop_0456_lp_s1      5.30616      0.000    312  
  cop_0457_lp_s1      1.66417      0.000    950  
  cop_0458_lp_s1      2.06510      0.000    785  
  cop_0459_lp_s1      2.03818      0.000    757  
  cop_0460_lp_s1      1.89208      0.000    845  
  cop_0461_lp_s1      7.76593      0.000      5  
  cop_0462_lp_s1      2.97818      0.000    428  
  cop_0463_lp_s1      3.03675      0.000    576  
  cop_0464_lp_s1      2.17953      0.000    744  
  cop_0465_lp_s1      2.26034      0.000    721  
  cop_0466_lp_s1      1.75644      0.000    888  
  cop_0467_lp_s1      2.24011      0.000    654  
  cop_0468_lp_s1      4.15115      0.000    138  
  cop_0469_lp_s1      1.99395      0.000    794  
  cop_0470_lp_s1      3.22441      0.000    363  
  cop_0471_lp_s1      3.29930      0.000    465  
  cop_0472_lp_s1      3.87990      0.000    517  
  cop_0473_lp_s1      3.08168      0.000    370  
  cop_0474_lp_s1      2.52274      0.000    642  
  cop_0475_lp_s1      4.67133      0.000    272  
  cop_0476_lp_s1      2.48337      0.000    621  
  cop_0477_lp_s1      1.88944      0.000    837  
  cop_0478_lp_s1      1.62995      0.000    956  
  cop_0479_lp_s1      2.03810      0.000    850  
  cop_0480_lp_s1      1.87143      0.000    860  
  cop_0481_lp_s1      1.92434      0.000    831  
  cop_0482_lp_s1      2.21253      0.000    728  
  cop_0483_lp_s1      3.10317      0.000    275  
  cop_0484_lp_s1      4.99867      0.000    171  
  cop_0485_lp_s1      3.93864      0.000    573  
  cop_0486_lp_s1     11.78867      0.000    262  
  cop_0487_lp_s1      7.39244      0.000    241  
  cop_0488_lp_s1      6.78450      0.000    183  
  cop_0489_lp_s1      2.41579      0.000    644  
  cop_0490_lp_s1      5.23955      0.000    409  
  cop_0491_lp_s1      7.66731      0.000    199  
  cop_0492_lp_s1      3.89370      0.000    426  
  cop_0493_lp_s1      3.28895      0.000    539  
  cop_0494_lp_s1      1.89786      0.000    858  
  cop_0495_lp_s1      3.29510      0.000    477  
  cop_0496_lp_s1      5.32845      0.000    250  
  cop_0497_lp_s1      2.53209      0.000    655  
  cop_0498_lp_s1      2.19511      0.000    707  
  cop_0499_lp_s1      3.96059      0.000    162  
  cop_0500_lp_s1      1.92655      0.000    882  
  cop_0501_lp_s1      2.09412      0.000    722  
  cop_0502_lp_s1      2.15108      0.000    788  
  cop_0503_lp_s1      1.89461      0.000    854  
  cop_0504_lp_s1      3.24092      0.000    319  
  cop_0505_lp_s1      3.24423      0.000    249  
  cop_0506_lp_s1      3.23910      0.000    552  
  cop_0507_lp_s1      3.09472      0.000    561  
  cop_0508_lp_s1      6.10220      0.000    204  
  cop_0509_lp_s1      2.00875      0.000    796  
  cop_0510_lp_s1      1.55274      0.000    982  
  cop_0511_lp_s1     20.64127      0.000    259  
  cop_0512_lp_s1      2.52773      0.000    599  
  cop_0513_lp_s1      2.20371      0.000    779  
  cop_0514_lp_s1      2.05895      0.000    770  
  cop_0515_lp_s1      3.18942      0.000    309  
  cop_0516_lp_s1      1.95768      0.000    820  
  cop_0517_lp_s1      6.18470      0.000    192  
  cop_0518_lp_s1      2.29317      0.000    685  
  cop_0519_lp_s1      1.44249      0.000    998  
  cop_0520_lp_s1      2.11327      0.000    805  
  cop_0521_lp_s1      4.54220      0.000    372  
  cop_0522_lp_s1      3.65938      0.000    190  
  cop_0523_lp_s1      1.86887      0.000    856  
  cop_0524_lp_s1      2.77260      0.000    613  
  cop_0525_lp_s1      1.91634      0.000    782  
  cop_0526_lp_s1      1.62005      0.000    961  
  cop_0527_lp_s1      1.70901      0.000    905  
  cop_0528_lp_s1      7.18115      0.000     76  
  cop_0529_lp_s1      2.16524      0.000    683  
  cop_0530_lp_s1      3.26747      0.000    390  
  cop_0531_lp_s1      2.28714      0.000    706  
  cop_0532_lp_s1      7.79169      0.000    269  
  cop_0533_lp_s1      1.63157      0.000    972  
  cop_0534_lp_s1      1.48779      0.000    995  
  cop_0535_lp_s1      9.99242      0.000    258  
  cop_0536_lp_s1      2.12166      0.000    710  
  cop_0537_lp_s1      3.88089      0.000    360  
  cop_0538_lp_s1      1.60792      0.000    960  
  cop_0539_lp_s1      4.25894      0.000    343  
  cop_0540_lp_s1      2.16463      0.000    703  
  cop_0541_lp_s1      2.63688      0.000    639  
  cop_0542_lp_s1      2.08926      0.000    724  
  cop_0543_lp_s1      2.89594      0.000    588  
  cop_0544_lp_s1      2.18661      0.000    762  
  cop_0545_lp_s1      2.81620      0.000    452  
  cop_0546_lp_s1      3.36135      0.000    253  
  cop_0547_lp_s1      3.03627      0.000    487  
  cop_0548_lp_s1     12.57364      0.000    106  
  cop_0549_lp_s1     77.95198      0.000     27  
  cop_0550_lp_s1      7.36982      0.000    168  
  cop_0551_lp_s1      5.26562      0.000    116  
  cop_0552_lp_s1      1.70425      0.000    943  
  cop_0553_lp_s1      1.99154      0.000    774  
  cop_0554_lp_s1      1.56640      0.000    979  
  cop_0555_lp_s1      2.23540      0.000    671  
  cop_0556_lp_s1      2.77267      0.000    297  
  cop_0557_lp_s1      4.68153      0.000    550  
  cop_0558_lp_s1     10.76189      0.000    237  
  cop_0559_lp_s1      3.91552      0.000    278  
  cop_0560_lp_s1      5.69390      0.000    243  
  cop_0561_lp_s1      2.26463      0.000    759  
  cop_0562_lp_s1     39.78970      0.000     90  
  cop_0563_lp_s1      4.69568      0.000    254  
  cop_0564_lp_s1      2.63862      0.000    584  
  cop_0565_lp_s1      3.48421      0.000    340  
  cop_0566_lp_s1      2.21809      0.000    705  
  cop_0567_lp_s1      7.54681      0.000    244  
  cop_0568_lp_s1      2.86662      0.000    463  
  cop_0569_lp_s1      3.40929      0.000    607  
  cop_0570_lp_s1      2.06072      0.000    742  
  cop_0571_lp_s1      2.43978      0.000    678  
  cop_0572_lp_s1     12.99435      0.000     45  
  cop_0573_lp_s1      5.52534      0.000    228  
  cop_0574_lp_s1      1.89526      0.000    821  
  cop_0575_lp_s1      2.23023      0.000    715  
  cop_0576_lp_s1      3.48728      0.000    229  
  cop_0577_lp_s1      1.87239      0.000    865  
  cop_0578_lp_s1      3.75779      0.000    479  
  cop_0579_lp_s1      9.41668      0.000     24  
  cop_0580_lp_s1      5.47611      0.000    242  
  cop_0581_lp_s1      2.69957      0.000    695  
  cop_0582_lp_s1      9.80931      0.000     61  
  cop_0583_lp_s1      6.29629      0.000    346  
  cop_0584_lp_s1      6.77359      0.000     67  
  cop_0585_lp_s1      3.85402      0.000    389  
  cop_0586_lp_s1      2.48721      0.000    574  
  cop_0587_lp_s1      3.28212      0.000    519  
  cop_0588_lp_s1      4.24611      0.000    139  
  cop_0589_lp_s1      4.34733      0.000    334  
  cop_0590_lp_s1      4.99616      0.000    182  
  cop_0591_lp_s1     19.25031      0.000    356  
  cop_0592_lp_s1      2.65074      0.000    531  
  cop_0593_lp_s1      1.67474      0.000    945  
  cop_0594_lp_s1      2.17163      0.000    730  
  cop_0595_lp_s1      3.01000      0.000    622  
  cop_0596_lp_s1      1.83869      0.000    892  
  cop_0597_lp_s1      2.03640      0.000    811  
  cop_0598_lp_s1      1.61747      0.000    967  
  cop_0599_lp_s1      2.72314      0.000    459  
  cop_0600_lp_s1      2.33277      0.000    723  
  cop_0601_lp_s1      2.98608      0.000    557  
  cop_0602_lp_s1      5.08374      0.000    293  
  cop_0603_lp_s1      4.88779      0.000     47  
  cop_0604_lp_s1      1.85262      0.000    868  
  cop_0605_lp_s1      5.65666      0.000    125  
  cop_0606_lp_s1      3.12625      0.000    541  
  cop_0607_lp_s1      8.39333      0.000    185  
  cop_0608_lp_s1      7.23272      0.000     35  
  cop_0609_lp_s1      6.06210      0.000    330  
  cop_0610_lp_s1      6.41039      0.000    397  
  cop_0611_lp_s1      3.44410      0.000    461  
  cop_0612_lp_s1      6.39082      0.000     99  
  cop_0613_lp_s1      4.01996      0.000    147  
  cop_0614_lp_s1      4.02791      0.000    163  
  cop_0615_lp_s1      2.11232      0.000    681  
  cop_0616_lp_s1      3.27508      0.000    412  
  cop_0617_lp_s1      2.67828      0.000    565  
  cop_0618_lp_s1      4.77168      0.000    374  
  cop_0619_lp_s1      2.65937      0.000    488  
  cop_0620_lp_s1      2.30318      0.000    690  
  cop_0621_lp_s1      5.45700      0.000    114  
  cop_0622_lp_s1      1.95430      0.000    830  
  cop_0623_lp_s1      3.95829      0.000    407  
  cop_0624_lp_s1      1.96585      0.000    853  
  cop_0625_lp_s1      2.44475      0.000    579  
  cop_0626_lp_s1     10.35905      0.000    252  
  cop_0627_lp_s1      3.00630      0.000    194  
  cop_0628_lp_s1      1.78633      0.000    887  
  cop_0629_lp_s1      2.00939      0.000    814  
  cop_0630_lp_s1      3.60687      0.000    239  
  cop_0631_lp_s1      2.26479      0.000    734  
  cop_0632_lp_s1      7.78443      0.000     22  
  cop_0633_lp_s1      2.77883      0.000    511  
  cop_0634_lp_s1      1.68819      0.000    947  
  cop_0635_lp_s1      2.10746      0.000    716  
  cop_0636_lp_s1      4.67540      0.000    341  
  cop_0637_lp_s1     26.63488      0.000    425  
  cop_0638_lp_s1      3.02091      0.000    501  
  cop_0639_lp_s1      2.98675      0.000    529  
  cop_0640_lp_s1      3.55150      0.000    431  
  cop_0641_lp_s1      2.41356      0.000    658  
  cop_0642_lp_s1      1.56820      0.000    984  
  cop_0643_lp_s1      2.12383      0.000    766  
  cop_0644_lp_s1      3.13257      0.000    393  
  cop_0645_lp_s1      2.73754      0.000    467  
  cop_0646_lp_s1      2.17264      0.000    691  
  cop_0647_lp_s1      2.09547      0.000    775  
  cop_0648_lp_s1    148.70948      0.000      2  
  cop_0649_lp_s1      3.28699      0.000    478  
  cop_0650_lp_s1      1.99050      0.000    838  
  cop_0651_lp_s1      4.19615      0.000    359  
  cop_0652_lp_s1      1.66463      0.000    946  
  cop_0653_lp_s1      2.39010      0.000    688  
  cop_0654_lp_s1      1.68841      0.000    931  
  cop_0655_lp_s1      7.25277      0.000     29  
  cop_0656_lp_s1      4.70713      0.000     55  
  cop_0657_lp_s1      8.58568      0.000     25  
  cop_0658_lp_s1      4.76113      0.000    310  
  cop_0659_lp_s1      3.96956      0.000    124  
  cop_0660_lp_s1      1.63111      0.000    953  
  cop_0661_lp_s1      1.71233      0.000    927  
  cop_0662_lp_s1      5.43721      0.000    133  
  cop_0663_lp_s1      4.39473      0.000    144  
  cop_0664_lp_s1      1.83858      0.000    876  
  cop_0665_lp_s1      1.69119      0.000    939  
  cop_0666_lp_s1      2.59952      0.000    633  
  cop_0667_lp_s1      2.78406      0.000    580  
  cop_0668_lp_s1      3.14391      0.000    434  
  cop_0669_lp_s1      4.16287      0.000    191  
  cop_0670_lp_s1     32.46623      0.000    128  
  cop_0671_lp_s1      2.84795      0.000    442  
  cop_0672_lp_s1      2.82506      0.000    435  
  cop_0673_lp_s1      1.93626      0.000    793  
  cop_0674_lp_s1      5.41707      0.000    284  
  cop_0675_lp_s1      6.67066      0.000    349  
  cop_0676_lp_s1      3.61732      0.000    266  
  cop_0677_lp_s1      7.66099      0.000    267  
  cop_0678_lp_s1      3.22593      0.000    216  
  cop_0679_lp_s1     44.71013      0.000     74  
  cop_0680_lp_s1      3.87845      0.000    218  
  cop_0681_lp_s1      5.25125      0.000     94  
  cop_0682_lp_s1      3.28148      0.000    403  
  cop_0683_lp_s1      1.85323      0.000    863  
  cop_0684_lp_s1      1.76154      0.000    895  
  cop_0685_lp_s1      1.95191      0.000    827  
  cop_0686_lp_s1      1.72220      0.000    923  
  cop_0687_lp_s1      6.03007      0.000    245  
  cop_0688_lp_s1      2.61454      0.000    564  
  cop_0689_lp_s1      2.04827      0.000    709  
  cop_0690_lp_s1     22.50311      0.000     65  
  cop_0691_lp_s1      1.73194      0.000    910  
  cop_0692_lp_s1      2.03328      0.000    725  
  cop_0693_lp_s1      3.33089      0.000    164  
  cop_0694_lp_s1      1.92383      0.000    818  
  cop_0695_lp_s1      8.50403      0.000     30  
  cop_0696_lp_s1      1.72445      0.000    907  
  cop_0697_lp_s1      1.86788      0.000    841  
  cop_0698_lp_s1      3.63297      0.000    410  
  cop_0699_lp_s1      7.00447      0.000    362  
  cop_0700_lp_s1      9.40624      0.000    172  
  cop_0701_lp_s1      6.32874      0.000    280  
  cop_0702_lp_s1      1.48159      0.000    994  
  cop_0703_lp_s1      2.93484      0.000    620  
  cop_0704_lp_s1     23.41738      0.000    196  
  cop_0705_lp_s1      2.70542      0.000    650  
  cop_0706_lp_s1      2.97323      0.000    545  
  cop_0707_lp_s1      2.09361      0.000    752  
  cop_0708_lp_s1      1.53030      0.000    989  
  cop_0709_lp_s1      7.91114      0.000    140  
  cop_0710_lp_s1      4.67326      0.000    388  
  cop_0711_lp_s1      2.07856      0.000    726  
  cop_0712_lp_s1      2.23159      0.000    641  
  cop_0713_lp_s1      2.37455      0.000    618  
  cop_0714_lp_s1      5.41005      0.000    313  
  cop_0715_lp_s1      1.79812      0.000    918  
  cop_0716_lp_s1      5.55056      0.000    378  
  cop_0717_lp_s1      1.42645      0.000    999  
  cop_0718_lp_s1      5.54843      0.000    110  
  cop_0719_lp_s1      2.96180      0.000    558  
  cop_0720_lp_s1      1.71422      0.000    934  
  cop_0721_lp_s1      5.38602      0.000    213  
  cop_0722_lp_s1      5.42391      0.000    291  
  cop_0723_lp_s1      2.70763      0.000    485  
  cop_0724_lp_s1      2.97771      0.000    347  
  cop_0725_lp_s1      1.94655      0.000    816  
  cop_0726_lp_s1      3.01657      0.000    537  
  cop_0727_lp_s1      1.89220      0.000    877  
  cop_0728_lp_s1      2.67739      0.000    556  
  cop_0729_lp_s1      2.27023      0.000    699  
  cop_0730_lp_s1      3.88424      0.000    212  
  cop_0731_lp_s1      1.91333      0.000    869  
  cop_0732_lp_s1      5.54583      0.000    103  
  cop_0733_lp_s1      3.53713      0.000    543  
  cop_0734_lp_s1      6.69497      0.000    123  
  cop_0735_lp_s1      2.20801      0.000    756  
  cop_0736_lp_s1      2.19510      0.000    686  
  cop_0737_lp_s1      9.30447      0.000     53  
  cop_0738_lp_s1      2.04812      0.000    771  
  cop_0739_lp_s1     14.43443      0.000    193  
  cop_0740_lp_s1      1.70366      0.000    930  
  cop_0741_lp_s1      1.98247      0.000    772  
  cop_0742_lp_s1      2.13427      0.000    790  
  cop_0743_lp_s1      3.49191      0.000    430  
  cop_0744_lp_s1      4.23604      0.000    145  
  cop_0745_lp_s1      3.95931      0.000    224  
  cop_0746_lp_s1      3.75317      0.000    306  
  cop_0747_lp_s1      6.17814      0.000    316  
  cop_0748_lp_s1      2.33499      0.000    720  
  cop_0749_lp_s1      3.18258      0.000    195  
  cop_0750_lp_s1      2.00816      0.000    727  
  cop_0751_lp_s1      1.61157      0.000    957  
  cop_0752_lp_s1      7.48438      0.000     56  
  cop_0753_lp_s1      3.66193      0.000    290  
  cop_0754_lp_s1      6.04178      0.000     31  
  cop_0755_lp_s1      4.58407      0.000    184  
  cop_0756_lp_s1      2.03737      0.000    804  
  cop_0757_lp_s1      2.24818      0.000    753  
  cop_0758_lp_s1      2.68853      0.000    406  
  cop_0759_lp_s1      3.28493      0.000    512  
  cop_0760_lp_s1      4.53523      0.000    408  
  cop_0761_lp_s1      3.87272      0.000    307  
  cop_0762_lp_s1      2.95433      0.000    528  
  cop_0763_lp_s1      2.01753      0.000    799  
  cop_0764_lp_s1      2.17146      0.000    767  
  cop_0765_lp_s1      2.44337      0.000    666  
  cop_0766_lp_s1      2.59463      0.000    626  
  cop_0767_lp_s1      6.58586      0.000    325  
  cop_0768_lp_s1    100.14106      0.000     15  
  cop_0769_lp_s1      2.46445      0.000    568  
  cop_0770_lp_s1      2.22127      0.000    741  
  cop_0771_lp_s1      3.61769      0.000    400  
  cop_0772_lp_s1      1.66115      0.000    944  
  cop_0773_lp_s1      1.56406      0.000    978  
  cop_0774_lp_s1      1.78456      0.000    921  
  cop_0775_lp_s1      3.33748      0.000    527  
  cop_0776_lp_s1      3.03416      0.000    604  
  cop_0777_lp_s1      1.62240      0.000    971  
  cop_0778_lp_s1      2.33447      0.000    708  
  cop_0779_lp_s1      1.95591      0.000    803  
  cop_0780_lp_s1      2.03033      0.000    806  
  cop_0781_lp_s1      4.04094      0.000    338  
  cop_0782_lp_s1      1.90782      0.000    792  
  cop_0783_lp_s1      7.14001      0.000     69  
  cop_0784_lp_s1      2.04248      0.000    777  
  cop_0785_lp_s1      7.51253      0.000     89  
  cop_0786_lp_s1      6.10288      0.000    457  
  cop_0787_lp_s1     21.17334      0.000    201  
  cop_0788_lp_s1      5.16887      0.000    352  
  cop_0789_lp_s1      3.13125      0.000    498  
  cop_0790_lp_s1      4.85716      0.000    187  
  cop_0791_lp_s1      3.63552      0.000    336  
  cop_0792_lp_s1      6.37258      0.000     59  
  cop_0793_lp_s1      2.31675      0.000    714  
  cop_0794_lp_s1      2.08873      0.000    733  
  cop_0795_lp_s1      2.78286      0.000    502  
  cop_0796_lp_s1      1.78427      0.000    885  
  cop_0797_lp_s1      3.62852      0.000    515  
  cop_0798_lp_s1      2.92652      0.000    480  
  cop_0799_lp_s1      3.36868      0.000    255  
  cop_0800_lp_s1      2.69961      0.000    416  
  cop_0801_lp_s1      1.74720      0.000    886  
  cop_0802_lp_s1      2.05350      0.000    761  
  cop_0803_lp_s1      1.85449      0.000    829  
  cop_0804_lp_s1      2.74568      0.000    490  
  cop_0805_lp_s1      2.50407      0.000    605  
  cop_0806_lp_s1      2.55401      0.000    640  
  cop_0807_lp_s1      2.93209      0.000    399  
  cop_0808_lp_s1      7.60553      0.000    375  
  cop_0809_lp_s1      8.60836      0.000    134  
  cop_0810_lp_s1      8.76266      0.000      9  
  cop_0811_lp_s1      8.19240      0.000    165  
  cop_0812_lp_s1      7.10133      0.000    279  
  cop_0813_lp_s1      5.74036      0.000    178  
  cop_0814_lp_s1      2.43214      0.000    583  
  cop_0815_lp_s1      3.60875      0.000    462  
  cop_0816_lp_s1     16.96176      0.000     18  
  cop_0817_lp_s1      2.20796      0.000    696  
  cop_0818_lp_s1      3.31253      0.000    526  
  cop_0819_lp_s1      5.30021      0.000    121  
  cop_0820_lp_s1      1.85692      0.000    857  
  cop_0821_lp_s1      2.24840      0.000    704  
  cop_0822_lp_s1      3.48063      0.000    154  
  cop_0823_lp_s1      7.88065      0.000     64  
  cop_0824_lp_s1      1.55490      0.000    985  
  cop_0825_lp_s1      2.35952      0.000    679  
  cop_0826_lp_s1      1.97001      0.000    839  
  cop_0827_lp_s1      2.05124      0.000    789  
  cop_0828_lp_s1      2.36604      0.000    560  
  cop_0829_lp_s1      3.51640      0.000    398  
  cop_0830_lp_s1      6.04858      0.000     16  
  cop_0831_lp_s1      4.54478      0.000    354  
  cop_0832_lp_s1      1.51427      0.000    986  
  cop_0833_lp_s1      5.52903      0.000    148  
  cop_0834_lp_s1      2.50851      0.000    656  
  cop_0835_lp_s1      7.42443      0.000    274  
  cop_0836_lp_s1      5.13343      0.000    111  
  cop_0837_lp_s1      5.34487      0.000    300  
  cop_0838_lp_s1      2.80011      0.000    535  
  cop_0839_lp_s1      4.79702      0.000    331  
  cop_0840_lp_s1      2.40185      0.000    660  
  cop_0841_lp_s1      1.99418      0.000    783  
  cop_0842_lp_s1      4.58198      0.000    203  
  cop_0843_lp_s1      2.22938      0.000    625  
  cop_0844_lp_s1      2.36502      0.000    551  
  cop_0845_lp_s1      6.68212      0.000    101  
  cop_0846_lp_s1      6.57013      0.000    305  
  cop_0847_lp_s1      6.47790      0.000    299  
  cop_0848_lp_s1      2.92480      0.000    585  
  cop_0849_lp_s1      1.91491      0.000    836  
  cop_0850_lp_s1      1.73947      0.000    917  
  cop_0851_lp_s1      4.21894      0.000    287  
  cop_0852_lp_s1      1.95338      0.000    809  
  cop_0853_lp_s1      2.32268      0.000    751  
  cop_0854_lp_s1      2.61939      0.000    645  
  cop_0855_lp_s1      2.55184      0.000    474  
  cop_0856_lp_s1      3.46632      0.000    513  
  cop_0857_lp_s1      3.31758      0.000    493  
  cop_0858_lp_s1      3.56818      0.000    506  
  cop_0859_lp_s1      1.74619      0.000    914  
  cop_0860_lp_s1      6.95269      0.000     78  
  cop_0861_lp_s1      2.54654      0.000    508  
  cop_0862_lp_s1      1.73732      0.000    894  
  cop_0863_lp_s1      2.21149      0.000    748  
  cop_0864_lp_s1      4.20531      0.000    404  
  cop_0865_lp_s1      9.27906      0.000    441  
  cop_0866_lp_s1      2.63121      0.000    610  
  cop_0867_lp_s1      2.02285      0.000    765  
  cop_0868_lp_s1      8.86024      0.000     75  
  cop_0869_lp_s1      6.53379      0.000     50  
  cop_0870_lp_s1     15.31026      0.000     13  
  cop_0871_lp_s1      1.77316      0.000    902  
  cop_0872_lp_s1      2.98571      0.000    570  
  cop_0873_lp_s1      7.00407      0.000    369  
  cop_0874_lp_s1      1.70895      0.000    940  
  cop_0875_lp_s1      1.92508      0.000    825  
  cop_0876_lp_s1      1.99021      0.000    824  
  cop_0877_lp_s1      3.04331      0.000    507  
  cop_0878_lp_s1      2.22471      0.000    693  
  cop_0879_lp_s1      2.25595      0.000    587  
  cop_0880_lp_s1      2.35885      0.000    647  
  cop_0881_lp_s1      3.22928      0.000    627  
  cop_0882_lp_s1      2.79579      0.000    496  
  cop_0883_lp_s1      7.80068      0.000     43  
  cop_0884_lp_s1      1.81969      0.000    881  
  cop_0885_lp_s1     18.37799      0.000     44  
  cop_0886_lp_s1      2.37127      0.000    586  
  cop_0887_lp_s1      7.92066      0.000    438  
  cop_0888_lp_s1      6.42289      0.000    366  
  cop_0889_lp_s1      2.04207      0.000    781  
  cop_0890_lp_s1     11.52941      0.000    339  
  cop_0891_lp_s1      2.65253      0.000    534  
  cop_0892_lp_s1      4.36036      0.000    500  
  cop_0893_lp_s1      3.02806      0.000    492  
  cop_0894_lp_s1      6.63791      0.000    122  
  cop_0895_lp_s1      2.74577      0.000    413  
  cop_0896_lp_s1      2.61909      0.000    577  
  cop_0897_lp_s1      1.63549      0.000    954  
  cop_0898_lp_s1      2.61973      0.000    646  
  cop_0899_lp_s1      1.92805      0.000    815  
  cop_0900_lp_s1      9.69489      0.000     33  
  cop_0901_lp_s1      3.05560      0.000    417  
  cop_0902_lp_s1      1.86534      0.000    843  
  cop_0903_lp_s1      4.64604      0.000    324  
  cop_0904_lp_s1      2.08396      0.000    739  
  cop_0905_lp_s1      1.60871      0.000    970  
  cop_0906_lp_s1      1.59323      0.000    981  
  cop_0907_lp_s1      6.47988      0.000     73  
  cop_0908_lp_s1      4.16359      0.000    207  
  cop_0909_lp_s1      4.95167      0.000    335  
  cop_0910_lp_s1      3.48878      0.000    491  
  cop_0911_lp_s1      1.90641      0.000    851  
  cop_0912_lp_s1      2.85128      0.000    505  
  cop_0913_lp_s1      1.77277      0.000    889  
  cop_0914_lp_s1      1.72133      0.000    929  
  cop_0915_lp_s1      2.94898      0.000    436  
  cop_0916_lp_s1      2.46322      0.000    628  
  cop_0917_lp_s1      1.50037      0.000    991  
  cop_0918_lp_s1     13.66076      0.000    447  
  cop_0919_lp_s1      6.38489      0.000    152  
  cop_0920_lp_s1      2.87924      0.000    382  
  cop_0921_lp_s1      3.18574      0.000    411  
  cop_0922_lp_s1      4.53128      0.000    448  
  cop_0923_lp_s1      2.52515      0.000    652  
  cop_0924_lp_s1    109.49636      0.000     19  
  cop_0925_lp_s1      2.40430      0.000    667  
  cop_0926_lp_s1     14.02012      0.000     87  
  cop_0927_lp_s1      7.08913      0.000    132  
  cop_0928_lp_s1     13.85638      0.000     71  
  cop_0929_lp_s1      6.02047      0.000    301  
  cop_0930_lp_s1      2.50262      0.000    581  
  cop_0931_lp_s1      1.47249      0.000    996  
  cop_0932_lp_s1      5.20955      0.000     91  
  cop_0933_lp_s1      2.71835      0.000    606  
  cop_0934_lp_s1      2.93453      0.000    342  
  cop_0935_lp_s1      2.20661      0.000    662  
  cop_0936_lp_s1      3.98021      0.000    264  
  cop_0937_lp_s1      2.07632      0.000    800  
  cop_0938_lp_s1      5.89801      0.000    350  
  cop_0939_lp_s1      4.18346      0.000    276  
  cop_0940_lp_s1      4.20817      0.000     81  
  cop_0941_lp_s1      2.86798      0.000    601  
  cop_0942_lp_s1     18.42562      0.000     72  
  cop_0943_lp_s1      2.39253      0.000    637  
  cop_0944_lp_s1      2.91613      0.000    396  
  cop_0945_lp_s1      7.02833      0.000    198  
  cop_0946_lp_s1      4.06397      0.000    302  
  cop_0947_lp_s1      2.93895      0.000    260  
  cop_0948_lp_s1      1.62397      0.000    965  
  cop_0949_lp_s1      9.20549      0.000    376  
  cop_0950_lp_s1      2.23032      0.000    657  
  cop_0951_lp_s1      2.48867      0.000    653  
  cop_0952_lp_s1      3.08784      0.000    596  
  cop_0953_lp_s1      5.97150      0.000    159  
  cop_0954_lp_s1      5.92703      0.000    180  
  cop_0955_lp_s1      3.03296      0.000    598  
  cop_0956_lp_s1      2.66279      0.000    549  
  cop_0957_lp_s1      2.93182      0.000    421  
  cop_0958_lp_s1     10.33000      0.000      6  
  cop_0959_lp_s1      2.47981      0.000    638  
  cop_0960_lp_s1      5.72449      0.000    391  
  cop_0961_lp_s1      4.75758      0.000    323  
  cop_0962_lp_s1      3.47411      0.000    333  
  cop_0963_lp_s1      2.20010      0.000    717  
  cop_0964_lp_s1      2.16315      0.000    649  
  cop_0965_lp_s1      6.89297      0.000    167  
  cop_0966_lp_s1      5.38934      0.000    129  
  cop_0967_lp_s1     17.09648      0.000    188  
  cop_0968_lp_s1      2.69707      0.000    673  
  cop_0969_lp_s1      1.88582      0.000    834  
  cop_0970_lp_s1      1.62257      0.000    964  
  cop_0971_lp_s1      1.89767      0.000    846  
  cop_0972_lp_s1      2.29589      0.000    754  
  cop_0973_lp_s1      3.09310      0.000    392  
  cop_0974_lp_s1      1.76736      0.000    880  
  cop_0975_lp_s1      4.48056      0.000    143  
  cop_0976_lp_s1      4.53326      0.000    321  
  cop_0977_lp_s1     14.66262      0.000    268  
  cop_0978_lp_s1      3.40599      0.000    423  
  cop_0979_lp_s1      2.75027      0.000    617  
  cop_0980_lp_s1      9.58932      0.000    214  
  cop_0981_lp_s1      8.65695      0.000    215  
  cop_0982_lp_s1      2.60007      0.000    536  
  cop_0983_lp_s1      3.39756      0.000    367  
  cop_0984_lp_s1      8.55982      0.000    344  
  cop_0985_lp_s1      4.76596      0.000    445  
  cop_0986_lp_s1      3.10259      0.000    451  
  cop_0987_lp_s1      4.09090      0.000    231  
  cop_0988_lp_s1      3.32589      0.000    602  
  cop_0989_lp_s1      6.14084      0.000    108  
  cop_0990_lp_s1      4.86256      0.000    298  
  cop_0991_lp_s1      2.77030      0.000    595  
  cop_0992_lp_s1      4.60663      0.000     41  
  cop_0993_lp_s1      2.63730      0.000    589  
  cop_0994_lp_s1      1.72980      0.000    920  
  cop_0995_lp_s1      2.43404      0.000    648  
  cop_0996_lp_s1      3.01166      0.000    514  
  cop_0997_lp_s1      7.35133      0.000    332  
  cop_0998_lp_s1      2.22371      0.000    712  
  cop_0999_lp_s1      3.19979      0.000    495  
  cop_1000_lp_s1      3.66648      0.000    483  
  eliminated, worst first: cop_0219_lp_s1 cop_0648_lp_s1 cop_0140_lp_s1 cop_0446_lp_s1 cop_0461_lp_s1 cop_0958_lp_s1 cop_0389_lp_s1 cop_0411_lp_s1 cop_0810_lp_s1 cop_0388_lp_s1 cop_0412_lp_s1 cop_0009_lp_s1 cop_0870_lp_s1 cop_0297_lp_s1 cop_0768_lp_s1 cop_0830_lp_s1 cop_0056_lp_s1 cop_0816_lp_s1 cop_0924_lp_s1 cop_0329_lp_s1 cop_0046_lp_s1 cop_0632_lp_s1 cop_0088_lp_s1 cop_0579_lp_s1 cop_0657_lp_s1 cop_0263_lp_s1 cop_0549_lp_s1 cop_0454_lp_s1 cop_0655_lp_s1 cop_0695_lp_s1 cop_0754_lp_s1 cop_0048_lp_s1 cop_0900_lp_s1 cop_0064_lp_s1 cop_0608_lp_s1 cop_0391_lp_s1 cop_0375_lp_s1 cop_0425_lp_s1 cop_0043_lp_s1 cop_0184_lp_s1 cop_0992_lp_s1 cop_0085_lp_s1 cop_0883_lp_s1 cop_0885_lp_s1 cop_0572_lp_s1 cop_0013_lp_s1 cop_0603_lp_s1 cop_0262_lp_s1 cop_0206_lp_s1 cop_0869_lp_s1 cop_0049_lp_s1 cop_0327_lp_s1 cop_0737_lp_s1 cop_0387_lp_s1 cop_0656_lp_s1 cop_0752_lp_s1 cop_0212_lp_s1 cop_0257_lp_s1 cop_0792_lp_s1 cop_0323_lp_s1 cop_0582_lp_s1 cop_0379_lp_s1 cop_0175_lp_s1 cop_0823_lp_s1 cop_0690_lp_s1 cop_0080_lp_s1 cop_0584_lp_s1 cop_0449_lp_s1 cop_0783_lp_s1 cop_0168_lp_s1 cop_0928_lp_s1 cop_0942_lp_s1 cop_0907_lp_s1 cop_0679_lp_s1 cop_0868_lp_s1 cop_0528_lp_s1 cop_0394_lp_s1 cop_0860_lp_s1 cop_0093_lp_s1 cop_0065_lp_s1 cop_0940_lp_s1 cop_0245_lp_s1 cop_0402_lp_s1 cop_0308_lp_s1 cop_0315_lp_s1 cop_0332_lp_s1 cop_0926_lp_s1 cop_0051_lp_s1 cop_0785_lp_s1 cop_0562_lp_s1 cop_0932_lp_s1 cop_0167_lp_s1 cop_0098_lp_s1 cop_0681_lp_s1 cop_0393_lp_s1 cop_0253_lp_s1 cop_0359_lp_s1 cop_0115_lp_s1 cop_0612_lp_s1 cop_0275_lp_s1 cop_0845_lp_s1 cop_0058_lp_s1 cop_0732_lp_s1 cop_0143_lp_s1 cop_0111_lp_s1 cop_0548_lp_s1 cop_0300_lp_s1 cop_0989_lp_s1 cop_0059_lp_s1 cop_0718_lp_s1 cop_0836_lp_s1 cop_0223_lp_s1 cop_0414_lp_s1 cop_0621_lp_s1 cop_0381_lp_s1 cop_0551_lp_s1 cop_0025_lp_s1 cop_0304_lp_s1 cop_0303_lp_s1 cop_0160_lp_s1 cop_0819_lp_s1 cop_0894_lp_s1 cop_0734_lp_s1 cop_0659_lp_s1 cop_0605_lp_s1 cop_0270_lp_s1 cop_0130_lp_s1 cop_0670_lp_s1 cop_0966_lp_s1 cop_0086_lp_s1 cop_0325_lp_s1 cop_0927_lp_s1 cop_0662_lp_s1 cop_0809_lp_s1 cop_0209_lp_s1 cop_0055_lp_s1 cop_0229_lp_s1 cop_0468_lp_s1 cop_0588_lp_s1 cop_0709_lp_s1 cop_0328_lp_s1 cop_0271_lp_s1 cop_0975_lp_s1 cop_0663_lp_s1 cop_0744_lp_s1 cop_0096_lp_s1 cop_0613_lp_s1 cop_0833_lp_s1 cop_0215_lp_s1 cop_0362_lp_s1 cop_0119_lp_s1 cop_0919_lp_s1 cop_0214_lp_s1 cop_0822_lp_s1 cop_0154_lp_s1 cop_0018_lp_s1 cop_0276_lp_s1 cop_0095_lp_s1 cop_0953_lp_s1 cop_0188_lp_s1 cop_0138_lp_s1 cop_0499_lp_s1 cop_0614_lp_s1 cop_0693_lp_s1 cop_0811_lp_s1 cop_0370_lp_s1 cop_0965_lp_s1 cop_0550_lp_s1 cop_0261_lp_s1 cop_0307_lp_s1 cop_0484_lp_s1 cop_0700_lp_s1 cop_0366_lp_s1 cop_0287_lp_s1 cop_0427_lp_s1 cop_0230_lp_s1 cop_0077_lp_s1 cop_0813_lp_s1 cop_0385_lp_s1 cop_0954_lp_s1 cop_0273_lp_s1 cop_0590_lp_s1 cop_0488_lp_s1 cop_0755_lp_s1 cop_0607_lp_s1 cop_0244_lp_s1 cop_0790_lp_s1 cop_0967_lp_s1 cop_0123_lp_s1 cop_0522_lp_s1 cop_0669_lp_s1 cop_0517_lp_s1 cop_0739_lp_s1 cop_0627_lp_s1 cop_0749_lp_s1 cop_0704_lp_s1 cop_0020_lp_s1 cop_0945_lp_s1 cop_0491_lp_s1 cop_0242_lp_s1 cop_0787_lp_s1 cop_0155_lp_s1 cop_0842_lp_s1 cop_0508_lp_s1 cop_0216_lp_s1 cop_0063_lp_s1 cop_0908_lp_s1 cop_0012_lp_s1 cop_0164_lp_s1 cop_0326_lp_s1 cop_0132_lp_s1 cop_0730_lp_s1 cop_0721_lp_s1 cop_0980_lp_s1 cop_0981_lp_s1 cop_0678_lp_s1 cop_0357_lp_s1 cop_0680_lp_s1 cop_0015_lp_s1 cop_0178_lp_s1 cop_0041_lp_s1 cop_0311_lp_s1 cop_0354_lp_s1 cop_0745_lp_s1 cop_0430_lp_s1 cop_0406_lp_s1 cop_0122_lp_s1 cop_0573_lp_s1 cop_0576_lp_s1 cop_0052_lp_s1 cop_0987_lp_s1 cop_0380_lp_s1 cop_0071_lp_s1 cop_0038_lp_s1 cop_0416_lp_s1 cop_0104_lp_s1 cop_0558_lp_s1 cop_0333_lp_s1 cop_0630_lp_s1 cop_0392_lp_s1 cop_0487_lp_s1 cop_0580_lp_s1 cop_0560_lp_s1 cop_0567_lp_s1 cop_0687_lp_s1 cop_0159_lp_s1 cop_0251_lp_s1 cop_0415_lp_s1 cop_0505_lp_s1 cop_0496_lp_s1 cop_0192_lp_s1 cop_0626_lp_s1 cop_0546_lp_s1 cop_0563_lp_s1 cop_0799_lp_s1 cop_0283_lp_s1 cop_0092_lp_s1 cop_0535_lp_s1 cop_0511_lp_s1 cop_0947_lp_s1 cop_0294_lp_s1 cop_0486_lp_s1 cop_0210_lp_s1 cop_0936_lp_s1 cop_0074_lp_s1 cop_0676_lp_s1 cop_0677_lp_s1 cop_0977_lp_s1 cop_0532_lp_s1 cop_0203_lp_s1 cop_0365_lp_s1 cop_0475_lp_s1 cop_0279_lp_s1 cop_0835_lp_s1 cop_0483_lp_s1 cop_0939_lp_s1 cop_0084_lp_s1 cop_0559_lp_s1 cop_0812_lp_s1 cop_0701_lp_s1 cop_0290_lp_s1 cop_0404_lp_s1 cop_0090_lp_s1 cop_0674_lp_s1 cop_0014_lp_s1 cop_0114_lp_s1 cop_0851_lp_s1 cop_0233_lp_s1 cop_0417_lp_s1 cop_0753_lp_s1 cop_0722_lp_s1 cop_0235_lp_s1 cop_0602_lp_s1 cop_0291_lp_s1 cop_0189_lp_s1 cop_0438_lp_s1 cop_0556_lp_s1 cop_0990_lp_s1 cop_0847_lp_s1 cop_0837_lp_s1 cop_0929_lp_s1 cop_0946_lp_s1 cop_0420_lp_s1 cop_0286_lp_s1 cop_0846_lp_s1 cop_0746_lp_s1 cop_0761_lp_s1 cop_0146_lp_s1 cop_0515_lp_s1 cop_0658_lp_s1 cop_0259_lp_s1 cop_0456_lp_s1 cop_0714_lp_s1 cop_0433_lp_s1 cop_0202_lp_s1 cop_0747_lp_s1 cop_0278_lp_s1 cop_0158_lp_s1 cop_0504_lp_s1 cop_0272_lp_s1 cop_0976_lp_s1 cop_0026_lp_s1 cop_0961_lp_s1 cop_0903_lp_s1 cop_0767_lp_s1 cop_0153_lp_s1 cop_0163_lp_s1 cop_0448_lp_s1 cop_0418_lp_s1 cop_0609_lp_s1 cop_0839_lp_s1 cop_0997_lp_s1 cop_0962_lp_s1 cop_0589_lp_s1 cop_0909_lp_s1 cop_0791_lp_s1 cop_0190_lp_s1 cop_0781_lp_s1 cop_0890_lp_s1 cop_0565_lp_s1 cop_0636_lp_s1 cop_0934_lp_s1 cop_0539_lp_s1 cop_0984_lp_s1 cop_0177_lp_s1 cop_0583_lp_s1 cop_0724_lp_s1 cop_0419_lp_s1 cop_0675_lp_s1 cop_0938_lp_s1 cop_0363_lp_s1 cop_0788_lp_s1 cop_0336_lp_s1 cop_0831_lp_s1 cop_0198_lp_s1 cop_0591_lp_s1 cop_0360_lp_s1 cop_0238_lp_s1 cop_0651_lp_s1 cop_0537_lp_s1 cop_0197_lp_s1 cop_0699_lp_s1 cop_0470_lp_s1 cop_0293_lp_s1 cop_0405_lp_s1 cop_0888_lp_s1 cop_0983_lp_s1 cop_0029_lp_s1 cop_0873_lp_s1 cop_0473_lp_s1 cop_0101_lp_s1 cop_0521_lp_s1 cop_0225_lp_s1 cop_0618_lp_s1 cop_0808_lp_s1 cop_0949_lp_s1 cop_0447_lp_s1 cop_0716_lp_s1 cop_0296_lp_s1 cop_0042_lp_s1 cop_0217_lp_s1 cop_0920_lp_s1 cop_0260_lp_s1 cop_0176_lp_s1 cop_0376_lp_s1 cop_0342_lp_s1 cop_0322_lp_s1 cop_0710_lp_s1 cop_0585_lp_s1 cop_0530_lp_s1 cop_0960_lp_s1 cop_0973_lp_s1 cop_0644_lp_s1 cop_0455_lp_s1 cop_0023_lp_s1 cop_0944_lp_s1 cop_0610_lp_s1 cop_0829_lp_s1 cop_0807_lp_s1 cop_0771_lp_s1 cop_0445_lp_s1 cop_0372_lp_s1 cop_0682_lp_s1 cop_0864_lp_s1 cop_0295_lp_s1 cop_0758_lp_s1 cop_0623_lp_s1 cop_0760_lp_s1 cop_0490_lp_s1 cop_0698_lp_s1 cop_0921_lp_s1 cop_0616_lp_s1 cop_0895_lp_s1 cop_0344_lp_s1 cop_0208_lp_s1 cop_0800_lp_s1 cop_0901_lp_s1 cop_0137_lp_s1 cop_0237_lp_s1 cop_0034_lp_s1 cop_0957_lp_s1 cop_0340_lp_s1 cop_0978_lp_s1 cop_0222_lp_s1 cop_0637_lp_s1 cop_0492_lp_s1 cop_0060_lp_s1 cop_0462_lp_s1 cop_0053_lp_s1 cop_0743_lp_s1 cop_0640_lp_s1 cop_0358_lp_s1 cop_0339_lp_s1 cop_0668_lp_s1 cop_0672_lp_s1 cop_0915_lp_s1 cop_0301_lp_s1 cop_0887_lp_s1 cop_0266_lp_s1 cop_0033_lp_s1 cop_0865_lp_s1 cop_0671_lp_s1 cop_0345_lp_s1 cop_0129_lp_s1 cop_0985_lp_s1 cop_0401_lp_s1 cop_0918_lp_s1 cop_0922_lp_s1 cop_0193_lp_s1 cop_0452_lp_s1 cop_0986_lp_s1 cop_0545_lp_s1 cop_0141_lp_s1 cop_0421_lp_s1 cop_0383_lp_s1 cop_0075_lp_s1 cop_0786_lp_s1 cop_0083_lp_s1 cop_0599_lp_s1 cop_0341_lp_s1 cop_0611_lp_s1 cop_0815_lp_s1 cop_0568_lp_s1 cop_0021_lp_s1 cop_0471_lp_s1 cop_0330_lp_s1 cop_0645_lp_s1 cop_0248_lp_s1 cop_0331_lp_s1 cop_0110_lp_s1 cop_0089_lp_s1 cop_0133_lp_s1 cop_0324_lp_s1 cop_0855_lp_s1 cop_0409_lp_s1 cop_0314_lp_s1 cop_0495_lp_s1 cop_0649_lp_s1 cop_0578_lp_s1 cop_0798_lp_s1 cop_0105_lp_s1 cop_0144_lp_s1 cop_1000_lp_s1 cop_0224_lp_s1 cop_0723_lp_s1 cop_0128_lp_s1 cop_0547_lp_s1 cop_0619_lp_s1 cop_0384_lp_s1 cop_0804_lp_s1 cop_0910_lp_s1 cop_0893_lp_s1 cop_0857_lp_s1 cop_0319_lp_s1 cop_0999_lp_s1 cop_0882_lp_s1 cop_0181_lp_s1 cop_0789_lp_s1 cop_0305_lp_s1 cop_0892_lp_s1 cop_0638_lp_s1 cop_0795_lp_s1 cop_0395_lp_s1 cop_0227_lp_s1 cop_0912_lp_s1 cop_0858_lp_s1 cop_0877_lp_s1 cop_0861_lp_s1 cop_0441_lp_s1 cop_0442_lp_s1 cop_0633_lp_s1 cop_0759_lp_s1 cop_0856_lp_s1 cop_0996_lp_s1 cop_0797_lp_s1 cop_0434_lp_s1 cop_0472_lp_s1 cop_0113_lp_s1 cop_0587_lp_s1 cop_0028_lp_s1 cop_0407_lp_s1 cop_0174_lp_s1 cop_0371_lp_s1 cop_0116_lp_s1 cop_0309_lp_s1 cop_0818_lp_s1 cop_0775_lp_s1 cop_0762_lp_s1 cop_0639_lp_s1 cop_0124_lp_s1 cop_0592_lp_s1 cop_0246_lp_s1 cop_0264_lp_s1 cop_0891_lp_s1 cop_0838_lp_s1 cop_0982_lp_s1 cop_0726_lp_s1 cop_0073_lp_s1 cop_0493_lp_s1 cop_0234_lp_s1 cop_0606_lp_s1 cop_0403_lp_s1 cop_0733_lp_s1 cop_0318_lp_s1 cop_0706_lp_s1 cop_0131_lp_s1 cop_0199_lp_s1 cop_0451_lp_s1 cop_0956_lp_s1 cop_0557_lp_s1 cop_0844_lp_s1 cop_0506_lp_s1 cop_0355_lp_s1 cop_0076_lp_s1 cop_0195_lp_s1 cop_0728_lp_s1 cop_0601_lp_s1 cop_0719_lp_s1 cop_0280_lp_s1 cop_0828_lp_s1 cop_0507_lp_s1 cop_0432_lp_s1 cop_0258_lp_s1 cop_0688_lp_s1 cop_0617_lp_s1 cop_0204_lp_s1 cop_0007_lp_s1 cop_0769_lp_s1 cop_0398_lp_s1 cop_0872_lp_s1 cop_0313_lp_s1 cop_0001_lp_s1 cop_0485_lp_s1 cop_0586_lp_s1 cop_0039_lp_s1 cop_0463_lp_s1 cop_0896_lp_s1 cop_0284_lp_s1 cop_0625_lp_s1 cop_0667_lp_s1 cop_0930_lp_s1 cop_0268_lp_s1 cop_0814_lp_s1 cop_0564_lp_s1 cop_0848_lp_s1 cop_0886_lp_s1 cop_0879_lp_s1 cop_0543_lp_s1 cop_0993_lp_s1 cop_0151_lp_s1 cop_0400_lp_s1 cop_0252_lp_s1 cop_0292_lp_s1 cop_0232_lp_s1 cop_0991_lp_s1 cop_0952_lp_s1 cop_0431_lp_s1 cop_0955_lp_s1 cop_0512_lp_s1 cop_0200_lp_s1 cop_0941_lp_s1 cop_0988_lp_s1 cop_0310_lp_s1 cop_0776_lp_s1 cop_0805_lp_s1 cop_0933_lp_s1 cop_0569_lp_s1 cop_0221_lp_s1 cop_0289_lp_s1 cop_0866_lp_s1 cop_0081_lp_s1 cop_0069_lp_s1 cop_0524_lp_s1 cop_0352_lp_s1 cop_0247_lp_s1 cop_0170_lp_s1 cop_0979_lp_s1 cop_0713_lp_s1 cop_0022_lp_s1 cop_0703_lp_s1 cop_0476_lp_s1 cop_0595_lp_s1 cop_0127_lp_s1 cop_0243_lp_s1 cop_0843_lp_s1 cop_0766_lp_s1 cop_0881_lp_s1 cop_0916_lp_s1 cop_0010_lp_s1 cop_0386_lp_s1 cop_0378_lp_s1 cop_0180_lp_s1 cop_0666_lp_s1 cop_0282_lp_s1 cop_0067_lp_s1 cop_0218_lp_s1 cop_0943_lp_s1 cop_0959_lp_s1 cop_0541_lp_s1 cop_0806_lp_s1 cop_0712_lp_s1 cop_0474_lp_s1 cop_0239_lp_s1 cop_0489_lp_s1 cop_0854_lp_s1 cop_0898_lp_s1 cop_0880_lp_s1 cop_0995_lp_s1 cop_0964_lp_s1 cop_0705_lp_s1 cop_0035_lp_s1 cop_0923_lp_s1 cop_0951_lp_s1 cop_0467_lp_s1 cop_0497_lp_s1 cop_0834_lp_s1 cop_0950_lp_s1 cop_0641_lp_s1 cop_0250_lp_s1 cop_0840_lp_s1 cop_0109_lp_s1 cop_0935_lp_s1 cop_0316_lp_s1 cop_0045_lp_s1 cop_0196_lp_s1 cop_0765_lp_s1 cop_0925_lp_s1 cop_0078_lp_s1 cop_0108_lp_s1 cop_0302_lp_s1 cop_0555_lp_s1 cop_0150_lp_s1 cop_0968_lp_s1 cop_0017_lp_s1 cop_0373_lp_s1 cop_0068_lp_s1 cop_0019_lp_s1 cop_0571_lp_s1 cop_0825_lp_s1 cop_0179_lp_s1 cop_0615_lp_s1 cop_0125_lp_s1 cop_0529_lp_s1 cop_0082_lp_s1 cop_0518_lp_s1 cop_0736_lp_s1 cop_0062_lp_s1 cop_0653_lp_s1 cop_0334_lp_s1 cop_0620_lp_s1 cop_0646_lp_s1 cop_0453_lp_s1 cop_0878_lp_s1 cop_0439_lp_s1 cop_0581_lp_s1 cop_0817_lp_s1 cop_0099_lp_s1 cop_0382_lp_s1 cop_0729_lp_s1 cop_0008_lp_s1 cop_0443_lp_s1 cop_0408_lp_s1 cop_0540_lp_s1 cop_0821_lp_s1 cop_0566_lp_s1 cop_0531_lp_s1 cop_0498_lp_s1 cop_0778_lp_s1 cop_0689_lp_s1 cop_0536_lp_s1 cop_0149_lp_s1 cop_0998_lp_s1 cop_0288_lp_s1 cop_0793_lp_s1 cop_0575_lp_s1 cop_0635_lp_s1 cop_0963_lp_s1 cop_0003_lp_s1 cop_0002_lp_s1 cop_0748_lp_s1 cop_0465_lp_s1 cop_0501_lp_s1 cop_0600_lp_s1 cop_0542_lp_s1 cop_0692_lp_s1 cop_0711_lp_s1 cop_0750_lp_s1 cop_0482_lp_s1 cop_0027_lp_s1 cop_0594_lp_s1 cop_0187_lp_s1 cop_0194_lp_s1 cop_0794_lp_s1 cop_0631_lp_s1 cop_0350_lp_s1 cop_0162_lp_s1 cop_0161_lp_s1 cop_0173_lp_s1 cop_0904_lp_s1 cop_0103_lp_s1 cop_0770_lp_s1 cop_0570_lp_s1 cop_0306_lp_s1 cop_0464_lp_s1 cop_0436_lp_s1 cop_0249_lp_s1 cop_0277_lp_s1 cop_0863_lp_s1 cop_0006_lp_s1 cop_0040_lp_s1 cop_0853_lp_s1 cop_0707_lp_s1 cop_0757_lp_s1 cop_0972_lp_s1 cop_0265_lp_s1 cop_0735_lp_s1 cop_0459_lp_s1 cop_0236_lp_s1 cop_0561_lp_s1 cop_0182_lp_s1 cop_0802_lp_s1 cop_0544_lp_s1 cop_0097_lp_s1 cop_0312_lp_s1 cop_0867_lp_s1 cop_0643_lp_s1 cop_0764_lp_s1 cop_0126_lp_s1 cop_0267_lp_s1 cop_0514_lp_s1 cop_0738_lp_s1 cop_0741_lp_s1 cop_0087_lp_s1 cop_0553_lp_s1 cop_0647_lp_s1 cop_0135_lp_s1 cop_0784_lp_s1 cop_0254_lp_s1 cop_0513_lp_s1 cop_0120_lp_s1 cop_0889_lp_s1 cop_0525_lp_s1 cop_0841_lp_s1 cop_0346_lp_s1 cop_0458_lp_s1 cop_0185_lp_s1 cop_0201_lp_s1 cop_0502_lp_s1 cop_0827_lp_s1 cop_0742_lp_s1 cop_0337_lp_s1 cop_0782_lp_s1 cop_0673_lp_s1 cop_0469_lp_s1 cop_0072_lp_s1 cop_0509_lp_s1 cop_0091_lp_s1 cop_0450_lp_s1 cop_0763_lp_s1 cop_0937_lp_s1 cop_0152_lp_s1 cop_0171_lp_s1 cop_0779_lp_s1 cop_0756_lp_s1 cop_0520_lp_s1 cop_0780_lp_s1 cop_0377_lp_s1 cop_0207_lp_s1 cop_0852_lp_s1 cop_0440_lp_s1 cop_0597_lp_s1 cop_0368_lp_s1 cop_0228_lp_s1 cop_0629_lp_s1 cop_0899_lp_s1 cop_0725_lp_s1 cop_0061_lp_s1 cop_0694_lp_s1 cop_0320_lp_s1 cop_0516_lp_s1 cop_0574_lp_s1 cop_0255_lp_s1 cop_0186_lp_s1 cop_0876_lp_s1 cop_0875_lp_s1 cop_0220_lp_s1 cop_0685_lp_s1 cop_0005_lp_s1 cop_0803_lp_s1 cop_0622_lp_s1 cop_0481_lp_s1 cop_0353_lp_s1 cop_0364_lp_s1 cop_0969_lp_s1 cop_0118_lp_s1 cop_0849_lp_s1 cop_0477_lp_s1 cop_0650_lp_s1 cop_0826_lp_s1 cop_0321_lp_s1 cop_0697_lp_s1 cop_0066_lp_s1 cop_0902_lp_s1 cop_0390_lp_s1 cop_0460_lp_s1 cop_0971_lp_s1 cop_0435_lp_s1 cop_0032_lp_s1 cop_0094_lp_s1 cop_0479_lp_s1 cop_0911_lp_s1 cop_0428_lp_s1 cop_0624_lp_s1 cop_0503_lp_s1 cop_0016_lp_s1 cop_0523_lp_s1 cop_0820_lp_s1 cop_0494_lp_s1 cop_0050_lp_s1 cop_0480_lp_s1 cop_0338_lp_s1 cop_0169_lp_s1 cop_0683_lp_s1 cop_0037_lp_s1 cop_0577_lp_s1 cop_0274_lp_s1 cop_0147_lp_s1 cop_0604_lp_s1 cop_0731_lp_s1 cop_0030_lp_s1 cop_0422_lp_s1 cop_0112_lp_s1 cop_0156_lp_s1 cop_0256_lp_s1 cop_0226_lp_s1 cop_0664_lp_s1 cop_0727_lp_s1 cop_0361_lp_s1 cop_0183_lp_s1 cop_0974_lp_s1 cop_0884_lp_s1 cop_0500_lp_s1 cop_0396_lp_s1 cop_0121_lp_s1 cop_0796_lp_s1 cop_0801_lp_s1 cop_0628_lp_s1 cop_0466_lp_s1 cop_0913_lp_s1 cop_0369_lp_s1 cop_0349_lp_s1 cop_0596_lp_s1 cop_0036_lp_s1 cop_0862_lp_s1 cop_0684_lp_s1 cop_0011_lp_s1 cop_0240_lp_s1 cop_0024_lp_s1 cop_0348_lp_s1 cop_0004_lp_s1 cop_0399_lp_s1 cop_0871_lp_s1 cop_0423_lp_s1 cop_0117_lp_s1 cop_0527_lp_s1 cop_0335_lp_s1 cop_0696_lp_s1 cop_0413_lp_s1 cop_0100_lp_s1 cop_0691_lp_s1 cop_0157_lp_s1 cop_0213_lp_s1 cop_0444_lp_s1 cop_0859_lp_s1 cop_0145_lp_s1 cop_0165_lp_s1 cop_0850_lp_s1 cop_0715_lp_s1 cop_0057_lp_s1 cop_0994_lp_s1 cop_0774_lp_s1 cop_0070_lp_s1 cop_0686_lp_s1 cop_0299_lp_s1 cop_0136_lp_s1 cop_0343_lp_s1 cop_0661_lp_s1 cop_0374_lp_s1 cop_0914_lp_s1 cop_0740_lp_s1 cop_0654_lp_s1 cop_0317_lp_s1 cop_0107_lp_s1 cop_0720_lp_s1 cop_0172_lp_s1 cop_0106_lp_s1 cop_0424_lp_s1 cop_0281_lp_s1 cop_0665_lp_s1 cop_0874_lp_s1 cop_0134_lp_s1 cop_0102_lp_s1 cop_0552_lp_s1 cop_0772_lp_s1 cop_0593_lp_s1 cop_0652_lp_s1 cop_0634_lp_s1 cop_0367_lp_s1 cop_0047_lp_s1 cop_0457_lp_s1 cop_0031_lp_s1 cop_0044_lp_s1 cop_0660_lp_s1 cop_0897_lp_s1 cop_0231_lp_s1 cop_0478_lp_s1 cop_0751_lp_s1 cop_0269_lp_s1 cop_0397_lp_s1 cop_0538_lp_s1 cop_0526_lp_s1 cop_0429_lp_s1 cop_0351_lp_s1 cop_0970_lp_s1 cop_0948_lp_s1 cop_0139_lp_s1 cop_0598_lp_s1 cop_0298_lp_s1 cop_0166_lp_s1 cop_0905_lp_s1 cop_0777_lp_s1 cop_0533_lp_s1 cop_0211_lp_s1 cop_0426_lp_s1 cop_0054_lp_s1 cop_0285_lp_s1 cop_0079_lp_s1 cop_0773_lp_s1 cop_0554_lp_s1 cop_0241_lp_s1 cop_0906_lp_s1 cop_0510_lp_s1 cop_0142_lp_s1 cop_0642_lp_s1 cop_0824_lp_s1 cop_0832_lp_s1 cop_0205_lp_s1 cop_0356_lp_s1 cop_0708_lp_s1 cop_0347_lp_s1 cop_0917_lp_s1 cop_0148_lp_s1 cop_0410_lp_s1 cop_0702_lp_s1 cop_0534_lp_s1 cop_0931_lp_s1 cop_0437_lp_s1 cop_0519_lp_s1 cop_0717_lp_s1
  set decided by an accepted test: no, every test rejected down to one model (last p = 0.000 against alpha = 0.050)


  sample    999 observations, 1000 models
  statistic Tmax, each model against the field
  test      alpha = 0.050, 10000 moving-block resamples of 1 observations
  variance  bootstrap variance of the resampled mean
  stream    seed 123, stream 0

MCS over state-dependent local projection impulse-response MAE, state 1 (lags times 1 - F), MCS_TMAX statistic
  model             mean loss      MCS p  round  in set
  cop_0001_lp_s1      2.50816      0.000    614  
  cop_0002_lp_s1      2.37878      0.000    673  
  cop_0003_lp_s1      2.52545      0.000    656  
  cop_0004_lp_s1      1.74641      0.000    904  
  cop_0005_lp_s1      1.91948      0.000    826  
  cop_0006_lp_s1      2.16187      0.000    743  
  cop_0007_lp_s1      3.17240      0.000    502  
  cop_0008_lp_s1      2.35012      0.000    677  
  cop_0009_lp_s1     19.67528      0.000     15  
  cop_0010_lp_s1      2.89447      0.000    571  
  cop_0011_lp_s1      1.77012      0.000    895  
  cop_0012_lp_s1      7.53152      0.000    148  
  cop_0013_lp_s1      8.05694      0.000     81  
  cop_0014_lp_s1      3.64885      0.000    371  
  cop_0015_lp_s1      4.26649      0.000    307  
  cop_0016_lp_s1      1.92712      0.000    839  
  cop_0017_lp_s1      2.63714      0.000    627  
  cop_0018_lp_s1      4.25156      0.000    276  
  cop_0019_lp_s1      2.63283      0.000    630  
  cop_0020_lp_s1      6.46241      0.000    173  
  cop_0021_lp_s1      5.47976      0.000    299  
  cop_0022_lp_s1      2.44434      0.000    640  
  cop_0023_lp_s1      2.72175      0.000    537  
  cop_0024_lp_s1      1.88836      0.000    875  
  cop_0025_lp_s1      6.67746      0.000    140  
  cop_0026_lp_s1      5.21486      0.000    267  
  cop_0027_lp_s1      2.34567      0.000    682  
  cop_0028_lp_s1      3.62534      0.000    416  
  cop_0029_lp_s1      5.03073      0.000    290  
  cop_0030_lp_s1      1.82823      0.000    877  
  cop_0031_lp_s1      1.64093      0.000    952  
  cop_0032_lp_s1      1.85291      0.000    865  
  cop_0033_lp_s1      3.72855      0.000    387  
  cop_0034_lp_s1      5.28779      0.000    291  
  cop_0035_lp_s1      2.46207      0.000    650  
  cop_0036_lp_s1      1.72206      0.000    917  
  cop_0037_lp_s1      1.91360      0.000    848  
  cop_0038_lp_s1      7.90676      0.000    149  
  cop_0039_lp_s1      2.64237      0.000    593  
  cop_0040_lp_s1      2.16604      0.000    744  
  cop_0041_lp_s1      4.61933      0.000    275  
  cop_0042_lp_s1      3.34939      0.000    414  
  cop_0043_lp_s1      8.61313      0.000     76  
  cop_0044_lp_s1      1.62724      0.000    957  
  cop_0045_lp_s1      3.14155      0.000    547  
  cop_0046_lp_s1     11.91656      0.000     42  
  cop_0047_lp_s1      1.63489      0.000    953  
  cop_0048_lp_s1     17.97169      0.000     25  
  cop_0049_lp_s1     28.65559      0.000     17  
  cop_0050_lp_s1      1.88352      0.000    860  
  cop_0051_lp_s1      8.88128      0.000     85  
  cop_0052_lp_s1     11.98288      0.000     97  
  cop_0053_lp_s1      2.98110      0.000    477  
  cop_0054_lp_s1      1.60982      0.000    974  
  cop_0055_lp_s1      7.24824      0.000    132  
  cop_0056_lp_s1     14.97330      0.000     28  
  cop_0057_lp_s1      1.74187      0.000    920  
  cop_0058_lp_s1     25.73220      0.000     32  
  cop_0059_lp_s1      5.93047      0.000    163  
  cop_0060_lp_s1      3.17821      0.000    450  
  cop_0061_lp_s1      2.01378      0.000    801  
  cop_0062_lp_s1      2.43185      0.000    666  
  cop_0063_lp_s1      7.00472      0.000    160  
  cop_0064_lp_s1      6.15295      0.000    125  
  cop_0065_lp_s1      7.43912      0.000    105  
  cop_0066_lp_s1      1.89444      0.000    841  
  cop_0067_lp_s1      2.49429      0.000    635  
  cop_0068_lp_s1      2.15040      0.000    725  
  cop_0069_lp_s1      2.46493      0.000    641  
  cop_0070_lp_s1      1.76338      0.000    905  
  cop_0071_lp_s1      3.10690      0.000    428  
  cop_0072_lp_s1      2.03875      0.000    786  
  cop_0073_lp_s1      3.03386      0.000    511  
  cop_0074_lp_s1      5.01673      0.000    259  
  cop_0075_lp_s1      3.18337      0.000    455  
  cop_0076_lp_s1      2.47435      0.000    621  
  cop_0077_lp_s1      3.90211      0.000    320  
  cop_0078_lp_s1      2.14810      0.000    717  
  cop_0079_lp_s1      1.61170      0.000    977  
  cop_0080_lp_s1     17.37247      0.000     34  
  cop_0081_lp_s1      2.64264      0.000    601  
  cop_0082_lp_s1      2.24245      0.000    695  
  cop_0083_lp_s1      3.02562      0.000    483  
  cop_0084_lp_s1      5.43604      0.000    246  
  cop_0085_lp_s1      7.11463      0.000     99  
  cop_0086_lp_s1     78.32388      0.000     19  
  cop_0087_lp_s1      1.97468      0.000    797  
  cop_0088_lp_s1     11.08770      0.000     46  
  cop_0089_lp_s1     16.05534      0.000    136  
  cop_0090_lp_s1      3.63389      0.000    370  
  cop_0091_lp_s1      2.08981      0.000    774  
  cop_0092_lp_s1      4.17540      0.000    318  
  cop_0093_lp_s1      7.07765      0.000    117  
  cop_0094_lp_s1      1.89088      0.000    847  
  cop_0095_lp_s1     21.13009      0.000     50  
  cop_0096_lp_s1     14.43718      0.000     64  
  cop_0097_lp_s1      1.99244      0.000    788  
  cop_0098_lp_s1      4.77536      0.000    228  
  cop_0099_lp_s1      2.36985      0.000    672  
  cop_0100_lp_s1      1.74379      0.000    913  
  cop_0101_lp_s1      2.61621      0.000    565  
  cop_0102_lp_s1      1.67293      0.000    942  
  cop_0103_lp_s1      2.00889      0.000    777  
  cop_0104_lp_s1      6.78796      0.000    176  
  cop_0105_lp_s1      2.35835      0.000    631  
  cop_0106_lp_s1      1.66815      0.000    944  
  cop_0107_lp_s1      1.72717      0.000    928  
  cop_0108_lp_s1      2.71469      0.000    603  
  cop_0109_lp_s1      2.46445      0.000    654  
  cop_0110_lp_s1      3.36545      0.000    441  
  cop_0111_lp_s1      4.30385      0.000    264  
  cop_0112_lp_s1      1.86862      0.000    866  
  cop_0113_lp_s1      3.40337      0.000    447  
  cop_0114_lp_s1     15.30494      0.000     87  
  cop_0115_lp_s1      8.68288      0.000     92  
  cop_0116_lp_s1      3.28986      0.000    457  
  cop_0117_lp_s1      1.75300      0.000    902  
  cop_0118_lp_s1      1.90966      0.000    837  
  cop_0119_lp_s1     20.73812      0.000     49  
  cop_0120_lp_s1      1.95359      0.000    807  
  cop_0121_lp_s1      1.78814      0.000    886  
  cop_0122_lp_s1      5.71809      0.000    220  
  cop_0123_lp_s1      6.38674      0.000    171  
  cop_0124_lp_s1      2.83776      0.000    549  
  cop_0125_lp_s1      2.28759      0.000    689  
  cop_0126_lp_s1      2.08124      0.000    768  
  cop_0127_lp_s1      2.42928      0.000    647  
  cop_0128_lp_s1      2.92301      0.000    518  
  cop_0129_lp_s1      5.32488      0.000    297  
  cop_0130_lp_s1     16.03303      0.000     54  
  cop_0131_lp_s1      2.85915      0.000    552  
  cop_0132_lp_s1      5.59011      0.000    218  
  cop_0133_lp_s1      2.48034      0.000    599  
  cop_0134_lp_s1      1.69793      0.000    940  
  cop_0135_lp_s1      2.19221      0.000    747  
  cop_0136_lp_s1      1.69950      0.000    937  
  cop_0137_lp_s1      4.18477      0.000    350  
  cop_0138_lp_s1      8.35461      0.000    113  
  cop_0139_lp_s1      1.60714      0.000    971  
  cop_0140_lp_s1     28.09325      0.000      6  
  cop_0141_lp_s1      3.03110      0.000    485  
  cop_0142_lp_s1      1.54361      0.000    983  
  cop_0143_lp_s1      4.81529      0.000    221  
  cop_0144_lp_s1      2.88704      0.000    525  
  cop_0145_lp_s1      1.76460      0.000    903  
  cop_0146_lp_s1      3.95891      0.000    345  
  cop_0147_lp_s1      1.91969      0.000    851  
  cop_0148_lp_s1      1.49648      0.000    992  
  cop_0149_lp_s1      2.71621      0.000    624  
  cop_0150_lp_s1      2.09749      0.000    738  
  cop_0151_lp_s1      2.87919      0.000    564  
  cop_0152_lp_s1      2.02409      0.000    790  
  cop_0153_lp_s1      6.05992      0.000    234  
  cop_0154_lp_s1     18.25536      0.000     56  
  cop_0155_lp_s1      3.99947      0.000    322  
  cop_0156_lp_s1      1.82166      0.000    879  
  cop_0157_lp_s1      1.75112      0.000    912  
  cop_0158_lp_s1     12.05871      0.000    118  
  cop_0159_lp_s1      6.23389      0.000    199  
  cop_0160_lp_s1      7.76195      0.000    110  
  cop_0161_lp_s1      2.14405      0.000    739  
  cop_0162_lp_s1      2.24077      0.000    710  
  cop_0163_lp_s1      4.93964      0.000    283  
  cop_0164_lp_s1      7.18121      0.000    157  
  cop_0165_lp_s1      1.80525      0.000    891  
  cop_0166_lp_s1      1.61658      0.000    967  
  cop_0167_lp_s1     10.56484      0.000     73  
  cop_0168_lp_s1      9.40659      0.000     75  
  cop_0169_lp_s1      1.88883      0.000    858  
  cop_0170_lp_s1      2.71233      0.000    587  
  cop_0171_lp_s1      2.05366      0.000    785  
  cop_0172_lp_s1      1.71889      0.000    929  
  cop_0173_lp_s1      2.13157      0.000    741  
  cop_0174_lp_s1      3.05665      0.000    504  
  cop_0175_lp_s1      5.38688      0.000    169  
  cop_0176_lp_s1      2.71670      0.000    538  
  cop_0177_lp_s1      3.26453      0.000    418  
  cop_0178_lp_s1      6.19479      0.000    188  
  cop_0179_lp_s1      2.48460      0.000    655  
  cop_0180_lp_s1      2.61157      0.000    609  
  cop_0181_lp_s1      3.10235      0.000    480  
  cop_0182_lp_s1      2.16063      0.000    750  
  cop_0183_lp_s1      1.81118      0.000    883  
  cop_0184_lp_s1     14.49457      0.000     40  
  cop_0185_lp_s1      2.04392      0.000    780  
  cop_0186_lp_s1      1.88972      0.000    840  
  cop_0187_lp_s1      2.23818      0.000    708  
  cop_0188_lp_s1      5.53989      0.000    198  
  cop_0189_lp_s1      2.90258      0.000    471  
  cop_0190_lp_s1      4.42553      0.000    317  
  cop_0191_lp_s1      1.33592      1.000      -  yes
  cop_0192_lp_s1      3.53336      0.000    373  
  cop_0193_lp_s1      2.83824      0.000    529  
  cop_0194_lp_s1      2.19169      0.000    734  
  cop_0195_lp_s1      3.19855      0.000    484  
  cop_0196_lp_s1      2.67444      0.000    610  
  cop_0197_lp_s1      4.04315      0.000    352  
  cop_0198_lp_s1      3.82075      0.000    366  
  cop_0199_lp_s1      2.56689      0.000    596  
  cop_0200_lp_s1      2.51536      0.000    622  
  cop_0201_lp_s1      2.09392      0.000    767  
  cop_0202_lp_s1     14.43362      0.000     98  
  cop_0203_lp_s1      3.09641      0.000    439  
  cop_0204_lp_s1      2.86015      0.000    560  
  cop_0205_lp_s1      1.53309      0.000    986  
  cop_0206_lp_s1     10.79598      0.000     57  
  cop_0207_lp_s1      2.01692      0.000    802  
  cop_0208_lp_s1      3.89561      0.000    372  
  cop_0209_lp_s1      4.46897      0.000    258  
  cop_0210_lp_s1      3.41253      0.000    386  
  cop_0211_lp_s1      1.59711      0.000    975  
  cop_0212_lp_s1     16.08583      0.000     36  
  cop_0213_lp_s1      1.74831      0.000    911  
  cop_0214_lp_s1     57.67791      0.000     30  
  cop_0215_lp_s1      4.16862      0.000    287  
  cop_0216_lp_s1      4.44043      0.000    280  
  cop_0217_lp_s1      5.58005      0.000    265  
  cop_0218_lp_s1      2.90431      0.000    572  
  cop_0219_lp_s1    212.23753      0.000      1  
  cop_0220_lp_s1      2.00124      0.000    809  
  cop_0221_lp_s1      2.96095      0.000    558  
  cop_0222_lp_s1      3.61542      0.000    396  
  cop_0223_lp_s1      5.22381      0.000    202  
  cop_0224_lp_s1      3.48269      0.000    424  
  cop_0225_lp_s1      2.74971      0.000    524  
  cop_0226_lp_s1      1.85796      0.000    873  
  cop_0227_lp_s1      2.63876      0.000    577  
  cop_0228_lp_s1      1.97862      0.000    811  
  cop_0229_lp_s1     10.40772      0.000     80  
  cop_0230_lp_s1    163.85055      0.000     23  
  cop_0231_lp_s1      1.66014      0.000    950  
  cop_0232_lp_s1      2.37367      0.000    649  
  cop_0233_lp_s1      3.67459      0.000    364  
  cop_0234_lp_s1      3.06798      0.000    506  
  cop_0235_lp_s1      4.64385      0.000    293  
  cop_0236_lp_s1      2.07206      0.000    765  
  cop_0237_lp_s1      2.68475      0.000    554  
  cop_0238_lp_s1      4.14742      0.000    344  
  cop_0239_lp_s1      2.27828      0.000    678  
  cop_0240_lp_s1      1.78409      0.000    889  
  cop_0241_lp_s1      1.54562      0.000    985  
  cop_0242_lp_s1      4.38092      0.000    284  
  cop_0243_lp_s1      2.27518      0.000    676  
  cop_0244_lp_s1      7.77817      0.000    134  
  cop_0245_lp_s1      8.76158      0.000     84  
  cop_0246_lp_s1      3.18658      0.000    482  
  cop_0247_lp_s1      3.03581      0.000    539  
  cop_0248_lp_s1      3.07971      0.000    476  
  cop_0249_lp_s1      2.08434      0.000    757  
  cop_0250_lp_s1      2.58955      0.000    625  
  cop_0251_lp_s1      5.36722      0.000    241  
  cop_0252_lp_s1      2.56935      0.000    605  
  cop_0253_lp_s1     22.35708      0.000     37  
  cop_0254_lp_s1      1.96791      0.000    800  
  cop_0255_lp_s1      1.89611      0.000    834  
  cop_0256_lp_s1      1.86912      0.000    872  
  cop_0257_lp_s1     41.10502      0.000     14  
  cop_0258_lp_s1      2.93597      0.000    540  
  cop_0259_lp_s1      3.93884      0.000    349  
  cop_0260_lp_s1      3.59585      0.000    393  
  cop_0261_lp_s1      3.74652      0.000    336  
  cop_0262_lp_s1     20.36232      0.000     24  
  cop_0263_lp_s1     10.98656      0.000     48  
  cop_0264_lp_s1      3.02402      0.000    513  
  cop_0265_lp_s1      2.21881      0.000    730  
  cop_0266_lp_s1      8.22039      0.000    204  
  cop_0267_lp_s1      2.18218      0.000    746  
  cop_0268_lp_s1      2.67309      0.000    585  
  cop_0269_lp_s1      1.62865      0.000    956  
  cop_0270_lp_s1      6.05752      0.000    162  
  cop_0271_lp_s1      5.25153      0.000    213  
  cop_0272_lp_s1      3.20938      0.000    421  
  cop_0273_lp_s1      3.84271      0.000    325  
  cop_0274_lp_s1      1.94529      0.000    836  
  cop_0275_lp_s1      5.69760      0.000    168  
  cop_0276_lp_s1      6.92615      0.000    144  
  cop_0277_lp_s1      2.26189      0.000    718  
  cop_0278_lp_s1      5.50013      0.000    252  
  cop_0279_lp_s1      5.29009      0.000    250  
  cop_0280_lp_s1      2.88103      0.000    545  
  cop_0281_lp_s1      1.70159      0.000    934  
  cop_0282_lp_s1      2.44154      0.000    646  
  cop_0283_lp_s1      4.61649      0.000    282  
  cop_0284_lp_s1      2.81507      0.000    573  
  cop_0285_lp_s1      1.60447      0.000    976  
  cop_0286_lp_s1      5.14806      0.000    270  
  cop_0287_lp_s1      9.03097      0.000    106  
  cop_0288_lp_s1      2.31804      0.000    688  
  cop_0289_lp_s1      2.59127      0.000    606  
  cop_0290_lp_s1      5.99149      0.000    222  
  cop_0291_lp_s1      6.13725      0.000    219  
  cop_0292_lp_s1      2.81392      0.000    570  
  cop_0293_lp_s1      2.68994      0.000    535  
  cop_0294_lp_s1      2.93568      0.000    464  
  cop_0295_lp_s1      4.61072      0.000    324  
  cop_0296_lp_s1      3.48890      0.000    401  
  cop_0297_lp_s1     31.93910      0.000     10  
  cop_0298_lp_s1      1.60363      0.000    972  
  cop_0299_lp_s1      1.77126      0.000    907  
  cop_0300_lp_s1     10.95372      0.000     71  
  cop_0301_lp_s1      3.81796      0.000    380  
  cop_0302_lp_s1      2.14555      0.000    728  
  cop_0303_lp_s1      4.23433      0.000    269  
  cop_0304_lp_s1      5.70248      0.000    172  
  cop_0305_lp_s1      4.48965      0.000    354  
  cop_0306_lp_s1      2.17809      0.000    735  
  cop_0307_lp_s1      3.61403      0.000    347  
  cop_0308_lp_s1     28.24492      0.000     27  
  cop_0309_lp_s1      3.28700      0.000    468  
  cop_0310_lp_s1      2.75180      0.000    575  
  cop_0311_lp_s1      4.98295      0.000    254  
  cop_0312_lp_s1      2.05658      0.000    769  
  cop_0313_lp_s1      3.01345      0.000    517  
  cop_0314_lp_s1      2.86723      0.000    523  
  cop_0315_lp_s1      4.53927      0.000    243  
  cop_0316_lp_s1      2.43625      0.000    658  
  cop_0317_lp_s1      1.71827      0.000    931  
  cop_0318_lp_s1      3.14019      0.000    490  
  cop_0319_lp_s1      3.01409      0.000    496  
  cop_0320_lp_s1      1.86059      0.000    855  
  cop_0321_lp_s1      1.92357      0.000    832  
  cop_0322_lp_s1      4.65567      0.000    316  
  cop_0323_lp_s1     93.21006      0.000     12  
  cop_0324_lp_s1      4.25324      0.000    363  
  cop_0325_lp_s1     12.73038      0.000     67  
  cop_0326_lp_s1      7.56984      0.000    147  
  cop_0327_lp_s1     15.49136      0.000     39  
  cop_0328_lp_s1      5.02257      0.000    223  
  cop_0329_lp_s1     39.03097      0.000     11  
  cop_0330_lp_s1      3.88531      0.000    382  
  cop_0331_lp_s1      3.50736      0.000    417  
  cop_0332_lp_s1      8.32877      0.000     94  
  cop_0333_lp_s1     10.42103      0.000    108  
  cop_0334_lp_s1      2.27451      0.000    692  
  cop_0335_lp_s1      1.75080      0.000    908  
  cop_0336_lp_s1      3.47828      0.000    399  
  cop_0337_lp_s1      1.97208      0.000    808  
  cop_0338_lp_s1      1.85408      0.000    870  
  cop_0339_lp_s1      2.99537      0.000    479  
  cop_0340_lp_s1      4.19842      0.000    353  
  cop_0341_lp_s1      3.99450      0.000    376  
  cop_0342_lp_s1      4.77772      0.000    313  
  cop_0343_lp_s1      1.75301      0.000    916  
  cop_0344_lp_s1      4.62189      0.000    329  
  cop_0345_lp_s1      3.41987      0.000    420  
  cop_0346_lp_s1      2.00180      0.000    795  
  cop_0347_lp_s1      1.50895      0.000    989  
  cop_0348_lp_s1      1.76478      0.000    899  
  cop_0349_lp_s1      1.78993      0.000    885  
  cop_0350_lp_s1      2.04981      0.000    761  
  cop_0351_lp_s1      1.66088      0.000    951  
  cop_0352_lp_s1      2.94329      0.000    561  
  cop_0353_lp_s1      1.94090      0.000    829  
  cop_0354_lp_s1      7.94198      0.000    145  
  cop_0355_lp_s1      2.46792      0.000    619  
  cop_0356_lp_s1      1.50090      0.000    990  
  cop_0357_lp_s1      3.84820      0.000    335  
  cop_0358_lp_s1      3.83671      0.000    383  
  cop_0359_lp_s1      7.17535      0.000    121  
  cop_0360_lp_s1      4.50040      0.000    330  
  cop_0361_lp_s1      1.83236      0.000    878  
  cop_0362_lp_s1     21.45487      0.000     45  
  cop_0363_lp_s1      3.22178      0.000    430  
  cop_0364_lp_s1      2.00614      0.000    806  
  cop_0365_lp_s1      7.41501      0.000    167  
  cop_0366_lp_s1     11.47769      0.000     82  
  cop_0367_lp_s1      1.68502      0.000    947  
  cop_0368_lp_s1      1.94929      0.000    817  
  cop_0369_lp_s1      1.78980      0.000    887  
  cop_0370_lp_s1      5.16296      0.000    225  
  cop_0371_lp_s1      3.11563      0.000    489  
  cop_0372_lp_s1      4.08350      0.000    357  
  cop_0373_lp_s1      2.65695      0.000    617  
  cop_0374_lp_s1      1.70542      0.000    935  
  cop_0375_lp_s1     23.72638      0.000     18  
  cop_0376_lp_s1      4.80756      0.000    309  
  cop_0377_lp_s1      2.00827      0.000    804  
  cop_0378_lp_s1      2.35893      0.000    667  
  cop_0379_lp_s1      7.78937      0.000     91  
  cop_0380_lp_s1      6.87055      0.000    174  
  cop_0381_lp_s1     18.38940      0.000     44  
  cop_0382_lp_s1      2.23027      0.000    704  
  cop_0383_lp_s1      3.78250      0.000    389  
  cop_0384_lp_s1      3.94709      0.000    384  
  cop_0385_lp_s1      4.11901      0.000    306  
  cop_0386_lp_s1      2.89240      0.000    568  
  cop_0387_lp_s1      9.60339      0.000     65  
  cop_0388_lp_s1     20.44948      0.000     13  
  cop_0389_lp_s1     34.39727      0.000      8  
  cop_0390_lp_s1      1.84614      0.000    867  
  cop_0391_lp_s1     16.47849      0.000     31  
  cop_0392_lp_s1      3.39900      0.000    385  
  cop_0393_lp_s1      9.84375      0.000     78  
  cop_0394_lp_s1      5.33055      0.000    180  
  cop_0395_lp_s1      3.01170      0.000    503  
  cop_0396_lp_s1      1.79036      0.000    884  
  cop_0397_lp_s1      1.62216      0.000    961  
  cop_0398_lp_s1      4.19449      0.000    392  
  cop_0399_lp_s1      1.74026      0.000    909  
  cop_0400_lp_s1      2.49217      0.000    628  
  cop_0401_lp_s1      3.25160      0.000    443  
  cop_0402_lp_s1      5.70561      0.000    166  
  cop_0403_lp_s1      2.55151      0.000    598  
  cop_0404_lp_s1      5.36696      0.000    253  
  cop_0405_lp_s1      6.30415      0.000    238  
  cop_0406_lp_s1      4.34468      0.000    301  
  cop_0407_lp_s1      3.18333      0.000    475  
  cop_0408_lp_s1      2.39398      0.000    671  
  cop_0409_lp_s1      4.02535      0.000    378  
  cop_0410_lp_s1      1.48082      0.000    994  
  cop_0411_lp_s1    243.30178      0.000      3  
  cop_0412_lp_s1     11.09528      0.000     41  
  cop_0413_lp_s1      1.73679      0.000    915  
  cop_0414_lp_s1      7.81042      0.000    109  
  cop_0415_lp_s1      5.24769      0.000    245  
  cop_0416_lp_s1      3.69488      0.000    356  
  cop_0417_lp_s1      2.94573      0.000    460  
  cop_0418_lp_s1      5.67491      0.000    247  
  cop_0419_lp_s1      7.35170      0.000    190  
  cop_0420_lp_s1      4.68259      0.000    295  
  cop_0421_lp_s1      3.32041      0.000    438  
  cop_0422_lp_s1      1.80583      0.000    881  
  cop_0423_lp_s1      1.74917      0.000    906  
  cop_0424_lp_s1      1.72359      0.000    927  
  cop_0425_lp_s1     11.64190      0.000     51  
  cop_0426_lp_s1      1.60286      0.000    973  
  cop_0427_lp_s1      5.38382      0.000    217  
  cop_0428_lp_s1      1.87260      0.000    857  
  cop_0429_lp_s1      1.61295      0.000    965  
  cop_0430_lp_s1      2.88802      0.000    463  
  cop_0431_lp_s1      2.23948      0.000    680  
  cop_0432_lp_s1      2.63581      0.000    592  
  cop_0433_lp_s1      3.17062      0.000    432  
  cop_0434_lp_s1      4.37803      0.000    368  
  cop_0435_lp_s1      1.82763      0.000    874  
  cop_0436_lp_s1      2.22644      0.000    719  
  cop_0437_lp_s1      1.44145      0.000    997  
  cop_0438_lp_s1      2.83655      0.000    488  
  cop_0439_lp_s1      2.29771      0.000    691  
  cop_0440_lp_s1      1.92015      0.000    828  
  cop_0441_lp_s1      2.83848      0.000    542  
  cop_0442_lp_s1      2.47329      0.000    607  
  cop_0443_lp_s1      2.17629      0.000    726  
  cop_0444_lp_s1      1.72797      0.000    922  
  cop_0445_lp_s1      2.78762      0.000    519  
  cop_0446_lp_s1     44.16436      0.000      4  
  cop_0447_lp_s1      3.27353      0.000    431  
  cop_0448_lp_s1      3.38117      0.000    405  
  cop_0449_lp_s1      5.62850      0.000    154  
  cop_0450_lp_s1      1.92340      0.000    823  
  cop_0451_lp_s1      3.12396      0.000    501  
  cop_0452_lp_s1      3.50693      0.000    413  
  cop_0453_lp_s1      2.37596      0.000    674  
  cop_0454_lp_s1      5.44575      0.000    146  
  cop_0455_lp_s1      6.70724      0.000    230  
  cop_0456_lp_s1      5.30616      0.000    261  
  cop_0457_lp_s1      1.66417      0.000    949  
  cop_0458_lp_s1      2.06510      0.000    773  
  cop_0459_lp_s1      2.03818      0.000    771  
  cop_0460_lp_s1      1.89208      0.000    843  
  cop_0461_lp_s1      7.76593      0.000     62  
  cop_0462_lp_s1      2.97818      0.000    486  
  cop_0463_lp_s1      3.03675      0.000    515  
  cop_0464_lp_s1      2.17953      0.000    737  
  cop_0465_lp_s1      2.26034      0.000    701  
  cop_0466_lp_s1      1.75644      0.000    898  
  cop_0467_lp_s1      2.24011      0.000    693  
  cop_0468_lp_s1      4.15115      0.000    285  
  cop_0469_lp_s1      1.99395      0.000    805  
  cop_0470_lp_s1      3.22441      0.000    434  
  cop_0471_lp_s1      3.29930      0.000    444  
  cop_0472_lp_s1      3.87990      0.000    398  
  cop_0473_lp_s1      3.08168      0.000    458  
  cop_0474_lp_s1      2.52274      0.000    637  
  cop_0475_lp_s1      4.67133      0.000    288  
  cop_0476_lp_s1      2.48337      0.000    633  
  cop_0477_lp_s1      1.88944      0.000    844  
  cop_0478_lp_s1      1.62995      0.000    958  
  cop_0479_lp_s1      2.03810      0.000    799  
  cop_0480_lp_s1      1.87143      0.000    861  
  cop_0481_lp_s1      1.92434      0.000    835  
  cop_0482_lp_s1      2.21253      0.000    720  
  cop_0483_lp_s1      3.10317      0.000    436  
  cop_0484_lp_s1      4.99867      0.000    237  
  cop_0485_lp_s1      3.93864      0.000    409  
  cop_0486_lp_s1     11.78867      0.000    102  
  cop_0487_lp_s1      7.39244      0.000    159  
  cop_0488_lp_s1      6.78450      0.000    153  
  cop_0489_lp_s1      2.41579      0.000    660  
  cop_0490_lp_s1      5.23955      0.000    289  
  cop_0491_lp_s1      7.66731      0.000    142  
  cop_0492_lp_s1      3.89370      0.000    377  
  cop_0493_lp_s1      3.28895      0.000    467  
  cop_0494_lp_s1      1.89786      0.000    850  
  cop_0495_lp_s1      3.29510      0.000    446  
  cop_0496_lp_s1      5.32845      0.000    240  
  cop_0497_lp_s1      2.53209      0.000    643  
  cop_0498_lp_s1      2.19511      0.000    713  
  cop_0499_lp_s1      3.96059      0.000    308  
  cop_0500_lp_s1      1.92655      0.000    854  
  cop_0501_lp_s1      2.09412      0.000    753  
  cop_0502_lp_s1      2.15108      0.000    760  
  cop_0503_lp_s1      1.89461      0.000    849  
  cop_0504_lp_s1      3.24092      0.000    415  
  cop_0505_lp_s1      3.24423      0.000    403  
  cop_0506_lp_s1      3.23910      0.000    478  
  cop_0507_lp_s1      3.09472      0.000    508  
  cop_0508_lp_s1      6.10220      0.000    187  
  cop_0509_lp_s1      2.00875      0.000    794  
  cop_0510_lp_s1      1.55274      0.000    984  
  cop_0511_lp_s1     20.64127      0.000     70  
  cop_0512_lp_s1      2.52773      0.000    618  
  cop_0513_lp_s1      2.20371      0.000    740  
  cop_0514_lp_s1      2.05895      0.000    770  
  cop_0515_lp_s1      3.18942      0.000    425  
  cop_0516_lp_s1      1.95768      0.000    818  
  cop_0517_lp_s1      6.18470      0.000    179  
  cop_0518_lp_s1      2.29317      0.000    685  
  cop_0519_lp_s1      1.44249      0.000    998  
  cop_0520_lp_s1      2.11327      0.000    772  
  cop_0521_lp_s1      4.54220      0.000    319  
  cop_0522_lp_s1      3.65938      0.000    346  
  cop_0523_lp_s1      1.86887      0.000    862  
  cop_0524_lp_s1      2.77260      0.000    580  
  cop_0525_lp_s1      1.91634      0.000    820  
  cop_0526_lp_s1      1.62005      0.000    959  
  cop_0527_lp_s1      1.70901      0.000    925  
  cop_0528_lp_s1      7.18115      0.000    111  
  cop_0529_lp_s1      2.16524      0.000    727  
  cop_0530_lp_s1      3.26747      0.000    437  
  cop_0531_lp_s1      2.28714      0.000    687  
  cop_0532_lp_s1      7.79169      0.000    156  
  cop_0533_lp_s1      1.63157      0.000    960  
  cop_0534_lp_s1      1.48779      0.000    993  
  cop_0535_lp_s1      9.99242      0.000    126  
  cop_0536_lp_s1      2.12166      0.000    742  
  cop_0537_lp_s1      3.88089      0.000    362  
  cop_0538_lp_s1      1.60792      0.000    969  
  cop_0539_lp_s1      4.25894      0.000    334  
  cop_0540_lp_s1      2.16463      0.000    729  
  cop_0541_lp_s1      2.63688      0.000    612  
  cop_0542_lp_s1      2.08926      0.000    751  
  cop_0543_lp_s1      2.89594      0.000    562  
  cop_0544_lp_s1      2.18661      0.000    745  
  cop_0545_lp_s1      2.81620      0.000    530  
  cop_0546_lp_s1      3.36135      0.000    390  
  cop_0547_lp_s1      3.03627      0.000    491  
  cop_0548_lp_s1     12.57364      0.000     61  
  cop_0549_lp_s1     77.95198      0.000      9  
  cop_0550_lp_s1      7.36982      0.000    137  
  cop_0551_lp_s1      5.26562      0.000    200  
  cop_0552_lp_s1      1.70425      0.000    938  
  cop_0553_lp_s1      1.99154      0.000    796  
  cop_0554_lp_s1      1.56640      0.000    979  
  cop_0555_lp_s1      2.23540      0.000    697  
  cop_0556_lp_s1      2.77267      0.000    505  
  cop_0557_lp_s1      4.68153      0.000    358  
  cop_0558_lp_s1     10.76189      0.000    103  
  cop_0559_lp_s1      3.91552      0.000    343  
  cop_0560_lp_s1      5.69390      0.000    224  
  cop_0561_lp_s1      2.26463      0.000    722  
  cop_0562_lp_s1     39.78970      0.000     20  
  cop_0563_lp_s1      4.69568      0.000    278  
  cop_0564_lp_s1      2.63862      0.000    591  
  cop_0565_lp_s1      3.48421      0.000    395  
  cop_0566_lp_s1      2.21809      0.000    709  
  cop_0567_lp_s1      7.54681      0.000    155  
  cop_0568_lp_s1      2.86662      0.000    516  
  cop_0569_lp_s1      3.40929      0.000    472  
  cop_0570_lp_s1      2.06072      0.000    766  
  cop_0571_lp_s1      2.43978      0.000    663  
  cop_0572_lp_s1     12.99435      0.000     43  
  cop_0573_lp_s1      5.52534      0.000    229  
  cop_0574_lp_s1      1.89526      0.000    838  
  cop_0575_lp_s1      2.23023      0.000    705  
  cop_0576_lp_s1      3.48728      0.000    374  
  cop_0577_lp_s1      1.87239      0.000    863  
  cop_0578_lp_s1      3.75779      0.000    397  
  cop_0579_lp_s1      9.41668      0.000     60  
  cop_0580_lp_s1      5.47611      0.000    236  
  cop_0581_lp_s1      2.69957      0.000    616  
  cop_0582_lp_s1      9.80931      0.000     66  
  cop_0583_lp_s1      6.29629      0.000    231  
  cop_0584_lp_s1      6.77359      0.000    116  
  cop_0585_lp_s1      3.85402      0.000    375  
  cop_0586_lp_s1      2.48721      0.000    620  
  cop_0587_lp_s1      3.28212      0.000    459  
  cop_0588_lp_s1      4.24611      0.000    279  
  cop_0589_lp_s1      4.34733      0.000    331  
  cop_0590_lp_s1      4.99616      0.000    242  
  cop_0591_lp_s1     19.25031      0.000     90  
  cop_0592_lp_s1      2.65074      0.000    579  
  cop_0593_lp_s1      1.67474      0.000    945  
  cop_0594_lp_s1      2.17163      0.000    733  
  cop_0595_lp_s1      3.01000      0.000    550  
  cop_0596_lp_s1      1.83869      0.000    882  
  cop_0597_lp_s1      2.03640      0.000    791  
  cop_0598_lp_s1      1.61747      0.000    968  
  cop_0599_lp_s1      2.72314      0.000    555  
  cop_0600_lp_s1      2.33277      0.000    684  
  cop_0601_lp_s1      2.98608      0.000    528  
  cop_0602_lp_s1      5.08374      0.000    262  
  cop_0603_lp_s1      4.88779      0.000    192  
  cop_0604_lp_s1      1.85262      0.000    871  
  cop_0605_lp_s1      5.65666      0.000    183  
  cop_0606_lp_s1      3.12625      0.000    494  
  cop_0607_lp_s1      8.39333      0.000    124  
  cop_0608_lp_s1      7.23272      0.000     95  
  cop_0609_lp_s1      6.06210      0.000    235  
  cop_0610_lp_s1      6.41039      0.000    239  
  cop_0611_lp_s1      3.44410      0.000    427  
  cop_0612_lp_s1      6.39082      0.000    143  
  cop_0613_lp_s1      4.01996      0.000    298  
  cop_0614_lp_s1      4.02791      0.000    303  
  cop_0615_lp_s1      2.11232      0.000    736  
  cop_0616_lp_s1      3.27508      0.000    442  
  cop_0617_lp_s1      2.67828      0.000    586  
  cop_0618_lp_s1      4.77168      0.000    311  
  cop_0619_lp_s1      2.65937      0.000    569  
  cop_0620_lp_s1      2.30318      0.000    683  
  cop_0621_lp_s1      5.45700      0.000    186  
  cop_0622_lp_s1      1.95430      0.000    822  
  cop_0623_lp_s1      3.95829      0.000    365  
  cop_0624_lp_s1      1.96585      0.000    825  
  cop_0625_lp_s1      2.44475      0.000    634  
  cop_0626_lp_s1     10.35905      0.000    115  
  cop_0627_lp_s1      3.00630      0.000    423  
  cop_0628_lp_s1      1.78633      0.000    888  
  cop_0629_lp_s1      2.00939      0.000    803  
  cop_0630_lp_s1      3.60687      0.000    359  
  cop_0631_lp_s1      2.26479      0.000    703  
  cop_0632_lp_s1      7.78443      0.000     77  
  cop_0633_lp_s1      2.77883      0.000    553  
  cop_0634_lp_s1      1.68819      0.000    943  
  cop_0635_lp_s1      2.10746      0.000    748  
  cop_0636_lp_s1      4.67540      0.000    305  
  cop_0637_lp_s1     26.63488      0.000     93  
  cop_0638_lp_s1      3.02091      0.000    497  
  cop_0639_lp_s1      2.98675      0.000    514  
  cop_0640_lp_s1      3.55150      0.000    400  
  cop_0641_lp_s1      2.41356      0.000    662  
  cop_0642_lp_s1      1.56820      0.000    981  
  cop_0643_lp_s1      2.12383      0.000    756  
  cop_0644_lp_s1      3.13257      0.000    449  
  cop_0645_lp_s1      2.73754      0.000    557  
  cop_0646_lp_s1      2.17264      0.000    724  
  cop_0647_lp_s1      2.09547      0.000    764  
  cop_0648_lp_s1    148.70948      0.000      2  
  cop_0649_lp_s1      3.28699      0.000    448  
  cop_0650_lp_s1      1.99050      0.000    813  
  cop_0651_lp_s1      4.19615      0.000    342  
  cop_0652_lp_s1      1.66463      0.000    948  
  cop_0653_lp_s1      2.39010      0.000    670  
  cop_0654_lp_s1      1.68841      0.000    939  
  cop_0655_lp_s1      7.25277      0.000     88  
  cop_0656_lp_s1      4.70713      0.000    210  
  cop_0657_lp_s1      8.58568      0.000     69  
  cop_0658_lp_s1      4.76113      0.000    294  
  cop_0659_lp_s1      3.96956      0.000    304  
  cop_0660_lp_s1      1.63111      0.000    955  
  cop_0661_lp_s1      1.71233      0.000    932  
  cop_0662_lp_s1      5.43721      0.000    193  
  cop_0663_lp_s1      4.39473      0.000    271  
  cop_0664_lp_s1      1.83858      0.000    876  
  cop_0665_lp_s1      1.69119      0.000    941  
  cop_0666_lp_s1      2.59952      0.000    608  
  cop_0667_lp_s1      2.78406      0.000    574  
  cop_0668_lp_s1      3.14391      0.000    454  
  cop_0669_lp_s1      4.16287      0.000    300  
  cop_0670_lp_s1     32.46623      0.000     33  
  cop_0671_lp_s1      2.84795      0.000    520  
  cop_0672_lp_s1      2.82506      0.000    526  
  cop_0673_lp_s1      1.93626      0.000    816  
  cop_0674_lp_s1      5.41707      0.000    248  
  cop_0675_lp_s1      6.67066      0.000    215  
  cop_0676_lp_s1      3.61732      0.000    367  
  cop_0677_lp_s1      7.66099      0.000    161  
  cop_0678_lp_s1      3.22593      0.000    404  
  cop_0679_lp_s1     44.71013      0.000     16  
  cop_0680_lp_s1      3.87845      0.000    337  
  cop_0681_lp_s1      5.25125      0.000    189  
  cop_0682_lp_s1      3.28148      0.000    433  
  cop_0683_lp_s1      1.85323      0.000    868  
  cop_0684_lp_s1      1.76154      0.000    896  
  cop_0685_lp_s1      1.95191      0.000    819  
  cop_0686_lp_s1      1.72220      0.000    924  
  cop_0687_lp_s1      6.03007      0.000    206  
  cop_0688_lp_s1      2.61454      0.000    595  
  cop_0689_lp_s1      2.04827      0.000    763  
  cop_0690_lp_s1     22.50311      0.000     26  
  cop_0691_lp_s1      1.73194      0.000    919  
  cop_0692_lp_s1      2.03328      0.000    762  
  cop_0693_lp_s1      3.33089      0.000    379  
  cop_0694_lp_s1      1.92383      0.000    824  
  cop_0695_lp_s1      8.50403      0.000     72  
  cop_0696_lp_s1      1.72445      0.000    921  
  cop_0697_lp_s1      1.86788      0.000    852  
  cop_0698_lp_s1      3.63297      0.000    391  
  cop_0699_lp_s1      7.00447      0.000    214  
  cop_0700_lp_s1      9.40624      0.000    100  
  cop_0701_lp_s1      6.32874      0.000    207  
  cop_0702_lp_s1      1.48159      0.000    995  
  cop_0703_lp_s1      2.93484      0.000    563  
  cop_0704_lp_s1     23.41738      0.000     55  
  cop_0705_lp_s1      2.70542      0.000    602  
  cop_0706_lp_s1      2.97323      0.000    527  
  cop_0707_lp_s1      2.09361      0.000    758  
  cop_0708_lp_s1      1.53030      0.000    987  
  cop_0709_lp_s1      7.91114      0.000    119  
  cop_0710_lp_s1      4.67326      0.000    315  
  cop_0711_lp_s1      2.07856      0.000    754  
  cop_0712_lp_s1      2.23159      0.000    694  
  cop_0713_lp_s1      2.37455      0.000    659  
  cop_0714_lp_s1      5.41005      0.000    255  
  cop_0715_lp_s1      1.79812      0.000    892  
  cop_0716_lp_s1      5.55056      0.000    268  
  cop_0717_lp_s1      1.42645      0.000    999  
  cop_0718_lp_s1      5.54843      0.000    177  
  cop_0719_lp_s1      2.96180      0.000    536  
  cop_0720_lp_s1      1.71422      0.000    930  
  cop_0721_lp_s1      5.38602      0.000    233  
  cop_0722_lp_s1      5.42391      0.000    251  
  cop_0723_lp_s1      2.70763      0.000    566  
  cop_0724_lp_s1      2.97771      0.000    466  
  cop_0725_lp_s1      1.94655      0.000    821  
  cop_0726_lp_s1      3.01657      0.000    510  
  cop_0727_lp_s1      1.89220      0.000    864  
  cop_0728_lp_s1      2.67739      0.000    581  
  cop_0729_lp_s1      2.27023      0.000    698  
  cop_0730_lp_s1      3.88424      0.000    332  
  cop_0731_lp_s1      1.91333      0.000    853  
  cop_0732_lp_s1      5.54583      0.000    175  
  cop_0733_lp_s1      3.53713      0.000    440  
  cop_0734_lp_s1      6.69497      0.000    141  
  cop_0735_lp_s1      2.20801      0.000    732  
  cop_0736_lp_s1      2.19510      0.000    715  
  cop_0737_lp_s1      9.30447      0.000     68  
  cop_0738_lp_s1      2.04812      0.000    776  
  cop_0739_lp_s1     14.43443      0.000     74  
  cop_0740_lp_s1      1.70366      0.000    933  
  cop_0741_lp_s1      1.98247      0.000    798  
  cop_0742_lp_s1      2.13427      0.000    759  
  cop_0743_lp_s1      3.49191      0.000    412  
  cop_0744_lp_s1      4.23604      0.000    277  
  cop_0745_lp_s1      3.95931      0.000    328  
  cop_0746_lp_s1      3.75317      0.000    361  
  cop_0747_lp_s1      6.17814      0.000    226  
  cop_0748_lp_s1      2.33499      0.000    686  
  cop_0749_lp_s1      3.18258      0.000    406  
  cop_0750_lp_s1      2.00816      0.000    778  
  cop_0751_lp_s1      1.61157      0.000    966  
  cop_0752_lp_s1      7.48438      0.000     96  
  cop_0753_lp_s1      3.66193      0.000    369  
  cop_0754_lp_s1      6.04178      0.000    128  
  cop_0755_lp_s1      4.58407      0.000    263  
  cop_0756_lp_s1      2.03737      0.000    787  
  cop_0757_lp_s1      2.24818      0.000    721  
  cop_0758_lp_s1      2.68853      0.000    546  
  cop_0759_lp_s1      3.28493      0.000    462  
  cop_0760_lp_s1      4.53523      0.000    333  
  cop_0761_lp_s1      3.87272      0.000    351  
  cop_0762_lp_s1      2.95433      0.000    521  
  cop_0763_lp_s1      2.01753      0.000    792  
  cop_0764_lp_s1      2.17146      0.000    749  
  cop_0765_lp_s1      2.44337      0.000    657  
  cop_0766_lp_s1      2.59463      0.000    613  
  cop_0767_lp_s1      6.58586      0.000    212  
  cop_0768_lp_s1    100.14106      0.000      5  
  cop_0769_lp_s1      2.46445      0.000    632  
  cop_0770_lp_s1      2.22127      0.000    716  
  cop_0771_lp_s1      3.61769      0.000    394  
  cop_0772_lp_s1      1.66115      0.000    946  
  cop_0773_lp_s1      1.56406      0.000    980  
  cop_0774_lp_s1      1.78456      0.000    900  
  cop_0775_lp_s1      3.33748      0.000    456  
  cop_0776_lp_s1      3.03416      0.000    531  
  cop_0777_lp_s1      1.62240      0.000    964  
  cop_0778_lp_s1      2.33447      0.000    679  
  cop_0779_lp_s1      1.95591      0.000    814  
  cop_0780_lp_s1      2.03033      0.000    789  
  cop_0781_lp_s1      4.04094      0.000    341  
  cop_0782_lp_s1      1.90782      0.000    833  
  cop_0783_lp_s1      7.14001      0.000    104  
  cop_0784_lp_s1      2.04248      0.000    784  
  cop_0785_lp_s1      7.51253      0.000    107  
  cop_0786_lp_s1      6.10288      0.000    272  
  cop_0787_lp_s1     21.17334      0.000     58  
  cop_0788_lp_s1      5.16887      0.000    274  
  cop_0789_lp_s1      3.13125      0.000    474  
  cop_0790_lp_s1      4.85716      0.000    249  
  cop_0791_lp_s1      3.63552      0.000    381  
  cop_0792_lp_s1      6.37258      0.000    127  
  cop_0793_lp_s1      2.31675      0.000    690  
  cop_0794_lp_s1      2.08873      0.000    752  
  cop_0795_lp_s1      2.78286      0.000    551  
  cop_0796_lp_s1      1.78427      0.000    890  
  cop_0797_lp_s1      3.62852      0.000    426  
  cop_0798_lp_s1      2.92652      0.000    512  
  cop_0799_lp_s1      3.36868      0.000    388  
  cop_0800_lp_s1      2.69961      0.000    543  
  cop_0801_lp_s1      1.74720      0.000    901  
  cop_0802_lp_s1      2.05350      0.000    775  
  cop_0803_lp_s1      1.85449      0.000    859  
  cop_0804_lp_s1      2.74568      0.000    548  
  cop_0805_lp_s1      2.50407      0.000    626  
  cop_0806_lp_s1      2.55401      0.000    629  
  cop_0807_lp_s1      2.93209      0.000    487  
  cop_0808_lp_s1      7.60553      0.000    191  
  cop_0809_lp_s1      8.60836      0.000    101  
  cop_0810_lp_s1      8.76266      0.000     53  
  cop_0811_lp_s1      8.19240      0.000    123  
  cop_0812_lp_s1      7.10133      0.000    181  
  cop_0813_lp_s1      5.74036      0.000    196  
  cop_0814_lp_s1      2.43214      0.000    636  
  cop_0815_lp_s1      3.60875      0.000    410  
  cop_0816_lp_s1     16.96176      0.000     22  
  cop_0817_lp_s1      2.20796      0.000    711  
  cop_0818_lp_s1      3.31253      0.000    453  
  cop_0819_lp_s1      5.30021      0.000    197  
  cop_0820_lp_s1      1.85692      0.000    869  
  cop_0821_lp_s1      2.24840      0.000    700  
  cop_0822_lp_s1      3.48063      0.000    355  
  cop_0823_lp_s1      7.88065      0.000     89  
  cop_0824_lp_s1      1.55490      0.000    982  
  cop_0825_lp_s1      2.35952      0.000    669  
  cop_0826_lp_s1      1.97001      0.000    815  
  cop_0827_lp_s1      2.05124      0.000    783  
  cop_0828_lp_s1      2.36604      0.000    652  
  cop_0829_lp_s1      3.51640      0.000    407  
  cop_0830_lp_s1      6.04858      0.000    114  
  cop_0831_lp_s1      4.54478      0.000    314  
  cop_0832_lp_s1      1.51427      0.000    988  
  cop_0833_lp_s1      5.52903      0.000    194  
  cop_0834_lp_s1      2.50851      0.000    639  
  cop_0835_lp_s1      7.42443      0.000    170  
  cop_0836_lp_s1      5.13343      0.000    203  
  cop_0837_lp_s1      5.34487      0.000    256  
  cop_0838_lp_s1      2.80011      0.000    559  
  cop_0839_lp_s1      4.79702      0.000    292  
  cop_0840_lp_s1      2.40185      0.000    664  
  cop_0841_lp_s1      1.99418      0.000    793  
  cop_0842_lp_s1      4.58198      0.000    273  
  cop_0843_lp_s1      2.22938      0.000    681  
  cop_0844_lp_s1      2.36502      0.000    645  
  cop_0845_lp_s1      6.68212      0.000    135  
  cop_0846_lp_s1      6.57013      0.000    205  
  cop_0847_lp_s1      6.47790      0.000    209  
  cop_0848_lp_s1      2.92480      0.000    556  
  cop_0849_lp_s1      1.91491      0.000    831  
  cop_0850_lp_s1      1.73947      0.000    918  
  cop_0851_lp_s1      4.21894      0.000    321  
  cop_0852_lp_s1      1.95338      0.000    812  
  cop_0853_lp_s1      2.32268      0.000    702  
  cop_0854_lp_s1      2.61939      0.000    623  
  cop_0855_lp_s1      2.55184      0.000    588  
  cop_0856_lp_s1      3.46632      0.000    435  
  cop_0857_lp_s1      3.31758      0.000    451  
  cop_0858_lp_s1      3.56818      0.000    429  
  cop_0859_lp_s1      1.74619      0.000    914  
  cop_0860_lp_s1      6.95269      0.000    122  
  cop_0861_lp_s1      2.54654      0.000    597  
  cop_0862_lp_s1      1.73732      0.000    910  
  cop_0863_lp_s1      2.21149      0.000    731  
  cop_0864_lp_s1      4.20531      0.000    348  
  cop_0865_lp_s1      9.27906      0.000    182  
  cop_0866_lp_s1      2.63121      0.000    600  
  cop_0867_lp_s1      2.02285      0.000    782  
  cop_0868_lp_s1      8.86024      0.000     79  
  cop_0869_lp_s1      6.53379      0.000    120  
  cop_0870_lp_s1     15.31026      0.000     21  
  cop_0871_lp_s1      1.77316      0.000    897  
  cop_0872_lp_s1      2.98571      0.000    532  
  cop_0873_lp_s1      7.00407      0.000    216  
  cop_0874_lp_s1      1.70895      0.000    936  
  cop_0875_lp_s1      1.92508      0.000    830  
  cop_0876_lp_s1      1.99021      0.000    810  
  cop_0877_lp_s1      3.04331      0.000    492  
  cop_0878_lp_s1      2.22471      0.000    707  
  cop_0879_lp_s1      2.25595      0.000    675  
  cop_0880_lp_s1      2.35885      0.000    668  
  cop_0881_lp_s1      3.22928      0.000    507  
  cop_0882_lp_s1      2.79579      0.000    544  
  cop_0883_lp_s1      7.80068      0.000     83  
  cop_0884_lp_s1      1.81969      0.000    880  
  cop_0885_lp_s1     18.37799      0.000     29  
  cop_0886_lp_s1      2.37127      0.000    651  
  cop_0887_lp_s1      7.92066      0.000    208  
  cop_0888_lp_s1      6.42289      0.000    232  
  cop_0889_lp_s1      2.04207      0.000    781  
  cop_0890_lp_s1     11.52941      0.000    129  
  cop_0891_lp_s1      2.65253      0.000    576  
  cop_0892_lp_s1      4.36036      0.000    360  
  cop_0893_lp_s1      3.02806      0.000    500  
  cop_0894_lp_s1      6.63791      0.000    138  
  cop_0895_lp_s1      2.74577      0.000    534  
  cop_0896_lp_s1      2.61909      0.000    590  
  cop_0897_lp_s1      1.63549      0.000    954  
  cop_0898_lp_s1      2.61973      0.000    611  
  cop_0899_lp_s1      1.92805      0.000    827  
  cop_0900_lp_s1      9.69489      0.000     59  
  cop_0901_lp_s1      3.05560      0.000    465  
  cop_0902_lp_s1      1.86534      0.000    856  
  cop_0903_lp_s1      4.64604      0.000    302  
  cop_0904_lp_s1      2.08396      0.000    755  
  cop_0905_lp_s1      1.60871      0.000    970  
  cop_0906_lp_s1      1.59323      0.000    978  
  cop_0907_lp_s1      6.47988      0.000    131  
  cop_0908_lp_s1      4.16359      0.000    310  
  cop_0909_lp_s1      4.95167      0.000    286  
  cop_0910_lp_s1      3.48878      0.000    422  
  cop_0911_lp_s1      1.90641      0.000    846  
  cop_0912_lp_s1      2.85128      0.000    541  
  cop_0913_lp_s1      1.77277      0.000    894  
  cop_0914_lp_s1      1.72133      0.000    926  
  cop_0915_lp_s1      2.94898      0.000    498  
  cop_0916_lp_s1      2.46322      0.000    642  
  cop_0917_lp_s1      1.50037      0.000    991  
  cop_0918_lp_s1     13.66076      0.000    139  
  cop_0919_lp_s1      6.38489      0.000    158  
  cop_0920_lp_s1      2.87924      0.000    495  
  cop_0921_lp_s1      3.18574      0.000    445  
  cop_0922_lp_s1      4.53128      0.000    339  
  cop_0923_lp_s1      2.52515      0.000    638  
  cop_0924_lp_s1    109.49636      0.000      7  
  cop_0925_lp_s1      2.40430      0.000    665  
  cop_0926_lp_s1     14.02012      0.000     52  
  cop_0927_lp_s1      7.08913      0.000    133  
  cop_0928_lp_s1     13.85638      0.000     47  
  cop_0929_lp_s1      6.02047      0.000    227  
  cop_0930_lp_s1      2.50262      0.000    615  
  cop_0931_lp_s1      1.47249      0.000    996  
  cop_0932_lp_s1      5.20955      0.000    195  
  cop_0933_lp_s1      2.71835      0.000    583  
  cop_0934_lp_s1      2.93453      0.000    473  
  cop_0935_lp_s1      2.20661      0.000    699  
  cop_0936_lp_s1      3.98021      0.000    340  
  cop_0937_lp_s1      2.07632      0.000    779  
  cop_0938_lp_s1      5.89801      0.000    244  
  cop_0939_lp_s1      4.18346      0.000    323  
  cop_0940_lp_s1      4.20817      0.000    266  
  cop_0941_lp_s1      2.86798      0.000    567  
  cop_0942_lp_s1     18.42562      0.000     35  
  cop_0943_lp_s1      2.39253      0.000    661  
  cop_0944_lp_s1      2.91613      0.000    493  
  cop_0945_lp_s1      7.02833      0.000    152  
  cop_0946_lp_s1      4.06397      0.000    338  
  cop_0947_lp_s1      2.93895      0.000    461  
  cop_0948_lp_s1      1.62397      0.000    962  
  cop_0949_lp_s1      9.20549      0.000    165  
  cop_0950_lp_s1      2.23032      0.000    696  
  cop_0951_lp_s1      2.48867      0.000    644  
  cop_0952_lp_s1      3.08784      0.000    522  
  cop_0953_lp_s1      5.97150      0.000    178  
  cop_0954_lp_s1      5.92703      0.000    185  
  cop_0955_lp_s1      3.03296      0.000    533  
  cop_0956_lp_s1      2.66279      0.000    584  
  cop_0957_lp_s1      2.93182      0.000    499  
  cop_0958_lp_s1     10.33000      0.000     38  
  cop_0959_lp_s1      2.47981      0.000    648  
  cop_0960_lp_s1      5.72449      0.000    257  
  cop_0961_lp_s1      4.75758      0.000    296  
  cop_0962_lp_s1      3.47411      0.000    402  
  cop_0963_lp_s1      2.20010      0.000    723  
  cop_0964_lp_s1      2.16315      0.000    714  
  cop_0965_lp_s1      6.89297      0.000    150  
  cop_0966_lp_s1      5.38934      0.000    201  
  cop_0967_lp_s1     17.09648      0.000     63  
  cop_0968_lp_s1      2.69707      0.000    604  
  cop_0969_lp_s1      1.88582      0.000    845  
  cop_0970_lp_s1      1.62257      0.000    963  
  cop_0971_lp_s1      1.89767      0.000    842  
  cop_0972_lp_s1      2.29589      0.000    706  
  cop_0973_lp_s1      3.09310      0.000    452  
  cop_0974_lp_s1      1.76736      0.000    893  
  cop_0975_lp_s1      4.48056      0.000    260  
  cop_0976_lp_s1      4.53326      0.000    312  
  cop_0977_lp_s1     14.66262      0.000     86  
  cop_0978_lp_s1      3.40599      0.000    419  
  cop_0979_lp_s1      2.75027      0.000    582  
  cop_0980_lp_s1      9.58932      0.000    112  
  cop_0981_lp_s1      8.65695      0.000    130  
  cop_0982_lp_s1      2.60007      0.000    589  
  cop_0983_lp_s1      3.39756      0.000    411  
  cop_0984_lp_s1      8.55982      0.000    164  
  cop_0985_lp_s1      4.76596      0.000    326  
  cop_0986_lp_s1      3.10259      0.000    470  
  cop_0987_lp_s1      4.09090      0.000    327  
  cop_0988_lp_s1      3.32589      0.000    481  
  cop_0989_lp_s1      6.14084      0.000    151  
  cop_0990_lp_s1      4.86256      0.000    281  
  cop_0991_lp_s1      2.77030      0.000    578  
  cop_0992_lp_s1      4.60663      0.000    211  
  cop_0993_lp_s1      2.63730      0.000    594  
  cop_0994_lp_s1      1.72980      0.000    923  
  cop_0995_lp_s1      2.43404      0.000    653  
  cop_0996_lp_s1      3.01166      0.000    509  
  cop_0997_lp_s1      7.35133      0.000    184  
  cop_0998_lp_s1      2.22371      0.000    712  
  cop_0999_lp_s1      3.19979      0.000    469  
  cop_1000_lp_s1      3.66648      0.000    408  
  eliminated, worst first: cop_0219_lp_s1 cop_0648_lp_s1 cop_0411_lp_s1 cop_0446_lp_s1 cop_0768_lp_s1 cop_0140_lp_s1 cop_0924_lp_s1 cop_0389_lp_s1 cop_0549_lp_s1 cop_0297_lp_s1 cop_0329_lp_s1 cop_0323_lp_s1 cop_0388_lp_s1 cop_0257_lp_s1 cop_0009_lp_s1 cop_0679_lp_s1 cop_0049_lp_s1 cop_0375_lp_s1 cop_0086_lp_s1 cop_0562_lp_s1 cop_0870_lp_s1 cop_0816_lp_s1 cop_0230_lp_s1 cop_0262_lp_s1 cop_0048_lp_s1 cop_0690_lp_s1 cop_0308_lp_s1 cop_0056_lp_s1 cop_0885_lp_s1 cop_0214_lp_s1 cop_0391_lp_s1 cop_0058_lp_s1 cop_0670_lp_s1 cop_0080_lp_s1 cop_0942_lp_s1 cop_0212_lp_s1 cop_0253_lp_s1 cop_0958_lp_s1 cop_0327_lp_s1 cop_0184_lp_s1 cop_0412_lp_s1 cop_0046_lp_s1 cop_0572_lp_s1 cop_0381_lp_s1 cop_0362_lp_s1 cop_0088_lp_s1 cop_0928_lp_s1 cop_0263_lp_s1 cop_0119_lp_s1 cop_0095_lp_s1 cop_0425_lp_s1 cop_0926_lp_s1 cop_0810_lp_s1 cop_0130_lp_s1 cop_0704_lp_s1 cop_0154_lp_s1 cop_0206_lp_s1 cop_0787_lp_s1 cop_0900_lp_s1 cop_0579_lp_s1 cop_0548_lp_s1 cop_0461_lp_s1 cop_0967_lp_s1 cop_0096_lp_s1 cop_0387_lp_s1 cop_0582_lp_s1 cop_0325_lp_s1 cop_0737_lp_s1 cop_0657_lp_s1 cop_0511_lp_s1 cop_0300_lp_s1 cop_0695_lp_s1 cop_0167_lp_s1 cop_0739_lp_s1 cop_0168_lp_s1 cop_0043_lp_s1 cop_0632_lp_s1 cop_0393_lp_s1 cop_0868_lp_s1 cop_0229_lp_s1 cop_0013_lp_s1 cop_0366_lp_s1 cop_0883_lp_s1 cop_0245_lp_s1 cop_0051_lp_s1 cop_0977_lp_s1 cop_0114_lp_s1 cop_0655_lp_s1 cop_0823_lp_s1 cop_0591_lp_s1 cop_0379_lp_s1 cop_0115_lp_s1 cop_0637_lp_s1 cop_0332_lp_s1 cop_0608_lp_s1 cop_0752_lp_s1 cop_0052_lp_s1 cop_0202_lp_s1 cop_0085_lp_s1 cop_0700_lp_s1 cop_0809_lp_s1 cop_0486_lp_s1 cop_0558_lp_s1 cop_0783_lp_s1 cop_0065_lp_s1 cop_0287_lp_s1 cop_0785_lp_s1 cop_0333_lp_s1 cop_0414_lp_s1 cop_0160_lp_s1 cop_0528_lp_s1 cop_0980_lp_s1 cop_0138_lp_s1 cop_0830_lp_s1 cop_0626_lp_s1 cop_0584_lp_s1 cop_0093_lp_s1 cop_0158_lp_s1 cop_0709_lp_s1 cop_0869_lp_s1 cop_0359_lp_s1 cop_0860_lp_s1 cop_0811_lp_s1 cop_0607_lp_s1 cop_0064_lp_s1 cop_0535_lp_s1 cop_0792_lp_s1 cop_0754_lp_s1 cop_0890_lp_s1 cop_0981_lp_s1 cop_0907_lp_s1 cop_0055_lp_s1 cop_0927_lp_s1 cop_0244_lp_s1 cop_0845_lp_s1 cop_0089_lp_s1 cop_0550_lp_s1 cop_0894_lp_s1 cop_0918_lp_s1 cop_0025_lp_s1 cop_0734_lp_s1 cop_0491_lp_s1 cop_0612_lp_s1 cop_0276_lp_s1 cop_0354_lp_s1 cop_0454_lp_s1 cop_0326_lp_s1 cop_0012_lp_s1 cop_0038_lp_s1 cop_0965_lp_s1 cop_0989_lp_s1 cop_0945_lp_s1 cop_0488_lp_s1 cop_0449_lp_s1 cop_0567_lp_s1 cop_0532_lp_s1 cop_0164_lp_s1 cop_0919_lp_s1 cop_0487_lp_s1 cop_0063_lp_s1 cop_0677_lp_s1 cop_0270_lp_s1 cop_0059_lp_s1 cop_0984_lp_s1 cop_0949_lp_s1 cop_0402_lp_s1 cop_0365_lp_s1 cop_0275_lp_s1 cop_0175_lp_s1 cop_0835_lp_s1 cop_0123_lp_s1 cop_0304_lp_s1 cop_0020_lp_s1 cop_0380_lp_s1 cop_0732_lp_s1 cop_0104_lp_s1 cop_0718_lp_s1 cop_0953_lp_s1 cop_0517_lp_s1 cop_0394_lp_s1 cop_0812_lp_s1 cop_0865_lp_s1 cop_0605_lp_s1 cop_0997_lp_s1 cop_0954_lp_s1 cop_0621_lp_s1 cop_0508_lp_s1 cop_0178_lp_s1 cop_0681_lp_s1 cop_0419_lp_s1 cop_0808_lp_s1 cop_0603_lp_s1 cop_0662_lp_s1 cop_0833_lp_s1 cop_0932_lp_s1 cop_0813_lp_s1 cop_0819_lp_s1 cop_0188_lp_s1 cop_0159_lp_s1 cop_0551_lp_s1 cop_0966_lp_s1 cop_0223_lp_s1 cop_0836_lp_s1 cop_0266_lp_s1 cop_0846_lp_s1 cop_0687_lp_s1 cop_0701_lp_s1 cop_0887_lp_s1 cop_0847_lp_s1 cop_0656_lp_s1 cop_0992_lp_s1 cop_0767_lp_s1 cop_0271_lp_s1 cop_0699_lp_s1 cop_0675_lp_s1 cop_0873_lp_s1 cop_0427_lp_s1 cop_0132_lp_s1 cop_0291_lp_s1 cop_0122_lp_s1 cop_0143_lp_s1 cop_0290_lp_s1 cop_0328_lp_s1 cop_0560_lp_s1 cop_0370_lp_s1 cop_0747_lp_s1 cop_0929_lp_s1 cop_0098_lp_s1 cop_0573_lp_s1 cop_0455_lp_s1 cop_0583_lp_s1 cop_0888_lp_s1 cop_0721_lp_s1 cop_0153_lp_s1 cop_0609_lp_s1 cop_0580_lp_s1 cop_0484_lp_s1 cop_0405_lp_s1 cop_0610_lp_s1 cop_0496_lp_s1 cop_0251_lp_s1 cop_0590_lp_s1 cop_0315_lp_s1 cop_0938_lp_s1 cop_0415_lp_s1 cop_0084_lp_s1 cop_0418_lp_s1 cop_0674_lp_s1 cop_0790_lp_s1 cop_0279_lp_s1 cop_0722_lp_s1 cop_0278_lp_s1 cop_0404_lp_s1 cop_0311_lp_s1 cop_0714_lp_s1 cop_0837_lp_s1 cop_0960_lp_s1 cop_0209_lp_s1 cop_0074_lp_s1 cop_0975_lp_s1 cop_0456_lp_s1 cop_0602_lp_s1 cop_0755_lp_s1 cop_0111_lp_s1 cop_0217_lp_s1 cop_0940_lp_s1 cop_0026_lp_s1 cop_0716_lp_s1 cop_0303_lp_s1 cop_0286_lp_s1 cop_0663_lp_s1 cop_0786_lp_s1 cop_0842_lp_s1 cop_0788_lp_s1 cop_0041_lp_s1 cop_0018_lp_s1 cop_0744_lp_s1 cop_0563_lp_s1 cop_0588_lp_s1 cop_0216_lp_s1 cop_0990_lp_s1 cop_0283_lp_s1 cop_0163_lp_s1 cop_0242_lp_s1 cop_0468_lp_s1 cop_0909_lp_s1 cop_0215_lp_s1 cop_0475_lp_s1 cop_0490_lp_s1 cop_0029_lp_s1 cop_0034_lp_s1 cop_0839_lp_s1 cop_0235_lp_s1 cop_0658_lp_s1 cop_0420_lp_s1 cop_0961_lp_s1 cop_0129_lp_s1 cop_0613_lp_s1 cop_0021_lp_s1 cop_0669_lp_s1 cop_0406_lp_s1 cop_0903_lp_s1 cop_0614_lp_s1 cop_0659_lp_s1 cop_0636_lp_s1 cop_0385_lp_s1 cop_0015_lp_s1 cop_0499_lp_s1 cop_0376_lp_s1 cop_0908_lp_s1 cop_0618_lp_s1 cop_0976_lp_s1 cop_0342_lp_s1 cop_0831_lp_s1 cop_0710_lp_s1 cop_0322_lp_s1 cop_0190_lp_s1 cop_0092_lp_s1 cop_0521_lp_s1 cop_0077_lp_s1 cop_0851_lp_s1 cop_0155_lp_s1 cop_0939_lp_s1 cop_0295_lp_s1 cop_0273_lp_s1 cop_0985_lp_s1 cop_0987_lp_s1 cop_0745_lp_s1 cop_0344_lp_s1 cop_0360_lp_s1 cop_0589_lp_s1 cop_0730_lp_s1 cop_0760_lp_s1 cop_0539_lp_s1 cop_0357_lp_s1 cop_0261_lp_s1 cop_0680_lp_s1 cop_0946_lp_s1 cop_0922_lp_s1 cop_0936_lp_s1 cop_0781_lp_s1 cop_0651_lp_s1 cop_0559_lp_s1 cop_0238_lp_s1 cop_0146_lp_s1 cop_0522_lp_s1 cop_0307_lp_s1 cop_0864_lp_s1 cop_0259_lp_s1 cop_0137_lp_s1 cop_0761_lp_s1 cop_0197_lp_s1 cop_0340_lp_s1 cop_0305_lp_s1 cop_0822_lp_s1 cop_0416_lp_s1 cop_0372_lp_s1 cop_0557_lp_s1 cop_0630_lp_s1 cop_0892_lp_s1 cop_0746_lp_s1 cop_0537_lp_s1 cop_0324_lp_s1 cop_0233_lp_s1 cop_0623_lp_s1 cop_0198_lp_s1 cop_0676_lp_s1 cop_0434_lp_s1 cop_0753_lp_s1 cop_0090_lp_s1 cop_0014_lp_s1 cop_0208_lp_s1 cop_0192_lp_s1 cop_0576_lp_s1 cop_0585_lp_s1 cop_0341_lp_s1 cop_0492_lp_s1 cop_0409_lp_s1 cop_0693_lp_s1 cop_0301_lp_s1 cop_0791_lp_s1 cop_0330_lp_s1 cop_0358_lp_s1 cop_0384_lp_s1 cop_0392_lp_s1 cop_0210_lp_s1 cop_0033_lp_s1 cop_0799_lp_s1 cop_0383_lp_s1 cop_0546_lp_s1 cop_0698_lp_s1 cop_0398_lp_s1 cop_0260_lp_s1 cop_0771_lp_s1 cop_0565_lp_s1 cop_0222_lp_s1 cop_0578_lp_s1 cop_0472_lp_s1 cop_0336_lp_s1 cop_0640_lp_s1 cop_0296_lp_s1 cop_0962_lp_s1 cop_0505_lp_s1 cop_0678_lp_s1 cop_0448_lp_s1 cop_0749_lp_s1 cop_0829_lp_s1 cop_1000_lp_s1 cop_0485_lp_s1 cop_0815_lp_s1 cop_0983_lp_s1 cop_0743_lp_s1 cop_0452_lp_s1 cop_0042_lp_s1 cop_0504_lp_s1 cop_0028_lp_s1 cop_0331_lp_s1 cop_0177_lp_s1 cop_0978_lp_s1 cop_0345_lp_s1 cop_0272_lp_s1 cop_0910_lp_s1 cop_0627_lp_s1 cop_0224_lp_s1 cop_0515_lp_s1 cop_0797_lp_s1 cop_0611_lp_s1 cop_0071_lp_s1 cop_0858_lp_s1 cop_0363_lp_s1 cop_0447_lp_s1 cop_0433_lp_s1 cop_0682_lp_s1 cop_0470_lp_s1 cop_0856_lp_s1 cop_0483_lp_s1 cop_0530_lp_s1 cop_0421_lp_s1 cop_0203_lp_s1 cop_0733_lp_s1 cop_0110_lp_s1 cop_0616_lp_s1 cop_0401_lp_s1 cop_0471_lp_s1 cop_0921_lp_s1 cop_0495_lp_s1 cop_0113_lp_s1 cop_0649_lp_s1 cop_0644_lp_s1 cop_0060_lp_s1 cop_0857_lp_s1 cop_0973_lp_s1 cop_0818_lp_s1 cop_0668_lp_s1 cop_0075_lp_s1 cop_0775_lp_s1 cop_0116_lp_s1 cop_0473_lp_s1 cop_0587_lp_s1 cop_0417_lp_s1 cop_0947_lp_s1 cop_0759_lp_s1 cop_0430_lp_s1 cop_0294_lp_s1 cop_0901_lp_s1 cop_0724_lp_s1 cop_0493_lp_s1 cop_0309_lp_s1 cop_0999_lp_s1 cop_0986_lp_s1 cop_0189_lp_s1 cop_0569_lp_s1 cop_0934_lp_s1 cop_0789_lp_s1 cop_0407_lp_s1 cop_0248_lp_s1 cop_0053_lp_s1 cop_0506_lp_s1 cop_0339_lp_s1 cop_0181_lp_s1 cop_0988_lp_s1 cop_0246_lp_s1 cop_0083_lp_s1 cop_0195_lp_s1 cop_0141_lp_s1 cop_0462_lp_s1 cop_0807_lp_s1 cop_0438_lp_s1 cop_0371_lp_s1 cop_0318_lp_s1 cop_0547_lp_s1 cop_0877_lp_s1 cop_0944_lp_s1 cop_0606_lp_s1 cop_0920_lp_s1 cop_0319_lp_s1 cop_0638_lp_s1 cop_0915_lp_s1 cop_0957_lp_s1 cop_0893_lp_s1 cop_0451_lp_s1 cop_0007_lp_s1 cop_0395_lp_s1 cop_0174_lp_s1 cop_0556_lp_s1 cop_0234_lp_s1 cop_0881_lp_s1 cop_0507_lp_s1 cop_0996_lp_s1 cop_0726_lp_s1 cop_0073_lp_s1 cop_0798_lp_s1 cop_0264_lp_s1 cop_0639_lp_s1 cop_0463_lp_s1 cop_0568_lp_s1 cop_0313_lp_s1 cop_0128_lp_s1 cop_0445_lp_s1 cop_0671_lp_s1 cop_0762_lp_s1 cop_0952_lp_s1 cop_0314_lp_s1 cop_0225_lp_s1 cop_0144_lp_s1 cop_0672_lp_s1 cop_0706_lp_s1 cop_0601_lp_s1 cop_0193_lp_s1 cop_0545_lp_s1 cop_0776_lp_s1 cop_0872_lp_s1 cop_0955_lp_s1 cop_0895_lp_s1 cop_0293_lp_s1 cop_0719_lp_s1 cop_0023_lp_s1 cop_0176_lp_s1 cop_0247_lp_s1 cop_0258_lp_s1 cop_0912_lp_s1 cop_0441_lp_s1 cop_0800_lp_s1 cop_0882_lp_s1 cop_0280_lp_s1 cop_0758_lp_s1 cop_0045_lp_s1 cop_0804_lp_s1 cop_0124_lp_s1 cop_0595_lp_s1 cop_0795_lp_s1 cop_0131_lp_s1 cop_0633_lp_s1 cop_0237_lp_s1 cop_0599_lp_s1 cop_0848_lp_s1 cop_0645_lp_s1 cop_0221_lp_s1 cop_0838_lp_s1 cop_0204_lp_s1 cop_0352_lp_s1 cop_0543_lp_s1 cop_0703_lp_s1 cop_0151_lp_s1 cop_0101_lp_s1 cop_0723_lp_s1 cop_0941_lp_s1 cop_0386_lp_s1 cop_0619_lp_s1 cop_0292_lp_s1 cop_0010_lp_s1 cop_0218_lp_s1 cop_0284_lp_s1 cop_0667_lp_s1 cop_0310_lp_s1 cop_0891_lp_s1 cop_0227_lp_s1 cop_0991_lp_s1 cop_0592_lp_s1 cop_0524_lp_s1 cop_0728_lp_s1 cop_0979_lp_s1 cop_0933_lp_s1 cop_0956_lp_s1 cop_0268_lp_s1 cop_0617_lp_s1 cop_0170_lp_s1 cop_0855_lp_s1 cop_0982_lp_s1 cop_0896_lp_s1 cop_0564_lp_s1 cop_0432_lp_s1 cop_0039_lp_s1 cop_0993_lp_s1 cop_0688_lp_s1 cop_0199_lp_s1 cop_0861_lp_s1 cop_0403_lp_s1 cop_0133_lp_s1 cop_0866_lp_s1 cop_0081_lp_s1 cop_0705_lp_s1 cop_0108_lp_s1 cop_0968_lp_s1 cop_0252_lp_s1 cop_0289_lp_s1 cop_0442_lp_s1 cop_0666_lp_s1 cop_0180_lp_s1 cop_0196_lp_s1 cop_0898_lp_s1 cop_0541_lp_s1 cop_0766_lp_s1 cop_0001_lp_s1 cop_0930_lp_s1 cop_0581_lp_s1 cop_0373_lp_s1 cop_0512_lp_s1 cop_0355_lp_s1 cop_0586_lp_s1 cop_0076_lp_s1 cop_0200_lp_s1 cop_0854_lp_s1 cop_0149_lp_s1 cop_0250_lp_s1 cop_0805_lp_s1 cop_0017_lp_s1 cop_0400_lp_s1 cop_0806_lp_s1 cop_0019_lp_s1 cop_0105_lp_s1 cop_0769_lp_s1 cop_0476_lp_s1 cop_0625_lp_s1 cop_0067_lp_s1 cop_0814_lp_s1 cop_0474_lp_s1 cop_0923_lp_s1 cop_0834_lp_s1 cop_0022_lp_s1 cop_0069_lp_s1 cop_0916_lp_s1 cop_0497_lp_s1 cop_0951_lp_s1 cop_0844_lp_s1 cop_0282_lp_s1 cop_0127_lp_s1 cop_0959_lp_s1 cop_0232_lp_s1 cop_0035_lp_s1 cop_0886_lp_s1 cop_0828_lp_s1 cop_0995_lp_s1 cop_0109_lp_s1 cop_0179_lp_s1 cop_0003_lp_s1 cop_0765_lp_s1 cop_0316_lp_s1 cop_0713_lp_s1 cop_0489_lp_s1 cop_0943_lp_s1 cop_0641_lp_s1 cop_0571_lp_s1 cop_0840_lp_s1 cop_0925_lp_s1 cop_0062_lp_s1 cop_0378_lp_s1 cop_0880_lp_s1 cop_0825_lp_s1 cop_0653_lp_s1 cop_0408_lp_s1 cop_0099_lp_s1 cop_0002_lp_s1 cop_0453_lp_s1 cop_0879_lp_s1 cop_0243_lp_s1 cop_0008_lp_s1 cop_0239_lp_s1 cop_0778_lp_s1 cop_0431_lp_s1 cop_0843_lp_s1 cop_0027_lp_s1 cop_0620_lp_s1 cop_0600_lp_s1 cop_0518_lp_s1 cop_0748_lp_s1 cop_0531_lp_s1 cop_0288_lp_s1 cop_0125_lp_s1 cop_0793_lp_s1 cop_0439_lp_s1 cop_0334_lp_s1 cop_0467_lp_s1 cop_0712_lp_s1 cop_0082_lp_s1 cop_0950_lp_s1 cop_0555_lp_s1 cop_0729_lp_s1 cop_0935_lp_s1 cop_0821_lp_s1 cop_0465_lp_s1 cop_0853_lp_s1 cop_0631_lp_s1 cop_0382_lp_s1 cop_0575_lp_s1 cop_0972_lp_s1 cop_0878_lp_s1 cop_0187_lp_s1 cop_0566_lp_s1 cop_0162_lp_s1 cop_0817_lp_s1 cop_0998_lp_s1 cop_0498_lp_s1 cop_0964_lp_s1 cop_0736_lp_s1 cop_0770_lp_s1 cop_0078_lp_s1 cop_0277_lp_s1 cop_0436_lp_s1 cop_0482_lp_s1 cop_0757_lp_s1 cop_0561_lp_s1 cop_0963_lp_s1 cop_0646_lp_s1 cop_0068_lp_s1 cop_0443_lp_s1 cop_0529_lp_s1 cop_0302_lp_s1 cop_0540_lp_s1 cop_0265_lp_s1 cop_0863_lp_s1 cop_0735_lp_s1 cop_0594_lp_s1 cop_0194_lp_s1 cop_0306_lp_s1 cop_0615_lp_s1 cop_0464_lp_s1 cop_0150_lp_s1 cop_0161_lp_s1 cop_0513_lp_s1 cop_0173_lp_s1 cop_0536_lp_s1 cop_0006_lp_s1 cop_0040_lp_s1 cop_0544_lp_s1 cop_0267_lp_s1 cop_0135_lp_s1 cop_0635_lp_s1 cop_0764_lp_s1 cop_0182_lp_s1 cop_0542_lp_s1 cop_0794_lp_s1 cop_0501_lp_s1 cop_0711_lp_s1 cop_0904_lp_s1 cop_0643_lp_s1 cop_0249_lp_s1 cop_0707_lp_s1 cop_0742_lp_s1 cop_0502_lp_s1 cop_0350_lp_s1 cop_0692_lp_s1 cop_0689_lp_s1 cop_0647_lp_s1 cop_0236_lp_s1 cop_0570_lp_s1 cop_0201_lp_s1 cop_0126_lp_s1 cop_0312_lp_s1 cop_0514_lp_s1 cop_0459_lp_s1 cop_0520_lp_s1 cop_0458_lp_s1 cop_0091_lp_s1 cop_0802_lp_s1 cop_0738_lp_s1 cop_0103_lp_s1 cop_0750_lp_s1 cop_0937_lp_s1 cop_0185_lp_s1 cop_0889_lp_s1 cop_0867_lp_s1 cop_0827_lp_s1 cop_0784_lp_s1 cop_0171_lp_s1 cop_0072_lp_s1 cop_0756_lp_s1 cop_0097_lp_s1 cop_0780_lp_s1 cop_0152_lp_s1 cop_0597_lp_s1 cop_0763_lp_s1 cop_0841_lp_s1 cop_0509_lp_s1 cop_0346_lp_s1 cop_0553_lp_s1 cop_0087_lp_s1 cop_0741_lp_s1 cop_0479_lp_s1 cop_0254_lp_s1 cop_0061_lp_s1 cop_0207_lp_s1 cop_0629_lp_s1 cop_0377_lp_s1 cop_0469_lp_s1 cop_0364_lp_s1 cop_0120_lp_s1 cop_0337_lp_s1 cop_0220_lp_s1 cop_0876_lp_s1 cop_0228_lp_s1 cop_0852_lp_s1 cop_0650_lp_s1 cop_0779_lp_s1 cop_0826_lp_s1 cop_0673_lp_s1 cop_0368_lp_s1 cop_0516_lp_s1 cop_0685_lp_s1 cop_0525_lp_s1 cop_0725_lp_s1 cop_0622_lp_s1 cop_0450_lp_s1 cop_0694_lp_s1 cop_0624_lp_s1 cop_0005_lp_s1 cop_0899_lp_s1 cop_0440_lp_s1 cop_0353_lp_s1 cop_0875_lp_s1 cop_0849_lp_s1 cop_0321_lp_s1 cop_0782_lp_s1 cop_0255_lp_s1 cop_0481_lp_s1 cop_0274_lp_s1 cop_0118_lp_s1 cop_0574_lp_s1 cop_0016_lp_s1 cop_0186_lp_s1 cop_0066_lp_s1 cop_0971_lp_s1 cop_0460_lp_s1 cop_0477_lp_s1 cop_0969_lp_s1 cop_0911_lp_s1 cop_0094_lp_s1 cop_0037_lp_s1 cop_0503_lp_s1 cop_0494_lp_s1 cop_0147_lp_s1 cop_0697_lp_s1 cop_0731_lp_s1 cop_0500_lp_s1 cop_0320_lp_s1 cop_0902_lp_s1 cop_0428_lp_s1 cop_0169_lp_s1 cop_0803_lp_s1 cop_0050_lp_s1 cop_0480_lp_s1 cop_0523_lp_s1 cop_0577_lp_s1 cop_0727_lp_s1 cop_0032_lp_s1 cop_0112_lp_s1 cop_0390_lp_s1 cop_0683_lp_s1 cop_0820_lp_s1 cop_0338_lp_s1 cop_0604_lp_s1 cop_0256_lp_s1 cop_0226_lp_s1 cop_0435_lp_s1 cop_0024_lp_s1 cop_0664_lp_s1 cop_0030_lp_s1 cop_0361_lp_s1 cop_0156_lp_s1 cop_0884_lp_s1 cop_0422_lp_s1 cop_0596_lp_s1 cop_0183_lp_s1 cop_0396_lp_s1 cop_0349_lp_s1 cop_0121_lp_s1 cop_0369_lp_s1 cop_0628_lp_s1 cop_0240_lp_s1 cop_0796_lp_s1 cop_0165_lp_s1 cop_0715_lp_s1 cop_0974_lp_s1 cop_0913_lp_s1 cop_0011_lp_s1 cop_0684_lp_s1 cop_0871_lp_s1 cop_0466_lp_s1 cop_0348_lp_s1 cop_0774_lp_s1 cop_0801_lp_s1 cop_0117_lp_s1 cop_0145_lp_s1 cop_0004_lp_s1 cop_0070_lp_s1 cop_0423_lp_s1 cop_0299_lp_s1 cop_0335_lp_s1 cop_0399_lp_s1 cop_0862_lp_s1 cop_0213_lp_s1 cop_0157_lp_s1 cop_0100_lp_s1 cop_0859_lp_s1 cop_0413_lp_s1 cop_0343_lp_s1 cop_0036_lp_s1 cop_0850_lp_s1 cop_0691_lp_s1 cop_0057_lp_s1 cop_0696_lp_s1 cop_0444_lp_s1 cop_0994_lp_s1 cop_0686_lp_s1 cop_0527_lp_s1 cop_0914_lp_s1 cop_0424_lp_s1 cop_0107_lp_s1 cop_0172_lp_s1 cop_0720_lp_s1 cop_0317_lp_s1 cop_0661_lp_s1 cop_0740_lp_s1 cop_0281_lp_s1 cop_0374_lp_s1 cop_0874_lp_s1 cop_0136_lp_s1 cop_0552_lp_s1 cop_0654_lp_s1 cop_0134_lp_s1 cop_0665_lp_s1 cop_0102_lp_s1 cop_0634_lp_s1 cop_0106_lp_s1 cop_0593_lp_s1 cop_0772_lp_s1 cop_0367_lp_s1 cop_0652_lp_s1 cop_0457_lp_s1 cop_0231_lp_s1 cop_0351_lp_s1 cop_0031_lp_s1 cop_0047_lp_s1 cop_0897_lp_s1 cop_0660_lp_s1 cop_0269_lp_s1 cop_0044_lp_s1 cop_0478_lp_s1 cop_0526_lp_s1 cop_0533_lp_s1 cop_0397_lp_s1 cop_0948_lp_s1 cop_0970_lp_s1 cop_0777_lp_s1 cop_0429_lp_s1 cop_0751_lp_s1 cop_0166_lp_s1 cop_0598_lp_s1 cop_0538_lp_s1 cop_0905_lp_s1 cop_0139_lp_s1 cop_0298_lp_s1 cop_0426_lp_s1 cop_0054_lp_s1 cop_0211_lp_s1 cop_0285_lp_s1 cop_0079_lp_s1 cop_0906_lp_s1 cop_0554_lp_s1 cop_0773_lp_s1 cop_0642_lp_s1 cop_0824_lp_s1 cop_0142_lp_s1 cop_0510_lp_s1 cop_0241_lp_s1 cop_0205_lp_s1 cop_0708_lp_s1 cop_0832_lp_s1 cop_0347_lp_s1 cop_0356_lp_s1 cop_0917_lp_s1 cop_0148_lp_s1 cop_0534_lp_s1 cop_0410_lp_s1 cop_0702_lp_s1 cop_0931_lp_s1 cop_0437_lp_s1 cop_0519_lp_s1 cop_0717_lp_s1
  set decided by an accepted test: no, every test rejected down to one model (last p = 0.000 against alpha = 0.050)
