MCS_TR against MCS_TMAX on montecarlo/out/lp_irf_loss_lin.csv
1000 configurations, 999 replicates each
shared: alpha = 0.050, 10000 resamples, block length 1, bootstrap variance, seed 123, stream 0

Both statistics are scored on the same resamples, drawn once and reused in every round.

statistic  set size  decided by an accepted test  deciding round  last p-value  seconds
MCS_TR            1                           no               0        0.0000      5.3
MCS_TMAX          1                           no               0        0.0000      7.4

sets
  in both sets 1, only in MCS_TR's 0, only in MCS_TMAX's 0
  largest difference between the two MCS p-values of one configuration 0.0000

elimination rounds, the configuration left at the end counted as round 1000
  Spearman rank correlation between the two orders 0.9243
  absolute difference in round: median 56, 90th percentile 193, largest 471

the 10 configurations MCS_TR eliminated last, with where MCS_TMAX put them
  configuration  mean loss  MCS_TR round  MCS_TR p  MCS_TMAX round  MCS_TMAX p
  cop_0191_lp_lin  0.68915  1000  1.0000  1000  1.0000
  cop_0534_lp_lin  0.80151  999  0.0000  999  0.0000
  cop_0702_lp_lin  0.80844  998  0.0000  998  0.0000
  cop_0410_lp_lin  0.81152  997  0.0000  997  0.0000
  cop_0519_lp_lin  0.82060  996  0.0000  996  0.0000
  cop_0905_lp_lin  0.84060  995  0.0000  994  0.0000
  cop_0717_lp_lin  0.83897  994  0.0000  995  0.0000
  cop_0437_lp_lin  0.83855  993  0.0000  992  0.0000
  cop_0708_lp_lin  0.85490  992  0.0000  989  0.0000
  cop_0356_lp_lin  0.83629  991  0.0000  993  0.0000


  sample    999 observations, 1000 models
  statistic TR, every pairwise contrast
  test      alpha = 0.050, 10000 moving-block resamples of 1 observations
  variance  bootstrap variance of the resampled mean
  stream    seed 123, stream 0

MCS over linear local projection impulse-response MAE, MCS_TR statistic
  model              mean loss      MCS p  round  in set
  cop_0001_lp_lin      1.61054      0.000    585  
  cop_0002_lp_lin      1.42614      0.000    820  
  cop_0003_lp_lin      1.78331      0.000    612  
  cop_0004_lp_lin      1.02152      0.000    929  
  cop_0005_lp_lin      1.14677      0.000    738  
  cop_0006_lp_lin      1.40850      0.000    618  
  cop_0007_lp_lin      2.20758      0.000    605  
  cop_0008_lp_lin      1.74380      0.000    419  
  cop_0009_lp_lin     28.02543      0.000     20  
  cop_0010_lp_lin      1.97500      0.000    731  
  cop_0011_lp_lin      1.16891      0.000    856  
  cop_0012_lp_lin      6.25112      0.000     83  
  cop_0013_lp_lin     10.61002      0.000     34  
  cop_0014_lp_lin      2.48632      0.000    283  
  cop_0015_lp_lin      2.48341      0.000    301  
  cop_0016_lp_lin      1.20919      0.000    841  
  cop_0017_lp_lin      1.90327      0.000    601  
  cop_0018_lp_lin      4.50868      0.000    191  
  cop_0019_lp_lin      1.79332      0.000    800  
  cop_0020_lp_lin      4.33985      0.000    356  
  cop_0021_lp_lin      3.79445      0.000    525  
  cop_0022_lp_lin      1.82842      0.000    309  
  cop_0023_lp_lin      1.60923      0.000    271  
  cop_0024_lp_lin      1.15985      0.000    890  
  cop_0025_lp_lin      5.13485      0.000    185  
  cop_0026_lp_lin      4.15473      0.000    379  
  cop_0027_lp_lin      1.59668      0.000    772  
  cop_0028_lp_lin      2.21771      0.000    619  
  cop_0029_lp_lin      3.28025      0.000    487  
  cop_0030_lp_lin      1.08988      0.000    861  
  cop_0031_lp_lin      0.94257      0.000    954  
  cop_0032_lp_lin      1.23812      0.000    824  
  cop_0033_lp_lin      2.70359      0.000    560  
  cop_0034_lp_lin      4.38969      0.000    465  
  cop_0035_lp_lin      1.73182      0.000    608  
  cop_0036_lp_lin      0.94348      0.000    964  
  cop_0037_lp_lin      1.29289      0.000    833  
  cop_0038_lp_lin      6.34472      0.000    506  
  cop_0039_lp_lin      1.75059      0.000    566  
  cop_0040_lp_lin      1.53475      0.000    639  
  cop_0041_lp_lin      4.58787      0.000    194  
  cop_0042_lp_lin      2.71658      0.000    310  
  cop_0043_lp_lin     11.81001      0.000     84  
  cop_0044_lp_lin      0.97206      0.000    944  
  cop_0045_lp_lin      2.34218      0.000    655  
  cop_0046_lp_lin     13.37604      0.000     11  
  cop_0047_lp_lin      0.92879      0.000    951  
  cop_0048_lp_lin     25.68010      0.000     67  
  cop_0049_lp_lin     42.35255      0.000    128  
  cop_0050_lp_lin      1.24120      0.000    781  
  cop_0051_lp_lin      9.71624      0.000    294  
  cop_0052_lp_lin      8.84239      0.000    278  
  cop_0053_lp_lin      2.07388      0.000    282  
  cop_0054_lp_lin      1.00494      0.000    953  
  cop_0055_lp_lin      4.40125      0.000    345  
  cop_0056_lp_lin     19.93844      0.000     46  
  cop_0057_lp_lin      1.13445      0.000    894  
  cop_0058_lp_lin     29.11706      0.000     13  
  cop_0059_lp_lin      4.15720      0.000    195  
  cop_0060_lp_lin      2.64626      0.000    244  
  cop_0061_lp_lin      1.34951      0.000    763  
  cop_0062_lp_lin      1.58607      0.000    706  
  cop_0063_lp_lin      4.97788      0.000    169  
  cop_0064_lp_lin      3.88374      0.000     35  
  cop_0065_lp_lin     10.36163      0.000     89  
  cop_0066_lp_lin      1.21744      0.000    814  
  cop_0067_lp_lin      1.55276      0.000    547  
  cop_0068_lp_lin      1.81303      0.000    300  
  cop_0069_lp_lin      2.25993      0.000    335  
  cop_0070_lp_lin      1.11095      0.000    893  
  cop_0071_lp_lin      3.48616      0.000    223  
  cop_0072_lp_lin      1.20973      0.000    858  
  cop_0073_lp_lin      2.15678      0.000    515  
  cop_0074_lp_lin      4.21160      0.000    312  
  cop_0075_lp_lin      1.99077      0.000    584  
  cop_0076_lp_lin      1.78729      0.000    431  
  cop_0077_lp_lin      2.31117      0.000    186  
  cop_0078_lp_lin      1.94840      0.000    395  
  cop_0079_lp_lin      0.90686      0.000    981  
  cop_0080_lp_lin     24.18552      0.000    150  
  cop_0081_lp_lin      1.94298      0.000    495  
  cop_0082_lp_lin      1.33878      0.000    710  
  cop_0083_lp_lin      2.70045      0.000    270  
  cop_0084_lp_lin      3.52317      0.000    450  
  cop_0085_lp_lin      8.88053      0.000     12  
  cop_0086_lp_lin    115.85133      0.000    265  
  cop_0087_lp_lin      1.21168      0.000    743  
  cop_0088_lp_lin     13.20555      0.000     68  
  cop_0089_lp_lin     10.13311      0.000    421  
  cop_0090_lp_lin      2.90900      0.000    125  
  cop_0091_lp_lin      1.47567      0.000    730  
  cop_0092_lp_lin      2.83256      0.000    100  
  cop_0093_lp_lin      4.26160      0.000    162  
  cop_0094_lp_lin      1.17091      0.000    825  
  cop_0095_lp_lin     21.10428      0.000    374  
  cop_0096_lp_lin     14.07308      0.000    256  
  cop_0097_lp_lin      1.17578      0.000    802  
  cop_0098_lp_lin      5.63947      0.000     29  
  cop_0099_lp_lin      1.35339      0.000    788  
  cop_0100_lp_lin      1.03698      0.000    937  
  cop_0101_lp_lin      2.63901      0.000    240  
  cop_0102_lp_lin      1.01774      0.000    906  
  cop_0103_lp_lin      1.15521      0.000    713  
  cop_0104_lp_lin      3.61727      0.000    279  
  cop_0105_lp_lin      2.07082      0.000    368  
  cop_0106_lp_lin      0.93966      0.000    950  
  cop_0107_lp_lin      1.10320      0.000    913  
  cop_0108_lp_lin      1.82652      0.000    714  
  cop_0109_lp_lin      1.68308      0.000    755  
  cop_0110_lp_lin      2.30493      0.000    520  
  cop_0111_lp_lin      2.49184      0.000    129  
  cop_0112_lp_lin      1.22506      0.000    853  
  cop_0113_lp_lin      2.75306      0.000    350  
  cop_0114_lp_lin     10.55326      0.000    449  
  cop_0115_lp_lin      8.33146      0.000    126  
  cop_0116_lp_lin      2.26436      0.000    420  
  cop_0117_lp_lin      1.10989      0.000    854  
  cop_0118_lp_lin      1.18016      0.000    829  
  cop_0119_lp_lin     30.40236      0.000    337  
  cop_0120_lp_lin      1.19065      0.000    785  
  cop_0121_lp_lin      1.08175      0.000    864  
  cop_0122_lp_lin      3.40778      0.000    315  
  cop_0123_lp_lin      5.93073      0.000    215  
  cop_0124_lp_lin      1.83816      0.000    424  
  cop_0125_lp_lin      1.59470      0.000    596  
  cop_0126_lp_lin      1.34308      0.000    793  
  cop_0127_lp_lin      1.49005      0.000    707  
  cop_0128_lp_lin      2.12975      0.000    637  
  cop_0129_lp_lin      3.90151      0.000    586  
  cop_0130_lp_lin     17.38895      0.000    127  
  cop_0131_lp_lin      2.34566      0.000    380  
  cop_0132_lp_lin      3.45230      0.000    333  
  cop_0133_lp_lin      2.47560      0.000    321  
  cop_0134_lp_lin      0.98604      0.000    924  
  cop_0135_lp_lin      1.45329      0.000    805  
  cop_0136_lp_lin      1.00574      0.000    932  
  cop_0137_lp_lin      2.93920      0.000    372  
  cop_0138_lp_lin      5.50087      0.000    181  
  cop_0139_lp_lin      0.86914      0.000    978  
  cop_0140_lp_lin     34.99580      0.000      9  
  cop_0141_lp_lin      1.97217      0.000    526  
  cop_0142_lp_lin      0.85070      0.000    985  
  cop_0143_lp_lin      3.06000      0.000    206  
  cop_0144_lp_lin      1.86177      0.000    575  
  cop_0145_lp_lin      1.12934      0.000    874  
  cop_0146_lp_lin      2.93342      0.000    606  
  cop_0147_lp_lin      1.24598      0.000    846  
  cop_0148_lp_lin      0.84492      0.000    990  
  cop_0149_lp_lin      1.71692      0.000    828  
  cop_0150_lp_lin      1.16731      0.000    758  
  cop_0151_lp_lin      1.96000      0.000    523  
  cop_0152_lp_lin      1.20074      0.000    877  
  cop_0153_lp_lin      4.07009      0.000    434  
  cop_0154_lp_lin     16.81974      0.000    182  
  cop_0155_lp_lin      4.26596      0.000    268  
  cop_0156_lp_lin      1.19968      0.000    815  
  cop_0157_lp_lin      1.07014      0.000    908  
  cop_0158_lp_lin      9.60319      0.000    508  
  cop_0159_lp_lin      4.78530      0.000     93  
  cop_0160_lp_lin      4.64582      0.000    228  
  cop_0161_lp_lin      1.41706      0.000    642  
  cop_0162_lp_lin      1.42758      0.000    705  
  cop_0163_lp_lin      4.16696      0.000    650  
  cop_0164_lp_lin      4.89522      0.000    325  
  cop_0165_lp_lin      1.10777      0.000    930  
  cop_0166_lp_lin      0.91632      0.000    971  
  cop_0167_lp_lin     14.11572      0.000    174  
  cop_0168_lp_lin      7.25802      0.000     87  
  cop_0169_lp_lin      1.17576      0.000    845  
  cop_0170_lp_lin      1.96243      0.000    457  
  cop_0171_lp_lin      1.27541      0.000    703  
  cop_0172_lp_lin      1.11144      0.000    888  
  cop_0173_lp_lin      1.42354      0.000    687  
  cop_0174_lp_lin      2.22621      0.000    589  
  cop_0175_lp_lin      6.59390      0.000     92  
  cop_0176_lp_lin      1.97149      0.000    369  
  cop_0177_lp_lin      2.11458      0.000    311  
  cop_0178_lp_lin      6.43254      0.000    322  
  cop_0179_lp_lin      1.69441      0.000    660  
  cop_0180_lp_lin      1.85253      0.000    572  
  cop_0181_lp_lin      2.17141      0.000    778  
  cop_0182_lp_lin      1.30467      0.000    849  
  cop_0183_lp_lin      1.21797      0.000    810  
  cop_0184_lp_lin     15.51056      0.000     14  
  cop_0185_lp_lin      1.20692      0.000    737  
  cop_0186_lp_lin      1.06284      0.000    837  
  cop_0187_lp_lin      1.57716      0.000    548  
  cop_0188_lp_lin      5.71640      0.000    225  
  cop_0189_lp_lin      2.38511      0.000     80  
  cop_0190_lp_lin      3.35321      0.000    316  
  cop_0191_lp_lin      0.68915      1.000      -  yes
  cop_0192_lp_lin      4.01029      0.000    145  
  cop_0193_lp_lin      2.45788      0.000    313  
  cop_0194_lp_lin      1.35377      0.000    754  
  cop_0195_lp_lin      2.24657      0.000    398  
  cop_0196_lp_lin      2.01079      0.000    680  
  cop_0197_lp_lin      3.19439      0.000    385  
  cop_0198_lp_lin      2.20256      0.000    418  
  cop_0199_lp_lin      1.41559      0.000    658  
  cop_0200_lp_lin      1.68643      0.000    564  
  cop_0201_lp_lin      1.23332      0.000    843  
  cop_0202_lp_lin     11.60193      0.000    326  
  cop_0203_lp_lin      1.72490      0.000    257  
  cop_0204_lp_lin      2.16622      0.000    341  
  cop_0205_lp_lin      0.92064      0.000    972  
  cop_0206_lp_lin      8.59103      0.000     33  
  cop_0207_lp_lin      1.19405      0.000    855  
  cop_0208_lp_lin      2.69681      0.000    696  
  cop_0209_lp_lin      3.32748      0.000     56  
  cop_0210_lp_lin      3.11637      0.000    161  
  cop_0211_lp_lin      0.86496      0.000    980  
  cop_0212_lp_lin     22.72544      0.000     59  
  cop_0213_lp_lin      1.07389      0.000    901  
  cop_0214_lp_lin     84.23267      0.000    249  
  cop_0215_lp_lin      2.61005      0.000    200  
  cop_0216_lp_lin      4.53800      0.000    280  
  cop_0217_lp_lin      3.69362      0.000    441  
  cop_0218_lp_lin      2.02479      0.000    698  
  cop_0219_lp_lin    250.47198      0.000      2  
  cop_0220_lp_lin      1.48273      0.000    759  
  cop_0221_lp_lin      1.94299      0.000    699  
  cop_0222_lp_lin      2.63008      0.000    255  
  cop_0223_lp_lin      3.19249      0.000     94  
  cop_0224_lp_lin      2.70321      0.000    533  
  cop_0225_lp_lin      1.65755      0.000    384  
  cop_0226_lp_lin      1.20520      0.000    807  
  cop_0227_lp_lin      1.93716      0.000    413  
  cop_0228_lp_lin      1.15978      0.000    773  
  cop_0229_lp_lin      8.46230      0.000     42  
  cop_0230_lp_lin    196.21007      0.000    144  
  cop_0231_lp_lin      1.04379      0.000    918  
  cop_0232_lp_lin      1.53755      0.000    354  
  cop_0233_lp_lin      4.18935      0.000    130  
  cop_0234_lp_lin      1.86924      0.000    635  
  cop_0235_lp_lin      2.80338      0.000    336  
  cop_0236_lp_lin      1.26599      0.000    615  
  cop_0237_lp_lin      1.77487      0.000    492  
  cop_0238_lp_lin      3.39343      0.000    303  
  cop_0239_lp_lin      1.43721      0.000    659  
  cop_0240_lp_lin      1.13368      0.000    857  
  cop_0241_lp_lin      0.88335      0.000    979  
  cop_0242_lp_lin      2.50978      0.000    274  
  cop_0243_lp_lin      1.28828      0.000    594  
  cop_0244_lp_lin     10.39450      0.000    224  
  cop_0245_lp_lin      5.31878      0.000     91  
  cop_0246_lp_lin      2.24700      0.000    592  
  cop_0247_lp_lin      2.15923      0.000    416  
  cop_0248_lp_lin      1.93112      0.000    456  
  cop_0249_lp_lin      2.08524      0.000    359  
  cop_0250_lp_lin      1.96211      0.000    476  
  cop_0251_lp_lin      4.08923      0.000    139  
  cop_0252_lp_lin      1.70644      0.000    559  
  cop_0253_lp_lin     31.96302      0.000    158  
  cop_0254_lp_lin      1.10190      0.000    882  
  cop_0255_lp_lin      1.29546      0.000    770  
  cop_0256_lp_lin      1.07425      0.000    911  
  cop_0257_lp_lin     61.34215      0.000     76  
  cop_0258_lp_lin      2.12623      0.000    580  
  cop_0259_lp_lin      3.19939      0.000    163  
  cop_0260_lp_lin      2.91747      0.000    331  
  cop_0261_lp_lin      3.07843      0.000     69  
  cop_0262_lp_lin     29.39455      0.000     40  
  cop_0263_lp_lin     15.02766      0.000     58  
  cop_0264_lp_lin      2.38922      0.000    435  
  cop_0265_lp_lin      1.35411      0.000    806  
  cop_0266_lp_lin      5.72398      0.000    570  
  cop_0267_lp_lin      1.34985      0.000    832  
  cop_0268_lp_lin      1.90323      0.000    477  
  cop_0269_lp_lin      0.98167      0.000    947  
  cop_0270_lp_lin      7.84768      0.000    149  
  cop_0271_lp_lin      6.94677      0.000    187  
  cop_0272_lp_lin      1.86231      0.000    324  
  cop_0273_lp_lin      3.33663      0.000    107  
  cop_0274_lp_lin      1.28095      0.000    860  
  cop_0275_lp_lin      4.26498      0.000     79  
  cop_0276_lp_lin      4.61178      0.000    193  
  cop_0277_lp_lin      1.58009      0.000    735  
  cop_0278_lp_lin      4.21799      0.000    201  
  cop_0279_lp_lin      3.85366      0.000    471  
  cop_0280_lp_lin      1.76705      0.000    677  
  cop_0281_lp_lin      0.96587      0.000    948  
  cop_0282_lp_lin      1.64370      0.000    568  
  cop_0283_lp_lin      2.69554      0.000    342  
  cop_0284_lp_lin      1.95793      0.000    482  
  cop_0285_lp_lin      0.98442      0.000    957  
  cop_0286_lp_lin      3.88761      0.000    583  
  cop_0287_lp_lin     11.56937      0.000    237  
  cop_0288_lp_lin      1.54859      0.000    716  
  cop_0289_lp_lin      1.92099      0.000    432  
  cop_0290_lp_lin      4.13280      0.000    510  
  cop_0291_lp_lin      4.29223      0.000    500  
  cop_0292_lp_lin      1.98230      0.000    490  
  cop_0293_lp_lin      1.66430      0.000    392  
  cop_0294_lp_lin      1.83536      0.000    340  
  cop_0295_lp_lin      3.06894      0.000    647  
  cop_0296_lp_lin      2.45389      0.000    646  
  cop_0297_lp_lin     45.34679      0.000     54  
  cop_0298_lp_lin      0.89643      0.000    973  
  cop_0299_lp_lin      1.12820      0.000    934  
  cop_0300_lp_lin      8.52626      0.000      7  
  cop_0301_lp_lin      2.82306      0.000    463  
  cop_0302_lp_lin      1.53024      0.000    499  
  cop_0303_lp_lin      3.43142      0.000     45  
  cop_0304_lp_lin      4.43266      0.000     98  
  cop_0305_lp_lin      2.56658      0.000    797  
  cop_0306_lp_lin      1.41808      0.000    719  
  cop_0307_lp_lin      2.60612      0.000     95  
  cop_0308_lp_lin     32.22752      0.000    219  
  cop_0309_lp_lin      2.06532      0.000    553  
  cop_0310_lp_lin      1.96303      0.000    366  
  cop_0311_lp_lin      3.18680      0.000    365  
  cop_0312_lp_lin      1.42972      0.000    685  
  cop_0313_lp_lin      1.93584      0.000    625  
  cop_0314_lp_lin      1.71362      0.000    611  
  cop_0315_lp_lin      2.74559      0.000    205  
  cop_0316_lp_lin      1.68216      0.000    638  
  cop_0317_lp_lin      1.08152      0.000    905  
  cop_0318_lp_lin      2.10772      0.000    502  
  cop_0319_lp_lin      2.25256      0.000    284  
  cop_0320_lp_lin      1.35468      0.000    610  
  cop_0321_lp_lin      1.13065      0.000    866  
  cop_0322_lp_lin      3.38027      0.000    577  
  cop_0323_lp_lin    131.57940      0.000     28  
  cop_0324_lp_lin      2.66082      0.000    779  
  cop_0325_lp_lin     15.14022      0.000    235  
  cop_0326_lp_lin      4.75376      0.000    375  
  cop_0327_lp_lin     21.21272      0.000    104  
  cop_0328_lp_lin      4.61643      0.000    172  
  cop_0329_lp_lin     58.02594      0.000     38  
  cop_0330_lp_lin      2.87722      0.000    285  
  cop_0331_lp_lin      2.39894      0.000    512  
  cop_0332_lp_lin      6.91988      0.000     78  
  cop_0333_lp_lin      6.53580      0.000    478  
  cop_0334_lp_lin      1.38966      0.000    736  
  cop_0335_lp_lin      1.01874      0.000    940  
  cop_0336_lp_lin      3.02358      0.000    216  
  cop_0337_lp_lin      1.44121      0.000    672  
  cop_0338_lp_lin      1.13594      0.000    896  
  cop_0339_lp_lin      2.10307      0.000    317  
  cop_0340_lp_lin      3.15711      0.000    461  
  cop_0341_lp_lin      2.71187      0.000    399  
  cop_0342_lp_lin      3.79548      0.000    357  
  cop_0343_lp_lin      1.05666      0.000    925  
  cop_0344_lp_lin      3.71516      0.000    308  
  cop_0345_lp_lin      2.96114      0.000    236  
  cop_0346_lp_lin      1.10257      0.000    885  
  cop_0347_lp_lin      0.92232      0.000    975  
  cop_0348_lp_lin      1.12210      0.000    839  
  cop_0349_lp_lin      1.10507      0.000    851  
  cop_0350_lp_lin      1.14848      0.000    765  
  cop_0351_lp_lin      1.10172      0.000    922  
  cop_0352_lp_lin      2.01345      0.000    712  
  cop_0353_lp_lin      1.27800      0.000    776  
  cop_0354_lp_lin      4.68268      0.000    552  
  cop_0355_lp_lin      1.51457      0.000    543  
  cop_0356_lp_lin      0.83629      0.000    991  
  cop_0357_lp_lin      3.86329      0.000    209  
  cop_0358_lp_lin      2.87820      0.000    409  
  cop_0359_lp_lin      7.09184      0.000    137  
  cop_0360_lp_lin      3.70850      0.000    524  
  cop_0361_lp_lin      1.07617      0.000    909  
  cop_0362_lp_lin     17.61241      0.000     30  
  cop_0363_lp_lin      3.05325      0.000    102  
  cop_0364_lp_lin      1.34367      0.000    721  
  cop_0365_lp_lin      5.82606      0.000    496  
  cop_0366_lp_lin      9.70882      0.000    152  
  cop_0367_lp_lin      1.02839      0.000    939  
  cop_0368_lp_lin      1.17460      0.000    870  
  cop_0369_lp_lin      1.14662      0.000    812  
  cop_0370_lp_lin      5.60020      0.000    253  
  cop_0371_lp_lin      1.91337      0.000    676  
  cop_0372_lp_lin      2.43058      0.000    556  
  cop_0373_lp_lin      2.05809      0.000    656  
  cop_0374_lp_lin      0.97530      0.000    946  
  cop_0375_lp_lin     25.48535      0.000     37  
  cop_0376_lp_lin      4.39112      0.000    302  
  cop_0377_lp_lin      1.38695      0.000    760  
  cop_0378_lp_lin      1.49030      0.000    621  
  cop_0379_lp_lin     10.82751      0.000     72  
  cop_0380_lp_lin      4.96840      0.000    479  
  cop_0381_lp_lin     22.83992      0.000    207  
  cop_0382_lp_lin      1.39380      0.000    747  
  cop_0383_lp_lin      2.77246      0.000    263  
  cop_0384_lp_lin      2.94275      0.000    682  
  cop_0385_lp_lin      2.83689      0.000    112  
  cop_0386_lp_lin      2.42597      0.000    537  
  cop_0387_lp_lin     13.11819      0.000     53  
  cop_0388_lp_lin     26.03099      0.000     21  
  cop_0389_lp_lin     46.49789      0.000     16  
  cop_0390_lp_lin      1.04336      0.000    907  
  cop_0391_lp_lin     24.28847      0.000     96  
  cop_0392_lp_lin      3.37375      0.000    227  
  cop_0393_lp_lin     12.26657      0.000    197  
  cop_0394_lp_lin      3.12843      0.000    157  
  cop_0395_lp_lin      2.46639      0.000    355  
  cop_0396_lp_lin      1.13645      0.000    862  
  cop_0397_lp_lin      1.00197      0.000    952  
  cop_0398_lp_lin      2.60214      0.000    777  
  cop_0399_lp_lin      1.02563      0.000    921  
  cop_0400_lp_lin      1.91273      0.000    484  
  cop_0401_lp_lin      2.47364      0.000    319  
  cop_0402_lp_lin      7.07194      0.000     77  
  cop_0403_lp_lin      1.57686      0.000    588  
  cop_0404_lp_lin      3.29243      0.000    393  
  cop_0405_lp_lin      5.09942      0.000    753  
  cop_0406_lp_lin      4.19831      0.000    119  
  cop_0407_lp_lin      2.45065      0.000    726  
  cop_0408_lp_lin      1.61366      0.000    697  
  cop_0409_lp_lin      2.98415      0.000    405  
  cop_0410_lp_lin      0.81152      0.000    997  
  cop_0411_lp_lin    336.55185      0.000     15  
  cop_0412_lp_lin     15.67802      0.000     26  
  cop_0413_lp_lin      1.12051      0.000    880  
  cop_0414_lp_lin      7.80145      0.000     32  
  cop_0415_lp_lin      3.41362      0.000    454  
  cop_0416_lp_lin      2.21026      0.000    272  
  cop_0417_lp_lin      1.92108      0.000    250  
  cop_0418_lp_lin      3.63277      0.000    403  
  cop_0419_lp_lin      5.09881      0.000    473  
  cop_0420_lp_lin      3.40830      0.000    532  
  cop_0421_lp_lin      2.74816      0.000    190  
  cop_0422_lp_lin      1.11414      0.000    878  
  cop_0423_lp_lin      1.06642      0.000    883  
  cop_0424_lp_lin      1.09475      0.000    892  
  cop_0425_lp_lin     16.29555      0.000    106  
  cop_0426_lp_lin      0.94210      0.000    962  
  cop_0427_lp_lin      4.52070      0.000    132  
  cop_0428_lp_lin      1.15422      0.000    838  
  cop_0429_lp_lin      0.91319      0.000    967  
  cop_0430_lp_lin      2.92661      0.000    115  
  cop_0431_lp_lin      1.32897      0.000    597  
  cop_0432_lp_lin      2.12579      0.000    358  
  cop_0433_lp_lin      1.98795      0.000    259  
  cop_0434_lp_lin      2.89069      0.000    757  
  cop_0435_lp_lin      1.06563      0.000    895  
  cop_0436_lp_lin      1.47228      0.000    628  
  cop_0437_lp_lin      0.83855      0.000    993  
  cop_0438_lp_lin      2.57970      0.000    297  
  cop_0439_lp_lin      1.82088      0.000    491  
  cop_0440_lp_lin      1.08827      0.000    872  
  cop_0441_lp_lin      1.89958      0.000    429  
  cop_0442_lp_lin      2.05623      0.000    349  
  cop_0443_lp_lin      1.91600      0.000    408  
  cop_0444_lp_lin      0.91193      0.000    969  
  cop_0445_lp_lin      2.50986      0.000    198  
  cop_0446_lp_lin     47.85934      0.000     10  
  cop_0447_lp_lin      2.28028      0.000    361  
  cop_0448_lp_lin      2.59259      0.000    298  
  cop_0449_lp_lin      3.79878      0.000     39  
  cop_0450_lp_lin      1.13021      0.000    827  
  cop_0451_lp_lin      2.21684      0.000    489  
  cop_0452_lp_lin      2.71497      0.000    179  
  cop_0453_lp_lin      1.72686      0.000    626  
  cop_0454_lp_lin      5.88391      0.000    138  
  cop_0455_lp_lin      4.78304      0.000    474  
  cop_0456_lp_lin      4.10343      0.000    339  
  cop_0457_lp_lin      1.07556      0.000    919  
  cop_0458_lp_lin      1.39471      0.000    576  
  cop_0459_lp_lin      1.30365      0.000    733  
  cop_0460_lp_lin      1.25547      0.000    818  
  cop_0461_lp_lin      8.45558      0.000      3  
  cop_0462_lp_lin      2.04718      0.000    497  
  cop_0463_lp_lin      1.70922      0.000    711  
  cop_0464_lp_lin      1.44696      0.000    725  
  cop_0465_lp_lin      1.52263      0.000    600  
  cop_0466_lp_lin      1.02673      0.000    903  
  cop_0467_lp_lin      1.31720      0.000    494  
  cop_0468_lp_lin      2.89565      0.000     27  
  cop_0469_lp_lin      1.32406      0.000    695  
  cop_0470_lp_lin      2.69829      0.000    211  
  cop_0471_lp_lin      2.46849      0.000    142  
  cop_0472_lp_lin      2.74011      0.000    623  
  cop_0473_lp_lin      2.09020      0.000    293  
  cop_0474_lp_lin      1.67279      0.000    724  
  cop_0475_lp_lin      4.22627      0.000    160  
  cop_0476_lp_lin      1.75279      0.000    540  
  cop_0477_lp_lin      1.25646      0.000    775  
  cop_0478_lp_lin      0.93293      0.000    965  
  cop_0479_lp_lin      1.39799      0.000    795  
  cop_0480_lp_lin      1.06257      0.000    898  
  cop_0481_lp_lin      1.22457      0.000    840  
  cop_0482_lp_lin      1.46456      0.000    722  
  cop_0483_lp_lin      2.04032      0.000    260  
  cop_0484_lp_lin      4.25212      0.000    177  
  cop_0485_lp_lin      2.50673      0.000    673  
  cop_0486_lp_lin      9.27922      0.000    609  
  cop_0487_lp_lin      5.75887      0.000    170  
  cop_0488_lp_lin      3.97601      0.000    467  
  cop_0489_lp_lin      1.48970      0.000    663  
  cop_0490_lp_lin      3.84815      0.000    558  
  cop_0491_lp_lin     10.25685      0.000    230  
  cop_0492_lp_lin      3.02275      0.000    645  
  cop_0493_lp_lin      2.44418      0.000    555  
  cop_0494_lp_lin      1.25756      0.000    803  
  cop_0495_lp_lin      2.75146      0.000    551  
  cop_0496_lp_lin      3.71215      0.000    425  
  cop_0497_lp_lin      1.77754      0.000    554  
  cop_0498_lp_lin      1.83169      0.000    472  
  cop_0499_lp_lin      3.65907      0.000    199  
  cop_0500_lp_lin      1.27994      0.000    876  
  cop_0501_lp_lin      1.29543      0.000    756  
  cop_0502_lp_lin      1.48615      0.000    801  
  cop_0503_lp_lin      1.13447      0.000    904  
  cop_0504_lp_lin      1.91683      0.000    261  
  cop_0505_lp_lin      3.11451      0.000    124  
  cop_0506_lp_lin      2.40380      0.000    648  
  cop_0507_lp_lin      2.22444      0.000    581  
  cop_0508_lp_lin      5.42229      0.000     52  
  cop_0509_lp_lin      1.22913      0.000    834  
  cop_0510_lp_lin      0.88267      0.000    977  
  cop_0511_lp_lin     13.48993      0.000    241  
  cop_0512_lp_lin      2.19621      0.000    327  
  cop_0513_lp_lin      1.37904      0.000    867  
  cop_0514_lp_lin      1.35471      0.000    694  
  cop_0515_lp_lin      3.47913      0.000    122  
  cop_0516_lp_lin      1.26471      0.000    808  
  cop_0517_lp_lin      4.22990      0.000    360  
  cop_0518_lp_lin      1.34606      0.000    789  
  cop_0519_lp_lin      0.82060      0.000    996  
  cop_0520_lp_lin      1.47991      0.000    742  
  cop_0521_lp_lin      3.56384      0.000    275  
  cop_0522_lp_lin      4.33994      0.000    159  
  cop_0523_lp_lin      1.10261      0.000    891  
  cop_0524_lp_lin      2.34631      0.000    412  
  cop_0525_lp_lin      1.08879      0.000    852  
  cop_0526_lp_lin      0.95918      0.000    941  
  cop_0527_lp_lin      0.98400      0.000    935  
  cop_0528_lp_lin      8.33593      0.000    133  
  cop_0529_lp_lin      1.33395      0.000    761  
  cop_0530_lp_lin      2.13683      0.000    616  
  cop_0531_lp_lin      1.67359      0.000    563  
  cop_0532_lp_lin      5.45078      0.000    459  
  cop_0533_lp_lin      0.86909      0.000    986  
  cop_0534_lp_lin      0.80151      0.000    999  
  cop_0535_lp_lin      7.32588      0.000    168  
  cop_0536_lp_lin      1.22394      0.000    782  
  cop_0537_lp_lin      2.81816      0.000    519  
  cop_0538_lp_lin      0.93734      0.000    959  
  cop_0539_lp_lin      2.77933      0.000    306  
  cop_0540_lp_lin      1.44732      0.000    727  
  cop_0541_lp_lin      1.85033      0.000    475  
  cop_0542_lp_lin      1.29106      0.000    769  
  cop_0543_lp_lin      1.96215      0.000    649  
  cop_0544_lp_lin      1.42093      0.000    764  
  cop_0545_lp_lin      2.33895      0.000    401  
  cop_0546_lp_lin      2.21934      0.000    214  
  cop_0547_lp_lin      2.35325      0.000    433  
  cop_0548_lp_lin     10.14391      0.000     23  
  cop_0549_lp_lin     95.83383      0.000     88  
  cop_0550_lp_lin      4.63515      0.000    378  
  cop_0551_lp_lin      5.38768      0.000    192  
  cop_0552_lp_lin      0.99312      0.000    958  
  cop_0553_lp_lin      1.40709      0.000    681  
  cop_0554_lp_lin      0.91069      0.000    966  
  cop_0555_lp_lin      1.54579      0.000    437  
  cop_0556_lp_lin      2.52055      0.000    229  
  cop_0557_lp_lin      3.37567      0.000    386  
  cop_0558_lp_lin      8.74924      0.000    330  
  cop_0559_lp_lin      2.53734      0.000    561  
  cop_0560_lp_lin      3.81762      0.000    388  
  cop_0561_lp_lin      1.50146      0.000    796  
  cop_0562_lp_lin     58.37526      0.000    118  
  cop_0563_lp_lin      3.12917      0.000    334  
  cop_0564_lp_lin      1.88320      0.000    423  
  cop_0565_lp_lin      3.19322      0.000    143  
  cop_0566_lp_lin      1.40692      0.000    689  
  cop_0567_lp_lin      6.03331      0.000    231  
  cop_0568_lp_lin      2.70691      0.000    288  
  cop_0569_lp_lin      2.42873      0.000    817  
  cop_0570_lp_lin      1.29582      0.000    717  
  cop_0571_lp_lin      1.65909      0.000    627  
  cop_0572_lp_lin     15.61969      0.000    180  
  cop_0573_lp_lin      3.39546      0.000    377  
  cop_0574_lp_lin      1.16045      0.000    762  
  cop_0575_lp_lin      1.70997      0.000    481  
  cop_0576_lp_lin      3.99300      0.000    202  
  cop_0577_lp_lin      1.17170      0.000    884  
  cop_0578_lp_lin      2.19795      0.000    668  
  cop_0579_lp_lin     12.79380      0.000     47  
  cop_0580_lp_lin      3.69838      0.000    536  
  cop_0581_lp_lin      1.67540      0.000    784  
  cop_0582_lp_lin     11.20539      0.000    131  
  cop_0583_lp_lin      4.83862      0.000    666  
  cop_0584_lp_lin      7.99758      0.000     99  
  cop_0585_lp_lin      2.65181      0.000    485  
  cop_0586_lp_lin      2.06007      0.000    276  
  cop_0587_lp_lin      2.41991      0.000    640  
  cop_0588_lp_lin      4.93613      0.000    110  
  cop_0589_lp_lin      2.95946      0.000    691  
  cop_0590_lp_lin      5.22916      0.000    204  
  cop_0591_lp_lin     12.94025      0.000    557  
  cop_0592_lp_lin      2.59993      0.000    254  
  cop_0593_lp_lin      0.87891      0.000    988  
  cop_0594_lp_lin      1.48249      0.000    732  
  cop_0595_lp_lin      2.17633      0.000    641  
  cop_0596_lp_lin      1.20298      0.000    879  
  cop_0597_lp_lin      1.46540      0.000    671  
  cop_0598_lp_lin      0.97165      0.000    955  
  cop_0599_lp_lin      2.87766      0.000    305  
  cop_0600_lp_lin      1.60727      0.000    690  
  cop_0601_lp_lin      2.19253      0.000    651  
  cop_0602_lp_lin      3.97548      0.000    120  
  cop_0603_lp_lin      6.06466      0.000     43  
  cop_0604_lp_lin      1.14128      0.000    873  
  cop_0605_lp_lin      6.46162      0.000    210  
  cop_0606_lp_lin      1.92344      0.000    528  
  cop_0607_lp_lin      5.27196      0.000    332  
  cop_0608_lp_lin      7.85171      0.000     22  
  cop_0609_lp_lin      4.63499      0.000    674  
  cop_0610_lp_lin      4.72202      0.000    422  
  cop_0611_lp_lin      2.51167      0.000    452  
  cop_0612_lp_lin      4.32287      0.000    166  
  cop_0613_lp_lin      2.58787      0.000    233  
  cop_0614_lp_lin      3.80943      0.000    251  
  cop_0615_lp_lin      1.68003      0.000    446  
  cop_0616_lp_lin      2.44117      0.000    464  
  cop_0617_lp_lin      1.88250      0.000    396  
  cop_0618_lp_lin      3.27201      0.000    518  
  cop_0619_lp_lin      1.83729      0.000    281  
  cop_0620_lp_lin      1.79886      0.000    364  
  cop_0621_lp_lin      3.37235      0.000    111  
  cop_0622_lp_lin      1.12913      0.000    912  
  cop_0623_lp_lin      3.21079      0.000    382  
  cop_0624_lp_lin      1.15299      0.000    863  
  cop_0625_lp_lin      2.03617      0.000    415  
  cop_0626_lp_lin      8.04828      0.000    218  
  cop_0627_lp_lin      3.15252      0.000    105  
  cop_0628_lp_lin      1.11688      0.000    900  
  cop_0629_lp_lin      1.14908      0.000    881  
  cop_0630_lp_lin      3.92643      0.000    353  
  cop_0631_lp_lin      1.46458      0.000    768  
  cop_0632_lp_lin     10.83093      0.000     64  
  cop_0633_lp_lin      2.95734      0.000    411  
  cop_0634_lp_lin      0.97690      0.000    956  
  cop_0635_lp_lin      1.30744      0.000    771  
  cop_0636_lp_lin      2.99250      0.000    444  
  cop_0637_lp_lin     17.42128      0.000    654  
  cop_0638_lp_lin      2.07815      0.000    522  
  cop_0639_lp_lin      2.13380      0.000    527  
  cop_0640_lp_lin      2.67496      0.000    622  
  cop_0641_lp_lin      1.77073      0.000    438  
  cop_0642_lp_lin      1.05965      0.000    928  
  cop_0643_lp_lin      1.47954      0.000    590  
  cop_0644_lp_lin      2.29018      0.000    323  
  cop_0645_lp_lin      1.88648      0.000    448  
  cop_0646_lp_lin      1.39847      0.000    544  
  cop_0647_lp_lin      1.35918      0.000    745  
  cop_0648_lp_lin    122.94851      0.000     55  
  cop_0649_lp_lin      2.37360      0.000    400  
  cop_0650_lp_lin      1.30956      0.000    783  
  cop_0651_lp_lin      2.64593      0.000    440  
  cop_0652_lp_lin      0.84226      0.000    983  
  cop_0653_lp_lin      1.52031      0.000    652  
  cop_0654_lp_lin      0.92065      0.000    974  
  cop_0655_lp_lin      9.91425      0.000     65  
  cop_0656_lp_lin      4.66761      0.000      4  
  cop_0657_lp_lin     10.35990      0.000      6  
  cop_0658_lp_lin      3.85004      0.000    171  
  cop_0659_lp_lin      4.56242      0.000    134  
  cop_0660_lp_lin      0.97707      0.000    936  
  cop_0661_lp_lin      1.02785      0.000    931  
  cop_0662_lp_lin      3.60080      0.000    176  
  cop_0663_lp_lin      5.15220      0.000    148  
  cop_0664_lp_lin      1.21883      0.000    836  
  cop_0665_lp_lin      0.95411      0.000    961  
  cop_0666_lp_lin      1.48071      0.000    657  
  cop_0667_lp_lin      1.96948      0.000    549  
  cop_0668_lp_lin      2.47307      0.000    414  
  cop_0669_lp_lin      4.69574      0.000     48  
  cop_0670_lp_lin     33.35464      0.000    156  
  cop_0671_lp_lin      2.76127      0.000    247  
  cop_0672_lp_lin      1.80481      0.000    455  
  cop_0673_lp_lin      1.13593      0.000    741  
  cop_0674_lp_lin      4.83494      0.000    390  
  cop_0675_lp_lin      5.76913      0.000    248  
  cop_0676_lp_lin      3.40977      0.000    188  
  cop_0677_lp_lin      6.32882      0.000    562  
  cop_0678_lp_lin      3.08937      0.000     85  
  cop_0679_lp_lin     45.53858      0.000     97  
  cop_0680_lp_lin      2.88622      0.000     73  
  cop_0681_lp_lin      4.30263      0.000     49  
  cop_0682_lp_lin      2.12149      0.000    453  
  cop_0683_lp_lin      1.19108      0.000    821  
  cop_0684_lp_lin      1.05187      0.000    916  
  cop_0685_lp_lin      1.15476      0.000    835  
  cop_0686_lp_lin      1.00392      0.000    933  
  cop_0687_lp_lin      4.54494      0.000    363  
  cop_0688_lp_lin      2.01341      0.000    407  
  cop_0689_lp_lin      1.18981      0.000    729  
  cop_0690_lp_lin     25.98903      0.000    121  
  cop_0691_lp_lin      1.06101      0.000    920  
  cop_0692_lp_lin      1.48447      0.000    661  
  cop_0693_lp_lin      2.03928      0.000    140  
  cop_0694_lp_lin      1.12078      0.000    816  
  cop_0695_lp_lin     11.68018      0.000     60  
  cop_0696_lp_lin      1.06461      0.000    897  
  cop_0697_lp_lin      1.03211      0.000    889  
  cop_0698_lp_lin      2.34000      0.000    617  
  cop_0699_lp_lin      5.43295      0.000    466  
  cop_0700_lp_lin      8.21703      0.000    135  
  cop_0701_lp_lin      4.78672      0.000    569  
  cop_0702_lp_lin      0.80844      0.000    998  
  cop_0703_lp_lin      1.87483      0.000    631  
  cop_0704_lp_lin     20.56565      0.000    183  
  cop_0705_lp_lin      1.71180      0.000    715  
  cop_0706_lp_lin      1.91298      0.000    667  
  cop_0707_lp_lin      1.29435      0.000    804  
  cop_0708_lp_lin      0.85490      0.000    992  
  cop_0709_lp_lin      4.78888      0.000    232  
  cop_0710_lp_lin      3.74765      0.000    222  
  cop_0711_lp_lin      1.19577      0.000    792  
  cop_0712_lp_lin      1.80795      0.000    445  
  cop_0713_lp_lin      1.67462      0.000    346  
  cop_0714_lp_lin      4.13997      0.000    362  
  cop_0715_lp_lin      1.07726      0.000    926  
  cop_0716_lp_lin      4.12511      0.000    634  
  cop_0717_lp_lin      0.83897      0.000    994  
  cop_0718_lp_lin      6.36802      0.000     74  
  cop_0719_lp_lin      1.85630      0.000    598  
  cop_0720_lp_lin      1.05023      0.000    917  
  cop_0721_lp_lin      3.57550      0.000    304  
  cop_0722_lp_lin      3.90363      0.000    299  
  cop_0723_lp_lin      1.85082      0.000    595  
  cop_0724_lp_lin      3.08140      0.000    114  
  cop_0725_lp_lin      1.26228      0.000    751  
  cop_0726_lp_lin      2.30995      0.000    307  
  cop_0727_lp_lin      1.44320      0.000    811  
  cop_0728_lp_lin      1.95609      0.000    351  
  cop_0729_lp_lin      1.59765      0.000    629  
  cop_0730_lp_lin      2.40230      0.000    286  
  cop_0731_lp_lin      1.51839      0.000    728  
  cop_0732_lp_lin      6.52548      0.000    167  
  cop_0733_lp_lin      2.52399      0.000    517  
  cop_0734_lp_lin      4.19859      0.000    234  
  cop_0735_lp_lin      1.39152      0.000    752  
  cop_0736_lp_lin      1.46691      0.000    603  
  cop_0737_lp_lin      5.97895      0.000    108  
  cop_0738_lp_lin      1.22551      0.000    780  
  cop_0739_lp_lin     11.76448      0.000    212  
  cop_0740_lp_lin      1.02662      0.000    914  
  cop_0741_lp_lin      1.23997      0.000    662  
  cop_0742_lp_lin      1.33808      0.000    798  
  cop_0743_lp_lin      2.40067      0.000    613  
  cop_0744_lp_lin      2.93839      0.000    147  
  cop_0745_lp_lin      4.54324      0.000     90  
  cop_0746_lp_lin      4.61555      0.000    164  
  cop_0747_lp_lin      5.33354      0.000    267  
  cop_0748_lp_lin      1.56495      0.000    748  
  cop_0749_lp_lin      2.74802      0.000    208  
  cop_0750_lp_lin      1.41715      0.000    767  
  cop_0751_lp_lin      0.88226      0.000    976  
  cop_0752_lp_lin      8.99150      0.000     17  
  cop_0753_lp_lin      3.96351      0.000    243  
  cop_0754_lp_lin      7.38354      0.000     81  
  cop_0755_lp_lin      2.60299      0.000    262  
  cop_0756_lp_lin      1.32858      0.000    823  
  cop_0757_lp_lin      1.46539      0.000    809  
  cop_0758_lp_lin      1.63876      0.000    373  
  cop_0759_lp_lin      2.07453      0.000    470  
  cop_0760_lp_lin      3.31491      0.000    428  
  cop_0761_lp_lin      2.35602      0.000    203  
  cop_0762_lp_lin      2.25217      0.000    567  
  cop_0763_lp_lin      1.32873      0.000    744  
  cop_0764_lp_lin      1.48166      0.000    794  
  cop_0765_lp_lin      1.57931      0.000    665  
  cop_0766_lp_lin      1.97296      0.000    678  
  cop_0767_lp_lin      5.57049      0.000    468  
  cop_0768_lp_lin    136.03523      0.000     25  
  cop_0769_lp_lin      2.00171      0.000    343  
  cop_0770_lp_lin      1.55935      0.000    538  
  cop_0771_lp_lin      2.38219      0.000    442  
  cop_0772_lp_lin      0.95232      0.000    943  
  cop_0773_lp_lin      0.95205      0.000    963  
  cop_0774_lp_lin      1.10028      0.000    927  
  cop_0775_lp_lin      2.43979      0.000    436  
  cop_0776_lp_lin      2.02617      0.000    579  
  cop_0777_lp_lin      1.03125      0.000    942  
  cop_0778_lp_lin      1.57568      0.000    718  
  cop_0779_lp_lin      1.30638      0.000    700  
  cop_0780_lp_lin      1.29982      0.000    791  
  cop_0781_lp_lin      3.23934      0.000    103  
  cop_0782_lp_lin      1.06313      0.000    844  
  cop_0783_lp_lin      8.26197      0.000     57  
  cop_0784_lp_lin      1.28203      0.000    799  
  cop_0785_lp_lin      5.28626      0.000    165  
  cop_0786_lp_lin      4.43557      0.000    513  
  cop_0787_lp_lin     16.05977      0.000    389  
  cop_0788_lp_lin      4.02010      0.000    426  
  cop_0789_lp_lin      2.35689      0.000    245  
  cop_0790_lp_lin      3.35959      0.000    541  
  cop_0791_lp_lin      2.93814      0.000    246  
  cop_0792_lp_lin      6.83704      0.000     61  
  cop_0793_lp_lin      1.55396      0.000    734  
  cop_0794_lp_lin      1.29831      0.000    692  
  cop_0795_lp_lin      1.88815      0.000    578  
  cop_0796_lp_lin      1.12617      0.000    865  
  cop_0797_lp_lin      2.42793      0.000    643  
  cop_0798_lp_lin      2.05900      0.000    516  
  cop_0799_lp_lin      3.36647      0.000     86  
  cop_0800_lp_lin      2.35591      0.000    344  
  cop_0801_lp_lin      0.96693      0.000    960  
  cop_0802_lp_lin      1.26974      0.000    708  
  cop_0803_lp_lin      1.10460      0.000    819  
  cop_0804_lp_lin      2.75477      0.000    273  
  cop_0805_lp_lin      1.82252      0.000    371  
  cop_0806_lp_lin      1.52463      0.000    701  
  cop_0807_lp_lin      2.12775      0.000    320  
  cop_0808_lp_lin      5.18604      0.000    514  
  cop_0809_lp_lin      7.56887      0.000     50  
  cop_0810_lp_lin      9.85848      0.000      5  
  cop_0811_lp_lin      8.35632      0.000    220  
  cop_0812_lp_lin      4.22085      0.000    504  
  cop_0813_lp_lin      6.52402      0.000    329  
  cop_0814_lp_lin      1.54809      0.000    591  
  cop_0815_lp_lin      2.42706      0.000    723  
  cop_0816_lp_lin     23.21385      0.000     66  
  cop_0817_lp_lin      1.42149      0.000    509  
  cop_0818_lp_lin      2.53926      0.000    290  
  cop_0819_lp_lin      3.07682      0.000    146  
  cop_0820_lp_lin      1.15172      0.000    847  
  cop_0821_lp_lin      1.42855      0.000    746  
  cop_0822_lp_lin      3.72405      0.000    141  
  cop_0823_lp_lin     10.04291      0.000     51  
  cop_0824_lp_lin      0.92068      0.000    970  
  cop_0825_lp_lin      1.64593      0.000    493  
  cop_0826_lp_lin      1.14068      0.000    910  
  cop_0827_lp_lin      1.32344      0.000    790  
  cop_0828_lp_lin      2.13370      0.000    239  
  cop_0829_lp_lin      2.46408      0.000    402  
  cop_0830_lp_lin      4.93880      0.000      8  
  cop_0831_lp_lin      3.38466      0.000    542  
  cop_0832_lp_lin      0.86062      0.000    984  
  cop_0833_lp_lin      6.06464      0.000    117  
  cop_0834_lp_lin      1.65733      0.000    614  
  cop_0835_lp_lin      4.37186      0.000    397  
  cop_0836_lp_lin      3.33800      0.000    109  
  cop_0837_lp_lin      3.69784      0.000    410  
  cop_0838_lp_lin      1.96031      0.000    633  
  cop_0839_lp_lin      3.84810      0.000    178  
  cop_0840_lp_lin      1.60124      0.000    644  
  cop_0841_lp_lin      1.16189      0.000    831  
  cop_0842_lp_lin      5.75747      0.000    242  
  cop_0843_lp_lin      1.23166      0.000    630  
  cop_0844_lp_lin      1.41123      0.000    458  
  cop_0845_lp_lin      7.88564      0.000    175  
  cop_0846_lp_lin      5.08474      0.000    226  
  cop_0847_lp_lin      4.59194      0.000    291  
  cop_0848_lp_lin      2.01912      0.000    530  
  cop_0849_lp_lin      1.16944      0.000    850  
  cop_0850_lp_lin      1.01540      0.000    915  
  cop_0851_lp_lin      4.43925      0.000    189  
  cop_0852_lp_lin      1.26982      0.000    822  
  cop_0853_lp_lin      1.61413      0.000    740  
  cop_0854_lp_lin      1.75844      0.000    709  
  cop_0855_lp_lin      2.50201      0.000    264  
  cop_0856_lp_lin      2.87736      0.000    430  
  cop_0857_lp_lin      2.09716      0.000    787  
  cop_0858_lp_lin      2.43963      0.000    720  
  cop_0859_lp_lin      1.05788      0.000    923  
  cop_0860_lp_lin      9.26905      0.000     71  
  cop_0861_lp_lin      2.10725      0.000    347  
  cop_0862_lp_lin      1.06383      0.000    902  
  cop_0863_lp_lin      1.51056      0.000    686  
  cop_0864_lp_lin      2.79750      0.000    702  
  cop_0865_lp_lin      6.40607      0.000    664  
  cop_0866_lp_lin      1.76779      0.000    573  
  cop_0867_lp_lin      1.26029      0.000    786  
  cop_0868_lp_lin      9.44225      0.000    123  
  cop_0869_lp_lin      8.49626      0.000     82  
  cop_0870_lp_lin     20.53876      0.000     36  
  cop_0871_lp_lin      1.14642      0.000    868  
  cop_0872_lp_lin      2.21487      0.000    370  
  cop_0873_lp_lin      5.26559      0.000    406  
  cop_0874_lp_lin      0.98442      0.000    938  
  cop_0875_lp_lin      1.33878      0.000    653  
  cop_0876_lp_lin      1.24584      0.000    859  
  cop_0877_lp_lin      2.09354      0.000    571  
  cop_0878_lp_lin      1.51333      0.000    684  
  cop_0879_lp_lin      1.74730      0.000    447  
  cop_0880_lp_lin      1.49750      0.000    620  
  cop_0881_lp_lin      2.15334      0.000    693  
  cop_0882_lp_lin      1.81398      0.000    607  
  cop_0883_lp_lin      4.87745      0.000     70  
  cop_0884_lp_lin      1.06330      0.000    887  
  cop_0885_lp_lin     26.03454      0.000    101  
  cop_0886_lp_lin      1.42971      0.000    593  
  cop_0887_lp_lin      6.02686      0.000    381  
  cop_0888_lp_lin      4.13310      0.000    632  
  cop_0889_lp_lin      1.48189      0.000    507  
  cop_0890_lp_lin      8.18573      0.000    550  
  cop_0891_lp_lin      2.32527      0.000    394  
  cop_0892_lp_lin      3.10395      0.000    636  
  cop_0893_lp_lin      2.00480      0.000    545  
  cop_0894_lp_lin      3.89315      0.000    196  
  cop_0895_lp_lin      2.80397      0.000    352  
  cop_0896_lp_lin      1.65195      0.000    669  
  cop_0897_lp_lin      0.98457      0.000    949  
  cop_0898_lp_lin      1.68215      0.000    766  
  cop_0899_lp_lin      1.16300      0.000    813  
  cop_0900_lp_lin      8.03368      0.000     18  
  cop_0901_lp_lin      2.61324      0.000    338  
  cop_0902_lp_lin      1.19265      0.000    848  
  cop_0903_lp_lin      3.28528      0.000    417  
  cop_0904_lp_lin      1.35848      0.000    774  
  cop_0905_lp_lin      0.84060      0.000    995  
  cop_0906_lp_lin      0.93800      0.000    968  
  cop_0907_lp_lin      8.62399      0.000     75  
  cop_0908_lp_lin      4.77231      0.000     63  
  cop_0909_lp_lin      3.79339      0.000    469  
  cop_0910_lp_lin      2.53398      0.000    460  
  cop_0911_lp_lin      1.32541      0.000    750  
  cop_0912_lp_lin      2.00327      0.000    505  
  cop_0913_lp_lin      1.07224      0.000    886  
  cop_0914_lp_lin      1.14690      0.000    830  
  cop_0915_lp_lin      2.22569      0.000    289  
  cop_0916_lp_lin      1.85546      0.000    348  
  cop_0917_lp_lin      0.86948      0.000    982  
  cop_0918_lp_lin      9.53799      0.000    503  
  cop_0919_lp_lin      5.51773      0.000    136  
  cop_0920_lp_lin      3.02721      0.000    258  
  cop_0921_lp_lin      2.14232      0.000    367  
  cop_0922_lp_lin      3.37072      0.000    328  
  cop_0923_lp_lin      1.72191      0.000    535  
  cop_0924_lp_lin    156.08186      0.000     24  
  cop_0925_lp_lin      1.74549      0.000    511  
  cop_0926_lp_lin     20.26411      0.000    154  
  cop_0927_lp_lin      4.10799      0.000    221  
  cop_0928_lp_lin     11.18297      0.000     19  
  cop_0929_lp_lin      4.60976      0.000    296  
  cop_0930_lp_lin      1.69089      0.000    483  
  cop_0931_lp_lin      0.87552      0.000    989  
  cop_0932_lp_lin      5.96895      0.000     41  
  cop_0933_lp_lin      2.10288      0.000    391  
  cop_0934_lp_lin      2.88882      0.000    173  
  cop_0935_lp_lin      1.98892      0.000    287  
  cop_0936_lp_lin      3.13117      0.000    443  
  cop_0937_lp_lin      1.32749      0.000    869  
  cop_0938_lp_lin      4.53502      0.000    269  
  cop_0939_lp_lin      2.54696      0.000    266  
  cop_0940_lp_lin      4.77065      0.000    116  
  cop_0941_lp_lin      2.02092      0.000    529  
  cop_0942_lp_lin     26.51600      0.000    155  
  cop_0943_lp_lin      1.54528      0.000    739  
  cop_0944_lp_lin      2.02513      0.000    404  
  cop_0945_lp_lin      4.86637      0.000    277  
  cop_0946_lp_lin      3.96158      0.000    252  
  cop_0947_lp_lin      2.01123      0.000     62  
  cop_0948_lp_lin      1.00302      0.000    945  
  cop_0949_lp_lin      6.35754      0.000    501  
  cop_0950_lp_lin      1.38717      0.000    704  
  cop_0951_lp_lin      1.69899      0.000    670  
  cop_0952_lp_lin      2.35623      0.000    688  
  cop_0953_lp_lin      3.84470      0.000    439  
  cop_0954_lp_lin      5.43380      0.000    238  
  cop_0955_lp_lin      1.91314      0.000    749  
  cop_0956_lp_lin      1.67287      0.000    488  
  cop_0957_lp_lin      2.13869      0.000    184  
  cop_0958_lp_lin      8.74180      0.000      1  
  cop_0959_lp_lin      1.59599      0.000    582  
  cop_0960_lp_lin      4.24463      0.000    624  
  cop_0961_lp_lin      3.14099      0.000    462  
  cop_0962_lp_lin      2.44426      0.000    539  
  cop_0963_lp_lin      1.41791      0.000    521  
  cop_0964_lp_lin      1.26482      0.000    679  
  cop_0965_lp_lin      5.46437      0.000    113  
  cop_0966_lp_lin      5.13445      0.000    151  
  cop_0967_lp_lin     15.35615      0.000    292  
  cop_0968_lp_lin      1.89274      0.000    683  
  cop_0969_lp_lin      1.10361      0.000    871  
  cop_0970_lp_lin      0.88426      0.000    987  
  cop_0971_lp_lin      1.06344      0.000    899  
  cop_0972_lp_lin      1.38697      0.000    842  
  cop_0973_lp_lin      2.03980      0.000    383  
  cop_0974_lp_lin      1.12597      0.000    826  
  cop_0975_lp_lin      3.99587      0.000    153  
  cop_0976_lp_lin      3.69142      0.000    534  
  cop_0977_lp_lin      9.40547      0.000    546  
  cop_0978_lp_lin      2.41477      0.000    427  
  cop_0979_lp_lin      1.87866      0.000    480  
  cop_0980_lp_lin      7.52606      0.000    318  
  cop_0981_lp_lin      5.46056      0.000    451  
  cop_0982_lp_lin      1.59158      0.000    486  
  cop_0983_lp_lin      2.38891      0.000    376  
  cop_0984_lp_lin      6.75768      0.000    387  
  cop_0985_lp_lin      3.18893      0.000    498  
  cop_0986_lp_lin      2.05686      0.000    604  
  cop_0987_lp_lin      2.69940      0.000    314  
  cop_0988_lp_lin      2.25701      0.000    602  
  cop_0989_lp_lin      4.84924      0.000     31  
  cop_0990_lp_lin      4.20402      0.000    217  
  cop_0991_lp_lin      2.00460      0.000    565  
  cop_0992_lp_lin      4.75963      0.000     44  
  cop_0993_lp_lin      1.98355      0.000    295  
  cop_0994_lp_lin      1.11616      0.000    875  
  cop_0995_lp_lin      1.65036      0.000    675  
  cop_0996_lp_lin      1.73364      0.000    599  
  cop_0997_lp_lin      6.03327      0.000    213  
  cop_0998_lp_lin      1.58591      0.000    587  
  cop_0999_lp_lin      2.43921      0.000    574  
  cop_1000_lp_lin      2.49693      0.000    531  
  eliminated, worst first: cop_0958_lp_lin cop_0219_lp_lin cop_0461_lp_lin cop_0656_lp_lin cop_0810_lp_lin cop_0657_lp_lin cop_0300_lp_lin cop_0830_lp_lin cop_0140_lp_lin cop_0446_lp_lin cop_0046_lp_lin cop_0085_lp_lin cop_0058_lp_lin cop_0184_lp_lin cop_0411_lp_lin cop_0389_lp_lin cop_0752_lp_lin cop_0900_lp_lin cop_0928_lp_lin cop_0009_lp_lin cop_0388_lp_lin cop_0608_lp_lin cop_0548_lp_lin cop_0924_lp_lin cop_0768_lp_lin cop_0412_lp_lin cop_0468_lp_lin cop_0323_lp_lin cop_0098_lp_lin cop_0362_lp_lin cop_0989_lp_lin cop_0414_lp_lin cop_0206_lp_lin cop_0013_lp_lin cop_0064_lp_lin cop_0870_lp_lin cop_0375_lp_lin cop_0329_lp_lin cop_0449_lp_lin cop_0262_lp_lin cop_0932_lp_lin cop_0229_lp_lin cop_0603_lp_lin cop_0992_lp_lin cop_0303_lp_lin cop_0056_lp_lin cop_0579_lp_lin cop_0669_lp_lin cop_0681_lp_lin cop_0809_lp_lin cop_0823_lp_lin cop_0508_lp_lin cop_0387_lp_lin cop_0297_lp_lin cop_0648_lp_lin cop_0209_lp_lin cop_0783_lp_lin cop_0263_lp_lin cop_0212_lp_lin cop_0695_lp_lin cop_0792_lp_lin cop_0947_lp_lin cop_0908_lp_lin cop_0632_lp_lin cop_0655_lp_lin cop_0816_lp_lin cop_0048_lp_lin cop_0088_lp_lin cop_0261_lp_lin cop_0883_lp_lin cop_0860_lp_lin cop_0379_lp_lin cop_0680_lp_lin cop_0718_lp_lin cop_0907_lp_lin cop_0257_lp_lin cop_0402_lp_lin cop_0332_lp_lin cop_0275_lp_lin cop_0189_lp_lin cop_0754_lp_lin cop_0869_lp_lin cop_0012_lp_lin cop_0043_lp_lin cop_0678_lp_lin cop_0799_lp_lin cop_0168_lp_lin cop_0549_lp_lin cop_0065_lp_lin cop_0745_lp_lin cop_0245_lp_lin cop_0175_lp_lin cop_0159_lp_lin cop_0223_lp_lin cop_0307_lp_lin cop_0391_lp_lin cop_0679_lp_lin cop_0304_lp_lin cop_0584_lp_lin cop_0092_lp_lin cop_0885_lp_lin cop_0363_lp_lin cop_0781_lp_lin cop_0327_lp_lin cop_0627_lp_lin cop_0425_lp_lin cop_0273_lp_lin cop_0737_lp_lin cop_0836_lp_lin cop_0588_lp_lin cop_0621_lp_lin cop_0385_lp_lin cop_0965_lp_lin cop_0724_lp_lin cop_0430_lp_lin cop_0940_lp_lin cop_0833_lp_lin cop_0562_lp_lin cop_0406_lp_lin cop_0602_lp_lin cop_0690_lp_lin cop_0515_lp_lin cop_0868_lp_lin cop_0505_lp_lin cop_0090_lp_lin cop_0115_lp_lin cop_0130_lp_lin cop_0049_lp_lin cop_0111_lp_lin cop_0233_lp_lin cop_0582_lp_lin cop_0427_lp_lin cop_0528_lp_lin cop_0659_lp_lin cop_0700_lp_lin cop_0919_lp_lin cop_0359_lp_lin cop_0454_lp_lin cop_0251_lp_lin cop_0693_lp_lin cop_0822_lp_lin cop_0471_lp_lin cop_0565_lp_lin cop_0230_lp_lin cop_0192_lp_lin cop_0819_lp_lin cop_0744_lp_lin cop_0663_lp_lin cop_0270_lp_lin cop_0080_lp_lin cop_0966_lp_lin cop_0366_lp_lin cop_0975_lp_lin cop_0926_lp_lin cop_0942_lp_lin cop_0670_lp_lin cop_0394_lp_lin cop_0253_lp_lin cop_0522_lp_lin cop_0475_lp_lin cop_0210_lp_lin cop_0093_lp_lin cop_0259_lp_lin cop_0746_lp_lin cop_0785_lp_lin cop_0612_lp_lin cop_0732_lp_lin cop_0535_lp_lin cop_0063_lp_lin cop_0487_lp_lin cop_0658_lp_lin cop_0328_lp_lin cop_0934_lp_lin cop_0167_lp_lin cop_0845_lp_lin cop_0662_lp_lin cop_0484_lp_lin cop_0839_lp_lin cop_0452_lp_lin cop_0572_lp_lin cop_0138_lp_lin cop_0154_lp_lin cop_0704_lp_lin cop_0957_lp_lin cop_0025_lp_lin cop_0077_lp_lin cop_0271_lp_lin cop_0676_lp_lin cop_0851_lp_lin cop_0421_lp_lin cop_0018_lp_lin cop_0551_lp_lin cop_0276_lp_lin cop_0041_lp_lin cop_0059_lp_lin cop_0894_lp_lin cop_0393_lp_lin cop_0445_lp_lin cop_0499_lp_lin cop_0215_lp_lin cop_0278_lp_lin cop_0576_lp_lin cop_0761_lp_lin cop_0590_lp_lin cop_0315_lp_lin cop_0143_lp_lin cop_0381_lp_lin cop_0749_lp_lin cop_0357_lp_lin cop_0605_lp_lin cop_0470_lp_lin cop_0739_lp_lin cop_0997_lp_lin cop_0546_lp_lin cop_0123_lp_lin cop_0336_lp_lin cop_0990_lp_lin cop_0626_lp_lin cop_0308_lp_lin cop_0811_lp_lin cop_0927_lp_lin cop_0710_lp_lin cop_0071_lp_lin cop_0244_lp_lin cop_0188_lp_lin cop_0846_lp_lin cop_0392_lp_lin cop_0160_lp_lin cop_0556_lp_lin cop_0491_lp_lin cop_0567_lp_lin cop_0709_lp_lin cop_0613_lp_lin cop_0734_lp_lin cop_0325_lp_lin cop_0345_lp_lin cop_0287_lp_lin cop_0954_lp_lin cop_0828_lp_lin cop_0101_lp_lin cop_0511_lp_lin cop_0842_lp_lin cop_0753_lp_lin cop_0060_lp_lin cop_0789_lp_lin cop_0791_lp_lin cop_0671_lp_lin cop_0675_lp_lin cop_0214_lp_lin cop_0417_lp_lin cop_0614_lp_lin cop_0946_lp_lin cop_0370_lp_lin cop_0592_lp_lin cop_0222_lp_lin cop_0096_lp_lin cop_0203_lp_lin cop_0920_lp_lin cop_0433_lp_lin cop_0483_lp_lin cop_0504_lp_lin cop_0755_lp_lin cop_0383_lp_lin cop_0855_lp_lin cop_0086_lp_lin cop_0939_lp_lin cop_0747_lp_lin cop_0155_lp_lin cop_0938_lp_lin cop_0083_lp_lin cop_0023_lp_lin cop_0416_lp_lin cop_0804_lp_lin cop_0242_lp_lin cop_0521_lp_lin cop_0586_lp_lin cop_0945_lp_lin cop_0052_lp_lin cop_0104_lp_lin cop_0216_lp_lin cop_0619_lp_lin cop_0053_lp_lin cop_0014_lp_lin cop_0319_lp_lin cop_0330_lp_lin cop_0730_lp_lin cop_0935_lp_lin cop_0568_lp_lin cop_0915_lp_lin cop_0818_lp_lin cop_0847_lp_lin cop_0967_lp_lin cop_0473_lp_lin cop_0051_lp_lin cop_0993_lp_lin cop_0929_lp_lin cop_0438_lp_lin cop_0448_lp_lin cop_0722_lp_lin cop_0068_lp_lin cop_0015_lp_lin cop_0376_lp_lin cop_0238_lp_lin cop_0721_lp_lin cop_0599_lp_lin cop_0539_lp_lin cop_0726_lp_lin cop_0344_lp_lin cop_0022_lp_lin cop_0042_lp_lin cop_0177_lp_lin cop_0074_lp_lin cop_0193_lp_lin cop_0987_lp_lin cop_0122_lp_lin cop_0190_lp_lin cop_0339_lp_lin cop_0980_lp_lin cop_0401_lp_lin cop_0807_lp_lin cop_0133_lp_lin cop_0178_lp_lin cop_0644_lp_lin cop_0272_lp_lin cop_0164_lp_lin cop_0202_lp_lin cop_0512_lp_lin cop_0922_lp_lin cop_0813_lp_lin cop_0558_lp_lin cop_0260_lp_lin cop_0607_lp_lin cop_0132_lp_lin cop_0563_lp_lin cop_0069_lp_lin cop_0235_lp_lin cop_0119_lp_lin cop_0901_lp_lin cop_0456_lp_lin cop_0294_lp_lin cop_0204_lp_lin cop_0283_lp_lin cop_0769_lp_lin cop_0800_lp_lin cop_0055_lp_lin cop_0713_lp_lin cop_0861_lp_lin cop_0916_lp_lin cop_0442_lp_lin cop_0113_lp_lin cop_0728_lp_lin cop_0895_lp_lin cop_0630_lp_lin cop_0232_lp_lin cop_0395_lp_lin cop_0020_lp_lin cop_0342_lp_lin cop_0432_lp_lin cop_0249_lp_lin cop_0517_lp_lin cop_0447_lp_lin cop_0714_lp_lin cop_0687_lp_lin cop_0620_lp_lin cop_0311_lp_lin cop_0310_lp_lin cop_0921_lp_lin cop_0105_lp_lin cop_0176_lp_lin cop_0872_lp_lin cop_0805_lp_lin cop_0137_lp_lin cop_0758_lp_lin cop_0095_lp_lin cop_0326_lp_lin cop_0983_lp_lin cop_0573_lp_lin cop_0550_lp_lin cop_0026_lp_lin cop_0131_lp_lin cop_0887_lp_lin cop_0623_lp_lin cop_0973_lp_lin cop_0225_lp_lin cop_0197_lp_lin cop_0557_lp_lin cop_0984_lp_lin cop_0560_lp_lin cop_0787_lp_lin cop_0674_lp_lin cop_0933_lp_lin cop_0293_lp_lin cop_0404_lp_lin cop_0891_lp_lin cop_0078_lp_lin cop_0617_lp_lin cop_0835_lp_lin cop_0195_lp_lin cop_0341_lp_lin cop_0649_lp_lin cop_0545_lp_lin cop_0829_lp_lin cop_0418_lp_lin cop_0944_lp_lin cop_0409_lp_lin cop_0873_lp_lin cop_0688_lp_lin cop_0443_lp_lin cop_0358_lp_lin cop_0837_lp_lin cop_0633_lp_lin cop_0524_lp_lin cop_0227_lp_lin cop_0668_lp_lin cop_0625_lp_lin cop_0247_lp_lin cop_0903_lp_lin cop_0198_lp_lin cop_0008_lp_lin cop_0116_lp_lin cop_0089_lp_lin cop_0610_lp_lin cop_0564_lp_lin cop_0124_lp_lin cop_0496_lp_lin cop_0788_lp_lin cop_0978_lp_lin cop_0760_lp_lin cop_0441_lp_lin cop_0856_lp_lin cop_0076_lp_lin cop_0289_lp_lin cop_0547_lp_lin cop_0153_lp_lin cop_0264_lp_lin cop_0775_lp_lin cop_0555_lp_lin cop_0641_lp_lin cop_0953_lp_lin cop_0651_lp_lin cop_0217_lp_lin cop_0771_lp_lin cop_0936_lp_lin cop_0636_lp_lin cop_0712_lp_lin cop_0615_lp_lin cop_0879_lp_lin cop_0645_lp_lin cop_0114_lp_lin cop_0084_lp_lin cop_0981_lp_lin cop_0611_lp_lin cop_0682_lp_lin cop_0415_lp_lin cop_0672_lp_lin cop_0248_lp_lin cop_0170_lp_lin cop_0844_lp_lin cop_0532_lp_lin cop_0910_lp_lin cop_0340_lp_lin cop_0961_lp_lin cop_0301_lp_lin cop_0616_lp_lin cop_0034_lp_lin cop_0699_lp_lin cop_0488_lp_lin cop_0767_lp_lin cop_0909_lp_lin cop_0759_lp_lin cop_0279_lp_lin cop_0498_lp_lin cop_0419_lp_lin cop_0455_lp_lin cop_0541_lp_lin cop_0250_lp_lin cop_0268_lp_lin cop_0333_lp_lin cop_0380_lp_lin cop_0979_lp_lin cop_0575_lp_lin cop_0284_lp_lin cop_0930_lp_lin cop_0400_lp_lin cop_0585_lp_lin cop_0982_lp_lin cop_0029_lp_lin cop_0956_lp_lin cop_0451_lp_lin cop_0292_lp_lin cop_0439_lp_lin cop_0237_lp_lin cop_0825_lp_lin cop_0467_lp_lin cop_0081_lp_lin cop_0365_lp_lin cop_0462_lp_lin cop_0985_lp_lin cop_0302_lp_lin cop_0291_lp_lin cop_0949_lp_lin cop_0318_lp_lin cop_0918_lp_lin cop_0812_lp_lin cop_0912_lp_lin cop_0038_lp_lin cop_0889_lp_lin cop_0158_lp_lin cop_0817_lp_lin cop_0290_lp_lin cop_0925_lp_lin cop_0331_lp_lin cop_0786_lp_lin cop_0808_lp_lin cop_0073_lp_lin cop_0798_lp_lin cop_0733_lp_lin cop_0618_lp_lin cop_0537_lp_lin cop_0110_lp_lin cop_0963_lp_lin cop_0638_lp_lin cop_0151_lp_lin cop_0360_lp_lin cop_0021_lp_lin cop_0141_lp_lin cop_0639_lp_lin cop_0606_lp_lin cop_0941_lp_lin cop_0848_lp_lin cop_1000_lp_lin cop_0420_lp_lin cop_0224_lp_lin cop_0976_lp_lin cop_0923_lp_lin cop_0580_lp_lin cop_0386_lp_lin cop_0770_lp_lin cop_0962_lp_lin cop_0476_lp_lin cop_0790_lp_lin cop_0831_lp_lin cop_0355_lp_lin cop_0646_lp_lin cop_0893_lp_lin cop_0977_lp_lin cop_0067_lp_lin cop_0187_lp_lin cop_0667_lp_lin cop_0890_lp_lin cop_0495_lp_lin cop_0354_lp_lin cop_0309_lp_lin cop_0497_lp_lin cop_0493_lp_lin cop_0372_lp_lin cop_0591_lp_lin cop_0490_lp_lin cop_0252_lp_lin cop_0033_lp_lin cop_0559_lp_lin cop_0677_lp_lin cop_0531_lp_lin cop_0200_lp_lin cop_0991_lp_lin cop_0039_lp_lin cop_0762_lp_lin cop_0282_lp_lin cop_0701_lp_lin cop_0266_lp_lin cop_0877_lp_lin cop_0180_lp_lin cop_0866_lp_lin cop_0999_lp_lin cop_0144_lp_lin cop_0458_lp_lin cop_0322_lp_lin cop_0795_lp_lin cop_0776_lp_lin cop_0258_lp_lin cop_0507_lp_lin cop_0959_lp_lin cop_0286_lp_lin cop_0075_lp_lin cop_0001_lp_lin cop_0129_lp_lin cop_0998_lp_lin cop_0403_lp_lin cop_0174_lp_lin cop_0643_lp_lin cop_0814_lp_lin cop_0246_lp_lin cop_0886_lp_lin cop_0243_lp_lin cop_0723_lp_lin cop_0125_lp_lin cop_0431_lp_lin cop_0719_lp_lin cop_0996_lp_lin cop_0465_lp_lin cop_0017_lp_lin cop_0988_lp_lin cop_0736_lp_lin cop_0986_lp_lin cop_0007_lp_lin cop_0146_lp_lin cop_0882_lp_lin cop_0035_lp_lin cop_0486_lp_lin cop_0320_lp_lin cop_0314_lp_lin cop_0003_lp_lin cop_0743_lp_lin cop_0834_lp_lin cop_0236_lp_lin cop_0530_lp_lin cop_0698_lp_lin cop_0006_lp_lin cop_0028_lp_lin cop_0880_lp_lin cop_0378_lp_lin cop_0640_lp_lin cop_0472_lp_lin cop_0960_lp_lin cop_0313_lp_lin cop_0453_lp_lin cop_0571_lp_lin cop_0436_lp_lin cop_0729_lp_lin cop_0843_lp_lin cop_0703_lp_lin cop_0888_lp_lin cop_0838_lp_lin cop_0716_lp_lin cop_0234_lp_lin cop_0892_lp_lin cop_0128_lp_lin cop_0316_lp_lin cop_0040_lp_lin cop_0587_lp_lin cop_0595_lp_lin cop_0161_lp_lin cop_0797_lp_lin cop_0840_lp_lin cop_0492_lp_lin cop_0296_lp_lin cop_0295_lp_lin cop_0506_lp_lin cop_0543_lp_lin cop_0163_lp_lin cop_0601_lp_lin cop_0653_lp_lin cop_0875_lp_lin cop_0637_lp_lin cop_0045_lp_lin cop_0373_lp_lin cop_0666_lp_lin cop_0199_lp_lin cop_0239_lp_lin cop_0179_lp_lin cop_0692_lp_lin cop_0741_lp_lin cop_0489_lp_lin cop_0865_lp_lin cop_0765_lp_lin cop_0583_lp_lin cop_0706_lp_lin cop_0578_lp_lin cop_0896_lp_lin cop_0951_lp_lin cop_0597_lp_lin cop_0337_lp_lin cop_0485_lp_lin cop_0609_lp_lin cop_0995_lp_lin cop_0371_lp_lin cop_0280_lp_lin cop_0766_lp_lin cop_0964_lp_lin cop_0196_lp_lin cop_0553_lp_lin cop_0384_lp_lin cop_0968_lp_lin cop_0878_lp_lin cop_0312_lp_lin cop_0863_lp_lin cop_0173_lp_lin cop_0952_lp_lin cop_0566_lp_lin cop_0600_lp_lin cop_0589_lp_lin cop_0794_lp_lin cop_0881_lp_lin cop_0514_lp_lin cop_0469_lp_lin cop_0208_lp_lin cop_0408_lp_lin cop_0218_lp_lin cop_0221_lp_lin cop_0779_lp_lin cop_0806_lp_lin cop_0864_lp_lin cop_0171_lp_lin cop_0950_lp_lin cop_0162_lp_lin cop_0062_lp_lin cop_0127_lp_lin cop_0802_lp_lin cop_0854_lp_lin cop_0082_lp_lin cop_0463_lp_lin cop_0352_lp_lin cop_0103_lp_lin cop_0108_lp_lin cop_0705_lp_lin cop_0288_lp_lin cop_0570_lp_lin cop_0778_lp_lin cop_0306_lp_lin cop_0858_lp_lin cop_0364_lp_lin cop_0482_lp_lin cop_0815_lp_lin cop_0474_lp_lin cop_0464_lp_lin cop_0407_lp_lin cop_0540_lp_lin cop_0731_lp_lin cop_0689_lp_lin cop_0091_lp_lin cop_0010_lp_lin cop_0594_lp_lin cop_0459_lp_lin cop_0793_lp_lin cop_0277_lp_lin cop_0334_lp_lin cop_0185_lp_lin cop_0005_lp_lin cop_0943_lp_lin cop_0853_lp_lin cop_0673_lp_lin cop_0520_lp_lin cop_0087_lp_lin cop_0763_lp_lin cop_0647_lp_lin cop_0821_lp_lin cop_0382_lp_lin cop_0748_lp_lin cop_0955_lp_lin cop_0911_lp_lin cop_0725_lp_lin cop_0735_lp_lin cop_0405_lp_lin cop_0194_lp_lin cop_0109_lp_lin cop_0501_lp_lin cop_0434_lp_lin cop_0150_lp_lin cop_0220_lp_lin cop_0377_lp_lin cop_0529_lp_lin cop_0574_lp_lin cop_0061_lp_lin cop_0544_lp_lin cop_0350_lp_lin cop_0898_lp_lin cop_0750_lp_lin cop_0631_lp_lin cop_0542_lp_lin cop_0255_lp_lin cop_0635_lp_lin cop_0027_lp_lin cop_0228_lp_lin cop_0904_lp_lin cop_0477_lp_lin cop_0353_lp_lin cop_0398_lp_lin cop_0181_lp_lin cop_0324_lp_lin cop_0738_lp_lin cop_0050_lp_lin cop_0536_lp_lin cop_0650_lp_lin cop_0581_lp_lin cop_0120_lp_lin cop_0867_lp_lin cop_0857_lp_lin cop_0099_lp_lin cop_0518_lp_lin cop_0827_lp_lin cop_0780_lp_lin cop_0711_lp_lin cop_0126_lp_lin cop_0764_lp_lin cop_0479_lp_lin cop_0561_lp_lin cop_0305_lp_lin cop_0742_lp_lin cop_0784_lp_lin cop_0019_lp_lin cop_0502_lp_lin cop_0097_lp_lin cop_0494_lp_lin cop_0707_lp_lin cop_0135_lp_lin cop_0265_lp_lin cop_0226_lp_lin cop_0516_lp_lin cop_0757_lp_lin cop_0183_lp_lin cop_0727_lp_lin cop_0369_lp_lin cop_0899_lp_lin cop_0066_lp_lin cop_0156_lp_lin cop_0694_lp_lin cop_0569_lp_lin cop_0460_lp_lin cop_0803_lp_lin cop_0002_lp_lin cop_0683_lp_lin cop_0852_lp_lin cop_0756_lp_lin cop_0032_lp_lin cop_0094_lp_lin cop_0974_lp_lin cop_0450_lp_lin cop_0149_lp_lin cop_0118_lp_lin cop_0914_lp_lin cop_0841_lp_lin cop_0267_lp_lin cop_0037_lp_lin cop_0509_lp_lin cop_0685_lp_lin cop_0664_lp_lin cop_0186_lp_lin cop_0428_lp_lin cop_0348_lp_lin cop_0481_lp_lin cop_0016_lp_lin cop_0972_lp_lin cop_0201_lp_lin cop_0782_lp_lin cop_0169_lp_lin cop_0147_lp_lin cop_0820_lp_lin cop_0902_lp_lin cop_0182_lp_lin cop_0849_lp_lin cop_0349_lp_lin cop_0525_lp_lin cop_0112_lp_lin cop_0117_lp_lin cop_0207_lp_lin cop_0011_lp_lin cop_0240_lp_lin cop_0072_lp_lin cop_0876_lp_lin cop_0274_lp_lin cop_0030_lp_lin cop_0396_lp_lin cop_0624_lp_lin cop_0121_lp_lin cop_0796_lp_lin cop_0321_lp_lin cop_0513_lp_lin cop_0871_lp_lin cop_0937_lp_lin cop_0368_lp_lin cop_0969_lp_lin cop_0440_lp_lin cop_0604_lp_lin cop_0145_lp_lin cop_0994_lp_lin cop_0500_lp_lin cop_0152_lp_lin cop_0422_lp_lin cop_0596_lp_lin cop_0413_lp_lin cop_0629_lp_lin cop_0254_lp_lin cop_0423_lp_lin cop_0577_lp_lin cop_0346_lp_lin cop_0913_lp_lin cop_0884_lp_lin cop_0172_lp_lin cop_0697_lp_lin cop_0024_lp_lin cop_0523_lp_lin cop_0424_lp_lin cop_0070_lp_lin cop_0057_lp_lin cop_0435_lp_lin cop_0338_lp_lin cop_0696_lp_lin cop_0480_lp_lin cop_0971_lp_lin cop_0628_lp_lin cop_0213_lp_lin cop_0862_lp_lin cop_0466_lp_lin cop_0503_lp_lin cop_0317_lp_lin cop_0102_lp_lin cop_0390_lp_lin cop_0157_lp_lin cop_0361_lp_lin cop_0826_lp_lin cop_0256_lp_lin cop_0622_lp_lin cop_0107_lp_lin cop_0740_lp_lin cop_0850_lp_lin cop_0684_lp_lin cop_0720_lp_lin cop_0231_lp_lin cop_0457_lp_lin cop_0691_lp_lin cop_0399_lp_lin cop_0351_lp_lin cop_0859_lp_lin cop_0134_lp_lin cop_0343_lp_lin cop_0715_lp_lin cop_0774_lp_lin cop_0642_lp_lin cop_0004_lp_lin cop_0165_lp_lin cop_0661_lp_lin cop_0136_lp_lin cop_0686_lp_lin cop_0299_lp_lin cop_0527_lp_lin cop_0660_lp_lin cop_0100_lp_lin cop_0874_lp_lin cop_0367_lp_lin cop_0335_lp_lin cop_0526_lp_lin cop_0777_lp_lin cop_0772_lp_lin cop_0044_lp_lin cop_0948_lp_lin cop_0374_lp_lin cop_0269_lp_lin cop_0281_lp_lin cop_0897_lp_lin cop_0106_lp_lin cop_0047_lp_lin cop_0397_lp_lin cop_0054_lp_lin cop_0031_lp_lin cop_0598_lp_lin cop_0634_lp_lin cop_0285_lp_lin cop_0552_lp_lin cop_0538_lp_lin cop_0801_lp_lin cop_0665_lp_lin cop_0426_lp_lin cop_0773_lp_lin cop_0036_lp_lin cop_0478_lp_lin cop_0554_lp_lin cop_0429_lp_lin cop_0906_lp_lin cop_0444_lp_lin cop_0824_lp_lin cop_0166_lp_lin cop_0205_lp_lin cop_0298_lp_lin cop_0654_lp_lin cop_0347_lp_lin cop_0751_lp_lin cop_0510_lp_lin cop_0139_lp_lin cop_0241_lp_lin cop_0211_lp_lin cop_0079_lp_lin cop_0917_lp_lin cop_0652_lp_lin cop_0832_lp_lin cop_0142_lp_lin cop_0533_lp_lin cop_0970_lp_lin cop_0593_lp_lin cop_0931_lp_lin cop_0148_lp_lin cop_0356_lp_lin cop_0708_lp_lin cop_0437_lp_lin cop_0717_lp_lin cop_0905_lp_lin cop_0519_lp_lin cop_0410_lp_lin cop_0702_lp_lin cop_0534_lp_lin
  set decided by an accepted test: no, every test rejected down to one model (last p = 0.000 against alpha = 0.050)


  sample    999 observations, 1000 models
  statistic Tmax, each model against the field
  test      alpha = 0.050, 10000 moving-block resamples of 1 observations
  variance  bootstrap variance of the resampled mean
  stream    seed 123, stream 0

MCS over linear local projection impulse-response MAE, MCS_TMAX statistic
  model              mean loss      MCS p  round  in set
  cop_0001_lp_lin      1.61054      0.000    658  
  cop_0002_lp_lin      1.42614      0.000    756  
  cop_0003_lp_lin      1.78331      0.000    634  
  cop_0004_lp_lin      1.02152      0.000    932  
  cop_0005_lp_lin      1.14677      0.000    840  
  cop_0006_lp_lin      1.40850      0.000    721  
  cop_0007_lp_lin      2.20758      0.000    530  
  cop_0008_lp_lin      1.74380      0.000    602  
  cop_0009_lp_lin     28.02543      0.000     12  
  cop_0010_lp_lin      1.97500      0.000    628  
  cop_0011_lp_lin      1.16891      0.000    850  
  cop_0012_lp_lin      6.25112      0.000    111  
  cop_0013_lp_lin     10.61002      0.000     52  
  cop_0014_lp_lin      2.48632      0.000    408  
  cop_0015_lp_lin      2.48341      0.000    409  
  cop_0016_lp_lin      1.20919      0.000    828  
  cop_0017_lp_lin      1.90327      0.000    599  
  cop_0018_lp_lin      4.50868      0.000    188  
  cop_0019_lp_lin      1.79332      0.000    666  
  cop_0020_lp_lin      4.33985      0.000    254  
  cop_0021_lp_lin      3.79445      0.000    332  
  cop_0022_lp_lin      1.82842      0.000    542  
  cop_0023_lp_lin      1.60923      0.000    615  
  cop_0024_lp_lin      1.15985      0.000    866  
  cop_0025_lp_lin      5.13485      0.000    157  
  cop_0026_lp_lin      4.15473      0.000    274  
  cop_0027_lp_lin      1.59668      0.000    691  
  cop_0028_lp_lin      2.21771      0.000    528  
  cop_0029_lp_lin      3.28025      0.000    367  
  cop_0030_lp_lin      1.08988      0.000    889  
  cop_0031_lp_lin      0.94257      0.000    958  
  cop_0032_lp_lin      1.23812      0.000    813  
  cop_0033_lp_lin      2.70359      0.000    434  
  cop_0034_lp_lin      4.38969      0.000    288  
  cop_0035_lp_lin      1.73182      0.000    639  
  cop_0036_lp_lin      0.94348      0.000    963  
  cop_0037_lp_lin      1.29289      0.000    800  
  cop_0038_lp_lin      6.34472      0.000    224  
  cop_0039_lp_lin      1.75059      0.000    631  
  cop_0040_lp_lin      1.53475      0.000    686  
  cop_0041_lp_lin      4.58787      0.000    186  
  cop_0042_lp_lin      2.71658      0.000    385  
  cop_0043_lp_lin     11.81001      0.000     59  
  cop_0044_lp_lin      0.97206      0.000    949  
  cop_0045_lp_lin      2.34218      0.000    517  
  cop_0046_lp_lin     13.37604      0.000     23  
  cop_0047_lp_lin      0.92879      0.000    964  
  cop_0048_lp_lin     25.68010      0.000     25  
  cop_0049_lp_lin     42.35255      0.000     33  
  cop_0050_lp_lin      1.24120      0.000    806  
  cop_0051_lp_lin      9.71624      0.000    127  
  cop_0052_lp_lin      8.84239      0.000    128  
  cop_0053_lp_lin      2.07388      0.000    477  
  cop_0054_lp_lin      1.00494      0.000    940  
  cop_0055_lp_lin      4.40125      0.000    245  
  cop_0056_lp_lin     19.93844      0.000     28  
  cop_0057_lp_lin      1.13445      0.000    873  
  cop_0058_lp_lin     29.11706      0.000     11  
  cop_0059_lp_lin      4.15720      0.000    205  
  cop_0060_lp_lin      2.64626      0.000    369  
  cop_0061_lp_lin      1.34951      0.000    761  
  cop_0062_lp_lin      1.58607      0.000    685  
  cop_0063_lp_lin      4.97788      0.000    158  
  cop_0064_lp_lin      3.88374      0.000    163  
  cop_0065_lp_lin     10.36163      0.000     72  
  cop_0066_lp_lin      1.21744      0.000    821  
  cop_0067_lp_lin      1.55276      0.000    667  
  cop_0068_lp_lin      1.81303      0.000    550  
  cop_0069_lp_lin      2.25993      0.000    453  
  cop_0070_lp_lin      1.11095      0.000    887  
  cop_0071_lp_lin      3.48616      0.000    272  
  cop_0072_lp_lin      1.20973      0.000    832  
  cop_0073_lp_lin      2.15678      0.000    513  
  cop_0074_lp_lin      4.21160      0.000    247  
  cop_0075_lp_lin      1.99077      0.000    577  
  cop_0076_lp_lin      1.78729      0.000    588  
  cop_0077_lp_lin      2.31117      0.000    404  
  cop_0078_lp_lin      1.94840      0.000    535  
  cop_0079_lp_lin      0.90686      0.000    975  
  cop_0080_lp_lin     24.18552      0.000     50  
  cop_0081_lp_lin      1.94298      0.000    574  
  cop_0082_lp_lin      1.33878      0.000    759  
  cop_0083_lp_lin      2.70045      0.000    365  
  cop_0084_lp_lin      3.52317      0.000    327  
  cop_0085_lp_lin      8.88053      0.000     51  
  cop_0086_lp_lin    115.85133      0.000     62  
  cop_0087_lp_lin      1.21168      0.000    809  
  cop_0088_lp_lin     13.20555      0.000     49  
  cop_0089_lp_lin     10.13311      0.000    149  
  cop_0090_lp_lin      2.90900      0.000    292  
  cop_0091_lp_lin      1.47567      0.000    722  
  cop_0092_lp_lin      2.83256      0.000    296  
  cop_0093_lp_lin      4.26160      0.000    187  
  cop_0094_lp_lin      1.17091      0.000    843  
  cop_0095_lp_lin     21.10428      0.000    113  
  cop_0096_lp_lin     14.07308      0.000    100  
  cop_0097_lp_lin      1.17578      0.000    833  
  cop_0098_lp_lin      5.63947      0.000    104  
  cop_0099_lp_lin      1.35339      0.000    766  
  cop_0100_lp_lin      1.03698      0.000    928  
  cop_0101_lp_lin      2.63901      0.000    364  
  cop_0102_lp_lin      1.01774      0.000    929  
  cop_0103_lp_lin      1.15521      0.000    830  
  cop_0104_lp_lin      3.61727      0.000    279  
  cop_0105_lp_lin      2.07082      0.000    491  
  cop_0106_lp_lin      0.93966      0.000    960  
  cop_0107_lp_lin      1.10320      0.000    896  
  cop_0108_lp_lin      1.82652      0.000    645  
  cop_0109_lp_lin      1.68308      0.000    675  
  cop_0110_lp_lin      2.30493      0.000    488  
  cop_0111_lp_lin      2.49184      0.000    354  
  cop_0112_lp_lin      1.22506      0.000    823  
  cop_0113_lp_lin      2.75306      0.000    389  
  cop_0114_lp_lin     10.55326      0.000    152  
  cop_0115_lp_lin      8.33146      0.000     92  
  cop_0116_lp_lin      2.26436      0.000    471  
  cop_0117_lp_lin      1.10989      0.000    871  
  cop_0118_lp_lin      1.18016      0.000    841  
  cop_0119_lp_lin     30.40236      0.000     90  
  cop_0120_lp_lin      1.19065      0.000    826  
  cop_0121_lp_lin      1.08175      0.000    894  
  cop_0122_lp_lin      3.40778      0.000    304  
  cop_0123_lp_lin      5.93073      0.000    145  
  cop_0124_lp_lin      1.83816      0.000    579  
  cop_0125_lp_lin      1.59470      0.000    663  
  cop_0126_lp_lin      1.34308      0.000    774  
  cop_0127_lp_lin      1.49005      0.000    712  
  cop_0128_lp_lin      2.12975      0.000    562  
  cop_0129_lp_lin      3.90151      0.000    346  
  cop_0130_lp_lin     17.38895      0.000     56  
  cop_0131_lp_lin      2.34566      0.000    442  
  cop_0132_lp_lin      3.45230      0.000    305  
  cop_0133_lp_lin      2.47560      0.000    411  
  cop_0134_lp_lin      0.98604      0.000    939  
  cop_0135_lp_lin      1.45329      0.000    743  
  cop_0136_lp_lin      1.00574      0.000    937  
  cop_0137_lp_lin      2.93920      0.000    366  
  cop_0138_lp_lin      5.50087      0.000    142  
  cop_0139_lp_lin      0.86914      0.000    982  
  cop_0140_lp_lin     34.99580      0.000      6  
  cop_0141_lp_lin      1.97217      0.000    567  
  cop_0142_lp_lin      0.85070      0.000    988  
  cop_0143_lp_lin      3.06000      0.000    303  
  cop_0144_lp_lin      1.86177      0.000    600  
  cop_0145_lp_lin      1.12934      0.000    868  
  cop_0146_lp_lin      2.93342      0.000    420  
  cop_0147_lp_lin      1.24598      0.000    816  
  cop_0148_lp_lin      0.84492      0.000    990  
  cop_0149_lp_lin      1.71692      0.000    692  
  cop_0150_lp_lin      1.16731      0.000    829  
  cop_0151_lp_lin      1.96000      0.000    572  
  cop_0152_lp_lin      1.20074      0.000    838  
  cop_0153_lp_lin      4.07009      0.000    294  
  cop_0154_lp_lin     16.81974      0.000     73  
  cop_0155_lp_lin      4.26596      0.000    226  
  cop_0156_lp_lin      1.19968      0.000    827  
  cop_0157_lp_lin      1.07014      0.000    911  
  cop_0158_lp_lin      9.60319      0.000    177  
  cop_0159_lp_lin      4.78530      0.000    140  
  cop_0160_lp_lin      4.64582      0.000    196  
  cop_0161_lp_lin      1.41706      0.000    720  
  cop_0162_lp_lin      1.42758      0.000    732  
  cop_0163_lp_lin      4.16696      0.000    359  
  cop_0164_lp_lin      4.89522      0.000    211  
  cop_0165_lp_lin      1.10777      0.000    899  
  cop_0166_lp_lin      0.91632      0.000    972  
  cop_0167_lp_lin     14.11572      0.000     78  
  cop_0168_lp_lin      7.25802      0.000     94  
  cop_0169_lp_lin      1.17576      0.000    845  
  cop_0170_lp_lin      1.96243      0.000    548  
  cop_0171_lp_lin      1.27541      0.000    780  
  cop_0172_lp_lin      1.11144      0.000    883  
  cop_0173_lp_lin      1.42354      0.000    731  
  cop_0174_lp_lin      2.22621      0.000    514  
  cop_0175_lp_lin      6.59390      0.000    110  
  cop_0176_lp_lin      1.97149      0.000    520  
  cop_0177_lp_lin      2.11458      0.000    474  
  cop_0178_lp_lin      6.43254      0.000    169  
  cop_0179_lp_lin      1.69441      0.000    654  
  cop_0180_lp_lin      1.85253      0.000    606  
  cop_0181_lp_lin      2.17141      0.000    603  
  cop_0182_lp_lin      1.30467      0.000    799  
  cop_0183_lp_lin      1.21797      0.000    817  
  cop_0184_lp_lin     15.51056      0.000     21  
  cop_0185_lp_lin      1.20692      0.000    812  
  cop_0186_lp_lin      1.06284      0.000    898  
  cop_0187_lp_lin      1.57716      0.000    660  
  cop_0188_lp_lin      5.71640      0.000    156  
  cop_0189_lp_lin      2.38511      0.000    352  
  cop_0190_lp_lin      3.35321      0.000    308  
  cop_0191_lp_lin      0.68915      1.000      -  yes
  cop_0192_lp_lin      4.01029      0.000    198  
  cop_0193_lp_lin      2.45788      0.000    413  
  cop_0194_lp_lin      1.35377      0.000    760  
  cop_0195_lp_lin      2.24657      0.000    469  
  cop_0196_lp_lin      2.01079      0.000    596  
  cop_0197_lp_lin      3.19439      0.000    341  
  cop_0198_lp_lin      2.20256      0.000    485  
  cop_0199_lp_lin      1.41559      0.000    728  
  cop_0200_lp_lin      1.68643      0.000    643  
  cop_0201_lp_lin      1.23332      0.000    819  
  cop_0202_lp_lin     11.60193      0.000    124  
  cop_0203_lp_lin      1.72490      0.000    578  
  cop_0204_lp_lin      2.16622      0.000    465  
  cop_0205_lp_lin      0.92064      0.000    968  
  cop_0206_lp_lin      8.59103      0.000     67  
  cop_0207_lp_lin      1.19405      0.000    837  
  cop_0208_lp_lin      2.69681      0.000    483  
  cop_0209_lp_lin      3.32748      0.000    215  
  cop_0210_lp_lin      3.11637      0.000    284  
  cop_0211_lp_lin      0.86496      0.000    985  
  cop_0212_lp_lin     22.72544      0.000     27  
  cop_0213_lp_lin      1.07389      0.000    907  
  cop_0214_lp_lin     84.23267      0.000     58  
  cop_0215_lp_lin      2.61005      0.000    360  
  cop_0216_lp_lin      4.53800      0.000    213  
  cop_0217_lp_lin      3.69362      0.000    319  
  cop_0218_lp_lin      2.02479      0.000    601  
  cop_0219_lp_lin    250.47198      0.000      1  
  cop_0220_lp_lin      1.48273      0.000    723  
  cop_0221_lp_lin      1.94299      0.000    619  
  cop_0222_lp_lin      2.63008      0.000    373  
  cop_0223_lp_lin      3.19249      0.000    249  
  cop_0224_lp_lin      2.70321      0.000    427  
  cop_0225_lp_lin      1.65755      0.000    622  
  cop_0226_lp_lin      1.20520      0.000    822  
  cop_0227_lp_lin      1.93716      0.000    543  
  cop_0228_lp_lin      1.15978      0.000    836  
  cop_0229_lp_lin      8.46230      0.000     70  
  cop_0230_lp_lin    196.21007      0.000     19  
  cop_0231_lp_lin      1.04379      0.000    923  
  cop_0232_lp_lin      1.53755      0.000    647  
  cop_0233_lp_lin      4.18935      0.000    182  
  cop_0234_lp_lin      1.86924      0.000    613  
  cop_0235_lp_lin      2.80338      0.000    378  
  cop_0236_lp_lin      1.26599      0.000    773  
  cop_0237_lp_lin      1.77487      0.000    607  
  cop_0238_lp_lin      3.39343      0.000    302  
  cop_0239_lp_lin      1.43721      0.000    715  
  cop_0240_lp_lin      1.13368      0.000    864  
  cop_0241_lp_lin      0.88335      0.000    977  
  cop_0242_lp_lin      2.50978      0.000    400  
  cop_0243_lp_lin      1.28828      0.000    758  
  cop_0244_lp_lin     10.39450      0.000    108  
  cop_0245_lp_lin      5.31878      0.000    131  
  cop_0246_lp_lin      2.24700      0.000    511  
  cop_0247_lp_lin      2.15923      0.000    495  
  cop_0248_lp_lin      1.93112      0.000    559  
  cop_0249_lp_lin      2.08524      0.000    487  
  cop_0250_lp_lin      1.96211      0.000    557  
  cop_0251_lp_lin      4.08923      0.000    194  
  cop_0252_lp_lin      1.70644      0.000    638  
  cop_0253_lp_lin     31.96302      0.000     43  
  cop_0254_lp_lin      1.10190      0.000    881  
  cop_0255_lp_lin      1.29546      0.000    787  
  cop_0256_lp_lin      1.07425      0.000    910  
  cop_0257_lp_lin     61.34215      0.000     15  
  cop_0258_lp_lin      2.12623      0.000    533  
  cop_0259_lp_lin      3.19939      0.000    276  
  cop_0260_lp_lin      2.91747      0.000    358  
  cop_0261_lp_lin      3.07843      0.000    252  
  cop_0262_lp_lin     29.39455      0.000     16  
  cop_0263_lp_lin     15.02766      0.000     40  
  cop_0264_lp_lin      2.38922      0.000    454  
  cop_0265_lp_lin      1.35411      0.000    767  
  cop_0266_lp_lin      5.72398      0.000    264  
  cop_0267_lp_lin      1.34985      0.000    781  
  cop_0268_lp_lin      1.90323      0.000    580  
  cop_0269_lp_lin      0.98167      0.000    944  
  cop_0270_lp_lin      7.84768      0.000    109  
  cop_0271_lp_lin      6.94677      0.000    126  
  cop_0272_lp_lin      1.86231      0.000    537  
  cop_0273_lp_lin      3.33663      0.000    238  
  cop_0274_lp_lin      1.28095      0.000    807  
  cop_0275_lp_lin      4.26498      0.000    160  
  cop_0276_lp_lin      4.61178      0.000    184  
  cop_0277_lp_lin      1.58009      0.000    689  
  cop_0278_lp_lin      4.21799      0.000    204  
  cop_0279_lp_lin      3.85366      0.000    317  
  cop_0280_lp_lin      1.76705      0.000    646  
  cop_0281_lp_lin      0.96587      0.000    954  
  cop_0282_lp_lin      1.64370      0.000    648  
  cop_0283_lp_lin      2.69554      0.000    394  
  cop_0284_lp_lin      1.95793      0.000    555  
  cop_0285_lp_lin      0.98442      0.000    948  
  cop_0286_lp_lin      3.88761      0.000    343  
  cop_0287_lp_lin     11.56937      0.000    106  
  cop_0288_lp_lin      1.54859      0.000    693  
  cop_0289_lp_lin      1.92099      0.000    560  
  cop_0290_lp_lin      4.13280      0.000    315  
  cop_0291_lp_lin      4.29223      0.000    301  
  cop_0292_lp_lin      1.98230      0.000    551  
  cop_0293_lp_lin      1.66430      0.000    616  
  cop_0294_lp_lin      1.83536      0.000    563  
  cop_0295_lp_lin      3.06894      0.000    419  
  cop_0296_lp_lin      2.45389      0.000    492  
  cop_0297_lp_lin     45.34679      0.000     14  
  cop_0298_lp_lin      0.89643      0.000    976  
  cop_0299_lp_lin      1.12820      0.000    892  
  cop_0300_lp_lin      8.52626      0.000     44  
  cop_0301_lp_lin      2.82306      0.000    407  
  cop_0302_lp_lin      1.53024      0.000    668  
  cop_0303_lp_lin      3.43142      0.000    202  
  cop_0304_lp_lin      4.43266      0.000    161  
  cop_0305_lp_lin      2.56658      0.000    545  
  cop_0306_lp_lin      1.41808      0.000    737  
  cop_0307_lp_lin      2.60612      0.000    322  
  cop_0308_lp_lin     32.22752      0.000     68  
  cop_0309_lp_lin      2.06532      0.000    541  
  cop_0310_lp_lin      1.96303      0.000    523  
  cop_0311_lp_lin      3.18680      0.000    330  
  cop_0312_lp_lin      1.42972      0.000    725  
  cop_0313_lp_lin      1.93584      0.000    595  
  cop_0314_lp_lin      1.71362      0.000    641  
  cop_0315_lp_lin      2.74559      0.000    340  
  cop_0316_lp_lin      1.68216      0.000    650  
  cop_0317_lp_lin      1.08152      0.000    903  
  cop_0318_lp_lin      2.10772      0.000    515  
  cop_0319_lp_lin      2.25256      0.000    436  
  cop_0320_lp_lin      1.35468      0.000    739  
  cop_0321_lp_lin      1.13065      0.000    867  
  cop_0322_lp_lin      3.38027      0.000    393  
  cop_0323_lp_lin    131.57940      0.000      7  
  cop_0324_lp_lin      2.66082      0.000    524  
  cop_0325_lp_lin     15.14022      0.000     85  
  cop_0326_lp_lin      4.75376      0.000    231  
  cop_0327_lp_lin     21.21272      0.000     41  
  cop_0328_lp_lin      4.61643      0.000    174  
  cop_0329_lp_lin     58.02594      0.000      9  
  cop_0330_lp_lin      2.87722      0.000    350  
  cop_0331_lp_lin      2.39894      0.000    463  
  cop_0332_lp_lin      6.91988      0.000     95  
  cop_0333_lp_lin      6.53580      0.000    207  
  cop_0334_lp_lin      1.38966      0.000    747  
  cop_0335_lp_lin      1.01874      0.000    935  
  cop_0336_lp_lin      3.02358      0.000    312  
  cop_0337_lp_lin      1.44121      0.000    714  
  cop_0338_lp_lin      1.13594      0.000    875  
  cop_0339_lp_lin      2.10307      0.000    481  
  cop_0340_lp_lin      3.15711      0.000    375  
  cop_0341_lp_lin      2.71187      0.000    406  
  cop_0342_lp_lin      3.79548      0.000    286  
  cop_0343_lp_lin      1.05666      0.000    919  
  cop_0344_lp_lin      3.71516      0.000    281  
  cop_0345_lp_lin      2.96114      0.000    323  
  cop_0346_lp_lin      1.10257      0.000    886  
  cop_0347_lp_lin      0.92232      0.000    973  
  cop_0348_lp_lin      1.12210      0.000    869  
  cop_0349_lp_lin      1.10507      0.000    879  
  cop_0350_lp_lin      1.14848      0.000    839  
  cop_0351_lp_lin      1.10172      0.000    895  
  cop_0352_lp_lin      2.01345      0.000    609  
  cop_0353_lp_lin      1.27800      0.000    795  
  cop_0354_lp_lin      4.68268      0.000    300  
  cop_0355_lp_lin      1.51457      0.000    679  
  cop_0356_lp_lin      0.83629      0.000    993  
  cop_0357_lp_lin      3.86329      0.000    228  
  cop_0358_lp_lin      2.87820      0.000    395  
  cop_0359_lp_lin      7.09184      0.000    115  
  cop_0360_lp_lin      3.70850      0.000    337  
  cop_0361_lp_lin      1.07617      0.000    904  
  cop_0362_lp_lin     17.61241      0.000     24  
  cop_0363_lp_lin      3.05325      0.000    273  
  cop_0364_lp_lin      1.34367      0.000    757  
  cop_0365_lp_lin      5.82606      0.000    239  
  cop_0366_lp_lin      9.70882      0.000     86  
  cop_0367_lp_lin      1.02839      0.000    934  
  cop_0368_lp_lin      1.17460      0.000    849  
  cop_0369_lp_lin      1.14662      0.000    848  
  cop_0370_lp_lin      5.60020      0.000    171  
  cop_0371_lp_lin      1.91337      0.000    618  
  cop_0372_lp_lin      2.43058      0.000    475  
  cop_0373_lp_lin      2.05809      0.000    584  
  cop_0374_lp_lin      0.97530      0.000    951  
  cop_0375_lp_lin     25.48535      0.000     18  
  cop_0376_lp_lin      4.39112      0.000    230  
  cop_0377_lp_lin      1.38695      0.000    753  
  cop_0378_lp_lin      1.49030      0.000    699  
  cop_0379_lp_lin     10.82751      0.000     64  
  cop_0380_lp_lin      4.96840      0.000    262  
  cop_0381_lp_lin     22.83992      0.000     71  
  cop_0382_lp_lin      1.39380      0.000    750  
  cop_0383_lp_lin      2.77246      0.000    356  
  cop_0384_lp_lin      2.94275      0.000    446  
  cop_0385_lp_lin      2.83689      0.000    299  
  cop_0386_lp_lin      2.42597      0.000    466  
  cop_0387_lp_lin     13.11819      0.000     45  
  cop_0388_lp_lin     26.03099      0.000     13  
  cop_0389_lp_lin     46.49789      0.000      8  
  cop_0390_lp_lin      1.04336      0.000    917  
  cop_0391_lp_lin     24.28847      0.000     36  
  cop_0392_lp_lin      3.37375      0.000    283  
  cop_0393_lp_lin     12.26657      0.000     84  
  cop_0394_lp_lin      3.12843      0.000    278  
  cop_0395_lp_lin      2.46639      0.000    418  
  cop_0396_lp_lin      1.13645      0.000    861  
  cop_0397_lp_lin      1.00197      0.000    941  
  cop_0398_lp_lin      2.60214      0.000    531  
  cop_0399_lp_lin      1.02563      0.000    926  
  cop_0400_lp_lin      1.91273      0.000    571  
  cop_0401_lp_lin      2.47364      0.000    410  
  cop_0402_lp_lin      7.07194      0.000     91  
  cop_0403_lp_lin      1.57686      0.000    664  
  cop_0404_lp_lin      3.29243      0.000    333  
  cop_0405_lp_lin      5.09942      0.000    372  
  cop_0406_lp_lin      4.19831      0.000    179  
  cop_0407_lp_lin      2.45065      0.000    527  
  cop_0408_lp_lin      1.61366      0.000    678  
  cop_0409_lp_lin      2.98415      0.000    379  
  cop_0410_lp_lin      0.81152      0.000    997  
  cop_0411_lp_lin    336.55185      0.000      2  
  cop_0412_lp_lin     15.67802      0.000     29  
  cop_0413_lp_lin      1.12051      0.000    874  
  cop_0414_lp_lin      7.80145      0.000     75  
  cop_0415_lp_lin      3.41362      0.000    338  
  cop_0416_lp_lin      2.21026      0.000    441  
  cop_0417_lp_lin      1.92108      0.000    508  
  cop_0418_lp_lin      3.63277      0.000    314  
  cop_0419_lp_lin      5.09881      0.000    256  
  cop_0420_lp_lin      3.40830      0.000    370  
  cop_0421_lp_lin      2.74816      0.000    329  
  cop_0422_lp_lin      1.11414      0.000    877  
  cop_0423_lp_lin      1.06642      0.000    902  
  cop_0424_lp_lin      1.09475      0.000    893  
  cop_0425_lp_lin     16.29555      0.000     53  
  cop_0426_lp_lin      0.94210      0.000    962  
  cop_0427_lp_lin      4.52070      0.000    168  
  cop_0428_lp_lin      1.15422      0.000    854  
  cop_0429_lp_lin      0.91319      0.000    969  
  cop_0430_lp_lin      2.92661      0.000    289  
  cop_0431_lp_lin      1.32897      0.000    751  
  cop_0432_lp_lin      2.12579      0.000    478  
  cop_0433_lp_lin      1.98795      0.000    493  
  cop_0434_lp_lin      2.89069      0.000    486  
  cop_0435_lp_lin      1.06563      0.000    906  
  cop_0436_lp_lin      1.47228      0.000    707  
  cop_0437_lp_lin      0.83855      0.000    992  
  cop_0438_lp_lin      2.57970      0.000    399  
  cop_0439_lp_lin      1.82088      0.000    593  
  cop_0440_lp_lin      1.08827      0.000    891  
  cop_0441_lp_lin      1.89958      0.000    569  
  cop_0442_lp_lin      2.05623      0.000    494  
  cop_0443_lp_lin      1.91600      0.000    556  
  cop_0444_lp_lin      0.91193      0.000    974  
  cop_0445_lp_lin      2.50986      0.000    374  
  cop_0446_lp_lin     47.85934      0.000      4  
  cop_0447_lp_lin      2.28028      0.000    452  
  cop_0448_lp_lin      2.59259      0.000    396  
  cop_0449_lp_lin      3.79878      0.000    172  
  cop_0450_lp_lin      1.13021      0.000    859  
  cop_0451_lp_lin      2.21684      0.000    497  
  cop_0452_lp_lin      2.71497      0.000    328  
  cop_0453_lp_lin      1.72686      0.000    642  
  cop_0454_lp_lin      5.88391      0.000    129  
  cop_0455_lp_lin      4.78304      0.000    275  
  cop_0456_lp_lin      4.10343      0.000    261  
  cop_0457_lp_lin      1.07556      0.000    914  
  cop_0458_lp_lin      1.39471      0.000    724  
  cop_0459_lp_lin      1.30365      0.000    775  
  cop_0460_lp_lin      1.25547      0.000    805  
  cop_0461_lp_lin      8.45558      0.000     35  
  cop_0462_lp_lin      2.04718      0.000    536  
  cop_0463_lp_lin      1.70922      0.000    657  
  cop_0464_lp_lin      1.44696      0.000    726  
  cop_0465_lp_lin      1.52263      0.000    682  
  cop_0466_lp_lin      1.02673      0.000    925  
  cop_0467_lp_lin      1.31720      0.000    742  
  cop_0468_lp_lin      2.89565      0.000    253  
  cop_0469_lp_lin      1.32406      0.000    762  
  cop_0470_lp_lin      2.69829      0.000    349  
  cop_0471_lp_lin      2.46849      0.000    362  
  cop_0472_lp_lin      2.74011      0.000    443  
  cop_0473_lp_lin      2.09020      0.000    472  
  cop_0474_lp_lin      1.67279      0.000    669  
  cop_0475_lp_lin      4.22627      0.000    191  
  cop_0476_lp_lin      1.75279      0.000    625  
  cop_0477_lp_lin      1.25646      0.000    798  
  cop_0478_lp_lin      0.93293      0.000    965  
  cop_0479_lp_lin      1.39799      0.000    755  
  cop_0480_lp_lin      1.06257      0.000    913  
  cop_0481_lp_lin      1.22457      0.000    825  
  cop_0482_lp_lin      1.46456      0.000    716  
  cop_0483_lp_lin      2.04032      0.000    484  
  cop_0484_lp_lin      4.25212      0.000    197  
  cop_0485_lp_lin      2.50673      0.000    490  
  cop_0486_lp_lin      9.27922      0.000    206  
  cop_0487_lp_lin      5.75887      0.000    137  
  cop_0488_lp_lin      3.97601      0.000    310  
  cop_0489_lp_lin      1.48970      0.000    702  
  cop_0490_lp_lin      3.84815      0.000    339  
  cop_0491_lp_lin     10.25685      0.000    112  
  cop_0492_lp_lin      3.02275      0.000    423  
  cop_0493_lp_lin      2.44418      0.000    473  
  cop_0494_lp_lin      1.25756      0.000    804  
  cop_0495_lp_lin      2.75146      0.000    425  
  cop_0496_lp_lin      3.71215      0.000    316  
  cop_0497_lp_lin      1.77754      0.000    624  
  cop_0498_lp_lin      1.83169      0.000    589  
  cop_0499_lp_lin      3.65907      0.000    250  
  cop_0500_lp_lin      1.27994      0.000    811  
  cop_0501_lp_lin      1.29543      0.000    784  
  cop_0502_lp_lin      1.48615      0.000    734  
  cop_0503_lp_lin      1.13447      0.000    880  
  cop_0504_lp_lin      1.91683      0.000    510  
  cop_0505_lp_lin      3.11451      0.000    270  
  cop_0506_lp_lin      2.40380      0.000    503  
  cop_0507_lp_lin      2.22444      0.000    509  
  cop_0508_lp_lin      5.42229      0.000    116  
  cop_0509_lp_lin      1.22913      0.000    818  
  cop_0510_lp_lin      0.88267      0.000    979  
  cop_0511_lp_lin     13.48993      0.000     96  
  cop_0512_lp_lin      2.19621      0.000    460  
  cop_0513_lp_lin      1.37904      0.000    785  
  cop_0514_lp_lin      1.35471      0.000    752  
  cop_0515_lp_lin      3.47913      0.000    227  
  cop_0516_lp_lin      1.26471      0.000    803  
  cop_0517_lp_lin      4.22990      0.000    259  
  cop_0518_lp_lin      1.34606      0.000    770  
  cop_0519_lp_lin      0.82060      0.000    996  
  cop_0520_lp_lin      1.47991      0.000    719  
  cop_0521_lp_lin      3.56384      0.000    285  
  cop_0522_lp_lin      4.33994      0.000    181  
  cop_0523_lp_lin      1.10261      0.000    888  
  cop_0524_lp_lin      2.34631      0.000    457  
  cop_0525_lp_lin      1.08879      0.000    885  
  cop_0526_lp_lin      0.95918      0.000    952  
  cop_0527_lp_lin      0.98400      0.000    943  
  cop_0528_lp_lin      8.33593      0.000     97  
  cop_0529_lp_lin      1.33395      0.000    769  
  cop_0530_lp_lin      2.13683      0.000    539  
  cop_0531_lp_lin      1.67359      0.000    644  
  cop_0532_lp_lin      5.45078      0.000    233  
  cop_0533_lp_lin      0.86909      0.000    986  
  cop_0534_lp_lin      0.80151      0.000    999  
  cop_0535_lp_lin      7.32588      0.000    117  
  cop_0536_lp_lin      1.22394      0.000    808  
  cop_0537_lp_lin      2.81816      0.000    416  
  cop_0538_lp_lin      0.93734      0.000    961  
  cop_0539_lp_lin      2.77933      0.000    363  
  cop_0540_lp_lin      1.44732      0.000    727  
  cop_0541_lp_lin      1.85033      0.000    585  
  cop_0542_lp_lin      1.29106      0.000    788  
  cop_0543_lp_lin      1.96215      0.000    597  
  cop_0544_lp_lin      1.42093      0.000    746  
  cop_0545_lp_lin      2.33895      0.000    448  
  cop_0546_lp_lin      2.21934      0.000    421  
  cop_0547_lp_lin      2.35325      0.000    458  
  cop_0548_lp_lin     10.14391      0.000     47  
  cop_0549_lp_lin     95.83383      0.000     17  
  cop_0550_lp_lin      4.63515      0.000    243  
  cop_0551_lp_lin      5.38768      0.000    155  
  cop_0552_lp_lin      0.99312      0.000    947  
  cop_0553_lp_lin      1.40709      0.000    733  
  cop_0554_lp_lin      0.91069      0.000    971  
  cop_0555_lp_lin      1.54579      0.000    656  
  cop_0556_lp_lin      2.52055      0.000    391  
  cop_0557_lp_lin      3.37567      0.000    324  
  cop_0558_lp_lin      8.74924      0.000    139  
  cop_0559_lp_lin      2.53734      0.000    462  
  cop_0560_lp_lin      3.81762      0.000    291  
  cop_0561_lp_lin      1.50146      0.000    729  
  cop_0562_lp_lin     58.37526      0.000     26  
  cop_0563_lp_lin      3.12917      0.000    331  
  cop_0564_lp_lin      1.88320      0.000    570  
  cop_0565_lp_lin      3.19322      0.000    267  
  cop_0566_lp_lin      1.40692      0.000    735  
  cop_0567_lp_lin      6.03331      0.000    151  
  cop_0568_lp_lin      2.70691      0.000    377  
  cop_0569_lp_lin      2.42873      0.000    590  
  cop_0570_lp_lin      1.29582      0.000    778  
  cop_0571_lp_lin      1.65909      0.000    649  
  cop_0572_lp_lin     15.61969      0.000     76  
  cop_0573_lp_lin      3.39546      0.000    320  
  cop_0574_lp_lin      1.16045      0.000    835  
  cop_0575_lp_lin      1.70997      0.000    626  
  cop_0576_lp_lin      3.99300      0.000    219  
  cop_0577_lp_lin      1.17170      0.000    853  
  cop_0578_lp_lin      2.19795      0.000    547  
  cop_0579_lp_lin     12.79380      0.000     46  
  cop_0580_lp_lin      3.69838      0.000    344  
  cop_0581_lp_lin      1.67540      0.000    680  
  cop_0582_lp_lin     11.20539      0.000     79  
  cop_0583_lp_lin      4.83862      0.000    325  
  cop_0584_lp_lin      7.99758      0.000     88  
  cop_0585_lp_lin      2.65181      0.000    422  
  cop_0586_lp_lin      2.06007      0.000    480  
  cop_0587_lp_lin      2.41991      0.000    499  
  cop_0588_lp_lin      4.93613      0.000    143  
  cop_0589_lp_lin      2.95946      0.000    447  
  cop_0590_lp_lin      5.22916      0.000    164  
  cop_0591_lp_lin     12.94025      0.000    170  
  cop_0592_lp_lin      2.59993      0.000    390  
  cop_0593_lp_lin      0.87891      0.000    981  
  cop_0594_lp_lin      1.48249      0.000    718  
  cop_0595_lp_lin      2.17633      0.000    546  
  cop_0596_lp_lin      1.20298      0.000    842  
  cop_0597_lp_lin      1.46540      0.000    710  
  cop_0598_lp_lin      0.97165      0.000    953  
  cop_0599_lp_lin      2.87766      0.000    357  
  cop_0600_lp_lin      1.60727      0.000    683  
  cop_0601_lp_lin      2.19253      0.000    549  
  cop_0602_lp_lin      3.97548      0.000    193  
  cop_0603_lp_lin      6.06466      0.000     98  
  cop_0604_lp_lin      1.14128      0.000    865  
  cop_0605_lp_lin      6.46162      0.000    138  
  cop_0606_lp_lin      1.92344      0.000    583  
  cop_0607_lp_lin      5.27196      0.000    201  
  cop_0608_lp_lin      7.85171      0.000     66  
  cop_0609_lp_lin      4.63499      0.000    335  
  cop_0610_lp_lin      4.72202      0.000    258  
  cop_0611_lp_lin      2.51167      0.000    433  
  cop_0612_lp_lin      4.32287      0.000    185  
  cop_0613_lp_lin      2.58787      0.000    380  
  cop_0614_lp_lin      3.80943      0.000    257  
  cop_0615_lp_lin      1.68003      0.000    632  
  cop_0616_lp_lin      2.44117      0.000    449  
  cop_0617_lp_lin      1.88250      0.000    553  
  cop_0618_lp_lin      3.27201      0.000    386  
  cop_0619_lp_lin      1.83729      0.000    544  
  cop_0620_lp_lin      1.79886      0.000    581  
  cop_0621_lp_lin      3.37235      0.000    234  
  cop_0622_lp_lin      1.12913      0.000    890  
  cop_0623_lp_lin      3.21079      0.000    336  
  cop_0624_lp_lin      1.15299      0.000    858  
  cop_0625_lp_lin      2.03617      0.000    516  
  cop_0626_lp_lin      8.04828      0.000    120  
  cop_0627_lp_lin      3.15252      0.000    260  
  cop_0628_lp_lin      1.11688      0.000    884  
  cop_0629_lp_lin      1.14908      0.000    860  
  cop_0630_lp_lin      3.92643      0.000    277  
  cop_0631_lp_lin      1.46458      0.000    736  
  cop_0632_lp_lin     10.83093      0.000     60  
  cop_0633_lp_lin      2.95734      0.000    383  
  cop_0634_lp_lin      0.97690      0.000    950  
  cop_0635_lp_lin      1.30744      0.000    782  
  cop_0636_lp_lin      2.99250      0.000    392  
  cop_0637_lp_lin     17.42128      0.000    183  
  cop_0638_lp_lin      2.07815      0.000    534  
  cop_0639_lp_lin      2.13380      0.000    526  
  cop_0640_lp_lin      2.67496      0.000    459  
  cop_0641_lp_lin      1.77073      0.000    598  
  cop_0642_lp_lin      1.05965      0.000    922  
  cop_0643_lp_lin      1.47954      0.000    690  
  cop_0644_lp_lin      2.29018      0.000    435  
  cop_0645_lp_lin      1.88648      0.000    573  
  cop_0646_lp_lin      1.39847      0.000    717  
  cop_0647_lp_lin      1.35918      0.000    754  
  cop_0648_lp_lin    122.94851      0.000     10  
  cop_0649_lp_lin      2.37360      0.000    440  
  cop_0650_lp_lin      1.30956      0.000    779  
  cop_0651_lp_lin      2.64593      0.000    417  
  cop_0652_lp_lin      0.84226      0.000    991  
  cop_0653_lp_lin      1.52031      0.000    688  
  cop_0654_lp_lin      0.92065      0.000    970  
  cop_0655_lp_lin      9.91425      0.000     69  
  cop_0656_lp_lin      4.66761      0.000    103  
  cop_0657_lp_lin     10.35990      0.000     32  
  cop_0658_lp_lin      3.85004      0.000    212  
  cop_0659_lp_lin      4.56242      0.000    167  
  cop_0660_lp_lin      0.97707      0.000    946  
  cop_0661_lp_lin      1.02785      0.000    930  
  cop_0662_lp_lin      3.60080      0.000    237  
  cop_0663_lp_lin      5.15220      0.000    146  
  cop_0664_lp_lin      1.21883      0.000    824  
  cop_0665_lp_lin      0.95411      0.000    957  
  cop_0666_lp_lin      1.48071      0.000    706  
  cop_0667_lp_lin      1.96948      0.000    575  
  cop_0668_lp_lin      2.47307      0.000    428  
  cop_0669_lp_lin      4.69574      0.000    133  
  cop_0670_lp_lin     33.35464      0.000     42  
  cop_0671_lp_lin      2.76127      0.000    355  
  cop_0672_lp_lin      1.80481      0.000    592  
  cop_0673_lp_lin      1.13593      0.000    847  
  cop_0674_lp_lin      4.83494      0.000    235  
  cop_0675_lp_lin      5.76913      0.000    162  
  cop_0676_lp_lin      3.40977      0.000    263  
  cop_0677_lp_lin      6.32882      0.000    251  
  cop_0678_lp_lin      3.08937      0.000    255  
  cop_0679_lp_lin     45.53858      0.000     22  
  cop_0680_lp_lin      2.88622      0.000    280  
  cop_0681_lp_lin      4.30263      0.000    148  
  cop_0682_lp_lin      2.12149      0.000    501  
  cop_0683_lp_lin      1.19108      0.000    831  
  cop_0684_lp_lin      1.05187      0.000    921  
  cop_0685_lp_lin      1.15476      0.000    852  
  cop_0686_lp_lin      1.00392      0.000    936  
  cop_0687_lp_lin      4.54494      0.000    240  
  cop_0688_lp_lin      2.01341      0.000    521  
  cop_0689_lp_lin      1.18981      0.000    814  
  cop_0690_lp_lin     25.98903      0.000     39  
  cop_0691_lp_lin      1.06101      0.000    916  
  cop_0692_lp_lin      1.48447      0.000    705  
  cop_0693_lp_lin      2.03928      0.000    439  
  cop_0694_lp_lin      1.12078      0.000    863  
  cop_0695_lp_lin     11.68018      0.000     55  
  cop_0696_lp_lin      1.06461      0.000    909  
  cop_0697_lp_lin      1.03211      0.000    920  
  cop_0698_lp_lin      2.34000      0.000    502  
  cop_0699_lp_lin      5.43295      0.000    241  
  cop_0700_lp_lin      8.21703      0.000     99  
  cop_0701_lp_lin      4.78672      0.000    295  
  cop_0702_lp_lin      0.80844      0.000    998  
  cop_0703_lp_lin      1.87483      0.000    614  
  cop_0704_lp_lin     20.56565      0.000     65  
  cop_0705_lp_lin      1.71180      0.000    659  
  cop_0706_lp_lin      1.91298      0.000    612  
  cop_0707_lp_lin      1.29435      0.000    793  
  cop_0708_lp_lin      0.85490      0.000    989  
  cop_0709_lp_lin      4.78888      0.000    189  
  cop_0710_lp_lin      3.74765      0.000    246  
  cop_0711_lp_lin      1.19577      0.000    820  
  cop_0712_lp_lin      1.80795      0.000    587  
  cop_0713_lp_lin      1.67462      0.000    605  
  cop_0714_lp_lin      4.13997      0.000    265  
  cop_0715_lp_lin      1.07726      0.000    915  
  cop_0716_lp_lin      4.12511      0.000    353  
  cop_0717_lp_lin      0.83897      0.000    995  
  cop_0718_lp_lin      6.36802      0.000    105  
  cop_0719_lp_lin      1.85630      0.000    604  
  cop_0720_lp_lin      1.05023      0.000    924  
  cop_0721_lp_lin      3.57550      0.000    290  
  cop_0722_lp_lin      3.90363      0.000    266  
  cop_0723_lp_lin      1.85082      0.000    610  
  cop_0724_lp_lin      3.08140      0.000    271  
  cop_0725_lp_lin      1.26228      0.000    794  
  cop_0726_lp_lin      2.30995      0.000    431  
  cop_0727_lp_lin      1.44320      0.000    745  
  cop_0728_lp_lin      1.95609      0.000    519  
  cop_0729_lp_lin      1.59765      0.000    673  
  cop_0730_lp_lin      2.40230      0.000    414  
  cop_0731_lp_lin      1.51839      0.000    709  
  cop_0732_lp_lin      6.52548      0.000    125  
  cop_0733_lp_lin      2.52399      0.000    455  
  cop_0734_lp_lin      4.19859      0.000    220  
  cop_0735_lp_lin      1.39152      0.000    749  
  cop_0736_lp_lin      1.46691      0.000    695  
  cop_0737_lp_lin      5.97895      0.000    119  
  cop_0738_lp_lin      1.22551      0.000    810  
  cop_0739_lp_lin     11.76448      0.000     93  
  cop_0740_lp_lin      1.02662      0.000    927  
  cop_0741_lp_lin      1.23997      0.000    791  
  cop_0742_lp_lin      1.33808      0.000    776  
  cop_0743_lp_lin      2.40067      0.000    496  
  cop_0744_lp_lin      2.93839      0.000    297  
  cop_0745_lp_lin      4.54324      0.000    153  
  cop_0746_lp_lin      4.61555      0.000    173  
  cop_0747_lp_lin      5.33354      0.000    180  
  cop_0748_lp_lin      1.56495      0.000    703  
  cop_0749_lp_lin      2.74802      0.000    342  
  cop_0750_lp_lin      1.41715      0.000    741  
  cop_0751_lp_lin      0.88226      0.000    978  
  cop_0752_lp_lin      8.99150      0.000     54  
  cop_0753_lp_lin      3.96351      0.000    236  
  cop_0754_lp_lin      7.38354      0.000     87  
  cop_0755_lp_lin      2.60299      0.000    382  
  cop_0756_lp_lin      1.32858      0.000    790  
  cop_0757_lp_lin      1.46539      0.000    740  
  cop_0758_lp_lin      1.63876      0.000    623  
  cop_0759_lp_lin      2.07453      0.000    518  
  cop_0760_lp_lin      3.31491      0.000    347  
  cop_0761_lp_lin      2.35602      0.000    405  
  cop_0762_lp_lin      2.25217      0.000    506  
  cop_0763_lp_lin      1.32873      0.000    765  
  cop_0764_lp_lin      1.48166      0.000    730  
  cop_0765_lp_lin      1.57931      0.000    676  
  cop_0766_lp_lin      1.97296      0.000    608  
  cop_0767_lp_lin      5.57049      0.000    232  
  cop_0768_lp_lin    136.03523      0.000      5  
  cop_0769_lp_lin      2.00171      0.000    507  
  cop_0770_lp_lin      1.55935      0.000    672  
  cop_0771_lp_lin      2.38219      0.000    456  
  cop_0772_lp_lin      0.95232      0.000    956  
  cop_0773_lp_lin      0.95205      0.000    959  
  cop_0774_lp_lin      1.10028      0.000    901  
  cop_0775_lp_lin      2.43979      0.000    438  
  cop_0776_lp_lin      2.02617      0.000    564  
  cop_0777_lp_lin      1.03125      0.000    933  
  cop_0778_lp_lin      1.57568      0.000    687  
  cop_0779_lp_lin      1.30638      0.000    768  
  cop_0780_lp_lin      1.29982      0.000    789  
  cop_0781_lp_lin      3.23934      0.000    248  
  cop_0782_lp_lin      1.06313      0.000    897  
  cop_0783_lp_lin      8.26197      0.000     77  
  cop_0784_lp_lin      1.28203      0.000    796  
  cop_0785_lp_lin      5.28626      0.000    147  
  cop_0786_lp_lin      4.43557      0.000    298  
  cop_0787_lp_lin     16.05977      0.000    121  
  cop_0788_lp_lin      4.02010      0.000    293  
  cop_0789_lp_lin      2.35689      0.000    412  
  cop_0790_lp_lin      3.35959      0.000    384  
  cop_0791_lp_lin      2.93814      0.000    326  
  cop_0792_lp_lin      6.83704      0.000     89  
  cop_0793_lp_lin      1.55396      0.000    697  
  cop_0794_lp_lin      1.29831      0.000    771  
  cop_0795_lp_lin      1.88815      0.000    594  
  cop_0796_lp_lin      1.12617      0.000    870  
  cop_0797_lp_lin      2.42793      0.000    498  
  cop_0798_lp_lin      2.05900      0.000    538  
  cop_0799_lp_lin      3.36647      0.000    223  
  cop_0800_lp_lin      2.35591      0.000    437  
  cop_0801_lp_lin      0.96693      0.000    955  
  cop_0802_lp_lin      1.26974      0.000    786  
  cop_0803_lp_lin      1.10460      0.000    872  
  cop_0804_lp_lin      2.75477      0.000    361  
  cop_0805_lp_lin      1.82252      0.000    568  
  cop_0806_lp_lin      1.52463      0.000    696  
  cop_0807_lp_lin      2.12775      0.000    468  
  cop_0808_lp_lin      5.18604      0.000    269  
  cop_0809_lp_lin      7.56887      0.000     82  
  cop_0810_lp_lin      9.85848      0.000     30  
  cop_0811_lp_lin      8.35632      0.000    118  
  cop_0812_lp_lin      4.22085      0.000    306  
  cop_0813_lp_lin      6.52402      0.000    165  
  cop_0814_lp_lin      1.54809      0.000    674  
  cop_0815_lp_lin      2.42706      0.000    532  
  cop_0816_lp_lin     23.21385      0.000     31  
  cop_0817_lp_lin      1.42149      0.000    701  
  cop_0818_lp_lin      2.53926      0.000    401  
  cop_0819_lp_lin      3.07682      0.000    282  
  cop_0820_lp_lin      1.15172      0.000    855  
  cop_0821_lp_lin      1.42855      0.000    738  
  cop_0822_lp_lin      3.72405      0.000    208  
  cop_0823_lp_lin     10.04291      0.000     61  
  cop_0824_lp_lin      0.92068      0.000    967  
  cop_0825_lp_lin      1.64593      0.000    640  
  cop_0826_lp_lin      1.14068      0.000    878  
  cop_0827_lp_lin      1.32344      0.000    777  
  cop_0828_lp_lin      2.13370      0.000    450  
  cop_0829_lp_lin      2.46408      0.000    432  
  cop_0830_lp_lin      4.93880      0.000    101  
  cop_0831_lp_lin      3.38466      0.000    376  
  cop_0832_lp_lin      0.86062      0.000    987  
  cop_0833_lp_lin      6.06464      0.000    122  
  cop_0834_lp_lin      1.65733      0.000    655  
  cop_0835_lp_lin      4.37186      0.000    268  
  cop_0836_lp_lin      3.33800      0.000    242  
  cop_0837_lp_lin      3.69784      0.000    313  
  cop_0838_lp_lin      1.96031      0.000    591  
  cop_0839_lp_lin      3.84810      0.000    218  
  cop_0840_lp_lin      1.60124      0.000    671  
  cop_0841_lp_lin      1.16189      0.000    846  
  cop_0842_lp_lin      5.75747      0.000    159  
  cop_0843_lp_lin      1.23166      0.000    792  
  cop_0844_lp_lin      1.41123      0.000    708  
  cop_0845_lp_lin      7.88564      0.000    114  
  cop_0846_lp_lin      5.08474      0.000    175  
  cop_0847_lp_lin      4.59194      0.000    216  
  cop_0848_lp_lin      2.01912      0.000    558  
  cop_0849_lp_lin      1.16944      0.000    851  
  cop_0850_lp_lin      1.01540      0.000    931  
  cop_0851_lp_lin      4.43925      0.000    190  
  cop_0852_lp_lin      1.26982      0.000    802  
  cop_0853_lp_lin      1.61413      0.000    684  
  cop_0854_lp_lin      1.75844      0.000    652  
  cop_0855_lp_lin      2.50201      0.000    402  
  cop_0856_lp_lin      2.87736      0.000    397  
  cop_0857_lp_lin      2.09716      0.000    617  
  cop_0858_lp_lin      2.43963      0.000    525  
  cop_0859_lp_lin      1.05788      0.000    918  
  cop_0860_lp_lin      9.26905      0.000     74  
  cop_0861_lp_lin      2.10725      0.000    482  
  cop_0862_lp_lin      1.06383      0.000    912  
  cop_0863_lp_lin      1.51056      0.000    704  
  cop_0864_lp_lin      2.79750      0.000    470  
  cop_0865_lp_lin      6.40607      0.000    287  
  cop_0866_lp_lin      1.76779      0.000    629  
  cop_0867_lp_lin      1.26029      0.000    801  
  cop_0868_lp_lin      9.44225      0.000     83  
  cop_0869_lp_lin      8.49626      0.000     81  
  cop_0870_lp_lin     20.53876      0.000     20  
  cop_0871_lp_lin      1.14642      0.000    857  
  cop_0872_lp_lin      2.21487      0.000    464  
  cop_0873_lp_lin      5.26559      0.000    225  
  cop_0874_lp_lin      0.98442      0.000    942  
  cop_0875_lp_lin      1.33878      0.000    748  
  cop_0876_lp_lin      1.24584      0.000    815  
  cop_0877_lp_lin      2.09354      0.000    540  
  cop_0878_lp_lin      1.51333      0.000    698  
  cop_0879_lp_lin      1.74730      0.000    611  
  cop_0880_lp_lin      1.49750      0.000    694  
  cop_0881_lp_lin      2.15334      0.000    582  
  cop_0882_lp_lin      1.81398      0.000    621  
  cop_0883_lp_lin      4.87745      0.000    134  
  cop_0884_lp_lin      1.06330      0.000    905  
  cop_0885_lp_lin     26.03454      0.000     37  
  cop_0886_lp_lin      1.42971      0.000    713  
  cop_0887_lp_lin      6.02686      0.000    195  
  cop_0888_lp_lin      4.13310      0.000    351  
  cop_0889_lp_lin      1.48189      0.000    681  
  cop_0890_lp_lin      8.18573      0.000    203  
  cop_0891_lp_lin      2.32527      0.000    451  
  cop_0892_lp_lin      3.10395      0.000    415  
  cop_0893_lp_lin      2.00480      0.000    565  
  cop_0894_lp_lin      3.89315      0.000    222  
  cop_0895_lp_lin      2.80397      0.000    381  
  cop_0896_lp_lin      1.65195      0.000    662  
  cop_0897_lp_lin      0.98457      0.000    945  
  cop_0898_lp_lin      1.68215      0.000    677  
  cop_0899_lp_lin      1.16300      0.000    844  
  cop_0900_lp_lin      8.03368      0.000     63  
  cop_0901_lp_lin      2.61324      0.000    403  
  cop_0902_lp_lin      1.19265      0.000    834  
  cop_0903_lp_lin      3.28528      0.000    348  
  cop_0904_lp_lin      1.35848      0.000    763  
  cop_0905_lp_lin      0.84060      0.000    994  
  cop_0906_lp_lin      0.93800      0.000    966  
  cop_0907_lp_lin      8.62399      0.000     80  
  cop_0908_lp_lin      4.77231      0.000    135  
  cop_0909_lp_lin      3.79339      0.000    318  
  cop_0910_lp_lin      2.53398      0.000    429  
  cop_0911_lp_lin      1.32541      0.000    764  
  cop_0912_lp_lin      2.00327      0.000    554  
  cop_0913_lp_lin      1.07224      0.000    900  
  cop_0914_lp_lin      1.14690      0.000    856  
  cop_0915_lp_lin      2.22569      0.000    445  
  cop_0916_lp_lin      1.85546      0.000    561  
  cop_0917_lp_lin      0.86948      0.000    984  
  cop_0918_lp_lin      9.53799      0.000    176  
  cop_0919_lp_lin      5.51773      0.000    136  
  cop_0920_lp_lin      3.02721      0.000    321  
  cop_0921_lp_lin      2.14232      0.000    479  
  cop_0922_lp_lin      3.37072      0.000    307  
  cop_0923_lp_lin      1.72191      0.000    630  
  cop_0924_lp_lin    156.08186      0.000      3  
  cop_0925_lp_lin      1.74549      0.000    620  
  cop_0926_lp_lin     20.26411      0.000     57  
  cop_0927_lp_lin      4.10799      0.000    214  
  cop_0928_lp_lin     11.18297      0.000     38  
  cop_0929_lp_lin      4.60976      0.000    217  
  cop_0930_lp_lin      1.69089      0.000    633  
  cop_0931_lp_lin      0.87552      0.000    983  
  cop_0932_lp_lin      5.96895      0.000    102  
  cop_0933_lp_lin      2.10288      0.000    489  
  cop_0934_lp_lin      2.88882      0.000    309  
  cop_0935_lp_lin      1.98892      0.000    500  
  cop_0936_lp_lin      3.13117      0.000    368  
  cop_0937_lp_lin      1.32749      0.000    797  
  cop_0938_lp_lin      4.53502      0.000    210  
  cop_0939_lp_lin      2.54696      0.000    398  
  cop_0940_lp_lin      4.77065      0.000    154  
  cop_0941_lp_lin      2.02092      0.000    552  
  cop_0942_lp_lin     26.51600      0.000     48  
  cop_0943_lp_lin      1.54528      0.000    700  
  cop_0944_lp_lin      2.02513      0.000    522  
  cop_0945_lp_lin      4.86637      0.000    199  
  cop_0946_lp_lin      3.96158      0.000    244  
  cop_0947_lp_lin      2.01123      0.000    424  
  cop_0948_lp_lin      1.00302      0.000    938  
  cop_0949_lp_lin      6.35754      0.000    221  
  cop_0950_lp_lin      1.38717      0.000    744  
  cop_0951_lp_lin      1.69899      0.000    653  
  cop_0952_lp_lin      2.35623      0.000    529  
  cop_0953_lp_lin      3.84470      0.000    311  
  cop_0954_lp_lin      5.43380      0.000    166  
  cop_0955_lp_lin      1.91314      0.000    637  
  cop_0956_lp_lin      1.67287      0.000    635  
  cop_0957_lp_lin      2.13869      0.000    430  
  cop_0958_lp_lin      8.74180      0.000     34  
  cop_0959_lp_lin      1.59599      0.000    661  
  cop_0960_lp_lin      4.24463      0.000    334  
  cop_0961_lp_lin      3.14099      0.000    371  
  cop_0962_lp_lin      2.44426      0.000    467  
  cop_0963_lp_lin      1.41791      0.000    711  
  cop_0964_lp_lin      1.26482      0.000    783  
  cop_0965_lp_lin      5.46437      0.000    132  
  cop_0966_lp_lin      5.13445      0.000    150  
  cop_0967_lp_lin     15.35615      0.000    107  
  cop_0968_lp_lin      1.89274      0.000    627  
  cop_0969_lp_lin      1.10361      0.000    882  
  cop_0970_lp_lin      0.88426      0.000    980  
  cop_0971_lp_lin      1.06344      0.000    908  
  cop_0972_lp_lin      1.38697      0.000    772  
  cop_0973_lp_lin      2.03980      0.000    505  
  cop_0974_lp_lin      1.12597      0.000    862  
  cop_0975_lp_lin      3.99587      0.000    200  
  cop_0976_lp_lin      3.69142      0.000    345  
  cop_0977_lp_lin      9.40547      0.000    192  
  cop_0978_lp_lin      2.41477      0.000    444  
  cop_0979_lp_lin      1.87866      0.000    586  
  cop_0980_lp_lin      7.52606      0.000    144  
  cop_0981_lp_lin      5.46056      0.000    229  
  cop_0982_lp_lin      1.59158      0.000    651  
  cop_0983_lp_lin      2.38891      0.000    426  
  cop_0984_lp_lin      6.75768      0.000    178  
  cop_0985_lp_lin      3.18893      0.000    387  
  cop_0986_lp_lin      2.05686      0.000    566  
  cop_0987_lp_lin      2.69940      0.000    388  
  cop_0988_lp_lin      2.25701      0.000    512  
  cop_0989_lp_lin      4.84924      0.000    123  
  cop_0990_lp_lin      4.20402      0.000    209  
  cop_0991_lp_lin      2.00460      0.000    576  
  cop_0992_lp_lin      4.75963      0.000    130  
  cop_0993_lp_lin      1.98355      0.000    504  
  cop_0994_lp_lin      1.11616      0.000    876  
  cop_0995_lp_lin      1.65036      0.000    665  
  cop_0996_lp_lin      1.73364      0.000    636  
  cop_0997_lp_lin      6.03327      0.000    141  
  cop_0998_lp_lin      1.58591      0.000    670  
  cop_0999_lp_lin      2.43921      0.000    476  
  cop_1000_lp_lin      2.49693      0.000    461  
  eliminated, worst first: cop_0219_lp_lin cop_0411_lp_lin cop_0924_lp_lin cop_0446_lp_lin cop_0768_lp_lin cop_0140_lp_lin cop_0323_lp_lin cop_0389_lp_lin cop_0329_lp_lin cop_0648_lp_lin cop_0058_lp_lin cop_0009_lp_lin cop_0388_lp_lin cop_0297_lp_lin cop_0257_lp_lin cop_0262_lp_lin cop_0549_lp_lin cop_0375_lp_lin cop_0230_lp_lin cop_0870_lp_lin cop_0184_lp_lin cop_0679_lp_lin cop_0046_lp_lin cop_0362_lp_lin cop_0048_lp_lin cop_0562_lp_lin cop_0212_lp_lin cop_0056_lp_lin cop_0412_lp_lin cop_0810_lp_lin cop_0816_lp_lin cop_0657_lp_lin cop_0049_lp_lin cop_0958_lp_lin cop_0461_lp_lin cop_0391_lp_lin cop_0885_lp_lin cop_0928_lp_lin cop_0690_lp_lin cop_0263_lp_lin cop_0327_lp_lin cop_0670_lp_lin cop_0253_lp_lin cop_0300_lp_lin cop_0387_lp_lin cop_0579_lp_lin cop_0548_lp_lin cop_0942_lp_lin cop_0088_lp_lin cop_0080_lp_lin cop_0085_lp_lin cop_0013_lp_lin cop_0425_lp_lin cop_0752_lp_lin cop_0695_lp_lin cop_0130_lp_lin cop_0926_lp_lin cop_0214_lp_lin cop_0043_lp_lin cop_0632_lp_lin cop_0823_lp_lin cop_0086_lp_lin cop_0900_lp_lin cop_0379_lp_lin cop_0704_lp_lin cop_0608_lp_lin cop_0206_lp_lin cop_0308_lp_lin cop_0655_lp_lin cop_0229_lp_lin cop_0381_lp_lin cop_0065_lp_lin cop_0154_lp_lin cop_0860_lp_lin cop_0414_lp_lin cop_0572_lp_lin cop_0783_lp_lin cop_0167_lp_lin cop_0582_lp_lin cop_0907_lp_lin cop_0869_lp_lin cop_0809_lp_lin cop_0868_lp_lin cop_0393_lp_lin cop_0325_lp_lin cop_0366_lp_lin cop_0754_lp_lin cop_0584_lp_lin cop_0792_lp_lin cop_0119_lp_lin cop_0402_lp_lin cop_0115_lp_lin cop_0739_lp_lin cop_0168_lp_lin cop_0332_lp_lin cop_0511_lp_lin cop_0528_lp_lin cop_0603_lp_lin cop_0700_lp_lin cop_0096_lp_lin cop_0830_lp_lin cop_0932_lp_lin cop_0656_lp_lin cop_0098_lp_lin cop_0718_lp_lin cop_0287_lp_lin cop_0967_lp_lin cop_0244_lp_lin cop_0270_lp_lin cop_0175_lp_lin cop_0012_lp_lin cop_0491_lp_lin cop_0095_lp_lin cop_0845_lp_lin cop_0359_lp_lin cop_0508_lp_lin cop_0535_lp_lin cop_0811_lp_lin cop_0737_lp_lin cop_0626_lp_lin cop_0787_lp_lin cop_0833_lp_lin cop_0989_lp_lin cop_0202_lp_lin cop_0732_lp_lin cop_0271_lp_lin cop_0051_lp_lin cop_0052_lp_lin cop_0454_lp_lin cop_0992_lp_lin cop_0245_lp_lin cop_0965_lp_lin cop_0669_lp_lin cop_0883_lp_lin cop_0908_lp_lin cop_0919_lp_lin cop_0487_lp_lin cop_0605_lp_lin cop_0558_lp_lin cop_0159_lp_lin cop_0997_lp_lin cop_0138_lp_lin cop_0588_lp_lin cop_0980_lp_lin cop_0123_lp_lin cop_0663_lp_lin cop_0785_lp_lin cop_0681_lp_lin cop_0089_lp_lin cop_0966_lp_lin cop_0567_lp_lin cop_0114_lp_lin cop_0745_lp_lin cop_0940_lp_lin cop_0551_lp_lin cop_0188_lp_lin cop_0025_lp_lin cop_0063_lp_lin cop_0842_lp_lin cop_0275_lp_lin cop_0304_lp_lin cop_0675_lp_lin cop_0064_lp_lin cop_0590_lp_lin cop_0813_lp_lin cop_0954_lp_lin cop_0659_lp_lin cop_0427_lp_lin cop_0178_lp_lin cop_0591_lp_lin cop_0370_lp_lin cop_0449_lp_lin cop_0746_lp_lin cop_0328_lp_lin cop_0846_lp_lin cop_0918_lp_lin cop_0158_lp_lin cop_0984_lp_lin cop_0406_lp_lin cop_0747_lp_lin cop_0522_lp_lin cop_0233_lp_lin cop_0637_lp_lin cop_0276_lp_lin cop_0612_lp_lin cop_0041_lp_lin cop_0093_lp_lin cop_0018_lp_lin cop_0709_lp_lin cop_0851_lp_lin cop_0475_lp_lin cop_0977_lp_lin cop_0602_lp_lin cop_0251_lp_lin cop_0887_lp_lin cop_0160_lp_lin cop_0484_lp_lin cop_0192_lp_lin cop_0945_lp_lin cop_0975_lp_lin cop_0607_lp_lin cop_0303_lp_lin cop_0890_lp_lin cop_0278_lp_lin cop_0059_lp_lin cop_0486_lp_lin cop_0333_lp_lin cop_0822_lp_lin cop_0990_lp_lin cop_0938_lp_lin cop_0164_lp_lin cop_0658_lp_lin cop_0216_lp_lin cop_0927_lp_lin cop_0209_lp_lin cop_0847_lp_lin cop_0929_lp_lin cop_0839_lp_lin cop_0576_lp_lin cop_0734_lp_lin cop_0949_lp_lin cop_0894_lp_lin cop_0799_lp_lin cop_0038_lp_lin cop_0873_lp_lin cop_0155_lp_lin cop_0515_lp_lin cop_0357_lp_lin cop_0981_lp_lin cop_0376_lp_lin cop_0326_lp_lin cop_0767_lp_lin cop_0532_lp_lin cop_0621_lp_lin cop_0674_lp_lin cop_0753_lp_lin cop_0662_lp_lin cop_0273_lp_lin cop_0365_lp_lin cop_0687_lp_lin cop_0699_lp_lin cop_0836_lp_lin cop_0550_lp_lin cop_0946_lp_lin cop_0055_lp_lin cop_0710_lp_lin cop_0074_lp_lin cop_0781_lp_lin cop_0223_lp_lin cop_0499_lp_lin cop_0677_lp_lin cop_0261_lp_lin cop_0468_lp_lin cop_0020_lp_lin cop_0678_lp_lin cop_0419_lp_lin cop_0614_lp_lin cop_0610_lp_lin cop_0517_lp_lin cop_0627_lp_lin cop_0456_lp_lin cop_0380_lp_lin cop_0676_lp_lin cop_0266_lp_lin cop_0714_lp_lin cop_0722_lp_lin cop_0565_lp_lin cop_0835_lp_lin cop_0808_lp_lin cop_0505_lp_lin cop_0724_lp_lin cop_0071_lp_lin cop_0363_lp_lin cop_0026_lp_lin cop_0455_lp_lin cop_0259_lp_lin cop_0630_lp_lin cop_0394_lp_lin cop_0104_lp_lin cop_0680_lp_lin cop_0344_lp_lin cop_0819_lp_lin cop_0392_lp_lin cop_0210_lp_lin cop_0521_lp_lin cop_0342_lp_lin cop_0865_lp_lin cop_0034_lp_lin cop_0430_lp_lin cop_0721_lp_lin cop_0560_lp_lin cop_0090_lp_lin cop_0788_lp_lin cop_0153_lp_lin cop_0701_lp_lin cop_0092_lp_lin cop_0744_lp_lin cop_0786_lp_lin cop_0385_lp_lin cop_0354_lp_lin cop_0291_lp_lin cop_0238_lp_lin cop_0143_lp_lin cop_0122_lp_lin cop_0132_lp_lin cop_0812_lp_lin cop_0922_lp_lin cop_0190_lp_lin cop_0934_lp_lin cop_0488_lp_lin cop_0953_lp_lin cop_0336_lp_lin cop_0837_lp_lin cop_0418_lp_lin cop_0290_lp_lin cop_0496_lp_lin cop_0279_lp_lin cop_0909_lp_lin cop_0217_lp_lin cop_0573_lp_lin cop_0920_lp_lin cop_0307_lp_lin cop_0345_lp_lin cop_0557_lp_lin cop_0583_lp_lin cop_0791_lp_lin cop_0084_lp_lin cop_0452_lp_lin cop_0421_lp_lin cop_0311_lp_lin cop_0563_lp_lin cop_0021_lp_lin cop_0404_lp_lin cop_0960_lp_lin cop_0609_lp_lin cop_0623_lp_lin cop_0360_lp_lin cop_0415_lp_lin cop_0490_lp_lin cop_0315_lp_lin cop_0197_lp_lin cop_0749_lp_lin cop_0286_lp_lin cop_0580_lp_lin cop_0976_lp_lin cop_0129_lp_lin cop_0760_lp_lin cop_0903_lp_lin cop_0470_lp_lin cop_0330_lp_lin cop_0888_lp_lin cop_0189_lp_lin cop_0716_lp_lin cop_0111_lp_lin cop_0671_lp_lin cop_0383_lp_lin cop_0599_lp_lin cop_0260_lp_lin cop_0163_lp_lin cop_0215_lp_lin cop_0804_lp_lin cop_0471_lp_lin cop_0539_lp_lin cop_0101_lp_lin cop_0083_lp_lin cop_0137_lp_lin cop_0029_lp_lin cop_0936_lp_lin cop_0060_lp_lin cop_0420_lp_lin cop_0961_lp_lin cop_0405_lp_lin cop_0222_lp_lin cop_0445_lp_lin cop_0340_lp_lin cop_0831_lp_lin cop_0568_lp_lin cop_0235_lp_lin cop_0409_lp_lin cop_0613_lp_lin cop_0895_lp_lin cop_0755_lp_lin cop_0633_lp_lin cop_0790_lp_lin cop_0042_lp_lin cop_0618_lp_lin cop_0985_lp_lin cop_0987_lp_lin cop_0113_lp_lin cop_0592_lp_lin cop_0556_lp_lin cop_0636_lp_lin cop_0322_lp_lin cop_0283_lp_lin cop_0358_lp_lin cop_0448_lp_lin cop_0856_lp_lin cop_0939_lp_lin cop_0438_lp_lin cop_0242_lp_lin cop_0818_lp_lin cop_0855_lp_lin cop_0901_lp_lin cop_0077_lp_lin cop_0761_lp_lin cop_0341_lp_lin cop_0301_lp_lin cop_0014_lp_lin cop_0015_lp_lin cop_0401_lp_lin cop_0133_lp_lin cop_0789_lp_lin cop_0193_lp_lin cop_0730_lp_lin cop_0892_lp_lin cop_0537_lp_lin cop_0651_lp_lin cop_0395_lp_lin cop_0295_lp_lin cop_0146_lp_lin cop_0546_lp_lin cop_0585_lp_lin cop_0492_lp_lin cop_0947_lp_lin cop_0495_lp_lin cop_0983_lp_lin cop_0224_lp_lin cop_0668_lp_lin cop_0910_lp_lin cop_0957_lp_lin cop_0726_lp_lin cop_0829_lp_lin cop_0611_lp_lin cop_0033_lp_lin cop_0644_lp_lin cop_0319_lp_lin cop_0800_lp_lin cop_0775_lp_lin cop_0693_lp_lin cop_0649_lp_lin cop_0416_lp_lin cop_0131_lp_lin cop_0472_lp_lin cop_0978_lp_lin cop_0915_lp_lin cop_0384_lp_lin cop_0589_lp_lin cop_0545_lp_lin cop_0616_lp_lin cop_0828_lp_lin cop_0891_lp_lin cop_0447_lp_lin cop_0069_lp_lin cop_0264_lp_lin cop_0733_lp_lin cop_0771_lp_lin cop_0524_lp_lin cop_0547_lp_lin cop_0640_lp_lin cop_0512_lp_lin cop_1000_lp_lin cop_0559_lp_lin cop_0331_lp_lin cop_0872_lp_lin cop_0204_lp_lin cop_0386_lp_lin cop_0962_lp_lin cop_0807_lp_lin cop_0195_lp_lin cop_0864_lp_lin cop_0116_lp_lin cop_0473_lp_lin cop_0493_lp_lin cop_0177_lp_lin cop_0372_lp_lin cop_0999_lp_lin cop_0053_lp_lin cop_0432_lp_lin cop_0921_lp_lin cop_0586_lp_lin cop_0339_lp_lin cop_0861_lp_lin cop_0208_lp_lin cop_0483_lp_lin cop_0198_lp_lin cop_0434_lp_lin cop_0249_lp_lin cop_0110_lp_lin cop_0933_lp_lin cop_0485_lp_lin cop_0105_lp_lin cop_0296_lp_lin cop_0433_lp_lin cop_0442_lp_lin cop_0247_lp_lin cop_0743_lp_lin cop_0451_lp_lin cop_0797_lp_lin cop_0587_lp_lin cop_0935_lp_lin cop_0682_lp_lin cop_0698_lp_lin cop_0506_lp_lin cop_0993_lp_lin cop_0973_lp_lin cop_0762_lp_lin cop_0769_lp_lin cop_0417_lp_lin cop_0507_lp_lin cop_0504_lp_lin cop_0246_lp_lin cop_0988_lp_lin cop_0073_lp_lin cop_0174_lp_lin cop_0318_lp_lin cop_0625_lp_lin cop_0045_lp_lin cop_0759_lp_lin cop_0728_lp_lin cop_0176_lp_lin cop_0688_lp_lin cop_0944_lp_lin cop_0310_lp_lin cop_0324_lp_lin cop_0858_lp_lin cop_0639_lp_lin cop_0407_lp_lin cop_0028_lp_lin cop_0952_lp_lin cop_0007_lp_lin cop_0398_lp_lin cop_0815_lp_lin cop_0258_lp_lin cop_0638_lp_lin cop_0078_lp_lin cop_0462_lp_lin cop_0272_lp_lin cop_0798_lp_lin cop_0530_lp_lin cop_0877_lp_lin cop_0309_lp_lin cop_0022_lp_lin cop_0227_lp_lin cop_0619_lp_lin cop_0305_lp_lin cop_0595_lp_lin cop_0578_lp_lin cop_0170_lp_lin cop_0601_lp_lin cop_0068_lp_lin cop_0292_lp_lin cop_0941_lp_lin cop_0617_lp_lin cop_0912_lp_lin cop_0284_lp_lin cop_0443_lp_lin cop_0250_lp_lin cop_0848_lp_lin cop_0248_lp_lin cop_0289_lp_lin cop_0916_lp_lin cop_0128_lp_lin cop_0294_lp_lin cop_0776_lp_lin cop_0893_lp_lin cop_0986_lp_lin cop_0141_lp_lin cop_0805_lp_lin cop_0441_lp_lin cop_0564_lp_lin cop_0400_lp_lin cop_0151_lp_lin cop_0645_lp_lin cop_0081_lp_lin cop_0667_lp_lin cop_0991_lp_lin cop_0075_lp_lin cop_0203_lp_lin cop_0124_lp_lin cop_0268_lp_lin cop_0620_lp_lin cop_0881_lp_lin cop_0606_lp_lin cop_0373_lp_lin cop_0541_lp_lin cop_0979_lp_lin cop_0712_lp_lin cop_0076_lp_lin cop_0498_lp_lin cop_0569_lp_lin cop_0838_lp_lin cop_0672_lp_lin cop_0439_lp_lin cop_0795_lp_lin cop_0313_lp_lin cop_0196_lp_lin cop_0543_lp_lin cop_0641_lp_lin cop_0017_lp_lin cop_0144_lp_lin cop_0218_lp_lin cop_0008_lp_lin cop_0181_lp_lin cop_0719_lp_lin cop_0713_lp_lin cop_0180_lp_lin cop_0237_lp_lin cop_0766_lp_lin cop_0352_lp_lin cop_0723_lp_lin cop_0879_lp_lin cop_0706_lp_lin cop_0234_lp_lin cop_0703_lp_lin cop_0023_lp_lin cop_0293_lp_lin cop_0857_lp_lin cop_0371_lp_lin cop_0221_lp_lin cop_0925_lp_lin cop_0882_lp_lin cop_0225_lp_lin cop_0758_lp_lin cop_0497_lp_lin cop_0476_lp_lin cop_0575_lp_lin cop_0968_lp_lin cop_0010_lp_lin cop_0866_lp_lin cop_0923_lp_lin cop_0039_lp_lin cop_0615_lp_lin cop_0930_lp_lin cop_0003_lp_lin cop_0956_lp_lin cop_0996_lp_lin cop_0955_lp_lin cop_0252_lp_lin cop_0035_lp_lin cop_0825_lp_lin cop_0314_lp_lin cop_0453_lp_lin cop_0200_lp_lin cop_0531_lp_lin cop_0108_lp_lin cop_0280_lp_lin cop_0232_lp_lin cop_0282_lp_lin cop_0571_lp_lin cop_0316_lp_lin cop_0982_lp_lin cop_0854_lp_lin cop_0951_lp_lin cop_0179_lp_lin cop_0834_lp_lin cop_0555_lp_lin cop_0463_lp_lin cop_0001_lp_lin cop_0705_lp_lin cop_0187_lp_lin cop_0959_lp_lin cop_0896_lp_lin cop_0125_lp_lin cop_0403_lp_lin cop_0995_lp_lin cop_0019_lp_lin cop_0067_lp_lin cop_0302_lp_lin cop_0474_lp_lin cop_0998_lp_lin cop_0840_lp_lin cop_0770_lp_lin cop_0729_lp_lin cop_0814_lp_lin cop_0109_lp_lin cop_0765_lp_lin cop_0898_lp_lin cop_0408_lp_lin cop_0355_lp_lin cop_0581_lp_lin cop_0889_lp_lin cop_0465_lp_lin cop_0600_lp_lin cop_0853_lp_lin cop_0062_lp_lin cop_0040_lp_lin cop_0778_lp_lin cop_0653_lp_lin cop_0277_lp_lin cop_0643_lp_lin cop_0027_lp_lin cop_0149_lp_lin cop_0288_lp_lin cop_0880_lp_lin cop_0736_lp_lin cop_0806_lp_lin cop_0793_lp_lin cop_0878_lp_lin cop_0378_lp_lin cop_0943_lp_lin cop_0817_lp_lin cop_0489_lp_lin cop_0748_lp_lin cop_0863_lp_lin cop_0692_lp_lin cop_0666_lp_lin cop_0436_lp_lin cop_0844_lp_lin cop_0731_lp_lin cop_0597_lp_lin cop_0963_lp_lin cop_0127_lp_lin cop_0886_lp_lin cop_0337_lp_lin cop_0239_lp_lin cop_0482_lp_lin cop_0646_lp_lin cop_0594_lp_lin cop_0520_lp_lin cop_0161_lp_lin cop_0006_lp_lin cop_0091_lp_lin cop_0220_lp_lin cop_0458_lp_lin cop_0312_lp_lin cop_0464_lp_lin cop_0540_lp_lin cop_0199_lp_lin cop_0561_lp_lin cop_0764_lp_lin cop_0173_lp_lin cop_0162_lp_lin cop_0553_lp_lin cop_0502_lp_lin cop_0566_lp_lin cop_0631_lp_lin cop_0306_lp_lin cop_0821_lp_lin cop_0320_lp_lin cop_0757_lp_lin cop_0750_lp_lin cop_0467_lp_lin cop_0135_lp_lin cop_0950_lp_lin cop_0727_lp_lin cop_0544_lp_lin cop_0334_lp_lin cop_0875_lp_lin cop_0735_lp_lin cop_0382_lp_lin cop_0431_lp_lin cop_0514_lp_lin cop_0377_lp_lin cop_0647_lp_lin cop_0479_lp_lin cop_0002_lp_lin cop_0364_lp_lin cop_0243_lp_lin cop_0082_lp_lin cop_0194_lp_lin cop_0061_lp_lin cop_0469_lp_lin cop_0904_lp_lin cop_0911_lp_lin cop_0763_lp_lin cop_0099_lp_lin cop_0265_lp_lin cop_0779_lp_lin cop_0529_lp_lin cop_0518_lp_lin cop_0794_lp_lin cop_0972_lp_lin cop_0236_lp_lin cop_0126_lp_lin cop_0459_lp_lin cop_0742_lp_lin cop_0827_lp_lin cop_0570_lp_lin cop_0650_lp_lin cop_0171_lp_lin cop_0267_lp_lin cop_0635_lp_lin cop_0964_lp_lin cop_0501_lp_lin cop_0513_lp_lin cop_0802_lp_lin cop_0255_lp_lin cop_0542_lp_lin cop_0780_lp_lin cop_0756_lp_lin cop_0741_lp_lin cop_0843_lp_lin cop_0707_lp_lin cop_0725_lp_lin cop_0353_lp_lin cop_0784_lp_lin cop_0937_lp_lin cop_0477_lp_lin cop_0182_lp_lin cop_0037_lp_lin cop_0867_lp_lin cop_0852_lp_lin cop_0516_lp_lin cop_0494_lp_lin cop_0460_lp_lin cop_0050_lp_lin cop_0274_lp_lin cop_0536_lp_lin cop_0087_lp_lin cop_0738_lp_lin cop_0500_lp_lin cop_0185_lp_lin cop_0032_lp_lin cop_0689_lp_lin cop_0876_lp_lin cop_0147_lp_lin cop_0183_lp_lin cop_0509_lp_lin cop_0201_lp_lin cop_0711_lp_lin cop_0066_lp_lin cop_0226_lp_lin cop_0112_lp_lin cop_0664_lp_lin cop_0481_lp_lin cop_0120_lp_lin cop_0156_lp_lin cop_0016_lp_lin cop_0150_lp_lin cop_0103_lp_lin cop_0683_lp_lin cop_0072_lp_lin cop_0097_lp_lin cop_0902_lp_lin cop_0574_lp_lin cop_0228_lp_lin cop_0207_lp_lin cop_0152_lp_lin cop_0350_lp_lin cop_0005_lp_lin cop_0118_lp_lin cop_0596_lp_lin cop_0094_lp_lin cop_0899_lp_lin cop_0169_lp_lin cop_0841_lp_lin cop_0673_lp_lin cop_0369_lp_lin cop_0368_lp_lin cop_0011_lp_lin cop_0849_lp_lin cop_0685_lp_lin cop_0577_lp_lin cop_0428_lp_lin cop_0820_lp_lin cop_0914_lp_lin cop_0871_lp_lin cop_0624_lp_lin cop_0450_lp_lin cop_0629_lp_lin cop_0396_lp_lin cop_0974_lp_lin cop_0694_lp_lin cop_0240_lp_lin cop_0604_lp_lin cop_0024_lp_lin cop_0321_lp_lin cop_0145_lp_lin cop_0348_lp_lin cop_0796_lp_lin cop_0117_lp_lin cop_0803_lp_lin cop_0057_lp_lin cop_0413_lp_lin cop_0338_lp_lin cop_0994_lp_lin cop_0422_lp_lin cop_0826_lp_lin cop_0349_lp_lin cop_0503_lp_lin cop_0254_lp_lin cop_0969_lp_lin cop_0172_lp_lin cop_0628_lp_lin cop_0525_lp_lin cop_0346_lp_lin cop_0070_lp_lin cop_0523_lp_lin cop_0030_lp_lin cop_0622_lp_lin cop_0440_lp_lin cop_0299_lp_lin cop_0424_lp_lin cop_0121_lp_lin cop_0351_lp_lin cop_0107_lp_lin cop_0782_lp_lin cop_0186_lp_lin cop_0165_lp_lin cop_0913_lp_lin cop_0774_lp_lin cop_0423_lp_lin cop_0317_lp_lin cop_0361_lp_lin cop_0884_lp_lin cop_0435_lp_lin cop_0213_lp_lin cop_0971_lp_lin cop_0696_lp_lin cop_0256_lp_lin cop_0157_lp_lin cop_0862_lp_lin cop_0480_lp_lin cop_0457_lp_lin cop_0715_lp_lin cop_0691_lp_lin cop_0390_lp_lin cop_0859_lp_lin cop_0343_lp_lin cop_0697_lp_lin cop_0684_lp_lin cop_0642_lp_lin cop_0231_lp_lin cop_0720_lp_lin cop_0466_lp_lin cop_0399_lp_lin cop_0740_lp_lin cop_0100_lp_lin cop_0102_lp_lin cop_0661_lp_lin cop_0850_lp_lin cop_0004_lp_lin cop_0777_lp_lin cop_0367_lp_lin cop_0335_lp_lin cop_0686_lp_lin cop_0136_lp_lin cop_0948_lp_lin cop_0134_lp_lin cop_0054_lp_lin cop_0397_lp_lin cop_0874_lp_lin cop_0527_lp_lin cop_0269_lp_lin cop_0897_lp_lin cop_0660_lp_lin cop_0552_lp_lin cop_0285_lp_lin cop_0044_lp_lin cop_0634_lp_lin cop_0374_lp_lin cop_0526_lp_lin cop_0598_lp_lin cop_0281_lp_lin cop_0801_lp_lin cop_0772_lp_lin cop_0665_lp_lin cop_0031_lp_lin cop_0773_lp_lin cop_0106_lp_lin cop_0538_lp_lin cop_0426_lp_lin cop_0036_lp_lin cop_0047_lp_lin cop_0478_lp_lin cop_0906_lp_lin cop_0824_lp_lin cop_0205_lp_lin cop_0429_lp_lin cop_0654_lp_lin cop_0554_lp_lin cop_0166_lp_lin cop_0347_lp_lin cop_0444_lp_lin cop_0079_lp_lin cop_0298_lp_lin cop_0241_lp_lin cop_0751_lp_lin cop_0510_lp_lin cop_0970_lp_lin cop_0593_lp_lin cop_0139_lp_lin cop_0931_lp_lin cop_0917_lp_lin cop_0211_lp_lin cop_0533_lp_lin cop_0832_lp_lin cop_0142_lp_lin cop_0708_lp_lin cop_0148_lp_lin cop_0652_lp_lin cop_0437_lp_lin cop_0356_lp_lin cop_0905_lp_lin cop_0717_lp_lin cop_0519_lp_lin cop_0410_lp_lin cop_0702_lp_lin cop_0534_lp_lin
  set decided by an accepted test: no, every test rejected down to one model (last p = 0.000 against alpha = 0.050)
