MCS_TR against MCS_TMAX on montecarlo/out/score_loss.csv
1000 configurations, 999 replicates each
shared: alpha = 0.050, 10000 resamples, block length 1, bootstrap variance, seed 123, stream 0

Both statistics are scored on the same resamples, drawn once and reused in every round.

statistic  set size  decided by an accepted test  deciding round  last p-value  seconds
MCS_TR            1                           no               0        0.0000     10.8
MCS_TMAX          1                           no               0        0.0000      7.8

sets
  in both sets 1, only in MCS_TR's 0, only in MCS_TMAX's 0
  largest difference between the two MCS p-values of one configuration 0.0005

elimination rounds, the configuration left at the end counted as round 1000
  Spearman rank correlation between the two orders 0.9053
  absolute difference in round: median 69, 90th percentile 210, largest 507

the 10 configurations MCS_TR eliminated last, with where MCS_TMAX put them
  configuration  mean loss  MCS_TR round  MCS_TR p  MCS_TMAX round  MCS_TMAX p
  cop_0429_qvarma_p1q1r2  56095390.96423  1000  1.0000  1000  1.0000
  cop_0031_qvarma_p1q1r2  85019724.01146  999  0.0000  999  0.0005
  cop_0191_qvarma_p1q1r2  99222745.71466  998  0.0000  997  0.0005
  cop_0281_qvarma_p1q1r2  92773967.41776  997  0.0000  998  0.0005
  cop_0106_qvarma_p1q1r2  96672455.07574  996  0.0000  996  0.0005
  cop_0142_qvarma_p1q1r2  106909662.56801  995  0.0000  991  0.0005
  cop_0139_qvarma_p1q1r2  101443339.52830  994  0.0000  995  0.0005
  cop_0047_qvarma_p1q1r2  102148276.02737  993  0.0000  994  0.0005
  cop_0390_qvarma_p1q1r2  138360365.25061  992  0.0000  984  0.0000
  cop_0689_qvarma_p1q1r2  102967193.31254  991  0.0000  992  0.0005


  sample    999 observations, 1000 models
  statistic TR, every pairwise contrast
  test      alpha = 0.050, 10000 moving-block resamples of 1 observations
  variance  bootstrap variance of the resampled mean
  stream    seed 123, stream 0

MCS over t-QVARMA (driftless) score quadratic form at the benchmark estimate, p1q1r2, MCS_TR statistic
  model                     mean loss      MCS p  round  in set
  cop_0001_qvarma_p1q1r2 230458677.19473      0.000    857  
  cop_0002_qvarma_p1q1r2 2355528642.05527      0.000    425  
  cop_0003_qvarma_p1q1r2 1526366072.41403      0.000     74  
  cop_0004_qvarma_p1q1r2 375077136.10387      0.000    917  
  cop_0005_qvarma_p1q1r2 551196890.95389      0.000    820  
  cop_0006_qvarma_p1q1r2 629787499.68137      0.000    759  
  cop_0007_qvarma_p1q1r2 999357230.34637      0.000    206  
  cop_0008_qvarma_p1q1r2 606985134.43109      0.000    761  
  cop_0009_qvarma_p1q1r2 550813466.53205      0.000    653  
  cop_0010_qvarma_p1q1r2 2070734353.97874      0.000    118  
  cop_0011_qvarma_p1q1r2 182471969.40931      0.000    905  
  cop_0012_qvarma_p1q1r2 1521916673.39434      0.000    202  
  cop_0013_qvarma_p1q1r2 869660718.65106      0.000    654  
  cop_0014_qvarma_p1q1r2 482635553.92172      0.000    663  
  cop_0015_qvarma_p1q1r2 817923133.72274      0.000    276  
  cop_0016_qvarma_p1q1r2 449662220.77981      0.000    790  
  cop_0017_qvarma_p1q1r2 1374155173.14664      0.000    381  
  cop_0018_qvarma_p1q1r2 1112637782.91008      0.000    212  
  cop_0019_qvarma_p1q1r2 984820839.51375      0.000    257  
  cop_0020_qvarma_p1q1r2 1158363420.28275      0.000    117  
  cop_0021_qvarma_p1q1r2 1626967667.76887      0.000    140  
  cop_0022_qvarma_p1q1r2 428973488.53684      0.000    630  
  cop_0023_qvarma_p1q1r2 721649669.04236      0.000    744  
  cop_0024_qvarma_p1q1r2 500346854.92577      0.000    697  
  cop_0025_qvarma_p1q1r2 518509519.22263      0.000    658  
  cop_0026_qvarma_p1q1r2 1533278590.63820      0.000    343  
  cop_0027_qvarma_p1q1r2 545100974.77699      0.000    513  
  cop_0028_qvarma_p1q1r2 1438094356.66003      0.000    108  
  cop_0029_qvarma_p1q1r2 1664614843.33129      0.000     18  
  cop_0030_qvarma_p1q1r2 312729065.56481      0.000    873  
  cop_0031_qvarma_p1q1r2 85019724.01146      0.000    999  
  cop_0032_qvarma_p1q1r2 304795358.06710      0.000    738  
  cop_0033_qvarma_p1q1r2 1177037259.12937      0.000    122  
  cop_0034_qvarma_p1q1r2 1002382153.80880      0.000    204  
  cop_0035_qvarma_p1q1r2 612274533.76998      0.000    493  
  cop_0036_qvarma_p1q1r2 503561766.06433      0.000    814  
  cop_0037_qvarma_p1q1r2 556811213.92950      0.000    690  
  cop_0038_qvarma_p1q1r2 831738232.37458      0.000    252  
  cop_0039_qvarma_p1q1r2 985076458.02162      0.000    524  
  cop_0040_qvarma_p1q1r2 552900195.31668      0.000    475  
  cop_0041_qvarma_p1q1r2 613592841.29126      0.000    510  
  cop_0042_qvarma_p1q1r2 861263669.76487      0.000    325  
  cop_0043_qvarma_p1q1r2 1184164913.35020      0.000    336  
  cop_0044_qvarma_p1q1r2 813618322.46434      0.000    517  
  cop_0045_qvarma_p1q1r2 1364813760.66260      0.000    258  
  cop_0046_qvarma_p1q1r2 1189447666.64820      0.000    301  
  cop_0047_qvarma_p1q1r2 102148276.02737      0.000    993  
  cop_0048_qvarma_p1q1r2 781268771.09982      0.000    291  
  cop_0049_qvarma_p1q1r2 701673585.65156      0.000    268  
  cop_0050_qvarma_p1q1r2 262339357.20724      0.000    847  
  cop_0051_qvarma_p1q1r2 1707921955.97010      0.000    109  
  cop_0052_qvarma_p1q1r2 1996785777.56586      0.000      8  
  cop_0053_qvarma_p1q1r2 508326108.07525      0.000    708  
  cop_0054_qvarma_p1q1r2 1371374086.14723      0.000    679  
  cop_0055_qvarma_p1q1r2 1038793853.57567      0.000     56  
  cop_0056_qvarma_p1q1r2 689368239.78184      0.000    384  
  cop_0057_qvarma_p1q1r2 264498420.69328      0.000    841  
  cop_0058_qvarma_p1q1r2 527987724.27300      0.000    684  
  cop_0059_qvarma_p1q1r2 541330074.10178      0.000    594  
  cop_0060_qvarma_p1q1r2 490319740.80527      0.000    546  
  cop_0061_qvarma_p1q1r2 541136722.36369      0.000    566  
  cop_0062_qvarma_p1q1r2 1774845664.42505      0.000    288  
  cop_0063_qvarma_p1q1r2 1762560616.66501      0.000     33  
  cop_0064_qvarma_p1q1r2 805223893.33646      0.000    533  
  cop_0065_qvarma_p1q1r2 909994181.79021      0.000    431  
  cop_0066_qvarma_p1q1r2 368447053.66052      0.000    683  
  cop_0067_qvarma_p1q1r2 872341865.21074      0.000    751  
  cop_0068_qvarma_p1q1r2 645423652.22572      0.000    399  
  cop_0069_qvarma_p1q1r2 452116332.71593      0.000    644  
  cop_0070_qvarma_p1q1r2 220318585.54980      0.000    845  
  cop_0071_qvarma_p1q1r2 950012212.15504      0.000    373  
  cop_0072_qvarma_p1q1r2 474744042.54459      0.000    794  
  cop_0073_qvarma_p1q1r2 459143025.82993      0.000    511  
  cop_0074_qvarma_p1q1r2 1040412494.62583      0.000    372  
  cop_0075_qvarma_p1q1r2 830658632.93899      0.000    392  
  cop_0076_qvarma_p1q1r2 430533363.50139      0.000    781  
  cop_0077_qvarma_p1q1r2 895040533.86938      0.000    362  
  cop_0078_qvarma_p1q1r2 695069797.37771      0.000    522  
  cop_0079_qvarma_p1q1r2 1166292348.57429      0.000    930  
  cop_0080_qvarma_p1q1r2 498373315.57526      0.000    465  
  cop_0081_qvarma_p1q1r2 1118291048.08621      0.000    229  
  cop_0082_qvarma_p1q1r2 891672187.93662      0.000    860  
  cop_0083_qvarma_p1q1r2 1318254353.21836      0.000    601  
  cop_0084_qvarma_p1q1r2 1158155191.91052      0.000    113  
  cop_0085_qvarma_p1q1r2 1162636412.31002      0.000    507  
  cop_0086_qvarma_p1q1r2 1561087651.19918      0.000     14  
  cop_0087_qvarma_p1q1r2 276113483.81286      0.000    892  
  cop_0088_qvarma_p1q1r2 752778204.37290      0.000    260  
  cop_0089_qvarma_p1q1r2 2953796327.19984      0.000     25  
  cop_0090_qvarma_p1q1r2 650429730.70348      0.000    616  
  cop_0091_qvarma_p1q1r2 504590414.11428      0.000    516  
  cop_0092_qvarma_p1q1r2 865585821.72829      0.000    350  
  cop_0093_qvarma_p1q1r2 1374831613.41356      0.000    400  
  cop_0094_qvarma_p1q1r2 313149429.26456      0.000    823  
  cop_0095_qvarma_p1q1r2 1365635492.08548      0.000     45  
  cop_0096_qvarma_p1q1r2 1822572365.92306      0.000     40  
  cop_0097_qvarma_p1q1r2 150986936.61775      0.000    968  
  cop_0098_qvarma_p1q1r2 1001842583.94428      0.000    505  
  cop_0099_qvarma_p1q1r2 1166405186.58064      0.000    110  
  cop_0100_qvarma_p1q1r2 544752893.45618      0.000    835  
  cop_0101_qvarma_p1q1r2 989579055.81559      0.000    583  
  cop_0102_qvarma_p1q1r2 234170559.42508      0.000    943  
  cop_0103_qvarma_p1q1r2 127186221.37390      0.000    977  
  cop_0104_qvarma_p1q1r2 2179033734.19512      0.000     11  
  cop_0105_qvarma_p1q1r2 2628109062.01767      0.000    559  
  cop_0106_qvarma_p1q1r2 96672455.07574      0.000    996  
  cop_0107_qvarma_p1q1r2 1430692581.85123      0.000    456  
  cop_0108_qvarma_p1q1r2 3083196506.54433      0.000    407  
  cop_0109_qvarma_p1q1r2 587469212.98754      0.000    454  
  cop_0110_qvarma_p1q1r2 474596774.14918      0.000    502  
  cop_0111_qvarma_p1q1r2 1707250116.69135      0.000    569  
  cop_0112_qvarma_p1q1r2 289796639.98305      0.000    880  
  cop_0113_qvarma_p1q1r2 879795524.19335      0.000    243  
  cop_0114_qvarma_p1q1r2 1659631156.16133      0.000     16  
  cop_0115_qvarma_p1q1r2 938938932.48228      0.000    166  
  cop_0116_qvarma_p1q1r2 760867133.34070      0.000    312  
  cop_0117_qvarma_p1q1r2 200130394.28222      0.000    919  
  cop_0118_qvarma_p1q1r2 238687443.42762      0.000    914  
  cop_0119_qvarma_p1q1r2 1771867610.60468      0.000     48  
  cop_0120_qvarma_p1q1r2 116753443.66971      0.000    975  
  cop_0121_qvarma_p1q1r2 182100375.99101      0.000    931  
  cop_0122_qvarma_p1q1r2 1461318902.49650      0.000    141  
  cop_0123_qvarma_p1q1r2 1185507279.56438      0.000    145  
  cop_0124_qvarma_p1q1r2 762804419.70286      0.000    413  
  cop_0125_qvarma_p1q1r2 904946538.64251      0.000    659  
  cop_0126_qvarma_p1q1r2 954283153.31198      0.000    725  
  cop_0127_qvarma_p1q1r2 601815023.50815      0.000    735  
  cop_0128_qvarma_p1q1r2 552679608.77410      0.000    409  
  cop_0129_qvarma_p1q1r2 1478163425.49447      0.000     94  
  cop_0130_qvarma_p1q1r2 784208150.91380      0.000    329  
  cop_0131_qvarma_p1q1r2 2059856991.99821      0.000    226  
  cop_0132_qvarma_p1q1r2 1064137765.65158      0.000    285  
  cop_0133_qvarma_p1q1r2 1169408282.49507      0.000    254  
  cop_0134_qvarma_p1q1r2 182698138.06024      0.000    929  
  cop_0135_qvarma_p1q1r2 1175053856.54895      0.000    303  
  cop_0136_qvarma_p1q1r2 512786865.53331      0.000    803  
  cop_0137_qvarma_p1q1r2 764525659.62866      0.000    498  
  cop_0138_qvarma_p1q1r2 1127527454.40822      0.000    187  
  cop_0139_qvarma_p1q1r2 101443339.52830      0.000    994  
  cop_0140_qvarma_p1q1r2 877257579.34434      0.000    158  
  cop_0141_qvarma_p1q1r2 508097106.45363      0.000    660  
  cop_0142_qvarma_p1q1r2 106909662.56801      0.000    995  
  cop_0143_qvarma_p1q1r2 510325234.17585      0.000    686  
  cop_0144_qvarma_p1q1r2 844184519.14706      0.000    577  
  cop_0145_qvarma_p1q1r2 440435254.23692      0.000    909  
  cop_0146_qvarma_p1q1r2 664405176.20269      0.000    353  
  cop_0147_qvarma_p1q1r2 776482894.15958      0.000    555  
  cop_0148_qvarma_p1q1r2 408842834.38560      0.000    951  
  cop_0149_qvarma_p1q1r2 4033822633.56659      0.000    150  
  cop_0150_qvarma_p1q1r2 414913708.75538      0.000    903  
  cop_0151_qvarma_p1q1r2 1605097004.18623      0.000    123  
  cop_0152_qvarma_p1q1r2 437336513.67934      0.000    821  
  cop_0153_qvarma_p1q1r2 958942045.56036      0.000    162  
  cop_0154_qvarma_p1q1r2 1506832731.73013      0.000    169  
  cop_0155_qvarma_p1q1r2 851443526.58480      0.000    280  
  cop_0156_qvarma_p1q1r2 174427811.35138      0.000    893  
  cop_0157_qvarma_p1q1r2 381545384.98472      0.000    878  
  cop_0158_qvarma_p1q1r2 2102577411.39185      0.000     60  
  cop_0159_qvarma_p1q1r2 764139770.99248      0.000    144  
  cop_0160_qvarma_p1q1r2 995886474.71930      0.000    153  
  cop_0161_qvarma_p1q1r2 1238264796.20939      0.000    410  
  cop_0162_qvarma_p1q1r2 788878439.26203      0.000    756  
  cop_0163_qvarma_p1q1r2 1444920591.29018      0.000     57  
  cop_0164_qvarma_p1q1r2 1010890749.18417      0.000    225  
  cop_0165_qvarma_p1q1r2 367711876.59565      0.000    673  
  cop_0166_qvarma_p1q1r2 220507471.20145      0.000    953  
  cop_0167_qvarma_p1q1r2 1062688528.55363      0.000    192  
  cop_0168_qvarma_p1q1r2 467601152.45752      0.000    635  
  cop_0169_qvarma_p1q1r2 602306196.40027      0.000    778  
  cop_0170_qvarma_p1q1r2 1688680920.16596      0.000    270  
  cop_0171_qvarma_p1q1r2 555127973.41986      0.000    816  
  cop_0172_qvarma_p1q1r2 376898119.31830      0.000    655  
  cop_0173_qvarma_p1q1r2 986151469.45774      0.000    693  
  cop_0174_qvarma_p1q1r2 569254116.98945      0.000    554  
  cop_0175_qvarma_p1q1r2 709894164.24919      0.000    307  
  cop_0176_qvarma_p1q1r2 883088329.88514      0.000    474  
  cop_0177_qvarma_p1q1r2 1156519086.04023      0.000    677  
  cop_0178_qvarma_p1q1r2 942254657.32414      0.000    191  
  cop_0179_qvarma_p1q1r2 1144513021.71816      0.000    354  
  cop_0180_qvarma_p1q1r2 1024750439.59602      0.000    246  
  cop_0181_qvarma_p1q1r2 1350106634.69683      0.000     92  
  cop_0182_qvarma_p1q1r2 2148898140.69901      0.000    231  
  cop_0183_qvarma_p1q1r2 479339648.40334      0.000    606  
  cop_0184_qvarma_p1q1r2 1071901192.06765      0.000    310  
  cop_0185_qvarma_p1q1r2 474997548.58450      0.000    828  
  cop_0186_qvarma_p1q1r2 255621558.27496      0.000    941  
  cop_0187_qvarma_p1q1r2 450519575.45687      0.000    732  
  cop_0188_qvarma_p1q1r2 1730936716.21070      0.000    183  
  cop_0189_qvarma_p1q1r2 603944723.50676      0.000    638  
  cop_0190_qvarma_p1q1r2 670986945.70927      0.000    543  
  cop_0191_qvarma_p1q1r2 99222745.71466      0.000    998  
  cop_0192_qvarma_p1q1r2 771454911.62353      0.000    426  
  cop_0193_qvarma_p1q1r2 1537586280.02594      0.000    573  
  cop_0194_qvarma_p1q1r2 949783757.08028      0.000    850  
  cop_0195_qvarma_p1q1r2 923174869.54231      0.000    534  
  cop_0196_qvarma_p1q1r2 945373662.88902      0.000    293  
  cop_0197_qvarma_p1q1r2 846297408.93674      0.000    214  
  cop_0198_qvarma_p1q1r2 914657157.97051      0.000    222  
  cop_0199_qvarma_p1q1r2 1018087084.36055      0.000    669  
  cop_0200_qvarma_p1q1r2 623284412.51357      0.000    435  
  cop_0201_qvarma_p1q1r2 1493303175.42855      0.000    405  
  cop_0202_qvarma_p1q1r2 727751177.02633      0.000    287  
  cop_0203_qvarma_p1q1r2 867618229.06680      0.000    662  
  cop_0204_qvarma_p1q1r2 630981625.73534      0.000    596  
  cop_0205_qvarma_p1q1r2 150515386.61056      0.000    966  
  cop_0206_qvarma_p1q1r2 528734286.64253      0.000    672  
  cop_0207_qvarma_p1q1r2 991793327.33342      0.000    831  
  cop_0208_qvarma_p1q1r2 1510597178.50728      0.000     93  
  cop_0209_qvarma_p1q1r2 738839079.46971      0.000    544  
  cop_0210_qvarma_p1q1r2 479137990.00011      0.000    589  
  cop_0211_qvarma_p1q1r2 183645263.54291      0.000    965  
  cop_0212_qvarma_p1q1r2 859646669.91659      0.000    277  
  cop_0213_qvarma_p1q1r2 567699662.64895      0.000    886  
  cop_0214_qvarma_p1q1r2 1258021040.21451      0.000     38  
  cop_0215_qvarma_p1q1r2 299257943.41296      0.000    825  
  cop_0216_qvarma_p1q1r2 2316977222.09581      0.000     82  
  cop_0217_qvarma_p1q1r2 1426915187.90590      0.000    316  
  cop_0218_qvarma_p1q1r2 988510180.62879      0.000    247  
  cop_0219_qvarma_p1q1r2 740822540.14898      0.000    526  
  cop_0220_qvarma_p1q1r2 758742289.92066      0.000    701  
  cop_0221_qvarma_p1q1r2 1992307617.51136      0.000    174  
  cop_0222_qvarma_p1q1r2 1332524507.64076      0.000    548  
  cop_0223_qvarma_p1q1r2 1026670896.46794      0.000    500  
  cop_0224_qvarma_p1q1r2 710260062.09466      0.000    424  
  cop_0225_qvarma_p1q1r2 230251007.04979      0.000    897  
  cop_0226_qvarma_p1q1r2 245671461.56198      0.000    896  
  cop_0227_qvarma_p1q1r2 1003876092.23608      0.000    739  
  cop_0228_qvarma_p1q1r2 653665013.34647      0.000    881  
  cop_0229_qvarma_p1q1r2 633580123.52298      0.000    389  
  cop_0230_qvarma_p1q1r2 2889176268.08914      0.000      3  
  cop_0231_qvarma_p1q1r2 191323535.23463      0.000    922  
  cop_0232_qvarma_p1q1r2 363770339.87239      0.000    788  
  cop_0233_qvarma_p1q1r2 697902113.44793      0.000    540  
  cop_0234_qvarma_p1q1r2 3372096521.07979      0.000     52  
  cop_0235_qvarma_p1q1r2 1271272308.46772      0.000    495  
  cop_0236_qvarma_p1q1r2 730552741.13806      0.000    736  
  cop_0237_qvarma_p1q1r2 276167648.20238      0.000    849  
  cop_0238_qvarma_p1q1r2 401926246.54418      0.000    628  
  cop_0239_qvarma_p1q1r2 214512822.55325      0.000    902  
  cop_0240_qvarma_p1q1r2 554517993.71810      0.000    676  
  cop_0241_qvarma_p1q1r2 270936852.21745      0.000    920  
  cop_0242_qvarma_p1q1r2 1111144963.71407      0.000    323  
  cop_0243_qvarma_p1q1r2 494379549.60870      0.000    869  
  cop_0244_qvarma_p1q1r2 1489672217.09747      0.000    125  
  cop_0245_qvarma_p1q1r2 810275631.60495      0.000    156  
  cop_0246_qvarma_p1q1r2 1353226720.25800      0.000    111  
  cop_0247_qvarma_p1q1r2 1267555495.95664      0.000    512  
  cop_0248_qvarma_p1q1r2 551797750.37294      0.000    694  
  cop_0249_qvarma_p1q1r2 402972378.98259      0.000    657  
  cop_0250_qvarma_p1q1r2 936921119.21521      0.000    348  
  cop_0251_qvarma_p1q1r2 1403325243.50180      0.000    358  
  cop_0252_qvarma_p1q1r2 1145076347.87717      0.000    227  
  cop_0253_qvarma_p1q1r2 952573774.82406      0.000    171  
  cop_0254_qvarma_p1q1r2 194390912.74733      0.000    970  
  cop_0255_qvarma_p1q1r2 1200870899.75202      0.000    715  
  cop_0256_qvarma_p1q1r2 563214974.36059      0.000    921  
  cop_0257_qvarma_p1q1r2 623136570.11760      0.000    292  
  cop_0258_qvarma_p1q1r2 500200849.74341      0.000    642  
  cop_0259_qvarma_p1q1r2 652560119.00946      0.000    587  
  cop_0260_qvarma_p1q1r2 2115301642.16162      0.000     53  
  cop_0261_qvarma_p1q1r2 530613393.88831      0.000    709  
  cop_0262_qvarma_p1q1r2 791526103.57350      0.000    439  
  cop_0263_qvarma_p1q1r2 1334340119.79572      0.000    317  
  cop_0264_qvarma_p1q1r2 601281095.23879      0.000    477  
  cop_0265_qvarma_p1q1r2 767853006.07625      0.000    598  
  cop_0266_qvarma_p1q1r2 1962612534.89552      0.000     68  
  cop_0267_qvarma_p1q1r2 445289597.06305      0.000    609  
  cop_0268_qvarma_p1q1r2 374142083.83756      0.000    728  
  cop_0269_qvarma_p1q1r2 561395963.25252      0.000    932  
  cop_0270_qvarma_p1q1r2 1401219379.74976      0.000    646  
  cop_0271_qvarma_p1q1r2 899159930.51408      0.000    318  
  cop_0272_qvarma_p1q1r2 1096231847.91108      0.000    633  
  cop_0273_qvarma_p1q1r2 609392901.64291      0.000    503  
  cop_0274_qvarma_p1q1r2 541932485.47186      0.000    625  
  cop_0275_qvarma_p1q1r2 527474060.65492      0.000    506  
  cop_0276_qvarma_p1q1r2 1066354639.37180      0.000    396  
  cop_0277_qvarma_p1q1r2 1609713179.23768      0.000    443  
  cop_0278_qvarma_p1q1r2 847520724.56976      0.000    331  
  cop_0279_qvarma_p1q1r2 981379155.66089      0.000    161  
  cop_0280_qvarma_p1q1r2 840827937.33586      0.000    269  
  cop_0281_qvarma_p1q1r2 92773967.41776      0.000    997  
  cop_0282_qvarma_p1q1r2 299046700.59499      0.000    799  
  cop_0283_qvarma_p1q1r2 755002464.36044      0.000    279  
  cop_0284_qvarma_p1q1r2 1242651145.94862      0.000    550  
  cop_0285_qvarma_p1q1r2 127125424.82298      0.000    962  
  cop_0286_qvarma_p1q1r2 1164696872.96476      0.000    173  
  cop_0287_qvarma_p1q1r2 937670457.01953      0.000    179  
  cop_0288_qvarma_p1q1r2 539221170.35042      0.000    599  
  cop_0289_qvarma_p1q1r2 2739719010.67457      0.000    305  
  cop_0290_qvarma_p1q1r2 1060516162.52028      0.000    126  
  cop_0291_qvarma_p1q1r2 1666828813.65125      0.000     63  
  cop_0292_qvarma_p1q1r2 1398543892.71627      0.000    210  
  cop_0293_qvarma_p1q1r2 323447516.87991      0.000    871  
  cop_0294_qvarma_p1q1r2 350326923.11592      0.000    830  
  cop_0295_qvarma_p1q1r2 2782929505.06713      0.000     13  
  cop_0296_qvarma_p1q1r2 979900830.06662      0.000    218  
  cop_0297_qvarma_p1q1r2 760577059.21191      0.000    388  
  cop_0298_qvarma_p1q1r2 110083376.29075      0.000    986  
  cop_0299_qvarma_p1q1r2 1041030397.61259      0.000    286  
  cop_0300_qvarma_p1q1r2 1230604109.48087      0.000     65  
  cop_0301_qvarma_p1q1r2 739211154.58143      0.000    335  
  cop_0302_qvarma_p1q1r2 523166512.85121      0.000    593  
  cop_0303_qvarma_p1q1r2 521652717.13284      0.000    527  
  cop_0304_qvarma_p1q1r2 471751625.01999      0.000    716  
  cop_0305_qvarma_p1q1r2 2914716797.42859      0.000     95  
  cop_0306_qvarma_p1q1r2 840330661.76110      0.000    807  
  cop_0307_qvarma_p1q1r2 439450241.57889      0.000    734  
  cop_0308_qvarma_p1q1r2 809192164.29048      0.000    230  
  cop_0309_qvarma_p1q1r2 769601751.25385      0.000    155  
  cop_0310_qvarma_p1q1r2 398083114.34430      0.000    713  
  cop_0311_qvarma_p1q1r2 639641697.08221      0.000    223  
  cop_0312_qvarma_p1q1r2 358214181.55268      0.000    699  
  cop_0313_qvarma_p1q1r2 1722204606.09569      0.000    127  
  cop_0314_qvarma_p1q1r2 906681756.82633      0.000    621  
  cop_0315_qvarma_p1q1r2 906760425.44720      0.000    451  
  cop_0316_qvarma_p1q1r2 854510703.97406      0.000    289  
  cop_0317_qvarma_p1q1r2 1232300607.28226      0.000    562  
  cop_0318_qvarma_p1q1r2 1128199805.17276      0.000    211  
  cop_0319_qvarma_p1q1r2 822092039.36719      0.000    359  
  cop_0320_qvarma_p1q1r2 515502076.20739      0.000    727  
  cop_0321_qvarma_p1q1r2 307471844.34255      0.000    935  
  cop_0322_qvarma_p1q1r2 1536796366.46874      0.000    181  
  cop_0323_qvarma_p1q1r2 1682677953.83131      0.000    458  
  cop_0324_qvarma_p1q1r2 2880367289.11147      0.000     27  
  cop_0325_qvarma_p1q1r2 1044957184.97591      0.000     91  
  cop_0326_qvarma_p1q1r2 2571876881.51077      0.000     73  
  cop_0327_qvarma_p1q1r2 2278835363.80386      0.000     46  
  cop_0328_qvarma_p1q1r2 1736658340.57450      0.000    159  
  cop_0329_qvarma_p1q1r2 1030723604.76758      0.000    584  
  cop_0330_qvarma_p1q1r2 751685473.51779      0.000    208  
  cop_0331_qvarma_p1q1r2 471696564.26167      0.000    549  
  cop_0332_qvarma_p1q1r2 631810372.16795      0.000    499  
  cop_0333_qvarma_p1q1r2 1619407374.85517      0.000    130  
  cop_0334_qvarma_p1q1r2 614881388.50474      0.000    787  
  cop_0335_qvarma_p1q1r2 118548334.38148      0.000    983  
  cop_0336_qvarma_p1q1r2 896598119.77259      0.000    326  
  cop_0337_qvarma_p1q1r2 569306388.18591      0.000    689  
  cop_0338_qvarma_p1q1r2 2794323679.51567      0.000    805  
  cop_0339_qvarma_p1q1r2 850421706.79768      0.000    430  
  cop_0340_qvarma_p1q1r2 1093596564.36932      0.000    193  
  cop_0341_qvarma_p1q1r2 1928411488.23902      0.000     23  
  cop_0342_qvarma_p1q1r2 628963463.00264      0.000    450  
  cop_0343_qvarma_p1q1r2 407929681.96327      0.000    936  
  cop_0344_qvarma_p1q1r2 587861767.34348      0.000    364  
  cop_0345_qvarma_p1q1r2 395929161.25958      0.000    670  
  cop_0346_qvarma_p1q1r2 295218662.49444      0.000    882  
  cop_0347_qvarma_p1q1r2 303958551.05214      0.000    855  
  cop_0348_qvarma_p1q1r2 172322860.76540      0.000    925  
  cop_0349_qvarma_p1q1r2 596270116.83079      0.000    840  
  cop_0350_qvarma_p1q1r2 165977272.52720      0.000    981  
  cop_0351_qvarma_p1q1r2 280813529.84188      0.000    829  
  cop_0352_qvarma_p1q1r2 1109458810.29744      0.000    244  
  cop_0353_qvarma_p1q1r2 357243833.73961      0.000    853  
  cop_0354_qvarma_p1q1r2 2761738809.00532      0.000      5  
  cop_0355_qvarma_p1q1r2 397564382.77993      0.000    876  
  cop_0356_qvarma_p1q1r2 959054199.15928      0.000    844  
  cop_0357_qvarma_p1q1r2 2733408737.45310      0.000    135  
  cop_0358_qvarma_p1q1r2 745552191.82410      0.000    328  
  cop_0359_qvarma_p1q1r2 835280076.42427      0.000    300  
  cop_0360_qvarma_p1q1r2 1358141125.53286      0.000    194  
  cop_0361_qvarma_p1q1r2 129749881.23724      0.000    979  
  cop_0362_qvarma_p1q1r2 1361888919.80604      0.000    186  
  cop_0363_qvarma_p1q1r2 1033695544.19785      0.000    640  
  cop_0364_qvarma_p1q1r2 339084024.37641      0.000    695  
  cop_0365_qvarma_p1q1r2 1194067349.79013      0.000     32  
  cop_0366_qvarma_p1q1r2 899551301.71857      0.000    374  
  cop_0367_qvarma_p1q1r2 325569545.02987      0.000    848  
  cop_0368_qvarma_p1q1r2 1125111399.68499      0.000    634  
  cop_0369_qvarma_p1q1r2 238195141.50079      0.000    837  
  cop_0370_qvarma_p1q1r2 839829145.13106      0.000    309  
  cop_0371_qvarma_p1q1r2 1363481819.52494      0.000    515  
  cop_0372_qvarma_p1q1r2 2202782274.72823      0.000    101  
  cop_0373_qvarma_p1q1r2 1127298613.77107      0.000    205  
  cop_0374_qvarma_p1q1r2 316262353.41206      0.000    942  
  cop_0375_qvarma_p1q1r2 1561823730.90255      0.000     70  
  cop_0376_qvarma_p1q1r2 1049187969.62783      0.000    262  
  cop_0377_qvarma_p1q1r2 445848605.51119      0.000    766  
  cop_0378_qvarma_p1q1r2 563478787.85724      0.000    639  
  cop_0379_qvarma_p1q1r2 475022186.56753      0.000    707  
  cop_0380_qvarma_p1q1r2 922977274.02456      0.000    152  
  cop_0381_qvarma_p1q1r2 1300374833.43899      0.000     61  
  cop_0382_qvarma_p1q1r2 328301730.38139      0.000    786  
  cop_0383_qvarma_p1q1r2 1664265367.32966      0.000     44  
  cop_0384_qvarma_p1q1r2 3043141210.39902      0.000     19  
  cop_0385_qvarma_p1q1r2 718774952.64383      0.000    525  
  cop_0386_qvarma_p1q1r2 1084402138.37266      0.000    308  
  cop_0387_qvarma_p1q1r2 1213378960.33332      0.000    434  
  cop_0388_qvarma_p1q1r2 551309625.69428      0.000    631  
  cop_0389_qvarma_p1q1r2 1188771982.37276      0.000    242  
  cop_0390_qvarma_p1q1r2 138360365.25061      0.000    992  
  cop_0391_qvarma_p1q1r2 1249208321.76638      0.000    360  
  cop_0392_qvarma_p1q1r2 1076325302.43972      0.000    489  
  cop_0393_qvarma_p1q1r2 920578684.48328      0.000    220  
  cop_0394_qvarma_p1q1r2 790759537.10480      0.000    681  
  cop_0395_qvarma_p1q1r2 456355352.79225      0.000    558  
  cop_0396_qvarma_p1q1r2 1339942484.02689      0.000    592  
  cop_0397_qvarma_p1q1r2 156983783.54279      0.000    949  
  cop_0398_qvarma_p1q1r2 3939643887.85799      0.000     26  
  cop_0399_qvarma_p1q1r2 528688749.32661      0.000    859  
  cop_0400_qvarma_p1q1r2 654129509.67631      0.000    385  
  cop_0401_qvarma_p1q1r2 1239165396.82098      0.000    656  
  cop_0402_qvarma_p1q1r2 415834858.84677      0.000    687  
  cop_0403_qvarma_p1q1r2 264613492.61476      0.000    866  
  cop_0404_qvarma_p1q1r2 1617216819.46534      0.000     42  
  cop_0405_qvarma_p1q1r2 1888682962.69362      0.000     50  
  cop_0406_qvarma_p1q1r2 632937917.64858      0.000    575  
  cop_0407_qvarma_p1q1r2 1867539471.41568      0.000     77  
  cop_0408_qvarma_p1q1r2 454122442.95047      0.000    613  
  cop_0409_qvarma_p1q1r2 846696640.44916      0.000    235  
  cop_0410_qvarma_p1q1r2 242956910.81065      0.000    947  
  cop_0411_qvarma_p1q1r2 912147041.56723      0.000    470  
  cop_0412_qvarma_p1q1r2 549929399.53706      0.000    395  
  cop_0413_qvarma_p1q1r2 178223315.52652      0.000    915  
  cop_0414_qvarma_p1q1r2 2001059618.06823      0.000    412  
  cop_0415_qvarma_p1q1r2 1081126897.22092      0.000     72  
  cop_0416_qvarma_p1q1r2 710350754.81070      0.000    608  
  cop_0417_qvarma_p1q1r2 281478448.56564      0.000    863  
  cop_0418_qvarma_p1q1r2 852498854.36417      0.000    299  
  cop_0419_qvarma_p1q1r2 1036175816.03658      0.000    119  
  cop_0420_qvarma_p1q1r2 994668733.40254      0.000    190  
  cop_0421_qvarma_p1q1r2 709800108.39596      0.000    664  
  cop_0422_qvarma_p1q1r2 1336562472.43387      0.000    867  
  cop_0423_qvarma_p1q1r2 245771908.43837      0.000    894  
  cop_0424_qvarma_p1q1r2 1131648429.08393      0.000    345  
  cop_0425_qvarma_p1q1r2 1331619929.80965      0.000    102  
  cop_0426_qvarma_p1q1r2 1461669241.89920      0.000    722  
  cop_0427_qvarma_p1q1r2 659506081.91802      0.000    453  
  cop_0428_qvarma_p1q1r2 446084266.84380      0.000    632  
  cop_0429_qvarma_p1q1r2 56095390.96423      1.000      -  yes
  cop_0430_qvarma_p1q1r2 366347312.05659      0.000    696  
  cop_0431_qvarma_p1q1r2 325273459.19389      0.000    910  
  cop_0432_qvarma_p1q1r2 906672329.97417      0.000    337  
  cop_0433_qvarma_p1q1r2 578242797.42224      0.000    476  
  cop_0434_qvarma_p1q1r2 2604753197.30471      0.000    103  
  cop_0435_qvarma_p1q1r2 1281034611.21338      0.000    570  
  cop_0436_qvarma_p1q1r2 500314426.66000      0.000    704  
  cop_0437_qvarma_p1q1r2 388269069.87542      0.000    832  
  cop_0438_qvarma_p1q1r2 2447265384.48436      0.000     76  
  cop_0439_qvarma_p1q1r2 448344007.48456      0.000    827  
  cop_0440_qvarma_p1q1r2 409157094.31702      0.000    950  
  cop_0441_qvarma_p1q1r2 917730205.20820      0.000    215  
  cop_0442_qvarma_p1q1r2 1094396955.48957      0.000    491  
  cop_0443_qvarma_p1q1r2 303567568.26211      0.000    809  
  cop_0444_qvarma_p1q1r2 161003180.52571      0.000    984  
  cop_0445_qvarma_p1q1r2 748864932.93952      0.000    585  
  cop_0446_qvarma_p1q1r2 1254480696.43762      0.000    198  
  cop_0447_qvarma_p1q1r2 901134651.44013      0.000    519  
  cop_0448_qvarma_p1q1r2 768520413.15809      0.000    604  
  cop_0449_qvarma_p1q1r2 595138483.87422      0.000    600  
  cop_0450_qvarma_p1q1r2 158982136.62972      0.000    961  
  cop_0451_qvarma_p1q1r2 2148228144.16163      0.000    479  
  cop_0452_qvarma_p1q1r2 729652299.47999      0.000    607  
  cop_0453_qvarma_p1q1r2 420788147.82981      0.000    651  
  cop_0454_qvarma_p1q1r2 1394085839.24614      0.000    255  
  cop_0455_qvarma_p1q1r2 806034577.42925      0.000    146  
  cop_0456_qvarma_p1q1r2 1821880279.78544      0.000    241  
  cop_0457_qvarma_p1q1r2 551650689.62721      0.000    668  
  cop_0458_qvarma_p1q1r2 786787141.24761      0.000    730  
  cop_0459_qvarma_p1q1r2 276801800.69097      0.000    854  
  cop_0460_qvarma_p1q1r2 312792992.32924      0.000    812  
  cop_0461_qvarma_p1q1r2 622314178.32780      0.000    661  
  cop_0462_qvarma_p1q1r2 336354186.89229      0.000    772  
  cop_0463_qvarma_p1q1r2 1835262072.65545      0.000    265  
  cop_0464_qvarma_p1q1r2 2051184049.77101      0.000    742  
  cop_0465_qvarma_p1q1r2 433472726.37404      0.000    746  
  cop_0466_qvarma_p1q1r2 107738464.85626      0.000    988  
  cop_0467_qvarma_p1q1r2 529398874.66107      0.000    784  
  cop_0468_qvarma_p1q1r2 1039770508.23691      0.000    567  
  cop_0469_qvarma_p1q1r2 916612917.66766      0.000    797  
  cop_0470_qvarma_p1q1r2 590048915.19316      0.000    529  
  cop_0471_qvarma_p1q1r2 1201447416.82131      0.000    581  
  cop_0472_qvarma_p1q1r2 1731308455.29606      0.000    106  
  cop_0473_qvarma_p1q1r2 678531654.16600      0.000    641  
  cop_0474_qvarma_p1q1r2 484656152.75439      0.000    521  
  cop_0475_qvarma_p1q1r2 1104267097.33195      0.000    366  
  cop_0476_qvarma_p1q1r2 327387398.31725      0.000    806  
  cop_0477_qvarma_p1q1r2 280729950.41704      0.000    833  
  cop_0478_qvarma_p1q1r2 297399194.72733      0.000    918  
  cop_0479_qvarma_p1q1r2 1486748757.39185      0.000    196  
  cop_0480_qvarma_p1q1r2 124616927.47503      0.000    987  
  cop_0481_qvarma_p1q1r2 920910537.08479      0.000    563  
  cop_0482_qvarma_p1q1r2 1150568269.19393      0.000    721  
  cop_0483_qvarma_p1q1r2 608523473.52487      0.000    720  
  cop_0484_qvarma_p1q1r2 937979956.49341      0.000    143  
  cop_0485_qvarma_p1q1r2 3309089719.52262      0.000     79  
  cop_0486_qvarma_p1q1r2 1707892827.02439      0.000     54  
  cop_0487_qvarma_p1q1r2 1536007547.62456      0.000     21  
  cop_0488_qvarma_p1q1r2 1609958444.34847      0.000     20  
  cop_0489_qvarma_p1q1r2 613512557.94641      0.000    800  
  cop_0490_qvarma_p1q1r2 1266320137.19821      0.000    131  
  cop_0491_qvarma_p1q1r2 2186854761.53641      0.000     75  
  cop_0492_qvarma_p1q1r2 2046648792.06965      0.000     30  
  cop_0493_qvarma_p1q1r2 571616662.92243      0.000    490  
  cop_0494_qvarma_p1q1r2 772628012.20871      0.000    748  
  cop_0495_qvarma_p1q1r2 783210978.38843      0.000    294  
  cop_0496_qvarma_p1q1r2 633802379.47442      0.000    422  
  cop_0497_qvarma_p1q1r2 2570236762.44165      0.000    261  
  cop_0498_qvarma_p1q1r2 1464784648.16716      0.000    496  
  cop_0499_qvarma_p1q1r2 986901231.29975      0.000    330  
  cop_0500_qvarma_p1q1r2 586291425.89797      0.000    492  
  cop_0501_qvarma_p1q1r2 226269638.50106      0.000    904  
  cop_0502_qvarma_p1q1r2 498249501.08064      0.000    485  
  cop_0503_qvarma_p1q1r2 475526992.93661      0.000    749  
  cop_0504_qvarma_p1q1r2 594912777.65774      0.000    572  
  cop_0505_qvarma_p1q1r2 444049454.73483      0.000    768  
  cop_0506_qvarma_p1q1r2 1923806482.74758      0.000     59  
  cop_0507_qvarma_p1q1r2 2465060838.86310      0.000    321  
  cop_0508_qvarma_p1q1r2 1128828776.84435      0.000    551  
  cop_0509_qvarma_p1q1r2 223848165.40096      0.000    834  
  cop_0510_qvarma_p1q1r2 101498306.48819      0.000    990  
  cop_0511_qvarma_p1q1r2 1495793023.46886      0.000     51  
  cop_0512_qvarma_p1q1r2 412310508.42219      0.000    743  
  cop_0513_qvarma_p1q1r2 1116130870.59651      0.000    368  
  cop_0514_qvarma_p1q1r2 366708919.75299      0.000    817  
  cop_0515_qvarma_p1q1r2 660769542.59080      0.000    564  
  cop_0516_qvarma_p1q1r2 532155757.34902      0.000    879  
  cop_0517_qvarma_p1q1r2 569928820.00107      0.000    478  
  cop_0518_qvarma_p1q1r2 1591836667.43253      0.000    514  
  cop_0519_qvarma_p1q1r2 162167999.10721      0.000    927  
  cop_0520_qvarma_p1q1r2 1087933828.51376      0.000    375  
  cop_0521_qvarma_p1q1r2 746360416.07616      0.000    532  
  cop_0522_qvarma_p1q1r2 862056368.80180      0.000    371  
  cop_0523_qvarma_p1q1r2 274631324.52897      0.000    890  
  cop_0524_qvarma_p1q1r2 469139096.05473      0.000    547  
  cop_0525_qvarma_p1q1r2 459982687.71058      0.000    955  
  cop_0526_qvarma_p1q1r2 1626558126.80030      0.000    885  
  cop_0527_qvarma_p1q1r2 280419431.09487      0.000    810  
  cop_0528_qvarma_p1q1r2 972621548.93033      0.000    197  
  cop_0529_qvarma_p1q1r2 352176065.15063      0.000    798  
  cop_0530_qvarma_p1q1r2 1176193582.55356      0.000    148  
  cop_0531_qvarma_p1q1r2 552505522.88397      0.000    448  
  cop_0532_qvarma_p1q1r2 974664074.97461      0.000    120  
  cop_0533_qvarma_p1q1r2 329946840.57495      0.000    956  
  cop_0534_qvarma_p1q1r2 189653213.25568      0.000    978  
  cop_0535_qvarma_p1q1r2 2351469538.23880      0.000     88  
  cop_0536_qvarma_p1q1r2 460540676.25748      0.000    838  
  cop_0537_qvarma_p1q1r2 672837083.55853      0.000    290  
  cop_0538_qvarma_p1q1r2 149641732.82000      0.000    982  
  cop_0539_qvarma_p1q1r2 1221358161.51793      0.000    221  
  cop_0540_qvarma_p1q1r2 443152495.54110      0.000    856  
  cop_0541_qvarma_p1q1r2 1263130405.39339      0.000    182  
  cop_0542_qvarma_p1q1r2 145022641.61762      0.000    954  
  cop_0543_qvarma_p1q1r2 2329059963.63699      0.000    142  
  cop_0544_qvarma_p1q1r2 2437930705.47474      0.000    523  
  cop_0545_qvarma_p1q1r2 1934469819.41196      0.000    369  
  cop_0546_qvarma_p1q1r2 453760560.88353      0.000    795  
  cop_0547_qvarma_p1q1r2 584720882.32898      0.000    520  
  cop_0548_qvarma_p1q1r2 1613998678.41399      0.000    306  
  cop_0549_qvarma_p1q1r2 4069196118.84755      0.000     64  
  cop_0550_qvarma_p1q1r2 937489348.23796      0.000    154  
  cop_0551_qvarma_p1q1r2 1236526170.24312      0.000    249  
  cop_0552_qvarma_p1q1r2 1855651936.61197      0.000    764  
  cop_0553_qvarma_p1q1r2 308806600.67528      0.000    692  
  cop_0554_qvarma_p1q1r2 148446161.95705      0.000    964  
  cop_0555_qvarma_p1q1r2 280347701.07547      0.000    843  
  cop_0556_qvarma_p1q1r2 1027595048.15407      0.000    267  
  cop_0557_qvarma_p1q1r2 1530997957.93545      0.000    177  
  cop_0558_qvarma_p1q1r2 667324552.89916      0.000    365  
  cop_0559_qvarma_p1q1r2 1563684785.63707      0.000    302  
  cop_0560_qvarma_p1q1r2 1607828200.47163      0.000    238  
  cop_0561_qvarma_p1q1r2 3903490084.54444      0.000    239  
  cop_0562_qvarma_p1q1r2 673880829.76893      0.000    484  
  cop_0563_qvarma_p1q1r2 777549053.03290      0.000    380  
  cop_0564_qvarma_p1q1r2 1287098363.28613      0.000    605  
  cop_0565_qvarma_p1q1r2 410112819.40166      0.000    711  
  cop_0566_qvarma_p1q1r2 223368219.27224      0.000    870  
  cop_0567_qvarma_p1q1r2 926616299.85848      0.000    281  
  cop_0568_qvarma_p1q1r2 624600137.54746      0.000    452  
  cop_0569_qvarma_p1q1r2 2944818893.48870      0.000    188  
  cop_0570_qvarma_p1q1r2 451035611.34316      0.000    842  
  cop_0571_qvarma_p1q1r2 1058563162.52261      0.000    666  
  cop_0572_qvarma_p1q1r2 1741360909.47035      0.000    132  
  cop_0573_qvarma_p1q1r2 996210980.64136      0.000    219  
  cop_0574_qvarma_p1q1r2 335523259.85908      0.000    907  
  cop_0575_qvarma_p1q1r2 239030529.36257      0.000    872  
  cop_0576_qvarma_p1q1r2 1033546018.64680      0.000    342  
  cop_0577_qvarma_p1q1r2 1188250743.83954      0.000    718  
  cop_0578_qvarma_p1q1r2 3698638880.35042      0.000      1  
  cop_0579_qvarma_p1q1r2 1006070561.29988      0.000    189  
  cop_0580_qvarma_p1q1r2 1595550429.39544      0.000     55  
  cop_0581_qvarma_p1q1r2 1687597182.93035      0.000    105  
  cop_0582_qvarma_p1q1r2 1289843855.36262      0.000     84  
  cop_0583_qvarma_p1q1r2 1905743646.52675      0.000      6  
  cop_0584_qvarma_p1q1r2 1098062145.17065      0.000    170  
  cop_0585_qvarma_p1q1r2 590929853.96768      0.000    416  
  cop_0586_qvarma_p1q1r2 514354312.08855      0.000    542  
  cop_0587_qvarma_p1q1r2 1664153714.94684      0.000     90  
  cop_0588_qvarma_p1q1r2 527338408.98890      0.000    401  
  cop_0589_qvarma_p1q1r2 1464093556.50574      0.000    115  
  cop_0590_qvarma_p1q1r2 587722012.58476      0.000    397  
  cop_0591_qvarma_p1q1r2 831119566.19457      0.000    263  
  cop_0592_qvarma_p1q1r2 838104257.84477      0.000    314  
  cop_0593_qvarma_p1q1r2 2714491274.16600      0.000    889  
  cop_0594_qvarma_p1q1r2 502371648.85967      0.000    442  
  cop_0595_qvarma_p1q1r2 671017317.93949      0.000    347  
  cop_0596_qvarma_p1q1r2 1079515178.29402      0.000    253  
  cop_0597_qvarma_p1q1r2 416756718.06525      0.000    765  
  cop_0598_qvarma_p1q1r2 166538704.61629      0.000    937  
  cop_0599_qvarma_p1q1r2 657269103.08456      0.000    383  
  cop_0600_qvarma_p1q1r2 405606170.91731      0.000    671  
  cop_0601_qvarma_p1q1r2 1031537406.80807      0.000    415  
  cop_0602_qvarma_p1q1r2 668617844.38462      0.000    275  
  cop_0603_qvarma_p1q1r2 596020339.12626      0.000    611  
  cop_0604_qvarma_p1q1r2 716315268.79842      0.000    649  
  cop_0605_qvarma_p1q1r2 1562150741.92470      0.000    151  
  cop_0606_qvarma_p1q1r2 1288029189.70620      0.000    403  
  cop_0607_qvarma_p1q1r2 1155763798.01243      0.000    121  
  cop_0608_qvarma_p1q1r2 476491425.26776      0.000    582  
  cop_0609_qvarma_p1q1r2 1925111357.24415      0.000     62  
  cop_0610_qvarma_p1q1r2 1745670402.14580      0.000     35  
  cop_0611_qvarma_p1q1r2 550662963.76029      0.000    418  
  cop_0612_qvarma_p1q1r2 518258842.32006      0.000    504  
  cop_0613_qvarma_p1q1r2 531336724.81424      0.000    629  
  cop_0614_qvarma_p1q1r2 1075010508.87235      0.000    160  
  cop_0615_qvarma_p1q1r2 815849529.73069      0.000    488  
  cop_0616_qvarma_p1q1r2 443390921.89729      0.000    678  
  cop_0617_qvarma_p1q1r2 808444196.63297      0.000    702  
  cop_0618_qvarma_p1q1r2 1058462773.47526      0.000    164  
  cop_0619_qvarma_p1q1r2 368244605.37528      0.000    793  
  cop_0620_qvarma_p1q1r2 418070582.99643      0.000    741  
  cop_0621_qvarma_p1q1r2 1444500306.59012      0.000    419  
  cop_0622_qvarma_p1q1r2 1458163330.33970      0.000    402  
  cop_0623_qvarma_p1q1r2 1365172132.84286      0.000    264  
  cop_0624_qvarma_p1q1r2 531411287.56571      0.000    868  
  cop_0625_qvarma_p1q1r2 1027308747.77580      0.000    688  
  cop_0626_qvarma_p1q1r2 850146581.38564      0.000    311  
  cop_0627_qvarma_p1q1r2 789600225.20410      0.000    283  
  cop_0628_qvarma_p1q1r2 457177005.68552      0.000    645  
  cop_0629_qvarma_p1q1r2 817489085.39149      0.000    433  
  cop_0630_qvarma_p1q1r2 2494006387.84551      0.000    256  
  cop_0631_qvarma_p1q1r2 2514713349.87956      0.000    461  
  cop_0632_qvarma_p1q1r2 842349254.41535      0.000    404  
  cop_0633_qvarma_p1q1r2 2699744355.58653      0.000    251  
  cop_0634_qvarma_p1q1r2 280890850.52899      0.000    802  
  cop_0635_qvarma_p1q1r2 215530044.96412      0.000    900  
  cop_0636_qvarma_p1q1r2 932010823.22361      0.000    201  
  cop_0637_qvarma_p1q1r2 2327911234.21877      0.000      2  
  cop_0638_qvarma_p1q1r2 654181508.16118      0.000    441  
  cop_0639_qvarma_p1q1r2 612455679.94856      0.000    619  
  cop_0640_qvarma_p1q1r2 701380616.59628      0.000    304  
  cop_0641_qvarma_p1q1r2 396507047.43791      0.000    731  
  cop_0642_qvarma_p1q1r2 326236933.36741      0.000    767  
  cop_0643_qvarma_p1q1r2 550878167.68814      0.000    783  
  cop_0644_qvarma_p1q1r2 439010681.82507      0.000    539  
  cop_0645_qvarma_p1q1r2 345810833.30982      0.000    792  
  cop_0646_qvarma_p1q1r2 433814576.99395      0.000    796  
  cop_0647_qvarma_p1q1r2 471580321.05652      0.000    729  
  cop_0648_qvarma_p1q1r2 2287006861.14408      0.000      7  
  cop_0649_qvarma_p1q1r2 713931096.24120      0.000    386  
  cop_0650_qvarma_p1q1r2 606419939.21298      0.000    804  
  cop_0651_qvarma_p1q1r2 1468527494.43332      0.000    282  
  cop_0652_qvarma_p1q1r2 266608953.38911      0.000    960  
  cop_0653_qvarma_p1q1r2 639575411.84591      0.000    591  
  cop_0654_qvarma_p1q1r2 1095615132.10267      0.000    913  
  cop_0655_qvarma_p1q1r2 657070615.00676      0.000    408  
  cop_0656_qvarma_p1q1r2 508857683.52649      0.000    700  
  cop_0657_qvarma_p1q1r2 1656242118.38648      0.000    393  
  cop_0658_qvarma_p1q1r2 930646693.46608      0.000    163  
  cop_0659_qvarma_p1q1r2 907632793.46765      0.000    614  
  cop_0660_qvarma_p1q1r2 124481367.62892      0.000    980  
  cop_0661_qvarma_p1q1r2 531714016.32133      0.000    822  
  cop_0662_qvarma_p1q1r2 490463965.11252      0.000    556  
  cop_0663_qvarma_p1q1r2 945406081.21793      0.000    352  
  cop_0664_qvarma_p1q1r2 171366471.36137      0.000    940  
  cop_0665_qvarma_p1q1r2 334509785.41484      0.000    916  
  cop_0666_qvarma_p1q1r2 743882245.78269      0.000    437  
  cop_0667_qvarma_p1q1r2 1348232967.35637      0.000    361  
  cop_0668_qvarma_p1q1r2 1458760296.33782      0.000    116  
  cop_0669_qvarma_p1q1r2 1211126662.66865      0.000    648  
  cop_0670_qvarma_p1q1r2 1060902073.65530      0.000    133  
  cop_0671_qvarma_p1q1r2 1197165977.51255      0.000    553  
  cop_0672_qvarma_p1q1r2 411103082.19385      0.000    819  
  cop_0673_qvarma_p1q1r2 181839659.52723      0.000    939  
  cop_0674_qvarma_p1q1r2 4656844829.65120      0.000     31  
  cop_0675_qvarma_p1q1r2 1251218483.57143      0.000    248  
  cop_0676_qvarma_p1q1r2 1230210883.08056      0.000    207  
  cop_0677_qvarma_p1q1r2 1223625961.57517      0.000     83  
  cop_0678_qvarma_p1q1r2 580924743.91730      0.000    691  
  cop_0679_qvarma_p1q1r2 1237371537.12062      0.000     39  
  cop_0680_qvarma_p1q1r2 785994760.95090      0.000    538  
  cop_0681_qvarma_p1q1r2 449341369.67713      0.000    647  
  cop_0682_qvarma_p1q1r2 426761763.68413      0.000    636  
  cop_0683_qvarma_p1q1r2 476211192.33095      0.000    912  
  cop_0684_qvarma_p1q1r2 121642864.31587      0.000    972  
  cop_0685_qvarma_p1q1r2 217641152.88223      0.000    928  
  cop_0686_qvarma_p1q1r2 560437586.51508      0.000    946  
  cop_0687_qvarma_p1q1r2 438539153.44395      0.000    665  
  cop_0688_qvarma_p1q1r2 3112354825.94337      0.000    217  
  cop_0689_qvarma_p1q1r2 102967193.31254      0.000    991  
  cop_0690_qvarma_p1q1r2 1169063540.35637      0.000    157  
  cop_0691_qvarma_p1q1r2 430782073.72711      0.000    745  
  cop_0692_qvarma_p1q1r2 2561877258.63629      0.000    440  
  cop_0693_qvarma_p1q1r2 443252074.59314      0.000    771  
  cop_0694_qvarma_p1q1r2 159382989.75297      0.000    969  
  cop_0695_qvarma_p1q1r2 1461660193.83136      0.000    167  
  cop_0696_qvarma_p1q1r2 1437001801.43011      0.000    791  
  cop_0697_qvarma_p1q1r2 494774477.62977      0.000    923  
  cop_0698_qvarma_p1q1r2 1500374872.13183      0.000    168  
  cop_0699_qvarma_p1q1r2 1129737713.29520      0.000     99  
  cop_0700_qvarma_p1q1r2 828587363.77495      0.000    482  
  cop_0701_qvarma_p1q1r2 1795047403.27059      0.000     37  
  cop_0702_qvarma_p1q1r2 102830723.84816      0.000    989  
  cop_0703_qvarma_p1q1r2 1155632311.13019      0.000    139  
  cop_0704_qvarma_p1q1r2 678287156.56916      0.000    387  
  cop_0705_qvarma_p1q1r2 2773881411.25502      0.000    104  
  cop_0706_qvarma_p1q1r2 692335290.67939      0.000    421  
  cop_0707_qvarma_p1q1r2 768843234.10574      0.000    313  
  cop_0708_qvarma_p1q1r2 234042157.63343      0.000    944  
  cop_0709_qvarma_p1q1r2 1107696899.01379      0.000    137  
  cop_0710_qvarma_p1q1r2 845968738.97364      0.000    259  
  cop_0711_qvarma_p1q1r2 413774259.35362      0.000    948  
  cop_0712_qvarma_p1q1r2 438496159.50864      0.000    667  
  cop_0713_qvarma_p1q1r2 508832928.44749      0.000    780  
  cop_0714_qvarma_p1q1r2 1108946840.09269      0.000    147  
  cop_0715_qvarma_p1q1r2 3405582281.64271      0.000    394  
  cop_0716_qvarma_p1q1r2 1127257323.92294      0.000     98  
  cop_0717_qvarma_p1q1r2 251596304.59240      0.000    895  
  cop_0718_qvarma_p1q1r2 737983649.70169      0.000    574  
  cop_0719_qvarma_p1q1r2 1175337254.19117      0.000    467  
  cop_0720_qvarma_p1q1r2 740718921.83869      0.000    698  
  cop_0721_qvarma_p1q1r2 1067729076.60443      0.000    340  
  cop_0722_qvarma_p1q1r2 820595971.91677      0.000    298  
  cop_0723_qvarma_p1q1r2 439094363.73996      0.000    588  
  cop_0724_qvarma_p1q1r2 723632643.26884      0.000    537  
  cop_0725_qvarma_p1q1r2 359395821.26005      0.000    846  
  cop_0726_qvarma_p1q1r2 549909603.41518      0.000    501  
  cop_0727_qvarma_p1q1r2 624796688.07298      0.000    494  
  cop_0728_qvarma_p1q1r2 378493940.53802      0.000    682  
  cop_0729_qvarma_p1q1r2 638995754.67393      0.000    760  
  cop_0730_qvarma_p1q1r2 703105825.64559      0.000    568  
  cop_0731_qvarma_p1q1r2 606005032.44433      0.000    541  
  cop_0732_qvarma_p1q1r2 1977762315.74583      0.000    346  
  cop_0733_qvarma_p1q1r2 858449400.68189      0.000    320  
  cop_0734_qvarma_p1q1r2 1351384326.07060      0.000     36  
  cop_0735_qvarma_p1q1r2 1517099495.80730      0.000    236  
  cop_0736_qvarma_p1q1r2 850757861.83595      0.000    712  
  cop_0737_qvarma_p1q1r2 904708023.08861      0.000    356  
  cop_0738_qvarma_p1q1r2 309807568.24762      0.000    952  
  cop_0739_qvarma_p1q1r2 565270593.81176      0.000    536  
  cop_0740_qvarma_p1q1r2 1507211052.42508      0.000    808  
  cop_0741_qvarma_p1q1r2 463806838.61462      0.000    813  
  cop_0742_qvarma_p1q1r2 969210084.03181      0.000    398  
  cop_0743_qvarma_p1q1r2 1103881960.24745      0.000     67  
  cop_0744_qvarma_p1q1r2 464754751.93489      0.000    717  
  cop_0745_qvarma_p1q1r2 400257104.08157      0.000    777  
  cop_0746_qvarma_p1q1r2 430342857.13806      0.000    685  
  cop_0747_qvarma_p1q1r2 1198983626.84197      0.000    107  
  cop_0748_qvarma_p1q1r2 741114418.00493      0.000    367  
  cop_0749_qvarma_p1q1r2 1960468253.71057      0.000    618  
  cop_0750_qvarma_p1q1r2 3122839318.36469      0.000    530  
  cop_0751_qvarma_p1q1r2 219168098.16226      0.000    963  
  cop_0752_qvarma_p1q1r2 1165027608.71135      0.000    334  
  cop_0753_qvarma_p1q1r2 1483431479.59997      0.000    469  
  cop_0754_qvarma_p1q1r2 878227057.21608      0.000    363  
  cop_0755_qvarma_p1q1r2 774872387.79153      0.000    240  
  cop_0756_qvarma_p1q1r2 997277017.19591      0.000    423  
  cop_0757_qvarma_p1q1r2 1243934918.35805      0.000    560  
  cop_0758_qvarma_p1q1r2 216719770.31109      0.000    901  
  cop_0759_qvarma_p1q1r2 1187295614.78173      0.000    213  
  cop_0760_qvarma_p1q1r2 1033010189.41861      0.000    195  
  cop_0761_qvarma_p1q1r2 898819320.36112      0.000    124  
  cop_0762_qvarma_p1q1r2 668666676.37314      0.000    327  
  cop_0763_qvarma_p1q1r2 855579363.49120      0.000    815  
  cop_0764_qvarma_p1q1r2 1295234930.78743      0.000    468  
  cop_0765_qvarma_p1q1r2 1334476015.06635      0.000    801  
  cop_0766_qvarma_p1q1r2 846302119.15944      0.000    378  
  cop_0767_qvarma_p1q1r2 473879054.90176      0.000    518  
  cop_0768_qvarma_p1q1r2 918595773.68495      0.000    332  
  cop_0769_qvarma_p1q1r2 403057416.88099      0.000    576  
  cop_0770_qvarma_p1q1r2 389449424.66878      0.000    752  
  cop_0771_qvarma_p1q1r2 1074853456.27885      0.000    333  
  cop_0772_qvarma_p1q1r2 126598756.06195      0.000    985  
  cop_0773_qvarma_p1q1r2 354778416.92762      0.000    884  
  cop_0774_qvarma_p1q1r2 1186197667.26559      0.000    557  
  cop_0775_qvarma_p1q1r2 4849936741.38951      0.000     81  
  cop_0776_qvarma_p1q1r2 2023316416.83704      0.000    224  
  cop_0777_qvarma_p1q1r2 379923653.90268      0.000    703  
  cop_0778_qvarma_p1q1r2 1006206955.84830      0.000    590  
  cop_0779_qvarma_p1q1r2 291282645.55497      0.000    858  
  cop_0780_qvarma_p1q1r2 768102453.28545      0.000    351  
  cop_0781_qvarma_p1q1r2 1003594085.77759      0.000    565  
  cop_0782_qvarma_p1q1r2 139725000.85881      0.000    976  
  cop_0783_qvarma_p1q1r2 582932556.44233      0.000    615  
  cop_0784_qvarma_p1q1r2 912589586.11633      0.000    427  
  cop_0785_qvarma_p1q1r2 631859411.63512      0.000    449  
  cop_0786_qvarma_p1q1r2 1263165738.22509      0.000    185  
  cop_0787_qvarma_p1q1r2 1033450805.16893      0.000    100  
  cop_0788_qvarma_p1q1r2 971308626.10226      0.000    250  
  cop_0789_qvarma_p1q1r2 493919986.92231      0.000    626  
  cop_0790_qvarma_p1q1r2 1569314967.72845      0.000     47  
  cop_0791_qvarma_p1q1r2 1613396736.12068      0.000    176  
  cop_0792_qvarma_p1q1r2 949572474.97655      0.000    463  
  cop_0793_qvarma_p1q1r2 813494970.08621      0.000    338  
  cop_0794_qvarma_p1q1r2 327280734.59934      0.000    891  
  cop_0795_qvarma_p1q1r2 441283940.71008      0.000    643  
  cop_0796_qvarma_p1q1r2 391482426.37256      0.000    888  
  cop_0797_qvarma_p1q1r2 1361447281.57056      0.000    165  
  cop_0798_qvarma_p1q1r2 1477187215.32448      0.000    339  
  cop_0799_qvarma_p1q1r2 398726994.37194      0.000    769  
  cop_0800_qvarma_p1q1r2 2856773231.70201      0.000    432  
  cop_0801_qvarma_p1q1r2 1609940740.14689      0.000    852  
  cop_0802_qvarma_p1q1r2 540016390.69590      0.000    839  
  cop_0803_qvarma_p1q1r2 200137193.20430      0.000    933  
  cop_0804_qvarma_p1q1r2 688872798.89998      0.000    428  
  cop_0805_qvarma_p1q1r2 364671100.65769      0.000    627  
  cop_0806_qvarma_p1q1r2 784830732.94574      0.000    545  
  cop_0807_qvarma_p1q1r2 462174205.82221      0.000    758  
  cop_0808_qvarma_p1q1r2 2698744248.59968      0.000      4  
  cop_0809_qvarma_p1q1r2 1273406540.31043      0.000    349  
  cop_0810_qvarma_p1q1r2 699176959.55911      0.000    486  
  cop_0811_qvarma_p1q1r2 1048909144.01742      0.000    136  
  cop_0812_qvarma_p1q1r2 2565898310.84084      0.000     49  
  cop_0813_qvarma_p1q1r2 2499833603.71882      0.000     85  
  cop_0814_qvarma_p1q1r2 259458086.77865      0.000    864  
  cop_0815_qvarma_p1q1r2 2312608927.59537      0.000     89  
  cop_0816_qvarma_p1q1r2 593043507.53521      0.000    355  
  cop_0817_qvarma_p1q1r2 571578835.98099      0.000    753  
  cop_0818_qvarma_p1q1r2 911786279.74904      0.000    341  
  cop_0819_qvarma_p1q1r2 1339846892.56754      0.000    455  
  cop_0820_qvarma_p1q1r2 287895583.97895      0.000    789  
  cop_0821_qvarma_p1q1r2 343366452.66446      0.000    818  
  cop_0822_qvarma_p1q1r2 488626727.78052      0.000    535  
  cop_0823_qvarma_p1q1r2 766182694.98680      0.000    459  
  cop_0824_qvarma_p1q1r2 556247052.21448      0.000    723  
  cop_0825_qvarma_p1q1r2 1101715557.48783      0.000    754  
  cop_0826_qvarma_p1q1r2 3445028595.31295      0.000    232  
  cop_0827_qvarma_p1q1r2 2286403651.28803      0.000    552  
  cop_0828_qvarma_p1q1r2 327080357.32768      0.000    724  
  cop_0829_qvarma_p1q1r2 1206788706.77379      0.000    637  
  cop_0830_qvarma_p1q1r2 467629901.64362      0.000    750  
  cop_0831_qvarma_p1q1r2 1512226435.39107      0.000    138  
  cop_0832_qvarma_p1q1r2 462189411.17140      0.000    851  
  cop_0833_qvarma_p1q1r2 874803434.85336      0.000    390  
  cop_0834_qvarma_p1q1r2 905131507.03486      0.000    296  
  cop_0835_qvarma_p1q1r2 2306402601.95817      0.000      9  
  cop_0836_qvarma_p1q1r2 604671429.04966      0.000    623  
  cop_0837_qvarma_p1q1r2 924316335.89231      0.000    237  
  cop_0838_qvarma_p1q1r2 467200171.96330      0.000    436  
  cop_0839_qvarma_p1q1r2 958669659.93905      0.000    480  
  cop_0840_qvarma_p1q1r2 444554669.98821      0.000    762  
  cop_0841_qvarma_p1q1r2 143069389.41145      0.000    974  
  cop_0842_qvarma_p1q1r2 753527720.56059      0.000    245  
  cop_0843_qvarma_p1q1r2 338398863.16995      0.000    911  
  cop_0844_qvarma_p1q1r2 165738896.65098      0.000    957  
  cop_0845_qvarma_p1q1r2 897858687.67137      0.000    199  
  cop_0846_qvarma_p1q1r2 507955296.70875      0.000    445  
  cop_0847_qvarma_p1q1r2 1599529652.25257      0.000     10  
  cop_0848_qvarma_p1q1r2 1857574272.66738      0.000    278  
  cop_0849_qvarma_p1q1r2 392549898.93406      0.000    883  
  cop_0850_qvarma_p1q1r2 353521528.16499      0.000    862  
  cop_0851_qvarma_p1q1r2 1006563882.96206      0.000    209  
  cop_0852_qvarma_p1q1r2 358531000.82572      0.000    824  
  cop_0853_qvarma_p1q1r2 1420797265.28004      0.000    315  
  cop_0854_qvarma_p1q1r2 1569581281.92844      0.000    411  
  cop_0855_qvarma_p1q1r2 1345775823.55195      0.000    284  
  cop_0856_qvarma_p1q1r2 519892850.68610      0.000    472  
  cop_0857_qvarma_p1q1r2 2361639189.16087      0.000    149  
  cop_0858_qvarma_p1q1r2 1685584301.02062      0.000    184  
  cop_0859_qvarma_p1q1r2 290993214.17634      0.000    826  
  cop_0860_qvarma_p1q1r2 987420163.44118      0.000    580  
  cop_0861_qvarma_p1q1r2 650342449.56655      0.000    457  
  cop_0862_qvarma_p1q1r2 153006323.08700      0.000    959  
  cop_0863_qvarma_p1q1r2 1703091628.92119      0.000    578  
  cop_0864_qvarma_p1q1r2 1795347963.58403      0.000     86  
  cop_0865_qvarma_p1q1r2 2233064400.40875      0.000     22  
  cop_0866_qvarma_p1q1r2 536072728.81462      0.000    509  
  cop_0867_qvarma_p1q1r2 722870672.61324      0.000    861  
  cop_0868_qvarma_p1q1r2 1250143120.33711      0.000    370  
  cop_0869_qvarma_p1q1r2 1862130637.51472      0.000    273  
  cop_0870_qvarma_p1q1r2 915336052.17161      0.000    420  
  cop_0871_qvarma_p1q1r2 598693786.07291      0.000    508  
  cop_0872_qvarma_p1q1r2 1731525981.94382      0.000    272  
  cop_0873_qvarma_p1q1r2 1722429564.65759      0.000     80  
  cop_0874_qvarma_p1q1r2 670683922.56470      0.000    898  
  cop_0875_qvarma_p1q1r2 483247739.69699      0.000    610  
  cop_0876_qvarma_p1q1r2 533674478.57145      0.000    603  
  cop_0877_qvarma_p1q1r2 794687811.32963      0.000    406  
  cop_0878_qvarma_p1q1r2 541135435.35292      0.000    836  
  cop_0879_qvarma_p1q1r2 909286748.37372      0.000    446  
  cop_0880_qvarma_p1q1r2 473102350.22746      0.000    531  
  cop_0881_qvarma_p1q1r2 2184093442.73213      0.000     28  
  cop_0882_qvarma_p1q1r2 467571624.57163      0.000    586  
  cop_0883_qvarma_p1q1r2 716574504.72960      0.000    324  
  cop_0884_qvarma_p1q1r2 180864896.94141      0.000    967  
  cop_0885_qvarma_p1q1r2 1431263915.97398      0.000    129  
  cop_0886_qvarma_p1q1r2 412147812.41925      0.000    924  
  cop_0887_qvarma_p1q1r2 3287225403.60221      0.000     17  
  cop_0888_qvarma_p1q1r2 2477516777.23509      0.000     34  
  cop_0889_qvarma_p1q1r2 624909621.53100      0.000    726  
  cop_0890_qvarma_p1q1r2 1351083439.28077      0.000     43  
  cop_0891_qvarma_p1q1r2 3783102189.83019      0.000    134  
  cop_0892_qvarma_p1q1r2 1379478633.99423      0.000    114  
  cop_0893_qvarma_p1q1r2 1302333654.89386      0.000    624  
  cop_0894_qvarma_p1q1r2 710396188.53856      0.000    271  
  cop_0895_qvarma_p1q1r2 3073484213.55038      0.000    379  
  cop_0896_qvarma_p1q1r2 584158478.36372      0.000    650  
  cop_0897_qvarma_p1q1r2 243907693.18001      0.000    926  
  cop_0898_qvarma_p1q1r2 1702651036.30740      0.000    571  
  cop_0899_qvarma_p1q1r2 457021204.09251      0.000    779  
  cop_0900_qvarma_p1q1r2 810337264.04784      0.000    447  
  cop_0901_qvarma_p1q1r2 1109633454.11532      0.000    438  
  cop_0902_qvarma_p1q1r2 2764854187.16623      0.000    652  
  cop_0903_qvarma_p1q1r2 592073081.52583      0.000    391  
  cop_0904_qvarma_p1q1r2 212582857.80772      0.000    875  
  cop_0905_qvarma_p1q1r2 3868827475.48661      0.000    874  
  cop_0906_qvarma_p1q1r2 210198650.45273      0.000    908  
  cop_0907_qvarma_p1q1r2 906548678.22629      0.000    382  
  cop_0908_qvarma_p1q1r2 443896123.18750      0.000    710  
  cop_0909_qvarma_p1q1r2 748812937.21383      0.000    295  
  cop_0910_qvarma_p1q1r2 969068873.62153      0.000    322  
  cop_0911_qvarma_p1q1r2 392374126.44502      0.000    733  
  cop_0912_qvarma_p1q1r2 295890205.41611      0.000    755  
  cop_0913_qvarma_p1q1r2 353688710.61804      0.000    938  
  cop_0914_qvarma_p1q1r2 637828821.43563      0.000    877  
  cop_0915_qvarma_p1q1r2 499281628.64706      0.000    466  
  cop_0916_qvarma_p1q1r2 422498367.06398      0.000    775  
  cop_0917_qvarma_p1q1r2 455267756.78220      0.000    774  
  cop_0918_qvarma_p1q1r2 1909314910.32300      0.000    175  
  cop_0919_qvarma_p1q1r2 473837680.61688      0.000    680  
  cop_0920_qvarma_p1q1r2 421273510.89190      0.000    776  
  cop_0921_qvarma_p1q1r2 554163695.36582      0.000    706  
  cop_0922_qvarma_p1q1r2 1219417669.69156      0.000     97  
  cop_0923_qvarma_p1q1r2 608608322.89184      0.000    579  
  cop_0924_qvarma_p1q1r2 558866917.95564      0.000    597  
  cop_0925_qvarma_p1q1r2 499171087.79563      0.000    737  
  cop_0926_qvarma_p1q1r2 963603270.46836      0.000    180  
  cop_0927_qvarma_p1q1r2 1337645256.08783      0.000     71  
  cop_0928_qvarma_p1q1r2 621256352.51660      0.000    620  
  cop_0929_qvarma_p1q1r2 419879797.40588      0.000    595  
  cop_0930_qvarma_p1q1r2 504016629.53327      0.000    773  
  cop_0931_qvarma_p1q1r2 261822097.17748      0.000    865  
  cop_0932_qvarma_p1q1r2 953822637.66052      0.000    377  
  cop_0933_qvarma_p1q1r2 372668161.52288      0.000    763  
  cop_0934_qvarma_p1q1r2 619194708.57746      0.000    675  
  cop_0935_qvarma_p1q1r2 335389386.18668      0.000    770  
  cop_0936_qvarma_p1q1r2 440307016.41594      0.000    602  
  cop_0937_qvarma_p1q1r2 602081898.23931      0.000    357  
  cop_0938_qvarma_p1q1r2 745125642.71991      0.000    319  
  cop_0939_qvarma_p1q1r2 1278399668.83323      0.000    178  
  cop_0940_qvarma_p1q1r2 488325945.05157      0.000    487  
  cop_0941_qvarma_p1q1r2 2545183272.43806      0.000    128  
  cop_0942_qvarma_p1q1r2 1511550982.47771      0.000    344  
  cop_0943_qvarma_p1q1r2 711874927.39240      0.000    460  
  cop_0944_qvarma_p1q1r2 370920733.79571      0.000    747  
  cop_0945_qvarma_p1q1r2 828940248.76694      0.000    297  
  cop_0946_qvarma_p1q1r2 522682075.88250      0.000    481  
  cop_0947_qvarma_p1q1r2 510679323.54312      0.000    757  
  cop_0948_qvarma_p1q1r2 131600120.32390      0.000    973  
  cop_0949_qvarma_p1q1r2 1436715675.06918      0.000     12  
  cop_0950_qvarma_p1q1r2 453466175.47922      0.000    887  
  cop_0951_qvarma_p1q1r2 642642224.38756      0.000    622  
  cop_0952_qvarma_p1q1r2 1384473259.45683      0.000    203  
  cop_0953_qvarma_p1q1r2 1149759037.45588      0.000     29  
  cop_0954_qvarma_p1q1r2 3203359889.18139      0.000     78  
  cop_0955_qvarma_p1q1r2 1630781961.18458      0.000     87  
  cop_0956_qvarma_p1q1r2 929635117.27297      0.000    811  
  cop_0957_qvarma_p1q1r2 860733957.71796      0.000    617  
  cop_0958_qvarma_p1q1r2 817570142.71181      0.000    528  
  cop_0959_qvarma_p1q1r2 1013388524.92008      0.000    719  
  cop_0960_qvarma_p1q1r2 1639852934.49689      0.000     69  
  cop_0961_qvarma_p1q1r2 557725509.86745      0.000    429  
  cop_0962_qvarma_p1q1r2 774167731.50694      0.000    376  
  cop_0963_qvarma_p1q1r2 529773999.58681      0.000    740  
  cop_0964_qvarma_p1q1r2 152047090.62838      0.000    958  
  cop_0965_qvarma_p1q1r2 719322239.41287      0.000    483  
  cop_0966_qvarma_p1q1r2 1262651559.34847      0.000    471  
  cop_0967_qvarma_p1q1r2 1794084781.24497      0.000     15  
  cop_0968_qvarma_p1q1r2 1945805741.38385      0.000    233  
  cop_0969_qvarma_p1q1r2 429796885.39281      0.000    945  
  cop_0970_qvarma_p1q1r2 767876328.51147      0.000    899  
  cop_0971_qvarma_p1q1r2 230067994.65366      0.000    971  
  cop_0972_qvarma_p1q1r2 3729409524.97629      0.000     96  
  cop_0973_qvarma_p1q1r2 448702786.27553      0.000    674  
  cop_0974_qvarma_p1q1r2 199234843.44862      0.000    934  
  cop_0975_qvarma_p1q1r2 950237937.41720      0.000    417  
  cop_0976_qvarma_p1q1r2 1224460538.31107      0.000    112  
  cop_0977_qvarma_p1q1r2 1311282187.78020      0.000     41  
  cop_0978_qvarma_p1q1r2 1550308667.07421      0.000    266  
  cop_0979_qvarma_p1q1r2 1175578316.72973      0.000    464  
  cop_0980_qvarma_p1q1r2 830103788.40347      0.000    234  
  cop_0981_qvarma_p1q1r2 2071342120.29139      0.000     58  
  cop_0982_qvarma_p1q1r2 535880710.49552      0.000    785  
  cop_0983_qvarma_p1q1r2 973567011.25626      0.000    612  
  cop_0984_qvarma_p1q1r2 1331414580.15844      0.000    172  
  cop_0985_qvarma_p1q1r2 1430717101.47267      0.000     66  
  cop_0986_qvarma_p1q1r2 1160608281.63456      0.000    228  
  cop_0987_qvarma_p1q1r2 948003417.78199      0.000    497  
  cop_0988_qvarma_p1q1r2 1992311112.54785      0.000    200  
  cop_0989_qvarma_p1q1r2 620916113.19166      0.000    561  
  cop_0990_qvarma_p1q1r2 662131739.98706      0.000    414  
  cop_0991_qvarma_p1q1r2 716992115.26160      0.000    462  
  cop_0992_qvarma_p1q1r2 1067959615.13913      0.000    444  
  cop_0993_qvarma_p1q1r2 421020992.26474      0.000    714  
  cop_0994_qvarma_p1q1r2 238470186.52021      0.000    906  
  cop_0995_qvarma_p1q1r2 641353161.85843      0.000    782  
  cop_0996_qvarma_p1q1r2 744058531.56893      0.000    473  
  cop_0997_qvarma_p1q1r2 838822046.86494      0.000    216  
  cop_0998_qvarma_p1q1r2 616376842.84800      0.000    705  
  cop_0999_qvarma_p1q1r2 959647710.35491      0.000    274  
  cop_1000_qvarma_p1q1r2 2257704474.99643      0.000     24  
  eliminated, worst first: cop_0578_qvarma_p1q1r2 cop_0637_qvarma_p1q1r2 cop_0230_qvarma_p1q1r2 cop_0808_qvarma_p1q1r2 cop_0354_qvarma_p1q1r2 cop_0583_qvarma_p1q1r2 cop_0648_qvarma_p1q1r2 cop_0052_qvarma_p1q1r2 cop_0835_qvarma_p1q1r2 cop_0847_qvarma_p1q1r2 cop_0104_qvarma_p1q1r2 cop_0949_qvarma_p1q1r2 cop_0295_qvarma_p1q1r2 cop_0086_qvarma_p1q1r2 cop_0967_qvarma_p1q1r2 cop_0114_qvarma_p1q1r2 cop_0887_qvarma_p1q1r2 cop_0029_qvarma_p1q1r2 cop_0384_qvarma_p1q1r2 cop_0488_qvarma_p1q1r2 cop_0487_qvarma_p1q1r2 cop_0865_qvarma_p1q1r2 cop_0341_qvarma_p1q1r2 cop_1000_qvarma_p1q1r2 cop_0089_qvarma_p1q1r2 cop_0398_qvarma_p1q1r2 cop_0324_qvarma_p1q1r2 cop_0881_qvarma_p1q1r2 cop_0953_qvarma_p1q1r2 cop_0492_qvarma_p1q1r2 cop_0674_qvarma_p1q1r2 cop_0365_qvarma_p1q1r2 cop_0063_qvarma_p1q1r2 cop_0888_qvarma_p1q1r2 cop_0610_qvarma_p1q1r2 cop_0734_qvarma_p1q1r2 cop_0701_qvarma_p1q1r2 cop_0214_qvarma_p1q1r2 cop_0679_qvarma_p1q1r2 cop_0096_qvarma_p1q1r2 cop_0977_qvarma_p1q1r2 cop_0404_qvarma_p1q1r2 cop_0890_qvarma_p1q1r2 cop_0383_qvarma_p1q1r2 cop_0095_qvarma_p1q1r2 cop_0327_qvarma_p1q1r2 cop_0790_qvarma_p1q1r2 cop_0119_qvarma_p1q1r2 cop_0812_qvarma_p1q1r2 cop_0405_qvarma_p1q1r2 cop_0511_qvarma_p1q1r2 cop_0234_qvarma_p1q1r2 cop_0260_qvarma_p1q1r2 cop_0486_qvarma_p1q1r2 cop_0580_qvarma_p1q1r2 cop_0055_qvarma_p1q1r2 cop_0163_qvarma_p1q1r2 cop_0981_qvarma_p1q1r2 cop_0506_qvarma_p1q1r2 cop_0158_qvarma_p1q1r2 cop_0381_qvarma_p1q1r2 cop_0609_qvarma_p1q1r2 cop_0291_qvarma_p1q1r2 cop_0549_qvarma_p1q1r2 cop_0300_qvarma_p1q1r2 cop_0985_qvarma_p1q1r2 cop_0743_qvarma_p1q1r2 cop_0266_qvarma_p1q1r2 cop_0960_qvarma_p1q1r2 cop_0375_qvarma_p1q1r2 cop_0927_qvarma_p1q1r2 cop_0415_qvarma_p1q1r2 cop_0326_qvarma_p1q1r2 cop_0003_qvarma_p1q1r2 cop_0491_qvarma_p1q1r2 cop_0438_qvarma_p1q1r2 cop_0407_qvarma_p1q1r2 cop_0954_qvarma_p1q1r2 cop_0485_qvarma_p1q1r2 cop_0873_qvarma_p1q1r2 cop_0775_qvarma_p1q1r2 cop_0216_qvarma_p1q1r2 cop_0677_qvarma_p1q1r2 cop_0582_qvarma_p1q1r2 cop_0813_qvarma_p1q1r2 cop_0864_qvarma_p1q1r2 cop_0955_qvarma_p1q1r2 cop_0535_qvarma_p1q1r2 cop_0815_qvarma_p1q1r2 cop_0587_qvarma_p1q1r2 cop_0325_qvarma_p1q1r2 cop_0181_qvarma_p1q1r2 cop_0208_qvarma_p1q1r2 cop_0129_qvarma_p1q1r2 cop_0305_qvarma_p1q1r2 cop_0972_qvarma_p1q1r2 cop_0922_qvarma_p1q1r2 cop_0716_qvarma_p1q1r2 cop_0699_qvarma_p1q1r2 cop_0787_qvarma_p1q1r2 cop_0372_qvarma_p1q1r2 cop_0425_qvarma_p1q1r2 cop_0434_qvarma_p1q1r2 cop_0705_qvarma_p1q1r2 cop_0581_qvarma_p1q1r2 cop_0472_qvarma_p1q1r2 cop_0747_qvarma_p1q1r2 cop_0028_qvarma_p1q1r2 cop_0051_qvarma_p1q1r2 cop_0099_qvarma_p1q1r2 cop_0246_qvarma_p1q1r2 cop_0976_qvarma_p1q1r2 cop_0084_qvarma_p1q1r2 cop_0892_qvarma_p1q1r2 cop_0589_qvarma_p1q1r2 cop_0668_qvarma_p1q1r2 cop_0020_qvarma_p1q1r2 cop_0010_qvarma_p1q1r2 cop_0419_qvarma_p1q1r2 cop_0532_qvarma_p1q1r2 cop_0607_qvarma_p1q1r2 cop_0033_qvarma_p1q1r2 cop_0151_qvarma_p1q1r2 cop_0761_qvarma_p1q1r2 cop_0244_qvarma_p1q1r2 cop_0290_qvarma_p1q1r2 cop_0313_qvarma_p1q1r2 cop_0941_qvarma_p1q1r2 cop_0885_qvarma_p1q1r2 cop_0333_qvarma_p1q1r2 cop_0490_qvarma_p1q1r2 cop_0572_qvarma_p1q1r2 cop_0670_qvarma_p1q1r2 cop_0891_qvarma_p1q1r2 cop_0357_qvarma_p1q1r2 cop_0811_qvarma_p1q1r2 cop_0709_qvarma_p1q1r2 cop_0831_qvarma_p1q1r2 cop_0703_qvarma_p1q1r2 cop_0021_qvarma_p1q1r2 cop_0122_qvarma_p1q1r2 cop_0543_qvarma_p1q1r2 cop_0484_qvarma_p1q1r2 cop_0159_qvarma_p1q1r2 cop_0123_qvarma_p1q1r2 cop_0455_qvarma_p1q1r2 cop_0714_qvarma_p1q1r2 cop_0530_qvarma_p1q1r2 cop_0857_qvarma_p1q1r2 cop_0149_qvarma_p1q1r2 cop_0605_qvarma_p1q1r2 cop_0380_qvarma_p1q1r2 cop_0160_qvarma_p1q1r2 cop_0550_qvarma_p1q1r2 cop_0309_qvarma_p1q1r2 cop_0245_qvarma_p1q1r2 cop_0690_qvarma_p1q1r2 cop_0140_qvarma_p1q1r2 cop_0328_qvarma_p1q1r2 cop_0614_qvarma_p1q1r2 cop_0279_qvarma_p1q1r2 cop_0153_qvarma_p1q1r2 cop_0658_qvarma_p1q1r2 cop_0618_qvarma_p1q1r2 cop_0797_qvarma_p1q1r2 cop_0115_qvarma_p1q1r2 cop_0695_qvarma_p1q1r2 cop_0698_qvarma_p1q1r2 cop_0154_qvarma_p1q1r2 cop_0584_qvarma_p1q1r2 cop_0253_qvarma_p1q1r2 cop_0984_qvarma_p1q1r2 cop_0286_qvarma_p1q1r2 cop_0221_qvarma_p1q1r2 cop_0918_qvarma_p1q1r2 cop_0791_qvarma_p1q1r2 cop_0557_qvarma_p1q1r2 cop_0939_qvarma_p1q1r2 cop_0287_qvarma_p1q1r2 cop_0926_qvarma_p1q1r2 cop_0322_qvarma_p1q1r2 cop_0541_qvarma_p1q1r2 cop_0188_qvarma_p1q1r2 cop_0858_qvarma_p1q1r2 cop_0786_qvarma_p1q1r2 cop_0362_qvarma_p1q1r2 cop_0138_qvarma_p1q1r2 cop_0569_qvarma_p1q1r2 cop_0579_qvarma_p1q1r2 cop_0420_qvarma_p1q1r2 cop_0178_qvarma_p1q1r2 cop_0167_qvarma_p1q1r2 cop_0340_qvarma_p1q1r2 cop_0360_qvarma_p1q1r2 cop_0760_qvarma_p1q1r2 cop_0479_qvarma_p1q1r2 cop_0528_qvarma_p1q1r2 cop_0446_qvarma_p1q1r2 cop_0845_qvarma_p1q1r2 cop_0988_qvarma_p1q1r2 cop_0636_qvarma_p1q1r2 cop_0012_qvarma_p1q1r2 cop_0952_qvarma_p1q1r2 cop_0034_qvarma_p1q1r2 cop_0373_qvarma_p1q1r2 cop_0007_qvarma_p1q1r2 cop_0676_qvarma_p1q1r2 cop_0330_qvarma_p1q1r2 cop_0851_qvarma_p1q1r2 cop_0292_qvarma_p1q1r2 cop_0318_qvarma_p1q1r2 cop_0018_qvarma_p1q1r2 cop_0759_qvarma_p1q1r2 cop_0197_qvarma_p1q1r2 cop_0441_qvarma_p1q1r2 cop_0997_qvarma_p1q1r2 cop_0688_qvarma_p1q1r2 cop_0296_qvarma_p1q1r2 cop_0573_qvarma_p1q1r2 cop_0393_qvarma_p1q1r2 cop_0539_qvarma_p1q1r2 cop_0198_qvarma_p1q1r2 cop_0311_qvarma_p1q1r2 cop_0776_qvarma_p1q1r2 cop_0164_qvarma_p1q1r2 cop_0131_qvarma_p1q1r2 cop_0252_qvarma_p1q1r2 cop_0986_qvarma_p1q1r2 cop_0081_qvarma_p1q1r2 cop_0308_qvarma_p1q1r2 cop_0182_qvarma_p1q1r2 cop_0826_qvarma_p1q1r2 cop_0968_qvarma_p1q1r2 cop_0980_qvarma_p1q1r2 cop_0409_qvarma_p1q1r2 cop_0735_qvarma_p1q1r2 cop_0837_qvarma_p1q1r2 cop_0560_qvarma_p1q1r2 cop_0561_qvarma_p1q1r2 cop_0755_qvarma_p1q1r2 cop_0456_qvarma_p1q1r2 cop_0389_qvarma_p1q1r2 cop_0113_qvarma_p1q1r2 cop_0352_qvarma_p1q1r2 cop_0842_qvarma_p1q1r2 cop_0180_qvarma_p1q1r2 cop_0218_qvarma_p1q1r2 cop_0675_qvarma_p1q1r2 cop_0551_qvarma_p1q1r2 cop_0788_qvarma_p1q1r2 cop_0633_qvarma_p1q1r2 cop_0038_qvarma_p1q1r2 cop_0596_qvarma_p1q1r2 cop_0133_qvarma_p1q1r2 cop_0454_qvarma_p1q1r2 cop_0630_qvarma_p1q1r2 cop_0019_qvarma_p1q1r2 cop_0045_qvarma_p1q1r2 cop_0710_qvarma_p1q1r2 cop_0088_qvarma_p1q1r2 cop_0497_qvarma_p1q1r2 cop_0376_qvarma_p1q1r2 cop_0591_qvarma_p1q1r2 cop_0623_qvarma_p1q1r2 cop_0463_qvarma_p1q1r2 cop_0978_qvarma_p1q1r2 cop_0556_qvarma_p1q1r2 cop_0049_qvarma_p1q1r2 cop_0280_qvarma_p1q1r2 cop_0170_qvarma_p1q1r2 cop_0894_qvarma_p1q1r2 cop_0872_qvarma_p1q1r2 cop_0869_qvarma_p1q1r2 cop_0999_qvarma_p1q1r2 cop_0602_qvarma_p1q1r2 cop_0015_qvarma_p1q1r2 cop_0212_qvarma_p1q1r2 cop_0848_qvarma_p1q1r2 cop_0283_qvarma_p1q1r2 cop_0155_qvarma_p1q1r2 cop_0567_qvarma_p1q1r2 cop_0651_qvarma_p1q1r2 cop_0627_qvarma_p1q1r2 cop_0855_qvarma_p1q1r2 cop_0132_qvarma_p1q1r2 cop_0299_qvarma_p1q1r2 cop_0202_qvarma_p1q1r2 cop_0062_qvarma_p1q1r2 cop_0316_qvarma_p1q1r2 cop_0537_qvarma_p1q1r2 cop_0048_qvarma_p1q1r2 cop_0257_qvarma_p1q1r2 cop_0196_qvarma_p1q1r2 cop_0495_qvarma_p1q1r2 cop_0909_qvarma_p1q1r2 cop_0834_qvarma_p1q1r2 cop_0945_qvarma_p1q1r2 cop_0722_qvarma_p1q1r2 cop_0418_qvarma_p1q1r2 cop_0359_qvarma_p1q1r2 cop_0046_qvarma_p1q1r2 cop_0559_qvarma_p1q1r2 cop_0135_qvarma_p1q1r2 cop_0640_qvarma_p1q1r2 cop_0289_qvarma_p1q1r2 cop_0548_qvarma_p1q1r2 cop_0175_qvarma_p1q1r2 cop_0386_qvarma_p1q1r2 cop_0370_qvarma_p1q1r2 cop_0184_qvarma_p1q1r2 cop_0626_qvarma_p1q1r2 cop_0116_qvarma_p1q1r2 cop_0707_qvarma_p1q1r2 cop_0592_qvarma_p1q1r2 cop_0853_qvarma_p1q1r2 cop_0217_qvarma_p1q1r2 cop_0263_qvarma_p1q1r2 cop_0271_qvarma_p1q1r2 cop_0938_qvarma_p1q1r2 cop_0733_qvarma_p1q1r2 cop_0507_qvarma_p1q1r2 cop_0910_qvarma_p1q1r2 cop_0242_qvarma_p1q1r2 cop_0883_qvarma_p1q1r2 cop_0042_qvarma_p1q1r2 cop_0336_qvarma_p1q1r2 cop_0762_qvarma_p1q1r2 cop_0358_qvarma_p1q1r2 cop_0130_qvarma_p1q1r2 cop_0499_qvarma_p1q1r2 cop_0278_qvarma_p1q1r2 cop_0768_qvarma_p1q1r2 cop_0771_qvarma_p1q1r2 cop_0752_qvarma_p1q1r2 cop_0301_qvarma_p1q1r2 cop_0043_qvarma_p1q1r2 cop_0432_qvarma_p1q1r2 cop_0793_qvarma_p1q1r2 cop_0798_qvarma_p1q1r2 cop_0721_qvarma_p1q1r2 cop_0818_qvarma_p1q1r2 cop_0576_qvarma_p1q1r2 cop_0026_qvarma_p1q1r2 cop_0942_qvarma_p1q1r2 cop_0424_qvarma_p1q1r2 cop_0732_qvarma_p1q1r2 cop_0595_qvarma_p1q1r2 cop_0250_qvarma_p1q1r2 cop_0809_qvarma_p1q1r2 cop_0092_qvarma_p1q1r2 cop_0780_qvarma_p1q1r2 cop_0663_qvarma_p1q1r2 cop_0146_qvarma_p1q1r2 cop_0179_qvarma_p1q1r2 cop_0816_qvarma_p1q1r2 cop_0737_qvarma_p1q1r2 cop_0937_qvarma_p1q1r2 cop_0251_qvarma_p1q1r2 cop_0319_qvarma_p1q1r2 cop_0391_qvarma_p1q1r2 cop_0667_qvarma_p1q1r2 cop_0077_qvarma_p1q1r2 cop_0754_qvarma_p1q1r2 cop_0344_qvarma_p1q1r2 cop_0558_qvarma_p1q1r2 cop_0475_qvarma_p1q1r2 cop_0748_qvarma_p1q1r2 cop_0513_qvarma_p1q1r2 cop_0545_qvarma_p1q1r2 cop_0868_qvarma_p1q1r2 cop_0522_qvarma_p1q1r2 cop_0074_qvarma_p1q1r2 cop_0071_qvarma_p1q1r2 cop_0366_qvarma_p1q1r2 cop_0520_qvarma_p1q1r2 cop_0962_qvarma_p1q1r2 cop_0932_qvarma_p1q1r2 cop_0766_qvarma_p1q1r2 cop_0895_qvarma_p1q1r2 cop_0563_qvarma_p1q1r2 cop_0017_qvarma_p1q1r2 cop_0907_qvarma_p1q1r2 cop_0599_qvarma_p1q1r2 cop_0056_qvarma_p1q1r2 cop_0400_qvarma_p1q1r2 cop_0649_qvarma_p1q1r2 cop_0704_qvarma_p1q1r2 cop_0297_qvarma_p1q1r2 cop_0229_qvarma_p1q1r2 cop_0833_qvarma_p1q1r2 cop_0903_qvarma_p1q1r2 cop_0075_qvarma_p1q1r2 cop_0657_qvarma_p1q1r2 cop_0715_qvarma_p1q1r2 cop_0412_qvarma_p1q1r2 cop_0276_qvarma_p1q1r2 cop_0590_qvarma_p1q1r2 cop_0742_qvarma_p1q1r2 cop_0068_qvarma_p1q1r2 cop_0093_qvarma_p1q1r2 cop_0588_qvarma_p1q1r2 cop_0622_qvarma_p1q1r2 cop_0606_qvarma_p1q1r2 cop_0632_qvarma_p1q1r2 cop_0201_qvarma_p1q1r2 cop_0877_qvarma_p1q1r2 cop_0108_qvarma_p1q1r2 cop_0655_qvarma_p1q1r2 cop_0128_qvarma_p1q1r2 cop_0161_qvarma_p1q1r2 cop_0854_qvarma_p1q1r2 cop_0414_qvarma_p1q1r2 cop_0124_qvarma_p1q1r2 cop_0990_qvarma_p1q1r2 cop_0601_qvarma_p1q1r2 cop_0585_qvarma_p1q1r2 cop_0975_qvarma_p1q1r2 cop_0611_qvarma_p1q1r2 cop_0621_qvarma_p1q1r2 cop_0870_qvarma_p1q1r2 cop_0706_qvarma_p1q1r2 cop_0496_qvarma_p1q1r2 cop_0756_qvarma_p1q1r2 cop_0224_qvarma_p1q1r2 cop_0002_qvarma_p1q1r2 cop_0192_qvarma_p1q1r2 cop_0784_qvarma_p1q1r2 cop_0804_qvarma_p1q1r2 cop_0961_qvarma_p1q1r2 cop_0339_qvarma_p1q1r2 cop_0065_qvarma_p1q1r2 cop_0800_qvarma_p1q1r2 cop_0629_qvarma_p1q1r2 cop_0387_qvarma_p1q1r2 cop_0200_qvarma_p1q1r2 cop_0838_qvarma_p1q1r2 cop_0666_qvarma_p1q1r2 cop_0901_qvarma_p1q1r2 cop_0262_qvarma_p1q1r2 cop_0692_qvarma_p1q1r2 cop_0638_qvarma_p1q1r2 cop_0594_qvarma_p1q1r2 cop_0277_qvarma_p1q1r2 cop_0992_qvarma_p1q1r2 cop_0846_qvarma_p1q1r2 cop_0879_qvarma_p1q1r2 cop_0900_qvarma_p1q1r2 cop_0531_qvarma_p1q1r2 cop_0785_qvarma_p1q1r2 cop_0342_qvarma_p1q1r2 cop_0315_qvarma_p1q1r2 cop_0568_qvarma_p1q1r2 cop_0427_qvarma_p1q1r2 cop_0109_qvarma_p1q1r2 cop_0819_qvarma_p1q1r2 cop_0107_qvarma_p1q1r2 cop_0861_qvarma_p1q1r2 cop_0323_qvarma_p1q1r2 cop_0823_qvarma_p1q1r2 cop_0943_qvarma_p1q1r2 cop_0631_qvarma_p1q1r2 cop_0991_qvarma_p1q1r2 cop_0792_qvarma_p1q1r2 cop_0979_qvarma_p1q1r2 cop_0080_qvarma_p1q1r2 cop_0915_qvarma_p1q1r2 cop_0719_qvarma_p1q1r2 cop_0764_qvarma_p1q1r2 cop_0753_qvarma_p1q1r2 cop_0411_qvarma_p1q1r2 cop_0966_qvarma_p1q1r2 cop_0856_qvarma_p1q1r2 cop_0996_qvarma_p1q1r2 cop_0176_qvarma_p1q1r2 cop_0040_qvarma_p1q1r2 cop_0433_qvarma_p1q1r2 cop_0264_qvarma_p1q1r2 cop_0517_qvarma_p1q1r2 cop_0451_qvarma_p1q1r2 cop_0839_qvarma_p1q1r2 cop_0946_qvarma_p1q1r2 cop_0700_qvarma_p1q1r2 cop_0965_qvarma_p1q1r2 cop_0562_qvarma_p1q1r2 cop_0502_qvarma_p1q1r2 cop_0810_qvarma_p1q1r2 cop_0940_qvarma_p1q1r2 cop_0615_qvarma_p1q1r2 cop_0392_qvarma_p1q1r2 cop_0493_qvarma_p1q1r2 cop_0442_qvarma_p1q1r2 cop_0500_qvarma_p1q1r2 cop_0035_qvarma_p1q1r2 cop_0727_qvarma_p1q1r2 cop_0235_qvarma_p1q1r2 cop_0498_qvarma_p1q1r2 cop_0987_qvarma_p1q1r2 cop_0137_qvarma_p1q1r2 cop_0332_qvarma_p1q1r2 cop_0223_qvarma_p1q1r2 cop_0726_qvarma_p1q1r2 cop_0110_qvarma_p1q1r2 cop_0273_qvarma_p1q1r2 cop_0612_qvarma_p1q1r2 cop_0098_qvarma_p1q1r2 cop_0275_qvarma_p1q1r2 cop_0085_qvarma_p1q1r2 cop_0871_qvarma_p1q1r2 cop_0866_qvarma_p1q1r2 cop_0041_qvarma_p1q1r2 cop_0073_qvarma_p1q1r2 cop_0247_qvarma_p1q1r2 cop_0027_qvarma_p1q1r2 cop_0518_qvarma_p1q1r2 cop_0371_qvarma_p1q1r2 cop_0091_qvarma_p1q1r2 cop_0044_qvarma_p1q1r2 cop_0767_qvarma_p1q1r2 cop_0447_qvarma_p1q1r2 cop_0547_qvarma_p1q1r2 cop_0474_qvarma_p1q1r2 cop_0078_qvarma_p1q1r2 cop_0544_qvarma_p1q1r2 cop_0039_qvarma_p1q1r2 cop_0385_qvarma_p1q1r2 cop_0219_qvarma_p1q1r2 cop_0303_qvarma_p1q1r2 cop_0958_qvarma_p1q1r2 cop_0470_qvarma_p1q1r2 cop_0750_qvarma_p1q1r2 cop_0880_qvarma_p1q1r2 cop_0521_qvarma_p1q1r2 cop_0064_qvarma_p1q1r2 cop_0195_qvarma_p1q1r2 cop_0822_qvarma_p1q1r2 cop_0739_qvarma_p1q1r2 cop_0724_qvarma_p1q1r2 cop_0680_qvarma_p1q1r2 cop_0644_qvarma_p1q1r2 cop_0233_qvarma_p1q1r2 cop_0731_qvarma_p1q1r2 cop_0586_qvarma_p1q1r2 cop_0190_qvarma_p1q1r2 cop_0209_qvarma_p1q1r2 cop_0806_qvarma_p1q1r2 cop_0060_qvarma_p1q1r2 cop_0524_qvarma_p1q1r2 cop_0222_qvarma_p1q1r2 cop_0331_qvarma_p1q1r2 cop_0284_qvarma_p1q1r2 cop_0508_qvarma_p1q1r2 cop_0827_qvarma_p1q1r2 cop_0671_qvarma_p1q1r2 cop_0174_qvarma_p1q1r2 cop_0147_qvarma_p1q1r2 cop_0662_qvarma_p1q1r2 cop_0774_qvarma_p1q1r2 cop_0395_qvarma_p1q1r2 cop_0105_qvarma_p1q1r2 cop_0757_qvarma_p1q1r2 cop_0989_qvarma_p1q1r2 cop_0317_qvarma_p1q1r2 cop_0481_qvarma_p1q1r2 cop_0515_qvarma_p1q1r2 cop_0781_qvarma_p1q1r2 cop_0061_qvarma_p1q1r2 cop_0468_qvarma_p1q1r2 cop_0730_qvarma_p1q1r2 cop_0111_qvarma_p1q1r2 cop_0435_qvarma_p1q1r2 cop_0898_qvarma_p1q1r2 cop_0504_qvarma_p1q1r2 cop_0193_qvarma_p1q1r2 cop_0718_qvarma_p1q1r2 cop_0406_qvarma_p1q1r2 cop_0769_qvarma_p1q1r2 cop_0144_qvarma_p1q1r2 cop_0863_qvarma_p1q1r2 cop_0923_qvarma_p1q1r2 cop_0860_qvarma_p1q1r2 cop_0471_qvarma_p1q1r2 cop_0608_qvarma_p1q1r2 cop_0101_qvarma_p1q1r2 cop_0329_qvarma_p1q1r2 cop_0445_qvarma_p1q1r2 cop_0882_qvarma_p1q1r2 cop_0259_qvarma_p1q1r2 cop_0723_qvarma_p1q1r2 cop_0210_qvarma_p1q1r2 cop_0778_qvarma_p1q1r2 cop_0653_qvarma_p1q1r2 cop_0396_qvarma_p1q1r2 cop_0302_qvarma_p1q1r2 cop_0059_qvarma_p1q1r2 cop_0929_qvarma_p1q1r2 cop_0204_qvarma_p1q1r2 cop_0924_qvarma_p1q1r2 cop_0265_qvarma_p1q1r2 cop_0288_qvarma_p1q1r2 cop_0449_qvarma_p1q1r2 cop_0083_qvarma_p1q1r2 cop_0936_qvarma_p1q1r2 cop_0876_qvarma_p1q1r2 cop_0448_qvarma_p1q1r2 cop_0564_qvarma_p1q1r2 cop_0183_qvarma_p1q1r2 cop_0452_qvarma_p1q1r2 cop_0416_qvarma_p1q1r2 cop_0267_qvarma_p1q1r2 cop_0875_qvarma_p1q1r2 cop_0603_qvarma_p1q1r2 cop_0983_qvarma_p1q1r2 cop_0408_qvarma_p1q1r2 cop_0659_qvarma_p1q1r2 cop_0783_qvarma_p1q1r2 cop_0090_qvarma_p1q1r2 cop_0957_qvarma_p1q1r2 cop_0749_qvarma_p1q1r2 cop_0639_qvarma_p1q1r2 cop_0928_qvarma_p1q1r2 cop_0314_qvarma_p1q1r2 cop_0951_qvarma_p1q1r2 cop_0836_qvarma_p1q1r2 cop_0893_qvarma_p1q1r2 cop_0274_qvarma_p1q1r2 cop_0789_qvarma_p1q1r2 cop_0805_qvarma_p1q1r2 cop_0238_qvarma_p1q1r2 cop_0613_qvarma_p1q1r2 cop_0022_qvarma_p1q1r2 cop_0388_qvarma_p1q1r2 cop_0428_qvarma_p1q1r2 cop_0272_qvarma_p1q1r2 cop_0368_qvarma_p1q1r2 cop_0168_qvarma_p1q1r2 cop_0682_qvarma_p1q1r2 cop_0829_qvarma_p1q1r2 cop_0189_qvarma_p1q1r2 cop_0378_qvarma_p1q1r2 cop_0363_qvarma_p1q1r2 cop_0473_qvarma_p1q1r2 cop_0258_qvarma_p1q1r2 cop_0795_qvarma_p1q1r2 cop_0069_qvarma_p1q1r2 cop_0628_qvarma_p1q1r2 cop_0270_qvarma_p1q1r2 cop_0681_qvarma_p1q1r2 cop_0669_qvarma_p1q1r2 cop_0604_qvarma_p1q1r2 cop_0896_qvarma_p1q1r2 cop_0453_qvarma_p1q1r2 cop_0902_qvarma_p1q1r2 cop_0009_qvarma_p1q1r2 cop_0013_qvarma_p1q1r2 cop_0172_qvarma_p1q1r2 cop_0401_qvarma_p1q1r2 cop_0249_qvarma_p1q1r2 cop_0025_qvarma_p1q1r2 cop_0125_qvarma_p1q1r2 cop_0141_qvarma_p1q1r2 cop_0461_qvarma_p1q1r2 cop_0203_qvarma_p1q1r2 cop_0014_qvarma_p1q1r2 cop_0421_qvarma_p1q1r2 cop_0687_qvarma_p1q1r2 cop_0571_qvarma_p1q1r2 cop_0712_qvarma_p1q1r2 cop_0457_qvarma_p1q1r2 cop_0199_qvarma_p1q1r2 cop_0345_qvarma_p1q1r2 cop_0600_qvarma_p1q1r2 cop_0206_qvarma_p1q1r2 cop_0165_qvarma_p1q1r2 cop_0973_qvarma_p1q1r2 cop_0934_qvarma_p1q1r2 cop_0240_qvarma_p1q1r2 cop_0177_qvarma_p1q1r2 cop_0616_qvarma_p1q1r2 cop_0054_qvarma_p1q1r2 cop_0919_qvarma_p1q1r2 cop_0394_qvarma_p1q1r2 cop_0728_qvarma_p1q1r2 cop_0066_qvarma_p1q1r2 cop_0058_qvarma_p1q1r2 cop_0746_qvarma_p1q1r2 cop_0143_qvarma_p1q1r2 cop_0402_qvarma_p1q1r2 cop_0625_qvarma_p1q1r2 cop_0337_qvarma_p1q1r2 cop_0037_qvarma_p1q1r2 cop_0678_qvarma_p1q1r2 cop_0553_qvarma_p1q1r2 cop_0173_qvarma_p1q1r2 cop_0248_qvarma_p1q1r2 cop_0364_qvarma_p1q1r2 cop_0430_qvarma_p1q1r2 cop_0024_qvarma_p1q1r2 cop_0720_qvarma_p1q1r2 cop_0312_qvarma_p1q1r2 cop_0656_qvarma_p1q1r2 cop_0220_qvarma_p1q1r2 cop_0617_qvarma_p1q1r2 cop_0777_qvarma_p1q1r2 cop_0436_qvarma_p1q1r2 cop_0998_qvarma_p1q1r2 cop_0921_qvarma_p1q1r2 cop_0379_qvarma_p1q1r2 cop_0053_qvarma_p1q1r2 cop_0261_qvarma_p1q1r2 cop_0908_qvarma_p1q1r2 cop_0565_qvarma_p1q1r2 cop_0736_qvarma_p1q1r2 cop_0310_qvarma_p1q1r2 cop_0993_qvarma_p1q1r2 cop_0255_qvarma_p1q1r2 cop_0304_qvarma_p1q1r2 cop_0744_qvarma_p1q1r2 cop_0577_qvarma_p1q1r2 cop_0959_qvarma_p1q1r2 cop_0483_qvarma_p1q1r2 cop_0482_qvarma_p1q1r2 cop_0426_qvarma_p1q1r2 cop_0824_qvarma_p1q1r2 cop_0828_qvarma_p1q1r2 cop_0126_qvarma_p1q1r2 cop_0889_qvarma_p1q1r2 cop_0320_qvarma_p1q1r2 cop_0268_qvarma_p1q1r2 cop_0647_qvarma_p1q1r2 cop_0458_qvarma_p1q1r2 cop_0641_qvarma_p1q1r2 cop_0187_qvarma_p1q1r2 cop_0911_qvarma_p1q1r2 cop_0307_qvarma_p1q1r2 cop_0127_qvarma_p1q1r2 cop_0236_qvarma_p1q1r2 cop_0925_qvarma_p1q1r2 cop_0032_qvarma_p1q1r2 cop_0227_qvarma_p1q1r2 cop_0963_qvarma_p1q1r2 cop_0620_qvarma_p1q1r2 cop_0464_qvarma_p1q1r2 cop_0512_qvarma_p1q1r2 cop_0023_qvarma_p1q1r2 cop_0691_qvarma_p1q1r2 cop_0465_qvarma_p1q1r2 cop_0944_qvarma_p1q1r2 cop_0494_qvarma_p1q1r2 cop_0503_qvarma_p1q1r2 cop_0830_qvarma_p1q1r2 cop_0067_qvarma_p1q1r2 cop_0770_qvarma_p1q1r2 cop_0817_qvarma_p1q1r2 cop_0825_qvarma_p1q1r2 cop_0912_qvarma_p1q1r2 cop_0162_qvarma_p1q1r2 cop_0947_qvarma_p1q1r2 cop_0807_qvarma_p1q1r2 cop_0006_qvarma_p1q1r2 cop_0729_qvarma_p1q1r2 cop_0008_qvarma_p1q1r2 cop_0840_qvarma_p1q1r2 cop_0933_qvarma_p1q1r2 cop_0552_qvarma_p1q1r2 cop_0597_qvarma_p1q1r2 cop_0377_qvarma_p1q1r2 cop_0642_qvarma_p1q1r2 cop_0505_qvarma_p1q1r2 cop_0799_qvarma_p1q1r2 cop_0935_qvarma_p1q1r2 cop_0693_qvarma_p1q1r2 cop_0462_qvarma_p1q1r2 cop_0930_qvarma_p1q1r2 cop_0917_qvarma_p1q1r2 cop_0916_qvarma_p1q1r2 cop_0920_qvarma_p1q1r2 cop_0745_qvarma_p1q1r2 cop_0169_qvarma_p1q1r2 cop_0899_qvarma_p1q1r2 cop_0713_qvarma_p1q1r2 cop_0076_qvarma_p1q1r2 cop_0995_qvarma_p1q1r2 cop_0643_qvarma_p1q1r2 cop_0467_qvarma_p1q1r2 cop_0982_qvarma_p1q1r2 cop_0382_qvarma_p1q1r2 cop_0334_qvarma_p1q1r2 cop_0232_qvarma_p1q1r2 cop_0820_qvarma_p1q1r2 cop_0016_qvarma_p1q1r2 cop_0696_qvarma_p1q1r2 cop_0645_qvarma_p1q1r2 cop_0619_qvarma_p1q1r2 cop_0072_qvarma_p1q1r2 cop_0546_qvarma_p1q1r2 cop_0646_qvarma_p1q1r2 cop_0469_qvarma_p1q1r2 cop_0529_qvarma_p1q1r2 cop_0282_qvarma_p1q1r2 cop_0489_qvarma_p1q1r2 cop_0765_qvarma_p1q1r2 cop_0634_qvarma_p1q1r2 cop_0136_qvarma_p1q1r2 cop_0650_qvarma_p1q1r2 cop_0338_qvarma_p1q1r2 cop_0476_qvarma_p1q1r2 cop_0306_qvarma_p1q1r2 cop_0740_qvarma_p1q1r2 cop_0443_qvarma_p1q1r2 cop_0527_qvarma_p1q1r2 cop_0956_qvarma_p1q1r2 cop_0460_qvarma_p1q1r2 cop_0741_qvarma_p1q1r2 cop_0036_qvarma_p1q1r2 cop_0763_qvarma_p1q1r2 cop_0171_qvarma_p1q1r2 cop_0514_qvarma_p1q1r2 cop_0821_qvarma_p1q1r2 cop_0672_qvarma_p1q1r2 cop_0005_qvarma_p1q1r2 cop_0152_qvarma_p1q1r2 cop_0661_qvarma_p1q1r2 cop_0094_qvarma_p1q1r2 cop_0852_qvarma_p1q1r2 cop_0215_qvarma_p1q1r2 cop_0859_qvarma_p1q1r2 cop_0439_qvarma_p1q1r2 cop_0185_qvarma_p1q1r2 cop_0351_qvarma_p1q1r2 cop_0294_qvarma_p1q1r2 cop_0207_qvarma_p1q1r2 cop_0437_qvarma_p1q1r2 cop_0477_qvarma_p1q1r2 cop_0509_qvarma_p1q1r2 cop_0100_qvarma_p1q1r2 cop_0878_qvarma_p1q1r2 cop_0369_qvarma_p1q1r2 cop_0536_qvarma_p1q1r2 cop_0802_qvarma_p1q1r2 cop_0349_qvarma_p1q1r2 cop_0057_qvarma_p1q1r2 cop_0570_qvarma_p1q1r2 cop_0555_qvarma_p1q1r2 cop_0356_qvarma_p1q1r2 cop_0070_qvarma_p1q1r2 cop_0725_qvarma_p1q1r2 cop_0050_qvarma_p1q1r2 cop_0367_qvarma_p1q1r2 cop_0237_qvarma_p1q1r2 cop_0194_qvarma_p1q1r2 cop_0832_qvarma_p1q1r2 cop_0801_qvarma_p1q1r2 cop_0353_qvarma_p1q1r2 cop_0459_qvarma_p1q1r2 cop_0347_qvarma_p1q1r2 cop_0540_qvarma_p1q1r2 cop_0001_qvarma_p1q1r2 cop_0779_qvarma_p1q1r2 cop_0399_qvarma_p1q1r2 cop_0082_qvarma_p1q1r2 cop_0867_qvarma_p1q1r2 cop_0850_qvarma_p1q1r2 cop_0417_qvarma_p1q1r2 cop_0814_qvarma_p1q1r2 cop_0931_qvarma_p1q1r2 cop_0403_qvarma_p1q1r2 cop_0422_qvarma_p1q1r2 cop_0624_qvarma_p1q1r2 cop_0243_qvarma_p1q1r2 cop_0566_qvarma_p1q1r2 cop_0293_qvarma_p1q1r2 cop_0575_qvarma_p1q1r2 cop_0030_qvarma_p1q1r2 cop_0905_qvarma_p1q1r2 cop_0904_qvarma_p1q1r2 cop_0355_qvarma_p1q1r2 cop_0914_qvarma_p1q1r2 cop_0157_qvarma_p1q1r2 cop_0516_qvarma_p1q1r2 cop_0112_qvarma_p1q1r2 cop_0228_qvarma_p1q1r2 cop_0346_qvarma_p1q1r2 cop_0849_qvarma_p1q1r2 cop_0773_qvarma_p1q1r2 cop_0526_qvarma_p1q1r2 cop_0213_qvarma_p1q1r2 cop_0950_qvarma_p1q1r2 cop_0796_qvarma_p1q1r2 cop_0593_qvarma_p1q1r2 cop_0523_qvarma_p1q1r2 cop_0794_qvarma_p1q1r2 cop_0087_qvarma_p1q1r2 cop_0156_qvarma_p1q1r2 cop_0423_qvarma_p1q1r2 cop_0717_qvarma_p1q1r2 cop_0226_qvarma_p1q1r2 cop_0225_qvarma_p1q1r2 cop_0874_qvarma_p1q1r2 cop_0970_qvarma_p1q1r2 cop_0635_qvarma_p1q1r2 cop_0758_qvarma_p1q1r2 cop_0239_qvarma_p1q1r2 cop_0150_qvarma_p1q1r2 cop_0501_qvarma_p1q1r2 cop_0011_qvarma_p1q1r2 cop_0994_qvarma_p1q1r2 cop_0574_qvarma_p1q1r2 cop_0906_qvarma_p1q1r2 cop_0145_qvarma_p1q1r2 cop_0431_qvarma_p1q1r2 cop_0843_qvarma_p1q1r2 cop_0683_qvarma_p1q1r2 cop_0654_qvarma_p1q1r2 cop_0118_qvarma_p1q1r2 cop_0413_qvarma_p1q1r2 cop_0665_qvarma_p1q1r2 cop_0004_qvarma_p1q1r2 cop_0478_qvarma_p1q1r2 cop_0117_qvarma_p1q1r2 cop_0241_qvarma_p1q1r2 cop_0256_qvarma_p1q1r2 cop_0231_qvarma_p1q1r2 cop_0697_qvarma_p1q1r2 cop_0886_qvarma_p1q1r2 cop_0348_qvarma_p1q1r2 cop_0897_qvarma_p1q1r2 cop_0519_qvarma_p1q1r2 cop_0685_qvarma_p1q1r2 cop_0134_qvarma_p1q1r2 cop_0079_qvarma_p1q1r2 cop_0121_qvarma_p1q1r2 cop_0269_qvarma_p1q1r2 cop_0803_qvarma_p1q1r2 cop_0974_qvarma_p1q1r2 cop_0321_qvarma_p1q1r2 cop_0343_qvarma_p1q1r2 cop_0598_qvarma_p1q1r2 cop_0913_qvarma_p1q1r2 cop_0673_qvarma_p1q1r2 cop_0664_qvarma_p1q1r2 cop_0186_qvarma_p1q1r2 cop_0374_qvarma_p1q1r2 cop_0102_qvarma_p1q1r2 cop_0708_qvarma_p1q1r2 cop_0969_qvarma_p1q1r2 cop_0686_qvarma_p1q1r2 cop_0410_qvarma_p1q1r2 cop_0711_qvarma_p1q1r2 cop_0397_qvarma_p1q1r2 cop_0440_qvarma_p1q1r2 cop_0148_qvarma_p1q1r2 cop_0738_qvarma_p1q1r2 cop_0166_qvarma_p1q1r2 cop_0542_qvarma_p1q1r2 cop_0525_qvarma_p1q1r2 cop_0533_qvarma_p1q1r2 cop_0844_qvarma_p1q1r2 cop_0964_qvarma_p1q1r2 cop_0862_qvarma_p1q1r2 cop_0652_qvarma_p1q1r2 cop_0450_qvarma_p1q1r2 cop_0285_qvarma_p1q1r2 cop_0751_qvarma_p1q1r2 cop_0554_qvarma_p1q1r2 cop_0211_qvarma_p1q1r2 cop_0205_qvarma_p1q1r2 cop_0884_qvarma_p1q1r2 cop_0097_qvarma_p1q1r2 cop_0694_qvarma_p1q1r2 cop_0254_qvarma_p1q1r2 cop_0971_qvarma_p1q1r2 cop_0684_qvarma_p1q1r2 cop_0948_qvarma_p1q1r2 cop_0841_qvarma_p1q1r2 cop_0120_qvarma_p1q1r2 cop_0782_qvarma_p1q1r2 cop_0103_qvarma_p1q1r2 cop_0534_qvarma_p1q1r2 cop_0361_qvarma_p1q1r2 cop_0660_qvarma_p1q1r2 cop_0350_qvarma_p1q1r2 cop_0538_qvarma_p1q1r2 cop_0335_qvarma_p1q1r2 cop_0444_qvarma_p1q1r2 cop_0772_qvarma_p1q1r2 cop_0298_qvarma_p1q1r2 cop_0480_qvarma_p1q1r2 cop_0466_qvarma_p1q1r2 cop_0702_qvarma_p1q1r2 cop_0510_qvarma_p1q1r2 cop_0689_qvarma_p1q1r2 cop_0390_qvarma_p1q1r2 cop_0047_qvarma_p1q1r2 cop_0139_qvarma_p1q1r2 cop_0142_qvarma_p1q1r2 cop_0106_qvarma_p1q1r2 cop_0281_qvarma_p1q1r2 cop_0191_qvarma_p1q1r2 cop_0031_qvarma_p1q1r2
  set decided by an accepted test: no, every test rejected down to one model (last p = 0.000 against alpha = 0.050)


  sample    999 observations, 1000 models
  statistic Tmax, each model against the field
  test      alpha = 0.050, 10000 moving-block resamples of 1 observations
  variance  bootstrap variance of the resampled mean
  stream    seed 123, stream 0

MCS over t-QVARMA (driftless) score quadratic form at the benchmark estimate, p1q1r2, MCS_TMAX statistic
  model                     mean loss      MCS p  round  in set
  cop_0001_qvarma_p1q1r2 230458677.19473      0.000    916  
  cop_0002_qvarma_p1q1r2 2355528642.05527      0.000    124  
  cop_0003_qvarma_p1q1r2 1526366072.41403      0.000    110  
  cop_0004_qvarma_p1q1r2 375077136.10387      0.000    876  
  cop_0005_qvarma_p1q1r2 551196890.95389      0.000    735  
  cop_0006_qvarma_p1q1r2 629787499.68137      0.000    649  
  cop_0007_qvarma_p1q1r2 999357230.34637      0.000    301  
  cop_0008_qvarma_p1q1r2 606985134.43109      0.000    671  
  cop_0009_qvarma_p1q1r2 550813466.53205      0.000    664  
  cop_0010_qvarma_p1q1r2 2070734353.97874      0.000     65  
  cop_0011_qvarma_p1q1r2 182471969.40931      0.000    942  
  cop_0012_qvarma_p1q1r2 1521916673.39434      0.000    153  
  cop_0013_qvarma_p1q1r2 869660718.65106      0.000    508  
  cop_0014_qvarma_p1q1r2 482635553.92172      0.000    723  
  cop_0015_qvarma_p1q1r2 817923133.72274      0.000    421  
  cop_0016_qvarma_p1q1r2 449662220.77981      0.000    790  
  cop_0017_qvarma_p1q1r2 1374155173.14664      0.000    230  
  cop_0018_qvarma_p1q1r2 1112637782.91008      0.000    255  
  cop_0019_qvarma_p1q1r2 984820839.51375      0.000    323  
  cop_0020_qvarma_p1q1r2 1158363420.28275      0.000    210  
  cop_0021_qvarma_p1q1r2 1626967667.76887      0.000    115  
  cop_0022_qvarma_p1q1r2 428973488.53684      0.000    760  
  cop_0023_qvarma_p1q1r2 721649669.04236      0.000    615  
  cop_0024_qvarma_p1q1r2 500346854.92577      0.000    719  
  cop_0025_qvarma_p1q1r2 518509519.22263      0.000    697  
  cop_0026_qvarma_p1q1r2 1533278590.63820      0.000    187  
  cop_0027_qvarma_p1q1r2 545100974.77699      0.000    640  
  cop_0028_qvarma_p1q1r2 1438094356.66003      0.000    137  
  cop_0029_qvarma_p1q1r2 1664614843.33129      0.000     66  
  cop_0030_qvarma_p1q1r2 312729065.56481      0.000    882  
  cop_0031_qvarma_p1q1r2 85019724.01146      0.001    999  
  cop_0032_qvarma_p1q1r2 304795358.06710      0.000    858  
  cop_0033_qvarma_p1q1r2 1177037259.12937      0.000    206  
  cop_0034_qvarma_p1q1r2 1002382153.80880      0.000    291  
  cop_0035_qvarma_p1q1r2 612274533.76998      0.000    591  
  cop_0036_qvarma_p1q1r2 503561766.06433      0.000    767  
  cop_0037_qvarma_p1q1r2 556811213.92950      0.000    679  
  cop_0038_qvarma_p1q1r2 831738232.37458      0.000    408  
  cop_0039_qvarma_p1q1r2 985076458.02162      0.000    411  
  cop_0040_qvarma_p1q1r2 552900195.31668      0.000    635  
  cop_0041_qvarma_p1q1r2 613592841.29126      0.000    596  
  cop_0042_qvarma_p1q1r2 861263669.76487      0.000    413  
  cop_0043_qvarma_p1q1r2 1184164913.35020      0.000    272  
  cop_0044_qvarma_p1q1r2 813618322.46434      0.000    497  
  cop_0045_qvarma_p1q1r2 1364813760.66260      0.000    195  
  cop_0046_qvarma_p1q1r2 1189447666.64820      0.000    256  
  cop_0047_qvarma_p1q1r2 102148276.02737      0.001    994  
  cop_0048_qvarma_p1q1r2 781268771.09982      0.000    453  
  cop_0049_qvarma_p1q1r2 701673585.65156      0.000    491  
  cop_0050_qvarma_p1q1r2 262339357.20724      0.000    900  
  cop_0051_qvarma_p1q1r2 1707921955.97010      0.000    103  
  cop_0052_qvarma_p1q1r2 1996785777.56586      0.000     31  
  cop_0053_qvarma_p1q1r2 508326108.07525      0.000    716  
  cop_0054_qvarma_p1q1r2 1371374086.14723      0.000    363  
  cop_0055_qvarma_p1q1r2 1038793853.57567      0.000    236  
  cop_0056_qvarma_p1q1r2 689368239.78184      0.000    524  
  cop_0057_qvarma_p1q1r2 264498420.69328      0.000    898  
  cop_0058_qvarma_p1q1r2 527987724.27300      0.000    696  
  cop_0059_qvarma_p1q1r2 541330074.10178      0.000    658  
  cop_0060_qvarma_p1q1r2 490319740.80527      0.000    686  
  cop_0061_qvarma_p1q1r2 541136722.36369      0.000    653  
  cop_0062_qvarma_p1q1r2 1774845664.42505      0.000    135  
  cop_0063_qvarma_p1q1r2 1762560616.66501      0.000     64  
  cop_0064_qvarma_p1q1r2 805223893.33646      0.000    504  
  cop_0065_qvarma_p1q1r2 909994181.79021      0.000    428  
  cop_0066_qvarma_p1q1r2 368447053.66052      0.000    821  
  cop_0067_qvarma_p1q1r2 872341865.21074      0.000    557  
  cop_0068_qvarma_p1q1r2 645423652.22572      0.000    554  
  cop_0069_qvarma_p1q1r2 452116332.71593      0.000    744  
  cop_0070_qvarma_p1q1r2 220318585.54980      0.000    917  
  cop_0071_qvarma_p1q1r2 950012212.15504      0.000    374  
  cop_0072_qvarma_p1q1r2 474744042.54459      0.000    773  
  cop_0073_qvarma_p1q1r2 459143025.82993      0.000    706  
  cop_0074_qvarma_p1q1r2 1040412494.62583      0.000    342  
  cop_0075_qvarma_p1q1r2 830658632.93899      0.000    449  
  cop_0076_qvarma_p1q1r2 430533363.50139      0.000    801  
  cop_0077_qvarma_p1q1r2 895040533.86938      0.000    395  
  cop_0078_qvarma_p1q1r2 695069797.37771      0.000    553  
  cop_0079_qvarma_p1q1r2 1166292348.57429      0.000    724  
  cop_0080_qvarma_p1q1r2 498373315.57526      0.000    669  
  cop_0081_qvarma_p1q1r2 1118291048.08621      0.000    261  
  cop_0082_qvarma_p1q1r2 891672187.93662      0.000    644  
  cop_0083_qvarma_p1q1r2 1318254353.21836      0.000    330  
  cop_0084_qvarma_p1q1r2 1158155191.91052      0.000    208  
  cop_0085_qvarma_p1q1r2 1162636412.31002      0.000    339  
  cop_0086_qvarma_p1q1r2 1561087651.19918      0.000     77  
  cop_0087_qvarma_p1q1r2 276113483.81286      0.000    909  
  cop_0088_qvarma_p1q1r2 752778204.37290      0.000    464  
  cop_0089_qvarma_p1q1r2 2953796327.19984      0.000     12  
  cop_0090_qvarma_p1q1r2 650429730.70348      0.000    600  
  cop_0091_qvarma_p1q1r2 504590414.11428      0.000    675  
  cop_0092_qvarma_p1q1r2 865585821.72829      0.000    416  
  cop_0093_qvarma_p1q1r2 1374831613.41356      0.000    239  
  cop_0094_qvarma_p1q1r2 313149429.26456      0.000    868  
  cop_0095_qvarma_p1q1r2 1365635492.08548      0.000    126  
  cop_0096_qvarma_p1q1r2 1822572365.92306      0.000     63  
  cop_0097_qvarma_p1q1r2 150986936.61775      0.000    971  
  cop_0098_qvarma_p1q1r2 1001842583.94428      0.000    383  
  cop_0099_qvarma_p1q1r2 1166405186.58064      0.000    207  
  cop_0100_qvarma_p1q1r2 544752893.45618      0.000    763  
  cop_0101_qvarma_p1q1r2 989579055.81559      0.000    436  
  cop_0102_qvarma_p1q1r2 234170559.42508      0.000    936  
  cop_0103_qvarma_p1q1r2 127186221.37390      0.000    979  
  cop_0104_qvarma_p1q1r2 2179033734.19512      0.000     24  
  cop_0105_qvarma_p1q1r2 2628109062.01767      0.000    157  
  cop_0106_qvarma_p1q1r2 96672455.07574      0.001    996  
  cop_0107_qvarma_p1q1r2 1430692581.85123      0.000    244  
  cop_0108_qvarma_p1q1r2 3083196506.54433      0.000     86  
  cop_0109_qvarma_p1q1r2 587469212.98754      0.000    602  
  cop_0110_qvarma_p1q1r2 474596774.14918      0.000    695  
  cop_0111_qvarma_p1q1r2 1707250116.69135      0.000    234  
  cop_0112_qvarma_p1q1r2 289796639.98305      0.000    893  
  cop_0113_qvarma_p1q1r2 879795524.19335      0.000    370  
  cop_0114_qvarma_p1q1r2 1659631156.16133      0.000     67  
  cop_0115_qvarma_p1q1r2 938938932.48228      0.000    320  
  cop_0116_qvarma_p1q1r2 760867133.34070      0.000    469  
  cop_0117_qvarma_p1q1r2 200130394.28222      0.000    941  
  cop_0118_qvarma_p1q1r2 238687443.42762      0.000    925  
  cop_0119_qvarma_p1q1r2 1771867610.60468      0.000     71  
  cop_0120_qvarma_p1q1r2 116753443.66971      0.000    985  
  cop_0121_qvarma_p1q1r2 182100375.99101      0.000    949  
  cop_0122_qvarma_p1q1r2 1461318902.49650      0.000    148  
  cop_0123_qvarma_p1q1r2 1185507279.56438      0.000    205  
  cop_0124_qvarma_p1q1r2 762804419.70286      0.000    496  
  cop_0125_qvarma_p1q1r2 904946538.64251      0.000    505  
  cop_0126_qvarma_p1q1r2 954283153.31198      0.000    520  
  cop_0127_qvarma_p1q1r2 601815023.50815      0.000    665  
  cop_0128_qvarma_p1q1r2 552679608.77410      0.000    620  
  cop_0129_qvarma_p1q1r2 1478163425.49447      0.000    127  
  cop_0130_qvarma_p1q1r2 784208150.91380      0.000    462  
  cop_0131_qvarma_p1q1r2 2059856991.99821      0.000     93  
  cop_0132_qvarma_p1q1r2 1064137765.65158      0.000    295  
  cop_0133_qvarma_p1q1r2 1169408282.49507      0.000    246  
  cop_0134_qvarma_p1q1r2 182698138.06024      0.000    950  
  cop_0135_qvarma_p1q1r2 1175053856.54895      0.000    262  
  cop_0136_qvarma_p1q1r2 512786865.53331      0.000    751  
  cop_0137_qvarma_p1q1r2 764525659.62866      0.000    511  
  cop_0138_qvarma_p1q1r2 1127527454.40822      0.000    243  
  cop_0139_qvarma_p1q1r2 101443339.52830      0.001    995  
  cop_0140_qvarma_p1q1r2 877257579.34434      0.000    352  
  cop_0141_qvarma_p1q1r2 508097106.45363      0.000    704  
  cop_0142_qvarma_p1q1r2 106909662.56801      0.001    991  
  cop_0143_qvarma_p1q1r2 510325234.17585      0.000    714  
  cop_0144_qvarma_p1q1r2 844184519.14706      0.000    495  
  cop_0145_qvarma_p1q1r2 440435254.23692      0.000    855  
  cop_0146_qvarma_p1q1r2 664405176.20269      0.000    539  
  cop_0147_qvarma_p1q1r2 776482894.15958      0.000    521  
  cop_0148_qvarma_p1q1r2 408842834.38560      0.000    911  
  cop_0149_qvarma_p1q1r2 4033822633.56659      0.000     20  
  cop_0150_qvarma_p1q1r2 414913708.75538      0.000    859  
  cop_0151_qvarma_p1q1r2 1605097004.18623      0.000    111  
  cop_0152_qvarma_p1q1r2 437336513.67934      0.000    816  
  cop_0153_qvarma_p1q1r2 958942045.56036      0.000    313  
  cop_0154_qvarma_p1q1r2 1506832731.73013      0.000    149  
  cop_0155_qvarma_p1q1r2 851443526.58480      0.000    394  
  cop_0156_qvarma_p1q1r2 174427811.35138      0.000    946  
  cop_0157_qvarma_p1q1r2 381545384.98472      0.000    861  
  cop_0158_qvarma_p1q1r2 2102577411.39185      0.000     50  
  cop_0159_qvarma_p1q1r2 764139770.99248      0.000    430  
  cop_0160_qvarma_p1q1r2 995886474.71930      0.000    280  
  cop_0161_qvarma_p1q1r2 1238264796.20939      0.000    274  
  cop_0162_qvarma_p1q1r2 788878439.26203      0.000    584  
  cop_0163_qvarma_p1q1r2 1444920591.29018      0.000    120  
  cop_0164_qvarma_p1q1r2 1010890749.18417      0.000    299  
  cop_0165_qvarma_p1q1r2 367711876.59565      0.000    815  
  cop_0166_qvarma_p1q1r2 220507471.20145      0.000    945  
  cop_0167_qvarma_p1q1r2 1062688528.55363      0.000    270  
  cop_0168_qvarma_p1q1r2 467601152.45752      0.000    729  
  cop_0169_qvarma_p1q1r2 602306196.40027      0.000    684  
  cop_0170_qvarma_p1q1r2 1688680920.16596      0.000    147  
  cop_0171_qvarma_p1q1r2 555127973.41986      0.000    727  
  cop_0172_qvarma_p1q1r2 376898119.31830      0.000    810  
  cop_0173_qvarma_p1q1r2 986151469.45774      0.000    493  
  cop_0174_qvarma_p1q1r2 569254116.98945      0.000    633  
  cop_0175_qvarma_p1q1r2 709894164.24919      0.000    499  
  cop_0176_qvarma_p1q1r2 883088329.88514      0.000    450  
  cop_0177_qvarma_p1q1r2 1156519086.04023      0.000    425  
  cop_0178_qvarma_p1q1r2 942254657.32414      0.000    324  
  cop_0179_qvarma_p1q1r2 1144513021.71816      0.000    286  
  cop_0180_qvarma_p1q1r2 1024750439.59602      0.000    293  
  cop_0181_qvarma_p1q1r2 1350106634.69683      0.000    152  
  cop_0182_qvarma_p1q1r2 2148898140.69901      0.000     89  
  cop_0183_qvarma_p1q1r2 479339648.40334      0.000    712  
  cop_0184_qvarma_p1q1r2 1071901192.06765      0.000    297  
  cop_0185_qvarma_p1q1r2 474997548.58450      0.000    797  
  cop_0186_qvarma_p1q1r2 255621558.27496      0.000    931  
  cop_0187_qvarma_p1q1r2 450519575.45687      0.000    771  
  cop_0188_qvarma_p1q1r2 1730936716.21070      0.000    113  
  cop_0189_qvarma_p1q1r2 603944723.50676      0.000    638  
  cop_0190_qvarma_p1q1r2 670986945.70927      0.000    566  
  cop_0191_qvarma_p1q1r2 99222745.71466      0.001    997  
  cop_0192_qvarma_p1q1r2 771454911.62353      0.000    485  
  cop_0193_qvarma_p1q1r2 1537586280.02594      0.000    268  
  cop_0194_qvarma_p1q1r2 949783757.08028      0.000    625  
  cop_0195_qvarma_p1q1r2 923174869.54231      0.000    446  
  cop_0196_qvarma_p1q1r2 945373662.88902      0.000    356  
  cop_0197_qvarma_p1q1r2 846297408.93674      0.000    382  
  cop_0198_qvarma_p1q1r2 914657157.97051      0.000    355  
  cop_0199_qvarma_p1q1r2 1018087084.36055      0.000    471  
  cop_0200_qvarma_p1q1r2 623284412.51357      0.000    572  
  cop_0201_qvarma_p1q1r2 1493303175.42855      0.000    211  
  cop_0202_qvarma_p1q1r2 727751177.02633      0.000    483  
  cop_0203_qvarma_p1q1r2 867618229.06680      0.000    514  
  cop_0204_qvarma_p1q1r2 630981625.73534      0.000    608  
  cop_0205_qvarma_p1q1r2 150515386.61056      0.000    969  
  cop_0206_qvarma_p1q1r2 528734286.64253      0.000    688  
  cop_0207_qvarma_p1q1r2 991793327.33342      0.000    590  
  cop_0208_qvarma_p1q1r2 1510597178.50728      0.000    116  
  cop_0209_qvarma_p1q1r2 738839079.46971      0.000    537  
  cop_0210_qvarma_p1q1r2 479137990.00011      0.000    707  
  cop_0211_qvarma_p1q1r2 183645263.54291      0.000    958  
  cop_0212_qvarma_p1q1r2 859646669.91659      0.000    391  
  cop_0213_qvarma_p1q1r2 567699662.64895      0.000    806  
  cop_0214_qvarma_p1q1r2 1258021040.21451      0.000    159  
  cop_0215_qvarma_p1q1r2 299257943.41296      0.000    875  
  cop_0216_qvarma_p1q1r2 2316977222.09581      0.000     44  
  cop_0217_qvarma_p1q1r2 1426915187.90590      0.000    191  
  cop_0218_qvarma_p1q1r2 988510180.62879      0.000    319  
  cop_0219_qvarma_p1q1r2 740822540.14898      0.000    530  
  cop_0220_qvarma_p1q1r2 758742289.92066      0.000    579  
  cop_0221_qvarma_p1q1r2 1992307617.51136      0.000     84  
  cop_0222_qvarma_p1q1r2 1332524507.64076      0.000    292  
  cop_0223_qvarma_p1q1r2 1026670896.46794      0.000    376  
  cop_0224_qvarma_p1q1r2 710260062.09466      0.000    518  
  cop_0225_qvarma_p1q1r2 230251007.04979      0.000    924  
  cop_0226_qvarma_p1q1r2 245671461.56198      0.000    921  
  cop_0227_qvarma_p1q1r2 1003876092.23608      0.000    510  
  cop_0228_qvarma_p1q1r2 653665013.34647      0.000    759  
  cop_0229_qvarma_p1q1r2 633580123.52298      0.000    562  
  cop_0230_qvarma_p1q1r2 2889176268.08914      0.000      5  
  cop_0231_qvarma_p1q1r2 191323535.23463      0.000    947  
  cop_0232_qvarma_p1q1r2 363770339.87239      0.000    835  
  cop_0233_qvarma_p1q1r2 697902113.44793      0.000    552  
  cop_0234_qvarma_p1q1r2 3372096521.07979      0.000     13  
  cop_0235_qvarma_p1q1r2 1271272308.46772      0.000    283  
  cop_0236_qvarma_p1q1r2 730552741.13806      0.000    606  
  cop_0237_qvarma_p1q1r2 276167648.20238      0.000    895  
  cop_0238_qvarma_p1q1r2 401926246.54418      0.000    778  
  cop_0239_qvarma_p1q1r2 214512822.55325      0.000    933  
  cop_0240_qvarma_p1q1r2 554517993.71810      0.000    674  
  cop_0241_qvarma_p1q1r2 270936852.21745      0.000    918  
  cop_0242_qvarma_p1q1r2 1111144963.71407      0.000    279  
  cop_0243_qvarma_p1q1r2 494379549.60870      0.000    826  
  cop_0244_qvarma_p1q1r2 1489672217.09747      0.000    133  
  cop_0245_qvarma_p1q1r2 810275631.60495      0.000    388  
  cop_0246_qvarma_p1q1r2 1353226720.25800      0.000    166  
  cop_0247_qvarma_p1q1r2 1267555495.95664      0.000    296  
  cop_0248_qvarma_p1q1r2 551797750.37294      0.000    687  
  cop_0249_qvarma_p1q1r2 402972378.98259      0.000    785  
  cop_0250_qvarma_p1q1r2 936921119.21521      0.000    367  
  cop_0251_qvarma_p1q1r2 1403325243.50180      0.000    222  
  cop_0252_qvarma_p1q1r2 1145076347.87717      0.000    253  
  cop_0253_qvarma_p1q1r2 952573774.82406      0.000    307  
  cop_0254_qvarma_p1q1r2 194390912.74733      0.000    959  
  cop_0255_qvarma_p1q1r2 1200870899.75202      0.000    440  
  cop_0256_qvarma_p1q1r2 563214974.36059      0.000    834  
  cop_0257_qvarma_p1q1r2 623136570.11760      0.000    549  
  cop_0258_qvarma_p1q1r2 500200849.74341      0.000    701  
  cop_0259_qvarma_p1q1r2 652560119.00946      0.000    589  
  cop_0260_qvarma_p1q1r2 2115301642.16162      0.000     49  
  cop_0261_qvarma_p1q1r2 530613393.88831      0.000    703  
  cop_0262_qvarma_p1q1r2 791526103.57350      0.000    489  
  cop_0263_qvarma_p1q1r2 1334340119.79572      0.000    219  
  cop_0264_qvarma_p1q1r2 601281095.23879      0.000    599  
  cop_0265_qvarma_p1q1r2 767853006.07625      0.000    533  
  cop_0266_qvarma_p1q1r2 1962612534.89552      0.000     59  
  cop_0267_qvarma_p1q1r2 445289597.06305      0.000    737  
  cop_0268_qvarma_p1q1r2 374142083.83756      0.000    820  
  cop_0269_qvarma_p1q1r2 561395963.25252      0.000    840  
  cop_0270_qvarma_p1q1r2 1401219379.74976      0.000    332  
  cop_0271_qvarma_p1q1r2 899159930.51408      0.000    377  
  cop_0272_qvarma_p1q1r2 1096231847.91108      0.000    409  
  cop_0273_qvarma_p1q1r2 609392901.64291      0.000    598  
  cop_0274_qvarma_p1q1r2 541932485.47186      0.000    666  
  cop_0275_qvarma_p1q1r2 527474060.65492      0.000    646  
  cop_0276_qvarma_p1q1r2 1066354639.37180      0.000    335  
  cop_0277_qvarma_p1q1r2 1609713179.23768      0.000    203  
  cop_0278_qvarma_p1q1r2 847520724.56976      0.000    426  
  cop_0279_qvarma_p1q1r2 981379155.66089      0.000    294  
  cop_0280_qvarma_p1q1r2 840827937.33586      0.000    404  
  cop_0281_qvarma_p1q1r2 92773967.41776      0.001    998  
  cop_0282_qvarma_p1q1r2 299046700.59499      0.000    870  
  cop_0283_qvarma_p1q1r2 755002464.36044      0.000    465  
  cop_0284_qvarma_p1q1r2 1242651145.94862      0.000    326  
  cop_0285_qvarma_p1q1r2 127125424.82298      0.000    977  
  cop_0286_qvarma_p1q1r2 1164696872.96476      0.000    225  
  cop_0287_qvarma_p1q1r2 937670457.01953      0.000    327  
  cop_0288_qvarma_p1q1r2 539221170.35042      0.000    656  
  cop_0289_qvarma_p1q1r2 2739719010.67457      0.000     75  
  cop_0290_qvarma_p1q1r2 1060516162.52028      0.000    248  
  cop_0291_qvarma_p1q1r2 1666828813.65125      0.000     87  
  cop_0292_qvarma_p1q1r2 1398543892.71627      0.000    175  
  cop_0293_qvarma_p1q1r2 323447516.87991      0.000    874  
  cop_0294_qvarma_p1q1r2 350326923.11592      0.000    853  
  cop_0295_qvarma_p1q1r2 2782929505.06713      0.000     11  
  cop_0296_qvarma_p1q1r2 979900830.06662      0.000    317  
  cop_0297_qvarma_p1q1r2 760577059.21191      0.000    486  
  cop_0298_qvarma_p1q1r2 110083376.29075      0.000    988  
  cop_0299_qvarma_p1q1r2 1041030397.61259      0.000    309  
  cop_0300_qvarma_p1q1r2 1230604109.48087      0.000    171  
  cop_0301_qvarma_p1q1r2 739211154.58143      0.000    488  
  cop_0302_qvarma_p1q1r2 523166512.85121      0.000    676  
  cop_0303_qvarma_p1q1r2 521652717.13284      0.000    661  
  cop_0304_qvarma_p1q1r2 471751625.01999      0.000    746  
  cop_0305_qvarma_p1q1r2 2914716797.42859      0.000     27  
  cop_0306_qvarma_p1q1r2 840330661.76110      0.000    601  
  cop_0307_qvarma_p1q1r2 439450241.57889      0.000    775  
  cop_0308_qvarma_p1q1r2 809192164.29048      0.000    419  
  cop_0309_qvarma_p1q1r2 769601751.25385      0.000    427  
  cop_0310_qvarma_p1q1r2 398083114.34430      0.000    800  
  cop_0311_qvarma_p1q1r2 639641697.08221      0.000    526  
  cop_0312_qvarma_p1q1r2 358214181.55268      0.000    828  
  cop_0313_qvarma_p1q1r2 1722204606.09569      0.000    101  
  cop_0314_qvarma_p1q1r2 906681756.82633      0.000    487  
  cop_0315_qvarma_p1q1r2 906760425.44720      0.000    432  
  cop_0316_qvarma_p1q1r2 854510703.97406      0.000    396  
  cop_0317_qvarma_p1q1r2 1232300607.28226      0.000    341  
  cop_0318_qvarma_p1q1r2 1128199805.17276      0.000    251  
  cop_0319_qvarma_p1q1r2 822092039.36719      0.000    445  
  cop_0320_qvarma_p1q1r2 515502076.20739      0.000    721  
  cop_0321_qvarma_p1q1r2 307471844.34255      0.000    912  
  cop_0322_qvarma_p1q1r2 1536796366.46874      0.000    141  
  cop_0323_qvarma_p1q1r2 1682677953.83131      0.000    194  
  cop_0324_qvarma_p1q1r2 2880367289.11147      0.000     14  
  cop_0325_qvarma_p1q1r2 1044957184.97591      0.000    247  
  cop_0326_qvarma_p1q1r2 2571876881.51077      0.000     29  
  cop_0327_qvarma_p1q1r2 2278835363.80386      0.000     34  
  cop_0328_qvarma_p1q1r2 1736658340.57450      0.000    107  
  cop_0329_qvarma_p1q1r2 1030723604.76758      0.000    422  
  cop_0330_qvarma_p1q1r2 751685473.51779      0.000    447  
  cop_0331_qvarma_p1q1r2 471696564.26167      0.000    711  
  cop_0332_qvarma_p1q1r2 631810372.16795      0.000    578  
  cop_0333_qvarma_p1q1r2 1619407374.85517      0.000    112  
  cop_0334_qvarma_p1q1r2 614881388.50474      0.000    685  
  cop_0335_qvarma_p1q1r2 118548334.38148      0.000    986  
  cop_0336_qvarma_p1q1r2 896598119.77259      0.000    387  
  cop_0337_qvarma_p1q1r2 569306388.18591      0.000    670  
  cop_0338_qvarma_p1q1r2 2794323679.51567      0.000    298  
  cop_0339_qvarma_p1q1r2 850421706.79768      0.000    457  
  cop_0340_qvarma_p1q1r2 1093596564.36932      0.000    260  
  cop_0341_qvarma_p1q1r2 1928411488.23902      0.000     46  
  cop_0342_qvarma_p1q1r2 628963463.00264      0.000    570  
  cop_0343_qvarma_p1q1r2 407929681.96327      0.000    880  
  cop_0344_qvarma_p1q1r2 587861767.34348      0.000    582  
  cop_0345_qvarma_p1q1r2 395929161.25958      0.000    795  
  cop_0346_qvarma_p1q1r2 295218662.49444      0.000    894  
  cop_0347_qvarma_p1q1r2 303958551.05214      0.000    881  
  cop_0348_qvarma_p1q1r2 172322860.76540      0.000    953  
  cop_0349_qvarma_p1q1r2 596270116.83079      0.000    734  
  cop_0350_qvarma_p1q1r2 165977272.52720      0.000    972  
  cop_0351_qvarma_p1q1r2 280813529.84188      0.000    885  
  cop_0352_qvarma_p1q1r2 1109458810.29744      0.000    271  
  cop_0353_qvarma_p1q1r2 357243833.73961      0.000    860  
  cop_0354_qvarma_p1q1r2 2761738809.00532      0.000      7  
  cop_0355_qvarma_p1q1r2 397564382.77993      0.000    849  
  cop_0356_qvarma_p1q1r2 959054199.15928      0.000    612  
  cop_0357_qvarma_p1q1r2 2733408737.45310      0.000     39  
  cop_0358_qvarma_p1q1r2 745552191.82410      0.000    481  
  cop_0359_qvarma_p1q1r2 835280076.42427      0.000    424  
  cop_0360_qvarma_p1q1r2 1358141125.53286      0.000    178  
  cop_0361_qvarma_p1q1r2 129749881.23724      0.000    980  
  cop_0362_qvarma_p1q1r2 1361888919.80604      0.000    176  
  cop_0363_qvarma_p1q1r2 1033695544.19785      0.000    451  
  cop_0364_qvarma_p1q1r2 339084024.37641      0.000    833  
  cop_0365_qvarma_p1q1r2 1194067349.79013      0.000    169  
  cop_0366_qvarma_p1q1r2 899551301.71857      0.000    392  
  cop_0367_qvarma_p1q1r2 325569545.02987      0.000    869  
  cop_0368_qvarma_p1q1r2 1125111399.68499      0.000    398  
  cop_0369_qvarma_p1q1r2 238195141.50079      0.000    910  
  cop_0370_qvarma_p1q1r2 839829145.13106      0.000    412  
  cop_0371_qvarma_p1q1r2 1363481819.52494      0.000    275  
  cop_0372_qvarma_p1q1r2 2202782274.72823      0.000     55  
  cop_0373_qvarma_p1q1r2 1127298613.77107      0.000    245  
  cop_0374_qvarma_p1q1r2 316262353.41206      0.000    913  
  cop_0375_qvarma_p1q1r2 1561823730.90255      0.000    108  
  cop_0376_qvarma_p1q1r2 1049187969.62783      0.000    288  
  cop_0377_qvarma_p1q1r2 445848605.51119      0.000    779  
  cop_0378_qvarma_p1q1r2 563478787.85724      0.000    655  
  cop_0379_qvarma_p1q1r2 475022186.56753      0.000    745  
  cop_0380_qvarma_p1q1r2 922977274.02456      0.000    325  
  cop_0381_qvarma_p1q1r2 1300374833.43899      0.000    161  
  cop_0382_qvarma_p1q1r2 328301730.38139      0.000    852  
  cop_0383_qvarma_p1q1r2 1664265367.32966      0.000     81  
  cop_0384_qvarma_p1q1r2 3043141210.39902      0.000      8  
  cop_0385_qvarma_p1q1r2 718774952.64383      0.000    535  
  cop_0386_qvarma_p1q1r2 1084402138.37266      0.000    284  
  cop_0387_qvarma_p1q1r2 1213378960.33332      0.000    287  
  cop_0388_qvarma_p1q1r2 551309625.69428      0.000    657  
  cop_0389_qvarma_p1q1r2 1188771982.37276      0.000    241  
  cop_0390_qvarma_p1q1r2 138360365.25061      0.000    984  
  cop_0391_qvarma_p1q1r2 1249208321.76638      0.000    265  
  cop_0392_qvarma_p1q1r2 1076325302.43972      0.000    362  
  cop_0393_qvarma_p1q1r2 920578684.48328      0.000    353  
  cop_0394_qvarma_p1q1r2 790759537.10480      0.000    555  
  cop_0395_qvarma_p1q1r2 456355352.79225      0.000    720  
  cop_0396_qvarma_p1q1r2 1339942484.02689      0.000    322  
  cop_0397_qvarma_p1q1r2 156983783.54279      0.000    962  
  cop_0398_qvarma_p1q1r2 3939643887.85799      0.000      3  
  cop_0399_qvarma_p1q1r2 528688749.32661      0.000    794  
  cop_0400_qvarma_p1q1r2 654129509.67631      0.000    551  
  cop_0401_qvarma_p1q1r2 1239165396.82098      0.000    372  
  cop_0402_qvarma_p1q1r2 415834858.84677      0.000    781  
  cop_0403_qvarma_p1q1r2 264613492.61476      0.000    903  
  cop_0404_qvarma_p1q1r2 1617216819.46534      0.000     83  
  cop_0405_qvarma_p1q1r2 1888682962.69362      0.000     57  
  cop_0406_qvarma_p1q1r2 632937917.64858      0.000    595  
  cop_0407_qvarma_p1q1r2 1867539471.41568      0.000     74  
  cop_0408_qvarma_p1q1r2 454122442.95047      0.000    730  
  cop_0409_qvarma_p1q1r2 846696640.44916      0.000    390  
  cop_0410_qvarma_p1q1r2 242956910.81065      0.000    938  
  cop_0411_qvarma_p1q1r2 912147041.56723      0.000    438  
  cop_0412_qvarma_p1q1r2 549929399.53706      0.000    623  
  cop_0413_qvarma_p1q1r2 178223315.52652      0.000    948  
  cop_0414_qvarma_p1q1r2 2001059618.06823      0.000    156  
  cop_0415_qvarma_p1q1r2 1081126897.22092      0.000    220  
  cop_0416_qvarma_p1q1r2 710350754.81070      0.000    564  
  cop_0417_qvarma_p1q1r2 281478448.56564      0.000    897  
  cop_0418_qvarma_p1q1r2 852498854.36417      0.000    402  
  cop_0419_qvarma_p1q1r2 1036175816.03658      0.000    264  
  cop_0420_qvarma_p1q1r2 994668733.40254      0.000    302  
  cop_0421_qvarma_p1q1r2 709800108.39596      0.000    586  
  cop_0422_qvarma_p1q1r2 1336562472.43387      0.000    568  
  cop_0423_qvarma_p1q1r2 245771908.43837      0.000    920  
  cop_0424_qvarma_p1q1r2 1131648429.08393      0.000    285  
  cop_0425_qvarma_p1q1r2 1331619929.80965      0.000    167  
  cop_0426_qvarma_p1q1r2 1461669241.89920      0.000    369  
  cop_0427_qvarma_p1q1r2 659506081.91802      0.000    561  
  cop_0428_qvarma_p1q1r2 446084266.84380      0.000    748  
  cop_0429_qvarma_p1q1r2 56095390.96423      1.000      -  yes
  cop_0430_qvarma_p1q1r2 366347312.05659      0.000    824  
  cop_0431_qvarma_p1q1r2 325273459.19389      0.000    896  
  cop_0432_qvarma_p1q1r2 906672329.97417      0.000    380  
  cop_0433_qvarma_p1q1r2 578242797.42224      0.000    610  
  cop_0434_qvarma_p1q1r2 2604753197.30471      0.000     36  
  cop_0435_qvarma_p1q1r2 1281034611.21338      0.000    329  
  cop_0436_qvarma_p1q1r2 500314426.66000      0.000    722  
  cop_0437_qvarma_p1q1r2 388269069.87542      0.000    836  
  cop_0438_qvarma_p1q1r2 2447265384.48436      0.000     35  
  cop_0439_qvarma_p1q1r2 448344007.48456      0.000    813  
  cop_0440_qvarma_p1q1r2 409157094.31702      0.000    901  
  cop_0441_qvarma_p1q1r2 917730205.20820      0.000    350  
  cop_0442_qvarma_p1q1r2 1094396955.48957      0.000    361  
  cop_0443_qvarma_p1q1r2 303567568.26211      0.000    867  
  cop_0444_qvarma_p1q1r2 161003180.52571      0.000    973  
  cop_0445_qvarma_p1q1r2 748864932.93952      0.000    541  
  cop_0446_qvarma_p1q1r2 1254480696.43762      0.000    204  
  cop_0447_qvarma_p1q1r2 901134651.44013      0.000    458  
  cop_0448_qvarma_p1q1r2 768520413.15809      0.000    540  
  cop_0449_qvarma_p1q1r2 595138483.87422      0.000    629  
  cop_0450_qvarma_p1q1r2 158982136.62972      0.000    964  
  cop_0451_qvarma_p1q1r2 2148228144.16163      0.000    162  
  cop_0452_qvarma_p1q1r2 729652299.47999      0.000    558  
  cop_0453_qvarma_p1q1r2 420788147.82981      0.000    768  
  cop_0454_qvarma_p1q1r2 1394085839.24614      0.000    188  
  cop_0455_qvarma_p1q1r2 806034577.42925      0.000    384  
  cop_0456_qvarma_p1q1r2 1821880279.78544      0.000    119  
  cop_0457_qvarma_p1q1r2 551650689.62721      0.000    672  
  cop_0458_qvarma_p1q1r2 786787141.24761      0.000    577  
  cop_0459_qvarma_p1q1r2 276801800.69097      0.000    891  
  cop_0460_qvarma_p1q1r2 312792992.32924      0.000    866  
  cop_0461_qvarma_p1q1r2 622314178.32780      0.000    630  
  cop_0462_qvarma_p1q1r2 336354186.89229      0.000    842  
  cop_0463_qvarma_p1q1r2 1835262072.65545      0.000    121  
  cop_0464_qvarma_p1q1r2 2051184049.77101      0.000    290  
  cop_0465_qvarma_p1q1r2 433472726.37404      0.000    782  
  cop_0466_qvarma_p1q1r2 107738464.85626      0.000    989  
  cop_0467_qvarma_p1q1r2 529398874.66107      0.000    732  
  cop_0468_qvarma_p1q1r2 1039770508.23691      0.000    400  
  cop_0469_qvarma_p1q1r2 916612917.66766      0.000    567  
  cop_0470_qvarma_p1q1r2 590048915.19316      0.000    614  
  cop_0471_qvarma_p1q1r2 1201447416.82131      0.000    358  
  cop_0472_qvarma_p1q1r2 1731308455.29606      0.000     96  
  cop_0473_qvarma_p1q1r2 678531654.16600      0.000    588  
  cop_0474_qvarma_p1q1r2 484656152.75439      0.000    683  
  cop_0475_qvarma_p1q1r2 1104267097.33195      0.000    304  
  cop_0476_qvarma_p1q1r2 327387398.31725      0.000    857  
  cop_0477_qvarma_p1q1r2 280729950.41704      0.000    889  
  cop_0478_qvarma_p1q1r2 297399194.72733      0.000    908  
  cop_0479_qvarma_p1q1r2 1486748757.39185      0.000    158  
  cop_0480_qvarma_p1q1r2 124616927.47503      0.000    987  
  cop_0481_qvarma_p1q1r2 920910537.08479      0.000    463  
  cop_0482_qvarma_p1q1r2 1150568269.19393      0.000    467  
  cop_0483_qvarma_p1q1r2 608523473.52487      0.000    654  
  cop_0484_qvarma_p1q1r2 937979956.49341      0.000    311  
  cop_0485_qvarma_p1q1r2 3309089719.52262      0.000     17  
  cop_0486_qvarma_p1q1r2 1707892827.02439      0.000     78  
  cop_0487_qvarma_p1q1r2 1536007547.62456      0.000     85  
  cop_0488_qvarma_p1q1r2 1609958444.34847      0.000     73  
  cop_0489_qvarma_p1q1r2 613512557.94641      0.000    689  
  cop_0490_qvarma_p1q1r2 1266320137.19821      0.000    180  
  cop_0491_qvarma_p1q1r2 2186854761.53641      0.000     51  
  cop_0492_qvarma_p1q1r2 2046648792.06965      0.000     40  
  cop_0493_qvarma_p1q1r2 571616662.92243      0.000    621  
  cop_0494_qvarma_p1q1r2 772628012.20871      0.000    593  
  cop_0495_qvarma_p1q1r2 783210978.38843      0.000    455  
  cop_0496_qvarma_p1q1r2 633802379.47442      0.000    565  
  cop_0497_qvarma_p1q1r2 2570236762.44165      0.000     69  
  cop_0498_qvarma_p1q1r2 1464784648.16716      0.000    249  
  cop_0499_qvarma_p1q1r2 986901231.29975      0.000    344  
  cop_0500_qvarma_p1q1r2 586291425.89797      0.000    611  
  cop_0501_qvarma_p1q1r2 226269638.50106      0.000    929  
  cop_0502_qvarma_p1q1r2 498249501.08064      0.000    677  
  cop_0503_qvarma_p1q1r2 475526992.93661      0.000    755  
  cop_0504_qvarma_p1q1r2 594912777.65774      0.000    622  
  cop_0505_qvarma_p1q1r2 444049454.73483      0.000    786  
  cop_0506_qvarma_p1q1r2 1923806482.74758      0.000     58  
  cop_0507_qvarma_p1q1r2 2465060838.86310      0.000     88  
  cop_0508_qvarma_p1q1r2 1128828776.84435      0.000    364  
  cop_0509_qvarma_p1q1r2 223848165.40096      0.000    915  
  cop_0510_qvarma_p1q1r2 101498306.48819      0.001    993  
  cop_0511_qvarma_p1q1r2 1495793023.46886      0.000    109  
  cop_0512_qvarma_p1q1r2 412310508.42219      0.000    798  
  cop_0513_qvarma_p1q1r2 1116130870.59651      0.000    312  
  cop_0514_qvarma_p1q1r2 366708919.75299      0.000    838  
  cop_0515_qvarma_p1q1r2 660769542.59080      0.000    581  
  cop_0516_qvarma_p1q1r2 532155757.34902      0.000    809  
  cop_0517_qvarma_p1q1r2 569928820.00107      0.000    617  
  cop_0518_qvarma_p1q1r2 1591836667.43253      0.000    228  
  cop_0519_qvarma_p1q1r2 162167999.10721      0.000    957  
  cop_0520_qvarma_p1q1r2 1087933828.51376      0.000    321  
  cop_0521_qvarma_p1q1r2 746360416.07616      0.000    527  
  cop_0522_qvarma_p1q1r2 862056368.80180      0.000    437  
  cop_0523_qvarma_p1q1r2 274631324.52897      0.000    907  
  cop_0524_qvarma_p1q1r2 469139096.05473      0.000    708  
  cop_0525_qvarma_p1q1r2 459982687.71058      0.000    904  
  cop_0526_qvarma_p1q1r2 1626558126.80030      0.000    574  
  cop_0527_qvarma_p1q1r2 280419431.09487      0.000    879  
  cop_0528_qvarma_p1q1r2 972621548.93033      0.000    310  
  cop_0529_qvarma_p1q1r2 352176065.15063      0.000    839  
  cop_0530_qvarma_p1q1r2 1176193582.55356      0.000    213  
  cop_0531_qvarma_p1q1r2 552505522.88397      0.000    627  
  cop_0532_qvarma_p1q1r2 974664074.97461      0.000    282  
  cop_0533_qvarma_p1q1r2 329946840.57495      0.000    928  
  cop_0534_qvarma_p1q1r2 189653213.25568      0.000    963  
  cop_0535_qvarma_p1q1r2 2351469538.23880      0.000     43  
  cop_0536_qvarma_p1q1r2 460540676.25748      0.000    812  
  cop_0537_qvarma_p1q1r2 672837083.55853      0.000    519  
  cop_0538_qvarma_p1q1r2 149641732.82000      0.000    975  
  cop_0539_qvarma_p1q1r2 1221358161.51793      0.000    227  
  cop_0540_qvarma_p1q1r2 443152495.54110      0.000    831  
  cop_0541_qvarma_p1q1r2 1263130405.39339      0.000    198  
  cop_0542_qvarma_p1q1r2 145022641.61762      0.000    967  
  cop_0543_qvarma_p1q1r2 2329059963.63699      0.000     54  
  cop_0544_qvarma_p1q1r2 2437930705.47474      0.000    154  
  cop_0545_qvarma_p1q1r2 1934469819.41196      0.000    146  
  cop_0546_qvarma_p1q1r2 453760560.88353      0.000    791  
  cop_0547_qvarma_p1q1r2 584720882.32898      0.000    616  
  cop_0548_qvarma_p1q1r2 1613998678.41399      0.000    168  
  cop_0549_qvarma_p1q1r2 4069196118.84755      0.000      9  
  cop_0550_qvarma_p1q1r2 937489348.23796      0.000    318  
  cop_0551_qvarma_p1q1r2 1236526170.24312      0.000    226  
  cop_0552_qvarma_p1q1r2 1855651936.61197      0.000    345  
  cop_0553_qvarma_p1q1r2 308806600.67528      0.000    850  
  cop_0554_qvarma_p1q1r2 148446161.95705      0.000    970  
  cop_0555_qvarma_p1q1r2 280347701.07547      0.000    886  
  cop_0556_qvarma_p1q1r2 1027595048.15407      0.000    305  
  cop_0557_qvarma_p1q1r2 1530997957.93545      0.000    144  
  cop_0558_qvarma_p1q1r2 667324552.89916      0.000    536  
  cop_0559_qvarma_p1q1r2 1563684785.63707      0.000    173  
  cop_0560_qvarma_p1q1r2 1607828200.47163      0.000    151  
  cop_0561_qvarma_p1q1r2 3903490084.54444      0.000     33  
  cop_0562_qvarma_p1q1r2 673880829.76893      0.000    550  
  cop_0563_qvarma_p1q1r2 777549053.03290      0.000    473  
  cop_0564_qvarma_p1q1r2 1287098363.28613      0.000    340  
  cop_0565_qvarma_p1q1r2 410112819.40166      0.000    793  
  cop_0566_qvarma_p1q1r2 223368219.27224      0.000    922  
  cop_0567_qvarma_p1q1r2 926616299.85848      0.000    360  
  cop_0568_qvarma_p1q1r2 624600137.54746      0.000    573  
  cop_0569_qvarma_p1q1r2 2944818893.48870      0.000     42  
  cop_0570_qvarma_p1q1r2 451035611.34316      0.000    823  
  cop_0571_qvarma_p1q1r2 1058563162.52261      0.000    452  
  cop_0572_qvarma_p1q1r2 1741360909.47035      0.000     98  
  cop_0573_qvarma_p1q1r2 996210980.64136      0.000    303  
  cop_0574_qvarma_p1q1r2 335523259.85908      0.000    890  
  cop_0575_qvarma_p1q1r2 239030529.36257      0.000    914  
  cop_0576_qvarma_p1q1r2 1033546018.64680      0.000    337  
  cop_0577_qvarma_p1q1r2 1188250743.83954      0.000    454  
  cop_0578_qvarma_p1q1r2 3698638880.35042      0.000      1  
  cop_0579_qvarma_p1q1r2 1006070561.29988      0.000    289  
  cop_0580_qvarma_p1q1r2 1595550429.39544      0.000     95  
  cop_0581_qvarma_p1q1r2 1687597182.93035      0.000    102  
  cop_0582_qvarma_p1q1r2 1289843855.36262      0.000    170  
  cop_0583_qvarma_p1q1r2 1905743646.52675      0.000     38  
  cop_0584_qvarma_p1q1r2 1098062145.17065      0.000    252  
  cop_0585_qvarma_p1q1r2 590929853.96768      0.000    594  
  cop_0586_qvarma_p1q1r2 514354312.08855      0.000    667  
  cop_0587_qvarma_p1q1r2 1664153714.94684      0.000     97  
  cop_0588_qvarma_p1q1r2 527338408.98890      0.000    639  
  cop_0589_qvarma_p1q1r2 1464093556.50574      0.000    136  
  cop_0590_qvarma_p1q1r2 587722012.58476      0.000    592  
  cop_0591_qvarma_p1q1r2 831119566.19457      0.000    405  
  cop_0592_qvarma_p1q1r2 838104257.84477      0.000    423  
  cop_0593_qvarma_p1q1r2 2714491274.16600      0.000    517  
  cop_0594_qvarma_p1q1r2 502371648.85967      0.000    663  
  cop_0595_qvarma_p1q1r2 671017317.93949      0.000    531  
  cop_0596_qvarma_p1q1r2 1079515178.29402      0.000    277  
  cop_0597_qvarma_p1q1r2 416756718.06525      0.000    804  
  cop_0598_qvarma_p1q1r2 166538704.61629      0.000    956  
  cop_0599_qvarma_p1q1r2 657269103.08456      0.000    545  
  cop_0600_qvarma_p1q1r2 405606170.91731      0.000    787  
  cop_0601_qvarma_p1q1r2 1031537406.80807      0.000    359  
  cop_0602_qvarma_p1q1r2 668617844.38462      0.000    516  
  cop_0603_qvarma_p1q1r2 596020339.12626      0.000    631  
  cop_0604_qvarma_p1q1r2 716315268.79842      0.000    580  
  cop_0605_qvarma_p1q1r2 1562150741.92470      0.000    130  
  cop_0606_qvarma_p1q1r2 1288029189.70620      0.000    266  
  cop_0607_qvarma_p1q1r2 1155763798.01243      0.000    209  
  cop_0608_qvarma_p1q1r2 476491425.26776      0.000    713  
  cop_0609_qvarma_p1q1r2 1925111357.24415      0.000     60  
  cop_0610_qvarma_p1q1r2 1745670402.14580      0.000     68  
  cop_0611_qvarma_p1q1r2 550662963.76029      0.000    624  
  cop_0612_qvarma_p1q1r2 518258842.32006      0.000    659  
  cop_0613_qvarma_p1q1r2 531336724.81424      0.000    678  
  cop_0614_qvarma_p1q1r2 1075010508.87235      0.000    254  
  cop_0615_qvarma_p1q1r2 815849529.73069      0.000    482  
  cop_0616_qvarma_p1q1r2 443390921.89729      0.000    757  
  cop_0617_qvarma_p1q1r2 808444196.63297      0.000    559  
  cop_0618_qvarma_p1q1r2 1058462773.47526      0.000    267  
  cop_0619_qvarma_p1q1r2 368244605.37528      0.000    832  
  cop_0620_qvarma_p1q1r2 418070582.99643      0.000    796  
  cop_0621_qvarma_p1q1r2 1444500306.59012      0.000    232  
  cop_0622_qvarma_p1q1r2 1458163330.33970      0.000    223  
  cop_0623_qvarma_p1q1r2 1365172132.84286      0.000    196  
  cop_0624_qvarma_p1q1r2 531411287.56571      0.000    799  
  cop_0625_qvarma_p1q1r2 1027308747.77580      0.000    472  
  cop_0626_qvarma_p1q1r2 850146581.38564      0.000    415  
  cop_0627_qvarma_p1q1r2 789600225.20410      0.000    442  
  cop_0628_qvarma_p1q1r2 457177005.68552      0.000    736  
  cop_0629_qvarma_p1q1r2 817489085.39149      0.000    468  
  cop_0630_qvarma_p1q1r2 2494006387.84551      0.000     72  
  cop_0631_qvarma_p1q1r2 2514713349.87956      0.000    128  
  cop_0632_qvarma_p1q1r2 842349254.41535      0.000    448  
  cop_0633_qvarma_p1q1r2 2699744355.58653      0.000     61  
  cop_0634_qvarma_p1q1r2 280890850.52899      0.000    878  
  cop_0635_qvarma_p1q1r2 215530044.96412      0.000    934  
  cop_0636_qvarma_p1q1r2 932010823.22361      0.000    336  
  cop_0637_qvarma_p1q1r2 2327911234.21877      0.000     15  
  cop_0638_qvarma_p1q1r2 654181508.16118      0.000    556  
  cop_0639_qvarma_p1q1r2 612455679.94856      0.000    626  
  cop_0640_qvarma_p1q1r2 701380616.59628      0.000    506  
  cop_0641_qvarma_p1q1r2 396507047.43791      0.000    808  
  cop_0642_qvarma_p1q1r2 326236933.36741      0.000    848  
  cop_0643_qvarma_p1q1r2 550878167.68814      0.000    718  
  cop_0644_qvarma_p1q1r2 439010681.82507      0.000    728  
  cop_0645_qvarma_p1q1r2 345810833.30982      0.000    843  
  cop_0646_qvarma_p1q1r2 433814576.99395      0.000    803  
  cop_0647_qvarma_p1q1r2 471580321.05652      0.000    749  
  cop_0648_qvarma_p1q1r2 2287006861.14408      0.000     21  
  cop_0649_qvarma_p1q1r2 713931096.24120      0.000    512  
  cop_0650_qvarma_p1q1r2 606419939.21298      0.000    698  
  cop_0651_qvarma_p1q1r2 1468527494.43332      0.000    183  
  cop_0652_qvarma_p1q1r2 266608953.38911      0.000    940  
  cop_0653_qvarma_p1q1r2 639575411.84591      0.000    597  
  cop_0654_qvarma_p1q1r2 1095615132.10267      0.000    681  
  cop_0655_qvarma_p1q1r2 657070615.00676      0.000    548  
  cop_0656_qvarma_p1q1r2 508857683.52649      0.000    710  
  cop_0657_qvarma_p1q1r2 1656242118.38648      0.000    184  
  cop_0658_qvarma_p1q1r2 930646693.46608      0.000    328  
  cop_0659_qvarma_p1q1r2 907632793.46765      0.000    484  
  cop_0660_qvarma_p1q1r2 124481367.62892      0.000    983  
  cop_0661_qvarma_p1q1r2 531714016.32133      0.000    764  
  cop_0662_qvarma_p1q1r2 490463965.11252      0.000    693  
  cop_0663_qvarma_p1q1r2 945406081.21793      0.000    368  
  cop_0664_qvarma_p1q1r2 171366471.36137      0.000    955  
  cop_0665_qvarma_p1q1r2 334509785.41484      0.000    892  
  cop_0666_qvarma_p1q1r2 743882245.78269      0.000    509  
  cop_0667_qvarma_p1q1r2 1348232967.35637      0.000    229  
  cop_0668_qvarma_p1q1r2 1458760296.33782      0.000    139  
  cop_0669_qvarma_p1q1r2 1211126662.66865      0.000    379  
  cop_0670_qvarma_p1q1r2 1060902073.65530      0.000    257  
  cop_0671_qvarma_p1q1r2 1197165977.51255      0.000    343  
  cop_0672_qvarma_p1q1r2 411103082.19385      0.000    825  
  cop_0673_qvarma_p1q1r2 181839659.52723      0.000    951  
  cop_0674_qvarma_p1q1r2 4656844829.65120      0.000      2  
  cop_0675_qvarma_p1q1r2 1251218483.57143      0.000    221  
  cop_0676_qvarma_p1q1r2 1230210883.08056      0.000    214  
  cop_0677_qvarma_p1q1r2 1223625961.57517      0.000    181  
  cop_0678_qvarma_p1q1r2 580924743.91730      0.000    662  
  cop_0679_qvarma_p1q1r2 1237371537.12062      0.000    163  
  cop_0680_qvarma_p1q1r2 785994760.95090      0.000    507  
  cop_0681_qvarma_p1q1r2 449341369.67713      0.000    743  
  cop_0682_qvarma_p1q1r2 426761763.68413      0.000    761  
  cop_0683_qvarma_p1q1r2 476211192.33095      0.000    844  
  cop_0684_qvarma_p1q1r2 121642864.31587      0.000    981  
  cop_0685_qvarma_p1q1r2 217641152.88223      0.000    939  
  cop_0686_qvarma_p1q1r2 560437586.51508      0.000    865  
  cop_0687_qvarma_p1q1r2 438539153.44395      0.000    754  
  cop_0688_qvarma_p1q1r2 3112354825.94337      0.000     47  
  cop_0689_qvarma_p1q1r2 102967193.31254      0.001    992  
  cop_0690_qvarma_p1q1r2 1169063540.35637      0.000    216  
  cop_0691_qvarma_p1q1r2 430782073.72711      0.000    788  
  cop_0692_qvarma_p1q1r2 2561877258.63629      0.000    114  
  cop_0693_qvarma_p1q1r2 443252074.59314      0.000    789  
  cop_0694_qvarma_p1q1r2 159382989.75297      0.000    968  
  cop_0695_qvarma_p1q1r2 1461660193.83136      0.000    160  
  cop_0696_qvarma_p1q1r2 1437001801.43011      0.000    456  
  cop_0697_qvarma_p1q1r2 494774477.62977      0.000    851  
  cop_0698_qvarma_p1q1r2 1500374872.13183      0.000    142  
  cop_0699_qvarma_p1q1r2 1129737713.29520      0.000    217  
  cop_0700_qvarma_p1q1r2 828587363.77495      0.000    476  
  cop_0701_qvarma_p1q1r2 1795047403.27059      0.000     62  
  cop_0702_qvarma_p1q1r2 102830723.84816      0.000    990  
  cop_0703_qvarma_p1q1r2 1155632311.13019      0.000    218  
  cop_0704_qvarma_p1q1r2 678287156.56916      0.000    532  
  cop_0705_qvarma_p1q1r2 2773881411.25502      0.000     30  
  cop_0706_qvarma_p1q1r2 692335290.67939      0.000    538  
  cop_0707_qvarma_p1q1r2 768843234.10574      0.000    466  
  cop_0708_qvarma_p1q1r2 234042157.63343      0.000    937  
  cop_0709_qvarma_p1q1r2 1107696899.01379      0.000    235  
  cop_0710_qvarma_p1q1r2 845968738.97364      0.000    399  
  cop_0711_qvarma_p1q1r2 413774259.35362      0.000    899  
  cop_0712_qvarma_p1q1r2 438496159.50864      0.000    758  
  cop_0713_qvarma_p1q1r2 508832928.44749      0.000    742  
  cop_0714_qvarma_p1q1r2 1108946840.09269      0.000    237  
  cop_0715_qvarma_p1q1r2 3405582281.64271      0.000     76  
  cop_0716_qvarma_p1q1r2 1127257323.92294      0.000    215  
  cop_0717_qvarma_p1q1r2 251596304.59240      0.000    919  
  cop_0718_qvarma_p1q1r2 737983649.70169      0.000    543  
  cop_0719_qvarma_p1q1r2 1175337254.19117      0.000    316  
  cop_0720_qvarma_p1q1r2 740718921.83869      0.000    583  
  cop_0721_qvarma_p1q1r2 1067729076.60443      0.000    314  
  cop_0722_qvarma_p1q1r2 820595971.91677      0.000    434  
  cop_0723_qvarma_p1q1r2 439094363.73996      0.000    740  
  cop_0724_qvarma_p1q1r2 723632643.26884      0.000    542  
  cop_0725_qvarma_p1q1r2 359395821.26005      0.000    854  
  cop_0726_qvarma_p1q1r2 549909603.41518      0.000    637  
  cop_0727_qvarma_p1q1r2 624796688.07298      0.000    585  
  cop_0728_qvarma_p1q1r2 378493940.53802      0.000    807  
  cop_0729_qvarma_p1q1r2 638995754.67393      0.000    651  
  cop_0730_qvarma_p1q1r2 703105825.64559      0.000    560  
  cop_0731_qvarma_p1q1r2 606005032.44433      0.000    609  
  cop_0732_qvarma_p1q1r2 1977762315.74583      0.000    138  
  cop_0733_qvarma_p1q1r2 858449400.68189      0.000    407  
  cop_0734_qvarma_p1q1r2 1351384326.07060      0.000    131  
  cop_0735_qvarma_p1q1r2 1517099495.80730      0.000    164  
  cop_0736_qvarma_p1q1r2 850757861.83595      0.000    546  
  cop_0737_qvarma_p1q1r2 904708023.08861      0.000    385  
  cop_0738_qvarma_p1q1r2 309807568.24762      0.000    927  
  cop_0739_qvarma_p1q1r2 565270593.81176      0.000    632  
  cop_0740_qvarma_p1q1r2 1507211052.42508      0.000    461  
  cop_0741_qvarma_p1q1r2 463806838.61462      0.000    792  
  cop_0742_qvarma_p1q1r2 969210084.03181      0.000    371  
  cop_0743_qvarma_p1q1r2 1103881960.24745      0.000    212  
  cop_0744_qvarma_p1q1r2 464754751.93489      0.000    750  
  cop_0745_qvarma_p1q1r2 400257104.08157      0.000    822  
  cop_0746_qvarma_p1q1r2 430342857.13806      0.000    774  
  cop_0747_qvarma_p1q1r2 1198983626.84197      0.000    192  
  cop_0748_qvarma_p1q1r2 741114418.00493      0.000    494  
  cop_0749_qvarma_p1q1r2 1960468253.71057      0.000    224  
  cop_0750_qvarma_p1q1r2 3122839318.36469      0.000    117  
  cop_0751_qvarma_p1q1r2 219168098.16226      0.000    952  
  cop_0752_qvarma_p1q1r2 1165027608.71135      0.000    273  
  cop_0753_qvarma_p1q1r2 1483431479.59997      0.000    238  
  cop_0754_qvarma_p1q1r2 878227057.21608      0.000    414  
  cop_0755_qvarma_p1q1r2 774872387.79153      0.000    441  
  cop_0756_qvarma_p1q1r2 997277017.19591      0.000    366  
  cop_0757_qvarma_p1q1r2 1243934918.35805      0.000    333  
  cop_0758_qvarma_p1q1r2 216719770.31109      0.000    932  
  cop_0759_qvarma_p1q1r2 1187295614.78173      0.000    231  
  cop_0760_qvarma_p1q1r2 1033010189.41861      0.000    278  
  cop_0761_qvarma_p1q1r2 898819320.36112      0.000    338  
  cop_0762_qvarma_p1q1r2 668666676.37314      0.000    523  
  cop_0763_qvarma_p1q1r2 855579363.49120      0.000    603  
  cop_0764_qvarma_p1q1r2 1295234930.78743      0.000    276  
  cop_0765_qvarma_p1q1r2 1334476015.06635      0.000    479  
  cop_0766_qvarma_p1q1r2 846302119.15944      0.000    444  
  cop_0767_qvarma_p1q1r2 473879054.90176      0.000    699  
  cop_0768_qvarma_p1q1r2 918595773.68495      0.000    375  
  cop_0769_qvarma_p1q1r2 403057416.88099      0.000    769  
  cop_0770_qvarma_p1q1r2 389449424.66878      0.000    819  
  cop_0771_qvarma_p1q1r2 1074853456.27885      0.000    306  
  cop_0772_qvarma_p1q1r2 126598756.06195      0.000    982  
  cop_0773_qvarma_p1q1r2 354778416.92762      0.000    872  
  cop_0774_qvarma_p1q1r2 1186197667.26559      0.000    347  
  cop_0775_qvarma_p1q1r2 4849936741.38951      0.000      6  
  cop_0776_qvarma_p1q1r2 2023316416.83704      0.000     94  
  cop_0777_qvarma_p1q1r2 379923653.90268      0.000    817  
  cop_0778_qvarma_p1q1r2 1006206955.84830      0.000    433  
  cop_0779_qvarma_p1q1r2 291282645.55497      0.000    888  
  cop_0780_qvarma_p1q1r2 768102453.28545      0.000    475  
  cop_0781_qvarma_p1q1r2 1003594085.77759      0.000    420  
  cop_0782_qvarma_p1q1r2 139725000.85881      0.000    976  
  cop_0783_qvarma_p1q1r2 582932556.44233      0.000    634  
  cop_0784_qvarma_p1q1r2 912589586.11633      0.000    417  
  cop_0785_qvarma_p1q1r2 631859411.63512      0.000    569  
  cop_0786_qvarma_p1q1r2 1263165738.22509      0.000    199  
  cop_0787_qvarma_p1q1r2 1033450805.16893      0.000    259  
  cop_0788_qvarma_p1q1r2 971308626.10226      0.000    331  
  cop_0789_qvarma_p1q1r2 493919986.92231      0.000    705  
  cop_0790_qvarma_p1q1r2 1569314967.72845      0.000    100  
  cop_0791_qvarma_p1q1r2 1613396736.12068      0.000    129  
  cop_0792_qvarma_p1q1r2 949572474.97655      0.000    401  
  cop_0793_qvarma_p1q1r2 813494970.08621      0.000    443  
  cop_0794_qvarma_p1q1r2 327280734.59934      0.000    883  
  cop_0795_qvarma_p1q1r2 441283940.71008      0.000    747  
  cop_0796_qvarma_p1q1r2 391482426.37256      0.000    862  
  cop_0797_qvarma_p1q1r2 1361447281.57056      0.000    174  
  cop_0798_qvarma_p1q1r2 1477187215.32448      0.000    197  
  cop_0799_qvarma_p1q1r2 398726994.37194      0.000    818  
  cop_0800_qvarma_p1q1r2 2856773231.70201      0.000    105  
  cop_0801_qvarma_p1q1r2 1609940740.14689      0.000    522  
  cop_0802_qvarma_p1q1r2 540016390.69590      0.000    770  
  cop_0803_qvarma_p1q1r2 200137193.20430      0.000    943  
  cop_0804_qvarma_p1q1r2 688872798.89998      0.000    534  
  cop_0805_qvarma_p1q1r2 364671100.65769      0.000    811  
  cop_0806_qvarma_p1q1r2 784830732.94574      0.000    513  
  cop_0807_qvarma_p1q1r2 462174205.82221      0.000    766  
  cop_0808_qvarma_p1q1r2 2698744248.59968      0.000     10  
  cop_0809_qvarma_p1q1r2 1273406540.31043      0.000    250  
  cop_0810_qvarma_p1q1r2 699176959.55911      0.000    544  
  cop_0811_qvarma_p1q1r2 1048909144.01742      0.000    258  
  cop_0812_qvarma_p1q1r2 2565898310.84084      0.000     23  
  cop_0813_qvarma_p1q1r2 2499833603.71882      0.000     37  
  cop_0814_qvarma_p1q1r2 259458086.77865      0.000    906  
  cop_0815_qvarma_p1q1r2 2312608927.59537      0.000     48  
  cop_0816_qvarma_p1q1r2 593043507.53521      0.000    576  
  cop_0817_qvarma_p1q1r2 571578835.98099      0.000    690  
  cop_0818_qvarma_p1q1r2 911786279.74904      0.000    381  
  cop_0819_qvarma_p1q1r2 1339846892.56754      0.000    269  
  cop_0820_qvarma_p1q1r2 287895583.97895      0.000    871  
  cop_0821_qvarma_p1q1r2 343366452.66446      0.000    846  
  cop_0822_qvarma_p1q1r2 488626727.78052      0.000    692  
  cop_0823_qvarma_p1q1r2 766182694.98680      0.000    500  
  cop_0824_qvarma_p1q1r2 556247052.21448      0.000    691  
  cop_0825_qvarma_p1q1r2 1101715557.48783      0.000    490  
  cop_0826_qvarma_p1q1r2 3445028595.31295      0.000     41  
  cop_0827_qvarma_p1q1r2 2286403651.28803      0.000    172  
  cop_0828_qvarma_p1q1r2 327080357.32768      0.000    841  
  cop_0829_qvarma_p1q1r2 1206788706.77379      0.000    373  
  cop_0830_qvarma_p1q1r2 467629901.64362      0.000    756  
  cop_0831_qvarma_p1q1r2 1512226435.39107      0.000    134  
  cop_0832_qvarma_p1q1r2 462189411.17140      0.000    827  
  cop_0833_qvarma_p1q1r2 874803434.85336      0.000    429  
  cop_0834_qvarma_p1q1r2 905131507.03486      0.000    365  
  cop_0835_qvarma_p1q1r2 2306402601.95817      0.000     22  
  cop_0836_qvarma_p1q1r2 604671429.04966      0.000    628  
  cop_0837_qvarma_p1q1r2 924316335.89231      0.000    348  
  cop_0838_qvarma_p1q1r2 467200171.96330      0.000    694  
  cop_0839_qvarma_p1q1r2 958669659.93905      0.000    403  
  cop_0840_qvarma_p1q1r2 444554669.98821      0.000    776  
  cop_0841_qvarma_p1q1r2 143069389.41145      0.000    974  
  cop_0842_qvarma_p1q1r2 753527720.56059      0.000    459  
  cop_0843_qvarma_p1q1r2 338398863.16995      0.000    887  
  cop_0844_qvarma_p1q1r2 165738896.65098      0.000    960  
  cop_0845_qvarma_p1q1r2 897858687.67137      0.000    351  
  cop_0846_qvarma_p1q1r2 507955296.70875      0.000    652  
  cop_0847_qvarma_p1q1r2 1599529652.25257      0.000     70  
  cop_0848_qvarma_p1q1r2 1857574272.66738      0.000    123  
  cop_0849_qvarma_p1q1r2 392549898.93406      0.000    856  
  cop_0850_qvarma_p1q1r2 353521528.16499      0.000    863  
  cop_0851_qvarma_p1q1r2 1006563882.96206      0.000    300  
  cop_0852_qvarma_p1q1r2 358531000.82572      0.000    847  
  cop_0853_qvarma_p1q1r2 1420797265.28004      0.000    200  
  cop_0854_qvarma_p1q1r2 1569581281.92844      0.000    201  
  cop_0855_qvarma_p1q1r2 1345775823.55195      0.000    202  
  cop_0856_qvarma_p1q1r2 519892850.68610      0.000    648  
  cop_0857_qvarma_p1q1r2 2361639189.16087      0.000     56  
  cop_0858_qvarma_p1q1r2 1685584301.02062      0.000    118  
  cop_0859_qvarma_p1q1r2 290993214.17634      0.000    877  
  cop_0860_qvarma_p1q1r2 987420163.44118      0.000    435  
  cop_0861_qvarma_p1q1r2 650342449.56655      0.000    563  
  cop_0862_qvarma_p1q1r2 153006323.08700      0.000    965  
  cop_0863_qvarma_p1q1r2 1703091628.92119      0.000    240  
  cop_0864_qvarma_p1q1r2 1795347963.58403      0.000     79  
  cop_0865_qvarma_p1q1r2 2233064400.40875      0.000     28  
  cop_0866_qvarma_p1q1r2 536072728.81462      0.000    643  
  cop_0867_qvarma_p1q1r2 722870672.61324      0.000    702  
  cop_0868_qvarma_p1q1r2 1250143120.33711      0.000    263  
  cop_0869_qvarma_p1q1r2 1862130637.51472      0.000    122  
  cop_0870_qvarma_p1q1r2 915336052.17161      0.000    410  
  cop_0871_qvarma_p1q1r2 598693786.07291      0.000    605  
  cop_0872_qvarma_p1q1r2 1731525981.94382      0.000    140  
  cop_0873_qvarma_p1q1r2 1722429564.65759      0.000     82  
  cop_0874_qvarma_p1q1r2 670683922.56470      0.000    780  
  cop_0875_qvarma_p1q1r2 483247739.69699      0.000    709  
  cop_0876_qvarma_p1q1r2 533674478.57145      0.000    668  
  cop_0877_qvarma_p1q1r2 794687811.32963      0.000    478  
  cop_0878_qvarma_p1q1r2 541135435.35292      0.000    765  
  cop_0879_qvarma_p1q1r2 909286748.37372      0.000    431  
  cop_0880_qvarma_p1q1r2 473102350.22746      0.000    700  
  cop_0881_qvarma_p1q1r2 2184093442.73213      0.000     32  
  cop_0882_qvarma_p1q1r2 467571624.57163      0.000    717  
  cop_0883_qvarma_p1q1r2 716574504.72960      0.000    501  
  cop_0884_qvarma_p1q1r2 180864896.94141      0.000    961  
  cop_0885_qvarma_p1q1r2 1431263915.97398      0.000    145  
  cop_0886_qvarma_p1q1r2 412147812.41925      0.000    873  
  cop_0887_qvarma_p1q1r2 3287225403.60221      0.000      4  
  cop_0888_qvarma_p1q1r2 2477516777.23509      0.000     25  
  cop_0889_qvarma_p1q1r2 624909621.53100      0.000    647  
  cop_0890_qvarma_p1q1r2 1351083439.28077      0.000    132  
  cop_0891_qvarma_p1q1r2 3783102189.83019      0.000     19  
  cop_0892_qvarma_p1q1r2 1379478633.99423      0.000    155  
  cop_0893_qvarma_p1q1r2 1302333654.89386      0.000    346  
  cop_0894_qvarma_p1q1r2 710396188.53856      0.000    492  
  cop_0895_qvarma_p1q1r2 3073484213.55038      0.000     80  
  cop_0896_qvarma_p1q1r2 584158478.36372      0.000    641  
  cop_0897_qvarma_p1q1r2 243907693.18001      0.000    930  
  cop_0898_qvarma_p1q1r2 1702651036.30740      0.000    233  
  cop_0899_qvarma_p1q1r2 457021204.09251      0.000    783  
  cop_0900_qvarma_p1q1r2 810337264.04784      0.000    480  
  cop_0901_qvarma_p1q1r2 1109633454.11532      0.000    334  
  cop_0902_qvarma_p1q1r2 2764854187.16623      0.000    186  
  cop_0903_qvarma_p1q1r2 592073081.52583      0.000    587  
  cop_0904_qvarma_p1q1r2 212582857.80772      0.000    926  
  cop_0905_qvarma_p1q1r2 3868827475.48661      0.000    439  
  cop_0906_qvarma_p1q1r2 210198650.45273      0.000    935  
  cop_0907_qvarma_p1q1r2 906548678.22629      0.000    393  
  cop_0908_qvarma_p1q1r2 443896123.18750      0.000    772  
  cop_0909_qvarma_p1q1r2 748812937.21383      0.000    470  
  cop_0910_qvarma_p1q1r2 969068873.62153      0.000    357  
  cop_0911_qvarma_p1q1r2 392374126.44502      0.000    814  
  cop_0912_qvarma_p1q1r2 295890205.41611      0.000    864  
  cop_0913_qvarma_p1q1r2 353688710.61804      0.000    902  
  cop_0914_qvarma_p1q1r2 637828821.43563      0.000    752  
  cop_0915_qvarma_p1q1r2 499281628.64706      0.000    673  
  cop_0916_qvarma_p1q1r2 422498367.06398      0.000    802  
  cop_0917_qvarma_p1q1r2 455267756.78220      0.000    777  
  cop_0918_qvarma_p1q1r2 1909314910.32300      0.000     92  
  cop_0919_qvarma_p1q1r2 473837680.61688      0.000    731  
  cop_0920_qvarma_p1q1r2 421273510.89190      0.000    805  
  cop_0921_qvarma_p1q1r2 554163695.36582      0.000    682  
  cop_0922_qvarma_p1q1r2 1219417669.69156      0.000    185  
  cop_0923_qvarma_p1q1r2 608608322.89184      0.000    613  
  cop_0924_qvarma_p1q1r2 558866917.95564      0.000    645  
  cop_0925_qvarma_p1q1r2 499171087.79563      0.000    733  
  cop_0926_qvarma_p1q1r2 963603270.46836      0.000    308  
  cop_0927_qvarma_p1q1r2 1337645256.08783      0.000    150  
  cop_0928_qvarma_p1q1r2 621256352.51660      0.000    618  
  cop_0929_qvarma_p1q1r2 419879797.40588      0.000    762  
  cop_0930_qvarma_p1q1r2 504016629.53327      0.000    738  
  cop_0931_qvarma_p1q1r2 261822097.17748      0.000    905  
  cop_0932_qvarma_p1q1r2 953822637.66052      0.000    378  
  cop_0933_qvarma_p1q1r2 372668161.52288      0.000    830  
  cop_0934_qvarma_p1q1r2 619194708.57746      0.000    636  
  cop_0935_qvarma_p1q1r2 335389386.18668      0.000    845  
  cop_0936_qvarma_p1q1r2 440307016.41594      0.000    739  
  cop_0937_qvarma_p1q1r2 602081898.23931      0.000    575  
  cop_0938_qvarma_p1q1r2 745125642.71991      0.000    474  
  cop_0939_qvarma_p1q1r2 1278399668.83323      0.000    193  
  cop_0940_qvarma_p1q1r2 488325945.05157      0.000    680  
  cop_0941_qvarma_p1q1r2 2545183272.43806      0.000     45  
  cop_0942_qvarma_p1q1r2 1511550982.47771      0.000    189  
  cop_0943_qvarma_p1q1r2 711874927.39240      0.000    525  
  cop_0944_qvarma_p1q1r2 370920733.79571      0.000    829  
  cop_0945_qvarma_p1q1r2 828940248.76694      0.000    418  
  cop_0946_qvarma_p1q1r2 522682075.88250      0.000    650  
  cop_0947_qvarma_p1q1r2 510679323.54312      0.000    725  
  cop_0948_qvarma_p1q1r2 131600120.32390      0.000    978  
  cop_0949_qvarma_p1q1r2 1436715675.06918      0.000     99  
  cop_0950_qvarma_p1q1r2 453466175.47922      0.000    837  
  cop_0951_qvarma_p1q1r2 642642224.38756      0.000    607  
  cop_0952_qvarma_p1q1r2 1384473259.45683      0.000    177  
  cop_0953_qvarma_p1q1r2 1149759037.45588      0.000    182  
  cop_0954_qvarma_p1q1r2 3203359889.18139      0.000     18  
  cop_0955_qvarma_p1q1r2 1630781961.18458      0.000    104  
  cop_0956_qvarma_p1q1r2 929635117.27297      0.000    571  
  cop_0957_qvarma_p1q1r2 860733957.71796      0.000    498  
  cop_0958_qvarma_p1q1r2 817570142.71181      0.000    502  
  cop_0959_qvarma_p1q1r2 1013388524.92008      0.000    503  
  cop_0960_qvarma_p1q1r2 1639852934.49689      0.000     91  
  cop_0961_qvarma_p1q1r2 557725509.86745      0.000    619  
  cop_0962_qvarma_p1q1r2 774167731.50694      0.000    477  
  cop_0963_qvarma_p1q1r2 529773999.58681      0.000    715  
  cop_0964_qvarma_p1q1r2 152047090.62838      0.000    966  
  cop_0965_qvarma_p1q1r2 719322239.41287      0.000    529  
  cop_0966_qvarma_p1q1r2 1262651559.34847      0.000    281  
  cop_0967_qvarma_p1q1r2 1794084781.24497      0.000     53  
  cop_0968_qvarma_p1q1r2 1945805741.38385      0.000    106  
  cop_0969_qvarma_p1q1r2 429796885.39281      0.000    884  
  cop_0970_qvarma_p1q1r2 767876328.51147      0.000    741  
  cop_0971_qvarma_p1q1r2 230067994.65366      0.000    954  
  cop_0972_qvarma_p1q1r2 3729409524.97629      0.000     16  
  cop_0973_qvarma_p1q1r2 448702786.27553      0.000    753  
  cop_0974_qvarma_p1q1r2 199234843.44862      0.000    944  
  cop_0975_qvarma_p1q1r2 950237937.41720      0.000    389  
  cop_0976_qvarma_p1q1r2 1224460538.31107      0.000    190  
  cop_0977_qvarma_p1q1r2 1311282187.78020      0.000    143  
  cop_0978_qvarma_p1q1r2 1550308667.07421      0.000    165  
  cop_0979_qvarma_p1q1r2 1175578316.72973      0.000    315  
  cop_0980_qvarma_p1q1r2 830103788.40347      0.000    397  
  cop_0981_qvarma_p1q1r2 2071342120.29139      0.000     52  
  cop_0982_qvarma_p1q1r2 535880710.49552      0.000    726  
  cop_0983_qvarma_p1q1r2 973567011.25626      0.000    460  
  cop_0984_qvarma_p1q1r2 1331414580.15844      0.000    179  
  cop_0985_qvarma_p1q1r2 1430717101.47267      0.000    125  
  cop_0986_qvarma_p1q1r2 1160608281.63456      0.000    242  
  cop_0987_qvarma_p1q1r2 948003417.78199      0.000    406  
  cop_0988_qvarma_p1q1r2 1992311112.54785      0.000     90  
  cop_0989_qvarma_p1q1r2 620916113.19166      0.000    604  
  cop_0990_qvarma_p1q1r2 662131739.98706      0.000    547  
  cop_0991_qvarma_p1q1r2 716992115.26160      0.000    528  
  cop_0992_qvarma_p1q1r2 1067959615.13913      0.000    354  
  cop_0993_qvarma_p1q1r2 421020992.26474      0.000    784  
  cop_0994_qvarma_p1q1r2 238470186.52021      0.000    923  
  cop_0995_qvarma_p1q1r2 641353161.85843      0.000    660  
  cop_0996_qvarma_p1q1r2 744058531.56893      0.000    515  
  cop_0997_qvarma_p1q1r2 838822046.86494      0.000    386  
  cop_0998_qvarma_p1q1r2 616376842.84800      0.000    642  
  cop_0999_qvarma_p1q1r2 959647710.35491      0.000    349  
  cop_1000_qvarma_p1q1r2 2257704474.99643      0.000     26  
  eliminated, worst first: cop_0578_qvarma_p1q1r2 cop_0674_qvarma_p1q1r2 cop_0398_qvarma_p1q1r2 cop_0887_qvarma_p1q1r2 cop_0230_qvarma_p1q1r2 cop_0775_qvarma_p1q1r2 cop_0354_qvarma_p1q1r2 cop_0384_qvarma_p1q1r2 cop_0549_qvarma_p1q1r2 cop_0808_qvarma_p1q1r2 cop_0295_qvarma_p1q1r2 cop_0089_qvarma_p1q1r2 cop_0234_qvarma_p1q1r2 cop_0324_qvarma_p1q1r2 cop_0637_qvarma_p1q1r2 cop_0972_qvarma_p1q1r2 cop_0485_qvarma_p1q1r2 cop_0954_qvarma_p1q1r2 cop_0891_qvarma_p1q1r2 cop_0149_qvarma_p1q1r2 cop_0648_qvarma_p1q1r2 cop_0835_qvarma_p1q1r2 cop_0812_qvarma_p1q1r2 cop_0104_qvarma_p1q1r2 cop_0888_qvarma_p1q1r2 cop_1000_qvarma_p1q1r2 cop_0305_qvarma_p1q1r2 cop_0865_qvarma_p1q1r2 cop_0326_qvarma_p1q1r2 cop_0705_qvarma_p1q1r2 cop_0052_qvarma_p1q1r2 cop_0881_qvarma_p1q1r2 cop_0561_qvarma_p1q1r2 cop_0327_qvarma_p1q1r2 cop_0438_qvarma_p1q1r2 cop_0434_qvarma_p1q1r2 cop_0813_qvarma_p1q1r2 cop_0583_qvarma_p1q1r2 cop_0357_qvarma_p1q1r2 cop_0492_qvarma_p1q1r2 cop_0826_qvarma_p1q1r2 cop_0569_qvarma_p1q1r2 cop_0535_qvarma_p1q1r2 cop_0216_qvarma_p1q1r2 cop_0941_qvarma_p1q1r2 cop_0341_qvarma_p1q1r2 cop_0688_qvarma_p1q1r2 cop_0815_qvarma_p1q1r2 cop_0260_qvarma_p1q1r2 cop_0158_qvarma_p1q1r2 cop_0491_qvarma_p1q1r2 cop_0981_qvarma_p1q1r2 cop_0967_qvarma_p1q1r2 cop_0543_qvarma_p1q1r2 cop_0372_qvarma_p1q1r2 cop_0857_qvarma_p1q1r2 cop_0405_qvarma_p1q1r2 cop_0506_qvarma_p1q1r2 cop_0266_qvarma_p1q1r2 cop_0609_qvarma_p1q1r2 cop_0633_qvarma_p1q1r2 cop_0701_qvarma_p1q1r2 cop_0096_qvarma_p1q1r2 cop_0063_qvarma_p1q1r2 cop_0010_qvarma_p1q1r2 cop_0029_qvarma_p1q1r2 cop_0114_qvarma_p1q1r2 cop_0610_qvarma_p1q1r2 cop_0497_qvarma_p1q1r2 cop_0847_qvarma_p1q1r2 cop_0119_qvarma_p1q1r2 cop_0630_qvarma_p1q1r2 cop_0488_qvarma_p1q1r2 cop_0407_qvarma_p1q1r2 cop_0289_qvarma_p1q1r2 cop_0715_qvarma_p1q1r2 cop_0086_qvarma_p1q1r2 cop_0486_qvarma_p1q1r2 cop_0864_qvarma_p1q1r2 cop_0895_qvarma_p1q1r2 cop_0383_qvarma_p1q1r2 cop_0873_qvarma_p1q1r2 cop_0404_qvarma_p1q1r2 cop_0221_qvarma_p1q1r2 cop_0487_qvarma_p1q1r2 cop_0108_qvarma_p1q1r2 cop_0291_qvarma_p1q1r2 cop_0507_qvarma_p1q1r2 cop_0182_qvarma_p1q1r2 cop_0988_qvarma_p1q1r2 cop_0960_qvarma_p1q1r2 cop_0918_qvarma_p1q1r2 cop_0131_qvarma_p1q1r2 cop_0776_qvarma_p1q1r2 cop_0580_qvarma_p1q1r2 cop_0472_qvarma_p1q1r2 cop_0587_qvarma_p1q1r2 cop_0572_qvarma_p1q1r2 cop_0949_qvarma_p1q1r2 cop_0790_qvarma_p1q1r2 cop_0313_qvarma_p1q1r2 cop_0581_qvarma_p1q1r2 cop_0051_qvarma_p1q1r2 cop_0955_qvarma_p1q1r2 cop_0800_qvarma_p1q1r2 cop_0968_qvarma_p1q1r2 cop_0328_qvarma_p1q1r2 cop_0375_qvarma_p1q1r2 cop_0511_qvarma_p1q1r2 cop_0003_qvarma_p1q1r2 cop_0151_qvarma_p1q1r2 cop_0333_qvarma_p1q1r2 cop_0188_qvarma_p1q1r2 cop_0692_qvarma_p1q1r2 cop_0021_qvarma_p1q1r2 cop_0208_qvarma_p1q1r2 cop_0750_qvarma_p1q1r2 cop_0858_qvarma_p1q1r2 cop_0456_qvarma_p1q1r2 cop_0163_qvarma_p1q1r2 cop_0463_qvarma_p1q1r2 cop_0869_qvarma_p1q1r2 cop_0848_qvarma_p1q1r2 cop_0002_qvarma_p1q1r2 cop_0985_qvarma_p1q1r2 cop_0095_qvarma_p1q1r2 cop_0129_qvarma_p1q1r2 cop_0631_qvarma_p1q1r2 cop_0791_qvarma_p1q1r2 cop_0605_qvarma_p1q1r2 cop_0734_qvarma_p1q1r2 cop_0890_qvarma_p1q1r2 cop_0244_qvarma_p1q1r2 cop_0831_qvarma_p1q1r2 cop_0062_qvarma_p1q1r2 cop_0589_qvarma_p1q1r2 cop_0028_qvarma_p1q1r2 cop_0732_qvarma_p1q1r2 cop_0668_qvarma_p1q1r2 cop_0872_qvarma_p1q1r2 cop_0322_qvarma_p1q1r2 cop_0698_qvarma_p1q1r2 cop_0977_qvarma_p1q1r2 cop_0557_qvarma_p1q1r2 cop_0885_qvarma_p1q1r2 cop_0545_qvarma_p1q1r2 cop_0170_qvarma_p1q1r2 cop_0122_qvarma_p1q1r2 cop_0154_qvarma_p1q1r2 cop_0927_qvarma_p1q1r2 cop_0560_qvarma_p1q1r2 cop_0181_qvarma_p1q1r2 cop_0012_qvarma_p1q1r2 cop_0544_qvarma_p1q1r2 cop_0892_qvarma_p1q1r2 cop_0414_qvarma_p1q1r2 cop_0105_qvarma_p1q1r2 cop_0479_qvarma_p1q1r2 cop_0214_qvarma_p1q1r2 cop_0695_qvarma_p1q1r2 cop_0381_qvarma_p1q1r2 cop_0451_qvarma_p1q1r2 cop_0679_qvarma_p1q1r2 cop_0735_qvarma_p1q1r2 cop_0978_qvarma_p1q1r2 cop_0246_qvarma_p1q1r2 cop_0425_qvarma_p1q1r2 cop_0548_qvarma_p1q1r2 cop_0365_qvarma_p1q1r2 cop_0582_qvarma_p1q1r2 cop_0300_qvarma_p1q1r2 cop_0827_qvarma_p1q1r2 cop_0559_qvarma_p1q1r2 cop_0797_qvarma_p1q1r2 cop_0292_qvarma_p1q1r2 cop_0362_qvarma_p1q1r2 cop_0952_qvarma_p1q1r2 cop_0360_qvarma_p1q1r2 cop_0984_qvarma_p1q1r2 cop_0490_qvarma_p1q1r2 cop_0677_qvarma_p1q1r2 cop_0953_qvarma_p1q1r2 cop_0651_qvarma_p1q1r2 cop_0657_qvarma_p1q1r2 cop_0922_qvarma_p1q1r2 cop_0902_qvarma_p1q1r2 cop_0026_qvarma_p1q1r2 cop_0454_qvarma_p1q1r2 cop_0942_qvarma_p1q1r2 cop_0976_qvarma_p1q1r2 cop_0217_qvarma_p1q1r2 cop_0747_qvarma_p1q1r2 cop_0939_qvarma_p1q1r2 cop_0323_qvarma_p1q1r2 cop_0045_qvarma_p1q1r2 cop_0623_qvarma_p1q1r2 cop_0798_qvarma_p1q1r2 cop_0541_qvarma_p1q1r2 cop_0786_qvarma_p1q1r2 cop_0853_qvarma_p1q1r2 cop_0854_qvarma_p1q1r2 cop_0855_qvarma_p1q1r2 cop_0277_qvarma_p1q1r2 cop_0446_qvarma_p1q1r2 cop_0123_qvarma_p1q1r2 cop_0033_qvarma_p1q1r2 cop_0099_qvarma_p1q1r2 cop_0084_qvarma_p1q1r2 cop_0607_qvarma_p1q1r2 cop_0020_qvarma_p1q1r2 cop_0201_qvarma_p1q1r2 cop_0743_qvarma_p1q1r2 cop_0530_qvarma_p1q1r2 cop_0676_qvarma_p1q1r2 cop_0716_qvarma_p1q1r2 cop_0690_qvarma_p1q1r2 cop_0699_qvarma_p1q1r2 cop_0703_qvarma_p1q1r2 cop_0263_qvarma_p1q1r2 cop_0415_qvarma_p1q1r2 cop_0675_qvarma_p1q1r2 cop_0251_qvarma_p1q1r2 cop_0622_qvarma_p1q1r2 cop_0749_qvarma_p1q1r2 cop_0286_qvarma_p1q1r2 cop_0551_qvarma_p1q1r2 cop_0539_qvarma_p1q1r2 cop_0518_qvarma_p1q1r2 cop_0667_qvarma_p1q1r2 cop_0017_qvarma_p1q1r2 cop_0759_qvarma_p1q1r2 cop_0621_qvarma_p1q1r2 cop_0898_qvarma_p1q1r2 cop_0111_qvarma_p1q1r2 cop_0709_qvarma_p1q1r2 cop_0055_qvarma_p1q1r2 cop_0714_qvarma_p1q1r2 cop_0753_qvarma_p1q1r2 cop_0093_qvarma_p1q1r2 cop_0863_qvarma_p1q1r2 cop_0389_qvarma_p1q1r2 cop_0986_qvarma_p1q1r2 cop_0138_qvarma_p1q1r2 cop_0107_qvarma_p1q1r2 cop_0373_qvarma_p1q1r2 cop_0133_qvarma_p1q1r2 cop_0325_qvarma_p1q1r2 cop_0290_qvarma_p1q1r2 cop_0498_qvarma_p1q1r2 cop_0809_qvarma_p1q1r2 cop_0318_qvarma_p1q1r2 cop_0584_qvarma_p1q1r2 cop_0252_qvarma_p1q1r2 cop_0614_qvarma_p1q1r2 cop_0018_qvarma_p1q1r2 cop_0046_qvarma_p1q1r2 cop_0670_qvarma_p1q1r2 cop_0811_qvarma_p1q1r2 cop_0787_qvarma_p1q1r2 cop_0340_qvarma_p1q1r2 cop_0081_qvarma_p1q1r2 cop_0135_qvarma_p1q1r2 cop_0868_qvarma_p1q1r2 cop_0419_qvarma_p1q1r2 cop_0391_qvarma_p1q1r2 cop_0606_qvarma_p1q1r2 cop_0618_qvarma_p1q1r2 cop_0193_qvarma_p1q1r2 cop_0819_qvarma_p1q1r2 cop_0167_qvarma_p1q1r2 cop_0352_qvarma_p1q1r2 cop_0043_qvarma_p1q1r2 cop_0752_qvarma_p1q1r2 cop_0161_qvarma_p1q1r2 cop_0371_qvarma_p1q1r2 cop_0764_qvarma_p1q1r2 cop_0596_qvarma_p1q1r2 cop_0760_qvarma_p1q1r2 cop_0242_qvarma_p1q1r2 cop_0160_qvarma_p1q1r2 cop_0966_qvarma_p1q1r2 cop_0532_qvarma_p1q1r2 cop_0235_qvarma_p1q1r2 cop_0386_qvarma_p1q1r2 cop_0424_qvarma_p1q1r2 cop_0179_qvarma_p1q1r2 cop_0387_qvarma_p1q1r2 cop_0376_qvarma_p1q1r2 cop_0579_qvarma_p1q1r2 cop_0464_qvarma_p1q1r2 cop_0034_qvarma_p1q1r2 cop_0222_qvarma_p1q1r2 cop_0180_qvarma_p1q1r2 cop_0279_qvarma_p1q1r2 cop_0132_qvarma_p1q1r2 cop_0247_qvarma_p1q1r2 cop_0184_qvarma_p1q1r2 cop_0338_qvarma_p1q1r2 cop_0164_qvarma_p1q1r2 cop_0851_qvarma_p1q1r2 cop_0007_qvarma_p1q1r2 cop_0420_qvarma_p1q1r2 cop_0573_qvarma_p1q1r2 cop_0475_qvarma_p1q1r2 cop_0556_qvarma_p1q1r2 cop_0771_qvarma_p1q1r2 cop_0253_qvarma_p1q1r2 cop_0926_qvarma_p1q1r2 cop_0299_qvarma_p1q1r2 cop_0528_qvarma_p1q1r2 cop_0484_qvarma_p1q1r2 cop_0513_qvarma_p1q1r2 cop_0153_qvarma_p1q1r2 cop_0721_qvarma_p1q1r2 cop_0979_qvarma_p1q1r2 cop_0719_qvarma_p1q1r2 cop_0296_qvarma_p1q1r2 cop_0550_qvarma_p1q1r2 cop_0218_qvarma_p1q1r2 cop_0115_qvarma_p1q1r2 cop_0520_qvarma_p1q1r2 cop_0396_qvarma_p1q1r2 cop_0019_qvarma_p1q1r2 cop_0178_qvarma_p1q1r2 cop_0380_qvarma_p1q1r2 cop_0284_qvarma_p1q1r2 cop_0287_qvarma_p1q1r2 cop_0658_qvarma_p1q1r2 cop_0435_qvarma_p1q1r2 cop_0083_qvarma_p1q1r2 cop_0788_qvarma_p1q1r2 cop_0270_qvarma_p1q1r2 cop_0757_qvarma_p1q1r2 cop_0901_qvarma_p1q1r2 cop_0276_qvarma_p1q1r2 cop_0636_qvarma_p1q1r2 cop_0576_qvarma_p1q1r2 cop_0761_qvarma_p1q1r2 cop_0085_qvarma_p1q1r2 cop_0564_qvarma_p1q1r2 cop_0317_qvarma_p1q1r2 cop_0074_qvarma_p1q1r2 cop_0671_qvarma_p1q1r2 cop_0499_qvarma_p1q1r2 cop_0552_qvarma_p1q1r2 cop_0893_qvarma_p1q1r2 cop_0774_qvarma_p1q1r2 cop_0837_qvarma_p1q1r2 cop_0999_qvarma_p1q1r2 cop_0441_qvarma_p1q1r2 cop_0845_qvarma_p1q1r2 cop_0140_qvarma_p1q1r2 cop_0393_qvarma_p1q1r2 cop_0992_qvarma_p1q1r2 cop_0198_qvarma_p1q1r2 cop_0196_qvarma_p1q1r2 cop_0910_qvarma_p1q1r2 cop_0471_qvarma_p1q1r2 cop_0601_qvarma_p1q1r2 cop_0567_qvarma_p1q1r2 cop_0442_qvarma_p1q1r2 cop_0392_qvarma_p1q1r2 cop_0054_qvarma_p1q1r2 cop_0508_qvarma_p1q1r2 cop_0834_qvarma_p1q1r2 cop_0756_qvarma_p1q1r2 cop_0250_qvarma_p1q1r2 cop_0663_qvarma_p1q1r2 cop_0426_qvarma_p1q1r2 cop_0113_qvarma_p1q1r2 cop_0742_qvarma_p1q1r2 cop_0401_qvarma_p1q1r2 cop_0829_qvarma_p1q1r2 cop_0071_qvarma_p1q1r2 cop_0768_qvarma_p1q1r2 cop_0223_qvarma_p1q1r2 cop_0271_qvarma_p1q1r2 cop_0932_qvarma_p1q1r2 cop_0669_qvarma_p1q1r2 cop_0432_qvarma_p1q1r2 cop_0818_qvarma_p1q1r2 cop_0197_qvarma_p1q1r2 cop_0098_qvarma_p1q1r2 cop_0455_qvarma_p1q1r2 cop_0737_qvarma_p1q1r2 cop_0997_qvarma_p1q1r2 cop_0336_qvarma_p1q1r2 cop_0245_qvarma_p1q1r2 cop_0975_qvarma_p1q1r2 cop_0409_qvarma_p1q1r2 cop_0212_qvarma_p1q1r2 cop_0366_qvarma_p1q1r2 cop_0907_qvarma_p1q1r2 cop_0155_qvarma_p1q1r2 cop_0077_qvarma_p1q1r2 cop_0316_qvarma_p1q1r2 cop_0980_qvarma_p1q1r2 cop_0368_qvarma_p1q1r2 cop_0710_qvarma_p1q1r2 cop_0468_qvarma_p1q1r2 cop_0792_qvarma_p1q1r2 cop_0418_qvarma_p1q1r2 cop_0839_qvarma_p1q1r2 cop_0280_qvarma_p1q1r2 cop_0591_qvarma_p1q1r2 cop_0987_qvarma_p1q1r2 cop_0733_qvarma_p1q1r2 cop_0038_qvarma_p1q1r2 cop_0272_qvarma_p1q1r2 cop_0870_qvarma_p1q1r2 cop_0039_qvarma_p1q1r2 cop_0370_qvarma_p1q1r2 cop_0042_qvarma_p1q1r2 cop_0754_qvarma_p1q1r2 cop_0626_qvarma_p1q1r2 cop_0092_qvarma_p1q1r2 cop_0784_qvarma_p1q1r2 cop_0945_qvarma_p1q1r2 cop_0308_qvarma_p1q1r2 cop_0781_qvarma_p1q1r2 cop_0015_qvarma_p1q1r2 cop_0329_qvarma_p1q1r2 cop_0592_qvarma_p1q1r2 cop_0359_qvarma_p1q1r2 cop_0177_qvarma_p1q1r2 cop_0278_qvarma_p1q1r2 cop_0309_qvarma_p1q1r2 cop_0065_qvarma_p1q1r2 cop_0833_qvarma_p1q1r2 cop_0159_qvarma_p1q1r2 cop_0879_qvarma_p1q1r2 cop_0315_qvarma_p1q1r2 cop_0778_qvarma_p1q1r2 cop_0722_qvarma_p1q1r2 cop_0860_qvarma_p1q1r2 cop_0101_qvarma_p1q1r2 cop_0522_qvarma_p1q1r2 cop_0411_qvarma_p1q1r2 cop_0905_qvarma_p1q1r2 cop_0255_qvarma_p1q1r2 cop_0755_qvarma_p1q1r2 cop_0627_qvarma_p1q1r2 cop_0793_qvarma_p1q1r2 cop_0766_qvarma_p1q1r2 cop_0319_qvarma_p1q1r2 cop_0195_qvarma_p1q1r2 cop_0330_qvarma_p1q1r2 cop_0632_qvarma_p1q1r2 cop_0075_qvarma_p1q1r2 cop_0176_qvarma_p1q1r2 cop_0363_qvarma_p1q1r2 cop_0571_qvarma_p1q1r2 cop_0048_qvarma_p1q1r2 cop_0577_qvarma_p1q1r2 cop_0495_qvarma_p1q1r2 cop_0696_qvarma_p1q1r2 cop_0339_qvarma_p1q1r2 cop_0447_qvarma_p1q1r2 cop_0842_qvarma_p1q1r2 cop_0983_qvarma_p1q1r2 cop_0740_qvarma_p1q1r2 cop_0130_qvarma_p1q1r2 cop_0481_qvarma_p1q1r2 cop_0088_qvarma_p1q1r2 cop_0283_qvarma_p1q1r2 cop_0707_qvarma_p1q1r2 cop_0482_qvarma_p1q1r2 cop_0629_qvarma_p1q1r2 cop_0116_qvarma_p1q1r2 cop_0909_qvarma_p1q1r2 cop_0199_qvarma_p1q1r2 cop_0625_qvarma_p1q1r2 cop_0563_qvarma_p1q1r2 cop_0938_qvarma_p1q1r2 cop_0780_qvarma_p1q1r2 cop_0700_qvarma_p1q1r2 cop_0962_qvarma_p1q1r2 cop_0877_qvarma_p1q1r2 cop_0765_qvarma_p1q1r2 cop_0900_qvarma_p1q1r2 cop_0358_qvarma_p1q1r2 cop_0615_qvarma_p1q1r2 cop_0202_qvarma_p1q1r2 cop_0659_qvarma_p1q1r2 cop_0192_qvarma_p1q1r2 cop_0297_qvarma_p1q1r2 cop_0314_qvarma_p1q1r2 cop_0301_qvarma_p1q1r2 cop_0262_qvarma_p1q1r2 cop_0825_qvarma_p1q1r2 cop_0049_qvarma_p1q1r2 cop_0894_qvarma_p1q1r2 cop_0173_qvarma_p1q1r2 cop_0748_qvarma_p1q1r2 cop_0144_qvarma_p1q1r2 cop_0124_qvarma_p1q1r2 cop_0044_qvarma_p1q1r2 cop_0957_qvarma_p1q1r2 cop_0175_qvarma_p1q1r2 cop_0823_qvarma_p1q1r2 cop_0883_qvarma_p1q1r2 cop_0958_qvarma_p1q1r2 cop_0959_qvarma_p1q1r2 cop_0064_qvarma_p1q1r2 cop_0125_qvarma_p1q1r2 cop_0640_qvarma_p1q1r2 cop_0680_qvarma_p1q1r2 cop_0013_qvarma_p1q1r2 cop_0666_qvarma_p1q1r2 cop_0227_qvarma_p1q1r2 cop_0137_qvarma_p1q1r2 cop_0649_qvarma_p1q1r2 cop_0806_qvarma_p1q1r2 cop_0203_qvarma_p1q1r2 cop_0996_qvarma_p1q1r2 cop_0602_qvarma_p1q1r2 cop_0593_qvarma_p1q1r2 cop_0224_qvarma_p1q1r2 cop_0537_qvarma_p1q1r2 cop_0126_qvarma_p1q1r2 cop_0147_qvarma_p1q1r2 cop_0801_qvarma_p1q1r2 cop_0762_qvarma_p1q1r2 cop_0056_qvarma_p1q1r2 cop_0943_qvarma_p1q1r2 cop_0311_qvarma_p1q1r2 cop_0521_qvarma_p1q1r2 cop_0991_qvarma_p1q1r2 cop_0965_qvarma_p1q1r2 cop_0219_qvarma_p1q1r2 cop_0595_qvarma_p1q1r2 cop_0704_qvarma_p1q1r2 cop_0265_qvarma_p1q1r2 cop_0804_qvarma_p1q1r2 cop_0385_qvarma_p1q1r2 cop_0558_qvarma_p1q1r2 cop_0209_qvarma_p1q1r2 cop_0706_qvarma_p1q1r2 cop_0146_qvarma_p1q1r2 cop_0448_qvarma_p1q1r2 cop_0445_qvarma_p1q1r2 cop_0724_qvarma_p1q1r2 cop_0718_qvarma_p1q1r2 cop_0810_qvarma_p1q1r2 cop_0599_qvarma_p1q1r2 cop_0736_qvarma_p1q1r2 cop_0990_qvarma_p1q1r2 cop_0655_qvarma_p1q1r2 cop_0257_qvarma_p1q1r2 cop_0562_qvarma_p1q1r2 cop_0400_qvarma_p1q1r2 cop_0233_qvarma_p1q1r2 cop_0078_qvarma_p1q1r2 cop_0068_qvarma_p1q1r2 cop_0394_qvarma_p1q1r2 cop_0638_qvarma_p1q1r2 cop_0067_qvarma_p1q1r2 cop_0452_qvarma_p1q1r2 cop_0617_qvarma_p1q1r2 cop_0730_qvarma_p1q1r2 cop_0427_qvarma_p1q1r2 cop_0229_qvarma_p1q1r2 cop_0861_qvarma_p1q1r2 cop_0416_qvarma_p1q1r2 cop_0496_qvarma_p1q1r2 cop_0190_qvarma_p1q1r2 cop_0469_qvarma_p1q1r2 cop_0422_qvarma_p1q1r2 cop_0785_qvarma_p1q1r2 cop_0342_qvarma_p1q1r2 cop_0956_qvarma_p1q1r2 cop_0200_qvarma_p1q1r2 cop_0568_qvarma_p1q1r2 cop_0526_qvarma_p1q1r2 cop_0937_qvarma_p1q1r2 cop_0816_qvarma_p1q1r2 cop_0458_qvarma_p1q1r2 cop_0332_qvarma_p1q1r2 cop_0220_qvarma_p1q1r2 cop_0604_qvarma_p1q1r2 cop_0515_qvarma_p1q1r2 cop_0344_qvarma_p1q1r2 cop_0720_qvarma_p1q1r2 cop_0162_qvarma_p1q1r2 cop_0727_qvarma_p1q1r2 cop_0421_qvarma_p1q1r2 cop_0903_qvarma_p1q1r2 cop_0473_qvarma_p1q1r2 cop_0259_qvarma_p1q1r2 cop_0207_qvarma_p1q1r2 cop_0035_qvarma_p1q1r2 cop_0590_qvarma_p1q1r2 cop_0494_qvarma_p1q1r2 cop_0585_qvarma_p1q1r2 cop_0406_qvarma_p1q1r2 cop_0041_qvarma_p1q1r2 cop_0653_qvarma_p1q1r2 cop_0273_qvarma_p1q1r2 cop_0264_qvarma_p1q1r2 cop_0090_qvarma_p1q1r2 cop_0306_qvarma_p1q1r2 cop_0109_qvarma_p1q1r2 cop_0763_qvarma_p1q1r2 cop_0989_qvarma_p1q1r2 cop_0871_qvarma_p1q1r2 cop_0236_qvarma_p1q1r2 cop_0951_qvarma_p1q1r2 cop_0204_qvarma_p1q1r2 cop_0731_qvarma_p1q1r2 cop_0433_qvarma_p1q1r2 cop_0500_qvarma_p1q1r2 cop_0356_qvarma_p1q1r2 cop_0923_qvarma_p1q1r2 cop_0470_qvarma_p1q1r2 cop_0023_qvarma_p1q1r2 cop_0547_qvarma_p1q1r2 cop_0517_qvarma_p1q1r2 cop_0928_qvarma_p1q1r2 cop_0961_qvarma_p1q1r2 cop_0128_qvarma_p1q1r2 cop_0493_qvarma_p1q1r2 cop_0504_qvarma_p1q1r2 cop_0412_qvarma_p1q1r2 cop_0611_qvarma_p1q1r2 cop_0194_qvarma_p1q1r2 cop_0639_qvarma_p1q1r2 cop_0531_qvarma_p1q1r2 cop_0836_qvarma_p1q1r2 cop_0449_qvarma_p1q1r2 cop_0461_qvarma_p1q1r2 cop_0603_qvarma_p1q1r2 cop_0739_qvarma_p1q1r2 cop_0174_qvarma_p1q1r2 cop_0783_qvarma_p1q1r2 cop_0040_qvarma_p1q1r2 cop_0934_qvarma_p1q1r2 cop_0726_qvarma_p1q1r2 cop_0189_qvarma_p1q1r2 cop_0588_qvarma_p1q1r2 cop_0027_qvarma_p1q1r2 cop_0896_qvarma_p1q1r2 cop_0998_qvarma_p1q1r2 cop_0866_qvarma_p1q1r2 cop_0082_qvarma_p1q1r2 cop_0924_qvarma_p1q1r2 cop_0275_qvarma_p1q1r2 cop_0889_qvarma_p1q1r2 cop_0856_qvarma_p1q1r2 cop_0006_qvarma_p1q1r2 cop_0946_qvarma_p1q1r2 cop_0729_qvarma_p1q1r2 cop_0846_qvarma_p1q1r2 cop_0061_qvarma_p1q1r2 cop_0483_qvarma_p1q1r2 cop_0378_qvarma_p1q1r2 cop_0288_qvarma_p1q1r2 cop_0388_qvarma_p1q1r2 cop_0059_qvarma_p1q1r2 cop_0612_qvarma_p1q1r2 cop_0995_qvarma_p1q1r2 cop_0303_qvarma_p1q1r2 cop_0678_qvarma_p1q1r2 cop_0594_qvarma_p1q1r2 cop_0009_qvarma_p1q1r2 cop_0127_qvarma_p1q1r2 cop_0274_qvarma_p1q1r2 cop_0586_qvarma_p1q1r2 cop_0876_qvarma_p1q1r2 cop_0080_qvarma_p1q1r2 cop_0337_qvarma_p1q1r2 cop_0008_qvarma_p1q1r2 cop_0457_qvarma_p1q1r2 cop_0915_qvarma_p1q1r2 cop_0240_qvarma_p1q1r2 cop_0091_qvarma_p1q1r2 cop_0302_qvarma_p1q1r2 cop_0502_qvarma_p1q1r2 cop_0613_qvarma_p1q1r2 cop_0037_qvarma_p1q1r2 cop_0940_qvarma_p1q1r2 cop_0654_qvarma_p1q1r2 cop_0921_qvarma_p1q1r2 cop_0474_qvarma_p1q1r2 cop_0169_qvarma_p1q1r2 cop_0334_qvarma_p1q1r2 cop_0060_qvarma_p1q1r2 cop_0248_qvarma_p1q1r2 cop_0206_qvarma_p1q1r2 cop_0489_qvarma_p1q1r2 cop_0817_qvarma_p1q1r2 cop_0824_qvarma_p1q1r2 cop_0822_qvarma_p1q1r2 cop_0662_qvarma_p1q1r2 cop_0838_qvarma_p1q1r2 cop_0110_qvarma_p1q1r2 cop_0058_qvarma_p1q1r2 cop_0025_qvarma_p1q1r2 cop_0650_qvarma_p1q1r2 cop_0767_qvarma_p1q1r2 cop_0880_qvarma_p1q1r2 cop_0258_qvarma_p1q1r2 cop_0867_qvarma_p1q1r2 cop_0261_qvarma_p1q1r2 cop_0141_qvarma_p1q1r2 cop_0789_qvarma_p1q1r2 cop_0073_qvarma_p1q1r2 cop_0210_qvarma_p1q1r2 cop_0524_qvarma_p1q1r2 cop_0875_qvarma_p1q1r2 cop_0656_qvarma_p1q1r2 cop_0331_qvarma_p1q1r2 cop_0183_qvarma_p1q1r2 cop_0608_qvarma_p1q1r2 cop_0143_qvarma_p1q1r2 cop_0963_qvarma_p1q1r2 cop_0053_qvarma_p1q1r2 cop_0882_qvarma_p1q1r2 cop_0643_qvarma_p1q1r2 cop_0024_qvarma_p1q1r2 cop_0395_qvarma_p1q1r2 cop_0320_qvarma_p1q1r2 cop_0436_qvarma_p1q1r2 cop_0014_qvarma_p1q1r2 cop_0079_qvarma_p1q1r2 cop_0947_qvarma_p1q1r2 cop_0982_qvarma_p1q1r2 cop_0171_qvarma_p1q1r2 cop_0644_qvarma_p1q1r2 cop_0168_qvarma_p1q1r2 cop_0408_qvarma_p1q1r2 cop_0919_qvarma_p1q1r2 cop_0467_qvarma_p1q1r2 cop_0925_qvarma_p1q1r2 cop_0349_qvarma_p1q1r2 cop_0005_qvarma_p1q1r2 cop_0628_qvarma_p1q1r2 cop_0267_qvarma_p1q1r2 cop_0930_qvarma_p1q1r2 cop_0936_qvarma_p1q1r2 cop_0723_qvarma_p1q1r2 cop_0970_qvarma_p1q1r2 cop_0713_qvarma_p1q1r2 cop_0681_qvarma_p1q1r2 cop_0069_qvarma_p1q1r2 cop_0379_qvarma_p1q1r2 cop_0304_qvarma_p1q1r2 cop_0795_qvarma_p1q1r2 cop_0428_qvarma_p1q1r2 cop_0647_qvarma_p1q1r2 cop_0744_qvarma_p1q1r2 cop_0136_qvarma_p1q1r2 cop_0914_qvarma_p1q1r2 cop_0973_qvarma_p1q1r2 cop_0687_qvarma_p1q1r2 cop_0503_qvarma_p1q1r2 cop_0830_qvarma_p1q1r2 cop_0616_qvarma_p1q1r2 cop_0712_qvarma_p1q1r2 cop_0228_qvarma_p1q1r2 cop_0022_qvarma_p1q1r2 cop_0682_qvarma_p1q1r2 cop_0929_qvarma_p1q1r2 cop_0100_qvarma_p1q1r2 cop_0661_qvarma_p1q1r2 cop_0878_qvarma_p1q1r2 cop_0807_qvarma_p1q1r2 cop_0036_qvarma_p1q1r2 cop_0453_qvarma_p1q1r2 cop_0769_qvarma_p1q1r2 cop_0802_qvarma_p1q1r2 cop_0187_qvarma_p1q1r2 cop_0908_qvarma_p1q1r2 cop_0072_qvarma_p1q1r2 cop_0746_qvarma_p1q1r2 cop_0307_qvarma_p1q1r2 cop_0840_qvarma_p1q1r2 cop_0917_qvarma_p1q1r2 cop_0238_qvarma_p1q1r2 cop_0377_qvarma_p1q1r2 cop_0874_qvarma_p1q1r2 cop_0402_qvarma_p1q1r2 cop_0465_qvarma_p1q1r2 cop_0899_qvarma_p1q1r2 cop_0993_qvarma_p1q1r2 cop_0249_qvarma_p1q1r2 cop_0505_qvarma_p1q1r2 cop_0600_qvarma_p1q1r2 cop_0691_qvarma_p1q1r2 cop_0693_qvarma_p1q1r2 cop_0016_qvarma_p1q1r2 cop_0546_qvarma_p1q1r2 cop_0741_qvarma_p1q1r2 cop_0565_qvarma_p1q1r2 cop_0399_qvarma_p1q1r2 cop_0345_qvarma_p1q1r2 cop_0620_qvarma_p1q1r2 cop_0185_qvarma_p1q1r2 cop_0512_qvarma_p1q1r2 cop_0624_qvarma_p1q1r2 cop_0310_qvarma_p1q1r2 cop_0076_qvarma_p1q1r2 cop_0916_qvarma_p1q1r2 cop_0646_qvarma_p1q1r2 cop_0597_qvarma_p1q1r2 cop_0920_qvarma_p1q1r2 cop_0213_qvarma_p1q1r2 cop_0728_qvarma_p1q1r2 cop_0641_qvarma_p1q1r2 cop_0516_qvarma_p1q1r2 cop_0172_qvarma_p1q1r2 cop_0805_qvarma_p1q1r2 cop_0536_qvarma_p1q1r2 cop_0439_qvarma_p1q1r2 cop_0911_qvarma_p1q1r2 cop_0165_qvarma_p1q1r2 cop_0152_qvarma_p1q1r2 cop_0777_qvarma_p1q1r2 cop_0799_qvarma_p1q1r2 cop_0770_qvarma_p1q1r2 cop_0268_qvarma_p1q1r2 cop_0066_qvarma_p1q1r2 cop_0745_qvarma_p1q1r2 cop_0570_qvarma_p1q1r2 cop_0430_qvarma_p1q1r2 cop_0672_qvarma_p1q1r2 cop_0243_qvarma_p1q1r2 cop_0832_qvarma_p1q1r2 cop_0312_qvarma_p1q1r2 cop_0944_qvarma_p1q1r2 cop_0933_qvarma_p1q1r2 cop_0540_qvarma_p1q1r2 cop_0619_qvarma_p1q1r2 cop_0364_qvarma_p1q1r2 cop_0256_qvarma_p1q1r2 cop_0232_qvarma_p1q1r2 cop_0437_qvarma_p1q1r2 cop_0950_qvarma_p1q1r2 cop_0514_qvarma_p1q1r2 cop_0529_qvarma_p1q1r2 cop_0269_qvarma_p1q1r2 cop_0828_qvarma_p1q1r2 cop_0462_qvarma_p1q1r2 cop_0645_qvarma_p1q1r2 cop_0683_qvarma_p1q1r2 cop_0935_qvarma_p1q1r2 cop_0821_qvarma_p1q1r2 cop_0852_qvarma_p1q1r2 cop_0642_qvarma_p1q1r2 cop_0355_qvarma_p1q1r2 cop_0553_qvarma_p1q1r2 cop_0697_qvarma_p1q1r2 cop_0382_qvarma_p1q1r2 cop_0294_qvarma_p1q1r2 cop_0725_qvarma_p1q1r2 cop_0145_qvarma_p1q1r2 cop_0849_qvarma_p1q1r2 cop_0476_qvarma_p1q1r2 cop_0032_qvarma_p1q1r2 cop_0150_qvarma_p1q1r2 cop_0353_qvarma_p1q1r2 cop_0157_qvarma_p1q1r2 cop_0796_qvarma_p1q1r2 cop_0850_qvarma_p1q1r2 cop_0912_qvarma_p1q1r2 cop_0686_qvarma_p1q1r2 cop_0460_qvarma_p1q1r2 cop_0443_qvarma_p1q1r2 cop_0094_qvarma_p1q1r2 cop_0367_qvarma_p1q1r2 cop_0282_qvarma_p1q1r2 cop_0820_qvarma_p1q1r2 cop_0773_qvarma_p1q1r2 cop_0886_qvarma_p1q1r2 cop_0293_qvarma_p1q1r2 cop_0215_qvarma_p1q1r2 cop_0004_qvarma_p1q1r2 cop_0859_qvarma_p1q1r2 cop_0634_qvarma_p1q1r2 cop_0527_qvarma_p1q1r2 cop_0343_qvarma_p1q1r2 cop_0347_qvarma_p1q1r2 cop_0030_qvarma_p1q1r2 cop_0794_qvarma_p1q1r2 cop_0969_qvarma_p1q1r2 cop_0351_qvarma_p1q1r2 cop_0555_qvarma_p1q1r2 cop_0843_qvarma_p1q1r2 cop_0779_qvarma_p1q1r2 cop_0477_qvarma_p1q1r2 cop_0574_qvarma_p1q1r2 cop_0459_qvarma_p1q1r2 cop_0665_qvarma_p1q1r2 cop_0112_qvarma_p1q1r2 cop_0346_qvarma_p1q1r2 cop_0237_qvarma_p1q1r2 cop_0431_qvarma_p1q1r2 cop_0417_qvarma_p1q1r2 cop_0057_qvarma_p1q1r2 cop_0711_qvarma_p1q1r2 cop_0050_qvarma_p1q1r2 cop_0440_qvarma_p1q1r2 cop_0913_qvarma_p1q1r2 cop_0403_qvarma_p1q1r2 cop_0525_qvarma_p1q1r2 cop_0931_qvarma_p1q1r2 cop_0814_qvarma_p1q1r2 cop_0523_qvarma_p1q1r2 cop_0478_qvarma_p1q1r2 cop_0087_qvarma_p1q1r2 cop_0369_qvarma_p1q1r2 cop_0148_qvarma_p1q1r2 cop_0321_qvarma_p1q1r2 cop_0374_qvarma_p1q1r2 cop_0575_qvarma_p1q1r2 cop_0509_qvarma_p1q1r2 cop_0001_qvarma_p1q1r2 cop_0070_qvarma_p1q1r2 cop_0241_qvarma_p1q1r2 cop_0717_qvarma_p1q1r2 cop_0423_qvarma_p1q1r2 cop_0226_qvarma_p1q1r2 cop_0566_qvarma_p1q1r2 cop_0994_qvarma_p1q1r2 cop_0225_qvarma_p1q1r2 cop_0118_qvarma_p1q1r2 cop_0904_qvarma_p1q1r2 cop_0738_qvarma_p1q1r2 cop_0533_qvarma_p1q1r2 cop_0501_qvarma_p1q1r2 cop_0897_qvarma_p1q1r2 cop_0186_qvarma_p1q1r2 cop_0758_qvarma_p1q1r2 cop_0239_qvarma_p1q1r2 cop_0635_qvarma_p1q1r2 cop_0906_qvarma_p1q1r2 cop_0102_qvarma_p1q1r2 cop_0708_qvarma_p1q1r2 cop_0410_qvarma_p1q1r2 cop_0685_qvarma_p1q1r2 cop_0652_qvarma_p1q1r2 cop_0117_qvarma_p1q1r2 cop_0011_qvarma_p1q1r2 cop_0803_qvarma_p1q1r2 cop_0974_qvarma_p1q1r2 cop_0166_qvarma_p1q1r2 cop_0156_qvarma_p1q1r2 cop_0231_qvarma_p1q1r2 cop_0413_qvarma_p1q1r2 cop_0121_qvarma_p1q1r2 cop_0134_qvarma_p1q1r2 cop_0673_qvarma_p1q1r2 cop_0751_qvarma_p1q1r2 cop_0348_qvarma_p1q1r2 cop_0971_qvarma_p1q1r2 cop_0664_qvarma_p1q1r2 cop_0598_qvarma_p1q1r2 cop_0519_qvarma_p1q1r2 cop_0211_qvarma_p1q1r2 cop_0254_qvarma_p1q1r2 cop_0844_qvarma_p1q1r2 cop_0884_qvarma_p1q1r2 cop_0397_qvarma_p1q1r2 cop_0534_qvarma_p1q1r2 cop_0450_qvarma_p1q1r2 cop_0862_qvarma_p1q1r2 cop_0964_qvarma_p1q1r2 cop_0542_qvarma_p1q1r2 cop_0694_qvarma_p1q1r2 cop_0205_qvarma_p1q1r2 cop_0554_qvarma_p1q1r2 cop_0097_qvarma_p1q1r2 cop_0350_qvarma_p1q1r2 cop_0444_qvarma_p1q1r2 cop_0841_qvarma_p1q1r2 cop_0538_qvarma_p1q1r2 cop_0782_qvarma_p1q1r2 cop_0285_qvarma_p1q1r2 cop_0948_qvarma_p1q1r2 cop_0103_qvarma_p1q1r2 cop_0361_qvarma_p1q1r2 cop_0684_qvarma_p1q1r2 cop_0772_qvarma_p1q1r2 cop_0660_qvarma_p1q1r2 cop_0390_qvarma_p1q1r2 cop_0120_qvarma_p1q1r2 cop_0335_qvarma_p1q1r2 cop_0480_qvarma_p1q1r2 cop_0298_qvarma_p1q1r2 cop_0466_qvarma_p1q1r2 cop_0702_qvarma_p1q1r2 cop_0142_qvarma_p1q1r2 cop_0689_qvarma_p1q1r2 cop_0510_qvarma_p1q1r2 cop_0047_qvarma_p1q1r2 cop_0139_qvarma_p1q1r2 cop_0106_qvarma_p1q1r2 cop_0191_qvarma_p1q1r2 cop_0281_qvarma_p1q1r2 cop_0031_qvarma_p1q1r2
  set decided by an accepted test: no, every test rejected down to one model (last p = 0.000 against alpha = 0.050)
