model,benchmark_cop,runs,true_cop_percent,top_other_cop,top_other_percent
qvarma,1,1000,51.200,382,35.000
qvarma,2,1000,0.000,444,23.300
qvarma,3,1000,0.000,603,27.700
qvarma,4,1000,0.000,320,26.200
qvarma,5,1000,52.400,647,23.000
qvarma,6,1000,0.000,850,28.500
qvarma,7,1000,9.000,946,28.400
qvarma,8,1000,12.200,620,40.700
qvarma,9,1000,67.600,603,36.400
qvarma,10,1000,0.000,791,32.000
qvarma,11,1000,2.300,554,39.500
qvarma,12,1000,0.100,98,26.000
qvarma,13,1000,3.700,505,54.900
qvarma,14,1000,0.000,504,30.500
qvarma,15,1000,0.100,504,42.100
qvarma,16,1000,0.000,335,38.700
qvarma,17,1000,0.000,337,20.600
qvarma,18,1000,11.800,603,60.700
qvarma,19,1000,0.000,666,38.300
qvarma,20,1000,7.200,704,27.500
qvarma,21,1000,0.000,98,21.700
qvarma,22,1000,48.900,189,27.500
qvarma,23,1000,3.900,124,27.600
qvarma,24,1000,41.100,634,30.100
qvarma,25,1000,0.000,58,48.200
qvarma,26,1000,0.100,669,38.900
qvarma,27,1000,0.000,634,24.900
qvarma,28,1000,0.000,795,21.900
qvarma,29,1000,0.000,799,20.900
qvarma,30,1000,2.700,647,23.200
qvarma,31,1000,0.000,298,33.600
qvarma,32,1000,0.000,731,34.100
qvarma,33,1000,0.000,704,17.500
qvarma,34,1000,0.000,704,21.200
qvarma,35,1000,0.000,505,45.900
qvarma,36,1000,0.000,320,54.300
qvarma,37,1000,35.300,850,58.000
qvarma,38,1000,24.200,704,38.000
qvarma,39,1000,0.000,470,21.100
qvarma,40,1000,9.400,505,30.900
qvarma,41,1000,0.500,799,40.900
qvarma,42,1000,0.000,603,33.100
qvarma,43,1000,0.000,934,44.500
qvarma,44,1000,0.000,320,43.700
qvarma,45,1000,2.100,505,31.100
qvarma,46,1000,0.000,924,24.900
qvarma,47,1000,0.200,335,34.900
qvarma,48,1000,1.000,603,47.700
qvarma,49,1000,0.800,924,31.100
qvarma,50,1000,0.000,647,24.000
qvarma,51,1000,2.500,505,39.100
qvarma,52,1000,4.000,308,24.700
qvarma,53,1000,0.000,799,31.600
qvarma,54,1000,4.800,191,47.300
qvarma,55,1000,0.100,799,21.300
qvarma,56,1000,0.000,799,36.300
qvarma,57,1000,0.500,642,37.600
qvarma,58,1000,93.600,656,5.800
qvarma,59,1000,0.500,693,34.000
qvarma,60,1000,6.300,22,35.400
qvarma,61,1000,0.000,620,27.900
qvarma,62,1000,0.000,791,33.000
qvarma,63,1000,4.700,77,23.600
qvarma,64,1000,19.500,223,39.500
qvarma,65,1000,12.100,603,58.600
qvarma,66,1000,0.000,620,32.000
qvarma,67,1000,0.000,536,42.300
qvarma,68,1000,23.800,627,26.000
qvarma,69,1000,10.300,249,65.300
qvarma,70,1000,0.000,634,31.600
qvarma,71,1000,15.400,934,62.300
qvarma,72,1000,51.700,346,22.100
qvarma,73,1000,1.100,382,25.100
qvarma,74,1000,0.100,603,40.500
qvarma,75,1000,0.000,199,22.500
qvarma,76,1000,0.000,799,28.300
qvarma,77,1000,57.200,504,44.900
qvarma,78,1000,61.800,320,49.100
qvarma,79,1000,8.300,533,46.100
qvarma,80,1000,33.200,924,35.500
qvarma,81,1000,0.000,603,30.300
qvarma,82,1000,53.400,127,31.900
qvarma,83,1000,10.600,669,38.300
qvarma,84,1000,0.000,98,21.000
qvarma,85,1000,9.300,98,54.700
qvarma,86,1000,1.200,80,25.700
qvarma,87,1000,0.000,536,23.200
qvarma,88,1000,1.500,946,43.500
qvarma,89,1000,0.000,657,20.800
qvarma,90,1000,3.300,947,59.100
qvarma,91,1000,0.000,249,36.400
qvarma,92,1000,3.600,947,41.400
qvarma,93,1000,0.000,315,31.600
qvarma,94,1000,3.600,624,38.300
qvarma,95,1000,0.200,799,40.100
qvarma,96,1000,0.800,308,19.100
qvarma,97,1000,0.000,103,23.600
qvarma,98,1000,57.400,745,21.600
qvarma,99,1000,0.000,666,30.800
qvarma,100,1000,0.000,320,29.400
qvarma,101,1000,32.600,320,48.200
qvarma,102,1000,0.000,534,34.600
qvarma,103,1000,59.500,782,55.900
qvarma,104,1000,0.100,77,23.600
qvarma,105,1000,57.000,749,31.300
qvarma,106,1000,0.700,335,24.200
qvarma,107,1000,4.000,191,32.700
qvarma,108,1000,0.000,791,32.600
qvarma,109,1000,0.000,72,20.000
qvarma,110,1000,0.000,504,31.600
qvarma,111,1000,56.500,223,32.900
qvarma,112,1000,0.600,523,36.300
qvarma,113,1000,0.100,603,36.600
qvarma,114,1000,0.000,704,34.100
qvarma,115,1000,0.000,947,28.300
qvarma,116,1000,0.000,124,30.100
qvarma,117,1000,3.300,505,36.100
qvarma,118,1000,0.000,335,42.800
qvarma,119,1000,5.300,924,27.000
qvarma,120,1000,36.400,542,31.000
qvarma,121,1000,0.000,620,37.900
qvarma,122,1000,0.000,77,30.600
qvarma,123,1000,0.000,505,52.200
qvarma,124,1000,52.600,647,36.500
qvarma,125,1000,0.000,934,26.300
qvarma,126,1000,6.400,256,37.100
qvarma,127,1000,45.700,536,31.800
qvarma,128,1000,0.000,565,26.200
qvarma,129,1000,1.800,946,27.400
qvarma,130,1000,0.100,924,33.900
qvarma,131,1000,10.500,934,43.300
qvarma,132,1000,0.000,77,30.500
qvarma,133,1000,13.400,627,52.200
qvarma,134,1000,83.700,554,18.800
qvarma,135,1000,0.000,620,27.900
qvarma,136,1000,0.000,320,30.000
qvarma,137,1000,0.000,666,22.600
qvarma,138,1000,0.400,223,33.500
qvarma,139,1000,82.800,782,31.600
qvarma,140,1000,0.000,745,26.900
qvarma,141,1000,0.000,504,41.200
qvarma,142,1000,0.000,534,27.800
qvarma,143,1000,0.500,223,34.500
qvarma,144,1000,0.000,199,24.700
qvarma,145,1000,0.100,620,24.000
qvarma,146,1000,0.000,767,33.400
qvarma,147,1000,0.000,642,19.800
qvarma,148,1000,0.100,191,43.900
qvarma,149,1000,0.000,791,25.800
qvarma,150,1000,0.000,782,78.200
qvarma,151,1000,0.000,627,19.100
qvarma,152,1000,0.000,335,28.900
qvarma,153,1000,0.000,504,21.000
qvarma,154,1000,0.000,657,24.200
qvarma,155,1000,0.100,603,35.600
qvarma,156,1000,0.000,554,24.500
qvarma,157,1000,0.000,191,31.700
qvarma,158,1000,0.000,98,22.800
qvarma,159,1000,0.000,947,22.300
qvarma,160,1000,0.000,223,28.200
qvarma,161,1000,1.200,934,41.800
qvarma,162,1000,1.400,666,29.100
qvarma,163,1000,0.000,799,30.800
qvarma,164,1000,0.000,77,27.200
qvarma,165,1000,24.000,554,51.500
qvarma,166,1000,0.000,478,27.700
qvarma,167,1000,0.600,924,35.900
qvarma,168,1000,18.600,58,72.400
qvarma,169,1000,63.000,850,37.100
qvarma,170,1000,0.000,934,38.600
qvarma,171,1000,0.000,850,36.900
qvarma,172,1000,3.300,642,40.400
qvarma,173,1000,3.600,320,63.500
qvarma,174,1000,0.000,666,20.800
qvarma,175,1000,0.000,505,44.000
qvarma,176,1000,0.000,627,38.200
qvarma,177,1000,0.000,672,42.900
qvarma,178,1000,5.700,80,25.200
qvarma,179,1000,0.300,620,46.400
qvarma,180,1000,0.000,603,27.100
qvarma,181,1000,0.000,767,19.700
qvarma,182,1000,0.000,480,26.500
qvarma,183,1000,10.200,731,42.100
qvarma,184,1000,9.300,461,32.500
qvarma,185,1000,29.400,647,48.000
qvarma,186,1000,0.000,536,36.300
qvarma,187,1000,0.000,647,31.700
qvarma,188,1000,0.000,669,37.200
qvarma,189,1000,61.000,947,54.200
qvarma,190,1000,0.000,504,27.200
qvarma,191,1000,87.600,534,14.700
qvarma,192,1000,16.000,249,41.200
qvarma,193,1000,20.500,934,40.700
qvarma,194,1000,8.700,536,40.600
qvarma,195,1000,0.000,666,23.200
qvarma,196,1000,12.300,505,30.500
qvarma,197,1000,2.600,505,37.500
qvarma,198,1000,30.700,504,34.900
qvarma,199,1000,61.100,996,28.400
qvarma,200,1000,0.000,603,29.100
qvarma,201,1000,0.000,629,29.200
qvarma,202,1000,25.300,80,42.700
qvarma,203,1000,38.300,504,34.400
qvarma,204,1000,0.000,505,46.900
qvarma,205,1000,53.700,634,33.100
qvarma,206,1000,1.700,58,68.700
qvarma,207,1000,0.000,374,32.000
qvarma,208,1000,0.000,505,21.500
qvarma,209,1000,0.200,947,43.100
qvarma,210,1000,12.800,505,59.900
qvarma,211,1000,0.100,134,36.100
qvarma,212,1000,0.000,98,27.600
qvarma,213,1000,0.000,914,29.200
qvarma,214,1000,2.100,799,32.400
qvarma,215,1000,0.000,844,25.700
qvarma,216,1000,0.000,603,36.600
qvarma,217,1000,0.000,98,30.800
qvarma,218,1000,12.200,946,30.200
qvarma,219,1000,38.900,745,32.500
qvarma,220,1000,2.800,320,39.200
qvarma,221,1000,0.000,791,36.700
qvarma,222,1000,0.000,666,24.700
qvarma,223,1000,65.400,621,15.900
qvarma,224,1000,0.300,704,21.400
qvarma,225,1000,14.200,672,46.300
qvarma,226,1000,11.000,505,44.800
qvarma,227,1000,12.800,934,45.400
qvarma,228,1000,0.000,236,19.900
qvarma,229,1000,0.300,58,33.400
qvarma,230,1000,3.900,98,35.300
qvarma,231,1000,0.000,620,44.900
qvarma,232,1000,0.000,799,21.600
qvarma,233,1000,24.100,565,39.900
qvarma,234,1000,0.000,669,23.300
qvarma,235,1000,0.000,315,36.800
qvarma,236,1000,52.100,850,21.000
qvarma,237,1000,32.100,814,36.400
qvarma,238,1000,19.300,799,36.400
qvarma,239,1000,0.100,1,30.700
qvarma,240,1000,8.200,320,48.800
qvarma,241,1000,0.000,191,42.000
qvarma,242,1000,30.300,77,46.600
qvarma,243,1000,0.000,672,42.900
qvarma,244,1000,0.100,505,34.000
qvarma,245,1000,0.300,223,31.200
qvarma,246,1000,0.000,505,27.300
qvarma,247,1000,0.900,647,21.300
qvarma,248,1000,0.100,504,40.600
qvarma,249,1000,72.400,935,23.300
qvarma,250,1000,0.000,620,39.400
qvarma,251,1000,0.000,468,40.400
qvarma,252,1000,0.000,603,43.400
qvarma,253,1000,6.200,924,29.700
qvarma,254,1000,44.100,82,43.200
qvarma,255,1000,3.600,320,43.400
qvarma,256,1000,46.700,624,25.600
qvarma,257,1000,6.700,924,35.000
qvarma,258,1000,0.000,403,24.700
qvarma,259,1000,0.800,799,42.500
qvarma,260,1000,0.000,603,39.300
qvarma,261,1000,5.400,947,44.000
qvarma,262,1000,0.100,745,36.700
qvarma,263,1000,0.300,627,52.200
qvarma,264,1000,3.100,647,30.100
qvarma,265,1000,10.100,624,41.100
qvarma,266,1000,0.200,98,36.000
qvarma,267,1000,0.000,505,20.200
qvarma,268,1000,0.400,565,42.400
qvarma,269,1000,0.100,191,28.900
qvarma,270,1000,0.000,627,40.200
qvarma,271,1000,0.000,249,39.300
qvarma,272,1000,41.100,996,25.900
qvarma,273,1000,0.000,947,56.700
qvarma,274,1000,0.000,629,24.000
qvarma,275,1000,2.400,693,29.300
qvarma,276,1000,0.000,223,25.100
qvarma,277,1000,0.100,620,33.400
qvarma,278,1000,0.000,947,36.100
qvarma,279,1000,0.000,504,27.600
qvarma,280,1000,0.000,666,45.900
qvarma,281,1000,0.000,534,27.700
qvarma,282,1000,20.200,382,51.400
qvarma,283,1000,0.000,504,36.400
qvarma,284,1000,0.000,669,23.400
qvarma,285,1000,0.100,620,39.000
qvarma,286,1000,0.000,799,26.800
qvarma,287,1000,0.000,924,29.400
qvarma,288,1000,0.000,72,26.400
qvarma,289,1000,10.100,320,41.600
qvarma,290,1000,0.000,704,22.600
qvarma,291,1000,0.000,767,32.600
qvarma,292,1000,0.000,620,42.500
qvarma,293,1000,0.000,844,37.600
qvarma,294,1000,0.100,672,51.500
qvarma,295,1000,0.000,98,21.300
qvarma,296,1000,0.000,996,20.100
qvarma,297,1000,0.300,505,58.700
qvarma,298,1000,41.800,134,26.600
qvarma,299,1000,8.200,702,30.500
qvarma,300,1000,0.000,77,26.000
qvarma,301,1000,0.000,666,22.000
qvarma,302,1000,2.900,934,43.300
qvarma,303,1000,0.900,799,35.800
qvarma,304,1000,6.300,58,37.900
qvarma,305,1000,0.000,98,25.800
qvarma,306,1000,0.000,346,33.400
qvarma,307,1000,2.600,693,45.300
qvarma,308,1000,24.900,924,33.100
qvarma,309,1000,0.000,666,29.600
qvarma,310,1000,0.000,647,32.200
qvarma,311,1000,0.000,693,24.800
qvarma,312,1000,0.000,505,23.700
qvarma,313,1000,0.300,603,40.600
qvarma,314,1000,0.900,996,41.200
qvarma,315,1000,66.300,819,14.000
qvarma,316,1000,0.000,505,24.200
qvarma,317,1000,0.100,320,46.800
qvarma,318,1000,0.000,505,40.800
qvarma,319,1000,0.000,505,36.700
qvarma,320,1000,82.900,78,13.200
qvarma,321,1000,0.000,72,32.700
qvarma,322,1000,0.000,98,26.600
qvarma,323,1000,4.200,98,48.200
qvarma,324,1000,0.000,799,23.400
qvarma,325,1000,0.000,799,21.900
qvarma,326,1000,0.000,657,25.300
qvarma,327,1000,0.900,18,28.400
qvarma,328,1000,0.000,603,27.600
qvarma,329,1000,19.600,934,52.100
qvarma,330,1000,8.200,946,38.200
qvarma,331,1000,1.900,946,24.800
qvarma,332,1000,0.600,58,43.100
qvarma,333,1000,0.000,657,25.000
qvarma,334,1000,0.000,934,25.900
qvarma,335,1000,60.700,480,14.900
qvarma,336,1000,0.000,724,30.500
qvarma,337,1000,29.300,850,32.000
qvarma,338,1000,23.600,749,36.900
qvarma,339,1000,0.000,624,20.600
qvarma,340,1000,4.900,565,34.900
qvarma,341,1000,0.000,647,17.800
qvarma,342,1000,1.700,947,36.400
qvarma,343,1000,1.800,624,25.600
qvarma,344,1000,1.300,565,26.200
qvarma,345,1000,1.600,565,42.700
qvarma,346,1000,45.900,72,36.700
qvarma,347,1000,1.500,320,39.700
qvarma,348,1000,2.100,505,32.700
qvarma,349,1000,18.300,169,58.600
qvarma,350,1000,55.100,782,76.700
qvarma,351,1000,12.500,620,39.300
qvarma,352,1000,1.600,946,28.300
qvarma,353,1000,0.600,320,36.400
qvarma,354,1000,1.500,77,19.900
qvarma,355,1000,36.800,672,40.500
qvarma,356,1000,0.000,320,35.000
qvarma,357,1000,19.100,627,60.400
qvarma,358,1000,5.900,505,35.200
qvarma,359,1000,0.000,505,60.000
qvarma,360,1000,0.000,98,22.100
qvarma,361,1000,14.400,335,54.400
qvarma,362,1000,0.300,768,27.500
qvarma,363,1000,12.200,724,44.600
qvarma,364,1000,0.000,620,36.700
qvarma,365,1000,0.000,704,25.300
qvarma,366,1000,2.900,58,23.400
qvarma,367,1000,0.000,634,30.200
qvarma,368,1000,0.000,320,39.600
qvarma,369,1000,0.000,620,40.800
qvarma,370,1000,0.000,505,33.500
qvarma,371,1000,0.000,669,26.800
qvarma,372,1000,0.000,996,21.700
qvarma,373,1000,0.000,565,30.200
qvarma,374,1000,47.500,533,33.100
qvarma,375,1000,6.800,308,23.800
qvarma,376,1000,0.100,505,37.300
qvarma,377,1000,0.700,850,37.800
qvarma,378,1000,30.600,666,34.700
qvarma,379,1000,67.700,603,60.200
qvarma,380,1000,0.000,704,29.700
qvarma,381,1000,0.000,80,24.200
qvarma,382,1000,81.500,647,13.700
qvarma,383,1000,0.000,724,25.200
qvarma,384,1000,0.000,505,31.100
qvarma,385,1000,0.000,693,47.400
qvarma,386,1000,0.100,603,38.900
qvarma,387,1000,0.300,98,58.800
qvarma,388,1000,42.200,745,39.800
qvarma,389,1000,1.300,627,48.200
qvarma,390,1000,18.300,480,48.900
qvarma,391,1000,0.100,627,42.900
qvarma,392,1000,1.600,627,45.300
qvarma,393,1000,0.200,745,34.400
qvarma,394,1000,0.000,315,43.300
qvarma,395,1000,17.100,249,42.800
qvarma,396,1000,0.600,498,34.300
qvarma,397,1000,0.000,298,30.400
qvarma,398,1000,0.700,98,32.200
qvarma,399,1000,0.000,533,30.100
qvarma,400,1000,0.000,249,49.700
qvarma,401,1000,0.100,603,24.500
qvarma,402,1000,13.000,799,60.300
qvarma,403,1000,55.300,672,23.900
qvarma,404,1000,0.000,504,20.000
qvarma,405,1000,0.000,799,35.000
qvarma,406,1000,1.600,799,47.800
qvarma,407,1000,0.000,946,26.300
qvarma,408,1000,0.000,666,21.100
qvarma,409,1000,4.500,946,50.300
qvarma,410,1000,7.600,191,52.700
qvarma,411,1000,14.700,505,46.500
qvarma,412,1000,7.300,505,63.100
qvarma,413,1000,0.000,620,29.500
qvarma,414,1000,2.200,657,37.200
qvarma,415,1000,0.000,504,23.700
qvarma,416,1000,23.500,315,35.700
qvarma,417,1000,0.900,693,39.400
qvarma,418,1000,0.000,504,22.600
qvarma,419,1000,0.400,739,28.100
qvarma,420,1000,0.000,672,22.500
qvarma,421,1000,5.200,799,38.000
qvarma,422,1000,49.300,320,47.300
qvarma,423,1000,0.000,634,36.200
qvarma,424,1000,0.000,191,34.000
qvarma,425,1000,0.500,505,52.300
qvarma,426,1000,11.800,498,30.200
qvarma,427,1000,0.100,947,38.400
qvarma,428,1000,0.000,534,29.000
qvarma,429,1000,37.500,205,40.600
qvarma,430,1000,53.700,505,67.600
qvarma,431,1000,0.300,672,57.800
qvarma,432,1000,1.100,934,38.300
qvarma,433,1000,54.300,693,35.700
qvarma,434,1000,0.200,505,28.700
qvarma,435,1000,0.000,498,40.300
qvarma,436,1000,0.000,624,26.500
qvarma,437,1000,15.900,320,44.200
qvarma,438,1000,16.700,627,41.500
qvarma,439,1000,5.600,934,44.800
qvarma,440,1000,0.000,346,25.300
qvarma,441,1000,0.000,603,39.000
qvarma,442,1000,12.300,627,46.400
qvarma,443,1000,7.100,828,48.700
qvarma,444,1000,32.000,256,43.500
qvarma,445,1000,9.500,603,38.200
qvarma,446,1000,18.200,603,68.600
qvarma,447,1000,0.000,272,32.200
qvarma,448,1000,0.000,504,26.900
qvarma,449,1000,8.200,693,39.800
qvarma,450,1000,0.000,523,24.600
qvarma,451,1000,0.100,193,28.800
qvarma,452,1000,2.700,724,31.200
qvarma,453,1000,0.100,647,29.800
qvarma,454,1000,16.900,603,68.100
qvarma,455,1000,0.000,799,23.700
qvarma,456,1000,0.000,669,35.800
qvarma,457,1000,0.700,320,39.100
qvarma,458,1000,0.000,934,22.500
qvarma,459,1000,0.000,647,29.100
qvarma,460,1000,0.000,335,25.800
qvarma,461,1000,21.400,656,33.300
qvarma,462,1000,0.000,504,25.800
qvarma,463,1000,0.000,199,28.000
qvarma,464,1000,1.900,749,26.200
qvarma,465,1000,0.000,647,31.600
qvarma,466,1000,0.000,298,33.100
qvarma,467,1000,0.300,647,42.900
qvarma,468,1000,40.500,947,38.800
qvarma,469,1000,0.200,914,29.600
qvarma,470,1000,28.200,249,41.800
qvarma,471,1000,5.600,189,30.700
qvarma,472,1000,0.000,505,40.600
qvarma,473,1000,0.000,272,23.100
qvarma,474,1000,0.000,666,39.600
qvarma,475,1000,0.400,724,32.800
qvarma,476,1000,13.500,282,30.100
qvarma,477,1000,0.000,620,39.600
qvarma,478,1000,23.200,533,38.200
qvarma,479,1000,0.200,642,38.800
qvarma,480,1000,43.100,335,39.000
qvarma,481,1000,0.000,620,24.400
qvarma,482,1000,0.000,533,27.100
qvarma,483,1000,0.000,693,24.000
qvarma,484,1000,0.000,799,37.200
qvarma,485,1000,0.000,669,30.600
qvarma,486,1000,0.300,799,52.400
qvarma,487,1000,0.000,799,25.900
qvarma,488,1000,1.900,799,31.700
qvarma,489,1000,9.900,666,42.700
qvarma,490,1000,0.200,767,36.400
qvarma,491,1000,0.600,505,30.700
qvarma,492,1000,0.000,799,23.500
qvarma,493,1000,7.800,382,29.500
qvarma,494,1000,0.400,320,49.100
qvarma,495,1000,6.100,704,26.100
qvarma,496,1000,0.000,693,25.600
qvarma,497,1000,2.700,934,30.200
qvarma,498,1000,49.600,320,49.700
qvarma,499,1000,0.100,603,39.500
qvarma,500,1000,0.600,634,28.500
qvarma,501,1000,0.000,346,37.500
qvarma,502,1000,14.700,554,26.300
qvarma,503,1000,0.000,335,20.700
qvarma,504,1000,51.300,433,21.700
qvarma,505,1000,77.200,565,35.900
qvarma,506,1000,0.000,98,18.900
qvarma,507,1000,0.200,193,32.300
qvarma,508,1000,2.500,189,32.000
qvarma,509,1000,50.900,346,49.300
qvarma,510,1000,9.900,554,46.400
qvarma,511,1000,0.000,704,26.900
qvarma,512,1000,29.100,565,51.600
qvarma,513,1000,0.100,731,29.900
qvarma,514,1000,0.000,850,28.600
qvarma,515,1000,36.400,724,42.400
qvarma,516,1000,0.000,320,38.400
qvarma,517,1000,0.100,693,29.000
qvarma,518,1000,0.000,227,24.900
qvarma,519,1000,66.200,702,47.100
qvarma,520,1000,1.700,37,29.500
qvarma,521,1000,0.000,799,34.300
qvarma,522,1000,9.000,379,60.100
qvarma,523,1000,32.900,647,29.700
qvarma,524,1000,2.400,505,37.300
qvarma,525,1000,0.000,350,35.000
qvarma,526,1000,40.200,422,56.400
qvarma,527,1000,0.000,191,25.500
qvarma,528,1000,0.100,219,26.000
qvarma,529,1000,0.000,335,23.600
qvarma,530,1000,0.000,199,32.400
qvarma,531,1000,0.000,603,34.800
qvarma,532,1000,0.000,704,23.000
qvarma,533,1000,49.600,534,41.200
qvarma,534,1000,59.100,191,38.800
qvarma,535,1000,0.000,98,19.000
qvarma,536,1000,49.300,666,23.600
qvarma,537,1000,0.000,799,22.100
qvarma,538,1000,0.000,335,33.400
qvarma,539,1000,0.300,124,37.300
qvarma,540,1000,0.000,127,38.700
qvarma,541,1000,0.000,603,18.000
qvarma,542,1000,50.300,120,31.100
qvarma,543,1000,0.000,791,40.400
qvarma,544,1000,0.000,227,25.600
qvarma,545,1000,4.300,627,32.700
qvarma,546,1000,0.000,693,23.400
qvarma,547,1000,0.000,647,24.600
qvarma,548,1000,1.500,468,26.500
qvarma,549,1000,14.100,98,40.600
qvarma,550,1000,0.000,315,30.900
qvarma,551,1000,0.000,603,32.200
qvarma,552,1000,0.000,533,24.400
qvarma,553,1000,3.500,249,46.900
qvarma,554,1000,79.000,134,25.500
qvarma,555,1000,3.400,799,36.900
qvarma,556,1000,0.400,627,55.300
qvarma,557,1000,0.000,603,23.100
qvarma,558,1000,0.000,58,29.800
qvarma,559,1000,0.800,199,38.800
qvarma,560,1000,0.000,657,22.800
qvarma,561,1000,0.000,320,27.600
qvarma,562,1000,44.200,924,36.600
qvarma,563,1000,0.000,504,35.000
qvarma,564,1000,0.000,934,29.200
qvarma,565,1000,64.100,745,43.300
qvarma,566,1000,4.900,666,28.900
qvarma,567,1000,0.000,504,18.500
qvarma,568,1000,1.200,603,38.500
qvarma,569,1000,0.000,98,27.500
qvarma,570,1000,0.000,335,33.200
qvarma,571,1000,0.000,934,37.200
qvarma,572,1000,2.000,505,64.500
qvarma,573,1000,0.000,77,29.800
qvarma,574,1000,0.000,624,33.900
qvarma,575,1000,14.500,505,50.900
qvarma,576,1000,0.000,934,48.600
qvarma,577,1000,0.000,320,36.300
qvarma,578,1000,0.100,98,23.200
qvarma,579,1000,0.200,505,32.800
qvarma,580,1000,0.200,767,28.400
qvarma,581,1000,0.000,666,31.400
qvarma,582,1000,0.000,98,31.800
qvarma,583,1000,0.000,799,32.400
qvarma,584,1000,0.000,98,33.900
qvarma,585,1000,0.000,504,20.400
qvarma,586,1000,5.300,249,43.000
qvarma,587,1000,0.000,505,35.900
qvarma,588,1000,0.100,746,32.500
qvarma,589,1000,0.000,704,19.100
qvarma,590,1000,8.600,924,25.200
qvarma,591,1000,7.200,704,51.100
qvarma,592,1000,17.400,249,72.700
qvarma,593,1000,0.000,422,32.400
qvarma,594,1000,0.000,346,38.900
qvarma,595,1000,6.200,946,26.800
qvarma,596,1000,0.000,642,30.900
qvarma,597,1000,10.800,850,34.000
qvarma,598,1000,9.800,702,49.800
qvarma,599,1000,3.100,603,38.100
qvarma,600,1000,0.000,666,25.300
qvarma,601,1000,0.000,666,23.200
qvarma,602,1000,0.000,799,37.500
qvarma,603,1000,83.700,9,32.000
qvarma,604,1000,0.000,374,40.300
qvarma,605,1000,0.000,603,24.400
qvarma,606,1000,0.000,666,37.000
qvarma,607,1000,0.300,223,24.200
qvarma,608,1000,22.100,924,32.900
qvarma,609,1000,0.300,98,30.700
qvarma,610,1000,0.000,505,39.000
qvarma,611,1000,0.700,505,37.100
qvarma,612,1000,0.200,693,30.900
qvarma,613,1000,12.500,504,31.100
qvarma,614,1000,0.000,505,33.200
qvarma,615,1000,27.500,320,59.100
qvarma,616,1000,0.000,799,22.000
qvarma,617,1000,0.000,98,23.600
qvarma,618,1000,0.000,504,27.800
qvarma,619,1000,0.000,799,43.800
qvarma,620,1000,65.200,249,36.400
qvarma,621,1000,36.900,223,49.100
qvarma,622,1000,0.000,320,35.200
qvarma,623,1000,0.000,669,29.900
qvarma,624,1000,55.400,169,20.900
qvarma,625,1000,4.300,934,33.400
qvarma,626,1000,0.100,58,27.500
qvarma,627,1000,64.700,603,49.400
qvarma,628,1000,0.000,620,29.400
qvarma,629,1000,51.200,850,27.800
qvarma,630,1000,6.000,320,47.900
qvarma,631,1000,0.000,749,23.900
qvarma,632,1000,20.800,78,42.000
qvarma,633,1000,8.500,498,39.800
qvarma,634,1000,65.400,850,37.600
qvarma,635,1000,0.000,509,35.200
qvarma,636,1000,0.000,767,22.300
qvarma,637,1000,9.100,799,23.100
qvarma,638,1000,0.000,666,26.700
qvarma,639,1000,0.000,504,33.600
qvarma,640,1000,1.400,767,28.600
qvarma,641,1000,0.000,647,25.600
qvarma,642,1000,71.200,731,21.800
qvarma,643,1000,9.300,741,24.700
qvarma,644,1000,0.700,505,38.600
qvarma,645,1000,21.400,795,34.400
qvarma,646,1000,0.000,647,47.000
qvarma,647,1000,84.300,741,17.300
qvarma,648,1000,2.800,505,33.800
qvarma,649,1000,0.000,505,42.600
qvarma,650,1000,0.000,850,43.400
qvarma,651,1000,0.000,199,24.500
qvarma,652,1000,4.000,782,60.400
qvarma,653,1000,2.000,647,68.000
qvarma,654,1000,0.000,422,46.300
qvarma,655,1000,46.900,9,55.800
qvarma,656,1000,40.000,799,39.300
qvarma,657,1000,51.300,799,23.700
qvarma,658,1000,0.000,946,32.900
qvarma,659,1000,26.600,934,64.500
qvarma,660,1000,0.000,205,31.200
qvarma,661,1000,0.000,191,25.800
qvarma,662,1000,19.800,223,37.700
qvarma,663,1000,0.000,603,52.600
qvarma,664,1000,0.000,684,34.500
qvarma,665,1000,0.000,191,28.000
qvarma,666,1000,62.900,647,31.500
qvarma,667,1000,2.700,934,45.100
qvarma,668,1000,2.400,603,62.300
qvarma,669,1000,43.300,505,30.800
qvarma,670,1000,0.600,704,39.700
qvarma,671,1000,20.500,875,34.900
qvarma,672,1000,71.700,403,19.800
qvarma,673,1000,15.100,382,33.200
qvarma,674,1000,2.400,669,37.600
qvarma,675,1000,0.000,98,31.200
qvarma,676,1000,0.000,603,44.700
qvarma,677,1000,0.000,704,37.200
qvarma,678,1000,17.300,799,41.100
qvarma,679,1000,11.400,704,25.700
qvarma,680,1000,0.000,947,41.200
qvarma,681,1000,9.200,58,29.300
qvarma,682,1000,0.000,504,41.500
qvarma,683,1000,0.000,620,28.600
qvarma,684,1000,42.800,72,29.000
qvarma,685,1000,0.000,335,47.000
qvarma,686,1000,0.000,256,33.900
qvarma,687,1000,6.000,58,31.700
qvarma,688,1000,9.700,498,38.100
qvarma,689,1000,85.800,782,58.600
qvarma,690,1000,0.000,924,26.700
qvarma,691,1000,0.000,620,26.800
qvarma,692,1000,34.700,498,43.100
qvarma,693,1000,70.700,947,13.500
qvarma,694,1000,0.000,782,42.400
qvarma,695,1000,0.500,627,45.100
qvarma,696,1000,14.800,422,40.000
qvarma,697,1000,0.000,782,36.600
qvarma,698,1000,0.000,199,23.800
qvarma,699,1000,18.600,80,30.900
qvarma,700,1000,1.800,58,44.200
qvarma,701,1000,0.000,799,33.600
qvarma,702,1000,68.900,634,39.200
qvarma,703,1000,5.200,666,40.700
qvarma,704,1000,51.500,562,33.100
qvarma,705,1000,0.000,659,29.900
qvarma,706,1000,3.300,996,39.000
qvarma,707,1000,0.000,335,29.900
qvarma,708,1000,5.200,534,39.600
qvarma,709,1000,0.100,223,30.200
qvarma,710,1000,0.100,946,22.000
qvarma,711,1000,0.000,782,45.700
qvarma,712,1000,4.300,603,51.800
qvarma,713,1000,37.400,947,35.200
qvarma,714,1000,0.000,98,20.800
qvarma,715,1000,0.000,533,36.700
qvarma,716,1000,1.400,767,29.600
qvarma,717,1000,2.400,642,36.700
qvarma,718,1000,10.300,799,41.000
qvarma,719,1000,0.000,806,26.400
qvarma,720,1000,0.000,320,37.200
qvarma,721,1000,0.000,504,33.800
qvarma,722,1000,0.000,98,25.500
qvarma,723,1000,0.000,666,28.500
qvarma,724,1000,50.300,515,29.300
qvarma,725,1000,0.000,647,22.100
qvarma,726,1000,0.000,505,37.100
qvarma,727,1000,0.800,642,41.200
qvarma,728,1000,0.400,505,55.800
qvarma,729,1000,0.000,647,33.600
qvarma,730,1000,42.800,504,52.900
qvarma,731,1000,55.100,642,31.800
qvarma,732,1000,6.900,659,51.100
qvarma,733,1000,0.000,505,28.900
qvarma,734,1000,0.200,77,43.700
qvarma,735,1000,0.000,320,35.700
qvarma,736,1000,0.800,934,30.800
qvarma,737,1000,0.100,223,32.100
qvarma,738,1000,0.000,127,35.400
qvarma,739,1000,31.200,58,63.600
qvarma,740,1000,21.900,422,44.800
qvarma,741,1000,74.500,647,26.000
qvarma,742,1000,0.000,934,25.400
qvarma,743,1000,0.000,946,22.700
qvarma,744,1000,9.200,693,52.200
qvarma,745,1000,63.900,799,56.100
qvarma,746,1000,32.700,745,41.800
qvarma,747,1000,0.000,505,40.600
qvarma,748,1000,0.000,946,21.600
qvarma,749,1000,47.600,498,43.400
qvarma,750,1000,39.100,105,58.000
qvarma,751,1000,43.000,782,40.800
qvarma,752,1000,12.800,189,26.400
qvarma,753,1000,18.700,320,52.400
qvarma,754,1000,12.900,603,74.200
qvarma,755,1000,28.300,504,40.600
qvarma,756,1000,0.000,620,30.200
qvarma,757,1000,0.000,346,26.800
qvarma,758,1000,0.000,844,57.500
qvarma,759,1000,0.000,124,41.500
qvarma,760,1000,0.000,124,23.200
qvarma,761,1000,0.000,433,39.700
qvarma,762,1000,0.000,505,23.100
qvarma,763,1000,0.000,320,40.600
qvarma,764,1000,0.400,320,51.700
qvarma,765,1000,0.000,256,30.100
qvarma,766,1000,4.700,946,30.200
qvarma,767,1000,37.100,704,32.500
qvarma,768,1000,62.400,58,35.800
qvarma,769,1000,0.000,249,42.500
qvarma,770,1000,27.700,647,36.700
qvarma,771,1000,0.000,666,40.000
qvarma,772,1000,0.000,139,46.100
qvarma,773,1000,2.400,320,57.400
qvarma,774,1000,0.000,534,39.900
qvarma,775,1000,7.800,791,31.300
qvarma,776,1000,0.000,791,28.600
qvarma,777,1000,0.000,519,31.400
qvarma,778,1000,0.000,335,20.600
qvarma,779,1000,0.400,850,24.700
qvarma,780,1000,0.000,533,22.200
qvarma,781,1000,12.200,799,29.500
qvarma,782,1000,98.800,139,2.100
qvarma,783,1000,19.800,799,34.600
qvarma,784,1000,0.000,620,31.800
qvarma,785,1000,0.000,58,34.000
qvarma,786,1000,0.000,98,22.800
qvarma,787,1000,0.000,704,34.900
qvarma,788,1000,10.100,946,34.700
qvarma,789,1000,0.000,799,37.100
qvarma,790,1000,0.000,704,19.500
qvarma,791,1000,25.000,603,59.400
qvarma,792,1000,1.000,98,45.300
qvarma,793,1000,0.000,505,35.000
qvarma,794,1000,0.000,127,32.300
qvarma,795,1000,46.700,382,32.700
qvarma,796,1000,0.000,320,42.800
qvarma,797,1000,0.000,505,49.200
qvarma,798,1000,0.100,934,45.700
qvarma,799,1000,92.400,947,4.800
qvarma,800,1000,36.700,749,40.500
qvarma,801,1000,0.000,79,30.800
qvarma,802,1000,0.000,624,25.300
qvarma,803,1000,0.000,536,22.900
qvarma,804,1000,0.300,603,49.600
qvarma,805,1000,0.000,505,38.300
qvarma,806,1000,40.700,346,34.200
qvarma,807,1000,0.000,799,38.200
qvarma,808,1000,0.000,98,28.100
qvarma,809,1000,33.500,947,26.900
qvarma,810,1000,7.300,799,58.700
qvarma,811,1000,0.000,80,27.700
qvarma,812,1000,0.000,77,21.800
qvarma,813,1000,0.900,603,34.600
qvarma,814,1000,41.400,403,38.500
qvarma,815,1000,0.000,199,20.100
qvarma,816,1000,0.000,745,42.300
qvarma,817,1000,4.500,647,37.800
qvarma,818,1000,1.200,724,33.900
qvarma,819,1000,34.500,111,31.300
qvarma,820,1000,0.000,620,31.600
qvarma,821,1000,0.000,346,32.700
qvarma,822,1000,16.700,249,54.000
qvarma,823,1000,19.200,799,68.900
qvarma,824,1000,0.300,191,56.400
qvarma,825,1000,0.000,934,32.000
qvarma,826,1000,0.000,374,29.100
qvarma,827,1000,0.100,498,27.900
qvarma,828,1000,47.200,505,52.200
qvarma,829,1000,0.000,669,31.800
qvarma,830,1000,16.100,58,40.800
qvarma,831,1000,0.300,505,34.900
qvarma,832,1000,25.100,320,60.700
qvarma,833,1000,0.100,799,36.600
qvarma,834,1000,0.000,603,26.100
qvarma,835,1000,0.000,77,21.800
qvarma,836,1000,0.000,693,32.600
qvarma,837,1000,0.000,565,24.600
qvarma,838,1000,0.000,403,32.000
qvarma,839,1000,0.400,947,25.000
qvarma,840,1000,0.000,666,35.800
qvarma,841,1000,0.000,346,40.900
qvarma,842,1000,0.000,724,25.000
qvarma,843,1000,0.000,782,60.400
qvarma,844,1000,92.400,103,5.000
qvarma,845,1000,0.000,505,31.900
qvarma,846,1000,2.800,924,31.700
qvarma,847,1000,0.000,947,25.600
qvarma,848,1000,0.000,934,39.900
qvarma,849,1000,0.000,534,27.000
qvarma,850,1000,82.500,134,8.400
qvarma,851,1000,2.000,249,38.200
qvarma,852,1000,0.000,72,30.300
qvarma,853,1000,0.000,627,24.500
qvarma,854,1000,0.000,791,27.100
qvarma,855,1000,18.400,78,49.500
qvarma,856,1000,12.300,799,26.000
qvarma,857,1000,0.000,669,26.200
qvarma,858,1000,0.000,199,22.500
qvarma,859,1000,0.300,519,22.600
qvarma,860,1000,1.300,98,52.800
qvarma,861,1000,0.200,603,32.600
qvarma,862,1000,0.000,684,25.500
qvarma,863,1000,0.000,320,36.600
qvarma,864,1000,0.000,199,28.000
qvarma,865,1000,0.200,799,28.500
qvarma,866,1000,2.900,505,36.200
qvarma,867,1000,0.000,889,24.800
qvarma,868,1000,0.100,98,50.300
qvarma,869,1000,11.200,934,55.000
qvarma,870,1000,8.600,799,44.400
qvarma,871,1000,0.000,620,24.700
qvarma,872,1000,1.200,337,21.200
qvarma,873,1000,0.900,505,59.300
qvarma,874,1000,25.200,534,31.800
qvarma,875,1000,36.800,634,31.300
qvarma,876,1000,0.600,850,46.200
qvarma,877,1000,0.000,996,26.800
qvarma,878,1000,0.000,320,63.900
qvarma,879,1000,1.200,627,32.800
qvarma,880,1000,0.000,620,25.000
qvarma,881,1000,0.000,666,22.800
qvarma,882,1000,0.000,505,26.600
qvarma,883,1000,0.000,223,36.700
qvarma,884,1000,0.000,536,36.200
qvarma,885,1000,0.000,9,39.000
qvarma,886,1000,33.200,199,48.500
qvarma,887,1000,0.400,98,42.900
qvarma,888,1000,3.700,799,24.500
qvarma,889,1000,15.200,620,35.000
qvarma,890,1000,0.000,704,28.200
qvarma,891,1000,30.000,615,45.200
qvarma,892,1000,0.000,946,23.800
qvarma,893,1000,0.000,669,25.600
qvarma,894,1000,0.000,223,33.100
qvarma,895,1000,40.000,105,57.700
qvarma,896,1000,0.000,127,41.100
qvarma,897,1000,0.000,620,34.100
qvarma,898,1000,0.000,199,25.700
qvarma,899,1000,0.000,533,30.000
qvarma,900,1000,0.300,58,46.700
qvarma,901,1000,0.000,934,49.600
qvarma,902,1000,9.800,105,45.800
qvarma,903,1000,0.000,504,34.300
qvarma,904,1000,26.200,509,39.100
qvarma,905,1000,2.400,79,41.900
qvarma,906,1000,16.200,519,31.800
qvarma,907,1000,0.500,603,51.700
qvarma,908,1000,44.400,505,44.400
qvarma,909,1000,0.000,767,37.800
qvarma,910,1000,5.500,505,54.000
qvarma,911,1000,0.800,620,50.800
qvarma,912,1000,1.400,799,24.500
qvarma,913,1000,0.100,533,35.600
qvarma,914,1000,35.800,320,48.400
qvarma,915,1000,0.000,505,51.800
qvarma,916,1000,0.000,799,37.900
qvarma,917,1000,0.000,191,39.100
qvarma,918,1000,0.300,98,36.700
qvarma,919,1000,21.600,58,39.200
qvarma,920,1000,7.100,603,53.800
qvarma,921,1000,0.200,672,40.800
qvarma,922,1000,0.100,189,32.300
qvarma,923,1000,0.000,666,25.700
qvarma,924,1000,68.600,799,25.500
qvarma,925,1000,0.000,647,26.000
qvarma,926,1000,0.000,746,37.200
qvarma,927,1000,0.000,77,35.200
qvarma,928,1000,1.800,58,65.600
qvarma,929,1000,0.300,799,35.600
qvarma,930,1000,0.000,666,25.000
qvarma,931,1000,0.000,191,39.900
qvarma,932,1000,6.200,189,37.100
qvarma,933,1000,0.500,565,26.900
qvarma,934,1000,59.300,603,47.800
qvarma,935,1000,50.800,505,37.700
qvarma,936,1000,0.000,799,23.100
qvarma,937,1000,0.000,684,30.000
qvarma,938,1000,0.000,799,33.400
qvarma,939,1000,0.100,77,50.500
qvarma,940,1000,0.000,505,51.800
qvarma,941,1000,0.000,934,27.700
qvarma,942,1000,5.800,934,44.100
qvarma,943,1000,0.000,346,31.100
qvarma,944,1000,17.000,504,40.000
qvarma,945,1000,0.000,693,26.800
qvarma,946,1000,39.600,799,43.900
qvarma,947,1000,78.500,189,14.900
qvarma,948,1000,4.900,554,38.100
qvarma,949,1000,0.000,799,25.300
qvarma,950,1000,0.000,536,35.200
qvarma,951,1000,0.000,346,24.400
qvarma,952,1000,6.800,505,37.600
qvarma,953,1000,0.000,504,24.100
qvarma,954,1000,0.000,357,33.000
qvarma,955,1000,0.000,666,36.700
qvarma,956,1000,0.000,536,36.900
qvarma,957,1000,28.100,724,33.200
qvarma,958,1000,0.500,58,54.700
qvarma,959,1000,0.000,624,26.500
qvarma,960,1000,0.000,98,24.200
qvarma,961,1000,1.100,693,22.100
qvarma,962,1000,0.000,672,37.200
qvarma,963,1000,0.000,624,27.400
qvarma,964,1000,0.500,844,69.300
qvarma,965,1000,0.100,693,26.700
qvarma,966,1000,0.000,669,37.400
qvarma,967,1000,0.000,799,25.300
qvarma,968,1000,0.000,791,26.300
qvarma,969,1000,8.300,346,38.800
qvarma,970,1000,0.500,320,57.900
qvarma,971,1000,34.700,350,75.000
qvarma,972,1000,0.000,533,24.400
qvarma,973,1000,39.000,693,30.900
qvarma,974,1000,0.000,565,29.900
qvarma,975,1000,0.000,603,39.100
qvarma,976,1000,0.000,38,24.600
qvarma,977,1000,3.400,704,27.500
qvarma,978,1000,0.000,669,28.400
qvarma,979,1000,0.000,256,21.900
qvarma,980,1000,3.100,704,44.700
qvarma,981,1000,0.000,704,24.400
qvarma,982,1000,26.900,504,29.100
qvarma,983,1000,0.000,98,27.300
qvarma,984,1000,0.000,98,24.100
qvarma,985,1000,0.000,124,17.600
qvarma,986,1000,0.000,565,46.800
qvarma,987,1000,0.000,504,38.800
qvarma,988,1000,0.000,669,19.600
qvarma,989,1000,0.300,58,27.600
qvarma,990,1000,4.500,799,41.100
qvarma,991,1000,0.000,647,19.500
qvarma,992,1000,0.100,603,45.000
qvarma,993,1000,0.000,505,45.100
qvarma,994,1000,12.000,620,49.800
qvarma,995,1000,0.000,505,26.000
qvarma,996,1000,46.400,666,30.000
qvarma,997,1000,0.000,565,27.300
qvarma,998,1000,0.000,624,22.400
qvarma,999,1000,4.300,565,41.100
qvarma,1000,1000,0.000,505,35.500
lp_lin,1,1000,2.300,554,27.700
lp_lin,2,1000,0.100,426,13.800
lp_lin,3,1000,2.800,320,19.000
lp_lin,4,1000,0.200,437,32.000
lp_lin,5,1000,0.100,191,24.700
lp_lin,6,1000,1.200,889,28.400
lp_lin,7,1000,0.200,443,15.300
lp_lin,8,1000,22.100,620,33.700
lp_lin,9,1000,71.800,412,12.900
lp_lin,10,1000,0.400,692,17.900
lp_lin,11,1000,3.500,598,19.300
lp_lin,12,1000,11.200,992,24.000
lp_lin,13,1000,37.300,85,15.800
lp_lin,14,1000,3.500,555,26.200
lp_lin,15,1000,0.000,555,10.900
lp_lin,16,1000,0.100,914,24.000
lp_lin,17,1000,4.800,875,23.400
lp_lin,18,1000,18.900,822,28.000
lp_lin,19,1000,0.100,91,10.000
lp_lin,20,1000,0.000,303,12.700
lp_lin,21,1000,0.200,392,15.700
lp_lin,22,1000,8.200,337,33.900
lp_lin,23,1000,0.100,850,18.800
lp_lin,24,1000,1.500,191,27.700
lp_lin,25,1000,1.300,406,23.300
lp_lin,26,1000,4.500,975,21.400
lp_lin,27,1000,1.000,911,19.400
lp_lin,28,1000,0.000,597,14.900
lp_lin,29,1000,0.000,293,14.700
lp_lin,30,1000,1.600,410,31.200
lp_lin,31,1000,32.300,410,30.800
lp_lin,32,1000,0.600,240,29.200
lp_lin,33,1000,0.000,453,10.800
lp_lin,34,1000,0.700,192,16.600
lp_lin,35,1000,2.000,320,29.400
lp_lin,36,1000,7.900,832,52.600
lp_lin,37,1000,17.400,642,34.100
lp_lin,38,1000,1.600,745,16.900
lp_lin,39,1000,2.100,353,19.700
lp_lin,40,1000,1.700,320,34.800
lp_lin,41,1000,14.500,192,30.700
lp_lin,42,1000,10.100,934,17.400
lp_lin,43,1000,31.100,632,43.500
lp_lin,44,1000,9.700,437,54.700
lp_lin,45,1000,0.400,731,16.200
lp_lin,46,1000,39.000,810,32.500
lp_lin,47,1000,0.900,148,48.000
lp_lin,48,1000,44.600,391,24.900
lp_lin,49,1000,26.300,297,27.100
lp_lin,50,1000,17.500,348,25.000
lp_lin,51,1000,17.400,754,31.100
lp_lin,52,1000,0.100,584,20.300
lp_lin,53,1000,3.800,555,35.600
lp_lin,54,1000,30.300,437,44.500
lp_lin,55,1000,2.300,416,16.700
lp_lin,56,1000,18.200,870,26.800
lp_lin,57,1000,18.500,914,33.600
lp_lin,58,1000,70.600,870,20.700
lp_lin,59,1000,1.900,307,23.700
lp_lin,60,1000,5.900,68,20.300
lp_lin,61,1000,6.000,914,41.200
lp_lin,62,1000,0.200,320,18.800
lp_lin,63,1000,0.400,724,18.200
lp_lin,64,1000,0.000,261,19.500
lp_lin,65,1000,33.900,655,40.400
lp_lin,66,1000,2.300,832,28.200
lp_lin,67,1000,0.000,889,25.400
lp_lin,68,1000,31.500,620,29.600
lp_lin,69,1000,28.800,620,39.500
lp_lin,70,1000,0.200,717,31.900
lp_lin,71,1000,35.000,934,29.300
lp_lin,72,1000,0.000,205,19.100
lp_lin,73,1000,0.000,443,18.100
lp_lin,74,1000,7.500,822,21.300
lp_lin,75,1000,0.000,226,18.200
lp_lin,76,1000,11.100,555,29.700
lp_lin,77,1000,0.000,22,15.900
lp_lin,78,1000,40.100,320,35.400
lp_lin,79,1000,9.000,191,42.400
lp_lin,80,1000,9.800,870,26.100
lp_lin,81,1000,4.700,439,22.400
lp_lin,82,1000,0.000,410,24.300
lp_lin,83,1000,20.200,68,20.500
lp_lin,84,1000,0.000,392,14.400
lp_lin,85,1000,40.200,402,19.600
lp_lin,86,1000,42.000,257,33.900
lp_lin,87,1000,3.500,117,32.000
lp_lin,88,1000,26.500,655,21.500
lp_lin,89,1000,0.000,414,11.900
lp_lin,90,1000,9.000,189,22.200
lp_lin,91,1000,11.000,914,26.200
lp_lin,92,1000,0.000,935,27.200
lp_lin,93,1000,0.000,546,13.100
lp_lin,94,1000,2.400,145,29.700
lp_lin,95,1000,6.900,381,17.600
lp_lin,96,1000,3.000,167,20.600
lp_lin,97,1000,0.000,31,26.700
lp_lin,98,1000,55.700,669,32.400
lp_lin,99,1000,0.100,642,18.900
lp_lin,100,1000,1.400,437,32.800
lp_lin,101,1000,33.600,855,28.000
lp_lin,102,1000,15.600,410,39.300
lp_lin,103,1000,0.500,106,33.000
lp_lin,104,1000,0.000,652,9.000
lp_lin,105,1000,41.200,498,25.800
lp_lin,106,1000,16.900,410,63.200
lp_lin,107,1000,9.400,914,32.900
lp_lin,108,1000,0.200,750,19.300
lp_lin,109,1000,0.200,226,17.300
lp_lin,110,1000,0.000,555,17.900
lp_lin,111,1000,0.000,713,15.900
lp_lin,112,1000,0.000,145,20.400
lp_lin,113,1000,9.300,101,23.000
lp_lin,114,1000,0.000,811,12.700
lp_lin,115,1000,13.500,932,21.800
lp_lin,116,1000,1.400,597,17.600
lp_lin,117,1000,33.700,948,29.000
lp_lin,118,1000,0.000,410,22.900
lp_lin,119,1000,10.800,926,21.900
lp_lin,120,1000,0.000,948,25.200
lp_lin,121,1000,13.100,231,31.200
lp_lin,122,1000,0.000,264,10.400
lp_lin,123,1000,10.200,659,21.500
lp_lin,124,1000,0.900,597,32.000
lp_lin,125,1000,13.300,914,23.700
lp_lin,126,1000,2.700,145,28.200
lp_lin,127,1000,0.000,145,17.000
lp_lin,128,1000,0.200,712,12.000
lp_lin,129,1000,0.300,614,17.700
lp_lin,130,1000,33.500,387,35.100
lp_lin,131,1000,29.700,498,28.000
lp_lin,132,1000,0.000,293,12.500
lp_lin,133,1000,22.400,432,22.300
lp_lin,134,1000,10.400,191,51.600
lp_lin,135,1000,0.300,353,17.100
lp_lin,136,1000,2.400,437,38.300
lp_lin,137,1000,0.300,470,13.100
lp_lin,138,1000,0.000,406,11.300
lp_lin,139,1000,8.900,191,55.100
lp_lin,140,1000,47.500,9,30.500
lp_lin,141,1000,0.000,555,19.500
lp_lin,142,1000,24.300,717,48.400
lp_lin,143,1000,1.500,293,22.600
lp_lin,144,1000,0.500,226,23.400
lp_lin,145,1000,22.800,914,39.000
lp_lin,146,1000,0.900,239,12.100
lp_lin,147,1000,5.800,914,40.800
lp_lin,148,1000,50.800,410,42.400
lp_lin,149,1000,0.000,750,14.400
lp_lin,150,1000,0.000,410,33.200
lp_lin,151,1000,0.300,289,20.600
lp_lin,152,1000,0.000,914,22.400
lp_lin,153,1000,0.200,294,13.700
lp_lin,154,1000,19.400,387,25.600
lp_lin,155,1000,13.400,822,28.200
lp_lin,156,1000,8.300,231,30.400
lp_lin,157,1000,9.000,526,34.700
lp_lin,158,1000,0.300,811,14.100
lp_lin,159,1000,5.000,602,25.400
lp_lin,160,1000,0.000,261,9.200
lp_lin,161,1000,7.900,320,25.700
lp_lin,162,1000,0.100,145,22.000
lp_lin,163,1000,0.100,358,9.500
lp_lin,164,1000,0.000,406,13.300
lp_lin,165,1000,0.800,191,25.300
lp_lin,166,1000,1.300,437,52.200
lp_lin,167,1000,27.200,582,16.400
lp_lin,168,1000,5.900,919,31.900
lp_lin,169,1000,1.400,850,24.500
lp_lin,170,1000,10.000,498,22.700
lp_lin,171,1000,0.600,145,25.500
lp_lin,172,1000,18.000,914,32.800
lp_lin,173,1000,17.200,320,29.200
lp_lin,174,1000,1.400,443,20.100
lp_lin,175,1000,16.600,603,34.400
lp_lin,176,1000,6.400,302,22.100
lp_lin,177,1000,0.100,232,15.200
lp_lin,178,1000,12.700,551,19.400
lp_lin,179,1000,11.500,878,32.000
lp_lin,180,1000,0.300,220,17.100
lp_lin,181,1000,0.000,81,9.100
lp_lin,182,1000,0.000,410,20.600
lp_lin,183,1000,8.300,240,33.000
lp_lin,184,1000,19.100,46,43.100
lp_lin,185,1000,0.000,554,31.400
lp_lin,186,1000,0.000,410,49.700
lp_lin,187,1000,18.200,889,30.900
lp_lin,188,1000,13.000,851,22.000
lp_lin,189,1000,17.800,935,50.400
lp_lin,190,1000,1.300,789,20.700
lp_lin,191,1000,91.300,437,6.400
lp_lin,192,1000,43.900,627,25.600
lp_lin,193,1000,30.200,620,20.400
lp_lin,194,1000,0.000,145,24.900
lp_lin,195,1000,1.000,620,16.100
lp_lin,196,1000,0.000,620,18.600
lp_lin,197,1000,7.900,920,20.800
lp_lin,198,1000,0.000,597,13.200
lp_lin,199,1000,0.000,410,16.000
lp_lin,200,1000,1.500,302,21.700
lp_lin,201,1000,0.000,914,22.600
lp_lin,202,1000,12.700,402,18.500
lp_lin,203,1000,0.000,850,19.500
lp_lin,204,1000,11.500,620,40.300
lp_lin,205,1000,26.700,410,31.300
lp_lin,206,1000,3.600,783,32.700
lp_lin,207,1000,0.000,914,24.700
lp_lin,208,1000,0.400,81,8.900
lp_lin,209,1000,1.700,421,28.400
lp_lin,210,1000,17.800,934,34.900
lp_lin,211,1000,9.000,191,58.500
lp_lin,212,1000,42.600,870,25.900
lp_lin,213,1000,8.300,526,33.600
lp_lin,214,1000,37.300,257,42.400
lp_lin,215,1000,1.100,293,23.900
lp_lin,216,1000,12.200,357,23.700
lp_lin,217,1000,0.200,392,13.000
lp_lin,218,1000,0.200,620,14.300
lp_lin,219,1000,78.400,924,19.000
lp_lin,220,1000,24.500,914,35.700
lp_lin,221,1000,0.000,750,13.700
lp_lin,222,1000,3.900,512,24.600
lp_lin,223,1000,0.000,307,14.100
lp_lin,224,1000,0.700,443,14.300
lp_lin,225,1000,0.100,772,34.600
lp_lin,226,1000,34.200,948,31.300
lp_lin,227,1000,11.600,439,29.500
lp_lin,228,1000,0.000,205,22.400
lp_lin,229,1000,0.400,608,26.200
lp_lin,230,1000,20.900,323,44.900
lp_lin,231,1000,34.100,717,31.200
lp_lin,232,1000,8.000,226,36.800
lp_lin,233,1000,35.700,515,27.700
lp_lin,234,1000,0.000,875,18.400
lp_lin,235,1000,0.100,293,21.800
lp_lin,236,1000,0.700,850,35.800
lp_lin,237,1000,0.200,555,21.800
lp_lin,238,1000,2.600,512,22.900
lp_lin,239,1000,4.700,226,30.400
lp_lin,240,1000,27.700,832,28.000
lp_lin,241,1000,16.000,437,54.600
lp_lin,242,1000,0.000,713,13.300
lp_lin,243,1000,0.000,410,26.300
lp_lin,244,1000,21.000,907,19.000
lp_lin,245,1000,0.700,761,12.400
lp_lin,246,1000,0.000,170,13.400
lp_lin,247,1000,2.900,337,23.900
lp_lin,248,1000,0.100,555,16.900
lp_lin,249,1000,33.300,620,30.800
lp_lin,250,1000,6.600,439,25.800
lp_lin,251,1000,1.700,724,34.100
lp_lin,252,1000,3.800,320,25.600
lp_lin,253,1000,32.500,375,18.000
lp_lin,254,1000,0.000,410,52.500
lp_lin,255,1000,14.200,914,43.000
lp_lin,256,1000,0.000,410,31.300
lp_lin,257,1000,42.700,297,34.200
lp_lin,258,1000,1.500,555,17.000
lp_lin,259,1000,13.100,421,34.100
lp_lin,260,1000,8.900,101,20.600
lp_lin,261,1000,22.700,189,27.400
lp_lin,262,1000,52.700,870,30.700
lp_lin,263,1000,49.000,579,27.700
lp_lin,264,1000,7.800,249,26.200
lp_lin,265,1000,0.200,145,17.000
lp_lin,266,1000,1.900,551,17.000
lp_lin,267,1000,1.300,353,23.100
lp_lin,268,1000,2.300,620,27.400
lp_lin,269,1000,26.300,410,37.300
lp_lin,270,1000,29.900,732,28.700
lp_lin,271,1000,27.300,603,23.900
lp_lin,272,1000,0.000,597,15.200
lp_lin,273,1000,9.700,724,38.700
lp_lin,274,1000,0.200,914,27.000
lp_lin,275,1000,0.400,303,39.500
lp_lin,276,1000,0.200,259,19.400
lp_lin,277,1000,6.000,320,22.100
lp_lin,278,1000,1.400,724,28.700
lp_lin,279,1000,0.000,363,10.600
lp_lin,280,1000,0.300,597,17.500
lp_lin,281,1000,1.700,410,31.200
lp_lin,282,1000,1.000,50,25.500
lp_lin,283,1000,0.000,293,10.500
lp_lin,284,1000,2.600,875,23.000
lp_lin,285,1000,14.300,437,48.200
lp_lin,286,1000,0.000,331,10.100
lp_lin,287,1000,4.900,65,26.300
lp_lin,288,1000,0.300,226,20.700
lp_lin,289,1000,26.700,498,33.200
lp_lin,290,1000,0.000,14,7.100
lp_lin,291,1000,0.000,293,10.200
lp_lin,292,1000,2.000,620,20.900
lp_lin,293,1000,6.900,772,31.500
lp_lin,294,1000,3.100,694,23.600
lp_lin,295,1000,0.000,891,12.300
lp_lin,296,1000,0.000,453,8.600
lp_lin,297,1000,57.100,140,26.300
lp_lin,298,1000,0.700,410,38.900
lp_lin,299,1000,2.400,642,25.900
lp_lin,300,1000,11.600,608,23.600
lp_lin,301,1000,0.400,42,15.700
lp_lin,302,1000,25.500,320,38.600
lp_lin,303,1000,24.700,189,24.200
lp_lin,304,1000,4.900,261,37.500
lp_lin,305,1000,0.000,556,7.000
lp_lin,306,1000,0.000,145,20.800
lp_lin,307,1000,24.900,770,19.000
lp_lin,308,1000,11.800,253,28.700
lp_lin,309,1000,0.000,875,14.800
lp_lin,310,1000,0.600,620,19.500
lp_lin,311,1000,0.400,795,17.200
lp_lin,312,1000,1.600,994,24.700
lp_lin,313,1000,1.300,878,22.000
lp_lin,314,1000,0.000,772,14.300
lp_lin,315,1000,0.000,76,13.000
lp_lin,316,1000,0.400,161,12.700
lp_lin,317,1000,25.300,437,34.000
lp_lin,318,1000,4.000,712,19.300
lp_lin,319,1000,10.800,620,36.100
lp_lin,320,1000,61.300,240,26.000
lp_lin,321,1000,0.000,410,24.100
lp_lin,322,1000,0.600,556,16.500
lp_lin,323,1000,70.300,257,14.500
lp_lin,324,1000,0.000,191,13.700
lp_lin,325,1000,5.900,387,24.000
lp_lin,326,1000,0.000,724,8.800
lp_lin,327,1000,36.400,579,17.800
lp_lin,328,1000,14.600,357,25.400
lp_lin,329,1000,64.600,297,33.500
lp_lin,330,1000,0.900,592,20.600
lp_lin,331,1000,3.400,443,24.900
lp_lin,332,1000,15.500,427,25.400
lp_lin,333,1000,0.000,406,9.700
lp_lin,334,1000,0.400,914,16.500
lp_lin,335,1000,0.000,410,31.700
lp_lin,336,1000,17.800,445,33.700
lp_lin,337,1000,39.600,889,31.500
lp_lin,338,1000,7.200,526,34.700
lp_lin,339,1000,0.400,620,24.400
lp_lin,340,1000,0.600,556,17.700
lp_lin,341,1000,0.100,68,23.400
lp_lin,342,1000,7.000,724,24.800
lp_lin,343,1000,0.300,410,25.000
lp_lin,344,1000,0.100,822,14.900
lp_lin,345,1000,9.800,934,25.200
lp_lin,346,1000,0.000,410,30.500
lp_lin,347,1000,30.000,437,61.800
lp_lin,348,1000,23.300,948,30.900
lp_lin,349,1000,12.300,145,27.900
lp_lin,350,1000,0.100,410,37.700
lp_lin,351,1000,21.000,914,37.700
lp_lin,352,1000,0.100,620,12.300
lp_lin,353,1000,30.100,240,30.400
lp_lin,354,1000,0.000,758,6.700
lp_lin,355,1000,0.000,226,26.600
lp_lin,356,1000,69.300,437,58.400
lp_lin,357,1000,30.500,71,30.100
lp_lin,358,1000,4.200,556,20.000
lp_lin,359,1000,30.900,603,23.000
lp_lin,360,1000,0.400,392,14.900
lp_lin,361,1000,0.000,410,36.400
lp_lin,362,1000,14.200,46,52.000
lp_lin,363,1000,29.900,512,18.200
lp_lin,364,1000,1.900,914,32.100
lp_lin,365,1000,0.200,551,9.600
lp_lin,366,1000,1.000,783,24.100
lp_lin,367,1000,0.800,717,26.900
lp_lin,368,1000,1.100,422,25.800
lp_lin,369,1000,9.900,231,37.200
lp_lin,370,1000,11.300,663,31.000
lp_lin,371,1000,0.000,750,9.600
lp_lin,372,1000,0.000,337,9.600
lp_lin,373,1000,0.300,439,13.400
lp_lin,374,1000,0.000,410,49.800
lp_lin,375,1000,35.200,56,23.300
lp_lin,376,1000,6.000,659,18.300
lp_lin,377,1000,11.000,889,23.400
lp_lin,378,1000,0.000,117,14.500
lp_lin,379,1000,48.500,655,33.400
lp_lin,380,1000,0.100,406,16.900
lp_lin,381,1000,25.800,212,19.600
lp_lin,382,1000,3.100,554,39.500
lp_lin,383,1000,4.500,68,21.600
lp_lin,384,1000,0.000,556,13.600
lp_lin,385,1000,0.100,935,20.300
lp_lin,386,1000,1.600,131,20.600
lp_lin,387,1000,46.200,823,23.200
lp_lin,388,1000,59.400,870,32.300
lp_lin,389,1000,56.900,140,17.500
lp_lin,390,1000,0.000,410,45.200
lp_lin,391,1000,52.100,48,18.600
lp_lin,392,1000,22.400,934,25.700
lp_lin,393,1000,42.000,754,22.600
lp_lin,394,1000,0.300,293,18.200
lp_lin,395,1000,26.000,712,18.600
lp_lin,396,1000,12.400,914,34.500
lp_lin,397,1000,0.100,717,43.500
lp_lin,398,1000,0.000,191,12.000
lp_lin,399,1000,0.100,437,30.400
lp_lin,400,1000,3.300,620,36.500
lp_lin,401,1000,9.200,442,24.000
lp_lin,402,1000,47.000,718,30.300
lp_lin,403,1000,0.000,226,23.300
lp_lin,404,1000,0.000,293,12.000
lp_lin,405,1000,0.000,614,9.600
lp_lin,406,1000,24.800,565,23.600
lp_lin,407,1000,0.200,81,12.300
lp_lin,408,1000,1.400,226,25.200
lp_lin,409,1000,0.100,592,23.400
lp_lin,410,1000,77.500,717,30.400
lp_lin,411,1000,60.500,219,44.900
lp_lin,412,1000,52.400,379,24.000
lp_lin,413,1000,0.700,231,32.900
lp_lin,414,1000,37.300,98,24.700
lp_lin,415,1000,0.000,293,10.200
lp_lin,416,1000,1.400,293,18.400
lp_lin,417,1000,2.600,555,30.400
lp_lin,418,1000,2.500,293,18.700
lp_lin,419,1000,0.000,488,11.000
lp_lin,420,1000,0.000,293,7.600
lp_lin,421,1000,29.600,512,45.900
lp_lin,422,1000,29.700,526,30.600
lp_lin,423,1000,17.400,410,27.100
lp_lin,424,1000,10.700,914,31.000
lp_lin,425,1000,30.900,412,27.000
lp_lin,426,1000,31.200,437,49.000
lp_lin,427,1000,22.600,724,26.000
lp_lin,428,1000,0.000,914,25.200
lp_lin,429,1000,3.100,410,39.100
lp_lin,430,1000,39.000,828,29.300
lp_lin,431,1000,1.400,772,33.000
lp_lin,432,1000,24.200,620,30.600
lp_lin,433,1000,0.100,597,19.100
lp_lin,434,1000,0.000,556,11.200
lp_lin,435,1000,6.600,832,31.600
lp_lin,436,1000,0.300,889,27.400
lp_lin,437,1000,79.900,717,40.700
lp_lin,438,1000,13.200,105,26.700
lp_lin,439,1000,36.900,620,37.400
lp_lin,440,1000,0.000,410,43.200
lp_lin,441,1000,3.700,878,18.500
lp_lin,442,1000,21.000,620,28.300
lp_lin,443,1000,32.000,620,47.100
lp_lin,444,1000,0.000,410,47.300
lp_lin,445,1000,44.900,620,20.000
lp_lin,446,1000,12.400,389,45.500
lp_lin,447,1000,0.100,957,18.300
lp_lin,448,1000,3.100,512,31.100
lp_lin,449,1000,0.100,261,28.200
lp_lin,450,1000,2.200,31,50.700
lp_lin,451,1000,3.500,105,19.500
lp_lin,452,1000,14.800,445,26.800
lp_lin,453,1000,4.900,620,20.100
lp_lin,454,1000,43.800,659,16.300
lp_lin,455,1000,0.800,614,16.500
lp_lin,456,1000,5.500,192,17.500
lp_lin,457,1000,17.100,914,36.100
lp_lin,458,1000,19.000,914,40.100
lp_lin,459,1000,0.600,226,33.100
lp_lin,460,1000,1.000,914,28.400
lp_lin,461,1000,43.300,783,30.700
lp_lin,462,1000,0.700,555,28.300
lp_lin,463,1000,0.000,875,9.100
lp_lin,464,1000,11.000,914,40.000
lp_lin,465,1000,4.200,226,33.300
lp_lin,466,1000,0.600,31,26.800
lp_lin,467,1000,0.300,850,39.500
lp_lin,468,1000,0.300,935,24.200
lp_lin,469,1000,35.600,914,45.000
lp_lin,470,1000,32.900,934,27.800
lp_lin,471,1000,1.900,512,34.100
lp_lin,472,1000,0.700,556,21.000
lp_lin,473,1000,0.200,916,21.400
lp_lin,474,1000,0.000,226,18.100
lp_lin,475,1000,16.100,192,33.600
lp_lin,476,1000,0.100,597,24.100
lp_lin,477,1000,6.600,994,31.800
lp_lin,478,1000,1.700,410,40.200
lp_lin,479,1000,10.300,914,30.500
lp_lin,480,1000,0.000,410,40.500
lp_lin,481,1000,0.900,914,27.700
lp_lin,482,1000,2.300,914,32.500
lp_lin,483,1000,0.600,555,31.100
lp_lin,484,1000,8.100,602,18.300
lp_lin,485,1000,0.000,891,18.500
lp_lin,486,1000,0.900,811,16.500
lp_lin,487,1000,6.900,992,17.000
lp_lin,488,1000,12.400,191,17.000
lp_lin,489,1000,0.000,50,17.600
lp_lin,490,1000,1.600,293,13.400
lp_lin,491,1000,29.600,754,20.300
lp_lin,492,1000,0.000,42,13.600
lp_lin,493,1000,0.800,249,18.800
lp_lin,494,1000,7.700,914,44.700
lp_lin,495,1000,0.400,42,15.900
lp_lin,496,1000,0.500,293,12.000
lp_lin,497,1000,11.200,750,25.300
lp_lin,498,1000,46.800,320,26.500
lp_lin,499,1000,15.900,627,27.500
lp_lin,500,1000,0.200,914,24.900
lp_lin,501,1000,0.100,226,21.800
lp_lin,502,1000,0.600,642,26.800
lp_lin,503,1000,0.000,437,20.100
lp_lin,504,1000,0.000,597,14.400
lp_lin,505,1000,42.500,430,34.100
lp_lin,506,1000,0.100,170,15.300
lp_lin,507,1000,1.900,105,20.000
lp_lin,508,1000,21.100,669,24.600
lp_lin,509,1000,0.000,410,27.200
lp_lin,510,1000,19.000,702,46.500
lp_lin,511,1000,0.200,657,20.500
lp_lin,512,1000,41.000,620,22.300
lp_lin,513,1000,1.000,353,30.600
lp_lin,514,1000,3.100,145,27.100
lp_lin,515,1000,30.300,565,22.800
lp_lin,516,1000,11.600,914,44.500
lp_lin,517,1000,1.200,307,12.900
lp_lin,518,1000,0.700,740,13.900
lp_lin,519,1000,23.400,717,49.800
lp_lin,520,1000,13.200,914,32.600
lp_lin,521,1000,0.700,565,22.300
lp_lin,522,1000,26.100,822,24.100
lp_lin,523,1000,0.100,410,25.900
lp_lin,524,1000,2.500,620,31.400
lp_lin,525,1000,0.100,410,47.000
lp_lin,526,1000,46.200,437,37.400
lp_lin,527,1000,0.900,832,46.200
lp_lin,528,1000,8.700,175,28.400
lp_lin,529,1000,0.000,994,17.100
lp_lin,530,1000,0.100,170,10.100
lp_lin,531,1000,6.300,320,35.500
lp_lin,532,1000,1.400,406,15.100
lp_lin,533,1000,2.000,410,49.000
lp_lin,534,1000,12.200,191,75.200
lp_lin,535,1000,4.500,175,20.200
lp_lin,536,1000,0.000,410,29.700
lp_lin,537,1000,0.000,42,10.600
lp_lin,538,1000,10.100,410,59.400
lp_lin,539,1000,0.200,935,16.200
lp_lin,540,1000,0.000,226,14.900
lp_lin,541,1000,4.400,620,21.500
lp_lin,542,1000,0.100,948,24.600
lp_lin,543,1000,0.400,750,23.000
lp_lin,544,1000,1.700,914,29.300
lp_lin,545,1000,2.300,891,19.400
lp_lin,546,1000,2.200,555,31.300
lp_lin,547,1000,5.300,620,24.100
lp_lin,548,1000,1.600,657,25.900
lp_lin,549,1000,30.200,257,40.000
lp_lin,550,1000,0.100,672,10.000
lp_lin,551,1000,23.600,663,31.000
lp_lin,552,1000,2.000,437,37.700
lp_lin,553,1000,22.200,911,27.400
lp_lin,554,1000,23.800,191,41.300
lp_lin,555,1000,18.000,226,40.900
lp_lin,556,1000,26.800,712,18.900
lp_lin,557,1000,7.500,556,20.100
lp_lin,558,1000,0.800,783,18.100
lp_lin,559,1000,0.000,239,10.100
lp_lin,560,1000,0.000,363,15.100
lp_lin,561,1000,3.500,750,28.000
lp_lin,562,1000,55.700,297,27.000
lp_lin,563,1000,0.100,76,16.200
lp_lin,564,1000,9.600,620,21.800
lp_lin,565,1000,40.100,505,36.800
lp_lin,566,1000,0.200,226,26.400
lp_lin,567,1000,1.500,406,25.100
lp_lin,568,1000,17.500,78,28.700
lp_lin,569,1000,0.000,497,10.300
lp_lin,570,1000,2.200,121,19.600
lp_lin,571,1000,5.000,750,20.000
lp_lin,572,1000,32.500,579,23.700
lp_lin,573,1000,0.000,795,10.600
lp_lin,574,1000,0.700,117,24.500
lp_lin,575,1000,15.200,620,30.500
lp_lin,576,1000,30.200,71,25.100
lp_lin,577,1000,3.600,914,35.600
lp_lin,578,1000,0.000,191,7.700
lp_lin,579,1000,42.600,655,18.900
lp_lin,580,1000,0.000,293,9.000
lp_lin,581,1000,0.300,479,15.400
lp_lin,582,1000,24.400,65,21.800
lp_lin,583,1000,0.000,406,7.000
lp_lin,584,1000,29.100,402,16.500
lp_lin,585,1000,0.500,239,13.900
lp_lin,586,1000,25.000,620,50.000
lp_lin,587,1000,0.100,131,11.500
lp_lin,588,1000,6.800,822,15.500
lp_lin,589,1000,0.000,42,8.500
lp_lin,590,1000,9.300,192,17.900
lp_lin,591,1000,3.200,202,18.800
lp_lin,592,1000,17.900,69,20.600
lp_lin,593,1000,3.100,356,43.300
lp_lin,594,1000,0.000,914,18.800
lp_lin,595,1000,0.400,443,18.200
lp_lin,596,1000,6.800,914,32.700
lp_lin,597,1000,25.500,889,29.800
lp_lin,598,1000,19.600,410,33.800
lp_lin,599,1000,6.100,568,20.700
lp_lin,600,1000,0.100,911,16.300
lp_lin,601,1000,0.000,620,11.700
lp_lin,602,1000,8.900,724,18.200
lp_lin,603,1000,64.200,659,12.600
lp_lin,604,1000,0.200,410,25.700
lp_lin,605,1000,6.100,732,27.800
lp_lin,606,1000,0.000,597,14.200
lp_lin,607,1000,0.000,406,7.800
lp_lin,608,1000,33.400,98,22.300
lp_lin,609,1000,0.000,614,10.100
lp_lin,610,1000,1.900,576,15.700
lp_lin,611,1000,1.100,443,24.000
lp_lin,612,1000,0.000,261,19.200
lp_lin,613,1000,0.200,76,18.000
lp_lin,614,1000,10.200,822,20.200
lp_lin,615,1000,24.300,320,45.400
lp_lin,616,1000,0.600,555,16.800
lp_lin,617,1000,6.900,643,25.200
lp_lin,618,1000,0.000,512,8.900
lp_lin,619,1000,5.600,555,38.800
lp_lin,620,1000,59.000,320,21.500
lp_lin,621,1000,0.000,713,12.100
lp_lin,622,1000,1.400,437,27.600
lp_lin,623,1000,2.200,392,17.200
lp_lin,624,1000,0.000,205,26.800
lp_lin,625,1000,16.900,620,28.600
lp_lin,626,1000,0.100,932,21.000
lp_lin,627,1000,37.600,934,33.200
lp_lin,628,1000,0.700,437,28.600
lp_lin,629,1000,0.200,191,20.400
lp_lin,630,1000,19.400,71,25.300
lp_lin,631,1000,1.500,750,23.100
lp_lin,632,1000,44.000,869,30.200
lp_lin,633,1000,18.200,749,22.800
lp_lin,634,1000,2.500,702,36.700
lp_lin,635,1000,0.000,31,18.100
lp_lin,636,1000,0.000,293,14.900
lp_lin,637,1000,0.100,167,14.700
lp_lin,638,1000,0.100,226,14.300
lp_lin,639,1000,2.600,555,17.600
lp_lin,640,1000,0.000,443,13.500
lp_lin,641,1000,7.100,643,21.600
lp_lin,642,1000,41.700,914,31.300
lp_lin,643,1000,22.200,226,32.200
lp_lin,644,1000,8.900,443,29.200
lp_lin,645,1000,0.600,555,21.500
lp_lin,646,1000,4.500,117,23.700
lp_lin,647,1000,2.500,597,22.300
lp_lin,648,1000,0.000,214,38.100
lp_lin,649,1000,2.200,443,22.600
lp_lin,650,1000,2.100,914,22.500
lp_lin,651,1000,0.000,555,9.300
lp_lin,652,1000,3.100,191,69.200
lp_lin,653,1000,0.700,37,22.300
lp_lin,654,1000,3.200,437,39.300
lp_lin,655,1000,45.900,65,24.000
lp_lin,656,1000,33.800,799,29.900
lp_lin,657,1000,47.300,85,28.300
lp_lin,658,1000,15.000,822,24.700
lp_lin,659,1000,46.500,822,22.800
lp_lin,660,1000,16.600,410,31.700
lp_lin,661,1000,2.300,437,35.200
lp_lin,662,1000,1.900,417,16.400
lp_lin,663,1000,31.400,659,29.800
lp_lin,664,1000,0.000,231,25.400
lp_lin,665,1000,2.500,148,34.700
lp_lin,666,1000,0.000,850,20.300
lp_lin,667,1000,7.500,320,22.400
lp_lin,668,1000,2.400,556,20.900
lp_lin,669,1000,48.200,233,27.900
lp_lin,670,1000,9.600,262,24.300
lp_lin,671,1000,41.700,69,19.800
lp_lin,672,1000,0.900,772,25.800
lp_lin,673,1000,2.300,510,39.700
lp_lin,674,1000,2.200,357,22.300
lp_lin,675,1000,7.800,551,22.100
lp_lin,676,1000,11.600,71,27.700
lp_lin,677,1000,0.200,406,16.400
lp_lin,678,1000,30.100,724,39.000
lp_lin,679,1000,23.000,140,24.600
lp_lin,680,1000,1.400,189,30.100
lp_lin,681,1000,17.900,261,25.100
lp_lin,682,1000,0.000,555,19.300
lp_lin,683,1000,1.500,231,29.300
lp_lin,684,1000,0.500,410,31.400
lp_lin,685,1000,0.000,410,21.700
lp_lin,686,1000,0.600,410,51.400
lp_lin,687,1000,7.800,406,17.600
lp_lin,688,1000,19.000,105,22.300
lp_lin,689,1000,0.800,772,26.100
lp_lin,690,1000,13.800,212,34.500
lp_lin,691,1000,2.200,437,30.900
lp_lin,692,1000,20.500,320,34.300
lp_lin,693,1000,0.700,741,30.700
lp_lin,694,1000,2.200,31,41.000
lp_lin,695,1000,38.300,632,40.100
lp_lin,696,1000,17.700,526,41.600
lp_lin,697,1000,0.000,410,45.500
lp_lin,698,1000,0.000,875,10.100
lp_lin,699,1000,4.900,614,17.200
lp_lin,700,1000,1.000,783,33.400
lp_lin,701,1000,0.300,614,12.100
lp_lin,702,1000,39.400,717,43.700
lp_lin,703,1000,0.100,875,21.600
lp_lin,704,1000,22.300,130,38.500
lp_lin,705,1000,0.500,692,23.700
lp_lin,706,1000,0.000,597,15.800
lp_lin,707,1000,0.800,914,18.000
lp_lin,708,1000,4.600,410,37.600
lp_lin,709,1000,0.000,307,11.000
lp_lin,710,1000,2.200,724,22.500
lp_lin,711,1000,0.000,410,29.600
lp_lin,712,1000,18.200,320,40.400
lp_lin,713,1000,11.900,643,34.700
lp_lin,714,1000,2.200,499,20.600
lp_lin,715,1000,4.600,54,28.800
lp_lin,716,1000,0.000,197,17.100
lp_lin,717,1000,77.600,437,49.600
lp_lin,718,1000,42.400,745,32.100
lp_lin,719,1000,0.000,825,12.400
lp_lin,720,1000,10.900,437,38.600
lp_lin,721,1000,0.000,421,13.900
lp_lin,722,1000,5.100,565,18.000
lp_lin,723,1000,0.000,226,18.900
lp_lin,724,1000,61.200,935,18.700
lp_lin,725,1000,4.400,117,25.100
lp_lin,726,1000,4.000,620,32.000
lp_lin,727,1000,8.900,642,30.900
lp_lin,728,1000,8.700,620,41.900
lp_lin,729,1000,1.500,889,21.400
lp_lin,730,1000,0.000,770,21.000
lp_lin,731,1000,16.800,642,33.200
lp_lin,732,1000,40.800,663,22.200
lp_lin,733,1000,0.200,443,19.900
lp_lin,734,1000,0.000,303,14.200
lp_lin,735,1000,2.600,422,26.500
lp_lin,736,1000,14.700,469,30.700
lp_lin,737,1000,0.000,687,12.600
lp_lin,738,1000,0.100,31,21.800
lp_lin,739,1000,2.900,783,28.300
lp_lin,740,1000,18.900,526,41.600
lp_lin,741,1000,10.600,850,49.100
lp_lin,742,1000,0.400,353,19.800
lp_lin,743,1000,0.100,179,10.800
lp_lin,744,1000,1.100,512,22.900
lp_lin,745,1000,53.600,505,24.300
lp_lin,746,1000,25.200,233,25.900
lp_lin,747,1000,2.600,551,21.900
lp_lin,748,1000,0.200,911,14.900
lp_lin,749,1000,43.100,105,24.300
lp_lin,750,1000,32.100,902,23.700
lp_lin,751,1000,5.100,410,63.500
lp_lin,752,1000,20.600,860,25.200
lp_lin,753,1000,30.800,71,33.000
lp_lin,754,1000,52.000,454,33.100
lp_lin,755,1000,0.000,139,13.100
lp_lin,756,1000,1.800,353,22.800
lp_lin,757,1000,0.500,914,20.200
lp_lin,758,1000,2.200,772,24.600
lp_lin,759,1000,0.100,337,26.700
lp_lin,760,1000,0.000,512,15.100
lp_lin,761,1000,2.900,22,21.400
lp_lin,762,1000,0.000,620,16.900
lp_lin,763,1000,7.900,914,37.400
lp_lin,764,1000,5.000,750,20.000
lp_lin,765,1000,0.100,145,15.100
lp_lin,766,1000,1.500,439,14.400
lp_lin,767,1000,0.100,406,20.600
lp_lin,768,1000,73.900,323,16.100
lp_lin,769,1000,5.400,620,48.000
lp_lin,770,1000,3.400,597,29.800
lp_lin,771,1000,0.100,512,16.300
lp_lin,772,1000,28.800,410,47.200
lp_lin,773,1000,32.600,437,59.900
lp_lin,774,1000,2.600,54,29.600
lp_lin,775,1000,0.800,891,27.300
lp_lin,776,1000,0.000,750,17.700
lp_lin,777,1000,6.100,437,47.300
lp_lin,778,1000,0.500,914,20.700
lp_lin,779,1000,14.500,145,23.400
lp_lin,780,1000,0.100,914,34.200
lp_lin,781,1000,10.600,799,25.400
lp_lin,782,1000,0.200,410,40.000
lp_lin,783,1000,47.900,98,30.000
lp_lin,784,1000,0.400,353,20.900
lp_lin,785,1000,0.100,799,19.200
lp_lin,786,1000,0.200,392,13.700
lp_lin,787,1000,0.100,46,12.800
lp_lin,788,1000,2.800,946,15.900
lp_lin,789,1000,10.500,512,33.600
lp_lin,790,1000,0.000,358,8.600
lp_lin,791,1000,11.500,101,26.400
lp_lin,792,1000,27.200,718,36.200
lp_lin,793,1000,1.000,320,18.900
lp_lin,794,1000,0.500,117,26.800
lp_lin,795,1000,3.900,597,25.400
lp_lin,796,1000,7.800,914,33.600
lp_lin,797,1000,1.100,179,18.600
lp_lin,798,1000,4.600,615,17.200
lp_lin,799,1000,70.900,505,11.200
lp_lin,800,1000,26.200,105,32.300
lp_lin,801,1000,0.600,437,32.400
lp_lin,802,1000,7.900,117,35.400
lp_lin,803,1000,5.800,410,28.200
lp_lin,804,1000,15.500,934,28.800
lp_lin,805,1000,9.900,620,36.400
lp_lin,806,1000,0.000,145,14.800
lp_lin,807,1000,1.200,916,27.500
lp_lin,808,1000,0.900,614,18.100
lp_lin,809,1000,19.000,98,27.400
lp_lin,810,1000,35.800,860,18.100
lp_lin,811,1000,18.200,359,22.000
lp_lin,812,1000,0.000,935,6.500
lp_lin,813,1000,8.600,454,28.400
lp_lin,814,1000,1.100,772,25.000
lp_lin,815,1000,0.000,81,8.900
lp_lin,816,1000,41.000,412,31.600
lp_lin,817,1000,0.200,50,27.600
lp_lin,818,1000,10.500,445,21.900
lp_lin,819,1000,0.000,713,14.200
lp_lin,820,1000,0.300,231,25.400
lp_lin,821,1000,0.000,226,18.100
lp_lin,822,1000,37.800,934,23.100
lp_lin,823,1000,37.800,85,25.700
lp_lin,824,1000,17.300,717,49.300
lp_lin,825,1000,18.700,469,25.200
lp_lin,826,1000,0.300,437,26.100
lp_lin,827,1000,6.300,914,26.000
lp_lin,828,1000,39.400,620,41.400
lp_lin,829,1000,1.000,442,16.900
lp_lin,830,1000,4.200,678,30.800
lp_lin,831,1000,0.200,556,16.800
lp_lin,832,1000,51.800,437,65.500
lp_lin,833,1000,9.200,718,21.200
lp_lin,834,1000,0.000,320,18.000
lp_lin,835,1000,0.000,961,8.100
lp_lin,836,1000,1.300,76,20.500
lp_lin,837,1000,0.300,499,17.200
lp_lin,838,1000,0.000,226,12.300
lp_lin,839,1000,0.700,515,19.200
lp_lin,840,1000,0.000,50,19.300
lp_lin,841,1000,0.100,31,22.700
lp_lin,842,1000,12.800,663,26.600
lp_lin,843,1000,0.000,510,26.400
lp_lin,844,1000,3.200,510,42.600
lp_lin,845,1000,6.400,270,20.400
lp_lin,846,1000,0.000,746,18.500
lp_lin,847,1000,0.100,724,17.300
lp_lin,848,1000,10.800,692,20.400
lp_lin,849,1000,0.100,914,26.100
lp_lin,850,1000,21.400,702,30.600
lp_lin,851,1000,31.200,192,23.900
lp_lin,852,1000,0.600,914,16.000
lp_lin,853,1000,2.600,220,25.700
lp_lin,854,1000,0.000,353,13.200
lp_lin,855,1000,37.300,78,23.100
lp_lin,856,1000,2.100,249,26.200
lp_lin,857,1000,0.100,750,11.400
lp_lin,858,1000,0.000,170,8.200
lp_lin,859,1000,4.600,437,28.500
lp_lin,860,1000,44.800,402,17.700
lp_lin,861,1000,12.100,620,43.100
lp_lin,862,1000,1.200,410,27.300
lp_lin,863,1000,14.800,914,28.400
lp_lin,864,1000,0.000,170,6.800
lp_lin,865,1000,0.000,178,12.900
lp_lin,866,1000,3.500,320,23.000
lp_lin,867,1000,0.300,914,33.700
lp_lin,868,1000,26.600,860,15.200
lp_lin,869,1000,53.300,603,24.800
lp_lin,870,1000,61.400,387,15.200
lp_lin,871,1000,3.700,914,36.900
lp_lin,872,1000,3.700,68,22.900
lp_lin,873,1000,3.800,454,23.200
lp_lin,874,1000,20.800,410,41.500
lp_lin,875,1000,35.400,642,26.500
lp_lin,876,1000,0.500,642,40.800
lp_lin,877,1000,0.100,226,15.800
lp_lin,878,1000,24.000,320,34.300
lp_lin,879,1000,15.300,320,28.500
lp_lin,880,1000,2.700,353,30.400
lp_lin,881,1000,0.000,891,12.300
lp_lin,882,1000,0.700,226,21.200
lp_lin,883,1000,0.100,307,17.700
lp_lin,884,1000,0.000,410,35.400
lp_lin,885,1000,33.300,48,36.500
lp_lin,886,1000,0.000,772,23.600
lp_lin,887,1000,0.100,551,15.100
lp_lin,888,1000,0.000,197,7.600
lp_lin,889,1000,48.000,914,21.800
lp_lin,890,1000,0.100,811,10.700
lp_lin,891,1000,23.300,105,21.600
lp_lin,892,1000,0.300,42,14.200
lp_lin,893,1000,0.400,226,15.400
lp_lin,894,1000,0.000,795,11.800
lp_lin,895,1000,28.600,749,26.500
lp_lin,896,1000,0.000,226,13.500
lp_lin,897,1000,7.600,437,38.600
lp_lin,898,1000,0.000,750,11.200
lp_lin,899,1000,0.000,526,31.100
lp_lin,900,1000,2.300,98,30.300
lp_lin,901,1000,14.600,105,22.400
lp_lin,902,1000,23.700,914,32.300
lp_lin,903,1000,0.300,789,12.700
lp_lin,904,1000,0.000,948,14.200
lp_lin,905,1000,29.300,356,35.600
lp_lin,906,1000,1.800,191,28.400
lp_lin,907,1000,44.300,603,24.000
lp_lin,908,1000,30.700,745,16.700
lp_lin,909,1000,1.800,293,12.500
lp_lin,910,1000,14.600,395,26.900
lp_lin,911,1000,28.700,914,31.500
lp_lin,912,1000,0.000,443,20.000
lp_lin,913,1000,12.300,269,29.600
lp_lin,914,1000,59.300,526,21.000
lp_lin,915,1000,7.800,620,33.700
lp_lin,916,1000,14.900,889,23.100
lp_lin,917,1000,12.500,437,63.800
lp_lin,918,1000,0.400,868,15.100
lp_lin,919,1000,13.700,799,19.600
lp_lin,920,1000,38.600,934,24.900
lp_lin,921,1000,1.200,555,26.100
lp_lin,922,1000,3.400,724,26.300
lp_lin,923,1000,0.500,779,16.300
lp_lin,924,1000,73.200,768,26.200
lp_lin,925,1000,2.400,643,26.400
lp_lin,926,1000,28.000,412,27.500
lp_lin,927,1000,0.000,307,8.700
lp_lin,928,1000,4.500,461,39.100
lp_lin,929,1000,1.800,565,13.000
lp_lin,930,1000,2.700,226,34.700
lp_lin,931,1000,14.600,437,68.000
lp_lin,932,1000,27.600,98,24.800
lp_lin,933,1000,3.100,443,26.600
lp_lin,934,1000,50.900,470,22.300
lp_lin,935,1000,48.100,337,23.400
lp_lin,936,1000,0.100,789,15.100
lp_lin,937,1000,0.100,457,16.000
lp_lin,938,1000,2.400,192,22.300
lp_lin,939,1000,0.000,264,12.600
lp_lin,940,1000,23.800,192,28.200
lp_lin,941,1000,1.500,289,22.600
lp_lin,942,1000,50.000,391,41.100
lp_lin,943,1000,0.100,353,15.000
lp_lin,944,1000,0.200,555,23.300
lp_lin,945,1000,0.200,406,16.300
lp_lin,946,1000,10.000,515,23.100
lp_lin,947,1000,13.400,935,33.400
lp_lin,948,1000,31.900,717,23.100
lp_lin,949,1000,0.000,842,16.300
lp_lin,950,1000,0.000,117,19.700
lp_lin,951,1000,0.000,226,17.700
lp_lin,952,1000,0.600,556,12.700
lp_lin,953,1000,0.000,758,10.300
lp_lin,954,1000,23.800,576,20.500
lp_lin,955,1000,0.100,37,11.900
lp_lin,956,1000,0.100,226,19.900
lp_lin,957,1000,30.900,512,19.200
lp_lin,958,1000,1.900,783,39.900
lp_lin,959,1000,0.000,875,24.500
lp_lin,960,1000,0.100,392,10.700
lp_lin,961,1000,5.600,795,15.500
lp_lin,962,1000,0.000,772,10.300
lp_lin,963,1000,2.900,226,30.100
lp_lin,964,1000,0.100,772,36.100
lp_lin,965,1000,3.600,427,19.200
lp_lin,966,1000,31.200,192,22.600
lp_lin,967,1000,11.000,579,24.200
lp_lin,968,1000,1.400,289,18.700
lp_lin,969,1000,0.200,410,37.100
lp_lin,970,1000,6.700,437,47.300
lp_lin,971,1000,0.000,410,49.900
lp_lin,972,1000,0.300,426,19.800
lp_lin,973,1000,0.700,770,25.300
lp_lin,974,1000,12.000,117,33.000
lp_lin,975,1000,23.600,627,21.200
lp_lin,976,1000,1.000,197,16.800
lp_lin,977,1000,0.100,687,8.700
lp_lin,978,1000,1.100,556,16.400
lp_lin,979,1000,1.000,302,17.700
lp_lin,980,1000,0.600,932,15.100
lp_lin,981,1000,0.000,406,10.000
lp_lin,982,1000,0.000,50,16.600
lp_lin,983,1000,0.600,512,18.800
lp_lin,984,1000,2.200,551,19.700
lp_lin,985,1000,0.000,512,10.900
lp_lin,986,1000,2.400,320,14.400
lp_lin,987,1000,0.200,713,17.600
lp_lin,988,1000,0.000,68,15.500
lp_lin,989,1000,0.900,427,24.400
lp_lin,990,1000,2.500,515,25.300
lp_lin,991,1000,0.300,620,19.600
lp_lin,992,1000,46.300,192,18.700
lp_lin,993,1000,3.700,620,43.300
lp_lin,994,1000,32.500,231,29.800
lp_lin,995,1000,0.300,226,18.900
lp_lin,996,1000,0.000,597,11.600
lp_lin,997,1000,5.500,663,23.200
lp_lin,998,1000,1.900,889,31.100
lp_lin,999,1000,0.800,443,16.400
lp_lin,1000,1000,0.300,131,13.500
lp_s1,1,1000,0.100,191,55.500
lp_s1,2,1000,0.000,191,43.700
lp_s1,3,1000,0.000,437,48.500
lp_s1,4,1000,0.100,437,76.600
lp_s1,5,1000,0.000,191,82.100
lp_s1,6,1000,0.000,410,44.000
lp_s1,7,1000,0.000,437,26.500
lp_s1,8,1000,0.100,437,49.600
lp_s1,9,1000,27.400,412,37.800
lp_s1,10,1000,0.000,437,37.800
lp_s1,11,1000,0.000,717,52.900
lp_s1,12,1000,0.000,745,18.300
lp_s1,13,1000,0.300,603,30.900
lp_s1,14,1000,0.000,139,37.900
lp_s1,15,1000,0.000,554,43.300
lp_s1,16,1000,0.000,437,57.800
lp_s1,17,1000,0.000,437,40.200
lp_s1,18,1000,4.100,556,47.300
lp_s1,19,1000,0.000,191,42.700
lp_s1,20,1000,0.000,134,33.500
lp_s1,21,1000,0.000,556,23.400
lp_s1,22,1000,0.000,717,39.700
lp_s1,23,1000,0.000,410,54.500
lp_s1,24,1000,0.000,191,64.900
lp_s1,25,1000,0.000,293,30.000
lp_s1,26,1000,0.000,556,43.200
lp_s1,27,1000,0.000,437,52.800
lp_s1,28,1000,3.200,554,49.900
lp_s1,29,1000,0.000,139,34.400
lp_s1,30,1000,0.100,410,53.000
lp_s1,31,1000,6.500,437,51.800
lp_s1,32,1000,19.200,437,79.100
lp_s1,33,1000,0.000,191,29.500
lp_s1,34,1000,0.000,293,16.100
lp_s1,35,1000,0.000,437,47.500
lp_s1,36,1000,12.900,437,83.300
lp_s1,37,1000,0.000,437,43.000
lp_s1,38,1000,0.000,556,15.000
lp_s1,39,1000,0.000,437,39.900
lp_s1,40,1000,0.000,437,58.700
lp_s1,41,1000,0.000,556,27.400
lp_s1,42,1000,0.100,615,36.900
lp_s1,43,1000,0.100,754,51.800
lp_s1,44,1000,0.300,437,71.600
lp_s1,45,1000,0.000,437,31.300
lp_s1,46,1000,0.000,908,19.600
lp_s1,47,1000,0.200,437,57.000
lp_s1,48,1000,5.500,412,26.000
lp_s1,49,1000,0.700,816,34.400
lp_s1,50,1000,0.000,437,54.400
lp_s1,51,1000,13.500,754,45.500
lp_s1,52,1000,0.000,488,19.700
lp_s1,53,1000,0.500,772,44.100
lp_s1,54,1000,0.000,437,65.800
lp_s1,55,1000,1.300,961,29.000
lp_s1,56,1000,0.000,810,22.800
lp_s1,57,1000,0.000,437,73.100
lp_s1,58,1000,2.600,810,34.900
lp_s1,59,1000,0.200,554,37.600
lp_s1,60,1000,0.000,717,22.100
lp_s1,61,1000,0.000,437,64.300
lp_s1,62,1000,0.000,437,52.300
lp_s1,63,1000,0.000,134,17.900
lp_s1,64,1000,0.000,554,36.800
lp_s1,65,1000,0.500,754,32.700
lp_s1,66,1000,0.900,437,76.500
lp_s1,67,1000,0.000,410,48.600
lp_s1,68,1000,0.200,437,58.800
lp_s1,69,1000,0.000,437,36.900
lp_s1,70,1000,0.000,437,52.900
lp_s1,71,1000,6.300,556,29.900
lp_s1,72,1000,0.000,191,52.100
lp_s1,73,1000,0.000,437,29.600
lp_s1,74,1000,0.000,556,42.900
lp_s1,75,1000,0.000,31,30.200
lp_s1,76,1000,0.400,410,46.400
lp_s1,77,1000,0.000,554,49.800
lp_s1,78,1000,9.600,437,57.600
lp_s1,79,1000,0.000,191,57.600
lp_s1,80,1000,0.000,393,33.000
lp_s1,81,1000,0.000,437,39.800
lp_s1,82,1000,0.000,410,56.200
lp_s1,83,1000,0.000,615,31.200
lp_s1,84,1000,0.000,32,17.200
lp_s1,85,1000,0.700,745,36.000
lp_s1,86,1000,0.700,257,19.800
lp_s1,87,1000,0.000,410,51.900
lp_s1,88,1000,0.000,754,27.500
lp_s1,89,1000,0.000,488,15.400
lp_s1,90,1000,0.000,554,34.100
lp_s1,91,1000,0.000,437,64.300
lp_s1,92,1000,0.000,554,28.500
lp_s1,93,1000,0.000,235,26.600
lp_s1,94,1000,0.000,437,49.600
lp_s1,95,1000,0.200,393,30.800
lp_s1,96,1000,0.000,813,17.900
lp_s1,97,1000,0.000,410,43.800
lp_s1,98,1000,0.600,249,30.200
lp_s1,99,1000,0.000,191,56.100
lp_s1,100,1000,0.000,437,72.700
lp_s1,101,1000,7.200,615,46.700
lp_s1,102,1000,0.400,437,56.300
lp_s1,103,1000,0.000,410,52.400
lp_s1,104,1000,1.300,554,22.600
lp_s1,105,1000,1.100,692,57.100
lp_s1,106,1000,1.500,437,51.600
lp_s1,107,1000,0.000,437,67.800
lp_s1,108,1000,0.000,437,36.700
lp_s1,109,1000,0.000,437,43.400
lp_s1,110,1000,0.000,554,39.500
lp_s1,111,1000,0.000,554,48.100
lp_s1,112,1000,0.000,717,40.400
lp_s1,113,1000,0.000,692,27.200
lp_s1,114,1000,0.000,488,23.400
lp_s1,115,1000,0.000,908,18.500
lp_s1,116,1000,0.000,191,35.800
lp_s1,117,1000,0.600,437,53.100
lp_s1,118,1000,0.000,437,58.700
lp_s1,119,1000,0.000,393,23.400
lp_s1,120,1000,0.000,437,44.500
lp_s1,121,1000,1.800,437,72.000
lp_s1,122,1000,0.000,554,31.000
lp_s1,123,1000,0.000,576,23.500
lp_s1,124,1000,0.000,191,48.000
lp_s1,125,1000,0.000,437,59.600
lp_s1,126,1000,0.000,437,54.000
lp_s1,127,1000,0.000,410,54.100
lp_s1,128,1000,0.000,437,35.600
lp_s1,129,1000,0.000,556,19.000
lp_s1,130,1000,0.100,823,19.000
lp_s1,131,1000,0.000,692,41.300
lp_s1,132,1000,0.700,293,30.800
lp_s1,133,1000,4.200,615,39.300
lp_s1,134,1000,0.100,191,87.400
lp_s1,135,1000,0.000,437,50.200
lp_s1,136,1000,0.000,437,74.600
lp_s1,137,1000,0.000,443,24.100
lp_s1,138,1000,0.100,235,26.500
lp_s1,139,1000,1.900,191,79.600
lp_s1,140,1000,4.400,9,40.500
lp_s1,141,1000,0.000,191,40.400
lp_s1,142,1000,9.000,437,68.200
lp_s1,143,1000,0.500,139,41.600
lp_s1,144,1000,0.000,410,38.900
lp_s1,145,1000,0.200,437,58.200
lp_s1,146,1000,0.200,31,33.100
lp_s1,147,1000,0.000,437,70.400
lp_s1,148,1000,3.000,717,54.300
lp_s1,149,1000,0.000,410,43.300
lp_s1,150,1000,0.000,410,57.900
lp_s1,151,1000,0.000,437,38.500
lp_s1,152,1000,0.000,437,59.600
lp_s1,153,1000,0.900,293,29.900
lp_s1,154,1000,0.000,51,21.800
lp_s1,155,1000,11.100,556,49.600
lp_s1,156,1000,0.100,437,52.300
lp_s1,157,1000,0.000,437,70.800
lp_s1,158,1000,0.000,813,30.000
lp_s1,159,1000,0.000,249,23.400
lp_s1,160,1000,0.000,554,20.800
lp_s1,161,1000,0.000,437,65.100
lp_s1,162,1000,0.000,410,52.400
lp_s1,163,1000,0.000,31,22.300
lp_s1,164,1000,0.000,554,22.100
lp_s1,165,1000,0.100,191,69.800
lp_s1,166,1000,0.000,437,69.200
lp_s1,167,1000,0.000,908,19.700
lp_s1,168,1000,0.000,546,20.000
lp_s1,169,1000,0.000,191,53.100
lp_s1,170,1000,0.000,437,39.600
lp_s1,171,1000,0.000,410,48.400
lp_s1,172,1000,2.700,437,79.300
lp_s1,173,1000,0.300,437,59.300
lp_s1,174,1000,0.000,31,32.700
lp_s1,175,1000,0.000,576,21.800
lp_s1,176,1000,1.300,692,51.600
lp_s1,177,1000,0.000,772,40.500
lp_s1,178,1000,0.100,556,23.300
lp_s1,179,1000,0.000,437,41.300
lp_s1,180,1000,0.000,437,44.600
lp_s1,181,1000,0.000,191,39.600
lp_s1,182,1000,0.000,410,47.400
lp_s1,183,1000,6.100,437,80.600
lp_s1,184,1000,0.000,823,18.900
lp_s1,185,1000,0.000,191,79.200
lp_s1,186,1000,0.000,410,62.400
lp_s1,187,1000,0.700,437,49.400
lp_s1,188,1000,0.000,556,32.000
lp_s1,189,1000,0.000,191,27.300
lp_s1,190,1000,0.100,31,26.600
lp_s1,191,1000,85.700,717,19.800
lp_s1,192,1000,2.700,556,27.200
lp_s1,193,1000,0.100,615,46.500
lp_s1,194,1000,0.000,410,53.600
lp_s1,195,1000,0.000,410,35.100
lp_s1,196,1000,0.000,437,38.600
lp_s1,197,1000,0.000,556,44.400
lp_s1,198,1000,0.000,554,43.900
lp_s1,199,1000,0.000,191,54.200
lp_s1,200,1000,0.100,615,37.900
lp_s1,201,1000,0.000,410,45.400
lp_s1,202,1000,0.000,813,21.000
lp_s1,203,1000,0.000,191,44.700
lp_s1,204,1000,0.000,437,31.400
lp_s1,205,1000,0.300,437,45.700
lp_s1,206,1000,0.000,799,21.900
lp_s1,207,1000,0.000,437,67.100
lp_s1,208,1000,0.000,31,24.400
lp_s1,209,1000,0.000,554,28.200
lp_s1,210,1000,0.000,615,28.200
lp_s1,211,1000,0.100,191,78.400
lp_s1,212,1000,0.400,412,21.600
lp_s1,213,1000,0.100,437,78.200
lp_s1,214,1000,3.000,942,37.400
lp_s1,215,1000,0.100,139,53.400
lp_s1,216,1000,14.500,556,57.000
lp_s1,217,1000,0.000,556,26.000
lp_s1,218,1000,0.000,191,30.400
lp_s1,219,1000,14.800,924,66.000
lp_s1,220,1000,0.200,437,67.200
lp_s1,221,1000,0.000,437,36.300
lp_s1,222,1000,0.000,410,26.000
lp_s1,223,1000,0.000,554,50.600
lp_s1,224,1000,0.000,31,24.900
lp_s1,225,1000,0.000,191,43.900
lp_s1,226,1000,2.200,437,56.800
lp_s1,227,1000,0.000,615,46.100
lp_s1,228,1000,0.000,191,60.800
lp_s1,229,1000,0.000,656,14.200
lp_s1,230,1000,9.100,446,56.000
lp_s1,231,1000,1.300,437,69.500
lp_s1,232,1000,0.100,410,45.000
lp_s1,233,1000,0.300,249,39.200
lp_s1,234,1000,0.000,410,46.300
lp_s1,235,1000,9.100,293,36.400
lp_s1,236,1000,0.000,410,51.300
lp_s1,237,1000,0.000,191,40.500
lp_s1,238,1000,0.000,443,25.600
lp_s1,239,1000,0.300,191,44.300
lp_s1,240,1000,0.300,437,77.400
lp_s1,241,1000,3.200,437,76.900
lp_s1,242,1000,3.400,554,48.600
lp_s1,243,1000,0.000,410,62.500
lp_s1,244,1000,3.300,754,42.200
lp_s1,245,1000,0.500,235,24.600
lp_s1,246,1000,0.000,437,33.500
lp_s1,247,1000,0.000,191,31.100
lp_s1,248,1000,0.400,139,43.000
lp_s1,249,1000,12.200,437,48.900
lp_s1,250,1000,0.000,437,44.100
lp_s1,251,1000,0.000,935,22.100
lp_s1,252,1000,0.000,692,40.900
lp_s1,253,1000,0.000,810,22.700
lp_s1,254,1000,0.000,410,56.200
lp_s1,255,1000,6.300,437,83.600
lp_s1,256,1000,0.000,191,52.500
lp_s1,257,1000,2.900,9,35.700
lp_s1,258,1000,0.400,31,37.500
lp_s1,259,1000,0.100,443,30.000
lp_s1,260,1000,0.900,556,39.700
lp_s1,261,1000,0.000,554,37.300
lp_s1,262,1000,3.900,412,29.000
lp_s1,263,1000,0.000,754,31.900
lp_s1,264,1000,0.000,191,27.700
lp_s1,265,1000,0.000,191,49.800
lp_s1,266,1000,0.000,614,18.500
lp_s1,267,1000,0.000,437,50.400
lp_s1,268,1000,0.000,437,40.900
lp_s1,269,1000,0.100,437,56.900
lp_s1,270,1000,1.100,576,29.000
lp_s1,271,1000,0.600,522,30.900
lp_s1,272,1000,0.000,410,45.500
lp_s1,273,1000,0.000,554,33.800
lp_s1,274,1000,0.000,191,42.600
lp_s1,275,1000,0.000,134,42.500
lp_s1,276,1000,0.300,293,28.800
lp_s1,277,1000,0.000,437,55.400
lp_s1,278,1000,0.000,935,20.200
lp_s1,279,1000,0.000,410,25.500
lp_s1,280,1000,0.000,191,59.400
lp_s1,281,1000,0.200,437,66.800
lp_s1,282,1000,0.000,191,40.500
lp_s1,283,1000,0.000,554,44.100
lp_s1,284,1000,0.000,437,41.000
lp_s1,285,1000,3.700,437,77.400
lp_s1,286,1000,0.000,31,24.600
lp_s1,287,1000,0.000,754,18.600
lp_s1,288,1000,0.000,437,41.400
lp_s1,289,1000,0.000,437,43.100
lp_s1,290,1000,0.000,293,25.400
lp_s1,291,1000,0.500,293,25.500
lp_s1,292,1000,0.000,437,34.100
lp_s1,293,1000,2.800,410,42.400
lp_s1,294,1000,1.000,410,44.900
lp_s1,295,1000,0.000,191,22.500
lp_s1,296,1000,0.000,191,33.600
lp_s1,297,1000,3.900,9,50.400
lp_s1,298,1000,0.000,191,52.600
lp_s1,299,1000,0.000,437,54.500
lp_s1,300,1000,0.000,908,26.600
lp_s1,301,1000,0.000,410,23.000
lp_s1,302,1000,2.300,437,60.500
lp_s1,303,1000,0.000,134,43.800
lp_s1,304,1000,0.000,554,33.200
lp_s1,305,1000,0.000,410,31.800
lp_s1,306,1000,0.000,437,44.800
lp_s1,307,1000,0.400,554,69.600
lp_s1,308,1000,0.000,810,25.700
lp_s1,309,1000,0.000,191,37.800
lp_s1,310,1000,0.000,437,40.700
lp_s1,311,1000,6.100,554,41.600
lp_s1,312,1000,0.000,437,57.800
lp_s1,313,1000,0.000,437,32.600
lp_s1,314,1000,0.000,191,49.200
lp_s1,315,1000,0.000,139,40.100
lp_s1,316,1000,0.000,437,57.600
lp_s1,317,1000,0.000,437,62.000
lp_s1,318,1000,0.100,692,36.300
lp_s1,319,1000,0.000,615,36.500
lp_s1,320,1000,7.300,437,75.900
lp_s1,321,1000,0.100,191,58.300
lp_s1,322,1000,0.000,443,20.300
lp_s1,323,1000,4.800,329,33.600
lp_s1,324,1000,0.000,410,34.900
lp_s1,325,1000,0.000,813,28.600
lp_s1,326,1000,0.000,235,17.800
lp_s1,327,1000,7.200,754,25.300
lp_s1,328,1000,0.000,556,29.100
lp_s1,329,1000,9.100,9,45.500
lp_s1,330,1000,0.000,249,23.200
lp_s1,331,1000,0.000,31,26.000
lp_s1,332,1000,0.000,761,17.600
lp_s1,333,1000,0.000,235,21.200
lp_s1,334,1000,0.000,437,57.700
lp_s1,335,1000,0.000,437,42.500
lp_s1,336,1000,0.000,615,31.500
lp_s1,337,1000,0.000,437,60.700
lp_s1,338,1000,0.000,437,72.900
lp_s1,339,1000,0.000,692,35.500
lp_s1,340,1000,0.000,556,31.200
lp_s1,341,1000,0.000,191,28.900
lp_s1,342,1000,0.000,554,28.600
lp_s1,343,1000,0.000,191,47.600
lp_s1,344,1000,0.000,556,33.300
lp_s1,345,1000,0.000,249,25.300
lp_s1,346,1000,0.000,191,52.700
lp_s1,347,1000,3.300,437,76.900
lp_s1,348,1000,1.200,437,63.700
lp_s1,349,1000,0.000,191,43.800
lp_s1,350,1000,0.000,410,63.300
lp_s1,351,1000,0.000,717,49.900
lp_s1,352,1000,0.000,191,39.800
lp_s1,353,1000,2.800,437,69.000
lp_s1,354,1000,0.000,636,18.800
lp_s1,355,1000,0.000,410,41.700
lp_s1,356,1000,9.100,437,72.900
lp_s1,357,1000,0.200,556,48.300
lp_s1,358,1000,0.000,556,35.500
lp_s1,359,1000,0.300,454,28.900
lp_s1,360,1000,0.000,443,19.700
lp_s1,361,1000,0.000,437,50.300
lp_s1,362,1000,0.000,461,18.000
lp_s1,363,1000,0.000,443,40.300
lp_s1,364,1000,0.000,437,62.700
lp_s1,365,1000,0.000,616,15.300
lp_s1,366,1000,0.000,745,16.000
lp_s1,367,1000,0.000,437,54.500
lp_s1,368,1000,0.000,437,70.100
lp_s1,369,1000,0.000,437,66.000
lp_s1,370,1000,0.200,556,36.900
lp_s1,371,1000,0.000,410,35.100
lp_s1,372,1000,0.200,554,39.600
lp_s1,373,1000,0.000,437,46.500
lp_s1,374,1000,0.000,437,45.700
lp_s1,375,1000,0.000,810,18.800
lp_s1,376,1000,0.000,556,35.800
lp_s1,377,1000,0.000,437,45.200
lp_s1,378,1000,0.000,410,56.000
lp_s1,379,1000,12.800,754,30.100
lp_s1,380,1000,0.000,235,21.200
lp_s1,381,1000,0.600,393,30.100
lp_s1,382,1000,0.000,191,73.000
lp_s1,383,1000,0.000,410,24.200
lp_s1,384,1000,0.000,410,23.800
lp_s1,385,1000,0.000,554,55.200
lp_s1,386,1000,0.000,615,33.600
lp_s1,387,1000,3.200,603,27.100
lp_s1,388,1000,16.200,810,30.700
lp_s1,389,1000,7.400,942,64.300
lp_s1,390,1000,0.000,437,49.600
lp_s1,391,1000,4.200,695,21.700
lp_s1,392,1000,1.300,556,47.400
lp_s1,393,1000,18.600,754,63.900
lp_s1,394,1000,0.000,139,39.000
lp_s1,395,1000,0.000,615,28.500
lp_s1,396,1000,0.000,437,77.600
lp_s1,397,1000,0.000,437,54.900
lp_s1,398,1000,2.200,410,37.200
lp_s1,399,1000,0.100,437,70.000
lp_s1,400,1000,0.600,615,37.800
lp_s1,401,1000,0.000,615,36.800
lp_s1,402,1000,2.000,745,28.100
lp_s1,403,1000,0.000,191,41.300
lp_s1,404,1000,0.000,139,30.500
lp_s1,405,1000,0.000,556,21.400
lp_s1,406,1000,0.300,443,34.600
lp_s1,407,1000,0.000,191,40.000
lp_s1,408,1000,0.000,410,35.800
lp_s1,409,1000,0.000,554,22.300
lp_s1,410,1000,43.800,717,59.600
lp_s1,411,1000,5.800,924,44.100
lp_s1,412,1000,7.100,655,35.600
lp_s1,413,1000,0.000,437,65.500
lp_s1,414,1000,0.000,745,23.000
lp_s1,415,1000,0.000,139,31.100
lp_s1,416,1000,3.100,139,50.700
lp_s1,417,1000,0.100,139,48.900
lp_s1,418,1000,8.300,293,30.200
lp_s1,419,1000,0.700,235,23.700
lp_s1,420,1000,0.000,772,26.900
lp_s1,421,1000,0.300,443,25.700
lp_s1,422,1000,6.000,437,81.800
lp_s1,423,1000,0.000,717,56.300
lp_s1,424,1000,0.000,437,61.700
lp_s1,425,1000,2.100,754,34.700
lp_s1,426,1000,0.000,437,66.400
lp_s1,427,1000,0.000,554,26.200
lp_s1,428,1000,0.300,437,77.300
lp_s1,429,1000,0.600,437,61.700
lp_s1,430,1000,7.600,443,34.900
lp_s1,431,1000,0.000,410,62.900
lp_s1,432,1000,0.000,437,42.500
lp_s1,433,1000,0.100,554,49.900
lp_s1,434,1000,0.000,31,19.500
lp_s1,435,1000,15.600,437,82.700
lp_s1,436,1000,0.000,437,57.300
lp_s1,437,1000,78.500,717,37.600
lp_s1,438,1000,0.500,692,49.000
lp_s1,439,1000,0.500,437,50.200
lp_s1,440,1000,0.000,410,56.700
lp_s1,441,1000,0.300,692,45.200
lp_s1,442,1000,0.400,692,45.700
lp_s1,443,1000,14.000,437,50.600
lp_s1,444,1000,0.000,191,58.100
lp_s1,445,1000,0.000,615,35.700
lp_s1,446,1000,18.700,942,55.300
lp_s1,447,1000,0.000,410,39.900
lp_s1,448,1000,0.300,772,39.000
lp_s1,449,1000,0.000,554,46.500
lp_s1,450,1000,0.100,410,44.600
lp_s1,451,1000,0.000,692,34.800
lp_s1,452,1000,0.000,410,31.900
lp_s1,453,1000,0.000,437,38.800
lp_s1,454,1000,17.900,576,38.500
lp_s1,455,1000,0.000,556,15.300
lp_s1,456,1000,0.000,556,29.800
lp_s1,457,1000,4.500,437,84.900
lp_s1,458,1000,0.000,437,49.200
lp_s1,459,1000,0.000,410,43.500
lp_s1,460,1000,0.000,437,56.800
lp_s1,461,1000,1.600,908,37.500
lp_s1,462,1000,0.000,31,41.000
lp_s1,463,1000,0.000,191,42.600
lp_s1,464,1000,0.000,437,63.600
lp_s1,465,1000,0.100,410,46.200
lp_s1,466,1000,0.200,437,57.300
lp_s1,467,1000,0.100,191,67.500
lp_s1,468,1000,0.000,554,33.300
lp_s1,469,1000,0.000,437,70.000
lp_s1,470,1000,0.200,615,34.500
lp_s1,471,1000,0.000,410,35.700
lp_s1,472,1000,0.000,692,23.900
lp_s1,473,1000,0.000,410,38.800
lp_s1,474,1000,0.000,410,38.400
lp_s1,475,1000,0.000,249,27.400
lp_s1,476,1000,0.000,410,43.800
lp_s1,477,1000,3.100,437,75.600
lp_s1,478,1000,0.000,717,44.800
lp_s1,479,1000,0.000,437,56.000
lp_s1,480,1000,0.000,410,44.400
lp_s1,481,1000,0.000,437,70.400
lp_s1,482,1000,0.000,437,62.500
lp_s1,483,1000,0.000,772,42.400
lp_s1,484,1000,0.000,249,29.900
lp_s1,485,1000,0.000,410,27.700
lp_s1,486,1000,0.000,813,19.800
lp_s1,487,1000,0.000,908,18.500
lp_s1,488,1000,26.000,636,29.500
lp_s1,489,1000,0.000,191,58.500
lp_s1,490,1000,5.400,293,33.700
lp_s1,491,1000,0.100,754,41.400
lp_s1,492,1000,0.000,410,27.100
lp_s1,493,1000,0.000,554,36.400
lp_s1,494,1000,0.200,437,71.700
lp_s1,495,1000,0.000,437,27.000
lp_s1,496,1000,2.600,293,32.000
lp_s1,497,1000,0.000,437,47.600
lp_s1,498,1000,0.200,437,57.300
lp_s1,499,1000,0.900,556,59.500
lp_s1,500,1000,0.000,437,52.200
lp_s1,501,1000,0.100,437,55.100
lp_s1,502,1000,0.000,191,57.000
lp_s1,503,1000,0.000,437,63.700
lp_s1,504,1000,0.000,139,42.400
lp_s1,505,1000,5.600,443,41.400
lp_s1,506,1000,0.000,410,33.600
lp_s1,507,1000,0.100,692,43.800
lp_s1,508,1000,0.000,430,22.900
lp_s1,509,1000,0.000,437,42.700
lp_s1,510,1000,0.700,191,58.100
lp_s1,511,1000,0.000,488,18.200
lp_s1,512,1000,0.400,437,35.100
lp_s1,513,1000,0.000,437,50.900
lp_s1,514,1000,0.200,437,49.800
lp_s1,515,1000,0.300,249,42.700
lp_s1,516,1000,0.800,437,69.900
lp_s1,517,1000,1.200,554,30.300
lp_s1,518,1000,0.000,437,54.600
lp_s1,519,1000,1.200,191,48.900
lp_s1,520,1000,0.000,437,48.400
lp_s1,521,1000,0.000,443,32.700
lp_s1,522,1000,28.600,78,33.300
lp_s1,523,1000,0.000,191,54.700
lp_s1,524,1000,0.000,437,31.300
lp_s1,525,1000,0.000,410,54.200
lp_s1,526,1000,0.900,437,78.000
lp_s1,527,1000,1.600,437,83.700
lp_s1,528,1000,0.000,522,20.800
lp_s1,529,1000,0.000,437,62.200
lp_s1,530,1000,0.000,437,33.100
lp_s1,531,1000,0.300,437,51.500
lp_s1,532,1000,0.000,616,19.900
lp_s1,533,1000,0.000,191,53.800
lp_s1,534,1000,0.000,191,78.100
lp_s1,535,1000,0.000,908,16.500
lp_s1,536,1000,0.000,410,55.900
lp_s1,537,1000,0.000,32,25.400
lp_s1,538,1000,1.000,437,51.700
lp_s1,539,1000,0.000,554,36.500
lp_s1,540,1000,0.000,437,43.400
lp_s1,541,1000,0.000,437,47.800
lp_s1,542,1000,0.000,437,47.300
lp_s1,543,1000,0.000,410,34.300
lp_s1,544,1000,0.000,437,57.600
lp_s1,545,1000,0.000,692,40.800
lp_s1,546,1000,1.800,772,41.100
lp_s1,547,1000,0.000,437,28.100
lp_s1,548,1000,0.000,799,15.400
lp_s1,549,1000,0.500,446,48.700
lp_s1,550,1000,0.000,235,24.100
lp_s1,551,1000,0.300,556,36.900
lp_s1,552,1000,0.000,437,72.800
lp_s1,553,1000,2.200,437,71.200
lp_s1,554,1000,1.300,191,82.600
lp_s1,555,1000,0.000,437,41.000
lp_s1,556,1000,27.800,615,54.600
lp_s1,557,1000,0.000,556,27.900
lp_s1,558,1000,0.000,418,17.100
lp_s1,559,1000,0.000,410,36.600
lp_s1,560,1000,0.000,293,23.000
lp_s1,561,1000,0.000,437,48.700
lp_s1,562,1000,10.600,9,34.400
lp_s1,563,1000,0.100,139,33.600
lp_s1,564,1000,0.000,437,44.600
lp_s1,565,1000,0.100,443,35.800
lp_s1,566,1000,0.000,437,42.700
lp_s1,567,1000,0.000,616,15.500
lp_s1,568,1000,0.000,78,27.300
lp_s1,569,1000,0.000,437,28.200
lp_s1,570,1000,0.100,437,56.500
lp_s1,571,1000,0.000,437,48.900
lp_s1,572,1000,14.700,754,36.600
lp_s1,573,1000,4.300,554,31.900
lp_s1,574,1000,0.200,437,54.200
lp_s1,575,1000,0.000,437,52.000
lp_s1,576,1000,15.500,556,37.200
lp_s1,577,1000,0.000,437,74.100
lp_s1,578,1000,0.300,410,40.900
lp_s1,579,1000,3.000,754,43.200
lp_s1,580,1000,0.000,139,27.700
lp_s1,581,1000,0.000,191,58.500
lp_s1,582,1000,0.000,754,22.800
lp_s1,583,1000,0.000,293,18.100
lp_s1,584,1000,0.000,908,21.100
lp_s1,585,1000,0.000,31,34.500
lp_s1,586,1000,0.000,437,47.600
lp_s1,587,1000,0.000,437,31.700
lp_s1,588,1000,0.000,249,24.800
lp_s1,589,1000,0.000,191,29.900
lp_s1,590,1000,0.000,556,33.100
lp_s1,591,1000,0.000,813,16.900
lp_s1,592,1000,0.100,249,26.500
lp_s1,593,1000,0.000,437,72.400
lp_s1,594,1000,0.000,437,60.500
lp_s1,595,1000,0.000,191,37.300
lp_s1,596,1000,0.000,437,48.800
lp_s1,597,1000,0.600,437,47.700
lp_s1,598,1000,0.500,437,57.500
lp_s1,599,1000,7.800,78,35.400
lp_s1,600,1000,0.000,437,50.800
lp_s1,601,1000,0.000,410,35.200
lp_s1,602,1000,0.000,249,30.500
lp_s1,603,1000,7.300,822,36.800
lp_s1,604,1000,0.100,437,56.300
lp_s1,605,1000,0.700,576,36.000
lp_s1,606,1000,0.000,191,42.400
lp_s1,607,1000,0.000,235,26.600
lp_s1,608,1000,0.400,908,37.500
lp_s1,609,1000,0.000,556,20.100
lp_s1,610,1000,0.000,556,22.200
lp_s1,611,1000,0.000,556,29.800
lp_s1,612,1000,0.000,554,31.500
lp_s1,613,1000,0.000,139,45.500
lp_s1,614,1000,9.800,556,64.500
lp_s1,615,1000,28.800,437,53.400
lp_s1,616,1000,2.400,31,40.500
lp_s1,617,1000,0.300,31,34.800
lp_s1,618,1000,0.000,554,26.400
lp_s1,619,1000,0.100,31,36.900
lp_s1,620,1000,0.100,437,49.400
lp_s1,621,1000,0.000,554,43.700
lp_s1,622,1000,0.000,437,72.300
lp_s1,623,1000,0.000,556,37.100
lp_s1,624,1000,0.000,191,61.800
lp_s1,625,1000,0.000,437,48.000
lp_s1,626,1000,0.000,418,16.800
lp_s1,627,1000,5.800,615,35.400
lp_s1,628,1000,0.200,437,78.700
lp_s1,629,1000,0.000,191,66.200
lp_s1,630,1000,0.000,633,28.900
lp_s1,631,1000,0.000,437,45.600
lp_s1,632,1000,9.600,754,45.100
lp_s1,633,1000,16.100,692,49.900
lp_s1,634,1000,0.000,191,52.400
lp_s1,635,1000,0.000,437,52.600
lp_s1,636,1000,7.300,139,38.700
lp_s1,637,1000,0.000,488,17.100
lp_s1,638,1000,0.000,437,34.700
lp_s1,639,1000,0.800,410,44.200
lp_s1,640,1000,0.000,31,31.100
lp_s1,641,1000,0.100,437,36.900
lp_s1,642,1000,0.200,437,59.300
lp_s1,643,1000,1.100,410,41.500
lp_s1,644,1000,0.100,615,31.800
lp_s1,645,1000,0.000,191,34.100
lp_s1,646,1000,0.000,410,52.800
lp_s1,647,1000,0.000,191,56.500
lp_s1,648,1000,6.100,446,74.200
lp_s1,649,1000,0.000,615,34.100
lp_s1,650,1000,0.000,191,50.200
lp_s1,651,1000,0.000,139,33.000
lp_s1,652,1000,0.100,191,75.200
lp_s1,653,1000,0.000,191,57.200
lp_s1,654,1000,14.900,437,88.000
lp_s1,655,1000,11.600,754,25.500
lp_s1,656,1000,1.800,935,36.700
lp_s1,657,1000,0.000,745,25.900
lp_s1,658,1000,0.000,249,25.700
lp_s1,659,1000,3.100,556,36.900
lp_s1,660,1000,0.500,437,55.900
lp_s1,661,1000,0.700,437,79.700
lp_s1,662,1000,0.000,554,40.800
lp_s1,663,1000,1.700,556,38.000
lp_s1,664,1000,0.000,437,67.100
lp_s1,665,1000,0.200,437,76.200
lp_s1,666,1000,0.000,191,60.300
lp_s1,667,1000,0.000,692,39.400
lp_s1,668,1000,0.100,615,37.300
lp_s1,669,1000,0.000,249,39.300
lp_s1,670,1000,0.000,393,20.200
lp_s1,671,1000,0.000,692,24.300
lp_s1,672,1000,2.100,410,46.500
lp_s1,673,1000,0.000,191,51.700
lp_s1,674,1000,0.000,556,31.700
lp_s1,675,1000,0.000,556,19.100
lp_s1,676,1000,0.000,556,24.600
lp_s1,677,1000,0.000,616,19.700
lp_s1,678,1000,0.000,249,34.900
lp_s1,679,1000,0.000,388,20.600
lp_s1,680,1000,0.000,554,46.000
lp_s1,681,1000,0.200,554,42.600
lp_s1,682,1000,0.000,191,43.400
lp_s1,683,1000,0.100,437,53.500
lp_s1,684,1000,0.000,191,42.100
lp_s1,685,1000,0.000,437,60.200
lp_s1,686,1000,0.000,410,46.100
lp_s1,687,1000,1.800,293,36.300
lp_s1,688,1000,0.000,692,43.800
lp_s1,689,1000,0.100,410,54.100
lp_s1,690,1000,0.000,393,21.700
lp_s1,691,1000,0.200,437,78.300
lp_s1,692,1000,44.900,437,58.500
lp_s1,693,1000,0.000,554,60.600
lp_s1,694,1000,0.100,410,47.900
lp_s1,695,1000,3.200,754,55.500
lp_s1,696,1000,0.900,437,83.400
lp_s1,697,1000,0.000,191,60.600
lp_s1,698,1000,0.000,410,40.300
lp_s1,699,1000,0.000,556,16.500
lp_s1,700,1000,0.000,799,18.300
lp_s1,701,1000,0.000,556,26.600
lp_s1,702,1000,0.100,717,52.300
lp_s1,703,1000,0.000,191,50.300
lp_s1,704,1000,0.000,810,17.800
lp_s1,705,1000,0.000,692,40.600
lp_s1,706,1000,0.000,410,40.400
lp_s1,707,1000,0.000,437,69.000
lp_s1,708,1000,0.100,191,52.400
lp_s1,709,1000,0.000,554,20.300
lp_s1,710,1000,0.000,249,24.500
lp_s1,711,1000,0.000,410,57.500
lp_s1,712,1000,4.600,437,40.400
lp_s1,713,1000,0.000,410,43.500
lp_s1,714,1000,0.000,556,28.600
lp_s1,715,1000,0.000,437,59.300
lp_s1,716,1000,0.000,554,16.100
lp_s1,717,1000,62.700,437,45.800
lp_s1,718,1000,4.500,745,31.000
lp_s1,719,1000,0.000,410,41.100
lp_s1,720,1000,3.000,437,82.600
lp_s1,721,1000,0.000,554,30.100
lp_s1,722,1000,0.100,556,36.100
lp_s1,723,1000,0.000,410,40.400
lp_s1,724,1000,0.200,249,41.800
lp_s1,725,1000,0.100,410,47.900
lp_s1,726,1000,0.000,437,32.000
lp_s1,727,1000,0.200,437,68.700
lp_s1,728,1000,0.000,437,33.800
lp_s1,729,1000,0.000,410,44.600
lp_s1,730,1000,0.000,554,52.400
lp_s1,731,1000,0.100,437,65.300
lp_s1,732,1000,6.600,576,37.900
lp_s1,733,1000,0.000,32,24.500
lp_s1,734,1000,0.100,134,31.300
lp_s1,735,1000,0.000,437,57.700
lp_s1,736,1000,0.000,437,62.200
lp_s1,737,1000,0.000,235,24.600
lp_s1,738,1000,0.000,437,50.600
lp_s1,739,1000,0.100,488,22.300
lp_s1,740,1000,0.800,437,83.100
lp_s1,741,1000,0.000,191,49.700
lp_s1,742,1000,0.000,437,62.000
lp_s1,743,1000,0.000,191,34.500
lp_s1,744,1000,0.000,554,50.500
lp_s1,745,1000,15.200,249,30.000
lp_s1,746,1000,1.800,249,42.200
lp_s1,747,1000,0.000,556,20.200
lp_s1,748,1000,0.000,437,57.100
lp_s1,749,1000,0.000,692,42.900
lp_s1,750,1000,4.200,437,74.700
lp_s1,751,1000,0.300,191,53.100
lp_s1,752,1000,0.000,908,27.400
lp_s1,753,1000,0.000,556,27.200
lp_s1,754,1000,43.400,155,22.000
lp_s1,755,1000,0.000,139,43.900
lp_s1,756,1000,0.000,437,60.500
lp_s1,757,1000,0.000,191,43.700
lp_s1,758,1000,0.400,191,42.500
lp_s1,759,1000,0.200,191,50.500
lp_s1,760,1000,0.000,554,27.000
lp_s1,761,1000,2.800,554,52.600
lp_s1,762,1000,0.000,437,34.300
lp_s1,763,1000,0.000,437,59.700
lp_s1,764,1000,0.000,437,56.400
lp_s1,765,1000,0.000,410,46.000
lp_s1,766,1000,0.000,437,40.600
lp_s1,767,1000,0.000,554,18.800
lp_s1,768,1000,4.800,562,52.500
lp_s1,769,1000,0.000,437,43.700
lp_s1,770,1000,0.000,191,39.200
lp_s1,771,1000,0.000,410,31.400
lp_s1,772,1000,2.500,410,52.500
lp_s1,773,1000,4.200,437,80.200
lp_s1,774,1000,0.000,437,53.800
lp_s1,775,1000,0.000,437,28.200
lp_s1,776,1000,0.000,437,34.800
lp_s1,777,1000,0.100,437,66.300
lp_s1,778,1000,0.000,437,53.900
lp_s1,779,1000,0.000,437,45.900
lp_s1,780,1000,0.000,437,63.300
lp_s1,781,1000,0.000,443,33.700
lp_s1,782,1000,0.000,191,59.400
lp_s1,783,1000,0.000,799,25.300
lp_s1,784,1000,0.000,437,66.400
lp_s1,785,1000,0.000,293,21.700
lp_s1,786,1000,0.000,556,22.200
lp_s1,787,1000,0.000,488,19.600
lp_s1,788,1000,0.000,554,19.100
lp_s1,789,1000,0.200,31,29.000
lp_s1,790,1000,0.000,139,30.300
lp_s1,791,1000,0.000,556,40.300
lp_s1,792,1000,0.500,745,31.200
lp_s1,793,1000,0.100,437,60.200
lp_s1,794,1000,0.100,410,58.400
lp_s1,795,1000,1.100,554,48.400
lp_s1,796,1000,0.000,437,67.500
lp_s1,797,1000,0.000,437,22.800
lp_s1,798,1000,0.000,692,45.700
lp_s1,799,1000,8.600,249,33.700
lp_s1,800,1000,0.000,692,46.500
lp_s1,801,1000,4.700,437,85.200
lp_s1,802,1000,0.000,410,55.000
lp_s1,803,1000,0.000,410,48.800
lp_s1,804,1000,1.200,615,44.500
lp_s1,805,1000,0.400,437,47.500
lp_s1,806,1000,0.000,191,46.200
lp_s1,807,1000,0.100,772,37.800
lp_s1,808,1000,0.000,556,15.600
lp_s1,809,1000,0.000,745,28.700
lp_s1,810,1000,7.200,908,50.100
lp_s1,811,1000,0.400,813,23.600
lp_s1,812,1000,0.000,554,18.300
lp_s1,813,1000,12.700,155,36.100
lp_s1,814,1000,0.400,191,45.500
lp_s1,815,1000,0.000,191,40.300
lp_s1,816,1000,20.600,412,27.600
lp_s1,817,1000,0.000,410,49.500
lp_s1,818,1000,0.000,410,29.000
lp_s1,819,1000,0.000,139,41.100
lp_s1,820,1000,0.100,437,69.400
lp_s1,821,1000,0.000,437,55.000
lp_s1,822,1000,8.700,556,31.700
lp_s1,823,1000,6.500,745,31.600
lp_s1,824,1000,0.000,437,57.600
lp_s1,825,1000,0.000,437,51.100
lp_s1,826,1000,0.000,437,47.700
lp_s1,827,1000,0.000,437,60.200
lp_s1,828,1000,2.400,437,42.700
lp_s1,829,1000,0.000,32,27.500
lp_s1,830,1000,0.000,554,35.000
lp_s1,831,1000,0.000,556,33.700
lp_s1,832,1000,23.600,437,79.500
lp_s1,833,1000,0.000,430,20.600
lp_s1,834,1000,0.000,437,51.600
lp_s1,835,1000,0.400,636,22.300
lp_s1,836,1000,0.000,139,36.900
lp_s1,837,1000,0.000,556,38.100
lp_s1,838,1000,0.000,437,40.400
lp_s1,839,1000,0.000,935,21.100
lp_s1,840,1000,0.000,410,38.400
lp_s1,841,1000,0.000,437,58.900
lp_s1,842,1000,0.000,556,28.400
lp_s1,843,1000,0.000,410,60.400
lp_s1,844,1000,0.000,191,52.900
lp_s1,845,1000,0.000,576,26.000
lp_s1,846,1000,0.000,935,18.700
lp_s1,847,1000,0.000,554,23.000
lp_s1,848,1000,0.000,692,38.100
lp_s1,849,1000,0.000,437,69.300
lp_s1,850,1000,0.000,191,49.200
lp_s1,851,1000,0.000,556,27.000
lp_s1,852,1000,0.000,437,53.100
lp_s1,853,1000,0.000,437,53.500
lp_s1,854,1000,0.000,437,41.600
lp_s1,855,1000,5.300,692,38.500
lp_s1,856,1000,0.000,437,20.000
lp_s1,857,1000,0.000,410,40.200
lp_s1,858,1000,0.000,410,33.100
lp_s1,859,1000,0.500,437,56.300
lp_s1,860,1000,0.200,908,20.600
lp_s1,861,1000,0.100,437,42.800
lp_s1,862,1000,0.500,437,62.400
lp_s1,863,1000,0.000,437,59.700
lp_s1,864,1000,0.000,410,26.300
lp_s1,865,1000,0.000,235,11.500
lp_s1,866,1000,0.000,437,42.300
lp_s1,867,1000,0.000,437,68.100
lp_s1,868,1000,0.100,732,22.200
lp_s1,869,1000,1.500,576,28.900
lp_s1,870,1000,10.200,823,20.600
lp_s1,871,1000,0.000,437,76.400
lp_s1,872,1000,0.000,437,31.800
lp_s1,873,1000,0.000,556,17.000
lp_s1,874,1000,0.000,191,42.900
lp_s1,875,1000,0.000,437,57.500
lp_s1,876,1000,0.000,191,59.400
lp_s1,877,1000,0.000,410,42.500
lp_s1,878,1000,4.800,437,47.000
lp_s1,879,1000,0.600,437,57.400
lp_s1,880,1000,0.000,437,52.100
lp_s1,881,1000,0.000,191,38.200
lp_s1,882,1000,0.000,437,39.100
lp_s1,883,1000,0.000,554,26.200
lp_s1,884,1000,0.000,410,45.500
lp_s1,885,1000,3.700,412,26.300
lp_s1,886,1000,0.000,410,56.700
lp_s1,887,1000,0.000,216,16.100
lp_s1,888,1000,0.000,293,20.700
lp_s1,889,1000,1.900,437,69.600
lp_s1,890,1000,0.000,418,11.100
lp_s1,891,1000,0.200,692,45.900
lp_s1,892,1000,0.000,31,18.900
lp_s1,893,1000,0.000,437,35.800
lp_s1,894,1000,0.000,554,28.500
lp_s1,895,1000,0.200,692,45.900
lp_s1,896,1000,0.000,410,45.500
lp_s1,897,1000,0.000,437,72.800
lp_s1,898,1000,0.000,437,36.800
lp_s1,899,1000,0.000,437,74.800
lp_s1,900,1000,0.000,134,16.600
lp_s1,901,1000,0.200,692,42.700
lp_s1,902,1000,0.000,437,80.100
lp_s1,903,1000,0.000,139,28.000
lp_s1,904,1000,0.000,437,45.400
lp_s1,905,1000,0.500,437,76.000
lp_s1,906,1000,0.000,191,52.200
lp_s1,907,1000,3.900,576,25.500
lp_s1,908,1000,25.500,249,35.300
lp_s1,909,1000,0.300,293,30.300
lp_s1,910,1000,0.000,692,26.500
lp_s1,911,1000,0.000,437,67.100
lp_s1,912,1000,0.000,437,36.800
lp_s1,913,1000,0.000,437,58.900
lp_s1,914,1000,0.400,437,69.900
lp_s1,915,1000,0.000,615,38.700
lp_s1,916,1000,0.000,437,38.600
lp_s1,917,1000,1.000,437,64.400
lp_s1,918,1000,0.000,813,25.900
lp_s1,919,1000,0.000,935,21.500
lp_s1,920,1000,18.500,615,32.600
lp_s1,921,1000,1.200,772,50.300
lp_s1,922,1000,0.000,249,20.900
lp_s1,923,1000,0.000,410,40.800
lp_s1,924,1000,32.200,562,23.200
lp_s1,925,1000,0.000,410,42.700
lp_s1,926,1000,0.900,655,26.900
lp_s1,927,1000,0.000,554,27.400
lp_s1,928,1000,0.000,656,21.300
lp_s1,929,1000,0.000,556,24.100
lp_s1,930,1000,0.000,437,40.700
lp_s1,931,1000,2.700,437,66.600
lp_s1,932,1000,0.000,249,25.200
lp_s1,933,1000,0.000,437,34.000
lp_s1,934,1000,1.300,615,36.600
lp_s1,935,1000,4.800,717,47.500
lp_s1,936,1000,0.000,32,22.600
lp_s1,937,1000,0.000,437,46.700
lp_s1,938,1000,0.000,556,29.700
lp_s1,939,1000,0.000,554,47.200
lp_s1,940,1000,0.300,430,33.700
lp_s1,941,1000,0.000,692,39.700
lp_s1,942,1000,30.000,393,24.900
lp_s1,943,1000,0.000,437,55.300
lp_s1,944,1000,0.000,410,36.300
lp_s1,945,1000,0.000,554,21.500
lp_s1,946,1000,0.000,249,32.800
lp_s1,947,1000,0.000,410,36.700
lp_s1,948,1000,0.300,717,54.100
lp_s1,949,1000,0.000,216,11.000
lp_s1,950,1000,0.000,437,53.200
lp_s1,951,1000,0.000,437,42.400
lp_s1,952,1000,0.000,437,30.300
lp_s1,953,1000,0.000,139,28.800
lp_s1,954,1000,0.100,576,32.100
lp_s1,955,1000,0.000,191,52.400
lp_s1,956,1000,0.000,410,43.200
lp_s1,957,1000,0.000,410,36.400
lp_s1,958,1000,0.000,799,22.200
lp_s1,959,1000,0.000,437,43.800
lp_s1,960,1000,0.000,556,19.900
lp_s1,961,1000,9.600,554,40.700
lp_s1,962,1000,0.000,410,38.400
lp_s1,963,1000,0.000,437,49.900
lp_s1,964,1000,0.000,410,49.400
lp_s1,965,1000,0.000,554,23.900
lp_s1,966,1000,0.000,556,46.300
lp_s1,967,1000,0.600,51,35.100
lp_s1,968,1000,0.000,437,41.800
lp_s1,969,1000,0.000,410,56.100
lp_s1,970,1000,2.400,437,79.500
lp_s1,971,1000,0.000,191,52.900
lp_s1,972,1000,0.000,437,41.300
lp_s1,973,1000,0.200,554,50.200
lp_s1,974,1000,0.000,437,49.800
lp_s1,975,1000,0.000,556,43.900
lp_s1,976,1000,0.000,31,23.300
lp_s1,977,1000,0.000,488,30.100
lp_s1,978,1000,0.000,692,24.900
lp_s1,979,1000,0.000,437,40.200
lp_s1,980,1000,0.000,488,13.600
lp_s1,981,1000,0.200,235,24.700
lp_s1,982,1000,0.000,191,53.500
lp_s1,983,1000,0.100,437,24.600
lp_s1,984,1000,0.000,216,29.500
lp_s1,985,1000,0.000,554,27.600
lp_s1,986,1000,0.100,692,34.300
lp_s1,987,1000,0.100,139,42.100
lp_s1,988,1000,0.000,437,31.000
lp_s1,989,1000,0.100,554,32.600
lp_s1,990,1000,0.000,249,27.500
lp_s1,991,1000,0.000,437,39.800
lp_s1,992,1000,0.000,920,24.700
lp_s1,993,1000,0.000,437,41.500
lp_s1,994,1000,1.300,437,74.200
lp_s1,995,1000,0.000,437,49.900
lp_s1,996,1000,0.000,191,47.800
lp_s1,997,1000,0.000,556,19.300
lp_s1,998,1000,0.000,437,52.100
lp_s1,999,1000,0.000,437,28.400
lp_s1,1000,1000,0.000,692,25.700
lp_s2,1,1000,0.000,191,47.200
lp_s2,2,1000,1.900,356,40.200
lp_s2,3,1000,0.000,717,39.400
lp_s2,4,1000,1.200,717,57.700
lp_s2,5,1000,0.000,191,73.700
lp_s2,6,1000,0.000,410,57.300
lp_s2,7,1000,0.000,437,32.000
lp_s2,8,1000,0.000,717,50.400
lp_s2,9,1000,29.100,412,42.400
lp_s2,10,1000,5.700,664,32.100
lp_s2,11,1000,0.400,717,68.400
lp_s2,12,1000,0.000,745,16.600
lp_s2,13,1000,0.300,603,38.000
lp_s2,14,1000,0.000,772,34.100
lp_s2,15,1000,0.000,554,28.500
lp_s2,16,1000,4.300,717,51.500
lp_s2,17,1000,0.000,410,35.700
lp_s2,18,1000,1.600,627,28.800
lp_s2,19,1000,0.000,410,35.100
lp_s2,20,1000,0.000,554,25.600
lp_s2,21,1000,0.000,108,24.400
lp_s2,22,1000,0.000,437,37.400
lp_s2,23,1000,0.000,410,53.900
lp_s2,24,1000,0.000,191,55.200
lp_s2,25,1000,0.000,758,22.700
lp_s2,26,1000,0.000,320,15.600
lp_s2,27,1000,0.000,717,38.900
lp_s2,28,1000,0.100,191,49.000
lp_s2,29,1000,0.000,772,24.300
lp_s2,30,1000,0.000,410,72.700
lp_s2,31,1000,3.500,717,59.800
lp_s2,32,1000,1.100,437,70.800
lp_s2,33,1000,0.000,664,32.500
lp_s2,34,1000,0.000,664,17.300
lp_s2,35,1000,0.400,717,34.700
lp_s2,36,1000,6.000,437,71.700
lp_s2,37,1000,0.000,717,51.600
lp_s2,38,1000,0.000,569,17.600
lp_s2,39,1000,0.300,142,31.900
lp_s2,40,1000,0.500,717,55.600
lp_s2,41,1000,0.000,249,28.000
lp_s2,42,1000,0.000,320,27.500
lp_s2,43,1000,0.000,754,45.800
lp_s2,44,1000,4.000,717,66.800
lp_s2,45,1000,0.000,437,23.100
lp_s2,46,1000,0.000,908,19.400
lp_s2,47,1000,5.000,717,66.000
lp_s2,48,1000,7.400,412,28.800
lp_s2,49,1000,0.600,816,30.900
lp_s2,50,1000,0.000,717,57.900
lp_s2,51,1000,0.000,754,40.600
lp_s2,52,1000,0.000,149,14.000
lp_s2,53,1000,0.000,772,37.400
lp_s2,54,1000,0.300,717,62.100
lp_s2,55,1000,0.400,554,26.500
lp_s2,56,1000,0.100,655,24.300
lp_s2,57,1000,0.000,437,58.500
lp_s2,58,1000,11.900,810,38.400
lp_s2,59,1000,0.000,554,49.000
lp_s2,60,1000,0.000,249,32.700
lp_s2,61,1000,0.000,717,55.300
lp_s2,62,1000,0.800,717,34.700
lp_s2,63,1000,0.000,935,20.800
lp_s2,64,1000,0.000,554,28.600
lp_s2,65,1000,1.600,754,32.400
lp_s2,66,1000,5.400,717,60.500
lp_s2,67,1000,0.000,410,61.300
lp_s2,68,1000,3.400,437,44.300
lp_s2,69,1000,0.000,437,36.900
lp_s2,70,1000,0.200,717,70.000
lp_s2,71,1000,0.500,78,37.700
lp_s2,72,1000,0.000,410,56.700
lp_s2,73,1000,0.000,717,26.200
lp_s2,74,1000,0.000,66,17.200
lp_s2,75,1000,0.000,664,30.600
lp_s2,76,1000,0.600,410,46.400
lp_s2,77,1000,0.000,554,30.000
lp_s2,78,1000,15.000,437,54.300
lp_s2,79,1000,0.200,356,53.800
lp_s2,80,1000,0.000,393,27.500
lp_s2,81,1000,0.000,717,39.400
lp_s2,82,1000,0.000,410,67.000
lp_s2,83,1000,0.000,717,24.200
lp_s2,84,1000,0.000,664,20.200
lp_s2,85,1000,0.800,745,36.500
lp_s2,86,1000,0.700,562,20.100
lp_s2,87,1000,0.000,410,59.900
lp_s2,88,1000,1.600,908,31.900
lp_s2,89,1000,0.000,569,22.700
lp_s2,90,1000,0.000,554,23.800
lp_s2,91,1000,0.000,717,52.900
lp_s2,92,1000,0.000,935,20.600
lp_s2,93,1000,0.000,554,19.200
lp_s2,94,1000,0.000,410,66.400
lp_s2,95,1000,0.000,393,33.100
lp_s2,96,1000,0.000,908,17.600
lp_s2,97,1000,0.000,410,57.500
lp_s2,98,1000,0.300,627,30.700
lp_s2,99,1000,0.000,191,40.700
lp_s2,100,1000,0.900,717,53.300
lp_s2,101,1000,4.300,320,41.800
lp_s2,102,1000,0.900,717,68.200
lp_s2,103,1000,0.000,410,71.700
lp_s2,104,1000,0.000,554,23.100
lp_s2,105,1000,0.000,717,48.500
lp_s2,106,1000,1.400,410,67.100
lp_s2,107,1000,0.200,717,53.400
lp_s2,108,1000,5.400,604,31.700
lp_s2,109,1000,0.000,717,35.100
lp_s2,110,1000,0.000,410,24.900
lp_s2,111,1000,0.000,554,35.900
lp_s2,112,1000,0.100,410,63.500
lp_s2,113,1000,0.000,320,24.100
lp_s2,114,1000,0.000,569,17.700
lp_s2,115,1000,0.000,908,21.200
lp_s2,116,1000,0.000,191,33.100
lp_s2,117,1000,1.300,717,60.500
lp_s2,118,1000,0.900,410,60.800
lp_s2,119,1000,0.000,810,20.700
lp_s2,120,1000,0.000,410,59.400
lp_s2,121,1000,0.300,717,56.400
lp_s2,122,1000,0.000,554,30.700
lp_s2,123,1000,0.000,576,15.600
lp_s2,124,1000,0.000,191,40.100
lp_s2,125,1000,0.000,717,51.700
lp_s2,126,1000,0.000,410,51.600
lp_s2,127,1000,0.000,410,55.800
lp_s2,128,1000,0.200,664,34.200
lp_s2,129,1000,0.000,149,13.200
lp_s2,130,1000,0.000,810,19.400
lp_s2,131,1000,0.000,717,37.900
lp_s2,132,1000,0.000,554,30.800
lp_s2,133,1000,1.600,717,53.600
lp_s2,134,1000,0.000,191,83.900
lp_s2,135,1000,0.000,717,42.500
lp_s2,136,1000,0.200,717,58.300
lp_s2,137,1000,0.000,664,28.600
lp_s2,138,1000,0.000,554,21.400
lp_s2,139,1000,0.600,191,71.200
lp_s2,140,1000,4.900,9,40.400
lp_s2,141,1000,0.000,410,31.600
lp_s2,142,1000,15.800,717,68.600
lp_s2,143,1000,0.700,554,37.600
lp_s2,144,1000,0.300,538,36.000
lp_s2,145,1000,0.000,717,62.000
lp_s2,146,1000,0.000,664,29.300
lp_s2,147,1000,0.000,717,53.500
lp_s2,148,1000,33.200,717,69.600
lp_s2,149,1000,12.400,604,36.800
lp_s2,150,1000,0.000,410,65.800
lp_s2,151,1000,0.000,717,33.000
lp_s2,152,1000,0.000,717,44.600
lp_s2,153,1000,0.300,239,20.000
lp_s2,154,1000,0.000,754,15.500
lp_s2,155,1000,3.700,556,27.500
lp_s2,156,1000,0.600,717,71.200
lp_s2,157,1000,0.000,717,54.500
lp_s2,158,1000,0.000,569,11.400
lp_s2,159,1000,0.000,249,29.500
lp_s2,160,1000,0.000,554,20.100
lp_s2,161,1000,0.400,717,51.100
lp_s2,162,1000,0.000,410,61.000
lp_s2,163,1000,0.700,594,22.900
lp_s2,164,1000,0.000,554,25.300
lp_s2,165,1000,0.000,191,50.000
lp_s2,166,1000,0.900,356,61.100
lp_s2,167,1000,0.000,908,28.000
lp_s2,168,1000,0.500,799,29.100
lp_s2,169,1000,0.000,191,50.900
lp_s2,170,1000,0.000,717,37.100
lp_s2,171,1000,0.000,410,54.100
lp_s2,172,1000,0.100,437,62.700
lp_s2,173,1000,0.000,437,61.300
lp_s2,174,1000,0.000,664,31.300
lp_s2,175,1000,0.000,522,29.900
lp_s2,176,1000,0.000,832,49.500
lp_s2,177,1000,0.000,862,35.600
lp_s2,178,1000,0.000,822,17.700
lp_s2,179,1000,0.300,832,42.500
lp_s2,180,1000,0.000,717,40.800
lp_s2,181,1000,0.000,410,28.300
lp_s2,182,1000,1.400,410,51.200
lp_s2,183,1000,0.200,437,66.700
lp_s2,184,1000,0.000,823,23.000
lp_s2,185,1000,0.000,191,71.600
lp_s2,186,1000,0.000,410,78.400
lp_s2,187,1000,0.000,717,47.100
lp_s2,188,1000,0.000,627,22.800
lp_s2,189,1000,0.000,249,29.500
lp_s2,190,1000,0.000,664,22.400
lp_s2,191,1000,78.000,437,42.200
lp_s2,192,1000,0.300,249,36.600
lp_s2,193,1000,0.000,717,44.300
lp_s2,194,1000,0.000,410,65.000
lp_s2,195,1000,0.000,664,34.000
lp_s2,196,1000,0.000,717,32.900
lp_s2,197,1000,0.000,320,26.600
lp_s2,198,1000,0.000,191,30.100
lp_s2,199,1000,0.000,410,55.000
lp_s2,200,1000,0.000,832,50.800
lp_s2,201,1000,0.000,410,50.800
lp_s2,202,1000,0.000,569,13.800
lp_s2,203,1000,0.000,410,38.100
lp_s2,204,1000,0.000,717,31.100
lp_s2,205,1000,0.000,717,66.400
lp_s2,206,1000,0.000,799,33.900
lp_s2,207,1000,1.300,356,52.500
lp_s2,208,1000,0.200,664,30.600
lp_s2,209,1000,0.000,117,21.700
lp_s2,210,1000,0.000,320,31.000
lp_s2,211,1000,0.200,191,72.900
lp_s2,212,1000,1.800,412,27.500
lp_s2,213,1000,0.100,717,52.900
lp_s2,214,1000,0.300,942,33.600
lp_s2,215,1000,0.100,554,38.100
lp_s2,216,1000,0.000,556,24.400
lp_s2,217,1000,0.000,108,24.300
lp_s2,218,1000,0.000,437,28.800
lp_s2,219,1000,14.900,924,66.100
lp_s2,220,1000,0.000,437,58.200
lp_s2,221,1000,0.000,931,25.000
lp_s2,222,1000,0.000,410,30.800
lp_s2,223,1000,0.000,554,47.400
lp_s2,224,1000,0.300,664,43.000
lp_s2,225,1000,0.000,772,38.300
lp_s2,226,1000,0.800,717,55.100
lp_s2,227,1000,0.000,832,52.700
lp_s2,228,1000,0.000,410,58.800
lp_s2,229,1000,0.000,799,15.200
lp_s2,230,1000,6.300,446,65.900
lp_s2,231,1000,0.000,717,64.000
lp_s2,232,1000,0.100,410,55.300
lp_s2,233,1000,0.000,249,47.600
lp_s2,234,1000,0.000,410,29.500
lp_s2,235,1000,0.000,772,29.800
lp_s2,236,1000,0.000,410,62.000
lp_s2,237,1000,0.000,410,38.200
lp_s2,238,1000,0.000,249,27.200
lp_s2,239,1000,0.600,832,38.600
lp_s2,240,1000,0.400,437,57.500
lp_s2,241,1000,2.400,717,60.200
lp_s2,242,1000,0.000,554,45.100
lp_s2,243,1000,0.000,410,66.700
lp_s2,244,1000,0.200,754,39.300
lp_s2,245,1000,0.000,961,18.300
lp_s2,246,1000,0.100,664,35.400
lp_s2,247,1000,0.000,410,27.700
lp_s2,248,1000,0.000,191,36.200
lp_s2,249,1000,16.900,437,41.300
lp_s2,250,1000,0.000,717,35.200
lp_s2,251,1000,0.000,664,18.900
lp_s2,252,1000,0.000,832,50.500
lp_s2,253,1000,0.100,810,27.100
lp_s2,254,1000,0.000,410,72.600
lp_s2,255,1000,0.000,437,56.700
lp_s2,256,1000,0.000,410,58.700
lp_s2,257,1000,2.900,9,37.200
lp_s2,258,1000,0.800,664,36.900
lp_s2,259,1000,0.000,974,24.900
lp_s2,260,1000,0.000,717,23.900
lp_s2,261,1000,0.000,554,27.300
lp_s2,262,1000,4.500,412,32.200
lp_s2,263,1000,0.000,754,27.700
lp_s2,264,1000,0.000,519,23.000
lp_s2,265,1000,0.000,410,43.500
lp_s2,266,1000,0.300,569,33.000
lp_s2,267,1000,0.300,832,37.700
lp_s2,268,1000,0.100,717,31.400
lp_s2,269,1000,0.900,717,66.800
lp_s2,270,1000,0.700,522,22.500
lp_s2,271,1000,0.300,522,42.600
lp_s2,272,1000,0.000,410,44.500
lp_s2,273,1000,0.000,554,33.500
lp_s2,274,1000,0.000,717,55.300
lp_s2,275,1000,0.000,554,39.300
lp_s2,276,1000,0.000,758,18.200
lp_s2,277,1000,8.900,717,42.900
lp_s2,278,1000,0.000,935,19.800
lp_s2,279,1000,0.000,664,24.100
lp_s2,280,1000,0.000,191,42.500
lp_s2,281,1000,1.600,717,59.100
lp_s2,282,1000,0.000,410,43.400
lp_s2,283,1000,0.000,554,33.600
lp_s2,284,1000,0.000,410,37.500
lp_s2,285,1000,0.900,437,62.800
lp_s2,286,1000,0.400,882,28.200
lp_s2,287,1000,0.000,908,24.100
lp_s2,288,1000,0.000,410,45.100
lp_s2,289,1000,0.000,717,41.300
lp_s2,290,1000,0.000,239,17.400
lp_s2,291,1000,0.000,554,21.100
lp_s2,292,1000,0.100,717,30.300
lp_s2,293,1000,0.500,772,39.800
lp_s2,294,1000,0.600,772,40.100
lp_s2,295,1000,0.000,664,20.100
lp_s2,296,1000,0.000,664,33.600
lp_s2,297,1000,4.000,9,51.600
lp_s2,298,1000,0.700,717,65.900
lp_s2,299,1000,0.000,437,51.300
lp_s2,300,1000,0.000,908,17.400
lp_s2,301,1000,0.000,664,32.600
lp_s2,302,1000,0.000,437,53.400
lp_s2,303,1000,0.100,554,44.500
lp_s2,304,1000,0.000,554,33.000
lp_s2,305,1000,0.000,664,20.700
lp_s2,306,1000,0.200,410,51.400
lp_s2,307,1000,0.100,554,63.600
lp_s2,308,1000,0.000,810,26.200
lp_s2,309,1000,0.000,410,29.300
lp_s2,310,1000,0.000,410,39.800
lp_s2,311,1000,0.400,554,50.600
lp_s2,312,1000,0.200,717,57.200
lp_s2,313,1000,0.000,832,29.800
lp_s2,314,1000,0.000,410,49.000
lp_s2,315,1000,0.000,772,29.700
lp_s2,316,1000,4.600,717,34.100
lp_s2,317,1000,0.000,717,64.600
lp_s2,318,1000,0.000,832,32.100
lp_s2,319,1000,0.000,717,29.300
lp_s2,320,1000,11.400,437,71.900
lp_s2,321,1000,0.000,410,62.500
lp_s2,322,1000,0.100,882,19.400
lp_s2,323,1000,5.200,329,33.800
lp_s2,324,1000,0.000,410,25.400
lp_s2,325,1000,0.000,754,16.300
lp_s2,326,1000,0.000,149,18.900
lp_s2,327,1000,10.600,695,43.200
lp_s2,328,1000,0.000,78,24.900
lp_s2,329,1000,8.800,9,48.300
lp_s2,330,1000,0.000,249,27.300
lp_s2,331,1000,0.000,948,21.300
lp_s2,332,1000,0.000,935,26.000
lp_s2,333,1000,0.100,569,22.500
lp_s2,334,1000,0.000,717,41.500
lp_s2,335,1000,0.000,717,60.700
lp_s2,336,1000,0.000,717,24.200
lp_s2,337,1000,0.100,717,53.900
lp_s2,338,1000,0.100,356,55.600
lp_s2,339,1000,0.000,717,36.300
lp_s2,340,1000,0.000,664,21.200
lp_s2,341,1000,0.000,249,20.000
lp_s2,342,1000,0.000,935,22.400
lp_s2,343,1000,0.000,717,54.100
lp_s2,344,1000,0.000,664,16.600
lp_s2,345,1000,0.000,249,34.300
lp_s2,346,1000,0.000,410,59.900
lp_s2,347,1000,1.800,437,69.700
lp_s2,348,1000,0.900,717,60.200
lp_s2,349,1000,0.000,437,45.700
lp_s2,350,1000,0.000,410,72.600
lp_s2,351,1000,0.400,717,68.800
lp_s2,352,1000,0.000,191,27.700
lp_s2,353,1000,0.000,437,60.400
lp_s2,354,1000,0.000,149,12.100
lp_s2,355,1000,0.000,410,42.100
lp_s2,356,1000,70.900,717,54.800
lp_s2,357,1000,0.000,78,24.900
lp_s2,358,1000,0.000,320,24.700
lp_s2,359,1000,0.000,822,19.500
lp_s2,360,1000,0.200,594,31.600
lp_s2,361,1000,0.200,410,65.700
lp_s2,362,1000,0.000,461,15.100
lp_s2,363,1000,0.000,443,29.300
lp_s2,364,1000,0.000,717,59.600
lp_s2,365,1000,0.000,569,21.500
lp_s2,366,1000,0.000,745,14.300
lp_s2,367,1000,0.000,717,61.400
lp_s2,368,1000,1.100,717,46.200
lp_s2,369,1000,0.000,717,68.500
lp_s2,370,1000,0.000,627,24.800
lp_s2,371,1000,0.600,664,28.300
lp_s2,372,1000,0.000,410,25.400
lp_s2,373,1000,1.400,664,35.800
lp_s2,374,1000,1.600,410,64.700
lp_s2,375,1000,0.000,810,28.700
lp_s2,376,1000,0.000,249,21.200
lp_s2,377,1000,0.000,717,50.500
lp_s2,378,1000,0.000,410,61.800
lp_s2,379,1000,11.400,754,27.300
lp_s2,380,1000,0.000,554,20.600
lp_s2,381,1000,0.000,393,30.000
lp_s2,382,1000,0.000,191,67.600
lp_s2,383,1000,0.000,249,19.400
lp_s2,384,1000,1.500,594,36.600
lp_s2,385,1000,0.000,554,46.500
lp_s2,386,1000,0.000,437,34.600
lp_s2,387,1000,2.900,603,34.800
lp_s2,388,1000,15.200,412,28.900
lp_s2,389,1000,7.900,942,64.900
lp_s2,390,1000,0.500,410,65.300
lp_s2,391,1000,4.200,695,32.400
lp_s2,392,1000,0.000,320,30.400
lp_s2,393,1000,16.300,754,61.000
lp_s2,394,1000,0.000,211,24.600
lp_s2,395,1000,0.100,320,39.200
lp_s2,396,1000,0.000,717,62.400
lp_s2,397,1000,6.200,717,77.000
lp_s2,398,1000,0.000,410,29.800
lp_s2,399,1000,2.500,717,60.800
lp_s2,400,1000,0.000,437,43.100
lp_s2,401,1000,0.000,410,27.700
lp_s2,402,1000,4.000,745,36.900
lp_s2,403,1000,0.100,410,41.900
lp_s2,404,1000,0.000,554,25.500
lp_s2,405,1000,0.800,569,38.700
lp_s2,406,1000,0.000,249,28.400
lp_s2,407,1000,0.000,664,27.200
lp_s2,408,1000,0.000,717,38.400
lp_s2,409,1000,0.000,249,24.000
lp_s2,410,1000,56.900,717,73.900
lp_s2,411,1000,5.900,924,44.600
lp_s2,412,1000,8.900,655,40.500
lp_s2,413,1000,2.800,717,69.500
lp_s2,414,1000,0.000,745,21.700
lp_s2,415,1000,0.000,772,21.000
lp_s2,416,1000,1.100,191,35.400
lp_s2,417,1000,0.000,510,34.500
lp_s2,418,1000,3.600,239,23.600
lp_s2,419,1000,0.700,672,18.200
lp_s2,420,1000,0.100,664,29.000
lp_s2,421,1000,0.000,948,23.100
lp_s2,422,1000,0.500,437,69.400
lp_s2,423,1000,0.000,717,66.000
lp_s2,424,1000,0.500,717,67.900
lp_s2,425,1000,0.700,754,28.100
lp_s2,426,1000,0.000,356,58.000
lp_s2,427,1000,0.000,935,30.100
lp_s2,428,1000,0.500,717,62.200
lp_s2,429,1000,0.500,717,68.200
lp_s2,430,1000,6.400,249,37.500
lp_s2,431,1000,0.100,410,65.300
lp_s2,432,1000,0.000,717,44.000
lp_s2,433,1000,0.000,191,39.700
lp_s2,434,1000,0.000,594,20.900
lp_s2,435,1000,0.300,437,70.100
lp_s2,436,1000,0.000,410,53.300
lp_s2,437,1000,77.900,717,47.400
lp_s2,438,1000,0.000,717,47.600
lp_s2,439,1000,0.000,437,43.800
lp_s2,440,1000,0.000,410,72.600
lp_s2,441,1000,0.100,832,44.200
lp_s2,442,1000,0.000,717,54.400
lp_s2,443,1000,8.300,437,54.200
lp_s2,444,1000,0.000,410,59.900
lp_s2,445,1000,0.100,717,42.000
lp_s2,446,1000,18.500,942,55.600
lp_s2,447,1000,0.000,862,34.500
lp_s2,448,1000,0.000,772,28.400
lp_s2,449,1000,0.000,554,40.700
lp_s2,450,1000,0.600,410,55.200
lp_s2,451,1000,0.000,717,27.800
lp_s2,452,1000,0.000,948,24.600
lp_s2,453,1000,0.000,717,40.900
lp_s2,454,1000,0.400,822,25.400
lp_s2,455,1000,0.000,569,13.100
lp_s2,456,1000,0.000,664,18.000
lp_s2,457,1000,0.000,437,64.100
lp_s2,458,1000,0.000,717,58.100
lp_s2,459,1000,0.000,410,52.100
lp_s2,460,1000,3.000,717,61.800
lp_s2,461,1000,2.100,908,35.900
lp_s2,462,1000,0.100,948,36.200
lp_s2,463,1000,0.000,410,34.900
lp_s2,464,1000,0.000,410,47.600
lp_s2,465,1000,0.000,410,53.200
lp_s2,466,1000,0.200,717,59.100
lp_s2,467,1000,0.000,191,55.600
lp_s2,468,1000,0.000,554,20.900
lp_s2,469,1000,0.000,717,60.600
lp_s2,470,1000,0.000,320,34.300
lp_s2,471,1000,0.000,410,31.900
lp_s2,472,1000,0.100,594,22.700
lp_s2,473,1000,0.000,410,37.800
lp_s2,474,1000,0.000,410,39.600
lp_s2,475,1000,0.000,249,28.600
lp_s2,476,1000,0.000,410,47.200
lp_s2,477,1000,0.000,717,52.700
lp_s2,478,1000,0.100,717,65.000
lp_s2,479,1000,0.000,437,46.300
lp_s2,480,1000,0.000,410,64.900
lp_s2,481,1000,2.100,717,55.500
lp_s2,482,1000,0.000,717,49.800
lp_s2,483,1000,0.000,772,39.100
lp_s2,484,1000,0.000,249,34.500
lp_s2,485,1000,0.000,561,23.100
lp_s2,486,1000,0.000,569,26.900
lp_s2,487,1000,0.000,908,14.700
lp_s2,488,1000,8.900,554,26.800
lp_s2,489,1000,0.000,410,46.300
lp_s2,490,1000,3.500,772,22.500
lp_s2,491,1000,0.000,754,38.500
lp_s2,492,1000,0.800,664,34.200
lp_s2,493,1000,0.000,191,31.700
lp_s2,494,1000,0.000,717,52.600
lp_s2,495,1000,1.200,664,42.000
lp_s2,496,1000,0.800,239,25.600
lp_s2,497,1000,0.000,717,40.100
lp_s2,498,1000,0.000,437,53.000
lp_s2,499,1000,0.000,320,27.500
lp_s2,500,1000,0.000,717,45.000
lp_s2,501,1000,0.100,410,51.000
lp_s2,502,1000,0.000,717,40.500
lp_s2,503,1000,0.000,717,47.800
lp_s2,504,1000,0.000,410,39.600
lp_s2,505,1000,8.800,443,41.000
lp_s2,506,1000,0.000,664,33.800
lp_s2,507,1000,0.000,717,32.300
lp_s2,508,1000,0.000,627,21.100
lp_s2,509,1000,0.100,410,65.700
lp_s2,510,1000,0.700,717,62.000
lp_s2,511,1000,0.000,960,16.900
lp_s2,512,1000,0.000,437,32.200
lp_s2,513,1000,0.000,437,40.600
lp_s2,514,1000,0.000,410,55.200
lp_s2,515,1000,0.800,249,50.000
lp_s2,516,1000,0.000,717,51.600
lp_s2,517,1000,0.100,554,40.300
lp_s2,518,1000,0.900,356,42.700
lp_s2,519,1000,5.900,717,66.200
lp_s2,520,1000,0.100,717,50.100
lp_s2,521,1000,0.000,664,21.000
lp_s2,522,1000,27.300,78,43.300
lp_s2,523,1000,0.000,410,63.700
lp_s2,524,1000,0.000,437,29.200
lp_s2,525,1000,0.000,410,71.800
lp_s2,526,1000,0.100,437,60.800
lp_s2,527,1000,0.400,717,54.800
lp_s2,528,1000,0.000,908,31.300
lp_s2,529,1000,0.000,717,43.400
lp_s2,530,1000,0.000,664,36.000
lp_s2,531,1000,0.000,717,52.400
lp_s2,532,1000,0.000,616,21.200
lp_s2,533,1000,0.000,717,55.900
lp_s2,534,1000,0.100,191,72.500
lp_s2,535,1000,0.000,569,16.400
lp_s2,536,1000,0.000,410,69.400
lp_s2,537,1000,0.400,664,39.900
lp_s2,538,1000,6.600,410,69.100
lp_s2,539,1000,0.000,554,23.900
lp_s2,540,1000,0.200,410,52.200
lp_s2,541,1000,0.000,717,46.300
lp_s2,542,1000,0.000,717,46.400
lp_s2,543,1000,4.800,604,28.600
lp_s2,544,1000,1.600,717,43.000
lp_s2,545,1000,0.000,437,35.400
lp_s2,546,1000,0.800,772,39.900
lp_s2,547,1000,0.000,664,28.600
lp_s2,548,1000,0.000,799,15.600
lp_s2,549,1000,0.200,446,46.000
lp_s2,550,1000,0.000,672,20.100
lp_s2,551,1000,0.000,627,23.000
lp_s2,552,1000,0.500,356,60.000
lp_s2,553,1000,0.100,437,54.800
lp_s2,554,1000,0.600,191,76.200
lp_s2,555,1000,0.000,717,40.800
lp_s2,556,1000,5.800,832,39.900
lp_s2,557,1000,0.000,277,20.900
lp_s2,558,1000,0.000,616,15.700
lp_s2,559,1000,0.000,664,30.100
lp_s2,560,1000,0.100,664,21.900
lp_s2,561,1000,10.300,356,44.300
lp_s2,562,1000,10.700,9,30.900
lp_s2,563,1000,0.100,772,28.800
lp_s2,564,1000,0.100,717,39.000
lp_s2,565,1000,0.000,443,37.800
lp_s2,566,1000,0.000,410,49.500
lp_s2,567,1000,0.000,616,15.500
lp_s2,568,1000,0.000,78,43.000
lp_s2,569,1000,11.800,594,34.300
lp_s2,570,1000,0.700,148,48.600
lp_s2,571,1000,0.000,717,36.100
lp_s2,572,1000,0.400,754,37.200
lp_s2,573,1000,0.000,554,35.300
lp_s2,574,1000,0.100,410,64.400
lp_s2,575,1000,0.000,717,54.400
lp_s2,576,1000,6.300,78,39.800
lp_s2,577,1000,0.600,717,54.600
lp_s2,578,1000,0.000,410,31.600
lp_s2,579,1000,1.900,754,32.300
lp_s2,580,1000,0.000,664,19.000
lp_s2,581,1000,0.000,191,37.900
lp_s2,582,1000,0.000,754,22.500
lp_s2,583,1000,0.000,664,15.800
lp_s2,584,1000,0.000,908,30.700
lp_s2,585,1000,0.000,772,28.800
lp_s2,586,1000,0.400,717,52.600
lp_s2,587,1000,0.600,664,36.500
lp_s2,588,1000,0.000,249,35.400
lp_s2,589,1000,0.000,664,23.100
lp_s2,590,1000,0.000,627,25.600
lp_s2,591,1000,0.000,488,14.200
lp_s2,592,1000,3.400,249,31.500
lp_s2,593,1000,1.300,356,56.500
lp_s2,594,1000,5.100,410,43.100
lp_s2,595,1000,0.000,191,30.200
lp_s2,596,1000,0.000,717,58.900
lp_s2,597,1000,0.000,717,53.500
lp_s2,598,1000,0.000,717,66.800
lp_s2,599,1000,8.400,78,45.900
lp_s2,600,1000,0.000,410,38.800
lp_s2,601,1000,0.000,664,35.100
lp_s2,602,1000,0.000,249,31.800
lp_s2,603,1000,10.800,627,43.800
lp_s2,604,1000,8.100,410,59.100
lp_s2,605,1000,0.000,576,22.000
lp_s2,606,1000,0.000,410,36.000
lp_s2,607,1000,0.000,554,16.400
lp_s2,608,1000,1.300,908,42.500
lp_s2,609,1000,0.500,569,36.900
lp_s2,610,1000,0.000,149,14.600
lp_s2,611,1000,0.100,320,28.800
lp_s2,612,1000,0.000,554,30.800
lp_s2,613,1000,0.000,772,31.000
lp_s2,614,1000,0.300,320,28.300
lp_s2,615,1000,3.500,437,58.100
lp_s2,616,1000,2.500,31,35.100
lp_s2,617,1000,0.000,410,37.300
lp_s2,618,1000,0.000,664,23.000
lp_s2,619,1000,0.000,948,39.100
lp_s2,620,1000,0.000,717,45.700
lp_s2,621,1000,0.000,554,35.400
lp_s2,622,1000,0.200,437,53.500
lp_s2,623,1000,0.000,320,20.400
lp_s2,624,1000,0.000,410,50.500
lp_s2,625,1000,0.000,717,49.900
lp_s2,626,1000,0.000,687,15.300
lp_s2,627,1000,15.000,320,39.500
lp_s2,628,1000,0.100,717,62.100
lp_s2,629,1000,0.000,191,47.600
lp_s2,630,1000,0.000,78,40.200
lp_s2,631,1000,7.900,717,38.900
lp_s2,632,1000,13.200,754,40.600
lp_s2,633,1000,1.700,717,35.900
lp_s2,634,1000,0.000,717,53.500
lp_s2,635,1000,0.100,410,50.800
lp_s2,636,1000,0.200,191,31.700
lp_s2,637,1000,0.000,960,20.100
lp_s2,638,1000,0.000,664,34.000
lp_s2,639,1000,0.400,410,41.300
lp_s2,640,1000,0.100,664,33.300
lp_s2,641,1000,0.000,717,42.200
lp_s2,642,1000,2.000,437,71.700
lp_s2,643,1000,0.000,717,48.400
lp_s2,644,1000,0.100,832,34.300
lp_s2,645,1000,0.100,702,31.700
lp_s2,646,1000,0.100,410,63.100
lp_s2,647,1000,0.000,191,51.900
lp_s2,648,1000,6.000,446,83.400
lp_s2,649,1000,0.000,832,27.800
lp_s2,650,1000,0.000,717,48.000
lp_s2,651,1000,0.000,664,29.000
lp_s2,652,1000,0.000,191,64.300
lp_s2,653,1000,0.000,191,47.100
lp_s2,654,1000,2.600,437,69.900
lp_s2,655,1000,11.400,754,28.100
lp_s2,656,1000,1.600,249,37.000
lp_s2,657,1000,0.000,745,30.600
lp_s2,658,1000,0.000,249,26.400
lp_s2,659,1000,0.000,78,31.700
lp_s2,660,1000,2.200,717,64.900
lp_s2,661,1000,0.000,717,58.900
lp_s2,662,1000,0.000,554,41.800
lp_s2,663,1000,0.100,627,35.200
lp_s2,664,1000,9.200,717,64.400
lp_s2,665,1000,0.000,437,58.900
lp_s2,666,1000,0.000,191,46.600
lp_s2,667,1000,0.000,832,40.900
lp_s2,668,1000,0.000,832,34.200
lp_s2,669,1000,0.000,249,35.300
lp_s2,670,1000,0.000,810,23.300
lp_s2,671,1000,0.000,78,29.400
lp_s2,672,1000,0.900,410,39.000
lp_s2,673,1000,0.000,410,54.500
lp_s2,674,1000,0.000,249,22.200
lp_s2,675,1000,0.000,249,15.300
lp_s2,676,1000,0.000,78,32.400
lp_s2,677,1000,0.000,616,18.800
lp_s2,678,1000,0.000,249,43.200
lp_s2,679,1000,0.000,388,24.300
lp_s2,680,1000,0.000,554,41.600
lp_s2,681,1000,0.300,554,38.100
lp_s2,682,1000,0.000,772,30.200
lp_s2,683,1000,0.400,410,60.500
lp_s2,684,1000,0.100,717,65.200
lp_s2,685,1000,0.000,410,57.800
lp_s2,686,1000,1.800,410,68.000
lp_s2,687,1000,5.400,554,29.400
lp_s2,688,1000,0.000,717,56.200
lp_s2,689,1000,0.000,410,68.400
lp_s2,690,1000,0.000,810,23.700
lp_s2,691,1000,0.200,717,66.200
lp_s2,692,1000,0.800,437,64.600
lp_s2,693,1000,0.000,554,47.700
lp_s2,694,1000,0.100,410,61.600
lp_s2,695,1000,8.000,754,49.100
lp_s2,696,1000,0.000,717,54.400
lp_s2,697,1000,0.000,410,71.300
lp_s2,698,1000,0.000,664,31.100
lp_s2,699,1000,0.000,569,13.100
lp_s2,700,1000,0.000,799,22.800
lp_s2,701,1000,0.000,569,29.400
lp_s2,702,1000,1.500,717,65.200
lp_s2,703,1000,0.000,191,39.700
lp_s2,704,1000,0.000,810,22.800
lp_s2,705,1000,0.000,832,34.600
lp_s2,706,1000,0.000,410,45.500
lp_s2,707,1000,1.600,717,51.900
lp_s2,708,1000,0.600,717,62.400
lp_s2,709,1000,0.100,554,22.500
lp_s2,710,1000,0.000,249,29.800
lp_s2,711,1000,0.000,410,68.600
lp_s2,712,1000,1.800,437,56.300
lp_s2,713,1000,0.000,410,45.100
lp_s2,714,1000,0.000,594,19.300
lp_s2,715,1000,4.300,356,58.000
lp_s2,716,1000,0.000,664,13.800
lp_s2,717,1000,74.200,437,55.900
lp_s2,718,1000,1.100,745,34.500
lp_s2,719,1000,0.000,410,31.700
lp_s2,720,1000,0.000,437,66.300
lp_s2,721,1000,0.000,772,19.400
lp_s2,722,1000,0.100,443,17.700
lp_s2,723,1000,0.400,410,39.400
lp_s2,724,1000,0.400,249,46.000
lp_s2,725,1000,0.000,410,62.800
lp_s2,726,1000,0.000,717,32.800
lp_s2,727,1000,0.000,437,68.900
lp_s2,728,1000,0.000,832,37.500
lp_s2,729,1000,0.000,410,51.200
lp_s2,730,1000,0.000,554,47.000
lp_s2,731,1000,2.200,437,66.300
lp_s2,732,1000,0.000,627,29.300
lp_s2,733,1000,0.000,664,25.000
lp_s2,734,1000,0.000,554,31.600
lp_s2,735,1000,1.200,717,45.800
lp_s2,736,1000,0.000,717,47.900
lp_s2,737,1000,0.000,961,14.600
lp_s2,738,1000,0.500,410,54.200
lp_s2,739,1000,0.500,687,24.200
lp_s2,740,1000,0.000,356,56.800
lp_s2,741,1000,0.000,410,55.200
lp_s2,742,1000,0.000,717,42.800
lp_s2,743,1000,0.100,664,31.800
lp_s2,744,1000,0.000,554,41.600
lp_s2,745,1000,19.400,249,40.800
lp_s2,746,1000,3.500,249,49.700
lp_s2,747,1000,0.000,249,13.200
lp_s2,748,1000,0.100,717,38.600
lp_s2,749,1000,0.000,320,38.600
lp_s2,750,1000,0.100,437,57.500
lp_s2,751,1000,0.100,410,69.000
lp_s2,752,1000,0.000,908,30.300
lp_s2,753,1000,0.000,78,36.800
lp_s2,754,1000,38.300,522,39.100
lp_s2,755,1000,0.100,554,33.900
lp_s2,756,1000,4.000,717,44.400
lp_s2,757,1000,2.000,931,38.600
lp_s2,758,1000,0.300,191,41.100
lp_s2,759,1000,0.000,191,37.700
lp_s2,760,1000,0.000,664,18.400
lp_s2,761,1000,0.000,554,37.700
lp_s2,762,1000,0.200,664,39.200
lp_s2,763,1000,1.000,717,59.500
lp_s2,764,1000,0.100,717,45.400
lp_s2,765,1000,0.100,410,44.800
lp_s2,766,1000,1.000,664,35.000
lp_s2,767,1000,0.000,935,13.500
lp_s2,768,1000,10.500,562,50.300
lp_s2,769,1000,0.000,717,52.800
lp_s2,770,1000,0.000,717,37.500
lp_s2,771,1000,0.000,410,28.000
lp_s2,772,1000,2.200,410,70.800
lp_s2,773,1000,0.000,437,70.000
lp_s2,774,1000,1.200,717,53.600
lp_s2,775,1000,0.000,717,22.300
lp_s2,776,1000,0.100,664,29.400
lp_s2,777,1000,6.600,717,69.400
lp_s2,778,1000,2.300,717,37.300
lp_s2,779,1000,0.000,717,57.300
lp_s2,780,1000,0.000,717,54.600
lp_s2,781,1000,0.000,443,25.500
lp_s2,782,1000,0.000,410,69.400
lp_s2,783,1000,0.100,745,32.100
lp_s2,784,1000,0.200,717,47.500
lp_s2,785,1000,0.000,799,17.500
lp_s2,786,1000,0.000,149,21.000
lp_s2,787,1000,0.000,609,19.200
lp_s2,788,1000,0.000,249,18.900
lp_s2,789,1000,0.000,948,27.800
lp_s2,790,1000,0.000,664,21.500
lp_s2,791,1000,0.000,320,28.600
lp_s2,792,1000,0.000,627,31.400
lp_s2,793,1000,1.700,717,38.700
lp_s2,794,1000,0.100,410,70.200
lp_s2,795,1000,0.100,191,51.100
lp_s2,796,1000,0.100,717,62.800
lp_s2,797,1000,0.000,832,23.100
lp_s2,798,1000,0.100,832,43.400
lp_s2,799,1000,10.100,443,41.400
lp_s2,800,1000,0.000,717,43.200
lp_s2,801,1000,0.000,437,59.100
lp_s2,802,1000,0.000,410,68.500
lp_s2,803,1000,0.000,410,68.400
lp_s2,804,1000,0.000,320,35.000
lp_s2,805,1000,0.100,717,53.500
lp_s2,806,1000,0.000,410,45.700
lp_s2,807,1000,0.000,410,30.300
lp_s2,808,1000,0.000,569,28.000
lp_s2,809,1000,0.000,745,22.600
lp_s2,810,1000,9.400,908,44.300
lp_s2,811,1000,0.000,745,20.100
lp_s2,812,1000,0.000,149,20.800
lp_s2,813,1000,1.900,556,21.000
lp_s2,814,1000,0.400,410,49.800
lp_s2,815,1000,0.000,664,26.000
lp_s2,816,1000,20.500,412,33.300
lp_s2,817,1000,0.000,410,58.900
lp_s2,818,1000,0.000,410,23.100
lp_s2,819,1000,0.000,554,33.600
lp_s2,820,1000,0.000,717,62.900
lp_s2,821,1000,0.000,410,47.600
lp_s2,822,1000,11.700,249,36.400
lp_s2,823,1000,8.300,603,37.600
lp_s2,824,1000,0.800,717,67.800
lp_s2,825,1000,0.000,717,42.000
lp_s2,826,1000,2.200,356,59.700
lp_s2,827,1000,0.000,717,49.000
lp_s2,828,1000,4.200,717,42.000
lp_s2,829,1000,0.000,664,33.100
lp_s2,830,1000,0.000,935,34.000
lp_s2,831,1000,2.600,594,24.500
lp_s2,832,1000,47.000,437,71.600
lp_s2,833,1000,0.000,627,22.800
lp_s2,834,1000,0.000,717,39.200
lp_s2,835,1000,0.000,554,24.700
lp_s2,836,1000,0.000,554,28.700
lp_s2,837,1000,0.000,316,18.600
lp_s2,838,1000,0.200,664,42.400
lp_s2,839,1000,0.000,664,21.600
lp_s2,840,1000,0.000,410,43.200
lp_s2,841,1000,0.000,410,53.400
lp_s2,842,1000,0.000,627,25.900
lp_s2,843,1000,0.000,410,66.000
lp_s2,844,1000,0.000,191,46.900
lp_s2,845,1000,0.000,522,22.000
lp_s2,846,1000,0.000,249,21.900
lp_s2,847,1000,0.000,935,21.500
lp_s2,848,1000,0.000,717,29.300
lp_s2,849,1000,0.000,717,59.300
lp_s2,850,1000,0.100,410,53.300
lp_s2,851,1000,0.000,249,32.500
lp_s2,852,1000,0.000,410,59.100
lp_s2,853,1000,0.000,437,46.500
lp_s2,854,1000,1.500,664,29.500
lp_s2,855,1000,3.000,717,49.600
lp_s2,856,1000,0.000,249,26.900
lp_s2,857,1000,3.000,594,31.500
lp_s2,858,1000,0.000,664,33.200
lp_s2,859,1000,0.600,717,54.500
lp_s2,860,1000,0.200,603,26.500
lp_s2,861,1000,0.200,717,51.700
lp_s2,862,1000,3.600,717,62.000
lp_s2,863,1000,0.000,717,53.900
lp_s2,864,1000,0.500,594,33.700
lp_s2,865,1000,0.000,569,25.200
lp_s2,866,1000,0.100,832,37.600
lp_s2,867,1000,0.000,410,52.800
lp_s2,868,1000,0.000,745,22.100
lp_s2,869,1000,0.300,522,40.700
lp_s2,870,1000,13.000,823,25.000
lp_s2,871,1000,0.200,717,63.400
lp_s2,872,1000,0.000,717,26.400
lp_s2,873,1000,0.000,569,20.200
lp_s2,874,1000,0.000,410,56.600
lp_s2,875,1000,0.700,437,61.100
lp_s2,876,1000,0.000,191,45.800
lp_s2,877,1000,0.000,410,34.400
lp_s2,878,1000,0.000,437,59.600
lp_s2,879,1000,0.000,717,64.400
lp_s2,880,1000,0.400,832,46.600
lp_s2,881,1000,0.000,191,26.600
lp_s2,882,1000,2.900,664,41.000
lp_s2,883,1000,0.000,554,25.000
lp_s2,884,1000,0.100,410,69.600
lp_s2,885,1000,3.100,412,29.300
lp_s2,886,1000,0.000,410,61.100
lp_s2,887,1000,0.000,149,14.800
lp_s2,888,1000,0.200,569,18.700
lp_s2,889,1000,0.000,717,53.800
lp_s2,890,1000,0.000,569,23.700
lp_s2,891,1000,0.000,717,41.700
lp_s2,892,1000,0.000,664,24.500
lp_s2,893,1000,0.100,664,39.300
lp_s2,894,1000,0.000,554,29.300
lp_s2,895,1000,0.600,717,44.700
lp_s2,896,1000,0.000,410,41.400
lp_s2,897,1000,2.800,717,65.300
lp_s2,898,1000,4.900,604,32.900
lp_s2,899,1000,0.000,717,59.500
lp_s2,900,1000,0.000,935,17.600
lp_s2,901,1000,0.000,717,38.200
lp_s2,902,1000,0.100,356,56.500
lp_s2,903,1000,0.000,664,22.700
lp_s2,904,1000,0.100,410,58.600
lp_s2,905,1000,55.800,437,63.300
lp_s2,906,1000,0.100,717,54.000
lp_s2,907,1000,11.400,522,28.000
lp_s2,908,1000,20.300,249,35.800
lp_s2,909,1000,1.400,772,23.700
lp_s2,910,1000,0.000,320,24.600
lp_s2,911,1000,0.000,717,56.800
lp_s2,912,1000,0.000,664,32.500
lp_s2,913,1000,0.100,717,60.700
lp_s2,914,1000,0.000,717,57.200
lp_s2,915,1000,0.000,832,31.700
lp_s2,916,1000,0.000,410,39.800
lp_s2,917,1000,14.800,717,69.600
lp_s2,918,1000,0.000,569,24.000
lp_s2,919,1000,0.000,935,27.100
lp_s2,920,1000,5.400,78,41.000
lp_s2,921,1000,0.200,772,42.100
lp_s2,922,1000,0.000,249,21.300
lp_s2,923,1000,0.000,410,39.600
lp_s2,924,1000,30.700,562,23.300
lp_s2,925,1000,0.000,410,43.500
lp_s2,926,1000,0.900,655,26.900
lp_s2,927,1000,0.000,554,26.800
lp_s2,928,1000,0.000,656,23.300
lp_s2,929,1000,0.000,627,15.800
lp_s2,930,1000,0.000,410,37.900
lp_s2,931,1000,23.800,717,62.500
lp_s2,932,1000,0.000,249,25.300
lp_s2,933,1000,0.000,717,34.200
lp_s2,934,1000,0.700,320,42.400
lp_s2,935,1000,7.100,717,43.400
lp_s2,936,1000,0.000,664,39.400
lp_s2,937,1000,1.200,717,48.800
lp_s2,938,1000,0.000,664,18.000
lp_s2,939,1000,0.000,554,35.400
lp_s2,940,1000,1.400,627,40.800
lp_s2,941,1000,0.000,717,36.300
lp_s2,942,1000,32.700,695,30.800
lp_s2,943,1000,0.100,410,37.200
lp_s2,944,1000,0.000,948,34.200
lp_s2,945,1000,0.000,554,26.700
lp_s2,946,1000,0.000,249,41.100
lp_s2,947,1000,0.000,702,31.600
lp_s2,948,1000,2.100,717,67.400
lp_s2,949,1000,0.000,569,17.600
lp_s2,950,1000,0.000,410,49.500
lp_s2,951,1000,0.100,410,42.600
lp_s2,952,1000,0.000,664,28.500
lp_s2,953,1000,0.000,664,17.700
lp_s2,954,1000,0.000,78,18.400
lp_s2,955,1000,0.000,191,31.900
lp_s2,956,1000,0.000,410,47.000
lp_s2,957,1000,0.000,410,32.800
lp_s2,958,1000,0.000,799,23.200
lp_s2,959,1000,0.000,410,49.200
lp_s2,960,1000,1.200,569,37.900
lp_s2,961,1000,5.800,554,46.700
lp_s2,962,1000,0.200,410,33.100
lp_s2,963,1000,0.000,410,56.100
lp_s2,964,1000,0.000,410,58.900
lp_s2,965,1000,0.000,935,24.300
lp_s2,966,1000,0.000,627,29.600
lp_s2,967,1000,0.000,695,18.500
lp_s2,968,1000,0.100,410,30.900
lp_s2,969,1000,0.100,410,73.100
lp_s2,970,1000,4.900,437,64.600
lp_s2,971,1000,0.000,410,71.900
lp_s2,972,1000,0.100,356,39.600
lp_s2,973,1000,0.000,191,40.200
lp_s2,974,1000,0.800,717,61.000
lp_s2,975,1000,0.000,664,20.700
lp_s2,976,1000,0.200,664,26.600
lp_s2,977,1000,0.000,569,14.800
lp_s2,978,1000,0.100,664,29.700
lp_s2,979,1000,0.000,410,34.100
lp_s2,980,1000,0.000,935,16.000
lp_s2,981,1000,0.000,554,14.900
lp_s2,982,1000,0.000,410,48.800
lp_s2,983,1000,0.000,664,33.700
lp_s2,984,1000,0.000,569,17.400
lp_s2,985,1000,0.000,664,22.500
lp_s2,986,1000,2.000,66,33.700
lp_s2,987,1000,0.200,554,34.800
lp_s2,988,1000,0.000,410,26.200
lp_s2,989,1000,0.000,935,30.700
lp_s2,990,1000,0.000,249,32.300
lp_s2,991,1000,0.000,717,30.600
lp_s2,992,1000,0.100,627,29.300
lp_s2,993,1000,0.000,717,40.800
lp_s2,994,1000,0.000,437,57.300
lp_s2,995,1000,0.800,142,38.500
lp_s2,996,1000,0.000,410,43.600
lp_s2,997,1000,0.000,569,19.200
lp_s2,998,1000,0.000,410,49.300
lp_s2,999,1000,1.400,664,39.200
lp_s2,1000,1000,2.300,594,35.700
lp_nl,1,1000,0.000,191,67.100
lp_nl,2,1000,0.000,410,63.100
lp_nl,3,1000,0.000,437,54.800
lp_nl,4,1000,0.000,437,70.000
lp_nl,5,1000,0.000,191,86.900
lp_nl,6,1000,0.000,410,66.900
lp_nl,7,1000,0.000,437,43.500
lp_nl,8,1000,0.000,717,58.100
lp_nl,9,1000,28.300,412,40.400
lp_nl,10,1000,0.000,148,46.200
lp_nl,11,1000,0.000,717,78.500
lp_nl,12,1000,0.000,430,24.200
lp_nl,13,1000,0.300,603,36.300
lp_nl,14,1000,0.000,772,56.600
lp_nl,15,1000,0.000,554,54.000
lp_nl,16,1000,0.000,717,67.400
lp_nl,17,1000,0.000,717,56.100
lp_nl,18,1000,1.900,556,54.900
lp_nl,19,1000,0.000,717,53.200
lp_nl,20,1000,0.000,554,56.900
lp_nl,21,1000,0.000,664,37.400
lp_nl,22,1000,0.000,717,46.900
lp_nl,23,1000,0.000,410,79.900
lp_nl,24,1000,0.000,191,67.300
lp_nl,25,1000,0.000,554,38.000
lp_nl,26,1000,0.000,556,52.600
lp_nl,27,1000,0.000,437,68.100
lp_nl,28,1000,0.100,191,65.100
lp_nl,29,1000,0.000,139,32.900
lp_nl,30,1000,0.000,410,76.000
lp_nl,31,1000,0.400,717,66.800
lp_nl,32,1000,4.300,437,92.300
lp_nl,33,1000,0.100,410,46.800
lp_nl,34,1000,0.000,948,28.800
lp_nl,35,1000,0.000,832,50.500
lp_nl,36,1000,2.400,437,89.400
lp_nl,37,1000,0.000,717,56.100
lp_nl,38,1000,0.000,556,22.200
lp_nl,39,1000,0.000,142,54.100
lp_nl,40,1000,0.300,437,62.300
lp_nl,41,1000,0.000,430,30.700
lp_nl,42,1000,0.000,615,54.000
lp_nl,43,1000,0.000,754,50.800
lp_nl,44,1000,0.300,437,69.400
lp_nl,45,1000,0.000,437,44.300
lp_nl,46,1000,0.000,402,22.000
lp_nl,47,1000,0.200,717,71.500
lp_nl,48,1000,6.400,412,27.800
lp_nl,49,1000,0.700,816,34.000
lp_nl,50,1000,0.000,717,62.800
lp_nl,51,1000,1.700,754,56.200
lp_nl,52,1000,0.000,908,20.700
lp_nl,53,1000,0.000,772,56.100
lp_nl,54,1000,0.000,437,67.800
lp_nl,55,1000,0.000,554,39.300
lp_nl,56,1000,0.000,655,24.500
lp_nl,57,1000,0.000,437,78.400
lp_nl,58,1000,1.400,810,50.200
lp_nl,59,1000,0.000,554,68.700
lp_nl,60,1000,0.000,249,30.300
lp_nl,61,1000,0.000,437,69.200
lp_nl,62,1000,0.200,832,54.700
lp_nl,63,1000,0.000,554,32.800
lp_nl,64,1000,0.000,554,58.200
lp_nl,65,1000,1.000,754,32.800
lp_nl,66,1000,0.400,437,65.000
lp_nl,67,1000,0.000,410,74.600
lp_nl,68,1000,0.100,437,65.700
lp_nl,69,1000,0.000,437,48.900
lp_nl,70,1000,0.000,717,76.900
lp_nl,71,1000,1.400,78,34.300
lp_nl,72,1000,0.000,410,65.500
lp_nl,73,1000,0.000,717,54.300
lp_nl,74,1000,0.000,556,61.100
lp_nl,75,1000,0.000,31,51.400
lp_nl,76,1000,0.000,410,65.400
lp_nl,77,1000,0.000,554,57.100
lp_nl,78,1000,8.900,437,71.100
lp_nl,79,1000,0.000,191,56.400
lp_nl,80,1000,0.000,393,31.900
lp_nl,81,1000,0.000,437,61.700
lp_nl,82,1000,0.000,410,83.600
lp_nl,83,1000,0.000,437,35.300
lp_nl,84,1000,0.000,664,42.800
lp_nl,85,1000,0.400,745,37.800
lp_nl,86,1000,0.400,140,20.000
lp_nl,87,1000,0.000,410,72.600
lp_nl,88,1000,0.000,908,28.900
lp_nl,89,1000,0.000,149,24.000
lp_nl,90,1000,0.000,554,40.500
lp_nl,91,1000,0.000,437,74.500
lp_nl,92,1000,0.000,410,44.500
lp_nl,93,1000,0.000,554,38.300
lp_nl,94,1000,0.000,717,67.900
lp_nl,95,1000,0.000,393,43.200
lp_nl,96,1000,0.000,908,22.800
lp_nl,97,1000,0.000,410,65.900
lp_nl,98,1000,0.100,249,29.900
lp_nl,99,1000,0.000,191,58.400
lp_nl,100,1000,0.000,437,76.900
lp_nl,101,1000,4.500,615,50.300
lp_nl,102,1000,0.200,717,72.100
lp_nl,103,1000,0.000,410,79.000
lp_nl,104,1000,0.000,554,50.500
lp_nl,105,1000,0.100,437,58.700
lp_nl,106,1000,0.200,717,67.200
lp_nl,107,1000,0.000,437,72.500
lp_nl,108,1000,0.300,717,61.100
lp_nl,109,1000,0.000,717,51.000
lp_nl,110,1000,0.000,410,44.500
lp_nl,111,1000,0.000,554,61.200
lp_nl,112,1000,0.000,717,69.500
lp_nl,113,1000,0.000,615,40.200
lp_nl,114,1000,0.000,149,19.700
lp_nl,115,1000,0.000,249,23.700
lp_nl,116,1000,0.000,191,51.000
lp_nl,117,1000,0.000,717,68.500
lp_nl,118,1000,0.000,717,71.000
lp_nl,119,1000,0.000,393,23.700
lp_nl,120,1000,0.000,717,64.000
lp_nl,121,1000,0.000,437,70.700
lp_nl,122,1000,0.000,554,59.700
lp_nl,123,1000,0.000,576,35.200
lp_nl,124,1000,0.000,191,60.500
lp_nl,125,1000,0.000,437,70.100
lp_nl,126,1000,0.000,717,59.100
lp_nl,127,1000,0.000,410,79.700
lp_nl,128,1000,0.100,717,40.700
lp_nl,129,1000,0.000,948,26.400
lp_nl,130,1000,0.000,402,24.200
lp_nl,131,1000,0.000,437,45.900
lp_nl,132,1000,0.000,554,49.300
lp_nl,133,1000,2.000,437,48.200
lp_nl,134,1000,0.000,191,95.700
lp_nl,135,1000,0.000,437,58.800
lp_nl,136,1000,0.000,437,73.900
lp_nl,137,1000,0.000,862,35.200
lp_nl,138,1000,0.000,554,37.800
lp_nl,139,1000,0.000,191,84.600
lp_nl,140,1000,4.200,9,41.100
lp_nl,141,1000,0.000,410,55.000
lp_nl,142,1000,8.300,437,64.600
lp_nl,143,1000,0.000,554,59.800
lp_nl,144,1000,0.000,410,58.100
lp_nl,145,1000,0.000,717,64.500
lp_nl,146,1000,0.000,31,50.800
lp_nl,147,1000,0.000,437,74.500
lp_nl,148,1000,9.800,717,76.700
lp_nl,149,1000,3.400,410,64.700
lp_nl,150,1000,0.000,410,78.400
lp_nl,151,1000,0.000,437,49.000
lp_nl,152,1000,0.000,437,61.000
lp_nl,153,1000,0.100,139,31.000
lp_nl,154,1000,0.000,754,22.700
lp_nl,155,1000,6.000,556,53.800
lp_nl,156,1000,0.000,717,75.300
lp_nl,157,1000,0.000,437,74.600
lp_nl,158,1000,0.000,614,26.100
lp_nl,159,1000,0.000,249,49.800
lp_nl,160,1000,0.000,554,44.300
lp_nl,161,1000,0.100,437,67.000
lp_nl,162,1000,0.000,410,77.300
lp_nl,163,1000,0.000,664,26.400
lp_nl,164,1000,0.000,554,47.100
lp_nl,165,1000,0.000,191,69.100
lp_nl,166,1000,0.000,437,69.600
lp_nl,167,1000,0.000,908,25.300
lp_nl,168,1000,0.000,799,33.000
lp_nl,169,1000,0.000,191,58.100
lp_nl,170,1000,0.100,437,53.900
lp_nl,171,1000,0.000,410,66.700
lp_nl,172,1000,0.400,437,83.800
lp_nl,173,1000,0.500,437,85.200
lp_nl,174,1000,0.000,31,50.400
lp_nl,175,1000,0.000,522,25.300
lp_nl,176,1000,0.000,437,46.600
lp_nl,177,1000,0.000,410,57.200
lp_nl,178,1000,0.000,556,35.300
lp_nl,179,1000,0.000,832,54.200
lp_nl,180,1000,0.000,437,53.900
lp_nl,181,1000,0.000,410,48.700
lp_nl,182,1000,0.200,717,74.200
lp_nl,183,1000,1.700,437,89.500
lp_nl,184,1000,0.000,402,24.000
lp_nl,185,1000,0.000,191,89.000
lp_nl,186,1000,0.000,410,86.000
lp_nl,187,1000,0.000,717,53.500
lp_nl,188,1000,0.000,556,36.900
lp_nl,189,1000,0.000,702,31.700
lp_nl,190,1000,0.000,772,47.700
lp_nl,191,1000,91.600,437,20.300
lp_nl,192,1000,0.400,249,28.900
lp_nl,193,1000,0.000,615,49.200
lp_nl,194,1000,0.000,410,80.600
lp_nl,195,1000,0.000,410,56.000
lp_nl,196,1000,0.000,717,51.100
lp_nl,197,1000,0.000,556,39.300
lp_nl,198,1000,0.000,191,53.900
lp_nl,199,1000,0.000,410,73.400
lp_nl,200,1000,0.000,437,55.400
lp_nl,201,1000,0.000,717,69.900
lp_nl,202,1000,0.000,754,25.400
lp_nl,203,1000,0.000,191,58.000
lp_nl,204,1000,0.000,832,43.200
lp_nl,205,1000,0.100,717,67.300
lp_nl,206,1000,0.000,799,50.900
lp_nl,207,1000,0.100,437,62.200
lp_nl,208,1000,0.000,538,36.900
lp_nl,209,1000,0.000,510,40.100
lp_nl,210,1000,0.000,615,40.000
lp_nl,211,1000,0.000,191,86.100
lp_nl,212,1000,1.200,412,24.200
lp_nl,213,1000,0.000,437,78.900
lp_nl,214,1000,1.700,942,37.100
lp_nl,215,1000,0.000,139,64.000
lp_nl,216,1000,2.600,556,62.800
lp_nl,217,1000,0.000,664,44.700
lp_nl,218,1000,0.000,717,43.500
lp_nl,219,1000,14.900,924,65.900
lp_nl,220,1000,0.000,437,84.000
lp_nl,221,1000,0.000,832,41.000
lp_nl,222,1000,0.000,410,50.900
lp_nl,223,1000,0.000,554,78.500
lp_nl,224,1000,0.100,664,47.900
lp_nl,225,1000,0.000,191,52.200
lp_nl,226,1000,0.000,437,61.100
lp_nl,227,1000,0.000,832,51.500
lp_nl,228,1000,0.000,410,64.300
lp_nl,229,1000,0.000,935,26.400
lp_nl,230,1000,7.400,446,62.500
lp_nl,231,1000,0.000,437,69.100
lp_nl,232,1000,0.000,410,64.600
lp_nl,233,1000,0.000,249,48.800
lp_nl,234,1000,0.000,410,70.600
lp_nl,235,1000,0.100,139,45.300
lp_nl,236,1000,0.000,410,70.400
lp_nl,237,1000,0.000,410,54.200
lp_nl,238,1000,0.000,443,35.200
lp_nl,239,1000,0.000,410,51.800
lp_nl,240,1000,0.000,437,81.100
lp_nl,241,1000,1.700,437,77.900
lp_nl,242,1000,0.000,554,74.000
lp_nl,243,1000,0.000,410,83.700
lp_nl,244,1000,2.000,754,47.600
lp_nl,245,1000,0.000,554,31.200
lp_nl,246,1000,0.000,538,38.600
lp_nl,247,1000,0.000,410,53.000
lp_nl,248,1000,0.000,191,49.200
lp_nl,249,1000,13.800,437,51.100
lp_nl,250,1000,0.100,832,48.700
lp_nl,251,1000,0.000,948,37.400
lp_nl,252,1000,0.000,437,57.700
lp_nl,253,1000,0.000,810,25.600
lp_nl,254,1000,0.000,410,83.200
lp_nl,255,1000,0.000,437,89.200
lp_nl,256,1000,0.000,410,60.300
lp_nl,257,1000,2.700,9,36.800
lp_nl,258,1000,0.100,31,51.400
lp_nl,259,1000,0.000,117,47.600
lp_nl,260,1000,0.100,615,50.100
lp_nl,261,1000,0.000,554,47.700
lp_nl,262,1000,4.100,412,30.600
lp_nl,263,1000,0.000,754,30.100
lp_nl,264,1000,0.000,717,41.400
lp_nl,265,1000,0.000,191,51.300
lp_nl,266,1000,0.200,556,30.000
lp_nl,267,1000,0.000,437,56.200
lp_nl,268,1000,0.000,832,43.600
lp_nl,269,1000,0.200,717,71.600
lp_nl,270,1000,3.200,576,33.200
lp_nl,271,1000,0.300,522,39.200
lp_nl,272,1000,0.000,410,74.800
lp_nl,273,1000,0.000,554,44.700
lp_nl,274,1000,0.000,717,61.100
lp_nl,275,1000,0.000,554,67.800
lp_nl,276,1000,0.000,293,39.800
lp_nl,277,1000,0.100,717,58.300
lp_nl,278,1000,0.000,510,31.400
lp_nl,279,1000,0.000,410,41.800
lp_nl,280,1000,0.000,191,69.900
lp_nl,281,1000,0.000,437,63.500
lp_nl,282,1000,0.000,410,56.700
lp_nl,283,1000,0.000,554,56.800
lp_nl,284,1000,0.000,717,56.200
lp_nl,285,1000,0.800,437,79.600
lp_nl,286,1000,0.000,31,31.600
lp_nl,287,1000,0.000,754,21.600
lp_nl,288,1000,0.000,410,55.400
lp_nl,289,1000,0.000,437,58.800
lp_nl,290,1000,0.000,772,34.100
lp_nl,291,1000,0.000,554,32.100
lp_nl,292,1000,0.000,832,48.700
lp_nl,293,1000,0.100,410,50.100
lp_nl,294,1000,0.000,410,53.900
lp_nl,295,1000,0.000,410,45.100
lp_nl,296,1000,0.000,410,49.900
lp_nl,297,1000,3.700,9,51.100
lp_nl,298,1000,0.000,717,72.100
lp_nl,299,1000,0.000,437,63.900
lp_nl,300,1000,0.000,908,34.600
lp_nl,301,1000,0.000,862,41.800
lp_nl,302,1000,0.200,437,79.500
lp_nl,303,1000,0.000,554,64.900
lp_nl,304,1000,0.000,554,55.000
lp_nl,305,1000,0.000,410,46.500
lp_nl,306,1000,0.000,410,67.200
lp_nl,307,1000,0.000,554,88.000
lp_nl,308,1000,0.000,810,36.700
lp_nl,309,1000,0.000,410,56.600
lp_nl,310,1000,0.000,717,56.700
lp_nl,311,1000,0.500,554,72.900
lp_nl,312,1000,0.000,717,72.000
lp_nl,313,1000,0.000,832,45.500
lp_nl,314,1000,0.000,410,71.200
lp_nl,315,1000,0.000,139,48.100
lp_nl,316,1000,0.100,931,51.300
lp_nl,317,1000,0.000,717,65.800
lp_nl,318,1000,0.000,832,38.800
lp_nl,319,1000,0.000,615,48.100
lp_nl,320,1000,4.100,437,87.400
lp_nl,321,1000,0.000,410,65.200
lp_nl,322,1000,0.000,862,38.300
lp_nl,323,1000,5.100,329,33.000
lp_nl,324,1000,0.000,410,52.100
lp_nl,325,1000,0.000,813,23.300
lp_nl,326,1000,0.000,554,34.000
lp_nl,327,1000,13.400,695,39.500
lp_nl,328,1000,0.000,556,35.400
lp_nl,329,1000,9.100,9,47.000
lp_nl,330,1000,0.000,249,33.700
lp_nl,331,1000,0.000,31,41.300
lp_nl,332,1000,0.000,935,33.400
lp_nl,333,1000,0.000,149,24.700
lp_nl,334,1000,0.000,437,65.400
lp_nl,335,1000,0.000,717,71.000
lp_nl,336,1000,0.000,615,43.300
lp_nl,337,1000,0.000,437,63.800
lp_nl,338,1000,0.000,437,75.000
lp_nl,339,1000,0.000,437,45.000
lp_nl,340,1000,0.000,556,35.800
lp_nl,341,1000,0.000,717,38.700
lp_nl,342,1000,0.000,554,44.100
lp_nl,343,1000,0.000,717,62.000
lp_nl,344,1000,0.000,556,39.100
lp_nl,345,1000,0.000,249,33.500
lp_nl,346,1000,0.000,410,66.600
lp_nl,347,1000,2.400,437,83.200
lp_nl,348,1000,0.100,437,65.600
lp_nl,349,1000,0.000,437,50.400
lp_nl,350,1000,0.000,410,85.000
lp_nl,351,1000,0.000,717,69.900
lp_nl,352,1000,0.000,717,49.900
lp_nl,353,1000,0.000,437,82.300
lp_nl,354,1000,0.000,554,25.900
lp_nl,355,1000,0.000,410,63.300
lp_nl,356,1000,30.300,437,73.700
lp_nl,357,1000,0.000,556,42.700
lp_nl,358,1000,0.000,615,41.700
lp_nl,359,1000,0.000,155,32.800
lp_nl,360,1000,0.000,664,45.800
lp_nl,361,1000,0.000,717,76.300
lp_nl,362,1000,0.000,656,23.200
lp_nl,363,1000,0.000,443,41.300
lp_nl,364,1000,0.000,717,59.300
lp_nl,365,1000,0.000,664,25.100
lp_nl,366,1000,0.000,799,28.400
lp_nl,367,1000,0.000,717,62.300
lp_nl,368,1000,0.000,437,72.600
lp_nl,369,1000,0.000,717,68.300
lp_nl,370,1000,0.000,556,46.800
lp_nl,371,1000,0.100,142,48.300
lp_nl,372,1000,0.000,410,56.700
lp_nl,373,1000,0.000,717,58.400
lp_nl,374,1000,0.000,717,75.000
lp_nl,375,1000,0.000,810,29.100
lp_nl,376,1000,0.000,556,40.800
lp_nl,377,1000,0.000,717,62.900
lp_nl,378,1000,0.000,410,80.300
lp_nl,379,1000,12.800,754,30.700
lp_nl,380,1000,0.000,554,38.700
lp_nl,381,1000,0.100,393,33.000
lp_nl,382,1000,0.000,191,85.900
lp_nl,383,1000,0.000,717,41.800
lp_nl,384,1000,0.000,664,48.100
lp_nl,385,1000,0.000,554,75.800
lp_nl,386,1000,0.000,437,44.400
lp_nl,387,1000,2.600,603,32.000
lp_nl,388,1000,16.100,810,29.500
lp_nl,389,1000,7.600,942,64.700
lp_nl,390,1000,0.000,410,68.400
lp_nl,391,1000,4.500,695,29.600
lp_nl,392,1000,0.000,615,57.200
lp_nl,393,1000,16.500,754,69.500
lp_nl,394,1000,0.000,139,55.100
lp_nl,395,1000,0.000,615,39.400
lp_nl,396,1000,0.000,437,78.400
lp_nl,397,1000,0.200,717,78.300
lp_nl,398,1000,0.000,410,58.700
lp_nl,399,1000,0.400,437,63.400
lp_nl,400,1000,0.000,437,63.200
lp_nl,401,1000,0.000,615,43.500
lp_nl,402,1000,1.800,745,32.200
lp_nl,403,1000,0.000,410,59.400
lp_nl,404,1000,0.000,139,51.600
lp_nl,405,1000,0.000,664,27.000
lp_nl,406,1000,0.000,443,46.500
lp_nl,407,1000,0.000,410,53.800
lp_nl,408,1000,0.000,410,52.600
lp_nl,409,1000,0.000,717,34.600
lp_nl,410,1000,56.800,717,84.400
lp_nl,411,1000,5.900,924,44.300
lp_nl,412,1000,8.200,655,38.200
lp_nl,413,1000,0.400,717,70.100
lp_nl,414,1000,0.000,430,25.400
lp_nl,415,1000,0.000,139,35.600
lp_nl,416,1000,0.000,139,53.400
lp_nl,417,1000,0.000,139,47.900
lp_nl,418,1000,2.100,139,39.600
lp_nl,419,1000,0.100,293,25.300
lp_nl,420,1000,0.000,772,36.200
lp_nl,421,1000,0.000,117,41.200
lp_nl,422,1000,0.500,437,88.000
lp_nl,423,1000,0.000,717,79.100
lp_nl,424,1000,0.100,717,69.100
lp_nl,425,1000,1.300,754,33.900
lp_nl,426,1000,0.000,437,72.100
lp_nl,427,1000,0.000,554,47.100
lp_nl,428,1000,0.100,437,71.300
lp_nl,429,1000,0.200,717,64.100
lp_nl,430,1000,5.500,249,35.700
lp_nl,431,1000,0.000,410,80.700
lp_nl,432,1000,0.000,437,53.100
lp_nl,433,1000,0.000,191,55.400
lp_nl,434,1000,0.000,862,33.700
lp_nl,435,1000,1.900,437,91.400
lp_nl,436,1000,0.000,717,57.900
lp_nl,437,1000,84.700,717,40.700
lp_nl,438,1000,0.100,615,50.400
lp_nl,439,1000,0.100,437,64.300
lp_nl,440,1000,0.000,410,81.100
lp_nl,441,1000,0.000,437,42.600
lp_nl,442,1000,0.100,437,62.700
lp_nl,443,1000,5.600,437,65.000
lp_nl,444,1000,0.000,410,57.400
lp_nl,445,1000,0.000,437,37.900
lp_nl,446,1000,18.700,942,55.300
lp_nl,447,1000,0.000,410,56.900
lp_nl,448,1000,0.000,772,54.300
lp_nl,449,1000,0.000,554,73.600
lp_nl,450,1000,0.000,410,65.400
lp_nl,451,1000,0.000,832,40.600
lp_nl,452,1000,0.000,410,45.900
lp_nl,453,1000,0.000,717,54.200
lp_nl,454,1000,6.000,576,40.400
lp_nl,455,1000,0.000,948,26.000
lp_nl,456,1000,0.000,556,31.000
lp_nl,457,1000,0.100,437,86.000
lp_nl,458,1000,0.000,717,69.900
lp_nl,459,1000,0.000,410,60.700
lp_nl,460,1000,0.100,717,71.700
lp_nl,461,1000,0.400,908,43.700
lp_nl,462,1000,0.000,31,56.200
lp_nl,463,1000,0.000,410,64.700
lp_nl,464,1000,0.000,437,61.200
lp_nl,465,1000,0.000,410,67.600
lp_nl,466,1000,0.000,717,62.600
lp_nl,467,1000,0.000,191,73.000
lp_nl,468,1000,0.000,510,44.100
lp_nl,469,1000,0.000,437,69.500
lp_nl,470,1000,0.000,615,44.400
lp_nl,471,1000,0.000,410,59.600
lp_nl,472,1000,0.000,66,33.800
lp_nl,473,1000,0.000,410,62.300
lp_nl,474,1000,0.000,410,59.200
lp_nl,475,1000,0.000,249,36.400
lp_nl,476,1000,0.000,410,65.200
lp_nl,477,1000,0.000,437,82.400
lp_nl,478,1000,0.000,717,74.300
lp_nl,479,1000,0.000,437,68.500
lp_nl,480,1000,0.000,410,71.700
lp_nl,481,1000,0.000,437,67.200
lp_nl,482,1000,0.000,437,75.200
lp_nl,483,1000,0.000,772,52.000
lp_nl,484,1000,0.000,249,57.100
lp_nl,485,1000,0.000,410,51.900
lp_nl,486,1000,0.000,569,21.400
lp_nl,487,1000,0.000,249,29.700
lp_nl,488,1000,13.300,554,38.900
lp_nl,489,1000,0.000,410,62.200
lp_nl,490,1000,2.200,139,38.500
lp_nl,491,1000,0.000,754,45.000
lp_nl,492,1000,0.000,664,38.000
lp_nl,493,1000,0.000,191,44.700
lp_nl,494,1000,0.100,437,74.700
lp_nl,495,1000,0.000,664,40.400
lp_nl,496,1000,0.100,139,37.200
lp_nl,497,1000,0.200,437,57.900
lp_nl,498,1000,0.000,437,76.000
lp_nl,499,1000,0.000,556,53.100
lp_nl,500,1000,0.000,437,58.300
lp_nl,501,1000,0.100,717,54.000
lp_nl,502,1000,0.000,191,53.500
lp_nl,503,1000,0.000,437,65.600
lp_nl,504,1000,0.000,410,59.600
lp_nl,505,1000,2.300,443,49.800
lp_nl,506,1000,0.000,410,51.500
lp_nl,507,1000,0.000,692,47.900
lp_nl,508,1000,0.000,430,38.500
lp_nl,509,1000,0.000,410,68.500
lp_nl,510,1000,0.000,717,59.000
lp_nl,511,1000,0.000,569,18.500
lp_nl,512,1000,0.000,437,46.200
lp_nl,513,1000,0.000,437,66.100
lp_nl,514,1000,0.000,410,62.500
lp_nl,515,1000,0.100,249,52.800
lp_nl,516,1000,0.000,437,81.700
lp_nl,517,1000,0.000,554,57.900
lp_nl,518,1000,0.000,437,59.700
lp_nl,519,1000,0.700,717,68.000
lp_nl,520,1000,0.000,717,58.900
lp_nl,521,1000,0.000,443,37.700
lp_nl,522,1000,27.600,78,39.000
lp_nl,523,1000,0.000,410,62.800
lp_nl,524,1000,0.000,437,44.300
lp_nl,525,1000,0.000,410,82.100
lp_nl,526,1000,0.000,437,82.000
lp_nl,527,1000,0.000,437,81.000
lp_nl,528,1000,0.000,522,27.000
lp_nl,529,1000,0.000,142,52.100
lp_nl,530,1000,0.000,538,44.900
lp_nl,531,1000,0.000,437,75.200
lp_nl,532,1000,0.000,239,24.900
lp_nl,533,1000,0.000,717,63.100
lp_nl,534,1000,0.000,191,86.800
lp_nl,535,1000,0.000,522,21.800
lp_nl,536,1000,0.000,410,80.600
lp_nl,537,1000,0.000,664,52.300
lp_nl,538,1000,0.900,717,73.800
lp_nl,539,1000,0.000,554,47.000
lp_nl,540,1000,0.000,410,64.100
lp_nl,541,1000,0.000,437,56.400
lp_nl,542,1000,0.000,717,62.600
lp_nl,543,1000,0.200,717,53.700
lp_nl,544,1000,0.300,717,59.100
lp_nl,545,1000,0.000,437,53.500
lp_nl,546,1000,0.000,772,59.300
lp_nl,547,1000,0.000,717,41.700
lp_nl,548,1000,0.000,799,33.500
lp_nl,549,1000,0.500,446,47.600
lp_nl,550,1000,0.000,139,33.600
lp_nl,551,1000,0.000,556,47.200
lp_nl,552,1000,0.000,437,76.000
lp_nl,553,1000,0.000,437,78.100
lp_nl,554,1000,0.000,191,89.700
lp_nl,555,1000,0.000,717,53.400
lp_nl,556,1000,11.600,615,65.100
lp_nl,557,1000,0.000,66,36.000
lp_nl,558,1000,0.000,799,25.100
lp_nl,559,1000,0.000,410,52.000
lp_nl,560,1000,0.000,772,47.600
lp_nl,561,1000,1.100,717,63.400
lp_nl,562,1000,10.300,9,34.400
lp_nl,563,1000,0.000,139,45.900
lp_nl,564,1000,0.000,717,55.000
lp_nl,565,1000,0.000,443,49.400
lp_nl,566,1000,0.000,410,57.100
lp_nl,567,1000,0.000,974,25.800
lp_nl,568,1000,0.000,78,41.000
lp_nl,569,1000,0.300,664,45.500
lp_nl,570,1000,0.000,717,53.300
lp_nl,571,1000,0.000,832,55.000
lp_nl,572,1000,5.400,754,51.800
lp_nl,573,1000,0.100,554,59.700
lp_nl,574,1000,0.000,410,64.400
lp_nl,575,1000,0.000,437,62.200
lp_nl,576,1000,12.500,556,34.000
lp_nl,577,1000,0.100,437,71.900
lp_nl,578,1000,0.100,410,67.600
lp_nl,579,1000,2.300,754,41.400
lp_nl,580,1000,0.000,139,35.900
lp_nl,581,1000,0.000,191,60.800
lp_nl,582,1000,0.000,754,30.000
lp_nl,583,1000,0.000,772,26.000
lp_nl,584,1000,0.000,908,24.300
lp_nl,585,1000,0.000,31,52.500
lp_nl,586,1000,0.000,437,54.600
lp_nl,587,1000,0.000,664,41.900
lp_nl,588,1000,0.000,249,32.900
lp_nl,589,1000,0.000,410,45.300
lp_nl,590,1000,0.000,556,37.500
lp_nl,591,1000,0.000,614,24.300
lp_nl,592,1000,0.400,249,30.400
lp_nl,593,1000,0.000,437,79.500
lp_nl,594,1000,0.000,717,62.400
lp_nl,595,1000,0.000,191,43.300
lp_nl,596,1000,0.000,717,67.500
lp_nl,597,1000,0.000,717,61.600
lp_nl,598,1000,0.000,717,67.100
lp_nl,599,1000,5.700,78,43.800
lp_nl,600,1000,0.000,717,59.700
lp_nl,601,1000,0.000,410,56.900
lp_nl,602,1000,0.000,249,54.600
lp_nl,603,1000,8.900,822,41.400
lp_nl,604,1000,0.400,717,76.300
lp_nl,605,1000,0.300,576,39.200
lp_nl,606,1000,0.000,410,67.200
lp_nl,607,1000,0.000,554,30.200
lp_nl,608,1000,0.100,908,48.300
lp_nl,609,1000,0.000,664,27.800
lp_nl,610,1000,0.000,556,40.700
lp_nl,611,1000,0.000,615,44.700
lp_nl,612,1000,0.000,554,55.900
lp_nl,613,1000,0.000,139,53.400
lp_nl,614,1000,1.400,556,61.300
lp_nl,615,1000,16.100,437,76.400
lp_nl,616,1000,0.300,31,49.600
lp_nl,617,1000,0.000,410,52.200
lp_nl,618,1000,0.000,410,46.100
lp_nl,619,1000,0.000,410,49.100
lp_nl,620,1000,0.000,437,60.600
lp_nl,621,1000,0.000,554,66.100
lp_nl,622,1000,0.000,437,84.800
lp_nl,623,1000,0.000,615,38.100
lp_nl,624,1000,0.000,191,62.500
lp_nl,625,1000,0.000,437,68.000
lp_nl,626,1000,0.000,799,25.700
lp_nl,627,1000,8.600,615,37.900
lp_nl,628,1000,0.200,437,77.400
lp_nl,629,1000,0.000,191,66.100
lp_nl,630,1000,0.000,78,32.100
lp_nl,631,1000,1.000,717,66.500
lp_nl,632,1000,12.000,754,45.800
lp_nl,633,1000,8.700,692,40.400
lp_nl,634,1000,0.000,717,61.000
lp_nl,635,1000,0.000,717,55.800
lp_nl,636,1000,0.700,139,45.300
lp_nl,637,1000,0.000,609,25.000
lp_nl,638,1000,0.000,538,48.500
lp_nl,639,1000,0.000,410,62.900
lp_nl,640,1000,0.000,31,48.100
lp_nl,641,1000,0.000,717,55.500
lp_nl,642,1000,0.000,437,72.700
lp_nl,643,1000,0.000,410,56.700
lp_nl,644,1000,0.000,615,45.000
lp_nl,645,1000,0.000,410,46.300
lp_nl,646,1000,0.000,410,76.000
lp_nl,647,1000,0.000,191,65.700
lp_nl,648,1000,6.100,446,80.600
lp_nl,649,1000,0.000,615,45.000
lp_nl,650,1000,0.000,717,53.800
lp_nl,651,1000,0.000,410,53.400
lp_nl,652,1000,0.000,191,79.800
lp_nl,653,1000,0.000,191,66.900
lp_nl,654,1000,3.700,437,92.300
lp_nl,655,1000,11.700,754,28.100
lp_nl,656,1000,0.600,249,47.800
lp_nl,657,1000,0.000,745,31.400
lp_nl,658,1000,0.000,249,41.600
lp_nl,659,1000,0.200,556,34.600
lp_nl,660,1000,0.300,717,65.000
lp_nl,661,1000,0.000,437,77.700
lp_nl,662,1000,0.000,554,66.200
lp_nl,663,1000,0.700,556,36.100
lp_nl,664,1000,0.400,717,71.900
lp_nl,665,1000,0.000,437,82.900
lp_nl,666,1000,0.000,191,69.700
lp_nl,667,1000,0.100,832,46.100
lp_nl,668,1000,0.000,615,56.900
lp_nl,669,1000,0.000,249,40.600
lp_nl,670,1000,0.000,393,25.600
lp_nl,671,1000,0.000,320,30.500
lp_nl,672,1000,0.200,410,54.600
lp_nl,673,1000,0.000,410,62.300
lp_nl,674,1000,0.000,556,38.700
lp_nl,675,1000,0.000,556,27.800
lp_nl,676,1000,0.000,78,32.400
lp_nl,677,1000,0.000,616,17.600
lp_nl,678,1000,0.000,249,47.600
lp_nl,679,1000,0.000,388,24.600
lp_nl,680,1000,0.000,554,66.700
lp_nl,681,1000,0.000,554,65.100
lp_nl,682,1000,0.000,191,44.500
lp_nl,683,1000,0.100,717,70.100
lp_nl,684,1000,0.000,717,68.700
lp_nl,685,1000,0.000,717,59.400
lp_nl,686,1000,0.100,410,72.400
lp_nl,687,1000,0.200,554,44.200
lp_nl,688,1000,0.000,437,58.100
lp_nl,689,1000,0.000,410,76.900
lp_nl,690,1000,0.000,393,22.100
lp_nl,691,1000,0.200,437,73.900
lp_nl,692,1000,12.100,437,88.100
lp_nl,693,1000,0.000,554,64.600
lp_nl,694,1000,0.000,410,67.800
lp_nl,695,1000,7.000,754,56.100
lp_nl,696,1000,0.000,437,83.400
lp_nl,697,1000,0.000,410,75.000
lp_nl,698,1000,0.000,410,67.400
lp_nl,699,1000,0.000,556,24.600
lp_nl,700,1000,0.000,799,36.700
lp_nl,701,1000,0.000,664,30.900
lp_nl,702,1000,0.100,717,72.000
lp_nl,703,1000,0.000,191,60.200
lp_nl,704,1000,0.000,810,26.000
lp_nl,705,1000,0.000,437,53.400
lp_nl,706,1000,0.000,410,68.500
lp_nl,707,1000,0.100,437,67.400
lp_nl,708,1000,0.000,717,68.100
lp_nl,709,1000,0.000,554,45.400
lp_nl,710,1000,0.000,249,41.000
lp_nl,711,1000,0.000,410,81.400
lp_nl,712,1000,3.300,437,65.700
lp_nl,713,1000,0.000,410,63.100
lp_nl,714,1000,0.000,556,37.400
lp_nl,715,1000,0.000,437,62.800
lp_nl,716,1000,0.000,948,33.800
lp_nl,717,1000,78.900,437,50.600
lp_nl,718,1000,1.200,745,32.900
lp_nl,719,1000,0.000,410,65.000
lp_nl,720,1000,0.200,437,87.400
lp_nl,721,1000,0.000,554,38.500
lp_nl,722,1000,0.000,556,44.900
lp_nl,723,1000,0.000,410,56.400
lp_nl,724,1000,0.000,249,51.900
lp_nl,725,1000,0.000,410,68.300
lp_nl,726,1000,0.000,717,50.700
lp_nl,727,1000,0.000,437,83.900
lp_nl,728,1000,0.000,832,49.300
lp_nl,729,1000,0.000,410,69.000
lp_nl,730,1000,0.000,554,67.200
lp_nl,731,1000,0.100,437,78.200
lp_nl,732,1000,0.700,576,37.900
lp_nl,733,1000,0.000,660,35.300
lp_nl,734,1000,0.000,554,65.000
lp_nl,735,1000,0.000,437,61.400
lp_nl,736,1000,0.000,437,73.100
lp_nl,737,1000,0.000,293,29.100
lp_nl,738,1000,0.000,410,57.200
lp_nl,739,1000,0.000,656,28.000
lp_nl,740,1000,0.200,437,81.500
lp_nl,741,1000,0.000,410,61.300
lp_nl,742,1000,0.000,437,66.700
lp_nl,743,1000,0.000,31,39.200
lp_nl,744,1000,0.000,554,68.900
lp_nl,745,1000,14.000,249,39.300
lp_nl,746,1000,2.600,249,49.000
lp_nl,747,1000,0.000,556,27.400
lp_nl,748,1000,0.000,437,54.800
lp_nl,749,1000,0.000,615,53.800
lp_nl,750,1000,0.400,437,90.300
lp_nl,751,1000,0.000,410,68.100
lp_nl,752,1000,0.000,908,30.700
lp_nl,753,1000,0.000,78,30.900
lp_nl,754,1000,43.800,522,28.800
lp_nl,755,1000,0.000,554,61.800
lp_nl,756,1000,0.000,437,54.500
lp_nl,757,1000,0.100,717,61.600
lp_nl,758,1000,0.000,191,58.400
lp_nl,759,1000,0.000,191,64.500
lp_nl,760,1000,0.000,410,37.900
lp_nl,761,1000,0.000,554,67.800
lp_nl,762,1000,0.000,717,41.200
lp_nl,763,1000,0.000,717,66.700
lp_nl,764,1000,0.100,437,63.600
lp_nl,765,1000,0.000,410,67.300
lp_nl,766,1000,0.000,717,44.100
lp_nl,767,1000,0.000,554,24.400
lp_nl,768,1000,6.200,562,57.800
lp_nl,769,1000,0.000,437,57.700
lp_nl,770,1000,0.000,717,50.400
lp_nl,771,1000,0.000,410,60.400
lp_nl,772,1000,0.100,410,73.400
lp_nl,773,1000,0.000,437,83.300
lp_nl,774,1000,0.000,717,59.500
lp_nl,775,1000,0.000,717,46.800
lp_nl,776,1000,0.000,917,42.300
lp_nl,777,1000,0.500,437,64.600
lp_nl,778,1000,0.200,142,54.300
lp_nl,779,1000,0.000,717,69.200
lp_nl,780,1000,0.000,437,71.000
lp_nl,781,1000,0.000,117,45.100
lp_nl,782,1000,0.000,410,67.300
lp_nl,783,1000,0.000,745,31.200
lp_nl,784,1000,0.000,437,73.200
lp_nl,785,1000,0.000,673,36.400
lp_nl,786,1000,0.000,664,30.800
lp_nl,787,1000,0.000,569,18.300
lp_nl,788,1000,0.000,249,33.700
lp_nl,789,1000,0.000,117,41.000
lp_nl,790,1000,0.000,410,43.300
lp_nl,791,1000,0.000,615,48.700
lp_nl,792,1000,0.000,627,34.100
lp_nl,793,1000,0.200,437,53.400
lp_nl,794,1000,0.000,410,80.700
lp_nl,795,1000,0.000,191,61.900
lp_nl,796,1000,0.100,437,64.900
lp_nl,797,1000,0.000,832,30.700
lp_nl,798,1000,0.100,692,44.800
lp_nl,799,1000,3.100,249,43.000
lp_nl,800,1000,0.000,437,47.600
lp_nl,801,1000,0.000,437,90.500
lp_nl,802,1000,0.000,410,77.600
lp_nl,803,1000,0.000,410,70.600
lp_nl,804,1000,0.000,615,46.000
lp_nl,805,1000,0.000,717,55.000
lp_nl,806,1000,0.000,410,67.800
lp_nl,807,1000,0.000,410,51.400
lp_nl,808,1000,0.000,556,27.200
lp_nl,809,1000,0.000,745,33.900
lp_nl,810,1000,7.300,908,50.300
lp_nl,811,1000,0.000,155,31.400
lp_nl,812,1000,0.000,554,33.800
lp_nl,813,1000,7.700,155,34.400
lp_nl,814,1000,0.000,410,62.800
lp_nl,815,1000,0.000,410,54.200
lp_nl,816,1000,20.900,412,30.000
lp_nl,817,1000,0.000,410,69.800
lp_nl,818,1000,0.000,410,48.200
lp_nl,819,1000,0.000,139,68.200
lp_nl,820,1000,0.000,437,65.500
lp_nl,821,1000,0.000,717,53.800
lp_nl,822,1000,8.600,78,27.400
lp_nl,823,1000,6.900,745,33.700
lp_nl,824,1000,0.000,717,66.900
lp_nl,825,1000,0.000,717,54.400
lp_nl,826,1000,0.000,717,65.900
lp_nl,827,1000,0.000,437,63.800
lp_nl,828,1000,0.700,437,51.500
lp_nl,829,1000,0.000,142,48.600
lp_nl,830,1000,0.000,554,44.000
lp_nl,831,1000,0.200,66,38.900
lp_nl,832,1000,25.600,437,83.000
lp_nl,833,1000,0.000,430,27.900
lp_nl,834,1000,0.000,437,54.900
lp_nl,835,1000,0.000,554,43.600
lp_nl,836,1000,0.000,139,56.900
lp_nl,837,1000,0.000,556,46.100
lp_nl,838,1000,0.000,538,47.400
lp_nl,839,1000,0.000,117,40.900
lp_nl,840,1000,0.000,410,60.500
lp_nl,841,1000,0.000,717,54.400
lp_nl,842,1000,0.000,556,28.400
lp_nl,843,1000,0.000,410,82.400
lp_nl,844,1000,0.000,191,63.600
lp_nl,845,1000,0.000,576,33.900
lp_nl,846,1000,0.000,249,39.000
lp_nl,847,1000,0.000,554,48.400
lp_nl,848,1000,0.000,832,47.300
lp_nl,849,1000,0.000,437,63.500
lp_nl,850,1000,0.000,410,57.300
lp_nl,851,1000,0.000,249,30.500
lp_nl,852,1000,0.000,410,58.800
lp_nl,853,1000,0.000,437,72.400
lp_nl,854,1000,0.000,717,49.700
lp_nl,855,1000,2.300,437,42.200
lp_nl,856,1000,0.000,717,33.900
lp_nl,857,1000,0.300,410,56.800
lp_nl,858,1000,0.000,410,53.500
lp_nl,859,1000,0.000,437,60.200
lp_nl,860,1000,0.000,603,22.500
lp_nl,861,1000,0.000,437,57.500
lp_nl,862,1000,0.000,717,65.300
lp_nl,863,1000,0.000,437,65.600
lp_nl,864,1000,0.000,664,47.100
lp_nl,865,1000,0.000,149,26.000
lp_nl,866,1000,0.000,832,52.400
lp_nl,867,1000,0.000,717,57.400
lp_nl,868,1000,0.000,18,27.500
lp_nl,869,1000,0.400,522,31.400
lp_nl,870,1000,10.600,823,23.700
lp_nl,871,1000,0.000,437,73.600
lp_nl,872,1000,0.000,437,46.000
lp_nl,873,1000,0.000,556,34.400
lp_nl,874,1000,0.000,717,64.600
lp_nl,875,1000,0.000,437,68.800
lp_nl,876,1000,0.000,191,60.600
lp_nl,877,1000,0.000,410,60.600
lp_nl,878,1000,1.700,437,75.500
lp_nl,879,1000,0.100,437,76.800
lp_nl,880,1000,0.000,832,60.100
lp_nl,881,1000,0.000,717,51.500
lp_nl,882,1000,0.000,142,52.000
lp_nl,883,1000,0.000,554,47.000
lp_nl,884,1000,0.000,410,72.800
lp_nl,885,1000,3.200,412,28.700
lp_nl,886,1000,0.000,410,80.200
lp_nl,887,1000,0.000,556,25.900
lp_nl,888,1000,0.000,772,26.600
lp_nl,889,1000,0.000,437,74.200
lp_nl,890,1000,0.000,149,26.100
lp_nl,891,1000,0.000,437,52.100
lp_nl,892,1000,0.000,664,34.500
lp_nl,893,1000,0.000,538,57.600
lp_nl,894,1000,0.000,554,55.100
lp_nl,895,1000,0.000,615,41.600
lp_nl,896,1000,0.000,410,67.300
lp_nl,897,1000,0.000,437,66.800
lp_nl,898,1000,0.200,410,59.900
lp_nl,899,1000,0.000,437,70.700
lp_nl,900,1000,0.000,935,25.900
lp_nl,901,1000,0.000,615,52.900
lp_nl,902,1000,0.000,437,80.800
lp_nl,903,1000,0.000,772,44.900
lp_nl,904,1000,0.000,717,65.700
lp_nl,905,1000,2.100,437,86.000
lp_nl,906,1000,0.000,717,56.100
lp_nl,907,1000,8.600,576,34.400
lp_nl,908,1000,22.700,249,36.700
lp_nl,909,1000,0.100,139,34.600
lp_nl,910,1000,0.000,615,33.400
lp_nl,911,1000,0.000,437,68.600
lp_nl,912,1000,0.000,437,36.400
lp_nl,913,1000,0.000,717,65.900
lp_nl,914,1000,0.000,437,75.200
lp_nl,915,1000,0.000,615,47.100
lp_nl,916,1000,0.000,717,55.000
lp_nl,917,1000,3.300,437,64.600
lp_nl,918,1000,0.000,813,26.100
lp_nl,919,1000,0.000,935,42.000
lp_nl,920,1000,7.900,78,37.000
lp_nl,921,1000,0.000,772,61.000
lp_nl,922,1000,0.000,410,34.900
lp_nl,923,1000,0.000,410,65.600
lp_nl,924,1000,31.200,562,23.200
lp_nl,925,1000,0.000,410,64.200
lp_nl,926,1000,0.800,655,28.500
lp_nl,927,1000,0.000,554,56.800
lp_nl,928,1000,0.000,656,38.500
lp_nl,929,1000,0.000,556,32.200
lp_nl,930,1000,0.000,410,50.700
lp_nl,931,1000,9.500,437,67.400
lp_nl,932,1000,0.000,249,31.000
lp_nl,933,1000,0.000,437,46.000
lp_nl,934,1000,0.200,320,43.100
lp_nl,935,1000,3.500,717,50.500
lp_nl,936,1000,0.000,664,49.900
lp_nl,937,1000,0.000,717,70.700
lp_nl,938,1000,0.000,556,38.200
lp_nl,939,1000,0.000,554,65.700
lp_nl,940,1000,0.200,627,36.400
lp_nl,941,1000,0.000,437,45.600
lp_nl,942,1000,32.400,695,27.400
lp_nl,943,1000,0.000,931,49.300
lp_nl,944,1000,0.000,410,50.600
lp_nl,945,1000,0.000,554,45.700
lp_nl,946,1000,0.000,249,55.800
lp_nl,947,1000,0.000,702,52.200
lp_nl,948,1000,0.000,717,74.300
lp_nl,949,1000,0.000,149,25.100
lp_nl,950,1000,0.000,410,60.600
lp_nl,951,1000,0.000,410,57.900
lp_nl,952,1000,0.000,717,38.400
lp_nl,953,1000,0.000,139,37.400
lp_nl,954,1000,0.000,576,35.700
lp_nl,955,1000,0.000,191,59.100
lp_nl,956,1000,0.000,410,70.400
lp_nl,957,1000,0.000,410,52.700
lp_nl,958,1000,0.000,799,41.200
lp_nl,959,1000,0.000,410,62.300
lp_nl,960,1000,0.000,664,38.000
lp_nl,961,1000,3.000,554,67.200
lp_nl,962,1000,0.000,410,49.500
lp_nl,963,1000,0.000,410,61.100
lp_nl,964,1000,0.000,410,71.900
lp_nl,965,1000,0.000,554,44.300
lp_nl,966,1000,0.000,556,54.700
lp_nl,967,1000,0.000,754,29.600
lp_nl,968,1000,0.000,717,61.300
lp_nl,969,1000,0.000,410,80.700
lp_nl,970,1000,0.900,437,84.500
lp_nl,971,1000,0.000,410,78.300
lp_nl,972,1000,0.100,717,54.900
lp_nl,973,1000,0.000,191,54.700
lp_nl,974,1000,0.100,717,70.300
lp_nl,975,1000,0.000,556,48.100
lp_nl,976,1000,0.000,31,38.300
lp_nl,977,1000,0.000,488,16.700
lp_nl,978,1000,0.000,862,43.400
lp_nl,979,1000,0.000,437,46.700
lp_nl,980,1000,0.000,935,28.000
lp_nl,981,1000,0.000,554,27.100
lp_nl,982,1000,0.000,410,61.500
lp_nl,983,1000,0.000,862,43.400
lp_nl,984,1000,0.000,556,32.200
lp_nl,985,1000,0.000,410,50.200
lp_nl,986,1000,0.100,66,42.000
lp_nl,987,1000,0.000,139,53.200
lp_nl,988,1000,0.000,717,49.100
lp_nl,989,1000,0.000,554,50.900
lp_nl,990,1000,0.000,249,51.100
lp_nl,991,1000,0.000,437,49.800
lp_nl,992,1000,0.000,627,24.600
lp_nl,993,1000,0.000,717,48.800
lp_nl,994,1000,0.000,437,75.500
lp_nl,995,1000,0.000,142,59.900
lp_nl,996,1000,0.000,410,62.700
lp_nl,997,1000,0.000,556,29.800
lp_nl,998,1000,0.000,717,58.100
lp_nl,999,1000,0.300,66,40.200
lp_nl,1000,1000,0.100,664,54.600
