Gamma,chi,psi1,psi3,alfa,taylor1,taylor2,taylor,kappa
0.14769986461489815,-1.2716605689512215,0.37185975075655808,0.20202471360370222,0.47585966011945535,1.0784831615959634,0.48689965149405739,0.77999873874182724,0.7735448509409214
0.19332729572266233,-1.4967923247533801,0.38592813323713182,0.39437072642063142,0.18327786806267454,1.173701134833407,0.49795305748273894,0.75054936721760446,0.79353429366361339
0.082737040468514933,-1.2815144236038398,0.40519216487091669,0.48630514263995561,0.25103048470794032,1.2908139166726302,0.28040436691903209,0.74877494929749822,0.84542015279149219
0.15405022520431688,-1.4620457409121155,0.19719650579069209,0.33764903186446676,0.33523017014236922,1.150585122521365,0.40391317388771758,0.55546469372728324,0.56498297118201968
0.22004324067601488,-1.4155224587541999,0.49966134082053959,0.14637257586143662,0.1890312780677659,1.0229145687268053,0.28337722214751054,0.61693489135634316,0.94686478767456306
0.088124340434606929,-1.4833658331056883,0.15290357691523893,0.18221010150333994,0.30383308597542058,1.3039801077909161,0.19030259794822105,0.62104995803809082,0.85002821871307455
0.24730661543781157,-1.2885447206911496,0.47681841190237595,0.46830475886907985,0.43616398238525578,1.0824342171607346,0.25316613150116812,0.78494156351009181,0.77702139783286628
0.085157331734445507,-1.4746380642770756,0.2759266194952672,0.23984728413895651,0.35536657004751504,1.4606799584624002,0.12461505359998562,0.56265371934887531,0.81594800043863924
0.14964638224502302,-1.4393316460637589,0.23928475822553921,0.27581246292323897,0.49431803996750012,1.2880686588526535,0.0054091047486111519,0.51144099101976037,0.63220841128411875
0.11120205008689937,-1.3084802953070973,0.33277125363653332,0.43551766973748296,0.13145524888481186,1.3979856565968063,0.4213023166269021,0.79069757527500995,0.55142575930700133
0.05923833149265962,-1.2641369184861462,0.12018848433794542,0.2367205861258212,0.41115743763231938,1.3228163959122534,0.30973202879157019,0.64839051374279033,0.79254932767982655
0.13542416347998448,-1.4819673417722272,0.33855996094380558,0.2406211172449797,0.15795056097595692,1.402013273611771,0.075669647945390647,0.85225682533494407,0.89550056353011298
0.057087701894211598,-1.3351248500899815,0.31599438430831195,0.18363613970272633,0.17531662973206419,1.4953643930927889,0.01501500198189352,0.53452748892883017,0.54312011292613827
0.2129698823276272,-1.452002298919145,0.23080773585838246,0.15415629405339465,0.46678284179510743,1.0510317373615501,0.29215327073083552,0.8172827100882758,0.70561134126412639
0.057520050046058216,-1.4469573052941038,0.44655688837816709,0.22067082895971968,0.26209556805352219,1.3443104161805399,0.42526080746037964,0.8900239509731025,0.73078295367339363
0.094591128983146311,-1.4575208542468643,0.36133441895708662,0.33542799849147731,0.33806043869763591,1.2796388385668933,0.49350350938055737,0.6655393774289482,0.72871487870958274
0.1688092622963947,-1.3644264486819213,0.20750597988753319,0.32704703287366083,0.15508551039696944,1.3912339654257031,0.21849391337902452,0.74348779045864777,0.90081676417440337
0.14282582005675643,-1.3000747485406721,0.25303747571918916,0.42531830272630211,0.32040575020814976,1.1771313980777136,0.072669010872369197,0.70187347236127906,0.50706185021152905
0.21640338069645831,-1.3328402774937078,0.16016729041772376,0.38559162333323649,0.31286271354686757,1.0591579922115502,0.45032256639095669,0.79796502922781432,0.8646208859979968
0.13563770907666278,-1.484619446074867,0.47116070928332665,0.36555541933896041,0.41374998933418827,1.225353385230898,0.42302023512642101,0.94456999312841505,0.872809905373227
0.10398540271828099,-1.4100971063046652,0.2704220515043293,0.33468594726137124,0.11111680630538012,1.2863844332001344,0.16217707035226761,0.81540381792354166,0.55986143278261313
0.073263089121114414,-1.2944667406485015,0.41960735606574395,0.20042670725992506,0.31051809472195507,1.0203481995747565,0.13928351519885054,0.68156939429280539,0.88317369739669749
0.071615006463310441,-1.2806512505512158,0.4224347842198316,0.10385006297645674,0.11032472512149481,1.3542261086059992,0.26919617613555458,0.73935474987861949,0.75536375974116443
0.19818769623997901,-1.4378764015573657,0.46366123080308519,0.27746218655814237,0.30699483885110335,1.0170371742727562,0.35183810287775408,0.66470992944880647,0.9226832980685773
0.14729723742170531,-1.3207263912074452,0.36015893433962898,0.13466632305275761,0.45583764362005519,1.2996037961132321,0.21591816322826962,0.91419598503947475,0.61145240024125258
0.15261169027353777,-1.4837475205611446,0.35109512867755865,0.30857053786969091,0.21313677469127174,1.385277148930163,0.098986468240971653,0.75648105161348012,0.68009898591473672
0.12374998125257131,-1.4531613287201026,0.37991539600383961,0.33928879165145298,0.45925683748007395,1.0034173562792903,0.25634685266530549,0.69080405529772781,0.8290037533393293
0.1878382792075341,-1.3776738979510164,0.22625842241145291,0.44957259083125556,0.40232663832453874,1.2868778879127771,0.4947310908035088,0.89932697303083509,0.89058320090696352
0.10254032633843302,-1.3024372381937557,0.22061040893221645,0.43824001801596946,0.18102460173366608,1.0425798655989011,0.47491611334353095,0.87959511562154025,0.64954107959634033
0.075783071231959862,-1.4253869501292959,0.18840070692212305,0.16236437554697822,0.30938788503130904,1.3230944388121735,0.25979988096167794,0.58128758186479879,0.80629442181065869
0.18039086698484774,-1.3563341003407687,0.45744729578410981,0.19834068240297012,0.4356927929773794,1.3740610345512654,0.37886190343624465,0.52711682404014759,0.58162676168772887
0.092950704540450707,-1.2710354716854544,0.46444234400689954,0.41092933467188897,0.41168109039630629,1.0043710984591792,0.22750030711131483,0.50908396813709977,0.54015240508431683
0.24097019539449843,-1.3504588330858556,0.35848291147370814,0.40222647339382644,0.29666738997261011,1.1491204090994094,0.4697999061935344,0.85676176713839025,0.68946864632483051
0.19968756608062216,-1.2984609216935559,0.23498517933948909,0.33027006909901374,0.25170185301217907,1.4543120714998248,0.20016465491453603,0.89098442596484362,0.80512701921835106
0.10520263531997801,-1.4509308316134499,0.19088074485134551,0.3725106198263668,0.48543531082911084,1.456266027942406,0.30677916042572362,0.74175012835382348,0.5280348657816103
0.19501508694593089,-1.4431073780617441,0.3893271590327112,0.46236311044470446,0.47666975026365122,1.1875230387571136,0.43523546033555688,0.56319329750695113,0.52697330258464259
0.16637632969953023,-1.3091802136836386,0.20463714919537537,0.25701290599342808,0.24959458599309836,1.4549254096207591,0.24424155084910887,0.67786902001041394,0.94005551573898261
0.14674421198559395,-1.3965875469938804,0.27685412205472681,0.37452672203291271,0.47979940686254363,1.2738242713554877,0.1650177713498362,0.89416965904927748,0.581372164876652
0.23730404874296823,-1.4352844307345967,0.42493371253630396,0.31138941736221126,0.24302414432695868,1.4072563480318103,0.33331917885411522,0.72970584212218004,0.54971665137466519
0.20750293469702163,-1.3219578079440402,0.10656691898363511,0.39479333141712825,0.48462046239208689,1.3845082169982827,0.29845383391254093,0.72315359513340716,0.71878268413201396
0.11213320276247916,-1.3550254911596828,0.11241816502279259,0.2063968488121555,0.33128726440896283,1.1585830344453003,0.065569398770105883,0.72815816126310706,0.73202046607933657
0.23358320865025434,-1.4146782752593996,0.34539281066478988,0.31362780089596209,0.30559078339677703,1.3364549640052801,0.12726789319219195,0.68513801626636739,0.726213015773024
0.097909026935323787,-1.3732978935640845,0.37763547994598679,0.4049739187576582,0.25444893041655992,1.3026831172085198,0.01806724918726928,0.59161331759408453,0.84850182893693271
0.069050934889016286,-1.2524547802401256,0.14964975807596689,0.49614814567522869,0.26832115868041312,1.1502957874000859,0.461611506601319,0.57924397750821111,0.50222334620718101
0.16753740984699472,-1.4174075550499778,0.33136924377712618,0.45466307400536154,0.4516346181646691,1.3044906603309934,0.20909979428284126,0.80835245331026928,0.91990977047340361
0.12259008738278025,-1.3741264928553683,0.23720527984557505,0.15871257091109173,0.15258286520257447,1.3257673742125986,0.033039199799711726,0.85610569569949302,0.88458455955361226
0.095415711130337755,-1.2529798349893402,0.35168093905874698,0.26089934737208353,0.17027341814692087,1.2710724014930854,0.47969022205756545,0.51490896188819479,0.53841960314733328
0.15098954173830764,-1.3405620308175603,0.45164577358342506,0.38394142010392118,0.38496799575992391,1.0131062463259077,0.007326182222329513,0.5676481744221693,0.81110887046646529
0.094062037377834015,-1.3343076609152837,0.17894605072837677,0.29933016813429425,0.34415869611545824,1.1811359269688011,0.013465536550800149,0.86393304770741008,0.69318074831632914
0.11809971777571737,-1.3327447215717787,0.26441182246982531,0.19348109493749918,0.36853110868286609,1.0803987609953796,0.20203443571428964,0.53379280111556182,0.77435892860581568
0.13105300358769306,-1.3983233689110959,0.38848939871170729,0.46375705220469821,0.34383120940002165,1.48383153304145,0.053678812338679417,0.805360488010057,0.60752426716132513
0.24393961848364898,-1.48997026911817,0.10088030882032292,0.46300943205278888,0.39887183995211639,1.2942787221338001,0.14546985308724333,0.94668795838554876,0.89270098904838746
0.24405235852270529,-1.4998059668833907,0.20360544930213645,0.11173100128525056,0.46551198396521909,1.2468981329093418,0.20601085182855119,0.73527351620500747,0.58720806844172801
0.12974796426810523,-1.360947276232978,0.12110020849823117,0.46410933910350682,0.28324456551947735,1.2826081501030753,0.36377495138534738,0.59975511592502451,0.93246054863886152
0.058733236352023627,-1.275946077296781,0.22948244061188794,0.38710308432643348,0.2035630420529988,1.0248562117285704,0.41748040753182947,0.91961430909678166,0.50135652930934782
0.069455511657377858,-1.3674678279154215,0.35378024147405718,0.21909644502279138,0.2973873193197436,1.1628557484726025,0.015971517898153671,0.78842704310973,0.78644422739299569
0.21872448276264095,-1.3082369409572236,0.36901620747876507,0.35823649737821472,0.44428837831854906,1.4178908436118198,0.26644398251390039,0.57502801707531992,0.74483409849208482
0.2150724034768024,-1.3156700989209522,0.38289003542112809,0.10236067507139128,0.47806611114013742,1.3528664361154996,0.022997312113077602,0.91127367527722991,0.56614233923796142
0.17869038424470735,-1.3738928609487295,0.27491921876970915,0.1957193287098192,0.46987259373565338,1.2834759893164691,0.3906150861037801,0.93237273020155698,0.78923789727855187
0.063623456118540644,-1.2617677637370259,0.41724752493074579,0.25174569168377658,0.30580678164531833,1.2681416976209425,0.10955174610618879,0.73345521437155148,0.8653403777972104
0.22406211867832743,-1.3138782933197499,0.24489000390916152,0.32834678348867352,0.26694657272596378,1.2475949003019335,0.29551155381024008,0.65501236527146744,0.79904064832763955
0.20377631330642776,-1.4220971379667049,0.11910802445466113,0.42404792086643617,0.24490210099501114,1.0679828504960831,0.34092750829878604,0.7015353266206118,0.57385563927221683
0.13822051638908142,-1.4613723732957697,0.33618431152776163,0.3959184432471734,0.2808821968211791,1.0476791746541687,0.27060809384945139,0.94023224807605965,0.94925814291208843
0.064830532187835355,-1.3729690677738262,0.28602996372109191,0.11064811768495982,0.24391342469038016,1.3176162470135073,0.31275613888587472,0.91732964565046571,0.79500670606585888
0.17901003434504154,-1.4633080728975651,0.24107654221815056,0.35379156994619154,0.40696010286453677,1.0935247142500175,0.019089552968031782,0.58529018238952923,0.86961526073930084
0.24920816937769041,-1.2630887235497148,0.13440900721361862,0.35553113411732262,0.37734878196744082,1.4075983329522919,0.44110790169562308,0.6841985067134444,0.51348613581286129
0.10996314247426602,-1.4357422189840434,0.11704837127548215,0.15119602837527107,0.14894880994479143,1.053430942625222,0.19687503375628945,0.60699841307382707,0.75762130831021912
0.066292801566971871,-1.3764675459294666,0.35428822115271075,0.29526355765183832,0.2249564623092335,1.030500095500684,0.10215874323828944,0.5531945158219993,0.94085684399095904
0.1734291979219903,-1.267314541571583,0.37574052093309385,0.29272361958768889,0.37190821042995648,1.3430027404646914,0.10016724608557651,0.59931056760256807,0.85277825142443908
0.072835464637390518,-1.4798319800163253,0.21050780487692669,0.2985796071384787,0.48966595986650774,1.1733954611947968,0.34928177775658104,0.62836969199389225,0.80249250725810772
0.19564038332895095,-1.3464395506610438,0.25374659825949764,0.40418933932001178,0.3259224162660691,1.2814228198434696,0.067134941799470493,0.59188342788797355,0.83379208017892126
0.19755433160320207,-1.3410074538253594,0.16605567449356834,0.21814652942175389,0.2004155305018574,1.2246500837240295,0.45058201873026538,0.71691423705841417,0.89890453393575975
0.055441391359978137,-1.3382212813848695,0.45265547789764193,0.31967103289365661,0.41200138750543081,1.1945936981839931,0.22511801128259543,0.78188309362933328,0.76887590611359169
0.12673325666401153,-1.4752332447918679,0.36496641392046447,0.34982725364580614,0.3804499907912402,1.4402171775971495,0.092044582291920057,0.73244676220007487,0.56250513957764758
0.23905100183310907,-1.4937685344728258,0.47988734719664194,0.31512447183764847,0.3395665481006267,1.0129721721907725,0.44599126459917038,0.77426143867102359,0.57823325698552097
0.16404491437289898,-1.270763863235669,0.26370147253917886,0.13232752748822701,0.32108641240743763,1.4684480531028306,0.20050744715452873,0.70614589158333874,0.6485497563624214
0.064172284461725043,-1.4537508065636089,0.45452246645716876,0.19431037184656536,0.23344635957280249,1.1594696719000765,0.36345950713202346,0.87675065184204926,0.8780233572252456
0.061496344954721574,-1.3751802464606158,0.32900515518916978,0.4949763340135479,0.47297349832681645,1.226073870274039,0.10425228363317501,0.52903672688490722,0.85409935138398274
0.17130508992877402,-1.4796230771067205,0.45675882959911418,0.32058345196891169,0.245214081999826,1.4537140783670979,0.47085068450533979,0.59450005682693585,0.89943146079959368
0.056634329903945672,-1.2906526142777448,0.39054988794230816,0.24671798084715679,0.40424382578563611,1.2699991745940453,0.022260572640230188,0.86331926081575605,0.56417604838276769
0.16548235457359139,-1.3108515216647416,0.30988251352222718,0.42315960819976173,0.29852107553940577,1.1746778402430724,0.21974913994906126,0.70255239881247711,0.80155420903538088
0.11220846306077667,-1.4787544904034737,0.11624116937065879,0.14876711849334995,0.11932931000125127,1.1885339366420542,0.30781825051712047,0.6180136541504021,0.71981638682792193
0.18501685679945112,-1.4937311159527622,0.4138763025579496,0.21571704148933227,0.24194321391684256,1.3174637201051271,0.088770052110791267,0.65722468310716675,0.90757988016155311
0.076038873962831349,-1.4337313575767012,0.38994083895895482,0.30176713123825871,0.1628481653102446,1.0319949582957795,0.18094166778643919,0.81819175991074478,0.6480282202658425
0.16709574425992424,-1.3695595418009872,0.40969064763350638,0.10920061231244799,0.17145163766934146,1.3902092474272851,0.019711517989642151,0.61518209103680421,0.70596357423254374
0.20021517732151717,-1.3914254783343079,0.11327894260855788,0.37969609594063924,0.23104579341878806,1.3166762873482036,0.010028287771696396,0.93431003494260989,0.77889665276854159
0.20399126141893859,-1.38056545290168,0.4233971050173706,0.13423298990099511,0.32557577014631583,1.2839971848155829,0.27285270293730596,0.56385236345362977,0.59162707398494319
0.089791095288476785,-1.4025614019479558,0.38625152776757476,0.36747033335330603,0.47145513342493706,1.4886120367118676,0.034727564851325776,0.8506844028873759,0.89584556630419432
0.12756767052668505,-1.4881412422191391,0.15011761514774286,0.45793319989835291,0.20731503434505225,1.084031953701124,0.10630366876013528,0.93551069698033906,0.79325631184341572
0.17217635200000997,-1.3584518496435807,0.13838371398710325,0.1195292875409021,0.34910936561602091,1.3635899142952486,0.14475653026285534,0.81422711751831778,0.90645052238536128
0.16980769608297608,-1.2512989772091241,0.24196945564367806,0.37234743291593198,0.38964984866319818,1.0892914710861037,0.25462513526292707,0.66750325624002615,0.82784958612072923
0.083605250236398587,-1.409329191260597,0.29872254451984259,0.17221870056240549,0.22073667618431361,1.0615786699887853,0.17054324253620637,0.83529639061444216,0.88535679231772157
0.22922477240690498,-1.4777228014384729,0.22974016048775309,0.12850791039255485,0.22939810780811504,1.3480070270610169,0.47689159467108944,0.929616766094993,0.51774197277901624
0.09683875034550149,-1.2955131647604263,0.10549182419070634,0.22539397929243393,0.16702057661124414,1.1121419154525665,0.26833787712541846,0.57124730102203758,0.79393340469984297
0.22801032866626714,-1.3634304959520211,0.28792398377131634,0.42730880351999512,0.33650757319404334,1.2166010204604507,0.053226271448144048,0.91362591822082218,0.59200260624562839
0.16219691964296828,-1.4883471376024116,0.34030547250367871,0.4227583102750665,0.36393824558601229,1.0882366170367785,0.069721137123336219,0.92387663469657888,0.88164562803159185
0.12437712589553258,-1.4111807124241569,0.27363534828610347,0.13845414193719574,0.43932225847260342,1.1087870722788011,0.3485351155175781,0.57864432798593957,0.57291235641916682
0.20408144587152943,-1.4297360119103231,0.10514497327527678,0.11418207388054233,0.27505852818888998,1.2633490097568225,0.028419063417658447,0.58915794578003045,0.91528165041069842
0.080949726914040537,-1.2918857866557163,0.43185735209689469,0.39910809813885773,0.18134938282031729,1.1642696977935916,0.47189997217213947,0.80355562019501159,0.91794464009891552
0.17233262060480115,-1.250867796781389,0.32340879143475865,0.39178257371007563,0.28587768236754063,1.4619106395891905,0.48327826138242808,0.63251059613243554,0.63680184721042554
0.13868014802879791,-1.3319519858699944,0.25765436808662534,0.41301372424711569,0.26037009996917782,1.1453747440520703,0.081810750180719885,0.532999754717978,0.60813153369751294
0.16452710162093137,-1.2718820579317398,0.15706495422543512,0.240331008641329,0.21923153944018928,1.4600105482044963,0.37091135234317968,0.58241468175374522,0.72792781217426139
0.16818962033338658,-1.3269492591368768,0.15720392760603039,0.11504263532431858,0.28264698807065375,1.0164963626068051,0.33681381508226893,0.51552356476062189,0.58470354377867739
0.071086876851174874,-1.4325532237014267,0.19734612303418045,0.40737348242971771,0.1322320878241329,1.2876963439156406,0.38508251329031645,0.93741247847763143,0.80922578314329985
0.21787072219134224,-1.3909315449007624,0.22227207073312019,0.4605181699417964,0.12906969137266239,1.1943209312960887,0.10125824345528239,0.5066019837941742,0.5413929625285524
0.21896651397745148,-1.3039971844295157,0.19819172296147017,0.18939084832453054,0.24652489868024666,1.2700476508771614,0.39407155521377024,0.51840037170438236,0.66315633441382627
0.21667456778914235,-1.4171079006987852,0.17151278214711524,0.47618785875154657,0.40352822700451241,1.3622601531854026,0.34846318886607136,0.66027178625943328,0.92187175039636615
0.1993310422009742,-1.4666009583869652,0.12687068456274039,0.38519870842154413,0.11469943957283815,1.4655615173146377,0.26517932472798733,0.75208395081675472,0.70804910248125053
0.21980258240807465,-1.4195538326509809,0.30550497900977225,0.35859499115312032,0.45361707526857631,1.1412503348530088,0.43396518814561374,0.76117754552379147,0.73227483234441459
0.093925174048227561,-1.4491398070188608,0.29475883661950791,0.243255388959878,0.47711347051737452,1.2892621914265256,0.33082428448815748,0.85470908333814088,0.77155150095426017
0.22735969465280031,-1.4580288495961757,0.47370673629319915,0.11819724285839882,0.12263149134685555,1.4446983273921143,0.49984949936781392,0.88734400141295877,0.82040332083105894
0.11531182393632533,-1.3533590760068197,0.10751384232064468,0.2032775294039558,0.36744407432552517,1.4690912290008882,0.40567837530635309,0.71005871945323185,0.81750587023340393
0.098031761784908356,-1.343734826268699,0.26280912164106252,0.44412890674334748,0.44922719144231138,1.4131612756307068,0.13739957758337892,0.72599926403759585,0.71198196872587705
0.24691329519673449,-1.3731498572744689,0.45052714452415332,0.34182996236187835,0.12176369321732826,1.3662599097406947,0.12853904150430445,0.9379947712281691,0.68569787278255356
0.23582821682427269,-1.2615817073846243,0.48627704965070984,0.26640911421301056,0.1853898939983174,1.0332429335549387,0.094273287681272674,0.90433431414886112,0.87243693801376576
0.20258519146037934,-1.2628171111770403,0.47753680315315739,0.24198429894539927,0.20221368419837804,1.2409957635494608,0.27548110819263255,0.83825112804417046,0.86048511603688138
0.22475119168194341,-1.2574861001395028,0.14325941705302903,0.19261369484126858,0.34945430331081628,1.3487183959136189,0.24342985636940984,0.54367956950197904,0.63115217114686839
0.058513001360699805,-1.4212998019776932,0.25595398006426462,0.26282030824765834,0.25402558850070001,1.2304603114784536,0.41159126139812585,0.60986576480332855,0.5440821929047206
0.16908314326227417,-1.4872673738236417,0.31606641104869537,0.48384457834408423,0.47613754428437238,1.0252553710200694,0.030502753712623992,0.91475006713106399,0.84013657834642297
0.096515008255385171,-1.2739141078214546,0.39166072454895706,0.18403628688559981,0.3885688881022421,1.0220290953503568,0.37298025154316478,0.606470078625162,0.65781307103851905
0.18411931425726169,-1.3309251130037976,0.33579458891788894,0.265268649886925,0.35091563501379563,1.2175047771884724,0.29117135811801392,0.5307720176739219,0.55339221858913856
0.20150631171371136,-1.4738271673872108,0.30777568582174752,0.31417332567362344,0.23515860107286812,1.3574609121042287,0.44158726410353688,0.92669368551215858,0.82363185692140339
0.067469060332496125,-1.4866115651277831,0.17245121124257606,0.43490783957623513,0.44740155630166933,1.3789907671290251,0.078090668847096548,0.79259216912998331,0.70716443157414544
0.22167309308688748,-1.2893808033345631,0.26600712552614214,0.19395339025650182,0.18072871591035022,1.3249700514312104,0.31631198527474774,0.82398004943914693,0.89324530084469655
0.093445345318889372,-1.4942658365341885,0.38471510961214228,0.34837126717880551,0.28753758372612748,1.2412769930452163,0.19143493903635675,0.58203029805008377,0.7386589471447973
0.16131694382060491,-1.4036831509501202,0.12482287927112036,0.25785384404065981,0.11340770128122625,1.0207413045656482,0.24669042891771559,0.61403382071183121,0.91550064836364142
0.073012504024516409,-1.4303093116106724,0.37098145070067023,0.1973446715794426,0.18472469171155531,1.1874076953482555,0.36598380312728052,0.71544165913196334,0.71266922560585633
0.095746474489006417,-1.3672405562909236,0.43364396802928629,0.33807405731489737,0.40485661470777801,1.3765750268982941,0.33755365007599974,0.79329092630336029,0.54897258598295395
0.13201579610019759,-1.4447443900561301,0.48268688812977933,0.44049442393663008,0.4025956270583122,1.3601535077832887,0.20137234532059201,0.8583746996604138,0.7230230861241993
0.21319252732406951,-1.3274315766814964,0.28842560488502611,0.20378529411237303,0.28911977318827498,1.3708548451484455,0.035342362058885503,0.8766431577369137,0.63586410897256374
0.20564957296510122,-1.3540283147406822,0.24538549381111299,0.47266131655080101,0.24739606107504786,1.3418733122214437,0.15518933250878333,0.68841475381342243,0.870040944818262
0.22484123996954003,-1.4891987355899186,0.26080189014367761,0.21646172489076809,0.30851366353730381,1.2497827933491585,0.39343872833966065,0.90664881110165996,0.72530848321697372
0.10939355495549238,-1.3767099607911579,0.25891549381334511,0.41730530280818179,0.24842830298562613,1.0150379677902497,0.094912303784262103,0.57028982078722767,0.82152527027601963
0.18101640493277721,-1.3106309382287269,0.49925451853544756,0.18666066934254982,0.38367813016531804,1.1619313275830347,0.39279607677040429,0.65834582792171237,0.93080337132830504
0.20833226649246772,-1.3528538181033849,0.37456540485893641,0.47212501825555553,0.4255207381391487,1.3050673673967195,0.39847915727778999,0.7538324002616007,0.82684427448052578
0.078213646460481345,-1.2565811681651105,0.42712161264182902,0.44608162111159,0.18981217030204212,1.2222811965625584,0.39727989286344645,0.53122224332870194,0.61502258727657866
0.12564753246301863,-1.4712007206988806,0.36266438534871426,0.22442496063483899,0.34565278860653847,1.0194168066650435,0.16275741357676224,0.75447860406960876,0.59612540184060836
0.15914145455801848,-1.4415034083738654,0.26591064611468951,0.2121251639345107,0.22908817014806415,1.238713421694112,0.38261629031915467,0.94790232710364264,0.76033146900355608
0.19353269763707404,-1.2969004334074608,0.35610617507214781,0.13166988792034651,0.37513996172699993,1.3959336166268375,0.45901627088005176,0.59002054806183324,0.87914863625675355
0.077612009508489954,-1.388648927794816,0.25536571015465864,0.32851866071567681,0.31600109442258939,1.2286187147635192,0.0089772004622642992,0.78971014563315134,0.94799366126081752
0.11703837236525261,-1.4310404989395205,0.49835998884013266,0.19077958948472551,0.39960886967601195,1.2629405572168249,0.37169685929297624,0.81097918414132364,0.6749069027089365
0.18499152777265515,-1.4358856563812863,0.10032309335523325,0.28545315716482866,0.39085536985993408,1.1979976155764818,0.44359781845478236,0.50055483762668473,0.56775082944051491
0.21053513107554517,-1.3546051280123887,0.27419705244885345,0.14257576070601649,0.41785473072068968,1.2390722394293507,0.46109841520371908,0.89309252457120891,0.6169230353477877
0.19034224160165208,-1.3510685953262307,0.43331105816897164,0.23635542278469157,0.15948855914903243,1.3381645257512049,0.37104312554626412,0.76714285211991684,0.5772178531505765
0.13806222240110114,-1.3629575260083155,0.22366426297151423,0.25399888046955527,0.24249533032554349,1.4436010782044753,0.24238945033277406,0.54690626977518986,0.81553296147068699
0.21084193820073749,-1.296535165775023,0.30833508179022467,0.37948533996611267,0.43984704822385057,1.0244020608522542,0.40313004392542939,0.84296869730328527,0.60416745498016833
0.16423368503790614,-1.4752894608844691,0.25480006765400831,0.39959287115453923,0.44698556782589138,1.1809395699593381,0.3459361520060944,0.6480410521746045,0.8383287738189984
0.051443716921640854,-1.2675606863976172,0.37851989006121167,0.34955721649978067,0.20474997771418529,1.4749430169435203,0.44808905360797091,0.52500994610777552,0.76794269605271781
0.19627421821888752,-1.4766302210601374,0.12674504989954913,0.47030170036371854,0.17377406109088811,1.0643124542566984,0.41391851749319208,0.79248492357950218,0.80425857657256439
0.10576494771614962,-1.4423642514542925,0.26521924191978752,0.10281462257698348,0.21987756623158558,1.1854766437503985,0.34160089465843629,0.6228726269522884,0.84061027482069828
0.073878009893684732,-1.3487751299489246,0.48660797793362776,0.40808469701049987,0.12500980796072494,1.0913946682985813,0.24395673053866257,0.71641548648919395,0.74911377353324204
0.23654467094688209,-1.4510810919854875,0.4582059908688666,0.30467962520557001,0.26184131629910934,1.0000154193836275,0.39360282206677144,0.6050124918125237,0.78509230937875973
0.24849071608248735,-1.3568171586819169,0.23882126483855953,0.27843723810974852,0.22547482718092304,1.37210182174149,0.3325726531548307,0.90532043990395628,0.55095050499085407
0.10645885116911856,-1.4331045329663268,0.37626091415544183,0.21451247072381707,0.10721645745483328,1.4909828491334007,0.034293386261568574,0.86461490319260348,0.5790820177275553
0.12552162519852644,-1.3284095265310503,0.43451751862890253,0.40976246541245898,0.39176982677673788,1.198995691983411,0.078929092953365004,0.69744380970432229,0.58408737345851724
0.062486470735925295,-1.3034819775591215,0.14811498830303552,0.25088934606103058,0.43123804885995554,1.1822120214085849,0.25583244583507697,0.59435888474663534,0.70104341408219073
0.18083318704509033,-1.2568611104975351,0.45635718388974711,0.36034129526045622,0.22126168122035184,1.3699210365039347,0.32582320326587727,0.544505078883329,0.74378106618392603
0.13695129469272313,-1.4839760857649114,0.4658364520823367,0.42666977745113266,0.27064103241317827,1.2170773641280117,0.090892826291493728,0.90077304008474246,0.7208273298822977
0.080450532854918738,-1.4159284391258993,0.34658947229978376,0.35702238763261762,0.44463344126822235,1.076876023521969,0.15306837026326078,0.90584944137316781,0.93333225774167761
0.088780477066523603,-1.4983204029335078,0.35766393860521506,0.25995918544151397,0.28862824637943196,1.0237365004610999,0.29312839351540426,0.92815854265937092,0.786953637955635
0.19692269802105972,-1.3076561470154617,0.13924328710847864,0.41323152173578881,0.21020331368772657,1.2772845207916821,0.3150515366354546,0.66709723975042412,0.53647744736977465
0.20599005077432081,-1.3230464839998213,0.22511395345963425,0.17321922380597732,0.12022206064324359,1.4122295408933569,0.32009341772856625,0.71339216461700605,0.83002952331691371
0.12192287957299337,-1.2833249893904122,0.17172067891297804,0.45834384046352983,0.30184128064972982,1.4249705272737589,0.36149513920517329,0.89448587681746705,0.60488358295116185
0.15856068994690789,-1.4685171535379449,0.30367671041522315,0.28236609685352632,0.34558932325185904,1.1701727259595538,0.28730863483716979,0.92774472214845694,0.79159303627973454
0.2183474996479593,-1.269839215923072,0.35000720089685811,0.33356666376344568,0.46736387975695459,1.3905765982981169,0.41640838266156766,0.75162688005461886,0.89421139217019119
0.098602766847157824,-1.4683609530950714,0.42835471746629616,0.38616950977080799,0.3977940581262811,1.204822117314766,0.46080294445401793,0.52530433624730455,0.73598295939050895
0.1614416583432281,-1.3831702403502575,0.46700726297300243,0.35792422315283312,0.34721606460406707,1.2723525961623037,0.045155537790784045,0.87558548989718576,0.85746945184939061
0.148818252105402,-1.2666977145411977,0.21213155668847242,0.11336481259034886,0.48095321503121413,1.1076358213556277,0.13645029565053401,0.91817822610948752,0.59423928505958223
0.17962369283863577,-1.367944153509479,0.46074445739562631,0.18612592761332147,0.16966636804675106,1.139627142660055,0.22077746781918256,0.58576789055823442,0.90482787642639406
0.1806656822161406,-1.3367512810765592,0.24061582225659553,0.40319896091366803,0.16854372733791845,1.3393315179385454,0.21423715319644204,0.69908136253090669,0.77193256411560385
0.065005254069833457,-1.4715498015738466,0.49702357283450349,0.18565209227292051,0.30675232427915133,1.4574922150660585,0.23241146387509976,0.6426390274823689,0.80752924393874703
0.17984922226287137,-1.2945063570177158,0.21465265839880143,0.41171762081678998,0.43646165055845576,1.1527303184198001,0.28209952073455763,0.56568180827097936,0.72129566305762516
0.16173469072022983,-1.2770913195107547,0.41138180008609682,0.44217265710149434,0.22977205985478749,1.3197012535303423,0.21046018358005608,0.54810317841441136,0.61328617001845975
0.14935894947050787,-1.4501154186362566,0.40141701010908515,0.27327732973417612,0.45796735038160941,1.3494381882048909,0.3799816265025705,0.82098911494500881,0.6545504580848176
0.091711176432163907,-1.2589963308478087,0.38206492661975855,0.3078278432159588,0.2536914214493885,1.2601418859988309,0.044652967567779048,0.73014042350963371,0.83121533118427804
0.20891620344991874,-1.3570440394570642,0.48579847451252478,0.28984916020903501,0.14985156687521534,1.0322808546698516,0.15883171146522487,0.593579373614882,0.52402926406096273
0.23935459991089758,-1.469975443920676,0.24640669995551692,0.11315741617520081,0.19991759251258939,1.1311393270726078,0.20192609490075933,0.71141838293365667,0.53797920870631388
0.1656874475972695,-1.4178642271311215,0.30518575437914036,0.39116521619644062,0.46883934331032717,1.1458764530996688,0.085583870993962058,0.82669787451883492,0.75513236614528645
0.19206834573873338,-1.3828907450971719,0.41323149563220263,0.49188430539860306,0.49568338286743552,1.484434306830245,0.32616460679947612,0.74816291436715965,0.622593087092984
0.10274040336049785,-1.3632141808324185,0.39328347914903361,0.38983566407754755,0.25341502256358983,1.292100050173179,0.2271461085789738,0.71487415334756044,0.81703635269263142
0.054827463373741357,-1.2920010774799295,0.18172282544914903,0.49451494590149159,0.36586638714146547,1.2911653994892316,0.48959246219032382,0.85993802319451906,0.79677792714143714
0.066962107572145463,-1.4440265508894747,0.12451532399591847,0.40142346508846072,0.14069148007694021,1.2885793384722579,0.48548213830677217,0.76474105147383331,0.87573865655730654
0.10045063662361325,-1.3358953493634296,0.31912600877888675,0.45989846315144034,0.48503949956803971,1.1092763279318856,0.24955105206209877,0.55862542321351261,0.5083015666203734
0.058071464682044487,-1.4225247501380258,0.34227525566264516,0.13378468264071736,0.19622913577883058,1.0925712396451042,0.029004413278766582,0.8589215706718647,0.68110381981809831
0.2420779307651586,-1.4682464171152307,0.44177144750772979,0.16445334711768,0.32332742991782615,1.0012963202612275,0.35545064017824707,0.69031813125616948,0.94294078229890399
0.063032496910494437,-1.4166747478952124,0.35739660230054826,0.12998851462367084,0.2271903638580052,1.2138545108514158,0.30731985743651824,0.54751861408381419,0.72261619504977059
0.20221214753440547,-1.4713634002124194,0.1231853755571797,0.17983346939419714,0.42960047131964429,1.175274125099816,0.1818909877301593,0.61103907907794119,0.74125608393628939
0.21576244315412779,-1.394382069858368,0.17311190054370351,0.3175361982646821,0.11918974249926932,1.0839093025821496,0.070638125361302997,0.78344497780144162,0.85345780767062318
0.10810892962848878,-1.39593371162928,0.33647948258049398,0.11702763074776322,0.3429015501541044,1.0847280700937316,0.10360254507987561,0.70596691546540091,0.93794760878001049
0.18017607059422819,-1.4598865522617317,0.34907986320896012,0.17018216605102704,0.42630913869870934,1.1800477898214157,0.19957139749855754,0.83213083606967231,0.62121112206289952
0.20637442464138978,-1.391661247275283,0.47229913712624227,0.26682722665074821,0.3928095458078954,1.3262871927560205,0.45345998201630228,0.50534189627591442,0.94190488601500899
0.19467308338096406,-1.3749430186634952,0.13717454083184838,0.26509886944116645,0.28683372454682854,1.1029483861134544,0.05644786033944782,0.62205164008435943,0.79082541822764474
0.15982875965440657,-1.4717680540278302,0.15423544723836341,0.38894228133485786,0.29249701499624725,1.224377780729516,0.11440710532253479,0.62464620917249114,0.7792780885528432
0.12160878448603442,-1.4279379991741856,0.23212422295922663,0.16755369447023519,0.12356826900463172,1.3794661902860761,0.30603089266615802,0.66945409416097434,0.78579844486011297
0.090452560707691795,-1.4631436746383599,0.46253383709049478,0.21941706032256747,0.23403858754714357,1.4273010142281457,0.19225362588439687,0.74077084939949789,0.65905235307720389
0.17161364091794579,-1.3321356527521064,0.21354802734928313,0.44031108605889058,0.48035787917397144,1.3866729724228894,0.28416444041703631,0.79937414140456009,0.849185917401862
0.22422159225081328,-1.3154604228055549,0.47860698731034623,0.4024845472444295,0.39012432081862591,1.1251673976271745,0.16485096500202789,0.77919395268567149,0.66379527820675754
0.10887734525300911,-1.2721277851044333,0.42605502873674317,0.25913735516571668,0.11581246782929024,1.0022317193218897,0.36879415176167818,0.85445770540895494,0.8620290177101998
0.076265829332873292,-1.4302062951186023,0.28954029909460088,0.19618125833867961,0.10197716171131072,1.3597536326641138,0.48567029119453597,0.78533830064819288,0.83193186842539601
0.23420262282304044,-1.4523412479432045,0.41939980048199255,0.36320010751436904,0.41894739681156146,1.0269528886001107,0.23602368031040513,0.65088572847660497,0.62070876236744621
0.06326989858498816,-1.4572899557510346,0.14671107907051825,0.35081682617333521,0.17201952154587336,1.4674596338997126,0.42899169123989017,0.76829815866072615,0.93126132833257724
0.22615309107570042,-1.4106326163771967,0.18450393167284165,0.3531852105478509,0.49857955513430496,1.4678681442572239,0.07486766454768469,0.89168204754066238,0.54569902939002402
0.084257686685509703,-1.3789469192944179,0.4284630217329618,0.1305846966022014,0.13016006106755021,1.176596767073228,0.40237838168114853,0.8104519146571656,0.8549762845481732
0.14876602400184635,-1.354750790110715,0.1226878566826925,0.27038774148277744,0.31016253918025949,1.4166833210239687,0.15442910674484109,0.68397968175889445,0.62627875265571209
0.14187290363931632,-1.3354733459594366,0.17599233691351091,0.22966433648766693,0.38667170705241161,1.3192319637733141,0.3410669206132908,0.56444156021416225,0.88565739811393118
0.075539692266535466,-1.4004042062234308,0.14884952992926673,0.10120909071090174,0.44793466214290678,1.4453215736292953,0.11233088462368962,0.93112752037251845,0.60061315947059124
0.22504205355628115,-1.4849887106074806,0.30731805990276367,0.33985038697231496,0.19799539306632852,1.0798044046119664,0.40679936298518565,0.6071009603593025,0.71601812231096573
0.10449942968077122,-1.3906894819389506,0.39297794709860168,0.42596606826808769,0.24966982029710594,1.2276336543368296,0.44086617512853615,0.84999971357216664,0.57613407373827985
0.19829243371738259,-1.2579277971874177,0.34431311714369606,0.10630872233925984,0.2106834740777046,1.0165595519010118,0.13546263907249689,0.80139788547872604,0.76965653075063567
0.1118385061041548,-1.3020245455763066,0.15088798067858622,0.30252862307540274,0.40656630101212887,1.3678363351929632,0.077959947734529564,0.64090685152727855,0.56872107202117772
0.13323677010677115,-1.323535076790737,0.43590668601147498,0.12398014756801125,0.25009224968581967,1.4729622229517723,0.34373511085780722,0.55798942397781515,0.91241574965403616
0.087215891371887164,-1.3430125722358288,0.26994478207536754,0.23795675582518216,0.19723363407973202,1.2556556114867004,0.013612610737811356,0.74004365929178029,0.57427209302184234
0.13404156459424993,-1.38203577081988,0.40211832624723354,0.38283525893807413,0.2240213269748301,1.2428779014944027,0.3052534363887679,0.51648429484066249,0.78317643932461523
0.059463899646631943,-1.3862442997499422,0.3309997613666259,0.46525619364005444,0.40618561297487232,1.3843903803700841,0.010744734897139958,0.90789638026363351,0.68528570936202771
0.19048151131133179,-1.2505344606509148,0.35949726962111217,0.13641995315352901,0.48689436573688794,1.1133021146406052,0.46207810132401012,0.85363320052905478,0.51813236168307109
0.20866326343323288,-1.4691702815515431,0.31142164986704313,0.48165344782724173,0.34679552319720031,1.0181908049076644,0.10166049071247513,0.76374020764467454,0.74088627050217348
0.1583383181561846,-1.4785502732744114,0.15051909311609848,0.26172107811679901,0.17281784514535553,1.0414780553440415,0.15783204760338973,0.80239273825651858,0.6135687001400526
0.24447445250119565,-1.3014197699014698,0.41026340997594979,0.46137421428603942,0.45976521819508986,1.166052573121682,0.27683031509223521,0.80618356518656098,0.84703256305509433
0.060081177677556337,-1.2995234768256669,0.44932911084529004,0.16568142105429454,0.21519682944512841,1.442949921236226,0.00063989376601027972,0.63294457604170762,0.86827452579221842
0.21219566386571109,-1.3952195548129718,0.48374069420979182,0.36940655818132329,0.29979432748059553,1.3388596855984367,0.17791562364900937,0.56660175137146496,0.87600093089819198
0.1530088854126011,-1.4142312212767165,0.43743042708257862,0.46345640230722196,0.2732430507550756,1.1580370518527447,0.3504179170803749,0.7645378272428166,0.66860704449351704
0.1901540398949611,-1.4234429835663345,0.11643784067714172,0.15399247490301771,0.14934836773516605,1.1287072761515839,0.12267045712610809,0.71413179336927857,0.80708111610560185
0.17074853895850256,-1.3043914776818073,0.27839736937500215,0.12212327631527563,0.14385550391103707,1.1919420360866044,0.48280421524980349,0.90725958963427111,0.89382429758608717
0.13996301844069434,-1.4610865642194584,0.13968152464887165,0.31641508970349191,0.45077761257459492,1.2305798673181032,0.27784111111753412,0.81260986584583872,0.69488295618012452
0.068328736200137935,-1.2839132278299592,0.29121476071006541,0.12934976656976871,0.44501990815752701,1.1489248694621694,0.48874055194597488,0.76004770124490129,0.57165764204573366
0.16005215333442874,-1.3438859598650617,0.40687852379093181,0.18548890109953792,0.41140426763328319,1.4114712667950056,0.1988327398007402,0.51058025144331876,0.57343005499069244
0.17813051799154783,-1.4956222760570923,0.37743934097718135,0.35163424663336429,0.35700767801640165,1.3056902935472869,0.15847123201067206,0.59754481304671359,0.50916870944298886
0.24298788351303441,-1.4913594912215187,0.47255551562225528,0.12781791277410115,0.25906769629324067,1.2119051566971843,0.26709198490712227,0.58392328294340767,0.8374589519433544
0.087083171114244115,-1.3875053529642953,0.44472288050910469,0.21521392105564194,0.3780542481584398,1.0690506266594066,0.12557106075068589,0.93269739454319534,0.84217708818269132
0.19449692058431783,-1.3817097184821188,0.45382300366249539,0.47904384359127439,0.16101624720984581,1.4819921539567253,0.0042952572330096708,0.91551974587445795,0.60204134079304472
0.12008747827017699,-1.3530271300160051,0.19902959213948304,0.2998543779142433,0.41576506355983434,1.2980742642367544,0.26345725610863086,0.52357273918967884,0.65680566466059886
0.18226288462890944,-1.2515040412668639,0.40470121214897725,0.12191174886696043,0.27277702173965068,1.0779651946846351,0.17394021603677931,0.56426612930065378,0.57842872019762692
0.20701038378954811,-1.361775910818122,0.37205105302134922,0.16345269225264628,0.31732941719434804,1.3134072382267243,0.049016046500155459,0.63946387979191777,0.84361615389882627
0.077814991532461103,-1.4483823447385737,0.17748171332028156,0.44815192571408458,0.11495995233720367,1.2071182159685578,0.30591508319723593,0.82322959550137753,0.90120867989157971
0.18312595073880483,-1.499710524886404,0.14867157119984686,0.19704959052287285,0.24889141745398391,1.322173498770445,0.42407390789354926,0.87416378885007207,0.70380935179964088
0.076636231679132083,-1.3847221402594556,0.33525416022662835,0.14298518563918761,0.11377189504251789,1.1190682572584161,0.18684620943904295,0.57183995101471941,0.89190545327391058
0.07900797117952521,-1.2882591964805072,0.343202839619969,0.13727616458051817,0.43440936393453145,1.4069897306789514,0.34011695721332313,0.78058333246862865,0.51132604428183881
0.24541635639638359,-1.2677502231625053,0.29318905185191957,0.23236106295073666,0.48175797168959245,1.0342313583581366,0.12684577288506965,0.80376065641250327,0.75426735306383441
0.24483346071855161,-1.3011331522648422,0.48938285150877936,0.15466457456169663,0.48585661929854995,1.4281769834589197,0.37924475523708023,0.74323890998790665,0.51993376535116231
0.2148465204704611,-1.3474026652932152,0.19524966938719512,0.43077020766434027,0.42095019761324048,1.3092866798063072,0.29401004040996059,0.58852281834027109,0.59731741632176039
0.13246949022678178,-1.2949683572767001,0.25112550858767335,0.40763843864376903,0.26320592528162867,1.1296962316530175,0.48019555196215891,0.52309885431779757,0.75937567090799751
0.24636187196650522,-1.341999111468176,0.12042562366713974,0.2030327824034697,0.13803142353012982,1.292504116260865,0.43768679743113764,0.89870680715000484,0.85522022576534729
0.052216727124291054,-1.4187577142458623,0.42224232243778603,0.11246803580113915,0.1894936837126488,1.2758762240896091,0.35054614456355621,0.67672038572257975,0.72044942524566991
0.16287370689110442,-1.254923867987054,0.33953494693884517,0.42116114378832104,0.21537725895824056,1.2568393599202978,0.040078446749673327,0.76750003998581007,0.76216441481697006
0.052880405358734422,-1.4240595832531118,0.17780925294542113,0.24789995975125667,0.27537754039214069,1.0944391989785631,0.3762504710705053,0.9496833979518351,0.68676000597875797
0.16658762225562798,-1.252124977644218,0.18403707102880099,0.45157443255804974,0.27783787852784325,1.0382191787866193,0.41525379820157748,0.79589944015036562,0.72382547720513235
0.19087156219445445,-1.4918983419502057,0.2679061690644432,0.22948856711375232,0.23811727136610672,1.2917056540316563,0.18003397370198757,0.76337029298295567,0.90944232615456055
0.11760429843855708,-1.4735230057574795,0.1302954843281609,0.16040926420689239,0.43276326371232832,1.2708438330391225,0.38205137598301303,0.82802348316316232,0.81267208541763936
0.21425658850155627,-1.2696263584507905,0.27650458852551296,0.27278927153170091,0.40450659017121315,1.0257176580189036,0.083511546233367082,0.54841161974409969,0.91844097736445263
0.11506371842927739,-1.3566083010777652,0.23069670704441597,0.40037887708564657,0.34195606618529983,1.4955192148368446,0.24491007461541367,0.73073010400612792,0.64830215161563087
0.15786539099838987,-1.3601258429769694,0.31798117906874596,0.1416781566435765,0.11263768243611182,1.4421217369709711,0.1443196537126476,0.86207331299801537,0.80782877959575661
0.13006519164282879,-1.3893090638326069,0.38347025394588974,0.48100509873262598,0.44897998681179196,1.1674406864468716,0.26560463515992722,0.69411465764151059,0.58295576048806885
0.16492609622959775,-1.3539174466413251,0.31983288884522543,0.31908219530889448,0.31474705532791092,1.0286988275952682,0.027060853087544703,0.91331343512895036,0.81991574359330122
0.060894033975270004,-1.490072571404623,0.336982061669577,0.16504720715856422,0.14506345673432899,1.0441690514172401,0.37767917432954162,0.50543084086332535,0.59849282166296702
0.16220040842962175,-1.4868513418370142,0.1944298354365997,0.42170014470003436,0.32902861178588816,1.0550068258491874,0.21140970482264421,0.52172575779491093,0.58749725395470009
0.16350466829189436,-1.4668464884331129,0.35717915318050086,0.19086267025404416,0.18658473412512766,1.1426711244824079,0.32787048540135522,0.57361280466226894,0.88270346119826049
0.089909678757025158,-1.4341619987028169,0.37713209426974459,0.26578004692531954,0.42838226928716627,1.0756789580208297,0.0063441567035475615,0.80914903621100187,0.66989344328025369
0.14203767318926358,-1.4068501483724209,0.17978365350091852,0.25942424404602971,0.41508863947493368,1.2903049541438225,0.43464835214820885,0.80664611084979976,0.65071036950432293
0.20061779348440884,-1.4646828201098616,0.24989232149825913,0.12522234651918707,0.43193721755900716,1.095483538164143,0.10899157320887261,0.7405326074325953,0.69297390683236149
0.13968589579076471,-1.2557041176073118,0.15676601015921277,0.45742400862655175,0.15523761862635949,1.0028166013325717,0.15093813969340297,0.7330343157413467,0.70986355126426204
0.17780112360136863,-1.3605089605452281,0.24017264703765417,0.10963123636623538,0.44586654608216969,1.4627702677222167,0.14188460301599848,0.82531681372211219,0.8773602514553609
0.13437002604737242,-1.361614073020128,0.32954085331214367,0.17599324847403128,0.28667277402689961,1.1679730570866487,0.0068687322381834033,0.64289187981974649,0.59952949403085254
0.15761720175386865,-1.3127851136973812,0.36286360811332896,0.30894196022339671,0.11683069373639589,1.1232197628537099,0.011537142704769411,0.55844999660833439,0.92160052186582275
0.15556363308080126,-1.3524635434799552,0.26166157770334508,0.22610180840661656,0.34768639710154392,1.1906638503044544,0.1698766964461029,0.77868668810806474,0.88926480934464802
0.21398078069929916,-1.3911833859276157,0.43235988255436131,0.25321143837326981,0.16070458137255425,1.0037859545132544,0.29987516541750553,0.67859986815875684,0.8914433193537763
0.14958185503843818,-1.4153693555718652,0.19564419842567038,0.43378452426239011,0.26766496484111085,1.2340875727398708,0.14330481995303154,0.86434363795268787,0.5141241864055327
0.12396191484527569,-1.314511259458637,0.48754538577417161,0.38036335336678762,0.4434237518703229,1.2462036593395009,0.45890039966613805,0.71918130323479068,0.62922097888903783
0.15172529996792322,-1.2740555215462117,0.11442412870927969,0.26918532828015318,0.42787848534841566,1.3115720472437293,0.22201421495718016,0.72903130555719409,0.53095242401474818
0.16693581306905905,-1.3767547436306473,0.12778210003124352,0.28157408281700519,0.19284090097153653,1.4614444319556517,0.33242701813161391,0.5351658344357999,0.81063239969314127
0.14406099192347011,-1.4297791164339604,0.46429298559972898,0.26729158657591845,0.17952014552811479,1.4017753401318045,0.02602134947761706,0.56622636539199822,0.71172978355560179
0.18371314953479512,-1.2626554201612723,0.44359401831627354,0.40846223019030636,0.36805302809061768,1.2536219364253418,0.042790953605394089,0.71908985249999335,0.88773707218142794
0.088929587795228471,-1.4844020506641356,0.34197904025308473,0.14159020725083957,0.18568085932884751,1.0501872712089901,0.24892132421057678,0.75888149011869377,0.8189564473113875
0.12158150425181435,-1.2634431580948571,0.41647798880280418,0.19989504513940262,0.30446096738138834,1.0437066498955925,0.16764974721831019,0.85532401845475192,0.94889197571432005
0.21610723095272993,-1.3604255153785678,0.36560749579551211,0.31228815823220912,0.32410208798664797,1.4876077671469981,0.44967016127194964,0.73091596589079866,0.8031404106445823
0.10405874175345514,-1.3485968720914143,0.31441043671520597,0.26774767897996005,0.4833882311814125,1.0905049257024209,0.32873291134022981,0.93576727958621864,0.929226135188432
0.21779791158637313,-1.4934021454650377,0.30918780906031629,0.13494170296751815,0.33716254675153723,1.0545891904405009,0.20884916167949091,0.89040354952432121,0.64120184584426998
0.11164295942160828,-1.4964739712925004,0.19338376343018876,0.45497184780239441,0.41662463923154913,1.432260021646345,0.362310430112537,0.73198849088654538,0.72983258812567831
0.16242000560793227,-1.32501616934831,0.29502404831743856,0.19951162228664016,0.23023461080502305,1.0620882882935245,0.15047813401836765,0.86251437981403534,0.82518983203467067
0.056250157299793338,-1.3987879060063801,0.10252880684951431,0.25474451361283057,0.17456880341425304,1.4372533298191161,0.20455583852396966,0.88197791603693421,0.6865927201636578
0.17501588861966116,-1.3817941226175445,0.32392447731604868,0.31327862091711756,0.30438788723519117,1.1013382307511275,0.44749835360771151,0.83073508717431865,0.89195504175151386
0.21556323697026042,-1.3935006912020813,0.3242185003288629,0.24851380866734649,0.35589333700849946,1.2141026315021928,0.42700700893648319,0.53662666732124098,0.57107967406166427
0.1726669170618314,-1.2511992936002638,0.25704740089510936,0.18295591832731417,0.38722336404780011,1.0609712347270912,0.31135028790552116,0.73982545863632942,0.79761608902854686
0.09262172635999516,-1.4876116002143918,0.39014768234736141,0.26830824088075816,0.35866302538295403,1.0347947048049482,0.47902342738122555,0.88362164178246294,0.75087176514128307
0.11980500332539229,-1.4558265072049736,0.20301902996497856,0.26479796807775136,0.16515580992589926,1.3331819144505073,0.17243323299687796,0.70709991876182154,0.88039706204001034
0.10962679263667877,-1.2526414019807073,0.33002682830404445,0.35665619659751779,0.4721811483075754,1.2472622827978745,0.29637724601175042,0.51346642598458336,0.57489079741451887
0.14045648486854795,-1.4307678066625815,0.24235747096711863,0.39357899133172281,0.3882955961746446,1.0724401575469338,0.37455693933140027,0.86944927859603038,0.51087856023313738
0.12067392670839633,-1.3836341821832596,0.17815787575701189,0.39863304596795224,0.47269080776314532,1.2018657661998198,0.043698052223207773,0.85274873861122313,0.86803364199753863
0.17959811465678849,-1.2804996725851201,0.45552966526121996,0.28615121955853268,0.23062580315334025,1.3438024520234366,0.38718216894479585,0.73763583403329092,0.70477568427153758
0.21403530694352096,-1.2604550040654645,0.19219729185886372,0.44110752375739992,0.11226857245089945,1.4686554887539864,0.19795705355669296,0.68701483275144504,0.86356511524829926
0.12854555569650558,-1.4017270162205877,0.36532328673665182,0.34765679186031029,0.29602563317159813,1.1971719240876251,0.33416050615597231,0.90141277611512072,0.61261579084085427
0.17254376203629046,-1.4137824523348568,0.28661021837198219,0.45051010327112417,0.36078465436153684,1.3346505199301908,0.44261033882570944,0.92098300333576255,0.66268020039819842
0.19363489944960616,-1.3976134204980859,0.10222059514447975,0.41059982041804977,0.29828398802024525,1.3371687559937113,0.25418587544681287,0.73403819915313917,0.56332097035452677
0.19788921583447378,-1.4401375040927147,0.15928492418556711,0.10764214121201172,0.48205311447082755,1.3646684141358982,0.40054347503232979,0.77074877420054655,0.70646190404831666
0.18162586502164019,-1.2799423360556308,0.39156181177822558,0.13148922800962393,0.31594635842894248,1.2988074732863695,0.44699724292201076,0.78411595370772447,0.52104261774528038
0.18458109270594969,-1.2979344495619829,0.30934964025415279,0.47551210796646026,0.14180374753513147,1.0902459634644885,0.31785519229728537,0.86856362140002386,0.819391984753991
0.090116987511705104,-1.4971492937574316,0.39619634819563221,0.33659039287785575,0.34879418337795354,1.3640589155813294,0.39594384299032842,0.84781272206321989,0.67274807223515087
0.22885260224307125,-1.2583377784521295,0.26028746067572772,0.25581512765476339,0.24327932287561443,1.2326111107947153,0.0045728947545466154,0.64333946403281428,0.80389906149728385
0.061173468292323292,-1.46553350265668,0.4147414476768978,0.18851016225828135,0.47342699561433776,1.3269361362677494,0.38985534486056461,0.5722468786906505,0.78116208544607324
0.22376122779592433,-1.3088984166171547,0.29331764809717981,0.45605686524496136,0.36139304045890519,1.1158694599363534,0.3675586324569588,0.69312694217237425,0.94577537670562917
0.06960829913328391,-1.4821629401656014,0.38670788719502591,0.28927510741435331,0.20613946661617788,1.4705599354103114,0.12767981532666697,0.93658453109108608,0.92992805878064644
0.11743672181058389,-1.3636963197660765,0.38183579611287677,0.28416667699504761,0.27958014413036658,1.2347702157665086,0.2283483568071342,0.80586732314209064,0.65016203969132169
0.22254504816146498,-1.3844811837239239,0.28454284271680019,0.33316442651334277,0.32395417519864145,1.1603535228760937,0.17719645686222896,0.5552082274342337,0.58885120189569506
0.23821269930580163,-1.2671564787984306,0.49517526337326589,0.24923012663272226,0.43410818238893789,1.2102111383401397,0.31052822262778773,0.91493102676307647,0.94497934524703298
0.21015049168406258,-1.2932014774023959,0.36965720189775375,0.1404132317413849,0.4638974399332485,1.1843772829473735,0.17471720013188966,0.8895077734602681,0.72913525248207778
0.15527974841680636,-1.4184274430768429,0.44630213103881178,0.4464394205441915,0.12968318117892758,1.0215001943041657,0.36183141506109406,0.84566409181892066,0.57289193837313368
0.15057124927891796,-1.3415605763296721,0.19672188524905648,0.23365704174958002,0.10717886326703327,1.4812447825489494,0.37581995635878057,0.6995078326350842,0.74649717433325147
0.20357123610404432,-1.2780623754286429,0.30634808030151917,0.17150417151740938,0.44611634219796747,1.4914889009788643,0.45234921964816927,0.90706639948687129,0.93164755533641119
0.12096980531623827,-1.2560676083258417,0.18516402824145053,0.37837157241752195,0.44150396360145416,1.3309472647608551,0.033743259194149437,0.93836473221142569,0.85671042186165458
0.055162348028868997,-1.3452007544412621,0.41054333185217151,0.32312822322928147,0.24581162837377024,1.1430965441544081,0.32139249699620237,0.84658714877466534,0.85879593469478155
0.051246644491095533,-1.2862536361461188,0.29700555584992672,0.20255461976224914,0.302167165216634,1.0138871540094854,0.15614564543774043,0.67154360090702991,0.73450022392397152
0.073767699903661832,-1.2598588425855035,0.31115441560057611,0.36280869975601593,0.37792863041106461,1.2769020889628739,0.49407170811003709,0.92008755988966617,0.7329637864747498
0.051067790069665879,-1.3299006627717,0.15832790434533148,0.27682839050745056,0.30005457809437353,1.4269584756869513,0.28084861461018878,0.66971922508289961,0.62757746667756886
0.24199886927128816,-1.380857740789567,0.45486964479925185,0.4877815716175774,0.32694597818000137,1.2205639384947156,0.41218041140660155,0.77800352492285008,0.51913656535493313
0.24656795787563884,-1.4365289874513287,0.39561138055885992,0.21315120054655806,0.1944027160116637,1.2587100115173948,0.49827322700742943,0.79633080975971704,0.74786387949587496
0.073555155639907069,-1.3073856209487944,0.39910401378337335,0.12292400098336073,0.12316041281578209,1.2546660994250698,0.33485723049461458,0.85948158670100261,0.53217544910968251
0.099438566168907561,-1.2692168937126376,0.1599471635320362,0.4055479857025468,0.25578353767062623,1.1857306539097243,0.43415397775770853,0.74417458273263049,0.65081365662792534
0.060552543788919957,-1.4595485288457937,0.21947674480961063,0.4800129453370503,0.37928660290924954,1.3658543427392529,0.31235671453313074,0.6024407316485908,0.86139385112437283
0.12504555631621478,-1.2769834970055847,0.37126515407615146,0.4714587241406718,0.36945882332192237,1.1464590146053155,0.2739369740390572,0.75562639739195581,0.55068994823737205
0.21246253527461839,-1.4042019283339142,0.11559918349913172,0.38817707278052971,0.43206174015942955,1.3060748902638184,0.17532684722851397,0.7178152790106298,0.63173967752298732
0.21117869696853286,-1.3690970696420874,0.20400241923496096,0.44241221905879202,0.45344176193396379,1.2491319376569461,0.16625154114073237,0.50608808179569653,0.51176990740937167
0.19127271142310992,-1.3994232634472137,0.40574134151045038,0.16301051264564559,0.27995184117951355,1.3395136537591319,0.47598642531173285,0.67239574580005956,0.79537475120104628
0.21851129552157272,-1.4859659016448468,0.41789277517448353,0.37060100325100531,0.31365033273533538,1.4772713603030201,0.23656732280987366,0.84353443655931803,0.53595943659500467
0.17735736198318108,-1.440478121103089,0.46721356179196216,0.12590257807098471,0.15105176529035333,1.1924649954392175,0.0014718797271334573,0.65848505041989969,0.5523200230750579
0.050835740675651477,-1.4433283720198926,0.24330233029039658,0.48928919668826765,0.19871288994061687,1.4487651471225824,0.49886743538534062,0.90274234566810374,0.62326471830959962
0.11343278049449987,-1.4464358229673977,0.30066340432335298,0.3074424865170296,0.29239085917338314,1.0737678449342347,0.041935904706114031,0.87000328177118091,0.72159228493598515
0.19150115934302359,-1.4526854082351095,0.18789936769293639,0.37088662700343789,0.10153987870642911,1.4599792387723727,0.24749260761675071,0.93724521475568845,0.84197388465823753
0.070365180589043327,-1.4085024670373012,0.31701356193119723,0.44860545378080896,0.16183889872061441,1.0350979869227797,0.01776371074341029,0.76519801273138066,0.54231514282317939
0.070168491551461543,-1.4862051900625937,0.30647302512191865,0.38323301123994669,0.22305819774307831,1.3301927242615599,0.077314245272962087,0.75658872129078314,0.84954067001914702
0.15462460892194888,-1.3759488994942082,0.12985404643092621,0.30411131285073112,0.24830463762967903,1.409897156690282,0.0029239904577734849,0.53721069784924524,0.78021870284248873
0.062037688980432645,-1.3585933896078162,0.42775819385284275,0.42713699046126208,0.49881137989713464,1.0405325924340323,0.16443952409160625,0.83789745111024072,0.89330140378585277
0.13159326777284486,-1.2784478091478828,0.42075305032843224,0.33231561383616781,0.4785847352370316,1.1039104285349601,0.26011147881434898,0.797559957542743,0.58958830429772613
0.19854023233991441,-1.4168164143262274,0.29231389634803107,0.21093035291575271,0.46299457577909686,1.1145614084801445,0.18290349263207659,0.93881488315487127,0.88249360479254557
0.2096097549332962,-1.4889395986858129,0.30694690601439173,0.24213686115824337,0.14084830210766014,1.1563387875610307,0.15982410388104876,0.91076875637045407,0.61838621102745961
0.14267329092302805,-1.4663417245365109,0.49378783611364252,0.32232848357771388,0.29367802065594806,1.1388235112244718,0.32228594606376421,0.61455996558234316,0.58245375585721992
0.086268751046314124,-1.4392064235649871,0.44248007153211255,0.24609104771517534,0.32032720134924586,1.1290498140456173,0.48497662725157176,0.59562431130520499,0.78815103865220792
0.09927999778307528,-1.3123810591305745,0.22154360888864422,0.24898239974089598,0.13041300984195078,1.1325148024221097,0.092641151738017596,0.66301100070627839,0.75414044707074102
0.1213404514982459,-1.3979525811051214,0.1240596572476092,0.23097875155081884,0.25805135881284003,1.1176971021292597,0.13389152057375484,0.52775980391381239,0.92954919472591724
0.1345321635439628,-1.4144697073641368,0.21844617860728632,0.44988410777241106,0.1572306303809462,1.4390758606426086,0.25119992360597854,0.54134563799028523,0.5619096020470602
0.05832573236300264,-1.3945712184110486,0.32237947440777193,0.27556584510141519,0.14444531889170847,1.0095587335104097,0.16397673072156999,0.65008222580622466,0.60146258148857656
0.15898841677099868,-1.3735901363807395,0.18608816053726293,0.45039923241924151,0.48799555037347775,1.335121651291364,0.22160265111645289,0.82910060204321834,0.67222569863428816
0.093657512661526637,-1.437170920479014,0.4976529140751218,0.47382580697993493,0.31782434663252279,1.1246616924930004,0.26214642485634632,0.87913145470015452,0.9341780977574321
0.14319776142123797,-1.3392085993823333,0.25044667170132484,0.2695854369582561,0.40982972734361223,1.0482720381107749,0.16677291271924402,0.86846312812444115,0.88893475903054486
0.23036302177092116,-1.4886833002379813,0.36393464710545187,0.20186953360383872,0.31209816899275677,1.2573759103129263,0.33979365383052057,0.58066601903169912,0.85212600891858203
0.086029953217601471,-1.2729533592387863,0.34628366920273562,0.34723465737243348,0.37561522629620936,1.2788299231873652,0.12353396288258958,0.78606195030351,0.66930403295538154
0.071424935338188361,-1.3707079668004987,0.13068955266069232,0.2551707591401719,0.46102169792852721,1.4012632798238396,0.086464037194446758,0.70506396193888121,0.83043249870257951
0.067972798451376659,-1.4193023310693695,0.43102862597603786,0.20828017546809552,0.21667658700805636,1.0994683510162422,0.46694716466644048,0.67467081730493517,0.84595663031116985
0.13786507447509769,-1.3164648533305023,0.26672128176869425,0.43141911699308566,0.45901795714466609,1.3005794696944264,0.3422316544866823,0.53230922477725395,0.80060500176886396
0.15069424293992689,-1.2822257649946878,0.21152174434672877,0.19504489807714964,0.449971986792571,1.1402252933619035,0.21869160813139321,0.5074069005977272,0.64547824811252708
0.15634500600831516,-1.4047862229838364,0.44779767708137819,0.18886748478731691,0.18242906274114484,1.2021358749018511,0.19640512401697238,0.50859876863327391,0.89779482813045619
0.16378722353023467,-1.3172581971436788,0.29881861442754198,0.117549999169204,0.12446329766806838,1.1050565862273825,0.43857678843752129,0.54864884089779209,0.65516176355488887
0.092448404095445386,-1.3256469969562608,0.1320429190811028,0.3257500071612448,0.44212234505892245,1.4827473254651529,0.26163196750800211,0.61917003073556853,0.88634614139100365
0.12527408633284262,-1.4338441062918068,0.41298658941121791,0.4302953395708804,0.47438814194805012,1.3323756432388572,0.30808462360915789,0.82684913544092375,0.87126138072392045
0.17297831473333847,-1.3026516986152927,0.44521940143158367,0.38234154898866857,0.40018878513363887,1.4208654801356031,0.22887493648792348,0.54536119474979317,0.61528195307798972
0.078413988968832921,-1.3900866595331645,0.44976930746977906,0.46490306558379901,0.10793034289255396,1.4934879368360372,0.44400112478525833,0.94877448276140697,0.52990461716426751
0.1455292933592241,-1.4380747440837989,0.37274489950971434,0.14579250309291764,0.32267618527720893,1.1071278694730604,0.37003073312657608,0.67340252261504907,0.53602169620682116
0.10155953974389098,-1.4398432548673357,0.13552240529518847,0.49417410517221083,0.37876838587668715,1.1904374558183195,0.46854328112105159,0.52404871306397316,0.6180223471155234
0.1376740286095145,-1.3864092518442734,0.10597512976885171,0.49350047714627199,0.22021634293328285,1.1522926216311067,0.087674666499976489,0.70695701200803873,0.75790925789754082
0.18392346277509419,-1.3287702669596022,0.41258283303900689,0.38113546255358466,0.42047398401932901,1.1315482719861449,0.18863560877820085,0.77851258464681483,0.66562076156588235
0.17770166183045649,-1.3620316328031803,0.25324044646621535,0.36978645773357421,0.42489915338390416,1.4820460268814759,0.06169765476935337,0.78650534391151539,0.61988090421016628
0.17623509703327028,-1.3640217403493375,0.11922840264679269,0.32086313482356688,0.17637828216290774,1.4960984465396636,0.23360521233281187,0.85687051775469936,0.67727598075030482
0.090279472450398718,-1.4412995144780152,0.28347958995183298,0.24528506027004937,0.28171552906735797,1.0733018486666135,0.48724883475124214,0.59276252955065278,0.74846911731294974
0.22389293559202866,-1.4083501122903874,0.37489498978789382,0.16168823801076393,0.1557847658383838,1.0792983889077044,0.071234315083861605,0.94533232965622549,0.79729911977896273
0.15725672647778266,-1.3890922368811844,0.46818054976153511,0.13009760278263249,0.18403035114620966,1.2791698202028587,0.056672612626140345,0.5362087890048236,0.6762575350230613
0.069874313464802107,-1.4007483567667571,0.29271876074055714,0.32920503914969146,0.38332148109617636,1.2751613830152766,0.2571707824765741,0.60766307227347682,0.5853911641197177
0.081658617344078796,-1.2554549250613285,0.3306160989894773,0.41792282292860339,0.22272344643384234,1.3626602772147549,0.1992181871318946,0.90626205614975552,0.64210617350068477
0.1410989157510803,-1.428105657576229,0.37671820907928222,0.1661203265161065,0.33061600989183859,1.4505915606498183,0.095274334733921578,0.9193145383270237,0.65306021005426285
0.10343072355457296,-1.4505651492814233,0.29408500952907379,0.2942202019345187,0.35249000031519329,1.1275095955728291,0.3006924272847995,0.57446885393753178,0.90246266779468365
0.21454103913532768,-1.312100160080276,0.28380263754890528,0.43588376792350558,0.26965687315814391,1.4377884252107269,0.45815664434776787,0.67759495522713054,0.56721852043479071
0.068472921443471668,-1.4264118878397296,0.14479299720073929,0.32516677484903017,0.44021058254296375,1.2040421411506024,0.27338840060840813,0.57089915293633187,0.5560012382947187
0.13299357729638245,-1.447159497734205,0.44486316746139654,0.28334617092625314,0.36008621434438737,1.2236160451939795,0.066410096380905642,0.74910734612648433,0.69075898016274251
0.14076305001996325,-1.4948761845196921,0.46513347862681542,0.33240750895206128,0.23269697047268323,1.2526521629175482,0.32911500977009306,0.75755057411895343,0.5317645517291878
0.16590228433482906,-1.4053185461893201,0.14087147830151936,0.36650642926638866,0.12150110922369617,1.4063802927429188,0.36810264530254522,0.89280390279233157,0.87445425003423294
0.081888214703654177,-1.4107981501047699,0.12557240805028733,0.45665487825933959,0.46021399302848676,1.4554302016873761,0.35910275329958569,0.81718413889069641,0.80340889693525819
0.10075096781957285,-1.4322599104230818,0.16988347687344346,0.27988132123481391,0.17883854003543831,1.1567912775787892,0.45513070466075206,0.58487113807852831,0.86028307736960874
0.16865694519550178,-1.4781570129781028,0.45019717678116966,0.33184390938430952,0.22478370589842372,1.1835784962904643,0.045767707813788125,0.94099336044493054,0.9017113271745737
0.14492648047921891,-1.4099121371838468,0.33207001971294614,0.34517021114695678,0.33393664094208836,1.3802418804142926,0.097722749448121107,0.78098725127023783,0.83116785024585527
0.20690298255808776,-1.3971825162575793,0.38096375512202907,0.21243855066603867,0.35362022874565124,1.491881461912806,0.23038765119615331,0.64022877378587384,0.79162741094782585
0.057303977890392876,-1.3429720588383571,0.26686028171672133,0.19130655953401254,0.15961953404293105,1.3019489562798949,0.34759812400665324,0.74254144065240202,0.76163906194290087
0.10612123573418308,-1.3293231765931939,0.1926729728992953,0.34324440739056034,0.46856088693719389,1.4592967964867496,0.014695648049152023,0.51393621208672002,0.78049571657781192
0.19708593223856996,-1.3931290895628139,0.40094338043547129,0.32185176768070167,0.34269859249620049,1.255170272470908,0.30387217831296753,0.92501163125950547,0.69762647535957623
0.17757419628020499,-1.2563944957006066,0.22655273567279699,0.34131816013497096,0.16597866304679015,1.4496745823908563,0.029841488566848363,0.86731231271257492,0.69532040369454795
0.1652572794348221,-1.291071281358531,0.42097407367074702,0.23471703539768965,0.43298586065422706,1.2374044346447359,0.46291816540030151,0.79483845032025369,0.88347088550354025
0.056562051118529258,-1.3290323220127245,0.37007081538038378,0.39516990867006363,0.13456194356074311,1.4261580921376114,0.17419816049579134,0.82245419848026369,0.92047776165724582
0.11633966382037995,-1.3085131206019969,0.17929104407931379,0.49127148501036355,0.13506684613036202,1.3806451022833059,0.30340535994991658,0.8442827654664472,0.68207614318886423
0.23299853534391751,-1.4294643485443415,0.26904021401716471,0.1573877302440912,0.36616528601375886,1.0371367417093795,0.27840344584312376,0.87262577572576427,0.91861742146509406
0.15322732827372357,-1.4627803411863087,0.38714605580202277,0.42332690834422215,0.4567556549860825,1.3012936217819089,0.14353118488733529,0.70347280143514812,0.86099974398864154
0.21073353166132652,-1.452962724498476,0.29178948429031104,0.17746326719461678,0.2407857524057086,1.1061505297100502,0.01644171490633569,0.64596042626894989,0.6221510472118752
0.10132341457075805,-1.2989914122700055,0.11508459468678185,0.18969632483362875,0.36988349163642087,1.408732342552155,0.0082650124519365181,0.72164100115729335,0.92368923183900975
0.11649319420613294,-1.2890587958072124,0.40532126609490238,0.41967522372907662,0.22214866467736771,1.1274715090535057,0.0038861197819081428,0.57278877644892034,0.75878913836828155
0.15210258479772512,-1.3516848800671137,0.31303723314747545,0.18710727749660472,0.11647136011739394,1.1366114945674715,0.42198455627408193,0.51413405680076563,0.61631703012309891
0.18746591607059276,-1.3226815397460669,0.44887871487850772,0.36422759031881002,0.20905864300801857,1.4032518225573769,0.0095086450467759664,0.6116496971201939,0.83431155454458428
0.19871995326749792,-1.4473258213996902,0.35141960426173247,0.28726669336837291,0.25243127120915138,1.2087886729143713,0.075397101323865651,0.60880377472464298,0.68070444307024836
0.2270060631757001,-1.2958005793047989,0.42361075431588024,0.4320215209366044,0.45554687504464308,1.2183822557044055,0.042228458291210746,0.81977268059187947,0.58434365382653131
0.23079942761517563,-1.2730475746990739,0.31939576266305086,0.1003559387449999,0.15893195606629415,1.0448086187955981,0.43646894660260843,0.86283597698997616,0.57200371033950304
0.24980728525882168,-1.3002754703507216,0.45140695364335859,0.36149116895421141,0.47453461677719067,1.4308849861460438,0.12013613746434086,0.66098882537326875,0.70210878750223071
0.11337399271186367,-1.4013836196357545,0.26437711481139492,0.40570809686526232,0.12780250668804857,1.0297295976604477,0.25391069559148188,0.5205737656885272,0.8557162698496481
0.08587379172774437,-1.4436340326220674,0.16786147816457625,0.28285685819783601,0.49326699569928034,1.3469150479637937,0.44317588308991368,0.63361156084867343,0.78796443571657049
0.23526737035620826,-1.4248685780793535,0.13723274426819113,0.48886768426042759,0.1533259423277292,1.458051648743659,0.48214422767960619,0.90096011597815551,0.67143401233853528
0.11856975240272236,-1.4216725513928543,0.20864356359971592,0.36812934661295704,0.22825402671272557,1.1444333096930204,0.41126536978530503,0.55741653451488238,0.64727726854339196
0.17380082728297364,-1.3242800032653559,0.24842637145138502,0.38788038316960305,0.42216257733990736,1.0105890999525984,0.18492344875444386,0.6761965306349631,0.77041176921993326
0.11361627939101783,-1.4466285042265592,0.32459696993937004,0.26060993215538569,0.14685768367614629,1.2990189992332115,0.11767879754042161,0.63044106182846305,0.52918451006362877
0.19262912746121291,-1.2653324603654421,0.29640192009074162,0.18111079267217295,0.49237236945251683,1.3512984501705763,0.030195508840208326,0.6680210011288491,0.64054199486302854
0.090815226865207502,-1.4603210169385183,0.48005021634462697,0.17185780695731123,0.46067048474696404,1.192636231803847,0.46029874543063942,0.74542643393974972,0.54737207691410539
0.24899370119879322,-1.4071778782852067,0.30461608832428622,0.3920109033049145,0.22764617663448447,1.0708938114413331,0.44873675520362816,0.89619577779952087,0.73698949061985275
0.12036207568486701,-1.3991620284983477,0.1723336663597424,0.44358475876128467,0.26315551040659857,1.4005409463291563,0.2372239021341036,0.89480491039885535,0.55750824769569729
0.18058737528526292,-1.4349502285766582,0.45345247606260497,0.15701780064861331,0.42663948363523918,1.0725127255606051,0.0850847617343541,0.75722350626158197,0.704000980910372
0.20420634414745209,-1.3316858273024472,0.25620787236801279,0.48343002916284072,0.32138281415829401,1.4360491111750928,0.4220429969243113,0.8671855910078542,0.82477397800653618
0.20611534359963335,-1.3134631674973727,0.48517376190928696,0.3092013926957532,0.37549404108856088,1.2965963307311255,0.38866109385590697,0.75842655175202223,0.70052346962351275
0.094261257154893974,-1.2777972890908125,0.34789524045660919,0.43925085581459611,0.48904538631708683,1.4384002518860171,0.17550158141653649,0.85813227570276385,0.90291681847925243
0.057940666858017714,-1.340845146306874,0.12354215555145615,0.27934310519266448,0.23793449566842712,1.4999328876911906,0.41585808187805812,0.53815441954981269,0.85957361534603138
0.10431345630682165,-1.3677408301182532,0.19782648957330745,0.19900651159173083,0.20780609682989487,1.2898989230583653,0.00042814149514806664,0.55021819440053898,0.72474328455220682
0.084977451593799741,-1.3686954823134005,0.11379265156896042,0.34547147414529134,0.46561189161969674,1.1610952752542099,0.014474787386675467,0.66616971384715873,0.66106335355342205
0.094642748499751031,-1.3355806421022789,0.13255838446533774,0.28027483733075087,0.41334834955369915,1.2948000774191084,0.2971013337102924,0.58016574988533154,0.52357024594149071
0.14758269641193972,-1.4759514584091511,0.22401970068491506,0.14491995083113973,0.11282714535207872,1.4663532652207556,0.038529100264107441,0.78161182455756806,0.8840022349263772
0.10330283670967881,-1.3425567667143465,0.41612518963434186,0.34677184051521115,0.1818883630257149,1.1959099257825607,0.47818909740828136,0.89532412712911014,0.56647262785549435
0.22319960827921997,-1.2952713461262984,0.28507515065324013,0.15058441118860683,0.18750875796667205,1.3893281633078911,0.49339518342255878,0.85730467581035752,0.66442125201884772
0.11735015190825177,-1.2841357459260063,0.35274049055582912,0.10841490245838553,0.49729615468083144,1.3632582156597286,0.33105294033809513,0.79408835569232117,0.65296233223229216
0.23253169377897803,-1.4018268175926445,0.18688789410938433,0.24597018976612267,0.28834258551035891,1.2315986058415263,0.35895123569313453,0.8958897844459881,0.59944510127419293
0.17437221023299576,-1.3985070718019097,0.26830552768700722,0.38255719025579682,0.3980057786892196,1.267063128016708,0.37720314259856275,0.92269807952749316,0.52438349562835385
0.087471400178598266,-1.4974193750585725,0.17327103139547517,0.32607705170362122,0.33756393767209497,1.211015771106362,0.36270479946809803,0.8659033008899496,0.55443167861858078
0.14394254717195418,-1.4541452111198845,0.19162777637203995,0.124134310225571,0.38567893454209023,1.3798022139005677,0.099353311470350425,0.69471325060059619,0.75215250325509109
0.18605080426688714,-1.2972999926687394,0.29589013225158534,0.46631483150079844,0.25554669121756995,1.434873746095267,0.25672442618344038,0.52596534821030438,0.60391113395226126
0.068652953043475295,-1.4617697191209631,0.10475401603254317,0.2303672148604344,0.37327157480752315,1.2199728862004979,0.27902713864833151,0.55907191193136208,0.79967029775992793
0.05452070956986254,-1.3371935305742082,0.17875644108748234,0.47599887833346255,0.26723661602922244,1.162217624659915,0.33534547046540442,0.60530154620961973,0.85170763766911728
0.24766494374575676,-1.3663007993654801,0.11064390611743799,0.39722302056993031,0.3004522442503853,1.2292443423200783,0.023228859047952414,0.77552621679857481,0.8392260951286733
0.081153832762370301,-1.4993116115049425,0.31754280404261248,0.47967468512481692,0.3135512920163146,1.1717541267431697,0.30212200651648197,0.51992190593863763,0.94265129806012227
0.17407565359060534,-1.3212800172019374,0.17034461312203175,0.24310113441351466,0.37716890836022088,1.4872470036329446,0.22575349489206195,0.92555976856912325,0.92544347505776048
0.19762331483114237,-1.3518249782575744,0.16829695589639765,0.35334937575155889,0.28772233848660156,1.0402158773791319,0.40700075384771056,0.61299124738944977,0.69257666045034949
0.19917947247610851,-1.2875147515374892,0.37070057141922474,0.24512616209991422,0.38129961546615043,1.076388927010393,0.4526469201567887,0.51291421767666423,0.69948665261583809
0.24508219747509929,-1.3223098123321573,0.20320638122392928,0.25549997620905729,0.49077218174634696,1.066485161079781,0.066847354821208488,0.58331605533994213,0.58640053374256751
0.086707488269732388,-1.2828082395463496,0.35211684214095162,0.10657917733621237,0.17749141725153561,1.4977777396540888,0.38629145261895809,0.69191018085561351,0.53768095457930443
0.053929036548419566,-1.2845411284804278,0.14716958814507344,0.42485010619556562,0.29115452208759773,1.3984930504380082,0.13107880562542068,0.65297836815709154,0.86412650304886363
0.077072156340166911,-1.3200688283245061,0.49116459630934062,0.22887522265851071,0.27872723903991048,1.4513644108851755,0.43572128662452997,0.88297340896334298,0.87428373079068455
0.1529620598926216,-1.491033700352008,0.34599300300372882,0.4859286847600861,0.34690596833512594,1.1137411650378781,0.33583367779794343,0.85108458776623852,0.62455524001267215
0.24310542042824168,-1.3346059435889526,0.38060008666619527,0.4908785177284164,0.21903943173114415,1.119916680273136,0.36069387028551603,0.55119331589604326,0.52965760963176867
0.099129352695367851,-1.365691775354819,0.32772196514317642,0.2317791843022935,0.20551298304121196,1.1166318174713719,0.20306576885540686,0.59862047660312667,0.76739994577611881
0.22331505293278103,-1.3071162979192157,0.19615430114033422,0.47735382874651233,0.45101055308581139,1.2059787210754676,0.39232293776908156,0.51617062147516135,0.78734260741150464
0.11083851312910471,-1.3858766653090533,0.18296543051040445,0.48201446835593365,0.17833381363329567,1.0086168294157629,0.11389823774699599,0.64192150547946147,0.5758735627758762
0.11969744058470093,-1.4461162134827965,0.36788607913829929,0.31264489545868768,0.46693394471706628,1.4852233364925937,0.11657922376712179,0.52148357266641443,0.75118278163545282
0.18528864344426849,-1.4677626312840286,0.48064393243496262,0.136206125186324,0.20033469271070203,1.3095981405845507,0.35743435017584468,0.53897362789464487,0.66906162212186471
0.22561336135476884,-1.2613284955964503,0.49633880114184858,0.39964870351683712,0.21836337952194931,1.0049541313500885,0.25930816177842864,0.68543730479630127,0.53724432017120405
0.13602806569881593,-1.3717862330396144,0.24125561762007486,0.34251484620865624,0.1571405202868302,1.0355933085684768,0.12198879789745255,0.56094626912668011,0.57952330965437537
0.14783706737455313,-1.2693640819132175,0.48329557165271264,0.23322924181507526,0.48419359304042797,1.2127890980487361,0.095843931858752937,0.50196189009536996,0.67758065056738437
0.10024887355052187,-1.4566329348628229,0.34368997139648827,0.20525198060934016,0.153179808220819,1.0197315134709106,0.4326429771609388,0.53962714459578798,0.91732895273652149
0.07682461016012139,-1.2635444881709532,0.27231563789550217,0.23251254075290084,0.10903192821082086,1.2561251832019438,0.07639071071723473,0.50396479486213919,0.62715705745675732
0.18709346439374219,-1.3850035667733183,0.47313656358898826,0.49362928883818358,0.44818911150249796,1.051979957242408,0.0033096006194925803,0.62110107414966476,0.63415400064728378
0.23047975251008485,-1.3470475214221187,0.33518545990152182,0.15004831151741341,0.16361935849571058,1.257507567711166,0.22100400414084273,0.76317941882686802,0.59247501540902148
0.18640366866268859,-1.4453469567772643,0.16416712492710611,0.12883029782101624,0.36357604958511569,1.4637137909612876,0.20741851848425255,0.81073830708973316,0.71504314092283994
0.082483183205113914,-1.2992132712097146,0.38027754898557009,0.13590646944395729,0.30778216707633393,1.4501771082518031,0.35395179791325232,0.925952664008454,0.81305478937235098
0.23600571113233637,-1.4260900649392263,0.48113211571784342,0.15911486960440949,0.41406400581139158,1.3499177144488967,0.4226171674863537,0.62722040005120294,0.53906561420486276
0.14161819746434162,-1.4800341425086787,0.23371357945828966,0.35758161290914359,0.14130400208269492,1.315781755878938,0.16883964327792009,0.69870695575756059,0.65600489516716642
0.051870358865405697,-1.2545608592249671,0.31667818792222036,0.14437344513022465,0.14329470476359107,1.4937670297571624,0.087361456595903011,0.65703849254767632,0.65532500184149023
0.16679512918482325,-1.3402569678931688,0.39428962042014293,0.24123424866139298,0.38707003235871429,1.3557594939145696,0.25025784834434778,0.72697985998543324,0.76585229331088267
0.22792348192155826,-1.3143418622376781,0.36731567614484717,0.43350192083419592,0.2718575251546228,1.4523721168286405,0.06009503054410039,0.70333419694473953,0.5584058412007753
0.097409593961113122,-1.2853549680846281,0.49172396123037188,0.35135503972899784,0.28210977528141823,1.1866996293739778,0.18704131925464187,0.87346353062156878,0.59353240231610982
0.15643282257511629,-1.4792002023186699,0.1328617496794168,0.27199090868056364,0.10644327343706314,1.1255976622159773,0.098410376670167887,0.78275463267807266,0.81513544042202501
0.14014751662200606,-1.4274792985930724,0.21814185927810154,0.41212710420547094,0.42035721551672911,1.064698209087912,0.26407463841229589,0.5268861275096669,0.85862700866213471
0.07067429820527342,-1.3364606809252881,0.22445571746291007,0.29189568475229033,0.12409427489801743,1.489128914089604,0.21690182760763194,0.60133593306838107,0.78418344301711995
0.13043478910264655,-1.3624716124353147,0.49426165544866441,0.14898757791341005,0.39426734286731357,1.2153997706639081,0.22647468459828485,0.58287074357831292,0.64405721590964327
0.060297852639251845,-1.3389543895781677,0.21593961129070793,0.28575435452120601,0.26675899925313923,1.4047966943438612,0.34332138815225732,0.63891745383367227,0.60012044075838178
0.10119417181077284,-1.499233123778879,0.38522940946596917,0.10500346110199911,0.49317151571609064,1.1782687612240079,0.046674471225974894,0.84724089621030685,0.91014268868271297
0.14030161550195544,-1.4067296370844022,0.25472294735734852,0.19797822989149669,0.4976787016102312,1.0689218469932329,0.32262550146684726,0.76663275104756201,0.59863321220588994
0.14438676014677315,-1.4562085715374373,0.49208911105208464,0.34562386024264924,0.11840384894547359,1.0614051892904071,0.36028703697681191,0.78855990853540003,0.84331894778844485
0.17608971548131197,-1.4927745822702585,0.21414158560842855,0.32397621499203255,0.12558478769632259,1.3411277633164609,0.21056066443528126,0.60319224847339348,0.8140334946489729
0.17536759512753475,-1.2735810759247614,0.4927786136833715,0.17559018154359787,0.23184763889433402,1.310468012834167,0.23861549489618561,0.65969056122670244,0.68293049730441002
0.13759899139102241,-1.3310740038630064,0.35993828044477205,0.17911641218800978,0.42465550472387625,1.2446547875708009,0.33912311311621796,0.53841655487097695,0.50389204401221721
0.2019451045867427,-1.3258206428385018,0.18952865466385216,0.10590988569867796,0.18512985308179319,1.1849538586036936,0.2885031934804746,0.68211553983072171,0.94123954469635751
0.10284504640458286,-1.4616800987769452,0.22542342668045301,0.10053868972508261,0.24799529263278342,1.0968105276352389,0.14791208336697592,0.80991201023387571,0.88727634467444561
0.088422292498566743,-1.3103607148680336,0.35067885584652003,0.35924120181091546,0.10969680402845902,1.394086443760493,0.20812112327890256,0.50976547497013369,0.70904608043967687
0.23943012053539053,-1.3689611603306073,0.13428407280564267,0.29159529004610152,0.37288839891738124,1.4736188469575844,0.096696602582200378,0.64380140100939287,0.66201413708835488
0.21522830446130609,-1.45148455078344,0.22712215270041244,0.10452432462847427,0.20960936229634258,1.3183444399575068,0.12331901350074939,0.7174039415569986,0.79591825784564674
0.11951554896559535,-1.3557516868419393,0.45840002008855973,0.46884863619870598,0.2710342557006305,1.3857544937001269,0.27223161611525709,0.81306371724994786,0.55291961558154301
0.11155842258744472,-1.3272303745550731,0.11281956072223473,0.11872170650068944,0.17185108023117945,1.0278796495642961,0.13294484821635397,0.62641513258347725,0.54910240899568652
0.2313449974467624,-1.3233692993803698,0.46880619582618543,0.30027979409530281,0.31175254292187027,1.1111013017242137,0.43073341101063978,0.76147153277931467,0.73120367387697405
0.24035921686259537,-1.4905630592607286,0.14280126071844973,0.23854369908552461,0.30517949579379733,1.4184054877245889,0.082795841830671998,0.77299076263640265,0.8978633804232814
0.051793792009534233,-1.2872154134961094,0.16698974835109159,0.18180731455808874,0.39553584379959272,1.4337883295851122,0.24760961480923449,0.77458564888350023,0.7630641326029779
0.13348631552663454,-1.4456158103683885,0.30250203590478919,0.29770015844673015,0.48253132303756618,1.1099813932921072,0.20769067212234879,0.52870006569695371,0.61711172817517923
0.068976675650498503,-1.3306985227490569,0.37408616276233053,0.31311236380511576,0.15875583007504279,1.3124202425024099,0.44757259915657199,0.59069365849336075,0.8443972563311406
0.22084062827609829,-1.2650355695765465,0.34508296379948022,0.45959754301551559,0.23614854174506439,1.2381505601685392,0.29260002818424563,0.70756483710653217,0.92673751114512748
0.12881672800666372,-1.3537238472305126,0.46202318291902156,0.1967654949312905,0.14282807191393374,1.1142635006778039,0.39968341996898377,0.53178360824148008,0.67783932968465832
0.14906201563121896,-1.2800755426888848,0.20594438594548059,0.40659738806419665,0.23299937752901687,1.331955957215738,0.45185231877615328,0.67990486641572567,0.7045266840241855
0.21949265968238357,-1.4773543958814011,0.37525743088447228,0.31952572834081749,0.2024442406044904,1.1304607251533989,0.24813842139385373,0.61871573383973744,0.80566089069652103
0.20858339959238076,-1.4652310794414651,0.17054696813682685,0.1069131022975863,0.39630924813567681,1.2267047919458369,0.28672202585132578,0.78471285245375455,0.75353519087953724
0.085299712007516432,-1.2752566381775772,0.32821331594407788,0.40903897266185374,0.36893808334507661,1.1211250763955993,0.12912704236917519,0.86972242562889135,0.94176522012194441
0.15150645158397791,-1.4285963946533422,0.34102897633401164,0.45115867606757709,0.13193225980389509,1.3459336847530097,0.26652531493577697,0.84933441212389527,0.83770034371511248
0.15113278275461195,-1.2877602407185287,0.13137712565048396,0.49926494481369033,0.35769715183222728,1.3461530464402274,0.13415194204398567,0.90964170720174453,0.58804768135678398
0.091079631683536985,-1.3141701179466996,0.22817529116531521,0.44529529006097834,0.26379668061504258,1.4213727708458175,0.11134989352711573,0.88667465687122293,0.92572393055720237
0.054319010174191669,-1.4742340715245659,0.12828311570727746,0.47055209584493185,0.3992974629714362,1.1756711174040144,0.48353082193684915,0.92464671407968191,0.51497060537746575
0.13497528176528184,-1.4405040087084586,0.4667191731581497,0.16687157926022517,0.31981397277302326,1.4083889368981626,0.41045318424156224,0.77237541494896833,0.7824897365044603
0.17375426595701982,-1.3721452563564414,0.10787960346061058,0.4212143795514155,0.38768947271517085,1.3992391701879847,0.41442659141636118,0.9048736598461502,0.67388885341902494
0.16972659788189332,-1.4878844981598722,0.49001400690948438,0.49847719039140859,0.41744009247921043,1.123607035298448,0.048612899752757198,0.804343611624317,0.80847200914764872
0.23774147135679663,-1.3252727006040965,0.16570769802313584,0.44507808883741262,0.19274067189633409,1.3881424903149324,0.39853153622527276,0.86654917073365345,0.67948874802385151
0.19067295796402312,-1.3484466885276609,0.15205887083798622,0.30113379111714744,0.45264351474639064,1.2219694555962668,0.26860215533044701,0.8540858445038485,0.88024877637562571
0.16274011171346181,-1.3455118278585416,0.23465377490068157,0.38863147544130461,0.28513554095081561,1.4146619358375165,0.28143443646823124,0.60072662565415369,0.68586771541117542
0.17829896325981248,-1.3031215664929672,0.12208112933273035,0.3526751832118763,0.35292358655249112,1.4895748048880841,0.30441236179923314,0.83400000360116244,0.68413755077609051
0.18623516600916723,-1.2595727998752813,0.36814581727800466,0.28444837709743409,0.3359618300610101,1.3960511264449607,0.42489145438458265,0.90827399779913276,0.50347487959427939
0.23692673088793975,-1.4496864956918023,0.15177459888431033,0.42930860952862038,0.18319001195048676,1.1474431833512335,0.23074578450264646,0.68797672633356666,0.73498691724679011
0.24137098942889368,-1.3100986571661097,0.26212152582697623,0.43771065564955325,0.19677633391070515,1.2958191715183474,0.12448566027685994,0.55612721935143816,0.92247251220692306
0.18696113823905708,-1.357292929636529,0.27909777006017567,0.31087600756935485,0.2259961040909505,1.2451691773425309,0.084815013532381064,0.67875115207429304,0.53318889176670847
0.23893410202767801,-1.3939706692327098,0.39780977366863579,0.38192800696645879,0.44846976728980337,1.3475235249764357,0.31893029941168993,0.70453236282309262,0.86725733928374682
0.24832536956996942,-1.4116401788436086,0.27197864559716789,0.22705613084470774,0.3450475786112116,1.0819434474689882,0.42651014140689836,0.64556775033793401,0.64519354964447895
0.19994630734410068,-1.286892051364023,0.33420478926270347,0.34694479641028375,0.46809884796541668,1.4780306964018326,0.34956959331410487,0.79731964591044036,0.87038634229432321
0.18857766870287734,-1.3481524516867811,0.45204745388289702,0.36902113953680138,0.29318645739808347,1.2488800735017893,0.48920319664222656,0.64969672012380197,0.71081366790749589
0.060603954013152272,-1.2962510162782734,0.48170286400152962,0.17458685329184437,0.19059469951648389,1.1722503197824694,0.35784013312467733,0.82726458236075118,0.77300036624653856
0.18767640655489465,-1.4033105085848747,0.24735540576412052,0.19213994811809113,0.49138482185370014,1.3204775870076415,0.057369823893695902,0.56162371121136201,0.52181189076601675
0.2004792985737292,-1.298079552478449,0.31385175454504821,0.40167032357365273,0.13751845101618615,1.4430764929064921,0.37535018117167812,0.83523027356869195,0.74187750702094202
0.14819412051575892,-1.4420217438123848,0.42728042130788768,0.4005304880568985,0.12075783512262965,1.2313656892612919,0.17258981926997716,0.70054732856341406,0.69747149897903027
0.10850917926010618,-1.4250768931078059,0.29376288289411689,0.11915263321126536,0.19694799065121527,1.3111152663756316,0.050840561455633003,0.72802638268313458,0.61750983041306795
0.079821647941137788,-1.3331888610387481,0.18342549781430698,0.25427882541925961,0.25306226696044959,1.0185964176438957,0.49137334224983426,0.67580114747517905,0.80672579377384579
0.21278400840422079,-1.386985548522804,0.24775485773171091,0.17385309012855371,0.45318294083314414,1.1164246655470231,0.32958225589390255,0.51170967064122108,0.87323480359693018
0.24356026866020541,-1.4812490103179716,0.21970045634251703,0.25849857775762508,0.16919226498132903,1.0825631291658022,0.07652341916719918,0.93035640938635045,0.73918607046310347
0.13307965703541313,-1.3683539738747763,0.37287778250332748,0.16762845476660304,0.47047795507842283,1.3553734715532459,0.091707215447027576,0.59792354480959642,0.7757886092759867
0.19940879124447597,-1.2908032030782086,0.48969091686175503,0.49762536359342679,0.4093219565131796,1.3077548634223675,0.39909698935910998,0.72116607796376453,0.74286617538001132
0.15869939087723872,-1.2746262625558367,0.21520461835969323,0.20467284708943212,0.2387668672035452,1.2692184883349495,0.25249657713313101,0.62940069755195061,0.75707860845610786
0.22105861277246247,-1.304077405757573,0.47498018937756814,0.16846217368146443,0.26634879842171,1.2511139105965166,0.055309186478274056,0.61216607262669065,0.83538626502565982
0.22298449404498705,-1.4135808939954591,0.49293294871884907,0.31696191510905769,0.29047158219962232,1.3987089826913031,0.2135362019214356,0.5045672624848111,0.76356360323817629
0.16319184470678907,-1.3178033293842297,0.36166654099100504,0.29663587628082,0.45820574879119358,1.0063115253071313,0.41826558153707893,0.92247269190494019,0.71854194156191908
0.20323725529430409,-1.4224454291749247,0.38764667874085668,0.4187991674827114,0.19094613498677473,1.000755739208502,0.44455616843524975,0.66240434477208465,0.52637291409960063
0.084073583633549248,-1.3509957053430197,0.14536389881265299,0.33373462148959931,0.47087391740979934,1.1787161604411145,0.44502283505140716,0.59612509284673487,0.93776277599129088
0.23321336995557973,-1.3374538359277075,0.21681981601534417,0.37530128239274607,0.25226767516620419,1.457858789745577,0.27111125879017556,0.72328482737006206,0.92444656355306121
0.1408147695544098,-1.4269765066151701,0.28566412319668893,0.16408773931256576,0.34613545871729939,1.164547974873078,0.10656530417812099,0.75497723478884882,0.62841864327051022
0.053521481203641842,-1.4090300304866654,0.44857527368517347,0.49903794883042374,0.48646460406236069,1.0335839833242932,0.039315443307832106,0.5227327129419197,0.91304754595130277
0.091508896904110543,-1.3068659341166131,0.37894962229541562,0.17264859476980599,0.27124037115465705,1.4651168840094813,0.40022341378693493,0.69844771311845166,0.82280208716305414
0.10919334952165533,-1.320336057940249,0.3495581144547289,0.30332959117452762,0.41617392141031306,1.3582923196349914,0.11821432762742742,0.68028596587688417,0.83858619799291345
0.18927133575027949,-1.4266761961216834,0.30222383742626924,0.12633543665872268,0.1024886727436523,1.3682752472297961,0.42820122750648554,0.54496234895812512,0.6026155452606855
0.18246483118673812,-1.3334781483056677,0.15149871967301753,0.42000927573972802,0.19320802074516363,1.4312982235647815,0.30192794283188451,0.50040962158139601,0.67444588872904843
0.24166735514373533,-1.4485247172075464,0.24921753167362137,0.37374867452905047,0.42713169023535225,1.014290995515071,0.40283850369608809,0.54675609943471415,0.50572079221767019
0.10712165929375644,-1.3837663968401557,0.4662869577970723,0.31477334264632417,0.25797282251004783,1.3426331618511345,0.047884170700978265,0.81210022828365669,0.86579478691024436
0.18476229804716643,-1.4030334773412627,0.28221392438851711,0.27618250956255763,0.32460507504838121,1.0916533633971659,0.39633766199691961,0.65456688232158133,0.60253865213659574
0.0919149194877181,-1.3444889062721048,0.38127631608902479,0.37905463875093071,0.15810313963642347,1.0434772818798033,0.48617161052573182,0.79084781929489623,0.56673850932720315
0.089499646937738445,-1.2664424123434088,0.43008399137437914,0.39025002082103466,0.2745963469280629,1.1183016072857597,0.18769361464845677,0.59498287240651115,0.63899518812486122
0.23229742275840187,-1.2518931374116919,0.47585813596807047,0.29334757946871093,0.16927634980789458,1.168914451691482,0.22403609608786854,0.90377758029696786,0.50875647343568964
0.065305915932788353,-1.4946519258068904,0.3640421785823077,0.2357544485373908,0.2120603912550123,1.2322779958815482,0.35466309761888487,0.53590885661642229,0.93467145335382296
0.18325994578319349,-1.4199220655112887,0.45402104525526188,0.21995104502251295,0.28550004897517389,1.3276562110429269,0.40900758719454633,0.53944697057305535,0.93646213168735959
0.074895527213396526,-1.4870622700407095,0.47946264646747305,0.37615117399665776,0.10094501218509763,1.4803376374715405,0.083309604994754094,0.87854094940253402,0.82873082333201786
0.079303850043326296,-1.4163864828938939,0.11234794514313699,0.18058194552198806,0.19486344124206498,1.0628659959447966,0.33184374753305174,0.65792336230598947,0.86712697952590057
0.1247818771280897,-1.3810017026690444,0.10433092594482518,0.31057562779526116,0.35934111180843831,1.0985006636821053,0.27874435711713008,0.8015861195938454,0.55655675061064658
0.13361986572679774,-1.2544109206391512,0.16286871420713955,0.2102966778593951,0.21104585418879604,1.4793479220029675,0.40412325217688927,0.55074478697448748,0.66666710866873058
0.20516534262409963,-1.3956722229287162,0.33755438405251004,0.23064422808263729,0.14774463386597228,1.0328705256901658,0.23117946811082898,0.85590662397612727,0.90204491860922653
0.065937274571762489,-1.4824909880634547,0.23827096538623854,0.20728812628905752,0.33242470786310957,1.3887584770028916,0.40603915801699558,0.70932189393003342,0.63259532632354909
0.074117184613552836,-1.4113319600451875,0.10823482088832756,0.37349962439495032,0.20498505135393652,1.0568892341645348,0.19377680662353294,0.70231587206290924,0.88982333466092767
0.056122012034327387,-1.2832178758992472,0.49887967079384576,0.21753573634301826,0.46267190387072332,1.0578155643014231,0.36918745814634318,0.64935403576527961,0.5195176698865136
0.078955634293730148,-1.4825003570003137,0.41090654385247605,0.44360902063440844,0.2139106633846298,1.375717909034758,0.31421473755730334,0.77188022989429061,0.63397269078006424
0.21906677320795609,-1.4256579193952041,0.21734346466372489,0.39640100186071314,0.12718223757420485,1.2652149888838777,0.3245574073927035,0.68349027581751032,0.76498429757938169
0.153958201166873,-1.4772467429129508,0.47823782466886922,0.35216698497258492,0.13648634755679925,1.0450495749211104,0.1251344040186321,0.68656206449413537,0.89081267264194297
0.18129202380882881,-1.3078919321410916,0.35503892235760282,0.11632291776621707,0.37278299278902249,1.4832447723165161,0.35336221219445518,0.83123931013237484,0.56270275013183091
0.17055055577654332,-1.3098907145606802,0.18234014559005851,0.25067013934766419,0.29956160489129791,1.2442741760567655,0.19251054903999523,0.74957615920466869,0.75654760621948336
0.18280287847304089,-1.4749270837944026,0.20215146739763232,0.13088805461062472,0.18019007044535634,1.3085592470489209,0.11974401587007377,0.94126290412325653,0.8764601811829511
0.15010072815188669,-1.496017426673043,0.25252260321888192,0.4733993541777427,0.13545136834822583,1.2092675200204095,0.0055012027039722218,0.87992444894364108,0.6240161088816919
0.065610365189957956,-1.4675936807328418,0.23317820169542122,0.25276632549353911,0.24689706055245331,1.02304242930355,0.27473728145910054,0.90219939594408005,0.50748869427094057
0.22147304556278746,-1.4079785174650843,0.22183371057359494,0.34022116926394874,0.25756595564754681,1.3837201581409664,0.068966267717032098,0.73547100657245423,0.76104779070017026
0.21589547410339621,-1.4212273725124094,0.37807621535623082,0.44917801918504996,0.23226065050477981,1.3209511521260575,0.44928051698279642,0.61619456510816084,0.846362497611299
0.24240434342301193,-1.2901642750650248,0.2203066122188875,0.29711785973502347,0.39368599644895652,1.0394141669663768,0.1890916052646025,0.57315695440799042,0.73762588113783922
0.13509107152829633,-1.2752018288834266,0.38517648294276541,0.15149636256757928,0.43544541540082038,1.4806692232946603,0.35666986409648821,0.62264915101572171,0.90794503014342487
0.17324376218322796,-1.2714898798830785,0.39266188018655979,0.14461055292603298,0.4416354565113384,1.2163284413334083,0.17039733184533248,0.60408718707618014,0.60982563431641645
0.19495568677689029,-1.3800977384367463,0.36464014318845683,0.41546452814800483,0.33211395420566947,1.0469763563146537,0.12073773791915547,0.62589429083954773,0.54323942913069756
0.088237255794274383,-1.4623026481997068,0.45696938519451202,0.38590712174105268,0.23678846268139903,1.428688292245929,0.16183899742962027,0.77960753211146616,0.56100759037186609
0.11604355089626506,-1.3457936850941965,0.20785363147384509,0.22105817609524125,0.34343376570756035,1.2159515194175519,0.11341605062617881,0.91877484805805465,0.61467817398974178
0.20282142862457886,-1.3887750030770485,0.2875790643869125,0.28649731556111213,0.10024815161717715,1.3734415629976924,0.48807602555960278,0.85050904391246251,0.60918870310877915
0.22637950237645516,-1.4644141993677704,0.38899818694314436,0.18033304907607178,0.13868160240408933,1.356531551934409,0.19827541640051627,0.86502956457541402,0.59281720547224759
0.13893806348387733,-1.4206970712225699,0.19417827571276569,0.49543853551604122,0.15210252606106461,1.4058325856906135,0.32050747944396057,0.72477509063447176,0.76003889658360935
0.21978126231087447,-1.2913347052738688,0.41909501147331885,0.19555464334137229,0.34022092590385761,1.0311462147253796,0.011147165341001235,0.89215204338186815,0.60969015029770035
0.12112200843133158,-1.3177021058176115,0.23149033083141748,0.17623975986162729,0.20866553626897916,1.3472884996078625,0.29918122485605603,0.87810254660773635,0.62038384042567007
0.084547113315993114,-1.4570124600971723,0.15792259945344361,0.33863166144885126,0.18848177962585988,1.3950933952339488,0.18140527030111628,0.65146560857414326,0.5415857215326294
0.20766892187996666,-1.2938007108151865,0.18383880360603111,0.18475581142716649,0.45601923181029191,1.4227887811604369,0.067596433282262613,0.63979167549944771,0.63940579641354289
0.13624688903970961,-1.2865166064329956,0.41165141972006491,0.20001679015494389,0.35828831979380682,1.0284839561487347,0.33713030745616301,0.66139122489809332,0.68173868887147959
0.22209939372823362,-1.4626909995223389,0.10996796984078028,0.21173358259367581,0.33108762893212218,1.1699807191832508,0.13304653944204028,0.88543019720291971,0.69984127798700613
0.072452666054779874,-1.3245783765941073,0.47354070294049322,0.43892311426708008,0.46141934335669554,1.4157446044796931,0.088007536117071974,0.63498956167259868,0.87942191767862643
0.13162774397245208,-1.4950155115119801,0.16063480529533647,0.47167111565509456,0.29482417864208571,1.3545828587340039,0.35637234207457635,0.8333026334278133,0.56923401746624092
0.23112953942343606,-1.4125956051903554,0.37361200471400113,0.25814687595302582,0.28316171692022191,1.4399428974206741,0.42961570314088465,0.67309594062638012,0.54209867639258191
0.12484207101098481,-1.4388369817660325,0.39742945336126445,0.35630664845022175,0.25849616268844744,1.4232041523385612,0.23846483264637314,0.64684782004137631,0.53495920436506206
0.1746036741030752,-1.4345894244651693,0.10716522390883733,0.46709735239978178,0.42253093274498954,1.4051321174788394,0.036475037340927371,0.83608493726697808,0.66008082716042216
0.14514899086248073,-1.4075182872936547,0.13629346850372076,0.28907204768273664,0.27028415096352887,1.1575035519033872,0.38022573471873539,0.90884275181196372,0.78352229343147572
0.21708057911867068,-1.3324838805940347,0.11400499032045486,0.19191841954164862,0.20147369113455815,1.3400560857891199,0.30908298805656431,0.58753173126795044,0.60470628083094036
0.05417810771104218,-1.2776018868380017,0.35889957759659075,0.22154135057255944,0.46234186187789716,1.2060022076748871,0.11509624866702617,0.52432952235755226,0.56542646563236321
0.098557298136063037,-1.2504221013751844,0.46761996297420161,0.42360282546143624,0.21579066087964952,1.2823605348425744,0.065032703866900923,0.59635693393507005,0.73144861935758132
0.20465133982954092,-1.4186468435260804,0.20885737209534339,0.41406974919014061,0.32770531082415366,1.4259110682920477,0.40825815516077113,0.65651050705000513,0.73554331605460166
0.093365886347938132,-1.4477570540992508,0.11036799204876868,0.49998049765114283,0.17428094898627064,1.352406567569163,0.41920332125232718,0.89141492341824069,0.82323933392490367
0.055632621801869751,-1.3513407503730666,0.23428357825775498,0.31563172751204116,0.17975744261656088,1.2605955429389655,0.021142527092535286,0.68475757932406389,0.52027858858223519
0.12318020703626487,-1.4661362144095842,0.40752636584773816,0.45843572486986306,0.42434227948517911,1.2524669080804633,0.47724271648704736,0.91188384763261554,0.66413090653058471
0.21039713060811438,-1.4192152649925398,0.39081042722394188,0.46783911867858741,0.37969198918554026,1.0261058468201967,0.43806793072131256,0.81378131814821519,0.90545190508696882
0.2202238420753993,-1.3067425258431997,0.16550708648690318,0.3023984395636421,0.14875385668139529,1.4456457364244972,0.041047904115703353,0.81354991537079635,0.80211469454640227
0.11012048393384938,-1.3780452304842097,0.20113608678560696,0.47842528942523821,0.29437737462905406,1.2776755796202843,0.30479632810687229,0.91241284245897936,0.64160342049140895
0.19732408552705166,-1.4438046524909769,0.24601384791583925,0.28785627621536547,0.3011864429648563,1.2762128206213434,0.051780948374431153,0.82574906438454954,0.93028722657692919
0.14850399561647745,-1.345276848993006,0.39837105619705759,0.29571492985998915,0.36466860080475294,1.0100095315096664,0.41750249456850214,0.83167378658460445,0.61076374317435356
0.075363827893936933,-1.4609519727297651,0.12623074831020945,0.29834905330658124,0.39326400350627755,1.1381786343306235,0.11043255857687495,0.57601420424485095,0.69415533011315866
0.23813793025687063,-1.3961456332851774,0.14740940968872443,0.46757936178727855,0.37033204125677066,1.1573482948979017,0.36423113762162584,0.81176999400692307,0.73032099548584795
0.077364985569282285,-1.396866206558133,0.35677513278986117,0.2974700561584831,0.43698962544403075,1.0862058070776732,0.054688639590848319,0.72513770267890765,0.85301664882670769
0.11664231809713974,-1.430510935474778,0.43615578278170253,0.42841558154011594,0.33961088444709536,1.23579251296843,0.40154296736005907,0.8804704582881997,0.71718637383226058
0.11050384669395925,-1.4134094492303613,0.20822779684065593,0.30525131576674458,0.4702732549859574,1.0857981177307179,0.073118686168649014,0.77502321111464112,0.73376306713474648
0.20113168262041953,-1.3693825629530889,0.39458356718639309,0.36043471446980957,0.43824097043105736,1.0119700323467737,0.10256028686179157,0.92655827788005873,0.51221635825880407
0.20726905914562938,-1.3055814242447914,0.40673112228547892,0.43313840594605146,0.46635987028678061,1.1992456676100214,0.10521444063496742,0.72022825535267621,0.94633088374477925
0.059827566093691838,-1.3649550861772479,0.49559323589591808,0.48289484569796215,0.12620252219354552,1.3896831570462707,0.45130878036844901,0.55289510911964324,0.68723197915039314
0.084749203629385525,-1.3192710360462228,0.18660015614027958,0.32736113892597485,0.23884046685338942,1.2859470477549071,0.49008203459518318,0.72760034142619801,0.66710859045175508
0.22644975601608192,-1.3261435515359468,0.48790675491318836,0.33584235515403693,0.39202144717295029,1.3686625969605499,0.27561474667293834,0.83110288664901666,0.83517603841568633
0.069325970479539478,-1.25823362250076,0.23546171086425483,0.47835841669284951,0.33632385196310377,1.3609285128817581,0.36670611521794833,0.72078177366024332,0.92775830135889792
0.16941523065375885,-1.319143405843751,0.12906981637497508,0.21069586649275715,0.32185538182704665,1.2543778528847374,0.19506683921351722,0.6369883597803524,0.88825088606086422
0.2397921249309618,-1.3378402764526016,0.14626194807399412,0.26211985769754792,0.33854214520162274,1.0949259666505553,0.31981233501657713,0.54230216789972696,0.85914213248196614
0.080747083313962201,-1.3115159093632867,0.46293388304539329,0.45419600636586721,0.49449094270444094,1.1833585603503107,0.080594351103548817,0.6380644768468503,0.8868332796286833
0.12815461981591295,-1.3756027906611294,0.18047901450989173,0.28081271853629275,0.39561166558319782,1.1418311866032735,0.37683317706047698,0.73684961353598777,0.76946364605853268
0.12702086931141354,-1.412067463009798,0.29987136644606999,0.29300429482016094,0.21332416653550859,1.4641596230156697,0.29163453884103502,0.80025454344464975,0.74823308206443406
0.062930528282011705,-1.3467171245845635,0.14586971919689201,0.33494145639223616,0.39260770071421258,1.4947650215340267,0.12219487862610241,0.86036036742093425,0.93202514497293709
0.14258372143410103,-1.2811928328178361,0.11848412956268604,0.30070408805345095,0.32733411229176884,1.358794825175824,0.028509191151715862,0.54552159520230548,0.56804730121332436
0.092223734622370379,-1.4237180471766333,0.13641412127641483,0.35893980713771323,0.20183330889444293,1.0747729288080934,0.4657065423509158,0.63203568133815546,0.78267062933726717
0.072153297999783664,-1.4368512590028923,0.39691627626797388,0.37570494728208448,0.18226282636693156,1.2032221351631562,0.054435241476433055,0.74138915056730026,0.77842099431569145
0.23363823661413785,-1.4767893941230499,0.48206679130602714,0.23143896600217631,0.20429642850548868,1.4700506387039347,0.32182979309707266,0.82178314267588459,0.82023755989334035
0.067220713875772775,-1.3598888101927633,0.1158042960582762,0.23282270760066986,0.10231995146539269,1.4325130294539514,0.24519004198574912,0.92912379070406304,0.50667130454273779
0.087664875564408898,-1.2680526822281453,0.42404770841940864,0.20874954373191557,0.4187442917187516,1.1360233592662621,0.06272789900451832,0.87109599345461342,0.89842514064126988
0.24664141337600792,-1.4924658018179757,0.19486284503908405,0.40370323982510536,0.30827503182259158,1.4199607818305018,0.20504355063312582,0.87733187545197155,0.59677164305852071
0.05365024878292176,-1.3802892323760836,0.43535392903055192,0.48525264147251035,0.2847520216936717,1.2781773604723461,0.15395425323206183,0.83724124642563291,0.61923739918385201
0.24701815113381315,-1.2812982202020267,0.38266430754991065,0.35591741680675593,0.4145646318231222,1.1342542335257151,0.17809869558794264,0.74282079664031786,0.57549243615869328
0.059793920151977306,-1.4038974388280392,0.41409469271449484,0.20914140013394203,0.44065426152111364,1.3774232104338799,0.30294731094836941,0.93161981805795446,0.70969062215164203
0.05012548161582718,-1.3578519982271395,0.13483225728353607,0.13306397487957292,0.33445505863137825,1.3727639618327319,0.28450964564198561,0.86077123866624106,0.65175367461906375
0.21690927758218503,-1.3940914687491937,0.44312530901144254,0.37748460465989009,0.31257186135915138,1.0811239623237865,0.10499469531708139,0.72419375134639485,0.60539193797700819
0.18342178634212231,-1.4270829273143675,0.32697042213705185,0.41136551847838965,0.3591817448452802,1.0489920481708011,0.14602718333622877,0.5184868301156853,0.56961353473149101
0.2385981803613631,-1.3063182633290031,0.15580812731255189,0.21602552230554078,0.3846532272497647,1.4723950836762847,0.37378579971853976,0.83685500982400085,0.5155515943274247
0.24108532679373534,-1.4729630292142659,0.49127708450652541,0.14202204839966881,0.30976259657321104,1.3871917289776596,0.14808329349547036,0.62533703158950682,0.59491413221010592
0.10693423826962255,-1.3423348789963303,0.28244110085354174,0.27790051975597341,0.1463424197252032,1.3293100368036344,0.26356819076855792,0.88140163656005743,0.75333644494471852
0.1766162491311154,-1.412963865452292,0.34988841008081351,0.11981729563371478,0.49264360081060521,1.1423324090967217,0.16586282262048704,0.64868259318946309,0.53018831831259028
0.22912682512696553,-1.3440269974874246,0.1765195483319692,0.28835923261454899,0.40734219476128775,1.4973082400407138,0.12127565581398106,0.57528413714162308,0.78963187620828013
0.15481513316515499,-1.4150846918197542,0.32047351093255116,0.11558558201620363,0.14243924298244376,1.3045109240245703,0.34473566096380914,0.90338366518988966,0.83319667141027498
0.18679139142186341,-1.4122761992581283,0.48296363253607455,0.49809802708538309,0.35495240355125113,1.1046326350048739,0.4460328081575452,0.63726722918281942,0.77490419700213731
0.23319599156293358,-1.4411796721353556,0.46972356790040759,0.32436027405702228,0.21478597466788507,1.3186516458462183,0.12622759358867647,0.74768639877872134,0.78874303198252627
0.17495852739877552,-1.467042434193887,0.23846320549202737,0.18803722298599823,0.26440277005504231,1.0302227478529125,0.34512434756625265,0.6416981738429719,0.94404458032446648
0.13384520953535692,-1.4694841285402134,0.36654413246450579,0.30376896652734631,0.26488740407306033,1.2457663988399399,0.1146169307092899,0.56577447451381491,0.8504230903061174
0.16112404246181727,-1.3787218604681346,0.40785473399554817,0.19443744068680513,0.30300119471661291,1.1024673448628362,0.14569223073253829,0.92845217082704878,0.72452035845376239
0.23271219101876484,-1.2862037396561341,0.13796825689697839,0.33899539828391534,0.22655186768876279,1.0421499300391175,0.062350673721423132,0.55236400566688171,0.57153355627406177
0.19407536923455593,-1.3362221201583309,0.16346670782878606,0.39056979675122294,0.39644748865829815,1.133188453153267,0.37833026607720149,0.62012847867196075,0.73724772971780639
0.11457007115771642,-1.2808308038241325,0.34858399198051437,0.29384432589062592,0.1343717393770591,1.4125169689439572,0.45403151535047143,0.76977809813540921,0.94665028648137062
0.1518218885319258,-1.3612944833814029,0.38425526437425128,0.48965584816085495,0.20800367425567445,1.3780042023502241,0.064036144032931078,0.65313730960518579,0.94534731960633966
0.096748928826738689,-1.4321881041337576,0.39876438237855016,0.42805863420405399,0.12804044466518771,1.4631933916994537,0.31337420661680621,0.69561799873014052,0.74740868331189214
0.06765209754932372,-1.2606928936389987,0.32607392039813832,0.42897111061113546,0.26534369499727739,1.2677287765355496,0.017195871796155188,0.52096299100368226,0.69860389939336798
0.17692435633355424,-1.4175476850401154,0.47131951757108725,0.48666029435394109,0.17084727766801527,1.0656860633199434,0.081343858697858498,0.56805452306377102,0.83580018310385396
0.064767623992448814,-1.4363377100830381,0.31194954338179143,0.27207236143921798,0.37654452560579577,1.1405197611591622,0.30871694190292043,0.62162970118730443,0.94449964863840363
0.12985422064629867,-1.3657610133542775,0.31874813297181365,0.22038658629433916,0.34804589080194398,1.1448422482018741,0.43703102456823051,0.66584057720914003,0.62584528710430376
0.10491699260716281,-1.4649853820011756,0.22099830390594982,0.36163618762797178,0.42325031482375552,1.3337461279919527,0.49096518109725934,0.89971747101801525,0.70202969216624289
0.18549656610743054,-1.3399425741277364,0.40262934694361052,0.44181370811396481,0.13764144708413895,1.4240831724702021,0.093148600551257968,0.94733107708174735,0.52870720014908967
0.14636323953964714,-1.321015012861646,0.33284549929378182,0.25732584452308471,0.22330021270600295,1.2084111086489311,0.29859985254137572,0.7607073028056317,0.60344488075222169
0.17555717491396255,-1.3651311171347313,0.10600360656737935,0.19865163664635876,0.31686868081803599,1.4218594503700761,0.34611507389534946,0.82822310854303138,0.76860788849958617
0.12734970497822046,-1.2701920572200271,0.33339602632757531,0.36622110727672119,0.38002152497043573,1.3534888252318502,0.37228764692526101,0.84919499045229685,0.61946351611102901
0.24598746938147109,-1.3275800925722998,0.30288431192150067,0.17833411163259982,0.37397101319150827,1.2934504062354601,0.19413564191261667,0.68905273143555223,0.70153618494098791
0.22948325533577468,-1.2536084961539193,0.23985814201655339,0.37439455480868356,0.417015652624669,1.2228102471396916,0.21478498436063714,0.5546289471061645,0.94980674763072082
0.24863228658215453,-1.4804453843237613,0.43953207504439928,0.14548553318910767,0.39513003866811591,1.4861590830784159,0.16017650674752396,0.58905261652124186,0.76533749291523778
0.22074624668010784,-1.3035110305963755,0.37932714592417949,0.34117449507796882,0.48615964600010664,1.1240182536883245,0.1682116492854418,0.71992293749709657,0.52701513740385297
0.20912603899755977,-1.3666791333239054,0.2963033757934217,0.16141436544987109,0.46437389308188504,1.0562830739899103,0.28286951226563051,0.76801999803215715,0.77225586720084327
0.055975817387637371,-1.2985616050763769,0.20620842913181914,0.15789338149690701,0.20655636872211136,1.2008353951875261,0.17662603624958448,0.60927969177936769,0.81495410664650825
0.19592417762010067,-1.3919565533565987,0.21768615339749819,0.18763740171523857,0.35637042984249845,1.2872675474367772,0.28770442431357968,0.73470892063237925,0.92828493161553716
0.20649519787219667,-1.2530748021040823,0.4966560282091087,0.44746351161598241,0.12746238693983805,1.1321378369773547,0.002000409119009755,0.81881855359224676,0.57669668607649593
0.24221098810696384,-1.4333018934367447,0.28969701235117273,0.3278302005562026,0.39694025661953714,1.2744361223531699,0.19163222196706642,0.73615345808204835,0.58046849304910975
0.14357118005005692,-1.4444227881819831,0.46025414163496625,0.21407802423485545,0.33773285055882174,1.4924017815752966,0.26134432773177624,0.67926159761066196,0.86276616893381464
0.23451735765379833,-1.4243692730350983,0.4087736515342878,0.2521901393213295,0.12231712004532327,1.4142786798944726,0.38165479819486198,0.86112807164549388,0.63768947188047054
0.050768068869719962,-1.4131163826936812,0.47793333827007545,0.13814805421280391,0.14817876483844253,1.4799437519655645,0.46806171900758808,0.60591075472342459,0.91682623801288943
0.12769340854888966,-1.4290069170872721,0.36690915408641545,0.22568353777835073,0.32989451589603741,1.2438291805768644,0.28527872565408591,0.77604616747352018,0.92624176084384091
0.16850092013834053,-1.3505922158906081,0.42004118611077457,0.47682597867236887,0.25930622760244104,1.2725741922717779,0.43213121596784204,0.5404766927305239,0.67052666274092976
0.1964262905471218,-1.2852288922308488,0.1810259900411833,0.38452556554384842,0.43760770857721887,1.1358103058619951,0.020580445176506455,0.61260175980721754,0.85699511384239513
0.081326023322311702,-1.3595353356196791,0.40040216235030224,0.10837667161492606,0.40846672608250401,1.1936728646986741,0.052680742699197355,0.75293142771049226,0.87677381673750565
0.22961425474005004,-1.3848921711089965,0.23685658055603487,0.10241834845805528,0.10851740792217537,1.242353135072559,0.025176938541907595,0.74437931897748411,0.79626357543500448
0.054767091566274663,-1.4007924609528826,0.49056820366205711,0.42061902119966443,0.43049034732576585,1.4901482248640181,0.11092555882672858,0.82475743473842344,0.91465793544698504
0.14607053923595165,-1.4180497893790662,0.22843759921841192,0.34632278183752951,0.34445626385958139,1.4411519569531082,0.046324755676690858,0.56908463865104864,0.75001807357706518
0.16387536396301045,-1.2796775275803955,0.3390663149842813,0.22674646321446457,0.35462074777314623,1.488493407986236,0.39519141301132099,0.57690170411495201,0.64706459994176191
0.21622708589797573,-1.455703210723817,0.22278674388199593,0.37767191279980994,0.34134605269714346,1.0899215315767679,0.38302422907703032,0.55360768212977696,0.76623098975183446
0.12402994495929184,-1.3612401493174902,0.44091291630262919,0.20137274953318071,0.45740577410421279,1.0809593278017426,0.47622716278212918,0.91007831761909941,0.69826295474333044
0.15945854469244536,-1.3151093696039167,0.32137331311539807,0.30684354570487349,0.20945258750978341,1.3355645699882717,0.049817649717791831,0.64424369062241116,0.74221087252164741
0.062627932057866625,-1.2999767795137662,0.12151993865052101,0.25035454327449308,0.39753675142703404,1.321234030782743,0.41071183104120984,0.65582357710534234,0.57056643958406983
0.21153330118776259,-1.320834894812162,0.4765710598672861,0.38154608196503681,0.18622759548840817,1.169382180785242,0.38785954824317398,0.50852786351521584,0.77045249295802887
0.13726018098846132,-1.3468169210392635,0.31340524581132878,0.22722320659645134,0.16126243748629865,1.007421966720585,0.35966219404451499,0.77367011903287686,0.93349254095976752
0.18263370889193209,-1.3962554100354878,0.30000534961237335,0.45903638767231625,0.37891646881334962,1.3296142886092774,0.21247762725155694,0.69980632683997679,0.54708451535738101
0.12691979626216537,-1.3553404505182316,0.25234134100273081,0.49035493892712367,0.389218015758518,1.1003753524988522,0.15935526500486724,0.71309245723795822,0.53421839476453581
0.20525487786880298,-1.4637688521851093,0.21101897126553226,0.14347102188637381,0.26092494014401207,1.4300680887952359,0.032274335989432225,0.5516166363937105,0.93517880732995895
0.11242402292357184,-1.3375764710039266,0.48438762567780957,0.23937948488651228,0.14651090101729708,1.3243971530254723,0.031008811769844415,0.93101248787119961,0.67055670213654417
0.21341632635294483,-1.2638684743836619,0.48864151509692044,0.28195135274144267,0.10533083591474551,1.4190320996882169,0.079316675793622324,0.61381948799948594,0.93732205817463199
0.093020425265487705,-1.365343307205205,0.19039176180892728,0.13894018695068944,0.31806140285133006,1.4648192681986401,0.45469990418027806,0.79684544531257018,0.54677605895612114
0.070594178904831842,-1.3278756845898447,0.47910389271468679,0.11393155711609257,0.43107862310103617,1.2748247696667145,0.24943594141901093,0.586326860031394,0.74598045030497828
0.13125322473848616,-1.483011686324152,0.16084188288884532,0.48123626127826136,0.10635395182388158,1.0888746884805112,0.09381553459223281,0.819168832403534,0.77744625002664525
0.19528392160450947,-1.4985489318954055,0.32754302411270264,0.27442230620926078,0.30244279810440933,1.393468822118813,0.091224555235555518,0.8385113438550974,0.83648126061553951
0.075819007211355691,-1.3490184738064586,0.18574782534678352,0.40466090522464448,0.23528800792185342,1.2840883953599518,0.089546076826820989,0.70539654733522261,0.87087912464609663
0.24473359538186695,-1.3412896887687129,0.15327632209088407,0.40102806607631358,0.31109621235898405,1.250617132052426,0.21621258618378383,0.91294899937825169,0.63361231179775945
0.11699635912454463,-1.4024322961968858,0.14250821459356702,0.11148080103979729,0.40306823900215394,1.1081193199603954,0.064923480795342575,0.66440454241356373,0.91219681580634737
0.10622558847117637,-1.294173483777775,0.32243918357552148,0.30617326873744083,0.11051454878080549,1.3071574228536245,0.027832716234735815,0.94597162313288496,0.81415880235667326
0.20136219731764982,-1.4426861738231627,0.25748089907312188,0.13710304248438487,0.36647959756475779,1.2853030482861532,0.24002144541848031,0.872151638352061,0.93906474637945947
0.21736394826253286,-1.264764076152411,0.1418264871539677,0.21322241950382712,0.47544834153714566,1.2400786070573731,0.24557704250826079,0.92310785892667691,0.92106866336605353
0.10677321677331951,-1.4554184459906865,0.4934987329178534,0.22323658363321813,0.48879275769442732,1.2817709835985345,0.47034259522660393,0.84536740557902479,0.64933820685556798
0.12640254637236803,-1.4687670342247134,0.22907606130449151,0.21683586914363415,0.3331225977493249,1.4762783199220875,0.29399034157318349,0.58999275338895241,0.67281705820156046
0.22991331990402158,-1.304785036837363,0.13330369458767877,0.21519540837210216,0.35186898107599152,1.1031168380398535,0.47394723329669863,0.63181484784007225,0.8294197130273615
0.1535031399542679,-1.2540782535379131,0.2744948168458895,0.23886570339534949,0.15078874231863792,1.1543944431666415,0.39659894644744015,0.59714934611509207,0.64397596926731815
0.21132794578761194,-1.4940686206850506,0.25938252559507663,0.18337869284977545,0.24209696150356469,1.4846209760353983,0.37304619503161751,0.54086483167321397,0.76720128352309958
0.14464083222578236,-1.2558683006633902,0.11081627553782039,0.20674373631300166,0.47722004754478753,1.1439688670812771,0.22945212603520093,0.90022293580543766,0.65162142655177591
0.055395705887601343,-1.4722692480553363,0.17112840472898308,0.48819110180002856,0.1705562359203977,1.1726099952700002,0.14290832378525647,0.63528883117617574,0.58924964599495122
0.17445158093493696,-1.2773257499096149,0.29833434580567925,0.13545837742235775,0.28999416459507499,1.0386819697224954,0.49243290929012407,0.61746756687141569,0.76240625397182304
0.098874226200008922,-1.4544999850476916,0.3535920122043027,0.22391923140855466,0.19564524493051877,1.4343670385351555,0.023771104443584944,0.88447108797400764,0.73645618095263099
0.20480998352082302,-1.385379022584279,0.15382586466963263,0.36860536532389288,0.3643650157144368,1.2108626297262717,0.4045640351183809,0.60936434695470332,0.71513331923529744
0.24612923300632872,-1.3494723326853566,0.34129875481327376,0.49710459614048919,0.13389998145250817,1.0852256273758645,0.18324340247962148,0.52245453487716176,0.50080883667063669
0.050362214368503896,-1.2552315587842267,0.33168706018631405,0.12135614785108506,0.27296425273181368,1.2026279821252037,0.33885404755470006,0.83350074710316557,0.89497977267102258
0.15607066904800365,-1.4284147390167772,0.44571787980839017,0.12754197646799176,0.44379122002253568,1.3328218734815318,0.38591223320428508,0.59831785093940049,0.54628469436407945
0.066551121409373068,-1.2501145553284594,0.4092700474957881,0.44779075648200395,0.15394712405751726,1.0831913859912892,0.018659507164616482,0.5700953772288988,0.69200116545981016
0.19183200129742278,-1.3997021759517503,0.17375905351219401,0.43679963748462203,0.20319624253568058,1.2098250639608694,0.2861533515123153,0.51946516590943392,0.71572097406571555
0.10371808557659427,-1.4569314990436695,0.31810472123371825,0.11461789492770857,0.2056226268082052,1.4291825458631577,0.34429200901910884,0.61154883997390352,0.86226478453451005
0.097044453255380525,-1.4102924052317001,0.15261799598791648,0.30315558475295346,0.10306585724343727,1.314543849198011,0.29502164920445412,0.84080797363884519,0.81825813789290414
0.21222349222972431,-1.2823441331803105,0.43305127596518234,0.43184126710698523,0.3514238229572989,1.3128810764688992,0.18568681430287165,0.8857083999271117,0.66046559331569155
0.14836355421183267,-1.4060879489595235,0.23345718020090878,0.13941701051769737,0.35741617383201285,1.4697380528768849,0.13585954186352117,0.93305242840630065,0.76650143385359992
0.2027402068122538,-1.3500181433984089,0.1336568803189826,0.44461382595275423,0.25510905522242988,1.1007435922193227,0.23493111475248665,0.87197358816806858,0.6365221550073582
0.070870469747103898,-1.4764396013840111,0.21612989949830042,0.26378802169319748,0.48284254976395757,1.1712446329756045,0.33378587708763308,0.51689447619185191,0.91323204163219418
0.20095347165622912,-1.292347968372729,0.47545082962521212,0.31006969726290035,0.12677497538754492,1.0638368183769527,0.30109423164155502,0.80713246831492569,0.90539389123192726
0.20459759292434809,-1.3199758183487114,0.32492698746979931,0.22230474860554089,0.37123206745768644,1.3864629335208454,0.05039388411519579,0.93003929018671827,0.66111113324861726
0.14134709872506418,-1.3286293170211381,0.46107928304639711,0.48415764803672479,0.12869392718204709,1.1374808827232183,0.31920053658939973,0.71055611176594136,0.58338728616611013
0.15378136652580265,-1.3249190717695012,0.16947835201555755,0.26418575004905581,0.20374001867326133,1.0112678834272741,0.41490979352771956,0.79186515856690864,0.82251303343588233
0.10835104053309985,-1.3009125835024535,0.28143580948743141,0.43716456717917085,0.29327808035363673,1.0075622672079669,0.49620117379159751,0.66680214304726304,0.58608940309866808
0.066015369360438336,-1.389670774551669,0.42289650408157409,0.28719755420294524,0.30355138831125594,1.4733855908548463,0.45648616177720996,0.6037825202950664,0.87174003714434967
0.11583724714879622,-1.493097292811288,0.35281797699577011,0.2921898152121909,0.29912525751793773,1.0962856554195339,0.41294314438990321,0.94565787301739679,0.82208297251222295
0.11115011114985275,-1.4231431052895498,0.22780616138573295,0.28481951075312117,0.32666238413553184,1.297306558437781,0.11927799894390072,0.83267277779022919,0.91598892122257558
0.12865732413528985,-1.4808253307443717,0.46168082489958995,0.12042485894877897,0.24089015208459183,1.3422526177221636,0.42390648955608717,0.61726889375819827,0.6290852434338261
0.13038427780031006,-1.3479857304523992,0.36356023177969987,0.37006846050747588,0.45515079189365315,1.153589387175753,0.13185887819680003,0.5562845357506726,0.56063076721957594
0.19294923924695978,-1.3393228854823702,0.39549189932964157,0.10722532187678502,0.31537612384876185,1.3760468166952304,0.17152939782780327,0.66832737562436706,0.8003181170147613
0.16473769608880431,-1.2592019272748434,0.2007361408136403,0.30674345046866774,0.15661095980815237,1.3670637968179449,0.14900107490242323,0.81676545014185398,0.62331152554026348
0.1899722378655348,-1.3594917090357068,0.20953935096513954,0.47640337006411015,0.13343659668389371,1.2415618003085571,0.47324987178924094,0.68074323111461243,0.9083266102580505
0.10473876690918915,-1.2662361433679323,0.44716504453622297,0.47514252541688962,0.4100666934307976,1.2271240097022598,0.25506901767413742,0.88642330923353785,0.69089847958531092
0.061858242186839746,-1.2993619959367244,0.1177039142040744,0.40621327492750281,0.43026690116088284,1.4101588425276055,0.39494530995265403,0.54603265792654254,0.82817407886595262
0.1602826426350358,-1.4087805236193809,0.39938544311070445,0.14783058741655408,0.3651996954420994,1.4359303783004487,0.032817561860430181,0.63422997927104907,0.55935057974507707
0.12359846800373669,-1.4149229854690315,0.49735969742691366,0.27837147281226104,0.11991857438556444,1.2656930511779056,0.29666163578778204,0.75127034320427344,0.71120168998010269
0.15972089396333528,-1.2572000335732385,0.38721830985725492,0.46249483475728104,0.2612099519408575,1.1965023907851,0.35118691324561757,0.55994589123265548,0.79819170179041488
0.11072102483692178,-1.3220404510337429,0.15896517120066916,0.1874584725425911,0.11753071911383711,1.1860250689302612,0.2152949669565723,0.87597803795810925,0.74534174007093779
0.24755620820441154,-1.4989507281614602,0.42913259815405491,0.24109004728986419,0.38277560535781663,1.1652521581818192,0.13054497273174731,0.79357963853356805,0.51455630318216594
0.24568942622036094,-1.2534756455159721,0.12169546596204765,0.24383910507115983,0.24421858813830619,1.0877479221484294,0.36721762626016397,0.75071509251061075,0.67664639127405735
0.15704505643590277,-1.3125296314415393,0.16512681565232851,0.15808514026897816,0.23444331252172965,1.0934550689232432,0.059411639963933921,0.61567737149232771,0.93862530782558351
0.15746238164617177,-1.3591386509297458,0.27601911118419942,0.17051524974076587,0.29787127733956764,1.3776961169900397,0.28165920932351102,0.63133037185952978,0.764161125460316
0.052615553011972918,-1.3019511159973298,0.21367953925952071,0.27289383148096269,0.26049539611548667,1.3341782682681493,0.13664971474956855,0.69791506296653261,0.75604249602059859
0.16618892128403995,-1.3336598180993628,0.43153360158085763,0.41614362991807263,0.42755958770677382,1.1741225528144508,0.18620232480193064,0.6102980648116314,0.90954897208420737
0.17113612472500578,-1.3433873733365143,0.18521289105952007,0.26608405464743184,0.46468289066267821,1.284574049921094,0.15268446236993799,0.66409361661665356,0.52569502813951752
0.19892896683951344,-1.4721722595974227,0.16202596871335054,0.16263897900902075,0.36087293655589214,1.4106533040085831,0.26264472399323013,0.71253393409281984,0.80997259598985916
0.16920614213507856,-1.4965997045543518,0.39212131118644411,0.17296410900986697,0.42584029281379254,1.1267058552479239,0.48175544784197943,0.87134778903529853,0.82434844854466749
0.18723756307561851,-1.257727686707109,0.34073244589559187,0.43867540932107396,0.47773534835173914,1.2581405702769746,0.16116380859209389,0.63079516967277471,0.93587292356037399
0.18977077390600666,-1.3280033663794519,0.28906115884819028,0.36464178435165329,0.10516846093933346,1.4117652271799721,0.04329695955331591,0.65402004997996033,0.66551317153079359
0.16503620426671178,-1.4011604173321202,0.41878303054297084,0.32659952990348695,0.33891822455708726,1.261851738146357,0.24277043211431629,0.78689062069505711,0.67546836712747849
0.19109260384183596,-1.2594420160087423,0.28295313933727806,0.30817191118514004,0.10382756877257339,1.0121076880674036,0.46443959286754899,0.94338576901636584,0.90324180722791136
0.059199378959566992,-1.2848340885450484,0.44232569087603635,0.47793314574768642,0.16409983226643016,1.18176279250197,0.42011986330055251,0.6706850125593744,0.50961158858561972
0.19179488121204996,-1.2725912955116696,0.2973927200859845,0.31819876226999322,0.11400220327052636,1.2597237729640305,0.22358188052910277,0.57795640167544071,0.58009161375335505
0.18425661236640517,-1.4386828770698488,0.37333176278338043,0.20778476495015033,0.32838675929724226,1.0652290367800759,0.47519101396921115,0.94945129055570754,0.5567526598749325
0.13071851050658462,-1.4981842647452572,0.3428218374670805,0.1815960248347005,0.34064436456314295,1.2960562863245721,0.46348185233631217,0.62759909301313754,0.52478461594902415
0.23505344009668389,-1.2925240489095804,0.13911855648827334,0.2092011356602298,0.41292692869812742,1.3106289179977983,0.11173683296142824,0.94860044568041491,0.67833496633014789
0.21332680583674485,-1.4343752461681301,0.19288886423105059,0.43994946729802076,0.241236587420284,1.2500026076449029,0.3102211113719176,0.52639100828074004,0.66755054739441011
0.15507659874108493,-1.3577377800918637,0.16665980200791641,0.10173867022690185,0.25966384845341228,1.2806668591268839,0.18847430403382934,0.56724971538653135,0.91916975603026829
0.12946638237474081,-1.3753257970838215,0.42538720995664259,0.4262707126885209,0.29520978227106198,1.2013641956006882,0.3975874531125887,0.66899462306769319,0.67165338669593178
0.061628838244569599,-1.43286362879058,0.43045360065089278,0.48268430277780117,0.48063520542435534,1.0785188330743656,0.47298843061412521,0.84177966923286129,0.65724236437285199
0.10871488209147777,-1.2658334066465295,0.40613338616200279,0.12836608557295612,0.36221998621895724,1.0589829441154381,0.23296164616544102,0.84383701609096384,0.7709453678820487
0.2275505591252388,-1.3058584996416918,0.4368940389968381,0.15331086049124282,0.49702250538495762,1.3971018104367925,0.035853473725416835,0.55968965913303026,0.58195332524862842
0.16334092982165793,-1.3304276718900356,0.4257931406617822,0.20408482863058522,0.49968229423923116,1.1763940728278703,0.044222797399089589,0.65046929364219164,0.82551724085502443
0.10003555927864483,-1.4001428694224796,0.12742069019978483,0.43734741231334162,0.43355855376554997,1.4028289236821538,0.097416630015126474,0.83020327461190546,0.84505314616502158
0.13221756782661753,-1.3196140454281799,0.2359795652875431,0.41471584390017568,0.41837547854009205,1.1556646026317849,0.43310217359398473,0.74602922203264233,0.73415867352601949
0.24279137769322578,-1.3555534499915698,0.18127961853512703,0.3969784201669142,0.15455955784013192,1.4980223618140034,0.079808049015954036,0.55429658666181747,0.60081754377268048
0.20015484135893363,-1.4700681873742603,0.2632561628766289,0.49056140198694209,0.17507811420283551,1.1796148111444944,0.17118583762066381,0.53058991003395894,0.64343656418750039
0.20954094284667968,-1.4397497422500072,0.25846704624577777,0.14014826507974526,0.3166975227879707,1.3878926412757782,0.48424696072338058,0.52827377162886313,0.79872669640131644
0.21921030153581139,-1.4374784137581493,0.44073218560901284,0.14093978435241983,0.24033955178816857,1.1880957048089356,0.038121382084288384,0.80470929293753324,0.86366097095118488
0.15929121605633945,-1.4201809643766348,0.19951141097577876,0.42227521254199762,0.32621162752203414,1.4415143834398934,0.059732049454301384,0.62978938942018736,0.94846833566208599
0.24907464532562118,-1.338358971239364,0.42199373497963011,0.45168036860286909,0.45153941432777722,1.4136179590995464,0.037921819981160475,0.65368877401837233,0.55504356959245527
0.072371866577365121,-1.3662418186756533,0.43770715685498751,0.24977397451385935,0.1913307755191101,1.0632969780924468,0.49198194652534172,0.88416308809610245,0.74027462808324274
0.09589301281305572,-1.4119749975680684,0.40022398503188206,0.45598285437178554,0.40761902578078524,1.4476456425145829,0.46941631921437232,0.71437529281390355,0.64593556464136004
0.14232001226121771,-1.4640163699128754,0.30408973383415067,0.35060062938608794,0.27222109964670782,1.3066379564764885,0.47215139241384324,0.75786906618903327,0.84683455273129637
0.24320964759688479,-1.2733273792283597,0.41212365547215235,0.11674349916170523,0.49514108149443004,1.3996743040582433,0.439197344598734,0.7824625441741524,0.54496827489809618
0.23547662946634379,-1.4755321204506271,0.297813844606029,0.28870612734648049,0.28130232368912778,1.3810370393179139,0.38663250327947996,0.88237076324589814,0.93685835525608407
0.22265285994555423,-1.4727089308782486,0.42459063640589578,0.29087908823008329,0.33321905335075608,1.3653798154778463,0.25169122434936153,0.88105872139960639,0.81678734631063588
0.072793539114229325,-1.264318218040601,0.14210605370651794,0.34888659742943134,0.23146210623983615,1.3947815916490218,0.46493548572748666,0.92207849996301816,0.94342306080788929
0.099826831227183249,-1.3543395076164737,0.25142673758901501,0.33149368729983364,0.32925637679515785,1.3917381112874483,0.28388088761101354,0.7876768423351862,0.65803416270915926
0.067146094054660765,-1.4246280529819351,0.2992238062095724,0.36276272945241261,0.23702376269504091,1.4751666769121519,0.26067925718629992,0.58432369808647611,0.50312458780418223
0.089302829197219796,-1.4056168856832527,0.45565513323996998,0.47105878237982679,0.33428849502837021,1.4765231315467362,0.29790982234558033,0.66350920508724021,0.69149474552077961
0.15574475712390967,-1.4427533363054488,0.4717797295561087,0.22253114626100509,0.11781757398976453,1.4385405995321692,0.23557542280703356,0.64750083184592522,0.7145688651176163
0.18902048780525288,-1.3881827409840806,0.29111067879399588,0.37715060002775302,0.41277174300636754,1.4786969377146562,0.425805929586964,0.80740951470300892,0.71298691053832042
0.089129032634916061,-1.274919889787115,0.21916873392227795,0.30562792934759031,0.4836437631574747,1.3691613758102941,0.17312642593395647,0.91134135609841993,0.67980548225667592
0.19302174530043498,-1.4706386103776881,0.12955384577875129,0.14682335624129961,0.38233502902773886,1.2185201642457779,0.0075770140393393521,0.9394944669548424,0.69363778946870058
0.07519257711670628,-1.3396378625192671,0.30874662834077959,0.31613235507399806,0.39071498008808503,1.0970805410285691,0.12968820454742488,0.60812458132838043,0.675813116623318
0.18833564051235524,-1.3927708723910655,0.36081172445248388,0.16368689883498982,0.43374776702908757,1.1478754907854793,0.20553272221619007,0.67714646352097441,0.84253961167441171
0.21182527554049796,-1.3131712440811218,0.33977492273506971,0.19282825610919807,0.11163374682672453,1.0528098772529513,0.23953532905291008,0.80318432855900945,0.83285734151703306
0.11829118995215418,-1.4042826617491901,0.32648032663867982,0.12247040872713751,0.38899218967353133,1.4533001762728552,0.33801856603181546,0.50687063938425891,0.65629333006934776
0.11434541409969133,-1.3061119203566942,0.31480322982713127,0.46086176785356181,0.40825226207429599,1.2665688013974394,0.32355782083074497,0.50302850501367724,0.71923754662485029
0.21815064726429934,-1.495778284706534,0.14508848565092305,0.39810216677100785,0.3747816803890458,1.1017166630455131,0.46769925918178262,0.67505205182380124,0.94757324039108248
0.1581460438516572,-1.4534073362307869,0.11740509597595038,0.48074603190757859,0.1080255898501209,1.2203866599733371,0.17981789423682823,0.79865584351425056,0.93506993221391665
0.081529966017543115,-1.4815151154494965,0.27357307914309958,0.42776654829347649,0.22180698073429858,1.0213071598994341,0.25884307659127842,0.73143917035469297,0.59031189725043753
0.10204332150909411,-1.2723818841267662,0.20503893800938183,0.40336209879992813,0.42368495720441735,1.323809992783628,0.45560993980489611,0.64625897711680214,0.80899326897210677
0.22185600667810784,-1.478466356286819,0.20191359898241382,0.34298868710946517,0.32484580348858549,1.2734423210995687,0.38453226017910019,0.71670732698111805,0.733135696665008
0.066778801482754932,-1.2855480298926183,0.40910850555049483,0.20969422893866838,0.28366820495491873,1.4187544413815232,0.19485846266004161,0.5620421958660663,0.66826687399007556
0.057695243060291716,-1.3421345302124918,0.43974654958768966,0.37194083404935252,0.16666284747114857,1.0771587346866798,0.24623474058303116,0.60022559685766441,0.84078263610306547
0.24071193230204951,-1.490422164895282,0.40411346253022673,0.1008754639154371,0.33182360715516418,1.4467072294645518,0.074292225605137457,0.66277607699679553,0.52292365775151528
0.13272232554152591,-1.3313992826251466,0.48811435301360961,0.11003241927219692,0.2068950512439458,1.0274330331839363,0.34264104337122275,0.51443792801916255,0.80503323562311979
0.13594779443870283,-1.2825841766797859,0.27120142925254942,0.12357636860863741,0.39121159384278925,1.0507413411935329,0.047260173391505948,0.82411120330662047,0.79020950313065685
0.21744294547489523,-1.2899927775891691,0.32866315869476226,0.45377362343712002,0.32853815298251088,1.2612151544574519,0.43041080188423902,0.68258961074299762,0.62545422345096779
0.079479343739398411,-1.4658114145528469,0.14072433824347386,0.1611592706915595,0.4219589734363256,1.128432470951388,0.16709401448543557,0.90933393420229525,0.68911327957620938
0.12263338718811745,-1.4674121295812497,0.19051646623435434,0.35027619170873991,0.31496500185481613,1.0493157955386092,0.15735284991536186,0.8462035748748209,0.78151764410854696
0.095105824017881202,-1.48060899616417,0.10874136664900326,0.2947915248187552,0.30607682324054986,1.3666944707630322,0.082063181767425608,0.94491998240127895,0.70752024182825424
0.20160163173284362,-1.3119628317460408,0.47033768044731761,0.39242282340336498,0.3811082862701296,1.3023995918942175,0.1907764157383959,0.88815183620671945,0.87368009665568647
0.17890868367551216,-1.3715491992277031,0.27981557802437595,0.16640358384784165,0.4016416684185864,1.2333746204466101,0.14124203739035096,0.69513127979851996,0.58553546894043973
0.19614898010219239,-1.26088678119963,0.43431140764026943,0.38433961374978065,0.13595657736510453,1.3594282450047452,0.41894751943619274,0.89842956428273835,0.70864690465303282
0.2213013962502387,-1.3784262675994805,0.10121047379913631,0.46977501269489308,0.35982646498898352,1.3745483092163564,0.13037360035262663,0.72269790749922769,0.64236944714425592
0.22532157075930415,-1.3840903339646036,0.28188808764920104,0.15261597275670027,0.23994309451117585,1.3562341651189502,0.037377619831254393,0.69587590211027361,0.51042212620592164
0.11288769024831502,-1.2903472904422157,0.21488771537802623,0.429709474442179,0.36543816061447776,1.2639928434998053,0.42085005564472183,0.73645769143051343,0.55459806679547052
0.14989858395089173,-1.262093910807581,0.25964461671396954,0.14670085332431404,0.177193135036088,1.3939301617918258,0.36541400559194925,0.65927508534762302,0.63279307202637314
0.16076555077507576,-1.2936507612011952,0.10059570131432481,0.22197225786040886,0.40045324849705122,1.2950864762661394,0.39182726250489341,0.84496032499704521,0.88476524180976091
0.08319785509812494,-1.4696364503147059,0.30119362617365619,0.36586068550099127,0.4058577429105773,1.3923308751708259,0.28930733776697903,0.54978659970039168,0.55183862673828055
0.12934005306810309,-1.3053872974613985,0.46930006586189843,0.4921793347543918,0.38179914664320103,1.1665637841274417,0.31691179906761163,0.8081028431544437,0.62174361851179671
0.13477429940033542,-1.4209304786814665,0.39484011895452109,0.45218732661161776,0.33498196821938875,1.2515675565432633,0.20659325223471237,0.68950522116219404,0.55791827462157761
0.10540372979501801,-1.3339670461247497,0.26240949258920715,0.10418495143092817,0.49630053475510205,1.266450947374671,0.040972507755245427,0.51031399009726108,0.51721486969134689
0.22827237831631014,-1.4976589123973216,0.14136411506617905,0.43618156690542664,0.19372454485403601,1.2979480863146722,0.099623215142995963,0.5923541385023483,0.79977910622444659
0.15660499034176983,-1.3626831153095393,0.45095517543707053,0.4457702180440013,0.10335987758002835,1.148480266832592,0.38448071234933168,0.50173823889320179,0.67905348682891287
0.12619569366211203,-1.3446832470759753,0.24891464582435932,0.13798362694828858,0.145518524038178,1.3280450818905076,0.18517426571615689,0.50322442894017949,0.62984717320431893
0.22764856436280223,-1.3402317536650208,0.27545705171959933,0.15517874079530425,0.26941554278580088,1.2258697206803839,0.29496020145369739,0.53497457297402518,0.60650742392901558
0.14706509838388634,-1.2927836967859925,0.31409392191756624,0.33607499541890085,0.27705899051226213,1.2121780086151381,0.086933281688239689,0.59370387444783157,0.77621013376176351
0.071276919739306888,-1.2895194657795739,0.10338200737329353,0.29509849515696074,0.36244618444900478,1.0461191590609655,0.16325889796506762,0.635652445626258,0.63464443384087055
0.23626194488642288,-1.3242060288207165,0.44722519760392254,0.22811492731617661,0.10432290172397397,1.0543744895628051,0.35227239526473597,0.72676151248168419,0.82722247343683541
0.10518951934057119,-1.3903896492803283,0.15508794669597281,0.11206251102411338,0.39871704407080311,1.1995839854387311,0.14221743682820831,0.67420690022239393,0.53919974923349867
0.14683516588401938,-1.2586977683358651,0.34706370557365374,0.46855155313554286,0.11620053363336663,1.2367146153207946,0.18241944597997103,0.87355398973534915,0.60592619807835391
0.24145801654471399,-1.2787125337640235,0.24455478160505895,0.12708685364855221,0.11147142078102522,1.4565161856998685,0.061141752569054748,0.83887630803343527,0.71400599534539499
0.074690766900149044,-1.2706568547022361,0.31276102352893692,0.17518570060545602,0.21846112550385663,1.1608350289794807,0.025862311147264866,0.76013627109378723,0.91967947897095437
0.18814124301307855,-1.288879053660849,0.40315123246611095,0.3307155811562863,0.21604476476473075,1.2481269789800022,0.072174854795362967,0.84002718995973791,0.6879329884716805
0.16782597804556901,-1.4562811030505145,0.39397145820909496,0.41883475489896693,0.16007653010065631,1.0683440563265258,0.24170691705180167,0.91641983262188709,0.84115307320012644
0.17642620283729854,-1.4551292486253111,0.47442351836724173,0.47418444111594937,0.27746473461295185,1.0065832215413042,0.069232499842036888,0.77674150383695029,0.60849495394299036
0.10318266315046123,-1.2762277866044769,0.28829329061475373,0.16030245822488187,0.38553487361724104,1.3753424414890449,0.45693017582860562,0.77104386374812051,0.6350556897460734
0.17563666197625344,-1.4063396050232864,0.23625819468534112,0.44719906136368859,0.22631256736187377,1.0923367576327374,0.47400925843646802,0.85292018544627235,0.78451084573184515
0.079681724812109833,-1.3160220300664509,0.16197205205030998,0.3728667452305523,0.4910218803088543,1.2352724627365237,0.016943414697507826,0.80079545215775139,0.50107003645399539
0.098295609091475306,-1.4493130582989067,0.22320699811555347,0.12440065883133423,0.29560213445190653,1.0668538627476876,0.16916836401267801,0.5789557832609975,0.85446901207331893
0.12294281703972752,-1.2961695446018109,0.27297508345578336,0.228677414078549,0.15198358418148616,1.4775324800495653,0.13769757526668505,0.75531994528790958,0.87529572670436395
0.20552114236280744,-1.3870545635411746,0.40384378353194494,0.12654876293798453,0.12577252619247331,1.2036300078631101,0.49514311506895337,0.8937065532789592,0.75159201594014069
0.22872765296419489,-1.3561183507564338,0.2364804932756015,0.31855433312036818,0.35330288164797974,1.2147244038338103,0.38083634317692427,0.62368193436609554,0.65873976947843638
0.1942519513389051,-1.4080396665230677,0.2775870202945715,0.24826573289036444,0.31886676360667765,1.052448123622634,0.40882814932546857,0.67133957395352306,0.6887616334611808
0.23005791843697915,-1.35271259358497,0.26515025627588429,0.34076077116952375,0.48159556501942791,1.2801860928598148,0.060986061666245699,0.62025439015596062,0.63616901189921937
0.22227972826606329,-1.2835831805051592,0.11827578324736622,0.16881605691380441,0.23730161036077096,1.0865687513980924,0.024769519327127777,0.70906647868045591,0.65964368556351105
0.10087129838477382,-1.3498993461352702,0.16279252979307607,0.40952814235542945,0.26857815424965348,1.1932453741049689,0.38365457859550811,0.56069452636498018,0.90012450923001852
0.10592179586670593,-1.3798392952751306,0.31550960294200703,0.30985192400284045,0.13088401831767146,1.4742958314145438,0.19718035091446279,0.6027289504664276,0.53375432545902901
0.080274677782125159,-1.4586123869691641,0.47439188418990896,0.49722333700412236,0.13988431966258669,1.1776057784790095,0.42797408020410999,0.69280300862818534,0.85115888047836163
0.078753324573820116,-1.4916753794733542,0.45964625312408658,0.4533424289318827,0.21724726789521409,1.4237832372440462,0.23327741707189903,0.638579943810197,0.91117708125682939
0.2443474354317145,-1.3168001032060799,0.13565231449866996,0.25136389653867836,0.49534783796691773,1.0417549326066733,0.090193578941469912,0.56859093356590817,0.74415421457565079
0.16737241220576674,-1.451707874093888,0.20688597626640715,0.21398573564404788,0.18761835536107296,1.3446618760810658,0.15667362848656033,0.71151629080314427,0.50603363456293249
0.096108064669063353,-1.3779829529197014,0.34803182622694939,0.10885344654962324,0.48931362302682924,1.1952285145298613,0.15213764820079503,0.8966462859248796,0.88875445935689257
0.23578012667340653,-1.4841508146787643,0.1612109163880095,0.42471269749056917,0.41079719049579855,1.2718766693020607,0.27429622798668629,0.83943000864085893,0.52316375361450396
0.18189979445787424,-1.4219752248885074,0.11988054605959082,0.45680004493389303,0.48810377304300434,1.2644944502550928,0.38916099090624434,0.53000816831835196,0.5100684724344573
0.13958839091188779,-1.3826463466125707,0.48897254798891943,0.17109429337243462,0.26420380289637579,1.1709427148301279,0.055692133472850257,0.77023590619881444,0.72193317205399887
0.052198635475809781,-1.4489665734218997,0.42147019557824328,0.39612333426489099,0.29693208085036227,1.0698449165472765,0.28980504744971686,0.67040337194179422,0.56996428478469929
0.14657668174931276,-1.3387425617115287,0.28418212306127627,0.41582597853212833,0.10948329104335051,1.3250652294728673,0.46605378782021673,0.94384447240249569,0.71330576439771165
0.17148178719708335,-1.264622776192927,0.27024740645555045,0.11119579339783497,0.29122288012298336,1.237544455034449,0.27969278680577198,0.87517543749456361,0.63842114819937579
0.11264129112008636,-1.3708606853854768,0.27849937469055652,0.35974048964094696,0.3140659979402734,1.0602848915816605,0.17905763779622025,0.80955672873192441,0.55535289791820441
0.068007998467123715,-1.2880074626350813,0.2442728615111478,0.30487970876807235,0.26917240294718003,1.1793201666078452,0.45735978436250529,0.7838551088404011,0.59390796676281188
0.1318711966287259,-1.4452025710033409,0.2517611824794681,0.15544018739468785,0.29033716207784271,1.4352232121760267,0.11711277853905033,0.81488846827852091,0.74703706259628566
0.209338956193033,-1.4853772030400989,0.32312083779645906,0.17860965095678855,0.42883712033462618,1.0294844962260796,0.27165137368121328,0.68610170204950494,0.77964780993889315
0.24041628328184822,-1.3922034560803744,0.36878108411160293,0.21129273736068008,0.2805896658370306,1.0754450005254208,0.42644773256747442,0.57990632740879533,0.52748204843173196
0.13717573733613647,-1.3295271836876756,0.48690347841298087,0.2748542376539661,0.28016972516953892,1.0378978407818396,0.058115062363361183,0.73749425818167347,0.77797327745160982
0.063925219974923675,-1.448018602481741,0.12369568947315494,0.10329118874023482,0.2840180045989662,1.0360601780258076,0.32696546013353378,0.6239610913779412,0.85096849201841829
0.13651955013862033,-1.295193960365099,0.24319701300091778,0.10532243809307471,0.46330990090322588,1.1204818388540758,0.4198903656263111,0.69707694872783776,0.78564869593133313
0.092106065891583405,-1.3712602318996625,0.35831919400004419,0.31173988865121982,0.251389123720131,1.3163376562865952,0.048176866802794649,0.76933400050748002,0.740374181565291
0.053328661800354157,-1.3999155408986805,0.35522280399024819,0.27376145199140478,0.45695982478688235,1.0995377569449234,0.10910127513744113,0.87079090624106859,0.81015206675325158
0.23380801264127643,-1.2743390496191886,0.25400957723038364,0.3874640047731116,0.15427936458354014,1.3270854577411577,0.26990836980063188,0.93480048361952828,0.89700652959990845
0.11910036719063599,-1.2858252187903292,0.41536451304783473,0.45317504641303763,0.16557160781129654,1.4759354266835396,0.22319012260261481,0.70404494210542268,0.51635858496246978
0.23715100279349283,-1.4417743763642474,0.27102171527663688,0.27914218655056411,0.27582721573091401,1.1336301702650962,0.33607977554531659,0.57738803470028843,0.69618795552879198
0.10229746475604067,-1.3302018363054702,0.2809066767988726,0.16938661058445442,0.23385400565462433,1.4557899699735357,0.2406091336427339,0.58729761592632035,0.91397648335674364
0.14528909225429265,-1.3045275785540014,0.14026258617961315,0.32882552504366402,0.22739651607729727,1.3509452559071957,0.07020229530186585,0.73365967005205712,0.91147148258936561
0.15423075704814876,-1.2703988369488024,0.2457988383742957,0.24756546294553952,0.22084925924747056,1.4927741111607142,0.43677894416654711,0.69044846474840149,0.66192329701508068
0.23212298131031606,-1.4257529233897526,0.4854968280592834,0.41946401576327663,0.27823852778795566,1.1599949862569205,0.25293369661196019,0.68725593264441132,0.86664762930561146
0.16083251182896241,-1.4793808525820342,0.33811572767685238,0.39120357524304072,0.31120822560447847,1.3286555675190488,0.41686283306665073,0.76605147359898818,0.6970203825489617
0.063448874750457018,-1.3366078386465621,0.23021369251173143,0.48703250656980945,0.27626892014066562,1.1128640004743553,0.096162694243642932,0.57618514122887243,0.77534817048597615
0.11579376442525274,-1.3347862658151082,0.16376941957476315,0.29017881224018344,0.45028665609833296,1.1189854054447443,0.14073318293278739,0.80247220292340793,0.90886782971803015
0.10946027623632995,-1.4635375898789131,0.43275130388390992,0.4171050550214811,0.16279309546574167,1.3538453540382471,0.38100240896182064,0.82160711768739603,0.61164809880527338
0.17308422667459167,-1.3856283647105103,0.2675909578267624,0.37137468520531436,0.16739325799345073,1.2280425872708405,0.39115477519896896,0.83641381263793368,0.70259803440471269
0.2269181353804034,-1.2975550887671594,0.4292065046090433,0.36090955104994349,0.4694425858082989,1.4464246056247558,0.49654882681145013,0.68281050621982131,0.68816299653259128
0.14446797189380731,-1.4600571617414306,0.17484497634461854,0.16534553309525163,0.32285009514584051,1.1219325716454533,0.021766641287242733,0.64462444181400491,0.8397297401555861
0.087990278012638867,-1.3264118566207612,0.17470136112071113,0.31550169690731433,0.21770510965249365,1.0714949649428431,0.11575350116477369,0.58647516869888128,0.68452024571695369
0.1677146969368678,-1.2819351619101089,0.17430714669910186,0.20698895722310623,0.31921495133463085,1.462233270332763,0.39011665799586742,0.60460524708078034,0.53549650315818054
0.11389907443257762,-1.4458905306671723,0.20137093233486394,0.40689117143417586,0.19232135678046908,1.3031113046993583,0.22274001006269081,0.61945311899208033,0.71683197972579416
0.10766127173319898,-1.3742623450384583,0.24698513475256401,0.39794036191567461,0.13686098090888443,1.0054045639455029,0.40771442679081865,0.82979280096476615,0.51607299597508594
0.19383346985039529,-1.4592709429800317,0.43904764367741356,0.48752073075049329,0.35427296344042836,1.1105406901815154,0.21166447475579978,0.91771218342938943,0.69471642214641416
0.20998626128214987,-1.2970594964633884,0.28004324672267045,0.39300525132154884,0.47952163977559514,1.1891475861602805,0.28596467819417792,0.73871441638729862,0.59096763075275294
0.21162741799659163,-1.470831906295089,0.15451251753197823,0.26849363884402566,0.22397076972717139,1.1516498560572634,0.30009844882663383,0.58189193007527684,0.63991306199997666
0.18957975009338707,-1.3793749600259664,0.17609358100169006,0.21788061937688974,0.16638907505429357,1.4515849132342995,0.036503992670629155,0.75924120323709132,0.61411737590632076
0.10723662994920097,-1.262426434001257,0.1256088067976884,0.47307185458104795,0.21139507168966606,1.4407754202034817,0.031798627881662211,0.67231528725697653,0.8692027123847601
0.19224295437836203,-1.2916911793300128,0.10937686019413331,0.17656050628192821,0.19439754176540416,1.2685533953386994,0.012421373489757156,0.71593478750405892,0.52548935517378204
0.22355009151891442,-1.3159946935904747,0.14956432293442107,0.41491661817674719,0.38308359688310378,1.1116334023361525,0.36456188854347465,0.63643801428897451,0.81774466096751808
0.15686863499921821,-1.3703921156730359,0.46154433388693605,0.34375641623477082,0.11558208674782573,1.3579978297838027,0.16061064603174741,0.74711307393400217,0.92326383169922233
0.11491967732800197,-1.3187237337252922,0.33381234088428213,0.49264204008487211,0.32219005279715118,1.4986732878288325,0.13465852745222151,0.84038809627096844,0.54850295919792502
0.11550130160767619,-1.4592145483267398,0.19383126566453224,0.20115818490127968,0.18368047424714942,1.3712963240188394,0.2316506102486926,0.51098185916169159,0.94028564540592952
0.080044395517899117,-1.2682605963962141,0.3557164063893492,0.28042609798755858,0.16468866876685262,1.1466400865502659,0.15495846863675042,0.54276216110542019,0.9037934941250283
0.10781630680882935,-1.4827640447584722,0.4588906988039243,0.29045105940912941,0.42298642203640646,1.3144942884483111,0.29047180820643742,0.72365862954388138,0.92484057082318394
0.19549773745708116,-1.3873515818928797,0.41570880090772333,0.26965784793306935,0.25686092207233036,1.4151255359971628,0.44047623660501517,0.82036571387536583,0.63804545596229678
0.17931605593378164,-1.4096750000040708,0.49868056473044464,0.39552591267417747,0.43488734639138504,1.4319542370343925,0.18427697274488317,0.54333215405159296,0.59540363746447245
0.08295493610571017,-1.4545494433555641,0.32543235074658466,0.36790860743892551,0.24620059311022358,1.0055541642137955,0.15171431351759754,0.55197168375678929,0.69659845955102029
0.18219501654423231,-1.2763135222926247,0.48157324907794441,0.3751214890592639,0.37610892403342278,1.1680329936805527,0.35848551374448917,0.69229194060109756,0.53354198348129001
0.23747784700262592,-1.3460385878275605,0.13879436455133629,0.49311787239064331,0.29466928655509106,1.1101427679523947,0.32540194950272378,0.85164414512440512,0.92729488600549537
0.23168809637032378,-1.4894673701055692,0.25668835991924999,0.32249940288267487,0.47882526088249,1.0175394303934999,0.48144892848041582,0.74503397144040795,0.50519758875537879
0.050428678798863869,-1.497753523604489,0.25021779294018476,0.1849639563174626,0.4052790911066334,1.0743422460538861,0.37405517241513048,0.94205336298419895,0.80111276210991833
0.1178220075559938,-1.465474492059168,0.34270218835815536,0.15974170271121366,0.33016660573465917,1.196149691269127,0.34697528864266597,0.51930773631351845,0.65376792024318908
0.23080793689843365,-1.4318880014721449,0.20538616132167034,0.45537346916056121,0.42947613077603797,1.1530951070240316,0.012804285182303312,0.74662357801473656,0.83459841414700686
0.062316263527830304,-1.4896106567276719,0.20019093802888727,0.13343383050684615,0.19036786737293038,1.1514107586932445,0.49288800152776863,0.65976440112455148,0.55031211636098742
0.23874415137990118,-1.4409216224641408,0.20997654480259714,0.45262399136270914,0.15038273013572609,1.0093754016198642,0.11268799573729149,0.87763394720850152,0.84391714860271527
0.20676231040001597,-1.4383615450598382,0.46358795883899839,0.44137857314229045,0.19908251536975255,1.422029181592638,0.33006177079192084,0.91692289682549322,0.55387942119494449
0.24369181390266775,-1.4350503713592615,0.14376977618700812,0.24435099540961014,0.27674060251139809,1.1827191325926654,0.14714286841681826,0.51222294308110794,0.79463969000783163
0.12835147574969819,-1.3448780807133673,0.30187326923877944,0.36714158362885685,0.19182172822587959,1.1983751355900814,0.13895996844350697,0.92074465321627841,0.7178730783870928
0.2315852941945068,-1.4954226773820432,0.17695571633170293,0.49675997324276588,0.23576974311812485,1.0583487133039522,0.13844974445734262,0.68108517617721132,0.89609472479608476
0.12907887381112398,-1.4375380850233761,0.34445434040317213,0.43406831299868665,0.40373519042640094,1.1345023529486082,0.27637299528833964,0.84259967995556462,0.73980480272859528
0.22676974032987723,-1.4475350899905102,0.29048161624639113,0.22423713620915245,0.15135489743122932,1.3719880108334499,0.27039956529133019,0.74618253203631824,0.59503618766915112
0.074448382219520257,-1.4732564762722602,0.43498693379512854,0.2743029956209686,0.38609332560492582,1.0146767270988302,0.4595355665972311,0.9273914271777739,0.74940847803888821
0.15457817692795406,-1.4743949524044728,0.18833782692480081,0.46582721369420343,0.13908734319957217,1.122629965030745,0.063375170887815663,0.50225047434447223,0.5024316372896761
0.053182820653182361,-1.3790682703707826,0.45783884989134749,0.23500149839246989,0.14720503497909593,1.1394299495306111,0.35276130581047221,0.71231762605825455,0.60793789551752098
0.1258768870435979,-1.3878525426978272,0.19144419040810781,0.33116624882119661,0.40892700709173746,1.403761532913617,0.40954474864903084,0.58786671303745841,0.58849340282862583
0.15025440804584822,-1.4779611479177988,0.3216313929876834,0.35493946723471148,0.20106894177225235,1.3830704433613448,0.47139501217096791,0.77738632904493032,0.70317005474098748
0.086882327764722211,-1.4535117227299597,0.3880719963912922,0.34847832294829423,0.21715230294398072,1.0595502231586629,0.32329540981816063,0.52942969713055721,0.50775415435581317
0.20799860967324135,-1.4021696006750997,0.47045408856563364,0.13997255929443653,0.34997280138678666,1.1065211748678965,0.19343038521253753,0.9431319507189031,0.86860647863320528
0.094853635290165009,-1.4730317349412287,0.36931900725620637,0.41004422657343154,0.35051637140428249,1.3500878304631869,0.11891585849366614,0.6267860361698111,0.64267824593663858
0.13845042892311987,-1.4275935551434145,0.16849936884350214,0.46938671069405069,0.13293536072999343,1.2002736073122533,0.22489274187574296,0.53273790089277206,0.54774427375410528
0.11879765207902031,-1.3113387070791731,0.44410090506458899,0.27140830525498394,0.34115036496056717,1.0574785752023932,0.31198614651344608,0.86584202427476864,0.63056603786160648
0.056898656908292829,-1.3699629477558233,0.10897022088356921,0.23823834539787436,0.39477938283821234,1.1630328243165691,0.48060200599482905,0.70835521400357182,0.70699288491634626
0.14327191951649121,-1.3580164492815996,0.44374814955729802,0.4619762104933125,0.10054278602683571,1.3817710402541354,0.43106952480035937,0.54913327223415698,0.8562843797797095
0.12216629946018966,-1.2843822222282708,0.4267435626889744,0.29635089063580972,0.31857285231298271,1.3926461900685434,0.46523191041094436,0.63593067902344014,0.85801551720385894
0.07422125586332215,-1.4850754416493948,0.32975145474178658,0.34219903249108891,0.34218703000947037,1.253409000373386,0.024177682771149619,0.57398475632823698,0.61046404208716132
0.099601419045227055,-1.3953789276581339,0.45941629015157825,0.22774893217662159,0.47372070508854913,1.1637111105743216,0.026681822029272727,0.50120871437028713,0.9284774609653319
0.24798777498216412,-1.4045183573994955,0.1031227364843683,0.35462906003106665,0.4617207084479743,1.191169578846369,0.31808371837083477,0.88868024394595824,0.66644200612424975
0.14374702981811796,-1.2933194999525202,0.44142960394743536,0.46647207162874771,0.47197482918662248,1.4992662035124933,0.20968458382321781,0.77705462014846094,0.53963485579584114
0.23997413767196196,-1.3725681462885402,0.19976985520184673,0.33758882647160637,0.44286313137586342,1.3967716878779446,0.23790730688017056,0.62884569824744907,0.77662318681851394
0.24808068550270995,-1.2610527762923665,0.2100627371332473,0.25672468892743205,0.47507143250098172,1.0717418101143439,0.25779500605970063,0.74999320684775295,0.59652388832755743
0.19246170819697245,-1.2791051645718943,0.24368777702168246,0.24270566106505215,0.10569103472990724,1.3405324107425698,0.28845773127699476,0.50433196929068358,0.69913165226942597
0.15123421330512932,-1.36391582205003,0.21666337700354033,0.3636634734761931,0.30122020270784189,1.4715557136837205,0.21289297949959604,0.50792074280658539,0.86603928072225123
0.17585532548225469,-1.3215227531712115,0.16882982580533326,0.32454425197520642,0.42842077539939671,1.0980517044259359,0.1511120863095208,0.68866263457757648,0.53273757450458092
0.10193142398040551,-1.4315989574391517,0.13188603472958252,0.14964800075665768,0.43882330723948815,1.3827546645627178,0.14671965039201351,0.64073484504734024,0.59799700533870892
0.061332083700969903,-1.316742141814119,0.22742788592491231,0.47936129696593255,0.37429577964746696,1.1499040805621901,0.47768692738540658,0.54151005288163334,0.72571033881567304
0.17082052733070535,-1.4761614372189467,0.20670056579721841,0.36235390314864091,0.21169217765712767,1.2645881798808014,0.080004716298086753,0.8849475414936343,0.51692730067775872
0.23412016541273462,-1.2539128388146743,0.26057193044041266,0.1529701963256288,0.441049912589634,1.4276661882087147,0.12826622540631288,0.89732621106302302,0.74330644895129461
0.18146321926357056,-1.3111178395475505,0.49593207783541893,0.32159022041635132,0.45231632433155922,1.485627050386308,0.063803196622933919,0.51786002110734297,0.77377103510884448
0.2031782074298531,-1.3972556015663469,0.23761806762038884,0.13254344836886317,0.35228693709033299,1.3378561888017759,0.32708981381165381,0.79905076361459049,0.58092391299905577
0.23192622183499217,-1.266764168927093,0.18248932553155295,0.30130249037418011,0.1363242457425988,1.3000388024729999,0.18355681447152553,0.86766420354207452,0.91648070209113119
0.097798855817841646,-1.317054250516239,0.40826879555869233,0.24477076630288996,0.17796695540147925,1.3367744359195401,0.26457651993168829,0.71838445066505185,0.68343979487046602
0.12235748986380897,-1.381405189510845,0.49444555332807905,0.14727329589847429,0.48742087926688737,1.0703361618432692,0.0018451082248762294,0.78991992159392344,0.79039404851602812
0.13931200426272067,-1.4449283558046144,0.30357164800124248,0.15955254035943664,0.41957721760477118,1.4333426819407142,0.21735116063895463,0.70821931539930305,0.71778945101636393
0.15589148888676263,-1.4202896148035991,0.28715285213157837,0.38068049020871464,0.45857826625634834,1.2361822228391222,0.020334791658226312,0.82049754705211486,0.90424788499226461
0.1353532498981519,-1.3746731526378415,0.42986755178748859,0.27096147129635068,0.10440333785096594,1.0872419964004174,0.40531785467793835,0.93356658175204887,0.8369190652538816
0.065556334559122798,-1.45842578782885,0.21175509500464049,0.12516178731103555,0.4424248684245019,1.3735868886231462,0.108206421572811,0.94714037870530587,0.7102132361559117
0.064539515494163105,-1.2792628607408303,0.27935717818155659,0.2468112557652152,0.42126163095748492,1.1305048308384489,0.11613198561313638,0.82306272226384936,0.50478262468457979
0.16832564781580978,-1.4289328526632026,0.30133796129581114,0.14835134130686439,0.37229826111612696,1.239874598049536,0.20384423660745327,0.65234511113787697,0.51356441396889241
0.077415927091338682,-1.2685625820533761,0.31077337510210246,0.44309403757017818,0.44551732584485781,1.3084283748851255,0.47866563989064287,0.56218498581770349,0.74468471514350854
0.17001033697775106,-1.3029248885444125,0.47625572997761145,0.14949436060519161,0.17866574687731729,1.1205651660057616,0.051204830081591893,0.76209356176600207,0.81333455100540197
0.11023432465191352,-1.3095770893670449,0.36639405907839862,0.19018016967289947,0.41960572489718551,1.0975125583562111,0.13201435793862684,0.65561259046616882,0.68363225397697036
0.24016809762223856,-1.3723735739119058,0.17557710741878815,0.32550742213216971,0.3617973620744519,1.382305872707996,0.068045067564593567,0.54220203523270027,0.75256180224121394
0.083895260259547341,-1.3645335777693006,0.10398373511116407,0.22509426065052285,0.46513752946279108,1.036705103187713,0.084273491880740528,0.55710659352057634,0.90698171812674955
0.076490694100505227,-1.4228720545000608,0.14428140248976837,0.26141454605563291,0.46779420193802457,1.155166382411813,0.239217505051248,0.8260390956521706,0.56464417195432637
0.083551300604590401,-1.4503419803541051,0.14784201642770031,0.39376973061663567,0.49830731205290435,1.0082205728393301,0.48783352756727572,0.73805644886430244,0.87796747177157708
0.1189450994006125,-1.3667739049395873,0.22562242116402742,0.23694253977273427,0.27882850953597282,1.1055991986874234,0.10573524767179691,0.79550177328417515,0.63031814876740855
0.1784683020544589,-1.388413535944653,0.40346524746618273,0.25633611775513399,0.14586823746571298,1.4493143157541368,0.49598412740427783,0.91607118555492095,0.89995969496080086
0.083283227705504392,-1.4921941673917807,0.11148193608455452,0.27070784979828527,0.49395878453520203,1.0395703318887144,0.052182913926404055,0.67408908098915021,0.63997375032964676
0.085504323368015195,-1.3712095491031124,0.35455288289517961,0.46002116627599088,0.12387109789055931,1.2079905153388395,0.21762059740810177,0.71067648512644099,0.75633335282972036
0.2244471952355101,-1.3681261052073117,0.43660780005922373,0.43270758048472513,0.25626502277659258,1.3216035248800329,0.0090680011511947243,0.60170009381307255,0.72730478965581202
0.14592257098547809,-1.3149718139717073,0.29532101020260637,0.36504081836094138,0.24479680300387263,1.0672234810797954,0.49926795181947853,0.72193075206599266,0.69006595717127661
0.10160125974107347,-1.3050979236921478,0.33472038873849452,0.15569078561040614,0.3630569227269238,1.2295264708176141,0.26790373969496484,0.76572314981716039,0.51286609662432381
0.18584021746241836,-1.3342470806455295,0.38387595956538545,0.23736865225764869,0.26583890124611304,1.3136048257511337,0.32435151368861487,0.93421216637898141,0.72824309486207173
0.22047742988851821,-1.268955248564815,0.4531581870018232,0.28264472094488469,0.43751579104988492,1.2937911835889297,0.10323877419344134,0.81814345419372514,0.88138028343286656
0.052565053675327961,-1.4925144889752051,0.10177139908605996,0.11565016182492566,0.4385514058594816,1.2134468969086198,0.14998419679376726,0.75248656631003552,0.93957031582467043
0.082302955575745601,-1.3475227332700102,0.44803139821984583,0.20489276430510597,0.49650821587461358,1.4965625157439051,0.2505406450109241,0.5171703308035005,0.65214775173271355
0.12322832265848079,-1.3015028963082023,0.36214935748804833,0.41279298710029422,0.21278971121575599,1.1354750540074581,0.14865025551198999,0.89811848813406403,0.76374064712164691
0.17702877223728802,-1.4360666964016957,0.1645188220015264,0.17798990194775355,0.25070340525743362,1.1043576704966831,0.34747487407164823,0.62804164448604294,0.60705300843454457
0.14142361192611419,-1.3899649972412604,0.32006484882053876,0.27655222479632402,0.28606536849650699,1.4170179971008074,0.43960421651539566,0.77139896750073278,0.6733897235110522
0.16181472927006413,-1.3180597850562517,0.3378732389021642,0.48467710213034121,0.41547561170576663,1.4201336500294339,0.35584501209513092,0.82861963489979318,0.72701476197940051
0.07814140687243136,-1.3496471760642008,0.48478849801305357,0.37842798097981289,0.19554115165166533,1.0536294330899605,0.45794904745125226,0.90315462171075844,0.54450663844061831
0.096238694454210544,-1.4814424682111293,0.36043648658777461,0.46465039057490876,0.16826037529410115,1.4710338813953854,0.07393320768519418,0.769068930026926,0.79220871060030706
0.20803159626452211,-1.39478756528468,0.31004480008236529,0.41369582259455384,0.27399914599311315,1.1898920666549511,0.41306008354724805,0.84794636491463837,0.90627127944033736
0.13087936221671437,-1.4606085020273403,0.46534753667089168,0.15215443006077439,0.19825554030929377,1.1549223195886686,0.21349404935371585,0.64505296345997354,0.65400680777678821
0.23672708738671688,-1.2788378724084841,0.32099237236684597,0.12027245707061868,0.13246139473613738,1.4366898614659194,0.10791837967074121,0.60117464128242792,0.54535401501542224
0.2495297610353362,-1.4028913324311014,0.21299385616440319,0.12099780510051773,0.35034854952492078,1.0158383405637919,0.13965643481267814,0.93611634234651309,0.91420949301284871
0.091264775030140161,-1.4908605796497283,0.3257172694049012,0.20579794378388186,0.18706118176006586,1.1657926837567081,0.18962517022984673,0.65178347393676095,0.84791263732991884
0.095327557334035584,-1.3833789226075792,0.27250152269342542,0.38940849526869969,0.16207204746095588,1.3153052866184787,0.22044016646102593,0.86136655379750282,0.51878435004974088
0.2147192887779617,-1.3005819228232181,0.22296871064668858,0.32332237867168379,0.45432090549900361,1.0959571819879939,0.429402912344368,0.89751392381153006,0.72671962492255415
0.085736476598106404,-1.3761203295665809,0.18028740523363429,0.26035558369631018,0.19946928383160006,1.4254637157062726,0.44214875728590292,0.8423393538723617,0.56123969261342754
0.19676430047271587,-1.2765289279162495,0.24837358381927813,0.17681312568540741,0.14000800068511982,1.2336714073568908,0.20287966545908037,0.56958514772344393,0.64657472234488356
0.11475400475986855,-1.3136935103926259,0.46866204999239935,0.11771929171344769,0.37045136978668702,1.1154858708750235,0.36952610068871217,0.62466575504671307,0.62787055627844368
0.18564985282632823,-1.2601424356136401,0.30587458216289903,0.1742678073189301,0.27420696025556618,1.262453142631609,0.19596606157756574,0.9214305792444144,0.81226244089729471
0.11939541158104067,-1.4498846266725458,0.19866649172717804,0.21859666970209313,0.17657477891139478,1.2594484305945874,0.05790472593723861,0.69393455121958214,0.50025528642114758
0.090788535361481765,-1.3238245196743204,0.28548275706309262,0.43086171190214506,0.16359266455809274,1.3703409618847413,0.058716269055459,0.88901066321774236,0.52136027152085218
0.12443347350520233,-1.4578625844002409,0.26952319419061471,0.41829133508607663,0.25660797178572214,1.3517145102768806,0.31372726939160345,0.77351674072773746,0.82102924004848932
0.1719315976786745,-1.3926284870845616,0.28041570025729884,0.15600293330547796,0.16774452923634126,1.4002668419693236,0.36611273472240924,0.59108413836826934,0.72324109131149916
0.097334625383855303,-1.4549923595252889,0.43841922825380408,0.49576981129435571,0.49187207925468879,1.4092469683000299,0.46381586692422361,0.56501071813471959,0.61240951864297632
0.18883138017743861,-1.3773303633552709,0.27764511619170279,0.14360935177168868,0.13933550772936437,1.1173595812157315,0.49740936956223392,0.57755879946473287,0.82659607215790576
0.17038826022718356,-1.3980215778960543,0.41685566261756923,0.48847768990629381,0.12947176491663431,1.0557421522132671,0.43178437373930501,0.75335528735298518,0.87857204406124323
0.12620559048207675,-1.3093454220295848,0.26155138248481702,0.18246582249573198,0.37093280842986598,1.2191206274561632,0.38828149378799776,0.8415129795509193,0.83245136682336851
0.10748127029861554,-1.3824960004752975,0.128486673781809,0.15645990863244535,0.45462744025697255,1.4044464535273844,0.22990285806482252,0.5374143961257607,0.55860363195831531
0.058928718937639762,-1.3866961156860818,0.29015396524618142,0.28372206100260167,0.18819971748056452,1.4482079265678025,0.071563412989976385,0.66156196651301424,0.52205654222745257
0.21360522838704055,-1.3796381486511304,0.39675841108946985,0.41667257456493012,0.36783839841297949,1.4587275222988194,0.31598486461438452,0.88275940984793144,0.64482206521295071
0.15241257948616682,-1.4059944934886519,0.44016452965498931,0.34453521479612981,0.21417445550870209,1.0470897692294356,0.17882850107347814,0.94174217694188256,0.53148420337680979
0.2379350576142733,-1.3183522462244992,0.34757055889204597,0.34437323147851295,0.11829098370457343,1.4444590136351894,0.23523342360897626,0.76257765263640098,0.56351256569958608
0.16051172510010475,-1.3266634802698221,0.25826137215169909,0.31767157383116185,0.12088355561649311,1.243410783104991,0.23427279984807145,0.69132768867694938,0.68237163614701535
0.12058852022465777,-1.4314871029092537,0.40161223579404182,0.33710897429991227,0.44654043004435195,1.2052318353912899,0.17646738875066748,0.94245229951663112,0.84778124718709369
0.23496831149384129,-1.4856704320595446,0.20250353637106355,0.35422078908595289,0.17259582953893832,1.4867579230914818,0.25826443108706559,0.93985878100897968,0.73812972855669523
0.13666370806624911,-1.392422211855445,0.4381937326364137,0.15189512584587947,0.28926188881735271,1.3313041923078988,0.45398663085876589,0.78753780933763706,0.76063044106746291
0.22549271149206879,-1.4702630830972248,0.23241344875554937,0.17952982947296148,0.26278318474275153,1.126280340989076,0.15574182202095407,0.69625606861596712,0.62483205469981296
0.11315737290984569,-1.4518927722975055,0.26864010127954774,0.37642767252866505,0.3074576496635229,1.2068875394860852,0.10066463426711736,0.84838056898637126,0.66514572619249801
0.24963994509829501,-1.3520744767149295,0.41835411238671283,0.32997781142338334,0.14419940464855391,1.3619751879027644,0.31453254693509558,0.88785561215238373,0.7583552692994977
0.11412573710635671,-1.3700970366459382,0.16721770152508852,0.48511472719264637,0.49034501747870862,1.1378789999686085,0.40124472071208617,0.79153692625721195,0.50431716721334552
0.18865817450833311,-1.3933058960587938,0.1888972751158127,0.16984146122163735,0.22856761677149706,1.3611248753282537,0.32843102908402511,0.87456410414691699,0.78176259400743286
0.15233540052429806,-1.4160105131697849,0.13096374578201242,0.38658878013797227,0.17349651309277375,1.0016788368302152,0.22669142370928602,0.80003596213080763,0.9241001184957236
0.22847750618375456,-1.3588472841007422,0.18757335410115375,0.16832066596719286,0.40111174806548688,1.2234348627149705,0.21930715848383028,0.92410578548333111,0.91044326922949825
0.24539814697552109,-1.2657017117660103,0.2426013982570201,0.25317308660773097,0.30919628823863216,1.4529977847057078,0.10716670434981883,0.83448336234147269,0.88103941905316185
0.12793121081688569,-1.4864946023030676,0.41497730567294322,0.2990213740802744,0.40143351042421449,1.1221098603655886,0.20448805050390001,0.72568281037045912,0.82624441083143196
0.071982543145300976,-1.4073593679635819,0.15840629045958635,0.26246247356893193,0.17598712622488105,1.44717878189046,0.039889657296570236,0.61523529303807312,0.89655903103591317
0.086495066421738348,-1.377050199740812,0.23162772641793178,0.23401092337275778,0.36693162577670546,1.2213090306559948,0.14035954055707114,0.63385869838244546,0.62652729033258414
0.13917653696957039,-1.2874516462575591,0.18981490297401815,0.32008470774912634,0.38420993792767,1.3453063830621432,0.24109423981165787,0.53338014657703647,0.57753303428664504
0.14562365660241527,-1.4587907314435808,0.31219424674802621,0.26328758294124677,0.35674546264430562,1.4295654350622291,0.35404275339899449,0.72909283157581095,0.55972559956824741
0.22589253957494132,-1.3187837448793776,0.39974110769125748,0.22285423024855036,0.14207169690021149,1.0457330134916676,0.46718004357697857,0.79463751343678424,0.81161662867348694
0.082166997926824387,-1.275648265906336,0.15631148742561718,0.33430470845477633,0.23937896507766204,1.4942551011886112,0.089049588315798775,0.8158357898543388,0.59081541742995292
0.20211051589265067,-1.4050627885428826,0.15544028032085092,0.23532352875834053,0.29164222429693298,1.4669228172250177,0.27725316925881482,0.70085554571324815,0.75031167257484044
0.23461309063216002,-1.4238756674767206,0.2126132309253112,0.4344420126881966,0.49929787519453983,1.4161577921726933,0.31730605884085417,0.81626939862798453,0.61580166584769558
0.064216598405331365,-1.322752580781835,0.11166762973413076,0.47443954673250099,0.15607490289200621,1.0495394800676456,0.29078537425045531,0.78904701849461301,0.54091494154739239
