component,horizon,shock,response,shock_name,response_name,unrotated,lower,median,upper
contemporaneous,0,1,1,Supply shock,GDP growth,1.266490581,0.0918983815,0.4569438679,0.9146053452
contemporaneous,0,1,2,Supply shock,Energy demand growth,1.246791299,0.07245594999,0.4434428947,0.8993304034
contemporaneous,0,1,3,Supply shock,Employment change,1.152735538,0.03563140909,0.3738184114,0.8115276021
contemporaneous,0,1,4,Supply shock,Inflation,0.09598611774,-0.2425644567,-0.1207246311,-0.02191275722
contemporaneous,0,1,5,Supply shock,Interest rate,0.08764666108,-0.05619240006,-0.009560144233,0.03288961053
contemporaneous,0,2,1,Demand shock,GDP growth,0,0.1443413933,0.6182438258,1.072773393
contemporaneous,0,2,2,Demand shock,Energy demand growth,0.1730242136,0.1414383663,0.6239269224,1.069191284
contemporaneous,0,2,3,Demand shock,Employment change,0.02650441823,0.1482434552,0.5929486919,0.9977567365
contemporaneous,0,2,4,Demand shock,Inflation,0.02606958065,0.03614917711,0.1555527117,0.2740325497
contemporaneous,0,2,5,Demand shock,Interest rate,0.005982328126,0.03210767809,0.07537116878,0.110095254
contemporaneous,0,3,1,Monetary policy shock,GDP growth,0,-0.2314901709,-0.09290499237,-0.01650433902
contemporaneous,0,3,2,Monetary policy shock,Energy demand growth,0,-0.264090996,-0.1133392812,0.03545377684
contemporaneous,0,3,3,Monetary policy shock,Employment change,0.1400970143,-0.2284719454,-0.09689784735,0.01925832568
contemporaneous,0,3,4,Monetary policy shock,Inflation,0.1388117908,-0.04331697141,-0.01676677387,-0.00252420794
contemporaneous,0,3,5,Monetary policy shock,Interest rate,0.03848447398,0.0007757758143,0.004646808501,0.01185366523
contemporaneous,0,4,1,Unrestricted shock 4,GDP growth,0,-0.8548663875,-0.009775420227,0.8701517307
contemporaneous,0,4,2,Unrestricted shock 4,Energy demand growth,0,-0.8483320886,-0.008290952211,0.8694568441
contemporaneous,0,4,3,Unrestricted shock 4,Employment change,0,-0.767458421,0.004121275991,0.8015360888
contemporaneous,0,4,4,Unrestricted shock 4,Inflation,0.2728108186,-0.208004547,0.00630248145,0.2200960046
contemporaneous,0,4,5,Unrestricted shock 4,Interest rate,0.07429556015,-0.08598917386,-0.000387709502,0.08589198586
contemporaneous,0,5,1,Unrestricted shock 5,GDP growth,0,-0.848284156,-0.01327597574,0.8370349926
contemporaneous,0,5,2,Unrestricted shock 5,Energy demand growth,0,-0.8421962128,-0.01768693353,0.8361388655
contemporaneous,0,5,3,Unrestricted shock 5,Employment change,0,-0.7838483233,-0.01092130961,0.7735201584
contemporaneous,0,5,4,Unrestricted shock 5,Inflation,0,-0.2175924612,-0.004955335155,0.2133640564
contemporaneous,0,5,5,Unrestricted shock 5,Interest rate,0.02208856282,-0.08677517002,-0.00361840936,0.08689771144
contemporaneous,1,1,1,Supply shock,GDP growth,0,0,0,0
contemporaneous,1,1,2,Supply shock,Energy demand growth,0,0,0,0
contemporaneous,1,1,3,Supply shock,Employment change,0,0,0,0
contemporaneous,1,1,4,Supply shock,Inflation,0,0,0,0
contemporaneous,1,1,5,Supply shock,Interest rate,0,0,0,0
contemporaneous,1,2,1,Demand shock,GDP growth,0,0,0,0
contemporaneous,1,2,2,Demand shock,Energy demand growth,0,0,0,0
contemporaneous,1,2,3,Demand shock,Employment change,0,0,0,0
contemporaneous,1,2,4,Demand shock,Inflation,0,0,0,0
contemporaneous,1,2,5,Demand shock,Interest rate,0,0,0,0
contemporaneous,1,3,1,Monetary policy shock,GDP growth,0,0,0,0
contemporaneous,1,3,2,Monetary policy shock,Energy demand growth,0,0,0,0
contemporaneous,1,3,3,Monetary policy shock,Employment change,0,0,0,0
contemporaneous,1,3,4,Monetary policy shock,Inflation,0,0,0,0
contemporaneous,1,3,5,Monetary policy shock,Interest rate,0,0,0,0
contemporaneous,1,4,1,Unrestricted shock 4,GDP growth,0,0,0,0
contemporaneous,1,4,2,Unrestricted shock 4,Energy demand growth,0,0,0,0
contemporaneous,1,4,3,Unrestricted shock 4,Employment change,0,0,0,0
contemporaneous,1,4,4,Unrestricted shock 4,Inflation,0,0,0,0
contemporaneous,1,4,5,Unrestricted shock 4,Interest rate,0,0,0,0
contemporaneous,1,5,1,Unrestricted shock 5,GDP growth,0,0,0,0
contemporaneous,1,5,2,Unrestricted shock 5,Energy demand growth,0,0,0,0
contemporaneous,1,5,3,Unrestricted shock 5,Employment change,0,0,0,0
contemporaneous,1,5,4,Unrestricted shock 5,Inflation,0,0,0,0
contemporaneous,1,5,5,Unrestricted shock 5,Interest rate,0,0,0,0
contemporaneous,2,1,1,Supply shock,GDP growth,0,0,0,0
contemporaneous,2,1,2,Supply shock,Energy demand growth,0,0,0,0
contemporaneous,2,1,3,Supply shock,Employment change,0,0,0,0
contemporaneous,2,1,4,Supply shock,Inflation,0,0,0,0
contemporaneous,2,1,5,Supply shock,Interest rate,0,0,0,0
contemporaneous,2,2,1,Demand shock,GDP growth,0,0,0,0
contemporaneous,2,2,2,Demand shock,Energy demand growth,0,0,0,0
contemporaneous,2,2,3,Demand shock,Employment change,0,0,0,0
contemporaneous,2,2,4,Demand shock,Inflation,0,0,0,0
contemporaneous,2,2,5,Demand shock,Interest rate,0,0,0,0
contemporaneous,2,3,1,Monetary policy shock,GDP growth,0,0,0,0
contemporaneous,2,3,2,Monetary policy shock,Energy demand growth,0,0,0,0
contemporaneous,2,3,3,Monetary policy shock,Employment change,0,0,0,0
contemporaneous,2,3,4,Monetary policy shock,Inflation,0,0,0,0
contemporaneous,2,3,5,Monetary policy shock,Interest rate,0,0,0,0
contemporaneous,2,4,1,Unrestricted shock 4,GDP growth,0,0,0,0
contemporaneous,2,4,2,Unrestricted shock 4,Energy demand growth,0,0,0,0
contemporaneous,2,4,3,Unrestricted shock 4,Employment change,0,0,0,0
contemporaneous,2,4,4,Unrestricted shock 4,Inflation,0,0,0,0
contemporaneous,2,4,5,Unrestricted shock 4,Interest rate,0,0,0,0
contemporaneous,2,5,1,Unrestricted shock 5,GDP growth,0,0,0,0
contemporaneous,2,5,2,Unrestricted shock 5,Energy demand growth,0,0,0,0
contemporaneous,2,5,3,Unrestricted shock 5,Employment change,0,0,0,0
contemporaneous,2,5,4,Unrestricted shock 5,Inflation,0,0,0,0
contemporaneous,2,5,5,Unrestricted shock 5,Interest rate,0,0,0,0
contemporaneous,3,1,1,Supply shock,GDP growth,0,0,0,0
contemporaneous,3,1,2,Supply shock,Energy demand growth,0,0,0,0
contemporaneous,3,1,3,Supply shock,Employment change,0,0,0,0
contemporaneous,3,1,4,Supply shock,Inflation,0,0,0,0
contemporaneous,3,1,5,Supply shock,Interest rate,0,0,0,0
contemporaneous,3,2,1,Demand shock,GDP growth,0,0,0,0
contemporaneous,3,2,2,Demand shock,Energy demand growth,0,0,0,0
contemporaneous,3,2,3,Demand shock,Employment change,0,0,0,0
contemporaneous,3,2,4,Demand shock,Inflation,0,0,0,0
contemporaneous,3,2,5,Demand shock,Interest rate,0,0,0,0
contemporaneous,3,3,1,Monetary policy shock,GDP growth,0,0,0,0
contemporaneous,3,3,2,Monetary policy shock,Energy demand growth,0,0,0,0
contemporaneous,3,3,3,Monetary policy shock,Employment change,0,0,0,0
contemporaneous,3,3,4,Monetary policy shock,Inflation,0,0,0,0
contemporaneous,3,3,5,Monetary policy shock,Interest rate,0,0,0,0
contemporaneous,3,4,1,Unrestricted shock 4,GDP growth,0,0,0,0
contemporaneous,3,4,2,Unrestricted shock 4,Energy demand growth,0,0,0,0
contemporaneous,3,4,3,Unrestricted shock 4,Employment change,0,0,0,0
contemporaneous,3,4,4,Unrestricted shock 4,Inflation,0,0,0,0
contemporaneous,3,4,5,Unrestricted shock 4,Interest rate,0,0,0,0
contemporaneous,3,5,1,Unrestricted shock 5,GDP growth,0,0,0,0
contemporaneous,3,5,2,Unrestricted shock 5,Energy demand growth,0,0,0,0
contemporaneous,3,5,3,Unrestricted shock 5,Employment change,0,0,0,0
contemporaneous,3,5,4,Unrestricted shock 5,Inflation,0,0,0,0
contemporaneous,3,5,5,Unrestricted shock 5,Interest rate,0,0,0,0
contemporaneous,4,1,1,Supply shock,GDP growth,0,0,0,0
contemporaneous,4,1,2,Supply shock,Energy demand growth,0,0,0,0
contemporaneous,4,1,3,Supply shock,Employment change,0,0,0,0
contemporaneous,4,1,4,Supply shock,Inflation,0,0,0,0
contemporaneous,4,1,5,Supply shock,Interest rate,0,0,0,0
contemporaneous,4,2,1,Demand shock,GDP growth,0,0,0,0
contemporaneous,4,2,2,Demand shock,Energy demand growth,0,0,0,0
contemporaneous,4,2,3,Demand shock,Employment change,0,0,0,0
contemporaneous,4,2,4,Demand shock,Inflation,0,0,0,0
contemporaneous,4,2,5,Demand shock,Interest rate,0,0,0,0
contemporaneous,4,3,1,Monetary policy shock,GDP growth,0,0,0,0
contemporaneous,4,3,2,Monetary policy shock,Energy demand growth,0,0,0,0
contemporaneous,4,3,3,Monetary policy shock,Employment change,0,0,0,0
contemporaneous,4,3,4,Monetary policy shock,Inflation,0,0,0,0
contemporaneous,4,3,5,Monetary policy shock,Interest rate,0,0,0,0
contemporaneous,4,4,1,Unrestricted shock 4,GDP growth,0,0,0,0
contemporaneous,4,4,2,Unrestricted shock 4,Energy demand growth,0,0,0,0
contemporaneous,4,4,3,Unrestricted shock 4,Employment change,0,0,0,0
contemporaneous,4,4,4,Unrestricted shock 4,Inflation,0,0,0,0
contemporaneous,4,4,5,Unrestricted shock 4,Interest rate,0,0,0,0
contemporaneous,4,5,1,Unrestricted shock 5,GDP growth,0,0,0,0
contemporaneous,4,5,2,Unrestricted shock 5,Energy demand growth,0,0,0,0
contemporaneous,4,5,3,Unrestricted shock 5,Employment change,0,0,0,0
contemporaneous,4,5,4,Unrestricted shock 5,Inflation,0,0,0,0
contemporaneous,4,5,5,Unrestricted shock 5,Interest rate,0,0,0,0
contemporaneous,5,1,1,Supply shock,GDP growth,0,0,0,0
contemporaneous,5,1,2,Supply shock,Energy demand growth,0,0,0,0
contemporaneous,5,1,3,Supply shock,Employment change,0,0,0,0
contemporaneous,5,1,4,Supply shock,Inflation,0,0,0,0
contemporaneous,5,1,5,Supply shock,Interest rate,0,0,0,0
contemporaneous,5,2,1,Demand shock,GDP growth,0,0,0,0
contemporaneous,5,2,2,Demand shock,Energy demand growth,0,0,0,0
contemporaneous,5,2,3,Demand shock,Employment change,0,0,0,0
contemporaneous,5,2,4,Demand shock,Inflation,0,0,0,0
contemporaneous,5,2,5,Demand shock,Interest rate,0,0,0,0
contemporaneous,5,3,1,Monetary policy shock,GDP growth,0,0,0,0
contemporaneous,5,3,2,Monetary policy shock,Energy demand growth,0,0,0,0
contemporaneous,5,3,3,Monetary policy shock,Employment change,0,0,0,0
contemporaneous,5,3,4,Monetary policy shock,Inflation,0,0,0,0
contemporaneous,5,3,5,Monetary policy shock,Interest rate,0,0,0,0
contemporaneous,5,4,1,Unrestricted shock 4,GDP growth,0,0,0,0
contemporaneous,5,4,2,Unrestricted shock 4,Energy demand growth,0,0,0,0
contemporaneous,5,4,3,Unrestricted shock 4,Employment change,0,0,0,0
contemporaneous,5,4,4,Unrestricted shock 4,Inflation,0,0,0,0
contemporaneous,5,4,5,Unrestricted shock 4,Interest rate,0,0,0,0
contemporaneous,5,5,1,Unrestricted shock 5,GDP growth,0,0,0,0
contemporaneous,5,5,2,Unrestricted shock 5,Energy demand growth,0,0,0,0
contemporaneous,5,5,3,Unrestricted shock 5,Employment change,0,0,0,0
contemporaneous,5,5,4,Unrestricted shock 5,Inflation,0,0,0,0
contemporaneous,5,5,5,Unrestricted shock 5,Interest rate,0,0,0,0
contemporaneous,6,1,1,Supply shock,GDP growth,0,0,0,0
contemporaneous,6,1,2,Supply shock,Energy demand growth,0,0,0,0
contemporaneous,6,1,3,Supply shock,Employment change,0,0,0,0
contemporaneous,6,1,4,Supply shock,Inflation,0,0,0,0
contemporaneous,6,1,5,Supply shock,Interest rate,0,0,0,0
contemporaneous,6,2,1,Demand shock,GDP growth,0,0,0,0
contemporaneous,6,2,2,Demand shock,Energy demand growth,0,0,0,0
contemporaneous,6,2,3,Demand shock,Employment change,0,0,0,0
contemporaneous,6,2,4,Demand shock,Inflation,0,0,0,0
contemporaneous,6,2,5,Demand shock,Interest rate,0,0,0,0
contemporaneous,6,3,1,Monetary policy shock,GDP growth,0,0,0,0
contemporaneous,6,3,2,Monetary policy shock,Energy demand growth,0,0,0,0
contemporaneous,6,3,3,Monetary policy shock,Employment change,0,0,0,0
contemporaneous,6,3,4,Monetary policy shock,Inflation,0,0,0,0
contemporaneous,6,3,5,Monetary policy shock,Interest rate,0,0,0,0
contemporaneous,6,4,1,Unrestricted shock 4,GDP growth,0,0,0,0
contemporaneous,6,4,2,Unrestricted shock 4,Energy demand growth,0,0,0,0
contemporaneous,6,4,3,Unrestricted shock 4,Employment change,0,0,0,0
contemporaneous,6,4,4,Unrestricted shock 4,Inflation,0,0,0,0
contemporaneous,6,4,5,Unrestricted shock 4,Interest rate,0,0,0,0
contemporaneous,6,5,1,Unrestricted shock 5,GDP growth,0,0,0,0
contemporaneous,6,5,2,Unrestricted shock 5,Energy demand growth,0,0,0,0
contemporaneous,6,5,3,Unrestricted shock 5,Employment change,0,0,0,0
contemporaneous,6,5,4,Unrestricted shock 5,Inflation,0,0,0,0
contemporaneous,6,5,5,Unrestricted shock 5,Interest rate,0,0,0,0
contemporaneous,7,1,1,Supply shock,GDP growth,0,0,0,0
contemporaneous,7,1,2,Supply shock,Energy demand growth,0,0,0,0
contemporaneous,7,1,3,Supply shock,Employment change,0,0,0,0
contemporaneous,7,1,4,Supply shock,Inflation,0,0,0,0
contemporaneous,7,1,5,Supply shock,Interest rate,0,0,0,0
contemporaneous,7,2,1,Demand shock,GDP growth,0,0,0,0
contemporaneous,7,2,2,Demand shock,Energy demand growth,0,0,0,0
contemporaneous,7,2,3,Demand shock,Employment change,0,0,0,0
contemporaneous,7,2,4,Demand shock,Inflation,0,0,0,0
contemporaneous,7,2,5,Demand shock,Interest rate,0,0,0,0
contemporaneous,7,3,1,Monetary policy shock,GDP growth,0,0,0,0
contemporaneous,7,3,2,Monetary policy shock,Energy demand growth,0,0,0,0
contemporaneous,7,3,3,Monetary policy shock,Employment change,0,0,0,0
contemporaneous,7,3,4,Monetary policy shock,Inflation,0,0,0,0
contemporaneous,7,3,5,Monetary policy shock,Interest rate,0,0,0,0
contemporaneous,7,4,1,Unrestricted shock 4,GDP growth,0,0,0,0
contemporaneous,7,4,2,Unrestricted shock 4,Energy demand growth,0,0,0,0
contemporaneous,7,4,3,Unrestricted shock 4,Employment change,0,0,0,0
contemporaneous,7,4,4,Unrestricted shock 4,Inflation,0,0,0,0
contemporaneous,7,4,5,Unrestricted shock 4,Interest rate,0,0,0,0
contemporaneous,7,5,1,Unrestricted shock 5,GDP growth,0,0,0,0
contemporaneous,7,5,2,Unrestricted shock 5,Energy demand growth,0,0,0,0
contemporaneous,7,5,3,Unrestricted shock 5,Employment change,0,0,0,0
contemporaneous,7,5,4,Unrestricted shock 5,Inflation,0,0,0,0
contemporaneous,7,5,5,Unrestricted shock 5,Interest rate,0,0,0,0
contemporaneous,8,1,1,Supply shock,GDP growth,0,0,0,0
contemporaneous,8,1,2,Supply shock,Energy demand growth,0,0,0,0
contemporaneous,8,1,3,Supply shock,Employment change,0,0,0,0
contemporaneous,8,1,4,Supply shock,Inflation,0,0,0,0
contemporaneous,8,1,5,Supply shock,Interest rate,0,0,0,0
contemporaneous,8,2,1,Demand shock,GDP growth,0,0,0,0
contemporaneous,8,2,2,Demand shock,Energy demand growth,0,0,0,0
contemporaneous,8,2,3,Demand shock,Employment change,0,0,0,0
contemporaneous,8,2,4,Demand shock,Inflation,0,0,0,0
contemporaneous,8,2,5,Demand shock,Interest rate,0,0,0,0
contemporaneous,8,3,1,Monetary policy shock,GDP growth,0,0,0,0
contemporaneous,8,3,2,Monetary policy shock,Energy demand growth,0,0,0,0
contemporaneous,8,3,3,Monetary policy shock,Employment change,0,0,0,0
contemporaneous,8,3,4,Monetary policy shock,Inflation,0,0,0,0
contemporaneous,8,3,5,Monetary policy shock,Interest rate,0,0,0,0
contemporaneous,8,4,1,Unrestricted shock 4,GDP growth,0,0,0,0
contemporaneous,8,4,2,Unrestricted shock 4,Energy demand growth,0,0,0,0
contemporaneous,8,4,3,Unrestricted shock 4,Employment change,0,0,0,0
contemporaneous,8,4,4,Unrestricted shock 4,Inflation,0,0,0,0
contemporaneous,8,4,5,Unrestricted shock 4,Interest rate,0,0,0,0
contemporaneous,8,5,1,Unrestricted shock 5,GDP growth,0,0,0,0
contemporaneous,8,5,2,Unrestricted shock 5,Energy demand growth,0,0,0,0
contemporaneous,8,5,3,Unrestricted shock 5,Employment change,0,0,0,0
contemporaneous,8,5,4,Unrestricted shock 5,Inflation,0,0,0,0
contemporaneous,8,5,5,Unrestricted shock 5,Interest rate,0,0,0,0
contemporaneous,9,1,1,Supply shock,GDP growth,0,0,0,0
contemporaneous,9,1,2,Supply shock,Energy demand growth,0,0,0,0
contemporaneous,9,1,3,Supply shock,Employment change,0,0,0,0
contemporaneous,9,1,4,Supply shock,Inflation,0,0,0,0
contemporaneous,9,1,5,Supply shock,Interest rate,0,0,0,0
contemporaneous,9,2,1,Demand shock,GDP growth,0,0,0,0
contemporaneous,9,2,2,Demand shock,Energy demand growth,0,0,0,0
contemporaneous,9,2,3,Demand shock,Employment change,0,0,0,0
contemporaneous,9,2,4,Demand shock,Inflation,0,0,0,0
contemporaneous,9,2,5,Demand shock,Interest rate,0,0,0,0
contemporaneous,9,3,1,Monetary policy shock,GDP growth,0,0,0,0
contemporaneous,9,3,2,Monetary policy shock,Energy demand growth,0,0,0,0
contemporaneous,9,3,3,Monetary policy shock,Employment change,0,0,0,0
contemporaneous,9,3,4,Monetary policy shock,Inflation,0,0,0,0
contemporaneous,9,3,5,Monetary policy shock,Interest rate,0,0,0,0
contemporaneous,9,4,1,Unrestricted shock 4,GDP growth,0,0,0,0
contemporaneous,9,4,2,Unrestricted shock 4,Energy demand growth,0,0,0,0
contemporaneous,9,4,3,Unrestricted shock 4,Employment change,0,0,0,0
contemporaneous,9,4,4,Unrestricted shock 4,Inflation,0,0,0,0
contemporaneous,9,4,5,Unrestricted shock 4,Interest rate,0,0,0,0
contemporaneous,9,5,1,Unrestricted shock 5,GDP growth,0,0,0,0
contemporaneous,9,5,2,Unrestricted shock 5,Energy demand growth,0,0,0,0
contemporaneous,9,5,3,Unrestricted shock 5,Employment change,0,0,0,0
contemporaneous,9,5,4,Unrestricted shock 5,Inflation,0,0,0,0
contemporaneous,9,5,5,Unrestricted shock 5,Interest rate,0,0,0,0
contemporaneous,10,1,1,Supply shock,GDP growth,0,0,0,0
contemporaneous,10,1,2,Supply shock,Energy demand growth,0,0,0,0
contemporaneous,10,1,3,Supply shock,Employment change,0,0,0,0
contemporaneous,10,1,4,Supply shock,Inflation,0,0,0,0
contemporaneous,10,1,5,Supply shock,Interest rate,0,0,0,0
contemporaneous,10,2,1,Demand shock,GDP growth,0,0,0,0
contemporaneous,10,2,2,Demand shock,Energy demand growth,0,0,0,0
contemporaneous,10,2,3,Demand shock,Employment change,0,0,0,0
contemporaneous,10,2,4,Demand shock,Inflation,0,0,0,0
contemporaneous,10,2,5,Demand shock,Interest rate,0,0,0,0
contemporaneous,10,3,1,Monetary policy shock,GDP growth,0,0,0,0
contemporaneous,10,3,2,Monetary policy shock,Energy demand growth,0,0,0,0
contemporaneous,10,3,3,Monetary policy shock,Employment change,0,0,0,0
contemporaneous,10,3,4,Monetary policy shock,Inflation,0,0,0,0
contemporaneous,10,3,5,Monetary policy shock,Interest rate,0,0,0,0
contemporaneous,10,4,1,Unrestricted shock 4,GDP growth,0,0,0,0
contemporaneous,10,4,2,Unrestricted shock 4,Energy demand growth,0,0,0,0
contemporaneous,10,4,3,Unrestricted shock 4,Employment change,0,0,0,0
contemporaneous,10,4,4,Unrestricted shock 4,Inflation,0,0,0,0
contemporaneous,10,4,5,Unrestricted shock 4,Interest rate,0,0,0,0
contemporaneous,10,5,1,Unrestricted shock 5,GDP growth,0,0,0,0
contemporaneous,10,5,2,Unrestricted shock 5,Energy demand growth,0,0,0,0
contemporaneous,10,5,3,Unrestricted shock 5,Employment change,0,0,0,0
contemporaneous,10,5,4,Unrestricted shock 5,Inflation,0,0,0,0
contemporaneous,10,5,5,Unrestricted shock 5,Interest rate,0,0,0,0
contemporaneous,11,1,1,Supply shock,GDP growth,0,0,0,0
contemporaneous,11,1,2,Supply shock,Energy demand growth,0,0,0,0
contemporaneous,11,1,3,Supply shock,Employment change,0,0,0,0
contemporaneous,11,1,4,Supply shock,Inflation,0,0,0,0
contemporaneous,11,1,5,Supply shock,Interest rate,0,0,0,0
contemporaneous,11,2,1,Demand shock,GDP growth,0,0,0,0
contemporaneous,11,2,2,Demand shock,Energy demand growth,0,0,0,0
contemporaneous,11,2,3,Demand shock,Employment change,0,0,0,0
contemporaneous,11,2,4,Demand shock,Inflation,0,0,0,0
contemporaneous,11,2,5,Demand shock,Interest rate,0,0,0,0
contemporaneous,11,3,1,Monetary policy shock,GDP growth,0,0,0,0
contemporaneous,11,3,2,Monetary policy shock,Energy demand growth,0,0,0,0
contemporaneous,11,3,3,Monetary policy shock,Employment change,0,0,0,0
contemporaneous,11,3,4,Monetary policy shock,Inflation,0,0,0,0
contemporaneous,11,3,5,Monetary policy shock,Interest rate,0,0,0,0
contemporaneous,11,4,1,Unrestricted shock 4,GDP growth,0,0,0,0
contemporaneous,11,4,2,Unrestricted shock 4,Energy demand growth,0,0,0,0
contemporaneous,11,4,3,Unrestricted shock 4,Employment change,0,0,0,0
contemporaneous,11,4,4,Unrestricted shock 4,Inflation,0,0,0,0
contemporaneous,11,4,5,Unrestricted shock 4,Interest rate,0,0,0,0
contemporaneous,11,5,1,Unrestricted shock 5,GDP growth,0,0,0,0
contemporaneous,11,5,2,Unrestricted shock 5,Energy demand growth,0,0,0,0
contemporaneous,11,5,3,Unrestricted shock 5,Employment change,0,0,0,0
contemporaneous,11,5,4,Unrestricted shock 5,Inflation,0,0,0,0
contemporaneous,11,5,5,Unrestricted shock 5,Interest rate,0,0,0,0
contemporaneous,12,1,1,Supply shock,GDP growth,0,0,0,0
contemporaneous,12,1,2,Supply shock,Energy demand growth,0,0,0,0
contemporaneous,12,1,3,Supply shock,Employment change,0,0,0,0
contemporaneous,12,1,4,Supply shock,Inflation,0,0,0,0
contemporaneous,12,1,5,Supply shock,Interest rate,0,0,0,0
contemporaneous,12,2,1,Demand shock,GDP growth,0,0,0,0
contemporaneous,12,2,2,Demand shock,Energy demand growth,0,0,0,0
contemporaneous,12,2,3,Demand shock,Employment change,0,0,0,0
contemporaneous,12,2,4,Demand shock,Inflation,0,0,0,0
contemporaneous,12,2,5,Demand shock,Interest rate,0,0,0,0
contemporaneous,12,3,1,Monetary policy shock,GDP growth,0,0,0,0
contemporaneous,12,3,2,Monetary policy shock,Energy demand growth,0,0,0,0
contemporaneous,12,3,3,Monetary policy shock,Employment change,0,0,0,0
contemporaneous,12,3,4,Monetary policy shock,Inflation,0,0,0,0
contemporaneous,12,3,5,Monetary policy shock,Interest rate,0,0,0,0
contemporaneous,12,4,1,Unrestricted shock 4,GDP growth,0,0,0,0
contemporaneous,12,4,2,Unrestricted shock 4,Energy demand growth,0,0,0,0
contemporaneous,12,4,3,Unrestricted shock 4,Employment change,0,0,0,0
contemporaneous,12,4,4,Unrestricted shock 4,Inflation,0,0,0,0
contemporaneous,12,4,5,Unrestricted shock 4,Interest rate,0,0,0,0
contemporaneous,12,5,1,Unrestricted shock 5,GDP growth,0,0,0,0
contemporaneous,12,5,2,Unrestricted shock 5,Energy demand growth,0,0,0,0
contemporaneous,12,5,3,Unrestricted shock 5,Employment change,0,0,0,0
contemporaneous,12,5,4,Unrestricted shock 5,Inflation,0,0,0,0
contemporaneous,12,5,5,Unrestricted shock 5,Interest rate,0,0,0,0
contemporaneous,13,1,1,Supply shock,GDP growth,0,0,0,0
contemporaneous,13,1,2,Supply shock,Energy demand growth,0,0,0,0
contemporaneous,13,1,3,Supply shock,Employment change,0,0,0,0
contemporaneous,13,1,4,Supply shock,Inflation,0,0,0,0
contemporaneous,13,1,5,Supply shock,Interest rate,0,0,0,0
contemporaneous,13,2,1,Demand shock,GDP growth,0,0,0,0
contemporaneous,13,2,2,Demand shock,Energy demand growth,0,0,0,0
contemporaneous,13,2,3,Demand shock,Employment change,0,0,0,0
contemporaneous,13,2,4,Demand shock,Inflation,0,0,0,0
contemporaneous,13,2,5,Demand shock,Interest rate,0,0,0,0
contemporaneous,13,3,1,Monetary policy shock,GDP growth,0,0,0,0
contemporaneous,13,3,2,Monetary policy shock,Energy demand growth,0,0,0,0
contemporaneous,13,3,3,Monetary policy shock,Employment change,0,0,0,0
contemporaneous,13,3,4,Monetary policy shock,Inflation,0,0,0,0
contemporaneous,13,3,5,Monetary policy shock,Interest rate,0,0,0,0
contemporaneous,13,4,1,Unrestricted shock 4,GDP growth,0,0,0,0
contemporaneous,13,4,2,Unrestricted shock 4,Energy demand growth,0,0,0,0
contemporaneous,13,4,3,Unrestricted shock 4,Employment change,0,0,0,0
contemporaneous,13,4,4,Unrestricted shock 4,Inflation,0,0,0,0
contemporaneous,13,4,5,Unrestricted shock 4,Interest rate,0,0,0,0
contemporaneous,13,5,1,Unrestricted shock 5,GDP growth,0,0,0,0
contemporaneous,13,5,2,Unrestricted shock 5,Energy demand growth,0,0,0,0
contemporaneous,13,5,3,Unrestricted shock 5,Employment change,0,0,0,0
contemporaneous,13,5,4,Unrestricted shock 5,Inflation,0,0,0,0
contemporaneous,13,5,5,Unrestricted shock 5,Interest rate,0,0,0,0
contemporaneous,14,1,1,Supply shock,GDP growth,0,0,0,0
contemporaneous,14,1,2,Supply shock,Energy demand growth,0,0,0,0
contemporaneous,14,1,3,Supply shock,Employment change,0,0,0,0
contemporaneous,14,1,4,Supply shock,Inflation,0,0,0,0
contemporaneous,14,1,5,Supply shock,Interest rate,0,0,0,0
contemporaneous,14,2,1,Demand shock,GDP growth,0,0,0,0
contemporaneous,14,2,2,Demand shock,Energy demand growth,0,0,0,0
contemporaneous,14,2,3,Demand shock,Employment change,0,0,0,0
contemporaneous,14,2,4,Demand shock,Inflation,0,0,0,0
contemporaneous,14,2,5,Demand shock,Interest rate,0,0,0,0
contemporaneous,14,3,1,Monetary policy shock,GDP growth,0,0,0,0
contemporaneous,14,3,2,Monetary policy shock,Energy demand growth,0,0,0,0
contemporaneous,14,3,3,Monetary policy shock,Employment change,0,0,0,0
contemporaneous,14,3,4,Monetary policy shock,Inflation,0,0,0,0
contemporaneous,14,3,5,Monetary policy shock,Interest rate,0,0,0,0
contemporaneous,14,4,1,Unrestricted shock 4,GDP growth,0,0,0,0
contemporaneous,14,4,2,Unrestricted shock 4,Energy demand growth,0,0,0,0
contemporaneous,14,4,3,Unrestricted shock 4,Employment change,0,0,0,0
contemporaneous,14,4,4,Unrestricted shock 4,Inflation,0,0,0,0
contemporaneous,14,4,5,Unrestricted shock 4,Interest rate,0,0,0,0
contemporaneous,14,5,1,Unrestricted shock 5,GDP growth,0,0,0,0
contemporaneous,14,5,2,Unrestricted shock 5,Energy demand growth,0,0,0,0
contemporaneous,14,5,3,Unrestricted shock 5,Employment change,0,0,0,0
contemporaneous,14,5,4,Unrestricted shock 5,Inflation,0,0,0,0
contemporaneous,14,5,5,Unrestricted shock 5,Interest rate,0,0,0,0
contemporaneous,15,1,1,Supply shock,GDP growth,0,0,0,0
contemporaneous,15,1,2,Supply shock,Energy demand growth,0,0,0,0
contemporaneous,15,1,3,Supply shock,Employment change,0,0,0,0
contemporaneous,15,1,4,Supply shock,Inflation,0,0,0,0
contemporaneous,15,1,5,Supply shock,Interest rate,0,0,0,0
contemporaneous,15,2,1,Demand shock,GDP growth,0,0,0,0
contemporaneous,15,2,2,Demand shock,Energy demand growth,0,0,0,0
contemporaneous,15,2,3,Demand shock,Employment change,0,0,0,0
contemporaneous,15,2,4,Demand shock,Inflation,0,0,0,0
contemporaneous,15,2,5,Demand shock,Interest rate,0,0,0,0
contemporaneous,15,3,1,Monetary policy shock,GDP growth,0,0,0,0
contemporaneous,15,3,2,Monetary policy shock,Energy demand growth,0,0,0,0
contemporaneous,15,3,3,Monetary policy shock,Employment change,0,0,0,0
contemporaneous,15,3,4,Monetary policy shock,Inflation,0,0,0,0
contemporaneous,15,3,5,Monetary policy shock,Interest rate,0,0,0,0
contemporaneous,15,4,1,Unrestricted shock 4,GDP growth,0,0,0,0
contemporaneous,15,4,2,Unrestricted shock 4,Energy demand growth,0,0,0,0
contemporaneous,15,4,3,Unrestricted shock 4,Employment change,0,0,0,0
contemporaneous,15,4,4,Unrestricted shock 4,Inflation,0,0,0,0
contemporaneous,15,4,5,Unrestricted shock 4,Interest rate,0,0,0,0
contemporaneous,15,5,1,Unrestricted shock 5,GDP growth,0,0,0,0
contemporaneous,15,5,2,Unrestricted shock 5,Energy demand growth,0,0,0,0
contemporaneous,15,5,3,Unrestricted shock 5,Employment change,0,0,0,0
contemporaneous,15,5,4,Unrestricted shock 5,Inflation,0,0,0,0
contemporaneous,15,5,5,Unrestricted shock 5,Interest rate,0,0,0,0
contemporaneous,16,1,1,Supply shock,GDP growth,0,0,0,0
contemporaneous,16,1,2,Supply shock,Energy demand growth,0,0,0,0
contemporaneous,16,1,3,Supply shock,Employment change,0,0,0,0
contemporaneous,16,1,4,Supply shock,Inflation,0,0,0,0
contemporaneous,16,1,5,Supply shock,Interest rate,0,0,0,0
contemporaneous,16,2,1,Demand shock,GDP growth,0,0,0,0
contemporaneous,16,2,2,Demand shock,Energy demand growth,0,0,0,0
contemporaneous,16,2,3,Demand shock,Employment change,0,0,0,0
contemporaneous,16,2,4,Demand shock,Inflation,0,0,0,0
contemporaneous,16,2,5,Demand shock,Interest rate,0,0,0,0
contemporaneous,16,3,1,Monetary policy shock,GDP growth,0,0,0,0
contemporaneous,16,3,2,Monetary policy shock,Energy demand growth,0,0,0,0
contemporaneous,16,3,3,Monetary policy shock,Employment change,0,0,0,0
contemporaneous,16,3,4,Monetary policy shock,Inflation,0,0,0,0
contemporaneous,16,3,5,Monetary policy shock,Interest rate,0,0,0,0
contemporaneous,16,4,1,Unrestricted shock 4,GDP growth,0,0,0,0
contemporaneous,16,4,2,Unrestricted shock 4,Energy demand growth,0,0,0,0
contemporaneous,16,4,3,Unrestricted shock 4,Employment change,0,0,0,0
contemporaneous,16,4,4,Unrestricted shock 4,Inflation,0,0,0,0
contemporaneous,16,4,5,Unrestricted shock 4,Interest rate,0,0,0,0
contemporaneous,16,5,1,Unrestricted shock 5,GDP growth,0,0,0,0
contemporaneous,16,5,2,Unrestricted shock 5,Energy demand growth,0,0,0,0
contemporaneous,16,5,3,Unrestricted shock 5,Employment change,0,0,0,0
contemporaneous,16,5,4,Unrestricted shock 5,Inflation,0,0,0,0
contemporaneous,16,5,5,Unrestricted shock 5,Interest rate,0,0,0,0
contemporaneous,17,1,1,Supply shock,GDP growth,0,0,0,0
contemporaneous,17,1,2,Supply shock,Energy demand growth,0,0,0,0
contemporaneous,17,1,3,Supply shock,Employment change,0,0,0,0
contemporaneous,17,1,4,Supply shock,Inflation,0,0,0,0
contemporaneous,17,1,5,Supply shock,Interest rate,0,0,0,0
contemporaneous,17,2,1,Demand shock,GDP growth,0,0,0,0
contemporaneous,17,2,2,Demand shock,Energy demand growth,0,0,0,0
contemporaneous,17,2,3,Demand shock,Employment change,0,0,0,0
contemporaneous,17,2,4,Demand shock,Inflation,0,0,0,0
contemporaneous,17,2,5,Demand shock,Interest rate,0,0,0,0
contemporaneous,17,3,1,Monetary policy shock,GDP growth,0,0,0,0
contemporaneous,17,3,2,Monetary policy shock,Energy demand growth,0,0,0,0
contemporaneous,17,3,3,Monetary policy shock,Employment change,0,0,0,0
contemporaneous,17,3,4,Monetary policy shock,Inflation,0,0,0,0
contemporaneous,17,3,5,Monetary policy shock,Interest rate,0,0,0,0
contemporaneous,17,4,1,Unrestricted shock 4,GDP growth,0,0,0,0
contemporaneous,17,4,2,Unrestricted shock 4,Energy demand growth,0,0,0,0
contemporaneous,17,4,3,Unrestricted shock 4,Employment change,0,0,0,0
contemporaneous,17,4,4,Unrestricted shock 4,Inflation,0,0,0,0
contemporaneous,17,4,5,Unrestricted shock 4,Interest rate,0,0,0,0
contemporaneous,17,5,1,Unrestricted shock 5,GDP growth,0,0,0,0
contemporaneous,17,5,2,Unrestricted shock 5,Energy demand growth,0,0,0,0
contemporaneous,17,5,3,Unrestricted shock 5,Employment change,0,0,0,0
contemporaneous,17,5,4,Unrestricted shock 5,Inflation,0,0,0,0
contemporaneous,17,5,5,Unrestricted shock 5,Interest rate,0,0,0,0
contemporaneous,18,1,1,Supply shock,GDP growth,0,0,0,0
contemporaneous,18,1,2,Supply shock,Energy demand growth,0,0,0,0
contemporaneous,18,1,3,Supply shock,Employment change,0,0,0,0
contemporaneous,18,1,4,Supply shock,Inflation,0,0,0,0
contemporaneous,18,1,5,Supply shock,Interest rate,0,0,0,0
contemporaneous,18,2,1,Demand shock,GDP growth,0,0,0,0
contemporaneous,18,2,2,Demand shock,Energy demand growth,0,0,0,0
contemporaneous,18,2,3,Demand shock,Employment change,0,0,0,0
contemporaneous,18,2,4,Demand shock,Inflation,0,0,0,0
contemporaneous,18,2,5,Demand shock,Interest rate,0,0,0,0
contemporaneous,18,3,1,Monetary policy shock,GDP growth,0,0,0,0
contemporaneous,18,3,2,Monetary policy shock,Energy demand growth,0,0,0,0
contemporaneous,18,3,3,Monetary policy shock,Employment change,0,0,0,0
contemporaneous,18,3,4,Monetary policy shock,Inflation,0,0,0,0
contemporaneous,18,3,5,Monetary policy shock,Interest rate,0,0,0,0
contemporaneous,18,4,1,Unrestricted shock 4,GDP growth,0,0,0,0
contemporaneous,18,4,2,Unrestricted shock 4,Energy demand growth,0,0,0,0
contemporaneous,18,4,3,Unrestricted shock 4,Employment change,0,0,0,0
contemporaneous,18,4,4,Unrestricted shock 4,Inflation,0,0,0,0
contemporaneous,18,4,5,Unrestricted shock 4,Interest rate,0,0,0,0
contemporaneous,18,5,1,Unrestricted shock 5,GDP growth,0,0,0,0
contemporaneous,18,5,2,Unrestricted shock 5,Energy demand growth,0,0,0,0
contemporaneous,18,5,3,Unrestricted shock 5,Employment change,0,0,0,0
contemporaneous,18,5,4,Unrestricted shock 5,Inflation,0,0,0,0
contemporaneous,18,5,5,Unrestricted shock 5,Interest rate,0,0,0,0
contemporaneous,19,1,1,Supply shock,GDP growth,0,0,0,0
contemporaneous,19,1,2,Supply shock,Energy demand growth,0,0,0,0
contemporaneous,19,1,3,Supply shock,Employment change,0,0,0,0
contemporaneous,19,1,4,Supply shock,Inflation,0,0,0,0
contemporaneous,19,1,5,Supply shock,Interest rate,0,0,0,0
contemporaneous,19,2,1,Demand shock,GDP growth,0,0,0,0
contemporaneous,19,2,2,Demand shock,Energy demand growth,0,0,0,0
contemporaneous,19,2,3,Demand shock,Employment change,0,0,0,0
contemporaneous,19,2,4,Demand shock,Inflation,0,0,0,0
contemporaneous,19,2,5,Demand shock,Interest rate,0,0,0,0
contemporaneous,19,3,1,Monetary policy shock,GDP growth,0,0,0,0
contemporaneous,19,3,2,Monetary policy shock,Energy demand growth,0,0,0,0
contemporaneous,19,3,3,Monetary policy shock,Employment change,0,0,0,0
contemporaneous,19,3,4,Monetary policy shock,Inflation,0,0,0,0
contemporaneous,19,3,5,Monetary policy shock,Interest rate,0,0,0,0
contemporaneous,19,4,1,Unrestricted shock 4,GDP growth,0,0,0,0
contemporaneous,19,4,2,Unrestricted shock 4,Energy demand growth,0,0,0,0
contemporaneous,19,4,3,Unrestricted shock 4,Employment change,0,0,0,0
contemporaneous,19,4,4,Unrestricted shock 4,Inflation,0,0,0,0
contemporaneous,19,4,5,Unrestricted shock 4,Interest rate,0,0,0,0
contemporaneous,19,5,1,Unrestricted shock 5,GDP growth,0,0,0,0
contemporaneous,19,5,2,Unrestricted shock 5,Energy demand growth,0,0,0,0
contemporaneous,19,5,3,Unrestricted shock 5,Employment change,0,0,0,0
contemporaneous,19,5,4,Unrestricted shock 5,Inflation,0,0,0,0
contemporaneous,19,5,5,Unrestricted shock 5,Interest rate,0,0,0,0
contemporaneous,20,1,1,Supply shock,GDP growth,0,0,0,0
contemporaneous,20,1,2,Supply shock,Energy demand growth,0,0,0,0
contemporaneous,20,1,3,Supply shock,Employment change,0,0,0,0
contemporaneous,20,1,4,Supply shock,Inflation,0,0,0,0
contemporaneous,20,1,5,Supply shock,Interest rate,0,0,0,0
contemporaneous,20,2,1,Demand shock,GDP growth,0,0,0,0
contemporaneous,20,2,2,Demand shock,Energy demand growth,0,0,0,0
contemporaneous,20,2,3,Demand shock,Employment change,0,0,0,0
contemporaneous,20,2,4,Demand shock,Inflation,0,0,0,0
contemporaneous,20,2,5,Demand shock,Interest rate,0,0,0,0
contemporaneous,20,3,1,Monetary policy shock,GDP growth,0,0,0,0
contemporaneous,20,3,2,Monetary policy shock,Energy demand growth,0,0,0,0
contemporaneous,20,3,3,Monetary policy shock,Employment change,0,0,0,0
contemporaneous,20,3,4,Monetary policy shock,Inflation,0,0,0,0
contemporaneous,20,3,5,Monetary policy shock,Interest rate,0,0,0,0
contemporaneous,20,4,1,Unrestricted shock 4,GDP growth,0,0,0,0
contemporaneous,20,4,2,Unrestricted shock 4,Energy demand growth,0,0,0,0
contemporaneous,20,4,3,Unrestricted shock 4,Employment change,0,0,0,0
contemporaneous,20,4,4,Unrestricted shock 4,Inflation,0,0,0,0
contemporaneous,20,4,5,Unrestricted shock 4,Interest rate,0,0,0,0
contemporaneous,20,5,1,Unrestricted shock 5,GDP growth,0,0,0,0
contemporaneous,20,5,2,Unrestricted shock 5,Energy demand growth,0,0,0,0
contemporaneous,20,5,3,Unrestricted shock 5,Employment change,0,0,0,0
contemporaneous,20,5,4,Unrestricted shock 5,Inflation,0,0,0,0
contemporaneous,20,5,5,Unrestricted shock 5,Interest rate,0,0,0,0
stationary,0,1,1,Supply shock,GDP growth,0,0,0,0
stationary,0,1,2,Supply shock,Energy demand growth,0,0,0,0
stationary,0,1,3,Supply shock,Employment change,0,0,0,0
stationary,0,1,4,Supply shock,Inflation,0,0,0,0
stationary,0,1,5,Supply shock,Interest rate,0,0,0,0
stationary,0,2,1,Demand shock,GDP growth,0,0,0,0
stationary,0,2,2,Demand shock,Energy demand growth,0,0,0,0
stationary,0,2,3,Demand shock,Employment change,0,0,0,0
stationary,0,2,4,Demand shock,Inflation,0,0,0,0
stationary,0,2,5,Demand shock,Interest rate,0,0,0,0
stationary,0,3,1,Monetary policy shock,GDP growth,0,0,0,0
stationary,0,3,2,Monetary policy shock,Energy demand growth,0,0,0,0
stationary,0,3,3,Monetary policy shock,Employment change,0,0,0,0
stationary,0,3,4,Monetary policy shock,Inflation,0,0,0,0
stationary,0,3,5,Monetary policy shock,Interest rate,0,0,0,0
stationary,0,4,1,Unrestricted shock 4,GDP growth,0,0,0,0
stationary,0,4,2,Unrestricted shock 4,Energy demand growth,0,0,0,0
stationary,0,4,3,Unrestricted shock 4,Employment change,0,0,0,0
stationary,0,4,4,Unrestricted shock 4,Inflation,0,0,0,0
stationary,0,4,5,Unrestricted shock 4,Interest rate,0,0,0,0
stationary,0,5,1,Unrestricted shock 5,GDP growth,0,0,0,0
stationary,0,5,2,Unrestricted shock 5,Energy demand growth,0,0,0,0
stationary,0,5,3,Unrestricted shock 5,Employment change,0,0,0,0
stationary,0,5,4,Unrestricted shock 5,Inflation,0,0,0,0
stationary,0,5,5,Unrestricted shock 5,Interest rate,0,0,0,0
stationary,1,1,1,Supply shock,GDP growth,-0.5415006612,-0.5151175147,-0.3365815481,-0.136817261
stationary,1,1,2,Supply shock,Energy demand growth,-0.5551462496,-0.5254718511,-0.3417826279,-0.1391328052
stationary,1,1,3,Supply shock,Employment change,-0.5305637102,-0.4934470019,-0.3203645978,-0.1321396433
stationary,1,1,4,Supply shock,Inflation,0,0,0,0
stationary,1,1,5,Supply shock,Interest rate,0,0,0,0
stationary,1,2,1,Demand shock,GDP growth,0.01716779937,-0.4274846215,-0.1728942114,0.07707013999
stationary,1,2,2,Demand shock,Energy demand growth,0.0750438239,-0.4426450151,-0.1769742567,0.07450162311
stationary,1,2,3,Demand shock,Employment change,0.005109771513,-0.4236456252,-0.1765952407,0.05516344765
stationary,1,2,4,Demand shock,Inflation,0,0,0,0
stationary,1,2,5,Demand shock,Interest rate,0,0,0,0
stationary,1,3,1,Monetary policy shock,GDP growth,0.02933220952,-0.001884801617,0.07894813222,0.1632597207
stationary,1,3,2,Monetary policy shock,Energy demand growth,0.03812610474,-0.0137577808,0.0682999775,0.152901637
stationary,1,3,3,Monetary policy shock,Employment change,0.02803772406,-0.01873543155,0.05364549395,0.1343694439
stationary,1,3,4,Monetary policy shock,Inflation,0,0,0,0
stationary,1,3,5,Monetary policy shock,Interest rate,0,0,0,0
stationary,1,4,1,Unrestricted shock 4,GDP growth,0.2538171468,-0.3832305716,0.005192624173,0.3855309417
stationary,1,4,2,Unrestricted shock 4,Energy demand growth,0.2446910681,-0.3929622138,0.009000513755,0.3965389276
stationary,1,4,3,Unrestricted shock 4,Employment change,0.2307518225,-0.3742020468,0.008242069042,0.3786499971
stationary,1,4,4,Unrestricted shock 4,Inflation,0,0,0,0
stationary,1,4,5,Unrestricted shock 4,Interest rate,0,0,0,0
stationary,1,5,1,Unrestricted shock 5,GDP growth,0.05839029447,-0.3812958825,-0.002683351002,0.3855671574
stationary,1,5,2,Unrestricted shock 5,Energy demand growth,0.04651267772,-0.3917122584,0.001800822833,0.3951178678
stationary,1,5,3,Unrestricted shock 5,Employment change,0.02549821076,-0.3691180614,-0.001192757138,0.3734595533
stationary,1,5,4,Unrestricted shock 5,Inflation,0,0,0,0
stationary,1,5,5,Unrestricted shock 5,Interest rate,0,0,0,0
stationary,2,1,1,Supply shock,GDP growth,-0.2143993636,-0.2039533379,-0.1332646013,-0.05417081787
stationary,2,1,2,Supply shock,Energy demand growth,-0.2198021372,-0.2080529878,-0.1353238937,-0.05508762414
stationary,2,1,3,Supply shock,Employment change,-0.2100690359,-0.1953732114,-0.1268437341,-0.05231878272
stationary,2,1,4,Supply shock,Inflation,0,0,0,0
stationary,2,1,5,Supply shock,Interest rate,0,0,0,0
stationary,2,2,1,Demand shock,GDP growth,0.006797342131,-0.1692563599,-0.06845496514,0.03051480847
stationary,2,2,2,Demand shock,Energy demand growth,0.02971251789,-0.1752588987,-0.07007040013,0.02949784132
stationary,2,2,3,Demand shock,Employment change,0.002023140208,-0.1677363648,-0.06992033425,0.02184117013
stationary,2,2,4,Demand shock,Inflation,0,0,0,0
stationary,2,2,5,Demand shock,Interest rate,0,0,0,0
stationary,2,3,1,Monetary policy shock,GDP growth,0.01161366459,-0.00074625997,0.03125837236,0.06464032773
stationary,2,3,2,Monetary policy shock,Energy demand growth,0.01509548035,-0.005447194546,0.02704238934,0.06053919415
stationary,2,3,3,Monetary policy shock,Employment change,0.01110113177,-0.007418023445,0.0212401583,0.05320164004
stationary,2,3,4,Monetary policy shock,Inflation,0,0,0,0
stationary,2,3,5,Monetary policy shock,Interest rate,0,0,0,0
stationary,2,4,1,Unrestricted shock 4,GDP growth,0.1004952323,-0.1517346082,0.002055944522,0.1526454065
stationary,2,4,2,Unrestricted shock 4,Energy demand growth,0.09688189327,-0.1555877113,0.003563623388,0.1570038595
stationary,2,4,3,Unrestricted shock 4,Employment change,0.09136285039,-0.1481598942,0.003263328162,0.1499209959
stationary,2,4,4,Unrestricted shock 4,Inflation,0,0,0,0
stationary,2,4,5,Unrestricted shock 4,Interest rate,0,0,0,0
stationary,2,5,1,Unrestricted shock 5,GDP growth,0.02311879351,-0.150968596,-0.001062434062,0.1526597456
stationary,2,5,2,Unrestricted shock 5,Energy demand growth,0.01841602276,-0.1550928095,0.0007130097837,0.1564412114
stationary,2,5,3,Unrestricted shock 5,Employment change,0.01009564817,-0.1461469637,-0.0004722549565,0.1478659147
stationary,2,5,4,Unrestricted shock 5,Inflation,0,0,0,0
stationary,2,5,5,Unrestricted shock 5,Interest rate,0,0,0,0
stationary,3,1,1,Supply shock,GDP growth,-0.08488833053,-0.08075237757,-0.05276419356,-0.02144815271
stationary,3,1,2,Supply shock,Energy demand growth,-0.08702748066,-0.08237557471,-0.05357954065,-0.02181114891
stationary,3,1,3,Supply shock,Employment change,-0.08317379982,-0.07735520046,-0.05022194396,-0.02071486615
stationary,3,1,4,Supply shock,Inflation,0,0,0,0
stationary,3,1,5,Supply shock,Interest rate,0,0,0,0
stationary,3,2,1,Demand shock,GDP growth,0.002691309414,-0.06701461041,-0.02710375446,0.01208189756
stationary,3,2,2,Demand shock,Energy demand growth,0.01176424219,-0.06939122893,-0.0277433626,0.01167924411
stationary,3,2,3,Demand shock,Employment change,0.0008010331366,-0.0664127903,-0.02768394619,0.008647695769
stationary,3,2,4,Demand shock,Inflation,0,0,0,0
stationary,3,2,5,Demand shock,Interest rate,0,0,0,0
stationary,3,3,1,Monetary policy shock,GDP growth,0.004598262708,-0.0002954708537,0.01237630094,0.02559340389
stationary,3,3,2,Monetary policy shock,Energy demand growth,0.005976837357,-0.002156737983,0.01070704337,0.0239696193
stationary,3,3,3,Monetary policy shock,Employment change,0.004395332743,-0.002937059213,0.008409733815,0.02106442076
stationary,3,3,4,Monetary policy shock,Inflation,0,0,0,0
stationary,3,3,5,Monetary policy shock,Interest rate,0,0,0,0
stationary,3,4,1,Unrestricted shock 4,GDP growth,0.03978963535,-0.06007712596,0.0008140215307,0.06043774339
stationary,3,4,2,Unrestricted shock 4,Energy demand growth,0.03835898596,-0.06160270647,0.001410965196,0.06216340987
stationary,3,4,3,Unrestricted shock 4,Employment change,0.03617380067,-0.05866176962,0.001292067639,0.05935905237
stationary,3,4,4,Unrestricted shock 4,Inflation,0,0,0,0
stationary,3,4,5,Unrestricted shock 4,Interest rate,0,0,0,0
stationary,3,5,1,Unrestricted shock 5,GDP growth,0.009153552287,-0.05977383449,-0.0004206554176,0.06044342074
stationary,3,5,2,Unrestricted shock 5,Energy demand growth,0.00729155815,-0.06140675726,0.0002823059228,0.0619406375
stationary,3,5,3,Unrestricted shock 5,Employment change,0.003997226039,-0.05786477883,-0.0001869825272,0.05854537265
stationary,3,5,4,Unrestricted shock 5,Inflation,0,0,0,0
stationary,3,5,5,Unrestricted shock 5,Interest rate,0,0,0,0
stationary,4,1,1,Supply shock,GDP growth,-0.03361030807,-0.03197273725,-0.02089122014,-0.008492086199
stationary,4,1,2,Supply shock,Energy demand growth,-0.03445727366,-0.0326154187,-0.02121404504,-0.008635809299
stationary,4,1,3,Supply shock,Employment change,-0.0329314644,-0.03062767405,-0.01988465314,-0.00820175198
stationary,4,1,4,Supply shock,Inflation,0,0,0,0
stationary,4,1,5,Supply shock,Interest rate,0,0,0,0
stationary,4,2,1,Demand shock,GDP growth,0.00106558508,-0.02653346681,-0.01073134,0.004783652788
stationary,4,2,2,Demand shock,Energy demand growth,0.004657881736,-0.02747445458,-0.01098458361,0.004624227971
stationary,4,2,3,Demand shock,Employment change,0.0003171574977,-0.02629518483,-0.01096105853,0.003423930204
stationary,4,2,4,Demand shock,Inflation,0,0,0,0
stationary,4,2,5,Demand shock,Interest rate,0,0,0,0
stationary,4,3,1,Monetary policy shock,GDP growth,0.001820615687,-0.0001169874158,0.004900217553,0.01013333851
stationary,4,3,2,Monetary policy shock,Energy demand growth,0.002366442403,-0.0008539292455,0.004239299135,0.009490424464
stationary,4,3,3,Monetary policy shock,Employment change,0.001740268499,-0.001162886163,0.003329712606,0.008340153075
stationary,4,3,4,Monetary policy shock,Inflation,0,0,0,0
stationary,4,3,5,Monetary policy shock,Interest rate,0,0,0,0
stationary,4,4,1,Unrestricted shock 4,GDP growth,0.01575413126,-0.02378667007,0.0003223000647,0.02392945133
stationary,4,4,2,Unrestricted shock 4,Energy demand growth,0.01518768631,-0.02439070163,0.0005586512847,0.02461270405
stationary,4,4,3,Unrestricted shock 4,Employment change,0.01432249376,-0.02322628018,0.0005115755149,0.02350235921
stationary,4,4,4,Unrestricted shock 4,Inflation,0,0,0,0
stationary,4,4,5,Unrestricted shock 4,Interest rate,0,0,0,0
stationary,4,5,1,Unrestricted shock 5,GDP growth,0.003624216784,-0.02366658619,-0.0001665524353,0.0239316992
stationary,4,5,2,Unrestricted shock 5,Energy demand growth,0.002886987106,-0.02431311838,0.0001117749516,0.02452450054
stationary,4,5,3,Unrestricted shock 5,Employment change,0.001582643901,-0.02291072319,-7.403303027e-05,0.02318019448
stationary,4,5,4,Unrestricted shock 5,Inflation,0,0,0,0
stationary,4,5,5,Unrestricted shock 5,Interest rate,0,0,0,0
stationary,5,1,1,Supply shock,GDP growth,-0.0133075159,-0.01265914339,-0.008271576793,-0.003362318843
stationary,5,1,2,Supply shock,Energy demand growth,-0.01364285969,-0.01291360383,-0.008399394648,-0.003419223928
stationary,5,1,3,Supply shock,Employment change,-0.01303873756,-0.01212658505,-0.007873041131,-0.003247365203
stationary,5,1,4,Supply shock,Inflation,0,0,0,0
stationary,5,1,5,Supply shock,Interest rate,0,0,0,0
stationary,5,2,1,Demand shock,GDP growth,0.0004219030177,-0.01050554285,-0.004248919035,0.00189401821
stationary,5,2,2,Demand shock,Energy demand growth,0.001844220979,-0.01087811336,-0.004349187181,0.001830896258
stationary,5,2,3,Demand shock,Employment change,0.0001255739291,-0.01041119854,-0.004339872769,0.001355655698
stationary,5,2,4,Demand shock,Inflation,0,0,0,0
stationary,5,2,5,Demand shock,Interest rate,0,0,0,0
stationary,5,3,1,Monetary policy shock,GDP growth,0.0007208464782,-4.631947712e-05,0.001940170345,0.004012148985
stationary,5,3,2,Monetary policy shock,Energy demand growth,0.0009369586806,-0.0003381009478,0.001678489246,0.003757596456
stationary,5,3,3,Monetary policy shock,Employment change,0.00068903417,-0.0004604279756,0.001318351601,0.003302163117
stationary,5,3,4,Monetary policy shock,Inflation,0,0,0,0
stationary,5,3,5,Monetary policy shock,Interest rate,0,0,0,0
stationary,5,4,1,Unrestricted shock 4,GDP growth,0.006237620669,-0.009417988363,0.0001276100542,0.009474520539
stationary,5,4,2,Unrestricted shock 4,Energy demand growth,0.006013344973,-0.009657145933,0.0002211899052,0.00974504458
stationary,5,4,3,Unrestricted shock 4,Employment change,0.005670784483,-0.009196110079,0.0002025509343,0.009305419582
stationary,5,4,4,Unrestricted shock 4,Inflation,0,0,0,0
stationary,5,4,5,Unrestricted shock 4,Interest rate,0,0,0,0
stationary,5,5,1,Unrestricted shock 5,GDP growth,0.001434956276,-0.009370442886,-6.594403051e-05,0.00947541055
stationary,5,5,2,Unrestricted shock 5,Energy demand growth,0.001143060836,-0.009626427963,4.425567723e-05,0.009710121677
stationary,5,5,3,Unrestricted shock 5,Employment change,0.0006266249876,-0.009071169849,-2.931230876e-05,0.009177863112
stationary,5,5,4,Unrestricted shock 5,Inflation,0,0,0,0
stationary,5,5,5,Unrestricted shock 5,Interest rate,0,0,0,0
stationary,6,1,1,Supply shock,GDP growth,-0.005268918663,-0.005012204936,-0.003275011329,-0.00133126157
stationary,6,1,2,Supply shock,Energy demand growth,-0.005401693192,-0.00511295487,-0.003325618962,-0.001353792316
stationary,6,1,3,Supply shock,Employment change,-0.005162499762,-0.004801346155,-0.003117216892,-0.001285747337
stationary,6,1,4,Supply shock,Inflation,0,0,0,0
stationary,6,1,5,Supply shock,Interest rate,0,0,0,0
stationary,6,2,1,Demand shock,GDP growth,0.0001670464045,-0.004159517914,-0.001682298107,0.000749909147
stationary,6,2,2,Demand shock,Energy demand growth,0.0007301926528,-0.004307031825,-0.00172199783,0.0007249169217
stationary,6,2,3,Demand shock,Employment change,4.971918304e-05,-0.004122163648,-0.001718309924,0.0005367522879
stationary,6,2,4,Demand shock,Inflation,0,0,0,0
stationary,6,2,5,Demand shock,Interest rate,0,0,0,0
stationary,6,3,1,Monetary policy shock,GDP growth,0.0002854087488,-1.833952778e-05,0.000768182418,0.001588552426
stationary,6,3,2,Monetary policy shock,Energy demand growth,0.0003709752531,-0.0001338661856,0.0006645735673,0.00148776603
stationary,6,3,3,Monetary policy shock,Employment change,0.0002728131249,-0.000182299805,0.0005219822699,0.001307443779
stationary,6,3,4,Monetary policy shock,Inflation,0,0,0,0
stationary,6,3,5,Monetary policy shock,Interest rate,0,0,0,0
stationary,6,4,1,Unrestricted shock 4,GDP growth,0.002469695787,-0.003728916428,5.052535736e-05,0.003751299526
stationary,6,4,2,Unrestricted shock 4,Energy demand growth,0.002380897065,-0.003823607412,8.757694736e-05,0.003858409612
stationary,6,4,3,Unrestricted shock 4,Employment change,0.002245265189,-0.003641066927,8.019711611e-05,0.003684346446
stationary,6,4,4,Unrestricted shock 4,Inflation,0,0,0,0
stationary,6,4,5,Unrestricted shock 4,Interest rate,0,0,0,0
stationary,6,5,1,Unrestricted shock 5,GDP growth,0.0005681502061,-0.003710091483,-2.610958617e-05,0.003751651913
stationary,6,5,2,Unrestricted shock 5,Energy demand growth,0.0004525784237,-0.003811445076,1.752239603e-05,0.003844582393
stationary,6,5,3,Unrestricted shock 5,Employment change,0.0002481031108,-0.003591598648,-1.160578517e-05,0.003633842304
stationary,6,5,4,Unrestricted shock 5,Inflation,0,0,0,0
stationary,6,5,5,Unrestricted shock 5,Interest rate,0,0,0,0
stationary,7,1,1,Supply shock,GDP growth,-0.002086152223,-0.001984510132,-0.001296693421,-0.0005270937853
stationary,7,1,2,Supply shock,Energy demand growth,-0.00213872238,-0.002024400613,-0.001316730782,-0.0005360145088
stationary,7,1,3,Supply shock,Employment change,-0.002044017197,-0.001901023644,-0.001234216993,-0.0005090730824
stationary,7,1,4,Supply shock,Inflation,0,0,0,0
stationary,7,1,5,Supply shock,Interest rate,0,0,0,0
stationary,7,2,1,Demand shock,GDP growth,6.61396105e-05,-0.001646901024,-0.0006660816306,0.0002969156926
stationary,7,2,2,Demand shock,Energy demand growth,0.0002891092316,-0.001705307026,-0.0006818001628,0.0002870203821
stationary,7,2,3,Demand shock,Employment change,1.968559222e-05,-0.001632111142,-0.0006803399893,0.0002125193138
stationary,7,2,4,Demand shock,Inflation,0,0,0,0
stationary,7,2,5,Demand shock,Interest rate,0,0,0,0
stationary,7,3,1,Monetary policy shock,GDP growth,0.0001130034707,-7.261271066e-06,0.0003041507302,0.0006289643828
stationary,7,3,2,Monetary policy shock,Energy demand growth,0.0001468822919,-5.30023822e-05,0.0002631283027,0.0005890594652
stationary,7,3,3,Monetary policy shock,Employment change,0.0001080164154,-7.217897405e-05,0.0002066713385,0.0005176634753
stationary,7,3,4,Monetary policy shock,Inflation,0,0,0,0
stationary,7,3,5,Monetary policy shock,Interest rate,0,0,0,0
stationary,7,4,1,Unrestricted shock 4,GDP growth,0.0009778403666,-0.001476410587,2.000478529e-05,0.001485272851
stationary,7,4,2,Unrestricted shock 4,Energy demand growth,0.0009426817955,-0.001513902114,3.467482706e-05,0.001527681542
stationary,7,4,3,Unrestricted shock 4,Employment change,0.0008889803135,-0.001441627846,3.175288949e-05,0.001458763746
stationary,7,4,4,Unrestricted shock 4,Inflation,0,0,0,0
stationary,7,4,5,Unrestricted shock 4,Interest rate,0,0,0,0
stationary,7,5,1,Unrestricted shock 5,GDP growth,0.0002249508659,-0.001468957122,-1.033771343e-05,0.001485412374
stationary,7,5,2,Unrestricted shock 5,Energy demand growth,0.0001791918883,-0.001509086613,6.937739555e-06,0.001522206855
stationary,7,5,3,Unrestricted shock 5,Employment change,9.823284231e-05,-0.001422041596,-4.595142966e-06,0.001438767361
stationary,7,5,4,Unrestricted shock 5,Inflation,0,0,0,0
stationary,7,5,5,Unrestricted shock 5,Interest rate,0,0,0,0
stationary,8,1,1,Supply shock,GDP growth,-0.0008259818335,-0.0007857381159,-0.0005134070263,-0.0002086951692
stationary,8,1,2,Supply shock,Energy demand growth,-0.0008467962274,-0.0008015321754,-0.0005213405299,-0.0002122272008
stationary,8,1,3,Supply shock,Employment change,-0.0008092990786,-0.0007526828471,-0.0004886703873,-0.0002015601322
stationary,8,1,4,Supply shock,Inflation,0,0,0,0
stationary,8,1,5,Supply shock,Interest rate,0,0,0,0
stationary,8,2,1,Demand shock,GDP growth,2.618702324e-05,-0.0006520666673,-0.0002637253986,0.0001175594789
stationary,8,2,2,Demand shock,Energy demand growth,0.0001144686234,-0.00067519168,-0.0002699489243,0.0001136415736
stationary,8,2,3,Demand shock,Employment change,7.794225835e-06,-0.0006462108273,-0.0002693707897,8.414395197e-05
stationary,8,2,4,Demand shock,Inflation,0,0,0,0
stationary,8,2,5,Demand shock,Interest rate,0,0,0,0
stationary,8,3,1,Monetary policy shock,GDP growth,4.474209163e-05,-2.874995373e-06,0.0001204240875,0.0002490293606
stationary,8,3,2,Monetary policy shock,Energy demand growth,5.815592141e-05,-2.098552749e-05,0.00010418185,0.0002332295849
stationary,8,3,3,Monetary policy shock,Employment change,4.276753914e-05,-2.857822198e-05,8.182853065e-05,0.0002049613742
stationary,8,3,4,Monetary policy shock,Inflation,0,0,0,0
stationary,8,3,5,Monetary policy shock,Interest rate,0,0,0,0
stationary,8,4,1,Unrestricted shock 4,GDP growth,0.000387161766,-0.0005845634417,7.920605721e-06,0.0005880723273
stationary,8,4,2,Unrestricted shock 4,Energy demand growth,0.0003732412377,-0.0005994076703,1.372899682e-05,0.0006048634358
stationary,8,4,3,Unrestricted shock 4,Employment change,0.0003519789118,-0.0005707917181,1.257209785e-05,0.0005775764302
stationary,8,4,4,Unrestricted shock 4,Inflation,0,0,0,0
stationary,8,4,5,Unrestricted shock 4,Interest rate,0,0,0,0
stationary,8,5,1,Unrestricted shock 5,GDP growth,8.906604541e-05,-0.00058161235,-4.093068281e-06,0.0005881275692
stationary,8,5,2,Unrestricted shock 5,Energy demand growth,7.094843935e-05,-0.0005975010421,2.746897745e-06,0.0006026958124
stationary,8,5,3,Unrestricted shock 5,Employment change,3.889387472e-05,-0.0005630368252,-1.81938047e-06,0.0005696591504
stationary,8,5,4,Unrestricted shock 5,Inflation,0,0,0,0
stationary,8,5,5,Unrestricted shock 5,Interest rate,0,0,0,0
stationary,9,1,1,Supply shock,GDP growth,-0.0003270355738,-0.0003111016552,-0.0002032760947,-8.262983717e-05
stationary,9,1,2,Supply shock,Energy demand growth,-0.0003352767323,-0.0003173550849,-0.0002064172509,-8.402829405e-05
stationary,9,1,3,Supply shock,Employment change,-0.000320430278,-0.0002980138991,-0.0001934819799,-7.980482236e-05
stationary,9,1,4,Supply shock,Inflation,0,0,0,0
stationary,9,1,5,Supply shock,Interest rate,0,0,0,0
stationary,9,2,1,Demand shock,GDP growth,1.036837352e-05,-0.0002581763763,-0.0001044182614,4.654597724e-05
stationary,9,2,2,Demand shock,Energy demand growth,4.532219767e-05,-0.000267332391,-0.0001068823765,4.499473926e-05
stationary,9,2,3,Demand shock,Employment change,3.086011114e-06,-0.0002558578411,-0.0001066534725,3.331558213e-05
stationary,9,2,4,Demand shock,Inflation,0,0,0,0
stationary,9,2,5,Demand shock,Interest rate,0,0,0,0
stationary,9,3,1,Monetary policy shock,GDP growth,1.771498478e-05,-1.138312882e-06,4.768017764e-05,9.859957751e-05
stationary,9,3,2,Monetary policy shock,Energy demand growth,2.302599689e-05,-8.308916426e-06,4.124929835e-05,9.234388462e-05
stationary,9,3,3,Monetary policy shock,Employment change,1.693318925e-05,-1.131513412e-05,3.239882451e-05,8.115149498e-05
stationary,9,3,4,Monetary policy shock,Inflation,0,0,0,0
stationary,9,3,5,Monetary policy shock,Interest rate,0,0,0,0
stationary,9,4,1,Unrestricted shock 4,GDP growth,0.0001532911078,-0.0002314494494,3.136049404e-06,0.000232838742
stationary,9,4,2,Unrestricted shock 4,Energy demand growth,0.0001477794758,-0.0002373268072,5.435797943e-06,0.0002394869388
stationary,9,4,3,Unrestricted shock 4,Employment change,0.000139360965,-0.0002259967344,4.977740511e-06,0.0002286830431
stationary,9,4,4,Unrestricted shock 4,Inflation,0,0,0,0
stationary,9,4,5,Unrestricted shock 4,Interest rate,0,0,0,0
stationary,9,5,1,Unrestricted shock 5,GDP growth,3.526441392e-05,-0.0002302810073,-1.620591252e-06,0.0002328606142
stationary,9,5,2,Unrestricted shock 5,Energy demand growth,2.809100955e-05,-0.0002365719054,1.087594477e-06,0.0002386286996
stationary,9,5,3,Unrestricted shock 5,Employment change,1.539946778e-05,-0.0002229262966,-7.203574119e-07,0.0002255483106
stationary,9,5,4,Unrestricted shock 5,Inflation,0,0,0,0
stationary,9,5,5,Unrestricted shock 5,Interest rate,0,0,0,0
stationary,10,1,1,Supply shock,GDP growth,-0.0001294850107,-0.0001231762058,-8.048423291e-05,-3.271609025e-05
stationary,10,1,2,Supply shock,Energy demand growth,-0.0001327479783,-0.0001256521609,-8.172792831e-05,-3.326978905e-05
stationary,10,1,3,Supply shock,Employment change,-0.0001268697392,-0.0001179942978,-7.660639465e-05,-3.159756645e-05
stationary,10,1,4,Supply shock,Inflation,0,0,0,0
stationary,10,1,5,Supply shock,Interest rate,0,0,0,0
stationary,10,2,1,Demand shock,GDP growth,4.1052077e-06,-0.0001022212063,-4.134290206e-05,1.842920722e-05
stationary,10,2,2,Demand shock,Energy demand growth,1.794466939e-05,-0.000105846398,-4.231853283e-05,1.781501696e-05
stationary,10,2,3,Demand shock,Employment change,1.221861516e-06,-0.0001013032157,-4.222790158e-05,1.319082342e-05
stationary,10,2,4,Demand shock,Inflation,0,0,0,0
stationary,10,2,5,Demand shock,Interest rate,0,0,0,0
stationary,10,3,1,Monetary policy shock,GDP growth,7.013992289e-06,-4.506985401e-07,1.887827749e-05,3.903907822e-05
stationary,10,3,2,Monetary policy shock,Energy demand growth,9.116810805e-06,-3.289795418e-06,1.633206374e-05,3.6562227e-05
stationary,10,3,3,Monetary policy shock,Employment change,6.704451643e-06,-4.480063881e-06,1.282784649e-05,3.213076202e-05
stationary,10,3,4,Monetary policy shock,Inflation,0,0,0,0
stationary,10,3,5,Monetary policy shock,Interest rate,0,0,0,0
stationary,10,4,1,Unrestricted shock 4,GDP growth,6.069339949e-05,-9.163906567e-05,1.241673454e-06,9.218913599e-05
stationary,10,4,2,Unrestricted shock 4,Energy demand growth,5.851114841e-05,-9.39661206e-05,2.152225663e-06,9.482139347e-05
stationary,10,4,3,Unrestricted shock 4,Employment change,5.517796069e-05,-8.948014193e-05,1.970864441e-06,9.054374707e-05
stationary,10,4,4,Unrestricted shock 4,Inflation,0,0,0,0
stationary,10,4,5,Unrestricted shock 4,Interest rate,0,0,0,0
stationary,10,5,1,Unrestricted shock 5,GDP growth,1.396243522e-05,-9.117643789e-05,-6.416496931e-07,9.219779598e-05
stationary,10,5,2,Unrestricted shock 5,Energy demand growth,1.112222939e-05,-9.366722811e-05,4.306173204e-07,9.448158606e-05
stationary,10,5,3,Unrestricted shock 5,Employment change,6.097196788e-06,-8.826444645e-05,-2.8521511e-07,8.9302595e-05
stationary,10,5,4,Unrestricted shock 5,Inflation,0,0,0,0
stationary,10,5,5,Unrestricted shock 5,Interest rate,0,0,0,0
stationary,11,1,1,Supply shock,GDP growth,-5.126771926e-05,-4.876983912e-05,-3.186656924e-05,-1.295346328e-05
stationary,11,1,2,Supply shock,Energy demand growth,-5.255964417e-05,-4.975015779e-05,-3.235899247e-05,-1.317269232e-05
stationary,11,1,3,Supply shock,Employment change,-5.023224032e-05,-4.671813753e-05,-3.03311952e-05,-1.251059994e-05
stationary,11,1,4,Supply shock,Inflation,0,0,0,0
stationary,11,1,5,Supply shock,Interest rate,0,0,0,0
stationary,11,2,1,Demand shock,GDP growth,1.62539768e-06,-4.04730098e-05,-1.636912478e-05,7.296778348e-06
stationary,11,2,2,Demand shock,Energy demand growth,7.104932591e-06,-4.190835209e-05,-1.675541169e-05,7.053598585e-06
stationary,11,2,3,Demand shock,Employment change,4.837784147e-07,-4.010954471e-05,-1.671952755e-05,5.222715963e-06
stationary,11,2,4,Demand shock,Inflation,0,0,0,0
stationary,11,2,5,Demand shock,Interest rate,0,0,0,0
stationary,11,3,1,Monetary policy shock,GDP growth,2.777088914e-06,-1.784475756e-07,7.474581231e-06,1.545695901e-05
stationary,11,3,2,Monetary policy shock,Energy demand growth,3.609669525e-06,-1.302546967e-06,6.466444684e-06,1.447628555e-05
stationary,11,3,3,Monetary policy shock,Employment change,2.654530767e-06,-1.773816569e-06,5.07900049e-06,1.272171102e-05
stationary,11,3,4,Monetary policy shock,Inflation,0,0,0,0
stationary,11,3,5,Monetary policy shock,Interest rate,0,0,0,0
stationary,11,4,1,Unrestricted shock 4,GDP growth,2.403067467e-05,-3.628316412e-05,4.916226653e-07,3.650095651e-05
stationary,11,4,2,Unrestricted shock 4,Energy demand growth,2.316664389e-05,-3.72045279e-05,8.521426574e-07,3.754316083e-05
stationary,11,4,3,Unrestricted shock 4,Employment change,2.184691636e-05,-3.542836945e-05,7.803353016e-07,3.584948854e-05
stationary,11,4,4,Unrestricted shock 4,Inflation,0,0,0,0
stationary,11,4,5,Unrestricted shock 4,Interest rate,0,0,0,0
stationary,11,5,1,Unrestricted shock 5,GDP growth,5.528224504e-06,-3.609999333e-05,-2.540519259e-07,3.650438531e-05
stationary,11,5,2,Unrestricted shock 5,Energy demand growth,4.403686042e-06,-3.708618573e-05,1.704967068e-07,3.7408619e-05
stationary,11,5,3,Unrestricted shock 5,Employment change,2.41409698e-06,-3.494703239e-05,-1.129268022e-07,3.535807231e-05
stationary,11,5,4,Unrestricted shock 5,Inflation,0,0,0,0
stationary,11,5,5,Unrestricted shock 5,Interest rate,0,0,0,0
stationary,12,1,1,Supply shock,GDP growth,-2.029871276e-05,-1.930971321e-05,-1.261710771e-05,-5.128736642e-06
stationary,12,1,2,Supply shock,Energy demand growth,-2.081023177e-05,-1.969785622e-05,-1.281207557e-05,-5.215537212e-06
stationary,12,1,3,Supply shock,Employment change,-1.988872983e-05,-1.849737161e-05,-1.200919854e-05,-4.953391301e-06
stationary,12,1,4,Supply shock,Inflation,0,0,0,0
stationary,12,1,5,Supply shock,Interest rate,0,0,0,0
stationary,12,2,1,Demand shock,GDP growth,6.435527287e-07,-1.60247035e-05,-6.481118466e-06,2.889053968e-06
stationary,12,2,2,Demand shock,Energy demand growth,2.813095413e-06,-1.659300655e-05,-6.634063187e-06,2.792770454e-06
stationary,12,2,3,Demand shock,Employment change,1.91545074e-07,-1.588079475e-05,-6.619855383e-06,2.067858932e-06
stationary,12,2,4,Demand shock,Inflation,0,0,0,0
stationary,12,2,5,Demand shock,Interest rate,0,0,0,0
stationary,12,3,1,Monetary policy shock,GDP growth,1.099548234e-06,-7.065373947e-08,2.959452451e-06,6.11995961e-06
stationary,12,3,2,Monetary policy shock,Energy demand growth,1.429196498e-06,-5.157246533e-07,2.56029535e-06,5.731676122e-06
stationary,12,3,3,Monetary policy shock,Employment change,1.051023106e-06,-7.023170435e-07,2.010956866e-06,5.036977683e-06
stationary,12,3,4,Monetary policy shock,Inflation,0,0,0,0
stationary,12,3,5,Monetary policy shock,Interest rate,0,0,0,0
stationary,12,4,1,Unrestricted shock 4,GDP growth,9.514598459e-06,-1.436579464e-05,1.946508917e-07,1.445202639e-05
stationary,12,4,2,Unrestricted shock 4,Energy demand growth,9.172497952e-06,-1.473059532e-05,3.37393574e-07,1.486467213e-05
stationary,12,4,3,Unrestricted shock 4,Employment change,8.649970906e-06,-1.402735104e-05,3.089624889e-07,1.419408706e-05
stationary,12,4,4,Unrestricted shock 4,Inflation,0,0,0,0
stationary,12,4,5,Unrestricted shock 4,Interest rate,0,0,0,0
stationary,12,5,1,Unrestricted shock 5,GDP growth,2.188820625e-06,-1.429327081e-05,-1.005881897e-07,1.445338397e-05
stationary,12,5,2,Unrestricted shock 5,Energy demand growth,1.743575867e-06,-1.468373945e-05,6.750570782e-08,1.481140224e-05
stationary,12,5,3,Unrestricted shock 5,Employment change,9.558268221e-07,-1.383677259e-05,-4.471173586e-08,1.39995179e-05
stationary,12,5,4,Unrestricted shock 5,Inflation,0,0,0,0
stationary,12,5,5,Unrestricted shock 5,Interest rate,0,0,0,0
stationary,13,1,1,Supply shock,GDP growth,-8.036982057e-06,-7.645401972e-06,-4.995561513e-06,-2.030649177e-06
stationary,13,1,2,Supply shock,Energy demand growth,-8.239510616e-06,-7.799081591e-06,-5.072756221e-06,-2.065016609e-06
stationary,13,1,3,Supply shock,Employment change,-7.87465524e-06,-7.32376705e-06,-4.754868661e-06,-1.961223722e-06
stationary,13,1,4,Supply shock,Inflation,0,0,0,0
stationary,13,1,5,Supply shock,Interest rate,0,0,0,0
stationary,13,2,1,Demand shock,GDP growth,2.548054053e-07,-6.344749839e-06,-2.566105222e-06,1.14387918e-06
stationary,13,2,2,Demand shock,Energy demand growth,1.113804487e-06,-6.569761218e-06,-2.626661475e-06,1.105757113e-06
stationary,13,2,3,Demand shock,Employment change,7.583950474e-08,-6.287771248e-06,-2.6210361e-06,8.18738869e-07
stationary,13,2,4,Demand shock,Inflation,0,0,0,0
stationary,13,2,5,Demand shock,Interest rate,0,0,0,0
stationary,13,3,1,Monetary policy shock,GDP growth,4.353502377e-07,-2.797432739e-08,1.171752442e-06,2.423109591e-06
stationary,13,3,2,Monetary policy shock,Energy demand growth,5.658697055e-07,-2.041937257e-07,1.013711954e-06,2.269374353e-06
stationary,13,3,3,Monetary policy shock,Employment change,4.161374146e-07,-2.780722868e-07,7.962093183e-07,1.994318543e-06
stationary,13,3,4,Monetary policy shock,Inflation,0,0,0,0
stationary,13,3,5,Monetary policy shock,Interest rate,0,0,0,0
stationary,13,4,1,Unrestricted shock 4,GDP growth,3.7671678e-06,-5.68792884e-06,7.70692084e-08,5.722071057e-06
stationary,13,4,2,Unrestricted shock 4,Energy demand growth,3.631718046e-06,-5.832366398e-06,1.335861112e-07,5.885452177e-06
stationary,13,4,3,Unrestricted shock 4,Employment change,3.424831011e-06,-5.553926987e-06,1.223292338e-07,5.619943705e-06
stationary,13,4,4,Unrestricted shock 4,Inflation,0,0,0,0
stationary,13,4,5,Unrestricted shock 4,Interest rate,0,0,0,0
stationary,13,5,1,Unrestricted shock 5,GDP growth,8.666319037e-07,-5.659214079e-06,-3.982644048e-08,5.722608572e-06
stationary,13,5,2,Unrestricted shock 5,Energy demand growth,6.903436745e-07,-5.813814493e-06,2.672790974e-08,5.864360732e-06
stationary,13,5,3,Unrestricted shock 5,Employment change,3.784458211e-07,-5.478470201e-06,-1.770296585e-08,5.542906859e-06
stationary,13,5,4,Unrestricted shock 5,Inflation,0,0,0,0
stationary,13,5,5,Unrestricted shock 5,Interest rate,0,0,0,0
stationary,14,1,1,Supply shock,GDP growth,-3.182126933e-06,-3.027086455e-06,-1.977920409e-06,-8.040062042e-07
stationary,14,1,2,Supply shock,Energy demand growth,-3.26231519e-06,-3.08793368e-06,-2.008484538e-06,-8.176134924e-07
stationary,14,1,3,Supply shock,Employment change,-3.117855975e-06,-2.899739755e-06,-1.882621551e-06,-7.765181985e-07
stationary,14,1,4,Supply shock,Inflation,0,0,0,0
stationary,14,1,5,Supply shock,Interest rate,0,0,0,0
stationary,14,2,1,Demand shock,GDP growth,1.00886519e-07,-2.512112034e-06,-1.016012289e-06,4.529024353e-07
stationary,14,2,2,Demand shock,Energy demand growth,4.409947952e-07,-2.601202039e-06,-1.039988663e-06,4.378085539e-07
stationary,14,2,3,Demand shock,Employment change,3.002755623e-08,-2.489552184e-06,-1.037761377e-06,3.241678266e-07
stationary,14,2,4,Demand shock,Inflation,0,0,0,0
stationary,14,2,5,Demand shock,Interest rate,0,0,0,0
stationary,14,3,1,Monetary policy shock,GDP growth,1.72370637e-07,-1.107603078e-08,4.639384507e-07,9.59395235e-07
stationary,14,3,2,Monetary policy shock,Energy demand growth,2.240479346e-07,-8.084755563e-08,4.01364603e-07,8.985259889e-07
stationary,14,3,3,Monetary policy shock,Employment change,1.647635972e-07,-1.100987046e-07,3.152475765e-07,7.896216146e-07
stationary,14,3,4,Monetary policy shock,Inflation,0,0,0,0
stationary,14,3,5,Monetary policy shock,Interest rate,0,0,0,0
stationary,14,4,1,Unrestricted shock 4,GDP growth,1.491555665e-06,-2.252053249e-06,3.051443962e-08,2.265571366e-06
stationary,14,4,2,Unrestricted shock 4,Energy demand growth,1.437926292e-06,-2.309241213e-06,5.289149078e-08,2.330259761e-06
stationary,14,4,3,Unrestricted shock 4,Employment change,1.356012359e-06,-2.198997151e-06,4.843449281e-08,2.225135517e-06
stationary,14,4,4,Unrestricted shock 4,Inflation,0,0,0,0
stationary,14,4,5,Unrestricted shock 4,Interest rate,0,0,0,0
stationary,14,5,1,Unrestricted shock 5,GDP growth,3.431303818e-07,-2.240684054e-06,-1.576870372e-08,2.265784188e-06
stationary,14,5,2,Unrestricted shock 5,Energy demand growth,2.733316043e-07,-2.301895855e-06,1.058252972e-08,2.321908908e-06
stationary,14,5,3,Unrestricted shock 5,Employment change,1.498401554e-07,-2.169121127e-06,-7.009233568e-09,2.194633891e-06
stationary,14,5,4,Unrestricted shock 5,Inflation,0,0,0,0
stationary,14,5,5,Unrestricted shock 5,Interest rate,0,0,0,0
stationary,15,1,1,Supply shock,GDP growth,-1.259917186e-06,-1.198531149e-06,-7.831290103e-07,-3.183346409e-07
stationary,15,1,2,Supply shock,Energy demand growth,-1.291666568e-06,-1.222622728e-06,-7.952304357e-07,-3.2372225e-07
stationary,15,1,3,Supply shock,Employment change,-1.234470029e-06,-1.148110063e-06,-7.453968044e-07,-3.074511621e-07
stationary,15,1,4,Supply shock,Inflation,0,0,0,0
stationary,15,1,5,Supply shock,Interest rate,0,0,0,0
stationary,15,2,1,Demand shock,GDP growth,3.994455966e-08,-9.946344667e-07,-4.022753874e-07,1.79320176e-07
stationary,15,2,2,Demand shock,Energy demand growth,1.74605518e-07,-1.029908367e-06,-4.11768486e-07,1.733439718e-07
stationary,15,2,3,Demand shock,Employment change,1.188897707e-08,-9.857022201e-07,-4.108866243e-07,1.283495676e-07
stationary,15,2,4,Demand shock,Inflation,0,0,0,0
stationary,15,2,5,Demand shock,Interest rate,0,0,0,0
stationary,15,3,1,Monetary policy shock,GDP growth,6.824766343e-08,-4.385394367e-09,1.836897269e-07,3.798586826e-07
stationary,15,3,2,Monetary policy shock,Energy demand growth,8.870854283e-08,-3.201042162e-08,1.589145159e-07,3.55758384e-07
stationary,15,3,3,Monetary policy shock,Employment change,6.523576594e-08,-4.359199145e-08,1.248177234e-07,3.126392704e-07
stationary,15,3,4,Monetary policy shock,Inflation,0,0,0,0
stationary,15,3,5,Monetary policy shock,Interest rate,0,0,0,0
stationary,15,4,1,Unrestricted shock 4,GDP growth,5.905599166e-07,-8.916679479e-07,1.208175152e-08,8.970202512e-07
stationary,15,4,2,Unrestricted shock 4,Energy demand growth,5.693261412e-07,-9.143106962e-07,2.094162164e-08,9.226326864e-07
stationary,15,4,3,Unrestricted shock 4,Employment change,5.36893503e-07,-8.706611526e-07,1.917693768e-08,8.810102608e-07
stationary,15,4,4,Unrestricted shock 4,Inflation,0,0,0,0
stationary,15,4,5,Unrestricted shock 4,Interest rate,0,0,0,0
stationary,15,5,1,Unrestricted shock 5,GDP growth,1.358575174e-07,-8.871664794e-07,-6.243390424e-09,8.971045148e-07
stationary,15,5,2,Unrestricted shock 5,Energy demand growth,1.082216998e-07,-9.114024075e-07,4.189999752e-09,9.193262867e-07
stationary,15,5,3,Unrestricted shock 5,Employment change,5.932704473e-08,-8.588321724e-07,-2.775204767e-09,8.689335825e-07
stationary,15,5,4,Unrestricted shock 5,Inflation,0,0,0,0
stationary,15,5,5,Unrestricted shock 5,Interest rate,0,0,0,0
stationary,16,1,1,Supply shock,GDP growth,-4.988460074e-07,-4.745410929e-07,-3.100686175e-07,-1.26040002e-07
stationary,16,1,2,Supply shock,Energy demand growth,-5.114167164e-07,-4.840798057e-07,-3.148600021e-07,-1.28173148e-07
stationary,16,1,3,Supply shock,Employment change,-4.887705731e-07,-4.545775922e-07,-2.951290957e-07,-1.217308458e-07
stationary,16,1,4,Supply shock,Inflation,0,0,0,0
stationary,16,1,5,Supply shock,Interest rate,0,0,0,0
stationary,16,2,1,Demand shock,GDP growth,1.581547131e-08,-3.938111473e-07,-1.592751278e-07,7.099923301e-08
stationary,16,2,2,Demand shock,Energy demand growth,6.913253226e-08,-4.077773386e-07,-1.630337831e-07,6.863304127e-08
stationary,16,2,3,Demand shock,Employment change,4.707268708e-09,-3.902745533e-07,-1.626846227e-07,5.081815699e-08
stationary,16,2,4,Demand shock,Inflation,0,0,0,0
stationary,16,2,5,Demand shock,Interest rate,0,0,0,0
stationary,16,3,1,Monetary policy shock,GDP growth,2.702167634e-08,-1.736333543e-09,7.272929355e-08,1.503995575e-07
stationary,16,3,2,Monetary policy shock,Energy demand growth,3.512286594e-08,-1.267406398e-08,6.291990669e-08,1.408573924e-07
stationary,16,3,3,Monetary policy shock,Employment change,2.582915904e-08,-1.725961923e-08,4.941977432e-08,1.237850023e-07
stationary,16,3,4,Monetary policy shock,Inflation,0,0,0,0
stationary,16,3,5,Monetary policy shock,Interest rate,0,0,0,0
stationary,16,4,1,Unrestricted shock 4,GDP growth,2.33823667e-07,-3.530430418e-07,4.783594965e-09,3.551622089e-07
stationary,16,4,2,Unrestricted shock 4,Energy demand growth,2.254164604e-07,-3.620081108e-07,8.291532537e-09,3.653030826e-07
stationary,16,4,3,Unrestricted shock 4,Employment change,2.125752259e-07,-3.447257047e-07,7.59283142e-09,3.488232846e-07
stationary,16,4,4,Unrestricted shock 4,Inflation,0,0,0,0
stationary,16,4,5,Unrestricted shock 4,Interest rate,0,0,0,0
stationary,16,5,1,Unrestricted shock 5,GDP growth,5.379082123e-08,-3.512607504e-07,-2.471980238e-09,3.551955719e-07
stationary,16,5,2,Unrestricted shock 5,Energy demand growth,4.284881854e-08,-3.60856616e-07,1.658969868e-09,3.639939615e-07
stationary,16,5,3,Unrestricted shock 5,Employment change,2.348968625e-08,-3.400421908e-07,-1.098802233e-09,3.440416983e-07
stationary,16,5,4,Unrestricted shock 5,Inflation,0,0,0,0
stationary,16,5,5,Unrestricted shock 5,Interest rate,0,0,0,0
stationary,17,1,1,Supply shock,GDP growth,-1.975108697e-07,-1.878876899e-07,-1.227671895e-07,-4.990371785e-08
stationary,17,1,2,Supply shock,Energy demand growth,-2.024880603e-07,-1.916644054e-07,-1.24664269e-07,-5.074830619e-08
stationary,17,1,3,Supply shock,Employment change,-1.93521647e-07,-1.799834302e-07,-1.168521016e-07,-4.819756972e-08
stationary,17,1,4,Supply shock,Inflation,0,0,0,0
stationary,17,1,5,Supply shock,Interest rate,0,0,0,0
stationary,17,2,1,Demand shock,GDP growth,6.261907373e-09,-1.559238343e-07,-6.306268577e-08,2.811112056e-08
stationary,17,2,2,Demand shock,Energy demand growth,2.737202737e-08,-1.614535459e-07,-6.455087102e-08,2.717426113e-08
stationary,17,2,3,Demand shock,Employment change,1.863775038e-09,-1.54523571e-07,-6.441262601e-08,2.012071508e-08
stationary,17,2,4,Demand shock,Inflation,0,0,0,0
stationary,17,2,5,Demand shock,Interest rate,0,0,0,0
stationary,17,3,1,Monetary policy shock,GDP growth,1.069884236e-08,-6.874761809e-10,2.879611304e-08,5.954853191e-08
stationary,17,3,2,Monetary policy shock,Energy demand growth,1.390639134e-08,-5.018112526e-09,2.491222803e-08,5.577044952e-08
stationary,17,3,3,Monetary policy shock,Employment change,1.022668236e-08,-6.833696878e-09,1.956704566e-08,4.901088331e-08
stationary,17,3,4,Monetary policy shock,Inflation,0,0,0,0
stationary,17,3,5,Monetary policy shock,Interest rate,0,0,0,0
stationary,17,4,1,Unrestricted shock 4,GDP growth,9.257910283e-08,-1.397822919e-07,1.893995316e-09,1.406213455e-07
stationary,17,4,2,Unrestricted shock 4,Energy demand growth,8.925039083e-08,-1.433318815e-07,3.282912518e-09,1.446364779e-07
stationary,17,4,3,Unrestricted shock 4,Employment change,8.416608954e-08,-1.364891624e-07,3.006271905e-09,1.3811154e-07
stationary,17,4,4,Unrestricted shock 4,Inflation,0,0,0,0
stationary,17,4,5,Unrestricted shock 4,Interest rate,0,0,0,0
stationary,17,5,1,Unrestricted shock 5,GDP growth,2.129769853e-08,-1.390766193e-07,-9.78744862e-10,1.406345551e-07
stationary,17,5,2,Unrestricted shock 5,Energy demand growth,1.696537065e-08,-1.428759637e-07,6.568451515e-10,1.441181503e-07
stationary,17,5,3,Unrestricted shock 5,Employment change,9.300401906e-09,-1.346347928e-07,-4.350548696e-10,1.3621834e-07
stationary,17,5,4,Unrestricted shock 5,Inflation,0,0,0,0
stationary,17,5,5,Unrestricted shock 5,Interest rate,0,0,0,0
stationary,18,1,1,Supply shock,GDP growth,-7.820157534e-08,-7.439141634e-08,-4.860789501e-08,-1.975865611e-08
stationary,18,1,2,Supply shock,Energy demand growth,-8.017222207e-08,-7.58867523e-08,-4.935901623e-08,-2.009305866e-08
stationary,18,1,3,Supply shock,Employment change,-7.662210027e-08,-7.126183892e-08,-4.626590145e-08,-1.908313141e-08
stationary,18,1,4,Supply shock,Inflation,0,0,0,0
stationary,18,1,5,Supply shock,Interest rate,0,0,0,0
stationary,18,2,1,Demand shock,GDP growth,2.479311757e-09,-6.173578951e-08,-2.496875935e-08,1.113019206e-08
stationary,18,2,2,Demand shock,Energy demand growth,1.083755879e-08,-6.392519894e-08,-2.555798479e-08,1.07592561e-08
stationary,18,2,3,Demand shock,Employment change,7.379347997e-10,-6.118137548e-08,-2.550324868e-08,7.966506444e-09
stationary,18,2,4,Demand shock,Inflation,0,0,0,0
stationary,18,2,5,Demand shock,Interest rate,0,0,0,0
stationary,18,3,1,Monetary policy shock,GDP growth,4.236052062e-09,-2.721962617e-10,1.140140493e-08,2.35773809e-08
stationary,18,3,2,Monetary policy shock,Energy demand growth,5.50603474e-09,-1.986849157e-09,9.863636776e-09,2.208150375e-08
stationary,18,3,3,Monetary policy shock,Employment change,4.049107133e-09,-2.705703551e-09,7.747289038e-09,1.940515117e-08
stationary,18,3,4,Monetary policy shock,Inflation,0,0,0,0
stationary,18,3,5,Monetary policy shock,Interest rate,0,0,0,0
stationary,18,4,1,Unrestricted shock 4,GDP growth,3.665535825e-08,-5.5344779e-08,7.499000824e-10,5.567699015e-08
stationary,18,4,2,Unrestricted shock 4,Energy demand growth,3.533740282e-08,-5.67501877e-08,1.299821782e-09,5.726672383e-08
stationary,18,4,3,Unrestricted shock 4,Employment change,3.332434718e-08,-5.404091196e-08,1.190289928e-09,5.468326891e-08
stationary,18,4,4,Unrestricted shock 4,Inflation,0,0,0,0
stationary,18,4,5,Unrestricted shock 4,Interest rate,0,0,0,0
stationary,18,5,1,Unrestricted shock 5,GDP growth,8.432516041e-09,-5.506537815e-08,-3.875198879e-10,5.56822203e-08
stationary,18,5,2,Unrestricted shock 5,Energy demand growth,6.717193406e-09,-5.656967365e-08,2.600683481e-10,5.70614995e-08
stationary,18,5,3,Unrestricted shock 5,Employment change,3.682359769e-09,-5.330670109e-08,-1.722536902e-10,5.393368372e-08
stationary,18,5,4,Unrestricted shock 5,Inflation,0,0,0,0
stationary,18,5,5,Unrestricted shock 5,Interest rate,0,0,0,0
stationary,19,1,1,Supply shock,GDP growth,-3.096278396e-08,-2.945420655e-08,-1.924559378e-08,-7.823154427e-09
stationary,19,1,2,Supply shock,Energy demand growth,-3.174303306e-08,-3.004626322e-08,-1.954298937e-08,-7.955556286e-09
stationary,19,1,3,Supply shock,Employment change,-3.033741362e-08,-2.821509558e-08,-1.831831526e-08,-7.55569018e-09
stationary,19,1,4,Supply shock,Inflation,0,0,0,0
stationary,19,1,5,Supply shock,Interest rate,0,0,0,0
stationary,19,2,1,Demand shock,GDP growth,9.816476707e-10,-2.444339394e-08,-9.886019533e-09,4.406838744e-09
stationary,19,2,2,Demand shock,Energy demand growth,4.290974828e-09,-2.531025898e-08,-1.011931484e-08,4.259972011e-09
stationary,19,2,3,Demand shock,Employment change,2.921746228e-10,-2.422388172e-08,-1.009764286e-08,3.154223132e-09
stationary,19,2,4,Demand shock,Inflation,0,0,0,0
stationary,19,2,5,Demand shock,Interest rate,0,0,0,0
stationary,19,3,1,Monetary policy shock,GDP growth,1.677203615e-09,-1.077721773e-10,4.514221563e-09,9.335123336e-09
stationary,19,3,2,Monetary policy shock,Energy demand growth,2.180034908e-09,-7.866642189e-10,3.905364478e-09,8.742852394e-09
stationary,19,3,3,Monetary policy shock,Employment change,1.603185471e-09,-1.071284231e-09,3.067427167e-09,7.683189255e-09
stationary,19,3,4,Monetary policy shock,Inflation,0,0,0,0
stationary,19,3,5,Monetary policy shock,Interest rate,0,0,0,0
stationary,19,4,1,Unrestricted shock 4,GDP growth,1.451315953e-08,-2.191296566e-08,2.969121036e-10,2.204449987e-08
stationary,19,4,2,Unrestricted shock 4,Energy demand growth,1.399133412e-08,-2.246941693e-08,5.146456558e-10,2.267393195e-08
stationary,19,4,3,Unrestricted shock 4,Employment change,1.319429382e-08,-2.139671835e-08,4.712781006e-10,2.16510503e-08
stationary,19,4,4,Unrestricted shock 4,Inflation,0,0,0,0
stationary,19,4,5,Unrestricted shock 4,Interest rate,0,0,0,0
stationary,19,5,1,Unrestricted shock 5,GDP growth,3.338732899e-09,-2.180234093e-08,-1.53432901e-10,2.204657067e-08
stationary,19,5,2,Unrestricted shock 5,Energy demand growth,2.659575684e-09,-2.2397945e-08,1.029703051e-10,2.259267634e-08
stationary,19,5,3,Unrestricted shock 5,Employment change,1.457977151e-09,-2.110601816e-08,-6.820136005e-11,2.135426287e-08
stationary,19,5,4,Unrestricted shock 5,Inflation,0,0,0,0
stationary,19,5,5,Unrestricted shock 5,Interest rate,0,0,0,0
stationary,20,1,1,Supply shock,GDP growth,-1.225926698e-08,-1.166196755e-08,-7.62001481e-09,-3.097464972e-09
stationary,20,1,2,Supply shock,Energy demand growth,-1.256819534e-08,-1.189638383e-08,-7.737764299e-09,-3.149887575e-09
stationary,20,1,3,Supply shock,Employment change,-1.201166063e-08,-1.117135946e-08,-7.252872278e-09,-2.991566368e-09
stationary,20,1,4,Supply shock,Inflation,0,0,0,0
stationary,20,1,5,Supply shock,Interest rate,0,0,0,0
stationary,20,2,1,Demand shock,GDP growth,3.886692131e-10,-9.67800869e-09,-3.914226608e-09,1.744824134e-09
stationary,20,2,2,Demand shock,Energy demand growth,1.69894949e-09,-1.002123138e-08,-4.006596512e-09,1.686674373e-09
stationary,20,2,3,Demand shock,Employment change,1.156823208e-10,-9.591095996e-09,-3.998015808e-09,1.248869079e-09
stationary,20,2,4,Demand shock,Inflation,0,0,0,0
stationary,20,2,5,Demand shock,Interest rate,0,0,0,0
stationary,20,3,1,Monetary policy shock,GDP growth,6.640645402e-10,-4.267083659e-11,1.78734081e-09,3.696107218e-09
stationary,20,3,2,Monetary policy shock,Energy demand growth,8.631533262e-10,-3.114683323e-10,1.546272643e-09,3.461606095e-09
stationary,20,3,3,Monetary policy shock,Employment change,6.347581255e-10,-4.24159514e-10,1.214503471e-09,3.042047784e-09
stationary,20,3,4,Monetary policy shock,Inflation,0,0,0,0
stationary,20,3,5,Monetary policy shock,Interest rate,0,0,0,0
stationary,20,4,1,Unrestricted shock 4,GDP growth,5.746275839e-09,-8.676122171e-09,1.175580579e-10,8.72820124e-09
stationary,20,4,2,Unrestricted shock 4,Energy demand growth,5.539666607e-09,-8.896441013e-09,2.037665122e-10,8.977415779e-09
stationary,20,4,3,Unrestricted shock 4,Employment change,5.224090016e-09,-8.471721504e-09,1.865957552e-10,8.572420568e-09
stationary,20,4,4,Unrestricted shock 4,Inflation,0,0,0,0
stationary,20,4,5,Unrestricted shock 4,Interest rate,0,0,0,0
stationary,20,5,1,Unrestricted shock 5,GDP growth,1.321923056e-09,-8.632321908e-09,-6.074954046e-11,8.729021143e-09
stationary,20,5,2,Unrestricted shock 5,Energy demand growth,1.053020568e-09,-8.868142735e-09,4.076960468e-11,8.945243795e-09
stationary,20,5,3,Unrestricted shock 5,Employment change,5.772649889e-10,-8.356622966e-09,-2.700334319e-11,8.454911873e-09
stationary,20,5,4,Unrestricted shock 5,Inflation,0,0,0,0
stationary,20,5,5,Unrestricted shock 5,Interest rate,0,0,0,0
cointegrated,0,1,1,Supply shock,GDP growth,0,0,0,0
cointegrated,0,1,2,Supply shock,Energy demand growth,0,0,0,0
cointegrated,0,1,3,Supply shock,Employment change,0,0,0,0
cointegrated,0,1,4,Supply shock,Inflation,0,0,0,0
cointegrated,0,1,5,Supply shock,Interest rate,0,0,0,0
cointegrated,0,2,1,Demand shock,GDP growth,0,0,0,0
cointegrated,0,2,2,Demand shock,Energy demand growth,0,0,0,0
cointegrated,0,2,3,Demand shock,Employment change,0,0,0,0
cointegrated,0,2,4,Demand shock,Inflation,0,0,0,0
cointegrated,0,2,5,Demand shock,Interest rate,0,0,0,0
cointegrated,0,3,1,Monetary policy shock,GDP growth,0,0,0,0
cointegrated,0,3,2,Monetary policy shock,Energy demand growth,0,0,0,0
cointegrated,0,3,3,Monetary policy shock,Employment change,0,0,0,0
cointegrated,0,3,4,Monetary policy shock,Inflation,0,0,0,0
cointegrated,0,3,5,Monetary policy shock,Interest rate,0,0,0,0
cointegrated,0,4,1,Unrestricted shock 4,GDP growth,0,0,0,0
cointegrated,0,4,2,Unrestricted shock 4,Energy demand growth,0,0,0,0
cointegrated,0,4,3,Unrestricted shock 4,Employment change,0,0,0,0
cointegrated,0,4,4,Unrestricted shock 4,Inflation,0,0,0,0
cointegrated,0,4,5,Unrestricted shock 4,Interest rate,0,0,0,0
cointegrated,0,5,1,Unrestricted shock 5,GDP growth,0,0,0,0
cointegrated,0,5,2,Unrestricted shock 5,Energy demand growth,0,0,0,0
cointegrated,0,5,3,Unrestricted shock 5,Employment change,0,0,0,0
cointegrated,0,5,4,Unrestricted shock 5,Inflation,0,0,0,0
cointegrated,0,5,5,Unrestricted shock 5,Interest rate,0,0,0,0
cointegrated,1,1,1,Supply shock,GDP growth,0,0,0,0
cointegrated,1,1,2,Supply shock,Energy demand growth,0,0,0,0
cointegrated,1,1,3,Supply shock,Employment change,0,0,0,0
cointegrated,1,1,4,Supply shock,Inflation,-0.01255335686,-0.002684105292,0.004210686431,0.01289375402
cointegrated,1,1,5,Supply shock,Interest rate,0.0698642602,-0.07175870135,-0.02343408984,0.01493807853
cointegrated,1,2,1,Demand shock,GDP growth,0,0,0,0
cointegrated,1,2,2,Demand shock,Energy demand growth,0,0,0,0
cointegrated,1,2,3,Demand shock,Employment change,0,0,0,0
cointegrated,1,2,4,Demand shock,Inflation,-0.001394103619,-0.01942889081,-0.01291228287,-0.005161101021
cointegrated,1,2,5,Demand shock,Interest rate,0.007758722952,0.02872351266,0.07186182155,0.1081292517
cointegrated,1,3,1,Monetary policy shock,GDP growth,0,0,0,0
cointegrated,1,3,2,Monetary policy shock,Energy demand growth,0,0,0,0
cointegrated,1,3,3,Monetary policy shock,Employment change,0,0,0,0
cointegrated,1,3,4,Monetary policy shock,Inflation,-0.008171455427,-0.001088358136,-5.902119428e-05,0.0009079556457
cointegrated,1,3,5,Monetary policy shock,Interest rate,0.04547729302,-0.00505312246,0.0003284756517,0.006057131716
cointegrated,1,4,1,Unrestricted shock 4,GDP growth,0,0,0,0
cointegrated,1,4,2,Unrestricted shock 4,Energy demand growth,0,0,0,0
cointegrated,1,4,3,Unrestricted shock 4,Employment change,0,0,0,0
cointegrated,1,4,4,Unrestricted shock 4,Inflation,-0.01591013519,-0.01511877184,-0.0003232141092,0.0152046215
cointegrated,1,4,5,Unrestricted shock 4,Interest rate,0.088546023,-0.0846195679,0.001798810859,0.08414178147
cointegrated,1,5,1,Unrestricted shock 5,GDP growth,0,0,0,0
cointegrated,1,5,2,Unrestricted shock 5,Energy demand growth,0,0,0,0
cointegrated,1,5,3,Unrestricted shock 5,Employment change,0,0,0,0
cointegrated,1,5,4,Unrestricted shock 5,Inflation,-0.002499143586,-0.01514504612,0.0007649518389,0.01518524487
cointegrated,1,5,5,Unrestricted shock 5,Interest rate,0.01390869548,-0.0845117295,-0.004257251261,0.08428800798
cointegrated,2,1,1,Supply shock,GDP growth,0,0,0,0
cointegrated,2,1,2,Supply shock,Energy demand growth,0,0,0,0
cointegrated,2,1,3,Supply shock,Employment change,0,0,0,0
cointegrated,2,1,4,Supply shock,Inflation,0.04864059104,-0.0499595306,-0.01631517999,0.01040012399
cointegrated,2,1,5,Supply shock,Interest rate,0.1044371111,-0.1072690306,-0.03503062421,0.02233029825
cointegrated,2,2,1,Demand shock,GDP growth,0,0,0,0
cointegrated,2,2,2,Demand shock,Energy demand growth,0,0,0,0
cointegrated,2,2,3,Demand shock,Employment change,0,0,0,0
cointegrated,2,2,4,Demand shock,Inflation,0.00540174431,0.01999775892,0.0500313245,0.07528127677
cointegrated,2,2,5,Demand shock,Interest rate,0.01159818495,0.04293755742,0.1074231806,0.1616378194
cointegrated,2,3,1,Monetary policy shock,GDP growth,0,0,0,0
cointegrated,2,3,2,Monetary policy shock,Energy demand growth,0,0,0,0
cointegrated,2,3,3,Monetary policy shock,Employment change,0,0,0,0
cointegrated,2,3,4,Monetary policy shock,Inflation,0.03166200293,-0.003518062917,0.000228689888,0.00421706987
cointegrated,2,3,5,Monetary policy shock,Interest rate,0.0679820711,-0.007553697847,0.0004910242811,0.009054548583
cointegrated,2,4,1,Unrestricted shock 4,GDP growth,0,0,0,0
cointegrated,2,4,2,Unrestricted shock 4,Energy demand growth,0,0,0,0
cointegrated,2,4,3,Unrestricted shock 4,Employment change,0,0,0,0
cointegrated,2,4,4,Unrestricted shock 4,Inflation,0.06164712658,-0.05891346711,0.001252360264,0.05858082473
cointegrated,2,4,5,Unrestricted shock 4,Interest rate,0.1323636838,-0.126494193,0.002688965846,0.1257799704
cointegrated,2,5,1,Unrestricted shock 5,GDP growth,0,0,0,0
cointegrated,2,5,2,Unrestricted shock 5,Energy demand growth,0,0,0,0
cointegrated,2,5,3,Unrestricted shock 5,Employment change,0,0,0,0
cointegrated,2,5,4,Unrestricted shock 5,Inflation,0.009683451403,-0.05883838833,-0.002963964936,0.05868262991
cointegrated,2,5,5,Unrestricted shock 5,Interest rate,0.02079151731,-0.12633299,-0.006363983842,0.1259985582
cointegrated,3,1,1,Supply shock,GDP growth,0,0,0,0
cointegrated,3,1,2,Supply shock,Energy demand growth,0,0,0,0
cointegrated,3,1,3,Supply shock,Employment change,0,0,0,0
cointegrated,3,1,4,Supply shock,Inflation,0.04864059104,-0.0499595306,-0.01631517999,0.01040012399
cointegrated,3,1,5,Supply shock,Interest rate,0.1044371111,-0.1072690306,-0.03503062421,0.02233029825
cointegrated,3,2,1,Demand shock,GDP growth,0,0,0,0
cointegrated,3,2,2,Demand shock,Energy demand growth,0,0,0,0
cointegrated,3,2,3,Demand shock,Employment change,0,0,0,0
cointegrated,3,2,4,Demand shock,Inflation,0.00540174431,0.01999775892,0.0500313245,0.07528127677
cointegrated,3,2,5,Demand shock,Interest rate,0.01159818495,0.04293755742,0.1074231806,0.1616378194
cointegrated,3,3,1,Monetary policy shock,GDP growth,0,0,0,0
cointegrated,3,3,2,Monetary policy shock,Energy demand growth,0,0,0,0
cointegrated,3,3,3,Monetary policy shock,Employment change,0,0,0,0
cointegrated,3,3,4,Monetary policy shock,Inflation,0.03166200293,-0.003518062917,0.000228689888,0.00421706987
cointegrated,3,3,5,Monetary policy shock,Interest rate,0.0679820711,-0.007553697847,0.0004910242811,0.009054548583
cointegrated,3,4,1,Unrestricted shock 4,GDP growth,0,0,0,0
cointegrated,3,4,2,Unrestricted shock 4,Energy demand growth,0,0,0,0
cointegrated,3,4,3,Unrestricted shock 4,Employment change,0,0,0,0
cointegrated,3,4,4,Unrestricted shock 4,Inflation,0.06164712658,-0.05891346711,0.001252360264,0.05858082473
cointegrated,3,4,5,Unrestricted shock 4,Interest rate,0.1323636838,-0.126494193,0.002688965846,0.1257799704
cointegrated,3,5,1,Unrestricted shock 5,GDP growth,0,0,0,0
cointegrated,3,5,2,Unrestricted shock 5,Energy demand growth,0,0,0,0
cointegrated,3,5,3,Unrestricted shock 5,Employment change,0,0,0,0
cointegrated,3,5,4,Unrestricted shock 5,Inflation,0.009683451403,-0.05883838833,-0.002963964936,0.05868262991
cointegrated,3,5,5,Unrestricted shock 5,Interest rate,0.02079151731,-0.12633299,-0.006363983842,0.1259985582
cointegrated,4,1,1,Supply shock,GDP growth,0,0,0,0
cointegrated,4,1,2,Supply shock,Energy demand growth,0,0,0,0
cointegrated,4,1,3,Supply shock,Employment change,0,0,0,0
cointegrated,4,1,4,Supply shock,Inflation,0.04864059104,-0.0499595306,-0.01631517999,0.01040012399
cointegrated,4,1,5,Supply shock,Interest rate,0.1044371111,-0.1072690306,-0.03503062421,0.02233029825
cointegrated,4,2,1,Demand shock,GDP growth,0,0,0,0
cointegrated,4,2,2,Demand shock,Energy demand growth,0,0,0,0
cointegrated,4,2,3,Demand shock,Employment change,0,0,0,0
cointegrated,4,2,4,Demand shock,Inflation,0.00540174431,0.01999775892,0.0500313245,0.07528127677
cointegrated,4,2,5,Demand shock,Interest rate,0.01159818495,0.04293755742,0.1074231806,0.1616378194
cointegrated,4,3,1,Monetary policy shock,GDP growth,0,0,0,0
cointegrated,4,3,2,Monetary policy shock,Energy demand growth,0,0,0,0
cointegrated,4,3,3,Monetary policy shock,Employment change,0,0,0,0
cointegrated,4,3,4,Monetary policy shock,Inflation,0.03166200293,-0.003518062917,0.000228689888,0.00421706987
cointegrated,4,3,5,Monetary policy shock,Interest rate,0.0679820711,-0.007553697847,0.0004910242811,0.009054548583
cointegrated,4,4,1,Unrestricted shock 4,GDP growth,0,0,0,0
cointegrated,4,4,2,Unrestricted shock 4,Energy demand growth,0,0,0,0
cointegrated,4,4,3,Unrestricted shock 4,Employment change,0,0,0,0
cointegrated,4,4,4,Unrestricted shock 4,Inflation,0.06164712658,-0.05891346711,0.001252360264,0.05858082473
cointegrated,4,4,5,Unrestricted shock 4,Interest rate,0.1323636838,-0.126494193,0.002688965846,0.1257799704
cointegrated,4,5,1,Unrestricted shock 5,GDP growth,0,0,0,0
cointegrated,4,5,2,Unrestricted shock 5,Energy demand growth,0,0,0,0
cointegrated,4,5,3,Unrestricted shock 5,Employment change,0,0,0,0
cointegrated,4,5,4,Unrestricted shock 5,Inflation,0.009683451403,-0.05883838833,-0.002963964936,0.05868262991
cointegrated,4,5,5,Unrestricted shock 5,Interest rate,0.02079151731,-0.12633299,-0.006363983842,0.1259985582
cointegrated,5,1,1,Supply shock,GDP growth,0,0,0,0
cointegrated,5,1,2,Supply shock,Energy demand growth,0,0,0,0
cointegrated,5,1,3,Supply shock,Employment change,0,0,0,0
cointegrated,5,1,4,Supply shock,Inflation,0.04864059104,-0.0499595306,-0.01631517999,0.01040012399
cointegrated,5,1,5,Supply shock,Interest rate,0.1044371111,-0.1072690306,-0.03503062421,0.02233029825
cointegrated,5,2,1,Demand shock,GDP growth,0,0,0,0
cointegrated,5,2,2,Demand shock,Energy demand growth,0,0,0,0
cointegrated,5,2,3,Demand shock,Employment change,0,0,0,0
cointegrated,5,2,4,Demand shock,Inflation,0.00540174431,0.01999775892,0.0500313245,0.07528127677
cointegrated,5,2,5,Demand shock,Interest rate,0.01159818495,0.04293755742,0.1074231806,0.1616378194
cointegrated,5,3,1,Monetary policy shock,GDP growth,0,0,0,0
cointegrated,5,3,2,Monetary policy shock,Energy demand growth,0,0,0,0
cointegrated,5,3,3,Monetary policy shock,Employment change,0,0,0,0
cointegrated,5,3,4,Monetary policy shock,Inflation,0.03166200293,-0.003518062917,0.000228689888,0.00421706987
cointegrated,5,3,5,Monetary policy shock,Interest rate,0.0679820711,-0.007553697847,0.0004910242811,0.009054548583
cointegrated,5,4,1,Unrestricted shock 4,GDP growth,0,0,0,0
cointegrated,5,4,2,Unrestricted shock 4,Energy demand growth,0,0,0,0
cointegrated,5,4,3,Unrestricted shock 4,Employment change,0,0,0,0
cointegrated,5,4,4,Unrestricted shock 4,Inflation,0.06164712658,-0.05891346711,0.001252360264,0.05858082473
cointegrated,5,4,5,Unrestricted shock 4,Interest rate,0.1323636838,-0.126494193,0.002688965846,0.1257799704
cointegrated,5,5,1,Unrestricted shock 5,GDP growth,0,0,0,0
cointegrated,5,5,2,Unrestricted shock 5,Energy demand growth,0,0,0,0
cointegrated,5,5,3,Unrestricted shock 5,Employment change,0,0,0,0
cointegrated,5,5,4,Unrestricted shock 5,Inflation,0.009683451403,-0.05883838833,-0.002963964936,0.05868262991
cointegrated,5,5,5,Unrestricted shock 5,Interest rate,0.02079151731,-0.12633299,-0.006363983842,0.1259985582
cointegrated,6,1,1,Supply shock,GDP growth,0,0,0,0
cointegrated,6,1,2,Supply shock,Energy demand growth,0,0,0,0
cointegrated,6,1,3,Supply shock,Employment change,0,0,0,0
cointegrated,6,1,4,Supply shock,Inflation,0.04864059104,-0.0499595306,-0.01631517999,0.01040012399
cointegrated,6,1,5,Supply shock,Interest rate,0.1044371111,-0.1072690306,-0.03503062421,0.02233029825
cointegrated,6,2,1,Demand shock,GDP growth,0,0,0,0
cointegrated,6,2,2,Demand shock,Energy demand growth,0,0,0,0
cointegrated,6,2,3,Demand shock,Employment change,0,0,0,0
cointegrated,6,2,4,Demand shock,Inflation,0.00540174431,0.01999775892,0.0500313245,0.07528127677
cointegrated,6,2,5,Demand shock,Interest rate,0.01159818495,0.04293755742,0.1074231806,0.1616378194
cointegrated,6,3,1,Monetary policy shock,GDP growth,0,0,0,0
cointegrated,6,3,2,Monetary policy shock,Energy demand growth,0,0,0,0
cointegrated,6,3,3,Monetary policy shock,Employment change,0,0,0,0
cointegrated,6,3,4,Monetary policy shock,Inflation,0.03166200293,-0.003518062917,0.000228689888,0.00421706987
cointegrated,6,3,5,Monetary policy shock,Interest rate,0.0679820711,-0.007553697847,0.0004910242811,0.009054548583
cointegrated,6,4,1,Unrestricted shock 4,GDP growth,0,0,0,0
cointegrated,6,4,2,Unrestricted shock 4,Energy demand growth,0,0,0,0
cointegrated,6,4,3,Unrestricted shock 4,Employment change,0,0,0,0
cointegrated,6,4,4,Unrestricted shock 4,Inflation,0.06164712658,-0.05891346711,0.001252360264,0.05858082473
cointegrated,6,4,5,Unrestricted shock 4,Interest rate,0.1323636838,-0.126494193,0.002688965846,0.1257799704
cointegrated,6,5,1,Unrestricted shock 5,GDP growth,0,0,0,0
cointegrated,6,5,2,Unrestricted shock 5,Energy demand growth,0,0,0,0
cointegrated,6,5,3,Unrestricted shock 5,Employment change,0,0,0,0
cointegrated,6,5,4,Unrestricted shock 5,Inflation,0.009683451403,-0.05883838833,-0.002963964936,0.05868262991
cointegrated,6,5,5,Unrestricted shock 5,Interest rate,0.02079151731,-0.12633299,-0.006363983842,0.1259985582
cointegrated,7,1,1,Supply shock,GDP growth,0,0,0,0
cointegrated,7,1,2,Supply shock,Energy demand growth,0,0,0,0
cointegrated,7,1,3,Supply shock,Employment change,0,0,0,0
cointegrated,7,1,4,Supply shock,Inflation,0.04864059104,-0.0499595306,-0.01631517999,0.01040012399
cointegrated,7,1,5,Supply shock,Interest rate,0.1044371111,-0.1072690306,-0.03503062421,0.02233029825
cointegrated,7,2,1,Demand shock,GDP growth,0,0,0,0
cointegrated,7,2,2,Demand shock,Energy demand growth,0,0,0,0
cointegrated,7,2,3,Demand shock,Employment change,0,0,0,0
cointegrated,7,2,4,Demand shock,Inflation,0.00540174431,0.01999775892,0.0500313245,0.07528127677
cointegrated,7,2,5,Demand shock,Interest rate,0.01159818495,0.04293755742,0.1074231806,0.1616378194
cointegrated,7,3,1,Monetary policy shock,GDP growth,0,0,0,0
cointegrated,7,3,2,Monetary policy shock,Energy demand growth,0,0,0,0
cointegrated,7,3,3,Monetary policy shock,Employment change,0,0,0,0
cointegrated,7,3,4,Monetary policy shock,Inflation,0.03166200293,-0.003518062917,0.000228689888,0.00421706987
cointegrated,7,3,5,Monetary policy shock,Interest rate,0.0679820711,-0.007553697847,0.0004910242811,0.009054548583
cointegrated,7,4,1,Unrestricted shock 4,GDP growth,0,0,0,0
cointegrated,7,4,2,Unrestricted shock 4,Energy demand growth,0,0,0,0
cointegrated,7,4,3,Unrestricted shock 4,Employment change,0,0,0,0
cointegrated,7,4,4,Unrestricted shock 4,Inflation,0.06164712658,-0.05891346711,0.001252360264,0.05858082473
cointegrated,7,4,5,Unrestricted shock 4,Interest rate,0.1323636838,-0.126494193,0.002688965846,0.1257799704
cointegrated,7,5,1,Unrestricted shock 5,GDP growth,0,0,0,0
cointegrated,7,5,2,Unrestricted shock 5,Energy demand growth,0,0,0,0
cointegrated,7,5,3,Unrestricted shock 5,Employment change,0,0,0,0
cointegrated,7,5,4,Unrestricted shock 5,Inflation,0.009683451403,-0.05883838833,-0.002963964936,0.05868262991
cointegrated,7,5,5,Unrestricted shock 5,Interest rate,0.02079151731,-0.12633299,-0.006363983842,0.1259985582
cointegrated,8,1,1,Supply shock,GDP growth,0,0,0,0
cointegrated,8,1,2,Supply shock,Energy demand growth,0,0,0,0
cointegrated,8,1,3,Supply shock,Employment change,0,0,0,0
cointegrated,8,1,4,Supply shock,Inflation,0.04864059104,-0.0499595306,-0.01631517999,0.01040012399
cointegrated,8,1,5,Supply shock,Interest rate,0.1044371111,-0.1072690306,-0.03503062421,0.02233029825
cointegrated,8,2,1,Demand shock,GDP growth,0,0,0,0
cointegrated,8,2,2,Demand shock,Energy demand growth,0,0,0,0
cointegrated,8,2,3,Demand shock,Employment change,0,0,0,0
cointegrated,8,2,4,Demand shock,Inflation,0.00540174431,0.01999775892,0.0500313245,0.07528127677
cointegrated,8,2,5,Demand shock,Interest rate,0.01159818495,0.04293755742,0.1074231806,0.1616378194
cointegrated,8,3,1,Monetary policy shock,GDP growth,0,0,0,0
cointegrated,8,3,2,Monetary policy shock,Energy demand growth,0,0,0,0
cointegrated,8,3,3,Monetary policy shock,Employment change,0,0,0,0
cointegrated,8,3,4,Monetary policy shock,Inflation,0.03166200293,-0.003518062917,0.000228689888,0.00421706987
cointegrated,8,3,5,Monetary policy shock,Interest rate,0.0679820711,-0.007553697847,0.0004910242811,0.009054548583
cointegrated,8,4,1,Unrestricted shock 4,GDP growth,0,0,0,0
cointegrated,8,4,2,Unrestricted shock 4,Energy demand growth,0,0,0,0
cointegrated,8,4,3,Unrestricted shock 4,Employment change,0,0,0,0
cointegrated,8,4,4,Unrestricted shock 4,Inflation,0.06164712658,-0.05891346711,0.001252360264,0.05858082473
cointegrated,8,4,5,Unrestricted shock 4,Interest rate,0.1323636838,-0.126494193,0.002688965846,0.1257799704
cointegrated,8,5,1,Unrestricted shock 5,GDP growth,0,0,0,0
cointegrated,8,5,2,Unrestricted shock 5,Energy demand growth,0,0,0,0
cointegrated,8,5,3,Unrestricted shock 5,Employment change,0,0,0,0
cointegrated,8,5,4,Unrestricted shock 5,Inflation,0.009683451403,-0.05883838833,-0.002963964936,0.05868262991
cointegrated,8,5,5,Unrestricted shock 5,Interest rate,0.02079151731,-0.12633299,-0.006363983842,0.1259985582
cointegrated,9,1,1,Supply shock,GDP growth,0,0,0,0
cointegrated,9,1,2,Supply shock,Energy demand growth,0,0,0,0
cointegrated,9,1,3,Supply shock,Employment change,0,0,0,0
cointegrated,9,1,4,Supply shock,Inflation,0.04864059104,-0.0499595306,-0.01631517999,0.01040012399
cointegrated,9,1,5,Supply shock,Interest rate,0.1044371111,-0.1072690306,-0.03503062421,0.02233029825
cointegrated,9,2,1,Demand shock,GDP growth,0,0,0,0
cointegrated,9,2,2,Demand shock,Energy demand growth,0,0,0,0
cointegrated,9,2,3,Demand shock,Employment change,0,0,0,0
cointegrated,9,2,4,Demand shock,Inflation,0.00540174431,0.01999775892,0.0500313245,0.07528127677
cointegrated,9,2,5,Demand shock,Interest rate,0.01159818495,0.04293755742,0.1074231806,0.1616378194
cointegrated,9,3,1,Monetary policy shock,GDP growth,0,0,0,0
cointegrated,9,3,2,Monetary policy shock,Energy demand growth,0,0,0,0
cointegrated,9,3,3,Monetary policy shock,Employment change,0,0,0,0
cointegrated,9,3,4,Monetary policy shock,Inflation,0.03166200293,-0.003518062917,0.000228689888,0.00421706987
cointegrated,9,3,5,Monetary policy shock,Interest rate,0.0679820711,-0.007553697847,0.0004910242811,0.009054548583
cointegrated,9,4,1,Unrestricted shock 4,GDP growth,0,0,0,0
cointegrated,9,4,2,Unrestricted shock 4,Energy demand growth,0,0,0,0
cointegrated,9,4,3,Unrestricted shock 4,Employment change,0,0,0,0
cointegrated,9,4,4,Unrestricted shock 4,Inflation,0.06164712658,-0.05891346711,0.001252360264,0.05858082473
cointegrated,9,4,5,Unrestricted shock 4,Interest rate,0.1323636838,-0.126494193,0.002688965846,0.1257799704
cointegrated,9,5,1,Unrestricted shock 5,GDP growth,0,0,0,0
cointegrated,9,5,2,Unrestricted shock 5,Energy demand growth,0,0,0,0
cointegrated,9,5,3,Unrestricted shock 5,Employment change,0,0,0,0
cointegrated,9,5,4,Unrestricted shock 5,Inflation,0.009683451403,-0.05883838833,-0.002963964936,0.05868262991
cointegrated,9,5,5,Unrestricted shock 5,Interest rate,0.02079151731,-0.12633299,-0.006363983842,0.1259985582
cointegrated,10,1,1,Supply shock,GDP growth,0,0,0,0
cointegrated,10,1,2,Supply shock,Energy demand growth,0,0,0,0
cointegrated,10,1,3,Supply shock,Employment change,0,0,0,0
cointegrated,10,1,4,Supply shock,Inflation,0.04864059104,-0.0499595306,-0.01631517999,0.01040012399
cointegrated,10,1,5,Supply shock,Interest rate,0.1044371111,-0.1072690306,-0.03503062421,0.02233029825
cointegrated,10,2,1,Demand shock,GDP growth,0,0,0,0
cointegrated,10,2,2,Demand shock,Energy demand growth,0,0,0,0
cointegrated,10,2,3,Demand shock,Employment change,0,0,0,0
cointegrated,10,2,4,Demand shock,Inflation,0.00540174431,0.01999775892,0.0500313245,0.07528127677
cointegrated,10,2,5,Demand shock,Interest rate,0.01159818495,0.04293755742,0.1074231806,0.1616378194
cointegrated,10,3,1,Monetary policy shock,GDP growth,0,0,0,0
cointegrated,10,3,2,Monetary policy shock,Energy demand growth,0,0,0,0
cointegrated,10,3,3,Monetary policy shock,Employment change,0,0,0,0
cointegrated,10,3,4,Monetary policy shock,Inflation,0.03166200293,-0.003518062917,0.000228689888,0.00421706987
cointegrated,10,3,5,Monetary policy shock,Interest rate,0.0679820711,-0.007553697847,0.0004910242811,0.009054548583
cointegrated,10,4,1,Unrestricted shock 4,GDP growth,0,0,0,0
cointegrated,10,4,2,Unrestricted shock 4,Energy demand growth,0,0,0,0
cointegrated,10,4,3,Unrestricted shock 4,Employment change,0,0,0,0
cointegrated,10,4,4,Unrestricted shock 4,Inflation,0.06164712658,-0.05891346711,0.001252360264,0.05858082473
cointegrated,10,4,5,Unrestricted shock 4,Interest rate,0.1323636838,-0.126494193,0.002688965846,0.1257799704
cointegrated,10,5,1,Unrestricted shock 5,GDP growth,0,0,0,0
cointegrated,10,5,2,Unrestricted shock 5,Energy demand growth,0,0,0,0
cointegrated,10,5,3,Unrestricted shock 5,Employment change,0,0,0,0
cointegrated,10,5,4,Unrestricted shock 5,Inflation,0.009683451403,-0.05883838833,-0.002963964936,0.05868262991
cointegrated,10,5,5,Unrestricted shock 5,Interest rate,0.02079151731,-0.12633299,-0.006363983842,0.1259985582
cointegrated,11,1,1,Supply shock,GDP growth,0,0,0,0
cointegrated,11,1,2,Supply shock,Energy demand growth,0,0,0,0
cointegrated,11,1,3,Supply shock,Employment change,0,0,0,0
cointegrated,11,1,4,Supply shock,Inflation,0.04864059104,-0.0499595306,-0.01631517999,0.01040012399
cointegrated,11,1,5,Supply shock,Interest rate,0.1044371111,-0.1072690306,-0.03503062421,0.02233029825
cointegrated,11,2,1,Demand shock,GDP growth,0,0,0,0
cointegrated,11,2,2,Demand shock,Energy demand growth,0,0,0,0
cointegrated,11,2,3,Demand shock,Employment change,0,0,0,0
cointegrated,11,2,4,Demand shock,Inflation,0.00540174431,0.01999775892,0.0500313245,0.07528127677
cointegrated,11,2,5,Demand shock,Interest rate,0.01159818495,0.04293755742,0.1074231806,0.1616378194
cointegrated,11,3,1,Monetary policy shock,GDP growth,0,0,0,0
cointegrated,11,3,2,Monetary policy shock,Energy demand growth,0,0,0,0
cointegrated,11,3,3,Monetary policy shock,Employment change,0,0,0,0
cointegrated,11,3,4,Monetary policy shock,Inflation,0.03166200293,-0.003518062917,0.000228689888,0.00421706987
cointegrated,11,3,5,Monetary policy shock,Interest rate,0.0679820711,-0.007553697847,0.0004910242811,0.009054548583
cointegrated,11,4,1,Unrestricted shock 4,GDP growth,0,0,0,0
cointegrated,11,4,2,Unrestricted shock 4,Energy demand growth,0,0,0,0
cointegrated,11,4,3,Unrestricted shock 4,Employment change,0,0,0,0
cointegrated,11,4,4,Unrestricted shock 4,Inflation,0.06164712658,-0.05891346711,0.001252360264,0.05858082473
cointegrated,11,4,5,Unrestricted shock 4,Interest rate,0.1323636838,-0.126494193,0.002688965846,0.1257799704
cointegrated,11,5,1,Unrestricted shock 5,GDP growth,0,0,0,0
cointegrated,11,5,2,Unrestricted shock 5,Energy demand growth,0,0,0,0
cointegrated,11,5,3,Unrestricted shock 5,Employment change,0,0,0,0
cointegrated,11,5,4,Unrestricted shock 5,Inflation,0.009683451403,-0.05883838833,-0.002963964936,0.05868262991
cointegrated,11,5,5,Unrestricted shock 5,Interest rate,0.02079151731,-0.12633299,-0.006363983842,0.1259985582
cointegrated,12,1,1,Supply shock,GDP growth,0,0,0,0
cointegrated,12,1,2,Supply shock,Energy demand growth,0,0,0,0
cointegrated,12,1,3,Supply shock,Employment change,0,0,0,0
cointegrated,12,1,4,Supply shock,Inflation,0.04864059104,-0.0499595306,-0.01631517999,0.01040012399
cointegrated,12,1,5,Supply shock,Interest rate,0.1044371111,-0.1072690306,-0.03503062421,0.02233029825
cointegrated,12,2,1,Demand shock,GDP growth,0,0,0,0
cointegrated,12,2,2,Demand shock,Energy demand growth,0,0,0,0
cointegrated,12,2,3,Demand shock,Employment change,0,0,0,0
cointegrated,12,2,4,Demand shock,Inflation,0.00540174431,0.01999775892,0.0500313245,0.07528127677
cointegrated,12,2,5,Demand shock,Interest rate,0.01159818495,0.04293755742,0.1074231806,0.1616378194
cointegrated,12,3,1,Monetary policy shock,GDP growth,0,0,0,0
cointegrated,12,3,2,Monetary policy shock,Energy demand growth,0,0,0,0
cointegrated,12,3,3,Monetary policy shock,Employment change,0,0,0,0
cointegrated,12,3,4,Monetary policy shock,Inflation,0.03166200293,-0.003518062917,0.000228689888,0.00421706987
cointegrated,12,3,5,Monetary policy shock,Interest rate,0.0679820711,-0.007553697847,0.0004910242811,0.009054548583
cointegrated,12,4,1,Unrestricted shock 4,GDP growth,0,0,0,0
cointegrated,12,4,2,Unrestricted shock 4,Energy demand growth,0,0,0,0
cointegrated,12,4,3,Unrestricted shock 4,Employment change,0,0,0,0
cointegrated,12,4,4,Unrestricted shock 4,Inflation,0.06164712658,-0.05891346711,0.001252360264,0.05858082473
cointegrated,12,4,5,Unrestricted shock 4,Interest rate,0.1323636838,-0.126494193,0.002688965846,0.1257799704
cointegrated,12,5,1,Unrestricted shock 5,GDP growth,0,0,0,0
cointegrated,12,5,2,Unrestricted shock 5,Energy demand growth,0,0,0,0
cointegrated,12,5,3,Unrestricted shock 5,Employment change,0,0,0,0
cointegrated,12,5,4,Unrestricted shock 5,Inflation,0.009683451403,-0.05883838833,-0.002963964936,0.05868262991
cointegrated,12,5,5,Unrestricted shock 5,Interest rate,0.02079151731,-0.12633299,-0.006363983842,0.1259985582
cointegrated,13,1,1,Supply shock,GDP growth,0,0,0,0
cointegrated,13,1,2,Supply shock,Energy demand growth,0,0,0,0
cointegrated,13,1,3,Supply shock,Employment change,0,0,0,0
cointegrated,13,1,4,Supply shock,Inflation,0.04864059104,-0.0499595306,-0.01631517999,0.01040012399
cointegrated,13,1,5,Supply shock,Interest rate,0.1044371111,-0.1072690306,-0.03503062421,0.02233029825
cointegrated,13,2,1,Demand shock,GDP growth,0,0,0,0
cointegrated,13,2,2,Demand shock,Energy demand growth,0,0,0,0
cointegrated,13,2,3,Demand shock,Employment change,0,0,0,0
cointegrated,13,2,4,Demand shock,Inflation,0.00540174431,0.01999775892,0.0500313245,0.07528127677
cointegrated,13,2,5,Demand shock,Interest rate,0.01159818495,0.04293755742,0.1074231806,0.1616378194
cointegrated,13,3,1,Monetary policy shock,GDP growth,0,0,0,0
cointegrated,13,3,2,Monetary policy shock,Energy demand growth,0,0,0,0
cointegrated,13,3,3,Monetary policy shock,Employment change,0,0,0,0
cointegrated,13,3,4,Monetary policy shock,Inflation,0.03166200293,-0.003518062917,0.000228689888,0.00421706987
cointegrated,13,3,5,Monetary policy shock,Interest rate,0.0679820711,-0.007553697847,0.0004910242811,0.009054548583
cointegrated,13,4,1,Unrestricted shock 4,GDP growth,0,0,0,0
cointegrated,13,4,2,Unrestricted shock 4,Energy demand growth,0,0,0,0
cointegrated,13,4,3,Unrestricted shock 4,Employment change,0,0,0,0
cointegrated,13,4,4,Unrestricted shock 4,Inflation,0.06164712658,-0.05891346711,0.001252360264,0.05858082473
cointegrated,13,4,5,Unrestricted shock 4,Interest rate,0.1323636838,-0.126494193,0.002688965846,0.1257799704
cointegrated,13,5,1,Unrestricted shock 5,GDP growth,0,0,0,0
cointegrated,13,5,2,Unrestricted shock 5,Energy demand growth,0,0,0,0
cointegrated,13,5,3,Unrestricted shock 5,Employment change,0,0,0,0
cointegrated,13,5,4,Unrestricted shock 5,Inflation,0.009683451403,-0.05883838833,-0.002963964936,0.05868262991
cointegrated,13,5,5,Unrestricted shock 5,Interest rate,0.02079151731,-0.12633299,-0.006363983842,0.1259985582
cointegrated,14,1,1,Supply shock,GDP growth,0,0,0,0
cointegrated,14,1,2,Supply shock,Energy demand growth,0,0,0,0
cointegrated,14,1,3,Supply shock,Employment change,0,0,0,0
cointegrated,14,1,4,Supply shock,Inflation,0.04864059104,-0.0499595306,-0.01631517999,0.01040012399
cointegrated,14,1,5,Supply shock,Interest rate,0.1044371111,-0.1072690306,-0.03503062421,0.02233029825
cointegrated,14,2,1,Demand shock,GDP growth,0,0,0,0
cointegrated,14,2,2,Demand shock,Energy demand growth,0,0,0,0
cointegrated,14,2,3,Demand shock,Employment change,0,0,0,0
cointegrated,14,2,4,Demand shock,Inflation,0.00540174431,0.01999775892,0.0500313245,0.07528127677
cointegrated,14,2,5,Demand shock,Interest rate,0.01159818495,0.04293755742,0.1074231806,0.1616378194
cointegrated,14,3,1,Monetary policy shock,GDP growth,0,0,0,0
cointegrated,14,3,2,Monetary policy shock,Energy demand growth,0,0,0,0
cointegrated,14,3,3,Monetary policy shock,Employment change,0,0,0,0
cointegrated,14,3,4,Monetary policy shock,Inflation,0.03166200293,-0.003518062917,0.000228689888,0.00421706987
cointegrated,14,3,5,Monetary policy shock,Interest rate,0.0679820711,-0.007553697847,0.0004910242811,0.009054548583
cointegrated,14,4,1,Unrestricted shock 4,GDP growth,0,0,0,0
cointegrated,14,4,2,Unrestricted shock 4,Energy demand growth,0,0,0,0
cointegrated,14,4,3,Unrestricted shock 4,Employment change,0,0,0,0
cointegrated,14,4,4,Unrestricted shock 4,Inflation,0.06164712658,-0.05891346711,0.001252360264,0.05858082473
cointegrated,14,4,5,Unrestricted shock 4,Interest rate,0.1323636838,-0.126494193,0.002688965846,0.1257799704
cointegrated,14,5,1,Unrestricted shock 5,GDP growth,0,0,0,0
cointegrated,14,5,2,Unrestricted shock 5,Energy demand growth,0,0,0,0
cointegrated,14,5,3,Unrestricted shock 5,Employment change,0,0,0,0
cointegrated,14,5,4,Unrestricted shock 5,Inflation,0.009683451403,-0.05883838833,-0.002963964936,0.05868262991
cointegrated,14,5,5,Unrestricted shock 5,Interest rate,0.02079151731,-0.12633299,-0.006363983842,0.1259985582
cointegrated,15,1,1,Supply shock,GDP growth,0,0,0,0
cointegrated,15,1,2,Supply shock,Energy demand growth,0,0,0,0
cointegrated,15,1,3,Supply shock,Employment change,0,0,0,0
cointegrated,15,1,4,Supply shock,Inflation,0.04864059104,-0.0499595306,-0.01631517999,0.01040012399
cointegrated,15,1,5,Supply shock,Interest rate,0.1044371111,-0.1072690306,-0.03503062421,0.02233029825
cointegrated,15,2,1,Demand shock,GDP growth,0,0,0,0
cointegrated,15,2,2,Demand shock,Energy demand growth,0,0,0,0
cointegrated,15,2,3,Demand shock,Employment change,0,0,0,0
cointegrated,15,2,4,Demand shock,Inflation,0.00540174431,0.01999775892,0.0500313245,0.07528127677
cointegrated,15,2,5,Demand shock,Interest rate,0.01159818495,0.04293755742,0.1074231806,0.1616378194
cointegrated,15,3,1,Monetary policy shock,GDP growth,0,0,0,0
cointegrated,15,3,2,Monetary policy shock,Energy demand growth,0,0,0,0
cointegrated,15,3,3,Monetary policy shock,Employment change,0,0,0,0
cointegrated,15,3,4,Monetary policy shock,Inflation,0.03166200293,-0.003518062917,0.000228689888,0.00421706987
cointegrated,15,3,5,Monetary policy shock,Interest rate,0.0679820711,-0.007553697847,0.0004910242811,0.009054548583
cointegrated,15,4,1,Unrestricted shock 4,GDP growth,0,0,0,0
cointegrated,15,4,2,Unrestricted shock 4,Energy demand growth,0,0,0,0
cointegrated,15,4,3,Unrestricted shock 4,Employment change,0,0,0,0
cointegrated,15,4,4,Unrestricted shock 4,Inflation,0.06164712658,-0.05891346711,0.001252360264,0.05858082473
cointegrated,15,4,5,Unrestricted shock 4,Interest rate,0.1323636838,-0.126494193,0.002688965846,0.1257799704
cointegrated,15,5,1,Unrestricted shock 5,GDP growth,0,0,0,0
cointegrated,15,5,2,Unrestricted shock 5,Energy demand growth,0,0,0,0
cointegrated,15,5,3,Unrestricted shock 5,Employment change,0,0,0,0
cointegrated,15,5,4,Unrestricted shock 5,Inflation,0.009683451403,-0.05883838833,-0.002963964936,0.05868262991
cointegrated,15,5,5,Unrestricted shock 5,Interest rate,0.02079151731,-0.12633299,-0.006363983842,0.1259985582
cointegrated,16,1,1,Supply shock,GDP growth,0,0,0,0
cointegrated,16,1,2,Supply shock,Energy demand growth,0,0,0,0
cointegrated,16,1,3,Supply shock,Employment change,0,0,0,0
cointegrated,16,1,4,Supply shock,Inflation,0.04864059104,-0.0499595306,-0.01631517999,0.01040012399
cointegrated,16,1,5,Supply shock,Interest rate,0.1044371111,-0.1072690306,-0.03503062421,0.02233029825
cointegrated,16,2,1,Demand shock,GDP growth,0,0,0,0
cointegrated,16,2,2,Demand shock,Energy demand growth,0,0,0,0
cointegrated,16,2,3,Demand shock,Employment change,0,0,0,0
cointegrated,16,2,4,Demand shock,Inflation,0.00540174431,0.01999775892,0.0500313245,0.07528127677
cointegrated,16,2,5,Demand shock,Interest rate,0.01159818495,0.04293755742,0.1074231806,0.1616378194
cointegrated,16,3,1,Monetary policy shock,GDP growth,0,0,0,0
cointegrated,16,3,2,Monetary policy shock,Energy demand growth,0,0,0,0
cointegrated,16,3,3,Monetary policy shock,Employment change,0,0,0,0
cointegrated,16,3,4,Monetary policy shock,Inflation,0.03166200293,-0.003518062917,0.000228689888,0.00421706987
cointegrated,16,3,5,Monetary policy shock,Interest rate,0.0679820711,-0.007553697847,0.0004910242811,0.009054548583
cointegrated,16,4,1,Unrestricted shock 4,GDP growth,0,0,0,0
cointegrated,16,4,2,Unrestricted shock 4,Energy demand growth,0,0,0,0
cointegrated,16,4,3,Unrestricted shock 4,Employment change,0,0,0,0
cointegrated,16,4,4,Unrestricted shock 4,Inflation,0.06164712658,-0.05891346711,0.001252360264,0.05858082473
cointegrated,16,4,5,Unrestricted shock 4,Interest rate,0.1323636838,-0.126494193,0.002688965846,0.1257799704
cointegrated,16,5,1,Unrestricted shock 5,GDP growth,0,0,0,0
cointegrated,16,5,2,Unrestricted shock 5,Energy demand growth,0,0,0,0
cointegrated,16,5,3,Unrestricted shock 5,Employment change,0,0,0,0
cointegrated,16,5,4,Unrestricted shock 5,Inflation,0.009683451403,-0.05883838833,-0.002963964936,0.05868262991
cointegrated,16,5,5,Unrestricted shock 5,Interest rate,0.02079151731,-0.12633299,-0.006363983842,0.1259985582
cointegrated,17,1,1,Supply shock,GDP growth,0,0,0,0
cointegrated,17,1,2,Supply shock,Energy demand growth,0,0,0,0
cointegrated,17,1,3,Supply shock,Employment change,0,0,0,0
cointegrated,17,1,4,Supply shock,Inflation,0.04864059104,-0.0499595306,-0.01631517999,0.01040012399
cointegrated,17,1,5,Supply shock,Interest rate,0.1044371111,-0.1072690306,-0.03503062421,0.02233029825
cointegrated,17,2,1,Demand shock,GDP growth,0,0,0,0
cointegrated,17,2,2,Demand shock,Energy demand growth,0,0,0,0
cointegrated,17,2,3,Demand shock,Employment change,0,0,0,0
cointegrated,17,2,4,Demand shock,Inflation,0.00540174431,0.01999775892,0.0500313245,0.07528127677
cointegrated,17,2,5,Demand shock,Interest rate,0.01159818495,0.04293755742,0.1074231806,0.1616378194
cointegrated,17,3,1,Monetary policy shock,GDP growth,0,0,0,0
cointegrated,17,3,2,Monetary policy shock,Energy demand growth,0,0,0,0
cointegrated,17,3,3,Monetary policy shock,Employment change,0,0,0,0
cointegrated,17,3,4,Monetary policy shock,Inflation,0.03166200293,-0.003518062917,0.000228689888,0.00421706987
cointegrated,17,3,5,Monetary policy shock,Interest rate,0.0679820711,-0.007553697847,0.0004910242811,0.009054548583
cointegrated,17,4,1,Unrestricted shock 4,GDP growth,0,0,0,0
cointegrated,17,4,2,Unrestricted shock 4,Energy demand growth,0,0,0,0
cointegrated,17,4,3,Unrestricted shock 4,Employment change,0,0,0,0
cointegrated,17,4,4,Unrestricted shock 4,Inflation,0.06164712658,-0.05891346711,0.001252360264,0.05858082473
cointegrated,17,4,5,Unrestricted shock 4,Interest rate,0.1323636838,-0.126494193,0.002688965846,0.1257799704
cointegrated,17,5,1,Unrestricted shock 5,GDP growth,0,0,0,0
cointegrated,17,5,2,Unrestricted shock 5,Energy demand growth,0,0,0,0
cointegrated,17,5,3,Unrestricted shock 5,Employment change,0,0,0,0
cointegrated,17,5,4,Unrestricted shock 5,Inflation,0.009683451403,-0.05883838833,-0.002963964936,0.05868262991
cointegrated,17,5,5,Unrestricted shock 5,Interest rate,0.02079151731,-0.12633299,-0.006363983842,0.1259985582
cointegrated,18,1,1,Supply shock,GDP growth,0,0,0,0
cointegrated,18,1,2,Supply shock,Energy demand growth,0,0,0,0
cointegrated,18,1,3,Supply shock,Employment change,0,0,0,0
cointegrated,18,1,4,Supply shock,Inflation,0.04864059104,-0.0499595306,-0.01631517999,0.01040012399
cointegrated,18,1,5,Supply shock,Interest rate,0.1044371111,-0.1072690306,-0.03503062421,0.02233029825
cointegrated,18,2,1,Demand shock,GDP growth,0,0,0,0
cointegrated,18,2,2,Demand shock,Energy demand growth,0,0,0,0
cointegrated,18,2,3,Demand shock,Employment change,0,0,0,0
cointegrated,18,2,4,Demand shock,Inflation,0.00540174431,0.01999775892,0.0500313245,0.07528127677
cointegrated,18,2,5,Demand shock,Interest rate,0.01159818495,0.04293755742,0.1074231806,0.1616378194
cointegrated,18,3,1,Monetary policy shock,GDP growth,0,0,0,0
cointegrated,18,3,2,Monetary policy shock,Energy demand growth,0,0,0,0
cointegrated,18,3,3,Monetary policy shock,Employment change,0,0,0,0
cointegrated,18,3,4,Monetary policy shock,Inflation,0.03166200293,-0.003518062917,0.000228689888,0.00421706987
cointegrated,18,3,5,Monetary policy shock,Interest rate,0.0679820711,-0.007553697847,0.0004910242811,0.009054548583
cointegrated,18,4,1,Unrestricted shock 4,GDP growth,0,0,0,0
cointegrated,18,4,2,Unrestricted shock 4,Energy demand growth,0,0,0,0
cointegrated,18,4,3,Unrestricted shock 4,Employment change,0,0,0,0
cointegrated,18,4,4,Unrestricted shock 4,Inflation,0.06164712658,-0.05891346711,0.001252360264,0.05858082473
cointegrated,18,4,5,Unrestricted shock 4,Interest rate,0.1323636838,-0.126494193,0.002688965846,0.1257799704
cointegrated,18,5,1,Unrestricted shock 5,GDP growth,0,0,0,0
cointegrated,18,5,2,Unrestricted shock 5,Energy demand growth,0,0,0,0
cointegrated,18,5,3,Unrestricted shock 5,Employment change,0,0,0,0
cointegrated,18,5,4,Unrestricted shock 5,Inflation,0.009683451403,-0.05883838833,-0.002963964936,0.05868262991
cointegrated,18,5,5,Unrestricted shock 5,Interest rate,0.02079151731,-0.12633299,-0.006363983842,0.1259985582
cointegrated,19,1,1,Supply shock,GDP growth,0,0,0,0
cointegrated,19,1,2,Supply shock,Energy demand growth,0,0,0,0
cointegrated,19,1,3,Supply shock,Employment change,0,0,0,0
cointegrated,19,1,4,Supply shock,Inflation,0.04864059104,-0.0499595306,-0.01631517999,0.01040012399
cointegrated,19,1,5,Supply shock,Interest rate,0.1044371111,-0.1072690306,-0.03503062421,0.02233029825
cointegrated,19,2,1,Demand shock,GDP growth,0,0,0,0
cointegrated,19,2,2,Demand shock,Energy demand growth,0,0,0,0
cointegrated,19,2,3,Demand shock,Employment change,0,0,0,0
cointegrated,19,2,4,Demand shock,Inflation,0.00540174431,0.01999775892,0.0500313245,0.07528127677
cointegrated,19,2,5,Demand shock,Interest rate,0.01159818495,0.04293755742,0.1074231806,0.1616378194
cointegrated,19,3,1,Monetary policy shock,GDP growth,0,0,0,0
cointegrated,19,3,2,Monetary policy shock,Energy demand growth,0,0,0,0
cointegrated,19,3,3,Monetary policy shock,Employment change,0,0,0,0
cointegrated,19,3,4,Monetary policy shock,Inflation,0.03166200293,-0.003518062917,0.000228689888,0.00421706987
cointegrated,19,3,5,Monetary policy shock,Interest rate,0.0679820711,-0.007553697847,0.0004910242811,0.009054548583
cointegrated,19,4,1,Unrestricted shock 4,GDP growth,0,0,0,0
cointegrated,19,4,2,Unrestricted shock 4,Energy demand growth,0,0,0,0
cointegrated,19,4,3,Unrestricted shock 4,Employment change,0,0,0,0
cointegrated,19,4,4,Unrestricted shock 4,Inflation,0.06164712658,-0.05891346711,0.001252360264,0.05858082473
cointegrated,19,4,5,Unrestricted shock 4,Interest rate,0.1323636838,-0.126494193,0.002688965846,0.1257799704
cointegrated,19,5,1,Unrestricted shock 5,GDP growth,0,0,0,0
cointegrated,19,5,2,Unrestricted shock 5,Energy demand growth,0,0,0,0
cointegrated,19,5,3,Unrestricted shock 5,Employment change,0,0,0,0
cointegrated,19,5,4,Unrestricted shock 5,Inflation,0.009683451403,-0.05883838833,-0.002963964936,0.05868262991
cointegrated,19,5,5,Unrestricted shock 5,Interest rate,0.02079151731,-0.12633299,-0.006363983842,0.1259985582
cointegrated,20,1,1,Supply shock,GDP growth,0,0,0,0
cointegrated,20,1,2,Supply shock,Energy demand growth,0,0,0,0
cointegrated,20,1,3,Supply shock,Employment change,0,0,0,0
cointegrated,20,1,4,Supply shock,Inflation,0.04864059104,-0.0499595306,-0.01631517999,0.01040012399
cointegrated,20,1,5,Supply shock,Interest rate,0.1044371111,-0.1072690306,-0.03503062421,0.02233029825
cointegrated,20,2,1,Demand shock,GDP growth,0,0,0,0
cointegrated,20,2,2,Demand shock,Energy demand growth,0,0,0,0
cointegrated,20,2,3,Demand shock,Employment change,0,0,0,0
cointegrated,20,2,4,Demand shock,Inflation,0.00540174431,0.01999775892,0.0500313245,0.07528127677
cointegrated,20,2,5,Demand shock,Interest rate,0.01159818495,0.04293755742,0.1074231806,0.1616378194
cointegrated,20,3,1,Monetary policy shock,GDP growth,0,0,0,0
cointegrated,20,3,2,Monetary policy shock,Energy demand growth,0,0,0,0
cointegrated,20,3,3,Monetary policy shock,Employment change,0,0,0,0
cointegrated,20,3,4,Monetary policy shock,Inflation,0.03166200293,-0.003518062917,0.000228689888,0.00421706987
cointegrated,20,3,5,Monetary policy shock,Interest rate,0.0679820711,-0.007553697847,0.0004910242811,0.009054548583
cointegrated,20,4,1,Unrestricted shock 4,GDP growth,0,0,0,0
cointegrated,20,4,2,Unrestricted shock 4,Energy demand growth,0,0,0,0
cointegrated,20,4,3,Unrestricted shock 4,Employment change,0,0,0,0
cointegrated,20,4,4,Unrestricted shock 4,Inflation,0.06164712658,-0.05891346711,0.001252360264,0.05858082473
cointegrated,20,4,5,Unrestricted shock 4,Interest rate,0.1323636838,-0.126494193,0.002688965846,0.1257799704
cointegrated,20,5,1,Unrestricted shock 5,GDP growth,0,0,0,0
cointegrated,20,5,2,Unrestricted shock 5,Energy demand growth,0,0,0,0
cointegrated,20,5,3,Unrestricted shock 5,Employment change,0,0,0,0
cointegrated,20,5,4,Unrestricted shock 5,Inflation,0.009683451403,-0.05883838833,-0.002963964936,0.05868262991
cointegrated,20,5,5,Unrestricted shock 5,Interest rate,0.02079151731,-0.12633299,-0.006363983842,0.1259985582
total,0,1,1,Supply shock,GDP growth,1.266490581,0.0918983815,0.4569438679,0.9146053452
total,0,1,2,Supply shock,Energy demand growth,1.246791299,0.07245594999,0.4434428947,0.8993304034
total,0,1,3,Supply shock,Employment change,1.152735538,0.03563140909,0.3738184114,0.8115276021
total,0,1,4,Supply shock,Inflation,0.09598611774,-0.2425644567,-0.1207246311,-0.02191275722
total,0,1,5,Supply shock,Interest rate,0.08764666108,-0.05619240006,-0.009560144233,0.03288961053
total,0,2,1,Demand shock,GDP growth,0,0.1443413933,0.6182438258,1.072773393
total,0,2,2,Demand shock,Energy demand growth,0.1730242136,0.1414383663,0.6239269224,1.069191284
total,0,2,3,Demand shock,Employment change,0.02650441823,0.1482434552,0.5929486919,0.9977567365
total,0,2,4,Demand shock,Inflation,0.02606958065,0.03614917711,0.1555527117,0.2740325497
total,0,2,5,Demand shock,Interest rate,0.005982328126,0.03210767809,0.07537116878,0.110095254
total,0,3,1,Monetary policy shock,GDP growth,0,-0.2314901709,-0.09290499237,-0.01650433902
total,0,3,2,Monetary policy shock,Energy demand growth,0,-0.264090996,-0.1133392812,0.03545377684
total,0,3,3,Monetary policy shock,Employment change,0.1400970143,-0.2284719454,-0.09689784735,0.01925832568
total,0,3,4,Monetary policy shock,Inflation,0.1388117908,-0.04331697141,-0.01676677387,-0.00252420794
total,0,3,5,Monetary policy shock,Interest rate,0.03848447398,0.0007757758143,0.004646808501,0.01185366523
total,0,4,1,Unrestricted shock 4,GDP growth,0,-0.8548663875,-0.009775420227,0.8701517307
total,0,4,2,Unrestricted shock 4,Energy demand growth,0,-0.8483320886,-0.008290952211,0.8694568441
total,0,4,3,Unrestricted shock 4,Employment change,0,-0.767458421,0.004121275991,0.8015360888
total,0,4,4,Unrestricted shock 4,Inflation,0.2728108186,-0.208004547,0.00630248145,0.2200960046
total,0,4,5,Unrestricted shock 4,Interest rate,0.07429556015,-0.08598917386,-0.000387709502,0.08589198586
total,0,5,1,Unrestricted shock 5,GDP growth,0,-0.848284156,-0.01327597574,0.8370349926
total,0,5,2,Unrestricted shock 5,Energy demand growth,0,-0.8421962128,-0.01768693353,0.8361388655
total,0,5,3,Unrestricted shock 5,Employment change,0,-0.7838483233,-0.01092130961,0.7735201584
total,0,5,4,Unrestricted shock 5,Inflation,0,-0.2175924612,-0.004955335155,0.2133640564
total,0,5,5,Unrestricted shock 5,Interest rate,0.02208856282,-0.08677517002,-0.00361840936,0.08689771144
total,1,1,1,Supply shock,GDP growth,-0.5415006612,-0.5151175147,-0.3365815481,-0.136817261
total,1,1,2,Supply shock,Energy demand growth,-0.5551462496,-0.5254718511,-0.3417826279,-0.1391328052
total,1,1,3,Supply shock,Employment change,-0.5305637102,-0.4934470019,-0.3203645978,-0.1321396433
total,1,1,4,Supply shock,Inflation,-0.01255335686,-0.002684105292,0.004210686431,0.01289375402
total,1,1,5,Supply shock,Interest rate,0.0698642602,-0.07175870135,-0.02343408984,0.01493807853
total,1,2,1,Demand shock,GDP growth,0.01716779937,-0.4274846215,-0.1728942114,0.07707013999
total,1,2,2,Demand shock,Energy demand growth,0.0750438239,-0.4426450151,-0.1769742567,0.07450162311
total,1,2,3,Demand shock,Employment change,0.005109771513,-0.4236456252,-0.1765952407,0.05516344765
total,1,2,4,Demand shock,Inflation,-0.001394103619,-0.01942889081,-0.01291228287,-0.005161101021
total,1,2,5,Demand shock,Interest rate,0.007758722952,0.02872351266,0.07186182155,0.1081292517
total,1,3,1,Monetary policy shock,GDP growth,0.02933220952,-0.001884801617,0.07894813222,0.1632597207
total,1,3,2,Monetary policy shock,Energy demand growth,0.03812610474,-0.0137577808,0.0682999775,0.152901637
total,1,3,3,Monetary policy shock,Employment change,0.02803772406,-0.01873543155,0.05364549395,0.1343694439
total,1,3,4,Monetary policy shock,Inflation,-0.008171455427,-0.001088358136,-5.902119428e-05,0.0009079556457
total,1,3,5,Monetary policy shock,Interest rate,0.04547729302,-0.00505312246,0.0003284756517,0.006057131716
total,1,4,1,Unrestricted shock 4,GDP growth,0.2538171468,-0.3832305716,0.005192624173,0.3855309417
total,1,4,2,Unrestricted shock 4,Energy demand growth,0.2446910681,-0.3929622138,0.009000513755,0.3965389276
total,1,4,3,Unrestricted shock 4,Employment change,0.2307518225,-0.3742020468,0.008242069042,0.3786499971
total,1,4,4,Unrestricted shock 4,Inflation,-0.01591013519,-0.01511877184,-0.0003232141092,0.0152046215
total,1,4,5,Unrestricted shock 4,Interest rate,0.088546023,-0.0846195679,0.001798810859,0.08414178147
total,1,5,1,Unrestricted shock 5,GDP growth,0.05839029447,-0.3812958825,-0.002683351002,0.3855671574
total,1,5,2,Unrestricted shock 5,Energy demand growth,0.04651267772,-0.3917122584,0.001800822833,0.3951178678
total,1,5,3,Unrestricted shock 5,Employment change,0.02549821076,-0.3691180614,-0.001192757138,0.3734595533
total,1,5,4,Unrestricted shock 5,Inflation,-0.002499143586,-0.01514504612,0.0007649518389,0.01518524487
total,1,5,5,Unrestricted shock 5,Interest rate,0.01390869548,-0.0845117295,-0.004257251261,0.08428800798
total,2,1,1,Supply shock,GDP growth,-0.2143993636,-0.2039533379,-0.1332646013,-0.05417081787
total,2,1,2,Supply shock,Energy demand growth,-0.2198021372,-0.2080529878,-0.1353238937,-0.05508762414
total,2,1,3,Supply shock,Employment change,-0.2100690359,-0.1953732114,-0.1268437341,-0.05231878272
total,2,1,4,Supply shock,Inflation,0.04864059104,-0.0499595306,-0.01631517999,0.01040012399
total,2,1,5,Supply shock,Interest rate,0.1044371111,-0.1072690306,-0.03503062421,0.02233029825
total,2,2,1,Demand shock,GDP growth,0.006797342131,-0.1692563599,-0.06845496514,0.03051480847
total,2,2,2,Demand shock,Energy demand growth,0.02971251789,-0.1752588987,-0.07007040013,0.02949784132
total,2,2,3,Demand shock,Employment change,0.002023140208,-0.1677363648,-0.06992033425,0.02184117013
total,2,2,4,Demand shock,Inflation,0.00540174431,0.01999775892,0.0500313245,0.07528127677
total,2,2,5,Demand shock,Interest rate,0.01159818495,0.04293755742,0.1074231806,0.1616378194
total,2,3,1,Monetary policy shock,GDP growth,0.01161366459,-0.00074625997,0.03125837236,0.06464032773
total,2,3,2,Monetary policy shock,Energy demand growth,0.01509548035,-0.005447194546,0.02704238934,0.06053919415
total,2,3,3,Monetary policy shock,Employment change,0.01110113177,-0.007418023445,0.0212401583,0.05320164004
total,2,3,4,Monetary policy shock,Inflation,0.03166200293,-0.003518062917,0.000228689888,0.00421706987
total,2,3,5,Monetary policy shock,Interest rate,0.0679820711,-0.007553697847,0.0004910242811,0.009054548583
total,2,4,1,Unrestricted shock 4,GDP growth,0.1004952323,-0.1517346082,0.002055944522,0.1526454065
total,2,4,2,Unrestricted shock 4,Energy demand growth,0.09688189327,-0.1555877113,0.003563623388,0.1570038595
total,2,4,3,Unrestricted shock 4,Employment change,0.09136285039,-0.1481598942,0.003263328162,0.1499209959
total,2,4,4,Unrestricted shock 4,Inflation,0.06164712658,-0.05891346711,0.001252360264,0.05858082473
total,2,4,5,Unrestricted shock 4,Interest rate,0.1323636838,-0.126494193,0.002688965846,0.1257799704
total,2,5,1,Unrestricted shock 5,GDP growth,0.02311879351,-0.150968596,-0.001062434062,0.1526597456
total,2,5,2,Unrestricted shock 5,Energy demand growth,0.01841602276,-0.1550928095,0.0007130097837,0.1564412114
total,2,5,3,Unrestricted shock 5,Employment change,0.01009564817,-0.1461469637,-0.0004722549565,0.1478659147
total,2,5,4,Unrestricted shock 5,Inflation,0.009683451403,-0.05883838833,-0.002963964936,0.05868262991
total,2,5,5,Unrestricted shock 5,Interest rate,0.02079151731,-0.12633299,-0.006363983842,0.1259985582
total,3,1,1,Supply shock,GDP growth,-0.08488833053,-0.08075237757,-0.05276419356,-0.02144815271
total,3,1,2,Supply shock,Energy demand growth,-0.08702748066,-0.08237557471,-0.05357954065,-0.02181114891
total,3,1,3,Supply shock,Employment change,-0.08317379982,-0.07735520046,-0.05022194396,-0.02071486615
total,3,1,4,Supply shock,Inflation,0.04864059104,-0.0499595306,-0.01631517999,0.01040012399
total,3,1,5,Supply shock,Interest rate,0.1044371111,-0.1072690306,-0.03503062421,0.02233029825
total,3,2,1,Demand shock,GDP growth,0.002691309414,-0.06701461041,-0.02710375446,0.01208189756
total,3,2,2,Demand shock,Energy demand growth,0.01176424219,-0.06939122893,-0.0277433626,0.01167924411
total,3,2,3,Demand shock,Employment change,0.0008010331366,-0.0664127903,-0.02768394619,0.008647695769
total,3,2,4,Demand shock,Inflation,0.00540174431,0.01999775892,0.0500313245,0.07528127677
total,3,2,5,Demand shock,Interest rate,0.01159818495,0.04293755742,0.1074231806,0.1616378194
total,3,3,1,Monetary policy shock,GDP growth,0.004598262708,-0.0002954708537,0.01237630094,0.02559340389
total,3,3,2,Monetary policy shock,Energy demand growth,0.005976837357,-0.002156737983,0.01070704337,0.0239696193
total,3,3,3,Monetary policy shock,Employment change,0.004395332743,-0.002937059213,0.008409733815,0.02106442076
total,3,3,4,Monetary policy shock,Inflation,0.03166200293,-0.003518062917,0.000228689888,0.00421706987
total,3,3,5,Monetary policy shock,Interest rate,0.0679820711,-0.007553697847,0.0004910242811,0.009054548583
total,3,4,1,Unrestricted shock 4,GDP growth,0.03978963535,-0.06007712596,0.0008140215307,0.06043774339
total,3,4,2,Unrestricted shock 4,Energy demand growth,0.03835898596,-0.06160270647,0.001410965196,0.06216340987
total,3,4,3,Unrestricted shock 4,Employment change,0.03617380067,-0.05866176962,0.001292067639,0.05935905237
total,3,4,4,Unrestricted shock 4,Inflation,0.06164712658,-0.05891346711,0.001252360264,0.05858082473
total,3,4,5,Unrestricted shock 4,Interest rate,0.1323636838,-0.126494193,0.002688965846,0.1257799704
total,3,5,1,Unrestricted shock 5,GDP growth,0.009153552287,-0.05977383449,-0.0004206554176,0.06044342074
total,3,5,2,Unrestricted shock 5,Energy demand growth,0.00729155815,-0.06140675726,0.0002823059228,0.0619406375
total,3,5,3,Unrestricted shock 5,Employment change,0.003997226039,-0.05786477883,-0.0001869825272,0.05854537265
total,3,5,4,Unrestricted shock 5,Inflation,0.009683451403,-0.05883838833,-0.002963964936,0.05868262991
total,3,5,5,Unrestricted shock 5,Interest rate,0.02079151731,-0.12633299,-0.006363983842,0.1259985582
total,4,1,1,Supply shock,GDP growth,-0.03361030807,-0.03197273725,-0.02089122014,-0.008492086199
total,4,1,2,Supply shock,Energy demand growth,-0.03445727366,-0.0326154187,-0.02121404504,-0.008635809299
total,4,1,3,Supply shock,Employment change,-0.0329314644,-0.03062767405,-0.01988465314,-0.00820175198
total,4,1,4,Supply shock,Inflation,0.04864059104,-0.0499595306,-0.01631517999,0.01040012399
total,4,1,5,Supply shock,Interest rate,0.1044371111,-0.1072690306,-0.03503062421,0.02233029825
total,4,2,1,Demand shock,GDP growth,0.00106558508,-0.02653346681,-0.01073134,0.004783652788
total,4,2,2,Demand shock,Energy demand growth,0.004657881736,-0.02747445458,-0.01098458361,0.004624227971
total,4,2,3,Demand shock,Employment change,0.0003171574977,-0.02629518483,-0.01096105853,0.003423930204
total,4,2,4,Demand shock,Inflation,0.00540174431,0.01999775892,0.0500313245,0.07528127677
total,4,2,5,Demand shock,Interest rate,0.01159818495,0.04293755742,0.1074231806,0.1616378194
total,4,3,1,Monetary policy shock,GDP growth,0.001820615687,-0.0001169874158,0.004900217553,0.01013333851
total,4,3,2,Monetary policy shock,Energy demand growth,0.002366442403,-0.0008539292455,0.004239299135,0.009490424464
total,4,3,3,Monetary policy shock,Employment change,0.001740268499,-0.001162886163,0.003329712606,0.008340153075
total,4,3,4,Monetary policy shock,Inflation,0.03166200293,-0.003518062917,0.000228689888,0.00421706987
total,4,3,5,Monetary policy shock,Interest rate,0.0679820711,-0.007553697847,0.0004910242811,0.009054548583
total,4,4,1,Unrestricted shock 4,GDP growth,0.01575413126,-0.02378667007,0.0003223000647,0.02392945133
total,4,4,2,Unrestricted shock 4,Energy demand growth,0.01518768631,-0.02439070163,0.0005586512847,0.02461270405
total,4,4,3,Unrestricted shock 4,Employment change,0.01432249376,-0.02322628018,0.0005115755149,0.02350235921
total,4,4,4,Unrestricted shock 4,Inflation,0.06164712658,-0.05891346711,0.001252360264,0.05858082473
total,4,4,5,Unrestricted shock 4,Interest rate,0.1323636838,-0.126494193,0.002688965846,0.1257799704
total,4,5,1,Unrestricted shock 5,GDP growth,0.003624216784,-0.02366658619,-0.0001665524353,0.0239316992
total,4,5,2,Unrestricted shock 5,Energy demand growth,0.002886987106,-0.02431311838,0.0001117749516,0.02452450054
total,4,5,3,Unrestricted shock 5,Employment change,0.001582643901,-0.02291072319,-7.403303027e-05,0.02318019448
total,4,5,4,Unrestricted shock 5,Inflation,0.009683451403,-0.05883838833,-0.002963964936,0.05868262991
total,4,5,5,Unrestricted shock 5,Interest rate,0.02079151731,-0.12633299,-0.006363983842,0.1259985582
total,5,1,1,Supply shock,GDP growth,-0.0133075159,-0.01265914339,-0.008271576793,-0.003362318843
total,5,1,2,Supply shock,Energy demand growth,-0.01364285969,-0.01291360383,-0.008399394648,-0.003419223928
total,5,1,3,Supply shock,Employment change,-0.01303873756,-0.01212658505,-0.007873041131,-0.003247365203
total,5,1,4,Supply shock,Inflation,0.04864059104,-0.0499595306,-0.01631517999,0.01040012399
total,5,1,5,Supply shock,Interest rate,0.1044371111,-0.1072690306,-0.03503062421,0.02233029825
total,5,2,1,Demand shock,GDP growth,0.0004219030177,-0.01050554285,-0.004248919035,0.00189401821
total,5,2,2,Demand shock,Energy demand growth,0.001844220979,-0.01087811336,-0.004349187181,0.001830896258
total,5,2,3,Demand shock,Employment change,0.0001255739291,-0.01041119854,-0.004339872769,0.001355655698
total,5,2,4,Demand shock,Inflation,0.00540174431,0.01999775892,0.0500313245,0.07528127677
total,5,2,5,Demand shock,Interest rate,0.01159818495,0.04293755742,0.1074231806,0.1616378194
total,5,3,1,Monetary policy shock,GDP growth,0.0007208464782,-4.631947712e-05,0.001940170345,0.004012148985
total,5,3,2,Monetary policy shock,Energy demand growth,0.0009369586806,-0.0003381009478,0.001678489246,0.003757596456
total,5,3,3,Monetary policy shock,Employment change,0.00068903417,-0.0004604279756,0.001318351601,0.003302163117
total,5,3,4,Monetary policy shock,Inflation,0.03166200293,-0.003518062917,0.000228689888,0.00421706987
total,5,3,5,Monetary policy shock,Interest rate,0.0679820711,-0.007553697847,0.0004910242811,0.009054548583
total,5,4,1,Unrestricted shock 4,GDP growth,0.006237620669,-0.009417988363,0.0001276100542,0.009474520539
total,5,4,2,Unrestricted shock 4,Energy demand growth,0.006013344973,-0.009657145933,0.0002211899052,0.00974504458
total,5,4,3,Unrestricted shock 4,Employment change,0.005670784483,-0.009196110079,0.0002025509343,0.009305419582
total,5,4,4,Unrestricted shock 4,Inflation,0.06164712658,-0.05891346711,0.001252360264,0.05858082473
total,5,4,5,Unrestricted shock 4,Interest rate,0.1323636838,-0.126494193,0.002688965846,0.1257799704
total,5,5,1,Unrestricted shock 5,GDP growth,0.001434956276,-0.009370442886,-6.594403051e-05,0.00947541055
total,5,5,2,Unrestricted shock 5,Energy demand growth,0.001143060836,-0.009626427963,4.425567723e-05,0.009710121677
total,5,5,3,Unrestricted shock 5,Employment change,0.0006266249876,-0.009071169849,-2.931230876e-05,0.009177863112
total,5,5,4,Unrestricted shock 5,Inflation,0.009683451403,-0.05883838833,-0.002963964936,0.05868262991
total,5,5,5,Unrestricted shock 5,Interest rate,0.02079151731,-0.12633299,-0.006363983842,0.1259985582
total,6,1,1,Supply shock,GDP growth,-0.005268918663,-0.005012204936,-0.003275011329,-0.00133126157
total,6,1,2,Supply shock,Energy demand growth,-0.005401693192,-0.00511295487,-0.003325618962,-0.001353792316
total,6,1,3,Supply shock,Employment change,-0.005162499762,-0.004801346155,-0.003117216892,-0.001285747337
total,6,1,4,Supply shock,Inflation,0.04864059104,-0.0499595306,-0.01631517999,0.01040012399
total,6,1,5,Supply shock,Interest rate,0.1044371111,-0.1072690306,-0.03503062421,0.02233029825
total,6,2,1,Demand shock,GDP growth,0.0001670464045,-0.004159517914,-0.001682298107,0.000749909147
total,6,2,2,Demand shock,Energy demand growth,0.0007301926528,-0.004307031825,-0.00172199783,0.0007249169217
total,6,2,3,Demand shock,Employment change,4.971918304e-05,-0.004122163648,-0.001718309924,0.0005367522879
total,6,2,4,Demand shock,Inflation,0.00540174431,0.01999775892,0.0500313245,0.07528127677
total,6,2,5,Demand shock,Interest rate,0.01159818495,0.04293755742,0.1074231806,0.1616378194
total,6,3,1,Monetary policy shock,GDP growth,0.0002854087488,-1.833952778e-05,0.000768182418,0.001588552426
total,6,3,2,Monetary policy shock,Energy demand growth,0.0003709752531,-0.0001338661856,0.0006645735673,0.00148776603
total,6,3,3,Monetary policy shock,Employment change,0.0002728131249,-0.000182299805,0.0005219822699,0.001307443779
total,6,3,4,Monetary policy shock,Inflation,0.03166200293,-0.003518062917,0.000228689888,0.00421706987
total,6,3,5,Monetary policy shock,Interest rate,0.0679820711,-0.007553697847,0.0004910242811,0.009054548583
total,6,4,1,Unrestricted shock 4,GDP growth,0.002469695787,-0.003728916428,5.052535736e-05,0.003751299526
total,6,4,2,Unrestricted shock 4,Energy demand growth,0.002380897065,-0.003823607412,8.757694736e-05,0.003858409612
total,6,4,3,Unrestricted shock 4,Employment change,0.002245265189,-0.003641066927,8.019711611e-05,0.003684346446
total,6,4,4,Unrestricted shock 4,Inflation,0.06164712658,-0.05891346711,0.001252360264,0.05858082473
total,6,4,5,Unrestricted shock 4,Interest rate,0.1323636838,-0.126494193,0.002688965846,0.1257799704
total,6,5,1,Unrestricted shock 5,GDP growth,0.0005681502061,-0.003710091483,-2.610958617e-05,0.003751651913
total,6,5,2,Unrestricted shock 5,Energy demand growth,0.0004525784237,-0.003811445076,1.752239603e-05,0.003844582393
total,6,5,3,Unrestricted shock 5,Employment change,0.0002481031108,-0.003591598648,-1.160578517e-05,0.003633842304
total,6,5,4,Unrestricted shock 5,Inflation,0.009683451403,-0.05883838833,-0.002963964936,0.05868262991
total,6,5,5,Unrestricted shock 5,Interest rate,0.02079151731,-0.12633299,-0.006363983842,0.1259985582
total,7,1,1,Supply shock,GDP growth,-0.002086152223,-0.001984510132,-0.001296693421,-0.0005270937853
total,7,1,2,Supply shock,Energy demand growth,-0.00213872238,-0.002024400613,-0.001316730782,-0.0005360145088
total,7,1,3,Supply shock,Employment change,-0.002044017197,-0.001901023644,-0.001234216993,-0.0005090730824
total,7,1,4,Supply shock,Inflation,0.04864059104,-0.0499595306,-0.01631517999,0.01040012399
total,7,1,5,Supply shock,Interest rate,0.1044371111,-0.1072690306,-0.03503062421,0.02233029825
total,7,2,1,Demand shock,GDP growth,6.61396105e-05,-0.001646901024,-0.0006660816306,0.0002969156926
total,7,2,2,Demand shock,Energy demand growth,0.0002891092316,-0.001705307026,-0.0006818001628,0.0002870203821
total,7,2,3,Demand shock,Employment change,1.968559222e-05,-0.001632111142,-0.0006803399893,0.0002125193138
total,7,2,4,Demand shock,Inflation,0.00540174431,0.01999775892,0.0500313245,0.07528127677
total,7,2,5,Demand shock,Interest rate,0.01159818495,0.04293755742,0.1074231806,0.1616378194
total,7,3,1,Monetary policy shock,GDP growth,0.0001130034707,-7.261271066e-06,0.0003041507302,0.0006289643828
total,7,3,2,Monetary policy shock,Energy demand growth,0.0001468822919,-5.30023822e-05,0.0002631283027,0.0005890594652
total,7,3,3,Monetary policy shock,Employment change,0.0001080164154,-7.217897405e-05,0.0002066713385,0.0005176634753
total,7,3,4,Monetary policy shock,Inflation,0.03166200293,-0.003518062917,0.000228689888,0.00421706987
total,7,3,5,Monetary policy shock,Interest rate,0.0679820711,-0.007553697847,0.0004910242811,0.009054548583
total,7,4,1,Unrestricted shock 4,GDP growth,0.0009778403666,-0.001476410587,2.000478529e-05,0.001485272851
total,7,4,2,Unrestricted shock 4,Energy demand growth,0.0009426817955,-0.001513902114,3.467482706e-05,0.001527681542
total,7,4,3,Unrestricted shock 4,Employment change,0.0008889803135,-0.001441627846,3.175288949e-05,0.001458763746
total,7,4,4,Unrestricted shock 4,Inflation,0.06164712658,-0.05891346711,0.001252360264,0.05858082473
total,7,4,5,Unrestricted shock 4,Interest rate,0.1323636838,-0.126494193,0.002688965846,0.1257799704
total,7,5,1,Unrestricted shock 5,GDP growth,0.0002249508659,-0.001468957122,-1.033771343e-05,0.001485412374
total,7,5,2,Unrestricted shock 5,Energy demand growth,0.0001791918883,-0.001509086613,6.937739555e-06,0.001522206855
total,7,5,3,Unrestricted shock 5,Employment change,9.823284231e-05,-0.001422041596,-4.595142966e-06,0.001438767361
total,7,5,4,Unrestricted shock 5,Inflation,0.009683451403,-0.05883838833,-0.002963964936,0.05868262991
total,7,5,5,Unrestricted shock 5,Interest rate,0.02079151731,-0.12633299,-0.006363983842,0.1259985582
total,8,1,1,Supply shock,GDP growth,-0.0008259818335,-0.0007857381159,-0.0005134070263,-0.0002086951692
total,8,1,2,Supply shock,Energy demand growth,-0.0008467962274,-0.0008015321754,-0.0005213405299,-0.0002122272008
total,8,1,3,Supply shock,Employment change,-0.0008092990786,-0.0007526828471,-0.0004886703873,-0.0002015601322
total,8,1,4,Supply shock,Inflation,0.04864059104,-0.0499595306,-0.01631517999,0.01040012399
total,8,1,5,Supply shock,Interest rate,0.1044371111,-0.1072690306,-0.03503062421,0.02233029825
total,8,2,1,Demand shock,GDP growth,2.618702324e-05,-0.0006520666673,-0.0002637253986,0.0001175594789
total,8,2,2,Demand shock,Energy demand growth,0.0001144686234,-0.00067519168,-0.0002699489243,0.0001136415736
total,8,2,3,Demand shock,Employment change,7.794225835e-06,-0.0006462108273,-0.0002693707897,8.414395197e-05
total,8,2,4,Demand shock,Inflation,0.00540174431,0.01999775892,0.0500313245,0.07528127677
total,8,2,5,Demand shock,Interest rate,0.01159818495,0.04293755742,0.1074231806,0.1616378194
total,8,3,1,Monetary policy shock,GDP growth,4.474209163e-05,-2.874995373e-06,0.0001204240875,0.0002490293606
total,8,3,2,Monetary policy shock,Energy demand growth,5.815592141e-05,-2.098552749e-05,0.00010418185,0.0002332295849
total,8,3,3,Monetary policy shock,Employment change,4.276753914e-05,-2.857822198e-05,8.182853065e-05,0.0002049613742
total,8,3,4,Monetary policy shock,Inflation,0.03166200293,-0.003518062917,0.000228689888,0.00421706987
total,8,3,5,Monetary policy shock,Interest rate,0.0679820711,-0.007553697847,0.0004910242811,0.009054548583
total,8,4,1,Unrestricted shock 4,GDP growth,0.000387161766,-0.0005845634417,7.920605721e-06,0.0005880723273
total,8,4,2,Unrestricted shock 4,Energy demand growth,0.0003732412377,-0.0005994076703,1.372899682e-05,0.0006048634358
total,8,4,3,Unrestricted shock 4,Employment change,0.0003519789118,-0.0005707917181,1.257209785e-05,0.0005775764302
total,8,4,4,Unrestricted shock 4,Inflation,0.06164712658,-0.05891346711,0.001252360264,0.05858082473
total,8,4,5,Unrestricted shock 4,Interest rate,0.1323636838,-0.126494193,0.002688965846,0.1257799704
total,8,5,1,Unrestricted shock 5,GDP growth,8.906604541e-05,-0.00058161235,-4.093068281e-06,0.0005881275692
total,8,5,2,Unrestricted shock 5,Energy demand growth,7.094843935e-05,-0.0005975010421,2.746897745e-06,0.0006026958124
total,8,5,3,Unrestricted shock 5,Employment change,3.889387472e-05,-0.0005630368252,-1.81938047e-06,0.0005696591504
total,8,5,4,Unrestricted shock 5,Inflation,0.009683451403,-0.05883838833,-0.002963964936,0.05868262991
total,8,5,5,Unrestricted shock 5,Interest rate,0.02079151731,-0.12633299,-0.006363983842,0.1259985582
total,9,1,1,Supply shock,GDP growth,-0.0003270355738,-0.0003111016552,-0.0002032760947,-8.262983717e-05
total,9,1,2,Supply shock,Energy demand growth,-0.0003352767323,-0.0003173550849,-0.0002064172509,-8.402829405e-05
total,9,1,3,Supply shock,Employment change,-0.000320430278,-0.0002980138991,-0.0001934819799,-7.980482236e-05
total,9,1,4,Supply shock,Inflation,0.04864059104,-0.0499595306,-0.01631517999,0.01040012399
total,9,1,5,Supply shock,Interest rate,0.1044371111,-0.1072690306,-0.03503062421,0.02233029825
total,9,2,1,Demand shock,GDP growth,1.036837352e-05,-0.0002581763763,-0.0001044182614,4.654597724e-05
total,9,2,2,Demand shock,Energy demand growth,4.532219767e-05,-0.000267332391,-0.0001068823765,4.499473926e-05
total,9,2,3,Demand shock,Employment change,3.086011114e-06,-0.0002558578411,-0.0001066534725,3.331558213e-05
total,9,2,4,Demand shock,Inflation,0.00540174431,0.01999775892,0.0500313245,0.07528127677
total,9,2,5,Demand shock,Interest rate,0.01159818495,0.04293755742,0.1074231806,0.1616378194
total,9,3,1,Monetary policy shock,GDP growth,1.771498478e-05,-1.138312882e-06,4.768017764e-05,9.859957751e-05
total,9,3,2,Monetary policy shock,Energy demand growth,2.302599689e-05,-8.308916426e-06,4.124929835e-05,9.234388462e-05
total,9,3,3,Monetary policy shock,Employment change,1.693318925e-05,-1.131513412e-05,3.239882451e-05,8.115149498e-05
total,9,3,4,Monetary policy shock,Inflation,0.03166200293,-0.003518062917,0.000228689888,0.00421706987
total,9,3,5,Monetary policy shock,Interest rate,0.0679820711,-0.007553697847,0.0004910242811,0.009054548583
total,9,4,1,Unrestricted shock 4,GDP growth,0.0001532911078,-0.0002314494494,3.136049404e-06,0.000232838742
total,9,4,2,Unrestricted shock 4,Energy demand growth,0.0001477794758,-0.0002373268072,5.435797943e-06,0.0002394869388
total,9,4,3,Unrestricted shock 4,Employment change,0.000139360965,-0.0002259967344,4.977740511e-06,0.0002286830431
total,9,4,4,Unrestricted shock 4,Inflation,0.06164712658,-0.05891346711,0.001252360264,0.05858082473
total,9,4,5,Unrestricted shock 4,Interest rate,0.1323636838,-0.126494193,0.002688965846,0.1257799704
total,9,5,1,Unrestricted shock 5,GDP growth,3.526441392e-05,-0.0002302810073,-1.620591252e-06,0.0002328606142
total,9,5,2,Unrestricted shock 5,Energy demand growth,2.809100955e-05,-0.0002365719054,1.087594477e-06,0.0002386286996
total,9,5,3,Unrestricted shock 5,Employment change,1.539946778e-05,-0.0002229262966,-7.203574119e-07,0.0002255483106
total,9,5,4,Unrestricted shock 5,Inflation,0.009683451403,-0.05883838833,-0.002963964936,0.05868262991
total,9,5,5,Unrestricted shock 5,Interest rate,0.02079151731,-0.12633299,-0.006363983842,0.1259985582
total,10,1,1,Supply shock,GDP growth,-0.0001294850107,-0.0001231762058,-8.048423291e-05,-3.271609025e-05
total,10,1,2,Supply shock,Energy demand growth,-0.0001327479783,-0.0001256521609,-8.172792831e-05,-3.326978905e-05
total,10,1,3,Supply shock,Employment change,-0.0001268697392,-0.0001179942978,-7.660639465e-05,-3.159756645e-05
total,10,1,4,Supply shock,Inflation,0.04864059104,-0.0499595306,-0.01631517999,0.01040012399
total,10,1,5,Supply shock,Interest rate,0.1044371111,-0.1072690306,-0.03503062421,0.02233029825
total,10,2,1,Demand shock,GDP growth,4.1052077e-06,-0.0001022212063,-4.134290206e-05,1.842920722e-05
total,10,2,2,Demand shock,Energy demand growth,1.794466939e-05,-0.000105846398,-4.231853283e-05,1.781501696e-05
total,10,2,3,Demand shock,Employment change,1.221861516e-06,-0.0001013032157,-4.222790158e-05,1.319082342e-05
total,10,2,4,Demand shock,Inflation,0.00540174431,0.01999775892,0.0500313245,0.07528127677
total,10,2,5,Demand shock,Interest rate,0.01159818495,0.04293755742,0.1074231806,0.1616378194
total,10,3,1,Monetary policy shock,GDP growth,7.013992289e-06,-4.506985401e-07,1.887827749e-05,3.903907822e-05
total,10,3,2,Monetary policy shock,Energy demand growth,9.116810805e-06,-3.289795418e-06,1.633206374e-05,3.6562227e-05
total,10,3,3,Monetary policy shock,Employment change,6.704451643e-06,-4.480063881e-06,1.282784649e-05,3.213076202e-05
total,10,3,4,Monetary policy shock,Inflation,0.03166200293,-0.003518062917,0.000228689888,0.00421706987
total,10,3,5,Monetary policy shock,Interest rate,0.0679820711,-0.007553697847,0.0004910242811,0.009054548583
total,10,4,1,Unrestricted shock 4,GDP growth,6.069339949e-05,-9.163906567e-05,1.241673454e-06,9.218913599e-05
total,10,4,2,Unrestricted shock 4,Energy demand growth,5.851114841e-05,-9.39661206e-05,2.152225663e-06,9.482139347e-05
total,10,4,3,Unrestricted shock 4,Employment change,5.517796069e-05,-8.948014193e-05,1.970864441e-06,9.054374707e-05
total,10,4,4,Unrestricted shock 4,Inflation,0.06164712658,-0.05891346711,0.001252360264,0.05858082473
total,10,4,5,Unrestricted shock 4,Interest rate,0.1323636838,-0.126494193,0.002688965846,0.1257799704
total,10,5,1,Unrestricted shock 5,GDP growth,1.396243522e-05,-9.117643789e-05,-6.416496931e-07,9.219779598e-05
total,10,5,2,Unrestricted shock 5,Energy demand growth,1.112222939e-05,-9.366722811e-05,4.306173204e-07,9.448158606e-05
total,10,5,3,Unrestricted shock 5,Employment change,6.097196788e-06,-8.826444645e-05,-2.8521511e-07,8.9302595e-05
total,10,5,4,Unrestricted shock 5,Inflation,0.009683451403,-0.05883838833,-0.002963964936,0.05868262991
total,10,5,5,Unrestricted shock 5,Interest rate,0.02079151731,-0.12633299,-0.006363983842,0.1259985582
total,11,1,1,Supply shock,GDP growth,-5.126771926e-05,-4.876983912e-05,-3.186656924e-05,-1.295346328e-05
total,11,1,2,Supply shock,Energy demand growth,-5.255964417e-05,-4.975015779e-05,-3.235899247e-05,-1.317269232e-05
total,11,1,3,Supply shock,Employment change,-5.023224032e-05,-4.671813753e-05,-3.03311952e-05,-1.251059994e-05
total,11,1,4,Supply shock,Inflation,0.04864059104,-0.0499595306,-0.01631517999,0.01040012399
total,11,1,5,Supply shock,Interest rate,0.1044371111,-0.1072690306,-0.03503062421,0.02233029825
total,11,2,1,Demand shock,GDP growth,1.62539768e-06,-4.04730098e-05,-1.636912478e-05,7.296778348e-06
total,11,2,2,Demand shock,Energy demand growth,7.104932591e-06,-4.190835209e-05,-1.675541169e-05,7.053598585e-06
total,11,2,3,Demand shock,Employment change,4.837784147e-07,-4.010954471e-05,-1.671952755e-05,5.222715963e-06
total,11,2,4,Demand shock,Inflation,0.00540174431,0.01999775892,0.0500313245,0.07528127677
total,11,2,5,Demand shock,Interest rate,0.01159818495,0.04293755742,0.1074231806,0.1616378194
total,11,3,1,Monetary policy shock,GDP growth,2.777088914e-06,-1.784475756e-07,7.474581231e-06,1.545695901e-05
total,11,3,2,Monetary policy shock,Energy demand growth,3.609669525e-06,-1.302546967e-06,6.466444684e-06,1.447628555e-05
total,11,3,3,Monetary policy shock,Employment change,2.654530767e-06,-1.773816569e-06,5.07900049e-06,1.272171102e-05
total,11,3,4,Monetary policy shock,Inflation,0.03166200293,-0.003518062917,0.000228689888,0.00421706987
total,11,3,5,Monetary policy shock,Interest rate,0.0679820711,-0.007553697847,0.0004910242811,0.009054548583
total,11,4,1,Unrestricted shock 4,GDP growth,2.403067467e-05,-3.628316412e-05,4.916226653e-07,3.650095651e-05
total,11,4,2,Unrestricted shock 4,Energy demand growth,2.316664389e-05,-3.72045279e-05,8.521426574e-07,3.754316083e-05
total,11,4,3,Unrestricted shock 4,Employment change,2.184691636e-05,-3.542836945e-05,7.803353016e-07,3.584948854e-05
total,11,4,4,Unrestricted shock 4,Inflation,0.06164712658,-0.05891346711,0.001252360264,0.05858082473
total,11,4,5,Unrestricted shock 4,Interest rate,0.1323636838,-0.126494193,0.002688965846,0.1257799704
total,11,5,1,Unrestricted shock 5,GDP growth,5.528224504e-06,-3.609999333e-05,-2.540519259e-07,3.650438531e-05
total,11,5,2,Unrestricted shock 5,Energy demand growth,4.403686042e-06,-3.708618573e-05,1.704967068e-07,3.7408619e-05
total,11,5,3,Unrestricted shock 5,Employment change,2.41409698e-06,-3.494703239e-05,-1.129268022e-07,3.535807231e-05
total,11,5,4,Unrestricted shock 5,Inflation,0.009683451403,-0.05883838833,-0.002963964936,0.05868262991
total,11,5,5,Unrestricted shock 5,Interest rate,0.02079151731,-0.12633299,-0.006363983842,0.1259985582
total,12,1,1,Supply shock,GDP growth,-2.029871276e-05,-1.930971321e-05,-1.261710771e-05,-5.128736642e-06
total,12,1,2,Supply shock,Energy demand growth,-2.081023177e-05,-1.969785622e-05,-1.281207557e-05,-5.215537212e-06
total,12,1,3,Supply shock,Employment change,-1.988872983e-05,-1.849737161e-05,-1.200919854e-05,-4.953391301e-06
total,12,1,4,Supply shock,Inflation,0.04864059104,-0.0499595306,-0.01631517999,0.01040012399
total,12,1,5,Supply shock,Interest rate,0.1044371111,-0.1072690306,-0.03503062421,0.02233029825
total,12,2,1,Demand shock,GDP growth,6.435527287e-07,-1.60247035e-05,-6.481118466e-06,2.889053968e-06
total,12,2,2,Demand shock,Energy demand growth,2.813095413e-06,-1.659300655e-05,-6.634063187e-06,2.792770454e-06
total,12,2,3,Demand shock,Employment change,1.91545074e-07,-1.588079475e-05,-6.619855383e-06,2.067858932e-06
total,12,2,4,Demand shock,Inflation,0.00540174431,0.01999775892,0.0500313245,0.07528127677
total,12,2,5,Demand shock,Interest rate,0.01159818495,0.04293755742,0.1074231806,0.1616378194
total,12,3,1,Monetary policy shock,GDP growth,1.099548234e-06,-7.065373947e-08,2.959452451e-06,6.11995961e-06
total,12,3,2,Monetary policy shock,Energy demand growth,1.429196498e-06,-5.157246533e-07,2.56029535e-06,5.731676122e-06
total,12,3,3,Monetary policy shock,Employment change,1.051023106e-06,-7.023170435e-07,2.010956866e-06,5.036977683e-06
total,12,3,4,Monetary policy shock,Inflation,0.03166200293,-0.003518062917,0.000228689888,0.00421706987
total,12,3,5,Monetary policy shock,Interest rate,0.0679820711,-0.007553697847,0.0004910242811,0.009054548583
total,12,4,1,Unrestricted shock 4,GDP growth,9.514598459e-06,-1.436579464e-05,1.946508917e-07,1.445202639e-05
total,12,4,2,Unrestricted shock 4,Energy demand growth,9.172497952e-06,-1.473059532e-05,3.37393574e-07,1.486467213e-05
total,12,4,3,Unrestricted shock 4,Employment change,8.649970906e-06,-1.402735104e-05,3.089624889e-07,1.419408706e-05
total,12,4,4,Unrestricted shock 4,Inflation,0.06164712658,-0.05891346711,0.001252360264,0.05858082473
total,12,4,5,Unrestricted shock 4,Interest rate,0.1323636838,-0.126494193,0.002688965846,0.1257799704
total,12,5,1,Unrestricted shock 5,GDP growth,2.188820625e-06,-1.429327081e-05,-1.005881897e-07,1.445338397e-05
total,12,5,2,Unrestricted shock 5,Energy demand growth,1.743575867e-06,-1.468373945e-05,6.750570782e-08,1.481140224e-05
total,12,5,3,Unrestricted shock 5,Employment change,9.558268221e-07,-1.383677259e-05,-4.471173586e-08,1.39995179e-05
total,12,5,4,Unrestricted shock 5,Inflation,0.009683451403,-0.05883838833,-0.002963964936,0.05868262991
total,12,5,5,Unrestricted shock 5,Interest rate,0.02079151731,-0.12633299,-0.006363983842,0.1259985582
total,13,1,1,Supply shock,GDP growth,-8.036982057e-06,-7.645401972e-06,-4.995561513e-06,-2.030649177e-06
total,13,1,2,Supply shock,Energy demand growth,-8.239510616e-06,-7.799081591e-06,-5.072756221e-06,-2.065016609e-06
total,13,1,3,Supply shock,Employment change,-7.87465524e-06,-7.32376705e-06,-4.754868661e-06,-1.961223722e-06
total,13,1,4,Supply shock,Inflation,0.04864059104,-0.0499595306,-0.01631517999,0.01040012399
total,13,1,5,Supply shock,Interest rate,0.1044371111,-0.1072690306,-0.03503062421,0.02233029825
total,13,2,1,Demand shock,GDP growth,2.548054053e-07,-6.344749839e-06,-2.566105222e-06,1.14387918e-06
total,13,2,2,Demand shock,Energy demand growth,1.113804487e-06,-6.569761218e-06,-2.626661475e-06,1.105757113e-06
total,13,2,3,Demand shock,Employment change,7.583950474e-08,-6.287771248e-06,-2.6210361e-06,8.18738869e-07
total,13,2,4,Demand shock,Inflation,0.00540174431,0.01999775892,0.0500313245,0.07528127677
total,13,2,5,Demand shock,Interest rate,0.01159818495,0.04293755742,0.1074231806,0.1616378194
total,13,3,1,Monetary policy shock,GDP growth,4.353502377e-07,-2.797432739e-08,1.171752442e-06,2.423109591e-06
total,13,3,2,Monetary policy shock,Energy demand growth,5.658697055e-07,-2.041937257e-07,1.013711954e-06,2.269374353e-06
total,13,3,3,Monetary policy shock,Employment change,4.161374146e-07,-2.780722868e-07,7.962093183e-07,1.994318543e-06
total,13,3,4,Monetary policy shock,Inflation,0.03166200293,-0.003518062917,0.000228689888,0.00421706987
total,13,3,5,Monetary policy shock,Interest rate,0.0679820711,-0.007553697847,0.0004910242811,0.009054548583
total,13,4,1,Unrestricted shock 4,GDP growth,3.7671678e-06,-5.68792884e-06,7.70692084e-08,5.722071057e-06
total,13,4,2,Unrestricted shock 4,Energy demand growth,3.631718046e-06,-5.832366398e-06,1.335861112e-07,5.885452177e-06
total,13,4,3,Unrestricted shock 4,Employment change,3.424831011e-06,-5.553926987e-06,1.223292338e-07,5.619943705e-06
total,13,4,4,Unrestricted shock 4,Inflation,0.06164712658,-0.05891346711,0.001252360264,0.05858082473
total,13,4,5,Unrestricted shock 4,Interest rate,0.1323636838,-0.126494193,0.002688965846,0.1257799704
total,13,5,1,Unrestricted shock 5,GDP growth,8.666319037e-07,-5.659214079e-06,-3.982644048e-08,5.722608572e-06
total,13,5,2,Unrestricted shock 5,Energy demand growth,6.903436745e-07,-5.813814493e-06,2.672790974e-08,5.864360732e-06
total,13,5,3,Unrestricted shock 5,Employment change,3.784458211e-07,-5.478470201e-06,-1.770296585e-08,5.542906859e-06
total,13,5,4,Unrestricted shock 5,Inflation,0.009683451403,-0.05883838833,-0.002963964936,0.05868262991
total,13,5,5,Unrestricted shock 5,Interest rate,0.02079151731,-0.12633299,-0.006363983842,0.1259985582
total,14,1,1,Supply shock,GDP growth,-3.182126933e-06,-3.027086455e-06,-1.977920409e-06,-8.040062042e-07
total,14,1,2,Supply shock,Energy demand growth,-3.26231519e-06,-3.08793368e-06,-2.008484538e-06,-8.176134924e-07
total,14,1,3,Supply shock,Employment change,-3.117855975e-06,-2.899739755e-06,-1.882621551e-06,-7.765181985e-07
total,14,1,4,Supply shock,Inflation,0.04864059104,-0.0499595306,-0.01631517999,0.01040012399
total,14,1,5,Supply shock,Interest rate,0.1044371111,-0.1072690306,-0.03503062421,0.02233029825
total,14,2,1,Demand shock,GDP growth,1.00886519e-07,-2.512112034e-06,-1.016012289e-06,4.529024353e-07
total,14,2,2,Demand shock,Energy demand growth,4.409947952e-07,-2.601202039e-06,-1.039988663e-06,4.378085539e-07
total,14,2,3,Demand shock,Employment change,3.002755623e-08,-2.489552184e-06,-1.037761377e-06,3.241678266e-07
total,14,2,4,Demand shock,Inflation,0.00540174431,0.01999775892,0.0500313245,0.07528127677
total,14,2,5,Demand shock,Interest rate,0.01159818495,0.04293755742,0.1074231806,0.1616378194
total,14,3,1,Monetary policy shock,GDP growth,1.72370637e-07,-1.107603078e-08,4.639384507e-07,9.59395235e-07
total,14,3,2,Monetary policy shock,Energy demand growth,2.240479346e-07,-8.084755563e-08,4.01364603e-07,8.985259889e-07
total,14,3,3,Monetary policy shock,Employment change,1.647635972e-07,-1.100987046e-07,3.152475765e-07,7.896216146e-07
total,14,3,4,Monetary policy shock,Inflation,0.03166200293,-0.003518062917,0.000228689888,0.00421706987
total,14,3,5,Monetary policy shock,Interest rate,0.0679820711,-0.007553697847,0.0004910242811,0.009054548583
total,14,4,1,Unrestricted shock 4,GDP growth,1.491555665e-06,-2.252053249e-06,3.051443962e-08,2.265571366e-06
total,14,4,2,Unrestricted shock 4,Energy demand growth,1.437926292e-06,-2.309241213e-06,5.289149078e-08,2.330259761e-06
total,14,4,3,Unrestricted shock 4,Employment change,1.356012359e-06,-2.198997151e-06,4.843449281e-08,2.225135517e-06
total,14,4,4,Unrestricted shock 4,Inflation,0.06164712658,-0.05891346711,0.001252360264,0.05858082473
total,14,4,5,Unrestricted shock 4,Interest rate,0.1323636838,-0.126494193,0.002688965846,0.1257799704
total,14,5,1,Unrestricted shock 5,GDP growth,3.431303818e-07,-2.240684054e-06,-1.576870372e-08,2.265784188e-06
total,14,5,2,Unrestricted shock 5,Energy demand growth,2.733316043e-07,-2.301895855e-06,1.058252972e-08,2.321908908e-06
total,14,5,3,Unrestricted shock 5,Employment change,1.498401554e-07,-2.169121127e-06,-7.009233568e-09,2.194633891e-06
total,14,5,4,Unrestricted shock 5,Inflation,0.009683451403,-0.05883838833,-0.002963964936,0.05868262991
total,14,5,5,Unrestricted shock 5,Interest rate,0.02079151731,-0.12633299,-0.006363983842,0.1259985582
total,15,1,1,Supply shock,GDP growth,-1.259917186e-06,-1.198531149e-06,-7.831290103e-07,-3.183346409e-07
total,15,1,2,Supply shock,Energy demand growth,-1.291666568e-06,-1.222622728e-06,-7.952304357e-07,-3.2372225e-07
total,15,1,3,Supply shock,Employment change,-1.234470029e-06,-1.148110063e-06,-7.453968044e-07,-3.074511621e-07
total,15,1,4,Supply shock,Inflation,0.04864059104,-0.0499595306,-0.01631517999,0.01040012399
total,15,1,5,Supply shock,Interest rate,0.1044371111,-0.1072690306,-0.03503062421,0.02233029825
total,15,2,1,Demand shock,GDP growth,3.994455966e-08,-9.946344667e-07,-4.022753874e-07,1.79320176e-07
total,15,2,2,Demand shock,Energy demand growth,1.74605518e-07,-1.029908367e-06,-4.11768486e-07,1.733439718e-07
total,15,2,3,Demand shock,Employment change,1.188897707e-08,-9.857022201e-07,-4.108866243e-07,1.283495676e-07
total,15,2,4,Demand shock,Inflation,0.00540174431,0.01999775892,0.0500313245,0.07528127677
total,15,2,5,Demand shock,Interest rate,0.01159818495,0.04293755742,0.1074231806,0.1616378194
total,15,3,1,Monetary policy shock,GDP growth,6.824766343e-08,-4.385394367e-09,1.836897269e-07,3.798586826e-07
total,15,3,2,Monetary policy shock,Energy demand growth,8.870854283e-08,-3.201042162e-08,1.589145159e-07,3.55758384e-07
total,15,3,3,Monetary policy shock,Employment change,6.523576594e-08,-4.359199145e-08,1.248177234e-07,3.126392704e-07
total,15,3,4,Monetary policy shock,Inflation,0.03166200293,-0.003518062917,0.000228689888,0.00421706987
total,15,3,5,Monetary policy shock,Interest rate,0.0679820711,-0.007553697847,0.0004910242811,0.009054548583
total,15,4,1,Unrestricted shock 4,GDP growth,5.905599166e-07,-8.916679479e-07,1.208175152e-08,8.970202512e-07
total,15,4,2,Unrestricted shock 4,Energy demand growth,5.693261412e-07,-9.143106962e-07,2.094162164e-08,9.226326864e-07
total,15,4,3,Unrestricted shock 4,Employment change,5.36893503e-07,-8.706611526e-07,1.917693768e-08,8.810102608e-07
total,15,4,4,Unrestricted shock 4,Inflation,0.06164712658,-0.05891346711,0.001252360264,0.05858082473
total,15,4,5,Unrestricted shock 4,Interest rate,0.1323636838,-0.126494193,0.002688965846,0.1257799704
total,15,5,1,Unrestricted shock 5,GDP growth,1.358575174e-07,-8.871664794e-07,-6.243390424e-09,8.971045148e-07
total,15,5,2,Unrestricted shock 5,Energy demand growth,1.082216998e-07,-9.114024075e-07,4.189999752e-09,9.193262867e-07
total,15,5,3,Unrestricted shock 5,Employment change,5.932704473e-08,-8.588321724e-07,-2.775204767e-09,8.689335825e-07
total,15,5,4,Unrestricted shock 5,Inflation,0.009683451403,-0.05883838833,-0.002963964936,0.05868262991
total,15,5,5,Unrestricted shock 5,Interest rate,0.02079151731,-0.12633299,-0.006363983842,0.1259985582
total,16,1,1,Supply shock,GDP growth,-4.988460074e-07,-4.745410929e-07,-3.100686175e-07,-1.26040002e-07
total,16,1,2,Supply shock,Energy demand growth,-5.114167164e-07,-4.840798057e-07,-3.148600021e-07,-1.28173148e-07
total,16,1,3,Supply shock,Employment change,-4.887705731e-07,-4.545775922e-07,-2.951290957e-07,-1.217308458e-07
total,16,1,4,Supply shock,Inflation,0.04864059104,-0.0499595306,-0.01631517999,0.01040012399
total,16,1,5,Supply shock,Interest rate,0.1044371111,-0.1072690306,-0.03503062421,0.02233029825
total,16,2,1,Demand shock,GDP growth,1.581547131e-08,-3.938111473e-07,-1.592751278e-07,7.099923301e-08
total,16,2,2,Demand shock,Energy demand growth,6.913253226e-08,-4.077773386e-07,-1.630337831e-07,6.863304127e-08
total,16,2,3,Demand shock,Employment change,4.707268708e-09,-3.902745533e-07,-1.626846227e-07,5.081815699e-08
total,16,2,4,Demand shock,Inflation,0.00540174431,0.01999775892,0.0500313245,0.07528127677
total,16,2,5,Demand shock,Interest rate,0.01159818495,0.04293755742,0.1074231806,0.1616378194
total,16,3,1,Monetary policy shock,GDP growth,2.702167634e-08,-1.736333543e-09,7.272929355e-08,1.503995575e-07
total,16,3,2,Monetary policy shock,Energy demand growth,3.512286594e-08,-1.267406398e-08,6.291990669e-08,1.408573924e-07
total,16,3,3,Monetary policy shock,Employment change,2.582915904e-08,-1.725961923e-08,4.941977432e-08,1.237850023e-07
total,16,3,4,Monetary policy shock,Inflation,0.03166200293,-0.003518062917,0.000228689888,0.00421706987
total,16,3,5,Monetary policy shock,Interest rate,0.0679820711,-0.007553697847,0.0004910242811,0.009054548583
total,16,4,1,Unrestricted shock 4,GDP growth,2.33823667e-07,-3.530430418e-07,4.783594965e-09,3.551622089e-07
total,16,4,2,Unrestricted shock 4,Energy demand growth,2.254164604e-07,-3.620081108e-07,8.291532537e-09,3.653030826e-07
total,16,4,3,Unrestricted shock 4,Employment change,2.125752259e-07,-3.447257047e-07,7.59283142e-09,3.488232846e-07
total,16,4,4,Unrestricted shock 4,Inflation,0.06164712658,-0.05891346711,0.001252360264,0.05858082473
total,16,4,5,Unrestricted shock 4,Interest rate,0.1323636838,-0.126494193,0.002688965846,0.1257799704
total,16,5,1,Unrestricted shock 5,GDP growth,5.379082123e-08,-3.512607504e-07,-2.471980238e-09,3.551955719e-07
total,16,5,2,Unrestricted shock 5,Energy demand growth,4.284881854e-08,-3.60856616e-07,1.658969868e-09,3.639939615e-07
total,16,5,3,Unrestricted shock 5,Employment change,2.348968625e-08,-3.400421908e-07,-1.098802233e-09,3.440416983e-07
total,16,5,4,Unrestricted shock 5,Inflation,0.009683451403,-0.05883838833,-0.002963964936,0.05868262991
total,16,5,5,Unrestricted shock 5,Interest rate,0.02079151731,-0.12633299,-0.006363983842,0.1259985582
total,17,1,1,Supply shock,GDP growth,-1.975108697e-07,-1.878876899e-07,-1.227671895e-07,-4.990371785e-08
total,17,1,2,Supply shock,Energy demand growth,-2.024880603e-07,-1.916644054e-07,-1.24664269e-07,-5.074830619e-08
total,17,1,3,Supply shock,Employment change,-1.93521647e-07,-1.799834302e-07,-1.168521016e-07,-4.819756972e-08
total,17,1,4,Supply shock,Inflation,0.04864059104,-0.0499595306,-0.01631517999,0.01040012399
total,17,1,5,Supply shock,Interest rate,0.1044371111,-0.1072690306,-0.03503062421,0.02233029825
total,17,2,1,Demand shock,GDP growth,6.261907373e-09,-1.559238343e-07,-6.306268577e-08,2.811112056e-08
total,17,2,2,Demand shock,Energy demand growth,2.737202737e-08,-1.614535459e-07,-6.455087102e-08,2.717426113e-08
total,17,2,3,Demand shock,Employment change,1.863775038e-09,-1.54523571e-07,-6.441262601e-08,2.012071508e-08
total,17,2,4,Demand shock,Inflation,0.00540174431,0.01999775892,0.0500313245,0.07528127677
total,17,2,5,Demand shock,Interest rate,0.01159818495,0.04293755742,0.1074231806,0.1616378194
total,17,3,1,Monetary policy shock,GDP growth,1.069884236e-08,-6.874761809e-10,2.879611304e-08,5.954853191e-08
total,17,3,2,Monetary policy shock,Energy demand growth,1.390639134e-08,-5.018112526e-09,2.491222803e-08,5.577044952e-08
total,17,3,3,Monetary policy shock,Employment change,1.022668236e-08,-6.833696878e-09,1.956704566e-08,4.901088331e-08
total,17,3,4,Monetary policy shock,Inflation,0.03166200293,-0.003518062917,0.000228689888,0.00421706987
total,17,3,5,Monetary policy shock,Interest rate,0.0679820711,-0.007553697847,0.0004910242811,0.009054548583
total,17,4,1,Unrestricted shock 4,GDP growth,9.257910283e-08,-1.397822919e-07,1.893995316e-09,1.406213455e-07
total,17,4,2,Unrestricted shock 4,Energy demand growth,8.925039083e-08,-1.433318815e-07,3.282912518e-09,1.446364779e-07
total,17,4,3,Unrestricted shock 4,Employment change,8.416608954e-08,-1.364891624e-07,3.006271905e-09,1.3811154e-07
total,17,4,4,Unrestricted shock 4,Inflation,0.06164712658,-0.05891346711,0.001252360264,0.05858082473
total,17,4,5,Unrestricted shock 4,Interest rate,0.1323636838,-0.126494193,0.002688965846,0.1257799704
total,17,5,1,Unrestricted shock 5,GDP growth,2.129769853e-08,-1.390766193e-07,-9.78744862e-10,1.406345551e-07
total,17,5,2,Unrestricted shock 5,Energy demand growth,1.696537065e-08,-1.428759637e-07,6.568451515e-10,1.441181503e-07
total,17,5,3,Unrestricted shock 5,Employment change,9.300401906e-09,-1.346347928e-07,-4.350548696e-10,1.3621834e-07
total,17,5,4,Unrestricted shock 5,Inflation,0.009683451403,-0.05883838833,-0.002963964936,0.05868262991
total,17,5,5,Unrestricted shock 5,Interest rate,0.02079151731,-0.12633299,-0.006363983842,0.1259985582
total,18,1,1,Supply shock,GDP growth,-7.820157534e-08,-7.439141634e-08,-4.860789501e-08,-1.975865611e-08
total,18,1,2,Supply shock,Energy demand growth,-8.017222207e-08,-7.58867523e-08,-4.935901623e-08,-2.009305866e-08
total,18,1,3,Supply shock,Employment change,-7.662210027e-08,-7.126183892e-08,-4.626590145e-08,-1.908313141e-08
total,18,1,4,Supply shock,Inflation,0.04864059104,-0.0499595306,-0.01631517999,0.01040012399
total,18,1,5,Supply shock,Interest rate,0.1044371111,-0.1072690306,-0.03503062421,0.02233029825
total,18,2,1,Demand shock,GDP growth,2.479311757e-09,-6.173578951e-08,-2.496875935e-08,1.113019206e-08
total,18,2,2,Demand shock,Energy demand growth,1.083755879e-08,-6.392519894e-08,-2.555798479e-08,1.07592561e-08
total,18,2,3,Demand shock,Employment change,7.379347997e-10,-6.118137548e-08,-2.550324868e-08,7.966506444e-09
total,18,2,4,Demand shock,Inflation,0.00540174431,0.01999775892,0.0500313245,0.07528127677
total,18,2,5,Demand shock,Interest rate,0.01159818495,0.04293755742,0.1074231806,0.1616378194
total,18,3,1,Monetary policy shock,GDP growth,4.236052062e-09,-2.721962617e-10,1.140140493e-08,2.35773809e-08
total,18,3,2,Monetary policy shock,Energy demand growth,5.50603474e-09,-1.986849157e-09,9.863636776e-09,2.208150375e-08
total,18,3,3,Monetary policy shock,Employment change,4.049107133e-09,-2.705703551e-09,7.747289038e-09,1.940515117e-08
total,18,3,4,Monetary policy shock,Inflation,0.03166200293,-0.003518062917,0.000228689888,0.00421706987
total,18,3,5,Monetary policy shock,Interest rate,0.0679820711,-0.007553697847,0.0004910242811,0.009054548583
total,18,4,1,Unrestricted shock 4,GDP growth,3.665535825e-08,-5.5344779e-08,7.499000824e-10,5.567699015e-08
total,18,4,2,Unrestricted shock 4,Energy demand growth,3.533740282e-08,-5.67501877e-08,1.299821782e-09,5.726672383e-08
total,18,4,3,Unrestricted shock 4,Employment change,3.332434718e-08,-5.404091196e-08,1.190289928e-09,5.468326891e-08
total,18,4,4,Unrestricted shock 4,Inflation,0.06164712658,-0.05891346711,0.001252360264,0.05858082473
total,18,4,5,Unrestricted shock 4,Interest rate,0.1323636838,-0.126494193,0.002688965846,0.1257799704
total,18,5,1,Unrestricted shock 5,GDP growth,8.432516041e-09,-5.506537815e-08,-3.875198879e-10,5.56822203e-08
total,18,5,2,Unrestricted shock 5,Energy demand growth,6.717193406e-09,-5.656967365e-08,2.600683481e-10,5.70614995e-08
total,18,5,3,Unrestricted shock 5,Employment change,3.682359769e-09,-5.330670109e-08,-1.722536902e-10,5.393368372e-08
total,18,5,4,Unrestricted shock 5,Inflation,0.009683451403,-0.05883838833,-0.002963964936,0.05868262991
total,18,5,5,Unrestricted shock 5,Interest rate,0.02079151731,-0.12633299,-0.006363983842,0.1259985582
total,19,1,1,Supply shock,GDP growth,-3.096278396e-08,-2.945420655e-08,-1.924559378e-08,-7.823154427e-09
total,19,1,2,Supply shock,Energy demand growth,-3.174303306e-08,-3.004626322e-08,-1.954298937e-08,-7.955556286e-09
total,19,1,3,Supply shock,Employment change,-3.033741362e-08,-2.821509558e-08,-1.831831526e-08,-7.55569018e-09
total,19,1,4,Supply shock,Inflation,0.04864059104,-0.0499595306,-0.01631517999,0.01040012399
total,19,1,5,Supply shock,Interest rate,0.1044371111,-0.1072690306,-0.03503062421,0.02233029825
total,19,2,1,Demand shock,GDP growth,9.816476707e-10,-2.444339394e-08,-9.886019533e-09,4.406838744e-09
total,19,2,2,Demand shock,Energy demand growth,4.290974828e-09,-2.531025898e-08,-1.011931484e-08,4.259972011e-09
total,19,2,3,Demand shock,Employment change,2.921746228e-10,-2.422388172e-08,-1.009764286e-08,3.154223132e-09
total,19,2,4,Demand shock,Inflation,0.00540174431,0.01999775892,0.0500313245,0.07528127677
total,19,2,5,Demand shock,Interest rate,0.01159818495,0.04293755742,0.1074231806,0.1616378194
total,19,3,1,Monetary policy shock,GDP growth,1.677203615e-09,-1.077721773e-10,4.514221563e-09,9.335123336e-09
total,19,3,2,Monetary policy shock,Energy demand growth,2.180034908e-09,-7.866642189e-10,3.905364478e-09,8.742852394e-09
total,19,3,3,Monetary policy shock,Employment change,1.603185471e-09,-1.071284231e-09,3.067427167e-09,7.683189255e-09
total,19,3,4,Monetary policy shock,Inflation,0.03166200293,-0.003518062917,0.000228689888,0.00421706987
total,19,3,5,Monetary policy shock,Interest rate,0.0679820711,-0.007553697847,0.0004910242811,0.009054548583
total,19,4,1,Unrestricted shock 4,GDP growth,1.451315953e-08,-2.191296566e-08,2.969121036e-10,2.204449987e-08
total,19,4,2,Unrestricted shock 4,Energy demand growth,1.399133412e-08,-2.246941693e-08,5.146456558e-10,2.267393195e-08
total,19,4,3,Unrestricted shock 4,Employment change,1.319429382e-08,-2.139671835e-08,4.712781006e-10,2.16510503e-08
total,19,4,4,Unrestricted shock 4,Inflation,0.06164712658,-0.05891346711,0.001252360264,0.05858082473
total,19,4,5,Unrestricted shock 4,Interest rate,0.1323636838,-0.126494193,0.002688965846,0.1257799704
total,19,5,1,Unrestricted shock 5,GDP growth,3.338732899e-09,-2.180234093e-08,-1.53432901e-10,2.204657067e-08
total,19,5,2,Unrestricted shock 5,Energy demand growth,2.659575684e-09,-2.2397945e-08,1.029703051e-10,2.259267634e-08
total,19,5,3,Unrestricted shock 5,Employment change,1.457977151e-09,-2.110601816e-08,-6.820136005e-11,2.135426287e-08
total,19,5,4,Unrestricted shock 5,Inflation,0.009683451403,-0.05883838833,-0.002963964936,0.05868262991
total,19,5,5,Unrestricted shock 5,Interest rate,0.02079151731,-0.12633299,-0.006363983842,0.1259985582
total,20,1,1,Supply shock,GDP growth,-1.225926698e-08,-1.166196755e-08,-7.62001481e-09,-3.097464972e-09
total,20,1,2,Supply shock,Energy demand growth,-1.256819534e-08,-1.189638383e-08,-7.737764299e-09,-3.149887575e-09
total,20,1,3,Supply shock,Employment change,-1.201166063e-08,-1.117135946e-08,-7.252872278e-09,-2.991566368e-09
total,20,1,4,Supply shock,Inflation,0.04864059104,-0.0499595306,-0.01631517999,0.01040012399
total,20,1,5,Supply shock,Interest rate,0.1044371111,-0.1072690306,-0.03503062421,0.02233029825
total,20,2,1,Demand shock,GDP growth,3.886692131e-10,-9.67800869e-09,-3.914226608e-09,1.744824134e-09
total,20,2,2,Demand shock,Energy demand growth,1.69894949e-09,-1.002123138e-08,-4.006596512e-09,1.686674373e-09
total,20,2,3,Demand shock,Employment change,1.156823208e-10,-9.591095996e-09,-3.998015808e-09,1.248869079e-09
total,20,2,4,Demand shock,Inflation,0.00540174431,0.01999775892,0.0500313245,0.07528127677
total,20,2,5,Demand shock,Interest rate,0.01159818495,0.04293755742,0.1074231806,0.1616378194
total,20,3,1,Monetary policy shock,GDP growth,6.640645402e-10,-4.267083659e-11,1.78734081e-09,3.696107218e-09
total,20,3,2,Monetary policy shock,Energy demand growth,8.631533262e-10,-3.114683323e-10,1.546272643e-09,3.461606095e-09
total,20,3,3,Monetary policy shock,Employment change,6.347581255e-10,-4.24159514e-10,1.214503471e-09,3.042047784e-09
total,20,3,4,Monetary policy shock,Inflation,0.03166200293,-0.003518062917,0.000228689888,0.00421706987
total,20,3,5,Monetary policy shock,Interest rate,0.0679820711,-0.007553697847,0.0004910242811,0.009054548583
total,20,4,1,Unrestricted shock 4,GDP growth,5.746275839e-09,-8.676122171e-09,1.175580579e-10,8.72820124e-09
total,20,4,2,Unrestricted shock 4,Energy demand growth,5.539666607e-09,-8.896441013e-09,2.037665122e-10,8.977415779e-09
total,20,4,3,Unrestricted shock 4,Employment change,5.224090016e-09,-8.471721504e-09,1.865957552e-10,8.572420568e-09
total,20,4,4,Unrestricted shock 4,Inflation,0.06164712658,-0.05891346711,0.001252360264,0.05858082473
total,20,4,5,Unrestricted shock 4,Interest rate,0.1323636838,-0.126494193,0.002688965846,0.1257799704
total,20,5,1,Unrestricted shock 5,GDP growth,1.321923056e-09,-8.632321908e-09,-6.074954046e-11,8.729021143e-09
total,20,5,2,Unrestricted shock 5,Energy demand growth,1.053020568e-09,-8.868142735e-09,4.076960468e-11,8.945243795e-09
total,20,5,3,Unrestricted shock 5,Employment change,5.772649889e-10,-8.356622966e-09,-2.700334319e-11,8.454911873e-09
total,20,5,4,Unrestricted shock 5,Inflation,0.009683451403,-0.05883838833,-0.002963964936,0.05868262991
total,20,5,5,Unrestricted shock 5,Interest rate,0.02079151731,-0.12633299,-0.006363983842,0.1259985582
cumulative,0,1,1,Supply shock,GDP growth,1.266490581,0.0918983815,0.4569438679,0.9146053452
cumulative,0,1,2,Supply shock,Energy demand growth,1.246791299,0.07245594999,0.4434428947,0.8993304034
cumulative,0,1,3,Supply shock,Employment change,1.152735538,0.03563140909,0.3738184114,0.8115276021
cumulative,0,1,4,Supply shock,Inflation,0.09598611774,-0.2425644567,-0.1207246311,-0.02191275722
cumulative,0,1,5,Supply shock,Interest rate,0.08764666108,-0.05619240006,-0.009560144233,0.03288961053
cumulative,0,2,1,Demand shock,GDP growth,0,0.1443413933,0.6182438258,1.072773393
cumulative,0,2,2,Demand shock,Energy demand growth,0.1730242136,0.1414383663,0.6239269224,1.069191284
cumulative,0,2,3,Demand shock,Employment change,0.02650441823,0.1482434552,0.5929486919,0.9977567365
cumulative,0,2,4,Demand shock,Inflation,0.02606958065,0.03614917711,0.1555527117,0.2740325497
cumulative,0,2,5,Demand shock,Interest rate,0.005982328126,0.03210767809,0.07537116878,0.110095254
cumulative,0,3,1,Monetary policy shock,GDP growth,0,-0.2314901709,-0.09290499237,-0.01650433902
cumulative,0,3,2,Monetary policy shock,Energy demand growth,0,-0.264090996,-0.1133392812,0.03545377684
cumulative,0,3,3,Monetary policy shock,Employment change,0.1400970143,-0.2284719454,-0.09689784735,0.01925832568
cumulative,0,3,4,Monetary policy shock,Inflation,0.1388117908,-0.04331697141,-0.01676677387,-0.00252420794
cumulative,0,3,5,Monetary policy shock,Interest rate,0.03848447398,0.0007757758143,0.004646808501,0.01185366523
cumulative,0,4,1,Unrestricted shock 4,GDP growth,0,-0.8548663875,-0.009775420227,0.8701517307
cumulative,0,4,2,Unrestricted shock 4,Energy demand growth,0,-0.8483320886,-0.008290952211,0.8694568441
cumulative,0,4,3,Unrestricted shock 4,Employment change,0,-0.767458421,0.004121275991,0.8015360888
cumulative,0,4,4,Unrestricted shock 4,Inflation,0.2728108186,-0.208004547,0.00630248145,0.2200960046
cumulative,0,4,5,Unrestricted shock 4,Interest rate,0.07429556015,-0.08598917386,-0.000387709502,0.08589198586
cumulative,0,5,1,Unrestricted shock 5,GDP growth,0,-0.848284156,-0.01327597574,0.8370349926
cumulative,0,5,2,Unrestricted shock 5,Energy demand growth,0,-0.8421962128,-0.01768693353,0.8361388655
cumulative,0,5,3,Unrestricted shock 5,Employment change,0,-0.7838483233,-0.01092130961,0.7735201584
cumulative,0,5,4,Unrestricted shock 5,Inflation,0,-0.2175924612,-0.004955335155,0.2133640564
cumulative,0,5,5,Unrestricted shock 5,Interest rate,0.02208856282,-0.08677517002,-0.00361840936,0.08689771144
cumulative,1,1,1,Supply shock,GDP growth,0.7249899198,-0.103390507,0.1381101181,0.4251368062
cumulative,1,1,2,Supply shock,Energy demand growth,0.6916450499,-0.1621365499,0.1197010837,0.4187391288
cumulative,1,1,3,Supply shock,Employment change,0.6221718274,-0.1434712567,0.07374385904,0.3291483445
cumulative,1,1,4,Supply shock,Inflation,0.08343276088,-0.2300813364,-0.1166395831,-0.02348868985
cumulative,1,1,5,Supply shock,Interest rate,0.1575109213,-0.1277642759,-0.0318884842,0.04701296976
cumulative,1,2,1,Demand shock,GDP growth,0.01716779937,0.179053068,0.453719274,0.6816604227
cumulative,1,2,2,Demand shock,Energy demand growth,0.2480680375,0.1334847586,0.4500318529,0.6815619066
cumulative,1,2,3,Demand shock,Employment change,0.03161418974,0.1714150211,0.4120752471,0.6114784838
cumulative,1,2,4,Demand shock,Inflation,0.02467547703,0.03004514473,0.1426453329,0.2550948663
cumulative,1,2,5,Demand shock,Interest rate,0.01374105108,0.06180764607,0.1479749232,0.2180862228
cumulative,1,3,1,Monetary policy shock,GDP growth,0.02933220952,-0.1009941894,-0.03107006645,0.04299691995
cumulative,1,3,2,Monetary policy shock,Energy demand growth,0.03812610474,-0.1976742884,-0.0484087465,0.116579718
cumulative,1,3,3,Monetary policy shock,Employment change,0.1681347383,-0.09681394012,-0.04455121713,0.00338512148
cumulative,1,3,4,Monetary policy shock,Inflation,0.1306403354,-0.04249529452,-0.01703977224,-0.003291432125
cumulative,1,3,5,Monetary policy shock,Interest rate,0.08396176699,-0.003345532611,0.004717731126,0.01772817444
cumulative,1,4,1,Unrestricted shock 4,GDP growth,0.2538171468,-0.5331934178,0.002050909366,0.5409511596
cumulative,1,4,2,Unrestricted shock 4,Energy demand growth,0.2446910681,-0.5320171799,0.0004070627977,0.5350046689
cumulative,1,4,3,Unrestricted shock 4,Employment change,0.2307518225,-0.4722482565,-0.001454286076,0.4846621716
cumulative,1,4,4,Unrestricted shock 4,Inflation,0.2569006834,-0.1937807454,0.006512334743,0.2054590673
cumulative,1,4,5,Unrestricted shock 4,Interest rate,0.1628415831,-0.1695026987,0.001571502223,0.1688311003
cumulative,1,5,1,Unrestricted shock 5,GDP growth,0.05839029447,-0.5344183445,-0.01621578218,0.529642719
cumulative,1,5,2,Unrestricted shock 5,Energy demand growth,0.04651267772,-0.5227147539,-0.02224598,0.5212108086
cumulative,1,5,3,Unrestricted shock 5,Employment change,0.02549821076,-0.4723405624,-0.01810021358,0.4726613427
cumulative,1,5,4,Unrestricted shock 5,Inflation,-0.002499143586,-0.2020904855,-0.003997212946,0.1991102122
cumulative,1,5,5,Unrestricted shock 5,Interest rate,0.03599725829,-0.1698213156,-0.007162076921,0.1694675962
cumulative,2,1,1,Supply shock,GDP growth,0.5105905562,-0.210437601,0.01610287957,0.2494253853
cumulative,2,1,2,Supply shock,Energy demand growth,0.4718429127,-0.2688101424,-0.007934159065,0.2617936119
cumulative,2,1,3,Supply shock,Employment change,0.4121027916,-0.238027632,-0.03366284447,0.1539454963
cumulative,2,1,4,Supply shock,Inflation,0.1320733519,-0.2783997011,-0.1328066544,-0.01451198256
cumulative,2,1,5,Supply shock,Interest rate,0.2619480324,-0.2335263751,-0.06589541911,0.06921975463
cumulative,2,2,1,Demand shock,GDP growth,0.0239651415,0.1549100075,0.3856753497,0.5593086125
cumulative,2,2,2,Demand shock,Energy demand growth,0.2777805554,0.0874081944,0.3907406466,0.5669983514
cumulative,2,2,3,Demand shock,Employment change,0.03363732995,0.1506066749,0.3419602515,0.4950918883
cumulative,2,2,4,Demand shock,Inflation,0.03007722134,0.05093253059,0.1917865188,0.3273213229
cumulative,2,2,5,Demand shock,Interest rate,0.02533923603,0.1061254022,0.255110479,0.3784691976
cumulative,2,3,1,Monetary policy shock,GDP growth,0.04094587411,-0.07820893849,0.001724922114,0.08094930109
cumulative,2,3,2,Monetary policy shock,Energy demand growth,0.0532215851,-0.1833710759,-0.01894947191,0.1571906142
cumulative,2,3,3,Monetary policy shock,Employment change,0.1792358701,-0.04993821037,-0.02417324665,0.00436419735
cumulative,2,3,4,Monetary policy shock,Inflation,0.1623023383,-0.04571370054,-0.01627801913,-0.0007313355236
cumulative,2,3,5,Monetary policy shock,Interest rate,0.1519438381,-0.01071747262,0.005117246376,0.02656070213
cumulative,2,4,1,Unrestricted shock 4,GDP growth,0.3543123791,-0.4347585547,0.001467082821,0.4391935627
cumulative,2,4,2,Unrestricted shock 4,Energy demand growth,0.3415729613,-0.4404640067,0.003668460408,0.4535757522
cumulative,2,4,3,Unrestricted shock 4,Employment change,0.3221146729,-0.3873470603,-0.00186733492,0.3925537572
cumulative,2,4,4,Unrestricted shock 4,Inflation,0.31854781,-0.2523826605,0.005957477097,0.2619305108
cumulative,2,4,5,Unrestricted shock 4,Interest rate,0.2952052669,-0.2965281429,0.004140331656,0.2930224862
cumulative,2,5,1,Unrestricted shock 5,GDP growth,0.08150908798,-0.4360928213,-0.01575573839,0.4417209727
cumulative,2,5,2,Unrestricted shock 5,Energy demand growth,0.06492870048,-0.4353068382,-0.01556543753,0.4518882987
cumulative,2,5,3,Unrestricted shock 5,Employment change,0.03559385893,-0.390996155,-0.01449252576,0.3886437213
cumulative,2,5,4,Unrestricted shock 5,Inflation,0.007184307817,-0.2575344199,-0.004701291194,0.2557149728
cumulative,2,5,5,Unrestricted shock 5,Interest rate,0.0567887756,-0.2958541448,-0.01207938492,0.2952720144
cumulative,3,1,1,Supply shock,GDP growth,0.4257022257,-0.2529532443,-0.03488849934,0.1860798037
cumulative,3,1,2,Supply shock,Energy demand growth,0.3848154321,-0.3149150244,-0.06201508255,0.2094875539
cumulative,3,1,3,Supply shock,Employment change,0.3289289917,-0.2820794665,-0.07732717226,0.08846112485
cumulative,3,1,4,Supply shock,Inflation,0.1807139429,-0.3280575771,-0.1486487885,-0.006880752703
cumulative,3,1,5,Supply shock,Interest rate,0.3663851436,-0.3410296447,-0.1003082207,0.09168303511
cumulative,3,2,1,Demand shock,GDP growth,0.02665645091,0.1369627802,0.3612902265,0.5249027849
cumulative,3,2,2,Demand shock,Energy demand growth,0.2895447976,0.06041450011,0.3600396224,0.5355897427
cumulative,3,2,3,Demand shock,Employment change,0.03443836309,0.1305895189,0.3133451904,0.4627470639
cumulative,3,2,4,Demand shock,Inflation,0.03547896565,0.07128686264,0.242723362,0.401136146
cumulative,3,2,5,Demand shock,Interest rate,0.03693742098,0.1495794238,0.3622460089,0.5398936336
cumulative,3,3,1,Monetary policy shock,GDP growth,0.04554413682,-0.07142629822,0.01576511514,0.0990092236
cumulative,3,3,2,Monetary policy shock,Energy demand growth,0.05919842245,-0.1796705328,-0.00793151386,0.172460729
cumulative,3,3,3,Monetary policy shock,Employment change,0.1836312028,-0.03824085593,-0.01465821948,0.008488822745
cumulative,3,3,4,Monetary policy shock,Inflation,0.1939643412,-0.04920888195,-0.01569007436,0.002236480131
cumulative,3,3,5,Monetary policy shock,Interest rate,0.2199259092,-0.01811327297,0.005691215149,0.03569297966
cumulative,3,4,1,Unrestricted shock 4,GDP growth,0.3941020145,-0.402257141,0.003888471342,0.4090529912
cumulative,3,4,2,Unrestricted shock 4,Energy demand growth,0.3799319473,-0.4155656962,0.007061717105,0.4289077134
cumulative,3,4,3,Unrestricted shock 4,Employment change,0.3582884736,-0.3621566516,0.001961972077,0.3597166669
cumulative,3,4,4,Unrestricted shock 4,Inflation,0.3801949366,-0.3085338898,0.006889479941,0.3156514314
cumulative,3,4,5,Unrestricted shock 4,Interest rate,0.4275689507,-0.4216990412,0.008848323555,0.4186052198
cumulative,3,5,1,Unrestricted shock 5,GDP growth,0.09066264027,-0.4049471286,-0.01432402281,0.4087029782
cumulative,3,5,2,Unrestricted shock 5,Energy demand growth,0.07222025863,-0.4167397085,-0.0116433868,0.4280509373
cumulative,3,5,3,Unrestricted shock 5,Employment change,0.03959108497,-0.3619633143,-0.01430136945,0.3593129765
cumulative,3,5,4,Unrestricted shock 5,Inflation,0.01686775922,-0.3183654733,-0.008621041127,0.3116742754
cumulative,3,5,5,Unrestricted shock 5,Interest rate,0.07758029291,-0.4187919764,-0.01792931512,0.4196223644
cumulative,4,1,1,Supply shock,GDP growth,0.3920919176,-0.2711452764,-0.05552397384,0.1618921167
cumulative,4,1,2,Supply shock,Energy demand growth,0.3503581584,-0.3332538289,-0.08464102515,0.1860944826
cumulative,4,1,3,Supply shock,Employment change,0.2959975273,-0.2990078107,-0.09778704868,0.06346442193
cumulative,4,1,4,Supply shock,Inflation,0.229354534,-0.3764616989,-0.1641553881,0.0006384685005
cumulative,4,1,5,Supply shock,Interest rate,0.4708222547,-0.4488809389,-0.1351537927,0.1144982815
cumulative,4,2,1,Demand shock,GDP growth,0.02772203599,0.1270451333,0.3519201411,0.5134550989
cumulative,4,2,2,Demand shock,Energy demand growth,0.2942026793,0.04914744347,0.3472401494,0.527148561
cumulative,4,2,3,Demand shock,Employment change,0.03475552058,0.1209589888,0.3006437491,0.451854328
cumulative,4,2,4,Demand shock,Inflation,0.04088070996,0.09192795202,0.2911609779,0.4754287278
cumulative,4,2,5,Demand shock,Interest rate,0.04853560593,0.1915397479,0.4697892754,0.7008971682
cumulative,4,3,1,Monetary policy shock,GDP growth,0.0473647525,-0.07062287194,0.0213597342,0.1067770794
cumulative,4,3,2,Monetary policy shock,Energy demand growth,0.06156486486,-0.1783265725,-0.002282720079,0.1800235558
cumulative,4,3,3,Monetary policy shock,Employment change,0.1853714713,-0.03543991685,-0.01055075781,0.0115306258
cumulative,4,3,4,Monetary policy shock,Inflation,0.2256263442,-0.05265005125,-0.0152503831,0.005969324967
cumulative,4,3,5,Monetary policy shock,Interest rate,0.2879079803,-0.02533267232,0.006043799918,0.04468617044
cumulative,4,4,1,Unrestricted shock 4,GDP growth,0.4098561457,-0.3930034016,0.003492127924,0.4003932757
cumulative,4,4,2,Unrestricted shock 4,Energy demand growth,0.3951196336,-0.4122530707,0.007720383351,0.4226755669
cumulative,4,4,3,Unrestricted shock 4,Employment change,0.3726109674,-0.3550354269,0.00780689601,0.3523466116
cumulative,4,4,4,Unrestricted shock 4,Inflation,0.4418420632,-0.367530186,0.003730626627,0.3742516291
cumulative,4,4,5,Unrestricted shock 4,Interest rate,0.5599326345,-0.5462987139,0.0112436182,0.5461294389
cumulative,4,5,1,Unrestricted shock 5,GDP growth,0.09428685705,-0.3997187645,-0.01297800447,0.3983707151
cumulative,4,5,2,Unrestricted shock 5,Energy demand growth,0.07510724573,-0.4085271694,-0.006375090003,0.4219468593
cumulative,4,5,3,Unrestricted shock 5,Employment change,0.04117372887,-0.3526123136,-0.01472753246,0.352083622
cumulative,4,5,4,Unrestricted shock 5,Inflation,0.02655121062,-0.3766061534,-0.01055822445,0.36866216
cumulative,4,5,5,Unrestricted shock 5,Interest rate,0.09837181021,-0.5452338246,-0.02465403448,0.545175133
cumulative,5,1,1,Supply shock,GDP growth,0.3787844017,-0.2793838033,-0.06210120597,0.1544360356
cumulative,5,1,2,Supply shock,Energy demand growth,0.3367152987,-0.3410396285,-0.09276713883,0.1772963355
cumulative,5,1,3,Supply shock,Employment change,0.2829587898,-0.306292951,-0.1043034338,0.05451062704
cumulative,5,1,4,Supply shock,Inflation,0.277995125,-0.4268204964,-0.1783160456,0.01059346199
cumulative,5,1,5,Supply shock,Interest rate,0.5752593658,-0.5558783487,-0.1699259942,0.1368413582
cumulative,5,2,1,Demand shock,GDP growth,0.02814393901,0.1214765561,0.3479155262,0.5087560207
cumulative,5,2,2,Demand shock,Energy demand growth,0.2960469003,0.04231812199,0.3426359264,0.524181032
cumulative,5,2,3,Demand shock,Employment change,0.03488109451,0.1160751049,0.2955728047,0.4489666656
cumulative,5,2,4,Demand shock,Inflation,0.04628245427,0.1132669137,0.3404290185,0.5508600772
cumulative,5,2,5,Demand shock,Interest rate,0.06013379087,0.2326801215,0.576210827,0.8622921494
cumulative,5,3,1,Monetary policy shock,GDP growth,0.04808559898,-0.07034518362,0.02369449427,0.1095113355
cumulative,5,3,2,Monetary policy shock,Energy demand growth,0.06250182354,-0.1776988572,-0.0002445247856,0.1831458657
cumulative,5,3,3,Monetary policy shock,Employment change,0.1860605055,-0.03463092669,-0.00892110315,0.01297926684
cumulative,5,3,4,Monetary policy shock,Inflation,0.2572883471,-0.05598598873,-0.01474449195,0.009560200984
cumulative,5,3,5,Monetary policy shock,Interest rate,0.3558900514,-0.03290383394,0.006410851701,0.05375570791
cumulative,5,4,1,Unrestricted shock 4,GDP growth,0.4160937664,-0.3899294039,0.003672294449,0.3955003382
cumulative,5,4,2,Unrestricted shock 4,Energy demand growth,0.4011329786,-0.4100507579,0.008350184672,0.4176445611
cumulative,5,4,3,Unrestricted shock 4,Employment change,0.3782817518,-0.3526626295,0.008635864218,0.3504107143
cumulative,5,4,4,Unrestricted shock 4,Inflation,0.5034891897,-0.4223072965,0.004659735193,0.4335850645
cumulative,5,4,5,Unrestricted shock 4,Interest rate,0.6922963182,-0.6716952805,0.01434288325,0.6729289785
cumulative,5,5,1,Unrestricted shock 5,GDP growth,0.09572181333,-0.3950363512,-0.01154923157,0.395940009
cumulative,5,5,2,Unrestricted shock 5,Energy demand growth,0.07625030657,-0.4065668395,-0.005090914627,0.4204586931
cumulative,5,5,3,Unrestricted shock 5,Employment change,0.04180035386,-0.3522018937,-0.01559470415,0.3483290854
cumulative,5,5,4,Unrestricted shock 5,Inflation,0.03623466203,-0.4360597534,-0.01516474576,0.4287497828
cumulative,5,5,5,Unrestricted shock 5,Interest rate,0.1191633275,-0.6713705743,-0.03121447851,0.6705039902
cumulative,6,1,1,Supply shock,GDP growth,0.3735154831,-0.2819070949,-0.06500136582,0.1500730453
cumulative,6,1,2,Supply shock,Energy demand growth,0.3313136055,-0.3437973592,-0.09673486168,0.1757127543
cumulative,6,1,3,Supply shock,Employment change,0.27779629,-0.3089138094,-0.107493,0.05064212447
cumulative,6,1,4,Supply shock,Inflation,0.3266357161,-0.4766835244,-0.1936122756,0.02227967434
cumulative,6,1,5,Supply shock,Interest rate,0.679696477,-0.6629131141,-0.2041351656,0.1593361106
cumulative,6,2,1,Demand shock,GDP growth,0.02831098541,0.1184171645,0.3464405698,0.5069805011
cumulative,6,2,2,Demand shock,Energy demand growth,0.296777093,0.03954168573,0.340894602,0.5230045468
cumulative,6,2,3,Demand shock,Employment change,0.0349308137,0.114331001,0.2924946265,0.4472127327
cumulative,6,2,4,Demand shock,Inflation,0.05168419858,0.1354503697,0.3905292585,0.6253008387
cumulative,6,2,5,Demand shock,Interest rate,0.07173197582,0.2772318907,0.6835417519,1.023041432
cumulative,6,3,1,Monetary policy shock,GDP growth,0.04837100773,-0.07053880376,0.0245589917,0.1106211692
cumulative,6,3,2,Monetary policy shock,Energy demand growth,0.06287279879,-0.1776000283,0.0005026026956,0.18422988
cumulative,6,3,3,Monetary policy shock,Employment change,0.1863333186,-0.03436191719,-0.008331957535,0.01357230834
cumulative,6,3,4,Monetary policy shock,Inflation,0.28895035,-0.05961643091,-0.01442248894,0.01348967205
cumulative,6,3,5,Monetary policy shock,Interest rate,0.4238721225,-0.04030312493,0.006758107282,0.06274712603
cumulative,6,4,1,Unrestricted shock 4,GDP growth,0.4185634622,-0.388222879,0.00284733668,0.3934878074
cumulative,6,4,2,Unrestricted shock 4,Energy demand growth,0.4035138756,-0.4083887789,0.007961361742,0.4161643309
cumulative,6,4,3,Unrestricted shock 4,Employment change,0.380527017,-0.351744728,0.008758421292,0.3502982198
cumulative,6,4,4,Unrestricted shock 4,Inflation,0.5651363163,-0.4814075144,0.007632036508,0.4902933555
cumulative,6,4,5,Unrestricted shock 4,Interest rate,0.824660002,-0.7983841507,0.0160342075,0.7974017629
cumulative,6,5,1,Unrestricted shock 5,GDP growth,0.09628996353,-0.3940685773,-0.01305075794,0.3939781234
cumulative,6,5,2,Unrestricted shock 5,Energy demand growth,0.07670288499,-0.4052132647,-0.004079501407,0.4207956115
cumulative,6,5,3,Unrestricted shock 5,Employment change,0.04204845697,-0.3510351334,-0.01566121188,0.3470070567
cumulative,6,5,4,Unrestricted shock 5,Inflation,0.04591811343,-0.4944380556,-0.01625967912,0.4850744822
cumulative,6,5,5,Unrestricted shock 5,Interest rate,0.1399548448,-0.7996937036,-0.0376249132,0.7956343532
cumulative,7,1,1,Supply shock,GDP growth,0.3714293309,-0.2832441179,-0.06616148203,0.1489338936
cumulative,7,1,2,Supply shock,Energy demand growth,0.3291748831,-0.3450326534,-0.09760021201,0.1750389193
cumulative,7,1,3,Supply shock,Employment change,0.2757522728,-0.3101387966,-0.1087128688,0.04945603674
cumulative,7,1,4,Supply shock,Inflation,0.3752763071,-0.5257520424,-0.2095042514,0.03165533855
cumulative,7,1,5,Supply shock,Interest rate,0.7841335881,-0.7698424721,-0.2392834291,0.1817029829
cumulative,7,2,1,Demand shock,GDP growth,0.02837712503,0.1170114018,0.3457105444,0.5060600012
cumulative,7,2,2,Demand shock,Energy demand growth,0.2970662022,0.03840089647,0.3404882132,0.5225630721
cumulative,7,2,3,Demand shock,Employment change,0.03495049929,0.1136684055,0.2915245998,0.4466679832
cumulative,7,2,4,Demand shock,Inflation,0.05708594289,0.1565691136,0.4403125705,0.7001620425
cumulative,7,2,5,Demand shock,Interest rate,0.08333016077,0.320313544,0.7909769492,1.184242192
cumulative,7,3,1,Monetary policy shock,GDP growth,0.0484840112,-0.07062030906,0.02491865278,0.1112214404
cumulative,7,3,2,Monetary policy shock,Energy demand growth,0.06301968108,-0.1774938752,0.0009060879355,0.1846600548
cumulative,7,3,3,Monetary policy shock,Employment change,0.186441335,-0.03429591807,-0.008082641818,0.01380836333
cumulative,7,3,4,Monetary policy shock,Inflation,0.3206123529,-0.06316124176,-0.01387031562,0.01714869638
cumulative,7,3,5,Monetary policy shock,Interest rate,0.4918541936,-0.04784088637,0.007097516839,0.07172190704
cumulative,7,4,1,Unrestricted shock 4,GDP growth,0.4195413025,-0.3881603881,0.00214010033,0.3934566758
cumulative,7,4,2,Unrestricted shock 4,Energy demand growth,0.4044565574,-0.407457274,0.007149332164,0.415549138
cumulative,7,4,3,Unrestricted shock 4,Employment change,0.3814159973,-0.3509315774,0.008449165212,0.3495109384
cumulative,7,4,4,Unrestricted shock 4,Inflation,0.6267834429,-0.5396580941,0.005536125417,0.5468466116
cumulative,7,4,5,Unrestricted shock 4,Interest rate,0.9570236858,-0.9247841129,0.01989929563,0.9215112745
cumulative,7,5,1,Unrestricted shock 5,GDP growth,0.0965149144,-0.3929870816,-0.01256454251,0.3937197222
cumulative,7,5,2,Unrestricted shock 5,Energy demand growth,0.07688207688,-0.4054763902,-0.003858468629,0.4197544745
cumulative,7,5,3,Unrestricted shock 5,Employment change,0.04214668981,-0.351001222,-0.01518634846,0.3462406211
cumulative,7,5,4,Unrestricted shock 5,Inflation,0.05560156483,-0.5521236658,-0.02040916125,0.5459994447
cumulative,7,5,5,Unrestricted shock 5,Interest rate,0.1607463621,-0.9273877295,-0.04419586384,0.9204258478
cumulative,8,1,1,Supply shock,GDP growth,0.370603349,-0.2837033023,-0.06688432853,0.1484780911
cumulative,8,1,2,Supply shock,Energy demand growth,0.3283280869,-0.3455407461,-0.09796180338,0.174349078
cumulative,8,1,3,Supply shock,Employment change,0.2749429737,-0.310554522,-0.1091958583,0.04886915359
cumulative,8,1,4,Supply shock,Inflation,0.4239168981,-0.5752846711,-0.2249297067,0.04204588828
cumulative,8,1,5,Supply shock,Interest rate,0.8885706992,-0.8767970315,-0.2748013529,0.2037690002
cumulative,8,2,1,Demand shock,GDP growth,0.02840331205,0.1165408742,0.3454215014,0.5056001236
cumulative,8,2,2,Demand shock,Energy demand growth,0.2971806708,0.03792020236,0.3401684568,0.5221506979
cumulative,8,2,3,Demand shock,Employment change,0.03495829351,0.1132860105,0.2911385415,0.4464672307
cumulative,8,2,4,Demand shock,Inflation,0.0624876872,0.1762602396,0.4908528423,0.7743789006
cumulative,8,2,5,Demand shock,Interest rate,0.09492834572,0.3629108247,0.8988569492,1.34469095
cumulative,8,3,1,Monetary policy shock,GDP growth,0.04852875329,-0.07062761838,0.02509036026,0.1115133456
cumulative,8,3,2,Monetary policy shock,Energy demand growth,0.063077837,-0.1774518454,0.0009357794629,0.1848693919
cumulative,8,3,3,Monetary policy shock,Employment change,0.1864841026,-0.03429540143,-0.007975027343,0.01389454328
cumulative,8,3,4,Monetary policy shock,Inflation,0.3522743559,-0.06665401647,-0.01326149086,0.02131084757
cumulative,8,3,5,Monetary policy shock,Interest rate,0.5598362647,-0.05539437481,0.007541450625,0.08082984904
cumulative,8,4,1,Unrestricted shock 4,GDP growth,0.4199284643,-0.3881280743,0.001849353483,0.3933404169
cumulative,8,4,2,Unrestricted shock 4,Energy demand growth,0.4048297987,-0.4076501694,0.00706444553,0.4151666281
cumulative,8,4,3,Unrestricted shock 4,Employment change,0.3817679762,-0.3506327868,0.008413243543,0.3494193538
cumulative,8,4,4,Unrestricted shock 4,Inflation,0.6884305695,-0.5978088705,0.007575974391,0.6044751329
cumulative,8,4,5,Unrestricted shock 4,Interest rate,1.08938737,-1.050838657,0.02236629254,1.047652451
cumulative,8,5,1,Unrestricted shock 5,GDP growth,0.09660398044,-0.3926466821,-0.01205216907,0.3938129766
cumulative,8,5,2,Unrestricted shock 5,Energy demand growth,0.07695302532,-0.4049496086,-0.003688248026,0.419977525
cumulative,8,5,3,Unrestricted shock 5,Employment change,0.04218558369,-0.3509015179,-0.01494434434,0.3457909141
cumulative,8,5,4,Unrestricted shock 5,Inflation,0.06528501623,-0.6114259164,-0.02478802014,0.6036617387
cumulative,8,5,5,Unrestricted shock 5,Interest rate,0.1815378794,-1.054923608,-0.0500611678,1.045639869
cumulative,9,1,1,Supply shock,GDP growth,0.3702763134,-0.2838879439,-0.06708989299,0.1482976226
cumulative,9,1,2,Supply shock,Energy demand growth,0.3279928102,-0.345763379,-0.09807319674,0.1740611489
cumulative,9,1,3,Supply shock,Employment change,0.2746225435,-0.31071397,-0.109387091,0.04863171611
cumulative,9,1,4,Supply shock,Inflation,0.4725574892,-0.6251436389,-0.2411210906,0.05329797313
cumulative,9,1,5,Supply shock,Interest rate,0.9930078104,-0.9836222565,-0.3105846608,0.2257531502
cumulative,9,2,1,Demand shock,GDP growth,0.02841368042,0.1164324595,0.345307059,0.5054797804
cumulative,9,2,2,Demand shock,Energy demand growth,0.297225993,0.03772987847,0.3400749539,0.5219838723
cumulative,9,2,3,Demand shock,Employment change,0.03496137952,0.11314365,0.290900126,0.4463602158
cumulative,9,2,4,Demand shock,Inflation,0.06788943151,0.1973989714,0.5411423264,0.8471408135
cumulative,9,2,5,Demand shock,Interest rate,0.1065265307,0.4062028845,1.007479209,1.506779545
cumulative,9,3,1,Monetary policy shock,GDP growth,0.04854646828,-0.07063051239,0.02516855434,0.1116079509
cumulative,9,3,2,Monetary policy shock,Energy demand growth,0.063100863,-0.1774352043,0.0009392346002,0.1849795119
cumulative,9,3,3,Monetary policy shock,Employment change,0.1865010358,-0.03428786328,-0.007934776626,0.01392853899
cumulative,9,3,4,Monetary policy shock,Inflation,0.3839363588,-0.07028849112,-0.01289842113,0.0254741967
cumulative,9,3,5,Monetary policy shock,Interest rate,0.6278183358,-0.06295975327,0.008085922014,0.08996689851
cumulative,9,4,1,Unrestricted shock 4,GDP growth,0.4200817554,-0.3879931519,0.001814549004,0.3932855759
cumulative,9,4,2,Unrestricted shock 4,Energy demand growth,0.4049775782,-0.4077044442,0.007030835894,0.4150151788
cumulative,9,4,3,Unrestricted shock 4,Employment change,0.3819073372,-0.3505801646,0.008540701429,0.3494026035
cumulative,9,4,4,Unrestricted shock 4,Inflation,0.7500776961,-0.655144435,0.008988081599,0.665610687
cumulative,9,4,5,Unrestricted shock 4,Interest rate,1.221751053,-1.177037326,0.02322009144,1.173565878
cumulative,9,5,1,Unrestricted shock 5,GDP growth,0.09663924486,-0.3925470136,-0.01185673141,0.3938611827
cumulative,9,5,2,Unrestricted shock 5,Energy demand growth,0.07698111633,-0.4046723419,-0.003892866788,0.420073476
cumulative,9,5,3,Unrestricted shock 5,Employment change,0.04220098316,-0.3508794048,-0.01497430286,0.3456142495
cumulative,9,5,4,Unrestricted shock 5,Inflation,0.07496846764,-0.6690568726,-0.03035744764,0.6586403105
cumulative,9,5,5,Unrestricted shock 5,Interest rate,0.2023293967,-1.18186991,-0.0562792951,1.172716112
cumulative,10,1,1,Supply shock,GDP growth,0.3701468284,-0.2839647649,-0.06715356164,0.1482261687
cumulative,10,1,2,Supply shock,Energy demand growth,0.3278600622,-0.3458515273,-0.09811730134,0.1739471476
cumulative,10,1,3,Supply shock,Employment change,0.2744956737,-0.3107771012,-0.1094628068,0.04851763438
cumulative,10,1,4,Supply shock,Inflation,0.5211980802,-0.6754618498,-0.2569295102,0.06288239414
cumulative,10,1,5,Supply shock,Interest rate,1.097444921,-1.090480313,-0.3445799612,0.2477373003
cumulative,10,2,1,Demand shock,GDP growth,0.02841778563,0.1163895342,0.3452617472,0.5054554801
cumulative,10,2,2,Demand shock,Energy demand growth,0.2972439377,0.03765452248,0.3399923091,0.5219178201
cumulative,10,2,3,Demand shock,Employment change,0.03496260139,0.113087643,0.2908057289,0.446350535
cumulative,10,2,4,Demand shock,Inflation,0.07329117582,0.2179080766,0.5899487733,0.9221502547
cumulative,10,2,5,Demand shock,Interest rate,0.1181247156,0.4496750048,1.115428519,1.668903502
cumulative,10,3,1,Monetary policy shock,GDP growth,0.04855348227,-0.07063165824,0.02520677727,0.1116405661
cumulative,10,3,2,Monetary policy shock,Energy demand growth,0.06310997981,-0.1774286155,0.0009406026119,0.1850231123
cumulative,10,3,3,Monetary policy shock,Employment change,0.1865077402,-0.03427682092,-0.007919166806,0.0139419991
cumulative,10,3,4,Monetary policy shock,Inflation,0.4155983617,-0.07369552831,-0.01276082872,0.02951251288
cumulative,10,3,5,Monetary policy shock,Interest rate,0.6958004069,-0.07057571642,0.008609657836,0.09904079068
cumulative,10,4,1,Unrestricted shock 4,GDP growth,0.4201424488,-0.3879340325,0.00183791147,0.3932683432
cumulative,10,4,2,Unrestricted shock 4,Energy demand growth,0.4050360893,-0.4077242863,0.007017528644,0.4149552147
cumulative,10,4,3,Unrestricted shock 4,Employment change,0.3819625152,-0.3505593295,0.008640738944,0.3493959714
cumulative,10,4,4,Unrestricted shock 4,Inflation,0.8117248227,-0.7131770969,0.01104414495,0.7230512779
cumulative,10,4,5,Unrestricted shock 4,Interest rate,1.354114737,-1.303543857,0.02561538609,1.300331153
cumulative,10,5,1,Unrestricted shock 5,GDP growth,0.09665320729,-0.3925465494,-0.01179402717,0.3938802692
cumulative,10,5,2,Unrestricted shock 5,Energy demand growth,0.07699223856,-0.40456081,-0.00397388263,0.4200167512
cumulative,10,5,3,Unrestricted shock 5,Employment change,0.04220708035,-0.3508706494,-0.015026041,0.3456228766
cumulative,10,5,4,Unrestricted shock 5,Inflation,0.08465191904,-0.7270982209,-0.0327850636,0.717027013
cumulative,10,5,5,Unrestricted shock 5,Interest rate,0.2231209141,-1.30927631,-0.06229535777,1.299873804
cumulative,11,1,1,Supply shock,GDP growth,0.3700955607,-0.283995181,-0.06717877032,0.1481978776
cumulative,11,1,2,Supply shock,Energy demand growth,0.3278075026,-0.3458864284,-0.09813476391,0.1739020104
cumulative,11,1,3,Supply shock,Employment change,0.2744454415,-0.3108020971,-0.1094927854,0.04847218655
cumulative,11,1,4,Supply shock,Inflation,0.5698386712,-0.7253819258,-0.273612857,0.07302130589
cumulative,11,1,5,Supply shock,Interest rate,1.201882033,-1.197578019,-0.3797198722,0.2697214504
cumulative,11,2,1,Demand shock,GDP growth,0.02841941103,0.1163725386,0.3452438066,0.5054458587
cumulative,11,2,2,Demand shock,Energy demand growth,0.2972510426,0.03762468636,0.339959587,0.5218916677
cumulative,11,2,3,Demand shock,Employment change,0.03496308516,0.1130654679,0.2907683537,0.4463467021
cumulative,11,2,4,Demand shock,Inflation,0.07869292013,0.2397201237,0.6378587036,0.9968333564
cumulative,11,2,5,Demand shock,Interest rate,0.1297229006,0.4931471251,1.223286634,1.830672126
cumulative,11,3,1,Monetary policy shock,GDP growth,0.04855625936,-0.07063211192,0.02522191109,0.1116534797
cumulative,11,3,2,Monetary policy shock,Energy demand growth,0.06311358948,-0.1774260067,0.0009435556724,0.1850403752
cumulative,11,3,3,Monetary policy shock,Employment change,0.1865103948,-0.03427178685,-0.007912986324,0.01394808752
cumulative,11,3,4,Monetary policy shock,Inflation,0.4472603646,-0.07723525041,-0.01244812816,0.03393815757
cumulative,11,3,5,Monetary policy shock,Interest rate,0.763782478,-0.07806827278,0.008874155298,0.1080953393
cumulative,11,4,1,Unrestricted shock 4,GDP growth,0.4201664795,-0.3879112053,0.001847161501,0.3932615201
cumulative,11,4,2,Unrestricted shock 4,Energy demand growth,0.4050592559,-0.4077321425,0.007012259831,0.4149314727
cumulative,11,4,3,Unrestricted shock 4,Employment change,0.3819843621,-0.3505510802,0.008689390624,0.3493933455
cumulative,11,4,4,Unrestricted shock 4,Inflation,0.8733719492,-0.7717506195,0.01205972638,0.7804560594
cumulative,11,4,5,Unrestricted shock 4,Interest rate,1.486478421,-1.429402439,0.02801068074,1.426800106
cumulative,11,5,1,Unrestricted shock 5,GDP growth,0.09665873552,-0.3925488856,-0.01176920034,0.3938878262
cumulative,11,5,2,Unrestricted shock 5,Energy demand growth,0.07699664224,-0.4045166506,-0.004005959682,0.4199931259
cumulative,11,5,3,Unrestricted shock 5,Employment change,0.04220949445,-0.3508671828,-0.01504652597,0.3456214354
cumulative,11,5,4,Unrestricted shock 5,Inflation,0.09433537044,-0.7868263968,-0.03651315676,0.7763853295
cumulative,11,5,5,Unrestricted shock 5,Interest rate,0.2439124314,-1.436748184,-0.06895458333,1.425993297
cumulative,12,1,1,Supply shock,GDP growth,0.370075262,-0.2840072238,-0.06718875134,0.1481866762
cumulative,12,1,2,Supply shock,Energy demand growth,0.3277866923,-0.345900247,-0.09814167797,0.173884139
cumulative,12,1,3,Supply shock,Employment change,0.2744255528,-0.3108119938,-0.109504655,0.04845398102
cumulative,12,1,4,Supply shock,Inflation,0.6184792623,-0.7748320409,-0.2905552911,0.08280945298
cumulative,12,1,5,Supply shock,Interest rate,1.306319144,-1.304527034,-0.4152907197,0.2917056004
cumulative,12,2,1,Demand shock,GDP growth,0.02842005458,0.1163658094,0.3452367033,0.5054409194
cumulative,12,2,2,Demand shock,Energy demand growth,0.2972538557,0.03761287318,0.3399466312,0.521881313
cumulative,12,2,3,Demand shock,Employment change,0.03496327671,0.113056688,0.2907550961,0.4463451845
cumulative,12,2,4,Demand shock,Inflation,0.08409466444,0.2607221343,0.6877581051,1.071258336
cumulative,12,2,5,Demand shock,Interest rate,0.1413210855,0.5361646827,1.330926968,1.992082556
cumulative,12,3,1,Monetary policy shock,GDP growth,0.04855735891,-0.07063229155,0.0252279031,0.1116585926
cumulative,12,3,2,Monetary policy shock,Energy demand growth,0.06311501868,-0.1774249738,0.0009493896713,0.1850472103
cumulative,12,3,3,Monetary policy shock,Employment change,0.1865114458,-0.03426979368,-0.007910539251,0.01395174835
cumulative,12,3,4,Monetary policy shock,Inflation,0.4789223676,-0.0804738,-0.01212642127,0.03809395403
cumulative,12,3,5,Monetary policy shock,Interest rate,0.8317645491,-0.08555378291,0.009353859952,0.1171498879
cumulative,12,4,1,Unrestricted shock 4,GDP growth,0.4201759941,-0.3879101531,0.001850823917,0.3932588186
cumulative,12,4,2,Unrestricted shock 4,Energy demand growth,0.4050684284,-0.407735253,0.00701017372,0.4149220724
cumulative,12,4,3,Unrestricted shock 4,Employment change,0.3819930121,-0.350547814,0.008708653553,0.3493923059
cumulative,12,4,4,Unrestricted shock 4,Inflation,0.9350190758,-0.8322243756,0.01197913604,0.8400939962
cumulative,12,4,5,Unrestricted shock 4,Interest rate,1.618842105,-1.555294292,0.03040597538,1.552655074
cumulative,12,5,1,Unrestricted shock 5,GDP growth,0.09666092434,-0.3925498106,-0.01175937051,0.3938908183
cumulative,12,5,2,Unrestricted shock 5,Energy demand growth,0.07699838582,-0.4044991663,-0.004018660128,0.4199837719
cumulative,12,5,3,Unrestricted shock 5,Employment change,0.04221045028,-0.3508658103,-0.01504942808,0.3456208648
cumulative,12,5,4,Unrestricted shock 5,Inflation,0.1040188218,-0.849309077,-0.03905788046,0.8339087438
cumulative,12,5,5,Unrestricted shock 5,Interest rate,0.2647039487,-1.56389892,-0.07561380889,1.552068846
cumulative,13,1,1,Supply shock,GDP growth,0.370067225,-0.284011992,-0.06719270317,0.1481822411
cumulative,13,1,2,Supply shock,Energy demand growth,0.3277784528,-0.3459057182,-0.09814441549,0.1738770631
cumulative,13,1,3,Supply shock,Employment change,0.2744176781,-0.3108159123,-0.1095093545,0.0484467728
cumulative,13,1,4,Supply shock,Inflation,0.6671198533,-0.82486383,-0.3077266561,0.09272206148
cumulative,13,1,5,Supply shock,Interest rate,1.410756255,-1.411559365,-0.4508543175,0.3139018854
cumulative,13,2,1,Demand shock,GDP growth,0.02842030939,0.1163631451,0.3452338908,0.5054386471
cumulative,13,2,2,Demand shock,Energy demand growth,0.2972549695,0.03760819592,0.3399415016,0.5218772132
cumulative,13,2,3,Demand shock,Employment change,0.03496335255,0.1130532117,0.2907569934,0.4463445836
cumulative,13,2,4,Demand shock,Inflation,0.08949640876,0.2825167028,0.7374674412,1.145477386
cumulative,13,2,5,Demand shock,Interest rate,0.1529192705,0.5790289029,1.438087708,2.153443289
cumulative,13,3,1,Monetary policy shock,GDP growth,0.04855779426,-0.07063236267,0.02523027556,0.111660617
cumulative,13,3,2,Monetary policy shock,Energy demand growth,0.06311558455,-0.1774245649,0.0009516995589,0.1850499165
cumulative,13,3,3,Monetary policy shock,Employment change,0.1865118619,-0.03426900451,-0.007909570368,0.0139531978
cumulative,13,3,4,Monetary policy shock,Inflation,0.5105843705,-0.0837666919,-0.01180201299,0.04196535439
cumulative,13,3,5,Monetary policy shock,Interest rate,0.8997466202,-0.09314962018,0.00988495157,0.1262044364
cumulative,13,4,1,Unrestricted shock 4,GDP growth,0.4201797613,-0.3879097365,0.001852273998,0.393257749
cumulative,13,4,2,Unrestricted shock 4,Energy demand growth,0.4050720602,-0.4077364846,0.007009347755,0.4149183505
cumulative,13,4,3,Unrestricted shock 4,Employment change,0.3819964369,-0.3505460201,0.008716280432,0.3493918942
cumulative,13,4,4,Unrestricted shock 4,Inflation,0.9966662024,-0.891309499,0.01345042438,0.8985227112
cumulative,13,4,5,Unrestricted shock 4,Interest rate,1.751205788,-1.682142897,0.03304393174,1.67764223
cumulative,13,5,1,Unrestricted shock 5,GDP growth,0.09666179097,-0.3925501769,-0.01175547853,0.393892003
cumulative,13,5,2,Unrestricted shock 5,Energy demand growth,0.07699907616,-0.4044922436,-0.004023688686,0.4199800683
cumulative,13,5,3,Unrestricted shock 5,Employment change,0.04221082872,-0.3508652669,-0.01504379198,0.3456206389
cumulative,13,5,4,Unrestricted shock 5,Inflation,0.1137022732,-0.9105898291,-0.0418833467,0.8917994168
cumulative,13,5,5,Unrestricted shock 5,Interest rate,0.285495466,-1.690559455,-0.08134397684,1.678802124
cumulative,14,1,1,Supply shock,GDP growth,0.3700640429,-0.2840138799,-0.06719426785,0.1481804851
cumulative,14,1,2,Supply shock,Energy demand growth,0.3277751905,-0.3459078845,-0.09814549937,0.1738742614
cumulative,14,1,3,Supply shock,Employment change,0.2744145602,-0.3108174638,-0.1095112153,0.04844391881
cumulative,14,1,4,Supply shock,Inflation,0.7157604443,-0.8751706319,-0.3251098524,0.1026552044
cumulative,14,1,5,Supply shock,Interest rate,1.515193366,-1.518586628,-0.4855151697,0.3362041567
cumulative,14,2,1,Demand shock,GDP growth,0.02842041027,0.1163620902,0.3452327773,0.5054377474
cumulative,14,2,2,Demand shock,Energy demand growth,0.2972554105,0.03760634403,0.3399394706,0.52187559
cumulative,14,2,3,Demand shock,Employment change,0.03496338258,0.1130518353,0.2907577446,0.4463443457
cumulative,14,2,4,Demand shock,Inflation,0.09489815307,0.3028638862,0.7887431215,1.220685766
cumulative,14,2,5,Demand shock,Interest rate,0.1645174554,0.6219500281,1.545914452,2.314690912
cumulative,14,3,1,Monetary policy shock,GDP growth,0.04855796663,-0.07063239083,0.02523121489,0.1116614185
cumulative,14,3,2,Monetary policy shock,Energy demand growth,0.0631158086,-0.177424403,0.0009526141255,0.185050988
cumulative,14,3,3,Monetary policy shock,Employment change,0.1865120267,-0.03426869205,-0.007909186752,0.01395377169
cumulative,14,3,4,Monetary policy shock,Inflation,0.5422463734,-0.08726779779,-0.01145245044,0.04619169393
cumulative,14,3,5,Monetary policy shock,Interest rate,0.9677286913,-0.1007505876,0.01039435008,0.1352306963
cumulative,14,4,1,Unrestricted shock 4,GDP growth,0.4201812528,-0.3879095716,0.001852848136,0.3932573255
cumulative,14,4,2,Unrestricted shock 4,Energy demand growth,0.4050734981,-0.4077369722,0.007009020726,0.4149168769
cumulative,14,4,3,Unrestricted shock 4,Employment change,0.3819977929,-0.3505448057,0.008719300184,0.3493917312
cumulative,14,4,4,Unrestricted shock 4,Inflation,1.058313329,-0.9525309733,0.017451316,0.9578798948
cumulative,14,4,5,Unrestricted shock 4,Interest rate,1.883569472,-1.808893082,0.03614555048,1.802629387
cumulative,14,5,1,Unrestricted shock 5,GDP growth,0.0966621341,-0.3925503219,-0.01175393756,0.3938924721
cumulative,14,5,2,Unrestricted shock 5,Energy demand growth,0.0769993495,-0.4044895027,-0.00402567967,0.4199786019
cumulative,14,5,3,Unrestricted shock 5,Employment change,0.04221097856,-0.3508650517,-0.01504156045,0.3456205495
cumulative,14,5,4,Unrestricted shock 5,Inflation,0.1233857247,-0.9671064605,-0.04414732787,0.9488780691
cumulative,14,5,5,Unrestricted shock 5,Interest rate,0.3062869833,-1.816982302,-0.08794981632,1.805535402
cumulative,15,1,1,Supply shock,GDP growth,0.370062783,-0.2840146274,-0.06719488736,0.1481797898
cumulative,15,1,2,Supply shock,Energy demand growth,0.3277738988,-0.3459087422,-0.09814592852,0.1738731522
cumulative,15,1,3,Supply shock,Employment change,0.2744133258,-0.310818078,-0.109511952,0.04844278881
cumulative,15,1,4,Supply shock,Inflation,0.7644010354,-0.9250119818,-0.3412713077,0.1127035652
cumulative,15,1,5,Supply shock,Interest rate,1.619630477,-1.625613892,-0.5201760219,0.358506428
cumulative,15,2,1,Demand shock,GDP growth,0.02842045022,0.1163616725,0.3452323364,0.5054373912
cumulative,15,2,2,Demand shock,Energy demand growth,0.2972555851,0.0376056108,0.3399386664,0.5218749473
cumulative,15,2,3,Demand shock,Employment change,0.03496339447,0.1130512904,0.290758042,0.4463442515
cumulative,15,2,4,Demand shock,Inflation,0.1002998974,0.3235191087,0.83863537,1.296610081
cumulative,15,2,5,Demand shock,Interest rate,0.1761156404,0.6642699861,1.65285315,2.476261797
cumulative,15,3,1,Monetary policy shock,GDP growth,0.04855803488,-0.07063240198,0.02523158681,0.1116617359
cumulative,15,3,2,Monetary policy shock,Energy demand growth,0.0631158973,-0.1774243388,0.000952976235,0.1850514122
cumulative,15,3,3,Monetary policy shock,Employment change,0.1865120919,-0.03426856834,-0.007909034866,0.01395399892
cumulative,15,3,4,Monetary policy shock,Inflation,0.5739083763,-0.09085987385,-0.01101032144,0.05054207882
cumulative,15,3,5,Monetary policy shock,Interest rate,1.035710762,-0.1083087545,0.0109471348,0.1442859382
cumulative,15,4,1,Unrestricted shock 4,GDP growth,0.4201818434,-0.3879095062,0.001853075458,0.3932571578
cumulative,15,4,2,Unrestricted shock 4,Energy demand growth,0.4050740674,-0.4077371653,0.007008891244,0.4149162934
cumulative,15,4,3,Unrestricted shock 4,Employment change,0.3819983298,-0.3505443249,0.008720495812,0.3493916667
cumulative,15,4,4,Unrestricted shock 4,Inflation,1.119960456,-1.012808715,0.0206369797,1.014193293
cumulative,15,4,5,Unrestricted shock 4,Interest rate,2.015933156,-1.935643267,0.03924716921,1.927802584
cumulative,15,5,1,Unrestricted shock 5,GDP growth,0.09666226996,-0.3925503793,-0.01175332743,0.3938926578
cumulative,15,5,2,Unrestricted shock 5,Energy demand growth,0.07699945772,-0.4044884175,-0.004026467972,0.4199780213
cumulative,15,5,3,Unrestricted shock 5,Employment change,0.04221103789,-0.3508649665,-0.01504067691,0.3456205141
cumulative,15,5,4,Unrestricted shock 5,Inflation,0.1330691761,-1.023389736,-0.046467774,1.008508901
cumulative,15,5,5,Unrestricted shock 5,Interest rate,0.3270785006,-1.943405149,-0.09559148556,1.932268681
cumulative,16,1,1,Supply shock,GDP growth,0.3700622841,-0.2840149234,-0.06719513264,0.1481795146
cumulative,16,1,2,Supply shock,Energy demand growth,0.3277733874,-0.3459090818,-0.09814609843,0.173872713
cumulative,16,1,3,Supply shock,Employment change,0.274412837,-0.3108183212,-0.1095122437,0.04844234141
cumulative,16,1,4,Supply shock,Inflation,0.8130416264,-0.9746075025,-0.357010566,0.1229377852
cumulative,16,1,5,Supply shock,Interest rate,1.724067588,-1.7328863,-0.554836874,0.3808498027
cumulative,16,2,1,Demand shock,GDP growth,0.02842046603,0.1163615072,0.3452321618,0.5054372502
cumulative,16,2,2,Demand shock,Energy demand growth,0.2972556543,0.03760532049,0.339938348,0.5218746928
cumulative,16,2,3,Demand shock,Employment change,0.03496339917,0.1130510746,0.2907581597,0.4463442142
cumulative,16,2,4,Demand shock,Inflation,0.1057016417,0.3443959916,0.8882991122,1.372322121
cumulative,16,2,5,Demand shock,Interest rate,0.1877138253,0.7068394586,1.759719322,2.637768396
cumulative,16,3,1,Monetary policy shock,GDP growth,0.0485580619,-0.07063240639,0.02523173407,0.1116618615
cumulative,16,3,2,Monetary policy shock,Energy demand growth,0.06311593243,-0.1774243135,0.000953119607,0.1850515802
cumulative,16,3,3,Monetary policy shock,Employment change,0.1865121177,-0.03426851936,-0.007908974728,0.01395408888
cumulative,16,3,4,Monetary policy shock,Inflation,0.6055703793,-0.09436295232,-0.01077077417,0.05463899404
cumulative,16,3,5,Monetary policy shock,Interest rate,1.103692834,-0.1158669213,0.01147822642,0.1533680822
cumulative,16,4,1,Unrestricted shock 4,GDP growth,0.4201820772,-0.3879094804,0.001853165463,0.3932570914
cumulative,16,4,2,Unrestricted shock 4,Energy demand growth,0.4050742928,-0.4077372417,0.007008839977,0.4149160624
cumulative,16,4,3,Unrestricted shock 4,Employment change,0.3819985424,-0.3505441345,0.008720969203,0.3493916412
cumulative,16,4,4,Unrestricted shock 4,Inflation,1.181607582,-1.07108132,0.02208885768,1.073566865
cumulative,16,4,5,Unrestricted shock 4,Interest rate,2.14829684,-2.062393452,0.04234878795,2.05355146
cumulative,16,5,1,Unrestricted shock 5,GDP growth,0.09666232375,-0.392550402,-0.01175308586,0.3938927313
cumulative,16,5,2,Unrestricted shock 5,Energy demand growth,0.07699950057,-0.4044879878,-0.004026780089,0.4199777914
cumulative,16,5,3,Unrestricted shock 5,Employment change,0.04221106138,-0.3508649328,-0.01504032709,0.3456205
cumulative,16,5,4,Unrestricted shock 5,Inflation,0.1427526275,-1.08345245,-0.04922732748,1.067432413
cumulative,16,5,5,Unrestricted shock 5,Interest rate,0.3478700179,-2.070113337,-0.1022507111,2.059001959
cumulative,17,1,1,Supply shock,GDP growth,0.3700620866,-0.2840150405,-0.06719522976,0.1481794056
cumulative,17,1,2,Supply shock,Energy demand growth,0.3277731849,-0.3459092162,-0.09814616571,0.1738725391
cumulative,17,1,3,Supply shock,Employment change,0.2744126435,-0.3108184175,-0.1095123592,0.04844216426
cumulative,17,1,4,Supply shock,Inflation,0.8616822174,-1.024749032,-0.3732662832,0.1335849993
cumulative,17,1,5,Supply shock,Interest rate,1.828504699,-1.840159991,-0.5894977262,0.4033751333
cumulative,17,2,1,Demand shock,GDP growth,0.02842047229,0.1163614417,0.3452320927,0.5054371943
cumulative,17,2,2,Demand shock,Energy demand growth,0.2972556816,0.03760520554,0.339938222,0.521874592
cumulative,17,2,3,Demand shock,Employment change,0.03496340104,0.1130509892,0.2907582064,0.4463441994
cumulative,17,2,4,Demand shock,Inflation,0.111103386,0.3650047514,0.9372994202,1.447773839
cumulative,17,2,5,Demand shock,Interest rate,0.1993120103,0.7494810641,1.866827949,2.799607337
cumulative,17,3,1,Monetary policy shock,GDP growth,0.0485580726,-0.07063240814,0.02523179237,0.1116619113
cumulative,17,3,2,Monetary policy shock,Energy demand growth,0.06311594633,-0.1774243034,0.0009531763731,0.1850516467
cumulative,17,3,3,Monetary policy shock,Employment change,0.186512128,-0.03426849996,-0.007908950918,0.0139541245
cumulative,17,3,4,Monetary policy shock,Inflation,0.6372323822,-0.09808058244,-0.01047202142,0.05885637394
cumulative,17,3,5,Monetary policy shock,Interest rate,1.171674905,-0.123424315,0.01200931804,0.1624226308
cumulative,17,4,1,Unrestricted shock 4,GDP growth,0.4201821698,-0.3879094702,0.001853201099,0.3932570651
cumulative,17,4,2,Unrestricted shock 4,Energy demand growth,0.4050743821,-0.407737272,0.007008819679,0.414915971
cumulative,17,4,3,Unrestricted shock 4,Employment change,0.3819986265,-0.3505440591,0.008721156636,0.349391631
cumulative,17,4,4,Unrestricted shock 4,Inflation,1.243254709,-1.130778034,0.0214023525,1.131056417
cumulative,17,4,5,Unrestricted shock 4,Interest rate,2.280660523,-2.189143638,0.04545040669,2.179203819
cumulative,17,5,1,Unrestricted shock 5,GDP growth,0.09666234505,-0.392550411,-0.01175299021,0.3938927604
cumulative,17,5,2,Unrestricted shock 5,Energy demand growth,0.07699951753,-0.4044878177,-0.004026903667,0.4199777004
cumulative,17,5,3,Unrestricted shock 5,Employment change,0.04221107068,-0.3508649194,-0.01504018858,0.3456204945
cumulative,17,5,4,Unrestricted shock 5,Inflation,0.1524360789,-1.142525301,-0.05167532108,1.124628269
cumulative,17,5,5,Unrestricted shock 5,Interest rate,0.3686615352,-2.196828215,-0.1084377076,2.185735237
cumulative,18,1,1,Supply shock,GDP growth,0.3700620084,-0.2840150869,-0.06719526821,0.1481793624
cumulative,18,1,2,Supply shock,Energy demand growth,0.3277731048,-0.3459092695,-0.09814619235,0.1738724703
cumulative,18,1,3,Supply shock,Employment change,0.2744125669,-0.3108184557,-0.1095124049,0.04844209413
cumulative,18,1,4,Supply shock,Inflation,0.9103228085,-1.075033535,-0.3892661627,0.1437503643
cumulative,18,1,5,Supply shock,Interest rate,1.932941811,-1.947433682,-0.6241585784,0.425900464
cumulative,18,2,1,Demand shock,GDP growth,0.02842047477,0.1163614158,0.3452320653,0.5054371722
cumulative,18,2,2,Demand shock,Energy demand growth,0.2972556925,0.03760516003,0.339938172,0.5218745522
cumulative,18,2,3,Demand shock,Employment change,0.03496340177,0.1130509553,0.2907582248,0.4463441936
cumulative,18,2,4,Demand shock,Inflation,0.1165051303,0.3840577249,0.9877341708,1.522854544
cumulative,18,2,5,Demand shock,Interest rate,0.2109101952,0.7924233882,1.974908088,2.961498313
cumulative,18,3,1,Monetary policy shock,GDP growth,0.04855807683,-0.07063240883,0.02523181546,0.111661931
cumulative,18,3,2,Monetary policy shock,Energy demand growth,0.06311595184,-0.1774242994,0.0009531988488,0.185051673
cumulative,18,3,3,Monetary policy shock,Employment change,0.186512132,-0.03426849228,-0.00790894149,0.01395413861
cumulative,18,3,4,Monetary policy shock,Inflation,0.6688943851,-0.1017804945,-0.01015638069,0.06305868889
cumulative,18,3,5,Monetary policy shock,Interest rate,1.239656976,-0.1309808358,0.01254040966,0.1714771793
cumulative,18,4,1,Unrestricted shock 4,GDP growth,0.4201822064,-0.3879094661,0.001853215208,0.3932570547
cumulative,18,4,2,Unrestricted shock 4,Energy demand growth,0.4050744174,-0.407737284,0.007008811642,0.4149159347
cumulative,18,4,3,Unrestricted shock 4,Employment change,0.3819986599,-0.3505440293,0.008721230847,0.349391627
cumulative,18,4,4,Unrestricted shock 4,Inflation,1.304901835,-1.190973157,0.02252181436,1.189179908
cumulative,18,4,5,Unrestricted shock 4,Interest rate,2.413024207,-2.315893823,0.04855202543,2.305565628
cumulative,18,5,1,Unrestricted shock 5,GDP growth,0.09666235348,-0.3925504146,-0.01175295234,0.393892772
cumulative,18,5,2,Unrestricted shock 5,Energy demand growth,0.07699952425,-0.4044877503,-0.004026952596,0.4199776643
cumulative,18,5,3,Unrestricted shock 5,Employment change,0.04221107436,-0.3508649141,-0.01504013374,0.3456204923
cumulative,18,5,4,Unrestricted shock 5,Inflation,0.1621195303,-1.201782604,-0.05432622268,1.181461343
cumulative,18,5,5,Unrestricted shock 5,Interest rate,0.3894530525,-2.323126034,-0.1141077825,2.312468516
cumulative,19,1,1,Supply shock,GDP growth,0.3700619775,-0.2840151053,-0.06719528344,0.1481793453
cumulative,19,1,2,Supply shock,Energy demand growth,0.327773073,-0.3459092906,-0.09814620289,0.173872443
cumulative,19,1,3,Supply shock,Employment change,0.2744125365,-0.3108184708,-0.109512423,0.04844206636
cumulative,19,1,4,Supply shock,Inflation,0.9589633995,-1.125318037,-0.4058558336,0.1527947847
cumulative,19,1,5,Supply shock,Interest rate,2.037378922,-2.054707374,-0.6588194306,0.4484257947
cumulative,19,2,1,Demand shock,GDP growth,0.02842047576,0.1163614055,0.3452320545,0.5054371635
cumulative,19,2,2,Demand shock,Energy demand growth,0.2972556968,0.03760514201,0.3399381523,0.5218745364
cumulative,19,2,3,Demand shock,Employment change,0.03496340207,0.1130509419,0.2907582321,0.4463441913
cumulative,19,2,4,Demand shock,Inflation,0.1219068746,0.4039492306,1.038204505,1.59721988
cumulative,19,2,5,Demand shock,Interest rate,0.2225083802,0.8356071348,2.082425218,3.123389289
cumulative,19,3,1,Monetary policy shock,GDP growth,0.04855807851,-0.07063240911,0.0252318246,0.1116619388
cumulative,19,3,2,Monetary policy shock,Energy demand growth,0.06311595402,-0.1774242979,0.0009532077477,0.1850516835
cumulative,19,3,3,Monetary policy shock,Employment change,0.1865121336,-0.03426848924,-0.007908937757,0.01395414419
cumulative,19,3,4,Monetary policy shock,Inflation,0.700556388,-0.1053900527,-0.009845973354,0.06700339989
cumulative,19,3,5,Monetary policy shock,Interest rate,1.307639047,-0.1385373567,0.01309295883,0.1805317279
cumulative,19,4,1,Unrestricted shock 4,GDP growth,0.4201822209,-0.3879094645,0.001853220795,0.3932570506
cumulative,19,4,2,Unrestricted shock 4,Energy demand growth,0.4050744314,-0.4077372887,0.00700880846,0.4149159204
cumulative,19,4,3,Unrestricted shock 4,Employment change,0.3819986731,-0.3505440175,0.00872126023,0.3493916254
cumulative,19,4,4,Unrestricted shock 4,Inflation,1.366548962,-1.252362395,0.022877528,1.247783977
cumulative,19,4,5,Unrestricted shock 4,Interest rate,2.545387891,-2.442644008,0.05142407893,2.431941042
cumulative,19,5,1,Unrestricted shock 5,GDP growth,0.09666235682,-0.392550416,-0.01175293735,0.3938927765
cumulative,19,5,2,Unrestricted shock 5,Energy demand growth,0.07699952691,-0.4044877236,-0.004026971969,0.4199776501
cumulative,19,5,3,Unrestricted shock 5,Employment change,0.04221107582,-0.350864912,-0.01504011202,0.3456204914
cumulative,19,5,4,Unrestricted shock 5,Inflation,0.1718029817,-1.260575522,-0.05657130826,1.238185759
cumulative,19,5,5,Unrestricted shock 5,Interest rate,0.4102445698,-2.449423852,-0.1212103708,2.439201794
cumulative,20,1,1,Supply shock,GDP growth,0.3700619652,-0.2840151126,-0.06719528946,0.1481793386
cumulative,20,1,2,Supply shock,Energy demand growth,0.3277730604,-0.3459092989,-0.09814620707,0.1738724322
cumulative,20,1,3,Supply shock,Employment change,0.2744125245,-0.3108184767,-0.1095124302,0.04844205536
cumulative,20,1,4,Supply shock,Inflation,1.007603991,-1.175396364,-0.4224701226,0.1627856875
cumulative,20,1,5,Supply shock,Interest rate,2.141816033,-2.161981065,-0.6934802828,0.4709511254
cumulative,20,2,1,Demand shock,GDP growth,0.02842047614,0.1163614014,0.3452320502,0.50543716
cumulative,20,2,2,Demand shock,Energy demand growth,0.2972556985,0.03760513488,0.3399381445,0.5218745301
cumulative,20,2,3,Demand shock,Employment change,0.03496340218,0.1130509366,0.290758235,0.4463441903
cumulative,20,2,4,Demand shock,Inflation,0.1273086189,0.423955117,1.088838075,1.672288186
cumulative,20,2,5,Demand shock,Interest rate,0.2341065651,0.8786776632,2.189428155,3.285280265
cumulative,20,3,1,Monetary policy shock,GDP growth,0.04855807917,-0.07063240922,0.02523182821,0.1116619419
cumulative,20,3,2,Monetary policy shock,Energy demand growth,0.06311595488,-0.1774242972,0.0009532112711,0.1850516876
cumulative,20,3,3,Monetary policy shock,Employment change,0.1865121343,-0.03426848804,-0.00790893628,0.0139541464
cumulative,20,3,4,Monetary policy shock,Inflation,0.732218391,-0.1091482142,-0.009493388847,0.0711990901
cumulative,20,3,5,Monetary policy shock,Interest rate,1.375621118,-0.1460758426,0.01365668922,0.1895862765
cumulative,20,4,1,Unrestricted shock 4,GDP growth,0.4201822267,-0.3879094639,0.001853223007,0.393257049
cumulative,20,4,2,Unrestricted shock 4,Energy demand growth,0.4050744369,-0.4077372906,0.0070088072,0.4149159147
cumulative,20,4,3,Unrestricted shock 4,Employment change,0.3819986783,-0.3505440128,0.008721271863,0.3493916248
cumulative,20,4,4,Unrestricted shock 4,Inflation,1.428196089,-1.312872796,0.02551098236,1.30619601
cumulative,20,4,5,Unrestricted shock 4,Interest rate,2.677751575,-2.569394193,0.0547552629,2.557782154
cumulative,20,5,1,Unrestricted shock 5,GDP growth,0.09666235814,-0.3925504165,-0.01175293141,0.3938927783
cumulative,20,5,2,Unrestricted shock 5,Energy demand growth,0.07699952796,-0.4044877131,-0.004026979639,0.4199776444
cumulative,20,5,3,Unrestricted shock 5,Employment change,0.0422110764,-0.3508649112,-0.01504010343,0.3456204911
cumulative,20,5,4,Unrestricted shock 5,Inflation,0.1814864331,-1.320321184,-0.05901930186,1.295912087
cumulative,20,5,5,Unrestricted shock 5,Interest rate,0.4310360871,-2.575721671,-0.1282739694,2.565935072
