MCS_TR against MCS_TMAX on out/abm_system_lp_r_levels_irf_loss_lin.csv
1000 configurations, 1000 replicates each
shared: alpha = 0.050, 10000 resamples, block length 1, bootstrap variance, seed 123, stream 0

Both statistics are scored on the same resamples, drawn once and reused in every round.

statistic  set size  decided by an accepted test  deciding round  last p-value  seconds
MCS_TR            1                           no               0        0.0026      5.1
MCS_TMAX          1                           no               0        0.0026      7.3

sets
  in both sets 1, only in MCS_TR's 0, only in MCS_TMAX's 0
  largest difference between the two MCS p-values of one configuration 0.0000

elimination rounds, the configuration left at the end counted as round 1000
  Spearman rank correlation between the two orders 0.6935
  absolute difference in round: median 122, 90th percentile 381, largest 756

the 10 configurations MCS_TR eliminated last, with where MCS_TMAX put them
  configuration  mean loss  MCS_TR round  MCS_TR p  MCS_TMAX round  MCS_TMAX p
  cop_0905_lp_lin  2.51660  1000  1.0000  1000  1.0000
  cop_0593_lp_lin  2.95989  999  0.0026  999  0.0026
  cop_0970_lp_lin  5.67599  998  0.0000  998  0.0000
  cop_0654_lp_lin  5.80163  997  0.0000  997  0.0000
  cop_0801_lp_lin  6.69662  996  0.0000  996  0.0000
  cop_0552_lp_lin  7.34559  995  0.0000  995  0.0000
  cop_0079_lp_lin  8.38792  994  0.0000  993  0.0000
  cop_0356_lp_lin  8.50603  993  0.0000  994  0.0000
  cop_0526_lp_lin  10.27978  992  0.0000  992  0.0000
  cop_0422_lp_lin  12.33612  991  0.0000  986  0.0000


  sample    1000 observations, 1000 models
  statistic TR, every pairwise contrast
  test      alpha = 0.050, 10000 moving-block resamples of 1 observations
  variance  bootstrap variance of the resampled mean
  stream    seed 123, stream 0

MCS over linear local projection impulse-response MAE, series R's transform_data levels: GDP, Employment, Inflation, InterestRate, Energy, MCS_TR statistic
  model              mean loss      MCS p  round  in set
  cop_0001_lp_lin     48.89964      0.000    823  
  cop_0002_lp_lin     19.61245      0.000    903  
  cop_0003_lp_lin     38.86864      0.000    646  
  cop_0004_lp_lin     18.76314      0.000    917  
  cop_0005_lp_lin     48.05958      0.000    266  
  cop_0006_lp_lin     78.25364      0.000     61  
  cop_0007_lp_lin     77.71406      0.000    664  
  cop_0008_lp_lin     75.96447      0.000    335  
  cop_0009_lp_lin    794.31705      0.000    570  
  cop_0010_lp_lin     23.84366      0.000    815  
  cop_0011_lp_lin     49.02573      0.000    767  
  cop_0012_lp_lin    308.33785      0.000     76  
  cop_0013_lp_lin    409.48781      0.000    420  
  cop_0014_lp_lin    130.87202      0.000    622  
  cop_0015_lp_lin     78.60010      0.000    204  
  cop_0016_lp_lin     17.90907      0.000    926  
  cop_0017_lp_lin     50.04267      0.000    429  
  cop_0018_lp_lin    193.24311      0.000    133  
  cop_0019_lp_lin     38.29793      0.000    636  
  cop_0020_lp_lin    122.81462      0.000    373  
  cop_0021_lp_lin    109.92080      0.000    142  
  cop_0022_lp_lin    176.97739      0.000    370  
  cop_0023_lp_lin     87.09313      0.000    282  
  cop_0024_lp_lin     34.88591      0.000    354  
  cop_0025_lp_lin    417.66246      0.000    831  
  cop_0026_lp_lin    130.69464      0.000      5  
  cop_0027_lp_lin     63.76806      0.000    470  
  cop_0028_lp_lin     50.09853      0.000    537  
  cop_0029_lp_lin     52.88382      0.000    559  
  cop_0030_lp_lin     52.27170      0.000    153  
  cop_0031_lp_lin     26.66135      0.000    865  
  cop_0032_lp_lin     46.74116      0.000    583  
  cop_0033_lp_lin     43.58784      0.000    697  
  cop_0034_lp_lin    131.54340      0.000    393  
  cop_0035_lp_lin     38.43634      0.000    839  
  cop_0036_lp_lin     12.29457      0.000    984  
  cop_0037_lp_lin     43.81504      0.000    595  
  cop_0038_lp_lin    235.78121      0.000    608  
  cop_0039_lp_lin     30.86856      0.000    728  
  cop_0040_lp_lin     40.68580      0.000    706  
  cop_0041_lp_lin    464.25548      0.000    120  
  cop_0042_lp_lin     91.30407      0.000    295  
  cop_0043_lp_lin    440.38095      0.000    137  
  cop_0044_lp_lin     13.18039      0.000    972  
  cop_0045_lp_lin     74.67970      0.000    633  
  cop_0046_lp_lin   1379.63903      0.000     98  
  cop_0047_lp_lin     14.53756      0.000    930  
  cop_0048_lp_lin     97.87944      0.000    691  
  cop_0049_lp_lin   1040.82527      0.000    302  
  cop_0050_lp_lin     78.94235      0.000    387  
  cop_0051_lp_lin    138.86407      0.000    348  
  cop_0052_lp_lin    377.47405      0.000    350  
  cop_0053_lp_lin    156.69213      0.000    612  
  cop_0054_lp_lin     14.91445      0.000    970  
  cop_0055_lp_lin    107.67430      0.000    301  
  cop_0056_lp_lin   1002.48992      0.000    141  
  cop_0057_lp_lin     28.92204      0.000    894  
  cop_0058_lp_lin   6545.28000      0.000    685  
  cop_0059_lp_lin    180.16047      0.000    485  
  cop_0060_lp_lin    192.16873      0.000    439  
  cop_0061_lp_lin     36.06384      0.000    739  
  cop_0062_lp_lin     32.63134      0.000    586  
  cop_0063_lp_lin    209.38759      0.000     38  
  cop_0064_lp_lin    237.41398      0.000    314  
  cop_0065_lp_lin    138.29285      0.000    416  
  cop_0066_lp_lin     22.54671      0.000    900  
  cop_0067_lp_lin     92.65455      0.000     26  
  cop_0068_lp_lin    104.44709      0.000     78  
  cop_0069_lp_lin    114.73452      0.000    681  
  cop_0070_lp_lin     35.40666      0.000    800  
  cop_0071_lp_lin    149.07370      0.000    496  
  cop_0072_lp_lin     29.01657      0.000    661  
  cop_0073_lp_lin     96.53684      0.000    327  
  cop_0074_lp_lin    108.36799      0.000    465  
  cop_0075_lp_lin     36.07347      0.000    341  
  cop_0076_lp_lin    115.85325      0.000    554  
  cop_0077_lp_lin     98.03422      0.000    189  
  cop_0078_lp_lin     84.47113      0.000    463  
  cop_0079_lp_lin      8.38792      0.000    994  
  cop_0080_lp_lin   2605.71814      0.000    214  
  cop_0081_lp_lin     56.62712      0.000    544  
  cop_0082_lp_lin     46.34120      0.000     72  
  cop_0083_lp_lin    147.97999      0.000    243  
  cop_0084_lp_lin    140.17947      0.000     52  
  cop_0085_lp_lin   1027.36009      0.000    312  
  cop_0086_lp_lin   3949.25480      0.000     84  
  cop_0087_lp_lin     52.55299      0.000    689  
  cop_0088_lp_lin    340.96646      0.000    347  
  cop_0089_lp_lin    401.56762      0.000     20  
  cop_0090_lp_lin    259.98860      0.000    626  
  cop_0091_lp_lin     55.42612      0.000    515  
  cop_0092_lp_lin    239.28244      0.000     41  
  cop_0093_lp_lin    131.13896      0.000     65  
  cop_0094_lp_lin     45.41554      0.000    356  
  cop_0095_lp_lin    836.46567      0.000    150  
  cop_0096_lp_lin    507.93853      0.000     14  
  cop_0097_lp_lin     45.95948      0.000    610  
  cop_0098_lp_lin    816.92677      0.000    205  
  cop_0099_lp_lin     30.09029      0.000    625  
  cop_0100_lp_lin     10.12430      0.000    989  
  cop_0101_lp_lin    105.43636      0.000    225  
  cop_0102_lp_lin     22.55781      0.000    859  
  cop_0103_lp_lin     43.64510      0.000    720  
  cop_0104_lp_lin     97.41590      0.000     15  
  cop_0105_lp_lin     54.20808      0.000    927  
  cop_0106_lp_lin     24.42720      0.000    829  
  cop_0107_lp_lin     17.97038      0.000    959  
  cop_0108_lp_lin     32.14007      0.000    493  
  cop_0109_lp_lin     34.51383      0.000    816  
  cop_0110_lp_lin     96.97915      0.000    560  
  cop_0111_lp_lin     66.72619      0.000    184  
  cop_0112_lp_lin     35.68907      0.000    814  
  cop_0113_lp_lin     76.98808      0.000    645  
  cop_0114_lp_lin    336.09109      0.000     46  
  cop_0115_lp_lin    623.46127      0.000    256  
  cop_0116_lp_lin     90.53582      0.000    533  
  cop_0117_lp_lin     52.23295      0.000    675  
  cop_0118_lp_lin     23.37686      0.000    742  
  cop_0119_lp_lin    346.17925      0.000    235  
  cop_0120_lp_lin     43.13861      0.000    653  
  cop_0121_lp_lin     33.40034      0.000    703  
  cop_0122_lp_lin     80.64228      0.000    221  
  cop_0123_lp_lin    185.25166      0.000     11  
  cop_0124_lp_lin     74.67644      0.000    574  
  cop_0125_lp_lin     44.82707      0.000    618  
  cop_0126_lp_lin     47.31192      0.000     57  
  cop_0127_lp_lin     42.73733      0.000    325  
  cop_0128_lp_lin     47.07862      0.000    655  
  cop_0129_lp_lin     92.44516      0.000    580  
  cop_0130_lp_lin   1306.63138      0.000    303  
  cop_0131_lp_lin     51.57929      0.000    853  
  cop_0132_lp_lin    107.62007      0.000    276  
  cop_0133_lp_lin     82.33330      0.000    102  
  cop_0134_lp_lin     35.93818      0.000    799  
  cop_0135_lp_lin     26.37565      0.000    915  
  cop_0136_lp_lin     12.36559      0.000    979  
  cop_0137_lp_lin    169.13807      0.000    220  
  cop_0138_lp_lin    201.36610      0.000     43  
  cop_0139_lp_lin     26.17863      0.000    818  
  cop_0140_lp_lin    542.21299      0.000    567  
  cop_0141_lp_lin     66.07635      0.000    431  
  cop_0142_lp_lin     16.77401      0.000    933  
  cop_0143_lp_lin    105.63776      0.000    637  
  cop_0144_lp_lin     38.84021      0.000    368  
  cop_0145_lp_lin     33.17569      0.000    824  
  cop_0146_lp_lin     67.26921      0.000    797  
  cop_0147_lp_lin     26.89739      0.000    899  
  cop_0148_lp_lin     10.13270      0.000    985  
  cop_0149_lp_lin     31.25474      0.000    316  
  cop_0150_lp_lin     47.79372      0.000    477  
  cop_0151_lp_lin     49.04314      0.000    262  
  cop_0152_lp_lin     24.37703      0.000    886  
  cop_0153_lp_lin    102.59001      0.000    326  
  cop_0154_lp_lin    593.34674      0.000     28  
  cop_0155_lp_lin    197.16160      0.000    113  
  cop_0156_lp_lin     58.29865      0.000    666  
  cop_0157_lp_lin     16.66960      0.000    960  
  cop_0158_lp_lin    360.90884      0.000     18  
  cop_0159_lp_lin    333.48184      0.000    162  
  cop_0160_lp_lin    226.87075      0.000     37  
  cop_0161_lp_lin     26.77638      0.000    869  
  cop_0162_lp_lin     43.48096      0.000    484  
  cop_0163_lp_lin     62.10072      0.000    438  
  cop_0164_lp_lin    194.05932      0.000    212  
  cop_0165_lp_lin     33.31640      0.000    863  
  cop_0166_lp_lin     11.92556      0.000    978  
  cop_0167_lp_lin    778.49905      0.000    143  
  cop_0168_lp_lin   1141.23258      0.000    779  
  cop_0169_lp_lin     55.80529      0.000    377  
  cop_0170_lp_lin     41.25093      0.000    577  
  cop_0171_lp_lin     55.44183      0.000    526  
  cop_0172_lp_lin     33.90123      0.000    788  
  cop_0173_lp_lin     25.63774      0.000    950  
  cop_0174_lp_lin     51.89385      0.000    755  
  cop_0175_lp_lin    447.61558      0.000     32  
  cop_0176_lp_lin     77.39679      0.000    280  
  cop_0177_lp_lin    134.99717      0.000     95  
  cop_0178_lp_lin    325.08103      0.000    318  
  cop_0179_lp_lin     25.75108      0.000    932  
  cop_0180_lp_lin     49.50749      0.000    375  
  cop_0181_lp_lin     39.42378      0.000    729  
  cop_0182_lp_lin     20.98945      0.000    857  
  cop_0183_lp_lin     39.79668      0.000    726  
  cop_0184_lp_lin   2150.10273      0.000    203  
  cop_0185_lp_lin     45.73799      0.000    423  
  cop_0186_lp_lin     44.85123      0.000    511  
  cop_0187_lp_lin     97.92697      0.000    558  
  cop_0188_lp_lin    237.05448      0.000     10  
  cop_0189_lp_lin    298.87235      0.000    578  
  cop_0190_lp_lin    201.32538      0.000    494  
  cop_0191_lp_lin     13.23714      0.000    965  
  cop_0192_lp_lin    259.32739      0.000    413  
  cop_0193_lp_lin     87.08706      0.000    345  
  cop_0194_lp_lin     42.49206      0.000    332  
  cop_0195_lp_lin     80.11680      0.000    223  
  cop_0196_lp_lin     50.64644      0.000    707  
  cop_0197_lp_lin    127.55631      0.000    507  
  cop_0198_lp_lin     74.63744      0.000    292  
  cop_0199_lp_lin     32.05462      0.000    444  
  cop_0200_lp_lin     57.93298      0.000    510  
  cop_0201_lp_lin     23.71672      0.000    656  
  cop_0202_lp_lin    369.17926      0.000    621  
  cop_0203_lp_lin     62.22459      0.000    126  
  cop_0204_lp_lin     82.34744      0.000    629  
  cop_0205_lp_lin     29.73464      0.000    840  
  cop_0206_lp_lin   1361.50816      0.000    462  
  cop_0207_lp_lin     20.01290      0.000    907  
  cop_0208_lp_lin     40.01912      0.000    361  
  cop_0209_lp_lin    393.67023      0.000    491  
  cop_0210_lp_lin    167.04583      0.000    598  
  cop_0211_lp_lin     31.36600      0.000    748  
  cop_0212_lp_lin   1190.95428      0.000     80  
  cop_0213_lp_lin     18.08983      0.000    954  
  cop_0214_lp_lin   1836.80346      0.000    589  
  cop_0215_lp_lin     94.47391      0.000    838  
  cop_0216_lp_lin    115.14238      0.000    147  
  cop_0217_lp_lin    164.06224      0.000     62  
  cop_0218_lp_lin     69.26887      0.000    585  
  cop_0219_lp_lin   1160.02753      0.000    581  
  cop_0220_lp_lin     36.83675      0.000    912  
  cop_0221_lp_lin     33.41301      0.000    833  
  cop_0222_lp_lin    210.24210      0.000     31  
  cop_0223_lp_lin     95.22230      0.000    432  
  cop_0224_lp_lin     79.32821      0.000    383  
  cop_0225_lp_lin     52.95551      0.000    539  
  cop_0226_lp_lin     58.35489      0.000    768  
  cop_0227_lp_lin     52.48575      0.000    677  
  cop_0228_lp_lin     52.96987      0.000    450  
  cop_0229_lp_lin    856.26668      0.000    239  
  cop_0230_lp_lin    474.78359      0.000    123  
  cop_0231_lp_lin     34.19070      0.000    780  
  cop_0232_lp_lin    128.08343      0.000    434  
  cop_0233_lp_lin    412.65363      0.000    505  
  cop_0234_lp_lin     46.95081      0.000     55  
  cop_0235_lp_lin     72.98539      0.000    242  
  cop_0236_lp_lin     79.44399      0.000    164  
  cop_0237_lp_lin     91.11250      0.000    667  
  cop_0238_lp_lin    356.36711      0.000    571  
  cop_0239_lp_lin     58.30042      0.000    843  
  cop_0240_lp_lin     25.90054      0.000    911  
  cop_0241_lp_lin     10.97418      0.000    982  
  cop_0242_lp_lin     79.95684      0.000    529  
  cop_0243_lp_lin     50.14013      0.000    286  
  cop_0244_lp_lin    390.48641      0.000     23  
  cop_0245_lp_lin    228.57214      0.000     74  
  cop_0246_lp_lin     40.51817      0.000    773  
  cop_0247_lp_lin     95.69470      0.000     33  
  cop_0248_lp_lin     80.04547      0.000    390  
  cop_0249_lp_lin    172.35252      0.000    523  
  cop_0250_lp_lin     38.77499      0.000    701  
  cop_0251_lp_lin    258.71286      0.000     93  
  cop_0252_lp_lin     42.46907      0.000    782  
  cop_0253_lp_lin    733.69967      0.000     77  
  cop_0254_lp_lin     27.58144      0.000    219  
  cop_0255_lp_lin     37.81023      0.000    803  
  cop_0256_lp_lin     32.71280      0.000    364  
  cop_0257_lp_lin    577.45085      0.000    290  
  cop_0258_lp_lin     45.77964      0.000    744  
  cop_0259_lp_lin    387.30919      0.000    461  
  cop_0260_lp_lin     93.97252      0.000    154  
  cop_0261_lp_lin    287.07565      0.000    665  
  cop_0262_lp_lin    880.82617      0.000    476  
  cop_0263_lp_lin    147.73513      0.000    148  
  cop_0264_lp_lin    150.43171      0.000    344  
  cop_0265_lp_lin     44.80754      0.000    229  
  cop_0266_lp_lin    170.39004      0.000     69  
  cop_0267_lp_lin     24.95739      0.000    908  
  cop_0268_lp_lin     84.59165      0.000    740  
  cop_0269_lp_lin     18.66653      0.000    925  
  cop_0270_lp_lin    266.92625      0.000    128  
  cop_0271_lp_lin    350.63706      0.000    264  
  cop_0272_lp_lin    110.17623      0.000      6  
  cop_0273_lp_lin    266.75283      0.000    654  
  cop_0274_lp_lin     22.01597      0.000    913  
  cop_0275_lp_lin    231.81460      0.000    535  
  cop_0276_lp_lin    330.00293      0.000    111  
  cop_0277_lp_lin     23.40143      0.000    906  
  cop_0278_lp_lin    319.22916      0.000    208  
  cop_0279_lp_lin    148.42451      0.000    210  
  cop_0280_lp_lin     46.16498      0.000    674  
  cop_0281_lp_lin     20.40673      0.000    901  
  cop_0282_lp_lin     80.57771      0.000    616  
  cop_0283_lp_lin     69.61940      0.000    320  
  cop_0284_lp_lin     72.05297      0.000    131  
  cop_0285_lp_lin     30.39582      0.000    871  
  cop_0286_lp_lin     73.39946      0.000    196  
  cop_0287_lp_lin    576.79449      0.000    273  
  cop_0288_lp_lin     32.00587      0.000    837  
  cop_0289_lp_lin     28.14219      0.000    921  
  cop_0290_lp_lin    100.82301      0.000    272  
  cop_0291_lp_lin     67.46546      0.000    495  
  cop_0292_lp_lin     42.08173      0.000    609  
  cop_0293_lp_lin     67.66227      0.000    817  
  cop_0294_lp_lin     53.94759      0.000    737  
  cop_0295_lp_lin     68.45412      0.000     81  
  cop_0296_lp_lin     48.35505      0.000    265  
  cop_0297_lp_lin    598.87042      0.000    309  
  cop_0298_lp_lin     30.58210      0.000    834  
  cop_0299_lp_lin     29.51761      0.000    875  
  cop_0300_lp_lin    337.61711      0.000    124  
  cop_0301_lp_lin     96.97534      0.000    277  
  cop_0302_lp_lin     58.05508      0.000    366  
  cop_0303_lp_lin    168.91715      0.000    749  
  cop_0304_lp_lin    456.59387      0.000    735  
  cop_0305_lp_lin     51.29869      0.000    198  
  cop_0306_lp_lin     26.74391      0.000    639  
  cop_0307_lp_lin     97.75208      0.000    794  
  cop_0308_lp_lin   2201.48453      0.000    414  
  cop_0309_lp_lin     78.30841      0.000    456  
  cop_0310_lp_lin    163.36308      0.000    421  
  cop_0311_lp_lin     82.40890      0.000    422  
  cop_0312_lp_lin     42.63883      0.000    628  
  cop_0313_lp_lin     27.74245      0.000    892  
  cop_0314_lp_lin     34.09068      0.000    553  
  cop_0315_lp_lin    114.18337      0.000    108  
  cop_0316_lp_lin     28.46241      0.000    786  
  cop_0317_lp_lin     18.15358      0.000    956  
  cop_0318_lp_lin     54.83612      0.000    602  
  cop_0319_lp_lin     73.25122      0.000    568  
  cop_0320_lp_lin     46.77167      0.000    861  
  cop_0321_lp_lin     25.84699      0.000    801  
  cop_0322_lp_lin     62.39883      0.000    576  
  cop_0323_lp_lin   1389.63311      0.000    234  
  cop_0324_lp_lin     37.47372      0.000    209  
  cop_0325_lp_lin    570.69488      0.000     53  
  cop_0326_lp_lin    139.87151      0.000      4  
  cop_0327_lp_lin    133.24991      0.000     85  
  cop_0328_lp_lin    163.82095      0.000     42  
  cop_0329_lp_lin    545.71028      0.000    165  
  cop_0330_lp_lin    186.44541      0.000    435  
  cop_0331_lp_lin     98.28145      0.000    480  
  cop_0332_lp_lin    561.61305      0.000    521  
  cop_0333_lp_lin    322.71970      0.000      3  
  cop_0334_lp_lin     29.45893      0.000    771  
  cop_0335_lp_lin     20.26072      0.000    877  
  cop_0336_lp_lin    188.57919      0.000    155  
  cop_0337_lp_lin     95.67189      0.000    226  
  cop_0338_lp_lin     11.55229      0.000    990  
  cop_0339_lp_lin     94.27681      0.000    174  
  cop_0340_lp_lin     83.68219      0.000    532  
  cop_0341_lp_lin     95.32179      0.000    186  
  cop_0342_lp_lin    279.46248      0.000    447  
  cop_0343_lp_lin     30.50063      0.000    738  
  cop_0344_lp_lin    180.59180      0.000    482  
  cop_0345_lp_lin    212.40481      0.000    409  
  cop_0346_lp_lin     27.38667      0.000    648  
  cop_0347_lp_lin     17.56370      0.000    958  
  cop_0348_lp_lin     68.71219      0.000    759  
  cop_0349_lp_lin     52.34182      0.000    260  
  cop_0350_lp_lin     24.92789      0.000    769  
  cop_0351_lp_lin     35.50190      0.000    808  
  cop_0352_lp_lin     52.49962      0.000    746  
  cop_0353_lp_lin     27.65123      0.000    936  
  cop_0354_lp_lin     73.28541      0.000    178  
  cop_0355_lp_lin     47.18701      0.000    406  
  cop_0356_lp_lin      8.50603      0.000    993  
  cop_0357_lp_lin    114.59015      0.000     64  
  cop_0358_lp_lin    113.53408      0.000    483  
  cop_0359_lp_lin    182.33892      0.000    512  
  cop_0360_lp_lin     77.50341      0.000    311  
  cop_0361_lp_lin     20.34773      0.000    878  
  cop_0362_lp_lin   1963.20586      0.000     79  
  cop_0363_lp_lin    320.90841      0.000    103  
  cop_0364_lp_lin     40.64679      0.000    683  
  cop_0365_lp_lin    152.14532      0.000    224  
  cop_0366_lp_lin    716.92976      0.000    270  
  cop_0367_lp_lin     33.60005      0.000    408  
  cop_0368_lp_lin     12.38456      0.000    980  
  cop_0369_lp_lin     39.74955      0.000    428  
  cop_0370_lp_lin    329.13931      0.000    192  
  cop_0371_lp_lin     38.57384      0.000    259  
  cop_0372_lp_lin     57.80537      0.000     56  
  cop_0373_lp_lin     38.68419      0.000    705  
  cop_0374_lp_lin     17.83690      0.000    898  
  cop_0375_lp_lin   1190.29114      0.000     27  
  cop_0376_lp_lin    149.46093      0.000    389  
  cop_0377_lp_lin     49.55917      0.000    713  
  cop_0378_lp_lin     48.56959      0.000    440  
  cop_0379_lp_lin    223.88253      0.000    508  
  cop_0380_lp_lin    149.01615      0.000    397  
  cop_0381_lp_lin    478.61205      0.000    613  
  cop_0382_lp_lin     44.17094      0.000    770  
  cop_0383_lp_lin     74.53506      0.000    132  
  cop_0384_lp_lin     44.10164      0.000    296  
  cop_0385_lp_lin    170.67116      0.000    400  
  cop_0386_lp_lin     78.13155      0.000    673  
  cop_0387_lp_lin    606.84136      0.000    453  
  cop_0388_lp_lin   1555.58968      0.000    517  
  cop_0389_lp_lin    106.61601      0.000    531  
  cop_0390_lp_lin     20.55225      0.000    870  
  cop_0391_lp_lin    367.57528      0.000    500  
  cop_0392_lp_lin    168.36454      0.000    101  
  cop_0393_lp_lin    503.60507      0.000    176  
  cop_0394_lp_lin     90.41921      0.000    379  
  cop_0395_lp_lin     85.86071      0.000    757  
  cop_0396_lp_lin     27.68390      0.000    858  
  cop_0397_lp_lin     24.18557      0.000    868  
  cop_0398_lp_lin     35.05167      0.000    255  
  cop_0399_lp_lin     16.56714      0.000    943  
  cop_0400_lp_lin     89.10151      0.000    109  
  cop_0401_lp_lin     96.10306      0.000    130  
  cop_0402_lp_lin    874.32077      0.000    516  
  cop_0403_lp_lin     42.56916      0.000    821  
  cop_0404_lp_lin     63.36983      0.000    247  
  cop_0405_lp_lin     95.68382      0.000    114  
  cop_0406_lp_lin    488.71420      0.000    331  
  cop_0407_lp_lin     37.73476      0.000    754  
  cop_0408_lp_lin     37.84253      0.000    789  
  cop_0409_lp_lin    115.37368      0.000    551  
  cop_0410_lp_lin     16.25533      0.000    920  
  cop_0411_lp_lin   1193.36086      0.000    392  
  cop_0412_lp_lin    331.06718      0.000    246  
  cop_0413_lp_lin     37.83661      0.000    812  
  cop_0414_lp_lin    526.99041      0.000    443  
  cop_0415_lp_lin     56.83926      0.000    222  
  cop_0416_lp_lin     57.14590      0.000    527  
  cop_0417_lp_lin    108.98411      0.000    772  
  cop_0418_lp_lin    105.53174      0.000    486  
  cop_0419_lp_lin    104.08695      0.000    466  
  cop_0420_lp_lin     72.96360      0.000    217  
  cop_0421_lp_lin    267.83624      0.000    396  
  cop_0422_lp_lin     12.33612      0.000    991  
  cop_0423_lp_lin     42.82938      0.000    451  
  cop_0424_lp_lin     23.02293      0.000    895  
  cop_0425_lp_lin    427.68421      0.000     97  
  cop_0426_lp_lin     15.25673      0.000    976  
  cop_0427_lp_lin    218.08348      0.000    472  
  cop_0428_lp_lin     24.08885      0.000    866  
  cop_0429_lp_lin     21.07864      0.000    882  
  cop_0430_lp_lin    306.18206      0.000    487  
  cop_0431_lp_lin     45.70864      0.000    632  
  cop_0432_lp_lin     64.65971      0.000    352  
  cop_0433_lp_lin     67.25917      0.000    593  
  cop_0434_lp_lin     57.56053      0.000    337  
  cop_0435_lp_lin     12.94734      0.000    986  
  cop_0436_lp_lin     68.05898      0.000    283  
  cop_0437_lp_lin     14.99343      0.000    968  
  cop_0438_lp_lin     68.95571      0.000     59  
  cop_0439_lp_lin     59.12969      0.000    785  
  cop_0440_lp_lin     30.18078      0.000    343  
  cop_0441_lp_lin     50.43199      0.000    250  
  cop_0442_lp_lin     82.77463      0.000     50  
  cop_0443_lp_lin    160.18216      0.000    714  
  cop_0444_lp_lin     21.35459      0.000    761  
  cop_0445_lp_lin    148.96050      0.000    117  
  cop_0446_lp_lin     79.08600      0.000    552  
  cop_0447_lp_lin    110.59684      0.000    140  
  cop_0448_lp_lin    160.86776      0.000    499  
  cop_0449_lp_lin    199.81922      0.000    304  
  cop_0450_lp_lin     30.20171      0.000    883  
  cop_0451_lp_lin     57.67643      0.000     49  
  cop_0452_lp_lin    211.28713      0.000    324  
  cop_0453_lp_lin     65.23132      0.000    669  
  cop_0454_lp_lin    106.19167      0.000    687  
  cop_0455_lp_lin    182.05455      0.000    252  
  cop_0456_lp_lin    202.35494      0.000     29  
  cop_0457_lp_lin     32.47010      0.000    832  
  cop_0458_lp_lin     34.15753      0.000    693  
  cop_0459_lp_lin     76.39300      0.000    678  
  cop_0460_lp_lin     28.80893      0.000    753  
  cop_0461_lp_lin   1381.62117      0.000    723  
  cop_0462_lp_lin     83.20514      0.000    725  
  cop_0463_lp_lin     40.86855      0.000    167  
  cop_0464_lp_lin     34.17328      0.000    734  
  cop_0465_lp_lin     64.81837      0.000    676  
  cop_0466_lp_lin     36.87221      0.000    781  
  cop_0467_lp_lin     65.97228      0.000    405  
  cop_0468_lp_lin    320.54236      0.000    291  
  cop_0469_lp_lin     25.83480      0.000    889  
  cop_0470_lp_lin     99.67870      0.000    652  
  cop_0471_lp_lin    232.81349      0.000    362  
  cop_0472_lp_lin     44.49614      0.000    724  
  cop_0473_lp_lin    212.08934      0.000     87  
  cop_0474_lp_lin     37.48093      0.000    692  
  cop_0475_lp_lin    203.19424      0.000    211  
  cop_0476_lp_lin    106.21251      0.000    394  
  cop_0477_lp_lin     57.06924      0.000    566  
  cop_0478_lp_lin     15.28996      0.000    934  
  cop_0479_lp_lin     32.36084      0.000    867  
  cop_0480_lp_lin     23.16144      0.000    777  
  cop_0481_lp_lin     16.62035      0.000    949  
  cop_0482_lp_lin     39.08429      0.000    436  
  cop_0483_lp_lin    114.62247      0.000    441  
  cop_0484_lp_lin    265.13986      0.000    232  
  cop_0485_lp_lin     52.93883      0.000     66  
  cop_0486_lp_lin    231.22226      0.000    418  
  cop_0487_lp_lin    191.87375      0.000    116  
  cop_0488_lp_lin     76.57543      0.000    244  
  cop_0489_lp_lin     43.59202      0.000    378  
  cop_0490_lp_lin     64.44373      0.000    564  
  cop_0491_lp_lin    183.65289      0.000    104  
  cop_0492_lp_lin     41.48492      0.000    649  
  cop_0493_lp_lin    114.37985      0.000    448  
  cop_0494_lp_lin     22.02473      0.000    937  
  cop_0495_lp_lin     57.77373      0.000    592  
  cop_0496_lp_lin     84.82447      0.000    751  
  cop_0497_lp_lin     43.83889      0.000    258  
  cop_0498_lp_lin     49.74749      0.000    918  
  cop_0499_lp_lin    168.97778      0.000     88  
  cop_0500_lp_lin     32.82515      0.000    888  
  cop_0501_lp_lin     29.59348      0.000    750  
  cop_0502_lp_lin     43.97182      0.000    822  
  cop_0503_lp_lin     14.69794      0.000    962  
  cop_0504_lp_lin     79.62435      0.000    475  
  cop_0505_lp_lin    316.51433      0.000    596  
  cop_0506_lp_lin     33.88359      0.000    514  
  cop_0507_lp_lin     56.06733      0.000    253  
  cop_0508_lp_lin    667.90737      0.000     39  
  cop_0509_lp_lin     26.93293      0.000    731  
  cop_0510_lp_lin     38.02191      0.000    787  
  cop_0511_lp_lin    886.59087      0.000      9  
  cop_0512_lp_lin    196.94567      0.000    702  
  cop_0513_lp_lin     20.71870      0.000    957  
  cop_0514_lp_lin     54.98573      0.000    471  
  cop_0515_lp_lin    367.34601      0.000    464  
  cop_0516_lp_lin     27.45416      0.000    919  
  cop_0517_lp_lin    145.55383      0.000    663  
  cop_0518_lp_lin     19.61454      0.000    922  
  cop_0519_lp_lin     22.05375      0.000    887  
  cop_0520_lp_lin     32.27323      0.000    696  
  cop_0521_lp_lin    313.11609      0.000    228  
  cop_0522_lp_lin     67.96223      0.000    136  
  cop_0523_lp_lin     36.06350      0.000    743  
  cop_0524_lp_lin    118.56323      0.000    591  
  cop_0525_lp_lin     22.65869      0.000    758  
  cop_0526_lp_lin     10.27978      0.000    992  
  cop_0527_lp_lin     21.35941      0.000    909  
  cop_0528_lp_lin    423.49979      0.000    146  
  cop_0529_lp_lin     30.47959      0.000    806  
  cop_0530_lp_lin     30.47660      0.000    433  
  cop_0531_lp_lin     60.14416      0.000    193  
  cop_0532_lp_lin    190.84370      0.000    268  
  cop_0533_lp_lin     23.05675      0.000    836  
  cop_0534_lp_lin     17.99907      0.000    924  
  cop_0535_lp_lin    183.05512      0.000     36  
  cop_0536_lp_lin     46.67556      0.000    169  
  cop_0537_lp_lin     84.14866      0.000    606  
  cop_0538_lp_lin     21.20759      0.000    850  
  cop_0539_lp_lin    142.51034      0.000    110  
  cop_0540_lp_lin     35.10646      0.000    519  
  cop_0541_lp_lin     71.41174      0.000    199  
  cop_0542_lp_lin     49.20748      0.000    747  
  cop_0543_lp_lin     31.33969      0.000    708  
  cop_0544_lp_lin     24.14855      0.000    897  
  cop_0545_lp_lin     89.41185      0.000      2  
  cop_0546_lp_lin     98.42204      0.000    670  
  cop_0547_lp_lin    105.34502      0.000    615  
  cop_0548_lp_lin    917.41572      0.000     30  
  cop_0549_lp_lin    400.72422      0.000     19  
  cop_0550_lp_lin    185.15021      0.000     35  
  cop_0551_lp_lin    171.72295      0.000    170  
  cop_0552_lp_lin      7.34559      0.000    995  
  cop_0553_lp_lin     78.09101      0.000    457  
  cop_0554_lp_lin     36.91887      0.000    813  
  cop_0555_lp_lin    132.61499      0.000    690  
  cop_0556_lp_lin     95.37754      0.000     94  
  cop_0557_lp_lin     70.45971      0.000    181  
  cop_0558_lp_lin    714.01250      0.000    129  
  cop_0559_lp_lin     34.98810      0.000    468  
  cop_0560_lp_lin    169.61955      0.000     51  
  cop_0561_lp_lin     19.91278      0.000    945  
  cop_0562_lp_lin   1737.66354      0.000    407  
  cop_0563_lp_lin    132.66637      0.000    353  
  cop_0564_lp_lin     47.07517      0.000    281  
  cop_0565_lp_lin    281.36921      0.000    700  
  cop_0566_lp_lin     52.50118      0.000    760  
  cop_0567_lp_lin    418.70676      0.000    166  
  cop_0568_lp_lin     87.87675      0.000    401  
  cop_0569_lp_lin     38.19430      0.000    369  
  cop_0570_lp_lin     21.88340      0.000    881  
  cop_0571_lp_lin     30.87509      0.000    874  
  cop_0572_lp_lin    342.45928      0.000    459  
  cop_0573_lp_lin    106.85867      0.000    163  
  cop_0574_lp_lin     35.55915      0.000    642  
  cop_0575_lp_lin    155.18154      0.000    425  
  cop_0576_lp_lin    151.80562      0.000     96  
  cop_0577_lp_lin     14.20527      0.000    973  
  cop_0578_lp_lin     43.55628      0.000    249  
  cop_0579_lp_lin    544.65316      0.000     16  
  cop_0580_lp_lin     60.14270      0.000    502  
  cop_0581_lp_lin     38.11170      0.000    590  
  cop_0582_lp_lin    316.07034      0.000    100  
  cop_0583_lp_lin     97.87739      0.000    157  
  cop_0584_lp_lin    517.23934      0.000     73  
  cop_0585_lp_lin     61.64838      0.000    455  
  cop_0586_lp_lin    126.09014      0.000    183  
  cop_0587_lp_lin     45.48809      0.000    543  
  cop_0588_lp_lin    332.15824      0.000     99  
  cop_0589_lp_lin     56.07043      0.000    412  
  cop_0590_lp_lin    367.49134      0.000    313  
  cop_0591_lp_lin    705.45922      0.000    216  
  cop_0592_lp_lin    148.75794      0.000    254  
  cop_0593_lp_lin      2.95989      0.003    999  
  cop_0594_lp_lin     22.89532      0.000    880  
  cop_0595_lp_lin     70.75435      0.000    716  
  cop_0596_lp_lin     25.65246      0.000    852  
  cop_0597_lp_lin     78.03775      0.000    698  
  cop_0598_lp_lin     33.91576      0.000    825  
  cop_0599_lp_lin    150.36257      0.000    323  
  cop_0600_lp_lin     44.01197      0.000    488  
  cop_0601_lp_lin     49.89096      0.000    190  
  cop_0602_lp_lin    179.90911      0.000    367  
  cop_0603_lp_lin    356.66274      0.000    328  
  cop_0604_lp_lin     19.24998      0.000    891  
  cop_0605_lp_lin    241.44423      0.000     17  
  cop_0606_lp_lin     53.24967      0.000    151  
  cop_0607_lp_lin    203.49219      0.000    105  
  cop_0608_lp_lin    983.00123      0.000    630  
  cop_0609_lp_lin     95.35781      0.000    195  
  cop_0610_lp_lin    121.06051      0.000     68  
  cop_0611_lp_lin    114.07257      0.000    575  
  cop_0612_lp_lin    236.43150      0.000    330  
  cop_0613_lp_lin    166.89030      0.000    317  
  cop_0614_lp_lin    156.60334      0.000    333  
  cop_0615_lp_lin     64.56260      0.000    627  
  cop_0616_lp_lin     69.99881      0.000    718  
  cop_0617_lp_lin    111.37805      0.000    594  
  cop_0618_lp_lin    105.68973      0.000    138  
  cop_0619_lp_lin    176.35414      0.000    528  
  cop_0620_lp_lin     69.06132      0.000    694  
  cop_0621_lp_lin    147.94740      0.000    275  
  cop_0622_lp_lin     12.28358      0.000    988  
  cop_0623_lp_lin    103.84312      0.000    149  
  cop_0624_lp_lin     39.74993      0.000    233  
  cop_0625_lp_lin     83.84817      0.000     58  
  cop_0626_lp_lin    648.53805      0.000    415  
  cop_0627_lp_lin    141.73370      0.000     83  
  cop_0628_lp_lin     25.55188      0.000    884  
  cop_0629_lp_lin     24.95266      0.000    795  
  cop_0630_lp_lin     91.53839      0.000    896  
  cop_0631_lp_lin     19.06830      0.000    946  
  cop_0632_lp_lin    276.15995      0.000     24  
  cop_0633_lp_lin     60.25142      0.000    766  
  cop_0634_lp_lin     39.14621      0.000    541  
  cop_0635_lp_lin     30.92358      0.000    807  
  cop_0636_lp_lin     58.63584      0.000    241  
  cop_0637_lp_lin    390.74046      0.000     90  
  cop_0638_lp_lin     58.40698      0.000    363  
  cop_0639_lp_lin     72.44352      0.000    509  
  cop_0640_lp_lin     56.46301      0.000    717  
  cop_0641_lp_lin    104.91593      0.000    557  
  cop_0642_lp_lin     44.77919      0.000    762  
  cop_0643_lp_lin     85.88549      0.000    481  
  cop_0644_lp_lin    123.68819      0.000    640  
  cop_0645_lp_lin    110.48721      0.000    643  
  cop_0646_lp_lin    105.58082      0.000    201  
  cop_0647_lp_lin     63.00743      0.000    684  
  cop_0648_lp_lin    197.92993      0.000    125  
  cop_0649_lp_lin     79.17255      0.000    497  
  cop_0650_lp_lin     44.15335      0.000    588  
  cop_0651_lp_lin     53.57883      0.000    338  
  cop_0652_lp_lin     20.50878      0.000    856  
  cop_0653_lp_lin     67.07295      0.000    382  
  cop_0654_lp_lin      5.80163      0.000    997  
  cop_0655_lp_lin    192.91062      0.000    381  
  cop_0656_lp_lin    827.27567      0.000    686  
  cop_0657_lp_lin   1569.23394      0.000    388  
  cop_0658_lp_lin    117.59571      0.000    563  
  cop_0659_lp_lin    120.83480      0.000    600  
  cop_0660_lp_lin     23.40242      0.000    893  
  cop_0661_lp_lin     19.38675      0.000    931  
  cop_0662_lp_lin    112.58565      0.000    525  
  cop_0663_lp_lin    234.00999      0.000     91  
  cop_0664_lp_lin     32.55920      0.000    784  
  cop_0665_lp_lin     11.96579      0.000    983  
  cop_0666_lp_lin     53.68949      0.000    206  
  cop_0667_lp_lin     42.98355      0.000    873  
  cop_0668_lp_lin     89.71717      0.000    161  
  cop_0669_lp_lin    331.86428      0.000    355  
  cop_0670_lp_lin   2364.00090      0.000     21  
  cop_0671_lp_lin     89.73157      0.000    339  
  cop_0672_lp_lin     52.03927      0.000    565  
  cop_0673_lp_lin     81.10743      0.000    404  
  cop_0674_lp_lin    136.20715      0.000      1  
  cop_0675_lp_lin    227.58046      0.000    172  
  cop_0676_lp_lin    140.27868      0.000    321  
  cop_0677_lp_lin    184.73354      0.000    403  
  cop_0678_lp_lin    524.20615      0.000    569  
  cop_0679_lp_lin   2796.10486      0.000     22  
  cop_0680_lp_lin    182.81982      0.000    530  
  cop_0681_lp_lin    307.42892      0.000    775  
  cop_0682_lp_lin     56.58740      0.000    657  
  cop_0683_lp_lin     33.07885      0.000    668  
  cop_0684_lp_lin     26.25615      0.000    765  
  cop_0685_lp_lin     25.35543      0.000    811  
  cop_0686_lp_lin     22.51901      0.000    872  
  cop_0687_lp_lin    314.93796      0.000    756  
  cop_0688_lp_lin     56.52326      0.000    305  
  cop_0689_lp_lin     28.54641      0.000    764  
  cop_0690_lp_lin   1111.53256      0.000    177  
  cop_0691_lp_lin     20.67290      0.000    916  
  cop_0692_lp_lin     30.02105      0.000    951  
  cop_0693_lp_lin    112.05987      0.000    679  
  cop_0694_lp_lin     36.53804      0.000    798  
  cop_0695_lp_lin     91.63650      0.000    134  
  cop_0696_lp_lin     17.29355      0.000    967  
  cop_0697_lp_lin     38.97552      0.000    297  
  cop_0698_lp_lin     64.40157      0.000     71  
  cop_0699_lp_lin    148.62962      0.000    380  
  cop_0700_lp_lin    675.47135      0.000    372  
  cop_0701_lp_lin    120.06521      0.000     86  
  cop_0702_lp_lin     30.22619      0.000    805  
  cop_0703_lp_lin     62.05979      0.000    319  
  cop_0704_lp_lin   1491.19339      0.000    830  
  cop_0705_lp_lin     27.68333      0.000    860  
  cop_0706_lp_lin     48.63759      0.000    538  
  cop_0707_lp_lin     19.96246      0.000    910  
  cop_0708_lp_lin     16.09585      0.000    938  
  cop_0709_lp_lin    161.93388      0.000    122  
  cop_0710_lp_lin    215.03251      0.000    240  
  cop_0711_lp_lin     30.66516      0.000    358  
  cop_0712_lp_lin     91.04785      0.000    445  
  cop_0713_lp_lin    130.52414      0.000    727  
  cop_0714_lp_lin    124.87988      0.000    168  
  cop_0715_lp_lin     10.19714      0.000    987  
  cop_0716_lp_lin    117.53243      0.000    520  
  cop_0717_lp_lin     17.10938      0.000    923  
  cop_0718_lp_lin    524.48012      0.000    572  
  cop_0719_lp_lin     44.98160      0.000    127  
  cop_0720_lp_lin     15.53263      0.000    975  
  cop_0721_lp_lin    199.17996      0.000    285  
  cop_0722_lp_lin    215.91638      0.000    336  
  cop_0723_lp_lin     51.62184      0.000    386  
  cop_0724_lp_lin    372.78572      0.000    351  
  cop_0725_lp_lin     48.97012      0.000    641  
  cop_0726_lp_lin    113.57913      0.000    261  
  cop_0727_lp_lin     56.69401      0.000    842  
  cop_0728_lp_lin    107.69400      0.000    597  
  cop_0729_lp_lin     67.15482      0.000    542  
  cop_0730_lp_lin     70.15809      0.000    160  
  cop_0731_lp_lin     67.45373      0.000    712  
  cop_0732_lp_lin    143.50359      0.000    213  
  cop_0733_lp_lin     69.40941      0.000    540  
  cop_0734_lp_lin    119.25101      0.000    139  
  cop_0735_lp_lin     17.47362      0.000    947  
  cop_0736_lp_lin     34.49505      0.000    695  
  cop_0737_lp_lin    172.11625      0.000    458  
  cop_0738_lp_lin     24.12221      0.000    810  
  cop_0739_lp_lin   1144.84831      0.000    604  
  cop_0740_lp_lin     14.04553      0.000    981  
  cop_0741_lp_lin     89.72766      0.000    501  
  cop_0742_lp_lin     20.09443      0.000    939  
  cop_0743_lp_lin     45.11941      0.000    620  
  cop_0744_lp_lin    236.04886      0.000    374  
  cop_0745_lp_lin    540.11056      0.000    752  
  cop_0746_lp_lin    573.51408      0.000    671  
  cop_0747_lp_lin    172.67249      0.000    547  
  cop_0748_lp_lin     32.02988      0.000    710  
  cop_0749_lp_lin     46.45613      0.000    905  
  cop_0750_lp_lin     26.57322      0.000    964  
  cop_0751_lp_lin     18.75005      0.000    902  
  cop_0752_lp_lin   1070.40883      0.000    454  
  cop_0753_lp_lin     85.31218      0.000    827  
  cop_0754_lp_lin    171.99511      0.000    711  
  cop_0755_lp_lin     64.81623      0.000    251  
  cop_0756_lp_lin     15.14850      0.000    961  
  cop_0757_lp_lin     23.24225      0.000    841  
  cop_0758_lp_lin     66.85037      0.000    826  
  cop_0759_lp_lin     61.09965      0.000    490  
  cop_0760_lp_lin    107.28825      0.000    446  
  cop_0761_lp_lin     74.74796      0.000    359  
  cop_0762_lp_lin     55.10453      0.000    473  
  cop_0763_lp_lin     23.24697      0.000    879  
  cop_0764_lp_lin     19.19048      0.000    953  
  cop_0765_lp_lin     41.70947      0.000    274  
  cop_0766_lp_lin     30.97554      0.000    848  
  cop_0767_lp_lin    308.82229      0.000    644  
  cop_0768_lp_lin   9140.62732      0.000    611  
  cop_0769_lp_lin    123.94318      0.000    424  
  cop_0770_lp_lin    108.14723      0.000    736  
  cop_0771_lp_lin    109.62581      0.000    300  
  cop_0772_lp_lin     36.15725      0.000    579  
  cop_0773_lp_lin     16.48791      0.000    969  
  cop_0774_lp_lin     19.11284      0.000    928  
  cop_0775_lp_lin     68.32265      0.000     60  
  cop_0776_lp_lin     50.42732      0.000     47  
  cop_0777_lp_lin     18.82686      0.000    929  
  cop_0778_lp_lin     27.86219      0.000    774  
  cop_0779_lp_lin     60.51581      0.000    489  
  cop_0780_lp_lin     39.49932      0.000    340  
  cop_0781_lp_lin    339.70780      0.000    469  
  cop_0782_lp_lin     38.09437      0.000    561  
  cop_0783_lp_lin   1604.82536      0.000    672  
  cop_0784_lp_lin     18.59187      0.000    948  
  cop_0785_lp_lin    550.14875      0.000    269  
  cop_0786_lp_lin    181.99615      0.000     13  
  cop_0787_lp_lin    840.89879      0.000    287  
  cop_0788_lp_lin    158.78886      0.000    548  
  cop_0789_lp_lin    174.84431      0.000    635  
  cop_0790_lp_lin     53.22109      0.000    503  
  cop_0791_lp_lin     74.79025      0.000    371  
  cop_0792_lp_lin    636.65258      0.000    349  
  cop_0793_lp_lin     27.98363      0.000    790  
  cop_0794_lp_lin     38.58209      0.000    651  
  cop_0795_lp_lin     71.78544      0.000    730  
  cop_0796_lp_lin     23.32553      0.000    914  
  cop_0797_lp_lin     52.74230      0.000    603  
  cop_0798_lp_lin     46.48703      0.000    792  
  cop_0799_lp_lin    805.13705      0.000    659  
  cop_0800_lp_lin     65.05111      0.000    885  
  cop_0801_lp_lin      6.69662      0.000    996  
  cop_0802_lp_lin     69.33789      0.000    294  
  cop_0803_lp_lin     43.49098      0.000    660  
  cop_0804_lp_lin    145.32947      0.000    271  
  cop_0805_lp_lin    114.07273      0.000    230  
  cop_0806_lp_lin     40.81488      0.000    624  
  cop_0807_lp_lin    239.20432      0.000    478  
  cop_0808_lp_lin    120.20210      0.000     63  
  cop_0809_lp_lin    618.89947      0.000    180  
  cop_0810_lp_lin    931.68285      0.000    619  
  cop_0811_lp_lin    405.91195      0.000    227  
  cop_0812_lp_lin    155.56124      0.000      7  
  cop_0813_lp_lin    125.67865      0.000     54  
  cop_0814_lp_lin     48.99999      0.000    776  
  cop_0815_lp_lin     39.36242      0.000    342  
  cop_0816_lp_lin    813.17914      0.000    329  
  cop_0817_lp_lin    121.30531      0.000    288  
  cop_0818_lp_lin    106.21457      0.000    144  
  cop_0819_lp_lin     77.12992      0.000    218  
  cop_0820_lp_lin     26.39333      0.000    876  
  cop_0821_lp_lin     32.41210      0.000    647  
  cop_0822_lp_lin    241.04791      0.000    460  
  cop_0823_lp_lin    957.66247      0.000    173  
  cop_0824_lp_lin     17.26283      0.000    942  
  cop_0825_lp_lin     34.67630      0.000    682  
  cop_0826_lp_lin     14.77407      0.000    963  
  cop_0827_lp_lin     21.08832      0.000    955  
  cop_0828_lp_lin    223.80185      0.000    430  
  cop_0829_lp_lin     99.43169      0.000    245  
  cop_0830_lp_lin    568.98711      0.000    704  
  cop_0831_lp_lin     68.50189      0.000    402  
  cop_0832_lp_lin     14.13860      0.000    971  
  cop_0833_lp_lin    658.65304      0.000    112  
  cop_0834_lp_lin     40.26187      0.000    293  
  cop_0835_lp_lin     81.81357      0.000    152  
  cop_0836_lp_lin    206.98417      0.000    556  
  cop_0837_lp_lin    142.95574      0.000    263  
  cop_0838_lp_lin     38.66552      0.000    658  
  cop_0839_lp_lin    265.70779      0.000    391  
  cop_0840_lp_lin     75.79826      0.000    549  
  cop_0841_lp_lin     25.27832      0.000    793  
  cop_0842_lp_lin    323.99006      0.000    156  
  cop_0843_lp_lin     58.99618      0.000    307  
  cop_0844_lp_lin     53.58511      0.000    783  
  cop_0845_lp_lin    414.08999      0.000     67  
  cop_0846_lp_lin    485.85657      0.000    289  
  cop_0847_lp_lin    145.30444      0.000    121  
  cop_0848_lp_lin     29.05942      0.000    904  
  cop_0849_lp_lin     28.51576      0.000    763  
  cop_0850_lp_lin     48.97512      0.000    437  
  cop_0851_lp_lin    196.74470      0.000    357  
  cop_0852_lp_lin     24.26847      0.000    854  
  cop_0853_lp_lin     39.51967      0.000    802  
  cop_0854_lp_lin     25.99618      0.000    846  
  cop_0855_lp_lin     84.39576      0.000    202  
  cop_0856_lp_lin    220.64895      0.000    322  
  cop_0857_lp_lin     33.38052      0.000    492  
  cop_0858_lp_lin     42.36087      0.000    158  
  cop_0859_lp_lin     17.72500      0.000    952  
  cop_0860_lp_lin    675.39979      0.000    334  
  cop_0861_lp_lin    117.43301      0.000    365  
  cop_0862_lp_lin     27.26258      0.000    855  
  cop_0863_lp_lin     32.42649      0.000    851  
  cop_0864_lp_lin     46.37311      0.000    179  
  cop_0865_lp_lin    186.76735      0.000    231  
  cop_0866_lp_lin     57.05189      0.000    607  
  cop_0867_lp_lin     32.87402      0.000    555  
  cop_0868_lp_lin    383.10291      0.000     82  
  cop_0869_lp_lin    141.04796      0.000    410  
  cop_0870_lp_lin   2073.56366      0.000    237  
  cop_0871_lp_lin     28.41821      0.000    864  
  cop_0872_lp_lin     63.49235      0.000    299  
  cop_0873_lp_lin     85.67891      0.000    419  
  cop_0874_lp_lin     37.02225      0.000    384  
  cop_0875_lp_lin     68.95277      0.000    145  
  cop_0876_lp_lin     45.22669      0.000    545  
  cop_0877_lp_lin     37.66040      0.000    504  
  cop_0878_lp_lin     30.24813      0.000    944  
  cop_0879_lp_lin     64.51195      0.000    159  
  cop_0880_lp_lin     32.93926      0.000    849  
  cop_0881_lp_lin     65.32241      0.000     70  
  cop_0882_lp_lin     32.13198      0.000    796  
  cop_0883_lp_lin    247.38808      0.000    187  
  cop_0884_lp_lin     33.46364      0.000    584  
  cop_0885_lp_lin    190.53255      0.000    346  
  cop_0886_lp_lin     28.47266      0.000    315  
  cop_0887_lp_lin    190.90472      0.000     40  
  cop_0888_lp_lin     72.10683      0.000    236  
  cop_0889_lp_lin     74.85863      0.000    310  
  cop_0890_lp_lin    346.87937      0.000    171  
  cop_0891_lp_lin     65.14079      0.000    188  
  cop_0892_lp_lin     81.21086      0.000    385  
  cop_0893_lp_lin     52.96105      0.000    119  
  cop_0894_lp_lin    123.16800      0.000    135  
  cop_0895_lp_lin     66.36900      0.000    778  
  cop_0896_lp_lin     41.89129      0.000    308  
  cop_0897_lp_lin     18.10788      0.000    935  
  cop_0898_lp_lin     23.24037      0.000    804  
  cop_0899_lp_lin     24.55857      0.000    721  
  cop_0900_lp_lin    612.89444      0.000    587  
  cop_0901_lp_lin     68.35924      0.000    582  
  cop_0902_lp_lin     20.65316      0.000    966  
  cop_0903_lp_lin    116.69609      0.000    623  
  cop_0904_lp_lin     32.12088      0.000    662  
  cop_0905_lp_lin      2.51660      1.000      -  yes
  cop_0906_lp_lin     17.47397      0.000    941  
  cop_0907_lp_lin    335.37767      0.000      8  
  cop_0908_lp_lin    323.98948      0.000    847  
  cop_0909_lp_lin    113.64772      0.000    680  
  cop_0910_lp_lin     50.38925      0.000    828  
  cop_0911_lp_lin     41.37242      0.000    844  
  cop_0912_lp_lin    100.78404      0.000    638  
  cop_0913_lp_lin     25.14029      0.000    809  
  cop_0914_lp_lin     23.57724      0.000    940  
  cop_0915_lp_lin    127.60399      0.000    417  
  cop_0916_lp_lin    145.19328      0.000    248  
  cop_0917_lp_lin     12.45452      0.000    974  
  cop_0918_lp_lin    381.88951      0.000     25  
  cop_0919_lp_lin    564.61702      0.000    722  
  cop_0920_lp_lin     92.47908      0.000    791  
  cop_0921_lp_lin     89.34044      0.000    534  
  cop_0922_lp_lin    140.17623      0.000    279  
  cop_0923_lp_lin     53.71785      0.000    524  
  cop_0924_lp_lin   1216.33628      0.000    835  
  cop_0925_lp_lin     88.37230      0.000    688  
  cop_0926_lp_lin    607.00928      0.000    215  
  cop_0927_lp_lin    123.57372      0.000     89  
  cop_0928_lp_lin   1546.87971      0.000    194  
  cop_0929_lp_lin    385.27187      0.000    498  
  cop_0930_lp_lin     98.61192      0.000    479  
  cop_0931_lp_lin     12.27685      0.000    977  
  cop_0932_lp_lin    718.59040      0.000    426  
  cop_0933_lp_lin    195.59621      0.000    360  
  cop_0934_lp_lin    118.74838      0.000    617  
  cop_0935_lp_lin    219.31715      0.000    449  
  cop_0936_lp_lin    142.11337      0.000    376  
  cop_0937_lp_lin     30.43586      0.000    719  
  cop_0938_lp_lin    320.79940      0.000    182  
  cop_0939_lp_lin     61.71192      0.000    257  
  cop_0940_lp_lin    319.50622      0.000     12  
  cop_0941_lp_lin     45.66335      0.000    506  
  cop_0942_lp_lin    627.05745      0.000    278  
  cop_0943_lp_lin     23.47612      0.000    862  
  cop_0944_lp_lin    110.00933      0.000    536  
  cop_0945_lp_lin    183.51764      0.000    522  
  cop_0946_lp_lin    273.33387      0.000    614  
  cop_0947_lp_lin    231.11997      0.000    399  
  cop_0948_lp_lin     44.60357      0.000    732  
  cop_0949_lp_lin    261.52387      0.000    107  
  cop_0950_lp_lin     40.71033      0.000    601  
  cop_0951_lp_lin     29.99776      0.000    733  
  cop_0952_lp_lin     38.43003      0.000    820  
  cop_0953_lp_lin     71.18524      0.000    118  
  cop_0954_lp_lin     92.71853      0.000    298  
  cop_0955_lp_lin     43.86790      0.000    467  
  cop_0956_lp_lin     84.07724      0.000     75  
  cop_0957_lp_lin    162.88171      0.000    599  
  cop_0958_lp_lin    999.99861      0.000    573  
  cop_0959_lp_lin     79.12799      0.000    106  
  cop_0960_lp_lin     92.29306      0.000    115  
  cop_0961_lp_lin     98.40539      0.000    427  
  cop_0962_lp_lin     44.79488      0.000    398  
  cop_0963_lp_lin     63.48670      0.000    284  
  cop_0964_lp_lin     49.08215      0.000    745  
  cop_0965_lp_lin    384.57885      0.000    452  
  cop_0966_lp_lin    322.08711      0.000     34  
  cop_0967_lp_lin    400.85532      0.000     44  
  cop_0968_lp_lin     35.33373      0.000    238  
  cop_0969_lp_lin     29.60143      0.000    562  
  cop_0970_lp_lin      5.67599      0.000    998  
  cop_0971_lp_lin     20.19288      0.000    845  
  cop_0972_lp_lin     22.62549      0.000    890  
  cop_0973_lp_lin     80.05623      0.000    634  
  cop_0974_lp_lin     65.36756      0.000    699  
  cop_0975_lp_lin    131.66214      0.000    267  
  cop_0976_lp_lin     63.15131      0.000    741  
  cop_0977_lp_lin    410.56425      0.000     92  
  cop_0978_lp_lin     43.01110      0.000    631  
  cop_0979_lp_lin     47.32013      0.000    197  
  cop_0980_lp_lin    414.71326      0.000    513  
  cop_0981_lp_lin    142.77801      0.000    175  
  cop_0982_lp_lin     45.33685      0.000    605  
  cop_0983_lp_lin    144.07506      0.000    306  
  cop_0984_lp_lin    265.33999      0.000     45  
  cop_0985_lp_lin     74.43977      0.000    207  
  cop_0986_lp_lin     41.87284      0.000    715  
  cop_0987_lp_lin    107.58899      0.000    474  
  cop_0988_lp_lin     81.22609      0.000     48  
  cop_0989_lp_lin    364.26153      0.000    518  
  cop_0990_lp_lin    220.63103      0.000    546  
  cop_0991_lp_lin     84.14181      0.000    395  
  cop_0992_lp_lin    188.63941      0.000    442  
  cop_0993_lp_lin    125.04350      0.000    191  
  cop_0994_lp_lin     35.22926      0.000    819  
  cop_0995_lp_lin     35.29701      0.000    411  
  cop_0996_lp_lin     39.58079      0.000    550  
  cop_0997_lp_lin    170.54139      0.000    185  
  cop_0998_lp_lin     44.92046      0.000    709  
  cop_0999_lp_lin     48.85358      0.000    650  
  cop_1000_lp_lin     55.14613      0.000    200  
  eliminated, worst first: cop_0674_lp_lin cop_0545_lp_lin cop_0333_lp_lin cop_0326_lp_lin cop_0026_lp_lin cop_0272_lp_lin cop_0812_lp_lin cop_0907_lp_lin cop_0511_lp_lin cop_0188_lp_lin cop_0123_lp_lin cop_0940_lp_lin cop_0786_lp_lin cop_0096_lp_lin cop_0104_lp_lin cop_0579_lp_lin cop_0605_lp_lin cop_0158_lp_lin cop_0549_lp_lin cop_0089_lp_lin cop_0670_lp_lin cop_0679_lp_lin cop_0244_lp_lin cop_0632_lp_lin cop_0918_lp_lin cop_0067_lp_lin cop_0375_lp_lin cop_0154_lp_lin cop_0456_lp_lin cop_0548_lp_lin cop_0222_lp_lin cop_0175_lp_lin cop_0247_lp_lin cop_0966_lp_lin cop_0550_lp_lin cop_0535_lp_lin cop_0160_lp_lin cop_0063_lp_lin cop_0508_lp_lin cop_0887_lp_lin cop_0092_lp_lin cop_0328_lp_lin cop_0138_lp_lin cop_0967_lp_lin cop_0984_lp_lin cop_0114_lp_lin cop_0776_lp_lin cop_0988_lp_lin cop_0451_lp_lin cop_0442_lp_lin cop_0560_lp_lin cop_0084_lp_lin cop_0325_lp_lin cop_0813_lp_lin cop_0234_lp_lin cop_0372_lp_lin cop_0126_lp_lin cop_0625_lp_lin cop_0438_lp_lin cop_0775_lp_lin cop_0006_lp_lin cop_0217_lp_lin cop_0808_lp_lin cop_0357_lp_lin cop_0093_lp_lin cop_0485_lp_lin cop_0845_lp_lin cop_0610_lp_lin cop_0266_lp_lin cop_0881_lp_lin cop_0698_lp_lin cop_0082_lp_lin cop_0584_lp_lin cop_0245_lp_lin cop_0956_lp_lin cop_0012_lp_lin cop_0253_lp_lin cop_0068_lp_lin cop_0362_lp_lin cop_0212_lp_lin cop_0295_lp_lin cop_0868_lp_lin cop_0627_lp_lin cop_0086_lp_lin cop_0327_lp_lin cop_0701_lp_lin cop_0473_lp_lin cop_0499_lp_lin cop_0927_lp_lin cop_0637_lp_lin cop_0663_lp_lin cop_0977_lp_lin cop_0251_lp_lin cop_0556_lp_lin cop_0177_lp_lin cop_0576_lp_lin cop_0425_lp_lin cop_0046_lp_lin cop_0588_lp_lin cop_0582_lp_lin cop_0392_lp_lin cop_0133_lp_lin cop_0363_lp_lin cop_0491_lp_lin cop_0607_lp_lin cop_0959_lp_lin cop_0949_lp_lin cop_0315_lp_lin cop_0400_lp_lin cop_0539_lp_lin cop_0276_lp_lin cop_0833_lp_lin cop_0155_lp_lin cop_0405_lp_lin cop_0960_lp_lin cop_0487_lp_lin cop_0445_lp_lin cop_0953_lp_lin cop_0893_lp_lin cop_0041_lp_lin cop_0847_lp_lin cop_0709_lp_lin cop_0230_lp_lin cop_0300_lp_lin cop_0648_lp_lin cop_0203_lp_lin cop_0719_lp_lin cop_0270_lp_lin cop_0558_lp_lin cop_0401_lp_lin cop_0284_lp_lin cop_0383_lp_lin cop_0018_lp_lin cop_0695_lp_lin cop_0894_lp_lin cop_0522_lp_lin cop_0043_lp_lin cop_0618_lp_lin cop_0734_lp_lin cop_0447_lp_lin cop_0056_lp_lin cop_0021_lp_lin cop_0167_lp_lin cop_0818_lp_lin cop_0875_lp_lin cop_0528_lp_lin cop_0216_lp_lin cop_0263_lp_lin cop_0623_lp_lin cop_0095_lp_lin cop_0606_lp_lin cop_0835_lp_lin cop_0030_lp_lin cop_0260_lp_lin cop_0336_lp_lin cop_0842_lp_lin cop_0583_lp_lin cop_0858_lp_lin cop_0879_lp_lin cop_0730_lp_lin cop_0668_lp_lin cop_0159_lp_lin cop_0573_lp_lin cop_0236_lp_lin cop_0329_lp_lin cop_0567_lp_lin cop_0463_lp_lin cop_0714_lp_lin cop_0536_lp_lin cop_0551_lp_lin cop_0890_lp_lin cop_0675_lp_lin cop_0823_lp_lin cop_0339_lp_lin cop_0981_lp_lin cop_0393_lp_lin cop_0690_lp_lin cop_0354_lp_lin cop_0864_lp_lin cop_0809_lp_lin cop_0557_lp_lin cop_0938_lp_lin cop_0586_lp_lin cop_0111_lp_lin cop_0997_lp_lin cop_0341_lp_lin cop_0883_lp_lin cop_0891_lp_lin cop_0077_lp_lin cop_0601_lp_lin cop_0993_lp_lin cop_0370_lp_lin cop_0531_lp_lin cop_0928_lp_lin cop_0609_lp_lin cop_0286_lp_lin cop_0979_lp_lin cop_0305_lp_lin cop_0541_lp_lin cop_1000_lp_lin cop_0646_lp_lin cop_0855_lp_lin cop_0184_lp_lin cop_0015_lp_lin cop_0098_lp_lin cop_0666_lp_lin cop_0985_lp_lin cop_0278_lp_lin cop_0324_lp_lin cop_0279_lp_lin cop_0475_lp_lin cop_0164_lp_lin cop_0732_lp_lin cop_0080_lp_lin cop_0926_lp_lin cop_0591_lp_lin cop_0420_lp_lin cop_0819_lp_lin cop_0254_lp_lin cop_0137_lp_lin cop_0122_lp_lin cop_0415_lp_lin cop_0195_lp_lin cop_0365_lp_lin cop_0101_lp_lin cop_0337_lp_lin cop_0811_lp_lin cop_0521_lp_lin cop_0265_lp_lin cop_0805_lp_lin cop_0865_lp_lin cop_0484_lp_lin cop_0624_lp_lin cop_0323_lp_lin cop_0119_lp_lin cop_0888_lp_lin cop_0870_lp_lin cop_0968_lp_lin cop_0229_lp_lin cop_0710_lp_lin cop_0636_lp_lin cop_0235_lp_lin cop_0083_lp_lin cop_0488_lp_lin cop_0829_lp_lin cop_0412_lp_lin cop_0404_lp_lin cop_0916_lp_lin cop_0578_lp_lin cop_0441_lp_lin cop_0755_lp_lin cop_0455_lp_lin cop_0507_lp_lin cop_0592_lp_lin cop_0398_lp_lin cop_0115_lp_lin cop_0939_lp_lin cop_0497_lp_lin cop_0371_lp_lin cop_0349_lp_lin cop_0726_lp_lin cop_0151_lp_lin cop_0837_lp_lin cop_0271_lp_lin cop_0296_lp_lin cop_0005_lp_lin cop_0975_lp_lin cop_0532_lp_lin cop_0785_lp_lin cop_0366_lp_lin cop_0804_lp_lin cop_0290_lp_lin cop_0287_lp_lin cop_0765_lp_lin cop_0621_lp_lin cop_0132_lp_lin cop_0301_lp_lin cop_0942_lp_lin cop_0922_lp_lin cop_0176_lp_lin cop_0564_lp_lin cop_0023_lp_lin cop_0436_lp_lin cop_0963_lp_lin cop_0721_lp_lin cop_0243_lp_lin cop_0787_lp_lin cop_0817_lp_lin cop_0846_lp_lin cop_0257_lp_lin cop_0468_lp_lin cop_0198_lp_lin cop_0834_lp_lin cop_0802_lp_lin cop_0042_lp_lin cop_0384_lp_lin cop_0697_lp_lin cop_0954_lp_lin cop_0872_lp_lin cop_0771_lp_lin cop_0055_lp_lin cop_0049_lp_lin cop_0130_lp_lin cop_0449_lp_lin cop_0688_lp_lin cop_0983_lp_lin cop_0843_lp_lin cop_0896_lp_lin cop_0297_lp_lin cop_0889_lp_lin cop_0360_lp_lin cop_0085_lp_lin cop_0590_lp_lin cop_0064_lp_lin cop_0886_lp_lin cop_0149_lp_lin cop_0613_lp_lin cop_0178_lp_lin cop_0703_lp_lin cop_0283_lp_lin cop_0676_lp_lin cop_0856_lp_lin cop_0599_lp_lin cop_0452_lp_lin cop_0127_lp_lin cop_0153_lp_lin cop_0073_lp_lin cop_0603_lp_lin cop_0816_lp_lin cop_0612_lp_lin cop_0406_lp_lin cop_0194_lp_lin cop_0614_lp_lin cop_0860_lp_lin cop_0008_lp_lin cop_0722_lp_lin cop_0434_lp_lin cop_0651_lp_lin cop_0671_lp_lin cop_0780_lp_lin cop_0075_lp_lin cop_0815_lp_lin cop_0440_lp_lin cop_0264_lp_lin cop_0193_lp_lin cop_0885_lp_lin cop_0088_lp_lin cop_0051_lp_lin cop_0792_lp_lin cop_0052_lp_lin cop_0724_lp_lin cop_0432_lp_lin cop_0563_lp_lin cop_0024_lp_lin cop_0669_lp_lin cop_0094_lp_lin cop_0851_lp_lin cop_0711_lp_lin cop_0761_lp_lin cop_0933_lp_lin cop_0208_lp_lin cop_0471_lp_lin cop_0638_lp_lin cop_0256_lp_lin cop_0861_lp_lin cop_0302_lp_lin cop_0602_lp_lin cop_0144_lp_lin cop_0569_lp_lin cop_0022_lp_lin cop_0791_lp_lin cop_0700_lp_lin cop_0020_lp_lin cop_0744_lp_lin cop_0180_lp_lin cop_0936_lp_lin cop_0169_lp_lin cop_0489_lp_lin cop_0394_lp_lin cop_0699_lp_lin cop_0655_lp_lin cop_0653_lp_lin cop_0224_lp_lin cop_0874_lp_lin cop_0892_lp_lin cop_0723_lp_lin cop_0050_lp_lin cop_0657_lp_lin cop_0376_lp_lin cop_0248_lp_lin cop_0839_lp_lin cop_0411_lp_lin cop_0034_lp_lin cop_0476_lp_lin cop_0991_lp_lin cop_0421_lp_lin cop_0380_lp_lin cop_0962_lp_lin cop_0947_lp_lin cop_0385_lp_lin cop_0568_lp_lin cop_0831_lp_lin cop_0677_lp_lin cop_0673_lp_lin cop_0467_lp_lin cop_0355_lp_lin cop_0562_lp_lin cop_0367_lp_lin cop_0345_lp_lin cop_0869_lp_lin cop_0995_lp_lin cop_0589_lp_lin cop_0192_lp_lin cop_0308_lp_lin cop_0626_lp_lin cop_0065_lp_lin cop_0915_lp_lin cop_0486_lp_lin cop_0873_lp_lin cop_0013_lp_lin cop_0310_lp_lin cop_0311_lp_lin cop_0185_lp_lin cop_0769_lp_lin cop_0575_lp_lin cop_0932_lp_lin cop_0961_lp_lin cop_0369_lp_lin cop_0017_lp_lin cop_0828_lp_lin cop_0141_lp_lin cop_0223_lp_lin cop_0530_lp_lin cop_0232_lp_lin cop_0330_lp_lin cop_0482_lp_lin cop_0850_lp_lin cop_0163_lp_lin cop_0060_lp_lin cop_0378_lp_lin cop_0483_lp_lin cop_0992_lp_lin cop_0414_lp_lin cop_0199_lp_lin cop_0712_lp_lin cop_0760_lp_lin cop_0342_lp_lin cop_0493_lp_lin cop_0935_lp_lin cop_0228_lp_lin cop_0423_lp_lin cop_0965_lp_lin cop_0387_lp_lin cop_0752_lp_lin cop_0585_lp_lin cop_0309_lp_lin cop_0553_lp_lin cop_0737_lp_lin cop_0572_lp_lin cop_0822_lp_lin cop_0259_lp_lin cop_0206_lp_lin cop_0078_lp_lin cop_0515_lp_lin cop_0074_lp_lin cop_0419_lp_lin cop_0955_lp_lin cop_0559_lp_lin cop_0781_lp_lin cop_0027_lp_lin cop_0514_lp_lin cop_0427_lp_lin cop_0762_lp_lin cop_0987_lp_lin cop_0504_lp_lin cop_0262_lp_lin cop_0150_lp_lin cop_0807_lp_lin cop_0930_lp_lin cop_0331_lp_lin cop_0643_lp_lin cop_0344_lp_lin cop_0358_lp_lin cop_0162_lp_lin cop_0059_lp_lin cop_0418_lp_lin cop_0430_lp_lin cop_0600_lp_lin cop_0779_lp_lin cop_0759_lp_lin cop_0209_lp_lin cop_0857_lp_lin cop_0108_lp_lin cop_0190_lp_lin cop_0291_lp_lin cop_0071_lp_lin cop_0649_lp_lin cop_0929_lp_lin cop_0448_lp_lin cop_0391_lp_lin cop_0741_lp_lin cop_0580_lp_lin cop_0790_lp_lin cop_0877_lp_lin cop_0233_lp_lin cop_0941_lp_lin cop_0197_lp_lin cop_0379_lp_lin cop_0639_lp_lin cop_0200_lp_lin cop_0186_lp_lin cop_0359_lp_lin cop_0980_lp_lin cop_0506_lp_lin cop_0091_lp_lin cop_0402_lp_lin cop_0388_lp_lin cop_0989_lp_lin cop_0540_lp_lin cop_0716_lp_lin cop_0332_lp_lin cop_0945_lp_lin cop_0249_lp_lin cop_0923_lp_lin cop_0662_lp_lin cop_0171_lp_lin cop_0416_lp_lin cop_0619_lp_lin cop_0242_lp_lin cop_0680_lp_lin cop_0389_lp_lin cop_0340_lp_lin cop_0116_lp_lin cop_0921_lp_lin cop_0275_lp_lin cop_0944_lp_lin cop_0028_lp_lin cop_0706_lp_lin cop_0225_lp_lin cop_0733_lp_lin cop_0634_lp_lin cop_0729_lp_lin cop_0587_lp_lin cop_0081_lp_lin cop_0876_lp_lin cop_0990_lp_lin cop_0747_lp_lin cop_0788_lp_lin cop_0840_lp_lin cop_0996_lp_lin cop_0409_lp_lin cop_0446_lp_lin cop_0314_lp_lin cop_0076_lp_lin cop_0867_lp_lin cop_0836_lp_lin cop_0641_lp_lin cop_0187_lp_lin cop_0029_lp_lin cop_0110_lp_lin cop_0782_lp_lin cop_0969_lp_lin cop_0658_lp_lin cop_0490_lp_lin cop_0672_lp_lin cop_0477_lp_lin cop_0140_lp_lin cop_0319_lp_lin cop_0678_lp_lin cop_0009_lp_lin cop_0238_lp_lin cop_0718_lp_lin cop_0958_lp_lin cop_0124_lp_lin cop_0611_lp_lin cop_0322_lp_lin cop_0170_lp_lin cop_0189_lp_lin cop_0772_lp_lin cop_0129_lp_lin cop_0219_lp_lin cop_0901_lp_lin cop_0032_lp_lin cop_0884_lp_lin cop_0218_lp_lin cop_0062_lp_lin cop_0900_lp_lin cop_0650_lp_lin cop_0214_lp_lin cop_0581_lp_lin cop_0524_lp_lin cop_0495_lp_lin cop_0433_lp_lin cop_0617_lp_lin cop_0037_lp_lin cop_0505_lp_lin cop_0728_lp_lin cop_0210_lp_lin cop_0957_lp_lin cop_0659_lp_lin cop_0950_lp_lin cop_0318_lp_lin cop_0797_lp_lin cop_0739_lp_lin cop_0982_lp_lin cop_0537_lp_lin cop_0866_lp_lin cop_0038_lp_lin cop_0292_lp_lin cop_0097_lp_lin cop_0768_lp_lin cop_0053_lp_lin cop_0381_lp_lin cop_0946_lp_lin cop_0547_lp_lin cop_0282_lp_lin cop_0934_lp_lin cop_0125_lp_lin cop_0810_lp_lin cop_0743_lp_lin cop_0202_lp_lin cop_0014_lp_lin cop_0903_lp_lin cop_0806_lp_lin cop_0099_lp_lin cop_0090_lp_lin cop_0615_lp_lin cop_0312_lp_lin cop_0204_lp_lin cop_0608_lp_lin cop_0978_lp_lin cop_0431_lp_lin cop_0045_lp_lin cop_0973_lp_lin cop_0789_lp_lin cop_0019_lp_lin cop_0143_lp_lin cop_0912_lp_lin cop_0306_lp_lin cop_0644_lp_lin cop_0725_lp_lin cop_0574_lp_lin cop_0645_lp_lin cop_0767_lp_lin cop_0113_lp_lin cop_0003_lp_lin cop_0821_lp_lin cop_0346_lp_lin cop_0492_lp_lin cop_0999_lp_lin cop_0794_lp_lin cop_0470_lp_lin cop_0120_lp_lin cop_0273_lp_lin cop_0128_lp_lin cop_0201_lp_lin cop_0682_lp_lin cop_0838_lp_lin cop_0799_lp_lin cop_0803_lp_lin cop_0072_lp_lin cop_0904_lp_lin cop_0517_lp_lin cop_0007_lp_lin cop_0261_lp_lin cop_0156_lp_lin cop_0237_lp_lin cop_0683_lp_lin cop_0453_lp_lin cop_0546_lp_lin cop_0746_lp_lin cop_0783_lp_lin cop_0386_lp_lin cop_0280_lp_lin cop_0117_lp_lin cop_0465_lp_lin cop_0227_lp_lin cop_0459_lp_lin cop_0693_lp_lin cop_0909_lp_lin cop_0069_lp_lin cop_0825_lp_lin cop_0364_lp_lin cop_0647_lp_lin cop_0058_lp_lin cop_0656_lp_lin cop_0454_lp_lin cop_0925_lp_lin cop_0087_lp_lin cop_0555_lp_lin cop_0048_lp_lin cop_0474_lp_lin cop_0458_lp_lin cop_0620_lp_lin cop_0736_lp_lin cop_0520_lp_lin cop_0033_lp_lin cop_0597_lp_lin cop_0974_lp_lin cop_0565_lp_lin cop_0250_lp_lin cop_0512_lp_lin cop_0121_lp_lin cop_0830_lp_lin cop_0373_lp_lin cop_0040_lp_lin cop_0196_lp_lin cop_0543_lp_lin cop_0998_lp_lin cop_0748_lp_lin cop_0754_lp_lin cop_0731_lp_lin cop_0377_lp_lin cop_0443_lp_lin cop_0986_lp_lin cop_0595_lp_lin cop_0640_lp_lin cop_0616_lp_lin cop_0937_lp_lin cop_0103_lp_lin cop_0899_lp_lin cop_0919_lp_lin cop_0461_lp_lin cop_0472_lp_lin cop_0462_lp_lin cop_0183_lp_lin cop_0713_lp_lin cop_0039_lp_lin cop_0181_lp_lin cop_0795_lp_lin cop_0509_lp_lin cop_0948_lp_lin cop_0951_lp_lin cop_0464_lp_lin cop_0304_lp_lin cop_0770_lp_lin cop_0294_lp_lin cop_0343_lp_lin cop_0061_lp_lin cop_0268_lp_lin cop_0976_lp_lin cop_0118_lp_lin cop_0523_lp_lin cop_0258_lp_lin cop_0964_lp_lin cop_0352_lp_lin cop_0542_lp_lin cop_0211_lp_lin cop_0303_lp_lin cop_0501_lp_lin cop_0496_lp_lin cop_0745_lp_lin cop_0460_lp_lin cop_0407_lp_lin cop_0174_lp_lin cop_0687_lp_lin cop_0395_lp_lin cop_0525_lp_lin cop_0348_lp_lin cop_0566_lp_lin cop_0444_lp_lin cop_0642_lp_lin cop_0849_lp_lin cop_0689_lp_lin cop_0684_lp_lin cop_0633_lp_lin cop_0011_lp_lin cop_0226_lp_lin cop_0350_lp_lin cop_0382_lp_lin cop_0334_lp_lin cop_0417_lp_lin cop_0246_lp_lin cop_0778_lp_lin cop_0681_lp_lin cop_0814_lp_lin cop_0480_lp_lin cop_0895_lp_lin cop_0168_lp_lin cop_0231_lp_lin cop_0466_lp_lin cop_0252_lp_lin cop_0844_lp_lin cop_0664_lp_lin cop_0439_lp_lin cop_0316_lp_lin cop_0510_lp_lin cop_0172_lp_lin cop_0408_lp_lin cop_0793_lp_lin cop_0920_lp_lin cop_0798_lp_lin cop_0841_lp_lin cop_0307_lp_lin cop_0629_lp_lin cop_0882_lp_lin cop_0146_lp_lin cop_0694_lp_lin cop_0134_lp_lin cop_0070_lp_lin cop_0321_lp_lin cop_0853_lp_lin cop_0255_lp_lin cop_0898_lp_lin cop_0702_lp_lin cop_0529_lp_lin cop_0635_lp_lin cop_0351_lp_lin cop_0913_lp_lin cop_0738_lp_lin cop_0685_lp_lin cop_0413_lp_lin cop_0554_lp_lin cop_0112_lp_lin cop_0010_lp_lin cop_0109_lp_lin cop_0293_lp_lin cop_0139_lp_lin cop_0994_lp_lin cop_0952_lp_lin cop_0403_lp_lin cop_0502_lp_lin cop_0001_lp_lin cop_0145_lp_lin cop_0598_lp_lin cop_0758_lp_lin cop_0753_lp_lin cop_0910_lp_lin cop_0106_lp_lin cop_0704_lp_lin cop_0025_lp_lin cop_0457_lp_lin cop_0221_lp_lin cop_0298_lp_lin cop_0924_lp_lin cop_0533_lp_lin cop_0288_lp_lin cop_0215_lp_lin cop_0035_lp_lin cop_0205_lp_lin cop_0757_lp_lin cop_0727_lp_lin cop_0239_lp_lin cop_0911_lp_lin cop_0971_lp_lin cop_0854_lp_lin cop_0908_lp_lin cop_0766_lp_lin cop_0880_lp_lin cop_0538_lp_lin cop_0863_lp_lin cop_0596_lp_lin cop_0131_lp_lin cop_0852_lp_lin cop_0862_lp_lin cop_0652_lp_lin cop_0182_lp_lin cop_0396_lp_lin cop_0102_lp_lin cop_0705_lp_lin cop_0320_lp_lin cop_0943_lp_lin cop_0165_lp_lin cop_0871_lp_lin cop_0031_lp_lin cop_0428_lp_lin cop_0479_lp_lin cop_0397_lp_lin cop_0161_lp_lin cop_0390_lp_lin cop_0285_lp_lin cop_0686_lp_lin cop_0667_lp_lin cop_0571_lp_lin cop_0299_lp_lin cop_0820_lp_lin cop_0335_lp_lin cop_0361_lp_lin cop_0763_lp_lin cop_0594_lp_lin cop_0570_lp_lin cop_0429_lp_lin cop_0450_lp_lin cop_0628_lp_lin cop_0800_lp_lin cop_0152_lp_lin cop_0519_lp_lin cop_0500_lp_lin cop_0469_lp_lin cop_0972_lp_lin cop_0604_lp_lin cop_0313_lp_lin cop_0660_lp_lin cop_0057_lp_lin cop_0424_lp_lin cop_0630_lp_lin cop_0544_lp_lin cop_0374_lp_lin cop_0147_lp_lin cop_0066_lp_lin cop_0281_lp_lin cop_0751_lp_lin cop_0002_lp_lin cop_0848_lp_lin cop_0749_lp_lin cop_0277_lp_lin cop_0207_lp_lin cop_0267_lp_lin cop_0527_lp_lin cop_0707_lp_lin cop_0240_lp_lin cop_0220_lp_lin cop_0274_lp_lin cop_0796_lp_lin cop_0135_lp_lin cop_0691_lp_lin cop_0004_lp_lin cop_0498_lp_lin cop_0516_lp_lin cop_0410_lp_lin cop_0289_lp_lin cop_0518_lp_lin cop_0717_lp_lin cop_0534_lp_lin cop_0269_lp_lin cop_0016_lp_lin cop_0105_lp_lin cop_0774_lp_lin cop_0777_lp_lin cop_0047_lp_lin cop_0661_lp_lin cop_0179_lp_lin cop_0142_lp_lin cop_0478_lp_lin cop_0897_lp_lin cop_0353_lp_lin cop_0494_lp_lin cop_0708_lp_lin cop_0742_lp_lin cop_0914_lp_lin cop_0906_lp_lin cop_0824_lp_lin cop_0399_lp_lin cop_0878_lp_lin cop_0561_lp_lin cop_0631_lp_lin cop_0735_lp_lin cop_0784_lp_lin cop_0481_lp_lin cop_0173_lp_lin cop_0692_lp_lin cop_0859_lp_lin cop_0764_lp_lin cop_0213_lp_lin cop_0827_lp_lin cop_0317_lp_lin cop_0513_lp_lin cop_0347_lp_lin cop_0107_lp_lin cop_0157_lp_lin cop_0756_lp_lin cop_0503_lp_lin cop_0826_lp_lin cop_0750_lp_lin cop_0191_lp_lin cop_0902_lp_lin cop_0696_lp_lin cop_0437_lp_lin cop_0773_lp_lin cop_0054_lp_lin cop_0832_lp_lin cop_0044_lp_lin cop_0577_lp_lin cop_0917_lp_lin cop_0720_lp_lin cop_0426_lp_lin cop_0931_lp_lin cop_0166_lp_lin cop_0136_lp_lin cop_0368_lp_lin cop_0740_lp_lin cop_0241_lp_lin cop_0665_lp_lin cop_0036_lp_lin cop_0148_lp_lin cop_0435_lp_lin cop_0715_lp_lin cop_0622_lp_lin cop_0100_lp_lin cop_0338_lp_lin cop_0422_lp_lin cop_0526_lp_lin cop_0356_lp_lin cop_0079_lp_lin cop_0552_lp_lin cop_0801_lp_lin cop_0654_lp_lin cop_0970_lp_lin cop_0593_lp_lin
  set decided by an accepted test: no, every test rejected down to one model (last p = 0.003 against alpha = 0.050)


  sample    1000 observations, 1000 models
  statistic Tmax, each model against the field
  test      alpha = 0.050, 10000 moving-block resamples of 1 observations
  variance  bootstrap variance of the resampled mean
  stream    seed 123, stream 0

MCS over linear local projection impulse-response MAE, series R's transform_data levels: GDP, Employment, Inflation, InterestRate, Energy, MCS_TMAX statistic
  model              mean loss      MCS p  round  in set
  cop_0001_lp_lin     48.89964      0.000    661  
  cop_0002_lp_lin     19.61245      0.000    925  
  cop_0003_lp_lin     38.86864      0.000    733  
  cop_0004_lp_lin     18.76314      0.000    933  
  cop_0005_lp_lin     48.05958      0.000    632  
  cop_0006_lp_lin     78.25364      0.000    441  
  cop_0007_lp_lin     77.71406      0.000    503  
  cop_0008_lp_lin     75.96447      0.000    475  
  cop_0009_lp_lin    794.31705      0.000     67  
  cop_0010_lp_lin     23.84366      0.000    882  
  cop_0011_lp_lin     49.02573      0.000    654  
  cop_0012_lp_lin    308.33785      0.000    123  
  cop_0013_lp_lin    409.48781      0.000    114  
  cop_0014_lp_lin    130.87202      0.000    336  
  cop_0015_lp_lin     78.60010      0.000    454  
  cop_0016_lp_lin     17.90907      0.000    940  
  cop_0017_lp_lin     50.04267      0.000    624  
  cop_0018_lp_lin    193.24311      0.000    213  
  cop_0019_lp_lin     38.29793      0.000    738  
  cop_0020_lp_lin    122.81462      0.000    332  
  cop_0021_lp_lin    109.92080      0.000    342  
  cop_0022_lp_lin    176.97739      0.000    252  
  cop_0023_lp_lin     87.09313      0.000    430  
  cop_0024_lp_lin     34.88591      0.000    759  
  cop_0025_lp_lin    417.66246      0.000    170  
  cop_0026_lp_lin    130.69464      0.000    274  
  cop_0027_lp_lin     63.76806      0.000    542  
  cop_0028_lp_lin     50.09853      0.000    630  
  cop_0029_lp_lin     52.88382      0.000    611  
  cop_0030_lp_lin     52.27170      0.000    600  
  cop_0031_lp_lin     26.66135      0.000    854  
  cop_0032_lp_lin     46.74116      0.000    657  
  cop_0033_lp_lin     43.58784      0.000    697  
  cop_0034_lp_lin    131.54340      0.000    323  
  cop_0035_lp_lin     38.43634      0.000    751  
  cop_0036_lp_lin     12.29457      0.000    983  
  cop_0037_lp_lin     43.81504      0.000    686  
  cop_0038_lp_lin    235.78121      0.000    217  
  cop_0039_lp_lin     30.86856      0.000    813  
  cop_0040_lp_lin     40.68580      0.000    725  
  cop_0041_lp_lin    464.25548      0.000     79  
  cop_0042_lp_lin     91.30407      0.000    418  
  cop_0043_lp_lin    440.38095      0.000     88  
  cop_0044_lp_lin     13.18039      0.000    975  
  cop_0045_lp_lin     74.67970      0.000    512  
  cop_0046_lp_lin   1379.63903      0.000     10  
  cop_0047_lp_lin     14.53756      0.000    963  
  cop_0048_lp_lin     97.87944      0.000    428  
  cop_0049_lp_lin   1040.82527      0.000     28  
  cop_0050_lp_lin     78.94235      0.000    464  
  cop_0051_lp_lin    138.86407      0.000    309  
  cop_0052_lp_lin    377.47405      0.000    119  
  cop_0053_lp_lin    156.69213      0.000    303  
  cop_0054_lp_lin     14.91445      0.000    970  
  cop_0055_lp_lin    107.67430      0.000    361  
  cop_0056_lp_lin   1002.48992      0.000     22  
  cop_0057_lp_lin     28.92204      0.000    845  
  cop_0058_lp_lin   6545.28000      0.000     17  
  cop_0059_lp_lin    180.16047      0.000    255  
  cop_0060_lp_lin    192.16873      0.000    242  
  cop_0061_lp_lin     36.06384      0.000    766  
  cop_0062_lp_lin     32.63134      0.000    790  
  cop_0063_lp_lin    209.38759      0.000    176  
  cop_0064_lp_lin    237.41398      0.000    181  
  cop_0065_lp_lin    138.29285      0.000    313  
  cop_0066_lp_lin     22.54671      0.000    903  
  cop_0067_lp_lin     92.65455      0.000    377  
  cop_0068_lp_lin    104.44709      0.000    344  
  cop_0069_lp_lin    114.73452      0.000    378  
  cop_0070_lp_lin     35.40666      0.000    771  
  cop_0071_lp_lin    149.07370      0.000    305  
  cop_0072_lp_lin     29.01657      0.000    828  
  cop_0073_lp_lin     96.53684      0.000    404  
  cop_0074_lp_lin    108.36799      0.000    370  
  cop_0075_lp_lin     36.07347      0.000    746  
  cop_0076_lp_lin    115.85325      0.000    363  
  cop_0077_lp_lin     98.03422      0.000    390  
  cop_0078_lp_lin     84.47113      0.000    449  
  cop_0079_lp_lin      8.38792      0.000    993  
  cop_0080_lp_lin   2605.71814      0.000      5  
  cop_0081_lp_lin     56.62712      0.000    585  
  cop_0082_lp_lin     46.34120      0.000    634  
  cop_0083_lp_lin    147.97999      0.000    279  
  cop_0084_lp_lin    140.17947      0.000    269  
  cop_0085_lp_lin   1027.36009      0.000     29  
  cop_0086_lp_lin   3949.25480      0.000      3  
  cop_0087_lp_lin     52.55299      0.000    622  
  cop_0088_lp_lin    340.96646      0.000    142  
  cop_0089_lp_lin    401.56762      0.000     77  
  cop_0090_lp_lin    259.98860      0.000    202  
  cop_0091_lp_lin     55.42612      0.000    595  
  cop_0092_lp_lin    239.28244      0.000    161  
  cop_0093_lp_lin    131.13896      0.000    296  
  cop_0094_lp_lin     45.41554      0.000    656  
  cop_0095_lp_lin    836.46567      0.000     30  
  cop_0096_lp_lin    507.93853      0.000     48  
  cop_0097_lp_lin     45.95948      0.000    666  
  cop_0098_lp_lin    816.92677      0.000     35  
  cop_0099_lp_lin     30.09029      0.000    815  
  cop_0100_lp_lin     10.12430      0.000    991  
  cop_0101_lp_lin    105.43636      0.000    365  
  cop_0102_lp_lin     22.55781      0.000    900  
  cop_0103_lp_lin     43.64510      0.000    700  
  cop_0104_lp_lin     97.41590      0.000    357  
  cop_0105_lp_lin     54.20808      0.000    704  
  cop_0106_lp_lin     24.42720      0.000    873  
  cop_0107_lp_lin     17.97038      0.000    956  
  cop_0108_lp_lin     32.14007      0.000    793  
  cop_0109_lp_lin     34.51383      0.000    782  
  cop_0110_lp_lin     96.97915      0.000    420  
  cop_0111_lp_lin     66.72619      0.000    517  
  cop_0112_lp_lin     35.68907      0.000    773  
  cop_0113_lp_lin     76.98808      0.000    506  
  cop_0114_lp_lin    336.09109      0.000    107  
  cop_0115_lp_lin    623.46127      0.000     59  
  cop_0116_lp_lin     90.53582      0.000    435  
  cop_0117_lp_lin     52.23295      0.000    619  
  cop_0118_lp_lin     23.37686      0.000    883  
  cop_0119_lp_lin    346.17925      0.000    126  
  cop_0120_lp_lin     43.13861      0.000    699  
  cop_0121_lp_lin     33.40034      0.000    789  
  cop_0122_lp_lin     80.64228      0.000    445  
  cop_0123_lp_lin    185.25166      0.000    188  
  cop_0124_lp_lin     74.67644      0.000    507  
  cop_0125_lp_lin     44.82707      0.000    675  
  cop_0126_lp_lin     47.31192      0.000    621  
  cop_0127_lp_lin     42.73733      0.000    684  
  cop_0128_lp_lin     47.07862      0.000    660  
  cop_0129_lp_lin     92.44516      0.000    433  
  cop_0130_lp_lin   1306.63138      0.000     21  
  cop_0131_lp_lin     51.57929      0.000    650  
  cop_0132_lp_lin    107.62007      0.000    360  
  cop_0133_lp_lin     82.33330      0.000    434  
  cop_0134_lp_lin     35.93818      0.000    768  
  cop_0135_lp_lin     26.37565      0.000    875  
  cop_0136_lp_lin     12.36559      0.000    979  
  cop_0137_lp_lin    169.13807      0.000    249  
  cop_0138_lp_lin    201.36610      0.000    183  
  cop_0139_lp_lin     26.17863      0.000    855  
  cop_0140_lp_lin    542.21299      0.000    103  
  cop_0141_lp_lin     66.07635      0.000    531  
  cop_0142_lp_lin     16.77401      0.000    950  
  cop_0143_lp_lin    105.63776      0.000    403  
  cop_0144_lp_lin     38.84021      0.000    723  
  cop_0145_lp_lin     33.17569      0.000    797  
  cop_0146_lp_lin     67.26921      0.000    559  
  cop_0147_lp_lin     26.89739      0.000    866  
  cop_0148_lp_lin     10.13270      0.000    989  
  cop_0149_lp_lin     31.25474      0.000    792  
  cop_0150_lp_lin     47.79372      0.000    645  
  cop_0151_lp_lin     49.04314      0.000    625  
  cop_0152_lp_lin     24.37703      0.000    886  
  cop_0153_lp_lin    102.59001      0.000    380  
  cop_0154_lp_lin    593.34674      0.000     37  
  cop_0155_lp_lin    197.16160      0.000    205  
  cop_0156_lp_lin     58.29865      0.000    582  
  cop_0157_lp_lin     16.66960      0.000    962  
  cop_0158_lp_lin    360.90884      0.000     89  
  cop_0159_lp_lin    333.48184      0.000    122  
  cop_0160_lp_lin    226.87075      0.000    164  
  cop_0161_lp_lin     26.77638      0.000    853  
  cop_0162_lp_lin     43.48096      0.000    681  
  cop_0163_lp_lin     62.10072      0.000    550  
  cop_0164_lp_lin    194.05932      0.000    221  
  cop_0165_lp_lin     33.31640      0.000    804  
  cop_0166_lp_lin     11.92556      0.000    982  
  cop_0167_lp_lin    778.49905      0.000     33  
  cop_0168_lp_lin   1141.23258      0.000     80  
  cop_0169_lp_lin     55.80529      0.000    578  
  cop_0170_lp_lin     41.25093      0.000    708  
  cop_0171_lp_lin     55.44183      0.000    596  
  cop_0172_lp_lin     33.90123      0.000    787  
  cop_0173_lp_lin     25.63774      0.000    908  
  cop_0174_lp_lin     51.89385      0.000    633  
  cop_0175_lp_lin    447.61558      0.000     65  
  cop_0176_lp_lin     77.39679      0.000    463  
  cop_0177_lp_lin    134.99717      0.000    291  
  cop_0178_lp_lin    325.08103      0.000    145  
  cop_0179_lp_lin     25.75108      0.000    893  
  cop_0180_lp_lin     49.50749      0.000    627  
  cop_0181_lp_lin     39.42378      0.000    735  
  cop_0182_lp_lin     20.98945      0.000    909  
  cop_0183_lp_lin     39.79668      0.000    734  
  cop_0184_lp_lin   2150.10273      0.000      6  
  cop_0185_lp_lin     45.73799      0.000    655  
  cop_0186_lp_lin     44.85123      0.000    668  
  cop_0187_lp_lin     97.92697      0.000    417  
  cop_0188_lp_lin    237.05448      0.000    155  
  cop_0189_lp_lin    298.87235      0.000    172  
  cop_0190_lp_lin    201.32538      0.000    236  
  cop_0191_lp_lin     13.23714      0.000    974  
  cop_0192_lp_lin    259.32739      0.000    177  
  cop_0193_lp_lin     87.08706      0.000    431  
  cop_0194_lp_lin     42.49206      0.000    683  
  cop_0195_lp_lin     80.11680      0.000    450  
  cop_0196_lp_lin     50.64644      0.000    637  
  cop_0197_lp_lin    127.55631      0.000    333  
  cop_0198_lp_lin     74.63744      0.000    480  
  cop_0199_lp_lin     32.05462      0.000    788  
  cop_0200_lp_lin     57.93298      0.000    576  
  cop_0201_lp_lin     23.71672      0.000    872  
  cop_0202_lp_lin    369.17926      0.000    158  
  cop_0203_lp_lin     62.22459      0.000    534  
  cop_0204_lp_lin     82.34744      0.000    469  
  cop_0205_lp_lin     29.73464      0.000    831  
  cop_0206_lp_lin   1361.50816      0.000     26  
  cop_0207_lp_lin     20.01290      0.000    923  
  cop_0208_lp_lin     40.01912      0.000    707  
  cop_0209_lp_lin    393.67023      0.000    135  
  cop_0210_lp_lin    167.04583      0.000    283  
  cop_0211_lp_lin     31.36600      0.000    811  
  cop_0212_lp_lin   1190.95428      0.000     11  
  cop_0213_lp_lin     18.08983      0.000    949  
  cop_0214_lp_lin   1836.80346      0.000     25  
  cop_0215_lp_lin     94.47391      0.000    457  
  cop_0216_lp_lin    115.14238      0.000    335  
  cop_0217_lp_lin    164.06224      0.000    238  
  cop_0218_lp_lin     69.26887      0.000    525  
  cop_0219_lp_lin   1160.02753      0.000     43  
  cop_0220_lp_lin     36.83675      0.000    800  
  cop_0221_lp_lin     33.41301      0.000    795  
  cop_0222_lp_lin    210.24210      0.000    174  
  cop_0223_lp_lin     95.22230      0.000    416  
  cop_0224_lp_lin     79.32821      0.000    461  
  cop_0225_lp_lin     52.95551      0.000    609  
  cop_0226_lp_lin     58.35489      0.000    593  
  cop_0227_lp_lin     52.48575      0.000    620  
  cop_0228_lp_lin     52.96987      0.000    605  
  cop_0229_lp_lin    856.26668      0.000     34  
  cop_0230_lp_lin    474.78359      0.000     76  
  cop_0231_lp_lin     34.19070      0.000    783  
  cop_0232_lp_lin    128.08343      0.000    329  
  cop_0233_lp_lin    412.65363      0.000    127  
  cop_0234_lp_lin     46.95081      0.000    623  
  cop_0235_lp_lin     72.98539      0.000    490  
  cop_0236_lp_lin     79.44399      0.000    448  
  cop_0237_lp_lin     91.11250      0.000    443  
  cop_0238_lp_lin    356.36711      0.000    156  
  cop_0239_lp_lin     58.30042      0.000    607  
  cop_0240_lp_lin     25.90054      0.000    879  
  cop_0241_lp_lin     10.97418      0.000    987  
  cop_0242_lp_lin     79.95684      0.000    470  
  cop_0243_lp_lin     50.14013      0.000    614  
  cop_0244_lp_lin    390.48641      0.000     82  
  cop_0245_lp_lin    228.57214      0.000    167  
  cop_0246_lp_lin     40.51817      0.000    728  
  cop_0247_lp_lin     95.69470      0.000    369  
  cop_0248_lp_lin     80.04547      0.000    459  
  cop_0249_lp_lin    172.35252      0.000    266  
  cop_0250_lp_lin     38.77499      0.000    744  
  cop_0251_lp_lin    258.71286      0.000    157  
  cop_0252_lp_lin     42.46907      0.000    710  
  cop_0253_lp_lin    733.69967      0.000     31  
  cop_0254_lp_lin     27.58144      0.000    832  
  cop_0255_lp_lin     37.81023      0.000    758  
  cop_0256_lp_lin     32.71280      0.000    780  
  cop_0257_lp_lin    577.45085      0.000     71  
  cop_0258_lp_lin     45.77964      0.000    680  
  cop_0259_lp_lin    387.30919      0.000    134  
  cop_0260_lp_lin     93.97252      0.000    400  
  cop_0261_lp_lin    287.07565      0.000    182  
  cop_0262_lp_lin    880.82617      0.000     50  
  cop_0263_lp_lin    147.73513      0.000    271  
  cop_0264_lp_lin    150.43171      0.000    285  
  cop_0265_lp_lin     44.80754      0.000    658  
  cop_0266_lp_lin    170.39004      0.000    231  
  cop_0267_lp_lin     24.95739      0.000    888  
  cop_0268_lp_lin     84.59165      0.000    478  
  cop_0269_lp_lin     18.66653      0.000    935  
  cop_0270_lp_lin    266.92625      0.000    159  
  cop_0271_lp_lin    350.63706      0.000    129  
  cop_0272_lp_lin    110.17623      0.000    325  
  cop_0273_lp_lin    266.75283      0.000    200  
  cop_0274_lp_lin     22.01597      0.000    912  
  cop_0275_lp_lin    231.81460      0.000    212  
  cop_0276_lp_lin    330.00293      0.000    118  
  cop_0277_lp_lin     23.40143      0.000    899  
  cop_0278_lp_lin    319.22916      0.000    141  
  cop_0279_lp_lin    148.42451      0.000    278  
  cop_0280_lp_lin     46.16498      0.000    671  
  cop_0281_lp_lin     20.40673      0.000    920  
  cop_0282_lp_lin     80.57771      0.000    479  
  cop_0283_lp_lin     69.61940      0.000    514  
  cop_0284_lp_lin     72.05297      0.000    488  
  cop_0285_lp_lin     30.39582      0.000    833  
  cop_0286_lp_lin     73.39946      0.000    483  
  cop_0287_lp_lin    576.79449      0.000     69  
  cop_0288_lp_lin     32.00587      0.000    812  
  cop_0289_lp_lin     28.14219      0.000    858  
  cop_0290_lp_lin    100.82301      0.000    381  
  cop_0291_lp_lin     67.46546      0.000    529  
  cop_0292_lp_lin     42.08173      0.000    703  
  cop_0293_lp_lin     67.66227      0.000    555  
  cop_0294_lp_lin     53.94759      0.000    617  
  cop_0295_lp_lin     68.45412      0.000    498  
  cop_0296_lp_lin     48.35505      0.000    631  
  cop_0297_lp_lin    598.87042      0.000     68  
  cop_0298_lp_lin     30.58210      0.000    824  
  cop_0299_lp_lin     29.51761      0.000    839  
  cop_0300_lp_lin    337.61711      0.000    113  
  cop_0301_lp_lin     96.97534      0.000    398  
  cop_0302_lp_lin     58.05508      0.000    571  
  cop_0303_lp_lin    168.91715      0.000    308  
  cop_0304_lp_lin    456.59387      0.000    151  
  cop_0305_lp_lin     51.29869      0.000    604  
  cop_0306_lp_lin     26.74391      0.000    844  
  cop_0307_lp_lin     97.75208      0.000    442  
  cop_0308_lp_lin   2201.48453      0.000     14  
  cop_0309_lp_lin     78.30841      0.000    474  
  cop_0310_lp_lin    163.36308      0.000    267  
  cop_0311_lp_lin     82.40890      0.000    451  
  cop_0312_lp_lin     42.63883      0.000    698  
  cop_0313_lp_lin     27.74245      0.000    852  
  cop_0314_lp_lin     34.09068      0.000    769  
  cop_0315_lp_lin    114.18337      0.000    331  
  cop_0316_lp_lin     28.46241      0.000    838  
  cop_0317_lp_lin     18.15358      0.000    953  
  cop_0318_lp_lin     54.83612      0.000    603  
  cop_0319_lp_lin     73.25122      0.000    509  
  cop_0320_lp_lin     46.77167      0.000    696  
  cop_0321_lp_lin     25.84699      0.000    856  
  cop_0322_lp_lin     62.39883      0.000    560  
  cop_0323_lp_lin   1389.63311      0.000     16  
  cop_0324_lp_lin     37.47372      0.000    731  
  cop_0325_lp_lin    570.69488      0.000     45  
  cop_0326_lp_lin    139.87151      0.000    254  
  cop_0327_lp_lin    133.24991      0.000    297  
  cop_0328_lp_lin    163.82095      0.000    232  
  cop_0329_lp_lin    545.71028      0.000     64  
  cop_0330_lp_lin    186.44541      0.000    247  
  cop_0331_lp_lin     98.28145      0.000    407  
  cop_0332_lp_lin    561.61305      0.000     98  
  cop_0333_lp_lin    322.71970      0.000    100  
  cop_0334_lp_lin     29.45893      0.000    829  
  cop_0335_lp_lin     20.26072      0.000    918  
  cop_0336_lp_lin    188.57919      0.000    223  
  cop_0337_lp_lin     95.67189      0.000    396  
  cop_0338_lp_lin     11.55229      0.000    988  
  cop_0339_lp_lin     94.27681      0.000    397  
  cop_0340_lp_lin     83.68219      0.000    456  
  cop_0341_lp_lin     95.32179      0.000    394  
  cop_0342_lp_lin    279.46248      0.000    169  
  cop_0343_lp_lin     30.50063      0.000    814  
  cop_0344_lp_lin    180.59180      0.000    253  
  cop_0345_lp_lin    212.40481      0.000    219  
  cop_0346_lp_lin     27.38667      0.000    840  
  cop_0347_lp_lin     17.56370      0.000    957  
  cop_0348_lp_lin     68.71219      0.000    545  
  cop_0349_lp_lin     52.34182      0.000    601  
  cop_0350_lp_lin     24.92789      0.000    865  
  cop_0351_lp_lin     35.50190      0.000    775  
  cop_0352_lp_lin     52.49962      0.000    628  
  cop_0353_lp_lin     27.65123      0.000    876  
  cop_0354_lp_lin     73.28541      0.000    485  
  cop_0355_lp_lin     47.18701      0.000    644  
  cop_0356_lp_lin      8.50603      0.000    994  
  cop_0357_lp_lin    114.59015      0.000    326  
  cop_0358_lp_lin    113.53408      0.000    356  
  cop_0359_lp_lin    182.33892      0.000    256  
  cop_0360_lp_lin     77.50341      0.000    465  
  cop_0361_lp_lin     20.34773      0.000    917  
  cop_0362_lp_lin   1963.20586      0.000      4  
  cop_0363_lp_lin    320.90841      0.000    121  
  cop_0364_lp_lin     40.64679      0.000    718  
  cop_0365_lp_lin    152.14532      0.000    270  
  cop_0366_lp_lin    716.92976      0.000     49  
  cop_0367_lp_lin     33.60005      0.000    776  
  cop_0368_lp_lin     12.38456      0.000    978  
  cop_0369_lp_lin     39.74955      0.000    716  
  cop_0370_lp_lin    329.13931      0.000    132  
  cop_0371_lp_lin     38.57384      0.000    720  
  cop_0372_lp_lin     57.80537      0.000    553  
  cop_0373_lp_lin     38.68419      0.000    742  
  cop_0374_lp_lin     17.83690      0.000    937  
  cop_0375_lp_lin   1190.29114      0.000      7  
  cop_0376_lp_lin    149.46093      0.000    295  
  cop_0377_lp_lin     49.55917      0.000    647  
  cop_0378_lp_lin     48.56959      0.000    636  
  cop_0379_lp_lin    223.88253      0.000    216  
  cop_0380_lp_lin    149.01615      0.000    299  
  cop_0381_lp_lin    478.61205      0.000    116  
  cop_0382_lp_lin     44.17094      0.000    701  
  cop_0383_lp_lin     74.53506      0.000    467  
  cop_0384_lp_lin     44.10164      0.000    662  
  cop_0385_lp_lin    170.67116      0.000    260  
  cop_0386_lp_lin     78.13155      0.000    500  
  cop_0387_lp_lin    606.84136      0.000     81  
  cop_0388_lp_lin   1555.58968      0.000     24  
  cop_0389_lp_lin    106.61601      0.000    388  
  cop_0390_lp_lin     20.55225      0.000    915  
  cop_0391_lp_lin    367.57528      0.000    146  
  cop_0392_lp_lin    168.36454      0.000    241  
  cop_0393_lp_lin    503.60507      0.000     73  
  cop_0394_lp_lin     90.41921      0.000    426  
  cop_0395_lp_lin     85.86071      0.000    471  
  cop_0396_lp_lin     27.68390      0.000    848  
  cop_0397_lp_lin     24.18557      0.000    881  
  cop_0398_lp_lin     35.05167      0.000    757  
  cop_0399_lp_lin     16.56714      0.000    955  
  cop_0400_lp_lin     89.10151      0.000    412  
  cop_0401_lp_lin     96.10306      0.000    386  
  cop_0402_lp_lin    874.32077      0.000     52  
  cop_0403_lp_lin     42.56916      0.000    717  
  cop_0404_lp_lin     63.36983      0.000    535  
  cop_0405_lp_lin     95.68382      0.000    387  
  cop_0406_lp_lin    488.71420      0.000     92  
  cop_0407_lp_lin     37.73476      0.000    748  
  cop_0408_lp_lin     37.84253      0.000    753  
  cop_0409_lp_lin    115.37368      0.000    364  
  cop_0410_lp_lin     16.25533      0.000    954  
  cop_0411_lp_lin   1193.36086      0.000     27  
  cop_0412_lp_lin    331.06718      0.000    139  
  cop_0413_lp_lin     37.83661      0.000    754  
  cop_0414_lp_lin    526.99041      0.000     95  
  cop_0415_lp_lin     56.83926      0.000    570  
  cop_0416_lp_lin     57.14590      0.000    580  
  cop_0417_lp_lin    108.98411      0.000    411  
  cop_0418_lp_lin    105.53174      0.000    383  
  cop_0419_lp_lin    104.08695      0.000    393  
  cop_0420_lp_lin     72.96360      0.000    492  
  cop_0421_lp_lin    267.83624      0.000    171  
  cop_0422_lp_lin     12.33612      0.000    986  
  cop_0423_lp_lin     42.82938      0.000    687  
  cop_0424_lp_lin     23.02293      0.000    898  
  cop_0425_lp_lin    427.68421      0.000     87  
  cop_0426_lp_lin     15.25673      0.000    971  
  cop_0427_lp_lin    218.08348      0.000    218  
  cop_0428_lp_lin     24.08885      0.000    880  
  cop_0429_lp_lin     21.07864      0.000    910  
  cop_0430_lp_lin    306.18206      0.000    162  
  cop_0431_lp_lin     45.70864      0.000    669  
  cop_0432_lp_lin     64.65971      0.000    538  
  cop_0433_lp_lin     67.25917      0.000    541  
  cop_0434_lp_lin     57.56053      0.000    572  
  cop_0435_lp_lin     12.94734      0.000    980  
  cop_0436_lp_lin     68.05898      0.000    515  
  cop_0437_lp_lin     14.99343      0.000    967  
  cop_0438_lp_lin     68.95571      0.000    493  
  cop_0439_lp_lin     59.12969      0.000    591  
  cop_0440_lp_lin     30.18078      0.000    809  
  cop_0441_lp_lin     50.43199      0.000    612  
  cop_0442_lp_lin     82.77463      0.000    425  
  cop_0443_lp_lin    160.18216      0.000    311  
  cop_0444_lp_lin     21.35459      0.000    902  
  cop_0445_lp_lin    148.96050      0.000    265  
  cop_0446_lp_lin     79.08600      0.000    482  
  cop_0447_lp_lin    110.59684      0.000    341  
  cop_0448_lp_lin    160.86776      0.000    281  
  cop_0449_lp_lin    199.81922      0.000    222  
  cop_0450_lp_lin     30.20171      0.000    835  
  cop_0451_lp_lin     57.67643      0.000    551  
  cop_0452_lp_lin    211.28713      0.000    210  
  cop_0453_lp_lin     65.23132      0.000    549  
  cop_0454_lp_lin    106.19167      0.000    406  
  cop_0455_lp_lin    182.05455      0.000    240  
  cop_0456_lp_lin    202.35494      0.000    179  
  cop_0457_lp_lin     32.47010      0.000    808  
  cop_0458_lp_lin     34.15753      0.000    778  
  cop_0459_lp_lin     76.39300      0.000    510  
  cop_0460_lp_lin     28.80893      0.000    834  
  cop_0461_lp_lin   1381.62117      0.000     54  
  cop_0462_lp_lin     83.20514      0.000    487  
  cop_0463_lp_lin     40.86855      0.000    693  
  cop_0464_lp_lin     34.17328      0.000    784  
  cop_0465_lp_lin     64.81837      0.000    554  
  cop_0466_lp_lin     36.87221      0.000    762  
  cop_0467_lp_lin     65.97228      0.000    533  
  cop_0468_lp_lin    320.54236      0.000    148  
  cop_0469_lp_lin     25.83480      0.000    871  
  cop_0470_lp_lin     99.67870      0.000    419  
  cop_0471_lp_lin    232.81349      0.000    189  
  cop_0472_lp_lin     44.49614      0.000    689  
  cop_0473_lp_lin    212.08934      0.000    180  
  cop_0474_lp_lin     37.48093      0.000    747  
  cop_0475_lp_lin    203.19424      0.000    209  
  cop_0476_lp_lin    106.21251      0.000    371  
  cop_0477_lp_lin     57.06924      0.000    583  
  cop_0478_lp_lin     15.28996      0.000    960  
  cop_0479_lp_lin     32.36084      0.000    816  
  cop_0480_lp_lin     23.16144      0.000    884  
  cop_0481_lp_lin     16.62035      0.000    959  
  cop_0482_lp_lin     39.08429      0.000    724  
  cop_0483_lp_lin    114.62247      0.000    346  
  cop_0484_lp_lin    265.13986      0.000    163  
  cop_0485_lp_lin     52.93883      0.000    577  
  cop_0486_lp_lin    231.22226      0.000    201  
  cop_0487_lp_lin    191.87375      0.000    211  
  cop_0488_lp_lin     76.57543      0.000    466  
  cop_0489_lp_lin     43.59202      0.000    672  
  cop_0490_lp_lin     64.44373      0.000    547  
  cop_0491_lp_lin    183.65289      0.000    224  
  cop_0492_lp_lin     41.48492      0.000    709  
  cop_0493_lp_lin    114.37985      0.000    350  
  cop_0494_lp_lin     22.02473      0.000    919  
  cop_0495_lp_lin     57.77373      0.000    581  
  cop_0496_lp_lin     84.82447      0.000    477  
  cop_0497_lp_lin     43.83889      0.000    667  
  cop_0498_lp_lin     49.74749      0.000    721  
  cop_0499_lp_lin    168.97778      0.000    237  
  cop_0500_lp_lin     32.82515      0.000    818  
  cop_0501_lp_lin     29.59348      0.000    827  
  cop_0502_lp_lin     43.97182      0.000    702  
  cop_0503_lp_lin     14.69794      0.000    968  
  cop_0504_lp_lin     79.62435      0.000    468  
  cop_0505_lp_lin    316.51433      0.000    165  
  cop_0506_lp_lin     33.88359      0.000    772  
  cop_0507_lp_lin     56.06733      0.000    574  
  cop_0508_lp_lin    667.90737      0.000     32  
  cop_0509_lp_lin     26.93293      0.000    846  
  cop_0510_lp_lin     38.02191      0.000    752  
  cop_0511_lp_lin    886.59087      0.000     13  
  cop_0512_lp_lin    196.94567      0.000    262  
  cop_0513_lp_lin     20.71870      0.000    938  
  cop_0514_lp_lin     54.98573      0.000    590  
  cop_0515_lp_lin    367.34601      0.000    143  
  cop_0516_lp_lin     27.45416      0.000    870  
  cop_0517_lp_lin    145.55383      0.000    324  
  cop_0518_lp_lin     19.61454      0.000    927  
  cop_0519_lp_lin     22.05375      0.000    906  
  cop_0520_lp_lin     32.27323      0.000    798  
  cop_0521_lp_lin    313.11609      0.000    144  
  cop_0522_lp_lin     67.96223      0.000    508  
  cop_0523_lp_lin     36.06350      0.000    767  
  cop_0524_lp_lin    118.56323      0.000    352  
  cop_0525_lp_lin     22.65869      0.000    892  
  cop_0526_lp_lin     10.27978      0.000    992  
  cop_0527_lp_lin     21.35941      0.000    916  
  cop_0528_lp_lin    423.49979      0.000     93  
  cop_0529_lp_lin     30.47959      0.000    825  
  cop_0530_lp_lin     30.47660      0.000    805  
  cop_0531_lp_lin     60.14416      0.000    548  
  cop_0532_lp_lin    190.84370      0.000    228  
  cop_0533_lp_lin     23.05675      0.000    890  
  cop_0534_lp_lin     17.99907      0.000    941  
  cop_0535_lp_lin    183.05512      0.000    204  
  cop_0536_lp_lin     46.67556      0.000    639  
  cop_0537_lp_lin     84.14866      0.000    460  
  cop_0538_lp_lin     21.20759      0.000    907  
  cop_0539_lp_lin    142.51034      0.000    277  
  cop_0540_lp_lin     35.10646      0.000    760  
  cop_0541_lp_lin     71.41174      0.000    495  
  cop_0542_lp_lin     49.20748      0.000    651  
  cop_0543_lp_lin     31.33969      0.000    807  
  cop_0544_lp_lin     24.14855      0.000    891  
  cop_0545_lp_lin     89.41185      0.000    376  
  cop_0546_lp_lin     98.42204      0.000    422  
  cop_0547_lp_lin    105.34502      0.000    402  
  cop_0548_lp_lin    917.41572      0.000     15  
  cop_0549_lp_lin    400.72422      0.000     75  
  cop_0550_lp_lin    185.15021      0.000    203  
  cop_0551_lp_lin    171.72295      0.000    243  
  cop_0552_lp_lin      7.34559      0.000    995  
  cop_0553_lp_lin     78.09101      0.000    473  
  cop_0554_lp_lin     36.91887      0.000    765  
  cop_0555_lp_lin    132.61499      0.000    337  
  cop_0556_lp_lin     95.37754      0.000    382  
  cop_0557_lp_lin     70.45971      0.000    501  
  cop_0558_lp_lin    714.01250      0.000     39  
  cop_0559_lp_lin     34.98810      0.000    761  
  cop_0560_lp_lin    169.61955      0.000    227  
  cop_0561_lp_lin     19.91278      0.000    932  
  cop_0562_lp_lin   1737.66354      0.000     18  
  cop_0563_lp_lin    132.66637      0.000    317  
  cop_0564_lp_lin     47.07517      0.000    640  
  cop_0565_lp_lin    281.36921      0.000    194  
  cop_0566_lp_lin     52.50118      0.000    629  
  cop_0567_lp_lin    418.70676      0.000     99  
  cop_0568_lp_lin     87.87675      0.000    437  
  cop_0569_lp_lin     38.19430      0.000    730  
  cop_0570_lp_lin     21.88340      0.000    905  
  cop_0571_lp_lin     30.87509      0.000    830  
  cop_0572_lp_lin    342.45928      0.000    152  
  cop_0573_lp_lin    106.85867      0.000    347  
  cop_0574_lp_lin     35.55915      0.000    763  
  cop_0575_lp_lin    155.18154      0.000    288  
  cop_0576_lp_lin    151.80562      0.000    261  
  cop_0577_lp_lin     14.20527      0.000    972  
  cop_0578_lp_lin     43.55628      0.000    670  
  cop_0579_lp_lin    544.65316      0.000     41  
  cop_0580_lp_lin     60.14270      0.000    566  
  cop_0581_lp_lin     38.11170      0.000    739  
  cop_0582_lp_lin    316.07034      0.000    125  
  cop_0583_lp_lin     97.87739      0.000    384  
  cop_0584_lp_lin    517.23934      0.000     55  
  cop_0585_lp_lin     61.64838      0.000    556  
  cop_0586_lp_lin    126.09014      0.000    318  
  cop_0587_lp_lin     45.48809      0.000    663  
  cop_0588_lp_lin    332.15824      0.000    112  
  cop_0589_lp_lin     56.07043      0.000    579  
  cop_0590_lp_lin    367.49134      0.000    120  
  cop_0591_lp_lin    705.45922      0.000     47  
  cop_0592_lp_lin    148.75794      0.000    280  
  cop_0593_lp_lin      2.95989      0.003    999  
  cop_0594_lp_lin     22.89532      0.000    894  
  cop_0595_lp_lin     70.75435      0.000    532  
  cop_0596_lp_lin     25.65246      0.000    861  
  cop_0597_lp_lin     78.03775      0.000    505  
  cop_0598_lp_lin     33.91576      0.000    791  
  cop_0599_lp_lin    150.36257      0.000    282  
  cop_0600_lp_lin     44.01197      0.000    677  
  cop_0601_lp_lin     49.89096      0.000    615  
  cop_0602_lp_lin    179.90911      0.000    248  
  cop_0603_lp_lin    356.66274      0.000    131  
  cop_0604_lp_lin     19.24998      0.000    926  
  cop_0605_lp_lin    241.44423      0.000    154  
  cop_0606_lp_lin     53.24967      0.000    586  
  cop_0607_lp_lin    203.49219      0.000    191  
  cop_0608_lp_lin    983.00123      0.000     56  
  cop_0609_lp_lin     95.35781      0.000    399  
  cop_0610_lp_lin    121.06051      0.000    315  
  cop_0611_lp_lin    114.07257      0.000    368  
  cop_0612_lp_lin    236.43150      0.000    184  
  cop_0613_lp_lin    166.89030      0.000    259  
  cop_0614_lp_lin    156.60334      0.000    272  
  cop_0615_lp_lin     64.56260      0.000    552  
  cop_0616_lp_lin     69.99881      0.000    540  
  cop_0617_lp_lin    111.37805      0.000    373  
  cop_0618_lp_lin    105.68973      0.000    355  
  cop_0619_lp_lin    176.35414      0.000    264  
  cop_0620_lp_lin     69.06132      0.000    536  
  cop_0621_lp_lin    147.94740      0.000    284  
  cop_0622_lp_lin     12.28358      0.000    985  
  cop_0623_lp_lin    103.84312      0.000    359  
  cop_0624_lp_lin     39.74993      0.000    706  
  cop_0625_lp_lin     83.84817      0.000    421  
  cop_0626_lp_lin    648.53805      0.000     70  
  cop_0627_lp_lin    141.73370      0.000    273  
  cop_0628_lp_lin     25.55188      0.000    869  
  cop_0629_lp_lin     24.95266      0.000    868  
  cop_0630_lp_lin     91.53839      0.000    519  
  cop_0631_lp_lin     19.06830      0.000    939  
  cop_0632_lp_lin    276.15995      0.000    133  
  cop_0633_lp_lin     60.25142      0.000    584  
  cop_0634_lp_lin     39.14621      0.000    727  
  cop_0635_lp_lin     30.92358      0.000    817  
  cop_0636_lp_lin     58.63584      0.000    562  
  cop_0637_lp_lin    390.74046      0.000     97  
  cop_0638_lp_lin     58.40698      0.000    567  
  cop_0639_lp_lin     72.44352      0.000    511  
  cop_0640_lp_lin     56.46301      0.000    602  
  cop_0641_lp_lin    104.91593      0.000    395  
  cop_0642_lp_lin     44.77919      0.000    694  
  cop_0643_lp_lin     85.88549      0.000    444  
  cop_0644_lp_lin    123.68819      0.000    345  
  cop_0645_lp_lin    110.48721      0.000    392  
  cop_0646_lp_lin    105.58082      0.000    362  
  cop_0647_lp_lin     63.00743      0.000    568  
  cop_0648_lp_lin    197.92993      0.000    206  
  cop_0649_lp_lin     79.17255      0.000    472  
  cop_0650_lp_lin     44.15335      0.000    685  
  cop_0651_lp_lin     53.57883      0.000    597  
  cop_0652_lp_lin     20.50878      0.000    913  
  cop_0653_lp_lin     67.07295      0.000    522  
  cop_0654_lp_lin      5.80163      0.000    997  
  cop_0655_lp_lin    192.91062      0.000    234  
  cop_0656_lp_lin    827.27567      0.000     83  
  cop_0657_lp_lin   1569.23394      0.000     19  
  cop_0658_lp_lin    117.59571      0.000    354  
  cop_0659_lp_lin    120.83480      0.000    348  
  cop_0660_lp_lin     23.40242      0.000    896  
  cop_0661_lp_lin     19.38675      0.000    930  
  cop_0662_lp_lin    112.58565      0.000    367  
  cop_0663_lp_lin    234.00999      0.000    166  
  cop_0664_lp_lin     32.55920      0.000    799  
  cop_0665_lp_lin     11.96579      0.000    984  
  cop_0666_lp_lin     53.68949      0.000    589  
  cop_0667_lp_lin     42.98355      0.000    729  
  cop_0668_lp_lin     89.71717      0.000    414  
  cop_0669_lp_lin    331.86428      0.000    149  
  cop_0670_lp_lin   2364.00090      0.000      2  
  cop_0671_lp_lin     89.73157      0.000    424  
  cop_0672_lp_lin     52.03927      0.000    616  
  cop_0673_lp_lin     81.10743      0.000    458  
  cop_0674_lp_lin    136.20715      0.000    251  
  cop_0675_lp_lin    227.58046      0.000    178  
  cop_0676_lp_lin    140.27868      0.000    304  
  cop_0677_lp_lin    184.73354      0.000    246  
  cop_0678_lp_lin    524.20615      0.000    106  
  cop_0679_lp_lin   2796.10486      0.000      1  
  cop_0680_lp_lin    182.81982      0.000    258  
  cop_0681_lp_lin    307.42892      0.000    195  
  cop_0682_lp_lin     56.58740      0.000    594  
  cop_0683_lp_lin     33.07885      0.000    786  
  cop_0684_lp_lin     26.25615      0.000    851  
  cop_0685_lp_lin     25.35543      0.000    859  
  cop_0686_lp_lin     22.51901      0.000    897  
  cop_0687_lp_lin    314.93796      0.000    186  
  cop_0688_lp_lin     56.52326      0.000    573  
  cop_0689_lp_lin     28.54641      0.000    836  
  cop_0690_lp_lin   1111.53256      0.000     20  
  cop_0691_lp_lin     20.67290      0.000    922  
  cop_0692_lp_lin     30.02105      0.000    877  
  cop_0693_lp_lin    112.05987      0.000    389  
  cop_0694_lp_lin     36.53804      0.000    764  
  cop_0695_lp_lin     91.63650      0.000    408  
  cop_0696_lp_lin     17.29355      0.000    961  
  cop_0697_lp_lin     38.97552      0.000    719  
  cop_0698_lp_lin     64.40157      0.000    518  
  cop_0699_lp_lin    148.62962      0.000    294  
  cop_0700_lp_lin    675.47135      0.000     63  
  cop_0701_lp_lin    120.06521      0.000    321  
  cop_0702_lp_lin     30.22619      0.000    823  
  cop_0703_lp_lin     62.05979      0.000    544  
  cop_0704_lp_lin   1491.19339      0.000     74  
  cop_0705_lp_lin     27.68333      0.000    847  
  cop_0706_lp_lin     48.63759      0.000    641  
  cop_0707_lp_lin     19.96246      0.000    924  
  cop_0708_lp_lin     16.09585      0.000    958  
  cop_0709_lp_lin    161.93388      0.000    250  
  cop_0710_lp_lin    215.03251      0.000    197  
  cop_0711_lp_lin     30.66516      0.000    803  
  cop_0712_lp_lin     91.04785      0.000    427  
  cop_0713_lp_lin    130.52414      0.000    343  
  cop_0714_lp_lin    124.87988      0.000    319  
  cop_0715_lp_lin     10.19714      0.000    990  
  cop_0716_lp_lin    117.53243      0.000    349  
  cop_0717_lp_lin     17.10938      0.000    946  
  cop_0718_lp_lin    524.48012      0.000    108  
  cop_0719_lp_lin     44.98160      0.000    649  
  cop_0720_lp_lin     15.53263      0.000    966  
  cop_0721_lp_lin    199.17996      0.000    220  
  cop_0722_lp_lin    215.91638      0.000    207  
  cop_0723_lp_lin     51.62184      0.000    610  
  cop_0724_lp_lin    372.78572      0.000    124  
  cop_0725_lp_lin     48.97012      0.000    643  
  cop_0726_lp_lin    113.57913      0.000    340  
  cop_0727_lp_lin     56.69401      0.000    618  
  cop_0728_lp_lin    107.69400      0.000    391  
  cop_0729_lp_lin     67.15482      0.000    530  
  cop_0730_lp_lin     70.15809      0.000    502  
  cop_0731_lp_lin     67.45373      0.000    546  
  cop_0732_lp_lin    143.50359      0.000    286  
  cop_0733_lp_lin     69.40941      0.000    523  
  cop_0734_lp_lin    119.25101      0.000    327  
  cop_0735_lp_lin     17.47362      0.000    951  
  cop_0736_lp_lin     34.49505      0.000    777  
  cop_0737_lp_lin    172.11625      0.000    263  
  cop_0738_lp_lin     24.12221      0.000    874  
  cop_0739_lp_lin   1144.84831      0.000     46  
  cop_0740_lp_lin     14.04553      0.000    976  
  cop_0741_lp_lin     89.72766      0.000    432  
  cop_0742_lp_lin     20.09443      0.000    929  
  cop_0743_lp_lin     45.11941      0.000    673  
  cop_0744_lp_lin    236.04886      0.000    187  
  cop_0745_lp_lin    540.11056      0.000    138  
  cop_0746_lp_lin    573.51408      0.000    110  
  cop_0747_lp_lin    172.67249      0.000    268  
  cop_0748_lp_lin     32.02988      0.000    801  
  cop_0749_lp_lin     46.45613      0.000    726  
  cop_0750_lp_lin     26.57322      0.000    921  
  cop_0751_lp_lin     18.75005      0.000    928  
  cop_0752_lp_lin   1070.40883      0.000     36  
  cop_0753_lp_lin     85.31218      0.000    497  
  cop_0754_lp_lin    171.99511      0.000    301  
  cop_0755_lp_lin     64.81623      0.000    527  
  cop_0756_lp_lin     15.14850      0.000    965  
  cop_0757_lp_lin     23.24225      0.000    887  
  cop_0758_lp_lin     66.85037      0.000    564  
  cop_0759_lp_lin     61.09965      0.000    561  
  cop_0760_lp_lin    107.28825      0.000    374  
  cop_0761_lp_lin     74.74796      0.000    489  
  cop_0762_lp_lin     55.10453      0.000    592  
  cop_0763_lp_lin     23.24697      0.000    895  
  cop_0764_lp_lin     19.19048      0.000    943  
  cop_0765_lp_lin     41.70947      0.000    691  
  cop_0766_lp_lin     30.97554      0.000    821  
  cop_0767_lp_lin    308.82229      0.000    175  
  cop_0768_lp_lin   9140.62732      0.000      9  
  cop_0769_lp_lin    123.94318      0.000    334  
  cop_0770_lp_lin    108.14723      0.000    410  
  cop_0771_lp_lin    109.62581      0.000    353  
  cop_0772_lp_lin     36.15725      0.000    755  
  cop_0773_lp_lin     16.48791      0.000    964  
  cop_0774_lp_lin     19.11284      0.000    931  
  cop_0775_lp_lin     68.32265      0.000    496  
  cop_0776_lp_lin     50.42732      0.000    599  
  cop_0777_lp_lin     18.82686      0.000    936  
  cop_0778_lp_lin     27.86219      0.000    841  
  cop_0779_lp_lin     60.51581      0.000    565  
  cop_0780_lp_lin     39.49932      0.000    713  
  cop_0781_lp_lin    339.70780      0.000    153  
  cop_0782_lp_lin     38.09437      0.000    740  
  cop_0783_lp_lin   1604.82536      0.000     38  
  cop_0784_lp_lin     18.59187      0.000    945  
  cop_0785_lp_lin    550.14875      0.000     72  
  cop_0786_lp_lin    181.99615      0.000    198  
  cop_0787_lp_lin    840.89879      0.000     40  
  cop_0788_lp_lin    158.78886      0.000    293  
  cop_0789_lp_lin    174.84431      0.000    276  
  cop_0790_lp_lin     53.22109      0.000    608  
  cop_0791_lp_lin     74.79025      0.000    486  
  cop_0792_lp_lin    636.65258      0.000     66  
  cop_0793_lp_lin     27.98363      0.000    842  
  cop_0794_lp_lin     38.58209      0.000    736  
  cop_0795_lp_lin     71.78544      0.000    526  
  cop_0796_lp_lin     23.32553      0.000    904  
  cop_0797_lp_lin     52.74230      0.000    613  
  cop_0798_lp_lin     46.48703      0.000    678  
  cop_0799_lp_lin    805.13705      0.000     78  
  cop_0800_lp_lin     65.05111      0.000    598  
  cop_0801_lp_lin      6.69662      0.000    996  
  cop_0802_lp_lin     69.33789      0.000    513  
  cop_0803_lp_lin     43.49098      0.000    692  
  cop_0804_lp_lin    145.32947      0.000    290  
  cop_0805_lp_lin    114.07273      0.000    338  
  cop_0806_lp_lin     40.81488      0.000    715  
  cop_0807_lp_lin    239.20432      0.000    192  
  cop_0808_lp_lin    120.20210      0.000    316  
  cop_0809_lp_lin    618.89947      0.000     53  
  cop_0810_lp_lin    931.68285      0.000     61  
  cop_0811_lp_lin    405.91195      0.000    105  
  cop_0812_lp_lin    155.56124      0.000    233  
  cop_0813_lp_lin    125.67865      0.000    306  
  cop_0814_lp_lin     48.99999      0.000    653  
  cop_0815_lp_lin     39.36242      0.000    712  
  cop_0816_lp_lin    813.17914      0.000     44  
  cop_0817_lp_lin    121.30531      0.000    330  
  cop_0818_lp_lin    106.21457      0.000    351  
  cop_0819_lp_lin     77.12992      0.000    462  
  cop_0820_lp_lin     26.39333      0.000    860  
  cop_0821_lp_lin     32.41210      0.000    794  
  cop_0822_lp_lin    241.04791      0.000    190  
  cop_0823_lp_lin    957.66247      0.000     23  
  cop_0824_lp_lin     17.26283      0.000    948  
  cop_0825_lp_lin     34.67630      0.000    770  
  cop_0826_lp_lin     14.77407      0.000    969  
  cop_0827_lp_lin     21.08832      0.000    934  
  cop_0828_lp_lin    223.80185      0.000    208  
  cop_0829_lp_lin     99.43169      0.000    385  
  cop_0830_lp_lin    568.98711      0.000    111  
  cop_0831_lp_lin     68.50189      0.000    520  
  cop_0832_lp_lin     14.13860      0.000    973  
  cop_0833_lp_lin    658.65304      0.000     42  
  cop_0834_lp_lin     40.26187      0.000    705  
  cop_0835_lp_lin     81.81357      0.000    440  
  cop_0836_lp_lin    206.98417      0.000    239  
  cop_0837_lp_lin    142.95574      0.000    298  
  cop_0838_lp_lin     38.66552      0.000    737  
  cop_0839_lp_lin    265.70779      0.000    173  
  cop_0840_lp_lin     75.79826      0.000    499  
  cop_0841_lp_lin     25.27832      0.000    863  
  cop_0842_lp_lin    323.99006      0.000    130  
  cop_0843_lp_lin     58.99618      0.000    563  
  cop_0844_lp_lin     53.58511      0.000    626  
  cop_0845_lp_lin    414.08999      0.000     85  
  cop_0846_lp_lin    485.85657      0.000     91  
  cop_0847_lp_lin    145.30444      0.000    275  
  cop_0848_lp_lin     29.05942      0.000    849  
  cop_0849_lp_lin     28.51576      0.000    837  
  cop_0850_lp_lin     48.97512      0.000    635  
  cop_0851_lp_lin    196.74470      0.000    226  
  cop_0852_lp_lin     24.26847      0.000    878  
  cop_0853_lp_lin     39.51967      0.000    745  
  cop_0854_lp_lin     25.99618      0.000    857  
  cop_0855_lp_lin     84.39576      0.000    436  
  cop_0856_lp_lin    220.64895      0.000    199  
  cop_0857_lp_lin     33.38052      0.000    774  
  cop_0858_lp_lin     42.36087      0.000    679  
  cop_0859_lp_lin     17.72500      0.000    952  
  cop_0860_lp_lin    675.39979      0.000     57  
  cop_0861_lp_lin    117.43301      0.000    339  
  cop_0862_lp_lin     27.26258      0.000    850  
  cop_0863_lp_lin     32.42649      0.000    810  
  cop_0864_lp_lin     46.37311      0.000    642  
  cop_0865_lp_lin    186.76735      0.000    229  
  cop_0866_lp_lin     57.05189      0.000    588  
  cop_0867_lp_lin     32.87402      0.000    785  
  cop_0868_lp_lin    383.10291      0.000    101  
  cop_0869_lp_lin    141.04796      0.000    310  
  cop_0870_lp_lin   2073.56366      0.000      8  
  cop_0871_lp_lin     28.41821      0.000    843  
  cop_0872_lp_lin     63.49235      0.000    537  
  cop_0873_lp_lin     85.67891      0.000    439  
  cop_0874_lp_lin     37.02225      0.000    741  
  cop_0875_lp_lin     68.95277      0.000    504  
  cop_0876_lp_lin     45.22669      0.000    665  
  cop_0877_lp_lin     37.66040      0.000    743  
  cop_0878_lp_lin     30.24813      0.000    862  
  cop_0879_lp_lin     64.51195      0.000    524  
  cop_0880_lp_lin     32.93926      0.000    802  
  cop_0881_lp_lin     65.32241      0.000    516  
  cop_0882_lp_lin     32.13198      0.000    806  
  cop_0883_lp_lin    247.38808      0.000    168  
  cop_0884_lp_lin     33.46364      0.000    779  
  cop_0885_lp_lin    190.53255      0.000    235  
  cop_0886_lp_lin     28.47266      0.000    826  
  cop_0887_lp_lin    190.90472      0.000    193  
  cop_0888_lp_lin     72.10683      0.000    494  
  cop_0889_lp_lin     74.85863      0.000    481  
  cop_0890_lp_lin    346.87937      0.000    115  
  cop_0891_lp_lin     65.14079      0.000    521  
  cop_0892_lp_lin     81.21086      0.000    455  
  cop_0893_lp_lin     52.96105      0.000    587  
  cop_0894_lp_lin    123.16800      0.000    320  
  cop_0895_lp_lin     66.36900      0.000    558  
  cop_0896_lp_lin     41.89129      0.000    688  
  cop_0897_lp_lin     18.10788      0.000    942  
  cop_0898_lp_lin     23.24037      0.000    885  
  cop_0899_lp_lin     24.55857      0.000    867  
  cop_0900_lp_lin    612.89444      0.000     94  
  cop_0901_lp_lin     68.35924      0.000    528  
  cop_0902_lp_lin     20.65316      0.000    944  
  cop_0903_lp_lin    116.69609      0.000    366  
  cop_0904_lp_lin     32.12088      0.000    796  
  cop_0905_lp_lin      2.51660      1.000      -  yes
  cop_0906_lp_lin     17.47397      0.000    947  
  cop_0907_lp_lin    335.37767      0.000     96  
  cop_0908_lp_lin    323.98948      0.000    214  
  cop_0909_lp_lin    113.64772      0.000    379  
  cop_0910_lp_lin     50.38925      0.000    648  
  cop_0911_lp_lin     41.37242      0.000    732  
  cop_0912_lp_lin    100.78404      0.000    415  
  cop_0913_lp_lin     25.14029      0.000    864  
  cop_0914_lp_lin     23.57724      0.000    911  
  cop_0915_lp_lin    127.60399      0.000    328  
  cop_0916_lp_lin    145.19328      0.000    289  
  cop_0917_lp_lin     12.45452      0.000    977  
  cop_0918_lp_lin    381.88951      0.000     86  
  cop_0919_lp_lin    564.61702      0.000    117  
  cop_0920_lp_lin     92.47908      0.000    453  
  cop_0921_lp_lin     89.34044      0.000    438  
  cop_0922_lp_lin    140.17623      0.000    302  
  cop_0923_lp_lin     53.71785      0.000    606  
  cop_0924_lp_lin   1216.33628      0.000    102  
  cop_0925_lp_lin     88.37230      0.000    452  
  cop_0926_lp_lin    607.00928      0.000     58  
  cop_0927_lp_lin    123.57372      0.000    314  
  cop_0928_lp_lin   1546.87971      0.000     12  
  cop_0929_lp_lin    385.27187      0.000    140  
  cop_0930_lp_lin     98.61192      0.000    409  
  cop_0931_lp_lin     12.27685      0.000    981  
  cop_0932_lp_lin    718.59040      0.000     62  
  cop_0933_lp_lin    195.59621      0.000    230  
  cop_0934_lp_lin    118.74838      0.000    358  
  cop_0935_lp_lin    219.31715      0.000    215  
  cop_0936_lp_lin    142.11337      0.000    307  
  cop_0937_lp_lin     30.43586      0.000    819  
  cop_0938_lp_lin    320.79940      0.000    137  
  cop_0939_lp_lin     61.71192      0.000    543  
  cop_0940_lp_lin    319.50622      0.000    104  
  cop_0941_lp_lin     45.66335      0.000    659  
  cop_0942_lp_lin    627.05745      0.000     60  
  cop_0943_lp_lin     23.47612      0.000    889  
  cop_0944_lp_lin    110.00933      0.000    372  
  cop_0945_lp_lin    183.51764      0.000    257  
  cop_0946_lp_lin    273.33387      0.000    185  
  cop_0947_lp_lin    231.11997      0.000    196  
  cop_0948_lp_lin     44.60357      0.000    690  
  cop_0949_lp_lin    261.52387      0.000    160  
  cop_0950_lp_lin     40.71033      0.000    711  
  cop_0951_lp_lin     29.99776      0.000    822  
  cop_0952_lp_lin     38.43003      0.000    749  
  cop_0953_lp_lin     71.18524      0.000    491  
  cop_0954_lp_lin     92.71853      0.000    413  
  cop_0955_lp_lin     43.86790      0.000    676  
  cop_0956_lp_lin     84.07724      0.000    423  
  cop_0957_lp_lin    162.88171      0.000    292  
  cop_0958_lp_lin    999.99861      0.000     51  
  cop_0959_lp_lin     79.12799      0.000    447  
  cop_0960_lp_lin     92.29306      0.000    401  
  cop_0961_lp_lin     98.40539      0.000    405  
  cop_0962_lp_lin     44.79488      0.000    664  
  cop_0963_lp_lin     63.48670      0.000    539  
  cop_0964_lp_lin     49.08215      0.000    652  
  cop_0965_lp_lin    384.57885      0.000    136  
  cop_0966_lp_lin    322.08711      0.000    109  
  cop_0967_lp_lin    400.85532      0.000     84  
  cop_0968_lp_lin     35.33373      0.000    750  
  cop_0969_lp_lin     29.60143      0.000    820  
  cop_0970_lp_lin      5.67599      0.000    998  
  cop_0971_lp_lin     20.19288      0.000    914  
  cop_0972_lp_lin     22.62549      0.000    901  
  cop_0973_lp_lin     80.05623      0.000    484  
  cop_0974_lp_lin     65.36756      0.000    557  
  cop_0975_lp_lin    131.66214      0.000    312  
  cop_0976_lp_lin     63.15131      0.000    569  
  cop_0977_lp_lin    410.56425      0.000     90  
  cop_0978_lp_lin     43.01110      0.000    695  
  cop_0979_lp_lin     47.32013      0.000    638  
  cop_0980_lp_lin    414.71326      0.000    128  
  cop_0981_lp_lin    142.77801      0.000    287  
  cop_0982_lp_lin     45.33685      0.000    674  
  cop_0983_lp_lin    144.07506      0.000    300  
  cop_0984_lp_lin    265.33999      0.000    147  
  cop_0985_lp_lin     74.43977      0.000    476  
  cop_0986_lp_lin     41.87284      0.000    714  
  cop_0987_lp_lin    107.58899      0.000    375  
  cop_0988_lp_lin     81.22609      0.000    429  
  cop_0989_lp_lin    364.26153      0.000    150  
  cop_0990_lp_lin    220.63103      0.000    225  
  cop_0991_lp_lin     84.14181      0.000    446  
  cop_0992_lp_lin    188.63941      0.000    244  
  cop_0993_lp_lin    125.04350      0.000    322  
  cop_0994_lp_lin     35.22926      0.000    781  
  cop_0995_lp_lin     35.29701      0.000    756  
  cop_0996_lp_lin     39.58079      0.000    722  
  cop_0997_lp_lin    170.54139      0.000    245  
  cop_0998_lp_lin     44.92046      0.000    682  
  cop_0999_lp_lin     48.85358      0.000    646  
  cop_1000_lp_lin     55.14613      0.000    575  
  eliminated, worst first: cop_0679_lp_lin cop_0670_lp_lin cop_0086_lp_lin cop_0362_lp_lin cop_0080_lp_lin cop_0184_lp_lin cop_0375_lp_lin cop_0870_lp_lin cop_0768_lp_lin cop_0046_lp_lin cop_0212_lp_lin cop_0928_lp_lin cop_0511_lp_lin cop_0308_lp_lin cop_0548_lp_lin cop_0323_lp_lin cop_0058_lp_lin cop_0562_lp_lin cop_0657_lp_lin cop_0690_lp_lin cop_0130_lp_lin cop_0056_lp_lin cop_0823_lp_lin cop_0388_lp_lin cop_0214_lp_lin cop_0206_lp_lin cop_0411_lp_lin cop_0049_lp_lin cop_0085_lp_lin cop_0095_lp_lin cop_0253_lp_lin cop_0508_lp_lin cop_0167_lp_lin cop_0229_lp_lin cop_0098_lp_lin cop_0752_lp_lin cop_0154_lp_lin cop_0783_lp_lin cop_0558_lp_lin cop_0787_lp_lin cop_0579_lp_lin cop_0833_lp_lin cop_0219_lp_lin cop_0816_lp_lin cop_0325_lp_lin cop_0739_lp_lin cop_0591_lp_lin cop_0096_lp_lin cop_0366_lp_lin cop_0262_lp_lin cop_0958_lp_lin cop_0402_lp_lin cop_0809_lp_lin cop_0461_lp_lin cop_0584_lp_lin cop_0608_lp_lin cop_0860_lp_lin cop_0926_lp_lin cop_0115_lp_lin cop_0942_lp_lin cop_0810_lp_lin cop_0932_lp_lin cop_0700_lp_lin cop_0329_lp_lin cop_0175_lp_lin cop_0792_lp_lin cop_0009_lp_lin cop_0297_lp_lin cop_0287_lp_lin cop_0626_lp_lin cop_0257_lp_lin cop_0785_lp_lin cop_0393_lp_lin cop_0704_lp_lin cop_0549_lp_lin cop_0230_lp_lin cop_0089_lp_lin cop_0799_lp_lin cop_0041_lp_lin cop_0168_lp_lin cop_0387_lp_lin cop_0244_lp_lin cop_0656_lp_lin cop_0967_lp_lin cop_0845_lp_lin cop_0918_lp_lin cop_0425_lp_lin cop_0043_lp_lin cop_0158_lp_lin cop_0977_lp_lin cop_0846_lp_lin cop_0406_lp_lin cop_0528_lp_lin cop_0900_lp_lin cop_0414_lp_lin cop_0907_lp_lin cop_0637_lp_lin cop_0332_lp_lin cop_0567_lp_lin cop_0333_lp_lin cop_0868_lp_lin cop_0924_lp_lin cop_0140_lp_lin cop_0940_lp_lin cop_0811_lp_lin cop_0678_lp_lin cop_0114_lp_lin cop_0718_lp_lin cop_0966_lp_lin cop_0746_lp_lin cop_0830_lp_lin cop_0588_lp_lin cop_0300_lp_lin cop_0013_lp_lin cop_0890_lp_lin cop_0381_lp_lin cop_0919_lp_lin cop_0276_lp_lin cop_0052_lp_lin cop_0590_lp_lin cop_0363_lp_lin cop_0159_lp_lin cop_0012_lp_lin cop_0724_lp_lin cop_0582_lp_lin cop_0119_lp_lin cop_0233_lp_lin cop_0980_lp_lin cop_0271_lp_lin cop_0842_lp_lin cop_0603_lp_lin cop_0370_lp_lin cop_0632_lp_lin cop_0259_lp_lin cop_0209_lp_lin cop_0965_lp_lin cop_0938_lp_lin cop_0745_lp_lin cop_0412_lp_lin cop_0929_lp_lin cop_0278_lp_lin cop_0088_lp_lin cop_0515_lp_lin cop_0521_lp_lin cop_0178_lp_lin cop_0391_lp_lin cop_0984_lp_lin cop_0468_lp_lin cop_0669_lp_lin cop_0989_lp_lin cop_0304_lp_lin cop_0572_lp_lin cop_0781_lp_lin cop_0605_lp_lin cop_0188_lp_lin cop_0238_lp_lin cop_0251_lp_lin cop_0202_lp_lin cop_0270_lp_lin cop_0949_lp_lin cop_0092_lp_lin cop_0430_lp_lin cop_0484_lp_lin cop_0160_lp_lin cop_0505_lp_lin cop_0663_lp_lin cop_0245_lp_lin cop_0883_lp_lin cop_0342_lp_lin cop_0025_lp_lin cop_0421_lp_lin cop_0189_lp_lin cop_0839_lp_lin cop_0222_lp_lin cop_0767_lp_lin cop_0063_lp_lin cop_0192_lp_lin cop_0675_lp_lin cop_0456_lp_lin cop_0473_lp_lin cop_0064_lp_lin cop_0261_lp_lin cop_0138_lp_lin cop_0612_lp_lin cop_0946_lp_lin cop_0687_lp_lin cop_0744_lp_lin cop_0123_lp_lin cop_0471_lp_lin cop_0822_lp_lin cop_0607_lp_lin cop_0807_lp_lin cop_0887_lp_lin cop_0565_lp_lin cop_0681_lp_lin cop_0947_lp_lin cop_0710_lp_lin cop_0786_lp_lin cop_0856_lp_lin cop_0273_lp_lin cop_0486_lp_lin cop_0090_lp_lin cop_0550_lp_lin cop_0535_lp_lin cop_0155_lp_lin cop_0648_lp_lin cop_0722_lp_lin cop_0828_lp_lin cop_0475_lp_lin cop_0452_lp_lin cop_0487_lp_lin cop_0275_lp_lin cop_0018_lp_lin cop_0908_lp_lin cop_0935_lp_lin cop_0379_lp_lin cop_0038_lp_lin cop_0427_lp_lin cop_0345_lp_lin cop_0721_lp_lin cop_0164_lp_lin cop_0449_lp_lin cop_0336_lp_lin cop_0491_lp_lin cop_0990_lp_lin cop_0851_lp_lin cop_0560_lp_lin cop_0532_lp_lin cop_0865_lp_lin cop_0933_lp_lin cop_0266_lp_lin cop_0328_lp_lin cop_0812_lp_lin cop_0655_lp_lin cop_0885_lp_lin cop_0190_lp_lin cop_0499_lp_lin cop_0217_lp_lin cop_0836_lp_lin cop_0455_lp_lin cop_0392_lp_lin cop_0060_lp_lin cop_0551_lp_lin cop_0992_lp_lin cop_0997_lp_lin cop_0677_lp_lin cop_0330_lp_lin cop_0602_lp_lin cop_0137_lp_lin cop_0709_lp_lin cop_0674_lp_lin cop_0022_lp_lin cop_0344_lp_lin cop_0326_lp_lin cop_0059_lp_lin cop_0359_lp_lin cop_0945_lp_lin cop_0680_lp_lin cop_0613_lp_lin cop_0385_lp_lin cop_0576_lp_lin cop_0512_lp_lin cop_0737_lp_lin cop_0619_lp_lin cop_0445_lp_lin cop_0249_lp_lin cop_0310_lp_lin cop_0747_lp_lin cop_0084_lp_lin cop_0365_lp_lin cop_0263_lp_lin cop_0614_lp_lin cop_0627_lp_lin cop_0026_lp_lin cop_0847_lp_lin cop_0789_lp_lin cop_0539_lp_lin cop_0279_lp_lin cop_0083_lp_lin cop_0592_lp_lin cop_0448_lp_lin cop_0599_lp_lin cop_0210_lp_lin cop_0621_lp_lin cop_0264_lp_lin cop_0732_lp_lin cop_0981_lp_lin cop_0575_lp_lin cop_0916_lp_lin cop_0804_lp_lin cop_0177_lp_lin cop_0957_lp_lin cop_0788_lp_lin cop_0699_lp_lin cop_0376_lp_lin cop_0093_lp_lin cop_0327_lp_lin cop_0837_lp_lin cop_0380_lp_lin cop_0983_lp_lin cop_0754_lp_lin cop_0922_lp_lin cop_0053_lp_lin cop_0676_lp_lin cop_0071_lp_lin cop_0813_lp_lin cop_0936_lp_lin cop_0303_lp_lin cop_0051_lp_lin cop_0869_lp_lin cop_0443_lp_lin cop_0975_lp_lin cop_0065_lp_lin cop_0927_lp_lin cop_0610_lp_lin cop_0808_lp_lin cop_0563_lp_lin cop_0586_lp_lin cop_0714_lp_lin cop_0894_lp_lin cop_0701_lp_lin cop_0993_lp_lin cop_0034_lp_lin cop_0517_lp_lin cop_0272_lp_lin cop_0357_lp_lin cop_0734_lp_lin cop_0915_lp_lin cop_0232_lp_lin cop_0817_lp_lin cop_0315_lp_lin cop_0020_lp_lin cop_0197_lp_lin cop_0769_lp_lin cop_0216_lp_lin cop_0014_lp_lin cop_0555_lp_lin cop_0805_lp_lin cop_0861_lp_lin cop_0726_lp_lin cop_0447_lp_lin cop_0021_lp_lin cop_0713_lp_lin cop_0068_lp_lin cop_0644_lp_lin cop_0483_lp_lin cop_0573_lp_lin cop_0659_lp_lin cop_0716_lp_lin cop_0493_lp_lin cop_0818_lp_lin cop_0524_lp_lin cop_0771_lp_lin cop_0658_lp_lin cop_0618_lp_lin cop_0358_lp_lin cop_0104_lp_lin cop_0934_lp_lin cop_0623_lp_lin cop_0132_lp_lin cop_0055_lp_lin cop_0646_lp_lin cop_0076_lp_lin cop_0409_lp_lin cop_0101_lp_lin cop_0903_lp_lin cop_0662_lp_lin cop_0611_lp_lin cop_0247_lp_lin cop_0074_lp_lin cop_0476_lp_lin cop_0944_lp_lin cop_0617_lp_lin cop_0760_lp_lin cop_0987_lp_lin cop_0545_lp_lin cop_0067_lp_lin cop_0069_lp_lin cop_0909_lp_lin cop_0153_lp_lin cop_0290_lp_lin cop_0556_lp_lin cop_0418_lp_lin cop_0583_lp_lin cop_0829_lp_lin cop_0401_lp_lin cop_0405_lp_lin cop_0389_lp_lin cop_0693_lp_lin cop_0077_lp_lin cop_0728_lp_lin cop_0645_lp_lin cop_0419_lp_lin cop_0341_lp_lin cop_0641_lp_lin cop_0337_lp_lin cop_0339_lp_lin cop_0301_lp_lin cop_0609_lp_lin cop_0260_lp_lin cop_0960_lp_lin cop_0547_lp_lin cop_0143_lp_lin cop_0073_lp_lin cop_0961_lp_lin cop_0454_lp_lin cop_0331_lp_lin cop_0695_lp_lin cop_0930_lp_lin cop_0770_lp_lin cop_0417_lp_lin cop_0400_lp_lin cop_0954_lp_lin cop_0668_lp_lin cop_0912_lp_lin cop_0223_lp_lin cop_0187_lp_lin cop_0042_lp_lin cop_0470_lp_lin cop_0110_lp_lin cop_0625_lp_lin cop_0546_lp_lin cop_0956_lp_lin cop_0671_lp_lin cop_0442_lp_lin cop_0394_lp_lin cop_0712_lp_lin cop_0048_lp_lin cop_0988_lp_lin cop_0023_lp_lin cop_0193_lp_lin cop_0741_lp_lin cop_0129_lp_lin cop_0133_lp_lin cop_0116_lp_lin cop_0855_lp_lin cop_0568_lp_lin cop_0921_lp_lin cop_0873_lp_lin cop_0835_lp_lin cop_0006_lp_lin cop_0307_lp_lin cop_0237_lp_lin cop_0643_lp_lin cop_0122_lp_lin cop_0991_lp_lin cop_0959_lp_lin cop_0236_lp_lin cop_0078_lp_lin cop_0195_lp_lin cop_0311_lp_lin cop_0925_lp_lin cop_0920_lp_lin cop_0015_lp_lin cop_0892_lp_lin cop_0340_lp_lin cop_0215_lp_lin cop_0673_lp_lin cop_0248_lp_lin cop_0537_lp_lin cop_0224_lp_lin cop_0819_lp_lin cop_0176_lp_lin cop_0050_lp_lin cop_0360_lp_lin cop_0488_lp_lin cop_0383_lp_lin cop_0504_lp_lin cop_0204_lp_lin cop_0242_lp_lin cop_0395_lp_lin cop_0649_lp_lin cop_0553_lp_lin cop_0309_lp_lin cop_0008_lp_lin cop_0985_lp_lin cop_0496_lp_lin cop_0268_lp_lin cop_0282_lp_lin cop_0198_lp_lin cop_0889_lp_lin cop_0446_lp_lin cop_0286_lp_lin cop_0973_lp_lin cop_0354_lp_lin cop_0791_lp_lin cop_0462_lp_lin cop_0284_lp_lin cop_0761_lp_lin cop_0235_lp_lin cop_0953_lp_lin cop_0420_lp_lin cop_0438_lp_lin cop_0888_lp_lin cop_0541_lp_lin cop_0775_lp_lin cop_0753_lp_lin cop_0295_lp_lin cop_0840_lp_lin cop_0386_lp_lin cop_0557_lp_lin cop_0730_lp_lin cop_0007_lp_lin cop_0875_lp_lin cop_0597_lp_lin cop_0113_lp_lin cop_0124_lp_lin cop_0522_lp_lin cop_0319_lp_lin cop_0459_lp_lin cop_0639_lp_lin cop_0045_lp_lin cop_0802_lp_lin cop_0283_lp_lin cop_0436_lp_lin cop_0881_lp_lin cop_0111_lp_lin cop_0698_lp_lin cop_0630_lp_lin cop_0831_lp_lin cop_0891_lp_lin cop_0653_lp_lin cop_0733_lp_lin cop_0879_lp_lin cop_0218_lp_lin cop_0795_lp_lin cop_0755_lp_lin cop_0901_lp_lin cop_0291_lp_lin cop_0729_lp_lin cop_0141_lp_lin cop_0595_lp_lin cop_0467_lp_lin cop_0203_lp_lin cop_0404_lp_lin cop_0620_lp_lin cop_0872_lp_lin cop_0432_lp_lin cop_0963_lp_lin cop_0616_lp_lin cop_0433_lp_lin cop_0027_lp_lin cop_0939_lp_lin cop_0703_lp_lin cop_0348_lp_lin cop_0731_lp_lin cop_0490_lp_lin cop_0531_lp_lin cop_0453_lp_lin cop_0163_lp_lin cop_0451_lp_lin cop_0615_lp_lin cop_0372_lp_lin cop_0465_lp_lin cop_0293_lp_lin cop_0585_lp_lin cop_0974_lp_lin cop_0895_lp_lin cop_0146_lp_lin cop_0322_lp_lin cop_0759_lp_lin cop_0636_lp_lin cop_0843_lp_lin cop_0758_lp_lin cop_0779_lp_lin cop_0580_lp_lin cop_0638_lp_lin cop_0647_lp_lin cop_0976_lp_lin cop_0415_lp_lin cop_0302_lp_lin cop_0434_lp_lin cop_0688_lp_lin cop_0507_lp_lin cop_1000_lp_lin cop_0200_lp_lin cop_0485_lp_lin cop_0169_lp_lin cop_0589_lp_lin cop_0416_lp_lin cop_0495_lp_lin cop_0156_lp_lin cop_0477_lp_lin cop_0633_lp_lin cop_0081_lp_lin cop_0606_lp_lin cop_0893_lp_lin cop_0866_lp_lin cop_0666_lp_lin cop_0514_lp_lin cop_0439_lp_lin cop_0762_lp_lin cop_0226_lp_lin cop_0682_lp_lin cop_0091_lp_lin cop_0171_lp_lin cop_0651_lp_lin cop_0800_lp_lin cop_0776_lp_lin cop_0030_lp_lin cop_0349_lp_lin cop_0640_lp_lin cop_0318_lp_lin cop_0305_lp_lin cop_0228_lp_lin cop_0923_lp_lin cop_0239_lp_lin cop_0790_lp_lin cop_0225_lp_lin cop_0723_lp_lin cop_0029_lp_lin cop_0441_lp_lin cop_0797_lp_lin cop_0243_lp_lin cop_0601_lp_lin cop_0672_lp_lin cop_0294_lp_lin cop_0727_lp_lin cop_0117_lp_lin cop_0227_lp_lin cop_0126_lp_lin cop_0087_lp_lin cop_0234_lp_lin cop_0017_lp_lin cop_0151_lp_lin cop_0844_lp_lin cop_0180_lp_lin cop_0352_lp_lin cop_0566_lp_lin cop_0028_lp_lin cop_0296_lp_lin cop_0005_lp_lin cop_0174_lp_lin cop_0082_lp_lin cop_0850_lp_lin cop_0378_lp_lin cop_0196_lp_lin cop_0979_lp_lin cop_0536_lp_lin cop_0564_lp_lin cop_0706_lp_lin cop_0864_lp_lin cop_0725_lp_lin cop_0355_lp_lin cop_0150_lp_lin cop_0999_lp_lin cop_0377_lp_lin cop_0910_lp_lin cop_0719_lp_lin cop_0131_lp_lin cop_0542_lp_lin cop_0964_lp_lin cop_0814_lp_lin cop_0011_lp_lin cop_0185_lp_lin cop_0094_lp_lin cop_0032_lp_lin cop_0265_lp_lin cop_0941_lp_lin cop_0128_lp_lin cop_0001_lp_lin cop_0384_lp_lin cop_0587_lp_lin cop_0962_lp_lin cop_0876_lp_lin cop_0097_lp_lin cop_0497_lp_lin cop_0186_lp_lin cop_0431_lp_lin cop_0578_lp_lin cop_0280_lp_lin cop_0489_lp_lin cop_0743_lp_lin cop_0982_lp_lin cop_0125_lp_lin cop_0955_lp_lin cop_0600_lp_lin cop_0798_lp_lin cop_0858_lp_lin cop_0258_lp_lin cop_0162_lp_lin cop_0998_lp_lin cop_0194_lp_lin cop_0127_lp_lin cop_0650_lp_lin cop_0037_lp_lin cop_0423_lp_lin cop_0896_lp_lin cop_0472_lp_lin cop_0948_lp_lin cop_0765_lp_lin cop_0803_lp_lin cop_0463_lp_lin cop_0642_lp_lin cop_0978_lp_lin cop_0320_lp_lin cop_0033_lp_lin cop_0312_lp_lin cop_0120_lp_lin cop_0103_lp_lin cop_0382_lp_lin cop_0502_lp_lin cop_0292_lp_lin cop_0105_lp_lin cop_0834_lp_lin cop_0624_lp_lin cop_0208_lp_lin cop_0170_lp_lin cop_0492_lp_lin cop_0252_lp_lin cop_0950_lp_lin cop_0815_lp_lin cop_0780_lp_lin cop_0986_lp_lin cop_0806_lp_lin cop_0369_lp_lin cop_0403_lp_lin cop_0364_lp_lin cop_0697_lp_lin cop_0371_lp_lin cop_0498_lp_lin cop_0996_lp_lin cop_0144_lp_lin cop_0482_lp_lin cop_0040_lp_lin cop_0749_lp_lin cop_0634_lp_lin cop_0246_lp_lin cop_0667_lp_lin cop_0569_lp_lin cop_0324_lp_lin cop_0911_lp_lin cop_0003_lp_lin cop_0183_lp_lin cop_0181_lp_lin cop_0794_lp_lin cop_0838_lp_lin cop_0019_lp_lin cop_0581_lp_lin cop_0782_lp_lin cop_0874_lp_lin cop_0373_lp_lin cop_0877_lp_lin cop_0250_lp_lin cop_0853_lp_lin cop_0075_lp_lin cop_0474_lp_lin cop_0407_lp_lin cop_0952_lp_lin cop_0968_lp_lin cop_0035_lp_lin cop_0510_lp_lin cop_0408_lp_lin cop_0413_lp_lin cop_0772_lp_lin cop_0995_lp_lin cop_0398_lp_lin cop_0255_lp_lin cop_0024_lp_lin cop_0540_lp_lin cop_0559_lp_lin cop_0466_lp_lin cop_0574_lp_lin cop_0694_lp_lin cop_0554_lp_lin cop_0061_lp_lin cop_0523_lp_lin cop_0134_lp_lin cop_0314_lp_lin cop_0825_lp_lin cop_0070_lp_lin cop_0506_lp_lin cop_0112_lp_lin cop_0857_lp_lin cop_0351_lp_lin cop_0367_lp_lin cop_0736_lp_lin cop_0458_lp_lin cop_0884_lp_lin cop_0256_lp_lin cop_0994_lp_lin cop_0109_lp_lin cop_0231_lp_lin cop_0464_lp_lin cop_0867_lp_lin cop_0683_lp_lin cop_0172_lp_lin cop_0199_lp_lin cop_0121_lp_lin cop_0062_lp_lin cop_0598_lp_lin cop_0149_lp_lin cop_0108_lp_lin cop_0821_lp_lin cop_0221_lp_lin cop_0904_lp_lin cop_0145_lp_lin cop_0520_lp_lin cop_0664_lp_lin cop_0220_lp_lin cop_0748_lp_lin cop_0880_lp_lin cop_0711_lp_lin cop_0165_lp_lin cop_0530_lp_lin cop_0882_lp_lin cop_0543_lp_lin cop_0457_lp_lin cop_0440_lp_lin cop_0863_lp_lin cop_0211_lp_lin cop_0288_lp_lin cop_0039_lp_lin cop_0343_lp_lin cop_0099_lp_lin cop_0479_lp_lin cop_0635_lp_lin cop_0500_lp_lin cop_0937_lp_lin cop_0969_lp_lin cop_0766_lp_lin cop_0951_lp_lin cop_0702_lp_lin cop_0298_lp_lin cop_0529_lp_lin cop_0886_lp_lin cop_0501_lp_lin cop_0072_lp_lin cop_0334_lp_lin cop_0571_lp_lin cop_0205_lp_lin cop_0254_lp_lin cop_0285_lp_lin cop_0460_lp_lin cop_0450_lp_lin cop_0689_lp_lin cop_0849_lp_lin cop_0316_lp_lin cop_0299_lp_lin cop_0346_lp_lin cop_0778_lp_lin cop_0793_lp_lin cop_0871_lp_lin cop_0306_lp_lin cop_0057_lp_lin cop_0509_lp_lin cop_0705_lp_lin cop_0396_lp_lin cop_0848_lp_lin cop_0862_lp_lin cop_0684_lp_lin cop_0313_lp_lin cop_0161_lp_lin cop_0031_lp_lin cop_0139_lp_lin cop_0321_lp_lin cop_0854_lp_lin cop_0289_lp_lin cop_0685_lp_lin cop_0820_lp_lin cop_0596_lp_lin cop_0878_lp_lin cop_0841_lp_lin cop_0913_lp_lin cop_0350_lp_lin cop_0147_lp_lin cop_0899_lp_lin cop_0629_lp_lin cop_0628_lp_lin cop_0516_lp_lin cop_0469_lp_lin cop_0201_lp_lin cop_0106_lp_lin cop_0738_lp_lin cop_0135_lp_lin cop_0353_lp_lin cop_0692_lp_lin cop_0852_lp_lin cop_0240_lp_lin cop_0428_lp_lin cop_0397_lp_lin cop_0010_lp_lin cop_0118_lp_lin cop_0480_lp_lin cop_0898_lp_lin cop_0152_lp_lin cop_0757_lp_lin cop_0267_lp_lin cop_0943_lp_lin cop_0533_lp_lin cop_0544_lp_lin cop_0525_lp_lin cop_0179_lp_lin cop_0594_lp_lin cop_0763_lp_lin cop_0660_lp_lin cop_0686_lp_lin cop_0424_lp_lin cop_0277_lp_lin cop_0102_lp_lin cop_0972_lp_lin cop_0444_lp_lin cop_0066_lp_lin cop_0796_lp_lin cop_0570_lp_lin cop_0519_lp_lin cop_0538_lp_lin cop_0173_lp_lin cop_0182_lp_lin cop_0429_lp_lin cop_0914_lp_lin cop_0274_lp_lin cop_0652_lp_lin cop_0971_lp_lin cop_0390_lp_lin cop_0527_lp_lin cop_0361_lp_lin cop_0335_lp_lin cop_0494_lp_lin cop_0281_lp_lin cop_0750_lp_lin cop_0691_lp_lin cop_0207_lp_lin cop_0707_lp_lin cop_0002_lp_lin cop_0604_lp_lin cop_0518_lp_lin cop_0751_lp_lin cop_0742_lp_lin cop_0661_lp_lin cop_0774_lp_lin cop_0561_lp_lin cop_0004_lp_lin cop_0827_lp_lin cop_0269_lp_lin cop_0777_lp_lin cop_0374_lp_lin cop_0513_lp_lin cop_0631_lp_lin cop_0016_lp_lin cop_0534_lp_lin cop_0897_lp_lin cop_0764_lp_lin cop_0902_lp_lin cop_0784_lp_lin cop_0717_lp_lin cop_0906_lp_lin cop_0824_lp_lin cop_0213_lp_lin cop_0142_lp_lin cop_0735_lp_lin cop_0859_lp_lin cop_0317_lp_lin cop_0410_lp_lin cop_0399_lp_lin cop_0107_lp_lin cop_0347_lp_lin cop_0708_lp_lin cop_0481_lp_lin cop_0478_lp_lin cop_0696_lp_lin cop_0157_lp_lin cop_0047_lp_lin cop_0773_lp_lin cop_0756_lp_lin cop_0720_lp_lin cop_0437_lp_lin cop_0503_lp_lin cop_0826_lp_lin cop_0054_lp_lin cop_0426_lp_lin cop_0577_lp_lin cop_0832_lp_lin cop_0191_lp_lin cop_0044_lp_lin cop_0740_lp_lin cop_0917_lp_lin cop_0368_lp_lin cop_0136_lp_lin cop_0435_lp_lin cop_0931_lp_lin cop_0166_lp_lin cop_0036_lp_lin cop_0665_lp_lin cop_0622_lp_lin cop_0422_lp_lin cop_0241_lp_lin cop_0338_lp_lin cop_0148_lp_lin cop_0715_lp_lin cop_0100_lp_lin cop_0526_lp_lin cop_0079_lp_lin cop_0356_lp_lin cop_0552_lp_lin cop_0801_lp_lin cop_0654_lp_lin cop_0970_lp_lin cop_0593_lp_lin
  set decided by an accepted test: no, every test rejected down to one model (last p = 0.003 against alpha = 0.050)
