MCS_TR against MCS_TMAX on out/abm_system_lp_irf_loss_s2.csv
1000 configurations, 1000 replicates each
shared: alpha = 0.050, 10000 resamples, block length 1, bootstrap variance, seed 123, stream 0

Both statistics are scored on the same resamples, drawn once and reused in every round.

statistic  set size  decided by an accepted test  deciding round  last p-value  seconds
MCS_TR            4                          yes             997        0.1643      5.0
MCS_TMAX          4                          yes             997        0.3585      7.1

sets
  in both sets 4, only in MCS_TR's 0, only in MCS_TMAX's 0
  largest difference between the two MCS p-values of one configuration 0.1942

elimination rounds, the configuration left at the end counted as round 1000
  Spearman rank correlation between the two orders 0.9699
  absolute difference in round: median 31, 90th percentile 123, largest 282

the 10 configurations MCS_TR eliminated last, with where MCS_TMAX put them
  configuration  mean loss  MCS_TR round  MCS_TR p  MCS_TMAX round  MCS_TMAX p
  cop_0905_lp_s2  1.28783  1000  1.0000  1000  1.0000
  cop_0191_lp_s2  1.30139  999  0.1931  999  0.3585
  cop_0356_lp_s2  1.30923  998  0.1643  998  0.3585
  cop_0437_lp_s2  1.30961  997  0.1643  997  0.3585
  cop_0832_lp_s2  1.34198  996  0.0000  996  0.0001
  cop_0593_lp_s2  1.36092  995  0.0000  995  0.0001
  cop_0717_lp_s2  1.35682  994  0.0000  994  0.0001
  cop_0970_lp_s2  1.36603  993  0.0000  993  0.0001
  cop_0654_lp_s2  1.37889  992  0.0000  992  0.0000
  cop_0410_lp_s2  1.37749  991  0.0000  991  0.0000


  sample    1000 observations, 1000 models
  statistic TR, every pairwise contrast
  test      alpha = 0.050, 10000 moving-block resamples of 1 observations
  variance  bootstrap variance of the resampled mean
  stream    seed 123, stream 0

MCS over state-dependent local projection impulse-response MAE, state 2 (lags times F), MCS_TR statistic
  model             mean loss      MCS p  round  in set
  cop_0001_lp_s2      2.60318      0.000    529  
  cop_0002_lp_s2      2.73932      0.000    616  
  cop_0003_lp_s2      2.64533      0.000    703  
  cop_0004_lp_s2      1.69391      0.000    910  
  cop_0005_lp_s2      2.07879      0.000    695  
  cop_0006_lp_s2      2.21010      0.000    706  
  cop_0007_lp_s2      3.08359      0.000    608  
  cop_0008_lp_s2      2.37168      0.000    722  
  cop_0009_lp_s2     19.62933      0.000     13  
  cop_0010_lp_s2      3.34186      0.000    484  
  cop_0011_lp_s2      1.79709      0.000    862  
  cop_0012_lp_s2      8.14410      0.000    195  
  cop_0013_lp_s2      8.03742      0.000     35  
  cop_0014_lp_s2      3.69253      0.000    235  
  cop_0015_lp_s2      4.17632      0.000    207  
  cop_0016_lp_s2      2.05087      0.000    788  
  cop_0017_lp_s2      2.80551      0.000    652  
  cop_0018_lp_s2      3.80583      0.000    264  
  cop_0019_lp_s2      2.83500      0.000    584  
  cop_0020_lp_s2      6.60710      0.000    218  
  cop_0021_lp_s2      6.14951      0.000    320  
  cop_0022_lp_s2      2.53439      0.000    512  
  cop_0023_lp_s2      2.67752      0.000    407  
  cop_0024_lp_s2      2.00892      0.000    804  
  cop_0025_lp_s2      6.91114      0.000     88  
  cop_0026_lp_s2      4.87450      0.000    434  
  cop_0027_lp_s2      2.35238      0.000    741  
  cop_0028_lp_s2      3.42058      0.000    426  
  cop_0029_lp_s2      4.86577      0.000    210  
  cop_0030_lp_s2      1.80176      0.000    848  
  cop_0031_lp_s2      1.58031      0.000    946  
  cop_0032_lp_s2      1.61203      0.000    935  
  cop_0033_lp_s2      4.00247      0.000    382  
  cop_0034_lp_s2      5.41340      0.000    331  
  cop_0035_lp_s2      2.63792      0.000    571  
  cop_0036_lp_s2      1.47939      0.000    979  
  cop_0037_lp_s2      1.96056      0.000    829  
  cop_0038_lp_s2      8.34398      0.000    350  
  cop_0039_lp_s2      2.84316      0.000    572  
  cop_0040_lp_s2      2.19062      0.000    754  
  cop_0041_lp_s2      4.55904      0.000    246  
  cop_0042_lp_s2      3.06521      0.000    574  
  cop_0043_lp_s2      8.58890      0.000     50  
  cop_0044_lp_s2      1.52956      0.000    969  
  cop_0045_lp_s2      3.28865      0.000    595  
  cop_0046_lp_s2     13.04400      0.000     37  
  cop_0047_lp_s2      1.60009      0.000    932  
  cop_0048_lp_s2     17.90916      0.000     33  
  cop_0049_lp_s2     28.18097      0.000     57  
  cop_0050_lp_s2      1.85390      0.000    849  
  cop_0051_lp_s2      7.62983      0.000    209  
  cop_0052_lp_s2     11.73279      0.000    178  
  cop_0053_lp_s2      3.04578      0.000    348  
  cop_0054_lp_s2      1.54714      0.000    968  
  cop_0055_lp_s2      6.64006      0.000    212  
  cop_0056_lp_s2     15.13373      0.000     27  
  cop_0057_lp_s2      1.68860      0.000    918  
  cop_0058_lp_s2     27.91747      0.000    102  
  cop_0059_lp_s2      5.85489      0.000     46  
  cop_0060_lp_s2      3.31404      0.000    373  
  cop_0061_lp_s2      2.00170      0.000    825  
  cop_0062_lp_s2      2.50912      0.000    707  
  cop_0063_lp_s2      7.41024      0.000    160  
  cop_0064_lp_s2      6.38202      0.000     17  
  cop_0065_lp_s2      7.45667      0.000     91  
  cop_0066_lp_s2      1.90239      0.000    836  
  cop_0067_lp_s2      2.58999      0.000    587  
  cop_0068_lp_s2      2.20787      0.000    681  
  cop_0069_lp_s2      2.42295      0.000    638  
  cop_0070_lp_s2      1.82690      0.000    871  
  cop_0071_lp_s2      3.02782      0.000    399  
  cop_0072_lp_s2      2.10855      0.000    744  
  cop_0073_lp_s2      3.16159      0.000    560  
  cop_0074_lp_s2      4.34327      0.000    430  
  cop_0075_lp_s2      3.50965      0.000    405  
  cop_0076_lp_s2      2.47139      0.000    604  
  cop_0077_lp_s2      4.05208      0.000    217  
  cop_0078_lp_s2      2.09018      0.000    729  
  cop_0079_lp_s2      1.58584      0.000    958  
  cop_0080_lp_s2     16.99576      0.000     60  
  cop_0081_lp_s2      2.50925      0.000    724  
  cop_0082_lp_s2      2.39283      0.000    632  
  cop_0083_lp_s2      3.14211      0.000    443  
  cop_0084_lp_s2      5.90958      0.000    396  
  cop_0085_lp_s2      7.32299      0.000     56  
  cop_0086_lp_s2     78.88876      0.000    147  
  cop_0087_lp_s2      1.94074      0.000    791  
  cop_0088_lp_s2     11.64726      0.000     47  
  cop_0089_lp_s2     17.50074      0.000    361  
  cop_0090_lp_s2      3.79554      0.000    167  
  cop_0091_lp_s2      2.04181      0.000    810  
  cop_0092_lp_s2      4.36294      0.000    241  
  cop_0093_lp_s2      7.25604      0.000     70  
  cop_0094_lp_s2      1.89761      0.000    841  
  cop_0095_lp_s2     19.47109      0.000    211  
  cop_0096_lp_s2     15.81063      0.000    148  
  cop_0097_lp_s2      2.03774      0.000    727  
  cop_0098_lp_s2      5.11587      0.000    107  
  cop_0099_lp_s2      2.40398      0.000    659  
  cop_0100_lp_s2      1.60955      0.000    957  
  cop_0101_lp_s2      2.42347      0.000    593  
  cop_0102_lp_s2      1.62141      0.000    924  
  cop_0103_lp_s2      1.99048      0.000    743  
  cop_0104_lp_s2      6.07931      0.000    186  
  cop_0105_lp_s2      2.11736      0.000    726  
  cop_0106_lp_s2      1.58483      0.000    941  
  cop_0107_lp_s2      1.70736      0.000    921  
  cop_0108_lp_s2      3.19033      0.000    583  
  cop_0109_lp_s2      2.64907      0.000    629  
  cop_0110_lp_s2      3.41869      0.000    384  
  cop_0111_lp_s2      4.60920      0.000    125  
  cop_0112_lp_s2      1.93331      0.000    842  
  cop_0113_lp_s2      3.28381      0.000    542  
  cop_0114_lp_s2     15.81191      0.000    258  
  cop_0115_lp_s2      9.24994      0.000    141  
  cop_0116_lp_s2      3.32596      0.000    364  
  cop_0117_lp_s2      1.69712      0.000    900  
  cop_0118_lp_s2      2.01891      0.000    781  
  cop_0119_lp_s2     20.70352      0.000    166  
  cop_0120_lp_s2      1.99633      0.000    748  
  cop_0121_lp_s2      1.68464      0.000    907  
  cop_0122_lp_s2      5.35079      0.000    219  
  cop_0123_lp_s2      5.92876      0.000    182  
  cop_0124_lp_s2      2.88312      0.000    465  
  cop_0125_lp_s2      2.21558      0.000    759  
  cop_0126_lp_s2      2.19009      0.000    749  
  cop_0127_lp_s2      2.56861      0.000    579  
  cop_0128_lp_s2      3.22009      0.000    507  
  cop_0129_lp_s2      5.72481      0.000    474  
  cop_0130_lp_s2     16.25202      0.000    126  
  cop_0131_lp_s2      2.70501      0.000    656  
  cop_0132_lp_s2      5.40639      0.000    198  
  cop_0133_lp_s2      2.36510      0.000    614  
  cop_0134_lp_s2      1.77746      0.000    854  
  cop_0135_lp_s2      2.26601      0.000    774  
  cop_0136_lp_s2      1.59185      0.000    955  
  cop_0137_lp_s2      4.28791      0.000    466  
  cop_0138_lp_s2      8.21091      0.000     86  
  cop_0139_lp_s2      1.59569      0.000    923  
  cop_0140_lp_s2     28.44080      0.000      4  
  cop_0141_lp_s2      3.13943      0.000    389  
  cop_0142_lp_s2      1.45906      0.000    980  
  cop_0143_lp_s2      4.84087      0.000    101  
  cop_0144_lp_s2      3.02405      0.000    495  
  cop_0145_lp_s2      1.73064      0.000    891  
  cop_0146_lp_s2      4.20819      0.000    297  
  cop_0147_lp_s2      1.90766      0.000    872  
  cop_0148_lp_s2      1.38919      0.000    989  
  cop_0149_lp_s2      3.49004      0.000    534  
  cop_0150_lp_s2      2.17846      0.000    680  
  cop_0151_lp_s2      2.93657      0.000    544  
  cop_0152_lp_s2      2.04390      0.000    822  
  cop_0153_lp_s2      5.63980      0.000    325  
  cop_0154_lp_s2     17.67277      0.000    154  
  cop_0155_lp_s2      3.52811      0.000    470  
  cop_0156_lp_s2      1.83818      0.000    852  
  cop_0157_lp_s2      1.65504      0.000    930  
  cop_0158_lp_s2     12.25248      0.000    346  
  cop_0159_lp_s2      6.44663      0.000    204  
  cop_0160_lp_s2      7.64482      0.000    111  
  cop_0161_lp_s2      2.10116      0.000    809  
  cop_0162_lp_s2      2.28796      0.000    649  
  cop_0163_lp_s2      5.35563      0.000    284  
  cop_0164_lp_s2      6.94661      0.000    187  
  cop_0165_lp_s2      1.84663      0.000    860  
  cop_0166_lp_s2      1.53719      0.000    965  
  cop_0167_lp_s2     10.81620      0.000    142  
  cop_0168_lp_s2      9.65245      0.000     58  
  cop_0169_lp_s2      1.96229      0.000    815  
  cop_0170_lp_s2      2.70474      0.000    690  
  cop_0171_lp_s2      2.08183      0.000    775  
  cop_0172_lp_s2      1.59779      0.000    951  
  cop_0173_lp_s2      1.83960      0.000    887  
  cop_0174_lp_s2      3.27461      0.000    463  
  cop_0175_lp_s2      5.40034      0.000     87  
  cop_0176_lp_s2      2.35378      0.000    677  
  cop_0177_lp_s2      3.49517      0.000    302  
  cop_0178_lp_s2      5.64008      0.000    225  
  cop_0179_lp_s2      2.48398      0.000    721  
  cop_0180_lp_s2      2.68970      0.000    676  
  cop_0181_lp_s2      3.21699      0.000    519  
  cop_0182_lp_s2      2.41288      0.000    670  
  cop_0183_lp_s2      1.63664      0.000    936  
  cop_0184_lp_s2     15.15929      0.000     39  
  cop_0185_lp_s2      2.23222      0.000    657  
  cop_0186_lp_s2      1.88209      0.000    811  
  cop_0187_lp_s2      2.24376      0.000    702  
  cop_0188_lp_s2      5.34518      0.000    185  
  cop_0189_lp_s2      3.16021      0.000    194  
  cop_0190_lp_s2      4.61487      0.000    317  
  cop_0191_lp_s2      1.30139      0.193    999  yes
  cop_0192_lp_s2      3.40756      0.000    312  
  cop_0193_lp_s2      2.61374      0.000    600  
  cop_0194_lp_s2      2.32265      0.000    684  
  cop_0195_lp_s2      3.46701      0.000    471  
  cop_0196_lp_s2      2.82502      0.000    627  
  cop_0197_lp_s2      3.65475      0.000    442  
  cop_0198_lp_s2      3.82740      0.000    293  
  cop_0199_lp_s2      2.57613      0.000    515  
  cop_0200_lp_s2      2.21727      0.000    770  
  cop_0201_lp_s2      2.19986      0.000    745  
  cop_0202_lp_s2     14.19743      0.000    366  
  cop_0203_lp_s2      3.18508      0.000    251  
  cop_0204_lp_s2      2.83877      0.000    576  
  cop_0205_lp_s2      1.53623      0.000    963  
  cop_0206_lp_s2     10.91196      0.000     41  
  cop_0207_lp_s2      2.03605      0.000    838  
  cop_0208_lp_s2      4.43087      0.000    291  
  cop_0209_lp_s2      4.62126      0.000     93  
  cop_0210_lp_s2      3.21160      0.000    353  
  cop_0211_lp_s2      1.57635      0.000    944  
  cop_0212_lp_s2     15.75189      0.000     51  
  cop_0213_lp_s2      1.63795      0.000    945  
  cop_0214_lp_s2     56.52389      0.000    158  
  cop_0215_lp_s2      4.18703      0.000    106  
  cop_0216_lp_s2      3.80464      0.000    417  
  cop_0217_lp_s2      6.24970      0.000    343  
  cop_0218_lp_s2      2.98720      0.000    613  
  cop_0219_lp_s2    212.75759      0.000      1  
  cop_0220_lp_s2      1.92228      0.000    855  
  cop_0221_lp_s2      3.11968      0.000    636  
  cop_0222_lp_s2      3.74538      0.000    374  
  cop_0223_lp_s2      5.50889      0.000     20  
  cop_0224_lp_s2      3.86112      0.000    413  
  cop_0225_lp_s2      2.74478      0.000    385  
  cop_0226_lp_s2      1.79104      0.000    864  
  cop_0227_lp_s2      2.27571      0.000    730  
  cop_0228_lp_s2      2.10701      0.000    736  
  cop_0229_lp_s2     10.84615      0.000    112  
  cop_0230_lp_s2    163.20920      0.000    189  
  cop_0231_lp_s2      1.57182      0.000    960  
  cop_0232_lp_s2      2.29858      0.000    633  
  cop_0233_lp_s2      3.89805      0.000    165  
  cop_0234_lp_s2      3.42569      0.000    493  
  cop_0235_lp_s2      4.37741      0.000    245  
  cop_0236_lp_s2      2.10479      0.000    715  
  cop_0237_lp_s2      2.72037      0.000    438  
  cop_0238_lp_s2      4.31893      0.000    357  
  cop_0239_lp_s2      2.28454      0.000    653  
  cop_0240_lp_s2      1.64680      0.000    927  
  cop_0241_lp_s2      1.40521      0.000    986  
  cop_0242_lp_s2      4.11486      0.000    179  
  cop_0243_lp_s2      2.31784      0.000    599  
  cop_0244_lp_s2      7.32737      0.000    222  
  cop_0245_lp_s2      8.47248      0.000     85  
  cop_0246_lp_s2      3.45830      0.000    479  
  cop_0247_lp_s2      3.32190      0.000    541  
  cop_0248_lp_s2      3.09814      0.000    393  
  cop_0249_lp_s2      2.20285      0.000    691  
  cop_0250_lp_s2      2.73826      0.000    612  
  cop_0251_lp_s2      5.50346      0.000    150  
  cop_0252_lp_s2      2.29955      0.000    737  
  cop_0253_lp_s2     23.04638      0.000    116  
  cop_0254_lp_s2      2.08365      0.000    742  
  cop_0255_lp_s2      1.67994      0.000    915  
  cop_0256_lp_s2      1.94816      0.000    823  
  cop_0257_lp_s2     40.86490      0.000     44  
  cop_0258_lp_s2      3.09959      0.000    408  
  cop_0259_lp_s2      4.05536      0.000    250  
  cop_0260_lp_s2      3.26281      0.000    524  
  cop_0261_lp_s2      3.99091      0.000    134  
  cop_0262_lp_s2     20.29444      0.000     48  
  cop_0263_lp_s2     11.07678      0.000     21  
  cop_0264_lp_s2      3.19654      0.000    513  
  cop_0265_lp_s2      2.33788      0.000    710  
  cop_0266_lp_s2      8.65366      0.000    390  
  cop_0267_lp_s2      2.24161      0.000    752  
  cop_0268_lp_s2      2.72228      0.000    606  
  cop_0269_lp_s2      1.58961      0.000    943  
  cop_0270_lp_s2      5.80963      0.000    201  
  cop_0271_lp_s2      5.33763      0.000    137  
  cop_0272_lp_s2      3.35812      0.000    397  
  cop_0273_lp_s2      4.20371      0.000    162  
  cop_0274_lp_s2      2.03707      0.000    821  
  cop_0275_lp_s2      5.97172      0.000     77  
  cop_0276_lp_s2      7.04504      0.000     79  
  cop_0277_lp_s2      2.45482      0.000    694  
  cop_0278_lp_s2      5.66454      0.000    237  
  cop_0279_lp_s2      5.32578      0.000    300  
  cop_0280_lp_s2      2.98869      0.000    535  
  cop_0281_lp_s2      1.65480      0.000    908  
  cop_0282_lp_s2      2.53381      0.000    554  
  cop_0283_lp_s2      4.54244      0.000    163  
  cop_0284_lp_s2      2.97486      0.000    580  
  cop_0285_lp_s2      1.49964      0.000    974  
  cop_0286_lp_s2      5.78350      0.000    161  
  cop_0287_lp_s2      9.09891      0.000    159  
  cop_0288_lp_s2      2.41561      0.000    693  
  cop_0289_lp_s2      2.64395      0.000    705  
  cop_0290_lp_s2      6.01528      0.000    199  
  cop_0291_lp_s2      5.81579      0.000    268  
  cop_0292_lp_s2      2.86305      0.000    650  
  cop_0293_lp_s2      2.72663      0.000    420  
  cop_0294_lp_s2      2.93419      0.000    330  
  cop_0295_lp_s2      4.90783      0.000    421  
  cop_0296_lp_s2      3.89188      0.000    360  
  cop_0297_lp_s2     31.99228      0.000      8  
  cop_0298_lp_s2      1.58762      0.000    929  
  cop_0299_lp_s2      1.84836      0.000    876  
  cop_0300_lp_s2     11.55392      0.000    115  
  cop_0301_lp_s2      4.09218      0.000    342  
  cop_0302_lp_s2      1.93170      0.000    818  
  cop_0303_lp_s2      4.53419      0.000    104  
  cop_0304_lp_s2      5.84974      0.000     74  
  cop_0305_lp_s2      5.10410      0.000    415  
  cop_0306_lp_s2      2.32440      0.000    663  
  cop_0307_lp_s2      3.82707      0.000     68  
  cop_0308_lp_s2     29.67827      0.000    110  
  cop_0309_lp_s2      3.38697      0.000    450  
  cop_0310_lp_s2      2.77874      0.000    559  
  cop_0311_lp_s2      4.68367      0.000    275  
  cop_0312_lp_s2      2.13278      0.000    746  
  cop_0313_lp_s2      3.11311      0.000    590  
  cop_0314_lp_s2      2.92775      0.000    455  
  cop_0315_lp_s2      4.49211      0.000     98  
  cop_0316_lp_s2      2.66575      0.000    601  
  cop_0317_lp_s2      1.66131      0.000    925  
  cop_0318_lp_s2      2.99363      0.000    622  
  cop_0319_lp_s2      2.86392      0.000    610  
  cop_0320_lp_s2      1.70199      0.000    899  
  cop_0321_lp_s2      1.97734      0.000    777  
  cop_0322_lp_s2      5.35996      0.000    435  
  cop_0323_lp_s2     93.07588      0.000     55  
  cop_0324_lp_s2      4.40133      0.000    424  
  cop_0325_lp_s2     12.22677      0.000    139  
  cop_0326_lp_s2      7.46196      0.000    230  
  cop_0327_lp_s2     15.08753      0.000     64  
  cop_0328_lp_s2      4.91189      0.000    181  
  cop_0329_lp_s2     39.00754      0.000     26  
  cop_0330_lp_s2      4.07516      0.000    441  
  cop_0331_lp_s2      3.62003      0.000    491  
  cop_0332_lp_s2      8.65395      0.000     67  
  cop_0333_lp_s2     10.70542      0.000    255  
  cop_0334_lp_s2      2.22463      0.000    755  
  cop_0335_lp_s2      1.81367      0.000    867  
  cop_0336_lp_s2      3.38195      0.000    498  
  cop_0337_lp_s2      1.98665      0.000    800  
  cop_0338_lp_s2      1.67117      0.000    949  
  cop_0339_lp_s2      2.90808      0.000    564  
  cop_0340_lp_s2      4.35507      0.000    448  
  cop_0341_lp_s2      4.21642      0.000    411  
  cop_0342_lp_s2      5.02710      0.000    367  
  cop_0343_lp_s2      1.82992      0.000    865  
  cop_0344_lp_s2      4.52032      0.000    459  
  cop_0345_lp_s2      3.49053      0.000    394  
  cop_0346_lp_s2      2.05073      0.000    756  
  cop_0347_lp_s2      1.40581      0.000    988  
  cop_0348_lp_s2      1.69216      0.000    892  
  cop_0349_lp_s2      1.80467      0.000    873  
  cop_0350_lp_s2      2.06431      0.000    731  
  cop_0351_lp_s2      1.67366      0.000    922  
  cop_0352_lp_s2      3.11942      0.000    607  
  cop_0353_lp_s2      1.76573      0.000    896  
  cop_0354_lp_s2      7.49959      0.000    180  
  cop_0355_lp_s2      2.63845      0.000    505  
  cop_0356_lp_s2      1.30923      0.164    998  yes
  cop_0357_lp_s2      3.50190      0.000    451  
  cop_0358_lp_s2      3.60842      0.000    506  
  cop_0359_lp_s2      6.43714      0.000    131  
  cop_0360_lp_s2      5.13720      0.000    240  
  cop_0361_lp_s2      1.92232      0.000    807  
  cop_0362_lp_s2     22.76889      0.000    177  
  cop_0363_lp_s2      3.20702      0.000    381  
  cop_0364_lp_s2      2.02572      0.000    808  
  cop_0365_lp_s2      7.93618      0.000    282  
  cop_0366_lp_s2     11.80427      0.000    233  
  cop_0367_lp_s2      1.69762      0.000    912  
  cop_0368_lp_s2      1.83868      0.000    882  
  cop_0369_lp_s2      1.78219      0.000    877  
  cop_0370_lp_s2      4.66379      0.000    294  
  cop_0371_lp_s2      3.52488      0.000    478  
  cop_0372_lp_s2      4.04983      0.000    328  
  cop_0373_lp_s2      2.99367      0.000    551  
  cop_0374_lp_s2      1.72728      0.000    888  
  cop_0375_lp_s2     25.19432      0.000     66  
  cop_0376_lp_s2      4.68570      0.000    423  
  cop_0377_lp_s2      2.05603      0.000    802  
  cop_0378_lp_s2      2.45846      0.000    581  
  cop_0379_lp_s2      7.83447      0.000     59  
  cop_0380_lp_s2      6.62751      0.000    259  
  cop_0381_lp_s2     17.34209      0.000    103  
  cop_0382_lp_s2      2.31747      0.000    631  
  cop_0383_lp_s2      4.01950      0.000    375  
  cop_0384_lp_s2      4.73826      0.000    383  
  cop_0385_lp_s2      4.45545      0.000     72  
  cop_0386_lp_s2      2.73760      0.000    634  
  cop_0387_lp_s2      9.42555      0.000     54  
  cop_0388_lp_s2     20.88984      0.000     10  
  cop_0389_lp_s2     34.25536      0.000      9  
  cop_0390_lp_s2      1.88377      0.000    832  
  cop_0391_lp_s2     16.40402      0.000     45  
  cop_0392_lp_s2      3.01178      0.000    483  
  cop_0393_lp_s2      9.18635      0.000    136  
  cop_0394_lp_s2      5.32055      0.000     38  
  cop_0395_lp_s2      2.78688      0.000    578  
  cop_0396_lp_s2      1.69569      0.000    903  
  cop_0397_lp_s2      1.66115      0.000    916  
  cop_0398_lp_s2      4.27751      0.000    410  
  cop_0399_lp_s2      1.71171      0.000    913  
  cop_0400_lp_s2      2.26817      0.000    701  
  cop_0401_lp_s2      3.16791      0.000    568  
  cop_0402_lp_s2      5.67713      0.000     82  
  cop_0403_lp_s2      2.63879      0.000    508  
  cop_0404_lp_s2      5.01168      0.000    257  
  cop_0405_lp_s2      7.45751      0.000    273  
  cop_0406_lp_s2      4.42946      0.000    213  
  cop_0407_lp_s2      3.44823      0.000    485  
  cop_0408_lp_s2      2.48455      0.000    661  
  cop_0409_lp_s2      4.15153      0.000    477  
  cop_0410_lp_s2      1.37749      0.000    991  
  cop_0411_lp_s2    243.24995      0.000      6  
  cop_0412_lp_s2     11.02688      0.000      7  
  cop_0413_lp_s2      1.73185      0.000    894  
  cop_0414_lp_s2      8.44470      0.000    122  
  cop_0415_lp_s2      5.20948      0.000    151  
  cop_0416_lp_s2      3.54222      0.000    216  
  cop_0417_lp_s2      3.00220      0.000    316  
  cop_0418_lp_s2      5.32184      0.000    266  
  cop_0419_lp_s2      6.97090      0.000    354  
  cop_0420_lp_s2      5.05970      0.000    274  
  cop_0421_lp_s2      3.40915      0.000    431  
  cop_0422_lp_s2      1.55453      0.000    970  
  cop_0423_lp_s2      1.74759      0.000    884  
  cop_0424_lp_s2      1.70110      0.000    911  
  cop_0425_lp_s2     11.60574      0.000     32  
  cop_0426_lp_s2      1.47220      0.000    978  
  cop_0427_lp_s2      5.52245      0.000     95  
  cop_0428_lp_s2      1.84977      0.000    870  
  cop_0429_lp_s2      1.55973      0.000    959  
  cop_0430_lp_s2      2.76683      0.000    409  
  cop_0431_lp_s2      2.17611      0.000    662  
  cop_0432_lp_s2      2.66006      0.000    655  
  cop_0433_lp_s2      3.23364      0.000    276  
  cop_0434_lp_s2      5.14914      0.000    454  
  cop_0435_lp_s2      1.55826      0.000    964  
  cop_0436_lp_s2      2.24492      0.000    747  
  cop_0437_lp_s2      1.30961      0.164    997  yes
  cop_0438_lp_s2      2.56966      0.000    592  
  cop_0439_lp_s2      2.19215      0.000    751  
  cop_0440_lp_s2      1.96735      0.000    784  
  cop_0441_lp_s2      2.53776      0.000    678  
  cop_0442_lp_s2      2.25380      0.000    709  
  cop_0443_lp_s2      2.02665      0.000    771  
  cop_0444_lp_s2      1.75297      0.000    880  
  cop_0445_lp_s2      2.64006      0.000    516  
  cop_0446_lp_s2     43.86351      0.000      5  
  cop_0447_lp_s2      3.46267      0.000    403  
  cop_0448_lp_s2      3.52599      0.000    323  
  cop_0449_lp_s2      5.80437      0.000     29  
  cop_0450_lp_s2      1.93746      0.000    782  
  cop_0451_lp_s2      3.25205      0.000    605  
  cop_0452_lp_s2      3.57631      0.000    404  
  cop_0453_lp_s2      2.44863      0.000    699  
  cop_0454_lp_s2      4.78265      0.000    156  
  cop_0455_lp_s2      7.08048      0.000    378  
  cop_0456_lp_s2      5.45706      0.000    376  
  cop_0457_lp_s2      1.54667      0.000    966  
  cop_0458_lp_s2      2.12076      0.000    773  
  cop_0459_lp_s2      2.03928      0.000    765  
  cop_0460_lp_s2      1.96500      0.000    820  
  cop_0461_lp_s2      8.51867      0.000     15  
  cop_0462_lp_s2      3.08689      0.000    428  
  cop_0463_lp_s2      3.27429      0.000    518  
  cop_0464_lp_s2      2.26095      0.000    753  
  cop_0465_lp_s2      2.31103      0.000    704  
  cop_0466_lp_s2      1.73936      0.000    875  
  cop_0467_lp_s2      2.31084      0.000    575  
  cop_0468_lp_s2      4.51309      0.000     90  
  cop_0469_lp_s2      1.93595      0.000    844  
  cop_0470_lp_s2      3.10071      0.000    502  
  cop_0471_lp_s2      3.46571      0.000    253  
  cop_0472_lp_s2      4.27446      0.000    482  
  cop_0473_lp_s2      3.16101      0.000    446  
  cop_0474_lp_s2      2.65000      0.000    589  
  cop_0475_lp_s2      4.97562      0.000    215  
  cop_0476_lp_s2      2.49054      0.000    563  
  cop_0477_lp_s2      1.74464      0.000    893  
  cop_0478_lp_s2      1.61590      0.000    931  
  cop_0479_lp_s2      2.09242      0.000    814  
  cop_0480_lp_s2      1.90708      0.000    843  
  cop_0481_lp_s2      1.95038      0.000    850  
  cop_0482_lp_s2      2.17800      0.000    757  
  cop_0483_lp_s2      3.22966      0.000    292  
  cop_0484_lp_s2      5.28714      0.000    278  
  cop_0485_lp_s2      4.38085      0.000    543  
  cop_0486_lp_s2     12.46880      0.000    286  
  cop_0487_lp_s2      7.50828      0.000    269  
  cop_0488_lp_s2      6.02255      0.000    304  
  cop_0489_lp_s2      2.53194      0.000    577  
  cop_0490_lp_s2      4.97799      0.000    355  
  cop_0491_lp_s2      7.19501      0.000    262  
  cop_0492_lp_s2      4.36846      0.000    336  
  cop_0493_lp_s2      3.39958      0.000    503  
  cop_0494_lp_s2      1.80551      0.000    886  
  cop_0495_lp_s2      3.59727      0.000    436  
  cop_0496_lp_s2      5.13524      0.000    220  
  cop_0497_lp_s2      2.50300      0.000    719  
  cop_0498_lp_s2      2.16207      0.000    766  
  cop_0499_lp_s2      3.47225      0.000    326  
  cop_0500_lp_s2      2.00329      0.000    846  
  cop_0501_lp_s2      2.19404      0.000    692  
  cop_0502_lp_s2      2.21973      0.000    739  
  cop_0503_lp_s2      1.86227      0.000    874  
  cop_0504_lp_s2      3.23586      0.000    200  
  cop_0505_lp_s2      3.07751      0.000    313  
  cop_0506_lp_s2      3.66174      0.000    458  
  cop_0507_lp_s2      2.91479      0.000    619  
  cop_0508_lp_s2      6.27081      0.000    221  
  cop_0509_lp_s2      2.10406      0.000    750  
  cop_0510_lp_s2      1.54714      0.000    953  
  cop_0511_lp_s2     21.56981      0.000    337  
  cop_0512_lp_s2      2.57756      0.000    603  
  cop_0513_lp_s2      2.13454      0.000    833  
  cop_0514_lp_s2      2.04422      0.000    790  
  cop_0515_lp_s2      3.36874      0.000    285  
  cop_0516_lp_s2      1.82649      0.000    885  
  cop_0517_lp_s2      6.12044      0.000    127  
  cop_0518_lp_s2      2.26545      0.000    738  
  cop_0519_lp_s2      1.42856      0.000    983  
  cop_0520_lp_s2      2.17185      0.000    786  
  cop_0521_lp_s2      4.55578      0.000    349  
  cop_0522_lp_s2      3.74227      0.000    197  
  cop_0523_lp_s2      1.85660      0.000    840  
  cop_0524_lp_s2      2.80549      0.000    557  
  cop_0525_lp_s2      1.99498      0.000    763  
  cop_0526_lp_s2      1.44731      0.000    984  
  cop_0527_lp_s2      1.58425      0.000    950  
  cop_0528_lp_s2      7.44796      0.000     83  
  cop_0529_lp_s2      2.22617      0.000    733  
  cop_0530_lp_s2      3.76795      0.000    344  
  cop_0531_lp_s2      2.06965      0.000    772  
  cop_0532_lp_s2      7.91735      0.000    260  
  cop_0533_lp_s2      1.61779      0.000    933  
  cop_0534_lp_s2      1.50016      0.000    972  
  cop_0535_lp_s2     10.75251      0.000    263  
  cop_0536_lp_s2      2.17774      0.000    698  
  cop_0537_lp_s2      4.30014      0.000    309  
  cop_0538_lp_s2      1.55078      0.000    961  
  cop_0539_lp_s2      4.48289      0.000    324  
  cop_0540_lp_s2      2.36553      0.000    628  
  cop_0541_lp_s2      2.69344      0.000    641  
  cop_0542_lp_s2      2.18650      0.000    673  
  cop_0543_lp_s2      3.42488      0.000    528  
  cop_0544_lp_s2      2.36492      0.000    734  
  cop_0545_lp_s2      2.82496      0.000    504  
  cop_0546_lp_s2      3.36209      0.000    252  
  cop_0547_lp_s2      3.08726      0.000    536  
  cop_0548_lp_s2     13.28111      0.000     96  
  cop_0549_lp_s2     78.05736      0.000     28  
  cop_0550_lp_s2      7.20211      0.000    144  
  cop_0551_lp_s2      4.79312      0.000    306  
  cop_0552_lp_s2      1.54299      0.000    975  
  cop_0553_lp_s2      1.88481      0.000    839  
  cop_0554_lp_s2      1.60240      0.000    917  
  cop_0555_lp_s2      2.23878      0.000    683  
  cop_0556_lp_s2      2.37282      0.000    643  
  cop_0557_lp_s2      4.88410      0.000    494  
  cop_0558_lp_s2     10.98482      0.000    192  
  cop_0559_lp_s2      4.08796      0.000    288  
  cop_0560_lp_s2      6.03766      0.000    261  
  cop_0561_lp_s2      2.44785      0.000    783  
  cop_0562_lp_s2     40.10102      0.000     80  
  cop_0563_lp_s2      4.57055      0.000    234  
  cop_0564_lp_s2      2.78042      0.000    611  
  cop_0565_lp_s2      3.42758      0.000    307  
  cop_0566_lp_s2      2.26045      0.000    696  
  cop_0567_lp_s2      7.75630      0.000    319  
  cop_0568_lp_s2      2.89356      0.000    416  
  cop_0569_lp_s2      4.40028      0.000    418  
  cop_0570_lp_s2      2.12993      0.000    725  
  cop_0571_lp_s2      2.47790      0.000    717  
  cop_0572_lp_s2     11.66491      0.000     97  
  cop_0573_lp_s2      5.11856      0.000    270  
  cop_0574_lp_s2      1.87441      0.000    824  
  cop_0575_lp_s2      2.16068      0.000    761  
  cop_0576_lp_s2      3.26295      0.000    392  
  cop_0577_lp_s2      1.82217      0.000    890  
  cop_0578_lp_s2      3.89143      0.000    453  
  cop_0579_lp_s2      9.20415      0.000     42  
  cop_0580_lp_s2      5.42180      0.000    191  
  cop_0581_lp_s2      2.86755      0.000    639  
  cop_0582_lp_s2      9.53785      0.000     78  
  cop_0583_lp_s2      6.69344      0.000    243  
  cop_0584_lp_s2      7.32600      0.000     69  
  cop_0585_lp_s2      4.00660      0.000    296  
  cop_0586_lp_s2      2.39560      0.000    645  
  cop_0587_lp_s2      3.65951      0.000    464  
  cop_0588_lp_s2      4.35295      0.000    171  
  cop_0589_lp_s2      4.62466      0.000    359  
  cop_0590_lp_s2      4.72070      0.000    152  
  cop_0591_lp_s2     19.11306      0.000    339  
  cop_0592_lp_s2      2.87165      0.000    480  
  cop_0593_lp_s2      1.36092      0.000    995  
  cop_0594_lp_s2      2.38135      0.000    651  
  cop_0595_lp_s2      3.09126      0.000    539  
  cop_0596_lp_s2      1.87876      0.000    866  
  cop_0597_lp_s2      2.07997      0.000    789  
  cop_0598_lp_s2      1.56646      0.000    956  
  cop_0599_lp_s2      2.74884      0.000    521  
  cop_0600_lp_s2      2.51062      0.000    644  
  cop_0601_lp_s2      3.37541      0.000    526  
  cop_0602_lp_s2      5.25727      0.000    287  
  cop_0603_lp_s2      4.76373      0.000    105  
  cop_0604_lp_s2      1.98253      0.000    806  
  cop_0605_lp_s2      5.36521      0.000    224  
  cop_0606_lp_s2      3.25175      0.000    445  
  cop_0607_lp_s2      7.75778      0.000    203  
  cop_0608_lp_s2      7.78632      0.000     63  
  cop_0609_lp_s2      7.13783      0.000    290  
  cop_0610_lp_s2      6.25175      0.000    461  
  cop_0611_lp_s2      3.15057      0.000    570  
  cop_0612_lp_s2      6.27096      0.000     94  
  cop_0613_lp_s2      3.93157      0.000    232  
  cop_0614_lp_s2      3.36409      0.000    388  
  cop_0615_lp_s2      1.80520      0.000    856  
  cop_0616_lp_s2      3.28102      0.000    419  
  cop_0617_lp_s2      2.73916      0.000    569  
  cop_0618_lp_s2      4.89497      0.000    363  
  cop_0619_lp_s2      2.66690      0.000    473  
  cop_0620_lp_s2      2.25091      0.000    713  
  cop_0621_lp_s2      5.76882      0.000     36  
  cop_0622_lp_s2      1.73113      0.000    926  
  cop_0623_lp_s2      3.81597      0.000    456  
  cop_0624_lp_s2      2.11320      0.000    740  
  cop_0625_lp_s2      2.34794      0.000    654  
  cop_0626_lp_s2     10.68473      0.000    170  
  cop_0627_lp_s2      2.85780      0.000    338  
  cop_0628_lp_s2      1.71905      0.000    904  
  cop_0629_lp_s2      2.05905      0.000    769  
  cop_0630_lp_s2      3.58046      0.000    433  
  cop_0631_lp_s2      2.46940      0.000    716  
  cop_0632_lp_s2      7.75366      0.000     25  
  cop_0633_lp_s2      2.56773      0.000    671  
  cop_0634_lp_s2      1.70485      0.000    902  
  cop_0635_lp_s2      2.20907      0.000    697  
  cop_0636_lp_s2      4.35978      0.000    247  
  cop_0637_lp_s2     28.04790      0.000    351  
  cop_0638_lp_s2      3.20434      0.000    476  
  cop_0639_lp_s2      2.99337      0.000    496  
  cop_0640_lp_s2      3.78004      0.000    377  
  cop_0641_lp_s2      2.47021      0.000    597  
  cop_0642_lp_s2      1.57667      0.000    952  
  cop_0643_lp_s2      2.14416      0.000    732  
  cop_0644_lp_s2      2.87818      0.000    533  
  cop_0645_lp_s2      2.87260      0.000    440  
  cop_0646_lp_s2      2.18157      0.000    723  
  cop_0647_lp_s2      2.18623      0.000    708  
  cop_0648_lp_s2    147.93567      0.000      2  
  cop_0649_lp_s2      3.18418      0.000    565  
  cop_0650_lp_s2      2.10088      0.000    787  
  cop_0651_lp_s2      4.27666      0.000    239  
  cop_0652_lp_s2      1.64486      0.000    905  
  cop_0653_lp_s2      2.56246      0.000    637  
  cop_0654_lp_s2      1.37889      0.000    992  
  cop_0655_lp_s2      7.31915      0.000     22  
  cop_0656_lp_s2      5.12192      0.000     24  
  cop_0657_lp_s2      9.03702      0.000     23  
  cop_0658_lp_s2      4.97549      0.000    303  
  cop_0659_lp_s2      3.70725      0.000    228  
  cop_0660_lp_s2      1.58115      0.000    939  
  cop_0661_lp_s2      1.61869      0.000    942  
  cop_0662_lp_s2      5.46443      0.000     53  
  cop_0663_lp_s2      4.17005      0.000    173  
  cop_0664_lp_s2      1.92803      0.000    796  
  cop_0665_lp_s2      1.55239      0.000    967  
  cop_0666_lp_s2      2.71688      0.000    558  
  cop_0667_lp_s2      2.54594      0.000    689  
  cop_0668_lp_s2      2.69530      0.000    591  
  cop_0669_lp_s2      4.51821      0.000    176  
  cop_0670_lp_s2     33.27392      0.000    123  
  cop_0671_lp_s2      3.05824      0.000    402  
  cop_0672_lp_s2      2.77939      0.000    475  
  cop_0673_lp_s2      1.89095      0.000    795  
  cop_0674_lp_s2      5.56569      0.000    248  
  cop_0675_lp_s2      7.03805      0.000    352  
  cop_0676_lp_s2      3.62638      0.000    332  
  cop_0677_lp_s2      7.83894      0.000    311  
  cop_0678_lp_s2      3.50118      0.000    184  
  cop_0679_lp_s2     46.86120      0.000    133  
  cop_0680_lp_s2      4.19628      0.000     99  
  cop_0681_lp_s2      5.49551      0.000     65  
  cop_0682_lp_s2      3.32291      0.000    322  
  cop_0683_lp_s2      1.92782      0.000    845  
  cop_0684_lp_s2      1.78278      0.000    869  
  cop_0685_lp_s2      1.97072      0.000    816  
  cop_0686_lp_s2      1.76067      0.000    878  
  cop_0687_lp_s2      5.83507      0.000    298  
  cop_0688_lp_s2      2.47498      0.000    672  
  cop_0689_lp_s2      2.04986      0.000    718  
  cop_0690_lp_s2     22.64452      0.000     89  
  cop_0691_lp_s2      1.65945      0.000    920  
  cop_0692_lp_s2      1.70908      0.000    901  
  cop_0693_lp_s2      3.38751      0.000    146  
  cop_0694_lp_s2      1.93177      0.000    793  
  cop_0695_lp_s2      8.40642      0.000     40  
  cop_0696_lp_s2      1.56305      0.000    962  
  cop_0697_lp_s2      1.91043      0.000    801  
  cop_0698_lp_s2      3.89871      0.000    387  
  cop_0699_lp_s2      7.27309      0.000    329  
  cop_0700_lp_s2      9.64899      0.000    117  
  cop_0701_lp_s2      6.99190      0.000    236  
  cop_0702_lp_s2      1.44512      0.000    981  
  cop_0703_lp_s2      3.10462      0.000    514  
  cop_0704_lp_s2     24.85977      0.000    277  
  cop_0705_lp_s2      2.59856      0.000    674  
  cop_0706_lp_s2      3.06674      0.000    500  
  cop_0707_lp_s2      2.10602      0.000    794  
  cop_0708_lp_s2      1.48516      0.000    977  
  cop_0709_lp_s2      7.84102      0.000    140  
  cop_0710_lp_s2      4.91935      0.000    358  
  cop_0711_lp_s2      2.17345      0.000    682  
  cop_0712_lp_s2      1.94931      0.000    834  
  cop_0713_lp_s2      2.43800      0.000    531  
  cop_0714_lp_s2      5.59902      0.000    400  
  cop_0715_lp_s2      1.77876      0.000    914  
  cop_0716_lp_s2      5.94913      0.000    327  
  cop_0717_lp_s2      1.35682      0.000    994  
  cop_0718_lp_s2      5.36120      0.000    138  
  cop_0719_lp_s2      3.24783      0.000    489  
  cop_0720_lp_s2      1.54903      0.000    971  
  cop_0721_lp_s2      5.20191      0.000    196  
  cop_0722_lp_s2      5.26743      0.000    391  
  cop_0723_lp_s2      2.81756      0.000    481  
  cop_0724_lp_s2      3.20228      0.000    356  
  cop_0725_lp_s2      1.97472      0.000    797  
  cop_0726_lp_s2      3.08577      0.000    546  
  cop_0727_lp_s2      1.87354      0.000    863  
  cop_0728_lp_s2      2.59068      0.000    664  
  cop_0729_lp_s2      2.39968      0.000    646  
  cop_0730_lp_s2      4.06291      0.000    135  
  cop_0731_lp_s2      1.99755      0.000    805  
  cop_0732_lp_s2      5.10456      0.000    153  
  cop_0733_lp_s2      3.67907      0.000    555  
  cop_0734_lp_s2      6.53047      0.000    109  
  cop_0735_lp_s2      2.24421      0.000    779  
  cop_0736_lp_s2      2.11576      0.000    803  
  cop_0737_lp_s2      9.45328      0.000     76  
  cop_0738_lp_s2      2.15878      0.000    712  
  cop_0739_lp_s2     14.51492      0.000    175  
  cop_0740_lp_s2      1.52174      0.000    973  
  cop_0741_lp_s2      1.99103      0.000    768  
  cop_0742_lp_s2      2.11827      0.000    812  
  cop_0743_lp_s2      3.89598      0.000    295  
  cop_0744_lp_s2      4.30190      0.000    113  
  cop_0745_lp_s2      3.95587      0.000    169  
  cop_0746_lp_s2      3.92895      0.000    227  
  cop_0747_lp_s2      6.18879      0.000    314  
  cop_0748_lp_s2      2.45986      0.000    669  
  cop_0749_lp_s2      2.95339      0.000    550  
  cop_0750_lp_s2      1.71842      0.000    906  
  cop_0751_lp_s2      1.59491      0.000    934  
  cop_0752_lp_s2      8.03271      0.000     34  
  cop_0753_lp_s2      3.67063      0.000    347  
  cop_0754_lp_s2      5.65638      0.000     92  
  cop_0755_lp_s2      4.42293      0.000    164  
  cop_0756_lp_s2      2.12352      0.000    798  
  cop_0757_lp_s2      2.57056      0.000    686  
  cop_0758_lp_s2      2.68949      0.000    414  
  cop_0759_lp_s2      3.42709      0.000    427  
  cop_0760_lp_s2      4.71358      0.000    395  
  cop_0761_lp_s2      3.73027      0.000    244  
  cop_0762_lp_s2      3.22814      0.000    525  
  cop_0763_lp_s2      2.04767      0.000    819  
  cop_0764_lp_s2      2.19428      0.000    813  
  cop_0765_lp_s2      2.64493      0.000    620  
  cop_0766_lp_s2      2.86243      0.000    556  
  cop_0767_lp_s2      6.62898      0.000    188  
  cop_0768_lp_s2    103.88166      0.000     11  
  cop_0769_lp_s2      2.30512      0.000    685  
  cop_0770_lp_s2      2.30314      0.000    623  
  cop_0771_lp_s2      3.75990      0.000    368  
  cop_0772_lp_s2      1.61255      0.000    919  
  cop_0773_lp_s2      1.42411      0.000    985  
  cop_0774_lp_s2      1.88940      0.000    868  
  cop_0775_lp_s2      3.77095      0.000    545  
  cop_0776_lp_s2      3.26257      0.000    547  
  cop_0777_lp_s2      1.63549      0.000    937  
  cop_0778_lp_s2      2.54408      0.000    660  
  cop_0779_lp_s2      1.96314      0.000    831  
  cop_0780_lp_s2      1.98895      0.000    830  
  cop_0781_lp_s2      4.16035      0.000    398  
  cop_0782_lp_s2      1.92057      0.000    760  
  cop_0783_lp_s2      7.57983      0.000    121  
  cop_0784_lp_s2      1.96845      0.000    851  
  cop_0785_lp_s2      7.54804      0.000    128  
  cop_0786_lp_s2      6.57150      0.000    497  
  cop_0787_lp_s2     22.08381      0.000    265  
  cop_0788_lp_s2      5.36822      0.000    412  
  cop_0789_lp_s2      3.09775      0.000    501  
  cop_0790_lp_s2      4.83548      0.000    281  
  cop_0791_lp_s2      3.35250      0.000    553  
  cop_0792_lp_s2      6.13754      0.000    129  
  cop_0793_lp_s2      2.44027      0.000    665  
  cop_0794_lp_s2      2.08992      0.000    735  
  cop_0795_lp_s2      2.80620      0.000    490  
  cop_0796_lp_s2      1.72736      0.000    897  
  cop_0797_lp_s2      3.67797      0.000    467  
  cop_0798_lp_s2      2.56140      0.000    714  
  cop_0799_lp_s2      3.34694      0.000    308  
  cop_0800_lp_s2      2.49900      0.000    658  
  cop_0801_lp_s2      1.46793      0.000    982  
  cop_0802_lp_s2      2.03124      0.000    776  
  cop_0803_lp_s2      1.82250      0.000    837  
  cop_0804_lp_s2      2.57584      0.000    585  
  cop_0805_lp_s2      2.44787      0.000    667  
  cop_0806_lp_s2      2.65147      0.000    567  
  cop_0807_lp_s2      3.01868      0.000    447  
  cop_0808_lp_s2      8.25931      0.000    462  
  cop_0809_lp_s2      8.98921      0.000    149  
  cop_0810_lp_s2      9.16487      0.000     16  
  cop_0811_lp_s2      7.61116      0.000    254  
  cop_0812_lp_s2      7.43561      0.000    272  
  cop_0813_lp_s2      5.13627      0.000    371  
  cop_0814_lp_s2      2.44251      0.000    573  
  cop_0815_lp_s2      3.97117      0.000    340  
  cop_0816_lp_s2     16.63506      0.000     31  
  cop_0817_lp_s2      2.26307      0.000    648  
  cop_0818_lp_s2      3.46321      0.000    522  
  cop_0819_lp_s2      5.32315      0.000     61  
  cop_0820_lp_s2      1.83179      0.000    858  
  cop_0821_lp_s2      2.36359      0.000    621  
  cop_0822_lp_s2      3.23846      0.000    283  
  cop_0823_lp_s2      7.80293      0.000     43  
  cop_0824_lp_s2      1.50231      0.000    976  
  cop_0825_lp_s2      2.46762      0.000    688  
  cop_0826_lp_s2      1.99041      0.000    853  
  cop_0827_lp_s2      2.06602      0.000    835  
  cop_0828_lp_s2      2.29694      0.000    615  
  cop_0829_lp_s2      3.73090      0.000    457  
  cop_0830_lp_s2      6.43051      0.000     12  
  cop_0831_lp_s2      5.13083      0.000    229  
  cop_0832_lp_s2      1.34198      0.000    996  
  cop_0833_lp_s2      5.66706      0.000    193  
  cop_0834_lp_s2      2.53914      0.000    687  
  cop_0835_lp_s2      6.68266      0.000    183  
  cop_0836_lp_s2      5.04077      0.000     84  
  cop_0837_lp_s2      5.34955      0.000    362  
  cop_0838_lp_s2      3.04886      0.000    432  
  cop_0839_lp_s2      5.08769      0.000    289  
  cop_0840_lp_s2      2.50513      0.000    596  
  cop_0841_lp_s2      2.01905      0.000    764  
  cop_0842_lp_s2      4.46857      0.000    249  
  cop_0843_lp_s2      2.29375      0.000    588  
  cop_0844_lp_s2      2.42065      0.000    532  
  cop_0845_lp_s2      6.43197      0.000    143  
  cop_0846_lp_s2      6.85060      0.000    231  
  cop_0847_lp_s2      6.32077      0.000    256  
  cop_0848_lp_s2      2.87975      0.000    679  
  cop_0849_lp_s2      1.90348      0.000    859  
  cop_0850_lp_s2      1.70992      0.000    889  
  cop_0851_lp_s2      4.35210      0.000    279  
  cop_0852_lp_s2      1.99850      0.000    767  
  cop_0853_lp_s2      2.28543      0.000    785  
  cop_0854_lp_s2      2.97671      0.000    517  
  cop_0855_lp_s2      2.45685      0.000    586  
  cop_0856_lp_s2      3.70840      0.000    468  
  cop_0857_lp_s2      3.94652      0.000    429  
  cop_0858_lp_s2      4.13567      0.000    315  
  cop_0859_lp_s2      1.74911      0.000    895  
  cop_0860_lp_s2      7.07574      0.000     81  
  cop_0861_lp_s2      2.43733      0.000    635  
  cop_0862_lp_s2      1.71782      0.000    881  
  cop_0863_lp_s2      2.20957      0.000    778  
  cop_0864_lp_s2      5.15839      0.000    223  
  cop_0865_lp_s2      9.97305      0.000    401  
  cop_0866_lp_s2      2.60453      0.000    666  
  cop_0867_lp_s2      2.06935      0.000    799  
  cop_0868_lp_s2      8.28594      0.000    108  
  cop_0869_lp_s2      6.57784      0.000     71  
  cop_0870_lp_s2     15.08237      0.000     14  
  cop_0871_lp_s2      1.74928      0.000    898  
  cop_0872_lp_s2      3.15823      0.000    523  
  cop_0873_lp_s2      6.96541      0.000    460  
  cop_0874_lp_s2      1.70260      0.000    909  
  cop_0875_lp_s2      1.92826      0.000    827  
  cop_0876_lp_s2      2.10560      0.000    780  
  cop_0877_lp_s2      3.20680      0.000    425  
  cop_0878_lp_s2      1.91070      0.000    847  
  cop_0879_lp_s2      2.07796      0.000    758  
  cop_0880_lp_s2      2.33270      0.000    720  
  cop_0881_lp_s2      3.43620      0.000    548  
  cop_0882_lp_s2      2.99818      0.000    472  
  cop_0883_lp_s2      7.94374      0.000     49  
  cop_0884_lp_s2      1.86658      0.000    828  
  cop_0885_lp_s2     18.21664      0.000     52  
  cop_0886_lp_s2      2.51403      0.000    499  
  cop_0887_lp_s2      8.40000      0.000    369  
  cop_0888_lp_s2      6.90657      0.000    214  
  cop_0889_lp_s2      1.97525      0.000    826  
  cop_0890_lp_s2     12.31341      0.000    386  
  cop_0891_lp_s2      2.52754      0.000    625  
  cop_0892_lp_s2      4.72080      0.000    437  
  cop_0893_lp_s2      3.38831      0.000    444  
  cop_0894_lp_s2      6.43445      0.000    114  
  cop_0895_lp_s2      2.55206      0.000    642  
  cop_0896_lp_s2      2.80121      0.000    520  
  cop_0897_lp_s2      1.57750      0.000    954  
  cop_0898_lp_s2      3.07290      0.000    510  
  cop_0899_lp_s2      1.86498      0.000    861  
  cop_0900_lp_s2     10.38973      0.000     18  
  cop_0901_lp_s2      2.75302      0.000    609  
  cop_0902_lp_s2      1.65061      0.000    938  
  cop_0903_lp_s2      4.81135      0.000    301  
  cop_0904_lp_s2      2.20788      0.000    675  
  cop_0905_lp_s2      1.28783      1.000      -  yes
  cop_0906_lp_s2      1.59794      0.000    947  
  cop_0907_lp_s2      6.28378      0.000    100  
  cop_0908_lp_s2      4.35929      0.000    208  
  cop_0909_lp_s2      4.84833      0.000    299  
  cop_0910_lp_s2      3.51422      0.000    540  
  cop_0911_lp_s2      1.89579      0.000    857  
  cop_0912_lp_s2      2.95599      0.000    488  
  cop_0913_lp_s2      1.73193      0.000    883  
  cop_0914_lp_s2      1.64505      0.000    928  
  cop_0915_lp_s2      2.69717      0.000    630  
  cop_0916_lp_s2      2.56254      0.000    566  
  cop_0917_lp_s2      1.40465      0.000    987  
  cop_0918_lp_s2     13.57468      0.000    379  
  cop_0919_lp_s2      6.58115      0.000    120  
  cop_0920_lp_s2      2.78864      0.000    527  
  cop_0921_lp_s2      3.20098      0.000    310  
  cop_0922_lp_s2      4.62502      0.000    422  
  cop_0923_lp_s2      2.67844      0.000    549  
  cop_0924_lp_s2    109.67833      0.000     19  
  cop_0925_lp_s2      2.49911      0.000    624  
  cop_0926_lp_s2     14.27455      0.000    118  
  cop_0927_lp_s2      6.98198      0.000    132  
  cop_0928_lp_s2     14.09775      0.000     30  
  cop_0929_lp_s2      6.20718      0.000    271  
  cop_0930_lp_s2      2.57285      0.000    561  
  cop_0931_lp_s2      1.39570      0.000    990  
  cop_0932_lp_s2      5.56275      0.000    130  
  cop_0933_lp_s2      2.65343      0.000    538  
  cop_0934_lp_s2      2.80878      0.000    486  
  cop_0935_lp_s2      2.30216      0.000    618  
  cop_0936_lp_s2      4.41018      0.000    242  
  cop_0937_lp_s2      2.28551      0.000    762  
  cop_0938_lp_s2      5.85113      0.000    380  
  cop_0939_lp_s2      4.27910      0.000    238  
  cop_0940_lp_s2      4.06767      0.000    119  
  cop_0941_lp_s2      2.89764      0.000    626  
  cop_0942_lp_s2     18.18745      0.000     73  
  cop_0943_lp_s2      2.57536      0.000    647  
  cop_0944_lp_s2      3.02435      0.000    341  
  cop_0945_lp_s2      6.77314      0.000    155  
  cop_0946_lp_s2      4.40720      0.000    206  
  cop_0947_lp_s2      3.06732      0.000    174  
  cop_0948_lp_s2      1.58288      0.000    948  
  cop_0949_lp_s2      9.54192      0.000    372  
  cop_0950_lp_s2      2.36775      0.000    594  
  cop_0951_lp_s2      2.69309      0.000    509  
  cop_0952_lp_s2      3.41390      0.000    511  
  cop_0953_lp_s2      6.06424      0.000    157  
  cop_0954_lp_s2      5.61761      0.000    172  
  cop_0955_lp_s2      3.21078      0.000    537  
  cop_0956_lp_s2      2.81300      0.000    530  
  cop_0957_lp_s2      2.94292      0.000    487  
  cop_0958_lp_s2     11.03695      0.000      3  
  cop_0959_lp_s2      2.58904      0.000    598  
  cop_0960_lp_s2      6.83766      0.000    267  
  cop_0961_lp_s2      4.43303      0.000    318  
  cop_0962_lp_s2      3.55349      0.000    345  
  cop_0963_lp_s2      2.17801      0.000    728  
  cop_0964_lp_s2      2.17248      0.000    668  
  cop_0965_lp_s2      6.95686      0.000     75  
  cop_0966_lp_s2      5.03259      0.000    168  
  cop_0967_lp_s2     15.73698      0.000    145  
  cop_0968_lp_s2      3.05634      0.000    602  
  cop_0969_lp_s2      1.90933      0.000    817  
  cop_0970_lp_s2      1.36603      0.000    993  
  cop_0971_lp_s2      1.94291      0.000    792  
  cop_0972_lp_s2      2.49654      0.000    711  
  cop_0973_lp_s2      3.12440      0.000    335  
  cop_0974_lp_s2      1.74719      0.000    879  
  cop_0975_lp_s2      4.25608      0.000    305  
  cop_0976_lp_s2      4.97065      0.000    333  
  cop_0977_lp_s2     15.04027      0.000    226  
  cop_0978_lp_s2      3.72787      0.000    449  
  cop_0979_lp_s2      2.80878      0.000    582  
  cop_0980_lp_s2      9.81212      0.000    190  
  cop_0981_lp_s2      8.19559      0.000    205  
  cop_0982_lp_s2      2.68230      0.000    469  
  cop_0983_lp_s2      3.49920      0.000    452  
  cop_0984_lp_s2      8.01532      0.000    370  
  cop_0985_lp_s2      4.80037      0.000    321  
  cop_0986_lp_s2      3.30302      0.000    492  
  cop_0987_lp_s2      4.02735      0.000    202  
  cop_0988_lp_s2      3.65042      0.000    552  
  cop_0989_lp_s2      6.39438      0.000     62  
  cop_0990_lp_s2      5.11514      0.000    280  
  cop_0991_lp_s2      2.85909      0.000    617  
  cop_0992_lp_s2      4.78390      0.000    124  
  cop_0993_lp_s2      2.64639      0.000    640  
  cop_0994_lp_s2      1.62553      0.000    940  
  cop_0995_lp_s2      2.66073      0.000    562  
  cop_0996_lp_s2      3.02288      0.000    406  
  cop_0997_lp_s2      7.57577      0.000    334  
  cop_0998_lp_s2      2.30587      0.000    700  
  cop_0999_lp_s2      3.47969      0.000    439  
  cop_1000_lp_s2      4.25333      0.000    365  
  eliminated, worst first: cop_0219_lp_s2 cop_0648_lp_s2 cop_0958_lp_s2 cop_0140_lp_s2 cop_0446_lp_s2 cop_0411_lp_s2 cop_0412_lp_s2 cop_0297_lp_s2 cop_0389_lp_s2 cop_0388_lp_s2 cop_0768_lp_s2 cop_0830_lp_s2 cop_0009_lp_s2 cop_0870_lp_s2 cop_0461_lp_s2 cop_0810_lp_s2 cop_0064_lp_s2 cop_0900_lp_s2 cop_0924_lp_s2 cop_0223_lp_s2 cop_0263_lp_s2 cop_0655_lp_s2 cop_0657_lp_s2 cop_0656_lp_s2 cop_0632_lp_s2 cop_0329_lp_s2 cop_0056_lp_s2 cop_0549_lp_s2 cop_0449_lp_s2 cop_0928_lp_s2 cop_0816_lp_s2 cop_0425_lp_s2 cop_0048_lp_s2 cop_0752_lp_s2 cop_0013_lp_s2 cop_0621_lp_s2 cop_0046_lp_s2 cop_0394_lp_s2 cop_0184_lp_s2 cop_0695_lp_s2 cop_0206_lp_s2 cop_0579_lp_s2 cop_0823_lp_s2 cop_0257_lp_s2 cop_0391_lp_s2 cop_0059_lp_s2 cop_0088_lp_s2 cop_0262_lp_s2 cop_0883_lp_s2 cop_0043_lp_s2 cop_0212_lp_s2 cop_0885_lp_s2 cop_0662_lp_s2 cop_0387_lp_s2 cop_0323_lp_s2 cop_0085_lp_s2 cop_0049_lp_s2 cop_0168_lp_s2 cop_0379_lp_s2 cop_0080_lp_s2 cop_0819_lp_s2 cop_0989_lp_s2 cop_0608_lp_s2 cop_0327_lp_s2 cop_0681_lp_s2 cop_0375_lp_s2 cop_0332_lp_s2 cop_0307_lp_s2 cop_0584_lp_s2 cop_0093_lp_s2 cop_0869_lp_s2 cop_0385_lp_s2 cop_0942_lp_s2 cop_0304_lp_s2 cop_0965_lp_s2 cop_0737_lp_s2 cop_0275_lp_s2 cop_0582_lp_s2 cop_0276_lp_s2 cop_0562_lp_s2 cop_0860_lp_s2 cop_0402_lp_s2 cop_0528_lp_s2 cop_0836_lp_s2 cop_0245_lp_s2 cop_0138_lp_s2 cop_0175_lp_s2 cop_0025_lp_s2 cop_0690_lp_s2 cop_0468_lp_s2 cop_0065_lp_s2 cop_0754_lp_s2 cop_0209_lp_s2 cop_0612_lp_s2 cop_0427_lp_s2 cop_0548_lp_s2 cop_0572_lp_s2 cop_0315_lp_s2 cop_0680_lp_s2 cop_0907_lp_s2 cop_0143_lp_s2 cop_0058_lp_s2 cop_0381_lp_s2 cop_0303_lp_s2 cop_0603_lp_s2 cop_0215_lp_s2 cop_0098_lp_s2 cop_0868_lp_s2 cop_0734_lp_s2 cop_0308_lp_s2 cop_0160_lp_s2 cop_0229_lp_s2 cop_0744_lp_s2 cop_0894_lp_s2 cop_0300_lp_s2 cop_0253_lp_s2 cop_0700_lp_s2 cop_0926_lp_s2 cop_0940_lp_s2 cop_0919_lp_s2 cop_0783_lp_s2 cop_0414_lp_s2 cop_0670_lp_s2 cop_0992_lp_s2 cop_0111_lp_s2 cop_0130_lp_s2 cop_0517_lp_s2 cop_0785_lp_s2 cop_0792_lp_s2 cop_0932_lp_s2 cop_0359_lp_s2 cop_0927_lp_s2 cop_0679_lp_s2 cop_0261_lp_s2 cop_0730_lp_s2 cop_0393_lp_s2 cop_0271_lp_s2 cop_0718_lp_s2 cop_0325_lp_s2 cop_0709_lp_s2 cop_0115_lp_s2 cop_0167_lp_s2 cop_0845_lp_s2 cop_0550_lp_s2 cop_0967_lp_s2 cop_0693_lp_s2 cop_0086_lp_s2 cop_0096_lp_s2 cop_0809_lp_s2 cop_0251_lp_s2 cop_0415_lp_s2 cop_0590_lp_s2 cop_0732_lp_s2 cop_0154_lp_s2 cop_0945_lp_s2 cop_0454_lp_s2 cop_0953_lp_s2 cop_0214_lp_s2 cop_0287_lp_s2 cop_0063_lp_s2 cop_0286_lp_s2 cop_0273_lp_s2 cop_0283_lp_s2 cop_0755_lp_s2 cop_0233_lp_s2 cop_0119_lp_s2 cop_0090_lp_s2 cop_0966_lp_s2 cop_0745_lp_s2 cop_0626_lp_s2 cop_0588_lp_s2 cop_0954_lp_s2 cop_0663_lp_s2 cop_0947_lp_s2 cop_0739_lp_s2 cop_0669_lp_s2 cop_0362_lp_s2 cop_0052_lp_s2 cop_0242_lp_s2 cop_0354_lp_s2 cop_0328_lp_s2 cop_0123_lp_s2 cop_0835_lp_s2 cop_0678_lp_s2 cop_0188_lp_s2 cop_0104_lp_s2 cop_0164_lp_s2 cop_0767_lp_s2 cop_0230_lp_s2 cop_0980_lp_s2 cop_0580_lp_s2 cop_0558_lp_s2 cop_0833_lp_s2 cop_0189_lp_s2 cop_0012_lp_s2 cop_0721_lp_s2 cop_0522_lp_s2 cop_0132_lp_s2 cop_0290_lp_s2 cop_0504_lp_s2 cop_0270_lp_s2 cop_0987_lp_s2 cop_0607_lp_s2 cop_0159_lp_s2 cop_0981_lp_s2 cop_0946_lp_s2 cop_0015_lp_s2 cop_0908_lp_s2 cop_0051_lp_s2 cop_0029_lp_s2 cop_0095_lp_s2 cop_0055_lp_s2 cop_0406_lp_s2 cop_0888_lp_s2 cop_0475_lp_s2 cop_0416_lp_s2 cop_0077_lp_s2 cop_0020_lp_s2 cop_0122_lp_s2 cop_0496_lp_s2 cop_0508_lp_s2 cop_0244_lp_s2 cop_0864_lp_s2 cop_0605_lp_s2 cop_0178_lp_s2 cop_0977_lp_s2 cop_0746_lp_s2 cop_0659_lp_s2 cop_0831_lp_s2 cop_0326_lp_s2 cop_0846_lp_s2 cop_0613_lp_s2 cop_0366_lp_s2 cop_0563_lp_s2 cop_0014_lp_s2 cop_0701_lp_s2 cop_0278_lp_s2 cop_0939_lp_s2 cop_0651_lp_s2 cop_0360_lp_s2 cop_0092_lp_s2 cop_0936_lp_s2 cop_0583_lp_s2 cop_0761_lp_s2 cop_0235_lp_s2 cop_0041_lp_s2 cop_0636_lp_s2 cop_0674_lp_s2 cop_0842_lp_s2 cop_0259_lp_s2 cop_0203_lp_s2 cop_0546_lp_s2 cop_0471_lp_s2 cop_0811_lp_s2 cop_0333_lp_s2 cop_0847_lp_s2 cop_0404_lp_s2 cop_0114_lp_s2 cop_0380_lp_s2 cop_0532_lp_s2 cop_0560_lp_s2 cop_0491_lp_s2 cop_0535_lp_s2 cop_0018_lp_s2 cop_0787_lp_s2 cop_0418_lp_s2 cop_0960_lp_s2 cop_0291_lp_s2 cop_0487_lp_s2 cop_0573_lp_s2 cop_0929_lp_s2 cop_0812_lp_s2 cop_0405_lp_s2 cop_0420_lp_s2 cop_0311_lp_s2 cop_0433_lp_s2 cop_0704_lp_s2 cop_0484_lp_s2 cop_0851_lp_s2 cop_0990_lp_s2 cop_0790_lp_s2 cop_0365_lp_s2 cop_0822_lp_s2 cop_0163_lp_s2 cop_0515_lp_s2 cop_0486_lp_s2 cop_0602_lp_s2 cop_0559_lp_s2 cop_0839_lp_s2 cop_0609_lp_s2 cop_0208_lp_s2 cop_0483_lp_s2 cop_0198_lp_s2 cop_0370_lp_s2 cop_0743_lp_s2 cop_0585_lp_s2 cop_0146_lp_s2 cop_0687_lp_s2 cop_0909_lp_s2 cop_0279_lp_s2 cop_0903_lp_s2 cop_0177_lp_s2 cop_0658_lp_s2 cop_0488_lp_s2 cop_0975_lp_s2 cop_0551_lp_s2 cop_0565_lp_s2 cop_0799_lp_s2 cop_0537_lp_s2 cop_0921_lp_s2 cop_0677_lp_s2 cop_0192_lp_s2 cop_0505_lp_s2 cop_0747_lp_s2 cop_0858_lp_s2 cop_0417_lp_s2 cop_0190_lp_s2 cop_0961_lp_s2 cop_0567_lp_s2 cop_0021_lp_s2 cop_0985_lp_s2 cop_0682_lp_s2 cop_0448_lp_s2 cop_0539_lp_s2 cop_0153_lp_s2 cop_0499_lp_s2 cop_0716_lp_s2 cop_0372_lp_s2 cop_0699_lp_s2 cop_0294_lp_s2 cop_0034_lp_s2 cop_0676_lp_s2 cop_0976_lp_s2 cop_0997_lp_s2 cop_0973_lp_s2 cop_0492_lp_s2 cop_0511_lp_s2 cop_0627_lp_s2 cop_0591_lp_s2 cop_0815_lp_s2 cop_0944_lp_s2 cop_0301_lp_s2 cop_0217_lp_s2 cop_0530_lp_s2 cop_0962_lp_s2 cop_0158_lp_s2 cop_0753_lp_s2 cop_0053_lp_s2 cop_0521_lp_s2 cop_0038_lp_s2 cop_0637_lp_s2 cop_0675_lp_s2 cop_0210_lp_s2 cop_0419_lp_s2 cop_0490_lp_s2 cop_0724_lp_s2 cop_0238_lp_s2 cop_0710_lp_s2 cop_0589_lp_s2 cop_0296_lp_s2 cop_0089_lp_s2 cop_0837_lp_s2 cop_0618_lp_s2 cop_0116_lp_s2 cop_1000_lp_s2 cop_0202_lp_s2 cop_0342_lp_s2 cop_0771_lp_s2 cop_0887_lp_s2 cop_0984_lp_s2 cop_0813_lp_s2 cop_0949_lp_s2 cop_0060_lp_s2 cop_0222_lp_s2 cop_0383_lp_s2 cop_0456_lp_s2 cop_0640_lp_s2 cop_0455_lp_s2 cop_0918_lp_s2 cop_0938_lp_s2 cop_0363_lp_s2 cop_0033_lp_s2 cop_0384_lp_s2 cop_0110_lp_s2 cop_0225_lp_s2 cop_0890_lp_s2 cop_0698_lp_s2 cop_0614_lp_s2 cop_0141_lp_s2 cop_0266_lp_s2 cop_0722_lp_s2 cop_0576_lp_s2 cop_0248_lp_s2 cop_0345_lp_s2 cop_0760_lp_s2 cop_0084_lp_s2 cop_0272_lp_s2 cop_0781_lp_s2 cop_0071_lp_s2 cop_0714_lp_s2 cop_0865_lp_s2 cop_0671_lp_s2 cop_0447_lp_s2 cop_0452_lp_s2 cop_0075_lp_s2 cop_0996_lp_s2 cop_0023_lp_s2 cop_0258_lp_s2 cop_0430_lp_s2 cop_0398_lp_s2 cop_0341_lp_s2 cop_0788_lp_s2 cop_0224_lp_s2 cop_0758_lp_s2 cop_0305_lp_s2 cop_0568_lp_s2 cop_0216_lp_s2 cop_0569_lp_s2 cop_0616_lp_s2 cop_0293_lp_s2 cop_0295_lp_s2 cop_0922_lp_s2 cop_0376_lp_s2 cop_0324_lp_s2 cop_0877_lp_s2 cop_0028_lp_s2 cop_0759_lp_s2 cop_0462_lp_s2 cop_0857_lp_s2 cop_0074_lp_s2 cop_0421_lp_s2 cop_0838_lp_s2 cop_0630_lp_s2 cop_0026_lp_s2 cop_0322_lp_s2 cop_0495_lp_s2 cop_0892_lp_s2 cop_0237_lp_s2 cop_0999_lp_s2 cop_0645_lp_s2 cop_0330_lp_s2 cop_0197_lp_s2 cop_0083_lp_s2 cop_0893_lp_s2 cop_0606_lp_s2 cop_0473_lp_s2 cop_0807_lp_s2 cop_0340_lp_s2 cop_0978_lp_s2 cop_0309_lp_s2 cop_0357_lp_s2 cop_0983_lp_s2 cop_0578_lp_s2 cop_0434_lp_s2 cop_0314_lp_s2 cop_0623_lp_s2 cop_0829_lp_s2 cop_0506_lp_s2 cop_0344_lp_s2 cop_0873_lp_s2 cop_0610_lp_s2 cop_0808_lp_s2 cop_0174_lp_s2 cop_0587_lp_s2 cop_0124_lp_s2 cop_0137_lp_s2 cop_0797_lp_s2 cop_0856_lp_s2 cop_0982_lp_s2 cop_0155_lp_s2 cop_0195_lp_s2 cop_0882_lp_s2 cop_0619_lp_s2 cop_0129_lp_s2 cop_0672_lp_s2 cop_0638_lp_s2 cop_0409_lp_s2 cop_0371_lp_s2 cop_0246_lp_s2 cop_0592_lp_s2 cop_0723_lp_s2 cop_0472_lp_s2 cop_0392_lp_s2 cop_0010_lp_s2 cop_0407_lp_s2 cop_0934_lp_s2 cop_0957_lp_s2 cop_0912_lp_s2 cop_0719_lp_s2 cop_0795_lp_s2 cop_0331_lp_s2 cop_0986_lp_s2 cop_0234_lp_s2 cop_0557_lp_s2 cop_0144_lp_s2 cop_0639_lp_s2 cop_0786_lp_s2 cop_0336_lp_s2 cop_0886_lp_s2 cop_0706_lp_s2 cop_0789_lp_s2 cop_0470_lp_s2 cop_0493_lp_s2 cop_0545_lp_s2 cop_0355_lp_s2 cop_0358_lp_s2 cop_0128_lp_s2 cop_0403_lp_s2 cop_0951_lp_s2 cop_0898_lp_s2 cop_0952_lp_s2 cop_0022_lp_s2 cop_0264_lp_s2 cop_0703_lp_s2 cop_0199_lp_s2 cop_0445_lp_s2 cop_0854_lp_s2 cop_0463_lp_s2 cop_0181_lp_s2 cop_0896_lp_s2 cop_0599_lp_s2 cop_0818_lp_s2 cop_0872_lp_s2 cop_0260_lp_s2 cop_0762_lp_s2 cop_0601_lp_s2 cop_0920_lp_s2 cop_0543_lp_s2 cop_0001_lp_s2 cop_0956_lp_s2 cop_0713_lp_s2 cop_0844_lp_s2 cop_0644_lp_s2 cop_0149_lp_s2 cop_0280_lp_s2 cop_0547_lp_s2 cop_0955_lp_s2 cop_0933_lp_s2 cop_0595_lp_s2 cop_0910_lp_s2 cop_0247_lp_s2 cop_0113_lp_s2 cop_0485_lp_s2 cop_0151_lp_s2 cop_0775_lp_s2 cop_0726_lp_s2 cop_0776_lp_s2 cop_0881_lp_s2 cop_0923_lp_s2 cop_0749_lp_s2 cop_0373_lp_s2 cop_0988_lp_s2 cop_0791_lp_s2 cop_0282_lp_s2 cop_0733_lp_s2 cop_0766_lp_s2 cop_0524_lp_s2 cop_0666_lp_s2 cop_0310_lp_s2 cop_0073_lp_s2 cop_0930_lp_s2 cop_0995_lp_s2 cop_0476_lp_s2 cop_0339_lp_s2 cop_0649_lp_s2 cop_0916_lp_s2 cop_0806_lp_s2 cop_0401_lp_s2 cop_0617_lp_s2 cop_0611_lp_s2 cop_0035_lp_s2 cop_0039_lp_s2 cop_0814_lp_s2 cop_0042_lp_s2 cop_0467_lp_s2 cop_0204_lp_s2 cop_0489_lp_s2 cop_0395_lp_s2 cop_0127_lp_s2 cop_0284_lp_s2 cop_0378_lp_s2 cop_0979_lp_s2 cop_0108_lp_s2 cop_0019_lp_s2 cop_0804_lp_s2 cop_0855_lp_s2 cop_0067_lp_s2 cop_0843_lp_s2 cop_0474_lp_s2 cop_0313_lp_s2 cop_0668_lp_s2 cop_0438_lp_s2 cop_0101_lp_s2 cop_0950_lp_s2 cop_0045_lp_s2 cop_0840_lp_s2 cop_0641_lp_s2 cop_0959_lp_s2 cop_0243_lp_s2 cop_0193_lp_s2 cop_0316_lp_s2 cop_0968_lp_s2 cop_0512_lp_s2 cop_0076_lp_s2 cop_0451_lp_s2 cop_0268_lp_s2 cop_0352_lp_s2 cop_0007_lp_s2 cop_0901_lp_s2 cop_0319_lp_s2 cop_0564_lp_s2 cop_0250_lp_s2 cop_0218_lp_s2 cop_0133_lp_s2 cop_0828_lp_s2 cop_0002_lp_s2 cop_0991_lp_s2 cop_0935_lp_s2 cop_0507_lp_s2 cop_0765_lp_s2 cop_0821_lp_s2 cop_0318_lp_s2 cop_0770_lp_s2 cop_0925_lp_s2 cop_0891_lp_s2 cop_0941_lp_s2 cop_0196_lp_s2 cop_0540_lp_s2 cop_0109_lp_s2 cop_0915_lp_s2 cop_0382_lp_s2 cop_0082_lp_s2 cop_0232_lp_s2 cop_0386_lp_s2 cop_0861_lp_s2 cop_0221_lp_s2 cop_0653_lp_s2 cop_0069_lp_s2 cop_0581_lp_s2 cop_0993_lp_s2 cop_0541_lp_s2 cop_0895_lp_s2 cop_0556_lp_s2 cop_0600_lp_s2 cop_0586_lp_s2 cop_0729_lp_s2 cop_0943_lp_s2 cop_0817_lp_s2 cop_0162_lp_s2 cop_0292_lp_s2 cop_0594_lp_s2 cop_0017_lp_s2 cop_0239_lp_s2 cop_0625_lp_s2 cop_0432_lp_s2 cop_0131_lp_s2 cop_0185_lp_s2 cop_0800_lp_s2 cop_0099_lp_s2 cop_0778_lp_s2 cop_0408_lp_s2 cop_0431_lp_s2 cop_0306_lp_s2 cop_0728_lp_s2 cop_0793_lp_s2 cop_0866_lp_s2 cop_0805_lp_s2 cop_0964_lp_s2 cop_0748_lp_s2 cop_0182_lp_s2 cop_0633_lp_s2 cop_0688_lp_s2 cop_0542_lp_s2 cop_0705_lp_s2 cop_0904_lp_s2 cop_0180_lp_s2 cop_0176_lp_s2 cop_0441_lp_s2 cop_0848_lp_s2 cop_0150_lp_s2 cop_0068_lp_s2 cop_0711_lp_s2 cop_0555_lp_s2 cop_0194_lp_s2 cop_0769_lp_s2 cop_0757_lp_s2 cop_0834_lp_s2 cop_0825_lp_s2 cop_0667_lp_s2 cop_0170_lp_s2 cop_0249_lp_s2 cop_0501_lp_s2 cop_0288_lp_s2 cop_0277_lp_s2 cop_0005_lp_s2 cop_0566_lp_s2 cop_0635_lp_s2 cop_0536_lp_s2 cop_0453_lp_s2 cop_0998_lp_s2 cop_0400_lp_s2 cop_0187_lp_s2 cop_0003_lp_s2 cop_0465_lp_s2 cop_0289_lp_s2 cop_0006_lp_s2 cop_0062_lp_s2 cop_0647_lp_s2 cop_0442_lp_s2 cop_0265_lp_s2 cop_0972_lp_s2 cop_0738_lp_s2 cop_0620_lp_s2 cop_0798_lp_s2 cop_0236_lp_s2 cop_0631_lp_s2 cop_0571_lp_s2 cop_0689_lp_s2 cop_0497_lp_s2 cop_0880_lp_s2 cop_0179_lp_s2 cop_0008_lp_s2 cop_0646_lp_s2 cop_0081_lp_s2 cop_0570_lp_s2 cop_0105_lp_s2 cop_0097_lp_s2 cop_0963_lp_s2 cop_0078_lp_s2 cop_0227_lp_s2 cop_0350_lp_s2 cop_0643_lp_s2 cop_0529_lp_s2 cop_0544_lp_s2 cop_0794_lp_s2 cop_0228_lp_s2 cop_0252_lp_s2 cop_0518_lp_s2 cop_0502_lp_s2 cop_0624_lp_s2 cop_0027_lp_s2 cop_0254_lp_s2 cop_0103_lp_s2 cop_0072_lp_s2 cop_0201_lp_s2 cop_0312_lp_s2 cop_0436_lp_s2 cop_0120_lp_s2 cop_0126_lp_s2 cop_0509_lp_s2 cop_0439_lp_s2 cop_0267_lp_s2 cop_0464_lp_s2 cop_0040_lp_s2 cop_0334_lp_s2 cop_0346_lp_s2 cop_0482_lp_s2 cop_0879_lp_s2 cop_0125_lp_s2 cop_0782_lp_s2 cop_0575_lp_s2 cop_0937_lp_s2 cop_0525_lp_s2 cop_0841_lp_s2 cop_0459_lp_s2 cop_0498_lp_s2 cop_0852_lp_s2 cop_0741_lp_s2 cop_0629_lp_s2 cop_0200_lp_s2 cop_0443_lp_s2 cop_0531_lp_s2 cop_0458_lp_s2 cop_0135_lp_s2 cop_0171_lp_s2 cop_0802_lp_s2 cop_0321_lp_s2 cop_0863_lp_s2 cop_0735_lp_s2 cop_0876_lp_s2 cop_0118_lp_s2 cop_0450_lp_s2 cop_0561_lp_s2 cop_0440_lp_s2 cop_0853_lp_s2 cop_0520_lp_s2 cop_0650_lp_s2 cop_0016_lp_s2 cop_0597_lp_s2 cop_0514_lp_s2 cop_0087_lp_s2 cop_0971_lp_s2 cop_0694_lp_s2 cop_0707_lp_s2 cop_0673_lp_s2 cop_0664_lp_s2 cop_0725_lp_s2 cop_0756_lp_s2 cop_0867_lp_s2 cop_0337_lp_s2 cop_0697_lp_s2 cop_0377_lp_s2 cop_0736_lp_s2 cop_0024_lp_s2 cop_0731_lp_s2 cop_0604_lp_s2 cop_0361_lp_s2 cop_0364_lp_s2 cop_0161_lp_s2 cop_0091_lp_s2 cop_0186_lp_s2 cop_0742_lp_s2 cop_0764_lp_s2 cop_0479_lp_s2 cop_0169_lp_s2 cop_0685_lp_s2 cop_0969_lp_s2 cop_0302_lp_s2 cop_0763_lp_s2 cop_0460_lp_s2 cop_0274_lp_s2 cop_0152_lp_s2 cop_0256_lp_s2 cop_0574_lp_s2 cop_0061_lp_s2 cop_0889_lp_s2 cop_0875_lp_s2 cop_0884_lp_s2 cop_0037_lp_s2 cop_0780_lp_s2 cop_0779_lp_s2 cop_0390_lp_s2 cop_0513_lp_s2 cop_0712_lp_s2 cop_0827_lp_s2 cop_0066_lp_s2 cop_0803_lp_s2 cop_0207_lp_s2 cop_0553_lp_s2 cop_0523_lp_s2 cop_0094_lp_s2 cop_0112_lp_s2 cop_0480_lp_s2 cop_0469_lp_s2 cop_0683_lp_s2 cop_0500_lp_s2 cop_0878_lp_s2 cop_0030_lp_s2 cop_0050_lp_s2 cop_0481_lp_s2 cop_0784_lp_s2 cop_0156_lp_s2 cop_0826_lp_s2 cop_0134_lp_s2 cop_0220_lp_s2 cop_0615_lp_s2 cop_0911_lp_s2 cop_0820_lp_s2 cop_0849_lp_s2 cop_0165_lp_s2 cop_0899_lp_s2 cop_0011_lp_s2 cop_0727_lp_s2 cop_0226_lp_s2 cop_0343_lp_s2 cop_0596_lp_s2 cop_0335_lp_s2 cop_0774_lp_s2 cop_0684_lp_s2 cop_0428_lp_s2 cop_0070_lp_s2 cop_0147_lp_s2 cop_0349_lp_s2 cop_0503_lp_s2 cop_0466_lp_s2 cop_0299_lp_s2 cop_0369_lp_s2 cop_0686_lp_s2 cop_0974_lp_s2 cop_0444_lp_s2 cop_0862_lp_s2 cop_0368_lp_s2 cop_0913_lp_s2 cop_0423_lp_s2 cop_0516_lp_s2 cop_0494_lp_s2 cop_0173_lp_s2 cop_0374_lp_s2 cop_0850_lp_s2 cop_0577_lp_s2 cop_0145_lp_s2 cop_0348_lp_s2 cop_0477_lp_s2 cop_0413_lp_s2 cop_0859_lp_s2 cop_0353_lp_s2 cop_0796_lp_s2 cop_0871_lp_s2 cop_0320_lp_s2 cop_0117_lp_s2 cop_0692_lp_s2 cop_0634_lp_s2 cop_0396_lp_s2 cop_0628_lp_s2 cop_0652_lp_s2 cop_0750_lp_s2 cop_0121_lp_s2 cop_0281_lp_s2 cop_0874_lp_s2 cop_0004_lp_s2 cop_0424_lp_s2 cop_0367_lp_s2 cop_0399_lp_s2 cop_0715_lp_s2 cop_0255_lp_s2 cop_0397_lp_s2 cop_0554_lp_s2 cop_0057_lp_s2 cop_0772_lp_s2 cop_0691_lp_s2 cop_0107_lp_s2 cop_0351_lp_s2 cop_0139_lp_s2 cop_0102_lp_s2 cop_0317_lp_s2 cop_0622_lp_s2 cop_0240_lp_s2 cop_0914_lp_s2 cop_0298_lp_s2 cop_0157_lp_s2 cop_0478_lp_s2 cop_0047_lp_s2 cop_0533_lp_s2 cop_0751_lp_s2 cop_0032_lp_s2 cop_0183_lp_s2 cop_0777_lp_s2 cop_0902_lp_s2 cop_0660_lp_s2 cop_0994_lp_s2 cop_0106_lp_s2 cop_0661_lp_s2 cop_0269_lp_s2 cop_0211_lp_s2 cop_0213_lp_s2 cop_0031_lp_s2 cop_0906_lp_s2 cop_0948_lp_s2 cop_0338_lp_s2 cop_0527_lp_s2 cop_0172_lp_s2 cop_0642_lp_s2 cop_0510_lp_s2 cop_0897_lp_s2 cop_0136_lp_s2 cop_0598_lp_s2 cop_0100_lp_s2 cop_0079_lp_s2 cop_0429_lp_s2 cop_0231_lp_s2 cop_0538_lp_s2 cop_0696_lp_s2 cop_0205_lp_s2 cop_0435_lp_s2 cop_0166_lp_s2 cop_0457_lp_s2 cop_0665_lp_s2 cop_0054_lp_s2 cop_0044_lp_s2 cop_0422_lp_s2 cop_0720_lp_s2 cop_0534_lp_s2 cop_0740_lp_s2 cop_0285_lp_s2 cop_0552_lp_s2 cop_0824_lp_s2 cop_0708_lp_s2 cop_0426_lp_s2 cop_0036_lp_s2 cop_0142_lp_s2 cop_0702_lp_s2 cop_0801_lp_s2 cop_0519_lp_s2 cop_0526_lp_s2 cop_0773_lp_s2 cop_0241_lp_s2 cop_0917_lp_s2 cop_0347_lp_s2 cop_0148_lp_s2 cop_0931_lp_s2 cop_0410_lp_s2 cop_0654_lp_s2 cop_0970_lp_s2 cop_0717_lp_s2 cop_0593_lp_s2 cop_0832_lp_s2
  set decided by an accepted test: yes, in round 997 of 999 (p = 0.164 against alpha = 0.050)
  from round 997 on every model dropped is still in the set; those rounds run only to give it its MCS p-value


  sample    1000 observations, 1000 models
  statistic Tmax, each model against the field
  test      alpha = 0.050, 10000 moving-block resamples of 1 observations
  variance  bootstrap variance of the resampled mean
  stream    seed 123, stream 0

MCS over state-dependent local projection impulse-response MAE, state 2 (lags times F), MCS_TMAX statistic
  model             mean loss      MCS p  round  in set
  cop_0001_lp_s2      2.60318      0.000    592  
  cop_0002_lp_s2      2.73932      0.000    593  
  cop_0003_lp_s2      2.64533      0.000    636  
  cop_0004_lp_s2      1.69391      0.000    911  
  cop_0005_lp_s2      2.07879      0.000    751  
  cop_0006_lp_s2      2.21010      0.000    718  
  cop_0007_lp_s2      3.08359      0.000    538  
  cop_0008_lp_s2      2.37168      0.000    692  
  cop_0009_lp_s2     19.62933      0.000     15  
  cop_0010_lp_s2      3.34186      0.000    463  
  cop_0011_lp_s2      1.79709      0.000    872  
  cop_0012_lp_s2      8.14410      0.000    131  
  cop_0013_lp_s2      8.03742      0.000     81  
  cop_0014_lp_s2      3.69253      0.000    371  
  cop_0015_lp_s2      4.17632      0.000    318  
  cop_0016_lp_s2      2.05087      0.000    792  
  cop_0017_lp_s2      2.80551      0.000    594  
  cop_0018_lp_s2      3.80583      0.000    365  
  cop_0019_lp_s2      2.83500      0.000    572  
  cop_0020_lp_s2      6.60710      0.000    184  
  cop_0021_lp_s2      6.14951      0.000    219  
  cop_0022_lp_s2      2.53439      0.000    599  
  cop_0023_lp_s2      2.67752      0.000    551  
  cop_0024_lp_s2      2.00892      0.000    803  
  cop_0025_lp_s2      6.91114      0.000    126  
  cop_0026_lp_s2      4.87450      0.000    331  
  cop_0027_lp_s2      2.35238      0.000    704  
  cop_0028_lp_s2      3.42058      0.000    436  
  cop_0029_lp_s2      4.86577      0.000    266  
  cop_0030_lp_s2      1.80176      0.000    867  
  cop_0031_lp_s2      1.58031      0.000    950  
  cop_0032_lp_s2      1.61203      0.000    938  
  cop_0033_lp_s2      4.00247      0.000    372  
  cop_0034_lp_s2      5.41340      0.000    264  
  cop_0035_lp_s2      2.63792      0.000    596  
  cop_0036_lp_s2      1.47939      0.000    978  
  cop_0037_lp_s2      1.96056      0.000    826  
  cop_0038_lp_s2      8.34398      0.000    162  
  cop_0039_lp_s2      2.84316      0.000    558  
  cop_0040_lp_s2      2.19062      0.000    749  
  cop_0041_lp_s2      4.55904      0.000    298  
  cop_0042_lp_s2      3.06521      0.000    527  
  cop_0043_lp_s2      8.58890      0.000     79  
  cop_0044_lp_s2      1.52956      0.000    971  
  cop_0045_lp_s2      3.28865      0.000    506  
  cop_0046_lp_s2     13.04400      0.000     43  
  cop_0047_lp_s2      1.60009      0.000    940  
  cop_0048_lp_s2     17.90916      0.000     24  
  cop_0049_lp_s2     28.18097      0.000     17  
  cop_0050_lp_s2      1.85390      0.000    857  
  cop_0051_lp_s2      7.62983      0.000    138  
  cop_0052_lp_s2     11.73279      0.000     87  
  cop_0053_lp_s2      3.04578      0.000    472  
  cop_0054_lp_s2      1.54714      0.000    966  
  cop_0055_lp_s2      6.64006      0.000    181  
  cop_0056_lp_s2     15.13373      0.000     32  
  cop_0057_lp_s2      1.68860      0.000    916  
  cop_0058_lp_s2     27.91747      0.000     27  
  cop_0059_lp_s2      5.85489      0.000    142  
  cop_0060_lp_s2      3.31404      0.000    443  
  cop_0061_lp_s2      2.00170      0.000    812  
  cop_0062_lp_s2      2.50912      0.000    666  
  cop_0063_lp_s2      7.41024      0.000    132  
  cop_0064_lp_s2      6.38202      0.000    110  
  cop_0065_lp_s2      7.45667      0.000    116  
  cop_0066_lp_s2      1.90239      0.000    843  
  cop_0067_lp_s2      2.58999      0.000    613  
  cop_0068_lp_s2      2.20787      0.000    712  
  cop_0069_lp_s2      2.42295      0.000    652  
  cop_0070_lp_s2      1.82690      0.000    870  
  cop_0071_lp_s2      3.02782      0.000    486  
  cop_0072_lp_s2      2.10855      0.000    756  
  cop_0073_lp_s2      3.16159      0.000    507  
  cop_0074_lp_s2      4.34327      0.000    360  
  cop_0075_lp_s2      3.50965      0.000    414  
  cop_0076_lp_s2      2.47139      0.000    633  
  cop_0077_lp_s2      4.05208      0.000    333  
  cop_0078_lp_s2      2.09018      0.000    758  
  cop_0079_lp_s2      1.58584      0.000    956  
  cop_0080_lp_s2     16.99576      0.000     37  
  cop_0081_lp_s2      2.50925      0.000    679  
  cop_0082_lp_s2      2.39283      0.000    654  
  cop_0083_lp_s2      3.14211      0.000    479  
  cop_0084_lp_s2      5.90958      0.000    252  
  cop_0085_lp_s2      7.32299      0.000    106  
  cop_0086_lp_s2     78.88876      0.000     18  
  cop_0087_lp_s2      1.94074      0.000    814  
  cop_0088_lp_s2     11.64726      0.000     51  
  cop_0089_lp_s2     17.50074      0.000     92  
  cop_0090_lp_s2      3.79554      0.000    345  
  cop_0091_lp_s2      2.04181      0.000    797  
  cop_0092_lp_s2      4.36294      0.000    314  
  cop_0093_lp_s2      7.25604      0.000    114  
  cop_0094_lp_s2      1.89761      0.000    844  
  cop_0095_lp_s2     19.47109      0.000     59  
  cop_0096_lp_s2     15.81063      0.000     57  
  cop_0097_lp_s2      2.03774      0.000    764  
  cop_0098_lp_s2      5.11587      0.000    215  
  cop_0099_lp_s2      2.40398      0.000    672  
  cop_0100_lp_s2      1.60955      0.000    951  
  cop_0101_lp_s2      2.42347      0.000    642  
  cop_0102_lp_s2      1.62141      0.000    929  
  cop_0103_lp_s2      1.99048      0.000    782  
  cop_0104_lp_s2      6.07931      0.000    196  
  cop_0105_lp_s2      2.11736      0.000    752  
  cop_0106_lp_s2      1.58483      0.000    943  
  cop_0107_lp_s2      1.70736      0.000    914  
  cop_0108_lp_s2      3.19033      0.000    515  
  cop_0109_lp_s2      2.64907      0.000    606  
  cop_0110_lp_s2      3.41869      0.000    420  
  cop_0111_lp_s2      4.60920      0.000    254  
  cop_0112_lp_s2      1.93331      0.000    833  
  cop_0113_lp_s2      3.28381      0.000    496  
  cop_0114_lp_s2     15.81191      0.000     77  
  cop_0115_lp_s2      9.24994      0.000    100  
  cop_0116_lp_s2      3.32596      0.000    427  
  cop_0117_lp_s2      1.69712      0.000    900  
  cop_0118_lp_s2      2.01891      0.000    790  
  cop_0119_lp_s2     20.70352      0.000     49  
  cop_0120_lp_s2      1.99633      0.000    784  
  cop_0121_lp_s2      1.68464      0.000    913  
  cop_0122_lp_s2      5.35079      0.000    236  
  cop_0123_lp_s2      5.92876      0.000    199  
  cop_0124_lp_s2      2.88312      0.000    524  
  cop_0125_lp_s2      2.21558      0.000    738  
  cop_0126_lp_s2      2.19009      0.000    741  
  cop_0127_lp_s2      2.56861      0.000    611  
  cop_0128_lp_s2      3.22009      0.000    487  
  cop_0129_lp_s2      5.72481      0.000    296  
  cop_0130_lp_s2     16.25202      0.000     50  
  cop_0131_lp_s2      2.70501      0.000    604  
  cop_0132_lp_s2      5.40639      0.000    225  
  cop_0133_lp_s2      2.36510      0.000    659  
  cop_0134_lp_s2      1.77746      0.000    869  
  cop_0135_lp_s2      2.26601      0.000    735  
  cop_0136_lp_s2      1.59185      0.000    954  
  cop_0137_lp_s2      4.28791      0.000    373  
  cop_0138_lp_s2      8.21091      0.000     97  
  cop_0139_lp_s2      1.59569      0.000    937  
  cop_0140_lp_s2     28.44080      0.000      7  
  cop_0141_lp_s2      3.13943      0.000    467  
  cop_0142_lp_s2      1.45906      0.000    980  
  cop_0143_lp_s2      4.84087      0.000    229  
  cop_0144_lp_s2      3.02405      0.000    509  
  cop_0145_lp_s2      1.73064      0.000    895  
  cop_0146_lp_s2      4.20819      0.000    342  
  cop_0147_lp_s2      1.90766      0.000    856  
  cop_0148_lp_s2      1.38919      0.000    990  
  cop_0149_lp_s2      3.49004      0.000    456  
  cop_0150_lp_s2      2.17846      0.000    720  
  cop_0151_lp_s2      2.93657      0.000    536  
  cop_0152_lp_s2      2.04390      0.000    807  
  cop_0153_lp_s2      5.63980      0.000    242  
  cop_0154_lp_s2     17.67277      0.000     53  
  cop_0155_lp_s2      3.52811      0.000    430  
  cop_0156_lp_s2      1.83818      0.000    861  
  cop_0157_lp_s2      1.65504      0.000    923  
  cop_0158_lp_s2     12.25248      0.000    119  
  cop_0159_lp_s2      6.44663      0.000    186  
  cop_0160_lp_s2      7.64482      0.000    118  
  cop_0161_lp_s2      2.10116      0.000    783  
  cop_0162_lp_s2      2.28796      0.000    691  
  cop_0163_lp_s2      5.35563      0.000    247  
  cop_0164_lp_s2      6.94661      0.000    158  
  cop_0165_lp_s2      1.84663      0.000    860  
  cop_0166_lp_s2      1.53719      0.000    970  
  cop_0167_lp_s2     10.81620      0.000     80  
  cop_0168_lp_s2      9.65245      0.000     67  
  cop_0169_lp_s2      1.96229      0.000    821  
  cop_0170_lp_s2      2.70474      0.000    625  
  cop_0171_lp_s2      2.08183      0.000    770  
  cop_0172_lp_s2      1.59779      0.000    946  
  cop_0173_lp_s2      1.83960      0.000    878  
  cop_0174_lp_s2      3.27461      0.000    465  
  cop_0175_lp_s2      5.40034      0.000    193  
  cop_0176_lp_s2      2.35378      0.000    686  
  cop_0177_lp_s2      3.49517      0.000    394  
  cop_0178_lp_s2      5.64008      0.000    222  
  cop_0179_lp_s2      2.48398      0.000    678  
  cop_0180_lp_s2      2.68970      0.000    619  
  cop_0181_lp_s2      3.21699      0.000    491  
  cop_0182_lp_s2      2.41288      0.000    671  
  cop_0183_lp_s2      1.63664      0.000    930  
  cop_0184_lp_s2     15.15929      0.000     35  
  cop_0185_lp_s2      2.23222      0.000    700  
  cop_0186_lp_s2      1.88209      0.000    836  
  cop_0187_lp_s2      2.24376      0.000    709  
  cop_0188_lp_s2      5.34518      0.000    226  
  cop_0189_lp_s2      3.16021      0.000    418  
  cop_0190_lp_s2      4.61487      0.000    311  
  cop_0191_lp_s2      1.30139      0.358    999  yes
  cop_0192_lp_s2      3.40756      0.000    402  
  cop_0193_lp_s2      2.61374      0.000    605  
  cop_0194_lp_s2      2.32265      0.000    693  
  cop_0195_lp_s2      3.46701      0.000    441  
  cop_0196_lp_s2      2.82502      0.000    584  
  cop_0197_lp_s2      3.65475      0.000    405  
  cop_0198_lp_s2      3.82740      0.000    368  
  cop_0199_lp_s2      2.57613      0.000    591  
  cop_0200_lp_s2      2.21727      0.000    740  
  cop_0201_lp_s2      2.19986      0.000    737  
  cop_0202_lp_s2     14.19743      0.000    109  
  cop_0203_lp_s2      3.18508      0.000    421  
  cop_0204_lp_s2      2.83877      0.000    564  
  cop_0205_lp_s2      1.53623      0.000    967  
  cop_0206_lp_s2     10.91196      0.000     54  
  cop_0207_lp_s2      2.03605      0.000    808  
  cop_0208_lp_s2      4.43087      0.000    325  
  cop_0209_lp_s2      4.62126      0.000    240  
  cop_0210_lp_s2      3.21160      0.000    450  
  cop_0211_lp_s2      1.57635      0.000    947  
  cop_0212_lp_s2     15.75189      0.000     41  
  cop_0213_lp_s2      1.63795      0.000    933  
  cop_0214_lp_s2     56.52389      0.000     25  
  cop_0215_lp_s2      4.18703      0.000    277  
  cop_0216_lp_s2      3.80464      0.000    387  
  cop_0217_lp_s2      6.24970      0.000    224  
  cop_0218_lp_s2      2.98720      0.000    552  
  cop_0219_lp_s2    212.75759      0.000      1  
  cop_0220_lp_s2      1.92228      0.000    845  
  cop_0221_lp_s2      3.11968      0.000    545  
  cop_0222_lp_s2      3.74538      0.000    391  
  cop_0223_lp_s2      5.50889      0.000    143  
  cop_0224_lp_s2      3.86112      0.000    384  
  cop_0225_lp_s2      2.74478      0.000    530  
  cop_0226_lp_s2      1.79104      0.000    873  
  cop_0227_lp_s2      2.27571      0.000    719  
  cop_0228_lp_s2      2.10701      0.000    757  
  cop_0229_lp_s2     10.84615      0.000     72  
  cop_0230_lp_s2    163.20920      0.000     20  
  cop_0231_lp_s2      1.57182      0.000    958  
  cop_0232_lp_s2      2.29858      0.000    685  
  cop_0233_lp_s2      3.89805      0.000    339  
  cop_0234_lp_s2      3.42569      0.000    455  
  cop_0235_lp_s2      4.37741      0.000    310  
  cop_0236_lp_s2      2.10479      0.000    748  
  cop_0237_lp_s2      2.72037      0.000    546  
  cop_0238_lp_s2      4.31893      0.000    343  
  cop_0239_lp_s2      2.28454      0.000    689  
  cop_0240_lp_s2      1.64680      0.000    924  
  cop_0241_lp_s2      1.40521      0.000    986  
  cop_0242_lp_s2      4.11486      0.000    320  
  cop_0243_lp_s2      2.31784      0.000    668  
  cop_0244_lp_s2      7.32737      0.000    151  
  cop_0245_lp_s2      8.47248      0.000     93  
  cop_0246_lp_s2      3.45830      0.000    446  
  cop_0247_lp_s2      3.32190      0.000    484  
  cop_0248_lp_s2      3.09814      0.000    474  
  cop_0249_lp_s2      2.20285      0.000    711  
  cop_0250_lp_s2      2.73826      0.000    586  
  cop_0251_lp_s2      5.50346      0.000    209  
  cop_0252_lp_s2      2.29955      0.000    710  
  cop_0253_lp_s2     23.04638      0.000     39  
  cop_0254_lp_s2      2.08365      0.000    759  
  cop_0255_lp_s2      1.67994      0.000    915  
  cop_0256_lp_s2      1.94816      0.000    830  
  cop_0257_lp_s2     40.86490      0.000     13  
  cop_0258_lp_s2      3.09959      0.000    478  
  cop_0259_lp_s2      4.05536      0.000    344  
  cop_0260_lp_s2      3.26281      0.000    490  
  cop_0261_lp_s2      3.99091      0.000    317  
  cop_0262_lp_s2     20.29444      0.000     23  
  cop_0263_lp_s2     11.07678      0.000     45  
  cop_0264_lp_s2      3.19654      0.000    492  
  cop_0265_lp_s2      2.33788      0.000    698  
  cop_0266_lp_s2      8.65366      0.000    177  
  cop_0267_lp_s2      2.24161      0.000    731  
  cop_0268_lp_s2      2.72228      0.000    589  
  cop_0269_lp_s2      1.58961      0.000    944  
  cop_0270_lp_s2      5.80963      0.000    205  
  cop_0271_lp_s2      5.33763      0.000    211  
  cop_0272_lp_s2      3.35812      0.000    429  
  cop_0273_lp_s2      4.20371      0.000    304  
  cop_0274_lp_s2      2.03707      0.000    804  
  cop_0275_lp_s2      5.97172      0.000    152  
  cop_0276_lp_s2      7.04504      0.000    120  
  cop_0277_lp_s2      2.45482      0.000    676  
  cop_0278_lp_s2      5.66454      0.000    217  
  cop_0279_lp_s2      5.32578      0.000    258  
  cop_0280_lp_s2      2.98869      0.000    528  
  cop_0281_lp_s2      1.65480      0.000    919  
  cop_0282_lp_s2      2.53381      0.000    610  
  cop_0283_lp_s2      4.54244      0.000    273  
  cop_0284_lp_s2      2.97486      0.000    549  
  cop_0285_lp_s2      1.49964      0.000    975  
  cop_0286_lp_s2      5.78350      0.000    201  
  cop_0287_lp_s2      9.09891      0.000    108  
  cop_0288_lp_s2      2.41561      0.000    681  
  cop_0289_lp_s2      2.64395      0.000    643  
  cop_0290_lp_s2      6.01528      0.000    200  
  cop_0291_lp_s2      5.81579      0.000    227  
  cop_0292_lp_s2      2.86305      0.000    585  
  cop_0293_lp_s2      2.72663      0.000    539  
  cop_0294_lp_s2      2.93419      0.000    489  
  cop_0295_lp_s2      4.90783      0.000    323  
  cop_0296_lp_s2      3.89188      0.000    375  
  cop_0297_lp_s2     31.99228      0.000     10  
  cop_0298_lp_s2      1.58762      0.000    942  
  cop_0299_lp_s2      1.84836      0.000    871  
  cop_0300_lp_s2     11.55392      0.000     66  
  cop_0301_lp_s2      4.09218      0.000    358  
  cop_0302_lp_s2      1.93170      0.000    831  
  cop_0303_lp_s2      4.53419      0.000    248  
  cop_0304_lp_s2      5.84974      0.000    155  
  cop_0305_lp_s2      5.10410      0.000    308  
  cop_0306_lp_s2      2.32440      0.000    690  
  cop_0307_lp_s2      3.82707      0.000    307  
  cop_0308_lp_s2     29.67827      0.000     28  
  cop_0309_lp_s2      3.38697      0.000    444  
  cop_0310_lp_s2      2.77874      0.000    567  
  cop_0311_lp_s2      4.68367      0.000    289  
  cop_0312_lp_s2      2.13278      0.000    754  
  cop_0313_lp_s2      3.11311      0.000    529  
  cop_0314_lp_s2      2.92775      0.000    514  
  cop_0315_lp_s2      4.49211      0.000    250  
  cop_0316_lp_s2      2.66575      0.000    601  
  cop_0317_lp_s2      1.66131      0.000    922  
  cop_0318_lp_s2      2.99363      0.000    555  
  cop_0319_lp_s2      2.86392      0.000    566  
  cop_0320_lp_s2      1.70199      0.000    904  
  cop_0321_lp_s2      1.97734      0.000    801  
  cop_0322_lp_s2      5.35996      0.000    294  
  cop_0323_lp_s2     93.07588      0.000     11  
  cop_0324_lp_s2      4.40133      0.000    351  
  cop_0325_lp_s2     12.22677      0.000     71  
  cop_0326_lp_s2      7.46196      0.000    150  
  cop_0327_lp_s2     15.08753      0.000     42  
  cop_0328_lp_s2      4.91189      0.000    251  
  cop_0329_lp_s2     39.00754      0.000     12  
  cop_0330_lp_s2      4.07516      0.000    376  
  cop_0331_lp_s2      3.62003      0.000    425  
  cop_0332_lp_s2      8.65395      0.000     85  
  cop_0333_lp_s2     10.70542      0.000    112  
  cop_0334_lp_s2      2.22463      0.000    743  
  cop_0335_lp_s2      1.81367      0.000    868  
  cop_0336_lp_s2      3.38195      0.000    464  
  cop_0337_lp_s2      1.98665      0.000    805  
  cop_0338_lp_s2      1.67117      0.000    928  
  cop_0339_lp_s2      2.90808      0.000    548  
  cop_0340_lp_s2      4.35507      0.000    363  
  cop_0341_lp_s2      4.21642      0.000    364  
  cop_0342_lp_s2      5.02710      0.000    290  
  cop_0343_lp_s2      1.82992      0.000    865  
  cop_0344_lp_s2      4.52032      0.000    355  
  cop_0345_lp_s2      3.49053      0.000    412  
  cop_0346_lp_s2      2.05073      0.000    776  
  cop_0347_lp_s2      1.40581      0.000    988  
  cop_0348_lp_s2      1.69216      0.000    901  
  cop_0349_lp_s2      1.80467      0.000    874  
  cop_0350_lp_s2      2.06431      0.000    762  
  cop_0351_lp_s2      1.67366      0.000    918  
  cop_0352_lp_s2      3.11942      0.000    534  
  cop_0353_lp_s2      1.76573      0.000    887  
  cop_0354_lp_s2      7.49959      0.000    136  
  cop_0355_lp_s2      2.63845      0.000    577  
  cop_0356_lp_s2      1.30923      0.358    998  yes
  cop_0357_lp_s2      3.50190      0.000    422  
  cop_0358_lp_s2      3.60842      0.000    438  
  cop_0359_lp_s2      6.43714      0.000    153  
  cop_0360_lp_s2      5.13720      0.000    255  
  cop_0361_lp_s2      1.92232      0.000    828  
  cop_0362_lp_s2     22.76889      0.000     47  
  cop_0363_lp_s2      3.20702      0.000    453  
  cop_0364_lp_s2      2.02572      0.000    799  
  cop_0365_lp_s2      7.93618      0.000    156  
  cop_0366_lp_s2     11.80427      0.000     95  
  cop_0367_lp_s2      1.69762      0.000    910  
  cop_0368_lp_s2      1.83868      0.000    876  
  cop_0369_lp_s2      1.78219      0.000    881  
  cop_0370_lp_s2      4.66379      0.000    299  
  cop_0371_lp_s2      3.52488      0.000    440  
  cop_0372_lp_s2      4.04983      0.000    359  
  cop_0373_lp_s2      2.99367      0.000    533  
  cop_0374_lp_s2      1.72728      0.000    894  
  cop_0375_lp_s2     25.19432      0.000     19  
  cop_0376_lp_s2      4.68570      0.000    338  
  cop_0377_lp_s2      2.05603      0.000    793  
  cop_0378_lp_s2      2.45846      0.000    634  
  cop_0379_lp_s2      7.83447      0.000     96  
  cop_0380_lp_s2      6.62751      0.000    194  
  cop_0381_lp_s2     17.34209      0.000     44  
  cop_0382_lp_s2      2.31747      0.000    687  
  cop_0383_lp_s2      4.01950      0.000    369  
  cop_0384_lp_s2      4.73826      0.000    319  
  cop_0385_lp_s2      4.45545      0.000    243  
  cop_0386_lp_s2      2.73760      0.000    595  
  cop_0387_lp_s2      9.42555      0.000     70  
  cop_0388_lp_s2     20.88984      0.000     14  
  cop_0389_lp_s2     34.25536      0.000      8  
  cop_0390_lp_s2      1.88377      0.000    842  
  cop_0391_lp_s2     16.40402      0.000     34  
  cop_0392_lp_s2      3.01178      0.000    510  
  cop_0393_lp_s2      9.18635      0.000     99  
  cop_0394_lp_s2      5.32055      0.000    170  
  cop_0395_lp_s2      2.78688      0.000    569  
  cop_0396_lp_s2      1.69569      0.000    908  
  cop_0397_lp_s2      1.66115      0.000    917  
  cop_0398_lp_s2      4.27751      0.000    357  
  cop_0399_lp_s2      1.71171      0.000    906  
  cop_0400_lp_s2      2.26817      0.000    705  
  cop_0401_lp_s2      3.16791      0.000    511  
  cop_0402_lp_s2      5.67713      0.000    171  
  cop_0403_lp_s2      2.63879      0.000    574  
  cop_0404_lp_s2      5.01168      0.000    267  
  cop_0405_lp_s2      7.45751      0.000    166  
  cop_0406_lp_s2      4.42946      0.000    302  
  cop_0407_lp_s2      3.44823      0.000    447  
  cop_0408_lp_s2      2.48455      0.000    648  
  cop_0409_lp_s2      4.15153      0.000    382  
  cop_0410_lp_s2      1.37749      0.000    991  
  cop_0411_lp_s2    243.24995      0.000      3  
  cop_0412_lp_s2     11.02688      0.000     40  
  cop_0413_lp_s2      1.73185      0.000    891  
  cop_0414_lp_s2      8.44470      0.000    104  
  cop_0415_lp_s2      5.20948      0.000    223  
  cop_0416_lp_s2      3.54222      0.000    377  
  cop_0417_lp_s2      3.00220      0.000    475  
  cop_0418_lp_s2      5.32184      0.000    249  
  cop_0419_lp_s2      6.97090      0.000    204  
  cop_0420_lp_s2      5.05970      0.000    270  
  cop_0421_lp_s2      3.40915      0.000    434  
  cop_0422_lp_s2      1.55453      0.000    968  
  cop_0423_lp_s2      1.74759      0.000    886  
  cop_0424_lp_s2      1.70110      0.000    909  
  cop_0425_lp_s2     11.60574      0.000     46  
  cop_0426_lp_s2      1.47220      0.000    979  
  cop_0427_lp_s2      5.52245      0.000    191  
  cop_0428_lp_s2      1.84977      0.000    862  
  cop_0429_lp_s2      1.55973      0.000    959  
  cop_0430_lp_s2      2.76683      0.000    532  
  cop_0431_lp_s2      2.17611      0.000    714  
  cop_0432_lp_s2      2.66006      0.000    618  
  cop_0433_lp_s2      3.23364      0.000    431  
  cop_0434_lp_s2      5.14914      0.000    316  
  cop_0435_lp_s2      1.55826      0.000    963  
  cop_0436_lp_s2      2.24492      0.000    730  
  cop_0437_lp_s2      1.30961      0.358    997  yes
  cop_0438_lp_s2      2.56966      0.000    607  
  cop_0439_lp_s2      2.19215      0.000    742  
  cop_0440_lp_s2      1.96735      0.000    802  
  cop_0441_lp_s2      2.53776      0.000    645  
  cop_0442_lp_s2      2.25380      0.000    707  
  cop_0443_lp_s2      2.02665      0.000    781  
  cop_0444_lp_s2      1.75297      0.000    883  
  cop_0445_lp_s2      2.64006      0.000    579  
  cop_0446_lp_s2     43.86351      0.000      5  
  cop_0447_lp_s2      3.46267      0.000    416  
  cop_0448_lp_s2      3.52599      0.000    398  
  cop_0449_lp_s2      5.80437      0.000    137  
  cop_0450_lp_s2      1.93746      0.000    813  
  cop_0451_lp_s2      3.25205      0.000    518  
  cop_0452_lp_s2      3.57631      0.000    407  
  cop_0453_lp_s2      2.44863      0.000    675  
  cop_0454_lp_s2      4.78265      0.000    253  
  cop_0455_lp_s2      7.08048      0.000    206  
  cop_0456_lp_s2      5.45706      0.000    271  
  cop_0457_lp_s2      1.54667      0.000    965  
  cop_0458_lp_s2      2.12076      0.000    763  
  cop_0459_lp_s2      2.03928      0.000    775  
  cop_0460_lp_s2      1.96500      0.000    820  
  cop_0461_lp_s2      8.51867      0.000     64  
  cop_0462_lp_s2      3.08689      0.000    482  
  cop_0463_lp_s2      3.27429      0.000    483  
  cop_0464_lp_s2      2.26095      0.000    727  
  cop_0465_lp_s2      2.31103      0.000    695  
  cop_0466_lp_s2      1.73936      0.000    884  
  cop_0467_lp_s2      2.31084      0.000    655  
  cop_0468_lp_s2      4.51309      0.000    245  
  cop_0469_lp_s2      1.93595      0.000    838  
  cop_0470_lp_s2      3.10071      0.000    501  
  cop_0471_lp_s2      3.46571      0.000    393  
  cop_0472_lp_s2      4.27446      0.000    374  
  cop_0473_lp_s2      3.16101      0.000    469  
  cop_0474_lp_s2      2.65000      0.000    597  
  cop_0475_lp_s2      4.97562      0.000    261  
  cop_0476_lp_s2      2.49054      0.000    620  
  cop_0477_lp_s2      1.74464      0.000    889  
  cop_0478_lp_s2      1.61590      0.000    936  
  cop_0479_lp_s2      2.09242      0.000    789  
  cop_0480_lp_s2      1.90708      0.000    841  
  cop_0481_lp_s2      1.95038      0.000    840  
  cop_0482_lp_s2      2.17800      0.000    746  
  cop_0483_lp_s2      3.22966      0.000    432  
  cop_0484_lp_s2      5.28714      0.000    257  
  cop_0485_lp_s2      4.38085      0.000    390  
  cop_0486_lp_s2     12.46880      0.000    101  
  cop_0487_lp_s2      7.50828      0.000    160  
  cop_0488_lp_s2      6.02255      0.000    221  
  cop_0489_lp_s2      2.53194      0.000    617  
  cop_0490_lp_s2      4.97799      0.000    293  
  cop_0491_lp_s2      7.19501      0.000    178  
  cop_0492_lp_s2      4.36846      0.000    340  
  cop_0493_lp_s2      3.39958      0.000    461  
  cop_0494_lp_s2      1.80551      0.000    879  
  cop_0495_lp_s2      3.59727      0.000    406  
  cop_0496_lp_s2      5.13524      0.000    244  
  cop_0497_lp_s2      2.50300      0.000    670  
  cop_0498_lp_s2      2.16207      0.000    755  
  cop_0499_lp_s2      3.47225      0.000    401  
  cop_0500_lp_s2      2.00329      0.000    824  
  cop_0501_lp_s2      2.19404      0.000    722  
  cop_0502_lp_s2      2.21973      0.000    732  
  cop_0503_lp_s2      1.86227      0.000    864  
  cop_0504_lp_s2      3.23586      0.000    408  
  cop_0505_lp_s2      3.07751      0.000    457  
  cop_0506_lp_s2      3.66174      0.000    410  
  cop_0507_lp_s2      2.91479      0.000    562  
  cop_0508_lp_s2      6.27081      0.000    197  
  cop_0509_lp_s2      2.10406      0.000    761  
  cop_0510_lp_s2      1.54714      0.000    960  
  cop_0511_lp_s2     21.56981      0.000     75  
  cop_0512_lp_s2      2.57756      0.000    609  
  cop_0513_lp_s2      2.13454      0.000    787  
  cop_0514_lp_s2      2.04422      0.000    795  
  cop_0515_lp_s2      3.36874      0.000    403  
  cop_0516_lp_s2      1.82649      0.000    877  
  cop_0517_lp_s2      6.12044      0.000    165  
  cop_0518_lp_s2      2.26545      0.000    721  
  cop_0519_lp_s2      1.42856      0.000    984  
  cop_0520_lp_s2      2.17185      0.000    765  
  cop_0521_lp_s2      4.55578      0.000    329  
  cop_0522_lp_s2      3.74227      0.000    356  
  cop_0523_lp_s2      1.85660      0.000    848  
  cop_0524_lp_s2      2.80549      0.000    561  
  cop_0525_lp_s2      1.99498      0.000    794  
  cop_0526_lp_s2      1.44731      0.000    983  
  cop_0527_lp_s2      1.58425      0.000    952  
  cop_0528_lp_s2      7.44796      0.000    113  
  cop_0529_lp_s2      2.22617      0.000    724  
  cop_0530_lp_s2      3.76795      0.000    380  
  cop_0531_lp_s2      2.06965      0.000    778  
  cop_0532_lp_s2      7.91735      0.000    149  
  cop_0533_lp_s2      1.61779      0.000    935  
  cop_0534_lp_s2      1.50016      0.000    974  
  cop_0535_lp_s2     10.75251      0.000    115  
  cop_0536_lp_s2      2.17774      0.000    723  
  cop_0537_lp_s2      4.30014      0.000    334  
  cop_0538_lp_s2      1.55078      0.000    962  
  cop_0539_lp_s2      4.48289      0.000    326  
  cop_0540_lp_s2      2.36553      0.000    662  
  cop_0541_lp_s2      2.69344      0.000    603  
  cop_0542_lp_s2      2.18650      0.000    716  
  cop_0543_lp_s2      3.42488      0.000    468  
  cop_0544_lp_s2      2.36492      0.000    697  
  cop_0545_lp_s2      2.82496      0.000    540  
  cop_0546_lp_s2      3.36209      0.000    397  
  cop_0547_lp_s2      3.08726      0.000    517  
  cop_0548_lp_s2     13.28111      0.000     52  
  cop_0549_lp_s2     78.05736      0.000      9  
  cop_0550_lp_s2      7.20211      0.000    133  
  cop_0551_lp_s2      4.79312      0.000    286  
  cop_0552_lp_s2      1.54299      0.000    972  
  cop_0553_lp_s2      1.88481      0.000    847  
  cop_0554_lp_s2      1.60240      0.000    932  
  cop_0555_lp_s2      2.23878      0.000    702  
  cop_0556_lp_s2      2.37282      0.000    669  
  cop_0557_lp_s2      4.88410      0.000    354  
  cop_0558_lp_s2     10.98482      0.000     94  
  cop_0559_lp_s2      4.08796      0.000    349  
  cop_0560_lp_s2      6.03766      0.000    216  
  cop_0561_lp_s2      2.44785      0.000    706  
  cop_0562_lp_s2     40.10102      0.000     16  
  cop_0563_lp_s2      4.57055      0.000    291  
  cop_0564_lp_s2      2.78042      0.000    578  
  cop_0565_lp_s2      3.42758      0.000    404  
  cop_0566_lp_s2      2.26045      0.000    703  
  cop_0567_lp_s2      7.75630      0.000    173  
  cop_0568_lp_s2      2.89356      0.000    512  
  cop_0569_lp_s2      4.40028      0.000    352  
  cop_0570_lp_s2      2.12993      0.000    745  
  cop_0571_lp_s2      2.47790      0.000    674  
  cop_0572_lp_s2     11.66491      0.000     61  
  cop_0573_lp_s2      5.11856      0.000    262  
  cop_0574_lp_s2      1.87441      0.000    849  
  cop_0575_lp_s2      2.16068      0.000    747  
  cop_0576_lp_s2      3.26295      0.000    445  
  cop_0577_lp_s2      1.82217      0.000    880  
  cop_0578_lp_s2      3.89143      0.000    388  
  cop_0579_lp_s2      9.20415      0.000     68  
  cop_0580_lp_s2      5.42180      0.000    220  
  cop_0581_lp_s2      2.86755      0.000    573  
  cop_0582_lp_s2      9.53785      0.000     74  
  cop_0583_lp_s2      6.69344      0.000    190  
  cop_0584_lp_s2      7.32600      0.000    111  
  cop_0585_lp_s2      4.00660      0.000    353  
  cop_0586_lp_s2      2.39560      0.000    663  
  cop_0587_lp_s2      3.65951      0.000    413  
  cop_0588_lp_s2      4.35295      0.000    292  
  cop_0589_lp_s2      4.62466      0.000    322  
  cop_0590_lp_s2      4.72070      0.000    259  
  cop_0591_lp_s2     19.11306      0.000     82  
  cop_0592_lp_s2      2.87165      0.000    531  
  cop_0593_lp_s2      1.36092      0.000    995  
  cop_0594_lp_s2      2.38135      0.000    673  
  cop_0595_lp_s2      3.09126      0.000    520  
  cop_0596_lp_s2      1.87876      0.000    859  
  cop_0597_lp_s2      2.07997      0.000    777  
  cop_0598_lp_s2      1.56646      0.000    957  
  cop_0599_lp_s2      2.74884      0.000    559  
  cop_0600_lp_s2      2.51062      0.000    640  
  cop_0601_lp_s2      3.37541      0.000    470  
  cop_0602_lp_s2      5.25727      0.000    260  
  cop_0603_lp_s2      4.76373      0.000    232  
  cop_0604_lp_s2      1.98253      0.000    809  
  cop_0605_lp_s2      5.36521      0.000    234  
  cop_0606_lp_s2      3.25175      0.000    458  
  cop_0607_lp_s2      7.75778      0.000    135  
  cop_0608_lp_s2      7.78632      0.000     98  
  cop_0609_lp_s2      7.13783      0.000    188  
  cop_0610_lp_s2      6.25175      0.000    263  
  cop_0611_lp_s2      3.15057      0.000    522  
  cop_0612_lp_s2      6.27096      0.000    145  
  cop_0613_lp_s2      3.93157      0.000    347  
  cop_0614_lp_s2      3.36409      0.000    433  
  cop_0615_lp_s2      1.80520      0.000    866  
  cop_0616_lp_s2      3.28102      0.000    452  
  cop_0617_lp_s2      2.73916      0.000    575  
  cop_0618_lp_s2      4.89497      0.000    305  
  cop_0619_lp_s2      2.66690      0.000    563  
  cop_0620_lp_s2      2.25091      0.000    713  
  cop_0621_lp_s2      5.76882      0.000    140  
  cop_0622_lp_s2      1.73113      0.000    912  
  cop_0623_lp_s2      3.81597      0.000    395  
  cop_0624_lp_s2      2.11320      0.000    760  
  cop_0625_lp_s2      2.34794      0.000    688  
  cop_0626_lp_s2     10.68473      0.000     91  
  cop_0627_lp_s2      2.85780      0.000    498  
  cop_0628_lp_s2      1.71905      0.000    902  
  cop_0629_lp_s2      2.05905      0.000    779  
  cop_0630_lp_s2      3.58046      0.000    415  
  cop_0631_lp_s2      2.46940      0.000    683  
  cop_0632_lp_s2      7.75366      0.000     83  
  cop_0633_lp_s2      2.56773      0.000    638  
  cop_0634_lp_s2      1.70485      0.000    899  
  cop_0635_lp_s2      2.20907      0.000    715  
  cop_0636_lp_s2      4.35978      0.000    313  
  cop_0637_lp_s2     28.04790      0.000     69  
  cop_0638_lp_s2      3.20434      0.000    481  
  cop_0639_lp_s2      2.99337      0.000    516  
  cop_0640_lp_s2      3.78004      0.000    385  
  cop_0641_lp_s2      2.47021      0.000    635  
  cop_0642_lp_s2      1.57667      0.000    953  
  cop_0643_lp_s2      2.14416      0.000    744  
  cop_0644_lp_s2      2.87818      0.000    543  
  cop_0645_lp_s2      2.87260      0.000    519  
  cop_0646_lp_s2      2.18157      0.000    729  
  cop_0647_lp_s2      2.18623      0.000    728  
  cop_0648_lp_s2    147.93567      0.000      2  
  cop_0649_lp_s2      3.18418      0.000    513  
  cop_0650_lp_s2      2.10088      0.000    771  
  cop_0651_lp_s2      4.27666      0.000    324  
  cop_0652_lp_s2      1.64486      0.000    920  
  cop_0653_lp_s2      2.56246      0.000    623  
  cop_0654_lp_s2      1.37889      0.000    992  
  cop_0655_lp_s2      7.31915      0.000     90  
  cop_0656_lp_s2      5.12192      0.000    180  
  cop_0657_lp_s2      9.03702      0.000     63  
  cop_0658_lp_s2      4.97549      0.000    276  
  cop_0659_lp_s2      3.70725      0.000    367  
  cop_0660_lp_s2      1.58115      0.000    949  
  cop_0661_lp_s2      1.61869      0.000    941  
  cop_0662_lp_s2      5.46443      0.000    169  
  cop_0663_lp_s2      4.17005      0.000    315  
  cop_0664_lp_s2      1.92803      0.000    822  
  cop_0665_lp_s2      1.55239      0.000    964  
  cop_0666_lp_s2      2.71688      0.000    576  
  cop_0667_lp_s2      2.54594      0.000    647  
  cop_0668_lp_s2      2.69530      0.000    587  
  cop_0669_lp_s2      4.51821      0.000    279  
  cop_0670_lp_s2     33.27392      0.000     30  
  cop_0671_lp_s2      3.05824      0.000    480  
  cop_0672_lp_s2      2.77939      0.000    547  
  cop_0673_lp_s2      1.89095      0.000    829  
  cop_0674_lp_s2      5.56569      0.000    230  
  cop_0675_lp_s2      7.03805      0.000    203  
  cop_0676_lp_s2      3.62638      0.000    389  
  cop_0677_lp_s2      7.83894      0.000    164  
  cop_0678_lp_s2      3.50118      0.000    378  
  cop_0679_lp_s2     46.86120      0.000     22  
  cop_0680_lp_s2      4.19628      0.000    278  
  cop_0681_lp_s2      5.49551      0.000    174  
  cop_0682_lp_s2      3.32291      0.000    419  
  cop_0683_lp_s2      1.92782      0.000    839  
  cop_0684_lp_s2      1.78278      0.000    875  
  cop_0685_lp_s2      1.97072      0.000    816  
  cop_0686_lp_s2      1.76067      0.000    882  
  cop_0687_lp_s2      5.83507      0.000    228  
  cop_0688_lp_s2      2.47498      0.000    651  
  cop_0689_lp_s2      2.04986      0.000    766  
  cop_0690_lp_s2     22.64452      0.000     33  
  cop_0691_lp_s2      1.65945      0.000    921  
  cop_0692_lp_s2      1.70908      0.000    905  
  cop_0693_lp_s2      3.38751      0.000    383  
  cop_0694_lp_s2      1.93177      0.000    815  
  cop_0695_lp_s2      8.40642      0.000     78  
  cop_0696_lp_s2      1.56305      0.000    961  
  cop_0697_lp_s2      1.91043      0.000    827  
  cop_0698_lp_s2      3.89871      0.000    379  
  cop_0699_lp_s2      7.27309      0.000    195  
  cop_0700_lp_s2      9.64899      0.000     86  
  cop_0701_lp_s2      6.99190      0.000    176  
  cop_0702_lp_s2      1.44512      0.000    982  
  cop_0703_lp_s2      3.10462      0.000    505  
  cop_0704_lp_s2     24.85977      0.000     60  
  cop_0705_lp_s2      2.59856      0.000    639  
  cop_0706_lp_s2      3.06674      0.000    503  
  cop_0707_lp_s2      2.10602      0.000    772  
  cop_0708_lp_s2      1.48516      0.000    977  
  cop_0709_lp_s2      7.84102      0.000    124  
  cop_0710_lp_s2      4.91935      0.000    300  
  cop_0711_lp_s2      2.17345      0.000    726  
  cop_0712_lp_s2      1.94931      0.000    825  
  cop_0713_lp_s2      2.43800      0.000    624  
  cop_0714_lp_s2      5.59902      0.000    274  
  cop_0715_lp_s2      1.77876      0.000    896  
  cop_0716_lp_s2      5.94913      0.000    233  
  cop_0717_lp_s2      1.35682      0.000    994  
  cop_0718_lp_s2      5.36120      0.000    210  
  cop_0719_lp_s2      3.24783      0.000    477  
  cop_0720_lp_s2      1.54903      0.000    969  
  cop_0721_lp_s2      5.20191      0.000    235  
  cop_0722_lp_s2      5.26743      0.000    287  
  cop_0723_lp_s2      2.81756      0.000    535  
  cop_0724_lp_s2      3.20228      0.000    449  
  cop_0725_lp_s2      1.97472      0.000    810  
  cop_0726_lp_s2      3.08577      0.000    521  
  cop_0727_lp_s2      1.87354      0.000    853  
  cop_0728_lp_s2      2.59068      0.000    628  
  cop_0729_lp_s2      2.39968      0.000    664  
  cop_0730_lp_s2      4.06291      0.000    306  
  cop_0731_lp_s2      1.99755      0.000    806  
  cop_0732_lp_s2      5.10456      0.000    231  
  cop_0733_lp_s2      3.67907      0.000    448  
  cop_0734_lp_s2      6.53047      0.000    139  
  cop_0735_lp_s2      2.24421      0.000    739  
  cop_0736_lp_s2      2.11576      0.000    774  
  cop_0737_lp_s2      9.45328      0.000     76  
  cop_0738_lp_s2      2.15878      0.000    733  
  cop_0739_lp_s2     14.51492      0.000     65  
  cop_0740_lp_s2      1.52174      0.000    973  
  cop_0741_lp_s2      1.99103      0.000    786  
  cop_0742_lp_s2      2.11827      0.000    780  
  cop_0743_lp_s2      3.89598      0.000    361  
  cop_0744_lp_s2      4.30190      0.000    275  
  cop_0745_lp_s2      3.95587      0.000    332  
  cop_0746_lp_s2      3.92895      0.000    346  
  cop_0747_lp_s2      6.18879      0.000    218  
  cop_0748_lp_s2      2.45986      0.000    657  
  cop_0749_lp_s2      2.95339      0.000    537  
  cop_0750_lp_s2      1.71842      0.000    903  
  cop_0751_lp_s2      1.59491      0.000    939  
  cop_0752_lp_s2      8.03271      0.000     84  
  cop_0753_lp_s2      3.67063      0.000    392  
  cop_0754_lp_s2      5.65638      0.000    182  
  cop_0755_lp_s2      4.42293      0.000    281  
  cop_0756_lp_s2      2.12352      0.000    773  
  cop_0757_lp_s2      2.57056      0.000    644  
  cop_0758_lp_s2      2.68949      0.000    544  
  cop_0759_lp_s2      3.42709      0.000    428  
  cop_0760_lp_s2      4.71358      0.000    328  
  cop_0761_lp_s2      3.73027      0.000    370  
  cop_0762_lp_s2      3.22814      0.000    493  
  cop_0763_lp_s2      2.04767      0.000    798  
  cop_0764_lp_s2      2.19428      0.000    768  
  cop_0765_lp_s2      2.64493      0.000    615  
  cop_0766_lp_s2      2.86243      0.000    556  
  cop_0767_lp_s2      6.62898      0.000    172  
  cop_0768_lp_s2    103.88166      0.000      4  
  cop_0769_lp_s2      2.30512      0.000    696  
  cop_0770_lp_s2      2.30314      0.000    684  
  cop_0771_lp_s2      3.75990      0.000    386  
  cop_0772_lp_s2      1.61255      0.000    927  
  cop_0773_lp_s2      1.42411      0.000    985  
  cop_0774_lp_s2      1.88940      0.000    858  
  cop_0775_lp_s2      3.77095      0.000    439  
  cop_0776_lp_s2      3.26257      0.000    495  
  cop_0777_lp_s2      1.63549      0.000    931  
  cop_0778_lp_s2      2.54408      0.000    641  
  cop_0779_lp_s2      1.96314      0.000    823  
  cop_0780_lp_s2      1.98895      0.000    818  
  cop_0781_lp_s2      4.16035      0.000    362  
  cop_0782_lp_s2      1.92057      0.000    811  
  cop_0783_lp_s2      7.57983      0.000    122  
  cop_0784_lp_s2      1.96845      0.000    837  
  cop_0785_lp_s2      7.54804      0.000    125  
  cop_0786_lp_s2      6.57150      0.000    269  
  cop_0787_lp_s2     22.08381      0.000     62  
  cop_0788_lp_s2      5.36822      0.000    282  
  cop_0789_lp_s2      3.09775      0.000    502  
  cop_0790_lp_s2      4.83548      0.000    280  
  cop_0791_lp_s2      3.35250      0.000    485  
  cop_0792_lp_s2      6.13754      0.000    163  
  cop_0793_lp_s2      2.44027      0.000    656  
  cop_0794_lp_s2      2.08992      0.000    753  
  cop_0795_lp_s2      2.80620      0.000    550  
  cop_0796_lp_s2      1.72736      0.000    898  
  cop_0797_lp_s2      3.67797      0.000    417  
  cop_0798_lp_s2      2.56140      0.000    653  
  cop_0799_lp_s2      3.34694      0.000    411  
  cop_0800_lp_s2      2.49900      0.000    646  
  cop_0801_lp_s2      1.46793      0.000    981  
  cop_0802_lp_s2      2.03124      0.000    791  
  cop_0803_lp_s2      1.82250      0.000    855  
  cop_0804_lp_s2      2.57584      0.000    608  
  cop_0805_lp_s2      2.44787      0.000    661  
  cop_0806_lp_s2      2.65147      0.000    588  
  cop_0807_lp_s2      3.01868      0.000    497  
  cop_0808_lp_s2      8.25931      0.000    208  
  cop_0809_lp_s2      8.98921      0.000    107  
  cop_0810_lp_s2      9.16487      0.000     58  
  cop_0811_lp_s2      7.61116      0.000    157  
  cop_0812_lp_s2      7.43561      0.000    179  
  cop_0813_lp_s2      5.13627      0.000    288  
  cop_0814_lp_s2      2.44251      0.000    629  
  cop_0815_lp_s2      3.97117      0.000    366  
  cop_0816_lp_s2     16.63506      0.000     26  
  cop_0817_lp_s2      2.26307      0.000    694  
  cop_0818_lp_s2      3.46321      0.000    459  
  cop_0819_lp_s2      5.32315      0.000    183  
  cop_0820_lp_s2      1.83179      0.000    863  
  cop_0821_lp_s2      2.36359      0.000    665  
  cop_0822_lp_s2      3.23846      0.000    423  
  cop_0823_lp_s2      7.80293      0.000     88  
  cop_0824_lp_s2      1.50231      0.000    976  
  cop_0825_lp_s2      2.46762      0.000    658  
  cop_0826_lp_s2      1.99041      0.000    834  
  cop_0827_lp_s2      2.06602      0.000    800  
  cop_0828_lp_s2      2.29694      0.000    682  
  cop_0829_lp_s2      3.73090      0.000    400  
  cop_0830_lp_s2      6.43051      0.000    103  
  cop_0831_lp_s2      5.13083      0.000    246  
  cop_0832_lp_s2      1.34198      0.000    996  
  cop_0833_lp_s2      5.66706      0.000    212  
  cop_0834_lp_s2      2.53914      0.000    650  
  cop_0835_lp_s2      6.68266      0.000    161  
  cop_0836_lp_s2      5.04077      0.000    207  
  cop_0837_lp_s2      5.34955      0.000    272  
  cop_0838_lp_s2      3.04886      0.000    494  
  cop_0839_lp_s2      5.08769      0.000    268  
  cop_0840_lp_s2      2.50513      0.000    622  
  cop_0841_lp_s2      2.01905      0.000    788  
  cop_0842_lp_s2      4.46857      0.000    312  
  cop_0843_lp_s2      2.29375      0.000    680  
  cop_0844_lp_s2      2.42065      0.000    621  
  cop_0845_lp_s2      6.43197      0.000    159  
  cop_0846_lp_s2      6.85060      0.000    175  
  cop_0847_lp_s2      6.32077      0.000    202  
  cop_0848_lp_s2      2.87975      0.000    590  
  cop_0849_lp_s2      1.90348      0.000    852  
  cop_0850_lp_s2      1.70992      0.000    897  
  cop_0851_lp_s2      4.35210      0.000    327  
  cop_0852_lp_s2      1.99850      0.000    796  
  cop_0853_lp_s2      2.28543      0.000    736  
  cop_0854_lp_s2      2.97671      0.000    526  
  cop_0855_lp_s2      2.45685      0.000    637  
  cop_0856_lp_s2      3.70840      0.000    409  
  cop_0857_lp_s2      3.94652      0.000    381  
  cop_0858_lp_s2      4.13567      0.000    348  
  cop_0859_lp_s2      1.74911      0.000    892  
  cop_0860_lp_s2      7.07574      0.000    121  
  cop_0861_lp_s2      2.43733      0.000    649  
  cop_0862_lp_s2      1.71782      0.000    890  
  cop_0863_lp_s2      2.20957      0.000    750  
  cop_0864_lp_s2      5.15839      0.000    241  
  cop_0865_lp_s2      9.97305      0.000    148  
  cop_0866_lp_s2      2.60453      0.000    626  
  cop_0867_lp_s2      2.06935      0.000    785  
  cop_0868_lp_s2      8.28594      0.000    102  
  cop_0869_lp_s2      6.57784      0.000    129  
  cop_0870_lp_s2     15.08237      0.000     21  
  cop_0871_lp_s2      1.74928      0.000    893  
  cop_0872_lp_s2      3.15823      0.000    499  
  cop_0873_lp_s2      6.96541      0.000    237  
  cop_0874_lp_s2      1.70260      0.000    907  
  cop_0875_lp_s2      1.92826      0.000    832  
  cop_0876_lp_s2      2.10560      0.000    769  
  cop_0877_lp_s2      3.20680      0.000    466  
  cop_0878_lp_s2      1.91070      0.000    850  
  cop_0879_lp_s2      2.07796      0.000    767  
  cop_0880_lp_s2      2.33270      0.000    701  
  cop_0881_lp_s2      3.43620      0.000    476  
  cop_0882_lp_s2      2.99818      0.000    504  
  cop_0883_lp_s2      7.94374      0.000     89  
  cop_0884_lp_s2      1.86658      0.000    846  
  cop_0885_lp_s2     18.21664      0.000     31  
  cop_0886_lp_s2      2.51403      0.000    602  
  cop_0887_lp_s2      8.40000      0.000    168  
  cop_0888_lp_s2      6.90657      0.000    167  
  cop_0889_lp_s2      1.97525      0.000    819  
  cop_0890_lp_s2     12.31341      0.000    127  
  cop_0891_lp_s2      2.52754      0.000    632  
  cop_0892_lp_s2      4.72080      0.000    335  
  cop_0893_lp_s2      3.38831      0.000    442  
  cop_0894_lp_s2      6.43445      0.000    146  
  cop_0895_lp_s2      2.55206      0.000    630  
  cop_0896_lp_s2      2.80121      0.000    554  
  cop_0897_lp_s2      1.57750      0.000    955  
  cop_0898_lp_s2      3.07290      0.000    508  
  cop_0899_lp_s2      1.86498      0.000    854  
  cop_0900_lp_s2     10.38973      0.000     48  
  cop_0901_lp_s2      2.75302      0.000    582  
  cop_0902_lp_s2      1.65061      0.000    926  
  cop_0903_lp_s2      4.81135      0.000    285  
  cop_0904_lp_s2      2.20788      0.000    708  
  cop_0905_lp_s2      1.28783      1.000      -  yes
  cop_0906_lp_s2      1.59794      0.000    945  
  cop_0907_lp_s2      6.28378      0.000    144  
  cop_0908_lp_s2      4.35929      0.000    301  
  cop_0909_lp_s2      4.84833      0.000    284  
  cop_0910_lp_s2      3.51422      0.000    462  
  cop_0911_lp_s2      1.89579      0.000    851  
  cop_0912_lp_s2      2.95599      0.000    525  
  cop_0913_lp_s2      1.73193      0.000    888  
  cop_0914_lp_s2      1.64505      0.000    925  
  cop_0915_lp_s2      2.69717      0.000    600  
  cop_0916_lp_s2      2.56254      0.000    612  
  cop_0917_lp_s2      1.40465      0.000    987  
  cop_0918_lp_s2     13.57468      0.000    117  
  cop_0919_lp_s2      6.58115      0.000    141  
  cop_0920_lp_s2      2.78864      0.000    557  
  cop_0921_lp_s2      3.20098      0.000    435  
  cop_0922_lp_s2      4.62502      0.000    341  
  cop_0923_lp_s2      2.67844      0.000    580  
  cop_0924_lp_s2    109.67833      0.000      6  
  cop_0925_lp_s2      2.49911      0.000    631  
  cop_0926_lp_s2     14.27455      0.000     55  
  cop_0927_lp_s2      6.98198      0.000    134  
  cop_0928_lp_s2     14.09775      0.000     36  
  cop_0929_lp_s2      6.20718      0.000    214  
  cop_0930_lp_s2      2.57285      0.000    598  
  cop_0931_lp_s2      1.39570      0.000    989  
  cop_0932_lp_s2      5.56275      0.000    198  
  cop_0933_lp_s2      2.65343      0.000    581  
  cop_0934_lp_s2      2.80878      0.000    541  
  cop_0935_lp_s2      2.30216      0.000    677  
  cop_0936_lp_s2      4.41018      0.000    309  
  cop_0937_lp_s2      2.28551      0.000    725  
  cop_0938_lp_s2      5.85113      0.000    256  
  cop_0939_lp_s2      4.27910      0.000    321  
  cop_0940_lp_s2      4.06767      0.000    303  
  cop_0941_lp_s2      2.89764      0.000    565  
  cop_0942_lp_s2     18.18745      0.000     38  
  cop_0943_lp_s2      2.57536      0.000    627  
  cop_0944_lp_s2      3.02435      0.000    473  
  cop_0945_lp_s2      6.77314      0.000    154  
  cop_0946_lp_s2      4.40720      0.000    295  
  cop_0947_lp_s2      3.06732      0.000    437  
  cop_0948_lp_s2      1.58288      0.000    948  
  cop_0949_lp_s2      9.54192      0.000    147  
  cop_0950_lp_s2      2.36775      0.000    660  
  cop_0951_lp_s2      2.69309      0.000    571  
  cop_0952_lp_s2      3.41390      0.000    460  
  cop_0953_lp_s2      6.06424      0.000    189  
  cop_0954_lp_s2      5.61761      0.000    213  
  cop_0955_lp_s2      3.21078      0.000    500  
  cop_0956_lp_s2      2.81300      0.000    553  
  cop_0957_lp_s2      2.94292      0.000    523  
  cop_0958_lp_s2     11.03695      0.000     29  
  cop_0959_lp_s2      2.58904      0.000    614  
  cop_0960_lp_s2      6.83766      0.000    192  
  cop_0961_lp_s2      4.43303      0.000    330  
  cop_0962_lp_s2      3.55349      0.000    396  
  cop_0963_lp_s2      2.17801      0.000    734  
  cop_0964_lp_s2      2.17248      0.000    717  
  cop_0965_lp_s2      6.95686      0.000    123  
  cop_0966_lp_s2      5.03259      0.000    239  
  cop_0967_lp_s2     15.73698      0.000     56  
  cop_0968_lp_s2      3.05634      0.000    542  
  cop_0969_lp_s2      1.90933      0.000    835  
  cop_0970_lp_s2      1.36603      0.000    993  
  cop_0971_lp_s2      1.94291      0.000    817  
  cop_0972_lp_s2      2.49654      0.000    667  
  cop_0973_lp_s2      3.12440      0.000    454  
  cop_0974_lp_s2      1.74719      0.000    885  
  cop_0975_lp_s2      4.25608      0.000    336  
  cop_0976_lp_s2      4.97065      0.000    283  
  cop_0977_lp_s2     15.04027      0.000     73  
  cop_0978_lp_s2      3.72787      0.000    399  
  cop_0979_lp_s2      2.80878      0.000    568  
  cop_0980_lp_s2      9.81212      0.000    105  
  cop_0981_lp_s2      8.19559      0.000    128  
  cop_0982_lp_s2      2.68230      0.000    560  
  cop_0983_lp_s2      3.49920      0.000    424  
  cop_0984_lp_s2      8.01532      0.000    185  
  cop_0985_lp_s2      4.80037      0.000    297  
  cop_0986_lp_s2      3.30302      0.000    471  
  cop_0987_lp_s2      4.02735      0.000    337  
  cop_0988_lp_s2      3.65042      0.000    451  
  cop_0989_lp_s2      6.39438      0.000    130  
  cop_0990_lp_s2      5.11514      0.000    265  
  cop_0991_lp_s2      2.85909      0.000    570  
  cop_0992_lp_s2      4.78390      0.000    238  
  cop_0993_lp_s2      2.64639      0.000    616  
  cop_0994_lp_s2      1.62553      0.000    934  
  cop_0995_lp_s2      2.66073      0.000    583  
  cop_0996_lp_s2      3.02288      0.000    488  
  cop_0997_lp_s2      7.57577      0.000    187  
  cop_0998_lp_s2      2.30587      0.000    699  
  cop_0999_lp_s2      3.47969      0.000    426  
  cop_1000_lp_s2      4.25333      0.000    350  
  eliminated, worst first: cop_0219_lp_s2 cop_0648_lp_s2 cop_0411_lp_s2 cop_0768_lp_s2 cop_0446_lp_s2 cop_0924_lp_s2 cop_0140_lp_s2 cop_0389_lp_s2 cop_0549_lp_s2 cop_0297_lp_s2 cop_0323_lp_s2 cop_0329_lp_s2 cop_0257_lp_s2 cop_0388_lp_s2 cop_0009_lp_s2 cop_0562_lp_s2 cop_0049_lp_s2 cop_0086_lp_s2 cop_0375_lp_s2 cop_0230_lp_s2 cop_0870_lp_s2 cop_0679_lp_s2 cop_0262_lp_s2 cop_0048_lp_s2 cop_0214_lp_s2 cop_0816_lp_s2 cop_0058_lp_s2 cop_0308_lp_s2 cop_0958_lp_s2 cop_0670_lp_s2 cop_0885_lp_s2 cop_0056_lp_s2 cop_0690_lp_s2 cop_0391_lp_s2 cop_0184_lp_s2 cop_0928_lp_s2 cop_0080_lp_s2 cop_0942_lp_s2 cop_0253_lp_s2 cop_0412_lp_s2 cop_0212_lp_s2 cop_0327_lp_s2 cop_0046_lp_s2 cop_0381_lp_s2 cop_0263_lp_s2 cop_0425_lp_s2 cop_0362_lp_s2 cop_0900_lp_s2 cop_0119_lp_s2 cop_0130_lp_s2 cop_0088_lp_s2 cop_0548_lp_s2 cop_0154_lp_s2 cop_0206_lp_s2 cop_0926_lp_s2 cop_0967_lp_s2 cop_0096_lp_s2 cop_0810_lp_s2 cop_0095_lp_s2 cop_0704_lp_s2 cop_0572_lp_s2 cop_0787_lp_s2 cop_0657_lp_s2 cop_0461_lp_s2 cop_0739_lp_s2 cop_0300_lp_s2 cop_0168_lp_s2 cop_0579_lp_s2 cop_0637_lp_s2 cop_0387_lp_s2 cop_0325_lp_s2 cop_0229_lp_s2 cop_0977_lp_s2 cop_0582_lp_s2 cop_0511_lp_s2 cop_0737_lp_s2 cop_0114_lp_s2 cop_0695_lp_s2 cop_0043_lp_s2 cop_0167_lp_s2 cop_0013_lp_s2 cop_0591_lp_s2 cop_0632_lp_s2 cop_0752_lp_s2 cop_0332_lp_s2 cop_0700_lp_s2 cop_0052_lp_s2 cop_0823_lp_s2 cop_0883_lp_s2 cop_0655_lp_s2 cop_0626_lp_s2 cop_0089_lp_s2 cop_0245_lp_s2 cop_0558_lp_s2 cop_0366_lp_s2 cop_0379_lp_s2 cop_0138_lp_s2 cop_0608_lp_s2 cop_0393_lp_s2 cop_0115_lp_s2 cop_0486_lp_s2 cop_0868_lp_s2 cop_0830_lp_s2 cop_0414_lp_s2 cop_0980_lp_s2 cop_0085_lp_s2 cop_0809_lp_s2 cop_0287_lp_s2 cop_0202_lp_s2 cop_0064_lp_s2 cop_0584_lp_s2 cop_0333_lp_s2 cop_0528_lp_s2 cop_0093_lp_s2 cop_0535_lp_s2 cop_0065_lp_s2 cop_0918_lp_s2 cop_0160_lp_s2 cop_0158_lp_s2 cop_0276_lp_s2 cop_0860_lp_s2 cop_0783_lp_s2 cop_0965_lp_s2 cop_0709_lp_s2 cop_0785_lp_s2 cop_0025_lp_s2 cop_0890_lp_s2 cop_0981_lp_s2 cop_0869_lp_s2 cop_0989_lp_s2 cop_0012_lp_s2 cop_0063_lp_s2 cop_0550_lp_s2 cop_0927_lp_s2 cop_0607_lp_s2 cop_0354_lp_s2 cop_0449_lp_s2 cop_0051_lp_s2 cop_0734_lp_s2 cop_0621_lp_s2 cop_0919_lp_s2 cop_0059_lp_s2 cop_0223_lp_s2 cop_0907_lp_s2 cop_0612_lp_s2 cop_0894_lp_s2 cop_0949_lp_s2 cop_0865_lp_s2 cop_0532_lp_s2 cop_0326_lp_s2 cop_0244_lp_s2 cop_0275_lp_s2 cop_0359_lp_s2 cop_0945_lp_s2 cop_0304_lp_s2 cop_0365_lp_s2 cop_0811_lp_s2 cop_0164_lp_s2 cop_0845_lp_s2 cop_0487_lp_s2 cop_0835_lp_s2 cop_0038_lp_s2 cop_0792_lp_s2 cop_0677_lp_s2 cop_0517_lp_s2 cop_0405_lp_s2 cop_0888_lp_s2 cop_0887_lp_s2 cop_0662_lp_s2 cop_0394_lp_s2 cop_0402_lp_s2 cop_0767_lp_s2 cop_0567_lp_s2 cop_0681_lp_s2 cop_0846_lp_s2 cop_0701_lp_s2 cop_0266_lp_s2 cop_0491_lp_s2 cop_0812_lp_s2 cop_0656_lp_s2 cop_0055_lp_s2 cop_0754_lp_s2 cop_0819_lp_s2 cop_0020_lp_s2 cop_0984_lp_s2 cop_0159_lp_s2 cop_0997_lp_s2 cop_0609_lp_s2 cop_0953_lp_s2 cop_0583_lp_s2 cop_0427_lp_s2 cop_0960_lp_s2 cop_0175_lp_s2 cop_0380_lp_s2 cop_0699_lp_s2 cop_0104_lp_s2 cop_0508_lp_s2 cop_0932_lp_s2 cop_0123_lp_s2 cop_0290_lp_s2 cop_0286_lp_s2 cop_0847_lp_s2 cop_0675_lp_s2 cop_0419_lp_s2 cop_0270_lp_s2 cop_0455_lp_s2 cop_0836_lp_s2 cop_0808_lp_s2 cop_0251_lp_s2 cop_0718_lp_s2 cop_0271_lp_s2 cop_0833_lp_s2 cop_0954_lp_s2 cop_0929_lp_s2 cop_0098_lp_s2 cop_0560_lp_s2 cop_0278_lp_s2 cop_0747_lp_s2 cop_0021_lp_s2 cop_0580_lp_s2 cop_0488_lp_s2 cop_0178_lp_s2 cop_0415_lp_s2 cop_0217_lp_s2 cop_0132_lp_s2 cop_0188_lp_s2 cop_0291_lp_s2 cop_0687_lp_s2 cop_0143_lp_s2 cop_0674_lp_s2 cop_0732_lp_s2 cop_0603_lp_s2 cop_0716_lp_s2 cop_0605_lp_s2 cop_0721_lp_s2 cop_0122_lp_s2 cop_0873_lp_s2 cop_0992_lp_s2 cop_0966_lp_s2 cop_0209_lp_s2 cop_0864_lp_s2 cop_0153_lp_s2 cop_0385_lp_s2 cop_0496_lp_s2 cop_0468_lp_s2 cop_0831_lp_s2 cop_0163_lp_s2 cop_0303_lp_s2 cop_0418_lp_s2 cop_0315_lp_s2 cop_0328_lp_s2 cop_0084_lp_s2 cop_0454_lp_s2 cop_0111_lp_s2 cop_0360_lp_s2 cop_0938_lp_s2 cop_0484_lp_s2 cop_0279_lp_s2 cop_0590_lp_s2 cop_0602_lp_s2 cop_0475_lp_s2 cop_0573_lp_s2 cop_0610_lp_s2 cop_0034_lp_s2 cop_0990_lp_s2 cop_0029_lp_s2 cop_0404_lp_s2 cop_0839_lp_s2 cop_0786_lp_s2 cop_0420_lp_s2 cop_0456_lp_s2 cop_0837_lp_s2 cop_0283_lp_s2 cop_0714_lp_s2 cop_0744_lp_s2 cop_0658_lp_s2 cop_0215_lp_s2 cop_0680_lp_s2 cop_0669_lp_s2 cop_0790_lp_s2 cop_0755_lp_s2 cop_0788_lp_s2 cop_0976_lp_s2 cop_0909_lp_s2 cop_0903_lp_s2 cop_0551_lp_s2 cop_0722_lp_s2 cop_0813_lp_s2 cop_0311_lp_s2 cop_0342_lp_s2 cop_0563_lp_s2 cop_0588_lp_s2 cop_0490_lp_s2 cop_0322_lp_s2 cop_0946_lp_s2 cop_0129_lp_s2 cop_0985_lp_s2 cop_0041_lp_s2 cop_0370_lp_s2 cop_0710_lp_s2 cop_0908_lp_s2 cop_0406_lp_s2 cop_0940_lp_s2 cop_0273_lp_s2 cop_0618_lp_s2 cop_0730_lp_s2 cop_0307_lp_s2 cop_0305_lp_s2 cop_0936_lp_s2 cop_0235_lp_s2 cop_0190_lp_s2 cop_0842_lp_s2 cop_0636_lp_s2 cop_0092_lp_s2 cop_0663_lp_s2 cop_0434_lp_s2 cop_0261_lp_s2 cop_0015_lp_s2 cop_0384_lp_s2 cop_0242_lp_s2 cop_0939_lp_s2 cop_0589_lp_s2 cop_0295_lp_s2 cop_0651_lp_s2 cop_0208_lp_s2 cop_0539_lp_s2 cop_0851_lp_s2 cop_0760_lp_s2 cop_0521_lp_s2 cop_0961_lp_s2 cop_0026_lp_s2 cop_0745_lp_s2 cop_0077_lp_s2 cop_0537_lp_s2 cop_0892_lp_s2 cop_0975_lp_s2 cop_0987_lp_s2 cop_0376_lp_s2 cop_0233_lp_s2 cop_0492_lp_s2 cop_0922_lp_s2 cop_0146_lp_s2 cop_0238_lp_s2 cop_0259_lp_s2 cop_0090_lp_s2 cop_0746_lp_s2 cop_0613_lp_s2 cop_0858_lp_s2 cop_0559_lp_s2 cop_1000_lp_s2 cop_0324_lp_s2 cop_0569_lp_s2 cop_0585_lp_s2 cop_0557_lp_s2 cop_0344_lp_s2 cop_0522_lp_s2 cop_0398_lp_s2 cop_0301_lp_s2 cop_0372_lp_s2 cop_0074_lp_s2 cop_0743_lp_s2 cop_0781_lp_s2 cop_0340_lp_s2 cop_0341_lp_s2 cop_0018_lp_s2 cop_0815_lp_s2 cop_0659_lp_s2 cop_0198_lp_s2 cop_0383_lp_s2 cop_0761_lp_s2 cop_0014_lp_s2 cop_0033_lp_s2 cop_0137_lp_s2 cop_0472_lp_s2 cop_0296_lp_s2 cop_0330_lp_s2 cop_0416_lp_s2 cop_0678_lp_s2 cop_0698_lp_s2 cop_0530_lp_s2 cop_0857_lp_s2 cop_0409_lp_s2 cop_0693_lp_s2 cop_0224_lp_s2 cop_0640_lp_s2 cop_0771_lp_s2 cop_0216_lp_s2 cop_0578_lp_s2 cop_0676_lp_s2 cop_0485_lp_s2 cop_0222_lp_s2 cop_0753_lp_s2 cop_0471_lp_s2 cop_0177_lp_s2 cop_0623_lp_s2 cop_0962_lp_s2 cop_0546_lp_s2 cop_0448_lp_s2 cop_0978_lp_s2 cop_0829_lp_s2 cop_0499_lp_s2 cop_0192_lp_s2 cop_0515_lp_s2 cop_0565_lp_s2 cop_0197_lp_s2 cop_0495_lp_s2 cop_0452_lp_s2 cop_0504_lp_s2 cop_0856_lp_s2 cop_0506_lp_s2 cop_0799_lp_s2 cop_0345_lp_s2 cop_0587_lp_s2 cop_0075_lp_s2 cop_0630_lp_s2 cop_0447_lp_s2 cop_0797_lp_s2 cop_0189_lp_s2 cop_0682_lp_s2 cop_0110_lp_s2 cop_0203_lp_s2 cop_0357_lp_s2 cop_0822_lp_s2 cop_0983_lp_s2 cop_0331_lp_s2 cop_0999_lp_s2 cop_0116_lp_s2 cop_0759_lp_s2 cop_0272_lp_s2 cop_0155_lp_s2 cop_0433_lp_s2 cop_0483_lp_s2 cop_0614_lp_s2 cop_0421_lp_s2 cop_0921_lp_s2 cop_0028_lp_s2 cop_0947_lp_s2 cop_0358_lp_s2 cop_0775_lp_s2 cop_0371_lp_s2 cop_0195_lp_s2 cop_0893_lp_s2 cop_0060_lp_s2 cop_0309_lp_s2 cop_0576_lp_s2 cop_0246_lp_s2 cop_0407_lp_s2 cop_0733_lp_s2 cop_0724_lp_s2 cop_0210_lp_s2 cop_0988_lp_s2 cop_0616_lp_s2 cop_0363_lp_s2 cop_0973_lp_s2 cop_0234_lp_s2 cop_0149_lp_s2 cop_0505_lp_s2 cop_0606_lp_s2 cop_0818_lp_s2 cop_0952_lp_s2 cop_0493_lp_s2 cop_0910_lp_s2 cop_0010_lp_s2 cop_0336_lp_s2 cop_0174_lp_s2 cop_0877_lp_s2 cop_0141_lp_s2 cop_0543_lp_s2 cop_0473_lp_s2 cop_0601_lp_s2 cop_0986_lp_s2 cop_0053_lp_s2 cop_0944_lp_s2 cop_0248_lp_s2 cop_0417_lp_s2 cop_0881_lp_s2 cop_0719_lp_s2 cop_0258_lp_s2 cop_0083_lp_s2 cop_0671_lp_s2 cop_0638_lp_s2 cop_0462_lp_s2 cop_0463_lp_s2 cop_0247_lp_s2 cop_0791_lp_s2 cop_0071_lp_s2 cop_0128_lp_s2 cop_0996_lp_s2 cop_0294_lp_s2 cop_0260_lp_s2 cop_0181_lp_s2 cop_0264_lp_s2 cop_0762_lp_s2 cop_0838_lp_s2 cop_0776_lp_s2 cop_0113_lp_s2 cop_0807_lp_s2 cop_0627_lp_s2 cop_0872_lp_s2 cop_0955_lp_s2 cop_0470_lp_s2 cop_0789_lp_s2 cop_0706_lp_s2 cop_0882_lp_s2 cop_0703_lp_s2 cop_0045_lp_s2 cop_0073_lp_s2 cop_0898_lp_s2 cop_0144_lp_s2 cop_0392_lp_s2 cop_0401_lp_s2 cop_0568_lp_s2 cop_0649_lp_s2 cop_0314_lp_s2 cop_0108_lp_s2 cop_0639_lp_s2 cop_0547_lp_s2 cop_0451_lp_s2 cop_0645_lp_s2 cop_0595_lp_s2 cop_0726_lp_s2 cop_0611_lp_s2 cop_0957_lp_s2 cop_0124_lp_s2 cop_0912_lp_s2 cop_0854_lp_s2 cop_0042_lp_s2 cop_0280_lp_s2 cop_0313_lp_s2 cop_0225_lp_s2 cop_0592_lp_s2 cop_0430_lp_s2 cop_0373_lp_s2 cop_0352_lp_s2 cop_0723_lp_s2 cop_0151_lp_s2 cop_0749_lp_s2 cop_0007_lp_s2 cop_0293_lp_s2 cop_0545_lp_s2 cop_0934_lp_s2 cop_0968_lp_s2 cop_0644_lp_s2 cop_0758_lp_s2 cop_0221_lp_s2 cop_0237_lp_s2 cop_0672_lp_s2 cop_0339_lp_s2 cop_0284_lp_s2 cop_0795_lp_s2 cop_0023_lp_s2 cop_0218_lp_s2 cop_0956_lp_s2 cop_0896_lp_s2 cop_0318_lp_s2 cop_0766_lp_s2 cop_0920_lp_s2 cop_0039_lp_s2 cop_0599_lp_s2 cop_0982_lp_s2 cop_0524_lp_s2 cop_0507_lp_s2 cop_0619_lp_s2 cop_0204_lp_s2 cop_0941_lp_s2 cop_0319_lp_s2 cop_0310_lp_s2 cop_0979_lp_s2 cop_0395_lp_s2 cop_0991_lp_s2 cop_0951_lp_s2 cop_0019_lp_s2 cop_0581_lp_s2 cop_0403_lp_s2 cop_0617_lp_s2 cop_0666_lp_s2 cop_0355_lp_s2 cop_0564_lp_s2 cop_0445_lp_s2 cop_0923_lp_s2 cop_0933_lp_s2 cop_0901_lp_s2 cop_0995_lp_s2 cop_0196_lp_s2 cop_0292_lp_s2 cop_0250_lp_s2 cop_0668_lp_s2 cop_0806_lp_s2 cop_0268_lp_s2 cop_0848_lp_s2 cop_0199_lp_s2 cop_0001_lp_s2 cop_0002_lp_s2 cop_0017_lp_s2 cop_0386_lp_s2 cop_0035_lp_s2 cop_0474_lp_s2 cop_0930_lp_s2 cop_0022_lp_s2 cop_0915_lp_s2 cop_0316_lp_s2 cop_0886_lp_s2 cop_0541_lp_s2 cop_0131_lp_s2 cop_0193_lp_s2 cop_0109_lp_s2 cop_0438_lp_s2 cop_0804_lp_s2 cop_0512_lp_s2 cop_0282_lp_s2 cop_0127_lp_s2 cop_0916_lp_s2 cop_0067_lp_s2 cop_0959_lp_s2 cop_0765_lp_s2 cop_0993_lp_s2 cop_0489_lp_s2 cop_0432_lp_s2 cop_0180_lp_s2 cop_0476_lp_s2 cop_0844_lp_s2 cop_0840_lp_s2 cop_0653_lp_s2 cop_0713_lp_s2 cop_0170_lp_s2 cop_0866_lp_s2 cop_0943_lp_s2 cop_0728_lp_s2 cop_0814_lp_s2 cop_0895_lp_s2 cop_0925_lp_s2 cop_0891_lp_s2 cop_0076_lp_s2 cop_0378_lp_s2 cop_0641_lp_s2 cop_0003_lp_s2 cop_0855_lp_s2 cop_0633_lp_s2 cop_0705_lp_s2 cop_0600_lp_s2 cop_0778_lp_s2 cop_0101_lp_s2 cop_0289_lp_s2 cop_0757_lp_s2 cop_0441_lp_s2 cop_0800_lp_s2 cop_0667_lp_s2 cop_0408_lp_s2 cop_0861_lp_s2 cop_0834_lp_s2 cop_0688_lp_s2 cop_0069_lp_s2 cop_0798_lp_s2 cop_0082_lp_s2 cop_0467_lp_s2 cop_0793_lp_s2 cop_0748_lp_s2 cop_0825_lp_s2 cop_0133_lp_s2 cop_0950_lp_s2 cop_0805_lp_s2 cop_0540_lp_s2 cop_0586_lp_s2 cop_0729_lp_s2 cop_0821_lp_s2 cop_0062_lp_s2 cop_0972_lp_s2 cop_0243_lp_s2 cop_0556_lp_s2 cop_0497_lp_s2 cop_0182_lp_s2 cop_0099_lp_s2 cop_0594_lp_s2 cop_0571_lp_s2 cop_0453_lp_s2 cop_0277_lp_s2 cop_0935_lp_s2 cop_0179_lp_s2 cop_0081_lp_s2 cop_0843_lp_s2 cop_0288_lp_s2 cop_0828_lp_s2 cop_0631_lp_s2 cop_0770_lp_s2 cop_0232_lp_s2 cop_0176_lp_s2 cop_0382_lp_s2 cop_0625_lp_s2 cop_0239_lp_s2 cop_0306_lp_s2 cop_0162_lp_s2 cop_0008_lp_s2 cop_0194_lp_s2 cop_0817_lp_s2 cop_0465_lp_s2 cop_0769_lp_s2 cop_0544_lp_s2 cop_0265_lp_s2 cop_0998_lp_s2 cop_0185_lp_s2 cop_0880_lp_s2 cop_0555_lp_s2 cop_0566_lp_s2 cop_0027_lp_s2 cop_0400_lp_s2 cop_0561_lp_s2 cop_0442_lp_s2 cop_0904_lp_s2 cop_0187_lp_s2 cop_0252_lp_s2 cop_0249_lp_s2 cop_0068_lp_s2 cop_0620_lp_s2 cop_0431_lp_s2 cop_0635_lp_s2 cop_0542_lp_s2 cop_0964_lp_s2 cop_0006_lp_s2 cop_0227_lp_s2 cop_0150_lp_s2 cop_0518_lp_s2 cop_0501_lp_s2 cop_0536_lp_s2 cop_0529_lp_s2 cop_0937_lp_s2 cop_0711_lp_s2 cop_0464_lp_s2 cop_0647_lp_s2 cop_0646_lp_s2 cop_0436_lp_s2 cop_0267_lp_s2 cop_0502_lp_s2 cop_0738_lp_s2 cop_0963_lp_s2 cop_0135_lp_s2 cop_0853_lp_s2 cop_0201_lp_s2 cop_0125_lp_s2 cop_0735_lp_s2 cop_0200_lp_s2 cop_0126_lp_s2 cop_0439_lp_s2 cop_0334_lp_s2 cop_0643_lp_s2 cop_0570_lp_s2 cop_0482_lp_s2 cop_0575_lp_s2 cop_0236_lp_s2 cop_0040_lp_s2 cop_0863_lp_s2 cop_0005_lp_s2 cop_0105_lp_s2 cop_0794_lp_s2 cop_0312_lp_s2 cop_0498_lp_s2 cop_0072_lp_s2 cop_0228_lp_s2 cop_0078_lp_s2 cop_0254_lp_s2 cop_0624_lp_s2 cop_0509_lp_s2 cop_0350_lp_s2 cop_0458_lp_s2 cop_0097_lp_s2 cop_0520_lp_s2 cop_0689_lp_s2 cop_0879_lp_s2 cop_0764_lp_s2 cop_0876_lp_s2 cop_0171_lp_s2 cop_0650_lp_s2 cop_0707_lp_s2 cop_0756_lp_s2 cop_0736_lp_s2 cop_0459_lp_s2 cop_0346_lp_s2 cop_0597_lp_s2 cop_0531_lp_s2 cop_0629_lp_s2 cop_0742_lp_s2 cop_0443_lp_s2 cop_0103_lp_s2 cop_0161_lp_s2 cop_0120_lp_s2 cop_0867_lp_s2 cop_0741_lp_s2 cop_0513_lp_s2 cop_0841_lp_s2 cop_0479_lp_s2 cop_0118_lp_s2 cop_0802_lp_s2 cop_0016_lp_s2 cop_0377_lp_s2 cop_0525_lp_s2 cop_0514_lp_s2 cop_0852_lp_s2 cop_0091_lp_s2 cop_0763_lp_s2 cop_0364_lp_s2 cop_0827_lp_s2 cop_0321_lp_s2 cop_0440_lp_s2 cop_0024_lp_s2 cop_0274_lp_s2 cop_0337_lp_s2 cop_0731_lp_s2 cop_0152_lp_s2 cop_0207_lp_s2 cop_0604_lp_s2 cop_0725_lp_s2 cop_0782_lp_s2 cop_0061_lp_s2 cop_0450_lp_s2 cop_0087_lp_s2 cop_0694_lp_s2 cop_0685_lp_s2 cop_0971_lp_s2 cop_0780_lp_s2 cop_0889_lp_s2 cop_0460_lp_s2 cop_0169_lp_s2 cop_0664_lp_s2 cop_0779_lp_s2 cop_0500_lp_s2 cop_0712_lp_s2 cop_0037_lp_s2 cop_0697_lp_s2 cop_0361_lp_s2 cop_0673_lp_s2 cop_0256_lp_s2 cop_0302_lp_s2 cop_0875_lp_s2 cop_0112_lp_s2 cop_0826_lp_s2 cop_0969_lp_s2 cop_0186_lp_s2 cop_0784_lp_s2 cop_0469_lp_s2 cop_0683_lp_s2 cop_0481_lp_s2 cop_0480_lp_s2 cop_0390_lp_s2 cop_0066_lp_s2 cop_0094_lp_s2 cop_0220_lp_s2 cop_0884_lp_s2 cop_0553_lp_s2 cop_0523_lp_s2 cop_0574_lp_s2 cop_0878_lp_s2 cop_0911_lp_s2 cop_0849_lp_s2 cop_0727_lp_s2 cop_0899_lp_s2 cop_0803_lp_s2 cop_0147_lp_s2 cop_0050_lp_s2 cop_0774_lp_s2 cop_0596_lp_s2 cop_0165_lp_s2 cop_0156_lp_s2 cop_0428_lp_s2 cop_0820_lp_s2 cop_0503_lp_s2 cop_0343_lp_s2 cop_0615_lp_s2 cop_0030_lp_s2 cop_0335_lp_s2 cop_0134_lp_s2 cop_0070_lp_s2 cop_0299_lp_s2 cop_0011_lp_s2 cop_0226_lp_s2 cop_0349_lp_s2 cop_0684_lp_s2 cop_0368_lp_s2 cop_0516_lp_s2 cop_0173_lp_s2 cop_0494_lp_s2 cop_0577_lp_s2 cop_0369_lp_s2 cop_0686_lp_s2 cop_0444_lp_s2 cop_0466_lp_s2 cop_0974_lp_s2 cop_0423_lp_s2 cop_0353_lp_s2 cop_0913_lp_s2 cop_0477_lp_s2 cop_0862_lp_s2 cop_0413_lp_s2 cop_0859_lp_s2 cop_0871_lp_s2 cop_0374_lp_s2 cop_0145_lp_s2 cop_0715_lp_s2 cop_0850_lp_s2 cop_0796_lp_s2 cop_0634_lp_s2 cop_0117_lp_s2 cop_0348_lp_s2 cop_0628_lp_s2 cop_0750_lp_s2 cop_0320_lp_s2 cop_0692_lp_s2 cop_0399_lp_s2 cop_0874_lp_s2 cop_0396_lp_s2 cop_0424_lp_s2 cop_0367_lp_s2 cop_0004_lp_s2 cop_0622_lp_s2 cop_0121_lp_s2 cop_0107_lp_s2 cop_0255_lp_s2 cop_0057_lp_s2 cop_0397_lp_s2 cop_0351_lp_s2 cop_0281_lp_s2 cop_0652_lp_s2 cop_0691_lp_s2 cop_0317_lp_s2 cop_0157_lp_s2 cop_0240_lp_s2 cop_0914_lp_s2 cop_0902_lp_s2 cop_0772_lp_s2 cop_0338_lp_s2 cop_0102_lp_s2 cop_0183_lp_s2 cop_0777_lp_s2 cop_0554_lp_s2 cop_0213_lp_s2 cop_0994_lp_s2 cop_0533_lp_s2 cop_0478_lp_s2 cop_0139_lp_s2 cop_0032_lp_s2 cop_0751_lp_s2 cop_0047_lp_s2 cop_0661_lp_s2 cop_0298_lp_s2 cop_0106_lp_s2 cop_0269_lp_s2 cop_0906_lp_s2 cop_0172_lp_s2 cop_0211_lp_s2 cop_0948_lp_s2 cop_0660_lp_s2 cop_0031_lp_s2 cop_0100_lp_s2 cop_0527_lp_s2 cop_0642_lp_s2 cop_0136_lp_s2 cop_0897_lp_s2 cop_0079_lp_s2 cop_0598_lp_s2 cop_0231_lp_s2 cop_0429_lp_s2 cop_0510_lp_s2 cop_0696_lp_s2 cop_0538_lp_s2 cop_0435_lp_s2 cop_0665_lp_s2 cop_0457_lp_s2 cop_0054_lp_s2 cop_0205_lp_s2 cop_0422_lp_s2 cop_0720_lp_s2 cop_0166_lp_s2 cop_0044_lp_s2 cop_0552_lp_s2 cop_0740_lp_s2 cop_0534_lp_s2 cop_0285_lp_s2 cop_0824_lp_s2 cop_0708_lp_s2 cop_0036_lp_s2 cop_0426_lp_s2 cop_0142_lp_s2 cop_0801_lp_s2 cop_0702_lp_s2 cop_0526_lp_s2 cop_0519_lp_s2 cop_0773_lp_s2 cop_0241_lp_s2 cop_0917_lp_s2 cop_0347_lp_s2 cop_0931_lp_s2 cop_0148_lp_s2 cop_0410_lp_s2 cop_0654_lp_s2 cop_0970_lp_s2 cop_0717_lp_s2 cop_0593_lp_s2 cop_0832_lp_s2
  set decided by an accepted test: yes, in round 997 of 999 (p = 0.358 against alpha = 0.050)
  from round 997 on every model dropped is still in the set; those rounds run only to give it its MCS p-value
