configuration,nu_rank,median_nu,n_replicates,gdp_growth_variance_t400,gdp_growth_skewness_t400,gdp_growth_excess_kurtosis_t400,energy_growth_variance_t400,energy_growth_skewness_t400,energy_growth_excess_kurtosis_t400,employment_change_variance_t400,employment_change_skewness_t400,employment_change_excess_kurtosis_t400,inflation_variance_t400,inflation_skewness_t400,inflation_excess_kurtosis_t400,interest_rate_variance_t400,interest_rate_skewness_t400,interest_rate_excess_kurtosis_t400,interest_rate_change_variance_t400,interest_rate_change_skewness_t400,interest_rate_change_excess_kurtosis_t400,gdp_growth_variance_t187,gdp_growth_skewness_t187,gdp_growth_excess_kurtosis_t187,energy_growth_variance_t187,energy_growth_skewness_t187,energy_growth_excess_kurtosis_t187,employment_change_variance_t187,employment_change_skewness_t187,employment_change_excess_kurtosis_t187,inflation_variance_t187,inflation_skewness_t187,inflation_excess_kurtosis_t187,interest_rate_variance_t187,interest_rate_skewness_t187,interest_rate_excess_kurtosis_t187,interest_rate_change_variance_t187,interest_rate_change_skewness_t187,interest_rate_change_excess_kurtosis_t187
cop_0001,936,3504.697206,1000,1.1392832,0.066144561,0.12161422,1.1412033,0.048643776,0.14347976,0.91719614,0.058085721,0.1245176,0.028294893,0.032166681,0.17106902,0.02022919,0.067786231,-0.047387569,0.0021546786,-0.031326174,0.018578888,1.1180029,0.058992931,0.050570741,1.0914802,0.031000397,0.043050087,0.8994018,0.048078303,0.053582715,0.027604099,0.019896561,0.064252708,0.018987954,0.062132979,-0.22138741,0.002042174,-0.023138014,-0.116615
cop_0002,707,1262.413304,1000,3.1466982,-0.027334885,2.6867404,3.1698385,-0.038387351,2.7035028,2.6598568,-0.04163921,2.522841,0.31417399,-0.43678835,2.1573432,0.073012666,0.027523739,-0.032782751,0.012605917,0.016829305,0.24097462,3.0185437,-0.014896455,1.9389487,2.9915827,-0.042993992,1.9609091,2.5630819,-0.038924647,1.9037296,0.30460226,-0.36763782,1.6902158,0.069331293,0.033605978,-0.16774165,0.012265122,0.02887012,0.14729863
cop_0003,353,491.4982439,1000,1.5066687,0.056486944,0.24536396,1.5111653,0.03648014,0.28337636,1.2300911,0.04130456,0.27527591,0.22234905,-0.022859175,0.20255499,0.042399372,0.030449839,-0.065468542,0.0075325204,-0.010370087,0.011297873,1.4895539,0.056236047,0.11880111,1.4572102,0.024341444,0.1286591,1.2150675,0.035403533,0.13535371,0.21868864,-0.005765502,0.11317318,0.04069142,0.022599398,-0.20281774,0.0073725841,-0.019141437,-0.096909179
cop_0004,264,396.7824867,1000,2.024682,-0.054764608,1.4728379,2.0611052,-0.072010395,1.5190698,1.6938086,-0.070291119,1.4855432,0.14920344,-0.20440129,1.6297726,0.066556714,0.092602452,0.14226574,0.015879992,0.043762836,0.29889822,1.9740959,-0.044052347,0.9457341,1.9445484,-0.075370368,0.96642917,1.6478986,-0.062768444,0.94160135,0.14463492,-0.17421926,1.1363137,0.062425753,0.063283959,-0.037162087,0.015330524,0.050233655,0.12367945
cop_0005,926,3240.109889,1000,2.3673003,0.011396228,1.318626,2.3623795,-0.0059443523,1.3881452,1.9866047,-0.0082010926,1.346502,0.044218845,-0.071432325,0.89949398,0.030625495,0.12845485,0.079615565,0.0042181106,-0.05910379,0.27256541,2.2857871,0.0047987312,0.87049704,2.2474108,-0.025612941,0.94008214,1.9037025,-0.015196335,0.91823466,0.042017604,-0.080138114,0.60089604,0.02872265,0.11203102,-0.083232132,0.004101446,-0.045582337,0.10804642
cop_0006,736,1381.102839,1000,2.0383525,-0.087411452,1.5294261,2.0564807,-0.099685456,1.6049328,1.6965331,-0.11439174,1.5309217,0.044426698,-0.2086148,1.7916125,0.016317932,0.051991795,0.098044386,0.0036147877,0.087614655,0.35167548,1.9604148,-0.082849247,1.1129947,1.9564205,-0.1007287,1.1684356,1.644983,-0.10699584,1.1160565,0.042939798,-0.18148131,1.3247564,0.01612499,0.050412366,-0.020474216,0.0035359648,0.085067715,0.18825873
cop_0007,330,462.1125775,1000,1.2164676,0.067595837,0.10299783,1.2119895,0.048266354,0.1277249,0.98100392,0.06098482,0.11221498,0.16469017,0.059210365,0.13193436,0.02710744,0.062489041,-0.035512996,0.0034073785,-0.034957716,0.0088547753,1.1931228,0.068367587,0.04272242,1.1710609,0.043578864,0.048928201,0.96663365,0.061249685,0.034574881,0.16155827,0.05309979,0.052185942,0.025393055,0.051266155,-0.2286411,0.0032763406,-0.02502208,-0.111921
cop_0008,153,273.5180569,1000,1.7881268,-0.0776829,1.2923637,1.8199494,-0.094091071,1.2985624,1.4902558,-0.0989743,1.2659631,0.064523052,-0.21109992,1.557514,0.024812887,0.038918031,0.10019578,0.0060960477,0.10083732,0.46407617,1.7373077,-0.052381422,0.8228043,1.7393651,-0.08009672,0.85500504,1.4503387,-0.079156805,0.83163459,0.063214221,-0.18210741,1.0293094,0.024138251,0.030340982,-0.061316384,0.0059592228,0.090207478,0.257496
cop_0009,160,278.7881881,1000,1.341898,0.014538985,0.45903887,1.3491803,-0.010660042,0.47279345,1.0957539,-0.0011393236,0.4821798,0.062269787,-0.061899938,0.63944851,0.016418208,-0.0081282246,0.11831879,0.0045166948,-0.010684959,0.33602367,1.307932,0.028729379,0.27290528,1.2911707,0.0074078724,0.28411573,1.0636934,0.012098694,0.29035378,0.060397351,-0.03515029,0.37989708,0.015243376,-0.0055094794,-0.083257913,0.0043168496,0.00027757698,0.14462367
cop_0010,417,578.1481624,1000,2.1733088,0.05422463,0.69193982,2.1714984,0.044484772,0.7112834,1.7988773,0.040209199,0.70477841,0.25898825,-0.11346258,0.53544731,0.051463743,0.039111112,-0.065228798,0.0087830511,0.035958675,0.065023432,2.1434406,0.043956957,0.42629581,2.0841478,0.023594468,0.44680073,1.7484908,0.031871233,0.44100009,0.25388506,-0.09801631,0.3446493,0.048767356,0.01577737,-0.19728715,0.0085926749,0.035853887,-0.061166715
cop_0011,685,1155.659007,1000,1.1728571,0.06355719,0.10586848,1.186942,0.04397727,0.12523322,0.94987066,0.044799446,0.12288727,0.037693379,-0.017735399,0.12880111,0.018153376,0.011454987,-0.035841621,0.0036164011,-0.014964927,0.0027088627,1.1605308,0.074055416,0.017030201,1.1303624,0.051285617,0.019091288,0.93227628,0.053136189,0.03608236,0.03711695,-0.016287362,0.051554403,0.017715934,0.0089402532,-0.17169299,0.0035450809,-0.0059700606,-0.12227375
cop_0012,678,1119.071859,1000,3.0666463,-0.047071768,2.5397445,3.1126082,-0.057571536,2.578853,2.5923811,-0.0698535,2.4714605,0.12040149,-0.27236959,2.4942185,0.010624952,0.030833602,-0.030140945,0.0012642543,0.12897558,0.62784464,2.9354283,-0.040840531,1.8285599,2.9298512,-0.05655869,1.9815096,2.4958865,-0.064351505,1.7782739,0.11617664,-0.22877736,1.8956655,0.010370961,0.030120534,-0.2151835,0.0012490949,0.10764741,0.42589945
cop_0013,314,447.2750273,1000,1.8531358,0.043844193,0.51351966,1.8595167,0.037590933,0.54491694,1.5146648,0.035141466,0.53823889,0.035505554,-0.049813483,0.73649997,0.011081998,0.044155238,0.040399505,0.003183136,0.064006133,0.2639237,1.8234842,0.041524737,0.31627562,1.7931322,0.032003618,0.32989625,1.5003935,0.027152052,0.31278953,0.034956764,-0.032311255,0.38663759,0.010822132,0.042361702,-0.090153402,0.0031237072,0.066349606,0.10648928
cop_0014,844,2207.805088,1000,1.4123435,0.00016488618,0.55666866,1.4037066,-0.022878641,0.61921876,1.1706629,-0.015070987,0.58792021,0.020938311,-0.082624981,0.77525507,0.0077952697,0.10762854,0.021526435,0.00079807774,-0.023394908,0.18283369,1.3887422,0.017813581,0.38420684,1.3554598,-0.008896173,0.38727464,1.1525433,0.0032075258,0.38637869,0.020257286,-0.092013609,0.50586142,0.0071972491,0.071743278,-0.16561206,0.00076827798,-0.0084219596,0.028280065
cop_0015,991,7653.985901,1000,2.0028426,-0.03557502,1.3705039,2.0416707,-0.051640081,1.3694645,1.6673427,-0.063222579,1.3625751,0.058889581,-0.24028669,1.7497042,0.0093820316,0.030728987,-0.074102468,0.00096958308,0.025576322,0.22822385,1.9264899,-0.023611621,0.90014426,1.9330243,-0.04222657,0.92892212,1.6159419,-0.044176813,0.91219715,0.05687205,-0.18287988,1.1834643,0.0089620328,0.024862048,-0.22298583,0.00094879479,-0.0010387639,0.029126238
cop_0016,801,1805.753042,1000,1.8664161,-0.066928856,1.3638792,1.8723774,-0.091945367,1.3475764,1.5610913,-0.090279031,1.3037953,0.13100934,-0.26228338,1.6067632,0.0603462,0.056286233,0.031700164,0.011828707,0.030490833,0.23290129,1.807975,-0.054216549,0.88257131,1.7854173,-0.079636584,0.87860049,1.5165286,-0.076378034,0.90967594,0.12719496,-0.20180858,1.1358165,0.059303903,0.032104783,-0.1184821,0.011427099,0.020277799,0.046808935
cop_0017,532,756.3753638,1000,2.298844,0.033291347,1.0893726,2.3015529,0.022422508,1.0675215,1.9133638,0.024155872,1.0775739,0.16685849,-0.081219968,1.0172613,0.036290431,0.08305662,0.030187075,0.0066921059,0.016718641,0.21225082,2.2046583,0.041455286,0.609362,2.1944987,0.021849766,0.66657006,1.8379487,0.024943392,0.6430186,0.16008158,-0.062227552,0.68354955,0.034313049,0.075232669,-0.12828814,0.0064205862,0.020288102,0.072776776
cop_0018,197,314.9482156,1000,1.4487791,0.053178225,0.25072601,1.4207136,0.027356884,0.27267391,1.1968684,0.041731028,0.27473963,0.16512157,0.011344889,0.29526273,0.023746154,0.019375497,0.066419889,0.0051333355,-0.015464256,0.13955763,1.4141798,0.061915592,0.1426908,1.3541532,0.035760774,0.1579795,1.1585015,0.050097801,0.14776133,0.1590809,0.022043201,0.20675945,0.022082802,0.017411959,-0.11376386,0.0048540474,-0.0055160309,0.03573705
cop_0019,870,2463.688243,1000,1.5471559,0.04101205,0.40812765,1.5451758,0.019156691,0.40278627,1.283506,0.028357295,0.41112754,0.15345308,-0.021568438,0.45165077,0.029422598,0.12422501,0.030276002,0.0041530133,-0.023211922,0.1221525,1.5100458,0.048557616,0.21349306,1.4726421,0.029078044,0.23242415,1.2481736,0.032806914,0.2189534,0.15036893,-0.011433137,0.24292369,0.027649269,0.11305195,-0.11614241,0.003980988,-0.014288226,-0.019605227
cop_0020,732,1353.400185,1000,1.7754087,-0.11776917,1.4505382,1.7852378,-0.12307339,1.4598751,1.4924502,-0.13493707,1.4289499,0.15897098,-0.28821139,1.5434139,0.0070061128,0.1834978,-0.0082120466,0.00043562903,-0.01717177,0.22138064,1.6945961,-0.08722472,0.90978567,1.6969406,-0.10189153,0.97774592,1.4367087,-0.10148956,0.9477129,0.15184624,-0.22569326,1.0914185,0.0062625697,0.13139342,-0.25851445,0.00041788625,-0.010368175,0.045248996
cop_0021,572,820.1479156,1000,2.697984,0.021559777,1.4684828,2.7169521,0.011605481,1.5325547,2.2613312,0.0057936988,1.4503571,0.19325243,-0.20185906,1.4310261,0.01641165,0.022753985,-0.061765337,0.0030134536,0.12122436,0.33422725,2.5578897,0.032914609,0.95945175,2.5568999,0.014604639,1.0053533,2.186161,0.018450466,0.97450476,0.18698951,-0.14438134,0.99906738,0.015924808,0.033009226,-0.16580594,0.0029247007,0.11563234,0.15288789
cop_0022,573,820.5887176,1000,1.394773,0.047375733,0.21832803,1.4083566,0.028026647,0.239107,1.115835,0.030544498,0.24518878,0.035263809,-0.024633105,0.22179467,0.0097472505,0.026595195,-0.063136559,0.0013130262,-0.02411063,0.049171105,1.3751553,0.060757323,0.083418822,1.352947,0.033006547,0.076547016,1.1048548,0.038881507,0.092152351,0.034771364,-0.024664874,0.11174575,0.0094874985,0.008778835,-0.23003116,0.0012935292,-0.024113449,-0.051311322
cop_0023,932,3438.04448,1000,2.1912295,0.041368171,0.44395799,2.1716851,0.033987202,0.4588024,1.7799249,0.033359087,0.41354332,0.015607985,-0.10020985,0.39031091,0.011229035,0.021651282,-0.05882706,0.0016238701,-0.0089350101,0.058835255,2.1466403,0.036827737,0.26005627,2.0992584,0.030884579,0.24330056,1.752869,0.031305472,0.25315885,0.015523429,-0.11035435,0.26003107,0.010979783,0.016115619,-0.20589339,0.0015945959,-0.0093450691,-0.041258583
cop_0024,953,4056.476818,1000,1.9598694,-0.039517968,1.1439688,1.9653521,-0.051365034,1.1880162,1.6490848,-0.046287278,1.1393673,0.1061767,-0.13223417,1.1346127,0.04415764,0.13048334,0.10084348,0.0066015242,-0.02410913,0.20652115,1.8898914,-0.020080991,0.72673184,1.8647758,-0.033282472,0.7467145,1.5962901,-0.038040918,0.73754744,0.10230708,-0.094531477,0.79401675,0.041287428,0.10572209,-0.077068789,0.0063310728,-0.021327626,0.087402482
cop_0025,11,63.89843803,1000,1.2213772,0.061915708,0.18696492,1.2032922,0.031564888,0.20172008,0.99494823,0.050178824,0.20006652,0.012813144,-0.013655133,0.3080158,0.0021970671,0.11363361,-0.072284024,0.0001361056,-0.02765676,0.070819895,1.1923754,0.066811543,0.068267672,1.1585197,0.037244812,0.075513717,0.97493922,0.057643742,0.094267717,0.012454805,-0.0044021216,0.12376687,0.0020467493,0.085394821,-0.30340379,0.00013084167,-0.038471397,-0.075128754
cop_0026,499,705.1139369,1000,2.7375724,-0.050525091,2.3293301,2.765377,-0.062091191,2.3705874,2.3202685,-0.073050816,2.2933468,0.16760832,-0.33425656,2.3375057,0.022995188,0.023503887,0.034034452,0.0045835062,0.15393545,0.67431082,2.6320507,-0.044847173,1.6955168,2.6416941,-0.067611039,1.7024514,2.2113688,-0.065024864,1.6757724,0.16150549,-0.27974203,1.8497968,0.022211881,0.012495646,-0.086676115,0.0044266968,0.14988521,0.47402538
cop_0027,688,1163.887292,1000,1.4711181,-0.049372548,0.78779504,1.4785893,-0.063102094,0.77242405,1.2147391,-0.06697673,0.78469213,0.10907664,-0.16030148,0.96348505,0.025635592,0.059700666,0.074851748,0.0040622027,-0.016077975,0.2867562,1.4259504,-0.041232353,0.41551466,1.3868337,-0.06620821,0.4460302,1.1744355,-0.060397241,0.44980006,0.10517438,-0.1296533,0.55439951,0.024434399,0.038132203,-0.11997938,0.0039214669,-0.00839543,0.089486007
cop_0028,726,1327.802979,1000,1.4486024,0.0095781188,0.45144566,1.4260604,-0.0089949947,0.49565176,1.2037079,-0.0059144983,0.47359042,0.19767741,-0.053203273,0.48799115,0.018492157,0.15077207,0.040194305,0.0017496194,-0.038468717,0.15452521,1.4102632,0.022542194,0.25582568,1.3660077,-0.010176709,0.29308274,1.1675501,0.010429939,0.28955761,0.19112782,-0.034252006,0.31222535,0.016565229,0.11290561,-0.17409173,0.0016372957,-0.01603811,-0.019786641
cop_0029,711,1272.165234,1000,1.8182867,0.047451477,0.53724863,1.8131868,0.031170373,0.55437414,1.4880217,0.032413798,0.56178995,0.2197491,-0.062932932,0.4719974,0.014686967,0.043867916,-0.074819567,0.0018964237,0.028625034,0.044719407,1.7924934,0.063607569,0.29054471,1.7520712,0.041534466,0.31663101,1.4588903,0.044177614,0.31337284,0.21560333,-0.024784988,0.31040712,0.01400831,0.021613561,-0.21545985,0.0018601435,0.032298361,-0.058794001
cop_0030,839,2156.169609,1000,1.726024,-0.039672088,1.0163923,1.718615,-0.06222238,0.99662325,1.4336489,-0.061824329,1.0215688,0.028501864,-0.16315616,1.2191224,0.018073131,0.03375633,0.026696965,0.0040118997,0.027013378,0.21190587,1.6965967,-0.033806282,0.63307264,1.6777753,-0.056962264,0.65685414,1.4049236,-0.060994635,0.65083891,0.027781355,-0.13899485,0.8313556,0.017519448,0.040419675,-0.10795207,0.0039365248,0.025060687,0.053085617
cop_0031,720,1313.955751,1000,1.3301754,0.043433174,0.30186104,1.3263612,0.015051247,0.34904711,1.0995962,0.031066613,0.32377581,0.030351459,-0.013491894,0.46618284,0.039891504,0.067390664,0.081351223,0.0073135921,-0.03924638,0.11667983,1.3232543,0.051597211,0.16812332,1.2913124,0.027549237,0.18026672,1.0802282,0.042975899,0.18471539,0.029619604,-0.0067127775,0.2746089,0.037410021,0.02915766,-0.097371385,0.0070434901,-0.035013014,-0.0091551531
cop_0032,73,200.5257336,1000,1.2079034,0.049990218,0.12971484,1.2014267,0.021263711,0.16843888,0.97818089,0.03227097,0.13792401,0.11811254,0.024371893,0.19055998,0.035800733,0.049009223,-0.022128027,0.0077904985,-0.034278168,0.027108234,1.1961112,0.055889277,0.030311653,1.1610121,0.02101887,0.058202184,0.9614608,0.037613796,0.062885063,0.11569458,0.026560302,0.089064916,0.0344683,0.027771364,-0.1566734,0.0074986329,-0.026661745,-0.06134446
cop_0033,728,1336.882773,1000,1.5987356,0.045497869,0.46318396,1.6189152,0.023058944,0.47916057,1.3370631,0.037074945,0.48530285,0.16684431,-0.02270809,0.54022328,0.024366388,0.095191231,0.042872993,0.002816632,-0.011910686,0.12823802,1.5768966,0.044103916,0.30809378,1.543106,0.025451821,0.31026645,1.3063771,0.035869767,0.31121217,0.16218362,-0.018855846,0.34520833,0.022406434,0.043926071,-0.18028616,0.0026786185,-0.0008154847,-0.050344213
cop_0034,464,644.5669612,1000,1.614974,0.057894282,0.30385165,1.6084846,0.038741745,0.3189121,1.3383382,0.055600169,0.30738448,0.11491403,0.016674636,0.36915945,0.009132532,0.12274551,0.036869582,0.0010617578,-0.01542836,0.1594353,1.5835493,0.054905436,0.17358719,1.5351989,0.033072203,0.18012235,1.3041675,0.045550596,0.20006925,0.11061464,0.020305383,0.24734282,0.0084468967,0.094184015,-0.13946995,0.0010119716,0.0010356711,-0.0028133884
cop_0035,266,397.8942873,1000,1.373399,-0.035575013,0.72263822,1.372032,-0.057309028,0.70741385,1.1219695,-0.053849472,0.75743914,0.11677091,-0.13459467,0.97305558,0.032312122,0.047850978,0.023299797,0.0057058745,0.025983855,0.28095608,1.3422016,-0.014105206,0.33889466,1.3316355,-0.042424765,0.39111149,1.1067723,-0.036819215,0.37505643,0.11471668,-0.089024983,0.50166319,0.030375545,0.050579127,-0.15595633,0.0055675866,0.0053581094,0.1008112
cop_0036,68,194.6250015,1000,1.411792,-0.0014798647,0.53744955,1.4217491,-0.019535938,0.55528925,1.1621686,-0.01885853,0.57358449,0.19028487,-0.095098866,0.6273408,0.090307848,0.079220833,0.015401264,0.018269243,-0.035143459,0.1740944,1.3732822,-0.0011439957,0.30984699,1.3587733,-0.022033824,0.32608807,1.1221081,-0.011065269,0.35325579,0.18244965,-0.077765986,0.39891318,0.083072934,0.052813872,-0.14876328,0.017164769,-0.019731909,0.037432259
cop_0037,742,1411.585952,1000,1.6524665,0.039583741,0.37375189,1.6433057,0.022478167,0.41044055,1.3712345,0.024534252,0.39797207,0.076273769,0.010132181,0.43094536,0.037384706,0.1156047,0.082239065,0.0061250481,-0.054294695,0.13987084,1.6392868,0.043801455,0.23889405,1.5877875,0.018210815,0.26811428,1.3451764,0.02725315,0.2542897,0.074790681,0.013948387,0.28460087,0.035141175,0.081823267,-0.090081439,0.0058601421,-0.047020393,-0.013177012
cop_0038,487,693.4975275,1000,1.3010439,0.027554866,0.35204349,1.2978363,0.0041413235,0.38268422,1.0621026,0.016993848,0.39805894,0.11361247,-0.029508476,0.52748988,0.0064045015,0.08295435,-0.02156257,0.00072257471,-0.0012607004,0.16839688,1.2704962,0.025087146,0.20516923,1.2522185,-0.0086271285,0.19688262,1.0434085,0.010769273,0.2156659,0.11046461,-0.018334038,0.28365954,0.0059393441,0.051558409,-0.19359436,0.00069105812,-0.0020121636,0.032128349
cop_0039,438,604.5111751,1000,2.163543,-0.006136027,1.31552,2.205601,-0.025255465,1.3136166,1.8349317,-0.020689956,1.2649975,0.13399397,-0.17008608,1.4270116,0.048476361,0.076553242,0.058456672,0.0081381885,0.03692536,0.23549865,2.094788,-0.0014759779,0.86001642,2.0934885,-0.023482817,0.92126034,1.7688054,-0.02128884,0.8704259,0.12833452,-0.14313783,1.0266112,0.044957621,0.058763592,-0.13120954,0.0075317244,0.032551611,0.041509653
cop_0040,211,327.2939347,1000,1.1673009,0.059641713,0.15187843,1.1345414,0.037027526,0.16718074,0.9517651,0.049499048,0.15514268,0.11505075,0.019880425,0.18209779,0.031426847,0.04640365,0.018319031,0.0058314716,-0.046281532,0.053958822,1.1573707,0.070168959,0.065636056,1.092543,0.035413015,0.053026588,0.93293939,0.05569604,0.047452816,0.11192924,0.022331835,0.085026798,0.029880276,0.033334583,-0.20267427,0.0055405381,-0.040352978,-0.093869188
cop_0041,181,296.54481,1000,1.498429,0.018220021,0.45026165,1.4848566,-0.0011221379,0.46298755,1.2255374,0.0040625121,0.46343548,0.038796664,-0.062352992,0.63461803,0.005189418,0.032956098,0.046091601,0.0010278124,0.0029351688,0.23096289,1.4785095,0.028025674,0.23481851,1.4305298,0.0010352447,0.26486729,1.204347,0.0031229869,0.2717416,0.037647294,-0.050499047,0.36038487,0.0049133159,0.013085101,-0.12474639,0.0009918618,0.01610089,0.059144797
cop_0042,228,346.4837164,1000,1.7936062,0.0050770737,0.8226135,1.7881208,-0.0065593715,0.83372926,1.5089139,-0.0071890021,0.82288729,0.11397324,-0.094584436,0.98295008,0.028868858,0.028505678,0.12338199,0.0056159574,0.011816849,0.32318808,1.7490759,0.028351036,0.48778124,1.7190195,0.0074704358,0.53317934,1.4632666,0.011948907,0.5071187,0.10970456,-0.062809552,0.63352899,0.02717179,0.029814467,-0.061190138,0.0053124501,0.0062081933,0.11255846
cop_0043,336,469.0846003,1000,1.7385525,0.01185324,0.67804126,1.7242875,0.0025703848,0.68360422,1.4381282,-0.0085962281,0.71984217,0.18028496,-0.10665752,0.71179098,0.038108942,0.023592394,0.0075306684,0.0099391204,0.028903416,0.24416054,1.7154826,0.011948358,0.39674693,1.6810631,-0.0082760397,0.42266221,1.4241679,-0.0024347638,0.42458293,0.1783596,-0.091701248,0.4590209,0.037566266,0.032044977,-0.11067267,0.0097721357,0.030625585,0.11988567
cop_0044,152,272.8671227,1000,1.4374257,0.058226128,0.19086859,1.4495274,0.042938302,0.24391165,1.1697558,0.04079716,0.21432453,0.21646707,-0.01649277,0.17823707,0.073281501,0.048518049,-0.070333858,0.018512198,-0.010303309,-0.026019299,1.4176856,0.04708648,0.089545854,1.3817195,0.027915938,0.098000328,1.1460114,0.031199103,0.10082918,0.21278454,-0.01103043,0.074652875,0.069538961,0.043113711,-0.1712215,0.017919146,-0.015952753,-0.13984944
cop_0045,345,479.1907985,1000,1.4257988,0.017714994,0.5523847,1.404543,0.0038683473,0.58079991,1.1757605,0.002781749,0.57480508,0.19910434,-0.060757144,0.59154015,0.032876109,0.12787341,0.079623514,0.004060778,-0.054624067,0.23871374,1.4123635,0.042212571,0.32743898,1.368335,0.013662796,0.34990961,1.1551269,0.016981043,0.35707367,0.19433339,-0.030674145,0.33037727,0.030554958,0.084634748,-0.18495125,0.0038656344,-0.038223084,0.015688287
cop_0046,484,688.2340589,1000,2.2080163,0.024673344,0.96325977,2.2365994,0.017750275,1.0129642,1.8494154,0.01341219,0.99021221,0.038576,-0.068859995,1.0320159,0.0046327677,0.010904013,-0.072710398,0.00038160695,0.054799464,0.26188986,2.1621101,0.02821604,0.57257772,2.1244401,0.007630732,0.64240261,1.7948325,0.0038063473,0.61909129,0.037335559,-0.057613015,0.68408652,0.0044244423,0.0036462178,-0.23319971,0.00037339815,0.049702824,0.075328352
cop_0047,734,1364.084202,1000,1.7843945,0.062766094,0.31626357,1.7768755,0.043760127,0.31639465,1.4587921,0.045323543,0.32804693,0.071269576,-0.0094126786,0.38307933,0.063229847,0.052779741,-0.03892413,0.01497817,-0.0091210305,0.053708509,1.7545511,0.062079057,0.17117725,1.7148976,0.043210219,0.18167299,1.4366022,0.050195125,0.18536836,0.069986271,-0.0010519739,0.25668632,0.060162376,0.050308802,-0.16141324,0.014774137,-0.0065753796,-0.046385744
cop_0048,255,385.7043486,1000,1.390099,0.042107124,0.3081685,1.3708914,0.013629143,0.32394099,1.1446293,0.027190589,0.32441752,0.13122091,-0.0033722246,0.37161659,0.022755817,0.024199944,0.06944891,0.0049226317,-0.038896183,0.18061298,1.3473937,0.034305331,0.2088868,1.3367983,0.012928552,0.20023693,1.1163856,0.016883483,0.21323038,0.12664563,-0.013009539,0.23072625,0.02157528,0.01797983,-0.11733321,0.0046794014,-0.02245056,0.020780305
cop_0049,655,1042.760827,1000,1.3890896,0.040175905,0.25988416,1.3991128,0.02396782,0.27927079,1.1354966,0.025243086,0.28534748,0.074821776,-0.024568569,0.36589486,0.0028728239,0.027267612,-0.014029013,0.00045564515,0.010617624,0.12267025,1.3705366,0.035670693,0.1425348,1.3466229,0.008433791,0.13311989,1.1200722,0.022981746,0.13846811,0.073395275,-0.022180892,0.1857642,0.0027558759,0.019001831,-0.19616045,0.00044648664,0.0098910898,-0.0071820783
cop_0050,529,751.3261629,1000,1.403218,0.039933988,0.37365307,1.4089125,0.020822131,0.38053496,1.1505425,0.026761047,0.38410759,0.031980242,-0.045158656,0.46715645,0.015121149,0.046152703,0.036773019,0.0031512187,-0.019405116,0.13050054,1.3705447,0.049846199,0.15705304,1.3543042,0.020025805,0.19123592,1.1305796,0.026887779,0.18645721,0.031175856,-0.030718425,0.25941462,0.014328818,0.041940865,-0.13459586,0.0030553986,-0.035908839,-0.040900006
cop_0051,421,581.2112706,1000,1.616268,0.0020150562,0.73852066,1.623325,-0.018855703,0.75417119,1.3562484,-0.014464956,0.78184643,0.22056444,-0.12887083,0.78253935,0.027778959,0.0022531266,0.036839098,0.0046868057,-0.01022439,0.23857796,1.5781467,0.0085616162,0.41941072,1.5673927,-0.022107199,0.45003512,1.3210659,-0.0050758392,0.43121638,0.21489648,-0.10224737,0.44578451,0.026825485,0.0045709752,-0.10288506,0.0045308649,-0.0076541241,0.10949085
cop_0052,521,741.6836246,1000,1.7631375,-0.048377127,1.1423725,1.7344428,-0.066651897,1.1841806,1.4776199,-0.066013969,1.1167397,0.25920963,-0.19993443,1.0825897,0.0033704369,0.15224608,0.058760027,0.00034097835,0.026733888,0.3767428,1.7122095,-0.028450078,0.7115575,1.6705095,-0.059322424,0.72751946,1.4177709,-0.051384971,0.73239446,0.24888279,-0.1415677,0.63727963,0.0030948309,0.12647231,-0.1516729,0.00032056062,0.039295096,0.1634594
cop_0053,541,776.2090952,1000,1.5242031,-0.04435956,0.79708923,1.5358086,-0.063371442,0.83452125,1.2623264,-0.05662887,0.82930119,0.011538452,-0.19659516,1.1693475,0.0070099983,0.073691701,0.067426627,0.00093576217,-0.017576473,0.27711405,1.4937199,-0.031911087,0.52517079,1.453093,-0.063364737,0.52290318,1.2268325,-0.047721454,0.55449621,0.011047362,-0.1453679,0.72079208,0.0063752162,0.062038044,-0.14614768,0.00088978688,-0.0069736169,0.10279301
cop_0054,478,671.5016276,1000,1.70341,0.01796788,0.7024836,1.728035,0.0078043144,0.71925719,1.4297367,-0.0039861313,0.72233343,0.2538165,-0.10222334,0.60095773,0.085724036,0.075256998,0.052578529,0.02070091,-0.0065291098,0.14048281,1.6802656,0.028065321,0.39770674,1.6645668,0.0081268672,0.42370397,1.3959993,0.012472264,0.39616051,0.24773753,-0.067475833,0.33914663,0.083087775,0.058040794,-0.10462029,0.020339992,-0.010163104,0.012303258
cop_0055,826,2051.16063,1000,1.6362446,0.061504019,0.32178078,1.6402705,0.05090159,0.34858673,1.3153421,0.040926036,0.36159604,0.14492534,-0.020055498,0.41204666,0.0052975733,0.028927243,-0.074199909,0.00056085652,0.038829002,0.0089404136,1.6140848,0.06526301,0.21023286,1.5777353,0.035994184,0.21057436,1.2950006,0.050964522,0.20341308,0.14333941,-0.0087453366,0.25655789,0.0050772319,0.020154984,-0.25156422,0.00055150686,0.034670383,-0.1124682
cop_0056,583,839.7874922,1000,1.5627126,0.017319849,0.47703433,1.5538144,-0.00047078406,0.49655636,1.2699853,-0.0015734442,0.52396023,0.044026289,-0.08998691,0.63422964,0.0044917362,0.0092800762,-0.070155301,0.00063843615,0.033433803,0.20038611,1.5275252,0.030206096,0.24378608,1.499583,-0.0047159537,0.25356895,1.2398323,0.0036783473,0.27844332,0.043068107,-0.068082098,0.3228293,0.0043144272,0.0059418145,-0.20641714,0.00063220144,0.01638924,0.034171133
cop_0057,124,254.0633671,1000,1.2352288,0.063954766,0.12440249,1.2024136,0.034303139,0.1402784,0.99660963,0.046570716,0.14520586,0.096521748,0.028435398,0.17267819,0.052424167,0.039627065,0.03395616,0.010416178,-0.059470174,0.066339905,1.2198357,0.051651974,0.027357865,1.1729302,0.024251804,0.03577073,0.97617289,0.038197892,0.023837548,0.093669002,0.015038387,0.061047082,0.049169173,0.028389754,-0.11090296,0.009823609,-0.041011402,-0.062195141
cop_0058,102,233.0287509,1000,1.1565544,0.077222405,0.10708933,1.1327009,0.048991134,0.14734876,0.93999006,0.064235742,0.12561694,0.0069702139,-0.027920683,0.20427913,0.00076576911,0.01708131,-0.11254196,3.7375294e-05,-0.075542474,0.055246472,1.1329283,0.077334548,0.048432955,1.0972651,0.04644914,0.059778044,0.92024367,0.064849007,0.049719133,0.0067557123,-0.022917442,0.077602583,0.00071505559,0.028406014,-0.27131549,3.5315044e-05,-0.060261629,-0.11007771
cop_0059,38,156.4012067,1000,1.2718737,0.026977689,0.31733537,1.2505313,0.005803309,0.34068361,1.0484085,0.021157722,0.34053642,0.030916625,-0.036314863,0.44198028,0.0041831876,0.15551439,-0.033146963,0.00023818093,-0.012354019,0.078145149,1.2571574,0.037196218,0.17838729,1.2224427,0.0062198449,0.19602382,1.0286548,0.027426688,0.2162051,0.029976664,-0.021762361,0.25650216,0.0038147508,0.11059605,-0.26121617,0.00022418712,0.0089790504,-0.063472465
cop_0060,235,356.0056397,1000,1.3513072,0.070011833,0.16033614,1.3306697,0.043671233,0.18561124,1.0848706,0.052434015,0.17351179,0.051266403,0.0075639031,0.18889557,0.012521747,0.023431004,-0.091900059,0.0017159172,-0.016180917,0.034404742,1.3454551,0.074783338,0.083279188,1.295215,0.049274337,0.098586735,1.0759377,0.053968207,0.089915917,0.050668134,0.014553658,0.064937184,0.012355598,0.014003019,-0.20261364,0.0017018742,-0.021800285,-0.10030525
cop_0061,491,695.9442413,1000,1.6159746,0.045155499,0.31254654,1.5931021,0.025898068,0.33130163,1.3352438,0.036776486,0.32818316,0.11266915,-0.0025552693,0.38544836,0.039803588,0.065648955,0.055370525,0.0079919964,-0.040626219,0.10507539,1.5868551,0.04884355,0.18240889,1.5355932,0.017368387,0.18491598,1.2992362,0.032848703,0.20607855,0.1088613,-0.009151876,0.22808163,0.037644578,0.066417725,-0.11231222,0.0076363703,-0.033549639,-0.033069559
cop_0062,188,301.7230738,1000,2.1289901,-0.0022597365,1.2440191,2.1563774,-0.014119424,1.2678084,1.8076836,-0.012495044,1.2072868,0.25523809,-0.18028111,1.066736,0.047075357,0.050371667,0.062009214,0.0098994921,0.031158935,0.24457822,2.0685578,-0.0016597613,0.80959923,2.0280442,-0.019330284,0.83501698,1.7498562,-0.013279774,0.82830556,0.24853394,-0.12235003,0.75443526,0.044996266,0.047070854,-0.06835855,0.0094710259,0.028137306,0.092945051
cop_0063,597,862.8583511,1000,2.1931131,-0.071205898,1.884008,2.221267,-0.088799417,1.853875,1.857196,-0.086607098,1.8068655,0.23690118,-0.28943517,1.6691282,0.0052336875,0.20359494,0.031952819,0.00037296802,0.035993891,0.28740731,2.1197604,-0.045832679,1.1539615,2.0895132,-0.07031377,1.1975863,1.7644327,-0.06898083,1.1754843,0.22565572,-0.2085938,1.1092775,0.0047686554,0.16112719,-0.19193397,0.00035558132,0.039239877,0.087689383
cop_0064,536,765.5717683,1000,1.7415117,0.014259999,0.75198886,1.787316,-0.018182924,0.76532486,1.4277902,-0.013144809,0.74781387,0.014075875,-0.14632872,0.81019443,0.0026185059,-0.01567534,-0.085987612,0.00019330411,-0.00739582,0.1093159,1.716024,0.019118955,0.41901665,1.6947411,-0.0084382249,0.43323863,1.4016323,-0.00050724312,0.47412768,0.013928257,-0.12590222,0.50075385,0.0024809668,-0.01917688,-0.28884332,0.00018979386,-0.026573001,-0.027618612
cop_0065,203,320.4522399,1000,1.6727246,-0.053199484,0.89165848,1.6674969,-0.066436596,0.90503102,1.3927782,-0.060009273,0.91711815,0.14115246,-0.13170681,1.0166313,0.023884018,0.01976391,0.12599648,0.0057375273,0.020028887,0.47227161,1.6191208,-0.020239727,0.57261859,1.5831262,-0.048368093,0.60917671,1.3555034,-0.028115647,0.60678896,0.13663885,-0.096332691,0.67986158,0.022647932,0.0061361944,-0.027144519,0.0055355045,0.022164365,0.25285457
cop_0066,334,466.2079776,1000,1.2789553,0.065144581,0.12389615,1.2765453,0.042150162,0.14709361,1.0475745,0.05085458,0.14133132,0.098710758,0.029175877,0.17090605,0.047276773,0.082693768,-0.017446047,0.0090063514,-0.044939799,0.032943225,1.266486,0.072239206,0.046917681,1.2171022,0.037342377,0.06354852,1.0263951,0.047495636,0.04869002,0.096550564,0.02550031,0.083763686,0.044349906,0.068990674,-0.18688816,0.0085779557,-0.038439634,-0.089791356
cop_0067,901,2734.545335,1000,2.585673,-0.012498316,1.7069372,2.6580721,-0.020597858,1.7115016,2.18122,-0.028434607,1.7076119,0.039519809,-0.10087611,2.0043778,0.012605853,0.071301559,0.070111935,0.0030247976,0.069993183,0.33185634,2.5139834,0.0027470447,1.1503324,2.4973791,-0.017623064,1.2129343,2.091651,-0.011557897,1.1786837,0.037539473,-0.082567191,1.3418496,0.012358332,0.042894685,-0.047592808,0.0029218866,0.065238688,0.15508984
cop_0068,286,419.9746269,1000,1.8271261,0.0069944105,0.75984588,1.838687,-0.0091072777,0.76596336,1.4933053,-0.010039907,0.7727193,0.10509862,-0.087623622,0.83582854,0.022783448,0.05202178,0.0041037051,0.0049589308,0.045343661,0.22721111,1.7701371,0.022515235,0.40770426,1.7468847,-0.00056508202,0.43356301,1.4546127,0.0073557809,0.44655191,0.10223314,-0.057278691,0.43594019,0.022181154,0.028157368,-0.14807801,0.0047942504,0.032231004,0.063638051
cop_0069,82,212.0831007,1000,1.2900343,0.061840561,0.13532072,1.2813983,0.040498006,0.16288332,1.0572991,0.050709151,0.15020457,0.071128148,0.049385701,0.19544913,0.028011273,0.050016524,0.086905076,0.0050535817,-0.077321192,0.12695352,1.2806195,0.063402786,0.080638051,1.2411793,0.037825354,0.085222134,1.0446437,0.043484064,0.06641636,0.069536161,0.051097093,0.08816309,0.026374338,0.020973761,-0.14358659,0.0048543603,-0.06934661,-0.036544084
cop_0070,755,1486.668762,1000,1.3625461,-0.030540078,0.7394028,1.386761,-0.05427074,0.71994496,1.1196816,-0.054381523,0.75303663,0.074325437,-0.14581901,0.96308274,0.029184457,0.0025541762,0.0038937992,0.0058580415,0.022699726,0.18858503,1.3350245,-0.017018715,0.4353599,1.3197864,-0.05128313,0.46493456,1.0958704,-0.040777345,0.43687388,0.072546389,-0.12778668,0.55980558,0.028483158,-0.018992739,-0.1299809,0.0058070638,0.014938576,0.042052854
cop_0071,130,257.4757447,1000,1.5368919,0.028319177,0.36200324,1.5345919,0.017710184,0.40919255,1.269384,0.019365444,0.38810257,0.16541244,-0.023776021,0.4279004,0.040797543,0.02739954,0.086231701,0.010019507,-0.035393788,0.15301165,1.5191461,0.050229443,0.19858925,1.4662285,0.013567379,0.2325974,1.2423387,0.038600402,0.21226451,0.1605379,-0.010981122,0.22922937,0.037643099,0.017454332,-0.087344381,0.0094784163,-0.023002022,0.0039142091
cop_0072,948,3883.605004,1000,1.9315788,0.050362195,0.61037532,1.92703,0.029652099,0.6316644,1.6229691,0.038033853,0.62046574,0.064174328,-0.012316034,0.70312519,0.037299672,0.11855161,0.091201114,0.0061505925,-0.03518679,0.14882126,1.8768655,0.045590533,0.41355875,1.8501911,0.03234249,0.41207753,1.5672138,0.035629712,0.41396906,0.061801001,-0.0099310725,0.42591021,0.034678102,0.094499688,-0.10515088,0.0059132819,-0.017886748,0.020412215
cop_0073,615,901.6006467,1000,1.2606912,0.033083884,0.23772843,1.2540043,0.01036693,0.24668683,1.018274,0.015968649,0.24683451,0.073749548,-0.035273061,0.31578076,0.014399217,0.036476094,-0.076335254,0.001885006,-0.013309491,0.064156736,1.2415912,0.04170692,0.11922703,1.2173149,0.016820868,0.13235317,1.0063715,0.033387288,0.13440576,0.073259625,-0.018285496,0.14751616,0.013923139,0.01008652,-0.23681974,0.0018728028,-0.0089524995,-0.074632547
cop_0074,371,509.6552937,1000,1.8139468,-0.079505299,1.283367,1.8350049,-0.097079638,1.2975042,1.5103364,-0.096798811,1.2654814,0.13875055,-0.24185214,1.5209208,0.026833818,0.01904385,0.074554233,0.0052571994,0.060031595,0.50141996,1.7698957,-0.051467751,0.83710521,1.7539908,-0.067813054,0.85832279,1.4739148,-0.070294349,0.86293458,0.13526162,-0.19120567,1.0943667,0.025533259,0.026310556,-0.087721052,0.0050737039,0.061175398,0.30466284
cop_0075,853,2278.938019,1000,2.1053138,-0.058422985,1.5918936,2.1260994,-0.082477596,1.6150935,1.7817833,-0.07501825,1.5692766,0.1325988,-0.2742991,1.8084496,0.037003834,0.085335208,0.044591136,0.0049928564,-0.0088517912,0.26971674,2.0273233,-0.061426359,1.0439836,2.0188522,-0.071849473,1.0783002,1.7118939,-0.070290978,0.99444756,0.12820509,-0.23301157,1.2620999,0.034160934,0.090407335,-0.1367855,0.0048084127,-0.0087274046,0.10074412
cop_0076,391,536.7770977,1000,1.3969202,0.062446905,0.19384376,1.3898443,0.044837965,0.20932957,1.1536538,0.055868706,0.2218596,0.014483032,-0.0095028878,0.29612139,0.0096850021,0.086321186,0.018600562,0.0014531615,-0.045741705,0.08433549,1.3894814,0.068568638,0.12528321,1.3625322,0.051990767,0.13330391,1.1366772,0.053476556,0.14190865,0.014089884,-0.014247063,0.15293459,0.0091798784,0.063283137,-0.1601785,0.0014074797,-0.030994734,-0.027888149
cop_0077,983,6635.805177,1000,2.1237477,-0.035290316,1.4473517,2.1924272,-0.051863123,1.3905651,1.773805,-0.058976019,1.4413871,0.052941091,-0.20539049,1.4853877,0.0088681527,0.032141803,-0.079210731,0.0008670408,0.002829419,0.19388837,2.0859087,-0.029791319,1.0183822,2.0789358,-0.046896811,0.98972438,1.7345775,-0.054717017,1.0227328,0.051869886,-0.17346857,1.0616409,0.0085245567,0.017518,-0.23069494,0.00084251562,-0.01851017,0.06016418
cop_0078,33,153.4011517,1000,1.2078755,0.039160272,0.19150408,1.1947723,0.016296664,0.2118279,0.96207852,0.018561212,0.21228242,0.17905143,-0.034631336,0.22325497,0.043802733,0.003887161,-0.038992404,0.011597325,-0.007804728,0.061364388,1.1903932,0.035171633,0.071542138,1.1543355,0.0034710391,0.084022085,0.9542609,0.010564476,0.075768404,0.17757662,-0.020959685,0.10969875,0.043289096,0.011507041,-0.16344052,0.011487566,-0.016574483,-0.07148286
cop_0079,783,1646.339295,1000,2.6104001,-0.061580845,2.1339575,2.6513178,-0.074756125,2.1160178,2.2143249,-0.078983114,2.0718402,0.18046254,-0.30448914,1.9465681,0.12134653,0.10826611,0.00076836325,0.024560458,0.024607766,0.29473792,2.4907808,-0.043935323,1.4586395,2.4659869,-0.06200697,1.555307,2.1114472,-0.057690569,1.4527795,0.17218019,-0.22839893,1.4763274,0.11589133,0.089240339,-0.12933017,0.023545609,0.027712043,0.13912006
cop_0080,589,848.621154,1000,1.2137752,0.072370952,0.1279787,1.2265861,0.040989321,0.15785743,0.96837747,0.049317468,0.14319157,0.038058966,0.0054710574,0.17703513,0.0025127517,0.019027644,-0.080125027,0.00030091531,-0.00034356048,0.036080226,1.198747,0.067276037,0.07924328,1.1766727,0.040683299,0.071031151,0.96313162,0.046534413,0.08199621,0.037914482,-0.0015887253,0.12721916,0.0024384644,0.03134263,-0.25181209,0.00029434728,-0.010642782,-0.056374822
cop_0081,225,342.9442589,1000,1.5385769,0.050630875,0.32128262,1.5178682,0.026936795,0.36775712,1.2852447,0.039695656,0.34135644,0.18175713,-0.005641017,0.34908775,0.03792918,0.070333991,0.049070326,0.0071549217,-0.046541527,0.12035832,1.5104809,0.055474231,0.18814163,1.473811,0.027558428,0.19054904,1.2560434,0.054479861,0.20284919,0.17656083,0.011213274,0.21702088,0.035832364,0.056992889,-0.1006374,0.0068425678,-0.032974467,-0.015255727
cop_0082,984,6674.250933,1000,3.2097637,-0.030824928,2.2811106,3.244289,-0.048013954,2.3586153,2.7176715,-0.050329873,2.2158934,0.047870551,-0.099014121,2.6068969,0.024868215,0.04091207,0.040985489,0.0059677877,0.019632762,0.42223861,3.0541421,-0.01996274,1.6491768,3.0546198,-0.047311229,1.7174172,2.5918153,-0.042487981,1.5970453,0.045710073,-0.07775101,1.8143501,0.023981848,0.05376883,-0.048373531,0.0058196576,0.0068810676,0.24353473
cop_0083,333,465.2034529,1000,2.6868315,-0.087406459,2.3205773,2.7142445,-0.099161073,2.4088736,2.3074727,-0.10780966,2.2190536,0.088303712,-0.24973343,2.1998258,0.027230882,0.085363205,0.030443383,0.0042929351,0.10044356,0.57861949,2.5793471,-0.081559519,1.6088275,2.5675843,-0.089940306,1.683754,2.2038167,-0.095720661,1.5716355,0.085119589,-0.21853355,1.5746469,0.026067848,0.069461711,-0.10710402,0.0041207455,0.10119452,0.38940241
cop_0084,741,1400.221172,1000,2.3845485,-0.016908855,1.4667577,2.4241109,-0.022619548,1.4358605,1.9987026,-0.032064802,1.4557361,0.13410653,-0.20249581,1.5852426,0.010113577,0.031531643,-0.046099826,0.0016066928,0.11432507,0.2911457,2.3026533,0.011011138,0.96362202,2.2983599,-0.0097959042,1.0217841,1.9286447,-0.016188513,0.98017399,0.13105109,-0.15752219,1.1589521,0.0097007178,0.030682308,-0.18071213,0.0015600289,0.12247571,0.11106185
cop_0085,205,321.3309606,1000,2.1543948,0.041482994,0.91097001,2.1256596,0.03143021,0.95925651,1.8134211,0.033456614,0.88782075,0.017069624,-0.081996794,0.95216893,0.0063559118,0.011622475,-0.011311163,0.0010354623,0.047727052,0.37241426,2.0927066,0.049906754,0.59992307,2.0283714,0.027932831,0.63658961,1.7494371,0.042568903,0.62623749,0.016386715,-0.074004714,0.6712857,0.0061435701,0.0083543807,-0.16363228,0.0010099877,0.047255913,0.23388943
cop_0086,791,1739.641238,1000,1.94885,0.010025765,0.94163391,1.9605336,0.00090450676,0.96075897,1.6539123,0.0020545279,0.90964143,0.19139169,-0.098180747,0.89441406,0.0023534544,0.10384784,0.042814769,0.00032985759,0.020135431,0.31605802,1.8975728,0.01512951,0.53993194,1.8557325,-0.0099633199,0.57898783,1.59905,-0.0014690867,0.57515792,0.18466719,-0.082318571,0.62291891,0.0022043672,0.08960551,-0.097985101,0.0003185128,0.028407423,0.16825274
cop_0087,785,1659.206927,1000,1.6384709,0.0196522,0.499968,1.6333505,-0.00082508859,0.51310139,1.3636935,0.0062827025,0.53245562,0.017694825,-0.076470121,0.71038953,0.020598481,0.084088236,0.095013807,0.0036958903,-0.035174987,0.17783474,1.606017,0.032635137,0.31690074,1.5715572,0.0082053025,0.35775301,1.3374132,0.017609731,0.34836343,0.01713359,-0.055248243,0.46414323,0.019287768,0.063889722,-0.072131052,0.0035223012,-0.034124193,0.053810656
cop_0088,629,948.887484,1000,1.2536647,0.029232298,0.30072387,1.2641682,0.0045377267,0.31169014,1.0227258,0.016572395,0.31234,0.10797593,-0.038438886,0.36213948,0.013923857,0.053005263,-0.035147966,0.0013885353,-0.02497735,0.11353133,1.2368961,0.038495763,0.18127813,1.2290385,0.013749394,0.1843719,1.0111247,0.014264401,0.17589686,0.10626433,-0.019222028,0.21194765,0.013397904,0.031744863,-0.21234097,0.0013392604,-0.035393519,0.0076405761
cop_0089,508,719.676974,1000,2.7420601,-0.04928235,2.3211165,2.7770503,-0.059952737,2.2496795,2.3091246,-0.063991213,2.2016296,0.37019576,-0.41734025,1.75574,0.0027044559,-0.0016993399,-0.016243022,0.00041732637,0.066723501,0.43551041,2.5995743,-0.041728368,1.648445,2.6004068,-0.055425818,1.6846801,2.1940372,-0.066846955,1.6789509,0.35673575,-0.35654779,1.3131688,0.0025506174,0.01514503,-0.15577586,0.00040540367,0.076502335,0.27540007
cop_0090,263,394.3756301,1000,1.5102677,0.012743417,0.43570045,1.5123622,-0.012360869,0.46309469,1.248598,-8.2246919e-05,0.49018524,0.017192835,-0.040466445,0.45912542,0.0075845812,0.090092227,0.002910902,0.00053971251,-0.080515056,0.16913654,1.4881341,0.025856291,0.25054846,1.45677,0.01487188,0.25483917,1.2264541,0.022401583,0.25298153,0.016635086,-0.03791567,0.26350769,0.0071387984,0.075176325,-0.22425271,0.00051385347,-0.070627777,-0.0094225463
cop_0091,350,484.7361931,1000,1.2576931,0.077652661,0.11158598,1.2400447,0.047694638,0.14775469,1.023837,0.06332774,0.12382407,0.11146275,0.040504959,0.14929858,0.028953779,0.067461115,-0.035117618,0.0053061313,-0.069051017,0.027652038,1.2367544,0.07592034,0.043831722,1.1990698,0.044183042,0.063971586,0.99735697,0.057581944,0.051969751,0.10750529,0.027919972,0.069414324,0.027338434,0.045573474,-0.19459252,0.0050944498,-0.048020643,-0.091584622
cop_0092,814,1911.654484,1000,1.9665756,-0.0031988862,1.0532497,1.9950017,-0.023019342,1.0849688,1.6361455,-0.023796968,1.0758146,0.039229474,-0.1210379,1.1291552,0.005394273,0.034300676,-0.068676569,0.00057357156,0.036015616,0.17526319,1.9066357,-0.0044547934,0.70187293,1.8864057,-0.02210841,0.7200287,1.5986669,-0.020837232,0.7224302,0.0379381,-0.093783091,0.8085647,0.0051256622,0.034855205,-0.1939135,0.00056415703,0.03120473,0.07037592
cop_0093,959,4432.03101,1000,2.5988419,-0.054445351,2.0116557,2.6165307,-0.060913223,1.9807467,2.1902514,-0.070857074,1.9570212,0.027241067,-0.18534996,2.4776984,0.0055527726,0.10871099,-0.072366289,0.00041858242,-0.058823859,0.34275671,2.4799645,-0.029336852,1.3795236,2.4514383,-0.042579511,1.4013954,2.0839703,-0.057731249,1.3587495,0.025895658,-0.15373877,1.7676653,0.0049061004,0.099188649,-0.26080026,0.00040575996,-0.04024684,0.14169625
cop_0094,819,1978.983981,1000,1.8626911,0.057563548,0.47914814,1.86578,0.040739415,0.49173522,1.5225845,0.041984478,0.47604844,0.059368635,-0.0226275,0.57674456,0.023338057,0.064557341,-0.00054882735,0.0057611702,0.0048300291,0.075032655,1.8283697,0.046921758,0.25252694,1.7893513,0.033334581,0.2784935,1.4881196,0.035441064,0.2779804,0.058299509,-0.018175632,0.30844151,0.022926893,0.0469398,-0.14272705,0.0056021148,0.01545553,-0.046572684
cop_0095,592,854.2945633,1000,1.5151285,0.040245748,0.35687227,1.5162442,0.02400258,0.39704555,1.2617422,0.033465975,0.35954353,0.17662638,-0.014687555,0.40309635,0.0042701618,0.060534046,0.020976467,0.00054092094,0.0039175664,0.15805726,1.4870838,0.03572716,0.18747862,1.4546751,0.015222545,0.21427712,1.2358486,0.027700458,0.20547667,0.17181658,-0.014016132,0.24198581,0.0039856189,0.042587511,-0.18851864,0.00051561911,-0.0068548897,-0.018223891
cop_0096,701,1229.130077,1000,2.0016703,-0.1008034,1.6673083,2.0109927,-0.12072535,1.6975962,1.6848015,-0.11897674,1.6148154,0.24165401,-0.31428776,1.6383064,0.0048519871,0.14005643,0.054329516,0.00045463269,0.023809344,0.39916939,1.9130871,-0.088872421,1.0443878,1.9021573,-0.1071651,1.1261109,1.6153113,-0.096838568,1.0665688,0.23220535,-0.24102566,1.0634505,0.0045375844,0.12326026,-0.16308109,0.00043458413,0.024745282,0.2452998
cop_0097,779,1625.42291,1000,1.4264014,-0.015453038,0.61355572,1.4415484,-0.030120993,0.63394045,1.1852655,-0.022654847,0.6611698,0.015872573,-0.10938444,0.99546669,0.01934724,0.10776099,0.11083515,0.0035957291,-0.044470018,0.26156621,1.3944359,-0.0080550253,0.35383028,1.38103,-0.033807056,0.37203689,1.1575821,-0.019560293,0.38248315,0.015220864,-0.10133714,0.5996959,0.018063126,0.07136676,-0.097988712,0.0034431141,-0.02714428,0.065918652
cop_0098,96,230.1001462,1000,1.9987346,-0.029758568,1.1258838,1.986085,-0.049780167,1.1695174,1.6773019,-0.04635031,1.1417833,0.020856008,-0.07751802,0.95889237,0.0088903228,0.0058792102,-0.012586134,0.0011934997,0.0094254341,0.33982685,1.9429615,-0.0060197042,0.68006683,1.9083719,-0.02444612,0.72406913,1.6337575,-0.024657051,0.72435373,0.020302059,-0.076929558,0.66098477,0.0083526882,0.0011345331,-0.18364474,0.001152577,0.0076690667,0.20535513
cop_0099,930,3356.17876,1000,1.7716527,0.042365935,0.46283925,1.7734044,0.029971335,0.47458116,1.4581603,0.028545049,0.43677547,0.18224711,-0.039988674,0.43785624,0.036586803,0.051550407,-0.064546058,0.0050370724,0.0013434395,0.024384178,1.737848,0.052028781,0.27498252,1.7124609,0.037471976,0.30564764,1.4246706,0.035331807,0.26317167,0.17869059,-0.019844553,0.25736597,0.035540323,0.060364881,-0.20475878,0.0049518011,-0.0080270369,-0.078260261
cop_0100,260,390.2711388,1000,1.4724343,0.061725741,0.18776505,1.4424199,0.03401286,0.20993682,1.2179738,0.050881384,0.20619599,0.14249458,0.027133863,0.25288901,0.089383225,0.075558137,-0.018773097,0.017887492,-0.058697083,0.04692716,1.4422272,0.058640866,0.078562899,1.3989785,0.035059702,0.089966778,1.1866135,0.04747628,0.079956947,0.13751079,0.022073596,0.10854992,0.082911386,0.055239648,-0.20210113,0.017027157,-0.050873534,-0.088353392
cop_0101,83,212.8326174,1000,1.6840002,0.028752131,0.46735998,1.6661095,0.01208907,0.46809372,1.3782628,0.013381215,0.47749712,0.17994289,-0.052243915,0.53634352,0.03869947,0.02710137,0.057264353,0.010978093,0.0064134744,0.19401109,1.6420712,0.038164996,0.27294,1.5962619,0.017833289,0.27461392,1.3475762,0.01829472,0.28964239,0.17669053,-0.025311872,0.31237503,0.036492968,0.020957637,-0.10512952,0.01067143,-0.0054525241,0.061918612
cop_0102,626,931.3507504,1000,1.6803481,0.061572651,0.26971967,1.6734092,0.04599672,0.28804939,1.39173,0.053935293,0.27457708,0.061463186,0.017337772,0.34960391,0.047530265,0.079948618,0.054636722,0.01066928,-0.0329838,0.067574537,1.6522492,0.076463117,0.13016639,1.626104,0.055184257,0.15104383,1.3656952,0.067918866,0.14860335,0.060026361,0.030633106,0.18131884,0.045283758,0.078551513,-0.078848711,0.010395569,-0.020737362,-0.054530438
cop_0103,476,670.2114753,1000,1.606291,0.04397131,0.41357556,1.5958669,0.023646252,0.43654982,1.3320524,0.02575332,0.41589561,0.012766878,-0.049010558,0.5615418,0.019038039,0.10893723,0.071535286,0.0042492536,-0.031376783,0.17092944,1.5909035,0.031211842,0.25468557,1.5398964,0.013526365,0.25855363,1.305353,0.025183035,0.28061127,0.012423652,-0.050763561,0.36275516,0.017799404,0.092778149,-0.098638643,0.0040607255,-0.036190907,0.060296664
cop_0104,551,784.7119825,1000,2.6242119,0.01493153,1.6930737,2.676878,0.0084817007,1.7041035,2.1768682,-0.0055689974,1.6385991,0.28008215,-0.28755109,1.3414623,0.0054518816,0.0026520995,-0.051671692,0.00066210354,0.055546363,0.23061302,2.5329823,0.019365978,1.1835928,2.5394872,-0.0063599321,1.2068641,2.1177725,-0.001710206,1.1692086,0.2743265,-0.21509934,1.0267525,0.0051766002,-0.0018128736,-0.21162457,0.00065549069,0.075157136,0.095360243
cop_0105,75,202.0281622,1000,2.6328977,0.056113101,1.2186109,2.6742487,0.047802547,1.2086846,2.2265412,0.046664657,1.1709519,0.36355719,-0.20375972,0.80708531,0.078220057,0.031967606,-0.01743289,0.024878991,0.083511107,0.25533216,2.5892789,0.046250639,0.78774406,2.5319213,0.035814964,0.81694678,2.1543332,0.042357957,0.83531536,0.35245298,-0.14838032,0.50885215,0.074548095,0.03051991,-0.11495462,0.024191358,0.075105598,0.12393644
cop_0106,735,1365.770389,1000,1.6482944,0.053420581,0.28772381,1.633781,0.035606787,0.31095284,1.3649608,0.043822298,0.33115893,0.036030708,-0.0096501272,0.43522039,0.038661892,0.093671049,0.052993173,0.0089344948,-0.026805698,0.083695501,1.6278501,0.050922639,0.16971747,1.5949773,0.025428159,0.19151257,1.3409877,0.038187195,0.19931624,0.034791422,-0.0087775549,0.25987916,0.037045692,0.068203471,-0.099849585,0.0086562607,-0.014838328,-0.029827383
cop_0107,368,507.2159155,1000,1.5291108,0.004086639,0.5827654,1.5206121,-0.025709094,0.59327909,1.2691954,-0.0084143256,0.58166935,0.2374624,-0.079098861,0.52368799,0.079758411,0.086690925,0.089187668,0.016149035,-0.040327533,0.22928579,1.495091,0.014359252,0.3691684,1.4486847,-0.020487604,0.38437739,1.2337262,-0.0017953159,0.37446929,0.23159718,-0.058257995,0.34815889,0.077009833,0.056181531,-0.097861434,0.015597359,-0.036510233,0.08442011
cop_0108,269,399.6534592,1000,3.4897884,0.016017058,2.411136,3.440483,0.0055879548,2.4683912,2.9487481,0.0029862991,2.3285687,0.33769556,-0.35793434,1.7517736,0.053652011,-0.024684439,-0.060609508,0.012184032,0.13529318,0.30993728,3.2617452,0.010986936,1.6834179,3.2108153,-0.0094283183,1.6821699,2.7772837,-0.002618232,1.5782265,0.32315247,-0.28421057,1.2328475,0.052199401,-0.012260874,-0.17471867,0.011729976,0.12148748,0.18594734
cop_0109,780,1631.280196,1000,1.3985069,0.0051778256,0.48283315,1.3855882,-0.0098761992,0.50635086,1.1527731,-0.0018419905,0.49704287,0.11403729,-0.075876155,0.63307542,0.034700928,0.067185509,0.042831518,0.0048633847,-0.025071102,0.18030473,1.3676971,0.0099908756,0.29557752,1.3175349,-0.016821085,0.32154158,1.1242627,-0.0075475564,0.32354106,0.11092621,-0.049184964,0.38570478,0.032034514,0.063842518,-0.18412393,0.0045963144,-0.0021195893,-0.0023334245
cop_0110,849,2262.463011,1000,1.365406,-0.04204299,0.66176679,1.3688164,-0.050310394,0.67449181,1.1091784,-0.059293647,0.7314574,0.04823749,-0.13913041,0.96960962,0.009615456,0.065385144,-0.029500719,0.00099743752,0.0005809855,0.18041559,1.3330456,-0.017713841,0.39878629,1.3123427,-0.042049142,0.40855022,1.0872244,-0.035459131,0.426691,0.047226904,-0.11228016,0.56075498,0.009141762,0.047769125,-0.19457337,0.00096764522,0.0023696833,0.013988752
cop_0111,989,7397.581174,1000,3.1839903,0.0032822563,2.2174192,3.2070491,6.4313113e-06,2.2498585,2.6977831,-0.011104636,2.0794887,0.032242514,-0.18903744,1.8249722,0.016354423,0.088319248,-0.072767099,0.001390593,-0.10556011,0.25209454,3.1245686,0.01687858,1.5221271,3.0694908,0.0085560878,1.6277744,2.6587651,-0.007024835,1.4678964,0.031555527,-0.15340663,1.3422515,0.015187907,0.072499502,-0.21391687,0.0013492497,-0.085421542,0.1085862
cop_0112,846,2217.133237,1000,1.4638737,0.029717614,0.50397497,1.4598181,0.0089315531,0.51306466,1.2055245,0.0080885715,0.5333514,0.038315059,-0.066918199,0.64929797,0.026378119,0.082182025,0.037513943,0.0044113882,-0.022944904,0.12357299,1.4277942,0.031869635,0.2491119,1.4033657,0.0068474023,0.25123233,1.184139,0.018011566,0.2674541,0.0374002,-0.045983723,0.34146994,0.025193142,0.04631702,-0.14595955,0.0042883319,-0.021506434,-0.016079417
cop_0113,172,294.492253,1000,1.2446849,0.026060789,0.24296978,1.2334638,0.0064660629,0.26638781,1.0150579,0.0099459784,0.25104963,0.15089086,-0.035782301,0.29074615,0.029884767,0.0057403801,-0.02699597,0.0058424822,-0.028170106,0.090990803,1.2414909,0.054315434,0.11210368,1.2100849,0.029629876,0.11921413,1.0021098,0.023995056,0.11370428,0.14891623,-0.0080480809,0.13925815,0.028636338,-0.0092530924,-0.17847527,0.005680437,-0.015116656,-0.054510923
cop_0114,644,1016.906293,1000,2.5468144,0.048241533,1.0533533,2.5521087,0.045285275,1.1158388,2.1374147,0.047675723,1.027523,0.19165913,-0.13236408,0.99656755,0.0041891821,0.051768044,-0.082206511,0.00042513851,0.05311478,0.14249841,2.466827,0.060398876,0.66882164,2.4286121,0.049719497,0.73706496,2.0871953,0.044369443,0.69778229,0.18598218,-0.09753339,0.70128847,0.0039109738,0.070628045,-0.22025117,0.00040940611,0.056757248,0.02765067
cop_0115,407,569.1111459,1000,1.7748563,0.074215353,0.23238954,1.742166,0.057224706,0.26925928,1.432689,0.072945286,0.25415912,0.081957098,0.04790465,0.27365781,0.0048372414,0.12179719,-0.049427752,0.00030456372,-0.022562405,0.077584548,1.7321052,0.061669968,0.11136829,1.661525,0.049659553,0.12699067,1.4087192,0.053530016,0.13061083,0.07947245,0.032772991,0.10658336,0.004474301,0.10355641,-0.2542489,0.00029414596,-0.033738583,-0.075276283
cop_0116,784,1654.218139,1000,1.6929445,0.070185368,0.2579777,1.6668735,0.050088818,0.28995042,1.4075408,0.064334761,0.26617906,0.066185042,0.049987122,0.29289764,0.016879392,0.13364172,-0.024281947,0.0015504374,-0.041984145,0.11211997,1.6739957,0.066171335,0.13171516,1.5982188,0.041770328,0.12882555,1.3661798,0.067669063,0.14894271,0.063906283,0.041720296,0.12329185,0.015258112,0.10355447,-0.21019244,0.0014668153,-0.032975665,-0.055600848
cop_0117,132,258.8804723,1000,1.3291506,0.06452329,0.13013508,1.3286865,0.041897619,0.14758194,1.0782732,0.05687798,0.12661955,0.02865744,0.013714212,0.20755769,0.020417379,0.070091317,0.047884638,0.0044931931,-0.043328523,0.062752198,1.3044128,0.069395765,0.039627501,1.2725589,0.040551995,0.046892855,1.0687299,0.052967589,0.06042957,0.027942776,0.017981488,0.10966872,0.019453599,0.085638162,-0.12093459,0.004298708,-0.03861756,-0.036450398
cop_0118,789,1695.855916,1000,1.9372265,-0.010841977,1.1137524,1.9872965,-0.025128298,1.1125763,1.6017567,-0.033530315,1.0922414,0.079871273,-0.13706755,1.5092609,0.04086067,0.057834391,0.037924005,0.0093625758,0.04666883,0.21969903,1.9010064,0.010343035,0.73060045,1.9033502,-0.0136051,0.75819763,1.5712884,-0.01940643,0.74926784,0.078251551,-0.093883045,1.0043482,0.040297688,0.076711613,-0.085784041,0.0091683278,0.040431026,0.098009407
cop_0119,670,1082.010895,1000,1.4999708,-0.039435782,0.83819003,1.4994067,-0.057474656,0.87830737,1.2479664,-0.045623051,0.87400327,0.23318758,-0.16264783,0.88776212,0.0046102355,0.056756464,0.014978835,0.0004747814,-0.015774355,0.31717169,1.4600028,0.0027792628,0.49729492,1.4348826,-0.03044831,0.49643237,1.213796,-0.010886481,0.5326636,0.22542574,-0.10052409,0.52302505,0.0042111,0.060779816,-0.16333297,0.00044394549,-0.0030287975,0.11251385
cop_0120,908,2846.775214,1000,1.2543259,0.055729054,0.18589005,1.2574517,0.03743642,0.20012487,1.0075332,0.039596192,0.18750537,0.023174435,-0.013641535,0.25066222,0.019852846,0.070152162,0.0094851793,0.0034760873,-0.013803814,0.068101047,1.2426859,0.056318155,0.076005121,1.2170554,0.031164554,0.067606098,1.0081496,0.037482482,0.082541464,0.022912958,-0.0087646276,0.11520814,0.019288541,0.067457517,-0.17400832,0.0034351391,-0.019195541,-0.058507661
cop_0121,341,476.4370522,1000,1.460354,0.033425701,0.27482528,1.441318,0.0040835758,0.32214204,1.2101426,0.029216592,0.32387319,0.062288825,-0.0022688726,0.41717204,0.037677625,0.082780874,0.088815389,0.0079727999,-0.027469821,0.11972329,1.4445278,0.031139993,0.16431118,1.4033208,-0.0017651946,0.16474428,1.1864063,0.011662777,0.16130207,0.060230196,-0.016308939,0.22343031,0.035739807,0.068396225,-0.093576133,0.0076690401,-0.025985072,-0.019827584
cop_0122,708,1269.166063,1000,2.5700393,-0.060590296,2.0549717,2.5875299,-0.068412952,2.0989285,2.170904,-0.073707876,1.9508865,0.16880011,-0.27647697,2.00078,0.0098023005,0.15861148,0.012228211,0.00090274646,0.015750511,0.27788984,2.4460429,-0.028162649,1.4053226,2.4336728,-0.057200184,1.4750215,2.073993,-0.04572168,1.3621354,0.16095787,-0.21668213,1.497307,0.0090603341,0.11381504,-0.15683424,0.00086372195,0.02174599,0.11467201
cop_0123,302,429.3730239,1000,1.469359,-0.04681263,0.82657131,1.5101653,-0.057101304,0.84060202,1.2140593,-0.069690087,0.88130941,0.17376265,-0.18543673,1.0106091,0.015820923,0.013161377,-0.015005092,0.0032601951,0.056689631,0.36208259,1.4497973,-0.031642583,0.46735358,1.4435292,-0.061027327,0.48153149,1.1920998,-0.057568251,0.49645535,0.17081579,-0.13601872,0.59165923,0.015568836,0.0085259759,-0.12910731,0.0031963237,0.048287079,0.21328727
cop_0124,903,2749.67116,1000,1.8590731,0.0585989,0.35900212,1.8444654,0.045278822,0.37470192,1.5312488,0.053429161,0.36106191,0.047912662,0.029432082,0.3842759,0.016322241,0.12934009,0.019009892,0.0017380665,-0.032915768,0.11015995,1.8067395,0.069470218,0.18982085,1.756971,0.049372779,0.21221779,1.49337,0.063563915,0.18648717,0.046433912,0.025913075,0.24150446,0.015283376,0.08796897,-0.14815614,0.0016526285,-0.024790405,-0.03565787
cop_0125,245,366.9184844,1000,2.2624098,-0.087450754,1.8985383,2.3071831,-0.10615271,1.8862403,1.8804855,-0.1147617,1.8744904,0.17103682,-0.35610868,2.0678954,0.044581412,0.044846153,0.10630245,0.011230373,0.14278728,0.55102952,2.1512524,-0.060309079,1.1743047,2.1625934,-0.078366461,1.2255398,1.8030422,-0.085402875,1.1727389,0.16465237,-0.25189721,1.3597461,0.043296216,0.032450886,-0.058893675,0.010823021,0.1123216,0.29512719
cop_0126,879,2527.798657,1000,2.8673763,0.021346233,1.5008187,2.870504,0.01366426,1.4781728,2.413733,0.01085287,1.4683215,0.1331099,-0.099098822,1.483609,0.032486241,0.065561703,0.052417886,0.0074984362,0.062524331,0.20551026,2.6942381,0.030111432,0.9467203,2.730276,0.010180663,0.9927149,2.2837345,0.017816402,0.93099574,0.1264575,-0.064920317,1.0161345,0.031384356,0.071549808,-0.078176515,0.0071880089,0.057492819,0.054181976
cop_0127,990,7559.805278,1000,2.2668858,-0.0077538069,1.4507344,2.2952044,-0.018720776,1.4362967,1.8841977,-0.032408465,1.3878304,0.054091536,-0.15969198,1.6946731,0.023392287,0.034581907,0.005410248,0.004191656,0.027787337,0.21656526,2.1745278,-0.0079635652,0.95140292,2.1802155,-0.030757629,0.98191245,1.8227879,-0.028406767,0.97789832,0.052504779,-0.14216306,1.1953324,0.023151119,0.031345675,-0.12923603,0.0041371605,0.027845424,0.080979058
cop_0128,616,903.1697491,1000,1.3690276,-0.0020984371,0.38125102,1.3768205,-0.025764782,0.40282128,1.1223033,-0.018179655,0.40020771,0.09163236,-0.067889272,0.53024881,0.024927961,0.064593689,-0.043731292,0.0033507592,-0.0092646052,0.094114898,1.3456296,0.021207155,0.18732595,1.3311899,-0.017203497,0.20826467,1.1124234,0.00064108469,0.22033359,0.09021754,-0.04001692,0.30963069,0.023956739,0.038089493,-0.19609044,0.0032667808,-0.013010221,-0.062846895
cop_0129,527,749.0545165,1000,1.6488064,-0.043082133,0.97645603,1.6639069,-0.070573973,1.0157297,1.3796133,-0.058997968,0.99611835,0.20398276,-0.19729371,1.0936831,0.021412025,0.04833917,-0.00061362198,0.0025504001,-0.010491383,0.2703837,1.6096455,-0.025329774,0.58906508,1.5679864,-0.04587702,0.60210206,1.3374212,-0.028177047,0.61344584,0.19774419,-0.14358011,0.69936677,0.020553369,0.043581945,-0.19665598,0.0024939248,0.012093789,0.069115268
cop_0130,441,613.8444766,1000,1.5657151,0.050949173,0.31227148,1.5472125,0.036877065,0.34547321,1.2884268,0.044145747,0.33671927,0.038925962,-0.0023128015,0.42190534,0.0027876789,0.06140729,0.041921807,0.00032590102,-0.020331287,0.20278677,1.5368877,0.040248116,0.15998973,1.4846272,0.02955485,0.17427689,1.2604935,0.03129746,0.17565866,0.037709207,-0.0081678628,0.22853282,0.0026010962,0.059515489,-0.17139034,0.00031279775,-0.013590808,0.059970784
cop_0131,189,302.767214,1000,1.8014791,0.039718902,0.5722211,1.786782,0.018431948,0.58980974,1.495565,0.025348867,0.59328133,0.26927211,-0.075470779,0.47870724,0.057233204,0.054056917,0.070962519,0.012305084,-0.024771502,0.16836041,1.75193,0.038239107,0.32603835,1.6960238,0.024364782,0.34895322,1.4594808,0.019850395,0.33764372,0.2612293,-0.048033003,0.29960019,0.053686351,0.047531196,-0.10582383,0.011714328,-0.019066584,0.02294788
cop_0132,881,2544.869212,1000,2.2480517,-0.080298374,1.8990193,2.2895292,-0.10218814,1.9380835,1.912198,-0.091411732,1.8154296,0.069599271,-0.25174408,2.1956052,0.0080233176,0.14738042,0.00040415747,0.00075022162,-0.0046862951,0.33291654,2.1671245,-0.049729738,1.2178338,2.1376682,-0.068348074,1.2837792,1.8334766,-0.067565191,1.1901036,0.066001847,-0.20242422,1.517258,0.0073721243,0.10307976,-0.18539151,0.00071093982,0.0087940142,0.16491917
cop_0133,121,249.9555891,1000,1.8043298,0.0016999634,0.8615956,1.8265427,-0.012976607,0.84901025,1.4869515,-0.016759664,0.8609152,0.20212764,-0.13517418,0.85606223,0.030029291,0.025887783,0.068085757,0.0082835663,0.043105861,0.29568747,1.7892914,0.0078904056,0.51145653,1.7633969,-0.020184691,0.53286666,1.4718899,-0.013454373,0.59300406,0.19872329,-0.10020524,0.55577473,0.029425037,0.034478064,-0.07638257,0.0080274689,0.034940604,0.14787591
cop_0134,874,2480.539533,1000,1.3563617,0.04420171,0.24803094,1.3190943,0.020773504,0.28646725,1.1112263,0.037333165,0.27633125,0.038884203,0.043139655,0.27597699,0.037995695,0.14528748,0.06816794,0.0043651003,-0.086121768,0.081520655,1.3264583,0.055755631,0.12950681,1.2790149,0.024247152,0.12857598,1.0874591,0.039748293,0.12662061,0.037682732,0.049403046,0.14883999,0.035325728,0.11476159,-0.11683229,0.0041565896,-0.078603507,-0.043840895
cop_0135,510,721.3957392,1000,1.3483751,0.02703144,0.31837682,1.3336419,0.0065032186,0.33731595,1.1118036,0.015510765,0.33036265,0.19492825,-0.024524071,0.34692468,0.05594733,0.067730853,0.024860239,0.0081605024,-0.063800946,0.11661412,1.3232514,0.032046517,0.14533828,1.2780456,-0.0039364216,0.16425709,1.0885357,0.018662686,0.15150305,0.18968725,-0.0076628203,0.18900713,0.052193579,0.051712966,-0.16112603,0.0078214405,-0.062729183,-0.037850946
cop_0136,291,423.0481723,1000,1.6768189,0.06736265,0.26183364,1.6909606,0.046844317,0.27379295,1.3650596,0.051242163,0.27157749,0.19955886,-0.014282873,0.24618349,0.086214654,0.036145986,-0.096715288,0.020935542,-0.0054439771,0.012753147,1.65426,0.060402309,0.12058037,1.623376,0.046690459,0.14711784,1.3476568,0.04693225,0.12970268,0.19745615,-0.014839772,0.10861781,0.084133106,0.030328615,-0.22957872,0.020590071,-0.024143948,-0.11948948
cop_0137,557,796.423788,1000,1.9113558,-0.077455737,1.4486531,1.9339262,-0.096165421,1.4769029,1.6115865,-0.097490717,1.4859539,0.059138785,-0.23808909,1.9302761,0.0096290412,0.081311647,0.056676735,0.0014901124,0.070835796,0.42199113,1.8387814,-0.057921438,0.91549298,1.8116131,-0.07864458,0.94489967,1.5440137,-0.070052835,0.92035113,0.05638013,-0.19026814,1.2686988,0.0088239999,0.075542061,-0.14530946,0.0014331202,0.048566927,0.18788723
cop_0138,768,1576.294436,1000,2.2915059,-0.035697897,1.6939124,2.3122679,-0.050343523,1.7091524,1.9428808,-0.056015359,1.6573022,0.06775498,-0.18057451,1.9633591,0.0030826267,0.1696564,-0.06036921,0.00021753219,0.0028917498,0.24846153,2.2168048,-0.018234519,1.0558532,2.2039608,-0.038320202,1.1349933,1.8551501,-0.037144911,1.0781106,0.064584953,-0.14250719,1.3151678,0.0027837136,0.14292599,-0.20857659,0.00020751128,0.021069941,0.080968341
cop_0139,556,795.4916494,1000,1.3472179,0.059531643,0.21539115,1.3213054,0.034114765,0.22502137,1.0996114,0.04426916,0.23070931,0.018225155,7.1404917e-05,0.21540136,0.037903949,0.10972436,0.025165727,0.0058998274,-0.045661023,0.0966947,1.3217739,0.053712345,0.14669521,1.2861486,0.029892754,0.13744672,1.079191,0.036256879,0.13502093,0.017860506,-0.01063413,0.091198861,0.035608958,0.094928112,-0.17236953,0.005732648,-0.056752358,-0.031585886
cop_0140,673,1094.669486,1000,1.5519853,0.004669658,0.50624878,1.5663873,-0.018493247,0.51855875,1.2782796,-0.012066132,0.51175848,0.1116378,-0.059087414,0.57722315,0.013273582,0.044065681,-0.053235034,0.0017102315,0.0021979832,0.21797942,1.5170699,0.0050913551,0.28633231,1.4915826,-0.026439322,0.30454266,1.2565943,-0.018155879,0.31777238,0.10933549,-0.067908295,0.33018876,0.012631623,0.0097677988,-0.21517475,0.0016705622,-0.0014398545,0.058758322
cop_0141,968,5102.645474,1000,1.5789158,-0.048232421,0.91199998,1.59777,-0.066130742,0.90894229,1.3089366,-0.069973857,0.94326273,0.034369383,-0.17921437,1.2332351,0.015901677,0.060319321,0.024153727,0.0017080409,-0.022808399,0.21069187,1.5383094,-0.036792952,0.50895078,1.5327751,-0.054822693,0.51590514,1.2799748,-0.049717419,0.51362645,0.033217507,-0.14699511,0.72776191,0.014484274,0.048584924,-0.21187199,0.0016137287,-0.037567768,0.027204982
cop_0142,480,673.5511275,1000,1.6930308,-0.030822293,0.91098451,1.6857122,-0.061768174,0.93774135,1.4081467,-0.045532428,0.90962024,0.088414141,-0.11765634,1.178277,0.061982275,0.10805817,0.14248642,0.015058266,-0.00030081261,0.25427146,1.6560106,-0.022330167,0.56799195,1.6216193,-0.045405597,0.60050232,1.3836159,-0.031575472,0.58210433,0.08588273,-0.099475833,0.73630161,0.059335245,0.075938296,-0.047435048,0.014658924,0.0017392954,0.096358707
cop_0143,820,1985.838076,1000,1.3477666,0.045298515,0.31726182,1.3469082,0.024770934,0.34660999,1.1093999,0.029233652,0.37180183,0.015990328,-0.047817487,0.48722504,0.007464239,0.1208789,-0.048967514,0.00055676369,-0.0021410454,0.10608306,1.3232691,0.047307353,0.1497888,1.3135941,0.020897477,0.15828462,1.0872345,0.037124411,0.17774234,0.015331004,-0.033666475,0.22740847,0.0066637489,0.098083961,-0.26164247,0.00052292836,-0.007505878,-0.066581151
cop_0144,928,3319.186649,1000,2.2129336,0.044346074,0.84344103,2.2357017,0.034798951,0.86977827,1.8495973,0.033560021,0.82109245,0.07696233,-0.060131597,0.99893289,0.031163142,0.065508391,-0.0044431274,0.0046333428,0.011644385,0.12931258,2.1473092,0.045677918,0.5495117,2.1251924,0.034025291,0.58139927,1.8060087,0.033234142,0.54670916,0.074933129,-0.051173325,0.65725093,0.029248674,0.069655069,-0.16194809,0.0044651522,0.01908562,0.0086277585
cop_0145,422,581.3288262,1000,1.8327228,0.025921038,0.78168163,1.8488823,0.013360184,0.76631998,1.5268046,0.017829107,0.80247184,0.077146561,-0.06327406,0.92691488,0.042917106,0.039529507,0.10369946,0.010183327,0.016748672,0.18440474,1.775209,0.030156004,0.43629429,1.7605365,0.01922342,0.45859031,1.4807444,0.026472731,0.43889907,0.074564146,-0.041903891,0.54435718,0.040473028,0.029017107,-0.067348579,0.009747037,0.012448485,0.045030711
cop_0146,695,1192.915529,1000,1.216204,0.07060317,0.15022306,1.214169,0.042353586,0.18684339,0.99395946,0.059918577,0.17348383,0.10737501,0.043715781,0.20198503,0.016017781,0.088484903,-0.048687622,0.0017689668,-0.010029067,0.049637554,1.2012857,0.070110753,0.046596449,1.1642093,0.040085042,0.06202742,0.980494,0.055526164,0.053581471,0.10441444,0.027630954,0.065177429,0.014715687,0.07447579,-0.22876504,0.0016755438,-0.0035707383,-0.092539824
cop_0147,524,745.5534195,1000,1.6249778,-0.05791843,1.0651264,1.6464646,-0.074088183,1.0367732,1.3562123,-0.081871723,1.0665531,0.17380574,-0.17122728,1.1502493,0.056909876,0.080954327,0.12012247,0.01085455,0.0044468641,0.30690111,1.5767249,-0.013909596,0.54135537,1.5623691,-0.037057825,0.59641053,1.3022156,-0.037412529,0.5889098,0.16698897,-0.12443227,0.67456821,0.05426149,0.060024625,-0.039146296,0.010487032,0.010337102,0.10915882
cop_0148,617,904.0412564,1000,1.6436826,0.057291902,0.26229705,1.6642725,0.04085855,0.28825984,1.3307582,0.037764684,0.27687203,0.11935543,-0.011244011,0.33003723,0.084023429,0.040569796,-0.084974802,0.020738003,0.0029174566,0.0083528085,1.6387982,0.063830297,0.14688964,1.6008799,0.038710552,0.17107895,1.3096748,0.040762526,0.16395516,0.11728153,-0.0047927158,0.2231554,0.082483454,0.039886987,-0.21089421,0.020472434,0.0090113972,-0.088735911
cop_0149,366,504.9292648,1000,3.0292228,-0.0060944919,2.4620153,3.0337336,-0.0056883922,2.4458044,2.5544412,-0.014962088,2.3184607,0.42846993,-0.39939082,1.4609272,0.043742849,0.017395404,-0.056147655,0.0081383302,0.029995731,0.22460137,2.8286236,0.010932616,1.7371656,2.8153742,-0.0060730613,1.7296454,2.4083938,-0.00055604532,1.6861083,0.41340283,-0.34689917,1.2022816,0.041150593,0.015807627,-0.17394912,0.0078581983,0.042450313,0.084269824
cop_0150,815,1926.9948,1000,2.2396066,-0.021364192,1.5610763,2.2453697,-0.03717088,1.5434051,1.8664142,-0.046494148,1.5473639,0.017338698,-0.15885591,1.3263585,0.01929426,0.030662747,0.034844568,0.0039246158,-0.074983491,0.39032146,2.1643311,-0.010594538,1.0180723,2.1367869,-0.036393011,1.0747886,1.8124991,-0.036627169,1.0535537,0.016849621,-0.14594425,0.99638275,0.018743493,0.030001151,-0.097579766,0.0038051987,-0.065846432,0.2007215
cop_0151,518,735.5778326,1000,2.2711088,0.035493425,0.8253856,2.2909986,0.016613288,0.85625429,1.8689794,0.020134203,0.86535264,0.23302686,-0.15154147,0.76777838,0.037570069,0.03564518,-0.056321739,0.0068973874,0.065887703,0.1351725,2.2277924,0.034675637,0.50677121,2.1644941,0.015909774,0.56203075,1.8328004,0.020395475,0.53009465,0.22917102,-0.11948858,0.48443687,0.036834549,0.044469721,-0.179372,0.0068270882,0.064992594,0.012474248
cop_0152,876,2505.269771,1000,2.2147661,-0.013978791,1.4177459,2.2393311,-0.031821039,1.4312729,1.8826173,-0.025596052,1.3712205,0.13476312,-0.18482102,1.5190638,0.056624029,0.08314611,0.10989492,0.010965559,-0.0029397628,0.27350551,2.1061853,-0.0071291573,0.89232642,2.0912033,-0.025108173,0.90249798,1.7773219,-0.020882314,0.90411904,0.12612298,-0.14623597,1.042632,0.053343408,0.066698086,-0.097213041,0.010386724,0.002243179,0.073169854
cop_0153,762,1551.37571,1000,1.8490925,0.041390192,0.58327209,1.8424543,0.017136303,0.6103329,1.5406519,0.032147906,0.61029476,0.090483071,-0.029667254,0.72793297,0.0076573524,0.09618985,0.0077795104,0.00082785503,0.038777625,0.13456122,1.8075102,0.069134906,0.36263338,1.7693279,0.040147664,0.35528536,1.5137996,0.052494798,0.38497471,0.087716816,-0.0081319165,0.4804927,0.0070719876,0.088598327,-0.21101372,0.0007908027,0.051186583,-0.046018317
cop_0154,766,1570.059612,1000,2.963844,-0.0009115999,1.8226256,2.9561374,-0.0064055466,1.8587961,2.4702769,-0.017722882,1.7374623,0.085148651,-0.18940521,2.0304368,0.0050826914,0.031755796,-0.082319986,0.00078935321,0.15986238,0.60261432,2.8680299,-0.0056270784,1.2408941,2.8059142,-0.0094811702,1.2629787,2.3833095,-0.027410667,1.2648822,0.082086673,-0.16275092,1.4899072,0.0048945681,0.033721063,-0.22094289,0.00077050584,0.14139383,0.38921339
cop_0155,223,342.5088894,1000,1.3465457,0.048743004,0.25486491,1.3458319,0.023140464,0.27231822,1.1109084,0.036312935,0.2733223,0.13839057,0.0047463525,0.31891953,0.025356678,0.02581692,0.0090714314,0.0046049894,-0.028489081,0.11121386,1.3299363,0.059980033,0.11446696,1.2972593,0.030181775,0.12697736,1.0850175,0.035846466,0.11552917,0.13459646,0.015868861,0.1557115,0.024129099,0.023559758,-0.16671095,0.0044595464,-0.016800575,-0.029689028
cop_0156,482,684.3532812,1000,1.1860815,0.051050581,0.11287439,1.1897159,0.030124285,0.15353146,0.94441935,0.033056493,0.14019255,0.041171628,-0.03248701,0.20182606,0.016153148,0.011924546,-0.022742951,0.0035857022,-0.0075393205,0.032013314,1.1798357,0.0491233,0.03272032,1.1579527,0.025540691,0.048935122,0.93539167,0.026627428,0.041572534,0.040665058,-0.030298027,0.079803118,0.015853881,0.018771192,-0.13628854,0.0035515417,-0.0034874232,-0.083111733
cop_0157,279,407.9827283,1000,1.6576455,0.05682543,0.2516649,1.6508431,0.04397507,0.26408756,1.3644731,0.05325799,0.2589702,0.13501214,0.014506795,0.28487101,0.079843335,0.05974108,0.057189079,0.017131342,-0.041537179,0.10030695,1.6504098,0.073882773,0.12762207,1.583181,0.053275335,0.13377195,1.3403928,0.060723682,0.14832718,0.1313491,0.029657334,0.1451632,0.075291703,0.047971601,-0.094541811,0.016361393,-0.026948697,-0.031810254
cop_0158,632,969.4294314,1000,2.3733781,-0.090839432,1.9682282,2.3826246,-0.09915285,1.9659772,1.9972047,-0.10486201,1.8808132,0.27118285,-0.4137292,1.9070633,0.0082601281,0.015375519,-0.010396983,0.00104792,0.053425296,0.42094034,2.2736843,-0.057406951,1.4138889,2.2474229,-0.07812436,1.4113325,1.9190728,-0.077999646,1.3864115,0.26293127,-0.31729893,1.2917089,0.0079428549,0.0152968,-0.19786114,0.0010156485,0.054446025,0.25983666
cop_0159,426,584.8231479,1000,1.3362087,0.0029916027,0.4698854,1.3379445,-0.01768621,0.48852318,1.0809018,-0.0164301,0.49190089,0.10970674,-0.07910939,0.55709486,0.005497806,0.078634451,-0.094083111,0.00039211031,-0.0035964821,0.10935894,1.305505,0.014600177,0.27103573,1.2881433,-0.0071800041,0.29316577,1.0656301,0.0013228301,0.29699594,0.10782647,-0.048041497,0.32786143,0.0053738657,0.075328633,-0.28324044,0.00038518641,-0.0071713257,-0.02323671
cop_0160,764,1566.063597,1000,2.2269633,-0.11579696,1.9624018,2.2744527,-0.1208638,1.941775,1.8666908,-0.13989692,1.9005865,0.095556705,-0.30722874,2.2291536,0.003065118,0.070655631,-0.048420664,0.00028299696,0.045432801,0.32849373,2.1157058,-0.076623194,1.350854,2.1351907,-0.096336775,1.3253552,1.7792441,-0.10453126,1.2783617,0.090842822,-0.25914504,1.5977029,0.0028483769,0.027849781,-0.23113217,0.00027683555,0.021780438,0.11627747
cop_0161,92,218.228451,1000,1.8000199,0.046417394,0.41868429,1.7813124,0.034880332,0.43627183,1.4925595,0.040123392,0.42835724,0.19929524,-0.020862779,0.41160401,0.055921892,0.065203478,0.057520266,0.012580946,-0.012146841,0.087728906,1.7465851,0.059259238,0.23879196,1.7050628,0.038097066,0.25853101,1.4582694,0.048360741,0.25180181,0.19489493,-0.0021756412,0.27100444,0.053003191,0.055648356,-0.089143157,0.01224446,-0.0097716786,-0.026549646
cop_0162,929,3350.679886,1000,2.3657046,0.051072015,0.631085,2.3511445,0.04928842,0.66691193,1.9751484,0.046793904,0.6365978,0.04754229,-0.030008672,0.69807827,0.028240848,0.078658915,-0.026347123,0.0047376273,-0.0092461183,0.097757691,2.2769416,0.047429382,0.41140586,2.2270731,0.028943596,0.43285188,1.9097993,0.042110739,0.40327807,0.046185729,-0.015526441,0.41056336,0.026811512,0.079486547,-0.18191531,0.0045359042,-0.01080973,-0.044858241
cop_0163,475,669.8473386,1000,1.4436909,0.050346982,0.25997431,1.4193605,0.025320407,0.2933685,1.1814695,0.035959934,0.2824284,0.19263709,-0.011257346,0.29420388,0.01289941,0.096452998,0.0011362812,0.0017117458,0.0026121592,0.057467771,1.4276752,0.058840763,0.16382403,1.3712642,0.019602151,0.1646083,1.1678145,0.037433512,0.1776355,0.18881357,-0.010624519,0.18813132,0.012445902,0.081024428,-0.17430225,0.0016578468,0.0027277741,-0.080134926
cop_0164,675,1104.491142,1000,1.9781677,-0.088089372,1.4685256,2.00116,-0.10132521,1.484329,1.6575131,-0.10751648,1.503577,0.10342373,-0.23994604,1.7136564,0.0045965862,0.17381862,0.052998394,0.00038355603,0.030308036,0.30914984,1.9094978,-0.054962403,0.99507498,1.8789275,-0.075588043,1.0300951,1.601755,-0.079048656,0.99685133,0.10004758,-0.18518639,1.1743978,0.0041747414,0.1183485,-0.20661888,0.00036303595,0.021651769,0.13846293
cop_0165,769,1587.436538,1000,1.1488163,0.073669506,0.13038993,1.1262638,0.046120547,0.14419904,0.92545601,0.062893349,0.12155856,0.082670368,0.06163261,0.14192061,0.039547655,0.093015345,-0.047089028,0.0048974596,-0.067302375,0.01981074,1.1377988,0.078219989,0.014684233,1.0896632,0.041462262,0.040466161,0.90860871,0.062462966,0.013064454,0.079721517,0.054323133,0.03219814,0.036957321,0.066782309,-0.218172,0.004671443,-0.04555144,-0.11894529
cop_0166,614,901.3608601,1000,1.7209084,-0.074468575,1.2293695,1.7658005,-0.092663921,1.2040368,1.4304814,-0.098455817,1.2024092,0.15911138,-0.25296621,1.4236956,0.08387252,0.049099875,0.029513558,0.019014637,0.018498004,0.25442806,1.673821,-0.05626808,0.77999264,1.678178,-0.07547842,0.80244064,1.3950352,-0.080372651,0.80621141,0.1549058,-0.19679649,0.99490565,0.079555264,0.030437891,-0.12201369,0.018250972,0.017169869,0.070504551
cop_0167,631,962.8437788,1000,1.5804663,0.016036219,0.55088078,1.5735374,-0.0026769201,0.61245514,1.3101031,0.0029773602,0.60760509,0.13350543,-0.051587391,0.64992397,0.010722094,0.11124766,0.0046049563,0.00098264401,-0.046228579,0.22055679,1.5533673,0.022781038,0.36459217,1.5154188,-0.0069240215,0.38357167,1.2708076,-0.0019366302,0.39076603,0.1295305,-0.041618526,0.41190252,0.010117629,0.091318494,-0.18608179,0.0009308104,-0.042196843,0.042841448
cop_0168,4,37.28579034,1000,1.1178713,0.075162205,0.10085566,1.0932031,0.050168301,0.11122746,0.89852973,0.066111144,0.10767969,0.0080038194,-0.0038426337,0.19625405,0.00080069429,0.11228013,-0.0755123,4.8868791e-05,-0.038207868,0.043579607,1.1032434,0.071128835,0.02754144,1.061469,0.04946613,0.01835045,0.88641247,0.057562407,0.032806637,0.0078258291,-0.0059671175,0.068206033,0.00073773899,0.065685036,-0.28911018,4.7217278e-05,-0.042263881,-0.086662091
cop_0169,907,2825.143399,1000,2.2191717,0.041151728,0.99708267,2.2004708,0.028854695,1.0291676,1.8458305,0.028599675,0.96468402,0.055517642,-0.057956196,0.8764321,0.03023022,0.098035993,0.020521146,0.004911819,-0.013974152,0.18290448,2.1668154,0.044616191,0.61658589,2.111889,0.025401075,0.65488624,1.804921,0.028094661,0.63881972,0.05378707,-0.046030148,0.62427387,0.028640619,0.084324619,-0.11297397,0.004730389,-0.015007519,0.013777431
cop_0170,213,327.948354,1000,2.0796987,0.048653468,0.72866159,2.0580717,0.02817809,0.73642044,1.7335643,0.041576097,0.71149875,0.22331918,-0.067538983,0.64570038,0.049363419,0.032397702,0.020323149,0.010629426,0.010212288,0.15849876,2.0221073,0.040765921,0.43271973,1.986171,0.025083002,0.45844027,1.6906915,0.036477193,0.43774179,0.21828188,-0.052367094,0.43619884,0.047555224,0.023572164,-0.12980568,0.010358124,0.013104523,0.0027500799
cop_0171,875,2486.534667,1000,1.9564496,-0.084049545,1.3122593,1.963735,-0.099773459,1.3105119,1.6099111,-0.1048037,1.294157,0.041456081,-0.27464177,1.6002473,0.024073761,0.031596727,0.041612838,0.0041446062,0.066759264,0.29889465,1.907616,-0.056605801,0.8788081,1.8600313,-0.084609371,0.97526166,1.5583112,-0.085218338,0.91846563,0.039752552,-0.24424694,1.1041846,0.023362039,0.0073460884,-0.11213725,0.0040422278,0.057611475,0.15874099
cop_0172,55,178.0181373,1000,1.2289006,0.060886006,0.17390124,1.2029025,0.031761604,0.17952662,1.0019931,0.047905635,0.15389008,0.13124239,0.02274758,0.1925287,0.045545749,0.053590805,0.066055561,0.010142609,-0.054379553,0.067350838,1.1989052,0.057608082,0.063324919,1.1649454,0.035873805,0.046124036,0.97613091,0.04773841,0.06480882,0.12789056,0.022838817,0.062869182,0.043585357,0.059106743,-0.096345245,0.0097647912,-0.051090448,-0.050197579
cop_0173,69,195.9056666,1000,1.6485618,0.052321884,0.28777813,1.6654949,0.038368293,0.32890594,1.3699222,0.042999711,0.31044906,0.20375614,-0.0063366271,0.29986591,0.078444331,0.035453535,0.035561865,0.018576077,-0.026620215,0.11037489,1.6228484,0.059739153,0.13615669,1.5921636,0.036354484,0.17122541,1.3392171,0.046744769,0.16347595,0.19859504,0.013561368,0.16122681,0.073263335,0.039009998,-0.084480864,0.017963998,-0.030360833,-0.010300732
cop_0174,796,1779.452495,1000,1.4850853,-0.035428405,0.88006401,1.5020724,-0.052715321,0.88583619,1.2490416,-0.053428381,0.90671498,0.069806963,-0.14938214,1.0910682,0.022654473,0.085642462,0.034355433,0.0025118501,-0.026646228,0.21129741,1.4643809,0.0033298212,0.50950062,1.4226449,-0.018137229,0.53631944,1.2098305,-0.013601355,0.54263911,0.06704581,-0.098582319,0.72443641,0.020798504,0.037026328,-0.13250895,0.0024009349,-0.019732614,0.030898147
cop_0175,359,499.352081,1000,1.4565465,0.068480176,0.16526897,1.4471388,0.048386344,0.16774705,1.1877272,0.057345271,0.16464756,0.084343477,0.01768306,0.17914331,0.01380098,0.020196213,-0.018054056,0.0023858549,-0.01583814,0.055976849,1.4408289,0.063977367,0.059493352,1.4084385,0.047370559,0.076612506,1.1666312,0.055393804,0.08303689,0.082714553,0.024207979,0.081096386,0.013187064,0.018405033,-0.20089639,0.0023304576,-0.026955304,-0.035684739
cop_0176,215,330.8179688,1000,2.2991765,0.04717646,0.8892728,2.3045068,0.038662184,0.92399386,1.9178892,0.038624724,0.88843812,0.12004132,-0.075043225,1.0109319,0.029406385,0.058653356,0.023065853,0.0061123588,0.046741527,0.21638668,2.2565928,0.050081349,0.53539681,2.2068245,0.038804682,0.52126671,1.8645911,0.045952096,0.51756354,0.11653556,-0.052760152,0.6311216,0.027938751,0.065989954,-0.1289121,0.0059268252,0.055393556,0.061514228
cop_0177,918,3017.856598,1000,2.6237533,-0.032711954,1.9630181,2.6750011,-0.040662521,1.9577026,2.2339974,-0.042024457,1.830972,0.021927076,-0.15328089,2.3069686,0.0092300076,0.080335816,0.027027107,0.0015992665,0.023585656,0.33400779,2.5282325,-0.012192732,1.2726561,2.4950047,-0.032547905,1.3547461,2.1398217,-0.023122486,1.2014175,0.020607148,-0.14481624,1.6536032,0.0087058094,0.079602956,-0.11315607,0.0015183148,0.03187831,0.16499244
cop_0178,395,546.1656805,1000,1.3500144,0.013081405,0.43188251,1.3446363,-0.010916471,0.43982415,1.1184669,0.0048094059,0.46072623,0.133108,-0.048785373,0.55605649,0.011036297,0.028809433,0.066154053,0.0015225105,-0.023655024,0.22048752,1.3384804,0.02591675,0.23397428,1.297303,-0.00081189672,0.25489166,1.0936756,0.012377123,0.26689171,0.12980941,-0.040975156,0.31979739,0.010338177,0.019636023,-0.13876286,0.001429032,-0.01804425,0.042248017
cop_0179,158,277.7693775,1000,1.2501909,0.035111368,0.25574123,1.2366353,0.016503643,0.27414104,1.0254862,0.027632459,0.27271091,0.18956803,-0.001643908,0.30314773,0.060905373,0.046461302,0.0065228455,0.0091849747,-0.066727481,0.09966821,1.2224611,0.053480859,0.12081633,1.1813741,0.0183579,0.13732518,0.99223143,0.035437574,0.14312086,0.18267346,0.0071778212,0.13403235,0.056529862,0.031565567,-0.18464462,0.0086627011,-0.047414936,-0.033152121
cop_0180,414,575.5231419,1000,1.7357951,0.021415671,0.66502109,1.7346157,0.0034123121,0.69565365,1.429133,0.0043296866,0.68365308,0.165522,-0.08914942,0.71088663,0.036852652,0.037306934,0.0081823901,0.0068985857,0.021719708,0.17518641,1.6938264,0.024015622,0.37237084,1.6639816,9.2057656e-05,0.40017553,1.4091317,0.012033055,0.37803202,0.16327214,-0.069150543,0.47365152,0.035680514,0.034462604,-0.18657688,0.0067465744,0.021120519,0.024642903
cop_0181,621,915.3307296,1000,1.2838416,0.035793784,0.21780732,1.3104552,0.012864797,0.23790019,1.0372259,0.02007983,0.22654225,0.19413914,-0.045537927,0.23664737,0.020012142,0.023170295,-0.092658871,0.0027587966,0.0033492181,0.013353223,1.2694147,0.042986727,0.1018196,1.2360032,0.015482312,0.11914151,1.0180845,0.020733119,0.1088937,0.19130302,-0.029595699,0.11347845,0.019190228,0.010592831,-0.24027396,0.0026958221,0.00085864415,-0.095956826
cop_0182,756,1509.336215,1000,2.639909,0.014013778,1.7193147,2.6770117,-0.0004774537,1.7188138,2.2213819,-0.0079155019,1.6665515,0.28186512,-0.26156566,1.3488495,0.051339912,-0.0014643734,-0.054348862,0.010348808,0.062667405,0.21067768,2.5407348,0.0059687784,1.1638177,2.5217735,-0.010947651,1.2112032,2.1443966,-0.020383523,1.1573942,0.27456808,-0.20793029,0.95597914,0.049550252,-0.0073362278,-0.15392366,0.010090409,0.058640452,0.05366802
cop_0183,27,138.8422342,1000,1.1855631,0.042634861,0.19653472,1.1901735,0.015327166,0.21512626,0.95559011,0.0310342,0.19647947,0.14965204,-0.001247398,0.25758721,0.044472074,0.031570045,-0.024957224,0.0098036706,-0.028778823,0.079593201,1.1762418,0.049994575,0.1065634,1.1452861,0.018270579,0.11633329,0.94846165,0.032671662,0.11901949,0.1481882,0.012121462,0.15748304,0.04188203,0.025745093,-0.15943799,0.0094887152,-0.022106037,-0.081306617
cop_0184,424,582.4654449,1000,2.0886363,-0.01306018,1.1621444,2.116474,-0.022878119,1.1776647,1.7230503,-0.030928527,1.1515111,0.02253719,-0.15293067,1.4240696,0.001253659,-0.0080872884,-0.06767758,0.00014378049,0.10748657,0.38188761,2.0380178,0.018045604,0.69570103,2.00587,-0.0088384065,0.73966874,1.6820614,-0.010666936,0.73688081,0.02194969,-0.12620531,0.90638682,0.0012176122,-0.0088061538,-0.23662227,0.00014109078,0.10106696,0.17387246
cop_0185,940,3599.826402,1000,1.9720633,-0.032471308,1.2600761,1.993562,-0.055961237,1.2699002,1.6787167,-0.048377293,1.2212528,0.044795739,-0.099074588,0.94084265,0.030468869,0.13715508,0.060007281,0.0037394401,-0.068301764,0.28236382,1.9025316,-0.033595575,0.88466417,1.902323,-0.05692901,0.87290054,1.6116322,-0.038431896,0.90009672,0.042868786,-0.087935625,0.65074824,0.028181321,0.1026027,-0.13321277,0.0035317072,-0.063528365,0.10360311
cop_0186,902,2749.226287,1000,1.9923257,-0.016196083,1.1148691,2.0276134,-0.022374217,1.1340587,1.6506673,-0.030666967,1.1290837,0.020687957,-0.16385671,1.3745271,0.019561274,0.016563558,0.058627108,0.0045109201,-0.012416604,0.28892879,1.9086784,0.013531692,0.66186228,1.9234397,2.3517222e-05,0.66815627,1.5882567,-0.011162242,0.6927472,0.019899244,-0.14648987,0.86285006,0.018875222,-0.004390721,-0.081489869,0.0044393632,-0.017590283,0.11588599
cop_0187,322,455.376411,1000,1.596119,-0.045397236,0.85531512,1.5949725,-0.069220421,0.8862127,1.3323554,-0.05262548,0.87851596,0.033119115,-0.13493856,1.1317423,0.013758649,0.06457077,0.12819295,0.0026936779,0.01522417,0.30982696,1.5550447,-0.011988353,0.47628179,1.5302593,-0.03872842,0.49207262,1.295432,-0.028864364,0.50196441,0.031800317,-0.11003404,0.66383348,0.012873501,0.056506069,-0.025781965,0.0025930342,0.012884729,0.14563994
cop_0188,494,697.7944159,1000,2.7458331,0.036131993,1.330367,2.7331595,0.037107061,1.3267861,2.3063333,0.029130847,1.271083,0.187291,-0.12805325,1.1892074,0.01318261,0.048761376,-0.011767313,0.0025325885,0.086011509,0.31630918,2.6675894,0.033467031,0.87854805,2.6110986,0.024108763,0.92408902,2.216613,0.021394299,0.89344707,0.17986137,-0.11171224,0.87122031,0.012607944,0.035599707,-0.14361018,0.0024573375,0.088215332,0.17703748
cop_0189,578,827.6354497,1000,1.5743114,-0.0073743144,0.65235443,1.5532654,-0.031566152,0.67102915,1.3007502,-0.025561455,0.68593415,0.019531795,-0.098565892,0.48400257,0.0089105468,0.019218949,-0.054154209,0.00069394671,-0.039900821,0.14826723,1.536235,0.0094018861,0.37764748,1.4770082,-0.02133944,0.39944297,1.2720138,-0.0050938598,0.3981568,0.01918491,-0.10192511,0.24398116,0.0086201076,0.0066212304,-0.20155091,0.00067493679,-0.03039167,0.032500823
cop_0190,574,823.0374121,1000,1.6089244,-0.057562936,0.90963405,1.6164448,-0.072344307,0.93904922,1.3277711,-0.072044449,0.95793358,0.028171528,-0.18588785,1.308884,0.0062235229,0.082699653,0.052122217,0.00066748562,-0.015289654,0.30170832,1.5645911,-0.020397384,0.52011175,1.5353234,-0.039536151,0.54933314,1.285428,-0.036976953,0.57482403,0.027062075,-0.13196072,0.76125526,0.0058948709,0.063874828,-0.16555037,0.00063376656,-0.012703415,0.078927714
cop_0191,800,1802.117306,1000,1.5139366,0.008861998,0.49291833,1.4991767,-0.019260785,0.53751693,1.260102,-0.0019166407,0.4904115,0.079108317,0.0044921473,0.4945139,0.085465995,0.13312441,0.088457825,0.014867745,-0.070409766,0.18236709,1.4740638,0.0012262051,0.27998038,1.4292363,-0.023123811,0.28147314,1.2248726,-0.014545056,0.28829193,0.076622165,-0.0046807402,0.2953947,0.080051845,0.084785413,-0.13680447,0.014172596,-0.062716387,0.024154485
cop_0192,163,282.7332836,1000,1.7102152,0.025528516,0.58400671,1.7203693,0.014756578,0.5974262,1.4277313,0.012521612,0.58810285,0.079227893,-0.0303444,0.72468479,0.013445844,0.047802115,0.11939204,0.0032167468,-0.0030598031,0.28600986,1.6652396,0.019469241,0.34642403,1.6307539,-0.0080208365,0.36607041,1.3777531,0.011215437,0.38654089,0.076187328,-0.030395483,0.47619667,0.012756839,0.041835096,-0.079636735,0.0030808942,-0.0022647658,0.10361029
cop_0193,148,269.3372063,1000,2.2549841,-0.061984061,1.888947,2.2985598,-0.074470471,1.78121,1.9090105,-0.081358387,1.7747798,0.22865463,-0.29274565,1.6709466,0.040552003,0.038297482,0.12671819,0.0108647,0.099079854,0.54884393,2.1525256,-0.053282473,1.214578,2.1336868,-0.076539918,1.3026756,1.8142363,-0.074033377,1.2414241,0.21911807,-0.2300779,1.2198338,0.038089153,0.035442509,-0.00027025365,0.010468317,0.099529048,0.36174109
cop_0194,965,4871.984054,1000,2.8081765,-0.0031305214,1.6907096,2.84067,-0.0071269687,1.6918022,2.3484559,-0.017210256,1.6202206,0.052521727,-0.11082171,1.8030671,0.027915449,0.064520584,0.021764718,0.0056827725,0.055557335,0.24616839,2.6817831,-0.01107105,1.1396705,2.6876731,-0.029343513,1.1961466,2.2541847,-0.026251239,1.1542973,0.050042844,-0.11432134,1.3168715,0.026506506,0.042589273,-0.13954083,0.0054542041,0.04971354,0.081730052
cop_0195,700,1220.034053,1000,2.2455633,-0.043580774,1.6480058,2.2778076,-0.050733582,1.64868,1.8767116,-0.071753292,1.6493206,0.065361596,-0.24700102,2.0516234,0.017804743,0.035234266,0.027807326,0.0030256299,0.11142901,0.40992728,2.1858109,-0.029362706,1.1698774,2.1527361,-0.043940514,1.1691262,1.817066,-0.05496264,1.119967,0.063451938,-0.22101498,1.48488,0.017229877,0.025154644,-0.14256357,0.0029808406,0.10445965,0.19676426
cop_0196,364,503.3204639,1000,1.2001765,0.063380032,0.19744743,1.1682409,0.025906054,0.21876634,0.97828947,0.057771519,0.19058211,0.15258891,0.022517852,0.23137093,0.029586861,0.082619959,0.0082683799,0.0041614815,-0.070186745,0.084997226,1.1858578,0.067207895,0.06944894,1.1338751,0.035123417,0.089759896,0.96267053,0.055710324,0.085399251,0.14826886,0.032204532,0.10097716,0.027741196,0.061994679,-0.18814934,0.0039869664,-0.073597133,-0.058681687
cop_0197,344,479.0215321,1000,1.3214732,0.059735966,0.1586941,1.2937851,0.040546931,0.18662322,1.09094,0.051215733,0.17832467,0.1325624,0.039085368,0.22425552,0.020784526,0.060116631,0.019256362,0.0028136483,-0.036272619,0.10538526,1.3077565,0.046280359,0.085590596,1.2520691,0.028036638,0.11402049,1.069186,0.035663789,0.10238699,0.12838772,0.036222236,0.13023197,0.019184694,0.062288947,-0.14935712,0.0026834956,-0.030157842,-0.022428587
cop_0198,973,5500.502999,1000,2.1546254,0.047910431,0.50834736,2.1634762,0.033200749,0.50021756,1.7718055,0.041558882,0.4948212,0.093021286,-0.037967693,0.48095971,0.013390667,0.066854135,-0.074409454,0.0014805451,0.01997236,0.051990286,2.1131448,0.035225272,0.32010659,2.0807343,0.022301791,0.35553743,1.73166,0.031025706,0.31927257,0.091540709,-0.035688594,0.33386977,0.012551972,0.048002288,-0.27291294,0.0014166082,0.021575989,-0.075178438
cop_0199,999,11442.491,1000,2.9155141,0.021710579,1.6419222,2.9579266,0.019016804,1.6455223,2.4559372,0.0034943548,1.6378706,0.074409481,-0.12021635,1.734004,0.031223176,0.024414258,-0.064437127,0.0050163853,0.023077633,0.24206266,2.855302,0.019286898,1.1180369,2.8365162,-0.00053472093,1.1435001,2.4019047,0.006972083,1.1029949,0.073066648,-0.12037773,1.2257911,0.030555352,0.011988925,-0.18730116,0.0049649781,0.0014949023,0.092726582
cop_0200,207,322.2331806,1000,1.5582464,-0.0073461153,0.71503301,1.5685199,-0.02406081,0.71291557,1.300593,-0.020824908,0.72455857,0.12905852,-0.11136176,0.91382308,0.032579674,0.059475302,0.080588554,0.0057797836,-0.010916547,0.2458208,1.5253255,0.0066833555,0.39314101,1.4914497,-0.029323644,0.37699378,1.2615855,-0.011416552,0.4261843,0.12401541,-0.069087635,0.52492333,0.030365042,0.054203087,-0.10439365,0.0055005475,-0.0073395739,0.092736429
cop_0201,861,2364.44339,1000,2.5188123,-0.0089743942,1.8470303,2.5921018,-0.024184555,1.8997623,2.1065719,-0.037867036,1.7895707,0.20924013,-0.23903834,1.625903,0.04615291,0.030421496,0.00099236662,0.0090457038,0.079752214,0.2616719,2.4411734,0.011843486,1.2126044,2.444385,-0.030731727,1.2428526,2.0537487,-0.024963917,1.3203421,0.20401058,-0.18641722,1.1573661,0.04554982,0.013037915,-0.11787674,0.0088695167,0.073384591,0.099306607
cop_0202,488,694.7967586,1000,1.2364064,0.047961496,0.23484551,1.2349932,0.030235123,0.26291384,1.009872,0.044168515,0.26577667,0.094485127,0.0093663817,0.34272833,0.0052332317,0.058711178,0.0096549321,0.00067506608,-0.022652413,0.13479946,1.2151189,0.05223925,0.10956086,1.1750961,0.022334319,0.12701551,0.99344223,0.036992074,0.11491414,0.092437637,0.013252209,0.18512248,0.0048319263,0.048344473,-0.17282804,0.00064952824,-0.021457642,-0.032129647
cop_0203,994,9063.816008,1000,2.3621663,0.02580405,1.0264202,2.3601352,0.0066088194,1.0648849,1.9585768,0.012103359,1.0038374,0.027911155,-0.12781516,0.93899487,0.01494221,0.041240622,-0.066893617,0.0018315457,-0.033391038,0.14777294,2.3063971,0.024605209,0.66656823,2.2782464,-0.0023726962,0.70898115,1.9184777,0.010552592,0.68834737,0.027778947,-0.10540032,0.65670038,0.014481028,0.042583901,-0.19540963,0.0018092208,-0.022027323,0.015922902
cop_0204,164,285.348975,1000,1.6051021,0.019210081,0.52206662,1.6128158,0.0029529066,0.53227162,1.3367736,0.005267475,0.52627846,0.074149926,-0.047967598,0.67422354,0.020368882,0.060340941,0.097522862,0.0044601387,0.001593983,0.22704579,1.5793988,0.039373489,0.32103236,1.5481798,0.014699048,0.31944343,1.3019196,0.021300233,0.34057567,0.071393462,-0.026227873,0.43628055,0.019344454,0.043591039,-0.086208554,0.0042994059,0.017461285,0.075233751
cop_0205,744,1431.26873,1000,1.3947173,0.028903765,0.37185082,1.3905213,0.014513484,0.39030859,1.1557444,0.020813552,0.38793431,0.049352595,-0.022040681,0.46696884,0.037468205,0.095599315,0.083697896,0.0073783641,-0.042233067,0.14085868,1.3723074,0.041134374,0.21774665,1.3389233,0.021012864,0.21691639,1.1363894,0.023078131,0.24530142,0.048120038,-0.0091299748,0.25211488,0.035346634,0.066536855,-0.066330564,0.0071474654,-0.050056068,0.0060827502
cop_0206,5,47.29097695,1000,1.2761364,0.025748766,0.32289238,1.2675384,-0.004134939,0.35413807,1.0323428,0.00038629882,0.34677271,0.0073606216,-0.15997297,0.53702828,0.00051884651,0.012977926,-0.14062376,3.4552679e-05,-0.021273492,0.12276431,1.2449147,0.03622253,0.18805768,1.2207611,0.0054250375,0.19148691,1.0147683,0.015510837,0.19483121,0.0071121151,-0.13806827,0.25586333,0.00048076518,0.01301924,-0.30557255,3.3531606e-05,-0.035740887,-0.040547878
cop_0207,618,904.1792158,1000,2.8437692,-0.0089712858,2.2443366,2.8883474,-0.026591609,2.2914444,2.4464213,-0.020897001,2.1631514,0.21694427,-0.30404554,1.980229,0.074501666,0.0563071,0.05696471,0.016644054,0.043382147,0.28347864,2.7316126,-0.0046471365,1.6020079,2.7206706,-0.020453215,1.6443438,2.307496,-0.017006352,1.5721004,0.2061027,-0.24518937,1.5183046,0.070299003,0.055946937,-0.080437825,0.015927788,0.043310584,0.14253009
cop_0208,653,1040.221687,1000,1.8622009,0.004026934,0.94828241,1.8972724,-0.016168102,0.98160002,1.552623,-0.017012042,0.96798764,0.21004036,-0.15991748,0.98456783,0.0253094,0.036982392,-0.065864461,0.0034036018,0.028467919,0.13408227,1.8246679,0.023197408,0.54889131,1.7854046,0.0064376699,0.58944291,1.502658,0.0042795289,0.59165402,0.20281982,-0.096305422,0.60011735,0.023891065,0.044629789,-0.20574905,0.0032603688,0.030113944,-0.009597777
cop_0209,293,424.896763,1000,1.6460542,0.069314544,0.22844169,1.6183806,0.052532146,0.24789632,1.3555706,0.059171466,0.25135782,0.012810154,-0.019573451,0.24707138,0.0036543504,0.080776585,-0.043220451,0.00035213722,-0.044030507,0.083968364,1.6307928,0.066169146,0.12927582,1.5622975,0.054052086,0.13443917,1.3307944,0.061929537,0.13942124,0.012481666,-0.0066302612,0.12974933,0.0034776886,0.068674788,-0.22197198,0.00033383379,-0.042556356,-0.036774791
cop_0210,109,235.5097477,1000,1.269988,0.059328894,0.17973457,1.2490969,0.028223624,0.20264825,1.0314716,0.045958256,0.20256003,0.068788657,0.012483397,0.26146683,0.016708436,0.021435008,0.050132824,0.003991271,-0.025775474,0.11156173,1.2470132,0.056637936,0.05474461,1.2195218,0.033879363,0.069185875,1.0078273,0.036816605,0.053575313,0.067105854,0.016502951,0.09844989,0.015929719,0.012660185,-0.13241882,0.003932403,-0.020438716,-0.044910919
cop_0211,721,1317.186455,1000,1.6671135,0.039992326,0.48348788,1.6617153,0.024610494,0.4681582,1.3910654,0.025096423,0.48110945,0.022137242,-0.022853134,0.38055708,0.037206605,0.1105411,0.03910489,0.0056840082,-0.06125922,0.11678095,1.6500117,0.053173727,0.28535244,1.6039744,0.032338396,0.28548933,1.3659687,0.045983065,0.30513472,0.02161221,-0.025314674,0.23756727,0.035388606,0.076563581,-0.11441337,0.0055770488,-0.050787974,-0.010521861
cop_0212,570,817.3238722,1000,1.7996216,0.038314628,0.53928221,1.7905454,0.014053691,0.58000225,1.4757601,0.017143814,0.5971473,0.059999906,-0.050256069,0.7170983,0.0065137332,0.04979304,-0.027490598,0.0014259365,0.062448779,0.26040092,1.7699545,0.029513601,0.30341648,1.7457016,0.0087279273,0.30859288,1.4497762,0.009791373,0.32264326,0.058949406,-0.049146701,0.42212001,0.006323763,0.021217252,-0.16137531,0.0013941875,0.055200173,0.072170737
cop_0213,252,381.3827721,1000,1.9815167,0.013367053,1.00399,2.0016333,-0.0064383054,1.0254608,1.6525234,-0.0050035616,0.99299056,0.18670218,-0.14368373,1.0197907,0.079282914,0.038076675,0.053209964,0.019430422,0.032146933,0.17536021,1.9196743,0.022195982,0.62628673,1.8927386,0.0063240458,0.6336254,1.6190647,0.0045974938,0.63465385,0.18140717,-0.096126055,0.66322033,0.075200531,0.018233003,-0.071071008,0.018504385,0.018222954,0.032464025
cop_0214,645,1023.739615,1000,1.3526087,0.024801028,0.36262962,1.3717065,0.0038869969,0.33580627,1.0931954,-0.0047588091,0.37927286,0.17351006,-0.070756957,0.40353488,0.0047919635,0.020303143,-0.080402929,0.00065153633,0.017936601,0.11609671,1.3487266,0.0085154944,0.18357457,1.3358668,-0.0060342122,0.1977985,1.0876072,-0.0082232412,0.20894844,0.17318766,-0.055980807,0.24191203,0.0046918429,0.0016520745,-0.2221841,0.00064722054,0.0095676506,0.0085808804
cop_0215,878,2522.078382,1000,1.0949036,0.074574173,0.1079325,1.076114,0.042249291,0.12424173,0.87681205,0.062221146,0.10514071,0.010776254,0.01489005,0.17714084,0.0091743013,0.073425462,-0.12712503,0.0007363162,0.012914797,0.020259459,1.0780635,0.071707878,0.029663008,1.0375487,0.044804544,0.040879337,0.85889338,0.055911523,0.03243512,0.010392773,0.0082659305,0.10951412,0.008684124,0.065821887,-0.30289783,0.00069837719,0.0055185053,-0.11617048
cop_0216,320,452.0216225,1000,1.9142728,-0.036459994,1.248685,1.9288141,-0.054992515,1.225914,1.6188156,-0.047916907,1.2092629,0.29272978,-0.24400741,1.1008504,0.024383961,0.0084607815,0.062482068,0.0044473487,0.014636933,0.35893364,1.851611,-0.019427735,0.8112608,1.8225244,-0.055581782,0.85467326,1.5622494,-0.032221496,0.83422266,0.28204503,-0.17830406,0.70780536,0.022655683,0.014528323,-0.14480117,0.0042616136,0.0061061443,0.18408659
cop_0217,542,776.2634587,1000,2.9344313,-0.032414648,2.3844535,3.0309257,-0.033124546,2.3890922,2.5041472,-0.052838614,2.260124,0.13453785,-0.21396781,2.4452009,0.0094062992,0.052976612,-0.00059459371,0.0017987511,0.14998508,0.50592232,2.8320642,-0.024713406,1.7287012,2.8160803,-0.041653728,1.6926126,2.3982258,-0.041630654,1.6650335,0.12905241,-0.17618083,1.8575172,0.0092423559,0.055708077,-0.11910019,0.0017405138,0.149207,0.33588504
cop_0218,439,605.6505696,1000,1.1881051,0.064052912,0.12413453,1.167065,0.039272802,0.14362925,0.96111003,0.058753367,0.13223745,0.16113472,0.043199384,0.15900151,0.027159699,0.075927896,-0.038671182,0.0032399142,-0.062208091,0.050909835,1.1682126,0.070196083,0.066336023,1.1213313,0.036242559,0.081246144,0.93636857,0.057790646,0.061960717,0.15531925,0.040446766,0.069011075,0.024981343,0.054385992,-0.2393686,0.0029864449,-0.04089929,-0.070775982
cop_0219,408,569.2970951,1000,1.6239186,0.065958185,0.29588657,1.5928073,0.046020787,0.33298544,1.3163557,0.043937412,0.31924763,0.028673866,-0.045938941,0.32127939,0.012563718,-0.02768534,-0.054704833,0.0015942445,0.011009542,0.12007434,1.5985401,0.064260076,0.17538416,1.5463424,0.04343835,0.19260991,1.2915678,0.049187345,0.1881274,0.02828105,-0.037319325,0.17530367,0.012396309,-0.022686909,-0.23089742,0.0015801736,0.015303894,0.0040917723
cop_0220,194,309.431992,1000,1.7622603,0.023560701,0.70904192,1.7621667,0.0010671247,0.70807172,1.4781852,0.011266383,0.70763068,0.16073192,-0.061235668,0.73335317,0.069655812,0.048701398,0.091587075,0.013587792,-0.031162751,0.24487384,1.7030174,0.021952197,0.45969608,1.6924062,0.0023951518,0.48012881,1.4355586,0.0064488674,0.45029801,0.15612429,-0.049114796,0.46669068,0.065940689,0.059641828,-0.085108301,0.012958562,-0.02731081,0.10873105
cop_0221,331,464.0921745,1000,1.9741834,-0.012285858,1.1398192,2.0012344,-0.026445628,1.1577856,1.6631112,-0.022089102,1.1443433,0.27212074,-0.20998218,1.0513935,0.049905751,0.03950013,0.024790802,0.0080052481,0.004689389,0.21982994,1.8903192,0.0024765912,0.68381105,1.8912292,-0.016346686,0.6934889,1.5955378,-0.013443495,0.69021376,0.25992279,-0.14728324,0.68915313,0.046998904,0.044389226,-0.15603889,0.0075185308,0.0071844939,0.039052361
cop_0222,627,936.7274844,1000,2.7080982,0.0091562741,1.7336856,2.6951487,0.00065064599,1.7632734,2.2884091,-0.0062340428,1.6674433,0.043906421,-0.090224549,1.8733644,0.0083515025,0.059412302,0.069597764,0.0015748579,0.10309681,0.35480673,2.5616479,0.0054086412,1.0295511,2.5144508,-0.0028485104,1.0940719,2.1517031,0.0015177417,1.0252081,0.041336917,-0.087691728,1.1931232,0.0079421794,0.048576506,-0.10276163,0.0015057575,0.07317643,0.16149504
cop_0223,885,2568.805946,1000,2.1320845,0.048090308,0.62726112,2.1190714,0.036971276,0.67836473,1.7553525,0.042595275,0.62953227,0.024299049,-0.026468585,0.55829744,0.0088461782,0.12818017,-0.072755548,0.0006251691,-0.031704479,0.10346866,2.0664332,0.047840778,0.3844264,2.0207847,0.03530557,0.42184407,1.7126187,0.042767946,0.399095,0.023672049,-0.025358033,0.34431417,0.008245306,0.08504411,-0.25139558,0.00060661185,-0.033338932,-0.045109768
cop_0224,607,882.5233886,1000,1.5511275,-0.051628925,0.85406315,1.5511016,-0.063715832,0.86033536,1.2861385,-0.068951085,0.90530598,0.099476971,-0.14296852,1.1420982,0.015188515,0.10657595,0.075565027,0.0022382731,0.013753321,0.32928106,1.5009197,-0.025442252,0.53695721,1.4889761,-0.050616908,0.5798971,1.2407676,-0.046031212,0.53186182,0.096196287,-0.10323864,0.68139268,0.014167943,0.056215053,-0.11805396,0.0021223606,0.023555867,0.12520308
cop_0225,977,5656.761732,1000,1.149219,0.053772732,0.13911103,1.1381703,0.024969231,0.17173468,0.9202645,0.038990584,0.14325781,0.0096382766,-0.079986041,0.22412206,0.013910144,0.038732228,-0.12237524,0.0017209994,0.0081581376,0.035470364,1.1379803,0.070829394,0.044754735,1.101712,0.03682115,0.06698192,0.90986084,0.047798344,0.046736037,0.0094018163,-0.065356746,0.077601595,0.013448165,0.020561926,-0.22919364,0.0016771153,0.006405313,-0.063130958
cop_0226,43,160.0482469,1000,1.3402844,0.053046214,0.27461833,1.3271367,0.02760391,0.29159069,1.1074227,0.043384074,0.2946385,0.02685415,-0.011528132,0.40045276,0.022041986,0.073684792,0.090189404,0.0042979117,-0.034308946,0.15068479,1.3113971,0.042971136,0.12477531,1.2928448,0.019413733,0.13981734,1.0886531,0.034927509,0.14846564,0.025814652,-0.010414364,0.25721847,0.020501926,0.047171756,-0.10488084,0.0041027841,-0.029678869,0.019482123
cop_0227,106,235.0804141,1000,2.0862449,-0.080680236,1.6805535,2.1005833,-0.097321807,1.7156147,1.7631923,-0.092431686,1.6317388,0.16602553,-0.29583219,1.8005703,0.051751948,0.045570481,0.13270427,0.011675179,0.097317452,0.5247988,2.0071664,-0.061667705,1.1396203,2.0040957,-0.074033705,1.1908813,1.7155074,-0.078150542,1.1622539,0.16183185,-0.22928912,1.3300656,0.04852034,0.067013556,-0.027968655,0.011177776,0.071610169,0.30745734
cop_0228,900,2712.244846,1000,2.5009246,-0.06008465,1.9659794,2.5050263,-0.073644063,1.9447948,2.1195844,-0.070298392,1.8578432,0.030018819,-0.2069464,1.6656962,0.026940178,0.065212722,0.044933704,0.0045569044,-0.034178831,0.33216223,2.4177457,-0.042467606,1.4179122,2.4203851,-0.069156558,1.46875,2.0534117,-0.057380931,1.3951808,0.028653879,-0.19715592,1.2545839,0.025397286,0.049473145,-0.084228545,0.0044014213,-0.037579607,0.18765534
cop_0229,128,255.9881992,1000,1.4344042,0.0018144032,0.47937259,1.4545202,-0.023909539,0.50957599,1.1775716,-0.016671703,0.50884524,0.04136154,-0.10219773,0.60307457,0.0017539291,0.060985419,-0.15072703,9.3829717e-05,-0.0078953836,0.085897055,1.4144593,0.0073454117,0.3060169,1.3877584,-0.022365503,0.33874171,1.154396,-0.011913262,0.31652093,0.040370757,-0.068327469,0.38023258,0.0016182362,0.054249729,-0.34961194,9.0520395e-05,-0.012661106,-0.046989041
cop_0230,774,1613.877719,1000,2.3398497,0.052365082,1.12672,2.3101339,0.032974974,1.1458082,1.9607708,0.040130588,1.0686,0.33745396,-0.20388363,0.84848569,0.0098359037,-0.016901993,-0.043504298,0.0012790378,0.024633395,0.21435682,2.25769,0.067938219,0.70576361,2.201802,0.050056297,0.7573394,1.8913187,0.050380652,0.72458969,0.32762025,-0.15143499,0.55229394,0.0093701212,0.00091582636,-0.16894003,0.0012145752,0.034910617,0.08453361
cop_0231,93,223.7277514,1000,1.3592582,0.025297795,0.32636608,1.3497028,-8.8447138e-05,0.3602171,1.1143613,0.012328637,0.3441383,0.074535276,-0.027985777,0.45742148,0.037230262,0.057952002,0.06927934,0.0087741162,-0.011903042,0.13626388,1.3410867,0.033440166,0.19553535,1.3031104,0.0077415776,0.21380428,1.0910343,0.024315032,0.20167923,0.072562868,-0.013689917,0.26005918,0.035471781,0.049806478,-0.099582396,0.0085248473,-0.0086921707,-0.011695021
cop_0232,528,751.2140972,1000,1.4785076,0.069978598,0.15712983,1.4382803,0.049083631,0.17630977,1.2109521,0.058933717,0.17687649,0.012697325,-0.00081646948,0.23286672,0.0087938556,0.067914249,0.035762452,0.001581471,-0.027186555,0.082424228,1.4480976,0.071009178,0.071383077,1.4058286,0.052608098,0.069441393,1.1921819,0.057416138,0.078906196,0.012349781,-0.009351145,0.098299095,0.008349176,0.053719361,-0.13200512,0.001530438,-0.025260204,-0.025214789
cop_0233,104,234.1167015,1000,1.5892007,0.038629341,0.43281291,1.5769643,0.021755879,0.45604379,1.3086045,0.033050669,0.45333317,0.029092175,-0.013005407,0.50676403,0.012233504,0.031153556,0.015637712,0.0016190375,-0.06060283,0.21248795,1.5424867,0.054770017,0.25765651,1.5176457,0.02961556,0.27037151,1.2844502,0.043225004,0.29091448,0.028160371,-0.010231414,0.27611004,0.011430877,0.027170455,-0.16248603,0.0015442504,-0.053969018,0.059014341
cop_0234,455,636.6624715,1000,2.9028205,0.015904957,1.9417316,2.9728511,0.0054355508,1.8794528,2.4366093,-0.0038657142,1.8700622,0.37966675,-0.35443312,1.304727,0.027938238,-0.017462455,-0.071117895,0.0051900757,0.083639925,0.21638859,2.8516412,0.016788823,1.2486103,2.8301704,-0.002318866,1.3315778,2.3713582,-0.0071816344,1.2386967,0.37247166,-0.30167666,0.85860324,0.027063989,-0.0096463574,-0.18033852,0.0051030302,0.080281611,0.12830794
cop_0235,976,5656.18332,1000,2.7460484,-0.097490814,2.4891021,2.8069607,-0.098745624,2.4104212,2.3164719,-0.10980821,2.3570091,0.071246133,-0.23148448,2.8367794,0.012765126,0.12732195,0.0046329067,0.0015156272,0.0045300013,0.38284015,2.6018855,-0.088568675,1.6778026,2.6130828,-0.091750627,1.7952387,2.2148183,-0.099345427,1.6662225,0.067409332,-0.19414637,2.0178001,0.012187579,0.11685355,-0.16568854,0.0014683455,0.0014636459,0.21990172
cop_0236,952,4002.999828,1000,2.4728713,0.0222544,1.1022589,2.5045784,0.010507848,1.118334,2.0645479,0.0092337732,1.062422,0.035854342,-0.095057912,1.0200067,0.016557419,0.053582237,-0.015738484,0.0032550045,0.039658171,0.17069298,2.412422,0.029533792,0.64556632,2.3851555,0.012478843,0.70284104,2.0109115,0.016998762,0.64011458,0.03486884,-0.074037482,0.61185356,0.01624882,0.053262467,-0.17338431,0.0032113769,0.043113784,0.0022283705
cop_0237,934,3476.06491,1000,1.1690457,0.054515746,0.16738573,1.1780473,0.034621834,0.17673376,0.93936606,0.038402267,0.16903473,0.010954753,-0.052490849,0.23311526,0.0091791346,0.042943347,-0.086798047,0.0010757634,-0.014567837,-0.0085803751,1.1555417,0.049379626,0.08005685,1.1282786,0.034331166,0.090884728,0.92260672,0.02304752,0.076507976,0.010683134,-0.053596319,0.11339998,0.0086838857,0.01510218,-0.21764185,0.0010527044,-0.015535346,-0.10926333
cop_0238,118,247.2345068,1000,1.1114168,0.09179182,0.072742147,1.0978004,0.06394761,0.1052985,0.89905999,0.083093136,0.069150421,0.035385351,0.044641543,0.097901897,0.0051507204,0.049160606,-0.030596795,0.00057438625,-0.056293813,0.021444805,1.0984927,0.074786205,0.014765589,1.066198,0.051669196,0.018895522,0.88317719,0.057949716,0.0051940454,0.034146591,0.021596788,0.027498162,0.0047814904,0.044637265,-0.22209702,0.000542503,-0.047374816,-0.1191408
cop_0239,854,2311.348343,1000,1.1349781,0.081037063,0.1218616,1.1224679,0.058038364,0.13592174,0.92681986,0.069986853,0.12043591,0.014709731,0.031496771,0.18941725,0.017986729,0.069203464,-0.037421007,0.0020118788,-0.033532913,0.057999393,1.1121086,0.069881085,0.041420487,1.0893807,0.042673506,0.048113038,0.9012548,0.062191574,0.039268183,0.014113275,0.021940413,0.084627675,0.016740754,0.039133585,-0.2538601,0.0019203526,-0.029110358,-0.098585786
cop_0240,30,151.4270389,1000,1.332801,0.041055139,0.26596851,1.3373826,0.018512859,0.27299413,1.0976082,0.028208491,0.27182464,0.15716301,-0.0021860246,0.30774402,0.059597069,0.059535573,0.080719503,0.013706137,-0.033390809,0.098992141,1.3066365,0.058691612,0.14158507,1.2739347,0.0274687,0.14699632,1.0640856,0.043249529,0.14722144,0.15149134,0.013632532,0.1966243,0.055742203,0.048071963,-0.11164729,0.012970674,-0.022393428,-0.037112193
cop_0241,548,781.2881003,1000,1.600903,0.042002618,0.37422808,1.5773744,0.016348015,0.40569153,1.3166604,0.024530982,0.38832348,0.17006714,-0.031880685,0.40984519,0.085264456,0.063275919,0.0039505639,0.02052169,-0.034746908,0.089054194,1.584068,0.04631666,0.2054241,1.5415038,0.015025458,0.22481075,1.300366,0.024424549,0.21824608,0.16801329,-0.021650701,0.24606484,0.081107471,0.049551166,-0.15227171,0.019955559,-0.019414461,-0.044665332
cop_0242,942,3620.462023,1000,2.2835929,0.052205322,0.77044952,2.2651675,0.049871862,0.78564774,1.9068507,0.046314774,0.77033005,0.063542097,-0.0087762987,0.84825183,0.010126308,0.11122755,-0.052621885,0.00097807808,0.013810349,0.096308408,2.2311654,0.044696493,0.48981658,2.1816742,0.031183398,0.50611507,1.8497678,0.029058937,0.49359818,0.061728966,-0.019236791,0.55159796,0.0093478374,0.074938571,-0.22472963,0.0009347253,0.020411275,-0.03010685
cop_0243,978,5780.373413,1000,2.1716994,-0.0087459407,1.2188401,2.1990414,-0.022140249,1.2276524,1.790655,-0.035126573,1.2528207,0.017508972,-0.18505994,1.3630987,0.017590989,0.032346921,0.0038548024,0.0032090339,-0.027268743,0.29477179,2.1254039,0.0048178423,0.80445346,2.0895439,-0.020378147,0.8700139,1.7425775,-0.016041341,0.81904074,0.017081182,-0.1341086,0.94471608,0.017118494,0.028260353,-0.13436997,0.0031796219,-0.026805331,0.094228391
cop_0244,423,581.8403902,1000,1.6273311,0.062512634,0.18342814,1.6019206,0.046178022,0.21407343,1.3430595,0.056285188,0.20857734,0.18496273,0.026360682,0.20356838,0.022059667,0.028556755,0.036917888,0.0040172452,-0.043785143,0.091228199,1.6101365,0.062340581,0.081735314,1.5658284,0.048407572,0.10938646,1.3227253,0.052511691,0.10773536,0.18235934,0.034496021,0.10248454,0.020649382,0.011443265,-0.14768063,0.0039029275,-0.036240517,-0.049720563
cop_0245,777,1623.019524,1000,1.826632,-0.039606553,1.0976033,1.869542,-0.055193277,1.0894355,1.508111,-0.069397192,1.118828,0.068498256,-0.15530085,1.4417829,0.0018086328,0.033765891,-0.11804577,0.00014499016,0.02860436,0.21084205,1.780405,-0.013827238,0.6135637,1.7682381,-0.038683005,0.67805532,1.4687714,-0.041359399,0.65506574,0.066126446,-0.12110964,0.94221198,0.0016652113,0.013421716,-0.29116912,0.00014151087,0.007545022,0.028946513
cop_0246,577,826.7860977,1000,1.4767326,0.055100607,0.24935154,1.4600412,0.035783239,0.26901932,1.2204652,0.049506861,0.24135506,0.19617265,0.012327748,0.23789155,0.029054905,0.11065242,0.046523698,0.0045069339,-0.032453426,0.079583135,1.4534873,0.045889262,0.11627507,1.3917389,0.024812363,0.12290961,1.1932954,0.031404775,0.12456731,0.19079544,-0.0014718231,0.14179507,0.027063391,0.081737989,-0.14946306,0.0042884104,-0.028697724,-0.085847932
cop_0247,754,1484.947904,1000,2.7265792,-0.071964548,2.3297447,2.7110794,-0.095904101,2.371772,2.3168895,-0.090547198,2.2514381,0.10100001,-0.22071517,2.282242,0.021641849,0.099379308,0.058670255,0.0031371758,0.084114923,0.44358665,2.5770193,-0.043898113,1.6484333,2.5659895,-0.074298147,1.7590191,2.201512,-0.067711161,1.6145368,0.095540563,-0.18164579,1.6888508,0.020365457,0.089859046,-0.090768105,0.0030006888,0.071674721,0.27970362
cop_0248,931,3362.035658,1000,1.6134075,-0.085289692,1.0802231,1.6426169,-0.096866735,1.1043105,1.3474245,-0.10122737,1.0874245,0.027065774,-0.19251784,1.3681995,0.011570066,0.098317545,0.03435101,0.0012652203,-0.030601872,0.28960922,1.5865794,-0.067721414,0.65510349,1.5637525,-0.088736646,0.67865354,1.322608,-0.082575531,0.71730509,0.026171686,-0.16277057,0.92938409,0.010813138,0.069470678,-0.17457265,0.0012120742,-0.021283033,0.12150947
cop_0249,48,164.665708,1000,1.2383412,0.080414491,0.12341466,1.2201521,0.061698673,0.13370909,1.0025995,0.068000361,0.12749906,0.061813598,0.068474529,0.14583365,0.017012053,0.098446682,0.051470716,0.0030471147,-0.086037757,0.082430781,1.2247179,0.077941588,0.057624783,1.1956935,0.057486441,0.066357831,0.9880507,0.067670146,0.037885908,0.060244935,0.064251803,0.084167267,0.016198876,0.073167134,-0.10516532,0.0029306777,-0.071663965,-0.039962038
cop_0250,222,342.4450343,1000,1.5047277,0.023474689,0.46210599,1.5115647,-0.00017235876,0.4750011,1.2464519,0.010436219,0.49210148,0.15312127,-0.054319314,0.56621035,0.038642979,0.047273662,0.057042612,0.007664969,0.0036860781,0.17499331,1.4860662,0.027741457,0.27153379,1.4722464,-0.0062041763,0.29381019,1.2306726,0.012493879,0.30227545,0.14960653,-0.045130976,0.36925593,0.036272002,0.034991995,-0.11815743,0.0073422109,0.0072548207,0.020018726
cop_0251,722,1319.523322,1000,2.6073328,0.030833851,1.0767212,2.5842552,0.021300613,1.0997548,2.1786905,0.029815943,1.0449957,0.035210255,-0.073199518,1.0589352,0.0060187561,0.074758318,-0.066892705,0.00058346265,0.031287817,0.18483282,2.4827614,0.036383673,0.6409129,2.445348,0.012618271,0.67587592,2.0841268,0.031768989,0.63967835,0.033685583,-0.064250989,0.66969872,0.0057364436,0.050476359,-0.21356255,0.00056522396,0.039758221,0.043342064
cop_0252,100,232.0110467,1000,1.3843736,0.0098068899,0.45499561,1.3638619,-0.011398267,0.45585246,1.1335052,-0.0046143749,0.46644569,0.20001895,-0.073653497,0.54337268,0.047023573,0.054739313,0.016575973,0.0083563952,-0.020636749,0.16013502,1.340413,0.025362073,0.26762146,1.3165298,0.009110756,0.27529664,1.1071393,0.0070025248,0.27064965,0.19396939,-0.045903518,0.30429816,0.045104104,0.048336571,-0.12487472,0.0079749487,-0.030898328,-0.019463848
cop_0253,690,1171.114155,1000,1.5967709,0.037506118,0.46934479,1.5767677,0.019913717,0.46475592,1.3205626,0.025509794,0.46908332,0.10519214,-0.024846027,0.5701686,0.0025079554,0.121155,0.017660823,0.00023384914,-0.028750343,0.21319944,1.5612966,0.040448778,0.29169056,1.5072958,0.024703884,0.28567615,1.2957576,0.03146349,0.30912257,0.10231669,-0.009253308,0.36243867,0.002299405,0.11388067,-0.19017202,0.00022293938,-0.022335945,0.044426345
cop_0254,950,3911.677447,1000,2.9548626,-0.032903502,2.1953924,2.9898507,-0.036582224,2.2107074,2.4587808,-0.052317306,2.1162409,0.050038662,-0.17990263,2.5171972,0.03761779,0.028200758,0.093134165,0.010096145,-0.059307234,0.5761563,2.8339695,-0.022560098,1.5006753,2.8020544,-0.039104473,1.5455967,2.3686927,-0.042840477,1.467639,0.047939793,-0.15863869,1.8140088,0.036790481,0.030340783,-0.039578566,0.009742194,-0.035426297,0.36396146
cop_0255,34,153.9178747,1000,2.1736954,-0.08588401,1.8367057,2.1944139,-0.090465774,1.8459451,1.8464466,-0.096568882,1.7908309,0.2557242,-0.33238439,1.7009129,0.057858621,0.051286755,0.15270727,0.01605032,0.09059323,0.46706478,2.0762469,-0.063587383,1.1503935,2.0613312,-0.085739342,1.2053233,1.7639499,-0.078015591,1.1366268,0.24643054,-0.26036366,1.1526681,0.054229236,0.028598963,0.001570215,0.015344846,0.077662432,0.26211058
cop_0256,956,4301.928846,1000,2.7640137,-0.043359578,2.1639343,2.7928713,-0.047928161,2.1669161,2.3405535,-0.061193235,2.0490283,0.069922417,-0.19478169,2.0189158,0.041333898,0.08038088,0.074592766,0.0086374842,0.00039308687,0.3360376,2.6252934,-0.027908584,1.4575746,2.6372078,-0.044011105,1.5325003,2.2355975,-0.041540146,1.4198419,0.066376951,-0.16328202,1.4548894,0.039415934,0.042458888,-0.04743944,0.0083440744,0.0032898493,0.18946687
cop_0257,694,1191.969101,1000,1.4090286,-0.017372656,0.55780104,1.4263675,-0.033111778,0.54133048,1.1569131,-0.041148,0.56797326,0.057895782,-0.13598113,0.82100956,0.0039452706,-0.0056679699,-0.024711961,0.000569634,0.027916574,0.29155057,1.3848151,-0.005756845,0.34974665,1.3638814,-0.03209466,0.36263317,1.1324989,-0.03063378,0.34839744,0.056696458,-0.095005692,0.46271077,0.0038011916,-0.0013601006,-0.17108492,0.00055997545,0.037988154,0.13980642
cop_0258,883,2552.574643,1000,1.4990461,-0.0051734836,0.69939517,1.5047747,-0.029982726,0.74044366,1.2525855,-0.019796916,0.73397076,0.06329428,-0.082784713,0.9377328,0.021445199,0.12201377,0.038542141,0.0027823857,-0.0076358704,0.20772824,1.4606101,-0.0040269878,0.4144622,1.4439799,-0.032126089,0.43082007,1.2183295,-0.020133099,0.44498944,0.061451756,-0.078394995,0.53944525,0.019902917,0.10491537,-0.11287721,0.002632649,-0.018352494,0.052105028
cop_0259,24,128.9441864,1000,1.5587221,-0.029386336,0.78452783,1.5738504,-0.045853778,0.79417676,1.3000857,-0.038345231,0.81014184,0.015484075,-0.14436277,1.0227129,0.0042554305,0.048763299,0.011457711,0.00055249766,-0.014318914,0.28801914,1.5255552,-0.029000457,0.42723465,1.5126914,-0.055227346,0.50543338,1.2857243,-0.048589825,0.50962238,0.015081018,-0.12479785,0.64211417,0.0040547089,0.044859462,-0.18647635,0.00053611738,-0.028808085,0.095624946
cop_0260,198,316.3806938,1000,1.8845291,0.06577806,0.3443148,1.8890329,0.053427069,0.36904865,1.5574186,0.062418865,0.34454924,0.25701142,-0.023553239,0.2508848,0.023941194,0.067948853,0.036314518,0.0052741053,0.0037281264,0.097705639,1.8519123,0.07055134,0.18097721,1.8240806,0.052119814,0.20255997,1.5285941,0.05707366,0.17630155,0.25254726,-0.021423004,0.13949955,0.023190891,0.062537415,-0.12233081,0.0051666151,0.0079735867,-0.051479443
cop_0261,14,86.45578984,1000,1.2924548,0.044203224,0.25342578,1.2792682,0.025031605,0.28112129,1.0619944,0.03322041,0.28774433,0.012959378,-0.031246944,0.29033549,0.0074462268,0.070702972,-0.073843406,0.00043491023,-0.10399564,0.11769322,1.2711464,0.06842019,0.1301206,1.2316416,0.045287334,0.13860387,1.0397893,0.055342676,0.13890155,0.01257636,-0.023319691,0.13341921,0.0069439233,0.03581189,-0.27465685,0.00041364681,-0.093255761,-0.049458191
cop_0262,370,508.3572924,1000,1.6544897,0.015972031,0.58763298,1.6529599,0.0017385742,0.60171287,1.3800753,0.0060666773,0.60388271,0.030335547,-0.078842046,0.83054191,0.0052806107,0.0071994292,0.07066632,0.0011238731,0.019781528,0.30519411,1.6083174,0.015177739,0.32544204,1.5868834,-0.008505494,0.33584314,1.3408967,-0.0062773916,0.33488745,0.02933713,-0.069559634,0.45296678,0.0050518665,0.026914074,-0.11271542,0.0010818681,0.0065300043,0.13036604
cop_0263,404,563.2626208,1000,2.3769081,0.048557677,0.62817947,2.3616145,0.037405589,0.68586788,1.9523542,0.045196689,0.63672059,0.1523385,-0.036043123,0.64289925,0.029947559,0.077139323,0.0020603731,0.0068344108,0.027871457,0.24716614,2.3284701,0.041125341,0.4595654,2.2734246,0.020269576,0.47517576,1.9251593,0.027204026,0.47753331,0.14936577,-0.03857924,0.47185772,0.029299299,0.08538502,-0.11700251,0.006714513,0.029049824,0.13744902
cop_0264,613,897.610621,1000,1.5101195,0.027238396,0.44462759,1.5062247,0.0095881163,0.47896486,1.2431369,0.0179938,0.45466719,0.052082215,-0.014728745,0.50760055,0.012643183,0.1190205,0.07324222,0.0014801297,-0.050527461,0.15235481,1.4810716,0.032203692,0.27765893,1.4345911,0.010919781,0.30373068,1.2170255,0.021598475,0.28977727,0.050625651,-0.020270643,0.3182017,0.011946574,0.092040109,-0.13696244,0.0014047078,-0.033143448,0.0070947106
cop_0265,954,4073.879029,1000,2.3891803,0.032024749,1.1210489,2.3899159,0.019827988,1.1636745,2.0015853,0.023081888,1.1300726,0.10474061,-0.072667062,1.1200651,0.034649831,0.10422694,0.061578817,0.0056425116,-0.0005735757,0.18451361,2.3085645,0.040155922,0.75951354,2.2741033,0.017041116,0.77117285,1.9335185,0.03314596,0.78610304,0.10053958,-0.057956398,0.8191092,0.033394241,0.081399556,-0.12373247,0.0054139602,-0.01253623,0.023816927
cop_0266,445,620.1639023,1000,1.9846765,-0.011850483,1.2393057,2.006658,-0.029771109,1.2465521,1.6653189,-0.031556105,1.2067606,0.24316925,-0.20652829,1.1566287,0.011533598,0.03112989,0.049536689,0.0019498795,0.043842334,0.32711094,1.9343512,0.0073211209,0.76288267,1.8998599,-0.014673588,0.78695683,1.6087158,-0.016921372,0.77833546,0.23495062,-0.14891853,0.75219267,0.010849853,0.036961068,-0.10624337,0.0018634244,0.062753768,0.16625643
cop_0267,650,1033.8211,1000,1.2604548,0.031444581,0.2461623,1.2477615,0.0060301921,0.27574377,1.0374682,0.018294483,0.26242589,0.11092853,-0.005648347,0.34968051,0.051105051,0.067848568,0.010262442,0.0072342344,-0.05115651,0.11658258,1.2403595,0.039614194,0.12135947,1.2176371,0.011772593,0.13138204,1.019157,0.02267452,0.12659771,0.10856566,0.0094569922,0.19352044,0.048616167,0.043842477,-0.17054162,0.0070242724,-0.038719821,-0.059631942
cop_0268,249,375.9668227,1000,1.2127378,0.065802182,0.14732261,1.2132461,0.045363185,0.16062633,0.99046616,0.052011509,0.15634253,0.052401609,0.022824311,0.20974598,0.014722688,0.087492304,0.018231392,0.0025883375,-0.042352092,0.091769646,1.1933283,0.071613584,0.065074049,1.1535998,0.049500312,0.078733362,0.97059945,0.055465617,0.069555711,0.05063957,0.03842611,0.095693464,0.014029868,0.06045366,-0.16417101,0.0024649365,-0.030376346,-0.040811702
cop_0269,561,808.8967774,1000,2.1318881,0.040846053,0.94951685,2.1424461,0.021215346,0.95406229,1.7908627,0.031616505,0.9569119,0.11402281,-0.054800545,1.0618122,0.067303166,0.08479403,0.09999555,0.017782613,0.03432699,0.19116129,2.0531831,0.049204423,0.52395735,1.9959588,0.027124017,0.52491047,1.7011137,0.025450788,0.53151637,0.10809535,-0.03481374,0.64225417,0.063865694,0.06468093,-0.031751752,0.016865267,0.015441017,0.039160749
cop_0270,399,552.7059991,1000,2.4491215,-0.014661644,1.531851,2.4656685,-0.016808376,1.5268821,2.0692394,-0.026086365,1.5049926,0.110783,-0.21824808,1.7261294,0.029725676,0.036721603,0.065355081,0.0077293595,0.12485129,0.65580103,2.3652126,-0.0033917998,1.0469964,2.3436388,-0.019461715,1.0878268,2.000299,-0.018521484,1.0497865,0.10718211,-0.18060708,1.2705793,0.028899749,0.043657521,-0.063539249,0.0075844255,0.11252736,0.40204642
cop_0271,319,451.3337721,1000,1.2974286,0.061691778,0.14466227,1.2617262,0.037149053,0.16906133,1.0549099,0.049559723,0.15147548,0.14162348,0.059719708,0.18620998,0.030107391,0.049045044,0.068231509,0.0043528974,-0.07604638,0.091928775,1.2665853,0.070193593,0.051144338,1.219524,0.042081453,0.068601902,1.0295103,0.059939098,0.053719895,0.13729401,0.059796832,0.075059694,0.028235578,0.054860059,-0.1319838,0.0041686595,-0.052047707,-0.011520546
cop_0272,996,9977.944362,1000,2.6835245,-0.056033293,2.1111466,2.7201732,-0.073038303,2.1331712,2.253758,-0.078614553,2.0499067,0.035810761,-0.22499445,2.1726096,0.010078684,0.033958427,0.0055846409,0.0015818144,0.015603823,0.36536199,2.5666437,-0.041469706,1.4834977,2.5635237,-0.057041519,1.5535685,2.1572823,-0.059164804,1.4582394,0.034670052,-0.18821031,1.510191,0.0097682954,0.021158828,-0.15966848,0.0015401221,0.0098458882,0.20886635
cop_0273,352,490.3247939,1000,1.3988402,0.058346189,0.18859448,1.3795857,0.035205218,0.23161152,1.1450291,0.041914759,0.20772231,0.042740514,0.047101936,0.24180973,0.0092683496,0.1198643,-0.00036625731,0.00049776061,-0.054557682,0.059354706,1.3663136,0.056646609,0.093020139,1.3292681,0.032645392,0.10474073,1.1148705,0.042456434,0.11964709,0.041495154,0.03640923,0.11750788,0.0086247519,0.065615034,-0.27766227,0.00047528319,-0.035627262,-0.11984086
cop_0274,759,1527.523359,1000,1.5931066,0.03135475,0.43013504,1.5650584,0.013406778,0.47520416,1.314222,0.016551119,0.46898363,0.099860212,-0.042029728,0.5658844,0.054630864,0.057833382,0.076363276,0.0083691763,-0.046647074,0.14790997,1.5769632,0.046995163,0.23549224,1.5241819,0.0095134898,0.23584964,1.2923814,0.024804525,0.26324811,0.097034227,-0.030933949,0.33594713,0.051018186,0.055209929,-0.1206983,0.0080137371,-0.039416911,-0.040096667
cop_0275,10,61.56229829,1000,1.189129,0.033791755,0.25030456,1.1784041,0.0073935893,0.2798777,0.96559886,0.017696658,0.26888859,0.057276989,0.0046704156,0.31456516,0.0042042981,0.12647918,-0.077976944,0.0001968083,-0.013375,0.0457715,1.1749837,0.055033923,0.095796879,1.1406674,0.020518279,0.11711726,0.94910115,0.035347068,0.10565099,0.055877256,0.023121245,0.13497244,0.0037757989,0.073246225,-0.26316338,0.00018828118,-0.014656873,-0.070540845
cop_0276,680,1122.410626,1000,2.1228561,-0.084609358,1.6420268,2.1364175,-0.09840044,1.664866,1.7814287,-0.096494482,1.6000075,0.024454842,-0.24499308,2.1127184,0.0030545289,0.11668544,0.0064007668,0.00027129696,0.00451788,0.32593099,2.0090982,-0.064649104,1.0555941,1.9758354,-0.091972204,1.0814677,1.6966845,-0.07764396,1.0464645,0.023226831,-0.20976204,1.3419602,0.0027567887,0.091620826,-0.17306196,0.00025785411,0.0029454758,0.13689513
cop_0277,283,413.7790086,1000,1.7733376,-0.094948008,1.3745025,1.7909,-0.10465784,1.3825329,1.476515,-0.11402264,1.3872421,0.23752944,-0.28766096,1.4584413,0.057193371,0.034301437,0.06492208,0.011376877,0.070993208,0.40403154,1.7123985,-0.061151762,0.84039156,1.7265165,-0.082765862,0.86817599,1.4146822,-0.081929497,0.87644003,0.22908138,-0.23565058,0.9419206,0.055167024,0.019537692,-0.11066201,0.011111856,0.072265644,0.19926884
cop_0278,594,855.6676935,1000,1.7560561,0.051611939,0.47422904,1.7411136,0.035385885,0.50421567,1.4527009,0.044203161,0.50730667,0.045354715,-0.0014238653,0.61332032,0.0046722476,0.11670314,-0.027758727,0.00045912761,-0.018243658,0.15748281,1.7005835,0.059441758,0.27978885,1.657347,0.039327909,0.2906946,1.413438,0.042320848,0.29124166,0.043808993,-0.0035255493,0.33628006,0.0043741617,0.10102821,-0.18610633,0.00043647553,-0.02347325,0.035421185
cop_0279,719,1307.278559,1000,2.1099668,0.0055627096,1.0370295,2.1459097,-0.0094577363,1.1006161,1.7421004,-0.018778154,1.0785308,0.086082979,-0.09508915,1.3505797,0.0052499549,0.034298347,-0.055348038,0.00082789901,0.099783075,0.27040986,2.0409037,0.019814016,0.67490473,2.0413971,-0.0012915319,0.69039882,1.6896998,0.00041439035,0.66192308,0.083669463,-0.066139559,0.85072822,0.0051718564,0.032717145,-0.16650868,0.00081918108,0.081449008,0.12552367
cop_0280,955,4234.361535,1000,1.7527637,0.0087596484,0.73813014,1.7325251,-0.0047778198,0.79316693,1.4510114,-0.0079502189,0.78372664,0.1154626,-0.062741659,0.89071129,0.02564945,0.13601074,0.091263842,0.0029004474,-0.051383068,0.16957185,1.713001,0.020175245,0.50328071,1.6782331,-0.0039663627,0.54947717,1.417544,0.0061854311,0.50505988,0.11157374,-0.041542296,0.60336519,0.024044711,0.097703436,-0.14319544,0.0027273189,-0.032563498,0.0095272306
cop_0281,686,1158.953555,1000,1.602731,0.00027704273,0.55574745,1.6025454,-0.013970755,0.60469178,1.3413334,-0.0088849288,0.57990327,0.060924432,-0.074545447,0.7961369,0.052790253,0.087436253,0.092968489,0.010950627,-0.024657092,0.19741215,1.5672038,0.022676498,0.3661559,1.5334036,0.0091659541,0.40089655,1.3033849,0.0053855573,0.3863899,0.058666891,-0.053381882,0.51391421,0.050030441,0.072705452,-0.090956038,0.010653432,-0.01582858,0.052368125
cop_0282,864,2403.176085,1000,1.2621158,0.06752007,0.15002591,1.2242552,0.044242786,0.16667135,1.0237256,0.057683399,0.15722343,0.02617134,0.013803668,0.19643966,0.012799792,0.093088677,-0.0043213472,0.0016845974,-0.039458766,0.062109513,1.2434505,0.066236596,0.080917436,1.1758087,0.035926933,0.088045246,1.0024537,0.050951706,0.086688888,0.025442865,0.011715819,0.1066843,0.012251045,0.083899353,-0.18340357,0.0016178923,-0.023700242,-0.080994747
cop_0283,979,6012.205481,1000,1.8963018,-0.10869244,1.4940037,1.9146419,-0.12553864,1.5189818,1.5888318,-0.12936863,1.5114227,0.085264229,-0.29792211,1.858217,0.011189065,0.063461147,-0.020373713,0.0011276094,-0.0085480345,0.25934578,1.8598306,-0.095778161,1.0807533,1.847745,-0.12677136,1.1472458,1.5503397,-0.11944404,1.1117473,0.083813918,-0.25920177,1.3579915,0.010610248,0.035895052,-0.19034904,0.0011016628,-0.012692707,0.09067313
cop_0284,586,842.187184,1000,2.6388435,-0.03435442,1.8808058,2.6547234,-0.039893101,1.8980934,2.2382979,-0.049463355,1.8130355,0.12628309,-0.1890397,1.9100032,0.02535478,0.047669619,0.036250379,0.0053535112,0.13447836,0.42521178,2.5826693,-0.0020690334,1.3166547,2.5561186,-0.023278107,1.3858668,2.1908017,-0.020576803,1.3091735,0.12455752,-0.14537859,1.4363414,0.024549699,0.067980742,-0.080604461,0.0052863651,0.11887929,0.24065863
cop_0285,113,245.0490034,1000,1.1226202,0.062405141,0.10487835,1.1185238,0.034050081,0.13306606,0.89952275,0.054715078,0.11627406,0.083338061,0.038783595,0.16168945,0.044060891,0.043129148,-0.0045329288,0.0094238207,-0.055562626,0.037825341,1.1064749,0.058911349,0.014674486,1.075063,0.031125971,0.02814452,0.89093188,0.043826775,0.018687055,0.081851889,0.032222833,0.079389399,0.042033188,0.030580397,-0.15342152,0.0091546158,-0.047940272,-0.062615319
cop_0286,640,995.0804324,1000,1.6479831,-0.049470777,1.0012904,1.6551121,-0.061738294,0.99657087,1.3806782,-0.063946954,0.98974746,0.16385499,-0.17148995,1.1291342,0.013736342,0.096735899,-0.0042681756,0.0016732414,0.013484861,0.21296861,1.6126758,-0.022826421,0.59819267,1.5914291,-0.042012188,0.62940258,1.3405486,-0.04106177,0.61708077,0.15837116,-0.11257559,0.74911195,0.012895685,0.091368852,-0.15910805,0.0016054255,0.037629089,0.054281276
cop_0287,483,685.653199,1000,1.2763003,0.034070688,0.30410312,1.2649994,0.012875165,0.33644596,1.0436079,0.025479005,0.33347095,0.13223131,-0.021070357,0.41117682,0.0079299006,0.05094653,0.00084423868,0.0010446547,-0.025409529,0.18494122,1.2525977,0.047104129,0.18741768,1.2159913,0.018314034,0.19982063,1.0159261,0.03420278,0.20315737,0.12867382,-0.0065767686,0.24065253,0.0073922433,0.052786817,-0.17094548,0.00099432207,-0.015834288,0.033458681
cop_0288,786,1669.735194,1000,1.6668626,0.057492333,0.3133455,1.631565,0.041673375,0.35415685,1.3706257,0.042705392,0.33215263,0.084119492,0.0053882219,0.40505726,0.039496231,0.09296421,0.030512032,0.0058671533,-0.044383663,0.10681551,1.6248635,0.057941007,0.20484422,1.5623471,0.041417647,0.21366147,1.3368076,0.044748065,0.22633159,0.081330203,0.013497168,0.22387673,0.036678418,0.06195814,-0.1468892,0.0055201589,-0.042840296,-0.046034156
cop_0289,187,301.1216537,1000,2.3006086,0.058590768,0.411441,2.2461611,0.051887533,0.44269927,1.9049823,0.064798755,0.38304698,0.29969177,-0.0453689,0.24923492,0.0740185,0.048186654,-0.027981999,0.016578898,-0.011011686,0.088888825,2.2313459,0.054396695,0.21876861,2.1430725,0.044091327,0.233726,1.8606237,0.051470282,0.21739797,0.29308646,-0.033601146,0.14125069,0.070624937,0.035016231,-0.18746531,0.016084303,-0.020139058,-0.042860334
cop_0290,729,1345.355324,1000,1.807402,-0.027162294,0.97321565,1.815824,-0.045768318,1.013152,1.4969785,-0.04632191,0.97219392,0.1359304,-0.1500863,1.1737939,0.0087712326,0.088340842,0.0060369494,0.00093611148,0.025731165,0.20839414,1.753271,-0.023697963,0.63741454,1.7204024,-0.056983234,0.6740451,1.4524917,-0.046805162,0.68740745,0.13202795,-0.14582748,0.84723362,0.0082527591,0.037156229,-0.18294223,0.00089897781,0.021347364,0.037877929
cop_0291,619,905.4005006,1000,1.6812488,-0.013778684,0.92572179,1.6877525,-0.034083628,0.92802565,1.399666,-0.031967733,0.95229646,0.22308042,-0.16190402,0.95958516,0.011932637,0.12072563,0.026729845,0.0011875922,0.00699066,0.20257764,1.6238944,-0.010389176,0.54507055,1.6065088,-0.039249515,0.57275633,1.3635595,-0.024751372,0.60386136,0.21628221,-0.11570726,0.61069239,0.010860365,0.095283947,-0.20874794,0.0011301622,-0.0044417252,0.04454449
cop_0292,154,273.6123274,1000,1.7924175,0.016605759,0.77480151,1.7917857,-0.003466802,0.80019696,1.5030065,0.0056030583,0.77947242,0.20021803,-0.096597024,0.82185047,0.038948803,0.069611382,0.11378298,0.0081562208,0.0067071339,0.22675304,1.7491709,0.03074463,0.46466723,1.7209951,0.0012514411,0.50932101,1.455416,0.0096100645,0.49846706,0.19311094,-0.06130623,0.53697364,0.036870722,0.052459707,-0.077303526,0.0077947809,0.013582379,0.10029007
cop_0293,863,2392.945859,1000,1.3594825,0.0033463952,0.49911649,1.3533111,-0.013838914,0.55729831,1.1281667,-0.0032210754,0.5250189,0.010167212,-0.11156112,0.65785807,0.013801483,0.073390236,0.028141512,0.0015992117,-0.038000581,0.20541358,1.3205971,0.024576689,0.29478386,1.2897589,-0.0027571185,0.27136717,1.1012499,0.010311924,0.33268931,0.0098183816,-0.084867434,0.38416094,0.012961708,0.073006752,-0.20436768,0.0015360445,-0.029297647,0.038331842
cop_0294,969,5111.560502,1000,1.4360196,0.060302178,0.23654276,1.4138568,0.035589159,0.26721355,1.1827505,0.046934614,0.25082536,0.0142124,-0.0049727958,0.4039508,0.017316204,0.12237332,0.043096475,0.0020081904,0.0024723015,0.076604845,1.4196467,0.051877322,0.12768726,1.3771773,0.029854237,0.16494996,1.1588884,0.038582364,0.1425728,0.013765067,-0.0012266479,0.23158757,0.016051258,0.10007862,-0.16075883,0.0019222793,0.010273086,-0.0562153
cop_0295,540,775.8587662,1000,2.1606951,0.053911054,0.54267968,2.151883,0.043012321,0.54499651,1.7821014,0.04657441,0.54699112,0.31788944,-0.083622404,0.36091936,0.019589462,0.079259635,-0.019208083,0.0026298193,0.009376918,0.080759738,2.0822949,0.039758066,0.28106025,2.0397747,0.028125988,0.30294816,1.7258511,0.035007421,0.30414147,0.31132901,-0.075527474,0.22703771,0.018536933,0.064103057,-0.18256579,0.002497097,0.039463346,-0.028423892
cop_0296,843,2205.93312,1000,1.989099,-0.10613871,1.7027116,2.0134343,-0.13064321,1.7272811,1.6654713,-0.13145856,1.6607562,0.13920908,-0.33257697,2.0059422,0.021126356,0.032236506,-0.0018383633,0.002790535,0.067303718,0.35972303,1.9186325,-0.1043055,1.1511154,1.9004693,-0.12446497,1.2230793,1.6053496,-0.11966662,1.2195564,0.13556063,-0.30255076,1.5209095,0.020041963,0.0055972283,-0.19359965,0.0026951739,0.045948025,0.17026073
cop_0297,340,475.4887938,1000,1.5507777,0.078560575,0.15045745,1.5360056,0.057228864,0.18161608,1.2606071,0.07159265,0.1767756,0.063357266,0.035526352,0.19773726,0.012415895,0.022088677,0.041152,0.0026465515,-0.047461929,0.12357835,1.5313811,0.068983343,0.071812472,1.4835444,0.048691515,0.085220558,1.2399439,0.05562474,0.07184758,0.061931819,0.030641359,0.090026332,0.011968368,0.012281029,-0.13593628,0.0025361316,-0.031226644,-0.026437772
cop_0298,845,2208.290123,1000,1.3703294,-0.037184486,0.74026325,1.3881897,-0.054669814,0.72912241,1.1127607,-0.060594011,0.78808486,0.028423673,-0.19241537,1.0054934,0.028636306,0.0046716613,-0.008361289,0.0053815646,-0.014504314,0.19238372,1.3399085,-0.01606276,0.36479203,1.3318158,-0.047059676,0.41707118,1.0911418,-0.038755726,0.42556395,0.027699168,-0.15611586,0.55981775,0.027653844,0.0072968673,-0.13534322,0.0052380839,-0.017726583,0.04003555
cop_0299,712,1277.372414,1000,1.3786615,0.046055667,0.22647058,1.3765168,0.023841921,0.25114881,1.1390011,0.036358695,0.2344563,0.19619381,0.027553609,0.23273835,0.0552608,0.10375624,0.052118031,0.0090297818,-0.061219903,0.07077927,1.3639404,0.046511112,0.1138887,1.3174322,0.020545978,0.146807,1.124484,0.033140754,0.12337389,0.19255171,0.025241123,0.15086224,0.051584524,0.084253513,-0.12003465,0.008726,-0.053724658,-0.08030462
cop_0300,737,1381.622304,1000,2.5193838,-0.055842935,1.969321,2.5159568,-0.078637116,2.0346943,2.096471,-0.083127538,2.0069882,0.13894899,-0.27895587,2.0419336,0.0053357442,0.035213596,-0.11740824,0.00033575613,0.079580909,0.41269579,2.4232347,-0.044117958,1.4296503,2.3860196,-0.063953995,1.5332914,2.0141964,-0.078605125,1.444948,0.13399667,-0.22515966,1.4812318,0.0049882868,0.030788294,-0.31435721,0.00032997225,0.068401708,0.22475706
cop_0301,674,1100.836177,1000,1.6779929,0.013366936,0.63386125,1.719791,0.0083508914,0.61802604,1.3985201,0.0035486884,0.66105421,0.082997231,-0.07068589,0.87381166,0.013973676,0.057887525,-0.025783089,0.0020059549,0.016802116,0.15921876,1.6358404,0.017070239,0.36267523,1.6302849,-0.0019232118,0.38258483,1.3610909,0.00068609143,0.3889569,0.080595237,-0.069031014,0.49068151,0.013336617,0.044359777,-0.18760873,0.0019135508,0.0084940664,-0.015901993
cop_0302,63,186.4438901,1000,1.6458811,0.018430709,0.58861304,1.6442534,0.0013729423,0.59464317,1.3733682,0.0089180214,0.60740128,0.11566426,-0.047276886,0.72297365,0.035811161,0.058323839,0.1050076,0.0084404296,0.0034853889,0.21783835,1.6139335,0.021885445,0.3237795,1.5847638,-0.0082857976,0.34052092,1.3388059,0.012459972,0.34065185,0.11223425,-0.039829238,0.42233119,0.033862233,0.067200662,-0.041686654,0.0081084334,0.0037029535,0.063308858
cop_0303,7,54.57965703,1000,1.1748619,0.087046404,0.10098163,1.1513666,0.057700574,0.10534479,0.958622,0.083143836,0.099988746,0.05585086,0.096617399,0.13543729,0.011262955,0.10860146,-0.083149148,0.00041193549,-0.013428471,0.034073032,1.1561824,0.07812663,0.039427616,1.1169718,0.052729357,0.056552527,0.94010727,0.069816036,0.027837402,0.054288301,0.080015219,0.043703207,0.010261381,0.050497369,-0.32935609,0.00039303667,-0.015296036,-0.12036439
cop_0304,8,56.06862708,1000,1.1601192,0.078662224,0.11055515,1.1488075,0.054434027,0.11747109,0.94203436,0.072154013,0.11967836,0.014042032,0.02706107,0.16756098,0.0027496965,0.078256477,-0.071511132,0.00016950983,-0.050026552,0.048610187,1.1395333,0.068546849,0.021311103,1.110311,0.042364011,0.027096572,0.928335,0.059258285,0.017603165,0.013490113,0.0065293424,0.05396642,0.0024437518,0.050325759,-0.25598086,0.00016290507,-0.043663753,-0.12092051
cop_0305,547,780.7907101,1000,2.8154681,0.018763452,1.8292797,2.8534222,0.017138389,1.8532223,2.368339,0.0074926887,1.7540449,0.3496669,-0.34529087,1.3976013,0.026314323,0.0062640777,-0.080078723,0.0036923986,0.045429208,0.14478767,2.7095412,0.030798921,1.1248816,2.6873685,0.012534498,1.1637455,2.273116,0.014553745,1.1351412,0.34017108,-0.26694437,0.9423025,0.025031424,-0.006841454,-0.19060344,0.0035511496,0.03279905,0.017433415
cop_0306,841,2182.836178,1000,2.5678204,0.047526078,0.87191962,2.5712613,0.03761931,0.91315749,2.1397795,0.038597297,0.85129308,0.092159931,-0.054148169,0.95358361,0.044772442,0.055715641,0.0065854147,0.0087325543,0.030738325,0.12118639,2.5358148,0.044177567,0.60793312,2.4716145,0.024459836,0.64405576,2.1052963,0.039838958,0.62344519,0.089675089,-0.035141161,0.70607883,0.043592529,0.041526116,-0.1478501,0.0085642296,0.037266944,0.032610569
cop_0307,19,119.0675071,1000,1.1802919,0.061292923,0.16371317,1.1614255,0.035697344,0.18101735,0.96408341,0.054812476,0.15466735,0.027386611,0.051238438,0.14818964,0.01209742,0.12703077,-0.076409765,0.00055538977,-0.037947611,0.049772956,1.1585138,0.067090391,0.070262388,1.1114894,0.035233635,0.070951632,0.94552695,0.055277487,0.077153585,0.026246072,0.041151797,0.050734799,0.011074736,0.093506262,-0.30679296,0.000528362,-0.029715591,-0.11001357
cop_0308,628,946.1710576,1000,1.1619428,0.063174687,0.12641437,1.1362958,0.048666462,0.14462199,0.9398399,0.05955357,0.13631005,0.10660368,0.036711933,0.16300209,0.0022665616,0.11915312,0.010007771,0.00019226139,-0.046100726,0.091158217,1.1419663,0.058885946,0.031495392,1.1002536,0.035719033,0.051737036,0.91609034,0.040987645,0.051408507,0.10382322,0.021546298,0.05539205,0.0021314667,0.093240797,-0.21006739,0.00018437496,-0.033663874,-0.085873749
cop_0309,887,2624.828241,1000,1.62555,0.02718374,0.45062048,1.6513745,0.0095756504,0.48488219,1.3377469,0.0057523057,0.48499597,0.10540591,-0.065175409,0.552688,0.013013409,0.026933386,-0.055942819,0.0015738117,0.023360032,0.030705273,1.6104122,0.038173317,0.25789864,1.5834073,0.012644903,0.27005295,1.3183806,0.022240186,0.2994034,0.10400719,-0.043383236,0.32039366,0.012326806,0.0163427,-0.24373085,0.0015515802,0.017063653,-0.10054509
cop_0310,495,699.7741078,1000,1.3798337,0.044370105,0.19662427,1.3837928,0.02380639,0.21959404,1.1192285,0.022527011,0.20057886,0.031520296,-0.044038976,0.26102545,0.0072804665,0.027904798,-0.0447078,0.0013621892,-0.0040060697,0.010358976,1.3710545,0.040114299,0.098555989,1.3468093,0.017636832,0.11621297,1.1054498,0.013089822,0.10329599,0.031253581,-0.032529381,0.12280405,0.0072301256,0.057458917,-0.17876042,0.0013531952,-0.0043149994,-0.084716884
cop_0311,760,1539.057014,1000,1.2296972,0.052427654,0.14711679,1.2297041,0.031417761,0.18442129,0.98092601,0.038095111,0.16665865,0.09377257,-0.0025742703,0.21580611,0.0071142518,0.052534441,-0.13628188,0.00061265252,0.012165913,-0.02968906,1.2149557,0.061662465,0.070427377,1.1766753,0.033923109,0.10716742,0.96779665,0.043535935,0.081955751,0.092611253,0.0045926304,0.11890898,0.0067338885,0.038657434,-0.29890018,0.00060447954,0.010233835,-0.13037986
cop_0312,466,649.1117137,1000,1.486232,0.037026669,0.37568244,1.483767,0.018072715,0.37941299,1.2123683,0.019118854,0.38965999,0.066415028,-0.04079604,0.49475125,0.024457549,0.032565324,-0.006198255,0.0053744504,0.019361335,0.077260399,1.455152,0.04257456,0.17674708,1.4338064,0.023462852,0.20438155,1.189844,0.026537959,0.21659033,0.065087164,-0.0229494,0.2755771,0.023776499,0.027926581,-0.16388321,0.0053012856,0.017372535,-0.071126637
cop_0313,209,325.0250424,1000,1.6559594,0.019355949,0.52441674,1.6402397,0.0048604767,0.52693883,1.3627714,0.0090251009,0.55966061,0.24489489,-0.087598027,0.54082044,0.054888775,0.069928748,0.011269454,0.0079857748,-0.026852651,0.12512674,1.6103906,0.025933915,0.30574448,1.5777326,0.0013001963,0.32378286,1.3233767,0.013144238,0.33172095,0.23763058,-0.063795963,0.31229465,0.050681217,0.051481758,-0.19541212,0.0074960956,-0.028759478,-0.017225025
cop_0314,992,7730.640263,1000,2.4602051,-0.0053206217,1.5746198,2.4625861,-0.016670821,1.5787715,2.0788275,-0.0089162176,1.5254459,0.07261352,-0.14946274,1.7506893,0.033805626,0.072442122,-0.040291849,0.0045516953,-0.019489028,0.22026765,2.3774902,0.0040538268,1.0377663,2.3489877,-0.027019087,1.0782902,1.9905891,-0.008209823,1.0318563,0.068935074,-0.12812474,1.187006,0.031696586,0.063323025,-0.19615779,0.004395036,-0.02298305,0.073522767
cop_0315,985,6835.674987,1000,2.1377924,0.032753208,0.56932435,2.1568017,0.026296773,0.57527369,1.7416164,0.021003832,0.57726468,0.018919777,-0.096652885,0.72841039,0.0065404135,0.0060692893,-0.12843612,0.00071725512,0.0099075708,0.081038091,2.0910237,0.047227545,0.30930812,2.0911889,0.029349932,0.33206683,1.7137193,0.037442411,0.31731577,0.018609433,-0.065534875,0.42045605,0.0063643947,-0.0018780272,-0.30585719,0.00070511991,0.011869386,-0.035652568
cop_0316,553,789.2192488,1000,1.4956613,0.053359417,0.25771101,1.4866668,0.02815895,0.28054385,1.223459,0.035238983,0.26458979,0.15311646,-0.0099369134,0.29586837,0.035719547,0.04793329,-0.034254472,0.0066444086,-0.0087950098,0.023240021,1.4655221,0.061201542,0.12924285,1.4431553,0.034532418,0.14911909,1.2036439,0.041239578,0.14143717,0.15137156,0.0052757515,0.16403856,0.034728557,0.031180805,-0.16441024,0.0064526683,0.0017666835,-0.076106629
cop_0317,195,310.2631046,1000,1.6547477,-0.048398442,0.98258891,1.6701556,-0.069274479,0.94065314,1.3659003,-0.072252432,1.0297374,0.24483228,-0.21391193,0.98592882,0.074133902,0.016458208,0.014040571,0.01882746,0.051605124,0.28618569,1.6279872,-0.02997307,0.64540847,1.6047237,-0.053206957,0.61743755,1.3566204,-0.059473271,0.68145273,0.24366474,-0.18449901,0.6291602,0.072087615,-0.0032222577,-0.1072982,0.018453318,0.048322118,0.12783898
cop_0318,171,293.9432099,1000,1.3208514,0.050597513,0.23348445,1.3056447,0.030036065,0.25618072,1.0821284,0.036536083,0.24075043,0.18202806,0.0044382033,0.28048808,0.032648004,0.069341848,0.0061293746,0.0052280897,-0.042922582,0.043894758,1.3114095,0.051556513,0.15033332,1.2633753,0.023651931,0.15010722,1.0640843,0.026654773,0.16048575,0.17767603,0.017718179,0.16808374,0.030740197,0.037960644,-0.17554545,0.0050679505,-0.023704339,-0.076291901
cop_0319,108,235.3133553,1000,1.4039539,0.023561207,0.36214319,1.385802,0.00079253654,0.40380833,1.1634977,0.012530787,0.39888859,0.13659269,-0.041937643,0.46843421,0.02645412,0.063883012,0.12559191,0.005387846,-0.034744643,0.20889649,1.3642228,0.038094822,0.19541259,1.3331763,0.012093064,0.21639501,1.1321578,0.015564135,0.21197441,0.13211125,-0.024339218,0.27510848,0.02506209,0.056004065,-0.07529246,0.0051391388,-0.02619968,0.02937729
cop_0320,20,119.6279919,1000,1.2944033,0.042704018,0.23493322,1.2853547,0.028690733,0.2347984,1.0605584,0.03636216,0.23381168,0.15955167,0.0053617058,0.28823926,0.051334566,0.036293212,0.061124447,0.013784685,-0.022610151,0.13079168,1.2758395,0.050108004,0.081721099,1.2489914,0.023961492,0.085215103,1.0445548,0.036031815,0.093737657,0.15569779,0.013180236,0.15092602,0.04927686,0.025395845,-0.12586573,0.013443219,-0.017140308,-0.0028699049
cop_0321,943,3671.385116,1000,1.8734854,-0.0019566891,0.89592268,1.8792079,-0.019885492,0.92407289,1.5745186,-0.015934042,0.9384946,0.033210509,-0.10488892,1.0543318,0.042549286,0.07386055,0.075058686,0.006765528,-0.056841271,0.22337249,1.8237702,0.014584722,0.54532288,1.8092667,-0.025071671,0.57317412,1.5328882,-0.0066326594,0.55105523,0.031644271,-0.071878316,0.6673889,0.03890657,0.062632983,-0.062164185,0.0064277785,-0.042439037,0.050652125
cop_0322,504,715.958897,1000,2.1977011,-0.066000718,1.6472601,2.2132782,-0.07632599,1.6640682,1.8649235,-0.075953041,1.6077168,0.19438528,-0.29350756,1.7315409,0.026200292,0.046169262,0.0027183185,0.0036247313,0.040495779,0.36989111,2.1128135,-0.048330076,1.0532111,2.0808922,-0.072138678,1.0875917,1.7944202,-0.066656261,1.0366944,0.18616432,-0.23224444,1.1822167,0.024497195,0.057431252,-0.16858261,0.0034466793,0.03988417,0.17254559
cop_0323,612,896.9957943,1000,2.8427223,0.0069361705,1.9229567,2.8320562,-0.010074262,1.9249384,2.3872606,-0.0065703819,1.8026959,0.028323045,-0.19640052,2.1765236,0.0045787299,0.029865071,0.057553092,0.00090399057,0.17814104,0.85019956,2.6486554,0.0019799914,1.2516545,2.6216126,-0.018465706,1.3007736,2.2571483,-0.013820497,1.197614,0.026626553,-0.17050122,1.4224163,0.0043705365,0.03074674,-0.088936804,0.00086032117,0.14640763,0.53784214
cop_0324,451,625.4521604,1000,2.2964079,-0.029728274,1.5663083,2.3294432,-0.0409122,1.5434543,1.9120491,-0.050454692,1.5723592,0.34126085,-0.34090265,1.2599267,0.018169722,-0.03345735,-0.065103801,0.0025244156,0.04247532,0.16185739,2.2252452,-0.0069514668,1.0815441,2.2316154,-0.029367515,1.1254586,1.860176,-0.03002979,1.1055615,0.33529619,-0.30198456,0.91172335,0.017190792,-0.038811069,-0.20819191,0.0024929429,0.035971672,0.045378764
cop_0325,652,1039.858247,1000,1.9605233,-0.060736492,1.3374509,1.976917,-0.076567711,1.3593878,1.6279773,-0.082932678,1.3425434,0.11707729,-0.21452752,1.5987179,0.0038089548,0.04273853,-0.010309229,0.00056956177,0.082339339,0.46002552,1.8898673,-0.050714141,0.85977747,1.8644269,-0.07099398,0.89324418,1.5749837,-0.061205582,0.90370545,0.11306534,-0.16946681,1.1409616,0.0035867706,0.037836711,-0.19029705,0.00054840455,0.078430052,0.24105551
cop_0326,490,695.1375137,1000,3.3927491,0.011418124,2.2205797,3.433892,0.0065738077,2.239136,2.8912282,0.0048341364,2.092935,0.31044746,-0.32336231,1.6947781,0.0061506974,0.061749992,-0.092299389,0.00075514072,0.075315038,0.26339131,3.2488363,0.020297317,1.5371866,3.2546878,0.009328787,1.6634874,2.7522859,0.01214586,1.4835567,0.30240153,-0.26333076,1.2098223,0.0058442501,0.03256935,-0.20167414,0.00074441284,0.081045537,0.15682336
cop_0327,565,812.1970538,1000,2.2519724,0.019127638,1.193465,2.2881643,0.0083004719,1.2007054,1.8558759,-0.0039199537,1.2100587,0.2767021,-0.2329749,1.0833683,0.015032954,0.006956093,-0.055995103,0.0034500089,0.10586732,0.35538223,2.1936337,0.01839766,0.81648599,2.1934871,0.0029397899,0.82509261,1.8202728,-0.0036873337,0.84442468,0.27499259,-0.19594055,0.70614239,0.014781018,0.0070031409,-0.14803505,0.0034310358,0.095639923,0.16697833
cop_0328,516,731.6795225,1000,2.4462216,-0.052670276,1.9588973,2.4770971,-0.065478164,1.9541445,2.023977,-0.087635056,1.9349214,0.2270696,-0.34862586,1.8578383,0.024204694,0.012352104,-0.0024305036,0.0052478666,0.1168891,0.59628793,2.3405224,-0.04174666,1.2750184,2.3410071,-0.06621154,1.3502324,1.943719,-0.063243337,1.3453542,0.22007276,-0.28652827,1.2927596,0.023301538,0.033422697,-0.12531849,0.005062353,0.098682866,0.36947473
cop_0329,272,402.1075425,1000,1.849231,0.024103618,0.70261174,1.8595764,0.0082770308,0.73092913,1.5417141,0.014010699,0.72807036,0.11241131,-0.055266178,0.89181851,0.028772396,0.025626711,0.12229958,0.009023474,0.025822023,0.34730249,1.8123838,0.039809795,0.39126174,1.7753763,0.018622246,0.43538517,1.5069544,0.029460125,0.41824817,0.10952464,-0.031301214,0.50625547,0.027564589,0.032930616,-0.031702912,0.0088228439,0.016132275,0.17266326
cop_0330,363,503.0270015,1000,1.1381731,0.038029886,0.17950901,1.1268306,0.01796719,0.21601888,0.90616035,0.022070381,0.19875062,0.12580035,-0.016119388,0.23457629,0.010996236,0.027157075,-0.092610682,0.0011479991,-0.030514772,-0.0043348694,1.136697,0.041344934,0.091096982,1.1031801,0.010975926,0.11928838,0.89984904,0.023182379,0.097528553,0.12490191,-0.014603949,0.10229708,0.010640637,0.033539987,-0.23881197,0.0011085597,-0.016671946,-0.10661993
cop_0331,512,724.6001912,1000,1.1423411,0.074527677,0.11675941,1.1191214,0.050114771,0.14480808,0.91997395,0.062315829,0.1275278,0.074266222,0.061441966,0.17956168,0.014874695,0.089030183,-0.033901005,0.0017857457,-0.040166802,0.033061519,1.1249143,0.073148854,0.055581752,1.0947195,0.052913441,0.057586297,0.90459656,0.060234123,0.043528077,0.07245152,0.060237245,0.097496055,0.013806298,0.06469153,-0.22343271,0.0016922844,-0.031762003,-0.13240293
cop_0332,12,66.46196522,1000,1.3511846,0.032700799,0.42517463,1.3171943,0.012691644,0.44826593,1.1071076,0.015915799,0.41984604,0.041225916,-0.012269009,0.4909198,0.0024470976,0.14933037,-0.049699444,0.00010889565,-0.026858738,0.11002397,1.3289056,0.040718919,0.21720574,1.2915947,0.013376602,0.2427789,1.0948159,0.022409517,0.23194881,0.039975386,-0.0072031116,0.28269106,0.0021925393,0.11426951,-0.28676339,0.00010418247,-0.02674218,-0.058180554
cop_0333,654,1042.47863,1000,3.4070867,-0.0080592539,2.6056049,3.4268787,-0.015306206,2.6122256,2.8807184,-0.025661521,2.5442878,0.13042436,-0.27193826,2.6248977,0.003694213,0.048933861,-0.1174877,0.00045883766,0.11786578,0.40860786,3.2869236,-0.0042691846,1.9700652,3.2707338,-0.022725583,2.0242099,2.7672807,-0.029518926,1.8960199,0.12445984,-0.23568042,2.0726607,0.0035289214,0.052597233,-0.2377828,0.00044751729,0.13469939,0.22409967
cop_0334,526,748.9123201,1000,2.2127952,-0.059874899,1.7908964,2.2395822,-0.066574329,1.7578219,1.8608459,-0.077229063,1.7790447,0.14254985,-0.30066688,1.9952224,0.054018654,0.082849244,0.12185579,0.010464583,0.060642025,0.39096383,2.1129723,-0.045129421,1.2045569,2.1005951,-0.066220319,1.2347011,1.7801565,-0.07307362,1.1621764,0.1373358,-0.24899727,1.3389568,0.051308433,0.071406166,-0.055553585,0.010006292,0.050326559,0.18930443
cop_0335,921,3079.791901,1000,1.835102,-0.053506739,1.1991913,1.8455071,-0.075318185,1.2138054,1.5151292,-0.077559248,1.2516283,0.067903057,-0.23908694,1.5244657,0.048295733,0.042813353,0.046989687,0.0098541941,-0.022651559,0.26692417,1.8017886,-0.042423668,0.78131738,1.7795728,-0.072538499,0.77196607,1.4990728,-0.067683473,0.82489741,0.06678022,-0.1829038,1.0148692,0.047098697,0.028871196,-0.12287379,0.0096757012,-0.028448082,0.091309136
cop_0336,301,429.3218319,1000,2.1242869,0.045849495,0.61867951,2.1404308,0.036001532,0.65292142,1.7337754,0.038125538,0.64188019,0.082297342,-0.03865061,0.72826637,0.01285267,0.028171242,0.0067059327,0.0030005273,0.061432164,0.18567328,2.0829414,0.053174957,0.38047797,2.0551937,0.044654606,0.39442282,1.6924711,0.037913022,0.40170733,0.08118631,-0.028314205,0.4416442,0.012683964,0.024589755,-0.11647039,0.002930077,0.055320057,0.028283386
cop_0337,425,584.4314568,1000,1.8792306,-0.0076328428,0.98361432,1.8754284,-0.027640784,1.0454874,1.5550273,-0.033567974,1.0100407,0.068762738,-0.076836241,1.0361043,0.02028105,0.072411733,0.10100586,0.0048528073,0.030713753,0.24330034,1.8083398,-0.0012641813,0.62031518,1.7778497,-0.031136313,0.64201224,1.5150115,-0.029760107,0.66537325,0.066884933,-0.076461126,0.70416937,0.019631233,0.053286026,-0.055103585,0.0047544076,0.032958427,0.084880087
cop_0338,66,194.1176348,1000,2.5598207,0.02605694,1.5831541,2.5901288,0.01139111,1.6256784,2.1490878,0.010754158,1.5388823,0.3319303,-0.26708118,1.1549706,0.11077982,0.05481998,-0.031691266,0.033413454,0.086226735,0.26887249,2.4781462,0.039722402,1.0315486,2.4385202,0.017898621,1.0796469,2.0974853,0.024095935,1.0678446,0.32390223,-0.20712307,0.81903889,0.10795558,0.041958497,-0.14413493,0.032151944,0.091286909,0.12346331
cop_0339,463,643.9088104,1000,2.2608838,0.019113402,1.0679578,2.3303524,0.0088308756,1.0343071,1.8887541,-0.0022476136,1.076237,0.10610718,-0.11514031,1.2437438,0.017369346,0.065454446,-0.0026472266,0.003924731,0.10895863,0.28029643,2.2325783,0.018913513,0.7258498,2.2308903,0.0013046376,0.72165455,1.8512252,0.0030483177,0.76460573,0.1047369,-0.092602521,0.91773015,0.017277057,0.069757646,-0.15711642,0.0038848609,0.10832744,0.12591766
cop_0340,271,401.2813521,1000,1.2405597,0.044952554,0.30446858,1.2279591,0.0074583495,0.32681533,1.0228413,0.034100541,0.33778605,0.16233856,-0.0044893019,0.38223454,0.019033998,0.067445963,0.031325557,0.0027636058,-0.035243799,0.13210752,1.2193627,0.060744183,0.13582568,1.1684747,0.024407756,0.1446356,1.0008068,0.048153581,0.15208191,0.15783588,0.007280949,0.18971088,0.017571346,0.047602574,-0.18464069,0.0026416452,-0.037243124,-0.045032528
cop_0341,669,1076.617977,1000,1.8005578,-0.045708992,1.1128571,1.8064732,-0.063687961,1.1351002,1.4870366,-0.068536497,1.1354804,0.26201504,-0.23495067,1.0941183,0.017521599,0.10059682,-0.061268598,0.0017224936,0.019888098,0.18999884,1.7583621,-0.027327074,0.71922674,1.7188747,-0.050096556,0.77918857,1.4628801,-0.046732433,0.76151985,0.25737993,-0.17978173,0.68911388,0.016416124,0.083238046,-0.24302462,0.001682516,0.015722792,0.0024985415
cop_0342,398,550.7254618,1000,1.3374788,0.033594536,0.28346195,1.3157975,0.013244578,0.31428616,1.1015637,0.018700075,0.30816935,0.064727773,-0.0061516999,0.37617896,0.0062273535,0.14304446,0.012645669,0.00053969513,-0.053486079,0.13609996,1.3212668,0.038716149,0.14756519,1.2835297,0.017447077,0.14745117,1.0852757,0.026968828,0.16810759,0.063157827,-0.0033363096,0.19962191,0.0058098437,0.12414106,-0.20858161,0.00051338899,-0.033740885,-0.018210397
cop_0343,897,2669.585852,1000,2.2236414,-0.074204276,1.6096314,2.2356805,-0.073900152,1.6183333,1.8690759,-0.092606325,1.573207,0.061530999,-0.22218902,1.7240709,0.045619466,0.073856452,0.11642896,0.0087042953,-0.0080116791,0.31532099,2.1434454,-0.040937406,1.1509616,2.1208933,-0.06125957,1.1744724,1.8151796,-0.056682135,1.1346204,0.059709691,-0.17629446,1.2690016,0.043583203,0.070998859,-0.035174842,0.0083372775,-0.0083175273,0.17663329
cop_0344,326,460.21522,1000,1.2501706,0.053345525,0.1167396,1.2435028,0.028489347,0.13046346,1.0043335,0.040447014,0.12259154,0.086789161,0.0032352707,0.17067593,0.011932107,0.032795658,-0.065814388,0.0019149642,-0.011018281,0.012408596,1.2436809,0.060569152,0.04313958,1.2086199,0.029439081,0.048475684,0.99193007,0.040032565,0.048688774,0.085527328,0.010524741,0.081146777,0.011629344,0.035506683,-0.21764292,0.0018730931,-0.0070280255,-0.078241647
cop_0345,151,272.538466,1000,1.2113888,0.030230127,0.22830107,1.2118281,0.008897791,0.22295141,0.97443317,0.010510289,0.24670092,0.046892208,-0.049445009,0.29445454,0.010289478,-0.0061540992,-0.041312214,0.0019704509,-0.009868909,0.10287621,1.186982,0.042051768,0.083859844,1.1661042,0.013213797,0.11114122,0.95430138,0.023367218,0.1166648,0.046026976,-0.04146343,0.14321943,0.010021006,0.0014763393,-0.18047625,0.0019202222,-0.016703018,-0.020131802
cop_0346,980,6160.55128,1000,2.074443,-0.011649624,1.2613691,2.1172582,-0.020829834,1.2487426,1.7326341,-0.034946039,1.2929351,0.05738898,-0.15566719,1.4482762,0.034805225,0.030139802,0.039857383,0.006489,-0.013312434,0.23746685,2.0121104,0.0073424479,0.80557425,2.0185444,-0.01750476,0.85062492,1.6673457,-0.016217395,0.84148183,0.055445302,-0.13125163,0.96381707,0.03348899,0.023118048,-0.14423297,0.0062945672,-0.019228742,0.076632485
cop_0347,147,269.1933869,1000,1.2273724,0.051331661,0.21315342,1.2232205,0.025803956,0.22698655,1.0090339,0.037356247,0.21409497,0.14727359,0.00566659,0.24850919,0.0721758,0.032558204,0.033181912,0.016229266,-0.062533799,0.070900048,1.2143972,0.054012739,0.082148738,1.17671,0.02630493,0.095032323,0.98621556,0.038245591,0.092537941,0.14317307,0.011505009,0.14015001,0.067653658,0.015668831,-0.12662424,0.015445501,-0.05200492,-0.040889731
cop_0348,220,339.9983016,1000,1.1862693,0.055996634,0.12677059,1.1745267,0.03229879,0.1513581,0.96249061,0.046423499,0.14494592,0.025966851,0.010152232,0.20814693,0.015532554,0.07945482,0.064760093,0.0032469328,-0.050035344,0.080451653,1.1662941,0.053892347,0.075553682,1.1324895,0.029223017,0.072438125,0.95008896,0.036379787,0.075425541,0.025072781,-0.0015233943,0.097788209,0.014449461,0.029265394,-0.087756052,0.0031326721,-0.05646859,-0.041729515
cop_0349,842,2185.232338,1000,2.3202288,0.008099316,1.345721,2.3065577,-0.0028809361,1.3791804,1.9407307,-0.0065210601,1.3356641,0.057923809,-0.10535311,1.218956,0.032019034,0.087240059,0.068577483,0.0062473854,0.030316553,0.22831626,2.2545285,0.026787991,0.85604498,2.2068034,0.0084924655,0.88778856,1.8777034,0.0024605168,0.89537683,0.056226634,-0.091083032,0.87892847,0.030424769,0.053587848,-0.089747922,0.0060352566,0.023928004,0.095908662
cop_0350,725,1327.110238,1000,2.3565516,0.039931349,0.64589122,2.3486391,0.031676718,0.66987247,1.9527999,0.038922215,0.63154617,0.020792561,-0.062201701,0.78617586,0.038212882,0.066519262,0.032333496,0.0085718,-0.036044723,0.21751028,2.3052543,0.057608101,0.44965419,2.2393737,0.048545315,0.47859355,1.9217146,0.04576014,0.44980899,0.020284122,-0.053597568,0.52789124,0.035847765,0.049796281,-0.13698535,0.0083089536,-0.03197322,0.088717654
cop_0351,296,425.5480485,1000,1.2216461,0.043699211,0.21150195,1.2194513,0.021741486,0.2104085,0.98779269,0.027616501,0.21581301,0.082108826,-0.016685958,0.25550388,0.035947132,0.032170193,0.0054317102,0.0077016242,-0.033771998,0.082763264,1.207287,0.049442946,0.095463943,1.1726805,0.019852297,0.11911296,0.97122465,0.028641966,0.10279549,0.080096469,-0.017925128,0.096001671,0.03454008,0.011554433,-0.14410409,0.0074673259,-0.029239603,-0.063997767
cop_0352,600,865.3681356,1000,1.3979037,-0.017046041,0.66929887,1.3954732,-0.035044238,0.69460791,1.1572513,-0.027301206,0.69157741,0.17036504,-0.098887375,0.74654629,0.031037645,0.091599656,0.017252005,0.003568107,-0.042105755,0.17995406,1.3722053,-0.0026691145,0.36866694,1.3338583,-0.035913805,0.40434518,1.1318072,-0.023232446,0.41978689,0.16568067,-0.064041111,0.48077011,0.029815013,0.06409843,-0.1829991,0.0034009945,-0.033716433,0.032220918
cop_0353,61,184.5139962,1000,1.3129412,0.055913218,0.19317006,1.3068538,0.035274827,0.20334866,1.0849507,0.047379845,0.18911815,0.11829324,0.035148827,0.2498875,0.063513005,0.053421484,0.041494671,0.013208234,-0.051313159,0.091426791,1.2976734,0.060508206,0.078817362,1.2624763,0.035915198,0.078354368,1.0545423,0.04962874,0.080527085,0.11457875,0.027143297,0.12794768,0.059765534,0.025458565,-0.13792076,0.012638443,-0.037003486,-0.042685839
cop_0354,566,812.4689157,1000,2.6433851,0.024022609,1.3199262,2.6691763,0.016416277,1.3225285,2.1842233,0.017324447,1.3219088,0.34553962,-0.29624289,1.0222135,0.0073799494,-0.056584689,-0.10332184,0.00075008893,0.043588822,0.10698118,2.5759087,0.029696182,0.88018698,2.5691575,0.014655875,0.89515895,2.1432534,0.017314166,0.89879035,0.33916608,-0.24715886,0.66450132,0.0069608548,-0.046655672,-0.29978687,0.00073712774,0.03767064,-0.022026048
cop_0355,986,6848.711814,1000,1.9208971,-0.050628847,1.3275082,1.9376216,-0.072638372,1.3062996,1.6178584,-0.075538472,1.3136091,0.024658492,-0.20061625,1.7502953,0.022343862,0.099717766,0.08186825,0.0037099801,-0.030675352,0.35101693,1.8376381,-0.029320553,0.77082876,1.8293749,-0.05516342,0.80418265,1.5642042,-0.050078438,0.78848296,0.023561032,-0.16680016,1.0894077,0.020964185,0.08869871,-0.095251073,0.0035574182,-0.015819836,0.1397604
cop_0356,110,240.3098483,1000,1.6740714,-0.045544677,1.0516641,1.6831513,-0.055496368,1.0465806,1.3949065,-0.065365101,1.0605108,0.26401455,-0.2298392,1.0426036,0.099046118,0.061437377,0.0014404768,0.02695135,0.01969501,0.22083753,1.6282013,-0.033343441,0.64954822,1.6243043,-0.069746442,0.66979098,1.3582202,-0.058609103,0.67027303,0.25551455,-0.17379561,0.64097783,0.095603629,0.049799605,-0.11842197,0.026056107,0.023092189,0.070965091
cop_0357,200,318.7573042,1000,1.9759728,0.033746891,0.99964279,1.9971314,0.012794549,1.0120313,1.6574005,0.017325162,0.9998882,0.32046807,-0.17061249,0.73009031,0.03212207,0.0069724122,0.018284894,0.0082690682,0.0383065,0.22814361,1.9470512,0.034133283,0.6396836,1.9392351,0.016109253,0.66424555,1.6222628,0.020193324,0.66114318,0.31375233,-0.1288512,0.47989627,0.030600379,0.0078599316,-0.12345875,0.0080850598,0.049146654,0.096169724
cop_0358,324,456.4965828,1000,1.3062668,0.060148545,0.20279067,1.2977983,0.036317896,0.2242541,1.0701291,0.048739354,0.21695259,0.11764327,0.032705178,0.26143869,0.019440458,0.061137921,-0.019539361,0.0026454074,-0.05293144,0.068050008,1.2824813,0.059931063,0.10015721,1.2599068,0.03415884,0.089744687,1.0566683,0.039921161,0.11502475,0.11494465,0.030230953,0.1469029,0.018361161,0.049694898,-0.21342743,0.0025453764,-0.028451774,-0.056635784
cop_0359,346,479.4547109,1000,1.349884,0.037933014,0.2762296,1.3622466,0.010037461,0.29828921,1.1068572,0.023181892,0.29892224,0.11555928,-0.0080993538,0.37144466,0.017648026,0.031399393,0.035238041,0.0030311924,-0.035169831,0.19382764,1.3241062,0.032649316,0.15640283,1.3111647,0.0036673194,0.17116965,1.0954234,0.019778934,0.16652156,0.11336556,-0.0076332457,0.22682952,0.016793045,0.028600686,-0.12405789,0.0029422631,-0.033301942,0.057804615
cop_0360,531,755.0219307,1000,2.1670104,0.033426803,0.8808173,2.1563374,0.018051537,0.92391584,1.8000021,0.016098244,0.92714674,0.14642016,-0.068283284,1.0324392,0.014482252,0.07769301,0.027115759,0.002351481,0.052138312,0.19347094,2.1025373,0.040755472,0.61482748,2.0483815,0.021500916,0.61785915,1.748034,0.032298688,0.62627961,0.14185064,-0.036266788,0.69969846,0.013876713,0.056279311,-0.15026488,0.0022562236,0.056931041,0.057659649
cop_0361,924,3194.113155,1000,1.9850907,-0.035152848,1.3256042,2.0076537,-0.049601889,1.3450874,1.6604668,-0.059088862,1.2980749,0.074818776,-0.1829697,1.6804168,0.046731583,0.059298261,0.065809549,0.010411221,-0.0061202414,0.26390203,1.909156,-0.01062365,0.82394535,1.9004648,-0.034855498,0.87974615,1.6039595,-0.042740154,0.79375484,0.072069409,-0.14077652,1.0270409,0.04494119,0.041226397,-0.099188484,0.010218664,-0.0065522496,0.093188166
cop_0362,469,651.5670507,1000,2.4926136,0.0016507495,1.3263178,2.4854768,-0.0056075721,1.3644292,2.083188,-0.0066546203,1.3206539,0.043539369,-0.12270609,1.4244656,0.00096668504,0.096428321,-0.096679777,5.5870259e-05,0.026886002,0.26317802,2.4192424,0.011489427,0.90516794,2.3873359,0.0044687256,0.91923464,2.021476,0.0052908646,0.91646006,0.042104142,-0.10352105,0.93332893,0.00089904496,0.058082479,-0.29139212,5.3986823e-05,0.021312663,0.08661547
cop_0363,88,216.5148799,1000,2.2062263,0.0057722277,1.1299339,2.1968984,-0.0055951553,1.1543174,1.8461872,-0.011335925,1.135505,0.023459852,-0.13596219,1.3298219,0.0092809391,0.029197029,0.062995937,0.0018627911,0.075837974,0.35550848,2.1251404,-0.00013729553,0.6759026,2.079491,-0.0092795555,0.71355875,1.7576254,-0.013679785,0.7061664,0.022516221,-0.1306912,0.86287798,0.0088384078,0.0038320458,-0.079808202,0.0017783482,0.066499936,0.19116753
cop_0364,297,425.6110129,1000,1.4735224,-0.014477249,0.59993362,1.4828294,-0.038225814,0.61331548,1.2020112,-0.040225004,0.64190381,0.093197546,-0.12873499,0.88280122,0.031945343,0.03519847,-0.0032210559,0.0071764468,0.040322799,0.19557619,1.441594,-0.0035354277,0.28546385,1.4220173,-0.029632331,0.32998668,1.1745249,-0.0099628989,0.30056597,0.091214771,-0.08485897,0.41610302,0.031070541,0.028174101,-0.17340144,0.0071152686,0.026251163,0.038812649
cop_0365,560,806.7611307,1000,1.528649,0.061174877,0.19665726,1.5377089,0.043448898,0.20660385,1.2390459,0.046244291,0.20062218,0.16039686,0.0050311572,0.22733897,0.0065412954,0.0095867593,-0.066054747,0.00085206862,0.013675497,0.02501595,1.497738,0.071846211,0.090066208,1.4677193,0.043371551,0.10229117,1.2142931,0.054951831,0.10185947,0.15715211,0.01885369,0.11888821,0.0064070736,0.014005419,-0.24649646,0.00083520841,0.016775263,-0.10114777
cop_0366,343,478.7671449,1000,1.7874159,-0.048122505,1.0539709,1.7966443,-0.064174527,1.0818413,1.5005342,-0.054948335,1.0822441,0.030382488,-0.17710263,1.4335591,0.0019336187,0.086913457,0.011426421,0.00015438298,0.020021969,0.30484896,1.7241863,-0.012259653,0.68701848,1.7062519,-0.044054744,0.68573905,1.4429322,-0.035880415,0.64550177,0.029069668,-0.14684847,0.88800353,0.0018076879,0.081399331,-0.19019925,0.00014915923,0.010940963,0.11702564
cop_0367,822,2014.981137,1000,1.7500598,-0.056335714,1.0930069,1.7834931,-0.077131376,1.0744616,1.4689628,-0.082654882,1.0863271,0.10070062,-0.17318925,1.2308644,0.039105331,0.062452797,0.040417402,0.0083979223,0.024464818,0.23450972,1.7120606,-0.031946657,0.62199676,1.6844533,-0.057954712,0.67119926,1.4305597,-0.050050922,0.66950651,0.097768422,-0.14144441,0.77709771,0.037606949,0.06566313,-0.11769305,0.0081629491,0.018654862,0.055208401
cop_0368,146,268.7009174,1000,1.6181151,0.043921906,0.30299312,1.6025282,0.025218402,0.34913728,1.3432472,0.030447441,0.33625529,0.19730587,-0.028182637,0.35704291,0.08527453,0.066342454,-0.013342594,0.01706941,-0.036229221,0.064207297,1.5868394,0.055625077,0.17337074,1.5528084,0.035449745,0.19158605,1.3167518,0.035327207,0.186864,0.19174044,-0.0066276697,0.21348828,0.081036923,0.066729339,-0.15872561,0.016415553,-0.027899266,-0.049169166
cop_0369,193,308.5247969,1000,1.3768966,-0.0069721247,0.48499346,1.3949708,-0.032226624,0.516627,1.1300436,-0.029560995,0.49426298,0.085681654,-0.10131661,0.6996915,0.029386175,0.045550134,-0.0034545761,0.0071581271,0.03721235,0.14936973,1.3655921,0.0097372366,0.24715054,1.3415059,-0.018097616,0.27181693,1.1062889,-0.013827913,0.29006524,0.084110196,-0.076447156,0.37075266,0.028592127,0.046436399,-0.15240924,0.0070073849,0.0021374492,-0.013607332
cop_0370,430,596.4427485,1000,1.7695219,-0.067739712,1.0782111,1.7938144,-0.081780207,1.1072339,1.4830039,-0.082575165,1.0762381,0.088457646,-0.20712181,1.4109482,0.01377845,0.028748706,0.10392925,0.0021907257,0.04701494,0.45310369,1.7206476,-0.054983705,0.68269199,1.7056982,-0.073892656,0.72499074,1.4374657,-0.074959656,0.69119004,0.085465735,-0.17600633,0.8740815,0.01299395,0.028986179,-0.11724227,0.0020912215,0.024968064,0.25304779
cop_0371,544,778.9852268,1000,2.6955407,-0.052079572,2.3738705,2.7288418,-0.063500556,2.3366589,2.2736632,-0.069652594,2.2672468,0.18735563,-0.38508748,2.2972424,0.040641567,0.038552031,0.032162809,0.0068039468,0.081281027,0.37453685,2.5679362,-0.03758729,1.5937739,2.541331,-0.061408678,1.6785703,2.1854768,-0.071623458,1.6051491,0.18047694,-0.32837495,1.713403,0.038658919,0.03311134,-0.12289685,0.0065248554,0.07127896,0.19343948
cop_0372,647,1025.68297,1000,2.8251526,0.030245131,1.5803919,2.8536282,0.024424185,1.6300668,2.3749574,0.022126639,1.5369668,0.25677742,-0.18199375,1.2711914,0.01652499,0.077540986,-0.049835632,0.0022287681,0.038661165,0.17933181,2.7097568,0.02761546,1.1046591,2.6843744,0.018290255,1.1435488,2.2934631,0.026175688,1.1418631,0.24925261,-0.14484961,0.94541497,0.015883122,0.051975984,-0.1802085,0.0021663076,0.046341758,0.06041765
cop_0373,427,592.6827026,1000,1.328451,-0.010439537,0.49774401,1.3362673,-0.030577313,0.49180881,1.0737823,-0.027289213,0.5069176,0.17474676,-0.10992623,0.54784629,0.025748391,0.028173927,-0.032030662,0.0041609457,0.010060196,0.13883911,1.2898084,0.0080449789,0.29669438,1.2677634,-0.01394737,0.26849398,1.0628756,-0.0073653148,0.30037856,0.17223649,-0.070503946,0.31028008,0.024746579,0.0269319,-0.16294693,0.0040377749,-0.0018895244,-0.0058615394
cop_0374,914,2916.347256,1000,2.3748972,-0.0050177101,1.5948116,2.3799033,-0.029121181,1.6433927,2.0020086,-0.029217808,1.5296391,0.12489063,-0.15360753,1.6331894,0.058935543,0.058884745,0.088224607,0.014625848,0.028513734,0.27936655,2.3320443,-0.0018304348,1.03006,2.3021243,-0.032373708,1.0869547,1.9328364,-0.025273,1.0463243,0.12141235,-0.11848481,1.1936123,0.057064109,0.035891617,-0.048753942,0.014301078,0.021763886,0.11371399
cop_0375,807,1872.345785,1000,2.6526889,-0.058324263,2.3447579,2.663467,-0.071000717,2.3130032,2.2378322,-0.081195123,2.2670768,0.19538524,-0.31690926,2.1186264,0.0038088858,0.12472839,-0.041812373,0.00024571746,0.03197586,0.43055743,2.5360468,-0.031841822,1.5767311,2.5052431,-0.056075165,1.6408366,2.1525528,-0.050388528,1.5741666,0.18764584,-0.23897709,1.5160109,0.0036178682,0.12062421,-0.23765881,0.00023764029,0.031630711,0.23865997
cop_0376,389,532.1051735,1000,1.7421128,-0.0103206,0.90915542,1.7538151,-0.036477403,0.94605017,1.4510815,-0.02272069,0.9210582,0.13546339,-0.11366495,1.0338612,0.021806192,0.049177188,0.055137486,0.0034216311,-0.006747714,0.33493283,1.6955482,-0.0088069563,0.52546779,1.6414493,-0.030649426,0.55686636,1.4088408,-0.022908935,0.57130817,0.1304712,-0.081506786,0.64301074,0.020231391,0.035312774,-0.16032872,0.0032476388,0.0030192605,0.13827654
cop_0377,558,798.598678,1000,1.6179995,0.013008043,0.63679966,1.6167789,0.00052139677,0.65507981,1.348951,0.0056345539,0.64106616,0.047248629,-0.061034583,0.78651465,0.030593835,0.050490753,0.099806617,0.0050904462,-0.042204234,0.21911024,1.5878676,0.022477197,0.37776893,1.5526404,-0.0034537795,0.38863889,1.3112374,0.014489553,0.40876456,0.045566864,-0.049682072,0.47008929,0.029165914,0.046751798,-0.051785783,0.0048940686,-0.046019961,0.087255528
cop_0378,971,5225.514569,1000,1.9982641,0.033123919,0.70628768,2.0032954,0.013655301,0.72142772,1.6473183,0.011480571,0.74050446,0.044785761,-0.063062771,0.86151738,0.018417786,0.042488679,-0.050261023,0.0032403297,0.024534393,0.083661348,1.9722833,0.027967832,0.45653006,1.9095163,0.012190815,0.46489033,1.6080354,0.011281265,0.49551643,0.043791077,-0.05671719,0.55243247,0.017918778,0.037759664,-0.16660628,0.0031481292,0.022576235,-0.054315134
cop_0379,114,245.6167586,1000,1.1876573,0.048470891,0.15567912,1.1777303,0.029545391,0.17731287,0.96556834,0.041882921,0.16820942,0.086606013,0.012628181,0.22903676,0.027442773,-0.0032164612,0.042429638,0.0079628154,-0.027583536,0.1192876,1.1657702,0.045881805,0.072407125,1.1327242,0.017789583,0.078023951,0.94233926,0.031107237,0.075480081,0.083553128,-0.011086833,0.10745207,0.025691497,-0.03044842,-0.11492015,0.007663485,-0.01811483,-0.013459284
cop_0380,699,1216.857117,1000,1.6349498,0.003338408,0.67178776,1.6099026,-0.018394956,0.67890764,1.3628613,-0.011708605,0.67593684,0.10814619,-0.085954573,0.84552447,0.0061381111,0.11705281,0.042056529,0.00050883759,-0.005240421,0.15622428,1.5929176,-0.0015016394,0.41591389,1.559283,-0.02450995,0.42576561,1.3337595,-0.011097791,0.42268165,0.10499638,-0.063568711,0.49458998,0.0056415258,0.093121298,-0.19044392,0.0004815297,0.014564762,-0.022146698
cop_0381,642,1003.984804,1000,1.846445,0.079827238,0.29269214,1.8023657,0.065927625,0.31485752,1.5265775,0.074320911,0.29514611,0.1386235,0.029340883,0.32437536,0.0080960361,0.057830601,0.018608722,0.001311448,0.0044601697,0.11646969,1.8032878,0.088633559,0.17488809,1.7562672,0.065877852,0.17105591,1.4915235,0.082149009,0.17230974,0.13473794,0.043423958,0.19726375,0.00768947,0.052032366,-0.1758794,0.0012497281,0.01559697,0.0086228135
cop_0382,889,2632.209401,1000,1.2415138,0.05505749,0.19451986,1.2172291,0.030234762,0.21487364,1.0055291,0.038967537,0.2027563,0.046388059,0.045155772,0.24461795,0.027692358,0.12375938,-0.016704529,0.0026522803,-0.061522506,0.044506602,1.228841,0.055534919,0.1054336,1.1913655,0.030546986,0.11454764,0.99346039,0.04099385,0.10909263,0.045253711,0.04530441,0.12028061,0.025389237,0.10354473,-0.21941789,0.0025436385,-0.061891049,-0.089949321
cop_0383,549,781.4176588,1000,2.0922815,0.040717849,0.63290496,2.1050747,0.028669862,0.66015215,1.7142033,0.032697405,0.64001987,0.21028377,-0.085341193,0.57111462,0.026367517,0.068885949,-0.030467784,0.0038297467,0.028340782,0.11666268,2.0514998,0.041699708,0.32521155,2.0161006,0.034788679,0.3844168,1.6791088,0.028973026,0.33845122,0.20805769,-0.060492263,0.31689262,0.025835791,0.044181371,-0.17303622,0.0037994331,0.028573991,-0.020059769
cop_0384,339,474.9967246,1000,2.1160604,0.043818611,0.64762976,2.1092917,0.031027678,0.65254917,1.7608357,0.035301193,0.64893519,0.32985246,-0.1283502,0.4027955,0.027391001,0.022875915,-0.030134539,0.0048026727,0.028720825,0.095992258,2.0847438,0.043726527,0.37251399,2.0552783,0.02533751,0.39777788,1.7186629,0.02805862,0.39880257,0.32596609,-0.10063522,0.21062407,0.02649489,0.030535123,-0.17974447,0.0046572975,0.032848001,-0.014815454
cop_0385,485,691.1850565,1000,1.6496734,-0.015708611,0.81458219,1.6479967,-0.035144616,0.82305258,1.3784258,-0.034011159,0.85657657,0.031254137,-0.071449795,0.7665319,0.007631134,0.16872165,0.05625995,0.00051368454,-0.039424224,0.20858484,1.6356103,-0.0093537602,0.50291561,1.5828223,-0.031092222,0.54750093,1.353285,-0.026496037,0.52001736,0.030367682,-0.05444749,0.51812445,0.0069415861,0.12904271,-0.17621799,0.0004836085,-0.043443816,0.0099402013
cop_0386,239,359.2699413,1000,1.5125946,-0.026281842,0.75750825,1.5153879,-0.053105322,0.81733998,1.2698132,-0.041369069,0.80268418,0.18082542,-0.12976826,0.82214843,0.043594051,0.04962509,0.095966938,0.0071884054,-0.01936359,0.31711094,1.4707326,0.0019287022,0.42848243,1.4365362,-0.026347277,0.43567171,1.2151957,-0.018680994,0.45398572,0.1739119,-0.082404765,0.54504054,0.040592812,0.033436266,-0.10425483,0.0068860168,-0.018313465,0.13524925
cop_0387,402,560.7002295,1000,2.3225107,-0.051161771,1.5863071,2.3041268,-0.064210876,1.611457,1.9391013,-0.06527889,1.5358463,0.045958836,-0.18777873,1.8951857,0.0065657649,0.03130355,0.15058033,0.0015179415,0.11918098,0.67464439,2.2083514,-0.020649728,0.97429847,2.173314,-0.034808532,0.99824526,1.8554134,-0.047259319,0.98510018,0.043403801,-0.15671065,1.2488122,0.0062026377,0.042425402,-0.039825412,0.0014354851,0.099681935,0.43001143
cop_0388,347,480.0776435,1000,1.306995,0.052711296,0.18596624,1.2888646,0.035498407,0.18990042,1.0519775,0.0386876,0.1876132,0.031227307,-0.014105327,0.21980555,0.0093717555,0.015340404,-0.045302799,0.0010834975,-0.051219152,0.10011588,1.2982245,0.056613065,0.060978476,1.2599052,0.033001943,0.076609133,1.0420656,0.02995756,0.06059918,0.030928712,-0.010123554,0.11763806,0.0087626367,0.014551229,-0.19812135,0.0010579006,-0.051692412,-0.031924147
cop_0389,262,393.7568323,1000,1.6355051,0.052266358,0.27011534,1.628032,0.034376864,0.32551545,1.3400163,0.041271916,0.29340601,0.17989252,-0.011416853,0.30711604,0.030915328,0.008502609,0.050823893,0.0080592962,0.0053121853,0.13189915,1.6080975,0.039223127,0.14763444,1.5533527,0.029427859,0.18715337,1.3282699,0.041733135,0.17056686,0.17650294,-0.0037799346,0.19972809,0.029643646,0.0015681784,-0.11386549,0.0078245997,-0.003502918,0.020635909
cop_0390,859,2343.211318,1000,2.5488167,0.045310167,0.97455739,2.580667,0.044724485,1.0551073,2.1264953,0.045439303,0.97491947,0.056366673,-0.071314767,1.1713325,0.052806084,0.065132279,0.020735472,0.012734866,-0.018130985,0.23076151,2.4772553,0.050642953,0.58825339,2.4412103,0.042803202,0.6324968,2.0624777,0.04366444,0.61482433,0.053989981,-0.056841549,0.78225177,0.050835707,0.061872203,-0.11206994,0.012335152,-0.015928498,0.11212071
cop_0391,392,539.4022441,1000,1.8312348,0.047746611,0.46674992,1.8277953,0.037989849,0.45954997,1.5177196,0.041554537,0.47254152,0.15812069,-0.0040077199,0.48345719,0.045233414,0.036558694,0.076457775,0.0097254915,-0.021527824,0.19037119,1.7816506,0.049598702,0.26780731,1.7466983,0.030927158,0.27623623,1.4731793,0.027601568,0.29517466,0.15290794,-0.014118845,0.29581466,0.042644956,0.024277698,-0.081734213,0.0094509015,-0.013092842,0.065857147
cop_0392,218,337.410388,1000,2.2338535,-0.022987343,1.4490785,2.2382765,-0.029340333,1.4437697,1.8706584,-0.038523615,1.4140458,0.11867928,-0.18896241,1.6391211,0.0252926,0.028788045,0.12130123,0.0059882731,0.088803638,0.47106841,2.1355888,-0.0063621105,0.89002144,2.1116668,-0.023433297,0.96516393,1.7902702,-0.019827042,0.9033983,0.11313937,-0.13393855,1.1215825,0.024233017,0.043228171,-0.057155588,0.0057256379,0.083889352,0.3377171
cop_0393,429,595.2316377,1000,1.1850718,0.081856231,0.12352081,1.1649608,0.057752544,0.14224495,0.96122598,0.070178606,0.12389185,0.13414153,0.064832617,0.15601881,0.013070345,0.028723029,-0.044711515,0.0017895615,-0.050742415,0.044024422,1.1737885,0.091879201,0.027807048,1.142597,0.066168602,0.013985272,0.94911987,0.079440167,0.025409939,0.13053154,0.058344735,0.046569298,0.012215646,0.0057214107,-0.2178789,0.0016993943,-0.047768231,-0.07935417
cop_0394,974,5608.974548,1000,1.9459385,0.054034883,0.33446143,1.8925686,0.037916126,0.36163524,1.5910382,0.048911797,0.35211783,0.0120652,-0.052797604,0.43852236,0.0089060609,0.10298709,-0.10558406,0.0008588053,0.0077582734,0.092465693,1.9192131,0.052438607,0.21090672,1.8466013,0.028448032,0.23204847,1.5601336,0.039435249,0.22230981,0.011732275,-0.053524033,0.26910878,0.008247301,0.086845618,-0.24599511,0.00082573575,0.0070230457,-0.013205733
cop_0395,129,257.3662203,1000,1.154651,0.069967654,0.080872853,1.1440835,0.044478499,0.11264085,0.93716608,0.063279146,0.089828946,0.090887127,0.058446461,0.1197697,0.03265239,0.034938955,0.006006586,0.005536479,-0.067320541,0.07605883,1.1406113,0.073317998,0.024476244,1.1094613,0.044888426,0.040560224,0.92054179,0.067133137,0.020873683,0.088861385,0.051981505,0.022954891,0.030759471,0.037914557,-0.17196247,0.0052991031,-0.049025981,-0.069289276
cop_0396,295,425.0450223,1000,2.5757,0.036463443,1.3267226,2.5838978,0.021968895,1.3445912,2.141898,0.020670885,1.3275046,0.27510971,-0.20070265,1.043067,0.062930014,0.032602066,0.0088173483,0.017400462,0.078032818,0.1820429,2.5237761,0.03478572,0.8584753,2.482931,0.033864252,0.88532552,2.1019893,0.019564403,0.87878863,0.27065987,-0.16676403,0.69689014,0.061501413,0.024921999,-0.068573398,0.016986437,0.077380405,0.06903947
cop_0397,790,1721.612674,1000,1.3034292,-0.017182329,0.54587254,1.327723,-0.036078549,0.57965993,1.0632936,-0.032855677,0.57761417,0.063710624,-0.116938,0.79211562,0.038289205,0.027669551,0.025164576,0.0074922768,-0.0060410602,0.15879496,1.2798019,-0.0072376486,0.33132807,1.2615048,-0.037490297,0.31479563,1.0500848,-0.026903956,0.34037227,0.062622124,-0.094894425,0.4245915,0.036642422,0.018512189,-0.1362173,0.0072073955,-0.0088476613,0.0094910489
cop_0398,384,525.7940829,1000,2.6461011,0.032190117,1.6915713,2.6808502,0.022616487,1.6923183,2.23082,0.022831734,1.6162283,0.41163327,-0.29574464,1.0849779,0.023226515,0.022719813,-0.055158957,0.0033095533,0.019975473,0.16665851,2.5581212,0.029776431,1.1539121,2.5487512,0.0068852193,1.1613935,2.1612446,0.014505294,1.1242365,0.40040139,-0.25569182,0.72162542,0.021596631,0.02470869,-0.19083662,0.0031718864,0.010404419,0.062704276
cop_0399,390,532.6725067,1000,2.1470006,-0.024974367,1.3789945,2.1650552,-0.037757942,1.3500677,1.7938605,-0.044042182,1.3283303,0.18774424,-0.20551927,1.3680877,0.072022716,0.059279811,0.054917505,0.017982532,0.037575702,0.19647498,2.0666849,-0.012652222,0.87407246,2.0349544,-0.041827586,0.95509045,1.720903,-0.036961945,0.90999805,0.17875807,-0.16438261,0.99685496,0.069050842,0.054023916,-0.080467309,0.01759707,0.017422191,0.076728303
cop_0400,123,252.6036932,1000,1.285514,0.06620721,0.23330981,1.2512528,0.033483323,0.23667837,1.0650859,0.052330708,0.22530356,0.12455244,0.012655119,0.27091373,0.023011556,0.040058445,0.075197055,0.0042094807,-0.058183947,0.11076268,1.2640522,0.056934324,0.12591526,1.2240185,0.032565752,0.13633277,1.0440663,0.046427031,0.13750784,0.12127719,0.010601111,0.15972781,0.021220357,0.0064081163,-0.1123981,0.0039787257,-0.047524513,-0.011560689
cop_0401,287,420.4968638,1000,2.6763408,-0.0065712281,1.7752058,2.6748783,-0.019018351,1.7735084,2.2504359,-0.027996992,1.7262705,0.11440705,-0.2038799,2.0221155,0.02529148,0.067846701,0.034806954,0.0062514947,0.16266187,0.49778044,2.5856753,0.01163621,1.2108905,2.5413183,-0.015967451,1.266643,2.1697005,-0.011649387,1.1955672,0.11141726,-0.1508166,1.4498002,0.024424513,0.06274955,-0.071930664,0.0060543692,0.13975863,0.2958775
cop_0402,99,231.3699885,1000,1.0985242,0.080652693,0.064716,1.0777665,0.059030307,0.094287581,0.87709154,0.075116148,0.071820536,0.019764143,0.045325267,0.11857779,0.0057927231,-0.0011536973,-0.014107782,0.00096490864,-0.086229671,0.089765608,1.0847394,0.075480892,0.00079916426,1.0523222,0.052981617,0.022958976,0.8690654,0.062162114,0.010063864,0.019492645,0.023624572,0.058942244,0.0055527162,0.0027444024,-0.13772497,0.00093170983,-0.079416073,-0.030838824
cop_0403,1000,11470.8301,1000,1.4566279,-0.057073441,0.89724555,1.4537886,-0.079460478,0.88722713,1.1889297,-0.08478481,0.8883695,0.023578214,-0.23132525,1.3269398,0.021550656,0.031494117,-0.046053511,0.0027343737,-0.033598806,0.24607365,1.4207225,-0.032008274,0.51405949,1.3912966,-0.06309273,0.53271638,1.1644503,-0.056054487,0.54807049,0.022971653,-0.170862,0.80481531,0.020340752,0.037379834,-0.2100551,0.002677162,-0.037134001,0.082789568
cop_0404,738,1383.02977,1000,2.0695023,0.014709142,1.0063347,2.0937441,-0.0011515674,1.0468803,1.7428788,0.0021299359,1.0254489,0.2095638,-0.1311231,1.0085743,0.014272818,0.078163468,-0.0034317336,0.0015553324,0.0033102397,0.13716208,2.0206253,0.01971588,0.69242213,1.9968379,-0.0093167811,0.7148152,1.68569,-0.0056453364,0.71075008,0.20290979,-0.11203716,0.77010733,0.013024474,0.057292813,-0.18992796,0.0014750315,-0.002305649,0.01454293
cop_0405,467,649.6547995,1000,1.8715411,-0.014032806,1.0303881,1.8909151,-0.032924618,1.0357245,1.5678041,-0.037051334,1.0523694,0.23868223,-0.18247661,1.0106353,0.010308889,0.057044874,0.0059366405,0.0015996296,0.052541276,0.24753207,1.8206543,-0.0029645634,0.6482009,1.7842882,-0.017549208,0.66979473,1.5232417,-0.027129074,0.71269793,0.23258365,-0.14236016,0.67626285,0.0098586922,0.033233821,-0.12419659,0.0015692786,0.050903657,0.10923407
cop_0406,51,173.4234614,1000,1.4840804,0.0065829356,0.5736868,1.4704686,-0.018082277,0.59589351,1.2311485,-0.0083497727,0.61576605,0.022967741,-0.10835659,0.79190419,0.0053463862,0.054810457,0.02766421,0.00057682878,-0.038801573,0.2905744,1.4547269,0.016688703,0.33324741,1.4369579,-0.0080902028,0.32820163,1.2076028,0.0081342644,0.3396747,0.022210276,-0.066851743,0.45315209,0.0049412322,0.034942015,-0.14200784,0.00054609727,-0.03716141,0.082662179
cop_0407,539,773.747841,1000,1.5364695,0.045208708,0.37943562,1.537944,0.026647264,0.3999698,1.2737229,0.032362704,0.38942301,0.23777067,-0.038313798,0.35336619,0.02961213,0.11090432,0.04477681,0.0036978959,-0.039645225,0.13662389,1.5021989,0.03019944,0.22803153,1.4824276,-0.0007051002,0.24924537,1.2463115,0.018316511,0.24597282,0.23199194,-0.041293968,0.24233885,0.027588411,0.09034904,-0.15026219,0.0035573066,-0.033101138,-0.014331383
cop_0408,739,1392.008227,1000,1.362268,0.050237376,0.23872551,1.3502735,0.029100553,0.25689378,1.1230321,0.037540989,0.25312601,0.07980337,0.014490907,0.30190904,0.034568655,0.076181879,0.018811638,0.004452158,-0.041522243,0.074903519,1.3385296,0.045058417,0.17270313,1.3124507,0.021030873,0.16581248,1.1054571,0.036182007,0.18866227,0.077566431,0.0173926,0.1793914,0.031867886,0.062303597,-0.180093,0.0041821738,-0.039720653,-0.079194182
cop_0409,308,441.2903688,1000,1.1098757,0.070110559,0.10311625,1.0773163,0.043868019,0.1274003,0.88516138,0.059168843,0.11478469,0.13435414,0.047116485,0.13314616,0.017433025,0.092472612,-0.033196502,0.0017640267,-0.058853639,0.0040123061,1.0972135,0.080810067,0.041982984,1.0409927,0.053591745,0.028163589,0.87388794,0.064863901,0.048382166,0.13222584,0.049701047,0.050679319,0.016331932,0.08005976,-0.20587291,0.0016732883,-0.036745364,-0.11689638
cop_0410,761,1550.130638,1000,1.6986416,0.027182113,0.53597052,1.7051728,0.0038266579,0.56897611,1.3826767,0.0099247678,0.5686668,0.083308886,-0.058384595,0.71332237,0.058420116,0.022520419,-0.027148445,0.015498079,0.020927826,0.070908798,1.669469,0.042742201,0.33173979,1.6261696,0.014359845,0.34960426,1.357632,0.021598919,0.33967217,0.082504823,-0.038418199,0.3809268,0.056278369,0.0028910295,-0.15268287,0.015086565,0.021535069,-0.07322175
cop_0411,323,455.448847,1000,1.8777227,0.014643162,0.75748169,1.8647792,0.00055448994,0.74911378,1.5439238,0.0021564499,0.74194706,0.045583425,-0.082264442,0.98694982,0.0094681472,0.021497636,0.093369589,0.002811284,0.069229078,0.39082421,1.8465066,0.032880165,0.43004803,1.8095185,0.013139143,0.48808159,1.5152004,0.014915334,0.48421545,0.044708696,-0.059641042,0.60498602,0.0092585633,0.03129594,-0.058552364,0.0027478804,0.06876698,0.19922807
cop_0412,212,327.9023702,1000,1.2202241,0.029939073,0.2401152,1.2057901,0.003237117,0.25815671,0.98136928,0.012082625,0.25196395,0.085902849,-0.038909767,0.31370238,0.010043234,0.0023932148,-0.018065304,0.0025987339,0.010541852,0.14173401,1.2098974,0.029786526,0.10962333,1.1693322,-0.0028374676,0.12370933,0.96852737,0.002943332,0.12534831,0.085083942,-0.030356906,0.1826012,0.0097601508,0.013405425,-0.15903668,0.0025739939,0.0051655882,0.0057778396
cop_0413,248,374.1724509,1000,1.3035059,0.019663158,0.26805505,1.313863,-0.0019493147,0.27517975,1.0582152,0.0047415129,0.27356025,0.059277432,-0.040129804,0.38840936,0.028238113,0.050488094,-0.015630719,0.0064526288,-0.0025591992,0.067461262,1.2729283,0.028794759,0.10447003,1.2516737,0.0048262674,0.1120716,1.0355283,0.011724761,0.13213766,0.0578799,-0.023696671,0.17208995,0.026972377,0.047600925,-0.1774602,0.0062301751,-0.012848413,-0.065584729
cop_0414,552,788.8208184,1000,3.4484281,-0.039633577,2.5201324,3.4489073,-0.037593239,2.5766068,2.9174008,-0.056337189,2.3922862,0.051050479,-0.16401741,2.4052513,0.009041871,0.020282269,-0.033308065,0.001191554,0.16238432,0.6865157,3.3098132,-0.01965721,1.7730211,3.2725327,-0.030708607,1.7853353,2.7972511,-0.035938382,1.7414456,0.04913282,-0.12441131,1.7389648,0.0087948281,0.018011291,-0.18864771,0.0011633797,0.15323131,0.41996706
cop_0415,837,2130.198826,1000,1.9417704,0.029957774,0.76742251,1.9753026,0.011063374,0.76190945,1.610705,0.015137887,0.78786424,0.14332634,-0.085225767,0.8876046,0.01317398,0.049790324,-0.056975571,0.0014242859,0.036764204,0.054781322,1.9285106,0.028870105,0.49451978,1.8956465,0.0098308092,0.52277293,1.5713232,0.013472257,0.5188944,0.13936951,-0.07632814,0.60241536,0.012626414,0.036282405,-0.20517193,0.0013934691,0.021768461,-0.037956434
cop_0416,982,6589.888461,1000,1.8433649,0.064398773,0.36618741,1.8140293,0.050391859,0.39092508,1.5221648,0.059522437,0.3685145,0.025456273,-0.0035042683,0.47771592,0.014673568,0.095314891,-0.036461806,0.0015448368,0.0049899795,0.10242112,1.8127116,0.06240566,0.25103397,1.762182,0.043428702,0.25421531,1.4943842,0.053407961,0.2511835,0.02482299,-0.015416835,0.31830077,0.013641458,0.067105077,-0.20815435,0.0014853309,-0.0034812988,-0.027624654
cop_0417,698,1213.541418,1000,1.1129656,0.068194368,0.15503588,1.1158157,0.05072961,0.1731338,0.8999085,0.057353451,0.14912317,0.0076954793,-0.032549271,0.22434859,0.0086326555,0.065679677,-0.052387206,0.00082471227,-0.033609088,0.053825269,1.0969756,0.073143622,0.070897907,1.0714903,0.057322536,0.066939431,0.89002499,0.064967601,0.079257973,0.0074702312,-0.030395306,0.14739361,0.0080759044,0.048639534,-0.23447692,0.00080245189,-0.025190846,-0.068428414
cop_0418,890,2637.714542,1000,1.8080734,0.0017563163,0.77115734,1.8000065,-0.017659304,0.83669433,1.5143032,-0.010451616,0.79178004,0.069268749,-0.076092387,1.0314743,0.0074894406,0.12438631,0.011715506,0.00078653081,0.029707329,0.17583266,1.7604183,0.007044523,0.48692852,1.7323308,-0.020831126,0.506977,1.4629006,-0.012357972,0.51019893,0.066460752,-0.05558528,0.64451907,0.0068976468,0.097451781,-0.20549166,0.00074540794,0.04398981,0.020682026
cop_0419,696,1195.674798,1000,1.525481,0.00025165445,0.68791817,1.5055922,-0.023377939,0.72453267,1.2618083,-0.012101191,0.68144006,0.14151259,-0.080893235,0.87016718,0.0073643223,0.13205886,0.023829804,0.00069572332,0.022823195,0.20934156,1.4886224,0.010218313,0.42706371,1.4604754,-0.021287669,0.41981477,1.2338406,-0.0027176827,0.44176528,0.13755045,-0.065189405,0.51010571,0.0068780196,0.1119438,-0.17492487,0.00066706225,0.013239669,0.016407149
cop_0420,748,1448.21775,1000,2.0170825,-0.10534288,1.7351152,2.0553889,-0.12071791,1.7139061,1.6691864,-0.13923713,1.7534877,0.13434443,-0.30378839,2.0926448,0.011640213,0.040280819,-0.022750123,0.001645644,0.086692613,0.39103028,1.9331961,-0.088143104,1.15419,1.9639379,-0.11198933,1.1821278,1.6288743,-0.11285009,1.2375027,0.12993399,-0.22587184,1.5132081,0.011054063,0.030200912,-0.22859615,0.001590236,0.079618367,0.22023101
cop_0421,44,162.6875229,1000,1.7033058,-0.07291665,1.0624629,1.7052618,-0.087457573,1.1337971,1.4269185,-0.093489079,1.0657297,0.0172651,-0.18492577,1.3062837,0.0065454312,0.022875872,0.047699042,0.0010259181,0.03492382,0.39205415,1.6411388,-0.045596651,0.62660466,1.588707,-0.079439687,0.68734791,1.3720931,-0.059306291,0.64931955,0.016527004,-0.15410321,0.84647225,0.006184865,0.026270769,-0.13036462,0.00098601351,0.026882437,0.18444463
cop_0422,36,155.5440206,1000,1.6246526,0.058970149,0.31747674,1.6211671,0.039356979,0.32586961,1.3428343,0.047116605,0.32491491,0.22672304,-0.0072105285,0.2915836,0.10330173,0.04148511,-0.0049003127,0.026922041,-0.034247641,0.077441918,1.6144997,0.061743035,0.19140665,1.5882368,0.041201335,0.19216823,1.3419501,0.055536472,0.19831938,0.22407986,0.0098402217,0.20655556,0.099016588,0.032435965,-0.15267246,0.026276208,-0.024085945,-0.021603479
cop_0423,752,1468.373745,1000,1.6701095,-0.081032364,1.0580966,1.6827519,-0.094687495,1.0478105,1.3863404,-0.10321871,1.1180316,0.055494594,-0.19960644,1.4318939,0.024039788,0.035130295,0.074296968,0.0059862868,0.063816443,0.26576785,1.643255,-0.061113878,0.69569622,1.64348,-0.088264613,0.70222457,1.3591387,-0.081028138,0.7000719,0.05414522,-0.15887667,0.93983199,0.023669196,0.02821711,-0.077917307,0.0058933563,0.049639698,0.11549778
cop_0424,338,471.784237,1000,1.6040217,0.033672456,0.49417665,1.6173391,0.010402543,0.51727531,1.3074546,0.0048183803,0.52257159,0.23020129,-0.087470588,0.43334787,0.057019663,0.025734756,-0.024229999,0.014486621,0.013315791,0.078627325,1.5803907,0.045008037,0.24826516,1.5501411,0.012801506,0.27510071,1.2914118,0.019315161,0.28171085,0.22783547,-0.056766125,0.26026333,0.055598082,0.02926865,-0.12400555,0.01421085,0.0020284265,-0.04266614
cop_0425,418,580.0970135,1000,1.612746,0.043725339,0.4541081,1.6033608,0.021185924,0.47654512,1.341384,0.029491856,0.46640362,0.17118999,-0.03280791,0.5076841,0.015425406,0.031019033,0.050445776,0.0030518681,-0.026196398,0.22524561,1.597985,0.047561746,0.27041119,1.5562885,0.02086049,0.29396539,1.3180304,0.031069133,0.28597458,0.16730523,-0.016304445,0.31187951,0.014289781,0.044577004,-0.13220969,0.0029323957,-0.01405398,0.046922186
cop_0426,446,620.5147098,1000,2.1268507,-0.087485114,1.7605008,2.1696426,-0.10056348,1.7561382,1.7864179,-0.10692882,1.6972398,0.32327954,-0.36754362,1.5614922,0.092382399,0.046606132,0.040435991,0.024847144,0.094505614,0.33999098,2.0803582,-0.07246326,1.2207852,2.0689404,-0.096765906,1.2024395,1.7327031,-0.10677742,1.2668612,0.31582006,-0.31576791,1.0524373,0.089485438,0.03385424,-0.070871792,0.024333334,0.084987747,0.18182591
cop_0427,292,424.8672921,1000,1.3657383,0.04290948,0.26553197,1.3399021,0.02755729,0.28927885,1.127064,0.037775507,0.29258711,0.055928577,0.013774333,0.33437132,0.0059454955,0.16594249,0.011726094,0.00032039029,-0.034483674,0.1300716,1.3377203,0.045086147,0.1208579,1.3031771,0.018681774,0.15861645,1.0941568,0.023860636,0.14293372,0.054233162,0.018497291,0.1827634,0.0054751535,0.14997801,-0.25235471,0.00030512447,-0.022961152,-0.036154721
cop_0428,582,837.4127753,1000,1.6738574,0.028859816,0.53999193,1.6682224,0.010956801,0.56368226,1.3956166,0.021779491,0.55293794,0.13560502,-0.046862777,0.6502253,0.050022714,0.10478298,0.088980515,0.010650154,-0.026986742,0.12679543,1.6555588,0.035112877,0.29384482,1.5980394,0.017178535,0.34100353,1.3582173,0.019461362,0.3385882,0.13209056,-0.032200331,0.38399832,0.046831203,0.09179654,-0.072519258,0.010276446,-0.022352753,0.0010490519
cop_0429,749,1453.881652,1000,1.3309953,0.047895278,0.18283562,1.3142275,0.024077906,0.20544559,1.0841069,0.036887277,0.19671298,0.047310786,0.013191057,0.26343262,0.044565224,0.087049741,0.039225179,0.0090049276,-0.028928323,0.061442566,1.3114788,0.050560431,0.086463778,1.2822877,0.022765477,0.11578069,1.0636655,0.033475814,0.080022511,0.046022613,0.006056156,0.11934813,0.041643394,0.060824899,-0.17174744,0.0086354336,-0.024947211,-0.084093994
cop_0430,45,163.2017071,1000,1.1488968,0.084401154,0.10772021,1.1236568,0.058345221,0.13000245,0.92192517,0.076918494,0.11254554,0.042336218,0.047065875,0.15952402,0.008954672,0.025366439,0.043705121,0.0019825231,-0.041882704,0.08585687,1.1248845,0.082036343,0.038742127,1.0962949,0.054365219,0.020829706,0.90787212,0.07088167,0.010730128,0.041398421,0.032380155,0.066102555,0.0083869669,0.020527198,-0.11276758,0.0019090399,-0.037653414,-0.0060492325
cop_0431,966,4926.627711,1000,1.776811,0.056926355,0.37559048,1.7805855,0.046467666,0.39826576,1.44571,0.043263304,0.38591586,0.011707801,-0.054747453,0.5086985,0.017672567,0.049084067,-0.057878623,0.0030647063,0.00071863823,0.067379778,1.7379492,0.056300055,0.19339208,1.6951987,0.038754712,0.20928563,1.4141928,0.041848765,0.20260673,0.011470355,-0.05744136,0.2854974,0.016998551,0.046678749,-0.20359884,0.0029855538,-0.0037278428,-0.052149818
cop_0432,149,270.4998887,1000,1.4277045,0.063004644,0.21590375,1.429907,0.039682426,0.23370176,1.1437107,0.042320567,0.21967221,0.15988052,-0.0059319536,0.22760353,0.03444036,0.0127825,-0.067699038,0.0088906442,0.0020027371,0.04365849,1.4175943,0.059155576,0.1103339,1.3905368,0.041740923,0.10884363,1.1347486,0.036394276,0.12450193,0.15823138,-0.010298885,0.11722305,0.033896901,0.0090718675,-0.17221098,0.0086913523,-0.00046547426,-0.052671015
cop_0433,871,2469.601008,1000,1.5224565,0.030217869,0.4024473,1.5167347,0.010313526,0.42388594,1.2387818,0.010502123,0.42094023,0.050000181,-0.04496593,0.48317811,0.013006107,0.053407695,-0.092787254,0.0010709415,-0.010634063,0.022177926,1.4780725,0.041428528,0.21386756,1.4612886,0.015991751,0.22555966,1.2110362,0.022031074,0.22421245,0.048788593,-0.018393658,0.28110739,0.012149833,0.044265224,-0.27168436,0.0010374298,-0.00088562306,-0.072227191
cop_0434,405,563.3233434,1000,2.1614338,-0.092378358,1.8467544,2.1972484,-0.11071669,1.8254897,1.8171189,-0.10964171,1.8061126,0.32604773,-0.39301457,1.6998975,0.024978002,0.047117792,0.025548594,0.0034504393,0.043148146,0.33599876,2.0688825,-0.080989559,1.2449971,2.0548176,-0.10462975,1.2891223,1.7338678,-0.10233412,1.2323217,0.31338353,-0.33053114,1.2111304,0.023196555,0.057049641,-0.15193905,0.0033052406,0.042477721,0.12883069
cop_0435,60,184.3102569,1000,1.8389051,0.052972979,0.46443258,1.8263426,0.029194384,0.49343808,1.5338906,0.049442349,0.47449493,0.28284256,-0.053458493,0.36130937,0.097994416,0.071379688,-0.024426692,0.022695677,-0.023037513,0.096708636,1.7916669,0.070046681,0.2500051,1.7732682,0.051055857,0.27601583,1.4990371,0.050769391,0.28076835,0.27357068,-0.029677341,0.18744136,0.09329596,0.06093992,-0.14118229,0.021804962,-0.010916773,-0.029868361
cop_0436,731,1350.70851,1000,1.8942357,0.017901687,0.79063762,1.9053655,0.0021922096,0.80148174,1.5708084,-0.0057493492,0.82703407,0.063140585,-0.088982864,1.0013867,0.020082805,0.051611851,0.021475549,0.0044058046,0.037648847,0.14452932,1.8490394,0.028224898,0.45269828,1.8386858,0.005898544,0.48387272,1.5310645,0.0087938707,0.48014946,0.061322716,-0.055365086,0.6018613,0.019563453,0.034986981,-0.094032937,0.0043373092,0.029136431,0.0060488815
cop_0437,94,228.2127449,1000,1.224738,0.053961327,0.1671546,1.2054088,0.028366,0.18950582,0.99669113,0.044567217,0.18104629,0.17844145,0.010721997,0.18678763,0.07705818,0.052056036,-0.00081460561,0.018451956,-0.059269254,0.032289204,1.2006058,0.057605194,0.056028947,1.1611635,0.023618423,0.076933126,0.97853323,0.045934405,0.069311766,0.17428551,0.011928059,0.07366661,0.073270679,0.029283376,-0.13502411,0.017809334,-0.044665767,-0.074732004
cop_0438,157,276.9851272,1000,2.13934,0.031950997,1.0536166,2.1339967,0.014100455,1.0838724,1.7635544,0.011638992,1.0708753,0.31281446,-0.20443805,0.84903031,0.033364137,0.02040533,0.00088163705,0.0092106163,0.069742647,0.28409006,2.077726,0.042677995,0.67444545,2.0580028,0.017673706,0.70108906,1.7288998,0.017755878,0.68421875,0.30801783,-0.16311022,0.53934696,0.032423038,0.01207585,-0.14286896,0.0089923525,0.074525156,0.1381944
cop_0439,62,186.2254928,1000,1.4117864,-0.021596567,0.65088712,1.4119058,-0.03704102,0.65863887,1.1664917,-0.035797053,0.65298426,0.086001127,-0.11451409,0.82835384,0.03966387,0.01260767,0.10880139,0.0092720751,0.020219494,0.34431733,1.3770699,0.0068374472,0.31332138,1.3538596,-0.022539287,0.3454062,1.137087,-0.0078710193,0.37167504,0.083169094,-0.074939558,0.4373718,0.037869375,0.02413268,-0.062988558,0.0089967577,0.019249987,0.15938041
cop_0440,860,2358.182056,1000,2.7182369,-0.017882724,2.116946,2.7582592,-0.031400737,2.0751433,2.3112247,-0.043624753,1.9858486,0.032530794,-0.22064788,2.1850852,0.040113988,0.068599799,0.095043692,0.0086927285,-0.049409541,0.43783035,2.5903964,-0.011501436,1.3221692,2.586422,-0.027111094,1.3795315,2.199709,-0.033002831,1.3290457,0.030673895,-0.17477734,1.528057,0.038571149,0.069496484,-0.052407626,0.0084992962,-0.043561298,0.26243921
cop_0441,234,355.6604295,1000,1.6451966,0.070155483,0.22552661,1.6283437,0.050607481,0.24155783,1.359256,0.058995325,0.23634542,0.16180255,0.040833176,0.25958013,0.036584549,0.074147092,0.03157309,0.0062788583,-0.020694564,0.055967546,1.6134822,0.064711107,0.13143749,1.5737745,0.042062127,0.14892127,1.327983,0.058108168,0.15221333,0.15768494,0.039462896,0.15767978,0.034717842,0.067204382,-0.16714815,0.0060358202,-0.026633336,-0.071436936
cop_0442,115,246.2969473,1000,2.2709953,0.032613647,1.0818602,2.2743369,0.012285293,1.1092078,1.8910919,0.01506927,1.0559895,0.17099945,-0.11837009,1.1291122,0.03020891,0.054147711,0.043732624,0.00827284,0.08344485,0.28865318,2.2246956,0.019258858,0.66652579,2.1632807,0.010368503,0.73965597,1.8555611,0.0088440498,0.68593383,0.1672211,-0.093269644,0.7921234,0.028856657,0.056813545,-0.0995661,0.0080032764,0.083120383,0.11035732
cop_0443,32,152.1905271,1000,1.11715,0.078969124,0.079383429,1.1085062,0.063434676,0.089695491,0.90926756,0.070101645,0.089388793,0.035682071,0.057551997,0.15207806,0.016061024,0.031090441,0.031234631,0.0029823341,-0.054079861,0.074981519,1.106932,0.078326027,0.031665303,1.0734626,0.05057801,0.036113942,0.89277597,0.066256459,0.034680624,0.034725611,0.055223012,0.060295349,0.015174086,0.013767737,-0.14160189,0.0028660369,-0.053066407,-0.035530967
cop_0444,961,4602.005123,1000,2.7390691,-0.015425815,1.8735271,2.7769205,-0.019568127,1.8418034,2.2951507,-0.043342364,1.8317361,0.07903847,-0.16949051,1.8155251,0.049973166,0.062900684,0.050651298,0.012288604,-0.053039133,0.40441314,2.6393483,-0.0084521071,1.3015593,2.5985783,-0.015884427,1.374162,2.211241,-0.032538652,1.3206402,0.076274731,-0.14006937,1.3309495,0.04838332,0.055932922,-0.07215566,0.011832994,-0.051145562,0.21034879
cop_0445,126,255.5264877,1000,2.1604015,0.052408701,0.34549831,2.1717934,0.042017914,0.35994344,1.7391717,0.045647155,0.33059108,0.069422708,-0.027767063,0.41431279,0.018559774,0.057651427,-0.0039414833,0.0052224501,0.0450198,0.14205084,2.1283683,0.051367165,0.1949517,2.0840945,0.036110376,0.19981685,1.7229965,0.043564911,0.17166076,0.068427717,-0.029412305,0.26231191,0.018134059,0.056161857,-0.095164598,0.0051526287,0.035121692,0.025127609
cop_0446,184,297.9526583,1000,1.3367026,0.041050889,0.27361826,1.3225305,0.015050255,0.30313862,1.0970207,0.021218913,0.29890607,0.20395831,-0.006642795,0.3172875,0.031823109,0.0058017196,0.068101996,0.0067426053,-0.032707066,0.16679612,1.3102179,0.041176192,0.16191408,1.2772285,0.013059368,0.17615304,1.0696366,0.029104266,0.1695855,0.19801687,0.0052264565,0.14649408,0.029654713,-0.0021409516,-0.13470963,0.0063790388,-0.032434084,0.020757083
cop_0447,799,1796.370198,1000,2.1179937,0.042707717,0.72019114,2.1231436,0.030776763,0.7455852,1.7821041,0.039414456,0.71748809,0.029604828,-0.041743026,0.89325617,0.011083245,0.097213245,-0.015353454,0.001616986,0.020971245,0.11018932,2.0698651,0.034436114,0.4442768,2.0373236,0.022079591,0.47967259,1.7280144,0.026088025,0.46752104,0.028734035,-0.041366342,0.61759458,0.010545377,0.081170929,-0.14892359,0.0015758777,0.016640701,-0.014255715
cop_0448,601,867.568161,1000,1.7730858,-0.043955524,1.0329555,1.7891757,-0.065860203,1.0363618,1.4904842,-0.060112785,1.0545471,0.018992424,-0.14619473,1.4022067,0.0071630328,0.084158511,0.071988944,0.00086528875,-0.0055540093,0.28534939,1.7155217,-0.02948473,0.6871883,1.6978196,-0.069821494,0.69171224,1.4416874,-0.055143082,0.70060235,0.018271016,-0.14224024,0.89587072,0.0066672765,0.071436304,-0.13625429,0.00083111687,-0.0016467461,0.10697552
cop_0449,267,398.3330749,1000,1.4053493,0.031727888,0.26644809,1.4163966,0.016686816,0.29854248,1.1336381,0.018344882,0.30843692,0.016245109,-0.066651695,0.31676199,0.0034174909,0.044565583,-0.1337417,0.00020351024,-0.026201754,-0.0030042481,1.3803334,0.039735092,0.14080443,1.3731545,0.015387283,0.14004461,1.1154384,0.022226969,0.15435911,0.015998909,-0.064959615,0.14921621,0.0031318744,0.035586251,-0.29434478,0.00019574135,-0.024980858,-0.10013584
cop_0450,886,2570.155931,1000,1.5102706,-0.010591218,0.58300459,1.4996679,-0.028038567,0.61507445,1.2573791,-0.018777962,0.5928169,0.022265873,-0.11404234,0.84663716,0.034102356,0.06762325,0.075725288,0.0053794811,-0.047067674,0.23240328,1.4811055,0.017627527,0.34977723,1.4432952,-0.015510408,0.37996058,1.2289517,0.0036834336,0.36959555,0.021472134,-0.091589971,0.55683226,0.031211354,0.053781475,-0.13073367,0.0051160562,-0.03957305,0.060639663
cop_0451,294,424.9891389,1000,3.1798302,-0.014365325,2.4147193,3.258067,-0.027672845,2.4899634,2.7049817,-0.026870933,2.3075632,0.26443534,-0.37819806,2.0370007,0.040531661,0.013491359,-0.016964586,0.0099411741,0.15699433,0.50541474,3.0242199,-0.015928508,1.7115005,2.9832094,-0.030084418,1.7157005,2.5554379,-0.027571627,1.7149515,0.25334191,-0.2867034,1.501806,0.039502756,0.0098362256,-0.1438239,0.0097632901,0.13407572,0.30492004
cop_0452,135,260.0644354,1000,1.8546851,0.053644781,0.25946924,1.8502006,0.043833648,0.29540093,1.485484,0.052291973,0.26181197,0.022029264,-0.050429103,0.35214117,0.0078458334,0.026506777,-0.057594288,0.0015423405,0.030786285,0.080605018,1.8422454,0.055726587,0.15629668,1.8040346,0.038453508,0.17441466,1.4763395,0.038932341,0.16496172,0.021766004,-0.051146338,0.18339335,0.0076100374,0.02597557,-0.16608674,0.0015008401,0.02486944,-0.023695534
cop_0453,587,842.3821828,1000,1.3939604,0.046365609,0.30529461,1.3588273,0.026263557,0.32756215,1.1445191,0.032854773,0.30801851,0.050611695,-0.0051520836,0.38679438,0.022749661,0.060958574,0.081700271,0.003079879,-0.062655205,0.12063284,1.3801517,0.046255812,0.16949198,1.318771,0.018921403,0.18103509,1.1231154,0.032906115,0.16846161,0.049047897,-0.0064662109,0.20403477,0.02145977,0.045017757,-0.16096611,0.0029575431,-0.051259956,-0.025114925
cop_0454,256,388.5300782,1000,1.5906021,0.056881479,0.26580494,1.5799235,0.035222385,0.27788462,1.3186065,0.049512952,0.2869172,0.18854779,0.0081931565,0.30172231,0.042373081,0.023032317,0.071484915,0.0087940034,-0.040159738,0.11875971,1.5635444,0.055172099,0.11389511,1.513837,0.026803621,0.15290339,1.292493,0.041153296,0.12946571,0.1840122,0.014655603,0.14924432,0.040411007,0.011925533,-0.11272998,0.0084389251,-0.026962733,-0.011087351
cop_0455,625,929.3956442,1000,1.4507714,0.049376407,0.26402122,1.4639355,0.025965382,0.28853773,1.1858239,0.037406567,0.27270459,0.10523476,0.00054023284,0.33220235,0.0080080826,0.053294557,-0.081337623,0.00090754612,0.014445102,0.063548307,1.4321061,0.053393634,0.1158918,1.4133113,0.025433801,0.12721998,1.1638347,0.02822365,0.13397536,0.10290794,0.011585961,0.14976215,0.0076778022,0.041911023,-0.26258742,0.00087885612,0.013321479,-0.082604117
cop_0456,500,705.1595674,1000,3.5123946,-0.011557822,2.4890711,3.5843635,-0.012143597,2.4862184,2.9842956,-0.03469056,2.3766091,0.17780103,-0.23761136,2.2042881,0.011842605,0.0062470713,-0.047305421,0.0025184639,0.19291759,0.58072881,3.3602633,-0.026110439,1.7409815,3.3421095,-0.030982084,1.865673,2.8621349,-0.03706051,1.6859846,0.16977849,-0.19073433,1.6612542,0.011361004,0.0079981426,-0.15521001,0.0024578322,0.18118865,0.36682882
cop_0457,162,282.5419494,1000,1.5439733,-0.035711868,0.75809265,1.556656,-0.049605361,0.79118933,1.2859195,-0.047002577,0.79500641,0.17521574,-0.1392955,0.84339611,0.05138312,0.052942631,0.10006204,0.012359998,0.00061919084,0.25589953,1.4823368,-0.00056621808,0.39780734,1.4846014,-0.033161895,0.43114586,1.2409391,-0.021824938,0.41690749,0.16923271,-0.089451348,0.49740715,0.048134448,0.039912282,-0.084078452,0.011733814,0.0024600628,0.072755719
cop_0458,386,527.0245429,1000,2.1976151,0.020177728,0.65560555,2.2335213,0.0085945116,0.65038424,1.8024673,0.0092589037,0.66229998,0.11886913,-0.08134882,0.75710611,0.044419034,0.061403395,0.0014787134,0.011285827,0.0702774,0.16449863,2.1382616,0.040215385,0.3908675,2.1272636,0.015227642,0.38406384,1.7768161,0.028123259,0.38624244,0.1168836,-0.050277535,0.43805325,0.04367451,0.041924279,-0.12620344,0.011132906,0.054823933,0.011439727
cop_0459,730,1348.625963,1000,1.4163366,0.014140247,0.39748249,1.405073,-0.0026993733,0.40905454,1.1621226,0.00078541142,0.4339355,0.018343018,-0.076175832,0.59554009,0.015154683,0.07326966,0.046182283,0.0024704676,-0.021019842,0.181905,1.3793543,0.015784955,0.22480756,1.3421265,-0.0051712599,0.22098801,1.1427532,-0.0017642815,0.23297911,0.017814068,-0.055677606,0.35866123,0.014298228,0.054100906,-0.16835977,0.0023770814,-0.026894191,-0.0036451197
cop_0460,606,878.4247401,1000,1.5941337,0.024839901,0.43525248,1.5934519,0.010541906,0.45010921,1.3031173,0.0052475169,0.44389225,0.076041069,-0.04909424,0.60962765,0.035098236,0.034556266,-0.019817427,0.007833716,0.017512779,0.07882011,1.5649975,0.04496499,0.24574637,1.546592,0.018061116,0.27874787,1.2898417,0.018385537,0.27867541,0.075470409,-0.028074257,0.38441126,0.034128598,0.022433909,-0.16197882,0.0076568659,0.023321751,-0.02540175
cop_0461,22,127.8719615,1000,1.4124319,-0.057894339,0.84443388,1.4005873,-0.077357884,0.85010107,1.1639728,-0.08018587,0.85152552,0.014830088,-0.15008385,0.50681199,0.0053619481,-0.052266734,-0.16391041,0.00017763653,-0.034302046,0.083913297,1.3581544,-0.031593891,0.3859313,1.3245132,-0.056703034,0.43306155,1.1279407,-0.04708457,0.43426458,0.01445612,-0.1342397,0.25945482,0.0051187425,-0.031727955,-0.41086756,0.00017334707,-0.034181011,-0.080655805
cop_0462,872,2472.217299,1000,1.2914662,0.020817871,0.43002221,1.2679543,-0.0062389497,0.48521095,1.0549463,0.011251987,0.4758188,0.029374565,-0.053683246,0.68815377,0.012374182,0.10119027,0.023125041,0.0015408692,-0.03135563,0.1884804,1.2753666,0.034948814,0.25892097,1.2222448,-0.0019287066,0.26441697,1.0349543,0.013342155,0.26203654,0.028595541,-0.049831977,0.3739974,0.0117266,0.065547089,-0.15236916,0.0014744159,-0.0086443024,0.061164314
cop_0463,838,2132.402817,1000,3.1913778,-0.0088384176,2.2927931,3.1635799,-0.010545058,2.3755192,2.6829742,-0.017235513,2.2109402,0.24339669,-0.34580414,1.9197275,0.036157918,0.023050361,-0.077615632,0.0054567209,0.03769482,0.20576429,3.0333364,0.0048619824,1.5038012,3.0004144,-0.015355046,1.5587238,2.549721,-0.0092951161,1.4363977,0.23498466,-0.27483349,1.2986254,0.034912752,0.005251837,-0.22178697,0.0053065668,0.041827022,0.05669409
cop_0464,273,402.685669,1000,3.5751807,0.017395768,2.5836584,3.571141,0.0010327865,2.5503399,3.0428398,-0.0016356468,2.4399044,0.249193,-0.33617792,2.0501634,0.062190595,0.026917774,0.0059195491,0.016876492,0.17795814,0.39992102,3.4250757,0.008737585,1.8768804,3.3690147,-0.015636068,1.911194,2.9181583,-0.0090611888,1.7915326,0.24054178,-0.26204252,1.6057418,0.059797951,0.026440871,-0.10740679,0.016225386,0.17340729,0.26960297
cop_0465,724,1325.559434,1000,1.6303891,0.061127392,0.22751134,1.6060166,0.048995678,0.26212328,1.3513057,0.052394755,0.25212455,0.030333779,0.013538377,0.30741924,0.020212103,0.066018537,0.043078566,0.003118211,-0.040263264,0.094566741,1.617925,0.065172135,0.13951391,1.5790746,0.040688065,0.13710755,1.3200625,0.053806235,0.15011214,0.029486158,0.019438529,0.20856931,0.018821416,0.072710675,-0.14161728,0.0029777777,-0.026457422,-0.021148752
cop_0466,703,1245.346198,1000,1.3172199,0.031575029,0.28597701,1.3045865,0.014439879,0.29357022,1.0857193,0.022635167,0.28770237,0.02381082,-0.027023465,0.43388773,0.026776188,0.088868024,0.077431758,0.0049473944,-0.036251795,0.1173085,1.2964238,0.049137597,0.16321403,1.2573039,0.02141304,0.18852994,1.0652684,0.030720331,0.17568751,0.023044297,-0.0093301949,0.25694166,0.0253968,0.074047408,-0.11229778,0.0048278769,-0.033064402,-0.029719596
cop_0467,751,1456.980394,1000,1.9481014,0.045748494,0.50254532,1.9298823,0.037204505,0.52340573,1.6119229,0.037055836,0.51316731,0.019780448,-0.017618424,0.39303776,0.018580335,0.13842124,0.042116837,0.0024734826,-0.058270772,0.12475765,1.9068469,0.047232564,0.33582476,1.8772922,0.026804999,0.35396164,1.5841335,0.033778587,0.35532921,0.019170499,-0.020195124,0.25432431,0.017667035,0.094728592,-0.10571678,0.0023879655,-0.04304688,0.0060929072
cop_0468,676,1112.41613,1000,2.1712552,-0.082134235,1.5586519,2.1937747,-0.092231459,1.5312238,1.8215151,-0.10031424,1.5470796,0.017170232,-0.18917243,1.2943524,0.0043596067,0.021417609,-0.036110677,0.00042405233,0.014054874,0.22046273,2.0902676,-0.06016535,1.0593689,2.087701,-0.084603262,1.1014524,1.7576696,-0.08973355,1.0353485,0.016686517,-0.17148867,0.88491132,0.0041465545,0.01488134,-0.18707469,0.00041255691,0.0027116176,0.067507603
cop_0469,178,295.2068956,1000,2.3006643,0.054431811,0.54932983,2.3184214,0.046620436,0.56490679,1.8772382,0.045382306,0.54563629,0.18401471,-0.069316072,0.53753193,0.070970279,0.049132859,-0.024871256,0.019202547,0.070766225,0.14704438,2.242126,0.051281123,0.35861914,2.2178903,0.046091272,0.37552082,1.8391128,0.032048639,0.33109807,0.18139735,-0.062185562,0.36003514,0.070321628,0.043732786,-0.15541518,0.018984243,0.055431494,-0.0071083132
cop_0470,105,234.8065997,1000,1.4529129,0.051517596,0.36033844,1.4545765,0.032069527,0.3875429,1.2039286,0.036483265,0.38628628,0.077687422,-0.0039777955,0.44996058,0.022721318,0.03167446,0.11572902,0.0053309315,-0.028382742,0.21979688,1.4173449,0.050982523,0.18390873,1.397586,0.031492123,0.22288681,1.1735398,0.034359638,0.20042449,0.07533321,0.0036836173,0.24555369,0.021251553,0.019240672,-0.054167653,0.0050574309,-0.035648377,0.022590383
cop_0471,622,915.7990714,1000,2.4479334,-0.023370785,1.6786065,2.4612145,-0.047927426,1.6719663,2.0805458,-0.044770653,1.6154856,0.019143265,-0.15726823,1.6191538,0.0076264349,0.054437814,0.010784518,0.0010855993,0.030810078,0.30018767,2.3504079,-0.0076242841,1.1234104,2.3299851,-0.035445272,1.1561784,1.9863024,-0.03193021,1.1157992,0.018481572,-0.13327331,1.111995,0.0072997946,0.052455083,-0.12078322,0.0010643508,0.023433297,0.1613855
cop_0472,351,484.9587731,1000,1.7195713,0.025066947,0.63009889,1.7042468,0.0012330618,0.65289559,1.4085434,0.0080901776,0.65826616,0.23156108,-0.10590498,0.6138788,0.036188484,0.035822883,0.0061422387,0.0053979485,0.0011924592,0.13384548,1.6667867,0.024314455,0.32063683,1.6338068,0.0054013908,0.34751638,1.3734376,0.011992133,0.34603776,0.22447337,-0.061562926,0.36401311,0.033640409,0.031827949,-0.17908232,0.0051026274,0.0011940779,-0.056839176
cop_0473,477,670.5596958,1000,1.9062064,0.030260387,0.61316681,1.9187923,0.024442783,0.63410905,1.5769625,0.016624058,0.6429247,0.016205955,-0.044328197,0.90226485,0.0049602541,0.05984753,0.015256752,0.0010897766,0.028375566,0.13062022,1.8554065,0.045377347,0.36970317,1.8368779,0.024315031,0.39845634,1.5513459,0.034463907,0.39087976,0.015912752,-0.045885235,0.4923812,0.0047247323,0.048242778,-0.13746855,0.0010478987,0.011022689,0.0026058923
cop_0474,866,2410.058448,1000,1.5085358,0.041455662,0.28266125,1.5056099,0.013605133,0.30384423,1.2500916,0.029293257,0.288237,0.084849855,-0.0044986011,0.37207669,0.032542774,0.089481628,0.034609884,0.00426104,-0.038953508,0.08923479,1.4802675,0.051060494,0.14166067,1.4571254,0.024815688,0.16676241,1.2284098,0.031480904,0.15699331,0.08202732,0.010751258,0.21677519,0.030118314,0.060127246,-0.16678396,0.0040537909,-0.025217292,-0.062917802
cop_0475,383,525.3097979,1000,2.2142782,-0.070751044,1.6689636,2.2260316,-0.08113919,1.6979339,1.8652869,-0.090558922,1.6404434,0.087785418,-0.17340932,1.7531488,0.015475425,0.080962385,0.072104841,0.0024057839,0.063151538,0.53450254,2.1193091,-0.050279864,1.1159965,2.1171151,-0.077080125,1.1614305,1.806293,-0.069126894,1.1424613,0.084831903,-0.16766357,1.2409612,0.014703137,0.06137247,-0.10106256,0.0022977871,0.044907241,0.33733507
cop_0476,687,1162.901601,1000,1.2175192,0.056970271,0.12657857,1.2184256,0.03080129,0.15583892,0.97737743,0.040998878,0.13849152,0.022199409,-0.04484883,0.19107535,0.008036135,0.0055743844,-0.065361125,0.0011545717,-0.016999538,0.0098969949,1.2010183,0.047110784,0.060802085,1.1725791,0.017679476,0.065567511,0.96220467,0.028095007,0.054311797,0.022008668,-0.052021184,0.080683489,0.0077597829,-0.00029627287,-0.22430937,0.0011396532,-0.020539382,-0.11490355
cop_0477,64,187.5980898,1000,1.3976211,-0.019004628,0.62646646,1.402252,-0.034906479,0.67756677,1.1497582,-0.039403726,0.66478096,0.07562304,-0.12252421,0.89827378,0.027595303,0.049892933,0.13205431,0.0060223829,0.0049624576,0.28290778,1.3657187,-0.001406169,0.39619926,1.3416593,-0.018892072,0.4157818,1.1244451,-0.013351624,0.41122072,0.073988486,-0.070608287,0.54965305,0.026377922,0.04883912,-0.038702321,0.0058312137,0.0093400243,0.13479524
cop_0478,836,2124.608861,1000,2.0092083,0.050230794,0.66996572,2.0358326,0.038030994,0.68432358,1.644166,0.032575084,0.69698284,0.1230826,-0.064991927,0.77067636,0.067945786,0.02700468,-0.037404033,0.015472928,0.010752652,0.071809644,1.977255,0.049591735,0.40977895,1.9370258,0.036961395,0.44718245,1.6215534,0.034506637,0.43949006,0.12169536,-0.059998985,0.48979147,0.066230146,0.043388178,-0.14082808,0.015099839,0.0087231689,-0.046365208
cop_0479,496,702.1968044,1000,1.6009804,0.06773908,0.21516929,1.5829399,0.045731582,0.24824464,1.3184958,0.059144956,0.22939851,0.22676373,0.027108573,0.1963014,0.060416717,0.11683457,0.069581632,0.010277777,-0.070908188,0.084333441,1.5710014,0.073461688,0.11926829,1.5244635,0.043085821,0.13966767,1.2905712,0.058584647,0.12228537,0.22250491,0.034999598,0.097546063,0.056967808,0.082851393,-0.12780944,0.0099089243,-0.041918027,-0.057532786
cop_0480,922,3138.400705,1000,2.275158,0.031756698,0.92561154,2.2650041,0.015344948,0.97637803,1.9012066,0.016582246,0.89963618,0.054468183,-0.10621706,1.1147607,0.045995659,0.060846764,0.034299505,0.0102557,-0.021146818,0.19053262,2.2036146,0.033681011,0.58589624,2.1712401,0.011337978,0.63333728,1.8306236,0.02061787,0.61293017,0.051989579,-0.095896558,0.67451792,0.043741213,0.038512467,-0.10903363,0.0098428138,-0.0052561557,0.051897138
cop_0481,382,524.5902837,1000,1.6638103,0.067913224,0.33553346,1.6634119,0.046706087,0.3747405,1.3655241,0.048964995,0.37869365,0.17678322,-0.00082694901,0.37598502,0.067562527,0.059393303,0.032309197,0.013833068,-0.018901652,0.057559337,1.6337234,0.061437635,0.17920285,1.6180039,0.042208745,0.19089431,1.341888,0.042884755,0.21325652,0.17322976,-9.5157245e-05,0.23291031,0.065012847,0.069216958,-0.13538142,0.013628008,-0.016749343,-0.068793011
cop_0482,479,673.3505579,1000,2.7443563,-0.040083141,2.1758534,2.8050497,-0.038113714,2.2462996,2.3550987,-0.04871673,2.0531352,0.18652339,-0.29057206,2.0545723,0.050258939,0.047291349,0.046843351,0.01077206,0.08737397,0.33967707,2.63393,-0.0091333805,1.422494,2.6142838,-0.036309467,1.4781362,2.2496544,-0.026666016,1.4158198,0.17815723,-0.22570824,1.4699289,0.048214264,0.042528526,-0.087073038,0.010415545,0.088167888,0.21914142
cop_0483,821,2001.024079,1000,1.7196389,-0.054072239,0.99783289,1.7156351,-0.076331119,1.0353776,1.4320096,-0.071860161,1.0066156,0.013277716,-0.17683319,1.1605932,0.0091057243,0.10163008,0.025460769,0.0010587834,-0.04925227,0.26332514,1.663331,-0.032825216,0.63504245,1.6511242,-0.062114348,0.69978159,1.3792047,-0.050927933,0.64871627,0.012745682,-0.15428488,0.78062456,0.0083739045,0.088204253,-0.17253406,0.001013752,-0.042087583,0.096993444
cop_0484,374,510.9855367,1000,1.2669733,0.059873522,0.14179175,1.2539756,0.034871071,0.19088716,1.0247818,0.04203307,0.1696489,0.13743014,0.022309917,0.16437938,0.0098066289,0.095242824,-0.027087655,0.00091730397,-0.019430389,0.019829309,1.2616297,0.068860305,0.07112888,1.1982316,0.044804305,0.073588236,1.0043263,0.044858833,0.085382944,0.13474175,0.028369237,0.081315886,0.0093527449,0.071993571,-0.21936373,0.00089876973,-0.01434827,-0.083144226
cop_0485,456,636.9792456,1000,2.8570186,0.0099544478,1.8822587,2.8810842,0.01055088,1.9465532,2.4090417,-0.0016776946,1.8145117,0.3731039,-0.32987005,1.3495853,0.029706875,0.0020060988,-0.048813416,0.0046610146,0.043564297,0.2162932,2.715119,0.025002936,1.2483322,2.6569814,0.0040349343,1.3116022,2.2752569,0.0031144292,1.2012602,0.35779055,-0.27127087,0.87612722,0.028860907,0.0060144518,-0.19365955,0.0045127142,0.050101905,0.10349029
cop_0486,396,547.6082319,1000,1.3440234,0.058597256,0.18544426,1.3240764,0.039259776,0.19964196,1.1082036,0.048774698,0.20798413,0.21714257,0.011676893,0.20265668,0.0063652727,0.10688632,0.030316247,0.00092118846,-0.034949739,0.089406431,1.3199571,0.064183662,0.064047473,1.2832148,0.042599186,0.064102968,1.0894028,0.056725087,0.071184516,0.21262248,0.028076853,0.075711924,0.0061126576,0.076064902,-0.13709191,0.00089005602,-0.0048202498,-0.041630339
cop_0487,501,710.2246136,1000,1.5421902,0.053859974,0.33649058,1.5442639,0.035456336,0.35034992,1.2585789,0.036265144,0.34482768,0.19959953,-0.023920875,0.32364237,0.011344598,0.0981938,-0.027982606,0.001388971,0.0020523327,0.094199566,1.5106219,0.057522468,0.16937266,1.4885368,0.034671076,0.18939922,1.2477827,0.038845562,0.18490817,0.19797697,-0.0093626137,0.18513671,0.011012107,0.08207538,-0.18416929,0.0013477523,0.0021459922,-0.034910735
cop_0488,692,1182.126289,1000,1.6566827,-0.1053742,1.2100857,1.6911194,-0.11153374,1.1576293,1.3514882,-0.12913419,1.1991612,0.22639714,-0.29036644,1.3581999,0.0070872085,0.015183343,-0.059931829,0.00078677532,0.043428568,0.27549014,1.5974805,-0.070940819,0.73926488,1.6038148,-0.091543723,0.74421949,1.3236448,-0.097940631,0.76649748,0.22070858,-0.22254492,0.88059979,0.0067331866,-0.0099765748,-0.20924055,0.00077693629,0.032947723,0.098106112
cop_0489,970,5181.04536,1000,1.9164001,-0.052676528,1.3783162,1.9514123,-0.068936156,1.3389413,1.6069344,-0.07507148,1.3446198,0.034801305,-0.22030435,1.5926495,0.025923257,0.085049297,0.038189562,0.0031538145,-0.044972115,0.24921241,1.8622292,-0.028640279,0.86285186,1.8410783,-0.048927481,0.88653533,1.5523857,-0.049296622,0.8790576,0.033292376,-0.15879052,1.0052744,0.024302507,0.068732676,-0.15133956,0.0030277568,-0.045082645,0.071752324
cop_0490,555,790.139475,1000,1.4785834,0.014409903,0.51083607,1.472399,0.0010069612,0.53377462,1.2315346,0.0070420605,0.51948179,0.17318677,-0.054926885,0.55820004,0.01219613,0.15569186,0.04138596,0.001380678,0.0096425431,0.17259041,1.4531263,0.015053014,0.29324955,1.4178905,-0.010907269,0.31634784,1.1929948,0.007203174,0.29346498,0.16702669,-0.046667033,0.37165512,0.011264659,0.10622959,-0.18020864,0.0013146458,0.00077438241,0.030280602
cop_0491,525,747.2537606,1000,1.762852,-0.086053458,1.2622781,1.7553379,-0.098818682,1.2504263,1.4732322,-0.085397022,1.2663182,0.28547265,-0.2884626,1.2475544,0.025143221,0.027409875,0.055289742,0.0035413428,-0.01220193,0.37867505,1.6887317,-0.050239895,0.69001287,1.6521168,-0.076070777,0.77397654,1.4180208,-0.066714446,0.7350705,0.27536199,-0.21076341,0.73768361,0.023497414,0.034090014,-0.17605569,0.0033381094,-0.0020796606,0.17994392
cop_0492,502,710.2769221,1000,1.8917895,0.059839478,0.52523005,1.8936689,0.043478082,0.56829421,1.5672837,0.050895023,0.54532268,0.24490332,-0.043345059,0.45124934,0.023782099,0.077854142,0.022479585,0.0034781556,-0.001296005,0.11224536,1.8571493,0.048237238,0.31523516,1.829012,0.031469182,0.34554327,1.5545617,0.024360125,0.36154924,0.2422331,-0.036956222,0.31609199,0.021799214,0.0712864,-0.14951569,0.0033302736,-0.0039929311,-0.061819082
cop_0493,638,987.6976813,1000,1.2585126,0.050598364,0.23664374,1.2340609,0.028138731,0.25713252,1.0293509,0.035382151,0.23704448,0.075436052,0.0088882629,0.2780265,0.011031423,0.11784906,-0.0081636036,0.0011167211,-0.057209347,0.11729895,1.2495239,0.047799768,0.11970764,1.2093901,0.027454036,0.13102296,1.0205747,0.035863024,0.11960838,0.073878427,-0.00094807657,0.13903768,0.010362026,0.097999579,-0.203703,0.0010753116,-0.049319168,-0.036638598
cop_0494,85,213.8379504,1000,1.6683355,0.036876434,0.55326233,1.6536859,0.013597052,0.591041,1.3951026,0.017636762,0.58395769,0.16455286,-0.044829473,0.63213274,0.067656753,0.041633449,0.076712662,0.015944496,-0.013242133,0.16853844,1.6481142,0.033127698,0.31884065,1.591914,0.014969415,0.35773588,1.3682075,0.022430669,0.33914912,0.16062086,-0.035739579,0.38653838,0.064978295,0.032224623,-0.082672456,0.015281897,-0.012749968,0.033790109
cop_0495,470,653.15088,1000,1.3891889,0.056368918,0.24544197,1.3495025,0.032976933,0.25805175,1.143538,0.043897882,0.24357259,0.11013149,0.012794503,0.3056669,0.018367864,0.11486842,0.034889193,0.0027175679,-0.029781555,0.11536396,1.3765038,0.06109508,0.13461981,1.3211312,0.031787875,0.1362359,1.1292502,0.047232548,0.13719389,0.10789484,0.014282776,0.18086462,0.017196062,0.080185106,-0.15731801,0.0026336661,-0.009806162,-0.016526713
cop_0496,778,1623.764339,1000,1.3584466,0.058306104,0.17654954,1.3552533,0.034127437,0.1811403,1.1096945,0.047616738,0.18504203,0.065449579,0.040678555,0.23984312,0.0089789082,0.12300421,-0.029737405,0.00078600915,0.013982569,0.049527781,1.3358626,0.060556503,0.053843088,1.299071,0.041633049,0.071588788,1.071715,0.047236147,0.057272078,0.062308809,0.036475588,0.095158323,0.0080536942,0.092487495,-0.26019858,0.00073271515,0.01502362,-0.10756511
cop_0497,155,274.0157826,1000,2.6420222,0.017144114,1.8512398,2.6571001,0.012077271,1.9159216,2.2388114,-0.0015545892,1.7833904,0.32244218,-0.27607365,1.3813132,0.049229004,0.029508315,0.03694396,0.011590696,0.082735648,0.2877389,2.5795517,0.013086853,1.2173185,2.5342859,0.0019029253,1.2850168,2.173925,0.0018128408,1.207594,0.31447737,-0.23256781,1.0079725,0.047408695,0.039655454,-0.11077569,0.011194007,0.074487376,0.17661944
cop_0498,111,242.5691167,1000,1.8430562,0.06936403,0.36495315,1.8430833,0.050072915,0.40523563,1.5189305,0.057968158,0.3894039,0.23754296,-0.0045360953,0.32614954,0.070951569,0.06584062,0.052158807,0.017848941,-0.026245755,0.11253765,1.7899654,0.069603524,0.21578552,1.7591071,0.047755914,0.22953281,1.471827,0.061967601,0.23366736,0.23045518,0.0046073082,0.18899789,0.066522769,0.053528922,-0.097238138,0.017036148,-0.014969636,0.0022409555
cop_0499,251,380.9810081,1000,1.8817378,0.027636442,0.61496973,1.8694997,0.011692104,0.64932909,1.5728118,0.016790302,0.61165969,0.11517881,-0.045259744,0.7789436,0.02182265,0.057168321,0.080029815,0.0047790187,0.0084838503,0.21301553,1.8231529,0.030100119,0.36570805,1.785932,0.0063623039,0.38388409,1.5204101,0.018172507,0.37417675,0.11092206,-0.034444037,0.50446786,0.020279625,0.051109727,-0.087820145,0.0045762926,0.015809433,0.081910336
cop_0500,590,850.5694108,1000,1.3471205,0.024462274,0.32938313,1.330935,0.0053900731,0.35178274,1.1029947,0.011265588,0.3450479,0.12765663,-0.025350693,0.40957588,0.051165616,0.070212894,0.036376555,0.0075465763,-0.063216,0.13173281,1.3219727,0.035248581,0.17059363,1.2932805,0.011453493,0.2046274,1.0729407,0.018293013,0.19016136,0.12345333,-0.0067522369,0.22324644,0.047349146,0.043071894,-0.13654832,0.0071079244,-0.045946671,-0.020680741
cop_0501,877,2519.369066,1000,1.6842435,0.00053758883,0.65530228,1.6657679,-0.020416312,0.69919091,1.4164668,-0.0034291802,0.66950533,0.054181211,-0.081733484,0.86991216,0.035924977,0.084486277,0.07873327,0.0064534743,-0.028525123,0.18365145,1.6399838,0.022510108,0.38217338,1.6022924,-0.011589441,0.41326268,1.3717945,0.0059480419,0.40017456,0.052125344,-0.062284394,0.53052489,0.033831395,0.052448901,-0.1249968,0.0062841146,-0.026765567,0.048760096
cop_0502,635,979.5460572,1000,1.1522643,0.066990379,0.11672158,1.1254433,0.039605864,0.13122402,0.9400947,0.061617778,0.1271896,0.08978179,0.048060465,0.16727596,0.031319418,0.082401418,-0.021064215,0.0035923377,-0.075216946,0.056659188,1.1453232,0.074672211,0.034907321,1.086562,0.049005378,0.052705966,0.92834115,0.065406312,0.041355234,0.087555066,0.051679554,0.069236639,0.029070497,0.069695043,-0.19763493,0.0034310726,-0.048431314,-0.090462767
cop_0503,661,1054.867193,1000,1.6648284,0.035688496,0.51352319,1.65334,0.013910152,0.52769324,1.3870619,0.024899252,0.5464429,0.14392531,-0.04696676,0.59343934,0.077827796,0.085591248,0.055417226,0.013845406,-0.038352806,0.16036807,1.6225586,0.04174706,0.28734042,1.586414,0.012011503,0.3012783,1.3594934,0.025746338,0.31024415,0.14086952,-0.029059321,0.36387539,0.07527565,0.067655111,-0.096383647,0.013519595,-0.033351782,0.0065948978
cop_0504,951,3970.683134,1000,1.7240114,0.0480801,0.40187266,1.7371117,0.034748397,0.42181589,1.3925276,0.031670146,0.44365968,0.031050782,-0.066683091,0.49443817,0.010613972,0.012404201,-0.11063482,0.0012040349,-0.0025714903,0.029914456,1.6869127,0.039078454,0.2530866,1.6584981,0.017109873,0.26703041,1.3696069,0.023304603,0.24880426,0.030433776,-0.07100899,0.28992212,0.010176657,0.0075060831,-0.26909304,0.0011797296,-0.004297125,-0.078448549
cop_0505,47,164.1840912,1000,1.2606108,0.052997175,0.26447492,1.2374755,0.026859318,0.29423683,1.0300885,0.039252286,0.29544627,0.026452565,-0.019788327,0.42571666,0.0094175858,0.023837848,0.085046342,0.0020589466,-0.031186855,0.22703229,1.2503807,0.059989014,0.1373557,1.2077693,0.032530474,0.14114385,1.0186938,0.045524611,0.16010232,0.025844346,-0.0019490891,0.25412602,0.0088248133,0.037070459,-0.09626402,0.0019950896,-0.011983792,0.053594738
cop_0506,575,823.687795,1000,2.1747347,0.07383235,0.55958275,2.1372074,0.055579004,0.60527237,1.8128885,0.061034322,0.5911479,0.22949438,-0.042496064,0.48048621,0.036719269,0.06689533,-0.04012773,0.0053710899,0.009775737,0.080637679,2.1191174,0.056468794,0.36219989,2.0426913,0.045324062,0.37114586,1.7569879,0.050608749,0.3520696,0.22225005,-0.028672991,0.305931,0.034996017,0.066923677,-0.17556495,0.0051418502,0.010410178,-0.045491853
cop_0507,289,421.7041213,1000,3.1124069,0.028080984,2.1220163,3.1012868,0.020355435,2.1356104,2.6312201,0.010588346,2.0120378,0.31443792,-0.3563296,1.6282921,0.049842071,-0.0077676193,-0.074709008,0.010499332,0.11501637,0.34971296,3.0070708,0.031905249,1.4269004,2.9776004,0.012286416,1.4716804,2.5323286,0.0062937172,1.4215948,0.30585596,-0.28501545,1.1396907,0.048277097,-0.0029796975,-0.19012183,0.010296917,0.10854313,0.21179817
cop_0508,241,363.0720634,1000,2.1985077,-0.0052550515,1.3115245,2.2225564,-0.027406842,1.2969054,1.8314098,-0.02763368,1.3311039,0.019371419,-0.13012442,1.6716425,0.0036496464,0.048684034,0.069913616,0.00064649491,0.13556386,0.48394798,2.1475609,0.011479937,0.85809589,2.1240063,-0.0068364218,0.90309428,1.795965,-0.011660682,0.89978195,0.018964712,-0.10311003,1.1096524,0.0034953437,0.027284199,-0.078842857,0.0006337616,0.11930892,0.27478243
cop_0509,949,3898.501683,1000,1.6395843,0.01714117,0.56140885,1.6252052,-0.0019692662,0.58468336,1.350558,-0.0057617343,0.59416591,0.065923333,-0.074767947,0.740661,0.031101703,0.028887644,-0.054162344,0.0061352416,-0.013316872,0.067605148,1.6038096,0.014457615,0.26909295,1.5654823,-0.0021337069,0.29524535,1.3208241,-0.002258139,0.30232782,0.064170792,-0.062125788,0.37392591,0.029956517,0.020699507,-0.17829157,0.0059497713,0.0039239792,-0.057185353
cop_0510,803,1829.09337,1000,1.3139636,0.03741669,0.33208773,1.2932273,0.0081090283,0.34233126,1.0834135,0.027919765,0.36053846,0.027517266,-0.022866944,0.39482629,0.027199254,0.077978448,0.077389618,0.0049178412,-0.061755247,0.13910978,1.3020262,0.041268139,0.18648614,1.2558345,0.0021392383,0.20045412,1.0754947,0.029229307,0.17372828,0.027117436,-0.018056828,0.19478365,0.025320981,0.03906057,-0.10780252,0.0048281109,-0.041907207,0.0016874463
cop_0511,624,925.673935,1000,3.0105,-0.019631338,2.3147957,3.0245669,-0.030379478,2.2602425,2.5438429,-0.03869315,2.1868189,0.13445665,-0.23550519,2.3216143,0.0016068804,0.083447691,-0.035723972,0.00019915987,0.10872385,0.55496326,2.8478134,0.003085884,1.505186,2.8561287,-0.01857749,1.6041671,2.4160785,-0.015065644,1.4658314,0.1264657,-0.17464846,1.6588723,0.0014846148,0.059822396,-0.18714833,0.00019060256,0.10226388,0.32266925
cop_0512,25,130.8134582,1000,1.2621379,0.037663459,0.30528614,1.258777,0.018593181,0.34017459,1.0294781,0.024804262,0.32768834,0.022131452,-0.026128711,0.42325269,0.011545201,0.038891117,0.02385741,0.0017506639,-0.062511011,0.17756603,1.2366853,0.05592522,0.17612112,1.2055143,0.024237873,0.18825737,1.0103362,0.03957897,0.18813422,0.021657833,-0.014222081,0.25115961,0.01073407,0.019958446,-0.14810369,0.0016852767,-0.046787523,0.028421874
cop_0513,315,448.4485411,1000,1.2806944,0.042544376,0.16575268,1.2612546,0.019977576,0.19176328,1.0514805,0.038107523,0.18092323,0.20087744,0.019709159,0.1821417,0.071076966,0.07154001,-0.017706895,0.010686598,-0.073978701,0.072210906,1.267644,0.035697145,0.083347306,1.2239153,0.008100514,0.093326423,1.0349124,0.015804784,0.082368894,0.19640314,0.014307303,0.081512528,0.066239245,0.074325589,-0.17832117,0.010165262,-0.059952862,-0.090753205
cop_0514,630,954.3224912,1000,1.6141549,0.053919855,0.26709005,1.5677795,0.032836092,0.29875962,1.3305505,0.043985911,0.29449786,0.04208673,-0.0052152377,0.34769781,0.021492188,0.080035214,0.051547979,0.0042938369,-0.033292079,0.063605136,1.5913264,0.05727671,0.12607596,1.5330333,0.040641573,0.1417764,1.3099116,0.047941901,0.12367424,0.04125358,-0.0077179114,0.18031968,0.020584926,0.067122932,-0.12511872,0.0041841644,-0.034043952,-0.051504451
cop_0515,76,202.1580976,1000,1.5661205,0.061713875,0.25672634,1.5630652,0.046314449,0.26549269,1.2862642,0.049605694,0.27001966,0.030088188,0.019578381,0.28756678,0.013329602,0.039678289,-0.024461643,0.0017197231,-0.07120801,0.14437859,1.5405974,0.058762272,0.1321971,1.5117029,0.034719447,0.15112123,1.261536,0.035018309,0.1390823,0.02932565,0.0025503386,0.14132374,0.012724918,0.023674678,-0.18030344,0.0016667704,-0.056673485,-0.0040316494
cop_0516,133,259.6140176,1000,1.8739787,0.0024651995,0.89342338,1.8804491,-0.019607536,0.91586686,1.5838567,-0.0068626125,0.88425831,0.12141506,-0.10657534,1.0343827,0.067237272,0.046781103,0.12997496,0.01480869,0.023510944,0.29561495,1.8069538,0.022588194,0.56950073,1.8017648,0.00017446457,0.58921103,1.5396568,0.0074749828,0.56801101,0.11757563,-0.058524566,0.65025391,0.062324211,0.052722601,-0.063364338,0.014333967,0.015499482,0.13649564
cop_0517,681,1135.306945,1000,1.2121763,0.062928789,0.21947854,1.1848299,0.041252593,0.25645417,0.99524959,0.058454165,0.24401304,0.066192597,0.02714008,0.29768209,0.0055798805,0.12785012,-0.050016736,0.00037570875,0.001579707,0.072266367,1.1970962,0.068470258,0.099891368,1.1541122,0.044224716,0.10257162,0.97378688,0.059945478,0.10227725,0.064485575,0.03038477,0.15514336,0.0049814996,0.076910863,-0.25096044,0.00035415857,0.0027649967,-0.07497122
cop_0518,318,450.7985427,1000,2.4783461,0.021423637,1.5473907,2.5181678,0.0092275001,1.5520184,2.0787894,0.0018654933,1.5238129,0.27694964,-0.24645154,1.298171,0.074744006,0.060631607,-0.011813477,0.014696065,0.014399822,0.16987664,2.3820393,0.012243892,1.047732,2.3678731,0.0042764222,1.0633163,2.0231028,0.0059967091,1.0611645,0.26783037,-0.19127342,0.91699748,0.072291609,0.054744352,-0.1569791,0.01421665,0.0045580446,0.023309441
cop_0519,811,1889.993653,1000,1.2102412,0.028847083,0.29501158,1.2055021,-0.0026821193,0.31480045,0.98477475,0.016213611,0.29870411,0.088266936,-0.027565958,0.36392591,0.04355801,0.054669072,0.01419127,0.008748548,-0.028689375,0.054336509,1.1999377,0.028214693,0.14463513,1.1617402,0.0068141158,0.17978178,0.96873009,0.013995052,0.1628663,0.087008753,-0.019650602,0.18549054,0.0420852,0.037597401,-0.12979281,0.0085585355,-0.022715834,-0.056446925
cop_0520,534,760.9208321,1000,1.6952097,0.051036394,0.40195697,1.6636705,0.033910054,0.43959799,1.4290138,0.042297241,0.43051479,0.16611754,0.0076551646,0.4501058,0.051904086,0.10348691,0.1011712,0.0090595232,-0.048221553,0.1643237,1.6612187,0.056116904,0.27782554,1.6093752,0.027499709,0.30134449,1.3898075,0.041313043,0.3045062,0.1609904,0.0065813563,0.33769576,0.048236949,0.07714647,-0.11187395,0.0086959731,-0.038279115,0.013434854
cop_0521,180,296.3358883,1000,1.7323093,-0.050120111,0.98203073,1.7575019,-0.057211834,1.01236,1.4401304,-0.065823052,1.0271665,0.028329052,-0.16706635,1.4322242,0.0054917681,0.055100559,0.072095794,0.00083129869,0.032386793,0.37081729,1.675472,-0.02835478,0.59706197,1.643352,-0.04429313,0.57504566,1.3846238,-0.042258519,0.61969746,0.02707721,-0.12766419,0.85271362,0.005133866,0.040853854,-0.12636473,0.0007932762,0.027357075,0.17358898
cop_0522,90,216.6309894,1000,1.2212197,0.018884004,0.23699388,1.2310592,-0.0010311822,0.2699983,0.98376393,0.002799968,0.25401299,0.18798054,-0.044910805,0.29015992,0.033806639,0.013128484,-0.027510266,0.0081508627,0.0048912176,0.12658522,1.1989185,0.034177662,0.10923761,1.1735071,0.0060938401,0.13520348,0.96926196,0.016518557,0.1258061,0.18585535,-0.019304208,0.14309921,0.033111421,-0.0033347096,-0.15367465,0.0080867443,-0.0047015836,0.022992483
cop_0523,882,2546.674458,1000,1.5365671,0.033871673,0.37845795,1.5329928,0.016148035,0.38036241,1.2444916,0.014159277,0.39895327,0.028321951,-0.057556213,0.45403097,0.025942045,0.032394021,-0.0092757368,0.0040506933,-0.023737509,0.051897466,1.5146936,0.044156648,0.22769062,1.4797328,0.017378585,0.23235158,1.245216,0.024116314,0.23476081,0.027893627,-0.054756553,0.24787938,0.024898244,0.034496223,-0.13978903,0.0040251218,-0.026829039,-0.070368609
cop_0524,156,276.7508577,1000,1.2797921,0.036547706,0.21706494,1.2679609,0.011114044,0.24002215,1.0335297,0.02327665,0.24212931,0.072708181,-0.010369901,0.28019987,0.021669496,0.027059459,0.030046534,0.0036727545,-0.053774809,0.090065449,1.2555317,0.029923823,0.11252783,1.235268,0.0092547698,0.13137956,1.0199285,0.0091518042,0.1335683,0.071419281,-0.011848047,0.15385495,0.021128751,0.018243852,-0.15233307,0.0035614481,-0.042424961,-0.023162719
cop_0525,868,2420.48523,1000,3.1627851,0.027391764,1.7939178,3.1764003,0.022073314,1.7770033,2.6753374,0.020921838,1.6884991,0.03309184,-0.09602397,1.9467889,0.052519623,0.035375767,-0.036350189,0.012345123,-0.041564262,0.36851608,3.02434,0.051964959,1.1783705,3.0601885,0.028958989,1.2324636,2.5977036,0.04873505,1.1464512,0.031788304,-0.071094703,1.3721867,0.051168025,0.025678492,-0.13512294,0.012142153,-0.031029524,0.20970975
cop_0526,35,154.5904425,1000,1.9832394,0.036865312,0.63657227,1.9738004,0.019514769,0.64129707,1.6412235,0.022704153,0.62792772,0.2298923,-0.06726666,0.56459364,0.10633045,0.054365533,0.0078196269,0.031084434,-0.001554268,0.15084667,1.932271,0.037002327,0.39348076,1.9000453,0.02151212,0.41458906,1.6034557,0.024883653,0.4177634,0.22388011,-0.042967898,0.39426811,0.10174821,0.050559799,-0.11248932,0.029993686,0.0085440029,-0.012097352
cop_0527,373,510.5770308,1000,1.5488601,0.00063696964,0.66132098,1.5320653,-0.030949847,0.71144816,1.2816121,-0.016474416,0.67765688,0.13683713,-0.091707516,0.82126649,0.057378416,0.097333241,0.10673708,0.012352394,-0.012131383,0.17725708,1.5246496,0.011403464,0.38052445,1.4946884,-0.0065296517,0.41337553,1.2613865,-0.0081593666,0.40218509,0.13324086,-0.059266137,0.52973467,0.053740402,0.069211086,-0.11649361,0.011926196,0.0066998869,0.011165642
cop_0528,602,869.9991815,1000,1.7566921,0.0014394644,0.73060339,1.775067,-0.018601022,0.74355077,1.4568004,-0.016142331,0.74019035,0.11095489,-0.10029566,0.85058443,0.014547535,0.045698905,-0.025169699,0.0018265374,0.019787751,0.27861434,1.7361016,0.0084747058,0.40854666,1.720613,-0.0081826205,0.44866068,1.4291293,-0.0044340245,0.44932193,0.10882663,-0.080076849,0.50182559,0.014103363,0.02710577,-0.17188641,0.0017723487,0.025482178,0.10375664
cop_0529,781,1640.148092,1000,1.7385331,0.0038266038,0.8606742,1.7458395,-0.005856233,0.88632705,1.4675715,-0.0068376691,0.85944969,0.084770608,-0.087588862,1.0573015,0.03937781,0.10344008,0.094422134,0.0072645436,-0.014782605,0.1807681,1.6941965,0.015910448,0.5848082,1.6606417,0.0036859221,0.61079064,1.4153416,-0.0029593064,0.60464072,0.081202274,-0.077005639,0.69899371,0.036889058,0.081180588,-0.094163989,0.0068570901,-0.004314964,0.04003372
cop_0530,809,1874.935188,1000,2.0753384,0.032402437,0.85302663,2.0967861,0.014236098,0.91633563,1.7171191,0.012316138,0.87151889,0.18357165,-0.12773544,0.88676817,0.033638587,0.045464716,-0.068585253,0.0052381257,0.029434535,0.069967248,2.0247261,0.032012197,0.552737,2.0038117,0.0084561248,0.57186125,1.680331,0.01042155,0.55382317,0.17998063,-0.10198844,0.57649321,0.032492932,0.052820842,-0.17553696,0.0051690918,0.034308183,-0.032621109
cop_0531,165,286.2105755,1000,1.435294,0.062204682,0.18324495,1.4394477,0.035522238,0.21078152,1.1648966,0.042727105,0.19049695,0.12833307,0.015174273,0.23249709,0.033063946,0.029417901,-0.024933724,0.0072321037,-0.0024401749,0.047031859,1.4199825,0.07183547,0.080959216,1.3870631,0.052743572,0.094321938,1.1468345,0.05220376,0.078354568,0.12664714,0.029893635,0.10389342,0.032079662,0.020453499,-0.16106973,0.007158654,0.0035211723,-0.071034124
cop_0532,717,1301.583477,1000,1.8272896,0.068822436,0.24343374,1.8166281,0.047747952,0.26583072,1.4964073,0.064375758,0.24124557,0.094204271,0.029858345,0.2801186,0.0059791219,0.066044074,-0.078706678,0.00058261901,0.030214237,0.073120062,1.7986561,0.066348802,0.11679814,1.7334598,0.04742815,0.13204474,1.4743317,0.05971221,0.14513345,0.093224454,0.027476462,0.18518898,0.0056129025,0.054322882,-0.23492769,0.00056077098,0.033672423,-0.058941943
cop_0533,933,3471.532516,1000,2.5420489,-0.062197142,1.9701736,2.5835532,-0.063630471,1.9890863,2.1479682,-0.09011152,1.881014,0.096628478,-0.25712554,1.9317237,0.053033375,0.066063241,0.090940981,0.012526585,0.04706718,0.31908407,2.472913,-0.041456893,1.5394286,2.4637389,-0.064193005,1.5772151,2.0846904,-0.06882445,1.5244504,0.09428769,-0.21454689,1.533643,0.051132289,0.05411683,-0.066855202,0.012219133,0.038472291,0.14111961
cop_0534,862,2379.321568,1000,1.9890997,-0.020210258,1.1145589,1.9632139,-0.044232402,1.1005751,1.6827377,-0.038269923,1.1105555,0.071929516,-0.070422841,1.0599333,0.074055453,0.13840926,0.11751223,0.013057604,-0.051000419,0.2257436,1.9080243,0.00097505336,0.67469878,1.8652775,-0.016130053,0.7272301,1.6066849,-0.023347872,0.72965434,0.068105772,-0.048913941,0.67958607,0.067935073,0.12714726,-0.029173394,0.012264871,-0.043905696,0.057923982
cop_0535,671,1088.827048,1000,3.3203316,-0.0079080985,2.3966275,3.3814924,-0.024831707,2.3852738,2.8011458,-0.02716432,2.2747762,0.29260221,-0.41506682,1.7913339,0.015124621,-0.0083228522,-0.10756972,0.0021136593,0.075783196,0.39263471,3.2593426,-0.0075790474,1.7135161,3.2401021,-0.021026161,1.7780315,2.7416689,-0.017146951,1.6777504,0.28976439,-0.37194644,1.3819995,0.014848973,-0.0039664614,-0.22966706,0.0020807125,0.079267567,0.26027284
cop_0536,967,5100.867602,1000,2.1208525,-0.0071405514,1.2182667,2.1584418,-0.025918968,1.2137426,1.7866611,-0.027035777,1.2026716,0.046448891,-0.10669163,1.357605,0.01976775,0.031992553,0.020995975,0.0042053343,0.009927974,0.21038263,2.0620081,0.0011128504,0.82788536,2.0485782,-0.021198536,0.83256489,1.7320167,-0.026557612,0.85282875,0.045261232,-0.097594435,1.0012681,0.019258557,0.016667943,-0.12995286,0.0041342464,-0.00053182158,0.064070505
cop_0537,660,1054.099749,1000,1.5412562,-0.0034144371,0.56183799,1.5691365,-0.022465809,0.60109354,1.2794198,-0.014066169,0.59182864,0.093555757,-0.078071794,0.81513898,0.012985338,0.1002609,0.058250092,0.002036385,0.0096434089,0.19953466,1.5072809,0.009229907,0.30966234,1.4839317,-0.022826244,0.33003438,1.2406689,-0.0094166298,0.34318624,0.090621079,-0.058413694,0.45291263,0.012364935,0.079015043,-0.14876993,0.0019703177,0.0066807574,0.0073428149
cop_0538,672,1090.649286,1000,1.662245,0.073581177,0.24824316,1.6393566,0.057974056,0.26530985,1.365365,0.064277187,0.26533189,0.04467059,0.020634397,0.33510817,0.045316109,0.082568934,0.03690069,0.010662298,-0.01073277,0.042377596,1.6378094,0.081030096,0.10712663,1.5644448,0.062193121,0.13053991,1.3400362,0.069848241,0.12629019,0.043430927,0.016676815,0.1916923,0.043327682,0.063490523,-0.10823842,0.010341083,-0.013786741,-0.063625672
cop_0539,869,2446.708184,1000,2.4888901,0.035369295,1.2264401,2.5018719,0.024083211,1.2611725,2.0859171,0.025392389,1.2151113,0.091618117,-0.080025129,1.2606465,0.010470904,0.11655431,-0.045152278,0.0010675883,0.021334809,0.18498391,2.3958564,0.028084985,0.78291806,2.3786326,0.020137432,0.84075213,2.0218796,0.015171654,0.81895366,0.088263266,-0.061651158,0.80585862,0.0098253401,0.087574361,-0.19702018,0.0010063114,0.024962344,0.065081035
cop_0540,962,4712.084756,1000,1.937704,-0.091610694,1.5361789,1.9751191,-0.11371498,1.5294693,1.6189189,-0.12253872,1.5188579,0.050022564,-0.25842939,2.0795466,0.026703795,0.055270765,0.052331955,0.0049807849,0.047889657,0.35926625,1.9055034,-0.07111686,0.97680578,1.8859429,-0.095311328,1.000705,1.5727663,-0.10113562,1.0242787,0.048728596,-0.19833684,1.4312139,0.025797723,0.040961584,-0.10433972,0.004841976,0.033810043,0.16880316
cop_0541,401,559.5777179,1000,2.0568027,-0.008681469,1.0744641,2.0686269,-0.026263664,1.1050866,1.6969133,-0.032894998,1.0653977,0.18928737,-0.16141502,1.0518648,0.022456052,0.04252722,-0.013111704,0.0052799299,0.075671741,0.20890047,2.0097119,0.015738367,0.63174674,1.9809658,-0.014098351,0.68027194,1.6453467,-0.01209649,0.69339871,0.18465601,-0.11266161,0.69258749,0.022416852,0.039418414,-0.1280442,0.0052201115,0.073282359,0.037511932
cop_0542,906,2800.275728,1000,1.1184257,0.057449067,0.10212537,1.1222524,0.031090516,0.12687457,0.88595245,0.046010503,0.1171143,0.025976078,-0.0071382393,0.16802428,0.018049253,0.028183813,-0.080195313,0.0027459904,-0.0099055465,-0.029200809,1.1058339,0.054056512,0.0221932,1.084601,0.023122947,0.013545099,0.88368774,0.038088709,0.027642175,0.025613052,-0.0015455747,0.053340881,0.017335337,0.020066722,-0.22695813,0.0026966254,-0.016410545,-0.12924193
cop_0543,377,512.2806035,1000,2.5103483,-0.042088633,2.0495881,2.5697439,-0.057506347,2.0608591,2.1111916,-0.073795465,1.987009,0.30354674,-0.41994166,1.860098,0.048167778,-0.0011892377,-0.0090364558,0.0090413159,0.092233064,0.33387895,2.3759748,-0.024230965,1.369592,2.3891681,-0.055402827,1.3736448,1.9886621,-0.057037558,1.3884066,0.28899818,-0.31490809,1.2630342,0.046999115,0.011204316,-0.17467106,0.0087347996,0.08164652,0.10778631
cop_0544,259,389.5228493,1000,2.9494586,0.035417321,1.7295958,2.9646622,0.031956039,1.7665997,2.4906644,0.018341349,1.6644342,0.30581941,-0.25273766,1.3131859,0.070310604,0.014396591,-0.015440131,0.015750319,0.082471223,0.20516852,2.8226592,0.049789338,1.1903608,2.8025495,0.039657102,1.2146818,2.3869974,0.043786333,1.1858637,0.29380061,-0.18464609,0.8520398,0.067851675,0.02430399,-0.12794243,0.015212843,0.078584435,0.089043325
cop_0545,440,607.4575711,1000,3.2279113,-0.0016978141,2.4674033,3.2083378,-0.0083580697,2.4300305,2.7324908,-0.015239397,2.3150881,0.25989339,-0.37632072,1.9827834,0.033976837,0.028808446,-0.0050787146,0.0065094318,0.1406967,0.44119962,3.104062,0.02248764,1.7064674,3.0465864,0.0069753858,1.8028594,2.6103869,0.0026283312,1.6988821,0.25143301,-0.3009604,1.4537252,0.032804617,0.029825458,-0.15499286,0.0063771411,0.13597167,0.28512649
cop_0546,880,2535.314369,1000,1.360382,0.06188253,0.25090849,1.3500265,0.032425965,0.27847234,1.1291253,0.04620896,0.27334518,0.010749926,-0.024644215,0.40012769,0.0093768937,0.1160397,-0.0086868212,0.00089510921,-0.016206047,0.10417305,1.3338871,0.064262497,0.11087288,1.2948761,0.030726729,0.12415897,1.0961524,0.047238558,0.10407121,0.010392044,-0.020441875,0.18762606,0.0086462199,0.066809997,-0.17904133,0.0008596471,-0.015087868,-0.052481537
cop_0547,420,580.7650381,1000,1.5191563,0.052194516,0.2938506,1.5142989,0.035910603,0.31135117,1.2481574,0.042130393,0.29931324,0.060072237,0.0078231227,0.39098849,0.013773153,0.079449293,0.07264443,0.0022618899,-0.031459362,0.15342682,1.4895164,0.05344636,0.12948949,1.4612299,0.02690925,0.1653446,1.2216522,0.039600339,0.14135196,0.058415016,0.007180464,0.2119427,0.012998544,0.061917552,-0.10953644,0.0021785142,-0.0063504897,-0.041564551
cop_0548,376,512.1471835,1000,2.9266595,-0.044725796,2.4285337,2.9402332,-0.065662566,2.5397267,2.4803818,-0.064597261,2.3071588,0.035954901,-0.15864347,2.2262976,0.0016887393,0.10307713,-0.039379115,8.7850015e-05,0.058585598,0.37927751,2.769426,-0.050365284,1.7073005,2.7135627,-0.059916382,1.81319,2.3566746,-0.062249687,1.5968865,0.034428973,-0.14699631,1.5316444,0.0015998724,0.05310693,-0.28332981,8.494693e-05,0.058067092,0.16799629
cop_0549,750,1456.674384,1000,3.4866447,-0.039089107,2.9190431,3.5182419,-0.03964342,2.8767248,2.9385985,-0.061006292,2.7387413,0.46888823,-0.52087423,1.6995305,0.010042941,-0.098999234,-0.027949223,0.0019178649,0.085527715,0.48549922,3.2940654,-0.030333759,2.0097393,3.2970121,-0.042803172,2.0560881,2.7997004,-0.051762731,1.9832446,0.45907736,-0.48404554,1.4381366,0.0096469006,-0.065100128,-0.14560741,0.0018688541,0.083880669,0.37060522
cop_0550,938,3572.473037,1000,2.1534092,-0.046437019,1.6290444,2.2081855,-0.054494914,1.6492259,1.7912033,-0.073310515,1.6286112,0.084105957,-0.19520366,2.1043699,0.0036935353,0.0351928,-0.051047883,0.00044305766,0.085552725,0.32157673,2.0934186,-0.020660637,1.0874178,2.0939063,-0.044654859,1.1292603,1.7384504,-0.054571179,1.0763678,0.08154091,-0.1434273,1.4323402,0.0035280366,0.045472172,-0.17877214,0.00043044008,0.088570219,0.10965095
cop_0551,365,503.8731589,1000,1.9506818,0.017907286,0.91034547,1.9463284,-0.0045327201,0.91703668,1.630939,0.0014145977,0.89939599,0.1482551,-0.09150598,1.008019,0.023935567,0.025527747,0.10083261,0.0049126023,0.018873843,0.32283333,1.8868556,0.019103161,0.55648331,1.8445775,0.0051773701,0.56920125,1.5672154,0.0061818749,0.57791743,0.14164722,-0.063696169,0.68824951,0.022425429,0.021498073,-0.057281239,0.0047142407,0.023498211,0.14515775
cop_0552,361,500.5018764,1000,2.1995552,0.02567459,1.233666,2.2108918,0.013988944,1.2571856,1.8626317,0.012216313,1.1781668,0.294215,-0.20067258,0.9984343,0.12636155,0.084988244,-0.047981845,0.026815569,-0.016595433,0.1874059,2.1130254,0.029117414,0.80102663,2.096028,0.011281831,0.78989692,1.7860865,0.0073920692,0.80812596,0.28330709,-0.14325643,0.64247658,0.11959675,0.057430471,-0.15344566,0.026073598,-0.0083897145,0.049342089
cop_0553,134,259.8562803,1000,1.2717024,0.070122204,0.14315114,1.2624634,0.04578486,0.17182197,1.0407748,0.063962162,0.14387231,0.069055071,0.027220133,0.17591841,0.019978135,0.064275153,0.07291965,0.0043118293,-0.046481555,0.088734769,1.2561044,0.05531501,0.054770174,1.2287711,0.02828995,0.069656894,1.00986,0.046009761,0.058547209,0.066370543,0.010820343,0.095595279,0.018505709,0.027660959,-0.098874471,0.0040411298,-0.042028632,-0.038089691
cop_0554,798,1789.178264,1000,1.2139927,0.061479796,0.1498372,1.1962007,0.037220946,0.1723262,0.98291115,0.05314509,0.15299879,0.022015405,0.027888168,0.16483119,0.03296317,0.091419337,0.016407451,0.0041060538,-0.072898591,0.062090137,1.2010706,0.067723135,0.06807228,1.1681095,0.043385431,0.085005407,0.97068319,0.047032289,0.063863624,0.021567861,0.026448543,0.05648838,0.031203463,0.078148804,-0.1755729,0.0039695261,-0.059702346,-0.073871873
cop_0555,74,201.1482553,1000,1.1801719,0.072029169,0.11738728,1.1751804,0.055227063,0.13052533,0.95913038,0.06629893,0.13053498,0.013836939,0.02686212,0.19458419,0.0093802047,0.055045509,0.027763654,0.0014699644,-0.05139116,0.072650445,1.1725346,0.089943189,0.021284186,1.1392517,0.054652216,0.031427357,0.94340672,0.072922943,0.039932871,0.013455017,0.021959933,0.086871405,0.0088878361,0.037753756,-0.11067934,0.0014114117,-0.037955579,-0.05843689
cop_0556,112,243.8924891,1000,1.6220783,0.015438488,0.54826673,1.6071546,-4.9881546e-05,0.55737101,1.3447711,0.0093295878,0.55807357,0.1763919,-0.06065046,0.59591417,0.032130953,0.017069346,0.066813089,0.0069516654,-0.0070983414,0.21218966,1.5860023,0.033838404,0.31604606,1.5614118,0.0072039486,0.33915884,1.3239719,0.018675374,0.34191106,0.17200958,-0.050443261,0.37462878,0.030127377,0.036070703,-0.079886463,0.0066853454,-0.0041358468,0.080862287
cop_0557,481,673.9979209,1000,2.2550243,-0.055145153,1.6469294,2.3120622,-0.059961027,1.6442163,1.8738575,-0.084480305,1.6313733,0.20429564,-0.33042768,1.8317044,0.030101165,0.0020832941,-0.026322855,0.0054240913,0.095401283,0.43502491,2.148367,-0.031031444,1.0004212,2.1755846,-0.056827731,1.017389,1.7922175,-0.06659596,1.0174835,0.19641389,-0.25994376,1.1922257,0.029521852,0.0063302429,-0.12040682,0.0053440543,0.087951547,0.24848873
cop_0558,453,631.5426283,1000,1.4512946,0.029627009,0.38776894,1.4510366,0.0027032543,0.39979386,1.2027234,0.012575457,0.39672354,0.04210632,-0.045528539,0.54612571,0.0014013741,0.10555085,0.031267322,0.00014796472,0.0040155456,0.21038879,1.4226157,0.032161754,0.18329701,1.3846177,0.01461072,0.21104446,1.1619626,0.020239918,0.19938304,0.040399123,-0.035645521,0.28565744,0.001294914,0.047814691,-0.18250564,0.00014254474,0.024408756,0.018858813
cop_0559,867,2411.918163,1000,2.9863262,0.041925571,1.3116461,2.983533,0.038467162,1.3066595,2.4932382,0.04081164,1.2529844,0.15934576,-0.12381454,1.3080936,0.030728047,0.049679886,-0.10571631,0.0041672951,0.044156124,0.10398897,2.8777115,0.047248032,0.83021656,2.8830181,0.030753514,0.87479459,2.4253267,0.032333215,0.83434499,0.15456284,-0.094278781,0.89080884,0.029158886,0.038136767,-0.24431998,0.0040211833,0.039818696,-0.0053506805
cop_0560,792,1773.135966,1000,3.1131642,-0.015581297,2.2038627,3.1263149,-0.019321188,2.227356,2.6430119,-0.021577023,2.0663599,0.065248954,-0.20355849,2.4283895,0.0077051672,0.057440483,-0.06690754,0.0009597086,0.10088579,0.34088992,3.0001235,-0.012048606,1.5234193,2.9700519,-0.022689594,1.564914,2.5355541,-0.017380775,1.4478426,0.062738917,-0.18213489,1.7405884,0.0073477982,0.053208628,-0.18544659,0.00090733985,0.089412292,0.18743848
cop_0561,208,322.9244126,1000,2.590718,0.014863926,1.673881,2.6521219,-0.0022073357,1.7003638,2.1935881,-0.0059615494,1.6370985,0.40781777,-0.3226397,1.110632,0.077459469,-0.0087980479,-0.052397778,0.017400547,0.056325416,0.18823632,2.5254264,0.051655304,1.141823,2.5367064,0.028573048,1.1861365,2.1102264,0.027444763,1.1100975,0.40126198,-0.26255223,0.72659012,0.07401532,-0.015883739,-0.18138058,0.017058353,0.064018624,0.077688327
cop_0562,609,884.0899279,1000,1.3678661,0.070386607,0.15546073,1.3609777,0.046838267,0.17814958,1.1236673,0.059587209,0.15895136,0.030239751,0.030871465,0.22002187,0.0012951254,0.043528158,-0.049401881,0.00011204987,-0.030091573,0.11887647,1.3518145,0.071940888,0.062375244,1.3128388,0.037508143,0.082868427,1.0985013,0.052824147,0.076144266,0.029028843,0.029382249,0.11770991,0.0011803086,0.03349484,-0.25423791,0.00010486142,-0.011848494,-0.03565753
cop_0563,939,3588.604042,1000,1.7617646,0.053444655,0.56164201,1.7731736,0.039143569,0.55454241,1.4636444,0.03531096,0.56098174,0.032941528,-0.031556761,0.73158639,0.0057255378,0.10569228,-0.011839559,0.00063244131,0.032127363,0.11597641,1.7269018,0.057027753,0.30470991,1.7044506,0.041443101,0.30392877,1.4290309,0.043583548,0.34856053,0.031890019,-0.010940372,0.4440867,0.0052798578,0.074296949,-0.18291302,0.00059847232,0.024197125,-0.015020209
cop_0564,270,400.3622086,1000,2.4467797,-0.03279547,1.7110334,2.4831972,-0.04241118,1.7853056,2.049529,-0.054671853,1.6933835,0.17900737,-0.24159682,1.7755563,0.038682743,0.056238176,0.058152298,0.010430156,0.14761317,0.46243168,2.3670731,-0.030626617,1.2246959,2.3682648,-0.054374848,1.289387,1.9704546,-0.048872221,1.2007758,0.17458154,-0.18711297,1.2232608,0.03793092,0.049099514,-0.073558661,0.010147694,0.13620481,0.24585931
cop_0565,42,158.8650128,1000,1.1795198,0.080405283,0.1254296,1.1674412,0.047576671,0.1353343,0.95216777,0.06698501,0.12233739,0.022877245,0.025981192,0.18804334,0.0079724992,0.013245567,0.045649147,0.0015493657,-0.063685255,0.099191837,1.1644731,0.07149583,0.055512368,1.1240062,0.0466953,0.037464083,0.94532242,0.059069037,0.04987026,0.022352093,0.021407393,0.077059554,0.0074880187,0.015837359,-0.12150439,0.0015000747,-0.044806655,-0.065103053
cop_0566,894,2652.71342,1000,1.365667,0.046938329,0.23410427,1.334481,0.029228709,0.24103663,1.1164473,0.036592136,0.25514357,0.032167252,0.0022854932,0.33064463,0.020418848,0.10133317,0.066375815,0.0031466668,-0.033223793,0.10554355,1.3373112,0.048221323,0.12727872,1.3003409,0.025828774,0.14787634,1.0908466,0.035699069,0.1357411,0.031312742,-0.0038195539,0.18101141,0.019114082,0.067986856,-0.11638148,0.0029986678,-0.040975484,-0.015516154
cop_0567,579,832.3898146,1000,1.9061752,-0.057377757,1.2001638,1.9128089,-0.074451836,1.2172984,1.6100961,-0.067110187,1.2088178,0.055776859,-0.15228256,1.5395832,0.003068527,0.10921149,0.048212418,0.00037649854,0.043891998,0.38191124,1.8691998,-0.034840906,0.86057822,1.834286,-0.059056683,0.91356373,1.5648015,-0.044031135,0.90180077,0.053947089,-0.1289332,1.1132687,0.0028410574,0.098448494,-0.11400822,0.00035808801,0.044537561,0.22069946
cop_0568,161,279.5631174,1000,1.1677489,0.050518918,0.13154626,1.1449987,0.027083253,0.15046161,0.9376137,0.030017612,0.15272822,0.13674839,0.0058581101,0.17237443,0.042962725,0.019658438,-0.051886697,0.0079191283,-0.029837608,0.035034704,1.1534367,0.064542901,0.040034527,1.1161331,0.030056257,0.058725894,0.92437715,0.039310354,0.04399892,0.13382623,0.0099105085,0.073343673,0.041717008,0.0029640592,-0.19986593,0.0078657219,-0.017351493,-0.070504959
cop_0569,317,449.6399649,1000,2.3850769,-0.10844345,2.2671188,2.4312649,-0.10995908,2.2178002,2.0186523,-0.12460792,2.1434434,0.34397592,-0.43495202,1.8904717,0.032411294,0.021899543,0.01374169,0.0057690555,0.086140447,0.38358666,2.2859739,-0.0799854,1.5079165,2.279712,-0.10152615,1.5908308,1.9154932,-0.094523218,1.4581217,0.32853437,-0.34363753,1.271275,0.031441074,-0.0079514023,-0.17634245,0.0055936885,0.06612404,0.19674124
cop_0570,727,1334.107465,1000,1.8980176,-0.0016203929,0.9267152,1.898246,-0.024032149,0.9501499,1.5971911,-0.013938779,0.92482657,0.079431726,-0.10466113,1.1323549,0.055135095,0.07773373,0.10280421,0.0098259149,-0.0016192369,0.1898473,1.8378903,-0.011614199,0.53984926,1.8014583,-0.02930898,0.57040403,1.5475457,-0.025765731,0.55656224,0.075462776,-0.094500134,0.73470722,0.051780203,0.065855454,-0.11732526,0.009282467,0.0069053275,0.054716812
cop_0571,231,353.8848095,1000,2.1335402,-0.031429697,1.4605381,2.1658089,-0.03995873,1.5049923,1.7810992,-0.056106317,1.4407536,0.16851942,-0.25209886,1.6219372,0.055955135,0.036403066,0.09597388,0.012220589,0.08646965,0.38606584,2.060228,-0.020301308,0.87451392,2.0468549,-0.027213899,0.93650519,1.7231895,-0.037534955,0.90812986,0.16239523,-0.18571052,1.0848903,0.053478616,0.052058633,-0.065838254,0.01171831,0.071148619,0.19021264
cop_0572,385,526.3428608,1000,1.516423,-0.01444104,0.6517452,1.5159492,-0.033813151,0.69043163,1.2647905,-0.024661431,0.65436057,0.21946824,-0.11162722,0.6636811,0.015169273,0.012982975,0.094812842,0.0028166421,-0.00030300629,0.29848621,1.4854805,0.0017518928,0.41604059,1.4527483,-0.018410645,0.4301238,1.2425379,-0.007278271,0.4476896,0.2140757,-0.079126836,0.45605902,0.014377723,0.023487451,-0.085313997,0.0026957448,0.0019365603,0.13904936
cop_0573,802,1828.966084,1000,1.928454,-0.010303166,1.1015478,1.9219482,-0.032875688,1.1257718,1.6149618,-0.035175918,1.0933929,0.10752836,-0.11411121,1.304726,0.007099005,0.14892994,0.058661691,0.00072054009,0.02543415,0.22687092,1.8723882,0.0013650792,0.74435823,1.8410256,-0.023233182,0.7763181,1.5551511,-0.019715678,0.75423892,0.10241233,-0.099171672,0.89022567,0.0064456692,0.10454365,-0.15061738,0.00068016404,0.037113841,0.024868083
cop_0574,668,1069.167289,1000,1.9116938,0.043466638,0.54091637,1.8786275,0.0287364,0.56067426,1.575852,0.025755051,0.54466635,0.043807482,-0.028976059,0.72881997,0.030197148,0.10203963,0.10070217,0.0068654487,-0.0051428181,0.17414928,1.8621417,0.047915977,0.31615113,1.8372308,0.033642165,0.36065478,1.545456,0.036244862,0.32926746,0.042569868,-0.0070999489,0.44190694,0.02862468,0.086940722,-0.061135775,0.0066423669,-0.0032881851,0.032843978
cop_0575,31,151.5209745,1000,1.1106542,0.077151669,0.089859904,1.1154208,0.053714408,0.10814631,0.87605084,0.05881912,0.092923831,0.02694474,0.0074252384,0.10646107,0.0099642651,-0.0063585345,-0.079182887,0.0021856974,-0.015442735,-0.0036996992,1.0961802,0.076209456,0.020979511,1.0672633,0.050029233,0.020962073,0.87124517,0.061446386,0.0086428152,0.026651562,0.016762261,0.023705777,0.0097581513,-0.0048925451,-0.21236128,0.0021813453,-0.024641336,-0.11737932
cop_0576,236,356.402199,1000,1.5642965,0.06826389,0.1561209,1.5624136,0.050092678,0.17673095,1.2768619,0.059150605,0.18698831,0.16990177,0.013312474,0.18266461,0.041492085,0.025299515,-0.060179457,0.0097637255,-0.0042474217,0.041342265,1.5409266,0.071096032,0.0729503,1.5284103,0.050255895,0.078925256,1.2668565,0.05513692,0.081277133,0.16890843,0.030419988,0.084134506,0.040632191,0.017069458,-0.20057868,0.0096006276,-0.0047560071,-0.044163921
cop_0577,201,319.3483671,1000,1.8199382,-0.0035467892,0.93861234,1.8354001,-0.028458563,0.96272848,1.5309857,-0.01871605,0.93798086,0.2067468,-0.14057442,0.92857147,0.084189699,0.056823469,0.077308498,0.017777869,0.00020410529,0.23195606,1.7910129,-0.0067413342,0.64317698,1.7849688,-0.027215026,0.64115162,1.4873304,-0.025526233,0.63627605,0.20158171,-0.11988132,0.69418,0.079016858,0.041646229,-0.1254178,0.017119677,-0.0011616064,0.077214683
cop_0578,410,569.5958287,1000,2.500182,-0.014332286,1.7859543,2.5362011,-0.024765945,1.8134265,2.1070609,-0.036398744,1.762076,0.40272987,-0.35088551,1.2336114,0.017595824,-0.039009224,-0.050270505,0.0028578225,0.05005898,0.2282547,2.4483284,0.0076108328,1.2449015,2.4135041,-0.016773359,1.3184459,2.0345383,-0.021144382,1.2714596,0.39581336,-0.30192519,0.88364776,0.017162932,-0.035850844,-0.16762952,0.0027867147,0.03635722,0.088697463
cop_0579,394,545.0916476,1000,1.8697428,0.049179576,0.53285563,1.8939714,0.033721745,0.54513976,1.525998,0.032979942,0.54971355,0.11191719,-0.03721248,0.69978773,0.0142405,0.045254432,-0.025619484,0.0037109181,0.067206432,0.22025492,1.8416301,0.0639034,0.26976179,1.8010299,0.03697437,0.26535737,1.5070633,0.042566466,0.31738658,0.11016452,-0.012413407,0.39443812,0.013994029,0.044470412,-0.15953709,0.0036410489,0.061622355,0.054238442
cop_0580,667,1067.748539,1000,1.6669009,-0.092453396,1.1709493,1.6880866,-0.10594845,1.1798704,1.3958429,-0.11055679,1.1982093,0.22410375,-0.27035287,1.3130173,0.014518185,0.090978942,0.012965225,0.0013881151,0.0026948799,0.26419865,1.6502225,-0.05515874,0.86623636,1.6140666,-0.077754529,0.89965991,1.3674018,-0.067492092,0.89611051,0.21822746,-0.21891095,0.95889922,0.013537546,0.067827052,-0.19000459,0.0013490558,0.008986602,0.062775034
cop_0581,830,2080.455918,1000,1.6219715,-0.014221438,0.75724045,1.6186788,-0.032029979,0.81388658,1.3524022,-0.025373452,0.77972161,0.24022079,-0.11636282,0.71228635,0.038344609,0.10473317,0.076158315,0.0045695571,-0.051198036,0.1935394,1.5673483,-0.011500941,0.46704871,1.5534277,-0.032506131,0.47443814,1.3215571,-0.033620644,0.47263432,0.23462385,-0.1040551,0.48030501,0.035464625,0.085884314,-0.13009462,0.0044047808,-0.037347524,0.018845777
cop_0582,507,719.6132663,1000,2.0560703,0.060607377,0.47153479,2.0340468,0.050896387,0.50302071,1.7060961,0.056525532,0.4759016,0.12393417,-0.0016068071,0.52754677,0.01272521,0.059887752,0.0063010727,0.0022571675,0.0033257511,0.18021094,2.0228171,0.053351653,0.31291518,1.9589285,0.036621803,0.3446187,1.658657,0.043718784,0.3110466,0.12082926,-0.0048462691,0.35592255,0.012269594,0.050829141,-0.15883535,0.0021685876,0.0093152686,0.047245401
cop_0583,509,720.7806375,1000,1.689368,0.0028312257,0.7828909,1.6944553,-0.017108998,0.7457377,1.3908421,-0.016961795,0.77823928,0.24616097,-0.14757554,0.71660417,0.0081048724,0.074471602,-0.012669514,0.0010714734,0.032591231,0.1403289,1.6471822,0.013906371,0.44631447,1.6330891,-0.0085096139,0.49390411,1.3664215,-0.004530606,0.47669775,0.24070376,-0.10158231,0.43835623,0.0076807826,0.068169128,-0.17815731,0.0010425738,0.03516377,-0.0083975152
cop_0584,537,770.0750784,1000,1.9719728,-0.023118931,1.2753682,1.9914755,-0.041176629,1.3134155,1.6658525,-0.030079867,1.2644526,0.11549456,-0.10184302,1.304258,0.013705046,0.11691843,0.035342158,0.0015175499,0.0085345966,0.3740502,1.9159123,0.0069835177,0.78379354,1.8838846,-0.021145393,0.84298879,1.6134882,-0.010214618,0.80373842,0.11097959,-0.074419125,0.84303775,0.013019496,0.090946693,-0.18779556,0.0014431807,-0.0013798573,0.20604718
cop_0585,916,2993.872311,1000,1.4756734,0.019677059,0.41654498,1.4581021,0.0012537341,0.45356959,1.2201275,0.0079499992,0.46561673,0.079179025,-0.042525204,0.57565778,0.01731521,0.11835071,0.039565661,0.0018853535,-0.022491727,0.12873382,1.4439952,0.036194479,0.25696765,1.4050372,0.0050259708,0.26884367,1.1920999,0.01784211,0.28828077,0.076469623,-0.021984267,0.30662694,0.015696106,0.092888087,-0.15630344,0.0017954962,-0.020306862,-0.075321172
cop_0586,117,246.6988113,1000,1.5884496,-0.044275613,0.87097621,1.6189584,-0.061659417,0.83169347,1.3079532,-0.065120472,0.90468532,0.08669382,-0.16002782,1.1855087,0.016695482,0.04578031,0.079622204,0.0046079141,0.084587984,0.37166011,1.5455588,-0.019777245,0.53600481,1.5629835,-0.041131085,0.56424036,1.2800424,-0.043581409,0.57498903,0.084487816,-0.13776763,0.73364655,0.016100781,0.041731221,-0.068760279,0.0045202465,0.05210381,0.16901638
cop_0587,380,522.4375218,1000,1.5590536,0.01339146,0.52120109,1.5677122,-0.002714185,0.56449353,1.2987712,-0.00015302241,0.55642029,0.22503272,-0.082510354,0.53943497,0.02843831,0.084925556,0.059029591,0.0044297119,-0.011664731,0.16779288,1.5272085,0.01871209,0.29323098,1.5038206,-0.014580129,0.30861499,1.2650776,-0.001431681,0.30407885,0.21831768,-0.054518951,0.31527207,0.026684828,0.068577191,-0.12153128,0.0042035236,-0.016253723,0.016016839
cop_0588,268,399.6044935,1000,1.2988705,-0.0023052558,0.35364796,1.3002969,-0.017294348,0.38694047,1.058032,-0.015503097,0.37998025,0.070284674,-0.072553367,0.45417931,0.0097168724,0.0070309617,-0.06667264,0.001526376,-0.0013564297,0.14657435,1.2913066,0.022468959,0.19696312,1.2682332,-0.012843139,0.21201191,1.04067,-6.5760958e-05,0.22657491,0.068635496,-0.051874801,0.23974596,0.0094252351,0.011869107,-0.21690374,0.0014791948,-0.0055257065,0.0028904768
cop_0589,658,1051.07182,1000,1.7832432,-0.047335545,1.1690033,1.7862088,-0.068282769,1.2568815,1.4811486,-0.068352305,1.1771011,0.20588369,-0.22544869,1.2803366,0.018622622,0.058678876,-0.010867967,0.0021106528,0.006969212,0.20631343,1.7248539,-0.019413798,0.781978,1.6952129,-0.065852825,0.8484912,1.4384874,-0.036600262,0.80777077,0.20085585,-0.16623563,0.82315727,0.017598981,0.039642183,-0.1797768,0.0020154699,0.023135346,0.026956223
cop_0590,328,461.1017381,1000,1.3066711,0.0073688903,0.4411631,1.3115678,-0.013479307,0.48378123,1.0782556,-0.0056870979,0.48581194,0.075162798,-0.070126855,0.61612727,0.0072054657,0.034825987,0.03538384,0.0012106967,0.0039025573,0.23973411,1.2839749,0.01694736,0.24365635,1.2533689,-0.0012851934,0.27939402,1.0446765,0.00086786822,0.27865345,0.072862567,-0.050130716,0.34901146,0.0067686516,0.020347893,-0.13987776,0.0011510316,-0.012449464,0.073814069
cop_0591,562,811.4409279,1000,1.3240912,0.052511095,0.28496561,1.3326533,0.028367018,0.29985652,1.0892566,0.03929184,0.30716655,0.105174,0.018273673,0.39718407,0.002235473,0.098170973,-0.025503738,0.00020851126,-0.00043719983,0.12119553,1.3076738,0.061819488,0.16087465,1.2874959,0.036604566,0.18512253,1.0668148,0.05235215,0.17275082,0.10290098,0.022459427,0.2333064,0.0020893748,0.067989706,-0.24276483,0.00020002974,0.0012530125,-0.02986204
cop_0592,185,299.0459499,1000,1.1934907,0.05168563,0.14209047,1.150587,0.033693353,0.15505087,0.95532842,0.048708463,0.13723754,0.14963481,0.071839206,0.16112832,0.034918627,0.10720488,0.015009282,0.0044715678,-0.095496275,0.065888992,1.1778136,0.067187143,0.078192166,1.1190927,0.040006445,0.072461684,0.93885247,0.058830367,0.083191698,0.14577239,0.062254335,0.097810696,0.033266177,0.091750906,-0.14733319,0.0043052311,-0.08141773,-0.039613474
cop_0593,168,292.3364618,1000,2.3539022,0.04372452,0.85141162,2.3843922,0.039488101,0.88269243,1.9477027,0.035441644,0.8847253,0.33258311,-0.21506388,0.69556593,0.15043544,0.083687823,-0.24241156,0.036584624,0.024243945,0.062789791,2.3140222,0.042744544,0.54315295,2.280183,0.026396732,0.58574222,1.9067264,0.0277364,0.5897241,0.32814272,-0.17756556,0.42376511,0.14712717,0.059859359,-0.31014476,0.035959404,0.015914748,-0.011044368
cop_0594,787,1684.495664,1000,1.6536437,0.027415615,0.5036464,1.6495826,0.012558451,0.54109551,1.3572467,0.011034093,0.5267016,0.10868238,-0.055866137,0.63024068,0.039792771,0.029545388,-0.03980218,0.0074087316,0.013936729,0.058098551,1.6207266,0.040644455,0.28351008,1.5943581,0.01213424,0.32063129,1.3347408,0.01917823,0.29460855,0.10705485,-0.033740489,0.38513794,0.038438762,0.041632765,-0.15382805,0.0073436872,0.013070013,-0.050202692
cop_0595,535,762.5504309,1000,1.3339422,0.043737362,0.23310137,1.312184,0.018336355,0.27546242,1.1016602,0.03758083,0.26160454,0.097258259,0.02458537,0.3104916,0.023768988,0.084844002,-0.013966786,0.002354416,-0.062063615,0.094702563,1.3249047,0.041797309,0.10316988,1.2872117,0.0084207737,0.10663823,1.0802539,0.032625405,0.10494576,0.094154355,0.013431636,0.1311357,0.021806508,0.051771173,-0.22785594,0.0022151517,-0.053391591,-0.078011386
cop_0596,564,811.7459829,1000,1.3134469,0.048590401,0.14964787,1.2988179,0.024026002,0.1828484,1.0529341,0.024505828,0.17025253,0.18984902,-0.015359327,0.15255503,0.049751855,0.049351214,-0.063876998,0.0092866881,-0.0295069,-0.0050297434,1.3009435,0.045312175,0.029361844,1.2552731,0.024619313,0.046556409,1.0389057,0.017253241,0.038294426,0.1878856,-0.0077252862,0.058221677,0.047791899,0.043985877,-0.17715251,0.009064836,-0.024070861,-0.09518298
cop_0597,581,835.2256042,1000,1.4809563,0.048674746,0.30350195,1.4863371,0.028291587,0.3303726,1.232552,0.041150075,0.33432022,0.044569336,0.0058289742,0.37117381,0.019340577,0.097448209,0.1032397,0.0034192671,-0.045061188,0.16285357,1.4667627,0.056005978,0.16625046,1.4314215,0.027913675,0.16584342,1.215207,0.041911324,0.17082751,0.043375832,0.010710646,0.19348982,0.017926715,0.05792702,-0.097489992,0.003279332,-0.049565794,0.0088982502
cop_0598,765,1566.826133,1000,1.486344,0.046314973,0.32832841,1.4695356,0.020427218,0.36068362,1.221613,0.034217505,0.32692484,0.066716736,-0.010588265,0.40712121,0.034388008,0.077976429,0.086650794,0.0074642464,-0.034440905,0.11382696,1.4600653,0.053174038,0.19605544,1.4107442,0.01801861,0.21196611,1.2041331,0.036233982,0.21015886,0.065133538,-0.013154093,0.25263353,0.031986165,0.051684666,-0.096716802,0.007129855,-0.025488454,-0.029448842
cop_0599,120,249.5418659,1000,1.1112222,0.052055114,0.12231742,1.109558,0.033563816,0.14415618,0.88337464,0.037692754,0.12726997,0.13992557,0.022001705,0.14126141,0.031847308,0.025928951,-0.065950798,0.0056340058,-0.036778455,0.018409638,1.1009953,0.061890047,0.029663704,1.0717661,0.035173745,0.063482231,0.866108,0.04572269,0.038350738,0.13710156,0.027681377,0.042171494,0.030601434,0.011300553,-0.17890202,0.0054879817,-0.024404484,-0.079949761
cop_0600,840,2172.135306,1000,1.4482744,0.00080862905,0.58518695,1.4509771,-0.015858514,0.60427019,1.2025952,-0.015293028,0.60303275,0.072640579,-0.073724005,0.76751106,0.024042466,0.10093774,0.024194136,0.0037989437,-0.025009661,0.16127365,1.4128653,0.018789794,0.30192976,1.3887063,-0.0029501901,0.311919,1.1621351,0.005745532,0.3220674,0.070041847,-0.05229843,0.38674137,0.022747237,0.082519821,-0.13013531,0.0036623003,-0.017216571,-0.026144936
cop_0601,705,1255.938156,1000,2.1515446,-0.0089202068,1.3599237,2.130127,-0.023874018,1.3359546,1.8058218,-0.037902441,1.3355451,0.11868014,-0.17976051,1.5465281,0.024825016,0.039776603,0.017692262,0.0039427199,0.054102737,0.2331932,2.0592495,0.0032398348,0.82082239,1.9970666,-0.025122821,0.86929586,1.7268187,-0.023328665,0.85891536,0.1134596,-0.13045687,1.0062995,0.023233227,0.036206781,-0.1250058,0.0037891449,0.064078552,0.10068009
cop_0602,378,512.5618849,1000,1.2979013,0.038907582,0.21252303,1.3104216,0.013534646,0.24689848,1.0533201,0.020994054,0.24451796,0.09406725,-0.021705627,0.26052075,0.010018465,0.045285295,-0.084530342,0.0011312643,-0.0012934347,0.08324882,1.2823622,0.051786699,0.11291005,1.2607922,0.022593624,0.1191554,1.0470883,0.036878374,0.13536103,0.093136153,0.0038712708,0.14149456,0.0097391471,0.05482711,-0.23524264,0.0011177717,-0.01398013,-0.041171552
cop_0603,140,261.4671363,1000,1.3884808,0.063669959,0.20109176,1.3783533,0.04279997,0.22230841,1.1342349,0.052840917,0.21373032,0.077395687,0.023210427,0.27753811,0.020232826,0.0027406357,0.078709136,0.006039368,-0.028207459,0.13651567,1.3601282,0.061774092,0.081359879,1.3373022,0.036539501,0.092173959,1.1161402,0.051296366,0.092162272,0.075164669,0.018534773,0.1432176,0.018947466,0.013275814,-0.099548669,0.0057641951,-0.02243254,0.012540514
cop_0604,797,1785.878085,1000,2.2156633,0.0048211315,1.3880947,2.27738,-0.0062420453,1.3962181,1.8426575,-0.018701737,1.3813815,0.18653265,-0.17998598,1.3850638,0.056965119,0.059179925,0.014666378,0.013633578,0.037323638,0.20406125,2.1387335,0.011242735,0.99152926,2.1443299,-0.012455925,1.0178826,1.7834783,-0.023488423,0.97113481,0.18064387,-0.14427347,0.97544238,0.055242667,0.043061253,-0.12308668,0.013250318,0.029704766,0.060811782
cop_0605,545,779.9836476,1000,2.3075436,-0.0096727875,1.4400589,2.3335437,-0.021713506,1.4315864,1.9160849,-0.033543998,1.4441157,0.20199793,-0.25376284,1.4696266,0.020093866,0.018640713,-0.0031467989,0.0042669916,0.10689157,0.4683764,2.2391713,0.0092951202,0.9083824,2.2212919,-0.007025987,0.97348103,1.8663786,-0.025626732,0.95534428,0.19715547,-0.19478266,0.98495925,0.019727362,0.02785296,-0.12573483,0.0042145964,0.10437283,0.29457937
cop_0606,892,2638.576945,1000,2.7361001,-0.031244396,2.1645865,2.7547437,-0.046424544,2.1295074,2.3114633,-0.045781844,2.0458445,0.096908859,-0.25467987,2.1885519,0.027444898,0.06478487,0.010112862,0.0032315131,0.025038624,0.29170423,2.6270447,-0.020833115,1.5137216,2.5928715,-0.036496328,1.5318939,2.2185035,-0.036442358,1.4762552,0.092406705,-0.21849829,1.5958916,0.025600399,0.048215633,-0.16665936,0.0031160002,0.021582363,0.16424441
cop_0607,808,1874.418856,1000,2.5014815,0.02347963,1.022566,2.5176499,0.012979572,1.0494122,2.061904,0.01197701,1.0219001,0.085187346,-0.05790194,1.273294,0.0027101457,0.0079703941,-0.094574029,0.00033475292,0.089110135,0.18428271,2.4111881,0.027798122,0.63704803,2.4025173,0.009718926,0.66227507,1.9968006,0.015646309,0.66102257,0.082308808,-0.052993191,0.78354867,0.0025972036,-0.0001931564,-0.22764709,0.00032845146,0.074966244,0.06790946
cop_0608,141,261.569047,1000,1.1738024,0.057727806,0.095728675,1.1485637,0.040242764,0.12116742,0.93848237,0.042755586,0.1063364,0.033352665,0.023169089,0.11527848,0.004883402,0.052241843,-0.12607042,0.00024718871,-0.047754817,-0.016474396,1.1480143,0.053321449,0.011683995,1.1083947,0.039324177,0.036339891,0.92594757,0.036532065,0.020591941,0.032746212,0.012726978,0.021859101,0.0046187722,0.020460244,-0.30709036,0.00024157529,-0.055287215,-0.12345613
cop_0609,472,659.8098903,1000,2.2442513,-0.073212373,1.8141275,2.2595304,-0.089199666,1.7783676,1.9025143,-0.086067398,1.7501445,0.24101432,-0.31033892,1.6796621,0.01454385,0.043710351,0.057179774,0.002221504,0.078830695,0.43261972,2.1458502,-0.050252811,1.1117443,2.1303079,-0.07137772,1.1469948,1.8184393,-0.072633086,1.11974,0.23239623,-0.2410079,1.1339709,0.013415525,0.038694015,-0.12154721,0.0021671639,0.074284081,0.26749982
cop_0610,454,636.2161308,1000,1.6446798,0.010789293,0.54202443,1.6553478,-0.010324211,0.56918242,1.3447437,-0.01591674,0.58495901,0.23166153,-0.1299988,0.5751053,0.017793129,0.011908032,-0.089887048,0.0028084746,0.031942253,0.13274496,1.6135129,0.013407461,0.32818693,1.5894211,-0.012332369,0.33313912,1.3360611,-0.0096784935,0.35960053,0.22888147,-0.10036226,0.35494624,0.017284834,0.011467218,-0.21008484,0.0027602747,0.037138147,-0.01005919
cop_0611,257,388.5655231,1000,1.2317713,0.071603986,0.10537068,1.2054732,0.038896823,0.13364612,0.99693495,0.055102424,0.11760009,0.092419245,0.048631162,0.15947001,0.018224973,0.044731897,0.0027357522,0.0027251882,-0.03722934,0.055587836,1.2112973,0.074746288,0.074111341,1.1653959,0.03346588,0.063374602,0.979801,0.059393463,0.081437478,0.089722626,0.038361749,0.098889073,0.017135944,0.036906798,-0.16743606,0.0026419877,-0.041838987,-0.08080567
cop_0612,428,593.1012329,1000,1.3115681,0.0013912295,0.42321803,1.3474779,-0.015926742,0.4250376,1.0640462,-0.019597774,0.45614028,0.031955609,-0.12009467,0.62317845,0.0026806236,0.027503899,-0.14445981,0.00018324619,-0.015181491,0.038816897,1.2932727,0.011832039,0.21427225,1.2880499,-0.0044763683,0.23543877,1.0466407,-0.0097518192,0.22557707,0.031318406,-0.097646528,0.31008209,0.0024805434,0.012826151,-0.29130763,0.00017560972,-0.018900059,-0.070719943
cop_0613,810,1884.585543,1000,1.4563084,0.020965775,0.4376035,1.4687286,0.0013199264,0.46977739,1.1782449,-0.00098515817,0.48503782,0.014190269,-0.12206054,0.68900848,0.0039187742,0.031322675,-0.072550968,0.000435294,0.006816788,0.10173404,1.4461083,0.029267996,0.26711979,1.4276495,0.00012904066,0.27993882,1.1687263,0.0067675737,0.31431128,0.013958564,-0.10078298,0.3750574,0.0037464431,0.010408056,-0.24935345,0.00042666685,0.0092383143,-0.038714205
cop_0614,298,425.9080982,1000,1.707081,0.016427755,0.66682995,1.7101596,-0.0044532252,0.67689931,1.429034,0.0009283302,0.64860908,0.15355087,-0.089541961,0.74391822,0.022517353,0.041850962,0.074575807,0.0038467215,0.010345795,0.25798372,1.6661169,0.020266877,0.38550289,1.6427704,0.0018236006,0.40204253,1.387969,0.0097286239,0.37142012,0.1484272,-0.074453883,0.47085628,0.020402732,0.039936672,-0.11631013,0.0036520204,0.014125462,0.10029003
cop_0615,49,167.1945252,1000,1.7122927,-0.0088674807,0.83633086,1.7018744,-0.020454878,0.82613499,1.4392235,-0.02310811,0.83613864,0.18678799,-0.1182645,0.9541557,0.044410053,0.046972344,0.14993581,0.011136129,0.025373899,0.32716828,1.6724429,0.0070367319,0.48489843,1.6413491,-0.020115313,0.4815086,1.3935697,-0.010428527,0.49886239,0.18160063,-0.089185603,0.51983686,0.041666694,0.035801383,-0.088207656,0.010631605,0.0095327977,0.1516029
cop_0616,805,1836.202506,1000,1.3297861,0.048340634,0.1954111,1.3126057,0.030342145,0.21674632,1.0769223,0.036344969,0.20027336,0.03536526,-0.00074653494,0.30938713,0.012423042,0.11415086,-0.012831568,0.0014550741,-0.0090058709,0.081293111,1.3130002,0.063854049,0.11703346,1.2791365,0.031680898,0.1189732,1.0591615,0.045172717,0.10623516,0.034463802,0.0073278107,0.18301715,0.011492813,0.064626583,-0.18484824,0.0014109373,-0.0033516618,-0.064280177
cop_0617,227,344.7465118,1000,2.0844589,-0.054279641,1.3724145,2.1064873,-0.067964243,1.3800462,1.7537129,-0.066285369,1.3535652,0.025841715,-0.24349426,1.7003141,0.015163708,0.067463053,0.15249081,0.0025089967,0.066919938,0.40434934,2.0123828,-0.03655414,0.89063403,1.9931694,-0.063518674,0.92937153,1.686697,-0.053891455,0.92224712,0.024822188,-0.22676327,1.2118656,0.01389221,0.049895164,-0.10482684,0.0023914477,0.060765285,0.17026688
cop_0618,757,1512.558184,1000,2.1447749,0.030896236,0.79740449,2.1163976,0.013676013,0.84376517,1.7628612,0.017128207,0.82061441,0.10436007,-0.077469461,0.9367254,0.0084200256,0.032267792,-0.055515386,0.0010853775,0.056284878,0.17112312,2.0835962,0.030797848,0.51188076,2.0454531,0.010417855,0.55524832,1.7171244,0.01889861,0.54374769,0.10124715,-0.061348479,0.67755749,0.0080833374,0.0080315669,-0.21852165,0.001052329,0.051911214,0.039176964
cop_0619,131,257.5751586,1000,1.2809866,0.036395271,0.3212321,1.2718195,0.0164977,0.33382668,1.0546658,0.029682806,0.35968827,0.010572529,-0.06137828,0.51156342,0.0067799673,0.076766449,0.01266695,0.00097404467,-0.038424072,0.1557408,1.2643782,0.047240423,0.17035091,1.2352704,0.010183651,0.18024058,1.0365609,0.03092547,0.19136005,0.010165374,-0.061855105,0.286351,0.0062059283,0.057852177,-0.15848004,0.00091388492,-0.037276058,0.0063351216
cop_0620,57,183.3614077,1000,1.3242295,0.056094761,0.21221756,1.3171172,0.031618973,0.23349374,1.0900364,0.047161039,0.21906683,0.069672603,0.010923388,0.26193783,0.028776438,0.017944785,0.053055583,0.0067725083,-0.050675128,0.12826104,1.3053949,0.042930482,0.081740668,1.2707538,0.017351547,0.092157867,1.0614267,0.04008745,0.088245642,0.067365401,0.011353928,0.12158177,0.027428072,0.020357391,-0.14941398,0.0064773361,-0.038764718,-0.0059749463
cop_0621,920,3032.313206,1000,2.6907808,-0.015361298,1.6000405,2.6632603,-0.021959005,1.6242399,2.2697656,-0.034472431,1.5717096,0.025686236,-0.13632561,1.5347696,0.0062054095,0.11462233,-0.061365971,0.00048860441,-0.061848366,0.22017608,2.548765,-0.0072220937,1.0344519,2.5129012,-0.015697532,1.0721513,2.144191,-0.02120063,1.0261205,0.0243721,-0.13091136,0.99742055,0.0056680882,0.060690262,-0.24538851,0.0004660636,-0.066555356,0.074734915
cop_0622,413,574.1615046,1000,1.7128033,-0.01706387,0.85462546,1.7276865,-0.041447672,0.84259102,1.4422346,-0.030591067,0.83771068,0.27697982,-0.1538806,0.74630174,0.098132112,0.067653122,-0.00088377004,0.017720029,-0.040981848,0.17223038,1.6654234,-0.0037873276,0.55816487,1.6211735,-0.033554855,0.56692304,1.4007543,-0.022992299,0.55560014,0.26693657,-0.11876875,0.49646675,0.092736244,0.041753575,-0.13710923,0.01671482,-0.034815521,0.032558076
cop_0623,409,569.3899097,1000,2.3602166,-0.0089843482,1.5430523,2.4008066,-0.01477399,1.5450441,2.0003038,-0.025634858,1.5131476,0.16239824,-0.20983253,1.548209,0.03045144,0.035944559,0.032545298,0.0049325222,0.035123478,0.38804641,2.2883625,-0.0039568047,1.0796076,2.2788216,-0.026824284,1.1260525,1.9205775,-0.02538063,1.0591454,0.15531898,-0.18512423,1.1675975,0.028440628,0.042248743,-0.13838827,0.0047534344,0.033759278,0.20225127
cop_0624,958,4412.477362,1000,2.3464748,-0.050403,1.7622918,2.3404792,-0.071215382,1.8030542,1.9988954,-0.068465833,1.7165039,0.061622237,-0.13275689,1.645165,0.032589915,0.1472972,0.12610916,0.0057532068,-0.030277202,0.32486031,2.257273,-0.048583698,1.2413882,2.2248996,-0.062567611,1.2734394,1.9216439,-0.064130662,1.1877167,0.059042355,-0.12074579,1.198094,0.030972942,0.12195236,-0.074773289,0.0055143142,-0.037827537,0.12365554
cop_0625,242,363.1033479,1000,2.3124349,-0.071028876,1.8390581,2.3553326,-0.088250914,1.8541481,1.9577354,-0.097878156,1.8007988,0.14093444,-0.28494806,1.922811,0.03703627,0.051776342,0.12819777,0.0091056816,0.11731946,0.57387229,2.2365783,-0.049323017,1.1661387,2.1997415,-0.081681698,1.281924,1.8690037,-0.078845178,1.1706488,0.13458828,-0.23554356,1.3867219,0.035612638,0.051703284,-0.050326157,0.0088273284,0.10335499,0.34366342
cop_0626,306,439.9586795,1000,1.6823777,0.012414631,0.70429361,1.6962883,-0.0035801492,0.71349135,1.4125146,-0.0059551554,0.71585847,0.040269537,-0.080086108,0.88565599,0.0018048419,0.14360685,0.029439128,0.00012625456,-0.0030493688,0.20288985,1.6418296,0.031202137,0.43792712,1.613832,0.0044412252,0.44006274,1.3789768,0.025580879,0.47993331,0.038661768,-0.047265688,0.57086249,0.0016466914,0.11891233,-0.19239372,0.00012049622,0.024049626,0.04624675
cop_0627,89,216.5449586,1000,1.6344549,0.068109969,0.23892965,1.6074288,0.04655514,0.26949585,1.3563601,0.06100686,0.24570453,0.11954118,0.028318704,0.29089553,0.020052451,0.045284173,0.056279664,0.005750117,-0.020439797,0.10906966,1.613376,0.087358365,0.14789722,1.5636158,0.060672907,0.16774035,1.3346145,0.073316269,0.16391649,0.11670441,0.043913899,0.19445165,0.018996588,0.039738584,-0.095085568,0.0056205242,-0.022424189,0.0053921532
cop_0628,436,602.4162769,1000,1.3730487,0.045741022,0.29499952,1.362896,0.023208398,0.30501941,1.1405461,0.03887187,0.30914078,0.13636197,-0.0050009107,0.36277496,0.049898354,0.079337758,0.08388095,0.010253765,-0.037497635,0.095522722,1.3459898,0.043228216,0.16733753,1.3034948,0.013369295,0.19631496,1.1159634,0.033506883,0.19506683,0.13227713,-0.011618353,0.22690949,0.047149244,0.06317476,-0.093859544,0.0098708909,-0.032553258,-0.024057442
cop_0629,941,3613.214989,1000,2.0591627,0.051837219,0.44963683,2.0576473,0.045480169,0.47266726,1.6935376,0.048155286,0.44379877,0.1216453,-0.015887899,0.44592394,0.047788299,0.096349494,-0.016138314,0.0069001604,-0.0095610679,0.048155518,1.9963712,0.059519654,0.25218659,1.9500275,0.04648748,0.26537475,1.6589574,0.0473817,0.27024807,0.11811776,0.0060461634,0.26233843,0.045791974,0.09881819,-0.15542284,0.0067099667,-0.0061165713,-0.058052251
cop_0630,254,384.4282559,1000,1.9566451,0.034215469,0.85243375,1.9435678,0.020383305,0.86812655,1.6430266,0.012738297,0.86507719,0.31594453,-0.12341228,0.59046464,0.075777623,0.053659918,0.013371263,0.015891371,-0.0072319938,0.18137947,1.9030591,0.035100738,0.47633308,1.8695379,0.017637623,0.48752195,1.5820189,0.026851776,0.48267139,0.30733286,-0.081996456,0.31723203,0.073050676,0.034668826,-0.12250516,0.015380587,-0.0037925061,0.071472807
cop_0631,311,443.6744123,1000,2.7497358,0.025594561,1.7326708,2.8156636,0.011886942,1.7061084,2.3173708,0.0074344519,1.6935621,0.31537795,-0.32447358,1.3171226,0.082312963,0.02235,-0.067415766,0.017618121,0.084972261,0.22638388,2.6919515,0.029961705,1.1929994,2.686323,0.010791015,1.2917989,2.2579486,0.01283403,1.1897203,0.30922361,-0.25036235,0.93248693,0.079948734,0.02987802,-0.22327807,0.017274419,0.10407647,0.10038416
cop_0632,159,278.4591311,1000,1.425221,0.070159013,0.13632646,1.4209011,0.04445572,0.15629961,1.1441535,0.047411125,0.14037724,0.1548636,0.011822894,0.14713372,0.035224803,0.020263228,-0.025561903,0.010730702,0.010015095,0.062872801,1.415804,0.076953219,0.059992245,1.3590286,0.046478603,0.073327409,1.1352475,0.051119531,0.053536734,0.15328446,0.013977562,0.058279057,0.033919595,0.0098128039,-0.18089243,0.010439233,0.0070622861,-0.039639534
cop_0633,226,343.4419411,1000,2.5114463,0.023809021,1.5465043,2.5222689,0.011021998,1.5845076,2.1204462,0.011623267,1.5038535,0.38061292,-0.29099254,1.0997531,0.064359033,-0.028861229,0.013218064,0.016210717,0.06639097,0.35736258,2.4406907,0.015575781,1.0779238,2.3959469,-0.005406764,1.1766314,2.0451034,0.0089469001,1.1168798,0.37076076,-0.2600532,0.85726427,0.061791499,-0.025439049,-0.11725687,0.015891846,0.058587099,0.23761687
cop_0634,905,2778.364087,1000,1.5733462,-0.031798651,0.81177931,1.5875846,-0.055866478,0.78757145,1.283769,-0.06030781,0.85230623,0.077117531,-0.12280526,0.98427839,0.030864346,0.050629191,0.037285538,0.0057070451,0.0091844473,0.16134113,1.5278399,-0.028094017,0.49912938,1.5230117,-0.055987343,0.51382796,1.2532362,-0.055899077,0.54394168,0.075308909,-0.10731375,0.56838846,0.030064407,0.027319223,-0.1563222,0.0055534049,0.019535103,0.0095488439
cop_0635,925,3200.9083,1000,1.5598379,0.013263941,0.60199086,1.557415,-0.012841607,0.60924499,1.29534,-0.0054695656,0.62440383,0.045607707,-0.073319644,0.81715258,0.03310176,0.094543275,0.046007683,0.0055947017,-0.026443201,0.13866707,1.5226846,0.027668,0.31883253,1.5024075,0.0059212562,0.36885502,1.2719124,0.006475254,0.34094544,0.044157643,-0.062424541,0.4480023,0.031525822,0.066642654,-0.13251704,0.0054127115,-0.022304269,0.016428673
cop_0636,740,1395.397091,1000,1.6153529,-0.080330199,1.1419224,1.642043,-0.10255199,1.1373882,1.3329659,-0.10846845,1.1665906,0.13314161,-0.2338896,1.419844,0.01244876,0.066834622,-0.018726626,0.0013119192,0.022894734,0.25020008,1.5426676,-0.050153446,0.6559074,1.5596974,-0.070585887,0.65722295,1.2815902,-0.077882108,0.72442366,0.12830529,-0.17130312,0.87610111,0.011609206,0.045951746,-0.18712758,0.0012757699,0.0091826843,0.060552402
cop_0637,682,1136.18639,1000,2.3069021,0.057467696,0.81056828,2.2966512,0.049119504,0.82826976,1.9141323,0.0503658,0.81732946,0.2853578,-0.1299329,0.63295556,0.0037316675,0.026302857,-0.072747301,0.00043754936,0.048923979,0.14175347,2.2595934,0.052191156,0.48028947,2.2060387,0.033946119,0.50030059,1.8627442,0.044841502,0.50295109,0.27662614,-0.092104965,0.40849117,0.00354568,0.019089672,-0.22263577,0.00042324696,0.049738742,-0.0074519369
cop_0638,733,1360.857086,1000,1.7691063,0.023638237,0.49359004,1.7592912,0.0090944477,0.51297541,1.4724487,0.015086921,0.50877371,0.072290576,-0.033540437,0.63183037,0.020641509,0.081697515,0.020932527,0.0032093142,-0.013880126,0.11054865,1.7357972,0.053467228,0.31032477,1.6829504,0.029865155,0.32712472,1.4307176,0.038944842,0.32697944,0.070169201,-0.01074497,0.42438864,0.019671195,0.068224908,-0.18253129,0.0030847067,-0.007142622,-0.036702246
cop_0639,865,2404.021691,1000,1.639082,0.015044999,0.61887455,1.601698,-0.0090610522,0.64967166,1.3593184,0.0017917843,0.63509916,0.041269822,-0.056927951,0.79131549,0.013139555,0.13471084,0.068870301,0.0016470041,-0.0016171979,0.15036348,1.6058779,0.017109785,0.32816226,1.5522208,-0.0066504375,0.35679393,1.3316572,0.003307971,0.37359169,0.040081346,-0.036736981,0.46006899,0.012124328,0.091552306,-0.14703366,0.001585416,-0.0013866077,-0.030988807
cop_0640,643,1014.057659,1000,1.283929,0.045004087,0.18011802,1.2778067,0.026729198,0.19302394,1.0458112,0.032461534,0.19818249,0.10458531,0.010860785,0.25336652,0.018682418,0.090753792,-0.013467474,0.0022011358,-0.020344925,0.053696853,1.2727284,0.060441446,0.10177698,1.2330008,0.037415437,0.1011495,1.0280396,0.051361369,0.099103527,0.10267062,0.018499992,0.13888283,0.017564015,0.073598924,-0.1788024,0.0021305241,-0.017542887,-0.076225124
cop_0641,309,441.7664289,1000,1.3716688,0.063569623,0.25477516,1.3540882,0.038229222,0.26818625,1.1269092,0.055525867,0.26293708,0.026040602,-0.0076898165,0.3151032,0.012560237,0.054639255,0.016474951,0.001912467,-0.042692428,0.096444868,1.3448219,0.062833095,0.1428293,1.3176546,0.043881124,0.14638204,1.0997754,0.050743251,0.14937695,0.02521844,0.0019117047,0.18507385,0.011656918,0.034653177,-0.16600619,0.0018011046,-0.022639426,-0.057173935
cop_0642,282,411.8940709,1000,1.1969128,0.070947004,0.07134128,1.1618319,0.044639113,0.10087755,0.97946779,0.06583231,0.088847343,0.11440657,0.064523694,0.1212253,0.044946723,0.089980699,0.044248119,0.0089657127,-0.074181887,0.051931556,1.1774797,0.091123734,0.029567147,1.1300233,0.056529115,0.028552508,0.96139983,0.078420645,0.020472543,0.1118787,0.067875793,0.029072052,0.042842784,0.06988772,-0.1403482,0.0087304046,-0.056829129,-0.10473425
cop_0643,177,295.1884545,1000,1.7408799,-0.050058527,0.91589781,1.7479997,-0.068099093,0.94758156,1.4569765,-0.064439181,0.95196553,0.024364013,-0.19633183,1.1214417,0.01951862,0.024155605,0.059902709,0.0030384476,-0.010952654,0.32359718,1.6918644,-0.030123834,0.58746898,1.6497648,-0.044071337,0.60158812,1.4062048,-0.043146135,0.59548469,0.023323013,-0.16214555,0.69695084,0.018538319,0.041544855,-0.093375079,0.0029150901,-0.016579045,0.14817329
cop_0644,204,320.8903726,1000,1.143406,0.086087149,0.094061106,1.1318703,0.052172303,0.12125121,0.92575697,0.070277616,0.097297643,0.077758106,0.066334486,0.15022767,0.016950357,0.073795245,-0.051107256,0.0025935084,-0.041225351,0.016853071,1.1245473,0.074779235,0.035575145,1.0851487,0.041399012,0.030190312,0.91203704,0.065154813,0.036131642,0.075858367,0.0658173,0.064234067,0.016298161,0.05684349,-0.21090885,0.0025095412,-0.040857884,-0.10341952
cop_0645,775,1619.369731,1000,1.2560736,0.041527151,0.23167443,1.2262363,0.014870007,0.24571234,1.026706,0.025925329,0.24253568,0.020265405,-0.018457779,0.31920193,0.0098269172,0.075446693,0.0063855696,0.0010801113,-0.021440338,0.089765019,1.2446689,0.052769896,0.093348478,1.2060714,0.026424663,0.10855089,1.0092045,0.041721657,0.12319573,0.019809511,-0.0033795509,0.15131,0.0092966902,0.073478288,-0.19164424,0.0010340829,-0.019084882,-0.040252267
cop_0646,713,1277.506948,1000,1.6453375,0.055932356,0.30464104,1.6522254,0.041905742,0.32900192,1.3400446,0.038370672,0.30856607,0.025050037,-0.042769179,0.41370413,0.010430146,0.017619489,-0.043143841,0.002189776,0.018710221,0.050406683,1.6269879,0.058334886,0.18414166,1.5847022,0.032754374,0.21411177,1.3194933,0.039673213,0.21482776,0.024764651,-0.045275789,0.24046719,0.010143241,0.010601726,-0.19147475,0.0021325256,0.0097914771,-0.059284009
cop_0647,913,2914.713682,1000,1.5929702,0.0088610644,0.59959143,1.57462,-0.015077928,0.62617114,1.3305745,-0.0052740081,0.61444044,0.040955955,-0.03501929,0.65338236,0.022618035,0.12207748,0.062742914,0.0026913453,-0.064429715,0.18298147,1.5667944,0.029032845,0.36985891,1.5364992,0.0079339941,0.42201164,1.299197,0.0062451718,0.40093193,0.039974595,-0.024377133,0.40913319,0.021391472,0.10893041,-0.13357462,0.0026147824,-0.046550809,0.06223725
cop_0648,693,1190.452973,1000,2.1119055,0.067141545,0.3310141,2.0787817,0.059557193,0.35735894,1.7342026,0.070315896,0.33806856,0.26471795,-0.032737867,0.24811934,0.017282237,0.023831492,-0.0030084234,0.0027079708,0.016621879,0.11810641,2.0671664,0.062069208,0.18069958,2.0157743,0.057811418,0.20930946,1.7081876,0.069794433,0.17244436,0.25905942,-0.015831722,0.1564218,0.016221235,0.025586563,-0.14730446,0.0026154135,0.022176149,0.019730066
cop_0649,275,403.4395418,1000,1.5689262,-0.0032122552,0.66166607,1.5613018,-0.031637683,0.6763274,1.304676,-0.020334281,0.67858921,0.1055647,-0.096175957,0.8613908,0.023250973,0.057840643,0.088714857,0.0039900139,-4.4797564e-06,0.24206694,1.5431805,0.0078104831,0.35008854,1.5136383,-0.027194171,0.35046658,1.2754991,-0.011228166,0.36563026,0.10254534,-0.071354008,0.49346864,0.021809474,0.062706031,-0.084302859,0.0038382541,0.015735383,0.086851985
cop_0650,825,2042.182783,1000,1.8770921,-0.069763895,1.3149588,1.9159581,-0.077076427,1.2977342,1.5772469,-0.084510401,1.3011702,0.05816771,-0.1855346,1.4087714,0.036964625,0.077111499,0.064598212,0.00530299,-0.015240744,0.30796641,1.8317391,-0.026139917,0.83100664,1.7996247,-0.054614488,0.85564621,1.5238761,-0.051056866,0.82925395,0.056178715,-0.13787229,0.85964327,0.035607,0.049277728,-0.12854901,0.0051268693,-0.015199083,0.1270649
cop_0651,896,2656.138384,1000,2.9329482,0.030820932,1.6958173,2.9513615,0.025193934,1.7241462,2.4634131,0.023893479,1.6033793,0.12032749,-0.16551061,1.7314084,0.020620224,0.043737989,-0.085502562,0.0025679929,0.06034325,0.15792304,2.8241515,0.025456504,1.1285561,2.7822488,0.0035301071,1.1866107,2.3739565,0.022552292,1.1023936,0.11473023,-0.14010936,1.2651522,0.019539836,0.047690282,-0.19373504,0.0024883542,0.062320317,0.03473578
cop_0652,812,1893.10275,1000,2.382082,0.014714082,1.2529409,2.4033384,-0.003703546,1.3066286,1.9867719,-0.012445792,1.2565132,0.03462183,-0.14179487,0.99073672,0.049958117,0.026174075,0.0057334518,0.0094273815,-0.045009342,0.23860863,2.3158101,0.011154858,0.84878827,2.2799104,-0.013835877,0.87420903,1.9290011,-0.0091923654,0.89491846,0.034168634,-0.13723704,0.7055922,0.048236433,0.02056677,-0.11705867,0.0092944348,-0.037238653,0.099126854
cop_0653,937,3543.089973,1000,1.7767922,-0.045011413,1.0504226,1.7791598,-0.066601424,1.0942653,1.4876059,-0.062432225,1.0797649,0.063650646,-0.13374421,1.0890311,0.022184975,0.11138836,0.036448317,0.0025405145,-0.023490563,0.23737943,1.7422482,-0.018370278,0.63393483,1.7035377,-0.03356801,0.65842515,1.4522372,-0.036805527,0.66399151,0.061699053,-0.096223367,0.65784889,0.021269595,0.082593063,-0.16547551,0.0024315562,-0.01323307,0.10992918
cop_0654,95,229.7303387,1000,1.7825547,0.039550215,0.62207281,1.7694913,0.021081181,0.63093896,1.4921252,0.026973599,0.65494924,0.25939729,-0.08522202,0.53733672,0.12580513,0.084034651,-0.055693181,0.028921617,-0.040283044,0.11962604,1.7343738,0.039214729,0.32856017,1.7200806,0.015079925,0.32168381,1.4492054,0.024775818,0.33204968,0.25232423,-0.051919785,0.32007067,0.12036307,0.070333583,-0.1633153,0.028192458,-0.01599373,0.01534267
cop_0655,143,263.5844583,1000,1.1971519,0.069994674,0.11764354,1.1765559,0.048148035,0.13468309,0.9823529,0.063602534,0.12786285,0.1156077,0.040275529,0.14602087,0.020290973,0.020018011,0.048164826,0.0046612077,-0.067784838,0.06813516,1.1860238,0.064905818,0.043656788,1.1483063,0.042679458,0.040715893,0.96247477,0.061995894,0.051411826,0.11254604,0.030706839,0.067146818,0.019084376,0.021302097,-0.11358013,0.0044486603,-0.062996074,-0.033735576
cop_0656,23,128.7321559,1000,1.3044326,0.026288344,0.26362471,1.299508,0.0095728348,0.28362703,1.0570935,0.0095475737,0.27967721,0.012418118,-0.10179228,0.2367567,0.0054951812,-0.023621762,-0.15054473,0.00032917801,-0.025444837,0.034043747,1.2823843,0.050278343,0.12307599,1.2503752,0.023652103,0.14852865,1.040351,0.027903383,0.13850642,0.01224817,-0.091462923,0.11949094,0.0052457036,-0.022461732,-0.30003006,0.00032585751,-0.027843145,-0.052174049
cop_0657,233,355.4807432,1000,2.7899982,0.021354833,1.2302656,2.7625693,0.010530548,1.2452247,2.322599,0.01414731,1.1565384,0.020748818,-0.0871104,1.0702502,0.0042392445,0.041112084,-0.083211229,0.00052271578,0.076645237,0.30641788,2.6411451,0.017441101,0.83556928,2.6050597,0.0079595177,0.87710371,2.2223542,0.0035216378,0.82427114,0.019997238,-0.09398102,0.73212838,0.0040175648,0.0026695438,-0.23604925,0.00050493242,0.063757566,0.15468522
cop_0658,419,580.4532833,1000,1.3375673,0.015529386,0.35720865,1.3629439,-0.0089522426,0.36420963,1.0774255,-0.0069093629,0.38915687,0.14688951,-0.065761298,0.4375345,0.025189011,0.040150229,-0.064381067,0.0027064352,-0.0059389894,0.11943927,1.3247597,0.03005406,0.21084834,1.304978,-0.0069620888,0.21754111,1.0612428,-0.00050218218,0.22447925,0.14459633,-0.035157336,0.23784398,0.024308958,0.024899828,-0.23680454,0.0026932884,-0.015224395,-0.023821633
cop_0659,174,295.0014948,1000,1.7192551,-0.014148366,0.91225751,1.7107013,-0.038889622,0.92280146,1.4309978,-0.027279451,0.93294299,0.13376947,-0.11948154,1.0321902,0.038221213,0.017118222,0.13691634,0.010554039,0.035867894,0.43462519,1.6730726,-0.0016916892,0.50767988,1.6360364,-0.027892962,0.54225748,1.3911941,-0.014557365,0.53069533,0.13026294,-0.089689977,0.65310688,0.036395671,0.029891032,-0.054728177,0.0102463,0.026517184,0.18244528
cop_0660,683,1140.702161,1000,1.3648074,0.061729995,0.19507444,1.3314323,0.028127044,0.23012552,1.1273887,0.045445527,0.22232616,0.041823829,0.010926541,0.29956903,0.045119251,0.061810724,0.054091717,0.0086626821,-0.034576022,0.10947914,1.3370504,0.065498286,0.081839584,1.2886621,0.034827944,0.087977536,1.0991018,0.051558058,0.10589401,0.040490833,0.020363881,0.15019613,0.042329735,0.060646973,-0.13112868,0.0083279343,-0.022448998,-0.044749575
cop_0661,471,658.9518374,1000,1.9391475,-0.051785102,1.3387564,1.9255853,-0.072568845,1.3694523,1.6388281,-0.071510553,1.3065211,0.18429405,-0.20221013,1.3856458,0.070174688,0.070809529,0.11449939,0.016284739,0.0057625783,0.24067251,1.8814386,-0.024767646,0.84625577,1.8560665,-0.047431765,0.90156775,1.5741374,-0.049762546,0.85291488,0.17688591,-0.15300961,0.92817254,0.06598786,0.041207725,-0.032959284,0.015653267,0.0064312143,0.12665482
cop_0662,718,1305.9726,1000,1.2969894,0.0019937975,0.40257719,1.2888769,-0.0098000173,0.43208319,1.0563658,-0.0073900181,0.42766961,0.031303432,-0.0683709,0.57326847,0.0071409422,0.13441379,-0.066911582,0.00046056731,-0.032416687,0.1170247,1.2796634,0.030518774,0.17173298,1.2363238,0.0073183462,0.20613246,1.0343803,0.020697064,0.20464968,0.030336234,-0.046081923,0.29553908,0.0064533344,0.094579557,-0.29434925,0.00044001944,-0.033651261,-0.046891142
cop_0663,299,427.4601871,1000,1.7841704,0.048259151,0.4865463,1.7617402,0.032151472,0.49251679,1.4763949,0.043477719,0.49087041,0.10663693,-0.01896765,0.55185183,0.024650299,0.019766087,0.039078592,0.0055614581,0.012895557,0.19497752,1.7392848,0.060946563,0.26674433,1.6784478,0.026424682,0.2750435,1.4442739,0.047626557,0.27344504,0.10342769,-0.0070704556,0.30496324,0.023342858,0.013124247,-0.1267328,0.0053833266,0.0040376599,0.052970619
cop_0664,763,1553.737487,1000,1.2557449,0.039281469,0.206691,1.2457294,0.014423525,0.22683252,1.0133653,0.02279191,0.20402231,0.043210966,-0.038014365,0.30482701,0.025496242,0.021158321,-0.062503519,0.0050102591,-0.0073042208,0.0171121,1.2488401,0.048488897,0.099012527,1.2202114,0.012299704,0.099056266,1.006315,0.021227214,0.11788971,0.042865258,-0.026934095,0.14402411,0.024840769,0.011200553,-0.20513969,0.0049265438,-0.006448693,-0.10722353
cop_0665,515,730.7363859,1000,1.9571212,0.054914623,0.55295889,1.9441387,0.035505797,0.56349428,1.6361021,0.050393776,0.55386662,0.18275255,-0.028879262,0.55561162,0.095057398,0.055552713,0.027612632,0.021301672,-0.022832583,0.12193952,1.9096416,0.061202896,0.31931039,1.8503726,0.035051478,0.33531952,1.5848615,0.047114444,0.34886801,0.17676239,-0.020371179,0.36505516,0.090608711,0.047920757,-0.087312067,0.020713796,-0.015426898,0.014829512
cop_0666,988,7348.902494,1000,2.1259746,0.036097589,0.85182148,2.0878911,0.022216571,0.86887787,1.7762861,0.024112193,0.83340055,0.076886896,-0.029373064,0.87835788,0.021923242,0.12254274,0.014027422,0.0029867354,0.0043889549,0.13290868,2.0579005,0.022238438,0.51558132,2.005935,-0.0025580246,0.56417854,1.7341823,0.010435291,0.53364026,0.075354687,-0.042968158,0.57672687,0.020857468,0.10256506,-0.1620356,0.002900006,-0.0011081559,-0.021736588
cop_0667,98,231.2793829,1000,1.5621883,-0.0019422007,0.59189251,1.5557571,-0.016126288,0.61528284,1.2946177,-0.014895054,0.65301893,0.21041785,-0.090158105,0.63496241,0.051558675,0.049930815,0.088914971,0.0099378592,-0.0130597,0.23423554,1.5347324,0.0124849,0.33025802,1.4893786,-0.0083715861,0.36157118,1.2586297,0.006078434,0.35871777,0.20350441,-0.057411953,0.41784045,0.047920906,0.046337896,-0.079687014,0.009605834,-0.0027923951,0.075053645
cop_0668,86,214.4239424,1000,1.4247305,0.024419859,0.40780244,1.406245,0.0046005143,0.40975358,1.1764902,0.012234715,0.42247852,0.21622769,-0.053131492,0.41879889,0.029950957,0.05444454,0.047701827,0.0060239212,-0.022553018,0.16522084,1.395276,0.031670211,0.23152691,1.3447388,-0.0032860274,0.23843892,1.1475439,0.0090016466,0.24224207,0.21124779,-0.036900797,0.24050648,0.027916515,0.028144014,-0.12925433,0.0057326431,-0.0093249439,0.0066691209
cop_0669,191,304.8543126,1000,2.3063275,-0.06396286,1.6884631,2.2945869,-0.078964129,1.7454948,1.9509356,-0.076218083,1.6583158,0.036940726,-0.13007074,1.4649109,0.018850924,0.048939383,0.012920093,0.0028976107,0.053743075,0.51148281,2.1988426,-0.035895812,1.1001893,2.1801219,-0.062140066,1.1319327,1.8585131,-0.058606337,1.038966,0.035156843,-0.099805099,0.93461859,0.017888736,0.028131443,-0.09858654,0.0028198945,0.040131686,0.2813105
cop_0670,746,1438.417859,1000,2.0896054,0.04201936,0.7054125,2.1005135,0.032993118,0.74070466,1.7344975,0.033033453,0.7224503,0.072976447,-0.075831024,0.85140959,0.0017668832,0.055654685,-0.070287761,0.00016599049,0.050465212,0.21340542,2.0699313,0.036591647,0.4352692,2.0260148,0.016465629,0.48422447,1.705788,0.026756835,0.45772993,0.071401709,-0.066400026,0.50549739,0.0016670168,0.041886227,-0.22671566,0.000159437,0.051275848,0.071811032
cop_0671,290,422.4135448,1000,2.3669012,0.057183718,0.39707065,2.3163758,0.052673874,0.41643274,1.9405031,0.063776958,0.36906995,0.13011053,0.023429083,0.34005351,0.054773659,0.13135205,0.0044253402,0.0085325264,-0.017511229,0.12454118,2.3223894,0.057264827,0.26467368,2.2491947,0.04663304,0.25977514,1.9077222,0.054944592,0.23395716,0.1279674,0.022657637,0.23841746,0.053411023,0.1049488,-0.15049016,0.0083387677,-0.0037148233,0.0028434351
cop_0672,998,10851.46793,1000,1.5583264,0.0018165965,0.52944656,1.5536504,-0.012062469,0.56845875,1.2831495,-0.015693793,0.56938106,0.01691046,-0.094990009,0.94068459,0.014690021,0.058575233,-0.039364694,0.0019370512,-0.0060902226,0.13582407,1.5226099,0.017287836,0.35670272,1.5072926,-0.0077960662,0.37168974,1.257637,-0.0066009478,0.38628547,0.016545859,-0.072758113,0.57211647,0.01393673,0.037499161,-0.22237936,0.001911969,-0.0087768052,-0.01530151
cop_0673,663,1056.69966,1000,1.2152879,0.041925749,0.20152505,1.2126939,0.021122789,0.22583585,0.98218114,0.022091729,0.22905391,0.009730981,-0.10251727,0.26453775,0.010979416,0.0070182565,-0.08266035,0.0017448439,-0.022214165,0.055321948,1.1998835,0.052375513,0.091923662,1.1723083,0.023457557,0.0942495,0.96531301,0.040783749,0.091610568,0.0094448822,-0.080319171,0.1308192,0.010623507,0.0042412731,-0.19848758,0.001711627,-0.019179392,-0.049326251
cop_0674,403,561.5260081,1000,3.4775185,-0.005914881,2.6438594,3.4832579,-0.012045433,2.5922232,2.9354377,-0.026426608,2.5244949,0.49699897,-0.45590338,1.3757876,0.01834238,-0.06206825,-0.072909366,0.0040891217,0.12353025,0.36272094,3.298542,-0.0017671422,1.8112306,3.2955402,-0.012887813,1.8248096,2.7975557,-0.012130329,1.7176246,0.48476961,-0.42041208,1.0691734,0.018176102,-0.038561017,-0.20126256,0.0040115653,0.11778159,0.24600547
cop_0675,604,875.7116681,1000,2.3774317,-0.09065823,2.0650722,2.3991498,-0.11274856,2.076904,2.0154717,-0.10212372,1.9744136,0.12001088,-0.28159422,2.1520722,0.013071301,0.071374457,0.054023319,0.0016996206,0.057333198,0.571294,2.266301,-0.075095058,1.4337726,2.2640118,-0.10517432,1.4627249,1.9282687,-0.10074263,1.3750371,0.11500604,-0.24099244,1.5346337,0.012263457,0.080730302,-0.15638568,0.0016312113,0.031365569,0.3493787
cop_0676,258,389.1057709,1000,1.6816017,0.033106632,0.44834739,1.6810082,0.019150927,0.50649139,1.3786783,0.012832465,0.4862637,0.17684666,-0.066418728,0.51486911,0.025075094,0.042934506,-0.0082870945,0.0059405128,0.022302302,0.13566619,1.6568932,0.034084801,0.29590307,1.6263016,0.011556781,0.33854109,1.3561469,0.018849598,0.30721973,0.17372502,-0.050578634,0.32779032,0.024564777,0.026977313,-0.12228902,0.0058179958,0.013778657,0.028022445
cop_0677,465,646.6780564,1000,1.539491,0.036709064,0.35620596,1.5330537,0.013379526,0.36872384,1.269536,0.027912227,0.36455377,0.15913756,-0.021311193,0.40236532,0.0052865235,0.10634244,0.0010436092,0.00066864458,0.023774433,0.097725149,1.5075336,0.052850548,0.18938406,1.4793565,0.02250347,0.22548161,1.2433618,0.03710351,0.22679835,0.15478642,-0.0047877586,0.2678976,0.0049578384,0.088106499,-0.15795652,0.00065400299,0.0082639605,-0.029057425
cop_0678,39,157.9252606,1000,1.4425901,0.0074489733,0.49611859,1.4359636,-0.013644239,0.53553486,1.1981288,-0.0093906659,0.51674045,0.0145402,-0.086893475,0.47694719,0.0057102609,0.018212729,-0.036097884,0.00057989668,-0.036237482,0.17217123,1.4176397,0.021795656,0.32546156,1.389731,-0.0052625772,0.35751884,1.1865435,0.0027202496,0.33180511,0.014262417,-0.078539417,0.26978474,0.0054037416,0.0094838718,-0.24340771,0.00056401804,-0.04401456,0.049740234
cop_0679,773,1601.545302,1000,2.2592354,0.038008536,0.52369778,2.2359457,0.027503694,0.5412758,1.8361062,0.033703842,0.53677982,0.1337514,-0.053664253,0.56761347,0.0016064139,0.075034748,-0.039119819,0.00015706307,0.049281339,0.11622922,2.1947995,0.037806987,0.2880283,2.1538073,0.021673554,0.30725375,1.8025185,0.026930927,0.30031172,0.13139365,-0.050439669,0.32113614,0.0015399979,0.061758893,-0.22050912,0.0001525487,0.050446862,-0.0070293541
cop_0680,449,624.9647108,1000,1.7474191,-0.013520496,0.92329898,1.7215734,-0.037334385,0.97627875,1.4548005,-0.023704919,0.93043315,0.02738644,-0.047865768,0.77679773,0.0099548106,0.14930729,-0.027462091,0.0005274911,-0.051791111,0.19280206,1.6811032,-0.00067920594,0.59816919,1.6373403,-0.028930586,0.61616035,1.4014512,-0.021411543,0.61324131,0.026172032,-0.042517127,0.47470458,0.0090952224,0.10005245,-0.29122232,0.00050102974,-0.042489371,0.00735082
cop_0681,9,58.19077398,1000,1.1206954,0.080824506,0.074410771,1.088241,0.060137446,0.094038633,0.88516183,0.076640661,0.079290309,0.033977931,0.056343691,0.12336255,0.0040219793,0.10805889,-0.036544666,0.00018838311,-0.046959213,0.010963477,1.1000262,0.070436064,-0.0038784764,1.0442296,0.044612714,-0.00083322007,0.87734737,0.066007016,-0.001189559,0.03339622,0.048234248,0.0785242,0.0036713245,0.098803975,-0.27348362,0.00018081218,-0.031520922,-0.1187791
cop_0682,964,4841.570255,1000,1.372832,-0.037565098,0.73349113,1.3797675,-0.058354887,0.76834849,1.1358586,-0.052432374,0.77552848,0.040196767,-0.1738836,1.0598889,0.017174885,0.063743811,-0.060453648,0.0015772648,-0.024735522,0.18572708,1.3296817,-0.0065025618,0.388399,1.3207327,-0.037190139,0.43113504,1.0963075,-0.031649583,0.41084762,0.038853789,-0.11823939,0.59309663,0.016021716,0.02539524,-0.22229397,0.0014916154,-0.02604466,0.008091935
cop_0683,431,596.8021054,1000,1.9922175,-0.072104561,1.5626381,2.0304121,-0.092934308,1.5481575,1.6675027,-0.091819108,1.5473485,0.058997872,-0.22063786,1.9541718,0.036656633,0.082785157,0.13765062,0.0082969578,0.081444772,0.35215928,1.9476365,-0.052620554,1.0858532,1.9126565,-0.074246694,1.1121359,1.6196184,-0.07389326,1.1127425,0.057139794,-0.17633736,1.4597188,0.035050381,0.072622778,-0.001872154,0.008089058,0.069844151,0.18240988
cop_0684,895,2655.045335,1000,1.382853,0.054705007,0.18633768,1.3757876,0.03224631,0.23527621,1.1405643,0.043704232,0.21303582,0.041237415,0.00088839816,0.29279663,0.034532236,0.098431204,0.02799758,0.006283087,-0.035915944,0.070432354,1.3608907,0.05512645,0.10973631,1.3264152,0.02063815,0.12131948,1.1190808,0.037329208,0.13010448,0.04012617,-0.011092117,0.1472264,0.033330332,0.066904634,-0.10908145,0.0060883257,-0.025163978,-0.059136083
cop_0685,795,1774.1368,1000,1.9477537,0.0627601,0.37189483,1.940675,0.05432314,0.38577554,1.6068933,0.056171757,0.35278199,0.069098998,-0.0044802551,0.45026243,0.043675107,0.081136464,0.037108425,0.0092763585,-0.01848015,0.082080763,1.9052577,0.07031706,0.18475795,1.867157,0.056404722,0.20085354,1.580221,0.060573434,0.19905341,0.067728867,-0.0032613773,0.23383531,0.04224494,0.069309487,-0.086585902,0.0090320098,-0.010115779,-0.042702414
cop_0686,833,2097.126719,1000,2.6792215,-0.060283414,2.210398,2.7481815,-0.070191897,2.1929595,2.2831218,-0.079107536,2.0681237,0.060537859,-0.22695759,2.427541,0.057873737,0.077328164,0.14780251,0.013534654,0.026004546,0.37005724,2.5847601,-0.043347032,1.6830608,2.5727732,-0.057755563,1.6654089,2.1975965,-0.061773996,1.6357927,0.05772337,-0.19710987,1.8218554,0.055396443,0.064439904,0.0031699513,0.012985872,0.027315111,0.21208145
cop_0687,329,461.484296,1000,1.1200655,0.070376055,0.10806617,1.1112144,0.046559401,0.13353409,0.89546203,0.064453781,0.11336715,0.027371994,0.030336556,0.17655192,0.0025941359,0.13394143,-0.026575525,0.00022211069,-0.011266725,0.036392325,1.1009058,0.065329038,0.042334982,1.0666524,0.036332833,0.051271153,0.8733064,0.055539221,0.037399382,0.026491329,0.020907306,0.090935209,0.0023749306,0.074383089,-0.24538618,0.00021142027,-0.012291116,-0.10155235
cop_0688,175,295.1124766,1000,2.6434072,-0.027972774,1.9953759,2.7206234,-0.040705823,1.9098067,2.2161206,-0.060636642,1.9333899,0.39196219,-0.40274956,1.4691575,0.050590333,-0.0072328064,-0.022193824,0.015132908,0.13544152,0.43404299,2.5635293,-0.029207457,1.4111925,2.5902398,-0.046130731,1.4610885,2.1411162,-0.055346078,1.4137191,0.38312649,-0.36500882,1.1371104,0.049193161,-0.002067635,-0.15462198,0.014913363,0.11282089,0.27685859
cop_0689,634,971.1273275,1000,1.5026359,0.056367902,0.25444514,1.4810148,0.03120927,0.29242471,1.239565,0.04214427,0.26374009,0.017750975,-0.013550622,0.33038191,0.031675704,0.11703749,0.064611975,0.0056140696,-0.0096718147,0.12407149,1.4684529,0.063426453,0.12865751,1.4396849,0.043268916,0.14365175,1.2139753,0.055747134,0.15085201,0.017174922,0.0034900822,0.1707331,0.029560265,0.084747958,-0.10758202,0.0054405601,0.0026064586,-0.012354997
cop_0690,788,1690.669677,1000,2.3555057,-0.038765388,1.624428,2.4201586,-0.049114841,1.6601764,1.9814675,-0.059738091,1.6353548,0.074814957,-0.21006728,1.9549545,0.0036660062,0.023454025,-0.01996117,0.00047855297,0.12652675,0.5983881,2.3055961,-0.022249741,1.1359214,2.3155411,-0.038433751,1.1480954,1.9481645,-0.047284707,1.1763268,0.073313161,-0.17223564,1.3771849,0.0035498922,0.038072031,-0.18824659,0.00047105994,0.10746209,0.3481993
cop_0691,406,566.929049,1000,1.5737794,0.0028047728,0.56357143,1.5653769,-0.022485528,0.57886308,1.3121888,-0.011136675,0.59356565,0.1397474,-0.077966187,0.68274382,0.059168485,0.078410888,0.10679478,0.012795916,-0.019172485,0.15691682,1.5395691,0.010798766,0.31746077,1.5040488,-0.023799083,0.31162993,1.2738992,-0.0045402817,0.32059779,0.13483221,-0.05549913,0.38898319,0.056473925,0.068767837,-0.057335489,0.012398461,-0.029824215,-0.0001140346
cop_0692,53,176.4230646,1000,2.3724838,0.05965709,0.73684233,2.3553126,0.044247537,0.76591774,1.9817129,0.055420432,0.73855693,0.37195676,-0.14491472,0.49356099,0.085042448,0.031032453,-0.040388301,0.022894464,0.04491197,0.14160205,2.2982664,0.04882127,0.47638435,2.2447788,0.033165482,0.50144671,1.9298382,0.041174195,0.47317022,0.36445513,-0.11496864,0.26610307,0.081256284,0.022188296,-0.15056873,0.022389841,0.037355984,0.0058441883
cop_0693,770,1588.072597,1000,1.3916519,0.068516828,0.16053034,1.3822333,0.046473155,0.18883128,1.1230904,0.046942942,0.18282274,0.015295014,-0.053911944,0.16040054,0.0078438323,0.029696992,-0.091434029,0.00070432634,-0.030098616,-0.020411419,1.3617036,0.070675729,0.051126261,1.323091,0.044950198,0.071023338,1.1024767,0.050494682,0.070659103,0.015031249,-0.051903728,0.021754955,0.007647758,0.010715616,-0.2323916,0.00069119208,-0.014984923,-0.13866417
cop_0694,709,1269.68744,1000,1.4767028,-0.01311847,0.68516517,1.4695697,-0.036784677,0.71846876,1.2289923,-0.026695886,0.68146192,0.014180513,-0.12917993,1.0333441,0.026228359,0.088198715,0.11559122,0.0043522359,-0.037026373,0.2783771,1.4489555,0.006140236,0.40492474,1.4012262,-0.019718579,0.44055384,1.1881072,0.0037196507,0.39093883,0.013435603,-0.1008605,0.62350169,0.024469197,0.064790423,-0.099331828,0.0041750937,-0.030781351,0.099593072
cop_0695,232,353.9401088,1000,1.7975336,0.058267804,0.21654766,1.7973278,0.040702732,0.23724101,1.4409717,0.048819673,0.20680554,0.21511449,-0.024448321,0.15962994,0.031805041,0.038918763,-0.021520237,0.008757634,0.041423794,0.079708564,1.7667246,0.061840969,0.11733285,1.728198,0.045238214,0.13366487,1.4251451,0.056174386,0.10795496,0.21275883,-0.021453275,0.086346561,0.030646932,0.025784266,-0.14486591,0.0085144495,0.030043325,-0.035767468
cop_0696,50,168.819737,1000,2.2185738,0.020419985,1.1557236,2.2362017,0.0019630876,1.1633571,1.8679714,0.0069141325,1.1444541,0.2810988,-0.16308029,0.93380509,0.089412698,0.038507579,0.056200414,0.025406211,0.042787102,0.22006552,2.1504906,0.019150691,0.75165491,2.1202093,-0.0011613081,0.76614296,1.8073473,0.0069905608,0.74350076,0.27208942,-0.14096615,0.57945407,0.084232843,0.049232288,-0.058467916,0.024384974,0.037300038,0.096200733
cop_0697,917,2996.225756,1000,2.3885624,-0.032063636,1.8282249,2.4553865,-0.040426969,1.7848149,1.9903382,-0.064114447,1.7821826,0.022789389,-0.18766205,1.6306222,0.026724124,0.038162442,0.064431336,0.0053036022,-0.051153852,0.39947781,2.3071581,-0.024343492,1.1775228,2.3316667,-0.037234079,1.2006096,1.9344175,-0.041553293,1.2490552,0.02212692,-0.14552781,1.138933,0.025896354,0.054109151,-0.066070986,0.0051982035,-0.051797551,0.22117242
cop_0698,771,1593.037961,1000,2.8218896,0.035079352,1.540053,2.8316479,0.019417503,1.5797751,2.3493085,0.011290892,1.5316996,0.17171619,-0.15150992,1.4122726,0.016541798,0.015129504,-0.068718089,0.0027440075,0.093390324,0.23708249,2.7302293,0.025552585,1.0708458,2.6933406,0.0063971028,1.0730349,2.2890685,0.011470115,1.0701128,0.16666828,-0.12394906,1.0629624,0.016042278,0.01850747,-0.21844221,0.0026807569,0.08281044,0.076522613
cop_0699,462,642.1344729,1000,1.3518129,0.061007587,0.15294594,1.3286987,0.036143548,0.17209787,1.10896,0.053958893,0.18005196,0.15724367,0.042517386,0.21552121,0.011591518,0.074289137,-0.043902396,0.0012881222,-0.03404543,0.078643063,1.3250946,0.065387044,0.040862834,1.2872517,0.047346514,0.051262344,1.0827182,0.056606395,0.068210976,0.15190169,0.046771316,0.062581899,0.010557424,0.065137084,-0.21255631,0.0011973379,-0.0060012014,-0.052520651
cop_0700,18,117.3375399,1000,1.6320173,-0.022368843,0.76072861,1.6381661,-0.032243409,0.77162918,1.3634701,-0.034875179,0.79936452,0.020625471,-0.12202129,0.97064078,0.0015810648,0.12585283,0.0035550373,9.6082749e-05,-0.036349199,0.22983152,1.5892438,-0.00075196679,0.44778064,1.5677094,-0.033141806,0.4459182,1.335669,-0.029656831,0.47205056,0.020030223,-0.11065673,0.59326467,0.0014350582,0.055424468,-0.23543105,9.1823006e-05,-0.017775095,0.025243765
cop_0701,447,620.9994373,1000,1.7274621,0.0309704,0.58107979,1.7357047,0.011861957,0.60315072,1.4349414,0.022817716,0.58486637,0.2253533,-0.067056941,0.54077656,0.010699285,0.091013138,0.06185502,0.0015926099,0.0081376726,0.17343114,1.6955498,0.04013868,0.33043536,1.6610308,0.023206378,0.35517813,1.4126855,0.020841238,0.35475618,0.22028143,-0.039793124,0.34326601,0.010132331,0.084517091,-0.15147366,0.0015457767,0.019155154,-0.0036214361
cop_0702,823,2017.269605,1000,1.3938243,-0.052128151,0.72166927,1.3978962,-0.071986355,0.72720387,1.1317205,-0.074933145,0.76315436,0.062062412,-0.15093265,0.86655529,0.033073321,0.027513097,0.021255049,0.0074117902,0.016197672,0.19320628,1.3613877,-0.038318642,0.41045623,1.3521778,-0.057238099,0.4682565,1.1211831,-0.055486709,0.44350043,0.061053763,-0.11182106,0.52810579,0.032616523,0.026029765,-0.14983891,0.0073042889,0.004934058,0.04996702
cop_0703,923,3192.252982,1000,2.2306042,0.047851815,0.53911696,2.2012304,0.03877859,0.56764361,1.8390726,0.046541202,0.51516772,0.14441909,-0.024256849,0.52563964,0.026869043,0.12021164,-0.0077899523,0.0031137135,-0.016582089,0.065609362,2.1777272,0.04342798,0.35492424,2.1145062,0.03584295,0.35845524,1.780576,0.036472417,0.34162996,0.1390745,-0.017131502,0.36866892,0.024956867,0.10634578,-0.19959714,0.0029501153,-0.012309893,-0.070454423
cop_0704,416,577.1691641,1000,1.3712221,0.064951714,0.24387269,1.3619984,0.037430931,0.25339364,1.1245743,0.04859187,0.24918805,0.040679128,0.015612498,0.31802924,0.0014872929,0.10255608,-0.043446553,0.00012349336,-0.028766733,0.12176183,1.3396622,0.07079204,0.14073585,1.3121301,0.048896189,0.13026023,1.1069521,0.059429595,0.13409652,0.039674849,0.011475166,0.15991949,0.0014254574,0.08424818,-0.25922021,0.00011657161,-0.025484722,-0.050052971
cop_0705,243,365.3624602,1000,2.3126352,0.05577946,0.76918325,2.345386,0.037961254,0.78227022,1.9298744,0.047646914,0.76827231,0.34093986,-0.15503948,0.54066944,0.067857804,0.018817325,-0.073727559,0.012525007,0.031436061,0.062945402,2.2482654,0.062263217,0.45088292,2.2230277,0.051428376,0.49414063,1.8833398,0.057769684,0.45274125,0.33304607,-0.10353072,0.30888574,0.065668279,0.014664864,-0.18579461,0.012249691,0.046359604,-0.03507764
cop_0706,963,4744.746884,1000,1.8570155,0.038112831,0.60708213,1.8603863,0.027758818,0.62030257,1.5412104,0.028077755,0.61609129,0.085079606,-0.023644236,0.7222096,0.020820547,0.10225354,0.015978553,0.0030039841,-0.00026068054,0.11644825,1.8121781,0.04842741,0.32369082,1.7694483,0.0275798,0.34252354,1.4964707,0.03369931,0.36114148,0.082247102,-0.017551666,0.41745156,0.019357872,0.066050549,-0.12880299,0.0028828014,-0.0089296495,-0.027245188
cop_0707,576,824.0916319,1000,1.4963906,0.03557962,0.32963537,1.5154685,0.017695416,0.36244705,1.2312105,0.022831518,0.3675275,0.17800325,-0.039839313,0.39886148,0.054750575,0.06914612,-0.020343253,0.010581241,-0.017445066,0.039454349,1.4782521,0.033591373,0.18719943,1.4594329,0.0085275466,0.21444084,1.2176517,0.017210341,0.21303202,0.17572664,-0.019922603,0.23027215,0.052104104,0.042221367,-0.17280933,0.010279584,-0.016284405,-0.075357747
cop_0708,834,2104.431552,1000,1.6665552,-0.0076172155,0.72293728,1.6932905,-0.028510926,0.75481651,1.3707551,-0.033765532,0.73874044,0.085989215,-0.11840353,0.86708353,0.064010935,0.035866804,-0.028255548,0.012898854,0.0055901533,0.12859175,1.6292071,-0.0045561395,0.44408657,1.6320037,-0.018405978,0.46609188,1.346615,-0.022019064,0.48875236,0.084718542,-0.084588678,0.59769607,0.062511539,0.039077147,-0.16256537,0.012713107,0.0085605766,0.023444425
cop_0709,747,1439.558139,1000,2.2706439,-0.11341051,2.0573821,2.3020108,-0.12963932,2.0494524,1.9016371,-0.13685127,2.0176575,0.12590446,-0.33560433,2.2533199,0.003767215,0.10678599,-0.057640716,0.00028979078,0.011412413,0.32253917,2.1890776,-0.090462192,1.3595378,2.1732717,-0.11743999,1.3689782,1.8303949,-0.10599174,1.3876315,0.12083406,-0.2698971,1.5421091,0.0033762272,0.08774479,-0.2256139,0.00028039935,0.021706127,0.11108549
cop_0710,452,627.1748177,1000,1.7110824,-0.025011493,0.95071795,1.742599,-0.041960205,0.95424666,1.4177553,-0.045199112,0.95640039,0.093239845,-0.12925847,1.0806242,0.010860754,0.090837945,0.0041664478,0.0013288344,0.02132538,0.30757733,1.6825606,0.00089593915,0.62204794,1.6739706,-0.026471599,0.62695025,1.4036692,-0.024127629,0.63798881,0.091337005,-0.092977411,0.68176079,0.010557824,0.084984905,-0.16840462,0.0012885629,0.021512566,0.17583969
cop_0711,935,3500.492516,1000,2.5040996,-0.082709844,2.0908924,2.5359872,-0.10016447,2.0967584,2.1113525,-0.11315668,2.015072,0.022786157,-0.2759114,2.3785525,0.034284912,0.055386533,0.10477165,0.0068883929,-0.081042409,0.60439804,2.4108127,-0.071191692,1.4689395,2.3770959,-0.088889839,1.5112394,2.0351572,-0.091217908,1.4539658,0.021744935,-0.23212351,1.754353,0.0327758,0.061541345,-0.06897136,0.0066631732,-0.068392071,0.34792469
cop_0712,56,182.7706873,1000,1.2694199,0.044042269,0.2384511,1.2567274,0.018530708,0.2591511,1.0427304,0.034774902,0.26263741,0.10556813,-0.0029940504,0.33301468,0.030318654,0.042534161,0.084507903,0.0066878082,-0.035485346,0.15479084,1.246067,0.047822553,0.080042035,1.2129371,0.023810158,0.090984965,1.0129767,0.032984899,0.093075521,0.10282367,0.01076269,0.14238449,0.028950232,0.020710808,-0.085032034,0.006549838,-0.030053049,-0.0087600594
cop_0713,511,721.8069329,1000,1.5496736,0.044774867,0.38300293,1.529948,0.024066686,0.40634696,1.2789275,0.032078918,0.40478456,0.01322248,-0.044419032,0.38250713,0.011501817,0.040589064,0.031011158,0.0013854426,-0.069721107,0.16560113,1.5122975,0.05068692,0.232171,1.4821654,0.015364792,0.23644118,1.2486796,0.02821544,0.22727288,0.012837272,-0.04483431,0.19469749,0.010833668,0.029495642,-0.15748021,0.0013125481,-0.060207201,0.013134361
cop_0714,460,641.9805206,1000,1.9273198,0.066319139,0.34594457,1.8958922,0.057642533,0.35432554,1.5861106,0.060701295,0.33460453,0.11580566,0.0088698064,0.41076208,0.013500498,0.078074301,0.0019840044,0.0023476169,0.010691993,0.10923124,1.8937609,0.066590063,0.20004181,1.8296381,0.050242956,0.19996217,1.5458865,0.056805958,0.20174187,0.11181247,0.010233724,0.24217553,0.013036985,0.059936818,-0.17125276,0.0022533937,0.019103418,-0.026367239
cop_0715,610,886.2135604,1000,2.4946095,0.059926857,0.98310211,2.4765118,0.042489541,1.0135466,2.0846098,0.048272714,0.99215494,0.3788414,-0.16043303,0.597705,0.10690807,0.073891094,-0.044672221,0.02265952,0.011738089,0.10284918,2.397699,0.056107577,0.63182704,2.3834788,0.037163906,0.63269559,1.999195,0.049317226,0.62792115,0.36425698,-0.13243133,0.33550564,0.10321459,0.049088943,-0.17846759,0.021910837,0.011702463,-0.045057513
cop_0716,433,598.5818176,1000,1.2199511,0.055632398,0.14972562,1.2191894,0.032798696,0.15246628,0.98035756,0.047648521,0.16544597,0.16642316,0.02605183,0.18853589,0.012185408,0.075093622,-0.050474693,0.0012660133,-0.020599155,0.032295071,1.2005924,0.062951578,0.036803211,1.1748901,0.033139484,0.055382607,0.96519073,0.042946008,0.050691842,0.16297077,0.028851306,0.084993641,0.01143031,0.066405023,-0.236886,0.0012293934,-0.014087757,-0.11999258
cop_0717,278,407.9810657,1000,1.2134896,0.056073784,0.15901976,1.2174386,0.024816405,0.18236928,0.97501956,0.037985283,0.17611141,0.12224469,-0.0089424442,0.18994179,0.05840044,0.022591175,-0.060570046,0.015039349,-0.01175061,0.016309093,1.205115,0.060032853,0.082311351,1.1721269,0.031678954,0.085641365,0.97138206,0.040617719,0.093494051,0.12122676,-0.0093090867,0.101506,0.057969982,0.026699219,-0.18747334,0.014833407,-0.0099486428,-0.11082108
cop_0718,173,294.7567132,1000,1.6222243,-0.0071956636,0.68187741,1.6248199,-0.025587581,0.7215841,1.3461302,-0.019751695,0.69682656,0.020805995,-0.11607242,1.0401414,0.0073368883,0.016338845,0.11259745,0.0013462051,0.0081547904,0.43753617,1.5897566,-0.0019688465,0.42496096,1.5474299,-0.032094129,0.43587623,1.3153856,-0.027391471,0.44002922,0.020127681,-0.10181593,0.62719184,0.0070237719,-0.0037557034,-0.084814325,0.001286358,0.0018137084,0.19979067
cop_0719,835,2113.360123,1000,2.7397726,0.016851307,1.5326205,2.7939178,0.016842623,1.5645519,2.2989772,0.00078479608,1.4725838,0.1337416,-0.1979661,1.5841597,0.033301636,0.036186441,-0.025156498,0.0054045162,0.081186329,0.20487727,2.6376862,0.03839796,0.97182154,2.6150698,0.014586483,1.0163726,2.2080611,0.013766832,0.94522161,0.12883425,-0.14922516,1.081405,0.032108756,0.023935398,-0.16708811,0.0052650133,0.067520843,0.06740734
cop_0720,238,359.1126907,1000,1.5278981,0.052187936,0.22469511,1.4925519,0.027264897,0.2442401,1.2616708,0.043723481,0.22622811,0.21058184,0.0089640562,0.20319845,0.085670595,0.074891106,0.013529792,0.018767829,-0.048985224,0.042537844,1.4997777,0.05560889,0.10865542,1.4436057,0.019603499,0.11579486,1.2369799,0.037241409,0.10976677,0.20622358,0.011735374,0.094230365,0.0809536,0.05704567,-0.13846133,0.018075622,-0.040348136,-0.082903004
cop_0721,850,2263.825165,1000,2.2815448,0.037237097,0.74677406,2.2777893,0.030346384,0.77395864,1.8785425,0.031566019,0.7635202,0.051075494,-0.04601696,0.89829547,0.0043584591,0.067143097,-0.065866779,0.0005450485,0.057186487,0.078105736,2.1978303,0.043963728,0.44818343,2.1749637,0.03008889,0.46717518,1.8317092,0.034713979,0.47348511,0.049681892,-0.048020826,0.53364555,0.0041341769,0.022661121,-0.22734545,0.00052875645,0.048971458,-0.031586545
cop_0722,435,601.6375438,1000,1.8661279,-0.074518634,1.2495131,1.8693977,-0.08425261,1.2713219,1.5722658,-0.090659036,1.2121745,0.066907336,-0.25155578,1.6165703,0.010188707,0.042213431,0.075251956,0.0013903199,0.042129139,0.3895904,1.7933653,-0.051644254,0.76640923,1.7763379,-0.072208274,0.81197768,1.51038,-0.072324459,0.77800972,0.06352088,-0.19148945,1.1098946,0.0093134735,0.041133205,-0.13303018,0.0012992733,0.042308813,0.19198071
cop_0723,855,2314.154254,1000,1.5394122,0.072984702,0.18448316,1.5037552,0.058400169,0.19536437,1.2610093,0.063817563,0.19769998,0.056218049,0.027668381,0.23943578,0.018940392,0.10987813,-0.005472465,0.0030431991,-0.0049059438,0.03909488,1.5150105,0.08244612,0.088462082,1.4733061,0.055919745,0.093737885,1.2351357,0.071962191,0.085853565,0.054619942,0.026466505,0.12200241,0.017569525,0.08039381,-0.16887361,0.0029162938,0.004895887,-0.10607746
cop_0724,81,211.9368664,1000,1.6986687,0.048183669,0.35466303,1.6784177,0.033809912,0.3913944,1.3895306,0.03698742,0.37925112,0.031457333,0.016507686,0.39363424,0.010039179,0.059341414,-0.026502287,0.001393886,-0.049762446,0.13466888,1.662752,0.052387257,0.20846967,1.6147083,0.030383123,0.19672151,1.3627534,0.038377906,0.22102962,0.030808262,0.0025789191,0.21440862,0.0095854944,0.058829893,-0.20065664,0.001358566,-0.047849693,-0.015116296
cop_0725,743,1428.997851,1000,1.6676074,0.018910931,0.57321826,1.6628065,-0.001806179,0.60328964,1.3792565,0.007951795,0.61831,0.030649755,-0.06689013,0.7659236,0.023388397,0.084815845,0.083130788,0.0042005007,-0.014056639,0.17255081,1.622784,0.027714292,0.35566557,1.5888874,0.0025372756,0.37983429,1.3430103,0.010724116,0.36483248,0.029743514,-0.05781602,0.43880815,0.022114016,0.064975815,-0.090976884,0.0040291602,-0.017157869,0.034076153
cop_0726,250,380.1477492,1000,1.5096317,0.043730478,0.26983756,1.5174372,0.029288861,0.30515226,1.2226336,0.026386677,0.29519108,0.066186683,-0.024423294,0.35568209,0.014063119,0.013924912,-0.026356381,0.0030424523,0.019516911,0.068004681,1.4950394,0.049064509,0.13693378,1.4546937,0.028429546,0.132844,1.209649,0.03093272,0.14964893,0.065293308,-0.01790205,0.1880893,0.013688052,0.015660523,-0.14062593,0.0029876577,0.015694382,-0.040717775
cop_0727,210,326.9140368,1000,1.3071059,0.041522433,0.23275548,1.2847768,0.020286431,0.25716552,1.0651039,0.033572269,0.25420464,0.15078081,0.030199087,0.30169538,0.049816833,0.078981544,0.031436436,0.0085413839,-0.065557049,0.11011986,1.2868513,0.039274101,0.12562925,1.2408122,0.0083401322,0.12568133,1.0455334,0.023179229,0.12469211,0.14616339,0.021364944,0.15663759,0.047098132,0.058936049,-0.14632892,0.0082050607,-0.05448552,-0.033637938
cop_0728,77,203.9514399,1000,1.237228,0.065871785,0.21098683,1.2304251,0.04194855,0.24116203,1.0155252,0.059665878,0.22568558,0.052364006,0.030980154,0.32949731,0.015918898,0.060925635,0.073627236,0.0030473814,-0.038717496,0.14726918,1.2215072,0.057845511,0.087882937,1.1780911,0.028572646,0.11037672,0.99807538,0.051334029,0.088009621,0.05090607,0.015374787,0.157271,0.014783748,0.057201911,-0.10431013,0.0029303993,-0.033911598,-0.0095964268
cop_0729,772,1598.104347,1000,1.8923749,-0.067827874,1.365067,1.9095503,-0.082135946,1.3301106,1.5978991,-0.078558893,1.3311959,0.03382129,-0.17368527,1.5479171,0.018821806,0.077084841,0.11209633,0.0029410689,0.0010800701,0.30127784,1.8345154,-0.041931746,0.80924564,1.8200713,-0.055718803,0.81859401,1.5497247,-0.062459898,0.8377103,0.032460666,-0.1418383,0.95842774,0.017559874,0.058317274,-0.022549611,0.0028256419,-0.0063169516,0.1761907
cop_0730,945,3816.246223,1000,1.7870986,-0.085135221,1.4147872,1.8142864,-0.099337731,1.4376803,1.493654,-0.098531323,1.4204168,0.036645167,-0.22184135,1.5448662,0.014295565,0.12227691,-0.0074960393,0.0011797252,-0.050402878,0.28288047,1.7216174,-0.070189808,0.90117633,1.6883978,-0.089902996,0.95353351,1.4329667,-0.092800585,0.90701676,0.03461781,-0.18858508,0.9895908,0.01321885,0.081950076,-0.2131182,0.0011218196,-0.055672497,0.12449181
cop_0731,79,209.2752286,1000,1.1254932,0.07360686,0.061291131,1.1119382,0.039986133,0.081382057,0.90514945,0.063731552,0.078901606,0.14317675,0.065024687,0.1060403,0.045877192,0.081574326,0.042015696,0.0078755906,-0.090689084,0.031797606,1.1082045,0.063599466,-0.0095259847,1.073026,0.034378844,0.0004359256,0.88200984,0.055750117,-0.00010319814,0.13966389,0.053448056,0.01982904,0.043210827,0.072091673,-0.16373259,0.0076369943,-0.066718086,-0.097854202
cop_0732,327,460.502529,1000,2.5649856,0.044730361,0.78958628,2.5383768,0.034247325,0.83088228,2.120526,0.041128548,0.76744061,0.22041955,-0.096468854,0.68677938,0.043528523,0.014615036,-0.0096104124,0.011007651,0.06799762,0.24424128,2.4836333,0.053177975,0.42891233,2.4267744,0.043198731,0.46123749,2.0633199,0.038807782,0.44614708,0.21341463,-0.063800178,0.43439129,0.042580467,0.0083769283,-0.1253764,0.010671698,0.05730775,0.094462604
cop_0733,457,638.4314375,1000,1.7041942,0.0017764787,0.88504704,1.6971768,-0.01985333,0.89036572,1.4324366,-0.010812895,0.89335693,0.11588619,-0.11363008,1.0654359,0.024221771,0.069970571,0.080160919,0.0033574074,-0.01256167,0.27346424,1.6628288,-0.0011275111,0.53827027,1.6337774,-0.023208395,0.54991821,1.3859902,-0.011078214,0.55204151,0.11164988,-0.085174554,0.70749904,0.02239142,0.037995923,-0.12204725,0.0032063526,-0.025384659,0.075138126
cop_0734,782,1646.300276,1000,2.3424716,0.059220813,0.41577679,2.32375,0.05146619,0.44395916,1.9327645,0.061836977,0.40332361,0.15087215,0.0052278312,0.40398695,0.0056488249,0.16677058,-0.0040903784,0.00040537995,0.028694777,0.049288615,2.2855244,0.049184703,0.29058335,2.2335362,0.038894781,0.30125878,1.8937541,0.04400586,0.27568913,0.14706943,-0.0035681475,0.28918644,0.0051309951,0.12644843,-0.24036129,0.00039112372,0.033785605,-0.071963924
cop_0735,288,421.179748,1000,1.8846508,0.05658834,0.45394889,1.8707968,0.047392575,0.47873485,1.5159258,0.041438753,0.46906928,0.25349351,-0.077775935,0.34009999,0.070940785,0.026283285,-0.08409982,0.01432019,0.013273907,0.0011753222,1.8469477,0.0502854,0.28457987,1.80455,0.030362344,0.2981196,1.4950382,0.029281345,0.30653196,0.25134673,-0.058427446,0.22709776,0.068580694,0.024526723,-0.21557024,0.013944769,0.016909109,-0.08774264
cop_0736,125,254.3410861,1000,2.2906838,0.065765172,0.45223189,2.2602713,0.056132729,0.47489183,1.9071294,0.064508987,0.42653288,0.14927384,-0.02088669,0.4878023,0.052389203,0.061717518,0.017102359,0.012194961,0.018763017,0.10920116,2.259211,0.056810379,0.20966188,2.2026251,0.044750298,0.23023103,1.8518112,0.050837846,0.21485357,0.14557255,-0.018225065,0.23546419,0.049851451,0.057170606,-0.11325025,0.011755693,0.020460041,-0.015676925
cop_0737,873,2475.510795,1000,1.8865929,-0.053331444,1.2098143,1.8940312,-0.065590294,1.2534546,1.5980812,-0.074761006,1.2153198,0.050623672,-0.18755032,1.5849602,0.0035647289,0.19831747,-0.00089570003,0.00020792351,-0.0035009524,0.22837501,1.849882,-0.046465794,0.75757387,1.8191274,-0.067053622,0.8298241,1.5526673,-0.06539112,0.77169183,0.048882248,-0.15464734,1.0796734,0.0029847725,0.12409548,-0.23575584,0.00019791509,-0.0045616393,0.090421914
cop_0738,919,3028.155463,1000,2.2025537,-0.13714189,1.9719781,2.1973156,-0.15850274,2.0078857,1.8490779,-0.15406293,1.8948826,0.044371534,-0.31565448,2.5718553,0.044487462,0.086682648,0.11772974,0.0086754756,-0.035663072,0.45508181,2.0919638,-0.1011237,1.2871167,2.0520815,-0.12698602,1.3231477,1.7575065,-0.12206054,1.2830104,0.042221366,-0.26331521,1.7377933,0.041987637,0.083499479,-0.05562311,0.0083291656,-0.032627518,0.22317925
cop_0739,70,198.5624399,1000,1.2371791,0.069249732,0.12829764,1.2145861,0.044577937,0.12724203,1.0137769,0.063066203,0.13485103,0.032048237,0.014048982,0.17773603,0.0007078276,0.12451289,0.00061897575,5.4516023e-05,-0.017372396,0.077965897,1.2266545,0.072102408,0.057410354,1.1653447,0.052477501,0.058749299,0.99472759,0.062192849,0.057770218,0.031021576,0.01715117,0.096825943,0.00064635457,0.11596505,-0.22301389,5.173185e-05,-0.011379623,-0.089841923
cop_0740,40,158.1484393,1000,2.2465402,0.0086451351,1.4527409,2.2680836,-0.0030812629,1.4185962,1.8865538,-0.0072984863,1.3874833,0.28662368,-0.21085966,1.1569967,0.097967559,0.052271381,0.03683684,0.027089682,0.044660809,0.21109718,2.1692224,0.029761942,0.93726526,2.1572466,0.0088244933,0.94956732,1.8186314,0.0068450483,0.92728442,0.27671412,-0.16199372,0.78625227,0.093443496,0.039810326,-0.1027354,0.026120826,0.03676408,0.088600796
cop_0741,710,1270.423503,1000,1.7482928,0.019964709,0.58813647,1.75302,0.0071160162,0.61542907,1.464982,0.0099650004,0.59815535,0.015841988,-0.058479744,0.50954785,0.014878247,0.10560529,0.065920235,0.0022713821,-0.050329474,0.15533731,1.7032665,0.02870787,0.31740051,1.6798499,0.012345214,0.37497157,1.4170119,0.015080198,0.3493814,0.015372838,-0.06665055,0.26567156,0.014104578,0.053798318,-0.12204716,0.0021803875,-0.049107214,0.0091887233
cop_0742,411,572.0300994,1000,1.7184366,0.0071793077,0.70137362,1.7165034,-0.01901049,0.71626403,1.4391014,-0.0061979662,0.68291144,0.19854296,-0.10374787,0.76041753,0.068135298,0.045968042,0.033470139,0.012558211,-0.0048624341,0.15097133,1.6915987,0.021370153,0.45264826,1.662588,-0.0046428634,0.49013365,1.4206797,0.002270061,0.49667145,0.19609413,-0.077471133,0.52011159,0.06412787,0.053406417,-0.13032448,0.012231416,0.0024754688,0.016482445
cop_0743,677,1115.017122,1000,1.3037922,-0.03071719,0.52960835,1.3313011,-0.046817589,0.53542041,1.0595703,-0.052002224,0.57802965,0.18001971,-0.15172948,0.6934959,0.022976202,0.018280991,-0.10157212,0.0026466349,0.0022840038,0.10890408,1.2710475,-0.0089970542,0.28908029,1.2561238,-0.039732693,0.30422705,1.0341103,-0.024493116,0.32971124,0.17555899,-0.10258038,0.41607038,0.021576939,0.0083238839,-0.23171468,0.0025356526,-0.0021964336,-0.045381682
cop_0744,497,703.0603155,1000,1.285686,0.055337029,0.16623664,1.2706304,0.0351889,0.18475659,1.0406358,0.046605195,0.16871769,0.01319426,-0.026452726,0.18333038,0.004344951,0.058161115,-0.081679348,0.00035717411,-0.032564807,0.01038213,1.2753431,0.065845587,0.079067652,1.2408235,0.038453957,0.085682052,1.0259157,0.044745702,0.095389069,0.012899896,-0.019952169,0.09208965,0.0040799064,0.030498247,-0.26920259,0.00034524399,-0.026413196,-0.096470572
cop_0745,28,150.6418579,1000,1.1171207,0.083478252,0.12663214,1.0971429,0.055237567,0.14901566,0.90041867,0.080504231,0.13851122,0.014213302,0.038500462,0.1814388,0.0070095547,-0.0031383343,-0.025987912,0.0011627379,-0.07284731,0.085078277,1.1105069,0.087324654,0.027911595,1.0777016,0.057516917,0.033902966,0.8865313,0.073530557,0.037202329,0.013826088,0.028914218,0.069538159,0.0064963803,-0.016433495,-0.19438096,0.0011151243,-0.051376448,-0.041317647
cop_0746,80,210.370405,1000,1.1537416,0.073866712,0.14677101,1.1185312,0.045691127,0.16793488,0.9338066,0.067096649,0.14829698,0.030900492,0.039562059,0.19222689,0.010249404,0.023186716,-0.028723288,0.0012588276,-0.091356006,0.097297744,1.1333409,0.069707545,0.035102167,1.0945102,0.042172294,0.066651633,0.91742244,0.059188877,0.049745953,0.029982515,0.041912601,0.088775705,0.0096291595,0.012162017,-0.17037893,0.0012009622,-0.081888233,-0.012356291
cop_0747,354,495.356746,1000,1.3640024,-0.0025563766,0.41369243,1.3712508,-0.010633383,0.41901855,1.1166055,-0.01952305,0.42548551,0.16939066,-0.077384707,0.48098101,0.014170273,0.027832309,-0.0336003,0.0024005615,-0.0049411796,0.20158075,1.3327357,0.0097607804,0.22651878,1.307282,-0.0077215806,0.25553137,1.0947208,-0.010370965,0.24691564,0.16620374,-0.06994718,0.27036399,0.013677684,0.024985554,-0.16537104,0.0023232189,-0.0041475353,0.061050681
cop_0748,651,1039.338147,1000,1.3153894,0.031765509,0.2959261,1.3057192,0.01752547,0.34573657,1.0774419,0.023009999,0.29440188,0.14373681,-0.024035661,0.36246688,0.038600633,0.090450643,0.036936945,0.0060324526,-0.049243754,0.093671365,1.2868661,0.036853375,0.13956368,1.2471686,0.0071841768,0.15319705,1.0589218,0.015726686,0.1461678,0.14111134,-0.016470516,0.18076661,0.0365258,0.083561253,-0.17837,0.0058311268,-0.041419734,-0.061192912
cop_0749,150,271.4160968,1000,2.2227061,0.053837978,0.77761464,2.2256786,0.040647823,0.79428513,1.8582381,0.047019192,0.76907022,0.22976772,-0.071233916,0.65691368,0.070018988,0.023887019,0.050507942,0.021301696,0.04240794,0.23729999,2.1402599,0.052094327,0.4757467,2.1242846,0.033093608,0.47519311,1.8023554,0.039606961,0.47369191,0.22258519,-0.057731608,0.44148495,0.067313769,0.025324187,-0.073260667,0.020680801,0.041434001,0.087114666
cop_0750,72,199.6247275,1000,2.9434569,0.0042367538,2.3391409,2.9447082,-0.0045087607,2.2958234,2.5183314,-0.0015450391,2.2379468,0.44224957,-0.39136291,1.4104026,0.094002686,0.0060966385,-0.037930723,0.028304137,0.11154665,0.32583916,2.826291,0.00069208067,1.5421529,2.8003382,-0.020926785,1.5902767,2.4177655,-0.0097884521,1.5739909,0.43404986,-0.35910194,1.1699534,0.090547829,0.013500713,-0.12460751,0.02763221,0.099494947,0.21257899
cop_0751,637,985.3094033,1000,1.9392144,-0.030288782,1.1126486,1.9213392,-0.04178086,1.179993,1.6387311,-0.039446862,1.0939505,0.025831812,-0.13902762,1.2339864,0.052600436,0.086538708,0.15925654,0.011183078,-0.063271331,0.34418373,1.8483955,-0.016185798,0.71630363,1.8246884,-0.032930536,0.7809755,1.5616607,-0.032270573,0.7383152,0.024668344,-0.12508784,0.79230642,0.049567876,0.067834579,-0.02335461,0.010681634,-0.062061084,0.17965653
cop_0752,337,469.7026736,1000,2.147757,-0.022125971,1.2959608,2.1491754,-0.042789116,1.3317921,1.8135362,-0.040305543,1.2448592,0.031640048,-0.12813783,1.115151,0.0072339484,0.016341528,-0.096056705,0.00050747288,-0.013693842,0.30111634,2.0517171,-0.018105296,0.75962609,2.0487033,-0.030440958,0.83882196,1.7412562,-0.029972493,0.76117273,0.030405114,-0.10171634,0.6477814,0.0068514748,0.018425625,-0.29639195,0.00048645679,-0.021808535,0.12602913
cop_0753,224,342.8881098,1000,1.7738462,-0.0066511664,0.91002696,1.7754065,-0.030690608,0.92094404,1.500548,-0.022458806,0.88546661,0.22175932,-0.10986405,0.86202358,0.059510673,0.067279529,0.10640705,0.013673192,0.01112846,0.33009842,1.7459353,-0.0094879387,0.58447275,1.7152554,-0.028771027,0.58509077,1.455478,-0.028181563,0.60434056,0.21594651,-0.10866227,0.59208206,0.056025472,0.057353861,-0.078271471,0.013319664,0.010528926,0.16830913
cop_0754,192,305.6621118,1000,1.2521039,0.054286849,0.12329091,1.2325298,0.034230415,0.13918729,1.0104613,0.044177982,0.13838957,0.15405538,0.037065246,0.17089217,0.041552604,0.0067606183,0.02588347,0.0083592253,-0.053290828,0.10082572,1.2364265,0.069343435,0.031329264,1.2068308,0.044738461,0.050148564,1.0009276,0.056491909,0.041615875,0.15128552,0.046972526,0.05734123,0.039347165,0.0067881594,-0.16520285,0.0080298145,-0.025950349,-0.038508377
cop_0755,993,8332.309093,1000,1.9333558,0.019352335,0.8829605,1.9853038,0.0014409667,0.84950249,1.5965488,-0.002642213,0.87703062,0.073246215,-0.11717207,1.0417184,0.011042629,0.017622358,-0.080663502,0.0011325513,-0.00033567369,0.11380187,1.8853654,0.021751254,0.50525696,1.863967,0.0038859762,0.52235449,1.5612238,0.011516913,0.53182762,0.070569981,-0.072087856,0.66417988,0.010126781,0.027735594,-0.26393541,0.0011039244,0.0098442438,-0.0045360768
cop_0756,280,408.3829465,1000,1.489237,-0.019840922,0.70574731,1.512589,-0.049003871,0.7116463,1.2333449,-0.042059771,0.70318905,0.19120394,-0.1554504,0.81716357,0.0727491,0.040732424,-0.020249429,0.012711949,-0.0074369746,0.18091785,1.4416825,-0.010661929,0.3971121,1.4591246,-0.031410472,0.41408138,1.2037251,-0.031570211,0.42349007,0.18567435,-0.10674858,0.45395986,0.070080963,0.025938308,-0.1688191,0.012238807,-0.0085795026,0.054623074
cop_0757,831,2080.779388,1000,2.3120936,-0.063432815,1.8778742,2.351676,-0.066182459,1.8593947,1.9495664,-0.079803805,1.8369997,0.18986953,-0.27150869,1.8062046,0.054784002,0.073923829,0.053296268,0.0092519381,0.019182484,0.29633067,2.2154116,-0.048975393,1.3409101,2.215335,-0.074670273,1.3970309,1.8705579,-0.077097009,1.3714154,0.18246032,-0.2449455,1.3665519,0.051380178,0.080688483,-0.099607232,0.0088959161,-0.0011994238,0.13673889
cop_0758,723,1325.002604,1000,1.0908429,0.07664961,0.08224189,1.0715353,0.048270937,0.10052771,0.88323275,0.067731106,0.088037307,0.0080475745,-0.0032858457,0.16399122,0.014011006,0.067501684,-0.075279126,0.0014075362,-0.0038051743,0.029721613,1.0779596,0.078933794,0.006389447,1.0396708,0.054536386,0.024191203,0.86583082,0.06472227,0.0082704123,0.0077155874,-0.0011650783,0.048770195,0.012928437,0.027218413,-0.24348603,0.0013335511,0.0054311232,-0.10596618
cop_0759,818,1963.834615,1000,2.2415444,-0.053964691,1.6298718,2.248875,-0.066071208,1.6356022,1.8991276,-0.071295961,1.5202017,0.13177575,-0.17646516,1.6149542,0.020712848,0.15896162,0.037874384,0.0018508229,0.00095076761,0.25806229,2.1467538,-0.032856178,1.0564635,2.1213578,-0.04907486,1.1242769,1.817739,-0.049484171,1.0705705,0.12627582,-0.14976881,1.1153486,0.019210686,0.13743308,-0.13901454,0.0017738814,0.0098584303,0.095135585
cop_0760,684,1145.431657,1000,1.9739466,-0.063730756,1.3282719,1.9921236,-0.078693517,1.4118608,1.6747382,-0.073153843,1.3466288,0.1108233,-0.209892,1.4724224,0.013359644,0.11913847,-0.0088579251,0.0012788313,0.0009115694,0.31070851,1.9049537,-0.031744404,0.94845611,1.8843107,-0.054573428,0.99710602,1.619589,-0.040630411,0.96067192,0.10751551,-0.15296418,1.0793782,0.012534524,0.1121266,-0.16963385,0.0012419875,-0.0083791282,0.12150911
cop_0761,794,1773.867236,1000,1.5132624,0.057404482,0.26811258,1.5006942,0.035978535,0.28973754,1.2323573,0.037791926,0.27266323,0.12093339,-0.010271265,0.29417718,0.0079714486,0.061618871,-0.08542168,0.0007389507,0.019083481,-0.00034748748,1.4874012,0.06150964,0.12177755,1.4506709,0.03525976,0.13018307,1.2029952,0.042588936,0.13163251,0.11884948,-0.00064778803,0.15705485,0.0075086223,0.054878906,-0.22883523,0.00072694482,-0.0011392525,-0.10675319
cop_0762,567,813.9671756,1000,1.5073444,0.016965842,0.53588961,1.5041539,-0.0082816878,0.55612761,1.2401409,-0.007332846,0.55845691,0.1011085,-0.069404172,0.69582709,0.020659106,0.044947379,-0.027052614,0.0033936719,0.0098084564,0.14112716,1.4827119,0.03203508,0.35560667,1.4469525,-0.0077593075,0.35840049,1.2155898,0.0056906289,0.37762317,0.098941756,-0.05004359,0.45810677,0.019705725,0.023089315,-0.16015064,0.0032797104,0.011379215,0.0058466687
cop_0763,179,295.5808675,1000,2.0074921,0.0024615049,1.0584803,2.0586288,-0.0099285693,1.0980091,1.6773998,-0.025048919,1.0785,0.16343407,-0.17577493,1.2293865,0.062929001,0.044360294,0.025932939,0.016305803,0.086374895,0.26636067,1.9555765,-0.0005104909,0.69062109,1.945024,-0.010557391,0.71165534,1.6207876,-0.022731887,0.73458573,0.15764405,-0.13221682,0.85324359,0.061183834,0.041422968,-0.10916964,0.016070605,0.084932156,0.12342012
cop_0764,214,330.3223954,1000,1.6650457,-0.030663226,0.83077959,1.6713869,-0.053405985,0.8425207,1.3650875,-0.055840671,0.87234714,0.22351935,-0.19126949,0.92035112,0.076978746,0.021861909,-0.029603629,0.015657962,0.02550963,0.21388775,1.6190832,-0.0002800651,0.47318089,1.5973966,-0.030489264,0.48363412,1.3421527,-0.026664012,0.50353909,0.21923488,-0.13131877,0.50468323,0.074088473,0.018017551,-0.1941609,0.015375981,0.017189991,0.046008484
cop_0765,697,1213.319566,1000,3.1147806,0.020600674,2.0895213,3.1174887,0.016373469,2.1710483,2.627651,0.0054576055,1.9823187,0.098917727,-0.20933249,2.1188153,0.041713031,0.044343387,0.017225314,0.0082992156,0.12587254,0.32564662,2.9772114,0.041785433,1.339573,2.944553,0.028887591,1.3760408,2.5158267,0.026088706,1.3277889,0.094948632,-0.15659025,1.4945634,0.039801183,0.035723779,-0.14686594,0.0080350416,0.11236441,0.17183145
cop_0766,559,806.7537394,1000,1.4488999,0.011541818,0.51904887,1.4216209,-0.017161793,0.53931123,1.2092569,0.0019973468,0.51248023,0.13287028,-0.051429665,0.59477284,0.038677151,0.072727484,0.076782202,0.0051927011,-0.037116095,0.1733662,1.4143498,0.016140173,0.29529826,1.3693563,-0.012659682,0.30586628,1.1818736,0.0055876495,0.29063231,0.12853064,-0.047666414,0.35623254,0.035397315,0.054604059,-0.1192977,0.0049500305,-0.036403471,-0.0062539478
cop_0767,356,496.8911631,1000,1.0920473,0.05933732,0.080243369,1.0784532,0.032957534,0.10694936,0.86875215,0.045169105,0.091275621,0.058089626,0.013165114,0.13764024,0.0029896278,0.062913876,-0.10295046,0.00030327523,-0.012326757,-0.0022184594,1.0829974,0.057152519,0.010112494,1.0424089,0.042628715,0.03115595,0.85798432,0.046472343,0.022188441,0.057153698,0.017069026,0.049256368,0.0028053884,0.067132171,-0.25297107,0.00029055033,-0.018638647,-0.13079381
cop_0768,702,1244.802905,1000,1.7572756,-0.053851457,1.0738175,1.7770505,-0.071203451,1.069677,1.487555,-0.065885761,1.1057971,0.024010805,-0.16649779,1.3856158,0.00044114875,0.059063441,-0.027189526,3.444499e-05,0.024201778,0.43820318,1.7002591,-0.028717521,0.64512386,1.6795303,-0.053538892,0.67265928,1.4262595,-0.049332198,0.68204584,0.023000982,-0.13726987,0.89842757,0.00040551233,0.053018373,-0.24846778,3.2590088e-05,0.0084523266,0.22052319
cop_0769,138,261.3648452,1000,1.3035516,0.028635464,0.22905352,1.3201913,0.01326548,0.23504514,1.0667512,0.014769546,0.24721833,0.075593745,-0.037606474,0.29268094,0.016183623,0.026055525,-0.0049589853,0.0036163165,0.0053768906,0.10959417,1.298375,0.041049608,0.11513173,1.2685088,0.014341073,0.12108003,1.0552887,0.017323724,0.12371824,0.074450698,-0.024211766,0.15722092,0.015499014,0.039293448,-0.14597674,0.0035384029,-0.0036360183,0.0019478843
cop_0770,691,1179.970325,1000,1.3933638,0.024288664,0.41856683,1.3720525,0.00050700517,0.44468994,1.1498529,0.011399242,0.45013811,0.025706782,-0.041540223,0.48664796,0.014195584,0.071265618,0.072784111,0.0017703263,-0.066758876,0.17404249,1.3644477,0.031109958,0.22350829,1.3348194,0.0049865877,0.25491052,1.1293078,0.013625032,0.23872058,0.024904159,-0.034216934,0.24259359,0.013429285,0.039648399,-0.14321208,0.0016717554,-0.062942743,0.0048443227
cop_0771,944,3809.874894,1000,2.4238641,0.042515644,0.64517604,2.4068296,0.033945577,0.64889432,2.0062431,0.042849888,0.61426421,0.059972764,-0.044383322,0.61929385,0.012527808,0.085129403,-0.055089482,0.001571606,0.00098826373,0.089648974,2.3390719,0.04014098,0.4340792,2.3037663,0.029307323,0.43805998,1.9590216,0.040406366,0.40972799,0.058497822,-0.031698524,0.43256772,0.012071693,0.064271579,-0.22429384,0.0015103976,-0.012511494,-0.04591467
cop_0772,517,735.0006511,1000,1.5274761,-0.025928184,0.69782829,1.5299251,-0.040635866,0.73173366,1.2698585,-0.044080562,0.71707981,0.013731004,-0.15197373,0.9433518,0.02430175,0.059425168,0.049272189,0.0051300174,-0.042111429,0.2156757,1.4925258,-0.0089308669,0.37171991,1.4613352,-0.03305378,0.42167683,1.2313158,-0.027579428,0.40802824,0.013140411,-0.12444795,0.57220111,0.022997913,0.044944835,-0.09883854,0.0049172281,-0.028620363,0.075202084
cop_0773,54,177.3584799,1000,1.2988116,0.029389945,0.23391577,1.294834,0.010360786,0.27383808,1.0658911,0.018668912,0.28567092,0.17307635,-0.012406044,0.30093975,0.077672766,0.059368856,0.022854636,0.018737809,-0.050035255,0.085417101,1.269954,0.041881546,0.12173239,1.2429645,0.014131526,0.12055146,1.037456,0.025008816,0.11825388,0.1684286,0.0028678402,0.14969686,0.073160127,0.028055237,-0.14649934,0.018124629,-0.037276545,-0.039011162
cop_0774,851,2267.953353,1000,1.9852163,-0.08978871,1.5505152,2.0043577,-0.10861064,1.5488726,1.680203,-0.091522932,1.5722119,0.22244126,-0.23211771,1.4204646,0.069954453,0.11564202,0.15315741,0.013038941,-0.0038888961,0.32338932,1.9284109,-0.071622209,1.0733872,1.8936534,-0.091991513,1.0960202,1.6227186,-0.082686557,1.050604,0.21446048,-0.1883134,0.98696421,0.066430706,0.098632537,-0.027956929,0.012741825,-0.0028028002,0.15376102
cop_0775,342,477.7012145,1000,3.2491525,0.021717053,2.1061838,3.2728326,0.01587592,2.1187891,2.7514273,0.012790905,2.0278002,0.49152921,-0.36995632,1.1154669,0.034942639,0.01163627,-0.060978916,0.0071849368,0.095431271,0.2471132,3.1234695,0.030811653,1.5268119,3.1186638,0.021611329,1.5577374,2.6538127,0.021148454,1.4735768,0.48199912,-0.33066576,0.90592682,0.034351348,0.023019942,-0.17506625,0.0069606994,0.096079426,0.17263327
cop_0776,300,427.7324785,1000,2.4607262,-0.039659058,1.9725963,2.4660094,-0.058934772,1.9560934,2.0454066,-0.065528734,1.9636444,0.2804814,-0.39740267,1.8124468,0.030283426,0.024661126,0.024672316,0.0064961612,0.11963241,0.36212733,2.3690313,-0.01737185,1.4086902,2.3473482,-0.048207748,1.4421933,1.986781,-0.039260488,1.4450839,0.27291164,-0.30877013,1.2837197,0.02969117,0.018498201,-0.12719873,0.0063015533,0.10211461,0.20041785
cop_0777,596,861.4709726,1000,1.2189787,0.054344972,0.20740873,1.2247835,0.026779258,0.20936424,0.98359924,0.039043184,0.23989969,0.12351333,-0.0018105483,0.25587555,0.055778148,0.048597093,0.011519753,0.01103831,-0.041406133,0.053193682,1.2001347,0.0513098,0.10008947,1.1647245,0.021799215,0.11877713,0.96250118,0.026152218,0.11047053,0.12007208,-0.0015446402,0.13555283,0.053510665,0.024092468,-0.16068058,0.010700502,-0.05606571,-0.089596117
cop_0778,546,780.1660676,1000,2.0953619,-0.064060116,1.5111894,2.1183138,-0.079721251,1.5177978,1.7677337,-0.069219246,1.4691647,0.1646863,-0.22571968,1.5783225,0.049681021,0.074930673,0.066419257,0.0092974085,0.029965651,0.2476429,2.0129475,-0.051731211,1.0050071,2.0014857,-0.08381337,1.0711757,1.7019071,-0.059689835,0.9992438,0.15720162,-0.184725,1.1506115,0.046573887,0.079860618,-0.08388597,0.0088356703,0.033878244,0.15068287
cop_0779,276,404.5577861,1000,1.4482233,0.04995881,0.19603726,1.454996,0.031484908,0.22402806,1.1630895,0.031924794,0.21325838,0.034288346,-0.02919115,0.29941729,0.019420371,0.035668609,-0.023124688,0.0041717643,-0.0024151748,0.039715217,1.4283127,0.056558795,0.10228029,1.389247,0.03384426,0.11498012,1.1488685,0.035325765,0.13010214,0.034072467,-0.0094635287,0.17318063,0.019345705,0.040370386,-0.14081049,0.0041563861,0.0045296304,-0.047525423
cop_0780,646,1025.51622,1000,1.952744,0.030738471,0.60543641,1.9589076,0.020938141,0.63762861,1.6024978,0.017942321,0.65121519,0.16805523,-0.087715955,0.66636343,0.041423674,0.042523641,-0.022693529,0.0091531665,0.050743518,0.094744345,1.9353837,0.038889803,0.37450367,1.9019172,0.020381627,0.41420767,1.5844978,0.027851187,0.41496075,0.16694101,-0.046570185,0.39242072,0.040322133,0.031846365,-0.14403625,0.009064847,0.054824849,-0.022369695
cop_0781,71,198.6284305,1000,2.0874009,-0.0811761,1.4693837,2.1191087,-0.097106005,1.4834227,1.7633819,-0.089744651,1.4227331,0.013299582,-0.26870995,1.8793818,0.0060427272,0.034051789,0.090136653,0.00097650256,0.09065963,0.52027826,2.0001418,-0.053277232,0.95720614,1.9975262,-0.079847666,0.93397093,1.6811152,-0.073044619,0.94999439,0.012759754,-0.2195202,1.2475578,0.0057630889,0.041597138,-0.074922205,0.00092411816,0.082658592,0.28073727
cop_0782,636,983.5366719,1000,1.8340834,0.041765205,0.58114745,1.8231716,0.029416144,0.59003464,1.5292451,0.032839096,0.58396769,0.016361576,-0.07515381,0.53190031,0.02345241,0.06889359,0.06079329,0.0048627293,-0.041500222,0.2020408,1.790031,0.044697109,0.33956676,1.7523673,0.025518542,0.35621786,1.4912932,0.029736969,0.35551508,0.015884361,-0.075027601,0.29730249,0.022427619,0.055645193,-0.09173296,0.0047583617,-0.035194613,0.048975428
cop_0783,17,115.8053739,1000,1.2789426,0.062153923,0.14741465,1.2625098,0.034858477,0.16261073,1.0468212,0.054701411,0.15701192,0.012889184,-0.0038360734,0.20111548,0.0021132546,0.030128667,-0.06785238,0.00016120052,-0.084481833,0.10741958,1.2601841,0.062916493,0.051336523,1.2255146,0.035975056,0.061642959,1.0237849,0.055451287,0.064192217,0.012436179,-0.0096216428,0.083857417,0.0020184737,0.0040647446,-0.27437108,0.0001526982,-0.088269329,-0.04707058
cop_0784,230,352.2794601,1000,1.4146057,0.065494703,0.20942483,1.3956598,0.042800455,0.23005848,1.1681117,0.04943892,0.2427951,0.18432509,0.013233833,0.2472506,0.067364055,0.06549413,0.0061525605,0.012465713,-0.048981041,0.059539054,1.3785276,0.064940477,0.093440695,1.3512154,0.035931015,0.098346259,1.1342007,0.046436618,0.11691675,0.17894752,0.014842244,0.11323825,0.064260517,0.037384411,-0.18594129,0.012028562,-0.035994476,-0.084185553
cop_0785,246,371.9454599,1000,1.5111859,-0.068842477,0.85621302,1.5143925,-0.091245039,0.88184234,1.2314184,-0.093062707,0.89511097,0.022668777,-0.21221033,1.3367385,0.0012930829,0.048653548,-0.082773936,0.00012119105,0.030807536,0.23656603,1.4729757,-0.033725985,0.5090178,1.4811946,-0.05621132,0.51569107,1.2081713,-0.060932136,0.57396924,0.022150442,-0.17158705,0.83184826,0.0012075692,0.025088664,-0.21287878,0.00011729512,0.016394413,0.054871936
cop_0786,568,816.3593714,1000,2.0410308,-0.077665759,1.554069,2.0666389,-0.096941953,1.5861845,1.7031277,-0.10192188,1.5314035,0.16397365,-0.2443077,1.6771175,0.0083361837,0.053383319,0.07133715,0.0013168389,0.080064743,0.45433315,1.9294229,-0.046700906,1.012928,1.921598,-0.067257502,1.0293647,1.6171634,-0.077551064,1.0308952,0.15615531,-0.18590735,1.1714459,0.0079998932,0.058943776,-0.12919199,0.0012740714,0.090426504,0.23594198
cop_0787,679,1122.011652,1000,2.0514158,-0.085833009,1.5615909,2.0746496,-0.10791961,1.5037119,1.699178,-0.11295675,1.5815903,0.1150396,-0.22806169,1.9094278,0.0011172059,0.04155875,-0.015550747,0.00015847082,0.12546313,0.60269227,1.9788382,-0.056762364,0.99257797,1.9722765,-0.084307105,1.076229,1.6406361,-0.093492484,1.0534587,0.11089025,-0.18335366,1.251786,0.0010717422,0.036243404,-0.150093,0.0001549039,0.11898441,0.37830895
cop_0788,400,558.5542878,1000,1.3541808,0.062439156,0.19537884,1.3385275,0.037541248,0.2027568,1.1035211,0.050871242,0.19817904,0.13617291,0.03360316,0.2377241,0.014202875,0.13597783,0.013006006,0.0011251929,-0.07497975,0.1135036,1.332059,0.054016072,0.08261872,1.3101644,0.025460829,0.10433726,1.087222,0.039272601,0.10508828,0.13241423,0.026021997,0.12585521,0.013259156,0.10453365,-0.21403413,0.0010715564,-0.065699588,-0.044063995
cop_0789,58,183.8216325,1000,1.4136574,0.03877296,0.3743811,1.4197132,0.017951496,0.39032895,1.175868,0.024994067,0.38832105,0.023167718,-0.04467619,0.56167471,0.008179722,0.061284247,0.061368627,0.0013067412,-0.030597431,0.21172777,1.3916827,0.042045396,0.23942639,1.3762005,0.020562723,0.24699904,1.157392,0.036839802,0.25479913,0.02228302,-0.034094022,0.35307703,0.0076376604,0.047595333,-0.10883743,0.0012522713,-0.039432799,0.037126154
cop_0790,716,1301.307238,1000,2.0769869,0.070266641,0.3767447,2.0432086,0.056183858,0.40782186,1.716538,0.06477871,0.36465827,0.19574448,-0.0089470678,0.36540923,0.018219719,0.076384242,-0.032423627,0.0019300659,0.017101514,0.070770369,2.0240542,0.071511931,0.24891719,1.9657567,0.067613965,0.28055412,1.6813387,0.070714484,0.23415427,0.19172329,0.0018938342,0.24141206,0.017222826,0.082260872,-0.20968621,0.0018373132,0.020218811,-0.066441003
cop_0791,139,261.4552923,1000,1.5351662,0.026603773,0.45743641,1.5293729,-0.00051278814,0.48612046,1.2759415,0.012763268,0.46252245,0.2226672,-0.066312818,0.4516318,0.036603137,0.016093472,0.055046315,0.0082901699,-0.022777134,0.17190588,1.5023194,0.033097183,0.2152814,1.4566249,0.0081804882,0.22752315,1.2417608,0.01837263,0.22359479,0.21779291,-0.053189452,0.23802798,0.034305471,0.035242168,-0.11280981,0.0079337823,-0.016185958,0.039707718
cop_0792,229,348.2516332,1000,1.8897647,0.024997278,0.73167744,1.8902976,0.010900439,0.75955909,1.5776319,0.013963527,0.74083722,0.026578329,-0.070190629,1.0403087,0.0058849925,0.028190246,0.063905679,0.0011557442,0.032611746,0.31791573,1.8507897,0.034538624,0.42255741,1.7847781,0.015287232,0.43834124,1.5289834,0.010111792,0.46179074,0.025380066,-0.056415133,0.62153836,0.0055458545,0.025360228,-0.10137098,0.0010964102,0.031015887,0.16543441
cop_0793,304,437.3353831,1000,1.3515093,0.043473177,0.28289236,1.3454077,0.02462013,0.32004196,1.1035431,0.024814359,0.29170353,0.15425503,-0.015629274,0.34522784,0.041865775,0.053852147,-3.9703206e-05,0.0073539929,-0.028812537,0.095233868,1.3335466,0.054102963,0.13043399,1.2994915,0.020537071,0.14327574,1.0798156,0.026697491,0.15513675,0.15150889,-0.0073429817,0.1782666,0.040261927,0.052677043,-0.13832244,0.0071272362,-0.027143819,-0.052814232
cop_0794,911,2886.083392,1000,1.8234578,0.061975682,0.35872415,1.8280557,0.0519961,0.38248732,1.5001308,0.058263818,0.36124714,0.023667896,-0.007114565,0.46312332,0.025290285,0.086137751,0.042542225,0.0045724172,-0.014787126,0.10147051,1.796312,0.061691931,0.18968847,1.7695335,0.042905982,0.18641277,1.4839293,0.05076561,0.21128462,0.023130583,-0.00076850647,0.25801735,0.024018835,0.058618773,-0.14222473,0.0044496324,-0.015399631,-0.019080262
cop_0795,852,2278.306233,1000,1.2983127,0.050049951,0.21587169,1.264926,0.024518329,0.2334811,1.053081,0.041017773,0.22904439,0.042010829,0.0032099828,0.27666874,0.01318814,0.14739187,0.0058502238,0.0012953872,-0.042342931,0.063003884,1.2799279,0.035299844,0.12104218,1.2351013,0.0089353555,0.13984308,1.0407762,0.017554027,0.13641141,0.041179455,-0.004236796,0.15749026,0.012262965,0.10968353,-0.14373678,0.0012321066,-0.046323506,-0.081342262
cop_0796,101,232.8520181,1000,1.6110837,-0.057551134,0.99588695,1.6596122,-0.075533992,0.92944885,1.3261066,-0.077401856,0.99695939,0.12992391,-0.20905155,1.2670311,0.056441975,0.032903811,0.056512448,0.014106727,0.069754916,0.33746282,1.5826064,-0.045163979,0.60849063,1.5666245,-0.064983266,0.63790001,1.2956438,-0.061717194,0.63179739,0.1271624,-0.16178785,0.84158729,0.054437621,0.011024753,-0.099328068,0.013702327,0.05808372,0.12602884
cop_0797,274,403.016455,1000,1.3458887,0.04509476,0.25062353,1.326472,0.023236273,0.26728465,1.1012969,0.030891674,0.26422602,0.20199388,0.0023549961,0.26704893,0.032140695,0.053539226,-0.004811071,0.0041895942,-0.041397348,0.077955993,1.3078208,0.050963831,0.11757931,1.2822588,0.027848867,0.11940803,1.0778822,0.04313553,0.1262138,0.197744,0.0049525262,0.13636827,0.030158777,0.050096862,-0.18362069,0.0040236727,-0.033524417,-0.091666877
cop_0798,167,290.4423206,1000,1.783851,-0.026606998,1.0157284,1.8066042,-0.047912558,1.0322067,1.4907701,-0.040044627,1.0109085,0.22928688,-0.20253117,1.0354632,0.051139823,0.023867496,0.062026161,0.0099526086,0.025309099,0.29589647,1.7420953,-0.0082262126,0.63788877,1.7044571,-0.036299743,0.66768441,1.4350232,-0.02728815,0.6371112,0.22099149,-0.15286128,0.64423839,0.048550084,0.029407221,-0.11566207,0.0096495202,0.020599649,0.14642143
cop_0799,15,88.4194117,1000,1.1421122,0.058688106,0.17605353,1.1172066,0.03902518,0.19860306,0.92286136,0.048906249,0.20170876,0.0066977225,-0.053476953,0.28361607,0.002779278,0.0040282582,0.021366033,0.00055747743,-0.029505283,0.14307371,1.1276252,0.065534814,0.060471064,1.0838586,0.043888029,0.072589556,0.91210271,0.053267739,0.078508438,0.0064745673,-0.04608134,0.1486536,0.0026644748,0.023648011,-0.13345613,0.00054436183,-0.027010799,0.0087726982
cop_0800,127,255.9681416,1000,3.025138,-0.0059949513,2.4272034,3.0363773,-0.022427844,2.4993679,2.5873488,-0.024903918,2.3270569,0.3786224,-0.39237174,1.7188515,0.067482513,-0.01954624,0.012038702,0.020968505,0.12791029,0.51429852,2.8667702,-0.0056127473,1.7604212,2.8338762,-0.02170051,1.846667,2.4410328,-0.019749197,1.6794787,0.36317104,-0.3430409,1.2953293,0.064792846,-0.0019788531,-0.090865878,0.020220348,0.11814707,0.36864135
cop_0801,144,267.2953936,1000,2.7852502,0.066683344,1.1033685,2.7543502,0.053189201,1.1640663,2.3111339,0.057094286,1.0883807,0.34630458,-0.21979261,0.77285423,0.13185361,0.053439958,-0.13198293,0.032546607,0.030348818,0.10873993,2.6828522,0.056930964,0.7059273,2.6445461,0.040017997,0.75591502,2.2397854,0.048970364,0.70473836,0.3365265,-0.1633941,0.50908646,0.12864771,0.045182045,-0.24184597,0.031475501,0.036974463,-0.028768319
cop_0802,554,789.4395323,1000,2.179277,0.04478067,0.74397644,2.179974,0.039580766,0.76891106,1.8080511,0.037912929,0.7488577,0.025664228,-0.051692683,0.97942155,0.016660665,0.070273149,0.065564396,0.0041586286,0.035941205,0.17051656,2.1089154,0.052702418,0.47311534,2.1058383,0.025029666,0.46298829,1.7489541,0.038863302,0.45517085,0.024749647,-0.048373245,0.63767068,0.016133704,0.052958268,-0.12428506,0.0040187743,0.031423491,-0.00077485846
cop_0803,714,1289.339832,1000,1.6561208,0.046782393,0.41991343,1.6527426,0.036427524,0.42996332,1.3770518,0.036011812,0.42484344,0.023810005,-0.02968092,0.57220015,0.023504814,0.079634353,0.06794654,0.0049475655,-0.0032420865,0.12544159,1.6215153,0.05289946,0.2552948,1.5924507,0.031475754,0.2543045,1.3481643,0.035962599,0.25942791,0.023126068,-0.025921838,0.3281709,0.02192681,0.071317797,-0.13020614,0.0047201693,-0.0015479517,0.0055132254
cop_0804,137,260.5663554,1000,1.5462563,0.057586026,0.30339821,1.5165716,0.0373798,0.3265019,1.2589818,0.042448303,0.31381227,0.11003346,0.0064170607,0.37808301,0.027282447,0.018799538,0.062011785,0.0063592909,-0.029932266,0.13198733,1.5116963,0.054826061,0.18313004,1.4553868,0.03644621,0.19466346,1.2352253,0.04015241,0.1900371,0.10750385,0.008085429,0.21968446,0.026222963,0.0080834101,-0.10660705,0.0061703385,-0.03300618,-0.017901089
cop_0805,166,287.5663283,1000,1.2925043,0.057262461,0.13519083,1.2995592,0.038034497,0.16294895,1.0379864,0.039103359,0.16035905,0.064418641,-0.013242189,0.19860508,0.011896862,0.029812419,-0.035461047,0.0028030593,-0.0023608325,0.023408473,1.266771,0.052754527,0.042546662,1.2641283,0.036993452,0.056987664,1.0360449,0.03872969,0.067347563,0.064033533,0.0015853528,0.087918023,0.011506921,0.01721644,-0.15751232,0.0027627934,-0.010639743,-0.078741515
cop_0806,975,5622.180382,1000,2.5259718,0.045364839,0.68143189,2.4899997,0.040238195,0.70749017,2.1075262,0.048876199,0.64773731,0.086751599,-0.060388245,0.66815696,0.032500648,0.067750313,-0.040581345,0.0049494197,-0.0012836121,0.088920751,2.4883015,0.050041,0.45041115,2.396715,0.041819145,0.50025092,2.0573561,0.049645945,0.47515816,0.084156839,-0.058545224,0.49215461,0.030809955,0.063419435,-0.21115378,0.0047014312,-0.0072431389,-0.03466557
cop_0807,219,338.3581073,1000,1.4164476,0.0081864238,0.49402134,1.4301112,-0.0082881302,0.48928244,1.1695436,-0.012712216,0.52398692,0.010123781,-0.10721038,0.81942835,0.0043568404,0.054242974,0.043257379,0.00075298653,0.013499124,0.19797365,1.3766283,0.019267259,0.27443816,1.3695249,0.0042143998,0.28180599,1.1323716,0.0056681213,0.29905839,0.0097803101,-0.098394432,0.4230669,0.0041691004,0.043647376,-0.15976012,0.00072934678,0.011263256,-0.011516415
cop_0808,503,711.5194805,1000,2.229833,0.05554228,0.43214115,2.1854795,0.044606338,0.45362559,1.823502,0.048765865,0.41270737,0.30945108,-0.075183626,0.27738061,0.015936395,0.030152306,-0.067934819,0.0022928218,0.026728982,0.065804868,2.1725981,0.053810797,0.25029357,2.1104433,0.04643631,0.24998109,1.7761103,0.052945037,0.22208997,0.30137929,-0.057490579,0.15676274,0.015447223,0.0098942191,-0.21765409,0.002245794,0.026225369,-0.039615865
cop_0809,206,321.6638669,1000,2.2841084,0.05533386,0.4153053,2.2573517,0.04677988,0.42112731,1.8908299,0.056758263,0.38199833,0.023520313,-0.036461655,0.42299496,0.0036282582,0.040900444,-0.066608474,0.0004154862,0.012869772,0.13261711,2.2476036,0.058349181,0.27643305,2.2043935,0.04755278,0.28856209,1.8475071,0.058967405,0.27514155,0.023059134,-0.030203432,0.26486277,0.0034043426,0.060184288,-0.2084452,0.00039744987,0.012395734,-0.0237095
cop_0810,261,393.507085,1000,1.5576307,0.069200319,0.21468807,1.5778018,0.045753465,0.23557202,1.2585947,0.046667139,0.2137177,0.032251365,-0.0039389914,0.22485427,0.0071640867,-0.010757486,-0.093159865,0.00063493329,-0.011083425,0.062010618,1.5347883,0.068810914,0.090064605,1.488239,0.053301831,0.10123142,1.2527617,0.055037546,0.10256187,0.031978514,-0.0067114325,0.13020086,0.0068830057,-0.023431675,-0.2449697,0.00062360247,-0.019719372,-0.023000651
cop_0811,489,694.8986002,1000,1.6920846,0.077799819,0.30748905,1.6595238,0.048205334,0.33031613,1.3966664,0.065038845,0.32132831,0.11570301,0.019086068,0.35471215,0.010117207,0.059949932,0.046877386,0.0013827875,-0.0042068531,0.1394083,1.6495234,0.058463522,0.16873564,1.6127976,0.035633747,0.1857941,1.3671258,0.050982867,0.19437701,0.11291816,0.024888978,0.24401591,0.009376644,0.049377782,-0.15932878,0.0013189216,-0.0021119217,0.010032172
cop_0812,523,745.2551871,1000,2.873378,-0.019545572,2.2730956,2.9298067,-0.024676094,2.20096,2.4237732,-0.037512063,2.1950885,0.32324039,-0.39157488,1.7987924,0.0078967809,0.05601489,-0.045058584,0.00087517333,0.038207908,0.2235441,2.7354179,-0.014149793,1.5379844,2.7345288,-0.02520368,1.5361053,2.3132702,-0.023833722,1.5345639,0.31090636,-0.3262738,1.2652937,0.0074702373,0.051980658,-0.18290123,0.00084259562,0.03549128,0.1072947
cop_0813,474,669.251423,1000,2.2270758,-0.049829754,1.6641638,2.2535614,-0.073678266,1.7372918,1.870694,-0.068239524,1.651238,0.31367805,-0.3517472,1.563536,0.023113462,-0.00049835997,0.02784034,0.0040078988,0.041284891,0.41794329,2.1366986,-0.028094294,1.0560985,2.1016773,-0.05891233,1.075894,1.783717,-0.045264862,1.0448149,0.30207481,-0.28203925,0.99949974,0.021753142,0.012675106,-0.16015879,0.0038614185,0.038520327,0.25194907
cop_0814,960,4601.017489,1000,1.2721712,0.04503694,0.19882194,1.2612143,0.021820835,0.22148106,1.031047,0.028114573,0.23925253,0.017921498,-0.036224895,0.3148585,0.017130293,0.082755466,-0.013203151,0.0021881257,-0.015436044,0.059271733,1.2606541,0.043792647,0.10073586,1.2265351,0.018235482,0.10784858,1.0175718,0.030178709,0.111455,0.017599535,-0.046379543,0.16169459,0.016228479,0.058388884,-0.22842317,0.0020981625,-0.0068680105,-0.070004488
cop_0815,620,909.5387172,1000,2.129389,0.0032064784,1.2040218,2.1767458,-0.0067873492,1.2687644,1.7976144,-0.009738498,1.2023307,0.28398783,-0.21090583,1.1034464,0.027755778,0.079102817,0.0047225498,0.003777348,-0.00054844079,0.18715629,2.0767923,0.027052285,0.80083616,2.0455454,0.0093432714,0.83983164,1.7617683,0.010084971,0.82216653,0.27678437,-0.14176118,0.7211057,0.025848822,0.083030362,-0.18268825,0.0036369537,0.0040088533,0.055962011
cop_0816,443,617.1907676,1000,1.1047661,0.071358774,0.092010692,1.1205124,0.040489228,0.11388747,0.88569953,0.051418935,0.10731639,0.08796553,0.026129918,0.14139649,0.0063556519,0.020500007,-0.059032454,0.0012026914,-0.011957512,-0.0073080447,1.1012218,0.068493221,0.030260066,1.0796639,0.039513479,0.03821304,0.87978121,0.045301066,0.04130363,0.0868877,0.025162952,0.045482731,0.0061448325,0.018713013,-0.19989179,0.0011827711,-0.019567062,-0.1125636
cop_0817,832,2092.007727,1000,1.9326348,-0.059467923,1.4096651,1.9871362,-0.062232108,1.3590172,1.6161976,-0.078946444,1.4194255,0.020589976,-0.18833773,1.3875344,0.0094152716,0.034779994,0.062051034,0.0018704523,0.014816463,0.29714142,1.8766155,-0.02655334,0.87404623,1.8820606,-0.0540834,0.87947637,1.5482844,-0.052744831,0.89129124,0.019971185,-0.14867666,0.94132594,0.0090915096,0.010917434,-0.10041988,0.0018173695,0.015698226,0.10707913
cop_0818,437,603.9618153,1000,1.9843435,0.056353235,0.44948633,1.9689695,0.045550632,0.49745733,1.6405235,0.04517774,0.4669652,0.068325056,-0.012866162,0.4878227,0.017887502,0.074549236,-0.031053275,0.0027878852,0.0080976897,0.13046136,1.9419315,0.03319377,0.26593618,1.9124105,0.026507337,0.26203684,1.6019829,0.029761632,0.27991904,0.067019743,-0.011991538,0.29302163,0.017148903,0.060536014,-0.17759316,0.0026920289,0.012395559,-0.014163856
cop_0819,997,10012.97353,1000,2.6468008,0.015718541,1.2432713,2.6555217,0.015648628,1.2697987,2.223723,0.0034841306,1.2263693,0.028491632,-0.12032961,1.2895829,0.011362365,0.095553915,-0.076198458,0.00099146259,-0.052127555,0.19072032,2.545629,0.022840878,0.87713632,2.5319392,0.0025681304,0.88812732,2.1573397,0.012089505,0.83641853,0.027250137,-0.1096688,0.8558833,0.010636215,0.042090349,-0.26529387,0.0009678269,-0.045408672,0.053760369
cop_0820,513,725.7767362,1000,1.5034135,0.035563765,0.35774352,1.4820727,0.0083064895,0.39020396,1.2407501,0.019584083,0.3837418,0.095175755,-0.029874832,0.46813892,0.046114396,0.077033301,0.041009925,0.0091517999,-0.03461689,0.12415153,1.4833223,0.029752764,0.22258555,1.433938,0.00081829877,0.2137148,1.2130844,0.0077868071,0.24161886,0.092409705,-0.025386035,0.29479969,0.042785079,0.061941191,-0.15752859,0.0086394557,-0.022165022,-0.0459969
cop_0821,899,2702.937675,1000,1.7761483,-0.0091858674,0.83849352,1.7821766,-0.024892474,0.85543508,1.5001379,-0.018548233,0.84991198,0.070296677,-0.11121203,1.0545691,0.035084224,0.086145887,0.11772632,0.0061351529,-0.019614719,0.20348704,1.7212912,0.016441504,0.55396244,1.7012041,-0.0050327092,0.56229696,1.437727,-0.0022534066,0.54771862,0.066985943,-0.067554044,0.68123987,0.032431604,0.053706276,-0.060218502,0.0058004676,-0.012074388,0.043435468
cop_0822,97,230.5026056,1000,1.2043303,0.062358242,0.15513941,1.1998946,0.041617841,0.18688035,0.97836336,0.057033098,0.15952935,0.08453966,0.027969806,0.20766785,0.020564941,0.028244647,0.038498299,0.0045153157,-0.037638596,0.10921584,1.1888134,0.059690974,0.068684073,1.1480951,0.036800308,0.085860076,0.96086824,0.043603316,0.074947914,0.082491291,0.029627699,0.099719086,0.019192233,0.025545772,-0.1237534,0.0043573753,-0.035905464,-0.024840953
cop_0823,170,292.8365843,1000,1.5970372,0.072078055,0.20959511,1.5791731,0.055872584,0.2414456,1.3154308,0.065583114,0.23015925,0.027588431,0.019454714,0.28247015,0.0034169758,0.028868374,0.059674182,0.00069149496,-0.022404172,0.13270643,1.5785468,0.0651126,0.097042075,1.5325667,0.050209928,0.10465159,1.2944291,0.058870518,0.10190306,0.026792787,0.023025104,0.11992437,0.0032279787,0.01384462,-0.11181275,0.00066983187,-0.021419767,-0.041612065
cop_0824,641,996.6071617,1000,1.6808988,0.025920701,0.61968705,1.6821827,0.013547253,0.63757213,1.3817794,0.0064914691,0.64530344,0.18648732,-0.079684791,0.63682799,0.06626331,0.044985408,0.028333289,0.017016905,0.0028553105,0.097730838,1.6461248,0.02759221,0.33366244,1.6117858,0.0078025168,0.34476652,1.3486295,0.0021021079,0.35558205,0.18208323,-0.071836866,0.37667604,0.064792284,0.010080149,-0.08622013,0.016709654,0.0081424722,-0.023445579
cop_0825,247,373.9184005,1000,2.4139933,0.03262116,1.075497,2.4349141,0.022869291,1.1297561,2.00592,0.018098306,1.067811,0.14510782,-0.10704383,1.1497474,0.050401595,0.045641873,0.019242833,0.01272813,0.098146426,0.23216773,2.3348947,0.038312338,0.71320108,2.3153934,0.010811465,0.79038651,1.9393761,0.029085604,0.71618469,0.1405253,-0.097626983,0.84050061,0.049502028,0.033951885,-0.14819461,0.012254668,0.089543351,0.08222446
cop_0826,493,696.3989795,1000,2.8331263,0.009384264,1.983733,2.8737103,-0.0039109773,2.0089971,2.3785916,-0.013763656,1.9488208,0.42811201,-0.42278734,1.3704548,0.091047648,-0.0024523294,-0.096787595,0.01838619,0.050705892,0.19949614,2.7384001,0.0080527101,1.3775328,2.7317551,-0.0057128313,1.4028828,2.3040897,-0.015123176,1.3819238,0.41744365,-0.37524436,1.0362715,0.089444793,0.011973709,-0.173737,0.018044167,0.050851565,0.071506366
cop_0827,310,443.310879,1000,2.563496,-0.035263082,1.9792957,2.5597689,-0.04776826,2.0442337,2.1409271,-0.064429912,1.9394728,0.32986862,-0.41546027,1.7058208,0.089444966,0.021710473,-0.017905979,0.020393913,0.097939764,0.41977358,2.4505029,-0.020251123,1.2862076,2.4218372,-0.046599961,1.3806429,2.060598,-0.048640561,1.3341937,0.32031284,-0.32168142,1.1396435,0.088320463,0.019719459,-0.13528433,0.020020747,0.10328742,0.228623
cop_0828,26,133.7851857,1000,1.1296278,0.090012575,0.089532147,1.1070236,0.065134925,0.11524421,0.91104524,0.081569408,0.094710878,0.042488617,0.039421224,0.12722716,0.009494193,0.021497114,0.0071460788,0.0021201829,-0.054647923,0.064247469,1.125305,0.08174247,0.025092394,1.0834773,0.047989357,0.032835815,0.9009853,0.073295626,0.029062972,0.041488081,0.024597849,0.048874025,0.0089879296,0.019688413,-0.16635102,0.0020254001,-0.026030762,-0.077710655
cop_0829,357,497.2452331,1000,2.6107092,-0.028555602,1.84977,2.5986379,-0.043543351,1.8316181,2.2127079,-0.038107002,1.7590959,0.077490866,-0.14111335,2.1575816,0.016811976,0.084081611,0.057096627,0.0035863948,0.13235117,0.4374768,2.4975129,-0.013651864,1.3234264,2.4530782,-0.033800932,1.3591342,2.1141211,-0.029512794,1.3024432,0.073672711,-0.1190431,1.6717586,0.016301785,0.067533934,-0.09777902,0.0035012179,0.11276871,0.2645455
cop_0830,1,33.98758244,1000,1.1932332,0.029116451,0.2935703,1.1732252,0.00088641535,0.31765509,0.96209626,0.017300726,0.30944982,0.012050056,-0.093489892,0.23963295,0.0034248858,0.034809337,-0.14877039,0.00012284332,-0.045383827,0.016980693,1.1792456,0.029182645,0.16937664,1.1506904,0.0012951119,0.19544767,0.9495297,0.019131842,0.17588774,0.011874888,-0.075604565,0.11663914,0.003189725,0.016784397,-0.37548117,0.00012135558,-0.02999342,-0.13715615
cop_0831,375,511.2158033,1000,1.7174981,-0.049074497,1.0837033,1.7119801,-0.069179136,1.0747486,1.4436766,-0.049130697,1.07266,0.20354996,-0.17521768,1.1748765,0.020368927,0.063756366,0.068303215,0.0030815801,0.035053133,0.31343918,1.6776492,-0.010681021,0.74763915,1.653046,-0.026432952,0.74065827,1.3931221,-0.031795846,0.7104074,0.19535768,-0.14091151,0.80062584,0.018670617,0.059013741,-0.12272291,0.0028760539,0.043242758,0.13307505
cop_0832,21,120.2321613,1000,1.3387667,0.0090531651,0.41557625,1.3349805,-0.018664559,0.44133688,1.1031529,-0.01050192,0.43141905,0.18025557,-0.062405174,0.48248569,0.079508766,0.071853899,0.06884273,0.019593242,-0.01797658,0.17069389,1.3299201,0.026310592,0.22868173,1.302061,-0.0078540531,0.24346281,1.0829744,0.011767976,0.24576274,0.1761755,-0.028125497,0.3143068,0.076759368,0.055777462,-0.074620737,0.019191307,-0.026193721,0.049213625
cop_0833,277,407.310582,1000,1.8038201,0.0083004743,0.76747778,1.8348975,-0.016693335,0.81361715,1.4989192,-0.0043388212,0.80720974,0.03272259,-0.11526102,0.97834604,0.005926008,0.032511221,-0.025153961,0.00070059749,0.0051434981,0.27149128,1.7628484,0.002011605,0.44881688,1.7263999,-0.024187898,0.48349354,1.4550312,-0.014028678,0.47829376,0.031459709,-0.091274252,0.5464912,0.0055229614,0.030658972,-0.17112932,0.00066781659,-0.013935117,0.088435552
cop_0834,397,549.8665905,1000,1.8813769,-0.044791512,1.2790668,1.919086,-0.056271638,1.2519158,1.5711115,-0.067811455,1.2494105,0.17873702,-0.25117514,1.4029467,0.036827785,0.045403873,0.009617053,0.0074874062,0.072165599,0.28339805,1.8526528,-0.02195837,0.8082719,1.8413441,-0.037156837,0.82481594,1.5359571,-0.041307195,0.8652387,0.17510269,-0.20472993,1.0252127,0.035897552,0.03522587,-0.13802414,0.0072898138,0.072240201,0.12034679
cop_0835,664,1061.776712,1000,2.5672574,0.035957268,1.0019931,2.5368304,0.026413381,1.0180728,2.1373908,0.030699399,0.99878013,0.28702057,-0.15075639,0.73461557,0.0072439973,0.084757004,-0.045909206,0.00072034008,0.035382222,0.076740704,2.4859118,0.044154003,0.59761675,2.4413306,0.029570045,0.64017162,2.0684763,0.032192121,0.6316241,0.27855355,-0.11151614,0.4858756,0.0066293247,0.05542307,-0.20452678,0.00069535696,0.03757505,-0.014071411
cop_0836,486,691.8819447,1000,1.4399209,0.08213382,0.19750819,1.4284645,0.058040151,0.21888068,1.1822771,0.066343738,0.21902049,0.010798318,-0.019183144,0.26950565,0.0040023219,0.12258447,-0.026292215,0.00034155077,-0.0034104625,0.09617445,1.4068987,0.073911158,0.070055229,1.3788771,0.051822949,0.095813014,1.1513659,0.058232735,0.090274172,0.01043097,-0.025893863,0.16086522,0.0037447221,0.080709795,-0.20191118,0.00032918535,-4.1950009e-05,-0.068509317
cop_0837,563,811.6876928,1000,1.6084434,0.0031996288,0.62391736,1.6098587,-0.011367133,0.66578944,1.3207631,-0.01033971,0.63587485,0.12746339,-0.079998148,0.80340671,0.011526463,0.061024131,-0.0011911152,0.0018149426,0.024321144,0.18654749,1.5622029,0.022948298,0.34871639,1.5442276,-0.0042696388,0.35215114,1.2926255,-0.00045732065,0.36660398,0.12424559,-0.051884342,0.43760209,0.01093005,0.062657486,-0.15599477,0.0017601915,0.019944119,0.020186714
cop_0838,910,2878.676976,1000,1.4795561,0.049963807,0.27904181,1.4961349,0.030011969,0.2876841,1.2019806,0.026769359,0.2901131,0.079728969,-0.027415537,0.365086,0.022028546,0.033305453,-0.050343881,0.0034531246,0.0088509595,0.016338094,1.4675967,0.049540336,0.12705053,1.4442338,0.028155912,0.13409509,1.1840843,0.028640815,0.14959352,0.078651058,-0.016679,0.17998361,0.02133576,0.028478232,-0.17809921,0.0033512722,0.0030337129,-0.091064921
cop_0839,381,523.7610458,1000,1.9747549,-0.064928037,1.3365722,1.9876942,-0.083933264,1.3846271,1.679623,-0.08720132,1.3519329,0.031018377,-0.19603913,1.6546566,0.0058653658,0.048115178,0.021257231,0.00077631396,0.055658067,0.36302913,1.92422,-0.019400581,0.86319664,1.8871336,-0.045615263,0.90614653,1.6188411,-0.03180317,0.87452583,0.029681631,-0.15002534,1.0867761,0.0055962763,0.040319806,-0.17156496,0.00074140188,0.045331965,0.19570436
cop_0840,856,2328.312205,1000,1.6662998,-0.080955227,1.0341347,1.6685418,-0.086309791,1.0428885,1.3877569,-0.094717306,1.0711097,0.034436292,-0.19801766,1.2897571,0.016530427,0.071516456,0.077609729,0.0024166875,-0.027527158,0.28304182,1.647903,-0.059736033,0.720353,1.6018536,-0.080000265,0.71531223,1.358332,-0.079746355,0.72150703,0.033232289,-0.1637542,0.86103488,0.015181572,0.07214725,-0.11944833,0.0023240988,-0.032032292,0.069941421
cop_0841,848,2256.785076,1000,1.8443927,0.01091188,0.73859221,1.8402938,0.0024106703,0.76122181,1.5289954,-0.0085808285,0.76196502,0.049479995,-0.082721772,0.98761433,0.042218044,0.10899748,0.094221315,0.0083408322,-0.027900348,0.20980721,1.7868464,0.027267072,0.52489212,1.7719217,0.010813289,0.51920154,1.4817448,0.010628398,0.54725228,0.047427812,-0.059382527,0.68402969,0.039577745,0.085192836,-0.09945672,0.0080125582,-0.025658239,0.062834361
cop_0842,349,481.8588049,1000,1.5967994,0.041361985,0.44312754,1.5897191,0.01881888,0.46454007,1.3154346,0.031042103,0.4832268,0.075334704,-0.024094912,0.56331666,0.010774132,0.042382502,0.055375731,0.0015311286,-0.027397162,0.19643434,1.5689935,0.040828535,0.23461289,1.5331053,0.012067913,0.25359391,1.2956417,0.022299924,0.26293402,0.073767061,-0.018278416,0.310263,0.010055023,0.046886249,-0.14597809,0.0014674688,-0.028554568,0.038891869
cop_0843,758,1517.996172,1000,1.9245276,-0.03998333,1.22046,1.9612342,-0.048799634,1.2172147,1.5938284,-0.065144624,1.2163804,0.014697686,-0.1590499,1.1808719,0.013517068,0.021950237,0.042037162,0.0028551127,-0.065896781,0.36023962,1.8754548,-0.0095393153,0.80083639,1.8780151,-0.033138278,0.83090586,1.5566896,-0.032567502,0.82269991,0.014320356,-0.13755092,0.80314416,0.013306351,0.017844781,-0.1041846,0.0028267519,-0.05972454,0.20775794
cop_0844,514,726.676243,1000,1.1824443,0.055020579,0.1831898,1.1801046,0.036037303,0.22137782,0.96651807,0.045502126,0.19581615,0.0090871753,-0.041991892,0.21644613,0.016245564,0.085039627,0.0033420781,0.002131608,-0.024044672,0.094512457,1.154714,0.049528281,0.085114506,1.1338136,0.024282168,0.079127708,0.94815833,0.037195016,0.096121316,0.0087414907,-0.038411652,0.084262399,0.01498729,0.076822595,-0.16353232,0.0020713422,-0.012730704,-0.041127251
cop_0845,533,758.9425329,1000,1.7185124,0.023138732,0.59937188,1.7154263,0.0024398669,0.60770898,1.4163581,0.0031287448,0.63875357,0.10216001,-0.087604185,0.81586033,0.012414328,0.014245729,-0.0090774477,0.002279313,0.043129914,0.23521891,1.682081,0.023453656,0.3963582,1.6692526,0.0030232206,0.40774123,1.3874764,0.0064735457,0.39747082,0.099966325,-0.064805678,0.48338374,0.012020049,0.013862071,-0.12690836,0.0022249659,0.033497614,0.09533165
cop_0846,313,444.0491172,1000,1.2595667,0.024998556,0.29972098,1.2648131,-0.0045466191,0.32270599,1.006631,0.00058717299,0.31874583,0.054542004,-0.072058024,0.40904179,0.0036241555,0.022316961,-0.079847667,0.00036285869,-0.0019521702,0.091597435,1.2410217,0.040993784,0.21301365,1.2074251,0.01482472,0.2050947,0.99860193,0.019475574,0.20205042,0.054487737,-0.056433047,0.21338084,0.0035315125,0.019092496,-0.28981414,0.00036361956,-0.0085011427,-0.052619749
cop_0847,649,1029.128317,1000,1.9443501,0.070693924,0.34043749,1.9141222,0.053526054,0.34916568,1.6099439,0.06168622,0.33028397,0.19648871,0.02085508,0.33522421,0.0062791884,0.16714204,0.036579314,0.00057558193,0.016252248,0.073303602,1.904152,0.072463275,0.1996418,1.8512691,0.05934148,0.20316273,1.5701261,0.064768856,0.20544829,0.19115485,0.021533216,0.21618848,0.0058573528,0.11124872,-0.18110948,0.00055087139,0.01303054,-0.088600783
cop_0848,216,331.1955375,1000,1.8784294,0.060922655,0.38971437,1.8787036,0.04018734,0.40868776,1.5490843,0.042570888,0.39914437,0.24007747,-0.040859831,0.3563189,0.06484559,0.026123219,-0.044991989,0.013078794,0.011385165,0.062683647,1.8520807,0.056139708,0.21907211,1.8410091,0.03959266,0.24820957,1.5302705,0.04350188,0.23241333,0.23604188,-0.033469462,0.22254159,0.062103483,0.013791084,-0.19083391,0.012631507,0.014402261,-0.056533056
cop_0849,689,1165.555532,1000,2.0752505,-0.017453364,1.2347243,2.0925061,-0.036741993,1.2724931,1.7480355,-0.029618404,1.2225309,0.10483047,-0.14627989,1.4299603,0.047287019,0.076198465,0.1126466,0.010455773,0.020331249,0.25411105,2.0174997,-0.012191462,0.77206047,1.9866128,-0.034331328,0.81299383,1.6948734,-0.028216724,0.80131654,0.10083664,-0.13161302,0.96652805,0.04411345,0.052853514,-0.060989526,0.010054206,0.0034080747,0.085222993
cop_0850,824,2030.26392,1000,1.6969916,0.044014068,0.51990676,1.7007137,0.022064534,0.53847654,1.3996645,0.022211593,0.54528874,0.033867829,-0.030406477,0.55411427,0.02602122,0.054530776,0.018231234,0.0047217975,-0.004927895,0.10585517,1.6643898,0.039028219,0.30977994,1.6422649,0.015200624,0.30306365,1.3780368,0.012633584,0.29858289,0.033331307,-0.038034511,0.33908969,0.025279437,0.050355485,-0.12652408,0.0045630231,-0.0044756295,-0.013977747
cop_0851,265,396.8230301,1000,1.6891821,0.050693478,0.38251403,1.6643278,0.028477265,0.42138621,1.3993714,0.03877625,0.38080149,0.12411901,0.006547871,0.43451395,0.021695108,0.088773019,0.059481327,0.0040686332,-0.028877259,0.13753408,1.6553369,0.054572136,0.21599278,1.6069391,0.033879418,0.24688821,1.3601297,0.03043741,0.21972235,0.12028518,-0.0020840597,0.25160786,0.020513829,0.067909161,-0.12328588,0.0039051471,-0.035261809,0.044005675
cop_0852,745,1435.138895,1000,1.682743,0.056504825,0.32801749,1.6471612,0.026958346,0.345345,1.3854944,0.042076867,0.37439772,0.063222609,0.0018528218,0.43249462,0.044003289,0.072255978,0.04393389,0.007998497,-0.031250343,0.089923712,1.6549847,0.05306437,0.22290599,1.5867291,0.02489357,0.2174959,1.3531981,0.040641745,0.20707551,0.061533606,0.0024788055,0.24267013,0.041602378,0.060259784,-0.13725639,0.0077877175,-0.028610916,-0.02838658
cop_0853,459,640.6604818,1000,1.9682547,-0.0032233581,1.0407772,1.9871178,-0.015915434,1.0629296,1.665644,-0.016832276,1.0507652,0.23005614,-0.16112016,0.9585428,0.058939916,0.055677398,0.076787104,0.0098629228,-0.017593802,0.23427717,1.9218465,-0.0064639219,0.66802412,1.8690137,-0.021555506,0.711752,1.6150447,-0.014538262,0.72376977,0.22328848,-0.14313209,0.66662199,0.05610668,0.040770976,-0.1052973,0.0094709033,-0.019375657,0.046583395
cop_0854,498,704.9122573,1000,2.2406427,-0.079909666,1.8452685,2.2653533,-0.093864652,1.9110115,1.9028317,-0.09788909,1.8203201,0.22421231,-0.33258798,1.8248666,0.054733751,0.05432871,0.056872658,0.0091590425,0.032564217,0.29576508,2.164996,-0.058286059,1.2029153,2.1359865,-0.067579274,1.2429451,1.8303569,-0.070834378,1.1742018,0.21493362,-0.25228493,1.2375976,0.05273303,0.081624519,-0.094512026,0.0088906551,0.035599652,0.18356878
cop_0855,91,217.7889825,1000,1.5473335,0.043430456,0.37912451,1.5524645,0.026059031,0.3983012,1.264629,0.025782257,0.38807739,0.22815104,-0.066838231,0.34627799,0.036975082,0.010665891,-0.025566518,0.010779421,0.022872783,0.10940561,1.5285493,0.040609522,0.18994409,1.4737974,0.013949842,0.21555563,1.245412,0.020416323,0.20188395,0.22493429,-0.043240999,0.1733955,0.036891691,0.012015005,-0.1648284,0.010715665,0.021343364,-0.032158055
cop_0856,335,466.8988816,1000,1.2287988,0.053269652,0.20368583,1.2162274,0.029751013,0.22403592,1.0064976,0.042062993,0.21866937,0.068510519,0.0073122575,0.27315898,0.0092687228,0.10044501,0.032726407,0.0011132131,-0.054972049,0.11586565,1.2041757,0.055816233,0.082891104,1.1722747,0.021800501,0.088733537,0.98087078,0.043717212,0.10173146,0.066031919,0.0090226841,0.12879659,0.0088977485,0.06516994,-0.16919184,0.0010623921,-0.041004911,-0.034404328
cop_0857,530,754.8833621,1000,2.7580422,-0.014298641,2.0868495,2.7931478,-0.021464769,2.111111,2.3278211,-0.039725889,2.0302992,0.29642145,-0.40127161,1.7917769,0.039442042,-0.0081677976,-0.064576788,0.0062655732,0.076114503,0.26954452,2.6637119,0.01662884,1.514323,2.6791482,-0.015103585,1.557845,2.2567384,-0.010501132,1.4732106,0.28815949,-0.32193006,1.3397011,0.038376839,-0.0022971309,-0.20736433,0.0061314123,0.089057999,0.06712505
cop_0858,666,1064.3695,1000,2.3170893,0.036214836,1.2659582,2.31677,0.022982808,1.2876837,1.9413696,0.015083915,1.2059824,0.20970854,-0.15297282,1.0759021,0.027145042,0.050753344,0.010460887,0.0040108589,0.024396103,0.17285435,2.2262455,0.047782021,0.74912777,2.1867512,0.029446676,0.80606708,1.8665211,0.02996993,0.77583274,0.20169893,-0.087375929,0.79146732,0.025519962,0.058256873,-0.1385467,0.003841197,0.023398611,0.033430608
cop_0859,639,989.7878034,1000,1.1745244,0.066139303,0.12004712,1.1533049,0.034160894,0.15311681,0.95142918,0.046382547,0.14080373,0.091597243,0.030750138,0.18436603,0.062114681,0.056856137,-0.039058754,0.0094579242,-0.056233354,0.054962821,1.1608271,0.071840768,0.049175247,1.1202945,0.041796443,0.067044195,0.9305517,0.049616364,0.052374233,0.088869782,0.03202698,0.091273551,0.058215115,0.019343107,-0.21492775,0.0089803813,-0.058660484,-0.09961769
cop_0860,303,431.3673238,1000,1.9879121,-0.063383602,1.4753374,2.0182062,-0.079723763,1.4890112,1.6852129,-0.07257812,1.449502,0.037214418,-0.16873608,1.6570377,0.0066270855,0.030545991,0.11671852,0.0012776963,0.069955898,0.66524669,1.9162606,-0.052508389,0.95341955,1.8926049,-0.068310045,0.99382305,1.6146443,-0.071242352,0.9484773,0.035268096,-0.14796915,1.1345906,0.006390718,0.02089498,-0.068649269,0.0012218215,0.065447737,0.40985427
cop_0861,142,262.1308025,1000,1.6905622,0.042551577,0.40852458,1.7041456,0.023024218,0.430929,1.3860211,0.023894829,0.4256457,0.10342045,-0.028875799,0.52576263,0.018006812,0.03139501,0.027753985,0.0049490963,0.039757056,0.12713281,1.6465154,0.054216852,0.2173759,1.6246763,0.026299776,0.22203596,1.3587926,0.025287583,0.20433242,0.10111223,-0.018795199,0.29765513,0.017254833,0.023566062,-0.12101322,0.0048113022,0.026350448,0.0006273707
cop_0862,605,878.0885074,1000,1.4279334,0.056181951,0.25504547,1.4126938,0.030788039,0.2740705,1.177134,0.044223647,0.26643132,0.036147469,3.0830323e-05,0.37212397,0.036095666,0.093704207,0.062942127,0.0071682092,-0.022989336,0.093160014,1.4042868,0.049978493,0.13437156,1.3648551,0.026276425,0.14493732,1.1575218,0.033509049,0.14078087,0.035189878,0.00095813766,0.19112724,0.034059317,0.061041153,-0.12999339,0.006917876,-0.021792421,-0.057602169
cop_0863,202,320.063998,1000,2.4290634,0.0019471509,1.6585395,2.4512546,-0.0237974,1.6337123,2.0395311,-0.019846882,1.6001697,0.26093032,-0.27972305,1.3882773,0.058583271,0.02610642,0.017528116,0.015989174,0.099979524,0.34868872,2.3291281,0.013779119,1.1202792,2.3521154,-0.0065097682,1.101134,1.9546856,-0.019121246,1.0966241,0.25215056,-0.20452192,1.0327319,0.056179508,0.022791292,-0.1268277,0.015417322,0.09928586,0.18213857
cop_0864,665,1062.693971,1000,2.3605314,0.023076608,1.1466631,2.3645793,0.0089466237,1.1344889,1.9639593,0.0068058163,1.1360742,0.23719681,-0.17606638,1.0144297,0.022028371,0.036302397,-0.052955259,0.0034510237,0.045976635,0.13561974,2.2933927,0.031305848,0.70336617,2.2687533,0.013683241,0.74595871,1.9032088,0.0143049,0.72450037,0.23210063,-0.11882474,0.65203192,0.021086833,0.037607252,-0.1892065,0.0033485177,0.034322844,0.02007808
cop_0865,584,840.8741742,1000,1.8698262,-0.051184895,1.2625348,1.8926136,-0.06994769,1.2560352,1.5730032,-0.061250481,1.2155055,0.28725671,-0.2534739,1.1922569,0.0083085028,0.084758827,0.02640008,0.00086207695,0.0088230992,0.24420473,1.816814,-0.020217548,0.78856423,1.7819953,-0.042759884,0.80096602,1.519146,-0.035759357,0.78524232,0.27673287,-0.18512209,0.74209509,0.0077058442,0.070817058,-0.18250068,0.00081657821,0.011053459,0.005646424
cop_0866,284,414.0719996,1000,1.1533667,0.07392342,0.1210195,1.1388362,0.0499762,0.13839279,0.92510649,0.061048572,0.13888086,0.10686719,0.035732518,0.16510994,0.025668289,0.062581161,-0.04539482,0.00403135,-0.038041697,0.041232349,1.1495955,0.071920247,0.041581387,1.1063968,0.051238095,0.037020857,0.91936572,0.056668405,0.04624802,0.10552212,0.047762917,0.053905648,0.024101546,0.060861713,-0.21981033,0.0038680266,-0.03839189,-0.080721669
cop_0867,355,496.7006516,1000,2.6423157,-0.022952601,1.9711839,2.6348956,-0.048607753,1.9804721,2.2371147,-0.04282106,1.9166428,0.12672132,-0.1829037,2.0852424,0.04466153,0.092299268,0.11431625,0.010919398,0.083362827,0.29913943,2.5073558,-0.016762689,1.3117961,2.4683991,-0.052394692,1.3919786,2.1113425,-0.0365347,1.3090143,0.11892625,-0.15026626,1.544281,0.042862864,0.06943146,-0.021934618,0.010549871,0.067656809,0.13919557
cop_0868,458,640.3750277,1000,2.2727926,0.034227882,0.95258969,2.3057756,0.025135675,0.9815812,1.9034417,0.026844779,0.98686622,0.069217753,-0.041468885,1.2443088,0.0095287892,0.04724037,0.057919554,0.0020248689,0.081846379,0.42518277,2.1961219,0.03867615,0.59554707,2.19223,0.025057031,0.63244984,1.841146,0.036285537,0.60311282,0.066657973,-0.027128724,0.77967775,0.009102753,0.025841163,-0.11005821,0.0019663643,0.0694495,0.18457074
cop_0869,217,335.6492612,1000,1.6100247,0.072710426,0.22337779,1.6030319,0.050959533,0.25206664,1.3108028,0.056068636,0.22688678,0.23466837,-0.011525164,0.16143755,0.0418102,0.010324067,-0.04063974,0.011134355,-0.0078952699,0.049237828,1.5944564,0.068849078,0.12249117,1.5313505,0.047013781,0.12043732,1.2960797,0.051460488,0.12465156,0.2332787,-0.0077312818,0.095435227,0.040630656,0.016756541,-0.16518503,0.010885769,-0.0068065932,-0.043469215
cop_0870,321,453.4468941,1000,1.7635254,0.073717352,0.30452769,1.7506802,0.052471828,0.32727645,1.470558,0.067353564,0.2954464,0.033485622,0.020109674,0.41241033,0.0045221596,0.01928515,0.082313083,0.0010269015,0.0019133447,0.18537606,1.7417454,0.069768796,0.1564588,1.6963759,0.049892267,0.15954853,1.4440448,0.046080976,0.17206344,0.032602749,0.0085576892,0.25032857,0.0043262677,0.026081867,-0.092031142,0.00099052407,-0.00040143482,0.043193145
cop_0871,506,716.6525103,1000,1.3484631,0.060487547,0.23348696,1.3384927,0.032780921,0.26096248,1.1081159,0.045961554,0.24556689,0.15116857,0.0084799729,0.26477834,0.046323309,0.086917688,0.043472946,0.0095262196,-0.044997574,0.11904577,1.3370656,0.061590842,0.1387949,1.2863945,0.036952456,0.1532349,1.0916569,0.052864343,0.16169447,0.14824813,0.0085314231,0.17422832,0.044236709,0.075040592,-0.12092879,0.0092739198,-0.035372453,-0.041479602
cop_0872,505,716.6041537,1000,2.6013584,0.030748368,1.1394184,2.6383058,0.028435477,1.1987468,2.1992135,0.02230212,1.146878,0.20877754,-0.12669429,1.0079629,0.045708349,0.10021805,0.0075437782,0.0069180966,0.041405316,0.22195063,2.5182571,0.041420864,0.74205443,2.4836021,0.023214731,0.80608146,2.1111362,0.021760238,0.78237264,0.20160462,-0.099649816,0.6924364,0.044245495,0.079317678,-0.15954391,0.0066020098,0.034283104,0.054341097
cop_0873,348,481.6531509,1000,1.4617565,0.032113268,0.31237747,1.4684503,0.015461274,0.34707578,1.2039002,0.015834157,0.33347039,0.22138884,-0.040161402,0.30299106,0.022928549,0.057077116,-0.0023244339,0.0036275725,-0.017605897,0.1251968,1.4446978,0.031269182,0.16510438,1.422033,0.013945984,0.19190501,1.18653,0.012003201,0.19023498,0.21668359,-0.027087294,0.16842951,0.021540887,0.038251331,-0.21509242,0.0035131071,-0.018372439,-0.050939149
cop_0874,904,2761.320537,1000,2.5576281,-0.041497299,1.8206592,2.5910068,-0.046242703,1.8330625,2.1507014,-0.062671207,1.7748517,0.07330498,-0.15719016,1.8180779,0.039364768,0.087609716,0.12263956,0.0097546571,0.08774946,0.30855179,2.4823456,-0.036533248,1.1693006,2.4858507,-0.051033972,1.2159822,2.0836456,-0.052521709,1.1573284,0.070814433,-0.12906853,1.1669631,0.038223293,0.07611978,-0.047755595,0.009516226,0.080249571,0.13393112
cop_0875,468,650.5447326,1000,1.7810791,0.060318814,0.27150109,1.7535324,0.042327111,0.28813005,1.4388747,0.045053079,0.28878994,0.088988391,-0.0090434365,0.31435691,0.027838723,0.044705672,-0.062366855,0.0062379141,0.013383066,0.021470399,1.755444,0.070839805,0.15203815,1.6975368,0.04710332,0.16089479,1.432362,0.05037459,0.15647422,0.088226672,-0.0042943649,0.17519464,0.027414185,0.03426123,-0.17441128,0.0061143641,0.0036463089,-0.06327572
cop_0876,893,2651.629603,1000,1.6329497,-0.086291726,1.1749677,1.6642173,-0.11350341,1.1646759,1.3654326,-0.10960673,1.1473171,0.09413982,-0.19304527,1.307379,0.037520566,0.084712942,0.031405999,0.0048403595,0.0042781761,0.28340073,1.5752803,-0.055212569,0.72113591,1.5631981,-0.098559678,0.78140208,1.3254095,-0.088511695,0.75490241,0.091395627,-0.16109015,0.84233304,0.036031591,0.051580974,-0.1359181,0.0046831202,0.0025806537,0.10148965
cop_0877,888,2626.13707,1000,1.9024411,0.025661028,0.91249334,1.8878223,0.015610908,0.91934715,1.5932307,0.0092134348,0.91117861,0.087511336,-0.088144033,1.0795989,0.029556781,0.087939938,0.047831679,0.0036984161,-0.0026646464,0.18373976,1.8376297,0.02350355,0.51978743,1.8129023,0.0013442041,0.56357606,1.5362389,0.0027910022,0.52720309,0.083857082,-0.070685731,0.64170233,0.027423581,0.069873177,-0.1545764,0.0035200022,-0.0065947561,-0.011569877
cop_0878,65,188.5873024,1000,1.4507202,0.0089650222,0.46690189,1.4462771,-0.012917601,0.49130819,1.1965968,-0.0017810855,0.49679268,0.14010029,-0.070997028,0.644592,0.069583425,0.053958258,0.087920348,0.014540954,-0.012651867,0.24563295,1.4163499,0.017851138,0.27999415,1.4187767,-0.0070550118,0.27048379,1.1750066,-0.00067224105,0.28147365,0.13649468,-0.045650357,0.36254647,0.065953906,0.031404969,-0.076674314,0.013963237,-0.015281294,0.069167951
cop_0879,169,292.6193453,1000,2.1302621,-0.041307908,1.4106651,2.151202,-0.065855976,1.4307926,1.7698125,-0.066484597,1.4129923,0.17937709,-0.26238468,1.5649279,0.031096791,0.051756452,0.051728953,0.0084760253,0.11175289,0.42091642,2.06602,-0.032521972,0.99905432,2.0473806,-0.052050477,1.036271,1.7234852,-0.05451432,1.013403,0.17480125,-0.19461592,1.1213492,0.029679715,0.049379397,-0.11777579,0.0081914446,0.09815567,0.20944084
cop_0880,367,506.0091764,1000,1.3205506,0.045049211,0.16464823,1.3164524,0.028955559,0.1898778,1.0811135,0.037377375,0.18211382,0.11271447,0.032861506,0.24034217,0.044371042,0.068573027,0.00036202544,0.0068034837,-0.059943757,0.060384441,1.302862,0.049077444,0.10615185,1.2733494,0.025831903,0.12055139,1.06178,0.036064647,0.10438788,0.11031727,0.035012107,0.13025041,0.041644083,0.072455582,-0.17382822,0.0066049806,-0.055718836,-0.071705073
cop_0881,633,969.7933613,1000,1.6026387,0.053212096,0.37971682,1.5847344,0.027112596,0.42446479,1.3285261,0.038922273,0.40175105,0.26740122,-0.031728931,0.32314109,0.021249031,0.13326357,0.044808808,0.0028225767,-0.026790175,0.11207051,1.5638031,0.037642857,0.23434581,1.5520111,0.01301332,0.25996142,1.2960989,0.022896194,0.26377052,0.25961204,-0.03477882,0.22339055,0.019802827,0.12542459,-0.14617354,0.0026657078,-0.015097095,-0.033090888
cop_0882,793,1773.186763,1000,1.4928013,-0.026250807,0.73599018,1.4948919,-0.043766953,0.75913148,1.241479,-0.039448375,0.75800371,0.097367734,-0.11831274,1.0118082,0.034533048,0.087384398,0.02110304,0.0050003428,-0.016337002,0.23464123,1.4752454,-0.0072536898,0.45480208,1.4296297,-0.034598636,0.51370578,1.2092451,-0.016149994,0.48166466,0.093660383,-0.086389201,0.6347384,0.032648125,0.072578509,-0.11565996,0.0046904165,-0.0086163489,0.061913718
cop_0883,244,366.6781206,1000,1.6848415,-0.1292061,1.3219133,1.7389518,-0.13579829,1.3100833,1.3960727,-0.16361359,1.3690212,0.035599253,-0.28398809,1.7123848,0.0021315991,0.026856524,-0.13825431,0.00013964184,-0.036120146,0.24033786,1.6333149,-0.096807042,0.75207156,1.651049,-0.12921085,0.76862996,1.3565269,-0.12110889,0.83238243,0.034495223,-0.22266707,1.0589763,0.0019473182,0.023844896,-0.30771936,0.00013663222,-0.023503936,0.070178858
cop_0884,847,2233.603771,1000,1.9797082,-0.068159943,1.4452893,2.0032488,-0.085884685,1.4493621,1.6484523,-0.088266022,1.4004983,0.030503307,-0.24042533,1.8861594,0.030051701,0.066636182,0.17572579,0.0068255495,-0.023172273,0.40528414,1.918938,-0.052857735,0.95833226,1.9029951,-0.075200664,0.98771844,1.596607,-0.075038191,0.97477136,0.029552003,-0.22433876,1.3755561,0.028740217,0.032497938,-0.014813187,0.0065530899,-0.024019955,0.23916656
cop_0885,305,439.2048787,1000,1.4598547,0.0074687443,0.44696272,1.4435948,-0.01326333,0.48529099,1.2051183,-0.0033478026,0.48169828,0.20003931,-0.06331713,0.50374517,0.019739827,0.0052135641,0.078831314,0.0038463156,-0.020466057,0.28368139,1.4357804,0.019431933,0.26712169,1.4073905,-0.017048883,0.28721034,1.1817686,0.0076954728,0.26587128,0.19490644,-0.043891956,0.30229291,0.018634936,0.0030655459,-0.099641861,0.0037000442,-0.025247612,0.12258916
cop_0886,995,9940.331642,1000,2.7148003,-0.066903296,2.2280404,2.745611,-0.083021991,2.18597,2.2578436,-0.095964728,2.07568,0.030132553,-0.15674332,2.7258854,0.032188506,0.040814205,0.087281194,0.0070733012,-0.09591056,0.6220607,2.6175467,-0.063359021,1.5178495,2.5845117,-0.075038249,1.5018848,2.1939262,-0.082156633,1.4864394,0.02903846,-0.1400984,1.9080995,0.031282334,0.0098790182,-0.064183957,0.0068574733,-0.082215641,0.39422795
cop_0887,461,642.0671447,1000,2.8395169,0.017115721,1.8433127,2.8392542,0.0087866841,1.8846874,2.3910491,-0.0067797479,1.7620934,0.38085486,-0.31400064,1.2586131,0.0093056829,0.018387224,-0.039198819,0.0014881425,0.059042448,0.28892565,2.6966258,0.022588036,1.1889166,2.6653421,0.0093814563,1.2315596,2.2704296,0.006494888,1.1909625,0.36336022,-0.24418392,0.82286053,0.0089657121,0.016867684,-0.18321007,0.0014130964,0.047105212,0.16383247
cop_0888,593,854.515741,1000,2.5100908,0.0012329302,1.7600878,2.5539687,-0.011591632,1.7944521,2.1082632,-0.018038322,1.7371429,0.30720009,-0.32388461,1.5328952,0.014540847,0.043648473,-0.026908991,0.0016030315,0.022761399,0.21460034,2.4064637,0.0012807435,1.1355943,2.3876674,-0.021333024,1.1285485,2.0306247,-0.017388865,1.1225751,0.29722511,-0.26107773,1.0501824,0.013415635,0.010309061,-0.20826888,0.0015522517,0.035848914,0.059812683
cop_0889,78,207.4010376,1000,1.9976181,-0.021676572,1.0879046,1.9954827,-0.042848484,1.0463086,1.6852598,-0.033900679,1.0620886,0.079111495,-0.12105928,1.2545418,0.025881107,0.057137911,0.14296014,0.0068335795,0.035000793,0.29239582,1.924579,-0.012531626,0.67134754,1.8931771,-0.037828733,0.70578996,1.6163554,-0.028548953,0.71974857,0.075760593,-0.09717709,0.88007663,0.024453336,0.05419947,-0.017404392,0.0065056072,0.019170307,0.17077667
cop_0890,599,864.5589246,1000,1.9395095,0.048196327,0.70174918,1.9254333,0.029100622,0.73487403,1.6008085,0.029271963,0.71057672,0.1659751,-0.064706146,0.73883859,0.0037075472,0.074590511,-0.025898219,0.00046499146,0.049834961,0.1917777,1.9052271,0.04959016,0.40492871,1.851728,0.025385035,0.45057143,1.5616319,0.034591815,0.46297962,0.16241599,-0.045164556,0.50297131,0.0035025839,0.05541092,-0.17597458,0.00044765881,0.054426973,0.0089883192
cop_0891,196,312.3480502,1000,2.6982599,-0.052364378,2.228148,2.7157646,-0.052959085,2.193981,2.2746928,-0.06715237,2.1179406,0.43869804,-0.39457571,1.4047082,0.047346695,-0.011476531,0.016141287,0.011459626,0.089969071,0.38260546,2.5992938,-0.0287171,1.5450218,2.5585311,-0.045795683,1.5964686,2.2129918,-0.049227237,1.5205178,0.42576157,-0.34271729,1.0542642,0.045188793,0.0018670439,-0.089370312,0.011197991,0.075050581,0.25652107
cop_0892,519,739.5373126,1000,1.612694,-0.040403431,0.85120366,1.6236211,-0.058953128,0.86208436,1.341377,-0.054902446,0.89856055,0.19571698,-0.16956948,0.97333867,0.018429716,0.063787875,0.051155632,0.0024218304,-0.0061657192,0.24236054,1.5593076,-0.025513525,0.51670297,1.5384147,-0.05269857,0.58548655,1.29169,-0.041661327,0.55898085,0.18887,-0.12086423,0.6930213,0.017485854,0.049479919,-0.16597314,0.0023130674,-0.010527053,0.076545378
cop_0893,657,1050.05231,1000,2.8498489,0.01464181,1.9229222,2.8874578,0.0028238305,1.9280344,2.4185462,-0.00086599162,1.8657667,0.093620025,-0.15927503,2.1551041,0.026413736,0.064757886,-0.0029002865,0.0048069216,0.10256772,0.2849109,2.7426992,0.02726018,1.3007213,2.727003,0.015152945,1.3644994,2.3438608,0.0097370958,1.3023956,0.090274291,-0.12253091,1.5222347,0.025037909,0.066492458,-0.14536274,0.0046185127,0.10074665,0.11865612
cop_0894,813,1901.063376,1000,1.6822267,-0.10493833,1.2927497,1.7188114,-0.11853391,1.2769906,1.4009318,-0.12288525,1.3082085,0.077236437,-0.28328474,1.6513875,0.0049839502,0.0437323,-0.089934214,0.00038371821,-0.014294766,0.21436575,1.6585675,-0.081553769,0.87759551,1.6569856,-0.10287294,0.89667109,1.3771086,-0.09795981,0.90204912,0.075720767,-0.25026873,1.2250094,0.0045733952,0.023134777,-0.26759338,0.00037211379,-0.013362555,0.047737896
cop_0895,119,249.2748833,1000,3.2166661,-0.00071945303,2.5279379,3.2545813,-0.010320137,2.5758589,2.7357881,-0.012572299,2.4185568,0.43456146,-0.44062001,1.5251229,0.066196339,0.011628026,0.00665413,0.024043334,0.14507431,0.51902347,3.0461877,0.010393278,1.6711235,3.0104559,-0.0093211324,1.7409383,2.5941207,-0.0041791066,1.675404,0.41883588,-0.37110061,1.1290755,0.064469003,0.023903913,-0.06563912,0.023315563,0.12105292,0.40778463
cop_0896,972,5295.832778,1000,2.265178,0.029282701,1.1259421,2.262864,0.0075852938,1.1148467,1.8554088,0.0027395534,1.1400162,0.073296182,-0.13392886,1.4216101,0.026159783,0.046032915,-0.029880516,0.0045855066,0.036269777,0.17719379,2.2008019,0.023240668,0.66339813,2.1762804,0.002324972,0.6999192,1.8072061,-0.005354104,0.71420697,0.07170336,-0.10741265,0.92589086,0.025418998,0.046075339,-0.18846026,0.0044834644,0.024908008,0.010556813
cop_0897,332,464.4330299,1000,1.4691936,-0.0079655166,0.60046863,1.4567455,-0.025259055,0.62228483,1.2145423,-0.030006033,0.61756603,0.10073597,-0.10047563,0.84938034,0.060386323,0.071103627,0.11681882,0.013212506,-0.0075525612,0.19971173,1.4409858,0.010937793,0.30888025,1.403082,-0.018397538,0.33827018,1.1809058,-0.0036464937,0.342567,0.097510852,-0.05385657,0.42619689,0.056966857,0.051466925,-0.10365537,0.012710286,0.0010218457,0.027621659
cop_0898,648,1027.443094,1000,2.7673737,-0.038560392,2.2395492,2.7985353,-0.054463504,2.318307,2.3473981,-0.059887414,2.1545812,0.22657188,-0.36639137,2.0900222,0.055002635,0.030329821,-0.0074950485,0.0095582249,0.050791836,0.27640517,2.6559113,-0.025577182,1.602639,2.6473458,-0.053323598,1.6701751,2.2529496,-0.044306031,1.5672769,0.21785633,-0.2807183,1.5270012,0.05253508,0.042374803,-0.15555768,0.009250066,0.054865992,0.14561746
cop_0899,434,600.348274,1000,2.3124414,-0.023078624,1.7042801,2.3664229,-0.034194528,1.7247003,1.9323104,-0.043289684,1.6296808,0.17270418,-0.27597441,1.8042761,0.054438129,0.061347756,0.055241828,0.013883363,0.075936664,0.29917022,2.2387466,-0.0062987599,1.1849155,2.2537698,-0.015734528,1.2178994,1.8894169,-0.03233069,1.177657,0.16844163,-0.20662928,1.3966058,0.053269165,0.061270168,-0.12415416,0.013532802,0.072432137,0.13000385
cop_0900,3,35.94932194,1000,1.6205821,0.012394996,0.68688663,1.6251223,-0.0085331889,0.70698665,1.3621791,-0.0023953493,0.69609555,0.024988132,-0.05046757,0.5633236,0.0024512379,0.15143633,-0.094968692,8.1508524e-05,-0.029554472,0.084724251,1.5803295,0.010318208,0.38569511,1.5590108,-0.010633289,0.40392953,1.3098436,-0.004930188,0.39331632,0.023877515,-0.03230269,0.28267482,0.0022223702,0.10876569,-0.36737746,7.5710917e-05,-0.034295941,-0.079064692
cop_0901,199,317.2872483,1000,1.7979299,-0.05712081,1.1825328,1.8339804,-0.078317385,1.1817927,1.5158811,-0.086980137,1.1577433,0.18898749,-0.23860138,1.3298609,0.04465023,0.015288201,0.044203339,0.010800843,0.086257769,0.46499909,1.7440691,-0.041369339,0.76001641,1.7783854,-0.059560538,0.75387481,1.483084,-0.064630878,0.79601498,0.18601759,-0.19632872,0.90003945,0.043565875,0.012437595,-0.11762811,0.01053788,0.086882546,0.27017475
cop_0902,59,183.9355451,1000,2.8188012,0.021453138,1.8277447,2.869633,0.0029641394,1.8447897,2.3583958,0.0027773929,1.7422057,0.39411947,-0.33358278,1.214379,0.090086875,0.02304592,-0.025843823,0.027779088,0.0998695,0.25782916,2.6724033,0.021174393,1.2696453,2.6712571,0.0027617333,1.3328569,2.247661,0.0020078628,1.2724283,0.37952326,-0.30117708,0.89568752,0.086538618,0.023584733,-0.12745782,0.026935375,0.098685051,0.12747439
cop_0903,858,2338.645918,1000,1.407034,0.045666437,0.26777157,1.400668,0.030447288,0.32320065,1.155919,0.035340772,0.31314711,0.061781366,-0.010696621,0.41372702,0.0086690274,0.098319002,-0.018679395,0.00085108163,0.0021294912,0.08956776,1.3831973,0.043353743,0.1342857,1.356442,0.023235259,0.17737352,1.140522,0.024892313,0.14058161,0.060449789,-0.00825684,0.21709535,0.0081234045,0.067895548,-0.23820173,0.00082090333,-0.0075621081,-0.066662299
cop_0904,946,3823.142583,1000,1.3634303,0.0018010862,0.40989739,1.3683724,-0.023671272,0.41938049,1.1128895,-0.020335375,0.42918237,0.044950972,-0.095464068,0.58673715,0.023819907,0.034238579,-0.030354063,0.0041852232,-0.0082994648,0.084661787,1.3381436,0.016573334,0.20946459,1.3165322,-0.014743377,0.21853005,1.0990386,-0.0080158182,0.24415935,0.04409288,-0.072248603,0.33661083,0.022891308,0.021973499,-0.14484471,0.0040658446,-0.012363391,-0.016764581
cop_0905,190,304.2304678,1000,2.7572929,0.047487511,1.0327518,2.7668415,0.042884784,1.0344235,2.2984703,0.040018637,0.98844112,0.37513521,-0.21613858,0.6810269,0.17493826,0.10489687,-0.24055752,0.041435632,0.0078601048,0.096938131,2.6633948,0.044844392,0.68861766,2.606174,0.035511407,0.69575791,2.2308813,0.042466954,0.69031994,0.36610586,-0.16617064,0.42519778,0.16557626,0.072415207,-0.31371305,0.039770105,0.017745662,-0.013130835
cop_0906,816,1957.068364,1000,1.4406894,0.042548433,0.24249756,1.4289946,0.027510041,0.28664504,1.1822477,0.027770457,0.25422375,0.081122988,1.7808245e-05,0.29834775,0.063136723,0.073063226,0.008537761,0.01081445,-0.057805445,0.070436038,1.4194451,0.051589334,0.14144735,1.3864383,0.025485347,0.15910761,1.1707353,0.039769268,0.13783928,0.079926863,0.0048867335,0.18962222,0.060554007,0.06635257,-0.15707349,0.010658721,-0.045730906,-0.032458867
cop_0907,240,362.2816382,1000,1.8520889,-0.071955696,1.2960472,1.8742873,-0.082177893,1.3105996,1.5431801,-0.094055199,1.3159845,0.13185012,-0.25869568,1.6135112,0.024384477,0.045480307,0.080311017,0.0071605013,0.1119642,0.65185639,1.7992043,-0.068012038,0.88984277,1.8013181,-0.09046424,0.91726284,1.5028413,-0.09201377,0.89732746,0.12953434,-0.21727825,1.149816,0.023935594,0.045089948,-0.060244876,0.0070120087,0.097143862,0.40306908
cop_0908,136,260.1367089,1000,1.2676005,0.016493124,0.33557251,1.265636,-0.0021835745,0.35328386,1.0258541,-0.0023529628,0.33626047,0.045857473,-0.026482824,0.34744646,0.018650235,0.024118262,-0.021199395,0.0026565904,-0.027712531,0.20932641,1.2433101,0.028233066,0.14526282,1.2079918,0.0024468526,0.16184849,1.0077453,0.0094029608,0.16780909,0.044807863,-0.00087007284,0.15581989,0.018040686,0.028767484,-0.17591249,0.0025588608,-0.031930593,0.03032024
cop_0909,550,781.5732683,1000,1.3266497,0.03817953,0.36462793,1.3256662,0.0094460991,0.38556581,1.0839532,0.022181856,0.37746303,0.10484607,-0.020793578,0.4707301,0.0079975028,0.09390629,-0.032661972,0.00087764284,0.0013200788,0.14111467,1.3071979,0.040917035,0.16253859,1.2854106,0.00814035,0.16079068,1.0579295,0.014183781,0.18354058,0.10124401,-0.021537929,0.23326717,0.0072742592,0.053577649,-0.21866207,0.00082289515,0.011232726,-0.053305991
cop_0910,182,297.5386797,1000,1.1759858,0.062527683,0.15849539,1.1730672,0.038553994,0.16302994,0.95700427,0.052287755,0.16899821,0.15771766,0.03915089,0.21170507,0.040495959,0.045616995,0.0011529607,0.0057779053,-0.065195142,0.068801367,1.1525149,0.059076812,0.050000403,1.1320394,0.037848985,0.041719276,0.93719546,0.04499114,0.044876177,0.15233821,0.042113893,0.060917626,0.038217967,0.047341622,-0.20071482,0.0054972363,-0.051356635,-0.093254867
cop_0911,107,235.2365026,1000,1.3156036,0.037009846,0.25885456,1.3166369,0.01431156,0.28663261,1.0798799,0.027334069,0.27461474,0.094963598,-0.012750606,0.34608119,0.038347034,0.056502586,0.050125891,0.0077897963,-0.052655207,0.17047759,1.295845,0.051514613,0.12506816,1.2689703,0.025223292,0.13214003,1.053466,0.035518758,0.12778754,0.091953661,0.00054111879,0.15927264,0.036024089,0.054026392,-0.11647619,0.0075626503,-0.053861226,-0.013483862
cop_0912,543,778.2907837,1000,1.1087888,0.080465446,0.063770242,1.0868513,0.059313494,0.09506388,0.89323676,0.074656344,0.077835553,0.04158517,0.046112095,0.12060317,0.011184067,0.068397607,-0.053241759,0.0015799193,-0.041875153,0.016448835,1.0903009,0.092899922,0.018514941,1.0445358,0.063941909,0.026017856,0.87180006,0.076848609,0.014800303,0.040074228,0.044478838,0.039103917,0.01047012,0.055498234,-0.22538164,0.001476143,-0.042059755,-0.11451431
cop_0913,520,740.4844987,1000,2.4333142,0.049826296,0.49971362,2.4102002,0.046141116,0.52205291,2.0095994,0.049453609,0.47167242,0.091598825,-0.034854962,0.53507605,0.054694409,0.077329353,0.038616381,0.013631659,0.011575951,0.094311937,2.3892354,0.054318718,0.30255982,2.3297186,0.043333383,0.34359296,1.9776228,0.047859281,0.29965442,0.089531814,-0.030890608,0.36919718,0.05293593,0.082740444,-0.098545849,0.013472425,0.0096281671,0.0054149094
cop_0914,67,194.5784181,1000,1.6617171,0.028425813,0.59379037,1.6819077,0.012198111,0.63662455,1.3819347,0.013726878,0.61623608,0.14707245,-0.056494399,0.66268884,0.072265869,0.044283079,0.13028496,0.018864429,-0.011761174,0.19659615,1.6260222,0.036882425,0.34677835,1.6260112,0.019340068,0.36533445,1.3489071,0.026006975,0.35426691,0.14258015,-0.027310468,0.40306841,0.068047931,0.039508101,-0.052149813,0.017948134,-0.012926806,0.040252743
cop_0915,122,251.8402355,1000,1.2690896,0.053588482,0.19197336,1.2542107,0.031622997,0.20748234,1.0393189,0.041733637,0.19547175,0.082148841,0.014975942,0.26672294,0.015474114,0.062385674,0.073969705,0.0029994847,-0.0365844,0.10793719,1.259283,0.060558367,0.080571797,1.2226343,0.037072154,0.095713777,1.0162589,0.048422049,0.076190196,0.079305281,0.02452321,0.12822011,0.014652556,0.047001302,-0.15265062,0.0028363799,-0.025283936,-0.048445637
cop_0916,41,158.2978395,1000,1.4171185,-0.021341667,0.63869504,1.4307094,-0.032414765,0.62295418,1.172665,-0.043618814,0.66774848,0.01816039,-0.13747441,0.99283981,0.0078148694,0.052309322,0.059755418,0.0015545043,0.042957149,0.28026,1.3899944,0.0039062621,0.35759356,1.3800555,-0.020381515,0.36421318,1.1346741,-0.01207507,0.37761083,0.017486332,-0.10141533,0.51155359,0.007545064,0.039653329,-0.08026755,0.0015098178,0.016893625,0.096556912
cop_0917,362,500.5799573,1000,1.3342502,0.034519942,0.29257941,1.3425833,0.015534354,0.28723336,1.0880654,0.014702524,0.30870364,0.18717805,-0.051363538,0.31261999,0.072811619,0.029480983,-0.058192257,0.018058709,-0.012099191,0.026628011,1.3113681,0.050461739,0.16545964,1.2993185,0.015640577,0.15521173,1.0678887,0.029574539,0.15556222,0.18355062,-0.023091049,0.17089696,0.071533057,0.025952803,-0.19568825,0.017914276,-0.0082225876,-0.092063308
cop_0918,591,852.9105891,1000,2.7111825,-0.03964891,2.3051711,2.7271083,-0.052321757,2.2809034,2.2945199,-0.053444488,2.201674,0.23210534,-0.3348993,2.0060824,0.0068190723,-0.000324191,-0.010894804,0.0011812313,0.10900878,0.53273474,2.5607803,-0.036227066,1.5506487,2.5576335,-0.056707782,1.6030706,2.1843794,-0.05158523,1.497333,0.22354378,-0.25666367,1.5095952,0.0065414375,0.034240736,-0.19260648,0.001149543,0.11146035,0.35173938
cop_0919,16,88.58782214,1000,1.1555853,0.088160178,0.080578628,1.139128,0.055961651,0.086437548,0.92556844,0.075266572,0.088947803,0.015884682,0.015020021,0.11226087,0.002443921,0.043693387,-0.09447196,0.00016234257,-0.060845991,-0.0041227258,1.1418878,0.08170989,0.013856447,1.1032062,0.056971037,0.023414518,0.91546558,0.074798343,0.014742549,0.015597497,0.018300203,0.026433123,0.0022735743,0.021182949,-0.27413167,0.0001566769,-0.048768234,-0.11853884
cop_0920,116,246.3582194,1000,1.2210533,0.056943029,0.13478038,1.1918465,0.038763414,0.15470253,0.9861301,0.04640762,0.14677068,0.077420746,0.044894892,0.19205112,0.039865436,0.0051869798,0.042830842,0.0080104094,-0.063832123,0.11895785,1.2170546,0.067418586,0.047582201,1.165585,0.03584604,0.055640326,0.97818014,0.047986869,0.055186253,0.075678414,0.043252783,0.10951262,0.037525496,-0.007728688,-0.13460331,0.0077173723,-0.051978639,-0.029583914
cop_0921,957,4321.006633,1000,1.6246279,-0.0016084642,0.64157965,1.6144757,-0.013836992,0.68972008,1.3496027,-0.016110998,0.67242115,0.017065732,-0.1012734,0.94085767,0.011101311,0.11424128,0.060874783,0.0013357662,-0.026458092,0.21409477,1.5828564,0.020982052,0.38235249,1.5461899,-0.0037804266,0.40500072,1.3215334,0.0028721505,0.39035944,0.016558009,-0.085445333,0.59030479,0.010275924,0.095203959,-0.14518976,0.0012791741,-0.0040477605,0.050655161
cop_0922,611,889.0295121,1000,2.0567906,0.057116591,0.33329273,2.0093404,0.045359105,0.36759201,1.6893297,0.056696613,0.3399834,0.12643288,0.019481961,0.36190419,0.011942016,0.13259484,-0.012858939,0.0013450575,-0.00051060748,0.10162633,1.9893079,0.061404158,0.19507375,1.9371265,0.042507022,0.21705691,1.6464754,0.059443232,0.21643472,0.12382656,0.024204841,0.19545219,0.011133198,0.091661613,-0.18445708,0.0012888722,0.012572279,-0.057704029
cop_0923,767,1570.364499,1000,1.868241,0.043376215,0.55732997,1.8821629,0.038587267,0.58434636,1.5268314,0.030475303,0.59549219,0.066505423,-0.045582328,0.71406755,0.022932491,0.056731979,-0.033512089,0.0039973797,0.030483458,0.10567758,1.8241052,0.036868991,0.32651274,1.7996225,0.02682402,0.37057809,1.4980346,0.023995335,0.35714595,0.065583819,-0.032181449,0.45098211,0.022219798,0.054389096,-0.15960618,0.0038629753,0.039062474,-0.033487952
cop_0924,448,622.5308041,1000,1.2318089,0.038640637,0.27651437,1.236434,0.023626854,0.29905,1.0082182,0.030319228,0.27637134,0.017811091,-0.018402069,0.32537954,0.0037061214,0.028458512,-0.10352832,0.00024052467,-0.0844101,0.13124613,1.2057305,0.045200904,0.12482754,1.1786645,0.018854536,0.15973182,0.98136031,0.027369911,0.14668349,0.017213124,-0.011388159,0.14879648,0.0034936915,0.0077169627,-0.32331445,0.00023056402,-0.07294561,-0.0054666477
cop_0925,585,842.0879607,1000,1.5828921,-0.051066665,0.95625863,1.5768031,-0.066014691,0.9540949,1.3129818,-0.060040383,0.95784276,0.024970406,-0.17838699,1.2588473,0.014038816,0.074695874,0.14296638,0.0020930116,-0.020086039,0.28363775,1.5519004,-0.037650512,0.57563632,1.5362583,-0.064435543,0.60646985,1.2871511,-0.053855575,0.60496128,0.02408122,-0.1454484,0.80165354,0.013127791,0.038750463,-0.069008874,0.0019971497,-0.014806383,0.10485528
cop_0926,588,846.1784789,1000,1.3839338,0.01701514,0.49579859,1.3744539,0.0030458246,0.52630474,1.1344437,0.010615714,0.516562,0.13390769,-0.02983368,0.57128455,0.014158823,0.087909461,0.022194265,0.001671013,-0.054849866,0.23991092,1.3496059,0.029622906,0.23257883,1.3101332,0.00023347092,0.25108818,1.1007735,0.013524272,0.24563009,0.12987046,-0.010493865,0.30368386,0.013063835,0.072803475,-0.16296677,0.0015979748,-0.044999793,0.065712351
cop_0927,891,2638.318359,1000,2.7262842,0.03295106,1.2700497,2.7485149,0.02929082,1.2988777,2.2660988,0.016468968,1.2665719,0.13010352,-0.15666158,1.2878412,0.0059452936,0.07664661,-0.093232625,0.00048159089,0.026858825,0.11011607,2.6124091,0.026250986,0.81727293,2.577731,0.013874063,0.87731132,2.1706934,0.018789411,0.78405472,0.12558666,-0.12587205,0.89969207,0.0054721312,0.041862612,-0.28144331,0.00046841128,0.021194224,-0.024387073
cop_0928,13,67.0036173,1000,1.4023623,-0.03570151,0.70291599,1.4320914,-0.054887145,0.69382713,1.1473247,-0.048170284,0.72780537,0.012838377,-0.19494998,0.99817495,0.00049213286,0.023390405,-0.1672583,2.8953817e-05,0.002177712,0.16963407,1.3749742,-0.018835447,0.34422408,1.3879868,-0.030309259,0.37740797,1.1362797,-0.036730449,0.36486668,0.01259491,-0.16600218,0.5173066,0.00046635571,0.010771619,-0.32535188,2.8790918e-05,0.0027741732,0.0065789173
cop_0929,369,508.0250605,1000,1.1660542,0.072498344,0.13526672,1.1758012,0.050208053,0.14766715,0.92949093,0.051223919,0.13521086,0.036901918,0.0087015992,0.17310009,0.0037160776,0.022620331,-0.082114195,0.00050904521,-0.00301916,-0.0012436215,1.1656897,0.078617668,0.038514601,1.1414296,0.054018801,0.071468015,0.92598664,0.064078397,0.034247927,0.036545283,0.020976245,0.068825498,0.003545292,0.027180209,-0.20439357,0.0004916601,0.0060244439,-0.1227381
cop_0930,415,575.786258,1000,1.6738823,-0.031909505,0.86863725,1.6751476,-0.038682791,0.92924594,1.4048258,-0.03509626,0.91196621,0.021954064,-0.13961744,1.3007665,0.012222542,0.098233536,0.11057883,0.0021263304,0.016210983,0.29444166,1.6141106,-0.012124163,0.51052504,1.5845107,-0.032207786,0.54144282,1.3529536,-0.024911905,0.5527944,0.020814401,-0.1107362,0.84464755,0.011297741,0.061007176,-0.081392942,0.0019924172,0.01862901,0.093108237
cop_0931,393,542.9960771,1000,1.1581334,0.056716406,0.12816877,1.1569628,0.030017248,0.15959357,0.92618988,0.036221807,0.15039564,0.13453891,0.0029961727,0.1709851,0.071022206,0.025193461,-0.080206463,0.015587907,-0.024284506,-0.013394548,1.1449,0.062970618,0.025148054,1.1269825,0.032567782,0.03972244,0.91593369,0.042705692,0.022842237,0.13280862,0.0071714439,0.044834501,0.068590557,0.005290134,-0.24202079,0.015118089,-0.019383139,-0.11937141
cop_0932,186,300.2539186,1000,1.8695691,0.053899184,0.40495801,1.8823339,0.040800517,0.41019224,1.5577009,0.051433092,0.4019512,0.028458413,-0.013458268,0.40334333,0.006592776,0.043844995,-0.049224437,0.00062586077,-0.035940121,0.11574966,1.83384,0.064490041,0.24488874,1.791755,0.040088639,0.26529591,1.528959,0.052491628,0.2602782,0.027481227,-0.0058639128,0.23981704,0.0061363579,0.034279571,-0.21915774,0.00060335354,-0.028013149,-0.025713385
cop_0933,87,214.7495498,1000,1.2532188,0.057961697,0.20532417,1.2287002,0.032044632,0.22771062,1.0181357,0.044767756,0.2201667,0.025954096,-0.0055265425,0.27637669,0.0081083936,0.048282813,0.032954028,0.0013123844,-0.038422885,0.086717951,1.2313911,0.061397701,0.10220994,1.2034805,0.036519629,0.10368365,1.0060268,0.047322937,0.11147234,0.025330464,0.0011618075,0.15064015,0.0076973732,0.032355657,-0.16019128,0.0012768008,-0.010445323,-0.049733966
cop_0934,84,213.0118606,1000,1.4942979,0.035645047,0.3325355,1.4846447,0.016657927,0.36747773,1.2342238,0.019659744,0.33818215,0.10140813,-0.030814446,0.42857095,0.031279259,0.0094548091,0.123117,0.0086196747,-0.029420524,0.19866971,1.4576357,0.030614838,0.17808753,1.4234598,0.0023380593,0.19800429,1.2025459,0.020580061,0.18927654,0.098488548,-0.017810541,0.24825096,0.030102536,0.0020701008,-0.05980959,0.0083095115,-0.031637378,0.030073121
cop_0935,29,150.7190482,1000,1.2161671,0.039419415,0.2394377,1.1975451,0.011671368,0.26428693,0.97584179,0.024947956,0.27489383,0.039108733,-0.033245197,0.31292317,0.0091005962,0.022135178,-0.028415556,0.0018794529,-0.0061103825,0.09188143,1.1922026,0.055867187,0.14951021,1.1600082,0.026801313,0.16496866,0.96611216,0.040490498,0.15659255,0.038360609,-0.015710952,0.15817934,0.0089212098,0.008818861,-0.14756355,0.0018392787,-0.0067640436,-0.02162405
cop_0936,715,1290.342403,1000,1.2940112,0.00025173258,0.42772769,1.3011439,-0.027051263,0.454659,1.0522938,-0.021928657,0.46015298,0.050441792,-0.094508754,0.69188418,0.006504745,0.015989778,-0.032767564,0.00089719005,0.031843192,0.13557831,1.2660166,0.016801832,0.2283011,1.2364695,-0.011452191,0.24994164,1.0381484,-0.0085085589,0.24661657,0.04952829,-0.064256494,0.35591988,0.0063579271,0.016216394,-0.22327206,0.0008804562,0.026394954,-0.0088437893
cop_0937,912,2913.929597,1000,1.3185579,-0.032544875,0.6612104,1.3274057,-0.050650646,0.66595519,1.0696057,-0.058219484,0.73700673,0.13073557,-0.12769141,0.83230049,0.031260283,0.043079211,-0.022295937,0.0050387518,-0.011869199,0.17762423,1.3032152,-0.030488065,0.39361363,1.2762927,-0.062427956,0.41317109,1.0547996,-0.058930837,0.42058449,0.12845187,-0.11816499,0.45969037,0.030921576,0.0032042496,-0.17310304,0.0049653354,-0.010244304,0.0098777446
cop_0938,388,531.1973956,1000,1.6890657,0.0072446533,0.57516067,1.692187,-0.010461069,0.61286188,1.3925342,-0.01064823,0.60915292,0.057387659,-0.075394006,0.82897635,0.0056266591,0.045428876,0.032761998,0.00095015904,0.033376967,0.25890423,1.6369476,0.021865034,0.34122612,1.6236849,-0.0025970646,0.37399496,1.3563676,0.0053846854,0.37922462,0.055311756,-0.052695294,0.48767991,0.0053812416,0.0470018,-0.14213269,0.00091141018,0.029188316,0.057452471
cop_0939,915,2955.654458,1000,2.4928419,0.026465441,1.3761937,2.5115438,0.014687455,1.3963525,2.1135633,0.012909733,1.2836254,0.11257975,-0.10498223,1.3016233,0.015269763,0.1485109,-0.028993978,0.001201115,-0.0097007555,0.15729437,2.4233523,0.037779468,0.9001857,2.3741472,0.020319821,0.91669888,2.0430306,0.025976508,0.92704993,0.10902887,-0.061394287,0.91264798,0.014231439,0.093302971,-0.16492683,0.0011560592,-0.0068077604,0.028624354
cop_0940,183,297.7482404,1000,1.3435328,-0.031620073,0.61872923,1.3658333,-0.04207847,0.6498572,1.0883592,-0.043927636,0.67289579,0.057717182,-0.12411993,0.93251416,0.0062655617,0.018454424,0.024098073,0.0014825417,0.077793435,0.38629312,1.3278932,-0.013356856,0.39364693,1.3151852,-0.029591282,0.40558041,1.0744595,-0.043647782,0.40496082,0.056738551,-0.10305114,0.57512648,0.0062163747,0.02720444,-0.12298672,0.0014571389,0.056779476,0.16425345
cop_0941,285,416.4490872,1000,2.3993968,0.037644865,1.0258217,2.413366,0.022878011,1.0524665,1.9788302,0.016319085,1.0373652,0.31585544,-0.21488673,0.76193617,0.047514347,0.013249671,-0.079247716,0.010260651,0.061101862,0.1579964,2.3282744,0.040312074,0.6458777,2.3111545,0.027786281,0.66387171,1.9226021,0.027558721,0.64974747,0.30832663,-0.16021768,0.49533521,0.046561676,0.004999123,-0.1812516,0.010153936,0.062664431,0.034572258
cop_0942,316,449.1782928,1000,1.7821518,0.041874032,0.5696877,1.7830273,0.021254699,0.61345086,1.4872806,0.026222544,0.58587063,0.21309275,-0.067018083,0.55857139,0.051270073,0.0010499597,0.071133553,0.012207314,-0.0038643915,0.24931707,1.7557883,0.037104525,0.38032813,1.7060993,0.014486191,0.39032751,1.4572515,0.022810257,0.38637395,0.2073411,-0.054943887,0.39225389,0.047317245,0.0065501141,-0.12526006,0.011642228,0.0029904154,0.091271175
cop_0943,806,1851.847187,1000,1.7061186,0.036633296,0.49200388,1.7039031,0.016329523,0.50619123,1.4144977,0.026704306,0.51549686,0.1452804,-0.037730647,0.57398787,0.047501959,0.082320876,0.053342142,0.0081701176,-0.013428698,0.11237442,1.6453415,0.038631423,0.29425653,1.6239124,0.014915386,0.30534146,1.3695262,0.027917388,0.32667199,0.14044034,-0.017846255,0.36301869,0.044509309,0.057852602,-0.14209831,0.007757269,-0.0069725484,-0.037209874
cop_0944,857,2336.398822,1000,1.3325754,0.052735507,0.24581906,1.3370918,0.028413605,0.27885742,1.0868901,0.042112738,0.26006504,0.017216492,-0.036954588,0.37466798,0.0083000554,0.05612696,-0.048426767,0.0011020756,-0.0060840796,0.037547026,1.3051944,0.059200094,0.12047394,1.2940208,0.0252442,0.15753686,1.0694585,0.03713787,0.14048024,0.016924923,-0.031715093,0.22443335,0.0079823945,0.036767339,-0.21716857,0.0010819317,-0.0099239571,-0.087431646
cop_0945,706,1260.27605,1000,1.6782373,0.032835704,0.49727762,1.6667981,0.014787731,0.51497034,1.3861189,0.019458289,0.51223738,0.05950713,-0.043454507,0.60716542,0.0041223831,0.16691909,0.00091325638,0.00030024714,0.00067130239,0.14112018,1.6542815,0.035249199,0.25249654,1.6160838,0.010046215,0.25496158,1.3524494,0.014065236,0.27720353,0.057332982,-0.038455298,0.33618448,0.0037327809,0.13639768,-0.22517965,0.00028338549,0.0084298198,-0.063042846
cop_0946,176,295.1718422,1000,1.1786157,0.080542415,0.094567577,1.1569888,0.058178322,0.12464636,0.9623704,0.073859527,0.10235552,0.062042659,0.078589996,0.1450586,0.014319302,0.097776192,-0.048996266,0.0011636622,-0.098989192,0.029710642,1.1716952,0.08161763,0.04215494,1.1210239,0.055563078,0.050858036,0.94493967,0.068615293,0.045599083,0.060411926,0.069504995,0.058898013,0.013321846,0.069935219,-0.25885324,0.0011046573,-0.077465682,-0.11016485
cop_0947,656,1049.271366,1000,1.4891062,-0.060820368,0.84062464,1.4947283,-0.085107195,0.89566717,1.2277939,-0.090375525,0.89492313,0.015784429,-0.16918451,0.73886177,0.0064951633,-0.00053775762,-0.083670528,0.00062058398,-0.0032293284,0.15244267,1.464847,-0.039034529,0.5195102,1.4281815,-0.05917929,0.55120686,1.2023447,-0.054972391,0.56928804,0.015489668,-0.14380391,0.42060477,0.0063539603,-0.02275503,-0.2161763,0.00060805884,-0.015983539,-0.0023917699
cop_0948,432,598.3328757,1000,1.145929,0.037207568,0.16980557,1.1362931,0.013296538,0.19870253,0.92345381,0.021833119,0.20374719,0.025666719,-0.044482588,0.28072925,0.023393023,0.02869107,-0.025034743,0.0044951064,-0.021360386,0.046551338,1.132308,0.046216581,0.079101542,1.0940612,0.020445008,0.08015619,0.91304219,0.025458929,0.09461166,0.025140887,-0.021140559,0.14165175,0.022481344,0.010283431,-0.18137491,0.004381942,-0.011591615,-0.055991229
cop_0949,522,743.6083731,1000,1.7156367,0.045081825,0.3799335,1.6953469,0.03452891,0.39912571,1.4129344,0.032645783,0.3786206,0.18437745,-0.03274606,0.3970691,0.0066106102,0.089363767,-0.011105714,0.00080319588,0.0046242931,0.1095524,1.6842112,0.049132959,0.20277448,1.6319073,0.023410375,0.21662656,1.3754779,0.031867488,0.22603196,0.17919119,-0.012233003,0.22617054,0.0061420857,0.070229098,-0.20148298,0.000768719,0.0093492501,-0.0471462
cop_0950,898,2698.0035,1000,2.192368,-0.020647948,1.4887889,2.2464564,-0.034024632,1.4924814,1.848995,-0.029951647,1.4702002,0.044622564,-0.12266024,1.8691489,0.027433642,0.10303011,0.13123314,0.005666974,-0.0016905811,0.28775897,2.1132072,-0.0060590212,0.96129771,2.1066343,-0.034473213,0.98747438,1.7947221,-0.019629525,0.9563505,0.042752528,-0.10116677,1.2642168,0.02652433,0.097083153,0.0033441169,0.0054334502,-0.0035876335,0.14083832
cop_0951,817,1962.211418,1000,1.8368479,-0.009878793,1.0365588,1.8462146,-0.032762867,1.0382109,1.527823,-0.033649538,1.0082455,0.088629963,-0.12636929,1.2207557,0.035795096,0.07748999,0.0563698,0.0054032736,-0.013165829,0.21248312,1.776315,0.014386771,0.57711562,1.7509138,-0.010150021,0.62214659,1.485516,-0.0062206202,0.6111333,0.085713115,-0.082664966,0.76056494,0.034437247,0.077146036,-0.10880423,0.0052215278,-0.0038389623,0.059345619
cop_0952,325,457.8028683,1000,1.310095,0.053753741,0.24883624,1.30285,0.028788528,0.28462107,1.0794823,0.032147601,0.271272,0.1974355,-0.0054956445,0.28484525,0.035449198,0.083753952,0.015918317,0.004688989,-0.053584676,0.0977974,1.2873913,0.054717733,0.11403506,1.2609914,0.03412389,0.11184978,1.0558934,0.042262652,0.12527513,0.19225718,0.017861641,0.14447179,0.03300764,0.058036154,-0.14989371,0.0044504085,-0.042354063,-0.081606409
cop_0953,827,2051.456241,1000,1.9055284,0.030473623,0.78175195,1.9064453,0.015195879,0.81228655,1.5616473,0.012027333,0.8282643,0.16182897,-0.1242871,0.89686938,0.010570442,0.020584035,-0.12035255,0.0010704315,0.045588497,0.070358578,1.8379181,0.020197818,0.45267422,1.8032985,-0.0014694335,0.50035727,1.5113066,0.0012097661,0.50047037,0.15721884,-0.091762094,0.55147912,0.0099819053,0.0070291401,-0.27811369,0.001038637,0.027940893,-0.037810511
cop_0954,492,695.9671537,1000,2.8267356,-0.034924594,2.1541403,2.8915133,-0.042022083,2.1482132,2.3626211,-0.062399656,2.1134343,0.37640768,-0.44750605,1.6898384,0.04194559,-0.039983856,-0.035627397,0.0091883624,0.10864032,0.46766609,2.6931322,-0.020246572,1.5732782,2.7319564,-0.043384524,1.6257433,2.2753179,-0.043526986,1.5342224,0.36631224,-0.3889082,1.2357981,0.04112579,-0.031684306,-0.16637612,0.0090261374,0.097629862,0.34430043
cop_0955,776,1621.217445,1000,1.8802322,0.017689674,0.86605215,1.8977846,-0.00012130458,0.88478731,1.5705005,-0.0038962324,0.88016588,0.21897568,-0.10554836,0.82197674,0.029918353,0.14068556,0.11665621,0.0035407064,-0.02898989,0.20230401,1.8394598,0.011620949,0.51799002,1.8148868,-0.0090697393,0.51117271,1.5324678,-0.011436416,0.5425543,0.21267801,-0.086392321,0.56754033,0.027685206,0.10436572,-0.13479252,0.0033825509,-0.012630289,0.023748566
cop_0956,927,3251.334199,1000,2.5786839,-0.056620508,2.0922168,2.6042124,-0.058199517,2.0945891,2.178721,-0.074482933,2.011523,0.037178918,-0.25189061,2.4234997,0.015799611,0.063647194,0.0553597,0.0029558116,0.064586955,0.3452138,2.4992935,-0.014452957,1.4254665,2.4827384,-0.035691084,1.4423276,2.0951663,-0.044937663,1.3781115,0.035939976,-0.21167058,1.6692408,0.015220432,0.064426108,-0.10246046,0.0028738911,0.074799511,0.15875501
cop_0957,46,164.0800429,1000,2.1049386,0.059313602,0.35063265,2.0952572,0.054981862,0.36504875,1.7402793,0.057262395,0.34185456,0.018526828,-0.033425928,0.40647835,0.0099989634,0.066343368,0.013456669,0.001967164,0.012062942,0.12607086,2.0362242,0.069860176,0.18779697,1.9859003,0.054886329,0.19932522,1.6718962,0.0614798,0.1945953,0.017749613,-0.029762802,0.23090775,0.0092609276,0.058710871,-0.14873638,0.0018489093,0.021244554,-0.0040955125
cop_0958,2,35.34486349,1000,1.58452,0.0051682435,0.52727931,1.5857465,-0.0037341841,0.55033635,1.321468,-0.010336971,0.54655136,0.019297198,-0.053434733,0.45290913,0.0017698152,0.080682443,-0.079226031,5.7918312e-05,-0.015921926,0.071925861,1.5565666,0.016366303,0.28509544,1.5378024,-0.0077846902,0.31216736,1.2876341,-0.0087857099,0.29262821,0.018511342,-0.045492847,0.22706319,0.0015991749,0.027616755,-0.36607019,5.5255946e-05,-0.015967138,-0.074480137
cop_0959,828,2053.98008,1000,2.7245548,-0.054614929,2.2701952,2.7477815,-0.06838464,2.2441815,2.2884283,-0.08222862,2.1703283,0.075485931,-0.2392688,2.3834111,0.019274789,0.056182408,0.056003058,0.0040442026,0.14063508,0.44790266,2.6068056,-0.033677189,1.5963344,2.6043614,-0.047136063,1.6123512,2.2021611,-0.0559328,1.5663954,0.072578989,-0.20058896,1.745799,0.018953814,0.058776193,-0.078033113,0.0039638396,0.13723854,0.26841692
cop_0960,580,833.7971778,1000,2.1909614,0.021709409,1.1468592,2.2260589,0.014448555,1.126487,1.8173857,0.0054033963,1.1398224,0.20755437,-0.16093056,1.0555069,0.013358332,0.028542081,-0.053267068,0.0021709648,0.072042853,0.22034081,2.0919126,0.02068477,0.6715341,2.0997723,0.0056539285,0.67916689,1.746022,0.0019869548,0.68222768,0.20186355,-0.11780717,0.70079658,0.012934501,0.036990932,-0.20235018,0.0020943111,0.065794193,0.047603963
cop_0961,662,1055.258414,1000,1.1818223,0.066577667,0.11109521,1.1680255,0.041391547,0.13345041,0.96256139,0.053418643,0.11832063,0.075935068,0.025121299,0.17261026,0.0082281385,0.083868437,-0.057805975,0.00070859565,0.007200817,0.052981669,1.172059,0.064635893,0.030657637,1.1342641,0.025086182,0.049862167,0.94650039,0.051103545,0.043411102,0.074468324,0.024943901,0.055985974,0.0076532992,0.059147764,-0.27437862,0.0006760792,-0.0062020973,-0.13128274
cop_0962,947,3839.850358,1000,1.9668375,0.0059800613,0.98677795,1.9793841,-0.013578229,1.0115123,1.6286365,-0.019028634,0.99899047,0.082029703,-0.097856384,1.3277968,0.017036949,0.028849065,-0.059218833,0.0024580453,0.042482866,0.13081899,1.9142919,0.020066478,0.58129631,1.8840687,-0.0012368172,0.60353027,1.5803463,0.00071674858,0.60362885,0.079656733,-0.077262087,0.81434843,0.016395,0.028744284,-0.1837445,0.0024138512,0.046591079,-0.007208203
cop_0963,387,527.9224893,1000,2.0691052,0.05869647,0.4056415,2.0247461,0.049267062,0.43544596,1.7129489,0.054123531,0.39075669,0.040288055,-0.0055028757,0.46643457,0.020854738,0.086947676,0.042021249,0.0045989643,0.0029728045,0.11188401,2.0366624,0.052178412,0.21508493,1.9787138,0.039390687,0.24068349,1.6711123,0.04742989,0.22219187,0.039151552,-0.016373715,0.27128085,0.019604307,0.056659226,-0.10592346,0.0043337635,-0.00026869918,-0.0068116001
cop_0964,603,874.7302339,1000,1.3602999,0.045236698,0.28006862,1.3646902,0.023113015,0.30284559,1.1172365,0.034606915,0.28310078,0.011077341,-0.06305452,0.41485349,0.017761594,0.086583019,0.021094796,0.0028626536,-0.012957563,0.10398244,1.3365651,0.045894108,0.11210289,1.3156441,0.019575247,0.14157014,1.0975037,0.022464808,0.12519353,0.010690333,-0.043768381,0.21193743,0.016930684,0.068092126,-0.14328431,0.0027638028,-3.8224423e-05,-0.019291204
cop_0965,52,174.6020257,1000,1.4871074,0.068610495,0.17628348,1.475148,0.043585731,0.20064247,1.2136233,0.062087074,0.19698316,0.028895108,0.024112448,0.2448498,0.0027373049,0.14125279,-0.012213646,0.00017434051,-0.032003571,0.084456926,1.4545291,0.069996543,0.097575627,1.4218538,0.05115639,0.11333942,1.1873701,0.059059067,0.1181498,0.027910515,0.024382642,0.14141801,0.0024972819,0.10372441,-0.26203686,0.00016522706,-0.028150201,-0.070635171
cop_0966,412,573.0953507,1000,2.5231312,-0.033831477,1.8033048,2.5849357,-0.036240731,1.8012597,2.1265716,-0.049219365,1.762128,0.077578521,-0.16351397,2.1892949,0.010429125,0.094786597,0.10834868,0.0026060924,0.18610114,0.6512749,2.413849,-0.011026143,1.1410101,2.4353429,-0.021563953,1.1447587,2.0360996,-0.02851425,1.0963579,0.073612731,-0.1150568,1.4511067,0.010077101,0.08863608,-0.044189947,0.0024908272,0.16126087,0.39170787
cop_0967,623,916.5796937,1000,1.9182131,0.044457958,0.55527533,1.9358301,0.034106755,0.58301783,1.5745706,0.028963143,0.57876825,0.22095822,-0.081069005,0.55757799,0.0074812049,0.029739302,-0.065978234,0.0012461749,0.047666223,0.14182649,1.8850513,0.050175761,0.35946192,1.873783,0.030950494,0.36782226,1.5611195,0.036803521,0.3871341,0.21882013,-0.051421826,0.34614062,0.0073339887,0.032926608,-0.21515626,0.0012192958,0.053233666,-0.016667227
cop_0968,442,615.8835747,1000,2.2710794,-0.052946397,1.7438728,2.2954823,-0.064067414,1.7662333,1.8955973,-0.073502886,1.6917225,0.25867836,-0.30656769,1.5821433,0.042631021,0.029985648,-0.0015501078,0.0079140216,0.067726568,0.33179581,2.1666325,-0.033719552,1.1916061,2.1389793,-0.067167925,1.2388023,1.7999735,-0.053736632,1.1321386,0.24816837,-0.25241107,1.0896639,0.040724602,0.031452362,-0.17713181,0.0076693024,0.065040614,0.14378537
cop_0969,909,2867.057401,1000,2.3781328,0.023004131,1.253022,2.3667891,-0.0023962247,1.2630967,1.9966154,0.012052703,1.2139207,0.03758371,-0.093281753,1.4629705,0.038643383,0.073864503,0.039797707,0.0082506177,0.00038425131,0.22437172,2.2969945,0.022022934,0.86154038,2.2893241,0.0045468619,0.871537,1.9533492,0.015443499,0.85127311,0.036270039,-0.090977253,1.0669862,0.036327855,0.058849516,-0.08727139,0.0079053841,-0.0084819854,0.11422654
cop_0970,103,233.5989248,1000,1.3970892,-0.03205687,0.78095089,1.4015808,-0.05630439,0.7594108,1.1358938,-0.060620671,0.77838357,0.2074519,-0.18173006,0.90205042,0.11278734,0.060747793,-0.079094139,0.024045762,0.0072975205,0.23904375,1.3681312,-0.013633551,0.43015824,1.3437809,-0.040939499,0.45873174,1.1188545,-0.032678131,0.44951897,0.20417355,-0.12791907,0.5395207,0.10864177,0.040171681,-0.17417273,0.023233307,0.00279052,0.059097839
cop_0971,804,1831.619175,1000,2.4861242,0.042876958,1.1181514,2.4842794,0.041244155,1.1493024,2.086875,0.036773422,1.0927172,0.035028612,-0.058798564,1.1746019,0.051741687,0.075118121,0.012884713,0.011155799,-0.059865599,0.2986128,2.4001424,0.047240997,0.68901587,2.3552473,0.042628163,0.70880389,2.0069401,0.034715497,0.72663828,0.033746512,-0.053566909,0.7473855,0.049225642,0.05693742,-0.11246666,0.010873751,-0.059701313,0.1607758
cop_0972,659,1053.332737,1000,2.7471193,0.056366828,1.5929097,2.7529778,0.044479724,1.6437103,2.3172745,0.043584191,1.5273879,0.42028327,-0.2705787,0.95605339,0.069372229,0.028483816,-0.073120653,0.011758234,0.01055755,0.10314648,2.6272802,0.069747085,1.0354664,2.5989429,0.067170201,1.0998821,2.2099011,0.050375721,1.0455438,0.40602179,-0.23738801,0.61197076,0.066642135,0.0026555699,-0.20393876,0.011337206,0.023495387,0.023081811
cop_0973,829,2056.634373,1000,1.3707537,0.03266839,0.30750302,1.3475668,0.0076614725,0.32657604,1.1207882,0.026228275,0.32960175,0.02916372,-0.023788811,0.39080217,0.011464159,0.116175,0.022037115,0.0010942681,-0.040464916,0.11272645,1.347564,0.043148126,0.19666282,1.2984643,0.015465416,0.20605716,1.099806,0.036554175,0.21395724,0.028453289,-0.0043093075,0.21591802,0.010671766,0.087350769,-0.18203141,0.0010420291,-0.028225992,-0.05351164
cop_0974,237,358.2460712,1000,1.3041709,0.015848713,0.30669231,1.2882197,-0.014181081,0.35591043,1.0640717,-0.0023752637,0.34785885,0.017632495,-0.081181364,0.61512698,0.014295745,0.051689004,0.06852397,0.0031507248,-0.013416836,0.13022247,1.2850961,0.022144147,0.17933591,1.2400697,-0.0056854175,0.22086234,1.0503955,-0.0030353108,0.20365216,0.017162364,-0.076371049,0.28120916,0.01368053,0.035190992,-0.087797815,0.0030404633,-0.011833106,-0.0126377
cop_0975,379,514.8197843,1000,1.9976558,0.019063588,0.84413664,2.0286042,6.8172218e-05,0.83600373,1.6438622,-0.00066940001,0.88855613,0.096756821,-0.095428064,1.162676,0.020584701,0.046353391,-0.018568585,0.0051885651,0.093575559,0.32786757,1.9386578,0.025197774,0.52829103,1.9362144,0.0044127663,0.53916543,1.5950782,0.0050759088,0.54391088,0.09382887,-0.067244834,0.66349655,0.020037758,0.043102256,-0.13849692,0.0050409035,0.083270502,0.11532366
cop_0976,538,773.110669,1000,1.5180492,0.028489623,0.49485766,1.5086876,0.010837753,0.53774409,1.2604289,0.017792595,0.51220201,0.16768633,-0.047162548,0.55899857,0.018839567,0.091812878,0.039039206,0.0020514277,-0.02941266,0.16900289,1.4835916,0.029229822,0.29936867,1.4706619,0.0053406371,0.34271213,1.2344525,0.018341173,0.31340425,0.16226629,-0.033855667,0.39814828,0.01721025,0.072973303,-0.2035898,0.0019575101,-0.038626179,-0.010476867
cop_0977,753,1476.252653,1000,2.149772,0.0098821026,1.3691625,2.1671282,-0.014837234,1.3733677,1.8006444,-0.011348325,1.3344353,0.16065846,-0.18543939,1.443761,0.0023429188,0.10556651,0.016494343,0.00022589779,0.055886939,0.23730069,2.0967617,0.022874931,0.77570652,2.0745884,-0.00025895292,0.85516833,1.7666459,0.008738736,0.79410322,0.15675329,-0.12979385,0.90866318,0.0022218706,0.097175226,-0.21599822,0.00021703219,0.055309015,0.070331234
cop_0978,358,497.7742663,1000,2.3829889,0.046526429,0.62875244,2.360693,0.034395084,0.62867324,1.977032,0.042493004,0.61147429,0.18081723,-0.058388308,0.63393281,0.040604259,0.054686401,-0.034494833,0.0071591314,0.034152355,0.12704581,2.3237912,0.042022884,0.38553339,2.2869602,0.031809858,0.42697896,1.9362231,0.035754653,0.39290683,0.17569714,-0.051709795,0.43398009,0.038414281,0.05678341,-0.14857024,0.0068588517,0.032398015,0.0094137571
cop_0979,372,510.3779834,1000,2.3805053,0.062500282,0.77530325,2.3608481,0.055369239,0.79530931,1.9896107,0.059715701,0.74930783,0.15626621,-0.046135036,0.76997499,0.036577921,0.054786288,-0.015023131,0.0076132232,0.041670268,0.1479915,2.3188281,0.042162371,0.45896648,2.2748592,0.031798642,0.49849714,1.9479966,0.038998423,0.44354852,0.15235774,-0.042148368,0.50561707,0.035511525,0.04422518,-0.11186715,0.0073847475,0.030606818,0.050586005
cop_0980,444,617.4725518,1000,1.4401707,-0.023118459,0.69198881,1.4532814,-0.043791695,0.68884798,1.1819739,-0.036828009,0.72147093,0.10542278,-0.11671436,0.84975881,0.0030793777,0.1437828,-0.034251322,0.00020050352,0.0024129441,0.21005688,1.409952,-0.0062542299,0.40982532,1.4003927,-0.03783408,0.43189968,1.1636138,-0.021670891,0.41409427,0.10304785,-0.078902306,0.49102952,0.0028521344,0.087363386,-0.25149776,0.00019185599,0.0045940906,0.0046212733
cop_0981,473,666.2283248,1000,3.0920295,-0.037213947,2.5396697,3.1026547,-0.03899021,2.5698404,2.6238351,-0.057788405,2.431498,0.25589697,-0.35911811,2.1443266,0.0050501182,0.06430818,-0.045169938,0.00061931429,0.06468603,0.38336181,2.9851796,-0.031372578,1.6388096,2.9695145,-0.041770045,1.7218939,2.5130086,-0.051315843,1.6454383,0.24630662,-0.2717585,1.5043154,0.004728604,0.032399032,-0.1927031,0.00060287542,0.060123467,0.21645018
cop_0982,987,6849.104583,1000,1.8210833,-0.015670793,1.0156527,1.8391292,-0.027270291,1.0265903,1.5114342,-0.034852133,1.0229364,0.026952303,-0.14784173,1.2060102,0.022264545,0.099045268,0.028398434,0.0026654064,-0.041781321,0.20820144,1.7612931,0.0012640346,0.57554778,1.7494633,-0.020116749,0.6143148,1.4667094,-0.013016593,0.61348327,0.02580143,-0.10616139,0.69043013,0.020394547,0.072890858,-0.15917013,0.0025781067,-0.048362679,0.013876606
cop_0983,307,440.075505,1000,2.2867457,-0.039554141,1.6948527,2.3244251,-0.046091585,1.7229673,1.9475727,-0.053690669,1.5894722,0.047606146,-0.1747209,1.9840079,0.011355096,0.077549375,0.11929681,0.002161831,0.093922626,0.36383766,2.2079752,-0.051434759,1.1409377,2.1978208,-0.063417183,1.1309371,1.8901819,-0.063673082,1.138333,0.045639839,-0.17519635,1.4405691,0.01064537,0.065696863,-0.054565276,0.0020598399,0.068419175,0.21055714
cop_0984,598,864.1421641,1000,1.9204137,-0.061715242,1.3180668,1.9508389,-0.08018303,1.2889122,1.6014719,-0.080080695,1.2981377,0.17299615,-0.23419886,1.4058402,0.009302369,0.039009918,0.019593854,0.0015483614,0.073572764,0.41169798,1.8812042,-0.032543222,0.93253246,1.8707845,-0.067774192,0.94742283,1.5739191,-0.051019673,0.9296114,0.1706746,-0.19525926,1.101123,0.0089570377,0.022233176,-0.14399858,0.0015164243,0.067044306,0.24928372
cop_0985,704,1253.22431,1000,2.2875656,0.046391207,0.83569257,2.2918203,0.030983963,0.85317154,1.9133182,0.039913556,0.83385525,0.16111778,-0.077929102,0.83307439,0.015168584,0.081884338,-0.032971326,0.0017053073,0.026883663,0.13076597,2.2397898,0.041746712,0.49433703,2.2177793,0.02995338,0.54563163,1.8675156,0.031873171,0.51918707,0.15656802,-0.060406939,0.54021158,0.014449129,0.073809821,-0.18383325,0.0016433951,0.034512906,0.015451398
cop_0986,253,381.6621035,1000,1.2499727,0.021286951,0.30873929,1.2334434,-0.0060113889,0.31997332,1.0112141,0.0066135357,0.32993099,0.1829206,-0.044096091,0.37296409,0.028045489,0.065346589,-0.016984074,0.0043155622,-0.020149797,0.11027948,1.2257778,0.016658798,0.17208815,1.1886118,-0.003994937,0.18554308,0.99464672,0.0021468957,0.18835648,0.18035349,-0.040029832,0.20948804,0.027137064,0.04348665,-0.19505105,0.0042137488,-0.026139787,-0.065164188
cop_0987,884,2553.138267,1000,2.0272425,0.010544961,1.0218745,2.0258431,-0.015560839,1.0708637,1.7064617,0.00014878561,1.0113826,0.038514594,-0.088022236,1.1866249,0.0084540695,0.11143785,0.01025064,0.0008701695,0.0010650808,0.19114591,1.9579646,0.007430406,0.70179713,1.922425,-0.01103539,0.74154595,1.6429067,-0.0077254951,0.73180901,0.036959208,-0.086513869,0.82080734,0.00773378,0.091718997,-0.15296955,0.00081858094,0.0050254805,0.072945966
cop_0988,608,883.3106678,1000,2.4146394,0.023135586,1.5309062,2.4404376,0.0031276827,1.5707975,2.0365769,0.00088624396,1.4948887,0.24787268,-0.18833466,1.2317534,0.018976171,0.083995905,0.010269708,0.0033123798,0.050729836,0.24370961,2.3289303,0.024484602,0.96150264,2.2963818,0.017418386,1.0186921,1.9689032,0.015846322,0.99361523,0.24024149,-0.12949498,0.86648455,0.018148819,0.076157491,-0.15268949,0.0032353475,0.043753562,0.097121166
cop_0989,6,49.40325817,1000,1.3605232,0.052897461,0.29479271,1.3656975,0.033912466,0.31191704,1.1261344,0.04806135,0.30527982,0.02808395,0.0068613941,0.3014545,0.0035909456,0.12971584,-0.059567191,0.00016168837,-0.036939433,0.063908793,1.3358502,0.037625657,0.15629693,1.2991934,0.020778257,0.15239222,1.0940499,0.025103008,0.17359676,0.027060155,0.01029322,0.14598272,0.0032151235,0.082395063,-0.32597194,0.00015505033,-0.031403434,-0.099860603
cop_0990,221,342.3866958,1000,1.4011016,0.072082334,0.14022003,1.3755853,0.046280469,0.15959013,1.1403142,0.061128435,0.15604553,0.058345371,0.030055433,0.16714051,0.0108646,0.096683389,-0.00072726278,0.0011117928,-0.081927847,0.083831802,1.3774797,0.060371845,0.07828958,1.3422844,0.042615797,0.071196185,1.1196664,0.053512306,0.09081588,0.056686548,0.035522542,0.097407869,0.010186933,0.085293659,-0.21844545,0.0010592276,-0.071663844,-0.049586209
cop_0991,569,817.1900862,1000,1.790697,-0.10109594,1.3101924,1.7881173,-0.11127711,1.3437067,1.5044712,-0.11960582,1.2724913,0.10382355,-0.25972776,1.520572,0.022906056,0.068048114,0.071755618,0.0034745079,0.038351947,0.40641027,1.7058938,-0.072045116,0.80621672,1.6964819,-0.10360305,0.87555708,1.4311432,-0.10357628,0.83751372,0.099138445,-0.23063393,1.0220686,0.021933239,0.059247644,-0.10839656,0.0033356248,0.0077968853,0.15477519
cop_0992,360,499.542547,1000,2.139728,0.016603878,0.98813565,2.1509502,-0.0021583283,1.0409164,1.7691546,-0.002891994,1.0363054,0.096983603,-0.082334467,1.2035912,0.023107344,0.053441554,0.025802814,0.0060487079,0.088783595,0.36510433,2.1074769,0.023131417,0.71934268,2.0628378,-0.0025493325,0.79264733,1.7558339,-0.0050525917,0.75784086,0.096210868,-0.078955122,0.92478677,0.022210648,0.060790444,-0.089545492,0.0059582666,0.068999133,0.18214473
cop_0993,145,267.6205711,1000,1.4364313,0.0031616053,0.4096312,1.4527183,-0.010068149,0.43204933,1.1717197,-0.017188749,0.43237157,0.045072571,-0.080363127,0.64178774,0.012071066,0.038135216,0.011506419,0.0026378516,0.033837575,0.18148883,1.4151129,0.010211997,0.22200417,1.4060532,-0.013751316,0.2264604,1.1450028,-0.013617796,0.24053736,0.043958505,-0.059833887,0.34071374,0.011916518,0.014176671,-0.17787485,0.0026063965,0.021337591,0.021101356
cop_0994,37,155.8903832,1000,1.3243862,0.052504708,0.19305053,1.2908465,0.029394336,0.21640994,1.0770724,0.038778003,0.21753801,0.082369121,0.011251041,0.27706643,0.039845613,0.051144227,0.079846633,0.009565848,-0.039934927,0.088542174,1.3039459,0.036472364,0.096305542,1.2398801,0.014666127,0.11843037,1.0624706,0.029197404,0.10511253,0.080635873,0.0016958094,0.14959691,0.037924764,0.023613842,-0.10525326,0.009336758,-0.033702903,-0.03111413
cop_0995,595,855.6715863,1000,1.8962244,-0.069947964,1.3822039,1.9123971,-0.098311519,1.344234,1.5879989,-0.078727112,1.3880483,0.082781749,-0.22602185,1.7545501,0.036224906,0.087310959,0.11588064,0.005988657,0.03306712,0.33409589,1.8286465,-0.049911353,0.86457417,1.8318117,-0.078170136,0.91177165,1.5310796,-0.065724216,0.89437796,0.079636129,-0.16528112,1.1815083,0.034034902,0.086686923,-0.047682387,0.005721569,0.049466288,0.14778223
cop_0996,981,6431.409235,1000,2.1870022,0.049484872,0.62417725,2.1942804,0.036339875,0.65421272,1.8303518,0.045720921,0.64063064,0.070979217,-0.032965929,0.68893501,0.027675523,0.082021954,-0.017634401,0.0035741556,-0.016423283,0.11139606,2.1508956,0.041579393,0.41122774,2.1271137,0.031983745,0.44454863,1.791494,0.031130303,0.41082432,0.069539304,-0.037863548,0.47433095,0.025901663,0.070797449,-0.19416838,0.0034642123,-0.013916213,0.0016897744
cop_0997,450,625.3785602,1000,1.5128829,0.066404143,0.21065545,1.5061882,0.041496945,0.22095963,1.2273907,0.047098103,0.22669041,0.10101028,0.010639797,0.26694219,0.010200597,0.037113635,-0.056406854,0.0020167474,0.024866339,0.045795678,1.4822529,0.055600006,0.12613784,1.4517907,0.041575517,0.12589285,1.220434,0.049079422,0.1264205,0.10097938,0.0090656147,0.14423935,0.01001767,0.04390643,-0.17652257,0.0019930199,0.027103911,-0.034700434
cop_0998,571,819.9660869,1000,1.8337139,-0.00062537623,0.82290316,1.8462417,-0.014205752,0.84774916,1.5331564,-0.01616254,0.83571046,0.066307581,-0.089583479,1.0386477,0.028210381,0.096929376,0.1026087,0.0052771555,0.0079762758,0.2393568,1.7676294,0.015979066,0.55566181,1.754037,-0.0038888179,0.5504935,1.4756797,0.00020228415,0.5728808,0.063805907,-0.074107716,0.72917182,0.026274034,0.07292111,-0.076301952,0.0050246724,0.0011112863,0.057333362
cop_0999,312,443.9573974,1000,1.2745789,0.036743845,0.3055501,1.2773677,0.008001092,0.34241817,1.0360007,0.02880786,0.34008191,0.15041142,-0.019171295,0.40626905,0.026363384,0.068218025,-0.026712523,0.0037897516,-0.036469823,0.14402552,1.2471391,0.037968654,0.15227752,1.2270245,0.00071965433,0.18234371,1.0209304,0.020809737,0.14502806,0.14791252,-0.019158926,0.19476611,0.024961125,0.047886136,-0.18924335,0.0036272738,-0.029881028,-0.0064498514
cop_1000,281,409.2410372,1000,1.9516597,0.054372383,0.57937093,1.9625893,0.033984298,0.59148772,1.5916775,0.032540759,0.57987572,0.27597989,-0.098238024,0.44032111,0.022510195,0.033986142,-0.044527631,0.004510858,0.05051153,0.056010259,1.8883464,0.044647032,0.31027027,1.9001959,0.025073822,0.38177465,1.5688994,0.023475285,0.34589099,0.27270512,-0.06072884,0.2408927,0.022015274,0.035716405,-0.1860025,0.004461523,0.041046319,-0.047674454
