configuration,replicate,nu,log_likelihood,loss,class,largest_q_over_k,largest_q_over_k_nu_up_1pct,change_nu_times_0.5,change_nu_times_0.9,change_nu_times_0.99,change_nu_times_1.01,change_nu_times_1.1,change_nu_times_2,change_nu_at_7.19892,change_nu_at_100,change_nu_at_1e+06
cop_0191,0,1466.336701,641.7657485,0.1167050652,between,6.40835,6.40835,-1683.12,-1171.14,-34.7185,-34.714,-1304.53,-7101.35,-3343.63,-179.471,-939118
cop_0191,1,2018.399143,683.6174898,0.1169384338,knife-edge,9.67797,37.7791,-5205.78,-6718.16,-3508.99,-4105.34,-8868.89,-21848.1,-4395.16,-680.609,-3.75271e+06
cop_0191,2,1606.946879,515.6600715,0.1171538971,knife-edge,4.66505,34.1717,-4818.39,-6646.66,-4066.44,-4370.27,-8134.61,-19764.4,-4217.42,-391.382,-4.5565e+06
cop_0191,3,61963.66002,658.4147345,0.1172646398,smooth,5.54016,5.54016,-300.491,-3.95594,-0.0318558,-0.032885,-2.701,-83.5421,-4899.07,-724.995,-302.833
cop_0191,4,4843.778036,570.1627288,0.1190594923,smooth,5.80706,5.80715,-790.487,-42.9171,-0.405854,-0.374231,-34.4866,-1222.07,-4402.03,-1101.49,-9476.2
cop_0191,5,696.732142,678.9343797,0.1166336205,smooth,7.40522,7.47925,-17.709,-21.7271,-0.317694,-0.323026,-38.338,-1360.03,-4777.83,-303.71,-141306
cop_0191,6,930.5465627,795.9791149,0.1216116556,smooth,3.91974,3.91946,-2.77792,-0.0366511,-0.000304651,-0.000294819,-0.0249612,-0.782305,-3705.76,-154.276,-3.27505
cop_0191,7,1652.063427,467.4197623,0.1178736835,knife-edge,9.6434,22.7537,-2837.1,-3438.34,-1313.93,-1461.23,-4339.72,-11883.8,-3601.01,-610.621,-2.48223e+06
cop_0191,8,692.6893072,273.2029659,0.1191535567,smooth,7.98825,7.9952,-3.15733,-0.0405361,-0.000333191,-0.000328486,-0.0275219,-0.854148,-3067.71,-120.68,-3.54567
cop_0191,9,2209.502259,547.1358452,0.1205020022,between,5.34052,5.29053,-2056.73,-1559.73,-59.7805,-59.1608,-1731.64,-8225.27,-4818.47,-683.079,-837621
cop_0191,10,920.6632062,539.7399176,0.1218330455,smooth,4.49399,4.49421,-4.88134,-0.0620581,-0.000506771,-0.00050561,-0.0421029,-1.30109,-4657.65,-435.028,-5.37691
cop_0191,11,430.8098169,622.6523793,0.1168242062,smooth,5.4793,5.47979,-5.6177,-0.0708241,-0.000586371,-0.000566516,-0.0478226,-1.47623,-3065.4,-68.9229,-6.09445
cop_0191,12,406.3927229,695.5468878,0.114727224,smooth,6.28274,6.29072,-9.30426,-0.121004,-0.000992435,-0.000996084,-0.0832732,-2.67759,-3524.01,-106.341,-11.9613
cop_0191,13,675.6247095,677.8221487,0.1160990285,smooth,5.86564,5.8678,-5.55944,-0.0685975,-0.00055737,-0.000558316,-0.0462938,-1.41537,-4487.2,-370.987,-5.78979
cop_0191,14,387.2248972,642.6597512,0.1181536716,smooth,7.27651,7.27651,-12.3603,-0.167576,-0.00141137,-0.00134448,-0.11528,-3.73424,-3819.08,-97.0441,-16.6008
cop_0191,15,1932.908085,760.6118227,0.1183338615,smooth,7.49103,7.4924,-0.84672,-0.0109538,-0.000100946,-7.5723e-05,-0.00722185,-0.225505,-3679.18,-383.592,-0.924819
cop_0191,16,495961.6026,451.8701041,0.1187174185,smooth,6.32739,6.32739,-0.00150959,-0.000166548,-1.51285e-05,1.48265e-05,0.000136046,0.000745802,-3147.83,-795.085,0.000751803
cop_0191,17,1702.280264,724.4051368,0.118567479,between,5.12315,4.96758,-1115.56,-123.141,-1.19005,-1.16562,-99.9793,-2356.84,-4269.94,-442.446,-38541.1
cop_0191,18,3983.375069,633.334131,0.1203981735,knife-edge,7.93191,20.1303,-6585.47,-6448.65,-874.625,-919.716,-7704.66,-24875.3,-3669.38,-554.648,-1.92453e+06
cop_0191,19,167746.9815,565.3712866,0.116325334,smooth,5.74503,5.74502,-0.00490335,-0.000533079,-4.83404e-05,4.73596e-05,0.000433972,0.00236252,-4310.18,-374.878,0.00389954
cop_0191,20,2700.034699,708.8463413,0.1171435221,knife-edge,4.71318,27.6621,-7529.65,-8179.69,-2469.53,-2374.13,-8768.44,-24646.2,-4508.63,-710.798,-2.87935e+06
cop_0191,21,10947.4568,691.3289446,0.116212184,smooth,5.2402,5.23897,-228.48,-3.05892,-0.0111913,-0.0413924,-2.34342,-69.4545,-4763.9,-358.662,-282.468
cop_0191,22,6756.421986,538.9766721,0.1181023726,smooth,4.44078,4.44085,-0.0446076,-0.00075723,-2.52058e-05,1.62314e-05,-0.000166323,-0.00969995,-3658.42,-190.096,-0.0404283
cop_0191,23,1964.28598,537.5645394,0.1218337903,knife-edge,6.4272,48.5978,-8140.01,-11224.4,-7529.21,-8312.53,-14302.7,-32716.7,-3525.67,-856.113,-6.21164e+06
cop_0191,24,45039.48151,705.4508235,0.1193431829,smooth,6.19736,6.19737,-0.00383687,-0.000307176,-2.66927e-05,2.59249e-05,0.00022914,0.00101297,-3299.6,-289.531,0.00140882
cop_0191,25,1921.528429,391.2755336,0.1186350327,smooth,9.98445,9.99486,-1.84599,-0.0237751,-0.000201022,-0.000185952,-0.0160297,-0.49785,-3854.97,-839.78,-2.05347
cop_0191,26,72280.00229,743.9742576,0.117550455,smooth,4.46303,4.46302,-0.00455097,-0.000465444,-4.18973e-05,4.09869e-05,0.000373333,0.00196993,-4033.48,-186.214,0.0034932
cop_0191,27,1896.840739,675.798082,0.1170235752,knife-edge,6.13334,6.19413,-2343.36,-2040.41,-117.091,-115.903,-2101.32,-8743.25,-4222.41,-254.888,-1.2149e+06
cop_0191,28,315.6800213,575.2056603,0.1164378744,smooth,10.9475,10.947,-18.2357,-0.232421,-0.00193877,-0.00185603,-0.157826,-4.97119,-3990.9,-91.2371,-21.3459
cop_0191,29,719395.1457,364.2476043,0.1196654421,smooth,6.05866,6.05866,-0.00190808,-0.000211164,-1.9188e-05,1.88064e-05,0.000172614,0.000947626,-4283.37,-602.841,0.000532344
cop_0191,30,7513.308344,468.603111,0.1205765157,smooth,6.48947,6.48988,-1055.61,-26.2071,-0.254185,-0.18339,-18.2649,-609.931,-3697,-993.894,-2988.78
cop_0191,31,812.315397,717.2352811,0.1153014947,knife-edge,5.2459,11.9936,-105.441,-1961.16,-821.786,-948.872,-2798.49,-8235.68,-3572,-624.165,-4.04759e+06
cop_0191,32,11533.76336,631.6707605,0.1220446553,between,8.44415,10.4686,-11711.8,-4616.02,-79.1951,-77.0135,-4171.49,-27780.8,-4250.38,-809.438,-466957
cop_0191,33,1440.504079,252.9804427,0.1164949102,between,4.26187,4.23098,-1501.68,-497.891,-6.35465,-5.9932,-351.368,-1411.05,-3986.5,-311.003,-136512
cop_0191,34,162.3541043,820.5913581,0.1142649503,knife-edge,16.4101,16.4101,-260.594,-489.712,-211.795,-211.014,-692.583,-2698.1,-3222,-320.138,-8.97377e+06
cop_0191,35,1107.963084,870.6409644,0.1177577449,knife-edge,5.96025,26.0894,-2816.19,-3569.3,-1353.98,-1420.58,-4276.1,-11918.1,-4346.16,-165.385,-3.63661e+06
cop_0191,36,2419.086213,670.6833758,0.1170293946,knife-edge,7.93487,34.2916,-5840.38,-6966.33,-2858.59,-2578.63,-7427.46,-20223.3,-3267.17,-513.797,-2.86404e+06
cop_0191,37,911318.7899,282.3128773,0.1209139651,smooth,6.94775,6.94775,-0.00139207,-0.000154333,-1.40268e-05,1.37483e-05,0.000126209,0.000693445,-3989.11,-743.211,0.000123117
cop_0191,38,567.5708622,582.5528028,0.1166186338,knife-edge,5.31492,9.80742,-773.726,-1419.18,-448.985,-508.055,-1759.08,-5617.55,-4172.41,-225.011,-3.8898e+06
cop_0191,39,1237.230949,486.759186,0.1175251868,knife-edge,7.25053,13.1405,-1943.95,-2120.44,-275.264,-246.248,-2142.97,-7683.97,-3610.44,-283.814,-1.82165e+06
cop_0191,40,2372.96893,445.7166698,0.1225778759,smooth,8.95164,8.94905,-5.08418,-0.1534,0.00202385,-0.00562875,-0.206732,-9.22424,-4505.96,-471.893,-71.3122
cop_0191,41,337.8836336,637.6437386,0.1197738452,knife-edge,8.26278,8.2671,-490.408,-952.874,-421.419,-398.54,-1285.78,-4411.46,-3350.34,-202.245,-5.96428e+06
cop_0191,42,3318.414433,482.3677455,0.1228933094,smooth,5.65161,5.63822,-158.657,-14.2606,-0.145995,-0.138168,-13.6963,-713.073,-4140.88,-1047.87,-8090.98
cop_0191,43,3473.310835,613.3397439,0.1178944826,between,6.37338,6.31442,-1687.34,-304.243,-3.27762,-3.21394,-266.169,-4480.24,-3738,-618.664,-82188.2
cop_0191,44,392979.3857,708.3760732,0.1185643681,smooth,9.39316,9.39317,-0.00242268,-0.000266007,-2.41496e-05,2.3665e-05,0.000217051,0.00118719,-3642.46,-373.959,0.0014392
cop_0191,45,1547.725284,582.7682402,0.1196154914,between,4.34057,4.43848,-1503.94,-594.545,-9.26143,-9.0168,-532.348,-4147.95,-5312.03,-842.641,-202370
cop_0191,46,413.656603,387.7538977,0.1164393216,smooth,10.4219,10.416,-11.3388,-0.15021,-0.0012593,-0.00121296,-0.103565,-3.38296,-2935.96,-133.778,-15.3757
cop_0191,47,1419.114866,337.3934604,0.1225522715,knife-edge,3.87304,26.4019,-3115.67,-3976.82,-1771.4,-2093.72,-5148.71,-13466,-5088.7,-498.799,-3.20971e+06
cop_0191,48,6847996.719,557.4473356,0.1180834847,smooth,9.57724,9.57724,-0.000492477,-5.47108e-05,-4.97362e-06,4.87511e-06,4.47617e-05,0.000246171,-3976.96,-246.12,-0.00288256
cop_0191,49,781730.065,235.4163704,0.116654139,smooth,7.82683,7.82683,-0.00171147,-0.000189264,-1.71965e-05,1.68542e-05,0.000154685,0.000848908,-4374.28,-486.754,0.000371143
cop_0191,50,1227.328068,717.5371256,0.1172063251,knife-edge,6.15165,12.5909,-2306.41,-2651.88,-646.854,-668.932,-2959.14,-9040.12,-4793.32,-489.112,-2.45977e+06
cop_0191,51,663.1937457,702.7272044,0.1183541914,smooth,4.85114,4.85055,-3.9045,-0.0501853,-0.000409879,-0.00040969,-0.0341135,-1.057,-4089.41,-126.968,-4.37802
cop_0191,52,1098.378271,560.6729326,0.1163887959,knife-edge,4.50064,12.339,-1618.9,-2403.74,-1218.19,-1262.28,-3013.38,-8256.58,-4700.62,-423.438,-2.97472e+06
cop_0191,53,967.9811485,589.3978843,0.1185560362,smooth,5.07925,5.07916,-1.96108,-0.0257946,-0.0002417,-0.000174476,-0.0170002,-0.535503,-3606.46,-122.538,-2.22004
cop_0191,54,38073.4592,616.757526,0.1211918791,knife-edge,18.0032,636.389,-145244,-151247,-49597.6,-48890.5,-167301,-445062,-3461.95,-1186.64,-5.04252e+06
cop_0191,55,862.4049449,700.7815442,0.1184938608,knife-edge,4.52823,6.62019,-609.949,-1108.05,-155.415,-149.966,-1582.72,-6040.13,-4985.84,-405.44,-2.31911e+06
cop_0191,56,5748.374367,687.0079013,0.1196227588,knife-edge,6.34679,8.99982,-5608.03,-3920.35,-176.019,-177.012,-4236.05,-17441.8,-5295.23,-359.736,-777359
cop_0191,57,526.094478,709.2309982,0.1179237886,knife-edge,6.65795,12.7576,-1397.09,-2427.47,-1807.67,-1927.34,-3300.72,-8083.33,-4465.67,-319.485,-6.50183e+06
cop_0191,58,5280.259894,486.5156087,0.1160674451,between,8.78289,8.78053,-3485.96,-562.137,-5.89785,-5.74504,-462.767,-7110.42,-4711.31,-847.234,-92610.2
cop_0191,59,24589.29911,787.734548,0.117543435,between,5.28997,5.28995,-13166.2,-1129.91,-10.2243,-9.78366,-802.433,-16162.5,-3812.26,-331.381,-95000.3
cop_0191,60,249.6976654,576.0606009,0.1195346734,smooth,5.59842,5.59812,-21.7173,-0.302542,-0.00256552,-0.002434,-0.210001,-6.96834,-3688.86,-48.7345,-32.4114
cop_0191,61,3660.047147,663.4998096,0.1206535707,smooth,5.59327,5.59327,-0.191911,-0.00257572,-3.72142e-05,-1.83e-06,-0.00144386,-0.0479285,-3044.49,-379.277,-0.193823
cop_0191,62,2787.429746,647.3749089,0.1197321072,knife-edge,6.65835,36.7728,-6796.78,-7661.36,-2690.54,-2635.57,-8864.97,-24185,-3119.41,-235.357,-2.82572e+06
cop_0191,63,117.6834895,491.0635337,0.1218076101,knife-edge,23.0726,23.1945,-719.147,-1109.49,-393.832,-588.623,-1466.73,-4376.01,-1702.48,-1148.39,-1.9308e+07
cop_0191,64,2146.923728,739.9569481,0.1162820224,smooth,4.90818,4.93463,-478.114,-46.0258,-0.462215,-0.464097,-43.2835,-1474.67,-4403.82,-424.184,-19114.8
cop_0191,65,2784.70121,524.7598399,0.1162023495,knife-edge,4.46872,19.7056,-5500.27,-5864.02,-1410.73,-1199.83,-5896.44,-17871.7,-5003.34,-372.789,-2.04092e+06
cop_0191,66,4977.757319,878.6329286,0.1196577175,knife-edge,7.87383,64.2981,-16942.6,-18271.4,-6410.24,-5543.08,-18407.9,-50267.3,-3787.93,-354.009,-3.58845e+06
cop_0191,67,8686.177366,531.7182238,0.115370121,smooth,6.05055,6.05063,-0.0231838,-0.000521497,-2.60956e-05,2.14399e-05,4.2875e-05,-0.00405014,-3038.52,-150.435,-0.0182758
cop_0191,68,1117519.278,571.0495213,0.118194844,smooth,9.70708,9.7071,-0.00384102,-0.000426161,-3.87356e-05,3.79673e-05,0.000348562,0.00191581,-3854.72,-860.455,-0.000450745
cop_0191,69,1193.899303,318.1658894,0.1247938686,knife-edge,6.10341,8.84865,-1380.12,-1924.07,-606.582,-550.031,-2202.66,-6982.79,-4878.35,-756.97,-2.1625e+06
cop_0191,70,1012.655995,341.5004345,0.1150774409,between,5.40425,5.40014,-1210.98,-594.274,-10.2702,-9.56311,-412.016,-1319.11,-4703.14,-208.66,-928530
cop_0191,71,86569.74321,429.5048137,0.1209487051,smooth,6.82573,6.82573,-0.00314346,-0.000318513,-2.86377e-05,2.80089e-05,0.000254877,0.00133804,-3642.95,-211.336,0.00232659
cop_0191,72,866.1434369,624.0681125,0.1157738832,knife-edge,4.11638,5.05379,-526.683,-892.301,-121.868,-127.42,-1324.46,-5112.81,-4045.71,-392.058,-2.02606e+06
cop_0191,73,291.5804354,816.0087176,0.1174919587,smooth,7.38452,7.38289,-13.6135,-0.185813,-0.00158224,-0.00146817,-0.127319,-4.11972,-3316.87,-47.6586,-18.4564
cop_0191,74,297.677432,676.8115057,0.1134871351,between,7.11786,7.15228,-257.071,-471.75,-47.8447,-54.8743,-768.133,-3245.34,-3907.8,-106.606,-4.16184e+06
cop_0191,75,665.600027,490.20161,0.1159317825,smooth,9.8508,9.85154,-5.54045,-0.071093,-0.000579839,-0.000581232,-0.048337,-1.49929,-3336.34,-183.747,-6.24501
cop_0191,76,518.7425364,656.2344678,0.1175811514,between,7.20205,7.20517,-106.038,-265.549,-9.14959,-10.1873,-489.299,-3153.84,-4790.03,-234.169,-1.9148e+06
cop_0191,77,1358.66557,718.9642565,0.1160781103,knife-edge,8.65649,27.3736,-3597.3,-4357.75,-1659.76,-1639.41,-5060.89,-14090.1,-4328.07,-616.382,-3.48798e+06
cop_0191,78,1616644.372,686.7331925,0.1199399473,smooth,14.1163,14.1163,-0.00193978,-0.000215503,-1.95909e-05,1.92029e-05,0.000176316,0.00096968,-2120.93,-71.7558,-0.00119609
cop_0191,79,2107.475039,633.9354661,0.11968436,smooth,5.72017,5.72011,-0.345306,-0.00423908,-2.56975e-05,-4.48013e-05,-0.00301961,-0.0898253,-3797.29,-129.948,-0.360784
cop_0191,80,945.5009682,681.8741382,0.1173863168,knife-edge,6.54402,22.3396,-3291.68,-3980.57,-1623.34,-1572.36,-4223.16,-11531.3,-3164.12,-510.539,-4.12098e+06
cop_0191,81,600393.6377,592.5083185,0.1182806553,smooth,7.62487,7.62487,-0.0024066,-0.000266332,-2.42009e-05,2.37196e-05,0.000217709,0.00119519,-3286.54,-603.456,0.000955643
cop_0191,82,1721.117011,794.8585824,0.116387593,smooth,11.5637,11.5635,-0.910334,-0.0116117,-0.000109267,-7.71603e-05,-0.00757901,-0.23517,-3413.23,-270.477,-0.953598
cop_0191,83,490.5756807,595.3079802,0.1172229994,knife-edge,5.47522,16.4781,-2448.28,-3991.31,-3252.21,-3039.88,-4661.21,-10826.7,-3088.8,-397.732,-9.78501e+06
cop_0191,84,2881.107851,588.7909827,0.1174006818,knife-edge,5.88832,49.6145,-7502.34,-9780.17,-5650.91,-7348.11,-13487.7,-31227.6,-4482.23,-950.993,-3.98343e+06
cop_0191,85,6088.200259,696.3720496,0.1217443785,knife-edge,4.6145,7.57635,-8427.2,-5746.02,-250.184,-250.722,-6203.24,-25537.7,-3981.98,-194.738,-981023
cop_0191,86,3810.9103,432.3578118,0.1165073036,smooth,7.78873,7.78301,-25.7843,-1.03217,-0.00841621,-0.0111097,-0.918618,-45.1071,-4096.57,-862.016,-327.032
cop_0191,87,1098.474699,965.6118859,0.1144021882,knife-edge,6.64651,10.7749,-2162.32,-2406.41,-400.009,-398.279,-2922.72,-9699.02,-4503.55,-186.515,-2.48596e+06
cop_0191,88,3035.878515,913.4244462,0.118323665,between,5.75446,5.75844,-2770.4,-746.733,-9.46729,-9.14622,-656.396,-7006.34,-3941.36,-623.912,-180849
cop_0191,89,1534.404314,482.9840195,0.1190046699,between,10.9286,11.036,-1910.39,-1524.64,-65.5174,-63.5197,-1607.6,-7381.77,-3840.44,-318.961,-1.13223e+06
cop_0191,90,1342.186134,787.7171965,0.1161314017,knife-edge,6.03177,37.7719,-5005.49,-7128.53,-4986.81,-5459.93,-8789.76,-19989.5,-3858.96,-595.345,-5.85099e+06
cop_0191,91,617.4010197,752.9723369,0.1155065068,knife-edge,5.07384,15.1538,-1733.71,-2514.62,-1249.47,-1411.19,-3258.43,-8669.66,-4558.34,-323.157,-4.97421e+06
cop_0191,92,218960.6285,669.3655395,0.117267898,between,6.65822,6.65822,-127286,-7697.32,-66.6755,-64.0864,-5277.09,-118680,-3627.59,-453.353,-285370
cop_0191,93,9126.437695,693.587183,0.1181343146,knife-edge,12.1562,178.345,-40748.1,-50514,-29933.9,-30775.3,-59635.8,-139589,-3052.82,-559.729,-6.12312e+06
cop_0191,94,295389.0976,770.1164342,0.116972881,smooth,4.93332,4.93332,-0.00378616,-0.000418085,-3.79809e-05,3.72236e-05,0.000341586,0.00187334,-3455.67,-240.416,0.00263616
cop_0191,95,2160.193066,694.5363022,0.1206457912,knife-edge,6.48617,16.6276,-3216.92,-3353.02,-799.186,-926.632,-4359.87,-12581.9,-3817.71,-423.731,-1.79358e+06
cop_0191,96,1276.976176,639.6961863,0.1152433399,between,5.3666,5.29544,-1241.79,-906.107,-26.6613,-27.1089,-1053.33,-5828.05,-4528.34,-405.123,-914435
cop_0191,97,383.7420482,381.2699992,0.1209016235,knife-edge,6.28939,10.9215,-625.994,-1388.3,-864.82,-918.142,-1859.81,-5384.32,-4847.61,-285.377,-6.29943e+06
cop_0191,98,1412.077986,696.1789841,0.1189314412,between,7.12898,7.1954,-871.142,-688.045,-21.2454,-22.0297,-897.276,-4977.3,-5164.27,-816.341,-759347
cop_0191,99,2074.463904,690.0203209,0.1176839176,knife-edge,6.80056,40.323,-6369.29,-8266.5,-4758.54,-5184.65,-10204.9,-24546.7,-3792.65,-614.121,-4.34189e+06
cop_0191,100,934.4543079,581.2734909,0.1156355091,knife-edge,4.20637,9.33014,-554.955,-1174.81,-251.402,-385.01,-1857.43,-5918.23,-4680.49,-575.954,-2.33088e+06
cop_0191,101,191495.0757,506.3719097,0.1210292734,smooth,7.97058,7.97055,-0.00749067,-0.000815628,-7.39757e-05,7.24774e-05,0.000664231,0.00361873,-4198.15,-858.007,0.0058094
cop_0191,102,116429.4021,634.5387516,0.1207758425,smooth,5.1186,5.11858,-0.00940245,-0.00101842,-9.23123e-05,9.04316e-05,0.000828365,0.0045015,-3783.22,-482.436,0.00786446
cop_0191,103,2472.098124,497.0382129,0.120531174,knife-edge,11.9114,24.337,-4163.64,-4721.69,-1498.17,-1418.07,-5305.23,-15046.9,-3645.08,-587.197,-1.92803e+06
cop_0191,104,171.4030162,353.2569338,0.117266717,knife-edge,8.7361,10.6248,-404.551,-1426.53,-1114.57,-1096.57,-1793.71,-4728.35,-3830.23,-761.026,-1.37173e+07
cop_0191,105,673.6854527,627.7689872,0.1176320971,smooth,6.35777,6.35995,-2.3928,-0.0301431,-0.000237216,-0.000255427,-0.0205588,-0.62937,-3560.83,-88.0146,-2.57573
cop_0191,106,757.6364808,349.021726,0.1174201122,knife-edge,4.90661,15.3479,-1969.04,-3111.73,-2137.81,-1840.12,-3413.7,-8745.34,-4334.23,-1322.07,-4.94959e+06
cop_0191,107,1415.232253,580.9708387,0.1238261875,between,6.46311,6.45297,-996.145,-347.359,-4.82652,-5.21075,-400.128,-4547.62,-3880.65,-406.398,-216076
cop_0191,108,1248.017799,767.232687,0.1170672976,knife-edge,7.16463,22.2255,-2408.52,-3245.02,-1408.38,-1663.68,-4225.78,-11400.4,-4329.22,-591.183,-3.22949e+06
cop_0191,109,2698.355591,740.0026187,0.1206442482,smooth,4.40352,4.37676,-571.291,-28.4466,-0.259237,-0.250505,-22.266,-725.452,-4779.6,-471.104,-4216.67
cop_0191,110,54.55741181,381.6940942,0.1237780355,knife-edge,8.71551,26.5805,-1426.85,-2487.94,-2122.9,-2155.69,-3108.19,-7122.38,-1250.73,-6565.8,-5.83516e+07
cop_0191,111,4380.171691,706.2991004,0.1198310329,smooth,8.13636,8.14366,-213.803,-5.62528,-0.0585886,-0.0380388,-4.13848,-163.208,-4582.92,-933.533,-960.216
cop_0191,112,540.1896475,766.2440671,0.1169186509,knife-edge,7.59232,22.2361,-1826.31,-3022.96,-2124.52,-2422.7,-4258.65,-10159.3,-3706.01,-354.818,-7.60184e+06
cop_0191,113,1692.03132,714.3334896,0.1173470293,smooth,7.80618,7.80366,-0.373656,-0.00503113,-7.13244e-05,-5.24803e-06,-0.00285027,-0.0944937,-3599.97,-82.6533,-0.385045
cop_0191,114,370.3705941,673.3608407,0.1185660239,smooth,6.06065,6.05745,-29.4403,-0.362866,-0.00298148,-0.00289445,-0.242741,-7.36827,-3875.35,-196.231,-30.3167
cop_0191,115,1290.049999,749.2169068,0.1176844878,smooth,4.70297,4.70433,-1.98543,-0.0251574,-0.000197811,-0.000213564,-0.017175,-0.526097,-4182.86,-296.6,-2.14922
cop_0191,116,1565105.608,659.5087659,0.1182566759,smooth,5.22642,5.22642,-0.00109445,-0.000121407,-1.10349e-05,1.0816e-05,9.92959e-05,0.000545716,-4116.94,-770.253,-0.000617988
cop_0191,117,11410.98428,682.2309171,0.1201185696,smooth,7.73965,7.73695,-224.345,-4.40426,-0.0581862,-0.0126852,-2.81286,-105.29,-4496.52,-1114.71,-507.653
cop_0191,118,2700.3689,706.1973286,0.1191141783,knife-edge,5.09941,43.5103,-8602.97,-10251.2,-5028.78,-4457.12,-11301.9,-29055.8,-4393.15,-488.962,-3.77467e+06
cop_0191,119,772.759414,571.7432878,0.1166877096,knife-edge,5.36539,19.9424,-2152.36,-3302.5,-1932.93,-1686.55,-3622.88,-9755.73,-3922.74,-232.935,-5.00843e+06
cop_0191,120,1196.948814,353.8615029,0.1188555464,knife-edge,6.33343,16.5713,-2688.58,-3221.53,-1121.17,-1123.47,-3583.75,-10222.2,-4347.21,-400.776,-2.88808e+06
cop_0191,121,629.6885481,497.1943736,0.1213624752,knife-edge,5.9322,11.0215,-778.714,-1585.34,-913.314,-923.409,-2209.25,-6348.51,-4216.23,-389.668,-4.1065e+06
cop_0191,122,649.3443758,616.7924613,0.121202882,between,6.18442,6.18125,-370.602,-478.427,-31.1412,-33.4691,-658.234,-3119.47,-4352.7,-307.245,-1.70155e+06
cop_0191,123,2253.698559,579.7472486,0.1168644757,knife-edge,5.11266,13.3272,-3090.35,-3402.88,-762.955,-800.429,-4199.23,-12692.1,-4813.11,-522.955,-1.78112e+06
cop_0191,124,6566.854443,593.3542687,0.1196596108,knife-edge,5.2665,25.5985,-8437.56,-7983.7,-1200.05,-1146.6,-8316.07,-26500.2,-4975.92,-1115.86,-1.33609e+06
cop_0191,125,580.756987,516.9984087,0.1190285827,knife-edge,6.26392,11.4962,-927.541,-1712.96,-1113.76,-925.364,-2218.65,-6185.33,-3815.2,-303.235,-4.46697e+06
cop_0191,126,1446.53121,580.0127131,0.1183006084,knife-edge,5.44093,38.2432,-6008.51,-8967.24,-6748.48,-6882.14,-10497.6,-23678.7,-4648.36,-826.193,-6.75127e+06
cop_0191,127,670.9935809,485.2363952,0.1147488323,knife-edge,9.47009,11.7849,-541.518,-1371.69,-544.624,-627,-2016.44,-6242.98,-4291.14,-427.352,-3.74588e+06
cop_0191,128,5816.579473,730.17885,0.1178783883,knife-edge,7.25241,141.072,-25307.7,-34736.5,-25186.4,-25017.7,-40364.9,-89977.2,-4826.59,-756.758,-6.42373e+06
cop_0191,129,536.6996258,534.5538404,0.1180569002,smooth,13.3057,13.3057,-5.33082,-0.0710856,-0.000609575,-0.000552966,-0.048333,-1.54087,-2859.14,-98.1931,-6.63283
cop_0191,130,1224.671403,524.9025592,0.1158991028,smooth,5.20876,5.20975,-2.03341,-0.0255797,-0.000213271,-0.000202203,-0.0171913,-0.526775,-4938.44,-282.924,-2.13984
cop_0191,131,2772.964464,550.4687644,0.1165730827,knife-edge,8.25266,33.5482,-6641.14,-8145.86,-3924.1,-3426.89,-8698.11,-22863.6,-4220.31,-551.222,-3.00474e+06
cop_0191,132,1508.704181,474.4035495,0.1175177088,knife-edge,8.2356,27.1504,-3362.06,-4376.63,-2044.27,-2247.66,-5660.58,-14823.7,-3587.56,-674.62,-3.42523e+06
cop_0191,133,658106.2153,573.7743451,0.1189232511,smooth,5.72358,5.72358,-0.00126284,-0.000139606,-1.26841e-05,1.24315e-05,0.000114091,0.000626031,-4435.98,-357.196,0.000428461
cop_0191,134,838.2365323,574.3549408,0.1201774703,knife-edge,7.69628,16.3129,-2038.15,-2917.35,-1747,-1546.64,-3400.68,-8871.45,-3825.85,-374.423,-4.09074e+06
cop_0191,135,1939.415221,662.1654093,0.1174136651,smooth,5.27722,5.26677,-374.724,-38.1031,-0.408777,-0.363712,-36.5798,-1397.88,-4634.27,-482.031,-19513.6
cop_0191,136,1614.06061,604.004247,0.1160353808,smooth,6.18669,6.18669,-0.681107,-0.00906357,-0.00010547,-3.68581e-05,-0.00557807,-0.179686,-4103.99,-120.134,-0.738385
cop_0191,137,4286.647366,680.8079954,0.116014601,between,6.97746,5.89932,-2754.26,-557.992,-6.39475,-5.99144,-490.83,-7030.04,-4848.91,-824.312,-129811
cop_0191,138,67503.954,651.9613924,0.1177711536,knife-edge,6.46657,894.171,-191578,-188588,-47588.9,-47044.3,-207978,-577842,-4716.91,-732.609,-3.88932e+06
cop_0191,139,929.4437078,564.8751415,0.1214832286,smooth,6.34477,6.34303,-2.39352,-0.0304426,-0.000256776,-0.000237903,-0.0204637,-0.631132,-3600.4,-178.867,-2.58427
cop_0191,140,1642.518497,671.2423595,0.1173776855,smooth,5.66669,5.66652,-1.23833,-0.0158261,-0.000133542,-0.000123689,-0.0106426,-0.328244,-3358.17,-300.041,-1.33988
cop_0191,141,100.0434649,446.6373054,0.1142196682,knife-edge,11.7028,13.083,-582.544,-948.363,-817.455,-812.325,-1301.8,-3557.7,-3406.38,-416.007,-1.93172e+07
cop_0191,142,583708.2712,508.6208796,0.1194759968,smooth,5.00068,5.00067,-0.000408977,-4.47306e-05,-4.05907e-06,3.97726e-06,3.64655e-05,0.000199087,-4053.77,-253.633,0.000166008
cop_0191,143,1085.88524,718.2737371,0.1162498432,smooth,4.26853,4.26853,-1.44529,-0.0190923,-0.000194491,-0.000110588,-0.0122831,-0.38994,-4226.81,-114.195,-1.61199
cop_0191,144,1413.577217,639.1821328,0.1159797724,knife-edge,5.90817,23.9265,-3724.54,-4305.3,-1445,-1635.81,-5386.27,-14914.6,-3625.66,-477.272,-3.26255e+06
cop_0191,145,320.3456552,682.6583773,0.1182452144,knife-edge,9.94776,12.4058,-777.762,-1544.15,-1014.6,-981.512,-1816.42,-5242.04,-3959.73,-336.125,-7.426e+06
cop_0191,146,2007.588555,399.3175953,0.1198332469,smooth,5.9759,5.9726,-44.6524,-1.82988,-0.0258989,-0.00714575,-1.46486,-83.7932,-3961.91,-753.529,-737.286
cop_0191,147,7623.253599,426.412844,0.1153571537,knife-edge,5.2866,65.2108,-15115,-15111.2,-3710.17,-3646.41,-16145.6,-46139.4,-4656.07,-802.349,-2.14133e+06
cop_0191,148,274.5992215,524.4919485,0.1172985145,knife-edge,13.1729,13.9775,-639.803,-1283.72,-858.669,-925.632,-1829.68,-5062.26,-3085.54,-340.151,-8.11545e+06
cop_0191,149,938.8897032,685.841804,0.1181981125,knife-edge,9.1084,20.8583,-2581.28,-3616.33,-2018.46,-1779.49,-3952.54,-10521.7,-3677.18,-403.758,-4.27971e+06
cop_0191,150,2779.287646,579.9266972,0.1185625172,between,5.6686,5.66764,-749.711,-109.011,-1.13723,-1.14978,-102.775,-2456.17,-4129.54,-703.474,-45407
cop_0191,151,1815.680574,584.9390854,0.1176114747,smooth,9.03282,9.02583,-114.341,-0.196215,-0.00855941,-0.000238585,-0.713241,-179.128,-4347.7,-595.341,-3882.12
cop_0191,152,2566.867644,751.7118491,0.1180516238,knife-edge,8.77092,8.77092,-4589.77,-3592.1,-203.677,-201.258,-3981.7,-15793.4,-2914.15,-400.896,-1.33973e+06
cop_0191,153,280842.3271,505.7940028,0.1213872589,smooth,5.95764,5.95762,-0.00268229,-0.000293512,-2.66362e-05,2.60997e-05,0.000239306,0.00130681,-4139.08,-212.326,0.00187239
cop_0191,154,1132.291279,528.4739348,0.1172117562,knife-edge,6.78892,14.3571,-2766.92,-3303.41,-856.269,-810.596,-3684.05,-11369.6,-3306.26,-111.359,-3.10396e+06
cop_0191,155,2395.767316,412.1451007,0.1218400054,knife-edge,9.06951,12.2923,-3171.06,-3383.4,-557.942,-505.388,-3411.61,-11321.9,-3843.27,-376.431,-1.50995e+06
cop_0191,156,1507.438091,800.5847695,0.115708789,knife-edge,6.5352,28.7989,-5829.39,-7608.83,-4680.35,-4403.76,-8622.18,-21004.8,-4245.3,-543.748,-5.11867e+06
cop_0191,157,10227.94671,505.1540396,0.1188959487,smooth,7.01921,7.01928,-0.018973,-2.42352e-05,1.94107e-05,-2.32237e-05,-0.000369384,-0.00637749,-3581.16,-352.745,-0.0229634
cop_0191,158,444.0811486,809.5519205,0.1162736831,smooth,5.74812,5.75389,-11.5196,-0.14981,-0.00127379,-0.00117515,-0.101861,-3.25106,-4668.98,-157.4,-14.1865
cop_0191,159,5568.898375,480.6721393,0.1181470035,between,7.10949,7.10956,-3178.6,-282.128,-2.61885,-2.53317,-213.225,-4751.02,-3688.15,-1427.94,-42188.9
cop_0191,160,1378.397238,671.9559804,0.1191837932,smooth,4.76731,4.76413,-0.970427,-0.0121361,-9.43936e-05,-0.000103866,-0.00827481,-0.251478,-3804.87,-215.444,-1.01713
cop_0191,161,183.0870928,581.7279036,0.1140917917,smooth,6.02825,6.02846,-46.5893,-0.52298,-0.00431145,-0.00414393,-0.349586,-10.972,-2800.48,-32.8529,-49.7241
cop_0191,162,888.6470834,666.5552241,0.1168310759,smooth,7.81103,7.81208,-1.97603,-0.0252406,-0.000186455,-0.000229241,-0.0175162,-0.537709,-3694.79,-115.375,-2.2222
cop_0191,163,8968.74321,574.4711271,0.1195739769,knife-edge,8.06221,187.802,-41062.1,-57798.5,-44235.9,-44938.5,-68587.9,-149322,-4966.55,-1141.37,-7.13985e+06
cop_0191,164,6361.948412,493.7061215,0.1226019852,between,5.295,5.56387,-4745.66,-1331.83,-17.0018,-16.5575,-1158.93,-11600.5,-4122.33,-600.018,-209587
cop_0191,165,4169.623132,578.4778329,0.1192051552,between,4.80898,4.80852,-3495.93,-833.469,-9.70724,-9.53571,-710.473,-8596.72,-3008.8,-226.543,-175169
cop_0191,166,6258.796375,843.0187549,0.117535854,between,6.44692,6.43494,-6024.67,-2096.43,-30.8127,-29.999,-1853.58,-14992.8,-3605.49,-336.932,-326871
cop_0191,167,546660.215,428.3232283,0.1156691147,smooth,4.97466,4.97466,-0.000832807,-9.18987e-05,-8.34786e-06,8.18128e-06,7.50716e-05,0.000411578,-3575.82,-213.217,0.000373306
cop_0191,168,680.4417226,582.9659882,0.1173622377,smooth,6.50669,6.50799,-2.89612,-0.0371627,-0.000310231,-0.000295079,-0.0251072,-0.777517,-3529.52,-91.7175,-3.20762
cop_0191,169,274.7942612,636.2744966,0.1184012686,knife-edge,4.82992,9.24578,-388.836,-1286.48,-1035.29,-799.747,-1422.43,-4169.85,-4226.61,-395.094,-8.31729e+06
cop_0191,170,10018.90812,521.1823859,0.1194203394,smooth,9.54581,9.54582,-286.999,-5.66172,-0.0473101,-0.0492117,-4.15806,-147.349,-3674.87,-729.645,-719.804
cop_0191,171,12418.66455,468.3435399,0.1195280153,knife-edge,5.49139,228.002,-45915.6,-61708.5,-43835.7,-44827,-72795.9,-161890,-4693.99,-636.555,-5.58457e+06
cop_0191,172,1209.126977,422.2669435,0.1179018249,between,6.04626,6.09308,-607.545,-411.214,-8.99342,-9.24608,-526.428,-3854.75,-3319.49,-342.364,-608497
cop_0191,173,334.4632862,601.9310007,0.1176093779,smooth,8.48142,8.48372,-11.8181,-0.154612,-0.00130452,-0.00122251,-0.105108,-3.32606,-3297.95,-65.4789,-14.2569
cop_0191,174,405.4419418,801.0561756,0.1175619812,smooth,4.74356,4.74424,-8.40131,-0.109204,-0.000915549,-0.000868675,-0.0742116,-2.3378,-3357.21,-80.8786,-9.95033
cop_0191,175,1024.737721,612.9609285,0.1206596066,smooth,11.9208,11.9208,-3.90564,-0.0577319,-0.000496299,-0.000460253,-0.040214,-1.33612,-2120.98,-186.38,-6.00727
cop_0191,176,435461.996,610.4852411,0.1161800276,smooth,6.23473,6.23473,-0.00371275,-0.000409919,-3.72384e-05,3.64957e-05,0.000334903,0.00183656,-4191.78,-380.446,0.00207266
cop_0191,177,934.8715627,726.7295543,0.1193782271,smooth,9.76191,9.76164,-4.17606,-0.0534755,-0.00043198,-0.000443086,-0.0365173,-1.13894,-2988,-509.699,-4.79738
cop_0191,178,10464118.09,594.8015382,0.1179535209,smooth,8.91071,8.91071,-9.8942e-05,-1.09876e-05,-9.98809e-07,9.79015e-07,8.98872e-06,4.94256e-05,-4236.38,-705.524,-0.000941253
cop_0191,179,2475.803126,511.1498583,0.1171109582,between,7.99274,7.99274,-1537.54,-276.624,-2.97705,-2.84735,-227.161,-3168.36,-4224.6,-382.602,-29645.5
cop_0191,180,3804.351739,607.2572491,0.1163960808,smooth,6.54828,6.54837,-0.499217,-0.00651427,-7.17194e-05,-3.10942e-05,-0.00406748,-0.12901,-3974.25,-469.872,-0.522245
cop_0191,181,15502.01922,744.5444324,0.1179440304,smooth,9.09428,8.93723,-2995.63,-73.1501,-0.618817,-0.599725,-51.0373,-1570.14,-3935.72,-559.187,-7045.52
cop_0191,182,6708.789191,657.076157,0.1200674975,between,10.2144,10.2168,-3996.03,-303.5,-2.77963,-2.68592,-228.447,-5472.87,-3547.96,-778.951,-39467.4
cop_0191,183,332.0027975,483.783355,0.1183693561,smooth,5.17661,5.17671,-16.6792,-0.212672,-0.00176851,-0.00170996,-0.144947,-4.60296,-3768.92,-100.968,-20.1154
cop_0191,184,2175.668395,606.6582066,0.1166632772,smooth,6.52461,6.52414,-1.69356,-0.0224574,-0.000218624,-0.000142372,-0.0146595,-0.463946,-3506.76,-532.023,-1.91682
cop_0191,185,16203.96455,656.7538321,0.1198739256,knife-edge,5.05005,6.39602,-24120.4,-9349.64,-151.691,-145.811,-7853.85,-53980.5,-3695.13,-712.777,-751593
cop_0191,186,16371.59252,543.8657114,0.1214240577,between,4.86988,4.57969,-4471.95,-167.164,-1.43976,-1.38245,-117.763,-3365.96,-4210.67,-371.901,-16669.4
cop_0191,187,266.5304241,619.5147801,0.115727574,smooth,5.31345,5.31495,-18.9831,-0.255885,-0.00214034,-0.00207304,-0.176544,-5.74872,-4007.09,-53.2872,-25.9841
cop_0191,188,3494.491602,680.1027812,0.1158547053,smooth,11.2354,11.2354,-37.4051,-1.37211,-0.0111154,-0.0145257,-1.19423,-56.042,-4010.93,-295.563,-384.791
cop_0191,189,1039.544439,601.9899031,0.1158612253,smooth,6.50178,6.50176,-1.40686,-0.0175844,-0.000154648,-0.000129142,-0.0116406,-0.356951,-3961.7,-349.99,-1.44241
cop_0191,190,2095.511401,598.9254347,0.1196312228,knife-edge,6.08198,7.20005,-2225.74,-2226.35,-228.03,-219.285,-2507.94,-9138.71,-4378.14,-431.401,-1.27511e+06
cop_0191,191,6083.726665,775.6471637,0.1193682112,knife-edge,6.7093,60.5322,-13859.8,-15102.7,-5787.46,-6092.45,-17326.9,-44675.2,-4196.49,-806.009,-2.67894e+06
cop_0191,192,267.6110098,618.7538885,0.1215119096,knife-edge,6.23491,12.6236,-731.783,-1282.12,-865.938,-1543.76,-2464.27,-5901.41,-3667.95,-455.274,-8.9917e+06
cop_0191,193,1403.358665,582.332797,0.1161071493,smooth,5.60305,5.60316,-1.03289,-0.0133402,-0.000102185,-0.000117081,-0.0092071,-0.284207,-3306.33,-170.853,-1.1754
cop_0191,194,1182.128556,684.2721555,0.120061716,knife-edge,8.11533,21.6775,-1686.64,-2193.9,-807.387,-900.741,-2875.42,-8263.87,-3428.83,-319.323,-2.46544e+06
cop_0191,195,2472.72374,729.8493968,0.117294149,knife-edge,6.30418,47.6378,-9552.26,-13300.7,-9202.79,-8821.51,-14493.6,-33695.2,-4084.04,-668.578,-5.55723e+06
cop_0191,196,947.1173006,751.4505118,0.1172362006,knife-edge,6.44101,15.6774,-1994.24,-2304.32,-598.225,-739.593,-3016.53,-8811.95,-4083.25,-411.154,-2.93598e+06
cop_0191,197,2926.431142,514.3032614,0.1212646714,knife-edge,4.69851,7.52916,-4234.33,-3225.38,-157.054,-151.641,-3239.4,-13483.8,-4101.73,-512.923,-1.01004e+06
cop_0191,198,4852.075012,557.7818718,0.1168520207,knife-edge,10.8137,85.1138,-17839,-21978.9,-11951.5,-11809,-24652.1,-60152.6,-4199.05,-384.509,-4.70206e+06
cop_0191,199,38707.12498,778.4448764,0.1170542667,smooth,5.13628,5.18442,-4792.48,-79.4235,-0.647738,-0.653474,-54.1476,-1645.32,-3998.32,-399.699,-6353.44
cop_0191,200,493.731118,543.4045552,0.1175150004,knife-edge,5.07533,26.3712,-4781.29,-6698.37,-4644.06,-4397.37,-7383.6,-17472.4,-2774.84,-1965.26,-1.33454e+07
cop_0191,201,173.8707745,445.554196,0.1158032006,smooth,5.78325,5.78714,-33.3195,-0.400231,-0.00332479,-0.00320884,-0.272008,-8.67948,-3300.95,-18.438,-39.0115
cop_0191,202,476.3920994,563.7852437,0.1171188853,knife-edge,9.36758,12.6514,-701.411,-1673.73,-1001.46,-1052.57,-2272.52,-6316.02,-3229.9,-382.495,-5.32845e+06
cop_0191,203,42178.54037,707.0125573,0.1164697434,smooth,4.66264,4.66264,-0.00516312,-0.00038642,-3.31912e-05,3.21577e-05,0.000281273,0.00115799,-3993.12,-432.515,0.00138299
cop_0191,204,259.6601567,460.0786641,0.1132897314,knife-edge,8.36349,18.5988,-270.291,-1168.43,-715.307,-783.484,-1683.32,-5115.18,-3311.58,-85.6589,-9.08551e+06
cop_0191,205,1585.254893,652.7063067,0.1154808173,between,4.63716,4.50846,-728.635,-98.7364,-1.0154,-0.993,-87.786,-1984.59,-4230.47,-251.053,-30941.8
cop_0191,206,29559.34978,640.3282035,0.1165560535,smooth,4.99291,4.99291,-0.00564674,-0.000359055,-2.98625e-05,2.87317e-05,0.000243741,0.000782546,-4207.37,-227.1,0.000270705
cop_0191,207,11496.15363,561.2582984,0.1195477909,smooth,5.35104,5.34648,-2393.77,-80.2757,-0.699291,-0.674114,-58.3457,-1828.95,-3866.03,-403.868,-9254.62
cop_0191,208,23552.16706,571.3246737,0.1190563675,smooth,5.40944,5.40948,-0.00969298,-0.000598691,-4.94697e-05,4.75276e-05,0.000400587,0.00120725,-3320.17,-207.904,8.58918e-05
cop_0191,209,395371.5613,394.041708,0.119216002,smooth,6.17492,6.17491,-0.00203263,-0.000223821,-2.03265e-05,1.99199e-05,0.00018275,0.00100092,-3834.37,-469.68,0.00120908
cop_0191,210,247.1714828,742.9095405,0.1152621141,smooth,7.62349,7.62967,-20.1568,-0.260341,-0.00218798,-0.00206958,-0.177266,-5.63824,-3099.39,-45.4214,-24.5433
cop_0191,211,1224.725448,588.9818055,0.1205356328,knife-edge,6.72871,10.8769,-1400.14,-2338.9,-882.354,-745.005,-2357.82,-7442.66,-4674.47,-397.032,-2.51849e+06
cop_0191,212,4129.616568,538.5113736,0.1186572853,knife-edge,7.60192,19.3746,-7155.8,-6596.01,-879.311,-905.334,-7692.53,-24477,-4867.98,-857.916,-1.71756e+06
cop_0191,213,31521.83132,601.2062846,0.1194955635,smooth,6.8,6.80006,-0.0238996,-0.0016755,-0.000142094,0.000137293,0.00118663,0.00446191,-3838.48,-375.434,0.00402228
cop_0191,214,429.0433018,642.4909798,0.1168058575,knife-edge,8.56451,10.4576,-693.122,-1405.62,-993.188,-1106.16,-1976.65,-5237.54,-4012.45,-298.913,-5.567e+06
cop_0191,215,121162.5465,614.2264423,0.1244560003,smooth,4.59101,4.59099,-0.00351826,-0.000366758,-3.3092e-05,3.23882e-05,0.00029558,0.00157562,-4048.46,-331.753,0.0026879
cop_0191,216,144.77955,480.2544589,0.1146379112,knife-edge,11.3244,11.8481,-968.08,-1900.16,-1520.42,-1492.76,-2355.63,-5957.01,-2133.54,-1500.52,-1.90254e+07
cop_0191,217,419634.8242,776.5182398,0.1167406625,smooth,6.638,6.638,-0.00559848,-0.000620058,-5.63483e-05,5.52285e-05,0.000506949,0.00278409,-4991.41,-1149.9,0.00323064
cop_0191,218,485.7237005,387.1714664,0.1217295614,smooth,5.43236,5.45187,-13.2763,-0.173494,-0.00145321,-0.00138623,-0.118302,-3.75758,-3950.9,-215.047,-16.2765
cop_0191,219,3072.910554,497.5242417,0.1199218829,knife-edge,9.10391,39.9531,-5228.1,-6468.68,-2802.7,-2692.83,-7362.49,-19834.9,-3456.9,-487.529,-2.30268e+06
cop_0191,220,315.074701,719.9088236,0.1169501042,smooth,5.68148,5.68091,-17.5179,-0.23191,-0.00194171,-0.00185571,-0.15827,-5.02762,-3621.32,-78.5671,-21.7761
cop_0191,221,17260.46425,693.2293432,0.1181461149,knife-edge,4.03733,16.5446,-21520.6,-14147.8,-574.84,-550.361,-13779.1,-57647.5,-5043.1,-462.574,-1.04355e+06
cop_0191,222,17038.73671,620.1576376,0.1215445478,knife-edge,5.8306,19.2469,-29202.4,-18373.5,-711.866,-703.075,-19031.1,-79981.8,-3437.62,-485.549,-1.39398e+06
cop_0191,223,684.4741246,574.7239543,0.1171465388,knife-edge,7.96994,19.3381,-934.77,-2170,-1281.33,-1412.48,-2930.84,-8007.83,-4378.58,-1161.44,-4.8685e+06
cop_0191,224,5188.14333,712.100291,0.118909486,between,5.26626,5.26655,-2244,-273.519,-2.71532,-2.61962,-223.623,-4611.57,-4468.57,-440.962,-51801.2
cop_0191,225,475.1977843,595.8549178,0.120746883,smooth,8.09725,8.09703,-7.54023,-0.0978681,-0.000798734,-0.000805915,-0.0670544,-2.1203,-3635.26,-119.286,-9.13614
cop_0191,226,1768.302006,681.5520041,0.1189435675,knife-edge,5.90096,34.6663,-6057.8,-8214.35,-5206.03,-4579.63,-8379.48,-20544.2,-4764.2,-753.293,-4.69284e+06
cop_0191,227,2096.208274,553.9670368,0.1173717501,smooth,5.90945,5.90965,-0.598737,-0.00779589,-8.67815e-05,-3.60316e-05,-0.00484575,-0.153687,-3826.31,-195.985,-0.62301
cop_0191,228,18444.32463,549.0332796,0.1222632353,smooth,4.6008,4.60075,-0.0187385,-0.000803965,-5.98517e-05,5.60966e-05,0.000419481,-0.000351142,-4373.55,-498.875,-0.00684634
cop_0191,229,1091.612842,388.646016,0.118018616,between,5.24064,5.2162,-938.502,-256.228,-2.08245,-1.77102,-68.988,-2890.66,-4071.77,-273.9,-944410
cop_0191,230,673.8659182,565.6774274,0.1175975925,knife-edge,6.41128,23.9208,-2272.08,-3447.54,-2107.12,-2249.82,-4318.57,-10884.8,-3321.15,-262.218,-6.24412e+06
cop_0191,231,829.9718269,786.6242047,0.1187672872,knife-edge,7.08602,23.5885,-3425.69,-5299.19,-4045.45,-4523.59,-7054.63,-15800.4,-4079.76,-377.928,-7.57704e+06
cop_0191,232,1997.835006,591.3625345,0.1206630443,knife-edge,6.94239,42.1229,-6334.73,-9345.65,-7181.15,-6798.4,-10908.5,-24824,-4710.82,-465.033,-5.14739e+06
cop_0191,233,4188.695735,399.7412023,0.1193417492,knife-edge,5.59455,6.26366,-4106.73,-2716.71,-100.075,-96.8157,-2712.16,-12069.1,-4585.73,-1258.45,-553817
cop_0191,234,1354.514208,681.4099761,0.1167715051,between,4.39073,4.39083,-753.186,-306.898,-3.9466,-3.91384,-263.659,-3073.8,-3863.57,-468.688,-322799
cop_0191,235,673140.5059,686.7080865,0.1183282654,smooth,5.62444,5.62444,-0.00147036,-0.000162452,-1.47589e-05,1.44648e-05,0.000132744,0.000728185,-3866.27,-334.493,0.000476557
cop_0191,236,4840.920663,593.1476896,0.1180639518,smooth,10.6178,10.8172,-1915.7,-103.009,-0.920214,-0.893627,-77.1502,-2189.5,-4176.75,-1023.92,-13202.2
cop_0191,237,681.3554115,520.4892451,0.1147735674,knife-edge,4.94807,17.3243,-1940.35,-3215.59,-2489.76,-2734.71,-4244.29,-9851.41,-5238.23,-348.363,-6.12564e+06
cop_0191,238,795.5914794,457.3399076,0.1217600723,smooth,5.2028,5.20453,-5.50241,-0.073405,-0.000628875,-0.000570839,-0.049847,-1.58189,-3605.01,-235.28,-6.74295
cop_0191,239,1507.836583,662.6596626,0.1215868147,between,5.06194,5.06263,-1180.29,-170.971,-1.71554,-1.63772,-129.97,-1995.31,-3587.08,-535.008,-21720.2
cop_0191,240,476.7506557,662.7060698,0.1189506731,knife-edge,6.8224,19.5115,-1414.92,-2862.48,-2249,-3430.1,-5118.66,-11382.9,-3881.4,-644.357,-9.48533e+06
cop_0191,241,1121.817929,532.6540301,0.1173905886,knife-edge,7.62683,18.1736,-3185.72,-4686.33,-2978.7,-2565.82,-5168.38,-13341.8,-3618.27,-594.63,-4.72103e+06
cop_0191,242,2080.842825,600.9027445,0.1192160033,smooth,5.00517,4.9971,-477.704,-42.8867,-0.436605,-0.408455,-39.1135,-1410.19,-4127.52,-599.204,-19378.6
cop_0191,243,1106.186176,661.4998456,0.1153064143,knife-edge,4.61282,21.5831,-2592.92,-3934.04,-2328.68,-3000.11,-5443.99,-13289.6,-5823.13,-1323.68,-4.47917e+06
cop_0191,244,2156.20854,728.5464448,0.1187096329,knife-edge,10.0974,13.4631,-1747.62,-1943.71,-236.268,-266.302,-2562.01,-8749.66,-3442.72,-710.311,-1.29929e+06
cop_0191,245,3371.519729,464.5951935,0.1190009918,between,8.07752,11.396,-3126.47,-1934.94,-64.6013,-66.4061,-2381.04,-11114.2,-3709.62,-859.728,-623735
cop_0191,246,1544.939888,702.306695,0.1159503582,knife-edge,10.4852,23.9751,-5268.37,-5273.26,-1358.61,-1385.85,-5857.67,-15812.6,-3108.73,-493.193,-1.99759e+06
cop_0191,247,2270.845612,749.8940349,0.1166760329,knife-edge,7.40504,15.7509,-3674.91,-3927.81,-695.635,-579.491,-4021.6,-13248.9,-5408.63,-406.725,-1.76594e+06
cop_0191,248,1111.416493,594.6862214,0.1164203849,smooth,7.00915,7.01103,-2.32011,-0.0307183,-0.000246664,-0.000257755,-0.0211139,-0.661539,-3555.97,-173.743,-2.77817
cop_0191,249,479.6478958,647.0114659,0.1141907685,knife-edge,7.76452,17.2142,-2150.53,-3353.72,-2363.56,-2237.34,-3854.3,-9536.2,-3525.34,-562.63,-8.21687e+06
cop_0191,250,1156.558281,767.0278196,0.1155757803,knife-edge,3.86833,22.1166,-3743.54,-5593.44,-4191.91,-3586.93,-6322.81,-15102.4,-5425.42,-1079.16,-5.31976e+06
cop_0191,251,3352.809196,489.0045453,0.120442719,knife-edge,6.48161,12.1876,-3878.4,-4052.14,-698.836,-672.579,-4302.7,-13834.8,-4530.71,-573.385,-1.29355e+06
cop_0191,252,2281477.815,602.7361695,0.1217898099,smooth,5.95985,5.95985,-0.00213512,-0.000237098,-2.1553e-05,2.11259e-05,0.000193964,0.00106652,-3299.49,-583.79,-0.00273661
cop_0191,253,1073.750491,622.1837513,0.1182584359,knife-edge,7.85269,29.736,-3187.93,-4512.53,-2713.19,-3144.25,-5862.23,-14242.9,-4088.23,-317.04,-4.94832e+06
cop_0191,254,480118.7364,442.6021945,0.121289109,smooth,14.3593,14.3593,-1366.4,-17.2177,-0.144226,-0.134827,-11.5194,-350.194,-4144.47,-646.754,-378.672
cop_0191,255,688.8672991,371.1268327,0.1152296729,knife-edge,10.5639,10.7925,-739.488,-2281.71,-1402.12,-1282.18,-2564.04,-7228.05,-2967.45,-340.645,-4.68785e+06
cop_0191,256,2242.287319,524.9844069,0.1187001955,smooth,4.80925,4.81421,-39.6125,-2.00891,-0.0138623,-0.0262737,-1.97807,-107.297,-3703.42,-360.038,-933.971
cop_0191,257,240095.5795,480.2845376,0.1188010516,smooth,3.88873,3.88873,-0.0030184,-0.000331398,-3.0086e-05,2.94822e-05,0.000270404,0.00147897,-4368.47,-230.244,0.0022398
cop_0191,258,5424.938916,643.7202578,0.1174852753,knife-edge,10.218,63.6652,-13462.1,-15168.3,-6220.21,-5757.97,-16693.2,-43968.2,-3848.44,-552.483,-2.88059e+06
cop_0191,259,575.1712161,598.9175766,0.1162831008,smooth,6.89082,6.89159,-8.11934,-0.0993451,-0.000825535,-0.000784207,-0.0664951,-2.0267,-3397.29,-199.63,-8.25861
cop_0191,260,334.5889483,441.6486269,0.1149234856,smooth,11.622,11.6081,-9.04373,-0.120352,-0.00100462,-0.00096922,-0.0823897,-2.62323,-2963.72,-49.279,-11.3066
cop_0191,261,2131.65193,684.5622647,0.121278458,smooth,5.03037,5.00515,-198.589,-8.57895,-0.0796899,-0.079635,-7.31306,-332.597,-3767.98,-315.146,-2693.72
cop_0191,262,948.3395516,680.8709214,0.1173747401,smooth,5.13914,5.14013,-2.61879,-0.0336108,-0.000261195,-0.000290164,-0.0230974,-0.712546,-4341.48,-220.191,-2.94675
cop_0191,263,736.6915262,226.4563484,0.1204772795,smooth,7.80177,7.80177,-2.81475,-0.0355754,-0.000297124,-0.000281152,-0.0239427,-0.736606,-3586.04,-146.823,-3.01328
cop_0191,264,834.243889,632.7206618,0.1191094186,knife-edge,5.06403,14.7119,-2013.38,-3369.14,-2432.93,-2538.58,-4193.04,-10080.7,-3647.3,-365.112,-5.1197e+06
cop_0191,265,1253.33166,593.6327799,0.1178186476,knife-edge,5.92945,19.9088,-2691.65,-3804.67,-2045.03,-2054.38,-4487.37,-11672.3,-4282.55,-594.949,-3.52503e+06
cop_0191,266,697.889922,589.9935756,0.1196540977,smooth,6.38332,6.38299,-8.80972,-0.111395,-0.000918588,-0.000903813,-0.0759893,-2.40643,-2843.8,-527.002,-10.4532
cop_0191,267,89432.51648,736.7059389,0.1183709964,smooth,6.68263,6.68268,-0.00525369,-0.000539535,-4.85919e-05,4.7541e-05,0.000433216,0.0022911,-4462.91,-843.41,0.004005
cop_0191,268,1611.746567,649.2016997,0.1161375868,smooth,6.40422,6.40328,-0.750463,-0.00941786,-5.95169e-05,-9.71176e-05,-0.00669859,-0.201767,-3073,-126.011,-0.8217
cop_0191,269,1806.709298,527.1359377,0.1228727112,knife-edge,6.81015,15.3986,-2162.36,-2759.03,-1044.75,-963.369,-3277.52,-9399.67,-4356.06,-557.404,-1.95425e+06
cop_0191,270,2093.259118,554.1787346,0.1210925355,between,5.91628,5.99798,-1836.2,-748.301,-11.7131,-11.4567,-696.071,-5734.91,-3900.85,-361.056,-318809
cop_0191,271,1331.720971,628.0482476,0.1215617724,knife-edge,6.98456,18.3339,-2569.98,-3862.91,-2384,-2570,-4713.57,-11741.8,-3966.6,-607.985,-3.56856e+06
cop_0191,272,592.4615849,698.9415247,0.1186706571,knife-edge,4.94541,12.49,-1115.86,-1846.36,-997.212,-1062.73,-2331.42,-6452.97,-3454.75,-299.675,-4.55468e+06
cop_0191,273,1085.104838,293.7476861,0.1190262509,smooth,9.78262,9.78326,-2.23725,-0.0294411,-0.000248438,-0.000232434,-0.0199839,-0.628044,-2293.23,-220.729,-2.63885
cop_0191,274,657.041321,672.0956063,0.1192945969,smooth,5.51732,5.51746,-3.11521,-0.0398521,-0.000340635,-0.000306511,-0.0267348,-0.827045,-3834.67,-94.0698,-3.39513
cop_0191,275,1351889.266,589.5439733,0.1169142495,smooth,8.3514,8.3514,-0.000925194,-0.000102704,-9.33573e-06,9.15067e-06,8.40127e-05,0.000461872,-3549.15,-183.394,-0.000325346
cop_0191,276,26.29203434,192.0173636,0.1216963784,knife-edge,8.94174,10.7714,-172.318,-448.011,-427.135,-437.461,-719.736,-2201.19,-568.573,-5247.43,-4.73382e+07
cop_0191,277,743.3595173,675.5480057,0.1161419323,between,7.11972,6.90669,-821.825,-766.807,-32.0045,-31.2209,-862.436,-4307.18,-4055.94,-276.368,-1.41198e+06
cop_0191,278,29.69766641,574.1559613,0.1191312175,knife-edge,7.2695,11.6386,-662.526,-1297.25,-1100.83,-1199.38,-1767.42,-4148.76,-780.73,-7766.75,-6.6223e+07
cop_0191,279,1156928.934,328.2500551,0.1209202619,smooth,12.99,12.99,-0.000659815,-7.2601e-05,-6.59274e-06,6.46076e-06,5.92685e-05,0.000324502,-3068.41,-513.512,-0.000102591
cop_0191,280,4798.257262,637.246493,0.1164357322,knife-edge,5.71526,64.8599,-13601.3,-16631,-9156.06,-9109.29,-19161,-46412.1,-3920.36,-412.625,-3.69967e+06
cop_0191,281,1489.082244,604.6453749,0.1195048596,smooth,13.569,13.5689,-2.38593,-0.029501,-0.000229027,-0.000253149,-0.0201414,-0.615844,-3316.83,-400.986,-2.53116
cop_0191,282,218127.7855,831.6289028,0.1169565536,smooth,6.39453,6.39453,-0.00155421,-0.000167385,-1.5162e-05,1.48511e-05,0.000135965,0.000736815,-4055.16,-277.872,0.00114035
cop_0191,283,1169.084292,512.6040062,0.1187557477,smooth,5.902,5.903,-2.95059,-0.0370952,-0.000308673,-0.000294287,-0.0249704,-0.767647,-3780.21,-583.927,-3.14037
cop_0191,284,848.4156573,434.4416681,0.1132229012,knife-edge,13.2323,18.3966,-2008.23,-2840.93,-1320.57,-1269.69,-3214.14,-8992.01,-4045.02,-329.601,-3.82568e+06
cop_0191,285,4196.083123,319.0059847,0.1180165443,between,10.9533,11.2321,-4709.3,-1471.54,-20.4431,-19.787,-1282.49,-11047.4,-3583.47,-678.949,-253589
cop_0191,286,7700.778183,636.8208798,0.1237228169,knife-edge,4.95294,52.4648,-14126.1,-15033.9,-4622.34,-4166.81,-15288.6,-42610.3,-4203.48,-563.186,-2.0408e+06
cop_0191,287,324239.1566,741.889477,0.1190422965,smooth,7.96849,7.9685,-0.00129808,-0.000140768,-1.27613e-05,1.25017e-05,0.00011453,0.000622738,-3014.35,-268.166,0.000837478
cop_0191,288,206802.7175,480.866061,0.1166873302,smooth,6.19729,6.19729,-0.00338748,-0.000372268,-3.38e-05,3.31225e-05,0.000303817,0.00166246,-4087.14,-155.311,0.00262762
cop_0191,289,4755.884285,691.2968761,0.1202245562,between,5.99613,5.9711,-1827.18,-224.644,-2.22384,-2.17461,-186.087,-3961.6,-3960.62,-508.483,-44798.6
cop_0191,290,38920.09395,719.4270766,0.1189154296,between,7.08629,7.1974,-13341.7,-534.303,-4.54823,-4.38374,-367.418,-9710.16,-4989.88,-902.679,-42439
cop_0191,291,2591.778696,477.252999,0.1182817176,between,5.38238,5.02659,-2865.21,-1788.57,-57.9502,-59.2634,-2037.76,-9570.47,-4142.87,-608.695,-664162
cop_0191,292,483.9846979,655.1370394,0.1156388757,between,6.73477,6.73477,-29.1702,-64.0344,-1.11745,-1.21429,-126.624,-2193.64,-3833.71,-107.841,-1.16336e+06
cop_0191,293,2492.309671,728.654121,0.1173902055,between,5.7877,6.58883,-2674.34,-1365.38,-30.0225,-30.0604,-1469.63,-8925.46,-3801.66,-241.96,-521956
cop_0191,294,14267.36221,525.8856367,0.1152014541,between,7.79601,7.79478,-9650.66,-766.605,-6.91835,-6.67957,-553.473,-11879.4,-3978.55,-248.784,-74491.5
cop_0191,295,1013.76128,435.7424934,0.1149707137,knife-edge,5.92398,13.4425,-247.836,-1902.44,-629.985,-648.683,-2570.39,-8065.75,-4543,-439.723,-3.12418e+06
cop_0191,296,4951.983064,500.4879462,0.121837016,smooth,5.94885,5.96403,-135.303,-2.98978,-0.0264059,-0.0250577,-2.22912,-82.9508,-3597.68,-301.648,-431.82
cop_0191,297,18168.21315,735.619253,0.1183398998,knife-edge,5.42577,17.4981,-20120,-13574.7,-596.859,-577.424,-13733.1,-55753.2,-4258.14,-481.859,-976685
cop_0191,298,182.4483209,321.8422368,0.1149512793,smooth,10.5887,10.5863,-112.758,-1.61272,-0.0135351,-0.0130567,-1.11407,-37.2887,-4123.28,-81.5197,-252.579
cop_0191,299,159264.6754,737.4583195,0.1182942729,smooth,4.89715,4.89716,-0.00503958,-0.000546943,-4.95876e-05,4.85795e-05,0.000445077,0.00242095,-3537.47,-246.374,0.00403295
cop_0191,300,415.572996,647.4169656,0.1167604645,smooth,4.44796,4.44823,-6.80971,-0.0844192,-0.000701629,-0.000670613,-0.05685,-1.75495,-4029.43,-87.1147,-7.28657
cop_0191,301,10495.20497,515.7029524,0.1179129712,smooth,8.38293,8.383,-0.0506432,-0.00120807,-6.35436e-05,5.3287e-05,0.000154177,-0.00852463,-3339,-311.094,-0.039356
cop_0191,302,1429.235671,614.1486889,0.1170408756,knife-edge,7.81063,18.5541,-2636.95,-3562.6,-1725.46,-1827.96,-4437.42,-11646,-4163.11,-693.062,-3.02037e+06
cop_0191,303,110400.9938,590.6774449,0.1180959619,smooth,8.00157,8.00171,-0.0084589,-0.000909083,-8.23256e-05,8.06336e-05,0.000738065,0.0039955,-3761.52,-632.595,0.00700055
cop_0191,304,425.7993349,466.3603806,0.113165434,between,14.1941,14.4391,-69.3287,-336.125,-13.5898,-14.7783,-529.702,-3260.85,-3484.12,-73.87,-2.71284e+06
cop_0191,305,1618.122668,388.1886412,0.1154163109,smooth,4.67579,4.67633,-0.85033,-0.0107379,-8.08377e-05,-9.53591e-05,-0.00739405,-0.22544,-3761.19,-204.122,-0.918614
cop_0191,306,635.7572996,790.4763022,0.1176814719,smooth,4.796,4.79613,-4.10808,-0.052621,-0.000426749,-0.000433019,-0.0358171,-1.10947,-3765.14,-124.945,-4.60563
cop_0191,307,248374.9394,585.9032944,0.115816789,smooth,11.8162,11.8162,-0.00227183,-0.000243785,-2.20729e-05,2.16185e-05,0.000197852,0.00107027,-4029.05,-1228.06,0.00159231
cop_0191,308,1285.327971,746.8327453,0.1170448663,smooth,6.12666,6.1277,-1.77092,-0.0220292,-0.000171979,-0.000187574,-0.0149928,-0.455117,-4809,-428.562,-1.8392
cop_0191,309,736.9871809,558.3406089,0.1183148946,knife-edge,5.89002,15.8395,-2258.56,-3657.32,-2665.05,-2255.23,-4020.27,-9977.45,-4070.88,-515.268,-5.53563e+06
cop_0191,310,247.5563375,454.6538275,0.1175640349,knife-edge,13.0851,13.0851,-786.625,-1618.21,-1397.53,-1422.64,-2152.28,-5342.85,-2933.19,-554.588,-1.03258e+07
cop_0191,311,2905.643666,498.2465963,0.1210646653,between,4.90927,4.90927,-1393.47,-233.062,-2.48078,-2.50401,-213.982,-4070.7,-4580.62,-481.193,-73007.5
cop_0191,312,1429.880669,543.5892649,0.1182241823,knife-edge,13.1573,13.1978,-968.409,-1641.36,-341.51,-358.198,-2235.89,-7485.24,-4935.26,-1780.32,-1.87307e+06
cop_0191,313,11853.49703,785.2258301,0.1178403726,smooth,7.54519,7.52331,-1401.51,-29.0091,-0.23293,-0.254824,-20.7344,-667.998,-4345.99,-1188.14,-2997.77
cop_0191,314,2966.841539,544.8887816,0.1171738772,smooth,4.03461,4.03379,-52.1348,-2.06455,-0.0323707,-0.00319486,-1.49278,-77.819,-3989.86,-317.827,-576.582
cop_0191,315,793.0234124,626.8246344,0.1174051657,smooth,8.90575,8.90445,-4.845,-0.0621394,-0.000527656,-0.000484314,-0.0419393,-1.31212,-3817.91,-665.878,-5.50917
cop_0191,316,538.3907228,811.0755625,0.1200225747,smooth,10.2906,10.2906,-6.27918,-0.0844679,-0.000731186,-0.000649091,-0.0573045,-1.82371,-2748.76,-103.755,-7.78066
cop_0191,317,346.7834944,475.0057488,0.1212797954,knife-edge,8.55913,9.86788,-775.166,-1713.08,-1331.11,-1326.66,-2155.37,-5702.49,-4378.24,-266.016,-8.02339e+06
cop_0191,318,1113.153405,712.5133622,0.1183078944,between,9.56528,9.38917,-656.38,-300.845,-4.97275,-5.00639,-350.983,-3334.13,-3892.12,-438.871,-428245
cop_0191,319,1054.996122,651.4938148,0.1180709915,knife-edge,7.0055,22.3454,-3418.69,-5070.72,-3571.29,-4037.65,-6347.1,-14695.1,-3976.73,-589.767,-5.68219e+06
cop_0191,320,556.1290485,742.1271713,0.1168104997,knife-edge,5.3471,7.1177,-601.406,-1246.6,-345.993,-346.354,-1599.84,-5758.07,-3823.82,-182.857,-4.20116e+06
cop_0191,321,645.2625447,778.776432,0.1181743767,smooth,6.12933,6.12916,-4.57253,-0.059111,-0.000494397,-0.000469686,-0.0400338,-1.24775,-4187.67,-149.427,-5.19939
cop_0191,322,1114.479247,641.0238249,0.1183594036,knife-edge,6.53504,9.86793,-1345.62,-2048.84,-667.348,-555.777,-2356.37,-7612.47,-3820.71,-678.934,-2.51249e+06
cop_0191,323,1713.124161,679.6665105,0.1157378823,between,6.17719,6.20308,-1072.14,-476.488,-7.76589,-7.5933,-501.024,-4507.93,-4311.45,-664.612,-362959
cop_0191,324,2191.901125,689.6688535,0.1186313146,knife-edge,11.0224,18.2422,-3008.07,-3597.76,-1117.6,-1083.06,-4302.6,-12484,-4506.17,-2007.13,-1.94962e+06
cop_0191,325,1718.622643,778.9768705,0.1171119035,smooth,5.30293,5.31596,-31.1351,-0.548436,-0.00656822,-0.00142914,-0.280982,-3.33391,-4203.18,-339.529,-15.8516
cop_0191,326,8658.57393,711.1719669,0.1184522363,knife-edge,11.0758,102.572,-24904.2,-31509.6,-19681.8,-17700.8,-33515.6,-79071.8,-3398.99,-1181.18,-3.82918e+06
cop_0191,327,15574.56511,470.8581328,0.1171770367,between,6.99592,6.99719,-3623.21,-135.348,-1.17452,-1.12664,-96.6133,-2811.63,-4097.57,-869.142,-13756.4
cop_0191,328,3481.554039,592.6068401,0.1189319013,smooth,7.93463,8.04827,-1033.47,-67.6189,-0.635649,-0.601492,-54.0553,-1682.81,-4245.74,-331.688,-15057
cop_0191,329,17567.67456,564.6355034,0.1187518245,between,7.23074,7.23074,-17041.8,-5283.63,-72.2281,-70.3879,-4610.15,-39697,-4238.52,-1614.16,-456582
cop_0191,330,126.6096508,161.2926127,0.1181339298,smooth,8.79183,8.82431,-33.3832,-0.410228,-0.00341071,-0.00328228,-0.278366,-8.81374,-2423.65,-2.43248,-39.3303
cop_0191,331,871.1852061,660.2363876,0.1213246209,smooth,6.80249,6.82119,-81.1765,-37.7011,-0.485925,-0.490691,-50.8483,-1469.46,-4400.9,-285.293,-175609
cop_0191,332,207.433557,578.6026411,0.1183253376,smooth,6.42345,6.42662,-15.8624,-0.205204,-0.0017096,-0.00165281,-0.140319,-4.48767,-3157.8,-19.0468,-19.8192
cop_0191,333,620.827252,729.9453617,0.1186516228,smooth,5.80395,5.80395,-3.82748,-0.0480972,-0.000405758,-0.000374895,-0.0322632,-0.99251,-3132.98,-122.728,-4.0616
cop_0191,334,5972.078649,694.4706353,0.1161811611,smooth,5.35967,5.43322,-300.033,-11.0225,-0.104543,-0.0947389,-8.94511,-382.825,-5370,-775.871,-2473.76
cop_0191,335,973.12516,557.3249599,0.1143210297,smooth,13.5295,13.5302,-0.698704,-0.00924075,-7.10165e-05,-8.15587e-05,-0.00643236,-0.202846,-2741.63,-47.124,-0.870547
cop_0191,336,1673.834308,451.4398457,0.1248244254,knife-edge,4.63931,8.39288,-1447.42,-1762.93,-274.697,-285.713,-2071.18,-7126.12,-3821.54,-592.313,-1.50293e+06
cop_0191,337,1083.33205,560.2290729,0.1184052048,between,5.33321,5.25345,-279.672,-233.052,-4.97681,-5.35565,-387.507,-3331.38,-4031.97,-460.313,-749068
cop_0191,338,34446.64615,267.1202274,0.1154802097,smooth,9.38729,9.38738,-0.00328992,-0.000164947,-1.29201e-05,1.22614e-05,9.75993e-05,0.000120374,-3819.29,-240.998,-0.000683809
cop_0191,339,3877.926227,471.5363989,0.1144829586,smooth,4.93536,4.93533,-0.172661,-0.00234113,-3.55553e-05,3.61135e-07,-0.0012818,-0.043096,-4542.04,-198.744,-0.174597
cop_0191,340,7509.340172,697.4120663,0.120195337,knife-edge,4.41824,11.9635,-13143,-8994.08,-407.445,-393.52,-9135.15,-37183.8,-3680.74,-293.017,-1.23435e+06
cop_0191,341,173.9725351,695.600531,0.1086514704,knife-edge,9.72379,15.3502,-1137.77,-1860.34,-1362.07,-1341.86,-2331.37,-6142.48,-2346.48,-1311.47,-1.51917e+07
cop_0191,342,4859.248206,550.6648549,0.1201709667,smooth,7.09307,7.09284,-1233.61,-26.4251,-0.218024,-0.195907,-16.3866,-393.358,-4078.8,-379.727,-1191.4
cop_0191,343,1676.55139,632.8041564,0.1180623074,knife-edge,6.36767,18.4319,-2262.74,-2813.94,-943.802,-1116.35,-4251.93,-11840.8,-4481.29,-945.94,-2.17376e+06
cop_0191,344,2209.102773,754.0785582,0.115672898,between,6.93091,6.93091,-1974.79,-1006.37,-20.4913,-20.3845,-1057.54,-7021.52,-3431.48,-190.383,-467638
cop_0191,345,19546.69153,704.099809,0.1190029677,smooth,5.30445,5.30493,-0.0116948,-0.000518681,-3.9073e-05,3.67306e-05,0.000278912,-8.79106e-05,-3654.06,-340.106,-0.00391388
cop_0191,346,2536.528008,709.0452548,0.1205612675,between,7.04362,7.04362,-1962.21,-1168.76,-30.9157,-30.5103,-1245.95,-6911.51,-4449.43,-512.847,-549550
cop_0191,347,1429.351176,700.6078691,0.1170556195,knife-edge,7.02633,15.8147,-2975.93,-3768.65,-668.257,-602.902,-3890.57,-13240.5,-3669.05,-536.976,-2.8757e+06
cop_0191,348,3664.030383,650.7461796,0.118418606,knife-edge,9.38944,9.38944,-3317.73,-2504.45,-136.91,-148.646,-3394.24,-13228,-4719.44,-780.797,-852993
cop_0191,349,7905.368323,349.7647646,0.1163966761,knife-edge,11.3367,29.005,-13214.9,-11340.9,-1224.64,-1217.16,-12248.4,-40012.6,-2945.4,-672.252,-1.54421e+06
cop_0191,350,683.968371,691.286961,0.1178837538,smooth,5.21305,5.2112,-2.92906,-0.0369836,-0.000310179,-0.000290671,-0.0248603,-0.764893,-3934.18,-109.313,-3.129
cop_0191,351,49734.6013,703.6679394,0.1181571054,smooth,4.90786,4.90788,-0.00744046,-0.00055442,-4.75835e-05,4.60941e-05,0.000402877,0.00165004,-4001.77,-630.37,0.00195047
cop_0191,352,300.5155179,642.9735829,0.1145348629,knife-edge,7.02867,9.82007,-468.023,-1140.19,-796.559,-768.299,-1426.61,-4206.78,-5160.71,-338.534,-7.21864e+06
cop_0191,353,626.3041996,584.7836751,0.1161237455,knife-edge,14.4922,14.4922,-1057.03,-1748.32,-1045.58,-1128.01,-2473.17,-6587,-3828.94,-380.595,-4.30192e+06
cop_0191,354,715.9407352,615.0423818,0.1179028171,smooth,5.64787,5.64922,-4.21688,-0.0548252,-0.000455332,-0.000441381,-0.0373515,-1.17675,-4430.5,-180.919,-5.01527
cop_0191,355,533.1825786,699.0620049,0.117650458,knife-edge,6.31565,15.0011,-1624.07,-2602.3,-1512.73,-1470.59,-3079.25,-8317.46,-3610.64,-204.765,-6.13061e+06
cop_0191,356,389.8501343,480.8548954,0.115215392,knife-edge,12.2745,13.9285,-1656.34,-2734.01,-1947.31,-1968.39,-3357.38,-8302.76,-2153.76,-559.227,-8.7879e+06
cop_0191,357,3075.48126,478.5733941,0.1191415572,knife-edge,6.83727,6.83496,-3566.77,-2681.61,-102.298,-98.2841,-2657.11,-12479.9,-3999.51,-457.509,-970461
cop_0191,358,4363.032121,553.8960212,0.1195150691,smooth,7.61255,7.61259,-0.367154,-0.00463993,-4.26329e-05,-3.19504e-05,-0.00303987,-0.0936129,-4235.97,-791.118,-0.374756
cop_0191,359,603.5923795,743.8469628,0.1176799062,knife-edge,5.64987,21.3811,-2319.13,-4122.73,-3271.36,-2660.06,-4289.15,-10659.4,-3478.98,-663.953,-7.9933e+06
cop_0191,360,843.3037914,629.6153483,0.1203885839,knife-edge,6.3572,17.6042,-1490.98,-2411.57,-1446.7,-1600.43,-3063.09,-8068.13,-4037.12,-272.591,-3.93224e+06
cop_0191,361,322.1088848,710.5008488,0.1137082842,smooth,7.76384,7.76472,-10.5962,-0.127615,-0.00105975,-0.00101253,-0.0858096,-2.65297,-3983.14,-65.3214,-11.119
cop_0191,362,936.6998076,435.9159243,0.1145647635,smooth,9.42848,9.426,-1.27561,-0.0160504,-0.000146655,-0.000111476,-0.0105303,-0.32443,-3565.51,-112.015,-1.31214
cop_0191,363,6144.180663,459.4261967,0.1163049545,knife-edge,11.6689,19.6017,-8195.79,-6913.59,-650.242,-623.568,-7338.27,-25022.2,-4551.53,-404.58,-1.19841e+06
cop_0191,364,1766.668879,693.6491286,0.1170425619,between,8.64547,8.64547,-1109.63,-487.396,-7.45298,-7.35704,-489.137,-4675.64,-4148.51,-269.431,-350063
cop_0191,365,2272.428466,746.3388779,0.1160021887,between,3.93529,3.93584,-2649.84,-1839.21,-70.3774,-69.5167,-2015.61,-9098.4,-4740.57,-1122.46,-718435
cop_0191,366,1282.86219,290.1942088,0.1201832948,smooth,10.3597,10.3616,-2.63117,-0.0346692,-0.000287265,-0.000279881,-0.0236227,-0.739878,-3955.76,-275.289,-3.09409
cop_0191,367,150.1540525,591.1102815,0.122269774,knife-edge,8.75735,9.28419,-287.753,-612.892,-543.564,-405.306,-857.158,-2912.71,-3836.48,-248.757,-1.09781e+07
cop_0191,368,219657.5685,756.0632893,0.1216884649,smooth,5.78581,5.78581,-0.00293995,-0.000324074,-2.94345e-05,2.88464e-05,0.00026467,0.00145032,-3141.76,-121.966,0.00225777
cop_0191,369,147.221073,488.2539952,0.1170557593,knife-edge,10.9038,10.9038,-397.529,-1249.82,-1153.38,-996.34,-1485.87,-3975.23,-3981.69,-814.431,-1.51271e+07
cop_0191,370,900.1024483,693.6926253,0.1166739334,knife-edge,10.6526,11.4835,-2039.61,-2220.88,-783.448,-745.685,-2493.33,-6165.75,-3887.15,-786.967,-1.85983e+06
cop_0191,371,37222.51936,590.5774153,0.1176793508,smooth,4.47997,4.48,-0.00853178,-0.000786953,-6.98759e-05,6.81689e-05,0.000613892,0.00304229,-3714.07,-393.289,0.00512958
cop_0191,372,1089.206712,207.4722228,0.1208161668,knife-edge,8.71145,18.51,-1815.05,-2200.26,-601.211,-671.982,-2899.45,-8565.63,-4053.24,-371.352,-2.60429e+06
cop_0191,373,1880.329698,360.5613845,0.1173753924,knife-edge,4.94878,26.8736,-5345.22,-5927.33,-1859.49,-1767.63,-6487.36,-18353.9,-3587.63,-403.88,-3.01396e+06
cop_0191,374,909.8750216,531.3790726,0.1232090852,knife-edge,4.85549,7.36924,-782.374,-1163.07,-211.065,-183.282,-1508.22,-5394.83,-5158.61,-792.367,-1.9473e+06
cop_0191,375,4741.430777,648.3367132,0.1164091062,smooth,6.604,6.60463,-0.108195,-0.00162193,-3.79131e-05,1.58499e-05,-0.000648623,-0.0258484,-3689.01,-174.829,-0.106178
cop_0191,376,665.4817866,527.6527923,0.1202752475,smooth,6.36705,6.3664,-4.96376,-0.066899,-0.000562901,-0.000533498,-0.0457046,-1.45026,-2923.54,-132.721,-6.17088
cop_0191,377,3189.075289,243.1286544,0.1228383543,knife-edge,7.13151,34.99,-5737.23,-6260.26,-1791.14,-2255.76,-7821.14,-21354.7,-3670.56,-1581.17,-2.19414e+06
cop_0191,378,4233.868994,604.9922295,0.1177215253,knife-edge,10.2802,90.9248,-14998.1,-20148.3,-13719.6,-14710.6,-24485.2,-55126.3,-3330.18,-958.144,-5.20888e+06
cop_0191,379,1771.474019,613.3321542,0.1187011152,knife-edge,10.1228,24.9385,-3267.92,-4412.73,-2255.4,-2713.07,-5887.76,-14939.1,-4690.77,-422.838,-3.12962e+06
cop_0191,380,1932.369153,579.6712842,0.1196581437,smooth,5.74573,5.78692,-307.38,-42.7509,-0.456371,-0.449225,-43.6793,-1584.18,-4059.35,-453.449,-37807.7
cop_0191,381,520.9945493,574.7443605,0.1194254637,smooth,6.54808,6.54731,-6.88362,-0.0892641,-0.000746342,-0.000711189,-0.0605971,-1.90247,-3473.02,-113.593,-8.07857
cop_0191,382,449.111965,546.7732123,0.1181239699,knife-edge,5.48478,13.2732,-872.228,-2028.93,-1393.17,-1256.25,-2509.74,-6839.33,-3797.18,-455.969,-6.58654e+06
cop_0191,383,5336.755467,432.0462228,0.1158992439,between,7.54534,7.88202,-3639.16,-328.224,-2.90862,-2.96658,-237.817,-4932.15,-3448.64,-736.878,-39667.3
cop_0191,384,1185.975131,559.8645404,0.120159179,smooth,7.07586,7.07557,-0.743019,-0.00913101,-5.77117e-05,-9.37227e-05,-0.00646124,-0.192804,-3228.72,-91.8359,-0.776896
cop_0191,385,55.47611254,729.9536266,0.1162022107,knife-edge,7.82289,15.5345,-666.206,-687.95,-712.201,-692.871,-1054.24,-2950.33,-2744.39,-2614.83,-3.14699e+07
cop_0191,386,2187.137357,819.2689358,0.1138437739,knife-edge,4.88931,38.5174,-8334,-10987.2,-6591.25,-5785.64,-11959.5,-29761.1,-3775.97,-417.61,-5.06257e+06
cop_0191,387,1633.527511,557.120523,0.1175179489,knife-edge,7.11326,34.0484,-4512,-6116.2,-3583.42,-3790.36,-7368.43,-18059.6,-3825.59,-404.437,-4.07349e+06
cop_0191,388,10808.79825,458.9710887,0.1173471723,between,8.45063,8.45062,-10538.9,-1449.63,-14.044,-13.0003,-1000.28,-14105.9,-4726.18,-2012.58,-99109.4
cop_0191,389,2891.671987,632.4749145,0.1215752682,knife-edge,6.34753,14.943,-3476.09,-3816.21,-882.422,-912.056,-4511.42,-13543.6,-4388.55,-542.806,-1.53566e+06
cop_0191,390,543.8980924,727.2652332,0.1194014136,smooth,6.04891,6.05327,-8.41454,-0.106176,-0.000870408,-0.000860872,-0.0719676,-2.22994,-3991.67,-191.912,-9.29324
cop_0191,391,2218.467603,562.8632449,0.1219479812,smooth,8.10603,8.10611,-0.656791,-0.00846124,-8.69518e-05,-4.76044e-05,-0.0053897,-0.169036,-4061.33,-270.507,-0.684853
cop_0191,392,631107.7049,503.4538032,0.1169919025,smooth,7.36812,7.36812,-0.00114187,-0.000126453,-1.14914e-05,1.1263e-05,0.000103384,0.000567738,-3042.8,-156.636,0.000419075
cop_0191,393,1701.62817,786.4080959,0.1167411467,knife-edge,4.11955,18.96,-3741.02,-4398.31,-1600.81,-1612.04,-5170.84,-14287.3,-4430.84,-535.757,-2.72732e+06
cop_0191,394,5519.921348,546.6911843,0.1168015588,smooth,5.54335,5.54374,-0.1856,-0.00265701,-5.19671e-05,1.40436e-05,-0.00124607,-0.0454616,-4114.53,-318.248,-0.185147
cop_0191,395,945.15607,679.9363087,0.1184602663,knife-edge,9.71493,18.0995,-3148.3,-4693.42,-3207.64,-2549.84,-5099.01,-12871.8,-3568.46,-1348.17,-5.42487e+06
cop_0191,396,5463.767662,383.2624681,0.1175828316,knife-edge,5.47232,17.8436,-9605.92,-8638.02,-927.655,-881.124,-9129.15,-30858.3,-5154.84,-972.238,-1.61269e+06
cop_0191,397,4084.984744,525.9892584,0.1142452285,between,8.7752,8.70054,-4608.7,-2514.31,-63.4601,-62.7527,-2530.19,-13421.5,-4980.44,-1842.53,-605469
cop_0191,398,1203.624638,629.6292338,0.1189349503,smooth,5.94813,5.94935,-2.82876,-0.0379047,-0.000334296,-0.000283053,-0.0255251,-0.808074,-4331.02,-221.282,-3.39975
cop_0191,399,345091.513,642.5095576,0.1176235344,smooth,6.24269,6.24269,-0.00226606,-0.00025063,-2.27726e-05,2.23194e-05,0.000204847,0.00112427,-3413.58,-164.121,0.0014714
cop_0191,400,9149.689853,849.7113556,0.1217505883,knife-edge,5.71169,267.983,-61743.5,-89647.2,-74832.6,-74661.6,-104354,-218401,-3091.13,-1114.53,-1.06837e+07
cop_0191,401,3518.272829,607.1923156,0.1196625064,knife-edge,4.91988,7.76152,-5027.92,-3672.31,-162.12,-156.838,-3808.78,-16324.6,-3646.79,-208.069,-984740
cop_0191,402,2202.531779,777.8962519,0.1198387894,knife-edge,5.69542,22.5044,-3626.56,-4434.63,-1442.1,-1547.12,-5825.78,-16538.5,-3174.36,-219.33,-2.4814e+06
cop_0191,403,1545.971258,582.677313,0.1175369884,knife-edge,6.64753,11.7049,-2466.32,-2692.58,-445.959,-444.789,-3054.31,-9945.89,-4277.35,-599.898,-1.94638e+06
cop_0191,404,671.4649556,554.9907673,0.1199069049,smooth,5.64615,5.64528,-4.40142,-0.0557469,-0.000467404,-0.000438745,-0.0375099,-1.1561,-4123.36,-166.708,-4.74171
cop_0191,405,1787.341019,759.4261988,0.119051539,smooth,4.53922,4.52558,-268.787,-21.5303,-0.217142,-0.204894,-19.7464,-820.062,-3845.25,-354.09,-12250.5
cop_0191,406,10613.96492,621.5148913,0.1197250632,between,17.6055,17.6055,-7034.59,-447.732,-3.96549,-3.83292,-322.158,-7896.05,-3653.92,-728.281,-49662.6
cop_0191,407,48517.35228,445.4849447,0.1194209973,smooth,7.76041,7.76049,-0.0028738,-0.000179984,-1.49193e-05,1.43437e-05,0.000121281,0.000377269,-3803.45,-215.081,0.000108035
cop_0191,408,240.1141292,487.1783003,0.1165122534,between,7.27532,7.27532,-173.078,-308.273,-32.41,-34.1658,-451.215,-2340.03,-3607.73,-191.186,-4.76567e+06
cop_0191,409,2155.956052,632.6721226,0.1198777374,between,5.29298,7.66312,-1747.63,-1530.38,-81.8496,-80.0499,-1716.84,-7377.49,-4043.3,-522.402,-842724
cop_0191,410,1508.723315,723.9101262,0.1163909264,smooth,5.60753,5.60716,-0.889134,-0.0112315,-0.000103185,-7.73803e-05,-0.00736073,-0.22688,-3543.12,-234.225,-0.915279
cop_0191,411,652.5018639,472.5155065,0.1166112036,smooth,5.16715,5.16258,-6.37556,-0.0846003,-0.000711783,-0.000673638,-0.0577277,-1.83464,-3951.3,-210.315,-7.88782
cop_0191,412,823.1513734,431.8260451,0.121634922,knife-edge,5.74756,15.7494,-2637.04,-3343.52,-1652.14,-1391.04,-3145.84,-8246.6,-4181.37,-736.518,-2.95423e+06
cop_0191,413,1703.993078,733.7467211,0.1159538287,between,6.82364,6.81956,-1512.66,-740.266,-12.258,-11.7035,-643.512,-5117.52,-4168.68,-744.704,-426070
cop_0191,414,735.0880717,447.5914061,0.1220647903,knife-edge,7.48777,22.9559,-1814.13,-3401.06,-2496.15,-2468.01,-4267.21,-10707,-3750.14,-172.46,-6.25532e+06
cop_0191,415,710.8752287,724.7510065,0.1143787771,knife-edge,8.63929,24.484,-2663.33,-3886.66,-2320.18,-2416.62,-4770.03,-12138.7,-2604.24,-328.967,-6.35684e+06
cop_0191,416,165284.1025,524.3153471,0.1190242356,smooth,5.39105,5.39104,-138.401,-1.73913,-0.0140722,-0.014229,-1.17475,-35.7369,-3997.49,-744.702,-100.253
cop_0191,417,7979.670881,868.8696348,0.118710283,knife-edge,3.79939,143.288,-25721.5,-31761.9,-18826.9,-21099.9,-40645.4,-93541.5,-4786.53,-1007.07,-4.59742e+06
cop_0191,418,1869.823631,649.320224,0.1179552925,knife-edge,5.39229,18.2747,-4295.61,-4507.19,-1016.52,-961.897,-5090.99,-15265.2,-4365.78,-504.78,-2.35236e+06
cop_0191,419,104.5030047,486.7883963,0.1157094445,knife-edge,8.72903,14.3481,-216.725,-532.761,-394.719,-422.242,-909.52,-3067.79,-2909.94,-537.17,-1.60331e+07
cop_0191,420,647.4757976,798.214035,0.1161090785,smooth,3.84894,3.84878,-3.55449,-0.0450889,-0.000365092,-0.000370485,-0.0306033,-0.941497,-3869.31,-114.737,-3.86653
cop_0191,421,3378.348418,482.0116182,0.1199350363,smooth,7.56549,7.56541,-0.349416,-0.0041559,-1.24808e-05,-5.88527e-05,-0.00318935,-0.0918766,-3501.38,-314.482,-0.366538
cop_0191,422,1408431.705,749.2211357,0.1162166399,smooth,4.58402,4.58402,-0.00216739,-0.000240687,-2.18792e-05,2.14457e-05,0.000196901,0.00108267,-3386.47,-356.753,-0.000884905
cop_0191,423,2137.287277,595.7987936,0.1208249581,smooth,5.28339,5.28413,-0.877002,-0.0114321,-0.000131045,-4.8345e-05,-0.00703428,-0.223988,-3969.7,-360.196,-0.908058
cop_0191,424,3587.991463,614.1211173,0.1173770124,between,11.6786,11.679,-4081.95,-1995.56,-43.2245,-43.0314,-2071.53,-12264.6,-3712.25,-579.141,-486876
cop_0191,425,1333.780606,579.7323307,0.1177478988,knife-edge,7.94862,22.5,-3246.25,-3564.8,-1522.72,-1684.29,-5128.27,-14935.4,-3212.5,-521.834,-4.1322e+06
cop_0191,426,95802.48403,540.678893,0.1206975906,smooth,5.52369,5.52369,-0.0106591,-0.00114286,-0.000103468,0.000101336,0.000927349,0.00501444,-4075.16,-536.579,0.00891444
cop_0191,427,393.7615955,253.3338152,0.1239162559,smooth,12.7928,12.7923,-13.6064,-0.174837,-0.00146227,-0.00139798,-0.119177,-3.80157,-3092.55,-131.35,-16.7717
cop_0191,428,1866.293768,670.6766047,0.1166392678,knife-edge,5.04116,29.5396,-4348.19,-6255.09,-4180.18,-4707.27,-8614.58,-20168.2,-4923.98,-814.464,-4.05309e+06
cop_0191,429,2293.889913,463.0992044,0.1200923105,knife-edge,7.50925,38.0267,-6858.76,-9098,-5706.59,-6449.71,-11455.6,-26536,-3921.55,-1068.73,-4.3158e+06
cop_0191,430,167361.2671,500.962599,0.120643609,smooth,5.81687,5.81688,-0.00290126,-0.000313113,-2.83692e-05,2.77889e-05,0.000254462,0.00138037,-4174.88,-227.831,0.00227274
cop_0191,431,13595.95983,577.7853592,0.1171530483,smooth,9.21939,9.21922,-0.0247849,-0.000859072,-5.84719e-05,5.35035e-05,0.000349521,-0.00201978,-3762.33,-673.257,-0.0132552
cop_0191,432,2800433.199,614.9266759,0.1182475045,smooth,7.83147,7.83147,-0.00111223,-0.00012354,-1.12304e-05,1.1008e-05,0.00010107,0.000555801,-3739.68,-273.417,-0.0020031
cop_0191,433,204789.3999,510.3757962,0.1177439836,smooth,4.20101,4.201,-0.00331925,-0.000362388,-3.2878e-05,3.22141e-05,0.000295306,0.00161088,-4457.85,-242.537,0.00254672
cop_0191,434,513252.7732,641.9448606,0.1188366563,smooth,6.75837,6.75837,-0.00390318,-0.000432308,-3.92864e-05,3.85057e-05,0.00035345,0.00194112,-3933.52,-321.8,0.00188976
cop_0191,435,1850.375401,674.2103037,0.1150648702,between,4.82944,4.82107,-1053.38,-258.19,-2.97828,-3.00114,-248.592,-4065.37,-4224.41,-290.164,-151266
cop_0191,436,27657.42957,769.7686926,0.1199863485,knife-edge,5.9615,234.831,-74471.3,-68426.6,-11915.5,-11993.2,-76433.4,-225389,-4059.7,-417.105,-3.20548e+06
cop_0191,437,314.7289127,498.3452044,0.1168926179,knife-edge,15.9702,14.3198,-913.37,-1859.91,-1329.82,-1343.16,-2380.37,-6291.41,-2865.71,-211.614,-8.90918e+06
cop_0191,438,325.9531332,467.4229019,0.1212730696,knife-edge,6.0758,7.87953,-342.99,-743.384,-446.067,-487.261,-1094.9,-3532.53,-3480.25,-390.826,-5.7216e+06
cop_0191,439,346813.4124,551.9251252,0.1172637077,smooth,5.78894,5.78894,-0.00302605,-0.000334409,-3.03821e-05,2.97768e-05,0.000273269,0.00149921,-3945.49,-268.708,0.00195669
cop_0191,440,1.594167337e+12,452.5859672,0.12165689,smooth,8.63444,8.63444,5.07043e-11,2.80238e-10,2.93312e-11,-2.39879e-11,-2.71825e-10,-2.04989e-09,-3639.46,-613.292,-6740.63
cop_0191,441,480.8278521,467.1175372,0.1151665662,smooth,8.97594,8.97377,-6.20024,-0.0826642,-0.000684566,-0.000673163,-0.0567741,-1.81378,-3728.63,-100.426,-7.88879
cop_0191,442,479.2489326,842.9010562,0.1163174113,knife-edge,4.57893,9.89316,-1012.24,-1620.92,-639.232,-638.215,-2024.77,-6134.4,-3885.8,-114.722,-4.79985e+06
cop_0191,443,1611.262843,374.0633361,0.1163983243,between,6.48681,6.44129,-972.554,-789.468,-28.7241,-30.4406,-1095.9,-5538.13,-4494.65,-519.984,-779043
cop_0191,444,2624.602503,632.0714482,0.1180299654,knife-edge,5.54441,16.5083,-4294.72,-3985.66,-516.482,-567.896,-5002.61,-15925.8,-4062.33,-796.341,-1.64716e+06
cop_0191,445,518.7067107,286.9758848,0.1154495371,knife-edge,11.1437,24.2254,-1167.86,-2347.92,-1735.69,-1736.82,-2978.13,-7668.32,-2862.88,-218.963,-6.53776e+06
cop_0191,446,896.2389954,476.0659987,0.1187935908,between,6.35203,6.29693,-536.43,-320.082,-5.79443,-5.63859,-324.948,-2815.93,-3905.37,-583.015,-649529
cop_0191,447,1414.713985,453.9057252,0.1177049783,knife-edge,9.29299,26.527,-4805.81,-5994.8,-2979.75,-3164.57,-7358.25,-18668.6,-3019.34,-469.29,-4.48116e+06
cop_0191,448,967.9451105,609.3003097,0.1173899681,smooth,8.06192,8.06059,-4.50358,-0.059317,-0.000475309,-0.000498316,-0.0407445,-1.27442,-3573.34,-272.623,-5.35017
cop_0191,449,2064.963377,280.918434,0.1171806102,knife-edge,8.89528,7.49459,-3339.79,-2980.77,-259.598,-264.809,-3498.61,-12551.9,-4502.17,-307.522,-1.51433e+06
cop_0191,450,912.1398897,535.1821292,0.1170520644,knife-edge,6.045,21.1046,-2414.58,-3625.86,-2310.19,-2768.75,-4985.34,-12004.3,-3987.24,-286.772,-5.04123e+06
cop_0191,451,170.7103871,668.1775935,0.1175079953,knife-edge,10.148,10.148,-176.455,-1086.37,-1044.93,-894.597,-1387.98,-3868.06,-3887.44,-248.7,-1.32879e+07
cop_0191,452,340.1499277,599.3014126,0.1165631353,knife-edge,5.90102,8.31036,-326.722,-874.086,-321.829,-400.171,-1586.18,-4904.31,-3548.9,-184.39,-5.11795e+06
cop_0191,453,1901.971415,532.6672117,0.1158875741,knife-edge,7.74514,8.09643,-2865.09,-2921.65,-399.832,-439.933,-3533.83,-11633.2,-5235.81,-617.571,-1.78393e+06
cop_0191,454,2098.78664,690.9724333,0.1167702994,smooth,5.70136,5.70204,-0.444445,-0.00532901,-1.91377e-05,-7.18308e-05,-0.00403687,-0.11724,-3451.47,-253.384,-0.471006
cop_0191,455,1230.338446,709.5163212,0.1164137105,knife-edge,5.7664,23.1218,-4352.26,-5889.69,-3365.77,-3327.7,-6926.68,-17496.5,-4600.35,-281.161,-5.15772e+06
cop_0191,456,5481.522077,438.2008724,0.12465486,knife-edge,8.05879,59.6839,-13591.6,-16873.8,-9459.04,-9521.66,-19369.2,-47011,-5363.87,-958.011,-3.33316e+06
cop_0191,457,2610.332008,575.3608791,0.120803227,knife-edge,6.0139,10.5618,-4607.83,-4379.55,-528.571,-471.736,-4557.35,-15598.6,-3784.93,-283.721,-1.64124e+06
cop_0191,458,245.5700958,588.4230469,0.1169818063,smooth,5.12738,5.13614,-18.1669,-0.252435,-0.0021228,-0.00205874,-0.176136,-5.89616,-2853.6,-39.1467,-27.8577
cop_0191,459,1444.686496,659.6363086,0.1168862906,knife-edge,6.08356,14.8224,-1965.65,-2565.52,-904.642,-960.821,-3261.98,-9332.48,-3598.2,-298.706,-2.25526e+06
cop_0191,460,3524.473949,486.5715475,0.1224401938,between,7.80739,7.80739,-1806.18,-745.783,-11.4902,-11.3241,-723.822,-6369.1,-4629.42,-468.895,-270533
cop_0191,461,2153.916463,357.3458444,0.1194197695,knife-edge,4.949,6.69502,-3241.03,-2515.33,-126.944,-125.367,-2654.18,-10995.8,-4020.3,-251.014,-1.11437e+06
cop_0191,462,137901.8993,458.2379426,0.1154348301,smooth,5.84365,5.84365,-0.00339955,-0.000358115,-3.23533e-05,3.16733e-05,0.000289355,0.00155082,-3462.79,-392.425,0.00261191
cop_0191,463,1801.411518,569.2592196,0.1191035818,knife-edge,5.48394,17.9395,-3468.19,-3944.12,-1255.78,-1477.4,-4973.45,-13793.8,-3157,-240.932,-2.47095e+06
cop_0191,464,61.82398627,445.1284386,0.1205878796,knife-edge,22.0639,37.4419,-1188.77,-2346.52,-2297.24,-2227.44,-2821.11,-6221.55,-1536.87,-4905.13,-5.20822e+07
cop_0191,465,651.7483701,499.1474897,0.1201621295,smooth,6.84503,6.84567,-3.37666,-0.0443157,-0.000367819,-0.000356667,-0.0301572,-0.943498,-2865.62,-90.2453,-3.94815
cop_0191,466,9436.093851,580.0079772,0.1172068225,between,7.62593,5.39583,-7409.06,-2113.98,-27.0931,-26.357,-1799.09,-17255.9,-4806.04,-452.645,-276727
cop_0191,467,2110.902558,663.8429136,0.1169695497,knife-edge,5.94514,24.7425,-4688.2,-5595.81,-2282.29,-2301.68,-6682.31,-18007.9,-3641.38,-344.684,-2.88329e+06
cop_0191,468,531.5811345,324.3522818,0.1165551141,smooth,19.2752,19.0938,-125.564,-38.9874,-0.512493,-0.545628,-53.331,-1184.99,-3164.47,-244.779,-746360
cop_0191,469,848.1068499,661.0968216,0.1164446069,knife-edge,7.15608,25.2522,-2935.13,-4503.11,-3053.61,-2910.14,-5329.59,-13252.8,-4385.65,-483.538,-6.06667e+06
cop_0191,470,326.8920083,629.9388467,0.1162544319,smooth,4.62114,4.62114,-21.9643,-0.308174,-0.00260082,-0.00251989,-0.216332,-7.38726,-4013.92,-123.19,-36.5889
cop_0191,471,3477.514218,683.6530734,0.1187348418,knife-edge,12.6464,44.5525,-9544.39,-9984.49,-3094.2,-2985.67,-11045.4,-30548.5,-4303.32,-357.002,-2.86006e+06
cop_0191,472,8052.551141,612.9478949,0.1197987749,knife-edge,5.39564,98.7043,-21870.3,-22229.4,-7220.53,-7108.21,-23992.2,-64067.2,-3964.11,-992.775,-2.88609e+06
cop_0191,473,403.9017649,573.3039898,0.1152033877,knife-edge,8.55924,12.0878,-412.128,-1420.15,-1078.51,-1299.31,-2281.95,-5943.54,-4622.84,-351.501,-6.66707e+06
cop_0191,474,9522.298988,810.2884735,0.117384127,smooth,5.41707,5.41709,-0.0486937,-0.000853153,-3.00214e-05,2.01888e-05,-0.00015851,-0.0104702,-3207.22,-746.422,-0.0437475
cop_0191,475,1573.075228,643.3616778,0.1221694006,knife-edge,4.4215,43.8597,-8476.08,-11809.1,-8714.45,-8144.48,-12505.1,-28151.7,-4054.48,-834.835,-7.4802e+06
cop_0191,476,1289.847134,786.3464373,0.1159950121,knife-edge,8.00054,8.60478,-1568.58,-1427.75,-119.229,-135.979,-2066.96,-7087.45,-3867.44,-240.217,-847321
cop_0191,477,2243.488576,505.5917218,0.1180930169,smooth,8.54496,8.54496,-0.814785,-0.0101345,-5.93274e-05,-0.000109968,-0.00728704,-0.218016,-3706.46,-350.009,-0.884498
cop_0191,478,2924.098094,439.9919675,0.1166749971,between,5.40645,5.40699,-2769.76,-1289.77,-23.4447,-23.3334,-1338.87,-9738.22,-3809.31,-317.513,-482718
cop_0191,479,1642.170524,758.6234154,0.116225174,knife-edge,9.74485,31.7623,-5998.31,-7295.44,-3280.69,-3192.01,-8258.68,-21747.9,-2840.41,-533.053,-4.43383e+06
cop_0191,480,2818.617065,595.6090467,0.1205073621,between,6.40659,6.407,-3031.93,-2133.69,-88.212,-88.6504,-2410.21,-10542.1,-3521.2,-476.94,-768057
cop_0191,481,1143.419012,780.4633375,0.1160318849,smooth,6.35416,6.35486,-4.31872,-0.0534466,-0.00043961,-0.000428694,-0.0359684,-1.09992,-4377.99,-806.276,-4.48331
cop_0191,482,3054.43144,747.9093095,0.1150975581,smooth,6.15778,6.15522,-1111.08,-68.0073,-0.654067,-0.590407,-54.716,-1804.3,-4088.61,-367.145,-15311.2
cop_0191,483,2303.929813,654.7077361,0.1171005412,knife-edge,6.41621,43.2107,-7996.35,-11308.5,-7917.48,-7386.81,-12295.6,-28736.9,-4646.63,-789.967,-5.06413e+06
cop_0191,484,2897.047248,648.6939216,0.1175232889,knife-edge,5.40608,13.6398,-5535.31,-4953.55,-553.837,-610.837,-6140.91,-20001.9,-4432.62,-439.597,-1.76209e+06
cop_0191,485,2841.02728,500.114768,0.1197669327,knife-edge,5.84383,33.4706,-5707.85,-6573.34,-1996.15,-1843.71,-7295.54,-21180.6,-4642.03,-263.492,-2.50857e+06
cop_0191,486,759.6265943,765.0184944,0.1199672607,knife-edge,6.094,18.3213,-1106.85,-1764.13,-959.61,-1172.32,-2578.16,-6895.34,-4610.73,-463.33,-3.56089e+06
cop_0191,487,8762.791915,705.9319522,0.1177449739,between,12.8139,12.8141,-3816.86,-534.723,-5.38724,-5.30044,-440.894,-8091.74,-4644.19,-1231.58,-90294.7
cop_0191,488,832.7931316,639.5313267,0.118953616,knife-edge,9.34356,29.4608,-3281.18,-5285.19,-4275.95,-4472.47,-6908.52,-15557.1,-4540.84,-1014.34,-7.64695e+06
cop_0191,489,2582.196463,515.4098508,0.1210063616,between,6.5094,6.50948,-2000.4,-796.985,-13.1903,-13.0032,-784.491,-5939.53,-4127.69,-578.882,-213307
cop_0191,490,939.0827641,619.4959699,0.1196236258,knife-edge,7.30278,7.30966,-1557.55,-1800.81,-338.229,-329.315,-2114.94,-7033.43,-3516.21,-697.821,-2.3638e+06
cop_0191,491,4115.282251,670.2167202,0.1185377174,knife-edge,5.49358,31.5395,-6538.27,-6775.14,-1524.31,-1570.82,-7819.9,-22973.9,-3404.68,-223.146,-1.7898e+06
cop_0191,492,539.7984943,754.5844835,0.114620136,knife-edge,4.9706,5.62104,-1119.91,-1167.31,-155.82,-163.78,-1245.37,-2818.67,-3955.07,-326.521,-2.71993e+06
cop_0191,493,1019.923177,615.8316265,0.1176768318,smooth,7.07955,7.07846,-4.03059,-0.0547036,-0.000438695,-0.000463368,-0.0379024,-1.20608,-4320.97,-286.795,-5.18403
cop_0191,494,377605.6626,491.4634661,0.116775372,smooth,7.64201,7.64202,-0.00146735,-0.000157562,-1.42673e-05,1.39737e-05,0.000127896,0.000692078,-3625.59,-1392.32,0.000857265
cop_0191,495,2311.586081,660.140819,0.1222154657,knife-edge,5.37152,43.0856,-8256.19,-9468.57,-3786.53,-3353.54,-9823.06,-26638.8,-2891.13,-644.042,-3.87293e+06
cop_0191,496,196110.5026,685.8728613,0.1221653898,smooth,7.12786,7.12786,-0.00336666,-0.000365844,-3.31735e-05,3.25001e-05,0.000297796,0.00162082,-4039.44,-224.15,0.00258553
cop_0191,497,5512.544624,812.2908527,0.1177917973,smooth,4.57968,4.57873,-0.0615217,-0.000838281,-1.38643e-05,1.47971e-06,-0.000437038,-0.0149599,-3999.53,-195.825,-0.060125
cop_0191,498,20690.70712,855.8261558,0.1180166436,smooth,6.09196,6.09244,-2.13637,-0.0329061,0.00158759,-0.00251807,-0.0612597,-1.75097,-3855.19,-421.711,-8.45532
cop_0191,499,14743.80525,627.4081634,0.1191980597,smooth,5.10321,5.10322,-1276.5,-24.9918,-0.216641,-0.199181,-17.4684,-567.245,-4035.71,-629.217,-2522.28
cop_0191,500,8141.72833,788.8667135,0.1193671156,knife-edge,6.2625,43.8574,-15420.4,-14793.2,-2843.11,-2650.49,-15960.4,-47807.4,-4540.96,-839.31,-1.97102e+06
cop_0191,501,300.801461,545.5794369,0.1172974385,smooth,8.57827,8.58437,-18.2185,-0.227334,-0.00189021,-0.00181235,-0.153684,-4.79428,-2797.37,-80.2528,-20.3343
cop_0191,502,679.0282495,420.2420896,0.1202794364,knife-edge,8.00563,9.27419,-470.27,-1436.18,-778.691,-939.745,-2102.62,-6048.27,-4180.37,-559.14,-3.79506e+06
cop_0191,503,10019.07752,501.6008523,0.1191101021,smooth,9.70123,9.70175,-0.0601849,-0.000427043,2.59828e-05,-3.80503e-05,-0.000817359,-0.0175092,-3927.96,-705.574,-0.0656018
cop_0191,504,119.9623732,745.046585,0.1130532469,knife-edge,13.148,13.1547,-133.22,-450.057,-326.585,-290.95,-675.622,-2510.02,-4133.94,-386.986,-1.31445e+07
cop_0191,505,1362.778703,639.2858197,0.1220025211,knife-edge,10.7891,26.175,-3932.64,-5854.45,-3972.18,-3950.29,-6964.59,-16765.3,-2806.27,-448.324,-4.92928e+06
cop_0191,506,481.9277858,727.8502386,0.117384936,smooth,4.79402,4.79391,-5.80738,-0.0741802,-0.000623272,-0.000584362,-0.0500565,-1.55477,-3469.79,-89.023,-6.46039
cop_0191,507,72383.76337,553.178876,0.1211798532,between,6.97694,6.97752,-14596.9,-290.562,-2.32708,-2.44107,-198.199,-5827.79,-4343.52,-1327.27,-20778.2
cop_0191,508,785.3197606,545.288008,0.1170500136,smooth,5.29676,5.29579,-3.81416,-0.0486003,-0.00039654,-0.000396881,-0.0330214,-1.02372,-3804.39,-343.22,-4.25829
cop_0191,509,1496.681972,500.2544465,0.1174939163,knife-edge,6.79229,26.8803,-4018.48,-6010.68,-4334.07,-4607.65,-7718.47,-17877.3,-4463.48,-668.978,-4.78936e+06
cop_0191,510,1927.303025,865.525219,0.1202968908,knife-edge,5.11154,43.3594,-7669.38,-8678.69,-3412.62,-3543.28,-10095.2,-26560.5,-3804.9,-606.019,-4.37274e+06
cop_0191,511,2575.658956,510.6524722,0.1142706624,knife-edge,8.74398,66.6485,-13183.9,-16813.4,-10391.1,-10489.6,-19876.1,-46748.7,-2717.03,-719.513,-6.71575e+06
cop_0191,512,3822.472177,345.322349,0.1185797515,smooth,8.69251,8.69268,-0.207255,-0.00269181,-3.12038e-05,-1.0941e-05,-0.00164738,-0.0523979,-3780.78,-341.146,-0.210869
cop_0191,513,398767.0089,672.1932298,0.1150878863,smooth,3.6241,3.62411,-0.0032836,-0.000363799,-3.30618e-05,3.2405e-05,0.000297459,0.00163386,-4334.8,-247.706,0.00196402
cop_0191,514,8587.167901,503.1581159,0.1189904881,between,4.96765,4.96817,-5990.42,-709.436,-6.82403,-6.57634,-535.993,-9575.33,-4003.97,-398.798,-82083.2
cop_0191,515,2013.071449,564.2477894,0.1195357241,knife-edge,5.77037,26.1835,-5035.62,-6831.51,-4173.29,-3743.12,-7474.75,-18695.3,-4897.63,-829.614,-3.61729e+06
cop_0191,516,324.5724901,540.9566637,0.1160656211,knife-edge,7.62662,17.7407,-1344.54,-2632.2,-1085.02,-1144.3,-3367.82,-9840.92,-2056.47,-1056.38,-1.02029e+07
cop_0191,517,1003.656467,693.6611249,0.1193535755,smooth,4.22746,4.22762,-1.21336,-0.0151904,-0.000107122,-0.000143252,-0.0105789,-0.320035,-3417.17,-93.895,-1.30057
cop_0191,518,6169.976898,537.1161123,0.1173015526,knife-edge,8.88727,8.88755,-8623.19,-4587.1,-119.091,-116.251,-4478.96,-22878.2,-3162.52,-374.75,-728051
cop_0191,519,4090.001213,587.7823112,0.1179808031,smooth,7.91648,7.91641,-0.383676,-0.00497284,-5.24919e-05,-2.63622e-05,-0.00314367,-0.0989686,-3732.33,-392.467,-0.399286
cop_0191,520,5413.161382,592.2506276,0.1184607265,between,5.89286,5.89753,-5144.11,-1556.99,-19.7599,-19.634,-1292.82,-12339.4,-5155.25,-2324.67,-259173
cop_0191,521,3964.182218,656.9990286,0.1155698787,smooth,5.44696,5.44694,-0.18543,-0.00240312,-2.76735e-05,-9.97581e-06,-0.00147342,-0.0467812,-4296.34,-427.957,-0.188002
cop_0191,522,219.7137765,518.7865288,0.1194798043,knife-edge,6.51664,15.4465,-1200.03,-2294.28,-1828.4,-1725.57,-2445.07,-6221.02,-3497.8,-1102.98,-1.44812e+07
cop_0191,523,527.8084468,842.7554758,0.1176901711,knife-edge,6.67829,8.3277,-545.025,-1103.67,-460.764,-631.011,-1689.12,-4951.15,-4482.89,-218.022,-3.6748e+06
cop_0191,524,342.038378,770.0570284,0.1166038143,knife-edge,7.60199,9.35483,-56.7641,-1324.3,-908.655,-904.314,-1606.8,-4953.98,-4123.1,-187.92,-7.71513e+06
cop_0191,525,449.2573692,574.2266835,0.1161409994,knife-edge,9.48293,21.3525,-2154.76,-3757.72,-2777.68,-2704.81,-4715.06,-11581.6,-3087.07,-802.781,-1.03837e+07
cop_0191,526,3593.516441,784.5313725,0.1195910105,smooth,5.66665,5.66671,-0.172699,-0.00243848,-4.66231e-05,1.1671e-05,-0.00115984,-0.0417903,-3337.54,-282.54,-0.16995
cop_0191,527,144.4074767,631.0562015,0.1121345136,knife-edge,18.1848,12.9564,-122.818,-532.937,-226.096,-260.233,-952.868,-3476.73,-2000.49,-192.242,-1.19012e+07
cop_0191,528,36730.00659,672.6682681,0.1183278601,smooth,7.61213,7.6122,-0.0105055,-0.000596408,-4.8287e-05,4.61786e-05,0.000381132,0.000901973,-3503.21,-619.831,-0.000881459
cop_0191,529,4433.680032,687.2514104,0.1179196227,smooth,5.05526,5.05451,-0.258862,-0.00327797,-3.19379e-05,-2.04051e-05,-0.00211244,-0.0653831,-4108.28,-574.376,-0.261235
cop_0191,530,1142.708224,541.696202,0.1177148565,between,7.17901,7.71472,-783.185,-529.471,-15.4,-16.8224,-845.271,-4838.89,-4764.32,-478.325,-711740
cop_0191,531,1276.872184,649.977629,0.1141506617,knife-edge,10.7418,17.7196,-2463.09,-3195.81,-1104.71,-1130.9,-3960.33,-11468.9,-3137.91,-111.482,-3.04595e+06
cop_0191,532,2022.913809,757.2410642,0.1190023612,between,6.5217,6.57049,-1115.57,-540.221,-9.91001,-9.82723,-593.735,-4581.87,-4979.74,-313.873,-356784
cop_0191,533,3131.910183,595.0168754,0.1182543946,smooth,7.31129,7.31139,-0.386174,-0.00471713,-2.53497e-05,-5.36921e-05,-0.00342067,-0.10111,-4011.37,-394.379,-0.405521
cop_0191,534,30328.13077,760.7715019,0.1194568673,smooth,5.52384,5.52405,-138.686,-1.82396,-0.0134677,-0.0166379,-1.27069,-39.1784,-3096.64,-347.318,-152.643
cop_0191,535,4043.146686,684.2550933,0.1189738339,between,7.05226,7.05226,-2156.16,-450.118,-5.01789,-4.89084,-385.05,-5374.72,-3813.63,-377.588,-93646.8
cop_0191,536,919.0187299,509.375563,0.1164187623,smooth,9.29957,9.30075,-2.29028,-0.030237,-0.00024249,-0.000254146,-0.0207954,-0.65258,-3790.62,-148.333,-2.75292
cop_0191,537,223.3584438,663.608126,0.1169792195,knife-edge,8.1781,8.18422,-181.197,-521.717,-243.326,-265.091,-771.854,-2815.78,-4193.91,-180.825,-6.84277e+06
cop_0191,538,1171107.542,782.8333032,0.1211249371,smooth,4.82917,4.82917,-0.000555201,-6.1468e-05,-5.58571e-06,5.47467e-06,5.02509e-05,0.000275922,-3717.05,-428.408,-9.46819e-05
cop_0191,539,19095.21763,511.7955836,0.1192372768,knife-edge,7.84466,45.3505,-31158.7,-19639.7,-767.03,-747.267,-19709,-82373.4,-3394.27,-839.011,-1.3314e+06
cop_0191,540,259.6311838,528.5489199,0.116916511,knife-edge,11.7567,21.0869,-1545.35,-2568.57,-1984.12,-1982.74,-3159.74,-7593.17,-2434.22,-1102.09,-1.23581e+07
cop_0191,541,3143.123419,633.0025885,0.1205163673,knife-edge,6.72089,35.0544,-5888.77,-6519.68,-2051.36,-2275.07,-8305.3,-22832.5,-3880.99,-471.452,-2.36982e+06
cop_0191,542,2273.940043,678.1694656,0.1161181917,knife-edge,11.9862,22.194,-4125.49,-4145.85,-755.37,-730.587,-4594.26,-14312.6,-3989.49,-260.95,-1.87906e+06
cop_0191,543,2930.965974,384.4842068,0.1214960001,between,6.02214,6.01968,-1308.06,-396.765,-4.83123,-4.74054,-362.164,-4711.94,-4066.72,-531.34,-206078
cop_0191,544,2863.626696,623.6231711,0.1179327162,knife-edge,8.16288,37.5656,-6062.42,-6756.47,-2258.11,-2300.32,-8024.54,-21633.6,-3629.73,-503.237,-2.19195e+06
cop_0191,545,5495.219894,798.8555831,0.1190780785,between,6.06047,6.07476,-8051.04,-2545.67,-35.0608,-33.9797,-2150.2,-18327.6,-3958.38,-448.144,-378997
cop_0191,546,259.4017548,520.8655713,0.1161957685,smooth,10.7434,10.7468,-45.2314,-0.612056,-0.00516015,-0.00496142,-0.425671,-14.1958,-3420.6,-126.707,-68.9843
cop_0191,547,2066.367426,692.906319,0.1154286348,between,10.9783,10.9783,-2160.87,-489.045,-5.4685,-5.64469,-422.65,-5537.54,-4475.68,-110.654,-137292
cop_0191,548,289.2557364,757.4065581,0.1170863807,smooth,6.1109,6.12064,-21.386,-0.255615,-0.00211004,-0.00203463,-0.17146,-5.26884,-4152.67,-87.9865,-22.068
cop_0191,549,2779.343276,298.7335073,0.1160704269,smooth,11.5941,11.5941,-52.3384,-0.842704,-0.0112901,-0.00191279,-0.50941,-17.6813,-3380.34,-491.91,-77.2938
cop_0191,550,364.9797137,845.0405192,0.1185770765,knife-edge,9.27306,11.7994,-1001.43,-1615.63,-984.933,-927.68,-1946.21,-5340.94,-4124.62,-417.278,-5.56696e+06
cop_0191,551,2707.394014,802.3482755,0.117754874,smooth,6.68537,6.69103,-762.888,-62.2859,-0.653881,-0.525659,-52.271,-1660.91,-4084.82,-415.704,-19562
cop_0191,552,9381.371182,626.9581248,0.1172976396,knife-edge,4.14091,25.2946,-17585.8,-14063,-1109.86,-1073.85,-14415.6,-50414.8,-4347.97,-449.798,-1.60766e+06
cop_0191,553,316.2282508,259.1645346,0.1200670391,smooth,10.2872,10.2941,-7.4637,-0.115514,-0.000991087,-0.000950509,-0.0827999,-2.97605,-2149.21,-30.3588,-16.124
cop_0191,554,1179.789604,451.8173933,0.117032406,smooth,6.02081,6.01937,-1.75949,-0.0224695,-0.000181081,-0.000185858,-0.0152828,-0.47046,-3638.79,-213.755,-1.92926
cop_0191,555,530.6799713,589.843107,0.1164769267,knife-edge,10.6229,16.6456,-2128.68,-3202.69,-1900.52,-1985.77,-3950.63,-10130.2,-2798.84,-315.322,-7.11507e+06
cop_0191,556,3382.388767,705.9648825,0.1173531725,smooth,7.6156,7.61553,-62.5534,-3.05607,-0.030387,-0.027675,-2.72166,-143.269,-3819.14,-1083.7,-1184.15
cop_0191,557,1986.43916,779.276029,0.1174647002,knife-edge,5.39861,19.9329,-3856.24,-4444.17,-1470.59,-1364.83,-5080.27,-14479.9,-4147.91,-345.871,-2.45138e+06
cop_0191,558,998.3429088,507.6472727,0.1225531946,smooth,4.90575,4.89752,-102.071,-8.90275,-0.154249,-0.156937,-21.6479,-1661.01,-3968.49,-310.653,-136989
cop_0191,559,4399.721962,759.0595895,0.1180155337,knife-edge,8.84674,9.31549,-7115.28,-4571.73,-176.099,-174.929,-4905.37,-20990.2,-4111.08,-523.439,-858024
cop_0191,560,1450.96662,626.2015398,0.1186224769,between,3.7684,3.81587,-903.775,-374.662,-6.51072,-6.68121,-457.506,-3569.02,-4765.64,-465.835,-123093
cop_0191,561,2528.733314,512.2930702,0.1214880368,between,5.89814,5.91921,-1274.83,-465.81,-6.6645,-6.66769,-472.213,-4772.16,-4567.18,-947.819,-246295
cop_0191,562,4436424.274,644.0146845,0.1191326857,smooth,8.55305,8.55305,-0.000378897,-4.20824e-05,-3.82549e-06,3.74971e-06,3.44278e-05,0.000189317,-3550.41,-591.464,-0.00130352
cop_0191,563,13262.5157,702.2790361,0.1178890224,knife-edge,6.31832,18.1779,-19690.4,-14057.4,-706.985,-666.67,-13537.8,-53363.4,-4564.15,-891.467,-1.22676e+06
cop_0191,564,1282.267859,416.6586541,0.1174117286,knife-edge,5.0061,19.8265,-3097.69,-3657.15,-1287.78,-1555.23,-4542.68,-12283.5,-4127.82,-675.045,-3.11615e+06
cop_0191,565,11538.68953,538.9967977,0.1151334612,smooth,10.9175,10.9177,-0.0100543,-0.00019941,-8.6182e-06,6.60096e-06,-8.08084e-06,-0.00195527,-3556.41,-123.682,-0.00838896
cop_0191,566,8481.105407,598.6592643,0.1214921361,smooth,4.83027,4.83028,-0.0509968,-0.000716551,-1.34865e-05,3.1808e-06,-0.000344489,-0.0123275,-3575.21,-243.934,-0.049542
cop_0191,567,745.6267537,417.8225482,0.1181711383,knife-edge,8.23043,17.7408,-2467.13,-4028.03,-3016.53,-2992.88,-4671.91,-11238.5,-3776.38,-657.249,-6.56855e+06
cop_0191,568,2373.969855,644.7272516,0.1158719405,knife-edge,8.97587,45.3748,-7127.2,-9370.43,-5606.46,-5701.59,-10902.6,-26380.1,-3148.91,-183.89,-4.28063e+06
cop_0191,569,303.8491188,632.4286988,0.1202081072,knife-edge,7.76903,13.1038,-800.495,-1776.05,-1422.05,-1293.77,-2111.5,-5659.68,-4506.81,-237.436,-9.17196e+06
cop_0191,570,2448.210457,460.9248066,0.1235743301,knife-edge,8.0382,33.7852,-5815.13,-7065.44,-3216.6,-3390.45,-9043.77,-23296.6,-3834.56,-331.966,-3.19633e+06
cop_0191,571,720.0567761,588.9179224,0.1173756307,knife-edge,4.98508,8.32325,-796.358,-1279.2,-391.421,-424.375,-1628.05,-5320.03,-4192.65,-356.169,-2.94763e+06
cop_0191,572,853.4562415,444.2559282,0.1204620641,smooth,5.80634,5.81055,-3.51941,-0.0464594,-0.000387413,-0.000372776,-0.0316619,-0.996597,-3839.14,-216.386,-4.20701
cop_0191,573,920.6018939,777.2940828,0.1168742409,smooth,4.42976,4.43009,-1.78601,-0.0225579,-0.00017473,-0.000194557,-0.015445,-0.47242,-4196.42,-135.221,-1.93201
cop_0191,574,1213.202624,785.2108066,0.1182850894,smooth,5.83839,5.8395,-2.1811,-0.0272978,-0.000212034,-0.000233986,-0.0186196,-0.565876,-4301.25,-283.852,-2.29003
cop_0191,575,428.1424571,533.6126087,0.1165080226,smooth,6.05076,6.04686,-11.9351,-0.15018,-0.00123196,-0.00121664,-0.101783,-3.15854,-3845.61,-138.804,-13.2378
cop_0191,576,682.8213873,427.8655971,0.1207672324,smooth,7.16853,7.16811,-3.45293,-0.0450034,-0.000349633,-0.000390387,-0.0310664,-0.966802,-3008.11,-108.073,-4.05095
cop_0191,577,1319.628561,571.1291096,0.1230925855,knife-edge,8.56688,9.71875,-1323.47,-1750.64,-392.755,-459.002,-2205.34,-7045.79,-4362.82,-565.005,-1.9093e+06
cop_0191,578,911.4555987,627.6808353,0.121793784,between,6.66697,6.55921,-382.593,-240.974,-3.87385,-4.00068,-275.628,-2981.75,-3663.25,-485.926,-547986
cop_0191,579,3622.882016,660.3297035,0.1177564596,knife-edge,7.52995,51.1402,-8057.36,-10050.6,-5128.87,-5527.71,-12735.5,-31682.5,-4363.26,-912.888,-3.1253e+06
cop_0191,580,575.1875183,756.2861538,0.1188493787,between,3.85449,3.85364,-567.984,-317.159,-6.65036,-6.89553,-410.776,-3127.75,-4096.95,-280.384,-734149
cop_0191,581,1439290.525,492.1209505,0.1177967504,smooth,10.6019,10.6019,-0.00189455,-0.000210109,-1.90967e-05,1.87177e-05,0.000171833,0.000944259,-3661.46,-455.861,-0.00083127
cop_0191,582,348.1331288,511.1759696,0.11488629,smooth,5.65551,5.65492,-17.5458,-0.21982,-0.00183207,-0.00174647,-0.148439,-4.61817,-4482.24,-120.703,-19.4366
cop_0191,583,1312.10945,698.2667404,0.1161715663,smooth,4.24549,4.24584,-730.814,-36.4181,-0.272907,-0.246704,-17.2972,-3.03774,-4816.95,-472.663,-16722.7
cop_0191,584,4217.836213,584.5228942,0.1211277881,knife-edge,7.15647,65.6724,-13956.3,-18413.7,-12194.7,-12206.3,-20327.3,-46650.6,-4665.14,-1021.21,-4.56997e+06
cop_0191,585,212.5698588,486.8235068,0.1168290741,smooth,8.08962,8.08962,-57.1888,-0.914703,-0.00800379,-0.00779344,-0.694982,-35.5285,-3767.64,-73.9371,-3802.56
cop_0191,586,802.538111,422.7427754,0.1201223744,between,6.35008,6.7006,-152.571,-130.422,-2.27696,-2.45714,-186.665,-2259.37,-4940.13,-487.672,-882635
cop_0191,587,1638.815912,777.5022151,0.1211688036,knife-edge,6.3908,20.4051,-3403.69,-3835.71,-784.744,-765.557,-4444.96,-14089.2,-3459.93,-383.367,-2.6227e+06
cop_0191,588,3143.248206,692.8715714,0.1180439543,smooth,5.00387,5.00396,-0.233598,-0.00293261,-2.44348e-05,-2.31612e-05,-0.00196798,-0.060046,-3003.89,-191.026,-0.241107
cop_0191,589,3285.858966,553.7577589,0.1203957425,between,9.36478,9.38562,-2298.97,-1045.75,-17.8874,-17.377,-947.247,-6834.32,-4024.23,-784.605,-316713
cop_0191,590,3265.148764,510.7560545,0.1217836298,knife-edge,8.66657,34.8462,-6229.84,-7176.01,-2520.04,-2702.06,-8647.14,-23369.4,-3448.04,-320.465,-2.40913e+06
cop_0191,591,2322.041396,602.6283661,0.1173099733,knife-edge,8.6759,28.6677,-5041.38,-5881.51,-2399.68,-2796.97,-7074.66,-18334.3,-4823.51,-1261.71,-2.7437e+06
cop_0191,592,827329.7846,620.5626726,0.1154589948,smooth,4.68484,4.68483,-0.00416713,-0.000462363,-4.20263e-05,4.11928e-05,0.000378176,0.00207862,-4557.32,-484.211,0.000718205
cop_0191,593,15502.0786,643.7156644,0.1189554535,smooth,4.19589,4.19568,-0.0115948,-0.000565055,-4.38759e-05,4.15522e-05,0.00032741,0.000295574,-3323.77,-156.421,-0.00293712
cop_0191,594,1095.026404,685.434074,0.1167241279,knife-edge,11.745,11.745,-2480.63,-2763.28,-672.944,-646.402,-3143.22,-9632.2,-2834.78,-319.331,-2.62156e+06
cop_0191,595,860.4338119,736.8784021,0.1157417663,knife-edge,14.1753,29.9654,-4141.04,-5933.83,-3976.33,-3808.91,-6914.13,-16740.8,-2250.19,-468.821,-7.40277e+06
cop_0191,596,205481.0532,423.1031317,0.1170289401,smooth,8.76928,8.76928,-0.00382008,-0.00040506,-3.66232e-05,3.5859e-05,0.000327804,0.0017627,-3696.92,-448.059,0.00275498
cop_0191,597,917.0134502,672.3904456,0.1177049703,knife-edge,4.85231,6.92031,-852.998,-1177.79,-148.745,-139.223,-1418.91,-5511.94,-4727.56,-450.584,-2.12294e+06
cop_0191,598,110909.3413,606.1724308,0.1157974602,smooth,6.62968,6.62967,-0.00284038,-0.000302402,-2.73547e-05,2.67866e-05,0.000244965,0.00131997,-4053.78,-178.647,0.0023009
cop_0191,599,744332.9717,563.5999021,0.1217259414,smooth,5.4776,5.4776,-0.00426906,-0.000473366,-4.30232e-05,4.21693e-05,0.000387118,0.00212713,-2989.2,-572.182,0.00108829
cop_0191,600,3203.358872,485.3117075,0.1157725919,knife-edge,7.29064,49.4428,-11610,-14640.5,-8652.37,-8115.94,-16278.2,-39313.3,-3590.47,-334.466,-4.65093e+06
cop_0191,601,1247.782307,519.0314393,0.1189108906,between,5.53554,6.23322,-781.917,-870.336,-49.7258,-53.1601,-1228.31,-5349.19,-4234.23,-712.456,-1.13217e+06
cop_0191,602,1081.908936,752.1411162,0.1200615421,smooth,7.20819,7.20389,-0.781041,-0.0102752,-0.000118647,-4.26468e-05,-0.00632325,-0.20254,-2838.91,-71.9702,-0.828547
cop_0191,603,670.6541676,502.1491813,0.1207623111,knife-edge,7.48869,12.5185,-1355.12,-2209.05,-1384.51,-1193.31,-2366.11,-6539.11,-4309.13,-449.251,-4.17833e+06
cop_0191,604,7413.122434,712.1879297,0.1205389893,knife-edge,5.61564,140.569,-26014.8,-32110.3,-19285.6,-18706.5,-35280.2,-82954.8,-5182.7,-1736.52,-4.56155e+06
cop_0191,605,3221.33511,343.7162772,0.1202116207,knife-edge,11.7812,31.1013,-6337.78,-7425.48,-2724.61,-2387.55,-7524.57,-21152.9,-4086.99,-943.198,-2.2787e+06
cop_0191,606,4810.845265,556.4825275,0.1191214845,smooth,7.88308,7.86293,-248.766,-12.0589,-0.124499,-0.0984285,-10.1382,-464.77,-4587.98,-1369.84,-3586.21
cop_0191,607,3859.282963,660.5701995,0.1200044261,between,6.18785,6.19838,-3531.91,-722.948,-8.29068,-8.02689,-635.849,-8416.31,-3754.25,-402.929,-133080
cop_0191,608,1775.331347,356.0679408,0.1189529274,smooth,8.81121,8.81097,-1.26525,-0.0159994,-0.000118918,-0.000144012,-0.0110552,-0.337411,-4094.64,-386.681,-1.37911
cop_0191,609,1068.63214,751.9147553,0.1172535664,knife-edge,4.90254,17.0774,-1887.15,-2899.16,-1509.02,-1502.4,-3306.99,-9144.05,-4188.95,-262.53,-3.42178e+06
cop_0191,610,943.4607444,594.5749484,0.1170781716,smooth,7.51412,7.49996,-78.5485,-25.7815,-0.329577,-0.349869,-37.9523,-1532,-3561.35,-802.23,-227604
cop_0191,611,4000.67323,627.2337762,0.1147776264,knife-edge,8.48568,9.2707,-5517.38,-3928.87,-183.247,-179.282,-4172.72,-17037.6,-4517,-863.434,-851034
cop_0191,612,6067.293368,624.1249536,0.1184798025,smooth,5.33892,5.31919,-198.29,-3.82138,-0.0322016,-0.032648,-2.78109,-97.0036,-4696.85,-519.433,-462.429
cop_0191,613,2591.017043,811.5385122,0.1183353559,knife-edge,4.43247,51.9901,-7525.7,-8846.94,-3691.78,-3747.05,-10403.3,-27388.6,-4160.19,-503.409,-3.49736e+06
cop_0191,614,495.0975966,577.7264411,0.1160721517,smooth,7.94061,7.93861,-6.05786,-0.0767562,-0.000633574,-0.000618842,-0.052079,-1.62482,-2925.36,-122.647,-6.8531
cop_0191,615,847.5298372,473.6496054,0.1155712516,smooth,14.3605,14.3693,-4.16407,-0.0574159,-0.000483391,-0.000463027,-0.0396667,-1.29193,-3661.99,-282.524,-5.73763
cop_0191,616,1517.217942,561.9094667,0.1255468762,smooth,6.7948,6.79495,-1.04874,-0.013386,-0.000112119,-0.00010556,-0.0090136,-0.277555,-2838.58,-200.803,-1.1314
cop_0191,617,1017.522047,569.0609517,0.1173611134,smooth,8.93922,8.94137,-7.09453,-0.0948481,-0.00079029,-0.000766702,-0.0650518,-2.07829,-4222.14,-515.001,-9.01454
cop_0191,618,3664.763769,628.8154294,0.1187483504,smooth,5.36944,5.36979,-0.594119,-0.0078112,-9.00103e-05,-3.26089e-05,-0.00480787,-0.153755,-3910.23,-519.99,-0.624154
cop_0191,619,2321.117599,746.7608328,0.1186224974,smooth,6.57527,6.57534,-0.404609,-0.00518171,-4.49721e-05,-3.90058e-05,-0.00345991,-0.106858,-2899.49,-155.691,-0.43445
cop_0191,620,1405.202674,698.2125538,0.1175093771,between,5.71673,6.05439,-1198.9,-187.512,-1.92101,-1.8752,-152.463,-2470.41,-3755.06,-258.611,-26856.4
cop_0191,621,123.950916,753.014772,0.1122899424,knife-edge,7.73887,10.5084,-594.33,-1428.78,-1261.06,-1170.95,-1840.69,-4728.9,-2988.19,-1283.71,-1.9118e+07
cop_0191,622,6311.34769,526.0760442,0.1185726184,between,7.23616,7.22728,-6229.87,-2241.12,-33.6109,-31.9566,-1867.13,-14237.6,-3865.61,-812.114,-330923
cop_0191,623,1044.67142,719.3619838,0.1187266845,knife-edge,6.87896,38.6036,-5704.29,-8504.87,-6615.36,-7154.81,-9949.75,-21815.4,-4471.34,-934.438,-8.90426e+06
cop_0191,624,9637.367791,803.8583389,0.1173319928,knife-edge,5.85188,48.3998,-15699.9,-14781.2,-2213.93,-2276.25,-17925.2,-55540.3,-6217.97,-1453.87,-1.8335e+06
cop_0191,625,343.5680319,394.9510995,0.1194434919,smooth,4.44509,4.44353,-11.4154,-0.146577,-0.0012159,-0.00117942,-0.0997184,-3.13776,-3298.21,-71.3753,-13.4161
cop_0191,626,8132.109795,595.9743351,0.1200562558,knife-edge,6.43107,25.978,-21144.8,-16270.3,-1289.06,-1243.27,-16629.4,-57535.7,-3242.35,-591.568,-2.05058e+06
cop_0191,627,757.6190119,645.6707399,0.1172389532,knife-edge,5.83553,11.6952,-1277.82,-1488.64,-283.33,-338.792,-2077.97,-6616.49,-3034.38,-219.722,-2.48438e+06
cop_0191,628,1661.680822,450.1945467,0.1192252861,knife-edge,7.80013,22.5648,-3532.44,-4929.64,-2694.73,-3146.95,-5984.67,-14906.8,-4787.74,-999.25,-3.39711e+06
cop_0191,629,3410.811969,467.4864145,0.1193959148,smooth,6.7153,6.72168,-1120.47,-47.9358,-0.396547,-0.398782,-32.3131,-736.103,-3438.88,-484.093,-2069.44
cop_0191,630,1146.420296,446.5696239,0.1190773421,knife-edge,4.76233,19.7545,-2353.88,-3939.39,-2924.45,-2941.42,-5229.34,-12636.1,-3548.74,-689.416,-4.50689e+06
cop_0191,631,1570.137711,765.564761,0.1152363508,smooth,9.50947,9.49031,-922.628,-0.359331,-0.00509244,-0.0289023,-7.88394,-2296.55,-5633.26,-488.743,-162829
cop_0191,632,746.9669596,446.928345,0.1174367373,smooth,5.23163,5.23154,-5.39204,-0.0692139,-0.000585128,-0.000541034,-0.0466368,-1.44737,-3850.96,-223.02,-5.98634
cop_0191,633,738.7615942,551.6091364,0.1230129885,between,5.20006,4.97242,-855.96,-577.603,-13.142,-13.2568,-632.197,-4139.56,-3359.16,-154.319,-603042
cop_0191,634,410.3850495,658.9015773,0.1167794744,smooth,6.80322,6.80431,-18.4037,-0.221813,-0.00184689,-0.00175056,-0.14877,-4.58279,-3732.9,-239.87,-19.1274
cop_0191,635,19164.76669,513.9260685,0.1194890636,knife-edge,8.74936,16.1621,-27194.5,-15608,-468.774,-450.658,-14568.8,-67761.4,-4543.64,-1263.72,-1.0689e+06
cop_0191,636,2538.012656,530.8200234,0.119814056,between,7.76593,7.76555,-2017.09,-953.999,-18.9711,-18.8705,-1050.95,-7093.06,-3634.43,-1130.09,-364274
cop_0191,637,910.6543872,536.9624055,0.1209108626,knife-edge,10.1734,21.1882,-2644.78,-3591.38,-1918.69,-1847.41,-4153.96,-10982.4,-2913.02,-283.741,-4.45382e+06
cop_0191,638,493747.2976,620.8034678,0.120584204,smooth,5.25793,5.25793,-0.00430156,-0.000476275,-4.32804e-05,4.242e-05,0.000389367,0.00213805,-4116.07,-876.302,0.00216473
cop_0191,639,9748.034148,586.0714755,0.1187599077,smooth,7.20314,7.20314,-98.0402,-1.97476,-0.0179714,-0.0156912,-1.44504,-53.2468,-3690.4,-281.337,-263.62
cop_0191,640,345.1129316,264.300047,0.1150875682,knife-edge,18.6003,14.75,-932.514,-1780.53,-1326.92,-1484.38,-2411.42,-6138.97,-3766.77,-406.354,-8.0012e+06
cop_0191,641,1480.253379,698.672904,0.1189956378,knife-edge,5.53164,30.9466,-4457.97,-5537.41,-1958.35,-2058.04,-6303.8,-17819.1,-4674.99,-380.178,-3.98958e+06
cop_0191,642,170.4464062,689.9035827,0.1157461873,smooth,6.30958,6.30958,-36.1807,-0.501008,-0.00421293,-0.00410696,-0.351471,-12.0369,-3716.13,-19.1372,-61.3485
cop_0191,643,13860.20726,459.7056004,0.1161658875,smooth,7.33214,7.33206,-0.0157084,-0.000211107,-3.28674e-06,1.33223e-07,-0.000113665,-0.00382174,-4126.72,-277.215,-0.0150537
cop_0191,644,359.7800975,374.8164978,0.1165283995,knife-edge,17.7662,18.5634,-1509.6,-2889.07,-2435.86,-2168.75,-3344.98,-8117.06,-3254.68,-771.33,-1.04385e+07
cop_0191,645,2111.231588,652.2696728,0.1180895898,knife-edge,5.34921,34.5848,-6301.37,-8785.96,-5856.16,-6001.34,-10784.7,-25426.9,-3519.72,-350.327,-4.64295e+06
cop_0191,646,24441.27394,526.2745546,0.1166409717,between,7.13761,7.12659,-17619.3,-2048.58,-19.2608,-18.5574,-1479.19,-25109.1,-3547.81,-1323.04,-160411
cop_0191,647,5634.712282,700.0003044,0.1167898269,smooth,6.26865,6.27835,-1067.82,-37.9389,-0.330996,-0.329219,-28.4963,-953.875,-4639.74,-1413.34,-5533.53
cop_0191,648,287936.6618,256.3567748,0.121815102,smooth,6.71821,6.7182,-0.00174771,-0.000190501,-1.72802e-05,1.69306e-05,0.000155178,0.000845843,-3848.74,-437.125,0.00119895
cop_0191,649,545.6483568,556.9381958,0.1200248542,smooth,8.01061,8.0106,-10.9486,-0.136457,-0.00113576,-0.0010841,-0.092031,-2.85653,-3951.35,-316.139,-12.0098
cop_0191,650,366.0298225,495.5374507,0.1135963907,smooth,10.6812,10.6827,-5.96245,-0.0856355,-0.000722501,-0.0006973,-0.0598153,-1.99772,-2374.94,-36.5109,-9.33442
cop_0191,651,463.3119137,811.2793238,0.1175557111,knife-edge,5.18736,8.19931,-637.488,-1077.64,-412.54,-425.598,-1328.75,-4278.83,-4630.31,-267.253,-4.06997e+06
cop_0191,652,1482.360585,689.0680779,0.1177874249,knife-edge,8.26235,13.9186,-2540.24,-2963.51,-897.594,-1031.73,-3778.45,-10700.2,-4328.52,-362.267,-2.34723e+06
cop_0191,653,26582.68335,296.5985073,0.1155571785,between,6.28648,6.28653,-11095.9,-514.745,-4.41621,-4.24966,-355.629,-9051.2,-5120.58,-576.832,-41953.2
cop_0191,654,1361.25515,835.0043748,0.1161978695,knife-edge,5.39438,7.43607,-2075.99,-1858.26,-141.158,-145.449,-2217.48,-8337.87,-4239.58,-268.667,-1.40532e+06
cop_0191,655,1074.901132,570.177338,0.1170851542,between,5.90068,9.04906,-2234.86,-1469.83,-55.9985,-52.4945,-1270.82,-204.97,-3219.82,-254.162,-1.24561e+06
cop_0191,656,2391.212445,724.4820283,0.1180785285,between,5.96533,5.96378,-2560.08,-1819.55,-63.2231,-61.4922,-1891.64,-9211.85,-3943,-217.616,-820257
cop_0191,657,694.8899217,643.7086246,0.116816213,smooth,9.85555,9.85614,-2.64784,-0.0341906,-0.000275014,-0.000284793,-0.023374,-0.727077,-3483.6,-100.97,-3.03793
cop_0191,658,1757.515047,398.1624379,0.1207567873,between,8.79428,8.79443,-682.079,-439.549,-8.58992,-8.47045,-470.195,-3570.32,-4254.14,-657.182,-433864
cop_0191,659,11125.72466,394.2705031,0.1237448548,between,5.94103,5.93944,-10837.3,-2882.34,-34.459,-33.0568,-2063.29,-18025.7,-3878.93,-2138.85,-224379
cop_0191,660,3993.137209,788.4731066,0.1170930824,between,5.11624,5.28177,-3980.56,-785.77,-8.71944,-8.16665,-641.422,-8684.54,-4133.08,-211.245,-136483
cop_0191,661,985.6414703,578.028047,0.1208520461,knife-edge,4.72446,7.85504,-827.464,-1232.74,-165.063,-173.512,-1569.37,-5962.7,-3921.12,-268.041,-2.14654e+06
cop_0191,662,2675.553233,534.5610987,0.122229982,knife-edge,8.59757,30.3654,-5735.93,-7050.22,-3324.49,-3261.26,-8183.9,-21081.9,-4765.43,-598.249,-2.83193e+06
cop_0191,663,1229.91973,610.5574247,0.1163469374,smooth,6.9727,6.97276,-3.10815,-0.0395716,-0.000326674,-0.000317765,-0.0267417,-0.82349,-4346.33,-563.599,-3.37048
cop_0191,664,99586.03366,730.5031026,0.1183990486,smooth,6.14262,6.14268,-0.00480535,-0.000502902,-4.53977e-05,4.44365e-05,0.000405693,0.002167,-4358.41,-650.819,0.003789
cop_0191,665,1575.879468,673.3642202,0.1184709932,smooth,8.13625,8.13549,-2.57245,-0.034156,-0.000312364,-0.000241005,-0.0227234,-0.717983,-4652.31,-440.636,-2.99532
cop_0191,666,6329.151348,660.8278648,0.1156092682,knife-edge,7.71725,7.71722,-7696.61,-4312.85,-111.233,-106.393,-3968.49,-20717.9,-4634.32,-520.832,-679856
cop_0191,667,423.7278422,600.2832674,0.120054006,knife-edge,5.14293,8.21096,-587.405,-1485.52,-871.686,-737.533,-1822.69,-5511.74,-3990.81,-294.902,-5.6283e+06
cop_0191,668,3999.760585,360.3831937,0.1152962834,knife-edge,7.36234,50.1642,-10269,-12925.8,-7404.76,-7133.11,-15089.2,-36860.4,-4284.75,-1443.27,-3.47942e+06
cop_0191,669,6978.720716,900.7325846,0.116684347,knife-edge,5.41522,10.0291,-10270.9,-5482.95,-145.597,-144.42,-5726.66,-29271.9,-4366.48,-725.246,-915338
cop_0191,670,676.7079226,748.4070002,0.1165309941,smooth,5.01364,5.01604,-4.62291,-0.0584271,-0.00049472,-0.000454164,-0.0392294,-1.21156,-4337.88,-304.413,-4.98367
cop_0191,671,29808.83998,723.7285384,0.1180150261,smooth,6.61795,6.61785,-1006.87,-14.5348,-0.118136,-0.120444,-9.96727,-310.45,-4644.4,-720.713,-1229.33
cop_0191,672,1518.392271,681.8650456,0.1168413242,between,8.04784,8.04199,-488.713,-97.533,-1.13132,-1.04402,-99.8152,-2365.34,-4494.1,-246.631,-77657.4
cop_0191,673,1453.261998,484.7013088,0.1146073471,knife-edge,6.0413,27.2034,-4801.75,-6263.42,-3497.87,-3432.55,-7391.51,-18475.6,-3855.89,-287.764,-4.57057e+06
cop_0191,674,4694.233803,405.1163283,0.1198434922,knife-edge,5.47429,5.96228,-5321.24,-3740.13,-168.989,-164.128,-3780.99,-15683.7,-4545.9,-1029.52,-823472
cop_0191,675,4790.643667,756.6580178,0.1184839991,between,11.0184,10.8731,-3809.58,-1543.9,-24.673,-25.1458,-1433.36,-10698.4,-4801.46,-520.98,-332081
cop_0191,676,470.8329586,720.6744256,0.1225205893,smooth,4.91505,4.91631,-9.66382,-0.124122,-0.00103609,-0.000990908,-0.0843045,-2.65242,-4013.46,-157.032,-11.3232
cop_0191,677,7650.577035,600.5182094,0.1190371621,knife-edge,9.70933,94.7345,-18536.5,-19843,-6592.46,-7218.23,-23669.5,-62755.6,-3399.73,-688.594,-2.90547e+06
cop_0191,678,669.5072581,659.0056703,0.1165541239,smooth,5.18983,5.18895,-4.5969,-0.058363,-0.000484874,-0.000466129,-0.0394786,-1.22604,-3566.02,-187.376,-5.10819
cop_0191,679,2206.332904,778.4638323,0.1171080709,smooth,6.74673,6.74641,-161.765,-9.60783,-0.102847,-0.0779653,-8.31176,-387.545,-4214.6,-302.974,-3101.22
cop_0191,680,1775.484851,331.4253703,0.1210579642,knife-edge,6.42375,14.0261,-2719.05,-3421.83,-1372.88,-1369.15,-4187.25,-11635.3,-3319.63,-325.695,-2.31515e+06
cop_0191,681,325.5212512,521.6764451,0.1179016259,knife-edge,13.3608,15.998,-68.9972,-631.968,-225.92,-173.45,-798.249,-3245.51,-3108.4,-80.0886,-5.10714e+06
cop_0191,682,580299.9331,482.0582926,0.1183073898,smooth,6.17804,6.17804,-0.0018063,-0.000200156,-1.81904e-05,1.78291e-05,0.000163663,0.000899022,-4315,-212.743,0.000754826
cop_0191,683,3560.48074,590.6834807,0.1152893704,smooth,4.63605,4.63591,-581.762,-21.3308,-0.221926,-0.151474,-16.1334,-615.071,-4775.18,-270.209,-4007.13
cop_0191,684,4858.728841,526.7845197,0.1185632179,smooth,10.7307,10.7307,-0.25676,-0.0030327,-1.51091e-06,-5.20112e-05,-0.0024753,-0.0702936,-2961.04,-655.706,-0.282086
cop_0191,685,1330.328676,499.7619037,0.1168227265,smooth,6.67616,6.67659,-1.93779,-0.025449,-0.000216829,-0.000198047,-0.0172014,-0.53833,-4205.03,-258.667,-2.23925
cop_0191,686,1760.446127,828.9497355,0.1196519312,knife-edge,7.04769,11.5853,-137.423,-3475.25,-527.099,-527.19,-4182.7,-14503,-3706.73,-546.129,-2.68306e+06
cop_0191,687,1841.611783,607.4239088,0.1181659024,knife-edge,11.4058,11.6513,-2407.77,-2352.09,-270.575,-298.456,-2938.54,-9982.87,-4078.77,-356.491,-1.55332e+06
cop_0191,688,115.1688524,405.7396298,0.1187347098,smooth,9.64843,9.64733,-107.624,-1.27304,-0.010685,-0.0103255,-0.884718,-30.8434,-3829.24,-2.45635,-197.389
cop_0191,689,464914.2079,714.2513927,0.1196837063,smooth,5.7926,5.7926,-0.00596552,-0.000657171,-5.96842e-05,5.8491e-05,0.000536631,0.00293973,-3487.31,-499.764,0.00314494
cop_0191,690,3444.572584,482.2062485,0.117707567,between,16.6844,16.6844,-4362.19,-2365.91,-57.0166,-56.6406,-2479.5,-13893,-2653.98,-182.721,-630629
cop_0191,691,4976.481249,713.60382,0.119842959,smooth,8.67686,8.678,-0.251226,-0.00342155,-5.03585e-05,-1.4328e-06,-0.00190812,-0.0639794,-4347.1,-664.825,-0.260164
cop_0191,692,1243.809091,564.6858672,0.1206772031,knife-edge,7.61127,7.61081,-854.457,-1289,-188.042,-198.219,-1712.31,-6208.3,-4438.42,-476.721,-1.74489e+06
cop_0191,693,3961.709416,623.3829691,0.119043949,between,7.69097,7.69111,-1826.02,-430.993,-5.0636,-5.08012,-438.26,-7288.86,-4312.23,-609.624,-162764
cop_0191,694,811210.3064,528.278788,0.1185701479,smooth,8.29791,8.29791,-0.0020453,-0.000226453,-2.05784e-05,2.01693e-05,0.000185131,0.00101656,-3317.29,-474.884,0.00038431
cop_0191,695,483.5480793,518.1226283,0.1180295469,smooth,8.2627,8.26455,-6.38609,-0.0830923,-0.000699342,-0.000659678,-0.0565754,-1.79592,-2949.91,-111.604,-7.74136
cop_0191,696,1636.399374,630.3529576,0.1198362254,smooth,5.22075,5.21945,-0.745821,-0.00943533,-8.6063e-05,-6.57769e-05,-0.0061981,-0.191061,-3859.18,-309.171,-0.771333
cop_0191,697,670.6567653,650.4851245,0.1150229542,knife-edge,6.08273,13.4143,-1356.53,-1936.87,-666.268,-851.672,-2621.95,-7536.85,-4407.35,-196.421,-3.80654e+06
cop_0191,698,1155.327355,498.9018682,0.1174889049,smooth,6.41894,6.41909,-2.17854,-0.0289376,-0.000247529,-0.000225088,-0.0196249,-0.620024,-3734,-252.264,-2.61678
cop_0191,699,2692.558137,778.2129065,0.1187144076,smooth,4.06999,4.0698,-0.221339,-0.00319085,-6.71232e-05,2.24718e-05,-0.00140615,-0.052727,-3463.43,-175.154,-0.215254
cop_0191,700,890.039037,810.8656545,0.1176999058,knife-edge,4.40827,23.2913,-4341.94,-6891.78,-5785.12,-4825.23,-7015.08,-16232,-4921.27,-778.338,-8.23515e+06
cop_0191,701,1318.138406,653.2573676,0.1169203499,knife-edge,6.90821,10.3631,-2873.74,-3085.78,-558.439,-474.175,-2968.45,-9919.62,-3788.79,-538.796,-2.24025e+06
cop_0191,702,2923.795989,659.350164,0.115792204,knife-edge,5.24047,58.1317,-7827.42,-10177,-5632.09,-6370.97,-12554.6,-30538.6,-4880.56,-2129.66,-3.87624e+06
cop_0191,703,15006.42697,725.2038998,0.1162213636,between,5.57109,5.57086,-7875.82,-458.9,-3.99948,-3.84963,-321.153,-7774.24,-3878.97,-336.736,-43588.8
cop_0191,704,551.6574089,707.8422104,0.1142396286,knife-edge,4.61187,13.3661,-1144.79,-1966.75,-867.764,-884.741,-2575.61,-7528.97,-3307.36,-378.63,-4.93524e+06
cop_0191,705,15375.05562,571.7134803,0.1179886914,knife-edge,5.55345,5.56543,-17798.9,-7398.69,-136.266,-132.308,-6704.01,-41714.2,-4123.21,-751.783,-640263
cop_0191,706,82.56624645,124.6636848,0.1143100893,smooth,10.4956,10.5747,-302.581,-1.11557,-0.00832912,-0.00786547,-0.622812,-17.477,-2596.45,-2.27122,-99.1415
cop_0191,707,345.2064957,385.3409541,0.1193898137,knife-edge,10.5014,11.9034,-695.911,-1560.84,-1199.56,-1326.62,-2083.43,-5410.05,-4476.68,-594.582,-7.72567e+06
cop_0191,708,1145.265597,438.8908352,0.1195821075,knife-edge,4.54202,7.00465,-706.915,-1234.56,-136.771,-129.4,-1576.94,-6301.29,-4825.93,-504.694,-1.82714e+06
cop_0191,709,119763.7701,660.062056,0.1183730189,smooth,4.32759,4.3276,-0.00311018,-0.00033036,-2.98755e-05,2.92534e-05,0.000267464,0.00143952,-4343.35,-231.415,0.00248264
cop_0191,710,664.0530461,591.2183516,0.1159901264,smooth,4.68554,4.68569,-3.73046,-0.0478547,-0.000387284,-0.000395113,-0.0326168,-1.0122,-3974,-135.228,-4.21477
cop_0191,711,352.7538594,624.7774929,0.1188245189,knife-edge,7.82023,9.84486,-333.302,-1116.08,-698.583,-692.641,-1375.71,-4134.81,-3736.93,-643.449,-6.14059e+06
cop_0191,712,2468.986139,818.088072,0.1182520599,knife-edge,5.54848,31.437,-6007.22,-6474.92,-1936.51,-2122.92,-7753.53,-21326,-4930.87,-694.166,-2.70373e+06
cop_0191,713,2332502.445,476.4548776,0.1166344879,smooth,13.2281,13.2281,-0.00201995,-0.000224386,-2.03982e-05,1.99942e-05,0.000183579,0.00100958,-3253.61,-216.159,-0.00269183
cop_0191,714,2259.516684,577.8084321,0.1186391193,knife-edge,8.50611,17.8557,-3848.66,-4156.71,-1118.1,-1149.97,-4837.9,-13803.6,-3299.59,-576.974,-1.94998e+06
cop_0191,715,253.9777965,614.719297,0.1193020264,smooth,5.41695,5.41695,-41.864,-0.543044,-0.00453527,-0.00437608,-0.372497,-12.0999,-4848.23,-104.06,-55.9614
cop_0191,716,992.5695728,724.7194092,0.1165176448,knife-edge,4.93868,10.4922,-1121.54,-1610.01,-244.39,-264.614,-2079.61,-7340.03,-4145.95,-116.027,-2.49672e+06
cop_0191,717,149.8062177,619.0809929,0.1135228911,smooth,9.49491,9.48464,-18.9534,-0.279325,-0.00231319,-0.00235192,-0.198037,-6.77342,-2234.36,-5.35233,-33.569
cop_0191,718,1102.582261,679.4908358,0.1158655437,knife-edge,8.50269,21.2893,-3924.45,-6077.73,-4848.07,-4229.61,-6762.51,-15847.5,-4559.51,-789.734,-6.06359e+06
cop_0191,719,1464.723157,470.0825096,0.1181204327,smooth,5.96489,5.96423,-1.33504,-0.0165825,-0.00012725,-0.000143751,-0.0113225,-0.342894,-4547.58,-341.395,-1.38284
cop_0191,720,2397.606317,574.6189467,0.1182358603,knife-edge,5.28318,5.28647,-2974.96,-2368.93,-109.924,-107.683,-2485.1,-10843.3,-4822.57,-794.884,-1.01439e+06
cop_0191,721,743.5078672,744.6837247,0.1199080811,knife-edge,6.88238,11.4862,-976.478,-1889.75,-1198.93,-1330.73,-2488.32,-6560.5,-5155.41,-690.006,-3.90382e+06
cop_0191,722,588.6845395,708.649089,0.1180825718,smooth,9.53628,9.53567,-12.5973,-0.15937,-0.0013092,-0.00130273,-0.109121,-3.48184,-3242.69,-486.629,-15.3982
cop_0191,723,14277.48402,840.7771752,0.1201406637,between,3.55598,3.72496,-11586.5,-1541.83,-15.0689,-14.6895,-1163.8,-18536.2,-3984.62,-371.039,-151484
cop_0191,724,1337.941945,684.2781307,0.1207251497,between,4.0955,4.2348,-2715.14,-1389.61,-33.9484,-33.4077,-1372.61,-7213.74,-3815.95,-265.882,-408021
cop_0191,725,2352.966768,672.5875963,0.120134443,knife-edge,6.05382,41.0241,-8920.49,-11741.9,-7122.84,-6393.53,-12326.6,-30222.4,-4122.22,-558.157,-4.93378e+06
cop_0191,726,899.9877451,556.2294464,0.1159299945,smooth,3.94916,3.94911,-2.90633,-0.0384985,-0.000320088,-0.000310326,-0.0262786,-0.828399,-4192.4,-159.002,-3.50536
cop_0191,727,1345.986932,739.3915488,0.1164690959,knife-edge,4.36545,18.728,-3008,-3718.04,-1370.46,-1340.89,-4425.31,-12512.9,-4844.15,-185.244,-3.0982e+06
cop_0191,728,1904.534738,549.4424136,0.1196485065,knife-edge,4.32604,8.96284,-2504.22,-2368.49,-327.531,-388.64,-3184.03,-10077.9,-3805.93,-421.38,-1.50326e+06
cop_0191,729,4222.000472,623.2670411,0.1170919719,smooth,6.81167,6.81167,-305.629,-6.62113,-0.0562371,-0.0573557,-4.91298,-178.126,-3686.45,-362.764,-945.441
cop_0191,730,3288.340677,794.2308261,0.1137980207,knife-edge,7.0558,12.7279,-7419.71,-6142.69,-513.525,-509.002,-6857.38,-24134.3,-4177.56,-267.645,-1.78803e+06
cop_0191,731,2867.440283,519.9021847,0.120712101,knife-edge,5.93041,5.97775,-3418.04,-2501.88,-123.156,-125.777,-2829.8,-11473,-5057.76,-931.58,-901110
cop_0191,732,428.7584863,657.6502586,0.118791373,knife-edge,7.84397,9.27476,-770.164,-1179.72,-307.631,-287.078,-1380.82,-4725.27,-4139.41,-75.4101,-4.06206e+06
cop_0191,733,2652.424837,684.6131088,0.1197718683,between,5.96507,5.96513,-2358.06,-1385.55,-35.1952,-35.3463,-1527.98,-8550.55,-3800.39,-315.892,-575491
cop_0191,734,3232.92632,780.0551174,0.1194660367,between,4.09449,4.98541,-4768.35,-2589.55,-64.5598,-63.6386,-2701.77,-14785.8,-3955.15,-436.128,-740752
cop_0191,735,1802.823094,567.9447148,0.1194217603,knife-edge,7.7879,32.6371,-5109.57,-7190.43,-4819.92,-5125.18,-8751.04,-20580.1,-3888.61,-247.165,-4.50077e+06
cop_0191,736,7611.536636,607.6159472,0.1192049083,between,5.96042,5.85463,-6396.16,-2047.62,-28.4898,-27.797,-1816.33,-15855.3,-3962.78,-528.651,-298251
cop_0191,737,2154.688324,518.1903731,0.1171062296,smooth,5.37256,5.37256,-275.276,-5.88632,-0.0508079,-0.0412071,-3.58927,-64.8117,-3794.05,-272.019,-8.34629
cop_0191,738,2234.66896,737.6132763,0.1217939516,smooth,6.16871,6.16854,-0.185227,-0.00226323,-1.17876e-05,-2.62107e-05,-0.00164868,-0.0486831,-2738.52,-67.4567,-0.195727
cop_0191,739,1063.802177,534.3300369,0.1230816736,knife-edge,7.03076,26.0825,-2588.34,-3969.94,-2269.01,-2356.23,-4978.67,-13022.3,-3693.05,-698.505,-4.57035e+06
cop_0191,740,1718.814555,682.3321901,0.1184020339,knife-edge,4.43826,28.8552,-5003.1,-5442.7,-1500.88,-1392.03,-5957.96,-17403.9,-3681.87,-398.449,-3.12722e+06
cop_0191,741,535.7890651,716.0507172,0.1167908045,between,5.87026,5.33516,-205.418,-361.409,-17.7769,-19.8942,-659.371,-3654.01,-3664.64,-241.016,-2.28291e+06
cop_0191,742,768.9578131,571.6119796,0.1151938135,smooth,5.86851,5.86849,-2.97762,-0.037595,-0.000320373,-0.000289512,-0.0251794,-0.7762,-3837.79,-174.862,-3.17787
cop_0191,743,446.8696578,402.4317017,0.1188870206,smooth,5.14601,5.1482,-7.33364,-0.092601,-0.000766928,-0.000742664,-0.0627106,-1.95198,-3436.02,-107.303,-8.19123
cop_0191,744,3479.527634,674.4171113,0.1187970997,knife-edge,8.96122,27.8123,-5265.67,-5577.04,-1459.93,-1626.42,-6970.23,-19481.4,-4497.39,-1040.19,-1.78218e+06
cop_0191,745,2633.467621,489.5383877,0.1174823129,knife-edge,5.39624,24.6343,-4732.32,-5741.35,-2228.09,-2458.4,-6392.65,-17192.4,-4295.58,-817.857,-2.36128e+06
cop_0191,746,2157.309668,679.7619587,0.1209855353,smooth,5.34627,5.34635,-1.67557,-0.752788,-0.0117234,-0.00437913,-0.822647,-72.7551,-4072.84,-974.478,-906.793
cop_0191,747,1655.745244,405.3544508,0.1180126223,smooth,12.1173,12.1172,-1.03644,-0.0138787,-0.000122678,-0.000103364,-0.00934527,-0.296362,-2262.21,-111.184,-1.24918
cop_0191,748,3725.543888,532.7313342,0.1188479558,between,4.98761,5.0394,-3207.06,-1543.53,-30.2858,-29.9767,-1530.41,-9971.12,-3795.56,-375.482,-457023
cop_0191,749,526.443635,344.7829764,0.1196815231,smooth,12.7377,12.7506,-8.91158,-0.115715,-0.000967569,-0.000925173,-0.0788314,-2.49952,-2534.05,-139.387,-10.8108
cop_0191,750,5621.076142,794.0578705,0.1178712237,knife-edge,7.05992,47.6492,-13724.6,-13816.4,-3111.33,-2846.12,-14676,-43210.6,-4018.71,-646.424,-2.54778e+06
cop_0191,751,585.4863026,821.4765739,0.1175856775,smooth,5.05375,5.05375,-698.176,-43.5954,-0.0414584,-0.0117486,-11.5978,-3134.75,-3742.81,-213.552,-1.54039e+06
cop_0191,752,11465.1316,758.2803281,0.1162748956,knife-edge,4.79753,40.9816,-16914,-15239.2,-2147.95,-2028.36,-16112.8,-50443.5,-4563.29,-770.354,-1.51556e+06
cop_0191,753,1457116.015,481.1624152,0.1157113341,smooth,10.1187,10.1187,-0.00175529,-0.000194974,-1.77243e-05,1.73732e-05,0.000159513,0.000877203,-2620.33,-143.599,-0.000802226
cop_0191,754,8288.123181,692.7398324,0.1163128352,smooth,7.11062,7.11067,-0.0538964,-0.000854528,-2.40845e-05,1.31902e-05,-0.0002667,-0.0122964,-4113.07,-305.376,-0.0504678
cop_0191,755,1071.361762,324.9630866,0.1196490035,smooth,8.00188,8.00281,-3.22845,-0.0431666,-0.000363548,-0.000343672,-0.0294756,-0.936846,-3584.74,-323.81,-4.00666
cop_0191,756,6932.397993,780.7093573,0.1201459732,knife-edge,6.37455,124.126,-25396.2,-32495.4,-20230.1,-18869.3,-35792.6,-84716.8,-3911.16,-755.85,-4.92149e+06
cop_0191,757,776.5949539,635.0417086,0.11753636,knife-edge,5.63024,5.90607,-934.9,-1343.94,-163.799,-139.296,-1389,-5581.08,-4006.17,-532.846,-2.52558e+06
cop_0191,758,421787.8729,617.3761266,0.1157435255,between,13.2321,13.2321,-41356.4,-728.094,-6.0443,-5.80855,-489.344,-14479.3,-3988.86,-706.275,-19311.6
cop_0191,759,1734.140388,628.7435793,0.1173584674,knife-edge,5.07899,13.4463,-4389.41,-4391.57,-671.915,-637.058,-4744.05,-15423.9,-3843.84,-355.356,-2.35363e+06
cop_0191,760,550951.3089,587.6167018,0.1199593133,smooth,5.64388,5.64388,-0.00238825,-0.000264636,-2.40503e-05,2.35726e-05,0.000216385,0.00118862,-4165.64,-291.745,0.00106766
cop_0191,761,3432.491766,284.216448,0.1250184342,smooth,11.3404,11.3412,-0.447695,-0.00579745,-4.86979e-05,-4.57065e-05,-0.00391292,-0.121083,-3144.83,-186.191,-0.493883
cop_0191,762,1982.699446,667.3767311,0.1182379592,knife-edge,6.47095,41.7609,-6644.25,-7831.85,-3224.13,-3306.82,-9151.63,-24135.2,-3308.96,-477.431,-4.00984e+06
cop_0191,763,2491.106565,606.0663746,0.1192169453,knife-edge,4.73894,42.5827,-7003.87,-9839.64,-6978.91,-6079.37,-10969.5,-26001.8,-5105.37,-966.823,-4.20776e+06
cop_0191,764,4760.264747,804.5062974,0.117355508,knife-edge,4.29594,20.7928,-8590.49,-7738.13,-946.237,-859.23,-8140.75,-26867.8,-4069.16,-540.943,-1.6228e+06
cop_0191,765,1466.474502,770.3230889,0.1177297116,knife-edge,7.32556,31.205,-5013.79,-6512.42,-3655.06,-3555.59,-7516.82,-18880.2,-3913.92,-271.083,-4.68077e+06
cop_0191,766,1740.519572,553.6484378,0.1185233416,smooth,10.5894,10.5894,-0.806028,-0.0101717,-7.65537e-05,-9.03454e-05,-0.0070037,-0.213477,-3279.37,-359.614,-0.869228
cop_0191,767,895.9915944,799.262494,0.1178202012,between,4.014,4.014,-624.358,-525.218,-13.8034,-13.7166,-589.386,-3809.21,-4002.37,-281.364,-994560
cop_0191,768,575200.8003,412.3399488,0.1184953677,smooth,7.02143,7.02143,-0.0026309,-0.000291679,-2.65096e-05,2.59834e-05,0.000238527,0.00131057,-3554.13,-174.705,0.00111366
cop_0191,769,3050.310446,519.7448568,0.1203668709,smooth,11.7776,11.7775,-0.708145,-0.00908841,-6.93045e-05,-7.99324e-05,-0.00626222,-0.192106,-3399.01,-379.666,-0.784319
cop_0191,770,115.0064107,712.1906055,0.1151755316,smooth,8.69475,8.70077,-22.6781,-0.284215,-0.00236022,-0.00228827,-0.193777,-6.18558,-1610.85,-0.538253,-27.6113
cop_0191,771,1060.20812,873.1215356,0.1212096049,knife-edge,5.73091,19.9151,-2414.31,-3387.12,-1978.27,-2084.23,-4207.1,-10586.2,-3763.17,-282.961,-3.87084e+06
cop_0191,772,49.99848152,329.1193239,0.1182807663,knife-edge,31.5069,31.5115,-2232.78,-3008.38,-2709.83,-2780.01,-3719,-8482.98,-1413.76,-8688.54,-7.06092e+07
cop_0191,773,303.3718549,290.5395458,0.119773249,knife-edge,5.61378,9.85838,-439.789,-948.557,-485.897,-385.503,-757.605,-4256.21,-3603.26,-192.962,-7.33864e+06
cop_0191,774,2846.766813,586.8656946,0.1219321145,smooth,7.29925,7.29894,-0.528179,-0.00636425,-3.25514e-05,-7.42478e-05,-0.00463489,-0.136148,-3773.74,-771.531,-0.544396
cop_0191,775,1432.708639,669.4689796,0.11835821,knife-edge,9.07645,17.3461,-3182.86,-3942.52,-1610.11,-1391.36,-4210.73,-11907.5,-4858.81,-521.805,-2.88422e+06
cop_0191,776,308717.7635,611.9796497,0.1198031823,smooth,6.50391,6.50391,-0.00151218,-0.000166269,-1.50973e-05,1.47948e-05,0.000135713,0.000742796,-3653.58,-158.123,0.00102462
cop_0191,777,302.1829437,551.1419783,0.1206814185,smooth,14.9617,15.0233,-25.4129,-0.258032,-0.00212559,-0.00198385,-0.167759,-5.16127,-2581.25,-119.501,-28.5396
cop_0191,778,1419.790309,540.310647,0.1135180558,knife-edge,7.61038,17.7877,-2663.45,-3386.36,-1398,-1599.51,-4347.26,-11659.1,-3719.77,-365.369,-2.84074e+06
cop_0191,779,27540.86186,466.1795386,0.1203391631,between,9.00236,9.00259,-16271.1,-1564.96,-14.3598,-14.0044,-1138.04,-21725,-3868.67,-575.756,-127370
cop_0191,780,407.4721605,351.7805704,0.1124265143,knife-edge,14.2578,17.4255,-2385.16,-3734.63,-2821.79,-2525.02,-4202.51,-9465.94,-3145.44,-480.529,-8.2425e+06
cop_0191,781,627.7465314,421.2337851,0.1235166058,smooth,8.03177,8.03092,-4.06205,-0.0521195,-0.000433869,-0.000416718,-0.0353561,-1.1057,-2721.73,-128.232,-4.65567
cop_0191,782,1711.996787,325.9578988,0.1235058042,knife-edge,5.52737,36.5273,-5313.2,-7623.81,-4840,-5735.23,-10219.6,-24112.2,-4126.47,-782.269,-5.15001e+06
cop_0191,783,15906.44831,479.87898,0.1140377652,knife-edge,7.67733,13.5426,-28916,-16432.3,-474.026,-451.321,-15120.4,-72196.5,-4355.24,-310.649,-1.26316e+06
cop_0191,784,112.7764199,587.9216285,0.1127170996,knife-edge,16.0604,10.5579,-213.639,-551.442,-372.577,-467.672,-905.992,-2941.77,-2993.31,-546.771,-1.48295e+07
cop_0191,785,5112.483395,438.8564399,0.1172998352,knife-edge,8.26182,61.6846,-11598.3,-14577.5,-8027.48,-8448.55,-17715.3,-43162.8,-3798.71,-703.808,-3.18507e+06
cop_0191,786,499.4563554,529.7399982,0.117988593,smooth,13.8083,13.8089,-4.21718,-0.0529905,-0.000416322,-0.000450164,-0.0361834,-1.11137,-2465.37,-74.2242,-4.58925
cop_0191,787,811.0680387,560.9378456,0.1179448859,knife-edge,4.23495,28.869,-2474.12,-4228.11,-3268.14,-4335.17,-6381.36,-14109.2,-3749.07,-428.585,-7.09241e+06
cop_0191,788,5381.813328,842.3642229,0.1160428185,smooth,5.51518,5.5144,-0.0868913,-0.00144712,-4.6319e-05,2.88461e-05,-0.000351141,-0.0190895,-3682.18,-312.739,-0.0794687
cop_0191,789,1748.769579,736.5429758,0.118005771,knife-edge,6.6354,13.7537,-2176.91,-2395.96,-411.553,-421.692,-2766.75,-9124.1,-4221.6,-320.522,-1.65053e+06
cop_0191,790,2202.335855,330.8970194,0.1165694107,smooth,9.98511,9.98821,-1.18043,-0.0154662,-0.000123226,-0.000130529,-0.010618,-0.330644,-4226.63,-625.409,-1.37515
cop_0191,791,3630.84787,452.044487,0.1160466938,between,10.4588,10.4588,-1987.02,-558.403,-6.80777,-6.69709,-509.959,-6414.97,-4303.62,-350.669,-198340
cop_0191,792,674595.9304,551.0502685,0.1172196429,smooth,7.16232,7.16232,-0.00162868,-0.000180319,-1.6386e-05,1.60602e-05,0.000147414,0.00080944,-4630.03,-1316.71,0.000527163
cop_0191,793,22435.17775,758.69737,0.1177926292,knife-edge,10.0149,10.0149,-22464.2,-7534.76,-108.575,-105.303,-6452.44,-50847,-3837.31,-319.935,-549028
cop_0191,794,421.2073532,777.4108783,0.1170585698,smooth,5.33858,5.34143,-11.3102,-0.148475,-0.00124776,-0.00118458,-0.10142,-3.24226,-3805.64,-127.479,-14.204
cop_0191,795,560.4078095,764.1002407,0.1169956774,smooth,8.76174,8.76174,-2.86581,-0.0373262,-0.00031026,-0.000299354,-0.0253522,-0.791291,-3139.59,-57.6156,-3.30276
cop_0191,796,1398.126458,814.6710413,0.117025031,knife-edge,4.13011,19.312,-2613.73,-3548.27,-1623.18,-2078.88,-4869.2,-12704.9,-4400.48,-300.59,-3.19762e+06
cop_0191,797,16225.80585,543.0662732,0.1228845315,knife-edge,7.93193,117.635,-29738,-31913.4,-10687.8,-9617.65,-34507.4,-94115.6,-4293.49,-1415.44,-2.28e+06
cop_0191,798,4451.335209,624.9551042,0.1222978145,smooth,10.3967,10.396,-0.476279,-0.00548195,-2.62359e-06,-9.38017e-05,-0.00444987,-0.124839,-2669.72,-556.054,-0.494102
cop_0191,799,6244.760581,567.2075277,0.1173038708,knife-edge,5.5341,14.3267,-8308.57,-6296.59,-375.286,-356.534,-6366.6,-24328.5,-4285.49,-597.558,-1.09133e+06
cop_0191,800,3662.791774,654.1592044,0.1179223208,knife-edge,8.01227,46.024,-8549.42,-10090.4,-4706.54,-5013.36,-12192.1,-30589.4,-4071.88,-351.742,-2.98727e+06
cop_0191,801,1990.094699,634.1200449,0.1177744421,knife-edge,4.5837,4.99534,-1898.05,-2131.64,-167.961,-141.663,-2002.33,-8436.48,-4510.88,-635.675,-1.36634e+06
cop_0191,802,2038.690561,536.5024116,0.1178025985,knife-edge,16.034,43.7725,-8991.39,-11301.2,-6853.5,-7359.16,-13937.6,-32792.3,-4481.85,-2458.63,-5.71185e+06
cop_0191,803,2538.170558,637.0696539,0.1156531081,smooth,5.77655,5.7769,-0.281852,-0.00372328,-4.80814e-05,-9.37293e-06,-0.00219146,-0.0711302,-3552.06,-184.118,-0.288101
cop_0191,804,944.1157425,646.561979,0.1160067471,knife-edge,5.88566,17.7746,-2688.21,-4115.93,-3105.41,-2696.58,-4751.99,-11567.3,-4165.1,-420.241,-5.16258e+06
cop_0191,805,1194.951863,666.786626,0.117394786,knife-edge,5.34942,5.42513,-1413.33,-1348.36,-123.608,-135.321,-1788.75,-6359.26,-4267.35,-259.641,-1.08032e+06
cop_0191,806,477.519757,276.5964348,0.1196923152,smooth,9.99905,9.99905,-10.4608,-0.149453,-0.00126,-0.00121934,-0.104534,-3.51114,-4059.07,-142.928,-16.6862
cop_0191,807,64751.6175,817.4481892,0.120315334,smooth,6.50088,6.50089,-0.00581176,-0.000545374,-4.85405e-05,4.73776e-05,0.000427509,0.00214271,-3397.41,-607.184,0.00359213
cop_0191,808,1638.956174,738.852312,0.1179177535,knife-edge,5.82593,29.4595,-4898.49,-7216.36,-4876.27,-4359.02,-8334.61,-20614.8,-4678.67,-1046.98,-4.79593e+06
cop_0191,809,986.1203257,664.479649,0.1182679926,smooth,5.53457,5.53443,-26.5619,-0.521539,-0.0110029,0.00426489,-0.17658,-1.19291,-4251.21,-230.44,-212.519
cop_0191,810,2275.552958,781.7063829,0.1169445981,knife-edge,3.99306,20.8471,-4832.13,-5213,-1286.59,-1282.68,-6320.88,-18554,-3543.66,-224.937,-2.42387e+06
cop_0191,811,1923.671994,428.8404477,0.120182213,knife-edge,6.41045,7.83833,-1603.42,-1853.58,-195.874,-187.892,-1965.13,-7547.5,-3836.56,-1110.2,-1.21444e+06
cop_0191,812,1245.852554,800.1538903,0.1191638573,between,4.14298,4.1428,-278.79,-118.641,-1.61246,-1.67027,-158.361,-2874.62,-4307.28,-225.32,-218223
cop_0191,813,1487.747713,675.4939895,0.1173424016,smooth,9.65334,9.65292,-1.62384,-0.0220023,-0.000187739,-0.000172835,-0.0150206,-0.480222,-3681.14,-295.034,-2.0628
cop_0191,814,880.0433406,298.2769425,0.1210688007,knife-edge,8.26605,8.26619,-1206.88,-1515.4,-343.5,-326.54,-1737.37,-5733.75,-3727.58,-485.806,-2.14191e+06
cop_0191,815,364.81969,641.2726996,0.1189474619,knife-edge,5.13532,8.92669,-411.272,-1118.03,-542.927,-758.068,-1704.21,-4885.68,-3865.59,-136.082,-5.81669e+06
cop_0191,816,187.3390286,407.7550507,0.119741043,smooth,5.43879,5.4389,-28.4197,-0.357496,-0.00296655,-0.00287723,-0.243512,-7.77701,-3053.16,-22.5427,-35.042
cop_0191,817,781.1815892,653.9089271,0.1156259062,smooth,5.5965,5.59588,-2.24208,-0.028301,-0.000235121,-0.000224972,-0.0190567,-0.584993,-4980.86,-113.609,-2.38566
cop_0191,818,4046.636253,695.2681912,0.1151792255,knife-edge,7.57178,7.599,-6812.91,-4357.75,-158.717,-152.372,-4169.36,-18497.8,-4467.73,-587.725,-923230
cop_0191,819,678.2350731,394.142479,0.115826031,smooth,7.85872,7.85885,-5.14467,-0.0697225,-0.000582338,-0.000562382,-0.0478132,-1.52181,-3524.47,-146.142,-6.50194
cop_0191,820,409662.245,574.4982829,0.1176207203,smooth,7.35745,7.35745,-0.00388937,-0.000429855,-3.9054e-05,3.8276e-05,0.000351272,0.00192724,-4060.63,-501.986,0.00227421
cop_0191,821,26299.04135,514.369916,0.1157857169,smooth,4.88102,4.88104,-0.00697166,-0.000485301,-4.11248e-05,3.97294e-05,0.000343174,0.00128669,-3900.62,-176.685,0.00114912
cop_0191,822,759.293657,634.6963206,0.1207036282,smooth,5.96486,5.96759,-3.73376,-0.0473829,-0.000400362,-0.000370247,-0.0319061,-0.991185,-3559.27,-233.189,-4.12381
cop_0191,823,5797.220347,694.0927975,0.1237959567,knife-edge,13.5111,128.547,-23957.9,-28956.6,-15593.2,-16620.6,-33552.7,-80238.5,-3118.41,-782.037,-5.27811e+06
cop_0191,824,2360.356728,490.5818817,0.1167423622,smooth,8.51098,8.51098,-162.856,-9.0665,-0.0683061,-0.109727,-8.57228,-403.2,-4013.93,-865.15,-3575.7
cop_0191,825,468995.6888,622.5917008,0.1178028563,smooth,5.16399,5.16399,-0.00124991,-0.000138069,-1.25434e-05,1.22933e-05,0.000112815,0.000618803,-3759.7,-172.435,0.000657041
cop_0191,826,527.5471047,764.4794904,0.1185486653,knife-edge,7.0337,12.9114,-1071.44,-1487.62,-471.719,-454.394,-1896.4,-5861.06,-3752.15,-525.751,-3.69454e+06
cop_0191,827,2574.941403,617.9673363,0.1155381784,knife-edge,4.17906,26.2855,-5083.36,-5892.26,-1989.27,-1842.38,-6576.35,-18672.9,-3996.09,-212.979,-2.46663e+06
cop_0191,828,1902.366021,603.2548393,0.1195288362,knife-edge,8.44674,8.40997,-2410.87,-2282.56,-178.506,-173.761,-2493.85,-9577,-3435.34,-580.88,-1.34536e+06
cop_0191,829,1019.295805,476.2098474,0.121126324,knife-edge,6.77936,6.77936,-1152.41,-1176.97,-101.835,-108.699,-1498.53,-5761.07,-4554.74,-326.607,-1.61193e+06
cop_0191,830,378.4210968,719.3096772,0.1158224987,knife-edge,4.44452,6.93502,-624.419,-1266.43,-766.509,-559.833,-1345.64,-4232.02,-4128.44,-315.027,-5.478e+06
cop_0191,831,2762.054293,688.481858,0.1173149856,knife-edge,5.10819,13.5273,-4542.23,-4116.53,-441.343,-433.042,-4589.51,-15693.8,-4245.06,-295.283,-1.52734e+06
cop_0191,832,1385.890113,597.8359771,0.1227066031,between,3.90476,3.90438,-757.104,-751.181,-28.8009,-29.2574,-847.346,-4410.19,-4355.2,-657.581,-978136
cop_0191,833,217.4971554,542.8138963,0.117144144,smooth,5.81503,5.81546,-25.962,-0.371699,-0.0031387,-0.00305191,-0.262105,-9.08062,-3820.42,-36.5873,-47.5416
cop_0191,834,851.6947369,698.2034974,0.1167599069,smooth,4.72245,4.7262,-51.3769,-4.62448,-0.0575236,-0.0400944,-4.96421,-350.112,-5136.19,-393.296,-7389.76
cop_0191,835,4093.354525,667.598319,0.1155991764,between,9.97595,9.97661,-2970.09,-704.324,-8.09613,-8.05279,-600.093,-7323.75,-4020.26,-910.214,-135163
cop_0191,836,2739.806909,629.7855024,0.1182305945,between,7.3998,7.27054,-3617.77,-1871.96,-37.7236,-36.8189,-1723.16,-10951.8,-3828.38,-321.58,-577151
cop_0191,837,2209.3943,606.5246909,0.1191733042,knife-edge,7.03574,55.3899,-8466.31,-12379.8,-9673.2,-9257.59,-14416.1,-31970.7,-4595.19,-934.863,-6.00966e+06
cop_0191,838,476.9662647,800.11754,0.1162637531,knife-edge,5.61319,15.3518,-1881.01,-3017.06,-2173.44,-2077.46,-3516.23,-8733.05,-4170.91,-487.088,-7.70467e+06
cop_0191,839,1945.453713,484.5124959,0.118092477,knife-edge,6.01527,20.0224,-3125.22,-3623.85,-1033.26,-1145.87,-4477.81,-12892.5,-3322.36,-357.876,-2.13077e+06
cop_0191,840,265961.8647,594.7485087,0.1183129943,smooth,8.65448,8.65448,-0.00297687,-0.000328635,-2.98539e-05,2.92585e-05,0.000268487,0.00147227,-3334.4,-143.288,0.00215771
cop_0191,841,1635.458038,470.636915,0.120946052,between,8.10116,8.05966,-1334.96,-756.109,-15.0492,-14.8363,-780.248,-5549.37,-4309.07,-500.553,-619877
cop_0191,842,1667.057718,503.1738098,0.1151764872,between,6.50544,6.58961,-1382.89,-594.719,-9.97034,-9.78196,-623.597,-5128.72,-4806.99,-185.851,-338779
cop_0191,843,122.1763808,459.1694434,0.117117159,smooth,12.9737,12.983,-69.6905,-0.78886,-0.00657954,-0.00631961,-0.53887,-18.0861,-2964.27,-3.25779,-103.696
cop_0191,844,6231.873546,751.5771478,0.1172829319,smooth,7.67263,7.67353,-8.11394,-0.145632,-0.00387025,0.00193475,-0.0526349,-2.42523,-4147.59,-365.095,-10.8255
cop_0191,845,956.3996493,494.0893968,0.1160863284,knife-edge,5.18113,8.46763,-1023.11,-1714.09,-578.16,-498.81,-2105.16,-6700.48,-5287.83,-425.257,-2.49771e+06
cop_0191,846,3094.164564,589.1386801,0.1179331799,knife-edge,7.50182,77.4899,-16185.2,-16787.1,-4907.3,-4923.94,-19045.2,-52339.4,-2474.09,-748.098,-5.02708e+06
cop_0191,847,3987.673277,584.6940821,0.1174395887,knife-edge,6.26326,56.9129,-10736,-14655.3,-9783.52,-10472.5,-18206.5,-41819,-4382.35,-588.658,-4.1491e+06
cop_0191,848,739.4012197,527.4760274,0.1189026718,smooth,8.37468,8.36931,-3.29654,-0.0432067,-0.000378619,-0.000323812,-0.0290095,-0.911616,-2863.74,-122.029,-3.81511
cop_0191,849,814.8063308,870.2589071,0.1194437467,smooth,4.64648,4.64648,-3.83659,-0.0507168,-0.000447169,-0.000377451,-0.034045,-1.07196,-3895.9,-154.09,-4.4853
cop_0191,850,1804.619441,712.6998983,0.1157341067,between,14.6183,14.6183,-2217.49,-1407.01,-40.6043,-40.8153,-1554.81,-8230.08,-4376.68,-530.302,-783391
cop_0191,851,822.3051703,651.2836414,0.117111544,knife-edge,3.87009,9.45796,-1147.39,-1679.53,-622.357,-701.269,-2410.17,-7087.36,-4827.53,-304.687,-3.04053e+06
cop_0191,852,7379.246748,709.0663684,0.120690434,smooth,5.91209,5.90775,-1723.51,-83.8011,-0.754748,-0.73111,-64.2135,-2009.28,-4846.97,-1125.37,-11868.3
cop_0191,853,5105.905317,602.5614452,0.1186164929,smooth,6.9222,6.92172,-0.101861,-0.00144444,-2.80761e-05,7.45196e-06,-0.000678782,-0.0246154,-3561.4,-207.11,-0.0998314
cop_0191,854,10554.82124,613.6163964,0.1182599118,between,6.17992,6.26025,-3500.02,-201.665,-1.76958,-1.70106,-143.416,-3663.04,-4459.33,-593.72,-22765
cop_0191,855,20130.3697,583.1562537,0.1186668101,knife-edge,4.417,15.0318,-29364.9,-16274.6,-469.314,-450.366,-15096.2,-71432.5,-3751.16,-795.177,-1.08212e+06
cop_0191,856,123.8340078,757.591428,0.1122026351,between,15.6266,15.6678,-70.8437,-113.753,-3.6741,-4.3015,-258.28,-2012.34,-1357.86,-147.116,-6.35353e+06
cop_0191,857,1065.712882,730.2761801,0.1193904013,knife-edge,4.51894,21.4887,-3154.61,-4692,-3169.51,-3094.2,-5772.04,-14220.2,-4596.43,-294.223,-5.24829e+06
cop_0191,858,989.3076455,638.3819511,0.1180620047,smooth,4.80963,4.80924,-0.973601,-0.0127539,-0.000117339,-8.87486e-05,-0.00843948,-0.264956,-3355.69,-65.8167,-1.09626
cop_0191,859,13459.8072,705.8444487,0.1230318824,knife-edge,4.6555,140.945,-34155.2,-35899.1,-10911.4,-10061.5,-38423.4,-105820,-4690.74,-903.806,-2.96175e+06
cop_0191,860,5744.47032,570.2246794,0.1175958521,smooth,5.80998,5.81004,-0.0497583,-0.00150558,-9.50913e-05,8.50936e-05,0.000479392,-0.00577186,-3891.51,-138.983,-0.0317815
cop_0191,861,679.6747571,718.4295333,0.118121925,smooth,5.18393,5.1841,-5.00081,-0.0636278,-0.000531464,-0.000504052,-0.0429216,-1.32723,-3954.55,-178.384,-5.47599
cop_0191,862,2787.931919,616.0582161,0.1170436718,between,4.65986,5.59195,-2516.03,-1841.67,-80.3198,-82.4988,-2345.57,-10272.2,-5016.14,-715.392,-789215
cop_0191,863,461.4080136,519.5475699,0.1176211315,knife-edge,11.8467,20.3614,-343.595,-1089.78,-558.292,-538.804,-1438.95,-4603.99,-4303.49,-374.063,-4.58292e+06
cop_0191,864,136.9165823,658.1330168,0.1160689142,smooth,16.9562,16.988,-35.9687,-0.62641,-0.00555755,-0.00540636,-0.488341,-26.2363,-3070.11,-6.26183,-1040.21
cop_0191,865,2300.418066,752.1501637,0.114383526,knife-edge,5.57495,5.60763,-3301.3,-2400.82,-101.633,-98.8126,-2544.6,-11244.2,-4423.51,-252.508,-959925
cop_0191,866,11644.92673,372.2162242,0.1166324741,smooth,5.19053,5.19143,-0.0306426,-0.000479325,-1.3072e-05,6.88571e-06,-0.000157406,-0.00702244,-4065.15,-312.866,-0.0285355
cop_0191,867,658.4295594,601.6920815,0.1198342846,knife-edge,12.3195,12.394,-1345.34,-2016.99,-730.24,-716.734,-2400.29,-7344.62,-2814.16,-83.071,-4.11472e+06
cop_0191,868,340798.3244,445.4892539,0.1185725056,smooth,6.90476,6.90476,-0.0026457,-0.000291173,-2.64414e-05,2.59122e-05,0.000237713,0.00130164,-4111.44,-502.825,0.00171311
cop_0191,869,8386.422058,589.3577803,0.1143713259,knife-edge,5.41548,31.2024,-21586.1,-16895.7,-1298.69,-1196.29,-16251.3,-57580.1,-2886.32,-446.427,-2.00755e+06
cop_0191,870,6747.400018,741.4726606,0.1195058379,between,5.29257,5.27098,-5096.03,-1367.55,-17.6114,-17.273,-1227.86,-12339.1,-4136.59,-469.795,-233377
cop_0191,871,1494.132852,654.6274231,0.1185406507,knife-edge,5.08591,13.9105,-2250,-3062.84,-1354.14,-1225.25,-3332.36,-9434.45,-4751.43,-509.683,-2.44819e+06
cop_0191,872,1469.764267,293.5545924,0.1212065356,knife-edge,6.68932,25.6934,-3456.65,-3748.62,-773.419,-741.962,-3986.08,-12521.3,-3614.45,-229.126,-2.49017e+06
cop_0191,873,1395.93162,515.5868891,0.1224184352,knife-edge,4.07797,39.8857,-6243.22,-9326.72,-7479.78,-7885.35,-11617.9,-25367.8,-4475.98,-438.367,-7.54094e+06
cop_0191,874,443.3153281,639.6914338,0.1158967541,smooth,4.20339,4.2017,-16.3579,-0.214004,-0.00180268,-0.00169767,-0.145711,-4.62665,-4316.43,-211.042,-20.0219
cop_0191,875,887.7619636,680.2782519,0.1126330122,knife-edge,5.7491,26.3191,-2513.29,-4026.74,-2552.91,-2088.32,-4463.31,-12001.9,-3545.25,-602.696,-5.50065e+06
cop_0191,876,3028.583155,811.6565624,0.1170943432,smooth,6.54371,6.56355,-335.624,-13.7463,-0.149445,-0.0968406,-10.8622,-460.812,-4434.63,-635.547,-3404.38
cop_0191,877,486.2172511,854.3139634,0.1178608538,knife-edge,7.62172,22.4906,-2034.53,-3200.67,-2246.97,-2174.71,-3873.02,-9580.6,-3065.26,-376.897,-7.98735e+06
cop_0191,878,1403.824415,763.5158902,0.1230144055,knife-edge,5.86796,15.5751,-2799.11,-3762.41,-1800.91,-1620.41,-4162.01,-11318,-4152.04,-545.17,-3.01749e+06
cop_0191,879,531.2167039,577.4419974,0.1191324386,smooth,6.85519,6.85478,-5.78472,-0.0743574,-0.000616139,-0.000597255,-0.0504392,-1.57094,-3894.48,-113.683,-6.5653
cop_0191,880,6751.859386,691.7203326,0.1186492389,knife-edge,7.09517,16.5533,-10162.2,-8141.44,-658.908,-627.431,-8504.82,-29817.5,-3894.66,-1055.22,-1.27338e+06
cop_0191,881,323.9068396,571.7386004,0.1199390163,smooth,5.32331,5.32208,-10.7828,-0.133874,-0.00111658,-0.0010598,-0.0901597,-2.79035,-3792.98,-60.1518,-11.6354
cop_0191,882,1092116.231,519.7642004,0.1175099822,smooth,6.9102,6.9102,-0.00102187,-0.000113285,-1.02959e-05,1.00915e-05,9.26396e-05,0.000508986,-3795.67,-353.002,-9.39138e-05
cop_0191,883,4018.077539,542.8236262,0.1192860054,smooth,10.6443,10.7118,-1050.04,-63.6599,-0.578849,-0.572633,-50.0332,-1525.15,-4215.42,-518.795,-11506.7
cop_0191,884,1587.80404,576.2036485,0.1157839898,smooth,5.95017,5.95073,-5.49668,-1.53789,-0.0307899,0.000499926,-1.42888,-120.604,-4184.03,-520.217,-1399.99
cop_0191,885,101595.563,612.3009153,0.1169615232,smooth,8.25018,8.25018,-0.00549082,-0.000593088,-5.37413e-05,5.2643e-05,0.000482089,0.00261624,-3594.87,-146.47,0.00463916
cop_0191,886,1459.586863,592.8081087,0.1150596437,knife-edge,18.0174,48.9738,-5146.61,-7094.77,-4721.93,-4783.8,-8553.71,-20182.1,-3505.01,-498.942,-5.31833e+06
cop_0191,887,5308.602532,799.9072605,0.1173914583,knife-edge,4.72244,50.0155,-11258.5,-12610.8,-5097.91,-4728.37,-13523.6,-35712.6,-4095.38,-1360.59,-2.48224e+06
cop_0191,888,898.3064985,736.3276821,0.1180021664,knife-edge,7.07615,24.4889,-3068.02,-3860.55,-1681.44,-1797.11,-4525.65,-12196,-3969.87,-931.034,-4.5853e+06
cop_0191,889,22190.52276,687.8735473,0.1161111045,smooth,5.33706,5.33784,-6.96459,-0.104434,-0.00179665,0.000247744,-0.0546036,-1.96316,-4455.04,-497.758,-7.99587
cop_0191,890,1500.503396,404.2979377,0.1197616407,knife-edge,9.89646,32.359,-6149.35,-8853.29,-6740.85,-6729.72,-10544,-23671,-3585.47,-616.776,-6.4666e+06
cop_0191,891,271.4877115,738.3028631,0.1160395688,knife-edge,6.8386,12.2361,-724.984,-1577.88,-1235.22,-1265.95,-2148.16,-5585.6,-3648.44,-332.477,-9.45684e+06
cop_0191,892,4260.897353,645.0167694,0.1183943379,smooth,7.24794,7.2464,-0.146935,-0.00211928,-4.40024e-05,1.42293e-05,-0.000945574,-0.0352961,-3584.96,-335.337,-0.143868
cop_0191,893,407.5149863,494.0258397,0.1135321107,knife-edge,8.8261,8.8261,-258.025,-868.027,-223.207,-288.082,-1399.89,-4958.68,-3675.72,-81.7876,-5.00048e+06
cop_0191,894,340.8408432,682.9725056,0.1142883051,smooth,14.5143,14.5131,-11.5698,-0.159778,-0.00134476,-0.00129133,-0.11059,-3.62253,-3337.37,-64.8954,-16.3406
cop_0191,895,3340.515576,439.1877019,0.1189775147,smooth,11.2752,11.2751,-0.213129,-0.00279316,-3.47989e-05,-8.50619e-06,-0.00166548,-0.0536165,-4086.51,-248.136,-0.216198
cop_0191,896,1444.079596,743.6845675,0.1178648545,knife-edge,5.77896,15.2459,-3568.42,-3654.49,-729.305,-715.114,-4187.27,-12855.2,-4578.09,-282.791,-2.55781e+06
cop_0191,897,3423.382385,237.6687738,0.1204854704,knife-edge,10.8843,34.2413,-6716.65,-7892.96,-3206.9,-3138.13,-8937.85,-23758.7,-4091.89,-775.454,-2.46872e+06
cop_0191,898,647.2565748,824.2332916,0.116167729,smooth,6.76542,6.76672,-3.10467,-0.0389122,-0.000317741,-0.000315436,-0.026272,-0.803824,-3305.12,-99.0376,-3.27473
cop_0191,899,1342.92371,537.6893025,0.1195898515,between,7.30969,7.43057,-505.498,-330.58,-6.45623,-6.7939,-461.964,-3933.3,-3163.58,-241.508,-544946
cop_0191,900,3398.505069,771.9427447,0.1175769527,knife-edge,3.74413,47.1387,-8878.54,-11652.9,-7537.78,-7328.63,-13763.1,-32336.2,-3978.39,-363.654,-3.74131e+06
cop_0191,901,32570.58312,592.9425869,0.1182912078,smooth,6.20286,6.20292,-0.0162421,-0.00143194,-0.000126321,0.000123071,0.00110218,0.0052884,-4278.12,-713.916,0.00852008
cop_0191,902,4321.365171,447.9247879,0.1175258938,smooth,7.4326,7.43274,-0.420211,-0.00549991,-5.57447e-05,-3.20489e-05,-0.0035324,-0.111354,-4699.07,-614.306,-0.452751
cop_0191,903,215.0404738,433.8144848,0.116493234,knife-edge,9.34672,11.0185,-1217.77,-2522.24,-2384.01,-2008.81,-2816.36,-6960.36,-2118.44,-1071.67,-1.68796e+07
cop_0191,904,3336.485384,557.8049564,0.1189128977,between,10.4167,10.4152,-1287.17,-197.168,-2.03365,-2.00984,-171.677,-3481.08,-4055.76,-391.419,-63481.6
cop_0191,905,1512730.565,620.2503999,0.1179045171,smooth,6.7974,6.7974,-0.000305802,-3.37944e-05,-3.07032e-06,3.00915e-06,2.76158e-05,0.000151506,-3634.65,-366.401,-0.00015633
cop_0191,906,996.6937653,625.5862253,0.121921024,smooth,9.29666,9.29665,-2.94815,-0.0389979,-0.000332931,-0.000303513,-0.0264119,-0.831271,-2974.78,-181.579,-3.49352
cop_0191,907,708.907628,770.2134593,0.1166687153,knife-edge,6.53852,21.6591,-2125.42,-3592.38,-2701.44,-2954.59,-4711.53,-11180.6,-3541.74,-358.704,-6.58638e+06
cop_0191,908,12547.32758,517.7359089,0.122859341,smooth,6.27287,6.27242,-325.026,-6.35805,-0.0550919,-0.0530134,-4.64001,-166.042,-4038.12,-1129.93,-811.878
cop_0191,909,1720.661411,701.3474973,0.1181314396,smooth,5.15878,5.15889,-0.815882,-0.0101189,-6.78784e-05,-9.9368e-05,-0.00709831,-0.213213,-3647.03,-216.64,-0.860965
cop_0191,910,118.8499112,607.1808729,0.1174119655,smooth,14.9939,15.0248,-79.8011,-0.879281,-0.00724436,-0.00695837,-0.586522,-18.2462,-3748.96,-2.64624,-82.3005
cop_0191,911,56072.73178,604.3309936,0.1195127036,smooth,5.759,5.75901,-0.00628248,-0.000474958,-4.08703e-05,3.9613e-05,0.000347058,0.00144575,-4000.34,-635.591,0.00177965
cop_0191,912,562391.0363,584.8178827,0.1186419197,smooth,7.55259,7.55259,-0.000907325,-9.9537e-05,-9.03563e-06,8.85414e-06,8.12019e-05,0.000443965,-3390.93,-324.27,0.00038892
cop_0191,913,102173.5295,472.3387879,0.1199764308,smooth,6.58914,6.58914,-0.00313045,-0.000315542,-2.83519e-05,2.77257e-05,0.000252163,0.00131995,-3146.3,-308.056,0.00225321
cop_0191,914,818.8399793,738.9418129,0.1190143722,smooth,4.47467,4.47532,-1.77097,-0.0223368,-0.000184821,-0.000178432,-0.0150534,-0.461895,-3539.07,-105.568,-1.88349
cop_0191,915,2345.831979,334.6293012,0.1237833922,knife-edge,11.3459,35.3764,-7246.56,-10347.1,-7564.75,-7097.62,-11537,-26596.9,-3372.21,-696.182,-4.71829e+06
cop_0191,916,7607.717136,607.4498261,0.1180693061,smooth,7.26651,7.26652,-0.0658246,-0.00104448,-2.91029e-05,1.57189e-05,-0.000332772,-0.0151947,-4149.17,-248.805,-0.062597
cop_0191,917,109405.7315,748.0557224,0.1187456771,smooth,5.25128,5.25127,-0.00100303,-8.4807e-05,-7.43438e-06,7.23372e-06,6.44311e-05,0.000299152,-4129.29,-314.15,0.000438903
cop_0191,918,10504.15006,797.3771153,0.1155889997,smooth,7.81225,7.81225,-0.0417225,-0.000825726,-3.53394e-05,2.69199e-05,-4.01716e-05,-0.00823961,-4802.31,-490.384,-0.0354609
cop_0191,919,117970.7533,776.0843637,0.1213552388,smooth,6.11233,6.11233,-0.00292289,-0.000306968,-2.77222e-05,2.71376e-05,0.000247844,0.00132625,-3428.21,-185.729,0.00227879
cop_0191,920,356240.2165,514.6875587,0.1188446956,smooth,5.53275,5.53275,-0.00626116,-0.000688433,-6.25098e-05,6.12575e-05,0.000561914,0.0030755,-4614.05,-1147.29,0.00395297
cop_0191,921,5415.968307,626.7568716,0.1184399007,between,4.24915,4.23402,-2206.77,-313.494,-3.12743,-3.04152,-251.312,-4673.61,-4392.84,-803.988,-62389.4
cop_0191,922,19838.36476,608.2045504,0.1182735531,knife-edge,6.44443,123.106,-42853.2,-37864,-5375.77,-5292.26,-41038,-125851,-3131.64,-257.615,-2.3477e+06
cop_0191,923,1226.165562,615.4169277,0.1174730008,knife-edge,7.75889,21.4536,-1821.73,-3003.84,-1600.45,-1630.94,-4273.46,-11484.3,-4382.07,-449.783,-3.47034e+06
cop_0191,924,1021.434816,859.0495017,0.1180096797,smooth,5.20321,5.20318,-1.22462,-0.0155889,-0.000137944,-0.000114047,-0.010347,-0.319685,-4395.94,-119.922,-1.30233
cop_0191,925,625.9720748,458.0803591,0.1177992315,knife-edge,7.04814,10.79,-317.08,-1385.7,-590.256,-484.009,-1605.88,-5204.4,-4257.12,-812.096,-3.60693e+06
cop_0191,926,428.0151025,733.3339451,0.1181050066,smooth,6.34388,6.34399,-8.98969,-0.127272,-0.00107273,-0.00103218,-0.0884762,-2.91719,-3708.73,-82.6461,-13.1991
cop_0191,927,6684.27926,551.0435638,0.1214968655,smooth,4.91426,4.91417,-0.107751,-0.00142813,-1.97191e-05,-2.07249e-06,-0.000815757,-0.0267386,-4082.67,-364.381,-0.106984
cop_0191,928,222886.4137,663.8584461,0.1199173484,smooth,6.18782,6.18782,-0.00566932,-0.000624883,-5.67554e-05,5.56215e-05,0.00051033,0.00279637,-4709,-392.974,0.00433521
cop_0191,929,2921.042038,567.2038894,0.1200222714,between,10.8831,10.8831,-1358.56,-241.864,-2.74076,-2.34568,-208.576,-3679.4,-4023.66,-829.971,-83335.7
cop_0191,930,1353.573295,628.344591,0.1183522169,knife-edge,5.9837,6.3285,-1558.58,-1943.13,-317.674,-261.245,-1870.75,-6834.37,-4765.17,-535.71,-1.78735e+06
cop_0191,931,469.6973022,739.474518,0.1187169902,smooth,7.65719,7.661,-8.93868,-0.111699,-0.000915192,-0.000906766,-0.075777,-2.35754,-4476.9,-184.604,-9.9271
cop_0191,932,6472.008949,528.3868284,0.1216018899,smooth,5.08943,5.08945,-1402.08,-70.8337,-0.644242,-0.614266,-54.4387,-1736.36,-4567.71,-1781.48,-11801.1
cop_0191,933,1542.418389,566.7608395,0.1192361507,smooth,5.76646,5.76664,-1.16191,-0.014781,-0.000109201,-0.000134027,-0.010241,-0.313244,-3813.5,-248.248,-1.28502
cop_0191,934,2718.83092,698.1524941,0.1161179375,knife-edge,5.15539,36.9277,-5781.35,-6315.2,-1902.86,-1896.78,-7715.65,-21563.6,-3825.81,-263.49,-2.45581e+06
cop_0191,935,2408.078703,662.3612127,0.1166137117,knife-edge,6.19934,22.2515,-3989.63,-4892.45,-2046.1,-2034.39,-6326.48,-16936.4,-4705.06,-825.069,-2.32945e+06
cop_0191,936,7927.347044,680.6195215,0.1169701122,smooth,5.74399,5.74386,-0.0524398,-0.00113185,-5.42301e-05,4.37063e-05,4.97686e-05,-0.00950765,-4686.31,-521.412,-0.0422888
cop_0191,937,49975.17944,665.792334,0.1185228578,smooth,9.01689,9.01689,-0.0205812,-0.00200367,-0.000179219,0.000175101,0.00158657,0.00813717,-3724.31,-394.502,0.0142273
cop_0191,938,195841.0217,514.0264413,0.119677701,smooth,6.55907,6.55907,-0.00307457,-0.000335441,-3.04308e-05,2.98158e-05,0.000273302,0.00149036,-3705.69,-186.565,0.00238167
cop_0191,939,144822.7394,476.8196302,0.1179296218,smooth,4.87775,4.87774,-0.00628541,-0.000683448,-6.19773e-05,6.07201e-05,0.000556408,0.00302931,-4098.02,-446.382,0.00513526
cop_0191,940,665.7741328,547.8664901,0.1140069605,smooth,7.81127,7.80944,-4.01627,-0.0513696,-0.000420934,-0.000417341,-0.0348646,-1.07981,-2982.1,-131.412,-4.4761
cop_0191,941,3029.286572,315.1498038,0.1185976294,between,4.42911,4.42895,-1546.86,-610.362,-9.23287,-8.89658,-590.537,-5424.4,-4125.55,-413.197,-272422
cop_0191,942,536.7685396,265.2430659,0.1204275308,smooth,6.32668,6.32498,-11.8369,-0.150155,-0.00124046,-0.00121002,-0.101914,-3.18546,-4085.14,-270.177,-13.4924
cop_0191,943,557.775136,532.6297298,0.117969731,knife-edge,7.00638,11.3986,-455.703,-1323.77,-403.95,-517.453,-2104.34,-6508.94,-3854.6,-295.029,-4.20111e+06
cop_0191,944,4062.946679,519.7735258,0.1190487461,knife-edge,7.7099,54.1797,-8402.64,-9654.58,-3986.29,-4425.92,-12061.6,-31093.3,-4538.04,-750.217,-2.64882e+06
cop_0191,945,2759.776629,661.8563407,0.1187992031,smooth,7.56781,7.56897,-921.359,-88.6025,-0.870178,-0.844663,-76.2836,-2205.83,-4398.96,-556.339,-27210.8
cop_0191,946,1552.335975,601.7912737,0.1200111369,smooth,8.04254,8.05079,-1.67501,-0.0214337,-0.000192617,-0.000153511,-0.0141868,-0.439893,-4208.21,-359.966,-1.79562
cop_0191,947,1467.503427,506.0706143,0.1204345617,smooth,6.47853,6.4782,-0.973568,-0.0124375,-0.000105096,-9.70318e-05,-0.00836115,-0.257937,-3205.91,-189.217,-1.05344
cop_0191,948,1506.764179,566.2778152,0.1174712622,knife-edge,6.04507,23.3389,-4204.12,-6078.28,-4084.4,-3871.89,-6979.73,-16952.6,-3879.35,-323.82,-4.4669e+06
cop_0191,949,1504.959716,832.7453768,0.1150084072,between,10.9272,10.9437,-1035.55,-397.643,-6.18842,-6.16343,-441.196,-4189.14,-4272.19,-241.095,-254504
cop_0191,950,869.8423202,413.7289932,0.1159164238,knife-edge,10.606,10.8571,-882.425,-1285.04,-277.091,-312.969,-1716.93,-5773.07,-3857.81,-260.716,-2.41965e+06
cop_0191,951,80685.43628,488.4694839,0.1154507812,smooth,6.26036,6.26045,-0.00244593,-0.000231353,-2.06141e-05,2.01247e-05,0.000181763,0.000915826,-3868.05,-330.887,0.00152565
cop_0191,952,1391.534818,441.4047424,0.1191767341,knife-edge,6.24256,15.6649,-2110.51,-3390.38,-2029.53,-2023.83,-4102.84,-10743,-4652.61,-417.661,-3.14784e+06
cop_0191,953,3163.856756,516.455754,0.1162643442,between,11.914,11.914,-4329.07,-1728.25,-28.539,-28.0969,-1623.12,-11956.1,-3499.86,-247.638,-403917
cop_0191,954,962.904322,632.5296704,0.1173990247,between,4.11369,4.10962,-958.322,-387.776,-1.00566,-0.208587,-233.794,-4922.13,-4085.33,-640.625,-2.17652e+06
cop_0191,955,1196.144491,429.5062741,0.1159851172,knife-edge,7.19447,7.37829,-982.383,-1286.46,-193.057,-225.416,-1858.78,-6447.78,-5184.17,-722.903,-1.77158e+06
cop_0191,956,1956.046424,695.92334,0.1187175395,smooth,5.60289,5.61228,-142.763,-22.4627,-0.240622,-0.241955,-24.2235,-1187.06,-4667.58,-563.93,-29892.8
cop_0191,957,560.5667781,421.5099012,0.1173048065,knife-edge,6.48581,12.2052,-914.078,-1812.25,-1117.9,-1156.91,-2137.33,-5821.28,-4470.29,-631.302,-4.81075e+06
cop_0191,958,2905.036237,783.168028,0.1180149502,knife-edge,5.48805,16.7976,-4569.3,-4545.88,-729.724,-666.53,-4667.58,-15105.2,-4336.83,-666.555,-1.56551e+06
cop_0191,959,7439.756332,917.5665,0.1155788524,between,5.50322,5.50217,-3034.94,-158.614,-1.39015,-1.33428,-113.203,-3014.32,-5343.27,-609.559,-18894.3
cop_0191,960,3145.491482,548.5522178,0.1204711583,between,8.13544,8.13544,-1835.53,-152.666,-1.42766,-1.41335,-122.309,-3178.18,-3639.81,-280.278,-27761.4
cop_0191,961,6402.65251,690.4069889,0.115937725,between,5.12528,4.78522,-4000.67,-469.83,-4.60006,-4.43849,-371.097,-7070.45,-4704.25,-676.724,-64985.1
cop_0191,962,1073.945974,658.5003365,0.1184057094,smooth,6.02179,6.02615,-2.42915,-0.0304151,-0.000245753,-0.000249674,-0.0205869,-0.629622,-3604.08,-404.724,-2.56522
cop_0191,963,2726.409052,719.1184763,0.1171989024,smooth,6.07747,6.07788,-0.52092,-0.00643325,-4.56258e-05,-6.01443e-05,-0.00445837,-0.133944,-3976.86,-468.478,-0.53708
cop_0191,964,2325129.035,531.3462725,0.1163741027,smooth,8.93392,8.93392,-0.00111622,-0.00012399,-1.12714e-05,1.10482e-05,0.00010144,0.000557846,-3751.49,-223.318,-0.00147929
cop_0191,965,458.4686894,316.1638817,0.1148174832,knife-edge,7.32197,27.7701,-1547.88,-2561.24,-1365.45,-1469.61,-3289.28,-8954.41,-3004.99,-149.536,-7.47121e+06
cop_0191,966,433.1407382,499.0903785,0.113965039,knife-edge,7.12203,14.6485,-2076.79,-3674.31,-3036.38,-2777.41,-3925.09,-9296.57,-4077.37,-673.879,-1.01929e+07
cop_0191,967,1230.892681,614.0614711,0.1170371202,between,5.44276,5.51067,-1249.43,-667.034,-13.4132,-13.2936,-722.918,-5118.56,-4208.98,-327.659,-524937
cop_0191,968,46494.58922,494.7928464,0.1163879211,smooth,13.88,13.88,-0.00700076,-0.0003376,-2.61215e-05,2.47169e-05,0.00019393,0.000147507,-3932.21,-304.937,-0.00166964
cop_0191,969,5835.501678,504.7137182,0.1207211769,smooth,6.63622,6.63451,-231.925,-4.68024,-0.0589914,-0.0169606,-3.0503,-113.204,-4216.73,-615.905,-555.713
cop_0191,970,461.7393966,567.7739692,0.1158025935,smooth,5.41939,5.41988,-7.29035,-0.0977789,-0.000808212,-0.000798826,-0.0672406,-2.14941,-3549.54,-93.6045,-9.34335
cop_0191,971,5842.62391,602.9109056,0.1174462423,knife-edge,7.0596,101.544,-20131.5,-23698.5,-11920.1,-12113.7,-27087.8,-66521.6,-4355.69,-978.303,-4.26447e+06
cop_0191,972,2457.923235,548.204082,0.1190782809,smooth,8.76801,8.76809,-0.71789,-0.00928009,-6.76504e-05,-8.55353e-05,-0.00647066,-0.198932,-3315.56,-255.213,-0.819721
cop_0191,973,352.4228462,470.1925952,0.1142799871,knife-edge,4.81579,10.6853,-857.588,-1867.33,-1231.18,-891.087,-1737.69,-5245.2,-3496.26,-449.621,-6.95904e+06
cop_0191,974,567.3170672,814.2804842,0.1148668729,smooth,4.64911,4.6498,-2.47067,-0.03154,-0.000210229,-0.000313816,-0.0223477,-0.683403,-3188.19,-50.7335,-2.84194
cop_0191,975,634.8463707,604.4736116,0.1194803253,knife-edge,5.20612,9.13343,-1107.58,-1789.51,-821.394,-676.761,-2121.62,-6381.92,-3472.24,-380.099,-3.91717e+06
cop_0191,976,2294.654416,615.3114336,0.1191633813,between,5.38753,5.39028,-1139.43,-234.956,-2.53621,-2.4494,-203.682,-3649.98,-3766.69,-400.987,-130742
cop_0191,977,16555.07916,754.4118865,0.1162439195,knife-edge,6.34453,71.6794,-28933.2,-25364.1,-3140,-3025.32,-26648.3,-84655.6,-4400.91,-1115.09,-1.82822e+06
cop_0191,978,1098.669333,642.6570735,0.1156392623,knife-edge,4.5344,22.8048,-2401.02,-3500.4,-1863.11,-2126.25,-4515.88,-11632.5,-3983.71,-321.194,-3.81535e+06
cop_0191,979,746.0240764,453.8409975,0.1152474114,knife-edge,5.98562,13.8173,-1591.31,-2575.34,-1548.13,-1527.55,-2992.67,-8031.25,-4135.11,-315.547,-4.38746e+06
cop_0191,980,888098.0986,498.0718456,0.1181802506,smooth,7.58243,7.58243,-0.00282808,-0.000313991,-2.85422e-05,2.79765e-05,0.000256857,0.00141222,-3365.71,-219.839,0.000316166
cop_0191,981,1093.844221,786.8404721,0.1160460981,knife-edge,4.73038,5.63698,-1273.03,-1300.47,-116.434,-123.015,-1631.04,-6162.01,-3589.63,-480.072,-1.62852e+06
cop_0191,982,18500.99132,790.9430899,0.1191230952,smooth,5.38358,5.3835,-0.0237808,-0.000855941,-5.92804e-05,5.45075e-05,0.000366585,-0.0017106,-4176.8,-998.814,-0.0120024
cop_0191,983,944.7142235,633.1408082,0.1216287787,smooth,7.74088,7.74194,-1.33362,-0.017125,-0.000143785,-0.000134953,-0.0115504,-0.357468,-2509.66,-86.4911,-1.47033
cop_0191,984,18720.66212,414.6416923,0.1216323379,knife-edge,10.9641,30.8263,-26693.7,-19282.1,-1149.89,-1129.41,-20338.1,-74697.8,-4160.63,-591.404,-1.32923e+06
cop_0191,985,567.3689339,692.3830987,0.1181801555,smooth,5.09747,5.09754,-3.34825,-0.0417819,-0.000345068,-0.000333971,-0.0281292,-0.861846,-3477.1,-89.2528,-3.51841
cop_0191,986,8745.950875,712.4586131,0.1181514496,smooth,3.7433,3.74339,-0.0297806,-0.000635822,-3.01187e-05,2.41473e-05,2.17893e-05,-0.00544019,-3631.37,-232.566,-0.0240536
cop_0191,987,4787.337391,630.2401859,0.1178481949,knife-edge,5.80915,54.4325,-12230.2,-13701.5,-5827.68,-5521.67,-15362.9,-39821.5,-3704.88,-600.248,-2.99887e+06
cop_0191,988,399.6601477,611.2562182,0.1196593894,smooth,5.58851,5.58911,-9.15372,-0.126666,-0.00106646,-0.00102364,-0.0877014,-2.87946,-3033.72,-73.4747,-13.0689
cop_0191,989,766.9332127,748.3560632,0.1168072185,smooth,4.6785,4.67826,-5.0552,-0.0681717,-0.000601187,-0.000511146,-0.046073,-1.47141,-4861.82,-206.237,-6.29619
cop_0191,990,548.9653105,612.9229246,0.1164850659,knife-edge,5.87704,6.52768,-751.144,-1158.83,-282.991,-248.418,-1397.11,-4752.56,-3491.05,-158.023,-2.47511e+06
cop_0191,991,2268.895763,612.9049588,0.1175748647,knife-edge,12.4319,12.4322,-2903.36,-2652.86,-245.408,-251.97,-2887.54,-10282.5,-4123.92,-478.188,-1.29891e+06
cop_0191,992,2499.006667,809.1693222,0.1183532146,knife-edge,5.51737,31.5758,-6049.17,-7211.08,-3242.76,-3657.91,-9097.85,-23128.2,-4523.61,-994.941,-3.2138e+06
cop_0191,993,647.040255,718.0481699,0.1178478833,smooth,6.60607,6.60547,-3.63972,-0.0463118,-0.000392771,-0.000359536,-0.031104,-0.961019,-3512.88,-115.468,-3.94884
cop_0191,994,1556.536571,694.3764559,0.1192712117,smooth,6.91952,6.91906,-1.78238,-0.02322,-0.000216736,-0.000157617,-0.0152852,-0.479538,-4317.84,-762.559,-1.97738
cop_0191,995,6931.523757,461.3988217,0.1215258448,smooth,5.2915,5.29151,-1102.58,-44.4579,-0.389593,-0.402527,-34.8436,-1232.72,-3780.95,-250.714,-7732.75
cop_0191,996,2109.753804,698.0863364,0.1192182107,knife-edge,6.92508,52.7221,-8037.97,-11066.1,-7474.05,-7254.37,-12501.8,-29338.3,-3625.69,-338.655,-5.45948e+06
cop_0191,997,26.967107,537.9256089,0.1202382625,knife-edge,7.56068,12.8141,-896.317,-1352.46,-1102.77,-1165.59,-1760.79,-3916.07,-1076.24,-8049.88,-6.50585e+07
cop_0191,998,14320.61247,765.7375716,0.1186285695,knife-edge,5.60794,171.574,-37334.1,-36988.3,-9311.46,-9499.47,-42372.9,-117860,-3224.28,-675.511,-3.04949e+06
cop_0191,999,6963.885103,755.2633473,0.1179597665,between,6.38915,6.39043,-6333.44,-1557.55,-18.5815,-18.0549,-1293.94,-13909.7,-3992.26,-270.653,-209535
