MCS_TR against MCS_TMAX on out/abm_system_lp_r_levels_irf_loss_s1.csv
1000 configurations, 1000 replicates each
shared: alpha = 0.050, 10000 resamples, block length 1, bootstrap variance, seed 123, stream 0

Both statistics are scored on the same resamples, drawn once and reused in every round.

statistic  set size  decided by an accepted test  deciding round  last p-value  seconds
MCS_TR            1                           no               0        0.0000      5.1
MCS_TMAX          1                           no               0        0.0000      7.4

sets
  in both sets 1, only in MCS_TR's 0, only in MCS_TMAX's 0
  largest difference between the two MCS p-values of one configuration 0.0000

elimination rounds, the configuration left at the end counted as round 1000
  Spearman rank correlation between the two orders 0.9685
  absolute difference in round: median 32, 90th percentile 125, largest 307

the 10 configurations MCS_TR eliminated last, with where MCS_TMAX put them
  configuration  mean loss  MCS_TR round  MCS_TR p  MCS_TMAX round  MCS_TMAX p
  cop_0905_lp_s1  24.10274  1000  1.0000  1000  1.0000
  cop_0593_lp_s1  27.06519  999  0.0000  999  0.0000
  cop_0356_lp_s1  28.21634  998  0.0000  998  0.0000
  cop_0241_lp_s1  30.55829  997  0.0000  997  0.0000
  cop_0654_lp_s1  31.43291  996  0.0000  994  0.0000
  cop_0079_lp_s1  31.00269  995  0.0000  996  0.0000
  cop_0801_lp_s1  31.29425  994  0.0000  995  0.0000
  cop_0552_lp_s1  32.23863  993  0.0000  993  0.0000
  cop_0148_lp_s1  32.50934  992  0.0000  992  0.0000
  cop_0191_lp_s1  33.14137  991  0.0000  991  0.0000


  sample    1000 observations, 1000 models
  statistic TR, every pairwise contrast
  test      alpha = 0.050, 10000 moving-block resamples of 1 observations
  variance  bootstrap variance of the resampled mean
  stream    seed 123, stream 0

MCS over state-dependent local projection impulse-response MAE, state 1 (lags times 1 - F), series R's transform_data levels: GDP, Employment, Inflation, InterestRate, Energy, MCS_TR statistic
  model             mean loss      MCS p  round  in set
  cop_0001_lp_s1    101.64104      0.000    714  
  cop_0002_lp_s1     48.54868      0.000    902  
  cop_0003_lp_s1     83.72582      0.000    666  
  cop_0004_lp_s1     39.57129      0.000    958  
  cop_0005_lp_s1     74.71032      0.000    706  
  cop_0006_lp_s1    116.67733      0.000    451  
  cop_0007_lp_s1    130.38479      0.000    493  
  cop_0008_lp_s1    123.69407      0.000    426  
  cop_0009_lp_s1   1017.98192      0.000     50  
  cop_0010_lp_s1     64.55166      0.000    779  
  cop_0011_lp_s1     90.74238      0.000    719  
  cop_0012_lp_s1    479.87226      0.000     17  
  cop_0013_lp_s1    699.32679      0.000    148  
  cop_0014_lp_s1    221.15683      0.000    380  
  cop_0015_lp_s1    181.41258      0.000    387  
  cop_0016_lp_s1     43.08353      0.000    939  
  cop_0017_lp_s1     95.58128      0.000    651  
  cop_0018_lp_s1    239.19791      0.000    181  
  cop_0019_lp_s1     78.70805      0.000    737  
  cop_0020_lp_s1    286.96167      0.000    164  
  cop_0021_lp_s1    186.23974      0.000    201  
  cop_0022_lp_s1    232.10108      0.000    284  
  cop_0023_lp_s1    150.39109      0.000    474  
  cop_0024_lp_s1     62.94377      0.000    827  
  cop_0025_lp_s1    697.93938      0.000    336  
  cop_0026_lp_s1    217.63358      0.000    132  
  cop_0027_lp_s1     99.89005      0.000    631  
  cop_0028_lp_s1    122.07650      0.000    553  
  cop_0029_lp_s1    114.74287      0.000    523  
  cop_0030_lp_s1     88.66877      0.000    674  
  cop_0031_lp_s1     61.45476      0.000    861  
  cop_0032_lp_s1     73.21349      0.000    687  
  cop_0033_lp_s1    106.08237      0.000    623  
  cop_0034_lp_s1    268.26034      0.000    318  
  cop_0035_lp_s1     88.05197      0.000    696  
  cop_0036_lp_s1     39.37848      0.000    971  
  cop_0037_lp_s1     82.86110      0.000    730  
  cop_0038_lp_s1    389.15160      0.000    154  
  cop_0039_lp_s1     77.91895      0.000    741  
  cop_0040_lp_s1     86.13535      0.000    723  
  cop_0041_lp_s1    586.41863      0.000     98  
  cop_0042_lp_s1    158.16177      0.000    396  
  cop_0043_lp_s1    559.43789      0.000     83  
  cop_0044_lp_s1     34.88905      0.000    985  
  cop_0045_lp_s1    137.46557      0.000    554  
  cop_0046_lp_s1   1840.11901      0.000    107  
  cop_0047_lp_s1     35.96767      0.000    981  
  cop_0048_lp_s1    158.91974      0.000    536  
  cop_0049_lp_s1   1293.75573      0.000     49  
  cop_0050_lp_s1    120.94161      0.000    455  
  cop_0051_lp_s1    275.07477      0.000    334  
  cop_0052_lp_s1    588.62930      0.000    120  
  cop_0053_lp_s1    255.43063      0.000    290  
  cop_0054_lp_s1     37.91706      0.000    973  
  cop_0055_lp_s1    220.81520      0.000    406  
  cop_0056_lp_s1   1241.60099      0.000     56  
  cop_0057_lp_s1     66.90480      0.000    823  
  cop_0058_lp_s1   9499.89109      0.000    170  
  cop_0059_lp_s1    377.33214      0.000    382  
  cop_0060_lp_s1    279.09525      0.000    194  
  cop_0061_lp_s1     71.02448      0.000    781  
  cop_0062_lp_s1     59.92860      0.000    815  
  cop_0063_lp_s1    348.96994      0.000    184  
  cop_0064_lp_s1    410.90695      0.000    322  
  cop_0065_lp_s1    182.78208      0.000    456  
  cop_0066_lp_s1     54.50070      0.000    868  
  cop_0067_lp_s1    134.55512      0.000    319  
  cop_0068_lp_s1    129.98158      0.000    353  
  cop_0069_lp_s1    183.14596      0.000    444  
  cop_0070_lp_s1     63.37689      0.000    809  
  cop_0071_lp_s1    209.18749      0.000    388  
  cop_0072_lp_s1     59.74999      0.000    853  
  cop_0073_lp_s1    163.69457      0.000    404  
  cop_0074_lp_s1    201.26265      0.000    311  
  cop_0075_lp_s1     77.34585      0.000    757  
  cop_0076_lp_s1    202.07018      0.000    449  
  cop_0077_lp_s1    183.38899      0.000    481  
  cop_0078_lp_s1    110.14063      0.000    450  
  cop_0079_lp_s1     31.00269      0.000    995  
  cop_0080_lp_s1   3118.82079      0.000     54  
  cop_0081_lp_s1     94.27814      0.000    575  
  cop_0082_lp_s1     73.01099      0.000    694  
  cop_0083_lp_s1    217.51625      0.000    214  
  cop_0084_lp_s1    221.21463      0.000     47  
  cop_0085_lp_s1   1579.77583      0.000     76  
  cop_0086_lp_s1   4565.61576      0.000     14  
  cop_0087_lp_s1     97.70900      0.000    643  
  cop_0088_lp_s1    569.27115      0.000    138  
  cop_0089_lp_s1    547.18949      0.000      8  
  cop_0090_lp_s1    372.59959      0.000    288  
  cop_0091_lp_s1     87.15304      0.000    671  
  cop_0092_lp_s1    341.06393      0.000    143  
  cop_0093_lp_s1    264.15460      0.000    369  
  cop_0094_lp_s1     72.14513      0.000    716  
  cop_0095_lp_s1   1031.13422      0.000     33  
  cop_0096_lp_s1    655.36027      0.000     30  
  cop_0097_lp_s1     80.76365      0.000    721  
  cop_0098_lp_s1    966.23212      0.000    145  
  cop_0099_lp_s1     70.84637      0.000    774  
  cop_0100_lp_s1     36.92027      0.000    975  
  cop_0101_lp_s1    135.28311      0.000    248  
  cop_0102_lp_s1     50.57871      0.000    901  
  cop_0103_lp_s1     74.14456      0.000    739  
  cop_0104_lp_s1    221.54362      0.000    209  
  cop_0105_lp_s1     83.09056      0.000    744  
  cop_0106_lp_s1     50.33675      0.000    905  
  cop_0107_lp_s1     46.16172      0.000    918  
  cop_0108_lp_s1     69.87734      0.000    700  
  cop_0109_lp_s1     76.18723      0.000    778  
  cop_0110_lp_s1    189.58340      0.000    519  
  cop_0111_lp_s1    138.05171      0.000    424  
  cop_0112_lp_s1     74.68011      0.000    784  
  cop_0113_lp_s1    138.19660      0.000    528  
  cop_0114_lp_s1    649.42767      0.000     26  
  cop_0115_lp_s1    797.06342      0.000     65  
  cop_0116_lp_s1    173.12423      0.000    568  
  cop_0117_lp_s1     93.36394      0.000    691  
  cop_0118_lp_s1     49.99413      0.000    911  
  cop_0119_lp_s1    481.29118      0.000    111  
  cop_0120_lp_s1     76.68873      0.000    763  
  cop_0121_lp_s1     64.92335      0.000    808  
  cop_0122_lp_s1    192.93433      0.000    289  
  cop_0123_lp_s1    289.37185      0.000    103  
  cop_0124_lp_s1    141.57606      0.000    541  
  cop_0125_lp_s1     75.71851      0.000    648  
  cop_0126_lp_s1     71.55926      0.000    684  
  cop_0127_lp_s1     80.44994      0.000    708  
  cop_0128_lp_s1    117.60361      0.000    611  
  cop_0129_lp_s1    201.83310      0.000    423  
  cop_0130_lp_s1   2111.06771      0.000     93  
  cop_0131_lp_s1     95.77320      0.000    601  
  cop_0132_lp_s1    224.72852      0.000    411  
  cop_0133_lp_s1    107.62297      0.000    368  
  cop_0134_lp_s1     65.35137      0.000    828  
  cop_0135_lp_s1     67.54145      0.000    814  
  cop_0136_lp_s1     38.37269      0.000    967  
  cop_0137_lp_s1    255.15696      0.000    216  
  cop_0138_lp_s1    393.02477      0.000    367  
  cop_0139_lp_s1     53.56785      0.000    898  
  cop_0140_lp_s1    680.94312      0.000    212  
  cop_0141_lp_s1    142.19340      0.000    562  
  cop_0142_lp_s1     36.18813      0.000    982  
  cop_0143_lp_s1    231.12411      0.000    483  
  cop_0144_lp_s1     91.85553      0.000    644  
  cop_0145_lp_s1     65.14550      0.000    811  
  cop_0146_lp_s1    132.11948      0.000    608  
  cop_0147_lp_s1     54.53624      0.000    878  
  cop_0148_lp_s1     32.50934      0.000    992  
  cop_0149_lp_s1     63.49987      0.000    802  
  cop_0150_lp_s1     78.96289      0.000    709  
  cop_0151_lp_s1     90.15146      0.000    543  
  cop_0152_lp_s1     48.34299      0.000    904  
  cop_0153_lp_s1    241.06332      0.000    408  
  cop_0154_lp_s1   1011.82406      0.000     15  
  cop_0155_lp_s1    269.22646      0.000    121  
  cop_0156_lp_s1     92.87904      0.000    625  
  cop_0157_lp_s1     47.42235      0.000    915  
  cop_0158_lp_s1    560.81441      0.000      7  
  cop_0159_lp_s1    436.92332      0.000    168  
  cop_0160_lp_s1    369.30092      0.000     40  
  cop_0161_lp_s1     57.45713      0.000    849  
  cop_0162_lp_s1     87.33771      0.000    726  
  cop_0163_lp_s1    153.07460      0.000    452  
  cop_0164_lp_s1    345.42755      0.000    326  
  cop_0165_lp_s1     75.94844      0.000    756  
  cop_0166_lp_s1     34.57523      0.000    988  
  cop_0167_lp_s1   1024.81842      0.000     51  
  cop_0168_lp_s1   1685.76376      0.000    158  
  cop_0169_lp_s1     88.75209      0.000    609  
  cop_0170_lp_s1     81.49142      0.000    688  
  cop_0171_lp_s1    103.24063      0.000    635  
  cop_0172_lp_s1     59.78335      0.000    840  
  cop_0173_lp_s1     61.26306      0.000    820  
  cop_0174_lp_s1    125.87898      0.000    627  
  cop_0175_lp_s1    566.14300      0.000     31  
  cop_0176_lp_s1    128.22867      0.000    371  
  cop_0177_lp_s1    215.14753      0.000    204  
  cop_0178_lp_s1    398.82550      0.000     86  
  cop_0179_lp_s1     77.42733      0.000    724  
  cop_0180_lp_s1     93.33272      0.000    594  
  cop_0181_lp_s1     95.30979      0.000    646  
  cop_0182_lp_s1     46.43050      0.000    917  
  cop_0183_lp_s1     64.03909      0.000    801  
  cop_0184_lp_s1   2672.82870      0.000     10  
  cop_0185_lp_s1     76.41705      0.000    725  
  cop_0186_lp_s1     76.50536      0.000    692  
  cop_0187_lp_s1    151.00728      0.000    462  
  cop_0188_lp_s1    300.05122      0.000     27  
  cop_0189_lp_s1    363.56550      0.000    376  
  cop_0190_lp_s1    340.33983      0.000    292  
  cop_0191_lp_s1     33.14137      0.000    991  
  cop_0192_lp_s1    299.21315      0.000    249  
  cop_0193_lp_s1    121.65523      0.000    399  
  cop_0194_lp_s1     78.24303      0.000    697  
  cop_0195_lp_s1    155.51100      0.000    306  
  cop_0196_lp_s1    108.02278      0.000    669  
  cop_0197_lp_s1    201.66038      0.000    321  
  cop_0198_lp_s1    137.98612      0.000    504  
  cop_0199_lp_s1     66.02183      0.000    767  
  cop_0200_lp_s1     95.17231      0.000    620  
  cop_0201_lp_s1     51.86379      0.000    869  
  cop_0202_lp_s1    620.86077      0.000    238  
  cop_0203_lp_s1    114.75617      0.000    598  
  cop_0204_lp_s1    138.06169      0.000    512  
  cop_0205_lp_s1     56.94041      0.000    870  
  cop_0206_lp_s1   1987.79699      0.000    186  
  cop_0207_lp_s1     41.09928      0.000    948  
  cop_0208_lp_s1     99.58380      0.000    634  
  cop_0209_lp_s1    566.86858      0.000    240  
  cop_0210_lp_s1    259.68070      0.000    320  
  cop_0211_lp_s1     59.01913      0.000    873  
  cop_0212_lp_s1   1510.58221      0.000      4  
  cop_0213_lp_s1     42.75928      0.000    940  
  cop_0214_lp_s1   3257.67392      0.000     71  
  cop_0215_lp_s1    196.95698      0.000    580  
  cop_0216_lp_s1    157.62186      0.000    317  
  cop_0217_lp_s1    229.63455      0.000     34  
  cop_0218_lp_s1    125.01941      0.000    592  
  cop_0219_lp_s1   1548.51338      0.000    309  
  cop_0220_lp_s1     74.94432      0.000    754  
  cop_0221_lp_s1     75.97375      0.000    729  
  cop_0222_lp_s1    288.92435      0.000    151  
  cop_0223_lp_s1    187.05569      0.000    431  
  cop_0224_lp_s1    141.78550      0.000    517  
  cop_0225_lp_s1    108.95953      0.000    704  
  cop_0226_lp_s1    108.74471      0.000    615  
  cop_0227_lp_s1     95.05776      0.000    578  
  cop_0228_lp_s1     86.50835      0.000    659  
  cop_0229_lp_s1   1155.76288      0.000     66  
  cop_0230_lp_s1    936.82307      0.000     69  
  cop_0231_lp_s1     64.11063      0.000    825  
  cop_0232_lp_s1    206.11377      0.000    333  
  cop_0233_lp_s1    578.83706      0.000    291  
  cop_0234_lp_s1     92.65069      0.000    603  
  cop_0235_lp_s1    142.59152      0.000    524  
  cop_0236_lp_s1    114.18567      0.000    457  
  cop_0237_lp_s1    188.29747      0.000    563  
  cop_0238_lp_s1    471.57005      0.000    189  
  cop_0239_lp_s1    135.48531      0.000    658  
  cop_0240_lp_s1     54.75478      0.000    865  
  cop_0241_lp_s1     30.55829      0.000    997  
  cop_0242_lp_s1    168.62469      0.000    484  
  cop_0243_lp_s1     90.01713      0.000    679  
  cop_0244_lp_s1    487.22903      0.000     24  
  cop_0245_lp_s1    418.95801      0.000    206  
  cop_0246_lp_s1     81.47687      0.000    758  
  cop_0247_lp_s1    151.01955      0.000    269  
  cop_0248_lp_s1    149.31472      0.000    564  
  cop_0249_lp_s1    190.96307      0.000    445  
  cop_0250_lp_s1     88.35296      0.000    665  
  cop_0251_lp_s1    421.69323      0.000    109  
  cop_0252_lp_s1     79.40235      0.000    733  
  cop_0253_lp_s1    980.13904      0.000     37  
  cop_0254_lp_s1     46.98638      0.000    912  
  cop_0255_lp_s1     57.67614      0.000    806  
  cop_0256_lp_s1     55.93158      0.000    832  
  cop_0257_lp_s1    833.85300      0.000    101  
  cop_0258_lp_s1     99.10458      0.000    686  
  cop_0259_lp_s1    571.89010      0.000    230  
  cop_0260_lp_s1    121.41877      0.000    361  
  cop_0261_lp_s1    410.27486      0.000    271  
  cop_0262_lp_s1   1236.65345      0.000    142  
  cop_0263_lp_s1    206.61202      0.000    258  
  cop_0264_lp_s1    222.77955      0.000    256  
  cop_0265_lp_s1     77.56197      0.000    711  
  cop_0266_lp_s1    261.42107      0.000    183  
  cop_0267_lp_s1     65.86694      0.000    812  
  cop_0268_lp_s1    145.08470      0.000    490  
  cop_0269_lp_s1     40.62460      0.000    953  
  cop_0270_lp_s1    486.73700      0.000     94  
  cop_0271_lp_s1    425.36260      0.000    179  
  cop_0272_lp_s1    166.87809      0.000    234  
  cop_0273_lp_s1    347.75170      0.000    197  
  cop_0274_lp_s1     58.35335      0.000    866  
  cop_0275_lp_s1    385.19409      0.000    345  
  cop_0276_lp_s1    533.68554      0.000     89  
  cop_0277_lp_s1     57.37196      0.000    852  
  cop_0278_lp_s1    474.59713      0.000     88  
  cop_0279_lp_s1    271.18440      0.000    324  
  cop_0280_lp_s1     98.76313      0.000    668  
  cop_0281_lp_s1     45.25014      0.000    935  
  cop_0282_lp_s1    135.03194      0.000    531  
  cop_0283_lp_s1    146.61810      0.000    513  
  cop_0284_lp_s1    114.09048      0.000    488  
  cop_0285_lp_s1     61.09911      0.000    846  
  cop_0286_lp_s1    144.05374      0.000    459  
  cop_0287_lp_s1    654.45738      0.000     78  
  cop_0288_lp_s1     79.90624      0.000    751  
  cop_0289_lp_s1     67.83173      0.000    762  
  cop_0290_lp_s1    217.15091      0.000    349  
  cop_0291_lp_s1    175.31345      0.000    350  
  cop_0292_lp_s1     83.42540      0.000    685  
  cop_0293_lp_s1    138.55256      0.000    657  
  cop_0294_lp_s1    120.72463      0.000    676  
  cop_0295_lp_s1    134.77445      0.000    454  
  cop_0296_lp_s1    121.51353      0.000    604  
  cop_0297_lp_s1    821.03037      0.000    281  
  cop_0298_lp_s1     63.19657      0.000    842  
  cop_0299_lp_s1     57.92070      0.000    855  
  cop_0300_lp_s1    575.55997      0.000     92  
  cop_0301_lp_s1    175.29869      0.000    312  
  cop_0302_lp_s1     92.43242      0.000    584  
  cop_0303_lp_s1    291.41031      0.000    358  
  cop_0304_lp_s1    702.34690      0.000    273  
  cop_0305_lp_s1    110.92992      0.000    527  
  cop_0306_lp_s1     60.43788      0.000    821  
  cop_0307_lp_s1    198.19612      0.000    558  
  cop_0308_lp_s1   3028.72445      0.000    113  
  cop_0309_lp_s1    149.62962      0.000    470  
  cop_0310_lp_s1    237.09272      0.000    302  
  cop_0311_lp_s1    209.39611      0.000    401  
  cop_0312_lp_s1     87.75288      0.000    720  
  cop_0313_lp_s1     73.22162      0.000    742  
  cop_0314_lp_s1     76.31483      0.000    747  
  cop_0315_lp_s1    223.11542      0.000    351  
  cop_0316_lp_s1     64.64586      0.000    797  
  cop_0317_lp_s1     44.47208      0.000    938  
  cop_0318_lp_s1     99.61361      0.000    672  
  cop_0319_lp_s1    121.67589      0.000    521  
  cop_0320_lp_s1     76.08762      0.000    750  
  cop_0321_lp_s1     55.90076      0.000    884  
  cop_0322_lp_s1    154.44721      0.000    499  
  cop_0323_lp_s1   2157.43625      0.000     45  
  cop_0324_lp_s1    101.82726      0.000    420  
  cop_0325_lp_s1    749.06661      0.000     18  
  cop_0326_lp_s1    296.62811      0.000    146  
  cop_0327_lp_s1    205.78375      0.000    140  
  cop_0328_lp_s1    251.83375      0.000     35  
  cop_0329_lp_s1    782.37381      0.000    106  
  cop_0330_lp_s1    237.51834      0.000    261  
  cop_0331_lp_s1    168.33762      0.000    479  
  cop_0332_lp_s1    838.07713      0.000    172  
  cop_0333_lp_s1    498.64311      0.000     20  
  cop_0334_lp_s1     60.69811      0.000    834  
  cop_0335_lp_s1     42.42128      0.000    947  
  cop_0336_lp_s1    251.07911      0.000    114  
  cop_0337_lp_s1    127.81724      0.000    391  
  cop_0338_lp_s1     40.62798      0.000    951  
  cop_0339_lp_s1    139.51184      0.000    267  
  cop_0340_lp_s1    156.96685      0.000    526  
  cop_0341_lp_s1    170.36381      0.000    355  
  cop_0342_lp_s1    393.90003      0.000    129  
  cop_0343_lp_s1     57.38913      0.000    863  
  cop_0344_lp_s1    287.27801      0.000    102  
  cop_0345_lp_s1    312.10309      0.000    254  
  cop_0346_lp_s1     53.56777      0.000    879  
  cop_0347_lp_s1     43.30481      0.000    945  
  cop_0348_lp_s1    110.77920      0.000    614  
  cop_0349_lp_s1     83.38323      0.000    689  
  cop_0350_lp_s1     47.46406      0.000    914  
  cop_0351_lp_s1     70.92536      0.000    787  
  cop_0352_lp_s1    117.17112      0.000    579  
  cop_0353_lp_s1     65.60600      0.000    799  
  cop_0354_lp_s1    231.20640      0.000     39  
  cop_0355_lp_s1     86.38342      0.000    662  
  cop_0356_lp_s1     28.21634      0.000    998  
  cop_0357_lp_s1    143.20264      0.000    167  
  cop_0358_lp_s1    181.94726      0.000    373  
  cop_0359_lp_s1    318.12069      0.000    338  
  cop_0360_lp_s1    166.85631      0.000    410  
  cop_0361_lp_s1     40.40908      0.000    963  
  cop_0362_lp_s1   2577.52286      0.000     60  
  cop_0363_lp_s1    489.71108      0.000    108  
  cop_0364_lp_s1     74.66752      0.000    734  
  cop_0365_lp_s1    304.16944      0.000    243  
  cop_0366_lp_s1   1199.77693      0.000    118  
  cop_0367_lp_s1     57.14164      0.000    856  
  cop_0368_lp_s1     41.07018      0.000    942  
  cop_0369_lp_s1     66.30781      0.000    772  
  cop_0370_lp_s1    479.50233      0.000     70  
  cop_0371_lp_s1     83.80139      0.000    699  
  cop_0372_lp_s1    132.73742      0.000    487  
  cop_0373_lp_s1     91.58669      0.000    654  
  cop_0374_lp_s1     35.78909      0.000    983  
  cop_0375_lp_s1   1582.15027      0.000      1  
  cop_0376_lp_s1    255.63727      0.000    303  
  cop_0377_lp_s1    100.42177      0.000    710  
  cop_0378_lp_s1     97.22758      0.000    647  
  cop_0379_lp_s1    339.72986      0.000    262  
  cop_0380_lp_s1    325.00723      0.000    342  
  cop_0381_lp_s1    829.19622      0.000     58  
  cop_0382_lp_s1     95.28068      0.000    738  
  cop_0383_lp_s1    148.57391      0.000    432  
  cop_0384_lp_s1    106.03554      0.000    557  
  cop_0385_lp_s1    268.40698      0.000    363  
  cop_0386_lp_s1    134.20620      0.000    485  
  cop_0387_lp_s1    797.93302      0.000     84  
  cop_0388_lp_s1   2084.84946      0.000    221  
  cop_0389_lp_s1    182.13569      0.000    414  
  cop_0390_lp_s1     40.72155      0.000    955  
  cop_0391_lp_s1    704.02318      0.000    200  
  cop_0392_lp_s1    244.72374      0.000    126  
  cop_0393_lp_s1    659.85350      0.000     53  
  cop_0394_lp_s1    173.36273      0.000    560  
  cop_0395_lp_s1    156.69053      0.000    468  
  cop_0396_lp_s1     46.30113      0.000    910  
  cop_0397_lp_s1     53.40719      0.000    909  
  cop_0398_lp_s1     93.15471      0.000    472  
  cop_0399_lp_s1     36.43173      0.000    978  
  cop_0400_lp_s1    119.70997      0.000    381  
  cop_0401_lp_s1    151.31396      0.000    241  
  cop_0402_lp_s1   1330.22407      0.000    192  
  cop_0403_lp_s1     93.60700      0.000    736  
  cop_0404_lp_s1    144.05129      0.000    507  
  cop_0405_lp_s1    201.01159      0.000    354  
  cop_0406_lp_s1    692.76271      0.000    128  
  cop_0407_lp_s1     98.90918      0.000    613  
  cop_0408_lp_s1     92.73464      0.000    653  
  cop_0409_lp_s1    216.31347      0.000    510  
  cop_0410_lp_s1     37.18749      0.000    974  
  cop_0411_lp_s1   1618.00116      0.000     52  
  cop_0412_lp_s1    399.53431      0.000    100  
  cop_0413_lp_s1     69.45698      0.000    785  
  cop_0414_lp_s1    744.16049      0.000     99  
  cop_0415_lp_s1    146.06700      0.000    435  
  cop_0416_lp_s1    133.54716      0.000    416  
  cop_0417_lp_s1    213.58214      0.000    589  
  cop_0418_lp_s1    220.44797      0.000    460  
  cop_0419_lp_s1    244.22930      0.000    375  
  cop_0420_lp_s1    141.22761      0.000    505  
  cop_0421_lp_s1    396.94660      0.000    195  
  cop_0422_lp_s1     45.07606      0.000    936  
  cop_0423_lp_s1     68.56889      0.000    765  
  cop_0424_lp_s1     45.69660      0.000    923  
  cop_0425_lp_s1    499.92875      0.000    130  
  cop_0426_lp_s1     37.24349      0.000    976  
  cop_0427_lp_s1    403.12663      0.000    415  
  cop_0428_lp_s1     45.98827      0.000    919  
  cop_0429_lp_s1     45.00403      0.000    933  
  cop_0430_lp_s1    352.25589      0.000    218  
  cop_0431_lp_s1     98.20787      0.000    621  
  cop_0432_lp_s1    106.32435      0.000    561  
  cop_0433_lp_s1    161.50525      0.000    386  
  cop_0434_lp_s1    118.07494      0.000    542  
  cop_0435_lp_s1     39.51996      0.000    962  
  cop_0436_lp_s1    108.49720      0.000    448  
  cop_0437_lp_s1     37.16434      0.000    979  
  cop_0438_lp_s1     94.04935      0.000    436  
  cop_0439_lp_s1    106.90746      0.000    538  
  cop_0440_lp_s1     57.30962      0.000    837  
  cop_0441_lp_s1     90.91754      0.000    656  
  cop_0442_lp_s1    112.47758      0.000    295  
  cop_0443_lp_s1    247.62600      0.000    395  
  cop_0444_lp_s1     38.08900      0.000    970  
  cop_0445_lp_s1    222.01838      0.000     64  
  cop_0446_lp_s1    138.71760      0.000    467  
  cop_0447_lp_s1    194.87513      0.000    293  
  cop_0448_lp_s1    271.97598      0.000    346  
  cop_0449_lp_s1    411.16982      0.000    362  
  cop_0450_lp_s1     72.51544      0.000    792  
  cop_0451_lp_s1     97.77342      0.000    482  
  cop_0452_lp_s1    339.81231      0.000    244  
  cop_0453_lp_s1    127.32540      0.000    612  
  cop_0454_lp_s1    210.34579      0.000    365  
  cop_0455_lp_s1    321.16785      0.000    191  
  cop_0456_lp_s1    281.11227      0.000     36  
  cop_0457_lp_s1     51.04120      0.000    891  
  cop_0458_lp_s1     68.33702      0.000    790  
  cop_0459_lp_s1    128.72162      0.000    546  
  cop_0460_lp_s1     65.01282      0.000    791  
  cop_0461_lp_s1   1537.05505      0.000    300  
  cop_0462_lp_s1    145.35558      0.000    552  
  cop_0463_lp_s1     82.20050      0.000    680  
  cop_0464_lp_s1     63.09170      0.000    788  
  cop_0465_lp_s1    125.50995      0.000    616  
  cop_0466_lp_s1     73.38758      0.000    793  
  cop_0467_lp_s1    103.42950      0.000    639  
  cop_0468_lp_s1    429.21921      0.000     68  
  cop_0469_lp_s1     55.34592      0.000    862  
  cop_0470_lp_s1    167.81250      0.000    429  
  cop_0471_lp_s1    334.49222      0.000    161  
  cop_0472_lp_s1    116.39661      0.000    495  
  cop_0473_lp_s1    311.04096      0.000     55  
  cop_0474_lp_s1     83.15616      0.000    713  
  cop_0475_lp_s1    306.60415      0.000    236  
  cop_0476_lp_s1    188.01113      0.000    518  
  cop_0477_lp_s1     90.05110      0.000    636  
  cop_0478_lp_s1     39.20388      0.000    960  
  cop_0479_lp_s1     68.90043      0.000    776  
  cop_0480_lp_s1     46.54713      0.000    916  
  cop_0481_lp_s1     43.93627      0.000    934  
  cop_0482_lp_s1     68.96117      0.000    768  
  cop_0483_lp_s1    189.49543      0.000    378  
  cop_0484_lp_s1    327.30833      0.000     96  
  cop_0485_lp_s1    123.02341      0.000    469  
  cop_0486_lp_s1    388.05935      0.000    260  
  cop_0487_lp_s1    323.66582      0.000    165  
  cop_0488_lp_s1    175.10601      0.000    327  
  cop_0489_lp_s1     95.87348      0.000    703  
  cop_0490_lp_s1    156.46401      0.000    417  
  cop_0491_lp_s1    275.59750      0.000    117  
  cop_0492_lp_s1    103.89657      0.000    549  
  cop_0493_lp_s1    193.22602      0.000    405  
  cop_0494_lp_s1     53.63328      0.000    887  
  cop_0495_lp_s1    128.66387      0.000    567  
  cop_0496_lp_s1    227.41108      0.000    466  
  cop_0497_lp_s1     74.43695      0.000    701  
  cop_0498_lp_s1     85.45843      0.000    735  
  cop_0499_lp_s1    253.02245      0.000    122  
  cop_0500_lp_s1     74.11557      0.000    777  
  cop_0501_lp_s1     59.25284      0.000    857  
  cop_0502_lp_s1    103.54943      0.000    629  
  cop_0503_lp_s1     42.71317      0.000    930  
  cop_0504_lp_s1    156.68363      0.000    516  
  cop_0505_lp_s1    491.14091      0.000    247  
  cop_0506_lp_s1     89.51680      0.000    606  
  cop_0507_lp_s1    102.72437      0.000    503  
  cop_0508_lp_s1    971.13504      0.000     22  
  cop_0509_lp_s1     51.95942      0.000    900  
  cop_0510_lp_s1     64.04797      0.000    841  
  cop_0511_lp_s1   1210.91452      0.000      5  
  cop_0512_lp_s1    303.54164      0.000    325  
  cop_0513_lp_s1     63.25714      0.000    800  
  cop_0514_lp_s1     95.76234      0.000    652  
  cop_0515_lp_s1    500.68978      0.000    242  
  cop_0516_lp_s1     62.22957      0.000    839  
  cop_0517_lp_s1    285.36665      0.000    400  
  cop_0518_lp_s1     44.33839      0.000    921  
  cop_0519_lp_s1     44.75638      0.000    944  
  cop_0520_lp_s1     72.11369      0.000    748  
  cop_0521_lp_s1    481.19626      0.000    125  
  cop_0522_lp_s1     95.49486      0.000    649  
  cop_0523_lp_s1     78.56634      0.000    683  
  cop_0524_lp_s1    190.73839      0.000    372  
  cop_0525_lp_s1     43.68573      0.000    932  
  cop_0526_lp_s1     34.66947      0.000    987  
  cop_0527_lp_s1     42.18247      0.000    941  
  cop_0528_lp_s1    673.93002      0.000     38  
  cop_0529_lp_s1     59.13594      0.000    850  
  cop_0530_lp_s1     68.22357      0.000    775  
  cop_0531_lp_s1     95.57367      0.000    582  
  cop_0532_lp_s1    370.45742      0.000    207  
  cop_0533_lp_s1     42.18068      0.000    937  
  cop_0534_lp_s1     38.96551      0.000    969  
  cop_0535_lp_s1    353.75134      0.000     63  
  cop_0536_lp_s1     75.30770      0.000    673  
  cop_0537_lp_s1    137.67236      0.000    433  
  cop_0538_lp_s1     47.39863      0.000    927  
  cop_0539_lp_s1    222.76071      0.000    208  
  cop_0540_lp_s1     72.83889      0.000    770  
  cop_0541_lp_s1    100.09247      0.000    498  
  cop_0542_lp_s1     93.05843      0.000    715  
  cop_0543_lp_s1     76.96304      0.000    681  
  cop_0544_lp_s1     52.77956      0.000    859  
  cop_0545_lp_s1    135.18134      0.000    270  
  cop_0546_lp_s1    218.60115      0.000    548  
  cop_0547_lp_s1    170.16134      0.000    446  
  cop_0548_lp_s1   1279.43284      0.000     42  
  cop_0549_lp_s1    573.05451      0.000      6  
  cop_0550_lp_s1    299.43088      0.000     73  
  cop_0551_lp_s1    278.78823      0.000    136  
  cop_0552_lp_s1     32.23863      0.000    993  
  cop_0553_lp_s1    113.73193      0.000    506  
  cop_0554_lp_s1     70.50938      0.000    844  
  cop_0555_lp_s1    218.53125      0.000    335  
  cop_0556_lp_s1    129.02926      0.000    347  
  cop_0557_lp_s1    145.78984      0.000    392  
  cop_0558_lp_s1   1086.67371      0.000     75  
  cop_0559_lp_s1     85.34809      0.000    632  
  cop_0560_lp_s1    303.63570      0.000    115  
  cop_0561_lp_s1     52.57800      0.000    871  
  cop_0562_lp_s1   2526.56609      0.000    202  
  cop_0563_lp_s1    256.18022      0.000    323  
  cop_0564_lp_s1     82.09732      0.000    650  
  cop_0565_lp_s1    441.77711      0.000    272  
  cop_0566_lp_s1     91.85599      0.000    661  
  cop_0567_lp_s1    614.37157      0.000    116  
  cop_0568_lp_s1    154.79846      0.000    465  
  cop_0569_lp_s1     86.65443      0.000    590  
  cop_0570_lp_s1     55.48864      0.000    864  
  cop_0571_lp_s1     71.40074      0.000    755  
  cop_0572_lp_s1    550.78870      0.000    160  
  cop_0573_lp_s1    204.44569      0.000    310  
  cop_0574_lp_s1     68.22274      0.000    813  
  cop_0575_lp_s1    233.13542      0.000    239  
  cop_0576_lp_s1    222.82138      0.000    198  
  cop_0577_lp_s1     41.52943      0.000    949  
  cop_0578_lp_s1    105.35132      0.000    529  
  cop_0579_lp_s1    701.71707      0.000     12  
  cop_0580_lp_s1    158.67919      0.000    434  
  cop_0581_lp_s1     81.81425      0.000    752  
  cop_0582_lp_s1    518.14402      0.000    112  
  cop_0583_lp_s1    213.44878      0.000    370  
  cop_0584_lp_s1    679.43022      0.000     29  
  cop_0585_lp_s1    127.40023      0.000    581  
  cop_0586_lp_s1    166.93944      0.000    187  
  cop_0587_lp_s1     89.85934      0.000    675  
  cop_0588_lp_s1    393.71046      0.000    124  
  cop_0589_lp_s1    142.10545      0.000    461  
  cop_0590_lp_s1    418.60719      0.000    175  
  cop_0591_lp_s1    922.62348      0.000     95  
  cop_0592_lp_s1    190.05744      0.000    313  
  cop_0593_lp_s1     27.06519      0.000    999  
  cop_0594_lp_s1     54.75753      0.000    860  
  cop_0595_lp_s1    158.00226      0.000    545  
  cop_0596_lp_s1     60.18963      0.000    829  
  cop_0597_lp_s1    121.54362      0.000    530  
  cop_0598_lp_s1     57.17711      0.000    872  
  cop_0599_lp_s1    186.69267      0.000    297  
  cop_0600_lp_s1     83.72524      0.000    749  
  cop_0601_lp_s1    112.46527      0.000    618  
  cop_0602_lp_s1    293.16502      0.000    352  
  cop_0603_lp_s1    545.08073      0.000    123  
  cop_0604_lp_s1     38.90748      0.000    961  
  cop_0605_lp_s1    342.72223      0.000      2  
  cop_0606_lp_s1    124.47518      0.000    509  
  cop_0607_lp_s1    393.15045      0.000    169  
  cop_0608_lp_s1   1089.05815      0.000    149  
  cop_0609_lp_s1    194.70973      0.000    329  
  cop_0610_lp_s1    212.43698      0.000    156  
  cop_0611_lp_s1    179.84402      0.000    343  
  cop_0612_lp_s1    490.53646      0.000    390  
  cop_0613_lp_s1    295.04759      0.000    379  
  cop_0614_lp_s1    222.20408      0.000    173  
  cop_0615_lp_s1     88.23628      0.000    533  
  cop_0616_lp_s1    162.07154      0.000    572  
  cop_0617_lp_s1    197.53694      0.000    339  
  cop_0618_lp_s1    213.51798      0.000    393  
  cop_0619_lp_s1    290.29635      0.000    316  
  cop_0620_lp_s1    117.11699      0.000    555  
  cop_0621_lp_s1    267.41287      0.000    304  
  cop_0622_lp_s1     41.59669      0.000    950  
  cop_0623_lp_s1    186.02256      0.000    231  
  cop_0624_lp_s1     66.54162      0.000    798  
  cop_0625_lp_s1    125.43463      0.000    402  
  cop_0626_lp_s1   1026.08437      0.000     74  
  cop_0627_lp_s1    172.04705      0.000    296  
  cop_0628_lp_s1     52.23364      0.000    897  
  cop_0629_lp_s1     57.71547      0.000    845  
  cop_0630_lp_s1    160.88143      0.000    492  
  cop_0631_lp_s1     55.25916      0.000    831  
  cop_0632_lp_s1    372.11677      0.000     79  
  cop_0633_lp_s1     95.89130      0.000    617  
  cop_0634_lp_s1     64.33193      0.000    789  
  cop_0635_lp_s1     64.66342      0.000    835  
  cop_0636_lp_s1    143.92630      0.000    473  
  cop_0637_lp_s1    798.24515      0.000     80  
  cop_0638_lp_s1    115.17037      0.000    573  
  cop_0639_lp_s1    145.62354      0.000    565  
  cop_0640_lp_s1    140.03044      0.000    630  
  cop_0641_lp_s1    175.08132      0.000    442  
  cop_0642_lp_s1     68.42542      0.000    786  
  cop_0643_lp_s1    147.60647      0.000    413  
  cop_0644_lp_s1    190.55664      0.000    307  
  cop_0645_lp_s1    177.40029      0.000    491  
  cop_0646_lp_s1    155.82612      0.000    385  
  cop_0647_lp_s1    107.36447      0.000    605  
  cop_0648_lp_s1    385.87753      0.000    177  
  cop_0649_lp_s1    137.94039      0.000    511  
  cop_0650_lp_s1     91.55565      0.000    707  
  cop_0651_lp_s1    131.36964      0.000    497  
  cop_0652_lp_s1     41.47863      0.000    943  
  cop_0653_lp_s1    118.11400      0.000    597  
  cop_0654_lp_s1     31.43291      0.000    996  
  cop_0655_lp_s1    238.99561      0.000    298  
  cop_0656_lp_s1    961.77452      0.000    255  
  cop_0657_lp_s1   1931.62254      0.000     91  
  cop_0658_lp_s1    220.57173      0.000    341  
  cop_0659_lp_s1    200.59443      0.000    384  
  cop_0660_lp_s1     56.24980      0.000    867  
  cop_0661_lp_s1     39.38061      0.000    968  
  cop_0662_lp_s1    241.44075      0.000    407  
  cop_0663_lp_s1    368.76726      0.000    137  
  cop_0664_lp_s1     69.58967      0.000    807  
  cop_0665_lp_s1     35.95175      0.000    984  
  cop_0666_lp_s1     93.58348      0.000    599  
  cop_0667_lp_s1     87.51125      0.000    663  
  cop_0668_lp_s1    120.58932      0.000    377  
  cop_0669_lp_s1    467.21598      0.000    250  
  cop_0670_lp_s1   3778.25623      0.000     16  
  cop_0671_lp_s1    156.09792      0.000    412  
  cop_0672_lp_s1    116.44804      0.000    583  
  cop_0673_lp_s1    125.26406      0.000    551  
  cop_0674_lp_s1    190.52577      0.000     43  
  cop_0675_lp_s1    379.55339      0.000     97  
  cop_0676_lp_s1    200.25244      0.000    246  
  cop_0677_lp_s1    321.60987      0.000    282  
  cop_0678_lp_s1    611.08918      0.000    232  
  cop_0679_lp_s1   3806.94518      0.000      9  
  cop_0680_lp_s1    281.03453      0.000    389  
  cop_0681_lp_s1    471.21531      0.000    264  
  cop_0682_lp_s1    138.55561      0.000    619  
  cop_0683_lp_s1     66.36782      0.000    804  
  cop_0684_lp_s1     52.66476      0.000    896  
  cop_0685_lp_s1     52.15921      0.000    892  
  cop_0686_lp_s1     45.37442      0.000    924  
  cop_0687_lp_s1    490.61325      0.000    263  
  cop_0688_lp_s1     84.58019      0.000    464  
  cop_0689_lp_s1     55.15773      0.000    894  
  cop_0690_lp_s1   1864.76496      0.000     19  
  cop_0691_lp_s1     44.86781      0.000    925  
  cop_0692_lp_s1     53.28871      0.000    889  
  cop_0693_lp_s1    186.06813      0.000    494  
  cop_0694_lp_s1     78.34793      0.000    783  
  cop_0695_lp_s1    150.01257      0.000    308  
  cop_0696_lp_s1     40.54283      0.000    954  
  cop_0697_lp_s1     70.26832      0.000    780  
  cop_0698_lp_s1    124.97006      0.000    501  
  cop_0699_lp_s1    290.34026      0.000    171  
  cop_0700_lp_s1   1060.08071      0.000    105  
  cop_0701_lp_s1    189.33563      0.000    251  
  cop_0702_lp_s1     51.58666      0.000    913  
  cop_0703_lp_s1    115.89613      0.000    607  
  cop_0704_lp_s1   2512.22878      0.000    205  
  cop_0705_lp_s1     64.27552      0.000    796  
  cop_0706_lp_s1     90.40647      0.000    677  
  cop_0707_lp_s1     43.96267      0.000    928  
  cop_0708_lp_s1     39.91233      0.000    956  
  cop_0709_lp_s1    310.95120      0.000    287  
  cop_0710_lp_s1    315.86932      0.000    196  
  cop_0711_lp_s1     60.03776      0.000    816  
  cop_0712_lp_s1    132.15267      0.000    476  
  cop_0713_lp_s1    195.47776      0.000    438  
  cop_0714_lp_s1    218.32503      0.000    383  
  cop_0715_lp_s1     34.22430      0.000    986  
  cop_0716_lp_s1    230.35477      0.000    280  
  cop_0717_lp_s1     39.56520      0.000    959  
  cop_0718_lp_s1    920.16836      0.000    163  
  cop_0719_lp_s1     95.22901      0.000    574  
  cop_0720_lp_s1     41.14174      0.000    957  
  cop_0721_lp_s1    315.86614      0.000    190  
  cop_0722_lp_s1    348.74448      0.000    157  
  cop_0723_lp_s1     95.86587      0.000    693  
  cop_0724_lp_s1    422.23665      0.000    217  
  cop_0725_lp_s1     92.91895      0.000    698  
  cop_0726_lp_s1    178.96052      0.000    283  
  cop_0727_lp_s1     88.10139      0.000    655  
  cop_0728_lp_s1    173.94168      0.000    422  
  cop_0729_lp_s1    120.01812      0.000    600  
  cop_0730_lp_s1    145.27459      0.000    525  
  cop_0731_lp_s1    100.13581      0.000    547  
  cop_0732_lp_s1    256.38227      0.000    139  
  cop_0733_lp_s1    137.51507      0.000    477  
  cop_0734_lp_s1    250.69145      0.000    276  
  cop_0735_lp_s1     48.74821      0.000    903  
  cop_0736_lp_s1     67.33339      0.000    771  
  cop_0737_lp_s1    367.20638      0.000    344  
  cop_0738_lp_s1     51.33469      0.000    883  
  cop_0739_lp_s1   1776.50369      0.000    226  
  cop_0740_lp_s1     37.42405      0.000    972  
  cop_0741_lp_s1    127.35073      0.000    478  
  cop_0742_lp_s1     52.12036      0.000    890  
  cop_0743_lp_s1    101.78156      0.000    641  
  cop_0744_lp_s1    357.77276      0.000    229  
  cop_0745_lp_s1    894.49504      0.000    332  
  cop_0746_lp_s1    651.92764      0.000    328  
  cop_0747_lp_s1    275.62590      0.000    159  
  cop_0748_lp_s1     68.89054      0.000    773  
  cop_0749_lp_s1     89.49974      0.000    637  
  cop_0750_lp_s1     55.18843      0.000    876  
  cop_0751_lp_s1     39.61679      0.000    964  
  cop_0752_lp_s1   1263.85773      0.000    127  
  cop_0753_lp_s1    146.05382      0.000    502  
  cop_0754_lp_s1    329.80750      0.000    364  
  cop_0755_lp_s1    141.84821      0.000    515  
  cop_0756_lp_s1     48.64850      0.000    899  
  cop_0757_lp_s1     52.87870      0.000    875  
  cop_0758_lp_s1    151.95939      0.000    586  
  cop_0759_lp_s1    134.87469      0.000    475  
  cop_0760_lp_s1    227.51258      0.000    463  
  cop_0761_lp_s1    169.91882      0.000    439  
  cop_0762_lp_s1    119.92365      0.000    556  
  cop_0763_lp_s1     55.46597      0.000    877  
  cop_0764_lp_s1     59.05951      0.000    819  
  cop_0765_lp_s1     85.06699      0.000    642  
  cop_0766_lp_s1     79.91540      0.000    743  
  cop_0767_lp_s1    509.95802      0.000    224  
  cop_0768_lp_s1  10437.50276      0.000    155  
  cop_0769_lp_s1    168.02010      0.000    225  
  cop_0770_lp_s1    164.83079      0.000    496  
  cop_0771_lp_s1    179.77226      0.000    294  
  cop_0772_lp_s1     71.18758      0.000    794  
  cop_0773_lp_s1     42.90663      0.000    952  
  cop_0774_lp_s1     41.92226      0.000    946  
  cop_0775_lp_s1    118.30282      0.000    437  
  cop_0776_lp_s1     83.04800      0.000    559  
  cop_0777_lp_s1     45.72951      0.000    922  
  cop_0778_lp_s1     59.65059      0.000    838  
  cop_0779_lp_s1    112.04705      0.000    566  
  cop_0780_lp_s1     66.46324      0.000    745  
  cop_0781_lp_s1    553.32079      0.000    182  
  cop_0782_lp_s1     63.45466      0.000    805  
  cop_0783_lp_s1   1836.42694      0.000    314  
  cop_0784_lp_s1     51.41919      0.000    886  
  cop_0785_lp_s1    807.75504      0.000     72  
  cop_0786_lp_s1    251.76964      0.000    199  
  cop_0787_lp_s1   1271.31113      0.000     28  
  cop_0788_lp_s1    295.39319      0.000    337  
  cop_0789_lp_s1    288.17896      0.000    394  
  cop_0790_lp_s1    151.93722      0.000    421  
  cop_0791_lp_s1    126.81383      0.000    427  
  cop_0792_lp_s1   1042.13880      0.000     85  
  cop_0793_lp_s1     65.28423      0.000    803  
  cop_0794_lp_s1     81.72593      0.000    732  
  cop_0795_lp_s1    144.62045      0.000    569  
  cop_0796_lp_s1     53.25341      0.000    893  
  cop_0797_lp_s1    114.00512      0.000    588  
  cop_0798_lp_s1     88.17260      0.000    576  
  cop_0799_lp_s1   1122.89632      0.000    253  
  cop_0800_lp_s1    101.81046      0.000    514  
  cop_0801_lp_s1     31.29425      0.000    994  
  cop_0802_lp_s1    113.48733      0.000    453  
  cop_0803_lp_s1     79.12044      0.000    746  
  cop_0804_lp_s1    202.18135      0.000    278  
  cop_0805_lp_s1    151.67186      0.000    419  
  cop_0806_lp_s1     79.54887      0.000    722  
  cop_0807_lp_s1    361.56553      0.000    166  
  cop_0808_lp_s1    219.25606      0.000    235  
  cop_0809_lp_s1    992.45786      0.000     59  
  cop_0810_lp_s1    981.29481      0.000    266  
  cop_0811_lp_s1    596.84421      0.000    185  
  cop_0812_lp_s1    273.89900      0.000     48  
  cop_0813_lp_s1    199.72924      0.000     62  
  cop_0814_lp_s1    106.96996      0.000    678  
  cop_0815_lp_s1     88.01569      0.000    626  
  cop_0816_lp_s1    952.62463      0.000     90  
  cop_0817_lp_s1    173.12007      0.000    227  
  cop_0818_lp_s1    183.88716      0.000    265  
  cop_0819_lp_s1    163.25583      0.000    418  
  cop_0820_lp_s1     56.30716      0.000    874  
  cop_0821_lp_s1     63.71158      0.000    826  
  cop_0822_lp_s1    334.72500      0.000    245  
  cop_0823_lp_s1   1103.77304      0.000     87  
  cop_0824_lp_s1     38.40098      0.000    965  
  cop_0825_lp_s1     75.03399      0.000    731  
  cop_0826_lp_s1     43.64635      0.000    931  
  cop_0827_lp_s1     57.56279      0.000    847  
  cop_0828_lp_s1    267.93737      0.000    257  
  cop_0829_lp_s1    161.23595      0.000    274  
  cop_0830_lp_s1    766.14328      0.000    259  
  cop_0831_lp_s1    131.89855      0.000    550  
  cop_0832_lp_s1     36.95839      0.000    977  
  cop_0833_lp_s1    901.44958      0.000    133  
  cop_0834_lp_s1     71.42870      0.000    718  
  cop_0835_lp_s1    213.33773      0.000    176  
  cop_0836_lp_s1    357.95689      0.000    340  
  cop_0837_lp_s1    209.74949      0.000    188  
  cop_0838_lp_s1     86.21307      0.000    753  
  cop_0839_lp_s1    418.64211      0.000    219  
  cop_0840_lp_s1    123.92802      0.000    539  
  cop_0841_lp_s1     50.95231      0.000    906  
  cop_0842_lp_s1    441.31196      0.000     61  
  cop_0843_lp_s1     88.87961      0.000    628  
  cop_0844_lp_s1     97.85360      0.000    717  
  cop_0845_lp_s1    612.20598      0.000     41  
  cop_0846_lp_s1    629.18207      0.000     81  
  cop_0847_lp_s1    307.05491      0.000    222  
  cop_0848_lp_s1     81.27647      0.000    682  
  cop_0849_lp_s1     53.53400      0.000    880  
  cop_0850_lp_s1     86.18518      0.000    712  
  cop_0851_lp_s1    293.14621      0.000    315  
  cop_0852_lp_s1     59.10541      0.000    848  
  cop_0853_lp_s1     77.86075      0.000    727  
  cop_0854_lp_s1     62.17321      0.000    817  
  cop_0855_lp_s1    104.30927      0.000    535  
  cop_0856_lp_s1    291.77875      0.000    131  
  cop_0857_lp_s1     84.42905      0.000    602  
  cop_0858_lp_s1     95.74130      0.000    610  
  cop_0859_lp_s1     50.86010      0.000    908  
  cop_0860_lp_s1    760.86122      0.000    119  
  cop_0861_lp_s1    150.12083      0.000    366  
  cop_0862_lp_s1     61.60261      0.000    858  
  cop_0863_lp_s1     61.43885      0.000    795  
  cop_0864_lp_s1     92.44920      0.000    585  
  cop_0865_lp_s1    316.54057      0.000    211  
  cop_0866_lp_s1    104.47787      0.000    640  
  cop_0867_lp_s1     56.85683      0.000    833  
  cop_0868_lp_s1    629.37475      0.000    153  
  cop_0869_lp_s1    224.94948      0.000    285  
  cop_0870_lp_s1   2383.86019      0.000     46  
  cop_0871_lp_s1     53.14335      0.000    885  
  cop_0872_lp_s1    121.94672      0.000    440  
  cop_0873_lp_s1    188.46087      0.000    357  
  cop_0874_lp_s1     59.51357      0.000    824  
  cop_0875_lp_s1     99.69778      0.000    540  
  cop_0876_lp_s1     87.50565      0.000    740  
  cop_0877_lp_s1     98.46437      0.000    571  
  cop_0878_lp_s1     74.08405      0.000    782  
  cop_0879_lp_s1     92.01281      0.000    522  
  cop_0880_lp_s1     75.63382      0.000    760  
  cop_0881_lp_s1    118.44387      0.000    534  
  cop_0882_lp_s1     67.20145      0.000    818  
  cop_0883_lp_s1    426.30154      0.000    286  
  cop_0884_lp_s1     59.21317      0.000    836  
  cop_0885_lp_s1    252.26714      0.000    193  
  cop_0886_lp_s1     50.89888      0.000    895  
  cop_0887_lp_s1    265.20973      0.000     44  
  cop_0888_lp_s1    208.33602      0.000    152  
  cop_0889_lp_s1    112.14743      0.000    508  
  cop_0890_lp_s1    536.36408      0.000     23  
  cop_0891_lp_s1     91.63551      0.000    532  
  cop_0892_lp_s1    146.95470      0.000    441  
  cop_0893_lp_s1    102.77035      0.000    591  
  cop_0894_lp_s1    254.48643      0.000    356  
  cop_0895_lp_s1     92.02963      0.000    624  
  cop_0896_lp_s1     82.74795      0.000    660  
  cop_0897_lp_s1     44.80307      0.000    929  
  cop_0898_lp_s1     56.16142      0.000    851  
  cop_0899_lp_s1     46.66402      0.000    907  
  cop_0900_lp_s1    901.25571      0.000    144  
  cop_0901_lp_s1    118.92352      0.000    409  
  cop_0902_lp_s1     45.62102      0.000    920  
  cop_0903_lp_s1    220.73448      0.000    458  
  cop_0904_lp_s1     65.89305      0.000    822  
  cop_0905_lp_s1     24.10274      1.000      -  yes
  cop_0906_lp_s1     45.08863      0.000    926  
  cop_0907_lp_s1    436.84711      0.000     11  
  cop_0908_lp_s1    361.57529      0.000    486  
  cop_0909_lp_s1    215.25948      0.000    443  
  cop_0910_lp_s1    131.30346      0.000    577  
  cop_0911_lp_s1     78.06192      0.000    766  
  cop_0912_lp_s1    162.87893      0.000    480  
  cop_0913_lp_s1     50.15248      0.000    888  
  cop_0914_lp_s1     51.79728      0.000    881  
  cop_0915_lp_s1    179.23844      0.000    277  
  cop_0916_lp_s1    225.29020      0.000    403  
  cop_0917_lp_s1     33.19741      0.000    989  
  cop_0918_lp_s1    555.18496      0.000      3  
  cop_0919_lp_s1    878.17515      0.000    279  
  cop_0920_lp_s1    176.78443      0.000    500  
  cop_0921_lp_s1    174.74668      0.000    537  
  cop_0922_lp_s1    234.40308      0.000    228  
  cop_0923_lp_s1    109.28478      0.000    633  
  cop_0924_lp_s1   1531.44521      0.000    398  
  cop_0925_lp_s1    158.57265      0.000    489  
  cop_0926_lp_s1    735.76622      0.000    150  
  cop_0927_lp_s1    256.52063      0.000    360  
  cop_0928_lp_s1   2282.24022      0.000     77  
  cop_0929_lp_s1    551.52006      0.000    134  
  cop_0930_lp_s1    168.78197      0.000    331  
  cop_0931_lp_s1     36.52817      0.000    980  
  cop_0932_lp_s1    880.78288      0.000    104  
  cop_0933_lp_s1    290.87255      0.000    223  
  cop_0934_lp_s1    194.15827      0.000    275  
  cop_0935_lp_s1    247.46164      0.000    237  
  cop_0936_lp_s1    223.90451      0.000    268  
  cop_0937_lp_s1     60.53696      0.000    854  
  cop_0938_lp_s1    443.17723      0.000    174  
  cop_0939_lp_s1    151.11747      0.000    203  
  cop_0940_lp_s1    371.79853      0.000     13  
  cop_0941_lp_s1     82.98141      0.000    593  
  cop_0942_lp_s1    881.31378      0.000     82  
  cop_0943_lp_s1     52.51245      0.000    882  
  cop_0944_lp_s1    196.46177      0.000    425  
  cop_0945_lp_s1    394.86266      0.000    359  
  cop_0946_lp_s1    405.12066      0.000    233  
  cop_0947_lp_s1    301.92307      0.000    252  
  cop_0948_lp_s1     92.19716      0.000    769  
  cop_0949_lp_s1    382.02558      0.000     67  
  cop_0950_lp_s1     71.72689      0.000    761  
  cop_0951_lp_s1     73.81364      0.000    764  
  cop_0952_lp_s1    101.24535      0.000    667  
  cop_0953_lp_s1    164.22108      0.000    374  
  cop_0954_lp_s1    169.47771      0.000    213  
  cop_0955_lp_s1     99.95023      0.000    645  
  cop_0956_lp_s1    138.58285      0.000    397  
  cop_0957_lp_s1    274.86795      0.000    301  
  cop_0958_lp_s1   1372.52052      0.000    178  
  cop_0959_lp_s1    118.73982      0.000    471  
  cop_0960_lp_s1    177.17714      0.000    348  
  cop_0961_lp_s1    201.71486      0.000    520  
  cop_0962_lp_s1    105.27171      0.000    595  
  cop_0963_lp_s1    107.96781      0.000    570  
  cop_0964_lp_s1     88.59607      0.000    690  
  cop_0965_lp_s1    621.98167      0.000    141  
  cop_0966_lp_s1    451.37964      0.000     32  
  cop_0967_lp_s1    685.68302      0.000     25  
  cop_0968_lp_s1     79.36582      0.000    695  
  cop_0969_lp_s1     58.97562      0.000    830  
  cop_0970_lp_s1     33.01682      0.000    990  
  cop_0971_lp_s1     39.48274      0.000    966  
  cop_0972_lp_s1     53.76403      0.000    843  
  cop_0973_lp_s1    159.59568      0.000    544  
  cop_0974_lp_s1    113.06869      0.000    622  
  cop_0975_lp_s1    230.09967      0.000    162  
  cop_0976_lp_s1    171.80221      0.000    428  
  cop_0977_lp_s1    661.12156      0.000     21  
  cop_0978_lp_s1    103.03658      0.000    587  
  cop_0979_lp_s1     86.57931      0.000    664  
  cop_0980_lp_s1    676.19127      0.000    135  
  cop_0981_lp_s1    327.21802      0.000    147  
  cop_0982_lp_s1     98.12229      0.000    702  
  cop_0983_lp_s1    219.25978      0.000    305  
  cop_0984_lp_s1    373.22314      0.000     57  
  cop_0985_lp_s1    182.66131      0.000    447  
  cop_0986_lp_s1     86.24246      0.000    728  
  cop_0987_lp_s1    211.56972      0.000    430  
  cop_0988_lp_s1    121.11906      0.000    330  
  cop_0989_lp_s1    548.85611      0.000    220  
  cop_0990_lp_s1    352.98848      0.000    215  
  cop_0991_lp_s1    133.99145      0.000    299  
  cop_0992_lp_s1    287.05814      0.000    180  
  cop_0993_lp_s1    185.77896      0.000    210  
  cop_0994_lp_s1     66.79949      0.000    810  
  cop_0995_lp_s1     80.09242      0.000    759  
  cop_0996_lp_s1     82.86413      0.000    705  
  cop_0997_lp_s1    287.61275      0.000    110  
  cop_0998_lp_s1     92.69857      0.000    670  
  cop_0999_lp_s1    113.14344      0.000    638  
  cop_1000_lp_s1     91.25565      0.000    596  
  eliminated, worst first: cop_0375_lp_s1 cop_0605_lp_s1 cop_0918_lp_s1 cop_0212_lp_s1 cop_0511_lp_s1 cop_0549_lp_s1 cop_0158_lp_s1 cop_0089_lp_s1 cop_0679_lp_s1 cop_0184_lp_s1 cop_0907_lp_s1 cop_0579_lp_s1 cop_0940_lp_s1 cop_0086_lp_s1 cop_0154_lp_s1 cop_0670_lp_s1 cop_0012_lp_s1 cop_0325_lp_s1 cop_0690_lp_s1 cop_0333_lp_s1 cop_0977_lp_s1 cop_0508_lp_s1 cop_0890_lp_s1 cop_0244_lp_s1 cop_0967_lp_s1 cop_0114_lp_s1 cop_0188_lp_s1 cop_0787_lp_s1 cop_0584_lp_s1 cop_0096_lp_s1 cop_0175_lp_s1 cop_0966_lp_s1 cop_0095_lp_s1 cop_0217_lp_s1 cop_0328_lp_s1 cop_0456_lp_s1 cop_0253_lp_s1 cop_0528_lp_s1 cop_0354_lp_s1 cop_0160_lp_s1 cop_0845_lp_s1 cop_0548_lp_s1 cop_0674_lp_s1 cop_0887_lp_s1 cop_0323_lp_s1 cop_0870_lp_s1 cop_0084_lp_s1 cop_0812_lp_s1 cop_0049_lp_s1 cop_0009_lp_s1 cop_0167_lp_s1 cop_0411_lp_s1 cop_0393_lp_s1 cop_0080_lp_s1 cop_0473_lp_s1 cop_0056_lp_s1 cop_0984_lp_s1 cop_0381_lp_s1 cop_0809_lp_s1 cop_0362_lp_s1 cop_0842_lp_s1 cop_0813_lp_s1 cop_0535_lp_s1 cop_0445_lp_s1 cop_0115_lp_s1 cop_0229_lp_s1 cop_0949_lp_s1 cop_0468_lp_s1 cop_0230_lp_s1 cop_0370_lp_s1 cop_0214_lp_s1 cop_0785_lp_s1 cop_0550_lp_s1 cop_0626_lp_s1 cop_0558_lp_s1 cop_0085_lp_s1 cop_0928_lp_s1 cop_0287_lp_s1 cop_0632_lp_s1 cop_0637_lp_s1 cop_0846_lp_s1 cop_0942_lp_s1 cop_0043_lp_s1 cop_0387_lp_s1 cop_0792_lp_s1 cop_0178_lp_s1 cop_0823_lp_s1 cop_0278_lp_s1 cop_0276_lp_s1 cop_0816_lp_s1 cop_0657_lp_s1 cop_0300_lp_s1 cop_0130_lp_s1 cop_0270_lp_s1 cop_0591_lp_s1 cop_0484_lp_s1 cop_0675_lp_s1 cop_0041_lp_s1 cop_0414_lp_s1 cop_0412_lp_s1 cop_0257_lp_s1 cop_0344_lp_s1 cop_0123_lp_s1 cop_0932_lp_s1 cop_0700_lp_s1 cop_0329_lp_s1 cop_0046_lp_s1 cop_0363_lp_s1 cop_0251_lp_s1 cop_0997_lp_s1 cop_0119_lp_s1 cop_0582_lp_s1 cop_0308_lp_s1 cop_0336_lp_s1 cop_0560_lp_s1 cop_0567_lp_s1 cop_0491_lp_s1 cop_0366_lp_s1 cop_0860_lp_s1 cop_0052_lp_s1 cop_0155_lp_s1 cop_0499_lp_s1 cop_0603_lp_s1 cop_0588_lp_s1 cop_0521_lp_s1 cop_0392_lp_s1 cop_0752_lp_s1 cop_0406_lp_s1 cop_0342_lp_s1 cop_0425_lp_s1 cop_0856_lp_s1 cop_0026_lp_s1 cop_0833_lp_s1 cop_0929_lp_s1 cop_0980_lp_s1 cop_0551_lp_s1 cop_0663_lp_s1 cop_0088_lp_s1 cop_0732_lp_s1 cop_0327_lp_s1 cop_0965_lp_s1 cop_0262_lp_s1 cop_0092_lp_s1 cop_0900_lp_s1 cop_0098_lp_s1 cop_0326_lp_s1 cop_0981_lp_s1 cop_0013_lp_s1 cop_0608_lp_s1 cop_0926_lp_s1 cop_0222_lp_s1 cop_0888_lp_s1 cop_0868_lp_s1 cop_0038_lp_s1 cop_0768_lp_s1 cop_0610_lp_s1 cop_0722_lp_s1 cop_0168_lp_s1 cop_0747_lp_s1 cop_0572_lp_s1 cop_0471_lp_s1 cop_0975_lp_s1 cop_0718_lp_s1 cop_0020_lp_s1 cop_0487_lp_s1 cop_0807_lp_s1 cop_0357_lp_s1 cop_0159_lp_s1 cop_0607_lp_s1 cop_0058_lp_s1 cop_0699_lp_s1 cop_0332_lp_s1 cop_0614_lp_s1 cop_0938_lp_s1 cop_0590_lp_s1 cop_0835_lp_s1 cop_0648_lp_s1 cop_0958_lp_s1 cop_0271_lp_s1 cop_0992_lp_s1 cop_0018_lp_s1 cop_0781_lp_s1 cop_0266_lp_s1 cop_0063_lp_s1 cop_0811_lp_s1 cop_0206_lp_s1 cop_0586_lp_s1 cop_0837_lp_s1 cop_0238_lp_s1 cop_0721_lp_s1 cop_0455_lp_s1 cop_0402_lp_s1 cop_0885_lp_s1 cop_0060_lp_s1 cop_0421_lp_s1 cop_0710_lp_s1 cop_0273_lp_s1 cop_0576_lp_s1 cop_0786_lp_s1 cop_0391_lp_s1 cop_0021_lp_s1 cop_0562_lp_s1 cop_0939_lp_s1 cop_0177_lp_s1 cop_0704_lp_s1 cop_0245_lp_s1 cop_0532_lp_s1 cop_0539_lp_s1 cop_0104_lp_s1 cop_0993_lp_s1 cop_0865_lp_s1 cop_0140_lp_s1 cop_0954_lp_s1 cop_0083_lp_s1 cop_0990_lp_s1 cop_0137_lp_s1 cop_0724_lp_s1 cop_0430_lp_s1 cop_0839_lp_s1 cop_0989_lp_s1 cop_0388_lp_s1 cop_0847_lp_s1 cop_0933_lp_s1 cop_0767_lp_s1 cop_0769_lp_s1 cop_0739_lp_s1 cop_0817_lp_s1 cop_0922_lp_s1 cop_0744_lp_s1 cop_0259_lp_s1 cop_0623_lp_s1 cop_0678_lp_s1 cop_0946_lp_s1 cop_0272_lp_s1 cop_0808_lp_s1 cop_0475_lp_s1 cop_0935_lp_s1 cop_0202_lp_s1 cop_0575_lp_s1 cop_0209_lp_s1 cop_0401_lp_s1 cop_0515_lp_s1 cop_0365_lp_s1 cop_0452_lp_s1 cop_0822_lp_s1 cop_0676_lp_s1 cop_0505_lp_s1 cop_0101_lp_s1 cop_0192_lp_s1 cop_0669_lp_s1 cop_0701_lp_s1 cop_0947_lp_s1 cop_0799_lp_s1 cop_0345_lp_s1 cop_0656_lp_s1 cop_0264_lp_s1 cop_0828_lp_s1 cop_0263_lp_s1 cop_0830_lp_s1 cop_0486_lp_s1 cop_0330_lp_s1 cop_0379_lp_s1 cop_0687_lp_s1 cop_0681_lp_s1 cop_0818_lp_s1 cop_0810_lp_s1 cop_0339_lp_s1 cop_0936_lp_s1 cop_0247_lp_s1 cop_0545_lp_s1 cop_0261_lp_s1 cop_0565_lp_s1 cop_0304_lp_s1 cop_0829_lp_s1 cop_0934_lp_s1 cop_0734_lp_s1 cop_0915_lp_s1 cop_0804_lp_s1 cop_0919_lp_s1 cop_0716_lp_s1 cop_0297_lp_s1 cop_0677_lp_s1 cop_0726_lp_s1 cop_0022_lp_s1 cop_0869_lp_s1 cop_0883_lp_s1 cop_0709_lp_s1 cop_0090_lp_s1 cop_0122_lp_s1 cop_0053_lp_s1 cop_0233_lp_s1 cop_0190_lp_s1 cop_0447_lp_s1 cop_0771_lp_s1 cop_0442_lp_s1 cop_0627_lp_s1 cop_0599_lp_s1 cop_0655_lp_s1 cop_0991_lp_s1 cop_0461_lp_s1 cop_0957_lp_s1 cop_0310_lp_s1 cop_0376_lp_s1 cop_0621_lp_s1 cop_0983_lp_s1 cop_0195_lp_s1 cop_0644_lp_s1 cop_0695_lp_s1 cop_0219_lp_s1 cop_0573_lp_s1 cop_0074_lp_s1 cop_0301_lp_s1 cop_0592_lp_s1 cop_0783_lp_s1 cop_0851_lp_s1 cop_0619_lp_s1 cop_0216_lp_s1 cop_0034_lp_s1 cop_0067_lp_s1 cop_0210_lp_s1 cop_0197_lp_s1 cop_0064_lp_s1 cop_0563_lp_s1 cop_0279_lp_s1 cop_0512_lp_s1 cop_0164_lp_s1 cop_0488_lp_s1 cop_0746_lp_s1 cop_0609_lp_s1 cop_0988_lp_s1 cop_0930_lp_s1 cop_0745_lp_s1 cop_0232_lp_s1 cop_0051_lp_s1 cop_0555_lp_s1 cop_0025_lp_s1 cop_0788_lp_s1 cop_0359_lp_s1 cop_0617_lp_s1 cop_0836_lp_s1 cop_0658_lp_s1 cop_0380_lp_s1 cop_0611_lp_s1 cop_0737_lp_s1 cop_0275_lp_s1 cop_0448_lp_s1 cop_0556_lp_s1 cop_0960_lp_s1 cop_0290_lp_s1 cop_0291_lp_s1 cop_0315_lp_s1 cop_0602_lp_s1 cop_0068_lp_s1 cop_0405_lp_s1 cop_0341_lp_s1 cop_0894_lp_s1 cop_0873_lp_s1 cop_0303_lp_s1 cop_0945_lp_s1 cop_0927_lp_s1 cop_0260_lp_s1 cop_0449_lp_s1 cop_0385_lp_s1 cop_0754_lp_s1 cop_0454_lp_s1 cop_0861_lp_s1 cop_0138_lp_s1 cop_0133_lp_s1 cop_0093_lp_s1 cop_0583_lp_s1 cop_0176_lp_s1 cop_0524_lp_s1 cop_0358_lp_s1 cop_0953_lp_s1 cop_0419_lp_s1 cop_0189_lp_s1 cop_0668_lp_s1 cop_0483_lp_s1 cop_0613_lp_s1 cop_0014_lp_s1 cop_0400_lp_s1 cop_0059_lp_s1 cop_0714_lp_s1 cop_0659_lp_s1 cop_0646_lp_s1 cop_0433_lp_s1 cop_0015_lp_s1 cop_0071_lp_s1 cop_0680_lp_s1 cop_0612_lp_s1 cop_0337_lp_s1 cop_0557_lp_s1 cop_0618_lp_s1 cop_0789_lp_s1 cop_0443_lp_s1 cop_0042_lp_s1 cop_0956_lp_s1 cop_0924_lp_s1 cop_0193_lp_s1 cop_0517_lp_s1 cop_0311_lp_s1 cop_0625_lp_s1 cop_0916_lp_s1 cop_0073_lp_s1 cop_0493_lp_s1 cop_0055_lp_s1 cop_0662_lp_s1 cop_0153_lp_s1 cop_0901_lp_s1 cop_0360_lp_s1 cop_0132_lp_s1 cop_0671_lp_s1 cop_0643_lp_s1 cop_0389_lp_s1 cop_0427_lp_s1 cop_0416_lp_s1 cop_0490_lp_s1 cop_0819_lp_s1 cop_0805_lp_s1 cop_0324_lp_s1 cop_0790_lp_s1 cop_0728_lp_s1 cop_0129_lp_s1 cop_0111_lp_s1 cop_0944_lp_s1 cop_0008_lp_s1 cop_0791_lp_s1 cop_0976_lp_s1 cop_0470_lp_s1 cop_0987_lp_s1 cop_0223_lp_s1 cop_0383_lp_s1 cop_0537_lp_s1 cop_0580_lp_s1 cop_0415_lp_s1 cop_0438_lp_s1 cop_0775_lp_s1 cop_0713_lp_s1 cop_0761_lp_s1 cop_0872_lp_s1 cop_0892_lp_s1 cop_0641_lp_s1 cop_0909_lp_s1 cop_0069_lp_s1 cop_0249_lp_s1 cop_0547_lp_s1 cop_0985_lp_s1 cop_0436_lp_s1 cop_0076_lp_s1 cop_0078_lp_s1 cop_0006_lp_s1 cop_0163_lp_s1 cop_0802_lp_s1 cop_0295_lp_s1 cop_0050_lp_s1 cop_0065_lp_s1 cop_0236_lp_s1 cop_0903_lp_s1 cop_0286_lp_s1 cop_0418_lp_s1 cop_0589_lp_s1 cop_0187_lp_s1 cop_0760_lp_s1 cop_0688_lp_s1 cop_0568_lp_s1 cop_0496_lp_s1 cop_0446_lp_s1 cop_0395_lp_s1 cop_0485_lp_s1 cop_0309_lp_s1 cop_0959_lp_s1 cop_0398_lp_s1 cop_0636_lp_s1 cop_0023_lp_s1 cop_0759_lp_s1 cop_0712_lp_s1 cop_0733_lp_s1 cop_0741_lp_s1 cop_0331_lp_s1 cop_0912_lp_s1 cop_0077_lp_s1 cop_0451_lp_s1 cop_0143_lp_s1 cop_0242_lp_s1 cop_0386_lp_s1 cop_0908_lp_s1 cop_0372_lp_s1 cop_0284_lp_s1 cop_0925_lp_s1 cop_0268_lp_s1 cop_0645_lp_s1 cop_0630_lp_s1 cop_0007_lp_s1 cop_0693_lp_s1 cop_0472_lp_s1 cop_0770_lp_s1 cop_0651_lp_s1 cop_0541_lp_s1 cop_0322_lp_s1 cop_0920_lp_s1 cop_0698_lp_s1 cop_0753_lp_s1 cop_0507_lp_s1 cop_0198_lp_s1 cop_0420_lp_s1 cop_0553_lp_s1 cop_0404_lp_s1 cop_0889_lp_s1 cop_0606_lp_s1 cop_0409_lp_s1 cop_0649_lp_s1 cop_0204_lp_s1 cop_0283_lp_s1 cop_0800_lp_s1 cop_0755_lp_s1 cop_0504_lp_s1 cop_0224_lp_s1 cop_0476_lp_s1 cop_0110_lp_s1 cop_0961_lp_s1 cop_0319_lp_s1 cop_0879_lp_s1 cop_0029_lp_s1 cop_0235_lp_s1 cop_0730_lp_s1 cop_0340_lp_s1 cop_0305_lp_s1 cop_0113_lp_s1 cop_0578_lp_s1 cop_0597_lp_s1 cop_0282_lp_s1 cop_0891_lp_s1 cop_0615_lp_s1 cop_0881_lp_s1 cop_0855_lp_s1 cop_0048_lp_s1 cop_0921_lp_s1 cop_0439_lp_s1 cop_0840_lp_s1 cop_0875_lp_s1 cop_0124_lp_s1 cop_0434_lp_s1 cop_0151_lp_s1 cop_0973_lp_s1 cop_0595_lp_s1 cop_0459_lp_s1 cop_0731_lp_s1 cop_0546_lp_s1 cop_0492_lp_s1 cop_0831_lp_s1 cop_0673_lp_s1 cop_0462_lp_s1 cop_0028_lp_s1 cop_0045_lp_s1 cop_0620_lp_s1 cop_0762_lp_s1 cop_0384_lp_s1 cop_0307_lp_s1 cop_0776_lp_s1 cop_0394_lp_s1 cop_0432_lp_s1 cop_0141_lp_s1 cop_0237_lp_s1 cop_0248_lp_s1 cop_0639_lp_s1 cop_0779_lp_s1 cop_0495_lp_s1 cop_0116_lp_s1 cop_0795_lp_s1 cop_0963_lp_s1 cop_0877_lp_s1 cop_0616_lp_s1 cop_0638_lp_s1 cop_0719_lp_s1 cop_0081_lp_s1 cop_0798_lp_s1 cop_0910_lp_s1 cop_0227_lp_s1 cop_0352_lp_s1 cop_0215_lp_s1 cop_0585_lp_s1 cop_0531_lp_s1 cop_0672_lp_s1 cop_0302_lp_s1 cop_0864_lp_s1 cop_0758_lp_s1 cop_0978_lp_s1 cop_0797_lp_s1 cop_0417_lp_s1 cop_0569_lp_s1 cop_0893_lp_s1 cop_0218_lp_s1 cop_0941_lp_s1 cop_0180_lp_s1 cop_0962_lp_s1 cop_1000_lp_s1 cop_0653_lp_s1 cop_0203_lp_s1 cop_0666_lp_s1 cop_0729_lp_s1 cop_0131_lp_s1 cop_0857_lp_s1 cop_0234_lp_s1 cop_0296_lp_s1 cop_0647_lp_s1 cop_0506_lp_s1 cop_0703_lp_s1 cop_0146_lp_s1 cop_0169_lp_s1 cop_0858_lp_s1 cop_0128_lp_s1 cop_0453_lp_s1 cop_0407_lp_s1 cop_0348_lp_s1 cop_0226_lp_s1 cop_0465_lp_s1 cop_0633_lp_s1 cop_0601_lp_s1 cop_0682_lp_s1 cop_0200_lp_s1 cop_0431_lp_s1 cop_0974_lp_s1 cop_0033_lp_s1 cop_0895_lp_s1 cop_0156_lp_s1 cop_0815_lp_s1 cop_0174_lp_s1 cop_0843_lp_s1 cop_0502_lp_s1 cop_0640_lp_s1 cop_0027_lp_s1 cop_0559_lp_s1 cop_0923_lp_s1 cop_0208_lp_s1 cop_0171_lp_s1 cop_0477_lp_s1 cop_0749_lp_s1 cop_0999_lp_s1 cop_0467_lp_s1 cop_0866_lp_s1 cop_0743_lp_s1 cop_0765_lp_s1 cop_0087_lp_s1 cop_0144_lp_s1 cop_0955_lp_s1 cop_0181_lp_s1 cop_0378_lp_s1 cop_0125_lp_s1 cop_0522_lp_s1 cop_0564_lp_s1 cop_0017_lp_s1 cop_0514_lp_s1 cop_0408_lp_s1 cop_0373_lp_s1 cop_0727_lp_s1 cop_0441_lp_s1 cop_0293_lp_s1 cop_0239_lp_s1 cop_0228_lp_s1 cop_0896_lp_s1 cop_0566_lp_s1 cop_0355_lp_s1 cop_0667_lp_s1 cop_0979_lp_s1 cop_0250_lp_s1 cop_0003_lp_s1 cop_0952_lp_s1 cop_0280_lp_s1 cop_0196_lp_s1 cop_0998_lp_s1 cop_0091_lp_s1 cop_0318_lp_s1 cop_0536_lp_s1 cop_0030_lp_s1 cop_0587_lp_s1 cop_0294_lp_s1 cop_0706_lp_s1 cop_0814_lp_s1 cop_0243_lp_s1 cop_0463_lp_s1 cop_0543_lp_s1 cop_0848_lp_s1 cop_0523_lp_s1 cop_0126_lp_s1 cop_0292_lp_s1 cop_0258_lp_s1 cop_0032_lp_s1 cop_0170_lp_s1 cop_0349_lp_s1 cop_0964_lp_s1 cop_0117_lp_s1 cop_0186_lp_s1 cop_0723_lp_s1 cop_0082_lp_s1 cop_0968_lp_s1 cop_0035_lp_s1 cop_0194_lp_s1 cop_0725_lp_s1 cop_0371_lp_s1 cop_0108_lp_s1 cop_0497_lp_s1 cop_0982_lp_s1 cop_0489_lp_s1 cop_0225_lp_s1 cop_0996_lp_s1 cop_0005_lp_s1 cop_0650_lp_s1 cop_0127_lp_s1 cop_0150_lp_s1 cop_0377_lp_s1 cop_0265_lp_s1 cop_0850_lp_s1 cop_0474_lp_s1 cop_0001_lp_s1 cop_0542_lp_s1 cop_0094_lp_s1 cop_0844_lp_s1 cop_0834_lp_s1 cop_0011_lp_s1 cop_0312_lp_s1 cop_0097_lp_s1 cop_0806_lp_s1 cop_0040_lp_s1 cop_0179_lp_s1 cop_0185_lp_s1 cop_0162_lp_s1 cop_0853_lp_s1 cop_0986_lp_s1 cop_0221_lp_s1 cop_0037_lp_s1 cop_0825_lp_s1 cop_0794_lp_s1 cop_0252_lp_s1 cop_0364_lp_s1 cop_0498_lp_s1 cop_0403_lp_s1 cop_0019_lp_s1 cop_0382_lp_s1 cop_0103_lp_s1 cop_0876_lp_s1 cop_0039_lp_s1 cop_0313_lp_s1 cop_0766_lp_s1 cop_0105_lp_s1 cop_0780_lp_s1 cop_0803_lp_s1 cop_0314_lp_s1 cop_0520_lp_s1 cop_0600_lp_s1 cop_0320_lp_s1 cop_0288_lp_s1 cop_0581_lp_s1 cop_0838_lp_s1 cop_0220_lp_s1 cop_0571_lp_s1 cop_0165_lp_s1 cop_0075_lp_s1 cop_0246_lp_s1 cop_0995_lp_s1 cop_0880_lp_s1 cop_0950_lp_s1 cop_0289_lp_s1 cop_0120_lp_s1 cop_0951_lp_s1 cop_0423_lp_s1 cop_0911_lp_s1 cop_0199_lp_s1 cop_0482_lp_s1 cop_0948_lp_s1 cop_0540_lp_s1 cop_0736_lp_s1 cop_0369_lp_s1 cop_0748_lp_s1 cop_0099_lp_s1 cop_0530_lp_s1 cop_0479_lp_s1 cop_0500_lp_s1 cop_0109_lp_s1 cop_0010_lp_s1 cop_0697_lp_s1 cop_0061_lp_s1 cop_0878_lp_s1 cop_0694_lp_s1 cop_0112_lp_s1 cop_0413_lp_s1 cop_0642_lp_s1 cop_0351_lp_s1 cop_0464_lp_s1 cop_0634_lp_s1 cop_0458_lp_s1 cop_0460_lp_s1 cop_0450_lp_s1 cop_0466_lp_s1 cop_0772_lp_s1 cop_0863_lp_s1 cop_0705_lp_s1 cop_0316_lp_s1 cop_0624_lp_s1 cop_0353_lp_s1 cop_0513_lp_s1 cop_0183_lp_s1 cop_0149_lp_s1 cop_0793_lp_s1 cop_0683_lp_s1 cop_0782_lp_s1 cop_0255_lp_s1 cop_0664_lp_s1 cop_0121_lp_s1 cop_0070_lp_s1 cop_0994_lp_s1 cop_0145_lp_s1 cop_0267_lp_s1 cop_0574_lp_s1 cop_0135_lp_s1 cop_0062_lp_s1 cop_0711_lp_s1 cop_0854_lp_s1 cop_0882_lp_s1 cop_0764_lp_s1 cop_0173_lp_s1 cop_0306_lp_s1 cop_0904_lp_s1 cop_0057_lp_s1 cop_0874_lp_s1 cop_0231_lp_s1 cop_0821_lp_s1 cop_0024_lp_s1 cop_0134_lp_s1 cop_0596_lp_s1 cop_0969_lp_s1 cop_0631_lp_s1 cop_0256_lp_s1 cop_0867_lp_s1 cop_0334_lp_s1 cop_0635_lp_s1 cop_0884_lp_s1 cop_0440_lp_s1 cop_0778_lp_s1 cop_0516_lp_s1 cop_0172_lp_s1 cop_0510_lp_s1 cop_0298_lp_s1 cop_0972_lp_s1 cop_0554_lp_s1 cop_0629_lp_s1 cop_0285_lp_s1 cop_0827_lp_s1 cop_0852_lp_s1 cop_0161_lp_s1 cop_0529_lp_s1 cop_0898_lp_s1 cop_0277_lp_s1 cop_0072_lp_s1 cop_0937_lp_s1 cop_0299_lp_s1 cop_0367_lp_s1 cop_0501_lp_s1 cop_0862_lp_s1 cop_0544_lp_s1 cop_0594_lp_s1 cop_0031_lp_s1 cop_0469_lp_s1 cop_0343_lp_s1 cop_0570_lp_s1 cop_0240_lp_s1 cop_0274_lp_s1 cop_0660_lp_s1 cop_0066_lp_s1 cop_0201_lp_s1 cop_0205_lp_s1 cop_0561_lp_s1 cop_0598_lp_s1 cop_0211_lp_s1 cop_0820_lp_s1 cop_0757_lp_s1 cop_0750_lp_s1 cop_0763_lp_s1 cop_0147_lp_s1 cop_0346_lp_s1 cop_0849_lp_s1 cop_0914_lp_s1 cop_0943_lp_s1 cop_0738_lp_s1 cop_0321_lp_s1 cop_0871_lp_s1 cop_0784_lp_s1 cop_0494_lp_s1 cop_0913_lp_s1 cop_0692_lp_s1 cop_0742_lp_s1 cop_0457_lp_s1 cop_0685_lp_s1 cop_0796_lp_s1 cop_0689_lp_s1 cop_0886_lp_s1 cop_0684_lp_s1 cop_0628_lp_s1 cop_0139_lp_s1 cop_0756_lp_s1 cop_0509_lp_s1 cop_0102_lp_s1 cop_0002_lp_s1 cop_0735_lp_s1 cop_0152_lp_s1 cop_0106_lp_s1 cop_0841_lp_s1 cop_0899_lp_s1 cop_0859_lp_s1 cop_0397_lp_s1 cop_0396_lp_s1 cop_0118_lp_s1 cop_0254_lp_s1 cop_0702_lp_s1 cop_0350_lp_s1 cop_0157_lp_s1 cop_0480_lp_s1 cop_0182_lp_s1 cop_0107_lp_s1 cop_0428_lp_s1 cop_0902_lp_s1 cop_0518_lp_s1 cop_0777_lp_s1 cop_0424_lp_s1 cop_0686_lp_s1 cop_0691_lp_s1 cop_0906_lp_s1 cop_0538_lp_s1 cop_0707_lp_s1 cop_0897_lp_s1 cop_0503_lp_s1 cop_0826_lp_s1 cop_0525_lp_s1 cop_0429_lp_s1 cop_0481_lp_s1 cop_0281_lp_s1 cop_0422_lp_s1 cop_0533_lp_s1 cop_0317_lp_s1 cop_0016_lp_s1 cop_0213_lp_s1 cop_0527_lp_s1 cop_0368_lp_s1 cop_0652_lp_s1 cop_0519_lp_s1 cop_0347_lp_s1 cop_0774_lp_s1 cop_0335_lp_s1 cop_0207_lp_s1 cop_0577_lp_s1 cop_0622_lp_s1 cop_0338_lp_s1 cop_0773_lp_s1 cop_0269_lp_s1 cop_0696_lp_s1 cop_0390_lp_s1 cop_0708_lp_s1 cop_0720_lp_s1 cop_0004_lp_s1 cop_0717_lp_s1 cop_0478_lp_s1 cop_0604_lp_s1 cop_0435_lp_s1 cop_0361_lp_s1 cop_0751_lp_s1 cop_0824_lp_s1 cop_0971_lp_s1 cop_0136_lp_s1 cop_0661_lp_s1 cop_0534_lp_s1 cop_0444_lp_s1 cop_0036_lp_s1 cop_0740_lp_s1 cop_0054_lp_s1 cop_0410_lp_s1 cop_0100_lp_s1 cop_0426_lp_s1 cop_0832_lp_s1 cop_0399_lp_s1 cop_0437_lp_s1 cop_0931_lp_s1 cop_0047_lp_s1 cop_0142_lp_s1 cop_0374_lp_s1 cop_0665_lp_s1 cop_0044_lp_s1 cop_0715_lp_s1 cop_0526_lp_s1 cop_0166_lp_s1 cop_0917_lp_s1 cop_0970_lp_s1 cop_0191_lp_s1 cop_0148_lp_s1 cop_0552_lp_s1 cop_0801_lp_s1 cop_0079_lp_s1 cop_0654_lp_s1 cop_0241_lp_s1 cop_0356_lp_s1 cop_0593_lp_s1
  set decided by an accepted test: no, every test rejected down to one model (last p = 0.000 against alpha = 0.050)


  sample    1000 observations, 1000 models
  statistic Tmax, each model against the field
  test      alpha = 0.050, 10000 moving-block resamples of 1 observations
  variance  bootstrap variance of the resampled mean
  stream    seed 123, stream 0

MCS over state-dependent local projection impulse-response MAE, state 1 (lags times 1 - F), series R's transform_data levels: GDP, Employment, Inflation, InterestRate, Energy, MCS_TMAX statistic
  model             mean loss      MCS p  round  in set
  cop_0001_lp_s1    101.64104      0.000    633  
  cop_0002_lp_s1     48.54868      0.000    908  
  cop_0003_lp_s1     83.72582      0.000    698  
  cop_0004_lp_s1     39.57129      0.000    960  
  cop_0005_lp_s1     74.71032      0.000    744  
  cop_0006_lp_s1    116.67733      0.000    541  
  cop_0007_lp_s1    130.38479      0.000    510  
  cop_0008_lp_s1    123.69407      0.000    516  
  cop_0009_lp_s1   1017.98192      0.000     39  
  cop_0010_lp_s1     64.55166      0.000    800  
  cop_0011_lp_s1     90.74238      0.000    684  
  cop_0012_lp_s1    479.87226      0.000    107  
  cop_0013_lp_s1    699.32679      0.000     99  
  cop_0014_lp_s1    221.15683      0.000    327  
  cop_0015_lp_s1    181.41258      0.000    387  
  cop_0016_lp_s1     43.08353      0.000    939  
  cop_0017_lp_s1     95.58128      0.000    630  
  cop_0018_lp_s1    239.19791      0.000    277  
  cop_0019_lp_s1     78.70805      0.000    735  
  cop_0020_lp_s1    286.96167      0.000    232  
  cop_0021_lp_s1    186.23974      0.000    347  
  cop_0022_lp_s1    232.10108      0.000    301  
  cop_0023_lp_s1    150.39109      0.000    463  
  cop_0024_lp_s1     62.94377      0.000    824  
  cop_0025_lp_s1    697.93938      0.000    131  
  cop_0026_lp_s1    217.63358      0.000    292  
  cop_0027_lp_s1     99.89005      0.000    611  
  cop_0028_lp_s1    122.07650      0.000    545  
  cop_0029_lp_s1    114.74287      0.000    560  
  cop_0030_lp_s1     88.66877      0.000    673  
  cop_0031_lp_s1     61.45476      0.000    835  
  cop_0032_lp_s1     73.21349      0.000    747  
  cop_0033_lp_s1    106.08237      0.000    596  
  cop_0034_lp_s1    268.26034      0.000    273  
  cop_0035_lp_s1     88.05197      0.000    691  
  cop_0036_lp_s1     39.37848      0.000    966  
  cop_0037_lp_s1     82.86110      0.000    713  
  cop_0038_lp_s1    389.15160      0.000    170  
  cop_0039_lp_s1     77.91895      0.000    738  
  cop_0040_lp_s1     86.13535      0.000    702  
  cop_0041_lp_s1    586.41863      0.000    105  
  cop_0042_lp_s1    158.16177      0.000    428  
  cop_0043_lp_s1    559.43789      0.000    114  
  cop_0044_lp_s1     34.88905      0.000    985  
  cop_0045_lp_s1    137.46557      0.000    511  
  cop_0046_lp_s1   1840.11901      0.000     22  
  cop_0047_lp_s1     35.96767      0.000    982  
  cop_0048_lp_s1    158.91974      0.000    458  
  cop_0049_lp_s1   1293.75573      0.000     27  
  cop_0050_lp_s1    120.94161      0.000    528  
  cop_0051_lp_s1    275.07477      0.000    268  
  cop_0052_lp_s1    588.62930      0.000    113  
  cop_0053_lp_s1    255.43063      0.000    280  
  cop_0054_lp_s1     37.91706      0.000    972  
  cop_0055_lp_s1    220.81520      0.000    331  
  cop_0056_lp_s1   1241.60099      0.000     30  
  cop_0057_lp_s1     66.90480      0.000    799  
  cop_0058_lp_s1   9499.89109      0.000      8  
  cop_0059_lp_s1    377.33214      0.000    222  
  cop_0060_lp_s1    279.09525      0.000    248  
  cop_0061_lp_s1     71.02448      0.000    772  
  cop_0062_lp_s1     59.92860      0.000    833  
  cop_0063_lp_s1    348.96994      0.000    190  
  cop_0064_lp_s1    410.90695      0.000    185  
  cop_0065_lp_s1    182.78208      0.000    402  
  cop_0066_lp_s1     54.50070      0.000    873  
  cop_0067_lp_s1    134.55512      0.000    469  
  cop_0068_lp_s1    129.98158      0.000    482  
  cop_0069_lp_s1    183.14596      0.000    396  
  cop_0070_lp_s1     63.37689      0.000    816  
  cop_0071_lp_s1    209.18749      0.000    343  
  cop_0072_lp_s1     59.74999      0.000    843  
  cop_0073_lp_s1    163.69457      0.000    422  
  cop_0074_lp_s1    201.26265      0.000    336  
  cop_0075_lp_s1     77.34585      0.000    740  
  cop_0076_lp_s1    202.07018      0.000    370  
  cop_0077_lp_s1    183.38899      0.000    400  
  cop_0078_lp_s1    110.14063      0.000    556  
  cop_0079_lp_s1     31.00269      0.000    996  
  cop_0080_lp_s1   3118.82079      0.000      7  
  cop_0081_lp_s1     94.27814      0.000    626  
  cop_0082_lp_s1     73.01099      0.000    748  
  cop_0083_lp_s1    217.51625      0.000    308  
  cop_0084_lp_s1    221.21463      0.000    272  
  cop_0085_lp_s1   1579.77583      0.000     23  
  cop_0086_lp_s1   4565.61576      0.000      1  
  cop_0087_lp_s1     97.70900      0.000    627  
  cop_0088_lp_s1    569.27115      0.000    118  
  cop_0089_lp_s1    547.18949      0.000     85  
  cop_0090_lp_s1    372.59959      0.000    197  
  cop_0091_lp_s1     87.15304      0.000    687  
  cop_0092_lp_s1    341.06393      0.000    187  
  cop_0093_lp_s1    264.15460      0.000    287  
  cop_0094_lp_s1     72.14513      0.000    760  
  cop_0095_lp_s1   1031.13422      0.000     32  
  cop_0096_lp_s1    655.36027      0.000     75  
  cop_0097_lp_s1     80.76365      0.000    718  
  cop_0098_lp_s1    966.23212      0.000     63  
  cop_0099_lp_s1     70.84637      0.000    773  
  cop_0100_lp_s1     36.92027      0.000    977  
  cop_0101_lp_s1    135.28311      0.000    455  
  cop_0102_lp_s1     50.57871      0.000    904  
  cop_0103_lp_s1     74.14456      0.000    757  
  cop_0104_lp_s1    221.54362      0.000    300  
  cop_0105_lp_s1     83.09056      0.000    712  
  cop_0106_lp_s1     50.33675      0.000    905  
  cop_0107_lp_s1     46.16172      0.000    919  
  cop_0108_lp_s1     69.87734      0.000    764  
  cop_0109_lp_s1     76.18723      0.000    758  
  cop_0110_lp_s1    189.58340      0.000    398  
  cop_0111_lp_s1    138.05171      0.000    472  
  cop_0112_lp_s1     74.68011      0.000    765  
  cop_0113_lp_s1    138.19660      0.000    502  
  cop_0114_lp_s1    649.42767      0.000     76  
  cop_0115_lp_s1    797.06342      0.000     65  
  cop_0116_lp_s1    173.12423      0.000    440  
  cop_0117_lp_s1     93.36394      0.000    663  
  cop_0118_lp_s1     49.99413      0.000    906  
  cop_0119_lp_s1    481.29118      0.000    136  
  cop_0120_lp_s1     76.68873      0.000    753  
  cop_0121_lp_s1     64.92335      0.000    808  
  cop_0122_lp_s1    192.93433      0.000    352  
  cop_0123_lp_s1    289.37185      0.000    215  
  cop_0124_lp_s1    141.57606      0.000    496  
  cop_0125_lp_s1     75.71851      0.000    725  
  cop_0126_lp_s1     71.55926      0.000    752  
  cop_0127_lp_s1     80.44994      0.000    715  
  cop_0128_lp_s1    117.60361      0.000    568  
  cop_0129_lp_s1    201.83310      0.000    364  
  cop_0130_lp_s1   2111.06771      0.000     18  
  cop_0131_lp_s1     95.77320      0.000    625  
  cop_0132_lp_s1    224.72852      0.000    329  
  cop_0133_lp_s1    107.62297      0.000    555  
  cop_0134_lp_s1     65.35137      0.000    812  
  cop_0135_lp_s1     67.54145      0.000    796  
  cop_0136_lp_s1     38.37269      0.000    970  
  cop_0137_lp_s1    255.15696      0.000    267  
  cop_0138_lp_s1    393.02477      0.000    201  
  cop_0139_lp_s1     53.56785      0.000    885  
  cop_0140_lp_s1    680.94312      0.000    115  
  cop_0141_lp_s1    142.19340      0.000    503  
  cop_0142_lp_s1     36.18813      0.000    981  
  cop_0143_lp_s1    231.12411      0.000    340  
  cop_0144_lp_s1     91.85553      0.000    650  
  cop_0145_lp_s1     65.14550      0.000    806  
  cop_0146_lp_s1    132.11948      0.000    532  
  cop_0147_lp_s1     54.53624      0.000    876  
  cop_0148_lp_s1     32.50934      0.000    992  
  cop_0149_lp_s1     63.49987      0.000    815  
  cop_0150_lp_s1     78.96289      0.000    723  
  cop_0151_lp_s1     90.15146      0.000    645  
  cop_0152_lp_s1     48.34299      0.000    910  
  cop_0153_lp_s1    241.06332      0.000    319  
  cop_0154_lp_s1   1011.82406      0.000     28  
  cop_0155_lp_s1    269.22646      0.000    245  
  cop_0156_lp_s1     92.87904      0.000    642  
  cop_0157_lp_s1     47.42235      0.000    911  
  cop_0158_lp_s1    560.81441      0.000     81  
  cop_0159_lp_s1    436.92332      0.000    151  
  cop_0160_lp_s1    369.30092      0.000    155  
  cop_0161_lp_s1     57.45713      0.000    856  
  cop_0162_lp_s1     87.33771      0.000    694  
  cop_0163_lp_s1    153.07460      0.000    448  
  cop_0164_lp_s1    345.42755      0.000    224  
  cop_0165_lp_s1     75.94844      0.000    751  
  cop_0166_lp_s1     34.57523      0.000    987  
  cop_0167_lp_s1   1024.81842      0.000     38  
  cop_0168_lp_s1   1685.76376      0.000     31  
  cop_0169_lp_s1     88.75209      0.000    656  
  cop_0170_lp_s1     81.49142      0.000    711  
  cop_0171_lp_s1    103.24063      0.000    607  
  cop_0172_lp_s1     59.78335      0.000    839  
  cop_0173_lp_s1     61.26306      0.000    827  
  cop_0174_lp_s1    125.87898      0.000    550  
  cop_0175_lp_s1    566.14300      0.000     92  
  cop_0176_lp_s1    128.22867      0.000    493  
  cop_0177_lp_s1    215.14753      0.000    313  
  cop_0178_lp_s1    398.82550      0.000    152  
  cop_0179_lp_s1     77.42733      0.000    737  
  cop_0180_lp_s1     93.33272      0.000    636  
  cop_0181_lp_s1     95.30979      0.000    632  
  cop_0182_lp_s1     46.43050      0.000    918  
  cop_0183_lp_s1     64.03909      0.000    811  
  cop_0184_lp_s1   2672.82870      0.000      4  
  cop_0185_lp_s1     76.41705      0.000    739  
  cop_0186_lp_s1     76.50536      0.000    730  
  cop_0187_lp_s1    151.00728      0.000    452  
  cop_0188_lp_s1    300.05122      0.000    186  
  cop_0189_lp_s1    363.56550      0.000    225  
  cop_0190_lp_s1    340.33983      0.000    217  
  cop_0191_lp_s1     33.14137      0.000    991  
  cop_0192_lp_s1    299.21315      0.000    241  
  cop_0193_lp_s1    121.65523      0.000    515  
  cop_0194_lp_s1     78.24303      0.000    722  
  cop_0195_lp_s1    155.51100      0.000    421  
  cop_0196_lp_s1    108.02278      0.000    603  
  cop_0197_lp_s1    201.66038      0.000    342  
  cop_0198_lp_s1    137.98612      0.000    495  
  cop_0199_lp_s1     66.02183      0.000    790  
  cop_0200_lp_s1     95.17231      0.000    623  
  cop_0201_lp_s1     51.86379      0.000    888  
  cop_0202_lp_s1    620.86077      0.000    127  
  cop_0203_lp_s1    114.75617      0.000    573  
  cop_0204_lp_s1    138.06169      0.000    494  
  cop_0205_lp_s1     56.94041      0.000    863  
  cop_0206_lp_s1   1987.79699      0.000     29  
  cop_0207_lp_s1     41.09928      0.000    951  
  cop_0208_lp_s1     99.58380      0.000    612  
  cop_0209_lp_s1    566.86858      0.000    139  
  cop_0210_lp_s1    259.68070      0.000    283  
  cop_0211_lp_s1     59.01913      0.000    851  
  cop_0212_lp_s1   1510.58221      0.000      9  
  cop_0213_lp_s1     42.75928      0.000    941  
  cop_0214_lp_s1   3257.67392      0.000     10  
  cop_0215_lp_s1    196.95698      0.000    408  
  cop_0216_lp_s1    157.62186      0.000    416  
  cop_0217_lp_s1    229.63455      0.000    259  
  cop_0218_lp_s1    125.01941      0.000    546  
  cop_0219_lp_s1   1548.51338      0.000     61  
  cop_0220_lp_s1     74.94432      0.000    754  
  cop_0221_lp_s1     75.97375      0.000    745  
  cop_0222_lp_s1    288.92435      0.000    228  
  cop_0223_lp_s1    187.05569      0.000    390  
  cop_0224_lp_s1    141.78550      0.000    481  
  cop_0225_lp_s1    108.95953      0.000    606  
  cop_0226_lp_s1    108.74471      0.000    585  
  cop_0227_lp_s1     95.05776      0.000    620  
  cop_0228_lp_s1     86.50835      0.000    686  
  cop_0229_lp_s1   1155.76288      0.000     35  
  cop_0230_lp_s1    936.82307      0.000     51  
  cop_0231_lp_s1     64.11063      0.000    817  
  cop_0232_lp_s1    206.11377      0.000    339  
  cop_0233_lp_s1    578.83706      0.000    143  
  cop_0234_lp_s1     92.65069      0.000    643  
  cop_0235_lp_s1    142.59152      0.000    489  
  cop_0236_lp_s1    114.18567      0.000    547  
  cop_0237_lp_s1    188.29747      0.000    420  
  cop_0238_lp_s1    471.57005      0.000    147  
  cop_0239_lp_s1    135.48531      0.000    542  
  cop_0240_lp_s1     54.75478      0.000    871  
  cop_0241_lp_s1     30.55829      0.000    997  
  cop_0242_lp_s1    168.62469      0.000    429  
  cop_0243_lp_s1     90.01713      0.000    670  
  cop_0244_lp_s1    487.22903      0.000    111  
  cop_0245_lp_s1    418.95801      0.000    169  
  cop_0246_lp_s1     81.47687      0.000    728  
  cop_0247_lp_s1    151.01955      0.000    425  
  cop_0248_lp_s1    149.31472      0.000    483  
  cop_0249_lp_s1    190.96307      0.000    388  
  cop_0250_lp_s1     88.35296      0.000    679  
  cop_0251_lp_s1    421.69323      0.000    148  
  cop_0252_lp_s1     79.40235      0.000    727  
  cop_0253_lp_s1    980.13904      0.000     37  
  cop_0254_lp_s1     46.98638      0.000    912  
  cop_0255_lp_s1     57.67614      0.000    844  
  cop_0256_lp_s1     55.93158      0.000    857  
  cop_0257_lp_s1    833.85300      0.000     71  
  cop_0258_lp_s1     99.10458      0.000    634  
  cop_0259_lp_s1    571.89010      0.000    135  
  cop_0260_lp_s1    121.41877      0.000    508  
  cop_0261_lp_s1    410.27486      0.000    180  
  cop_0262_lp_s1   1236.65345      0.000     47  
  cop_0263_lp_s1    206.61202      0.000    324  
  cop_0264_lp_s1    222.77955      0.000    309  
  cop_0265_lp_s1     77.56197      0.000    731  
  cop_0266_lp_s1    261.42107      0.000    254  
  cop_0267_lp_s1     65.86694      0.000    803  
  cop_0268_lp_s1    145.08470      0.000    475  
  cop_0269_lp_s1     40.62460      0.000    955  
  cop_0270_lp_s1    486.73700      0.000    130  
  cop_0271_lp_s1    425.36260      0.000    161  
  cop_0272_lp_s1    166.87809      0.000    386  
  cop_0273_lp_s1    347.75170      0.000    195  
  cop_0274_lp_s1     58.35335      0.000    852  
  cop_0275_lp_s1    385.19409      0.000    202  
  cop_0276_lp_s1    533.68554      0.000    117  
  cop_0277_lp_s1     57.37196      0.000    853  
  cop_0278_lp_s1    474.59713      0.000    132  
  cop_0279_lp_s1    271.18440      0.000    270  
  cop_0280_lp_s1     98.76313      0.000    631  
  cop_0281_lp_s1     45.25014      0.000    926  
  cop_0282_lp_s1    135.03194      0.000    513  
  cop_0283_lp_s1    146.61810      0.000    473  
  cop_0284_lp_s1    114.09048      0.000    554  
  cop_0285_lp_s1     61.09911      0.000    836  
  cop_0286_lp_s1    144.05374      0.000    467  
  cop_0287_lp_s1    654.45738      0.000     93  
  cop_0288_lp_s1     79.90624      0.000    729  
  cop_0289_lp_s1     67.83173      0.000    780  
  cop_0290_lp_s1    217.15091      0.000    326  
  cop_0291_lp_s1    175.31345      0.000    391  
  cop_0292_lp_s1     83.42540      0.000    703  
  cop_0293_lp_s1    138.55256      0.000    536  
  cop_0294_lp_s1    120.72463      0.000    574  
  cop_0295_lp_s1    134.77445      0.000    492  
  cop_0296_lp_s1    121.51353      0.000    558  
  cop_0297_lp_s1    821.03037      0.000    101  
  cop_0298_lp_s1     63.19657      0.000    825  
  cop_0299_lp_s1     57.92070      0.000    854  
  cop_0300_lp_s1    575.55997      0.000    110  
  cop_0301_lp_s1    175.29869      0.000    382  
  cop_0302_lp_s1     92.43242      0.000    637  
  cop_0303_lp_s1    291.41031      0.000    263  
  cop_0304_lp_s1    702.34690      0.000    119  
  cop_0305_lp_s1    110.92992      0.000    570  
  cop_0306_lp_s1     60.43788      0.000    828  
  cop_0307_lp_s1    198.19612      0.000    405  
  cop_0308_lp_s1   3028.72445      0.000     15  
  cop_0309_lp_s1    149.62962      0.000    460  
  cop_0310_lp_s1    237.09272      0.000    299  
  cop_0311_lp_s1    209.39611      0.000    344  
  cop_0312_lp_s1     87.75288      0.000    692  
  cop_0313_lp_s1     73.22162      0.000    759  
  cop_0314_lp_s1     76.31483      0.000    742  
  cop_0315_lp_s1    223.11542      0.000    321  
  cop_0316_lp_s1     64.64586      0.000    805  
  cop_0317_lp_s1     44.47208      0.000    934  
  cop_0318_lp_s1     99.61361      0.000    618  
  cop_0319_lp_s1    121.67589      0.000    540  
  cop_0320_lp_s1     76.08762      0.000    746  
  cop_0321_lp_s1     55.90076      0.000    870  
  cop_0322_lp_s1    154.44721      0.000    459  
  cop_0323_lp_s1   2157.43625      0.000     14  
  cop_0324_lp_s1    101.82726      0.000    577  
  cop_0325_lp_s1    749.06661      0.000     52  
  cop_0326_lp_s1    296.62811      0.000    221  
  cop_0327_lp_s1    205.78375      0.000    312  
  cop_0328_lp_s1    251.83375      0.000    235  
  cop_0329_lp_s1    782.37381      0.000     82  
  cop_0330_lp_s1    237.51834      0.000    290  
  cop_0331_lp_s1    168.33762      0.000    426  
  cop_0332_lp_s1    838.07713      0.000     84  
  cop_0333_lp_s1    498.64311      0.000    102  
  cop_0334_lp_s1     60.69811      0.000    829  
  cop_0335_lp_s1     42.42128      0.000    944  
  cop_0336_lp_s1    251.07911      0.000    255  
  cop_0337_lp_s1    127.81724      0.000    500  
  cop_0338_lp_s1     40.62798      0.000    954  
  cop_0339_lp_s1    139.51184      0.000    447  
  cop_0340_lp_s1    156.96685      0.000    454  
  cop_0341_lp_s1    170.36381      0.000    394  
  cop_0342_lp_s1    393.90003      0.000    165  
  cop_0343_lp_s1     57.38913      0.000    859  
  cop_0344_lp_s1    287.27801      0.000    220  
  cop_0345_lp_s1    312.10309      0.000    230  
  cop_0346_lp_s1     53.56777      0.000    877  
  cop_0347_lp_s1     43.30481      0.000    940  
  cop_0348_lp_s1    110.77920      0.000    582  
  cop_0349_lp_s1     83.38323      0.000    704  
  cop_0350_lp_s1     47.46406      0.000    913  
  cop_0351_lp_s1     70.92536      0.000    777  
  cop_0352_lp_s1    117.17112      0.000    566  
  cop_0353_lp_s1     65.60600      0.000    801  
  cop_0354_lp_s1    231.20640      0.000    256  
  cop_0355_lp_s1     86.38342      0.000    682  
  cop_0356_lp_s1     28.21634      0.000    998  
  cop_0357_lp_s1    143.20264      0.000    424  
  cop_0358_lp_s1    181.94726      0.000    381  
  cop_0359_lp_s1    318.12069      0.000    247  
  cop_0360_lp_s1    166.85631      0.000    412  
  cop_0361_lp_s1     40.40908      0.000    957  
  cop_0362_lp_s1   2577.52286      0.000     13  
  cop_0363_lp_s1    489.71108      0.000    133  
  cop_0364_lp_s1     74.66752      0.000    755  
  cop_0365_lp_s1    304.16944      0.000    234  
  cop_0366_lp_s1   1199.77693      0.000     42  
  cop_0367_lp_s1     57.14164      0.000    858  
  cop_0368_lp_s1     41.07018      0.000    950  
  cop_0369_lp_s1     66.30781      0.000    792  
  cop_0370_lp_s1    479.50233      0.000    126  
  cop_0371_lp_s1     83.80139      0.000    701  
  cop_0372_lp_s1    132.73742      0.000    504  
  cop_0373_lp_s1     91.58669      0.000    660  
  cop_0374_lp_s1     35.78909      0.000    983  
  cop_0375_lp_s1   1582.15027      0.000      5  
  cop_0376_lp_s1    255.63727      0.000    284  
  cop_0377_lp_s1    100.42177      0.000    641  
  cop_0378_lp_s1     97.22758      0.000    629  
  cop_0379_lp_s1    339.72986      0.000    211  
  cop_0380_lp_s1    325.00723      0.000    244  
  cop_0381_lp_s1    829.19622      0.000     58  
  cop_0382_lp_s1     95.28068      0.000    669  
  cop_0383_lp_s1    148.57391      0.000    450  
  cop_0384_lp_s1    106.03554      0.000    584  
  cop_0385_lp_s1    268.40698      0.000    282  
  cop_0386_lp_s1    134.20620      0.000    501  
  cop_0387_lp_s1    797.93302      0.000     72  
  cop_0388_lp_s1   2084.84946      0.000     33  
  cop_0389_lp_s1    182.13569      0.000    393  
  cop_0390_lp_s1     40.72155      0.000    953  
  cop_0391_lp_s1    704.02318      0.000    104  
  cop_0392_lp_s1    244.72374      0.000    261  
  cop_0393_lp_s1    659.85350      0.000     86  
  cop_0394_lp_s1    173.36273      0.000    439  
  cop_0395_lp_s1    156.69053      0.000    444  
  cop_0396_lp_s1     46.30113      0.000    915  
  cop_0397_lp_s1     53.40719      0.000    894  
  cop_0398_lp_s1     93.15471      0.000    613  
  cop_0399_lp_s1     36.43173      0.000    980  
  cop_0400_lp_s1    119.70997      0.000    522  
  cop_0401_lp_s1    151.31396      0.000    419  
  cop_0402_lp_s1   1330.22407      0.000     50  
  cop_0403_lp_s1     93.60700      0.000    675  
  cop_0404_lp_s1    144.05129      0.000    476  
  cop_0405_lp_s1    201.01159      0.000    351  
  cop_0406_lp_s1    692.76271      0.000     95  
  cop_0407_lp_s1     98.90918      0.000    610  
  cop_0408_lp_s1     92.73464      0.000    655  
  cop_0409_lp_s1    216.31347      0.000    365  
  cop_0410_lp_s1     37.18749      0.000    974  
  cop_0411_lp_s1   1618.00116      0.000     19  
  cop_0412_lp_s1    399.53431      0.000    156  
  cop_0413_lp_s1     69.45698      0.000    785  
  cop_0414_lp_s1    744.16049      0.000     83  
  cop_0415_lp_s1    146.06700      0.000    462  
  cop_0416_lp_s1    133.54716      0.000    486  
  cop_0417_lp_s1    213.58214      0.000    395  
  cop_0418_lp_s1    220.44797      0.000    346  
  cop_0419_lp_s1    244.22930      0.000    306  
  cop_0420_lp_s1    141.22761      0.000    485  
  cop_0421_lp_s1    396.94660      0.000    174  
  cop_0422_lp_s1     45.07606      0.000    930  
  cop_0423_lp_s1     68.56889      0.000    779  
  cop_0424_lp_s1     45.69660      0.000    923  
  cop_0425_lp_s1    499.92875      0.000    134  
  cop_0426_lp_s1     37.24349      0.000    976  
  cop_0427_lp_s1    403.12663      0.000    212  
  cop_0428_lp_s1     45.98827      0.000    920  
  cop_0429_lp_s1     45.00403      0.000    931  
  cop_0430_lp_s1    352.25589      0.000    193  
  cop_0431_lp_s1     98.20787      0.000    617  
  cop_0432_lp_s1    106.32435      0.000    586  
  cop_0433_lp_s1    161.50525      0.000    423  
  cop_0434_lp_s1    118.07494      0.000    553  
  cop_0435_lp_s1     39.51996      0.000    962  
  cop_0436_lp_s1    108.49720      0.000    564  
  cop_0437_lp_s1     37.16434      0.000    975  
  cop_0438_lp_s1     94.04935      0.000    604  
  cop_0439_lp_s1    106.90746      0.000    579  
  cop_0440_lp_s1     57.30962      0.000    848  
  cop_0441_lp_s1     90.91754      0.000    666  
  cop_0442_lp_s1    112.47758      0.000    531  
  cop_0443_lp_s1    247.62600      0.000    307  
  cop_0444_lp_s1     38.08900      0.000    971  
  cop_0445_lp_s1    222.01838      0.000    278  
  cop_0446_lp_s1    138.71760      0.000    484  
  cop_0447_lp_s1    194.87513      0.000    350  
  cop_0448_lp_s1    271.97598      0.000    276  
  cop_0449_lp_s1    411.16982      0.000    192  
  cop_0450_lp_s1     72.51544      0.000    774  
  cop_0451_lp_s1     97.77342      0.000    594  
  cop_0452_lp_s1    339.81231      0.000    206  
  cop_0453_lp_s1    127.32540      0.000    544  
  cop_0454_lp_s1    210.34579      0.000    334  
  cop_0455_lp_s1    321.16785      0.000    207  
  cop_0456_lp_s1    281.11227      0.000    204  
  cop_0457_lp_s1     51.04120      0.000    897  
  cop_0458_lp_s1     68.33702      0.000    789  
  cop_0459_lp_s1    128.72162      0.000    527  
  cop_0460_lp_s1     65.01282      0.000    804  
  cop_0461_lp_s1   1537.05505      0.000     60  
  cop_0462_lp_s1    145.35558      0.000    490  
  cop_0463_lp_s1     82.20050      0.000    705  
  cop_0464_lp_s1     63.09170      0.000    813  
  cop_0465_lp_s1    125.50995      0.000    548  
  cop_0466_lp_s1     73.38758      0.000    771  
  cop_0467_lp_s1    103.42950      0.000    602  
  cop_0468_lp_s1    429.21921      0.000    142  
  cop_0469_lp_s1     55.34592      0.000    866  
  cop_0470_lp_s1    167.81250      0.000    417  
  cop_0471_lp_s1    334.49222      0.000    196  
  cop_0472_lp_s1    116.39661      0.000    543  
  cop_0473_lp_s1    311.04096      0.000    188  
  cop_0474_lp_s1     83.15616      0.000    709  
  cop_0475_lp_s1    306.60415      0.000    231  
  cop_0476_lp_s1    188.01113      0.000    403  
  cop_0477_lp_s1     90.05110      0.000    654  
  cop_0478_lp_s1     39.20388      0.000    963  
  cop_0479_lp_s1     68.90043      0.000    782  
  cop_0480_lp_s1     46.54713      0.000    917  
  cop_0481_lp_s1     43.93627      0.000    936  
  cop_0482_lp_s1     68.96117      0.000    778  
  cop_0483_lp_s1    189.49543      0.000    372  
  cop_0484_lp_s1    327.30833      0.000    189  
  cop_0485_lp_s1    123.02341      0.000    519  
  cop_0486_lp_s1    388.05935      0.000    183  
  cop_0487_lp_s1    323.66582      0.000    199  
  cop_0488_lp_s1    175.10601      0.000    384  
  cop_0489_lp_s1     95.87348      0.000    652  
  cop_0490_lp_s1    156.46401      0.000    437  
  cop_0491_lp_s1    275.59750      0.000    237  
  cop_0492_lp_s1    103.89657      0.000    589  
  cop_0493_lp_s1    193.22602      0.000    371  
  cop_0494_lp_s1     53.63328      0.000    882  
  cop_0495_lp_s1    128.66387      0.000    530  
  cop_0496_lp_s1    227.41108      0.000    337  
  cop_0497_lp_s1     74.43695      0.000    743  
  cop_0498_lp_s1     85.45843      0.000    707  
  cop_0499_lp_s1    253.02245      0.000    251  
  cop_0500_lp_s1     74.11557      0.000    769  
  cop_0501_lp_s1     59.25284      0.000    847  
  cop_0502_lp_s1    103.54943      0.000    600  
  cop_0503_lp_s1     42.71317      0.000    938  
  cop_0504_lp_s1    156.68363      0.000    451  
  cop_0505_lp_s1    491.14091      0.000    150  
  cop_0506_lp_s1     89.51680      0.000    657  
  cop_0507_lp_s1    102.72437      0.000    587  
  cop_0508_lp_s1    971.13504      0.000     34  
  cop_0509_lp_s1     51.95942      0.000    898  
  cop_0510_lp_s1     64.04797      0.000    821  
  cop_0511_lp_s1   1210.91452      0.000     17  
  cop_0512_lp_s1    303.54164      0.000    249  
  cop_0513_lp_s1     63.25714      0.000    820  
  cop_0514_lp_s1     95.76234      0.000    640  
  cop_0515_lp_s1    500.68978      0.000    149  
  cop_0516_lp_s1     62.22957      0.000    826  
  cop_0517_lp_s1    285.36665      0.000    275  
  cop_0518_lp_s1     44.33839      0.000    929  
  cop_0519_lp_s1     44.75638      0.000    932  
  cop_0520_lp_s1     72.11369      0.000    766  
  cop_0521_lp_s1    481.19626      0.000    137  
  cop_0522_lp_s1     95.49486      0.000    638  
  cop_0523_lp_s1     78.56634      0.000    719  
  cop_0524_lp_s1    190.73839      0.000    366  
  cop_0525_lp_s1     43.68573      0.000    937  
  cop_0526_lp_s1     34.66947      0.000    986  
  cop_0527_lp_s1     42.18247      0.000    945  
  cop_0528_lp_s1    673.93002      0.000     79  
  cop_0529_lp_s1     59.13594      0.000    846  
  cop_0530_lp_s1     68.22357      0.000    784  
  cop_0531_lp_s1     95.57367      0.000    614  
  cop_0532_lp_s1    370.45742      0.000    182  
  cop_0533_lp_s1     42.18068      0.000    943  
  cop_0534_lp_s1     38.96551      0.000    968  
  cop_0535_lp_s1    353.75134      0.000    168  
  cop_0536_lp_s1     75.30770      0.000    734  
  cop_0537_lp_s1    137.67236      0.000    479  
  cop_0538_lp_s1     47.39863      0.000    916  
  cop_0539_lp_s1    222.76071      0.000    298  
  cop_0540_lp_s1     72.83889      0.000    767  
  cop_0541_lp_s1    100.09247      0.000    592  
  cop_0542_lp_s1     93.05843      0.000    672  
  cop_0543_lp_s1     76.96304      0.000    726  
  cop_0544_lp_s1     52.77956      0.000    878  
  cop_0545_lp_s1    135.18134      0.000    457  
  cop_0546_lp_s1    218.60115      0.000    373  
  cop_0547_lp_s1    170.16134      0.000    411  
  cop_0548_lp_s1   1279.43284      0.000     26  
  cop_0549_lp_s1    573.05451      0.000     78  
  cop_0550_lp_s1    299.43088      0.000    203  
  cop_0551_lp_s1    278.78823      0.000    236  
  cop_0552_lp_s1     32.23863      0.000    993  
  cop_0553_lp_s1    113.73193      0.000    557  
  cop_0554_lp_s1     70.50938      0.000    791  
  cop_0555_lp_s1    218.53125      0.000    323  
  cop_0556_lp_s1    129.02926      0.000    488  
  cop_0557_lp_s1    145.78984      0.000    449  
  cop_0558_lp_s1   1086.67371      0.000     41  
  cop_0559_lp_s1     85.34809      0.000    678  
  cop_0560_lp_s1    303.63570      0.000    205  
  cop_0561_lp_s1     52.57800      0.000    881  
  cop_0562_lp_s1   2526.56609      0.000     24  
  cop_0563_lp_s1    256.18022      0.000    288  
  cop_0564_lp_s1     82.09732      0.000    696  
  cop_0565_lp_s1    441.77711      0.000    173  
  cop_0566_lp_s1     91.85599      0.000    658  
  cop_0567_lp_s1    614.37157      0.000    103  
  cop_0568_lp_s1    154.79846      0.000    442  
  cop_0569_lp_s1     86.65443      0.000    665  
  cop_0570_lp_s1     55.48864      0.000    864  
  cop_0571_lp_s1     71.40074      0.000    768  
  cop_0572_lp_s1    550.78870      0.000    125  
  cop_0573_lp_s1    204.44569      0.000    335  
  cop_0574_lp_s1     68.22274      0.000    793  
  cop_0575_lp_s1    233.13542      0.000    293  
  cop_0576_lp_s1    222.82138      0.000    297  
  cop_0577_lp_s1     41.52943      0.000    948  
  cop_0578_lp_s1    105.35132      0.000    578  
  cop_0579_lp_s1    701.71707      0.000     54  
  cop_0580_lp_s1    158.67919      0.000    438  
  cop_0581_lp_s1     81.81425      0.000    720  
  cop_0582_lp_s1    518.14402      0.000    124  
  cop_0583_lp_s1    213.44878      0.000    333  
  cop_0584_lp_s1    679.43022      0.000     69  
  cop_0585_lp_s1    127.40023      0.000    533  
  cop_0586_lp_s1    166.93944      0.000    380  
  cop_0587_lp_s1     89.85934      0.000    676  
  cop_0588_lp_s1    393.71046      0.000    163  
  cop_0589_lp_s1    142.10545      0.000    470  
  cop_0590_lp_s1    418.60719      0.000    160  
  cop_0591_lp_s1    922.62348      0.000     57  
  cop_0592_lp_s1    190.05744      0.000    361  
  cop_0593_lp_s1     27.06519      0.000    999  
  cop_0594_lp_s1     54.75753      0.000    869  
  cop_0595_lp_s1    158.00226      0.000    464  
  cop_0596_lp_s1     60.18963      0.000    831  
  cop_0597_lp_s1    121.54362      0.000    538  
  cop_0598_lp_s1     57.17711      0.000    862  
  cop_0599_lp_s1    186.69267      0.000    362  
  cop_0600_lp_s1     83.72524      0.000    714  
  cop_0601_lp_s1    112.46527      0.000    575  
  cop_0602_lp_s1    293.16502      0.000    260  
  cop_0603_lp_s1    545.08073      0.000    120  
  cop_0604_lp_s1     38.90748      0.000    967  
  cop_0605_lp_s1    342.72223      0.000    145  
  cop_0606_lp_s1    124.47518      0.000    529  
  cop_0607_lp_s1    393.15045      0.000    171  
  cop_0608_lp_s1   1089.05815      0.000     53  
  cop_0609_lp_s1    194.70973      0.000    358  
  cop_0610_lp_s1    212.43698      0.000    304  
  cop_0611_lp_s1    179.84402      0.000    379  
  cop_0612_lp_s1    490.53646      0.000    179  
  cop_0613_lp_s1    295.04759      0.000    265  
  cop_0614_lp_s1    222.20408      0.000    294  
  cop_0615_lp_s1     88.23628      0.000    647  
  cop_0616_lp_s1    162.07154      0.000    461  
  cop_0617_lp_s1    197.53694      0.000    353  
  cop_0618_lp_s1    213.51798      0.000    341  
  cop_0619_lp_s1    290.29635      0.000    258  
  cop_0620_lp_s1    117.11699      0.000    559  
  cop_0621_lp_s1    267.41287      0.000    271  
  cop_0622_lp_s1     41.59669      0.000    949  
  cop_0623_lp_s1    186.02256      0.000    355  
  cop_0624_lp_s1     66.54162      0.000    794  
  cop_0625_lp_s1    125.43463      0.000    507  
  cop_0626_lp_s1   1026.08437      0.000     46  
  cop_0627_lp_s1    172.04705      0.000    383  
  cop_0628_lp_s1     52.23364      0.000    895  
  cop_0629_lp_s1     57.71547      0.000    849  
  cop_0630_lp_s1    160.88143      0.000    441  
  cop_0631_lp_s1     55.25916      0.000    860  
  cop_0632_lp_s1    372.11677      0.000    164  
  cop_0633_lp_s1     95.89130      0.000    621  
  cop_0634_lp_s1     64.33193      0.000    810  
  cop_0635_lp_s1     64.66342      0.000    819  
  cop_0636_lp_s1    143.92630      0.000    466  
  cop_0637_lp_s1    798.24515      0.000     70  
  cop_0638_lp_s1    115.17037      0.000    567  
  cop_0639_lp_s1    145.62354      0.000    497  
  cop_0640_lp_s1    140.03044      0.000    520  
  cop_0641_lp_s1    175.08132      0.000    407  
  cop_0642_lp_s1     68.42542      0.000    787  
  cop_0643_lp_s1    147.60647      0.000    453  
  cop_0644_lp_s1    190.55664      0.000    359  
  cop_0645_lp_s1    177.40029      0.000    413  
  cop_0646_lp_s1    155.82612      0.000    433  
  cop_0647_lp_s1    107.36447      0.000    590  
  cop_0648_lp_s1    385.87753      0.000    175  
  cop_0649_lp_s1    137.94039      0.000    491  
  cop_0650_lp_s1     91.55565      0.000    674  
  cop_0651_lp_s1    131.36964      0.000    509  
  cop_0652_lp_s1     41.47863      0.000    947  
  cop_0653_lp_s1    118.11400      0.000    563  
  cop_0654_lp_s1     31.43291      0.000    994  
  cop_0655_lp_s1    238.99561      0.000    296  
  cop_0656_lp_s1    961.77452      0.000     88  
  cop_0657_lp_s1   1931.62254      0.000     20  
  cop_0658_lp_s1    220.57173      0.000    322  
  cop_0659_lp_s1    200.59443      0.000    360  
  cop_0660_lp_s1     56.24980      0.000    867  
  cop_0661_lp_s1     39.38061      0.000    965  
  cop_0662_lp_s1    241.44075      0.000    318  
  cop_0663_lp_s1    368.76726      0.000    176  
  cop_0664_lp_s1     69.58967      0.000    788  
  cop_0665_lp_s1     35.95175      0.000    984  
  cop_0666_lp_s1     93.58348      0.000    635  
  cop_0667_lp_s1     87.51125      0.000    683  
  cop_0668_lp_s1    120.58932      0.000    518  
  cop_0669_lp_s1    467.21598      0.000    159  
  cop_0670_lp_s1   3778.25623      0.000      3  
  cop_0671_lp_s1    156.09792      0.000    436  
  cop_0672_lp_s1    116.44804      0.000    565  
  cop_0673_lp_s1    125.26406      0.000    534  
  cop_0674_lp_s1    190.52577      0.000    316  
  cop_0675_lp_s1    379.55339      0.000    166  
  cop_0676_lp_s1    200.25244      0.000    328  
  cop_0677_lp_s1    321.60987      0.000    226  
  cop_0678_lp_s1    611.08918      0.000    128  
  cop_0679_lp_s1   3806.94518      0.000      2  
  cop_0680_lp_s1    281.03453      0.000    279  
  cop_0681_lp_s1    471.21531      0.000    162  
  cop_0682_lp_s1    138.55561      0.000    521  
  cop_0683_lp_s1     66.36782      0.000    798  
  cop_0684_lp_s1     52.66476      0.000    890  
  cop_0685_lp_s1     52.15921      0.000    889  
  cop_0686_lp_s1     45.37442      0.000    924  
  cop_0687_lp_s1    490.61325      0.000    153  
  cop_0688_lp_s1     84.58019      0.000    659  
  cop_0689_lp_s1     55.15773      0.000    875  
  cop_0690_lp_s1   1864.76496      0.000     11  
  cop_0691_lp_s1     44.86781      0.000    927  
  cop_0692_lp_s1     53.28871      0.000    880  
  cop_0693_lp_s1    186.06813      0.000    401  
  cop_0694_lp_s1     78.34793      0.000    750  
  cop_0695_lp_s1    150.01257      0.000    430  
  cop_0696_lp_s1     40.54283      0.000    956  
  cop_0697_lp_s1     70.26832      0.000    775  
  cop_0698_lp_s1    124.97006      0.000    526  
  cop_0699_lp_s1    290.34026      0.000    233  
  cop_0700_lp_s1   1060.08071      0.000     49  
  cop_0701_lp_s1    189.33563      0.000    354  
  cop_0702_lp_s1     51.58666      0.000    900  
  cop_0703_lp_s1    115.89613      0.000    569  
  cop_0704_lp_s1   2512.22878      0.000     25  
  cop_0705_lp_s1     64.27552      0.000    807  
  cop_0706_lp_s1     90.40647      0.000    671  
  cop_0707_lp_s1     43.96267      0.000    933  
  cop_0708_lp_s1     39.91233      0.000    958  
  cop_0709_lp_s1    310.95120      0.000    240  
  cop_0710_lp_s1    315.86932      0.000    213  
  cop_0711_lp_s1     60.03776      0.000    832  
  cop_0712_lp_s1    132.15267      0.000    505  
  cop_0713_lp_s1    195.47776      0.000    376  
  cop_0714_lp_s1    218.32503      0.000    330  
  cop_0715_lp_s1     34.22430      0.000    988  
  cop_0716_lp_s1    230.35477      0.000    302  
  cop_0717_lp_s1     39.56520      0.000    959  
  cop_0718_lp_s1    920.16836      0.000     74  
  cop_0719_lp_s1     95.22901      0.000    616  
  cop_0720_lp_s1     41.14174      0.000    952  
  cop_0721_lp_s1    315.86614      0.000    210  
  cop_0722_lp_s1    348.74448      0.000    184  
  cop_0723_lp_s1     95.86587      0.000    651  
  cop_0724_lp_s1    422.23665      0.000    167  
  cop_0725_lp_s1     92.91895      0.000    667  
  cop_0726_lp_s1    178.96052      0.000    368  
  cop_0727_lp_s1     88.10139      0.000    677  
  cop_0728_lp_s1    173.94168      0.000    404  
  cop_0729_lp_s1    120.01812      0.000    562  
  cop_0730_lp_s1    145.27459      0.000    477  
  cop_0731_lp_s1    100.13581      0.000    599  
  cop_0732_lp_s1    256.38227      0.000    253  
  cop_0733_lp_s1    137.51507      0.000    487  
  cop_0734_lp_s1    250.69145      0.000    285  
  cop_0735_lp_s1     48.74821      0.000    909  
  cop_0736_lp_s1     67.33339      0.000    786  
  cop_0737_lp_s1    367.20638      0.000    209  
  cop_0738_lp_s1     51.33469      0.000    896  
  cop_0739_lp_s1   1776.50369      0.000     36  
  cop_0740_lp_s1     37.42405      0.000    973  
  cop_0741_lp_s1    127.35073      0.000    512  
  cop_0742_lp_s1     52.12036      0.000    891  
  cop_0743_lp_s1    101.78156      0.000    609  
  cop_0744_lp_s1    357.77276      0.000    191  
  cop_0745_lp_s1    894.49504      0.000    112  
  cop_0746_lp_s1    651.92764      0.000    141  
  cop_0747_lp_s1    275.62590      0.000    242  
  cop_0748_lp_s1     68.89054      0.000    781  
  cop_0749_lp_s1     89.49974      0.000    664  
  cop_0750_lp_s1     55.18843      0.000    874  
  cop_0751_lp_s1     39.61679      0.000    961  
  cop_0752_lp_s1   1263.85773      0.000     40  
  cop_0753_lp_s1    146.05382      0.000    474  
  cop_0754_lp_s1    329.80750      0.000    243  
  cop_0755_lp_s1    141.84821      0.000    480  
  cop_0756_lp_s1     48.64850      0.000    907  
  cop_0757_lp_s1     52.87870      0.000    883  
  cop_0758_lp_s1    151.95939      0.000    478  
  cop_0759_lp_s1    134.87469      0.000    499  
  cop_0760_lp_s1    227.51258      0.000    338  
  cop_0761_lp_s1    169.91882      0.000    415  
  cop_0762_lp_s1    119.92365      0.000    549  
  cop_0763_lp_s1     55.46597      0.000    868  
  cop_0764_lp_s1     59.05951      0.000    837  
  cop_0765_lp_s1     85.06699      0.000    688  
  cop_0766_lp_s1     79.91540      0.000    724  
  cop_0767_lp_s1    509.95802      0.000    146  
  cop_0768_lp_s1  10437.50276      0.000      6  
  cop_0769_lp_s1    168.02010      0.000    385  
  cop_0770_lp_s1    164.83079      0.000    435  
  cop_0771_lp_s1    179.77226      0.000    374  
  cop_0772_lp_s1     71.18758      0.000    776  
  cop_0773_lp_s1     42.90663      0.000    942  
  cop_0774_lp_s1     41.92226      0.000    946  
  cop_0775_lp_s1    118.30282      0.000    535  
  cop_0776_lp_s1     83.04800      0.000    681  
  cop_0777_lp_s1     45.72951      0.000    921  
  cop_0778_lp_s1     59.65059      0.000    840  
  cop_0779_lp_s1    112.04705      0.000    572  
  cop_0780_lp_s1     66.46324      0.000    783  
  cop_0781_lp_s1    553.32079      0.000    129  
  cop_0782_lp_s1     63.45466      0.000    814  
  cop_0783_lp_s1   1836.42694      0.000     56  
  cop_0784_lp_s1     51.41919      0.000    893  
  cop_0785_lp_s1    807.75504      0.000     66  
  cop_0786_lp_s1    251.76964      0.000    269  
  cop_0787_lp_s1   1271.31113      0.000     21  
  cop_0788_lp_s1    295.39319      0.000    257  
  cop_0789_lp_s1    288.17896      0.000    274  
  cop_0790_lp_s1    151.93722      0.000    443  
  cop_0791_lp_s1    126.81383      0.000    506  
  cop_0792_lp_s1   1042.13880      0.000     48  
  cop_0793_lp_s1     65.28423      0.000    809  
  cop_0794_lp_s1     81.72593      0.000    716  
  cop_0795_lp_s1    144.62045      0.000    498  
  cop_0796_lp_s1     53.25341      0.000    887  
  cop_0797_lp_s1    114.00512      0.000    571  
  cop_0798_lp_s1     88.17260      0.000    653  
  cop_0799_lp_s1   1122.89632      0.000     80  
  cop_0800_lp_s1    101.81046      0.000    591  
  cop_0801_lp_s1     31.29425      0.000    995  
  cop_0802_lp_s1    113.48733      0.000    552  
  cop_0803_lp_s1     79.12044      0.000    733  
  cop_0804_lp_s1    202.18135      0.000    332  
  cop_0805_lp_s1    151.67186      0.000    446  
  cop_0806_lp_s1     79.54887      0.000    721  
  cop_0807_lp_s1    361.56553      0.000    181  
  cop_0808_lp_s1    219.25606      0.000    315  
  cop_0809_lp_s1    992.45786      0.000     44  
  cop_0810_lp_s1    981.29481      0.000     89  
  cop_0811_lp_s1    596.84421      0.000    121  
  cop_0812_lp_s1    273.89900      0.000    218  
  cop_0813_lp_s1    199.72924      0.000    305  
  cop_0814_lp_s1    106.96996      0.000    605  
  cop_0815_lp_s1     88.01569      0.000    668  
  cop_0816_lp_s1    952.62463      0.000     55  
  cop_0817_lp_s1    173.12007      0.000    378  
  cop_0818_lp_s1    183.88716      0.000    363  
  cop_0819_lp_s1    163.25583      0.000    427  
  cop_0820_lp_s1     56.30716      0.000    865  
  cop_0821_lp_s1     63.71158      0.000    818  
  cop_0822_lp_s1    334.72500      0.000    208  
  cop_0823_lp_s1   1103.77304      0.000     43  
  cop_0824_lp_s1     38.40098      0.000    969  
  cop_0825_lp_s1     75.03399      0.000    749  
  cop_0826_lp_s1     43.64635      0.000    935  
  cop_0827_lp_s1     57.56279      0.000    850  
  cop_0828_lp_s1    267.93737      0.000    262  
  cop_0829_lp_s1    161.23595      0.000    406  
  cop_0830_lp_s1    766.14328      0.000    106  
  cop_0831_lp_s1    131.89855      0.000    517  
  cop_0832_lp_s1     36.95839      0.000    978  
  cop_0833_lp_s1    901.44958      0.000     68  
  cop_0834_lp_s1     71.42870      0.000    763  
  cop_0835_lp_s1    213.33773      0.000    303  
  cop_0836_lp_s1    357.95689      0.000    214  
  cop_0837_lp_s1    209.74949      0.000    317  
  cop_0838_lp_s1     86.21307      0.000    706  
  cop_0839_lp_s1    418.64211      0.000    172  
  cop_0840_lp_s1    123.92802      0.000    539  
  cop_0841_lp_s1     50.95231      0.000    902  
  cop_0842_lp_s1    441.31196      0.000    138  
  cop_0843_lp_s1     88.87961      0.000    661  
  cop_0844_lp_s1     97.85360      0.000    649  
  cop_0845_lp_s1    612.20598      0.000     90  
  cop_0846_lp_s1    629.18207      0.000     97  
  cop_0847_lp_s1    307.05491      0.000    229  
  cop_0848_lp_s1     81.27647      0.000    710  
  cop_0849_lp_s1     53.53400      0.000    879  
  cop_0850_lp_s1     86.18518      0.000    695  
  cop_0851_lp_s1    293.14621      0.000    250  
  cop_0852_lp_s1     59.10541      0.000    845  
  cop_0853_lp_s1     77.86075      0.000    732  
  cop_0854_lp_s1     62.17321      0.000    822  
  cop_0855_lp_s1    104.30927      0.000    583  
  cop_0856_lp_s1    291.77875      0.000    223  
  cop_0857_lp_s1     84.42905      0.000    680  
  cop_0858_lp_s1     95.74130      0.000    628  
  cop_0859_lp_s1     50.86010      0.000    903  
  cop_0860_lp_s1    760.86122      0.000     87  
  cop_0861_lp_s1    150.12083      0.000    434  
  cop_0862_lp_s1     61.60261      0.000    830  
  cop_0863_lp_s1     61.43885      0.000    823  
  cop_0864_lp_s1     92.44920      0.000    639  
  cop_0865_lp_s1    316.54057      0.000    216  
  cop_0866_lp_s1    104.47787      0.000    601  
  cop_0867_lp_s1     56.85683      0.000    855  
  cop_0868_lp_s1    629.37475      0.000    109  
  cop_0869_lp_s1    224.94948      0.000    314  
  cop_0870_lp_s1   2383.86019      0.000     12  
  cop_0871_lp_s1     53.14335      0.000    884  
  cop_0872_lp_s1    121.94672      0.000    525  
  cop_0873_lp_s1    188.46087      0.000    369  
  cop_0874_lp_s1     59.51357      0.000    834  
  cop_0875_lp_s1     99.69778      0.000    598  
  cop_0876_lp_s1     87.50565      0.000    699  
  cop_0877_lp_s1     98.46437      0.000    608  
  cop_0878_lp_s1     74.08405      0.000    761  
  cop_0879_lp_s1     92.01281      0.000    622  
  cop_0880_lp_s1     75.63382      0.000    756  
  cop_0881_lp_s1    118.44387      0.000    551  
  cop_0882_lp_s1     67.20145      0.000    795  
  cop_0883_lp_s1    426.30154      0.000    178  
  cop_0884_lp_s1     59.21317      0.000    841  
  cop_0885_lp_s1    252.26714      0.000    264  
  cop_0886_lp_s1     50.89888      0.000    899  
  cop_0887_lp_s1    265.20973      0.000    227  
  cop_0888_lp_s1    208.33602      0.000    311  
  cop_0889_lp_s1    112.14743      0.000    561  
  cop_0890_lp_s1    536.36408      0.000     96  
  cop_0891_lp_s1     91.63551      0.000    624  
  cop_0892_lp_s1    146.95470      0.000    465  
  cop_0893_lp_s1    102.77035      0.000    597  
  cop_0894_lp_s1    254.48643      0.000    295  
  cop_0895_lp_s1     92.02963      0.000    648  
  cop_0896_lp_s1     82.74795      0.000    700  
  cop_0897_lp_s1     44.80307      0.000    928  
  cop_0898_lp_s1     56.16142      0.000    861  
  cop_0899_lp_s1     46.66402      0.000    914  
  cop_0900_lp_s1    901.25571      0.000     73  
  cop_0901_lp_s1    118.92352      0.000    523  
  cop_0902_lp_s1     45.62102      0.000    922  
  cop_0903_lp_s1    220.73448      0.000    349  
  cop_0904_lp_s1     65.89305      0.000    802  
  cop_0905_lp_s1     24.10274      1.000      -  yes
  cop_0906_lp_s1     45.08863      0.000    925  
  cop_0907_lp_s1    436.84711      0.000    116  
  cop_0908_lp_s1    361.57529      0.000    252  
  cop_0909_lp_s1    215.25948      0.000    356  
  cop_0910_lp_s1    131.30346      0.000    524  
  cop_0911_lp_s1     78.06192      0.000    741  
  cop_0912_lp_s1    162.87893      0.000    432  
  cop_0913_lp_s1     50.15248      0.000    901  
  cop_0914_lp_s1     51.79728      0.000    892  
  cop_0915_lp_s1    179.23844      0.000    367  
  cop_0916_lp_s1    225.29020      0.000    325  
  cop_0917_lp_s1     33.19741      0.000    989  
  cop_0918_lp_s1    555.18496      0.000     77  
  cop_0919_lp_s1    878.17515      0.000    100  
  cop_0920_lp_s1    176.78443      0.000    418  
  cop_0921_lp_s1    174.74668      0.000    431  
  cop_0922_lp_s1    234.40308      0.000    291  
  cop_0923_lp_s1    109.28478      0.000    588  
  cop_0924_lp_s1   1531.44521      0.000     91  
  cop_0925_lp_s1    158.57265      0.000    445  
  cop_0926_lp_s1    735.76622      0.000     94  
  cop_0927_lp_s1    256.52063      0.000    289  
  cop_0928_lp_s1   2282.24022      0.000     16  
  cop_0929_lp_s1    551.52006      0.000    122  
  cop_0930_lp_s1    168.78197      0.000    397  
  cop_0931_lp_s1     36.52817      0.000    979  
  cop_0932_lp_s1    880.78288      0.000     62  
  cop_0933_lp_s1    290.87255      0.000    246  
  cop_0934_lp_s1    194.15827      0.000    345  
  cop_0935_lp_s1    247.46164      0.000    281  
  cop_0936_lp_s1    223.90451      0.000    310  
  cop_0937_lp_s1     60.53696      0.000    838  
  cop_0938_lp_s1    443.17723      0.000    154  
  cop_0939_lp_s1    151.11747      0.000    414  
  cop_0940_lp_s1    371.79853      0.000    144  
  cop_0941_lp_s1     82.98141      0.000    689  
  cop_0942_lp_s1    881.31378      0.000     59  
  cop_0943_lp_s1     52.51245      0.000    886  
  cop_0944_lp_s1    196.46177      0.000    375  
  cop_0945_lp_s1    394.86266      0.000    200  
  cop_0946_lp_s1    405.12066      0.000    177  
  cop_0947_lp_s1    301.92307      0.000    239  
  cop_0948_lp_s1     92.19716      0.000    693  
  cop_0949_lp_s1    382.02558      0.000    157  
  cop_0950_lp_s1     71.72689      0.000    770  
  cop_0951_lp_s1     73.81364      0.000    762  
  cop_0952_lp_s1    101.24535      0.000    619  
  cop_0953_lp_s1    164.22108      0.000    409  
  cop_0954_lp_s1    169.47771      0.000    377  
  cop_0955_lp_s1     99.95023      0.000    615  
  cop_0956_lp_s1    138.58285      0.000    471  
  cop_0957_lp_s1    274.86795      0.000    266  
  cop_0958_lp_s1   1372.52052      0.000     45  
  cop_0959_lp_s1    118.73982      0.000    537  
  cop_0960_lp_s1    177.17714      0.000    389  
  cop_0961_lp_s1    201.71486      0.000    392  
  cop_0962_lp_s1    105.27171      0.000    593  
  cop_0963_lp_s1    107.96781      0.000    581  
  cop_0964_lp_s1     88.59607      0.000    685  
  cop_0965_lp_s1    621.98167      0.000    108  
  cop_0966_lp_s1    451.37964      0.000    123  
  cop_0967_lp_s1    685.68302      0.000     64  
  cop_0968_lp_s1     79.36582      0.000    717  
  cop_0969_lp_s1     58.97562      0.000    842  
  cop_0970_lp_s1     33.01682      0.000    990  
  cop_0971_lp_s1     39.48274      0.000    964  
  cop_0972_lp_s1     53.76403      0.000    872  
  cop_0973_lp_s1    159.59568      0.000    456  
  cop_0974_lp_s1    113.06869      0.000    576  
  cop_0975_lp_s1    230.09967      0.000    286  
  cop_0976_lp_s1    171.80221      0.000    410  
  cop_0977_lp_s1    661.12156      0.000     67  
  cop_0978_lp_s1    103.03658      0.000    595  
  cop_0979_lp_s1     86.57931      0.000    690  
  cop_0980_lp_s1    676.19127      0.000     98  
  cop_0981_lp_s1    327.21802      0.000    198  
  cop_0982_lp_s1     98.12229      0.000    644  
  cop_0983_lp_s1    219.25978      0.000    320  
  cop_0984_lp_s1    373.22314      0.000    158  
  cop_0985_lp_s1    182.66131      0.000    399  
  cop_0986_lp_s1     86.24246      0.000    697  
  cop_0987_lp_s1    211.56972      0.000    357  
  cop_0988_lp_s1    121.11906      0.000    514  
  cop_0989_lp_s1    548.85611      0.000    140  
  cop_0990_lp_s1    352.98848      0.000    194  
  cop_0991_lp_s1    133.99145      0.000    468  
  cop_0992_lp_s1    287.05814      0.000    238  
  cop_0993_lp_s1    185.77896      0.000    348  
  cop_0994_lp_s1     66.79949      0.000    797  
  cop_0995_lp_s1     80.09242      0.000    736  
  cop_0996_lp_s1     82.86413      0.000    708  
  cop_0997_lp_s1    287.61275      0.000    219  
  cop_0998_lp_s1     92.69857      0.000    662  
  cop_0999_lp_s1    113.14344      0.000    580  
  cop_1000_lp_s1     91.25565      0.000    646  
  eliminated, worst first: cop_0086_lp_s1 cop_0679_lp_s1 cop_0670_lp_s1 cop_0184_lp_s1 cop_0375_lp_s1 cop_0768_lp_s1 cop_0080_lp_s1 cop_0058_lp_s1 cop_0212_lp_s1 cop_0214_lp_s1 cop_0690_lp_s1 cop_0870_lp_s1 cop_0362_lp_s1 cop_0323_lp_s1 cop_0308_lp_s1 cop_0928_lp_s1 cop_0511_lp_s1 cop_0130_lp_s1 cop_0411_lp_s1 cop_0657_lp_s1 cop_0787_lp_s1 cop_0046_lp_s1 cop_0085_lp_s1 cop_0562_lp_s1 cop_0704_lp_s1 cop_0548_lp_s1 cop_0049_lp_s1 cop_0154_lp_s1 cop_0206_lp_s1 cop_0056_lp_s1 cop_0168_lp_s1 cop_0095_lp_s1 cop_0388_lp_s1 cop_0508_lp_s1 cop_0229_lp_s1 cop_0739_lp_s1 cop_0253_lp_s1 cop_0167_lp_s1 cop_0009_lp_s1 cop_0752_lp_s1 cop_0558_lp_s1 cop_0366_lp_s1 cop_0823_lp_s1 cop_0809_lp_s1 cop_0958_lp_s1 cop_0626_lp_s1 cop_0262_lp_s1 cop_0792_lp_s1 cop_0700_lp_s1 cop_0402_lp_s1 cop_0230_lp_s1 cop_0325_lp_s1 cop_0608_lp_s1 cop_0579_lp_s1 cop_0816_lp_s1 cop_0783_lp_s1 cop_0591_lp_s1 cop_0381_lp_s1 cop_0942_lp_s1 cop_0461_lp_s1 cop_0219_lp_s1 cop_0932_lp_s1 cop_0098_lp_s1 cop_0967_lp_s1 cop_0115_lp_s1 cop_0785_lp_s1 cop_0977_lp_s1 cop_0833_lp_s1 cop_0584_lp_s1 cop_0637_lp_s1 cop_0257_lp_s1 cop_0387_lp_s1 cop_0900_lp_s1 cop_0718_lp_s1 cop_0096_lp_s1 cop_0114_lp_s1 cop_0918_lp_s1 cop_0549_lp_s1 cop_0528_lp_s1 cop_0799_lp_s1 cop_0158_lp_s1 cop_0329_lp_s1 cop_0414_lp_s1 cop_0332_lp_s1 cop_0089_lp_s1 cop_0393_lp_s1 cop_0860_lp_s1 cop_0656_lp_s1 cop_0810_lp_s1 cop_0845_lp_s1 cop_0924_lp_s1 cop_0175_lp_s1 cop_0287_lp_s1 cop_0926_lp_s1 cop_0406_lp_s1 cop_0890_lp_s1 cop_0846_lp_s1 cop_0980_lp_s1 cop_0013_lp_s1 cop_0919_lp_s1 cop_0297_lp_s1 cop_0333_lp_s1 cop_0567_lp_s1 cop_0391_lp_s1 cop_0041_lp_s1 cop_0830_lp_s1 cop_0012_lp_s1 cop_0965_lp_s1 cop_0868_lp_s1 cop_0300_lp_s1 cop_0244_lp_s1 cop_0745_lp_s1 cop_0052_lp_s1 cop_0043_lp_s1 cop_0140_lp_s1 cop_0907_lp_s1 cop_0276_lp_s1 cop_0088_lp_s1 cop_0304_lp_s1 cop_0603_lp_s1 cop_0811_lp_s1 cop_0929_lp_s1 cop_0966_lp_s1 cop_0582_lp_s1 cop_0572_lp_s1 cop_0370_lp_s1 cop_0202_lp_s1 cop_0678_lp_s1 cop_0781_lp_s1 cop_0270_lp_s1 cop_0025_lp_s1 cop_0278_lp_s1 cop_0363_lp_s1 cop_0425_lp_s1 cop_0259_lp_s1 cop_0119_lp_s1 cop_0521_lp_s1 cop_0842_lp_s1 cop_0209_lp_s1 cop_0989_lp_s1 cop_0746_lp_s1 cop_0468_lp_s1 cop_0233_lp_s1 cop_0940_lp_s1 cop_0605_lp_s1 cop_0767_lp_s1 cop_0238_lp_s1 cop_0251_lp_s1 cop_0515_lp_s1 cop_0505_lp_s1 cop_0159_lp_s1 cop_0178_lp_s1 cop_0687_lp_s1 cop_0938_lp_s1 cop_0160_lp_s1 cop_0412_lp_s1 cop_0949_lp_s1 cop_0984_lp_s1 cop_0669_lp_s1 cop_0590_lp_s1 cop_0271_lp_s1 cop_0681_lp_s1 cop_0588_lp_s1 cop_0632_lp_s1 cop_0342_lp_s1 cop_0675_lp_s1 cop_0724_lp_s1 cop_0535_lp_s1 cop_0245_lp_s1 cop_0038_lp_s1 cop_0607_lp_s1 cop_0839_lp_s1 cop_0565_lp_s1 cop_0421_lp_s1 cop_0648_lp_s1 cop_0663_lp_s1 cop_0946_lp_s1 cop_0883_lp_s1 cop_0612_lp_s1 cop_0261_lp_s1 cop_0807_lp_s1 cop_0532_lp_s1 cop_0486_lp_s1 cop_0722_lp_s1 cop_0064_lp_s1 cop_0188_lp_s1 cop_0092_lp_s1 cop_0473_lp_s1 cop_0484_lp_s1 cop_0063_lp_s1 cop_0744_lp_s1 cop_0449_lp_s1 cop_0430_lp_s1 cop_0990_lp_s1 cop_0273_lp_s1 cop_0471_lp_s1 cop_0090_lp_s1 cop_0981_lp_s1 cop_0487_lp_s1 cop_0945_lp_s1 cop_0138_lp_s1 cop_0275_lp_s1 cop_0550_lp_s1 cop_0456_lp_s1 cop_0560_lp_s1 cop_0452_lp_s1 cop_0455_lp_s1 cop_0822_lp_s1 cop_0737_lp_s1 cop_0721_lp_s1 cop_0379_lp_s1 cop_0427_lp_s1 cop_0710_lp_s1 cop_0836_lp_s1 cop_0123_lp_s1 cop_0865_lp_s1 cop_0190_lp_s1 cop_0812_lp_s1 cop_0997_lp_s1 cop_0344_lp_s1 cop_0326_lp_s1 cop_0059_lp_s1 cop_0856_lp_s1 cop_0164_lp_s1 cop_0189_lp_s1 cop_0677_lp_s1 cop_0887_lp_s1 cop_0222_lp_s1 cop_0847_lp_s1 cop_0345_lp_s1 cop_0475_lp_s1 cop_0020_lp_s1 cop_0699_lp_s1 cop_0365_lp_s1 cop_0328_lp_s1 cop_0551_lp_s1 cop_0491_lp_s1 cop_0992_lp_s1 cop_0947_lp_s1 cop_0709_lp_s1 cop_0192_lp_s1 cop_0747_lp_s1 cop_0754_lp_s1 cop_0380_lp_s1 cop_0155_lp_s1 cop_0933_lp_s1 cop_0359_lp_s1 cop_0060_lp_s1 cop_0512_lp_s1 cop_0851_lp_s1 cop_0499_lp_s1 cop_0908_lp_s1 cop_0732_lp_s1 cop_0266_lp_s1 cop_0336_lp_s1 cop_0354_lp_s1 cop_0788_lp_s1 cop_0619_lp_s1 cop_0217_lp_s1 cop_0602_lp_s1 cop_0392_lp_s1 cop_0828_lp_s1 cop_0303_lp_s1 cop_0885_lp_s1 cop_0613_lp_s1 cop_0957_lp_s1 cop_0137_lp_s1 cop_0051_lp_s1 cop_0786_lp_s1 cop_0279_lp_s1 cop_0621_lp_s1 cop_0084_lp_s1 cop_0034_lp_s1 cop_0789_lp_s1 cop_0517_lp_s1 cop_0448_lp_s1 cop_0018_lp_s1 cop_0445_lp_s1 cop_0680_lp_s1 cop_0053_lp_s1 cop_0935_lp_s1 cop_0385_lp_s1 cop_0210_lp_s1 cop_0376_lp_s1 cop_0734_lp_s1 cop_0975_lp_s1 cop_0093_lp_s1 cop_0563_lp_s1 cop_0927_lp_s1 cop_0330_lp_s1 cop_0922_lp_s1 cop_0026_lp_s1 cop_0575_lp_s1 cop_0614_lp_s1 cop_0894_lp_s1 cop_0655_lp_s1 cop_0576_lp_s1 cop_0539_lp_s1 cop_0310_lp_s1 cop_0104_lp_s1 cop_0022_lp_s1 cop_0716_lp_s1 cop_0835_lp_s1 cop_0610_lp_s1 cop_0813_lp_s1 cop_0419_lp_s1 cop_0443_lp_s1 cop_0083_lp_s1 cop_0264_lp_s1 cop_0936_lp_s1 cop_0888_lp_s1 cop_0327_lp_s1 cop_0177_lp_s1 cop_0869_lp_s1 cop_0808_lp_s1 cop_0674_lp_s1 cop_0837_lp_s1 cop_0662_lp_s1 cop_0153_lp_s1 cop_0983_lp_s1 cop_0315_lp_s1 cop_0658_lp_s1 cop_0555_lp_s1 cop_0263_lp_s1 cop_0916_lp_s1 cop_0290_lp_s1 cop_0014_lp_s1 cop_0676_lp_s1 cop_0132_lp_s1 cop_0714_lp_s1 cop_0055_lp_s1 cop_0804_lp_s1 cop_0583_lp_s1 cop_0454_lp_s1 cop_0573_lp_s1 cop_0074_lp_s1 cop_0496_lp_s1 cop_0760_lp_s1 cop_0232_lp_s1 cop_0143_lp_s1 cop_0618_lp_s1 cop_0197_lp_s1 cop_0071_lp_s1 cop_0311_lp_s1 cop_0934_lp_s1 cop_0418_lp_s1 cop_0021_lp_s1 cop_0993_lp_s1 cop_0903_lp_s1 cop_0447_lp_s1 cop_0405_lp_s1 cop_0122_lp_s1 cop_0617_lp_s1 cop_0701_lp_s1 cop_0623_lp_s1 cop_0909_lp_s1 cop_0987_lp_s1 cop_0609_lp_s1 cop_0644_lp_s1 cop_0659_lp_s1 cop_0592_lp_s1 cop_0599_lp_s1 cop_0818_lp_s1 cop_0129_lp_s1 cop_0409_lp_s1 cop_0524_lp_s1 cop_0915_lp_s1 cop_0726_lp_s1 cop_0873_lp_s1 cop_0076_lp_s1 cop_0493_lp_s1 cop_0483_lp_s1 cop_0546_lp_s1 cop_0771_lp_s1 cop_0944_lp_s1 cop_0713_lp_s1 cop_0954_lp_s1 cop_0817_lp_s1 cop_0611_lp_s1 cop_0586_lp_s1 cop_0358_lp_s1 cop_0301_lp_s1 cop_0627_lp_s1 cop_0488_lp_s1 cop_0769_lp_s1 cop_0272_lp_s1 cop_0015_lp_s1 cop_0249_lp_s1 cop_0960_lp_s1 cop_0223_lp_s1 cop_0291_lp_s1 cop_0961_lp_s1 cop_0389_lp_s1 cop_0341_lp_s1 cop_0417_lp_s1 cop_0069_lp_s1 cop_0930_lp_s1 cop_0110_lp_s1 cop_0985_lp_s1 cop_0077_lp_s1 cop_0693_lp_s1 cop_0065_lp_s1 cop_0476_lp_s1 cop_0728_lp_s1 cop_0307_lp_s1 cop_0829_lp_s1 cop_0641_lp_s1 cop_0215_lp_s1 cop_0953_lp_s1 cop_0976_lp_s1 cop_0547_lp_s1 cop_0360_lp_s1 cop_0645_lp_s1 cop_0939_lp_s1 cop_0761_lp_s1 cop_0216_lp_s1 cop_0470_lp_s1 cop_0920_lp_s1 cop_0401_lp_s1 cop_0237_lp_s1 cop_0195_lp_s1 cop_0073_lp_s1 cop_0433_lp_s1 cop_0357_lp_s1 cop_0247_lp_s1 cop_0331_lp_s1 cop_0819_lp_s1 cop_0042_lp_s1 cop_0242_lp_s1 cop_0695_lp_s1 cop_0921_lp_s1 cop_0912_lp_s1 cop_0646_lp_s1 cop_0861_lp_s1 cop_0770_lp_s1 cop_0671_lp_s1 cop_0490_lp_s1 cop_0580_lp_s1 cop_0394_lp_s1 cop_0116_lp_s1 cop_0630_lp_s1 cop_0568_lp_s1 cop_0790_lp_s1 cop_0395_lp_s1 cop_0925_lp_s1 cop_0805_lp_s1 cop_0339_lp_s1 cop_0163_lp_s1 cop_0557_lp_s1 cop_0383_lp_s1 cop_0504_lp_s1 cop_0187_lp_s1 cop_0643_lp_s1 cop_0340_lp_s1 cop_0101_lp_s1 cop_0973_lp_s1 cop_0545_lp_s1 cop_0048_lp_s1 cop_0322_lp_s1 cop_0309_lp_s1 cop_0616_lp_s1 cop_0415_lp_s1 cop_0023_lp_s1 cop_0595_lp_s1 cop_0892_lp_s1 cop_0636_lp_s1 cop_0286_lp_s1 cop_0991_lp_s1 cop_0067_lp_s1 cop_0589_lp_s1 cop_0956_lp_s1 cop_0111_lp_s1 cop_0283_lp_s1 cop_0753_lp_s1 cop_0268_lp_s1 cop_0404_lp_s1 cop_0730_lp_s1 cop_0758_lp_s1 cop_0537_lp_s1 cop_0755_lp_s1 cop_0224_lp_s1 cop_0068_lp_s1 cop_0248_lp_s1 cop_0446_lp_s1 cop_0420_lp_s1 cop_0416_lp_s1 cop_0733_lp_s1 cop_0556_lp_s1 cop_0235_lp_s1 cop_0462_lp_s1 cop_0649_lp_s1 cop_0295_lp_s1 cop_0176_lp_s1 cop_0204_lp_s1 cop_0198_lp_s1 cop_0124_lp_s1 cop_0639_lp_s1 cop_0795_lp_s1 cop_0759_lp_s1 cop_0337_lp_s1 cop_0386_lp_s1 cop_0113_lp_s1 cop_0141_lp_s1 cop_0372_lp_s1 cop_0712_lp_s1 cop_0791_lp_s1 cop_0625_lp_s1 cop_0260_lp_s1 cop_0651_lp_s1 cop_0007_lp_s1 cop_0045_lp_s1 cop_0741_lp_s1 cop_0282_lp_s1 cop_0988_lp_s1 cop_0193_lp_s1 cop_0008_lp_s1 cop_0831_lp_s1 cop_0668_lp_s1 cop_0485_lp_s1 cop_0640_lp_s1 cop_0682_lp_s1 cop_0400_lp_s1 cop_0901_lp_s1 cop_0910_lp_s1 cop_0872_lp_s1 cop_0698_lp_s1 cop_0459_lp_s1 cop_0050_lp_s1 cop_0606_lp_s1 cop_0495_lp_s1 cop_0442_lp_s1 cop_0146_lp_s1 cop_0585_lp_s1 cop_0673_lp_s1 cop_0775_lp_s1 cop_0293_lp_s1 cop_0959_lp_s1 cop_0597_lp_s1 cop_0840_lp_s1 cop_0319_lp_s1 cop_0006_lp_s1 cop_0239_lp_s1 cop_0472_lp_s1 cop_0453_lp_s1 cop_0028_lp_s1 cop_0218_lp_s1 cop_0236_lp_s1 cop_0465_lp_s1 cop_0762_lp_s1 cop_0174_lp_s1 cop_0881_lp_s1 cop_0802_lp_s1 cop_0434_lp_s1 cop_0284_lp_s1 cop_0133_lp_s1 cop_0078_lp_s1 cop_0553_lp_s1 cop_0296_lp_s1 cop_0620_lp_s1 cop_0029_lp_s1 cop_0889_lp_s1 cop_0729_lp_s1 cop_0653_lp_s1 cop_0436_lp_s1 cop_0672_lp_s1 cop_0352_lp_s1 cop_0638_lp_s1 cop_0128_lp_s1 cop_0703_lp_s1 cop_0305_lp_s1 cop_0797_lp_s1 cop_0779_lp_s1 cop_0203_lp_s1 cop_0294_lp_s1 cop_0601_lp_s1 cop_0974_lp_s1 cop_0324_lp_s1 cop_0578_lp_s1 cop_0439_lp_s1 cop_0999_lp_s1 cop_0963_lp_s1 cop_0348_lp_s1 cop_0855_lp_s1 cop_0384_lp_s1 cop_0226_lp_s1 cop_0432_lp_s1 cop_0507_lp_s1 cop_0923_lp_s1 cop_0492_lp_s1 cop_0647_lp_s1 cop_0800_lp_s1 cop_0541_lp_s1 cop_0962_lp_s1 cop_0451_lp_s1 cop_0978_lp_s1 cop_0033_lp_s1 cop_0893_lp_s1 cop_0875_lp_s1 cop_0731_lp_s1 cop_0502_lp_s1 cop_0866_lp_s1 cop_0467_lp_s1 cop_0196_lp_s1 cop_0438_lp_s1 cop_0814_lp_s1 cop_0225_lp_s1 cop_0171_lp_s1 cop_0877_lp_s1 cop_0743_lp_s1 cop_0407_lp_s1 cop_0027_lp_s1 cop_0208_lp_s1 cop_0398_lp_s1 cop_0531_lp_s1 cop_0955_lp_s1 cop_0719_lp_s1 cop_0431_lp_s1 cop_0318_lp_s1 cop_0952_lp_s1 cop_0227_lp_s1 cop_0633_lp_s1 cop_0879_lp_s1 cop_0200_lp_s1 cop_0891_lp_s1 cop_0131_lp_s1 cop_0081_lp_s1 cop_0087_lp_s1 cop_0858_lp_s1 cop_0378_lp_s1 cop_0017_lp_s1 cop_0280_lp_s1 cop_0181_lp_s1 cop_0001_lp_s1 cop_0258_lp_s1 cop_0666_lp_s1 cop_0180_lp_s1 cop_0302_lp_s1 cop_0522_lp_s1 cop_0864_lp_s1 cop_0514_lp_s1 cop_0377_lp_s1 cop_0156_lp_s1 cop_0234_lp_s1 cop_0982_lp_s1 cop_0151_lp_s1 cop_1000_lp_s1 cop_0615_lp_s1 cop_0895_lp_s1 cop_0844_lp_s1 cop_0144_lp_s1 cop_0723_lp_s1 cop_0489_lp_s1 cop_0798_lp_s1 cop_0477_lp_s1 cop_0408_lp_s1 cop_0169_lp_s1 cop_0506_lp_s1 cop_0566_lp_s1 cop_0688_lp_s1 cop_0373_lp_s1 cop_0843_lp_s1 cop_0998_lp_s1 cop_0117_lp_s1 cop_0749_lp_s1 cop_0569_lp_s1 cop_0441_lp_s1 cop_0725_lp_s1 cop_0815_lp_s1 cop_0382_lp_s1 cop_0243_lp_s1 cop_0706_lp_s1 cop_0542_lp_s1 cop_0030_lp_s1 cop_0650_lp_s1 cop_0403_lp_s1 cop_0587_lp_s1 cop_0727_lp_s1 cop_0559_lp_s1 cop_0250_lp_s1 cop_0857_lp_s1 cop_0776_lp_s1 cop_0355_lp_s1 cop_0667_lp_s1 cop_0011_lp_s1 cop_0964_lp_s1 cop_0228_lp_s1 cop_0091_lp_s1 cop_0765_lp_s1 cop_0941_lp_s1 cop_0979_lp_s1 cop_0035_lp_s1 cop_0312_lp_s1 cop_0948_lp_s1 cop_0162_lp_s1 cop_0850_lp_s1 cop_0564_lp_s1 cop_0986_lp_s1 cop_0003_lp_s1 cop_0876_lp_s1 cop_0896_lp_s1 cop_0371_lp_s1 cop_0040_lp_s1 cop_0292_lp_s1 cop_0349_lp_s1 cop_0463_lp_s1 cop_0838_lp_s1 cop_0498_lp_s1 cop_0996_lp_s1 cop_0474_lp_s1 cop_0848_lp_s1 cop_0170_lp_s1 cop_0105_lp_s1 cop_0037_lp_s1 cop_0600_lp_s1 cop_0127_lp_s1 cop_0794_lp_s1 cop_0968_lp_s1 cop_0097_lp_s1 cop_0523_lp_s1 cop_0581_lp_s1 cop_0806_lp_s1 cop_0194_lp_s1 cop_0150_lp_s1 cop_0766_lp_s1 cop_0125_lp_s1 cop_0543_lp_s1 cop_0252_lp_s1 cop_0246_lp_s1 cop_0288_lp_s1 cop_0186_lp_s1 cop_0265_lp_s1 cop_0853_lp_s1 cop_0803_lp_s1 cop_0536_lp_s1 cop_0019_lp_s1 cop_0995_lp_s1 cop_0179_lp_s1 cop_0039_lp_s1 cop_0185_lp_s1 cop_0075_lp_s1 cop_0911_lp_s1 cop_0314_lp_s1 cop_0497_lp_s1 cop_0005_lp_s1 cop_0221_lp_s1 cop_0320_lp_s1 cop_0032_lp_s1 cop_0082_lp_s1 cop_0825_lp_s1 cop_0694_lp_s1 cop_0165_lp_s1 cop_0126_lp_s1 cop_0120_lp_s1 cop_0220_lp_s1 cop_0364_lp_s1 cop_0880_lp_s1 cop_0103_lp_s1 cop_0109_lp_s1 cop_0313_lp_s1 cop_0094_lp_s1 cop_0878_lp_s1 cop_0951_lp_s1 cop_0834_lp_s1 cop_0108_lp_s1 cop_0112_lp_s1 cop_0520_lp_s1 cop_0540_lp_s1 cop_0571_lp_s1 cop_0500_lp_s1 cop_0950_lp_s1 cop_0466_lp_s1 cop_0061_lp_s1 cop_0099_lp_s1 cop_0450_lp_s1 cop_0697_lp_s1 cop_0772_lp_s1 cop_0351_lp_s1 cop_0482_lp_s1 cop_0423_lp_s1 cop_0289_lp_s1 cop_0748_lp_s1 cop_0479_lp_s1 cop_0780_lp_s1 cop_0530_lp_s1 cop_0413_lp_s1 cop_0736_lp_s1 cop_0642_lp_s1 cop_0664_lp_s1 cop_0458_lp_s1 cop_0199_lp_s1 cop_0554_lp_s1 cop_0369_lp_s1 cop_0574_lp_s1 cop_0624_lp_s1 cop_0882_lp_s1 cop_0135_lp_s1 cop_0994_lp_s1 cop_0683_lp_s1 cop_0057_lp_s1 cop_0010_lp_s1 cop_0353_lp_s1 cop_0904_lp_s1 cop_0267_lp_s1 cop_0460_lp_s1 cop_0316_lp_s1 cop_0145_lp_s1 cop_0705_lp_s1 cop_0121_lp_s1 cop_0793_lp_s1 cop_0634_lp_s1 cop_0183_lp_s1 cop_0134_lp_s1 cop_0464_lp_s1 cop_0782_lp_s1 cop_0149_lp_s1 cop_0070_lp_s1 cop_0231_lp_s1 cop_0821_lp_s1 cop_0635_lp_s1 cop_0513_lp_s1 cop_0510_lp_s1 cop_0854_lp_s1 cop_0863_lp_s1 cop_0024_lp_s1 cop_0298_lp_s1 cop_0516_lp_s1 cop_0173_lp_s1 cop_0306_lp_s1 cop_0334_lp_s1 cop_0862_lp_s1 cop_0596_lp_s1 cop_0711_lp_s1 cop_0062_lp_s1 cop_0874_lp_s1 cop_0031_lp_s1 cop_0285_lp_s1 cop_0764_lp_s1 cop_0937_lp_s1 cop_0172_lp_s1 cop_0778_lp_s1 cop_0884_lp_s1 cop_0969_lp_s1 cop_0072_lp_s1 cop_0255_lp_s1 cop_0852_lp_s1 cop_0529_lp_s1 cop_0501_lp_s1 cop_0440_lp_s1 cop_0629_lp_s1 cop_0827_lp_s1 cop_0211_lp_s1 cop_0274_lp_s1 cop_0277_lp_s1 cop_0299_lp_s1 cop_0867_lp_s1 cop_0161_lp_s1 cop_0256_lp_s1 cop_0367_lp_s1 cop_0343_lp_s1 cop_0631_lp_s1 cop_0898_lp_s1 cop_0598_lp_s1 cop_0205_lp_s1 cop_0570_lp_s1 cop_0820_lp_s1 cop_0469_lp_s1 cop_0660_lp_s1 cop_0763_lp_s1 cop_0594_lp_s1 cop_0321_lp_s1 cop_0240_lp_s1 cop_0972_lp_s1 cop_0066_lp_s1 cop_0750_lp_s1 cop_0689_lp_s1 cop_0147_lp_s1 cop_0346_lp_s1 cop_0544_lp_s1 cop_0849_lp_s1 cop_0692_lp_s1 cop_0561_lp_s1 cop_0494_lp_s1 cop_0757_lp_s1 cop_0871_lp_s1 cop_0139_lp_s1 cop_0943_lp_s1 cop_0796_lp_s1 cop_0201_lp_s1 cop_0685_lp_s1 cop_0684_lp_s1 cop_0742_lp_s1 cop_0914_lp_s1 cop_0784_lp_s1 cop_0397_lp_s1 cop_0628_lp_s1 cop_0738_lp_s1 cop_0457_lp_s1 cop_0509_lp_s1 cop_0886_lp_s1 cop_0702_lp_s1 cop_0913_lp_s1 cop_0841_lp_s1 cop_0859_lp_s1 cop_0102_lp_s1 cop_0106_lp_s1 cop_0118_lp_s1 cop_0756_lp_s1 cop_0002_lp_s1 cop_0735_lp_s1 cop_0152_lp_s1 cop_0157_lp_s1 cop_0254_lp_s1 cop_0350_lp_s1 cop_0899_lp_s1 cop_0396_lp_s1 cop_0538_lp_s1 cop_0480_lp_s1 cop_0182_lp_s1 cop_0107_lp_s1 cop_0428_lp_s1 cop_0777_lp_s1 cop_0902_lp_s1 cop_0424_lp_s1 cop_0686_lp_s1 cop_0906_lp_s1 cop_0281_lp_s1 cop_0691_lp_s1 cop_0897_lp_s1 cop_0518_lp_s1 cop_0422_lp_s1 cop_0429_lp_s1 cop_0519_lp_s1 cop_0707_lp_s1 cop_0317_lp_s1 cop_0826_lp_s1 cop_0481_lp_s1 cop_0525_lp_s1 cop_0503_lp_s1 cop_0016_lp_s1 cop_0347_lp_s1 cop_0213_lp_s1 cop_0773_lp_s1 cop_0533_lp_s1 cop_0335_lp_s1 cop_0527_lp_s1 cop_0774_lp_s1 cop_0652_lp_s1 cop_0577_lp_s1 cop_0622_lp_s1 cop_0368_lp_s1 cop_0207_lp_s1 cop_0720_lp_s1 cop_0390_lp_s1 cop_0338_lp_s1 cop_0269_lp_s1 cop_0696_lp_s1 cop_0361_lp_s1 cop_0708_lp_s1 cop_0717_lp_s1 cop_0004_lp_s1 cop_0751_lp_s1 cop_0435_lp_s1 cop_0478_lp_s1 cop_0971_lp_s1 cop_0661_lp_s1 cop_0036_lp_s1 cop_0604_lp_s1 cop_0534_lp_s1 cop_0824_lp_s1 cop_0136_lp_s1 cop_0444_lp_s1 cop_0054_lp_s1 cop_0740_lp_s1 cop_0410_lp_s1 cop_0437_lp_s1 cop_0426_lp_s1 cop_0100_lp_s1 cop_0832_lp_s1 cop_0931_lp_s1 cop_0399_lp_s1 cop_0142_lp_s1 cop_0047_lp_s1 cop_0374_lp_s1 cop_0665_lp_s1 cop_0044_lp_s1 cop_0526_lp_s1 cop_0166_lp_s1 cop_0715_lp_s1 cop_0917_lp_s1 cop_0970_lp_s1 cop_0191_lp_s1 cop_0148_lp_s1 cop_0552_lp_s1 cop_0654_lp_s1 cop_0801_lp_s1 cop_0079_lp_s1 cop_0241_lp_s1 cop_0356_lp_s1 cop_0593_lp_s1
  set decided by an accepted test: no, every test rejected down to one model (last p = 0.000 against alpha = 0.050)
