MCS_TR against MCS_TMAX on out/abm_system_lp_r_levels_irf_loss_s2.csv
1000 configurations, 1000 replicates each
shared: alpha = 0.050, 10000 resamples, block length 1, bootstrap variance, seed 123, stream 0

Both statistics are scored on the same resamples, drawn once and reused in every round.

statistic  set size  decided by an accepted test  deciding round  last p-value  seconds
MCS_TR            1                           no               0        0.0014      5.1
MCS_TMAX          1                           no               0        0.0014      7.2

sets
  in both sets 1, only in MCS_TR's 0, only in MCS_TMAX's 0
  largest difference between the two MCS p-values of one configuration 0.0000

elimination rounds, the configuration left at the end counted as round 1000
  Spearman rank correlation between the two orders 0.8080
  absolute difference in round: median 97, 90th percentile 308, largest 642

the 10 configurations MCS_TR eliminated last, with where MCS_TMAX put them
  configuration  mean loss  MCS_TR round  MCS_TR p  MCS_TMAX round  MCS_TMAX p
  cop_0905_lp_s2  4.49530  1000  1.0000  1000  1.0000
  cop_0593_lp_s2  5.70951  999  0.0014  999  0.0014
  cop_0654_lp_s2  12.64353  998  0.0000  998  0.0000
  cop_0970_lp_s2  13.76444  997  0.0000  996  0.0000
  cop_0801_lp_s2  13.17197  996  0.0000  997  0.0000
  cop_0552_lp_s2  15.93759  995  0.0000  995  0.0000
  cop_0356_lp_s2  17.32445  994  0.0000  994  0.0000
  cop_0079_lp_s2  18.18124  993  0.0000  993  0.0000
  cop_0526_lp_s2  22.22935  992  0.0000  992  0.0000
  cop_0338_lp_s2  24.12390  991  0.0000  990  0.0000


  sample    1000 observations, 1000 models
  statistic TR, every pairwise contrast
  test      alpha = 0.050, 10000 moving-block resamples of 1 observations
  variance  bootstrap variance of the resampled mean
  stream    seed 123, stream 0

MCS over state-dependent local projection impulse-response MAE, state 2 (lags times F), series R's transform_data levels: GDP, Employment, Inflation, InterestRate, Energy, MCS_TR statistic
  model             mean loss      MCS p  round  in set
  cop_0001_lp_s2    105.68178      0.000    824  
  cop_0002_lp_s2     41.12471      0.000    909  
  cop_0003_lp_s2     79.38932      0.000    578  
  cop_0004_lp_s2     38.41214      0.000    931  
  cop_0005_lp_s2     72.95986      0.000    604  
  cop_0006_lp_s2    114.31073      0.000    237  
  cop_0007_lp_s2    128.61422      0.000    376  
  cop_0008_lp_s2    123.91847      0.000    219  
  cop_0009_lp_s2   1018.88699      0.000    133  
  cop_0010_lp_s2     63.81789      0.000    474  
  cop_0011_lp_s2     91.20546      0.000    706  
  cop_0012_lp_s2    469.58404      0.000     22  
  cop_0013_lp_s2    697.60168      0.000    274  
  cop_0014_lp_s2    220.06891      0.000    411  
  cop_0015_lp_s2    181.39327      0.000    571  
  cop_0016_lp_s2     41.38631      0.000    928  
  cop_0017_lp_s2     94.66617      0.000    415  
  cop_0018_lp_s2    239.18321      0.000    112  
  cop_0019_lp_s2     78.39353      0.000    737  
  cop_0020_lp_s2    291.49916      0.000    527  
  cop_0021_lp_s2    179.72967      0.000     70  
  cop_0022_lp_s2    231.85931      0.000    344  
  cop_0023_lp_s2    151.30726      0.000    575  
  cop_0024_lp_s2     61.78599      0.000    818  
  cop_0025_lp_s2    708.55815      0.000    552  
  cop_0026_lp_s2    212.62362      0.000     44  
  cop_0027_lp_s2     99.81864      0.000    515  
  cop_0028_lp_s2    125.56147      0.000    446  
  cop_0029_lp_s2    112.60774      0.000    425  
  cop_0030_lp_s2     87.86009      0.000    414  
  cop_0031_lp_s2     63.52598      0.000    838  
  cop_0032_lp_s2     72.59233      0.000    375  
  cop_0033_lp_s2    105.90484      0.000    704  
  cop_0034_lp_s2    273.03854      0.000    559  
  cop_0035_lp_s2     95.03273      0.000    628  
  cop_0036_lp_s2     29.01669      0.000    985  
  cop_0037_lp_s2     85.83102      0.000    603  
  cop_0038_lp_s2    387.58072      0.000    200  
  cop_0039_lp_s2     78.09473      0.000    647  
  cop_0040_lp_s2     89.59205      0.000    693  
  cop_0041_lp_s2    585.20916      0.000    240  
  cop_0042_lp_s2    158.25310      0.000    307  
  cop_0043_lp_s2    561.59335      0.000     99  
  cop_0044_lp_s2     28.87448      0.000    969  
  cop_0045_lp_s2    135.27624      0.000    667  
  cop_0046_lp_s2   1831.03801      0.000    207  
  cop_0047_lp_s2     34.99014      0.000    939  
  cop_0048_lp_s2    159.87932      0.000    650  
  cop_0049_lp_s2   1293.51487      0.000    113  
  cop_0050_lp_s2    120.11598      0.000    416  
  cop_0051_lp_s2    277.83351      0.000    351  
  cop_0052_lp_s2    586.05721      0.000    257  
  cop_0053_lp_s2    251.14895      0.000    465  
  cop_0054_lp_s2     30.30401      0.000    972  
  cop_0055_lp_s2    215.83046      0.000    450  
  cop_0056_lp_s2   1247.13001      0.000    186  
  cop_0057_lp_s2     65.98503      0.000    886  
  cop_0058_lp_s2   9478.65329      0.000    402  
  cop_0059_lp_s2    399.14241      0.000    623  
  cop_0060_lp_s2    279.47668      0.000    245  
  cop_0061_lp_s2     69.99644      0.000    776  
  cop_0062_lp_s2     57.89200      0.000    791  
  cop_0063_lp_s2    330.85378      0.000     40  
  cop_0064_lp_s2    412.16832      0.000    638  
  cop_0065_lp_s2    183.76826      0.000    535  
  cop_0066_lp_s2     57.06341      0.000    872  
  cop_0067_lp_s2    130.15006      0.000     96  
  cop_0068_lp_s2    130.08485      0.000    120  
  cop_0069_lp_s2    183.71781      0.000    409  
  cop_0070_lp_s2     64.02162      0.000    749  
  cop_0071_lp_s2    208.32655      0.000    363  
  cop_0072_lp_s2     60.75094      0.000    832  
  cop_0073_lp_s2    162.62378      0.000    253  
  cop_0074_lp_s2    202.00613      0.000    229  
  cop_0075_lp_s2     79.12509      0.000    748  
  cop_0076_lp_s2    207.73782      0.000    453  
  cop_0077_lp_s2    179.59801      0.000    356  
  cop_0078_lp_s2    109.50623      0.000    243  
  cop_0079_lp_s2     18.18124      0.000    993  
  cop_0080_lp_s2   3126.10276      0.000    163  
  cop_0081_lp_s2     93.99438      0.000    512  
  cop_0082_lp_s2     72.31401      0.000    378  
  cop_0083_lp_s2    214.79690      0.000    104  
  cop_0084_lp_s2    215.37416      0.000     23  
  cop_0085_lp_s2   1576.04528      0.000    227  
  cop_0086_lp_s2   4564.68967      0.000     50  
  cop_0087_lp_s2     98.60458      0.000    726  
  cop_0088_lp_s2    568.85029      0.000    347  
  cop_0089_lp_s2    528.85975      0.000      3  
  cop_0090_lp_s2    373.93488      0.000    519  
  cop_0091_lp_s2     87.60182      0.000    546  
  cop_0092_lp_s2    336.59309      0.000    121  
  cop_0093_lp_s2    269.04933      0.000    225  
  cop_0094_lp_s2     72.70954      0.000    574  
  cop_0095_lp_s2   1026.14481      0.000     60  
  cop_0096_lp_s2    658.65922      0.000     52  
  cop_0097_lp_s2     83.94608      0.000    657  
  cop_0098_lp_s2    968.77583      0.000    276  
  cop_0099_lp_s2     68.37867      0.000    720  
  cop_0100_lp_s2     26.34839      0.000    987  
  cop_0101_lp_s2    134.54633      0.000     73  
  cop_0102_lp_s2     52.85090      0.000    862  
  cop_0103_lp_s2     74.50930      0.000    722  
  cop_0104_lp_s2    209.50503      0.000    131  
  cop_0105_lp_s2     76.24634      0.000    914  
  cop_0106_lp_s2     51.87635      0.000    853  
  cop_0107_lp_s2     38.81911      0.000    960  
  cop_0108_lp_s2     64.94244      0.000    745  
  cop_0109_lp_s2     78.03959      0.000    753  
  cop_0110_lp_s2    192.85984      0.000    564  
  cop_0111_lp_s2    141.37480      0.000    319  
  cop_0112_lp_s2     77.51250      0.000    689  
  cop_0113_lp_s2    137.36451      0.000    299  
  cop_0114_lp_s2    642.12325      0.000     54  
  cop_0115_lp_s2    803.21853      0.000    100  
  cop_0116_lp_s2    172.29875      0.000    581  
  cop_0117_lp_s2     96.10441      0.000    696  
  cop_0118_lp_s2     50.96314      0.000    843  
  cop_0119_lp_s2    492.38164      0.000    194  
  cop_0120_lp_s2     78.24983      0.000    721  
  cop_0121_lp_s2     64.64985      0.000    724  
  cop_0122_lp_s2    192.26431      0.000    233  
  cop_0123_lp_s2    285.74454      0.000     89  
  cop_0124_lp_s2    146.90068      0.000    714  
  cop_0125_lp_s2     73.18472      0.000    709  
  cop_0126_lp_s2     68.47010      0.000    437  
  cop_0127_lp_s2     81.69763      0.000    591  
  cop_0128_lp_s2    117.86107      0.000    683  
  cop_0129_lp_s2    190.63708      0.000    403  
  cop_0130_lp_s2   2120.38740      0.000    236  
  cop_0131_lp_s2     92.32978      0.000    781  
  cop_0132_lp_s2    227.16360      0.000    387  
  cop_0133_lp_s2    107.62683      0.000     62  
  cop_0134_lp_s2     67.55303      0.000    823  
  cop_0135_lp_s2     63.24157      0.000    912  
  cop_0136_lp_s2     27.67155      0.000    980  
  cop_0137_lp_s2    250.56417      0.000    250  
  cop_0138_lp_s2    404.24810      0.000    318  
  cop_0139_lp_s2     55.15727      0.000    874  
  cop_0140_lp_s2    686.15124      0.000    349  
  cop_0141_lp_s2    147.30011      0.000    686  
  cop_0142_lp_s2     36.49124      0.000    941  
  cop_0143_lp_s2    244.35794      0.000    730  
  cop_0144_lp_s2     94.29468      0.000    553  
  cop_0145_lp_s2     65.53652      0.000    746  
  cop_0146_lp_s2    134.39606      0.000    751  
  cop_0147_lp_s2     52.88908      0.000    896  
  cop_0148_lp_s2     24.87280      0.000    982  
  cop_0149_lp_s2     56.49226      0.000    579  
  cop_0150_lp_s2     77.86550      0.000    573  
  cop_0151_lp_s2     86.77308      0.000    179  
  cop_0152_lp_s2     46.82031      0.000    903  
  cop_0153_lp_s2    238.04117      0.000    510  
  cop_0154_lp_s2   1010.83681      0.000     32  
  cop_0155_lp_s2    267.06294      0.000    118  
  cop_0156_lp_s2     93.34188      0.000    444  
  cop_0157_lp_s2     41.27001      0.000    961  
  cop_0158_lp_s2    549.68296      0.000      6  
  cop_0159_lp_s2    431.32091      0.000    202  
  cop_0160_lp_s2    362.71230      0.000    107  
  cop_0161_lp_s2     57.38196      0.000    876  
  cop_0162_lp_s2     90.88999      0.000    796  
  cop_0163_lp_s2    158.07048      0.000    323  
  cop_0164_lp_s2    344.75422      0.000    405  
  cop_0165_lp_s2     78.35874      0.000    839  
  cop_0166_lp_s2     26.33008      0.000    978  
  cop_0167_lp_s2   1025.42273      0.000     74  
  cop_0168_lp_s2   1695.57047      0.000    309  
  cop_0169_lp_s2     86.97092      0.000    399  
  cop_0170_lp_s2     79.37150      0.000    624  
  cop_0171_lp_s2    103.90527      0.000    587  
  cop_0172_lp_s2     59.60174      0.000    779  
  cop_0173_lp_s2     52.31745      0.000    952  
  cop_0174_lp_s2    129.78591      0.000    711  
  cop_0175_lp_s2    570.18100      0.000     36  
  cop_0176_lp_s2    124.88507      0.000     88  
  cop_0177_lp_s2    207.19324      0.000    176  
  cop_0178_lp_s2    397.12296      0.000    151  
  cop_0179_lp_s2     72.97130      0.000    918  
  cop_0180_lp_s2     91.36763      0.000    514  
  cop_0181_lp_s2     93.03310      0.000    583  
  cop_0182_lp_s2     43.16865      0.000    784  
  cop_0183_lp_s2     64.27837      0.000    618  
  cop_0184_lp_s2   2660.37342      0.000     41  
  cop_0185_lp_s2     75.63707      0.000    755  
  cop_0186_lp_s2     74.68715      0.000    390  
  cop_0187_lp_s2    151.22353      0.000    354  
  cop_0188_lp_s2    300.24451      0.000     13  
  cop_0189_lp_s2    366.79028      0.000    580  
  cop_0190_lp_s2    344.50090      0.000    449  
  cop_0191_lp_s2     28.35677      0.000    965  
  cop_0192_lp_s2    298.76466      0.000    248  
  cop_0193_lp_s2    119.57746      0.000     45  
  cop_0194_lp_s2     79.03569      0.000    602  
  cop_0195_lp_s2    154.20004      0.000    177  
  cop_0196_lp_s2    112.24284      0.000    725  
  cop_0197_lp_s2    201.11232      0.000    199  
  cop_0198_lp_s2    139.20006      0.000    500  
  cop_0199_lp_s2     68.18932      0.000    547  
  cop_0200_lp_s2     94.13115      0.000    531  
  cop_0201_lp_s2     51.82882      0.000    717  
  cop_0202_lp_s2    623.82579      0.000    329  
  cop_0203_lp_s2    114.34661      0.000    644  
  cop_0204_lp_s2    139.78972      0.000    398  
  cop_0205_lp_s2     58.64505      0.000    857  
  cop_0206_lp_s2   1994.71693      0.000    263  
  cop_0207_lp_s2     37.07147      0.000    924  
  cop_0208_lp_s2     96.96347      0.000    675  
  cop_0209_lp_s2    567.46599      0.000    440  
  cop_0210_lp_s2    261.32364      0.000    343  
  cop_0211_lp_s2     62.97433      0.000    806  
  cop_0212_lp_s2   1505.87620      0.000     20  
  cop_0213_lp_s2     36.22416      0.000    957  
  cop_0214_lp_s2   3251.43784      0.000    193  
  cop_0215_lp_s2    201.47605      0.000    827  
  cop_0216_lp_s2    157.94610      0.000    144  
  cop_0217_lp_s2    218.57118      0.000      8  
  cop_0218_lp_s2    127.42988      0.000    668  
  cop_0219_lp_s2   1553.89919      0.000    653  
  cop_0220_lp_s2     67.36722      0.000    906  
  cop_0221_lp_s2     71.80832      0.000    865  
  cop_0222_lp_s2    285.91338      0.000     75  
  cop_0223_lp_s2    201.67315      0.000    625  
  cop_0224_lp_s2    144.68776      0.000    483  
  cop_0225_lp_s2    110.00067      0.000    783  
  cop_0226_lp_s2    109.64407      0.000    678  
  cop_0227_lp_s2     91.56246      0.000    694  
  cop_0228_lp_s2     85.04837      0.000    470  
  cop_0229_lp_s2   1150.63494      0.000    239  
  cop_0230_lp_s2    936.11802      0.000    105  
  cop_0231_lp_s2     64.97531      0.000    813  
  cop_0232_lp_s2    207.18406      0.000    304  
  cop_0233_lp_s2    580.48583      0.000    487  
  cop_0234_lp_s2     81.77752      0.000    480  
  cop_0235_lp_s2    144.29858      0.000    334  
  cop_0236_lp_s2    114.23019      0.000    142  
  cop_0237_lp_s2    198.67568      0.000    770  
  cop_0238_lp_s2    471.20861      0.000    337  
  cop_0239_lp_s2    141.81820      0.000    792  
  cop_0240_lp_s2     54.52168      0.000    907  
  cop_0241_lp_s2     23.75639      0.000    981  
  cop_0242_lp_s2    176.13125      0.000    481  
  cop_0243_lp_s2     92.39555      0.000    637  
  cop_0244_lp_s2    488.53671      0.000     30  
  cop_0245_lp_s2    416.33154      0.000    431  
  cop_0246_lp_s2     83.00180      0.000    664  
  cop_0247_lp_s2    146.40122      0.000    261  
  cop_0248_lp_s2    155.14887      0.000    541  
  cop_0249_lp_s2    192.91162      0.000    565  
  cop_0250_lp_s2     91.09249      0.000    707  
  cop_0251_lp_s2    419.88348      0.000    139  
  cop_0252_lp_s2     77.98471      0.000    766  
  cop_0253_lp_s2    986.78403      0.000     86  
  cop_0254_lp_s2     46.60175      0.000    736  
  cop_0255_lp_s2     54.39599      0.000    829  
  cop_0256_lp_s2     54.90329      0.000    617  
  cop_0257_lp_s2    838.08538      0.000    217  
  cop_0258_lp_s2    109.14491      0.000    662  
  cop_0259_lp_s2    569.58480      0.000    333  
  cop_0260_lp_s2    118.77774      0.000     66  
  cop_0261_lp_s2    417.44692      0.000    445  
  cop_0262_lp_s2   1242.04059      0.000    371  
  cop_0263_lp_s2    209.65926      0.000    130  
  cop_0264_lp_s2    225.84273      0.000    165  
  cop_0265_lp_s2     75.31131      0.000    629  
  cop_0266_lp_s2    257.49191      0.000     46  
  cop_0267_lp_s2     65.01763      0.000    890  
  cop_0268_lp_s2    146.10273      0.000    584  
  cop_0269_lp_s2     40.38178      0.000    925  
  cop_0270_lp_s2    484.90440      0.000    149  
  cop_0271_lp_s2    427.43185      0.000    201  
  cop_0272_lp_s2    162.20817      0.000    127  
  cop_0273_lp_s2    353.89084      0.000    294  
  cop_0274_lp_s2     57.80796      0.000    908  
  cop_0275_lp_s2    391.31206      0.000    562  
  cop_0276_lp_s2    519.19360      0.000    108  
  cop_0277_lp_s2     55.66177      0.000    881  
  cop_0278_lp_s2    470.82808      0.000    182  
  cop_0279_lp_s2    268.39043      0.000    369  
  cop_0280_lp_s2     97.60256      0.000    788  
  cop_0281_lp_s2     46.19229      0.000    887  
  cop_0282_lp_s2    134.68294      0.000    612  
  cop_0283_lp_s2    148.05223      0.000    540  
  cop_0284_lp_s2    113.58912      0.000    197  
  cop_0285_lp_s2     61.22850      0.000    847  
  cop_0286_lp_s2    146.11623      0.000    670  
  cop_0287_lp_s2    655.56069      0.000    110  
  cop_0288_lp_s2     80.95468      0.000    842  
  cop_0289_lp_s2     63.12989      0.000    920  
  cop_0290_lp_s2    212.86397      0.000    524  
  cop_0291_lp_s2    174.35712      0.000    295  
  cop_0292_lp_s2     85.76902      0.000    699  
  cop_0293_lp_s2    139.75466      0.000    808  
  cop_0294_lp_s2    128.10905      0.000    785  
  cop_0295_lp_s2    131.14125      0.000    259  
  cop_0296_lp_s2    116.29463      0.000    413  
  cop_0297_lp_s2    820.32328      0.000    463  
  cop_0298_lp_s2     63.41969      0.000    868  
  cop_0299_lp_s2     55.93411      0.000    888  
  cop_0300_lp_s2    581.43280      0.000    135  
  cop_0301_lp_s2    174.24621      0.000    246  
  cop_0302_lp_s2     93.05178      0.000    221  
  cop_0303_lp_s2    298.77642      0.000    492  
  cop_0304_lp_s2    701.26242      0.000    489  
  cop_0305_lp_s2     97.15337      0.000    320  
  cop_0306_lp_s2     61.49501      0.000    619  
  cop_0307_lp_s2    217.07561      0.000    627  
  cop_0308_lp_s2   3024.19284      0.000    289  
  cop_0309_lp_s2    145.34068      0.000    265  
  cop_0310_lp_s2    235.85014      0.000    251  
  cop_0311_lp_s2    208.88630      0.000    418  
  cop_0312_lp_s2     85.50669      0.000    697  
  cop_0313_lp_s2     70.85667      0.000    870  
  cop_0314_lp_s2     76.11644      0.000    432  
  cop_0315_lp_s2    223.94791      0.000    401  
  cop_0316_lp_s2     63.83204      0.000    680  
  cop_0317_lp_s2     37.19608      0.000    954  
  cop_0318_lp_s2    100.36467      0.000    656  
  cop_0319_lp_s2    122.59402      0.000    493  
  cop_0320_lp_s2     74.28817      0.000    835  
  cop_0321_lp_s2     59.15182      0.000    805  
  cop_0322_lp_s2    154.28481      0.000    396  
  cop_0323_lp_s2   2144.26364      0.000    140  
  cop_0324_lp_s2     96.31246      0.000     87  
  cop_0325_lp_s2    750.06302      0.000     55  
  cop_0326_lp_s2    283.42322      0.000    143  
  cop_0327_lp_s2    207.59374      0.000     39  
  cop_0328_lp_s2    247.27592      0.000     26  
  cop_0329_lp_s2    780.47548      0.000    244  
  cop_0330_lp_s2    234.96421      0.000    303  
  cop_0331_lp_s2    171.31578      0.000    478  
  cop_0332_lp_s2    830.22027      0.000    365  
  cop_0333_lp_s2    474.50509      0.000     25  
  cop_0334_lp_s2     57.94850      0.000    777  
  cop_0335_lp_s2     43.19071      0.000    877  
  cop_0336_lp_s2    250.55298      0.000     81  
  cop_0337_lp_s2    127.96950      0.000    205  
  cop_0338_lp_s2     24.12390      0.000    991  
  cop_0339_lp_s2    136.20805      0.000     28  
  cop_0340_lp_s2    161.68988      0.000    502  
  cop_0341_lp_s2    159.67397      0.000    102  
  cop_0342_lp_s2    391.72468      0.000    203  
  cop_0343_lp_s2     57.56978      0.000    800  
  cop_0344_lp_s2    285.68561      0.000    136  
  cop_0345_lp_s2    309.99376      0.000    381  
  cop_0346_lp_s2     53.85306      0.000    759  
  cop_0347_lp_s2     38.63342      0.000    959  
  cop_0348_lp_s2    111.47045      0.000    641  
  cop_0349_lp_s2     81.88586      0.000    488  
  cop_0350_lp_s2     49.33648      0.000    864  
  cop_0351_lp_s2     72.41690      0.000    812  
  cop_0352_lp_s2    119.50252      0.000    718  
  cop_0353_lp_s2     64.88928      0.000    923  
  cop_0354_lp_s2    214.18053      0.000     10  
  cop_0355_lp_s2     88.74839      0.000    479  
  cop_0356_lp_s2     17.32445      0.000    994  
  cop_0357_lp_s2    143.08978      0.000     78  
  cop_0358_lp_s2    179.05214      0.000    288  
  cop_0359_lp_s2    317.79729      0.000    350  
  cop_0360_lp_s2    167.52380      0.000    428  
  cop_0361_lp_s2     40.54203      0.000    897  
  cop_0362_lp_s2   2555.40070      0.000     94  
  cop_0363_lp_s2    482.93484      0.000    208  
  cop_0364_lp_s2     73.30356      0.000    640  
  cop_0365_lp_s2    298.33500      0.000    156  
  cop_0366_lp_s2   1200.26593      0.000    362  
  cop_0367_lp_s2     56.30272      0.000    682  
  cop_0368_lp_s2     33.25729      0.000    976  
  cop_0369_lp_s2     67.33769      0.000    626  
  cop_0370_lp_s2    475.13733      0.000     57  
  cop_0371_lp_s2     80.72065      0.000    594  
  cop_0372_lp_s2    127.13797      0.000    380  
  cop_0373_lp_s2     92.43712      0.000    495  
  cop_0374_lp_s2     34.56126      0.000    905  
  cop_0375_lp_s2   1581.54712      0.000      2  
  cop_0376_lp_s2    254.97625      0.000    311  
  cop_0377_lp_s2    102.81123      0.000    821  
  cop_0378_lp_s2     97.76250      0.000    555  
  cop_0379_lp_s2    339.60873      0.000    370  
  cop_0380_lp_s2    321.48077      0.000    536  
  cop_0381_lp_s2    821.16508      0.000    173  
  cop_0382_lp_s2     99.37594      0.000    734  
  cop_0383_lp_s2    146.79684      0.000    198  
  cop_0384_lp_s2    102.13629      0.000    316  
  cop_0385_lp_s2    271.85224      0.000    419  
  cop_0386_lp_s2    131.33771      0.000    452  
  cop_0387_lp_s2    789.77536      0.000    145  
  cop_0388_lp_s2   2085.72351      0.000    472  
  cop_0389_lp_s2    183.05922      0.000    426  
  cop_0390_lp_s2     41.34737      0.000    895  
  cop_0391_lp_s2    705.06567      0.000    391  
  cop_0392_lp_s2    240.15594      0.000     68  
  cop_0393_lp_s2    658.74219      0.000     76  
  cop_0394_lp_s2    173.91043      0.000    710  
  cop_0395_lp_s2    158.43434      0.000    566  
  cop_0396_lp_s2     43.14965      0.000    882  
  cop_0397_lp_s2     54.30699      0.000    840  
  cop_0398_lp_s2     87.08131      0.000    196  
  cop_0399_lp_s2     33.32134      0.000    950  
  cop_0400_lp_s2    119.92531      0.000    212  
  cop_0401_lp_s2    148.31308      0.000     18  
  cop_0402_lp_s2   1332.33917      0.000    348  
  cop_0403_lp_s2     95.45540      0.000    731  
  cop_0404_lp_s2    138.25338      0.000    589  
  cop_0405_lp_s2    199.78747      0.000    331  
  cop_0406_lp_s2    693.17140      0.000    215  
  cop_0407_lp_s2     98.00871      0.000    550  
  cop_0408_lp_s2     95.09542      0.000    836  
  cop_0409_lp_s2    217.82053      0.000    526  
  cop_0410_lp_s2     35.43514      0.000    913  
  cop_0411_lp_s2   1619.61045      0.000    171  
  cop_0412_lp_s2    400.39576      0.000    123  
  cop_0413_lp_s2     72.29214      0.000    797  
  cop_0414_lp_s2    732.78690      0.000    160  
  cop_0415_lp_s2    143.67490      0.000    332  
  cop_0416_lp_s2    138.53591      0.000    518  
  cop_0417_lp_s2    216.93331      0.000    810  
  cop_0418_lp_s2    219.16271      0.000    673  
  cop_0419_lp_s2    242.22656      0.000    506  
  cop_0420_lp_s2    139.94289      0.000    558  
  cop_0421_lp_s2    396.62452      0.000    214  
  cop_0422_lp_s2     28.37116      0.000    990  
  cop_0423_lp_s2     67.85564      0.000    757  
  cop_0424_lp_s2     42.30009      0.000    911  
  cop_0425_lp_s2    503.26078      0.000    155  
  cop_0426_lp_s2     25.73087      0.000    979  
  cop_0427_lp_s2    429.98953      0.000    570  
  cop_0428_lp_s2     47.39618      0.000    878  
  cop_0429_lp_s2     46.22953      0.000    894  
  cop_0430_lp_s2    351.55609      0.000    327  
  cop_0431_lp_s2    101.94228      0.000    523  
  cop_0432_lp_s2    105.96551      0.000    296  
  cop_0433_lp_s2    166.60212      0.000    336  
  cop_0434_lp_s2    107.70111      0.000    577  
  cop_0435_lp_s2     26.35278      0.000    986  
  cop_0436_lp_s2    106.51759      0.000    210  
  cop_0437_lp_s2     32.12735      0.000    968  
  cop_0438_lp_s2     95.16735      0.000     71  
  cop_0439_lp_s2    107.07385      0.000    521  
  cop_0440_lp_s2     59.12440      0.000    685  
  cop_0441_lp_s2     89.89192      0.000    460  
  cop_0442_lp_s2    111.68091      0.000     51  
  cop_0443_lp_s2    249.38343      0.000    439  
  cop_0444_lp_s2     36.83756      0.000    883  
  cop_0445_lp_s2    219.54357      0.000     31  
  cop_0446_lp_s2    140.06305      0.000    278  
  cop_0447_lp_s2    193.80859      0.000    305  
  cop_0448_lp_s2    279.49710      0.000    423  
  cop_0449_lp_s2    421.26220      0.000    556  
  cop_0450_lp_s2     73.27683      0.000    826  
  cop_0451_lp_s2     93.47109      0.000    312  
  cop_0452_lp_s2    340.36228      0.000    238  
  cop_0453_lp_s2    128.38411      0.000    646  
  cop_0454_lp_s2    212.03860      0.000    397  
  cop_0455_lp_s2    318.66576      0.000    128  
  cop_0456_lp_s2    267.90594      0.000      5  
  cop_0457_lp_s2     50.34205      0.000    841  
  cop_0458_lp_s2     69.02300      0.000    728  
  cop_0459_lp_s2    128.62109      0.000    486  
  cop_0460_lp_s2     65.64005      0.000    754  
  cop_0461_lp_s2   1546.28637      0.000    631  
  cop_0462_lp_s2    144.37946      0.000    622  
  cop_0463_lp_s2     75.83878      0.000    364  
  cop_0464_lp_s2     55.98592      0.000    845  
  cop_0465_lp_s2    126.72467      0.000    692  
  cop_0466_lp_s2     76.43240      0.000    803  
  cop_0467_lp_s2    106.04081      0.000    484  
  cop_0468_lp_s2    420.91571      0.000     85  
  cop_0469_lp_s2     52.78102      0.000    902  
  cop_0470_lp_s2    167.98055      0.000    388  
  cop_0471_lp_s2    329.53750      0.000    101  
  cop_0472_lp_s2    114.74053      0.000    424  
  cop_0473_lp_s2    308.05745      0.000     58  
  cop_0474_lp_s2     85.41632      0.000    811  
  cop_0475_lp_s2    305.22708      0.000    277  
  cop_0476_lp_s2    189.59270      0.000    639  
  cop_0477_lp_s2     90.53214      0.000    434  
  cop_0478_lp_s2     35.65968      0.000    937  
  cop_0479_lp_s2     65.72972      0.000    873  
  cop_0480_lp_s2     47.41018      0.000    837  
  cop_0481_lp_s2     40.68505      0.000    949  
  cop_0482_lp_s2     64.34015      0.000    643  
  cop_0483_lp_s2    192.44534      0.000    507  
  cop_0484_lp_s2    323.59292      0.000     97  
  cop_0485_lp_s2    111.09433      0.000    300  
  cop_0486_lp_s2    386.97585      0.000    374  
  cop_0487_lp_s2    327.56464      0.000     83  
  cop_0488_lp_s2    170.48896      0.000    392  
  cop_0489_lp_s2    101.94054      0.000    679  
  cop_0490_lp_s2    164.42790      0.000    438  
  cop_0491_lp_s2    279.24274      0.000    111  
  cop_0492_lp_s2    103.27612      0.000    454  
  cop_0493_lp_s2    196.67816      0.000    601  
  cop_0494_lp_s2     51.20493      0.000    933  
  cop_0495_lp_s2    136.73774      0.000    621  
  cop_0496_lp_s2    235.97676      0.000    586  
  cop_0497_lp_s2     69.39674      0.000    504  
  cop_0498_lp_s2     80.07688      0.000    910  
  cop_0499_lp_s2    250.09342      0.000    106  
  cop_0500_lp_s2     72.91599      0.000    863  
  cop_0501_lp_s2     61.88655      0.000    809  
  cop_0502_lp_s2    108.62855      0.000    532  
  cop_0503_lp_s2     35.86209      0.000    962  
  cop_0504_lp_s2    155.89221      0.000    606  
  cop_0505_lp_s2    488.79592      0.000    433  
  cop_0506_lp_s2     89.16581      0.000    297  
  cop_0507_lp_s2     93.39438      0.000    328  
  cop_0508_lp_s2    967.93326      0.000     42  
  cop_0509_lp_s2     52.50767      0.000    815  
  cop_0510_lp_s2     64.21126      0.000    817  
  cop_0511_lp_s2   1181.15100      0.000     15  
  cop_0512_lp_s2    303.96927      0.000    420  
  cop_0513_lp_s2     54.75502      0.000    956  
  cop_0514_lp_s2     97.08880      0.000    615  
  cop_0515_lp_s2    503.38486      0.000    341  
  cop_0516_lp_s2     57.91633      0.000    915  
  cop_0517_lp_s2    286.01979      0.000    701  
  cop_0518_lp_s2     39.44555      0.000    927  
  cop_0519_lp_s2     43.50233      0.000    892  
  cop_0520_lp_s2     71.36575      0.000    763  
  cop_0521_lp_s2    475.63138      0.000    191  
  cop_0522_lp_s2     96.82062      0.000    511  
  cop_0523_lp_s2     79.38987      0.000    665  
  cop_0524_lp_s2    190.62762      0.000    317  
  cop_0525_lp_s2     45.02378      0.000    825  
  cop_0526_lp_s2     22.22935      0.000    992  
  cop_0527_lp_s2     41.56425      0.000    916  
  cop_0528_lp_s2    671.96920      0.000     79  
  cop_0529_lp_s2     62.20755      0.000    795  
  cop_0530_lp_s2     67.18128      0.000    590  
  cop_0531_lp_s2     94.49132      0.000    308  
  cop_0532_lp_s2    369.47674      0.000    124  
  cop_0533_lp_s2     40.83103      0.000    861  
  cop_0534_lp_s2     37.58619      0.000    932  
  cop_0535_lp_s2    347.44424      0.000     64  
  cop_0536_lp_s2     74.68556      0.000    568  
  cop_0537_lp_s2    139.18673      0.000    551  
  cop_0538_lp_s2     50.20173      0.000    855  
  cop_0539_lp_s2    215.36670      0.000     72  
  cop_0540_lp_s2     75.58641      0.000    684  
  cop_0541_lp_s2     97.54767      0.000     98  
  cop_0542_lp_s2     93.15628      0.000    632  
  cop_0543_lp_s2     70.75908      0.000    764  
  cop_0544_lp_s2     47.31942      0.000    904  
  cop_0545_lp_s2    131.32967      0.000     33  
  cop_0546_lp_s2    228.79150      0.000    801  
  cop_0547_lp_s2    171.89376      0.000    315  
  cop_0548_lp_s2   1249.85995      0.000    126  
  cop_0549_lp_s2    586.88573      0.000      7  
  cop_0550_lp_s2    292.47273      0.000     69  
  cop_0551_lp_s2    278.20958      0.000    114  
  cop_0552_lp_s2     15.93759      0.000    995  
  cop_0553_lp_s2    112.80156      0.000    430  
  cop_0554_lp_s2     75.96700      0.000    814  
  cop_0555_lp_s2    217.40271      0.000    358  
  cop_0556_lp_s2    127.72844      0.000     82  
  cop_0557_lp_s2    139.61754      0.000    353  
  cop_0558_lp_s2   1084.72442      0.000    157  
  cop_0559_lp_s2     83.78482      0.000    443  
  cop_0560_lp_s2    297.29689      0.000    153  
  cop_0561_lp_s2     43.88995      0.000    942  
  cop_0562_lp_s2   2533.60024      0.000    455  
  cop_0563_lp_s2    259.70087      0.000    614  
  cop_0564_lp_s2     83.09310      0.000    533  
  cop_0565_lp_s2    438.98736      0.000    447  
  cop_0566_lp_s2     95.38360      0.000    654  
  cop_0567_lp_s2    612.31880      0.000    116  
  cop_0568_lp_s2    154.78923      0.000    435  
  cop_0569_lp_s2     84.05000      0.000    592  
  cop_0570_lp_s2     57.64889      0.000    854  
  cop_0571_lp_s2     68.48505      0.000    875  
  cop_0572_lp_s2    551.99751      0.000    187  
  cop_0573_lp_s2    209.31913      0.000    382  
  cop_0574_lp_s2     71.18508      0.000    761  
  cop_0575_lp_s2    231.51188      0.000    269  
  cop_0576_lp_s2    222.01203      0.000    154  
  cop_0577_lp_s2     34.28485      0.000    971  
  cop_0578_lp_s2     97.57064      0.000    150  
  cop_0579_lp_s2    702.13623      0.000     14  
  cop_0580_lp_s2    157.73273      0.000    498  
  cop_0581_lp_s2     76.95813      0.000    695  
  cop_0582_lp_s2    523.01254      0.000    158  
  cop_0583_lp_s2    203.37205      0.000    271  
  cop_0584_lp_s2    671.25952      0.000     59  
  cop_0585_lp_s2    127.76480      0.000    588  
  cop_0586_lp_s2    165.33536      0.000     92  
  cop_0587_lp_s2     92.55820      0.000    691  
  cop_0588_lp_s2    392.42762      0.000     93  
  cop_0589_lp_s2    133.80893      0.000    393  
  cop_0590_lp_s2    417.75676      0.000    216  
  cop_0591_lp_s2    914.53539      0.000    189  
  cop_0592_lp_s2    191.46952      0.000    178  
  cop_0593_lp_s2      5.70951      0.001    999  
  cop_0594_lp_s2     55.40725      0.000    765  
  cop_0595_lp_s2    158.32801      0.000    663  
  cop_0596_lp_s2     57.32820      0.000    775  
  cop_0597_lp_s2    123.73589      0.000    427  
  cop_0598_lp_s2     57.83492      0.000    739  
  cop_0599_lp_s2    187.02983      0.000    279  
  cop_0600_lp_s2     84.56314      0.000    741  
  cop_0601_lp_s2    112.38837      0.000    529  
  cop_0602_lp_s2    293.96532      0.000    461  
  cop_0603_lp_s2    544.97408      0.000    190  
  cop_0604_lp_s2     37.09827      0.000    899  
  cop_0605_lp_s2    340.93236      0.000      9  
  cop_0606_lp_s2    121.59978      0.000    466  
  cop_0607_lp_s2    399.50834      0.000    400  
  cop_0608_lp_s2   1102.46249      0.000    339  
  cop_0609_lp_s2    193.85533      0.000    448  
  cop_0610_lp_s2    203.15691      0.000     63  
  cop_0611_lp_s2    178.24851      0.000    235  
  cop_0612_lp_s2    483.41617      0.000    595  
  cop_0613_lp_s2    298.26699      0.000    464  
  cop_0614_lp_s2    221.64820      0.000     27  
  cop_0615_lp_s2     86.51456      0.000    346  
  cop_0616_lp_s2    171.04992      0.000    648  
  cop_0617_lp_s2    195.23616      0.000    281  
  cop_0618_lp_s2    211.82871      0.000    501  
  cop_0619_lp_s2    287.53938      0.000    477  
  cop_0620_lp_s2    120.89906      0.000    542  
  cop_0621_lp_s2    275.05404      0.000    342  
  cop_0622_lp_s2     25.98264      0.000    989  
  cop_0623_lp_s2    179.66039      0.000    132  
  cop_0624_lp_s2     65.63192      0.000    758  
  cop_0625_lp_s2    122.80706      0.000    185  
  cop_0626_lp_s2   1018.78690      0.000    159  
  cop_0627_lp_s2    172.88396      0.000    174  
  cop_0628_lp_s2     52.29987      0.000    889  
  cop_0629_lp_s2     59.11519      0.000    672  
  cop_0630_lp_s2    154.43305      0.000    867  
  cop_0631_lp_s2     44.83583      0.000    945  
  cop_0632_lp_s2    372.96042      0.000     61  
  cop_0633_lp_s2     95.14582      0.000    773  
  cop_0634_lp_s2     63.58464      0.000    599  
  cop_0635_lp_s2     66.92025      0.000    830  
  cop_0636_lp_s2    144.93494      0.000    406  
  cop_0637_lp_s2    787.79730      0.000    161  
  cop_0638_lp_s2    115.94916      0.000    635  
  cop_0639_lp_s2    155.28801      0.000    681  
  cop_0640_lp_s2    145.91688      0.000    585  
  cop_0641_lp_s2    177.71092      0.000    508  
  cop_0642_lp_s2     69.17442      0.000    723  
  cop_0643_lp_s2    147.58661      0.000    616  
  cop_0644_lp_s2    188.12861      0.000    137  
  cop_0645_lp_s2    179.40843      0.000    522  
  cop_0646_lp_s2    155.70698      0.000    290  
  cop_0647_lp_s2    111.40434      0.000    688  
  cop_0648_lp_s2    388.00492      0.000    170  
  cop_0649_lp_s2    139.21598      0.000    605  
  cop_0650_lp_s2     92.76299      0.000    659  
  cop_0651_lp_s2    128.70498      0.000    361  
  cop_0652_lp_s2     42.51564      0.000    885  
  cop_0653_lp_s2    118.95405      0.000    549  
  cop_0654_lp_s2     12.64353      0.000    998  
  cop_0655_lp_s2    238.56188      0.000    284  
  cop_0656_lp_s2    961.47782      0.000    497  
  cop_0657_lp_s2   1916.01873      0.000    234  
  cop_0658_lp_s2    221.00793      0.000    357  
  cop_0659_lp_s2    201.11326      0.000    476  
  cop_0660_lp_s2     59.91587      0.000    820  
  cop_0661_lp_s2     36.20469      0.000    944  
  cop_0662_lp_s2    252.41455      0.000    658  
  cop_0663_lp_s2    369.68434      0.000    166  
  cop_0664_lp_s2     72.13488      0.000    774  
  cop_0665_lp_s2     25.47800      0.000    984  
  cop_0666_lp_s2     93.11169      0.000    482  
  cop_0667_lp_s2     87.43619      0.000    833  
  cop_0668_lp_s2    119.93187      0.000    103  
  cop_0669_lp_s2    465.68165      0.000    383  
  cop_0670_lp_s2   3771.72658      0.000     34  
  cop_0671_lp_s2    156.59401      0.000    366  
  cop_0672_lp_s2    119.45243      0.000    569  
  cop_0673_lp_s2    126.83792      0.000    385  
  cop_0674_lp_s2    189.46508      0.000      1  
  cop_0675_lp_s2    372.42682      0.000     80  
  cop_0676_lp_s2    199.40760      0.000    109  
  cop_0677_lp_s2    317.45642      0.000    367  
  cop_0678_lp_s2    616.61448      0.000    459  
  cop_0679_lp_s2   3812.87843      0.000     29  
  cop_0680_lp_s2    283.10856      0.000    471  
  cop_0681_lp_s2    486.54741      0.000    544  
  cop_0682_lp_s2    140.30001      0.000    593  
  cop_0683_lp_s2     71.51472      0.000    793  
  cop_0684_lp_s2     54.67063      0.000    819  
  cop_0685_lp_s2     53.89003      0.000    787  
  cop_0686_lp_s2     45.86234      0.000    871  
  cop_0687_lp_s2    494.71943      0.000    457  
  cop_0688_lp_s2     79.43413      0.000    206  
  cop_0689_lp_s2     57.55104      0.000    852  
  cop_0690_lp_s2   1867.00957      0.000     43  
  cop_0691_lp_s2     45.31227      0.000    922  
  cop_0692_lp_s2     46.69997      0.000    951  
  cop_0693_lp_s2    183.19063      0.000    548  
  cop_0694_lp_s2     81.20159      0.000    789  
  cop_0695_lp_s2    151.23712      0.000    122  
  cop_0696_lp_s2     31.56734      0.000    974  
  cop_0697_lp_s2     71.26806      0.000    671  
  cop_0698_lp_s2    121.23315      0.000    451  
  cop_0699_lp_s2    285.94587      0.000    379  
  cop_0700_lp_s2   1069.32036      0.000    285  
  cop_0701_lp_s2    187.54557      0.000    223  
  cop_0702_lp_s2     51.12169      0.000    856  
  cop_0703_lp_s2    111.55839      0.000    404  
  cop_0704_lp_s2   2510.80860      0.000    469  
  cop_0705_lp_s2     58.18227      0.000    884  
  cop_0706_lp_s2     89.66714      0.000    660  
  cop_0707_lp_s2     44.15889      0.000    921  
  cop_0708_lp_s2     38.20864      0.000    935  
  cop_0709_lp_s2    309.98443      0.000    313  
  cop_0710_lp_s2    318.96559      0.000     67  
  cop_0711_lp_s2     62.05669      0.000    537  
  cop_0712_lp_s2    130.03373      0.000    395  
  cop_0713_lp_s2    197.77890      0.000    530  
  cop_0714_lp_s2    218.35597      0.000    340  
  cop_0715_lp_s2     21.86473      0.000    988  
  cop_0716_lp_s2    229.78552      0.000    310  
  cop_0717_lp_s2     37.79601      0.000    917  
  cop_0718_lp_s2    920.97667      0.000    335  
  cop_0719_lp_s2     91.67086      0.000    528  
  cop_0720_lp_s2     33.17799      0.000    975  
  cop_0721_lp_s2    314.53595      0.000    262  
  cop_0722_lp_s2    343.88076      0.000    247  
  cop_0723_lp_s2     97.79457      0.000    620  
  cop_0724_lp_s2    425.32053      0.000    322  
  cop_0725_lp_s2     93.54807      0.000    712  
  cop_0726_lp_s2    178.41672      0.000    192  
  cop_0727_lp_s2     86.25301      0.000    713  
  cop_0728_lp_s2    173.65445      0.000    491  
  cop_0729_lp_s2    124.68128      0.000    790  
  cop_0730_lp_s2    151.71512      0.000    613  
  cop_0731_lp_s2    100.05105      0.000    520  
  cop_0732_lp_s2    252.74549      0.000    141  
  cop_0733_lp_s2    137.37210      0.000    503  
  cop_0734_lp_s2    255.94483      0.000    359  
  cop_0735_lp_s2     41.92160      0.000    946  
  cop_0736_lp_s2     66.85330      0.000    760  
  cop_0737_lp_s2    378.91807      0.000    600  
  cop_0738_lp_s2     53.84338      0.000    848  
  cop_0739_lp_s2   1767.63397      0.000    509  
  cop_0740_lp_s2     26.64319      0.000    983  
  cop_0741_lp_s2    128.90448      0.000    408  
  cop_0742_lp_s2     46.86532      0.000    940  
  cop_0743_lp_s2     97.73002      0.000    733  
  cop_0744_lp_s2    351.68032      0.000    258  
  cop_0745_lp_s2    892.89853      0.000    611  
  cop_0746_lp_s2    655.83267      0.000    545  
  cop_0747_lp_s2    276.78729      0.000    255  
  cop_0748_lp_s2     71.45017      0.000    802  
  cop_0749_lp_s2     87.11842      0.000    901  
  cop_0750_lp_s2     40.83701      0.000    963  
  cop_0751_lp_s2     40.92648      0.000    900  
  cop_0752_lp_s2   1261.45051      0.000    283  
  cop_0753_lp_s2    146.18343      0.000    727  
  cop_0754_lp_s2    329.75446      0.000    513  
  cop_0755_lp_s2    139.20132      0.000    485  
  cop_0756_lp_s2     41.83989      0.000    958  
  cop_0757_lp_s2     53.41164      0.000    860  
  cop_0758_lp_s2    153.47719      0.000    744  
  cop_0759_lp_s2    139.35130      0.000    608  
  cop_0760_lp_s2    221.99925      0.000    642  
  cop_0761_lp_s2    172.68186      0.000    213  
  cop_0762_lp_s2    120.22519      0.000    669  
  cop_0763_lp_s2     53.74723      0.000    879  
  cop_0764_lp_s2     50.63391      0.000    953  
  cop_0765_lp_s2     85.07055      0.000    436  
  cop_0766_lp_s2     82.65929      0.000    743  
  cop_0767_lp_s2    502.72780      0.000    325  
  cop_0768_lp_s2  10477.53709      0.000    352  
  cop_0769_lp_s2    168.49473      0.000    119  
  cop_0770_lp_s2    165.87224      0.000    560  
  cop_0771_lp_s2    176.90535      0.000    224  
  cop_0772_lp_s2     74.67802      0.000    834  
  cop_0773_lp_s2     35.79770      0.000    964  
  cop_0774_lp_s2     37.03569      0.000    926  
  cop_0775_lp_s2    105.24465      0.000     77  
  cop_0776_lp_s2     76.10278      0.000    230  
  cop_0777_lp_s2     44.05022      0.000    938  
  cop_0778_lp_s2     59.47571      0.000    804  
  cop_0779_lp_s2    112.21746      0.000    516  
  cop_0780_lp_s2     65.00035      0.000    280  
  cop_0781_lp_s2    552.37715      0.000    326  
  cop_0782_lp_s2     64.61371      0.000    703  
  cop_0783_lp_s2   1853.92785      0.000    645  
  cop_0784_lp_s2     47.16041      0.000    948  
  cop_0785_lp_s2    795.41533      0.000     84  
  cop_0786_lp_s2    248.14809      0.000     90  
  cop_0787_lp_s2   1256.83949      0.000     49  
  cop_0788_lp_s2    291.41306      0.000    345  
  cop_0789_lp_s2    289.51616      0.000    462  
  cop_0790_lp_s2    148.70653      0.000    286  
  cop_0791_lp_s2    127.92022      0.000    314  
  cop_0792_lp_s2   1046.92876      0.000    184  
  cop_0793_lp_s2     67.35662      0.000    582  
  cop_0794_lp_s2     84.80435      0.000    750  
  cop_0795_lp_s2    158.32858      0.000    768  
  cop_0796_lp_s2     51.13274      0.000    919  
  cop_0797_lp_s2    112.30194      0.000    525  
  cop_0798_lp_s2     84.93353      0.000    715  
  cop_0799_lp_s2   1123.36542      0.000    422  
  cop_0800_lp_s2     96.00442      0.000    849  
  cop_0801_lp_s2     13.17197      0.000    996  
  cop_0802_lp_s2    113.32675      0.000    268  
  cop_0803_lp_s2     80.09085      0.000    794  
  cop_0804_lp_s2    201.85539      0.000    228  
  cop_0805_lp_s2    152.18307      0.000    264  
  cop_0806_lp_s2     78.00368      0.000    598  
  cop_0807_lp_s2    361.35854      0.000    275  
  cop_0808_lp_s2    214.08468      0.000    188  
  cop_0809_lp_s2    998.76714      0.000    134  
  cop_0810_lp_s2    987.82198      0.000    554  
  cop_0811_lp_s2    598.66397      0.000    260  
  cop_0812_lp_s2    248.59689      0.000     95  
  cop_0813_lp_s2    201.00741      0.000     16  
  cop_0814_lp_s2    110.49441      0.000    756  
  cop_0815_lp_s2     84.48994      0.000    539  
  cop_0816_lp_s2    956.91700      0.000    231  
  cop_0817_lp_s2    170.14040      0.000    148  
  cop_0818_lp_s2    186.00192      0.000    490  
  cop_0819_lp_s2    166.02228      0.000    377  
  cop_0820_lp_s2     58.66235      0.000    869  
  cop_0821_lp_s2     65.03761      0.000    798  
  cop_0822_lp_s2    336.71789      0.000    306  
  cop_0823_lp_s2   1107.55044      0.000    204  
  cop_0824_lp_s2     34.65570      0.000    943  
  cop_0825_lp_s2     73.64952      0.000    780  
  cop_0826_lp_s2     29.70724      0.000    967  
  cop_0827_lp_s2     42.63551      0.000    955  
  cop_0828_lp_s2    270.12495      0.000    241  
  cop_0829_lp_s2    159.90598      0.000    270  
  cop_0830_lp_s2    766.95426      0.000    421  
  cop_0831_lp_s2    135.45757      0.000    651  
  cop_0832_lp_s2     31.64854      0.000    970  
  cop_0833_lp_s2    899.99046      0.000    218  
  cop_0834_lp_s2     69.82687      0.000    596  
  cop_0835_lp_s2    205.59414      0.000     91  
  cop_0836_lp_s2    362.79190      0.000    610  
  cop_0837_lp_s2    208.09678      0.000    183  
  cop_0838_lp_s2     87.21806      0.000    719  
  cop_0839_lp_s2    416.38365      0.000    302  
  cop_0840_lp_s2    124.70878      0.000    576  
  cop_0841_lp_s2     53.49603      0.000    851  
  cop_0842_lp_s2    441.30298      0.000     48  
  cop_0843_lp_s2     87.53220      0.000    458  
  cop_0844_lp_s2    100.13374      0.000    828  
  cop_0845_lp_s2    607.39763      0.000     53  
  cop_0846_lp_s2    627.62411      0.000    146  
  cop_0847_lp_s2    312.63333      0.000    301  
  cop_0848_lp_s2     76.67362      0.000    893  
  cop_0849_lp_s2     53.53580      0.000    850  
  cop_0850_lp_s2     87.21296      0.000    561  
  cop_0851_lp_s2    294.64300      0.000    360  
  cop_0852_lp_s2     60.45756      0.000    742  
  cop_0853_lp_s2     71.79034      0.000    846  
  cop_0854_lp_s2     61.02582      0.000    816  
  cop_0855_lp_s2    105.01826      0.000    272  
  cop_0856_lp_s2    290.99819      0.000    169  
  cop_0857_lp_s2     78.22116      0.000    517  
  cop_0858_lp_s2     93.70961      0.000    538  
  cop_0859_lp_s2     48.63577      0.000    947  
  cop_0860_lp_s2    758.84303      0.000    267  
  cop_0861_lp_s2    149.75651      0.000    220  
  cop_0862_lp_s2     66.28759      0.000    705  
  cop_0863_lp_s2     56.76459      0.000    880  
  cop_0864_lp_s2     88.11237      0.000    557  
  cop_0865_lp_s2    302.98590      0.000    172  
  cop_0866_lp_s2    105.72634      0.000    636  
  cop_0867_lp_s2     55.80640      0.000    677  
  cop_0868_lp_s2    630.38242      0.000    298  
  cop_0869_lp_s2    223.60982      0.000    293  
  cop_0870_lp_s2   2375.47465      0.000    162  
  cop_0871_lp_s2     53.84204      0.000    866  
  cop_0872_lp_s2    117.97568      0.000    368  
  cop_0873_lp_s2    188.52754      0.000    456  
  cop_0874_lp_s2     61.89882      0.000    630  
  cop_0875_lp_s2    100.55254      0.000    195  
  cop_0876_lp_s2     87.37488      0.000    844  
  cop_0877_lp_s2     99.26336      0.000    567  
  cop_0878_lp_s2     67.70030      0.000    936  
  cop_0879_lp_s2     90.27449      0.000    147  
  cop_0880_lp_s2     77.40305      0.000    858  
  cop_0881_lp_s2    114.91656      0.000    572  
  cop_0882_lp_s2     71.43853      0.000    740  
  cop_0883_lp_s2    421.35388      0.000    468  
  cop_0884_lp_s2     60.54204      0.000    752  
  cop_0885_lp_s2    255.06924      0.000    181  
  cop_0886_lp_s2     52.45731      0.000    687  
  cop_0887_lp_s2    259.74211      0.000      4  
  cop_0888_lp_s2    191.40451      0.000    164  
  cop_0889_lp_s2    110.65878      0.000    321  
  cop_0890_lp_s2    528.76065      0.000     35  
  cop_0891_lp_s2     88.06594      0.000    138  
  cop_0892_lp_s2    143.94021      0.000    417  
  cop_0893_lp_s2    105.36053      0.000    543  
  cop_0894_lp_s2    254.04229      0.000    494  
  cop_0895_lp_s2     90.36139      0.000    767  
  cop_0896_lp_s2     82.57311      0.000    708  
  cop_0897_lp_s2     45.43720      0.000    930  
  cop_0898_lp_s2     54.67836      0.000    771  
  cop_0899_lp_s2     43.45538      0.000    831  
  cop_0900_lp_s2    905.02207      0.000    292  
  cop_0901_lp_s2    115.79557      0.000    175  
  cop_0902_lp_s2     33.83489      0.000    966  
  cop_0903_lp_s2    219.35928      0.000    634  
  cop_0904_lp_s2     66.66665      0.000    822  
  cop_0905_lp_s2      4.49530      1.000      -  yes
  cop_0906_lp_s2     41.89141      0.000    934  
  cop_0907_lp_s2    438.28067      0.000     11  
  cop_0908_lp_s2    364.44271      0.000    769  
  cop_0909_lp_s2    213.12328      0.000    473  
  cop_0910_lp_s2    136.22850      0.000    716  
  cop_0911_lp_s2     80.93530      0.000    786  
  cop_0912_lp_s2    162.30639      0.000    534  
  cop_0913_lp_s2     52.39410      0.000    807  
  cop_0914_lp_s2     48.81604      0.000    929  
  cop_0915_lp_s2    178.53679      0.000    338  
  cop_0916_lp_s2    225.40020      0.000    407  
  cop_0917_lp_s2     27.27341      0.000    973  
  cop_0918_lp_s2    542.06425      0.000     17  
  cop_0919_lp_s2    877.86039      0.000    412  
  cop_0920_lp_s2    178.19772      0.000    674  
  cop_0921_lp_s2    180.43176      0.000    772  
  cop_0922_lp_s2    236.27066      0.000    441  
  cop_0923_lp_s2    109.73855      0.000    649  
  cop_0924_lp_s2   1538.25326      0.000    735  
  cop_0925_lp_s2    160.98615      0.000    597  
  cop_0926_lp_s2    740.83508      0.000    287  
  cop_0927_lp_s2    253.13168      0.000    330  
  cop_0928_lp_s2   2274.44857      0.000    222  
  cop_0929_lp_s2    549.22581      0.000    232  
  cop_0930_lp_s2    169.90727      0.000    180  
  cop_0931_lp_s2     29.41404      0.000    977  
  cop_0932_lp_s2    884.35889      0.000    249  
  cop_0933_lp_s2    290.30607      0.000    256  
  cop_0934_lp_s2    193.71020      0.000    282  
  cop_0935_lp_s2    247.21726      0.000    266  
  cop_0936_lp_s2    223.23693      0.000    129  
  cop_0937_lp_s2     59.84383      0.000    799  
  cop_0938_lp_s2    444.98784      0.000    254  
  cop_0939_lp_s2    153.55939      0.000     65  
  cop_0940_lp_s2    371.76208      0.000     12  
  cop_0941_lp_s2     76.71395      0.000    373  
  cop_0942_lp_s2    882.29994      0.000    226  
  cop_0943_lp_s2     52.47849      0.000    859  
  cop_0944_lp_s2    193.46710      0.000    563  
  cop_0945_lp_s2    410.38813      0.000    676  
  cop_0946_lp_s2    408.50735      0.000    389  
  cop_0947_lp_s2    300.90062      0.000    252  
  cop_0948_lp_s2     94.43949      0.000    778  
  cop_0949_lp_s2    378.63485      0.000     56  
  cop_0950_lp_s2     72.49536      0.000    690  
  cop_0951_lp_s2     76.34442      0.000    700  
  cop_0952_lp_s2    103.78604      0.000    467  
  cop_0953_lp_s2    160.45234      0.000    410  
  cop_0954_lp_s2    169.35851      0.000    125  
  cop_0955_lp_s2     96.78911      0.000    652  
  cop_0956_lp_s2    135.96421      0.000    209  
  cop_0957_lp_s2    273.74686      0.000    355  
  cop_0958_lp_s2   1359.45610      0.000    442  
  cop_0959_lp_s2    114.90140      0.000    117  
  cop_0960_lp_s2    172.94453      0.000    372  
  cop_0961_lp_s2    207.49343      0.000    729  
  cop_0962_lp_s2    108.53308      0.000    496  
  cop_0963_lp_s2    106.83444      0.000    394  
  cop_0964_lp_s2     90.92821      0.000    762  
  cop_0965_lp_s2    624.67019      0.000    499  
  cop_0966_lp_s2    447.67753      0.000     21  
  cop_0967_lp_s2    680.66345      0.000     24  
  cop_0968_lp_s2     74.25193      0.000    698  
  cop_0969_lp_s2     62.31011      0.000    666  
  cop_0970_lp_s2     13.76444      0.000    997  
  cop_0971_lp_s2     39.84011      0.000    891  
  cop_0972_lp_s2     45.90157      0.000    898  
  cop_0973_lp_s2    164.44661      0.000    747  
  cop_0974_lp_s2    114.83373      0.000    732  
  cop_0975_lp_s2    230.13104      0.000     38  
  cop_0976_lp_s2    176.70301      0.000    384  
  cop_0977_lp_s2    642.18521      0.000     19  
  cop_0978_lp_s2    102.79342      0.000    429  
  cop_0979_lp_s2     84.22119      0.000    386  
  cop_0980_lp_s2    662.99077      0.000    242  
  cop_0981_lp_s2    312.68756      0.000    152  
  cop_0982_lp_s2    102.93154      0.000    655  
  cop_0983_lp_s2    214.40509      0.000    211  
  cop_0984_lp_s2    369.25622      0.000     37  
  cop_0985_lp_s2    180.69807      0.000    475  
  cop_0986_lp_s2     87.30161      0.000    661  
  cop_0987_lp_s2    220.22499      0.000    607  
  cop_0988_lp_s2    114.95037      0.000    168  
  cop_0989_lp_s2    550.06074      0.000    505  
  cop_0990_lp_s2    354.59475      0.000    324  
  cop_0991_lp_s2    131.84517      0.000    273  
  cop_0992_lp_s2    287.14189      0.000    167  
  cop_0993_lp_s2    186.28860      0.000     47  
  cop_0994_lp_s2     68.06536      0.000    782  
  cop_0995_lp_s2     84.18145      0.000    702  
  cop_0996_lp_s2     84.11656      0.000    609  
  cop_0997_lp_s2    287.19251      0.000    115  
  cop_0998_lp_s2     93.14943      0.000    738  
  cop_0999_lp_s2    116.92270      0.000    633  
  cop_1000_lp_s2     86.98876      0.000    291  
  eliminated, worst first: cop_0674_lp_s2 cop_0375_lp_s2 cop_0089_lp_s2 cop_0887_lp_s2 cop_0456_lp_s2 cop_0158_lp_s2 cop_0549_lp_s2 cop_0217_lp_s2 cop_0605_lp_s2 cop_0354_lp_s2 cop_0907_lp_s2 cop_0940_lp_s2 cop_0188_lp_s2 cop_0579_lp_s2 cop_0511_lp_s2 cop_0813_lp_s2 cop_0918_lp_s2 cop_0401_lp_s2 cop_0977_lp_s2 cop_0212_lp_s2 cop_0966_lp_s2 cop_0012_lp_s2 cop_0084_lp_s2 cop_0967_lp_s2 cop_0333_lp_s2 cop_0328_lp_s2 cop_0614_lp_s2 cop_0339_lp_s2 cop_0679_lp_s2 cop_0244_lp_s2 cop_0445_lp_s2 cop_0154_lp_s2 cop_0545_lp_s2 cop_0670_lp_s2 cop_0890_lp_s2 cop_0175_lp_s2 cop_0984_lp_s2 cop_0975_lp_s2 cop_0327_lp_s2 cop_0063_lp_s2 cop_0184_lp_s2 cop_0508_lp_s2 cop_0690_lp_s2 cop_0026_lp_s2 cop_0193_lp_s2 cop_0266_lp_s2 cop_0993_lp_s2 cop_0842_lp_s2 cop_0787_lp_s2 cop_0086_lp_s2 cop_0442_lp_s2 cop_0096_lp_s2 cop_0845_lp_s2 cop_0114_lp_s2 cop_0325_lp_s2 cop_0949_lp_s2 cop_0370_lp_s2 cop_0473_lp_s2 cop_0584_lp_s2 cop_0095_lp_s2 cop_0632_lp_s2 cop_0133_lp_s2 cop_0610_lp_s2 cop_0535_lp_s2 cop_0939_lp_s2 cop_0260_lp_s2 cop_0710_lp_s2 cop_0392_lp_s2 cop_0550_lp_s2 cop_0021_lp_s2 cop_0438_lp_s2 cop_0539_lp_s2 cop_0101_lp_s2 cop_0167_lp_s2 cop_0222_lp_s2 cop_0393_lp_s2 cop_0775_lp_s2 cop_0357_lp_s2 cop_0528_lp_s2 cop_0675_lp_s2 cop_0336_lp_s2 cop_0556_lp_s2 cop_0487_lp_s2 cop_0785_lp_s2 cop_0468_lp_s2 cop_0253_lp_s2 cop_0324_lp_s2 cop_0176_lp_s2 cop_0123_lp_s2 cop_0786_lp_s2 cop_0835_lp_s2 cop_0586_lp_s2 cop_0588_lp_s2 cop_0362_lp_s2 cop_0812_lp_s2 cop_0067_lp_s2 cop_0484_lp_s2 cop_0541_lp_s2 cop_0043_lp_s2 cop_0115_lp_s2 cop_0471_lp_s2 cop_0341_lp_s2 cop_0668_lp_s2 cop_0083_lp_s2 cop_0230_lp_s2 cop_0499_lp_s2 cop_0160_lp_s2 cop_0276_lp_s2 cop_0676_lp_s2 cop_0287_lp_s2 cop_0491_lp_s2 cop_0018_lp_s2 cop_0049_lp_s2 cop_0551_lp_s2 cop_0997_lp_s2 cop_0567_lp_s2 cop_0959_lp_s2 cop_0155_lp_s2 cop_0769_lp_s2 cop_0068_lp_s2 cop_0092_lp_s2 cop_0695_lp_s2 cop_0412_lp_s2 cop_0532_lp_s2 cop_0954_lp_s2 cop_0548_lp_s2 cop_0272_lp_s2 cop_0455_lp_s2 cop_0936_lp_s2 cop_0263_lp_s2 cop_0104_lp_s2 cop_0623_lp_s2 cop_0009_lp_s2 cop_0809_lp_s2 cop_0300_lp_s2 cop_0344_lp_s2 cop_0644_lp_s2 cop_0891_lp_s2 cop_0251_lp_s2 cop_0323_lp_s2 cop_0732_lp_s2 cop_0236_lp_s2 cop_0326_lp_s2 cop_0216_lp_s2 cop_0387_lp_s2 cop_0846_lp_s2 cop_0879_lp_s2 cop_0817_lp_s2 cop_0270_lp_s2 cop_0578_lp_s2 cop_0178_lp_s2 cop_0981_lp_s2 cop_0560_lp_s2 cop_0576_lp_s2 cop_0425_lp_s2 cop_0365_lp_s2 cop_0558_lp_s2 cop_0582_lp_s2 cop_0626_lp_s2 cop_0414_lp_s2 cop_0637_lp_s2 cop_0870_lp_s2 cop_0080_lp_s2 cop_0888_lp_s2 cop_0264_lp_s2 cop_0663_lp_s2 cop_0992_lp_s2 cop_0988_lp_s2 cop_0856_lp_s2 cop_0648_lp_s2 cop_0411_lp_s2 cop_0865_lp_s2 cop_0381_lp_s2 cop_0627_lp_s2 cop_0901_lp_s2 cop_0177_lp_s2 cop_0195_lp_s2 cop_0592_lp_s2 cop_0151_lp_s2 cop_0930_lp_s2 cop_0885_lp_s2 cop_0278_lp_s2 cop_0837_lp_s2 cop_0792_lp_s2 cop_0625_lp_s2 cop_0056_lp_s2 cop_0572_lp_s2 cop_0808_lp_s2 cop_0591_lp_s2 cop_0603_lp_s2 cop_0521_lp_s2 cop_0726_lp_s2 cop_0214_lp_s2 cop_0119_lp_s2 cop_0875_lp_s2 cop_0398_lp_s2 cop_0284_lp_s2 cop_0383_lp_s2 cop_0197_lp_s2 cop_0038_lp_s2 cop_0271_lp_s2 cop_0159_lp_s2 cop_0342_lp_s2 cop_0823_lp_s2 cop_0337_lp_s2 cop_0688_lp_s2 cop_0046_lp_s2 cop_0363_lp_s2 cop_0956_lp_s2 cop_0436_lp_s2 cop_0983_lp_s2 cop_0400_lp_s2 cop_0761_lp_s2 cop_0421_lp_s2 cop_0406_lp_s2 cop_0590_lp_s2 cop_0257_lp_s2 cop_0833_lp_s2 cop_0008_lp_s2 cop_0861_lp_s2 cop_0302_lp_s2 cop_0928_lp_s2 cop_0701_lp_s2 cop_0771_lp_s2 cop_0093_lp_s2 cop_0942_lp_s2 cop_0085_lp_s2 cop_0804_lp_s2 cop_0074_lp_s2 cop_0776_lp_s2 cop_0816_lp_s2 cop_0929_lp_s2 cop_0122_lp_s2 cop_0657_lp_s2 cop_0611_lp_s2 cop_0130_lp_s2 cop_0006_lp_s2 cop_0452_lp_s2 cop_0229_lp_s2 cop_0041_lp_s2 cop_0828_lp_s2 cop_0980_lp_s2 cop_0078_lp_s2 cop_0329_lp_s2 cop_0060_lp_s2 cop_0301_lp_s2 cop_0722_lp_s2 cop_0192_lp_s2 cop_0932_lp_s2 cop_0137_lp_s2 cop_0310_lp_s2 cop_0947_lp_s2 cop_0073_lp_s2 cop_0938_lp_s2 cop_0747_lp_s2 cop_0933_lp_s2 cop_0052_lp_s2 cop_0744_lp_s2 cop_0295_lp_s2 cop_0811_lp_s2 cop_0247_lp_s2 cop_0721_lp_s2 cop_0206_lp_s2 cop_0805_lp_s2 cop_0309_lp_s2 cop_0935_lp_s2 cop_0860_lp_s2 cop_0802_lp_s2 cop_0575_lp_s2 cop_0829_lp_s2 cop_0583_lp_s2 cop_0855_lp_s2 cop_0991_lp_s2 cop_0013_lp_s2 cop_0807_lp_s2 cop_0098_lp_s2 cop_0475_lp_s2 cop_0446_lp_s2 cop_0599_lp_s2 cop_0780_lp_s2 cop_0617_lp_s2 cop_0934_lp_s2 cop_0752_lp_s2 cop_0655_lp_s2 cop_0700_lp_s2 cop_0790_lp_s2 cop_0926_lp_s2 cop_0358_lp_s2 cop_0308_lp_s2 cop_0646_lp_s2 cop_1000_lp_s2 cop_0900_lp_s2 cop_0869_lp_s2 cop_0273_lp_s2 cop_0291_lp_s2 cop_0432_lp_s2 cop_0506_lp_s2 cop_0868_lp_s2 cop_0113_lp_s2 cop_0485_lp_s2 cop_0847_lp_s2 cop_0839_lp_s2 cop_0330_lp_s2 cop_0232_lp_s2 cop_0447_lp_s2 cop_0822_lp_s2 cop_0042_lp_s2 cop_0531_lp_s2 cop_0168_lp_s2 cop_0716_lp_s2 cop_0376_lp_s2 cop_0451_lp_s2 cop_0709_lp_s2 cop_0791_lp_s2 cop_0547_lp_s2 cop_0384_lp_s2 cop_0524_lp_s2 cop_0138_lp_s2 cop_0111_lp_s2 cop_0305_lp_s2 cop_0889_lp_s2 cop_0724_lp_s2 cop_0163_lp_s2 cop_0990_lp_s2 cop_0767_lp_s2 cop_0781_lp_s2 cop_0430_lp_s2 cop_0507_lp_s2 cop_0202_lp_s2 cop_0927_lp_s2 cop_0405_lp_s2 cop_0415_lp_s2 cop_0259_lp_s2 cop_0235_lp_s2 cop_0718_lp_s2 cop_0433_lp_s2 cop_0238_lp_s2 cop_0915_lp_s2 cop_0608_lp_s2 cop_0714_lp_s2 cop_0515_lp_s2 cop_0621_lp_s2 cop_0210_lp_s2 cop_0022_lp_s2 cop_0788_lp_s2 cop_0615_lp_s2 cop_0088_lp_s2 cop_0402_lp_s2 cop_0140_lp_s2 cop_0359_lp_s2 cop_0051_lp_s2 cop_0768_lp_s2 cop_0557_lp_s2 cop_0187_lp_s2 cop_0957_lp_s2 cop_0077_lp_s2 cop_0658_lp_s2 cop_0555_lp_s2 cop_0734_lp_s2 cop_0851_lp_s2 cop_0651_lp_s2 cop_0366_lp_s2 cop_0071_lp_s2 cop_0463_lp_s2 cop_0332_lp_s2 cop_0671_lp_s2 cop_0677_lp_s2 cop_0872_lp_s2 cop_0279_lp_s2 cop_0379_lp_s2 cop_0262_lp_s2 cop_0960_lp_s2 cop_0941_lp_s2 cop_0486_lp_s2 cop_0032_lp_s2 cop_0007_lp_s2 cop_0819_lp_s2 cop_0082_lp_s2 cop_0699_lp_s2 cop_0372_lp_s2 cop_0345_lp_s2 cop_0573_lp_s2 cop_0669_lp_s2 cop_0976_lp_s2 cop_0673_lp_s2 cop_0979_lp_s2 cop_0132_lp_s2 cop_0470_lp_s2 cop_0946_lp_s2 cop_0186_lp_s2 cop_0391_lp_s2 cop_0488_lp_s2 cop_0589_lp_s2 cop_0963_lp_s2 cop_0712_lp_s2 cop_0322_lp_s2 cop_0454_lp_s2 cop_0204_lp_s2 cop_0169_lp_s2 cop_0607_lp_s2 cop_0315_lp_s2 cop_0058_lp_s2 cop_0129_lp_s2 cop_0703_lp_s2 cop_0164_lp_s2 cop_0636_lp_s2 cop_0916_lp_s2 cop_0741_lp_s2 cop_0069_lp_s2 cop_0953_lp_s2 cop_0014_lp_s2 cop_0919_lp_s2 cop_0296_lp_s2 cop_0030_lp_s2 cop_0017_lp_s2 cop_0050_lp_s2 cop_0892_lp_s2 cop_0311_lp_s2 cop_0385_lp_s2 cop_0512_lp_s2 cop_0830_lp_s2 cop_0799_lp_s2 cop_0448_lp_s2 cop_0472_lp_s2 cop_0029_lp_s2 cop_0389_lp_s2 cop_0597_lp_s2 cop_0360_lp_s2 cop_0978_lp_s2 cop_0553_lp_s2 cop_0245_lp_s2 cop_0314_lp_s2 cop_0505_lp_s2 cop_0477_lp_s2 cop_0568_lp_s2 cop_0765_lp_s2 cop_0126_lp_s2 cop_0490_lp_s2 cop_0443_lp_s2 cop_0209_lp_s2 cop_0922_lp_s2 cop_0958_lp_s2 cop_0559_lp_s2 cop_0156_lp_s2 cop_0261_lp_s2 cop_0028_lp_s2 cop_0565_lp_s2 cop_0609_lp_s2 cop_0190_lp_s2 cop_0055_lp_s2 cop_0698_lp_s2 cop_0386_lp_s2 cop_0076_lp_s2 cop_0492_lp_s2 cop_0562_lp_s2 cop_0873_lp_s2 cop_0687_lp_s2 cop_0843_lp_s2 cop_0678_lp_s2 cop_0441_lp_s2 cop_0602_lp_s2 cop_0789_lp_s2 cop_0297_lp_s2 cop_0613_lp_s2 cop_0053_lp_s2 cop_0606_lp_s2 cop_0952_lp_s2 cop_0883_lp_s2 cop_0704_lp_s2 cop_0228_lp_s2 cop_0680_lp_s2 cop_0388_lp_s2 cop_0909_lp_s2 cop_0010_lp_s2 cop_0985_lp_s2 cop_0659_lp_s2 cop_0619_lp_s2 cop_0331_lp_s2 cop_0355_lp_s2 cop_0234_lp_s2 cop_0242_lp_s2 cop_0666_lp_s2 cop_0224_lp_s2 cop_0467_lp_s2 cop_0755_lp_s2 cop_0459_lp_s2 cop_0233_lp_s2 cop_0349_lp_s2 cop_0304_lp_s2 cop_0818_lp_s2 cop_0728_lp_s2 cop_0303_lp_s2 cop_0319_lp_s2 cop_0894_lp_s2 cop_0373_lp_s2 cop_0962_lp_s2 cop_0656_lp_s2 cop_0580_lp_s2 cop_0965_lp_s2 cop_0198_lp_s2 cop_0618_lp_s2 cop_0340_lp_s2 cop_0733_lp_s2 cop_0497_lp_s2 cop_0989_lp_s2 cop_0419_lp_s2 cop_0483_lp_s2 cop_0641_lp_s2 cop_0739_lp_s2 cop_0153_lp_s2 cop_0522_lp_s2 cop_0081_lp_s2 cop_0754_lp_s2 cop_0180_lp_s2 cop_0027_lp_s2 cop_0779_lp_s2 cop_0857_lp_s2 cop_0416_lp_s2 cop_0090_lp_s2 cop_0731_lp_s2 cop_0439_lp_s2 cop_0645_lp_s2 cop_0431_lp_s2 cop_0290_lp_s2 cop_0797_lp_s2 cop_0409_lp_s2 cop_0020_lp_s2 cop_0719_lp_s2 cop_0601_lp_s2 cop_0713_lp_s2 cop_0200_lp_s2 cop_0502_lp_s2 cop_0564_lp_s2 cop_0912_lp_s2 cop_0065_lp_s2 cop_0380_lp_s2 cop_0711_lp_s2 cop_0858_lp_s2 cop_0815_lp_s2 cop_0283_lp_s2 cop_0248_lp_s2 cop_0620_lp_s2 cop_0893_lp_s2 cop_0681_lp_s2 cop_0746_lp_s2 cop_0091_lp_s2 cop_0199_lp_s2 cop_0693_lp_s2 cop_0653_lp_s2 cop_0407_lp_s2 cop_0537_lp_s2 cop_0025_lp_s2 cop_0144_lp_s2 cop_0810_lp_s2 cop_0378_lp_s2 cop_0449_lp_s2 cop_0864_lp_s2 cop_0420_lp_s2 cop_0034_lp_s2 cop_0770_lp_s2 cop_0850_lp_s2 cop_0275_lp_s2 cop_0944_lp_s2 cop_0110_lp_s2 cop_0249_lp_s2 cop_0395_lp_s2 cop_0877_lp_s2 cop_0536_lp_s2 cop_0672_lp_s2 cop_0427_lp_s2 cop_0015_lp_s2 cop_0881_lp_s2 cop_0150_lp_s2 cop_0094_lp_s2 cop_0023_lp_s2 cop_0840_lp_s2 cop_0434_lp_s2 cop_0003_lp_s2 cop_0149_lp_s2 cop_0189_lp_s2 cop_0116_lp_s2 cop_0793_lp_s2 cop_0181_lp_s2 cop_0268_lp_s2 cop_0640_lp_s2 cop_0496_lp_s2 cop_0171_lp_s2 cop_0585_lp_s2 cop_0404_lp_s2 cop_0530_lp_s2 cop_0127_lp_s2 cop_0569_lp_s2 cop_0682_lp_s2 cop_0371_lp_s2 cop_0612_lp_s2 cop_0834_lp_s2 cop_0925_lp_s2 cop_0806_lp_s2 cop_0634_lp_s2 cop_0737_lp_s2 cop_0493_lp_s2 cop_0194_lp_s2 cop_0037_lp_s2 cop_0005_lp_s2 cop_0649_lp_s2 cop_0504_lp_s2 cop_0987_lp_s2 cop_0759_lp_s2 cop_0996_lp_s2 cop_0836_lp_s2 cop_0745_lp_s2 cop_0282_lp_s2 cop_0730_lp_s2 cop_0563_lp_s2 cop_0514_lp_s2 cop_0643_lp_s2 cop_0256_lp_s2 cop_0183_lp_s2 cop_0306_lp_s2 cop_0723_lp_s2 cop_0495_lp_s2 cop_0462_lp_s2 cop_0059_lp_s2 cop_0170_lp_s2 cop_0223_lp_s2 cop_0369_lp_s2 cop_0307_lp_s2 cop_0035_lp_s2 cop_0265_lp_s2 cop_0874_lp_s2 cop_0461_lp_s2 cop_0542_lp_s2 cop_0999_lp_s2 cop_0903_lp_s2 cop_0638_lp_s2 cop_0866_lp_s2 cop_0243_lp_s2 cop_0064_lp_s2 cop_0476_lp_s2 cop_0364_lp_s2 cop_0348_lp_s2 cop_0760_lp_s2 cop_0482_lp_s2 cop_0203_lp_s2 cop_0783_lp_s2 cop_0453_lp_s2 cop_0039_lp_s2 cop_0616_lp_s2 cop_0923_lp_s2 cop_0048_lp_s2 cop_0831_lp_s2 cop_0955_lp_s2 cop_0219_lp_s2 cop_0566_lp_s2 cop_0982_lp_s2 cop_0318_lp_s2 cop_0097_lp_s2 cop_0662_lp_s2 cop_0650_lp_s2 cop_0706_lp_s2 cop_0986_lp_s2 cop_0258_lp_s2 cop_0595_lp_s2 cop_0246_lp_s2 cop_0523_lp_s2 cop_0969_lp_s2 cop_0045_lp_s2 cop_0218_lp_s2 cop_0762_lp_s2 cop_0286_lp_s2 cop_0697_lp_s2 cop_0629_lp_s2 cop_0418_lp_s2 cop_0920_lp_s2 cop_0208_lp_s2 cop_0945_lp_s2 cop_0867_lp_s2 cop_0226_lp_s2 cop_0489_lp_s2 cop_0316_lp_s2 cop_0639_lp_s2 cop_0367_lp_s2 cop_0128_lp_s2 cop_0540_lp_s2 cop_0440_lp_s2 cop_0141_lp_s2 cop_0886_lp_s2 cop_0647_lp_s2 cop_0112_lp_s2 cop_0950_lp_s2 cop_0587_lp_s2 cop_0465_lp_s2 cop_0040_lp_s2 cop_0227_lp_s2 cop_0581_lp_s2 cop_0117_lp_s2 cop_0312_lp_s2 cop_0968_lp_s2 cop_0292_lp_s2 cop_0951_lp_s2 cop_0517_lp_s2 cop_0995_lp_s2 cop_0782_lp_s2 cop_0033_lp_s2 cop_0862_lp_s2 cop_0011_lp_s2 cop_0250_lp_s2 cop_0896_lp_s2 cop_0125_lp_s2 cop_0394_lp_s2 cop_0174_lp_s2 cop_0725_lp_s2 cop_0727_lp_s2 cop_0124_lp_s2 cop_0798_lp_s2 cop_0910_lp_s2 cop_0201_lp_s2 cop_0352_lp_s2 cop_0838_lp_s2 cop_0099_lp_s2 cop_0120_lp_s2 cop_0103_lp_s2 cop_0642_lp_s2 cop_0121_lp_s2 cop_0196_lp_s2 cop_0087_lp_s2 cop_0753_lp_s2 cop_0458_lp_s2 cop_0961_lp_s2 cop_0143_lp_s2 cop_0403_lp_s2 cop_0974_lp_s2 cop_0743_lp_s2 cop_0382_lp_s2 cop_0924_lp_s2 cop_0254_lp_s2 cop_0019_lp_s2 cop_0998_lp_s2 cop_0598_lp_s2 cop_0882_lp_s2 cop_0600_lp_s2 cop_0852_lp_s2 cop_0766_lp_s2 cop_0758_lp_s2 cop_0108_lp_s2 cop_0145_lp_s2 cop_0973_lp_s2 cop_0075_lp_s2 cop_0070_lp_s2 cop_0794_lp_s2 cop_0146_lp_s2 cop_0884_lp_s2 cop_0109_lp_s2 cop_0460_lp_s2 cop_0185_lp_s2 cop_0814_lp_s2 cop_0423_lp_s2 cop_0624_lp_s2 cop_0346_lp_s2 cop_0736_lp_s2 cop_0574_lp_s2 cop_0964_lp_s2 cop_0520_lp_s2 cop_0543_lp_s2 cop_0594_lp_s2 cop_0252_lp_s2 cop_0895_lp_s2 cop_0795_lp_s2 cop_0908_lp_s2 cop_0237_lp_s2 cop_0898_lp_s2 cop_0921_lp_s2 cop_0633_lp_s2 cop_0664_lp_s2 cop_0596_lp_s2 cop_0061_lp_s2 cop_0334_lp_s2 cop_0948_lp_s2 cop_0172_lp_s2 cop_0825_lp_s2 cop_0131_lp_s2 cop_0994_lp_s2 cop_0225_lp_s2 cop_0182_lp_s2 cop_0294_lp_s2 cop_0911_lp_s2 cop_0685_lp_s2 cop_0280_lp_s2 cop_0694_lp_s2 cop_0729_lp_s2 cop_0062_lp_s2 cop_0239_lp_s2 cop_0683_lp_s2 cop_0803_lp_s2 cop_0529_lp_s2 cop_0162_lp_s2 cop_0413_lp_s2 cop_0821_lp_s2 cop_0937_lp_s2 cop_0343_lp_s2 cop_0546_lp_s2 cop_0748_lp_s2 cop_0466_lp_s2 cop_0778_lp_s2 cop_0321_lp_s2 cop_0211_lp_s2 cop_0913_lp_s2 cop_0293_lp_s2 cop_0501_lp_s2 cop_0417_lp_s2 cop_0474_lp_s2 cop_0351_lp_s2 cop_0231_lp_s2 cop_0554_lp_s2 cop_0509_lp_s2 cop_0854_lp_s2 cop_0510_lp_s2 cop_0024_lp_s2 cop_0684_lp_s2 cop_0660_lp_s2 cop_0377_lp_s2 cop_0904_lp_s2 cop_0134_lp_s2 cop_0001_lp_s2 cop_0525_lp_s2 cop_0450_lp_s2 cop_0215_lp_s2 cop_0844_lp_s2 cop_0255_lp_s2 cop_0635_lp_s2 cop_0899_lp_s2 cop_0072_lp_s2 cop_0667_lp_s2 cop_0772_lp_s2 cop_0320_lp_s2 cop_0408_lp_s2 cop_0480_lp_s2 cop_0031_lp_s2 cop_0165_lp_s2 cop_0397_lp_s2 cop_0457_lp_s2 cop_0288_lp_s2 cop_0118_lp_s2 cop_0876_lp_s2 cop_0464_lp_s2 cop_0853_lp_s2 cop_0285_lp_s2 cop_0738_lp_s2 cop_0800_lp_s2 cop_0849_lp_s2 cop_0841_lp_s2 cop_0689_lp_s2 cop_0106_lp_s2 cop_0570_lp_s2 cop_0538_lp_s2 cop_0702_lp_s2 cop_0205_lp_s2 cop_0880_lp_s2 cop_0943_lp_s2 cop_0757_lp_s2 cop_0533_lp_s2 cop_0102_lp_s2 cop_0500_lp_s2 cop_0350_lp_s2 cop_0221_lp_s2 cop_0871_lp_s2 cop_0630_lp_s2 cop_0298_lp_s2 cop_0820_lp_s2 cop_0313_lp_s2 cop_0686_lp_s2 cop_0066_lp_s2 cop_0479_lp_s2 cop_0139_lp_s2 cop_0571_lp_s2 cop_0161_lp_s2 cop_0335_lp_s2 cop_0428_lp_s2 cop_0763_lp_s2 cop_0863_lp_s2 cop_0277_lp_s2 cop_0396_lp_s2 cop_0444_lp_s2 cop_0705_lp_s2 cop_0652_lp_s2 cop_0057_lp_s2 cop_0281_lp_s2 cop_0299_lp_s2 cop_0628_lp_s2 cop_0267_lp_s2 cop_0971_lp_s2 cop_0519_lp_s2 cop_0848_lp_s2 cop_0429_lp_s2 cop_0390_lp_s2 cop_0147_lp_s2 cop_0361_lp_s2 cop_0972_lp_s2 cop_0604_lp_s2 cop_0751_lp_s2 cop_0749_lp_s2 cop_0469_lp_s2 cop_0152_lp_s2 cop_0544_lp_s2 cop_0374_lp_s2 cop_0220_lp_s2 cop_0240_lp_s2 cop_0274_lp_s2 cop_0002_lp_s2 cop_0498_lp_s2 cop_0424_lp_s2 cop_0135_lp_s2 cop_0410_lp_s2 cop_0105_lp_s2 cop_0516_lp_s2 cop_0527_lp_s2 cop_0717_lp_s2 cop_0179_lp_s2 cop_0796_lp_s2 cop_0289_lp_s2 cop_0707_lp_s2 cop_0691_lp_s2 cop_0353_lp_s2 cop_0207_lp_s2 cop_0269_lp_s2 cop_0774_lp_s2 cop_0518_lp_s2 cop_0016_lp_s2 cop_0914_lp_s2 cop_0897_lp_s2 cop_0004_lp_s2 cop_0534_lp_s2 cop_0494_lp_s2 cop_0906_lp_s2 cop_0708_lp_s2 cop_0878_lp_s2 cop_0478_lp_s2 cop_0777_lp_s2 cop_0047_lp_s2 cop_0742_lp_s2 cop_0142_lp_s2 cop_0561_lp_s2 cop_0824_lp_s2 cop_0661_lp_s2 cop_0631_lp_s2 cop_0735_lp_s2 cop_0859_lp_s2 cop_0784_lp_s2 cop_0481_lp_s2 cop_0399_lp_s2 cop_0692_lp_s2 cop_0173_lp_s2 cop_0764_lp_s2 cop_0317_lp_s2 cop_0827_lp_s2 cop_0513_lp_s2 cop_0213_lp_s2 cop_0756_lp_s2 cop_0347_lp_s2 cop_0107_lp_s2 cop_0157_lp_s2 cop_0503_lp_s2 cop_0750_lp_s2 cop_0773_lp_s2 cop_0191_lp_s2 cop_0902_lp_s2 cop_0826_lp_s2 cop_0437_lp_s2 cop_0044_lp_s2 cop_0832_lp_s2 cop_0577_lp_s2 cop_0054_lp_s2 cop_0917_lp_s2 cop_0696_lp_s2 cop_0720_lp_s2 cop_0368_lp_s2 cop_0931_lp_s2 cop_0166_lp_s2 cop_0426_lp_s2 cop_0136_lp_s2 cop_0241_lp_s2 cop_0148_lp_s2 cop_0740_lp_s2 cop_0665_lp_s2 cop_0036_lp_s2 cop_0435_lp_s2 cop_0100_lp_s2 cop_0715_lp_s2 cop_0622_lp_s2 cop_0422_lp_s2 cop_0338_lp_s2 cop_0526_lp_s2 cop_0079_lp_s2 cop_0356_lp_s2 cop_0552_lp_s2 cop_0801_lp_s2 cop_0970_lp_s2 cop_0654_lp_s2 cop_0593_lp_s2
  set decided by an accepted test: no, every test rejected down to one model (last p = 0.001 against alpha = 0.050)


  sample    1000 observations, 1000 models
  statistic Tmax, each model against the field
  test      alpha = 0.050, 10000 moving-block resamples of 1 observations
  variance  bootstrap variance of the resampled mean
  stream    seed 123, stream 0

MCS over state-dependent local projection impulse-response MAE, state 2 (lags times F), series R's transform_data levels: GDP, Employment, Inflation, InterestRate, Energy, MCS_TMAX statistic
  model             mean loss      MCS p  round  in set
  cop_0001_lp_s2    105.68178      0.000    614  
  cop_0002_lp_s2     41.12471      0.000    931  
  cop_0003_lp_s2     79.38932      0.000    712  
  cop_0004_lp_s2     38.41214      0.000    942  
  cop_0005_lp_s2     72.95986      0.000    746  
  cop_0006_lp_s2    114.31073      0.000    545  
  cop_0007_lp_s2    128.61422      0.000    512  
  cop_0008_lp_s2    123.91847      0.000    510  
  cop_0009_lp_s2   1018.88699      0.000     39  
  cop_0010_lp_s2     63.81789      0.000    793  
  cop_0011_lp_s2     91.20546      0.000    668  
  cop_0012_lp_s2    469.58404      0.000    109  
  cop_0013_lp_s2    697.60168      0.000     99  
  cop_0014_lp_s2    220.06891      0.000    329  
  cop_0015_lp_s2    181.39327      0.000    406  
  cop_0016_lp_s2     41.38631      0.000    933  
  cop_0017_lp_s2     94.66617      0.000    620  
  cop_0018_lp_s2    239.18321      0.000    278  
  cop_0019_lp_s2     78.39353      0.000    727  
  cop_0020_lp_s2    291.49916      0.000    271  
  cop_0021_lp_s2    179.72967      0.000    359  
  cop_0022_lp_s2    231.85931      0.000    307  
  cop_0023_lp_s2    151.30726      0.000    463  
  cop_0024_lp_s2     61.78599      0.000    822  
  cop_0025_lp_s2    708.55815      0.000    126  
  cop_0026_lp_s2    212.62362      0.000    289  
  cop_0027_lp_s2     99.81864      0.000    608  
  cop_0028_lp_s2    125.56147      0.000    527  
  cop_0029_lp_s2    112.60774      0.000    560  
  cop_0030_lp_s2     87.86009      0.000    661  
  cop_0031_lp_s2     63.52598      0.000    816  
  cop_0032_lp_s2     72.59233      0.000    736  
  cop_0033_lp_s2    105.90484      0.000    604  
  cop_0034_lp_s2    273.03854      0.000    287  
  cop_0035_lp_s2     95.03273      0.000    635  
  cop_0036_lp_s2     29.01669      0.000    978  
  cop_0037_lp_s2     85.83102      0.000    686  
  cop_0038_lp_s2    387.58072      0.000    170  
  cop_0039_lp_s2     78.09473      0.000    722  
  cop_0040_lp_s2     89.59205      0.000    677  
  cop_0041_lp_s2    585.20916      0.000    115  
  cop_0042_lp_s2    158.25310      0.000    428  
  cop_0043_lp_s2    561.59335      0.000    105  
  cop_0044_lp_s2     28.87448      0.000    974  
  cop_0045_lp_s2    135.27624      0.000    519  
  cop_0046_lp_s2   1831.03801      0.000     21  
  cop_0047_lp_s2     34.99014      0.000    956  
  cop_0048_lp_s2    159.87932      0.000    453  
  cop_0049_lp_s2   1293.51487      0.000     26  
  cop_0050_lp_s2    120.11598      0.000    542  
  cop_0051_lp_s2    277.83351      0.000    258  
  cop_0052_lp_s2    586.05721      0.000    120  
  cop_0053_lp_s2    251.14895      0.000    297  
  cop_0054_lp_s2     30.30401      0.000    972  
  cop_0055_lp_s2    215.83046      0.000    337  
  cop_0056_lp_s2   1247.13001      0.000     33  
  cop_0057_lp_s2     65.98503      0.000    818  
  cop_0058_lp_s2   9478.65329      0.000     12  
  cop_0059_lp_s2    399.14241      0.000    209  
  cop_0060_lp_s2    279.47668      0.000    248  
  cop_0061_lp_s2     69.99644      0.000    780  
  cop_0062_lp_s2     57.89200      0.000    842  
  cop_0063_lp_s2    330.85378      0.000    178  
  cop_0064_lp_s2    412.16832      0.000    205  
  cop_0065_lp_s2    183.76826      0.000    398  
  cop_0066_lp_s2     57.06341      0.000    859  
  cop_0067_lp_s2    130.15006      0.000    480  
  cop_0068_lp_s2    130.08485      0.000    479  
  cop_0069_lp_s2    183.71781      0.000    385  
  cop_0070_lp_s2     64.02162      0.000    807  
  cop_0071_lp_s2    208.32655      0.000    335  
  cop_0072_lp_s2     60.75094      0.000    830  
  cop_0073_lp_s2    162.62378      0.000    414  
  cop_0074_lp_s2    202.00613      0.000    333  
  cop_0075_lp_s2     79.12509      0.000    724  
  cop_0076_lp_s2    207.73782      0.000    349  
  cop_0077_lp_s2    179.59801      0.000    390  
  cop_0078_lp_s2    109.50623      0.000    557  
  cop_0079_lp_s2     18.18124      0.000    993  
  cop_0080_lp_s2   3126.10276      0.000      8  
  cop_0081_lp_s2     93.99438      0.000    630  
  cop_0082_lp_s2     72.31401      0.000    741  
  cop_0083_lp_s2    214.79690      0.000    304  
  cop_0084_lp_s2    215.37416      0.000    283  
  cop_0085_lp_s2   1576.04528      0.000     24  
  cop_0086_lp_s2   4564.68967      0.000      2  
  cop_0087_lp_s2     98.60458      0.000    627  
  cop_0088_lp_s2    568.85029      0.000    129  
  cop_0089_lp_s2    528.85975      0.000     72  
  cop_0090_lp_s2    373.93488      0.000    207  
  cop_0091_lp_s2     87.60182      0.000    673  
  cop_0092_lp_s2    336.59309      0.000    188  
  cop_0093_lp_s2    269.04933      0.000    250  
  cop_0094_lp_s2     72.70954      0.000    745  
  cop_0095_lp_s2   1026.14481      0.000     31  
  cop_0096_lp_s2    658.65922      0.000     75  
  cop_0097_lp_s2     83.94608      0.000    700  
  cop_0098_lp_s2    968.77583      0.000     62  
  cop_0099_lp_s2     68.37867      0.000    778  
  cop_0100_lp_s2     26.34839      0.000    987  
  cop_0101_lp_s2    134.54633      0.000    461  
  cop_0102_lp_s2     52.85090      0.000    882  
  cop_0103_lp_s2     74.50930      0.000    747  
  cop_0104_lp_s2    209.50503      0.000    314  
  cop_0105_lp_s2     76.24634      0.000    788  
  cop_0106_lp_s2     51.87635      0.000    883  
  cop_0107_lp_s2     38.81911      0.000    958  
  cop_0108_lp_s2     64.94244      0.000    801  
  cop_0109_lp_s2     78.03959      0.000    733  
  cop_0110_lp_s2    192.85984      0.000    383  
  cop_0111_lp_s2    141.37480      0.000    464  
  cop_0112_lp_s2     77.51250      0.000    729  
  cop_0113_lp_s2    137.36451      0.000    475  
  cop_0114_lp_s2    642.12325      0.000     80  
  cop_0115_lp_s2    803.21853      0.000     60  
  cop_0116_lp_s2    172.29875      0.000    426  
  cop_0117_lp_s2     96.10441      0.000    637  
  cop_0118_lp_s2     50.96314      0.000    886  
  cop_0119_lp_s2    492.38164      0.000    134  
  cop_0120_lp_s2     78.24983      0.000    728  
  cop_0121_lp_s2     64.64985      0.000    803  
  cop_0122_lp_s2    192.26431      0.000    348  
  cop_0123_lp_s2    285.74454      0.000    221  
  cop_0124_lp_s2    146.90068      0.000    489  
  cop_0125_lp_s2     73.18472      0.000    751  
  cop_0126_lp_s2     68.47010      0.000    756  
  cop_0127_lp_s2     81.69763      0.000    705  
  cop_0128_lp_s2    117.86107      0.000    567  
  cop_0129_lp_s2    190.63708      0.000    368  
  cop_0130_lp_s2   2120.38740      0.000     18  
  cop_0131_lp_s2     92.32978      0.000    674  
  cop_0132_lp_s2    227.16360      0.000    316  
  cop_0133_lp_s2    107.62683      0.000    552  
  cop_0134_lp_s2     67.55303      0.000    791  
  cop_0135_lp_s2     63.24157      0.000    847  
  cop_0136_lp_s2     27.67155      0.000    979  
  cop_0137_lp_s2    250.56417      0.000    279  
  cop_0138_lp_s2    404.24810      0.000    175  
  cop_0139_lp_s2     55.15727      0.000    868  
  cop_0140_lp_s2    686.15124      0.000    106  
  cop_0141_lp_s2    147.30011      0.000    485  
  cop_0142_lp_s2     36.49124      0.000    951  
  cop_0143_lp_s2    244.35794      0.000    336  
  cop_0144_lp_s2     94.29468      0.000    634  
  cop_0145_lp_s2     65.53652      0.000    795  
  cop_0146_lp_s2    134.39606      0.000    530  
  cop_0147_lp_s2     52.88908      0.000    889  
  cop_0148_lp_s2     24.87280      0.000    985  
  cop_0149_lp_s2     56.49226      0.000    837  
  cop_0150_lp_s2     77.86550      0.000    719  
  cop_0151_lp_s2     86.77308      0.000    653  
  cop_0152_lp_s2     46.82031      0.000    903  
  cop_0153_lp_s2    238.04117      0.000    313  
  cop_0154_lp_s2   1010.83681      0.000     27  
  cop_0155_lp_s2    267.06294      0.000    244  
  cop_0156_lp_s2     93.34188      0.000    628  
  cop_0157_lp_s2     41.27001      0.000    949  
  cop_0158_lp_s2    549.68296      0.000     79  
  cop_0159_lp_s2    431.32091      0.000    149  
  cop_0160_lp_s2    362.71230      0.000    173  
  cop_0161_lp_s2     57.38196      0.000    855  
  cop_0162_lp_s2     90.88999      0.000    682  
  cop_0163_lp_s2    158.07048      0.000    432  
  cop_0164_lp_s2    344.75422      0.000    212  
  cop_0165_lp_s2     78.35874      0.000    742  
  cop_0166_lp_s2     26.33008      0.000    980  
  cop_0167_lp_s2   1025.42273      0.000     34  
  cop_0168_lp_s2   1695.57047      0.000     29  
  cop_0169_lp_s2     86.97092      0.000    663  
  cop_0170_lp_s2     79.37150      0.000    716  
  cop_0171_lp_s2    103.90527      0.000    603  
  cop_0172_lp_s2     59.60174      0.000    831  
  cop_0173_lp_s2     52.31745      0.000    906  
  cop_0174_lp_s2    129.78591      0.000    540  
  cop_0175_lp_s2    570.18100      0.000     91  
  cop_0176_lp_s2    124.88507      0.000    496  
  cop_0177_lp_s2    207.19324      0.000    321  
  cop_0178_lp_s2    397.12296      0.000    162  
  cop_0179_lp_s2     72.97130      0.000    809  
  cop_0180_lp_s2     91.36763      0.000    654  
  cop_0181_lp_s2     93.03310      0.000    641  
  cop_0182_lp_s2     43.16865      0.000    908  
  cop_0183_lp_s2     64.27837      0.000    798  
  cop_0184_lp_s2   2660.37342      0.000      5  
  cop_0185_lp_s2     75.63707      0.000    744  
  cop_0186_lp_s2     74.68715      0.000    725  
  cop_0187_lp_s2    151.22353      0.000    452  
  cop_0188_lp_s2    300.24451      0.000    184  
  cop_0189_lp_s2    366.79028      0.000    222  
  cop_0190_lp_s2    344.50090      0.000    218  
  cop_0191_lp_s2     28.35677      0.000    975  
  cop_0192_lp_s2    298.76466      0.000    235  
  cop_0193_lp_s2    119.57746      0.000    508  
  cop_0194_lp_s2     79.03569      0.000    714  
  cop_0195_lp_s2    154.20004      0.000    427  
  cop_0196_lp_s2    112.24284      0.000    585  
  cop_0197_lp_s2    201.11232      0.000    330  
  cop_0198_lp_s2    139.20006      0.000    491  
  cop_0199_lp_s2     68.18932      0.000    766  
  cop_0200_lp_s2     94.13115      0.000    632  
  cop_0201_lp_s2     51.82882      0.000    872  
  cop_0202_lp_s2    623.82579      0.000    119  
  cop_0203_lp_s2    114.34661      0.000    574  
  cop_0204_lp_s2    139.78972      0.000    476  
  cop_0205_lp_s2     58.64505      0.000    844  
  cop_0206_lp_s2   1994.71693      0.000     22  
  cop_0207_lp_s2     37.07147      0.000    947  
  cop_0208_lp_s2     96.96347      0.000    631  
  cop_0209_lp_s2    567.46599      0.000    139  
  cop_0210_lp_s2    261.32364      0.000    280  
  cop_0211_lp_s2     62.97433      0.000    817  
  cop_0212_lp_s2   1505.87620      0.000     11  
  cop_0213_lp_s2     36.22416      0.000    961  
  cop_0214_lp_s2   3251.43784      0.000     10  
  cop_0215_lp_s2    201.47605      0.000    422  
  cop_0216_lp_s2    157.94610      0.000    412  
  cop_0217_lp_s2    218.57118      0.000    270  
  cop_0218_lp_s2    127.42988      0.000    536  
  cop_0219_lp_s2   1553.89919      0.000     77  
  cop_0220_lp_s2     67.36722      0.000    820  
  cop_0221_lp_s2     71.80832      0.000    784  
  cop_0222_lp_s2    285.91338      0.000    216  
  cop_0223_lp_s2    201.67315      0.000    372  
  cop_0224_lp_s2    144.68776      0.000    469  
  cop_0225_lp_s2    110.00067      0.000    602  
  cop_0226_lp_s2    109.64407      0.000    587  
  cop_0227_lp_s2     91.56246      0.000    666  
  cop_0228_lp_s2     85.04837      0.000    681  
  cop_0229_lp_s2   1150.63494      0.000     40  
  cop_0230_lp_s2    936.11802      0.000     47  
  cop_0231_lp_s2     64.97531      0.000    808  
  cop_0232_lp_s2    207.18406      0.000    332  
  cop_0233_lp_s2    580.48583      0.000    141  
  cop_0234_lp_s2     81.77752      0.000    696  
  cop_0235_lp_s2    144.29858      0.000    456  
  cop_0236_lp_s2    114.23019      0.000    539  
  cop_0237_lp_s2    198.67568      0.000    413  
  cop_0238_lp_s2    471.20861      0.000    148  
  cop_0239_lp_s2    141.81820      0.000    524  
  cop_0240_lp_s2     54.52168      0.000    887  
  cop_0241_lp_s2     23.75639      0.000    989  
  cop_0242_lp_s2    176.13125      0.000    407  
  cop_0243_lp_s2     92.39555      0.000    648  
  cop_0244_lp_s2    488.53671      0.000    107  
  cop_0245_lp_s2    416.33154      0.000    179  
  cop_0246_lp_s2     83.00180      0.000    706  
  cop_0247_lp_s2    146.40122      0.000    450  
  cop_0248_lp_s2    155.14887      0.000    455  
  cop_0249_lp_s2    192.91162      0.000    380  
  cop_0250_lp_s2     91.09249      0.000    669  
  cop_0251_lp_s2    419.88348      0.000    147  
  cop_0252_lp_s2     77.98471      0.000    734  
  cop_0253_lp_s2    986.78403      0.000     37  
  cop_0254_lp_s2     46.60175      0.000    893  
  cop_0255_lp_s2     54.39599      0.000    865  
  cop_0256_lp_s2     54.90329      0.000    849  
  cop_0257_lp_s2    838.08538      0.000     71  
  cop_0258_lp_s2    109.14491      0.000    589  
  cop_0259_lp_s2    569.58480      0.000    127  
  cop_0260_lp_s2    118.77774      0.000    514  
  cop_0261_lp_s2    417.44692      0.000    181  
  cop_0262_lp_s2   1242.04059      0.000     48  
  cop_0263_lp_s2    209.65926      0.000    312  
  cop_0264_lp_s2    225.84273      0.000    296  
  cop_0265_lp_s2     75.31131      0.000    738  
  cop_0266_lp_s2    257.49191      0.000    240  
  cop_0267_lp_s2     65.01763      0.000    826  
  cop_0268_lp_s2    146.10273      0.000    482  
  cop_0269_lp_s2     40.38178      0.000    935  
  cop_0270_lp_s2    484.90440      0.000    133  
  cop_0271_lp_s2    427.43185      0.000    152  
  cop_0272_lp_s2    162.20817      0.000    402  
  cop_0273_lp_s2    353.89084      0.000    197  
  cop_0274_lp_s2     57.80796      0.000    866  
  cop_0275_lp_s2    391.31206      0.000    202  
  cop_0276_lp_s2    519.19360      0.000    117  
  cop_0277_lp_s2     55.66177      0.000    873  
  cop_0278_lp_s2    470.82808      0.000    140  
  cop_0279_lp_s2    268.39043      0.000    274  
  cop_0280_lp_s2     97.60256      0.000    652  
  cop_0281_lp_s2     46.19229      0.000    902  
  cop_0282_lp_s2    134.68294      0.000    517  
  cop_0283_lp_s2    148.05223      0.000    470  
  cop_0284_lp_s2    113.58912      0.000    548  
  cop_0285_lp_s2     61.22850      0.000    832  
  cop_0286_lp_s2    146.11623      0.000    486  
  cop_0287_lp_s2    655.56069      0.000     88  
  cop_0288_lp_s2     80.95468      0.000    731  
  cop_0289_lp_s2     63.12989      0.000    851  
  cop_0290_lp_s2    212.86397      0.000    346  
  cop_0291_lp_s2    174.35712      0.000    396  
  cop_0292_lp_s2     85.76902      0.000    695  
  cop_0293_lp_s2    139.75466      0.000    528  
  cop_0294_lp_s2    128.10905      0.000    554  
  cop_0295_lp_s2    131.14125      0.000    490  
  cop_0296_lp_s2    116.29463      0.000    550  
  cop_0297_lp_s2    820.32328      0.000    102  
  cop_0298_lp_s2     63.41969      0.000    825  
  cop_0299_lp_s2     55.93411      0.000    870  
  cop_0300_lp_s2    581.43280      0.000    104  
  cop_0301_lp_s2    174.24621      0.000    392  
  cop_0302_lp_s2     93.05178      0.000    619  
  cop_0303_lp_s2    298.77642      0.000    257  
  cop_0304_lp_s2    701.26242      0.000    123  
  cop_0305_lp_s2     97.15337      0.000    606  
  cop_0306_lp_s2     61.49501      0.000    814  
  cop_0307_lp_s2    217.07561      0.000    358  
  cop_0308_lp_s2   3024.19284      0.000     15  
  cop_0309_lp_s2    145.34068      0.000    454  
  cop_0310_lp_s2    235.85014      0.000    288  
  cop_0311_lp_s2    208.88630      0.000    342  
  cop_0312_lp_s2     85.50669      0.000    694  
  cop_0313_lp_s2     70.85667      0.000    786  
  cop_0314_lp_s2     76.11644      0.000    721  
  cop_0315_lp_s2    223.94791      0.000    324  
  cop_0316_lp_s2     63.83204      0.000    804  
  cop_0317_lp_s2     37.19608      0.000    959  
  cop_0318_lp_s2    100.36467      0.000    611  
  cop_0319_lp_s2    122.59402      0.000    538  
  cop_0320_lp_s2     74.28817      0.000    759  
  cop_0321_lp_s2     59.15182      0.000    836  
  cop_0322_lp_s2    154.28481      0.000    446  
  cop_0323_lp_s2   2144.26364      0.000     14  
  cop_0324_lp_s2     96.31246      0.000    599  
  cop_0325_lp_s2    750.06302      0.000     54  
  cop_0326_lp_s2    283.42322      0.000    233  
  cop_0327_lp_s2    207.59374      0.000    303  
  cop_0328_lp_s2    247.27592      0.000    242  
  cop_0329_lp_s2    780.47548      0.000     84  
  cop_0330_lp_s2    234.96421      0.000    300  
  cop_0331_lp_s2    171.31578      0.000    419  
  cop_0332_lp_s2    830.22027      0.000     86  
  cop_0333_lp_s2    474.50509      0.000    111  
  cop_0334_lp_s2     57.94850      0.000    839  
  cop_0335_lp_s2     43.19071      0.000    914  
  cop_0336_lp_s2    250.55298      0.000    255  
  cop_0337_lp_s2    127.96950      0.000    494  
  cop_0338_lp_s2     24.12390      0.000    990  
  cop_0339_lp_s2    136.20805      0.000    444  
  cop_0340_lp_s2    161.68988      0.000    440  
  cop_0341_lp_s2    159.67397      0.000    403  
  cop_0342_lp_s2    391.72468      0.000    168  
  cop_0343_lp_s2     57.56978      0.000    846  
  cop_0344_lp_s2    285.68561      0.000    229  
  cop_0345_lp_s2    309.99376      0.000    238  
  cop_0346_lp_s2     53.85306      0.000    864  
  cop_0347_lp_s2     38.63342      0.000    957  
  cop_0348_lp_s2    111.47045      0.000    578  
  cop_0349_lp_s2     81.88586      0.000    699  
  cop_0350_lp_s2     49.33648      0.000    892  
  cop_0351_lp_s2     72.41690      0.000    762  
  cop_0352_lp_s2    119.50252      0.000    566  
  cop_0353_lp_s2     64.88928      0.000    845  
  cop_0354_lp_s2    214.18053      0.000    277  
  cop_0355_lp_s2     88.74839      0.000    662  
  cop_0356_lp_s2     17.32445      0.000    994  
  cop_0357_lp_s2    143.08978      0.000    437  
  cop_0358_lp_s2    179.05214      0.000    377  
  cop_0359_lp_s2    317.79729      0.000    225  
  cop_0360_lp_s2    167.52380      0.000    421  
  cop_0361_lp_s2     40.54203      0.000    929  
  cop_0362_lp_s2   2555.40070      0.000      7  
  cop_0363_lp_s2    482.93484      0.000    137  
  cop_0364_lp_s2     73.30356      0.000    749  
  cop_0365_lp_s2    298.33500      0.000    219  
  cop_0366_lp_s2   1200.26593      0.000     50  
  cop_0367_lp_s2     56.30272      0.000    841  
  cop_0368_lp_s2     33.25729      0.000    969  
  cop_0369_lp_s2     67.33769      0.000    782  
  cop_0370_lp_s2    475.13733      0.000    121  
  cop_0371_lp_s2     80.72065      0.000    708  
  cop_0372_lp_s2    127.13797      0.000    518  
  cop_0373_lp_s2     92.43712      0.000    645  
  cop_0374_lp_s2     34.56126      0.000    952  
  cop_0375_lp_s2   1581.54712      0.000      4  
  cop_0376_lp_s2    254.97625      0.000    281  
  cop_0377_lp_s2    102.81123      0.000    625  
  cop_0378_lp_s2     97.76250      0.000    616  
  cop_0379_lp_s2    339.60873      0.000    213  
  cop_0380_lp_s2    321.48077      0.000    246  
  cop_0381_lp_s2    821.16508      0.000     67  
  cop_0382_lp_s2     99.37594      0.000    629  
  cop_0383_lp_s2    146.79684      0.000    445  
  cop_0384_lp_s2    102.13629      0.000    590  
  cop_0385_lp_s2    271.85224      0.000    275  
  cop_0386_lp_s2    131.33771      0.000    506  
  cop_0387_lp_s2    789.77536      0.000     69  
  cop_0388_lp_s2   2085.72351      0.000     35  
  cop_0389_lp_s2    183.05922      0.000    384  
  cop_0390_lp_s2     41.34737      0.000    925  
  cop_0391_lp_s2    705.06567      0.000    108  
  cop_0392_lp_s2    240.15594      0.000    266  
  cop_0393_lp_s2    658.74219      0.000     83  
  cop_0394_lp_s2    173.91043      0.000    439  
  cop_0395_lp_s2    158.43434      0.000    451  
  cop_0396_lp_s2     43.14965      0.000    913  
  cop_0397_lp_s2     54.30699      0.000    867  
  cop_0398_lp_s2     87.08131      0.000    649  
  cop_0399_lp_s2     33.32134      0.000    963  
  cop_0400_lp_s2    119.92531      0.000    525  
  cop_0401_lp_s2    148.31308      0.000    411  
  cop_0402_lp_s2   1332.33917      0.000     42  
  cop_0403_lp_s2     95.45540      0.000    646  
  cop_0404_lp_s2    138.25338      0.000    502  
  cop_0405_lp_s2    199.78747      0.000    347  
  cop_0406_lp_s2    693.17140      0.000     94  
  cop_0407_lp_s2     98.00871      0.000    613  
  cop_0408_lp_s2     95.09542      0.000    672  
  cop_0409_lp_s2    217.82053      0.000    343  
  cop_0410_lp_s2     35.43514      0.000    950  
  cop_0411_lp_s2   1619.61045      0.000     23  
  cop_0412_lp_s2    400.39576      0.000    158  
  cop_0413_lp_s2     72.29214      0.000    769  
  cop_0414_lp_s2    732.78690      0.000     82  
  cop_0415_lp_s2    143.67490      0.000    459  
  cop_0416_lp_s2    138.53591      0.000    492  
  cop_0417_lp_s2    216.93331      0.000    395  
  cop_0418_lp_s2    219.16271      0.000    360  
  cop_0419_lp_s2    242.22656      0.000    310  
  cop_0420_lp_s2    139.94289      0.000    493  
  cop_0421_lp_s2    396.62452      0.000    165  
  cop_0422_lp_s2     28.37116      0.000    983  
  cop_0423_lp_s2     67.85564      0.000    785  
  cop_0424_lp_s2     42.30009      0.000    923  
  cop_0425_lp_s2    503.26078      0.000    128  
  cop_0426_lp_s2     25.73087      0.000    982  
  cop_0427_lp_s2    429.98953      0.000    190  
  cop_0428_lp_s2     47.39618      0.000    896  
  cop_0429_lp_s2     46.22953      0.000    904  
  cop_0430_lp_s2    351.55609      0.000    199  
  cop_0431_lp_s2    101.94228      0.000    605  
  cop_0432_lp_s2    105.96551      0.000    580  
  cop_0433_lp_s2    166.60212      0.000    416  
  cop_0434_lp_s2    107.70111      0.000    584  
  cop_0435_lp_s2     26.35278      0.000    984  
  cop_0436_lp_s2    106.51759      0.000    568  
  cop_0437_lp_s2     32.12735      0.000    968  
  cop_0438_lp_s2     95.16735      0.000    596  
  cop_0439_lp_s2    107.07385      0.000    582  
  cop_0440_lp_s2     59.12440      0.000    829  
  cop_0441_lp_s2     89.89192      0.000    651  
  cop_0442_lp_s2    111.68091      0.000    531  
  cop_0443_lp_s2    249.38343      0.000    295  
  cop_0444_lp_s2     36.83756      0.000    938  
  cop_0445_lp_s2    219.54357      0.000    282  
  cop_0446_lp_s2    140.06305      0.000    466  
  cop_0447_lp_s2    193.80859      0.000    357  
  cop_0448_lp_s2    279.49710      0.000    268  
  cop_0449_lp_s2    421.26220      0.000    192  
  cop_0450_lp_s2     73.27683      0.000    764  
  cop_0451_lp_s2     93.47109      0.000    618  
  cop_0452_lp_s2    340.36228      0.000    200  
  cop_0453_lp_s2    128.38411      0.000    534  
  cop_0454_lp_s2    212.03860      0.000    340  
  cop_0455_lp_s2    318.66576      0.000    201  
  cop_0456_lp_s2    267.90594      0.000    203  
  cop_0457_lp_s2     50.34205      0.000    885  
  cop_0458_lp_s2     69.02300      0.000    775  
  cop_0459_lp_s2    128.62109      0.000    521  
  cop_0460_lp_s2     65.64005      0.000    792  
  cop_0461_lp_s2   1546.28637      0.000     70  
  cop_0462_lp_s2    144.37946      0.000    484  
  cop_0463_lp_s2     75.83878      0.000    718  
  cop_0464_lp_s2     55.98592      0.000    860  
  cop_0465_lp_s2    126.72467      0.000    546  
  cop_0466_lp_s2     76.43240      0.000    748  
  cop_0467_lp_s2    106.04081      0.000    591  
  cop_0468_lp_s2    420.91571      0.000    144  
  cop_0469_lp_s2     52.78102      0.000    891  
  cop_0470_lp_s2    167.98055      0.000    417  
  cop_0471_lp_s2    329.53750      0.000    191  
  cop_0472_lp_s2    114.74053      0.000    555  
  cop_0473_lp_s2    308.05745      0.000    195  
  cop_0474_lp_s2     85.41632      0.000    707  
  cop_0475_lp_s2    305.22708      0.000    227  
  cop_0476_lp_s2    189.59270      0.000    401  
  cop_0477_lp_s2     90.53214      0.000    647  
  cop_0478_lp_s2     35.65968      0.000    954  
  cop_0479_lp_s2     65.72972      0.000    815  
  cop_0480_lp_s2     47.41018      0.000    895  
  cop_0481_lp_s2     40.68505      0.000    939  
  cop_0482_lp_s2     64.34015      0.000    797  
  cop_0483_lp_s2    192.44534      0.000    375  
  cop_0484_lp_s2    323.59292      0.000    193  
  cop_0485_lp_s2    111.09433      0.000    562  
  cop_0486_lp_s2    386.97585      0.000    185  
  cop_0487_lp_s2    327.56464      0.000    186  
  cop_0488_lp_s2    170.48896      0.000    410  
  cop_0489_lp_s2    101.94054      0.000    610  
  cop_0490_lp_s2    164.42790      0.000    425  
  cop_0491_lp_s2    279.24274      0.000    237  
  cop_0492_lp_s2    103.27612      0.000    593  
  cop_0493_lp_s2    196.67816      0.000    376  
  cop_0494_lp_s2     51.20493      0.000    897  
  cop_0495_lp_s2    136.73774      0.000    507  
  cop_0496_lp_s2    235.97676      0.000    328  
  cop_0497_lp_s2     69.39674      0.000    758  
  cop_0498_lp_s2     80.07688      0.000    768  
  cop_0499_lp_s2    250.09342      0.000    261  
  cop_0500_lp_s2     72.91599      0.000    774  
  cop_0501_lp_s2     61.88655      0.000    823  
  cop_0502_lp_s2    108.62855      0.000    581  
  cop_0503_lp_s2     35.86209      0.000    962  
  cop_0504_lp_s2    155.89221      0.000    458  
  cop_0505_lp_s2    488.79592      0.000    155  
  cop_0506_lp_s2     89.16581      0.000    644  
  cop_0507_lp_s2     93.39438      0.000    622  
  cop_0508_lp_s2    967.93326      0.000     32  
  cop_0509_lp_s2     52.50767      0.000    876  
  cop_0510_lp_s2     64.21126      0.000    813  
  cop_0511_lp_s2   1181.15100      0.000     17  
  cop_0512_lp_s2    303.96927      0.000    243  
  cop_0513_lp_s2     54.75502      0.000    901  
  cop_0514_lp_s2     97.08880      0.000    624  
  cop_0515_lp_s2    503.38486      0.000    145  
  cop_0516_lp_s2     57.91633      0.000    879  
  cop_0517_lp_s2    286.01979      0.000    292  
  cop_0518_lp_s2     39.44555      0.000    937  
  cop_0519_lp_s2     43.50233      0.000    912  
  cop_0520_lp_s2     71.36575      0.000    767  
  cop_0521_lp_s2    475.63138      0.000    138  
  cop_0522_lp_s2     96.82062      0.000    615  
  cop_0523_lp_s2     79.38987      0.000    720  
  cop_0524_lp_s2    190.62762      0.000    362  
  cop_0525_lp_s2     45.02378      0.000    898  
  cop_0526_lp_s2     22.22935      0.000    992  
  cop_0527_lp_s2     41.56425      0.000    930  
  cop_0528_lp_s2    671.96920      0.000     81  
  cop_0529_lp_s2     62.20755      0.000    819  
  cop_0530_lp_s2     67.18128      0.000    777  
  cop_0531_lp_s2     94.49132      0.000    617  
  cop_0532_lp_s2    369.47674      0.000    171  
  cop_0533_lp_s2     40.83103      0.000    921  
  cop_0534_lp_s2     37.58619      0.000    946  
  cop_0535_lp_s2    347.44424      0.000    172  
  cop_0536_lp_s2     74.68556      0.000    737  
  cop_0537_lp_s2    139.18673      0.000    495  
  cop_0538_lp_s2     50.20173      0.000    890  
  cop_0539_lp_s2    215.36670      0.000    293  
  cop_0540_lp_s2     75.58641      0.000    739  
  cop_0541_lp_s2     97.54767      0.000    592  
  cop_0542_lp_s2     93.15628      0.000    650  
  cop_0543_lp_s2     70.75908      0.000    772  
  cop_0544_lp_s2     47.31942      0.000    900  
  cop_0545_lp_s2    131.32967      0.000    462  
  cop_0546_lp_s2    228.79150      0.000    370  
  cop_0547_lp_s2    171.89376      0.000    400  
  cop_0548_lp_s2   1249.85995      0.000     30  
  cop_0549_lp_s2    586.88573      0.000     66  
  cop_0550_lp_s2    292.47273      0.000    210  
  cop_0551_lp_s2    278.20958      0.000    236  
  cop_0552_lp_s2     15.93759      0.000    995  
  cop_0553_lp_s2    112.80156      0.000    559  
  cop_0554_lp_s2     75.96700      0.000    750  
  cop_0555_lp_s2    217.40271      0.000    326  
  cop_0556_lp_s2    127.72844      0.000    483  
  cop_0557_lp_s2    139.61754      0.000    472  
  cop_0558_lp_s2   1084.72442      0.000     36  
  cop_0559_lp_s2     83.78482      0.000    683  
  cop_0560_lp_s2    297.29689      0.000    220  
  cop_0561_lp_s2     43.88995      0.000    927  
  cop_0562_lp_s2   2533.60024      0.000     25  
  cop_0563_lp_s2    259.70087      0.000    306  
  cop_0564_lp_s2     83.09310      0.000    689  
  cop_0565_lp_s2    438.98736      0.000    174  
  cop_0566_lp_s2     95.38360      0.000    640  
  cop_0567_lp_s2    612.31880      0.000     97  
  cop_0568_lp_s2    154.78923      0.000    443  
  cop_0569_lp_s2     84.05000      0.000    690  
  cop_0570_lp_s2     57.64889      0.000    853  
  cop_0571_lp_s2     68.48505      0.000    802  
  cop_0572_lp_s2    551.99751      0.000    118  
  cop_0573_lp_s2    209.31913      0.000    339  
  cop_0574_lp_s2     71.18508      0.000    763  
  cop_0575_lp_s2    231.51188      0.000    301  
  cop_0576_lp_s2    222.01203      0.000    298  
  cop_0577_lp_s2     34.28485      0.000    966  
  cop_0578_lp_s2     97.57064      0.000    601  
  cop_0579_lp_s2    702.13623      0.000     49  
  cop_0580_lp_s2    157.73273      0.000    447  
  cop_0581_lp_s2     76.95813      0.000    732  
  cop_0582_lp_s2    523.01254      0.000    124  
  cop_0583_lp_s2    203.37205      0.000    338  
  cop_0584_lp_s2    671.25952      0.000     76  
  cop_0585_lp_s2    127.76480      0.000    529  
  cop_0586_lp_s2    165.33536      0.000    388  
  cop_0587_lp_s2     92.55820      0.000    657  
  cop_0588_lp_s2    392.42762      0.000    157  
  cop_0589_lp_s2    133.80893      0.000    497  
  cop_0590_lp_s2    417.75676      0.000    160  
  cop_0591_lp_s2    914.53539      0.000     56  
  cop_0592_lp_s2    191.46952      0.000    345  
  cop_0593_lp_s2      5.70951      0.001    999  
  cop_0594_lp_s2     55.40725      0.000    854  
  cop_0595_lp_s2    158.32801      0.000    457  
  cop_0596_lp_s2     57.32820      0.000    840  
  cop_0597_lp_s2    123.73589      0.000    526  
  cop_0598_lp_s2     57.83492      0.000    838  
  cop_0599_lp_s2    187.02983      0.000    365  
  cop_0600_lp_s2     84.56314      0.000    701  
  cop_0601_lp_s2    112.38837      0.000    572  
  cop_0602_lp_s2    293.96532      0.000    256  
  cop_0603_lp_s2    544.97408      0.000    122  
  cop_0604_lp_s2     37.09827      0.000    941  
  cop_0605_lp_s2    340.93236      0.000    153  
  cop_0606_lp_s2    121.59978      0.000    543  
  cop_0607_lp_s2    399.50834      0.000    183  
  cop_0608_lp_s2   1102.46249      0.000     53  
  cop_0609_lp_s2    193.85533      0.000    366  
  cop_0610_lp_s2    203.15691      0.000    311  
  cop_0611_lp_s2    178.24851      0.000    374  
  cop_0612_lp_s2    483.41617      0.000    177  
  cop_0613_lp_s2    298.26699      0.000    251  
  cop_0614_lp_s2    221.64820      0.000    276  
  cop_0615_lp_s2     86.51456      0.000    664  
  cop_0616_lp_s2    171.04992      0.000    433  
  cop_0617_lp_s2    195.23616      0.000    354  
  cop_0618_lp_s2    211.82871      0.000    351  
  cop_0619_lp_s2    287.53938      0.000    269  
  cop_0620_lp_s2    120.89906      0.000    547  
  cop_0621_lp_s2    275.05404      0.000    264  
  cop_0622_lp_s2     25.98264      0.000    988  
  cop_0623_lp_s2    179.66039      0.000    364  
  cop_0624_lp_s2     65.63192      0.000    794  
  cop_0625_lp_s2    122.80706      0.000    515  
  cop_0626_lp_s2   1018.78690      0.000     45  
  cop_0627_lp_s2    172.88396      0.000    379  
  cop_0628_lp_s2     52.29987      0.000    888  
  cop_0629_lp_s2     59.11519      0.000    828  
  cop_0630_lp_s2    154.43305      0.000    522  
  cop_0631_lp_s2     44.83583      0.000    926  
  cop_0632_lp_s2    372.96042      0.000    159  
  cop_0633_lp_s2     95.14582      0.000    658  
  cop_0634_lp_s2     63.58464      0.000    799  
  cop_0635_lp_s2     66.92025      0.000    796  
  cop_0636_lp_s2    144.93494      0.000    465  
  cop_0637_lp_s2    787.79730      0.000     73  
  cop_0638_lp_s2    115.94916      0.000    569  
  cop_0639_lp_s2    155.28801      0.000    468  
  cop_0640_lp_s2    145.91688      0.000    478  
  cop_0641_lp_s2    177.71092      0.000    409  
  cop_0642_lp_s2     69.17442      0.000    776  
  cop_0643_lp_s2    147.58661      0.000    477  
  cop_0644_lp_s2    188.12861      0.000    353  
  cop_0645_lp_s2    179.40843      0.000    408  
  cop_0646_lp_s2    155.70698      0.000    431  
  cop_0647_lp_s2    111.40434      0.000    586  
  cop_0648_lp_s2    388.00492      0.000    166  
  cop_0649_lp_s2    139.21598      0.000    499  
  cop_0650_lp_s2     92.76299      0.000    656  
  cop_0651_lp_s2    128.70498      0.000    509  
  cop_0652_lp_s2     42.51564      0.000    917  
  cop_0653_lp_s2    118.95405      0.000    553  
  cop_0654_lp_s2     12.64353      0.000    998  
  cop_0655_lp_s2    238.56188      0.000    290  
  cop_0656_lp_s2    961.47782      0.000     92  
  cop_0657_lp_s2   1916.01873      0.000     19  
  cop_0658_lp_s2    221.00793      0.000    322  
  cop_0659_lp_s2    201.11326      0.000    363  
  cop_0660_lp_s2     59.91587      0.000    834  
  cop_0661_lp_s2     36.20469      0.000    953  
  cop_0662_lp_s2    252.41455      0.000    318  
  cop_0663_lp_s2    369.68434      0.000    176  
  cop_0664_lp_s2     72.13488      0.000    761  
  cop_0665_lp_s2     25.47800      0.000    986  
  cop_0666_lp_s2     93.11169      0.000    639  
  cop_0667_lp_s2     87.43619      0.000    703  
  cop_0668_lp_s2    119.93187      0.000    520  
  cop_0669_lp_s2    465.68165      0.000    161  
  cop_0670_lp_s2   3771.72658      0.000      3  
  cop_0671_lp_s2    156.59401      0.000    434  
  cop_0672_lp_s2    119.45243      0.000    551  
  cop_0673_lp_s2    126.83792      0.000    516  
  cop_0674_lp_s2    189.46508      0.000    294  
  cop_0675_lp_s2    372.42682      0.000    163  
  cop_0676_lp_s2    199.40760      0.000    327  
  cop_0677_lp_s2    317.45642      0.000    230  
  cop_0678_lp_s2    616.61448      0.000    132  
  cop_0679_lp_s2   3812.87843      0.000      1  
  cop_0680_lp_s2    283.10856      0.000    272  
  cop_0681_lp_s2    486.54741      0.000    167  
  cop_0682_lp_s2    140.30001      0.000    500  
  cop_0683_lp_s2     71.51472      0.000    771  
  cop_0684_lp_s2     54.67063      0.000    861  
  cop_0685_lp_s2     53.89003      0.000    862  
  cop_0686_lp_s2     45.86234      0.000    899  
  cop_0687_lp_s2    494.71943      0.000    156  
  cop_0688_lp_s2     79.43413      0.000    692  
  cop_0689_lp_s2     57.55104      0.000    850  
  cop_0690_lp_s2   1867.00957      0.000      9  
  cop_0691_lp_s2     45.31227      0.000    915  
  cop_0692_lp_s2     46.69997      0.000    922  
  cop_0693_lp_s2    183.19063      0.000    405  
  cop_0694_lp_s2     81.20159      0.000    723  
  cop_0695_lp_s2    151.23712      0.000    429  
  cop_0696_lp_s2     31.56734      0.000    970  
  cop_0697_lp_s2     71.26806      0.000    757  
  cop_0698_lp_s2    121.23315      0.000    541  
  cop_0699_lp_s2    285.94587      0.000    253  
  cop_0700_lp_s2   1069.32036      0.000     52  
  cop_0701_lp_s2    187.54557      0.000    361  
  cop_0702_lp_s2     51.12169      0.000    884  
  cop_0703_lp_s2    111.55839      0.000    570  
  cop_0704_lp_s2   2510.80860      0.000     28  
  cop_0705_lp_s2     58.18227      0.000    857  
  cop_0706_lp_s2     89.66714      0.000    670  
  cop_0707_lp_s2     44.15889      0.000    919  
  cop_0708_lp_s2     38.20864      0.000    945  
  cop_0709_lp_s2    309.98443      0.000    231  
  cop_0710_lp_s2    318.96559      0.000    189  
  cop_0711_lp_s2     62.05669      0.000    812  
  cop_0712_lp_s2    130.03373      0.000    505  
  cop_0713_lp_s2    197.77890      0.000    367  
  cop_0714_lp_s2    218.35597      0.000    325  
  cop_0715_lp_s2     21.86473      0.000    991  
  cop_0716_lp_s2    229.78552      0.000    305  
  cop_0717_lp_s2     37.79601      0.000    943  
  cop_0718_lp_s2    920.97667      0.000     78  
  cop_0719_lp_s2     91.67086      0.000    642  
  cop_0720_lp_s2     33.17799      0.000    967  
  cop_0721_lp_s2    314.53595      0.000    217  
  cop_0722_lp_s2    343.88076      0.000    196  
  cop_0723_lp_s2     97.79457      0.000    621  
  cop_0724_lp_s2    425.32053      0.000    164  
  cop_0725_lp_s2     93.54807      0.000    659  
  cop_0726_lp_s2    178.41672      0.000    369  
  cop_0727_lp_s2     86.25301      0.000    693  
  cop_0728_lp_s2    173.65445      0.000    418  
  cop_0729_lp_s2    124.68128      0.000    561  
  cop_0730_lp_s2    151.71512      0.000    467  
  cop_0731_lp_s2    100.05105      0.000    609  
  cop_0732_lp_s2    252.74549      0.000    259  
  cop_0733_lp_s2    137.37210      0.000    498  
  cop_0734_lp_s2    255.94483      0.000    285  
  cop_0735_lp_s2     41.92160      0.000    936  
  cop_0736_lp_s2     66.85330      0.000    789  
  cop_0737_lp_s2    378.91807      0.000    214  
  cop_0738_lp_s2     53.84338      0.000    871  
  cop_0739_lp_s2   1767.63397      0.000     44  
  cop_0740_lp_s2     26.64319      0.000    981  
  cop_0741_lp_s2    128.90448      0.000    511  
  cop_0742_lp_s2     46.86532      0.000    916  
  cop_0743_lp_s2     97.73002      0.000    633  
  cop_0744_lp_s2    351.68032      0.000    194  
  cop_0745_lp_s2    892.89853      0.000    110  
  cop_0746_lp_s2    655.83267      0.000    135  
  cop_0747_lp_s2    276.78729      0.000    249  
  cop_0748_lp_s2     71.45017      0.000    773  
  cop_0749_lp_s2     87.11842      0.000    740  
  cop_0750_lp_s2     40.83701      0.000    955  
  cop_0751_lp_s2     40.92648      0.000    928  
  cop_0752_lp_s2   1261.45051      0.000     38  
  cop_0753_lp_s2    146.18343      0.000    501  
  cop_0754_lp_s2    329.75446      0.000    239  
  cop_0755_lp_s2    139.20132      0.000    488  
  cop_0756_lp_s2     41.83989      0.000    944  
  cop_0757_lp_s2     53.41164      0.000    875  
  cop_0758_lp_s2    153.47719      0.000    481  
  cop_0759_lp_s2    139.35130      0.000    503  
  cop_0760_lp_s2    221.99925      0.000    352  
  cop_0761_lp_s2    172.68186      0.000    391  
  cop_0762_lp_s2    120.22519      0.000    556  
  cop_0763_lp_s2     53.74723      0.000    880  
  cop_0764_lp_s2     50.63391      0.000    910  
  cop_0765_lp_s2     85.07055      0.000    679  
  cop_0766_lp_s2     82.65929      0.000    711  
  cop_0767_lp_s2    502.72780      0.000    143  
  cop_0768_lp_s2  10477.53709      0.000      6  
  cop_0769_lp_s2    168.49473      0.000    389  
  cop_0770_lp_s2    165.87224      0.000    435  
  cop_0771_lp_s2    176.90535      0.000    373  
  cop_0772_lp_s2     74.67802      0.000    755  
  cop_0773_lp_s2     35.79770      0.000    964  
  cop_0774_lp_s2     37.03569      0.000    948  
  cop_0775_lp_s2    105.24465      0.000    565  
  cop_0776_lp_s2     76.10278      0.000    710  
  cop_0777_lp_s2     44.05022      0.000    924  
  cop_0778_lp_s2     59.47571      0.000    835  
  cop_0779_lp_s2    112.21746      0.000    571  
  cop_0780_lp_s2     65.00035      0.000    781  
  cop_0781_lp_s2    552.37715      0.000    131  
  cop_0782_lp_s2     64.61371      0.000    800  
  cop_0783_lp_s2   1853.92785      0.000     58  
  cop_0784_lp_s2     47.16041      0.000    920  
  cop_0785_lp_s2    795.41533      0.000     59  
  cop_0786_lp_s2    248.14809      0.000    262  
  cop_0787_lp_s2   1256.83949      0.000     20  
  cop_0788_lp_s2    291.41306      0.000    247  
  cop_0789_lp_s2    289.51616      0.000    263  
  cop_0790_lp_s2    148.70653      0.000    448  
  cop_0791_lp_s2    127.92022      0.000    504  
  cop_0792_lp_s2   1046.92876      0.000     46  
  cop_0793_lp_s2     67.35662      0.000    779  
  cop_0794_lp_s2     84.80435      0.000    702  
  cop_0795_lp_s2    158.32858      0.000    474  
  cop_0796_lp_s2     51.13274      0.000    894  
  cop_0797_lp_s2    112.30194      0.000    573  
  cop_0798_lp_s2     84.93353      0.000    697  
  cop_0799_lp_s2   1123.36542      0.000     64  
  cop_0800_lp_s2     96.00442      0.000    671  
  cop_0801_lp_s2     13.17197      0.000    997  
  cop_0802_lp_s2    113.32675      0.000    549  
  cop_0803_lp_s2     80.09085      0.000    730  
  cop_0804_lp_s2    201.85539      0.000    331  
  cop_0805_lp_s2    152.18307      0.000    438  
  cop_0806_lp_s2     78.00368      0.000    717  
  cop_0807_lp_s2    361.35854      0.000    187  
  cop_0808_lp_s2    214.08468      0.000    319  
  cop_0809_lp_s2    998.76714      0.000     43  
  cop_0810_lp_s2    987.82198      0.000     96  
  cop_0811_lp_s2    598.66397      0.000    114  
  cop_0812_lp_s2    248.59689      0.000    260  
  cop_0813_lp_s2    201.00741      0.000    302  
  cop_0814_lp_s2    110.49441      0.000    597  
  cop_0815_lp_s2     84.48994      0.000    688  
  cop_0816_lp_s2    956.91700      0.000     55  
  cop_0817_lp_s2    170.14040      0.000    386  
  cop_0818_lp_s2    186.00192      0.000    394  
  cop_0819_lp_s2    166.02228      0.000    420  
  cop_0820_lp_s2     58.66235      0.000    852  
  cop_0821_lp_s2     65.03761      0.000    806  
  cop_0822_lp_s2    336.71789      0.000    206  
  cop_0823_lp_s2   1107.55044      0.000     41  
  cop_0824_lp_s2     34.65570      0.000    960  
  cop_0825_lp_s2     73.64952      0.000    754  
  cop_0826_lp_s2     29.70724      0.000    973  
  cop_0827_lp_s2     42.63551      0.000    940  
  cop_0828_lp_s2    270.12495      0.000    252  
  cop_0829_lp_s2    159.90598      0.000    423  
  cop_0830_lp_s2    766.95426      0.000    103  
  cop_0831_lp_s2    135.45757      0.000    513  
  cop_0832_lp_s2     31.64854      0.000    971  
  cop_0833_lp_s2    899.99046      0.000     61  
  cop_0834_lp_s2     69.82687      0.000    765  
  cop_0835_lp_s2    205.59414      0.000    317  
  cop_0836_lp_s2    362.79190      0.000    228  
  cop_0837_lp_s2    208.09678      0.000    323  
  cop_0838_lp_s2     87.21806      0.000    687  
  cop_0839_lp_s2    416.38365      0.000    169  
  cop_0840_lp_s2    124.70878      0.000    533  
  cop_0841_lp_s2     53.49603      0.000    878  
  cop_0842_lp_s2    441.30298      0.000    130  
  cop_0843_lp_s2     87.53220      0.000    665  
  cop_0844_lp_s2    100.13374      0.000    643  
  cop_0845_lp_s2    607.39763      0.000     85  
  cop_0846_lp_s2    627.62411      0.000     98  
  cop_0847_lp_s2    312.63333      0.000    224  
  cop_0848_lp_s2     76.67362      0.000    770  
  cop_0849_lp_s2     53.53580      0.000    869  
  cop_0850_lp_s2     87.21296      0.000    675  
  cop_0851_lp_s2    294.64300      0.000    245  
  cop_0852_lp_s2     60.45756      0.000    824  
  cop_0853_lp_s2     71.79034      0.000    783  
  cop_0854_lp_s2     61.02582      0.000    827  
  cop_0855_lp_s2    105.01826      0.000    575  
  cop_0856_lp_s2    290.99819      0.000    226  
  cop_0857_lp_s2     78.22116      0.000    713  
  cop_0858_lp_s2     93.70961      0.000    636  
  cop_0859_lp_s2     48.63577      0.000    911  
  cop_0860_lp_s2    758.84303      0.000     89  
  cop_0861_lp_s2    149.75651      0.000    441  
  cop_0862_lp_s2     66.28759      0.000    790  
  cop_0863_lp_s2     56.76459      0.000    858  
  cop_0864_lp_s2     88.11237      0.000    676  
  cop_0865_lp_s2    302.98590      0.000    215  
  cop_0866_lp_s2    105.72634      0.000    600  
  cop_0867_lp_s2     55.80640      0.000    848  
  cop_0868_lp_s2    630.38242      0.000    112  
  cop_0869_lp_s2    223.60982      0.000    309  
  cop_0870_lp_s2   2375.47465      0.000     13  
  cop_0871_lp_s2     53.84204      0.000    874  
  cop_0872_lp_s2    117.97568      0.000    544  
  cop_0873_lp_s2    188.52754      0.000    371  
  cop_0874_lp_s2     61.89882      0.000    810  
  cop_0875_lp_s2    100.55254      0.000    588  
  cop_0876_lp_s2     87.37488      0.000    704  
  cop_0877_lp_s2     99.26336      0.000    612  
  cop_0878_lp_s2     67.70030      0.000    843  
  cop_0879_lp_s2     90.27449      0.000    623  
  cop_0880_lp_s2     77.40305      0.000    752  
  cop_0881_lp_s2    114.91656      0.000    564  
  cop_0882_lp_s2     71.43853      0.000    760  
  cop_0883_lp_s2    421.35388      0.000    182  
  cop_0884_lp_s2     60.54204      0.000    821  
  cop_0885_lp_s2    255.06924      0.000    267  
  cop_0886_lp_s2     52.45731      0.000    863  
  cop_0887_lp_s2    259.74211      0.000    204  
  cop_0888_lp_s2    191.40451      0.000    344  
  cop_0889_lp_s2    110.65878      0.000    558  
  cop_0890_lp_s2    528.76065      0.000    100  
  cop_0891_lp_s2     88.06594      0.000    638  
  cop_0892_lp_s2    143.94021      0.000    473  
  cop_0893_lp_s2    105.36053      0.000    594  
  cop_0894_lp_s2    254.04229      0.000    299  
  cop_0895_lp_s2     90.36139      0.000    678  
  cop_0896_lp_s2     82.57311      0.000    709  
  cop_0897_lp_s2     45.43720      0.000    918  
  cop_0898_lp_s2     54.67836      0.000    856  
  cop_0899_lp_s2     43.45538      0.000    909  
  cop_0900_lp_s2    905.02207      0.000     74  
  cop_0901_lp_s2    115.79557      0.000    535  
  cop_0902_lp_s2     33.83489      0.000    965  
  cop_0903_lp_s2    219.35928      0.000    355  
  cop_0904_lp_s2     66.66665      0.000    805  
  cop_0905_lp_s2      4.49530      1.000      -  yes
  cop_0906_lp_s2     41.89141      0.000    934  
  cop_0907_lp_s2    438.28067      0.000    113  
  cop_0908_lp_s2    364.44271      0.000    254  
  cop_0909_lp_s2    213.12328      0.000    341  
  cop_0910_lp_s2    136.22850      0.000    523  
  cop_0911_lp_s2     80.93530      0.000    726  
  cop_0912_lp_s2    162.30639      0.000    442  
  cop_0913_lp_s2     52.39410      0.000    877  
  cop_0914_lp_s2     48.81604      0.000    907  
  cop_0915_lp_s2    178.53679      0.000    387  
  cop_0916_lp_s2    225.40020      0.000    320  
  cop_0917_lp_s2     27.27341      0.000    977  
  cop_0918_lp_s2    542.06425      0.000     87  
  cop_0919_lp_s2    877.86039      0.000     90  
  cop_0920_lp_s2    178.19772      0.000    424  
  cop_0921_lp_s2    180.43176      0.000    436  
  cop_0922_lp_s2    236.27066      0.000    308  
  cop_0923_lp_s2    109.73855      0.000    583  
  cop_0924_lp_s2   1538.25326      0.000     93  
  cop_0925_lp_s2    160.98615      0.000    449  
  cop_0926_lp_s2    740.83508      0.000     95  
  cop_0927_lp_s2    253.13168      0.000    286  
  cop_0928_lp_s2   2274.44857      0.000     16  
  cop_0929_lp_s2    549.22581      0.000    125  
  cop_0930_lp_s2    169.90727      0.000    393  
  cop_0931_lp_s2     29.41404      0.000    976  
  cop_0932_lp_s2    884.35889      0.000     68  
  cop_0933_lp_s2    290.30607      0.000    241  
  cop_0934_lp_s2    193.71020      0.000    356  
  cop_0935_lp_s2    247.21726      0.000    284  
  cop_0936_lp_s2    223.23693      0.000    291  
  cop_0937_lp_s2     59.84383      0.000    833  
  cop_0938_lp_s2    444.98784      0.000    150  
  cop_0939_lp_s2    153.55939      0.000    415  
  cop_0940_lp_s2    371.76208      0.000    142  
  cop_0941_lp_s2     76.71395      0.000    715  
  cop_0942_lp_s2    882.29994      0.000     65  
  cop_0943_lp_s2     52.47849      0.000    881  
  cop_0944_lp_s2    193.46710      0.000    378  
  cop_0945_lp_s2    410.38813      0.000    211  
  cop_0946_lp_s2    408.50735      0.000    180  
  cop_0947_lp_s2    300.90062      0.000    234  
  cop_0948_lp_s2     94.43949      0.000    667  
  cop_0949_lp_s2    378.63485      0.000    151  
  cop_0950_lp_s2     72.49536      0.000    753  
  cop_0951_lp_s2     76.34442      0.000    735  
  cop_0952_lp_s2    103.78604      0.000    598  
  cop_0953_lp_s2    160.45234      0.000    430  
  cop_0954_lp_s2    169.35851      0.000    382  
  cop_0955_lp_s2     96.78911      0.000    626  
  cop_0956_lp_s2    135.96421      0.000    471  
  cop_0957_lp_s2    273.74686      0.000    265  
  cop_0958_lp_s2   1359.45610      0.000     51  
  cop_0959_lp_s2    114.90140      0.000    532  
  cop_0960_lp_s2    172.94453      0.000    404  
  cop_0961_lp_s2    207.49343      0.000    381  
  cop_0962_lp_s2    108.53308      0.000    579  
  cop_0963_lp_s2    106.83444      0.000    576  
  cop_0964_lp_s2     90.92821      0.000    680  
  cop_0965_lp_s2    624.67019      0.000    136  
  cop_0966_lp_s2    447.67753      0.000    116  
  cop_0967_lp_s2    680.66345      0.000     57  
  cop_0968_lp_s2     74.25193      0.000    743  
  cop_0969_lp_s2     62.31011      0.000    811  
  cop_0970_lp_s2     13.76444      0.000    996  
  cop_0971_lp_s2     39.84011      0.000    932  
  cop_0972_lp_s2     45.90157      0.000    905  
  cop_0973_lp_s2    164.44661      0.000    460  
  cop_0974_lp_s2    114.83373      0.000    577  
  cop_0975_lp_s2    230.13104      0.000    273  
  cop_0976_lp_s2    176.70301      0.000    397  
  cop_0977_lp_s2    642.18521      0.000     63  
  cop_0978_lp_s2    102.79342      0.000    595  
  cop_0979_lp_s2     84.22119      0.000    685  
  cop_0980_lp_s2    662.99077      0.000    101  
  cop_0981_lp_s2    312.68756      0.000    208  
  cop_0982_lp_s2    102.93154      0.000    607  
  cop_0983_lp_s2    214.40509      0.000    315  
  cop_0984_lp_s2    369.25622      0.000    154  
  cop_0985_lp_s2    180.69807      0.000    399  
  cop_0986_lp_s2     87.30161      0.000    684  
  cop_0987_lp_s2    220.22499      0.000    350  
  cop_0988_lp_s2    114.95037      0.000    537  
  cop_0989_lp_s2    550.06074      0.000    146  
  cop_0990_lp_s2    354.59475      0.000    198  
  cop_0991_lp_s2    131.84517      0.000    487  
  cop_0992_lp_s2    287.14189      0.000    232  
  cop_0993_lp_s2    186.28860      0.000    334  
  cop_0994_lp_s2     68.06536      0.000    787  
  cop_0995_lp_s2     84.18145      0.000    698  
  cop_0996_lp_s2     84.11656      0.000    691  
  cop_0997_lp_s2    287.19251      0.000    223  
  cop_0998_lp_s2     93.14943      0.000    660  
  cop_0999_lp_s2    116.92270      0.000    563  
  cop_1000_lp_s2     86.98876      0.000    655  
  eliminated, worst first: cop_0679_lp_s2 cop_0086_lp_s2 cop_0670_lp_s2 cop_0375_lp_s2 cop_0184_lp_s2 cop_0768_lp_s2 cop_0362_lp_s2 cop_0080_lp_s2 cop_0690_lp_s2 cop_0214_lp_s2 cop_0212_lp_s2 cop_0058_lp_s2 cop_0870_lp_s2 cop_0323_lp_s2 cop_0308_lp_s2 cop_0928_lp_s2 cop_0511_lp_s2 cop_0130_lp_s2 cop_0657_lp_s2 cop_0787_lp_s2 cop_0046_lp_s2 cop_0206_lp_s2 cop_0411_lp_s2 cop_0085_lp_s2 cop_0562_lp_s2 cop_0049_lp_s2 cop_0154_lp_s2 cop_0704_lp_s2 cop_0168_lp_s2 cop_0548_lp_s2 cop_0095_lp_s2 cop_0508_lp_s2 cop_0056_lp_s2 cop_0167_lp_s2 cop_0388_lp_s2 cop_0558_lp_s2 cop_0253_lp_s2 cop_0752_lp_s2 cop_0009_lp_s2 cop_0229_lp_s2 cop_0823_lp_s2 cop_0402_lp_s2 cop_0809_lp_s2 cop_0739_lp_s2 cop_0626_lp_s2 cop_0792_lp_s2 cop_0230_lp_s2 cop_0262_lp_s2 cop_0579_lp_s2 cop_0366_lp_s2 cop_0958_lp_s2 cop_0700_lp_s2 cop_0608_lp_s2 cop_0325_lp_s2 cop_0816_lp_s2 cop_0591_lp_s2 cop_0967_lp_s2 cop_0783_lp_s2 cop_0785_lp_s2 cop_0115_lp_s2 cop_0833_lp_s2 cop_0098_lp_s2 cop_0977_lp_s2 cop_0799_lp_s2 cop_0942_lp_s2 cop_0549_lp_s2 cop_0381_lp_s2 cop_0932_lp_s2 cop_0387_lp_s2 cop_0461_lp_s2 cop_0257_lp_s2 cop_0089_lp_s2 cop_0637_lp_s2 cop_0900_lp_s2 cop_0096_lp_s2 cop_0584_lp_s2 cop_0219_lp_s2 cop_0718_lp_s2 cop_0158_lp_s2 cop_0114_lp_s2 cop_0528_lp_s2 cop_0414_lp_s2 cop_0393_lp_s2 cop_0329_lp_s2 cop_0845_lp_s2 cop_0332_lp_s2 cop_0918_lp_s2 cop_0287_lp_s2 cop_0860_lp_s2 cop_0919_lp_s2 cop_0175_lp_s2 cop_0656_lp_s2 cop_0924_lp_s2 cop_0406_lp_s2 cop_0926_lp_s2 cop_0810_lp_s2 cop_0567_lp_s2 cop_0846_lp_s2 cop_0013_lp_s2 cop_0890_lp_s2 cop_0980_lp_s2 cop_0297_lp_s2 cop_0830_lp_s2 cop_0300_lp_s2 cop_0043_lp_s2 cop_0140_lp_s2 cop_0244_lp_s2 cop_0391_lp_s2 cop_0012_lp_s2 cop_0745_lp_s2 cop_0333_lp_s2 cop_0868_lp_s2 cop_0907_lp_s2 cop_0811_lp_s2 cop_0041_lp_s2 cop_0966_lp_s2 cop_0276_lp_s2 cop_0572_lp_s2 cop_0202_lp_s2 cop_0052_lp_s2 cop_0370_lp_s2 cop_0603_lp_s2 cop_0304_lp_s2 cop_0582_lp_s2 cop_0929_lp_s2 cop_0025_lp_s2 cop_0259_lp_s2 cop_0425_lp_s2 cop_0088_lp_s2 cop_0842_lp_s2 cop_0781_lp_s2 cop_0678_lp_s2 cop_0270_lp_s2 cop_0119_lp_s2 cop_0746_lp_s2 cop_0965_lp_s2 cop_0363_lp_s2 cop_0521_lp_s2 cop_0209_lp_s2 cop_0278_lp_s2 cop_0233_lp_s2 cop_0940_lp_s2 cop_0767_lp_s2 cop_0468_lp_s2 cop_0515_lp_s2 cop_0989_lp_s2 cop_0251_lp_s2 cop_0238_lp_s2 cop_0159_lp_s2 cop_0938_lp_s2 cop_0949_lp_s2 cop_0271_lp_s2 cop_0605_lp_s2 cop_0984_lp_s2 cop_0505_lp_s2 cop_0687_lp_s2 cop_0588_lp_s2 cop_0412_lp_s2 cop_0632_lp_s2 cop_0590_lp_s2 cop_0669_lp_s2 cop_0178_lp_s2 cop_0675_lp_s2 cop_0724_lp_s2 cop_0421_lp_s2 cop_0648_lp_s2 cop_0681_lp_s2 cop_0342_lp_s2 cop_0839_lp_s2 cop_0038_lp_s2 cop_0532_lp_s2 cop_0535_lp_s2 cop_0160_lp_s2 cop_0565_lp_s2 cop_0138_lp_s2 cop_0663_lp_s2 cop_0612_lp_s2 cop_0063_lp_s2 cop_0245_lp_s2 cop_0946_lp_s2 cop_0261_lp_s2 cop_0883_lp_s2 cop_0607_lp_s2 cop_0188_lp_s2 cop_0486_lp_s2 cop_0487_lp_s2 cop_0807_lp_s2 cop_0092_lp_s2 cop_0710_lp_s2 cop_0427_lp_s2 cop_0471_lp_s2 cop_0449_lp_s2 cop_0484_lp_s2 cop_0744_lp_s2 cop_0473_lp_s2 cop_0722_lp_s2 cop_0273_lp_s2 cop_0990_lp_s2 cop_0430_lp_s2 cop_0452_lp_s2 cop_0455_lp_s2 cop_0275_lp_s2 cop_0456_lp_s2 cop_0887_lp_s2 cop_0064_lp_s2 cop_0822_lp_s2 cop_0090_lp_s2 cop_0981_lp_s2 cop_0059_lp_s2 cop_0550_lp_s2 cop_0945_lp_s2 cop_0164_lp_s2 cop_0379_lp_s2 cop_0737_lp_s2 cop_0865_lp_s2 cop_0222_lp_s2 cop_0721_lp_s2 cop_0190_lp_s2 cop_0365_lp_s2 cop_0560_lp_s2 cop_0123_lp_s2 cop_0189_lp_s2 cop_0997_lp_s2 cop_0847_lp_s2 cop_0359_lp_s2 cop_0856_lp_s2 cop_0475_lp_s2 cop_0836_lp_s2 cop_0344_lp_s2 cop_0677_lp_s2 cop_0709_lp_s2 cop_0992_lp_s2 cop_0326_lp_s2 cop_0947_lp_s2 cop_0192_lp_s2 cop_0551_lp_s2 cop_0491_lp_s2 cop_0345_lp_s2 cop_0754_lp_s2 cop_0266_lp_s2 cop_0933_lp_s2 cop_0328_lp_s2 cop_0512_lp_s2 cop_0155_lp_s2 cop_0851_lp_s2 cop_0380_lp_s2 cop_0788_lp_s2 cop_0060_lp_s2 cop_0747_lp_s2 cop_0093_lp_s2 cop_0613_lp_s2 cop_0828_lp_s2 cop_0699_lp_s2 cop_0908_lp_s2 cop_0336_lp_s2 cop_0602_lp_s2 cop_0303_lp_s2 cop_0051_lp_s2 cop_0732_lp_s2 cop_0812_lp_s2 cop_0499_lp_s2 cop_0786_lp_s2 cop_0789_lp_s2 cop_0621_lp_s2 cop_0957_lp_s2 cop_0392_lp_s2 cop_0885_lp_s2 cop_0448_lp_s2 cop_0619_lp_s2 cop_0217_lp_s2 cop_0020_lp_s2 cop_0680_lp_s2 cop_0975_lp_s2 cop_0279_lp_s2 cop_0385_lp_s2 cop_0614_lp_s2 cop_0354_lp_s2 cop_0018_lp_s2 cop_0137_lp_s2 cop_0210_lp_s2 cop_0376_lp_s2 cop_0445_lp_s2 cop_0084_lp_s2 cop_0935_lp_s2 cop_0734_lp_s2 cop_0927_lp_s2 cop_0034_lp_s2 cop_0310_lp_s2 cop_0026_lp_s2 cop_0655_lp_s2 cop_0936_lp_s2 cop_0517_lp_s2 cop_0539_lp_s2 cop_0674_lp_s2 cop_0443_lp_s2 cop_0264_lp_s2 cop_0053_lp_s2 cop_0576_lp_s2 cop_0894_lp_s2 cop_0330_lp_s2 cop_0575_lp_s2 cop_0813_lp_s2 cop_0327_lp_s2 cop_0083_lp_s2 cop_0716_lp_s2 cop_0563_lp_s2 cop_0022_lp_s2 cop_0922_lp_s2 cop_0869_lp_s2 cop_0419_lp_s2 cop_0610_lp_s2 cop_0263_lp_s2 cop_0153_lp_s2 cop_0104_lp_s2 cop_0983_lp_s2 cop_0132_lp_s2 cop_0835_lp_s2 cop_0662_lp_s2 cop_0808_lp_s2 cop_0916_lp_s2 cop_0177_lp_s2 cop_0658_lp_s2 cop_0837_lp_s2 cop_0315_lp_s2 cop_0714_lp_s2 cop_0555_lp_s2 cop_0676_lp_s2 cop_0496_lp_s2 cop_0014_lp_s2 cop_0197_lp_s2 cop_0804_lp_s2 cop_0232_lp_s2 cop_0074_lp_s2 cop_0993_lp_s2 cop_0071_lp_s2 cop_0143_lp_s2 cop_0055_lp_s2 cop_0583_lp_s2 cop_0573_lp_s2 cop_0454_lp_s2 cop_0909_lp_s2 cop_0311_lp_s2 cop_0409_lp_s2 cop_0888_lp_s2 cop_0592_lp_s2 cop_0290_lp_s2 cop_0405_lp_s2 cop_0122_lp_s2 cop_0076_lp_s2 cop_0987_lp_s2 cop_0618_lp_s2 cop_0760_lp_s2 cop_0644_lp_s2 cop_0617_lp_s2 cop_0903_lp_s2 cop_0934_lp_s2 cop_0447_lp_s2 cop_0307_lp_s2 cop_0021_lp_s2 cop_0418_lp_s2 cop_0701_lp_s2 cop_0524_lp_s2 cop_0659_lp_s2 cop_0623_lp_s2 cop_0599_lp_s2 cop_0609_lp_s2 cop_0713_lp_s2 cop_0129_lp_s2 cop_0726_lp_s2 cop_0546_lp_s2 cop_0873_lp_s2 cop_0223_lp_s2 cop_0771_lp_s2 cop_0611_lp_s2 cop_0483_lp_s2 cop_0493_lp_s2 cop_0358_lp_s2 cop_0944_lp_s2 cop_0627_lp_s2 cop_0249_lp_s2 cop_0961_lp_s2 cop_0954_lp_s2 cop_0110_lp_s2 cop_0389_lp_s2 cop_0069_lp_s2 cop_0817_lp_s2 cop_0915_lp_s2 cop_0586_lp_s2 cop_0769_lp_s2 cop_0077_lp_s2 cop_0761_lp_s2 cop_0301_lp_s2 cop_0930_lp_s2 cop_0818_lp_s2 cop_0417_lp_s2 cop_0291_lp_s2 cop_0976_lp_s2 cop_0065_lp_s2 cop_0985_lp_s2 cop_0547_lp_s2 cop_0476_lp_s2 cop_0272_lp_s2 cop_0341_lp_s2 cop_0960_lp_s2 cop_0693_lp_s2 cop_0015_lp_s2 cop_0242_lp_s2 cop_0645_lp_s2 cop_0641_lp_s2 cop_0488_lp_s2 cop_0401_lp_s2 cop_0216_lp_s2 cop_0237_lp_s2 cop_0073_lp_s2 cop_0939_lp_s2 cop_0433_lp_s2 cop_0470_lp_s2 cop_0728_lp_s2 cop_0331_lp_s2 cop_0819_lp_s2 cop_0360_lp_s2 cop_0215_lp_s2 cop_0829_lp_s2 cop_0920_lp_s2 cop_0490_lp_s2 cop_0116_lp_s2 cop_0195_lp_s2 cop_0042_lp_s2 cop_0695_lp_s2 cop_0953_lp_s2 cop_0646_lp_s2 cop_0163_lp_s2 cop_0616_lp_s2 cop_0671_lp_s2 cop_0770_lp_s2 cop_0921_lp_s2 cop_0357_lp_s2 cop_0805_lp_s2 cop_0394_lp_s2 cop_0340_lp_s2 cop_0861_lp_s2 cop_0912_lp_s2 cop_0568_lp_s2 cop_0339_lp_s2 cop_0383_lp_s2 cop_0322_lp_s2 cop_0580_lp_s2 cop_0790_lp_s2 cop_0925_lp_s2 cop_0247_lp_s2 cop_0395_lp_s2 cop_0187_lp_s2 cop_0048_lp_s2 cop_0309_lp_s2 cop_0248_lp_s2 cop_0235_lp_s2 cop_0595_lp_s2 cop_0504_lp_s2 cop_0415_lp_s2 cop_0973_lp_s2 cop_0101_lp_s2 cop_0545_lp_s2 cop_0023_lp_s2 cop_0111_lp_s2 cop_0636_lp_s2 cop_0446_lp_s2 cop_0730_lp_s2 cop_0639_lp_s2 cop_0224_lp_s2 cop_0283_lp_s2 cop_0956_lp_s2 cop_0557_lp_s2 cop_0892_lp_s2 cop_0795_lp_s2 cop_0113_lp_s2 cop_0204_lp_s2 cop_0643_lp_s2 cop_0640_lp_s2 cop_0068_lp_s2 cop_0067_lp_s2 cop_0758_lp_s2 cop_0268_lp_s2 cop_0556_lp_s2 cop_0462_lp_s2 cop_0141_lp_s2 cop_0286_lp_s2 cop_0991_lp_s2 cop_0755_lp_s2 cop_0124_lp_s2 cop_0295_lp_s2 cop_0198_lp_s2 cop_0416_lp_s2 cop_0420_lp_s2 cop_0337_lp_s2 cop_0537_lp_s2 cop_0176_lp_s2 cop_0589_lp_s2 cop_0733_lp_s2 cop_0649_lp_s2 cop_0682_lp_s2 cop_0753_lp_s2 cop_0404_lp_s2 cop_0759_lp_s2 cop_0791_lp_s2 cop_0712_lp_s2 cop_0386_lp_s2 cop_0495_lp_s2 cop_0193_lp_s2 cop_0651_lp_s2 cop_0008_lp_s2 cop_0741_lp_s2 cop_0007_lp_s2 cop_0831_lp_s2 cop_0260_lp_s2 cop_0625_lp_s2 cop_0673_lp_s2 cop_0282_lp_s2 cop_0372_lp_s2 cop_0045_lp_s2 cop_0668_lp_s2 cop_0459_lp_s2 cop_0630_lp_s2 cop_0910_lp_s2 cop_0239_lp_s2 cop_0400_lp_s2 cop_0597_lp_s2 cop_0028_lp_s2 cop_0293_lp_s2 cop_0585_lp_s2 cop_0146_lp_s2 cop_0442_lp_s2 cop_0959_lp_s2 cop_0840_lp_s2 cop_0453_lp_s2 cop_0901_lp_s2 cop_0218_lp_s2 cop_0988_lp_s2 cop_0319_lp_s2 cop_0236_lp_s2 cop_0174_lp_s2 cop_0698_lp_s2 cop_0050_lp_s2 cop_0606_lp_s2 cop_0872_lp_s2 cop_0006_lp_s2 cop_0465_lp_s2 cop_0620_lp_s2 cop_0284_lp_s2 cop_0802_lp_s2 cop_0296_lp_s2 cop_0672_lp_s2 cop_0133_lp_s2 cop_0653_lp_s2 cop_0294_lp_s2 cop_0472_lp_s2 cop_0762_lp_s2 cop_0078_lp_s2 cop_0889_lp_s2 cop_0553_lp_s2 cop_0029_lp_s2 cop_0729_lp_s2 cop_0485_lp_s2 cop_0999_lp_s2 cop_0881_lp_s2 cop_0775_lp_s2 cop_0352_lp_s2 cop_0128_lp_s2 cop_0436_lp_s2 cop_0638_lp_s2 cop_0703_lp_s2 cop_0779_lp_s2 cop_0601_lp_s2 cop_0797_lp_s2 cop_0203_lp_s2 cop_0855_lp_s2 cop_0963_lp_s2 cop_0974_lp_s2 cop_0348_lp_s2 cop_0962_lp_s2 cop_0432_lp_s2 cop_0502_lp_s2 cop_0439_lp_s2 cop_0923_lp_s2 cop_0434_lp_s2 cop_0196_lp_s2 cop_0647_lp_s2 cop_0226_lp_s2 cop_0875_lp_s2 cop_0258_lp_s2 cop_0384_lp_s2 cop_0467_lp_s2 cop_0541_lp_s2 cop_0492_lp_s2 cop_0893_lp_s2 cop_0978_lp_s2 cop_0438_lp_s2 cop_0814_lp_s2 cop_0952_lp_s2 cop_0324_lp_s2 cop_0866_lp_s2 cop_0578_lp_s2 cop_0225_lp_s2 cop_0171_lp_s2 cop_0033_lp_s2 cop_0431_lp_s2 cop_0305_lp_s2 cop_0982_lp_s2 cop_0027_lp_s2 cop_0731_lp_s2 cop_0489_lp_s2 cop_0318_lp_s2 cop_0877_lp_s2 cop_0407_lp_s2 cop_0001_lp_s2 cop_0522_lp_s2 cop_0378_lp_s2 cop_0531_lp_s2 cop_0451_lp_s2 cop_0302_lp_s2 cop_0017_lp_s2 cop_0723_lp_s2 cop_0507_lp_s2 cop_0879_lp_s2 cop_0514_lp_s2 cop_0377_lp_s2 cop_0955_lp_s2 cop_0087_lp_s2 cop_0156_lp_s2 cop_0382_lp_s2 cop_0081_lp_s2 cop_0208_lp_s2 cop_0200_lp_s2 cop_0743_lp_s2 cop_0144_lp_s2 cop_0035_lp_s2 cop_0858_lp_s2 cop_0117_lp_s2 cop_0891_lp_s2 cop_0666_lp_s2 cop_0566_lp_s2 cop_0181_lp_s2 cop_0719_lp_s2 cop_0844_lp_s2 cop_0506_lp_s2 cop_0373_lp_s2 cop_0403_lp_s2 cop_0477_lp_s2 cop_0243_lp_s2 cop_0398_lp_s2 cop_0542_lp_s2 cop_0441_lp_s2 cop_0280_lp_s2 cop_0151_lp_s2 cop_0180_lp_s2 cop_1000_lp_s2 cop_0650_lp_s2 cop_0587_lp_s2 cop_0633_lp_s2 cop_0725_lp_s2 cop_0998_lp_s2 cop_0030_lp_s2 cop_0355_lp_s2 cop_0169_lp_s2 cop_0615_lp_s2 cop_0843_lp_s2 cop_0227_lp_s2 cop_0948_lp_s2 cop_0011_lp_s2 cop_0250_lp_s2 cop_0706_lp_s2 cop_0800_lp_s2 cop_0408_lp_s2 cop_0091_lp_s2 cop_0131_lp_s2 cop_0850_lp_s2 cop_0864_lp_s2 cop_0040_lp_s2 cop_0895_lp_s2 cop_0765_lp_s2 cop_0964_lp_s2 cop_0228_lp_s2 cop_0162_lp_s2 cop_0559_lp_s2 cop_0986_lp_s2 cop_0979_lp_s2 cop_0037_lp_s2 cop_0838_lp_s2 cop_0815_lp_s2 cop_0564_lp_s2 cop_0569_lp_s2 cop_0996_lp_s2 cop_0688_lp_s2 cop_0727_lp_s2 cop_0312_lp_s2 cop_0292_lp_s2 cop_0234_lp_s2 cop_0798_lp_s2 cop_0995_lp_s2 cop_0349_lp_s2 cop_0097_lp_s2 cop_0600_lp_s2 cop_0794_lp_s2 cop_0667_lp_s2 cop_0876_lp_s2 cop_0127_lp_s2 cop_0246_lp_s2 cop_0474_lp_s2 cop_0371_lp_s2 cop_0896_lp_s2 cop_0776_lp_s2 cop_0766_lp_s2 cop_0003_lp_s2 cop_0857_lp_s2 cop_0194_lp_s2 cop_0941_lp_s2 cop_0170_lp_s2 cop_0806_lp_s2 cop_0463_lp_s2 cop_0150_lp_s2 cop_0523_lp_s2 cop_0314_lp_s2 cop_0039_lp_s2 cop_0694_lp_s2 cop_0075_lp_s2 cop_0186_lp_s2 cop_0911_lp_s2 cop_0019_lp_s2 cop_0120_lp_s2 cop_0112_lp_s2 cop_0803_lp_s2 cop_0288_lp_s2 cop_0581_lp_s2 cop_0109_lp_s2 cop_0252_lp_s2 cop_0951_lp_s2 cop_0032_lp_s2 cop_0536_lp_s2 cop_0265_lp_s2 cop_0540_lp_s2 cop_0749_lp_s2 cop_0082_lp_s2 cop_0165_lp_s2 cop_0968_lp_s2 cop_0185_lp_s2 cop_0094_lp_s2 cop_0005_lp_s2 cop_0103_lp_s2 cop_0466_lp_s2 cop_0364_lp_s2 cop_0554_lp_s2 cop_0125_lp_s2 cop_0880_lp_s2 cop_0950_lp_s2 cop_0825_lp_s2 cop_0772_lp_s2 cop_0126_lp_s2 cop_0697_lp_s2 cop_0497_lp_s2 cop_0320_lp_s2 cop_0882_lp_s2 cop_0664_lp_s2 cop_0351_lp_s2 cop_0574_lp_s2 cop_0450_lp_s2 cop_0834_lp_s2 cop_0199_lp_s2 cop_0520_lp_s2 cop_0498_lp_s2 cop_0413_lp_s2 cop_0848_lp_s2 cop_0683_lp_s2 cop_0543_lp_s2 cop_0748_lp_s2 cop_0500_lp_s2 cop_0458_lp_s2 cop_0642_lp_s2 cop_0530_lp_s2 cop_0099_lp_s2 cop_0793_lp_s2 cop_0061_lp_s2 cop_0780_lp_s2 cop_0369_lp_s2 cop_0853_lp_s2 cop_0221_lp_s2 cop_0423_lp_s2 cop_0313_lp_s2 cop_0994_lp_s2 cop_0105_lp_s2 cop_0736_lp_s2 cop_0862_lp_s2 cop_0134_lp_s2 cop_0460_lp_s2 cop_0010_lp_s2 cop_0624_lp_s2 cop_0145_lp_s2 cop_0635_lp_s2 cop_0482_lp_s2 cop_0183_lp_s2 cop_0634_lp_s2 cop_0782_lp_s2 cop_0108_lp_s2 cop_0571_lp_s2 cop_0121_lp_s2 cop_0316_lp_s2 cop_0904_lp_s2 cop_0821_lp_s2 cop_0070_lp_s2 cop_0231_lp_s2 cop_0179_lp_s2 cop_0874_lp_s2 cop_0969_lp_s2 cop_0711_lp_s2 cop_0510_lp_s2 cop_0306_lp_s2 cop_0479_lp_s2 cop_0031_lp_s2 cop_0211_lp_s2 cop_0057_lp_s2 cop_0529_lp_s2 cop_0220_lp_s2 cop_0884_lp_s2 cop_0024_lp_s2 cop_0501_lp_s2 cop_0852_lp_s2 cop_0298_lp_s2 cop_0267_lp_s2 cop_0854_lp_s2 cop_0629_lp_s2 cop_0440_lp_s2 cop_0072_lp_s2 cop_0172_lp_s2 cop_0285_lp_s2 cop_0937_lp_s2 cop_0660_lp_s2 cop_0778_lp_s2 cop_0321_lp_s2 cop_0149_lp_s2 cop_0598_lp_s2 cop_0334_lp_s2 cop_0596_lp_s2 cop_0367_lp_s2 cop_0062_lp_s2 cop_0878_lp_s2 cop_0205_lp_s2 cop_0353_lp_s2 cop_0343_lp_s2 cop_0135_lp_s2 cop_0867_lp_s2 cop_0256_lp_s2 cop_0689_lp_s2 cop_0289_lp_s2 cop_0820_lp_s2 cop_0570_lp_s2 cop_0594_lp_s2 cop_0161_lp_s2 cop_0898_lp_s2 cop_0705_lp_s2 cop_0863_lp_s2 cop_0066_lp_s2 cop_0464_lp_s2 cop_0684_lp_s2 cop_0685_lp_s2 cop_0886_lp_s2 cop_0346_lp_s2 cop_0255_lp_s2 cop_0274_lp_s2 cop_0397_lp_s2 cop_0139_lp_s2 cop_0849_lp_s2 cop_0299_lp_s2 cop_0738_lp_s2 cop_0201_lp_s2 cop_0277_lp_s2 cop_0871_lp_s2 cop_0757_lp_s2 cop_0509_lp_s2 cop_0913_lp_s2 cop_0841_lp_s2 cop_0516_lp_s2 cop_0763_lp_s2 cop_0943_lp_s2 cop_0102_lp_s2 cop_0106_lp_s2 cop_0702_lp_s2 cop_0457_lp_s2 cop_0118_lp_s2 cop_0240_lp_s2 cop_0628_lp_s2 cop_0147_lp_s2 cop_0538_lp_s2 cop_0469_lp_s2 cop_0350_lp_s2 cop_0254_lp_s2 cop_0796_lp_s2 cop_0480_lp_s2 cop_0428_lp_s2 cop_0494_lp_s2 cop_0525_lp_s2 cop_0686_lp_s2 cop_0544_lp_s2 cop_0513_lp_s2 cop_0281_lp_s2 cop_0152_lp_s2 cop_0429_lp_s2 cop_0972_lp_s2 cop_0173_lp_s2 cop_0914_lp_s2 cop_0182_lp_s2 cop_0899_lp_s2 cop_0764_lp_s2 cop_0859_lp_s2 cop_0519_lp_s2 cop_0396_lp_s2 cop_0335_lp_s2 cop_0691_lp_s2 cop_0742_lp_s2 cop_0652_lp_s2 cop_0897_lp_s2 cop_0707_lp_s2 cop_0784_lp_s2 cop_0533_lp_s2 cop_0692_lp_s2 cop_0424_lp_s2 cop_0777_lp_s2 cop_0390_lp_s2 cop_0631_lp_s2 cop_0561_lp_s2 cop_0751_lp_s2 cop_0361_lp_s2 cop_0527_lp_s2 cop_0002_lp_s2 cop_0971_lp_s2 cop_0016_lp_s2 cop_0906_lp_s2 cop_0269_lp_s2 cop_0735_lp_s2 cop_0518_lp_s2 cop_0444_lp_s2 cop_0481_lp_s2 cop_0827_lp_s2 cop_0604_lp_s2 cop_0004_lp_s2 cop_0717_lp_s2 cop_0756_lp_s2 cop_0708_lp_s2 cop_0534_lp_s2 cop_0207_lp_s2 cop_0774_lp_s2 cop_0157_lp_s2 cop_0410_lp_s2 cop_0142_lp_s2 cop_0374_lp_s2 cop_0661_lp_s2 cop_0478_lp_s2 cop_0750_lp_s2 cop_0047_lp_s2 cop_0347_lp_s2 cop_0107_lp_s2 cop_0317_lp_s2 cop_0824_lp_s2 cop_0213_lp_s2 cop_0503_lp_s2 cop_0399_lp_s2 cop_0773_lp_s2 cop_0902_lp_s2 cop_0577_lp_s2 cop_0720_lp_s2 cop_0437_lp_s2 cop_0368_lp_s2 cop_0696_lp_s2 cop_0832_lp_s2 cop_0054_lp_s2 cop_0826_lp_s2 cop_0044_lp_s2 cop_0191_lp_s2 cop_0931_lp_s2 cop_0917_lp_s2 cop_0036_lp_s2 cop_0136_lp_s2 cop_0166_lp_s2 cop_0740_lp_s2 cop_0426_lp_s2 cop_0422_lp_s2 cop_0435_lp_s2 cop_0148_lp_s2 cop_0665_lp_s2 cop_0100_lp_s2 cop_0622_lp_s2 cop_0241_lp_s2 cop_0338_lp_s2 cop_0715_lp_s2 cop_0526_lp_s2 cop_0079_lp_s2 cop_0356_lp_s2 cop_0552_lp_s2 cop_0970_lp_s2 cop_0801_lp_s2 cop_0654_lp_s2 cop_0593_lp_s2
  set decided by an accepted test: no, every test rejected down to one model (last p = 0.001 against alpha = 0.050)
