MCS_TR against MCS_TMAX on out/abm_system_lp_irf_loss_s1.csv
1000 configurations, 1000 replicates each
shared: alpha = 0.050, 10000 resamples, block length 1, bootstrap variance, seed 123, stream 0

Both statistics are scored on the same resamples, drawn once and reused in every round.

statistic  set size  decided by an accepted test  deciding round  last p-value  seconds
MCS_TR            1                           no               0        0.0000      4.9
MCS_TMAX          1                           no               0        0.0000      7.0

sets
  in both sets 1, only in MCS_TR's 0, only in MCS_TMAX's 0
  largest difference between the two MCS p-values of one configuration 0.0000

elimination rounds, the configuration left at the end counted as round 1000
  Spearman rank correlation between the two orders 0.9660
  absolute difference in round: median 30, 90th percentile 133, largest 351

the 10 configurations MCS_TR eliminated last, with where MCS_TMAX put them
  configuration  mean loss  MCS_TR round  MCS_TR p  MCS_TMAX round  MCS_TMAX p
  cop_0191_lp_s1  1.30569  1000  1.0000  1000  1.0000
  cop_0717_lp_s1  1.34081  999  0.0000  999  0.0000
  cop_0410_lp_s1  1.35683  998  0.0000  998  0.0000
  cop_0148_lp_s1  1.39060  997  0.0000  997  0.0000
  cop_0437_lp_s1  1.39584  996  0.0000  996  0.0000
  cop_0931_lp_s1  1.42030  995  0.0000  995  0.0000
  cop_0519_lp_s1  1.41725  994  0.0000  994  0.0000
  cop_0917_lp_s1  1.42788  993  0.0000  993  0.0000
  cop_0356_lp_s1  1.42753  992  0.0000  992  0.0000
  cop_0702_lp_s1  1.42861  991  0.0000  991  0.0000


  sample    1000 observations, 1000 models
  statistic TR, every pairwise contrast
  test      alpha = 0.050, 10000 moving-block resamples of 1 observations
  variance  bootstrap variance of the resampled mean
  stream    seed 123, stream 0

MCS over state-dependent local projection impulse-response MAE, state 1 (lags times 1 - F), MCS_TR statistic
  model             mean loss      MCS p  round  in set
  cop_0001_lp_s1      2.52453      0.000    485  
  cop_0002_lp_s1      2.38429      0.000    710  
  cop_0003_lp_s1      2.55463      0.000    704  
  cop_0004_lp_s1      1.71256      0.000    915  
  cop_0005_lp_s1      1.96500      0.000    731  
  cop_0006_lp_s1      2.14702      0.000    737  
  cop_0007_lp_s1      3.20529      0.000    572  
  cop_0008_lp_s1      2.36914      0.000    705  
  cop_0009_lp_s1     19.77526      0.000     13  
  cop_0010_lp_s1      2.88561      0.000    648  
  cop_0011_lp_s1      1.73971      0.000    893  
  cop_0012_lp_s1      7.62958      0.000    214  
  cop_0013_lp_s1      8.12686      0.000     43  
  cop_0014_lp_s1      3.61891      0.000    288  
  cop_0015_lp_s1      4.26624      0.000    218  
  cop_0016_lp_s1      1.90280      0.000    850  
  cop_0017_lp_s1      2.69223      0.000    630  
  cop_0018_lp_s1      4.32514      0.000    148  
  cop_0019_lp_s1      2.64902      0.000    643  
  cop_0020_lp_s1      6.56456      0.000    191  
  cop_0021_lp_s1      5.52077      0.000    470  
  cop_0022_lp_s1      2.48403      0.000    573  
  cop_0023_lp_s1      2.67333      0.000    455  
  cop_0024_lp_s1      1.95312      0.000    848  
  cop_0025_lp_s1      6.68819      0.000    132  
  cop_0026_lp_s1      5.28758      0.000    327  
  cop_0027_lp_s1      2.41055      0.000    707  
  cop_0028_lp_s1      3.67525      0.000    472  
  cop_0029_lp_s1      4.96909      0.000    362  
  cop_0030_lp_s1      1.76132      0.000    885  
  cop_0031_lp_s1      1.53920      0.000    968  
  cop_0032_lp_s1      1.84320      0.000    866  
  cop_0033_lp_s1      3.68851      0.000    432  
  cop_0034_lp_s1      5.29297      0.000    391  
  cop_0035_lp_s1      2.47122      0.000    669  
  cop_0036_lp_s1      1.68146      0.000    898  
  cop_0037_lp_s1      1.94114      0.000    821  
  cop_0038_lp_s1      7.91112      0.000    258  
  cop_0039_lp_s1      2.60610      0.000    608  
  cop_0040_lp_s1      2.18361      0.000    740  
  cop_0041_lp_s1      4.69534      0.000    241  
  cop_0042_lp_s1      3.41467      0.000    382  
  cop_0043_lp_s1      8.74753      0.000     42  
  cop_0044_lp_s1      1.55342      0.000    976  
  cop_0045_lp_s1      3.23799      0.000    632  
  cop_0046_lp_s1     12.01174      0.000     26  
  cop_0047_lp_s1      1.54456      0.000    969  
  cop_0048_lp_s1     18.10686      0.000     41  
  cop_0049_lp_s1     28.73735      0.000     68  
  cop_0050_lp_s1      1.86366      0.000    858  
  cop_0051_lp_s1      8.95640      0.000    102  
  cop_0052_lp_s1     12.04668      0.000    249  
  cop_0053_lp_s1      2.93236      0.000    401  
  cop_0054_lp_s1      1.58676      0.000    967  
  cop_0055_lp_s1      7.20540      0.000    158  
  cop_0056_lp_s1     15.05276      0.000     20  
  cop_0057_lp_s1      1.72886      0.000    923  
  cop_0058_lp_s1     25.75702      0.000    114  
  cop_0059_lp_s1      6.00912      0.000     93  
  cop_0060_lp_s1      3.21906      0.000    379  
  cop_0061_lp_s1      2.01032      0.000    819  
  cop_0062_lp_s1      2.45783      0.000    716  
  cop_0063_lp_s1      7.09953      0.000    196  
  cop_0064_lp_s1      6.17704      0.000     31  
  cop_0065_lp_s1      7.58240      0.000     81  
  cop_0066_lp_s1      1.84941      0.000    863  
  cop_0067_lp_s1      2.48476      0.000    638  
  cop_0068_lp_s1      2.19677      0.000    650  
  cop_0069_lp_s1      2.54254      0.000    574  
  cop_0070_lp_s1      1.75133      0.000    897  
  cop_0071_lp_s1      3.22411      0.000    220  
  cop_0072_lp_s1      2.02190      0.000    786  
  cop_0073_lp_s1      3.05558      0.000    542  
  cop_0074_lp_s1      5.08209      0.000    287  
  cop_0075_lp_s1      3.17122      0.000    464  
  cop_0076_lp_s1      2.40870      0.000    588  
  cop_0077_lp_s1      3.96563      0.000    159  
  cop_0078_lp_s1      2.21481      0.000    621  
  cop_0079_lp_s1      1.60285      0.000    960  
  cop_0080_lp_s1     17.40809      0.000     70  
  cop_0081_lp_s1      2.70307      0.000    625  
  cop_0082_lp_s1      2.20521      0.000    702  
  cop_0083_lp_s1      3.13375      0.000    396  
  cop_0084_lp_s1      5.47481      0.000    309  
  cop_0085_lp_s1      7.17094      0.000     38  
  cop_0086_lp_s1     78.40385      0.000    155  
  cop_0087_lp_s1      1.86699      0.000    815  
  cop_0088_lp_s1     11.19991      0.000     23  
  cop_0089_lp_s1     16.08093      0.000    491  
  cop_0090_lp_s1      3.70277      0.000    255  
  cop_0091_lp_s1      2.14088      0.000    770  
  cop_0092_lp_s1      4.22264      0.000    236  
  cop_0093_lp_s1      7.06578      0.000     85  
  cop_0094_lp_s1      1.85406      0.000    860  
  cop_0095_lp_s1     21.16660      0.000    172  
  cop_0096_lp_s1     14.54173      0.000    178  
  cop_0097_lp_s1      1.91905      0.000    798  
  cop_0098_lp_s1      4.88224      0.000     69  
  cop_0099_lp_s1      2.39164      0.000    657  
  cop_0100_lp_s1      1.69126      0.000    929  
  cop_0101_lp_s1      2.68917      0.000    373  
  cop_0102_lp_s1      1.59179      0.000    951  
  cop_0103_lp_s1      1.89587      0.000    783  
  cop_0104_lp_s1      6.81151      0.000    244  
  cop_0105_lp_s1      2.41450      0.000    502  
  cop_0106_lp_s1      1.55477      0.000    961  
  cop_0107_lp_s1      1.74911      0.000    905  
  cop_0108_lp_s1      2.72235      0.000    679  
  cop_0109_lp_s1      2.45992      0.000    670  
  cop_0110_lp_s1      3.38049      0.000    468  
  cop_0111_lp_s1      4.36341      0.000     94  
  cop_0112_lp_s1      1.83425      0.000    855  
  cop_0113_lp_s1      3.47250      0.000    548  
  cop_0114_lp_s1     15.31735      0.000    295  
  cop_0115_lp_s1      8.78704      0.000     97  
  cop_0116_lp_s1      3.33672      0.000    454  
  cop_0117_lp_s1      1.67549      0.000    918  
  cop_0118_lp_s1      1.86330      0.000    861  
  cop_0119_lp_s1     20.85037      0.000    163  
  cop_0120_lp_s1      1.90909      0.000    791  
  cop_0121_lp_s1      1.74207      0.000    894  
  cop_0122_lp_s1      5.75715      0.000    253  
  cop_0123_lp_s1      6.48134      0.000    183  
  cop_0124_lp_s1      2.87898      0.000    462  
  cop_0125_lp_s1      2.32985      0.000    691  
  cop_0126_lp_s1      2.11448      0.000    755  
  cop_0127_lp_s1      2.39382      0.000    641  
  cop_0128_lp_s1      2.90492      0.000    516  
  cop_0129_lp_s1      5.35347      0.000    437  
  cop_0130_lp_s1     16.07687      0.000    150  
  cop_0131_lp_s1      2.95731      0.000    518  
  cop_0132_lp_s1      5.58071      0.000    203  
  cop_0133_lp_s1      2.56066      0.000    489  
  cop_0134_lp_s1      1.76968      0.000    849  
  cop_0135_lp_s1      2.20973      0.000    760  
  cop_0136_lp_s1      1.64269      0.000    944  
  cop_0137_lp_s1      4.21577      0.000    390  
  cop_0138_lp_s1      8.39679      0.000    154  
  cop_0139_lp_s1      1.56528      0.000    950  
  cop_0140_lp_s1     28.19847      0.000      3  
  cop_0141_lp_s1      3.01006      0.000    458  
  cop_0142_lp_s1      1.46596      0.000    988  
  cop_0143_lp_s1      4.79848      0.000     87  
  cop_0144_lp_s1      2.82855      0.000    508  
  cop_0145_lp_s1      1.72728      0.000    922  
  cop_0146_lp_s1      3.91230      0.000    341  
  cop_0147_lp_s1      1.95999      0.000    844  
  cop_0148_lp_s1      1.39060      0.000    997  
  cop_0149_lp_s1      2.70465      0.000    714  
  cop_0150_lp_s1      2.04665      0.000    701  
  cop_0151_lp_s1      2.91801      0.000    617  
  cop_0152_lp_s1      2.02375      0.000    807  
  cop_0153_lp_s1      5.97200      0.000    313  
  cop_0154_lp_s1     18.32876      0.000    177  
  cop_0155_lp_s1      4.05847      0.000    231  
  cop_0156_lp_s1      1.79414      0.000    877  
  cop_0157_lp_s1      1.70036      0.000    930  
  cop_0158_lp_s1     12.12866      0.000    324  
  cop_0159_lp_s1      6.31886      0.000    217  
  cop_0160_lp_s1      7.80233      0.000    128  
  cop_0161_lp_s1      2.14382      0.000    753  
  cop_0162_lp_s1      2.20372      0.000    711  
  cop_0163_lp_s1      4.89200      0.000    359  
  cop_0164_lp_s1      7.22447      0.000    209  
  cop_0165_lp_s1      1.82984      0.000    878  
  cop_0166_lp_s1      1.57421      0.000    966  
  cop_0167_lp_s1     10.68254      0.000     95  
  cop_0168_lp_s1      9.42966      0.000     63  
  cop_0169_lp_s1      1.91510      0.000    809  
  cop_0170_lp_s1      2.75698      0.000    634  
  cop_0171_lp_s1      2.02285      0.000    801  
  cop_0172_lp_s1      1.72086      0.000    920  
  cop_0173_lp_s1      2.14174      0.000    758  
  cop_0174_lp_s1      3.01977      0.000    499  
  cop_0175_lp_s1      5.48239      0.000     64  
  cop_0176_lp_s1      2.74511      0.000    381  
  cop_0177_lp_s1      3.21262      0.000    363  
  cop_0178_lp_s1      6.28449      0.000    230  
  cop_0179_lp_s1      2.47494      0.000    693  
  cop_0180_lp_s1      2.64056      0.000    642  
  cop_0181_lp_s1      3.09841      0.000    496  
  cop_0182_lp_s1      2.15302      0.000    762  
  cop_0183_lp_s1      1.80963      0.000    880  
  cop_0184_lp_s1     14.53339      0.000     54  
  cop_0185_lp_s1      2.12704      0.000    667  
  cop_0186_lp_s1      1.79379      0.000    854  
  cop_0187_lp_s1      2.23829      0.000    699  
  cop_0188_lp_s1      5.66126      0.000    157  
  cop_0189_lp_s1      2.98268      0.000    181  
  cop_0190_lp_s1      4.39758      0.000    330  
  cop_0191_lp_s1      1.30569      1.000      -  yes
  cop_0192_lp_s1      3.61919      0.000    201  
  cop_0193_lp_s1      2.93714      0.000    461  
  cop_0194_lp_s1      2.16658      0.000    742  
  cop_0195_lp_s1      3.19629      0.000    561  
  cop_0196_lp_s1      2.70888      0.000    652  
  cop_0197_lp_s1      4.08984      0.000    353  
  cop_0198_lp_s1      3.86548      0.000    298  
  cop_0199_lp_s1      2.56035      0.000    532  
  cop_0200_lp_s1      2.55023      0.000    623  
  cop_0201_lp_s1      2.08229      0.000    777  
  cop_0202_lp_s1     14.46071      0.000    346  
  cop_0203_lp_s1      3.12114      0.000    251  
  cop_0204_lp_s1      2.88580      0.000    581  
  cop_0205_lp_s1      1.51229      0.000    983  
  cop_0206_lp_s1     10.81798      0.000     59  
  cop_0207_lp_s1      2.01380      0.000    812  
  cop_0208_lp_s1      3.88551      0.000    402  
  cop_0209_lp_s1      4.46789      0.000    135  
  cop_0210_lp_s1      3.47642      0.000    293  
  cop_0211_lp_s1      1.55043      0.000    955  
  cop_0212_lp_s1     16.17238      0.000     49  
  cop_0213_lp_s1      1.72438      0.000    921  
  cop_0214_lp_s1     57.74998      0.000    185  
  cop_0215_lp_s1      4.14188      0.000    152  
  cop_0216_lp_s1      4.53790      0.000    212  
  cop_0217_lp_s1      5.62458      0.000    376  
  cop_0218_lp_s1      2.94947      0.000    622  
  cop_0219_lp_s1    212.27349      0.000      1  
  cop_0220_lp_s1      2.06374      0.000    793  
  cop_0221_lp_s1      2.96994      0.000    620  
  cop_0222_lp_s1      3.64001      0.000    425  
  cop_0223_lp_s1      5.30916      0.000    104  
  cop_0224_lp_s1      3.50244      0.000    463  
  cop_0225_lp_s1      2.68341      0.000    407  
  cop_0226_lp_s1      1.79625      0.000    886  
  cop_0227_lp_s1      2.68648      0.000    544  
  cop_0228_lp_s1      1.95566      0.000    774  
  cop_0229_lp_s1     10.48397      0.000    146  
  cop_0230_lp_s1    163.82550      0.000    213  
  cop_0231_lp_s1      1.62429      0.000    949  
  cop_0232_lp_s1      2.29417      0.000    626  
  cop_0233_lp_s1      3.76297      0.000    219  
  cop_0234_lp_s1      3.08116      0.000    524  
  cop_0235_lp_s1      4.59713      0.000    320  
  cop_0236_lp_s1      2.06044      0.000    741  
  cop_0237_lp_s1      2.60926      0.000    448  
  cop_0238_lp_s1      4.20103      0.000    332  
  cop_0239_lp_s1      2.20483      0.000    668  
  cop_0240_lp_s1      1.76994      0.000    891  
  cop_0241_lp_s1      1.49398      0.000    984  
  cop_0242_lp_s1      4.40450      0.000    189  
  cop_0243_lp_s1      2.20655      0.000    655  
  cop_0244_lp_s1      7.87993      0.000    186  
  cop_0245_lp_s1      8.78908      0.000     89  
  cop_0246_lp_s1      3.19108      0.000    553  
  cop_0247_lp_s1      3.12137      0.000    555  
  cop_0248_lp_s1      3.07849      0.000    429  
  cop_0249_lp_s1      2.18443      0.000    645  
  cop_0250_lp_s1      2.62063      0.000    664  
  cop_0251_lp_s1      5.40577      0.000    233  
  cop_0252_lp_s1      2.60090      0.000    601  
  cop_0253_lp_s1     22.45032      0.000    118  
  cop_0254_lp_s1      1.90624      0.000    820  
  cop_0255_lp_s1      1.92015      0.000    800  
  cop_0256_lp_s1      1.86924      0.000    871  
  cop_0257_lp_s1     41.18467      0.000     62  
  cop_0258_lp_s1      2.87667      0.000    570  
  cop_0259_lp_s1      3.94977      0.000    312  
  cop_0260_lp_s1      3.68857      0.000    395  
  cop_0261_lp_s1      3.81954      0.000    120  
  cop_0262_lp_s1     20.41818      0.000     55  
  cop_0263_lp_s1     11.15049      0.000     22  
  cop_0264_lp_s1      3.08943      0.000    478  
  cop_0265_lp_s1      2.25697      0.000    722  
  cop_0266_lp_s1      8.26461      0.000    460  
  cop_0267_lp_s1      2.15627      0.000    766  
  cop_0268_lp_s1      2.67974      0.000    607  
  cop_0269_lp_s1      1.56802      0.000    963  
  cop_0270_lp_s1      6.15824      0.000    131  
  cop_0271_lp_s1      5.39214      0.000    130  
  cop_0272_lp_s1      3.22259      0.000    351  
  cop_0273_lp_s1      3.99303      0.000    101  
  cop_0274_lp_s1      1.91795      0.000    830  
  cop_0275_lp_s1      5.85591      0.000     80  
  cop_0276_lp_s1      6.90636      0.000    160  
  cop_0277_lp_s1      2.28907      0.000    746  
  cop_0278_lp_s1      5.54444      0.000    317  
  cop_0279_lp_s1      5.29112      0.000    278  
  cop_0280_lp_s1      2.91799      0.000    522  
  cop_0281_lp_s1      1.62824      0.000    945  
  cop_0282_lp_s1      2.43781      0.000    584  
  cop_0283_lp_s1      4.62515      0.000    257  
  cop_0284_lp_s1      2.86063      0.000    571  
  cop_0285_lp_s1      1.56663      0.000    977  
  cop_0286_lp_s1      5.10487      0.000    318  
  cop_0287_lp_s1      9.16843      0.000    193  
  cop_0288_lp_s1      2.27349      0.000    713  
  cop_0289_lp_s1      2.65044      0.000    594  
  cop_0290_lp_s1      5.95909      0.000    283  
  cop_0291_lp_s1      6.10014      0.000    280  
  cop_0292_lp_s1      2.85087      0.000    599  
  cop_0293_lp_s1      2.62196      0.000    374  
  cop_0294_lp_s1      2.81999      0.000    345  
  cop_0295_lp_s1      4.63345      0.000    397  
  cop_0296_lp_s1      3.48547      0.000    366  
  cop_0297_lp_s1     32.04231      0.000     14  
  cop_0298_lp_s1      1.53518      0.000    970  
  cop_0299_lp_s1      1.80845      0.000    888  
  cop_0300_lp_s1     11.01524      0.000    116  
  cop_0301_lp_s1      3.81984      0.000    418  
  cop_0302_lp_s1      2.17069      0.000    688  
  cop_0303_lp_s1      4.42856      0.000     57  
  cop_0304_lp_s1      5.75944      0.000     99  
  cop_0305_lp_s1      4.47545      0.000    517  
  cop_0306_lp_s1      2.14244      0.000    745  
  cop_0307_lp_s1      3.77329      0.000    119  
  cop_0308_lp_s1     28.33849      0.000    115  
  cop_0309_lp_s1      3.31137      0.000    481  
  cop_0310_lp_s1      2.75283      0.000    600  
  cop_0311_lp_s1      4.99379      0.000    247  
  cop_0312_lp_s1      2.02203      0.000    803  
  cop_0313_lp_s1      2.98846      0.000    598  
  cop_0314_lp_s1      2.82561      0.000    497  
  cop_0315_lp_s1      4.49158      0.000    117  
  cop_0316_lp_s1      2.43345      0.000    696  
  cop_0317_lp_s1      1.68962      0.000    934  
  cop_0318_lp_s1      3.15170      0.000    585  
  cop_0319_lp_s1      3.06767      0.000    493  
  cop_0320_lp_s1      1.87287      0.000    817  
  cop_0321_lp_s1      1.86139      0.000    828  
  cop_0322_lp_s1      4.65468      0.000    409  
  cop_0323_lp_s1     93.27136      0.000     72  
  cop_0324_lp_s1      4.22591      0.000    473  
  cop_0325_lp_s1     12.81107      0.000    165  
  cop_0326_lp_s1      7.62061      0.000    221  
  cop_0327_lp_s1     15.59297      0.000     47  
  cop_0328_lp_s1      5.10963      0.000    171  
  cop_0329_lp_s1     39.14582      0.000     33  
  cop_0330_lp_s1      3.96469      0.000    414  
  cop_0331_lp_s1      3.49399      0.000    475  
  cop_0332_lp_s1      8.44833      0.000     82  
  cop_0333_lp_s1     10.43392      0.000    266  
  cop_0334_lp_s1      2.27136      0.000    706  
  cop_0335_lp_s1      1.71174      0.000    911  
  cop_0336_lp_s1      3.55417      0.000    354  
  cop_0337_lp_s1      1.99115      0.000    772  
  cop_0338_lp_s1      1.82843      0.000    876  
  cop_0339_lp_s1      3.03174      0.000    488  
  cop_0340_lp_s1      4.24289      0.000    388  
  cop_0341_lp_s1      4.06166      0.000    405  
  cop_0342_lp_s1      4.88267      0.000    344  
  cop_0343_lp_s1      1.74348      0.000    901  
  cop_0344_lp_s1      4.65530      0.000    441  
  cop_0345_lp_s1      3.48059      0.000    408  
  cop_0346_lp_s1      1.97992      0.000    779  
  cop_0347_lp_s1      1.48693      0.000    986  
  cop_0348_lp_s1      1.73448      0.000    895  
  cop_0349_lp_s1      1.78998      0.000    865  
  cop_0350_lp_s1      1.94167      0.000    794  
  cop_0351_lp_s1      1.64811      0.000    948  
  cop_0352_lp_s1      2.98111      0.000    562  
  cop_0353_lp_s1      1.93220      0.000    824  
  cop_0354_lp_s1      7.94657      0.000    252  
  cop_0355_lp_s1      2.39863      0.000    589  
  cop_0356_lp_s1      1.42753      0.000    992  
  cop_0357_lp_s1      3.94702      0.000    215  
  cop_0358_lp_s1      3.87635      0.000    440  
  cop_0359_lp_s1      7.24053      0.000    110  
  cop_0360_lp_s1      4.51038      0.000    364  
  cop_0361_lp_s1      1.79737      0.000    875  
  cop_0362_lp_s1     21.53980      0.000    170  
  cop_0363_lp_s1      3.23901      0.000    326  
  cop_0364_lp_s1      1.98959      0.000    825  
  cop_0365_lp_s1      7.40215      0.000    286  
  cop_0366_lp_s1     11.48937      0.000    182  
  cop_0367_lp_s1      1.68744      0.000    928  
  cop_0368_lp_s1      1.90629      0.000    843  
  cop_0369_lp_s1      1.75266      0.000    890  
  cop_0370_lp_s1      5.23022      0.000    166  
  cop_0371_lp_s1      3.11363      0.000    519  
  cop_0372_lp_s1      4.12414      0.000    349  
  cop_0373_lp_s1      2.69632      0.000    662  
  cop_0374_lp_s1      1.66594      0.000    936  
  cop_0375_lp_s1     23.82889      0.000     56  
  cop_0376_lp_s1      4.91693      0.000    372  
  cop_0377_lp_s1      2.00329      0.000    789  
  cop_0378_lp_s1      2.32961      0.000    646  
  cop_0379_lp_s1      7.92802      0.000     53  
  cop_0380_lp_s1      6.87086      0.000    250  
  cop_0381_lp_s1     18.46696      0.000    141  
  cop_0382_lp_s1      2.30165      0.000    595  
  cop_0383_lp_s1      3.83194      0.000    452  
  cop_0384_lp_s1      3.96005      0.000    521  
  cop_0385_lp_s1      4.23538      0.000    129  
  cop_0386_lp_s1      3.00819      0.000    575  
  cop_0387_lp_s1      9.66993      0.000     45  
  cop_0388_lp_s1     20.58895      0.000     12  
  cop_0389_lp_s1     34.53306      0.000     11  
  cop_0390_lp_s1      1.78110      0.000    870  
  cop_0391_lp_s1     16.61323      0.000     44  
  cop_0392_lp_s1      3.48043      0.000    269  
  cop_0393_lp_s1      9.87859      0.000    113  
  cop_0394_lp_s1      5.26347      0.000     84  
  cop_0395_lp_s1      3.06526      0.000    509  
  cop_0396_lp_s1      1.78819      0.000    881  
  cop_0397_lp_s1      1.58566      0.000    954  
  cop_0398_lp_s1      4.15676      0.000    582  
  cop_0399_lp_s1      1.68947      0.000    924  
  cop_0400_lp_s1      2.57666      0.000    568  
  cop_0401_lp_s1      3.30867      0.000    457  
  cop_0402_lp_s1      5.77236      0.000     75  
  cop_0403_lp_s1      2.47964      0.000    579  
  cop_0404_lp_s1      5.35001      0.000    303  
  cop_0405_lp_s1      6.30910      0.000    378  
  cop_0406_lp_s1      4.38290      0.000    242  
  cop_0407_lp_s1      3.19018      0.000    504  
  cop_0408_lp_s1      2.35066      0.000    690  
  cop_0409_lp_s1      4.09147      0.000    410  
  cop_0410_lp_s1      1.35683      0.000    998  
  cop_0411_lp_s1    243.41754      0.000      8  
  cop_0412_lp_s1     11.21426      0.000      9  
  cop_0413_lp_s1      1.70180      0.000    912  
  cop_0414_lp_s1      7.91936      0.000    111  
  cop_0415_lp_s1      5.21286      0.000    254  
  cop_0416_lp_s1      3.61304      0.000    261  
  cop_0417_lp_s1      2.92904      0.000    275  
  cop_0418_lp_s1      5.59797      0.000    340  
  cop_0419_lp_s1      7.29835      0.000    368  
  cop_0420_lp_s1      4.64111      0.000    321  
  cop_0421_lp_s1      3.34426      0.000    431  
  cop_0422_lp_s1      1.78494      0.000    882  
  cop_0423_lp_s1      1.69606      0.000    907  
  cop_0424_lp_s1      1.68603      0.000    937  
  cop_0425_lp_s1     11.76907      0.000     46  
  cop_0426_lp_s1      1.56801      0.000    964  
  cop_0427_lp_s1      5.49309      0.000    156  
  cop_0428_lp_s1      1.84824      0.000    846  
  cop_0429_lp_s1      1.53992      0.000    974  
  cop_0430_lp_s1      2.94894      0.000    206  
  cop_0431_lp_s1      2.11982      0.000    661  
  cop_0432_lp_s1      2.67265      0.000    603  
  cop_0433_lp_s1      3.22234      0.000    263  
  cop_0434_lp_s1      4.38627      0.000    531  
  cop_0435_lp_s1      1.79677      0.000    872  
  cop_0436_lp_s1      2.21280      0.000    756  
  cop_0437_lp_s1      1.39584      0.000    996  
  cop_0438_lp_s1      2.90409      0.000    296  
  cop_0439_lp_s1      2.34818      0.000    697  
  cop_0440_lp_s1      1.82997      0.000    826  
  cop_0441_lp_s1      2.84504      0.000    540  
  cop_0442_lp_s1      2.52603      0.000    526  
  cop_0443_lp_s1      2.21157      0.000    678  
  cop_0444_lp_s1      1.69163      0.000    913  
  cop_0445_lp_s1      2.83946      0.000    442  
  cop_0446_lp_s1     44.24384      0.000      6  
  cop_0447_lp_s1      3.21725      0.000    394  
  cop_0448_lp_s1      3.34760      0.000    331  
  cop_0449_lp_s1      5.68512      0.000     51  
  cop_0450_lp_s1      1.82445      0.000    829  
  cop_0451_lp_s1      3.17067      0.000    587  
  cop_0452_lp_s1      3.49443      0.000    466  
  cop_0453_lp_s1      2.37619      0.000    686  
  cop_0454_lp_s1      5.52361      0.000     32  
  cop_0455_lp_s1      6.69459      0.000    428  
  cop_0456_lp_s1      5.40301      0.000    322  
  cop_0457_lp_s1      1.67868      0.000    938  
  cop_0458_lp_s1      2.04939      0.000    802  
  cop_0459_lp_s1      1.99503      0.000    759  
  cop_0460_lp_s1      1.84308      0.000    856  
  cop_0461_lp_s1      7.88974      0.000      4  
  cop_0462_lp_s1      2.93075      0.000    449  
  cop_0463_lp_s1      3.06436      0.000    547  
  cop_0464_lp_s1      2.20143      0.000    751  
  cop_0465_lp_s1      2.19631      0.000    738  
  cop_0466_lp_s1      1.67982      0.000    909  
  cop_0467_lp_s1      2.23609      0.000    619  
  cop_0468_lp_s1      4.19028      0.000    139  
  cop_0469_lp_s1      1.99217      0.000    823  
  cop_0470_lp_s1      3.27449      0.000    334  
  cop_0471_lp_s1      3.30309      0.000    450  
  cop_0472_lp_s1      3.87077      0.000    529  
  cop_0473_lp_s1      3.03521      0.000    413  
  cop_0474_lp_s1      2.49052      0.000    663  
  cop_0475_lp_s1      4.78473      0.000    265  
  cop_0476_lp_s1      2.46148      0.000    610  
  cop_0477_lp_s1      1.89130      0.000    832  
  cop_0478_lp_s1      1.57950      0.000    956  
  cop_0479_lp_s1      2.06426      0.000    810  
  cop_0480_lp_s1      1.80269      0.000    879  
  cop_0481_lp_s1      1.90226      0.000    851  
  cop_0482_lp_s1      2.23854      0.000    720  
  cop_0483_lp_s1      3.07230      0.000    279  
  cop_0484_lp_s1      5.08687      0.000    145  
  cop_0485_lp_s1      3.96683      0.000    550  
  cop_0486_lp_s1     11.81429      0.000    300  
  cop_0487_lp_s1      7.44502      0.000    240  
  cop_0488_lp_s1      6.76377      0.000    204  
  cop_0489_lp_s1      2.40623      0.000    635  
  cop_0490_lp_s1      5.16999      0.000    400  
  cop_0491_lp_s1      7.76324      0.000    190  
  cop_0492_lp_s1      3.86778      0.000    459  
  cop_0493_lp_s1      3.35620      0.000    483  
  cop_0494_lp_s1      1.89807      0.000    862  
  cop_0495_lp_s1      3.28937      0.000    486  
  cop_0496_lp_s1      5.25442      0.000    245  
  cop_0497_lp_s1      2.57200      0.000    675  
  cop_0498_lp_s1      2.27175      0.000    680  
  cop_0499_lp_s1      4.02961      0.000    175  
  cop_0500_lp_s1      1.95332      0.000    845  
  cop_0501_lp_s1      2.04782      0.000    750  
  cop_0502_lp_s1      2.18322      0.000    736  
  cop_0503_lp_s1      1.86419      0.000    859  
  cop_0504_lp_s1      3.24001      0.000    310  
  cop_0505_lp_s1      3.28316      0.000    224  
  cop_0506_lp_s1      3.23795      0.000    530  
  cop_0507_lp_s1      3.15631      0.000    567  
  cop_0508_lp_s1      6.12985      0.000    222  
  cop_0509_lp_s1      1.97751      0.000    808  
  cop_0510_lp_s1      1.52083      0.000    978  
  cop_0511_lp_s1     20.70529      0.000    290  
  cop_0512_lp_s1      2.57616      0.000    564  
  cop_0513_lp_s1      2.18300      0.000    780  
  cop_0514_lp_s1      2.00289      0.000    795  
  cop_0515_lp_s1      3.25315      0.000    238  
  cop_0516_lp_s1      1.95112      0.000    822  
  cop_0517_lp_s1      6.21884      0.000    192  
  cop_0518_lp_s1      2.27724      0.000    724  
  cop_0519_lp_s1      1.41725      0.000    994  
  cop_0520_lp_s1      2.14431      0.000    773  
  cop_0521_lp_s1      4.56168      0.000    385  
  cop_0522_lp_s1      3.78310      0.000    167  
  cop_0523_lp_s1      1.81591      0.000    840  
  cop_0524_lp_s1      2.84315      0.000    602  
  cop_0525_lp_s1      1.81791      0.000    837  
  cop_0526_lp_s1      1.56844      0.000    962  
  cop_0527_lp_s1      1.68005      0.000    916  
  cop_0528_lp_s1      7.27592      0.000     83  
  cop_0529_lp_s1      2.13548      0.000    709  
  cop_0530_lp_s1      3.26062      0.000    427  
  cop_0531_lp_s1      2.30502      0.000    708  
  cop_0532_lp_s1      7.74221      0.000    276  
  cop_0533_lp_s1      1.58421      0.000    958  
  cop_0534_lp_s1      1.47576      0.000    987  
  cop_0535_lp_s1     10.05062      0.000    304  
  cop_0536_lp_s1      2.08963      0.000    729  
  cop_0537_lp_s1      3.88028      0.000    371  
  cop_0538_lp_s1      1.49801      0.000    982  
  cop_0539_lp_s1      4.33381      0.000    297  
  cop_0540_lp_s1      2.13232      0.000    730  
  cop_0541_lp_s1      2.68261      0.000    647  
  cop_0542_lp_s1      2.04659      0.000    727  
  cop_0543_lp_s1      2.89602      0.000    615  
  cop_0544_lp_s1      2.20148      0.000    776  
  cop_0545_lp_s1      2.90247      0.000    421  
  cop_0546_lp_s1      3.28551      0.000    243  
  cop_0547_lp_s1      3.04857      0.000    513  
  cop_0548_lp_s1     12.66527      0.000    112  
  cop_0549_lp_s1     78.04721      0.000     34  
  cop_0550_lp_s1      7.34280      0.000    184  
  cop_0551_lp_s1      5.36525      0.000    123  
  cop_0552_lp_s1      1.70128      0.000    935  
  cop_0553_lp_s1      2.01179      0.000    761  
  cop_0554_lp_s1      1.59238      0.000    940  
  cop_0555_lp_s1      2.19912      0.000    672  
  cop_0556_lp_s1      2.81700      0.000    282  
  cop_0557_lp_s1      4.71605      0.000    557  
  cop_0558_lp_s1     10.75555      0.000    260  
  cop_0559_lp_s1      3.86608      0.000    291  
  cop_0560_lp_s1      5.67625      0.000    270  
  cop_0561_lp_s1      2.25189      0.000    778  
  cop_0562_lp_s1     39.81138      0.000    100  
  cop_0563_lp_s1      4.63689      0.000    259  
  cop_0564_lp_s1      2.65334      0.000    606  
  cop_0565_lp_s1      3.52114      0.000    299  
  cop_0566_lp_s1      2.17057      0.000    715  
  cop_0567_lp_s1      7.54327      0.000    246  
  cop_0568_lp_s1      2.95540      0.000    435  
  cop_0569_lp_s1      3.42756      0.000    605  
  cop_0570_lp_s1      1.99898      0.000    764  
  cop_0571_lp_s1      2.45050      0.000    703  
  cop_0572_lp_s1     13.09216      0.000     50  
  cop_0573_lp_s1      5.52327      0.000    225  
  cop_0574_lp_s1      1.81128      0.000    857  
  cop_0575_lp_s1      2.22434      0.000    721  
  cop_0576_lp_s1      3.58102      0.000    234  
  cop_0577_lp_s1      1.86804      0.000    864  
  cop_0578_lp_s1      3.76074      0.000    477  
  cop_0579_lp_s1      9.51225      0.000     19  
  cop_0580_lp_s1      5.46350      0.000    272  
  cop_0581_lp_s1      2.76527      0.000    633  
  cop_0582_lp_s1      9.91999      0.000     61  
  cop_0583_lp_s1      6.27207      0.000    367  
  cop_0584_lp_s1      6.91172      0.000     66  
  cop_0585_lp_s1      3.80530      0.000    398  
  cop_0586_lp_s1      2.53079      0.000    580  
  cop_0587_lp_s1      3.30083      0.000    546  
  cop_0588_lp_s1      4.35464      0.000    126  
  cop_0589_lp_s1      4.33794      0.000    342  
  cop_0590_lp_s1      5.08980      0.000    180  
  cop_0591_lp_s1     19.25979      0.000    386  
  cop_0592_lp_s1      2.79430      0.000    404  
  cop_0593_lp_s1      1.62345      0.000    952  
  cop_0594_lp_s1      2.14239      0.000    733  
  cop_0595_lp_s1      3.06107      0.000    565  
  cop_0596_lp_s1      1.84472      0.000    883  
  cop_0597_lp_s1      2.05140      0.000    797  
  cop_0598_lp_s1      1.57700      0.000    959  
  cop_0599_lp_s1      2.83865      0.000    411  
  cop_0600_lp_s1      2.33104      0.000    692  
  cop_0601_lp_s1      2.98763      0.000    551  
  cop_0602_lp_s1      5.14305      0.000    273  
  cop_0603_lp_s1      4.97136      0.000     37  
  cop_0604_lp_s1      1.83443      0.000    873  
  cop_0605_lp_s1      5.75881      0.000    137  
  cop_0606_lp_s1      3.14193      0.000    520  
  cop_0607_lp_s1      8.37347      0.000    200  
  cop_0608_lp_s1      7.34347      0.000     29  
  cop_0609_lp_s1      6.07985      0.000    325  
  cop_0610_lp_s1      6.43128      0.000    426  
  cop_0611_lp_s1      3.46988      0.000    505  
  cop_0612_lp_s1      6.43155      0.000     86  
  cop_0613_lp_s1      3.96555      0.000    144  
  cop_0614_lp_s1      4.07659      0.000    174  
  cop_0615_lp_s1      2.14235      0.000    683  
  cop_0616_lp_s1      3.17580      0.000    467  
  cop_0617_lp_s1      2.64668      0.000    576  
  cop_0618_lp_s1      4.77560      0.000    357  
  cop_0619_lp_s1      2.61517      0.000    487  
  cop_0620_lp_s1      2.33851      0.000    673  
  cop_0621_lp_s1      5.51352      0.000     98  
  cop_0622_lp_s1      1.97254      0.000    827  
  cop_0623_lp_s1      4.02799      0.000    406  
  cop_0624_lp_s1      1.98293      0.000    804  
  cop_0625_lp_s1      2.52564      0.000    563  
  cop_0626_lp_s1     10.39680      0.000    256  
  cop_0627_lp_s1      3.06898      0.000    161  
  cop_0628_lp_s1      1.78203      0.000    889  
  cop_0629_lp_s1      2.02660      0.000    781  
  cop_0630_lp_s1      3.73265      0.000    210  
  cop_0631_lp_s1      2.24607      0.000    719  
  cop_0632_lp_s1      7.91179      0.000     17  
  cop_0633_lp_s1      2.85949      0.000    510  
  cop_0634_lp_s1      1.68524      0.000    919  
  cop_0635_lp_s1      2.05105      0.000    754  
  cop_0636_lp_s1      4.64460      0.000    348  
  cop_0637_lp_s1     26.65111      0.000    434  
  cop_0638_lp_s1      2.98785      0.000    536  
  cop_0639_lp_s1      2.94081      0.000    512  
  cop_0640_lp_s1      3.50528      0.000    453  
  cop_0641_lp_s1      2.39625      0.000    651  
  cop_0642_lp_s1      1.60149      0.000    947  
  cop_0643_lp_s1      2.09812      0.000    732  
  cop_0644_lp_s1      3.15992      0.000    430  
  cop_0645_lp_s1      2.75013      0.000    415  
  cop_0646_lp_s1      2.13044      0.000    725  
  cop_0647_lp_s1      2.14101      0.000    687  
  cop_0648_lp_s1    148.80534      0.000      2  
  cop_0649_lp_s1      3.32266      0.000    479  
  cop_0650_lp_s1      2.01163      0.000    792  
  cop_0651_lp_s1      4.15533      0.000    361  
  cop_0652_lp_s1      1.59215      0.000    943  
  cop_0653_lp_s1      2.45128      0.000    629  
  cop_0654_lp_s1      1.64475      0.000    946  
  cop_0655_lp_s1      7.40979      0.000     21  
  cop_0656_lp_s1      4.78792      0.000     25  
  cop_0657_lp_s1      8.67270      0.000     30  
  cop_0658_lp_s1      4.82783      0.000    314  
  cop_0659_lp_s1      4.09435      0.000    105  
  cop_0660_lp_s1      1.53996      0.000    973  
  cop_0661_lp_s1      1.70656      0.000    910  
  cop_0662_lp_s1      5.48291      0.000    122  
  cop_0663_lp_s1      4.49134      0.000    162  
  cop_0664_lp_s1      1.79019      0.000    884  
  cop_0665_lp_s1      1.65954      0.000    942  
  cop_0666_lp_s1      2.63896      0.000    590  
  cop_0667_lp_s1      2.82430      0.000    612  
  cop_0668_lp_s1      3.20525      0.000    439  
  cop_0669_lp_s1      4.29592      0.000    140  
  cop_0670_lp_s1     32.52629      0.000    149  
  cop_0671_lp_s1      2.99463      0.000    336  
  cop_0672_lp_s1      2.71334      0.000    498  
  cop_0673_lp_s1      1.87511      0.000    799  
  cop_0674_lp_s1      5.48672      0.000    302  
  cop_0675_lp_s1      6.76483      0.000    333  
  cop_0676_lp_s1      3.70020      0.000    285  
  cop_0677_lp_s1      7.61862      0.000    305  
  cop_0678_lp_s1      3.31044      0.000    142  
  cop_0679_lp_s1     44.78793      0.000     88  
  cop_0680_lp_s1      3.99934      0.000    133  
  cop_0681_lp_s1      5.38178      0.000     78  
  cop_0682_lp_s1      3.25103      0.000    375  
  cop_0683_lp_s1      1.81105      0.000    869  
  cop_0684_lp_s1      1.70764      0.000    896  
  cop_0685_lp_s1      1.90290      0.000    842  
  cop_0686_lp_s1      1.64700      0.000    941  
  cop_0687_lp_s1      6.00605      0.000    232  
  cop_0688_lp_s1      2.64528      0.000    593  
  cop_0689_lp_s1      1.95669      0.000    739  
  cop_0690_lp_s1     22.59089      0.000     76  
  cop_0691_lp_s1      1.72111      0.000    903  
  cop_0692_lp_s1      2.05265      0.000    748  
  cop_0693_lp_s1      3.36712      0.000    169  
  cop_0694_lp_s1      1.83643      0.000    841  
  cop_0695_lp_s1      8.63335      0.000     36  
  cop_0696_lp_s1      1.69384      0.000    926  
  cop_0697_lp_s1      1.79959      0.000    833  
  cop_0698_lp_s1      3.65351      0.000    403  
  cop_0699_lp_s1      7.00233      0.000    358  
  cop_0700_lp_s1      9.46114      0.000    168  
  cop_0701_lp_s1      6.32818      0.000    281  
  cop_0702_lp_s1      1.42861      0.000    991  
  cop_0703_lp_s1      3.01010      0.000    545  
  cop_0704_lp_s1     23.43586      0.000    226  
  cop_0705_lp_s1      2.72150      0.000    666  
  cop_0706_lp_s1      2.95628      0.000    549  
  cop_0707_lp_s1      2.08382      0.000    784  
  cop_0708_lp_s1      1.46434      0.000    989  
  cop_0709_lp_s1      7.98188      0.000    134  
  cop_0710_lp_s1      4.76111      0.000    356  
  cop_0711_lp_s1      2.00074      0.000    757  
  cop_0712_lp_s1      2.27904      0.000    631  
  cop_0713_lp_s1      2.35939      0.000    586  
  cop_0714_lp_s1      5.43549      0.000    329  
  cop_0715_lp_s1      1.79030      0.000    914  
  cop_0716_lp_s1      5.55473      0.000    384  
  cop_0717_lp_s1      1.34081      0.000    999  
  cop_0718_lp_s1      5.58219      0.000    121  
  cop_0719_lp_s1      2.96370      0.000    569  
  cop_0720_lp_s1      1.70552      0.000    931  
  cop_0721_lp_s1      5.39650      0.000    223  
  cop_0722_lp_s1      5.45555      0.000    307  
  cop_0723_lp_s1      2.63821      0.000    538  
  cop_0724_lp_s1      3.06968      0.000    228  
  cop_0725_lp_s1      1.89384      0.000    818  
  cop_0726_lp_s1      3.04029      0.000    556  
  cop_0727_lp_s1      1.98448      0.000    806  
  cop_0728_lp_s1      2.70613      0.000    560  
  cop_0729_lp_s1      2.25976      0.000    685  
  cop_0730_lp_s1      3.93955      0.000    207  
  cop_0731_lp_s1      2.01425      0.000    785  
  cop_0732_lp_s1      5.66600      0.000    107  
  cop_0733_lp_s1      3.55220      0.000    535  
  cop_0734_lp_s1      6.79868      0.000    108  
  cop_0735_lp_s1      2.17980      0.000    775  
  cop_0736_lp_s1      2.21932      0.000    700  
  cop_0737_lp_s1      9.34465      0.000     58  
  cop_0738_lp_s1      1.99620      0.000    787  
  cop_0739_lp_s1     14.44577      0.000    205  
  cop_0740_lp_s1      1.68074      0.000    932  
  cop_0741_lp_s1      1.95573      0.000    769  
  cop_0742_lp_s1      2.13278      0.000    796  
  cop_0743_lp_s1      3.48576      0.000    451  
  cop_0744_lp_s1      4.25796      0.000    138  
  cop_0745_lp_s1      3.98916      0.000    173  
  cop_0746_lp_s1      3.86687      0.000    262  
  cop_0747_lp_s1      6.27119      0.000    339  
  cop_0748_lp_s1      2.34503      0.000    718  
  cop_0749_lp_s1      3.26188      0.000    208  
  cop_0750_lp_s1      2.01301      0.000    765  
  cop_0751_lp_s1      1.50822      0.000    980  
  cop_0752_lp_s1      7.57986      0.000     39  
  cop_0753_lp_s1      3.80739      0.000    268  
  cop_0754_lp_s1      6.10479      0.000     28  
  cop_0755_lp_s1      4.59399      0.000    195  
  cop_0756_lp_s1      2.01860      0.000    811  
  cop_0757_lp_s1      2.27153      0.000    734  
  cop_0758_lp_s1      2.62314      0.000    433  
  cop_0759_lp_s1      3.35763      0.000    469  
  cop_0760_lp_s1      4.58213      0.000    387  
  cop_0761_lp_s1      3.91814      0.000    271  
  cop_0762_lp_s1      2.96447      0.000    552  
  cop_0763_lp_s1      1.97625      0.000    835  
  cop_0764_lp_s1      2.17527      0.000    771  
  cop_0765_lp_s1      2.42974      0.000    681  
  cop_0766_lp_s1      2.57821      0.000    637  
  cop_0767_lp_s1      6.59174      0.000    316  
  cop_0768_lp_s1    100.22083      0.000     16  
  cop_0769_lp_s1      2.50538      0.000    596  
  cop_0770_lp_s1      2.25162      0.000    682  
  cop_0771_lp_s1      3.64066      0.000    360  
  cop_0772_lp_s1      1.54586      0.000    965  
  cop_0773_lp_s1      1.52695      0.000    981  
  cop_0774_lp_s1      1.82595      0.000    887  
  cop_0775_lp_s1      3.37440      0.000    543  
  cop_0776_lp_s1      3.05547      0.000    628  
  cop_0777_lp_s1      1.61322      0.000    953  
  cop_0778_lp_s1      2.33483      0.000    695  
  cop_0779_lp_s1      1.88799      0.000    836  
  cop_0780_lp_s1      2.03983      0.000    805  
  cop_0781_lp_s1      4.03244      0.000    337  
  cop_0782_lp_s1      1.84310      0.000    813  
  cop_0783_lp_s1      7.21598      0.000     48  
  cop_0784_lp_s1      2.02782      0.000    788  
  cop_0785_lp_s1      7.52436      0.000    106  
  cop_0786_lp_s1      6.16710      0.000    471  
  cop_0787_lp_s1     21.19847      0.000    235  
  cop_0788_lp_s1      5.25119      0.000    301  
  cop_0789_lp_s1      3.12599      0.000    484  
  cop_0790_lp_s1      4.83202      0.000    187  
  cop_0791_lp_s1      3.71059      0.000    355  
  cop_0792_lp_s1      6.40747      0.000     73  
  cop_0793_lp_s1      2.32054      0.000    726  
  cop_0794_lp_s1      1.98342      0.000    747  
  cop_0795_lp_s1      2.83248      0.000    445  
  cop_0796_lp_s1      1.74717      0.000    904  
  cop_0797_lp_s1      3.62472      0.000    534  
  cop_0798_lp_s1      2.97340      0.000    528  
  cop_0799_lp_s1      3.37020      0.000    237  
  cop_0800_lp_s1      2.77338      0.000    422  
  cop_0801_lp_s1      1.71976      0.000    902  
  cop_0802_lp_s1      1.97717      0.000    814  
  cop_0803_lp_s1      1.74980      0.000    868  
  cop_0804_lp_s1      2.82400      0.000    443  
  cop_0805_lp_s1      2.52022      0.000    614  
  cop_0806_lp_s1      2.56726      0.000    613  
  cop_0807_lp_s1      2.88423      0.000    416  
  cop_0808_lp_s1      7.62689      0.000    392  
  cop_0809_lp_s1      8.63897      0.000    136  
  cop_0810_lp_s1      8.84525      0.000      7  
  cop_0811_lp_s1      8.24869      0.000    176  
  cop_0812_lp_s1      7.15208      0.000    311  
  cop_0813_lp_s1      5.79049      0.000    188  
  cop_0814_lp_s1      2.34804      0.000    616  
  cop_0815_lp_s1      3.60548      0.000    474  
  cop_0816_lp_s1     17.04691      0.000     18  
  cop_0817_lp_s1      2.18956      0.000    689  
  cop_0818_lp_s1      3.36242      0.000    482  
  cop_0819_lp_s1      5.31224      0.000    127  
  cop_0820_lp_s1      1.82102      0.000    874  
  cop_0821_lp_s1      2.22063      0.000    723  
  cop_0822_lp_s1      3.55495      0.000    147  
  cop_0823_lp_s1      7.92836      0.000     65  
  cop_0824_lp_s1      1.50292      0.000    985  
  cop_0825_lp_s1      2.35601      0.000    698  
  cop_0826_lp_s1      1.92419      0.000    852  
  cop_0827_lp_s1      2.04883      0.000    782  
  cop_0828_lp_s1      2.42886      0.000    525  
  cop_0829_lp_s1      3.54406      0.000    447  
  cop_0830_lp_s1      6.16431      0.000     10  
  cop_0831_lp_s1      4.55964      0.000    383  
  cop_0832_lp_s1      1.44869      0.000    990  
  cop_0833_lp_s1      5.57117      0.000    151  
  cop_0834_lp_s1      2.52001      0.000    671  
  cop_0835_lp_s1      7.44099      0.000    277  
  cop_0836_lp_s1      5.07280      0.000     96  
  cop_0837_lp_s1      5.38263      0.000    335  
  cop_0838_lp_s1      2.75747      0.000    554  
  cop_0839_lp_s1      4.81834      0.000    323  
  cop_0840_lp_s1      2.40433      0.000    654  
  cop_0841_lp_s1      1.91594      0.000    816  
  cop_0842_lp_s1      4.65380      0.000    197  
  cop_0843_lp_s1      2.17192      0.000    653  
  cop_0844_lp_s1      2.34718      0.000    558  
  cop_0845_lp_s1      6.76748      0.000    124  
  cop_0846_lp_s1      6.61328      0.000    315  
  cop_0847_lp_s1      6.53135      0.000    289  
  cop_0848_lp_s1      2.93744      0.000    591  
  cop_0849_lp_s1      1.88667      0.000    838  
  cop_0850_lp_s1      1.69318      0.000    908  
  cop_0851_lp_s1      4.34151      0.000    267  
  cop_0852_lp_s1      1.88227      0.000    834  
  cop_0853_lp_s1      2.38495      0.000    728  
  cop_0854_lp_s1      2.63069      0.000    649  
  cop_0855_lp_s1      2.62442      0.000    494  
  cop_0856_lp_s1      3.56792      0.000    456  
  cop_0857_lp_s1      3.31204      0.000    541  
  cop_0858_lp_s1      3.56346      0.000    523  
  cop_0859_lp_s1      1.68692      0.000    925  
  cop_0860_lp_s1      7.06707      0.000     67  
  cop_0861_lp_s1      2.58446      0.000    537  
  cop_0862_lp_s1      1.64295      0.000    939  
  cop_0863_lp_s1      2.22965      0.000    749  
  cop_0864_lp_s1      4.20166      0.000    419  
  cop_0865_lp_s1      9.29977      0.000    446  
  cop_0866_lp_s1      2.64636      0.000    640  
  cop_0867_lp_s1      2.00667      0.000    768  
  cop_0868_lp_s1      8.93605      0.000     71  
  cop_0869_lp_s1      6.67161      0.000     52  
  cop_0870_lp_s1     15.36367      0.000     15  
  cop_0871_lp_s1      1.77301      0.000    892  
  cop_0872_lp_s1      3.06935      0.000    515  
  cop_0873_lp_s1      7.03156      0.000    424  
  cop_0874_lp_s1      1.67295      0.000    927  
  cop_0875_lp_s1      1.94090      0.000    790  
  cop_0876_lp_s1      2.03137      0.000    744  
  cop_0877_lp_s1      2.97612      0.000    514  
  cop_0878_lp_s1      2.25033      0.000    712  
  cop_0879_lp_s1      2.29531      0.000    609  
  cop_0880_lp_s1      2.33808      0.000    665  
  cop_0881_lp_s1      3.27434      0.000    578  
  cop_0882_lp_s1      2.78060      0.000    495  
  cop_0883_lp_s1      7.87426      0.000     35  
  cop_0884_lp_s1      1.74174      0.000    900  
  cop_0885_lp_s1     18.52262      0.000     60  
  cop_0886_lp_s1      2.30024      0.000    636  
  cop_0887_lp_s1      7.98912      0.000    444  
  cop_0888_lp_s1      6.38925      0.000    370  
  cop_0889_lp_s1      2.05704      0.000    763  
  cop_0890_lp_s1     11.55215      0.000    352  
  cop_0891_lp_s1      2.73396      0.000    533  
  cop_0892_lp_s1      4.39008      0.000    503  
  cop_0893_lp_s1      3.02406      0.000    506  
  cop_0894_lp_s1      6.68506      0.000    109  
  cop_0895_lp_s1      2.80595      0.000    380  
  cop_0896_lp_s1      2.59736      0.000    611  
  cop_0897_lp_s1      1.58322      0.000    957  
  cop_0898_lp_s1      2.61953      0.000    658  
  cop_0899_lp_s1      1.89801      0.000    839  
  cop_0900_lp_s1      9.82372      0.000     27  
  cop_0901_lp_s1      3.12724      0.000    436  
  cop_0902_lp_s1      1.84047      0.000    847  
  cop_0903_lp_s1      4.61177      0.000    306  
  cop_0904_lp_s1      2.04040      0.000    743  
  cop_0905_lp_s1      1.57057      0.000    972  
  cop_0906_lp_s1      1.55826      0.000    979  
  cop_0907_lp_s1      6.58872      0.000     74  
  cop_0908_lp_s1      4.29544      0.000    179  
  cop_0909_lp_s1      4.89895      0.000    338  
  cop_0910_lp_s1      3.49147      0.000    501  
  cop_0911_lp_s1      1.92023      0.000    831  
  cop_0912_lp_s1      2.83875      0.000    511  
  cop_0913_lp_s1      1.72401      0.000    906  
  cop_0914_lp_s1      1.71294      0.000    917  
  cop_0915_lp_s1      3.00345      0.000    480  
  cop_0916_lp_s1      2.43681      0.000    639  
  cop_0917_lp_s1      1.42788      0.000    993  
  cop_0918_lp_s1     13.71177      0.000    476  
  cop_0919_lp_s1      6.42923      0.000    143  
  cop_0920_lp_s1      2.96401      0.000    343  
  cop_0921_lp_s1      3.09579      0.000    420  
  cop_0922_lp_s1      4.59329      0.000    399  
  cop_0923_lp_s1      2.49159      0.000    677  
  cop_0924_lp_s1    109.60162      0.000     24  
  cop_0925_lp_s1      2.39353      0.000    644  
  cop_0926_lp_s1     14.17862      0.000     92  
  cop_0927_lp_s1      7.16404      0.000    125  
  cop_0928_lp_s1     13.89678      0.000     79  
  cop_0929_lp_s1      6.03957      0.000    328  
  cop_0930_lp_s1      2.46675      0.000    604  
  cop_0931_lp_s1      1.42030      0.000    995  
  cop_0932_lp_s1      5.28941      0.000     91  
  cop_0933_lp_s1      2.73634      0.000    592  
  cop_0934_lp_s1      3.02025      0.000    319  
  cop_0935_lp_s1      2.25990      0.000    559  
  cop_0936_lp_s1      3.97188      0.000    294  
  cop_0937_lp_s1      2.10729      0.000    767  
  cop_0938_lp_s1      5.93096      0.000    369  
  cop_0939_lp_s1      4.27197      0.000    248  
  cop_0940_lp_s1      4.29548      0.000     90  
  cop_0941_lp_s1      2.91544      0.000    627  
  cop_0942_lp_s1     18.54113      0.000     77  
  cop_0943_lp_s1      2.38114      0.000    676  
  cop_0944_lp_s1      2.84502      0.000    423  
  cop_0945_lp_s1      7.02730      0.000    199  
  cop_0946_lp_s1      4.17977      0.000    264  
  cop_0947_lp_s1      2.97159      0.000    211  
  cop_0948_lp_s1      1.55097      0.000    971  
  cop_0949_lp_s1      9.24132      0.000    389  
  cop_0950_lp_s1      2.17882      0.000    694  
  cop_0951_lp_s1      2.45662      0.000    656  
  cop_0952_lp_s1      3.08789      0.000    566  
  cop_0953_lp_s1      5.94869      0.000    194  
  cop_0954_lp_s1      6.00589      0.000    202  
  cop_0955_lp_s1      3.07233      0.000    539  
  cop_0956_lp_s1      2.64042      0.000    583  
  cop_0957_lp_s1      2.89368      0.000    438  
  cop_0958_lp_s1     10.44119      0.000      5  
  cop_0959_lp_s1      2.50517      0.000    659  
  cop_0960_lp_s1      5.75132      0.000    393  
  cop_0961_lp_s1      4.75170      0.000    284  
  cop_0962_lp_s1      3.40815      0.000    377  
  cop_0963_lp_s1      2.15989      0.000    735  
  cop_0964_lp_s1      2.09058      0.000    684  
  cop_0965_lp_s1      6.93840      0.000    164  
  cop_0966_lp_s1      5.46404      0.000    153  
  cop_0967_lp_s1     17.15462      0.000    227  
  cop_0968_lp_s1      2.73599      0.000    660  
  cop_0969_lp_s1      1.80358      0.000    867  
  cop_0970_lp_s1      1.57351      0.000    975  
  cop_0971_lp_s1      1.83097      0.000    853  
  cop_0972_lp_s1      2.29941      0.000    752  
  cop_0973_lp_s1      3.12450      0.000    308  
  cop_0974_lp_s1      1.69419      0.000    899  
  cop_0975_lp_s1      4.54739      0.000    198  
  cop_0976_lp_s1      4.51751      0.000    365  
  cop_0977_lp_s1     14.64901      0.000    292  
  cop_0978_lp_s1      3.40756      0.000    465  
  cop_0979_lp_s1      2.77771      0.000    624  
  cop_0980_lp_s1      9.66674      0.000    216  
  cop_0981_lp_s1      8.67129      0.000    229  
  cop_0982_lp_s1      2.57288      0.000    527  
  cop_0983_lp_s1      3.40952      0.000    417  
  cop_0984_lp_s1      8.63210      0.000    350  
  cop_0985_lp_s1      4.76851      0.000    412  
  cop_0986_lp_s1      3.11788      0.000    490  
  cop_0987_lp_s1      4.06515      0.000    239  
  cop_0988_lp_s1      3.40080      0.000    577  
  cop_0989_lp_s1      6.25812      0.000    103  
  cop_0990_lp_s1      4.92914      0.000    274  
  cop_0991_lp_s1      2.84298      0.000    597  
  cop_0992_lp_s1      4.69848      0.000     40  
  cop_0993_lp_s1      2.65809      0.000    618  
  cop_0994_lp_s1      1.69886      0.000    933  
  cop_0995_lp_s1      2.40576      0.000    674  
  cop_0996_lp_s1      3.00291      0.000    492  
  cop_0997_lp_s1      7.38936      0.000    347  
  cop_0998_lp_s1      2.21309      0.000    717  
  cop_0999_lp_s1      3.19524      0.000    500  
  cop_1000_lp_s1      3.70044      0.000    507  
  eliminated, worst first: cop_0219_lp_s1 cop_0648_lp_s1 cop_0140_lp_s1 cop_0461_lp_s1 cop_0958_lp_s1 cop_0446_lp_s1 cop_0810_lp_s1 cop_0411_lp_s1 cop_0412_lp_s1 cop_0830_lp_s1 cop_0389_lp_s1 cop_0388_lp_s1 cop_0009_lp_s1 cop_0297_lp_s1 cop_0870_lp_s1 cop_0768_lp_s1 cop_0632_lp_s1 cop_0816_lp_s1 cop_0579_lp_s1 cop_0056_lp_s1 cop_0655_lp_s1 cop_0263_lp_s1 cop_0088_lp_s1 cop_0924_lp_s1 cop_0656_lp_s1 cop_0046_lp_s1 cop_0900_lp_s1 cop_0754_lp_s1 cop_0608_lp_s1 cop_0657_lp_s1 cop_0064_lp_s1 cop_0454_lp_s1 cop_0329_lp_s1 cop_0549_lp_s1 cop_0883_lp_s1 cop_0695_lp_s1 cop_0603_lp_s1 cop_0085_lp_s1 cop_0752_lp_s1 cop_0992_lp_s1 cop_0048_lp_s1 cop_0043_lp_s1 cop_0013_lp_s1 cop_0391_lp_s1 cop_0387_lp_s1 cop_0425_lp_s1 cop_0327_lp_s1 cop_0783_lp_s1 cop_0212_lp_s1 cop_0572_lp_s1 cop_0449_lp_s1 cop_0869_lp_s1 cop_0379_lp_s1 cop_0184_lp_s1 cop_0262_lp_s1 cop_0375_lp_s1 cop_0303_lp_s1 cop_0737_lp_s1 cop_0206_lp_s1 cop_0885_lp_s1 cop_0582_lp_s1 cop_0257_lp_s1 cop_0168_lp_s1 cop_0175_lp_s1 cop_0823_lp_s1 cop_0584_lp_s1 cop_0860_lp_s1 cop_0049_lp_s1 cop_0098_lp_s1 cop_0080_lp_s1 cop_0868_lp_s1 cop_0323_lp_s1 cop_0792_lp_s1 cop_0907_lp_s1 cop_0402_lp_s1 cop_0690_lp_s1 cop_0942_lp_s1 cop_0681_lp_s1 cop_0928_lp_s1 cop_0275_lp_s1 cop_0065_lp_s1 cop_0332_lp_s1 cop_0528_lp_s1 cop_0394_lp_s1 cop_0093_lp_s1 cop_0612_lp_s1 cop_0143_lp_s1 cop_0679_lp_s1 cop_0245_lp_s1 cop_0940_lp_s1 cop_0932_lp_s1 cop_0926_lp_s1 cop_0059_lp_s1 cop_0111_lp_s1 cop_0167_lp_s1 cop_0836_lp_s1 cop_0115_lp_s1 cop_0621_lp_s1 cop_0304_lp_s1 cop_0562_lp_s1 cop_0273_lp_s1 cop_0051_lp_s1 cop_0989_lp_s1 cop_0223_lp_s1 cop_0659_lp_s1 cop_0785_lp_s1 cop_0732_lp_s1 cop_0734_lp_s1 cop_0894_lp_s1 cop_0359_lp_s1 cop_0414_lp_s1 cop_0548_lp_s1 cop_0393_lp_s1 cop_0058_lp_s1 cop_0308_lp_s1 cop_0300_lp_s1 cop_0315_lp_s1 cop_0253_lp_s1 cop_0307_lp_s1 cop_0261_lp_s1 cop_0718_lp_s1 cop_0662_lp_s1 cop_0551_lp_s1 cop_0845_lp_s1 cop_0927_lp_s1 cop_0588_lp_s1 cop_0819_lp_s1 cop_0160_lp_s1 cop_0385_lp_s1 cop_0271_lp_s1 cop_0270_lp_s1 cop_0025_lp_s1 cop_0680_lp_s1 cop_0709_lp_s1 cop_0209_lp_s1 cop_0809_lp_s1 cop_0605_lp_s1 cop_0744_lp_s1 cop_0468_lp_s1 cop_0669_lp_s1 cop_0381_lp_s1 cop_0678_lp_s1 cop_0919_lp_s1 cop_0613_lp_s1 cop_0484_lp_s1 cop_0229_lp_s1 cop_0822_lp_s1 cop_0018_lp_s1 cop_0670_lp_s1 cop_0130_lp_s1 cop_0833_lp_s1 cop_0215_lp_s1 cop_0966_lp_s1 cop_0138_lp_s1 cop_0086_lp_s1 cop_0427_lp_s1 cop_0188_lp_s1 cop_0055_lp_s1 cop_0077_lp_s1 cop_0276_lp_s1 cop_0627_lp_s1 cop_0663_lp_s1 cop_0119_lp_s1 cop_0965_lp_s1 cop_0325_lp_s1 cop_0370_lp_s1 cop_0522_lp_s1 cop_0700_lp_s1 cop_0693_lp_s1 cop_0362_lp_s1 cop_0328_lp_s1 cop_0095_lp_s1 cop_0745_lp_s1 cop_0614_lp_s1 cop_0499_lp_s1 cop_0811_lp_s1 cop_0154_lp_s1 cop_0096_lp_s1 cop_0908_lp_s1 cop_0590_lp_s1 cop_0189_lp_s1 cop_0366_lp_s1 cop_0123_lp_s1 cop_0550_lp_s1 cop_0214_lp_s1 cop_0244_lp_s1 cop_0790_lp_s1 cop_0813_lp_s1 cop_0242_lp_s1 cop_0491_lp_s1 cop_0020_lp_s1 cop_0517_lp_s1 cop_0287_lp_s1 cop_0953_lp_s1 cop_0755_lp_s1 cop_0063_lp_s1 cop_0842_lp_s1 cop_0975_lp_s1 cop_0945_lp_s1 cop_0607_lp_s1 cop_0192_lp_s1 cop_0954_lp_s1 cop_0132_lp_s1 cop_0488_lp_s1 cop_0739_lp_s1 cop_0430_lp_s1 cop_0730_lp_s1 cop_0749_lp_s1 cop_0164_lp_s1 cop_0630_lp_s1 cop_0947_lp_s1 cop_0216_lp_s1 cop_0230_lp_s1 cop_0012_lp_s1 cop_0357_lp_s1 cop_0980_lp_s1 cop_0159_lp_s1 cop_0015_lp_s1 cop_0233_lp_s1 cop_0071_lp_s1 cop_0326_lp_s1 cop_0508_lp_s1 cop_0721_lp_s1 cop_0505_lp_s1 cop_0573_lp_s1 cop_0704_lp_s1 cop_0967_lp_s1 cop_0724_lp_s1 cop_0981_lp_s1 cop_0178_lp_s1 cop_0155_lp_s1 cop_0687_lp_s1 cop_0251_lp_s1 cop_0576_lp_s1 cop_0787_lp_s1 cop_0092_lp_s1 cop_0799_lp_s1 cop_0515_lp_s1 cop_0987_lp_s1 cop_0487_lp_s1 cop_0041_lp_s1 cop_0406_lp_s1 cop_0546_lp_s1 cop_0104_lp_s1 cop_0496_lp_s1 cop_0567_lp_s1 cop_0311_lp_s1 cop_0939_lp_s1 cop_0052_lp_s1 cop_0380_lp_s1 cop_0203_lp_s1 cop_0354_lp_s1 cop_0122_lp_s1 cop_0415_lp_s1 cop_0090_lp_s1 cop_0626_lp_s1 cop_0283_lp_s1 cop_0038_lp_s1 cop_0563_lp_s1 cop_0558_lp_s1 cop_0416_lp_s1 cop_0746_lp_s1 cop_0433_lp_s1 cop_0946_lp_s1 cop_0475_lp_s1 cop_0333_lp_s1 cop_0851_lp_s1 cop_0753_lp_s1 cop_0392_lp_s1 cop_0560_lp_s1 cop_0761_lp_s1 cop_0580_lp_s1 cop_0602_lp_s1 cop_0990_lp_s1 cop_0417_lp_s1 cop_0532_lp_s1 cop_0835_lp_s1 cop_0279_lp_s1 cop_0483_lp_s1 cop_0291_lp_s1 cop_0701_lp_s1 cop_0556_lp_s1 cop_0290_lp_s1 cop_0961_lp_s1 cop_0676_lp_s1 cop_0365_lp_s1 cop_0074_lp_s1 cop_0014_lp_s1 cop_0847_lp_s1 cop_0511_lp_s1 cop_0559_lp_s1 cop_0977_lp_s1 cop_0210_lp_s1 cop_0936_lp_s1 cop_0114_lp_s1 cop_0438_lp_s1 cop_0539_lp_s1 cop_0198_lp_s1 cop_0565_lp_s1 cop_0486_lp_s1 cop_0788_lp_s1 cop_0674_lp_s1 cop_0404_lp_s1 cop_0535_lp_s1 cop_0677_lp_s1 cop_0903_lp_s1 cop_0722_lp_s1 cop_0973_lp_s1 cop_0084_lp_s1 cop_0504_lp_s1 cop_0812_lp_s1 cop_0259_lp_s1 cop_0153_lp_s1 cop_0658_lp_s1 cop_0846_lp_s1 cop_0767_lp_s1 cop_0278_lp_s1 cop_0286_lp_s1 cop_0934_lp_s1 cop_0235_lp_s1 cop_0420_lp_s1 cop_0456_lp_s1 cop_0839_lp_s1 cop_0158_lp_s1 cop_0609_lp_s1 cop_0363_lp_s1 cop_0026_lp_s1 cop_0929_lp_s1 cop_0714_lp_s1 cop_0190_lp_s1 cop_0448_lp_s1 cop_0238_lp_s1 cop_0675_lp_s1 cop_0470_lp_s1 cop_0837_lp_s1 cop_0671_lp_s1 cop_0781_lp_s1 cop_0909_lp_s1 cop_0747_lp_s1 cop_0418_lp_s1 cop_0146_lp_s1 cop_0589_lp_s1 cop_0920_lp_s1 cop_0342_lp_s1 cop_0294_lp_s1 cop_0202_lp_s1 cop_0997_lp_s1 cop_0636_lp_s1 cop_0372_lp_s1 cop_0984_lp_s1 cop_0272_lp_s1 cop_0890_lp_s1 cop_0197_lp_s1 cop_0336_lp_s1 cop_0791_lp_s1 cop_0710_lp_s1 cop_0618_lp_s1 cop_0699_lp_s1 cop_0163_lp_s1 cop_0771_lp_s1 cop_0651_lp_s1 cop_0029_lp_s1 cop_0177_lp_s1 cop_0360_lp_s1 cop_0976_lp_s1 cop_0296_lp_s1 cop_0583_lp_s1 cop_0419_lp_s1 cop_0938_lp_s1 cop_0888_lp_s1 cop_0537_lp_s1 cop_0376_lp_s1 cop_0101_lp_s1 cop_0293_lp_s1 cop_0682_lp_s1 cop_0217_lp_s1 cop_0962_lp_s1 cop_0405_lp_s1 cop_0060_lp_s1 cop_0895_lp_s1 cop_0176_lp_s1 cop_0042_lp_s1 cop_0831_lp_s1 cop_0716_lp_s1 cop_0521_lp_s1 cop_0591_lp_s1 cop_0760_lp_s1 cop_0340_lp_s1 cop_0949_lp_s1 cop_0137_lp_s1 cop_0034_lp_s1 cop_0808_lp_s1 cop_0960_lp_s1 cop_0447_lp_s1 cop_0260_lp_s1 cop_0083_lp_s1 cop_0295_lp_s1 cop_0585_lp_s1 cop_0922_lp_s1 cop_0490_lp_s1 cop_0053_lp_s1 cop_0208_lp_s1 cop_0698_lp_s1 cop_0592_lp_s1 cop_0341_lp_s1 cop_0623_lp_s1 cop_0225_lp_s1 cop_0345_lp_s1 cop_0322_lp_s1 cop_0409_lp_s1 cop_0599_lp_s1 cop_0985_lp_s1 cop_0473_lp_s1 cop_0330_lp_s1 cop_0645_lp_s1 cop_0807_lp_s1 cop_0983_lp_s1 cop_0301_lp_s1 cop_0864_lp_s1 cop_0921_lp_s1 cop_0545_lp_s1 cop_0800_lp_s1 cop_0944_lp_s1 cop_0873_lp_s1 cop_0222_lp_s1 cop_0610_lp_s1 cop_0530_lp_s1 cop_0455_lp_s1 cop_0248_lp_s1 cop_0644_lp_s1 cop_0421_lp_s1 cop_0033_lp_s1 cop_0758_lp_s1 cop_0637_lp_s1 cop_0568_lp_s1 cop_0901_lp_s1 cop_0129_lp_s1 cop_0957_lp_s1 cop_0668_lp_s1 cop_0358_lp_s1 cop_0344_lp_s1 cop_0445_lp_s1 cop_0804_lp_s1 cop_0887_lp_s1 cop_0795_lp_s1 cop_0865_lp_s1 cop_0829_lp_s1 cop_0237_lp_s1 cop_0462_lp_s1 cop_0471_lp_s1 cop_0743_lp_s1 cop_0383_lp_s1 cop_0640_lp_s1 cop_0116_lp_s1 cop_0023_lp_s1 cop_0856_lp_s1 cop_0401_lp_s1 cop_0141_lp_s1 cop_0492_lp_s1 cop_0266_lp_s1 cop_0193_lp_s1 cop_0124_lp_s1 cop_0224_lp_s1 cop_0075_lp_s1 cop_0978_lp_s1 cop_0452_lp_s1 cop_0616_lp_s1 cop_0110_lp_s1 cop_0759_lp_s1 cop_0021_lp_s1 cop_0786_lp_s1 cop_0028_lp_s1 cop_0324_lp_s1 cop_0815_lp_s1 cop_0331_lp_s1 cop_0918_lp_s1 cop_0578_lp_s1 cop_0264_lp_s1 cop_0649_lp_s1 cop_0915_lp_s1 cop_0309_lp_s1 cop_0818_lp_s1 cop_0493_lp_s1 cop_0789_lp_s1 cop_0001_lp_s1 cop_0495_lp_s1 cop_0619_lp_s1 cop_0339_lp_s1 cop_0133_lp_s1 cop_0986_lp_s1 cop_0089_lp_s1 cop_0996_lp_s1 cop_0319_lp_s1 cop_0855_lp_s1 cop_0882_lp_s1 cop_0181_lp_s1 cop_0314_lp_s1 cop_0672_lp_s1 cop_0174_lp_s1 cop_0999_lp_s1 cop_0910_lp_s1 cop_0105_lp_s1 cop_0892_lp_s1 cop_0407_lp_s1 cop_0611_lp_s1 cop_0893_lp_s1 cop_1000_lp_s1 cop_0144_lp_s1 cop_0395_lp_s1 cop_0633_lp_s1 cop_0912_lp_s1 cop_0639_lp_s1 cop_0547_lp_s1 cop_0877_lp_s1 cop_0872_lp_s1 cop_0128_lp_s1 cop_0305_lp_s1 cop_0131_lp_s1 cop_0371_lp_s1 cop_0606_lp_s1 cop_0384_lp_s1 cop_0280_lp_s1 cop_0858_lp_s1 cop_0234_lp_s1 cop_0828_lp_s1 cop_0442_lp_s1 cop_0982_lp_s1 cop_0798_lp_s1 cop_0472_lp_s1 cop_0506_lp_s1 cop_0434_lp_s1 cop_0199_lp_s1 cop_0891_lp_s1 cop_0797_lp_s1 cop_0733_lp_s1 cop_0638_lp_s1 cop_0861_lp_s1 cop_0723_lp_s1 cop_0955_lp_s1 cop_0441_lp_s1 cop_0857_lp_s1 cop_0073_lp_s1 cop_0775_lp_s1 cop_0227_lp_s1 cop_0703_lp_s1 cop_0587_lp_s1 cop_0463_lp_s1 cop_0113_lp_s1 cop_0706_lp_s1 cop_0485_lp_s1 cop_0601_lp_s1 cop_0762_lp_s1 cop_0246_lp_s1 cop_0838_lp_s1 cop_0247_lp_s1 cop_0726_lp_s1 cop_0557_lp_s1 cop_0844_lp_s1 cop_0935_lp_s1 cop_0728_lp_s1 cop_0195_lp_s1 cop_0352_lp_s1 cop_0625_lp_s1 cop_0512_lp_s1 cop_0595_lp_s1 cop_0952_lp_s1 cop_0507_lp_s1 cop_0400_lp_s1 cop_0719_lp_s1 cop_0258_lp_s1 cop_0284_lp_s1 cop_0007_lp_s1 cop_0022_lp_s1 cop_0069_lp_s1 cop_0386_lp_s1 cop_0617_lp_s1 cop_0988_lp_s1 cop_0881_lp_s1 cop_0403_lp_s1 cop_0586_lp_s1 cop_0204_lp_s1 cop_0398_lp_s1 cop_0956_lp_s1 cop_0282_lp_s1 cop_0318_lp_s1 cop_0713_lp_s1 cop_0451_lp_s1 cop_0076_lp_s1 cop_0355_lp_s1 cop_0666_lp_s1 cop_0848_lp_s1 cop_0933_lp_s1 cop_0688_lp_s1 cop_0289_lp_s1 cop_0382_lp_s1 cop_0769_lp_s1 cop_0991_lp_s1 cop_0313_lp_s1 cop_0292_lp_s1 cop_0310_lp_s1 cop_0252_lp_s1 cop_0524_lp_s1 cop_0432_lp_s1 cop_0930_lp_s1 cop_0569_lp_s1 cop_0564_lp_s1 cop_0268_lp_s1 cop_0039_lp_s1 cop_0879_lp_s1 cop_0476_lp_s1 cop_0896_lp_s1 cop_0667_lp_s1 cop_0806_lp_s1 cop_0805_lp_s1 cop_0543_lp_s1 cop_0814_lp_s1 cop_0151_lp_s1 cop_0993_lp_s1 cop_0467_lp_s1 cop_0221_lp_s1 cop_0078_lp_s1 cop_0218_lp_s1 cop_0200_lp_s1 cop_0979_lp_s1 cop_0081_lp_s1 cop_0232_lp_s1 cop_0941_lp_s1 cop_0776_lp_s1 cop_0653_lp_s1 cop_0017_lp_s1 cop_0712_lp_s1 cop_0045_lp_s1 cop_0581_lp_s1 cop_0170_lp_s1 cop_0489_lp_s1 cop_0886_lp_s1 cop_0766_lp_s1 cop_0067_lp_s1 cop_0916_lp_s1 cop_0866_lp_s1 cop_0127_lp_s1 cop_0180_lp_s1 cop_0019_lp_s1 cop_0925_lp_s1 cop_0249_lp_s1 cop_0378_lp_s1 cop_0541_lp_s1 cop_0010_lp_s1 cop_0854_lp_s1 cop_0068_lp_s1 cop_0641_lp_s1 cop_0196_lp_s1 cop_0843_lp_s1 cop_0840_lp_s1 cop_0243_lp_s1 cop_0951_lp_s1 cop_0099_lp_s1 cop_0898_lp_s1 cop_0959_lp_s1 cop_0968_lp_s1 cop_0431_lp_s1 cop_0373_lp_s1 cop_0474_lp_s1 cop_0250_lp_s1 cop_0880_lp_s1 cop_0705_lp_s1 cop_0185_lp_s1 cop_0239_lp_s1 cop_0035_lp_s1 cop_0109_lp_s1 cop_0834_lp_s1 cop_0555_lp_s1 cop_0620_lp_s1 cop_0995_lp_s1 cop_0497_lp_s1 cop_0943_lp_s1 cop_0923_lp_s1 cop_0443_lp_s1 cop_0108_lp_s1 cop_0498_lp_s1 cop_0765_lp_s1 cop_0770_lp_s1 cop_0615_lp_s1 cop_0964_lp_s1 cop_0729_lp_s1 cop_0453_lp_s1 cop_0647_lp_s1 cop_0302_lp_s1 cop_0817_lp_s1 cop_0408_lp_s1 cop_0125_lp_s1 cop_0600_lp_s1 cop_0179_lp_s1 cop_0950_lp_s1 cop_0778_lp_s1 cop_0316_lp_s1 cop_0439_lp_s1 cop_0825_lp_s1 cop_0187_lp_s1 cop_0736_lp_s1 cop_0150_lp_s1 cop_0082_lp_s1 cop_0571_lp_s1 cop_0003_lp_s1 cop_0008_lp_s1 cop_0334_lp_s1 cop_0027_lp_s1 cop_0531_lp_s1 cop_0529_lp_s1 cop_0002_lp_s1 cop_0162_lp_s1 cop_0878_lp_s1 cop_0288_lp_s1 cop_0149_lp_s1 cop_0566_lp_s1 cop_0062_lp_s1 cop_0998_lp_s1 cop_0748_lp_s1 cop_0631_lp_s1 cop_0482_lp_s1 cop_0575_lp_s1 cop_0265_lp_s1 cop_0821_lp_s1 cop_0518_lp_s1 cop_0646_lp_s1 cop_0793_lp_s1 cop_0542_lp_s1 cop_0853_lp_s1 cop_0536_lp_s1 cop_0540_lp_s1 cop_0005_lp_s1 cop_0643_lp_s1 cop_0594_lp_s1 cop_0757_lp_s1 cop_0963_lp_s1 cop_0502_lp_s1 cop_0006_lp_s1 cop_0465_lp_s1 cop_0689_lp_s1 cop_0040_lp_s1 cop_0236_lp_s1 cop_0194_lp_s1 cop_0904_lp_s1 cop_0876_lp_s1 cop_0306_lp_s1 cop_0277_lp_s1 cop_0794_lp_s1 cop_0692_lp_s1 cop_0863_lp_s1 cop_0501_lp_s1 cop_0464_lp_s1 cop_0972_lp_s1 cop_0161_lp_s1 cop_0635_lp_s1 cop_0126_lp_s1 cop_0436_lp_s1 cop_0711_lp_s1 cop_0173_lp_s1 cop_0459_lp_s1 cop_0135_lp_s1 cop_0553_lp_s1 cop_0182_lp_s1 cop_0889_lp_s1 cop_0570_lp_s1 cop_0750_lp_s1 cop_0267_lp_s1 cop_0937_lp_s1 cop_0867_lp_s1 cop_0741_lp_s1 cop_0091_lp_s1 cop_0764_lp_s1 cop_0337_lp_s1 cop_0520_lp_s1 cop_0228_lp_s1 cop_0735_lp_s1 cop_0544_lp_s1 cop_0201_lp_s1 cop_0561_lp_s1 cop_0346_lp_s1 cop_0513_lp_s1 cop_0629_lp_s1 cop_0827_lp_s1 cop_0103_lp_s1 cop_0707_lp_s1 cop_0731_lp_s1 cop_0072_lp_s1 cop_0738_lp_s1 cop_0784_lp_s1 cop_0377_lp_s1 cop_0875_lp_s1 cop_0120_lp_s1 cop_0650_lp_s1 cop_0220_lp_s1 cop_0350_lp_s1 cop_0514_lp_s1 cop_0742_lp_s1 cop_0597_lp_s1 cop_0097_lp_s1 cop_0673_lp_s1 cop_0255_lp_s1 cop_0171_lp_s1 cop_0458_lp_s1 cop_0312_lp_s1 cop_0624_lp_s1 cop_0780_lp_s1 cop_0727_lp_s1 cop_0152_lp_s1 cop_0509_lp_s1 cop_0169_lp_s1 cop_0479_lp_s1 cop_0756_lp_s1 cop_0207_lp_s1 cop_0782_lp_s1 cop_0802_lp_s1 cop_0087_lp_s1 cop_0841_lp_s1 cop_0320_lp_s1 cop_0725_lp_s1 cop_0061_lp_s1 cop_0254_lp_s1 cop_0037_lp_s1 cop_0516_lp_s1 cop_0469_lp_s1 cop_0353_lp_s1 cop_0364_lp_s1 cop_0440_lp_s1 cop_0622_lp_s1 cop_0321_lp_s1 cop_0450_lp_s1 cop_0274_lp_s1 cop_0911_lp_s1 cop_0477_lp_s1 cop_0697_lp_s1 cop_0852_lp_s1 cop_0763_lp_s1 cop_0779_lp_s1 cop_0525_lp_s1 cop_0849_lp_s1 cop_0899_lp_s1 cop_0523_lp_s1 cop_0694_lp_s1 cop_0685_lp_s1 cop_0368_lp_s1 cop_0147_lp_s1 cop_0500_lp_s1 cop_0428_lp_s1 cop_0902_lp_s1 cop_0024_lp_s1 cop_0134_lp_s1 cop_0016_lp_s1 cop_0481_lp_s1 cop_0826_lp_s1 cop_0971_lp_s1 cop_0186_lp_s1 cop_0112_lp_s1 cop_0460_lp_s1 cop_0574_lp_s1 cop_0050_lp_s1 cop_0503_lp_s1 cop_0094_lp_s1 cop_0118_lp_s1 cop_0494_lp_s1 cop_0066_lp_s1 cop_0577_lp_s1 cop_0349_lp_s1 cop_0032_lp_s1 cop_0969_lp_s1 cop_0803_lp_s1 cop_0683_lp_s1 cop_0390_lp_s1 cop_0256_lp_s1 cop_0435_lp_s1 cop_0604_lp_s1 cop_0820_lp_s1 cop_0361_lp_s1 cop_0338_lp_s1 cop_0156_lp_s1 cop_0165_lp_s1 cop_0480_lp_s1 cop_0183_lp_s1 cop_0396_lp_s1 cop_0422_lp_s1 cop_0596_lp_s1 cop_0664_lp_s1 cop_0030_lp_s1 cop_0226_lp_s1 cop_0774_lp_s1 cop_0299_lp_s1 cop_0628_lp_s1 cop_0369_lp_s1 cop_0240_lp_s1 cop_0871_lp_s1 cop_0011_lp_s1 cop_0121_lp_s1 cop_0348_lp_s1 cop_0684_lp_s1 cop_0070_lp_s1 cop_0036_lp_s1 cop_0974_lp_s1 cop_0884_lp_s1 cop_0343_lp_s1 cop_0801_lp_s1 cop_0691_lp_s1 cop_0796_lp_s1 cop_0107_lp_s1 cop_0913_lp_s1 cop_0423_lp_s1 cop_0850_lp_s1 cop_0466_lp_s1 cop_0661_lp_s1 cop_0335_lp_s1 cop_0413_lp_s1 cop_0444_lp_s1 cop_0715_lp_s1 cop_0004_lp_s1 cop_0527_lp_s1 cop_0914_lp_s1 cop_0117_lp_s1 cop_0634_lp_s1 cop_0172_lp_s1 cop_0213_lp_s1 cop_0145_lp_s1 cop_0057_lp_s1 cop_0399_lp_s1 cop_0859_lp_s1 cop_0696_lp_s1 cop_0874_lp_s1 cop_0367_lp_s1 cop_0100_lp_s1 cop_0157_lp_s1 cop_0720_lp_s1 cop_0740_lp_s1 cop_0994_lp_s1 cop_0317_lp_s1 cop_0552_lp_s1 cop_0374_lp_s1 cop_0424_lp_s1 cop_0457_lp_s1 cop_0862_lp_s1 cop_0554_lp_s1 cop_0686_lp_s1 cop_0665_lp_s1 cop_0652_lp_s1 cop_0136_lp_s1 cop_0281_lp_s1 cop_0654_lp_s1 cop_0642_lp_s1 cop_0351_lp_s1 cop_0231_lp_s1 cop_0139_lp_s1 cop_0102_lp_s1 cop_0593_lp_s1 cop_0777_lp_s1 cop_0397_lp_s1 cop_0211_lp_s1 cop_0478_lp_s1 cop_0897_lp_s1 cop_0533_lp_s1 cop_0598_lp_s1 cop_0079_lp_s1 cop_0106_lp_s1 cop_0526_lp_s1 cop_0269_lp_s1 cop_0426_lp_s1 cop_0772_lp_s1 cop_0166_lp_s1 cop_0054_lp_s1 cop_0031_lp_s1 cop_0047_lp_s1 cop_0298_lp_s1 cop_0948_lp_s1 cop_0905_lp_s1 cop_0660_lp_s1 cop_0429_lp_s1 cop_0970_lp_s1 cop_0044_lp_s1 cop_0285_lp_s1 cop_0510_lp_s1 cop_0906_lp_s1 cop_0751_lp_s1 cop_0773_lp_s1 cop_0538_lp_s1 cop_0205_lp_s1 cop_0241_lp_s1 cop_0824_lp_s1 cop_0347_lp_s1 cop_0534_lp_s1 cop_0142_lp_s1 cop_0708_lp_s1 cop_0832_lp_s1 cop_0702_lp_s1 cop_0356_lp_s1 cop_0917_lp_s1 cop_0519_lp_s1 cop_0931_lp_s1 cop_0437_lp_s1 cop_0148_lp_s1 cop_0410_lp_s1 cop_0717_lp_s1
  set decided by an accepted test: no, every test rejected down to one model (last p = 0.000 against alpha = 0.050)


  sample    1000 observations, 1000 models
  statistic Tmax, each model against the field
  test      alpha = 0.050, 10000 moving-block resamples of 1 observations
  variance  bootstrap variance of the resampled mean
  stream    seed 123, stream 0

MCS over state-dependent local projection impulse-response MAE, state 1 (lags times 1 - F), MCS_TMAX statistic
  model             mean loss      MCS p  round  in set
  cop_0001_lp_s1      2.52453      0.000    590  
  cop_0002_lp_s1      2.38429      0.000    676  
  cop_0003_lp_s1      2.55463      0.000    650  
  cop_0004_lp_s1      1.71256      0.000    908  
  cop_0005_lp_s1      1.96500      0.000    781  
  cop_0006_lp_s1      2.14702      0.000    738  
  cop_0007_lp_s1      3.20529      0.000    496  
  cop_0008_lp_s1      2.36914      0.000    679  
  cop_0009_lp_s1     19.77526      0.000     15  
  cop_0010_lp_s1      2.88561      0.000    576  
  cop_0011_lp_s1      1.73971      0.000    896  
  cop_0012_lp_s1      7.62958      0.000    144  
  cop_0013_lp_s1      8.12686      0.000     80  
  cop_0014_lp_s1      3.61891      0.000    376  
  cop_0015_lp_s1      4.26624      0.000    311  
  cop_0016_lp_s1      1.90280      0.000    841  
  cop_0017_lp_s1      2.69223      0.000    606  
  cop_0018_lp_s1      4.32514      0.000    278  
  cop_0019_lp_s1      2.64902      0.000    619  
  cop_0020_lp_s1      6.56456      0.000    166  
  cop_0021_lp_s1      5.52077      0.000    301  
  cop_0022_lp_s1      2.48403      0.000    625  
  cop_0023_lp_s1      2.67333      0.000    558  
  cop_0024_lp_s1      1.95312      0.000    823  
  cop_0025_lp_s1      6.68819      0.000    142  
  cop_0026_lp_s1      5.28758      0.000    266  
  cop_0027_lp_s1      2.41055      0.000    674  
  cop_0028_lp_s1      3.67525      0.000    402  
  cop_0029_lp_s1      4.96909      0.000    298  
  cop_0030_lp_s1      1.76132      0.000    889  
  cop_0031_lp_s1      1.53920      0.000    975  
  cop_0032_lp_s1      1.84320      0.000    858  
  cop_0033_lp_s1      3.68851      0.000    397  
  cop_0034_lp_s1      5.29297      0.000    291  
  cop_0035_lp_s1      2.47122      0.000    648  
  cop_0036_lp_s1      1.68146      0.000    924  
  cop_0037_lp_s1      1.94114      0.000    819  
  cop_0038_lp_s1      7.91112      0.000    152  
  cop_0039_lp_s1      2.60610      0.000    612  
  cop_0040_lp_s1      2.18361      0.000    733  
  cop_0041_lp_s1      4.69534      0.000    281  
  cop_0042_lp_s1      3.41467      0.000    412  
  cop_0043_lp_s1      8.74753      0.000     75  
  cop_0044_lp_s1      1.55342      0.000    973  
  cop_0045_lp_s1      3.23799      0.000    521  
  cop_0046_lp_s1     12.01174      0.000     42  
  cop_0047_lp_s1      1.54456      0.000    976  
  cop_0048_lp_s1     18.10686      0.000     26  
  cop_0049_lp_s1     28.73735      0.000     17  
  cop_0050_lp_s1      1.86366      0.000    847  
  cop_0051_lp_s1      8.95640      0.000     87  
  cop_0052_lp_s1     12.04668      0.000     95  
  cop_0053_lp_s1      2.93236      0.000    492  
  cop_0054_lp_s1      1.58676      0.000    958  
  cop_0055_lp_s1      7.20540      0.000    138  
  cop_0056_lp_s1     15.05276      0.000     27  
  cop_0057_lp_s1      1.72886      0.000    911  
  cop_0058_lp_s1     25.75702      0.000     32  
  cop_0059_lp_s1      6.00912      0.000    153  
  cop_0060_lp_s1      3.21906      0.000    451  
  cop_0061_lp_s1      2.01032      0.000    802  
  cop_0062_lp_s1      2.45783      0.000    670  
  cop_0063_lp_s1      7.09953      0.000    155  
  cop_0064_lp_s1      6.17704      0.000    122  
  cop_0065_lp_s1      7.58240      0.000    102  
  cop_0066_lp_s1      1.84941      0.000    857  
  cop_0067_lp_s1      2.48476      0.000    638  
  cop_0068_lp_s1      2.19677      0.000    693  
  cop_0069_lp_s1      2.54254      0.000    616  
  cop_0070_lp_s1      1.75133      0.000    895  
  cop_0071_lp_s1      3.22411      0.000    407  
  cop_0072_lp_s1      2.02190      0.000    788  
  cop_0073_lp_s1      3.05558      0.000    515  
  cop_0074_lp_s1      5.08209      0.000    270  
  cop_0075_lp_s1      3.17122      0.000    463  
  cop_0076_lp_s1      2.40870      0.000    639  
  cop_0077_lp_s1      3.96563      0.000    321  
  cop_0078_lp_s1      2.21481      0.000    691  
  cop_0079_lp_s1      1.60285      0.000    953  
  cop_0080_lp_s1     17.40809      0.000     37  
  cop_0081_lp_s1      2.70307      0.000    598  
  cop_0082_lp_s1      2.20521      0.000    712  
  cop_0083_lp_s1      3.13375      0.000    460  
  cop_0084_lp_s1      5.47481      0.000    253  
  cop_0085_lp_s1      7.17094      0.000     99  
  cop_0086_lp_s1     78.40385      0.000     20  
  cop_0087_lp_s1      1.86699      0.000    832  
  cop_0088_lp_s1     11.19991      0.000     45  
  cop_0089_lp_s1     16.08093      0.000    140  
  cop_0090_lp_s1      3.70277      0.000    360  
  cop_0091_lp_s1      2.14088      0.000    755  
  cop_0092_lp_s1      4.22264      0.000    319  
  cop_0093_lp_s1      7.06578      0.000    119  
  cop_0094_lp_s1      1.85406      0.000    854  
  cop_0095_lp_s1     21.16660      0.000     50  
  cop_0096_lp_s1     14.54173      0.000     65  
  cop_0097_lp_s1      1.91905      0.000    813  
  cop_0098_lp_s1      4.88224      0.000    210  
  cop_0099_lp_s1      2.39164      0.000    660  
  cop_0100_lp_s1      1.69126      0.000    931  
  cop_0101_lp_s1      2.68917      0.000    549  
  cop_0102_lp_s1      1.59179      0.000    952  
  cop_0103_lp_s1      1.89587      0.000    816  
  cop_0104_lp_s1      6.81151      0.000    176  
  cop_0105_lp_s1      2.41450      0.000    623  
  cop_0106_lp_s1      1.55477      0.000    968  
  cop_0107_lp_s1      1.74911      0.000    899  
  cop_0108_lp_s1      2.72235      0.000    621  
  cop_0109_lp_s1      2.45992      0.000    652  
  cop_0110_lp_s1      3.38049      0.000    440  
  cop_0111_lp_s1      4.36341      0.000    255  
  cop_0112_lp_s1      1.83425      0.000    859  
  cop_0113_lp_s1      3.47250      0.000    456  
  cop_0114_lp_s1     15.31735      0.000     89  
  cop_0115_lp_s1      8.78704      0.000     91  
  cop_0116_lp_s1      3.33672      0.000    443  
  cop_0117_lp_s1      1.67549      0.000    930  
  cop_0118_lp_s1      1.86330      0.000    850  
  cop_0119_lp_s1     20.85037      0.000     46  
  cop_0120_lp_s1      1.90909      0.000    815  
  cop_0121_lp_s1      1.74207      0.000    900  
  cop_0122_lp_s1      5.75715      0.000    221  
  cop_0123_lp_s1      6.48134      0.000    167  
  cop_0124_lp_s1      2.87898      0.000    520  
  cop_0125_lp_s1      2.32985      0.000    684  
  cop_0126_lp_s1      2.11448      0.000    756  
  cop_0127_lp_s1      2.39382      0.000    654  
  cop_0128_lp_s1      2.90492      0.000    542  
  cop_0129_lp_s1      5.35347      0.000    300  
  cop_0130_lp_s1     16.07687      0.000     55  
  cop_0131_lp_s1      2.95731      0.000    535  
  cop_0132_lp_s1      5.58071      0.000    218  
  cop_0133_lp_s1      2.56066      0.000    585  
  cop_0134_lp_s1      1.76968      0.000    878  
  cop_0135_lp_s1      2.20973      0.000    732  
  cop_0136_lp_s1      1.64269      0.000    944  
  cop_0137_lp_s1      4.21577      0.000    356  
  cop_0138_lp_s1      8.39679      0.000    109  
  cop_0139_lp_s1      1.56528      0.000    960  
  cop_0140_lp_s1     28.19847      0.000      7  
  cop_0141_lp_s1      3.01006      0.000    489  
  cop_0142_lp_s1      1.46596      0.000    988  
  cop_0143_lp_s1      4.79848      0.000    219  
  cop_0144_lp_s1      2.82855      0.000    552  
  cop_0145_lp_s1      1.72728      0.000    906  
  cop_0146_lp_s1      3.91230      0.000    361  
  cop_0147_lp_s1      1.95999      0.000    824  
  cop_0148_lp_s1      1.39060      0.000    997  
  cop_0149_lp_s1      2.70465      0.000    634  
  cop_0150_lp_s1      2.04665      0.000    752  
  cop_0151_lp_s1      2.91801      0.000    566  
  cop_0152_lp_s1      2.02375      0.000    785  
  cop_0153_lp_s1      5.97200      0.000    233  
  cop_0154_lp_s1     18.32876      0.000     57  
  cop_0155_lp_s1      4.05847      0.000    330  
  cop_0156_lp_s1      1.79414      0.000    880  
  cop_0157_lp_s1      1.70036      0.000    928  
  cop_0158_lp_s1     12.12866      0.000    121  
  cop_0159_lp_s1      6.31886      0.000    183  
  cop_0160_lp_s1      7.80233      0.000    117  
  cop_0161_lp_s1      2.14382      0.000    749  
  cop_0162_lp_s1      2.20372      0.000    719  
  cop_0163_lp_s1      4.89200      0.000    303  
  cop_0164_lp_s1      7.22447      0.000    156  
  cop_0165_lp_s1      1.82984      0.000    866  
  cop_0166_lp_s1      1.57421      0.000    963  
  cop_0167_lp_s1     10.68254      0.000     67  
  cop_0168_lp_s1      9.42966      0.000     71  
  cop_0169_lp_s1      1.91510      0.000    820  
  cop_0170_lp_s1      2.75698      0.000    589  
  cop_0171_lp_s1      2.02285      0.000    783  
  cop_0172_lp_s1      1.72086      0.000    909  
  cop_0173_lp_s1      2.14174      0.000    747  
  cop_0174_lp_s1      3.01977      0.000    508  
  cop_0175_lp_s1      5.48239      0.000    165  
  cop_0176_lp_s1      2.74511      0.000    539  
  cop_0177_lp_s1      3.21262      0.000    438  
  cop_0178_lp_s1      6.28449      0.000    187  
  cop_0179_lp_s1      2.47494      0.000    659  
  cop_0180_lp_s1      2.64056      0.000    614  
  cop_0181_lp_s1      3.09841      0.000    485  
  cop_0182_lp_s1      2.15302      0.000    751  
  cop_0183_lp_s1      1.80963      0.000    875  
  cop_0184_lp_s1     14.53339      0.000     41  
  cop_0185_lp_s1      2.12704      0.000    723  
  cop_0186_lp_s1      1.79379      0.000    872  
  cop_0187_lp_s1      2.23829      0.000    702  
  cop_0188_lp_s1      5.66126      0.000    192  
  cop_0189_lp_s1      2.98268      0.000    435  
  cop_0190_lp_s1      4.39758      0.000    325  
  cop_0191_lp_s1      1.30569      1.000      -  yes
  cop_0192_lp_s1      3.61919      0.000    359  
  cop_0193_lp_s1      2.93714      0.000    513  
  cop_0194_lp_s1      2.16658      0.000    739  
  cop_0195_lp_s1      3.19629      0.000    487  
  cop_0196_lp_s1      2.70888      0.000    605  
  cop_0197_lp_s1      4.08984      0.000    355  
  cop_0198_lp_s1      3.86548      0.000    362  
  cop_0199_lp_s1      2.56035      0.000    595  
  cop_0200_lp_s1      2.55023      0.000    628  
  cop_0201_lp_s1      2.08229      0.000    766  
  cop_0202_lp_s1     14.46071      0.000    103  
  cop_0203_lp_s1      3.12114      0.000    427  
  cop_0204_lp_s1      2.88580      0.000    560  
  cop_0205_lp_s1      1.51229      0.000    982  
  cop_0206_lp_s1     10.81798      0.000     60  
  cop_0207_lp_s1      2.01380      0.000    801  
  cop_0208_lp_s1      3.88551      0.000    378  
  cop_0209_lp_s1      4.46789      0.000    258  
  cop_0210_lp_s1      3.47642      0.000    387  
  cop_0211_lp_s1      1.55043      0.000    966  
  cop_0212_lp_s1     16.17238      0.000     35  
  cop_0213_lp_s1      1.72438      0.000    907  
  cop_0214_lp_s1     57.74998      0.000     30  
  cop_0215_lp_s1      4.14188      0.000    294  
  cop_0216_lp_s1      4.53790      0.000    282  
  cop_0217_lp_s1      5.62458      0.000    268  
  cop_0218_lp_s1      2.94947      0.000    559  
  cop_0219_lp_s1    212.27349      0.000      1  
  cop_0220_lp_s1      2.06374      0.000    770  
  cop_0221_lp_s1      2.96994      0.000    563  
  cop_0222_lp_s1      3.64001      0.000    399  
  cop_0223_lp_s1      5.30916      0.000    196  
  cop_0224_lp_s1      3.50244      0.000    422  
  cop_0225_lp_s1      2.68341      0.000    550  
  cop_0226_lp_s1      1.79625      0.000    885  
  cop_0227_lp_s1      2.68648      0.000    581  
  cop_0228_lp_s1      1.95566      0.000    804  
  cop_0229_lp_s1     10.48397      0.000     82  
  cop_0230_lp_s1    163.82550      0.000     25  
  cop_0231_lp_s1      1.62429      0.000    946  
  cop_0232_lp_s1      2.29417      0.000    668  
  cop_0233_lp_s1      3.76297      0.000    345  
  cop_0234_lp_s1      3.08116      0.000    504  
  cop_0235_lp_s1      4.59713      0.000    307  
  cop_0236_lp_s1      2.06044      0.000    758  
  cop_0237_lp_s1      2.60926      0.000    575  
  cop_0238_lp_s1      4.20103      0.000    342  
  cop_0239_lp_s1      2.20483      0.000    701  
  cop_0240_lp_s1      1.76994      0.000    892  
  cop_0241_lp_s1      1.49398      0.000    985  
  cop_0242_lp_s1      4.40450      0.000    283  
  cop_0243_lp_s1      2.20655      0.000    697  
  cop_0244_lp_s1      7.87993      0.000    131  
  cop_0245_lp_s1      8.78908      0.000     84  
  cop_0246_lp_s1      3.19108      0.000    488  
  cop_0247_lp_s1      3.12137      0.000    499  
  cop_0248_lp_s1      3.07849      0.000    474  
  cop_0249_lp_s1      2.18443      0.000    695  
  cop_0250_lp_s1      2.62063      0.000    631  
  cop_0251_lp_s1      5.40577      0.000    231  
  cop_0252_lp_s1      2.60090      0.000    611  
  cop_0253_lp_s1     22.45032      0.000     40  
  cop_0254_lp_s1      1.90624      0.000    822  
  cop_0255_lp_s1      1.92015      0.000    814  
  cop_0256_lp_s1      1.86924      0.000    851  
  cop_0257_lp_s1     41.18467      0.000     14  
  cop_0258_lp_s1      2.87667      0.000    556  
  cop_0259_lp_s1      3.94977      0.000    353  
  cop_0260_lp_s1      3.68857      0.000    390  
  cop_0261_lp_s1      3.81954      0.000    320  
  cop_0262_lp_s1     20.41818      0.000     23  
  cop_0263_lp_s1     11.15049      0.000     44  
  cop_0264_lp_s1      3.08943      0.000    482  
  cop_0265_lp_s1      2.25697      0.000    704  
  cop_0266_lp_s1      8.26461      0.000    215  
  cop_0267_lp_s1      2.15627      0.000    750  
  cop_0268_lp_s1      2.67974      0.000    586  
  cop_0269_lp_s1      1.56802      0.000    962  
  cop_0270_lp_s1      6.15824      0.000    162  
  cop_0271_lp_s1      5.39214      0.000    201  
  cop_0272_lp_s1      3.22259      0.000    430  
  cop_0273_lp_s1      3.99303      0.000    292  
  cop_0274_lp_s1      1.91795      0.000    826  
  cop_0275_lp_s1      5.85591      0.000    154  
  cop_0276_lp_s1      6.90636      0.000    143  
  cop_0277_lp_s1      2.28907      0.000    717  
  cop_0278_lp_s1      5.54444      0.000    244  
  cop_0279_lp_s1      5.29112      0.000    249  
  cop_0280_lp_s1      2.91799      0.000    533  
  cop_0281_lp_s1      1.62824      0.000    945  
  cop_0282_lp_s1      2.43781      0.000    635  
  cop_0283_lp_s1      4.62515      0.000    286  
  cop_0284_lp_s1      2.86063      0.000    561  
  cop_0285_lp_s1      1.56663      0.000    969  
  cop_0286_lp_s1      5.10487      0.000    275  
  cop_0287_lp_s1      9.16843      0.000    107  
  cop_0288_lp_s1      2.27349      0.000    698  
  cop_0289_lp_s1      2.65044      0.000    599  
  cop_0290_lp_s1      5.95909      0.000    224  
  cop_0291_lp_s1      6.10014      0.000    220  
  cop_0292_lp_s1      2.85087      0.000    570  
  cop_0293_lp_s1      2.62196      0.000    562  
  cop_0294_lp_s1      2.81999      0.000    507  
  cop_0295_lp_s1      4.63345      0.000    331  
  cop_0296_lp_s1      3.48547      0.000    403  
  cop_0297_lp_s1     32.04231      0.000     10  
  cop_0298_lp_s1      1.53518      0.000    977  
  cop_0299_lp_s1      1.80845      0.000    884  
  cop_0300_lp_s1     11.01524      0.000     70  
  cop_0301_lp_s1      3.81984      0.000    382  
  cop_0302_lp_s1      2.17069      0.000    716  
  cop_0303_lp_s1      4.42856      0.000    234  
  cop_0304_lp_s1      5.75944      0.000    169  
  cop_0305_lp_s1      4.47545      0.000    368  
  cop_0306_lp_s1      2.14244      0.000    744  
  cop_0307_lp_s1      3.77329      0.000    322  
  cop_0308_lp_s1     28.33849      0.000     28  
  cop_0309_lp_s1      3.31137      0.000    457  
  cop_0310_lp_s1      2.75283      0.000    582  
  cop_0311_lp_s1      4.99379      0.000    254  
  cop_0312_lp_s1      2.02203      0.000    790  
  cop_0313_lp_s1      2.98846      0.000    547  
  cop_0314_lp_s1      2.82561      0.000    546  
  cop_0315_lp_s1      4.49158      0.000    250  
  cop_0316_lp_s1      2.43345      0.000    664  
  cop_0317_lp_s1      1.68962      0.000    934  
  cop_0318_lp_s1      3.15170      0.000    516  
  cop_0319_lp_s1      3.06767      0.000    486  
  cop_0320_lp_s1      1.87287      0.000    833  
  cop_0321_lp_s1      1.86139      0.000    842  
  cop_0322_lp_s1      4.65468      0.000    332  
  cop_0323_lp_s1     93.27136      0.000     11  
  cop_0324_lp_s1      4.22591      0.000    373  
  cop_0325_lp_s1     12.81107      0.000     72  
  cop_0326_lp_s1      7.62061      0.000    145  
  cop_0327_lp_s1     15.59297      0.000     38  
  cop_0328_lp_s1      5.10963      0.000    227  
  cop_0329_lp_s1     39.14582      0.000     12  
  cop_0330_lp_s1      3.96469      0.000    374  
  cop_0331_lp_s1      3.49399      0.000    426  
  cop_0332_lp_s1      8.44833      0.000     86  
  cop_0333_lp_s1     10.43392      0.000    118  
  cop_0334_lp_s1      2.27136      0.000    699  
  cop_0335_lp_s1      1.71174      0.000    910  
  cop_0336_lp_s1      3.55417      0.000    396  
  cop_0337_lp_s1      1.99115      0.000    791  
  cop_0338_lp_s1      1.82843      0.000    868  
  cop_0339_lp_s1      3.03174      0.000    491  
  cop_0340_lp_s1      4.24289      0.000    352  
  cop_0341_lp_s1      4.06166      0.000    363  
  cop_0342_lp_s1      4.88267      0.000    293  
  cop_0343_lp_s1      1.74348      0.000    897  
  cop_0344_lp_s1      4.65530      0.000    341  
  cop_0345_lp_s1      3.48059      0.000    410  
  cop_0346_lp_s1      1.97992      0.000    798  
  cop_0347_lp_s1      1.48693      0.000    986  
  cop_0348_lp_s1      1.73448      0.000    898  
  cop_0349_lp_s1      1.78998      0.000    876  
  cop_0350_lp_s1      1.94167      0.000    806  
  cop_0351_lp_s1      1.64811      0.000    943  
  cop_0352_lp_s1      2.98111      0.000    544  
  cop_0353_lp_s1      1.93220      0.000    825  
  cop_0354_lp_s1      7.94657      0.000    150  
  cop_0355_lp_s1      2.39863      0.000    641  
  cop_0356_lp_s1      1.42753      0.000    992  
  cop_0357_lp_s1      3.94702      0.000    337  
  cop_0358_lp_s1      3.87635      0.000    384  
  cop_0359_lp_s1      7.24053      0.000    123  
  cop_0360_lp_s1      4.51038      0.000    336  
  cop_0361_lp_s1      1.79737      0.000    879  
  cop_0362_lp_s1     21.53980      0.000     49  
  cop_0363_lp_s1      3.23901      0.000    424  
  cop_0364_lp_s1      1.98959      0.000    810  
  cop_0365_lp_s1      7.40215      0.000    172  
  cop_0366_lp_s1     11.48937      0.000     83  
  cop_0367_lp_s1      1.68744      0.000    933  
  cop_0368_lp_s1      1.90629      0.000    834  
  cop_0369_lp_s1      1.75266      0.000    893  
  cop_0370_lp_s1      5.23022      0.000    223  
  cop_0371_lp_s1      3.11363      0.000    495  
  cop_0372_lp_s1      4.12414      0.000    350  
  cop_0373_lp_s1      2.69632      0.000    618  
  cop_0374_lp_s1      1.66594      0.000    938  
  cop_0375_lp_s1     23.82889      0.000     19  
  cop_0376_lp_s1      4.91693      0.000    305  
  cop_0377_lp_s1      2.00329      0.000    796  
  cop_0378_lp_s1      2.32961      0.000    669  
  cop_0379_lp_s1      7.92802      0.000     88  
  cop_0380_lp_s1      6.87086      0.000    173  
  cop_0381_lp_s1     18.46696      0.000     48  
  cop_0382_lp_s1      2.30165      0.000    665  
  cop_0383_lp_s1      3.83194      0.000    389  
  cop_0384_lp_s1      3.96005      0.000    392  
  cop_0385_lp_s1      4.23538      0.000    284  
  cop_0386_lp_s1      3.00819      0.000    545  
  cop_0387_lp_s1      9.66993      0.000     63  
  cop_0388_lp_s1     20.58895      0.000     13  
  cop_0389_lp_s1     34.53306      0.000      8  
  cop_0390_lp_s1      1.78110      0.000    881  
  cop_0391_lp_s1     16.61323      0.000     31  
  cop_0392_lp_s1      3.48043      0.000    383  
  cop_0393_lp_s1      9.87859      0.000     79  
  cop_0394_lp_s1      5.26347      0.000    186  
  cop_0395_lp_s1      3.06526      0.000    493  
  cop_0396_lp_s1      1.78819      0.000    883  
  cop_0397_lp_s1      1.58566      0.000    954  
  cop_0398_lp_s1      4.15676      0.000    398  
  cop_0399_lp_s1      1.68947      0.000    923  
  cop_0400_lp_s1      2.57666      0.000    607  
  cop_0401_lp_s1      3.30867      0.000    446  
  cop_0402_lp_s1      5.77236      0.000    161  
  cop_0403_lp_s1      2.47964      0.000    629  
  cop_0404_lp_s1      5.35001      0.000    257  
  cop_0405_lp_s1      6.30910      0.000    241  
  cop_0406_lp_s1      4.38290      0.000    302  
  cop_0407_lp_s1      3.19018      0.000    472  
  cop_0408_lp_s1      2.35066      0.000    680  
  cop_0409_lp_s1      4.09147      0.000    366  
  cop_0410_lp_s1      1.35683      0.000    998  
  cop_0411_lp_s1    243.41754      0.000      3  
  cop_0412_lp_s1     11.21426      0.000     39  
  cop_0413_lp_s1      1.70180      0.000    914  
  cop_0414_lp_s1      7.91936      0.000    104  
  cop_0415_lp_s1      5.21286      0.000    246  
  cop_0416_lp_s1      3.61304      0.000    370  
  cop_0417_lp_s1      2.92904      0.000    466  
  cop_0418_lp_s1      5.59797      0.000    251  
  cop_0419_lp_s1      7.29835      0.000    208  
  cop_0420_lp_s1      4.64111      0.000    308  
  cop_0421_lp_s1      3.34426      0.000    433  
  cop_0422_lp_s1      1.78494      0.000    886  
  cop_0423_lp_s1      1.69606      0.000    916  
  cop_0424_lp_s1      1.68603      0.000    937  
  cop_0425_lp_s1     11.76907      0.000     51  
  cop_0426_lp_s1      1.56801      0.000    964  
  cop_0427_lp_s1      5.49309      0.000    204  
  cop_0428_lp_s1      1.84824      0.000    848  
  cop_0429_lp_s1      1.53992      0.000    974  
  cop_0430_lp_s1      2.94894      0.000    448  
  cop_0431_lp_s1      2.11982      0.000    728  
  cop_0432_lp_s1      2.67265      0.000    594  
  cop_0433_lp_s1      3.22234      0.000    417  
  cop_0434_lp_s1      4.38627      0.000    375  
  cop_0435_lp_s1      1.79677      0.000    877  
  cop_0436_lp_s1      2.21280      0.000    729  
  cop_0437_lp_s1      1.39584      0.000    996  
  cop_0438_lp_s1      2.90409      0.000    481  
  cop_0439_lp_s1      2.34818      0.000    685  
  cop_0440_lp_s1      1.82997      0.000    852  
  cop_0441_lp_s1      2.84504      0.000    555  
  cop_0442_lp_s1      2.52603      0.000    601  
  cop_0443_lp_s1      2.21157      0.000    706  
  cop_0444_lp_s1      1.69163      0.000    918  
  cop_0445_lp_s1      2.83946      0.000    522  
  cop_0446_lp_s1     44.24384      0.000      4  
  cop_0447_lp_s1      3.21725      0.000    449  
  cop_0448_lp_s1      3.34760      0.000    409  
  cop_0449_lp_s1      5.68512      0.000    151  
  cop_0450_lp_s1      1.82445      0.000    856  
  cop_0451_lp_s1      3.17067      0.000    512  
  cop_0452_lp_s1      3.49443      0.000    419  
  cop_0453_lp_s1      2.37619      0.000    671  
  cop_0454_lp_s1      5.52361      0.000    149  
  cop_0455_lp_s1      6.69459      0.000    239  
  cop_0456_lp_s1      5.40301      0.000    260  
  cop_0457_lp_s1      1.67868      0.000    935  
  cop_0458_lp_s1      2.04939      0.000    774  
  cop_0459_lp_s1      1.99503      0.000    777  
  cop_0460_lp_s1      1.84308      0.000    853  
  cop_0461_lp_s1      7.88974      0.000     59  
  cop_0462_lp_s1      2.93075      0.000    506  
  cop_0463_lp_s1      3.06436      0.000    503  
  cop_0464_lp_s1      2.20143      0.000    730  
  cop_0465_lp_s1      2.19631      0.000    725  
  cop_0466_lp_s1      1.67982      0.000    922  
  cop_0467_lp_s1      2.23609      0.000    682  
  cop_0468_lp_s1      4.19028      0.000    285  
  cop_0469_lp_s1      1.99217      0.000    807  
  cop_0470_lp_s1      3.27449      0.000    428  
  cop_0471_lp_s1      3.30309      0.000    445  
  cop_0472_lp_s1      3.87077      0.000    406  
  cop_0473_lp_s1      3.03521      0.000    477  
  cop_0474_lp_s1      2.49052      0.000    642  
  cop_0475_lp_s1      4.78473      0.000    280  
  cop_0476_lp_s1      2.46148      0.000    636  
  cop_0477_lp_s1      1.89130      0.000    835  
  cop_0478_lp_s1      1.57950      0.000    957  
  cop_0479_lp_s1      2.06426      0.000    776  
  cop_0480_lp_s1      1.80269      0.000    874  
  cop_0481_lp_s1      1.90226      0.000    840  
  cop_0482_lp_s1      2.23854      0.000    718  
  cop_0483_lp_s1      3.07230      0.000    441  
  cop_0484_lp_s1      5.08687      0.000    222  
  cop_0485_lp_s1      3.96683      0.000    404  
  cop_0486_lp_s1     11.81429      0.000    113  
  cop_0487_lp_s1      7.44502      0.000    157  
  cop_0488_lp_s1      6.76377      0.000    164  
  cop_0489_lp_s1      2.40623      0.000    651  
  cop_0490_lp_s1      5.16999      0.000    299  
  cop_0491_lp_s1      7.76324      0.000    134  
  cop_0492_lp_s1      3.86778      0.000    385  
  cop_0493_lp_s1      3.35620      0.000    452  
  cop_0494_lp_s1      1.89807      0.000    843  
  cop_0495_lp_s1      3.28937      0.000    459  
  cop_0496_lp_s1      5.25442      0.000    242  
  cop_0497_lp_s1      2.57200      0.000    637  
  cop_0498_lp_s1      2.27175      0.000    687  
  cop_0499_lp_s1      4.02961      0.000    314  
  cop_0500_lp_s1      1.95332      0.000    821  
  cop_0501_lp_s1      2.04782      0.000    767  
  cop_0502_lp_s1      2.18322      0.000    731  
  cop_0503_lp_s1      1.86419      0.000    846  
  cop_0504_lp_s1      3.24001      0.000    418  
  cop_0505_lp_s1      3.28316      0.000    394  
  cop_0506_lp_s1      3.23795      0.000    480  
  cop_0507_lp_s1      3.15631      0.000    502  
  cop_0508_lp_s1      6.12985      0.000    195  
  cop_0509_lp_s1      1.97751      0.000    805  
  cop_0510_lp_s1      1.52083      0.000    979  
  cop_0511_lp_s1     20.70529      0.000     76  
  cop_0512_lp_s1      2.57616      0.000    602  
  cop_0513_lp_s1      2.18300      0.000    746  
  cop_0514_lp_s1      2.00289      0.000    794  
  cop_0515_lp_s1      3.25315      0.000    405  
  cop_0516_lp_s1      1.95112      0.000    817  
  cop_0517_lp_s1      6.21884      0.000    177  
  cop_0518_lp_s1      2.27724      0.000    705  
  cop_0519_lp_s1      1.41725      0.000    994  
  cop_0520_lp_s1      2.14431      0.000    757  
  cop_0521_lp_s1      4.56168      0.000    333  
  cop_0522_lp_s1      3.78310      0.000    340  
  cop_0523_lp_s1      1.81591      0.000    862  
  cop_0524_lp_s1      2.84315      0.000    572  
  cop_0525_lp_s1      1.81791      0.000    861  
  cop_0526_lp_s1      1.56844      0.000    961  
  cop_0527_lp_s1      1.68005      0.000    929  
  cop_0528_lp_s1      7.27592      0.000    110  
  cop_0529_lp_s1      2.13548      0.000    741  
  cop_0530_lp_s1      3.26062      0.000    454  
  cop_0531_lp_s1      2.30502      0.000    690  
  cop_0532_lp_s1      7.74221      0.000    163  
  cop_0533_lp_s1      1.58421      0.000    955  
  cop_0534_lp_s1      1.47576      0.000    987  
  cop_0535_lp_s1     10.05062      0.000    132  
  cop_0536_lp_s1      2.08963      0.000    753  
  cop_0537_lp_s1      3.88028      0.000    372  
  cop_0538_lp_s1      1.49801      0.000    983  
  cop_0539_lp_s1      4.33381      0.000    328  
  cop_0540_lp_s1      2.13232      0.000    740  
  cop_0541_lp_s1      2.68261      0.000    609  
  cop_0542_lp_s1      2.04659      0.000    762  
  cop_0543_lp_s1      2.89602      0.000    568  
  cop_0544_lp_s1      2.20148      0.000    743  
  cop_0545_lp_s1      2.90247      0.000    501  
  cop_0546_lp_s1      3.28551      0.000    400  
  cop_0547_lp_s1      3.04857      0.000    505  
  cop_0548_lp_s1     12.66527      0.000     61  
  cop_0549_lp_s1     78.04721      0.000      9  
  cop_0550_lp_s1      7.34280      0.000    141  
  cop_0551_lp_s1      5.36525      0.000    200  
  cop_0552_lp_s1      1.70128      0.000    925  
  cop_0553_lp_s1      2.01179      0.000    780  
  cop_0554_lp_s1      1.59238      0.000    948  
  cop_0555_lp_s1      2.19912      0.000    703  
  cop_0556_lp_s1      2.81700      0.000    490  
  cop_0557_lp_s1      4.71605      0.000    369  
  cop_0558_lp_s1     10.75555      0.000    106  
  cop_0559_lp_s1      3.86608      0.000    357  
  cop_0560_lp_s1      5.67625      0.000    229  
  cop_0561_lp_s1      2.25189      0.000    735  
  cop_0562_lp_s1     39.81138      0.000     18  
  cop_0563_lp_s1      4.63689      0.000    288  
  cop_0564_lp_s1      2.65334      0.000    600  
  cop_0565_lp_s1      3.52114      0.000    386  
  cop_0566_lp_s1      2.17057      0.000    724  
  cop_0567_lp_s1      7.54327      0.000    160  
  cop_0568_lp_s1      2.95540      0.000    494  
  cop_0569_lp_s1      3.42756      0.000    476  
  cop_0570_lp_s1      1.99898      0.000    784  
  cop_0571_lp_s1      2.45050      0.000    663  
  cop_0572_lp_s1     13.09216      0.000     43  
  cop_0573_lp_s1      5.52327      0.000    225  
  cop_0574_lp_s1      1.81128      0.000    865  
  cop_0575_lp_s1      2.22434      0.000    709  
  cop_0576_lp_s1      3.58102      0.000    365  
  cop_0577_lp_s1      1.86804      0.000    845  
  cop_0578_lp_s1      3.76074      0.000    401  
  cop_0579_lp_s1      9.51225      0.000     58  
  cop_0580_lp_s1      5.46350      0.000    240  
  cop_0581_lp_s1      2.76527      0.000    587  
  cop_0582_lp_s1      9.91999      0.000     64  
  cop_0583_lp_s1      6.27207      0.000    238  
  cop_0584_lp_s1      6.91172      0.000    114  
  cop_0585_lp_s1      3.80530      0.000    380  
  cop_0586_lp_s1      2.53079      0.000    620  
  cop_0587_lp_s1      3.30083      0.000    468  
  cop_0588_lp_s1      4.35464      0.000    267  
  cop_0589_lp_s1      4.33794      0.000    339  
  cop_0590_lp_s1      5.08980      0.000    235  
  cop_0591_lp_s1     19.25979      0.000     97  
  cop_0592_lp_s1      2.79430      0.000    530  
  cop_0593_lp_s1      1.62345      0.000    947  
  cop_0594_lp_s1      2.14239      0.000    742  
  cop_0595_lp_s1      3.06107      0.000    529  
  cop_0596_lp_s1      1.84472      0.000    867  
  cop_0597_lp_s1      2.05140      0.000    771  
  cop_0598_lp_s1      1.57700      0.000    959  
  cop_0599_lp_s1      2.83865      0.000    519  
  cop_0600_lp_s1      2.33104      0.000    681  
  cop_0601_lp_s1      2.98763      0.000    532  
  cop_0602_lp_s1      5.14305      0.000    261  
  cop_0603_lp_s1      4.97136      0.000    184  
  cop_0604_lp_s1      1.83443      0.000    863  
  cop_0605_lp_s1      5.75881      0.000    182  
  cop_0606_lp_s1      3.14193      0.000    483  
  cop_0607_lp_s1      8.37347      0.000    127  
  cop_0608_lp_s1      7.34347      0.000     90  
  cop_0609_lp_s1      6.07985      0.000    230  
  cop_0610_lp_s1      6.43128      0.000    243  
  cop_0611_lp_s1      3.46988      0.000    439  
  cop_0612_lp_s1      6.43155      0.000    136  
  cop_0613_lp_s1      3.96555      0.000    312  
  cop_0614_lp_s1      4.07659      0.000    309  
  cop_0615_lp_s1      2.14235      0.000    722  
  cop_0616_lp_s1      3.17580      0.000    470  
  cop_0617_lp_s1      2.64668      0.000    591  
  cop_0618_lp_s1      4.77560      0.000    313  
  cop_0619_lp_s1      2.61517      0.000    578  
  cop_0620_lp_s1      2.33851      0.000    677  
  cop_0621_lp_s1      5.51352      0.000    179  
  cop_0622_lp_s1      1.97254      0.000    812  
  cop_0623_lp_s1      4.02799      0.000    367  
  cop_0624_lp_s1      1.98293      0.000    803  
  cop_0625_lp_s1      2.52564      0.000    613  
  cop_0626_lp_s1     10.39680      0.000    112  
  cop_0627_lp_s1      3.06898      0.000    411  
  cop_0628_lp_s1      1.78203      0.000    887  
  cop_0629_lp_s1      2.02660      0.000    772  
  cop_0630_lp_s1      3.73265      0.000    344  
  cop_0631_lp_s1      2.24607      0.000    714  
  cop_0632_lp_s1      7.91179      0.000     77  
  cop_0633_lp_s1      2.85949      0.000    543  
  cop_0634_lp_s1      1.68524      0.000    927  
  cop_0635_lp_s1      2.05105      0.000    763  
  cop_0636_lp_s1      4.64460      0.000    315  
  cop_0637_lp_s1     26.65111      0.000     96  
  cop_0638_lp_s1      2.98785      0.000    514  
  cop_0639_lp_s1      2.94081      0.000    531  
  cop_0640_lp_s1      3.50528      0.000    414  
  cop_0641_lp_s1      2.39625      0.000    655  
  cop_0642_lp_s1      1.60149      0.000    951  
  cop_0643_lp_s1      2.09812      0.000    754  
  cop_0644_lp_s1      3.15992      0.000    461  
  cop_0645_lp_s1      2.75013      0.000    541  
  cop_0646_lp_s1      2.13044      0.000    737  
  cop_0647_lp_s1      2.14101      0.000    726  
  cop_0648_lp_s1    148.80534      0.000      2  
  cop_0649_lp_s1      3.32266      0.000    453  
  cop_0650_lp_s1      2.01163      0.000    793  
  cop_0651_lp_s1      4.15533      0.000    351  
  cop_0652_lp_s1      1.59215      0.000    950  
  cop_0653_lp_s1      2.45128      0.000    640  
  cop_0654_lp_s1      1.64475      0.000    942  
  cop_0655_lp_s1      7.40979      0.000     85  
  cop_0656_lp_s1      4.78792      0.000    191  
  cop_0657_lp_s1      8.67270      0.000     69  
  cop_0658_lp_s1      4.82783      0.000    295  
  cop_0659_lp_s1      4.09435      0.000    287  
  cop_0660_lp_s1      1.53996      0.000    978  
  cop_0661_lp_s1      1.70656      0.000    915  
  cop_0662_lp_s1      5.48291      0.000    185  
  cop_0663_lp_s1      4.49134      0.000    264  
  cop_0664_lp_s1      1.79019      0.000    882  
  cop_0665_lp_s1      1.65954      0.000    939  
  cop_0666_lp_s1      2.63896      0.000    596  
  cop_0667_lp_s1      2.82430      0.000    574  
  cop_0668_lp_s1      3.20525      0.000    455  
  cop_0669_lp_s1      4.29592      0.000    277  
  cop_0670_lp_s1     32.52629      0.000     36  
  cop_0671_lp_s1      2.99463      0.000    469  
  cop_0672_lp_s1      2.71334      0.000    565  
  cop_0673_lp_s1      1.87511      0.000    829  
  cop_0674_lp_s1      5.48672      0.000    245  
  cop_0675_lp_s1      6.76483      0.000    212  
  cop_0676_lp_s1      3.70020      0.000    371  
  cop_0677_lp_s1      7.61862      0.000    174  
  cop_0678_lp_s1      3.31044      0.000    379  
  cop_0679_lp_s1     44.78793      0.000     16  
  cop_0680_lp_s1      3.99934      0.000    304  
  cop_0681_lp_s1      5.38178      0.000    178  
  cop_0682_lp_s1      3.25103      0.000    436  
  cop_0683_lp_s1      1.81105      0.000    870  
  cop_0684_lp_s1      1.70764      0.000    905  
  cop_0685_lp_s1      1.90290      0.000    831  
  cop_0686_lp_s1      1.64700      0.000    940  
  cop_0687_lp_s1      6.00605      0.000    202  
  cop_0688_lp_s1      2.64528      0.000    593  
  cop_0689_lp_s1      1.95669      0.000    792  
  cop_0690_lp_s1     22.59089      0.000     24  
  cop_0691_lp_s1      1.72111      0.000    903  
  cop_0692_lp_s1      2.05265      0.000    761  
  cop_0693_lp_s1      3.36712      0.000    377  
  cop_0694_lp_s1      1.83643      0.000    849  
  cop_0695_lp_s1      8.63335      0.000     74  
  cop_0696_lp_s1      1.69384      0.000    920  
  cop_0697_lp_s1      1.79959      0.000    864  
  cop_0698_lp_s1      3.65351      0.000    393  
  cop_0699_lp_s1      7.00233      0.000    216  
  cop_0700_lp_s1      9.46114      0.000     98  
  cop_0701_lp_s1      6.32818      0.000    213  
  cop_0702_lp_s1      1.42861      0.000    991  
  cop_0703_lp_s1      3.01010      0.000    525  
  cop_0704_lp_s1     23.43586      0.000     54  
  cop_0705_lp_s1      2.72150      0.000    615  
  cop_0706_lp_s1      2.95628      0.000    536  
  cop_0707_lp_s1      2.08382      0.000    768  
  cop_0708_lp_s1      1.46434      0.000    989  
  cop_0709_lp_s1      7.98188      0.000    116  
  cop_0710_lp_s1      4.76111      0.000    317  
  cop_0711_lp_s1      2.00074      0.000    778  
  cop_0712_lp_s1      2.27904      0.000    678  
  cop_0713_lp_s1      2.35939      0.000    653  
  cop_0714_lp_s1      5.43549      0.000    256  
  cop_0715_lp_s1      1.79030      0.000    891  
  cop_0716_lp_s1      5.55473      0.000    273  
  cop_0717_lp_s1      1.34081      0.000    999  
  cop_0718_lp_s1      5.58219      0.000    180  
  cop_0719_lp_s1      2.96370      0.000    548  
  cop_0720_lp_s1      1.70552      0.000    919  
  cop_0721_lp_s1      5.39650      0.000    226  
  cop_0722_lp_s1      5.45555      0.000    252  
  cop_0723_lp_s1      2.63821      0.000    583  
  cop_0724_lp_s1      3.06968      0.000    425  
  cop_0725_lp_s1      1.89384      0.000    830  
  cop_0726_lp_s1      3.04029      0.000    526  
  cop_0727_lp_s1      1.98448      0.000    800  
  cop_0728_lp_s1      2.70613      0.000    580  
  cop_0729_lp_s1      2.25976      0.000    694  
  cop_0730_lp_s1      3.93955      0.000    326  
  cop_0731_lp_s1      2.01425      0.000    789  
  cop_0732_lp_s1      5.66600      0.000    175  
  cop_0733_lp_s1      3.55220      0.000    437  
  cop_0734_lp_s1      6.79868      0.000    135  
  cop_0735_lp_s1      2.17980      0.000    745  
  cop_0736_lp_s1      2.21932      0.000    711  
  cop_0737_lp_s1      9.34465      0.000     68  
  cop_0738_lp_s1      1.99620      0.000    797  
  cop_0739_lp_s1     14.44577      0.000     73  
  cop_0740_lp_s1      1.68074      0.000    932  
  cop_0741_lp_s1      1.95573      0.000    799  
  cop_0742_lp_s1      2.13278      0.000    760  
  cop_0743_lp_s1      3.48576      0.000    423  
  cop_0744_lp_s1      4.25796      0.000    279  
  cop_0745_lp_s1      3.98916      0.000    316  
  cop_0746_lp_s1      3.86687      0.000    343  
  cop_0747_lp_s1      6.27119      0.000    228  
  cop_0748_lp_s1      2.34503      0.000    689  
  cop_0749_lp_s1      3.26188      0.000    395  
  cop_0750_lp_s1      2.01301      0.000    775  
  cop_0751_lp_s1      1.50822      0.000    981  
  cop_0752_lp_s1      7.57986      0.000     93  
  cop_0753_lp_s1      3.80739      0.000    354  
  cop_0754_lp_s1      6.10479      0.000    125  
  cop_0755_lp_s1      4.59399      0.000    271  
  cop_0756_lp_s1      2.01860      0.000    795  
  cop_0757_lp_s1      2.27153      0.000    710  
  cop_0758_lp_s1      2.62314      0.000    569  
  cop_0759_lp_s1      3.35763      0.000    444  
  cop_0760_lp_s1      4.58213      0.000    338  
  cop_0761_lp_s1      3.91814      0.000    348  
  cop_0762_lp_s1      2.96447      0.000    538  
  cop_0763_lp_s1      1.97625      0.000    811  
  cop_0764_lp_s1      2.17527      0.000    748  
  cop_0765_lp_s1      2.42974      0.000    661  
  cop_0766_lp_s1      2.57821      0.000    626  
  cop_0767_lp_s1      6.59174      0.000    214  
  cop_0768_lp_s1    100.22083      0.000      5  
  cop_0769_lp_s1      2.50538      0.000    630  
  cop_0770_lp_s1      2.25162      0.000    692  
  cop_0771_lp_s1      3.64066      0.000    388  
  cop_0772_lp_s1      1.54586      0.000    970  
  cop_0773_lp_s1      1.52695      0.000    980  
  cop_0774_lp_s1      1.82595      0.000    873  
  cop_0775_lp_s1      3.37440      0.000    462  
  cop_0776_lp_s1      3.05547      0.000    551  
  cop_0777_lp_s1      1.61322      0.000    949  
  cop_0778_lp_s1      2.33483      0.000    686  
  cop_0779_lp_s1      1.88799      0.000    839  
  cop_0780_lp_s1      2.03983      0.000    779  
  cop_0781_lp_s1      4.03244      0.000    349  
  cop_0782_lp_s1      1.84310      0.000    844  
  cop_0783_lp_s1      7.21598      0.000    100  
  cop_0784_lp_s1      2.02782      0.000    786  
  cop_0785_lp_s1      7.52436      0.000    115  
  cop_0786_lp_s1      6.16710      0.000    272  
  cop_0787_lp_s1     21.19847      0.000     62  
  cop_0788_lp_s1      5.25119      0.000    259  
  cop_0789_lp_s1      3.12599      0.000    479  
  cop_0790_lp_s1      4.83202      0.000    248  
  cop_0791_lp_s1      3.71059      0.000    381  
  cop_0792_lp_s1      6.40747      0.000    133  
  cop_0793_lp_s1      2.32054      0.000    696  
  cop_0794_lp_s1      1.98342      0.000    782  
  cop_0795_lp_s1      2.83248      0.000    537  
  cop_0796_lp_s1      1.74717      0.000    901  
  cop_0797_lp_s1      3.62472      0.000    431  
  cop_0798_lp_s1      2.97340      0.000    524  
  cop_0799_lp_s1      3.37020      0.000    391  
  cop_0800_lp_s1      2.77338      0.000    540  
  cop_0801_lp_s1      1.71976      0.000    904  
  cop_0802_lp_s1      1.97717      0.000    809  
  cop_0803_lp_s1      1.74980      0.000    888  
  cop_0804_lp_s1      2.82400      0.000    534  
  cop_0805_lp_s1      2.52022      0.000    632  
  cop_0806_lp_s1      2.56726      0.000    617  
  cop_0807_lp_s1      2.88423      0.000    509  
  cop_0808_lp_s1      7.62689      0.000    205  
  cop_0809_lp_s1      8.63897      0.000    101  
  cop_0810_lp_s1      8.84525      0.000     53  
  cop_0811_lp_s1      8.24869      0.000    124  
  cop_0812_lp_s1      7.15208      0.000    188  
  cop_0813_lp_s1      5.79049      0.000    198  
  cop_0814_lp_s1      2.34804      0.000    658  
  cop_0815_lp_s1      3.60548      0.000    415  
  cop_0816_lp_s1     17.04691      0.000     21  
  cop_0817_lp_s1      2.18956      0.000    715  
  cop_0818_lp_s1      3.36242      0.000    450  
  cop_0819_lp_s1      5.31224      0.000    199  
  cop_0820_lp_s1      1.82102      0.000    869  
  cop_0821_lp_s1      2.22063      0.000    713  
  cop_0822_lp_s1      3.55495      0.000    346  
  cop_0823_lp_s1      7.92836      0.000     92  
  cop_0824_lp_s1      1.50292      0.000    984  
  cop_0825_lp_s1      2.35601      0.000    683  
  cop_0826_lp_s1      1.92419      0.000    828  
  cop_0827_lp_s1      2.04883      0.000    773  
  cop_0828_lp_s1      2.42886      0.000    627  
  cop_0829_lp_s1      3.54406      0.000    413  
  cop_0830_lp_s1      6.16431      0.000    105  
  cop_0831_lp_s1      4.55964      0.000    335  
  cop_0832_lp_s1      1.44869      0.000    990  
  cop_0833_lp_s1      5.57117      0.000    197  
  cop_0834_lp_s1      2.52001      0.000    643  
  cop_0835_lp_s1      7.44099      0.000    171  
  cop_0836_lp_s1      5.07280      0.000    207  
  cop_0837_lp_s1      5.38263      0.000    263  
  cop_0838_lp_s1      2.75747      0.000    571  
  cop_0839_lp_s1      4.81834      0.000    296  
  cop_0840_lp_s1      2.40433      0.000    656  
  cop_0841_lp_s1      1.91594      0.000    818  
  cop_0842_lp_s1      4.65380      0.000    269  
  cop_0843_lp_s1      2.17192      0.000    700  
  cop_0844_lp_s1      2.34718      0.000    646  
  cop_0845_lp_s1      6.76748      0.000    139  
  cop_0846_lp_s1      6.61328      0.000    209  
  cop_0847_lp_s1      6.53135      0.000    206  
  cop_0848_lp_s1      2.93744      0.000    557  
  cop_0849_lp_s1      1.88667      0.000    838  
  cop_0850_lp_s1      1.69318      0.000    917  
  cop_0851_lp_s1      4.34151      0.000    318  
  cop_0852_lp_s1      1.88227      0.000    837  
  cop_0853_lp_s1      2.38495      0.000    688  
  cop_0854_lp_s1      2.63069      0.000    624  
  cop_0855_lp_s1      2.62442      0.000    577  
  cop_0856_lp_s1      3.56792      0.000    408  
  cop_0857_lp_s1      3.31204      0.000    464  
  cop_0858_lp_s1      3.56346      0.000    432  
  cop_0859_lp_s1      1.68692      0.000    926  
  cop_0860_lp_s1      7.06707      0.000    111  
  cop_0861_lp_s1      2.58446      0.000    597  
  cop_0862_lp_s1      1.64295      0.000    941  
  cop_0863_lp_s1      2.22965      0.000    727  
  cop_0864_lp_s1      4.20166      0.000    358  
  cop_0865_lp_s1      9.29977      0.000    181  
  cop_0866_lp_s1      2.64636      0.000    610  
  cop_0867_lp_s1      2.00667      0.000    787  
  cop_0868_lp_s1      8.93605      0.000     78  
  cop_0869_lp_s1      6.67161      0.000    120  
  cop_0870_lp_s1     15.36367      0.000     22  
  cop_0871_lp_s1      1.77301      0.000    890  
  cop_0872_lp_s1      3.06935      0.000    497  
  cop_0873_lp_s1      7.03156      0.000    232  
  cop_0874_lp_s1      1.67295      0.000    936  
  cop_0875_lp_s1      1.94090      0.000    808  
  cop_0876_lp_s1      2.03137      0.000    769  
  cop_0877_lp_s1      2.97612      0.000    517  
  cop_0878_lp_s1      2.25033      0.000    707  
  cop_0879_lp_s1      2.29531      0.000    672  
  cop_0880_lp_s1      2.33808      0.000    675  
  cop_0881_lp_s1      3.27434      0.000    484  
  cop_0882_lp_s1      2.78060      0.000    554  
  cop_0883_lp_s1      7.87426      0.000     81  
  cop_0884_lp_s1      1.74174      0.000    894  
  cop_0885_lp_s1     18.52262      0.000     29  
  cop_0886_lp_s1      2.30024      0.000    673  
  cop_0887_lp_s1      7.98912      0.000    217  
  cop_0888_lp_s1      6.38925      0.000    237  
  cop_0889_lp_s1      2.05704      0.000    764  
  cop_0890_lp_s1     11.55215      0.000    130  
  cop_0891_lp_s1      2.73396      0.000    564  
  cop_0892_lp_s1      4.39008      0.000    364  
  cop_0893_lp_s1      3.02406      0.000    500  
  cop_0894_lp_s1      6.68506      0.000    137  
  cop_0895_lp_s1      2.80595      0.000    523  
  cop_0896_lp_s1      2.59736      0.000    608  
  cop_0897_lp_s1      1.58322      0.000    956  
  cop_0898_lp_s1      2.61953      0.000    622  
  cop_0899_lp_s1      1.89801      0.000    836  
  cop_0900_lp_s1      9.82372      0.000     56  
  cop_0901_lp_s1      3.12724      0.000    465  
  cop_0902_lp_s1      1.84047      0.000    855  
  cop_0903_lp_s1      4.61177      0.000    306  
  cop_0904_lp_s1      2.04040      0.000    765  
  cop_0905_lp_s1      1.57057      0.000    967  
  cop_0906_lp_s1      1.55826      0.000    971  
  cop_0907_lp_s1      6.58872      0.000    126  
  cop_0908_lp_s1      4.29544      0.000    290  
  cop_0909_lp_s1      4.89895      0.000    297  
  cop_0910_lp_s1      3.49147      0.000    429  
  cop_0911_lp_s1      1.92023      0.000    827  
  cop_0912_lp_s1      2.83875      0.000    553  
  cop_0913_lp_s1      1.72401      0.000    902  
  cop_0914_lp_s1      1.71294      0.000    913  
  cop_0915_lp_s1      3.00345      0.000    498  
  cop_0916_lp_s1      2.43681      0.000    644  
  cop_0917_lp_s1      1.42788      0.000    993  
  cop_0918_lp_s1     13.71177      0.000    147  
  cop_0919_lp_s1      6.42923      0.000    158  
  cop_0920_lp_s1      2.96401      0.000    473  
  cop_0921_lp_s1      3.09579      0.000    467  
  cop_0922_lp_s1      4.59329      0.000    334  
  cop_0923_lp_s1      2.49159      0.000    649  
  cop_0924_lp_s1    109.60162      0.000      6  
  cop_0925_lp_s1      2.39353      0.000    657  
  cop_0926_lp_s1     14.17862      0.000     52  
  cop_0927_lp_s1      7.16404      0.000    129  
  cop_0928_lp_s1     13.89678      0.000     47  
  cop_0929_lp_s1      6.03957      0.000    236  
  cop_0930_lp_s1      2.46675      0.000    633  
  cop_0931_lp_s1      1.42030      0.000    995  
  cop_0932_lp_s1      5.28941      0.000    190  
  cop_0933_lp_s1      2.73634      0.000    579  
  cop_0934_lp_s1      3.02025      0.000    458  
  cop_0935_lp_s1      2.25990      0.000    666  
  cop_0936_lp_s1      3.97188      0.000    347  
  cop_0937_lp_s1      2.10729      0.000    759  
  cop_0938_lp_s1      5.93096      0.000    247  
  cop_0939_lp_s1      4.27197      0.000    310  
  cop_0940_lp_s1      4.29548      0.000    262  
  cop_0941_lp_s1      2.91544      0.000    567  
  cop_0942_lp_s1     18.54113      0.000     34  
  cop_0943_lp_s1      2.38114      0.000    667  
  cop_0944_lp_s1      2.84502      0.000    527  
  cop_0945_lp_s1      7.02730      0.000    159  
  cop_0946_lp_s1      4.17977      0.000    323  
  cop_0947_lp_s1      2.97159      0.000    447  
  cop_0948_lp_s1      1.55097      0.000    972  
  cop_0949_lp_s1      9.24132      0.000    170  
  cop_0950_lp_s1      2.17882      0.000    721  
  cop_0951_lp_s1      2.45662      0.000    647  
  cop_0952_lp_s1      3.08789      0.000    528  
  cop_0953_lp_s1      5.94869      0.000    189  
  cop_0954_lp_s1      6.00589      0.000    193  
  cop_0955_lp_s1      3.07233      0.000    510  
  cop_0956_lp_s1      2.64042      0.000    592  
  cop_0957_lp_s1      2.89368      0.000    518  
  cop_0958_lp_s1     10.44119      0.000     33  
  cop_0959_lp_s1      2.50517      0.000    645  
  cop_0960_lp_s1      5.75132      0.000    265  
  cop_0961_lp_s1      4.75170      0.000    289  
  cop_0962_lp_s1      3.40815      0.000    420  
  cop_0963_lp_s1      2.15989      0.000    734  
  cop_0964_lp_s1      2.09058      0.000    736  
  cop_0965_lp_s1      6.93840      0.000    146  
  cop_0966_lp_s1      5.46404      0.000    203  
  cop_0967_lp_s1     17.15462      0.000     66  
  cop_0968_lp_s1      2.73599      0.000    604  
  cop_0969_lp_s1      1.80358      0.000    871  
  cop_0970_lp_s1      1.57351      0.000    965  
  cop_0971_lp_s1      1.83097      0.000    860  
  cop_0972_lp_s1      2.29941      0.000    708  
  cop_0973_lp_s1      3.12450      0.000    442  
  cop_0974_lp_s1      1.69419      0.000    912  
  cop_0975_lp_s1      4.54739      0.000    274  
  cop_0976_lp_s1      4.51751      0.000    327  
  cop_0977_lp_s1     14.64901      0.000     94  
  cop_0978_lp_s1      3.40756      0.000    434  
  cop_0979_lp_s1      2.77771      0.000    584  
  cop_0980_lp_s1      9.66674      0.000    108  
  cop_0981_lp_s1      8.67129      0.000    128  
  cop_0982_lp_s1      2.57288      0.000    588  
  cop_0983_lp_s1      3.40952      0.000    421  
  cop_0984_lp_s1      8.63210      0.000    168  
  cop_0985_lp_s1      4.76851      0.000    324  
  cop_0986_lp_s1      3.11788      0.000    478  
  cop_0987_lp_s1      4.06515      0.000    329  
  cop_0988_lp_s1      3.40080      0.000    471  
  cop_0989_lp_s1      6.25812      0.000    148  
  cop_0990_lp_s1      4.92914      0.000    276  
  cop_0991_lp_s1      2.84298      0.000    573  
  cop_0992_lp_s1      4.69848      0.000    211  
  cop_0993_lp_s1      2.65809      0.000    603  
  cop_0994_lp_s1      1.69886      0.000    921  
  cop_0995_lp_s1      2.40576      0.000    662  
  cop_0996_lp_s1      3.00291      0.000    511  
  cop_0997_lp_s1      7.38936      0.000    194  
  cop_0998_lp_s1      2.21309      0.000    720  
  cop_0999_lp_s1      3.19524      0.000    475  
  cop_1000_lp_s1      3.70044      0.000    416  
  eliminated, worst first: cop_0219_lp_s1 cop_0648_lp_s1 cop_0411_lp_s1 cop_0446_lp_s1 cop_0768_lp_s1 cop_0924_lp_s1 cop_0140_lp_s1 cop_0389_lp_s1 cop_0549_lp_s1 cop_0297_lp_s1 cop_0323_lp_s1 cop_0329_lp_s1 cop_0388_lp_s1 cop_0257_lp_s1 cop_0009_lp_s1 cop_0679_lp_s1 cop_0049_lp_s1 cop_0562_lp_s1 cop_0375_lp_s1 cop_0086_lp_s1 cop_0816_lp_s1 cop_0870_lp_s1 cop_0262_lp_s1 cop_0690_lp_s1 cop_0230_lp_s1 cop_0048_lp_s1 cop_0056_lp_s1 cop_0308_lp_s1 cop_0885_lp_s1 cop_0214_lp_s1 cop_0391_lp_s1 cop_0058_lp_s1 cop_0958_lp_s1 cop_0942_lp_s1 cop_0212_lp_s1 cop_0670_lp_s1 cop_0080_lp_s1 cop_0327_lp_s1 cop_0412_lp_s1 cop_0253_lp_s1 cop_0184_lp_s1 cop_0046_lp_s1 cop_0572_lp_s1 cop_0263_lp_s1 cop_0088_lp_s1 cop_0119_lp_s1 cop_0928_lp_s1 cop_0381_lp_s1 cop_0362_lp_s1 cop_0095_lp_s1 cop_0425_lp_s1 cop_0926_lp_s1 cop_0810_lp_s1 cop_0704_lp_s1 cop_0130_lp_s1 cop_0900_lp_s1 cop_0154_lp_s1 cop_0579_lp_s1 cop_0461_lp_s1 cop_0206_lp_s1 cop_0548_lp_s1 cop_0787_lp_s1 cop_0387_lp_s1 cop_0582_lp_s1 cop_0096_lp_s1 cop_0967_lp_s1 cop_0167_lp_s1 cop_0737_lp_s1 cop_0657_lp_s1 cop_0300_lp_s1 cop_0168_lp_s1 cop_0325_lp_s1 cop_0739_lp_s1 cop_0695_lp_s1 cop_0043_lp_s1 cop_0511_lp_s1 cop_0632_lp_s1 cop_0868_lp_s1 cop_0393_lp_s1 cop_0013_lp_s1 cop_0883_lp_s1 cop_0229_lp_s1 cop_0366_lp_s1 cop_0245_lp_s1 cop_0655_lp_s1 cop_0332_lp_s1 cop_0051_lp_s1 cop_0379_lp_s1 cop_0114_lp_s1 cop_0608_lp_s1 cop_0115_lp_s1 cop_0823_lp_s1 cop_0752_lp_s1 cop_0977_lp_s1 cop_0052_lp_s1 cop_0637_lp_s1 cop_0591_lp_s1 cop_0700_lp_s1 cop_0085_lp_s1 cop_0783_lp_s1 cop_0809_lp_s1 cop_0065_lp_s1 cop_0202_lp_s1 cop_0414_lp_s1 cop_0830_lp_s1 cop_0558_lp_s1 cop_0287_lp_s1 cop_0980_lp_s1 cop_0138_lp_s1 cop_0528_lp_s1 cop_0860_lp_s1 cop_0626_lp_s1 cop_0486_lp_s1 cop_0584_lp_s1 cop_0785_lp_s1 cop_0709_lp_s1 cop_0160_lp_s1 cop_0333_lp_s1 cop_0093_lp_s1 cop_0869_lp_s1 cop_0158_lp_s1 cop_0064_lp_s1 cop_0359_lp_s1 cop_0811_lp_s1 cop_0754_lp_s1 cop_0907_lp_s1 cop_0607_lp_s1 cop_0981_lp_s1 cop_0927_lp_s1 cop_0890_lp_s1 cop_0244_lp_s1 cop_0535_lp_s1 cop_0792_lp_s1 cop_0491_lp_s1 cop_0734_lp_s1 cop_0612_lp_s1 cop_0894_lp_s1 cop_0055_lp_s1 cop_0845_lp_s1 cop_0089_lp_s1 cop_0550_lp_s1 cop_0025_lp_s1 cop_0276_lp_s1 cop_0012_lp_s1 cop_0326_lp_s1 cop_0965_lp_s1 cop_0918_lp_s1 cop_0989_lp_s1 cop_0454_lp_s1 cop_0354_lp_s1 cop_0449_lp_s1 cop_0038_lp_s1 cop_0059_lp_s1 cop_0275_lp_s1 cop_0063_lp_s1 cop_0164_lp_s1 cop_0487_lp_s1 cop_0919_lp_s1 cop_0945_lp_s1 cop_0567_lp_s1 cop_0402_lp_s1 cop_0270_lp_s1 cop_0532_lp_s1 cop_0488_lp_s1 cop_0175_lp_s1 cop_0020_lp_s1 cop_0123_lp_s1 cop_0984_lp_s1 cop_0304_lp_s1 cop_0949_lp_s1 cop_0835_lp_s1 cop_0365_lp_s1 cop_0380_lp_s1 cop_0677_lp_s1 cop_0732_lp_s1 cop_0104_lp_s1 cop_0517_lp_s1 cop_0681_lp_s1 cop_0621_lp_s1 cop_0718_lp_s1 cop_0865_lp_s1 cop_0605_lp_s1 cop_0159_lp_s1 cop_0603_lp_s1 cop_0662_lp_s1 cop_0394_lp_s1 cop_0178_lp_s1 cop_0812_lp_s1 cop_0953_lp_s1 cop_0932_lp_s1 cop_0656_lp_s1 cop_0188_lp_s1 cop_0954_lp_s1 cop_0997_lp_s1 cop_0508_lp_s1 cop_0223_lp_s1 cop_0833_lp_s1 cop_0813_lp_s1 cop_0819_lp_s1 cop_0551_lp_s1 cop_0271_lp_s1 cop_0687_lp_s1 cop_0966_lp_s1 cop_0427_lp_s1 cop_0808_lp_s1 cop_0847_lp_s1 cop_0836_lp_s1 cop_0419_lp_s1 cop_0846_lp_s1 cop_0098_lp_s1 cop_0992_lp_s1 cop_0675_lp_s1 cop_0701_lp_s1 cop_0767_lp_s1 cop_0266_lp_s1 cop_0699_lp_s1 cop_0887_lp_s1 cop_0132_lp_s1 cop_0143_lp_s1 cop_0291_lp_s1 cop_0122_lp_s1 cop_0484_lp_s1 cop_0370_lp_s1 cop_0290_lp_s1 cop_0573_lp_s1 cop_0721_lp_s1 cop_0328_lp_s1 cop_0747_lp_s1 cop_0560_lp_s1 cop_0609_lp_s1 cop_0251_lp_s1 cop_0873_lp_s1 cop_0153_lp_s1 cop_0303_lp_s1 cop_0590_lp_s1 cop_0929_lp_s1 cop_0888_lp_s1 cop_0583_lp_s1 cop_0455_lp_s1 cop_0580_lp_s1 cop_0405_lp_s1 cop_0496_lp_s1 cop_0610_lp_s1 cop_0278_lp_s1 cop_0674_lp_s1 cop_0415_lp_s1 cop_0938_lp_s1 cop_0790_lp_s1 cop_0279_lp_s1 cop_0315_lp_s1 cop_0418_lp_s1 cop_0722_lp_s1 cop_0084_lp_s1 cop_0311_lp_s1 cop_0111_lp_s1 cop_0714_lp_s1 cop_0404_lp_s1 cop_0209_lp_s1 cop_0788_lp_s1 cop_0456_lp_s1 cop_0602_lp_s1 cop_0940_lp_s1 cop_0837_lp_s1 cop_0663_lp_s1 cop_0960_lp_s1 cop_0026_lp_s1 cop_0588_lp_s1 cop_0217_lp_s1 cop_0842_lp_s1 cop_0074_lp_s1 cop_0755_lp_s1 cop_0786_lp_s1 cop_0716_lp_s1 cop_0975_lp_s1 cop_0286_lp_s1 cop_0990_lp_s1 cop_0669_lp_s1 cop_0018_lp_s1 cop_0744_lp_s1 cop_0475_lp_s1 cop_0041_lp_s1 cop_0216_lp_s1 cop_0242_lp_s1 cop_0385_lp_s1 cop_0468_lp_s1 cop_0283_lp_s1 cop_0659_lp_s1 cop_0563_lp_s1 cop_0961_lp_s1 cop_0908_lp_s1 cop_0034_lp_s1 cop_0273_lp_s1 cop_0342_lp_s1 cop_0215_lp_s1 cop_0658_lp_s1 cop_0839_lp_s1 cop_0909_lp_s1 cop_0029_lp_s1 cop_0490_lp_s1 cop_0129_lp_s1 cop_0021_lp_s1 cop_0406_lp_s1 cop_0163_lp_s1 cop_0680_lp_s1 cop_0376_lp_s1 cop_0903_lp_s1 cop_0235_lp_s1 cop_0420_lp_s1 cop_0614_lp_s1 cop_0939_lp_s1 cop_0015_lp_s1 cop_0613_lp_s1 cop_0618_lp_s1 cop_0499_lp_s1 cop_0636_lp_s1 cop_0745_lp_s1 cop_0710_lp_s1 cop_0851_lp_s1 cop_0092_lp_s1 cop_0261_lp_s1 cop_0077_lp_s1 cop_0307_lp_s1 cop_0946_lp_s1 cop_0985_lp_s1 cop_0190_lp_s1 cop_0730_lp_s1 cop_0976_lp_s1 cop_0539_lp_s1 cop_0987_lp_s1 cop_0155_lp_s1 cop_0295_lp_s1 cop_0322_lp_s1 cop_0521_lp_s1 cop_0922_lp_s1 cop_0831_lp_s1 cop_0360_lp_s1 cop_0357_lp_s1 cop_0760_lp_s1 cop_0589_lp_s1 cop_0522_lp_s1 cop_0344_lp_s1 cop_0238_lp_s1 cop_0746_lp_s1 cop_0630_lp_s1 cop_0233_lp_s1 cop_0822_lp_s1 cop_0936_lp_s1 cop_0761_lp_s1 cop_0781_lp_s1 cop_0372_lp_s1 cop_0651_lp_s1 cop_0340_lp_s1 cop_0259_lp_s1 cop_0753_lp_s1 cop_0197_lp_s1 cop_0137_lp_s1 cop_0559_lp_s1 cop_0864_lp_s1 cop_0192_lp_s1 cop_0090_lp_s1 cop_0146_lp_s1 cop_0198_lp_s1 cop_0341_lp_s1 cop_0892_lp_s1 cop_0576_lp_s1 cop_0409_lp_s1 cop_0623_lp_s1 cop_0305_lp_s1 cop_0557_lp_s1 cop_0416_lp_s1 cop_0676_lp_s1 cop_0537_lp_s1 cop_0324_lp_s1 cop_0330_lp_s1 cop_0434_lp_s1 cop_0014_lp_s1 cop_0693_lp_s1 cop_0208_lp_s1 cop_0678_lp_s1 cop_0585_lp_s1 cop_0791_lp_s1 cop_0301_lp_s1 cop_0392_lp_s1 cop_0358_lp_s1 cop_0492_lp_s1 cop_0565_lp_s1 cop_0210_lp_s1 cop_0771_lp_s1 cop_0383_lp_s1 cop_0260_lp_s1 cop_0799_lp_s1 cop_0384_lp_s1 cop_0698_lp_s1 cop_0505_lp_s1 cop_0749_lp_s1 cop_0336_lp_s1 cop_0033_lp_s1 cop_0398_lp_s1 cop_0222_lp_s1 cop_0546_lp_s1 cop_0578_lp_s1 cop_0028_lp_s1 cop_0296_lp_s1 cop_0485_lp_s1 cop_0515_lp_s1 cop_0472_lp_s1 cop_0071_lp_s1 cop_0856_lp_s1 cop_0448_lp_s1 cop_0345_lp_s1 cop_0627_lp_s1 cop_0042_lp_s1 cop_0829_lp_s1 cop_0640_lp_s1 cop_0815_lp_s1 cop_1000_lp_s1 cop_0433_lp_s1 cop_0504_lp_s1 cop_0452_lp_s1 cop_0962_lp_s1 cop_0983_lp_s1 cop_0224_lp_s1 cop_0743_lp_s1 cop_0363_lp_s1 cop_0724_lp_s1 cop_0331_lp_s1 cop_0203_lp_s1 cop_0470_lp_s1 cop_0910_lp_s1 cop_0272_lp_s1 cop_0797_lp_s1 cop_0858_lp_s1 cop_0421_lp_s1 cop_0978_lp_s1 cop_0189_lp_s1 cop_0682_lp_s1 cop_0733_lp_s1 cop_0177_lp_s1 cop_0611_lp_s1 cop_0110_lp_s1 cop_0483_lp_s1 cop_0973_lp_s1 cop_0116_lp_s1 cop_0759_lp_s1 cop_0471_lp_s1 cop_0401_lp_s1 cop_0947_lp_s1 cop_0430_lp_s1 cop_0447_lp_s1 cop_0818_lp_s1 cop_0060_lp_s1 cop_0493_lp_s1 cop_0649_lp_s1 cop_0530_lp_s1 cop_0668_lp_s1 cop_0113_lp_s1 cop_0309_lp_s1 cop_0934_lp_s1 cop_0495_lp_s1 cop_0083_lp_s1 cop_0644_lp_s1 cop_0775_lp_s1 cop_0075_lp_s1 cop_0857_lp_s1 cop_0901_lp_s1 cop_0417_lp_s1 cop_0921_lp_s1 cop_0587_lp_s1 cop_0671_lp_s1 cop_0616_lp_s1 cop_0988_lp_s1 cop_0407_lp_s1 cop_0920_lp_s1 cop_0248_lp_s1 cop_0999_lp_s1 cop_0569_lp_s1 cop_0473_lp_s1 cop_0986_lp_s1 cop_0789_lp_s1 cop_0506_lp_s1 cop_0438_lp_s1 cop_0264_lp_s1 cop_0606_lp_s1 cop_0881_lp_s1 cop_0181_lp_s1 cop_0319_lp_s1 cop_0195_lp_s1 cop_0246_lp_s1 cop_0141_lp_s1 cop_0556_lp_s1 cop_0339_lp_s1 cop_0053_lp_s1 cop_0395_lp_s1 cop_0568_lp_s1 cop_0371_lp_s1 cop_0007_lp_s1 cop_0872_lp_s1 cop_0915_lp_s1 cop_0247_lp_s1 cop_0893_lp_s1 cop_0545_lp_s1 cop_0507_lp_s1 cop_0463_lp_s1 cop_0234_lp_s1 cop_0547_lp_s1 cop_0462_lp_s1 cop_0294_lp_s1 cop_0174_lp_s1 cop_0807_lp_s1 cop_0955_lp_s1 cop_0996_lp_s1 cop_0451_lp_s1 cop_0193_lp_s1 cop_0638_lp_s1 cop_0073_lp_s1 cop_0318_lp_s1 cop_0877_lp_s1 cop_0957_lp_s1 cop_0599_lp_s1 cop_0124_lp_s1 cop_0045_lp_s1 cop_0445_lp_s1 cop_0895_lp_s1 cop_0798_lp_s1 cop_0703_lp_s1 cop_0726_lp_s1 cop_0944_lp_s1 cop_0952_lp_s1 cop_0595_lp_s1 cop_0592_lp_s1 cop_0639_lp_s1 cop_0601_lp_s1 cop_0280_lp_s1 cop_0804_lp_s1 cop_0131_lp_s1 cop_0706_lp_s1 cop_0795_lp_s1 cop_0762_lp_s1 cop_0176_lp_s1 cop_0800_lp_s1 cop_0645_lp_s1 cop_0128_lp_s1 cop_0633_lp_s1 cop_0352_lp_s1 cop_0386_lp_s1 cop_0314_lp_s1 cop_0313_lp_s1 cop_0719_lp_s1 cop_0101_lp_s1 cop_0225_lp_s1 cop_0776_lp_s1 cop_0144_lp_s1 cop_0912_lp_s1 cop_0882_lp_s1 cop_0441_lp_s1 cop_0258_lp_s1 cop_0848_lp_s1 cop_0023_lp_s1 cop_0218_lp_s1 cop_0204_lp_s1 cop_0284_lp_s1 cop_0293_lp_s1 cop_0221_lp_s1 cop_0891_lp_s1 cop_0672_lp_s1 cop_0151_lp_s1 cop_0941_lp_s1 cop_0543_lp_s1 cop_0758_lp_s1 cop_0292_lp_s1 cop_0838_lp_s1 cop_0524_lp_s1 cop_0991_lp_s1 cop_0667_lp_s1 cop_0237_lp_s1 cop_0010_lp_s1 cop_0855_lp_s1 cop_0619_lp_s1 cop_0933_lp_s1 cop_0728_lp_s1 cop_0227_lp_s1 cop_0310_lp_s1 cop_0723_lp_s1 cop_0979_lp_s1 cop_0133_lp_s1 cop_0268_lp_s1 cop_0581_lp_s1 cop_0982_lp_s1 cop_0170_lp_s1 cop_0001_lp_s1 cop_0617_lp_s1 cop_0956_lp_s1 cop_0688_lp_s1 cop_0432_lp_s1 cop_0199_lp_s1 cop_0666_lp_s1 cop_0861_lp_s1 cop_0081_lp_s1 cop_0289_lp_s1 cop_0564_lp_s1 cop_0442_lp_s1 cop_0512_lp_s1 cop_0993_lp_s1 cop_0968_lp_s1 cop_0196_lp_s1 cop_0017_lp_s1 cop_0400_lp_s1 cop_0896_lp_s1 cop_0541_lp_s1 cop_0866_lp_s1 cop_0252_lp_s1 cop_0039_lp_s1 cop_0625_lp_s1 cop_0180_lp_s1 cop_0705_lp_s1 cop_0069_lp_s1 cop_0806_lp_s1 cop_0373_lp_s1 cop_0019_lp_s1 cop_0586_lp_s1 cop_0108_lp_s1 cop_0898_lp_s1 cop_0105_lp_s1 cop_0854_lp_s1 cop_0022_lp_s1 cop_0766_lp_s1 cop_0828_lp_s1 cop_0200_lp_s1 cop_0403_lp_s1 cop_0769_lp_s1 cop_0250_lp_s1 cop_0805_lp_s1 cop_0930_lp_s1 cop_0149_lp_s1 cop_0282_lp_s1 cop_0476_lp_s1 cop_0497_lp_s1 cop_0067_lp_s1 cop_0076_lp_s1 cop_0653_lp_s1 cop_0355_lp_s1 cop_0474_lp_s1 cop_0834_lp_s1 cop_0916_lp_s1 cop_0959_lp_s1 cop_0844_lp_s1 cop_0951_lp_s1 cop_0035_lp_s1 cop_0923_lp_s1 cop_0003_lp_s1 cop_0489_lp_s1 cop_0109_lp_s1 cop_0713_lp_s1 cop_0127_lp_s1 cop_0641_lp_s1 cop_0840_lp_s1 cop_0925_lp_s1 cop_0814_lp_s1 cop_0179_lp_s1 cop_0099_lp_s1 cop_0765_lp_s1 cop_0995_lp_s1 cop_0571_lp_s1 cop_0316_lp_s1 cop_0382_lp_s1 cop_0935_lp_s1 cop_0943_lp_s1 cop_0232_lp_s1 cop_0378_lp_s1 cop_0062_lp_s1 cop_0453_lp_s1 cop_0879_lp_s1 cop_0886_lp_s1 cop_0027_lp_s1 cop_0880_lp_s1 cop_0002_lp_s1 cop_0620_lp_s1 cop_0712_lp_s1 cop_0008_lp_s1 cop_0408_lp_s1 cop_0600_lp_s1 cop_0467_lp_s1 cop_0825_lp_s1 cop_0125_lp_s1 cop_0439_lp_s1 cop_0778_lp_s1 cop_0498_lp_s1 cop_0853_lp_s1 cop_0748_lp_s1 cop_0531_lp_s1 cop_0078_lp_s1 cop_0770_lp_s1 cop_0068_lp_s1 cop_0729_lp_s1 cop_0249_lp_s1 cop_0793_lp_s1 cop_0243_lp_s1 cop_0288_lp_s1 cop_0334_lp_s1 cop_0843_lp_s1 cop_0239_lp_s1 cop_0187_lp_s1 cop_0555_lp_s1 cop_0265_lp_s1 cop_0518_lp_s1 cop_0443_lp_s1 cop_0878_lp_s1 cop_0972_lp_s1 cop_0575_lp_s1 cop_0757_lp_s1 cop_0736_lp_s1 cop_0082_lp_s1 cop_0821_lp_s1 cop_0631_lp_s1 cop_0817_lp_s1 cop_0302_lp_s1 cop_0277_lp_s1 cop_0482_lp_s1 cop_0162_lp_s1 cop_0998_lp_s1 cop_0950_lp_s1 cop_0615_lp_s1 cop_0185_lp_s1 cop_0566_lp_s1 cop_0465_lp_s1 cop_0647_lp_s1 cop_0863_lp_s1 cop_0431_lp_s1 cop_0436_lp_s1 cop_0464_lp_s1 cop_0502_lp_s1 cop_0135_lp_s1 cop_0040_lp_s1 cop_0963_lp_s1 cop_0561_lp_s1 cop_0964_lp_s1 cop_0646_lp_s1 cop_0006_lp_s1 cop_0194_lp_s1 cop_0540_lp_s1 cop_0529_lp_s1 cop_0594_lp_s1 cop_0544_lp_s1 cop_0306_lp_s1 cop_0735_lp_s1 cop_0513_lp_s1 cop_0173_lp_s1 cop_0764_lp_s1 cop_0161_lp_s1 cop_0267_lp_s1 cop_0182_lp_s1 cop_0150_lp_s1 cop_0536_lp_s1 cop_0643_lp_s1 cop_0091_lp_s1 cop_0126_lp_s1 cop_0520_lp_s1 cop_0236_lp_s1 cop_0937_lp_s1 cop_0742_lp_s1 cop_0692_lp_s1 cop_0542_lp_s1 cop_0635_lp_s1 cop_0889_lp_s1 cop_0904_lp_s1 cop_0201_lp_s1 cop_0501_lp_s1 cop_0707_lp_s1 cop_0876_lp_s1 cop_0220_lp_s1 cop_0597_lp_s1 cop_0629_lp_s1 cop_0827_lp_s1 cop_0458_lp_s1 cop_0750_lp_s1 cop_0479_lp_s1 cop_0459_lp_s1 cop_0711_lp_s1 cop_0780_lp_s1 cop_0553_lp_s1 cop_0005_lp_s1 cop_0794_lp_s1 cop_0171_lp_s1 cop_0570_lp_s1 cop_0152_lp_s1 cop_0784_lp_s1 cop_0867_lp_s1 cop_0072_lp_s1 cop_0731_lp_s1 cop_0312_lp_s1 cop_0337_lp_s1 cop_0689_lp_s1 cop_0650_lp_s1 cop_0514_lp_s1 cop_0756_lp_s1 cop_0377_lp_s1 cop_0738_lp_s1 cop_0346_lp_s1 cop_0741_lp_s1 cop_0727_lp_s1 cop_0207_lp_s1 cop_0061_lp_s1 cop_0624_lp_s1 cop_0228_lp_s1 cop_0509_lp_s1 cop_0350_lp_s1 cop_0469_lp_s1 cop_0875_lp_s1 cop_0802_lp_s1 cop_0364_lp_s1 cop_0763_lp_s1 cop_0622_lp_s1 cop_0097_lp_s1 cop_0255_lp_s1 cop_0120_lp_s1 cop_0103_lp_s1 cop_0516_lp_s1 cop_0841_lp_s1 cop_0037_lp_s1 cop_0169_lp_s1 cop_0500_lp_s1 cop_0254_lp_s1 cop_0024_lp_s1 cop_0147_lp_s1 cop_0353_lp_s1 cop_0274_lp_s1 cop_0911_lp_s1 cop_0826_lp_s1 cop_0673_lp_s1 cop_0725_lp_s1 cop_0685_lp_s1 cop_0087_lp_s1 cop_0320_lp_s1 cop_0368_lp_s1 cop_0477_lp_s1 cop_0899_lp_s1 cop_0852_lp_s1 cop_0849_lp_s1 cop_0779_lp_s1 cop_0481_lp_s1 cop_0016_lp_s1 cop_0321_lp_s1 cop_0494_lp_s1 cop_0782_lp_s1 cop_0577_lp_s1 cop_0503_lp_s1 cop_0050_lp_s1 cop_0428_lp_s1 cop_0694_lp_s1 cop_0118_lp_s1 cop_0256_lp_s1 cop_0440_lp_s1 cop_0460_lp_s1 cop_0094_lp_s1 cop_0902_lp_s1 cop_0450_lp_s1 cop_0066_lp_s1 cop_0032_lp_s1 cop_0112_lp_s1 cop_0971_lp_s1 cop_0525_lp_s1 cop_0523_lp_s1 cop_0604_lp_s1 cop_0697_lp_s1 cop_0574_lp_s1 cop_0165_lp_s1 cop_0596_lp_s1 cop_0338_lp_s1 cop_0820_lp_s1 cop_0683_lp_s1 cop_0969_lp_s1 cop_0186_lp_s1 cop_0774_lp_s1 cop_0480_lp_s1 cop_0183_lp_s1 cop_0349_lp_s1 cop_0435_lp_s1 cop_0134_lp_s1 cop_0361_lp_s1 cop_0156_lp_s1 cop_0390_lp_s1 cop_0664_lp_s1 cop_0396_lp_s1 cop_0299_lp_s1 cop_0226_lp_s1 cop_0422_lp_s1 cop_0628_lp_s1 cop_0803_lp_s1 cop_0030_lp_s1 cop_0871_lp_s1 cop_0715_lp_s1 cop_0240_lp_s1 cop_0369_lp_s1 cop_0884_lp_s1 cop_0070_lp_s1 cop_0011_lp_s1 cop_0343_lp_s1 cop_0348_lp_s1 cop_0107_lp_s1 cop_0121_lp_s1 cop_0796_lp_s1 cop_0913_lp_s1 cop_0691_lp_s1 cop_0801_lp_s1 cop_0684_lp_s1 cop_0145_lp_s1 cop_0213_lp_s1 cop_0004_lp_s1 cop_0172_lp_s1 cop_0335_lp_s1 cop_0057_lp_s1 cop_0974_lp_s1 cop_0914_lp_s1 cop_0413_lp_s1 cop_0661_lp_s1 cop_0423_lp_s1 cop_0850_lp_s1 cop_0444_lp_s1 cop_0720_lp_s1 cop_0696_lp_s1 cop_0994_lp_s1 cop_0466_lp_s1 cop_0399_lp_s1 cop_0036_lp_s1 cop_0552_lp_s1 cop_0859_lp_s1 cop_0634_lp_s1 cop_0157_lp_s1 cop_0527_lp_s1 cop_0117_lp_s1 cop_0100_lp_s1 cop_0740_lp_s1 cop_0367_lp_s1 cop_0317_lp_s1 cop_0457_lp_s1 cop_0874_lp_s1 cop_0424_lp_s1 cop_0374_lp_s1 cop_0665_lp_s1 cop_0686_lp_s1 cop_0862_lp_s1 cop_0654_lp_s1 cop_0351_lp_s1 cop_0136_lp_s1 cop_0281_lp_s1 cop_0231_lp_s1 cop_0593_lp_s1 cop_0554_lp_s1 cop_0777_lp_s1 cop_0652_lp_s1 cop_0642_lp_s1 cop_0102_lp_s1 cop_0079_lp_s1 cop_0397_lp_s1 cop_0533_lp_s1 cop_0897_lp_s1 cop_0478_lp_s1 cop_0054_lp_s1 cop_0598_lp_s1 cop_0139_lp_s1 cop_0526_lp_s1 cop_0269_lp_s1 cop_0166_lp_s1 cop_0426_lp_s1 cop_0970_lp_s1 cop_0211_lp_s1 cop_0905_lp_s1 cop_0106_lp_s1 cop_0285_lp_s1 cop_0772_lp_s1 cop_0906_lp_s1 cop_0948_lp_s1 cop_0044_lp_s1 cop_0429_lp_s1 cop_0031_lp_s1 cop_0047_lp_s1 cop_0298_lp_s1 cop_0660_lp_s1 cop_0510_lp_s1 cop_0773_lp_s1 cop_0751_lp_s1 cop_0205_lp_s1 cop_0538_lp_s1 cop_0824_lp_s1 cop_0241_lp_s1 cop_0347_lp_s1 cop_0534_lp_s1 cop_0142_lp_s1 cop_0708_lp_s1 cop_0832_lp_s1 cop_0702_lp_s1 cop_0356_lp_s1 cop_0917_lp_s1 cop_0519_lp_s1 cop_0931_lp_s1 cop_0437_lp_s1 cop_0148_lp_s1 cop_0410_lp_s1 cop_0717_lp_s1
  set decided by an accepted test: no, every test rejected down to one model (last p = 0.000 against alpha = 0.050)
