configuration,replicate,"c[0]","c[1]","c[2]","c[3]","c[4]","Phi_star[0]","Psi_star1[0,0]","Psi_star1[0,1]","Psi_star1[0,2]","Psi_star1[0,3]","Psi_star1[0,4]","Psi_star1[1,0]","Psi_star1[1,1]","Psi_star1[1,2]","Psi_star1[1,3]","Psi_star1[1,4]","Psi_star1[2,0]","Psi_star1[2,1]","Psi_star1[2,2]","Psi_star1[2,3]","Psi_star1[2,4]","Omega_inv[0,0]","Omega_inv[1,1]","Omega_inv[2,2]","Omega_inv[3,3]","Omega_inv[4,4]","Omega_inv[1,0]","Omega_inv[2,0]","Omega_inv[2,1]","Omega_inv[3,0]","Omega_inv[3,1]","Omega_inv[3,2]","Omega_inv[4,0]","Omega_inv[4,1]","Omega_inv[4,2]","Omega_inv[4,3]","nu","alpha1[0,0]","alpha1[1,0]","alpha2[0,0]","alpha2[1,0]","beta1[0,1]",is_converged
cop_0191,0,0.327325102,0.01513549362,-0.0006726983116,0.5769474178,1.074063142,0.504548985,0.1808188336,-0.01575151249,-0.6559630848,0.2921081575,1.829021689,-0.07155765835,0.303526709,-0.6750508502,0.2069741938,1.641804148,-0.002428877737,0.03068907587,-0.5828270117,0.2950603102,1.942529078,0.136262182,-1.897655028,-2.016220981,-1.2008435,-3.705356312,1.088438861,1.136242432,0.008003510115,0.06698883161,0.07784310412,0.09582263601,0.08059376177,0.01713887953,0.03090866923,0.07672857791,7.289157655,-0.03721401998,0.1280161545,0.1224799751,0.06274524974,4.769033843,0
cop_0191,1,0.287822292,-0.01067179325,0.001380397698,0.3010008199,0.5426910958,0.4506617866,-0.00582001312,0.0003443593286,-0.7184375671,-0.09827218341,4.703412845,-0.659392349,0.4200189419,-0.4907387895,-0.1982391719,4.949324015,-0.01978282236,0.01270243975,-0.608400627,0.3652051787,2.589957786,0.2680599658,-1.883968127,-2.117326442,-1.307516887,-3.822874342,1.301558928,1.241441872,-0.01741195689,0.1153791215,-0.01325067628,0.1702668865,0.09885877118,-0.005557389592,0.04264272589,0.07283911749,7.609068597,-0.02859264578,0.1578769744,0.1251752768,0.07827539005,3.746327285,1
cop_0191,2,0.2687193636,0.007450864266,-4.251511948e-05,0.5167752166,0.8501077732,0.4561287886,0.1478917956,-0.1070523699,-0.5504831054,0.870164786,1.026230578,-0.636546935,0.2822009921,-0.2338633209,1.22213859,-0.06501697234,0.06955527138,-0.006435807843,-0.6642018638,0.4254283636,2.339367833,0.3836068128,-1.650253022,-1.72795874,-1.581996546,-3.769822003,1.629839402,1.300582332,-0.04948610191,0.1094605839,0.04022454101,0.2687592242,0.09739203482,0.009108699565,0.08000768627,0.05235973534,7.380845938,-0.03642569506,0.1366143743,0.1281825048,0.07210625872,4.364266964,1
cop_0191,3,0.2630726977,-0.00602223613,0.0001718310065,0.2054790199,0.126008641,0.2829956466,-0.411753663,0.4141064368,-0.9955411761,-0.200137813,6.473879377,-0.5284341367,0.625651494,-0.9476290872,-0.07690174426,5.389378275,-0.01355668217,0.005518043876,-0.7304654091,0.5931492542,2.534447589,0.3492762167,-1.774929873,-1.92766275,-1.424009264,-3.974573302,1.282098081,1.196251256,0.1254230783,0.09951685373,0.04140265034,0.176564209,0.09093785027,0.01370987069,0.04499641283,0.06812076773,11.03427109,-0.04194067819,0.1769245042,0.1502137319,0.08618230752,2.958916284,0
cop_0191,4,0.2959275073,0.02902186865,0.0003449185889,0.7989345066,1.335037674,0.1259135854,-0.2508781962,0.2455556614,-0.9559745032,0.7543686623,3.126774281,-0.3999652294,0.4612342323,-0.9000076975,0.636714906,2.674660716,-0.01715222541,0.031500293,-0.9054792833,0.9369865361,1.925837946,0.3527076418,-1.672512029,-1.888929297,-1.293512394,-3.949054512,1.319772991,1.323137568,0.06363462533,0.1584999528,0.03795697511,0.1103046393,0.1112927028,0.008191756126,0.03217617184,0.06668638433,8.485037295,-0.06625262572,0.238142273,0.2218628288,0.09820281203,1.574859556,0
cop_0191,5,0.3201168536,0.06592138369,-0.0007503559383,0.5927585564,1.101251353,0.2643390294,-0.02632252618,-0.07197088643,-0.7276483581,0.4920918246,3.72260557,-0.5196242551,0.1669972274,-0.5485908316,-0.1378763665,5.478664375,0.005468042588,-0.01953087396,-0.7451820926,0.8413416782,2.156382239,0.3101619226,-1.826058219,-1.981348284,-1.369053105,-3.876024324,1.324931024,1.315027155,-0.01762521892,0.124820273,0.06967066536,0.1476556618,0.1058384868,0.01766425305,0.04016266239,0.06669775351,6.543526364,-0.04664167277,0.2110987797,0.1689128538,0.09585314835,2.233144151,0
cop_0191,6,0.249554792,-0.01351935341,-0.0001399168258,0.3736478615,0.7466588749,0.4079783995,-0.324066114,0.1305917425,-0.6547740803,-0.4675586502,4.147656826,-1.061261895,0.5825905377,-0.457753024,-0.7535796758,5.252892962,0.02629233092,0.01272325457,-0.6543224264,0.3077278338,0.8086373686,0.1446943498,-2.125738016,-1.842514025,-1.325548593,-3.940904503,1.193233801,1.002026078,-0.06431013067,0.07402723281,-0.04057080217,0.0904667541,0.07430840645,-0.01194669733,0.02610481893,0.07385106699,6.833620528,-0.01765576996,0.1590717677,0.1467364357,0.08373768435,3.180344242,1
cop_0191,7,0.2088867992,-0.05460378155,-0.0003742072377,0.5673997042,1.100615156,0.2547022696,-0.3739252426,0.1930556419,-0.7232318967,0.3801474176,2.952276651,-0.500224942,0.3367859425,-0.6152836385,0.3761011516,2.358822709,-0.0301695702,-0.05323643223,-0.6811393499,0.5473527592,1.5687339,0.3716597689,-1.603188612,-2.00219177,-1.295440534,-3.766811374,1.328762445,1.274179459,0.1095993396,0.1071932059,0.07025995465,0.1630031979,0.09777745596,0.01896542459,0.04337203893,0.07582022253,7.408569007,-0.03253273047,0.2281067919,0.1881637215,0.101250105,1.697573965,0
cop_0191,8,0.2777305828,-0.04256585321,-0.002051650829,0.3616003964,0.8378932921,0.4133430146,0.08653032268,-0.0321800222,-0.6455077743,0.3488765244,1.765542603,0.1159413832,-0.03107706726,-0.7692690266,0.9601782589,0.4919389474,0.05903568847,0.01637264177,-0.623787712,0.6683548812,0.5110010521,0.1807623992,-1.191669699,-1.931468395,-1.227556189,-3.614981109,1.375154811,1.148298097,-0.02774072375,0.1046109394,-0.03621168207,0.1161267108,0.0889060132,-0.008353595356,0.03137642619,0.07929932136,6.537690095,-0.006300659787,0.1502600037,0.1113317038,0.07682832898,3.871154222,1
cop_0191,9,0.2812898685,-0.005593726445,-0.0001985236254,0.4970160412,1.053038695,0.2593481,0.08886794479,-0.06268673323,-0.8571822079,0.2719888488,3.644653149,0.5770084968,-0.2036865124,-1.235126316,1.590301995,0.4289558948,-0.03995117358,0.03390942824,-0.7647000591,0.6315944433,2.022401914,0.2127442426,-1.326304289,-2.01052169,-1.424514477,-3.942198779,1.465645468,1.167987902,-0.02872609645,0.1098401745,-0.07611941701,0.1568602087,0.09307322124,-0.02035200651,0.03976284114,0.0606653218,7.699616956,-0.03052947627,0.192936237,0.1608640086,0.0942205757,2.492293967,0
cop_0191,10,0.2614462224,-0.03770538234,-0.001314723047,0.3536682686,0.6510312731,0.5026058791,-0.1105141629,0.01703464815,-0.743619606,-0.7875088551,5.430009775,-0.8293686546,0.3950872721,-0.4882367807,-0.7492642889,5.72535956,0.1625273686,0.01167474972,-0.712553052,0.4540652093,0.5988613353,0.2658323309,-1.743378651,-1.776333158,-1.22233967,-3.973252431,1.395331857,1.116147551,-0.05251875805,0.08689556883,-0.04309444303,0.132926584,0.08469595412,-0.01773534044,0.03323191148,0.08495248894,6.822919577,-0.01302195378,0.1024716384,0.09759168415,0.06446816845,5.999765481,1
cop_0191,11,0.2710541264,-0.0009410864574,0.002448958947,0.4451936021,0.7418325016,0.5858126888,-0.09332426251,0.4877572492,-0.9573005982,0.4803534214,1.012817445,-0.3372610145,0.5082076958,-0.5826745547,0.3668071851,0.6521796531,0.08792334031,0.06727114236,-0.5891868094,0.5766428884,0.04707850547,0.2008498787,-1.581254935,-2.124899196,-1.359290077,-3.798328963,1.083846371,1.037495032,0.1205096312,0.08148111154,0.04140729522,0.1408426997,0.07657403635,0.01394623997,0.04014762801,0.07657458469,6.061013503,-0.01286484246,0.1011336215,0.08828194869,0.06012875362,6.447334538,1
cop_0191,12,0.2631215415,-0.007752495731,-7.563935687e-05,0.3630336688,0.6387232707,0.5627367802,-0.11030601,0.06814122911,-0.5061825379,0.0616291803,3.206919538,-0.7234061202,0.5977938008,-0.4415688403,0.254968633,2.672838411,0.008513993888,0.0180435917,-0.4971153929,0.388222345,1.707771116,0.2382864555,-2.127423795,-1.899694938,-1.338664193,-3.718356085,1.286040755,1.13447086,0.04086863946,0.08420301378,0.04419898766,0.1812868118,0.08437869205,0.0120448705,0.05106633868,0.07357569631,6.002386492,-0.01627799333,0.09114600899,0.07411037247,0.05632525487,7.561724252,1
cop_0191,13,0.3144713635,0.01930829856,-0.004384183058,0.2395892575,0.4710715057,0.4282057641,0.04810366009,0.2913758716,-1.072232913,-0.02485948818,3.257633522,-0.3187270213,0.5424305149,-0.8094116514,0.1148849006,2.089743264,0.1715145415,0.06763368999,-0.8158064644,0.6292958258,0.5183117227,0.1796062811,-1.773610223,-2.099452785,-1.267014251,-3.836175511,1.104458875,1.105597775,0.05956256916,0.1006082759,0.06259813693,0.1376040692,0.08699749947,0.01402610735,0.03759302158,0.07769547073,6.512673145,-0.01712286108,0.1524922358,0.1303165371,0.08055439024,3.674050153,1
cop_0191,14,0.2759751813,-0.003693329072,-0.002060064495,0.6706149584,1.37313921,0.2637733346,-0.01439053421,0.2447267363,-1.083641202,0.7291950436,2.312214872,-0.03549352522,0.3278856608,-1.017704694,0.8893501615,1.04380806,0.1694871314,-0.02308221295,-0.8606565427,0.9810334527,0.6014194854,0.1955368194,-1.632238272,-2.107125959,-1.389780591,-3.78061999,1.114864077,1.096182808,0.04974775452,0.08818200182,0.07928129226,0.1047324703,0.08181838568,0.01903398168,0.02805839112,0.06574711203,5.953827312,-0.04319079196,0.2079932425,0.1794283765,0.09224619984,2.227982305,1
cop_0191,15,0.3117719939,0.00348345603,-2.036812125e-05,0.4788364687,0.8025537565,0.5320144129,-0.04574256739,0.2452784371,-0.8912759246,-0.4435263766,3.685813953,-0.4821285346,0.5764083108,-0.6484402579,-0.0823988878,2.136862159,0.09660920744,0.04967736628,-0.6522920516,0.3203628786,0.6779356569,0.110271535,-1.651609812,-2.300523703,-1.279226921,-3.877717667,1.044356365,1.019834329,0.07148812968,0.07271372307,0.01028483236,0.1170808275,0.07471803322,0.00242619477,0.02820203853,0.07996911828,7.565745682,-0.01116675975,0.1174173023,0.106606294,0.06774870439,5.1287778,1
cop_0191,16,0.2584418433,-0.01422781854,0.0006886752085,0.3844199102,0.5546382403,0.3088291631,0.2287590814,-0.1933541712,-0.7526749105,0.6343290422,2.139636221,-0.18790735,-0.008453086208,-0.6870083247,0.384958931,3.501163066,0.01506330519,0.02261634783,-0.6808460663,0.8607005834,0.8607082302,0.2711312514,-1.466506288,-1.9331791,-1.313585575,-3.782241447,1.427267839,1.197521665,-0.09083594737,0.1242977656,-0.02730537154,0.1519149415,0.09484288512,-0.005742936386,0.04318685734,0.0716432208,13.11424976,-0.0394837199,0.1818211655,0.1570138974,0.08534390031,2.770104176,1
cop_0191,17,0.2610755989,-0.01420994014,-0.0002421515251,0.6725945083,1.176767897,0.5827953147,-0.1260615793,0.008408525026,-0.4901950513,-0.4517136198,3.592354917,-0.8871129152,0.6197771423,-0.3842710644,-0.4187658301,3.626121369,0.007247028218,-0.02381134246,-0.4682280283,0.09827971571,1.447240752,0.2520995318,-2.140269374,-1.959942336,-1.183815416,-3.835121257,1.311733584,1.171814378,0.003556397096,0.06995506511,0.02042035093,0.1342324479,0.08138114314,0.005755615188,0.03575994706,0.08832812394,7.438548378,-0.01654989263,0.09527636166,0.08841021176,0.05452706114,6.843424586,0
cop_0191,18,0.2467816811,0.004860498135,3.088602509e-05,0.5651333666,1.066794578,0.4287552344,-0.1786431448,0.1381195111,-0.7371418346,-0.2731710527,3.527058323,-0.8002598327,0.6410741471,-0.6445470273,-0.4191866661,4.076091771,0.02726269329,-0.0183758188,-0.6398316463,0.1724397485,1.544474877,0.2914535655,-2.144034616,-1.838830327,-1.186665756,-3.782823494,1.345304727,1.209023249,0.0005303145994,0.09477905696,-0.0453212388,0.1617775661,0.09093853826,-0.01017285836,0.04281153937,0.08610996972,8.289382533,-0.02405267326,0.157278627,0.1457342789,0.08045350141,3.296964399,1
cop_0191,19,0.2684368677,-0.04116067032,0.0009347376575,0.4334431211,0.8665198986,0.3180934677,-0.0002795942495,0.1524202381,-0.8847980297,0.4132776276,2.685882613,-0.3957498483,0.4040538353,-0.5639885695,0.5768448494,1.16625132,0.09169362362,-0.01702971049,-0.7279444182,0.7597086261,1.005121678,0.2811888694,-1.603300701,-2.045664212,-1.343130133,-3.797232574,1.202431106,1.23275193,0.0472453737,0.07819434996,0.07966777616,0.1793323217,0.08868206472,0.01655177604,0.04952149835,0.07152195194,12.03020014,-0.04920012156,0.1659186735,0.159156227,0.07868721876,3.096877247,1
cop_0191,20,0.3088959256,-0.03740687992,0.001096970513,0.07854074895,0.1333090083,0.5722284065,-0.1831623107,0.06230061489,-0.5529138021,-0.4955653004,5.182249921,-0.5195580521,0.5371090006,-0.5977366611,-0.1489023139,3.678840452,-0.06088664509,0.004664323835,-0.4304141141,0.2312247543,2.066727084,0.2065931117,-1.819009539,-2.085472961,-1.217918236,-3.885261803,1.18353483,1.111019267,0.0713741003,0.09013039261,0.01878795842,0.1322320172,0.08664736581,0.003523895887,0.03277079612,0.0830548674,7.900278898,-0.02536931695,0.09898391646,0.09112033512,0.05987723161,6.570277821,1
cop_0191,21,0.3036323689,0.06801761445,0.0005509516207,0.3669854118,0.7942456356,0.3766651329,-0.01165342787,0.005102780584,-0.6838116019,0.407444658,2.567047047,-0.713843862,0.4602860278,-0.5137928088,0.3756481457,2.897088655,-0.006405807505,-0.001981138253,-0.6560000998,0.4031866441,2.241916915,0.198142888,-2.029803482,-1.874297495,-1.288883395,-3.882138073,1.267191832,1.124034729,-0.05034705038,0.111402969,-0.0005513328977,0.185829691,0.09135184437,-0.0007378714883,0.05401294619,0.07410271807,9.300679745,-0.03645827027,0.1545113659,0.1383732387,0.07794729553,3.514785749,0
cop_0191,22,0.3248519898,0.03643687952,-0.002787030701,0.4458322221,0.8804122422,0.5643104039,-0.2472071227,0.1586075933,-0.528883529,-0.2151213139,2.672454428,-1.067034013,0.6425672222,-0.2762842427,-0.4156441617,3.445240489,0.07287183591,0.02318283733,-0.5178349662,0.5816759365,-0.3611663424,0.1588441893,-1.79101944,-1.643733109,-1.26917513,-3.897774328,1.227285236,1.000388648,-0.05932506447,0.09527546972,0.02758692597,0.1009267842,0.08015506159,0.004951195992,0.03349897786,0.0811788048,8.817952678,-0.01320977404,0.1017394693,0.09727951335,0.06400331141,5.95985003,1
cop_0191,23,0.2762770259,-0.03175538108,0.001712527411,0.5012281645,1.01186505,0.6047509284,-0.1502489071,0.01918964433,-0.4858002239,-0.3435928402,2.633511293,-0.9164072831,0.5754538756,-0.2142004185,0.05243214473,1.313140186,-0.0389542341,0.04719808418,-0.506813354,0.02981878265,1.092109456,0.1753764531,-1.825833633,-1.676772584,-1.23072216,-3.831921027,1.234365365,1.024624047,-0.0397320849,0.07892130967,-0.06588886531,0.09860409886,0.07601132039,-0.02468574368,0.02848583065,0.08216367692,7.581865389,-0.01196142671,0.1173288025,0.1079086268,0.06462520345,5.142117105,0
cop_0191,24,0.2711610463,0.03281715041,0.001471310687,0.536296528,0.9304381243,0.601634028,0.2825856243,-0.0795336721,-0.7519198058,0.004560963122,2.066760868,-0.2695878709,0.3942434441,-0.7572864081,-0.009496968902,2.415595164,0.1695845921,0.01540114899,-0.6016878552,0.5178414482,-0.04559524201,0.173865444,-2.051009974,-2.019039497,-1.215996763,-3.746244391,1.22706713,1.104415936,-0.03429140853,0.09959237023,-0.01034469024,0.1074733743,0.08791150691,-0.002842192111,0.02697625707,0.08481132669,10.71525034,-0.009683507318,0.1191404169,0.1004997327,0.06783131024,5.194625076,1
cop_0191,25,0.2683999753,-0.03441645323,3.539274985e-05,0.4497902301,0.8518809631,0.3343472506,-0.2949580857,0.03557364551,-0.6369198445,-0.2726388046,5.297418307,-0.6879112308,0.2711269322,-0.4619090965,0.03463538825,4.343281126,0.02568350098,0.01014507976,-0.6959476753,0.643910624,1.372288015,0.3149209223,-1.533221867,-1.689550511,-1.306499193,-3.861130391,1.381833622,1.188482328,0.02189668498,0.09161032843,-0.0002378671491,0.1603597319,0.09122446394,-0.003222810585,0.04564382986,0.07560495046,7.559834825,-0.03098408654,0.1786035618,0.147643517,0.09070792054,2.796308574,1
cop_0191,26,0.274971262,-0.01151363478,-0.001143638055,0.4782920475,0.7735048714,0.4632057907,-0.1093678047,0.2492695701,-0.85001993,-0.360627678,3.601807212,-0.5264044482,0.5530990028,-0.6136885198,-0.3701842798,3.029576548,0.08064198448,0.02720618591,-0.6537033073,0.4220738845,0.6488558116,0.1175907296,-1.832549394,-2.070789804,-1.276938356,-3.891992352,1.036545733,1.049186015,0.06291583055,0.08554155451,0.06196618893,0.09194514543,0.07904715723,0.014898602,0.0241684404,0.08015378423,11.18827511,-0.0171264096,0.1371744069,0.1225783215,0.07520078758,4.033710614,1
cop_0191,27,0.2727111794,-0.01202086962,-0.0006359697649,0.2780506559,0.4883057107,0.3418943141,0.1935339391,-0.1452079208,-0.8192384881,0.3459895466,4.348062164,-0.1303376714,0.04486124397,-0.8005236293,0.5005153231,4.445390517,0.08847089231,-0.05710196073,-0.7226417897,0.6210755937,2.724431599,0.2783379987,-1.898520091,-1.975407691,-1.481369981,-3.776232121,1.398335887,1.214140628,0.01273410723,0.07663821181,0.06274145155,0.2121277189,0.088469649,0.01562480871,0.05601711182,0.0600283477,7.546890071,-0.05946512366,0.1658372903,0.1489844272,0.07534098254,3.351384748,0
cop_0191,28,0.2637235707,-0.1055349065,-8.951346986e-05,0.36276133,0.7051446823,0.4264108179,0.01485190386,0.2582215044,-0.9417127614,0.1045829043,3.21599739,-0.1883523904,0.5820882984,-0.9385949106,0.4110733289,1.780240176,0.1435246291,0.01357049957,-0.7103572763,0.7101378692,0.7764743994,0.2572372846,-1.733799502,-2.012001264,-1.245165111,-3.814786544,1.214129985,1.212463232,0.06893282868,0.0899712498,0.06138033354,0.1562899142,0.08650664945,0.01316782646,0.04438404645,0.07889652477,5.748373426,-0.03011459191,0.1211065662,0.1152294103,0.06647513815,5.136894097,1
cop_0191,29,0.2729764589,0.01750175864,0.001067064714,0.5370299181,0.9578293556,0.1512002819,-0.01564747737,-0.07142368266,-0.8480327174,0.6626372472,2.870895583,-0.255942562,0.06982625788,-0.9469213446,0.83327824,3.516890013,0.05346952647,0.009787653348,-0.8640671902,1.029551177,0.857882194,0.3891914834,-1.51531656,-1.711314506,-1.305077785,-3.862787538,1.589664308,1.329786384,0.00790549785,0.1496926906,-0.0003289311583,0.156000308,0.1077927013,0.00189185167,0.04381767948,0.07000889828,13.48616328,-0.03220455176,0.2068785403,0.1743203921,0.09640948528,2.140723113,1
cop_0191,30,0.298274037,-0.01792169688,-0.0008894025405,0.4417845085,0.7795208069,0.3581676104,-0.2507533566,0.2231467385,-0.9009973264,-0.6575277439,5.693203276,-0.4337980151,0.5953335216,-0.960141788,-0.3355189369,4.249898578,-0.01955804163,0.01475053109,-0.6625224249,0.3149575651,1.575401763,0.3518116852,-1.738105803,-1.938089545,-1.179930111,-3.818630271,1.342154726,1.276485096,0.08326037609,0.09699529255,-0.01469383346,0.147352342,0.09480646879,-0.004288607248,0.03483848799,0.08476120303,8.924164943,-0.01969325699,0.1682852505,0.1490233359,0.08670841543,3.001995834,0
cop_0191,31,0.2491213885,-0.03329736292,-0.0004295558655,0.406240465,0.7511869538,0.4137211582,-0.05068392443,0.0391013753,-0.4827933002,1.098274565,-0.3538236567,-0.3065366366,0.5219848676,-0.7217315497,0.8899070578,0.3214581128,0.0436482469,-0.00854162526,-0.6675080036,0.3939591562,2.087037538,0.1720378564,-1.73674581,-2.085897928,-1.440096057,-3.85389117,1.105587177,1.070843319,0.06573232808,0.07772658176,0.05828181446,0.175990452,0.0763357179,0.0197475819,0.05551263368,0.05864958041,6.697423551,-0.02743075349,0.12595612,0.1198313363,0.06774784651,4.695680359,0
cop_0191,32,0.2539157809,-0.07149271508,-0.000226954231,0.2713111431,0.5247691845,0.3164518046,0.004724713863,-0.0789361959,-0.7579441256,0.3312103301,2.580040643,-0.8102071596,0.4151345179,-0.3578251407,0.9429218652,0.6380786523,-0.03028393745,0.02468010192,-0.7168318158,0.4009237551,1.750449898,0.2129361565,-1.575654987,-2.028054175,-1.399382167,-3.934115041,1.306445677,1.079874397,-0.08900170461,0.1259371567,-0.09348123715,0.1152798371,0.09222059089,-0.03105821521,0.03230988917,0.06762082244,9.352860538,-0.02571224533,0.1778998817,0.1568020854,0.0907307021,2.646902263,1
cop_0191,33,0.2539113438,-0.0689354299,-0.0003071168789,0.7193169211,1.346587981,0.4222530094,0.4165944629,-0.2041931583,-0.8268395333,0.7064161133,1.444491369,0.191917954,-0.0110156244,-0.8133508193,1.37370559,-0.5605242143,0.0560220378,-0.01219774012,-0.6737853646,0.3937235808,2.029071629,0.3101780349,-1.216091162,-1.853128267,-1.296559737,-3.692240767,1.475939286,1.252906884,-0.08150176254,0.1370692343,0.03428010604,0.2262973434,0.1032065763,0.004422750875,0.06444347638,0.07161977335,7.271359018,-0.03704940527,0.1466629685,0.1365763242,0.07417805201,3.813873002,0
cop_0191,34,0.2730814697,-0.02771766811,-0.002895979376,0.3601593605,0.5139155912,0.5467705311,0.1270661728,-0.06885677627,-0.5826696723,0.09035164412,2.910389475,-0.4618899561,0.4372356699,-0.5342691866,-0.06729444806,3.209702568,0.04668368827,-0.1027930985,-0.4806505316,0.2287790819,2.410145049,0.1137957488,-2.058819396,-2.17422714,-1.374456216,-3.692546449,1.097263628,1.098609565,0.03694483806,0.0974898782,0.09839317726,0.1056661778,0.08421878682,0.02731469017,0.03087724673,0.06643325003,5.077384522,-0.01438089549,0.1070711578,0.08253153707,0.05906847134,6.715333344,0
cop_0191,35,0.2890397372,0.02935968966,-0.001585701389,0.4379238277,0.7667028123,0.5602853731,0.184336788,-0.03803823719,-0.6662709799,-0.04877974589,2.151577198,-0.2863704416,0.5402298441,-0.7579366385,-0.03309555168,2.030254052,-0.02621888544,0.03061397495,-0.5266211168,0.12288712,1.613313355,0.04585194281,-2.183654804,-2.130508411,-1.187686828,-3.868404016,1.02760947,1.025888145,-0.002536667487,0.09033806147,-0.004405447176,0.1010734116,0.08129397811,-0.004584547062,0.02863288398,0.08308730177,7.008471804,-0.02214586764,0.1082613862,0.1044112745,0.06046484499,5.735862258,0
cop_0191,36,0.2793221197,0.008273605495,0.0004074622071,0.359371852,0.6914553656,0.4159088503,-0.1463699074,0.2512522852,-0.6724170744,0.6756629734,0.5573838081,-0.5695274707,0.45559843,-0.428343802,0.8513692257,-0.1023340704,0.0122325158,0.02289097204,-0.6677895994,0.3052768083,1.816615842,0.2404371714,-1.801918166,-1.866447593,-1.392455471,-3.927532487,1.225235684,1.119774308,0.07533345248,0.08513874968,0.05743777309,0.1566261147,0.08072047301,0.01661802398,0.04942865412,0.06393144054,7.79031805,-0.03484106412,0.1376966141,0.1426666536,0.07170599131,3.997056592,0
cop_0191,37,0.2787314943,-0.007279674381,0.001600009753,0.496228627,0.9663726183,0.1764185818,0.1466857412,-0.08241679977,-0.8629199982,1.169177958,1.116278337,0.2364105677,-0.1158214706,-1.185308154,1.486580726,1.931540617,0.04120040351,0.04888502922,-0.7924758614,1.354715039,-0.3561292116,0.3426482641,-1.210726894,-1.808073495,-1.343884894,-3.780439121,1.61385626,1.290235429,-0.04970622939,0.1406448701,-0.07205328406,0.18274753,0.1087153775,-0.01712069241,0.04622017559,0.06308356083,13.72264585,-0.0505921635,0.2095341812,0.1880678203,0.09429748731,2.065956304,1
cop_0191,38,0.266457826,0.02001575308,9.539545586e-05,0.1065985482,0.3318131651,0.4647524772,0.01035707441,0.1739995976,-0.788466906,0.4040939667,1.725870195,-0.2509411768,0.487070622,-0.6314126872,0.9429069687,-0.6554883261,0.04855223721,0.0179535242,-0.6638354402,0.3141676408,1.850588411,0.2343997638,-1.484055257,-2.054224744,-1.3330007,-3.859121287,1.138131574,1.135467649,0.0658863621,0.1103090316,0.03555984345,0.1358435248,0.08935890712,0.0100381021,0.04315945244,0.06848469694,6.337835597,-0.02249878064,0.1321746285,0.1196998717,0.07221487061,4.486284909,0
cop_0191,39,0.294222285,-0.04363318013,-0.0005904151154,0.6460606809,1.174960074,0.4121752698,-0.1228779795,0.05374239457,-0.6463592859,-0.1835153407,4.244326227,-0.5398610868,0.2798633473,-0.2775656168,0.1252373093,2.409565129,-0.03362067781,0.01400550819,-0.6112806268,0.4166093875,1.945445967,0.1491531621,-1.591895337,-1.887159704,-1.191742584,-3.78762724,1.053624135,1.124505609,0.00223999141,0.06783894514,0.08245161578,0.0745387291,0.08318757198,0.01476404629,0.0210020611,0.07857335223,7.119013235,-0.04409258087,0.1718872208,0.1552868346,0.08096748252,3.047020641,0
cop_0191,40,0.2846637548,-0.04142028447,-0.001096852306,0.2243134812,0.3247820471,0.3463973972,0.0737552536,-0.09100443445,-0.8197413269,-0.2261949168,3.357702526,-0.2057820565,0.0577323027,-0.818795121,-0.2746510108,3.899196944,0.03708703499,-0.007273582174,-0.7124201623,0.2929699881,1.19369919,0.2655548007,-1.549987952,-1.881201736,-1.232719837,-3.813445446,1.398522577,1.152364947,-0.0363282421,0.05789822108,-0.0662055921,0.156828197,0.07828616328,-0.02063409189,0.04041776153,0.08253615505,7.771053982,-0.0202778402,0.17193166,0.1528031596,0.08339333123,2.810542737,0
cop_0191,41,0.2383443011,-0.02647297469,0.0005806684281,0.4760287722,0.8168102103,0.5024840297,-0.4343438636,0.1704726117,-0.5216086441,-0.6387601576,3.948583817,-1.097326342,0.6340485073,-0.3282385726,-0.7458268575,4.28759402,0.00436866961,-0.01055910448,-0.5569327603,0.1157876868,0.9503621817,0.2241982739,-1.994738098,-1.701194532,-1.279695503,-3.930272203,1.245404956,1.018317339,0.04745139586,0.08726759521,0.006122843951,0.1064442029,0.07812830872,0.002339550074,0.03186891764,0.07950796047,5.816764771,-0.0102327878,0.1414536254,0.1302637907,0.07958448922,3.920023621,0
cop_0191,42,0.2927207683,-0.02201226306,-5.907534613e-05,0.8196004178,1.384149035,0.1777552421,0.2407930016,-0.1546113166,-0.8889752987,0.8998503323,1.475470135,0.376014226,-0.0545088651,-1.156985028,1.469766851,0.07294955336,0.001413880021,0.001856546835,-0.8469908966,0.7830439036,1.771913175,0.360494312,-1.595002164,-1.982852848,-1.241951331,-3.814243029,1.513645309,1.388845299,-0.02091193751,0.1307909148,-0.05586279023,0.1312480833,0.1084447332,-0.01738768218,0.03773621906,0.06823742253,8.106639488,-0.06180010098,0.2256104065,0.2128247591,0.09027530036,1.736753775,0
cop_0191,43,0.2785039335,-0.02200830668,0.0003050742718,0.2482442189,0.542053137,0.2330892314,-0.2186526706,0.2558811629,-0.8804805431,0.373999392,2.472295871,-0.4121834432,0.4538178495,-0.7428514483,0.7719071235,0.6582411075,-0.0286686213,0.04784622746,-0.802634588,0.4806854989,1.74167851,0.3132702936,-1.74620718,-2.034969252,-1.236263145,-3.928715024,1.299604977,1.251097029,0.05796473022,0.1283492663,0.0660125689,0.1352945347,0.09976225108,0.01411225152,0.04098171459,0.07510433972,8.152287564,-0.0418196579,0.1842480467,0.1830540297,0.09080158328,2.41075293,0
cop_0191,44,0.2796821475,-0.02790041869,0.0004853520704,0.4324684312,0.8511555493,0.4725692441,-0.1391723535,0.2937898136,-0.9037422152,-0.2604120092,3.984729238,-0.571306821,0.681807767,-0.8173183988,-0.3088390192,3.874012068,0.07620998309,0.04882191019,-0.6716890395,0.4271378071,0.9786605338,0.2181589338,-2.022205413,-2.063176712,-1.208543034,-3.789878834,1.193260806,1.12522189,0.07423401444,0.08061741243,0.02712330117,0.1297288885,0.0829001296,0.008748457435,0.03268099675,0.08555502773,12.88150735,-0.0249130283,0.1408378389,0.1309295535,0.07878325736,3.883923223,1
cop_0191,45,0.2667382613,-0.05307875892,0.0005406402043,0.3498781347,0.7117991498,0.3844223411,0.5197891474,-0.2883080355,-0.8772987183,0.5618270668,1.739864623,0.4657134572,-0.2329144574,-0.8963005258,1.214254723,-0.06289007523,0.02949573759,-0.009209330825,-0.6820132489,0.3735620903,2.052447961,0.1944019742,-1.5590686,-1.956270428,-1.288723934,-3.929661125,1.348648033,1.104733851,-0.07124395564,0.09844731456,-0.06099410336,0.1732885374,0.08566631517,-0.02037453979,0.04747347382,0.07260757337,7.343248519,-0.02830847285,0.1572071974,0.1354814995,0.07537933451,3.500392835,0
cop_0191,46,0.2669680464,0.009152591762,-0.002159302782,0.7640444074,1.590944697,0.2522766571,-0.0429711857,0.1583056482,-0.8708095628,1.119276994,1.754132484,-0.4552440941,0.4375479673,-0.6519029047,0.7575775369,2.056908491,0.05535655689,-0.009412382495,-0.7578927717,1.163117255,1.105345379,0.4137315281,-1.567806471,-2.019421976,-1.325122088,-3.577513103,1.388200766,1.400077172,0.05940685825,0.1263033354,0.06589113644,0.1920167027,0.1088983359,0.01527368795,0.04905621941,0.06926025865,6.020189514,-0.04427605471,0.2239579331,0.166530189,0.09034898452,2.159359235,1
cop_0191,47,0.2775792851,-0.09851384908,0.0004907235082,0.395801938,0.7106226794,0.4076503425,0.1583969527,-0.1543156457,-0.8110635445,-0.3196270759,4.495825608,0.2471228169,-0.05118976219,-1.028647266,0.7196193942,1.654303596,-0.02944174149,0.01231360607,-0.6250486182,0.2455076102,1.926383347,0.349053782,-1.198371381,-1.902465818,-1.231539664,-3.928731713,1.606715113,1.262326634,-0.06378455165,0.1000074793,-0.04544587163,0.1349844886,0.09535515357,-0.01728082197,0.03207629029,0.08285172276,7.256378299,-0.02259135848,0.1454108274,0.1314247563,0.08210357696,3.745999663,0
cop_0191,48,0.3328766291,-0.01058384431,-0.001339102666,0.6085212575,1.056422854,0.3833447222,0.409611187,-0.2318558593,-0.7633086874,0.6290373958,1.635789089,0.1926466574,0.09804559694,-0.9022863179,0.6318658992,1.729908839,-0.001459744891,-0.004254760496,-0.6041968594,0.6846220086,1.382162793,0.2456020334,-1.903644704,-2.031588889,-1.166530252,-3.63214613,1.297886869,1.253715465,-0.03833537398,0.1014895526,-0.02195588804,0.1719636355,0.0938935357,-0.008566492194,0.04659916167,0.07667729482,15.73946643,-0.0483567241,0.1782647689,0.153809775,0.07100109448,3.109837507,1
cop_0191,49,0.2675525252,0.06254244717,0.000498317159,0.3604329831,0.3918692752,0.1464155144,-0.08564527818,-0.006888990531,-0.6550447868,0.9429663917,1.711714355,-0.2544105351,0.09527830278,-0.387967905,0.6190815652,1.263616368,0.01211711649,-0.03015898252,-0.8012895198,1.196111478,1.253661567,0.2952120839,-1.296835113,-1.764570405,-1.189389206,-3.727652938,1.151092584,1.38481981,-0.01440979202,0.1578876989,0.06381968917,0.09804284822,0.1136589927,0.01123658841,0.03270776482,0.07076511982,13.56926222,-0.05940821166,0.2359587343,0.1993478138,0.09123985129,1.758258104,1
cop_0191,50,0.2858997665,0.03432493826,-0.0002606755128,0.5736432134,1.013632281,0.4066436763,-0.1659786344,0.02036403904,-0.6715026277,-0.3183930747,4.620922769,-0.8166671643,0.464553413,-0.497652331,-0.3922222404,4.908067333,-0.04388454827,0.02762334942,-0.623508339,0.3312859455,1.863105652,0.1976901259,-1.879239556,-1.909419471,-1.331669388,-3.979590331,1.234573553,1.102283241,-0.0006734611171,0.1340289044,0.008251150769,0.1440337539,0.09676472699,-0.0008356649989,0.03661311505,0.07372415875,7.110963898,-0.01692285419,0.1634168024,0.133245983,0.08642636312,3.290854117,1
cop_0191,51,0.262666998,-0.0172730376,-0.003735530049,0.5335744238,0.9703354993,0.5473247013,0.06491977863,-0.02347033647,-0.6708784443,-0.1800596957,3.52185677,-0.3959835386,0.3366406603,-0.5854825585,-0.1016337821,3.267432127,0.07627441015,0.02527179116,-0.5797781677,0.5097982777,0.8774803649,0.1293571352,-1.910054913,-2.088427466,-1.22302998,-3.766883976,1.141066818,1.070593945,-0.01141050089,0.07810698948,0.02879669283,0.09839703742,0.07882185641,0.006320355457,0.02430225588,0.08498020572,6.494046907,-0.01990220283,0.1237316896,0.1030637603,0.06920096008,4.921865069,1
cop_0191,52,0.2905208245,0.03689084253,0.0001592866939,0.1124492021,0.1941499292,0.128087022,-0.2013171859,0.2719235434,-1.010908587,0.9467478454,2.392403264,-0.2664988264,0.3173780291,-0.8317784725,0.9208138213,1.540950904,0.002981075546,-0.001531594451,-0.9053860383,0.8541091645,2.152475953,0.3050523183,-1.45855172,-2.094897718,-1.376488296,-3.892796258,1.204949344,1.238268428,0.06237499663,0.1395673699,0.07958387295,0.160113523,0.1020102134,0.01930949412,0.04386640296,0.06350824009,6.999767546,-0.05494873748,0.2275983581,0.2022064894,0.09731882265,1.750509663,0
cop_0191,53,0.2797704093,-0.06665122568,-0.002013466368,0.4296566233,0.8667665579,0.4377529628,-0.1910426454,0.1275966578,-0.6419721817,-0.01801335196,3.257233003,-0.7606397598,0.4044940363,-0.3726080176,-0.223228211,3.761525487,0.08341807933,0.02038337298,-0.654305928,0.587826431,0.6993025185,0.2099018438,-1.819238659,-1.809580237,-1.282399813,-3.872032987,1.230207418,1.084293945,-0.004464698612,0.05313824751,0.01121947916,0.1500440723,0.07355292811,0.00565089507,0.04055653684,0.07809154456,6.873144319,-0.03032145258,0.1262317056,0.1218148698,0.06993473883,4.549933696,1
cop_0191,54,0.3099573704,0.0173461807,-0.001549009283,0.884721777,1.357986962,0.7379708548,0.1754364244,-0.1656296638,-0.4689075878,-0.296387199,1.890115679,-0.4109161163,0.4884333755,-0.5304846042,-0.2824291064,1.856263486,0.03391448282,-0.08264501744,-0.3561321969,0.007376381476,0.8831440771,0.1938780967,-2.291907793,-1.97603482,-1.090887137,-3.424513641,1.193007109,1.152250058,0.02618070691,0.0903951815,-0.02829678087,0.05428025003,0.08536444474,-0.01216007041,0.01424595814,0.09751229399,10.54722018,-0.008561648258,0.1059246592,0.09597103216,0.06175468874,5.873242944,1
cop_0191,55,0.2643383119,-0.03869704736,9.998029487e-07,0.3084114886,0.5720870591,0.3461328039,0.04234354576,-0.1168517804,-0.5882716621,0.9783081011,1.643676287,-0.7348936875,0.2017940845,-0.1804560385,1.290625936,0.8433451341,0.04229139528,-0.0279120351,-0.7113544647,0.592748211,2.599894019,0.2256308818,-1.653532375,-1.935666493,-1.499288092,-4.023804015,1.397887069,1.089564448,-0.06557350073,0.1212894871,-0.02527440561,0.1489856659,0.09105220676,-0.009582228296,0.04372409115,0.05729552878,6.757403145,-0.04176187993,0.1740659251,0.1460752721,0.08301182901,3.13199094,0
cop_0191,56,0.2875710365,0.04416421808,0.0004677490514,1.177590929,2.036906563,0.1081384399,-0.1172470582,0.0270129024,-0.9341568987,0.8253021647,2.471121155,-0.9485093225,0.5497849847,-0.6969057115,0.9687467552,2.377212839,0.02440793422,0.02436015498,-0.9757575132,0.8154559697,1.754688329,0.2571793421,-1.964980796,-1.925587738,-1.372372355,-3.87147074,1.364252173,1.15261493,-0.03950631391,0.09941268056,0.008703319514,0.1782258182,0.08775089584,0.00070124262,0.04706876447,0.06589543276,8.65632439,-0.05756965027,0.2364575285,0.212350359,0.09698419035,1.507804259,0
cop_0191,57,0.2813030163,-0.05046422768,-0.0004148198805,0.6911184276,1.35216304,0.4060644744,-0.1981916755,0.1980497697,-0.8144526713,-0.156640186,3.556879967,-0.6202263388,0.5844795709,-0.6923418902,-0.3677963884,3.788803241,-0.0321697562,-0.01533504016,-0.5961574139,0.2107745865,1.618749351,0.2709041285,-1.892979311,-2.08143751,-1.253668593,-3.912810425,1.211712552,1.150289277,0.07593111499,0.1102466205,0.04189681024,0.1390130672,0.0926217014,0.01193025565,0.03787010289,0.0816807103,6.26167197,-0.02525687426,0.1555954676,0.1474436104,0.08443562978,3.274297908,0
cop_0191,58,0.28754075,-0.05757158803,8.13985647e-05,0.34547249,0.553095712,0.3446363869,-0.01438136154,0.0472188179,-0.6191672397,0.5187649734,1.829219446,-0.8238416863,0.4871960267,-0.1681291084,0.272263774,1.732358589,0.007369839583,0.002055361185,-0.6985379288,0.5661477397,2.037225826,0.272917215,-1.678834232,-1.852733447,-1.198488455,-3.813532403,1.231236411,1.344961459,-0.04081908139,0.1604730474,0.06710915519,0.1209437367,0.115088366,0.01271491685,0.03914292282,0.07573352613,8.571351757,-0.04801053295,0.1825835155,0.1679684661,0.08437084512,2.705097743,0
cop_0191,59,0.2765558498,-0.007338952559,6.691250624e-05,0.4363552728,0.8703175467,0.2953627083,0.05993425227,-0.05868639729,-0.7761465311,0.1571278016,3.114323827,-0.3866455594,0.4105242136,-0.8808879949,0.2718841303,3.061387172,-0.01338885989,-0.009592727525,-0.7113867075,0.4468946212,1.923271339,0.3196751883,-2.106915851,-2.072414826,-1.329437875,-3.831779312,1.403060335,1.332336733,0.01885150964,0.1398657879,0.09292199677,0.1454181915,0.1095866016,0.02501060761,0.04124562569,0.06942009147,10.10998529,-0.0460076476,0.1843997706,0.1723080825,0.08223947336,2.572918725,0
cop_0191,60,0.2840650641,0.00177870522,-0.004322709872,0.5720913929,1.100001791,0.4826710812,-0.2423450438,0.1593510829,-0.696636098,-0.2861427751,4.187526763,-0.8972143312,0.6886228001,-0.5877755814,-0.1855469988,4.039065383,0.06400426544,0.03749275717,-0.649967208,0.5280011255,0.7024016948,0.1721077501,-1.891998213,-1.747255209,-1.309354479,-3.778295682,1.1914142,1.016074874,0.004958128323,0.04132417037,0.001879234198,0.1427610031,0.06673942456,0.0002998544644,0.03842906101,0.07491683684,5.512208911,-0.02206195041,0.1407408802,0.1230430126,0.07270418014,4.248602527,1
cop_0191,61,0.2845701479,-0.04038229232,-0.002745004791,0.6710172897,1.235159148,0.4202237281,0.1161567051,-0.07598406101,-0.7274495681,0.3410915736,2.419809992,-0.4518316899,0.3702900496,-0.6866280419,0.3482694863,2.862615655,0.1653013803,0.000352136958,-0.7165961167,0.8226766641,0.2261626402,0.1699275566,-1.716950125,-2.066862387,-1.360803351,-3.780108452,1.260688226,1.07908261,-0.055107749,0.08607639242,-0.06198300869,0.1436693209,0.0816977026,-0.01801739807,0.03634001101,0.06941663549,8.204684718,-0.04474485783,0.1782643092,0.1622277152,0.0823985742,2.828494837,1
cop_0191,62,0.2573217544,0.02157226504,-0.0004767849926,0.568756618,1.092389496,0.4863784741,0.06056277079,-0.1028714047,-0.6329699563,0.004547560652,2.675043426,-0.4202930265,0.3374770568,-0.6077446123,0.4321213245,1.425387275,-0.05624615022,0.02953874962,-0.5545245953,0.15096228,1.781595675,0.2630764046,-1.864102164,-1.884602865,-1.275224117,-3.876456261,1.346478085,1.127585961,-0.03324587563,0.07621923435,0.03105680555,0.1238515641,0.08357629111,0.004045862287,0.03629392516,0.0790391947,7.932157448,-0.03480943003,0.1331574191,0.1311430952,0.06940618437,4.203700377,1
cop_0191,63,0.2900515036,0.008578024144,0.00698244234,0.3992233101,0.6613245187,0.7326485604,-0.4082156521,0.2070353169,-0.3658900922,-0.3397701563,1.726100781,-1.070681923,0.6122574147,-0.06080538759,-0.4559513892,1.993873542,-0.003341631688,-0.002294278452,-0.4246819488,0.02230792195,0.3589727748,0.1712488192,-2.096057525,-1.698668881,-1.255703552,-3.493994855,1.192923523,0.9883671217,0.03962871653,0.03025150399,-0.05999176167,0.09793732629,0.06160060269,-0.01375650974,0.02986808382,0.07837080806,4.750857923,0.00884312321,0.1247125479,0.09642540524,0.06545576523,5.302559495,0
cop_0191,64,0.2883299466,0.08415237361,-0.0007338429063,0.607763786,1.113342144,0.2808909658,-0.01885939559,0.1922335105,-0.9528873025,0.6319586267,2.684644721,-0.2790073656,0.4154731153,-0.7286151168,0.762201634,1.193172556,-0.004755374137,0.02002575799,-0.7530139527,0.6755983504,2.021501533,0.2870324074,-1.663574546,-2.209530393,-1.388906123,-3.961618158,1.202392457,1.252292,0.04299418365,0.1300289004,0.05947494089,0.1556027637,0.1008411,0.01156338677,0.04354810986,0.06526759201,7.670859273,-0.05073311187,0.1947879832,0.171064968,0.08389506508,2.533769564,0
cop_0191,65,0.2557732337,-0.01440134576,0.001931221232,0.3250864562,0.6661146708,0.3742731715,-0.05001197035,0.3171816987,-0.9557609577,0.7676174635,2.428687751,-0.4369679394,0.4400448519,-0.5204934092,0.5713898105,2.015362558,0.01333316744,0.08073412654,-0.7573116975,0.5978207713,2.359338451,0.373938051,-1.588858838,-1.844825739,-1.40536435,-3.896691187,1.31746891,1.310629322,0.07758931286,0.1195712448,0.02034807625,0.2131562376,0.09937319243,0.002827658873,0.06446285895,0.06452503669,7.931177393,-0.0400736457,0.1528492101,0.1338866264,0.07693119687,3.699539718,0
cop_0191,66,0.2586703901,-0.01693842219,0.0003458815594,0.3457427035,0.6022045075,0.6328900915,-0.2339280349,0.151250444,-0.6207281384,-0.6255485416,5.322418332,-0.7368861652,0.7851086933,-0.7328688437,-0.7010540403,5.341304314,-0.01665145684,-0.009688454351,-0.4293815997,0.1368712134,1.889393758,0.0767284681,-2.193033656,-1.954346058,-1.361264163,-3.928974759,1.036390182,0.9260247761,0.07455271232,0.05237353856,0.01398312124,0.086723668,0.06428301718,0.005314488524,0.02232015404,0.07277070271,8.512332863,-0.02216610577,0.0936730952,0.08464820515,0.05441550161,7.135081633,1
cop_0191,67,0.2738368167,0.04019654111,0.002029252986,0.3424550431,0.4590706435,0.6871402647,-0.05918645242,0.005945094013,-0.2107918552,0.7194460816,0.02111314045,-0.3555225073,0.4240974727,-0.3055361601,0.569719247,0.4500102694,0.002868774732,-0.06545197963,-0.3057944031,0.3064830537,1.467737505,0.3059780951,-1.739016238,-1.905563466,-1.411730653,-3.674221791,1.266813259,1.211598347,0.08891460233,0.05769043557,-0.004943508713,0.2436886923,0.07937657188,0.002746731055,0.07429088609,0.06438163898,9.069257955,-0.01759109123,0.05546063798,0.05393837019,0.03542282821,13.09999498,1
cop_0191,68,0.2355523575,0.001413203469,-0.002008138377,0.5673675052,1.069258788,0.3174776387,-0.2509684689,0.1921298735,-0.9118349475,-0.1930004566,5.008887687,-0.3339301953,0.7187034003,-1.187121036,0.3797819071,2.77864526,0.08474812261,0.02232826344,-0.7982354588,0.6957290522,1.130809214,0.3400812415,-1.674974367,-2.03508483,-1.28500041,-3.867331121,1.259260864,1.170319765,0.128393279,0.1328399738,0.04392589136,0.1285958449,0.0991273791,0.01138493549,0.03500949495,0.07499545571,13.92662007,-0.02740417224,0.1914500019,0.156254255,0.08897460265,2.510668378,1
cop_0191,69,0.259177734,-0.05876457198,-0.0001493172121,0.2976770229,0.5705995071,0.1142815121,0.2210374864,-0.1922214924,-0.928313123,0.9835025397,2.188953055,0.1216205261,-0.2096633832,-0.8526543533,1.755206393,0.3543728839,0.01602721807,-0.001428392027,-0.9264152145,0.9720176968,2.082969537,0.3913296414,-1.066138536,-1.971501902,-1.279904358,-3.940954942,1.698420832,1.376706957,-0.07327156745,0.1271907076,-0.0711378151,0.09520980523,0.1050295975,-0.02247786816,0.02672765629,0.06851824071,7.083303366,-0.06392637568,0.2415304586,0.2132206063,0.09597359797,1.580910996,0
cop_0191,70,0.295519363,-0.04481766036,-0.0005437824939,0.5900428396,0.9652531506,0.4166027385,-0.2846046518,0.2953799564,-0.6182485817,0.1210279202,3.221608898,-0.794196119,0.5103942867,-0.2419032264,-0.036866951,2.944634794,-0.02867295209,0.01260489009,-0.6202166064,0.3627706627,2.475636479,0.2635596394,-1.636923078,-1.718846071,-1.125016766,-3.756849895,1.198778656,1.246892685,0.03652594866,0.1021995032,0.08554948692,0.1294355872,0.09568082222,0.01971413663,0.04253125698,0.08416040868,6.918354899,-0.0376569859,0.1376889369,0.1266794593,0.07045194134,4.27170397,0
cop_0191,71,0.3107990816,-0.05622757598,0.000494601147,0.721561336,1.2605429,0.5687749476,-0.1019068453,0.1853267859,-0.7668926699,-0.900713393,4.233012374,-0.5873542277,0.6185688887,-0.6415385986,-0.6686991514,3.369740925,0.05633619224,0.03292315746,-0.5682554634,0.1566670715,0.4723086441,0.2132888505,-1.778674306,-1.857414433,-1.032879769,-3.712826827,1.190774338,1.168041078,0.07156130371,0.08328771015,0.01136947899,0.060932969,0.08422592614,0.0002236139461,0.01563766025,0.1017512962,11.36868254,-0.006817576023,0.09888762076,0.09563495538,0.05876991606,6.179868622,1
cop_0191,72,0.2908551343,0.03144427597,-0.0008317159824,0.3626235888,0.6433384965,0.1957240596,0.1818181955,0.1315756824,-1.079926239,1.088607734,0.318298421,-0.1602016377,0.107267008,-0.5327146966,0.7434722755,0.3599257553,0.04581804615,-0.006273548154,-0.8745658487,0.624522719,1.704044526,0.180509968,-1.263191274,-2.1264856,-1.474919438,-3.970855905,1.022777948,1.12464458,0.04352576481,0.1165269239,0.08775440494,0.1470269576,0.08734220699,0.01902534955,0.04483514784,0.05491702027,6.76173877,-0.04335807987,0.1948561859,0.1914436471,0.08695590472,2.257230734,0
cop_0191,73,0.2637165862,-0.00945909028,0.0003415309949,0.4610849146,0.8285659397,0.5671754762,0.06979715955,0.08455923253,-0.7249393719,0.03459487216,2.831947441,-0.3626903062,0.6761865581,-0.8584189471,0.1585375925,2.417528563,0.1592213594,0.008542431157,-0.6234076267,0.5488392131,0.7599409841,0.1496866843,-2.136904255,-2.085130734,-1.313012187,-3.766450894,1.132908877,1.064899411,0.03200246289,0.06644128198,0.00736453543,0.1500085966,0.07401823507,0.001996829295,0.04062679592,0.07795463886,5.668433101,-0.02234272069,0.1159109032,0.09984935559,0.06571183553,5.494044294,1
cop_0191,74,0.3084833338,0.04815986936,-0.0005081010254,0.1946034229,0.1645946073,0.6288339019,0.1927337686,-0.03501203027,-0.5681544941,0.3037003568,1.845989511,-0.5280999946,0.5318836781,-0.3687662668,0.3553077066,0.9895322164,0.06608935418,-0.01980489744,-0.517252104,0.2879839985,2.013800019,0.153223602,-1.70878364,-2.131312861,-1.385419148,-3.719444642,1.126392126,1.122938912,0.02715336582,0.09614131796,0.1208326464,0.154826358,0.08781728765,0.03125882637,0.04756131075,0.06401761841,5.689269103,-0.03815469365,0.1244591406,0.1139328739,0.06234851595,5.271605836,0
cop_0191,75,0.2673459236,-0.06035482658,0.002296588903,0.4748275054,0.7247966434,0.4518799461,0.08550075746,0.006453772883,-0.5829091903,0.7422812044,0.930122479,-0.4032343673,0.4267054895,-0.4736042381,0.627628684,0.8802996097,0.03127177791,-0.008586290582,-0.5266724917,0.8308194244,0.5559978202,0.2625422002,-1.937960625,-1.887447002,-1.184937781,-3.579900432,1.253810091,1.251694605,0.01367631407,0.09481448936,0.06510563076,0.1477388267,0.08983712739,0.01419435316,0.04602771139,0.08349095062,6.497679599,-0.03826526731,0.1487297415,0.1275532673,0.07196578374,3.949263148,1
cop_0191,76,0.2610645969,-0.003424314998,-0.0005484954628,0.5304234694,0.9766493162,0.4276929176,-0.3787005594,0.2970112687,-0.6799651426,-0.09677802533,3.579426296,-0.6809321537,0.6340571096,-0.6602623505,-0.06029945362,3.231273444,-0.02469639129,-0.01392641907,-0.5762358525,0.3191597114,1.562017954,0.2698638894,-1.804329908,-1.95353016,-1.265428929,-3.959989978,1.24609073,1.150874382,0.09583779569,0.08332583456,0.05855831284,0.1463843755,0.08690849659,0.01799128567,0.03814671535,0.07882087587,6.247544755,-0.02737418154,0.1516743056,0.1380657034,0.08027621794,3.580332889,0
cop_0191,77,0.2891029382,0.01142451796,-0.0003815605402,0.5282591668,0.9043593681,0.5564899424,0.201218064,-0.04445518419,-0.7158495988,0.2549263526,1.961912393,-0.6774076468,0.5417866273,-0.5274536008,-0.05336509102,3.002705137,0.04773553664,-0.02584621974,-0.5469173052,0.1572452022,1.900893272,0.2404175354,-2.048457771,-2.002453547,-1.240884051,-3.846979775,1.321193754,1.140166595,-0.02154762464,0.09128247668,0.01881745064,0.1922081622,0.08632873481,0.007591919872,0.0584757229,0.08035051557,7.212785182,-0.02849673544,0.1004933801,0.1006483355,0.05833256324,6.172056241,0
cop_0191,78,0.2579281926,-0.002446145327,-0.003413540549,0.371357545,0.8070810483,0.9343563043,-0.1785327836,0.2417092295,-0.4177056446,-0.01133076406,0.3488993479,-0.836676816,0.7932052975,-0.3052054984,-0.1269981131,0.671594546,0.02823363312,0.1086243932,-0.3980872865,0.2455148198,-0.6359771117,0.1382451155,-2.319113019,-1.9228498,-1.289841296,-3.417966314,1.144237433,0.9859947406,0.03138958477,0.03577914693,-0.02392336112,0.1340060555,0.06147178543,-0.007566324494,0.03630871725,0.08506021369,14.29586195,0.01030665494,0.1095756029,0.0749179134,0.05951312368,6.156051079,1
cop_0191,79,0.2487702327,-0.06087645004,0.003073563291,0.5014153381,0.8758483892,0.6087857779,-0.1707223301,0.2283621766,-0.630673415,-0.09898442666,2.072173459,-0.7097637465,0.7472876772,-0.5891404297,-0.05767156215,1.954729291,0.0449165025,0.0628586474,-0.5391618389,0.3790691111,0.1103556416,0.2322176591,-2.016625435,-1.908932558,-1.186497129,-3.802050914,1.237453924,1.109564927,0.03835077912,0.06983288817,-0.01206476436,0.1465782602,0.07982258301,-0.004856018568,0.03637679965,0.08776452699,7.652296392,-0.01669734935,0.1043627008,0.1044299478,0.06192842598,5.845895998,1
cop_0191,80,0.2936963005,-0.06609284582,-0.003691758122,0.5153051822,0.9559349143,0.6523519052,-0.2419554004,0.154527125,-0.4952696388,-0.4995509617,3.288971851,-0.8464691022,0.6903894808,-0.4350487943,-0.6406231091,3.745806367,-0.05011226518,0.01205651141,-0.4052563058,0.05811983719,1.120262729,0.1782765099,-1.947555371,-1.954894564,-1.260113907,-3.754891093,1.161457292,1.065256599,0.05162213536,0.09272444059,0.04924011148,0.1080075284,0.083783246,0.01548897016,0.02889483577,0.08248447462,6.849597391,-0.007629455107,0.0985010922,0.08827206327,0.06068877056,6.438526692,0
cop_0191,81,0.2838153644,-0.009756842498,-0.002056089089,0.5093627484,0.9832049248,0.5291453814,-0.1468531192,0.3985535704,-0.921099523,0.05961132273,2.113473302,-0.5168019236,0.7176306832,-0.789391686,0.09324491744,1.778877256,0.08175564981,0.05437814204,-0.61624096,0.4866384466,0.008550464928,0.2483791943,-1.848662232,-2.031406311,-1.251675624,-3.692595868,1.207780647,1.107511466,0.08933869173,0.1036275244,1.617410519e-05,0.1574139143,0.08572259136,0.002521512219,0.04297773815,0.0814885283,13.30533745,-0.01467718417,0.1370532141,0.1244861944,0.07376328477,4.162277229,1
cop_0191,82,0.2743122331,0.03476963695,-0.002201119403,0.4802850682,0.9307197896,0.2811409755,0.1150576282,0.2541675653,-1.10132499,0.9329202503,1.446084707,-0.2582820138,0.3268772892,-0.6797804328,0.7455928811,1.164123518,0.1381336059,-0.01638729012,-0.7888451665,1.030047663,0.4669151323,0.2542414859,-1.853491357,-2.167439887,-1.477836464,-3.84020364,1.193378401,1.207396333,0.05727333012,0.1077485809,0.02382848068,0.1984617349,0.09510988762,0.007077290843,0.05216816812,0.05972669363,7.449566072,-0.04532559002,0.2027300769,0.173160865,0.09121516137,2.306929408,1
cop_0191,83,0.2927827156,0.005669555411,0.0009171048847,0.242562435,0.4186747789,0.6085583767,0.08051111548,-0.07772526407,-0.2908968578,0.7824303227,-0.04545186761,-0.7514783091,0.5051529285,0.07116448594,0.7826823763,-0.7829622055,0.02484553309,0.002875762849,-0.5124023023,0.3360050818,1.988717857,0.221622813,-2.069595049,-1.819043628,-1.24373787,-3.660136237,1.181363207,1.235572118,-0.01528580272,0.05091960009,-0.008700556238,0.1957946783,0.07872345039,-0.009199326405,0.06506103963,0.07262444842,6.191494384,-0.05579025652,0.1293829322,0.1357885133,0.06318445775,4.637799913,1
cop_0191,84,0.2487491689,-0.04049859202,-0.0009813439909,0.5058475453,0.9126383552,0.3729804952,-0.2871912643,0.1907871332,-0.8145657496,-0.461026159,5.318090603,-0.1297088147,0.4648048962,-0.9708787152,0.2358324135,1.966515182,-0.04532430511,0.003587111068,-0.6087143805,0.3897663632,1.442677785,0.3013951046,-1.383806786,-2.228768705,-1.297050066,-3.925502607,1.183117972,1.187252122,0.12392417,0.109676929,0.05806824502,0.1382127744,0.09758871779,0.01434678059,0.03496820812,0.07508349283,7.965235751,-0.03290111368,0.1885207788,0.1662971552,0.08778918223,2.497667172,0
cop_0191,85,0.2581270745,-0.01469705867,0.0004908692018,0.7153228545,1.190705296,0.3958128484,-0.001192263206,-0.1052275238,-0.5941404717,0.2099479121,2.280288495,-0.8581214845,0.4129308775,-0.2826665047,0.1355879273,2.592073767,-0.006222511634,0.004618799383,-0.6495350675,0.24049312,1.85299648,0.2556150145,-1.882298423,-1.934673644,-1.287270974,-3.958900516,1.345556555,1.14159606,-0.07291604863,0.09686661558,-0.06766723755,0.1110321395,0.0877733929,-0.02098573673,0.03279906154,0.07544368495,8.713779235,-0.03306053167,0.1389405273,0.1380483902,0.07379192429,3.900876457,0
cop_0191,86,0.2802462556,-0.005803244396,0.0008151800245,0.3659701334,0.6464611311,0.1839313693,0.04837950322,0.1400472876,-0.9533631611,1.173776533,1.368897465,-0.3453805231,0.18625843,-0.515267637,0.7570447173,1.564605782,0.04244482953,-0.00929406572,-0.8648799807,0.9430931706,2.005250976,0.3917737975,-1.356080171,-1.969173128,-1.432624255,-3.82249294,1.321398141,1.412756909,0.03504050326,0.1299225064,0.1236578642,0.1884731182,0.1085441057,0.03136975405,0.05483648336,0.05710857838,8.245098417,-0.06001548666,0.22180447,0.1975931263,0.0927913043,1.911457095,0
cop_0191,87,0.3061654163,-0.01183128335,-0.0005568192933,0.4771131403,0.9997689844,0.585923402,-0.01206370933,0.03799544482,-0.5654707675,-0.1303516792,2.913098208,-0.7289196423,0.6728790044,-0.5086295569,-0.03830549987,2.617685954,0.01858558804,-0.0132908882,-0.5038128231,0.1399956863,1.886748519,0.04809465873,-2.194801122,-2.137146846,-1.326491294,-3.947225286,1.058058749,0.9821684852,0.03294606239,0.09937322692,0.05966429524,0.142404462,0.08102629404,0.01511362174,0.03979974515,0.07163491945,6.999855493,-0.02045429979,0.09868841996,0.09078796894,0.05690418741,6.687624091,0
cop_0191,88,0.3009022132,-9.734015832e-05,7.83133058e-05,0.4341539285,0.7952819493,0.4453214235,-0.3778412688,0.2046904939,-0.5991558335,-0.5112587434,4.637765517,-1.062937597,0.6972213044,-0.3468957595,-0.2882684199,3.750287677,-0.02123390483,-0.01322374708,-0.5550648298,0.2567648782,1.591305086,0.1288758742,-2.1167294,-2.051674466,-1.36067487,-4.022045284,1.119118876,1.01113312,0.04291102922,0.06912360748,0.02553220636,0.1219222174,0.07485161877,0.002402599402,0.03209751952,0.07257788318,8.017597118,-0.01997598023,0.1357448261,0.1193203993,0.07427649419,4.17883182,0
cop_0191,89,0.2931756398,-0.03209032651,0.0001662629288,0.5066791497,1.051578843,0.4219754923,0.2324586166,-0.08783537747,-0.8382217992,0.1358788364,2.509485999,0.1171419613,0.09866963229,-0.9491946606,0.6291328251,1.219630422,-0.0185944778,0.004680727255,-0.6122219124,0.2999545994,1.626675338,0.1884185603,-1.29586902,-2.098433011,-1.308669014,-3.82636839,1.276831935,1.115823425,-0.02742350916,0.1222096463,-0.01900079224,0.1221743135,0.09629273,-0.005955566735,0.03197112119,0.07108057645,7.334593228,-0.0215837651,0.1594192379,0.1396285424,0.08151280207,3.351155669,0
cop_0191,90,0.2888658915,0.02705852646,0.000573013691,0.367823583,0.6976753427,0.4702864002,0.009052283224,0.2704278802,-0.9364810861,-0.06143654395,2.601610624,-0.6021481111,0.4254888933,-0.2398616575,0.4123855513,0.2111872935,-0.04446483623,0.02278385725,-0.5723782545,0.159701476,1.548509318,0.1141716801,-1.757305066,-2.316657248,-1.246282336,-3.915999376,1.032911839,1.053298146,0.03784656098,0.08427913796,0.05703678559,0.1407966992,0.08137424647,0.01193828232,0.03925353861,0.08088182661,7.200563789,-0.02868872122,0.1419426429,0.1374318353,0.07415418845,3.803894092,1
cop_0191,91,0.2882503363,0.04548573522,-0.00125032789,0.8217889121,1.555607758,0.6146666394,0.3165481262,-0.2481007455,-0.3822162393,0.711493862,0.1344227265,-0.2111789973,0.3384728782,-0.4318472378,0.839595827,-0.2391931934,0.11845509,-0.04454555976,-0.5364951659,0.3278220638,1.791703033,0.1269516295,-2.137715092,-1.893053513,-1.261999733,-3.815132318,1.132779201,1.087637377,-0.03323642508,0.08856956539,-0.006069909417,0.1819539253,0.08234676263,-0.003944371761,0.05739493775,0.07636621317,6.42227412,-0.02959405121,0.09707766579,0.09427779911,0.05708298883,6.667981751,0
cop_0191,92,0.2902013921,0.03232950921,-9.891554432e-05,0.2769430615,0.6005128893,0.4654936948,-0.09966139725,0.1886627507,-0.7918969529,-0.289786777,3.115926135,-0.327088658,0.4305233025,-0.7345201158,-0.4954111906,3.633366723,-0.05923459915,0.01049071046,-0.5403884563,0.1282826148,1.304664668,0.1145955217,-1.522835434,-2.201249073,-1.304472879,-3.855343284,0.9980458869,1.039414434,0.0431627456,0.08495937094,0.02664875585,0.1210505,0.08079429598,0.005195179174,0.02952963402,0.07682973509,12.29663808,-0.01046307699,0.1493110706,0.1305749698,0.07940030876,3.63100885,1
cop_0191,93,0.2722084181,-0.01700967682,0.004365075556,0.6914631013,1.061132303,0.6725096308,-0.03360197112,-0.09624228725,-0.4265149003,-0.1233260618,1.891021952,-0.6218612018,0.487175719,-0.4404301422,-0.1459209973,2.105203492,0.06338171376,-0.04286619293,-0.4770449161,0.0814525861,0.9457092336,0.1088336513,-2.121766925,-1.783102056,-1.353299633,-3.664039662,1.081481451,0.9236120814,0.03175748541,0.03714639014,0.02611189902,0.1183573873,0.06146088053,0.007396669099,0.03820429602,0.0734878453,9.118711554,0.006276055078,0.1254531947,0.08879947263,0.06850947324,5.051970455,0
cop_0191,94,0.2834848483,0.007483080719,0.002839102712,0.3912192377,0.7401685698,0.4918887784,-0.3064530125,0.4209309305,-0.7591720217,0.1906155614,2.52358059,-0.6191930015,0.8735412311,-0.8414717858,0.0508623484,2.737651996,0.03499261343,0.06917580836,-0.6220894967,0.5469706796,0.7135258661,0.1630860923,-1.888591169,-1.936834367,-1.427832548,-3.929819689,1.086005786,1.015066684,0.1028132763,0.08703789237,0.01433676934,0.1594268721,0.07969313897,0.005292235152,0.04647226751,0.06953337145,12.59604197,-0.0290388858,0.1301331205,0.1215397152,0.0714539581,4.40376704,1
cop_0191,95,0.2566257866,-0.06802594397,-0.0001223870099,0.326375117,0.68526508,0.2368755049,-0.00220865514,-0.02941143482,-0.8865873769,0.4972764862,3.428732547,-0.6316471114,0.2875150142,-0.6918157089,0.4249024985,4.173505452,0.05732054285,-0.04429519152,-0.8035544268,0.7002736475,1.932764744,0.3415288958,-1.857198575,-1.997282559,-1.301563892,-3.90571266,1.47678351,1.287298623,-0.01298052312,0.1145963954,-0.01044398695,0.1418974253,0.09979221875,0.001047416564,0.03597668017,0.07258760414,7.677026607,-0.05205097721,0.2196931196,0.1894599902,0.09276159068,1.958596195,0
cop_0191,96,0.2692364356,0.02259515768,-0.0007349647807,0.5513681169,1.118683262,0.4445997732,0.1257526565,0.141857753,-0.8828825232,0.1306210261,3.024125237,-0.6073558322,0.6011746731,-0.58824769,-0.1237824092,3.476290295,-0.03813984391,0.01303800929,-0.5814301869,0.3169842049,2.183019654,0.3492122794,-1.943557204,-2.066481292,-1.238540469,-3.751322172,1.352531214,1.389762825,0.01327678711,0.1346997935,0.09773120975,0.1799316546,0.1107868979,0.02130932373,0.04778695732,0.07678318288,7.150682772,-0.03183234384,0.1429383514,0.1290874559,0.07431500122,4.100669433,0
cop_0191,97,0.2501624466,-0.02172574289,-0.0005874258189,0.5216194764,1.053528171,0.3896091592,0.4197354579,-0.2910741571,-0.810059322,0.3705796305,2.010061726,0.3762201578,-0.1973831219,-0.9701379683,0.9111841029,0.8073232687,0.0414781872,-0.02081214396,-0.6896262986,0.2811748181,1.968959515,0.2870415216,-1.474748022,-1.774976528,-1.23110144,-3.8788528,1.512200485,1.195494251,-0.06908646011,0.1229849659,-0.06762642028,0.1606880292,0.09687079069,-0.01858512769,0.04699240179,0.07595001904,5.944745114,-0.01860537995,0.1540053398,0.1349972388,0.07943718942,3.614273605,0
cop_0191,98,0.2485831008,0.02490467345,0.000234512012,0.1312118499,0.1722729854,0.2058292415,0.2291502303,-0.2105097989,-0.8927633093,0.8100755863,2.678419706,-0.3486892922,0.3834326083,-0.9208084366,0.9273191719,2.320903397,0.01292876057,0.003984381885,-0.8377068886,0.8109079553,2.104898639,0.4581251649,-2.210899473,-1.915023924,-1.286473984,-3.839548461,1.589434133,1.481794132,-0.01038182846,0.1978284597,-0.009034644681,0.1848014837,0.1306830175,-0.002457332278,0.05089069996,0.07021682795,7.251400291,-0.03980024999,0.2170540118,0.1763045309,0.09622724961,2.051980412,0
cop_0191,99,0.2462579611,-0.01812110166,-0.001778671173,0.4213345546,0.8202205578,0.4765199609,-0.2533646295,0.2463394544,-0.7100798406,-0.07163332025,2.839747834,-0.5972995771,0.684099048,-0.7236069189,0.05660649237,2.103555969,0.004674845877,0.01152541274,-0.6096269697,0.1762841997,1.526221792,0.1718439127,-1.72087737,-2.070151451,-1.319195805,-3.828626464,1.09291046,1.018530356,0.1073563517,0.08627731306,0.08026625627,0.08873613107,0.08065565757,0.02659297252,0.02720333668,0.07497907057,7.63649347,-0.01706583727,0.1593394023,0.1330474654,0.07924654651,3.363101613,0
cop_0191,100,0.2946799609,0.01468482581,0.0001416391623,0.4704558005,0.7927834505,0.1793572376,0.1216125299,0.1445240528,-1.135938574,0.7420241874,2.446385794,-0.2106198666,0.1678385804,-0.4968199547,1.017924365,-0.4175924382,-0.02451555659,0.01187652806,-0.8379001554,0.7275028413,1.955511184,0.2127589533,-1.307480561,-2.117203807,-1.428859553,-4.004776059,1.070660085,1.175670461,0.02853633665,0.1131516368,0.07106054651,0.1660158282,0.09264421286,0.01217184057,0.04327776895,0.06021875495,6.837820151,-0.04761609634,0.2239950911,0.2004226768,0.09690690569,1.836377197,0
cop_0191,101,0.2637827911,-0.02769372624,0.003129931171,0.4837130854,0.8530715608,0.5693973513,-0.1957625743,0.07195995612,-0.6337488288,-0.8619140468,4.796894462,-0.612520175,0.6479958102,-0.7177587836,-0.4933592787,3.543544042,0.1576329125,0.0194690794,-0.6656683625,0.3455683124,0.2882497039,0.3109628438,-1.89346526,-1.87565642,-1.080971966,-3.821376056,1.325511669,1.20212974,0.05045301642,0.1109857896,-0.01869171768,0.1301455494,0.09478206304,-0.006438930419,0.03426442902,0.1003770566,12.16260693,-0.008180669942,0.09538403667,0.09232348453,0.06056281302,6.452463125,0
cop_0191,102,0.2747971224,-0.03635191892,0.0007380446768,0.4764651506,0.9141672581,0.3436214051,-0.3428273099,0.1341217631,-0.7410560984,-0.7080658673,5.5588839,-1.188953039,0.3922312485,-0.2627263294,-1.445231336,8.069385571,0.08754416388,0.01455431039,-0.7637018152,0.4850935298,0.8075302169,0.1578557841,-1.690694441,-1.797260373,-1.355208535,-3.995741369,1.222920916,1.024868862,-0.04117923454,0.07530361376,-0.05550297451,0.1382978006,0.07527641456,-0.01610610667,0.03629093045,0.07328001275,11.6650232,-0.01849091744,0.1501269222,0.141021882,0.0837212233,3.392151174,0
cop_0191,103,0.2769398416,-0.04669619795,8.186879353e-06,0.4030954252,0.6898136327,0.2398034109,0.05283803736,-0.1507283625,-0.6603713755,1.136164673,0.7319290418,-0.6326558205,0.1498602202,-0.3209967911,1.317228421,0.2138724054,0.04425195138,-0.01560222241,-0.82148822,0.6275539456,2.047335969,0.3474317296,-1.448632628,-1.821654992,-1.430359082,-3.909375271,1.542384731,1.209459107,-0.1110729996,0.1184428039,-0.04170541315,0.1792416058,0.09554927751,-0.01881565296,0.05159425882,0.06174755039,7.812013155,-0.03799263232,0.1926880081,0.173654877,0.09244150342,2.369552767,0
cop_0191,104,0.2919623889,-0.05267944599,-0.007610239853,0.5798320029,1.093522762,0.6789095065,0.3230212162,-0.1338990931,-0.713497624,-0.4079922361,3.892444541,0.09273565244,0.3913207765,-1.031443331,0.01682727612,2.792729715,-0.03841887242,0.03407649065,-0.4526524191,0.05414338049,2.169229711,0.2196764671,-1.769083438,-1.849489106,-1.086846714,-3.509519515,1.259242213,1.2230205,0.04810567903,0.1371256981,-0.005087573102,0.09707919069,0.1052571314,-0.0005255778147,0.02756068507,0.09017009685,5.132280587,0.001231483417,0.08002456033,0.05602935348,0.05145529302,9.332009493,0
cop_0191,105,0.2653340594,0.02043259134,-0.0033869951,0.5388126053,1.03712763,0.5224020633,-0.03846688201,0.2797553564,-0.8204158831,0.3265230984,1.625305997,-0.3004542183,0.5951740818,-0.7586455092,0.4374970884,0.8516669306,0.1295758262,0.0322447246,-0.6240353376,0.6699802579,-0.0167505499,0.1508420167,-1.574911735,-2.173996611,-1.296714239,-3.776752805,1.061399419,1.03882227,0.1024827403,0.06261926041,0.03933557318,0.1367568062,0.07161295605,0.01087715954,0.0374769237,0.07556236636,6.509790155,-0.02586468294,0.1189046634,0.1149027898,0.06625866198,5.092122731,1
cop_0191,106,0.280138193,0.03083731389,0.0002274963104,0.7175236341,1.184700711,0.3563141021,-0.2741226161,0.2298708841,-0.9106070507,-0.9245397901,6.994648336,-0.0689876742,0.1554698069,-0.7244702237,0.1601867159,2.317432778,-0.02864270068,0.006261562564,-0.6526482148,0.311913806,2.134500634,0.4107641799,-1.157753314,-2.057569659,-1.216636176,-3.929397464,1.291034269,1.313955024,0.1302305027,0.08994713256,0.1291959467,0.1371282248,0.0947324267,0.03774476684,0.03433236656,0.08556024536,6.627560415,-0.03307375105,0.1402960291,0.1339691059,0.07891665554,3.879198454,1
cop_0191,107,0.265604046,0.01690230612,-0.0003054201874,1.010177183,1.635659674,0.5352754636,0.1226538106,-0.1674055723,-0.6773694041,-0.7446585969,3.781912665,-0.2280110346,0.1644643568,-0.6888189582,-0.5541419644,3.278579143,-0.01270071366,0.01628032603,-0.5361848554,0.01247690454,0.8538435018,0.2150538565,-1.848316309,-1.887257123,-1.149324324,-3.828077746,1.315096929,1.110842693,-0.06128661848,0.05887408451,-0.0587936087,0.05844680162,0.07563961095,-0.01902688175,0.01351221365,0.08740069976,7.253634738,-0.005160024417,0.1195007698,0.1152202794,0.0693251664,4.810888584,0
cop_0191,108,0.2824767177,0.01584736864,-0.0002916511697,0.595730175,1.025629635,0.3674106702,0.06607274316,0.110317808,-0.8528775269,0.5702675497,2.232231048,-0.4921090969,0.5787169456,-0.5426535995,0.9911279316,0.1852382272,0.08009618369,0.02554445694,-0.7827889831,0.5609763998,2.005691466,0.145478592,-1.780093636,-2.082822325,-1.390593838,-3.942430342,1.074715188,1.090580578,0.02862358855,0.1273807516,-0.0351178183,0.1610459053,0.09343589439,-0.01343625872,0.04854704814,0.06282803233,7.127707984,-0.04042035269,0.1737494212,0.1550936643,0.08343997798,2.962495429,0
cop_0191,109,0.2822629193,-0.01506890622,-0.0002158557854,0.7473927311,1.332754364,0.3189592889,-0.4448398127,0.1011200985,-0.4732292991,0.1781031021,3.530585491,-1.689549874,0.4990445191,0.2815993646,0.08710345685,4.222160578,-0.01334259948,-0.005821558318,-0.6885527757,0.5161513452,1.943275815,0.1927139946,-1.828179332,-1.98926917,-1.357565953,-4.013529516,1.333867182,1.080519725,-0.05842897464,0.1044006047,-0.0502593626,0.1188410471,0.08728899552,-0.0151214391,0.02996521504,0.07071938956,7.899656359,-0.04123397739,0.1850862694,0.1612529798,0.08854233063,2.604764489,0
cop_0191,110,0.2784963347,-0.1027545772,0.03404102721,0.2922676638,0.3876460509,1.514287145,0.1074792632,0.07923334902,-0.345438902,0.2379403498,-0.3240567509,-0.627370041,0.5629425355,-0.1785828883,0.266241577,-0.006702957252,0.1281936151,-0.04544141687,-0.2260845694,0.1192618007,-0.05108612132,0.2130269714,-2.162598655,-1.895649947,-1.228141268,-3.122845291,1.259703516,1.110589689,-0.03710077245,0.05127707216,0.006563996567,0.09332177709,0.07020307619,0.009439864525,0.02943879623,0.09843459716,3.96190613,0.04884280369,0.2173739379,0.08262962943,0.1064895655,3.027975905,0
cop_0191,111,0.291745207,-0.001860321532,0.0001489161023,0.1247251262,0.1515317101,0.0870997536,-0.4821790617,0.3547095639,-0.9281505853,1.141914793,3.190812289,-0.5074825464,0.6388778918,-1.145753472,1.081013498,3.034042925,0.01494935838,-0.01560817887,-0.9310627768,1.130473306,2.241857413,0.3452563225,-1.743643158,-2.040950647,-1.438983878,-4.037415719,1.299251131,1.205999887,0.1492313812,0.1276511608,0.06698830905,0.08432308184,0.0947467345,0.02281369237,0.02500209168,0.05941536561,8.384386494,-0.06928232636,0.2434956276,0.2112016914,0.09650722667,1.595827993,0
cop_0191,112,0.2744959994,-0.01584258709,-0.0009046857835,0.378497892,0.8299391656,0.6172821282,-0.2158925193,0.1321588145,-0.2386430194,0.7411013305,0.3294150463,-0.8953493759,0.7694924724,-0.1147543194,0.9730209708,-0.5996074298,0.02254750418,0.02340408529,-0.5181079408,0.3285659337,2.050956666,0.194794668,-2.059650004,-1.842057383,-1.528069676,-3.783936171,1.18116412,1.108253945,0.01217970126,0.06332414607,-0.02918544046,0.2255049355,0.07449562679,-0.01236319031,0.06941869906,0.05270281513,6.288211003,-0.03384240973,0.1062397921,0.1041876986,0.06016486235,6.170617434,0
cop_0191,113,0.2791749966,0.01086092256,0.0007163360916,0.5027572379,0.820299411,0.5579024324,0.1543507497,-0.02627720906,-0.6964183304,0.02015780353,2.444454279,-0.2170949133,0.4100751289,-0.7789775996,-0.04376629025,2.562571983,0.08992759464,0.008380868256,-0.5663309586,0.4143401181,0.7697091554,0.1532108847,-2.064711065,-2.028204964,-1.258051862,-3.685716363,1.149275069,1.07472396,0.01052971303,0.08103100743,0.02623662811,0.1247508032,0.08065993792,0.004627249837,0.0325938655,0.08137370966,7.43250234,-0.01463294984,0.121030485,0.1009094587,0.06683928789,5.090577691,1
cop_0191,114,0.272152376,-0.01915004818,0.0008685251371,0.4584589098,0.807277913,0.4319062974,-0.3882242923,0.2427839383,-0.7079151048,-0.528958748,4.56359582,-1.162604738,0.8502667709,-0.5522289158,-0.6355967928,4.88999861,0.02723087911,0.0512002985,-0.6744373529,0.4202036979,0.680968106,0.219248155,-1.994001358,-1.850808629,-1.275120907,-3.890881837,1.232768227,1.08255855,0.01308037716,0.1060601096,0.009129517453,0.1377798477,0.08923253657,0.002330991665,0.03670694997,0.07866854433,5.909089481,-0.01645219906,0.1599867929,0.1439524989,0.08708266855,3.233205124,1
cop_0191,115,0.2652646879,-0.05147926035,0.0007002972612,0.3405033582,0.5779437133,0.3386071615,-0.1888915812,0.1681489541,-0.7691083471,0.216558429,3.821391021,-0.7770722162,0.6327319186,-0.6098204193,0.2296715094,3.607575411,0.09226765619,0.02868366309,-0.7729657916,0.7817515054,1.279866055,0.2742600281,-2.054467657,-1.928202284,-1.301949495,-3.961248719,1.304469359,1.218308463,0.02850667645,0.1069425329,0.03653307812,0.1442800362,0.09317959769,0.006787423716,0.03955570014,0.0758817887,7.160884725,-0.03750708922,0.1585165664,0.1428740395,0.08301216982,3.371699174,1
cop_0191,116,0.2638806433,-0.008409698646,7.166121571e-05,0.5500807544,0.9886882978,0.361895525,-0.2069942774,0.312518392,-0.9043330884,-0.2062849602,4.049334067,-0.35644202,0.4707099544,-0.8172787016,-0.01096276187,2.981072167,0.01905292742,0.06293034021,-0.7126877488,0.5046984632,1.185000703,0.2608431171,-1.689059376,-2.186387035,-1.216974274,-3.911882964,1.192254113,1.15916084,0.1071673941,0.1021613783,0.06907183999,0.09448658369,0.08808878764,0.01955026484,0.02388117556,0.08077912464,14.26346258,-0.03142352227,0.1492256855,0.1429239117,0.07943913905,3.522473327,1
cop_0191,117,0.2994405945,0.02111893249,0.0002267365453,0.5902215223,0.9766628307,0.1080526657,-0.374252041,0.1924524665,-0.8705059004,0.5467853668,3.401959006,-0.9277348394,0.6434778531,-0.7972034993,0.6033777036,3.423030851,-0.03181886605,0.02577033289,-0.9039718252,0.8157889611,1.781594226,0.3631603036,-1.984141284,-1.779964435,-1.406546866,-4.00049587,1.460103259,1.266872492,0.007098971641,0.1318042626,-0.01499332271,0.1640888608,0.1025889694,-0.005448383782,0.04383871374,0.06165310444,9.342156419,-0.04208721622,0.2396219582,0.2033649674,0.1002271936,1.54277106,0
cop_0191,118,0.273739022,0.03084718082,0.000146912296,0.3560903642,0.582585277,0.5454964714,-0.2350546006,0.1526439688,-0.5788295173,-0.3947311966,3.562755159,-0.7612678954,0.6168005718,-0.448955333,-0.2901766418,2.985195818,-0.0284534101,-0.02503222907,-0.4679269817,0.1142255752,1.35037993,0.257265568,-1.94432522,-2.171613322,-1.150398959,-3.845832336,1.233488509,1.189062052,0.06915945749,0.1047801964,0.06015322194,0.07599570371,0.09508166436,0.01215567818,0.01804870726,0.0871423587,7.900402758,-0.01331094054,0.1339906478,0.1180164628,0.07305454664,4.345111218,1
cop_0191,119,0.3013088513,-0.01333795895,-1.974134092e-05,0.67198795,1.199599665,0.5076346366,0.1182748893,0.009390971963,-0.6210673278,0.4810556566,0.8211793907,-0.2794197839,0.4961240727,-0.6506903581,0.6584475359,0.07771113132,0.02090370367,-0.005878047241,-0.5811578961,0.1866531767,1.892147569,0.1887399543,-1.842707717,-1.849319438,-1.250878135,-3.777930891,1.143353571,1.111581731,0.03120757815,0.08167555879,0.02632404779,0.1637094919,0.08249024865,0.005217332688,0.05113354913,0.07527265258,6.647376281,-0.03328943027,0.1248471753,0.1283346464,0.06670421766,4.64605628,0
cop_0191,120,0.2562862511,-0.03380393874,8.565264486e-05,0.5977098878,1.108371054,0.4342334488,0.5122962291,-0.1240999862,-0.9650739143,0.3392766642,1.942718944,0.7926082172,-0.06838839938,-1.462486999,1.081542963,0.8979412546,0.07350583459,-0.004035119223,-0.6918870576,0.2657022515,2.016433232,0.2454081247,-1.132212983,-2.046622184,-1.286642434,-3.773237527,1.486756164,1.231898923,0.003678136672,0.09585850175,-0.04659326448,0.1845531597,0.09205910708,-0.008700860489,0.05400957281,0.07184681076,7.08585863,-0.02165587224,0.1419459953,0.1227238989,0.07132746057,4.080478207,0
cop_0191,121,0.2570249695,-0.02096053167,7.95640822e-06,0.3707478626,0.7999600458,0.2598206239,0.1024982167,-0.104401713,-0.7370017021,0.8643549474,1.453032341,0.1742840773,0.08378186774,-1.021455958,1.519763927,-0.2313263308,0.05440469124,0.001392612425,-0.8308411371,0.6851935309,1.924916243,0.2889735878,-1.623887141,-1.934460045,-1.292310617,-3.776727339,1.422843785,1.234973647,-0.01827360552,0.08798077503,-0.05835886458,0.1707598224,0.08864522105,-0.01771249621,0.04929988766,0.0679683193,6.442044101,-0.04275689547,0.1988431458,0.1764892591,0.08969257082,2.287441566,0
cop_0191,122,0.2751810904,-0.02710166492,-0.0009830030397,0.3694066139,0.7497677338,0.1617293241,-0.01807962835,-0.07398115126,-0.8294683893,0.8175791105,3.051627053,-0.2874249596,0.1529367191,-0.9565933803,1.068773381,3.518395052,0.02026160036,-0.01958320906,-0.8625808914,0.9203485897,2.16993286,0.2357359757,-1.515697026,-1.985646369,-1.393966953,-3.921403897,1.395539724,1.166774011,-0.04464703259,0.1117155454,-0.07774661548,0.1484333489,0.09174317485,-0.01744149214,0.04080798793,0.06283231309,6.472878418,-0.04639617637,0.2300563092,0.1854652745,0.09839902693,1.878212332,0
cop_0191,123,0.2544159527,0.01040652928,-0.0001553379505,0.5090589634,0.9344298236,0.2222536313,-0.2987879709,0.09610432125,-0.7339194798,0.06208358026,4.483043114,-0.242197878,0.1967020712,-0.6013420556,0.7462104737,1.060938898,-0.009358424962,0.003594757671,-0.7973537402,0.6012370095,2.118580556,0.2285781318,-1.297366239,-2.065308418,-1.422648095,-4.012614935,1.044595607,1.115147418,0.08999894753,0.06286986582,0.08918553263,0.1588673501,0.07720680332,0.02241234851,0.04140324639,0.06690794842,7.719440125,-0.04311875882,0.2017350448,0.1720292168,0.09001444204,2.256721262,0
cop_0191,124,0.29194575,0.005050668349,-0.001138507419,0.7380236624,1.349496643,0.09305773611,-0.1074920191,0.07509729571,-1.020177491,1.069370108,3.091715234,-0.4039036333,0.223675245,-0.8721698406,1.090517438,3.06248149,0.003656842747,0.06169861811,-1.012888499,1.035741354,2.298547083,0.3383659545,-1.67337246,-1.810387979,-1.452001448,-3.966162806,1.395332444,1.261230236,0.006100000166,0.1403000896,-0.02209663728,0.1664356989,0.1021927328,-0.006372136116,0.0435776124,0.05557612081,8.789485615,-0.06365799757,0.2414022931,0.2113493308,0.09375049164,1.63375039,1
cop_0191,125,0.2371060136,-0.01993871096,-0.0003787745831,0.3136678202,0.422377637,0.2927837674,-0.4023378254,0.2857441573,-0.6098840696,1.055469932,1.204846516,-0.5068820755,0.5695641426,-0.6906446806,0.9163041808,1.174607856,0.00368446615,0.04399721711,-0.7949207517,0.597451084,2.247663835,0.30778857,-1.479592426,-1.870269869,-1.425917,-3.939338983,1.186661796,1.089898532,0.1616345297,0.07814121515,0.02553982429,0.1494962365,0.07490050178,0.01318547278,0.04842670132,0.06156766252,6.360882678,-0.06139827025,0.1714044995,0.17335792,0.07765014707,2.944689092,0
cop_0191,126,0.2548180756,-0.03965284121,0.00233735821,0.317559665,0.389831425,0.4580184066,0.3472531687,-0.2135623202,-0.5823495323,0.9702584448,0.2887009813,0.07892933466,0.1391040544,-0.8341111787,1.025698484,1.014701078,0.1377679277,-0.05211941055,-0.6728929266,0.452598137,2.178631133,0.1719305244,-1.659917623,-1.937393978,-1.340635593,-3.898463251,1.27831733,1.100392207,-0.02121740962,0.07031019856,-0.03580540303,0.1707510602,0.07586350632,-0.005716122425,0.05556379837,0.06506413458,7.275540126,-0.03515550335,0.1342796134,0.1215652122,0.0708948654,4.468549826,1
cop_0191,127,0.2825960069,0.05004499669,-1.776129951e-06,0.7270579688,1.187650286,0.3130151817,0.1522021304,0.04705292566,-0.796075611,0.7432062359,0.9365240465,-0.4754644969,0.2446448294,-0.1253007638,0.6704675644,-0.3130077624,0.05092602903,-0.004385526471,-0.7704619363,0.4993494055,1.99327954,0.1736262108,-1.318908384,-2.074233595,-1.321031082,-3.890769696,1.03514077,1.171926109,-0.05586432722,0.09710343201,0.06838245402,0.1851435216,0.08675631323,0.009739787549,0.0542968223,0.0669094466,6.505774465,-0.04506249191,0.1695806873,0.1619380209,0.07576628499,3.108309951,0
cop_0191,128,0.2856190999,-0.01602888405,-0.0007470738209,0.9849460495,1.734764703,0.5163590882,-0.2292210699,0.01397877977,-0.5665245462,-0.7372514088,6.170230604,-0.6426573585,0.6046802218,-0.7219933814,-0.4464415618,4.941527954,-0.04612631507,-0.005120394092,-0.4863489561,0.2393078824,2.065001872,0.2735382185,-1.930637845,-2.154179248,-1.273441436,-3.9038454,1.274326377,1.168243985,0.07117774626,0.1044086143,0.1234762584,0.08751843095,0.09318160967,0.03286525338,0.02126809587,0.0763190558,8.668123745,-0.0408519327,0.1162470792,0.1171123187,0.06286492245,5.311016845,1
cop_0191,129,0.2800401407,-0.05001773156,-0.00269787399,0.6169627988,1.2817382,0.408580833,0.23075745,-0.06815093231,-0.7291210151,0.4774721639,1.83713238,0.005638353242,0.09583993658,-0.8060137479,0.5628617961,2.326936881,0.02953741961,0.005082780135,-0.6098420515,0.6944528558,1.058043539,0.07846077852,-1.615529865,-2.039804169,-1.252260593,-3.611246497,1.158559143,1.079535175,0.002823592564,0.07208342278,-0.005107629806,0.126084101,0.07990272481,-0.001077310496,0.03356669126,0.07260867745,6.281705142,-0.03664686556,0.1648736244,0.1398562486,0.07758918794,3.387484747,1
cop_0191,130,0.288008917,0.008570669602,-0.0002503764685,0.612258109,1.248619151,0.3799173547,0.06896679694,0.123500547,-0.8994565311,0.1095344283,3.148276335,-0.7009933089,0.3762293092,-0.1786044248,-0.02814468696,2.36850972,0.1778340451,-0.01397649341,-0.7737471832,0.6926489205,0.8801461931,0.247753011,-1.504821717,-2.061319809,-1.256486256,-3.83615966,1.156159481,1.234928224,0.004697736746,0.1238798404,0.04059604305,0.1486163864,0.09868443435,0.004685193755,0.0380111924,0.08014316115,7.108793418,-0.02184062924,0.1722511809,0.1397515719,0.08653945453,3.073319566,1
cop_0191,131,0.2692669701,0.01083519694,0.003032682182,0.905418806,1.660978014,0.3496491933,0.1444965762,0.1118854572,-1.038560796,0.1345210491,2.994955853,-0.3116173052,0.3474099015,-0.6191786743,0.3040725772,1.360287986,0.01222318764,-0.0351710933,-0.677521689,0.3704681304,1.735908969,0.2232583823,-1.368946544,-2.281192078,-1.244671559,-3.817808187,1.094130811,1.17537186,0.05773210145,0.09030566516,0.1147517182,0.1262623984,0.08920669332,0.02985104486,0.03156345674,0.08146608533,7.926950721,-0.02567701946,0.1668958607,0.1476136173,0.08591056927,3.031398731,1
cop_0191,132,0.2442805783,-0.06383448544,0.00112110946,0.3802663002,0.8427840125,0.4311588803,-0.3966827542,0.15298913,-0.3280873508,0.8123290066,0.5430053096,-1.252074136,0.6975121234,-0.1016508209,0.5708034693,1.399331261,0.02668048454,-0.01594583109,-0.637291262,0.3535950983,2.052770559,0.2776522734,-1.812006958,-1.534095321,-1.33229752,-3.907960914,1.353449466,1.071288865,0.02334263122,0.118131548,0.09026482202,0.1105069697,0.08748988508,0.0268567699,0.03999385996,0.07035688087,7.317679883,-0.04439026103,0.1469625442,0.1472157231,0.0738187038,3.717445983,1
cop_0191,133,0.2319795446,-0.07575122353,-0.001770075373,0.3760316474,0.8177724671,0.2712693515,0.1571767139,-0.04254785211,-0.9634410343,0.7583974745,2.17223418,-0.2261426306,0.09240085748,-0.9044384753,0.531318193,3.669386452,0.1148619168,0.1223591306,-0.9093923789,1.174270712,-0.1528637369,0.2783370901,-1.772388769,-1.844517894,-1.356425919,-3.834135278,1.42170097,1.146279402,-0.05285251593,0.1206022205,0.003909469655,0.1457607101,0.09335246241,0.0005370453557,0.03681387387,0.06830244229,13.39711858,-0.02215520852,0.1948713545,0.15312874,0.09318142306,2.488384148,1
cop_0191,134,0.2931513973,-0.01419707966,-0.0004079456531,0.4027439889,0.8990699218,0.3824443593,0.1290656441,-0.08101543391,-0.808186698,-0.04059335571,3.502040943,0.2971118746,0.103608486,-1.260843925,0.6717927181,1.917558663,-0.01724562422,-0.002277770012,-0.6476311821,0.3536634415,1.742516132,0.1951108424,-1.477955859,-2.120821326,-1.253800997,-3.830844854,1.351480459,1.151318105,0.006994710826,0.09969481772,-0.0313421411,0.1323156572,0.09207879782,-0.006228595287,0.03160745179,0.07717971353,6.728911506,-0.02881964098,0.1874786979,0.1605266022,0.08651898031,2.576913453,0
cop_0191,135,0.283937257,0.02589095377,-0.0001725827519,0.8752296779,1.56268328,0.3691081004,-0.2009644881,0.3544880862,-0.787578063,0.7204596903,1.231098566,-0.6390755596,0.6046022345,-0.4681678134,0.7594083421,0.3536801452,0.005908407123,0.02889535695,-0.7024770356,0.4121101795,1.940236247,0.3351789889,-1.853739519,-1.912736688,-1.303899165,-3.935452767,1.306292534,1.270065744,0.06274509557,0.129385929,0.04608018184,0.1526447438,0.1007668031,0.01186888434,0.04717990733,0.07041867016,7.569110003,-0.03977213123,0.1518360656,0.1521588969,0.07693430889,3.533645575,0
cop_0191,136,0.2620125181,-0.08236497652,-0.0002034455606,0.4996969211,0.9955110826,0.5060975987,-0.1557057388,0.235769798,-0.7263299602,-0.06292744793,3.295476069,-0.5986066582,0.6242435003,-0.6122525785,-0.02475121014,2.835489952,0.04053680162,0.01313291468,-0.5791091449,0.3431716957,1.45556795,0.2395292956,-1.878134144,-1.962107912,-1.24385935,-3.763232759,1.209566341,1.12868454,0.06593639016,0.09362315964,0.06342539628,0.1395256976,0.08569100234,0.01748693723,0.03950117978,0.0812336101,7.385268521,-0.02201698014,0.1192569785,0.1051430232,0.06788472964,5.111703857,1
cop_0191,137,0.2646244064,0.01031477631,-0.0003087970171,0.4363010797,0.7056879381,0.3528701756,-0.2812100373,0.5012616519,-1.049349192,0.1097509805,4.041415771,-0.6026947888,0.7095759297,-0.8473498385,0.0577316131,3.637866939,-0.01477764181,0.01627121377,-0.6874651464,0.4105135578,2.253125262,0.3213566937,-1.792805936,-2.083958086,-1.321069199,-3.964649302,1.291753392,1.225434788,0.1074440645,0.1372844427,0.03789380572,0.1859813211,0.1029072971,0.01245415062,0.05061335698,0.07212905874,8.362793533,-0.03316525529,0.1617593291,0.141238477,0.08054286287,3.35763072,0
cop_0191,138,0.3004669621,0.004447018626,0.0007228043631,0.3642679227,0.722229056,0.5936145389,-0.08893064787,-0.06353026267,-0.5495726773,-0.7834280784,6.090129699,-0.7199196038,0.5123465212,-0.5577625246,-0.6259115796,5.736682744,-0.1004815114,0.03327436999,-0.4082071921,0.1201773041,2.276467845,0.1928030637,-1.959850087,-1.859712541,-1.256008289,-3.85171157,1.24014173,1.098273188,-0.01206334424,0.06069585564,0.08069410642,0.1374616932,0.07486749311,0.02015715794,0.03284432846,0.0794237854,11.11991182,-0.0250520217,0.08443999695,0.07932183367,0.04913327253,8.087391405,0
cop_0191,139,0.288253255,-0.002508875692,-0.0008092438412,0.1295041593,0.5143165112,0.55384701,-0.5605728256,0.3968727411,-0.5639921078,-0.5983927073,3.427055661,-1.33979894,0.8936076241,-0.3527403129,-1.105613406,5.089919349,-0.01115826953,0.09433047946,-0.5865193627,0.2173447832,0.2268598296,0.2233457418,-2.190410345,-1.645318412,-1.146410102,-3.753467962,1.264928691,1.052227751,-0.007746265577,0.06248708886,-0.02587360402,0.09233717501,0.0737596427,-0.001825016329,0.02617801128,0.0918805755,6.8324321,-0.008383122701,0.1357188551,0.124821393,0.07341546927,4.111779286,1
cop_0191,140,0.2891628277,0.02987156119,-0.0007213113412,0.6386952341,1.15301257,0.3793650653,-0.2014690432,0.2086318726,-0.7774815937,0.03816327179,3.540129911,-0.4030103047,0.554024706,-0.8979883802,-0.1185521091,3.697958474,0.07807970962,0.008205043958,-0.7030918614,0.6022517597,1.089487866,0.2386747259,-1.846931519,-2.012388754,-1.304792941,-3.850403059,1.19993154,1.143362403,0.03579898648,0.1018515239,0.07336452514,0.1115126305,0.08905660698,0.01981947848,0.02684363205,0.07495655082,7.402767628,-0.02736033732,0.168831113,0.1427088185,0.08490062002,3.147199329,1
cop_0191,141,0.2554045471,-0.01885604457,0.003330092298,0.678133012,1.348817459,0.672293719,-0.2553387997,0.05767560323,-0.3088812846,-0.1141167583,3.127742165,-1.032545165,0.4755179538,0.04470421784,-0.2502379811,3.354361321,-0.1334739048,-0.02468895736,-0.306582859,0.05256321642,2.348647232,0.340079805,-1.882965467,-1.907837186,-1.268670382,-3.533049413,1.387118836,1.272178503,0.02770343391,0.1061662969,0.06957644227,0.1585807685,0.09875635268,0.02264210913,0.04477911434,0.0800792225,4.585410899,0.0009325380858,0.1210643787,0.0668541608,0.0610578982,6.085802477,0
cop_0191,142,0.2492818924,-0.02140920358,0.003411328564,0.5849084184,0.8728662841,0.3589522514,-0.0124560078,-0.0231471943,-0.8398860017,-0.2004368989,3.546995679,-0.1370346079,0.1996099791,-0.8630782592,0.2048428186,2.103842276,0.1753775123,0.00564051605,-0.8212373016,0.587143479,0.1769416594,0.2871137476,-1.874745804,-1.851899669,-1.181620408,-3.745103874,1.28108519,1.152800425,0.1047234966,0.1061714234,0.03952348346,0.1182163919,0.09083733169,0.01111122494,0.03063401298,0.08248915094,13.27715317,-0.01578590857,0.1699669594,0.1514477843,0.08410873681,2.908719033,1
cop_0191,143,0.2836133459,0.0326325906,-0.001276674547,0.5842347506,1.039808255,0.497138387,-0.1717139923,0.2004245551,-0.6403209117,0.05070116767,3.456280076,-0.4823669567,0.5440620728,-0.6227714009,-0.1235704551,3.630989765,-0.001113155838,0.01676329165,-0.5287827451,0.4828438824,1.514775437,0.1759016904,-1.85077626,-2.093357625,-1.315412036,-3.811318084,1.112175213,1.098885753,0.06431397139,0.08203297592,0.03923762945,0.1378022752,0.08183285604,0.01163860133,0.03716519316,0.07470966966,6.988307309,-0.03408900427,0.1243321227,0.112001566,0.06733910545,4.944418314,1
cop_0191,144,0.2768355035,-0.005121738789,0.0008243210803,0.3262361502,0.7486340582,0.5908223198,-0.2068036783,0.339277097,-0.5273289678,0.4649237591,0.859232345,-1.008338347,0.6288778842,0.1057632547,0.4492547194,0.05294119348,-0.009949666873,0.05047710359,-0.5310620557,0.2779300358,1.664143093,0.266346847,-2.020455468,-1.79961332,-1.441237055,-3.696462256,1.274803759,1.211596336,0.03029572221,0.07535925891,-0.002161239512,0.2765056602,0.08467129824,-0.005749931443,0.08145496775,0.05457198966,7.252462952,-0.02477947416,0.1247803354,0.1201791652,0.0653897598,4.906050515,0
cop_0191,145,0.2567969369,-0.05805944674,0.0001561129848,0.7777669301,1.365209378,0.5049203587,-0.3572698233,0.2153325664,-0.6403249795,-0.7498604646,4.048496635,-0.6756032503,0.4034278241,-0.4511105098,-1.009063926,4.606705457,0.00785516483,-0.01470108964,-0.5624524927,0.03807508088,0.9980386394,0.09398076581,-1.633788957,-1.979707744,-1.354686371,-3.919072179,0.9903092879,0.9351731844,0.08516672737,0.06213154285,0.0580315286,0.09143747863,0.06734273905,0.01672138784,0.02457512263,0.07457393159,5.763137758,-0.01099824609,0.139767019,0.1296063749,0.07409352837,4.014150152,1
cop_0191,146,0.2820797701,-0.01970908245,-0.001751728534,0.5262874111,0.9209279564,0.3407612376,0.002949075375,-0.05202218143,-0.7793321498,0.1318159574,3.69246917,-0.06304461092,0.04177883196,-0.8802987976,0.8789804756,1.9037113,0.0162775642,-0.015158681,-0.6804527589,0.5267887109,1.654569763,0.309111857,-1.353876991,-1.840548534,-1.286044188,-3.91697749,1.509963907,1.234171005,-0.02057692326,0.1270258043,0.001109361766,0.1334442011,0.1016937075,-0.000572543001,0.03607605696,0.07510578252,7.60369284,-0.0346351146,0.1802828215,0.1578010181,0.08694339848,2.728869778,0
cop_0191,147,0.2704441446,-0.0007212122546,1.773881263e-05,0.661765355,1.280392513,0.3374084413,-0.3290901915,0.2009091421,-0.7666443535,-0.5295840412,5.981794848,-0.3286716067,0.2963079228,-0.6121445479,-0.003291585861,3.02609135,-0.04055948554,0.02703553567,-0.6803072752,0.406248897,2.189869147,0.2508612749,-1.3158981,-2.026188313,-1.263094194,-3.89299116,1.145691095,1.153506835,0.08103984967,0.1026829942,0.0655650313,0.1549660123,0.09135336622,0.01447271454,0.03959519248,0.0774272561,8.938696149,-0.03505054215,0.1686187274,0.1512536079,0.08743035533,3.03280453,0
cop_0191,148,0.3323794127,7.230684088e-05,-0.0006953835987,0.6182023152,1.267889982,0.5687171199,0.2417288456,-0.1380935973,-0.5004786359,0.4677616786,0.9677200374,0.001949656862,0.3314400668,-0.8086161554,0.5923115731,1.124923401,0.09105226403,-0.0358008033,-0.5660225854,0.2974555501,1.820106808,0.1327910805,-2.12191572,-1.856896662,-1.14591709,-3.489050604,1.177995421,1.111922651,0.02531148133,0.04520801795,-0.03329653199,0.1753407756,0.06865168236,-0.007331476232,0.05319777808,0.07655303258,5.608002663,-0.01630234991,0.1292966559,0.1051451366,0.06206588288,5.274337405,0
cop_0191,149,0.2505470186,-0.006320359014,0.001433334784,0.5109463387,0.9816571773,0.4685909331,-0.5018873228,0.2285417838,-0.5695794689,-0.7277818598,5.548580919,-1.03771613,0.7494039667,-0.5242282174,-0.6663017733,5.17532253,0.01591402962,-0.04217544174,-0.5508148625,0.2341129119,1.449230251,0.2187272989,-2.0444018,-1.752068533,-1.268677845,-3.892785282,1.205451865,1.029735011,0.103200061,0.06544663808,0.05544512011,0.1459481508,0.07234074704,0.01826138114,0.04009491503,0.07920446893,6.842565563,-0.02991325828,0.1344221438,0.1295967713,0.06967849819,4.229062151,1
cop_0191,150,0.2651429839,-0.05320636263,0.000435734435,0.5788708581,1.127687639,0.07641478929,-0.345708712,0.2051156968,-0.9829802505,0.8374795281,4.42262852,-0.5453994449,0.4315909963,-0.9586330573,0.7873048362,4.165991471,-0.0006360112515,-0.01262706244,-0.9256466034,1.202732128,1.996882968,0.3892152369,-1.777451777,-1.902425968,-1.367409937,-3.812711021,1.40199602,1.326135969,0.09380034395,0.1224614921,0.08936392587,0.1587319032,0.1026718439,0.02418198177,0.03780783099,0.06401460053,7.929230063,-0.05456641985,0.2708871368,0.207386236,0.09917260974,1.340641245,0
cop_0191,151,0.2762640422,0.010889719,-0.001228999571,0.442933825,0.8832211577,0.5436954935,-0.07419813437,0.2511241942,-0.8609145404,-0.299328667,3.481092111,-0.4900390055,0.6761834802,-0.8029150142,-0.3175399372,3.331517945,0.01238304753,0.0062225973,-0.5475012115,0.1141243134,1.516758812,0.2717497701,-1.851183772,-1.959584223,-1.182687752,-3.838095326,1.230539548,1.169850978,0.07586519801,0.1035756065,0.01946005303,0.1774511982,0.08962613663,0.005727527101,0.04764603548,0.08755640418,7.503113526,-0.02242751626,0.1071014885,0.1056606806,0.05934034543,5.819098581,0
cop_0191,152,0.2657424175,-0.0192674734,-0.001136288339,0.4571213046,0.9351357866,0.5846174962,-0.2799946464,0.3738268402,-0.7269879455,-0.334117345,2.349634668,-0.7015392768,0.6595155401,-0.5060069894,-0.284310586,1.968279548,-0.02015028128,-0.004528335113,-0.4683131713,0.005965229027,0.7984840504,0.1032043003,-1.859018603,-2.046171433,-1.394609472,-3.767999019,1.043130235,0.9640768095,0.09123767424,0.04547374468,0.008793561349,0.1440852285,0.06652839523,0.004788648347,0.04001531445,0.07146684656,7.849662156,-0.001131574714,0.123556625,0.1100521259,0.07117096421,4.689727739,0
cop_0191,153,0.2878223286,-0.02918651959,-7.403402563e-05,0.267722171,0.5534749064,0.4958536508,-0.1317945819,0.03512756772,-0.6506960591,-0.6401931512,4.114961181,-0.8084584272,0.4044271663,-0.4124351007,-0.6075559507,4.275528756,0.05238281238,-0.004527442848,-0.5828160268,0.215980844,0.8412443103,0.2351888908,-1.860593733,-1.780975492,-1.146283593,-3.806524506,1.342894885,1.103018558,-0.03258318254,0.07226868392,-0.0510393886,0.1141224127,0.07763506401,-0.01523079933,0.03199793195,0.09002607229,12.54554156,-0.01181509424,0.1115123848,0.1066244866,0.06620478394,5.282886372,1
cop_0191,154,0.2890974401,-0.0335965874,0.001112009977,0.3124955793,0.6120045752,0.6156435038,0.4407809149,-0.2890706338,-0.6209552698,0.09501548123,1.776521407,0.2642302659,0.1338627118,-0.9702814148,0.384918285,1.332990511,0.1126339911,-0.05560296733,-0.5354560058,0.2022014517,1.358119719,0.1831262697,-1.777167513,-2.007340647,-1.248204564,-3.578041388,1.266188369,1.13193268,-0.002898315776,0.07232833945,0.005788184788,0.1689722057,0.08243678698,0.001025968502,0.04548339607,0.07715214955,7.030230648,-0.007137451061,0.1352230699,0.1021461076,0.06724468205,4.675127583,0
cop_0191,155,0.2860919309,-0.0303822693,0.0007423608662,0.4030375195,0.7569991519,0.1756366741,0.1508110008,-0.1244203179,-0.8401817276,0.9117819229,1.750147976,0.5069586803,-0.1871740972,-1.209873989,1.473645193,0.6176485849,0.02752753697,0.0246512528,-0.9051507631,0.7634060576,2.106327842,0.3140074705,-1.36109273,-1.953557582,-1.332187946,-3.798587455,1.489928923,1.281394636,0.00942725989,0.09141406353,-0.06098778714,0.1755065416,0.08943495973,-0.01538944047,0.05109399874,0.06192867303,7.780623687,-0.06765934043,0.2071140078,0.2021447745,0.08389807147,2.094251949,0
cop_0191,156,0.3198036946,0.01934231971,0.001228192152,0.3988255682,0.643474189,0.5801685138,0.3359219498,-0.03989420662,-0.6707348785,0.5334443233,1.094468991,-0.02762214532,0.3559414396,-0.6781709584,0.6808170244,0.303505943,0.02773333394,0.002253924166,-0.5345517426,0.1938368104,2.325582002,0.2166919165,-1.933855128,-2.021080903,-1.438183583,-3.808478588,1.190937358,1.201809073,0.03312355305,0.03228911194,0.08151688339,0.2031671997,0.0735435974,0.01857474163,0.06222317271,0.06047944341,7.316839225,-0.03841566134,0.09757705093,0.1017622031,0.05226052348,6.626204813,0
cop_0191,157,0.2776742067,-0.03540551665,-0.001036381961,0.5920528435,1.080741063,0.4889808699,-0.09528840319,0.05778140389,-0.6558065799,-0.2843416302,3.996680074,-0.939058584,0.7871158334,-0.6215750347,-0.4647162833,4.573273741,0.06507919751,0.03515147238,-0.6127502739,0.5103604208,0.8538215919,0.2419754192,-1.969241383,-1.739841604,-1.153226424,-3.737736036,1.286464636,1.153681499,-0.02769453214,0.0741675176,0.04718470751,0.1151258698,0.0801790038,0.01316209823,0.03311363391,0.08571363625,9.232683564,-0.02788689353,0.1228621859,0.1152663443,0.0651987288,4.873400995,1
cop_0191,158,0.2856089624,0.03774270705,-0.000494268324,0.3618980506,0.6963624477,0.5790306408,-0.0250328103,0.1126557908,-0.67713661,-0.33538551,3.857851508,-0.7659626686,0.6507151022,-0.4181985962,-0.4521551911,3.781797483,0.01391914075,0.03262154416,-0.5164669215,0.3128648344,1.32176636,0.02234728366,-1.922188004,-2.077524053,-1.290493817,-3.861945269,0.963760658,0.9802357572,-0.002444109421,0.06823866121,0.05830446548,0.09497646169,0.0725946584,0.01354168576,0.02456524445,0.07403683209,6.091493459,-0.01679153397,0.1112343464,0.09250427092,0.05946049263,6.021514908,1
cop_0191,159,0.2779504124,0.003856651492,0.000636312249,0.5316306183,1.05085737,0.427663732,-0.2898898404,0.1091711963,-0.6522607245,-0.5510208601,5.376641595,-0.8119338876,0.6217359207,-0.5881260949,-0.83493002,6.063774423,0.0009392314929,-0.01117764811,-0.6044665256,0.306808627,1.788704109,0.2310455908,-1.767188776,-1.731955831,-1.22123177,-3.82530664,1.185341619,1.105752244,0.04752105986,0.07607844936,-0.01728160211,0.1761274484,0.08282812659,-0.00455988748,0.04678535979,0.08253033374,8.624593333,-0.02994680758,0.1492856703,0.1340549089,0.07729842791,3.664144759,0
cop_0191,160,0.238052741,-0.009969910031,0.001179221225,0.3539379337,0.6898678293,0.255022536,0.1451298287,-0.2100441547,-0.6839393287,1.020119054,1.178392641,-0.4542365495,0.1590927748,-0.4969418967,1.179459489,0.8429667402,0.05665438546,-0.03149710646,-0.7416251705,0.9166256314,1.068368916,0.2459400505,-1.839887267,-1.902110647,-1.399567483,-3.882591093,1.351877623,1.130089582,-0.07373274668,0.1145086077,-0.01390278147,0.1536786111,0.09159241809,-0.008294931526,0.04427080811,0.06160554784,7.227224667,-0.05583139643,0.2045595726,0.1854407443,0.08620803286,2.226465664,1
cop_0191,161,0.2632148981,-0.03019897469,0.0008198848622,0.5330522593,1.01035903,0.5051783362,0.3618143561,-0.2716150936,-0.5738476457,0.6677709008,1.392307629,0.3634751934,-0.08094730051,-0.8936536427,0.8559415002,1.439981426,-0.0001282680828,-0.02684949709,-0.4818608946,0.5447805487,1.471883307,0.2561868404,-1.824846963,-2.118905428,-1.369694382,-3.51895516,1.376075406,1.226911793,0.008105847966,0.1225817366,0.0275173068,0.1912825644,0.1007540947,0.008980762472,0.05509289568,0.07108956681,5.198978091,-0.003468313903,0.1305787969,0.0797470185,0.06769310454,5.241750868,1
cop_0191,162,0.2937684714,0.0148261439,-0.0006050270915,0.4127126967,0.814515956,0.6223239909,-0.1008666122,0.1343437747,-0.5993487401,-0.2776012204,2.786035305,-0.6474937248,0.6051853113,-0.4657542724,-0.09066271385,2.073823793,0.04553645938,0.01210962965,-0.4978189906,0.2107369544,0.9261087424,0.1840303541,-1.973128885,-1.952477979,-1.25771381,-3.767401522,1.164160136,1.054493172,0.06077191771,0.07264608909,0.04128717939,0.122578519,0.07858459907,0.01006715114,0.03637054869,0.08050316837,6.787447026,-0.009441727561,0.07742417542,0.06968464341,0.04788978459,8.864371367,1
cop_0191,163,0.3006488729,-0.03048840798,-0.0006744288832,0.8661161313,1.590507665,0.4947036018,-0.2478549105,0.09002573086,-0.5837243883,-0.7938153134,6.260482805,-0.5483494407,0.4902749697,-0.6058884883,-0.6016970098,5.23973551,-0.08505437766,0.01349361457,-0.4868193952,0.2282703913,2.445982353,0.2562487619,-1.937768291,-1.888337795,-1.096580684,-3.849921876,1.23137861,1.225414173,0.03074891454,0.06579677422,0.0516162511,0.08207926372,0.08367178458,0.009020422474,0.01865503029,0.09119333489,9.101277813,-0.03564497845,0.1112810235,0.1073555341,0.06050330761,5.644947054,0
cop_0191,164,0.2968698552,-0.01696526448,-0.0002502343439,0.5462945632,1.104506261,0.2767594514,-0.05319441172,-5.123088607e-05,-0.835622824,0.187231126,3.562911108,-0.2458067156,0.1825526055,-0.7796875383,1.094662732,0.9122046892,-0.03515577937,0.01370510409,-0.7255526341,0.5082144557,1.658886157,0.3460254549,-1.531823828,-1.855365513,-1.333476872,-3.928502556,1.510333545,1.281320891,-0.01629126029,0.091746402,-0.07677853471,0.1619355706,0.09708318835,-0.02221462027,0.0432043834,0.06785129097,8.757775545,-0.03805455384,0.1979601947,0.1789172244,0.09152634871,2.233614601,0
cop_0191,165,0.2794705891,-0.01164910651,-0.0001327927295,0.4644710624,0.87987046,0.4513277504,-0.3227963448,0.14147065,-0.467374875,0.111999163,1.97439255,-1.074754767,0.6448005581,-0.150345665,0.4558057871,0.7343053522,-0.02596323064,0.01117657621,-0.5877212043,0.1861573943,1.549434826,0.203695677,-1.955817037,-1.730480932,-1.240630603,-3.824305117,1.232371868,1.070102688,0.005955621005,0.08385145802,0.0012585176,0.1153316439,0.08024187355,-0.004520244439,0.03611572321,0.07733690403,8.33510116,-0.02430083674,0.1326742214,0.127665293,0.07058150559,4.248547726,0
cop_0191,166,0.2816226629,-0.02989284995,0.001078502165,0.3373066699,0.5134483132,0.3764003773,-0.3104627854,0.154868018,-0.5752832001,0.3252096238,2.950132365,-0.7742691735,0.514799472,-0.4883524013,0.1934290571,3.272861007,0.03985722177,-0.07004591265,-0.6312221626,0.4658727256,2.043451008,0.1846719281,-2.120193043,-2.066901541,-1.342672381,-3.858741629,1.164877965,1.059013927,0.07892252451,0.08819245019,0.06931820224,0.1082242054,0.08092123964,0.02036555605,0.03178312795,0.07240315242,8.741423572,-0.04559387694,0.1698711527,0.1501972667,0.07977047871,3.05499996,0
cop_0191,167,0.2492561102,-0.009705578562,0.002631437637,0.5814878659,0.9605088644,0.4439266373,0.004559613956,0.4543739081,-1.138947609,0.2561974352,2.430645649,-0.144143553,0.4403002528,-0.7671013508,0.5906573241,0.6664662954,0.1180276334,0.03348643163,-0.6822033808,0.6766095938,0.3388950737,0.3193873664,-1.301810041,-2.124669473,-1.336009434,-3.722402152,1.191324718,1.193608548,0.1302371616,0.09943183572,0.03429844702,0.2011939113,0.09073626427,0.0116307778,0.05542174046,0.07514017858,13.21157905,-0.01876976145,0.1216321788,0.1100872242,0.07048978531,4.864077914,1
cop_0191,168,0.2945045297,0.00945294048,-0.0009531829648,0.3781117131,0.7349485378,0.5540413874,0.03550429851,-0.05975561077,-0.5381041271,0.05053073942,2.608076551,-0.3058129758,0.3611981973,-0.7269132304,0.1461713758,2.63066399,0.02184618358,0.006631051252,-0.5003963702,0.4198791359,0.9972080329,0.126856539,-1.741452189,-1.905375483,-1.302921987,-3.736557134,1.178400076,1.01583289,-0.01281746342,0.05639437993,0.01274950353,0.1485272699,0.07059038736,0.006933043974,0.04010263521,0.07556468132,6.519798584,-0.0229602922,0.1105190627,0.09925245614,0.06386226464,5.722917983,1
cop_0191,169,0.2593810571,0.01671759931,0.0003503097898,0.2199741884,0.3061654424,0.3144257367,-0.3803372648,0.3374571891,-0.8923242156,-0.1840170283,6.204094507,-0.4221459703,0.5144861887,-0.8466068297,-0.08774814962,5.003799895,-0.02812862312,-0.03195904622,-0.6649825702,0.5120819811,2.679173906,0.3698254522,-1.651165011,-1.987249603,-1.434898504,-3.961169948,1.276249984,1.252082823,0.09060960502,0.08969194444,0.008020344263,0.1935447934,0.09018715543,0.00346777638,0.05149389698,0.06765290446,5.608717889,-0.05529641703,0.1652036497,0.1550495446,0.07904174715,3.29862528,1
cop_0191,170,0.2793591548,0.01626910815,0.0002674314382,0.5157869101,0.959013443,0.1735593768,-0.2717458077,0.2299260748,-0.9272888227,0.5362334091,2.470980893,-0.5279860087,0.6044684895,-1.000707967,0.4195843104,2.574966609,0.0005309342085,0.000173789624,-0.8417886515,0.7090822175,1.364400414,0.4095789189,-1.678547741,-2.069680613,-1.215301579,-3.822298243,1.417533475,1.34237935,0.08036280534,0.1591468123,0.06684489331,0.1159770717,0.1137973498,0.0204419918,0.03181117903,0.07502226035,9.212029756,-0.03767761494,0.2368917906,0.2025795896,0.1002847638,1.54302474,0
cop_0191,171,0.2798658002,-0.06813749169,0.0009226511192,0.2375678732,0.5494682012,0.4088523684,-0.5107233238,0.2870896199,-0.6779555921,-0.9559434905,5.471650663,-0.7201101355,0.5347617332,-0.5234008531,-0.3428974395,2.933269314,-0.0287530356,0.0009285837221,-0.6102007923,0.122030983,1.357730025,0.4374766318,-1.68816974,-1.836925905,-1.197929406,-3.848714474,1.452571951,1.338379254,0.08477055129,0.1138283565,0.02461886659,0.1811517549,0.1061352493,0.004696726902,0.05104036699,0.08584095227,9.426794764,-0.007037226881,0.1498225832,0.1357768488,0.08658443021,3.330470233,1
cop_0191,172,0.2799787141,-0.007056094512,-0.000859241859,0.5942160126,1.136945002,0.2266934063,-0.1447172297,0.07340561438,-0.7895697114,0.288368597,1.810721566,-0.03983190533,0.2938294391,-0.9651855719,0.1170101625,1.629024563,-0.01933447133,-0.01078146133,-0.7675114799,0.3918512475,1.149287142,0.1784481389,-1.211317854,-1.975549129,-1.276550295,-3.896009976,1.029714512,1.088915849,0.07027506715,0.09147550536,0.06111218245,0.1094364926,0.08317760236,0.01532847731,0.03195234715,0.07084063084,7.095998416,-0.03023863939,0.2036848717,0.1951913105,0.09553132357,1.937139483,0
cop_0191,173,0.2818687089,0.03482562565,0.000778830418,0.4671728393,0.8223132989,0.5794708645,0.02706094528,0.1353294289,-0.7640554579,-0.1201005871,2.313023534,-0.2902292524,0.5456202612,-0.7771087168,0.01918468545,1.583773161,0.1657361131,0.03288762134,-0.6612223388,0.4118660777,0.2170576267,0.206690684,-1.72712151,-2.109570276,-1.224310514,-3.760117874,1.155526192,1.103826894,0.07261820612,0.08117785759,0.07092949407,0.1075821205,0.08110684194,0.0204746208,0.02730641113,0.08746284002,5.806529437,-0.009178461066,0.1057203733,0.09398824013,0.06383838581,5.982966,1
cop_0191,174,0.2886368804,0.01782541612,0.001809151686,0.643711332,1.245976074,0.7978338312,-0.1475917436,0.2860136617,-0.5653602896,-0.1672855344,1.892597251,-0.7465689776,0.7079375168,-0.4048742879,-0.4013599735,2.528460943,0.07136207691,0.01686603657,-0.4113984407,0.2363432958,0.3029020157,0.1479743037,-2.230339731,-2.108603521,-1.189229629,-3.729443399,1.131690674,1.07685282,0.02196559982,0.09157711537,0.03310976093,0.09413994771,0.08115843968,0.01067981867,0.02680443787,0.0916848247,6.000032591,-0.003016831237,0.06997656857,0.05994482703,0.04718371185,9.98791893,1
cop_0191,175,0.2757207163,-0.008736335444,-0.0005635620132,0.5852320258,1.005992186,0.222578262,-0.5382053932,0.2378291376,-0.6664768245,-0.04898436084,3.366254956,-0.987018993,0.6785280251,-0.6671305846,-0.08827048103,3.561113423,0.04189923741,0.04396378983,-0.8687285821,0.5876214342,0.8689307621,0.2553149317,-2.152768772,-1.687379405,-1.300647021,-3.746482741,1.260253094,1.057460506,0.08876437762,0.09013669378,0.02071053177,0.1060259544,0.07879148204,0.008980025599,0.0328804262,0.0732052494,6.930238351,-0.05160354212,0.2049939303,0.200679426,0.08844647952,1.988040433,1
cop_0191,176,0.2949757929,0.001425268946,0.0001226116361,0.606500707,1.06591952,0.4360796102,0.1932078416,-0.05429552327,-0.785492882,-0.1088593431,3.257149089,-0.05734243707,0.2394237154,-0.7585194336,0.01898123443,2.350981592,0.113310425,-0.01943436247,-0.6631538521,0.4540837705,1.244916255,0.206171947,-1.779062847,-2.041466655,-1.224220624,-3.782317806,1.154953397,1.198319881,0.005074354261,0.08892463777,0.1317642605,0.1195383838,0.09108100921,0.02994678864,0.03204004848,0.0828836025,12.98415821,-0.02622780456,0.1395117876,0.1230960709,0.07451456485,4.006051276,1
cop_0191,177,0.2894104676,0.04283920494,-0.005635321741,0.6375895157,1.186738367,0.3254720235,0.4257446258,0.08030356687,-1.239131178,0.9392399867,1.33332649,0.3108097947,0.1921108426,-1.0415014,1.351557203,-0.8005034228,0.616743629,-0.1232410393,-1.08942217,1.357242041,-0.776356666,0.2140466146,-1.840590543,-2.10303611,-1.396366143,-3.790917737,1.174918437,1.134101714,0.0450940517,0.08787125051,-0.03594201522,0.1820106851,0.08212716359,-0.0170997437,0.04598108597,0.06762324791,6.838267531,-0.04139198902,0.1484162789,0.1415185067,0.07746927176,3.718273536,1
cop_0191,178,0.2242249727,-0.05425545526,0.0003739586206,0.6420248955,1.172218087,0.2831576703,0.1414953193,-0.1222877276,-0.9276586572,0.2104369178,3.90484367,-0.6323371834,0.2407063175,-0.7151079487,-0.1852920198,5.865516418,0.0988827393,0.0118618762,-0.8180580816,0.7811103525,1.000142185,0.3014777452,-1.786010551,-1.975355759,-1.308306397,-3.813498294,1.43167071,1.239715296,-0.04718871949,0.1325506367,0.008567671252,0.1851480992,0.1034147966,0.002112779533,0.04479553836,0.07401390242,16.16346245,-0.02760330761,0.2096195361,0.1700550547,0.09899480587,2.127681515,1
cop_0191,179,0.2910194743,0.008108911653,0.0003763112518,0.1211371159,0.2837669005,0.3049110929,-0.1000859648,0.2184531425,-0.8649222602,0.5719421455,2.05272236,-0.5155602608,0.3927551859,-0.5355701608,0.3839298798,1.98080629,0.004075427716,0.006307239731,-0.7386348157,0.5752337487,1.81107408,0.2849992405,-1.763643723,-1.944492348,-1.212658731,-3.715552366,1.233277812,1.236742781,0.05375617987,0.1145164924,0.06679255465,0.1255357898,0.09778642084,0.01609226359,0.03797293354,0.07577599082,7.813511973,-0.04513283303,0.2018480194,0.1762866888,0.08514308155,2.297487101,0
cop_0191,180,0.2958585541,0.05300516289,-0.0008419158897,0.5915436043,1.061938917,0.3522099874,0.2068000862,0.2007562963,-1.212457564,0.0371544162,3.501985907,-0.04526487893,0.2204286999,-0.6130827322,0.9300577431,-0.8355111332,0.2988781091,-0.02506726592,-0.8948045062,0.8167775979,0.2266568111,0.191668049,-1.357210255,-2.234484155,-1.341243405,-3.872874165,1.066894351,1.120971932,0.05626978788,0.1008558452,0.03444314709,0.1619810652,0.0875671048,0.003992522843,0.03929964975,0.07511965617,8.243375033,-0.02428310809,0.1649707692,0.1467699402,0.08703280101,3.110207951,1
cop_0191,181,0.3280591021,0.08901350696,-3.557383195e-05,0.4713479437,0.8310002701,0.4022652185,-0.2195986503,0.2057973085,-0.7655859082,-0.2265906952,4.515268942,-0.631959461,0.4463420682,-0.5452632799,-0.5784932932,5.16173758,0.0009029952535,-0.01544782483,-0.6209596172,0.3837985949,1.937697158,0.1597787235,-1.704275538,-2.06158385,-1.359447761,-3.899591246,1.087782024,1.075151596,0.05196820719,0.0901362536,0.05682356929,0.07424427,0.08287288528,0.01442874407,0.02050343984,0.07044085224,9.648596543,-0.03092962591,0.168920539,0.1409665178,0.08222450682,3.185849409,0
cop_0191,182,0.2585826473,0.007434334316,-0.00095566992,0.4858237186,0.8700365294,0.5428186042,-0.4209242655,0.1584346162,-0.50446652,-1.038323189,5.951001398,-1.042590458,0.6083896252,-0.253915537,-0.8624777896,5.156249856,-0.006549298584,-0.006451447151,-0.4990853454,0.1317282376,1.546947902,0.1385970735,-1.968300682,-1.830708216,-1.267460045,-3.921554467,1.116782856,0.9799427406,0.07905879441,0.04077741172,-0.02245757225,0.1255314498,0.06377276897,-0.004989346201,0.03443095087,0.08247186759,8.810875604,-0.0242291838,0.09851236139,0.1014463018,0.0607708721,6.080948912,0
cop_0191,183,0.2671975515,-0.00477418259,0.00131534114,0.5360308211,1.007943856,0.2442339795,0.3897267954,-0.2312771863,-0.9487559248,0.8124014806,2.230149649,0.5555821113,-0.3057325009,-1.347414281,0.5943870779,4.563149165,-0.05790082474,0.04181367559,-0.6805701847,0.9595357602,0.8812091641,0.287256258,-1.352663495,-2.074551524,-1.39313755,-3.786086804,1.51226426,1.210080158,-0.05983834056,0.126618162,-0.02467555585,0.1936195787,0.09551943188,-0.003033139497,0.05285182242,0.06384781872,5.799101132,-0.04755623101,0.1863984483,0.1689282519,0.08682185497,2.72907447,1
cop_0191,184,0.2644348846,0.01354912888,-0.0004394435249,0.4753496975,0.7426873948,0.4272336931,-0.06669969899,0.2870485536,-0.9980902848,-0.3703491572,3.77481692,-0.1655817153,0.3155810516,-0.7632440777,-0.06020408585,2.104864342,0.05375297239,0.03366290148,-0.6820900414,0.321392322,0.9633363843,0.1657288076,-1.305820417,-2.325848901,-1.303300316,-3.84438007,1.045208997,1.05222672,0.08624547092,0.07107597753,0.0737044352,0.1257364642,0.07712647936,0.02188213059,0.02866348232,0.07940757502,7.684171524,-0.0130230407,0.1510690267,0.134902394,0.08788529209,3.451601358,1
cop_0191,185,0.2851298896,-0.03787358604,0.0003444447038,0.2429537692,0.6227955019,0.5870808027,0.06313125982,-0.08327818259,-0.6189828961,-0.6511957191,3.809467514,-0.7597922329,0.5311407722,-0.5369283063,-0.8248500065,4.691029983,-0.01596920444,-0.008401557137,-0.4663207346,0.01461884698,1.309128286,0.1802672896,-1.983704105,-1.994284398,-1.182410571,-3.788945634,1.250244148,1.110768587,-0.0369467197,0.05687357254,-0.01909465819,0.1217359804,0.07690357568,-0.005562953001,0.0301047119,0.08558566674,9.692887782,-0.005711417401,0.08982599991,0.08225552833,0.05589179349,7.25398458,0
cop_0191,186,0.2522136098,0.004268418206,-0.0002786449177,0.4919646144,0.9753796584,0.2517819035,-0.4414227153,0.1866020402,-0.6966992697,-0.05057448173,3.482830571,-0.7377811336,0.3230808101,-0.4810312608,0.116842915,2.573193066,-0.03455200013,0.02611541773,-0.7668324541,0.3310452321,1.680709025,0.2817022659,-1.852623866,-1.587047952,-1.331886786,-3.947238495,1.322912051,1.059549734,0.02609603917,0.05863508469,0.00557122692,0.1205859074,0.07178388099,0.001593013954,0.03665776045,0.06975416889,9.703180778,-0.04037547942,0.1806927473,0.1765980238,0.08055587461,2.490501484,0
cop_0191,187,0.2981445933,0.04861154524,-0.002903893497,0.6541113696,1.219279673,0.4560653563,0.006535071756,0.2319498269,-0.9002824136,0.03743634748,3.437498404,-0.1972049679,0.3409021441,-0.5287374222,0.6732992691,0.2802060775,0.1192412282,-0.0208640561,-0.6294889732,0.6354794488,0.85300394,0.1571936831,-1.478279312,-2.119786918,-1.344397151,-3.876916107,1.020045977,1.067573621,0.06894946627,0.07577824985,0.06370987428,0.133941874,0.07810192748,0.01347971262,0.03546518294,0.07208595776,5.57795627,-0.02143084143,0.1180666209,0.1059196666,0.06765457921,5.417290244,1
cop_0191,188,0.2616035976,0.01665085561,-0.001005059951,0.5296283466,1.063357999,0.3121253425,-0.2828562489,0.2542728377,-0.7880438511,0.2368307949,3.414104601,-0.7086648493,0.4728303034,-0.4308976447,0.2705679499,2.425922659,-0.01040888466,0.03118914145,-0.7332578309,0.5872462138,1.727052763,0.1844210459,-1.736379199,-2.060185047,-1.376213273,-3.804621721,1.117300111,1.103455444,0.0526854133,0.1166278044,0.0481664023,0.1387366037,0.08997568239,0.01047170623,0.03891572529,0.06833874343,8.158370686,-0.02665696206,0.1984999931,0.1546978449,0.08851541557,2.458877635,0
cop_0191,189,0.2617677398,-0.001945881707,0.001963210808,0.2983190172,0.4624972849,0.3322748663,-0.03413375595,0.07322802491,-0.6854484832,0.9188089462,1.613000115,-0.4029936766,0.5334784776,-0.6985089981,1.046807004,0.8187567651,0.06300231948,-0.05097672606,-0.6352658091,0.9485193817,1.064436672,0.2727068816,-1.890563862,-1.906227224,-1.336174757,-3.744226347,1.25224599,1.225584453,0.07235279722,0.1233609553,0.03690787841,0.1923508122,0.09749712636,0.006870075083,0.05513719736,0.06816834781,6.944612084,-0.04826526795,0.1740235353,0.1535077743,0.08323623941,3.001373509,1
cop_0191,190,0.2736190657,-0.00662793042,0.0002874021514,0.3302842016,0.6086035726,0.1678490975,0.2438014024,-0.1915264839,-0.9505004815,1.113641309,2.2561215,0.2449116611,-0.1133189679,-1.182576509,1.532187918,2.039445069,0.01679044816,-0.006062971202,-0.8727769225,0.8893508888,2.287238147,0.2251178811,-1.319614553,-2.065003623,-1.500058908,-3.99170237,1.367316204,1.14131524,-0.05292571908,0.1183770543,-0.01542735679,0.1528361646,0.09010569651,-0.005964336711,0.04067971627,0.05730208127,7.646598031,-0.06143487376,0.2302287174,0.2003262714,0.09538379879,1.789498227,0
cop_0191,191,0.2732503769,-0.004297601884,7.017468469e-05,0.6360976593,1.066002241,0.346946857,0.03468174301,-0.09711599642,-0.7732757222,-0.08173884669,4.601725459,-0.1232670217,0.1685918773,-1.03759869,0.009619307801,5.055115401,-0.05394164802,0.004571726886,-0.637085468,0.4436860322,2.165030926,0.1638924595,-1.83112243,-2.108897632,-1.341212352,-3.920335728,1.265288007,1.094464698,-0.03074824103,0.08229299103,-0.0100323998,0.1424051279,0.08185179785,-0.0007196099408,0.03482692278,0.07258392862,8.713043926,-0.04169865206,0.1817810383,0.1570946703,0.08481264995,2.74844767,0
cop_0191,192,0.302394965,-0.006711755158,0.0007752250039,0.7641755156,1.336342309,0.5844856883,-0.1090041767,-0.02503920317,-0.5140589094,-0.3715513532,4.163274208,-0.06556221818,0.266423691,-0.9210278898,0.2453043117,2.884290592,-0.06535955148,0.0419470218,-0.4774103365,0.2494665107,1.634703102,0.1611399905,-1.776673193,-2.009318181,-1.244654768,-3.786092329,1.289740758,1.09509,-0.002642082599,0.0667439049,-0.05346222162,0.1075100526,0.07797877518,-0.01670691522,0.02586923513,0.08289954352,5.582032869,-0.02191905491,0.1178350124,0.1021945738,0.06752912401,5.381811278,0
cop_0191,193,0.2866269252,0.045353195,-0.0006851701309,0.5323349907,0.894500323,0.2878500967,0.01358389309,0.05653838354,-0.8495822293,0.4600891479,3.200718368,-0.05319378667,0.1023192207,-0.6154786117,0.3917079099,2.001817914,0.09381592139,-0.03428495849,-0.7547617615,0.8582204699,1.446986362,0.1535367711,-1.262965453,-2.16467984,-1.377687545,-3.902293027,0.9771443916,1.082457443,0.06675829337,0.06969390815,0.0713912028,0.132083057,0.07770393022,0.01731270312,0.03593146513,0.06990610323,7.24519752,-0.04912397168,0.1738023611,0.1536383368,0.08378463453,2.936267829,1
cop_0191,194,0.2483373702,0.009201346014,-2.290439046e-05,0.4734462138,0.9738616858,0.2066562173,-0.3922834475,0.158475826,-0.6111362656,0.7777610549,1.391456628,-0.7314283907,0.6482354882,-0.7939320597,0.738172824,1.525673017,0.003948362456,0.03978794307,-0.8706461822,0.6271228186,1.633797045,0.1759352809,-2.024927924,-1.784261689,-1.346881692,-3.872532121,1.135500025,0.9573168071,0.1420983507,0.07397462131,0.1015743847,0.06223437682,0.06867332373,0.0294215176,0.02396006967,0.06636070366,7.073378657,-0.05395645876,0.2043730424,0.1998981695,0.08913125856,2.062392591,0
cop_0191,195,0.2714258147,0.009092718544,-0.0005142869848,0.3698285237,0.5934887001,0.4571548403,0.08792862558,-0.1510198276,-0.6586023124,-0.2084659582,4.55533476,-0.4420746844,0.4126674651,-0.7971983828,-0.1565853117,4.589440375,0.01246051553,-0.03418110518,-0.5824425156,0.2649784095,2.459912409,0.30452369,-1.978910798,-2.061493225,-1.33272848,-3.844697388,1.391235686,1.265281303,0.01918556692,0.1206100679,0.1416975702,0.1183897663,0.1024621313,0.03742651711,0.03235554827,0.07104862064,7.812266399,-0.0339822541,0.1403596394,0.1282953269,0.07599207551,4.089988182,1
cop_0191,196,0.3025731576,0.01841769332,-0.0005890935604,0.8161785799,1.361796093,0.5256561772,0.2670396376,-0.1571672974,-0.5384918009,0.3563415772,0.992236362,0.03472232475,0.2165929726,-0.6416921626,0.5749293881,0.03395445538,0.05480982688,-0.006146449604,-0.5893103627,0.2469771242,1.725865841,0.08222514214,-2.078221395,-1.93692479,-1.223941869,-3.774532405,1.06515553,1.084613039,-0.02777475898,0.07206611955,0.05871967132,0.09326581291,0.07764385049,0.00612061101,0.03376011277,0.07574870781,6.851309047,-0.02640453804,0.1197395663,0.1175217349,0.06542845352,5.082832451,0
cop_0191,197,0.2809246267,-0.006966016899,-0.0009009279773,0.7812873373,1.362995993,0.4262175522,0.004554370967,-0.1335192509,-0.4095257837,0.9116228795,0.8078140639,-0.4612672067,0.04140958588,-0.06080954173,1.379560714,-0.8159292297,0.01091551454,0.04957558727,-0.6647168248,0.5931870347,1.697316616,0.2907339558,-1.773616693,-1.606594135,-1.379549401,-3.892231866,1.455791393,1.105349474,-0.06123024105,0.07103549326,-0.0685030319,0.1541825121,0.07737401847,-0.02178547969,0.04881061802,0.06575156253,7.980855259,-0.04462235353,0.1404516995,0.137964162,0.072877095,4.034790756,0
cop_0191,198,0.2860769616,-0.01496819509,-0.0008036766563,0.3367310042,0.6116258165,0.5794061366,-0.3863819968,0.1994403719,-0.4669938464,-0.5892631554,4.239039184,-1.048104528,0.6883698421,-0.2751855724,-0.3898325535,3.599062315,-0.085239662,0.03852967243,-0.4481534798,0.02787583988,1.731608827,0.2704438992,-2.004800249,-1.713801341,-1.239961423,-3.813777398,1.309919709,1.13662847,-0.005394704111,0.1288325255,-0.001193703222,0.1658550746,0.09934168364,-0.002300050705,0.0467772099,0.0831945436,8.48674945,-0.007070008362,0.08472540562,0.07515488096,0.05411689329,7.733180189,1
cop_0191,199,0.3010544131,0.03885988267,0.0002707673313,0.8101463548,1.484641856,0.5975690227,0.006057473668,-0.05159318838,-0.5464372439,-0.6029665666,3.894935134,-0.8729196045,0.7258012633,-0.4749624437,-0.5815996743,3.662575503,-0.03197060567,0.004409019872,-0.4542626915,0.04217639184,1.510665559,0.1567290414,-2.259074461,-2.001786863,-1.165349751,-3.760617699,1.176151208,1.123318119,0.01204374328,0.07206529488,0.1321928496,0.08425408437,0.08115910081,0.03249593779,0.0218144733,0.08632854884,10.5637273,-0.008232397837,0.07305287525,0.06919926081,0.04718384924,9.339103155,0
cop_0191,200,0.2934939765,-0.01292425096,-0.002099836732,0.4951765389,0.8581275417,1.056794111,-0.08261403954,-0.1146999535,-0.1124409723,-0.4695912796,1.997736933,-0.5437950461,0.4984520491,-0.2640666246,-0.2753854054,1.477850848,-0.04914052234,0.01288800501,-0.1835519495,-0.08964833917,0.5962967435,0.2170797348,-2.035702832,-1.845370432,-1.228701458,-3.552736942,1.218233506,1.059110117,0.07852697516,0.07846526058,0.009860942899,0.1162571981,0.0764003625,0.001818028403,0.03617682191,0.08819109062,6.197932059,0.001797567046,0.03590102974,0.02671508974,0.02439901615,22.39973593,1
cop_0191,201,0.2947969751,-0.01682106347,-0.00498881795,0.4494786027,0.8314847263,0.5317165985,0.01417365428,0.03293475184,-0.5241327038,0.2100679365,1.860839035,-0.6228794982,0.442615285,-0.4161450848,-0.04350124783,2.859628279,-0.01599985411,0.04665544096,-0.4886006595,0.6119329474,0.4793064761,0.1703953039,-1.788838424,-1.844289841,-1.178220615,-3.596258487,1.196460491,1.190828639,-0.01796630827,0.08345805954,0.05614415684,0.126077321,0.08625636613,0.01646609258,0.03778749559,0.08018693429,5.146742884,-0.02401133374,0.1235000947,0.1068916057,0.06426015513,5.372567641,1
cop_0191,202,0.2445685614,-0.04777439217,0.001637698408,0.3266633401,0.5837148287,0.4488968722,-0.2478472189,0.3708455819,-0.7790717219,0.6550546844,1.079985423,-0.550208932,0.7264326482,-0.773962776,0.5604594022,1.207246169,0.007304583549,0.03657019351,-0.6609829447,0.3559941784,1.584102592,0.2007319232,-1.69703178,-1.991741491,-1.32526204,-3.746569941,1.134758445,1.042077067,0.126573536,0.07663309213,0.01923017535,0.177132363,0.07470582125,0.01152408474,0.05355140105,0.0738258387,6.162034194,-0.02862360969,0.1580547299,0.1368259104,0.0757708832,3.494257501,0
cop_0191,203,0.2836747616,-0.01951686978,-0.0005726235603,0.5826295185,0.9659402891,0.5290913344,0.09431760248,0.2101538925,-0.9436834726,-0.3038959006,3.403303434,-0.1590855084,0.4090702019,-0.7697322687,-0.4386419557,3.097943813,0.123529186,0.03237689136,-0.6458927871,0.3725751054,0.6864332626,0.1204658343,-1.557093908,-2.211955574,-1.322280465,-3.891462055,0.9963262836,1.039377784,0.04253763,0.04273471082,0.08601800071,0.1354400991,0.06956828941,0.02324337284,0.03041781864,0.07748488617,10.64961943,-0.01519122487,0.1110164679,0.1049814883,0.06777987925,5.409735252,1
cop_0191,204,0.2638637382,-0.05621587206,0.002851650408,0.4078260334,0.7978095842,0.5996208815,0.1935510199,-0.05390316365,-0.6698805049,-0.07863684071,3.367565975,-0.4316534408,0.3564817698,-0.4797955781,-0.3013879366,3.91136818,0.03534535151,-0.02628323402,-0.5177126087,0.1836924438,2.312761944,0.2766247169,-1.799939179,-1.999478848,-1.226599034,-3.55549004,1.29990088,1.292813913,0.02110456069,0.1318152764,0.04960488268,0.1918345315,0.1060823363,0.01414213949,0.05443296734,0.08151696048,5.551641495,-0.01695312723,0.1099421912,0.08462399617,0.05985433879,6.232040869,1
cop_0191,205,0.2653262657,-0.007512383832,-0.0006828677426,0.651862512,1.231697639,0.4218976223,-0.07179061956,0.1846369326,-0.7317000214,0.4591670041,1.553034677,-0.7639627758,0.628179738,-0.4366104335,0.403555055,1.262707962,0.0148759873,0.01298198975,-0.6499598345,0.3724100289,1.654629097,0.2488086402,-1.86133295,-1.996899269,-1.287969834,-3.858675124,1.245483889,1.20482887,0.008643212196,0.1352869647,0.074756604,0.1661283516,0.1007987866,0.01558655358,0.04923169041,0.07474962959,7.367238066,-0.03302567263,0.1580304681,0.1469944814,0.08069734536,3.335450347,0
cop_0191,206,0.2781202683,0.02348232529,0.001517033455,0.3535696871,0.6721475933,0.2763990486,-0.2734282278,0.09909476272,-0.4378602915,1.339920795,0.1848752722,-0.4879726182,0.5418309891,-0.7239044288,1.05741832,1.205150923,-0.04650892373,-0.03745630503,-0.6028228859,0.8740650386,1.636795033,0.3304623621,-1.95174065,-1.945044822,-1.373257337,-3.756093081,1.338471142,1.268324639,0.06620211056,0.1067524288,0.0660240618,0.1931331824,0.09374297073,0.0195636016,0.05741742175,0.0628466919,10.29408772,-0.05399829944,0.1698648482,0.1611921104,0.08170277384,3.039264458,1
cop_0191,207,0.2874753055,0.01850491925,-0.0004022212782,0.2665747832,0.3640635358,0.2788061477,-0.5225887948,0.2786785911,-0.7132398193,-0.1826560464,5.167419651,-0.8869131658,0.6093686297,-0.5785130962,0.04682613802,4.105556485,0.001926341847,0.001466091492,-0.7521674677,0.5236522279,1.957300417,0.346616006,-1.832694475,-1.761863827,-1.335804784,-3.871664748,1.333457198,1.165013233,0.1191048533,0.07653419347,0.04034148625,0.1414724975,0.08601991199,0.01189012552,0.04028311051,0.06956431394,9.349593805,-0.04848311681,0.1937919096,0.1728547831,0.08238402292,2.42944828,0
cop_0191,208,0.2796719887,0.01069967353,0.0007872353226,0.4299069104,0.805820865,0.4932833588,-0.0340578877,0.03584948837,-0.6778404501,-0.09849283362,2.879204412,-0.4871305306,0.599315508,-0.745052387,0.05979062926,2.251567327,0.07800364637,0.03298424326,-0.6286546285,0.4568058136,0.5338861663,0.2632996369,-1.858043985,-2.042967649,-1.152977886,-3.732516608,1.260802938,1.177578845,0.04903159592,0.1164104509,0.02831978778,0.1065600252,0.09537749743,0.004883024495,0.02697589047,0.08838552559,10.06688819,-0.01945154934,0.1516857934,0.134226341,0.08006350141,3.558474677,1
cop_0191,209,0.2847536573,-0.03270502736,-0.001200308415,0.3753330693,0.6896283941,0.1101448619,-0.02019294274,-0.0282218526,-0.8125009792,1.219579774,1.248242203,0.001198499107,-0.04524668559,-0.9953914299,1.547353359,1.280594904,-0.1284052469,0.05272199878,-0.7474648501,1.19896778,0.827276521,0.3529802179,-1.33606777,-2.001003136,-1.357577532,-3.738132482,1.583213899,1.331422644,-0.03285197765,0.1413155127,0.002319065381,0.185240971,0.103637491,0.002067615423,0.046687235,0.06142056986,12.8875762,-0.04623646761,0.2268913985,0.1885885411,0.09021171777,1.900618022,1
cop_0191,210,0.2821970008,-0.03149877029,-0.002602558085,0.5594496861,0.9422758923,0.7000830877,-0.4433832186,0.1618062207,0.06969223913,0.6272670687,0.1389175198,-0.4934821562,0.5060060537,-0.4631470112,0.205090282,2.216698237,-0.4302741322,0.171853069,-0.08125032627,0.2304528843,1.574952956,0.1777104332,-1.84213109,-1.88497567,-1.720671996,-3.702046284,1.200146233,1.09167623,0.043676873,0.0333720526,0.1551783029,0.1802260557,0.06572261185,0.05127490432,0.05367587942,0.04371312684,5.501957896,-0.0195184851,0.08161700889,0.07196054162,0.05087887649,8.681511125,1
cop_0191,211,0.2466717681,-0.07892320197,0.0005177169486,0.2688274256,0.6203171725,0.09911839539,-0.02495321036,-0.0721517979,-0.8895290592,1.246180422,2.19754516,-0.6117242784,0.07814869352,-0.5566705741,1.333825591,2.228582003,0.003989269754,-0.009857747745,-0.9239146593,0.9341460689,2.470466478,0.3144796934,-1.635519396,-1.847648533,-1.431716103,-3.980309721,1.496346981,1.190129667,-0.06577334504,0.1127396208,-0.006537312925,0.1530807789,0.08966704354,-0.001804334908,0.04345228739,0.05989130159,7.10883762,-0.05995981376,0.2166633854,0.1951448243,0.09314479835,1.979593629,0
cop_0191,212,0.246158546,-0.004542178728,0.0001245351991,0.8493848448,1.348710414,0.4111936162,-0.33219295,0.05627840389,-0.5028953078,-0.3904288131,3.625507245,-0.8191593302,0.530963027,-0.51998888,-0.2060007175,3.135367137,-0.04703793454,0.00430445351,-0.5801702316,0.1900554277,1.350962698,0.2851109956,-1.957888992,-1.688602587,-1.238151807,-3.863524809,1.345718136,1.165114232,0.004387029885,0.1027586162,0.0174867512,0.1528858999,0.09207946082,0.00156379727,0.04195066172,0.0845314798,8.325455417,-0.008751855764,0.1468005927,0.1256520671,0.08144492529,3.587734399,0
cop_0191,213,0.2733529302,0.006609771866,5.522684324e-05,0.4137626676,0.8889809173,0.4550681985,-0.2638402007,0.1146126008,-0.7087160392,-0.8460539159,4.859682382,-0.7881878844,0.6044786084,-0.6616390312,-0.6906374802,4.352603021,0.03177215091,0.008029816198,-0.6218246039,0.1676072569,0.7333215889,0.1890040372,-1.95103489,-1.737630245,-1.201115711,-3.897077403,1.187678276,1.041688605,0.04462434676,0.08200859219,0.04065302183,0.09434164887,0.0801721256,0.01054536962,0.02497651868,0.08408997521,10.35837219,-0.008046431292,0.1439478584,0.1376142059,0.08212262294,3.576454433,0
cop_0191,214,0.2658293099,-0.08793229891,-0.0002657151165,0.5830082383,1.174349468,0.2227232537,-0.3524697979,0.2014905904,-0.7717171972,0.5073553423,4.080936296,-0.6964481102,0.4309780862,-0.5597094973,0.5406688972,3.234252183,-0.05309169739,0.01136054637,-0.769833129,0.7616660151,2.51755276,0.2183508495,-1.79582218,-2.006852408,-1.382909913,-3.776808657,1.186815033,1.136153315,0.06079199432,0.1032219256,0.05308054815,0.1319817406,0.08667169165,0.01258287064,0.0351219468,0.06642757913,6.056885417,-0.01866815986,0.2277432896,0.1480391078,0.0889980383,2.185077691,0
cop_0191,215,0.2527864264,0.0003466263824,0.0007597163835,0.7087044538,1.323667245,0.5321527183,0.01589362751,-0.05109057261,-0.654171968,-0.4693543519,3.528922128,-0.7339918067,0.530956178,-0.5621209108,-0.4274600445,3.887459684,0.0695988192,0.01230003918,-0.6036751674,0.1937895158,0.8420025016,0.1886784731,-1.79966193,-2.046175545,-1.153499101,-3.81964405,1.260980818,1.114738664,-0.04235083107,0.06247596618,-0.09010808094,0.07798067231,0.07587963329,-0.03007521839,0.01903443222,0.0903376744,11.70487178,-0.01983916702,0.1315818666,0.1260743172,0.07303844586,4.156453934,1
cop_0191,216,0.260708588,-0.004966928583,0.00964647264,0.3007708076,0.2413064476,0.9263207116,0.1103174002,-0.1403636206,-0.2644824603,0.06062364595,2.125484573,-0.4107652876,0.4049138054,-0.3132321439,0.08100272586,2.035022573,0.1373527908,-0.09884009463,-0.3496525131,0.1612120009,1.884575154,0.2870208399,-2.121156108,-1.814240751,-1.385395629,-3.294426694,1.315905731,1.176253061,0.03208379171,0.04867008642,0.0609335424,0.1662435844,0.07166491714,0.02228169365,0.04902230696,0.0747979828,4.961301832,0.01087535918,0.06436675183,0.02187873667,0.03394190575,13.99461854,1
cop_0191,217,0.2660074604,0.004371383225,0.001237432344,0.4968103227,0.8407248725,0.5410597288,-0.08069262578,0.3633786465,-0.9678448142,-0.4553604553,4.147329176,-0.3972883075,0.6955678827,-0.9119368241,-0.3340987862,3.503130158,0.1100313343,0.06054541521,-0.657479793,0.3960551896,0.8428676253,0.2006921588,-1.973377586,-2.068828387,-1.255929268,-3.938537242,1.161204457,1.103529051,0.08094670145,0.1121348568,0.05579167981,0.1184741865,0.09152102109,0.01652485422,0.03136512616,0.08085357488,12.94713538,-0.008595011384,0.09296040777,0.08186170131,0.05914843742,6.954132811,1
cop_0191,218,0.2356843465,-0.06766217879,0.003500706103,0.2433660416,0.4757312789,0.1919098545,-0.3214737263,0.1459258228,-0.7333210411,1.038245232,1.72054717,-0.9965520464,0.3155970487,-0.08629014762,1.649921818,-0.6193528337,0.1632913677,0.004586107685,-0.9544081308,1.207171673,0.3411720374,0.2870748103,-1.280226791,-1.738444929,-1.432928894,-3.908372143,1.434707561,1.125408101,-0.05199180598,0.1164186555,-0.06591476679,0.1390451016,0.09030047806,-0.022925345,0.03885690666,0.05934573223,6.181513877,-0.05309235808,0.2150605569,0.1982749891,0.09540159709,1.997916119,1
cop_0191,219,0.2812677267,-0.0173719352,0.0001364348256,0.5500460216,0.9725508663,0.1686170099,-0.2419289938,0.1627513749,-0.743463412,0.8700919019,0.4013607623,-0.5026242139,0.5200299823,-0.7300968244,0.9347293989,-0.4629253386,0.01910196211,0.009547776699,-0.893203118,0.5685310513,1.533465197,0.3131999505,-1.521620663,-1.91332726,-1.263937903,-3.887775268,1.29712923,1.250938943,0.03601951198,0.15221859,0.063647285,0.08492346553,0.1059028459,0.01513245518,0.02581127158,0.06757073256,8.029729394,-0.04774754068,0.2168399398,0.213015276,0.09346576529,1.745066442,1
cop_0191,220,0.3152560551,-0.02101734644,0.002564019734,0.2544132825,0.3316649513,0.3850946406,-0.035268274,0.1541700473,-0.8065704584,0.451114476,2.473898403,-0.3137882716,0.4997339439,-0.8855371093,0.4170629211,2.501889691,0.1045444366,0.007365466676,-0.6904914503,0.8049607175,0.6970788329,0.2156192376,-1.874062066,-2.066306774,-1.322498571,-3.863050074,1.210807517,1.137625956,0.04521209262,0.08117024281,0.073829777,0.1472638427,0.08325300619,0.01846883799,0.03679944874,0.07237365734,5.746441824,-0.04504151381,0.1425035204,0.1419691746,0.0748726615,4.014414363,1
cop_0191,221,0.2729285345,-0.01530796981,0.0001079200156,0.4092709456,0.8325118508,0.2665064567,-0.01381475528,-0.06017170523,-0.7623784896,0.657486763,3.01490627,-0.9522641782,0.3910294874,-0.3552583098,0.9518953248,2.341088745,-0.01314027072,-0.003326597078,-0.751214209,0.6427088623,2.443735857,0.2707723077,-1.740933267,-1.867733108,-1.497053623,-3.990348798,1.43864825,1.164029103,-0.04997313643,0.1145470724,0.009296717696,0.17188145,0.09380928943,-0.001079213226,0.04674253077,0.05796051413,9.756057983,-0.03614921395,0.1976805916,0.1588251426,0.09061236344,2.477584448,0
cop_0191,222,0.2786460892,-0.05503500889,-0.0002442890895,0.4260994608,0.8592395204,0.5334660016,-0.3165767021,0.1916554294,-0.5899299739,-0.3772947488,3.946752922,-1.012295493,0.7503339287,-0.4884552271,-0.6185888315,4.833751006,-0.01764204951,-0.004169694555,-0.5174621581,0.1341817992,1.74184255,0.2886316361,-2.11620342,-1.906490093,-1.143998477,-3.775486651,1.317182241,1.139459987,0.0669789195,0.05226364131,0.03198133799,0.08901855849,0.0777627425,0.01007943806,0.02307522953,0.09143659716,9.743127274,-0.03893924579,0.13192987,0.134963042,0.07150101261,4.117144202,0
cop_0191,223,0.310986416,0.02245607909,-0.0009212168054,0.7221654463,1.273400474,0.378562876,-0.227125742,0.3035833272,-1.04422161,-0.7767778493,5.679752649,-0.1570388362,0.4309809131,-0.981297625,-0.07222576715,2.466858994,-0.004965069216,0.005778155769,-0.6723263438,0.2039347596,1.356117187,0.2319451618,-1.474371157,-2.127031735,-1.254376924,-3.956128494,1.105976185,1.09341353,0.1394914035,0.1003634592,0.05646307828,0.1565951749,0.08724963576,0.01412342964,0.03891599576,0.07953645324,6.525724614,-0.02392962157,0.165157282,0.160926087,0.08581431095,3.01307252,1
cop_0191,224,0.2608871995,-0.01635233194,-1.833224111e-06,0.6177372889,1.19562407,0.223224017,-0.2869124095,0.1126312551,-0.8670819995,-0.03494914589,4.721622926,-0.4644331761,0.6750609465,-1.132829964,0.3151455256,3.082255941,-0.008910694843,0.0005094165316,-0.7858001132,0.5233748665,1.733143378,0.2535527317,-1.632695247,-2.011949977,-1.407544816,-4.104737469,1.167795423,1.058238964,0.1464759038,0.1126084045,0.05766090033,0.1045542004,0.08494557316,0.0181869891,0.02906704221,0.06595927715,8.553745604,-0.04543760346,0.1980165388,0.1864828909,0.08875519399,2.204579007,0
cop_0191,225,0.2700657511,0.03065596782,0.001172359068,0.504048049,0.9027613765,0.5662970297,-0.1127396755,0.03686958752,-0.6663991282,-0.5188934554,3.634389788,-0.908694808,0.7149324639,-0.575293102,-0.5422909332,3.786509581,0.07546062497,0.0006033347766,-0.5602251754,0.2929417577,0.3598506045,0.1825047982,-2.113840173,-1.566922238,-1.219499363,-3.877079815,1.214863294,0.984538244,-0.007425841067,0.06198843201,0.0009189666909,0.09502350158,0.06771720078,-0.0002166911418,0.03049232203,0.08438732323,6.15951345,-0.01527506886,0.1010619885,0.1030500663,0.06190000837,6.047323224,1
cop_0191,226,0.257152701,-0.008457496707,-0.001064585033,0.2828936976,0.4689864341,0.4363569038,-0.2276583137,0.2857849297,-0.8448690944,-0.3625789428,5.413596818,-0.8289806035,0.6941481192,-0.6064605612,-0.5795173301,5.720591008,-0.01059933498,-0.006241571907,-0.6042037571,0.2793291091,2.590356777,0.2764938261,-1.95530614,-2.022843553,-1.236981111,-3.832613107,1.262980306,1.208822234,0.03940815304,0.07276631344,-0.01862902895,0.1715859561,0.0848057953,-0.00667005232,0.04184865033,0.0843762131,7.476643378,-0.03337093835,0.1432797553,0.1277666346,0.07978515964,3.970032606,1
cop_0191,227,0.2935443171,0.02599934853,0.0005435275451,0.4520785934,0.6599859439,0.2430697891,-0.1911194894,0.06586750483,-0.571643637,0.6505810621,2.240492095,-0.7279193138,0.4279771837,-0.3068925001,0.5865321064,1.56415548,0.01954495333,0.004819901176,-0.7600364694,0.9474650421,1.596094569,0.1653627935,-1.65217514,-1.790440542,-1.354182415,-3.850550014,1.099012676,1.176711155,0.009853708183,0.1207311307,0.114335973,0.05642806277,0.09325617717,0.02521713361,0.02271485872,0.0660338572,7.646930849,-0.04857495239,0.2084237329,0.1693265584,0.08589790252,2.323937385,1
cop_0191,228,0.3109914808,0.04218065884,0.0002250287838,0.3917231854,0.6452611542,0.4711491877,-0.1430758213,0.02994172955,-0.6747001267,-0.6710737651,4.745498787,-0.6084325468,0.3693706602,-0.6920020454,-0.6964426187,5.405194709,0.04003894795,0.01237096981,-0.608416213,0.2665134012,0.9484927269,0.2565852669,-1.649340326,-1.903600549,-1.235715832,-3.935455486,1.387386714,1.158403693,-0.02802334251,0.1023404289,-0.07099946525,0.1119972209,0.09245911065,-0.01776149978,0.02834063755,0.08192122888,9.822403554,-0.009716211085,0.1308515416,0.1164632234,0.07367028505,4.404309107,1
cop_0191,229,0.2548088067,0.02109529991,-0.0001959162595,0.5524334039,1.052896642,0.2922411709,-0.2456969854,0.33858477,-0.8432017068,0.8729273721,1.678821542,-0.6291091635,0.6635515518,-0.7404912843,0.6877645585,1.818680342,0.01030983602,0.007900272411,-0.7638465738,0.5620867431,2.261746792,0.3581926801,-1.705827536,-1.713938935,-1.239321974,-3.737899736,1.328906076,1.238270863,0.08541930237,0.09371673283,0.1012780254,0.1448291007,0.08713855208,0.02682203018,0.04548625717,0.07212984296,6.993577721,-0.05134420733,0.1805087661,0.1728175855,0.08018807781,2.808334455,0
cop_0191,230,0.2766629121,-0.02237950694,-0.003721206168,0.6552676288,1.274436329,0.6215161512,-0.03989203093,0.1031907955,-0.5839400369,0.02222264385,2.50070401,-0.5195850458,0.6354573089,-0.5871715664,0.3327251433,1.502903759,0.03127046488,-0.002363164363,-0.5153540225,0.2018244719,1.841795547,0.2116088437,-2.012336174,-1.874630346,-1.207135243,-3.626875943,1.213458627,1.136440862,0.06326661068,0.07492866586,0.003127469276,0.1396673281,0.08166345956,0.001234874755,0.04220076684,0.08334515958,6.510058794,-0.01523784727,0.1198161884,0.09375722937,0.0641992417,5.365396569,0
cop_0191,231,0.2775048512,0.01256224668,0.0002967995451,0.4891553112,0.9057181113,0.5446847608,-0.2017302776,0.168078747,-0.6611058825,-0.4815630907,4.30535841,-0.5632467552,0.6083423674,-0.6975924625,-0.283634667,3.593600766,-0.04611722303,0.01439301754,-0.4998150852,0.07981672416,1.892032,0.1562752565,-2.005034222,-1.893758788,-1.335031339,-4.009561209,1.130961301,1.019389509,0.05486590653,0.06290566098,0.01160977728,0.1097075021,0.0723337483,0.003333021259,0.0296972521,0.06927090271,6.718979128,-0.01810448293,0.09715987757,0.09471619485,0.0573066541,6.737897992,0
cop_0191,232,0.286721543,-0.006521404005,-0.001516168961,0.4641611723,0.6563314031,0.2781167206,0.2120808417,-0.1257705092,-0.9463209774,0.4748980029,2.805276299,-0.1109617694,0.07223509977,-0.8829630785,1.157346451,1.201900877,-0.03397172359,0.04265341454,-0.7840795053,0.5845427807,1.931459292,0.2389449705,-1.585828944,-2.007914087,-1.363990494,-3.875107665,1.404245474,1.152100149,-0.03941773594,0.1420583016,-0.05649713213,0.1292487184,0.1011875038,-0.01921997152,0.03673648857,0.06523284119,7.598817791,-0.02720092929,0.2145317159,0.1708890713,0.09593170076,2.04877788,0
cop_0191,233,0.280708144,0.02701903453,0.0005085634509,0.5979872327,1.213376912,0.1360129589,-0.3020858136,0.1886913859,-0.9402553967,-0.002272839912,4.799098436,-0.5193311489,0.2748591271,-0.4946494967,0.4148641169,1.543368208,-0.01710282635,-0.002994281344,-0.8737627487,0.6761285926,1.872404965,0.3699982166,-1.386029944,-1.912593019,-1.249458245,-3.889420008,1.27968497,1.32930963,0.07161224724,0.1301684472,0.1087026512,0.0801002722,0.1034789576,0.02363139474,0.02109508341,0.07310552864,8.339667094,-0.01967926139,0.2368526368,0.1871854712,0.1019611199,1.651266039,0
cop_0191,234,0.3015824102,0.003433858526,0.0009222020347,0.3813366013,0.6208440634,0.2433229268,-0.1006057488,0.1898103706,-0.9702209741,0.1741330184,3.918768572,-0.5112980218,0.3354545811,-0.5582343483,0.1433433903,2.941037926,0.02279201267,-0.005671279044,-0.7996092954,0.6454221138,1.805050704,0.2576583265,-1.573934323,-2.124153511,-1.396339972,-3.902358317,1.189188285,1.22495689,0.0445904135,0.1121696737,0.1059973688,0.1291269483,0.09678912739,0.0246622906,0.03217859358,0.06469484313,7.209720516,-0.03899852594,0.2153963976,0.1818270506,0.09340007442,2.078803729,0
cop_0191,235,0.2778242184,-0.01062654497,-0.001434938068,0.5066959603,0.8999957224,0.4374791082,-0.1811545657,0.1211722679,-0.7800157456,-0.5324744804,5.233050902,-0.4404122293,0.3977386118,-0.7790935087,-0.2251243542,4.348744939,0.06406049986,0.01997934237,-0.6626447491,0.4760713165,1.082862255,0.1443326882,-1.769711358,-1.94344027,-1.323096348,-3.919551368,1.144064477,1.02903557,0.03670780016,0.07886962877,0.01284554804,0.1237700624,0.0793469512,0.003541474939,0.03063511825,0.07480673721,13.41970639,-0.01079816164,0.1470972211,0.1196310345,0.08096535877,3.767092136,1
cop_0191,236,0.3150205116,0.001798335711,0.0003980207647,0.7712754514,1.215800259,0.4804459296,-0.1670320693,0.2250423641,-0.7769268778,-0.3930666136,4.211071634,-0.4925128773,0.4601251088,-0.6088615921,-0.3356006433,3.666399252,-0.01659055342,-0.005964484465,-0.5454978247,0.2390969342,1.647871938,0.2027671497,-1.867231224,-2.026655393,-1.200760364,-3.726350302,1.154612791,1.127091581,0.05254847596,0.08251222459,0.02404378247,0.1047888702,0.08631777025,0.006341976777,0.024893671,0.0815763194,8.484446971,-0.01886551085,0.1399194187,0.119445295,0.07225171596,4.21988781,0
cop_0191,237,0.2692639803,-0.004311472086,-0.0003700529479,0.6235697119,1.09098215,0.3051562116,0.06658224326,0.1082055527,-0.9102725986,0.452828954,2.669142971,-0.3122331366,0.1907069944,-0.3615763197,0.6463899969,0.3801776143,-0.04534114368,0.02886779724,-0.7205479513,0.5979762541,2.042945476,0.2750089899,-1.476527697,-1.999901106,-1.330441139,-3.823211131,1.15272765,1.285208202,0.00292252385,0.1464768764,0.1156737618,0.1635969932,0.1101003949,0.02461852503,0.04236718795,0.06948216771,6.521144424,-0.03606122171,0.207758672,0.167786529,0.08941654589,2.261956603,0
cop_0191,238,0.2995656669,-0.02897164757,-0.001179559805,0.383143598,0.7765337539,0.266145923,-0.1272278665,-0.01125239274,-0.7327345083,0.1324906213,3.373276242,-0.3154516548,-0.003712887531,-0.7334046124,0.1783802388,4.02913714,0.05524227994,-0.004188714981,-0.7755230939,0.6448225526,1.100572146,0.2498524812,-1.403908164,-1.847946874,-1.325219458,-3.917090818,1.440231717,1.143768761,-0.04061342174,0.0740423097,-0.04257300843,0.1305492084,0.08049041085,-0.01115152102,0.03642542094,0.07151754841,6.676568819,-0.03194977549,0.178151085,0.1597817842,0.08720172211,2.752557528,1
cop_0191,239,0.2265212965,-0.0251335106,-0.002062485567,0.4332696464,0.7447693812,0.425599675,-0.4239511972,0.1055195899,-0.5076768959,-0.7617651206,5.348292684,-1.132357122,0.6924115463,-0.3698061512,-0.8102853094,5.49328354,0.01812503928,-0.04817720481,-0.5713642488,0.2087989094,1.536356228,0.2740224824,-2.17892582,-1.691575355,-1.262655072,-3.862610707,1.315146324,1.096199313,0.02736481778,0.06643665702,-0.04845216115,0.1353858069,0.07549666333,-0.01125133525,0.03667745048,0.07903399384,7.317103892,-0.04292710694,0.1302409477,0.1389892769,0.06464966871,4.284669719,0
cop_0191,240,0.2550814031,0.007721781577,0.0006096451961,0.5679909397,0.9924496648,0.5851660173,-0.3267085165,0.1224536084,-0.5734955171,-0.8738231709,5.573793569,-0.9601985355,0.7859330251,-0.5888664975,-0.8576762244,5.302684916,0.001999753042,-0.03155061372,-0.4610399202,0.135096517,1.344942694,0.1838793334,-1.990031795,-1.896866236,-1.246225898,-3.835529876,1.151431813,1.007943337,0.08509395732,0.04788077586,0.07739542433,0.1015767308,0.06921462436,0.02126857197,0.02727118875,0.08069792001,6.162789731,-0.02040115307,0.1116045305,0.1070190305,0.06234805112,5.583992076,1
cop_0191,241,0.2282697007,-0.02121310932,0.0009820694828,0.4670216244,0.9691864686,0.4387335114,-0.02551733748,0.005612550472,-0.5968690973,0.586265526,0.813777356,-0.7135603747,0.5314593722,-0.4279843416,0.6884121043,0.4414682381,0.08900146955,-0.04322743088,-0.6675743297,0.2641461923,1.731319236,0.2192383938,-2.104393076,-1.655462054,-1.247361072,-3.753979508,1.253327362,1.065642831,-0.01383306146,0.087141215,0.01072307548,0.1565998478,0.08138114643,0.001185350794,0.05233311006,0.07451489086,7.020921388,-0.01906098103,0.1320027442,0.1216935112,0.07315439216,4.309091813,0
cop_0191,242,0.2835976638,-0.01187569276,-0.0003458950091,0.2705066167,0.4913224155,0.3629325299,-0.310154414,0.1673171367,-0.6033715784,0.1641760053,2.642005921,-1.019073121,0.5787259577,-0.3488990597,0.2544129791,2.487905408,-0.01391136563,0.009088604997,-0.6653740811,0.3211426782,1.685560548,0.2712080783,-1.832962001,-1.832504333,-1.296376092,-3.914513295,1.370159413,1.168487388,-0.05235975867,0.08728485254,-0.02772932516,0.1785461694,0.08620295772,-0.0106437301,0.05010675148,0.0767390114,7.639566684,-0.03226151529,0.1514834637,0.1484290255,0.08187318459,3.386311602,0
cop_0191,243,0.2958528188,0.01209812936,-0.000387471044,0.4035492963,0.7121813353,0.3913295236,-0.1925703832,0.1010414244,-0.7514282844,-0.3859419455,5.485931205,-0.2947653171,0.4681737322,-0.7566459678,0.3789424433,2.005577588,-0.03704997766,0.01483972413,-0.6234499307,0.4493373553,2.035759868,0.2600489335,-1.555162382,-2.086195413,-1.349457888,-4.028748399,1.186062304,1.212250539,0.03760029164,0.1411696885,0.06766684757,0.1356162434,0.1057994769,0.01505760832,0.0360528592,0.07486202216,7.00686385,-0.01105351084,0.1694653265,0.1241190281,0.0925110074,3.177758139,1
cop_0191,244,0.281792857,0.004235772056,-0.0002993142328,0.5094095857,0.9710328814,0.02752813634,-0.2419195347,0.1814140678,-0.9067847059,1.650828012,0.5360692939,-0.5827318122,0.4590501582,-0.7816057826,1.755327449,-0.1634065406,0.06380923705,-0.03547610342,-1.028704864,1.241511875,1.689087555,0.3098842141,-2.07100059,-1.938722649,-1.376661999,-3.819548647,1.32668249,1.247642712,0.0543624869,0.1314784468,0.04871485718,0.1513859141,0.09898587787,0.01144586053,0.04536444263,0.05703696583,7.675178668,-0.07124639714,0.2625221511,0.2370123943,0.1024847465,1.208370165,0
cop_0191,245,0.236179788,-0.03818544839,-0.000417492586,0.243435186,0.4421452546,0.2366473687,-0.4959896535,0.1319199493,-0.6532008201,-0.4341028873,5.105336235,-0.8837380752,0.5925269061,-0.6680956451,-0.2004333076,4.068224062,-0.01592557531,-0.01041990091,-0.7556659154,0.4087055666,1.536043656,0.4291384604,-1.90776698,-1.71364305,-1.23902783,-3.883959639,1.486119845,1.305643264,0.09510499662,0.1070598913,0.06376005784,0.1647035095,0.09874200139,0.0150254866,0.04400470832,0.08056485905,8.122525499,-0.02186861942,0.1980341151,0.1732719874,0.1017500921,2.159322824,0
cop_0191,246,0.2720852939,0.02345365837,-0.001095443739,0.7831992931,1.514505762,0.710575716,0.01259277715,0.03803659637,-0.5118948565,-0.07606915461,2.245110124,-0.6714466393,0.5780706522,-0.3693405902,-0.1093248983,2.28954023,0.02790113332,-0.04742516699,-0.4014971681,0.09996190723,1.531885511,0.1952792424,-2.226264304,-2.002300934,-1.245528866,-3.550617502,1.197587403,1.13869324,-0.008034631631,0.102498399,0.04572212024,0.1142659503,0.0901203796,0.0120488353,0.03262174331,0.08163442776,7.341444893,0.001183178313,0.08342405943,0.05709898764,0.04772888259,8.677221473,0
cop_0191,247,0.2719087754,-0.008026600102,0.0001568865475,0.8982057676,1.738015966,0.3407072037,-0.178162709,0.08928779708,-0.5723084192,0.8224247384,1.277598829,-0.8419438852,0.5791471591,-0.3593698407,1.100313314,0.2095208861,0.03212081281,-0.008665036281,-0.7265824472,0.4886980417,2.270423138,0.2915743357,-2.039714914,-1.860767455,-1.387342218,-3.948205479,1.362564405,1.215656637,0.007766552368,0.1363872912,0.008650467118,0.2125281836,0.0999420082,-0.0005914533102,0.06144249385,0.06474532265,7.72702644,-0.02966780744,0.1561540324,0.1354716283,0.08030254623,3.519388858,0
cop_0191,248,0.3184602897,-0.01457301129,0.000422451032,0.1931677637,0.1070897418,0.419020616,0.3721811827,-0.1832743782,-0.8543623822,0.1692223362,2.804413251,0.3248848886,0.08398682249,-1.246918487,0.3060995026,3.271282102,0.1598672837,0.01190609526,-0.7500006249,0.5788434025,1.012499101,0.2473521335,-1.849742642,-2.000029048,-1.251659357,-3.731828021,1.342570842,1.216507252,0.01771395087,0.07938597092,0.08779850793,0.1833280931,0.08777512163,0.02805971636,0.04662386127,0.07856511742,7.011589474,-0.02617966247,0.1365898443,0.1247506286,0.07608372236,4.181022136,1
cop_0191,249,0.2690474058,-0.0305772763,0.006306831001,0.336485328,0.5259557938,0.6579213006,0.08962834575,0.1845021319,-0.8005633378,0.05948134518,2.621507742,-0.4987864639,0.8899349948,-0.8478204477,0.168548689,2.011047586,0.04793620731,0.05611101843,-0.571749215,0.2057812135,1.759561591,0.2039799645,-1.957538306,-2.110641133,-1.27307899,-3.563348153,1.164327848,1.137568962,0.07137640184,0.1065813546,0.02852566775,0.1879919035,0.09134527528,0.008047159326,0.05217879663,0.08090746016,6.168873841,-0.005801260566,0.1067771297,0.07466275456,0.06066568927,6.535164914,0
cop_0191,250,0.2876276956,0.02295812473,-0.0007132782368,0.7449105805,1.408727643,0.3649011504,-0.1174339349,0.2134643506,-0.8639144943,-0.1393267413,4.273711445,-0.5559634737,0.3835554497,-0.3487763576,0.37669265,1.352320417,-0.08225172304,0.03058689206,-0.6174733193,0.3773180121,2.013607373,0.1648183171,-1.582198538,-2.159455788,-1.352159312,-4.079166638,1.096945651,1.131427932,0.03055688125,0.1038216655,0.06722641736,0.146202599,0.08799049599,0.01383238141,0.03856458739,0.07125625863,7.051473109,-0.03573875543,0.1604587003,0.1515520162,0.08457619394,3.224211572,0
cop_0191,251,0.286929766,-0.02920892673,0.000326205484,0.519325147,0.8384275289,0.04174144987,0.04709136248,-0.199354391,-0.8426326366,1.028329311,2.95563767,0.3645707121,0.01748339613,-1.50625001,1.848800487,1.36956178,0.01288682739,0.003112843605,-1.002551679,1.15092863,2.125853252,0.3425526958,-1.531885069,-1.957275713,-1.3411798,-3.851542715,1.52769777,1.352635376,0.0378878183,0.1229704611,0.001588197029,0.1828298862,0.101096115,0.0009386474185,0.04703658575,0.06030061115,8.116957147,-0.06611305613,0.2628704494,0.2241835423,0.09702914485,1.347312721,0
cop_0191,252,0.3108039682,7.470501732e-05,-0.001498232606,0.6765674414,1.165692402,0.3982922055,-0.01070537671,-0.06264535503,-0.723969401,-0.4880629367,3.732014587,-0.07544087406,0.1923118773,-0.9041172593,-0.118290686,2.479102268,0.05849231996,-0.006961508047,-0.664935854,0.2882163594,0.7205987415,0.2173756491,-1.712965246,-2.07056091,-1.175458627,-3.859943119,1.266520045,1.144263612,0.00674499392,0.07816513369,-0.03737738364,0.1045907284,0.0833065775,-0.01214147941,0.02246633848,0.08713884555,14.64033308,-0.01309784668,0.1606042921,0.146970222,0.08433992998,3.084528509,0
cop_0191,253,0.3086064662,0.08330143131,-0.0009988942967,0.3448024701,0.6292638254,0.491078264,-0.1000013139,0.01748004835,-0.482807275,-0.06920863157,2.501551077,-0.646122803,0.4617803103,-0.2875081921,-0.1441065096,2.188817168,-0.03714359708,0.02425429816,-0.5640491676,0.2083539767,1.6665519,0.05304795294,-1.897871178,-1.934222516,-1.150478742,-3.755725033,1.01181034,1.039265021,-0.03757662521,0.06372240724,0.006901017958,0.09008297095,0.07587251661,-0.005334287114,0.02745468484,0.08170614563,6.977048563,-0.04175410763,0.1393077815,0.1417709171,0.06627420362,4.025487366,1
cop_0191,254,0.2864124337,-0.03031453797,0.0002629670966,0.5676979337,0.9850715217,0.1551023221,-0.1111152502,-0.08188141456,-0.855899511,0.06568229853,4.05931593,-0.8013363206,-0.003658821202,-0.4429851886,0.2233418172,4.279722776,-0.007536877709,-0.003020416012,-0.857525874,0.5738262429,1.575124655,0.2168303292,-1.28388818,-1.848877791,-1.428598277,-3.875799364,1.433709522,1.104934933,-0.07142096917,0.1137150746,-0.04091030393,0.1241220739,0.08873184547,-0.01271961739,0.03010307048,0.06197291727,13.08178455,-0.01598637042,0.2252595118,0.1801976846,0.1003913337,1.762089363,0
cop_0191,255,0.2473237977,-0.1052608927,0.004048379297,0.3953901683,0.7219281466,0.285656018,-0.01138701671,0.1735857892,-0.8781659413,1.064540097,1.182386472,-0.6726185828,0.2782886773,-0.2007789394,0.758628811,1.005205951,0.1126055456,0.02361586009,-0.8885289234,0.8572892707,1.706829443,0.2719441343,-1.304836514,-1.946184814,-1.397536507,-3.624053237,1.180607476,1.222646637,0.06113023764,0.1279467136,0.1091387182,0.1589938903,0.09850969244,0.02704551656,0.04693628741,0.06266570503,6.532141114,-0.03562925859,0.2179371329,0.1749859251,0.09396071318,2.046255048,0
cop_0191,256,0.2828490731,0.01472030497,0.0007597716075,0.3153070813,0.5815458923,0.2396973048,-0.2266306966,0.1830579612,-0.7339330412,0.62071359,2.213940713,-0.4984828736,0.2811104453,-0.5237889717,0.2652968915,2.826611503,-0.005326059971,0.003268537058,-0.7735929396,0.7029864043,1.820469746,0.2671171045,-1.687379927,-1.776987198,-1.294947731,-3.912551632,1.191477922,1.222960731,0.04146350555,0.104539413,0.1040288864,0.08074631066,0.09334774213,0.02632571517,0.02831666309,0.06777658173,7.714359404,-0.05820115429,0.197888092,0.1899201934,0.08760712931,2.284667353,0
cop_0191,257,0.2717086312,-0.03179312199,-0.0003730964473,0.3841718059,0.7310140885,0.4304440029,0.3415448019,-0.1407122309,-0.8755017914,0.1895516909,3.166520004,0.1442136733,-0.0131035355,-1.038590388,0.3369679057,3.957273326,0.07707929643,1.250218401e-06,-0.6528091595,0.5470417207,1.419869317,0.2101929533,-1.199023378,-2.083395077,-1.356065888,-3.867119915,1.427118163,1.134802294,-0.04725911326,0.09646787708,-0.04015957333,0.1646025525,0.08773464627,-0.01074815932,0.04495057673,0.07047268005,12.38878404,-0.02758272779,0.144555781,0.123923014,0.07765520108,3.947519837,1
cop_0191,258,0.2507361045,0.03846240798,1.726623256e-05,0.4906901375,0.8319393564,0.4115105627,-0.2880628496,0.02804792368,-0.4674023886,-0.1156489931,3.730350117,-0.5038290854,0.4037078363,-0.6453411206,-0.1891050351,3.945262286,-0.009285579474,-0.05724449842,-0.5636446122,0.2712162586,2.1117742,0.2605457633,-1.7715194,-2.096042231,-1.301607181,-3.786095155,1.215005299,1.134045266,0.1065834096,0.06947612896,0.106595225,0.1307677299,0.07915495443,0.03315355999,0.03261646225,0.07487748251,8.598393183,-0.03221924438,0.1528710393,0.1366596883,0.07586174018,3.592367309,1
cop_0191,259,0.269528738,-0.02088074989,0.001236852692,0.3118488727,0.4359878363,0.3658015724,0.0760443053,0.3009927491,-1.084653768,0.6236224223,2.436837671,-0.1209175667,0.4628332804,-0.8841378425,0.8008671708,1.061184361,0.2567991891,-0.003494019495,-0.8550571003,0.9778367269,0.6055889652,0.2665253852,-1.652380571,-2.037034373,-1.37637378,-3.801406659,1.21112133,1.189765661,0.05486384101,0.09703246637,0.02306283317,0.1924395922,0.0916231421,0.002862785887,0.05069124155,0.06934882485,6.351184478,-0.03619263121,0.1627724476,0.1392774374,0.08214333482,3.384875512,1
cop_0191,260,0.2887244048,0.02629943842,-0.0005154022456,0.5897220764,1.154261593,0.452007517,-0.1444176044,0.3301757129,-0.7985031152,0.5250861819,1.472470936,-0.4357955049,0.2738243196,-0.2883467367,0.3440378134,1.155126863,0.05304565878,0.004644645957,-0.6053875805,0.598001816,0.8536895886,0.2507181955,-1.453608175,-1.976066562,-1.403437022,-3.631328465,1.10324845,1.08714323,0.126905941,0.0897121726,0.08961520085,0.1477045244,0.08122919967,0.02833399952,0.04484364399,0.07096143164,5.806907338,-0.01720236643,0.1371888402,0.1109985803,0.07267332583,4.377030425,1
cop_0191,261,0.3075453904,-0.0008888589137,-0.0003414905204,0.4825917069,0.85964228,0.4954826125,0.2192951034,-0.1399145765,-0.7166445927,-0.3681635718,3.032246293,0.1274245726,0.1555420464,-1.148155879,-0.4693099134,4.307224644,-0.08263241249,0.01996534744,-0.4834137483,0.1269249053,1.003599899,0.1105788553,-1.551495392,-2.252126577,-1.209281581,-3.896344929,1.217774828,1.077404719,-0.01846608197,0.08411708014,-0.03569664932,0.08808901666,0.08099240756,-0.00725481703,0.01978450445,0.08224993579,7.663713832,-0.01988268923,0.1307789243,0.1340353041,0.07261360516,4.261739075,0
cop_0191,262,0.2739640577,-0.001574509027,0.002099414569,0.4603391794,0.8565895811,0.3952023062,0.03854387334,0.1428479742,-0.8971951221,0.3100069532,3.283853788,-0.440994916,0.6469313786,-0.8542280634,0.4120847217,2.74672428,0.1255133682,0.0437091628,-0.7745166356,0.7712261641,1.176118685,0.2351644008,-2.017363029,-1.854309402,-1.315935842,-3.849701855,1.225127748,1.194580796,0.01228757389,0.1261948,-0.02570355557,0.1714758994,0.09680842955,-0.01213851262,0.04922184733,0.07468684185,6.852601439,-0.02870410394,0.164540853,0.1313716881,0.080066294,3.386678351,1
cop_0191,263,0.2823859971,0.01481724899,0.0008373903952,0.6351683638,1.200759192,0.4961942886,0.3137728583,-0.04777146723,-0.8604650834,0.2043681898,2.050227118,0.109605496,-0.04954198603,-0.9940958263,-0.1647998851,4.755940345,0.1594672743,0.06681205224,-0.7288174223,0.6159496241,0.3961129426,0.275768891,-1.00650019,-2.097148679,-1.238737985,-3.600996241,1.574984834,1.201002796,-0.04730245205,0.09886027156,-0.07387031984,0.1562248804,0.09123486477,-0.01845671104,0.03908584689,0.08246281054,6.599450719,-0.005005909188,0.1111760191,0.08879201155,0.0671632561,5.785759277,1
cop_0191,264,0.2656862536,0.01640281232,-6.579430689e-05,0.7590537086,1.189063355,0.2664895141,-0.252039286,0.1344535729,-0.774642151,0.09997958429,3.251094723,-0.2514817827,0.4292507311,-0.9666287524,0.3662624631,1.956238605,-0.02241410658,0.00325449591,-0.7533635081,0.3807989301,1.848862781,0.1932033585,-1.558336943,-2.060057084,-1.35191896,-3.932095862,1.070604688,1.04092382,0.1038388099,0.0674961008,0.1070470027,0.08836687831,0.07424252051,0.03030854514,0.02639815462,0.0707010352,6.724125534,-0.04940258151,0.1848913676,0.1841301703,0.08638773998,2.382239298,0
cop_0191,265,0.2853306013,0.02458290882,-0.001338717275,0.5500206984,0.9039517306,0.3247152968,-0.4794017915,0.2358557937,-0.5807159887,0.0342421785,4.167454607,-0.9917212789,0.5551749306,-0.3665336931,-0.2872244218,4.863955992,0.03169800411,-0.05094108627,-0.694616473,0.4855288368,2.160893587,0.3204851436,-2.008599031,-1.736504715,-1.285760006,-3.900342915,1.330598784,1.221636005,0.02387660679,0.1159113709,0.007921118654,0.1525278082,0.09691637925,0.003195861605,0.04431427361,0.0758502136,7.131963591,-0.03971249445,0.1788528145,0.157418801,0.08704654903,2.80121157,1
cop_0191,266,0.2914818629,0.01629887415,0.001926700732,0.3163694888,0.5627034032,0.5247725217,-0.427399066,0.2442995451,-0.4325439942,0.1866507643,2.49748633,-1.123436054,0.7583671891,-0.2005788129,0.1622708641,2.393655979,0.02733919239,-0.01201740198,-0.508855003,0.5210049789,0.8735646111,0.2679545351,-2.133781848,-1.792031716,-1.210218151,-3.708756016,1.290615318,1.124988893,0.04405825126,0.09383892666,-0.00403812249,0.1094352136,0.08603573158,-0.003598047707,0.0303010658,0.08129717759,6.54519149,-0.03690139265,0.1455270849,0.1341118776,0.07125465434,4.000313614,1
cop_0191,267,0.2582841048,-0.009831367637,0.002896885671,0.3002339164,0.5440494555,0.4599549232,0.2977978605,-0.01252701381,-0.9570713484,0.1849466934,3.012094085,-0.1337097419,0.3526906598,-0.9023963293,0.3710207747,2.508289002,0.2205960244,0.02529120145,-0.78094964,0.7347151331,0.7187961378,0.213755022,-1.95624925,-2.059789096,-1.257213095,-3.876947206,1.281884032,1.160370881,-0.01573725973,0.127144455,-0.02653638881,0.1485383085,0.09689962217,-0.009254238987,0.03752996753,0.08151280235,11.40121725,-0.02212291162,0.1210130685,0.1055640305,0.06905413508,5.008873449,0
cop_0191,268,0.2776437307,0.03591301725,-0.001927832334,0.6458171386,1.372831189,0.940237196,-0.2396642318,0.0604067375,0.08363466048,0.4863007742,0.07474443652,-0.8098034272,0.6466027581,0.08614740826,0.6548336646,-0.4525021396,-0.04982244532,-0.006564953733,-0.2015393796,0.2041868133,1.617915996,0.304064786,-2.165027035,-1.696322097,-1.66274345,-3.500760096,1.350870255,1.231834468,0.007361561233,0.0369221915,0.00553144591,0.2849439838,0.07056704005,-0.0005993816764,0.08962557708,0.05181921521,7.383832034,-0.01427843027,0.07544151408,0.05844662393,0.04661122511,9.575982607,1
cop_0191,269,0.2509659539,-0.03764852264,0.000816774556,0.1759038758,0.3635892895,-0.00335650616,-0.1480817577,-0.1455496549,-0.7999019039,1.354322085,0.746925554,-0.8144783035,0.3055715321,-0.5933974049,1.553440264,0.1838560449,0.04481075753,-0.03288450982,-1.046766539,0.8782435573,1.885530913,0.3673958846,-1.768206445,-1.55572535,-1.37249783,-4.042194996,1.482466623,1.186327388,-0.03482469431,0.1344878038,-0.02259810894,0.1044000167,0.09467295039,-0.00831011752,0.03389855183,0.06101463362,7.498154804,-0.05109361555,0.2434635772,0.2281099,0.1042503126,1.338628509,0
cop_0191,270,0.2470608243,-0.08687155129,-0.001081575935,0.1449490734,0.3170301254,0.376857282,0.181732697,-0.1632611904,-0.8272243382,0.008040142386,3.253118115,-0.02649811453,0.008257438655,-0.7821651381,0.6224942433,1.479742302,-0.04166223522,0.00961088557,-0.6228991735,0.3670003021,1.416724284,0.2401559253,-1.501107008,-2.021251055,-1.321732589,-3.879633542,1.358114642,1.143326168,-0.04803613708,0.1035356119,-0.05086205505,0.1320106019,0.09210492492,-0.01913456509,0.03209131297,0.07351292052,7.645521612,-0.01085533204,0.1861070352,0.1487992795,0.09561480695,2.572066361,0
cop_0191,271,0.2890504925,-0.001380642273,0.0004338768255,0.4599539657,0.8525196004,0.1498910552,-0.07721044113,-0.08417163285,-0.8097626621,0.7247531077,3.45698682,-0.6468728695,0.3727116491,-0.7760953082,0.8712394606,3.526594648,-0.03880748332,-0.01390955601,-0.8273758694,0.9165190452,2.162558249,0.3569967358,-1.805214399,-2.043733275,-1.281167761,-3.870824983,1.477421487,1.327021968,-0.0265021048,0.1361661148,-0.05859935014,0.1428468954,0.1060765317,-0.01233874416,0.03731710232,0.06980520549,7.192724403,-0.04969884203,0.2498296507,0.199401534,0.09927798742,1.569257316,1
cop_0191,272,0.2874377054,-0.03799209205,-0.0006140299122,0.6421220154,1.26501083,0.3796818304,0.2315296116,-0.1184150636,-0.8674047218,0.251152891,2.456814393,-0.1826664091,0.1883559609,-0.7877999031,0.7440983244,0.950382531,0.04168214163,0.0008854234249,-0.7185816377,0.3410773394,1.660396764,0.203877454,-1.589112966,-2.069254677,-1.388584752,-3.910973938,1.316366631,1.12049827,-0.02517519103,0.1085869183,0.004642236796,0.1523093061,0.09052742598,-0.003189872352,0.04062966072,0.0671688375,6.380904578,-0.03652317093,0.1797783396,0.1637492037,0.08476156797,2.754012728,0
cop_0191,273,0.2909525887,-0.03298827612,0.0009206044056,0.3722914701,0.6722363514,0.4619890682,-0.2621788328,0.2757865925,-0.681816765,0.2557004634,1.999772336,-0.7663526598,0.4864797798,-0.4090000769,0.11620845,2.555415653,0.04484994873,0.03154749817,-0.6196993182,0.5343185846,0.594406305,0.3992831501,-1.795291456,-1.795497309,-1.10515689,-3.537004409,1.488114318,1.280070377,0.03613835361,0.08985168298,0.02571649785,0.1446784092,0.09172508741,0.01137968619,0.04388385735,0.09286419336,6.987587045,-0.03212207355,0.1518811189,0.1371290654,0.07524682471,3.610505354,1
cop_0191,274,0.2809589249,-0.01701634644,-0.001155098945,0.4713050821,0.9128095056,0.631404897,-0.06922898773,0.07776923974,-0.5993164959,-0.3034884958,3.472043804,-0.8849169572,0.4077145013,-0.1797096467,-0.3885865414,3.923146666,0.05486752832,0.02815743583,-0.5068356879,0.3013151851,0.9816147737,0.06787356803,-1.781794927,-1.857008518,-1.347921057,-3.863714235,1.123791507,0.9320134296,-0.0389502915,0.02044064675,-0.009018874062,0.1297741635,0.05576174328,-0.003620316935,0.03393214573,0.07486414092,6.484698319,-0.01231622546,0.07376041128,0.067441456,0.04779394722,9.249631713,0
cop_0191,275,0.2550061118,-0.03706002415,0.002162255661,0.5407750606,0.9922357896,0.3178228508,-0.2890019273,0.5936025846,-0.9909624216,0.9986531778,0.1902823856,-0.3575311163,0.6143476862,-0.8688972192,0.8517807828,0.363261584,0.0335961113,-0.007012141967,-0.6636372331,0.7763453265,0.3828366196,0.2608019366,-1.604669367,-2.043262535,-1.362762646,-3.818658448,1.170514196,1.112152095,0.1380793997,0.09323160849,0.05259135549,0.1758070433,0.082600447,0.01924807849,0.05110291766,0.06792416908,14.11701215,-0.04357321787,0.1653424356,0.163151532,0.07856333223,2.993108996,1
cop_0191,276,0.305110709,-0.01815986382,0.01518191091,0.2358675907,0.2639597656,0.9787251251,0.107003276,-0.1125726286,-0.3878385648,0.1420866214,-0.3132192522,-0.5997808172,0.2723753119,-0.1314532622,0.09625881911,-0.273478308,-0.1571734261,0.04513848401,-0.2235624718,0.1458195635,-0.2727847388,0.2367888628,-1.60802327,-1.894691125,-1.35390421,-2.958906165,1.365913148,1.078324796,-0.09255498402,0.0477520256,-0.03026458385,0.08862596023,0.07247275436,-0.01006998645,0.02773733402,0.08220930631,3.190148492,0.1449930334,0.2690351602,0.0295028375,0.1191402661,2.860855019,0
cop_0191,277,0.2863415896,0.004579435791,-0.001917033687,0.8220923121,1.732242313,0.5038722893,-0.1175266503,0.1752439105,-0.7069673231,-0.02036665807,3.99004499,-0.6107932243,0.6641469529,-0.6460984213,-0.01374022716,3.71195188,0.009420396609,-0.04372833888,-0.5180477784,0.36898691,2.213807863,0.2698635244,-1.973921328,-2.067207619,-1.281167102,-3.720183029,1.264140265,1.23452454,0.03635794881,0.1204161944,0.005133158245,0.1699228665,0.1007377653,0.0002054059449,0.04338860928,0.0768846093,6.608485686,-0.03460992807,0.1367903734,0.1173474923,0.07154657038,4.448022897,0
cop_0191,278,0.2620317559,-0.1041975746,-0.002331681955,0.4690413014,0.9213736795,1.493648856,0.2626098694,-0.2985424189,-0.107469252,0.1813983482,-0.2056947286,-0.5770779491,0.6396234731,-0.3208691134,0.07113327851,0.2637976789,-0.0475304661,-0.1733891764,0.08610174112,0.1699200703,-0.1757943798,0.1370977738,-2.186356852,-2.146180104,-1.346752422,-2.88534477,1.145078208,1.089544782,0.009139969235,0.07987342226,0.1472663097,0.08394599483,0.08044115407,0.0501412469,0.02617230775,0.08939686561,3.321348165,0.07266160411,0.2900011087,0.1289883765,0.1477447275,1.959105078,0
cop_0191,279,0.2573885656,-0.0008482185005,-0.001620867827,0.1447503342,0.5134361397,0.5611180943,0.01011328733,0.1945212706,-0.8029816753,-0.112880172,1.596088718,-0.4086211733,0.4752067293,-0.5999644811,-0.08221026451,1.240065218,0.1291726614,0.0228326893,-0.6173042015,0.3065107939,-0.1919843747,0.3795033701,-1.846326809,-2.024690551,-0.9378973795,-3.485904583,1.416236721,1.345628338,0.05277058444,0.06126137995,0.02485512446,0.1300232568,0.08765371967,0.004877888104,0.03060617579,0.1080890766,13.96127785,-0.01998084415,0.1482194626,0.1402977269,0.07118341429,3.659556989,1
cop_0191,280,0.267939808,0.01463641902,-0.00124100023,0.6777757947,1.266624209,0.3961352566,-0.2256259832,0.161125838,-0.7039046565,-0.2591495642,4.871617666,-0.4658979618,0.382255866,-0.5688234165,-0.2329348274,4.141629897,-0.01349604387,-0.01559767287,-0.6245922058,0.3055028342,2.593093256,0.2235729989,-1.483150332,-2.124996414,-1.362990064,-3.910308424,1.125177583,1.132064556,0.08818493911,0.07170935629,0.06148674631,0.1552003845,0.08149790208,0.01480631251,0.04219873246,0.07190323173,8.475591156,-0.0439758017,0.1339279497,0.1279982227,0.07093304802,4.293413352,1
cop_0191,281,0.257339449,-0.03192993933,-0.0001805855442,0.480870976,0.9010099882,0.5346258237,-0.2681649796,0.1433775492,-0.6744795649,-0.7736303669,5.22412586,-0.9104894066,0.7681824817,-0.6423176739,-0.6721444094,4.922694866,0.05394694935,0.02163746984,-0.5831583575,0.3229212447,0.8127082067,0.1887317153,-1.979540247,-1.82429373,-1.234400151,-3.760168073,1.17853226,1.016213455,0.05193994336,0.06842488132,0.006122535024,0.1067385116,0.07567374639,0.002688402622,0.03074533529,0.08020433639,7.304571254,-0.01657237828,0.1229839542,0.1125272131,0.0657721723,4.856465445,1
cop_0191,282,0.2675866535,-0.02046814641,-0.000950998061,0.7194873424,1.269725501,0.4834685203,-0.2482709589,0.2807160962,-0.8419540165,-0.6777001438,5.443126215,-0.9198881601,0.7617319761,-0.6870788796,-0.7534456862,5.660522102,0.1111195792,0.07201936331,-0.7036630718,0.5621550905,0.5240543622,0.1510357255,-2.157241661,-1.841000896,-1.33047537,-3.996109643,1.1798225,1.007172327,0.0308257503,0.08992070704,0.05577549567,0.1224357208,0.08073149857,0.01472014116,0.03288757657,0.07409312965,12.29282717,-0.01796773157,0.1078546555,0.1042023077,0.06702756033,5.613020107,1
cop_0191,283,0.2696559795,-0.03880817978,0.00074472872,0.3852570889,0.6972638768,0.1728214667,0.2831031181,-0.0928149411,-1.161336804,0.6515734149,2.998527514,-0.327639439,0.01594470231,-1.00975972,-0.1273795921,7.015614161,0.1975729561,0.07209247606,-0.9995226637,1.320781049,-0.4760937089,0.2468426264,-1.408495368,-1.906514056,-1.428826428,-3.883478631,1.433645049,1.126644484,-0.07939382821,0.1296429102,-0.008017408626,0.1648662882,0.0913265967,-0.0001255146586,0.04332444655,0.06131275124,7.062263859,-0.0382223463,0.1829693543,0.1683949772,0.08818077999,2.630964479,1
cop_0191,284,0.2811767405,-0.05881787629,0.001175199798,0.7591018022,1.689785484,0.4836571521,0.01444291092,-0.02619591974,-0.4301616887,0.7246083566,1.281298443,-0.7719692596,0.4603596809,-0.02664353909,0.8880053808,-0.1766948779,0.04519149192,0.0005971443064,-0.6166816858,0.4937321199,2.375681539,0.2337206315,-1.721133822,-1.839557982,-1.371579758,-3.497826008,1.216811447,1.250748637,-0.007324486324,0.09598209689,0.1364330249,0.2184298705,0.0918358492,0.02919593509,0.06739118721,0.06458533212,6.74101056,-0.04209799005,0.1528809141,0.1292638953,0.07492951562,3.873507207,0
cop_0191,285,0.2607068075,-0.1002445286,0.001159319426,0.5512516691,0.9807591153,0.4919314174,0.5802113427,-0.1582933656,-0.9566486735,0.4796151108,1.595971239,1.192014624,-0.1822580508,-1.592934885,1.200146639,-0.02799457062,0.1838757636,0.0007569935185,-0.7505294375,0.4068795024,1.701693317,0.2833006908,-1.103766205,-2.090973117,-1.264244207,-3.647663012,1.448263111,1.259275988,-0.01281546553,0.09430173135,-0.04810643375,0.2060292963,0.09315659662,-0.009902136995,0.06080030324,0.07417898136,8.341430031,-0.02516360569,0.1313750836,0.1153943819,0.06989304752,4.544434043,0
cop_0191,286,0.2373010808,-0.03455855739,0.0004402400832,0.3591179752,0.7106120936,0.2150485195,-0.2875647919,-0.003234831097,-0.7404463955,-0.01293340418,4.009723323,-0.915312528,0.2771718046,-0.382332988,0.2883882357,3.052463765,-0.02992436728,0.01698770185,-0.8020993302,0.4543396755,1.67538398,0.2150958551,-1.616982248,-1.808417634,-1.397644767,-4.04462958,1.315024641,1.049416204,-0.06152422619,0.072898452,-0.04968002926,0.09065891285,0.07418309854,-0.01660663196,0.0251608161,0.06671641983,8.948816918,-0.03350071596,0.2122149703,0.1853547965,0.09346330895,1.890629322,0
cop_0191,287,0.2835680392,0.01581500374,-0.0008352052732,0.5764703798,1.152691419,0.5468016417,-0.1724410986,0.3581677308,-0.8215461376,-0.1249747634,3.219445268,-0.7273732302,0.8274989273,-0.6272622608,0.09447616709,2.310124,0.08667696432,0.04523684761,-0.6211707874,0.3597484184,1.036927996,0.2050219952,-2.072806399,-2.01243891,-1.326870352,-3.742332661,1.189623551,1.110589684,0.05327317256,0.05630213908,-0.04958375272,0.1891083148,0.07548293415,-0.01745649701,0.0511177865,0.07542750872,12.68923049,-0.02001894882,0.1139125218,0.104751934,0.06650502003,5.287766102,1
cop_0191,288,0.3041884976,0.03504603339,-0.0008817380689,0.4211922118,0.7419487259,0.3178467657,-0.001606415369,0.1495125983,-0.8505388713,0.4391307672,2.528582646,-0.4450941432,0.3602346853,-0.4199564268,0.4937245085,1.0438779,0.1536420911,-0.03341590966,-0.764636879,0.8685177189,0.7928087364,0.2097228292,-1.483546515,-1.961947514,-1.285104319,-3.775998187,1.092482522,1.171803036,0.009877523997,0.08932571692,0.0961388771,0.1231142289,0.08647691103,0.02047133916,0.03282202024,0.0724151488,12.23951089,-0.04357600652,0.1838393916,0.1587135298,0.07900234934,2.804836967,1
cop_0191,289,0.2709291351,-0.008287269251,-0.0001621506752,0.6439403276,1.213258548,0.1720835348,0.04073994647,-0.06703971594,-0.8298446483,0.9967587429,1.457203341,-0.5270011514,0.2012185539,-0.5635779674,1.114856348,1.12839052,0.01480998558,-0.005564677271,-0.8582636676,0.7700513347,1.849675039,0.2828087191,-1.699097224,-2.088689862,-1.382969916,-3.939213359,1.388421431,1.217020704,-0.07256002333,0.1200576323,-0.002316594755,0.135104793,0.09495606165,-0.003977970257,0.03722589642,0.06190645798,8.466717307,-0.05962083099,0.2220054864,0.2091897536,0.09211686241,1.795157646,0
cop_0191,290,0.2839621451,0.008734069902,0.0001091438851,0.740974076,1.502815076,0.2936053738,-0.3893843768,0.1184568316,-0.6513372114,0.04803469975,4.48866155,-1.058814117,0.6639879442,-0.5593903913,-0.04856755586,4.866204217,-0.03040841655,0.007659198092,-0.7075800082,0.5512347325,1.914130705,0.2693269511,-2.077800084,-1.837919466,-1.327333373,-3.95420658,1.308036351,1.127232052,0.0263426923,0.113654962,0.01826561108,0.1241015514,0.0919373571,0.005220487481,0.03295202892,0.07371370879,10.56921456,-0.036809002,0.1980898062,0.1694241763,0.09530391948,2.294312234,0
cop_0191,291,0.2881532663,0.04372766782,0.0002359192573,0.5495272299,1.011975772,0.3502753971,-0.1351100618,0.2814292878,-1.105708042,-0.7539805028,5.475227893,-0.1374255335,0.2799908672,-0.7504934705,0.1780627833,1.464240987,-0.03463756293,0.006809605384,-0.6523976202,0.1951180074,1.431565597,0.27229619,-1.158293786,-2.165355742,-1.289369511,-3.930486215,1.069256958,1.125277935,0.125485113,0.07151899252,0.07184242273,0.1123282208,0.08193641102,0.01720843578,0.02792478375,0.07780474037,7.859327706,-0.008849786014,0.1666314873,0.145868074,0.08730949792,2.972231086,1
cop_0191,292,0.2987482684,-0.02989590441,-0.00159530643,0.5054060187,0.9925367252,0.5133988249,-0.01046611192,0.15287104,-0.7167720817,0.05571921715,2.906419001,-0.6599732683,0.5713608611,-0.4155429828,-0.07181095074,2.748766631,-0.016441905,0.02100422713,-0.5517590033,0.2973788068,1.835170714,0.2132109196,-1.908581768,-2.128064528,-1.219556148,-3.697630778,1.172410855,1.205674803,0.008202009008,0.08309474834,0.04994270587,0.1554769873,0.08755724443,0.00723153218,0.04290634042,0.08068460666,6.177912366,-0.0223144887,0.1317794864,0.1089009226,0.06719184154,4.785971978,0
cop_0191,293,0.259719192,-0.01253351718,0.0002604077529,0.5106852148,0.8041310109,0.4311225456,-0.3391997722,0.3319700582,-0.7308274641,0.1414157635,2.613204119,-0.9133165132,0.7471161317,-0.5417232547,0.09673215489,2.547823858,0.02997429096,0.003164539573,-0.6548749933,0.3140328186,1.506372838,0.2456669879,-2.082087733,-2.006104803,-1.313269477,-3.797051473,1.241024859,1.110294742,0.07258933041,0.09754490027,0.0533546746,0.1447190479,0.08728750188,0.01561146858,0.0390685477,0.07755945534,7.820162347,-0.02334257659,0.1717412632,0.1427327788,0.0821069142,3.013141947,0
cop_0191,294,0.2612659969,-0.01203986639,0.0001953236598,0.1595360737,0.2780570205,0.5300723475,-0.02782367442,0.00918774926,-0.583706379,0.162031052,2.419891795,-0.7794946434,0.5281376626,-0.3329598222,0.264279041,1.896851831,-0.009606387348,0.01682480306,-0.5483175148,0.2062719173,1.885884456,0.2400602674,-2.0612227,-1.672533551,-1.224763065,-3.696306683,1.27516349,1.09095513,0.0106978609,0.09688232213,0.06496249683,0.1672125198,0.08370330874,0.01332352246,0.05419308154,0.08163629608,9.565589655,-0.02482359742,0.1162682312,0.1091006154,0.06536209989,5.180858582,0
cop_0191,295,0.3041991021,0.06927295592,-0.0008432652136,0.6244904862,1.20763052,0.3100892336,0.1178052492,-0.006931174105,-0.7852591523,0.6443177737,2.354418621,0.03068809185,0.07509847874,-0.46142531,1.213128737,-1.22752743,0.05113593037,-0.004639196149,-0.782657273,0.626074435,2.501852021,0.1994520549,-1.210407522,-1.898308998,-1.395071797,-3.958043552,1.0569789,1.210944482,-0.01847331202,0.1205865955,0.1044256701,0.11970413,0.09791445193,0.01897526168,0.03677754367,0.06679962409,6.919447932,-0.03095900772,0.1807550324,0.1419628548,0.09105262802,2.898281774,0
cop_0191,296,0.2724270178,-0.0243103333,0.0002589232604,0.2051610105,0.2973152477,0.1635119112,-0.5321779798,0.2459471942,-0.6211027711,0.6924501474,2.182277136,-1.010332054,0.6455049652,-0.4916116422,0.7143951299,2.073992997,0.01028795904,0.003232260119,-0.8692499357,0.6918788378,1.778547331,0.3718343112,-1.858800809,-1.600328689,-1.356047134,-3.883327944,1.422121426,1.2247542,0.02671295147,0.101986568,-0.05192193701,0.1614650695,0.09078789066,-0.01291104526,0.04858288412,0.06576024679,8.507139434,-0.06531071025,0.2101597535,0.2131647292,0.09029429422,1.881142835,0
cop_0191,297,0.3060236885,-0.04315024861,8.735156311e-05,0.5368412489,1.033630791,0.1684382913,0.04553826762,0.05987682002,-1.046059267,0.5327547378,3.455355915,-0.6299943644,0.6093744779,-0.9442137382,0.8447987204,2.643272014,-0.02065551679,-0.00344217607,-0.8428251088,0.7404599833,2.128069975,0.2792865962,-1.850165197,-2.104228548,-1.35754476,-3.891894221,1.347469674,1.273902683,0.01503517902,0.1415531798,0.006222547048,0.1615560257,0.1041839917,0.001033326302,0.04071265461,0.0650642495,9.807318727,-0.04153118169,0.232718983,0.1908096917,0.09620663642,1.740759925,1
cop_0191,298,0.2777025242,-0.0211974688,-0.003424135654,0.2512556789,0.5608973643,0.2420471054,-0.09784993138,0.1546071947,-0.8028432223,0.9017336979,1.895478047,-0.5177888093,0.102461351,-0.0227145667,0.8471856117,-0.06373188967,-0.0340356548,-0.02029843633,-0.6890189518,0.9124358007,1.385726604,0.3085586997,-1.15895396,-1.845407738,-1.424408944,-3.806389356,1.145540613,1.262397524,0.04028591539,0.1076815295,0.06992741237,0.1842079959,0.09571465468,0.01327994353,0.05248538918,0.06045682104,5.195444426,-0.04542091214,0.2025881545,0.1711525204,0.08739759488,2.528275867,1
cop_0191,299,0.2876403877,0.01313491828,-0.0009604759213,0.5634296733,0.886044566,0.2197402285,-0.3283344973,0.2355866485,-0.7973384135,0.600879832,2.695958389,-0.5567967154,0.5340761534,-0.8064960204,0.7380947312,1.909955929,0.0372497819,0.03106764892,-0.8131630365,0.9410599265,0.8882313456,0.2367417533,-1.886219405,-2.01222179,-1.370577383,-3.906066319,1.207669477,1.100143386,0.08889426069,0.1051827451,0.06191878624,0.1060447194,0.08631663761,0.01721941392,0.0299792977,0.06650203039,11.97831016,-0.04034243635,0.2042639592,0.1713183149,0.08824762173,2.242245887,1
cop_0191,300,0.2726285044,-0.008287548762,0.002915627882,0.4506686626,0.8671710928,0.5358215343,0.2044839546,-0.1653465645,-0.5300098455,0.09582420435,2.379116226,-0.4077883587,0.3492910642,-0.4607440199,0.02443137879,2.551088883,0.04144456943,-0.001579019345,-0.51205844,0.5347572973,0.8643446402,0.1446930878,-2.202750142,-1.852166037,-1.126178858,-3.688850389,1.156155401,1.199031961,-0.02751839813,0.1412583247,0.07196094218,0.06314775341,0.100837491,0.01339769392,0.02167548117,0.08805467736,6.024834031,-0.02731373901,0.1200629502,0.1103649728,0.06648459669,5.155503845,1
cop_0191,301,0.272887683,-0.008494279804,0.00319635295,0.3344528835,0.5870372676,0.579834761,0.0791111281,0.2370479843,-0.9153581142,-0.3673954409,3.315098982,-0.2179010549,0.3716719844,-0.5624660073,0.1261061796,1.006242243,0.2375394492,-0.01236834552,-0.657913324,0.4886014338,0.09704926403,0.2338246032,-1.733797363,-2.044873127,-1.104196513,-3.735363732,1.200076789,1.173873844,0.06433287187,0.06334618059,0.04130024325,0.1312941094,0.08261152618,0.004183767196,0.03595672148,0.08998794163,9.258483181,-0.01629295003,0.08545409721,0.08789326873,0.05392166264,7.558882225,0
cop_0191,302,0.2745817416,-0.006877333347,0.0003035106366,0.4137401986,0.803044962,0.2745692169,-0.1336198335,0.1290700146,-0.8988674236,-0.03352255681,4.152168108,0.2811663123,0.06483871961,-0.8275172226,0.8963153132,-0.5888116776,0.009981396545,0.03585164532,-0.7955066938,0.538054977,1.585074886,0.04249219263,-1.212804267,-2.141724853,-1.4596693,-3.931762567,0.84516758,0.9331858661,0.06005172024,0.05526525945,0.06221977884,0.1149567713,0.06653908415,0.0130431629,0.02983584348,0.06529603133,7.263494756,-0.05020755607,0.2094518826,0.1900940595,0.08927456365,2.03269435,0
cop_0191,303,0.2645402971,-0.02574117653,-0.0001022221817,0.3372158397,0.5272344466,0.5075169467,-0.2627658996,0.1343745644,-0.6327438631,-0.5407693059,5.20051173,-0.9725990376,0.6184521512,-0.4328921983,-0.7011578145,5.771444698,0.06376147654,0.01533248015,-0.5985359779,0.4370390826,1.254219166,0.2438910864,-1.958707546,-1.758400498,-1.250374787,-3.84787219,1.282032726,1.111909883,-0.0003641848409,0.08808020918,0.003010930216,0.1408836645,0.08606015525,0.001463238599,0.03905479412,0.08061983528,11.6118563,-0.02570540185,0.1192960813,0.1097916,0.06929423335,4.980402061,0
cop_0191,304,0.2611366179,0.004615343065,0.000839165202,0.4903072308,0.7921329197,0.548157326,-0.0719356846,0.1600454827,-0.6131200322,0.05126172061,3.069157239,-0.3041072155,0.2860423748,-0.4070769897,-0.04857737833,2.623209679,-0.006174671774,0.01504804737,-0.5391800145,0.2941261902,2.31819228,0.1626495978,-1.508519022,-1.941061486,-1.315435153,-3.607368142,1.032877227,1.111232274,0.0311892807,0.09793315933,0.1152764616,0.1283784814,0.08516583784,0.02785768759,0.03876382543,0.07078739735,6.049260077,-0.01281205077,0.1197329729,0.08915599123,0.06483381991,5.607928336,0
cop_0191,305,0.2709621001,0.03402085616,0.001456957078,0.4008390767,0.6679092984,0.3763489383,-0.08844531447,0.2486438663,-0.7310711145,0.9691467861,0.6848050439,-0.4181660776,0.5036926636,-0.6561651781,0.4673904337,1.970286111,-0.02645252139,0.01529804464,-0.5831154107,0.7079064166,1.281558577,0.4571162366,-1.557011847,-1.995253289,-1.285898181,-3.687210489,1.454270785,1.431164739,0.09315522253,0.1516319779,0.09567121982,0.2064137495,0.1136728528,0.02779013992,0.0613663648,0.07305400677,7.387785145,-0.0341778147,0.1481686396,0.1322161147,0.07523717648,3.861097493,1
cop_0191,306,0.2673800807,-0.008094191748,0.002365878701,0.3780209588,0.692405317,0.4738805333,0.5840700459,-0.3202810179,-0.9266795293,0.1648154147,2.907383696,0.1925725445,-0.04409864354,-0.9594523931,0.03615165881,3.891926357,0.2003759071,0.00671770823,-0.7026343809,0.7391914255,0.2666198274,0.1779641284,-2.093604343,-1.988714926,-1.301583106,-3.8728074,1.259787981,1.081579647,-0.04308854258,0.1019422735,0.0265165683,0.1342146547,0.0868203161,0.007636334562,0.03447925657,0.07614411861,6.451666073,-0.0251549948,0.1164224574,0.1090850495,0.06860422141,5.246117624,1
cop_0191,307,0.2593347405,-0.01490999877,-0.0003967400876,0.4006079158,0.779672127,0.1472215263,0.05780775274,0.1604551602,-1.105749015,1.125120823,2.149566645,-0.3877716926,0.2137980231,-0.5460517763,0.9509975474,1.408062372,0.1606809784,-0.0266854435,-0.9276177144,1.320828584,0.7505235985,0.3162531358,-1.439828718,-2.161444496,-1.434404439,-3.840042425,1.257467664,1.293319685,0.04393570125,0.1586539487,0.05948650248,0.1707908304,0.1078264543,0.01328600852,0.04351954651,0.06332048048,12.42268668,-0.041977654,0.234510373,0.1842500673,0.1009969361,1.7802037,1
cop_0191,308,0.321708193,0.02098738247,-0.000665586405,0.4961407446,0.8509229873,0.5041089087,-0.3235588189,0.4117261963,-0.8489812178,-0.4988263446,4.718259834,-0.5869918302,0.7292982483,-0.7988684717,-0.3165191654,3.719909404,0.04874158942,0.05526763203,-0.6255983688,0.4139963335,0.9437277763,0.2021279117,-1.817437268,-1.998019534,-1.341122087,-4.011216396,1.135813837,1.055942667,0.1201686639,0.1129981002,0.03226877364,0.1335001443,0.08776620277,0.01082448573,0.03863670797,0.07619416818,7.15721196,-0.01761921697,0.1061250586,0.09797664002,0.06193003984,5.901335275,1
cop_0191,309,0.2732705923,0.006332878087,-0.001896255423,0.5799475446,0.9788559262,0.4143520514,-0.224603595,0.2168641732,-0.8794608419,-0.7236876006,5.364046282,-0.5246971008,0.4796919934,-0.7103424907,-0.6640120972,4.576895909,-0.03144141671,-0.008254717661,-0.5920934005,0.216844212,1.532415754,0.2527720163,-1.706244202,-1.986816633,-1.221160804,-3.852050571,1.177200407,1.14289936,0.07476757854,0.0833222694,0.04392003516,0.1294287912,0.08623767013,0.01496152307,0.03415858387,0.08274595769,6.599853058,-0.03238052492,0.1567819667,0.1495186449,0.07772904076,3.287749219,1
cop_0191,310,0.2784969819,-0.009551510181,-0.0005554559144,0.3082277416,0.4402140737,0.4084461068,-0.1669399653,0.07834521014,-0.5149502867,0.8394243048,0.9944517162,-0.6266293945,0.4230056631,-0.3701445691,0.9353419094,0.6166902492,0.06693130727,-0.008035375313,-0.7133672284,0.4773734565,2.06678938,0.3860245247,-1.885243842,-1.797600187,-1.293738818,-3.628065109,1.460939328,1.308736284,0.03228367643,0.1286631431,-0.005021001279,0.2011676109,0.102534355,-0.004465028399,0.06108524803,0.07150798617,5.503526402,-0.0322318423,0.1461856137,0.1296088603,0.07455408886,4.041939684,1
cop_0191,311,0.2849657988,0.01907310541,-0.001563693094,0.7117644537,1.171437713,0.3462170702,0.285496275,-0.1493826424,-0.8335460366,0.5721509427,2.269242438,-0.2369683101,0.1015234005,-0.6107324574,0.7646898068,1.947078571,0.002622624689,0.02022918572,-0.7135632013,0.5834780319,2.006966413,0.3885164825,-1.754565409,-1.961900297,-1.231239744,-3.746962315,1.5736213,1.380953742,-0.0409095939,0.127231692,-0.08809165506,0.1891322979,0.1093811107,-0.02629992965,0.05022506531,0.07536226259,7.973721664,-0.04062818041,0.1808928782,0.1548406379,0.08281044196,2.848058637,0
cop_0191,312,0.2685495252,-0.01170872113,-0.0004803003966,0.382506269,0.755177993,0.09458836796,-0.3306895306,0.1822037363,-0.9902453132,0.5171454114,4.753975387,-0.05045352006,0.2147405859,-0.9578497042,0.9976270346,1.212733499,-0.02102566172,0.007993093844,-0.9112466105,0.9955088493,1.863783267,0.4014433107,-1.170514044,-2.258675553,-1.478096014,-3.931926733,1.211933677,1.293788524,0.120048308,0.1015838847,0.1021285244,0.1496786431,0.09680303096,0.02835162802,0.03698571925,0.05965393537,7.263946574,-0.04185690948,0.2596700632,0.2002567274,0.1055407681,1.39536612,0
cop_0191,313,0.2771467682,0.03657863008,0.0002500604997,0.5042861658,0.9421009137,0.4447471692,-0.1073958126,0.05932770982,-0.7215477423,-0.5499987759,4.738281626,-0.4690543361,0.5579570155,-0.8159421131,-0.2927736759,3.819402064,-0.01664626591,0.004912871187,-0.5844635615,0.1974462362,1.779130084,0.2434831829,-2.080942395,-2.007686622,-1.242426284,-3.928847093,1.274639218,1.186374004,0.02130607673,0.1296147867,-0.01003517106,0.1558912274,0.09980192304,-0.001838816727,0.04100505865,0.08532993971,9.38020947,-0.01327825001,0.1134203552,0.1025458382,0.0712670605,5.139872445,0
cop_0191,314,0.3163087439,0.04253972602,0.0005293789677,0.72823769,1.197449263,0.1854497878,-0.01996082773,0.09236453238,-0.8608290246,0.6472288013,1.416809952,-0.198566175,0.1671391322,-0.5819892219,0.3786557206,1.188193172,0.01920543843,-0.00936754175,-0.8387990393,0.6471069719,1.437302754,0.2654668691,-1.450497595,-2.080237903,-1.305996509,-3.877834878,1.128943037,1.266724937,-0.01464203947,0.1048664731,0.07125590757,0.147418488,0.09576253678,0.0124747109,0.04234781534,0.06929480859,7.994578866,-0.0498321494,0.2118315214,0.2022284914,0.09037193625,1.883603601,0
cop_0191,315,0.2705528789,0.01163620358,0.0009778136291,0.4206275661,0.7472815199,0.1277775972,-0.2461501599,0.4176219904,-1.100213036,1.206996771,1.987362141,-0.3191410799,0.376708843,-0.8228273649,1.197130437,0.9586379431,0.05603911464,-0.00393092765,-0.8515001868,1.309255257,0.5449686103,0.3358321712,-1.594316835,-2.06959702,-1.4249026,-3.915064404,1.271893027,1.250886939,0.08798011024,0.1371637476,0.04653887967,0.146885043,0.1001001995,0.01298269301,0.04091625843,0.06262447652,6.673327566,-0.04841027385,0.2144871773,0.1847720974,0.09720430279,2.055434899,1
cop_0191,316,0.2767479409,0.01268089772,0.0002337022672,0.6468206395,1.247129991,0.5207193177,-0.4711262069,0.3798716686,-0.6503955504,-0.4535509613,4.583601357,-1.006260548,0.8062834347,-0.5236550727,-0.4830307796,4.610121169,0.03845390197,0.0489594212,-0.6101145893,0.3675362262,1.161996483,0.1336043149,-2.249480839,-1.751024607,-1.397303248,-3.86743618,1.123850498,0.9373052492,0.05895320937,0.03492524532,-0.009176744428,0.1182309419,0.05928099816,4.645456426e-05,0.03451886646,0.07052362184,6.284862856,-0.02870949432,0.1064544299,0.1049419338,0.05987701933,5.91337604,1
cop_0191,317,0.2550587322,-0.0009545845687,0.001785659244,0.7750686471,1.481122908,0.3408828924,0.4156869511,-0.3105456851,-0.7949354072,0.6160736468,1.570135302,0.03691995265,-0.1262957491,-0.6707955234,1.280203577,0.0733426718,0.08572100752,-0.07081857745,-0.7239987927,0.3824435094,2.076278475,0.2667600589,-1.462796727,-2.025493344,-1.297879811,-3.805113763,1.473593594,1.177330241,-0.09922989445,0.1007365022,-0.0814711577,0.1620587422,0.08942750851,-0.02255906627,0.04656039315,0.07455938763,5.842916668,-0.02685033678,0.1796772617,0.1532644354,0.08814666177,2.762152468,0
cop_0191,318,0.297837862,0.0006316903303,0.001103356804,0.4131783092,0.6649125722,0.339527894,-0.2390764132,0.2208039848,-0.784062774,0.3036023434,3.54377759,-0.8165333882,0.4603652795,-0.3042388418,0.4594922461,2.389102135,-0.02270249038,0.02437326536,-0.6922016166,0.5603726217,2.06896192,0.2184818174,-1.675140702,-2.103440825,-1.399396342,-3.921686691,1.214327671,1.126082206,0.03236067522,0.08682913061,-0.008750590769,0.1690513092,0.08379899435,-0.007049414027,0.04645844146,0.06566243332,7.013153858,-0.04970630638,0.1762061554,0.1592216953,0.0808430256,2.931182397,0
cop_0191,319,0.2917259807,0.03443548098,-0.0008322078295,0.5402387499,1.146102074,0.3764971944,-0.1325267048,0.04503480912,-0.6476676092,0.007644652918,3.219780082,-0.7436464443,0.3591420808,-0.2006993377,0.1960827571,1.877563851,-0.1265332186,0.06025854778,-0.5945527136,0.4086733563,1.652292432,0.2169814006,-1.763798561,-2.131561515,-1.210882551,-3.829175071,1.202167637,1.196741739,-0.02474233146,0.1032978948,0.02160524667,0.1229679419,0.0940351626,-0.001857864125,0.03121307394,0.07978057287,6.959394829,-0.03524658357,0.19682457,0.1656401568,0.08678323999,2.403961798,0
cop_0191,320,0.2877676471,-0.02681871001,-0.001598545957,0.4725440492,0.8552637358,0.4841865433,0.004023189723,0.01730009422,-0.5237244485,0.8175054526,0.5649146168,-0.4390672244,0.5856074946,-0.7296105823,0.594325343,1.326710081,0.05294242755,-0.03249591295,-0.5993508182,0.3526487048,1.97464854,0.1589704982,-1.911625395,-1.936124611,-1.382710638,-3.899200761,1.128693212,1.050789837,0.08130752653,0.07194457085,0.132275945,0.1357347935,0.07425233951,0.03978660719,0.04402073366,0.06586758556,6.317397599,-0.04922922037,0.1243815266,0.1370278251,0.06676440092,4.597883577,0
cop_0191,321,0.283917688,0.05053218728,-0.003417739702,0.5284261174,0.9555491177,0.5251349319,-0.04684061852,0.1562329796,-0.7322973701,-0.02938705683,3.050736021,-0.7585896255,0.7321888582,-0.5855185834,0.09151705249,2.635257998,0.07650377412,0.04615467847,-0.5994181738,0.5981821627,0.4899063566,0.1920790118,-2.295205021,-1.995714657,-1.189863979,-3.760663267,1.214823317,1.137407013,0.003126120335,0.1111514679,0.002073088922,0.1235837886,0.09030943804,-0.003451561628,0.03067504346,0.08536290702,6.466552953,-0.01699948198,0.134165994,0.1102142259,0.06986581682,4.576703861,1
cop_0191,322,0.2594442133,0.02092121358,0.0004270077081,0.5916069884,0.9604935559,0.2390120373,-0.6142865699,0.4686408685,-0.858099612,-0.186317348,5.684991383,-0.5556069395,0.570387587,-0.9224942092,0.0328656959,4.525900039,-0.04424615398,-0.04661140789,-0.6725316053,0.5800432828,2.020917401,0.3003764254,-1.681154772,-2.087289633,-1.35119519,-3.875476056,1.236216888,1.143157807,0.1343880101,0.1119947834,0.05749195649,0.1082667944,0.08759886197,0.01897752233,0.02673813122,0.06698946017,7.01434636,-0.03866281936,0.1935576161,0.1651102222,0.08327157767,2.594966903,1
cop_0191,323,0.2790089283,0.004070087885,-0.0003097234518,0.4726097287,0.8027591383,0.272379594,0.05148404831,0.127359202,-1.011312228,0.3646746795,2.941591387,-0.3358627471,0.4449977362,-0.7796866967,0.4485478414,1.618524065,0.002797201101,0.00454135801,-0.7647264041,0.540601156,1.843355269,0.2256522788,-1.524375318,-2.203153341,-1.360188775,-3.929537043,1.147910864,1.170189984,0.05436631688,0.1239701696,0.07252327101,0.1548680963,0.09637044764,0.01759900527,0.0402573015,0.06690415573,7.444905838,-0.04444258909,0.203735256,0.1786819862,0.08510618261,2.27192582,0
cop_0191,324,0.2961910948,0.06151763847,1.827758063e-05,0.3206269216,0.560300707,0.147940998,0.07336900016,0.1943618922,-1.248017817,0.6644182379,3.306729595,-0.1896945361,0.4424679989,-1.117132058,0.6590420662,2.811064362,-0.002038314243,0.01416126005,-0.8934891458,0.7892155494,2.14309586,0.3418076413,-1.782938387,-2.059830195,-1.352325532,-4.010259579,1.312202115,1.302402435,0.02423789435,0.1301550355,0.01833346851,0.1525202789,0.1031522529,0.003442521712,0.04030132136,0.06753913883,7.691611673,-0.04754048653,0.2217867966,0.1943770837,0.09919229075,1.82188077,0
cop_0191,325,0.2808061072,0.03542134189,-0.001169053414,0.7209178606,1.451580575,0.388366522,-0.3686207299,0.3980319494,-0.8164673337,-0.08510607041,4.554054874,-0.9621810394,0.8461330906,-0.5556719345,0.101385212,3.351358194,-0.03979788847,0.01993873302,-0.6263128616,0.4859132962,1.992011557,0.1233645782,-1.914214468,-2.119323386,-1.324542146,-3.870516011,1.097302156,1.067111254,0.03813390046,0.08008900247,0.02490536902,0.1404615363,0.08007602017,0.004414859431,0.03698498582,0.07326990939,7.44811406,-0.03637955373,0.1658411618,0.1421915271,0.08199725421,3.243699303,0
cop_0191,326,0.2845950894,0.00521838378,-0.0003556522415,0.2512879107,0.5206716299,0.2966170103,-0.3851207204,0.2464100434,-0.8640156291,-0.5861545057,6.180951981,-0.4462182685,0.544254665,-0.8699309925,0.1646936686,2.885035441,-0.0431845653,-0.0143685203,-0.6648495572,0.4281123343,1.775811472,0.2744326338,-1.579701039,-2.196296996,-1.415899998,-3.913459302,1.18834864,1.143133697,0.117042622,0.08127600567,0.06151924391,0.1310991319,0.08373954212,0.01673477916,0.03359457533,0.06556564389,9.066074303,-0.04272198446,0.1909688894,0.1762969578,0.08745512908,2.43162963,0
cop_0191,327,0.2972508166,0.005160470331,0.0005469154702,0.6219922556,1.258914224,0.169459342,-0.3403016083,0.3182671411,-0.9574945244,0.4436872872,4.273403994,-0.253613861,0.4292320036,-0.9705547011,0.6043452285,2.824822629,-0.04571772432,0.02471451573,-0.819313628,0.8515292027,2.041593638,0.4062178799,-1.475368595,-1.881149967,-1.425683939,-3.847334404,1.325002677,1.336725193,0.08591031622,0.1087502454,0.05687919935,0.2067451993,0.1011413166,0.01423452997,0.0548318994,0.06342798606,9.653265998,-0.04979165404,0.2308480765,0.1918213927,0.09792316866,1.774834142,0
cop_0191,328,0.2852985226,-0.03263732712,6.475323574e-05,0.2131139815,0.5366926825,0.315154125,-0.138828909,-0.002486306723,-0.6761609484,0.2683876275,2.879663038,-0.6319063991,0.3103091662,-0.5428859014,0.5606454758,2.270787152,0.00708997184,-0.005573001067,-0.7136177227,0.446468801,1.732539195,0.2934603798,-1.771651442,-1.824534184,-1.324247992,-3.917312509,1.390764159,1.179639062,-0.007294692058,0.09825033466,0.01409992682,0.1532883314,0.09203891225,0.005040722729,0.04431735161,0.07222549931,8.154659415,-0.04320029081,0.1804658394,0.1684345322,0.08515412647,2.614034895,0
cop_0191,329,0.2551387106,-0.01727614956,-0.0002873275415,0.714144193,1.222138065,0.4127028732,-0.2803387302,0.06995968512,-0.6793497185,-0.8304671033,5.416427509,-0.415050087,0.332972004,-0.5855292876,-0.2746220639,2.898652144,-0.008310800512,-0.005085353475,-0.6139750466,0.1968141922,1.342843112,0.2410885643,-1.64636254,-1.995290514,-1.247974928,-3.876321075,1.153587815,1.124074052,0.08250288824,0.09119949293,0.04432723838,0.09813866317,0.08681874649,0.0105505311,0.02436361229,0.08059197588,9.773701968,-0.004940598948,0.1670197325,0.1378985651,0.08663698614,2.985223842,0
cop_0191,330,0.30870591,-0.0425340605,-0.0004733824766,0.5892400043,1.118710811,0.4874670844,0.0218597684,0.007291999332,-0.5136155314,0.3789634545,1.649031285,-0.07456741661,0.05128898394,-0.7480483673,0.3959089646,3.270594545,0.03298224183,0.04915408104,-0.5786245823,0.6566338254,0.8985021384,0.1651363814,-1.019533347,-1.841735956,-1.327637525,-3.513420125,1.388705183,1.114393251,0.02642104605,0.08524684947,-0.06569352849,0.1296266157,0.08094893415,-0.01225354655,0.03935777182,0.07110465974,4.825186057,-0.008176237551,0.1201472666,0.08686327496,0.06473474171,5.881095883,1
cop_0191,331,0.2708963349,0.05454605939,0.001397722022,0.8446263849,1.29202567,0.2020384117,-0.4117896015,0.3960999974,-0.9700458528,0.2905261002,1.61101345,-0.5920128748,0.7093552987,-1.035231255,0.4017525835,1.136006248,0.0313091322,0.006600474412,-0.8694600591,0.3427380615,0.9499927348,0.2669601314,-1.989094397,-1.892300347,-1.249050875,-3.89858136,1.23905491,1.102865719,0.1264785325,0.09576747944,0.02380439218,0.1072977074,0.08343438454,0.009734248326,0.03284219268,0.07565136253,6.767556228,-0.0368951458,0.2066170093,0.2101735081,0.09342886221,1.792712397,0
cop_0191,332,0.2802964651,0.02651479373,-0.003661962648,0.6035282583,1.235248414,0.4471380888,-0.056515865,0.005622907288,-0.5235568427,0.5359827745,1.662068377,-0.5009923346,0.4936346189,-0.6605640317,0.7777581703,1.491030602,0.09457629883,0.02307534709,-0.6437470229,0.7677353065,0.607019711,0.1815141777,-1.868908206,-1.781021871,-1.312354958,-3.78445397,1.249966859,1.072074812,-0.02014478384,0.06716656445,-0.008023596103,0.1561245101,0.07408985099,-0.004447425449,0.04596371676,0.07734837671,5.325122658,-0.02656474511,0.1048133687,0.09866376835,0.06435143666,5.993904361,1
cop_0191,333,0.2691094134,0.01613936166,-0.00603254936,0.2954824024,0.6075626499,0.4565424079,-0.11552569,0.4713099295,-1.062856493,0.2954934099,1.357088154,-0.3071835174,0.7856626478,-1.125496072,0.4223374745,0.8410907125,0.1546977888,0.1744062507,-0.8537557719,0.7820665059,-0.9057568745,0.1638786326,-1.857100992,-2.1553224,-1.295853738,-3.783199661,1.113058821,1.045146397,0.09108599442,0.08132549458,0.03845953786,0.1245966707,0.07695443884,0.01247708986,0.03389805301,0.07878103203,6.427826158,-0.01427897815,0.1564736453,0.1391292295,0.0807139447,3.421227576,1
cop_0191,334,0.2445192512,-0.04327017464,-0.000269817581,0.4699137287,0.79787286,0.2548408208,-0.3310145463,0.2426536167,-0.7781666241,0.2072952967,3.772717393,-0.5489897714,0.4149868997,-0.5812380985,0.285241086,2.606854971,0.001183055518,-0.006095334567,-0.7658670815,0.5890195256,1.99880544,0.2890998331,-1.682065623,-2.008282109,-1.432794685,-4.038757596,1.21344189,1.197763501,0.07003174657,0.1208464557,0.05472413608,0.1607146547,0.0966861153,0.01429340772,0.04343704317,0.06464450712,8.69451538,-0.02850819415,0.199590503,0.1636636316,0.09510746174,2.309718514,0
cop_0191,335,0.2994545994,0.01497996593,-0.0009361647535,0.503313946,0.8679637039,0.5356214979,-0.06075899676,0.2039029772,-0.6519856396,0.3121755785,2.384195542,-0.5738417891,0.386756001,-0.1976457925,0.2209534986,1.919914216,-0.01985867798,0.002375437108,-0.4716024755,0.4299488679,1.701147284,0.1695365935,-1.753720589,-1.957941774,-1.418962317,-3.532042319,1.10794448,1.100802808,0.04388119163,0.07957892673,0.01228356945,0.1706308072,0.07748286828,0.00141131081,0.04895550835,0.06397352976,6.878455358,-0.003696882201,0.131410971,0.08645334233,0.06691502418,5.10513346,1
cop_0191,336,0.2521562591,-0.07219804185,-4.583968044e-06,0.5665479274,0.9703387908,0.005820134751,0.1531005576,-0.1608424616,-1.122892333,1.154311017,1.678534463,0.07857931778,-0.1980719821,-1.007197538,1.781896322,-0.2591633079,-0.003677190931,-0.0005488453889,-1.016220043,0.9587605278,1.511784816,0.3435361202,-1.376142821,-1.924504997,-1.389817997,-3.931741808,1.54165891,1.249785068,-0.07797174998,0.1332232379,-0.08262132499,0.1061323008,0.0996560148,-0.02317040133,0.02731989163,0.05747859376,7.421676691,-0.04007972498,0.2680059266,0.2323114425,0.1107868934,1.082784336,0
cop_0191,337,0.2788341973,0.02017467765,-0.0008068992635,0.5581308958,0.9782749638,0.1219448958,-0.09346884371,0.04098920401,-0.8564429778,1.129374909,1.609375629,-0.3594618245,0.3233929068,-0.8282518267,1.112684226,1.140651371,0.0260689618,0.008923006897,-0.9376421796,0.9452279737,1.853370837,0.2597826017,-1.599037961,-1.873568637,-1.396088193,-3.920862278,1.219643488,1.210609546,0.05015017269,0.1336860017,0.1080854259,0.097902652,0.09718413601,0.02627720787,0.03186196476,0.06114018534,6.98594894,-0.05721396205,0.2429299902,0.2106866956,0.09647167273,1.555523241,0
cop_0191,338,0.2950850556,-0.0495572165,0.001333641859,0.6054669487,0.9616558523,0.4499662642,0.1945264317,0.1455182043,-0.9254970828,-0.003597787265,2.250684256,-0.1921348363,0.05495976529,-0.3460912174,-0.1966213139,2.093613987,0.1590999667,0.01100823719,-0.6961308501,0.5066520767,0.3633704656,0.2821904768,-1.227432797,-2.005859688,-1.196388874,-3.615141923,1.100278485,1.266252633,0.04149437762,0.06946422139,0.1341942162,0.1467826445,0.08783895862,0.03456772542,0.0360775682,0.08504272085,10.44710886,-0.01635495186,0.1323342977,0.1175770446,0.07131115416,4.330579614,1
cop_0191,339,0.2600689029,0.001117220087,0.00139784744,0.5126617829,0.9813426819,0.2117384238,0.1146763771,0.110674923,-0.9659802382,1.017221518,1.764874497,-0.6314080228,0.08330090145,0.05325884311,0.8226021013,0.3557259575,0.02800932145,-0.01149274941,-0.7761676992,0.9972279563,1.487998884,0.2513971766,-1.224320077,-2.036846215,-1.453405994,-3.81164214,1.095156718,1.237822148,0.01362201335,0.1168031227,0.07344992164,0.1995459153,0.09553985101,0.0136408445,0.05398016813,0.06117631791,8.26253994,-0.04586347094,0.1941380568,0.1640606763,0.08820633287,2.519765428,1
cop_0191,340,0.2894743361,0.0553922153,-0.001480163591,0.640122698,1.060674996,0.5254226194,-0.1055873748,0.2852390645,-0.8518759805,-0.1769165514,3.462777586,-0.6417656299,0.6755308777,-0.5897439883,0.07877414024,2.347514289,-0.05016459359,0.1092043563,-0.6073375748,0.1829019215,1.787290907,0.2341548234,-2.040790726,-1.852233463,-1.34515063,-3.854590999,1.245537745,1.141762394,0.01469074693,0.09664390892,-0.06361479795,0.1332844214,0.08799654082,-0.02289812666,0.04094657335,0.07225710991,8.923636511,-0.0229326251,0.1112938257,0.1063826429,0.06410300114,5.437806858,0
cop_0191,341,0.3218880879,0.006381716447,-0.002397049518,0.4901210428,1.372850998,0.9157563201,0.1853701078,-0.2653233816,-0.2057996317,-0.09735175591,3.13176932,-0.331635442,0.1598086401,-0.1278895585,-0.2920198139,3.575331016,-0.2267496987,0.01053505167,-0.12584071,0.1396971334,3.093959807,0.01396643774,-2.001721821,-1.865556681,-1.683115007,-3.340982397,0.9687100786,1.066105718,-0.117815118,0.02049115945,0.07508646354,0.05353382066,0.06444327391,0.01183054001,0.01680916279,0.02721822654,5.147334784,0.1556553278,0.1226049817,-0.1117297011,0.01945938735,16.22250587,0
cop_0191,342,0.270406932,-0.01458613506,0.0008654819804,0.606876665,1.178147052,0.2875766297,-0.3822070875,0.3097394224,-0.9090243649,-0.07734475577,4.818013127,-0.2231504693,0.5356371422,-1.113491477,0.5407589992,1.794979538,-0.004229378841,-0.01724926045,-0.7199243144,0.5047619961,1.794365895,0.265512628,-1.32259863,-2.17024195,-1.371063271,-3.891095893,1.060665097,1.008753492,0.1850322171,0.06887100427,0.1074545651,0.0521295917,0.07316960727,0.03431604097,0.0140302055,0.06741276127,8.488227344,-0.03411702567,0.1994980772,0.1677642702,0.08984309076,2.30022908,0
cop_0191,343,0.2770236151,0.01553259626,-0.0003243291427,0.2857367808,0.6381839162,0.2601016424,-0.3190078639,0.1167605625,-0.8045703682,-0.1973338287,5.688981014,-0.3321995761,0.2752585628,-0.8709517048,-0.2148608423,5.189449707,-0.01560211235,-0.006422822337,-0.7428192263,0.6147406079,1.947002743,0.302035566,-1.595042195,-2.015973849,-1.357076959,-4.000466263,1.232977635,1.20108382,0.05344174081,0.1336734129,0.05475574104,0.09513199245,0.100907156,0.01392605635,0.02526395423,0.06903464242,7.423300582,-0.02257474802,0.2081140268,0.1620114824,0.09768359766,2.238336218,1
cop_0191,344,0.2707108472,0.031691619,0.0006388867435,0.2627131061,0.3546399708,0.3504168204,-0.04349952587,0.05769788434,-0.7050550024,0.4962824283,2.852256546,-0.4101631558,0.5407531715,-0.7910451666,0.3309369932,3.137753377,-0.01133065097,-0.02106846435,-0.653169199,0.576708603,2.37157371,0.2310683397,-1.946738003,-2.174293569,-1.331518552,-3.724320566,1.202206864,1.208873166,0.04826318557,0.1052467021,0.05205902342,0.1792201909,0.09062622066,0.01604706481,0.04846332562,0.07035857374,7.699435972,-0.04373674414,0.1816727123,0.1481531557,0.07917319586,2.935914378,0
cop_0191,345,0.320939771,-0.0221624605,-0.002031600161,0.5735731821,1.05085975,0.4789892111,-0.05300706619,0.1230532162,-0.8189382036,-0.3348766657,4.240593875,-0.6725392704,0.5193138843,-0.6153806397,-0.5134537352,4.718904571,0.09900783089,0.02198387904,-0.6579354464,0.4607855867,0.9609268853,0.1753742551,-1.910385759,-1.953849194,-1.272710389,-3.89361339,1.182619075,1.067021114,0.02234489878,0.08073620718,0.02550662061,0.1019110968,0.08122872364,0.004681455501,0.02722872461,0.07771274905,9.880458996,-0.0310748556,0.130798922,0.1239663098,0.06796489226,4.467290362,1
cop_0191,346,0.2721340441,0.01459705535,3.454913498e-05,0.6698282971,1.347303668,0.1245830804,0.01542660184,-0.1649763032,-0.7833774856,1.194429134,2.849515892,-0.06764440836,0.03273717478,-1.022320461,1.746353272,2.259425231,-0.009677833425,-0.003498326169,-0.8835528547,1.20744733,2.238131357,0.3160664224,-1.668030578,-2.069525171,-1.514335231,-3.900413494,1.477239457,1.293449756,-0.03064735368,0.1360018774,-0.03044471752,0.1531412338,0.104646001,-0.005703963861,0.03893584624,0.05439551341,7.837762709,-0.05502081096,0.2667123002,0.1990482581,0.09993927568,1.463414079,0
cop_0191,347,0.2959668698,-0.006176259561,-0.001137971055,0.5419564987,1.05633209,0.6347985504,-0.3429284969,0.2075968159,-0.52648622,-0.7307994516,4.363082907,-0.7719720579,0.6236238438,-0.4067238094,-0.5680262009,3.522459297,-0.01473081732,-0.01182571053,-0.4284192541,0.0828713596,1.274374737,0.1635884175,-1.80931471,-2.05212317,-1.264383608,-3.92158732,1.093938533,1.007837293,0.1178472424,0.06981145409,0.05513090857,0.1171170998,0.07675018147,0.01769512585,0.03437990387,0.08159597144,7.263575681,-0.01647192964,0.1043259079,0.09881081272,0.06332160106,5.819361422,0
cop_0191,348,0.2683698672,-0.02020380281,-0.0002529076225,0.4734843509,0.9743065829,0.154279874,-0.1564060136,0.3690437988,-1.236684872,0.4684908505,3.132287567,-0.1494636871,0.3507930382,-1.053535431,0.5844830505,2.016938951,-0.01646323198,0.004805888223,-0.8574441552,0.6568663342,1.679197006,0.3580710805,-1.640125267,-2.235831459,-1.326061568,-3.875920468,1.293395834,1.289298677,0.1021658353,0.1489789487,0.05068892955,0.1404027208,0.1075807764,0.0129637272,0.03538656596,0.07090307148,8.205773022,-0.03530855213,0.2305603946,0.1996345115,0.1039130909,1.594294631,0
cop_0191,349,0.25061125,0.01559592884,-0.001987159904,0.5758671642,1.165944435,0.3637059455,-0.08826234289,0.2816723505,-0.8921339041,0.635854268,1.019044502,-0.5056360821,0.2065255264,-0.3128947763,0.4277803007,1.345905115,-0.02754434401,-0.003500392692,-0.6506353495,0.4080161584,1.576369864,0.3507422553,-1.173938043,-2.205219466,-1.136921103,-3.684666945,1.297338558,1.280367447,0.1000953281,0.1544999049,0.05732645941,0.1644056282,0.1083908716,0.01832039926,0.04745443118,0.084194575,8.975044318,-0.04845832555,0.1962804549,0.1869575925,0.08703494986,2.289614035,0
cop_0191,350,0.283892957,-0.01468674262,0.003949039486,0.409029112,0.811974523,0.5015896955,-0.08807272788,0.2447121329,-0.7590320377,0.2850896545,2.441716488,-0.6879139699,0.8077488434,-0.7126594492,0.4034829338,1.986252652,0.131737897,0.03653500762,-0.6761727429,0.6653093407,0.7937404142,0.2332576625,-2.110973329,-2.005277393,-1.201288149,-3.745924102,1.257606411,1.159294251,0.03839434373,0.08512282555,0.03893559348,0.1388220605,0.0849184693,0.007773340872,0.03703310055,0.08427798298,6.52498328,-0.03170437239,0.1218322463,0.1101715475,0.06411745731,5.098295468,1
cop_0191,351,0.2859517856,0.006055352577,-0.0004484758776,0.3911847745,0.7102307702,0.4160766574,-0.2393158873,0.2886243158,-0.9255512686,-0.8338981778,5.707607266,-0.3583075237,0.370348468,-0.6921970011,-0.4109964488,3.696095616,0.06498610317,0.03083877704,-0.687963905,0.4127228418,0.8629067576,0.2182030242,-1.678402862,-2.111379815,-1.300749193,-3.981619793,1.117889471,1.088382447,0.09875783774,0.07716657301,0.02887313566,0.1230718661,0.08199863181,0.007950212818,0.03172503311,0.07692799667,10.81441596,-0.01501110096,0.134463066,0.1207919076,0.07348878206,4.203162152,1
cop_0191,352,0.2692550131,0.02635140968,-0.0005843085359,0.1511926101,0.3167516516,0.2961863353,-0.1005440287,0.1685205547,-0.826226467,0.3498566018,3.756393715,-0.7463954775,0.4845196834,-0.3826438432,0.2815072916,3.052529439,-0.04051431841,0.005996243628,-0.7184112096,0.603134013,2.663147462,0.2782251527,-1.726732314,-2.022061552,-1.383855532,-3.839348364,1.226800761,1.312286788,0.01030506183,0.1353247298,0.08829383342,0.1754146728,0.1062137661,0.01791515059,0.04842484084,0.0684016981,5.698821918,-0.04038468412,0.1776000228,0.1489405116,0.0876805946,3.05095955,0
cop_0191,353,0.266907756,0.03402856193,0.0002036545449,0.8040039268,1.641990075,0.2901224236,-0.07286925989,0.3092536827,-1.030483686,0.6525714291,3.303151392,-0.3535110965,0.1909449627,-0.4139577606,0.6625309658,1.750786341,-0.0430736418,0.01204070096,-0.7106938877,0.6617722978,2.516730537,0.2320551459,-1.373536686,-2.135419955,-1.428860938,-3.857624806,1.095125641,1.157103686,0.08542248528,0.1089163461,0.03125351419,0.1545983411,0.0908334293,0.007985933325,0.04378834791,0.06052748041,6.436637749,-0.04914983691,0.1881499832,0.1606444387,0.08446619639,2.741643862,0
cop_0191,354,0.2712801392,0.02948916994,0.0004653450541,0.4486719469,0.8189284795,0.3730264709,0.1456406894,-0.1501019271,-0.6094258375,0.6195301152,1.87980792,-0.1211811859,0.3879483048,-0.9740678237,0.746444323,1.936739063,0.01283364257,0.01839229213,-0.6487688501,0.7666721345,1.313242021,0.2651597754,-2.05021705,-1.925544984,-1.181658144,-3.747018912,1.347745258,1.267895426,0.02703829899,0.1567336101,0.02562502097,0.0975287188,0.1100598711,0.009493995009,0.02944141511,0.07946741143,6.570799955,-0.03805006471,0.1818570182,0.1475043826,0.0816543222,2.945403075,1
cop_0191,355,0.2388822853,-0.03099450657,0.00180461754,0.5050950547,0.9008140338,0.6219730233,-0.2595806764,0.2707499795,-0.3567393449,0.7507148713,0.6968153428,-0.983728844,0.6909236864,0.04416591874,0.7563002901,0.1889544555,0.01890860055,0.0557574468,-0.5319342962,0.4338623571,1.879780479,0.1938267205,-1.932684474,-1.838246768,-1.593964009,-3.672718222,1.170698749,1.11154985,0.004502582649,0.06474515106,-0.0658680512,0.2426875097,0.07723844051,-0.02347074865,0.07459896608,0.05465532279,6.275105801,-0.0281753918,0.1258240987,0.1054627873,0.06779004426,4.981956281,0
cop_0191,356,0.2903928592,0.002384609075,0.0006828623829,0.4232887312,0.7947989033,0.66967733,0.135863024,0.05636560435,-0.6280142803,0.141287663,2.14992293,-0.203848594,0.5452967251,-0.7444075488,0.09445317557,2.075353537,0.03901764358,0.001689342486,-0.4979603844,0.13002595,2.142592168,0.2201217524,-1.704848013,-2.003094959,-1.366461487,-3.404797249,1.154709689,1.162815429,0.04946816595,0.06372304579,0.08486266716,0.1128523495,0.08006446894,0.0234333108,0.03532770077,0.07025898069,5.960619013,0.003121283688,0.09796522363,0.05674935321,0.05290052105,7.400062986,0
cop_0191,357,0.2706505904,-0.03267929759,0.001415477801,0.2511121573,0.6319533489,0.3583289879,-0.09377886397,0.08764152739,-0.6385898437,0.7210387059,1.511907831,-0.9528048163,0.5720866918,-0.1898400128,0.7573695922,0.9133949311,0.02423215039,0.03477108105,-0.7376589074,0.5650872781,1.870364521,0.2844754592,-1.74833395,-1.766145512,-1.274009568,-3.772989504,1.344741337,1.21509489,-0.06497240612,0.1076596332,-0.04982143901,0.1755354018,0.09177843332,-0.01930377715,0.05254060094,0.06955572833,8.030566159,-0.04925957429,0.1732519038,0.1669518721,0.08046648271,2.935777445,0
cop_0191,358,0.3008968535,0.04652744303,0.0001118188699,0.6622884295,1.16680883,0.4059335035,-0.05577009125,0.2849547423,-1.063581706,-0.4479712325,4.627053562,-0.213661003,0.4128378724,-0.872598465,-0.07788206,2.805828525,0.1466068322,0.04901201081,-0.7961386796,0.5145632533,0.7051716923,0.2914045377,-1.626820139,-2.140914853,-1.1291613,-3.875085757,1.243730898,1.208964334,0.09695315864,0.06974935923,0.05297986688,0.1091193616,0.08380171667,0.01157059495,0.02472859095,0.09219800521,8.380464033,-0.01405568167,0.1423971842,0.1251975417,0.07872039894,3.896731763,1
cop_0191,359,0.3010362588,0.02609176271,-0.001055704886,0.5858849803,0.991279794,0.5118643778,-0.4922966123,0.1348935575,-0.3382166194,-0.4703339299,4.824114757,-1.122585888,0.6206977706,-0.2202629758,-0.5105326132,4.988957466,-0.06125553263,0.004886112716,-0.4826051916,0.2681196754,1.996955117,0.2785873509,-2.249875698,-1.889879515,-1.340839464,-3.827338639,1.326377405,1.143931768,0.03954043161,0.07676696557,0.07783918793,0.1107357937,0.08544174959,0.0237194182,0.02904597057,0.07641961112,6.399580105,-0.02812012262,0.1343422145,0.1125289604,0.07285978797,4.489436763,1
cop_0191,360,0.2493437821,-0.02191909596,0.0003781655449,0.5301154107,0.9893352594,0.1925244661,-0.06127106296,-0.1013466755,-0.7349092756,0.7024523776,2.42284377,-0.7557705961,0.2149829358,-0.4184955318,0.9550113001,1.915746188,-0.004983034872,-0.01112858554,-0.8264582789,0.6747854631,1.977372099,0.2337952133,-1.713715547,-1.770333236,-1.440445732,-3.972050939,1.359386806,1.112522508,-0.0189740617,0.09527480885,-0.02585425838,0.1496567454,0.08462977177,-0.005260243916,0.04344332475,0.05986032876,6.734952821,-0.05468739666,0.2182613881,0.2044156306,0.09576420521,1.82427534,0
cop_0191,361,0.3143137246,0.01398216838,-0.001581794203,0.6538754837,1.267825663,0.5263681875,0.0171061281,0.02089215948,-0.4608103665,0.4072968247,1.217474615,-0.5811634833,0.4239443416,-0.1996915659,0.3350171253,1.028144469,-0.0004048559579,-0.05395642991,-0.4015546854,0.5638882071,0.799966437,0.1514789985,-1.839498187,-2.15680182,-1.320611949,-3.72100814,1.099620106,1.14044917,0.01536498626,0.1135187746,0.03397771537,0.1673472717,0.09040623373,0.007162081582,0.04717960068,0.07436015671,5.768661203,-0.01782754633,0.1053967203,0.09129245376,0.0624203377,6.240811451,1
cop_0191,362,0.268802606,-0.06197047921,0.002836073774,0.2865933216,0.4676194542,0.5646922468,-0.02455825516,0.2445457251,-0.7729625947,0.277990124,2.689636174,-0.247806123,0.4815942324,-0.6490333299,0.1458502892,2.345989248,0.08320935573,-0.001345364014,-0.5353101375,0.5678721883,1.140732502,0.2709614939,-1.416822795,-2.03874047,-1.362873829,-3.642340736,1.156165092,1.142441748,0.1284519391,0.07005848273,0.03982959445,0.2165808395,0.07870695266,0.01219246211,0.0576306081,0.07136496547,6.840225416,-0.0198537587,0.1068219949,0.08618550739,0.06004030772,6.341495471,1
cop_0191,363,0.2439501502,-0.009079253949,0.0006401126471,0.2825520869,0.3686006892,0.2119926889,-0.1814700426,0.3844030412,-1.109585868,0.745015115,2.885232766,-0.2438667658,0.4222954434,-0.9443912807,0.8875868874,1.613308216,0.002950241924,-0.002367432937,-0.8224949619,0.7115790296,2.137874066,0.3931692985,-1.435983717,-2.001652029,-1.383149766,-3.800999139,1.349765799,1.328510743,0.1102838988,0.1503560756,0.06441238682,0.195082023,0.1122914301,0.01824037591,0.05173889015,0.06397050184,8.722935115,-0.0478808566,0.2128854287,0.1861802498,0.09369827423,2.029722756,0
cop_0191,364,0.2786825672,-0.04034578939,-0.0004960801092,0.8107544722,1.63650328,0.3152690317,-0.1870648638,0.1246451907,-0.7029284965,0.4232426564,3.704799503,-0.6723327771,0.5650780328,-0.6139188057,0.2593688362,3.740655324,0.02374262881,-0.003857044244,-0.7361969606,0.6831343185,2.409857317,0.2601617582,-1.950078803,-1.923739657,-1.367807319,-3.817577035,1.236332011,1.189065176,0.04340878977,0.08949337628,0.0674125765,0.1496710568,0.08815440306,0.01748546884,0.04126024068,0.06404301136,7.475718348,-0.06557468091,0.1865560211,0.1705804551,0.07930559052,2.751617099,0
cop_0191,365,0.2830898347,0.04398272124,0.000186314719,0.1932240669,0.3274277855,0.3652538825,-0.3525017654,0.06784966776,-0.6302556778,-0.4589497965,6.98649714,-0.5239068653,0.3653606916,-0.6492026872,-0.09724360673,5.362486262,-0.01765085989,-0.01800720975,-0.624167671,0.5399341408,2.56642887,0.305164746,-1.845677751,-1.937981098,-1.475835152,-4.001331385,1.271671645,1.175632136,0.1074910189,0.1084679474,0.09253351794,0.1421202732,0.09452584341,0.0257804948,0.03984514846,0.06415584017,7.727723844,-0.04368020175,0.1557509856,0.1321358646,0.07781947317,3.67154383,0
cop_0191,366,0.2673356074,-0.03294114075,-0.001750406946,0.7200097467,1.538781775,0.418299244,-0.2146979552,0.03479340502,-0.5842765627,0.04636943093,4.435967816,-0.8330267281,0.3482177539,-0.4716273515,-0.4040933421,6.577326277,-0.0414362529,0.08526557068,-0.6207487128,0.7186119667,1.31726389,0.3942881624,-1.707409949,-1.667964078,-1.173169656,-3.669826822,1.56433407,1.284149489,-0.02398248598,0.064327686,0.02607789094,0.1585263617,0.08786215842,0.007079689846,0.04130977915,0.08113516378,7.155288716,-0.05148046222,0.1649828272,0.1495429094,0.07643530146,3.383721003,1
cop_0191,367,0.266840332,-0.007892366321,0.001765272235,0.4277230189,0.6550884884,0.3155901889,0.4657885984,-0.3187792669,-0.8571528128,0.9556137587,0.9692029366,0.150876751,-0.1695380741,-0.7309145825,1.446359077,-0.1518316415,0.09019560203,-0.008982839015,-0.8252531475,0.5330543391,2.053107645,0.3426583827,-1.788436681,-1.876236848,-1.381693744,-3.852256195,1.539618543,1.252173479,-0.08260757399,0.1044442313,-0.08422840656,0.1663102078,0.09197528949,-0.03108803206,0.04788795569,0.06458254137,4.998252628,-0.03142241669,0.1724016503,0.1533408495,0.08871852988,3.110913844,0
cop_0191,368,0.3036661462,0.0324416252,0.001931834789,0.6017890269,1.02508536,0.7198039096,-0.02371390303,0.07497494512,-0.5305979835,-0.2593214969,2.119974859,-0.932666589,0.6167791727,-0.1890494509,-0.3503163065,2.454505573,0.06576213682,0.02456730797,-0.4440873159,0.2682392125,0.07523537237,0.05868057852,-1.912747833,-2.066141168,-1.268663795,-3.795988933,1.084477882,0.9795781085,-0.01031566058,0.044899685,-0.05412849116,0.06546878087,0.06404591101,-0.0200804746,0.01817673097,0.08159283347,12.299816,-0.01182363369,0.08254708894,0.08043795979,0.05245674695,7.851447341,1
cop_0191,369,0.2618766108,-0.01539636999,-0.0008094228627,0.548898666,1.022815698,0.3937855596,0.1399215493,-0.07960988262,-0.7674225437,-0.03687117782,3.776660385,-0.4669379959,0.1188836179,-0.2645521196,-0.3573925076,3.962893333,0.1086697896,-0.05078051906,-0.7536747655,0.3528566669,2.516389807,0.1705115697,-1.62572869,-1.998206458,-1.158188557,-3.752447479,1.087986768,1.185468636,-0.05312653075,0.09287308145,0.04948592417,0.08464991498,0.0887933749,0.007404891153,0.02713001979,0.08265053408,4.978257223,-0.03640307781,0.1660843642,0.1408344319,0.07804329258,3.471549349,1
cop_0191,370,0.2967789683,0.008279224472,2.277879184e-05,0.6419165139,1.060839878,0.3843076026,-0.1370452054,0.341354932,-1.007885654,-0.1976785347,3.584503087,-0.2830327014,0.4726849954,-0.8432402667,0.1579216598,1.912509099,-0.02616738841,0.04739673027,-0.6833566774,0.2259382375,1.629525118,0.3532163077,-1.757863413,-2.225331812,-1.312002856,-3.833477784,1.321404886,1.290159896,0.09615196595,0.119366463,0.08441512605,0.1724101608,0.1042063032,0.02136756299,0.04773551584,0.07752194608,6.800284147,-0.01319328818,0.1539702415,0.1322535976,0.08343444281,3.427256314,0
cop_0191,371,0.2595634169,-0.0004599749352,0.0005479961886,0.2710893625,0.3830497907,0.3922836772,0.2011529933,-0.1585680314,-0.7623105872,0.1405679947,3.680635691,-0.4892756983,0.1473821598,-0.6037728647,-0.3252675077,5.816816456,0.05178280011,0.03218941547,-0.6601285475,0.7165266885,1.053644801,0.2556101459,-1.601545141,-1.937477583,-1.444716454,-3.843100576,1.439991271,1.133295679,-0.06679046322,0.08596878175,-0.01054996301,0.2028800798,0.08387874923,-0.004360569607,0.05656155335,0.0675621674,10.52461548,-0.03174284214,0.1238728628,0.1129261809,0.07082310478,4.779069659,0
cop_0191,372,0.2870759909,-0.0148418679,-0.001039193494,0.3259942558,0.6726175395,0.395666714,0.121718648,-0.06626674893,-0.7094260686,0.4108452802,2.097943348,-0.05266908134,0.09762552809,-0.8236763755,1.116783518,0.742943168,-0.009141476019,-0.001658431673,-0.6392128988,0.3185964878,2.074648171,0.3754150884,-1.294566982,-1.762124502,-1.199588727,-3.767134208,1.645666886,1.319496297,-0.06917377545,0.09243530522,-0.06994118586,0.2250498469,0.09685637307,-0.01981805194,0.06475868973,0.07846447175,6.991367037,-0.0399581898,0.1381983486,0.1392223343,0.07175855207,4.049472609,0
cop_0191,373,0.2546811354,-0.04035826017,0.0009858060119,0.3349643401,0.5629016069,0.5964604756,0.2022433704,-0.1983609834,-0.3168456842,0.5536378218,0.2248875622,-0.4445969676,0.4237132342,-0.3260974084,0.6841036815,-0.1188299257,0.03519507542,0.01452222925,-0.5278377151,0.309347178,1.725861874,0.2106647531,-2.005001293,-1.453755948,-1.073744611,-3.57565287,1.263821325,1.189912953,-0.04826378061,0.1147185785,-0.01019617841,0.1173563738,0.09014590129,-0.005461558429,0.04408059237,0.08564905337,7.538138202,-0.02113697792,0.1135712518,0.09841758485,0.05587032397,5.949567933,0
cop_0191,374,0.2466360817,-0.03497743335,0.0002505927554,0.4368070471,0.8058137925,0.1922358782,-0.2026002663,-0.01895751897,-0.7953067898,0.3069661877,4.001420791,-0.4230328324,0.07494741348,-0.6209545599,1.638568207,0.2407600627,-0.03065440448,0.02111097231,-0.8219017174,0.6668741958,1.867319198,0.3228712919,-1.513298772,-1.761033566,-1.353787901,-4.106396403,1.530821925,1.189307708,-0.06084689112,0.1056520818,-0.06836734804,0.1273437508,0.09063087494,-0.02069159974,0.03426992493,0.07254237083,6.811106728,-0.03002519005,0.2085600667,0.1753755288,0.1035129672,2.031188023,0
cop_0191,375,0.2851144896,0.01711769579,-0.002278416586,0.5118438585,0.7852842152,0.4199033277,-0.0568828502,0.09008616564,-0.6374054597,0.4043818827,1.60639363,-0.3254902135,0.3949615761,-0.5913993221,0.3352515741,1.383187463,0.09124605109,-0.03197183742,-0.6020304232,0.6865709127,0.413216973,0.1603214755,-1.601042107,-2.097742949,-1.319879135,-3.858249734,1.073536715,1.074068444,0.06416447221,0.08792826152,0.05547368839,0.1239697194,0.08076409935,0.01530624248,0.03530306316,0.07402084613,8.463672318,-0.02716687844,0.1346893142,0.1228438809,0.07243343954,4.274703859,1
cop_0191,376,0.2464389117,-0.004289956468,-3.319636053e-05,0.6013536846,1.215914372,0.3735286461,-0.1394580112,-0.01302542403,-0.6260703925,0.244724509,3.173496452,-0.562957149,0.2544176187,-0.6096226664,0.1091854401,4.252412823,0.05359296902,0.04029035624,-0.6966597513,0.7765063828,0.6141630506,0.1942581382,-1.693774518,-1.73218374,-1.375239387,-3.814393697,1.288820484,1.013447506,-0.02877728513,0.04165611982,0.003982025263,0.1325950195,0.06811998134,0.002889820149,0.03818013213,0.06704483806,6.497501403,-0.0499622866,0.169541123,0.1597060113,0.08040915438,3.002449153,1
cop_0191,377,0.2764496809,-0.1000744463,-0.0003814774193,0.5173658481,1.007467578,0.3072451561,0.06480137595,-0.09700930582,-0.8653025511,-0.08611632767,3.848820418,0.2854935727,-0.104589575,-1.021659449,1.483639885,-0.6271776059,-0.04421278209,0.01443787596,-0.6920309243,0.349604873,1.701562073,0.3775883418,-1.175115925,-1.884286802,-1.211124084,-3.868349264,1.62185627,1.267077929,-0.08106907405,0.0743585565,-0.02483678295,0.155639971,0.08765727316,-0.01574609882,0.04029825599,0.08349655849,8.066858938,-0.02937405868,0.1753003405,0.1615882224,0.08913318636,2.682379559,0
cop_0191,378,0.2494827503,-0.06498857016,-0.0001557662244,0.569445696,0.8992986042,0.4311914135,-0.4262312645,0.3621584099,-0.7537726123,-0.3979164881,4.071754751,-0.6451645606,0.721640699,-0.7671150666,-0.03788284363,2.586463002,-0.04226220475,-0.02121658287,-0.5433254998,0.261246473,1.24150429,0.2498556741,-1.720090907,-2.108511883,-1.218192326,-3.812990279,1.208099409,1.121352754,0.1153505071,0.09022810024,0.03198938009,0.1469351578,0.0860311719,0.01091453028,0.04003515439,0.08429600628,8.350399017,-0.0143318146,0.1506518826,0.1325598174,0.08273511973,3.491505956,1
cop_0191,379,0.2868028242,-0.01584459423,0.000277884043,0.2704592683,0.5716919041,0.2436400628,-0.2206549073,-0.1687562209,-0.5463508794,-0.01872846038,5.76800392,-0.5808602492,-0.02944030077,-0.3731021835,0.2499106225,5.152836903,-0.03084176752,-0.02213880714,-0.7140128796,0.7140329489,2.589084451,0.2660006035,-1.81004434,-1.816977715,-1.405640942,-3.917569083,1.383845224,1.151312985,-0.03408425173,0.08275090163,0.02495805523,0.1501055122,0.08406233845,0.005600387272,0.04035856099,0.0673965924,7.478437617,-0.04200504022,0.1814780798,0.1468236837,0.08645974208,2.871824968,0
cop_0191,380,0.3049862481,0.01395389806,-0.0003489537128,0.6556962555,1.163914733,0.1974860571,0.1229753576,0.05197822338,-0.9913707062,0.5463647649,2.179616563,-0.4440759261,0.5832158947,-0.8654304499,0.4799245828,1.824918087,0.0275462893,0.03630476981,-0.8851171962,0.6875598921,1.751621133,0.2644202067,-1.825311642,-1.973172272,-1.175168019,-3.840878744,1.252513782,1.263476448,0.01207740272,0.1451518777,0.02449447418,0.07806707402,0.1044972992,0.005083945584,0.02310034087,0.07885562983,7.565466535,-0.04458223644,0.2073261086,0.1857227064,0.08926982666,2.090658958,0
cop_0191,381,0.2774226922,0.02073569963,0.003369542988,0.4396521935,0.6675776994,0.5275726676,-0.3581745454,0.610054959,-1.004062549,-0.2458535782,3.134528996,-0.5272314912,0.8815640595,-1.034101511,-0.2710738481,2.94181533,0.09241619389,0.161790268,-0.7391547798,0.611443844,-0.4094523852,0.2716899611,-1.891704715,-1.897970352,-1.239338518,-3.78381511,1.193895023,1.067110167,0.1343474941,0.06945250818,0.03369079738,0.1270824849,0.07571768211,0.01451373014,0.0362740679,0.08368142879,6.251893381,-0.02049275589,0.112019721,0.1186685587,0.06993928057,5.114392216,1
cop_0191,382,0.3036322441,0.01202726897,-0.00259510994,0.3391342907,0.6476106012,0.4971606351,0.07858537228,0.04962186188,-0.6593294994,0.6383120611,0.7722325583,-0.1809790609,0.5085949538,-0.8565391379,1.175769277,-0.6696021645,0.08295733825,0.03935135627,-0.6956861271,0.4604219357,1.328107577,0.1629274691,-1.830179055,-1.757179389,-1.28012621,-3.766850857,1.192789832,1.071486662,0.0356491135,0.07327525596,-0.0229513436,0.1922995448,0.07988223457,-0.009832265305,0.05705041671,0.07060599923,6.102809044,-0.02965526743,0.1582585169,0.1329266596,0.07227880523,3.657329299,1
cop_0191,383,0.2605493148,0.01970906584,0.00334785119,0.4155235134,0.7534265053,0.4974596879,-0.1500875491,0.0625362628,-0.4269288526,0.5721024952,1.497753849,-0.3638691247,0.1738132066,-0.4467446795,-0.1164125954,3.897929435,0.09049993856,-0.03539988196,-0.6042218888,0.469431437,1.800729638,0.2861999178,-1.642603263,-1.783329888,-1.305843006,-3.751867618,1.240987873,1.163803765,0.06271307986,0.07457492911,0.1180003851,0.1506493597,0.08224245677,0.03759371038,0.04691078671,0.07053098982,8.581998327,-0.03326717094,0.1215650667,0.1152159827,0.06805801686,4.962782935,0
cop_0191,384,0.2598529826,-0.007160364026,0.003786464605,0.6264873241,1.038512667,0.699751918,-0.2821715134,0.3871489195,-0.6042582853,0.03459633849,1.13043672,-0.7351373291,0.8812332972,-0.659790752,-0.1307868583,1.549240466,0.004529236002,0.09367281403,-0.4536341039,0.3730182316,-0.3617701496,0.2484275241,-2.117324267,-1.799970126,-1.13194851,-3.697744943,1.216046842,1.042026743,0.1096623984,0.05330092342,0.06507092352,0.07727735106,0.06618016041,0.02661210235,0.0195817172,0.08988079912,7.076632811,-0.0136759358,0.08117188671,0.08390245472,0.04915549211,8.201703605,1
cop_0191,385,0.2817458978,-0.0236711675,0.007443170133,0.3963711343,0.6904698963,0.7975435805,0.3329784805,-0.05030640854,-0.6586383223,0.04592757074,2.012746525,-0.2398685262,0.5854100443,-0.7392618016,0.3563883761,1.302928116,0.1208668755,0.1222566824,-0.6479905248,0.1445188589,1.800023121,0.1780464363,-2.273553457,-2.063942918,-1.297118524,-3.54767796,1.217394888,1.148105106,-0.01785029456,0.09413946508,-0.03815625659,0.1540380602,0.08866271916,-0.016298129,0.04936618628,0.0751234302,3.97923506,0.003804307487,0.05655939188,0.03227252333,0.03534640196,15.42910437,1
cop_0191,386,0.2740295924,0.01343382522,0.0009593429956,0.4010338485,0.8035795672,0.5982715009,-0.0510911929,0.1618223081,-0.4750838471,0.6810324741,0.6703011971,-0.8010151707,0.8422822616,-0.4311141618,0.5030771053,1.073680391,0.095731677,-0.02121832387,-0.5573125004,0.3020949192,2.04584542,0.2072118512,-2.212893507,-1.886803138,-1.428446324,-3.736411663,1.210834337,1.137821061,0.05226526704,0.06569831697,0.07945018202,0.248393151,0.07749928284,0.02432092079,0.07358186871,0.06401901328,7.689433969,-0.03593976873,0.09138251339,0.09541000489,0.05397124622,7.091454907,1
cop_0191,387,0.2882104685,0.01002426558,0.0006615448696,0.1513217177,0.3745703834,0.4096085542,-0.120119188,0.09021033819,-0.5734579597,0.6943241871,0.870222229,-0.624123256,0.5983616142,-0.5727190471,0.8504498738,0.2934860859,0.01345542519,0.00415568476,-0.6663215095,0.2959083908,2.105497952,0.2011752826,-1.931473365,-1.644387211,-1.290166652,-3.856435061,1.212986761,1.058061806,0.01480236512,0.05292747001,0.05926449915,0.1760111788,0.06947590789,0.01340532292,0.05461361146,0.0734920639,7.397271978,-0.04749381722,0.1353469688,0.1473193228,0.07135726505,3.940814323,0
cop_0191,388,0.291507158,0.04172228833,0.001317132091,0.2495989081,0.5296914278,0.5126803684,-0.2148226635,0.231881438,-0.8467734344,-1.136489462,6.765295737,-0.2184330879,0.386595394,-0.5965200427,0.2047953115,1.066626031,-0.02275287948,-0.01267868277,-0.50254045,0.1189414785,1.62065517,0.369020931,-1.290863129,-2.126044572,-1.186813036,-3.965887493,1.265882664,1.284006122,0.1149747283,0.1107567436,0.0623487738,0.1619884845,0.1020450467,0.01286488622,0.03959304775,0.08445537747,9.287930683,-0.01471234571,0.09696378395,0.09680947703,0.05987448522,6.536238391,0
cop_0191,389,0.248883516,-0.0411977707,0.0004749503825,0.7868385492,1.497444775,0.06449706294,-0.4927279399,0.1248542778,-0.5888472711,1.342899192,0.7572152349,-1.82171353,0.6519050209,0.1856976344,1.437829543,0.2919958407,0.05974744245,-0.01748541689,-1.003228234,0.9719158206,1.794522778,0.2690433789,-1.590283143,-1.890804933,-1.467792045,-3.999523734,1.400975656,1.1375883,-0.1054032728,0.1105299364,-0.02909474824,0.1590988783,0.08845700901,-0.01292129862,0.04617142036,0.05511130207,7.968898275,-0.0749462297,0.2435674637,0.2349452212,0.0956370666,1.390694203,0
cop_0191,390,0.2677224923,-0.003589174979,0.0008222466663,0.6951392825,1.249747401,0.6066186571,-0.04316680482,0.09626539462,-0.7463513525,-0.7374499715,3.850618235,-0.7174343789,0.6144334946,-0.5938909548,-0.7860971156,4.003047543,0.07717976678,0.01654732171,-0.5522563831,0.1818022372,0.2777736325,0.1669223684,-2.135443422,-1.919246198,-1.196279333,-3.837996175,1.179823386,1.063050392,0.03190819023,0.09382254544,-0.02718260295,0.1417801256,0.0839754712,-0.007356700151,0.03723241129,0.08773062668,6.295077962,0.001597261449,0.09453029298,0.08777857605,0.06097045182,6.769167791,1
cop_0191,391,0.2783858209,-0.007522622993,0.0009552389714,0.7378072662,1.193255462,0.3904927843,0.0742144279,-0.01037714605,-0.8302476147,-0.07397198872,3.217418607,-0.2459093441,0.2548630029,-0.8277298464,0.05474447869,3.018080603,0.1347247075,0.02329161887,-0.7689001947,0.5597136194,0.5860965307,0.2706261199,-1.801013851,-1.995608815,-1.228504823,-3.749597357,1.382161816,1.20292593,-0.006202554976,0.1094077198,-0.088570725,0.1391584441,0.09422153577,-0.0249945522,0.03505187911,0.07986199102,7.703670038,-0.01983801723,0.1658993327,0.14579949,0.08462718396,3.136363807,1
cop_0191,392,0.2819228718,-0.04495121751,0.003413366555,0.6282767204,1.199914129,0.3706501861,-0.173755047,0.08213230038,-0.5032555528,0.7651129524,0.6624037592,-0.480754056,0.3689390384,-0.6072986573,0.6665976634,1.437132737,-0.1501363388,0.09474794053,-0.4986855121,0.888682604,-0.004930911411,0.2394917555,-1.741848867,-2.017623894,-1.239491055,-3.593864655,1.303857749,1.180563545,0.02301245847,0.1218066983,0.02192893876,0.1319244827,0.09633105016,0.01260087629,0.03771444066,0.07700175487,13.35522865,-0.02909469084,0.1788334152,0.1472663905,0.08374717403,2.869638842,1
cop_0191,393,0.28028719,0.04384500754,0.000493441863,0.5773842268,1.061305185,0.4237634785,-0.0962686728,-0.08889917101,-0.5034535167,-0.04693304314,3.729516132,-0.4389838159,0.35939408,-0.6496583762,-0.1225553767,4.078482548,-0.08378782448,0.0002770962739,-0.5338243609,0.3857387792,2.006532937,0.2665839344,-2.137993238,-2.03453137,-1.247811409,-3.843766825,1.289633186,1.25603502,0.01952813262,0.1270127392,0.06830435602,0.1207571078,0.1029730125,0.01737545172,0.0327077888,0.07735150083,7.438164782,-0.0373832625,0.1534780591,0.1369766172,0.07559797108,3.644315552,0
cop_0191,394,0.2846405243,0.0159789541,0.001832838597,0.6438900982,1.051763242,0.5392665942,-0.1121486687,0.09531127804,-0.629899631,-0.2203603182,2.803864088,0.1538097618,0.3279186236,-0.9289369671,0.1093725307,0.7881556146,0.03049384695,0.009699707373,-0.5287058602,0.3362188221,0.4600071443,0.166401883,-1.214867683,-2.224262144,-1.292375469,-3.897223018,0.962473077,1.065644926,0.07902044309,0.08773346246,0.1140612901,0.08260176096,0.08417084607,0.03122760122,0.01952404771,0.07779057098,8.615756501,-0.00889454985,0.1420796691,0.1206476874,0.07834051216,3.965029434,1
cop_0191,395,0.2918774462,0.004448692397,0.0008893674423,0.2910889249,0.6455452193,0.5111225456,-0.1147272408,0.1409290557,-0.7619409764,-0.4708725455,4.606128894,-0.5018574474,0.4321909643,-0.5585548696,-0.3670720092,3.80936026,-0.05755978013,0.03368009517,-0.5276011757,0.1875719537,1.689557928,0.106799862,-1.844182502,-1.991389003,-1.289718263,-3.823867725,1.053461924,1.039299071,0.01744726211,0.08731403918,0.04838767879,0.05931232463,0.07988044184,0.008642471005,0.01383563967,0.07652024638,6.849231773,-0.01604306529,0.1437754383,0.1224255957,0.07662428639,4.022548003,1
cop_0191,396,0.301832161,0.0145206304,-0.0004663842464,0.9240891098,1.631307583,0.4320310889,-0.1038907347,0.04238464465,-0.7356023615,-0.626238757,4.746010707,-0.2523271524,0.1779792866,-0.6192367218,-0.8596248321,4.950190546,-0.02275792199,0.01366388952,-0.6074131777,0.1808953022,1.557264727,0.2464213159,-1.367569723,-1.865258794,-1.172329784,-3.891866776,1.100586883,1.198657736,0.02188062913,0.122738925,0.09875621391,0.07948871672,0.09854423678,0.02356831412,0.01879885475,0.08514055722,8.605527764,-0.006165440186,0.1551452443,0.1268672573,0.07921103836,3.499669372,1
cop_0191,397,0.287225917,0.04473312088,0.0006054801146,0.6190644874,1.188593017,0.3496728324,-0.03038292669,0.1290747301,-0.7618320787,0.4054006525,2.882538706,-0.4943483183,0.3805194315,-0.3785519429,0.5814579492,1.146062643,-0.08247891985,0.05828222078,-0.6534318472,0.5388571814,2.364453762,0.3155735729,-1.589044814,-1.982928718,-1.270003542,-3.858867312,1.265761487,1.343791512,0.008252015349,0.1404058414,0.1014642389,0.1827552006,0.1113942173,0.01669960222,0.05002158492,0.07517396898,8.314583555,-0.03730016203,0.1832349635,0.1479018773,0.08739125992,2.855958406,0
cop_0191,398,0.2547541745,-0.02787949101,-0.0008584869538,0.4063219087,0.7958971291,0.4482891033,0.12119069,-0.1504954709,-0.6578884549,-0.0872488755,3.516756463,-0.2990615205,0.3016555965,-0.7233279622,0.2355500456,2.819996261,0.05186360028,-0.02111772962,-0.6005771699,0.4766711426,1.333213429,0.2319923186,-1.911312336,-1.987408095,-1.227574724,-3.778611625,1.29345002,1.190103304,-0.002420828208,0.1175848222,-0.01836178774,0.1295419883,0.09565946448,-0.01060781614,0.03505079976,0.08205212852,7.091429785,-0.0208432835,0.1518961072,0.1232140195,0.08081789884,3.647113481,1
cop_0191,399,0.3230108209,0.03174892922,0.002353328041,0.6515984043,1.052915099,0.4967483327,0.0550356073,-0.03652277909,-0.6144429835,-0.0905649978,2.414486073,-0.4180751574,0.6114871868,-0.7912323557,0.1209112908,1.791973309,0.09228522851,0.0001170253712,-0.6080140634,0.3941830485,0.5854977929,0.1297810612,-2.022286875,-1.925276115,-1.185541155,-3.697651882,1.123213861,1.084798197,0.04878263639,0.08543384029,0.06844691943,0.07852544499,0.08205120275,0.01934967355,0.02364728953,0.08276910584,12.75155912,-0.01750818702,0.1337680515,0.118846505,0.06884141311,4.362968713,1
cop_0191,400,0.2788700645,0.01289119982,-0.0001198530072,0.7314965175,1.169802024,0.6070348911,-0.01657694924,-0.08284432763,-0.5439236755,-0.7333638365,2.738901657,-0.5346289835,0.3737780791,-0.5132782187,-0.7480711874,2.859171324,-0.01981135893,-0.03755766057,-0.433373616,-0.2168860823,0.6275044143,0.07570181045,-2.157522044,-2.118485229,-1.173964492,-3.796815447,1.097814857,0.9834288937,0.00400857902,0.007414707829,-0.02523786925,0.106320581,0.05325985884,-0.005384560403,0.02443157783,0.08904564434,9.121256651,-0.0170453214,0.1245983062,0.1406203066,0.0693682644,4.282765524,1
cop_0191,401,0.2756633905,0.06043456857,0.001275704814,0.6887115232,1.073386369,0.4487905852,-0.5767524979,0.5401695399,-0.5582016593,0.5252765758,0.5157923254,-0.8372061034,0.5180253721,-0.1926160345,-0.08476680138,2.133075796,0.003999341527,0.04252107907,-0.6528608229,0.2258312152,1.358526193,0.1783002548,-1.597197427,-1.740223944,-1.480285601,-3.938458814,1.096359342,0.960316117,0.1189853478,0.04653285085,-0.01937469059,0.1448349585,0.06268979429,-0.0004879348479,0.04681906573,0.06122692043,8.165156852,-0.03702095469,0.1335066371,0.142416187,0.06717472528,4.062182974,0
cop_0191,402,0.3057269435,0.01265788232,-0.001238007489,0.4261919285,0.7575465182,0.3448611544,0.1150925854,-0.153280793,-0.7011271918,0.1133653717,3.063930417,0.07761912263,0.2813394856,-1.151511319,0.6076015281,1.951407282,0.02482169883,0.00849983804,-0.7371457371,0.4248097077,1.788603052,0.06573081812,-1.926144709,-2.104240019,-1.297675306,-3.81709793,1.095897553,1.043970261,0.03294713726,0.06799472719,0.04465736479,0.07431665183,0.07555112524,0.01032959031,0.02227479289,0.07113711367,7.696454328,-0.05237771028,0.1963995846,0.1793815691,0.08066144317,2.379660034,1
cop_0191,403,0.2555218842,0.0004698883671,5.809152915e-05,0.2037034662,0.4205725721,0.3813593,0.5557612439,-0.2633014613,-1.00872025,0.2762085494,2.8732662,0.8791295157,-0.3009290068,-1.349627549,1.387311504,0.1722709077,0.03711743262,-0.002902454841,-0.6986128278,0.3758031345,2.016119005,0.1963730072,-1.427644387,-2.112903448,-1.351680381,-3.903207856,1.380068703,1.12811093,-0.0529587783,0.1386170029,-0.02427674761,0.1817550712,0.09689696584,-0.009583652963,0.04827052995,0.0727855201,7.342113115,-0.01437404671,0.1443246772,0.118348987,0.08018862611,3.936540751,0
cop_0191,404,0.2504632496,-0.0238770606,0.0009784312737,0.5766471706,0.9924125191,0.420833857,0.1050032654,-0.05760378908,-0.7995717259,-0.1014175968,3.49871195,-0.5097036877,0.2311905392,-0.6114612003,-0.2492054651,4.474534375,0.1168746461,0.01610841891,-0.7155997493,0.6235047078,0.5965477158,0.190363339,-1.504495385,-2.064767876,-1.29147232,-3.819234587,1.313057167,1.115594421,-0.04658884936,0.1217310547,-0.05058296912,0.1207934099,0.09250254992,-0.01546126106,0.03318664868,0.0731266928,6.50647882,-0.01296274023,0.1606174104,0.1290574314,0.08065481349,3.490288311,1
cop_0191,405,0.2725394001,-0.0001686580011,-1.151990419e-05,0.7181561458,1.170336093,0.2154075595,-0.09925879216,0.1695053371,-0.9798647048,0.39295142,2.091941697,-0.2515895511,0.3940571074,-0.8899125485,0.4413075578,1.095017696,-0.002167411006,-0.004316659575,-0.795458325,0.4679477929,1.288356972,0.2647243454,-1.599197326,-2.233433297,-1.383492116,-4.021933164,1.13991567,1.143202381,0.09329326909,0.1009854617,0.07335299895,0.09824363028,0.08877306472,0.02054372226,0.02990737689,0.06336931006,7.487364723,-0.03589459612,0.205677869,0.1975967662,0.09401261475,1.955549626,0
cop_0191,406,0.2364479394,-0.02049727194,-0.002225930947,0.3827477582,0.8519673562,0.6288438632,0.2445693456,-0.2148286312,-0.6108510647,-0.271512932,2.630787439,-0.29010235,0.2400905328,-0.604727105,-0.1246728481,2.472798704,0.05467676821,-0.02029039141,-0.5070632807,0.04443894279,1.232873554,0.2218749141,-1.947294414,-1.975791642,-1.256046866,-3.695189992,1.318704187,1.108686739,-0.03459065852,0.1141784054,-0.03190602493,0.1160740136,0.09250080313,-0.01129785197,0.03082841609,0.08564309951,9.269737409,0.003683639144,0.1116515003,0.08160264361,0.06534665182,5.811185912,0
cop_0191,407,0.293740476,-0.007866055574,0.001645287542,0.4558205074,0.6595304983,0.3499237798,0.2213751145,-0.1320383574,-0.7258798003,0.6533045875,1.694936855,0.2076855598,0.03141007883,-1.109928392,0.8006961628,2.604142437,-0.03533811525,0.02414520224,-0.5987357321,0.7405036917,1.001187914,0.271311427,-1.452129677,-2.006385203,-1.310121676,-3.711177353,1.474978438,1.210081108,-0.04365577792,0.09835302149,-0.04701031623,0.1703197187,0.08895210112,-0.01317695359,0.05113243598,0.06985352745,10.78963557,-0.03331217163,0.1560686276,0.1345011748,0.07629310404,3.567904246,1
cop_0191,408,0.2477251416,-0.05029289001,0.000512234966,0.6022828167,1.243939968,0.4224569862,-0.02815379477,0.1720607839,-0.8561027018,0.02412990317,3.446157037,-0.4970508415,0.3186850716,-0.4795807184,-0.1192574375,3.414414716,-0.02947040375,-0.03616119258,-0.5558675071,0.3636349556,1.878585696,0.2838672756,-1.499018001,-2.181992553,-1.229919668,-3.710364916,1.228079304,1.233862097,0.07378422802,0.09988748042,0.1275023753,0.1163529594,0.09391077071,0.03487244564,0.02950095319,0.08114639176,5.472750093,-0.03102889639,0.1519899692,0.136242208,0.08234005822,3.726640295,0
cop_0191,409,0.2945231191,-0.01214440784,0.0001508366612,0.4895108759,0.8812586907,0.09277083213,0.1877614292,-0.1810596705,-0.9164639648,1.103305324,2.0286236,-0.09858711937,0.04938695791,-1.006508204,1.565081562,1.424831339,-0.009316713392,-0.01404029541,-0.9062239527,0.9386699101,2.207762068,0.2436672877,-1.606716202,-1.937382078,-1.444906917,-3.918625395,1.396316354,1.201142663,-0.02484547377,0.1154219834,-0.01462668223,0.1638925231,0.09137919318,-0.001732857325,0.04625048615,0.05682300248,7.675061455,-0.07025170908,0.2309934104,0.2192332737,0.09639395811,1.654794048,0
cop_0191,410,0.2624231316,0.02100619049,0.001299871498,0.3352194647,0.4862930454,0.4588507929,0.3538198716,-0.1221880033,-0.894389518,0.1441192555,3.31605884,-0.01571381814,0.1914107784,-0.9772406331,-0.0705436603,4.502001844,0.2216845606,0.00632275621,-0.7604706593,0.7203592248,0.8632204952,0.1813307517,-1.987352156,-1.963084958,-1.328614321,-3.81005788,1.236281882,1.100824233,-0.01886006646,0.07428079924,0.04537606783,0.169397327,0.07940420846,0.01508124212,0.0451207225,0.07637088898,7.317692582,-0.02362272212,0.1250011257,0.1071001998,0.07273588195,4.822068389,1
cop_0191,411,0.3068911589,0.01780076944,-0.0003434497276,0.6485274591,1.129956098,0.3875540447,-0.250958393,0.1167571464,-0.6796852144,-0.1768091314,4.295042835,-0.5685540861,0.4200634614,-0.6095615588,0.2193150357,2.786928394,0.08562509536,0.001722470064,-0.7214315655,0.5381895069,1.357278055,0.3413443024,-1.73251714,-1.744951077,-1.295080059,-3.85242007,1.377067197,1.217777433,0.04793885667,0.1258362285,0.0954791098,0.1460046055,0.1016150884,0.02253353611,0.04327332236,0.07609092823,6.477744163,-0.03390820597,0.1512529286,0.1366731566,0.07772021569,3.659599121,1
cop_0191,412,0.2855776779,-0.04745740851,0.0003050303541,0.5336829064,0.9241273124,0.4759455304,0.1735483766,-0.1101264295,-0.8044568764,-0.3684856576,3.796446987,0.3879847873,-0.05363540282,-1.337472624,0.06913390577,3.680474991,-0.03446070629,0.0005740258906,-0.5513755251,0.1496674724,1.560041623,0.1358329904,-0.9710076723,-2.211796544,-1.283143746,-3.935285893,1.330378107,1.047557417,-0.06361414176,0.08715011163,-0.07110578857,0.1121173053,0.08260579255,-0.01793780072,0.02653472384,0.08171906147,6.710707469,-0.005074100046,0.1448625865,0.11856821,0.08332368528,3.815733618,0
cop_0191,413,0.2621939861,-0.0259374518,-0.0001148691549,0.4457862514,0.7492471918,0.3788035078,-0.2155425617,0.1864182165,-0.8032397153,-0.3590831113,4.94110952,-0.446817732,0.7377546448,-0.974919026,0.1496667066,2.869779059,-0.01156805382,0.002078171264,-0.6463298423,0.3797366059,1.890416311,0.2429404499,-1.683202302,-2.235941883,-1.364057786,-3.870469315,1.184322529,1.163560738,0.08577316367,0.1095538257,0.04682250799,0.1645556874,0.09326427221,0.01114127075,0.04478669182,0.07035348358,7.439555242,-0.02361189803,0.1678170636,0.1387144795,0.08365349273,3.175606034,0
cop_0191,414,0.2626730994,-0.05995298017,0.0007936038978,0.4560158956,0.7412624355,0.4019749729,-0.1691043603,-0.04400071865,-0.4309162828,0.4160962497,0.9491472173,-0.930192801,0.4022243707,-0.05355986342,0.6091406101,0.1040942494,-0.02137426798,0.03936541238,-0.6745828232,0.2562445752,1.645667666,0.2057331612,-1.654721706,-1.569794631,-1.243357288,-3.969571555,1.289561561,0.9952624654,-0.06565655635,0.08431463518,-0.04715581093,0.08306349386,0.07510132766,-0.01992106508,0.02979025219,0.07286400923,6.597265847,-0.04436649918,0.1393305221,0.158828872,0.07296200891,3.817538812,0
cop_0191,415,0.3020034189,0.00688981121,-0.001357403926,0.5916435899,1.151189258,0.6737577899,0.4111629029,0.00693226455,-0.8328429481,0.3353642774,1.440595122,0.03331904534,0.5074709686,-0.9916273622,0.1012641448,2.141406568,0.1587758021,-0.07977077273,-0.5233879387,0.2392286869,1.547718892,0.1678060091,-2.117383488,-2.154415717,-1.326424925,-3.491004855,1.144180383,1.128771939,0.02987573436,0.06261733833,0.06172641632,0.169279701,0.07621721247,0.01880893979,0.05159245113,0.0726477746,6.563679529,0.002558185417,0.1109697322,0.07479379647,0.06260554522,6.046747876,0
cop_0191,416,0.2699840257,0.02537327955,-0.0003259618202,0.3565273775,0.6379733366,0.1352360625,-0.2040698737,0.1267336498,-0.884196472,0.4797213452,3.518286799,-0.5820756724,0.3526101127,-0.6029710721,0.3754673096,2.737508499,-0.01341979137,-0.002654038111,-0.8702199184,0.8517265773,1.751832671,0.2684051939,-1.515757838,-1.952797765,-1.312066326,-3.918223107,1.188740348,1.260180962,0.02660038811,0.1064312717,0.09179069814,0.09492161467,0.09574011367,0.01923501916,0.02464696089,0.06610625338,12.01540901,-0.04808573109,0.250553924,0.2110319182,0.09933302728,1.459476476,0
cop_0191,417,0.2698069934,-0.01373022695,0.0006953503878,0.4481783147,0.7828628228,0.4732017605,-0.3169071111,0.1387179295,-0.6741537006,-0.918941878,6.351324796,-0.644976637,0.4729661351,-0.6159659717,-1.025321146,6.132920727,-0.005595503814,-0.04252203219,-0.5196880009,0.2141921356,1.727181397,0.1692142433,-1.95098222,-2.108794457,-1.296017326,-4.069114103,1.095680812,1.043588171,0.06957092351,0.08284505785,0.04915990043,0.0810298173,0.07936941672,0.01678757646,0.01817027023,0.07718867548,8.984401778,-0.02258942836,0.1237634864,0.1172865597,0.07241341166,4.62462645,0
cop_0191,418,0.2701658189,0.006756850818,0.001724928235,0.3938576651,0.7603467051,0.5354293405,-0.07545222288,0.07840587635,-0.6115358672,0.0262785306,2.691025366,-0.6507403994,0.6117516287,-0.4946253343,0.2991285197,1.700971628,-0.06851900015,0.01235359945,-0.4747375534,0.1781954435,1.757552403,0.2439846981,-1.925572645,-1.986627494,-1.236124899,-3.815387258,1.236458081,1.178291713,0.0207855999,0.09936603348,-0.001398339878,0.1500848396,0.09165811648,-0.004741297078,0.0416554573,0.08334977813,7.532529199,-0.02012518554,0.119427239,0.1050380428,0.0672667539,5.077469118,0
cop_0191,419,0.267196159,-0.01936073112,0.004510712589,0.6330865115,1.26404313,0.6405671033,-0.1853213802,0.3849268147,-0.685183075,0.2948434942,1.574281417,-0.7105254827,0.8310726611,-0.5730755351,-0.00170541354,2.325455695,0.007967587847,0.10749559,-0.6040284073,0.1320611593,1.839891268,0.2186191789,-1.70543511,-1.824610121,-1.360175121,-3.650165502,1.155433021,1.08113806,0.09720683518,0.05412367228,0.0379469263,0.190983849,0.07113376173,0.01189151906,0.06009832293,0.07405206402,4.629892112,-0.009768289578,0.09924808608,0.0754207174,0.05405173355,7.182142412,0
cop_0191,420,0.3060841043,-0.02911838369,-0.003842716956,0.4847637149,1.025381761,0.5050556292,0.3437390722,-0.1575765276,-0.7431020013,0.2241481467,2.170071103,-0.1266355915,0.433624793,-0.9840924705,0.3261661442,2.242178621,0.1086155672,0.03179865757,-0.6211649511,0.7165840638,0.2575633509,0.1535022012,-1.908100863,-2.199459439,-1.31368409,-3.830193208,1.202137141,1.12087664,0.01283755615,0.09921493198,0.06476629098,0.1475629213,0.08806947424,0.01961177048,0.03546328064,0.07594899076,6.469987715,-0.02674961897,0.1356156626,0.1228887159,0.07482049429,4.32294234,1
cop_0191,421,0.255597786,-0.005069968946,0.00292446799,0.5102085887,0.8583589545,0.5671775153,0.2618982513,-0.1349108266,-0.7559815578,-0.2565623538,3.194357868,-0.1841651913,0.1941244035,-0.7747169205,-0.06819870668,3.175932295,0.1102214877,0.009330404173,-0.6014103217,0.3133127286,0.8249117778,0.1927079979,-1.396457629,-2.119450622,-1.215442403,-3.762565408,1.349083792,1.103220926,-0.04682501187,0.08232587185,-0.01865007384,0.1321482737,0.08373630324,-0.008500195933,0.03054574648,0.08363421461,8.124550055,-0.01330103185,0.1088933749,0.1006702189,0.06688074535,5.630299556,1
cop_0191,422,0.3062990889,0.01322471468,-0.002056396041,0.5268656749,1.054321756,0.5072101728,0.03123315961,0.2000309361,-0.8754653035,-0.1604113167,3.386046644,-0.2792948838,0.3827638084,-0.5000771944,0.2263463056,1.094450786,0.1831004343,0.02983627427,-0.711867302,0.5471831117,0.6384383602,0.04502553338,-1.564987837,-2.126555488,-1.420526703,-3.900701749,0.9209458,0.9640366031,0.05825514723,0.05504586394,0.04984010405,0.1369461842,0.06703715242,0.0109459552,0.0369291921,0.07043793669,14.15798596,-0.01910123775,0.1131055197,0.1018453828,0.0662204932,5.354853872,1
cop_0191,423,0.2947720456,-0.05365784723,-0.0005112072335,0.5117544854,0.8569291598,0.3421090855,-0.06178774119,-0.06612621678,-0.7941884501,-0.4754782113,5.517221629,-0.3173788572,0.2407835149,-0.9563699017,-0.3901825438,5.827466313,0.1398858271,-0.004718625393,-0.7810140834,0.6649313705,0.8175077686,0.2149806115,-1.796872784,-1.819753922,-1.268725627,-3.916150381,1.290537894,1.100177469,0.004548156907,0.1038307254,-0.03553290983,0.1064275249,0.08615432121,-0.008636927455,0.02814529174,0.07675490227,7.666356472,-0.02174780152,0.1675770895,0.1445706612,0.08584936207,3.079817286,1
cop_0191,424,0.2924816396,0.05442139684,0.001856743465,0.5339860907,0.9577153179,0.432608174,-0.2919408037,0.409874177,-0.9214821208,-0.2882697685,3.951993927,-0.5752638131,0.7289548268,-0.8015726307,0.05022303748,2.421038071,-0.0272634335,0.04025874403,-0.6310489233,0.2714282105,1.394171612,0.2092187134,-1.79702494,-1.974255184,-1.322302831,-3.819363943,1.152090654,1.099921345,0.09591891382,0.1079807441,0.0007547725279,0.1865361057,0.08755814084,-0.001484553343,0.05197018649,0.07409789514,8.184790274,-0.03433708469,0.1571918991,0.1531827714,0.07705859318,3.311021737,0
cop_0191,425,0.2679048172,0.006435925615,0.00142353545,0.5943928474,1.025580919,0.4935346844,-0.2682544603,0.189111578,-0.6601200755,-0.5363548621,3.768981197,-0.4936775861,0.6474083141,-0.7387412788,-0.03948011736,1.735168023,-0.04653605516,-0.002424170501,-0.5123770129,0.08091762153,1.160291392,0.2605655489,-1.598083579,-2.199477042,-1.173246042,-3.783421808,1.193742507,1.149688776,0.08863592608,0.07871192025,0.06954488239,0.1260231902,0.08373928615,0.01955350408,0.03447117861,0.08676339528,7.194272127,-0.01274654032,0.1275086959,0.1206308362,0.07010613486,4.570696342,1
cop_0191,426,0.2815771532,-0.01288890588,-0.003116105713,0.1723650718,0.3907583124,0.4962926391,-0.2348023344,0.141458008,-0.707621911,-0.716644427,4.149230208,-0.6452921633,0.5076317158,-0.5329310834,-0.329193195,2.679578743,0.07218786695,-0.001047301664,-0.6095863405,0.2618480452,0.3374825472,0.2195580304,-1.742000338,-1.834187777,-1.196743166,-3.892892369,1.198916041,1.083545219,0.06560043252,0.0919273756,-0.03207063302,0.1308027268,0.08423416588,-0.01349654641,0.03635537225,0.08544349851,11.47002302,-0.006990020994,0.1218167654,0.1183411706,0.07128723229,4.610843878,0
cop_0191,427,0.2633540554,-0.06267652442,0.0002076303616,0.5354714823,0.9228772941,0.3983992907,-0.2951049616,0.1848842097,-0.7437634394,-0.3110130463,2.854019663,-0.8779046864,0.4566392957,-0.4107200408,-0.3517001593,2.895328222,0.08261927507,0.03976981064,-0.7364452329,0.4069025559,-0.12973625,0.3192695638,-1.661252715,-1.662255352,-1.058286316,-3.678173628,1.401851375,1.189543828,-0.01054183223,0.07503948036,-0.03976241078,0.08564162831,0.08346748658,-0.01468005309,0.02308486749,0.0971051975,5.97065348,-0.02091414917,0.1771038399,0.1719861539,0.08603689946,2.588566865,1
cop_0191,428,0.2661575287,0.00068124622,0.0008266625648,0.5780092599,0.9721663122,0.2858784309,-0.2637398241,0.4142414082,-0.9576136439,0.7965341411,2.530887362,-0.6318852477,0.5327719674,-0.5593852782,0.7794390005,1.708904712,-0.001716851787,0.0209732824,-0.7740005202,0.6636764703,2.241928298,0.3543453779,-1.747633118,-2.00029966,-1.354257062,-3.974543159,1.315693998,1.279179287,0.06241645841,0.1293335514,0.07744157652,0.1606088099,0.1033191518,0.01679362707,0.04527856454,0.06401945622,7.530637584,-0.04138461728,0.2024394575,0.1711923276,0.09057716361,2.374839105,0
cop_0191,429,0.271760097,-0.0437365924,0.0005303545853,0.354903895,0.7157333068,0.3936900817,-0.320065207,0.2894419297,-0.6614793411,0.5411683405,1.451279505,-1.008902651,0.8283098891,-0.4795965049,0.6368785493,0.9453403188,-0.00802036872,0.01573194818,-0.6696489176,0.220376358,2.07381862,0.3377735119,-2.009764058,-1.566588243,-1.182623528,-3.858168895,1.395697728,1.200991975,0.006447776619,0.1314146153,-0.01819917732,0.1334410577,0.09734096521,-0.005506781535,0.04349650775,0.08358900971,7.737132046,-0.03183671782,0.1320291013,0.1309141692,0.06717523702,4.333770385,1
cop_0191,430,0.2724061273,-0.01030347393,0.0003733349459,0.2630864559,0.3660297888,0.2006697138,0.1333733194,-0.1664330901,-0.7010338153,1.254034278,0.627498237,-0.2278183447,-0.06940174096,-0.6338650761,1.412579214,1.023009076,0.002936390213,-0.006198035866,-0.7487063033,0.966478073,1.246409447,0.3269181005,-1.308857636,-2.00308115,-1.481208811,-3.880891927,1.605234861,1.230142028,-0.07309535428,0.1066208369,-0.02852159075,0.1926750129,0.09175152176,-0.006999528339,0.05402621683,0.05493056546,12.02789808,-0.06393598382,0.194539954,0.1907586721,0.08531859768,2.323807645,1
cop_0191,431,0.3018619869,-0.001533730721,-0.001688126275,0.6619139737,1.260892642,0.4906211529,-0.1969092389,0.4182555464,-0.8796315493,0.01043305692,2.917886432,-0.5863797501,0.7269006707,-0.7643347816,-0.2382316226,3.402553833,0.0838057193,0.1113303137,-0.6988147419,0.6078175386,0.448637542,0.2756997632,-1.886703191,-1.904854656,-1.254149065,-3.769447731,1.25443378,1.160202511,0.06515184787,0.08718498214,0.007825261704,0.1840858551,0.08594626488,0.004819063683,0.04898183259,0.08463894842,9.517380843,-0.02490823689,0.1093482302,0.1073761843,0.06710096068,5.417350076,0
cop_0191,432,0.2713177898,-0.02299962821,0.0007221808296,0.454546662,0.9125472725,0.4619508379,-0.2215768981,0.4149418353,-0.9328228896,-0.1484116573,3.618541489,-0.6017617468,0.7340326425,-0.774341097,0.1625154466,2.348583692,0.07975082046,0.07525040326,-0.6970346941,0.5483515959,0.7059339521,0.2453824141,-1.877974865,-2.031474276,-1.195846029,-3.772098576,1.209457222,1.112165479,0.1012511948,0.08105127993,0.06526228568,0.1083939836,0.0819372156,0.01750602129,0.02838395039,0.08245904106,14.84528396,-0.02467037461,0.1394049798,0.1281062864,0.07405300753,4.087812759,1
cop_0191,433,0.2629671257,-0.0426886737,0.001922527928,0.3704040835,0.756166324,0.3633399975,0.1157825744,-0.09596313325,-0.7642816323,0.1680335881,3.308569489,-0.3908288533,0.1683595159,-0.7781229681,-0.2165756655,5.477027219,0.07583506119,0.02891147143,-0.7089044361,0.7392651746,0.8592759442,0.2624454619,-1.581699951,-1.838491904,-1.336452796,-3.876462245,1.432670174,1.160904179,-0.0376030835,0.1083843048,0.01260379244,0.1630874222,0.08976806552,0.006222914208,0.04457347015,0.07253756282,12.22972765,-0.02792806489,0.1398462723,0.1255167821,0.07478962834,4.09247674,1
cop_0191,434,0.2730520862,0.05709291581,0.002231090898,0.3996833929,0.7234481405,0.4994574886,0.02178169367,-0.02200638759,-0.6097077062,0.2281567827,2.582919646,-0.9024668741,0.6614748445,-0.3793956499,0.1019608418,2.987066822,0.09129594879,-0.003086633653,-0.6065504519,0.5778996311,1.092430409,0.2569264407,-2.047612026,-1.927993745,-1.229714988,-3.751162212,1.294128097,1.182725915,-0.01252112264,0.1144609516,-0.0312508426,0.1266311362,0.09536784829,-0.01062633171,0.03695642377,0.08533627779,13.14851984,-0.02731889414,0.1373859822,0.116166057,0.07635406273,4.170322383,1
cop_0191,435,0.2905650801,0.04059876933,-0.0008212629514,0.5735390796,1.045287989,0.4670196291,-0.1020725398,0.2482671842,-0.7014262122,0.3533255726,1.930187772,-0.7430663656,0.6423948564,-0.2538636689,0.6113602612,0.3056055202,-0.01732300368,0.01532031393,-0.5812551951,0.3417633111,1.820937751,0.1859588577,-1.7107808,-2.002066953,-1.37291135,-3.87754678,1.103850208,1.134237407,0.0001038238915,0.1102968667,0.01327057872,0.1937598071,0.09240055471,-0.002404426727,0.0544399195,0.06541032311,7.522062371,-0.02824284026,0.1416364943,0.1278351803,0.07201288693,4.101729846,0
cop_0191,436,0.2982722456,0.01961071169,-0.001230539231,0.5327523067,0.9160011119,0.6257145074,-0.2300689915,0.2159817291,-0.7068654882,-1.082831595,5.117298152,-0.9635206328,0.9017080737,-0.6507833162,-1.181415388,5.550807395,-0.02670394879,0.01912749773,-0.4701675258,-0.03361624729,1.274291044,0.1818894385,-2.140795848,-1.94107969,-1.192517278,-3.843766423,1.169866599,1.076035198,0.05640321161,0.06791842231,-0.01879678099,0.1252696324,0.07766877091,-0.005220730084,0.03291343977,0.0891558868,10.22757736,-0.00600398988,0.07834512749,0.07599383484,0.05068377259,8.343249005,0
cop_0191,437,0.2951328369,-0.04531778054,-0.001167973821,0.3364297987,0.6324577,0.5878131041,-0.1383190882,0.1612801615,-0.4983025234,0.3580334597,0.6225201247,-0.6145499204,0.6634558571,-0.5574261183,0.384168655,0.5786438395,0.03511584811,0.008915485142,-0.5549065235,0.1666076692,1.301340423,0.2223007029,-2.137913623,-1.651479769,-1.178966136,-3.592379069,1.22343335,1.101565667,0.0842355641,0.08769632758,0.05737915668,0.1324852306,0.08146862348,0.01752842778,0.04466275596,0.07795598335,5.745336722,-0.01427522281,0.117393785,0.1134534352,0.06433992218,5.41966845,0
cop_0191,438,0.2691893685,-0.008424028681,-0.001473926551,0.6505764207,1.152663533,0.1867138957,-0.4298278267,0.2037702041,-0.8668620901,0.2806370853,4.939754489,-0.7199136842,0.5365153795,-0.9282414071,0.03878249892,5.515365413,0.04986966112,0.005226393391,-0.930524005,0.7264184853,2.321741498,0.3485866163,-1.748035824,-1.642103581,-1.311853358,-3.893827525,1.34742637,1.155946727,0.1037806475,0.08841253451,0.0938381619,0.07620186491,0.0837206253,0.02878111993,0.02577270013,0.06968651472,5.780598855,-0.06141882327,0.220490176,0.2003299564,0.09203497469,1.941038161,0
cop_0191,439,0.2470478805,-0.07153818126,0.0004734702813,0.2996018903,0.4993142779,0.3366602848,-0.2788785147,0.4036193378,-0.9149750164,0.5604517923,3.36621837,-0.549804825,0.657541156,-0.8249199327,0.2893048244,3.813026357,0.08165457627,0.08463077248,-0.8164393343,0.8931930227,1.316122047,0.3704730227,-1.711775151,-1.899197433,-1.424793832,-3.809221071,1.314907503,1.252535724,0.09447302856,0.1059396717,0.002316313619,0.2224515255,0.09687888815,0.004987916583,0.06159926459,0.0686840695,12.75653643,-0.04797102415,0.1693555915,0.1479441215,0.08222039187,3.096425274,1
cop_0191,440,0.2862441714,-0.03318374824,0.0005192195303,0.3206366189,0.6028122019,0.02712441243,-0.2544025958,-0.006016645531,-0.8453112954,0.8010976662,4.028182457,-0.271815215,-0.1051989071,-0.7976704304,1.393510051,2.943438218,0.03752342642,-0.01120749922,-1.03512531,1.063114719,2.528782994,0.3978099037,-1.381734597,-1.750288287,-1.522513766,-3.97229586,1.622876808,1.347217754,-0.02046997329,0.1499344947,-0.04822193667,0.1521095091,0.1072028002,-0.01177022426,0.04204731447,0.05364493421,28.09737267,-0.05302887143,0.241153481,0.2081626682,0.1048553577,1.549449783,1
cop_0191,441,0.2615982332,-0.043192698,0.001403422768,0.3483804846,0.6823010918,0.5343821,0.01729297321,0.1453854574,-0.6991627557,0.09115426024,2.950881443,-0.297689282,0.546898572,-0.7772286575,0.04718778609,2.828021852,0.03586101726,-0.01399957824,-0.5027875541,0.4301050524,1.53277392,0.2646277461,-1.707009094,-1.980779993,-1.219924204,-3.629784769,1.216975041,1.219816298,0.05843594588,0.07055849177,0.1250653145,0.1606886223,0.08060001402,0.03285657352,0.04565872248,0.08230972755,6.171341143,-0.02197880639,0.08209015506,0.07714097362,0.05039921358,8.43785853,1
cop_0191,442,0.3060160783,0.01472686385,-0.003087602187,0.6082260805,1.054910669,0.5999414651,0.1551920866,-0.07869175457,-0.6152955551,0.04612931264,2.202490534,-0.5859103274,0.5567938959,-0.5591665314,0.1871579625,1.878640568,-0.002686326541,-0.03164282489,-0.4588641833,0.1788015216,1.523007736,0.09049108543,-2.091601761,-2.169310299,-1.278313759,-3.782285484,1.127983657,1.034539248,0.002222887365,0.09440032095,0.01937418649,0.1454560842,0.08297019177,0.006286536119,0.03711030268,0.07801165747,6.168038226,-0.01165920258,0.1188797802,0.09359028488,0.06206982893,5.451882509,0
cop_0191,443,0.2607601143,0.009427822516,0.000568575594,0.5915345414,1.082166192,0.1289156795,-0.1039675551,0.2944043166,-1.177343685,0.9575136155,2.758826425,-0.03072853655,0.1479495085,-0.8116184697,1.23228134,0.1223773789,-0.0004224162301,0.01215671329,-0.9042337133,0.9407568185,1.847613795,0.3846006124,-1.147946966,-2.087576686,-1.370129481,-3.835650952,1.203424622,1.313345589,0.09023154763,0.1476876939,0.09753254616,0.1698224839,0.1083703328,0.02572191017,0.04631376425,0.06356202464,7.383531492,-0.04611948012,0.2446904303,0.2013735112,0.09878813111,1.54986191,0
cop_0191,444,0.2631480457,-0.0432977622,0.0002645526228,0.5459324517,1.030386648,0.4089514232,-0.05263361444,0.1517945215,-0.7574488203,0.6213529035,0.8732560346,-0.2975205556,0.5082784563,-0.7042951091,1.175208387,-1.284321641,-0.02667650607,0.0412254259,-0.6482552343,0.3056366512,1.552690519,0.1699469301,-1.6858837,-1.944140786,-1.297644061,-3.926565614,1.10819691,1.048833608,0.07334682922,0.08680446843,-0.003721081484,0.1704918377,0.07898811841,-0.002783138812,0.05249005889,0.07042107852,7.871922425,-0.03569428932,0.1393279808,0.1465157049,0.07236256557,3.867885541,0
cop_0191,445,0.3002077569,0.01470598103,-0.0007874059177,0.423068788,0.8311745545,0.373927151,-0.1551886008,0.1297472583,-0.6242559962,0.471864956,2.420484896,-0.6788226504,0.4707159605,-0.4782281609,0.3205636804,2.746083931,0.03632136005,-0.05638819297,-0.6647072085,0.5339997892,2.400274663,0.4027604717,-1.756755968,-1.729923318,-1.206714361,-3.46012128,1.465008703,1.419868467,0.03791350535,0.1217106506,0.1454366424,0.1951826214,0.1117485688,0.03840407502,0.05353661085,0.07342160493,6.247475423,-0.03988681003,0.1847947026,0.1492486057,0.07873361461,2.890286189,0
cop_0191,446,0.2528577517,-0.009010710135,0.0003189778033,0.2795343272,0.5758134097,0.2702749612,0.3981135532,-0.1506543607,-1.072227432,0.6256876787,3.065953826,1.108907956,-0.1170353295,-2.012938631,1.513522433,1.720781683,0.02739333402,0.004054158346,-0.7945856951,0.6672491258,2.200738653,0.3040992611,-1.160773553,-2.089341673,-1.401527221,-3.938502026,1.578513026,1.262475344,-0.04245527433,0.1233397081,-0.001653783339,0.1855361795,0.1020789621,-0.0008960773402,0.04942255217,0.06462368684,6.795973072,-0.04968072047,0.1939149637,0.1737185074,0.09131005285,2.477012445,0
cop_0191,447,0.2484432384,-0.0458691526,-0.002871148312,0.4769567658,1.006450341,0.6227410826,0.01913715901,0.2032240895,-0.8075620505,-0.2382414601,2.467105531,-0.304162758,0.39868437,-0.5991783639,-0.1988451761,2.071983439,-0.02057105005,-0.01726808277,-0.4339051086,0.009992650324,1.263809537,0.2854100841,-1.709002817,-2.131262413,-1.136088555,-3.514768827,1.230547628,1.202581423,0.0548967913,0.08720816965,0.04245476786,0.1243381926,0.08717657802,0.01085415097,0.03345798942,0.09067502287,7.253267946,0.002463661075,0.1171516258,0.0909595422,0.06145014554,5.504524801,0
cop_0191,448,0.3023370457,-0.02337628588,0.001407538899,0.5411700193,0.9301270825,0.5124409082,0.2435757743,-0.1774664059,-0.6970899051,-0.1421714744,3.008479561,0.003118496398,0.1313913569,-0.9343056693,-0.1907547387,3.714977365,0.03614170247,0.008957894498,-0.5549053048,0.3774393984,0.847982084,0.2273524551,-1.759413127,-2.089982861,-1.235471674,-3.76558806,1.312027749,1.170692492,-0.01812437821,0.114172163,0.04041328778,0.1428695148,0.09547693538,0.01097180148,0.03586342929,0.08087093033,6.873107011,-0.01397280337,0.1289827481,0.1123061048,0.07345827485,4.625721938,1
cop_0191,449,0.2444988372,-0.04392853376,0.001203891661,0.4702399316,0.8786571411,0.4750483302,-0.2063099712,0.01551647035,-0.5147764069,-0.2937436626,3.874007633,-0.5373838179,0.2566652308,-0.2066507669,-0.02035817743,1.853390058,-0.02221702833,-0.02236248856,-0.531227946,0.3067279496,1.609485103,0.2397223803,-1.382451203,-1.677443697,-1.172169421,-3.853925518,1.094076232,1.133225378,0.06829542953,0.1004466795,0.09652801906,0.05650213513,0.09135348951,0.0227403184,0.01893962112,0.08403211858,7.631898761,-0.01860374616,0.1323271003,0.1157743329,0.07409103421,4.421280353,0
cop_0191,450,0.3094366061,-0.01253773919,-0.0004506099444,0.5491838046,1.090730772,0.4227343953,0.3567482985,-0.208657647,-0.62437387,0.627401007,0.4616018506,0.2519933492,0.2047849079,-0.962500342,0.7712948372,0.2291769791,0.09177363456,-0.005559914549,-0.7047347146,0.4089267633,1.538382672,0.1665120481,-1.805324342,-1.870731721,-1.161076659,-3.73779605,1.178226825,1.200015767,0.04182113052,0.120866874,0.06355264353,0.09069093759,0.09493972561,0.01956412682,0.03665948036,0.07892867912,6.813598313,-0.03008836571,0.1624575579,0.1442791689,0.07406603459,3.394282022,0
cop_0191,451,0.2991654666,-0.06698945021,-0.001814199601,0.2682475275,0.5800893361,0.2832578632,-0.1310792095,0.1521285457,-0.8896550409,0.1292039049,4.442680018,-0.6727133774,0.5399712639,-0.6977140461,0.07284470578,4.125787653,0.110547344,-0.04417825485,-0.861400132,0.6001717678,2.531078891,0.2453277824,-1.906878338,-1.986236291,-1.321012593,-3.813598505,1.230698173,1.22535998,0.06185935791,0.1157090448,0.1261311391,0.09514341393,0.09385962866,0.03290384195,0.02694039473,0.06786894175,5.128183559,-0.03303074539,0.2227516652,0.171351348,0.09150028744,2.243794113,1
cop_0191,452,0.3052432246,0.04103471632,-0.001588797888,0.6653760159,1.246208983,0.6263724826,-0.08579367838,0.05390530785,-0.329025078,0.93224478,-0.4863049371,-0.6616896737,0.6284027248,-0.3170714279,0.9204580443,-0.4974961117,0.07670968142,-0.0272391524,-0.5145253659,0.2580019587,1.752035373,0.2326271859,-2.077333952,-1.60036277,-1.333235016,-3.828129115,1.236272162,1.054368753,0.02024333406,0.09497895134,-0.01788223408,0.165956436,0.08107119478,-0.005196109701,0.05792743842,0.07032322536,5.82348937,-0.01654833929,0.08712204035,0.07845641774,0.05338667305,7.908680669,0
cop_0191,453,0.3083121598,-0.009919171583,0.001172368747,0.4730015089,0.7178141414,0.3748943162,0.05875223668,0.08426129986,-0.7691555621,0.4496356722,2.320145899,-0.4054038389,0.2771879297,-0.2472261869,1.000260374,-0.6772025573,-0.01425759335,0.03327409914,-0.6753973614,0.5176705735,1.925597646,0.1932212661,-1.533647829,-1.986762132,-1.222745212,-3.883004372,1.112895032,1.202507668,-0.01185913634,0.09845428345,0.03278447658,0.191376222,0.09035229453,-0.002246107618,0.05289720029,0.07679241261,7.54959412,-0.0493864514,0.1722194895,0.1596196264,0.07600821385,3.037788221,0
cop_0191,454,0.2728614827,0.03475328417,0.002049957873,0.5514966308,1.02320577,0.5017032446,-0.05228555822,0.2313374649,-0.7657661766,0.01810619825,2.543095155,-0.6791229463,0.4424039689,-0.2930970373,-0.2816507508,2.898069916,0.1709535239,0.01384992007,-0.6600974419,0.6245426327,0.2025177246,0.1058464624,-1.76471291,-2.058552557,-1.283728264,-3.823368788,1.041511297,1.044342728,0.008823000067,0.06671191076,0.05770605724,0.1096380147,0.07502211583,0.01325210482,0.02931762084,0.07557594953,7.64816128,-0.02807533581,0.1227988746,0.1179743767,0.06742187756,4.86461258,1
cop_0191,455,0.3065983315,-0.04128495353,0.00190020479,0.1464933668,0.1802008375,0.6116459637,-0.09310577731,0.07937941971,-0.470270792,0.09030341255,2.491469685,-0.7202354892,0.6959260855,-0.5593968768,-0.1927891407,3.45106933,-0.002491345193,-0.05928751038,-0.4190496328,0.1898799743,2.090672829,0.08643732359,-2.033535886,-1.962996976,-1.217134842,-3.791621627,1.089539991,1.039058454,0.0306363727,0.08481862714,0.0911705527,0.09105065249,0.07985758051,0.0281339673,0.02549235071,0.07781549795,7.113417678,-0.03358799781,0.1165761357,0.1061640033,0.05925382457,5.511671824,0
cop_0191,456,0.2908484899,-0.05134516986,-0.0006105792164,0.3314291873,0.762489753,0.2814987848,-0.02817236192,-0.0409503926,-0.8481728626,-0.09312027955,4.11105954,-0.1089185245,-0.07499547225,-0.7488772191,1.197389947,0.7384668898,-0.0626479838,0.04684422466,-0.7416281874,0.4215430421,1.677927426,0.1905954672,-1.088339323,-1.955517068,-1.377381583,-3.968062758,1.481056405,1.062358899,-0.08011683785,0.05798086074,-0.09358007057,0.1110626103,0.07311124732,-0.02999344173,0.02491999643,0.07009897994,8.608773164,-0.0241756769,0.1859410049,0.1625141129,0.09451532491,2.446708155,1
cop_0191,457,0.2730182732,-0.0100618324,0.0004332271695,0.363220168,0.7204505654,0.4371476405,-0.001325545808,0.01771923296,-0.6366401829,0.3644207219,1.339342524,-0.7921863922,0.5582311129,-0.3305568945,0.5888478891,0.4515840365,-0.006363629394,0.03339717405,-0.6399446959,0.2299338643,1.585353852,0.2493727099,-2.000270104,-1.751979194,-1.224561463,-3.839264425,1.287536294,1.126112024,-0.01024286122,0.05512959286,-0.02762672326,0.1518723223,0.07470518178,-0.01355866536,0.04550160519,0.08068318072,7.866466219,-0.03608608963,0.1360473126,0.1445633164,0.07312260745,3.896871482,0
cop_0191,458,0.3025995949,-0.02427941349,0.001230336668,0.3714392245,0.6581361388,0.6061668066,0.1599998023,-0.009683231787,-0.623875345,0.02321454596,2.317648219,-0.5670274628,0.50027137,-0.4798664516,-0.3242764684,3.340205821,-0.02697712098,0.0438491199,-0.4551432125,0.3576444302,1.099386816,0.1580721096,-1.742624217,-2.101925264,-1.207265935,-3.692302049,1.155645217,1.149733478,-0.04034628598,0.0750799755,0.06736240766,0.09974147443,0.08537436913,0.01713806197,0.02693072027,0.0809387737,5.495404769,-0.02702800049,0.1084735805,0.1000216127,0.0580160884,6.071449571,1
cop_0191,459,0.2675761961,0.004624887206,-2.595953774e-05,0.58864992,0.9973019143,0.1838109386,-0.06106122113,0.1045664583,-0.8183517044,0.9211300304,1.551158871,-0.7290167027,0.3827363704,-0.3788703751,0.7116909328,1.555822354,0.07774976317,-0.03486222692,-0.8929456269,0.8355523,2.05932222,0.2919641804,-1.819713407,-2.044776103,-1.374125045,-3.692966221,1.279138394,1.303574011,0.003048001541,0.1272021104,0.1037245213,0.148236487,0.1007421053,0.01973846248,0.04180117805,0.05924491379,7.274262277,-0.04338857677,0.2242055488,0.1884527492,0.0875515208,1.92133378,0
cop_0191,460,0.2782775431,-0.05341366162,0.001385065494,0.2023660342,0.1681751937,0.01450876925,-0.002282460762,-0.1086947544,-0.8599465059,1.645466852,2.308429947,0.04749790638,-0.1308705848,-1.140959231,2.151405308,2.746783902,-0.02246598432,-0.01270870583,-0.9731934577,1.498536914,2.578440431,0.3551532359,-1.229519054,-2.008381629,-1.509463803,-3.949617642,1.659926301,1.362160853,-0.01371987399,0.156134518,-0.0623303234,0.1248589909,0.1087513732,-0.01161666933,0.03424565967,0.0501580667,8.166918848,-0.07243689545,0.269596683,0.2215901135,0.1041442459,1.36540797,0
cop_0191,461,0.2951254419,-0.04435387605,-0.000211925833,0.3512760987,0.7622318627,0.4711717456,0.1010243507,-0.07212051295,-0.5875212068,0.1943486879,2.413631945,-0.1457754461,0.304050039,-0.6729446861,0.7777312549,0.6601103688,0.03152075786,0.01529756585,-0.6286052706,0.3148115963,2.081664861,0.2503676847,-1.605594353,-1.797181503,-1.141046672,-3.691379076,1.328210603,1.215488484,0.03280262484,0.0722837067,-0.05816433374,0.1737768216,0.08465260946,-0.01765714448,0.0519810449,0.08223771752,7.674114102,-0.04212232556,0.1265580443,0.1252505066,0.06244461597,4.759173269,0
cop_0191,462,0.269840913,-0.0050481409,0.001895957616,0.6895876676,1.15997603,0.4040321993,0.2428529907,0.03697673982,-0.8945008883,0.6860309577,1.485784774,0.006714367951,-0.01676113106,-0.2830171429,1.491483675,-2.412178914,0.2438191957,-0.1287698475,-0.6749561681,0.9109863858,0.3152845735,0.2473447603,-1.429777128,-2.10193537,-1.30024663,-3.65569627,1.17301732,1.215435871,0.0519836441,0.1077094223,0.03306125341,0.1955336179,0.09420930628,-0.0009456778503,0.05339982033,0.07411905935,11.83428333,-0.02126585216,0.1552323342,0.1273262885,0.08059320131,3.596027477,1
cop_0191,463,0.2661065874,0.006076996632,-0.001802132099,0.6650575537,1.201411473,0.3701825765,-0.4100772285,0.218003875,-0.6049343585,0.08433601803,3.042949539,-0.4239508741,0.5225191415,-0.7657577748,0.4982639918,1.407110118,-0.05933906402,-0.0383864877,-0.5498717268,0.3788722994,1.457251235,0.2151545153,-1.468972841,-2.079871996,-1.328152794,-3.864220749,1.09135239,1.03809758,0.1341441932,0.09297357344,0.08445138419,0.06508414504,0.0805810514,0.02423751222,0.01914084994,0.07382445723,7.495214956,-0.03609881138,0.1708947423,0.1590765523,0.08225074584,2.879303381,0
cop_0191,464,0.2465670248,-0.01163872457,0.0004957446934,0.2230757611,0.1404256885,1.022420646,-0.06686789012,0.1144706585,-0.2757190053,0.3663911753,-0.3118585218,-0.7499675472,0.5911091792,-0.1053611912,0.261251908,0.03434260046,0.1184023302,0.09683516284,-0.4799143268,0.3924690634,-0.1191496351,0.2499272761,-1.864249247,-1.946068184,-1.334691718,-3.2619417,1.319342302,1.11675081,-0.01943459997,0.01402734358,-0.04562598792,0.1517795909,0.06177418279,-0.01498669232,0.05341039166,0.08715388373,4.091406689,0.04316344473,0.2261244058,0.06885529357,0.09845463369,2.886956317,0
cop_0191,465,0.2699310743,-0.04088468266,-0.001095152942,0.3683863142,0.7863181136,0.576462527,-0.3085897578,0.222895031,-0.5529984874,-0.1923632793,2.590074582,-0.9731544272,0.6334451405,-0.3616297786,-0.3841488717,3.335273864,0.01781120381,0.08841695294,-0.5650266269,0.4219321881,0.06040644542,0.2880615099,-2.186599672,-1.591140166,-1.189249038,-3.671301286,1.372494644,1.104689126,-0.01762941874,0.0666205613,-0.01013404045,0.1255476177,0.07642538541,-0.002138515515,0.03838970017,0.08853030116,6.476585165,-0.007167783999,0.1229852174,0.1037930061,0.0675010731,4.935917277,1
cop_0191,466,0.2651158405,0.005290033057,-0.001473676415,0.4440136711,0.7605443704,0.2818362568,-0.2268657734,0.2921969831,-1.025350263,-0.1238910196,4.895582866,-0.1127939172,0.135819258,-0.6632696702,0.4783708825,1.558639802,-0.04902482971,-0.009093370513,-0.6760487679,0.5369413652,1.737780014,0.3241214811,-1.255809633,-2.226348016,-1.338221963,-3.975228083,1.167374521,1.21311205,0.1143351881,0.1487558957,0.05316485713,0.1154838294,0.1040907195,0.01564913448,0.03116007612,0.07176477737,9.152085412,-0.026141804,0.1814536035,0.1554915816,0.09144918357,2.621847533,1
cop_0191,467,0.2877266141,0.03132206163,-0.0002197697551,0.6717604559,1.206777573,0.408957349,-0.2580336299,0.2927236423,-0.8430151371,-0.3113968732,4.466040108,-0.2761728523,0.4770444286,-0.7699215487,0.333527693,1.682822383,-0.0698962374,0.0178359623,-0.569493433,0.2790331765,1.649348763,0.162590303,-1.51975114,-2.152092233,-1.400043658,-3.930609401,1.05119746,1.038296039,0.08263216008,0.06743099098,0.01365202891,0.1839565931,0.07585969874,0.002456469064,0.04884469425,0.06808105244,7.653922977,-0.0393048064,0.1515678355,0.1499626414,0.07594875933,3.473599261,0
cop_0191,468,0.2700545533,0.0003267024021,-0.001769931647,0.614188454,1.141563938,0.1890618806,0.06437747953,0.2429741966,-1.245760999,0.6866019851,3.076480043,-0.2037356285,0.07879839911,-0.582179057,0.6884933875,1.744808456,0.02735971589,0.007929482977,-0.8817724606,0.7451451474,2.12932464,0.4165096024,-1.171904085,-2.088549902,-1.405430521,-3.637159431,1.357784835,1.381224029,0.07550270811,0.1459793201,0.04369935644,0.2065584895,0.1086024474,0.01124771161,0.05172240729,0.06306806046,6.272086382,-0.03412401597,0.2077279951,0.1762106019,0.09546023851,2.198316342,0
cop_0191,469,0.2815094026,-0.005686961945,-0.0008348261645,0.6927898182,1.196089826,0.5611905569,-0.1343833582,0.1194358607,-0.6578955436,-0.4804011702,4.749394018,-0.5821280632,0.6414578608,-0.6887601844,-0.5316072092,4.734379819,-0.01686490384,-0.01564820869,-0.486293555,0.1573358665,2.069880731,0.1740874546,-1.79696191,-2.037154936,-1.223479583,-3.87030771,1.132118961,1.096456512,0.04844860999,0.06982809932,0.04585586825,0.1573352612,0.08164125255,0.01252802592,0.03893253528,0.0820843244,6.740645652,-0.03299526295,0.1114102079,0.1086168055,0.06360991068,5.597272054,0
cop_0191,470,0.2782705419,0.001185434979,-0.00214215675,0.4083992272,0.7830235616,0.5087858685,-0.03709695002,0.004040071365,-0.6509029505,-0.3229087377,4.290684602,-0.7220090189,0.4998606583,-0.5288908524,-0.454887699,4.857895529,0.07214623326,-0.02202235741,-0.5708445943,0.3722321911,1.436885436,0.2609998017,-2.032954617,-1.888938895,-1.237271631,-3.7866468,1.316595944,1.180806175,0.004223228405,0.1133671675,0.02033037007,0.1725668845,0.09507348059,0.00682099321,0.04431958536,0.08269868857,5.783492845,-0.01988766791,0.1165434399,0.1011649146,0.06661278476,5.504399137,1
cop_0191,471,0.2275501464,-0.08542789534,-0.001627203041,0.4080404732,0.6966147692,0.5424443791,0.1262977323,-0.0992165928,-0.6811386311,-0.5902371965,4.898311525,-0.6180440738,0.3824843543,-0.5805097937,-0.7655204751,6.048036109,-0.003357508117,-0.01824301342,-0.5068034278,0.09642802692,2.272066097,0.1826774738,-1.716470613,-2.026192301,-1.283713231,-3.877924707,1.282956827,1.138806051,-0.04986621176,0.08031008693,-0.04098896376,0.1475039564,0.08370058202,-0.01024082212,0.03961752249,0.08016654805,8.153497723,-0.01679123361,0.0931472534,0.08342919933,0.0578837728,6.990340169,1
cop_0191,472,0.2487328702,-0.02979857658,-0.00071650472,0.3973841865,0.687718357,0.4822587991,-0.2497936837,-0.01480929703,-0.577851415,-0.9713698685,6.294591191,-0.9635328717,0.5869794672,-0.4959747986,-1.101923706,6.89187653,0.000122373035,-0.01690545357,-0.5576799953,0.1706690831,1.772524873,0.2634605352,-2.24867338,-1.752244584,-1.142716764,-3.745973184,1.289077948,1.157619825,0.01904779125,0.09733372031,0.006447158732,0.1065111784,0.08908284934,0.002055821637,0.02597631246,0.08866381217,8.993495833,-0.02355981207,0.1382114556,0.1250997144,0.07331128301,4.175032052,1
cop_0191,473,0.2943919506,0.01267089355,0.002290016266,0.3742671198,0.6509893795,0.2837170174,0.09372188834,0.1435213666,-1.058881906,0.4505102765,3.7624741,-0.00767928738,0.2842447668,-0.8255922458,0.6961052454,1.397156532,-0.03390064926,0.04479755293,-0.7654966269,0.6593517684,2.376889485,0.2159372776,-1.429734032,-2.046539423,-1.368373455,-3.914515429,1.074363917,1.193577351,0.02805792898,0.1305818452,0.0504275964,0.1471606701,0.09889060181,0.009435781017,0.04207251704,0.06743929501,5.996207693,-0.04715934169,0.1838583161,0.1651801121,0.09056895922,2.753588544,1
cop_0191,474,0.3118917785,-0.001867013507,0.0002489851566,0.6224250548,1.044315918,0.529025453,-0.197805822,0.2588680455,-0.7642012701,-0.6535177752,3.230881848,-0.326866981,0.7449509874,-1.000804435,-0.3577332295,2.123152737,0.02534991764,0.04189004746,-0.574756734,0.1279021305,0.2829205764,0.09524608808,-1.700563474,-2.220098114,-1.334120327,-3.961400394,0.9963059322,0.9611013843,0.09237736151,0.05392636292,0.03691076523,0.1378660375,0.06897986532,0.01175070246,0.0366751857,0.07526587138,9.161181534,-0.00275352568,0.1077042323,0.1074483839,0.06617101428,5.352862475,1
cop_0191,475,0.2843688917,0.0286040459,-0.0007367707351,0.2285076972,0.4978899357,0.5746772751,-0.2356251357,-0.01225445596,-0.4771661747,-0.967521226,4.550926604,-0.9560145871,0.4040088477,-0.1604473744,-0.6309346295,3.377979301,-0.05396799893,0.01767246724,-0.4610855418,-0.03241699464,0.9777763705,0.2369457847,-1.647838497,-1.921918174,-1.275515293,-3.969741987,1.381440695,1.094579671,-0.07875124903,0.09269994399,-0.06039632493,0.1035237756,0.08483480734,-0.01947088714,0.02614261954,0.08050064943,7.359515522,-0.004567615965,0.1132261736,0.1046303047,0.06544890232,5.378108367,0
cop_0191,476,0.2946492528,-0.02014198391,0.001203395345,0.2274254019,0.5325924516,0.4013095424,0.02960185985,0.1220069811,-0.6629943212,1.002018954,-0.1017578348,-0.4547729652,0.5375993946,-0.6122550763,0.8694531118,0.2180601237,0.08109355456,-0.01566650774,-0.7034110106,0.4592800578,1.776601387,0.1108604551,-1.951154004,-1.957757586,-1.417766316,-3.90830373,1.086641863,1.060999181,0.02339980003,0.09059170436,0.05992988787,0.1583093357,0.07957536068,0.01576880582,0.04996525118,0.05910665694,7.160727215,-0.05485808327,0.1504018393,0.1602278949,0.06973410343,3.609003165,0
cop_0191,477,0.3013169187,0.07677528175,-8.835755359e-05,0.4581276401,0.6982930064,0.4526653622,-0.1465363353,0.1953873183,-0.7862839465,-0.2467297006,3.81741143,-0.360890991,0.4741144967,-0.7557942177,-0.2297523594,3.297462405,0.04202468253,0.01594104881,-0.6249351148,0.3746759545,1.233724711,0.2375957029,-1.638307886,-1.957736762,-1.250298841,-3.752153639,1.144140441,1.102679063,0.1033121955,0.05839745439,0.08104534716,0.1117061156,0.07484564169,0.02600494002,0.02918018321,0.08150338939,7.714895467,-0.02635941355,0.1273120988,0.115952455,0.06801919449,4.584144638,1
cop_0191,478,0.3098238261,0.04571374098,-0.0004727875479,0.3263559437,0.4989085883,0.4444589451,0.1785059381,-0.0319645341,-0.6157645558,0.4453197634,0.9156051344,-0.6368807269,0.4119261699,-0.1250998467,0.5438915619,-0.2466227965,0.009121077269,0.00889636936,-0.619128377,0.291158605,1.76150847,0.237688869,-1.702575265,-1.896596346,-1.097239078,-3.712193172,1.19201594,1.280939314,-0.04001650553,0.07458851937,0.1212182994,0.1324840375,0.08835694179,0.02366404607,0.04322580236,0.08912397583,7.980057163,-0.04500512531,0.1278696125,0.137322337,0.06640742955,4.385758209,0
cop_0191,479,0.2950652106,0.009520483645,-0.0008066288693,0.5403799746,0.9250188081,0.6883968166,0.0731172129,0.2433739567,-0.7449302656,0.4499727828,0.6892053766,-0.5199850808,0.7194201234,-0.6117437793,0.3433270182,0.8518161895,0.04835192907,0.1017854511,-0.5848265004,0.2802334842,1.074658775,0.2068255252,-1.988322445,-2.163073662,-1.330778383,-3.668806994,1.200942672,1.12327918,0.05132774188,0.09773667362,0.03612596031,0.1479615581,0.08782628209,0.009430733504,0.04427690375,0.07291191798,7.402555494,-0.00181256749,0.1063921776,0.08028945942,0.063066661,6.222524627,1
cop_0191,480,0.2516018708,-0.02016383435,0.0001588141454,0.6799610938,1.231134439,0.2757998621,-0.2277092528,0.002612431,-0.6007439324,0.4067121647,1.551192961,-0.7115140793,0.5428315526,-0.6247039032,0.5464249192,0.9668026499,0.004928967398,-0.005118307744,-0.7546997363,0.3606674153,1.452399962,0.3422751012,-2.011838727,-1.709710082,-1.260673115,-3.881950496,1.378678932,1.194341615,0.04345500907,0.1472024939,-0.0009758768979,0.1248384447,0.101521877,0.001572349191,0.03801778194,0.07634786107,7.943291821,-0.03388568107,0.1919892654,0.1832933819,0.08871917713,2.26985729,0
cop_0191,481,0.2581579445,-0.04056753252,0.002411354289,0.3080605355,0.6170754478,0.3448669227,0.4044626547,0.1599217114,-1.238832973,0.7280452612,2.049951601,0.1682846314,0.1925429771,-0.8113475327,1.26176702,-0.8256707688,0.5256258172,-0.1165895811,-0.9729607568,1.265462147,-0.3043640702,0.1950438641,-1.788116054,-2.205480251,-1.336492105,-3.915183804,1.12456636,1.15848231,0.0399710224,0.1075919073,0.0565494021,0.1525073808,0.0888268882,0.005532968977,0.03904163272,0.07330154226,7.040027514,-0.03331521932,0.1419210365,0.1304963692,0.08065537451,4.041957359,1
cop_0191,482,0.2814421935,-0.002075138316,-0.0009541364817,0.7628391983,1.482072227,0.5622443453,-0.05033562832,-0.01601375265,-0.4506365039,0.09546152256,2.875236169,-0.6254447599,0.6285121495,-0.5230297576,0.2282774216,2.402164429,0.03661106339,-0.02220707501,-0.5243735671,0.3097404651,2.122021937,0.1797363819,-2.218788783,-1.988637364,-1.231367042,-3.728825117,1.19111593,1.130052356,0.03487935727,0.1014206664,0.07079112894,0.1336275818,0.08898017506,0.01827620698,0.03994759073,0.07851782164,8.023693745,-0.03452564945,0.1223482541,0.1088669233,0.06260686734,5.11102479,0
cop_0191,483,0.2850321816,-0.07558897538,-8.912489165e-05,0.117317888,0.4013571965,0.390385733,-0.1686252851,0.1169031677,-0.7104206121,-0.2701128548,3.960742304,-0.5449426389,0.2153793235,-0.2409585748,-0.175883631,2.664349035,-0.0815288843,0.01761514594,-0.5916704533,0.2600443066,1.750292606,0.1487806928,-1.455437477,-2.278523492,-1.226205935,-3.878691818,1.025590541,1.104645209,0.03745511205,0.07817377376,0.07373989067,0.09563971977,0.08316593253,0.01420195202,0.02213428917,0.08227833223,7.741503099,-0.03053920374,0.1687943003,0.1525200673,0.08327368004,2.986831537,1
cop_0191,484,0.2878808048,-0.0160352175,-9.912616004e-05,0.3754224924,0.6351192987,0.5337969161,-0.2235660333,0.07952246238,-0.5211997347,-0.2857070945,3.574933083,-0.7097158715,0.5692347977,-0.5498970098,-0.2814768706,3.54023563,-0.01540148607,0.01015752877,-0.5335633525,0.1231970709,1.826474467,0.21742843,-2.032040826,-1.893492492,-1.196406848,-3.84509015,1.223681532,1.059668523,0.06652934173,0.06835713037,0.05997421353,0.1367520759,0.07616325613,0.01658926345,0.03799216282,0.0857169139,7.97075671,-0.02646580723,0.1152771619,0.1086537611,0.06192070435,5.320670326,0
cop_0191,485,0.2627882371,-0.06527486528,-0.002167565257,0.6165491256,1.237849112,0.4052163169,0.2152676312,-0.1651194611,-0.7560573527,0.5911682027,2.13676462,-0.2245258694,0.1548593334,-0.595274866,1.166001043,0.2799680901,-0.02968160375,0.04769417286,-0.6688006482,0.4661494221,1.988273559,0.2834863181,-1.79435855,-1.808178167,-1.24851875,-3.796762153,1.374391762,1.183761329,-0.07021048772,0.1115545442,-0.03503202825,0.1532281336,0.09402710679,-0.01582260776,0.04231658247,0.07965909288,7.951216766,-0.03055347746,0.1713396626,0.144136001,0.08835444344,2.990798251,0
cop_0191,486,0.2858158032,0.02815476797,-0.001259287043,0.4093308038,0.5109075001,0.1980902,0.01239644943,-0.08455166519,-0.8799949413,0.6330669584,3.470192034,-0.4694684393,0.4022107079,-0.9611162369,1.024990068,2.791924773,-0.03490160401,0.0157723782,-0.8152556329,0.8410684717,1.968122225,0.251497509,-1.989464329,-2.030948283,-1.311094579,-3.904234408,1.341856356,1.189252656,-0.01465367867,0.1249254404,-0.009640713226,0.1233692393,0.09762583217,-0.003317874375,0.03054551939,0.06773436858,6.630190645,-0.04428527957,0.2379056403,0.1914337252,0.09769599418,1.724303295,0
cop_0191,487,0.303108131,0.04297197089,0.0009402564906,0.4540796712,0.9408670008,0.1509114947,-0.2003820828,0.234976984,-1.042422275,0.3811620701,3.562303433,-0.2668972477,0.3169831035,-0.8692517192,0.6239044317,1.843968304,-0.07637737411,-0.02499240669,-0.75551968,0.7214242436,1.657270799,0.3014062955,-1.46580187,-2.408023125,-1.317724269,-4.021188012,1.203935917,1.231733607,0.08739230567,0.1318305388,0.07809714547,0.1207323202,0.1010081851,0.01786135074,0.02906873037,0.07181155993,9.078041581,-0.03736292319,0.231036374,0.1990919332,0.1027203778,1.638560896,0
cop_0191,488,0.2808860757,-0.01905103816,-0.0003717180204,0.4464311925,0.8505678095,0.4663838802,-0.1113144962,-0.05556654927,-0.5548161964,-0.2435804264,3.323875539,-0.6124428336,0.5494916189,-0.564485242,0.4854516133,0.6613875743,-0.04489826698,0.008744045274,-0.5552411099,0.1675688817,1.545023387,0.2393628826,-1.885513033,-1.845293184,-1.224186434,-3.967957984,1.27050652,1.141083973,0.02929632276,0.1300988427,0.04490190921,0.1021466441,0.09819638043,0.007146803661,0.03068620745,0.07907158755,6.722380825,-0.0234236955,0.1343958607,0.1279751924,0.06981591759,4.259489702,1
cop_0191,489,0.2594809354,-0.03197535417,0.0005439076782,0.4493782911,0.9033985095,0.2469283353,0.1925213855,-0.1892695437,-0.8542478823,0.749578703,1.987701438,-0.08673006878,-0.117324744,-0.7111903449,1.393473729,0.4162628653,-0.03419958643,0.01708987454,-0.7673021935,0.5578947047,1.991795555,0.3034968492,-1.321779903,-1.950755353,-1.43784602,-3.96567674,1.545474159,1.16308644,-0.1246102343,0.119034988,-0.05569963225,0.1633555692,0.09338330111,-0.02238253316,0.04535833355,0.06329872677,7.855620823,-0.03013021004,0.18976412,0.1653547562,0.09569592778,2.421819837,0
cop_0191,490,0.298539382,-0.01484013811,0.001379032036,0.6291048989,1.129973763,0.4472560303,0.2393785916,-0.05202200458,-0.7310625717,0.3560142645,1.148942222,0.05946933349,0.2973259898,-0.8710163057,0.6456060717,0.1705076066,0.0757158782,-0.01019748741,-0.6681010606,0.3003192752,1.347743618,0.1297432373,-1.77566539,-2.046835658,-1.18245619,-3.77908062,1.126865205,1.123505927,0.0473285982,0.08924557896,-0.01857643474,0.09767074921,0.08650754877,-0.005541801652,0.03292580402,0.07821702852,6.842771607,-0.03199044044,0.1450787732,0.1426375171,0.07031954083,3.804882188,0
cop_0191,491,0.2755205234,0.0009295037197,0.0002924518363,0.6478626451,1.184908095,0.2546535522,-0.4230708684,0.1708529006,-0.6054411712,0.4480407582,3.250087637,-0.9105814791,0.5763715744,-0.5925782446,0.2447104146,3.91237782,0.01569164187,-0.04060288073,-0.7500653416,0.5306052327,2.438390348,0.3049789092,-1.975059516,-1.749215414,-1.416664441,-3.901107815,1.352116286,1.14465691,0.08607927311,0.08918378341,0.1011424432,0.1220338732,0.08429084924,0.03015070366,0.03714921418,0.06328429036,8.32197659,-0.04583029482,0.1819052124,0.1680096187,0.087150589,2.658958154,0
cop_0191,492,0.2802709004,0.01220680605,0.0006203951463,0.4174241855,0.6702930699,0.5606881981,-0.006319101517,0.2275796626,-0.7252370245,0.3641919263,1.988337333,-0.6575574613,0.7295792914,-0.5748531289,0.40493151,1.776874073,0.01581640272,0.004447666793,-0.5448612289,0.2377448697,2.197044717,0.1720310988,-1.958809158,-2.070773348,-1.327415085,-3.792927533,1.16014081,1.114019046,0.06034865349,0.06631467995,0.0719376443,0.1764631475,0.07802738585,0.01988801947,0.05409669345,0.07199829232,6.287483944,-0.02055649472,0.1059276235,0.08830349197,0.05947247269,6.298865547,0
cop_0191,493,0.2789874679,0.03132843269,-0.0003057902497,0.4321909842,0.741605657,0.3346543661,-0.226941296,0.1891553613,-0.7711785851,0.0837171871,3.610058665,-0.4170711071,0.4118699344,-0.7309084445,-0.03800424052,3.479846646,0.06698705657,0.0221593124,-0.7543487047,0.6356360383,1.187967235,0.2469929694,-1.705823952,-2.070793252,-1.276149214,-3.833406494,1.211516638,1.187039809,0.02889195333,0.1240541922,0.0232435193,0.1212435578,0.09725230916,0.005276627333,0.03112191376,0.07711718496,6.925519729,-0.02160265485,0.1917538103,0.1514665734,0.091765888,2.545624048,1
cop_0191,494,0.2248955617,-0.02035544529,0.0005551469306,0.3915735481,0.7702677307,0.228791185,-0.09134748574,0.2252105442,-1.061842984,0.1874027833,3.884622927,-0.3678570445,0.1667447476,-0.4967949146,0.3685397375,2.047771786,0.07610544536,0.009432548794,-0.8445153934,0.7993049151,1.149547977,0.2941870935,-1.350633155,-2.062814358,-1.325352729,-3.878749012,1.193879164,1.226714211,0.07473747948,0.1136432637,0.04232416421,0.1638993638,0.09608747633,0.01201383868,0.04125970577,0.07173760992,12.84160041,-0.03803466726,0.2005453538,0.1736931029,0.09253524791,2.208640134,1
cop_0191,495,0.2917031334,0.02182758045,0.001849617568,0.6862315505,1.134699678,0.6617308564,-0.226197159,0.1019539894,-0.5037697871,-0.6509081523,2.707067786,-1.008988777,0.6814653991,-0.3495461523,-0.8206338116,3.379364655,0.002037845868,-0.008011420023,-0.4422364727,-0.09777626861,0.4998467939,0.1496485716,-2.120508677,-1.80094086,-1.240043627,-3.741537615,1.174126557,0.9829444528,-0.01176441203,0.0203628565,-0.02187122735,0.08569266103,0.05836390198,-0.006776888315,0.02247180862,0.08351354055,7.744823602,-0.007261507753,0.1007884885,0.1019865445,0.05815176961,6.026997112,0
cop_0191,496,0.3120816805,-0.003704786727,-0.0004777641685,0.2589477165,0.6159733242,0.5783369584,0.08778482576,-0.02566351997,-0.6936995535,-0.4090041412,2.733999816,-0.4661784958,0.4945657179,-0.6845333034,-0.2189701733,2.399672382,0.06601137034,0.01801256325,-0.5535289192,0.21308773,0.2431470352,0.1681570787,-1.920869968,-2.109451379,-1.175136587,-3.772082263,1.199431448,1.091731289,-0.0001383692769,0.07368812352,-0.06188782066,0.1019935173,0.07945956278,-0.01765683716,0.02059153773,0.08834592081,12.18642337,-0.007490315702,0.1214959574,0.1150600857,0.06972324377,4.773453896,1
cop_0191,497,0.3071556425,0.02508838887,0.002289369636,0.3866066462,0.6785482919,0.6119478332,0.3821076159,-0.1482986638,-0.8067397827,-0.1851219147,3.192739385,-0.2797476086,0.345772287,-0.7349925543,-0.256926147,3.689687897,0.1551862273,-0.006676422927,-0.5811894179,0.3925797794,0.8468882864,0.1935623295,-2.164085997,-2.075183058,-1.260348866,-3.820269766,1.262433967,1.115381717,-0.02617332672,0.09405354891,-0.02006439031,0.1570403503,0.08820855678,-0.004858349503,0.04198436057,0.08364902059,8.61441874,-0.01410412093,0.08315408579,0.075089057,0.05389165667,7.93372447,0
cop_0191,498,0.2995385492,-0.007547213279,0.0004909825837,0.4030218369,0.7247213123,0.5928952719,-0.2660567694,0.2578926315,-0.6422507277,-0.501857669,4.147825261,-0.9497524716,0.6996689717,-0.4575616718,-0.813291766,5.195867909,-0.01141267697,0.002620232055,-0.4815827617,0.06226515236,1.773018126,0.1679033028,-2.191051708,-1.977218697,-1.260732807,-3.891055266,1.175285649,1.055129632,0.05961969515,0.06957546164,0.06280483094,0.100337636,0.07672992884,0.01957074427,0.02509779542,0.07984132278,9.937343281,-0.02156785682,0.09723888015,0.09611172307,0.0586445462,6.505465226,0
cop_0191,499,0.2484616567,0.03835208061,0.0002851854539,0.8414636115,1.490600785,0.3007172728,-0.3315869327,0.2046693666,-0.695270416,0.4075973057,1.455554042,-0.6061589326,0.6145287957,-0.8053612559,0.416276486,1.344283209,0.01380492874,-0.01653632264,-0.7225514668,0.3489454603,1.258657272,0.2683664908,-1.993449068,-1.891583587,-1.241892859,-3.855789463,1.243005796,1.102733981,0.1140788583,0.09641627674,0.07583815325,0.1098873901,0.08364849441,0.0212371397,0.03689670739,0.07558403361,9.598442631,-0.03466034343,0.1786188487,0.1779867755,0.08496252056,2.501717112,0
cop_0191,500,0.2972111059,0.002032268019,0.0002715452244,0.6293199039,1.163159424,0.3672007401,-0.2416940071,-0.02010642542,-0.5876158975,-0.5775162667,5.413516702,-0.955636024,0.3682820057,-0.3424635112,-0.5998591987,5.789365076,-0.06803323091,0.007556202444,-0.5933087955,0.3083481505,2.039291215,0.1603119504,-2.041089355,-1.842676323,-1.280377901,-4.074576421,1.260273823,1.0414381,-0.0349561403,0.09505559309,-0.03099792678,0.1321642137,0.08235254356,-0.0106627421,0.03435193803,0.07894228968,9.004512084,-0.0304899336,0.1429303178,0.1325331884,0.07824567852,3.764927473,1
cop_0191,501,0.2782349795,-0.001148055201,0.0011976351,0.5861478672,0.9728236595,0.1726205249,-0.09634935019,0.2276645891,-0.9203356852,1.130377536,0.3315907135,-0.1423518686,0.251170754,-0.7041181506,1.113944811,-0.8565854929,0.09396311165,-0.012387499,-0.8165821183,1.153918734,-0.2289998115,0.2597357576,-1.444157934,-2.064106545,-1.422929446,-3.803760802,1.149052847,1.183488188,0.07302925831,0.1247944374,0.08526063913,0.1176817975,0.09357933213,0.01971653251,0.03305107473,0.06112938256,5.699779343,-0.04376494285,0.2057412349,0.1889819007,0.09001186783,2.194423056,1
cop_0191,502,0.2892928766,-0.02441014419,0.0004632245587,0.2887749639,0.400759815,0.1344080257,0.6428347605,-0.3528688216,-1.238703477,1.261237938,1.251751347,0.7399485543,-0.4904982937,-1.297889133,2.017233012,-0.458718338,0.07520677307,-0.005090171905,-0.9737322526,0.8467549959,1.745748968,0.259180194,-1.165804179,-1.895623186,-1.44810132,-3.879070216,1.488206344,1.125376916,-0.113708482,0.09496872319,-0.01010543069,0.1959140685,0.08387705473,-0.006535707587,0.05290724712,0.06024709551,6.517713,-0.05338720101,0.2286007066,0.203373105,0.09288727197,1.738081054,0
cop_0191,503,0.250935327,-0.04442681209,0.001383579361,0.4937189688,0.9615119563,0.4786421473,-0.2111510454,0.1086218763,-0.6795402575,-0.564269867,4.696418242,-0.9019223324,0.5721075843,-0.4577948134,-0.6124039741,4.781310813,0.1144659702,0.01134033916,-0.66585484,0.4711106376,0.6925635975,0.301711684,-1.994680739,-1.673516556,-1.201547121,-3.78116734,1.360457199,1.15757185,-0.007237304178,0.09912011949,0.004466460105,0.1347307999,0.08958082182,-0.001526569243,0.03846729898,0.08666139602,9.212046667,-0.01296895795,0.1192030895,0.1052836316,0.06887374307,5.011485853,1
cop_0191,504,0.252810013,-0.01064150279,0.002758017398,0.4072283555,0.6909346757,0.46750308,-0.1418990052,0.2199508556,-0.7780933013,-0.07704582709,4.352373901,-0.2255963394,0.6077879473,-1.000623087,-0.05705289923,3.88034811,-0.04923177557,0.04384514463,-0.6043930638,0.3013490721,2.632471899,0.2093095957,-1.691508935,-2.238658389,-1.468341397,-3.834106795,1.110357615,1.130622845,0.07401763933,0.110595342,0.08309506956,0.1775740301,0.09057195819,0.02408790914,0.04819698308,0.0668883849,4.770365703,-0.01095180282,0.1210836728,0.08781369275,0.06909717908,5.713302833,0
cop_0191,505,0.286966536,0.02844732798,0.001464102949,0.7397537116,1.246156227,0.3848462509,-0.1747792379,-0.08927471504,-0.5954059051,-0.6005786106,3.971770093,-0.7974607658,0.3064468613,-0.4098990879,-0.6709132359,4.317019748,0.03771608078,-0.04474443179,-0.6543790212,0.1158756749,1.196609761,0.1544559645,-1.848874078,-1.839218901,-1.303533448,-3.823372065,1.197606579,1.004858136,-0.05069120365,0.05186057555,-0.04542999674,0.1053981113,0.06710769078,-0.01417556609,0.02952702881,0.07539337465,7.215812391,-0.01080922687,0.1700376755,0.1456278789,0.08096266992,2.948930369,0
cop_0191,506,0.2595373093,-0.01105405657,0.002552135607,0.2623039612,0.4093734083,0.6666810307,-0.09818656433,0.2584207654,-0.6773591415,-0.06644912162,3.072941174,-0.5857812302,0.7497930592,-0.6371641289,-0.1320645346,2.965698275,0.06545934166,0.07835036505,-0.5408474016,0.389846788,1.162791901,0.2003678868,-2.038428848,-2.081097098,-1.255751362,-3.749768274,1.150626207,1.101057584,0.05801699879,0.07531486072,0.04058132373,0.1030548735,0.08091175967,0.01033126289,0.02915497579,0.07979484723,6.173635646,-0.01933468541,0.08913769346,0.07695944563,0.05479284468,7.733435407,1
cop_0191,507,0.2500028407,-0.0510912498,-0.0006614616079,0.6468425097,1.167224821,0.5324427021,-0.4676500514,0.3250235947,-0.6299502795,-0.7754905942,4.327096216,-1.13232994,0.8586310111,-0.4176655199,-0.3766583252,2.931529404,-0.01058650194,0.01349189044,-0.543225945,0.04355217551,1.10580327,0.3115564564,-2.058504662,-1.708583307,-1.182479074,-3.876433697,1.341440411,1.166684644,0.0463903878,0.116000805,-0.006714428911,0.1081224508,0.09649346524,-0.003262651571,0.03123671485,0.08625124395,11.18970966,-0.0134853517,0.1177133384,0.1160628568,0.06754767593,4.840868538,0
cop_0191,508,0.2763662069,0.03687616628,-0.002654999908,0.6010472736,1.041756193,0.2064661291,-0.3101837742,0.4549730421,-0.9898531773,1.148508747,1.155355743,-0.2579324103,0.4559751316,-0.9530188703,1.255606106,0.3854798636,0.05247226374,0.003396285632,-0.7695155615,1.173755273,0.2140564393,0.3641743815,-1.566761059,-2.031343859,-1.357988139,-3.87235934,1.308950306,1.217371017,0.1500855025,0.1489021763,0.06367314617,0.1474896781,0.1011385938,0.02141304689,0.04373626634,0.06523178478,6.663540991,-0.04173730752,0.1880926422,0.1687822493,0.0892372431,2.557794612,1
cop_0191,509,0.2806055639,-0.03962439018,2.802329246e-05,0.4008155925,0.8747176795,0.2880980736,0.3369726517,-0.1926030705,-0.7597117139,0.9758360837,-0.003892222697,0.5249877635,-0.123744605,-1.167071324,1.110631351,0.4148819548,0.09251481382,-0.02188125875,-0.8154684047,0.5638254446,1.660262696,0.1981890827,-1.364209471,-1.99070614,-1.332353472,-3.870652754,1.299942649,1.162392747,-0.009233787591,0.1333746462,0.004109257797,0.1743377194,0.09458628274,-0.001048884492,0.05180792498,0.06095689152,7.309668735,-0.04787426092,0.1906556985,0.1859948006,0.08131159764,2.467385871,1
cop_0191,510,0.2832438014,0.003474498199,-7.978831053e-05,0.4056367051,0.8003036491,0.7595152945,0.04388971243,0.02755270936,-0.5656839936,-0.3832932073,2.168175866,-0.7111966775,0.7625359354,-0.5899490933,-0.5446126655,2.730036515,0.05501932394,-0.06816863306,-0.3754065649,-0.07862586175,0.9437110573,0.1278518029,-2.386577862,-1.98914389,-1.184788687,-3.826099056,1.149396292,1.0352078,0.00338710831,0.08834098942,-0.06344614914,0.1192842557,0.08013492169,-0.01443472304,0.03306434629,0.08923514752,7.56283865,-0.008804797555,0.07724517584,0.07815222167,0.04986653489,8.490724075,0
cop_0191,511,0.268571225,-0.07003805457,0.004898601086,0.4281891288,0.8714471819,0.7518182662,0.2039096305,-0.007451316921,-0.4549111561,0.3720511286,0.9332479384,-0.3006226893,0.4807228356,-0.4979300236,0.308392771,1.077331903,0.1321229778,-0.06192412223,-0.4528112803,0.2634512445,1.747600303,0.145812198,-1.963944419,-1.855250092,-1.275083566,-3.346604,1.149890897,1.177260381,0.01458829457,0.07011516222,0.1691991695,0.1102702748,0.08300668352,0.04543107069,0.04012075227,0.07404338353,7.853083883,-0.004102099975,0.1141370843,0.0669103045,0.05495861863,6.293574732,1
cop_0191,512,0.2605335536,-0.05322366542,0.0007970133703,0.3454921398,0.7051904045,0.1839460584,0.01553417964,-0.09402933397,-0.6631565061,1.195218891,0.8575274518,-0.226808635,0.1853131612,-0.8449906565,1.375039577,1.06650086,-0.03113053608,0.02356997212,-0.7301470621,1.165609338,0.6100189966,0.3760488314,-1.679296392,-1.650432489,-1.286811992,-3.718812499,1.571870632,1.367974878,0.01106490873,0.1600507614,-0.01091678346,0.1782086747,0.1128204559,0.002361293799,0.05120472213,0.06557914165,8.2481293,-0.04823252427,0.2154519855,0.184838279,0.0907714752,2.094811938,1
cop_0191,513,0.2554598441,-0.03255765728,-0.0029034269,0.6375422265,1.173988925,0.5151441873,0.30791857,-0.09060460101,-0.7841127344,0.5571932752,1.707438428,-0.2587401112,0.2661918158,-0.7881342008,-0.04300866032,3.999366572,0.09366834122,0.1160081528,-0.6665467031,0.8814894228,0.05217192981,0.2338932582,-1.847190758,-1.934379334,-1.413010242,-3.814501059,1.321410784,1.148071279,-0.01830722711,0.1169609708,0.09020850814,0.1811102993,0.09381400559,0.02978151678,0.05014020073,0.0705835345,12.89612757,-0.02157622092,0.1215604001,0.101029926,0.07125462683,4.964303905,1
cop_0191,514,0.2313957737,-0.09432635915,-0.0004364429108,0.6646192611,1.252627353,0.4388364209,-0.3378955931,0.2469603883,-0.6480096469,-0.1546765169,3.583674352,-0.7641461737,0.712166387,-0.6913459792,-0.1272885871,3.388345277,-0.002467337689,-0.005352254526,-0.5987581296,0.204490097,1.990305728,0.3844955128,-1.868851105,-1.70349046,-1.186327758,-3.917613797,1.433625767,1.260456988,0.09298805205,0.1405608317,0.08595833993,0.09510132777,0.1040844361,0.02303369109,0.0303142114,0.08412942209,9.057791331,-0.02335154995,0.1136179057,0.1118973549,0.06791167791,5.198532397,0
cop_0191,515,0.2597649886,0.007981025848,-4.077633187e-05,0.3173575243,0.4624866301,0.2832048112,0.1951603265,-0.001152828487,-1.013499853,0.4721906097,2.823890725,0.008954582143,0.2134284962,-1.003527751,1.143886868,0.8798924477,-0.01296236822,0.02757638602,-0.7709043446,0.6298789662,1.811757281,0.2525334161,-1.697933352,-2.081538828,-1.250636819,-3.803387403,1.349907214,1.237594811,-0.01657108036,0.1345632159,-0.02066235535,0.1376594951,0.1044878461,-0.008579419019,0.03334277063,0.07260760174,7.606422918,-0.03556786648,0.2311130046,0.1823870197,0.09501597389,1.792850582,0
cop_0191,516,0.2642154971,-0.0009417434429,-0.006786435831,0.2789860302,0.5259975735,1.143966373,0.03892562678,-0.1861171061,-0.0878504274,-0.2362936023,0.7823433847,-0.5110798249,0.2985392305,-0.003347346599,-0.152533436,0.4853851972,-0.008459716262,-0.2217039994,0.04718499341,-0.08221140398,0.1825044702,0.2130374176,-2.048587865,-2.153847322,-1.167063968,-3.29515036,1.196007169,1.126801727,0.06150680922,0.04014670174,0.08723452078,0.1196489901,0.07165764526,0.02725098588,0.0326967737,0.09038631688,5.776327886,0.01447854445,0.07446505277,0.04187637727,0.04084469885,10.38814813,1
cop_0191,517,0.262845082,-0.05753242138,-0.004693242322,0.2612344938,0.5534259261,0.7375026457,-0.02406077599,0.090779476,-0.5366958932,-0.1348186394,1.02921963,-0.7478783849,0.5915153638,-0.3115371726,-0.1783091292,1.123334505,0.09078975157,0.03666145636,-0.4604912307,0.3628844787,-0.8644500305,0.08613795848,-1.892879569,-2.005789641,-1.200032979,-3.821286634,1.092496739,0.9838743422,0.004250752948,0.05383554641,-0.004569089985,0.1209758479,0.06701788591,-0.004897547021,0.03098739191,0.08767164932,6.909410375,-0.005417609016,0.08298453016,0.08507362915,0.05314776024,7.748347456,1
cop_0191,518,0.2784271399,0.005359806282,6.759096001e-05,0.3180623022,0.5972969576,0.4596320175,-0.08580832372,0.2437931441,-0.7098570364,0.4741647954,1.234171973,-0.6121109668,0.6854627046,-0.6317793856,0.2930146854,1.775222996,0.0357452899,-0.0104763678,-0.6232514887,0.2830306755,1.823106799,0.2974865839,-1.942783045,-1.823543823,-1.221459152,-3.70848089,1.296645663,1.229380373,0.04050880033,0.07347419538,0.04868941391,0.1804895918,0.08644585182,0.01275317669,0.05655892896,0.0738565245,8.72712617,-0.05244779409,0.1362245514,0.1524299051,0.06486835459,3.997821454,0
cop_0191,519,0.2636956892,-0.02476772099,0.0004195858819,0.4457973002,0.816764733,0.2786422425,-0.2407712125,0.4055620761,-1.079599037,0.2589814946,3.835446918,-0.1986986933,0.5446590641,-1.104899375,0.6535469223,1.773461664,0.0639884299,0.03840596942,-0.822932932,0.7526399731,1.201536401,0.301452711,-1.540372479,-2.173341456,-1.312618511,-3.840492713,1.207579468,1.167135756,0.1182754031,0.1032302258,0.06506313995,0.1266653327,0.09188470279,0.01942246069,0.03209890833,0.07161707553,8.315811429,-0.04370879408,0.2063788962,0.1767251881,0.09031268038,2.185477228,1
cop_0191,520,0.2745706915,0.02346917762,-0.0006098600392,0.1433781326,0.24740279,0.4328376017,0.05121115277,-0.1131367376,-0.8091757812,-0.5896723299,6.15290429,-0.5102849227,0.4627857155,-0.9861037687,-0.734297585,7.113937464,-0.04529727769,0.0185400844,-0.5790991838,0.3796724112,1.987649927,0.3061781454,-1.864472206,-1.938822445,-1.161398748,-3.920774125,1.41877403,1.260841505,-0.03214479317,0.1395079358,0.08900256641,0.1257700845,0.1064341317,0.02692597029,0.02935513237,0.08797453859,8.596219022,-0.01891760606,0.1588591095,0.1282462254,0.08675340518,3.400608705,0
cop_0191,521,0.2922662448,0.02436131763,-8.541886745e-05,0.4602997916,0.9109930558,0.4043526225,-0.03713644951,0.1203109169,-0.7769042342,0.1441938413,3.03641961,-0.7760891195,0.6177365675,-0.5088423704,-0.07691128679,3.390364897,0.05511705458,0.006287051064,-0.6551253529,0.5567560477,1.208959856,0.2388256775,-1.98514988,-1.967459842,-1.234866256,-3.789822719,1.226119444,1.193971931,0.02686102042,0.1293025986,0.07434664225,0.1466338588,0.09916184966,0.01614052734,0.03661002986,0.078827745,8.284550218,-0.02524223864,0.1627966836,0.1353448032,0.07971479879,3.414575204,1
cop_0191,522,0.2546595597,-0.07717048533,-0.001965773414,0.6183507565,1.136641389,0.6350557358,-0.248063871,0.05732164228,-0.5070618736,-0.8239538051,5.484961409,-0.6953727731,0.5474695326,-0.4641911112,-0.6250296434,4.602742553,-0.03496313546,-0.004802478908,-0.4210405665,0.1585920376,1.595583512,0.2103623343,-1.881262306,-1.770329417,-1.187503203,-3.792033529,1.179817998,1.086420351,0.04659741524,0.08050430866,-0.01294025811,0.1067095135,0.08071698575,-0.008249098732,0.03042462535,0.08561375133,5.383181248,-0.02368004066,0.09060881542,0.09074456805,0.05555069251,7.348423515,1
cop_0191,523,0.2761379084,0.05383230967,-0.0005670673274,0.7347285913,1.21492613,0.2979997694,0.1777409709,-0.0295413562,-0.9677730143,0.4185955729,3.469684898,-0.3812595451,0.4427349073,-0.9584557287,0.4919878527,3.585688892,0.04380287246,0.02222095347,-0.8168300349,0.6427455125,2.252218088,0.2317119245,-2.054936942,-2.17855525,-1.332340722,-3.881624462,1.30379244,1.197036993,-0.02377771717,0.1375448577,0.01117316344,0.1422764051,0.09971807066,0.003615416448,0.03642883367,0.0708268621,6.264936977,-0.04658264376,0.1964437744,0.1607188603,0.08262776917,2.57390955,0
cop_0191,524,0.2847200803,0.01457532658,0.0003668699796,0.4988858881,1.030911667,0.3221076845,-0.1455195698,0.3092282176,-0.8025470868,0.8411228432,1.03519407,-0.5596132806,0.5239183536,-0.5379352981,0.903799849,0.4400894076,0.004724560269,0.1085306817,-0.8295523153,0.6092465127,1.854537423,0.1147833619,-1.895128253,-2.064125318,-1.37664515,-3.877715741,1.078866102,1.050711298,0.05443865011,0.07662332763,0.08231483375,0.1435420264,0.07652731338,0.01837500576,0.04591788253,0.06424282752,5.829058488,-0.06268240462,0.1835396177,0.1858511927,0.08151995844,2.628252398,1
cop_0191,525,0.2878654363,0.02241423202,-0.0002242636526,0.6255230663,1.221937369,0.8031416791,0.03958204923,-0.05982930859,-0.1881282179,0.5478725039,0.6287933543,-0.6131720617,0.4776039388,-0.06819906196,0.7139521113,0.1169105804,0.06826475505,-0.01759364863,-0.4026218851,0.2851859529,1.93388542,0.2397857506,-1.991278911,-1.773115358,-1.523036659,-3.489562093,1.298723058,1.169773858,-0.01462527142,0.05396522624,-0.03438585503,0.2443936992,0.07543986455,-0.01051320148,0.07563819948,0.05614744859,6.103134199,-0.009163262807,0.09137401762,0.06311493396,0.05466287864,7.829029156,0
cop_0191,526,0.2885150715,-0.03485774037,2.353888845e-05,0.6425372429,1.147289202,0.6393528701,0.04878495579,0.1078951514,-0.7294291852,-0.4025318523,3.167633665,-0.4442409119,0.811758533,-0.9134830115,-0.3696032357,3.043536886,0.06861543466,0.05142765501,-0.5524019312,0.2147125731,0.7467305092,0.1637959404,-2.085060547,-2.186915201,-1.194772685,-3.75447108,1.151108327,1.099767578,0.03320624781,0.08359581728,-0.02630520415,0.1166715171,0.08154064547,-0.01081439556,0.02915712745,0.08870122461,8.186329799,-0.01021449213,0.09508535439,0.08656495376,0.05863208466,6.800309641,0
cop_0191,527,0.2957173045,0.03384997835,-4.684891423e-05,0.4927509172,0.8734005747,0.8017326905,0.198922727,-0.0235944122,-0.5239318155,0.1408291075,1.977047355,-0.2407251637,0.4180164667,-0.5304881951,0.03917629209,2.178940333,0.1080757715,-0.1064101256,-0.3802871517,0.1777262493,1.877054573,0.179849656,-2.084879296,-2.128292697,-1.420611084,-3.250624308,1.136493092,1.153472331,0.04090873941,0.09184855318,0.1000760057,0.1028816863,0.0890282664,0.02772145116,0.03191153404,0.06409205043,4.958692503,0.03019352808,0.09116946609,0.01892782952,0.04572976645,9.705754266,0
cop_0191,528,0.2328397143,-0.01818366637,0.001018156193,0.3964596193,0.7864469727,0.2134016836,-0.5036566154,0.4245621663,-0.9521200894,-0.1428211353,4.725697561,-0.668677335,0.6023810284,-0.8563937906,0.1684320595,3.289286457,-0.01682664621,0.114269675,-0.8856699276,0.6670361049,1.167299437,0.3009028673,-1.898508176,-1.96173215,-1.327697949,-3.889445595,1.284419061,1.148424577,0.1222723032,0.1081257497,0.04956699315,0.1449182315,0.08991124182,0.01580997466,0.03975164948,0.06987690216,10.51129487,-0.03986011318,0.1943193995,0.1834842914,0.09145198736,2.214721632,1
cop_0191,529,0.269395288,-0.04455808039,0.0001626060762,0.6534766602,1.245394133,0.3477378917,-0.3626589122,0.09784130607,-0.7053573036,-0.5333024359,6.184258335,-0.6131392462,0.4453831126,-0.6561074164,-0.3149962031,4.793173222,0.08857949096,0.008426291744,-0.754897244,0.6579107312,1.038378638,0.1979207868,-1.853610537,-1.835436451,-1.346749016,-3.976081575,1.141876644,1.075122541,0.05592566629,0.114107641,0.02247011434,0.1107709665,0.09014934098,0.005164933564,0.02954098288,0.07224205796,8.396534031,-0.01598284567,0.1872700805,0.1481908653,0.09472189869,2.616449896,1
cop_0191,530,0.2565702618,-0.0419420473,0.0008079049278,0.6885547938,1.014823663,0.3652406261,-0.05203558637,0.4479100545,-1.26238129,-0.2439670988,3.587519707,-0.2022520432,0.2871796645,-0.7108190058,-0.04291353153,1.872626512,0.01579299723,0.03461764452,-0.7254247597,0.1908461184,1.339123167,0.1919472477,-1.394207488,-2.144209348,-1.240771289,-3.884742209,1.027913713,1.055740961,0.105476163,0.0584230052,0.05796297625,0.1407149099,0.07345484801,0.01875764462,0.03796245439,0.07962116242,7.039404598,-0.03453250553,0.1542384872,0.1661149697,0.08397271545,3.072466527,0
cop_0191,531,0.2723362779,-0.007178063611,-0.000666713714,0.5724361236,1.056081844,0.4531862688,-0.03755980951,0.1220271432,-0.6984784051,0.176216219,2.967404277,-0.5212279035,0.4498050707,-0.5081479239,-0.07400419922,3.354632513,-0.02454060671,-0.02258134283,-0.5668569585,0.3407550707,2.317736902,0.2398076894,-1.852525131,-2.22689883,-1.313727189,-3.543777073,1.197523479,1.231700326,0.01399613926,0.1224625911,0.08096846337,0.1427743162,0.09809232741,0.018986685,0.03991520758,0.0713454954,7.150601205,-0.007052811188,0.1553790924,0.1050221122,0.07469251774,3.90605927,1
cop_0191,532,0.2744267875,-0.0001611100431,0.0002941679849,0.9435416013,1.693978231,0.08824620927,-0.08507979219,0.2159453924,-1.111337617,1.007905803,1.413195461,-0.4515652172,0.4990101452,-0.9955283707,0.9152913076,1.409930073,0.01538540769,0.008178955963,-0.9563158497,0.8324750715,1.514655062,0.3457703926,-1.907841664,-2.11613109,-1.34476942,-3.95162059,1.376223713,1.305784324,0.03791375596,0.155522425,0.04342359037,0.1427443091,0.1089610602,0.009668722583,0.04037850158,0.06387999288,7.611305069,-0.0480825591,0.2422367183,0.2247871838,0.1080587724,1.342713069,0
cop_0191,533,0.2558339613,-0.06742452372,0.0001653892256,0.566795684,1.219388675,0.3126004023,0.01664599739,-0.1028520842,-0.8027831496,0.08035662509,4.55863403,-0.9473688299,0.3102153095,-0.4753933218,-0.4233105048,6.966175095,0.1063886653,0.002450824673,-0.7842206092,0.7891657039,1.235919144,0.2503545597,-1.694915856,-1.842247322,-1.423780609,-3.873243726,1.391064514,1.113607102,-0.08135292312,0.08781009384,0.01284595004,0.1884000845,0.08474861193,0.001125204237,0.04771122121,0.06838629663,8.048759588,-0.03185093714,0.1771222641,0.1456285939,0.08674860569,2.904409989,1
cop_0191,534,0.2675673377,-0.009177242948,-0.0002505998651,0.3001117505,0.4665257513,0.5892658433,-0.1011594405,0.06616499008,-0.5598476635,-0.287421669,3.875441708,-0.9230943725,0.7293021694,-0.3879411515,-0.3747477562,4.01304033,-0.01259844133,0.005596232421,-0.4788936469,0.1824912798,1.929424166,0.1823017582,-2.106955079,-1.997828703,-1.240946044,-3.800235672,1.190378214,1.107246546,-0.007190268632,0.07092734162,-0.01635949038,0.1129410762,0.07762848866,-0.008463471643,0.0316748977,0.08125091552,10.31976502,-0.0320301039,0.1088227061,0.1036686501,0.06112791054,5.748958737,0
cop_0191,535,0.2734497166,0.05636922334,-0.0002171435131,0.3946771299,0.5925360966,0.1871182418,-0.05261765352,-0.09398246329,-0.7488094914,0.7405615155,2.907002727,-0.2975866577,0.2479865928,-0.8302212942,1.428680227,0.8798222536,-0.008371636543,0.001375765511,-0.8275322991,0.8096435247,2.128356917,0.2789625329,-1.810124401,-1.940339688,-1.432862849,-3.877693479,1.361871954,1.203772251,0.01235598186,0.1294384462,-0.01419638369,0.1503963289,0.09645452297,-0.004747825894,0.04194906854,0.06036199441,8.304283764,-0.04050528344,0.2176044914,0.1781397465,0.0939561937,2.042462079,0
cop_0191,536,0.2916762637,0.01316056468,0.001224398084,0.4369645509,0.6132567857,0.2153556037,-0.03285309741,0.3194487315,-1.154916763,0.8119353683,2.077889078,-0.03572405633,0.3387841615,-1.01029152,1.063621456,0.4707182855,0.09543540793,0.006574270534,-0.8419966439,0.9957566205,0.6728238032,0.3546058756,-1.445193272,-2.186151069,-1.367936952,-3.728896824,1.297709286,1.271769305,0.09936695255,0.1446407021,0.09515791112,0.150778758,0.1075141381,0.02300442353,0.03928289524,0.06725595503,6.821127897,-0.03180912616,0.2074828596,0.169368194,0.09356885962,2.208600491,1
cop_0191,537,0.2630699317,-0.03095969001,7.906784781e-05,0.4565977144,0.8565757729,0.2937688935,0.3078066089,-0.162479301,-0.8266328316,0.7004419296,1.141658025,-0.08248778323,0.04564276947,-0.6763926564,0.9309463878,0.4828846472,0.07307075945,-0.01823363195,-0.8029743002,0.5557541665,1.626472581,0.1661875903,-1.877627448,-1.877556422,-1.32039372,-3.872586894,1.213200768,1.149305424,-0.0323004807,0.1167594986,0.03731542252,0.1508714069,0.09143298791,0.006865952595,0.04444715374,0.06564569481,5.399783305,-0.03814637151,0.1924546989,0.1769371904,0.08804369769,2.532196771,0
cop_0191,538,0.2655591978,-0.01504829336,-0.000226341606,0.3624367801,0.7726534362,0.557196279,-0.2294822127,0.1925755228,-0.6364751412,-0.4577860335,3.80002866,-1.024069656,0.7553937679,-0.4414582836,-0.6618884944,4.554843188,0.02687676018,0.03641276481,-0.5476498202,0.2849070417,0.8565408619,0.09381591098,-2.122518854,-1.869150126,-1.259431924,-3.894498628,1.117013975,0.9873653496,-0.006095808415,0.05385002682,-0.04798911601,0.09917120589,0.06585950687,-0.01276054931,0.02608046584,0.0803480363,13.97345877,-0.01918838324,0.1004764051,0.09817055575,0.05893270769,6.179996933,1
cop_0191,539,0.2573898703,-0.02010924934,0.001043444171,0.523477954,0.9847043064,0.4788547009,-0.576855164,0.2472863464,-0.4960844035,-0.7804905537,5.85267088,-1.398819433,0.7140165246,-0.2378540513,-1.35352369,7.957347444,0.01139810851,-0.03637131894,-0.5378613685,0.2375366376,1.607627747,0.2260244889,-1.99506738,-1.700495907,-1.178655622,-3.800181246,1.273933269,1.069578894,0.01342904584,0.09037784985,-0.01839168458,0.1155182486,0.08386115213,-0.002977360231,0.03391786609,0.08593105525,9.857088453,-0.02043568638,0.141169982,0.1245198322,0.07592220355,3.985876545,0
cop_0191,540,0.2839204541,0.02394308549,0.004797643087,0.2952595308,0.3598303257,0.7977775201,-0.2118175174,0.3323677768,-0.5722383397,-0.307211432,2.951066855,-0.7563432669,0.7495446937,-0.4474695267,-0.4621245054,3.435082271,0.109271604,-0.102836269,-0.3842037649,-0.004455407422,1.81249789,0.3638975341,-2.14146325,-1.912259663,-1.172788408,-3.499772427,1.407698194,1.254195372,0.1025142132,0.07850629868,0.04113578332,0.1428711113,0.08954565438,0.01539722936,0.0396513191,0.08766019174,5.551529042,-0.002095493369,0.05174506458,0.03812653174,0.03271700442,15.17506848,1
cop_0191,541,0.2472748741,-0.060258539,-0.0002567208279,0.3770838749,0.8005064294,0.353857098,-0.3191536099,0.2025310107,-0.764408395,-0.01689990634,3.153502276,-0.9253230845,0.6722880596,-0.6004263677,-0.01496966004,3.1959535,-0.02714881943,0.0101147445,-0.6691889429,0.2482205908,1.411443086,0.1763597674,-2.080939129,-1.718355399,-1.249315926,-3.894319249,1.175424333,1.025255046,0.04496821771,0.08051280316,-0.04283425274,0.1493282475,0.07747459493,-0.01326334142,0.04287706888,0.08062395054,8.052335792,-0.0257156546,0.1821392473,0.171970676,0.09549040368,2.408673829,0
cop_0191,542,0.2919008228,0.01271260699,-0.001326016253,0.6564531994,1.361697572,0.388752015,0.1360216187,0.06226709141,-0.8437446846,0.2435402121,2.378438582,-0.2611241684,0.5086011217,-0.8418775093,0.2383569672,1.994337654,0.1626022688,-0.02280507202,-0.7975422706,0.388755068,1.937813008,0.1841416928,-1.816805883,-2.095663626,-1.282900441,-3.77515347,1.157500551,1.152994657,0.03282857952,0.1081773735,0.07309411741,0.1152168347,0.09061024756,0.01717532255,0.03432403601,0.07340882099,7.72838939,-0.02425693428,0.1465816192,0.1281355821,0.07536747479,3.840754539,0
cop_0191,543,0.2942576511,-0.08505198654,-0.0001890194119,0.3781799493,0.8208714169,0.1349285175,0.09199105005,-0.1264428064,-0.9529683234,0.8498575261,1.535611451,-0.3182362721,0.09554097279,-0.7528500742,1.259537832,-0.05195330391,0.01205055436,-0.00695849851,-0.8957390651,0.6368035284,1.604981678,0.4050439884,-1.589761545,-1.651972121,-1.286233669,-3.88966804,1.569932095,1.28134197,-0.06810297672,0.1290595886,0.007198110871,0.1527719363,0.1025711573,-0.003187063207,0.04159297919,0.06846984587,7.98240473,-0.04951083769,0.2213640542,0.2146351542,0.09640142308,1.675727759,0
cop_0191,544,0.242689023,0.009959939191,0.001210491547,0.3206654312,0.534716837,0.4065489558,-0.1810418985,-0.02791776894,-0.3887773202,0.7870484551,0.6030629315,-0.5189355382,0.4402085737,-0.5052061615,0.7746225693,0.5958890893,0.02041250512,-0.00897975512,-0.6612966605,0.311239657,2.138577222,0.2425271376,-2.009450778,-1.666481267,-1.353197694,-3.857214642,1.20466839,1.045973135,0.08281868936,0.06048346447,0.05034199386,0.1416417369,0.07225297974,0.01518557558,0.04810829613,0.06568626236,7.959145517,-0.03481098946,0.141241243,0.1331465873,0.06925114424,4.022874939,1
cop_0191,545,0.2809323271,-0.02503010665,-0.000968197853,0.5613960999,1.011636952,0.6682578783,-0.1917256906,0.1651642226,-0.5305213185,-0.3882207954,3.356826342,-0.7499776221,0.9168332961,-0.6889643886,-0.1421072613,2.549800013,-0.08918194064,0.06006451258,-0.404753842,0.04158390712,1.590821446,0.2313793011,-2.148208241,-2.118260485,-1.214727553,-3.826345224,1.233878565,1.130701857,0.04744365559,0.07935537513,-0.03103893291,0.1404046555,0.08458747883,-0.009618378371,0.03866975119,0.08467498689,8.611269864,-0.0152199132,0.07389032885,0.07327909603,0.0480528049,8.995266316,0
cop_0191,546,0.3149207278,0.001220888765,0.001107494061,0.293241286,0.6393854413,0.3427305711,0.1376793009,0.1436438151,-1.046394344,0.04547316864,3.236848693,-0.02878099399,0.2799767327,-0.7447394053,0.3870546381,0.9610185006,0.2105266618,-0.004124286477,-0.8475735746,0.6952781463,0.595405697,0.1381695896,-1.343904588,-2.112004878,-1.294571365,-3.803766628,0.9801405006,1.075679297,0.05130229373,0.0801592111,0.0622916045,0.1283977556,0.07784479791,0.01153778514,0.03293592718,0.07483813654,5.550638113,-0.02461556563,0.1669149057,0.148710642,0.08765555803,3.20784597,1
cop_0191,547,0.2836185562,0.004289373016,-0.001371154165,0.5775845449,1.224301858,0.6438992661,-0.02566163112,0.1534360585,-0.6260068419,-0.07398666374,2.7031627,-0.608800002,0.50458869,-0.367636522,-0.07201193009,2.548885889,-0.003888230785,0.01418618037,-0.466456622,0.1613545954,1.733954177,0.1608060495,-1.847035241,-2.152345552,-1.233061577,-3.703166675,1.152634031,1.111213858,0.05076385612,0.102886303,0.004957869554,0.1631033274,0.08805287383,-0.0006314477925,0.0452949938,0.08119403581,7.632579127,-0.01565326473,0.09807220593,0.08305931214,0.05582625202,6.889237439,0
cop_0191,548,0.25386419,0.002470346786,-0.007050174359,0.5066180329,0.9925157624,0.3811772871,0.06086332557,0.191946793,-0.925856303,0.9698208373,0.7257684906,-0.09060104995,0.4527415159,-0.8872250382,1.264831853,-0.7652548399,0.3252109265,0.00802324387,-0.8583937707,1.3671696,-1.334428089,0.1749340164,-1.799806343,-2.01566022,-1.451342591,-3.913564447,1.11907599,1.055781579,0.08323690086,0.1075147093,0.01300438253,0.1716014515,0.08347522479,-0.0009207335535,0.04755465327,0.06429097884,5.660372887,-0.03547014959,0.1408943459,0.1361946726,0.07714475981,4.04481082,1
cop_0191,549,0.2642263002,-0.004820676862,-0.0007406721376,0.3000411046,0.3527781541,0.6068958509,-0.0951680323,0.125432848,-0.6040784566,-0.3566490158,4.151343396,-0.6261200069,0.6464666,-0.5444069572,-0.4449454284,4.065473404,-0.02811715087,0.006109165899,-0.4418829234,0.1778468973,1.982714513,0.3606036591,-1.609260561,-1.972094682,-1.099433351,-3.50047487,1.354120969,1.329863874,0.03199577799,0.0733383574,0.04859592435,0.1755186935,0.09272587715,0.01237561904,0.04196431858,0.09266713967,7.929250094,-0.01817560686,0.09127050596,0.07894860691,0.05426362708,7.554415247,0
cop_0191,550,0.2709014499,-0.05519631715,-0.0003900329675,0.7988904788,1.410583794,0.5491002368,0.184431027,-0.1521460899,-0.6242185501,-0.1477027046,2.906773887,-0.2248246441,0.3250266855,-0.6152327547,0.4036332647,1.089437224,-0.006914063525,0.03501981233,-0.5674878257,0.1000763093,2.006107921,0.1146654144,-1.891880266,-2.127598574,-1.351121687,-3.917941484,1.137747345,1.039450291,-0.01239124176,0.09627068744,-0.05765905745,0.1454191579,0.08115813073,-0.02220546868,0.03956284694,0.07437376743,5.894346948,-0.007174285167,0.09325119931,0.07941924891,0.06131669309,7.011750802,0
cop_0191,551,0.2500285555,-0.003084716673,-0.0004442236772,0.03469703923,0.06382042437,0.2840565389,-0.1736444174,0.07073003807,-0.7366329237,0.3893847464,3.48934693,-0.7948557544,0.4038040632,-0.3789728262,0.4209525258,2.994919524,-0.02742898079,-0.02907403742,-0.6769586019,0.6660204968,1.937401543,0.2739664903,-2.061057219,-2.087780195,-1.317160018,-3.836866052,1.285637919,1.21670584,0.03797896722,0.09812158195,0.01217228002,0.1956478597,0.0918670916,0.001681597444,0.05025573631,0.07360613157,7.903002842,-0.0385456368,0.2003911488,0.1612674885,0.08954165347,2.359583037,0
cop_0191,552,0.2753309193,-0.01369267503,-0.0003285910166,0.4926988722,0.8815374738,0.4746935159,-0.214715907,0.1888691178,-0.7402563793,-0.7993231816,5.011067011,-0.4729224282,0.5374385754,-0.6967822147,-0.5873069395,3.71573366,-0.02728020039,0.02138954697,-0.5735743215,0.1099431585,1.594848067,0.2062249939,-1.720474695,-1.999544972,-1.236974192,-3.887456626,1.123185319,1.11990776,0.04960045246,0.05757602803,0.1121342569,0.109941444,0.0775393374,0.02731769294,0.03209923176,0.08142737556,9.146268002,-0.02123544772,0.1191728532,0.1177840842,0.0681087203,4.828703208,0
cop_0191,553,0.3001434897,0.03100906176,-0.001296152187,0.3263692084,0.5968695112,0.4798187391,-0.06252076311,-0.05271676311,-0.3912272699,0.2401681838,1.789086317,-0.2032563043,0.1828746939,-0.6226895456,0.4403716195,1.971319853,-0.05839334536,0.00911181997,-0.4919447322,0.3958761519,1.425209044,0.1593874807,-1.62589162,-1.580065319,-1.267298919,-3.444511515,1.294892771,1.109341101,0.01972268535,0.05687887903,-0.07319316462,0.1034487253,0.07226185667,-0.01701781547,0.03715336391,0.06938640369,5.750119635,-0.002277090304,0.1250648154,0.08762698888,0.05764743524,5.515824333,1
cop_0191,554,0.2782837433,0.009673424789,-0.001619212341,0.5028043669,0.8936925359,0.433207119,-0.2313967752,0.3105774753,-0.81686022,-0.1879367385,3.875471122,-0.5197689855,0.4991471004,-0.6054471562,-0.1823917129,3.368606318,0.1010506909,0.07435031561,-0.7319662725,0.5942161405,0.6032640324,0.311123362,-1.662416741,-1.908349246,-1.217670739,-3.751162389,1.269158353,1.222741785,0.06815460643,0.09634977298,0.02331548413,0.1797944422,0.09183229197,0.005638806966,0.04753935063,0.0834344153,7.071394744,-0.02202607527,0.1363157405,0.1257347298,0.07495304728,4.186836863,1
cop_0191,555,0.2887802276,-0.009632379532,-0.003514838488,0.6842594959,1.309734652,0.738894765,-0.1712283513,0.1014334895,-0.3755797021,-0.09794720908,2.719249034,-0.9733556627,0.6868745162,-0.11136205,0.1989262131,1.66944284,-0.1287926473,0.03614206129,-0.3038764369,0.06676868509,1.933524067,0.2950697158,-2.024628333,-2.104196628,-1.247721902,-3.481113353,1.352947335,1.216850905,0.01488271419,0.05128270668,0.01600138011,0.1869362525,0.07678081921,5.34237022e-05,0.05086282136,0.08214707834,6.27038328,-0.005425307086,0.08553030422,0.06172264598,0.0520485979,8.411565962,0
cop_0191,556,0.2623965367,-0.03575417335,-1.80113131e-05,0.5938176994,1.137646836,0.1169301881,0.04891974117,0.1439598975,-1.144534775,1.024067371,2.151697571,-0.5074858947,0.3031911285,-0.6076473946,0.8904377605,1.580115814,0.03888491411,0.009211301115,-0.9451497931,0.9845028548,1.686768319,0.3011069179,-1.617766206,-2.274188541,-1.405695867,-3.866096681,1.259590582,1.266021989,0.03965893009,0.1266732396,0.06320236653,0.1793713344,0.0988792998,0.01377346431,0.04623419192,0.06183093359,8.125746002,-0.06282746975,0.2412943376,0.2133437011,0.0947410151,1.53479436,0
cop_0191,557,0.2980776743,-0.01888427109,0.0002969035662,0.5363394802,1.049167761,0.359923193,0.2271243857,0.02971566688,-0.9413606714,0.1695906901,2.868917764,-0.3211642027,0.2950814675,-0.577936013,0.5116871174,1.318675538,-0.004981372607,0.03059399294,-0.707257986,0.3641263216,2.083214991,0.1221512251,-1.868778715,-2.204122405,-1.264426973,-3.83657866,1.088426104,1.109837374,0.02432642616,0.07900979331,0.07514364995,0.09117594957,0.08172178664,0.01535485522,0.02508441938,0.07518501202,7.593091614,-0.03051675451,0.1650287154,0.144131209,0.08082086533,3.220233916,0
cop_0191,558,0.2717794176,-0.03066972611,-0.0009204412745,0.5650724073,1.002981786,0.4669405415,0.1892588245,-0.1354077796,-0.7501250206,0.04632546926,2.113792918,-0.2872115082,0.1876798588,-0.6572813116,0.17859535,1.948250933,-0.07543326346,0.04299391643,-0.5523389207,0.180701475,1.22176003,0.2512503959,-1.736455807,-1.91040955,-1.133638832,-3.81286961,1.351548078,1.141328203,-0.08272655475,0.07982206463,-0.03441530778,0.09522747831,0.08475567522,-0.01383153971,0.02330273526,0.08560323257,6.904091484,-0.02821390567,0.1545763762,0.1512241328,0.0761806415,3.402186651,0
cop_0191,559,0.3039476097,0.02193682998,-0.0007976486684,0.4221333685,0.7901101408,0.5290416885,0.1616485751,-0.02038358205,-0.8671643839,-0.6021307935,4.298792347,-0.0586541021,0.567468489,-1.161439561,0.009089583901,2.24620036,0.03173529136,-0.02046284304,-0.5623027607,0.06661405092,1.544083257,0.09962451357,-1.882020742,-2.115728163,-1.208708831,-3.901927382,1.078177025,1.026496161,0.05033393839,0.08585429754,0.06646622052,0.08378065338,0.08083118334,0.01591700639,0.02026250001,0.08539197874,8.38884195,-0.0157564884,0.1076037088,0.1052683392,0.06491509176,5.638123138,0
cop_0191,560,0.2660284542,-0.0259343007,0.000108919784,0.04853575675,0.1960347505,0.2565987933,-0.1940949758,0.006641981066,-0.6693498468,0.6821240226,1.821314189,-0.872476651,0.5099000958,-0.5709588578,0.9783081777,1.256882126,-0.001384423015,0.004735064869,-0.7768866959,0.4627381894,1.902264873,0.2423434653,-1.81801633,-1.674566373,-1.401484257,-4.032884228,1.333282321,1.081590842,-0.007914494975,0.1304108898,0.03351636153,0.1216086324,0.09196745715,0.009974078152,0.03764836993,0.06509250881,7.278605905,-0.02806017564,0.1758246948,0.1631311943,0.09220659719,2.659904956,0
cop_0191,561,0.2706529557,-0.06965981194,0.0001790103667,0.546900919,1.005724447,0.1156534544,-0.0849804425,-0.1173458927,-0.8756313751,0.399816595,4.183066584,-0.3133017959,0.04839445049,-0.9992062436,0.7031442202,4.156309728,-0.009652843743,-0.005746110039,-0.8832339389,0.7993117868,1.789526517,0.3846647206,-1.536772054,-1.837930637,-1.372705904,-3.946043324,1.605649136,1.319399668,-0.05579103183,0.1585498189,-0.04908112317,0.1622841429,0.1099573855,-0.01304738193,0.0440439199,0.06491345351,7.834682567,-0.03306541993,0.2331047073,0.1908266782,0.1021014889,1.676219389,0
cop_0191,562,0.2635867925,-0.02628626318,-0.000746882769,0.6299216452,1.113091279,0.5519881129,-0.1027037255,0.2265459429,-0.752350688,-0.1676420815,2.806170563,-0.7302283452,0.786823703,-0.6634985204,-0.07350171868,2.411843138,0.04806240619,0.0566661314,-0.5960109674,0.3368046827,0.708826708,0.2241396931,-2.018164013,-2.085618374,-1.121431599,-3.703652713,1.219244053,1.177533199,0.01607209604,0.09159308585,0.05472466365,0.08025136039,0.08955199661,0.01389829549,0.01660572593,0.09196332959,15.30535882,-0.0118833892,0.1522401619,0.1253271887,0.08148684116,3.590104027,1
cop_0191,563,0.3013730249,0.01658855321,-0.0005743098101,0.4296362513,0.7664307621,0.3638741312,-0.205982964,0.01086912825,-0.7113115287,-0.5091080694,5.843328984,-1.13605602,0.5153228986,-0.5172498445,-1.098311887,8.357748954,-0.04463592323,0.01113697211,-0.6351477481,0.3782274008,1.951764844,0.23501722,-1.771120733,-1.960748307,-1.390581021,-3.959788307,1.353560484,1.137851615,-0.06513723619,0.1001480993,0.01187296059,0.1725063046,0.08896751081,0.004474524616,0.04450599685,0.06855443546,9.492546155,-0.033540389,0.1674315849,0.1491122924,0.08451467795,3.111382497,1
cop_0191,564,0.2616637461,-0.003334298246,-0.0009317135949,0.4320742446,0.8644949648,0.4922647682,-0.03825990869,0.1251740645,-0.7862615068,-0.2439769945,3.150854272,-0.1639417263,0.3071901922,-0.6984545002,-0.09120504871,2.037189922,-0.007334158363,-0.027124393,-0.5384872255,0.1010345217,1.571721837,0.2962887546,-1.541411232,-1.966554293,-1.14693585,-3.749798436,1.199123873,1.208261115,0.06517853807,0.08245240882,0.07955850877,0.1186466938,0.09028848616,0.02164149165,0.03287973555,0.08926832653,7.1548246,-0.0142614675,0.1208977612,0.1101716903,0.06853829892,4.843721601,0
cop_0191,565,0.296492872,0.003567187148,-0.003607497742,0.5180624794,0.923441299,0.2971668407,-0.02006588184,0.1977685543,-0.8123019741,1.117338984,0.6908270528,-0.2162541692,0.1313785591,-0.4102580571,0.8308164135,0.3651837054,0.05782375865,-0.04462381864,-0.6034199496,1.165078584,-0.03142287955,0.2092164635,-1.341352762,-2.09228404,-1.430459967,-3.787739583,1.041513451,1.113863276,0.08359648693,0.09533688468,0.114051869,0.1422665662,0.08531196411,0.03004468092,0.03975035937,0.06412193253,9.35328763,-0.03721883628,0.1562594014,0.1386660962,0.08009464314,3.487630006,1
cop_0191,566,0.2519692406,-0.02293013164,0.001050244763,0.3964670244,0.695789038,0.4808477099,-0.2704626447,0.06075335191,-0.6171816148,-0.6940397171,5.17339923,-1.426229519,0.6716404639,-0.1622971848,-1.038725216,6.468755619,0.08600683187,0.002054113787,-0.6536413519,0.3414248974,1.078083315,0.2289293936,-1.772280238,-1.757980582,-1.331280881,-3.959323191,1.352848886,1.034220251,-0.09299001653,0.07780597891,-0.05691552809,0.1193655764,0.07903221091,-0.01938555934,0.03615346669,0.07731890949,9.045360229,-0.02334208276,0.1349725038,0.1238654331,0.07536398393,4.086342707,1
cop_0191,567,0.2851130106,-0.0593616622,4.165170107e-07,0.5066550418,0.8833929308,0.4032556425,-0.2880666683,0.02554334094,-0.5881179556,-0.5895025144,5.525061005,-0.900796729,0.3255187871,-0.3810207185,-1.163998026,7.536060806,-0.06134403457,0.01320043345,-0.5839431385,0.314071902,1.86657499,0.243087035,-1.49907409,-1.867204236,-1.208933419,-3.820716461,1.307429627,1.149312823,-0.01590903632,0.09160227914,0.00494321417,0.1541767679,0.08689534966,0.0009262612288,0.03624750836,0.08482544579,6.611539234,-0.01892424272,0.1539132325,0.1267784161,0.08206488299,3.5987481,1
cop_0191,568,0.2886429582,-0.02787416254,-0.001497736004,0.5832880348,1.244129813,0.4214885343,0.005700188948,0.08024487958,-0.7589895403,0.2963203897,2.799729916,-0.3875750307,0.558631852,-0.8936202598,0.2284998505,3.0620259,0.04279302125,-0.009945107512,-0.6756013404,0.3788738504,2.27573448,0.2591930735,-1.772442448,-2.130126854,-1.34191002,-3.676633198,1.276826374,1.206385626,0.05653300271,0.1119501229,0.1070951216,0.1363456495,0.09613466798,0.02885770162,0.03742659101,0.07225995511,7.771476051,-0.02635797199,0.1395671415,0.118783746,0.07631639891,4.14617184,1
cop_0191,569,0.2687607577,0.01162467007,-0.0003855529562,0.369820294,0.6621274637,0.4143894471,-0.2616949807,0.1617416177,-0.6628516487,0.37788712,3.370487971,-0.8395280752,0.6114489857,-0.5182067699,0.5637915332,2.906428595,-0.02448315609,0.04602606327,-0.6806365505,0.5779495616,2.074696629,0.3266494876,-2.026482467,-1.898154804,-1.226504534,-3.810611894,1.39838966,1.259117054,-0.001912656045,0.1146843944,-0.04374186272,0.1509676263,0.1016980235,-0.01566945783,0.03812349409,0.07966752169,5.709927286,-0.03581669377,0.1891270069,0.1468867453,0.08515811088,2.821763914,0
cop_0191,570,0.2827938861,-0.04851165376,0.0004560491052,0.2822966421,0.651416775,0.4435918516,0.03375176084,-0.009967750189,-0.8035652991,-0.1388417605,2.789669888,-0.5061585644,0.2963902383,-0.5525125854,0.2603667484,1.583456725,-0.03945998877,0.04568804632,-0.6253556863,0.1243808896,1.341266161,0.2284361546,-1.73051743,-1.640462261,-1.217829739,-3.884924202,1.339782027,1.073303524,-0.02964632446,0.08144182352,-0.07859141534,0.09136088961,0.08035933598,-0.02541001944,0.02912043904,0.0811112713,7.802295354,-0.02826614626,0.131063824,0.1430342786,0.07393307178,4.024610992,0
cop_0191,571,0.2471766327,-0.01042282712,0.0005842370107,0.573795803,1.170554838,0.24268587,-0.3092085367,0.3377753323,-0.9617323784,0.4340133245,3.198251333,-0.2391349521,0.3700910644,-0.8875326885,0.6743097242,1.72825691,-0.009229478022,-0.0045499669,-0.7754628488,0.5988578096,1.90719333,0.2805263789,-1.312902384,-2.130235928,-1.449201217,-3.948937257,1.117918831,1.093071538,0.1595933426,0.1067653074,0.07069724172,0.1245364358,0.08748148755,0.02398014293,0.03626590508,0.06253876566,6.576548641,-0.03948921617,0.2089278195,0.177012464,0.09064920071,2.114610171,0
cop_0191,572,0.2601922555,-0.02864316405,0.0007065529467,0.3566871334,0.673687901,0.3726881485,-0.08189816014,-0.06136540498,-0.6445755409,0.007576327181,4.345237993,-0.3291439734,0.1890578277,-0.81122108,-0.03105188487,5.304144856,0.02291509784,0.008958299711,-0.6475576745,0.680470986,1.389490732,0.2670512894,-1.62404592,-1.805101974,-1.260585312,-3.788493176,1.395836128,1.16683908,-0.01889809973,0.07378160912,-0.02938045549,0.1466396952,0.08121038304,-0.008772562338,0.03882732623,0.07550625989,6.746948109,-0.03437338288,0.15559917,0.13121693,0.07332598869,3.70276907,1
cop_0191,573,0.255352539,-0.001729500499,-0.001032612862,0.4963529269,0.9945272432,0.5430634346,0.06703163795,0.3267686297,-1.023879297,0.06036500427,2.606142212,-0.1851719954,0.6335065701,-0.9789625309,0.1850842891,1.833147654,0.1204929998,0.05107846597,-0.6512546364,0.4815022156,0.6343171814,0.1506157009,-1.808514182,-2.223770162,-1.284136021,-3.877547311,1.066039888,1.047331755,0.0837791295,0.08691590172,0.05168863142,0.1348764403,0.08126128237,0.01380632036,0.03310201,0.08005368217,6.822852834,-0.02080609917,0.1216000179,0.1085680237,0.06650052004,5.018672515,1
cop_0191,574,0.2877527842,-0.004768102339,0.001241170748,0.3922133563,0.6994488162,0.4080678947,-0.2518543907,0.1807813931,-0.7670978002,-0.3424417986,5.06347119,-0.8411855936,0.7644838764,-0.7424834515,-0.3360050961,4.858868686,0.06562030981,0.05400599045,-0.7222759741,0.6082899925,1.152774094,0.1738500752,-1.958479094,-1.999635644,-1.315852551,-3.961734368,1.164456473,1.064495978,0.05451573906,0.09516684478,0.0367678991,0.111253238,0.08207629801,0.01114780663,0.02825813761,0.07653764694,7.099369049,-0.0270304629,0.1458714682,0.127354833,0.0771119966,3.869496663,1
cop_0191,575,0.2963781087,0.01885515138,0.00165561519,0.4482052939,0.8677096989,0.4452169116,-0.1393112015,0.2913211603,-0.9072814008,-0.369222599,3.643703216,-0.2470883541,0.3125331365,-0.6233954327,-0.09182009745,2.041988605,0.09474740187,0.03088156667,-0.6771349925,0.4677181096,0.3342187234,0.2147463818,-1.360784479,-2.047872614,-1.341869194,-3.90460566,1.069225831,1.044683863,0.1406520763,0.0538553014,0.06718853375,0.1587887334,0.07236427735,0.02153029837,0.04284980834,0.07617292659,6.054773697,-0.02029691218,0.106375631,0.1078272236,0.06332887179,5.688895762,1
cop_0191,576,0.2311836977,-0.04235133336,-0.001399012967,0.3739775871,0.7637343969,0.578277942,-0.1943565542,0.03517498437,-0.511753197,-0.3668528274,2.751854342,-0.8699210443,0.5938329707,-0.4434195367,-0.5176568199,3.358759666,0.07036828387,0.007443413813,-0.5523515901,0.2746475778,0.2185743733,0.1990987924,-1.716841815,-1.604558016,-1.230404361,-3.818984594,1.227274253,0.9986936017,-0.03895041336,0.05824173003,-0.01164126529,0.1151004805,0.06929035742,-0.009286019421,0.03580515431,0.08267729129,6.523299992,-0.01530402604,0.1201869961,0.1177215523,0.06987293101,4.796948432,1
cop_0191,577,0.2696808404,-0.03348982877,0.0004681374095,0.5651009343,0.8774721799,0.09837656028,-0.1241767915,-0.004715487996,-0.8928899528,0.8916232551,1.453285424,-0.7702218524,0.3278872563,-0.5824938193,1.113093732,0.6907593296,0.03538300764,-0.003258142245,-0.9652714833,0.7043308549,1.586584867,0.3482874518,-1.895218063,-1.756794144,-1.351652194,-3.903973748,1.472556656,1.217384697,-0.04117900542,0.1175022759,-0.0469466927,0.1297483394,0.09281353948,-0.01470253106,0.03598780214,0.06492878535,7.183588855,-0.04792234414,0.2343018222,0.2160136283,0.09603525037,1.526917263,0
cop_0191,578,0.2854932688,0.0009693610645,-0.000416935012,0.8271234896,1.49450961,0.342173806,-0.005034493183,-0.04911914967,-0.8450382432,-0.2567043983,4.030755595,-0.4330314001,0.3737229243,-0.9463751082,-0.1365861469,4.06278639,-0.04981073235,0.03373733789,-0.6746341366,0.28500811,1.357490772,0.3349219887,-1.976877835,-1.936215762,-1.225461521,-3.818909021,1.464505173,1.240066939,-0.05713917685,0.08492221798,-0.04198330909,0.1648668607,0.08971341311,-0.01243577664,0.04447582912,0.08184802086,6.812846177,-0.03156592521,0.1725092924,0.1658182646,0.08544350659,2.760743276,0
cop_0191,579,0.2772818467,0.007376095019,-0.0002801811755,0.5268527573,0.891965683,0.328232116,-0.1759118689,0.1175691573,-0.8083442135,0.08446126749,3.517750447,-0.5319892919,0.5297025527,-0.7610858578,0.4493967529,2.058675502,-0.04959718162,0.001709246401,-0.6598734358,0.3854744494,1.787697098,0.2591921271,-1.971688733,-1.946359974,-1.241116163,-3.889879335,1.251006821,1.154937804,0.0504574418,0.1252973269,0.03511543039,0.1505570816,0.09603755874,0.007231462215,0.0413672363,0.07896223233,8.194472926,-0.04007448062,0.1864073396,0.1713158821,0.08510952681,2.467654928,0
cop_0191,580,0.3021178964,-0.01923317467,0.0008038468794,0.6388453618,1.161295806,0.617824094,0.2586906501,-0.08425649717,-0.7119776292,-0.1090398033,2.532470694,-0.2325748417,0.4068893014,-0.6164361172,0.04931283017,1.719002896,-0.02326703828,0.07404017936,-0.5285162987,0.1404764252,1.447482836,0.06563785962,-2.046244766,-1.953945067,-1.173136609,-3.859078358,1.036685322,1.027459949,-0.01792588062,0.1014368138,-0.01120338943,0.07419618817,0.08359648147,-0.009506847433,0.02127113801,0.08378071094,6.35121292,-0.01537953733,0.09506539637,0.0890071022,0.05621839981,6.934087593,0
cop_0191,581,0.2658103773,-0.01069441253,-0.001010248887,0.5317729299,1.018963056,0.2469684318,0.01577902348,-0.1858885602,-0.6772327396,0.5174320243,3.186184398,-0.6779246215,0.04245754929,-0.4387054779,-0.09032122611,5.771832883,-0.08894294669,0.1059526699,-0.68912826,1.017187645,0.4585411283,0.3845662557,-1.592377884,-1.793167629,-1.493168451,-3.83084548,1.608949383,1.243908235,-0.08368858203,0.1318299921,0.03877423352,0.20690835,0.1008474458,0.01338611368,0.05882881199,0.05936182768,14.17965947,-0.03884095739,0.1787738627,0.1556684868,0.08495928886,2.796918564,1
cop_0191,582,0.2858970365,0.03748661302,-0.003171810561,0.6036023311,1.021054249,0.4094537257,0.4018174584,-0.09420312446,-0.8508026278,0.7492336559,1.172080824,-0.0841036439,-0.01429791069,-0.1120206716,1.437017076,-2.701451889,0.5050506598,-0.2717119799,-0.7501656226,1.223794879,-0.5883718753,0.1992237428,-1.445175352,-2.026327373,-1.338330891,-3.776351721,1.06106923,1.192455247,-0.001080741626,0.08664356996,0.05151655562,0.1915292261,0.0883848585,0.0002804177359,0.05018148591,0.07124715362,5.846823466,-0.03113080258,0.1423308503,0.1261583537,0.07489681428,4.250931468,1
cop_0191,583,0.2773297192,-0.05061924285,0.0007034620334,0.6675626752,1.194690318,0.4170938786,0.05137686034,0.1118522222,-0.8418470876,0.1819943444,2.804248013,-0.02328703865,0.4218360379,-1.008193722,0.4140180867,1.752286059,0.007182340644,0.003960037752,-0.6404803319,0.3552264489,1.886132082,0.1885678942,-1.736241052,-2.091668738,-1.278158432,-3.936813999,1.154880538,1.146241823,0.03305845072,0.1301549078,0.02781544958,0.1516385726,0.09657188891,0.005418523573,0.0434725731,0.07374762511,7.177865962,-0.02645851604,0.1496507137,0.1303909415,0.07395907103,3.791670374,0
cop_0191,584,0.300930859,0.03630512841,0.0002990679365,0.4860506117,1.049878763,0.3408315795,-0.1017369835,-0.1298616223,-0.7173518813,-0.3346743392,5.694325513,-0.7308579974,0.3587574512,-0.7266880009,-0.6209023673,7.202244856,-0.06562717361,0.01550009154,-0.634503517,0.4451871522,1.885374,0.3191201956,-1.922548253,-1.833150938,-1.228291489,-3.903336731,1.417630922,1.188716029,-0.04468338891,0.08314781125,0.02956378899,0.127622018,0.08772773227,0.008872159106,0.03124557523,0.07891356399,8.34660324,-0.06175974209,0.1829386267,0.1817411666,0.08043389476,2.584411351,0
cop_0191,585,0.3232005624,0.06044449209,0.001238144617,0.5987022966,1.09956131,0.2754977705,0.09777570315,-0.007225166242,-0.8491520551,0.3064798081,3.061645714,-0.4238653836,0.1546137155,-0.4230107108,0.1179602315,2.8468961,0.03192660363,0.006587843614,-0.7731450912,0.6886592794,1.611974864,0.2210932201,-1.483383074,-2.022607047,-1.283686342,-3.766609403,1.135566906,1.24268687,0.01565145572,0.09736392709,0.1173150717,0.1112614397,0.09314651564,0.02975555936,0.03070164311,0.07314170077,5.349817469,-0.04689182691,0.1826535459,0.1693081743,0.08606594168,2.771311155,1
cop_0191,586,0.2642926967,-0.1107564895,-0.0004314863089,0.2807559618,0.5009665016,0.0620188108,0.3184555465,-0.1482549136,-1.087161941,1.369816939,0.5793188628,1.088735044,-0.3020246689,-1.842592001,1.863971499,-0.02436062719,0.055119624,-0.008292926351,-1.005828305,1.005089906,1.562808714,0.2509670496,-1.057860094,-2.059925426,-1.413890433,-3.910038384,1.400552717,1.229892262,-0.01580102005,0.1646225493,-0.04418393824,0.1672522316,0.1038132475,-0.01218916512,0.04570873475,0.05253446779,6.68528414,-0.06920899273,0.2548853207,0.2439530969,0.09694643159,1.278885546,0
cop_0191,587,0.2654330242,0.01822111562,-0.002562866225,0.420617526,0.8618502096,0.5578231837,-0.4614237693,0.3219269829,-0.4384712577,0.1825219662,2.093323379,-1.357995389,0.8170214257,0.04399362683,0.3322073225,1.449772263,-0.07088245586,0.08060060055,-0.5338448032,0.2534003071,1.481343854,0.05242771134,-2.026249956,-1.88001909,-1.371796975,-3.918899413,1.073272595,0.9274967464,-0.03591328087,0.05843200506,-0.09053893885,0.1184036779,0.06666449216,-0.03201195889,0.03406154063,0.06879977126,7.400508116,-0.0296301112,0.1176258749,0.115885586,0.06510320236,5.112779418,0
cop_0191,588,0.2940489555,0.01676279079,-0.0005276904155,0.6409224262,1.305501978,0.3014216007,-0.1898884868,0.1652537544,-0.6858599099,0.8043452369,2.000148909,-0.6481776526,0.759449126,-0.8395036777,0.8119691175,1.864630406,0.01446542874,0.03889699886,-0.7317592276,0.8658439065,1.473129823,0.235123065,-1.956726831,-2.029162287,-1.344489032,-3.733210478,1.23728647,1.166831515,0.07591868383,0.07601216037,0.104641154,0.1269913131,0.0833998134,0.0300308052,0.03553630545,0.06723662384,8.052375518,-0.05776365139,0.1934235879,0.1688189806,0.08196935779,2.567844956,1
cop_0191,589,0.3129246407,0.03637461081,0.0008359847021,0.6486476039,1.101968972,0.1155007907,-0.5393764529,0.2358254189,-0.8196666935,0.04229666556,5.105144528,-0.8002795695,0.5836859823,-0.7434462323,0.4215662292,3.172237745,-0.02738962119,-0.0005588840703,-0.8710370723,0.7792888539,1.632704762,0.3784935088,-1.64267066,-1.957751372,-1.39129849,-3.897199181,1.361856453,1.262090144,0.07901747227,0.09829236185,0.03897075021,0.1441441554,0.0937387886,0.01137217636,0.03693480404,0.06144149811,8.096774524,-0.06894325174,0.238079648,0.2256114488,0.09046602534,1.521259889,0
cop_0191,590,0.2493884727,-0.04019649406,0.001090060462,0.4491428434,0.8290709308,0.3222803148,-0.1767211396,0.03804815699,-0.6750200823,0.3493241648,2.057743946,-0.7922421083,0.3761042927,-0.3821654761,0.6462603673,1.17437533,-0.00713847933,0.02421430648,-0.7375812564,0.3603547929,1.567521346,0.2174498247,-1.74196438,-1.810024325,-1.249138539,-3.831249472,1.291468458,1.069181009,-0.05115402808,0.07723947964,-0.02081183666,0.1001698809,0.07857061888,-0.01044928347,0.03014495188,0.07614387717,8.090447887,-0.03490961965,0.1787932501,0.1663915152,0.08189449904,2.635556488,0
cop_0191,591,0.3092793073,0.02879206828,0.0001201589843,0.1219176034,0.3406202184,0.3261012959,-0.1850801784,0.1991921195,-0.8901829017,-0.1498233102,4.761607752,-0.2811934697,0.3395974574,-0.6206926481,0.6213448702,1.106739989,-0.06193418776,-0.004796199319,-0.6276169402,0.4640490282,1.8828159,0.2461736969,-1.464785988,-2.114720081,-1.326548929,-3.953088882,1.113828163,1.160374244,0.07278942023,0.08954660008,0.04577049862,0.144715898,0.0876538189,0.008747103789,0.03782677746,0.07184030314,7.749340307,-0.03813103061,0.1806933255,0.1610484451,0.08545047303,2.744947082,0
cop_0191,592,0.301558814,0.03720165913,-4.642082355e-06,0.6207874663,1.089211149,0.3584929599,0.08100740929,0.145206378,-1.056747839,-0.2849408918,4.456411357,-0.273640299,0.1938818499,-0.3970467326,0.276560189,1.083987626,0.08139674935,0.006262381223,-0.7318933787,0.5166110843,1.127529197,0.1978556049,-1.227449826,-2.279442561,-1.356859426,-3.980189116,1.030653794,1.127942306,0.07304080506,0.1150006191,0.08827131577,0.1217994358,0.09374905087,0.02156636213,0.03026677117,0.07197849443,13.62595625,-0.01334005918,0.1635376467,0.1356109906,0.08762179863,3.187518681,1
cop_0191,593,0.2361080504,-0.01030483849,0.002109231023,0.3188977614,0.6540853868,0.5008957104,-0.1630993131,0.1822403791,-0.7267915539,-0.1278842991,3.643881649,-0.6234698716,0.7112867934,-0.7242842149,-0.1133719791,3.259583784,0.06674563669,0.0387204383,-0.6175544072,0.5177376032,0.7697914617,0.2206337747,-1.879926974,-1.944948531,-1.273056697,-3.82698808,1.166576171,1.058422597,0.09143547237,0.0596877813,0.04470836015,0.1203435265,0.07243678865,0.01414330391,0.03293451037,0.08031556095,9.648600374,-0.03420968804,0.1218066008,0.1205811527,0.06721905628,4.77527252,1
cop_0191,594,0.2932650895,0.02126680013,-0.0003631961043,0.6247125487,1.102467722,0.5426686683,-0.1246906323,0.06657194507,-0.4945879932,-0.2146337705,2.742842519,-0.6321815898,0.4622166791,-0.3499754554,-0.3463952349,2.863977511,-0.08764883385,0.01146120422,-0.451564261,0.1070279645,1.58474762,0.09802968242,-1.942334495,-2.092547113,-1.267815362,-3.640684179,1.062364017,1.092332288,-0.004223728836,0.09121453145,0.0275196798,0.08701840433,0.08408742696,0.006149395384,0.02276200557,0.07716214992,6.996705645,-0.01078957145,0.1418220478,0.1116175227,0.07261385058,4.230886331,0
cop_0191,595,0.2737169062,-0.01162876707,0.001947499177,0.3839339158,0.7449735815,0.7179161637,-0.1486459761,0.3184906926,-0.6136753668,0.09689611725,1.705620111,-0.7692324426,0.7389142171,-0.3997193901,-0.1512895313,2.336794817,0.01203096434,0.01223804474,-0.4490659395,0.06560673421,1.599502456,0.1196996406,-2.174402149,-1.98345488,-1.338716295,-3.541316196,1.090053728,1.023390929,0.04036320835,0.06488136666,-0.01604387839,0.171339242,0.07167403618,-0.0043716981,0.04876963172,0.07137468317,6.75510958,0.004151058517,0.08025761069,0.05809034232,0.04981936041,9.079581741,1
cop_0191,596,0.2680285824,-0.06713119223,0.001043851492,0.2971396386,0.5822072393,0.2493583009,-0.126669947,0.2048705097,-0.9946543102,0.3557049244,3.723721958,-0.1656710457,0.3532828217,-0.8782875615,0.8274304691,1.250723994,0.04642781807,-0.0199022439,-0.7624086461,0.8124619627,1.263375282,0.3770217188,-1.230162067,-2.133870799,-1.328981819,-3.836474041,1.282379057,1.279027355,0.1235843928,0.1187344148,0.05173256632,0.1764285018,0.09993739516,0.01560299609,0.0487521478,0.07174280124,12.23309938,-0.04598810536,0.1858190537,0.1696837844,0.08864193086,2.530491176,1
cop_0191,597,0.2883343217,-0.01834129752,0.0001089369822,0.5450073242,0.9370301882,0.2893397212,0.4183613643,-0.289908636,-0.8404642166,0.8973468822,1.890800367,1.065281975,-0.2862725173,-1.629262093,1.902777674,0.2642369057,0.01873383716,-0.01276812082,-0.7516333088,0.6204777677,2.248956975,0.120416225,-1.489708224,-1.958255898,-1.513212445,-4.010339186,1.24393466,1.054064863,-0.032910599,0.1098733931,-0.02928381624,0.1935657169,0.08580721712,-0.009929335968,0.05473173407,0.05690094376,6.818938765,-0.04180184949,0.1905821837,0.1608001938,0.08754395312,2.601670623,0
cop_0191,598,0.3099024817,0.001039179983,-0.001244463219,0.473441965,0.9375236471,0.5391752438,0.1221931834,0.03166994223,-0.6383095161,0.2755541488,2.097615589,-0.1917698675,0.2870213854,-0.7811864329,-0.250716405,4.309221635,-0.09100623269,0.1816238658,-0.513155218,0.6584160594,0.4887631865,0.2156529004,-1.799751348,-2.00618021,-1.341910179,-3.677974612,1.2685662,1.183519509,-0.01053817603,0.06780674489,0.1273581525,0.1756394199,0.08259639027,0.04015432522,0.04477992142,0.07181122085,11.61645037,-0.02619009246,0.1062548381,0.09639163623,0.06143190191,6.021700079,1
cop_0191,599,0.2997182924,0.01457865658,0.0001155494227,0.598385824,1.058058969,0.4101401394,-0.4016260693,0.1513930747,-0.6328422313,-0.8037274954,4.832359983,-1.299888596,0.6520299789,-0.3524597557,-1.405680755,6.989322456,0.01839377604,0.04403160244,-0.6602628055,0.3014905683,0.3691118288,0.2779201875,-2.011429331,-1.799480207,-1.153054015,-3.8176624,1.364511901,1.129470297,-0.04823802696,0.08213645285,-0.03544447206,0.1205906436,0.08555361533,-0.008632224186,0.03132419363,0.08699329598,13.52024107,-0.01998519393,0.1555201557,0.1552286105,0.08026142734,3.176014559,1
cop_0191,600,0.2525219176,-0.06048269825,0.003019443801,0.420906593,0.6897250408,0.5340172173,0.294528001,-0.1686042291,-0.5495218945,0.4788474297,1.383264452,-0.4204335094,0.4064319534,-0.3629696198,0.5477296218,0.7775632842,0.007835961838,0.0538011809,-0.5915554753,0.3714525685,2.049392579,0.1883979867,-2.078981316,-1.669356264,-1.119225998,-3.620451264,1.176934524,1.219742887,-0.03286364041,0.1005105781,0.04260346284,0.1353596022,0.09207883562,0.004880623058,0.04571899961,0.08247989779,8.071330646,-0.03857394586,0.1295084573,0.1220524827,0.06719782517,4.68869222,1
cop_0191,601,0.2693609726,0.06158146051,7.053160981e-05,0.3916084973,0.7863311456,0.1978981133,-0.3231432672,0.1229036132,-0.8827190195,-0.4388785699,5.742326541,-0.07855435057,0.1336490712,-0.8262364847,0.4506982581,1.548362138,-0.01705010809,0.01514563639,-0.8177216775,0.5078140098,1.546368967,0.3883551461,-1.335702039,-2.060496656,-1.335768303,-3.988781933,1.290729019,1.295453836,0.1119259882,0.1116812011,0.06637469187,0.1257184151,0.0984616872,0.0176438021,0.03389525606,0.07044064181,7.12751897,-0.03079939275,0.2064926944,0.1835415406,0.0951363216,2.038878148,0
cop_0191,602,0.248422689,-0.01118422774,0.002178999629,0.6124375686,1.058028748,0.7500823681,-0.2176759683,0.3494198558,-0.6067542534,-0.03476206709,1.209070308,-0.7708744475,0.8446548746,-0.5071620621,0.08844466518,0.7879343153,0.07463057291,0.08387681148,-0.4927760901,0.403554421,-0.5645985019,0.1290729458,-2.162341337,-2.006013852,-1.254599811,-3.685792089,1.114925981,0.9906583552,0.07508654344,0.05720154566,-0.01711427495,0.1256044939,0.06772683693,-0.006059590604,0.03337137844,0.08335768021,6.984631998,-0.007742796994,0.1101960453,0.09723491486,0.06253887545,5.698373775,1
cop_0191,603,0.2473367746,-0.026475264,-3.037779078e-05,0.2361386171,0.5004020236,0.2222820168,-0.4747062468,0.4037319056,-0.7285058656,1.050683055,0.9175129902,-0.9488318198,0.6763081181,-0.4541752087,1.075995791,0.6245598456,-0.01859430763,0.05014510259,-0.8465936494,0.6903279507,1.875653157,0.38302896,-1.879444791,-1.774620829,-1.273044706,-3.816978369,1.432616125,1.295510204,0.04072297243,0.1137793273,-0.0389891249,0.183856137,0.09807426376,-0.01090084913,0.05207348252,0.0697804543,6.505266987,-0.05933272001,0.204274148,0.1987899348,0.08667524521,2.108293487,0
cop_0191,604,0.2465021652,-0.06755983696,-0.003897116485,0.6297852713,1.238421884,0.4589380067,0.03350787045,-0.1154587427,-0.7583013396,-0.6023266424,4.659646423,-0.5243875419,0.3114373923,-0.6628016357,0.0376195013,2.886421238,-0.04565342242,0.02282611745,-0.5798450555,0.1758103918,1.415612963,0.148712934,-1.738026719,-1.9597737,-1.24630472,-4.064465389,1.256719317,1.045569102,-0.07224744861,0.1483723988,-0.01506630217,0.0910970482,0.09720434908,-0.009183713348,0.02250706048,0.08089803828,8.910737182,-0.00860766222,0.1357791431,0.1214103808,0.07848650749,4.055652025,0
cop_0191,605,0.2905488751,-0.001877285476,0.0005499799302,0.350417431,0.6106544575,0.2729898076,-0.2213684071,0.1727009394,-0.8667940232,0.4498631927,2.949344515,-0.8222285334,0.6180212789,-0.648603662,0.9242542757,1.19418955,-0.02456988691,0.008706856538,-0.7519072958,0.4907014835,1.987159683,0.4384455313,-1.806040018,-1.512577679,-1.203415512,-3.828991367,1.577540997,1.325355011,-0.01454517649,0.1446592291,0.008951367046,0.1623313222,0.1134067992,-0.002012113385,0.04558169451,0.07765306944,8.07693013,-0.03904011575,0.1953017027,0.1780920193,0.09193478372,2.302392048,0
cop_0191,606,0.2825101998,-0.03127282858,2.209641086e-05,0.545058569,0.9015275195,0.09766471913,0.2173409929,-0.1621991271,-0.9016672048,1.32110174,1.189565914,0.4001791651,-0.08176608583,-1.251363648,1.670316098,0.6724312174,0.02922463321,-0.01289095523,-0.9368762278,1.050003663,2.117077586,0.3925042466,-1.704502952,-2.01864299,-1.301401369,-3.823946847,1.562080878,1.447133249,0.003437295907,0.1698935947,0.01273756001,0.186431402,0.1166031359,0.003512439285,0.04967217369,0.063136737,8.478212265,-0.05965988669,0.2470931659,0.2116972939,0.09538075125,1.555069266,0
cop_0191,607,0.260631312,-0.02549077973,-0.000229779531,0.7020428818,1.153829708,0.5593415642,-0.2646663449,0.1563980607,-0.6473235278,-0.7722542152,4.685799361,-0.8000319998,0.7262183532,-0.6596461191,-0.5460903726,3.907948507,-0.01157987448,-0.001985522748,-0.4919467821,0.0875352624,1.123802793,0.2134533741,-2.068310665,-1.797609777,-1.194906377,-3.862238106,1.208233713,1.082704146,0.07402225086,0.07335541726,0.02880053166,0.09744475469,0.07991845725,0.006685452377,0.02734798616,0.08508764076,8.257718319,-0.01875895317,0.1126548398,0.1135312128,0.06421865657,5.198883532,0
cop_0191,608,0.2985800133,-0.06823603299,-0.001772904246,0.4046296955,0.8553039628,0.4445976941,0.1644350719,0.04183650466,-0.6854951709,0.4957442565,1.063887656,0.4719862281,0.130192511,-1.387603395,0.2590485864,3.265565407,0.01332610822,0.1937490247,-0.6956684707,0.8968438311,-0.2146813914,0.2072269509,-1.370779899,-2.036461155,-1.108089193,-3.679575547,1.390624303,1.226654142,0.04722948985,0.1022718825,-0.03060037919,0.1341430189,0.09070863418,0.003550937423,0.03328534162,0.08996511915,7.480615173,-0.03125544245,0.1252235577,0.1191275866,0.06944528298,4.765342278,1
cop_0191,609,0.2561219855,0.008133205965,-0.0003895367509,0.7320014229,1.256770689,0.2374503335,-0.3534435676,0.2689722481,-0.6640417813,1.179701346,0.4753033277,-0.6918227766,0.6901301551,-0.7290549387,1.057491296,0.720354292,0.002472590337,0.03411761995,-0.8324122108,0.632046409,2.006004479,0.2545962312,-1.988103147,-1.889622351,-1.417009469,-3.923582721,1.230492186,1.119647862,0.08458403304,0.08589614604,0.06022754976,0.1923025055,0.08031903297,0.01743571602,0.05898771852,0.06244836584,6.97226143,-0.05267101211,0.1892152049,0.1825928471,0.08659681531,2.367212895,0
cop_0191,610,0.2456528466,-0.08496908783,0.001514033858,0.2891571609,0.458208055,0.2514356434,-0.2079572931,0.3285873183,-0.9379573557,0.9636566081,2.518233998,-0.5124090462,0.3159440167,-0.5395240925,0.294993703,3.777443981,-0.006850783288,0.03954760096,-0.8036635355,0.7503651731,2.426862036,0.3419615976,-1.578074437,-2.037600115,-1.466977157,-3.874957206,1.266222032,1.247707934,0.08060218838,0.108392242,0.03267921653,0.196848728,0.09307486118,0.01249982435,0.05571212449,0.06049458397,6.847432652,-0.05820736432,0.1820149487,0.1677483642,0.08346842352,2.78550015,0
cop_0191,611,0.2284740617,-0.03618639111,0.0006812926954,0.3972303106,0.9414418082,0.3904556155,-0.275104771,0.1568517153,-0.6873970755,-0.2736651575,4.595918548,-0.4760391936,0.3718402219,-0.5474522303,0.004528810391,3.104547298,-0.01577084391,-0.0135534645,-0.6194197559,0.353712133,1.936911842,0.2031865849,-1.542529313,-2.081415137,-1.400542082,-3.830502223,1.104934141,1.091162941,0.09703236056,0.1080860492,0.08060557514,0.14516566,0.08890547698,0.02146624918,0.03938754599,0.07120565698,8.293717893,-0.01522375503,0.1611949538,0.1283088672,0.08714957697,3.311901509,0
cop_0191,612,0.2699239004,-0.03088760011,-0.0005752182279,0.253296767,0.4579730765,0.336493078,-0.1024694079,-0.04579086124,-0.6942813599,-0.2867399839,4.398314204,-0.9578114877,0.3269169949,-0.3437600647,-0.908270918,6.617151619,-0.004119395172,-0.01287959779,-0.6660873928,0.3377033942,1.754737358,0.2246938677,-1.79722662,-1.825320219,-1.317110903,-3.989354485,1.307672355,1.120732391,-0.06582595626,0.09775745584,-0.03024169835,0.1803017646,0.08678659883,-0.00971465678,0.04595888606,0.0750378613,8.710338191,-0.02469151929,0.1516809934,0.1369115441,0.08023751017,3.506533863,0
cop_0191,613,0.2791495479,-0.002638641041,-0.0001504723331,0.4528811992,0.8571870786,0.5615836895,-0.3263961134,0.142370676,-0.4628543756,-0.4089077744,3.003120487,-1.305996659,0.7408366363,-0.1045273755,-0.7150450695,3.76951752,-0.05734250236,0.007550241535,-0.4580329269,0.06669864036,1.012506833,0.1574222367,-2.112896578,-1.97797968,-1.292495729,-3.88015812,1.183934521,1.052269786,-0.008066738415,0.1051843165,-0.03258261399,0.1535212521,0.08708442282,-0.008844101214,0.04165548102,0.08218689645,7.859033563,-0.009586513642,0.1396993381,0.1216901645,0.07621726667,4.007737775,0
cop_0191,614,0.2937360826,-0.01120245296,0.001836610976,0.4219862332,0.7218249385,0.4852456716,-0.1327653298,0.2892129219,-0.7517320941,0.2499501693,2.386884683,-0.3654832074,0.3336490099,-0.4170867012,0.349164464,1.342869939,0.02661014123,-0.03399929055,-0.5196164193,0.4435334239,1.25656424,0.1450372861,-1.517357024,-2.012798372,-1.407246646,-3.756721509,1.016356523,1.003217491,0.1055473947,0.0601233602,0.05165717983,0.139976473,0.06757033399,0.01164198054,0.04240701758,0.0666218757,6.200707119,-0.02083239213,0.1020725641,0.09563846874,0.0591088365,6.353946622,1
cop_0191,615,0.2440186101,-0.007704346128,-0.0001431662933,0.511552862,0.8414082504,0.3481423146,-0.05527529625,0.4059449872,-1.116938346,0.5293872458,2.63883261,-0.2681334107,0.439183069,-0.768667879,0.4151836846,1.941732831,0.06786329543,0.03884376084,-0.7384492157,0.751481499,1.018368889,0.3256700898,-1.463641574,-2.088079755,-1.325408543,-3.733248405,1.230741749,1.224999673,0.09310958257,0.1074915324,0.05132027151,0.1952667852,0.0935866259,0.01490411162,0.05019105625,0.07305595625,6.739963457,-0.03446680323,0.1695441847,0.1485785141,0.08542121893,3.076508773,1
cop_0191,616,0.2681314491,0.006657375828,-0.002006116014,0.6301167382,1.176409273,0.2001936099,-0.2059824287,-0.06948115357,-0.5193156231,1.127997373,-0.03762092085,-0.8092149759,0.176600472,-0.09747517097,1.383015596,-1.235058559,0.01954828736,-0.001555331685,-0.7667166422,0.9405459799,0.5099407572,0.2858615344,-1.715954766,-1.729176537,-1.411853979,-3.931646735,1.449817617,1.048505589,-0.1101859575,0.08658598585,-0.08747381624,0.07743880339,0.07358758189,-0.03037351065,0.02323037751,0.06070657366,7.323314564,-0.06264446558,0.1946291505,0.2032053462,0.0829965048,2.255409163,1
cop_0191,617,0.2823159629,-0.02449690586,-0.0009712879107,0.3360558562,0.6842232853,0.3743743119,0.07978566468,0.2809021138,-1.187064123,-0.2425732158,4.153475551,-0.1335893167,0.4204921697,-0.8696375001,0.3143870361,1.368340877,0.130064791,0.01738538343,-0.7798335282,0.5180514353,0.8730387709,0.2277578071,-1.52632324,-2.120491222,-1.241398014,-3.861802651,1.125885603,1.155632167,0.07761393263,0.1032030379,0.03819495958,0.1438937095,0.09054366517,0.007372834943,0.03654131033,0.07805247436,6.923158091,-0.02039267812,0.1657493213,0.1486634292,0.08582090777,3.113278495,1
cop_0191,618,0.2892301817,0.03462112048,0.0007623300416,0.5932949724,1.118490061,0.3110302956,-0.3734953788,0.1907294671,-0.7944980986,-0.404532587,6.092678578,-0.7509722591,0.6774924287,-0.8751565928,-0.3364922818,5.62799133,0.03576996807,0.01821089353,-0.7499805427,0.6591118326,1.507308203,0.2352382654,-1.851031051,-1.893588385,-1.275716151,-3.882999842,1.216155909,1.121238717,0.08398534968,0.08779575608,0.07193219495,0.1068159603,0.08630462033,0.01967876978,0.02631160875,0.07653482269,8.20597327,-0.04314733655,0.1951118318,0.1685724391,0.08898679667,2.393240765,1
cop_0191,619,0.2813249404,-0.05802589239,-0.00269431318,0.5135366719,1.021354703,0.5237922095,0.02398364198,0.07959571839,-0.7315516039,-5.172566426e-05,2.386841429,-0.6484044575,0.6458072866,-0.6382162701,0.1562161816,1.919322497,0.175531709,-0.0009414267566,-0.6512310312,0.577423755,-0.001140422171,0.1713275783,-2.226903135,-1.900754953,-1.240048937,-3.767373201,1.201637434,1.076845263,0.02005115456,0.07745867458,0.01448479638,0.1282070398,0.07865045622,0.004275553087,0.03459208734,0.08176790756,7.748942047,-0.01665241685,0.1266630939,0.1166269223,0.07079799264,4.596465624,1
cop_0191,620,0.2323158488,-0.008287349042,-0.001596424108,0.7152445978,1.299872503,0.604827085,-0.07613701291,0.06494689378,-0.540884757,-0.07518187419,2.634456172,-0.5172518603,0.650993159,-0.7091657881,0.09932516458,2.260959761,-0.05492844051,0.01813176683,-0.4484758879,0.1300522589,1.668008882,0.2269760828,-1.941024019,-2.205478022,-1.176747723,-3.700188772,1.247282798,1.178924548,0.02105851158,0.08699778954,0.02699633682,0.1489677746,0.08834450522,0.00597972642,0.03724376125,0.09113879701,7.246512527,-0.02193292997,0.1226607195,0.1058088177,0.06712857356,4.972388273,0
cop_0191,621,0.2799390151,0.0189991079,-0.0001361693541,0.4786270631,0.9030360047,0.7656581331,0.296663974,-0.1042816339,-0.4995257772,0.343700966,1.509937794,-0.3070470742,0.4824328708,-0.5098282713,0.2250612267,1.651629911,0.105886539,-0.05001870282,-0.4563069374,0.29427783,1.987267552,0.1171826391,-2.02651861,-2.089688991,-1.555697959,-3.497159112,1.087595545,1.108199126,0.01593645697,0.06547417292,0.1498865737,0.1540411709,0.07787156597,0.03884146409,0.05246306055,0.05489286547,4.803618636,0.01165576558,0.1119414969,0.05540221417,0.06329631901,6.752740278,0
cop_0191,622,0.2882105002,0.01632444689,0.001052044525,0.5186134581,0.9385108782,0.3281281905,-0.156121834,0.1413899234,-0.8519633561,-0.2860097271,4.268287782,-0.3442862824,0.2760596323,-0.6401252022,-0.2312589385,3.432335082,-0.04885427774,0.008857743549,-0.6536927256,0.3079994827,1.609515713,0.3619048262,-1.483066834,-2.121060362,-1.254273981,-3.869329096,1.264848073,1.301561495,0.05917393714,0.09545632423,0.08092830009,0.1214895227,0.09692570527,0.01896612635,0.02918569598,0.07945018563,8.749787573,-0.02566085735,0.1727634163,0.15550624,0.08546542818,2.832902466,0
cop_0191,623,0.2769040462,-0.03646530491,0.001216637791,0.8867896139,1.543006361,0.5668107446,-0.3960118415,0.2606224012,-0.6722184531,-1.162787791,6.496213867,-0.6776778447,0.6107666708,-0.5496306341,-0.5670893552,4.089827552,-0.03984383443,0.02374535302,-0.4944313785,0.04648237233,1.716851372,0.2153572693,-1.819994594,-1.984955662,-1.328165526,-3.929650675,1.168274809,1.068201785,0.102574429,0.08133954183,-0.03252868114,0.1618029328,0.08016910758,-0.01131329215,0.04160968746,0.07570661427,6.949541372,-0.004151095628,0.1132731937,0.09192482757,0.06310679084,5.71811854,1
cop_0191,624,0.2449401178,-0.01207503986,-0.0008145861263,0.284096378,0.5342463055,0.3752605574,-0.2091462622,0.1552769791,-0.8484467743,-0.4894992769,6.238711853,-0.4580759558,0.4564463946,-0.7093794498,-0.1811825453,4.312979849,-0.03500590829,0.004105554489,-0.6292392896,0.4674671144,2.183439272,0.1953348653,-1.51662238,-2.297706487,-1.278925659,-4.189160771,1.110695111,1.130951805,0.07346229723,0.1292302634,0.05154204903,0.09214900392,0.09531180734,0.01120891368,0.02027696099,0.07651969601,9.173195753,-0.0247556932,0.1753913725,0.1417338591,0.09341165097,2.939823724,1
cop_0191,625,0.2888476356,0.04554461271,0.00229349815,0.3210080517,0.5947891748,0.3303233226,-0.01275071586,-0.0329209181,-0.623241022,0.5146729699,1.480023994,-0.26820831,0.2033835608,-0.74749168,0.4934340295,2.12069202,0.03988865126,0.05008916809,-0.6793101214,0.9114974522,-0.0953747516,0.3257269601,-1.722555732,-1.812028226,-1.162934791,-3.724803386,1.46889049,1.275875537,-0.0244545752,0.1188618106,-0.004407396988,0.1326904995,0.1008815608,0.0006442266315,0.03757300012,0.08388996099,5.833546874,-0.02583917308,0.1481280128,0.1340209593,0.07800960381,3.740116896,1
cop_0191,626,0.2435773805,-0.06829170308,-0.005440980895,0.6795770078,1.204308145,0.6736972766,-0.3331047429,0.3022921166,-0.5978477058,-0.6579843999,3.279414862,-0.8040327718,0.5711981597,-0.3467355237,-0.7405205922,3.423594741,0.01968862066,-0.03733807355,-0.4148309683,-0.002962117331,0.7143754103,0.1856258604,-1.945420602,-1.969836107,-1.146317515,-3.724053349,1.164779563,1.051325733,0.09783395844,0.06085258143,-0.02382738078,0.1230453122,0.07391237993,-0.004438939166,0.0330188243,0.09176872467,9.003329707,-0.0136199038,0.09695269957,0.1017063728,0.05991861542,6.241728833,0
cop_0191,627,0.28654865,-0.02007609719,0.0007862707982,0.4534980546,0.7798619192,0.5190822236,-0.2214974791,0.3110694702,-0.5752233306,0.5663683346,1.082201346,-0.6603985333,0.7660368168,-0.5741845266,0.629712816,0.7728676883,0.07366249819,0.04389788104,-0.6600258386,0.3614986943,1.822683661,0.2096579397,-2.014277865,-1.862514284,-1.329286058,-3.699498345,1.184171982,1.091852769,0.06425362955,0.05197417244,0.05619931647,0.1362028409,0.07259880121,0.01618811618,0.04293520067,0.06871985579,6.627537297,-0.02546180565,0.1332040395,0.1151701479,0.06617498348,4.626600416,0
cop_0191,628,0.3087406144,0.05340004492,-0.0002232903911,0.4151976935,0.7681717543,0.2440860885,-0.2984683466,0.08867543123,-0.7624092731,-0.5155809617,5.412387293,0.04169798858,0.0284834033,-0.6716297714,0.5560894027,0.317109561,-0.05677558262,0.009619256309,-0.716824391,0.4942429535,1.563065239,0.2540918823,-1.260277516,-1.945146187,-1.295739627,-3.98213354,1.131399102,1.179708532,0.01371171412,0.07685846618,0.04517666471,0.09317546667,0.08384932286,0.007245688104,0.02432909349,0.07457660246,7.414380587,-0.03333532201,0.1878227587,0.1709864838,0.09190934446,2.412552337,0
cop_0191,629,0.2896508192,-0.08372178521,-0.0002616842786,0.4335839231,0.7596937752,0.3147023513,-0.03753610399,-0.01811363318,-0.7823588054,0.204355455,3.334450987,0.006785151955,0.1945262462,-0.9895439151,1.070226827,0.490552723,-0.01614633081,0.004406719051,-0.7040036385,0.4743224629,1.697293575,0.2576752548,-1.39348875,-1.960309423,-1.352765672,-3.815866949,1.330556562,1.179370912,0.04237603196,0.0839494926,-0.0002817853923,0.1546872002,0.08644957487,0.0008545626925,0.03998086893,0.06933490741,8.134119113,-0.0251951285,0.1979312765,0.160465771,0.08758191706,2.426521981,0
cop_0191,630,0.3164942862,0.04391822639,0.0003135929235,0.3938142637,0.8359069107,0.1858770823,-0.06272537117,-0.06693255122,-0.655373301,0.7508828536,0.6434829789,-0.5700463829,0.3212266866,-0.4125408497,0.84594336,-0.302520615,0.02048066706,0.0005378135512,-0.8756463677,0.5009742197,1.628074124,0.1791157946,-1.731072189,-1.565386671,-1.227056902,-3.904368712,1.132840278,1.105066469,-0.03260568592,0.08060746447,0.06487668198,0.1131874165,0.08181450196,0.009879512517,0.03808298243,0.07083231181,7.042653496,-0.05648870377,0.214214015,0.2175215223,0.08683414277,1.789856827,0
cop_0191,631,0.2585138396,-0.03041135723,0.0001024413986,0.4187927123,0.9505569398,0.437440623,0.2786723167,-0.1477013969,-0.7956200472,0.1201366601,3.994941733,0.02653083455,0.1910860407,-1.044084536,0.2512177281,4.16298317,-0.02517916897,-0.01468159693,-0.5691300507,0.348898439,2.701499348,0.1835975568,-1.802411044,-2.120501172,-1.362616123,-3.941257629,1.268037357,1.153237473,0.005737840432,0.1004484183,0.102604547,0.1786940134,0.08934517597,0.03086432056,0.04887343305,0.07076845005,7.357644023,-0.03907485508,0.1200363586,0.1128651031,0.06750274589,5.066248743,0
cop_0191,632,0.2521580458,-0.01585139003,-0.002663226507,0.4849103781,0.9544182683,0.4051176046,-0.03310153913,-0.08267787868,-0.7054467189,-0.344042102,4.390347167,-0.4754944389,0.3228811403,-0.722140307,-0.2159439748,4.113467709,0.1123140643,5.344084149e-05,-0.6974421857,0.5844497177,0.5900363082,0.3317436506,-1.968557086,-1.64046287,-1.190111181,-3.751314046,1.400962818,1.219620353,0.02261724745,0.1273016093,0.09495700488,0.1434717989,0.0982888594,0.02530932854,0.0403002708,0.08375436062,6.613339868,-0.0168052961,0.1362156966,0.1233929884,0.07697148772,4.201581086,1
cop_0191,633,0.2837540235,-0.002994510943,-0.005398569028,0.2947360342,0.6781353312,0.6696203687,-0.1213112438,0.06212269396,-0.4864370371,-0.2752332518,0.8327188833,-1.019797033,0.7048394743,-0.2355881076,-0.2119726454,0.6617868729,-0.07235110462,0.09264282171,-0.4758833836,-0.1022238188,0.1475143636,0.2087162196,-2.006947762,-1.791030038,-1.125093298,-3.776796114,1.273884532,1.065169047,-0.0588372156,0.03899971033,-0.05226645966,0.1132241802,0.0681767188,-0.02013126946,0.03296094795,0.09620370361,6.602264359,-0.01523136316,0.1110563112,0.1261837015,0.06629833823,4.986934722,0
cop_0191,634,0.273261307,-0.006540825913,-0.001601173438,0.6330011465,1.193352682,0.3826874207,-0.02558832707,0.1912529072,-0.9224945011,0.1147995225,3.988137382,-0.4611914272,0.4562367844,-0.7104349057,0.05318058255,3.63674822,0.1686641228,0.01696678909,-0.7931545412,0.8171419412,1.1053785,0.2467321761,-1.588740425,-2.172855682,-1.38792201,-3.851315839,1.198480215,1.183911889,0.06763673792,0.09847325146,0.1394899361,0.1137004689,0.09128818174,0.0367222264,0.02925422292,0.07007738153,6.012210478,-0.03433168408,0.1589089513,0.13738725,0.0856247044,3.508415875,1
cop_0191,635,0.3422984666,-0.01422779869,-0.001435966113,0.6515107686,1.114549667,0.4034507082,-0.1757437409,0.09821438733,-0.7696005258,-0.6391163129,6.14973009,-0.6042397032,0.6930260862,-0.9038597732,-0.3348910773,4.805789574,-0.0259304777,-0.0008383452345,-0.6120684105,0.3903811049,2.260234122,0.3626775551,-1.832277968,-1.812108664,-1.251554643,-3.834677268,1.414495094,1.347754879,0.07222468796,0.1636060337,0.1487604037,0.04175679362,0.117608549,0.04114865054,0.01167216797,0.07724265912,9.86072444,-0.02466837024,0.1463758138,0.1232631263,0.07837531967,3.905050954,0
cop_0191,636,0.2734509722,-0.01349012064,-1.843046679e-05,0.3081131427,0.6048949454,0.2744955572,-0.3598180756,0.1641806966,-0.6979464687,0.1627539784,3.58172908,-0.7333291061,0.4659799032,-0.5941229056,0.4252968262,2.645567116,-0.03645905861,0.03003162176,-0.7450287526,0.53552852,1.717886448,0.2875240474,-1.888394525,-1.788562339,-1.26402642,-3.803723324,1.343732046,1.165907184,0.01306316394,0.08711717972,-0.001746447982,0.1490638258,0.08647804141,-0.0008820061691,0.04035467205,0.07335128644,7.838348306,-0.04619447772,0.1963049873,0.1769112383,0.08238054777,2.358579823,0
cop_0191,637,0.2687203176,-0.06487033385,-0.001101439885,0.407054354,0.8062853145,0.5206436256,-0.1114731182,0.04703659475,-0.6040114733,-0.07233538386,2.404492756,-0.8617609374,0.5104005166,-0.3615327256,-0.2845697957,3.050895606,-0.02055347815,-0.0004611525636,-0.5305530406,0.07724487102,1.493565894,0.2010149619,-1.995638422,-1.649260137,-1.223465242,-3.753300404,1.25922815,1.028499994,-0.07582911848,0.04201621467,-0.01486678724,0.1148747914,0.06560410644,-0.008708582705,0.03501526644,0.07973040207,6.81196481,-0.02253880616,0.1106940148,0.1125998123,0.06093238337,5.488875945,0
cop_0191,638,0.2812128776,-0.02018793616,-0.00298291171,0.2875640694,0.6047577846,0.432278753,-0.1128849546,0.06855106943,-0.7390852326,-0.4482797603,3.514134298,-0.3580970392,0.4247912483,-0.7314337065,-0.1496286703,2.196783036,0.1384895767,-0.01747994552,-0.6784043963,0.5061119449,-0.2048997521,0.2257315619,-1.775727294,-2.063660273,-1.126570114,-3.906459868,1.177562726,1.13573475,0.04236480675,0.1191240516,0.02196185817,0.0735872914,0.09284654494,0.001760862278,0.01747432328,0.09106051005,13.10977507,-0.01453503634,0.1381129462,0.136925784,0.07652628232,3.840148926,0
cop_0191,639,0.2696572226,-0.0280795702,0.000970164616,0.2083201411,0.4270763494,0.0805172603,0.02433468261,-0.1067773261,-0.9298780557,1.343135039,2.381240143,-0.2264872815,-0.008093028179,-0.900700823,1.460580547,2.671171927,0.02396045481,-0.004853724244,-0.9549697555,1.184214145,1.955942567,0.3550555079,-1.680206755,-1.814697617,-1.481292473,-3.871063838,1.501838686,1.275480511,-0.02505213248,0.140444767,0.05411880382,0.1690656534,0.1023675905,0.01207491703,0.04551304312,0.05471859676,9.184615727,-0.06339877294,0.2501761764,0.2134145027,0.09853483099,1.504374046,0
cop_0191,640,0.2800037101,0.04534178776,6.607443728e-05,0.6043274242,1.189432076,0.4506832757,0.02313170561,0.1546462419,-0.8082181571,0.0412254851,3.130581765,-0.4146835626,0.1672501948,-0.1115208995,0.5448163414,0.05096615016,-0.04402528478,0.05886175776,-0.6141243675,0.3505665447,1.905464642,0.2571830863,-1.263901545,-1.966762514,-1.204671786,-3.607579274,1.140185704,1.256444135,-0.007529060275,0.1034728871,0.07930632733,0.1442082971,0.09406386647,0.01584806764,0.03741919056,0.07916471987,5.83805964,-0.02954335798,0.152487726,0.1340030339,0.07711449178,3.814601643,0
cop_0191,641,0.2537004215,-0.02408538453,-0.001978625046,0.4570387008,0.8255723582,0.6645639433,-0.1587178607,0.192445798,-0.6724667556,-0.5105987989,3.87047805,-0.7891687953,0.7017057312,-0.5703205828,-0.7195428065,4.662875825,-0.006295442009,-0.02442615053,-0.4104273295,0.01077801657,1.431366295,0.09303711608,-2.128597965,-1.844470457,-1.227112399,-3.839599791,1.066579825,0.9389225749,0.04484202305,0.0550622963,0.0005751488015,0.115504638,0.06655849945,0.002237834937,0.03132662357,0.08176665993,7.29861652,-0.0193371838,0.08744813759,0.09186166301,0.05470965559,7.278869852,0
cop_0191,642,0.2855536713,0.02350910127,0.001136552163,0.516521476,0.9723221332,0.5892413056,-0.1610020834,0.3031205007,-0.6785152212,-0.02082370397,2.639158767,-0.644549338,0.5892715429,-0.3512499804,-0.01029084885,2.011922367,0.06071037349,-0.01940467927,-0.4940632093,0.3715081412,0.9734495554,0.1538778714,-1.75677697,-2.095960021,-1.357113816,-3.792687403,1.078447063,1.054808851,0.06032581611,0.06401195326,0.03020025428,0.1625112756,0.07510527644,0.00557277403,0.04408437094,0.07296727672,5.126617635,-0.01741799269,0.09239134494,0.0834495882,0.05504970354,7.537115787,1
cop_0191,643,0.2345556871,-0.02780997147,0.001581671302,0.47423809,0.9388433004,0.5217412467,-0.2304646462,0.01462905693,-0.1211821525,1.031550989,-0.3083279835,-0.773884174,0.5285597837,-0.1801585813,0.828384825,0.3909862717,-0.07721397851,-0.004931129262,-0.4121889398,0.5555044864,1.634490696,0.3725160457,-1.867363046,-1.65802327,-1.453517554,-3.637926598,1.466116387,1.310942428,0.05314542563,0.0805572197,0.123739337,0.2502045206,0.08582029413,0.04098073201,0.07905142346,0.06205511968,9.536632918,-0.04858300087,0.1353890402,0.1334118555,0.06983013042,4.241348225,1
cop_0191,644,0.2766604717,0.05741215059,0.001068638576,0.3692763831,0.6645687248,0.5250775435,-0.2864821764,0.2871397015,-0.5977867335,0.01481674544,2.903283345,-0.8596650531,0.5056190752,0.02053987864,0.4433804032,0.4512482665,-0.04113808474,0.01894791761,-0.5365240413,0.1166591805,2.16407951,0.2769028733,-1.474596863,-1.928606793,-1.193058261,-3.694664097,1.211900027,1.196982702,0.02282476736,0.09063771232,0.02820881752,0.1430085139,0.08793083819,0.002154342521,0.04006670183,0.07730636473,5.879918545,-0.01302685522,0.1118142715,0.1034694902,0.07026689344,5.664205038,0
cop_0191,645,0.2596212272,-0.05008322285,0.0005319342282,0.3573433734,0.665381632,0.3976969676,-0.1670016542,0.0343630952,-0.6594759243,-0.1489353883,4.350365666,-0.3797413427,0.477310156,-0.8289099315,0.3508999575,2.611969994,-0.04709448359,-0.01258336997,-0.5835473773,0.4049911124,1.913924743,0.2452331538,-1.78437378,-2.140107866,-1.235145631,-3.772068129,1.253829341,1.170464665,0.06590905604,0.08516450247,0.03595145049,0.134698447,0.08787792947,0.01112349896,0.03523062633,0.07795459237,7.654078984,-0.03881079478,0.1654943751,0.1460289711,0.07920990154,3.211218453,0
cop_0191,646,0.2597466912,0.004756864526,-0.0002500349523,0.3609181297,0.6958872083,0.4225681565,-0.2096729275,0.2812390741,-0.8949075601,-0.4807774417,4.852013351,-0.3180618258,0.4145790817,-0.7247616572,0.05308268041,2.496111012,-0.0359721747,-0.01867808667,-0.5588530021,0.2132483502,1.841877973,0.3036594015,-1.611559031,-2.093997641,-1.25084544,-3.792144707,1.261271277,1.196334066,0.1086655826,0.09523560798,0.01676508116,0.2006634427,0.09230518662,0.003451622509,0.05096112007,0.08369637124,10.10394671,-0.02560400296,0.1317977805,0.1222981587,0.07373860791,4.307997995,1
cop_0191,647,0.2878577605,0.01560341412,0.0001785087148,0.3136320464,0.5809290509,0.2875992051,-0.1833490338,0.1910118239,-0.7845921637,0.2918858652,3.496456149,-0.8621751819,0.5787253463,-0.4319542155,0.1901336068,3.245459376,-0.002451474384,-0.006978687515,-0.72786935,0.6249352797,2.17274138,0.3683347886,-1.83226481,-2.136940654,-1.343613649,-3.905632358,1.373093479,1.400124807,0.05083808149,0.1728648563,0.1109195977,0.1285606787,0.1210068683,0.02792999596,0.03597349708,0.06922804159,8.63634636,-0.04106768997,0.1859831213,0.1578007496,0.08538573751,2.691351743,0
cop_0191,648,0.2860863067,-0.04496682618,0.001183177588,0.4293414237,0.7436417661,0.3848177516,0.09973153582,-0.02310044027,-0.8250279465,0.03821088114,3.146439815,-0.4302750526,0.1803537911,-0.8096575631,-0.4513652318,5.847901088,0.1143255128,0.04787773959,-0.7360547361,0.8067926561,0.06862859539,0.2501323826,-1.107069054,-1.856369115,-1.210204576,-3.812088657,1.486403343,1.165165385,-0.0486986743,0.1126617971,-0.0496678663,0.09599678732,0.09174003664,-0.009256024893,0.02579962528,0.08184830695,12.57048886,-0.02759144306,0.1504184274,0.1357144044,0.07743748705,3.654214033,1
cop_0191,649,0.2771944302,-0.024801474,-0.003365996141,0.4971911885,0.9318884969,0.4713277606,0.1097505895,-0.06637334326,-0.763125625,0.04952241441,3.14806778,-0.4238764129,0.2489160348,-0.6086468522,0.3928610432,2.480167629,0.1579350209,0.01649735664,-0.6971147621,0.7128586617,0.187562527,0.2545495915,-1.878648269,-1.778736951,-1.217984469,-3.87536836,1.374289892,1.131724109,-0.02172619661,0.1047725198,0.01273633888,0.1128998902,0.08999795129,0.00013977291,0.02642221732,0.08170755805,6.298302635,-0.02825937662,0.1468115367,0.1325848949,0.07677427573,3.886855969,1
cop_0191,650,0.3269241578,0.02175685159,-0.0007665960694,0.4712601474,0.9070359702,0.5193378963,0.08674915546,0.09211858767,-0.6674242761,0.2040038553,1.962295567,-0.4433717311,0.4324328286,-0.4178171917,-0.0925255468,2.20685218,-0.03830845617,0.01542369973,-0.4876631295,0.3619049508,1.451736727,0.1918531104,-1.686883802,-2.164084378,-1.2932773,-3.394775674,1.121388589,1.193542086,0.01710656302,0.08724329998,0.09966955921,0.1332932887,0.08485295804,0.0232794258,0.03644792992,0.07710324241,5.897235794,0.005011744871,0.128431487,0.08063094659,0.06523992176,5.350333842,1
cop_0191,651,0.259512043,-0.004845397163,-0.001431979473,0.389688389,0.7037260542,0.349248055,0.0462198927,-0.008452368719,-0.8658655589,-0.2196742346,5.004176204,-0.265993157,0.3666659522,-0.9772014968,0.177336814,4.06808543,-0.0341083996,0.008737416442,-0.6646517257,0.4547131666,2.269766217,0.13077573,-1.921673018,-2.116845552,-1.348689008,-3.90004827,1.173221722,1.094193256,0.01949083478,0.09179272544,0.02075814013,0.1420262149,0.08291508359,0.003796709543,0.03449939804,0.07127993835,6.134074417,-0.03267661372,0.1680712037,0.1383586739,0.08241602273,3.263624289,0
cop_0191,652,0.3076200232,-0.01075886609,0.0002170793926,0.1955287573,0.466969153,0.3316204418,0.03188357926,-0.108341868,-0.7096700413,0.1776444885,3.674169744,-0.3975993967,0.3574687042,-0.8782487579,0.1485471747,4.261097165,-0.0148145701,-0.004616799849,-0.6837374804,0.5577165493,1.984115684,0.2127110357,-1.98592576,-1.905630382,-1.362632987,-3.787201416,1.286885477,1.159216445,-0.01387081358,0.1037168369,0.01449398954,0.1504907769,0.09090213947,0.004299090812,0.03958868304,0.06871835328,7.300040976,-0.03566548217,0.1872503899,0.1542304185,0.08707341056,2.679035101,0
cop_0191,653,0.2763575438,0.007829849493,-0.0009913876644,0.3111471761,0.6807135371,0.3915586762,-0.05443398641,0.1324348154,-0.8498185661,-0.25444143,4.322174376,-0.01256434445,0.07686750862,-0.6318427254,-0.08039680474,2.779737368,-0.02248431239,-0.022313214,-0.6114599922,0.2633079635,2.091306911,0.2736369677,-1.050762791,-1.962132664,-1.232416358,-3.847416473,1.051902023,1.207361028,0.0801887836,0.0798660706,0.1181372889,0.1428846881,0.08609349392,0.0324857117,0.03834135301,0.08104673453,10.18794004,-0.02687950097,0.138366819,0.1271655429,0.07398674626,4.034773065,1
cop_0191,654,0.2572247024,-0.02294419322,-0.000121281359,0.5604648167,1.120835592,0.4889311809,-0.1905361681,0.2266442649,-0.6714137164,0.4218328053,1.817995279,-0.8312867466,0.7074458035,-0.5374065786,0.3891365883,2.022210995,0.008110757568,0.05905275304,-0.6518964821,0.3295295129,1.73056874,0.1849991953,-2.097272188,-1.976009683,-1.408101466,-3.924692077,1.209832349,1.055687294,0.02672799156,0.1052156948,0.02018261571,0.1629286315,0.08865330331,0.005517037456,0.04552300849,0.06890164845,7.214692145,-0.01693421427,0.1448247693,0.1165644715,0.07654449379,4.005121032,0
cop_0191,655,0.2838214065,0.02877793108,-0.003721518924,0.5336591996,0.9763838898,0.6181878104,0.04840682778,-0.08602583969,-0.4358112234,0.08720971303,2.131279228,-0.1797080123,0.4397360632,-0.7845308608,0.2506496505,1.931977829,0.02270079528,-0.0855350805,-0.4180991894,0.2361335767,1.708723202,0.2733425558,-2.069376784,-2.049161923,-1.141339864,-3.490878675,1.322205524,1.266442024,0.04078444263,0.1143100164,0.03214035095,0.1080807787,0.09967159974,0.01099597592,0.03259867455,0.08575089475,6.978121596,-0.005272888274,0.118778083,0.08494140362,0.06258688556,5.569840312,0
cop_0191,656,0.2907453908,0.01510668026,0.001298493409,0.6007970727,1.112406229,0.3301431852,-0.1473881039,0.2842223354,-0.9931359721,0.1461090294,2.777415726,-0.4244692149,0.5935140514,-0.8779130711,0.3945883275,1.605457367,0.01079527711,0.04149899089,-0.7634810622,0.3546674061,1.42979094,0.2015852383,-1.594372604,-2.18242031,-1.381573549,-3.930974477,1.133396653,1.088029429,0.07323019025,0.1182441933,0.0005400735535,0.1533346521,0.09056696198,-0.0003071453296,0.04341547317,0.06892422785,7.77871907,-0.03207520562,0.1876036959,0.1729863093,0.08850697173,2.413371729,0
cop_0191,657,0.2831239922,0.04902931442,0.002865682273,0.5256815554,0.8931690095,0.6082283341,0.1931532831,0.002951615347,-0.582308407,0.3740931044,1.228941656,-0.02624950275,0.2498392557,-0.7346892054,0.1069389898,2.436968638,-0.05442696467,0.08398039225,-0.4348604922,0.5206649589,0.7214818702,0.1483266123,-1.993958555,-2.068488859,-1.170673,-3.62635869,1.185071504,1.149041411,-0.01088282689,0.08328301732,0.04559574155,0.09861039377,0.08240132426,0.01824094365,0.0297890021,0.082519655,6.540871143,-0.02944461741,0.1189389364,0.1056341322,0.06278112841,5.419760516,1
cop_0191,658,0.2823651396,0.04298690119,4.879721832e-05,0.4397519949,0.7823188907,-0.1096329063,-0.3039950481,0.07749736646,-0.8768062466,1.682324436,1.100909474,-0.2807968137,-0.03259743683,-0.5099944624,1.555822748,-0.5514533478,0.02548334112,-0.01567136046,-1.139384619,1.46947584,1.605829062,0.3657595475,-1.312229496,-1.830266184,-1.356480469,-3.948881411,1.247576933,1.340757132,0.02177834325,0.1193868569,0.0600338697,0.1133555841,0.09720517416,0.01114632353,0.03217758817,0.05409704767,7.470517567,-0.08185514901,0.2940683297,0.2621981471,0.09754965318,0.92282647,0
cop_0191,659,0.2856058079,0.003351315751,-0.0003475230464,0.4032080954,0.7259011361,0.2805864918,-0.3884406617,0.08110109295,-0.770921403,-0.5711981513,6.757149869,-0.9370069037,0.3301058648,-0.4313212019,-0.8676661273,7.589053532,-0.008923166662,-0.01327434089,-0.7152731112,0.5510874521,1.782627471,0.3811282537,-1.748104364,-1.758889684,-1.196410159,-3.795500278,1.433471135,1.263923115,0.007320057695,0.1106001043,-0.117986301,0.142874518,0.09870878974,-0.02950761636,0.03598607979,0.08544754623,9.316835463,-0.03053863194,0.2068918922,0.1667233539,0.09234610211,2.166009577,0
cop_0191,660,0.2691122503,-0.01220577101,-0.0009594200717,0.4874219658,0.9269845629,0.5970828561,0.2059663675,-0.02252333235,-0.7450117823,-0.164432681,3.080126332,-0.5561088478,0.6940471364,-0.7602733261,-0.3106675226,3.639717725,-0.01598885278,0.01004015164,-0.4829969292,0.1422555464,1.806104188,0.2099971195,-2.223485032,-2.149853316,-1.161392404,-3.736050778,1.233978084,1.16860984,-0.01097002661,0.09922036938,0.04589656756,0.1181126698,0.0922252854,0.01328731097,0.02927712031,0.08746010987,8.291831484,-0.01580729322,0.1127210786,0.0945479047,0.06416417487,5.634391094,0
cop_0191,661,0.2666585212,-0.001937803047,-0.0001048808498,0.4339311536,0.8848129517,0.2539052838,0.3547455467,-0.1744829074,-1.014652103,0.6789097126,1.943329471,0.1150420283,-0.1641654993,-0.8591753715,1.394835083,0.008000328153,0.007231609098,0.007476654774,-0.7993153339,0.5292880391,1.90190912,0.1824100911,-1.306510197,-2.089952099,-1.446667831,-3.946352025,1.422482153,1.05820617,-0.07570930579,0.08561492201,-0.04945966693,0.1603441107,0.07952584293,-0.01742095279,0.04277825415,0.06187365013,6.891261471,-0.04061882125,0.1921097278,0.1758069392,0.08963963921,2.395236089,0
cop_0191,662,0.288244505,-0.00722513421,0.0005871555513,0.1657996921,0.2221893334,0.3028369665,0.08232008847,-0.08234285453,-0.6923922437,0.6699928034,1.932473564,-0.04954801268,0.04805802544,-0.7083025927,1.343443486,0.0294256075,0.03410658187,0.003508069894,-0.7721674525,0.5919066645,2.162775438,0.3435371524,-1.580327918,-1.891704859,-1.307877624,-3.917509524,1.575462828,1.342343981,-0.0206956752,0.1386388196,-0.07615989538,0.1250084266,0.1090854993,-0.01985104112,0.03962585303,0.06867783384,7.891163665,-0.04994620444,0.1885291216,0.1734362058,0.08631056471,2.538389042,0
cop_0191,663,0.2766755138,-0.02306891466,0.0004770198304,0.5619838359,1.033340423,0.3930868931,0.1263361743,0.1385903185,-1.05556107,-0.1309336078,3.756214262,0.08102547999,0.4067882874,-1.02986071,0.6310988983,0.3763719969,0.1702399266,0.005932685649,-0.7903987669,0.5526960153,0.8492660656,0.2414549997,-1.510820845,-2.129085728,-1.295045559,-3.931665319,1.135073463,1.17004798,0.05622329384,0.116528683,0.1003504125,0.1350056856,0.0966546684,0.02469076131,0.03344347432,0.0762162566,7.11307674,-0.01564309152,0.1568938189,0.1336053277,0.08406374291,3.440686283,1
cop_0191,664,0.2739730095,-0.02043473917,-0.001685748195,0.3922540213,0.7162353368,0.4869353707,-0.1318258069,0.1412614822,-0.698832797,-0.1458451507,3.501323786,-0.8833514784,0.609354273,-0.4434175786,-0.5365194366,4.544944961,0.0979697621,0.0404812774,-0.6580453267,0.5362648681,0.6839847773,0.1997478196,-1.975863772,-2.031787506,-1.239355701,-3.873733181,1.222409919,1.121117557,-0.01433885434,0.09515054481,-0.01395773051,0.1416921566,0.08659262635,-0.004939454844,0.03569102968,0.08160083151,11.50875713,-0.01889763993,0.1267639207,0.1130268397,0.07233153973,4.638656134,1
cop_0191,665,0.2785640144,0.06571975181,-0.0001506615252,0.163572831,0.4056778772,0.171780714,-0.2840518443,0.2329083002,-1.056808607,-0.1623324055,5.338292002,-0.1452056644,0.4408493225,-1.115950038,0.7929710272,1.491612748,0.05586147561,0.002087150745,-0.8707715267,0.8174000881,1.014302862,0.2500704192,-1.505616926,-2.143645404,-1.40745157,-3.974622569,1.145199233,1.121688296,0.1023479881,0.1384986121,0.0174109145,0.1111195979,0.09534130777,0.005137700938,0.03036301216,0.06718440333,7.361298849,-0.01781093815,0.2126666555,0.1699116198,0.1024313089,1.975264659,1
cop_0191,666,0.3109987262,0.02170625816,0.0006102075739,0.1713170939,0.3458563495,0.3600215715,0.1089160873,-0.04805888608,-0.6793392164,0.5748932394,2.388078214,-0.456464538,0.1768981396,-0.2520188476,0.469923598,1.916139121,0.004140316895,0.00251131517,-0.6867344038,0.6206756098,2.388675945,0.2450369097,-1.687508972,-2.102149551,-1.392586905,-3.816607408,1.185034938,1.275387577,-0.01438450598,0.1082982298,0.08503263178,0.1346176323,0.0974371448,0.01587236622,0.04023753334,0.06316948325,8.75260539,-0.04206046228,0.1926967298,0.1533570961,0.07943795545,2.754115341,0
cop_0191,667,0.2788317878,-0.01106190612,-0.00205584338,0.347418047,0.6627975303,0.4479672006,0.2520125514,-0.05335302356,-0.7000638572,0.3739909994,1.34248382,-0.04285685309,0.3918306549,-0.8937496439,0.623959753,0.8867001638,0.1042078575,-0.02174337924,-0.6854060841,0.3160067691,1.804081529,0.1898371816,-2.000061001,-1.924160918,-1.128353926,-3.732245727,1.245174744,1.235318267,0.008563494111,0.1373919952,-0.03173275703,0.07178781962,0.1035377107,-0.006342824298,0.02587550377,0.08445044775,6.044360182,-0.02322110234,0.144693906,0.1285087459,0.07498504018,3.955556435,0
cop_0191,668,0.2781741542,-0.01135420469,0.0007931922168,0.501453406,0.9836044565,0.3364842865,-0.05840632714,0.155079505,-0.9294116404,-0.2475949769,4.984568631,0.02899067678,0.1307245785,-0.5303360612,0.9043664718,-0.7866504732,-0.050179963,0.01596622141,-0.6555399291,0.4157433493,2.126082109,0.3734340961,-1.085888318,-2.062729724,-1.314898328,-3.843502242,1.188863894,1.347238275,0.04012442607,0.09579924141,0.06966350671,0.1757255883,0.1009592523,0.01285829393,0.04712474689,0.07520643889,8.29348963,-0.01643154113,0.1679793906,0.1320072678,0.08693607708,3.17353018,0
cop_0191,669,0.2839833397,0.01791108907,-0.0002201825118,0.6451074787,1.139295863,0.5288485714,0.05131012124,-0.05673115793,-0.7144799915,-0.7097351095,5.613094955,-0.5637214014,0.4766468225,-0.7122611784,-0.9524260671,6.451038002,-0.07874287575,0.02074276094,-0.4755265627,0.1461914147,2.275951198,0.1299019963,-2.033477974,-2.145450816,-1.319636577,-4.006075295,1.143268186,1.060857209,-0.02583900036,0.07199230696,0.09251415748,0.1258242045,0.0781185179,0.02526138739,0.03075332225,0.0738969158,8.850334274,-0.02103484257,0.0933740382,0.0875836373,0.05796273436,6.895048313,1
cop_0191,670,0.2862100271,-0.04084776039,0.00173736772,0.4726260008,0.8572750012,0.4755083273,0.1984375275,0.01908748162,-0.8700200243,-0.1236345336,3.32542135,-0.2327449234,0.3636062787,-0.5611456075,0.2956515574,1.019826262,0.3039904916,-0.0434753739,-0.7743490033,0.6480168506,0.4200668802,0.09414824521,-1.745278198,-2.07201995,-1.296150627,-3.953788108,1.013136433,1.045218436,0.02471281357,0.09091624407,0.04730358306,0.1044988243,0.08416139718,0.00555219892,0.03043716457,0.07371944254,6.51427989,-0.01964356486,0.1273735128,0.1147485861,0.07253152023,4.668358244,1
cop_0191,671,0.3394031305,0.03369445364,0.001220877986,0.4305794857,0.8186152089,0.4084221054,-0.4389570626,0.1171028869,-0.644226018,-1.275098025,7.452532848,-0.6719970898,0.5429820438,-0.671934528,-0.9108344586,5.491657594,-0.00992436461,0.004511339221,-0.6162936378,0.2738401034,1.398230006,0.124015336,-1.649441596,-1.992448697,-1.302481119,-4.030411128,1.022233794,0.9877507766,0.1081995019,0.07944317275,0.08707544772,0.0739081958,0.07649320346,0.02395754716,0.0171530171,0.07534868083,10.30249318,-0.01344753706,0.1555812939,0.1322821924,0.08168514231,3.466730521,0
cop_0191,672,0.2879881355,0.02244512082,-0.0006111497488,0.1339852401,0.3121645208,0.3610650023,-0.03074837449,0.1200640492,-0.8054962675,0.2601373848,2.20265628,-0.4774671056,0.4209576191,-0.548823971,0.08192539807,2.146740968,0.0003118818001,0.002375308656,-0.6750671893,0.3832030578,1.532021244,0.1406587379,-1.679066055,-1.991401448,-1.294410891,-3.970523868,1.057083247,1.077504659,0.02067271238,0.10785361,0.06756440893,0.09694805701,0.08680988005,0.0135290637,0.03020612033,0.07360131153,7.324089287,-0.03302013656,0.1653703073,0.1555168489,0.08360040907,3.022604477,0
cop_0191,673,0.2661107343,-0.04001617979,0.001080786132,0.630219384,1.235378285,0.5604914005,0.3080818909,-0.03468295905,-0.7870407136,0.2371929068,1.955227438,-0.06093564618,0.4726337868,-0.9522210722,0.1409691969,2.269881095,0.1401129954,-0.05178536962,-0.6099156568,0.2796334278,1.659688485,0.2992235123,-1.889669212,-2.009258867,-1.153567259,-3.562733781,1.300595993,1.296398127,0.03712862599,0.1067525654,0.1440146565,0.1804875264,0.1000200471,0.03937624039,0.0530322607,0.08316202066,7.2801888,-0.02036376079,0.1255838401,0.1084468315,0.06774028189,4.8957874,0
cop_0191,674,0.2674787515,0.001286805916,0.0009141484862,0.4350742673,0.7778501268,0.205473509,-0.3673139183,0.03066146159,-0.6560644694,0.304114459,4.589669114,-1.020954588,0.3108023137,-0.3208871129,0.6256246341,3.86345972,-0.02751500893,0.004500377138,-0.7974014303,0.7151993213,2.30438615,0.4361251336,-1.509644005,-1.732652234,-1.316406625,-3.963024389,1.662200344,1.337124513,-0.05451842301,0.1766326393,0.009740340892,0.137904658,0.1173168188,-0.001554360261,0.03678774041,0.07314341675,8.453664039,-0.03688759596,0.2122919673,0.1683401082,0.09545347683,2.13284819,1
cop_0191,675,0.2626229742,0.01422435241,-0.001032040756,0.6089394796,0.9207288966,0.2250959596,-0.236374871,0.2898638294,-1.009286688,0.1442548798,4.02367525,-0.4762205333,0.6076738102,-1.004961268,0.2048123638,3.293038806,0.02686874125,-0.02519504713,-0.8049695833,0.6207519479,1.7655287,0.2814358557,-1.834404917,-2.196763283,-1.313914205,-3.92966171,1.251697641,1.216507645,0.07580588887,0.1347595502,0.1011679335,0.09075293171,0.1015175745,0.02550118122,0.0229216057,0.07113400703,8.474002491,-0.0371035925,0.2167250531,0.1835253205,0.09395372121,1.973727749,0
cop_0191,676,0.3121136346,0.03045194492,-0.001059015626,0.3907212508,0.7276157957,0.4052821541,0.2615550967,-0.2830012619,-0.469953326,1.009091211,0.1518088222,-0.1577106143,-0.0874460378,0.002367245313,1.53562949,-2.452232293,0.3712871739,-0.4200648246,-0.4495143414,1.009812413,-0.1117756539,0.2237609089,-1.866120156,-1.899201967,-1.540923593,-3.824494663,1.216309449,1.165940098,-0.01450346441,0.07238310657,-0.1468251574,0.1809077551,0.07804468258,-0.05142628485,0.05024554754,0.05348362696,6.15024654,-0.04025365442,0.1543267609,0.1438090734,0.08364338009,3.536777376,1
cop_0191,677,0.2828629035,-0.02237536177,-0.0006505475916,0.3303899591,0.7351168264,0.4628741143,0.0282158914,0.1240513687,-0.8420561904,-0.2616205226,3.268384976,-0.3565795499,0.4769869823,-0.6648705226,0.1085678839,1.516972167,-0.0269205566,-0.02527106025,-0.5476640635,0.2089100635,1.356691033,0.2058047323,-1.902504467,-2.067299164,-1.121998405,-3.683995279,1.159112489,1.197680695,0.02954567927,0.08321616078,0.04535494737,0.08965207329,0.09043416824,0.005051904801,0.02092365374,0.08619833651,8.942274901,-0.01686500897,0.1649079666,0.1438706031,0.08180149511,3.14583439,0
cop_0191,678,0.3137774805,0.03781480452,-0.00248871855,0.4031169659,0.7523832413,0.571047438,0.05220074949,0.1757486076,-0.7748270583,0.07803437697,1.962075474,-0.554097423,0.6668331043,-0.6534343797,-0.02389915682,2.197646076,0.05863756775,0.04171622259,-0.5539968071,0.426386133,0.4644835009,0.2813093118,-2.166296845,-2.04576501,-1.17391164,-3.645001986,1.289450742,1.239177639,0.01459918737,0.1374997002,0.05268489717,0.1366064328,0.1037137992,0.01244455305,0.03781830022,0.08633201519,6.503550264,-0.01210448919,0.1225974403,0.1046734561,0.06863311515,5.115784548,1
cop_0191,679,0.275141741,0.007746000697,-0.0006562066067,0.3798276486,0.7931845662,0.3516364941,-0.2666452823,0.1243483305,-0.6357881196,0.06933578414,3.591798868,-0.6737794347,0.6160572933,-0.69600876,0.1044422613,3.247632926,-0.0281614491,-0.004831441463,-0.6423315096,0.4144965401,1.850653534,0.1882291915,-1.999547639,-1.973086532,-1.386668435,-3.877345788,1.176090432,1.095118563,0.0327965955,0.07111627517,0.03373543868,0.1798896723,0.07876741632,0.00849863689,0.04685865224,0.07035729937,7.698180204,-0.0383523671,0.1710844558,0.150746327,0.07965012684,3.038772736,0
cop_0191,680,0.285441675,-0.02283833033,0.0004437056325,0.4171044755,0.7976015683,0.1820745577,0.45557041,-0.3280101907,-0.9818785195,1.028397337,0.664336742,-0.04778858513,-0.1260499498,-0.7221314076,1.278255184,-0.1093363302,0.05356082247,-0.01221025004,-0.8919633638,0.6313016266,1.653044478,0.4134170619,-1.45393429,-1.878454381,-1.227825131,-3.734640703,1.629295179,1.33419458,-0.08033350999,0.1578850726,-0.03190164599,0.1961163684,0.1105733457,-0.01177334461,0.05673702352,0.07441810175,7.480701732,-0.0540294345,0.2130926427,0.2111673415,0.09509207148,1.787392133,0
cop_0191,681,0.2912531468,-0.04575040771,-0.0006019859854,0.5347414207,0.9899359667,0.2957376379,0.3590175396,-0.251408953,-0.8916606855,0.5854769851,2.48076958,0.2500787901,0.03440604432,-1.241831478,0.8101237113,2.612996416,0.03082071731,-0.01329871508,-0.7682650217,0.6093085043,1.979444562,0.2245580237,-1.683005451,-1.930531842,-1.295448654,-3.701410828,1.323924629,1.166537362,-0.003859085877,0.1300700289,0.04291594496,0.121258153,0.09543074406,0.01141485639,0.0344390371,0.06957178152,5.779264803,-0.03046669788,0.2054712592,0.164921811,0.09099158504,2.300004752,0
cop_0191,682,0.2797392338,-0.04391397025,-0.002439938599,0.4916743487,0.8202400007,0.3297173698,0.2328730803,-0.04331666743,-0.8129262198,0.9248128445,0.4912108241,0.5143985001,0.03795491174,-1.271064822,1.663174376,-1.065080203,0.1265809927,-0.005238250126,-0.70738491,0.9575378216,0.0449018345,0.2069929293,-1.253975894,-2.055078691,-1.353401683,-3.844377974,1.35262182,1.149639062,-0.006230723968,0.1202458702,-0.01903484452,0.1597120157,0.09317978936,-0.006323211086,0.04442750999,0.07022883654,13.27129693,-0.02966900379,0.1618826638,0.1410287156,0.0815853662,3.262525876,1
cop_0191,683,0.2967529439,0.009896101742,-6.471878643e-05,0.4115967999,0.7228952765,0.4255683859,-0.001209830354,0.1405155861,-0.7657890347,0.17167126,2.784381874,-0.5834010397,0.5464095077,-0.5547763809,-0.0938402034,3.094735366,0.001174551184,0.0254776944,-0.6402676618,0.3647629151,2.039644605,0.3002266497,-1.758927529,-2.006584438,-1.229191276,-3.815961764,1.282641249,1.296377706,0.02086200442,0.1151303866,0.1140073673,0.1740159815,0.1003585682,0.02729353561,0.04666322716,0.07907907877,8.177088974,-0.03241886323,0.1399362053,0.128043101,0.07325322742,4.092216574,0
cop_0191,684,0.2749344584,-0.0221267914,0.0017502101,0.345359987,0.6052007138,0.5364026588,-0.4068202929,0.4093418909,-0.6847275211,-0.3212207415,3.489466055,-0.8451838023,0.725619273,-0.5193412696,-0.09314080757,2.667956017,0.02542759049,0.09703164879,-0.6065474019,0.4209854564,0.4638401487,0.2818368368,-1.896118502,-1.80297983,-1.210441575,-3.784988063,1.282270374,1.098862456,0.1091567376,0.08731375108,0.04202416874,0.1096191618,0.08287967059,0.01469603076,0.03461640246,0.08238058531,8.488120412,-0.01818012555,0.09483976996,0.09626518002,0.05740243515,6.5941308,1
cop_0191,685,0.2669800848,0.03661113243,-0.0002194486909,0.5962291798,0.9876900701,0.3347375957,-0.269058159,0.2460656597,-0.838812277,-0.07847533058,4.023370849,-0.4802323003,0.5670470134,-0.8104052967,0.1680929271,2.607883976,0.0858348194,0.006510402133,-0.7590922518,0.6357030803,1.035817269,0.3546784916,-1.688172488,-1.955897651,-1.251251754,-3.807206875,1.325293136,1.250021714,0.09428564206,0.1417158626,0.05281289008,0.1558066755,0.1066897985,0.01468895823,0.04466401878,0.07918566949,7.191676796,-0.02745548015,0.1723575866,0.1500316909,0.08982471498,2.894517132,1
cop_0191,686,0.2934262054,0.03101714684,-0.0006183639016,0.2310845595,0.5040520809,0.538724336,0.05500418276,-0.0330381858,-0.6773176994,-0.3742734692,3.381137172,-0.2582620137,0.5169263051,-0.9646202977,-0.04659336614,2.628003472,-0.1206543418,0.04444564292,-0.447785083,0.1656950621,1.116842394,0.1581188635,-2.066168326,-2.153393193,-1.213775614,-3.833073768,1.211287464,1.118019875,-0.0004952157651,0.07052868934,0.01545953276,0.1158142337,0.0798364482,0.00289249327,0.02619290336,0.08345012682,7.472185816,-0.02140713835,0.1228837204,0.1206638031,0.06906891911,4.728314961,1
cop_0191,687,0.2712656452,-0.04849665224,0.0001280261821,0.461387987,0.878942897,0.3129176794,0.03621273405,0.2154136791,-1.114938461,0.06580671173,3.783144814,-0.452815488,0.3985995827,-0.6009041953,0.4550854856,1.599323626,-0.01845002978,0.007122268232,-0.7084516658,0.4616136386,1.814785015,0.2441172571,-1.480875787,-2.280000756,-1.256298993,-3.848859705,1.180101683,1.179318473,0.07253682551,0.09595518405,0.08303626179,0.1046989397,0.08896541181,0.01930431439,0.0252456425,0.08002824835,7.517309841,-0.03452899448,0.1824439406,0.1618905125,0.08855246292,2.606119424,0
cop_0191,688,0.2731565525,0.04328506779,-0.001551280721,0.4441743695,0.4715927794,0.2960302787,-0.4265778155,0.2376470931,-0.5369756604,0.9044375699,0.6902950599,-0.6819388195,0.5081777097,-0.5138345641,0.6815853598,1.294666559,0.01812309548,-0.09807571258,-0.6051035147,0.6714674887,1.077493937,0.4298550834,-1.864945939,-1.672000205,-1.29612647,-3.748963949,1.426960001,1.241884412,0.1135762014,0.1137033394,0.03492546677,0.1482765684,0.09249998052,0.01260166739,0.04507866382,0.07113411023,4.728880973,-0.02862759716,0.1747664656,0.1590258573,0.08580789129,3.112720491,1
cop_0191,689,0.2547745801,0.003877579151,-0.0004945749947,0.4546444142,0.8309951793,0.3231343913,-0.3783620241,0.1759772567,-0.766362955,-0.7473918379,5.754525826,-0.5605692269,0.5482276363,-0.7855231549,-0.4467653538,4.036678681,0.03223133306,0.01136751336,-0.7258526361,0.444796078,0.9148081839,0.09260226665,-1.639401267,-1.962296206,-1.356971707,-4.014289857,1.017370672,0.9763666645,0.08189289927,0.0789987775,0.03085111936,0.07280391521,0.07105388839,0.007690992315,0.02040519891,0.07153855577,13.04960387,-0.0262596889,0.1828861849,0.1634413678,0.08440562448,2.599511215,0
cop_0191,690,0.3242372904,0.03142346266,-0.001128949871,0.4725690721,1.012133924,0.5034514839,-0.08678863114,0.2219868801,-0.7531218385,-0.06787400842,3.058761822,-0.4231705851,0.4534226218,-0.5696248449,-0.08198478354,2.600553262,0.02649671382,-0.02635117767,-0.5604402906,0.2446434756,1.715685122,0.1915029041,-1.689790225,-2.026037422,-1.214223133,-3.5696489,1.124620331,1.126677955,0.05257019101,0.04460358062,0.06233984398,0.1046132537,0.07292393469,0.01522575571,0.03162610217,0.08155127387,8.143974315,-0.02601194942,0.1217461445,0.1103770085,0.0652135326,4.984133893,0
cop_0191,691,0.2655385733,-0.009703557372,-0.001611313067,0.4742910934,0.9749407729,0.4660791766,-0.2890103552,0.141615909,-0.5889503069,-0.3758113332,3.983733162,-1.048703176,0.6062061814,-0.2984795872,-0.648086131,4.727515542,0.06310495178,0.02317521921,-0.6281270243,0.4657681025,0.6790397801,0.2466490203,-2.097566518,-1.877030302,-1.254057789,-3.89771957,1.286836427,1.142826223,-0.02344542681,0.08349811761,-0.04760546184,0.1501515139,0.08562107291,-0.015893984,0.03974496386,0.08254437847,8.512076373,-0.01265532672,0.1337843378,0.1171967023,0.07758013292,4.219340205,1
cop_0191,692,0.2496708117,-0.01298494521,0.0004950525435,0.4073841538,0.8534612797,0.1131245323,0.1202716099,-0.1322401046,-0.9557720914,0.9753198755,2.465072835,-0.06438054143,0.1656265569,-1.083316963,1.68194151,0.5936756162,0.0414889243,-0.006558783289,-0.9492147956,1.020694229,1.783991459,0.4042939566,-1.753893851,-1.978445604,-1.297555144,-3.863164952,1.569843125,1.407545369,-0.004992358945,0.1529407734,-0.01335566416,0.1726057802,0.1144633197,-0.006897733699,0.04318298087,0.06719313563,7.12432454,-0.0506168182,0.2515986181,0.2084015296,0.1010869901,1.47687007,0
cop_0191,693,0.2417300358,-0.02560702019,0.0001977767058,0.4043687199,0.765622758,0.3828687479,-0.326441886,0.1012270249,-0.6280082635,-0.4555930113,4.320622936,-0.8282043856,0.4315624172,-0.4667762299,-0.4537247749,4.369046643,0.01797598266,-0.03091152126,-0.6436518605,0.2371436146,1.50534261,0.3270180629,-2.023992892,-1.710535926,-1.255115909,-3.927461194,1.371714708,1.212138276,0.0262601622,0.1134371462,0.04785091646,0.119852458,0.09715292776,0.01220693146,0.03405701737,0.0797086562,8.283925922,-0.01161624856,0.1566137273,0.1352321678,0.08608064308,3.278305199,0
cop_0191,694,0.2404631335,-0.03155555536,-0.002111144405,0.4031523644,0.6636052759,0.3638097176,-0.1825968176,0.2105467531,-0.8289754062,0.2016149676,2.919258165,-0.4488467475,0.6191975401,-0.8554058238,0.4562986847,1.639515872,0.1278790576,-0.002235095776,-0.7440230487,0.7486817301,0.3309323157,0.3011565578,-1.717193791,-2.027017755,-1.241891746,-3.730436795,1.278287502,1.198612365,0.0882026892,0.08762987795,0.01980674678,0.1721982447,0.089532215,0.003378837355,0.04615049474,0.07736929965,13.60628015,-0.03619627835,0.1888113537,0.1657334439,0.08502894496,2.53615398,1
cop_0191,695,0.2919753042,0.0350802891,-0.00175418706,0.7877069792,1.55321667,0.3289198172,-0.1979120817,0.3493143947,-0.8518939408,0.7573835875,2.268985349,-0.07569080393,0.3265986444,-0.8655059384,0.8554677376,1.352825964,0.06601603871,0.01015259678,-0.6855029432,0.9830609889,0.8416808782,0.3026103469,-1.466877747,-2.145981549,-1.375345426,-3.714720783,1.162175127,1.135302061,0.1292643523,0.05678392671,0.0911885042,0.1265861759,0.0739999671,0.02757227227,0.03390399614,0.06627448559,6.177006079,-0.05846186075,0.1498755585,0.1450372344,0.07005475265,3.840824844,1
cop_0191,696,0.2877120174,-0.009606081688,-0.001256557391,0.3924898507,0.8554255022,0.4450122267,0.1735879532,-0.05111897366,-0.835975927,-0.09207080215,2.692811429,-0.1567022482,0.1689588598,-0.8177274741,0.02099298656,2.694916738,0.12230382,0.009543109681,-0.6833588351,0.4768999718,0.3004949657,0.1294567998,-1.595739156,-2.081627847,-1.243412703,-3.882305677,1.199840929,1.047676307,-0.00458005234,0.09555681994,-0.02136984507,0.1138310426,0.08107320732,-0.006897218966,0.02657731547,0.084213103,7.399030661,-0.01209847727,0.1421279828,0.1284944837,0.08259291131,3.734958793,1
cop_0191,697,0.282734027,-0.06322781375,0.001236087451,0.4499965325,0.7823917885,0.5563465148,0.1900860808,0.01560806138,-0.7282706988,0.06772990977,2.300645199,-0.5438575039,0.5482482365,-0.4341873003,0.2581191295,1.07553061,0.1139073512,0.001718579962,-0.644738691,0.2717763492,1.631499929,0.1095141882,-1.782618981,-2.118948695,-1.258531281,-3.796636217,1.068111457,1.095327673,0.00273722288,0.09124873493,0.110475768,0.1259267816,0.08603163654,0.02304918094,0.036002409,0.07626014446,6.505270872,-0.02280933535,0.1388535338,0.1192295884,0.07180110149,4.352070976,0
cop_0191,698,0.3097727935,0.01619078087,-0.0005066176375,0.5906287987,0.9557253164,0.4763186459,-0.1527376593,0.2206772413,-0.7887661486,-0.3795062019,3.888277781,-0.2601803328,0.466217399,-0.7446300702,0.1526388426,1.640585963,0.07408213575,0.01772342223,-0.6318031893,0.390348977,0.8285861545,0.2238718466,-1.509778262,-2.043325341,-1.269216792,-3.747828221,1.152601714,1.10892617,0.1025526613,0.06512507077,0.02952037919,0.1634108001,0.07787851867,0.005170970684,0.04269136378,0.08071024922,7.050406396,-0.02362525787,0.1266675457,0.1191645466,0.06912360544,4.625697319,1
cop_0191,699,0.2911212555,-0.01845622097,0.002653186278,0.6269054932,1.124760816,0.7007311056,0.05291650139,0.1469720762,-0.785910133,-0.6072174144,3.258354274,-0.470161832,0.7093838792,-0.7246391244,-0.4742752707,2.520583429,0.09982447217,0.01696572189,-0.494740842,0.2164214123,-0.02924136338,0.05923913295,-1.909379008,-2.062644228,-1.228377803,-3.900903336,0.9870467086,0.9562740146,0.04971739285,0.03799726692,0.03661879389,0.1041661253,0.06262543389,0.007688211251,0.02445464175,0.08356115704,7.897503937,-0.006263471933,0.06278331707,0.06798166634,0.04210405474,10.82555588,1
cop_0191,700,0.2976905346,0.04780712622,0.0004393040136,0.4536606537,0.8340940557,0.4373042644,-0.4260427333,0.1726606135,-0.6238563261,-1.113501886,6.333690705,-0.8331439908,0.7106266915,-0.5870215608,-0.5467228937,3.922251072,-0.05502163491,-0.002600805846,-0.5327443039,0.2015122904,1.336675362,0.09590202005,-1.781828906,-1.973277451,-1.334453584,-4.10501174,1.041110847,0.9774630631,0.07227859083,0.08708469612,0.05599555446,0.09053330272,0.07724643918,0.01250700827,0.02471417753,0.07343505226,6.789015703,-0.02024858854,0.1381176043,0.1304075882,0.07616679374,3.969830218,1
cop_0191,701,0.2794257632,-0.0234907629,0.0003096548916,0.3420342571,0.6530091346,0.51069664,-0.02045136911,0.1588676146,-0.7886540503,-0.2844060189,3.736936208,-0.1620135291,0.4936415506,-0.8449746265,0.3331353853,1.353836458,-0.0132833001,0.04695315016,-0.590107512,0.1898888305,1.762918952,0.2236893431,-1.812018696,-2.043177309,-1.231720937,-3.830751417,1.195917899,1.179963855,0.06402556498,0.08867704269,0.0643813345,0.1255855306,0.0907659465,0.01330328281,0.03699190563,0.07922517987,7.182457278,-0.02294482264,0.1219748654,0.1151169936,0.06895669998,4.87960506,1
cop_0191,702,0.2521117051,0.007891125182,-0.0006522569071,0.6230034194,1.23676909,0.4011111744,-0.2346908602,0.0941197274,-0.7657658704,-0.8436171825,6.698737113,-0.329251373,0.2550020075,-0.5453192188,-0.1852609613,3.416284445,-0.04715524746,0.005148337366,-0.5881575183,0.3169024103,2.011547651,0.1940626232,-1.510736215,-2.094491886,-1.392376453,-3.962314841,1.082796003,1.082137647,0.09083713289,0.07669145713,0.04274692197,0.1542122898,0.08194438927,0.01002400674,0.0395862906,0.07172302049,7.979953771,-0.004932397105,0.1519067466,0.1113569444,0.0836468832,3.739137257,0
cop_0191,703,0.2759467171,-0.01760351895,-9.107916505e-05,0.8469411726,1.711171482,0.4542284237,-0.2092622388,0.1421008599,-0.6092127911,0.05518304935,3.853323141,-0.5710285804,0.5418742874,-0.6784321719,0.1580399356,3.784722127,-0.008841514485,-0.01670485658,-0.5663862009,0.3671595726,2.374718304,0.250546332,-2.06821861,-1.882748226,-1.377499673,-3.800983464,1.282041627,1.166488441,0.03890227546,0.08921845972,0.008173565244,0.1899327097,0.08865463987,0.004671052897,0.05169535566,0.06841956723,9.616100568,-0.03143035182,0.1475703882,0.1217082492,0.07465415396,4.00161407,0
cop_0191,704,0.2710998368,-0.01168064598,-0.0001426151913,0.4500436297,0.801248027,0.6181290568,0.2696882553,-0.258449369,-0.4787145823,-0.03277266155,2.609539774,-0.01421671538,0.2327685207,-0.7791051685,-0.3468643138,3.763442622,-0.02286046068,-0.06018540949,-0.3928947408,0.1604041533,1.922641824,0.1799600714,-2.038528633,-1.979743741,-1.275850156,-3.676005122,1.175457651,1.173588929,0.01463584771,0.07378933348,0.0922097946,0.1635042144,0.08355856631,0.03228322307,0.04586953665,0.07552753747,6.309295191,-0.01528809485,0.09090098479,0.07617986379,0.05239189496,7.645208553,0
cop_0191,705,0.2703174074,0.01735437828,0.0007365609726,0.6367036351,1.06981013,0.3748533658,-0.3346547112,0.1541806271,-0.6553522359,-0.2898597796,4.660431981,-0.7987697773,0.5733238458,-0.6101499926,-0.2281639992,4.286142259,-0.04267396072,0.0007267610677,-0.6119814565,0.3709105119,1.950640322,0.3556111698,-1.901183286,-1.898953731,-1.234384732,-3.806333439,1.406526549,1.266126445,0.04868431196,0.1171474389,0.08016150903,0.1174794674,0.1035081206,0.01994559873,0.03145208362,0.08079952163,9.640371621,-0.02103657739,0.1625082891,0.1339085959,0.08498647325,3.214185696,0
cop_0191,706,0.268902603,-0.005428339081,0.002684018708,0.4678865719,0.8083516137,0.4161188133,-0.008582877213,0.1636806978,-0.6523270919,0.8513324652,0.1988385104,-0.2970498535,0.05250287235,-0.1883510289,0.1135994407,1.674724286,0.1281049492,0.0238080203,-0.6885067913,0.9526162952,0.04682496878,0.2676658154,-1.214785612,-1.795792967,-1.276288219,-3.447180661,1.066914195,1.212915625,0.04082896091,0.0955143301,0.09962593034,0.1261063059,0.08705060938,0.02925614512,0.03914392837,0.07288072425,4.389079783,-0.007571061089,0.1456701147,0.09993191572,0.06816112393,4.660300368,1
cop_0191,707,0.296940796,0.02033029065,0.0005398662829,0.8147016703,1.405195808,0.2834885653,-0.04299021658,-0.05993621213,-0.7439960585,0.1438454342,4.308735333,-0.15473043,0.05506611937,-0.8748782964,0.2940909048,4.697297366,-0.1228834312,0.01523347887,-0.6463779664,0.5395916224,2.458848902,0.3477423778,-1.364167833,-2.031058806,-1.253561022,-3.758769924,1.541268504,1.320767346,-0.04850426105,0.1194072382,-0.04522417985,0.1886810805,0.102617698,-0.01159919144,0.04808977557,0.07506466302,5.838332294,-0.04338847502,0.1858856789,0.1605751909,0.08451704549,2.815544522,0
cop_0191,708,0.279360935,-0.098200496,-0.001455629435,0.1887243824,0.4063260992,0.2235451397,0.2844462489,-0.1629268412,-0.9706936923,0.6978242549,2.534872606,0.7460319095,-0.2234784949,-1.403603304,1.623330972,0.1489449847,-0.04575255838,0.03876053716,-0.8013589698,0.7360912121,1.809148764,0.3043105381,-1.360530338,-1.952396089,-1.343521291,-3.848013108,1.505528803,1.269005204,-0.03622734587,0.1404642824,-0.03061828488,0.1813012613,0.1046735035,-0.01199642244,0.04705014208,0.06337252901,7.041644005,-0.04385334998,0.2198438139,0.1884187351,0.0922986847,1.968897237,0
cop_0191,709,0.2617966087,-0.04395225583,0.0001260382581,0.3926207773,0.8053288627,0.5444694451,0.1326821319,0.03746542704,-0.768005629,-0.2225857658,3.797805608,-0.2256901963,0.4749154563,-0.8329801557,0.050349913,2.994861652,0.06874499082,0.05740115365,-0.6133564769,0.4027958942,1.350244824,0.2502086031,-2.141999848,-2.100695572,-1.094829753,-3.657561103,1.288765315,1.252333717,0.03294091781,0.1251378629,-0.01249227866,0.1210966881,0.1009969119,-0.006380645986,0.03066576132,0.08946326109,11.6932598,-0.02090761478,0.1298891345,0.1076405314,0.06883029257,4.782130761,1
cop_0191,710,0.2685482605,-0.02429057736,0.002367207637,0.420062923,0.8105951844,0.4542747561,-0.05535608973,0.1736448003,-0.8041238387,0.2539612993,3.008683696,-0.5598909718,0.6812362392,-0.7443061379,0.3365987719,2.451828215,0.08897965279,0.02207263341,-0.6664532827,0.6030342118,1.225265577,0.1976220302,-1.631269844,-1.997277089,-1.309855931,-3.83947379,1.156371228,1.078564088,0.07155406213,0.09589506326,0.05646274192,0.142881249,0.08328979664,0.01692451506,0.04224300679,0.07379843974,6.495345683,-0.03022476744,0.133747697,0.1176789974,0.07130823538,4.47655577,1
cop_0191,711,0.2886225508,-0.05320624946,-0.002364530118,0.6803131027,1.250613362,0.2468467371,0.2481098871,-0.1092157228,-0.7990309522,1.145487811,0.5618545933,0.1242460458,0.1715013957,-1.015617365,1.29777434,0.5391072101,0.08538155288,-0.02782352824,-0.8466444874,0.7778417882,2.012567871,0.2074222049,-1.84651089,-1.8760173,-1.338665556,-3.792382167,1.25657196,1.194884866,0.01012041263,0.1336995581,-0.06332386956,0.1738821085,0.09852404454,-0.01447368573,0.05253169192,0.06219117716,5.860084722,-0.06495331596,0.2004843247,0.1927393695,0.08431642759,2.332512545,0
cop_0191,712,0.2565926436,-0.004749915482,-0.0003998822859,0.3121547825,0.5516460378,0.505952738,-0.4079387289,0.2175163482,-0.5169232721,-0.2778708657,3.625828798,-0.8396021286,0.8527465999,-0.6780804312,-0.2220835594,3.363052032,-0.02601117633,0.003347096234,-0.5310042196,0.2023791861,1.482585049,0.2615477975,-2.058060936,-2.01503816,-1.29827143,-3.970741327,1.230571896,1.135875253,0.09451240843,0.141911463,0.01154618496,0.1285724896,0.1018513374,0.004097245517,0.03504531245,0.07887933263,7.810752498,-0.0182550352,0.15887668,0.1322865105,0.08169686889,3.370428605,0
cop_0191,713,0.2414946502,0.01577613113,-0.001366217915,0.2815888739,0.6704152691,0.5199617587,-0.07627562667,0.2340850195,-0.7310571054,0.2385265447,1.654057454,-0.3504775864,0.4810586146,-0.5967753088,0.1360283668,1.505030701,0.05616478354,0.01673557528,-0.5613195137,0.4343768353,0.6411365621,0.2311757855,-1.477711312,-2.112078294,-1.341968854,-3.585242835,1.144884673,1.115563228,0.09363078782,0.05865670348,0.01877899738,0.1783133599,0.07566373088,0.008188407956,0.04768251374,0.07595162443,14.6624514,-0.01302323401,0.135883776,0.1067759996,0.07124593314,4.397444227,1
cop_0191,714,0.2749541213,0.008804008187,-0.001289906186,0.5987649829,1.049004937,0.2740293355,-0.03900601869,-0.06173701304,-0.6587940214,0.6710431984,1.398211937,-0.777261256,0.3565504582,-0.4344178141,0.6431442056,1.754337535,-0.002855651061,0.001133729275,-0.7583400532,0.4702032909,1.877278452,0.3229306551,-1.830568334,-1.869632344,-1.315374297,-3.84405353,1.468435826,1.217026586,-0.05710558758,0.1102013828,0.01445647421,0.2050855466,0.09313425638,6.862407144e-05,0.05888143813,0.06741882445,7.722020676,-0.049195441,0.1739514518,0.1795368691,0.08353430291,2.686925109,0
cop_0191,715,0.2742312703,0.0006444002257,0.003048847642,0.1987976064,0.4369251137,0.4371258032,0.1361365984,-0.1196866932,-0.7390424659,-0.1135960893,4.037702217,-0.4341644518,0.3053497704,-0.7115686771,-0.1356707876,4.673903496,0.1338531373,0.01000065326,-0.7156699894,0.6139310951,1.102315258,0.1651487379,-1.751505486,-1.89815915,-1.306000439,-3.860596121,1.246246052,1.073645185,-0.04680119899,0.05833975034,-0.02582427624,0.1558504852,0.07427020837,-0.006281202549,0.0404041403,0.07751247336,5.529340974,-0.0336505612,0.1294203797,0.1222599078,0.07390444335,4.594923299,1
cop_0191,716,0.2831161275,-0.02547668851,-0.0005816608952,0.3846140528,0.7000195555,0.4289273672,-0.1487405803,0.1056436694,-0.587213954,0.2601907341,2.408363529,-0.9267708416,0.6343474841,-0.2447006296,0.7742728154,0.3218627535,0.0112339676,0.01835132203,-0.6555128627,0.3341182947,2.059656799,0.07175848481,-1.744877739,-1.959111552,-1.369260942,-3.936672621,1.073713456,1.000006926,0.003701560842,0.06991773992,0.0419870375,0.1595053104,0.07327212037,0.006834019566,0.04582275758,0.06931167325,6.898280104,-0.04397602476,0.1377555951,0.1369942057,0.06961453889,4.076324098,0
cop_0191,717,0.3069336464,0.002043302632,0.002969990017,0.3449038967,0.5429854638,0.7956848004,0.1085423535,-0.0891417633,-0.308057778,0.106591412,1.676988845,-0.3149935212,0.342245086,-0.322188631,0.04645940429,1.617015131,-0.05789875726,-0.01967508213,-0.2439162916,0.2041569953,1.441879392,0.1361175617,-1.949991208,-2.1018234,-1.347413589,-3.412556969,1.087015236,1.121169819,0.026521247,0.03506194866,0.1312785036,0.1246107867,0.06580751332,0.03474808929,0.0363304736,0.06827910076,4.995902076,-0.002070024816,0.04666583539,0.0322516495,0.02918870173,18.26856005,0
cop_0191,718,0.2798208215,-0.0150070728,-0.0006251769262,0.1766311948,0.2058746734,0.354344539,-0.331571932,0.1444772092,-0.6891700317,-0.4942028422,6.621581401,-0.7307171653,0.3201459297,-0.3327376213,-0.3193980127,5.263048143,-0.05230630876,-0.0395564228,-0.5758307477,0.472821307,2.660470228,0.2818288715,-1.754236339,-2.034461993,-1.327524572,-3.913174083,1.238394874,1.211856918,0.07765258089,0.09055044418,0.0741541161,0.1643933629,0.08962237407,0.01872283419,0.04153205094,0.07659028901,7.003594647,-0.03566678893,0.1457057007,0.1238615913,0.07940952085,3.950464995,1
cop_0191,719,0.2596827388,-0.04570542439,0.0009980013236,0.2395814142,0.3851384121,0.4822725948,0.1622830191,-0.08787322993,-0.7467046408,0.1039671321,3.614957999,0.3359474687,0.2195374185,-1.332705569,0.531992515,2.894108696,0.1744547737,0.01699143327,-0.7052601539,0.7188901471,0.9406475248,0.2959043689,-1.544972632,-1.99592232,-1.240972401,-3.787354932,1.424353316,1.241145657,0.02247055502,0.1327407765,-0.008257736701,0.1488235114,0.1046660358,-0.002361058948,0.03950784448,0.07961624402,7.288055153,-0.02342924178,0.1444372865,0.1141671522,0.07562530984,4.09289176,1
cop_0191,720,0.2480966397,0.04010453783,0.000703143159,0.3940165743,0.7157773074,0.3856327698,-0.2913383547,0.1381846773,-0.6831912146,-0.2630456701,4.641610544,-0.6888641552,0.3135330407,-0.4656705114,-0.6368036083,5.651797691,0.01347928151,-0.02574872541,-0.6395922068,0.3652773028,1.955844895,0.2984111203,-1.676981246,-1.875757345,-1.233081382,-3.997927292,1.310442773,1.203070515,0.02751331856,0.1392456763,0.02806891286,0.1123801104,0.1027569256,0.00896326573,0.02992134838,0.07964773947,7.781391637,-0.02354427636,0.1532641338,0.1330011559,0.08384953664,3.461854585,0
cop_0191,721,0.2366138112,-0.02858783256,-0.0008817390909,0.6427272247,1.180887693,0.08298680359,-0.3918413634,0.1513616035,-0.901266292,0.741956421,4.478734225,-0.7414107286,0.6201829235,-0.9410050424,0.903285853,3.726385285,-0.0229811808,0.004770213305,-0.9276922519,1.086465777,2.023104682,0.3474806851,-1.909451746,-1.890891174,-1.437350712,-4.074112432,1.364787566,1.26898701,0.03822458171,0.1487100953,-0.01840918161,0.158629734,0.1045871606,-0.006345085682,0.03806827219,0.06103076055,6.608685771,-0.05170197993,0.2679954898,0.2174586733,0.1076059289,1.295089198,0
cop_0191,722,0.2753422449,0.005697061187,-0.001636736667,0.7154846431,1.299418454,0.495114293,-0.3881112488,0.4918390198,-0.8665083,-0.3810958788,4.718002321,-0.7190787647,0.9239407739,-0.8608988177,-0.02920160595,3.403087965,0.05203701219,0.04795739228,-0.6370281887,0.4615513188,1.173593716,0.1903570653,-1.842548425,-2.000831993,-1.366528182,-3.855253486,1.153043135,1.049917205,0.1166362906,0.06882382798,0.000697865211,0.1639214227,0.07529902091,0.0005945445633,0.04553225643,0.07223654238,6.374487264,-0.03188350102,0.1168979096,0.1157768227,0.06780877089,5.137084147,1
cop_0191,723,0.2641721451,-0.02260391871,-0.0001560303263,0.2914059578,0.5265283961,0.4749760555,-0.02280754367,-0.06770542952,-0.6007205104,-0.2079596393,3.896197654,-0.4352562989,0.3239063068,-0.5740696001,0.3487558757,2.422961724,-0.02520375537,-0.006074240966,-0.5486440641,0.2406672765,2.030760643,0.1100405519,-1.963362884,-2.05595553,-1.308115342,-3.915688768,1.156135813,1.023517588,0.001289038345,0.05452360295,-0.03692017094,0.1167997109,0.0725958843,-0.01092328355,0.02879990903,0.07650878877,9.566298941,-0.01820281777,0.1395637218,0.1139693549,0.0757264044,4.158764045,0
cop_0191,724,0.2970273215,-0.06741587917,-0.001762031128,0.4648179291,0.8920804527,0.722294651,0.3386940114,-0.1518872591,-0.6637013715,-0.0638541669,1.489996811,-0.2322099502,0.4291392056,-0.7045342147,0.17000568,0.8284717732,0.009521771015,0.0202568059,-0.4480796013,0.01133080799,0.8974327568,0.057443031,-1.986835588,-1.856584481,-1.229182044,-3.804127791,1.084461419,0.9735096413,-0.04732025425,0.06996438598,-0.03243771001,0.0898911478,0.07458348458,-0.01486050023,0.02641607734,0.08214524491,7.197391899,-0.009814701759,0.1055077525,0.09858513689,0.06216294681,5.884208811,0
cop_0191,725,0.2694773255,-0.05747969543,3.420933068e-05,0.3179867374,0.7060792783,0.5488959237,-0.1951688401,0.01148520007,-0.5450987373,-0.9453477949,5.965990744,-0.7488036809,0.5779620779,-0.5074890306,-0.7578772069,5.286885313,-0.0116856807,-0.009669625248,-0.5029327668,0.1074614031,2.022287041,0.2057026478,-2.037875357,-1.921415182,-1.209248037,-3.76356838,1.212897262,1.131516208,0.04395236849,0.05317159402,-0.03046941923,0.1072009125,0.0762129676,-0.008109636148,0.02956959468,0.08215802371,7.762581913,-0.02225489391,0.1001199698,0.09341905025,0.05716003325,6.456489228,1
cop_0191,726,0.3070541313,0.03172528144,-0.00105458759,0.3994262019,0.5596423639,0.409654776,0.2465964098,0.1056391288,-1.000337891,0.08620542514,2.595216695,-0.5456490552,0.3213955193,-0.2041260128,0.0724410564,1.405745195,0.1382443402,-0.007567693529,-0.7298616418,0.4784199603,1.08814015,0.1830423579,-1.34598138,-2.17697657,-1.280785928,-3.870114566,1.024963641,1.164761786,0.0146097733,0.09801141667,0.1072455221,0.102834135,0.08989389281,0.02520931171,0.0281979985,0.07990485776,6.800156421,-0.0231367102,0.1446315826,0.1285763339,0.07755241039,3.844696167,1
cop_0191,727,0.2526544347,-0.002624169852,0.001145257006,0.09510121801,0.04876976857,0.4832817061,0.08393399424,-0.09682508879,-0.4593857793,0.9703544064,0.1524486254,-0.8558150116,0.5374180051,-0.2010592975,0.9310667144,0.2227342184,0.07302785309,-0.0218823243,-0.6207331139,0.3419948225,2.123407083,0.2223442581,-1.962679043,-1.818622201,-1.478818181,-3.906340769,1.306457005,1.093349837,-0.04799328868,0.1097027372,0.02145457089,0.1733644818,0.08503783048,0.002602946,0.05450588019,0.06135952854,7.203395798,-0.03776599194,0.1207969178,0.1230523655,0.06598552796,4.907744373,0
cop_0191,728,0.2737502546,0.02130375051,-0.000324050048,0.3808242158,0.6592957207,0.2577703295,-0.1050474928,0.2723646038,-1.113114124,-0.1297536847,3.349059994,-0.2511700631,0.2933591689,-0.7174480447,0.355881266,0.9264960772,-0.01304909882,0.003154170598,-0.7609179297,0.2911048148,1.334835896,0.2542189444,-1.2542438,-2.186234614,-1.254382745,-4.001144581,1.111546054,1.141621646,0.08125069783,0.08589208426,0.04661389599,0.09939567197,0.08431767884,0.01237088112,0.02506249495,0.0770673875,7.550942348,-0.02486468075,0.1924774327,0.1796941744,0.08934430997,2.211054719,0
cop_0191,729,0.2814307622,-0.02399246041,0.0002279834038,0.6643467021,1.157925917,0.4775960397,-0.01920803519,0.06519964879,-0.7317757203,-0.2317352826,3.204463403,-0.2598627598,0.4103218225,-0.7676165294,0.1387117098,1.831589035,0.03948288565,-0.03942785281,-0.5829374985,0.1802834396,1.48030072,0.2362446749,-1.892297078,-2.097492677,-1.197534314,-3.723664383,1.20671897,1.166852234,0.08718271014,0.07410860157,0.08792956875,0.1287392637,0.08476831804,0.02322257823,0.03816074176,0.08412356128,8.347590519,-0.01700771992,0.1397366223,0.1214245649,0.073500051,4.01667535,0
cop_0191,730,0.2626087216,0.006782222237,0.003366459465,0.446997815,0.7508709914,0.6485541225,0.3140497356,-0.126861913,-0.5802146421,0.166190461,2.217898693,-0.1177031594,0.4210894822,-0.7519098089,0.3019653258,2.118126742,0.02621413763,0.01674579536,-0.497733211,0.2762532794,1.983347706,0.1582787463,-2.303579194,-2.059563461,-1.284056917,-3.613957242,1.210367577,1.186270479,0.01882112482,0.126623273,-0.005334515089,0.1705097062,0.09811673917,0.002533986849,0.05266784985,0.07422453538,8.097529969,-0.01486287227,0.1117514278,0.0810332347,0.05799320613,6.187724996,0
cop_0191,731,0.2935508162,0.009227857895,-0.0001741702257,0.2339815622,0.4760133045,0.2981299389,0.1879636238,-0.1518171741,-0.8419522167,0.4379274835,2.766840183,-0.2130628308,0.02505225115,-0.7370090929,1.140257322,1.351358117,-0.04220214246,-0.001722037208,-0.6832441427,0.4962505874,1.905053827,0.2694842457,-1.358399333,-1.997185363,-1.356629353,-3.929656934,1.49632129,1.161193661,-0.06122674719,0.08858097092,-0.04448925444,0.1728533227,0.08980522851,-0.01449484037,0.04540740317,0.06708378115,7.960477294,-0.03774172624,0.1956496951,0.1697583272,0.08942795373,2.362365597,0
cop_0191,732,0.2809459162,-0.05403362317,-0.003198681994,0.4898219452,0.8988367736,0.5911311528,-0.02714033243,-0.05045962338,-0.5005231808,-0.167296636,2.895605082,-0.7343097222,0.4732833649,-0.3817374738,-0.2560137396,3.494438991,-0.07462167047,0.02334703269,-0.4375236026,0.1769240091,1.457464544,0.1594013964,-1.979421312,-1.981473744,-1.166217238,-3.781101975,1.187317616,1.102922138,-0.01267200823,0.09700056843,-0.008791610004,0.09753383828,0.08782174853,-0.003554396983,0.02617794158,0.08569927959,6.056218247,-0.01650185707,0.1194262407,0.1022102756,0.06553214266,5.221650165,0
cop_0191,733,0.296245393,0.02018151084,0.0002145554361,0.4919713121,0.9259015843,0.2862678268,-0.3232189056,0.2252200949,-0.6716164648,0.5841947327,1.516256792,-0.953694474,0.7461643457,-0.5572624119,0.6638392759,1.279709147,-0.01077937686,0.0329317775,-0.7685351702,0.4720720275,1.592373,0.1939146405,-2.105477448,-1.703619608,-1.321015645,-3.897216661,1.220534904,1.076098092,0.02440101097,0.08344033087,-0.02403436839,0.157897576,0.07998933954,-0.006598924004,0.04700889106,0.06679858454,7.882475222,-0.0544509767,0.1862173844,0.1918407611,0.08423903837,2.393018431,0
cop_0191,734,0.274723217,0.02057514045,0.0003721709561,0.2950652685,0.5603503461,0.5855386293,0.1981115573,-0.2440001231,-0.5803940343,-0.4050592432,3.658435443,-0.3903008844,0.2567667241,-0.5331374148,-0.1672746934,3.081551846,-0.04711281913,0.02392349576,-0.4730957023,0.07476722596,1.666954991,0.2095316572,-2.122783828,-2.128329881,-1.198162396,-3.882661721,1.271305865,1.126674119,-0.03437774841,0.08420455645,0.02138897031,0.1017324976,0.08392319768,0.002766017006,0.02658842261,0.08854394848,8.080524161,-0.02312311287,0.094973242,0.09507388298,0.05815346013,6.481690633,0
cop_0191,735,0.2645962818,0.002604810137,0.0001759218991,0.4678370859,0.9499079176,0.3244824215,0.1165454282,-0.1054176275,-0.7070945594,0.7234358824,1.606152784,-0.5151964934,0.4019206861,-0.6798736229,0.9421323263,1.505907946,0.03960489947,-0.01800143926,-0.7432669356,0.461394633,2.219074565,0.2704890621,-1.7478555,-1.847618381,-1.357443187,-3.842411414,1.39462414,1.19439738,-0.04696483064,0.1103188955,-0.05176725608,0.173862408,0.09280348804,-0.01458044931,0.05194433022,0.06706808105,7.495999114,-0.03805469637,0.1711469483,0.1548184046,0.0842572186,2.968299842,1
cop_0191,736,0.2635238933,-0.068836315,0.0006903311373,0.5353508562,1.081485837,0.3120770067,-0.3625696316,0.07014167838,-0.5973176106,-0.03243139221,3.976211407,-1.126641874,0.5133336694,-0.2949788406,-0.1703112872,4.485656316,0.01714201323,-0.02230795927,-0.715378365,0.4490030479,1.727709453,0.2722547832,-1.904677056,-1.73386802,-1.345456244,-3.944811648,1.327860057,1.134056434,-0.006508628612,0.1355045136,-0.02869640468,0.1353588499,0.09785872629,-0.007092723835,0.03991109991,0.07080771453,8.93715756,-0.01968488406,0.1837548672,0.1535656474,0.09394247708,2.58921334,0
cop_0191,737,0.2745038432,0.01000394939,0.000152133676,0.490433601,0.7529385571,0.2897538233,-0.252781661,0.1960524813,-0.6896993823,0.5812639379,2.649664482,-0.6919875652,0.3774259987,-0.2985243623,0.5303691725,1.921778426,0.003614038777,0.007482210944,-0.7515759414,0.6239088972,2.243464325,0.2692403133,-1.714832319,-1.814347011,-1.2961299,-3.803966903,1.215540085,1.210725645,0.02640336173,0.08731050075,0.07265066363,0.1388473038,0.08683641726,0.01475723347,0.03989327267,0.07083717757,7.674472723,-0.04504214826,0.1872378694,0.1643137837,0.08670714232,2.645355192,0
cop_0191,738,0.2901227802,-0.006553588299,-0.003974826573,0.5193058153,0.934910276,0.6871732312,-0.1704577148,0.1921637388,-0.5349825498,-0.09114671958,1.934971347,-0.9298732436,0.7555325834,-0.334381807,-0.2356260009,2.390853157,0.08478334844,0.05844145213,-0.5123698568,0.4196168991,-0.1540998671,0.1166632725,-2.217451754,-1.853228563,-1.278703642,-3.708238562,1.137200111,0.9722373872,-0.02459716543,0.02473600255,-0.06999637684,0.1102161381,0.05951387968,-0.02124819408,0.03187573767,0.0782879745,7.710952992,-0.01787913572,0.09573641811,0.09517340249,0.05746096087,6.550055545,1
cop_0191,739,0.2743571404,-0.02886607568,0.0002155740249,0.6143006479,1.004854266,0.4767194991,0.0127155879,-0.06613813884,-0.6984409141,-0.4720740033,4.198134903,-0.2767587608,0.3132409494,-0.8759290236,-0.05131498437,3.369881995,-0.05171714374,0.01701462316,-0.5471710522,0.1599285063,1.527555773,0.1977400453,-1.657314535,-1.994422751,-1.17095045,-3.837790417,1.315623746,1.126539816,-0.02138651081,0.08166900411,-0.07309663545,0.09056865805,0.08411131631,-0.02041520401,0.02000971894,0.08566147159,6.96772291,-0.02584550341,0.1453353735,0.1350943573,0.07154272433,3.87665496,0
cop_0191,740,0.283942339,-0.01024298309,-0.001507018756,0.5842010313,1.026213507,0.6418290411,-0.02913030279,0.1960323344,-0.6740482197,-0.2171257486,1.932896211,-0.7115960114,0.6898650609,-0.4352985857,-0.1868908232,1.659132073,-0.02836462352,0.03688815641,-0.4754445114,0.01902214417,1.082388925,0.1130080552,-2.076776712,-1.998865045,-1.123529881,-3.732713414,1.099222025,1.068651412,0.02240763306,0.08821384497,0.0138276226,0.08425104742,0.08405621613,0.0001173058017,0.02510645267,0.08656107531,7.44822585,-0.01080887139,0.1117237629,0.1043925505,0.06124952261,5.542820425,0
cop_0191,741,0.266230541,-0.003833462605,0.0004035164967,0.1983918819,0.2550513261,0.4268590767,0.1205601913,-0.05301033108,-0.7492293931,0.264346632,3.101070863,-0.2711330582,0.4738446488,-0.8938228974,0.399047365,2.588843943,-0.006654695733,-0.0007032563517,-0.6187562181,0.4682929152,2.070170331,0.2425312518,-1.954275431,-2.238677115,-1.232028509,-3.721132923,1.270514672,1.217605148,0.0513409144,0.1146260408,0.09400696691,0.1135137758,0.09762213407,0.02345541825,0.03060288432,0.07753504981,6.280000752,-0.04493372327,0.1679337071,0.1490365098,0.08023160453,3.228907869,0
cop_0191,742,0.2920344628,0.01782618728,0.0009539686349,0.4422155996,0.6721676679,0.3192546376,0.1018973826,0.01141559179,-0.7403197706,0.7879723324,1.712736344,-0.5675502602,0.1217783053,0.1219425025,1.056236899,-1.058549531,0.2365542991,-0.08164689185,-0.7727799532,1.095469273,0.5572933899,0.1504948375,-1.402022472,-2.109197623,-1.382307775,-3.787183516,1.040280738,1.121039842,0.003589689002,0.08408915594,0.05999205838,0.1580355971,0.08251228788,0.006247317399,0.04304322181,0.06344884948,6.642431797,-0.04305363178,0.1858829584,0.1520020562,0.08242951087,2.893009562,1
cop_0191,743,0.2672987661,-0.03752103216,0.003048779025,0.4896517266,0.8535044874,0.2779862099,0.3703513985,-0.1482813655,-0.8521635817,1.295593469,-0.3865775843,0.3339075435,0.03046808059,-1.095067544,1.881950914,-1.593763515,0.009797069691,0.01716826313,-0.6461432133,1.116046398,-0.2129639456,0.3094922578,-1.539859325,-1.958167387,-1.285395057,-3.638018558,1.503650136,1.274370648,-0.01606458109,0.1650654625,-0.01516776428,0.1526281007,0.1082859525,-0.004861729654,0.04297956961,0.06982286443,6.097781335,-0.02325958217,0.1770746867,0.1451008211,0.08693864944,2.990443854,1
cop_0191,744,0.3077313518,0.005140102619,-0.0006501166872,0.3135849026,0.6455226589,0.2049438889,-0.0896662553,0.1215808102,-1.050443558,0.3040856433,4.817593997,0.04957707625,0.3999029529,-1.409479372,0.8086557007,2.916029257,-0.01994204289,0.02799194024,-0.8359151283,0.7509008966,2.183489392,0.28308603,-1.711655155,-2.018256955,-1.344637739,-3.999741013,1.310881564,1.220385468,0.07332689093,0.1144709734,0.03701674836,0.1357766169,0.09623412884,0.009457550106,0.03200659862,0.06715510854,8.15407687,-0.0466336941,0.2307960767,0.1896281192,0.09318364774,1.856666028,1
cop_0191,745,0.2700868564,0.01050171955,-0.0004588890809,0.7157228198,1.260489357,0.19395197,-0.1615910991,0.08546779163,-0.8431110778,0.07758107946,4.39893286,-0.3498656775,0.07487056635,-0.3914294902,0.3471746679,2.198111065,-0.0375834259,0.02331326104,-0.8133757722,0.6988224244,1.950341045,0.2747992982,-1.448596003,-2.010848987,-1.293613692,-3.877442971,1.157937602,1.290710543,0.002498971852,0.1055947178,0.02263640562,0.1487761564,0.09663135292,0.001938970824,0.03948316516,0.07092106725,7.875297,-0.04628467618,0.2235480698,0.1949927579,0.0958117398,1.848284203,0
cop_0191,746,0.2699959142,0.02307590486,-0.0001676733518,0.5353021779,0.9589773189,0.4500379027,0.3988317887,-0.2648780646,-0.8390868172,0.05254653191,2.562165771,-0.1486798933,0.008217387455,-0.6329666236,0.4477897633,1.555977828,0.0140395985,-0.008170817902,-0.6051058709,0.1669897428,1.681822247,0.2220305535,-1.59566323,-2.018943385,-1.348189857,-4.018559617,1.413734013,1.071811239,-0.1033443364,0.09705855617,-0.04441520387,0.1313768107,0.08352644963,-0.01738028689,0.03779561277,0.07485023206,7.67568969,-0.01928044447,0.115182524,0.1114681571,0.0689114464,4.998475095,0
cop_0191,747,0.2552115433,-0.0347293591,-0.00660633972,0.4408850756,0.7553624593,0.6163537218,-0.3047901608,0.3511835878,-0.4787396287,0.3499452805,-0.0644983106,-0.7590388643,0.7213110798,-0.3713180185,0.2058246764,0.2813554759,0.03203329842,0.06671298449,-0.4586287799,0.6539710084,-1.163753516,0.2365809681,-1.832128976,-1.765499251,-1.181470355,-3.568577212,1.19979345,1.068355907,0.08511323859,0.06093553584,0.04426595743,0.1226830929,0.07307699404,0.01345808597,0.04086418813,0.0863457282,7.410797839,-0.01518640036,0.1148368713,0.1079404666,0.06370296284,5.281325567,1
cop_0191,748,0.2654710076,0.001868176705,0.0003642306252,0.2966987779,0.4907365631,0.2618042385,-0.2777261355,0.4319212505,-1.03378992,0.4791533097,2.824540161,-0.2275772293,0.5322479723,-1.039712238,0.4529661708,2.246637601,-0.005935341136,0.02938874049,-0.7907713522,0.5240839544,1.810959429,0.3706711601,-1.463195955,-1.971538482,-1.417168739,-3.91179601,1.268880074,1.221309034,0.1232923303,0.07672732816,0.03326639475,0.1912314066,0.08486242594,0.01086739237,0.05634838525,0.0635433058,8.222431152,-0.05841960483,0.1898767598,0.1917151372,0.08533429741,2.31199093,0
cop_0191,749,0.2929621309,-0.01314827394,-0.002393497397,0.8053847613,1.545560677,0.685266822,-0.546526983,0.3143795515,0.04359897081,0.7990149155,-0.9113771543,-0.7136742276,0.592817132,-0.2663465025,0.167422104,1.59070521,-0.1860048572,0.08144058828,-0.2266946679,0.4406727973,0.8807247026,0.2759698859,-1.547708779,-1.675790974,-1.362728942,-3.655868681,1.239120574,1.108895879,0.134248318,0.01770116786,0.1764702528,0.07140102423,0.06015210722,0.05828529465,0.02763946391,0.06653854623,6.262337958,-0.03264587686,0.09484996682,0.09829519008,0.05511890571,6.895865474,1
cop_0191,750,0.2703454506,-0.07850231852,-0.001257869344,0.3219648583,0.5257604981,0.5301514611,0.003944564367,-0.07861836707,-0.5857312666,-0.4555610262,4.493843447,-0.7216763062,0.3305062504,-0.4008653741,-1.035953822,6.362114964,-0.03991032526,-0.01121757146,-0.4824578092,0.2165420419,1.936094168,0.1025886901,-1.739033232,-2.24312129,-1.29870379,-3.845629763,1.093901648,1.077114676,-0.01424342399,0.08548290205,0.07928038541,0.05226310023,0.08410333627,0.023695685,0.01042170068,0.07363644188,8.633922542,-0.02107477581,0.1218183976,0.1061013549,0.07069236197,4.912618238,0
cop_0191,751,0.2860019272,-0.03005018098,0.001366702671,0.8621971227,1.433474631,0.6185602883,0.1047329463,0.04874994668,-0.7332628359,-0.2405753237,2.434851626,-0.2187480461,0.5729145917,-0.8908107128,0.03592537798,1.546448967,-0.0189003818,-0.05236241436,-0.4017630332,0.1156296589,0.871779039,0.07263993672,-1.925234601,-2.301124106,-1.220900209,-3.738579784,1.042042973,1.01059106,0.05427721416,0.07408532166,0.05560080982,0.1063673673,0.07698736723,0.009537606735,0.02653741288,0.08174499016,6.369020977,-0.01588430916,0.1003703859,0.09933660776,0.05781304625,6.349941703,0
cop_0191,752,0.2670368772,0.01672451669,0.0002766412142,0.3521794756,0.5076657837,0.2059162438,-0.1780659973,0.2236323895,-0.9342754902,0.6576036603,3.708302733,-0.4599308532,0.3972604529,-0.7292900849,0.40881748,3.610488012,0.01371423528,0.02924780298,-0.8715367591,0.8514530509,2.466084993,0.2448706572,-1.697998951,-2.097020459,-1.454300443,-3.956313593,1.188632971,1.203635016,0.03815511099,0.1079705623,0.07072646561,0.1721541774,0.09346918932,0.0170543569,0.0441743361,0.05946595718,9.346891217,-0.05565112896,0.2285417085,0.1887638845,0.09616798276,1.888846589,1
cop_0191,753,0.2707363791,-0.03797424197,-0.00692264658,0.4624808008,0.9769947896,0.4744650815,-0.4173518992,0.1167052947,-0.1456428831,0.6786504095,0.3647141236,-1.460003972,0.5265478766,0.4409061522,0.9860146802,-0.6321358227,-0.3402329046,0.1546560496,-0.2708690673,0.6242252719,0.4339272177,0.2428612095,-1.597007481,-1.86935503,-1.529697383,-3.544401757,1.432059039,1.106077327,-0.08677499734,0.08071353144,0.009950941643,0.2115508733,0.08035671867,0.001116400324,0.06103048838,0.05932739339,14.19196834,-0.006480143314,0.09607944665,0.06948979471,0.05376454245,7.22326675,1
cop_0191,754,0.2924901399,0.0333319994,-0.001368280366,0.3646846278,0.6481709587,0.365656763,9.372345038e-05,0.2694359738,-1.031043735,-0.095918738,3.243644129,-0.3242976738,0.2671771578,-0.50225407,-0.2051109177,2.378827061,0.1131109053,0.0415477308,-0.7699385522,0.5765382665,0.4595124828,0.07483761473,-1.426087778,-2.186409982,-1.362976003,-3.926504761,0.9677734379,1.005290017,0.05999155317,0.07552598929,0.02740670194,0.1555666234,0.07378112275,0.006126313089,0.03967950943,0.0733230598,9.022337489,-0.02562681549,0.1534201781,0.1479785413,0.08805825943,3.21277642,1
cop_0191,755,0.2795036614,-0.006439568709,0.002340666931,0.4326460067,0.8021687508,0.1358832964,0.07791019894,-0.130708623,-0.8390380769,1.05254444,1.427204536,-0.2531361727,-0.04510860643,-0.7239231336,1.326884723,1.283034888,0.0685580563,0.002933279301,-0.8537674187,1.169944572,0.2937621353,0.3593573946,-1.450274462,-1.707448243,-1.311681363,-3.801716069,1.584446625,1.250213236,-0.05168743285,0.1344731612,0.01195583179,0.1571138078,0.09980450892,0.0005606723672,0.04335278382,0.06583461814,6.974817265,-0.05026033743,0.1889954423,0.1830934875,0.09087943236,2.397865925,1
cop_0191,756,0.279325972,-0.004633135667,0.0007326362325,0.3621721887,0.6569194391,0.5047109474,-0.3340963061,0.1571940093,-0.6945860499,-0.9062248925,6.108441773,-0.8785063004,0.6300413789,-0.5678052532,-0.9795927659,6.068714725,0.00885000671,-0.04894753485,-0.5040261684,0.1529877526,1.509337008,0.1436412144,-1.958859969,-1.965335616,-1.278869947,-3.975389817,1.09919054,0.9751029362,0.1104522736,0.08075344551,0.01582026843,0.07605969803,0.07573543648,0.006389168237,0.01937208703,0.07919727344,8.843672521,-0.02436757635,0.1346186027,0.1286819403,0.07435359114,4.121721652,1
cop_0191,757,0.2933805883,0.04240678677,0.0006523884501,0.4628962459,0.9088331521,0.4526849499,0.2133752226,0.08192404679,-0.9010037961,0.1289347271,2.925069388,-0.1840336707,0.4583222112,-0.6874457469,0.522785967,0.8800043281,-0.01582610108,0.01794509983,-0.6042887203,0.2972425395,2.198548651,0.1162847316,-1.689548124,-2.128635088,-1.16737159,-3.799253774,1.056703535,1.106769848,-0.004526986194,0.0949369093,0.03076977737,0.0930276044,0.08441231966,-0.0001638395717,0.02606333643,0.08408176905,6.652340253,-0.03376122792,0.1342996582,0.1226539611,0.0691848468,4.470320313,0
cop_0191,758,0.2718713313,-0.02096540618,0.000128681685,0.6391086044,1.091041372,0.1581967947,-0.1489558477,0.2105307457,-1.024475791,0.5556775897,3.251662263,-0.2946576566,0.2488589561,-0.7991173738,0.08380615642,3.78432542,0.01299189137,0.009693579187,-0.8997908203,0.733148546,2.054926838,0.2637194715,-1.599188513,-2.027308645,-1.452377161,-3.844845262,1.164396872,1.197986698,0.04342223948,0.1350134725,0.06398444423,0.1506617853,0.09974906565,0.01635615919,0.03908253841,0.05989255755,12.95225305,-0.02234015048,0.2400520417,0.1801791352,0.1029805104,1.662991109,1
cop_0191,759,0.2856124416,0.01599773853,-0.0007417378688,0.2461749855,0.2701255875,0.6672681002,-0.1531328771,0.2132957482,-0.4704560591,0.4926287857,1.946412169,-0.7575107167,0.5395503118,0.0160573743,0.6405658169,0.6221507163,0.01654531941,0.01966460073,-0.4802830789,0.2897642139,2.231312114,0.2006534726,-1.54848628,-1.745847335,-1.655379712,-3.786144608,1.130283899,1.060550121,0.0437152609,0.05427641565,-0.05951778493,0.2243297428,0.07032090562,-0.01913682181,0.06923075117,0.04986065107,7.457113141,-0.02010375999,0.1016877628,0.08219720093,0.05875139739,6.674370953,0
cop_0191,760,0.2695103541,-0.02906818374,-0.0007255167793,0.6543228917,1.247816029,0.5102467149,-0.1876375757,0.1242728063,-0.6027197202,-0.1698575002,3.655054642,-1.042543253,0.8003189386,-0.4197796295,-0.2140626672,3.840121161,0.03599417332,0.01875871843,-0.5710042062,0.4346961237,1.120555353,0.2239796891,-2.014984175,-1.759720807,-1.204406396,-3.808601059,1.24578244,1.140429598,-0.0003026989608,0.1157574005,-0.04620621712,0.1129220382,0.09344838958,-0.01744113018,0.03146514468,0.08173666137,13.21939809,-0.02455900153,0.1366068299,0.1177902313,0.06961726087,4.349725049,1
cop_0191,761,0.2771721439,-0.03414784782,0.00268535012,0.6240615519,0.9632926213,-0.06344583517,-0.2680236235,-0.03808175702,-0.6973617485,1.691528984,-0.8111190558,-0.2974467596,-0.2323219426,-0.5966250981,2.019211261,-0.9374503671,-0.01839853556,0.007730825523,-0.917235337,1.475133853,-0.7904780727,0.4414638196,-1.375566865,-1.772869906,-1.35927092,-3.740450412,1.728036948,1.337620913,-0.07440181488,0.1192533258,-0.06572164811,0.1495490725,0.09577038072,-0.01671923262,0.04011042935,0.05352036083,8.140458902,-0.07977282075,0.2465953242,0.2587776962,0.09172062868,1.277737484,1
cop_0191,762,0.2902224516,-0.03681344569,-0.0009027572651,0.260754611,0.5741815708,0.6580712217,-0.1901418687,0.1531292486,-0.5591278762,-0.4526932175,2.887079793,-0.8871408438,0.6132783564,-0.2337796813,-0.4999760963,2.671343775,0.01617609226,-0.08383340609,-0.3678704962,0.06588255729,0.7466653338,0.1629931118,-1.928246426,-2.05343814,-1.227757196,-3.757202726,1.136658488,1.056409292,0.06749032027,0.06807365554,-0.01061992574,0.1518166202,0.07280141546,-0.00373829489,0.04344545372,0.08724748184,7.591205317,-0.005668671802,0.09939971441,0.09033282836,0.06132239187,6.287182765,0
cop_0191,763,0.2633835156,0.02748237562,-0.0002826788594,0.2361298774,0.5098949088,0.2848137821,-0.111082848,0.1451776844,-0.9596983332,-0.3299726512,4.82015378,0.1452575742,0.2374312118,-0.8828699755,0.9521058819,-0.8080249497,-0.05037999622,0.01064246267,-0.699031361,0.4402590863,1.617821186,0.1938962488,-1.235510692,-2.21811921,-1.260984672,-4.099341628,1.037368462,1.134211085,0.05567313705,0.09680438378,0.04148468081,0.07777726479,0.08715223626,0.004851494518,0.01560932405,0.07760130529,7.819679116,-0.0148314795,0.2004192913,0.1628719642,0.09963545394,2.202151071,0
cop_0191,764,0.2908753413,0.01344820666,0.0002900381145,0.5954007238,1.003245873,0.4168329366,0.007894674233,-0.1190096045,-0.6445298305,-0.2887797807,4.769470173,-0.5781355112,0.3917746338,-0.6799341614,-0.3204744623,5.148950131,-0.08472648128,0.02459165707,-0.5609084695,0.3836776583,2.014162024,0.1078466964,-2.023300206,-2.104069747,-1.267116286,-3.853791773,1.151723552,1.058985666,-0.01961090829,0.07688577968,0.06838813605,0.1283378476,0.07766301812,0.0196894801,0.03020025946,0.07833841087,8.467638332,-0.04063392594,0.1556874416,0.1408043857,0.07671009558,3.504595176,0
cop_0191,765,0.2865585564,-0.01689144955,-0.002071320317,0.5989014834,1.07011769,0.5663679684,-0.1257565068,0.1943834365,-0.6956007353,-0.4582152856,3.76622047,-0.754162797,0.7567471955,-0.5682492635,-0.335006797,3.067798122,-0.02989552071,0.02364282062,-0.5118423433,0.1068916864,1.721681952,0.08356797363,-2.000697559,-2.004004816,-1.262520002,-3.856688359,1.048529073,1.010046455,0.03670092406,0.04852539068,0.07938316919,0.08732111378,0.06744071753,0.01759978353,0.02390152,0.0790627387,7.289251755,-0.02015231686,0.1054359206,0.09920867332,0.06121617113,5.947854472,0
cop_0191,766,0.3040834474,-0.003226958289,0.003110685927,0.3350025698,0.7507529905,0.5653000172,-0.06228267034,0.1081730766,-0.6257852534,0.01868842755,2.601390258,-0.6348566113,0.5190457603,-0.5247188835,0.141766585,2.547453986,0.03484053062,0.06088319018,-0.5392342227,0.5575802912,0.4247156021,0.1338306584,-1.814692986,-1.853078419,-1.27937131,-3.668371319,1.183361797,1.033236714,0.02637162142,0.09900709343,-0.007367531311,0.08744010411,0.08103267799,-0.0007121630952,0.02387876082,0.07671215895,7.460789209,-0.006409884805,0.1200289587,0.09357270628,0.06654179388,5.364600972,1
cop_0191,767,0.2711649508,0.01345509217,-0.0002882423917,0.4092233409,0.5944051317,0.3681641817,-0.3754514698,0.4094159159,-0.8608291555,-0.2126193062,4.046379032,-0.4764752997,0.5722629437,-0.8502561284,-0.07192944587,3.308074845,-0.01834579188,0.003641868898,-0.6520768802,0.2577294833,1.782901189,0.2246457502,-1.851868529,-2.093077821,-1.379229965,-3.990922085,1.157709156,1.078666881,0.1008434118,0.06957814423,0.04842114286,0.1447784274,0.07828921999,0.01401102025,0.03903002738,0.07222665547,6.795696373,-0.02603938627,0.1489253029,0.1366617457,0.07963852673,3.597771906,0
cop_0191,768,0.2936061463,0.005878994646,0.001486721328,0.7440715894,1.318470977,0.4249611123,-0.1655981964,0.08397018833,-0.6353817903,-0.2942048188,3.321508692,-0.2536848039,0.2443702013,-0.4551687277,0.1166633049,0.9469731577,0.07877306578,-0.01654861224,-0.6156963103,0.5012358453,0.2409731999,0.1486674369,-1.476550987,-1.7890186,-1.210116307,-3.798525438,1.002358641,1.054236349,0.06864007127,0.06351156857,0.06474393871,0.053259262,0.07535400042,0.01579730698,0.01840881955,0.08068472351,13.262471,-0.02136639734,0.1395633204,0.1330365872,0.07286593543,3.874172807,1
cop_0191,769,0.2923924708,0.01279414124,0.0007730527811,0.4992029536,0.8835977432,0.3018396069,-0.3222122778,0.3405821306,-0.9279323959,-0.1652366345,4.355101848,-0.3210946462,0.3625580428,-0.8497730053,0.07486393115,3.175507031,0.04233973253,0.03829296247,-0.7630365585,0.6598048323,0.9258450197,0.2241467144,-1.506567169,-2.052617332,-1.257640733,-3.803016976,1.11552598,1.057545429,0.1437775386,0.07206113657,0.05396141675,0.05061607205,0.07547278007,0.01885222434,0.01426211528,0.07466108566,8.022342764,-0.03964152946,0.1763467341,0.1634177231,0.08505714064,2.776955392,1
cop_0191,770,0.2719882689,-0.05168734297,-0.004056105625,0.446556872,0.8272684432,0.9181633482,0.2345534169,-0.09252574896,-0.3817006652,0.1923872693,0.5595004626,-0.3272459071,0.3825330553,-0.3813955902,0.2181404734,0.7601634186,-0.1426308231,0.1079536982,-0.2181610528,0.2126570199,0.4736342283,0.1076388959,-2.122423518,-2.174393465,-1.373682814,-3.355506981,1.159494766,1.05636439,-0.0324450109,0.06304671944,-0.006990496468,0.1271272532,0.07096540965,-0.0007012423004,0.03660191673,0.0716238159,4.727444549,0.009704543708,0.02787167207,0.008376234896,0.01655166985,34.40668771,1
cop_0191,771,0.2952071801,-0.0002685082328,3.534137879e-06,0.3451306418,0.6565025085,0.3159009503,-0.06905906607,-0.09265996418,-0.6109045502,0.2685834833,2.930957601,-0.4770281525,0.4405010022,-0.7872769972,0.5261834295,2.52183872,-0.02085715534,0.008828241021,-0.7129415622,0.5366974072,1.805484372,0.1332579317,-2.110782671,-2.063964378,-1.314017803,-3.884146243,1.170008602,1.109341832,0.04318303397,0.1013489573,-0.008041922769,0.06080923333,0.08735229854,-0.0006466706788,0.01811800138,0.06986613052,6.964332304,-0.04953485661,0.2115865539,0.186328146,0.08962655368,2.048815803,0
cop_0191,772,0.2124846052,-0.1129071185,-0.04808012577,0.1149393595,0.626849373,1.454993995,-1.094891247,0.6867833005,0.2736945344,-0.3449611088,0.7618494609,-1.594692555,1.133133054,0.3363937325,-0.2441881674,0.3029473304,-1.015245682,0.6181164687,0.282673735,-0.2901607303,0.7552251572,0.3490537217,-2.026429174,-1.955856736,-1.59598902,-2.762499755,1.44489931,1.257851203,0.0006795215372,0.02147237114,-0.04603327592,0.1025057355,0.07593000948,-0.01310662845,0.02533519099,0.04045447355,3.871169375,0.2282693706,0.2058702492,-0.1701070276,0.02715102605,9.164916243,1
cop_0191,773,0.2620306245,-0.01135739908,0.0003498266123,0.2506270834,0.5802540101,0.3208952839,0.3485661747,-0.245951754,-0.7894019523,1.014124694,1.049856299,0.6511534797,-0.1061077828,-1.369555674,1.567687162,0.2561874684,0.07928100304,-0.02611708917,-0.7853504944,0.4723365903,2.486103158,0.2664111367,-1.2996833,-1.836315011,-1.2105067,-3.798731826,1.40491642,1.184336919,-0.04846947662,0.1133216774,-0.02562856436,0.1381717759,0.09074904251,-0.008184955832,0.04547718631,0.07614810008,5.708344901,-0.03620740105,0.1365532308,0.132005624,0.07277251587,4.265622769,0
cop_0191,774,0.296759993,0.002093016652,-4.513588951e-06,0.5183967763,0.9262690432,0.2734285523,-0.6111774737,0.2237514059,-0.6035102848,-0.3377839174,5.413459111,-1.354883854,0.6264544346,-0.3223203921,-0.7025552006,6.781510249,0.01616834071,0.03790854787,-0.774832628,0.6634751783,1.113538756,0.2904304777,-1.952261249,-1.571582553,-1.37859513,-3.951606232,1.381854308,1.078871712,-0.05682900804,0.07885928747,-0.05105354491,0.1298865396,0.07861822995,-0.01508347929,0.03892392127,0.06938258386,7.95323638,-0.03368571815,0.1842194052,0.1602062716,0.08517603472,2.612070111,1
cop_0191,775,0.2689349717,-0.006415404505,0.000281923657,0.4962728699,0.7853504731,0.3905908004,0.2495340876,-0.0914864481,-0.8296741545,0.2360409977,2.747456028,-0.006930027202,0.2118279977,-0.8872245812,0.9957359063,0.7247583652,0.003359491947,-0.002423596471,-0.6567142253,0.3584383966,2.123142695,0.1908077046,-1.688100945,-2.147135343,-1.270931297,-3.900420479,1.278388282,1.183500978,0.01940940179,0.1387133359,-0.0180177387,0.1264584208,0.1021505391,-0.005635657813,0.03495984126,0.07562449925,7.265925153,-0.01836387196,0.1554641023,0.1275416625,0.08468269775,3.512296381,0
cop_0191,776,0.3065783776,0.03376626458,-0.001902733266,0.3686875227,0.8652285211,0.5274658678,0.09295111501,0.01891381604,-0.609243103,0.1279230031,1.676134812,-0.05970298621,0.5446368433,-1.022735989,0.4317032748,1.06872228,0.1190783845,0.02595567327,-0.6128846318,0.5104581083,0.3464928083,0.1298246869,-1.971199715,-2.067214854,-1.125699874,-3.590360072,1.177293117,1.148796725,0.05940553407,0.1146308328,-0.01263596419,0.06076313163,0.09056499265,-0.0002753060673,0.01759869949,0.0864195604,12.64017627,-0.0153162834,0.1587098246,0.1280795972,0.07774842844,3.51125805,1
cop_0191,777,0.2737566669,0.01329552998,0.003551351991,0.6417432112,1.076000722,0.6405482561,-0.2338671277,0.1875906673,-0.5949964269,-0.3895538884,2.440116521,-0.7640295653,0.7607325987,-0.6028377462,-0.2950079604,2.14200982,0.05219928792,0.04089314745,-0.5594650967,0.1041826878,0.4423246244,0.1840411521,-1.985386136,-1.807884951,-1.173481456,-3.706348751,1.163202603,1.010556826,0.08366836779,0.05568108925,0.01652857366,0.08822396982,0.06841768617,0.005531301985,0.02913474832,0.09037877808,5.704392101,-0.01331350525,0.1439127117,0.1353950035,0.0817388704,3.691508271,1
cop_0191,778,0.293929113,-0.0214794855,-0.0001805126679,0.4704423034,0.9589913115,0.3278849525,0.07646067847,0.06038091546,-0.7958810119,0.6363530622,2.189853894,-0.6743123886,0.2271707127,-0.06085563164,0.4978144784,1.299704197,-0.01085973404,0.005260285105,-0.7061610747,0.5963159918,2.291281362,0.2198333864,-1.409965372,-2.08434994,-1.419575633,-3.747727396,1.124055487,1.229069835,0.01633567433,0.1355619266,0.08856567892,0.1759458751,0.1022971661,0.0175038635,0.046852421,0.06098843617,7.256854818,-0.02873294146,0.1942115828,0.1516947878,0.08752914081,2.631963055,0
cop_0191,779,0.2581195465,-0.01667893561,0.0006292474559,0.7287280751,1.222836427,0.3473193982,-0.2692516415,0.2410755012,-0.8237373117,0.2904348875,2.229705593,-0.3581654667,0.4719215324,-0.940361543,0.07960961982,2.759786282,0.001541902221,-0.003853916508,-0.6876107764,0.3174666331,1.479707944,0.2393745846,-1.47607808,-1.837241571,-1.304557771,-3.893947704,1.140478907,1.017156727,0.1497057555,0.07076145164,0.05538953596,0.08062709601,0.07396306263,0.02216583385,0.02392159585,0.07190303739,10.22335344,-0.03644808418,0.179549863,0.1692243271,0.07942703489,2.662359832,0
cop_0191,780,0.3330622085,0.09491265692,-0.006482049153,0.4609414647,0.9114641779,0.7595088736,0.06377826867,-0.01720348962,-0.286541974,0.4934971384,0.6638377586,-0.4572084829,0.3127087385,-0.02983862733,0.4478083665,0.2870660817,0.08606867507,-0.018928505,-0.4476317526,0.2286567275,1.908688768,0.2987414089,-1.860115795,-1.809140615,-1.240387991,-3.377570784,1.277431368,1.275111082,0.02297663171,0.06390806521,0.06240126271,0.2237070853,0.08536870697,0.01000752668,0.07428282101,0.07122689423,6.005052216,-0.01215009212,0.07058351265,0.05804718995,0.04397736068,10.53062343,1
cop_0191,781,0.2521690582,0.006844983982,-0.004733995023,0.6234345106,1.122553462,0.3735782932,-0.0231817101,-0.04356869505,-0.7459102908,0.2228755572,2.240656899,-0.8234886738,0.4060923939,-0.4574378665,0.03359464627,3.126947311,0.131752686,0.0325928377,-0.759064155,0.831772769,-0.4883618975,0.2781455509,-1.75777036,-1.747870818,-1.193301617,-3.73493838,1.392540755,1.103274235,-0.1025628496,0.09289955523,-0.0536978664,0.0860778827,0.08143832377,-0.01997326402,0.02469775373,0.08180837182,6.438945387,-0.03028926054,0.1586419511,0.1568024284,0.08369865607,3.131214597,1
cop_0191,782,0.2680230229,-0.08026581549,0.002468258744,0.592941402,1.025146082,0.5043216379,0.05802406091,-0.06913377903,-0.7482929893,-0.5290157849,3.564663365,0.08987483392,0.043873012,-0.8758395774,0.608432168,0.3254087698,-0.01378794303,0.03285634986,-0.5913727124,0.09790814786,1.006475138,0.1423501471,-1.099118706,-1.903237084,-1.272167766,-3.805173498,1.32610574,1.022851025,-0.04051096662,0.07680839704,-0.1044776359,0.1056539143,0.07709372613,-0.03347679454,0.02610845507,0.07815228683,7.44424677,-0.01022087877,0.1272163109,0.1219292982,0.0732489388,4.393200139,0
cop_0191,783,0.2846460983,0.02145686279,0.001871281916,0.2093039497,0.3564583973,0.5937943209,-0.1162057093,0.09122163074,-0.3067975849,0.3075842715,1.353069928,-1.079315646,0.7200020774,0.1355052579,0.2736128952,0.5317529064,-0.002503187368,0.005422253305,-0.499144267,0.1664525826,2.383401337,0.07471214124,-1.801043659,-1.593500834,-1.183695419,-3.802088456,1.016161689,1.108266478,-0.0463208644,0.07600109928,0.04522968056,0.1404282352,0.0786717166,0.00467043297,0.04977414268,0.07873341583,9.674354117,-0.0326354764,0.0825807456,0.08820393394,0.04926064972,8.15313809,0
cop_0191,784,0.2710177255,0.04893499207,0.001755706224,0.6101212329,1.064868536,0.633668366,-0.04645977985,0.2561086129,-0.6903836921,0.2733161551,2.192660654,-0.5680123525,0.5738782471,-0.4569673853,0.1000601765,2.434294953,0.01892233229,0.04454005869,-0.5536500201,0.2832913672,2.007131651,0.2246574027,-1.92594786,-2.011748293,-1.359761969,-3.496855893,1.202278953,1.151271533,0.04649426852,0.08347002704,0.06609616755,0.201528713,0.08513984595,0.01448728711,0.05850414581,0.0696827768,4.707513935,-0.005193059606,0.1148030751,0.07704831784,0.06215321181,6.335274264,0
cop_0191,785,0.258722766,-0.1015009284,0.001069687028,0.6768459723,1.29987701,0.2683886359,-0.1520029711,0.03306789222,-0.5960137038,0.8391638353,1.568890596,-0.874002644,0.4593661213,-0.3168714008,0.9977572164,0.9485264035,-0.030390796,0.01018014695,-0.7529622077,0.5869281228,2.396435907,0.2665426479,-1.712704135,-1.643972325,-1.309947164,-3.805673616,1.328445659,1.23331872,-0.0492231956,0.1115031529,0.02488229458,0.173399784,0.09437290156,0.002486417695,0.04960292881,0.0660925922,8.539049277,-0.03509355525,0.1938514882,0.1609277119,0.08417887323,2.5496819,0
cop_0191,786,0.2957253324,0.01303610605,-0.005710873321,0.4740082743,0.8906530563,0.617660156,0.3021144295,-0.01480223646,-0.6619616874,0.5667603059,0.3389713845,-0.03819860045,0.2350478763,-0.64326552,0.7953220724,-0.1417960483,0.01310127463,0.07684306799,-0.4492907766,0.6861101762,-0.1679820444,0.1376810982,-1.565479687,-2.123354953,-1.294432351,-3.583465931,1.258293696,1.084334965,-0.03293834214,0.07612030346,-0.0536466443,0.1488024441,0.0792575798,-0.01362849752,0.04347914836,0.07587432014,6.209507825,-0.009637978224,0.09957216584,0.07734926965,0.05703427231,6.919848047,1
cop_0191,787,0.2414102534,-0.04575334015,0.0006198611843,0.7061169558,1.269283816,0.3834518808,-0.4297607137,0.3077326221,-0.7860373281,-0.7408157613,4.956569058,-0.5103328511,0.635296977,-0.8980913566,-0.3722346155,3.416668433,-0.02581850845,-0.00371160325,-0.6327930057,0.1202802066,1.464944313,0.2470137966,-1.609403263,-1.849975817,-1.325358596,-3.86137304,1.146067167,1.052676582,0.1387840484,0.07604718288,0.06505615945,0.1279228238,0.07810784567,0.02296402642,0.03849406901,0.07516782619,6.695883016,-0.02370328247,0.1466126336,0.1455466967,0.08053896059,3.493947656,0
cop_0191,788,0.2744808898,-0.0286139307,-0.003019286875,0.3852394912,0.7813451286,0.6800085734,0.03034638561,0.2153980524,-0.7886699597,-0.3598638442,3.024546229,-0.6111909663,0.5538234988,-0.4607219936,-0.6607515911,3.710701253,0.1285568825,0.01651158102,-0.5485972669,0.2313428866,0.713783284,0.06165145488,-1.963785123,-2.103633567,-1.320143191,-3.875613267,0.9980020653,0.9759659175,0.0295076182,0.06153525827,0.05574092949,0.1230466053,0.07086625694,0.01466780193,0.03345295864,0.07671424217,8.590408955,-0.007056590724,0.06522014108,0.06166361503,0.04529126381,10.47211608,0
cop_0191,789,0.2889377341,0.01638154186,-0.0004445247871,0.1563148225,0.3000059466,0.198330534,0.1350883478,0.1384339701,-1.160783571,0.6454338717,2.1723963,-0.1933638288,0.4521905579,-0.9669073585,0.8118671055,0.6750444378,0.01668510574,0.02918126538,-0.8759823688,0.6671457169,1.604579678,0.2224156718,-1.672344027,-2.201504964,-1.349203897,-3.920931185,1.168121677,1.177176767,0.04338292817,0.1239361394,0.04001001451,0.1265779943,0.0940555013,0.008487330575,0.03540589363,0.06583312298,7.465523406,-0.04262466165,0.2257106241,0.1986490454,0.09613175773,1.744695107,0
cop_0191,790,0.2656647311,-0.02234210007,0.0001818339998,0.4223832586,0.7775913511,0.397696496,-0.007089893678,0.1922875071,-0.904297434,0.2068413148,3.522861406,-0.3590068372,0.3491646778,-0.5980967254,0.05381558212,3.253292757,0.09092754339,0.02061917908,-0.7041128706,0.6999320844,1.330164969,0.3790100784,-1.589463168,-1.895397605,-1.126166132,-3.692183229,1.332339789,1.344350559,0.04935567296,0.1348438764,0.03544758369,0.1573321441,0.1082210572,0.00858388785,0.03835101307,0.08803164389,7.696365289,-0.02061040647,0.1638739894,0.1278167137,0.08682179192,3.342352713,1
cop_0191,791,0.2631806804,-0.008065151326,-0.0003424724621,0.4084747849,0.8214780866,0.2410374793,-0.07400098191,0.1876326159,-0.9520743599,0.4949544651,3.268864743,-0.2284669299,0.3829107374,-0.831888806,0.5487997433,2.27560068,-0.02280836724,0.01451734793,-0.7769058356,0.6596823669,2.217696175,0.4417421895,-1.54504921,-2.056169839,-1.270838793,-3.738920044,1.412738998,1.47646586,0.03946472489,0.1635576509,0.0607142877,0.1918251642,0.1218400731,0.01396727602,0.05303419643,0.07416710182,8.196670486,-0.02463622632,0.2031984292,0.156855916,0.09667803504,2.322076439,0
cop_0191,792,0.3073174664,0.005889530343,-0.0009245837127,0.5648513861,1.215270955,0.3523713658,0.1014688831,-0.1721396264,-0.5395801636,0.4754018035,2.899308974,0.09669665906,-0.09520625386,-0.7952855432,1.018481136,2.529413199,-0.1683521929,0.008253725939,-0.4453288444,0.6727292665,1.821295831,0.2470179437,-1.444180278,-1.981761048,-1.510051095,-3.783357862,1.47144316,1.225544769,-0.02232499072,0.1071056455,-0.02489161519,0.2160273166,0.09304841456,-0.005916680127,0.05812812555,0.06018868499,13.4218662,-0.03167346051,0.1440674682,0.1167457407,0.07454956295,4.146093245,1
cop_0191,793,0.2423677819,-0.03987617936,0.0008127678213,0.5593792826,1.037749103,0.3781977962,-0.5925628694,0.1901381224,-0.5359766566,-0.7410180226,6.892638431,-0.8424861842,0.6706832308,-0.6624104885,-0.2009935669,4.893597186,-0.01399022959,0.002524847032,-0.6411745532,0.4128650599,2.004970064,0.1645815919,-1.827839247,-1.825402171,-1.509731638,-3.972649928,1.07863796,0.9148254078,0.1498838729,0.08068541733,0.06594417818,0.08841864943,0.07115855585,0.02006362636,0.02951872244,0.06095909811,10.01829629,-0.02682187962,0.1748920229,0.1406661715,0.08590445338,2.964150954,0
cop_0191,794,0.2971909508,0.007854256156,-0.0006246184753,0.6524434827,1.212720023,0.409691869,-0.271360011,0.2698192167,-0.7352924684,0.1119750157,3.40197887,-0.8006995534,0.7303333012,-0.7087349387,0.165879534,3.307432633,0.04524062741,0.08870967522,-0.7133036157,0.7077905073,0.8191457752,0.2244285458,-2.155753874,-1.934929524,-1.35389477,-3.829919802,1.250782292,1.107923507,0.06389182549,0.1030176437,0.1017270764,0.1137726182,0.08671652225,0.0299909542,0.03029029474,0.07242446887,6.038365674,-0.02537796758,0.161733956,0.1314621494,0.08214116353,3.472440176,1
cop_0191,795,0.2975097494,-0.0003792045554,0.001574742494,0.4346901547,0.7144432198,0.4672378279,0.1456559822,0.02153323392,-0.685240407,0.561014482,1.763116965,-0.3284755784,0.5855102458,-0.7517575246,0.6630860127,1.203312402,0.03714525821,0.01552208605,-0.582821999,0.685069652,1.175913316,0.1227978274,-1.9700582,-2.136899318,-1.279259443,-3.750435561,1.124363957,1.115729144,0.01623255832,0.08427906256,0.02538450257,0.1277960573,0.0829970243,0.007036480433,0.03645827707,0.07359101347,6.325089537,-0.04414073728,0.1572864064,0.1372078611,0.0750714222,3.660661031,1
cop_0191,796,0.2458743201,-0.06499628759,0.001058851915,0.683904205,1.189836399,0.3366548858,-0.3316530405,0.4763334434,-1.044760547,-0.09500234357,4.005925038,-0.4179860035,0.6150489216,-0.9011649518,0.1052541906,2.600763738,-0.007757184875,0.02566562145,-0.723814742,0.3182625657,1.79886805,0.08214414629,-1.569637467,-2.10395979,-1.474135229,-4.096910002,0.9901320456,0.9414401201,0.12944635,0.07594479572,0.02932266003,0.1520302361,0.07168406851,0.01091728506,0.04373164969,0.06406483077,7.241456865,-0.03403898452,0.1590771126,0.1542185953,0.08492331066,3.081613633,0
cop_0191,797,0.3044195675,0.02466734072,0.0003309007153,0.388118055,0.8770660502,0.2289666495,0.06998741415,-0.1896243131,-0.8415573111,0.07296740519,4.175313958,-0.2444346802,0.1069296026,-0.9021174529,0.5312859858,3.270071411,-0.09514229364,0.04625699662,-0.7499517157,0.5279003501,1.786541084,0.2931444148,-1.765470569,-1.883814868,-1.242325273,-3.883312011,1.459378393,1.198327747,-0.06402831836,0.0964933895,-0.0740975143,0.1342607115,0.09129747371,-0.02130337199,0.0336964778,0.07801764913,9.694234939,-0.02845574794,0.2036584783,0.1758146133,0.09810182566,2.104636752,0
cop_0191,798,0.2745566702,0.00809228482,-0.003282097425,0.3461858216,0.6931196769,0.6601260775,-0.2225805025,0.1196868384,-0.4377923979,-0.3288364708,2.795217351,-1.143895919,0.8068319742,-0.210663883,-0.5040438688,3.307089643,-0.04954935002,0.08047451872,-0.4334877802,0.2728317783,0.3480999233,0.1964407191,-2.086253092,-2.109584661,-1.049262148,-3.609553649,1.204601173,1.169707016,-0.03405042535,0.06277673428,-0.04380320273,0.04660471123,0.08030898301,-0.01151342616,0.009972697167,0.09753717871,8.400509973,-0.01709820387,0.1125293594,0.1048303931,0.06114309348,5.494831538,1
cop_0191,799,0.2985820856,0.04787333381,0.0002995376944,0.4960391773,0.9390887727,0.2757582268,-0.2646787028,0.1947887674,-0.8196769876,-0.1927408218,4.408362659,-0.6190292065,0.4144461661,-0.547114457,-0.1859471485,3.620345182,-0.03185168072,-0.01076229413,-0.7126202545,0.4336267685,1.742404678,0.2714480162,-1.773266909,-1.981726437,-1.227144131,-3.845367082,1.192983308,1.224708286,0.05036754214,0.08011276047,0.07969683076,0.1562393016,0.08922524423,0.01980597825,0.03838973875,0.07667192941,8.739177764,-0.0366696595,0.2005774224,0.1791214637,0.08926504333,2.210888278,1
cop_0191,800,0.2377512947,-0.06411743666,-0.0001759054749,0.7287038156,1.394943719,0.3498982718,-0.5556799811,0.3576797352,-0.6237358368,0.04691886501,3.169333192,-1.057804318,0.7304191619,-0.456828413,0.01547482238,3.0553877,0.00394866766,-0.05392248764,-0.6346396654,0.2975923393,1.73222601,0.2387615367,-1.988101706,-1.82702928,-1.26784204,-3.880210093,1.234542419,1.091459327,0.09783338723,0.1396765322,0.04442725153,0.1131196135,0.09557791038,0.01403387803,0.03076274189,0.07686087937,8.205434735,-0.02798485662,0.1803002982,0.1583241481,0.08489798752,2.713599149,0
cop_0191,801,0.2843874719,0.02536895597,-4.739706333e-05,0.6398980621,1.239065913,0.1809963301,-0.1194839134,0.2140540719,-0.8436934766,1.169360326,1.20850576,-0.2858840685,0.450467178,-0.8415764453,1.060901972,0.9069564856,0.07483318078,0.03759283901,-0.9494266575,0.9063886454,2.198069765,0.3453067973,-1.593237707,-2.111756484,-1.360182521,-3.918930395,1.290493578,1.351760267,0.08113373356,0.1413015015,0.1149283199,0.1275878037,0.1044510659,0.02800453997,0.03899426315,0.05979287332,7.594932022,-0.06836324619,0.2121028332,0.1991247003,0.08441636749,2.13387988,0
cop_0191,802,0.2489559293,-0.00812866999,-0.001082301429,-0.07441780713,0.2206057535,0.6635208465,-0.2118616187,0.2327403655,-0.6026598527,-0.4794877231,2.35367766,-0.38343821,0.3147870572,-0.4488078398,-0.6331919118,2.653225542,-0.04373478715,-0.01046406374,-0.3829070708,-0.043334106,0.6568411477,0.2232183571,-1.657221144,-2.167163673,-1.168009888,-3.659173315,1.118985532,1.098123525,0.09151701848,0.09029964777,0.08274107675,0.09302619542,0.08562888609,0.02405977287,0.02357061228,0.09061929919,7.619081495,0.003688168505,0.1261160893,0.1058565386,0.07057362741,4.635245756,1
cop_0191,803,0.3009949406,-0.03131016719,0.004672770233,0.4519199674,0.7857155355,0.5639406982,0.2652407266,0.1718197358,-0.9299719532,0.4822848313,1.628041266,-0.06110719121,0.4943084367,-0.7806007424,0.5877198332,0.6201349561,0.1793536703,-0.005828593657,-0.6046802051,0.6823597948,0.467934555,0.2440801799,-1.785480152,-2.128545994,-1.318316635,-3.70106637,1.177559619,1.197887478,0.02720940301,0.09428190031,0.001292639228,0.1897259882,0.09354126026,-0.002861205649,0.05011184044,0.07484808557,7.838410568,-0.02040470135,0.1123661277,0.09492608072,0.06559785349,5.700694045,1
cop_0191,804,0.2856651447,-0.007040292311,0.0005783947478,0.2390053054,0.2375522227,0.3024444017,0.02000915295,0.1292209323,-0.9319563431,0.287529558,4.01088752,-0.4985992503,0.2004734233,-0.3015600084,0.09880234562,2.888945801,0.005410052133,0.01031169874,-0.7586206697,0.6086339583,2.526454654,0.2117072115,-1.430284412,-2.152348422,-1.465723167,-3.925395089,1.079484644,1.182955573,0.03693169894,0.08197564299,0.1058352737,0.1440279291,0.08512115935,0.02268218564,0.03638953736,0.06106899725,6.848128136,-0.04811331068,0.1958264262,0.164480736,0.08322345598,2.636076833,1
cop_0191,805,0.3139094964,0.006779644334,-0.0005975026327,0.3391558447,0.6393953823,0.3357420919,-0.0008152839114,-0.05984883025,-0.5490293841,0.9108269787,1.067804289,-0.5057215897,0.3844816865,-0.533752456,0.9628852902,0.9086465807,0.02104096858,0.003839211992,-0.7281404256,0.5724731487,2.295189891,0.1072922833,-1.973298528,-1.791883844,-1.296405437,-3.855423643,1.122265275,1.047194666,0.007571635819,0.09092477093,0.06845158713,0.09544338947,0.07941036374,0.01536788454,0.03388085897,0.06962670879,7.084186072,-0.05077905422,0.1789661709,0.1615453778,0.07917313236,2.920375125,0
cop_0191,806,0.2825318864,-0.07174872866,-0.002316729533,0.4947055262,1.008112237,0.1790506782,0.03209000091,-0.09273179437,-0.7176973394,0.7946084396,2.167657282,0.29435886,0.07600393184,-1.431862219,1.227440944,2.664533364,-0.06479523105,-0.008051931668,-0.7237561925,0.9628960491,1.395539287,0.3222796086,-1.215573329,-1.946328829,-1.278424458,-3.67859209,1.575341678,1.370251314,0.01309938754,0.1682178689,-0.05353678895,0.1760516716,0.1165870329,-0.009509551509,0.04415867246,0.06489331292,6.164408431,-0.04367442469,0.2310954259,0.1904158869,0.09468725674,1.891946491,1
cop_0191,807,0.2781909293,-0.003710705914,0.001449783873,0.5341678311,0.9715030555,0.4116138084,-0.4532673969,0.4407841855,-0.7811198427,0.07012764067,3.059509915,-0.9295371917,0.818703553,-0.6482889923,0.01131164249,3.153306807,0.04145023868,0.008956903765,-0.6516021993,0.5077813004,0.80958028,0.191039582,-2.14080773,-2.023642653,-1.313172302,-3.851789408,1.174497353,1.055246961,0.06799799343,0.08285682104,-0.02671633911,0.127618646,0.08135651291,-0.00485741353,0.03454461045,0.07519156768,11.07828307,-0.03382835544,0.171302161,0.1566340107,0.0846756229,2.850288382,1
cop_0191,808,0.2500010156,0.01159168813,-0.0004906432359,0.3917440683,0.6326905967,0.435614728,-0.3385967848,0.1743922525,-0.7693430775,-1.112360366,6.966540085,-0.6020280829,0.5351465061,-0.7617338211,-0.7903833063,5.714636318,-0.01975499476,-0.02187501042,-0.554837964,0.2538871728,1.602446885,0.3059097193,-1.88019852,-2.044673072,-1.300635476,-3.981435336,1.26928831,1.18226001,0.106870248,0.1171845621,0.05726011031,0.1340459987,0.09641871905,0.01564117967,0.03335328109,0.07891543938,7.400593805,-0.0085057123,0.1335632834,0.1114066358,0.07657757593,4.333103115,0
cop_0191,809,0.2753371645,-0.01557845455,-0.000827621202,0.256313209,0.4693934672,0.2798691687,0.06018234947,-0.09172571963,-0.7397163947,0.5084568575,3.031250911,-0.1219928163,0.4051651052,-1.109626416,1.03672761,1.90459518,0.00856405011,0.003145496128,-0.7542845957,0.6906453263,2.107542126,0.2043529236,-1.880018704,-1.906914782,-1.325279295,-3.845388641,1.269449078,1.151017704,0.02244211254,0.09425826446,-0.002954821584,0.1670005103,0.08712640222,-0.001151892589,0.04509399172,0.06995134153,6.891748172,-0.04699941977,0.1934717784,0.1620899289,0.08338799902,2.579462546,0
cop_0191,810,0.2731801937,-0.02142438258,0.00352132897,0.5204645577,0.8900383188,0.5052697621,0.0857250303,-0.2416598286,-0.3468480157,0.3134421341,1.497956159,-0.2611140352,0.3988497887,-0.6818499539,0.4679152455,1.175081313,0.08506865453,-0.09300317881,-0.5495295214,0.2783419028,1.765452224,0.1344180798,-2.308902261,-1.878338193,-1.227248819,-3.736087209,1.146120879,1.084984049,0.0620652237,0.08323830461,0.05745161019,0.09985654678,0.08194596612,0.01786708781,0.03339584933,0.0771597547,7.729099067,-0.02917686789,0.1255706547,0.1163629571,0.06483857239,4.806187691,0
cop_0191,811,0.2684309086,-0.0054525668,0.0001498260136,0.509237032,0.9533723681,0.01804113813,-0.2187565714,0.2514990968,-1.073397269,1.095587589,1.138546852,-0.2511295772,0.3528152592,-0.9795270617,1.080109393,0.3042607978,-0.003156394447,0.002711057059,-1.003478556,0.8648774086,1.434141406,0.3950586035,-1.439735098,-1.80290567,-1.315356965,-3.965340076,1.332643125,1.321014928,0.1272162627,0.1476206087,0.05000522016,0.1238271044,0.1060516648,0.01542623189,0.03630903036,0.06102272595,7.560950916,-0.05391394557,0.252750257,0.2436589148,0.1053582266,1.189223892,0
cop_0191,812,0.289804294,0.01444605786,0.001283655662,0.1045679324,0.1606645735,0.3128814965,-0.166648981,0.3744030945,-1.111111412,-0.05575324098,3.653541778,-0.2647809826,0.5436301208,-1.002264146,0.5226995906,1.319475622,0.01582205077,0.0014771187,-0.7390736886,0.4029379797,1.456273613,0.1598970759,-1.577304031,-2.299234378,-1.365753094,-4.005252576,1.052698332,1.018842521,0.1072718025,0.07022892658,0.07703493673,0.08602731322,0.07426772696,0.02035984586,0.0226877059,0.06870698954,7.125968741,-0.03556483647,0.1766295912,0.1663491725,0.08495774724,2.712517664,0
cop_0191,813,0.3084400432,-0.007513327646,-0.004110510008,0.384488244,0.6375690993,0.5396803094,0.259058788,0.3090167768,-1.173770113,0.1409582723,1.761347295,-0.04985125812,0.5147184896,-0.9461873611,0.3262205053,0.6318002852,0.2983080878,0.05496039037,-0.8074279635,0.6858447255,-0.5003057451,0.1827009541,-1.634100368,-2.341896862,-1.213360353,-3.78011899,1.103573788,1.095858348,0.079064084,0.07922466353,0.07703715522,0.1260512309,0.08081922106,0.01846672608,0.03000680945,0.08438115548,7.303673435,-0.01510291625,0.1117342726,0.1091145268,0.06874850995,5.356866674,1
cop_0191,814,0.2461321036,-0.02259582702,-0.0007273315596,0.408477016,0.6134996243,0.2939840394,0.2845543832,-0.1885666144,-0.8957397795,0.5382963709,1.736800464,-0.1370611576,-0.009861835197,-0.6854465048,1.195678602,-0.08321257866,0.0002495167516,0.00626074513,-0.7523229693,0.4229072781,1.693415549,0.343446699,-1.353114492,-1.929975023,-1.18923798,-3.706177962,1.54357971,1.259050658,-0.07715473156,0.09457699987,-0.03906324291,0.1901571336,0.09102617823,-0.01459588833,0.05138664905,0.08411020849,6.777695955,-0.04323840989,0.1854072004,0.1790638861,0.09024874805,2.410906518,0
cop_0191,815,0.3215155437,0.0219010895,-0.002479459153,0.3706004798,0.6701650485,0.4717536726,0.01590554305,0.04432459715,-0.67318397,-0.06753866823,2.835615095,-0.781420454,0.4873956072,-0.2741982191,-0.2531919364,2.800014965,-0.06566066117,0.02140263038,-0.5522146587,0.278022877,1.640105119,0.1024625327,-1.630770919,-2.037909803,-1.292760303,-3.805405644,1.040702813,1.121125844,-0.0511181177,0.06703904569,0.08967278056,0.0508521069,0.08083878548,0.01759130556,0.01441495107,0.07118307253,5.893905989,-0.04688312374,0.1621390774,0.1573031143,0.07213715885,3.316846038,0
cop_0191,816,0.2911978321,-0.05371747147,-0.001915677919,0.6023921139,1.159434058,0.2639179789,0.1389569133,-0.0809156402,-0.7613609842,1.062791022,0.6700019629,-0.07280993962,-0.07464391088,-0.710608171,1.297858972,0.7297114522,0.1366096623,0.01942569551,-0.7989023752,1.214337946,-0.2569738796,0.2596748659,-1.307441863,-1.99002316,-1.348595548,-3.754285857,1.500933353,1.151746708,-0.06614334332,0.1065003013,-0.04181368952,0.1541064403,0.08896706491,-0.0114259418,0.04088452661,0.06770497334,5.222186735,-0.0390057685,0.1691545845,0.1496512511,0.08333798489,3.241380375,1
cop_0191,817,0.304928046,0.03662742001,-0.0009623168643,0.6465783847,1.253397309,0.5764847655,0.09744171171,0.1735414992,-0.8025937388,-0.06434600768,2.805958309,-0.3980124835,0.5133022684,-0.549008304,0.008260933449,2.078259279,0.1263195003,-0.03374650592,-0.5523209067,0.3470847141,1.162787263,0.2293591233,-1.910487258,-2.013647735,-1.212552135,-3.828534781,1.188875243,1.184744068,0.0449302079,0.115142284,0.04781820966,0.1482482606,0.09576253764,0.008184963056,0.04202970294,0.08322973959,6.658244124,-0.01709400879,0.08829997202,0.0811654944,0.05307898721,7.665180335,1
cop_0191,818,0.2808252266,-0.006623004128,0.001780714907,0.1107698804,0.0009164159151,0.514738591,-0.03337268278,0.1554375488,-0.7308355944,0.03078543269,3.683007675,-0.2397134645,0.6774171693,-1.015329875,0.3710176443,2.591088426,-0.02272456508,0.03897156222,-0.5724507728,0.2413698394,2.53680093,0.1837450802,-1.956841702,-2.02206543,-1.314554477,-3.767406049,1.165970163,1.108245231,0.08852047621,0.06958193314,0.05802440736,0.1869374488,0.07855218159,0.01677845079,0.05326641018,0.07392697557,8.3051469,-0.03272862748,0.1046430521,0.09842352959,0.05847217628,6.126161147,1
cop_0191,819,0.3019525004,0.03258801259,-0.0002598835051,0.5394873302,0.9284215475,0.1879715591,0.0003863695167,0.1171381174,-0.9049283427,1.068648758,1.338267261,-0.1785831395,0.2381370758,-0.6862559809,0.9205604733,0.6301812265,0.1774640078,-0.01960057346,-0.8845733026,1.251538842,0.1357343236,0.3721438086,-1.400957444,-1.897405294,-1.400061511,-3.761128702,1.279681709,1.328169092,0.07603649232,0.1178525881,0.09759277775,0.1981993204,0.1007549501,0.02145495032,0.05439150028,0.06558930872,6.516540757,-0.04860642527,0.1992035631,0.180486323,0.09296783285,2.321768734,1
cop_0191,820,0.2620328568,-0.01484329135,0.001597051511,0.4711824142,0.7801582058,0.5123754331,-0.1391565986,0.2634025072,-0.8109927827,-0.1737717289,3.665110234,-0.6421978804,0.6495324949,-0.667042324,-0.1869201493,3.616258318,0.1206075651,0.05714302228,-0.6771358022,0.5691570123,0.6080393567,0.227563897,-1.884823285,-1.827141393,-1.240431954,-3.806106892,1.216655962,1.130632691,0.01700746959,0.09792956822,0.004557502598,0.1522325124,0.0872105647,0.0004987792437,0.0396679557,0.08333693633,12.92308342,-0.01495562216,0.1308635082,0.1109990994,0.07688804606,4.443112541,1
cop_0191,821,0.2825412844,-0.02999270803,-0.003223099953,0.7120230318,1.436623627,0.4657973978,-0.04917100487,0.1930473838,-0.7342155754,0.1457886711,2.573010341,-0.47208679,0.4228463118,-0.4562189938,-0.1140401186,2.727352076,0.1139721884,0.01787690179,-0.6218676798,0.7174727435,0.347157391,0.2221250089,-1.497482383,-2.10780565,-1.254728413,-3.742905008,1.129032006,1.146406934,0.06680115348,0.07173123094,0.08509285339,0.1346436311,0.08192758612,0.02242560514,0.03510083068,0.07927563396,10.17721172,-0.02415856662,0.1231087453,0.110137289,0.06839807794,4.913660421,1
cop_0191,822,0.2686103256,0.01575567041,-0.004460675918,0.4952550017,0.8105759125,0.5716029028,0.1280795838,-0.01406399462,-0.633259465,0.0971449284,2.053568892,-0.1994473992,0.4679125559,-0.7066228927,0.2700397251,1.122443037,0.09126023392,-0.008911281029,-0.5169201068,0.5718869894,0.2174824692,0.1418217272,-2.036930765,-1.99385232,-1.110941427,-3.688092402,1.119767188,1.149690111,0.01336728893,0.09408302749,0.02961191169,0.01273725903,0.08708970337,0.004083308951,0.002393959305,0.08988402802,6.6297511,-0.02595897694,0.141785321,0.1246289262,0.07113500992,4.117379484,1
cop_0191,823,0.2712939626,0.0279941231,-0.001296411996,0.5727483053,0.942139996,0.6471513046,-0.1149124461,-0.007996707086,-0.452490761,-0.5203208252,2.927296274,-0.5598566952,0.4842010794,-0.4660048003,-0.1477054513,1.80663738,0.02411685718,-0.04215454985,-0.4421295862,-0.02972051034,1.07443391,0.2760381503,-2.219652349,-1.99659751,-1.174455629,-3.640135765,1.337950998,1.214520173,0.01014307824,0.02986249927,-0.07726519288,0.1061717761,0.07284385976,-0.02578173141,0.02489108831,0.08913778999,8.664788779,0.001639362982,0.1252857249,0.1008856328,0.06972832989,4.814553188,0
cop_0191,824,0.2709634341,0.03998763785,0.0001488351087,0.3249952281,0.4485782337,0.2645586526,-0.215523835,0.09905480284,-0.7160539911,0.2591768982,3.882881082,-0.2395172736,0.2324481691,-0.6564488609,0.698842115,1.729507794,0.002256916885,0.004285766823,-0.7620671758,0.6359925586,2.235535325,0.3569549091,-1.568350992,-1.949032394,-1.337003379,-3.805891719,1.293022829,1.317021335,0.0689540251,0.09491039179,0.09847070702,0.1682091991,0.09575141304,0.02373837782,0.04812673387,0.07279509006,7.765720354,-0.04727296707,0.1780548283,0.1567227024,0.08274709851,2.842633442,0
cop_0191,825,0.2759703718,-0.007546210036,-0.00188084221,0.3887628019,0.8208113632,0.5594059414,0.05479711763,0.2056152795,-0.8703570977,-0.2796721114,2.667675207,-0.1328254288,0.4752961849,-0.8026309204,-0.01123187797,1.276762571,0.1196335408,0.01024207069,-0.5947266484,0.3452875396,0.2312229843,0.1802887989,-1.730727115,-2.134244463,-1.169570364,-3.796921571,1.096940449,1.097896372,0.06309360496,0.07608290731,0.04456132643,0.1272746124,0.07893994939,0.008462902084,0.03291391373,0.08950952581,13.05834459,-0.01685446127,0.1005359304,0.1036650981,0.06133030659,5.95274151,1
cop_0191,826,0.296601742,-0.01200204525,-0.0002874542521,0.3070118101,0.6162105607,0.5801044045,0.1002709673,-0.09833365843,-0.6575920653,-0.3932619005,3.579168198,-0.595529378,0.3271321008,-0.4726664108,-0.6023295728,4.466865799,0.0964485919,-0.09749018064,-0.4885352441,0.1465354892,1.23529155,0.2215635421,-2.188728384,-1.910991089,-1.212196444,-3.884338338,1.278282564,1.088565932,0.004633622751,0.07405903317,0.02917073121,0.1239868342,0.07938821186,0.008222243162,0.03530830515,0.08133228647,6.264439824,-0.01961891479,0.1016822348,0.1037239516,0.05999533897,6.209004668,0
cop_0191,827,0.299384992,-0.008107762361,-4.945869341e-05,0.3694894045,0.7627565118,0.3576476863,0.05925991977,0.05170189408,-0.7861514411,0.3495138214,2.591347647,-0.5930317885,0.5305391906,-0.5151504161,0.3537747534,1.914490227,0.04166307971,0.005729717236,-0.7358626626,0.4279248984,2.094043521,0.1194853588,-1.646625339,-1.962531672,-1.33375951,-3.86915177,1.05855614,1.093470205,0.009033211777,0.08797773588,0.07629867422,0.1415295841,0.08329832464,0.01627484306,0.04302141848,0.06938871931,7.852805038,-0.04297741844,0.171141297,0.1592044617,0.081514509,2.986189408,0
cop_0191,828,0.2761413231,0.02261679393,0.0002160331845,0.6129805504,1.009831863,0.3472596732,-0.2146186146,-0.04188364151,-0.6456054105,-0.3423517172,4.430598514,-0.8354745572,0.492083378,-0.531149035,-0.2040507254,3.878697639,-0.05492992236,0.03115559993,-0.6640991328,0.3251035521,1.399509938,0.1940402355,-2.101028284,-1.68574942,-1.236180556,-3.805801447,1.218265018,1.041393572,0.02447417238,0.07959571312,0.007032882506,0.1281752121,0.07989744751,-0.0005774675733,0.03535242211,0.07617186063,7.549801789,-0.03927960999,0.1876845717,0.1792002846,0.08632951997,2.425093324,0
cop_0191,829,0.2328480373,-0.0641163997,-0.001837752188,0.5181463674,1.08935319,0.3447682536,-0.2107454603,0.03984776806,-0.6347623089,0.4202177333,2.022901411,-0.7707130965,0.2819744745,-0.3350903507,0.750534856,1.106457379,-0.0980788114,0.0726584986,-0.668160095,0.3672631998,1.542072291,0.202901668,-1.583880574,-1.708557848,-1.303953794,-3.918242299,1.351978675,0.9964501884,-0.1172564154,0.08621522521,-0.02702791065,0.1143314318,0.07536627191,-0.01391947366,0.03345328973,0.07284845691,6.924903214,-0.02189617259,0.1641799574,0.1487107319,0.08506414602,3.082267316,0
cop_0191,830,0.2939035759,0.02456516299,-0.000867502318,0.4889552004,0.8979533658,0.3082693278,0.05983955741,0.148075564,-1.014493184,0.3912379258,2.965717701,-0.2072441085,0.3717632627,-0.8808755434,0.1809111405,3.030714764,0.07851367273,0.031053653,-0.8551645443,0.5476982067,1.907454665,0.2153467605,-1.648612627,-2.124268013,-1.407622597,-3.938590275,1.122787405,1.150426994,0.04942947763,0.1143968664,0.04142019015,0.1666232471,0.09298285594,0.009975583319,0.0445129661,0.06446979104,5.930708455,-0.03456582002,0.2013920327,0.1707099453,0.0918630843,2.389932211,0
cop_0191,831,0.2663812951,0.03215475367,0.0001694254732,0.3617556493,0.70353462,0.4118918252,-0.3803987957,0.4755040665,-0.8631809755,-0.08599969114,3.713293162,-0.7863569684,0.9687289364,-0.9267117921,-0.09729730829,3.591278756,-0.02470839985,0.004581988981,-0.6139012741,0.2833297259,2.060893102,0.2871732289,-2.015932608,-2.099984819,-1.178440219,-3.829158786,1.2723196,1.162747709,0.1129387619,0.1179792804,0.08245326539,0.1092687321,0.09580652161,0.02537686037,0.03129985476,0.08448804857,7.92300563,-0.02922889135,0.1453148691,0.1300168448,0.07454669556,3.833615311,0
cop_0191,832,0.2995912506,-0.02997764007,0.0002367992885,0.5429170224,0.9851258581,0.02805198354,0.2237217813,-0.1484043868,-1.09050804,0.9995386388,2.494780337,-0.07918144171,-0.04561252421,-1.013977111,1.259454046,2.512239129,0.008044358727,-0.003282176505,-1.000112791,1.03296628,1.997189512,0.294644755,-1.54788668,-2.001623464,-1.320406394,-3.975742485,1.460675508,1.286524633,-0.06780497678,0.1386411922,-0.05647147045,0.1028047498,0.1003500704,-0.01588170604,0.0301481671,0.06415082868,7.232653735,-0.05402920311,0.2463702518,0.21328939,0.09847482833,1.464211185,0
cop_0191,833,0.2876589772,-0.04153993163,-0.001052137647,0.7052223028,1.424661476,0.5256214941,0.07459130539,0.02224626639,-0.6937955021,0.06594367201,3.663915786,-0.3609999438,0.5407540224,-0.7786275072,-0.02725087869,3.752852851,0.1046396819,0.006689844432,-0.6260381487,0.5076392227,1.81067631,0.2577630734,-1.9140193,-1.963271862,-1.221890405,-3.633214821,1.248865785,1.216179688,0.03215642543,0.03983804053,0.09145953375,0.1604715321,0.07304615098,0.02282857521,0.04110553521,0.08186749871,5.372947709,-0.03377690724,0.1297609726,0.106760126,0.06244519445,5.162781584,1
cop_0191,834,0.2938594329,-0.0299129705,-6.168672413e-05,0.5849456312,1.026779719,0.4062507378,-0.3003957439,0.335350916,-0.82780204,-0.06570779846,4.12127047,-0.5277914387,0.6677445248,-0.8511805639,0.02006960851,3.422997197,0.009172390009,-0.003841249584,-0.635094518,0.3747484615,1.892440349,0.320258599,-1.825602784,-2.019886219,-1.308608426,-4.009995452,1.279810216,1.200164262,0.1088147249,0.12188835,0.06012591233,0.1465012155,0.09800403426,0.01861609028,0.04107348588,0.07713708255,6.744877152,-0.02744279105,0.1467024886,0.1291673798,0.08006703105,3.800317341,0
cop_0191,835,0.2684954549,0.005982570185,-0.0008607540324,0.8215898429,1.539739308,0.3615729275,-0.1635297923,0.2128231527,-0.8708489681,0.03950796959,4.081442575,-0.4710586786,0.4744620054,-0.7381200992,-0.1263451829,4.082802945,0.005251708319,-0.01425424485,-0.6614986972,0.4516762025,1.968812286,0.3311863359,-1.726059746,-2.088243802,-1.361276827,-3.921024577,1.276574492,1.252315199,0.08869532264,0.1410695155,0.06443739218,0.1727105686,0.1057914651,0.020252733,0.04536085709,0.07378323516,8.316631374,-0.03009157211,0.1642302123,0.1412456148,0.08630977425,3.208808609,0
cop_0191,836,0.2785252475,-0.02035881112,0.0003866212764,0.2910211147,0.6912948741,0.5493478099,-0.1166970181,0.1218527623,-0.5975076131,0.03199277721,2.372539118,-0.710897085,0.5039603417,-0.3110936991,0.2084133432,1.516210897,-0.01326862331,0.02808690098,-0.5406784936,0.1299652403,1.704568844,0.2131049388,-2.001954978,-1.771648541,-1.267795459,-3.836528388,1.253161124,1.07259743,-0.01129246367,0.06776850581,-0.01764058969,0.1514262497,0.07610241163,-0.006443073135,0.04545430611,0.07959213808,7.914912481,-0.01635915573,0.09959806078,0.09505359596,0.06156768769,6.225016579,0
cop_0191,837,0.2966348228,-0.03026955232,-0.0001706199185,0.6423347202,1.174965921,0.3760345586,-0.2932082986,-0.002419411708,-0.5590775034,-0.3907977875,5.139520508,-1.017231723,0.60211853,-0.5196470102,-0.5056932071,5.835700756,-0.05139750705,-0.002554374745,-0.6079569141,0.3349636197,1.945906887,0.2472297658,-1.855575971,-1.944399198,-1.278170757,-3.936659008,1.299005211,1.129616457,0.02509849857,0.08127651454,0.02289887954,0.1411979494,0.08495570148,0.004581232238,0.03456412757,0.07818985503,7.699568049,-0.03456501664,0.1695946133,0.1482800601,0.08005545517,3.055132292,0
cop_0191,838,0.287354993,0.02011394244,-0.0007141876036,0.5079310234,1.009821164,0.5833718155,-0.2108840373,0.139268953,-0.6056055806,-0.5875015095,4.674057008,-0.769605076,0.6205480847,-0.3939351958,-0.4946918969,3.824040575,-0.06833430486,0.007820956722,-0.4279115978,0.1456422725,1.612817625,0.1320730717,-1.831904132,-2.221927825,-1.366548877,-3.824432884,1.06619382,1.039943486,0.05858786449,0.07876854334,0.02210799006,0.1423642966,0.07728795031,0.006566268983,0.03605569426,0.07571882256,6.16324378,-0.00668648928,0.1085120325,0.08432464735,0.06367483242,6.135451401,1
cop_0191,839,0.2772283927,-0.02529522552,0.001297019019,0.4252065277,0.8056718353,0.2897172437,-0.2069008512,0.2443278342,-0.7757365153,0.7955312933,0.1147128607,-0.3748657504,0.5829572365,-0.9149368837,0.7566075953,0.146087937,0.01674839627,0.03328238023,-0.7966297025,0.3519359648,1.548039828,0.2462248168,-1.518303288,-1.865252574,-1.303819452,-3.911303956,1.173226743,1.083615666,0.0949567832,0.106592489,0.05304221849,0.1335437745,0.08470806141,0.01577829079,0.04277959219,0.06946609681,7.572221934,-0.03489235461,0.1686022519,0.1732267302,0.08199149303,2.809343473,0
cop_0191,840,0.2872310393,-0.02762852994,-0.0003452210027,0.4572148581,0.9410942792,0.4713181051,-0.2646234062,0.09886569817,-0.5421366137,-0.1036103508,3.351874598,-0.9401035691,0.4103702242,-0.2964741052,-0.5054914305,4.910883667,-0.01632708263,0.0725008109,-0.5930373669,0.4432844116,0.8478011108,0.1702512037,-1.845910502,-1.799395593,-1.352974976,-3.753538744,1.223995583,1.012985692,-0.005286001906,0.05770058546,0.03393325574,0.1292098801,0.06950985112,0.01405000328,0.03412129127,0.07263590216,12.49110069,-0.01741610556,0.1435250901,0.120854528,0.07271509427,4.014816307,1
cop_0191,841,0.2616151399,-0.01370225155,0.000142877883,0.5869975815,1.141144524,0.3699388232,0.2088063877,-0.0921047366,-0.8695304787,0.1010861807,2.657202305,0.1174860334,0.03974480789,-0.894986524,0.9670374206,0.2861111894,-0.02978307717,0.02528606769,-0.6646156406,0.2883123254,1.539393302,0.2564822306,-1.468742258,-1.958427978,-1.256793882,-3.882280394,1.386904825,1.198313691,-0.02778941066,0.1180009504,-0.06203643138,0.1577029395,0.09803906798,-0.02265741004,0.04306178004,0.07670180045,7.398454543,-0.02319102012,0.1586149809,0.1458033074,0.0820914248,3.21235498,0
cop_0191,842,0.2923222292,0.007649993147,-9.029592371e-05,0.1146184895,0.04839841499,0.408721891,-0.08253655419,0.1087160885,-0.6393688441,0.3263485223,3.128870928,-0.477154282,0.4794902285,-0.617891607,0.05440427085,3.707832575,0.009748975139,0.004074294854,-0.643798963,0.5345078129,2.458172634,0.227219772,-1.708629744,-1.984074289,-1.202676139,-3.683756734,1.18599142,1.211718598,0.0613135725,0.09196609822,0.088241255,0.1490208763,0.08837656857,0.02296085017,0.04146750217,0.07725199962,7.417615067,-0.03901519289,0.1619913581,0.1314141952,0.07335160146,3.6261154,0
cop_0191,843,0.2766747767,0.005190484823,0.003445573177,0.4491841753,0.7216678596,0.4798541989,0.03216247058,0.2011689402,-0.9492498788,-0.02148971623,2.739756185,0.0542483033,0.3926662021,-0.9758965655,0.397728364,0.9846202522,0.1902000152,0.01168604877,-0.7327613686,0.6186660805,0.1019574718,0.1857010647,-1.383159993,-2.071785038,-1.308070958,-3.705980266,1.018127371,1.040003546,0.1121130678,0.0836345307,0.07876750107,0.09134276357,0.07681556519,0.02072426508,0.02371060175,0.07709343884,4.788960503,-0.003621184786,0.1369255345,0.1069273156,0.07457721425,4.666239894,1
cop_0191,844,0.2670538948,-0.04322439872,-0.001729823602,0.3092478338,0.650358032,0.5705404889,-0.2122549118,0.219837364,-0.6495577081,-0.4929587454,3.434871734,-0.5907606491,0.6705373513,-0.6335644284,-0.0585719642,1.905695772,-0.0540513844,0.0139934011,-0.4383545766,0.1634524711,0.8388310982,0.1501020624,-1.860507883,-2.165220478,-1.231052982,-3.88548239,1.111783239,1.063560295,0.0477848209,0.07840852798,0.03653675473,0.140997748,0.08018807712,0.005994569085,0.03596208176,0.08425344674,8.737111314,-0.006865754056,0.1014681897,0.09390932136,0.06408144316,6.048378245,0
cop_0191,845,0.2893573639,0.04241678299,0.0003466810399,0.2851869815,0.6358972402,0.23084363,-0.2798499844,0.1769949259,-0.7615143341,0.2923542125,4.002182623,-1.073878338,0.3510837831,0.1318612375,-0.129488807,3.181915552,0.03678976656,-0.00167924262,-0.8446709597,0.7566577566,2.186517018,0.2625910569,-1.266380531,-1.949962791,-1.408459185,-3.950892652,1.115145763,1.230498655,0.01646900638,0.1171658392,0.08002844447,0.128407868,0.09861664965,0.01783739946,0.03340472753,0.06252781427,6.861082503,-0.0558722566,0.216954544,0.1907197705,0.09362248942,2.038969245,1
cop_0191,846,0.2917792972,-0.009356555368,0.00725211101,0.8719962527,1.564315793,0.9811143096,0.05230809253,0.1841027243,-0.5783348512,-0.1032495836,0.5309744135,-0.318488072,0.5372414768,-0.5214278779,-0.1527944284,0.5730574671,0.06680523269,-0.03207869354,-0.3233991522,-0.01417712712,0.12351596,0.181915388,-2.003355683,-2.141151356,-1.170742162,-3.442665063,1.128518789,1.072388291,0.08452753935,0.05021790171,0.02348142959,0.1345765956,0.07365463244,0.007446131643,0.04195543606,0.09258189036,8.036626631,0.005828076812,0.04905568631,0.03787167182,0.03376626267,14.76629559,1
cop_0191,847,0.2977732713,-0.02979081931,0.000871584702,0.2626810808,0.4533009871,0.2849228183,-0.1042081008,0.1506672918,-0.9037296809,0.02516138783,4.964964316,-0.6008542367,0.3731169197,-0.3698181138,0.6719543339,1.700994366,-0.07096597194,0.02656697993,-0.7027126719,0.5483612158,2.668237056,0.244275606,-1.422887791,-2.129569287,-1.336721881,-3.933534516,1.165493987,1.208580411,0.06464198985,0.08730567932,0.04219570244,0.1486706671,0.08798666801,0.005986667915,0.03793770217,0.07212654711,8.29046153,-0.04431959273,0.1736066742,0.1471992221,0.08073354553,3.060266823,1
cop_0191,848,0.2914042735,-0.01410338606,0.00123267059,0.6438831603,1.095191286,0.5384337527,-0.1393295675,0.1712752656,-0.7213083251,-0.5082687628,2.949736994,-0.2978853407,0.4286172529,-0.7205235366,-0.236642706,1.773079799,0.0745962946,0.04014731965,-0.6073198775,0.2798522273,-0.07281933444,0.1560460902,-1.681529765,-1.935400399,-1.216654851,-3.742588138,1.063020588,1.007626974,0.1043480159,0.04751608458,0.07962415403,0.06856026806,0.0681873669,0.02220591879,0.01995108942,0.08196169713,6.60313214,-0.007494040892,0.1156294138,0.1118266693,0.06447484823,5.240153563,1
cop_0191,849,0.2819627947,0.03087505845,0.001876884823,0.3975033344,0.7680035966,0.529417057,-0.2125456136,0.1580888029,-0.6246090874,-0.3790409596,4.063101288,-0.9982851169,0.7579758772,-0.4638042716,-0.5220576332,4.504853597,0.01754820778,0.0470117374,-0.5761462111,0.3114022096,1.212429095,0.1359201014,-2.227121449,-1.969443519,-1.309503116,-3.906313817,1.145389534,1.030047648,0.01485812454,0.06015332418,-0.004639546068,0.122117838,0.0718932374,-0.002263279635,0.02976175222,0.07613891611,6.700492866,-0.0260324397,0.1135933271,0.1099250849,0.06195146467,5.470458994,1
cop_0191,850,0.2997823547,0.03829466026,0.0005288098478,-0.135204039,0.02407529812,0.4965645113,0.08266080268,0.3753370346,-1.039074055,0.2848600283,0.4432425134,-0.1567088236,0.3146595535,-0.6214036599,0.2303473239,0.2746503778,0.005332054347,0.01785973545,-0.5825285176,0.1235221345,0.7888776665,0.06908337026,-1.467675605,-2.25677177,-1.37543865,-3.831485569,0.926817678,0.9477916757,0.09054842351,0.08074412203,0.08220945705,0.1274017525,0.07394421982,0.02297564112,0.03959496662,0.06781626281,7.496996131,-0.003173350501,0.1269314074,0.1183884398,0.0702022018,4.475108832,0
cop_0191,851,0.2684177247,-0.04273131964,-0.002244924532,0.4805451968,0.9467481749,0.3339111674,-0.3106600311,0.2257056331,-0.6506728905,0.2450249479,3.196341125,-1.061132368,0.7197934926,-0.3837343915,-0.1485207663,4.051556628,-0.05171788018,0.04673083712,-0.6999898921,0.5558813608,1.978923974,0.2522094599,-2.04735575,-1.882755004,-1.218255769,-3.859766213,1.241456116,1.257108482,0.002654205376,0.1496353114,0.03483900004,0.1150142015,0.1078947446,0.005878807726,0.03491453242,0.07763012806,6.70967643,-0.03859308452,0.1854492208,0.1560110893,0.0831875846,2.725349328,0
cop_0191,852,0.2763143254,0.01065835489,-0.0002885660454,0.451031283,0.8238769186,0.2644858032,-0.3580500342,0.04918986611,-0.6487109278,-0.02734617892,5.241638937,-1.160930808,0.5092697341,-0.4394570757,-0.04031010944,5.985566993,-0.04757055553,0.01575815022,-0.7210319422,0.6772979044,1.93983965,0.2323546764,-1.86541316,-1.884871233,-1.358282979,-3.999435549,1.331734943,1.157138114,-0.02096737401,0.1060329147,-0.01411345991,0.1043642328,0.0900074086,-0.003292962482,0.02494489582,0.06920418774,8.906155779,-0.03036932012,0.2136066711,0.164401306,0.09498069091,2.162690092,0
cop_0191,853,0.2750336214,-0.02285126792,0.00174128151,0.5459822104,0.9808006116,0.4186219356,-0.08064933287,0.2541814196,-0.9403857845,-0.07331545262,3.08145024,-0.2914543176,0.5491192177,-0.907321012,0.2505692745,1.728103692,0.1282449878,0.01458529024,-0.7248804985,0.5464686479,0.4023481521,0.2367711097,-1.703110121,-2.15229273,-1.210997271,-3.772441898,1.179142091,1.120411859,0.1026531054,0.08271167709,0.03182601632,0.1404198288,0.08430654677,0.00837970271,0.03614031402,0.08072368118,8.537761274,-0.03551602451,0.1567863147,0.1528324555,0.07657956338,3.300605795,1
cop_0191,854,0.2781501559,3.742989714e-05,-0.0005135173083,0.4403308599,0.8041247206,0.1391394473,-0.2296514216,0.2885794795,-0.9831962492,0.9288373857,2.286263733,-0.4356604895,0.2831561379,-0.7067777723,0.6294024566,2.665903065,0.01463937849,-0.002972050567,-0.8961875219,0.8884804872,2.004125061,0.3235780731,-1.621211648,-2.075618633,-1.339721551,-3.92569056,1.269326602,1.259001212,0.08295812354,0.1359635275,0.1066504604,0.1023323978,0.1027418956,0.0278632396,0.03179413172,0.06378841328,9.264148519,-0.06332073842,0.2288957763,0.2091399369,0.09452841569,1.70923895,0
cop_0191,855,0.2312137605,-0.03211734786,0.0001760950204,0.7438455128,1.305403918,0.4209919189,-0.4443237626,0.1443681182,-0.6115901216,-0.8999788924,7.193188535,-0.9481328423,0.6383002393,-0.5938387421,-0.9202306182,7.143478143,-0.02194262917,0.003066696928,-0.5971523822,0.3379174087,2.183464555,0.3502379594,-2.175632999,-1.690570569,-1.215770863,-3.790591581,1.384102089,1.221436702,0.05830790807,0.102100293,0.05784349481,0.1271447279,0.09174385582,0.01730644449,0.03506872208,0.08628314406,9.909885527,-0.03367268911,0.1456126377,0.1285298565,0.07599878852,3.819914701,1
cop_0191,856,0.2580745179,0.01644945885,-0.004886354322,0.4692331673,1.049137961,0.9864332565,-0.1518970485,0.229343117,-0.348936589,0.07242655483,1.869298787,-0.638332799,0.6244765126,-0.2087505588,0.03983495248,1.492529351,-0.03331481983,0.08652950787,-0.3214771336,0.1733746757,1.872504388,0.3105702465,-2.096805567,-2.166874745,-1.859144546,-3.210561822,1.323918976,1.216920686,0.07564843376,0.006187652658,0.03200373223,0.1067738258,0.06829111005,0.009885846731,0.02219282174,0.018606147,4.802659526,0.1094777141,0.08045017354,-0.08604522119,0.01361759785,25.69706729,0
cop_0191,857,0.2701971104,0.003265582097,0.0005546926247,0.5106552888,0.9777231237,0.4488414415,0.3794230487,-0.2224811076,-0.6693807925,0.5197822138,1.271637633,0.1129047286,0.2826564236,-0.8856687609,1.210092812,-0.6042676825,0.05431880747,0.004906374552,-0.6655098056,0.3463083382,2.094555288,0.1066424645,-1.869858562,-2.060715076,-1.287000547,-3.849240673,1.166836977,1.078387928,-0.0188707798,0.1016948795,-0.06059656373,0.1333858508,0.0846134915,-0.01974487827,0.04182105002,0.06996016595,6.969520785,-0.04130902324,0.143942457,0.1396936369,0.07235993257,3.918804671,0
cop_0191,858,0.2946299891,0.009225052251,-0.00340508937,0.3269440511,0.5916920667,0.5905858921,-0.175573771,0.2452985552,-0.5936172487,0.2537442671,1.201223162,-0.4058201238,0.6365579246,-0.7097995316,0.3436354262,0.8646133128,0.05581998124,-0.003702475519,-0.5036771373,0.4124113426,0.5210575505,0.1177769632,-1.698917816,-2.020794234,-1.306453239,-3.787303061,1.015036967,0.9328655037,0.1328002275,0.05964538054,0.04567907718,0.08657140648,0.06752938198,0.01649790416,0.03090415639,0.07561232768,6.894981688,-0.01797822415,0.1025194251,0.09346949538,0.05914380532,6.12367463,1
cop_0191,859,0.2657958212,-0.009850087318,8.041892232e-05,0.2838478557,0.6845183221,0.4906694403,-0.3569469861,0.07051002154,-0.5632772405,-1.247468187,6.555884159,-1.057569346,0.4278187836,-0.2849168363,-1.443533523,7.265023694,-0.01245867445,-0.003589467267,-0.5485497711,0.09626913648,1.605287679,0.176916954,-1.911806754,-1.787270616,-1.301374258,-3.984485374,1.266893502,1.037411754,-0.02291214132,0.03650984352,-0.05247971262,0.08066517516,0.0662913078,-0.01476978081,0.01985149902,0.07704472808,9.507314678,-0.01597988192,0.1082358826,0.103047945,0.06431263442,5.491743444,0
cop_0191,860,0.3144766014,-0.005268985397,-0.001981680849,0.5365453958,1.062998158,0.6168240566,0.1108125491,0.08474920333,-0.6874005681,-0.2352348347,2.611465279,-0.6232824736,0.6136820767,-0.4634776804,-0.5134349971,3.242273233,0.1104645207,0.01000457025,-0.5397395678,0.3278000363,0.6860229669,0.2106758202,-1.93304074,-2.004114296,-1.105248534,-3.689370005,1.1819363,1.197017883,0.01264556758,0.1031693448,0.02634703556,0.1042696392,0.09226615722,0.002074453237,0.02834614441,0.09432647038,8.655644766,-0.01300293441,0.07910361669,0.07338989046,0.04914968226,8.504252486,0
cop_0191,861,0.2973187137,0.02390505302,0.004021099181,0.5919290867,1.048521092,0.5766157253,0.1128145522,0.1639534109,-0.8817947515,0.0448653943,2.208644411,-0.3009168074,0.5106480383,-0.6971423359,0.1618060703,1.361929616,0.2078867033,0.01253510229,-0.6658179918,0.6006749017,-0.1590484158,0.1568365495,-1.812275902,-2.154187851,-1.228344301,-3.860136914,1.10797148,1.073651847,0.0629308239,0.09646841632,0.01912385166,0.1270055748,0.08501698119,0.001596442105,0.03113443312,0.08403736283,6.518667464,-0.01549618966,0.1234857885,0.1106579474,0.07009069845,4.928519929,1
cop_0191,862,0.2694433692,-0.006322030103,0.000154828717,0.2878498173,0.4385640862,0.2229493864,-0.1312840197,0.3148137126,-1.112332373,0.523781031,3.743274044,-0.1936438704,0.3684577378,-0.8770675395,0.8842862759,1.508730848,0.00146700253,0.01623485396,-0.8225223536,0.7143038871,2.155891791,0.3227786342,-1.533804467,-1.997916676,-1.466463102,-3.993920259,1.255641485,1.247988488,0.08132746521,0.1362769289,0.002064550405,0.2182631499,0.1017467002,0.0001829427427,0.05892834595,0.06330234791,7.932337717,-0.04569448479,0.209109388,0.1792526283,0.0941516414,2.144019625,0
cop_0191,863,0.3038511846,0.05239309674,-0.001232960468,0.7226723128,1.296892773,0.2579613766,0.01131222407,0.04719283386,-0.7831222374,0.6180756109,2.086601075,-0.2957848927,0.2250389477,-0.5852551779,0.7110212397,1.295568426,0.02062460443,0.02484085707,-0.8250609993,0.6221967492,2.195481151,0.2548952897,-1.855419553,-1.893158506,-1.17227185,-3.739939108,1.261719794,1.284436031,5.102746333e-06,0.1398466834,0.02766298048,0.1104837492,0.1039792492,0.006395425466,0.03353925699,0.07809898238,6.129938734,-0.03426338952,0.1974276688,0.1621359376,0.08652062719,2.51555692,0
cop_0191,864,0.2863514646,-0.07533528101,0.002234268049,0.6020283487,1.240340558,0.6628073856,0.3499757284,-0.08720374799,-0.756315957,0.1624890716,2.566140987,-0.2509900039,0.2494734987,-0.5672755966,0.05007121821,3.065374604,0.07044862087,0.01714917045,-0.5218657699,0.3677472803,1.535100716,0.1096732413,-1.701451388,-2.186072573,-1.393842245,-3.604651747,1.130292659,1.051436273,-0.009533651787,0.06951656176,0.04149396896,0.1315910804,0.0747992407,0.01111941668,0.0345305936,0.07268095977,4.904656679,-0.00312589908,0.1210264437,0.07774715102,0.069468777,5.736365748,1
cop_0191,865,0.2611783661,0.01506181047,0.0001339345522,0.5095921415,0.855919853,0.479736139,-0.1240119606,0.05616267773,-0.5876153562,0.04641230056,3.633397371,-0.5732703811,0.5760250523,-0.6792997333,0.1628211218,3.247196585,-0.02229948305,-0.0207602425,-0.5294308586,0.28945234,2.302571987,0.2434444098,-1.953656884,-1.8982627,-1.366800499,-3.86354848,1.25326858,1.148465946,0.09054375404,0.1022461802,0.1368141905,0.1798763037,0.0924805756,0.03852973507,0.04958366652,0.07167772781,7.739976368,-0.02968877879,0.1341777375,0.112787716,0.07041376104,4.48719119,0
cop_0191,866,0.2266724778,-0.05607378514,-0.0008851674478,0.3370204991,0.6857750977,0.3878576086,-0.2011921756,0.1640876667,-0.7934887997,-0.4632374708,4.514289611,-0.1729551116,0.2161469188,-0.6017908213,-0.2885978971,2.522920135,0.05043447872,0.01744240827,-0.6752129132,0.4676253999,0.7207490823,0.183466874,-1.09076785,-1.918655004,-1.290174418,-3.909534277,0.94369656,1.0585368,0.07109119103,0.1054101128,0.07387355488,0.07286186632,0.0865478131,0.02201694405,0.02134264069,0.07557018802,9.362454127,-0.01101258578,0.1677862316,0.1432707207,0.09076323519,2.934425862,1
cop_0191,867,0.2854816669,0.03433708707,-0.001195307693,0.6119131614,1.104514698,0.5578090532,0.0788869723,0.08959647425,-0.7610702303,-0.02307349969,2.170621364,-0.2836351551,0.4322629061,-0.6846113363,0.4187109879,0.7398084493,0.01785850128,0.04726660627,-0.5952473929,0.1458789483,1.369234333,0.1434165989,-1.888193996,-2.020340677,-1.212076874,-3.637041101,1.169684288,1.072266859,0.02172693937,0.0686362042,-0.03692772328,0.1259574327,0.07552166769,-0.01215775341,0.03461860593,0.08164995567,6.486815391,-0.01275656942,0.1116204252,0.1004428697,0.05898272956,5.630542518,0
cop_0191,868,0.2548516135,-0.03766045178,-0.001555271158,0.4864770447,1.02784277,0.3601241852,-0.3785621103,0.231217773,-0.744140175,-0.3376259959,4.541901189,-0.7384462443,0.5248319763,-0.6456956035,-0.2519215712,4.10262629,0.0697097281,0.01735384784,-0.7317977321,0.5282355362,0.8420029616,0.3487506845,-1.839300886,-1.65096849,-1.259755529,-3.807153664,1.367860679,1.176795336,0.07551603948,0.121766013,0.09533342748,0.1092846675,0.09548734621,0.02772084631,0.03223526382,0.07968202539,12.73904029,-0.02021721645,0.1594199222,0.1402548304,0.08122998691,3.308716728,1
cop_0191,869,0.2622822061,0.001206191604,0.001487501596,0.296734704,0.6033038624,0.6665060109,-0.1361537533,0.2614069247,-0.3583230773,0.948991623,-1.270251938,-0.4369460238,0.7291134976,-0.5406617152,0.563445567,-0.07846180596,0.02710195625,0.02264290847,-0.4800558234,0.1925589549,1.540612678,0.2030494704,-1.657364321,-1.867149776,-1.465006584,-3.756442915,1.095354531,1.048863736,0.1322958371,0.05263923313,0.06756411071,0.2203821026,0.06977289642,0.0234029021,0.07140320367,0.05920374501,9.034130746,-0.02341508118,0.0780421383,0.08481857631,0.04787584403,8.503672372,1
cop_0191,870,0.2717860633,0.04927846542,-5.869027287e-05,0.1956207893,0.3776311158,0.2744267901,-0.1742163146,-0.03166595272,-0.7673704701,0.01621100387,4.59998758,-0.6185736971,0.4946446471,-0.8187693852,0.1574262684,4.009861745,0.0358867365,-0.03551980105,-0.7610276199,0.5444037485,1.955092963,0.2976165569,-2.146504619,-1.732156134,-1.388117491,-3.983589511,1.308998985,1.133822554,0.0624782339,0.1178929439,0.02563639929,0.108936541,0.09407582689,0.006585475094,0.03270945664,0.06519416308,8.816616073,-0.0450120019,0.199378318,0.1803029069,0.08996706277,2.277923566,0
cop_0191,871,0.2580361432,0.01112558123,-0.0002552699285,0.5589342957,1.172972891,0.1095338681,0.2259278452,-0.2208227496,-0.9323767264,1.168023262,0.8866861322,-0.2950592251,-0.008641239055,-0.6553698596,1.441622232,0.08258262023,0.02563687956,-0.005479624299,-0.9402035499,0.775283546,1.723321661,0.2849039409,-1.925795315,-1.786015187,-1.418300866,-3.922448731,1.382108938,1.172230997,-0.03960780416,0.1187584205,0.03987538444,0.1785716448,0.09240603016,0.005950220935,0.04939611867,0.05916886907,7.30796182,-0.0593292985,0.2278355988,0.2198272781,0.09474560707,1.615346803,0
cop_0191,872,0.2555309609,-0.06297109616,-0.0002218037436,0.4999708982,0.9816671705,0.5672531148,0.1437503399,-0.008103291628,-0.6757582229,-0.003495613707,2.135702062,-0.4180642209,0.330267938,-0.6172616299,-0.1467015246,3.083266598,0.06249023267,-0.01654700353,-0.5645008097,0.1409130251,1.581657845,0.1849452424,-1.329417888,-2.020767651,-1.053950046,-3.601257692,1.301200682,1.152569263,-0.02985703211,0.05455643378,-0.02733490036,0.09645699147,0.07811130167,-0.007616720565,0.02693871621,0.09333214044,7.291495615,-0.03114611336,0.1283455114,0.1227001358,0.06376433497,4.612061939,0
cop_0191,873,0.2750891378,-0.03369153799,-0.001378015462,0.4391440544,0.8174656509,0.4605602591,0.08458343112,-0.1413493083,-0.6865984853,-0.5260242831,4.47660131,-0.1973819349,0.06512228661,-0.6646388939,0.3957657356,2.335997773,-0.07636113645,0.01081330967,-0.5331768262,0.1166216196,1.911798026,0.2010233171,-1.312747855,-2.126061159,-1.302100853,-3.988157813,1.409725171,1.106252365,-0.06441777232,0.1060250586,-0.09854690216,0.1127132773,0.09148337608,-0.03063866283,0.02601386188,0.07961663015,7.239883537,-0.01137931218,0.1229176082,0.1092419205,0.07801473581,4.618123452,0
cop_0191,874,0.3169822974,0.002725282281,0.0007380453474,0.2789679817,0.5608804138,0.368293134,0.04039604876,0.115004916,-0.975569242,0.002975537002,4.021194718,-0.1574358518,0.2923271539,-0.7427887075,0.2032618132,2.223595378,0.06382522487,-0.01966443157,-0.6841241714,0.5989527195,1.257699773,0.2493227686,-1.503765905,-2.185888098,-1.349712211,-3.915129402,1.140739699,1.166058199,0.08509205998,0.1179318103,0.08085151145,0.1309857227,0.09642264105,0.01870694574,0.03284167056,0.07148845915,6.08975965,-0.02520316856,0.1708940666,0.1418345154,0.08458713316,3.180295558,1
cop_0191,875,0.2856370915,0.07143220352,-0.001127151513,0.5813086401,1.043248461,0.5339017522,-0.1030723267,0.09828129553,-0.3557503106,1.042891601,-0.1825314171,-0.2441039626,0.6225067457,-0.7973371803,0.6595678714,1.257740324,0.06184262492,-0.03463828297,-0.560775242,0.3936824619,2.271027326,0.250895243,-1.860991307,-2.010664758,-1.512201359,-3.715366857,1.203198485,1.185258266,0.08204829724,0.1149813906,0.07163447127,0.2337418418,0.09285683061,0.02274892974,0.07246598134,0.05442385385,6.78644825,-0.02584164959,0.1156835586,0.09579858142,0.0602563865,5.733458508,1
cop_0191,876,0.2629846603,-0.02580676216,0.0002740685288,0.1746722248,0.35145336,0.346025156,-0.1006185271,-0.02735192763,-0.5158892022,0.9128501244,1.187065658,-0.8320362994,0.4886471813,-0.3440056328,0.9050985107,1.234591363,0.0339011374,-0.01439616967,-0.7012353517,0.6298216044,1.959190839,0.2668450684,-2.198208273,-1.779943816,-1.446533102,-3.956068039,1.335105032,1.153703518,-0.005399752066,0.109827688,0.03846875631,0.1756536211,0.09046518682,0.009203549484,0.05320247403,0.06195675507,8.015189591,-0.05788386006,0.1770382874,0.1730711,0.08385452077,2.758934882,0
cop_0191,877,0.3001114228,0.004933036864,-0.004157581081,0.6983719719,1.334802181,0.6653946362,-0.07368982484,0.1600753296,-0.6178275139,-0.336913394,2.853581945,-0.7328702001,0.667563399,-0.4544044427,-0.4496621334,3.122897665,-0.07946667723,-0.0006875156411,-0.3650557981,0.03817675553,1.285099494,0.09039614076,-2.161545697,-2.256163943,-1.230236223,-3.676767436,1.065617849,1.045568685,0.01614166198,0.05702471462,0.03558756923,0.1014550155,0.0712664063,0.007503604215,0.02375997388,0.08418130583,6.182533672,-0.01018840523,0.1059264441,0.09178801277,0.06116702695,6.183649122,0
cop_0191,878,0.2841729523,0.03001129991,0.001735825178,0.1255201435,0.1070041038,0.3002386769,-0.5691740936,0.2233295538,-0.503133438,0.3099346047,4.459792422,-1.473915519,0.7944387014,-0.1039619404,0.3495548669,4.244448221,-0.03386194791,0.04541326241,-0.7547982852,0.7063196093,2.494244818,0.2936283407,-1.986730038,-1.803191167,-1.514051478,-3.949033414,1.363872873,1.169559269,-0.02011818533,0.09186455904,-0.11520428,0.1493188769,0.0887572994,-0.03316424487,0.04060798011,0.05905032822,7.245529821,-0.06692958362,0.1953909505,0.1745919444,0.08461822886,2.476752067,0
cop_0191,879,0.2843044583,-0.05545872509,0.00180189681,0.6674910543,1.128785327,0.4596935201,0.3763373799,-0.1161168223,-0.8691821721,0.2816539664,1.798212807,-0.1526920004,0.1717095414,-0.6831601641,0.3205809617,1.855450148,0.2532235223,-0.03051324662,-0.7418080469,0.7009631643,0.04364239171,0.1362297672,-1.570108528,-2.079631591,-1.255977555,-3.778212235,1.183474472,1.098731296,-0.02822270054,0.1083971737,-0.021126503,0.1122668749,0.08896321477,-0.01111241362,0.03016087684,0.07721083122,6.271397996,-0.02507578816,0.1755256619,0.1458061522,0.08253119986,3.037122821,1
cop_0191,880,0.2790797227,0.005785505567,0.000944210179,0.4602417703,0.7295277501,0.3159295758,0.4174033128,-0.3153207665,-0.8755598744,0.2272236417,3.24130414,0.3836471973,-0.07311260865,-1.330411243,0.2602441246,4.373373775,0.02623935559,-0.03517263744,-0.701787031,0.491182012,1.823237627,0.1803144906,-1.688596746,-2.112979058,-1.348199816,-3.88282029,1.290465656,1.117389234,-0.006020714565,0.06879924813,0.0177201712,0.1710960658,0.07874683826,0.009422849491,0.04342280823,0.06807334903,8.817276952,-0.04529676609,0.1954153012,0.1754516885,0.08497122373,2.39922401,0
cop_0191,881,0.2600491414,-0.05593729869,-0.003224811562,0.4787250514,0.9851177624,0.6210287743,0.04648353405,0.09504736794,-0.7019396799,0.06787481075,1.752094192,-0.7918165528,0.5101381488,-0.3993593207,-0.4093638997,3.58571918,0.1294905229,0.06647152621,-0.6231706174,0.4906281944,-0.08229965754,0.2311934194,-1.906890415,-1.910950789,-1.215013206,-3.73777525,1.327844547,1.106052623,-0.05912326392,0.06096536666,-0.03516697943,0.1497496202,0.07605797438,-0.01042025163,0.03820127527,0.08717829185,5.774262186,-0.006042269548,0.1003249629,0.08644983698,0.06128892063,6.590941951,1
cop_0191,882,0.2724047993,-0.001646299866,0.002151928765,0.4425490775,0.7740071657,0.3044532704,0.2870483852,-0.09567877595,-0.8853293621,0.6684675685,1.879547586,0.04135378267,0.3280187914,-1.187368827,0.701421093,2.238915751,0.08462035766,0.01284063338,-0.7562113913,0.8722746677,0.8764095675,0.2500015334,-1.709450561,-2.035933845,-1.206757289,-3.691969205,1.333700298,1.253368894,0.009709530414,0.1153597698,0.0482183959,0.1425110322,0.09775113199,0.01720313934,0.03699546673,0.07737552092,13.90362604,-0.04796689152,0.1970458658,0.1708404115,0.08482175009,2.441916158,1
cop_0191,883,0.2821095764,0.02910418022,-6.779829506e-05,0.4772356449,0.7375152085,0.2306767766,0.05674454244,-0.08183965405,-0.8217318983,0.4992986296,2.906655946,-0.4899285078,0.4465005836,-0.8581626972,0.7181345014,2.427298369,-0.03181948155,0.01606857187,-0.7753985548,0.6708032192,1.798837327,0.4015254337,-1.938274112,-1.929703477,-1.189076976,-3.755701488,1.5431947,1.420557455,-0.00373294503,0.1453121362,0.0124364876,0.1719013682,0.1132908245,0.003496614094,0.04422410085,0.0778533326,8.298060969,-0.04710442932,0.2216868908,0.1897748514,0.08987605918,1.925636281,0
cop_0191,884,0.2728800344,-0.001503283069,0.0009507570668,0.1832962256,0.3223644557,0.4117238139,0.03885527015,0.1876462563,-0.8022510148,0.6778448735,1.806140895,-0.6110073122,0.5629945511,-0.4377694421,0.3209411283,2.211277737,0.001466277245,0.01378374879,-0.6413908375,0.5267549137,2.151431723,0.2544716543,-1.707766173,-1.996887032,-1.298570609,-3.76518869,1.202327509,1.238317556,0.01093131826,0.1045857117,0.02803576939,0.178453937,0.09303662863,0.003535257409,0.05321841521,0.06983465873,7.368846838,-0.04492295167,0.1554439204,0.1413547875,0.0754313313,3.578113872,0
cop_0191,885,0.3041183535,-0.01351186361,-0.0007551817746,0.4172606328,0.8148749819,0.6586540431,-0.04325299045,-0.007572200116,-0.4749360056,-0.4907519831,3.270915269,-0.5133271865,0.5902264968,-0.6119214983,-0.3120338895,2.698734512,0.02175381826,0.01352733016,-0.4466113654,0.1596293692,0.964849855,0.1805862027,-2.122633767,-1.966865263,-1.145233788,-3.57133198,1.193540304,1.137717191,0.05445233064,0.09972118524,0.07637082011,0.06393448474,0.08800529094,0.02177929144,0.01813058012,0.08987139122,11.52873546,-0.001460526433,0.08107350607,0.06272661305,0.04793566065,8.752546555,1
cop_0191,886,0.2908997225,0.0563450198,-0.001211215868,0.516116845,0.9667181545,0.4971009954,-0.3311103721,0.07960957077,-0.4541008396,-0.2790829842,4.593071088,-0.4747202616,0.2983225467,-0.4544058699,0.005055691537,3.510105935,-0.0379806093,-0.01574078845,-0.499664162,0.3256038669,2.012662221,0.2447667655,-1.728894007,-1.818337868,-1.41346582,-3.813138356,1.196531609,1.111145226,0.05512739764,0.1092799848,0.05735950142,0.1520905574,0.09101535988,0.01479046756,0.04179041632,0.06775308179,7.284537514,-0.02505879407,0.1493073512,0.118975866,0.07735659476,3.919246632,0
cop_0191,887,0.2624857286,-0.02511449843,-0.0006536193238,0.286184039,0.4990740182,0.2787336132,-0.3136969328,0.1672963879,-0.8698155005,-0.6427344909,6.559080655,-0.2189062356,0.4225599819,-0.9619473617,0.03450196771,3.397845118,-0.02894925398,-0.002198288384,-0.7095952454,0.4738773543,1.880905507,0.1687288087,-1.557784518,-2.327379996,-1.432474039,-3.978064198,1.067626329,1.077611239,0.07604704521,0.08913898272,0.02828095198,0.1394069664,0.08104430014,0.005731982787,0.03396718034,0.06989399042,8.576707085,-0.01805741609,0.1926710365,0.1522961166,0.09665976828,2.465526904,0
cop_0191,888,0.2636291607,-0.05264260294,-0.001124386317,0.4493493558,0.83660224,0.6841362795,0.0862450112,-0.1609548097,-0.5027719525,-0.5300025351,4.057261676,-0.156432245,0.3378165849,-0.8315930995,-0.3975444053,3.974027701,-0.09617961177,0.05503467377,-0.3779337456,0.08221550898,1.503392901,0.2244788437,-2.110789132,-2.030161197,-1.189625638,-3.805767247,1.266577321,1.142804536,0.001296860061,0.08249289604,0.02742467649,0.138855913,0.08370919842,0.007877916252,0.03501400017,0.08887868444,6.798282429,-0.01448753402,0.08924861644,0.08008756615,0.05401377696,7.524806558,0
cop_0191,889,0.2792421528,-0.001371630124,0.001087112393,0.6329232047,1.24784182,0.4392411086,0.06713056736,-0.1447315973,-0.6199097965,-0.008524086376,3.670991945,-0.4463346409,0.1839581289,-0.6550360162,-0.3511280166,5.519389449,-0.02483463966,-0.002034659093,-0.5623066482,0.3877574545,1.747859302,0.2307080137,-1.954595821,-1.926407553,-1.315177705,-3.818435855,1.315314626,1.172506726,0.004485380177,0.1062237987,0.0785913976,0.1569215629,0.09210672994,0.02461927999,0.04011079926,0.07252673512,10.00733044,-0.02773198013,0.159039279,0.1359205173,0.07964530608,3.532761385,0
cop_0191,890,0.283304484,-0.06671902953,0.001881998197,0.5376356623,1.141499037,0.456076398,-0.09381765358,-0.09127608666,-0.5965113735,-0.4768175058,5.648370439,-0.3453507359,0.1233927693,-0.7495539857,-0.6500815643,7.020185611,-0.07320310517,0.01877203284,-0.5369260748,0.240210214,2.544535577,0.3104044264,-1.578915384,-1.838140807,-1.302945849,-3.71394726,1.417195631,1.205017619,-0.02127567996,0.03969548963,0.04344263431,0.1436537964,0.07649553419,0.01121092036,0.03547202736,0.07978180546,7.312222153,-0.02312221232,0.1166895759,0.09689772878,0.0679730423,5.37807437,0
cop_0191,891,0.3040627237,-0.01041724399,0.0006146016756,0.6100713718,1.081680712,0.5168460994,0.1038963994,0.1520447586,-0.7338612312,0.5043593346,0.6930011881,-0.7739151897,0.728331327,-0.3907829564,0.434235212,0.6013269809,-0.03903952874,0.08199458648,-0.6018614437,0.2220220412,1.66203937,0.2114861863,-2.106784439,-2.019046457,-1.252266575,-3.735120319,1.20664054,1.181286855,0.01509564544,0.09445522746,0.02825307477,0.2093935446,0.089044339,0.0004626975727,0.06170455404,0.07461505818,5.596522792,-0.0246196733,0.1170421423,0.1152982303,0.06168568729,5.314511067,0
cop_0191,892,0.2872541728,0.0235566571,-0.004096382372,0.4175389836,0.8466126497,0.5503729013,-0.1802035884,0.3546100546,-0.8318903835,-0.1805988288,2.35846523,-0.5918648732,0.7987954635,-0.8006191745,-0.08552327577,1.93453604,0.1294506028,0.09814155137,-0.6987768139,0.4929237372,-0.3391082033,0.2261313883,-1.91855721,-2.126834792,-1.201286954,-3.687847983,1.199225669,1.109024261,0.08986443723,0.1194572093,0.01944071799,0.1400680157,0.09021879247,0.00448508875,0.03549726258,0.08845648694,8.356765568,-0.003791910733,0.1339975801,0.1189546201,0.07679019379,4.245813373,1
cop_0191,893,0.2496668706,-0.01110781605,0.001932941341,0.6065676475,1.235996361,0.5597204406,0.289055218,-0.1828200456,-0.5540336194,0.469377931,1.606199344,-0.1679135864,0.3848974924,-0.7618108121,0.4590015636,1.973234169,0.08323978081,-0.05292899385,-0.5499403388,0.2823824275,2.272708701,0.2478518871,-2.028036184,-1.853335715,-1.21553438,-3.537909299,1.305689471,1.209095798,0.01737320272,0.1030812736,0.07985337214,0.1699407017,0.09069302744,0.02686797023,0.05333834328,0.07672173346,6.00515783,-0.01161490749,0.09875199365,0.07693555788,0.05784977696,6.989961583,0
cop_0191,894,0.3259401691,0.01989045752,-0.0002472459051,0.3337179766,0.540861136,0.6254518175,0.02549785065,-0.1233305778,-0.2180587673,0.4688801096,0.6625090618,-0.6650692697,0.3682483661,-0.0951720101,0.2218441323,1.42452562,-0.06462443624,-0.02359716873,-0.3554680447,0.3042464648,1.612327649,0.129267349,-2.064013695,-1.921333043,-1.289774776,-3.67091213,1.139294932,1.120446936,-0.01437372134,0.0520854203,0.06496269206,0.1606314287,0.07191906917,0.018832921,0.05158366143,0.06786571896,5.825530508,-0.02367620081,0.09752837105,0.08667974639,0.05070758424,7.322253971,1
cop_0191,895,0.2620691849,0.01576579045,0.004394354638,0.3920915339,0.6723707026,0.4875239704,0.2523216037,0.01142267286,-0.8111041366,0.3777231518,1.686180855,0.1516375177,0.04203249529,-1.092449775,-0.3773223852,5.366858853,0.02046992474,0.1265411949,-0.592059163,0.8935980156,-0.3109005771,0.1513556907,-1.209323334,-2.101776884,-1.289966435,-3.7444445,1.345538087,1.085660197,-0.0604596961,0.1105323876,-0.05221140179,0.115216681,0.08910185637,-0.01018273781,0.03005564244,0.07478704284,8.113281549,-0.01142232144,0.1103973804,0.08686023212,0.06253791808,5.957215853,1
cop_0191,896,0.3063375441,0.04034081369,-0.000688875605,0.4243770595,0.8350118417,0.6095116245,-0.02334683376,0.03274457242,-0.7050552759,-0.629084834,4.20741899,-0.5859369449,0.6215647712,-0.7648786375,-0.8663547625,4.939499327,0.01203798041,-0.02951843329,-0.4599169486,0.0763719717,1.199830767,0.07194157797,-2.111705884,-1.760118455,-1.252038646,-3.94315434,1.051249294,0.9434416593,0.02954530434,0.08579379541,0.05179432947,0.08978253406,0.07601143367,0.01493672841,0.02294503831,0.07999797813,7.273841515,-0.0133734588,0.09119930545,0.09122996349,0.05670170965,7.014525772,0
cop_0191,897,0.2604979389,-0.04520225387,-0.0003733508314,0.6506149523,1.141513819,0.267744916,-0.04533385901,-0.06318220367,-0.7772936672,0.3210150142,3.679892785,-0.6014711799,0.06249285658,-0.4798811964,0.64085788,3.496589019,-0.06311779273,0.00930423256,-0.705560691,0.5593969938,2.232006928,0.4722129479,-1.228695589,-1.929384662,-1.26872063,-3.718753052,1.804608176,1.436798181,-0.06334475953,0.1630723859,-0.02717271383,0.1879162957,0.1221028936,-0.01154448921,0.05082888822,0.07794630905,8.137799955,-0.02807849713,0.1991102745,0.1558319395,0.09265396871,2.357943826,0
cop_0191,898,0.2820940836,0.05461394442,-0.002153107908,0.5327011373,0.9048669228,0.4301305576,-0.08910275246,0.1771346929,-0.6758552869,0.4802367908,1.840820608,-0.8400143476,0.7057907203,-0.4169859797,0.3876629012,1.68973753,0.07049625679,0.01094846661,-0.6192378839,0.7530921092,0.6295304792,0.1364880654,-2.146198839,-1.995668026,-1.375681474,-3.781931244,1.131683878,1.074774581,0.005442096469,0.08853370139,0.02485227784,0.1563655791,0.08107047186,0.004656862916,0.04486090031,0.06921091437,6.469648028,-0.0367943255,0.1489527049,0.135191266,0.07745702239,3.763109549,1
cop_0191,899,0.2557334508,-0.003124197857,0.002022908989,0.5143528916,0.9179613614,0.1887730927,-0.3445845685,0.2841308848,-0.8218294153,0.8518699781,0.7641305851,-0.4123105166,0.5023351374,-0.9645313219,0.7112360032,1.317439842,0.01611394732,-0.00736687723,-0.8429292232,0.6083631844,1.305022015,0.261646135,-1.533168489,-2.012606514,-1.299640963,-3.865523286,1.184385824,1.097426852,0.1154177686,0.1035820933,0.04483443658,0.1194638333,0.08287808306,0.01545254838,0.03593881551,0.06811275862,7.201113991,-0.061220145,0.1963258509,0.2100800946,0.08423030188,2.082716727,0
cop_0191,900,0.2898557223,0.01631769305,0.0002048462913,0.627006196,1.169468131,0.2639645642,-0.287751685,0.1953750493,-0.8773734056,-0.1850001025,3.945362544,-0.3670547861,0.2723903485,-0.6910457948,0.1181138339,2.295185893,0.002850525095,-0.06010674492,-0.7160352517,0.2621655176,1.690415933,0.201205757,-1.67467151,-1.961655911,-1.527061869,-4.037223583,1.098329236,1.030555294,0.1114656024,0.1027135072,0.02454017063,0.1523689476,0.08450138661,0.01094119575,0.04155775151,0.06073081334,8.130502261,-0.02745472281,0.1971950795,0.1771659008,0.09124182414,2.188886316,0
cop_0191,901,0.2539782705,0.009883488245,-0.0004186589451,0.3067249956,0.6239347594,0.41515081,-0.1095676016,0.2631777105,-0.9420163854,-0.1947364467,4.757591734,-0.3844069431,0.4692794479,-0.7470843237,-0.06289715704,3.778186445,0.07756211182,0.04900896987,-0.7029839837,0.6146526952,1.243356948,0.3018918959,-1.844985334,-1.989550853,-1.207468854,-3.83700381,1.272125848,1.23328514,0.06526321125,0.11440073,0.003422400086,0.1397653483,0.0975046446,-0.0008880312365,0.03557248509,0.08182565649,10.39110339,-0.02822255602,0.1400181462,0.1242202883,0.07572856587,4.087855193,0
cop_0191,902,0.2609551807,-0.04128370302,0.0005442827036,0.5523791755,1.093448081,0.1889122502,-0.2200922688,0.2735482856,-1.045347721,0.3299403944,4.189522332,-0.2226398883,0.3730423072,-0.8911292666,0.865705964,1.344591342,0.0441019689,0.01484148897,-0.8469202834,0.9191672506,1.189283892,0.3476097156,-1.378425249,-2.058285085,-1.277734087,-3.848826165,1.235127395,1.245347117,0.1044773315,0.148414044,0.0347485956,0.1488647282,0.1050530401,0.008472366232,0.03903076192,0.07437243753,8.370863719,-0.05451104926,0.2169214531,0.1921920338,0.09268821757,1.948042391,1
cop_0191,903,0.265751686,-0.05487607973,0.003497224362,0.186432767,0.3025555848,0.5307746434,-0.380036448,0.2461494305,-0.2645839744,0.6663132692,0.122295791,-0.7160171835,0.6905682481,-0.4621800736,0.4102577366,1.035274378,0.04444033107,0.0577917494,-0.6345987028,0.4061406596,1.543776095,0.2403401699,-1.853288373,-1.855339282,-1.257493,-3.544052278,1.204483277,1.112217182,0.1234392708,0.04972365386,0.1460461153,0.1290568409,0.07311478933,0.04451428161,0.04571505124,0.07264848571,5.361482165,-0.03456924259,0.1188115936,0.1189343321,0.06473995053,5.259803805,1
cop_0191,904,0.2685105665,-0.08083397669,0.0002864607351,0.6140145532,1.316400636,0.1739252669,0.148435594,-0.1116077135,-0.8825174673,1.12229911,1.690930015,-0.4447264095,0.2323671986,-0.6603059472,1.432030267,0.7735333896,0.0176457814,-0.00776172142,-0.8607524546,0.8551442714,2.160081081,0.3648208461,-1.79162004,-1.919931679,-1.365986566,-3.776119974,1.499597011,1.324323644,-0.03062152307,0.117322007,0.02891829033,0.2320624631,0.1001741812,0.004357710109,0.06245345516,0.06176016415,8.112073639,-0.05638357045,0.2149985406,0.1901279394,0.08995311048,2.004543066,0
cop_0191,905,0.3010499474,-0.002529206465,-0.001371582547,0.6958313024,1.215063901,0.3338009793,-0.1809478903,0.1497776275,-0.7280889522,0.5130818442,2.858922924,-0.6887670332,0.5622744198,-0.6360462299,0.3647042313,3.25208826,0.05055928557,0.02350334562,-0.7129967086,0.8649981164,1.049391497,0.3210952402,-1.90983364,-1.934002831,-1.299320858,-3.823251075,1.345627281,1.241993103,0.03590810224,0.1142623585,0.01351194143,0.1634591985,0.09801407406,0.00460078524,0.04189014992,0.07634145754,14.22942557,-0.04588041276,0.1813006572,0.1576849524,0.08632664682,2.790290976,1
cop_0191,906,0.2841633797,-0.07274413553,0.001534546049,0.5706876402,0.9962125744,0.6424186307,-0.2671993021,0.2497846722,-0.6399576918,-0.4708805812,2.488742692,-0.7856146538,0.6657221656,-0.5108242494,-0.4872998907,2.539721103,0.06403527418,0.04518140522,-0.5472877181,0.1637302025,-0.1321915841,0.1822224428,-1.991054471,-1.817961586,-1.237312523,-3.79956211,1.160986448,0.9912777878,0.0797617582,0.040344696,-0.03683707156,0.1274700205,0.06488854022,-0.00924572363,0.03563723839,0.08448861233,6.902434916,-0.01945894226,0.123505458,0.1325971726,0.0684959736,4.521024322,1
cop_0191,907,0.2829285007,0.02989881953,0.0007522577447,0.2853539259,0.4554751155,0.4222808027,-0.1434862032,0.1247389863,-0.4438676903,1.170298926,0.0594354198,-0.9151692266,0.7327273013,-0.3668271616,1.125369428,0.1912003245,0.03596989739,0.0125144193,-0.6744997033,0.5164754036,2.384216794,0.2539154271,-2.088655662,-1.849026049,-1.571064724,-3.77059752,1.312910114,1.181007519,0.06890164307,0.06889843227,0.1351474666,0.1697997273,0.07847844449,0.03975875509,0.05501978871,0.05278159149,6.560900004,-0.0360564979,0.1594999227,0.1326114416,0.07566030267,3.579209609,0
cop_0191,908,0.2686252843,-0.03103527992,-8.640005388e-05,0.1918242941,0.40115012,0.2170206287,-0.1655381247,-0.07377409799,-0.6485826749,0.5529116475,2.967456874,-0.3490140686,0.09069504476,-0.6404707124,1.478127263,0.533856246,-0.01092416725,0.01638208694,-0.8111337945,0.7068585344,1.873997929,0.3683897525,-1.416618909,-1.937193537,-1.388700109,-3.992131869,1.579516406,1.279086902,-0.03526878496,0.1265005945,-0.07137261954,0.1314549728,0.103076671,-0.02271241299,0.03591095032,0.06316913671,9.437103571,-0.03356938412,0.21305546,0.1773296187,0.09801234429,2.028133696,0
cop_0191,909,0.2896595813,0.03285802009,0.001641327692,0.2872244931,0.5333820424,0.5093309974,-0.1292043209,0.1759352503,-0.7694917536,-0.3193313798,4.265114554,-0.5965720949,0.5945795352,-0.7649633049,-0.2419219687,4.071858243,0.08000772857,0.07615573521,-0.6676613525,0.510146288,0.8228846337,0.1858823768,-2.027511127,-1.865672232,-1.296587328,-3.84708411,1.226478779,1.06663152,0.01501223502,0.06816693917,0.03867036873,0.1394808207,0.07630102742,0.009490036801,0.03495210257,0.07536470015,7.449301018,-0.02783755888,0.1192855765,0.1128047856,0.06481435002,5.182940474,1
cop_0191,910,0.2623528037,0.01427787745,-0.003685029007,0.8398704713,1.606622503,0.247646135,0.2385829619,-0.01366284458,-0.8717757304,1.359088716,0.09134594342,0.4903825482,0.07489618674,-1.393690101,1.760353704,0.09372718963,-0.04678988449,0.1386088696,-0.7203087408,1.536846912,-0.9136831384,0.2255025537,-1.602753177,-2.197027187,-1.453376564,-3.626812913,1.372893956,1.221974956,-0.004712153827,0.1363560827,-0.02191860777,0.1806771248,0.09885605975,-0.001408921659,0.04632870629,0.06360533925,4.760890301,-0.03112579672,0.215664117,0.160587389,0.09458038391,2.371970476,1
cop_0191,911,0.298851521,-0.01642233585,0.001248127451,0.6081741412,1.092929831,0.4198485478,-0.1495194987,0.1428326345,-0.8393549354,-0.7017551051,4.514525133,-0.5807542264,0.5634215719,-0.7721805729,-0.4247517167,3.405873682,0.09383343317,0.003473689445,-0.6980645364,0.2949414423,0.5804540412,0.2777938421,-2.026316389,-1.921474939,-1.139335791,-3.796249109,1.286442527,1.195399705,0.05449872133,0.08551359731,0.05029581512,0.1140271585,0.08829946683,0.0112914995,0.03140630276,0.09091883194,10.93436924,-0.01336836245,0.1498144037,0.1416627126,0.08173304295,3.424505175,1
cop_0191,912,0.2608339056,-0.0008879724274,0.003285901461,0.5667266597,0.9304573254,0.4057233905,-0.1539251253,0.7172313004,-1.339130624,0.1590661002,1.929646294,-0.1256360972,0.7157492277,-1.234625871,0.4886503412,0.4243537705,0.1822624602,0.1413877907,-0.8897598273,0.7297453682,-0.6664432883,0.2225263254,-1.583020406,-2.191115737,-1.214987569,-3.790147481,1.148550797,1.092986306,0.1356089738,0.09440074984,0.06500028307,0.1213049932,0.08290032161,0.01819084431,0.02978854566,0.0826576038,13.23994912,-0.01804657713,0.1589548317,0.1495261048,0.08043582957,3.212230667,1
cop_0191,913,0.2852059082,-0.001364837484,0.001940982229,0.3910093077,0.7826220638,0.3826257093,-0.07137771211,0.01263862171,-0.6835158101,0.05008707774,2.644136027,-0.5378392028,0.2719289876,-0.6091689265,-0.08214563649,3.548857421,0.08460998524,0.0528893427,-0.7223991652,0.6716091325,0.1488214195,0.263996821,-1.739178162,-1.781116043,-1.227460256,-3.79181547,1.390661471,1.144479316,-0.03767740412,0.103042133,-0.02381190644,0.1279241667,0.08864003247,-0.006102875134,0.03604080459,0.08293031857,11.53440834,-0.01800554798,0.1349133946,0.1214006926,0.07511148348,4.130317356,1
cop_0191,914,0.2640723118,-0.03445806191,-0.003074564298,0.5100980101,1.00425198,0.6420441893,0.3076033835,-0.1284506043,-0.7350248675,-0.1715388377,2.580574253,-0.2442596287,0.3318096862,-0.7456816649,-0.2023725409,2.985825492,0.08370042858,0.01218768768,-0.5108898246,0.315192764,0.5419719755,0.1099580846,-2.057673543,-2.016183566,-1.240603733,-3.743651099,1.169604247,1.014006214,-0.02878285687,0.07439743183,-0.01304818565,0.11007061,0.07485922176,-0.003602736703,0.0307231172,0.0810790177,6.705443212,-0.01311259564,0.08470637762,0.08094329256,0.05258194477,7.816310534,1
cop_0191,915,0.2491169029,-0.01560305249,-4.266929078e-05,0.3716898721,0.6217000144,0.2650787159,0.6215294695,-0.3871987141,-1.072751495,0.6065425648,1.27505002,0.4294723289,-0.2829979625,-1.064350775,0.8541203471,0.7547613387,0.04356139876,-0.02112070097,-0.8005444546,0.3205716707,1.820885158,0.3035705178,-1.343445648,-1.961348458,-1.223857693,-3.736439049,1.521582632,1.153075631,-0.1318387964,0.09892518619,-0.07819497319,0.1162407139,0.08615378262,-0.02549011985,0.03362297761,0.07535439874,7.759542467,-0.03210728382,0.1795172318,0.1715105064,0.08391018028,2.591365515,0
cop_0191,916,0.3076584835,0.08591900565,-0.0005745900178,0.5472734367,0.9175153884,0.2054550488,-0.03302700309,-0.1230241863,-0.531642673,0.8662254692,1.224258556,-0.5710081667,0.2718509604,-0.4114552712,0.9304316296,1.039658966,-0.02392761356,0.002079530186,-0.7453939813,0.9932205879,1.133580542,0.2414149283,-2.010306265,-1.775201229,-1.276017405,-3.793851562,1.302769756,1.290134337,-0.06868456379,0.1569120246,-0.003287182199,0.1362938881,0.1075387502,-0.004707489506,0.04288034317,0.06588236474,8.936655498,-0.05526323042,0.2265094951,0.1966618743,0.08808704068,1.878822747,1
cop_0191,917,0.2669475891,-0.01781285314,0.00101486641,0.54337038,0.9957031439,0.4855245845,-0.2487700873,0.3226796052,-0.8459879329,-0.4258482883,4.195889821,-0.692485833,0.6616528829,-0.6680107608,-0.5209582353,4.170154637,0.06523742245,0.06026892507,-0.6620009659,0.4131593508,0.6801006193,0.1788658367,-1.921723617,-2.058857025,-1.276183347,-3.886985932,1.152050246,1.075585325,0.07070604864,0.09796607621,-0.02751239736,0.1517085611,0.08428803933,-0.007018759285,0.03937983463,0.08230228995,11.60280028,-0.01529536625,0.137911825,0.1252843026,0.08082049176,3.968387835,1
cop_0191,918,0.2831080565,0.02556506008,-6.544344361e-05,0.5840889253,1.146325179,0.1716061305,-0.02924255319,0.1914993605,-1.02589575,0.7256024101,2.853848212,-0.518654478,0.388159445,-0.6746265302,0.3514895432,3.357301451,0.05132252785,0.01769944808,-0.8710445119,1.020776317,1.455654132,0.2644040278,-1.82099542,-2.134698274,-1.476015955,-3.921292792,1.220402961,1.250616349,0.03884812775,0.1587579171,0.06825390162,0.1455815668,0.1063544554,0.01676526953,0.03686894825,0.06229961857,9.259335283,-0.02702069755,0.2170134235,0.1643643832,0.1006997456,2.075956162,1
cop_0191,919,0.2645231045,-0.008782676482,-0.0009416403227,0.2809328401,0.5551113637,0.4723535458,0.02639372251,-0.1208948489,-0.6242192922,-0.5149192489,2.843493545,-0.4258130798,0.1759968384,-0.547067066,-0.4252784339,2.831000681,0.09550990244,-0.009060388755,-0.6254082542,0.241186693,0.05398178635,0.07893863502,-1.882805289,-1.973135049,-1.327876148,-3.930049008,1.149265996,0.9525524127,-0.05837075319,0.068847669,-0.04781152311,0.09128621502,0.07004744071,-0.01625887893,0.02430598492,0.07547978331,11.67817507,-0.008158150297,0.1344370225,0.1300542985,0.07615986776,3.971683596,1
cop_0191,920,0.2533967351,-0.01477585377,-0.0006600503876,0.4097062844,0.7547031582,0.3037852103,-0.4840134961,0.329502085,-0.8400255084,-0.2774543745,5.686188243,-0.7501424911,0.6091911676,-0.7297228163,-0.07641231576,4.582044859,0.03797725762,0.03812197428,-0.7737969218,0.7236605009,1.226926759,0.3320333146,-1.838379774,-1.823084259,-1.230826531,-3.821168059,1.326734532,1.222050087,0.09894288702,0.1350709609,0.009273855362,0.1423629055,0.1021021676,0.002925505874,0.03451367057,0.08305701188,12.78335493,-0.01510290041,0.2020246521,0.1547472968,0.1013316486,2.252142916,0
cop_0191,921,0.2904774402,0.03144254547,-0.0006797083594,0.3098246086,0.4863847954,0.08338006502,-0.0800957878,0.1553152584,-1.144190081,0.7230032735,4.473407996,-0.5108530726,0.2544244997,-0.6198792313,0.6364612926,3.162052311,-0.003435655157,-0.002995306143,-0.9289826177,1.162269878,2.062016606,0.3156388242,-1.525635299,-2.151966961,-1.397471465,-3.953929662,1.223157687,1.303777204,0.03493822203,0.1145041212,0.09269478793,0.1150808705,0.09869863661,0.02094371672,0.02742343382,0.06173494218,8.596737616,-0.04974573521,0.2679722779,0.2073437759,0.1031738162,1.384432133,0
cop_0191,922,0.2788555495,0.00702969624,0.001117628929,0.4491211698,0.8380980713,0.4925580322,0.05779701279,-0.009117495469,-0.6742522528,-0.06036481667,3.181447317,-0.06500944526,0.3591664793,-0.964332167,0.4438054281,1.988386674,-0.03825777277,0.01980243043,-0.5604691356,0.203633702,2.01050427,0.1798712782,-1.708502845,-2.036992296,-1.271096433,-3.747020821,1.25654936,1.137473516,0.03747895634,0.07447358318,-0.009355928323,0.1510574738,0.08209044195,-0.0002615603626,0.04084766482,0.07404678842,9.895272136,-0.03078416639,0.1284175785,0.1199332383,0.06429902482,4.74562215,1
cop_0191,923,0.2803765408,0.08545229281,-0.0008011424968,0.4924238323,0.817478067,0.3107909421,-0.2865969766,0.3192466021,-0.730079518,1.103100626,1.018466703,-0.4482738343,0.4761198202,-0.56951883,1.015488797,0.4290098973,0.005470762805,0.0392833268,-0.7733212906,0.6152533571,2.143129146,0.2964529316,-1.582430044,-1.887412548,-1.464708699,-3.949690583,1.199923615,1.141906904,0.1094922145,0.07256160984,0.03374393159,0.1984585286,0.08074009507,0.01145638554,0.05971830541,0.05912864033,7.110014717,-0.04634130386,0.1773211825,0.1632808949,0.08506331683,2.785649123,0
cop_0191,924,0.2729652391,-0.01013680262,-0.004097391847,0.4565739048,0.8863251095,0.6913931371,0.2955036204,0.1758175845,-0.9216410849,0.2880278632,0.7551872573,-0.09519292836,0.5586232488,-0.8775875007,0.5225814547,-0.06788042837,0.1558698503,0.03637461783,-0.5388432813,0.5306892768,-0.4251833175,0.1682749848,-2.10365385,-2.286146347,-1.221138845,-3.804536931,1.171059677,1.115324126,0.026468867,0.134519656,0.0298984341,0.1105078886,0.09788027287,0.004400133621,0.03014022671,0.08781798728,6.92700365,-0.006717734893,0.106817237,0.08883408186,0.06360030091,5.98584706,1
cop_0191,925,0.2583297954,0.007155967728,-0.001759197305,0.5469082226,0.9444494226,0.2798288376,-0.3381156933,0.09916698943,-0.6803757809,-0.04398591033,4.505710925,-0.9612519862,0.4339957312,-0.3476420284,-0.1874741127,4.396934064,0.03027108651,-0.008666526077,-0.7869289353,0.5369908369,1.967023242,0.3593636411,-1.68254557,-1.755218346,-1.279453754,-3.87790989,1.395123723,1.288393534,0.02510867376,0.1007421262,0.07489921104,0.162174756,0.09733655031,0.01680663889,0.04109534249,0.07671708654,6.436105615,-0.03945124586,0.2017227801,0.1691086693,0.08790507045,2.351664724,0
cop_0191,926,0.2985665983,0.06756570875,0.0007664733116,0.5296121452,1.020164181,0.5132878562,-0.2471215903,0.298509608,-0.7398996067,-0.2003420694,3.69425752,-0.5041423663,0.4900863693,-0.4786088629,-0.1262746445,2.666475341,0.02803275105,0.02667038207,-0.5714219325,0.3613043698,1.215415136,0.08630516709,-1.73936087,-1.903438666,-1.500510817,-3.882690076,1.000608482,0.9290793984,0.06681988146,0.05941930406,-0.03642214001,0.1417356549,0.06805849208,-0.01020368718,0.04089025177,0.06147374374,6.054474798,-0.02218199672,0.1095059256,0.1013390583,0.0621134445,5.728172217,1
cop_0191,927,0.2676807181,-0.0543261649,0.0004337104429,0.5820702016,0.9866085778,0.4561148578,-0.296181922,0.06795094587,-0.624934885,-0.8148431413,5.197148434,-1.135070809,0.5267996886,-0.3559893368,-1.166857988,6.712810531,0.02120904299,0.02342745946,-0.6209344813,0.2778376962,0.8769472985,0.2010629543,-1.682887095,-1.756047766,-1.279131387,-3.956037387,1.280413372,1.031638398,-0.03879647993,0.08188979162,-0.04347121189,0.09895680086,0.07919870181,-0.01228725034,0.02685011985,0.08003831818,8.807214415,-0.008027224442,0.1378877393,0.1203700686,0.075836964,4.007084324,1
cop_0191,928,0.2967268526,-0.01581173678,-0.001955499578,0.264364823,0.5033657855,0.5019202201,0.07047305969,-0.0393316615,-0.781373828,-0.4067360592,3.988017929,-0.3002898926,0.34713785,-0.9056701237,-0.5116446322,4.600181077,0.1940838983,0.01710290284,-0.7093978242,0.6024107102,-0.005102691843,0.1577906,-1.862378907,-1.879019708,-1.252639401,-3.91808659,1.218991841,1.028799787,-0.02189933508,0.09304062621,-0.004117052559,0.1086578976,0.07906397017,-0.002105508646,0.02689307057,0.08254806161,12.31440859,-0.01384571508,0.1186910038,0.1090341054,0.06863323048,4.980684564,1
cop_0191,929,0.2761469166,-0.02235108363,-0.0004993924187,0.6356956601,1.236061006,0.2202478124,0.1906835168,-0.1528152411,-0.8674985283,0.9245741011,2.239396312,-0.611834484,0.1749253512,-0.5409491564,1.122745553,2.285564415,0.002490362411,0.0119161744,-0.8206746895,0.7610130081,2.203524638,0.328444234,-1.477493925,-2.039622606,-1.466489379,-3.880065678,1.568079339,1.261154549,-0.06752196407,0.1391525448,-0.04118366813,0.186937894,0.1026363048,-0.01459402615,0.05151163474,0.05987717329,7.979010772,-0.04536877475,0.2008305128,0.17263512,0.0908289766,2.322241099,0
cop_0191,930,0.2873710936,0.04300713309,-0.001023748001,0.2946396572,0.6999172715,0.1741823327,-0.2096296922,0.1984251106,-0.909579829,0.4006112353,2.774808174,-0.5482156548,0.2813439159,-0.4506836606,0.5129532621,1.356929624,-0.02068900362,0.03927148719,-0.8683408074,0.5888405477,1.632745375,0.3497002308,-1.617378914,-1.957273415,-1.404029761,-3.97046785,1.271067519,1.315688998,0.03172471735,0.1447044598,0.08096579049,0.1269251024,0.1077588745,0.01803257388,0.03548233544,0.06010932249,7.209024597,-0.03723353511,0.2229820175,0.2006529881,0.09526322657,1.776747065,0
cop_0191,931,0.2837563712,0.03728636955,0.001728678521,0.3661603047,0.6318579492,0.6477590214,0.0395712717,0.03036091885,-0.5842565149,-0.215144567,3.10333629,-0.4977692118,0.6634794351,-0.7212370953,-0.1419300175,2.991226475,0.02409951391,0.08845924896,-0.5140739113,0.377019351,0.8776725672,0.1715181745,-2.321748262,-1.920972716,-1.146882038,-3.735913624,1.198253619,1.133849928,0.04280766922,0.09884814931,0.0500638508,0.05512971746,0.08823853994,0.01448290369,0.0112623336,0.08824203478,6.147821296,-0.01451547043,0.1098518056,0.09164728338,0.06277528345,5.933315162,1
cop_0191,932,0.256565839,-0.005945613501,-0.0002793847627,0.6683403416,1.120844292,0.1622316176,0.27236563,-0.2403481983,-0.9612462393,1.106991698,1.886888314,-0.04122247044,-0.1108512975,-0.8440201656,1.576601132,0.8475767203,0.02329474067,-0.007031923517,-0.8780242469,0.7712919732,2.160886081,0.4007569408,-1.507280857,-1.901965756,-1.388823998,-3.973334803,1.642071679,1.282311865,-0.1104971382,0.1358464942,-0.0309378769,0.1590821874,0.1020255691,-0.01317576235,0.04363332974,0.0638126263,8.774932771,-0.04989199532,0.2085901568,0.1881222117,0.09344290347,2.060843866,0
cop_0191,933,0.326679305,0.01217823554,0.001646465124,0.3871226885,0.6836493319,0.3876225041,0.09627274983,-0.05368114174,-0.8856408143,-0.125906618,4.394682621,-0.6335444378,0.2195217273,-0.6638891947,-0.3499362879,6.032010079,0.1278163555,0.01178304238,-0.7472291911,0.6911734103,0.7893073284,0.1705992152,-1.374029323,-1.974638092,-1.411423197,-3.92534837,1.337894862,1.036182405,-0.06775715822,0.0661071254,0.01116889719,0.1457018827,0.07692739358,0.002972332344,0.03717870583,0.06643362265,7.33980934,-0.03176200806,0.1570410221,0.1403733267,0.0809658593,3.4298673,1
cop_0191,934,0.2724411705,-0.018184153,0.001137067273,0.4227028718,0.9129207033,0.4503232344,-0.1641145625,0.2151437868,-0.5156192023,0.6580497796,0.4974956209,-0.9594335399,0.7941844642,-0.2242201083,0.609515623,0.02680928293,0.07594327804,-0.009101500718,-0.6648849003,0.3553641794,1.899621768,0.1207796379,-1.961152326,-1.90965927,-1.298690724,-3.805220606,1.091199977,1.083881324,-0.0120129522,0.06369350431,0.04777845664,0.1747651878,0.07382646607,0.007798718964,0.05453885899,0.06973875192,7.907221377,-0.04810609761,0.135874402,0.1396269198,0.06255513445,4.266524906,0
cop_0191,935,0.2971122824,0.04689948996,0.0002045909824,0.5730263825,0.9911206587,0.2395342841,0.08466680066,0.07883711665,-0.9558455244,0.8037689069,2.603327523,0.003432744929,0.1428636956,-0.6994688913,1.207345074,0.1650505293,-0.03588053841,0.007893821087,-0.762572219,0.7494925104,2.417170052,0.2490848618,-1.390743521,-2.171906516,-1.406084281,-4.001873067,1.138188076,1.233584913,0.01219109578,0.1191107247,0.03621184454,0.1516579134,0.09784159321,0.005094866276,0.04150783872,0.06379922983,7.785753607,-0.05100025402,0.2059661723,0.1747267165,0.09200261753,2.272432405,0
cop_0191,936,0.2820636751,0.02814687763,0.0005549054755,0.593887502,1.109899686,0.5132532339,0.3958344668,-0.1605948834,-0.8413641429,0.1297413591,2.974979385,0.6652771982,0.01752745764,-1.407629032,0.373667388,2.933840753,0.1840439308,0.004386898541,-0.6808903219,0.5774460993,0.9689639558,0.2064960136,-1.722935611,-2.230119323,-1.263334228,-3.786962216,1.262725234,1.162144163,-0.0004498152838,0.08065517813,0.05976059003,0.1484791571,0.08466343298,0.01980719877,0.03617573403,0.07718904396,8.977821389,-0.02547051946,0.1383199797,0.1131388353,0.06894785433,4.442766765,1
cop_0191,937,0.2453009991,-0.03166205577,5.124159783e-05,0.3434181531,0.4731653265,0.2963558874,-0.4355092079,0.2973719049,-0.8786217641,-0.3615218578,5.798878013,-0.5722459742,0.6272899455,-0.9258136936,-0.1081667988,4.3961791,0.01035985886,0.02897050777,-0.7540020284,0.5662648067,1.488543125,0.2258953307,-1.702856983,-1.94182878,-1.399045974,-3.94138454,1.152892905,1.062492179,0.1166031302,0.1145764877,0.008935887198,0.1208562962,0.08842843895,0.003420721078,0.0338357699,0.06912540919,10.81924173,-0.02827844294,0.1886410704,0.1586320102,0.09236749375,2.50270469,0
cop_0191,938,0.2518261174,-0.05350608539,-0.001160280335,0.08654249433,0.432685213,0.6559486174,-0.2298714416,0.1697761653,-0.5578748517,-0.629190882,2.884957983,-0.5840423816,0.415989569,-0.3941951629,-0.6921490857,2.886442804,0.02639936586,0.02701880947,-0.4780987198,0.08645104333,0.2529270548,0.1718302268,-1.812726021,-1.823976121,-1.172814087,-3.742088433,1.14836414,1.018974003,0.07391897246,0.03757629636,0.000889640377,0.110005291,0.06402961775,0.00413888699,0.03291417902,0.09188850904,12.18504828,-0.008721943108,0.09622218412,0.09598788539,0.05959152368,6.202537577,1
cop_0191,939,0.3086237934,0.02194844977,0.001274027693,0.6111009178,1.071666909,0.532838897,0.1716494624,0.0237259586,-0.8610448381,-0.6193427136,4.098408882,0.1365465101,0.1164990936,-0.5880573905,0.4847911298,-0.4932811057,0.2831946182,-0.08866806717,-0.6625821696,0.5216111861,0.01005433301,0.1980909537,-1.537899287,-1.867259636,-1.197932472,-3.881705498,1.11572229,1.131365927,0.0213612859,0.08976873486,0.02951951424,0.1164694563,0.08463456973,-0.0007974336616,0.03296315196,0.08488085979,11.88325198,-0.004526470909,0.09134731658,0.08633531633,0.05991508481,6.975934193,0
cop_0191,940,0.2982121362,-0.004857905179,0.001418930468,0.412152299,0.6599271713,0.5966877678,-0.3940511088,0.174182769,-0.04963098159,0.9060250529,-0.5792206984,-0.84525864,0.600414623,-0.04356811492,0.6171765042,0.1614415306,-0.1374750614,-0.02206159037,-0.2435186662,0.490497654,1.060770296,0.2292332706,-1.805086335,-1.852896246,-1.421824579,-3.621289189,1.204248192,1.135872398,0.06591539581,0.05755836562,0.07391240835,0.2106007389,0.07487951846,0.02256783903,0.06679611362,0.06197190394,6.49794193,-0.02460052752,0.1261622588,0.1030896244,0.06711323566,5.034944627,1
cop_0191,941,0.2961359957,0.03349328957,-0.0001843189681,0.1900709477,0.3825907595,0.0255555187,-0.273840112,-0.02549515863,-0.6669309773,1.433551001,1.361915231,-0.5232979179,-0.004383577465,-0.2185075181,1.013895953,0.9623416125,0.0349912881,-0.004221295466,-1.027170142,1.240383646,1.808981365,0.3834018035,-1.308227871,-1.638711311,-1.395436801,-3.904073734,1.287605904,1.378376195,-0.02892077675,0.1394069484,0.05877700889,0.1258209145,0.1070496949,0.008964649615,0.03979492142,0.05803931337,8.015421977,-0.06488226512,0.2732536995,0.2341773707,0.1038854957,1.173422801,0
cop_0191,942,0.2548693907,-0.09648163325,0.001048138188,0.2443970525,0.4397117538,0.1434321394,-0.07097096482,-0.07389975375,-0.7792068193,0.8581221236,2.037448013,-0.2980218298,-0.09358966765,-0.6120386382,1.001967038,2.006520994,0.07689663305,-0.02039104221,-0.8418937149,1.10852843,0.4315974561,0.4053201178,-1.238908104,-1.684073222,-1.365509998,-3.883930506,1.620825964,1.298528974,-0.0276389381,0.1498154268,-0.01860295647,0.1460984557,0.1057026723,-0.006316355607,0.04136032735,0.06437210037,6.281834017,-0.03113208084,0.2059990255,0.1761480987,0.09590311278,2.191306738,1
cop_0191,943,0.2794561382,-0.01811436857,0.002249508154,0.4807596227,0.871361602,0.5616274458,0.3877561098,-0.192189931,-0.6831955421,0.478976404,0.9728239746,0.1581767715,0.1195485815,-0.7538524862,0.8652465425,-0.2011762769,0.05181915693,0.01068792474,-0.5816972343,0.2785493414,1.54209886,0.2764614734,-1.739081924,-2.027057208,-1.23779893,-3.69963018,1.345823538,1.22744685,-0.01764257284,0.1039948844,-0.0192212997,0.1864365659,0.09309212849,-0.009945616388,0.05555422577,0.07644093678,6.320363781,-0.02066622151,0.12300151,0.111749543,0.06741782037,5.029309679,0
cop_0191,944,0.2813318258,0.028183299,0.0003888477946,0.6982425224,1.145567175,0.3189348414,0.03964644909,-0.09258458419,-0.7241808755,0.4220001426,1.830416217,-0.3934179667,0.2516576243,-0.6325599807,0.854239718,0.3471517583,0.05487913901,-0.02332234537,-0.7607780445,0.3089182341,1.902054615,0.3934214531,-1.89300065,-1.699007409,-1.264517794,-3.93891882,1.531519352,1.262051958,0.006631142244,0.1320059293,0.08394517177,0.14373051,0.1022128765,0.0207852975,0.04225327805,0.0741965157,8.309171398,-0.03783302039,0.1576893049,0.1566637902,0.07580855116,3.285118415,0
cop_0191,945,0.2766680277,0.01431230013,1.037891938e-05,0.3445752871,0.5013072551,0.3556923663,-0.05710090951,0.02775066886,-0.7738838939,-0.1088765213,4.062871863,-0.4623580834,0.4929286928,-0.8934106269,0.2520061787,3.347708902,-0.008840079192,0.0004047916735,-0.6639956592,0.381868926,1.940114096,0.2267899977,-2.028463367,-1.817183241,-1.250432215,-3.900488741,1.295276977,1.15281075,0.01946070363,0.1197103558,0.002584144243,0.1183142969,0.09463861377,0.001392057166,0.03393720008,0.07794403276,7.922180065,-0.03171417359,0.1578010478,0.1428422961,0.08016252377,3.357611231,0
cop_0191,946,0.2689332787,-0.04909315532,-0.0005059591801,0.2739896129,0.6550214602,0.4880114266,-0.3873282578,0.1575176156,-0.6031695255,-0.8503720563,6.373187176,-1.161007689,0.7322872449,-0.4372414715,-1.001131775,6.973896665,0.004056816602,0.03452964889,-0.5874250908,0.3430659935,1.496236024,0.1897220139,-1.973338038,-1.709646144,-1.247376454,-3.861750213,1.216300584,1.024740993,0.0238001432,0.0416263676,-0.002308286523,0.1285189437,0.0678386225,-0.001432476637,0.03502140866,0.08080417631,7.346226945,-0.0273279704,0.1234737696,0.1166185921,0.07036969007,4.762345434,1
cop_0191,947,0.2544276106,0.0488757708,0.001195720188,0.3723041418,0.7299498774,0.3630428216,-0.2788786889,0.1226012833,-0.7489249638,-0.5307050988,5.166753314,-0.382009593,0.4013199535,-0.8372140851,0.0275225473,3.153781315,0.1321879397,-0.01356822902,-0.7433212439,0.6328540825,0.5490656713,0.2591633309,-1.82381056,-1.861130144,-1.217272478,-3.720221012,1.228926435,1.087991106,0.1394782295,0.05859422574,0.07042911551,0.0745233004,0.07250839069,0.01918868954,0.02328679358,0.08078870703,7.289954099,-0.03145287561,0.1544957812,0.1466547266,0.07932042216,3.338463107,1
cop_0191,948,0.2964813448,0.04655027197,-0.0007644227715,0.4597031725,0.7946044936,0.3392605478,-0.01310719866,0.1366117945,-0.9064400088,0.1496619993,2.996495944,0.02232166486,0.3075355134,-0.9887445875,0.2991688659,1.935316463,-0.02479125472,0.03674747514,-0.7172758957,0.2954313088,2.002146551,0.313220246,-1.632884129,-2.053543408,-1.30397015,-3.84171902,1.243590239,1.235503087,0.0632296043,0.07733614214,0.07291312083,0.1537871632,0.08806972117,0.01829282094,0.04474186603,0.07174408083,7.316391473,-0.04477612498,0.1597036901,0.1605937255,0.07703586301,3.210069106,0
cop_0191,949,0.2775029746,0.008876776274,9.336296348e-05,0.747034165,1.334156945,0.3740117827,0.1004124177,0.1116764334,-0.8801719801,0.5546064746,2.411278754,-0.5590642846,0.6014181747,-0.6694876178,0.384759945,2.422631418,-0.01266477828,0.02618996442,-0.6766842277,0.6186734041,2.008894706,0.1849579935,-1.951016328,-2.210640712,-1.376145584,-3.850987829,1.15244105,1.170267958,0.03429155598,0.1446945593,0.07482917595,0.123285225,0.1025273906,0.01866707955,0.03100504708,0.06509400412,7.315191587,-0.01966436971,0.199791755,0.1429646645,0.09233096335,2.572357427,0
cop_0191,950,0.2614320008,0.02416797671,0.001387965446,0.4416720031,0.8005439669,0.2530630508,-0.1532918442,0.2965245521,-0.9594479342,0.9610416339,2.79144323,-0.3334869365,0.2861497467,-0.5704919153,0.8825921785,1.671430577,-0.01518568995,0.01131511424,-0.7731780568,0.9135851818,2.207214117,0.3840810718,-1.478738694,-1.926860997,-1.383581741,-3.725919344,1.303483825,1.349007284,0.06749813421,0.1379932637,0.0367456491,0.1966145003,0.1084996688,0.005261837102,0.05470243239,0.06293910481,6.766010039,-0.02577350859,0.2283166706,0.1641429501,0.1040093474,1.991400143,0
cop_0191,951,0.2584370174,-0.05911429411,0.00126265457,0.3526524171,0.6542205754,0.3622540059,-0.07867749141,0.2332176478,-0.8592667993,0.6005573979,2.312057947,-0.3442725619,0.3934472647,-0.5595108494,0.7186808644,0.9529039272,0.1078962447,0.00391258945,-0.7345875001,0.8166186084,1.037006719,0.2797256223,-1.469006826,-1.996970577,-1.388112774,-3.741552795,1.176536589,1.180811642,0.09332305719,0.1019891608,0.0447122237,0.2021272262,0.09138337694,0.01040028648,0.05686153501,0.06625288737,11.29828858,-0.03989348703,0.1734718181,0.1474866188,0.0812420565,3.026448986,1
cop_0191,952,0.296007871,-0.0391244309,0.0002147924588,0.7520108927,1.382609752,0.06505766561,-0.0812171728,-0.05782839632,-0.7642492901,1.051513138,2.024818784,-0.4079817287,0.1855680183,-0.5580881118,0.973395004,1.161366564,0.01032439847,0.01640068175,-0.9911692409,1.087349344,2.066280994,0.2328609465,-1.477446749,-1.742470392,-1.316784625,-3.864036667,1.169231943,1.262257424,0.02815242519,0.1079703047,0.1073072126,0.07585342326,0.09384136564,0.02360648684,0.02440860765,0.06206318902,7.236724307,-0.05152781259,0.2651674012,0.2114131009,0.09626664177,1.37242723,0
cop_0191,953,0.2686222636,-0.07544543675,3.884594595e-06,0.9091197541,1.599633976,0.6176643679,0.08987373141,0.1015295192,-0.6560130789,0.06214222137,1.423803674,-0.5107847141,0.4190995062,-0.2728742325,0.2740943652,0.4059287802,-0.03207863556,0.04044208472,-0.4750394997,0.1475200632,1.127919314,0.1181038182,-1.670804808,-2.065348189,-1.187364146,-3.615690435,1.045920696,1.087279822,0.01879739196,0.09813300815,0.08235196608,0.07747907428,0.08536576666,0.0163694153,0.02461925554,0.08623823377,8.058914715,-0.007613979936,0.1051199511,0.08947093281,0.0590774933,6.094727,0
cop_0191,954,0.2883445557,-0.005303996196,-0.0004899436839,0.3548090725,0.691241027,0.1467272256,-0.1370187184,0.33993226,-1.037789168,1.325220468,0.1895874911,-0.2388836916,0.4097859497,-0.9340845642,0.9284836308,0.9676158309,0.04634640081,0.04049712428,-0.9688598548,0.7948365945,1.738075524,0.2525834537,-1.549968352,-2.037956237,-1.395331907,-3.987790591,1.175374751,1.168269196,0.0844530156,0.1182731871,0.03337291714,0.1708569341,0.09186395001,0.008781218549,0.04975247637,0.05848385166,6.867874843,-0.05510966677,0.2198089704,0.212787712,0.09761584707,1.747795262,0
cop_0191,955,0.2801939829,0.00234097165,-0.000965615982,0.4340346918,0.6777479749,0.1660812976,-0.09063965558,0.05904381121,-0.8088425651,0.9808614793,1.969368424,-0.3489153993,0.2497824397,-0.6049140299,0.8057674858,1.491926508,0.04077493315,-0.02121020132,-0.8814906993,0.9847978724,1.824154591,0.3247228255,-1.565534096,-1.830238488,-1.289744206,-3.860536062,1.27382391,1.338271562,0.0144919126,0.1528768798,0.08033589682,0.1558046427,0.1115648241,0.01619728739,0.0420556853,0.06553633289,7.085185301,-0.0319936275,0.2535244544,0.1892675957,0.1017374673,1.577317726,0
cop_0191,956,0.2635837934,-0.02667301608,3.304766248e-05,0.3224002632,0.5756456345,0.2061596952,-0.2152394436,0.3156092673,-1.014031005,0.7541742527,2.235676535,-0.3278649067,0.5668735865,-1.025270977,0.9841463823,0.821883448,0.003532981812,0.006407454445,-0.8242843102,0.6902144753,1.673845503,0.2757419474,-1.705720297,-2.032971882,-1.375664745,-4.003082553,1.211154748,1.153335431,0.08586471582,0.09324510146,0.08619750373,0.1314757983,0.08748365125,0.0214603757,0.03679869366,0.06636359127,7.577657591,-0.05879822307,0.2140986586,0.2011045408,0.0904569522,1.907782066,0
cop_0191,957,0.2818992299,0.0195177206,-0.001549533759,0.8350923487,1.410546663,0.2370398434,-0.07638480738,0.1705058565,-0.8128886736,1.094410365,1.520092882,-0.5052593217,0.4492555814,-0.4736568239,1.246967814,-0.0646205896,0.05208427569,0.0387061931,-0.8806313632,0.820991013,2.250847684,0.3572056965,-1.52125211,-1.786186902,-1.37371265,-3.815869247,1.328560321,1.352620304,0.01747369625,0.1192887834,0.0194235705,0.2344255345,0.101850688,0.001114115046,0.06717646436,0.06303581486,6.325374178,-0.06861602383,0.200004049,0.1887601943,0.08457280452,2.370799181,0
cop_0191,958,0.2976837016,0.02411524648,0.0003908921485,0.3052668002,0.6270594258,0.2818803363,-0.2774561554,0.3915262503,-0.9937405059,0.1480148176,4.164925974,-0.6151602567,0.5455494744,-0.5592285797,0.5505660009,1.619329521,-0.04454312778,0.04039188231,-0.7393585259,0.5891588958,1.826088705,0.2782934044,-1.830664608,-2.126566626,-1.415513839,-3.935535183,1.230675516,1.224931473,0.04694130861,0.1162891709,0.02090323813,0.1440608382,0.09593010461,0.003465059175,0.04025158112,0.06359315231,7.973512446,-0.05051875681,0.2094733335,0.186814884,0.08840781865,2.155799221,0
cop_0191,959,0.2771434045,-0.008955661967,0.0007316826178,0.5286715693,0.9641417864,0.3569072435,-0.1304508785,0.1511913053,-0.8210950111,0.02457785641,4.085195179,-0.4710370023,0.534811785,-0.864129303,0.08513190364,3.814200545,0.02169123397,-0.001197111354,-0.7031306977,0.4757674623,2.084880912,0.2046433476,-2.034094404,-2.116900599,-1.379431229,-4.056059496,1.191820213,1.14082449,0.0387028951,0.1203505401,0.05564689453,0.1544973716,0.09527156435,0.01666434787,0.03973139206,0.07048163658,8.914324514,-0.02358430782,0.1666644845,0.1319777481,0.08461349889,3.223368481,0
cop_0191,960,0.2755577093,0.01820233357,0.001521043957,0.7452565009,1.289905574,0.6311012705,0.2235628891,-0.103192081,-0.6830859303,-0.2998886999,2.522093144,-0.03550080487,0.1972667731,-0.7884724982,0.02891223896,1.833204559,-0.02750286287,0.01917989652,-0.4531399365,0.04819701414,1.067735185,0.2095815932,-1.660793911,-2.113090344,-1.190544226,-3.674526559,1.312013628,1.130339869,-0.03280945913,0.06461668119,-0.04544075164,0.1282350159,0.08006507242,-0.01309023635,0.03271532627,0.08768579684,8.053089398,-0.002058886974,0.09106217832,0.07849540204,0.05598379671,7.170251849,0
cop_0191,961,0.2753400224,-0.0182682591,-0.001069837466,0.09663712817,0.08101354853,0.4296640987,-0.2167401459,0.1248051181,-0.7278815044,-0.4738410264,5.62489869,-0.3124636537,0.5121794765,-0.7838076962,0.3385648864,2.00258262,-0.018854891,-0.01805863943,-0.5724080893,0.383983571,2.027150384,0.2079535896,-1.737763267,-2.061860122,-1.32635194,-3.934917267,1.12181885,1.10799287,0.08930255446,0.103276515,0.08236936252,0.1176987689,0.08901728771,0.02041807668,0.0314591206,0.07332931123,8.764155219,-0.02525950882,0.1542563953,0.1314918399,0.08323419777,3.590251664,0
cop_0191,962,0.2574680557,-0.009286001319,0.003635716993,0.580008663,1.099652776,0.3833847861,0.3174291997,-0.1133889916,-0.9290795298,0.4012436743,1.933494733,-0.03644285065,0.08386671182,-0.8168102548,0.5102780954,1.762363122,0.3868236367,-0.03655182407,-0.9228174851,0.9759714479,-0.4835723622,0.2201095674,-1.858808258,-2.023636973,-1.335000378,-3.748255727,1.302127918,1.136727645,-0.04139096049,0.1099178032,-0.02763493563,0.1749052125,0.09010721282,-0.01063979574,0.04591500133,0.07519835842,6.977230943,-0.01842487716,0.1734417411,0.143262978,0.08934485031,2.942741795,1
cop_0191,963,0.2696044828,-0.03114302607,5.562994349e-05,0.4425851126,0.8669431019,0.513736425,-0.004830157469,0.0353769737,-0.7063754257,-0.2335303071,3.625710709,-0.4968046615,0.5034180889,-0.7076142911,-0.0607231922,3.201197481,0.08809921769,0.02312848824,-0.6195510166,0.4224418144,0.9109773752,0.2268831848,-2.035863907,-1.963423907,-1.277956319,-3.843963601,1.270287957,1.139886216,0.01456414272,0.111642363,0.01154310859,0.1630873188,0.09239739465,0.0009958093991,0.04304028944,0.07904748319,7.910006822,-0.01983644449,0.1268098377,0.1125204943,0.06973756166,4.75682703,1
cop_0191,964,0.2747237969,-0.005169793116,0.002534605684,0.6802460066,1.109635242,0.4067702479,0.2145696066,0.09606482149,-0.9669054196,0.3442040274,1.602487185,0.008625075563,0.2757545652,-0.7794097969,0.3748646134,0.7235457244,0.1673410821,-0.008880908858,-0.7510660001,0.6091647325,0.4250890365,0.1710643672,-1.419104256,-2.19361321,-1.267971141,-3.713435565,1.059858614,1.124057992,0.03593116588,0.1289723015,0.08051571706,0.08981140188,0.09626807304,0.01999940383,0.02430471902,0.07937309021,14.65928523,-0.01123432729,0.173564433,0.138591225,0.08963327091,2.888007418,1
cop_0191,965,0.3128492232,-0.0223651224,-0.006346694362,0.7229589153,1.34383493,0.7863250982,0.1195475168,0.0463122795,-0.5645632577,-0.1292817334,2.256942688,-0.2618429123,0.4255844213,-0.6039643008,-0.1874196336,2.477994601,-0.01467355502,-0.00108770599,-0.3644106202,0.09131229324,1.429121569,0.2328497504,-1.724089598,-1.976089525,-1.115864988,-3.340200883,1.240160609,1.234027788,0.04173544153,0.1255184982,0.09440520135,0.1262205049,0.1002066792,0.02656281953,0.03201201907,0.09029502142,6.123520109,0.007929755916,0.1224172789,0.07813122584,0.06750353958,5.576209859,0
cop_0191,966,0.247380929,-0.04237605734,0.00112754788,0.4039482429,0.6940436483,0.4730752125,-0.1708736953,0.1959057035,-0.7434758418,-0.2622312846,5.115672866,-0.5136223948,0.408365917,-0.4149707915,-0.02081992436,3.149395993,-0.04761948163,0.0003602461348,-0.5492867919,0.3048231104,2.616058237,0.1763649823,-1.35671877,-2.162907784,-1.281114573,-3.747472911,1.046755798,1.088695137,0.09959366001,0.06815963523,0.111253011,0.1704873574,0.07783221864,0.02806481151,0.04743121262,0.07588929799,6.066434575,-0.03178289347,0.1307894933,0.1129804829,0.07276101077,4.708292336,1
cop_0191,967,0.3144920345,-0.0324325641,0.001010844758,0.765682662,1.458901126,0.5247496261,0.04120996985,0.09810047138,-0.7122210276,0.08152348364,3.434418724,-0.7127871587,0.5448496176,-0.2231723071,0.4240981941,1.503162164,-0.005818472078,-0.01642300472,-0.5238349285,0.3535345951,2.3611757,0.2448768495,-1.827653186,-2.082823071,-1.236679374,-3.766016022,1.213366295,1.242331227,0.008017958173,0.1105374447,-0.009326917991,0.1381388292,0.0969235373,-0.007522881765,0.03852753617,0.07843414433,7.113868783,-0.03597923983,0.1380336102,0.1160955179,0.06821344175,4.493525352,0
cop_0191,968,0.2581774571,-0.04723133186,0.001292631547,0.5387074511,1.05070365,0.1673346981,0.04315301209,0.1600329178,-1.068698313,1.036188931,2.065755896,-0.6184308841,0.1970186472,-0.2578963988,0.8143329158,1.27289913,0.0965532427,-0.008303874772,-0.8782322216,1.202716461,0.8263404603,0.3505377844,-1.455055131,-2.136736822,-1.361655517,-3.728867568,1.283991258,1.324180177,0.05173285279,0.1280773308,0.1048730851,0.1884917478,0.1042406592,0.02417664229,0.04932088688,0.06446853087,10.74704821,-0.05760049056,0.2365510974,0.1990723035,0.09334327675,1.700376512,1
cop_0191,969,0.2860871366,-0.03341022318,0.0003596702143,0.2130378877,0.417893375,0.4353798206,0.05253727258,-0.08806191181,-0.7142786377,-0.3624138178,4.323478874,-0.1951526852,0.1056491002,-0.8503100628,-0.4115310858,5.279228906,-0.03348928728,-0.004325107709,-0.5553389065,0.2813598361,1.667792558,0.20531973,-1.447527871,-1.984533135,-1.236369378,-3.913870843,1.343847269,1.12011462,-0.0205983984,0.08769892435,-0.05682373329,0.1341910391,0.08528552211,-0.01357453403,0.03331784476,0.08073529166,8.67137273,-0.03276104366,0.1302780052,0.1295851337,0.07239280501,4.329589133,0
cop_0191,970,0.2771460478,-0.03358756946,-0.001815115751,0.4307003688,0.8296187975,0.3976718047,0.1482398054,-0.09299419613,-0.6865304721,0.4174001764,1.91955889,-0.2995117762,0.280397689,-0.7764681347,0.2080742124,3.103923398,-0.03034415761,0.07733051442,-0.6008453867,0.683102835,0.5971251362,0.2616857099,-1.86760579,-1.962230237,-1.301394533,-3.655384835,1.351123952,1.197554982,-0.02197093891,0.1027840382,0.02803834028,0.1945563391,0.09139564627,0.01162300562,0.05195549285,0.07617843151,6.1306598,-0.02550796559,0.1465264338,0.1254718421,0.07620397864,3.958909478,1
cop_0191,971,0.2956031554,-0.03413801901,0.001823839951,0.5249826692,0.9297160652,0.5598936391,-0.2549343048,0.06643657671,-0.4511153845,-0.3731658194,3.954306641,-0.9453863065,0.4741859189,-0.12653357,-0.1499679877,3.139311886,-0.06433196089,0.007113710253,-0.4510571381,0.1076512685,1.97433753,0.2715536673,-1.781022366,-1.972229183,-1.288704548,-3.771635843,1.331826233,1.155607635,0.02139242513,0.08894930337,0.0009151150155,0.1582176891,0.08641243318,-0.004170597484,0.04316456806,0.0802768768,8.672592904,-0.01184272925,0.1039804951,0.08565241156,0.06239057059,6.153431098,0
cop_0191,972,0.2836590446,-0.001863528116,0.00172131291,0.5434060968,0.8790014363,0.3036582503,0.1794772663,-0.1791165616,-0.8710399584,0.187773443,2.826435402,-0.3862589524,0.09750874429,-0.6834959394,-0.02577305753,3.782093416,0.1776736782,0.005310413782,-0.8528322054,0.7946084051,0.07586147765,0.3257866283,-1.966304047,-1.829664981,-1.257635995,-3.739411162,1.450032534,1.185849203,-0.06132526464,0.1113356376,0.01418518934,0.166830411,0.09541269958,0.001327493849,0.0435671586,0.07774773313,7.806258033,-0.02413078091,0.1763421435,0.1594665743,0.09087959599,2.701200668,1
cop_0191,973,0.2971093045,-0.02720177603,-0.00201226156,0.3637522158,0.8007151577,0.514463988,-0.08393081087,0.3183004031,-0.6508542306,0.9246331782,-0.470825388,-0.5922418271,0.5331921159,-0.3760988574,0.3581611371,1.116133705,0.04277925204,0.03134677242,-0.6302345106,0.339918627,1.763344914,0.2802524217,-1.68987119,-1.817274842,-1.364307057,-3.710837992,1.238052745,1.190705866,0.1076148912,0.1018964941,0.0945812994,0.236321617,0.08589002554,0.03045920342,0.07420151746,0.06398140019,5.859140557,-0.0255184762,0.1210892594,0.1197786034,0.06600305504,5.058115181,0
cop_0191,974,0.256636852,-0.09022038826,0.002427610802,0.3812905088,0.6155934739,0.8686459003,-0.06322009835,0.01634579045,-0.1255050212,0.3710129276,0.4108497462,-1.054318869,0.6958308623,0.1502349235,0.4602088874,0.1753942781,-0.01947940223,-0.02465663362,-0.2313828839,0.1448354639,1.479615294,0.1624666914,-2.098849371,-2.038235179,-1.56704526,-3.597492611,1.236131972,1.082905935,-0.02314211177,0.05253728059,-0.02650798868,0.2175405443,0.06945752345,-0.01016330893,0.0682078313,0.05587646771,6.337386755,-0.002147896174,0.02112903448,0.01740032006,0.01506310444,38.34612628,0
cop_0191,975,0.2688102947,-0.03461058194,-0.0002611136597,0.1782935538,0.2726492556,0.433646981,0.4589402523,-0.2894690956,-0.6568611155,1.071964146,0.3765241489,-0.1110551729,0.1472927254,-0.601183805,1.114584157,0.563253483,0.07934912226,0.001157994916,-0.6891786068,0.5545828498,2.098864179,0.3184578888,-1.931302698,-1.830544543,-1.41935554,-3.7259707,1.451585217,1.274978846,-0.05880405668,0.1076302872,-0.06658559455,0.2297078636,0.09351479877,-0.02240711974,0.07152062448,0.06206819624,6.450227692,-0.05073621687,0.1553756632,0.1530657473,0.07809001205,3.525706618,0
cop_0191,976,0.2874590742,-0.02570485436,-0.0008826291286,-0.01102933131,0.05791652582,0.3491230501,-0.1684215958,-0.01642385942,-0.6999832065,-0.193164389,4.202205666,-0.6491001681,0.4527737114,-0.6643768532,0.06228648343,3.307227826,-0.03142794686,0.01105010807,-0.6578293523,0.4089225819,1.395922126,0.2073760482,-1.875092363,-1.810855643,-1.312704727,-3.870775061,1.227263982,1.089703872,0.01447612164,0.1049281352,-0.01399583043,0.1451649827,0.08822411594,-0.007570764781,0.03774585534,0.07328319111,7.737465559,-0.02887557769,0.1960534205,0.1703008475,0.0915338486,2.326562241,0
cop_0191,977,0.289772102,-0.01133595678,-0.001257849915,0.6940911689,1.304823796,0.3588009251,-0.2736591335,0.3285610586,-0.858168333,0.1052493485,4.482510771,-0.6543596851,0.6013103619,-0.6561865147,0.07725190718,4.010046103,-0.04782659683,-0.02282612548,-0.6054652718,0.4983700344,2.455268069,0.2511349077,-1.712593288,-2.133106169,-1.368189367,-3.998137644,1.187660307,1.172017427,0.07656518017,0.1389853224,0.06580116841,0.1139588273,0.1010577195,0.01637765725,0.03108077976,0.06875860854,9.714327416,-0.0410864569,0.1659210143,0.1434989521,0.08100142126,3.267738864,1
cop_0191,978,0.2951214033,0.01272043713,0.001445786344,0.2912586904,0.4218448199,0.3909140529,-0.04181361166,0.2770354288,-0.9629443076,0.2161490263,3.951541126,-0.4362875602,0.7163763781,-0.9654071594,-0.04092420111,4.296522192,0.07297291528,0.04652290183,-0.7909440393,0.5028774386,2.567419937,0.2103742132,-1.7047704,-2.02110285,-1.328911012,-3.850456973,1.139991456,1.152356041,0.06080054161,0.1081899184,0.05034003484,0.1413904413,0.09090161874,0.01464703971,0.04167503293,0.06860493298,7.000032986,-0.03687798814,0.1679200116,0.1346325203,0.07886505857,3.387913231,0
cop_0191,979,0.2382973907,-0.02778174377,-0.0002719778072,0.2894428977,0.3083643786,0.3215250383,-0.2753206609,0.1417735257,-0.6598845423,0.1952537696,4.324443869,-0.2197255887,0.2367811818,-0.5559668195,0.5447344481,1.73204656,-0.07606821161,0.008192350663,-0.635460742,0.6223442008,2.417852728,0.2928058428,-1.299208871,-2.069227478,-1.392804581,-3.785018818,1.140346446,1.225765291,0.08401383817,0.0854644315,0.095803168,0.1713871275,0.09072049599,0.02271832649,0.04480453755,0.06616961534,6.612073395,-0.03514398988,0.1947645067,0.1456003375,0.08363104572,2.746866321,0
cop_0191,980,0.2942416645,-0.01255061795,0.002312985201,0.7220171896,1.17493002,0.5921081692,-0.0669801884,0.2622017596,-0.8212218025,-0.412886071,2.466690707,-0.2117811337,0.4035691543,-0.6528803408,-0.09005962603,0.9483196069,0.08850726605,0.0297626705,-0.5868770106,0.1732684904,0.1831085789,0.2071026562,-1.511641272,-2.171510061,-1.203616514,-3.660199816,1.097389231,1.079202924,0.1109173746,0.03128495482,0.05714860866,0.1410780807,0.06698011344,0.01412411726,0.03646196351,0.08913603154,13.69683524,-0.00756923588,0.1069586998,0.09992166637,0.05959359329,5.713675444,1
cop_0191,981,0.2908818352,0.01657919602,-0.0007651636493,0.4430969486,0.8286599063,0.3522976184,-0.2763088175,0.1406139892,-0.5865069758,0.2636787012,2.552907785,-0.6984404813,0.4860915404,-0.499946741,0.2137607468,2.528746571,-0.03738556461,0.01046015271,-0.6611919027,0.4274175783,1.803995241,0.2305642476,-2.213445254,-1.985894519,-1.298139,-3.819715162,1.247543584,1.195509871,0.03098718853,0.1227358022,0.04908173786,0.163859419,0.09751023009,0.01214046486,0.04477808292,0.07165864004,6.995623491,-0.03282565706,0.1870254166,0.1600853044,0.08425420453,2.639348424,0
cop_0191,982,0.293388723,0.007070107797,-6.688100107e-05,0.4989874625,0.9201134893,0.4302698489,-0.2959744803,0.3001867621,-0.8920760384,-0.9534588527,5.768315494,-0.6494548133,0.5397989008,-0.6274506321,-0.5406041219,4.01063698,0.04955392304,0.02143232318,-0.6605504944,0.2900475474,0.8529197738,0.1257257883,-1.812730381,-2.049326004,-1.348801731,-3.987167782,1.08786812,1.003509125,0.07838043659,0.04568112453,-0.003504458842,0.1508069256,0.06943463148,-0.002987545242,0.03669053901,0.07360136005,9.825471486,-0.01119275245,0.1376951128,0.1255455346,0.07622784807,3.973937911,1
cop_0191,983,0.2675092714,0.02227776962,-0.002383818933,0.3255072758,0.641101359,0.8343824626,-0.05854642656,0.1885033675,-0.5554733976,-0.1020244368,0.9342063891,-0.6624314503,0.8161458945,-0.5522354292,-0.2488198181,1.310451208,0.07742382328,0.04824742015,-0.4338926345,0.1842728114,-0.3545885189,0.167158198,-2.086187364,-1.942975915,-1.174423021,-3.646398353,1.145685274,1.03947085,0.05022083316,0.02736913884,-0.02904555456,0.1194622568,0.06239203117,-0.01309303585,0.03163914672,0.09181261329,6.848763186,-0.01052621669,0.09075809607,0.09043346127,0.0555712567,7.066912371,1
cop_0191,984,0.2982807735,-0.02159440132,-0.0003360070576,0.3798767947,0.7511945769,0.3142368174,0.1775828806,-0.1297379364,-0.7371164262,0.7093917393,1.087116377,-0.196527212,0.033659605,-0.6264088768,1.123159145,0.3436791922,0.007834749758,0.002758800024,-0.7391429405,0.3726477282,2.161023517,0.1649494493,-1.444458681,-1.822293499,-1.239529511,-3.816535393,1.317264124,1.049869204,-0.1122385321,0.09146833984,-0.08060681868,0.1105263395,0.07915501506,-0.02558016119,0.03771057825,0.06870912161,9.83727628,-0.01693569886,0.1667042799,0.1413552108,0.07803055586,3.211937059,0
cop_0191,985,0.3066050371,0.01807831722,-0.0009907756283,0.4660042649,0.8157308805,0.4722653209,-0.2177551447,0.1111928976,-0.47931221,0.3261006153,1.887974774,-1.15144689,0.5027375624,-0.04194937147,0.1754783652,2.685043748,0.008609849144,0.0741749842,-0.5726312813,0.6892606455,0.2983901142,0.1955315371,-1.830245522,-1.998979099,-1.368479871,-3.832283733,1.326353185,1.060122136,-0.06694373638,0.07842270791,-0.03189105941,0.1542765824,0.0788914709,-0.007845546376,0.04349274632,0.07230809294,6.337478498,-0.02229066416,0.1026138322,0.09356508985,0.05863954229,6.271236735,1
cop_0191,986,0.2931647408,-0.02208189493,0.001968441394,0.412013485,0.6219725534,0.5761334426,-0.3842914798,0.4806995857,-0.7794483653,-0.4210773509,3.557200114,-1.028167527,0.9535173298,-0.6029281592,-0.6009070359,3.977002862,0.06899392918,0.1098236194,-0.6414381005,0.406803702,0.1704987615,0.199105129,-2.058307848,-1.935102219,-1.269155381,-3.812935147,1.179880429,1.048523864,0.05591649651,0.08635811243,0.03504000912,0.1253328709,0.08203723546,0.009988433739,0.03300299899,0.07847586433,9.076117412,-0.01337189926,0.1092226988,0.1063418399,0.06661659218,5.57510323,1
cop_0191,987,0.257200943,-0.01557309551,0.0002988063659,0.6905972888,1.340164559,0.4167820485,-0.3861115224,0.2997685232,-0.749765046,-0.3927647528,4.950075051,-0.7120481523,0.6092080263,-0.641697732,-0.3295655194,4.513738257,-0.02170514202,-0.01150535703,-0.5906002797,0.310382759,1.819368186,0.2787435154,-1.775913741,-1.950172102,-1.324143602,-3.891178808,1.230181322,1.149383751,0.1075204181,0.08403129507,0.02798123454,0.1633656699,0.086046051,0.009122801964,0.04473739029,0.07640352919,8.473311812,-0.03343731649,0.167548064,0.1522884392,0.08929141558,2.96950371,1
cop_0191,988,0.2951263915,-0.06047116658,-0.001053467425,0.52568143,1.05122198,0.4893455245,-0.07167266005,0.08464061097,-0.6738988221,0.04470090597,3.042054118,-0.6638377612,0.3576221999,-0.4552269515,-0.1182633085,3.906414081,0.09642679796,0.04581965565,-0.6626605316,0.5636038501,0.7854380479,0.1681420043,-1.634207878,-2.019097469,-1.34166106,-3.808500671,1.254201873,1.046009383,-0.009465091974,0.05332877014,-0.02786762466,0.1357112555,0.07115568469,-0.006129488226,0.03526023269,0.07234408558,5.98559774,-0.02519876434,0.1294259957,0.1137685704,0.06962128958,4.741166678,1
cop_0191,989,0.2795355128,0.01551557214,-0.001305476739,0.5505246862,0.8242922859,0.2503500731,-0.1129045171,0.1952199649,-0.9508246057,0.4427836359,3.221565091,-0.1917782965,0.2972655062,-0.8505093311,0.5124505661,2.312967857,0.07267344687,0.002722608484,-0.8074371066,0.8643965207,1.127056252,0.1797365136,-1.547561441,-2.238947244,-1.369002712,-3.996321336,1.079503179,1.085275873,0.0715184854,0.1107554997,0.06330329991,0.1139865511,0.0867090542,0.01597184222,0.02843906749,0.06546371226,6.639788526,-0.03948472375,0.193518129,0.1686864076,0.08951441323,2.500707895,1
cop_0191,990,0.2669943228,-0.01454460046,0.0003531205889,0.5782516225,1.071632129,0.4812610173,-0.2874473503,0.02772362629,-0.4060891089,-0.2693345048,4.13883553,-0.7053691481,0.4017437794,-0.2388448628,0.1757960505,2.201447663,-0.04100489077,-0.01856734712,-0.515729965,0.2541561373,2.1872016,0.2893364538,-1.719539893,-2.042269485,-1.327760739,-3.765872416,1.253614683,1.233267049,0.03704331419,0.07737916825,0.08701608656,0.1363631938,0.08954862626,0.01919531163,0.03802759292,0.07572084302,6.304385383,-0.0347968033,0.1238795696,0.1138864785,0.06818357986,4.875040812,0
cop_0191,991,0.2800126473,-0.006861219857,-0.0004475807003,0.3393551264,0.633215629,0.2461258019,0.09152035581,0.05623722268,-0.9558826021,0.5238594295,2.503939863,-0.3712398656,0.3902854801,-0.7517042385,0.6938758814,1.6503025,-0.01405914319,0.02098328402,-0.7891547798,0.6074066039,1.932312752,0.199892758,-1.714671092,-1.97418084,-1.27655351,-3.872549779,1.175579742,1.1751078,0.01378392,0.1235959716,0.02925979935,0.1278015466,0.095624778,0.003875265469,0.03465508201,0.06999302074,7.726166669,-0.04083502883,0.2081396978,0.1803380339,0.08932082565,2.163513591,0
cop_0191,992,0.2946293453,0.02562746878,0.0002147279694,0.1932143959,0.2447077404,0.4227357499,-0.4745733823,0.2844234859,-0.6736757395,-0.6573321971,6.667506405,-0.9806681199,0.670008241,-0.5103064701,-0.8259250302,6.812373351,-0.0456131078,0.004749069264,-0.568233038,0.3826449147,2.223840757,0.2614134656,-2.080636254,-1.88386807,-1.376966598,-3.982042559,1.253037413,1.151551099,0.05703636896,0.06677698074,0.02197892065,0.1499736033,0.08108150733,0.008900491728,0.03749846645,0.07243572057,7.82284796,-0.03348316197,0.1417104515,0.1245285147,0.07658541891,4.113851201,1
cop_0191,993,0.2835797115,0.01381283693,0.002010349149,0.6437185168,0.9833053293,0.6598891067,-0.2181732719,0.3402287022,-0.652596086,-0.001353181129,2.025249901,-0.7746252058,0.8623984966,-0.5902820749,0.04219364661,1.764643526,0.005184109354,0.05364589331,-0.4738956683,0.2596514404,0.7320546848,0.1950101449,-2.187093169,-1.982745578,-1.214744107,-3.707952465,1.176895265,1.070381812,0.07171292964,0.08354282036,0.009555092324,0.132656636,0.08091859197,0.003237954744,0.03626689791,0.08456080774,6.469312726,-0.01012143893,0.09414602032,0.08169413846,0.05566426122,7.134500032,1
cop_0191,994,0.2846163676,0.005912794859,-0.0007849731699,0.4646797133,0.9291943291,0.418997678,0.170845204,-0.1281176976,-0.7450584171,-0.2300938754,4.16818127,-0.02559703239,0.2071446592,-0.9902070683,0.04878582398,3.991549371,0.06397666552,0.007790289311,-0.6563918072,0.5023848702,1.357991032,0.1101293209,-1.827983174,-1.978772039,-1.265278259,-3.871936853,1.187855387,1.076412518,-0.01301513508,0.08578765638,-0.0436162592,0.1300209575,0.08109397824,-0.009428285122,0.03154319623,0.07737364444,7.348932755,-0.02085684879,0.1464054562,0.1218333295,0.07670207174,3.949870301,1
cop_0191,995,0.2434508038,-0.003842378289,0.0009437182848,0.8002266035,1.311412325,0.2322115456,0.2614894989,-0.3202794258,-0.8293468326,0.4878939699,2.107331075,0.0366714372,-0.2067641919,-0.8366500822,0.5195237938,2.41825196,0.02204594532,-0.02643273108,-0.7843832109,0.4654121506,1.78225,0.2971206128,-1.504149047,-1.810498775,-1.300352562,-3.917341708,1.450281633,1.134134683,-0.09177360047,0.1167298793,-0.01751632119,0.1062906644,0.09032220555,-0.00699895088,0.03371979393,0.06875098379,8.843546368,-0.03989935909,0.1847622597,0.1789891629,0.08563514674,2.458976607,0
cop_0191,996,0.3143665421,0.0220095743,-0.0004385943476,0.3592112308,0.6229454511,0.5017434806,-0.2190018469,0.1512693974,-0.7635164208,-0.788491985,4.677537118,-0.3860919363,0.6788444007,-1.027385472,-0.4443916633,3.252600865,0.007763517606,-0.02217099404,-0.5597678007,0.04200164017,1.285781213,0.1432489222,-1.760767763,-2.051534186,-1.281200244,-3.888797956,1.076668624,0.9950719943,0.1138397633,0.08291621366,0.07291100548,0.07029222808,0.07576607846,0.02284122718,0.0174512583,0.07982585224,7.653378112,-0.01589820031,0.1349879749,0.1287306025,0.07264047342,4.041739298,0
cop_0191,997,0.297616648,-0.1507434307,0.006921627667,0.6016467178,1.150031145,1.588617326,0.2893293471,-0.04559551545,-0.3631308864,0.1581966909,-0.4587003388,-0.6367430062,0.6328999029,-0.1498095385,-0.02272301178,-0.07979602354,0.2040421925,-0.06512210549,-0.2734988583,0.1100672145,-0.143646407,0.1476889413,-2.280766983,-1.89192637,-1.361019156,-3.125404962,1.181331224,1.04338069,-0.01442040861,0.02986907962,-0.00166895538,0.1187196519,0.05983217147,-0.000599967551,0.02838368864,0.08539081125,3.217559238,0.1348297971,0.244616653,0.01378925757,0.1189180715,3.350590419,0
cop_0191,998,0.3071601315,0.01482802211,-6.190626466e-05,0.6454465834,1.097651369,0.5533098703,-0.1928035493,0.1837959802,-0.7026772838,-0.582227374,3.8632686,-0.9903816106,0.4971995005,-0.1791781406,-0.9529694926,4.758290654,-0.01898098034,-0.006603543777,-0.5019870333,0.02504802724,1.185465486,0.03603873733,-1.79391021,-2.094866444,-1.295394314,-3.899057455,0.9859864219,0.9285176189,0.03193295664,0.0474504132,0.01442627779,0.104908693,0.06483291067,0.004773209132,0.02548354309,0.07759088076,9.569315542,-0.009465652524,0.1375914034,0.1253114847,0.07616775831,4.047759156,1
cop_0191,999,0.2843355467,0.0005447190054,-0.0002061581578,0.5242360903,0.9034754263,0.428489496,0.1523765524,-0.05991688327,-0.8068630492,-0.02088131349,2.207636796,-0.4827181259,0.4183835459,-0.6620539214,0.1617524955,1.687896028,0.01733309741,-0.001279068265,-0.6348643293,0.1299898551,1.355901797,0.1866314387,-2.087128953,-1.874771582,-1.298463724,-3.886266403,1.233226393,1.072669047,-0.01510150507,0.1072974017,0.01209438641,0.1537993603,0.087084281,0.0003435431829,0.04572145993,0.07582550221,8.848205565,-0.01430366392,0.1261504976,0.1231689342,0.0713292291,4.418279648,0
