MCS_TR against MCS_TMAX on out/abm_system_score_loss.csv
1000 configurations, 1000 replicates each
shared: alpha = 0.050, 10000 resamples, block length 1, bootstrap variance, seed 123, stream 0

Both statistics are scored on the same resamples, drawn once and reused in every round.

statistic  set size  decided by an accepted test  deciding round  last p-value  seconds
MCS_TR            1                           no               0        0.0001     11.5
MCS_TMAX          1                           no               0        0.0001      8.7

sets
  in both sets 1, only in MCS_TR's 0, only in MCS_TMAX's 0
  largest difference between the two MCS p-values of one configuration 0.0412

elimination rounds, the configuration left at the end counted as round 1000
  Spearman rank correlation between the two orders 0.9992
  absolute difference in round: median 6, 90th percentile 20, largest 46

the 10 configurations MCS_TR eliminated last, with where MCS_TMAX put them
  configuration  mean loss  MCS_TR round  MCS_TR p  MCS_TMAX round  MCS_TMAX p
  cop_0931_qvarma_p1q1r2  30375306.83133  1000  1.0000  1000  1.0000
  cop_0986_qvarma_p1q1r2  30872231.65718  999  0.0001  999  0.0412
  cop_0409_qvarma_p1q1r2  31006134.89692  998  0.0000  998  0.0412
  cop_0437_qvarma_p1q1r2  31026199.34460  997  0.0000  997  0.0412
  cop_0599_qvarma_p1q1r2  31222210.66896  996  0.0000  995  0.0412
  cop_0330_qvarma_p1q1r2  31204868.44667  995  0.0000  996  0.0412
  cop_0743_qvarma_p1q1r2  31219611.29857  994  0.0000  994  0.0412
  cop_0181_qvarma_p1q1r2  31223378.81598  993  0.0000  993  0.0412
  cop_0859_qvarma_p1q1r2  31290901.79979  992  0.0000  992  0.0412
  cop_0179_qvarma_p1q1r2  31338137.47950  991  0.0000  991  0.0412


  sample    1000 observations, 1000 models
  statistic TR, every pairwise contrast
  test      alpha = 0.050, 10000 moving-block resamples of 1 observations
  variance  bootstrap variance of the resampled mean
  stream    seed 123, stream 0

MCS over t-QVARMA (driftless) score quadratic form at the real-data estimate, p1q1r2, MCS_TR statistic
  model                     mean loss      MCS p  round  in set
  cop_0001_qvarma_p1q1r2 32299207.21043      0.000    949  
  cop_0002_qvarma_p1q1r2 42772336.56829      0.000    107  
  cop_0003_qvarma_p1q1r2 34480270.56549      0.000    777  
  cop_0004_qvarma_p1q1r2 38104364.36480      0.000    448  
  cop_0005_qvarma_p1q1r2 43167854.79256      0.000     74  
  cop_0006_qvarma_p1q1r2 39766558.06699      0.000    257  
  cop_0007_qvarma_p1q1r2 31920657.31682      0.000    968  
  cop_0008_qvarma_p1q1r2 37881157.21504      0.000    440  
  cop_0009_qvarma_p1q1r2 34872244.08894      0.000    736  
  cop_0010_qvarma_p1q1r2 39995191.80897      0.000    306  
  cop_0011_qvarma_p1q1r2 32720061.16870      0.000    926  
  cop_0012_qvarma_p1q1r2 44420959.73963      0.000     39  
  cop_0013_qvarma_p1q1r2 40695844.95988      0.000    174  
  cop_0014_qvarma_p1q1r2 35799590.08183      0.000    635  
  cop_0015_qvarma_p1q1r2 39470532.42549      0.000    267  
  cop_0016_qvarma_p1q1r2 37083687.43053      0.000    532  
  cop_0017_qvarma_p1q1r2 41301370.38753      0.000    189  
  cop_0018_qvarma_p1q1r2 34868727.44374      0.000    752  
  cop_0019_qvarma_p1q1r2 35139729.42047      0.000    722  
  cop_0020_qvarma_p1q1r2 35817224.66470      0.000    655  
  cop_0021_qvarma_p1q1r2 43434493.50317      0.000     52  
  cop_0022_qvarma_p1q1r2 36269919.12440      0.000    599  
  cop_0023_qvarma_p1q1r2 43936866.77440      0.000     56  
  cop_0024_qvarma_p1q1r2 38888498.22744      0.000    350  
  cop_0025_qvarma_p1q1r2 34759925.54504      0.000    733  
  cop_0026_qvarma_p1q1r2 42101900.98300      0.000    151  
  cop_0027_qvarma_p1q1r2 34403503.31466      0.000    781  
  cop_0028_qvarma_p1q1r2 33005529.99673      0.000    907  
  cop_0029_qvarma_p1q1r2 37128873.78163      0.000    511  
  cop_0030_qvarma_p1q1r2 38200436.91142      0.000    384  
  cop_0031_qvarma_p1q1r2 34754812.24746      0.000    735  
  cop_0032_qvarma_p1q1r2 32232789.99801      0.000    957  
  cop_0033_qvarma_p1q1r2 35466284.66622      0.000    709  
  cop_0034_qvarma_p1q1r2 37067340.00640      0.000    533  
  cop_0035_qvarma_p1q1r2 32960976.99641      0.000    915  
  cop_0036_qvarma_p1q1r2 32593766.05857      0.000    933  
  cop_0037_qvarma_p1q1r2 37901845.19685      0.000    459  
  cop_0038_qvarma_p1q1r2 33208371.09014      0.000    902  
  cop_0039_qvarma_p1q1r2 40080021.98207      0.000    234  
  cop_0040_qvarma_p1q1r2 31411141.15570      0.000    986  
  cop_0041_qvarma_p1q1r2 36922376.60339      0.000    518  
  cop_0042_qvarma_p1q1r2 37853504.76580      0.000    453  
  cop_0043_qvarma_p1q1r2 37090445.13416      0.000    516  
  cop_0044_qvarma_p1q1r2 33286947.05853      0.000    894  
  cop_0045_qvarma_p1q1r2 33170447.53987      0.000    899  
  cop_0046_qvarma_p1q1r2 42832067.99531      0.000     92  
  cop_0047_qvarma_p1q1r2 39134448.68082      0.000    311  
  cop_0048_qvarma_p1q1r2 34741445.58987      0.000    746  
  cop_0049_qvarma_p1q1r2 35635588.41364      0.000    642  
  cop_0050_qvarma_p1q1r2 36095302.78394      0.000    618  
  cop_0051_qvarma_p1q1r2 35077757.42239      0.000    714  
  cop_0052_qvarma_p1q1r2 35030591.58835      0.000    720  
  cop_0053_qvarma_p1q1r2 36938264.26841      0.000    526  
  cop_0054_qvarma_p1q1r2 35613803.79646      0.000    670  
  cop_0055_qvarma_p1q1r2 36226564.45700      0.000    604  
  cop_0056_qvarma_p1q1r2 37563779.15466      0.000    458  
  cop_0057_qvarma_p1q1r2 32880289.22313      0.000    925  
  cop_0058_qvarma_p1q1r2 35008557.43519      0.000    726  
  cop_0059_qvarma_p1q1r2 34050729.67127      0.000    812  
  cop_0060_qvarma_p1q1r2 35637327.11767      0.000    633  
  cop_0061_qvarma_p1q1r2 36819753.48929      0.000    510  
  cop_0062_qvarma_p1q1r2 38357012.14592      0.000    414  
  cop_0063_qvarma_p1q1r2 38211817.56557      0.000    418  
  cop_0064_qvarma_p1q1r2 39036270.10296      0.000    301  
  cop_0065_qvarma_p1q1r2 35961032.84371      0.000    639  
  cop_0066_qvarma_p1q1r2 32723675.52092      0.000    931  
  cop_0067_qvarma_p1q1r2 44560602.73650      0.000     25  
  cop_0068_qvarma_p1q1r2 38658479.32313      0.000    370  
  cop_0069_qvarma_p1q1r2 34669611.13890      0.000    761  
  cop_0070_qvarma_p1q1r2 33466078.61331      0.000    870  
  cop_0071_qvarma_p1q1r2 35585954.73862      0.000    679  
  cop_0072_qvarma_p1q1r2 40263286.69679      0.000    251  
  cop_0073_qvarma_p1q1r2 33352521.59347      0.000    881  
  cop_0074_qvarma_p1q1r2 36888327.00198      0.000    542  
  cop_0075_qvarma_p1q1r2 38847350.46681      0.000    365  
  cop_0076_qvarma_p1q1r2 36898633.52180      0.000    547  
  cop_0077_qvarma_p1q1r2 40799783.11929      0.000    222  
  cop_0078_qvarma_p1q1r2 31505515.59636      0.000    982  
  cop_0079_qvarma_p1q1r2 41801658.06569      0.000    140  
  cop_0080_qvarma_p1q1r2 34546394.95732      0.000    765  
  cop_0081_qvarma_p1q1r2 35170695.14478      0.000    706  
  cop_0082_qvarma_p1q1r2 46854171.66302      0.000      4  
  cop_0083_qvarma_p1q1r2 42779227.44866      0.000    121  
  cop_0084_qvarma_p1q1r2 41809753.38345      0.000    145  
  cop_0085_qvarma_p1q1r2 42824517.29155      0.000    104  
  cop_0086_qvarma_p1q1r2 38301595.60435      0.000    394  
  cop_0087_qvarma_p1q1r2 38410686.68293      0.000    412  
  cop_0088_qvarma_p1q1r2 33360562.53545      0.000    876  
  cop_0089_qvarma_p1q1r2 40234313.19568      0.000    245  
  cop_0090_qvarma_p1q1r2 37456382.56411      0.000    475  
  cop_0091_qvarma_p1q1r2 32983401.05769      0.000    922  
  cop_0092_qvarma_p1q1r2 40548297.19655      0.000    210  
  cop_0093_qvarma_p1q1r2 43486737.30413      0.000     70  
  cop_0094_qvarma_p1q1r2 40107785.54949      0.000    240  
  cop_0095_qvarma_p1q1r2 35292480.65997      0.000    695  
  cop_0096_qvarma_p1q1r2 36762745.35552      0.000    554  
  cop_0097_qvarma_p1q1r2 35767506.56212      0.000    657  
  cop_0098_qvarma_p1q1r2 41102699.55544      0.000    183  
  cop_0099_qvarma_p1q1r2 37335323.10819      0.000    499  
  cop_0100_qvarma_p1q1r2 34598297.36439      0.000    745  
  cop_0101_qvarma_p1q1r2 36666824.33062      0.000    567  
  cop_0102_qvarma_p1q1r2 38264585.49596      0.000    399  
  cop_0103_qvarma_p1q1r2 38329333.83765      0.000    420  
  cop_0104_qvarma_p1q1r2 41717259.00669      0.000    175  
  cop_0105_qvarma_p1q1r2 41751772.90894      0.000    176  
  cop_0106_qvarma_p1q1r2 38380609.86954      0.000    407  
  cop_0107_qvarma_p1q1r2 33485138.91994      0.000    872  
  cop_0108_qvarma_p1q1r2 44771052.55236      0.000     26  
  cop_0109_qvarma_p1q1r2 33539209.44957      0.000    867  
  cop_0110_qvarma_p1q1r2 34049469.17564      0.000    810  
  cop_0111_qvarma_p1q1r2 47321569.09599      0.000      3  
  cop_0112_qvarma_p1q1r2 35724724.27998      0.000    671  
  cop_0113_qvarma_p1q1r2 32295736.47815      0.000    948  
  cop_0114_qvarma_p1q1r2 42764683.71215      0.000    111  
  cop_0115_qvarma_p1q1r2 39509714.15870      0.000    308  
  cop_0116_qvarma_p1q1r2 38789028.31193      0.000    381  
  cop_0117_qvarma_p1q1r2 35322832.17470      0.000    698  
  cop_0118_qvarma_p1q1r2 39140335.36331      0.000    330  
  cop_0119_qvarma_p1q1r2 33409994.34899      0.000    889  
  cop_0120_qvarma_p1q1r2 34084400.59946      0.000    804  
  cop_0121_qvarma_p1q1r2 35874158.11465      0.000    663  
  cop_0122_qvarma_p1q1r2 41153923.33079      0.000    200  
  cop_0123_qvarma_p1q1r2 33758982.80062      0.000    844  
  cop_0124_qvarma_p1q1r2 40295383.56384      0.000    232  
  cop_0125_qvarma_p1q1r2 39500660.91295      0.000    295  
  cop_0126_qvarma_p1q1r2 45013929.72832      0.000     23  
  cop_0127_qvarma_p1q1r2 41892082.42726      0.000    144  
  cop_0128_qvarma_p1q1r2 33743791.00031      0.000    847  
  cop_0129_qvarma_p1q1r2 34955889.04749      0.000    738  
  cop_0130_qvarma_p1q1r2 38028416.65550      0.000    430  
  cop_0131_qvarma_p1q1r2 36511275.17369      0.000    603  
  cop_0132_qvarma_p1q1r2 40470607.22007      0.000    259  
  cop_0133_qvarma_p1q1r2 37114442.55295      0.000    491  
  cop_0134_qvarma_p1q1r2 35375548.44943      0.000    683  
  cop_0135_qvarma_p1q1r2 32279591.37906      0.000    953  
  cop_0136_qvarma_p1q1r2 36511149.34567      0.000    571  
  cop_0137_qvarma_p1q1r2 38771943.48891      0.000    388  
  cop_0138_qvarma_p1q1r2 41404628.46233      0.000    188  
  cop_0139_qvarma_p1q1r2 35250283.86279      0.000    705  
  cop_0140_qvarma_p1q1r2 36372522.96212      0.000    596  
  cop_0141_qvarma_p1q1r2 36608332.96487      0.000    578  
  cop_0142_qvarma_p1q1r2 36517773.16242      0.000    580  
  cop_0143_qvarma_p1q1r2 35031308.37937      0.000    715  
  cop_0144_qvarma_p1q1r2 42340368.27045      0.000     83  
  cop_0145_qvarma_p1q1r2 38920806.64692      0.000    385  
  cop_0146_qvarma_p1q1r2 32037320.94525      0.000    961  
  cop_0147_qvarma_p1q1r2 34702332.93791      0.000    749  
  cop_0148_qvarma_p1q1r2 37072215.33119      0.000    512  
  cop_0149_qvarma_p1q1r2 41305488.85291      0.000    216  
  cop_0150_qvarma_p1q1r2 42410016.55157      0.000    129  
  cop_0151_qvarma_p1q1r2 41156026.61916      0.000    191  
  cop_0152_qvarma_p1q1r2 40227143.95880      0.000    278  
  cop_0153_qvarma_p1q1r2 39038574.73873      0.000    312  
  cop_0154_qvarma_p1q1r2 45786734.23334      0.000     13  
  cop_0155_qvarma_p1q1r2 34051032.56113      0.000    825  
  cop_0156_qvarma_p1q1r2 32860181.28651      0.000    923  
  cop_0157_qvarma_p1q1r2 37172834.48274      0.000    549  
  cop_0158_qvarma_p1q1r2 39046159.63053      0.000    347  
  cop_0159_qvarma_p1q1r2 33585766.43581      0.000    856  
  cop_0160_qvarma_p1q1r2 39942093.62505      0.000    291  
  cop_0161_qvarma_p1q1r2 37294300.97786      0.000    486  
  cop_0162_qvarma_p1q1r2 44139243.79841      0.000     42  
  cop_0163_qvarma_p1q1r2 33701894.05448      0.000    857  
  cop_0164_qvarma_p1q1r2 38210865.33441      0.000    431  
  cop_0165_qvarma_p1q1r2 31617461.82245      0.000    980  
  cop_0166_qvarma_p1q1r2 35642598.75370      0.000    641  
  cop_0167_qvarma_p1q1r2 36104948.13752      0.000    617  
  cop_0168_qvarma_p1q1r2 34108266.47194      0.000    814  
  cop_0169_qvarma_p1q1r2 42665068.85850      0.000     82  
  cop_0170_qvarma_p1q1r2 39397442.62104      0.000    328  
  cop_0171_qvarma_p1q1r2 39296811.64866      0.000    319  
  cop_0172_qvarma_p1q1r2 32210781.74634      0.000    955  
  cop_0173_qvarma_p1q1r2 36446783.97162      0.000    594  
  cop_0174_qvarma_p1q1r2 35147711.90180      0.000    708  
  cop_0175_qvarma_p1q1r2 36391743.18647      0.000    585  
  cop_0176_qvarma_p1q1r2 42320108.32971      0.000    127  
  cop_0177_qvarma_p1q1r2 44203779.33515      0.000     37  
  cop_0178_qvarma_p1q1r2 33733175.41342      0.000    849  
  cop_0179_qvarma_p1q1r2 31338137.47950      0.000    991  
  cop_0180_qvarma_p1q1r2 36884779.41539      0.000    500  
  cop_0181_qvarma_p1q1r2 31223378.81598      0.000    993  
  cop_0182_qvarma_p1q1r2 41945998.29932      0.000    157  
  cop_0183_qvarma_p1q1r2 31356728.91284      0.000    988  
  cop_0184_qvarma_p1q1r2 41748367.85585      0.000     96  
  cop_0185_qvarma_p1q1r2 40134271.28610      0.000    272  
  cop_0186_qvarma_p1q1r2 40781512.28353      0.000    187  
  cop_0187_qvarma_p1q1r2 37150352.20418      0.000    507  
  cop_0188_qvarma_p1q1r2 43645905.22603      0.000    100  
  cop_0189_qvarma_p1q1r2 37918796.55966      0.000    455  
  cop_0190_qvarma_p1q1r2 37226922.16717      0.000    509  
  cop_0191_qvarma_p1q1r2 35867220.62054      0.000    627  
  cop_0192_qvarma_p1q1r2 38194397.01036      0.000    425  
  cop_0193_qvarma_p1q1r2 38858239.17875      0.000    398  
  cop_0194_qvarma_p1q1r2 45706394.67457      0.000     17  
  cop_0195_qvarma_p1q1r2 41315757.58575      0.000    170  
  cop_0196_qvarma_p1q1r2 31368317.42723      0.000    990  
  cop_0197_qvarma_p1q1r2 33883621.74044      0.000    840  
  cop_0198_qvarma_p1q1r2 42006165.44423      0.000    168  
  cop_0199_qvarma_p1q1r2 46106748.90118      0.000     10  
  cop_0200_qvarma_p1q1r2 35318509.06280      0.000    702  
  cop_0201_qvarma_p1q1r2 41532414.48184      0.000    180  
  cop_0202_qvarma_p1q1r2 33373328.99615      0.000    885  
  cop_0203_qvarma_p1q1r2 44116910.79784      0.000     58  
  cop_0204_qvarma_p1q1r2 37035271.68768      0.000    525  
  cop_0205_qvarma_p1q1r2 35148647.52948      0.000    704  
  cop_0206_qvarma_p1q1r2 35046884.31556      0.000    693  
  cop_0207_qvarma_p1q1r2 42469803.54649      0.000    139  
  cop_0208_qvarma_p1q1r2 36972294.66026      0.000    520  
  cop_0209_qvarma_p1q1r2 39712794.38990      0.000    288  
  cop_0210_qvarma_p1q1r2 34346022.46429      0.000    789  
  cop_0211_qvarma_p1q1r2 38930069.14430      0.000    376  
  cop_0212_qvarma_p1q1r2 39482636.05098      0.000    316  
  cop_0213_qvarma_p1q1r2 38687098.15385      0.000    406  
  cop_0214_qvarma_p1q1r2 33324329.20528      0.000    878  
  cop_0215_qvarma_p1q1r2 31902169.91377      0.000    967  
  cop_0216_qvarma_p1q1r2 36087489.21501      0.000    630  
  cop_0217_qvarma_p1q1r2 43721376.25810      0.000     54  
  cop_0218_qvarma_p1q1r2 31344573.56044      0.000    989  
  cop_0219_qvarma_p1q1r2 39126727.72361      0.000    341  
  cop_0220_qvarma_p1q1r2 37289719.07101      0.000    503  
  cop_0221_qvarma_p1q1r2 37329298.44470      0.000    506  
  cop_0222_qvarma_p1q1r2 44939771.90201      0.000     20  
  cop_0223_qvarma_p1q1r2 42657030.83911      0.000    130  
  cop_0224_qvarma_p1q1r2 34974205.15705      0.000    732  
  cop_0225_qvarma_p1q1r2 32111069.60023      0.000    956  
  cop_0226_qvarma_p1q1r2 35560557.95895      0.000    674  
  cop_0227_qvarma_p1q1r2 38310273.17650      0.000    438  
  cop_0228_qvarma_p1q1r2 43150439.03148      0.000     86  
  cop_0229_qvarma_p1q1r2 35947099.89888      0.000    636  
  cop_0230_qvarma_p1q1r2 39844513.14022      0.000    286  
  cop_0231_qvarma_p1q1r2 34261008.38927      0.000    792  
  cop_0232_qvarma_p1q1r2 37945995.21307      0.000    423  
  cop_0233_qvarma_p1q1r2 38240145.98169      0.000    409  
  cop_0234_qvarma_p1q1r2 42716397.02372      0.000    134  
  cop_0235_qvarma_p1q1r2 42886384.95466      0.000    132  
  cop_0236_qvarma_p1q1r2 44833755.58275      0.000     28  
  cop_0237_qvarma_p1q1r2 33110686.69625      0.000    891  
  cop_0238_qvarma_p1q1r2 33265738.93067      0.000    893  
  cop_0239_qvarma_p1q1r2 33011255.06038      0.000    901  
  cop_0240_qvarma_p1q1r2 32949139.63947      0.000    916  
  cop_0241_qvarma_p1q1r2 35378927.24809      0.000    676  
  cop_0242_qvarma_p1q1r2 42954260.10581      0.000    101  
  cop_0243_qvarma_p1q1r2 42208552.95364      0.000    123  
  cop_0244_qvarma_p1q1r2 36800873.93063      0.000    574  
  cop_0245_qvarma_p1q1r2 38199845.70486      0.000    417  
  cop_0246_qvarma_p1q1r2 33958762.12261      0.000    839  
  cop_0247_qvarma_p1q1r2 42709836.56648      0.000    110  
  cop_0248_qvarma_p1q1r2 36727734.98456      0.000    534  
  cop_0249_qvarma_p1q1r2 34602967.95694      0.000    764  
  cop_0250_qvarma_p1q1r2 34733542.01874      0.000    748  
  cop_0251_qvarma_p1q1r2 45526651.39124      0.000      9  
  cop_0252_qvarma_p1q1r2 32593961.62262      0.000    936  
  cop_0253_qvarma_p1q1r2 36834146.26046      0.000    562  
  cop_0254_qvarma_p1q1r2 45888489.15991      0.000      6  
  cop_0255_qvarma_p1q1r2 37867704.98490      0.000    468  
  cop_0256_qvarma_p1q1r2 44178880.42532      0.000     68  
  cop_0257_qvarma_p1q1r2 35453856.11940      0.000    664  
  cop_0258_qvarma_p1q1r2 35217161.14814      0.000    689  
  cop_0259_qvarma_p1q1r2 37504883.13633      0.000    480  
  cop_0260_qvarma_p1q1r2 37877937.44018      0.000    481  
  cop_0261_qvarma_p1q1r2 35671046.77346      0.000    649  
  cop_0262_qvarma_p1q1r2 38674482.06284      0.000    363  
  cop_0263_qvarma_p1q1r2 42697244.42132      0.000     98  
  cop_0264_qvarma_p1q1r2 36717126.12159      0.000    548  
  cop_0265_qvarma_p1q1r2 42770461.47419      0.000     65  
  cop_0266_qvarma_p1q1r2 37421090.46246      0.000    490  
  cop_0267_qvarma_p1q1r2 32323321.48750      0.000    952  
  cop_0268_qvarma_p1q1r2 33629775.67166      0.000    864  
  cop_0269_qvarma_p1q1r2 40834154.85786      0.000    201  
  cop_0270_qvarma_p1q1r2 42524999.56509      0.000    106  
  cop_0271_qvarma_p1q1r2 33814559.12038      0.000    862  
  cop_0272_qvarma_p1q1r2 44161887.48030      0.000     44  
  cop_0273_qvarma_p1q1r2 36512203.35013      0.000    590  
  cop_0274_qvarma_p1q1r2 36057951.90996      0.000    634  
  cop_0275_qvarma_p1q1r2 32684298.53260      0.000    932  
  cop_0276_qvarma_p1q1r2 40588235.29906      0.000    195  
  cop_0277_qvarma_p1q1r2 34885392.52790      0.000    719  
  cop_0278_qvarma_p1q1r2 39481143.12817      0.000    307  
  cop_0279_qvarma_p1q1r2 40846139.45501      0.000    181  
  cop_0280_qvarma_p1q1r2 37143715.68733      0.000    513  
  cop_0281_qvarma_p1q1r2 36583581.91739      0.000    552  
  cop_0282_qvarma_p1q1r2 34529891.70748      0.000    754  
  cop_0283_qvarma_p1q1r2 37543905.80309      0.000    466  
  cop_0284_qvarma_p1q1r2 43182755.12615      0.000     60  
  cop_0285_qvarma_p1q1r2 31526957.21526      0.000    981  
  cop_0286_qvarma_p1q1r2 35150785.87036      0.000    716  
  cop_0287_qvarma_p1q1r2 33125171.97887      0.000    905  
  cop_0288_qvarma_p1q1r2 37715113.52812      0.000    470  
  cop_0289_qvarma_p1q1r2 41001174.06127      0.000    230  
  cop_0290_qvarma_p1q1r2 37036266.41408      0.000    489  
  cop_0291_qvarma_p1q1r2 34704900.28176      0.000    737  
  cop_0292_qvarma_p1q1r2 36479641.41675      0.000    576  
  cop_0293_qvarma_p1q1r2 35360452.36590      0.000    680  
  cop_0294_qvarma_p1q1r2 36501328.33933      0.000    589  
  cop_0295_qvarma_p1q1r2 39240393.32090      0.000    379  
  cop_0296_qvarma_p1q1r2 37484004.59363      0.000    462  
  cop_0297_qvarma_p1q1r2 37964395.78137      0.000    476  
  cop_0298_qvarma_p1q1r2 34247739.81607      0.000    791  
  cop_0299_qvarma_p1q1r2 32961362.75618      0.000    917  
  cop_0300_qvarma_p1q1r2 41583175.89563      0.000    165  
  cop_0301_qvarma_p1q1r2 37618013.30254      0.000    471  
  cop_0302_qvarma_p1q1r2 36760678.87668      0.000    541  
  cop_0303_qvarma_p1q1r2 33003576.45487      0.000    918  
  cop_0304_qvarma_p1q1r2 34290348.44196      0.000    793  
  cop_0305_qvarma_p1q1r2 42138053.97370      0.000    192  
  cop_0306_qvarma_p1q1r2 44484082.25314      0.000     33  
  cop_0307_qvarma_p1q1r2 33000603.36909      0.000    909  
  cop_0308_qvarma_p1q1r2 32952743.48378      0.000    919  
  cop_0309_qvarma_p1q1r2 36806592.60720      0.000    546  
  cop_0310_qvarma_p1q1r2 35876590.09164      0.000    638  
  cop_0311_qvarma_p1q1r2 31767309.75229      0.000    970  
  cop_0312_qvarma_p1q1r2 35862977.16331      0.000    619  
  cop_0313_qvarma_p1q1r2 34941320.61267      0.000    740  
  cop_0314_qvarma_p1q1r2 42781248.04437      0.000    113  
  cop_0315_qvarma_p1q1r2 43226901.69036      0.000     53  
  cop_0316_qvarma_p1q1r2 34658273.92760      0.000    762  
  cop_0317_qvarma_p1q1r2 34376769.79774      0.000    769  
  cop_0318_qvarma_p1q1r2 32629377.87106      0.000    937  
  cop_0319_qvarma_p1q1r2 34040861.54413      0.000    823  
  cop_0320_qvarma_p1q1r2 32600553.46244      0.000    935  
  cop_0321_qvarma_p1q1r2 39689581.35494      0.000    326  
  cop_0322_qvarma_p1q1r2 38778794.83024      0.000    375  
  cop_0323_qvarma_p1q1r2 45251660.56253      0.000     19  
  cop_0324_qvarma_p1q1r2 38699596.16630      0.000    405  
  cop_0325_qvarma_p1q1r2 38531207.76476      0.000    393  
  cop_0326_qvarma_p1q1r2 44833500.68645      0.000     24  
  cop_0327_qvarma_p1q1r2 39732334.12079      0.000    294  
  cop_0328_qvarma_p1q1r2 40204373.02395      0.000    241  
  cop_0329_qvarma_p1q1r2 38985223.30252      0.000    392  
  cop_0330_qvarma_p1q1r2 31204868.44667      0.000    995  
  cop_0331_qvarma_p1q1r2 32414795.15138      0.000    944  
  cop_0332_qvarma_p1q1r2 35116361.34800      0.000    701  
  cop_0333_qvarma_p1q1r2 45518985.31251      0.000     12  
  cop_0334_qvarma_p1q1r2 39636964.66997      0.000    300  
  cop_0335_qvarma_p1q1r2 37945446.69751      0.000    444  
  cop_0336_qvarma_p1q1r2 41911322.79443      0.000    163  
  cop_0337_qvarma_p1q1r2 39113378.43636      0.000    348  
  cop_0338_qvarma_p1q1r2 41001092.09629      0.000    209  
  cop_0339_qvarma_p1q1r2 42168336.62256      0.000    137  
  cop_0340_qvarma_p1q1r2 31780676.93129      0.000    976  
  cop_0341_qvarma_p1q1r2 35709475.80639      0.000    652  
  cop_0342_qvarma_p1q1r2 34860015.31165      0.000    731  
  cop_0343_qvarma_p1q1r2 40753787.81224      0.000    202  
  cop_0344_qvarma_p1q1r2 33732412.67166      0.000    852  
  cop_0345_qvarma_p1q1r2 33650198.63874      0.000    860  
  cop_0346_qvarma_p1q1r2 40676277.87477      0.000    224  
  cop_0347_qvarma_p1q1r2 31713507.17467      0.000    978  
  cop_0348_qvarma_p1q1r2 33888427.37171      0.000    822  
  cop_0349_qvarma_p1q1r2 42682635.44554      0.000    114  
  cop_0350_qvarma_p1q1r2 44645929.63295      0.000     59  
  cop_0351_qvarma_p1q1r2 32642208.39628      0.000    938  
  cop_0352_qvarma_p1q1r2 32998232.74349      0.000    904  
  cop_0353_qvarma_p1q1r2 33695286.55040      0.000    854  
  cop_0354_qvarma_p1q1r2 41746627.10049      0.000    166  
  cop_0355_qvarma_p1q1r2 39656074.48581      0.000    314  
  cop_0356_qvarma_p1q1r2 34214366.51039      0.000    797  
  cop_0357_qvarma_p1q1r2 37293299.87726      0.000    505  
  cop_0358_qvarma_p1q1r2 33670175.11592      0.000    868  
  cop_0359_qvarma_p1q1r2 34169079.97480      0.000    796  
  cop_0360_qvarma_p1q1r2 40503617.27244      0.000    244  
  cop_0361_qvarma_p1q1r2 39054711.25054      0.000    354  
  cop_0362_qvarma_p1q1r2 43913561.98494      0.000     29  
  cop_0363_qvarma_p1q1r2 42662002.52674      0.000     84  
  cop_0364_qvarma_p1q1r2 34997153.31905      0.000    723  
  cop_0365_qvarma_p1q1r2 35600461.82780      0.000    654  
  cop_0366_qvarma_p1q1r2 38915731.76203      0.000    323  
  cop_0367_qvarma_p1q1r2 37192568.21528      0.000    494  
  cop_0368_qvarma_p1q1r2 35339004.41988      0.000    681  
  cop_0369_qvarma_p1q1r2 33825656.38053      0.000    832  
  cop_0370_qvarma_p1q1r2 37594099.08230      0.000    484  
  cop_0371_qvarma_p1q1r2 41588885.74575      0.000    184  
  cop_0372_qvarma_p1q1r2 43088857.97564      0.000    126  
  cop_0373_qvarma_p1q1r2 31867828.63707      0.000    964  
  cop_0374_qvarma_p1q1r2 41829330.30568      0.000    133  
  cop_0375_qvarma_p1q1r2 41089667.45794      0.000    203  
  cop_0376_qvarma_p1q1r2 36889527.86505      0.000    544  
  cop_0377_qvarma_p1q1r2 37452963.60054      0.000    474  
  cop_0378_qvarma_p1q1r2 41319775.29653      0.000    136  
  cop_0379_qvarma_p1q1r2 33236464.67150      0.000    898  
  cop_0380_qvarma_p1q1r2 36206075.43013      0.000    601  
  cop_0381_qvarma_p1q1r2 39280775.02914      0.000    331  
  cop_0382_qvarma_p1q1r2 33434230.24786      0.000    877  
  cop_0383_qvarma_p1q1r2 40135717.69110      0.000    282  
  cop_0384_qvarma_p1q1r2 38918224.78800      0.000    391  
  cop_0385_qvarma_p1q1r2 37874298.29789      0.000    435  
  cop_0386_qvarma_p1q1r2 34180333.05641      0.000    801  
  cop_0387_qvarma_p1q1r2 41885016.16697      0.000    158  
  cop_0388_qvarma_p1q1r2 35697491.19753      0.000    658  
  cop_0389_qvarma_p1q1r2 36791787.47876      0.000    568  
  cop_0390_qvarma_p1q1r2 45010748.97048      0.000     32  
  cop_0391_qvarma_p1q1r2 38613028.33417      0.000    436  
  cop_0392_qvarma_p1q1r2 40605062.96189      0.000    233  
  cop_0393_qvarma_p1q1r2 32673682.29662      0.000    939  
  cop_0394_qvarma_p1q1r2 41521998.46471      0.000    197  
  cop_0395_qvarma_p1q1r2 32694370.89360      0.000    934  
  cop_0396_qvarma_p1q1r2 42152773.50904      0.000    178  
  cop_0397_qvarma_p1q1r2 32805554.42344      0.000    920  
  cop_0398_qvarma_p1q1r2 40499327.76270      0.000    255  
  cop_0399_qvarma_p1q1r2 39350982.16090      0.000    335  
  cop_0400_qvarma_p1q1r2 33243630.71720      0.000    895  
  cop_0401_qvarma_p1q1r2 43544557.61917      0.000     67  
  cop_0402_qvarma_p1q1r2 34053021.53760      0.000    826  
  cop_0403_qvarma_p1q1r2 35012767.45365      0.000    721  
  cop_0404_qvarma_p1q1r2 38777222.00660      0.000    402  
  cop_0405_qvarma_p1q1r2 36796888.56877      0.000    527  
  cop_0406_qvarma_p1q1r2 36963480.60861      0.000    561  
  cop_0407_qvarma_p1q1r2 33911279.80005      0.000    828  
  cop_0408_qvarma_p1q1r2 34256766.95594      0.000    806  
  cop_0409_qvarma_p1q1r2 31006134.89692      0.000    998  
  cop_0410_qvarma_p1q1r2 37551144.11467      0.000    460  
  cop_0411_qvarma_p1q1r2 40172352.47131      0.000    270  
  cop_0412_qvarma_p1q1r2 33324785.55735      0.000    875  
  cop_0413_qvarma_p1q1r2 33738434.67758      0.000    855  
  cop_0414_qvarma_p1q1r2 47452922.66917      0.000      2  
  cop_0415_qvarma_p1q1r2 38738979.51639      0.000    403  
  cop_0416_qvarma_p1q1r2 40270582.98408      0.000    254  
  cop_0417_qvarma_p1q1r2 33070837.48488      0.000    913  
  cop_0418_qvarma_p1q1r2 38372933.81118      0.000    415  
  cop_0419_qvarma_p1q1r2 34399792.89393      0.000    780  
  cop_0420_qvarma_p1q1r2 37808638.41518      0.000    467  
  cop_0421_qvarma_p1q1r2 38365405.66479      0.000    380  
  cop_0422_qvarma_p1q1r2 35662589.27502      0.000    661  
  cop_0423_qvarma_p1q1r2 36752633.35316      0.000    540  
  cop_0424_qvarma_p1q1r2 35049095.74074      0.000    713  
  cop_0425_qvarma_p1q1r2 36145224.62359      0.000    629  
  cop_0426_qvarma_p1q1r2 37396293.49942      0.000    492  
  cop_0427_qvarma_p1q1r2 35219269.77976      0.000    717  
  cop_0428_qvarma_p1q1r2 36507736.58703      0.000    583  
  cop_0429_qvarma_p1q1r2 34346847.48117      0.000    787  
  cop_0430_qvarma_p1q1r2 33549431.99142      0.000    863  
  cop_0431_qvarma_p1q1r2 40092645.05486      0.000    260  
  cop_0432_qvarma_p1q1r2 34484217.68983      0.000    758  
  cop_0433_qvarma_p1q1r2 36443471.29322      0.000    575  
  cop_0434_qvarma_p1q1r2 36754690.71585      0.000    538  
  cop_0435_qvarma_p1q1r2 37147711.03052      0.000    514  
  cop_0436_qvarma_p1q1r2 39927346.94307      0.000    304  
  cop_0437_qvarma_p1q1r2 31026199.34460      0.000    997  
  cop_0438_qvarma_p1q1r2 38532790.61561      0.000    387  
  cop_0439_qvarma_p1q1r2 34624870.51676      0.000    741  
  cop_0440_qvarma_p1q1r2 44514914.27291      0.000     36  
  cop_0441_qvarma_p1q1r2 36890496.50416      0.000    535  
  cop_0442_qvarma_p1q1r2 41117634.31116      0.000    227  
  cop_0443_qvarma_p1q1r2 33842689.38852      0.000    861  
  cop_0444_qvarma_p1q1r2 44396762.88949      0.000     51  
  cop_0445_qvarma_p1q1r2 42955674.48122      0.000     55  
  cop_0446_qvarma_p1q1r2 33065017.42360      0.000    906  
  cop_0447_qvarma_p1q1r2 42560386.45300      0.000     97  
  cop_0448_qvarma_p1q1r2 38954746.02245      0.000    366  
  cop_0449_qvarma_p1q1r2 35935732.11664      0.000    595  
  cop_0450_qvarma_p1q1r2 36606334.69299      0.000    529  
  cop_0451_qvarma_p1q1r2 43989115.20182      0.000     72  
  cop_0452_qvarma_p1q1r2 41394342.91987      0.000    142  
  cop_0453_qvarma_p1q1r2 35507512.67794      0.000    660  
  cop_0454_qvarma_p1q1r2 36090548.16678      0.000    610  
  cop_0455_qvarma_p1q1r2 35589491.31257      0.000    672  
  cop_0456_qvarma_p1q1r2 46276046.75341      0.000      7  
  cop_0457_qvarma_p1q1r2 34252962.41091      0.000    782  
  cop_0458_qvarma_p1q1r2 42057832.20182      0.000    147  
  cop_0459_qvarma_p1q1r2 36427177.11283      0.000    586  
  cop_0460_qvarma_p1q1r2 36658591.67601      0.000    573  
  cop_0461_qvarma_p1q1r2 36182115.46076      0.000    584  
  cop_0462_qvarma_p1q1r2 34322716.99212      0.000    786  
  cop_0463_qvarma_p1q1r2 44597952.63963      0.000     49  
  cop_0464_qvarma_p1q1r2 45570192.93611      0.000     14  
  cop_0465_qvarma_p1q1r2 38751055.43880      0.000    349  
  cop_0466_qvarma_p1q1r2 34866426.41397      0.000    727  
  cop_0467_qvarma_p1q1r2 41671822.04421      0.000    149  
  cop_0468_qvarma_p1q1r2 41678086.02540      0.000    120  
  cop_0469_qvarma_p1q1r2 42265447.76229      0.000    162  
  cop_0470_qvarma_p1q1r2 35776096.29405      0.000    648  
  cop_0471_qvarma_p1q1r2 43513714.89544      0.000     40  
  cop_0472_qvarma_p1q1r2 35864419.26880      0.000    640  
  cop_0473_qvarma_p1q1r2 41352639.90896      0.000    177  
  cop_0474_qvarma_p1q1r2 35845445.20953      0.000    656  
  cop_0475_qvarma_p1q1r2 40406266.89800      0.000    237  
  cop_0476_qvarma_p1q1r2 33738522.84217      0.000    848  
  cop_0477_qvarma_p1q1r2 34389985.36662      0.000    743  
  cop_0478_qvarma_p1q1r2 40231260.41926      0.000    271  
  cop_0479_qvarma_p1q1r2 35456868.52621      0.000    685  
  cop_0480_qvarma_p1q1r2 42952562.06469      0.000    109  
  cop_0481_qvarma_p1q1r2 36245462.27535      0.000    622  
  cop_0482_qvarma_p1q1r2 42295468.43224      0.000    115  
  cop_0483_qvarma_p1q1r2 38198551.47436      0.000    413  
  cop_0484_qvarma_p1q1r2 33257327.20500      0.000    896  
  cop_0485_qvarma_p1q1r2 42058510.92954      0.000    155  
  cop_0486_qvarma_p1q1r2 32948981.91857      0.000    924  
  cop_0487_qvarma_p1q1r2 35233692.06629      0.000    684  
  cop_0488_qvarma_p1q1r2 33829441.73542      0.000    837  
  cop_0489_qvarma_p1q1r2 39284740.23035      0.000    360  
  cop_0490_qvarma_p1q1r2 33625787.38747      0.000    859  
  cop_0491_qvarma_p1q1r2 34794449.49744      0.000    744  
  cop_0492_qvarma_p1q1r2 37497738.92987      0.000    504  
  cop_0493_qvarma_p1q1r2 33450648.83800      0.000    871  
  cop_0494_qvarma_p1q1r2 36324127.56717      0.000    607  
  cop_0495_qvarma_p1q1r2 34199736.27118      0.000    818  
  cop_0496_qvarma_p1q1r2 34528668.21952      0.000    773  
  cop_0497_qvarma_p1q1r2 40993356.91038      0.000    204  
  cop_0498_qvarma_p1q1r2 37825304.66500      0.000    465  
  cop_0499_qvarma_p1q1r2 39027284.02443      0.000    357  
  cop_0500_qvarma_p1q1r2 33460955.44105      0.000    874  
  cop_0501_qvarma_p1q1r2 37558918.04969      0.000    479  
  cop_0502_qvarma_p1q1r2 31815218.19351      0.000    971  
  cop_0503_qvarma_p1q1r2 36309575.68489      0.000    605  
  cop_0504_qvarma_p1q1r2 39156205.52418      0.000    340  
  cop_0505_qvarma_p1q1r2 35055358.22239      0.000    700  
  cop_0506_qvarma_p1q1r2 40327055.97526      0.000    305  
  cop_0507_qvarma_p1q1r2 43775418.61516      0.000     50  
  cop_0508_qvarma_p1q1r2 42537656.01822      0.000     69  
  cop_0509_qvarma_p1q1r2 37064697.39780      0.000    521  
  cop_0510_qvarma_p1q1r2 34796266.72100      0.000    739  
  cop_0511_qvarma_p1q1r2 44102571.66536      0.000     57  
  cop_0512_qvarma_p1q1r2 35192745.94548      0.000    688  
  cop_0513_qvarma_p1q1r2 31822709.88449      0.000    974  
  cop_0514_qvarma_p1q1r2 38147095.92255      0.000    446  
  cop_0515_qvarma_p1q1r2 38584204.54548      0.000    416  
  cop_0516_qvarma_p1q1r2 38484139.02391      0.000    389  
  cop_0517_qvarma_p1q1r2 32741156.14670      0.000    927  
  cop_0518_qvarma_p1q1r2 40633953.99473      0.000    253  
  cop_0519_qvarma_p1q1r2 31705146.21648      0.000    977  
  cop_0520_qvarma_p1q1r2 36813875.14522      0.000    553  
  cop_0521_qvarma_p1q1r2 38464974.00039      0.000    395  
  cop_0522_qvarma_p1q1r2 31839686.64147      0.000    972  
  cop_0523_qvarma_p1q1r2 37046200.45852      0.000    522  
  cop_0524_qvarma_p1q1r2 34168104.01138      0.000    785  
  cop_0525_qvarma_p1q1r2 48188180.16137      0.000      1  
  cop_0526_qvarma_p1q1r2 38525065.38431      0.000    401  
  cop_0527_qvarma_p1q1r2 34775678.25858      0.000    757  
  cop_0528_qvarma_p1q1r2 37990391.44151      0.000    443  
  cop_0529_qvarma_p1q1r2 37335714.74948      0.000    517  
  cop_0530_qvarma_p1q1r2 39491672.88922      0.000    320  
  cop_0531_qvarma_p1q1r2 35038664.08466      0.000    729  
  cop_0532_qvarma_p1q1r2 39477293.15162      0.000    344  
  cop_0533_qvarma_p1q1r2 42719666.32603      0.000    125  
  cop_0534_qvarma_p1q1r2 39867085.11318      0.000    280  
  cop_0535_qvarma_p1q1r2 45065431.51136      0.000     27  
  cop_0536_qvarma_p1q1r2 41503360.69161      0.000    182  
  cop_0537_qvarma_p1q1r2 35637302.12633      0.000    653  
  cop_0538_qvarma_p1q1r2 38533206.01333      0.000    421  
  cop_0539_qvarma_p1q1r2 43331830.64770      0.000     94  
  cop_0540_qvarma_p1q1r2 38765758.90619      0.000    378  
  cop_0541_qvarma_p1q1r2 39079424.10843      0.000    358  
  cop_0542_qvarma_p1q1r2 31830830.10361      0.000    969  
  cop_0543_qvarma_p1q1r2 40173021.46689      0.000    290  
  cop_0544_qvarma_p1q1r2 43300541.08824      0.000     79  
  cop_0545_qvarma_p1q1r2 44102327.42632      0.000     77  
  cop_0546_qvarma_p1q1r2 36031817.63231      0.000    625  
  cop_0547_qvarma_p1q1r2 36838099.58159      0.000    515  
  cop_0548_qvarma_p1q1r2 44929290.84936      0.000     31  
  cop_0549_qvarma_p1q1r2 42740631.77171      0.000    116  
  cop_0550_qvarma_p1q1r2 40077022.09846      0.000    262  
  cop_0551_qvarma_p1q1r2 38672827.93692      0.000    377  
  cop_0552_qvarma_p1q1r2 38967105.76529      0.000    396  
  cop_0553_qvarma_p1q1r2 34026850.61585      0.000    835  
  cop_0554_qvarma_p1q1r2 34053703.77425      0.000    816  
  cop_0555_qvarma_p1q1r2 34617695.65937      0.000    750  
  cop_0556_qvarma_p1q1r2 35757940.08035      0.000    662  
  cop_0557_qvarma_p1q1r2 39487828.97834      0.000    325  
  cop_0558_qvarma_p1q1r2 36309795.68233      0.000    572  
  cop_0559_qvarma_p1q1r2 45445447.88988      0.000     16  
  cop_0560_qvarma_p1q1r2 45714704.63464      0.000     11  
  cop_0561_qvarma_p1q1r2 40508725.43286      0.000    273  
  cop_0562_qvarma_p1q1r2 36881696.13308      0.000    558  
  cop_0563_qvarma_p1q1r2 39459251.67252      0.000    324  
  cop_0564_qvarma_p1q1r2 41334179.84262      0.000    169  
  cop_0565_qvarma_p1q1r2 34492561.81412      0.000    768  
  cop_0566_qvarma_p1q1r2 35384806.13004      0.000    686  
  cop_0567_qvarma_p1q1r2 39053010.86115      0.000    309  
  cop_0568_qvarma_p1q1r2 31947145.87659      0.000    963  
  cop_0569_qvarma_p1q1r2 38123403.72338      0.000    426  
  cop_0570_qvarma_p1q1r2 38899148.17523      0.000    371  
  cop_0571_qvarma_p1q1r2 39257706.71246      0.000    310  
  cop_0572_qvarma_p1q1r2 34023831.30985      0.000    843  
  cop_0573_qvarma_p1q1r2 38525119.70133      0.000    404  
  cop_0574_qvarma_p1q1r2 40406948.62378      0.000    243  
  cop_0575_qvarma_p1q1r2 33053558.13510      0.000    903  
  cop_0576_qvarma_p1q1r2 36530497.55507      0.000    579  
  cop_0577_qvarma_p1q1r2 36507222.88349      0.000    587  
  cop_0578_qvarma_p1q1r2 39637181.72986      0.000    293  
  cop_0579_qvarma_p1q1r2 39634770.68426      0.000    276  
  cop_0580_qvarma_p1q1r2 34022112.33441      0.000    813  
  cop_0581_qvarma_p1q1r2 34271824.18548      0.000    800  
  cop_0582_qvarma_p1q1r2 41034127.56424      0.000    194  
  cop_0583_qvarma_p1q1r2 35185418.07276      0.000    692  
  cop_0584_qvarma_p1q1r2 39008686.83753      0.000    313  
  cop_0585_qvarma_p1q1r2 35093734.97947      0.000    710  
  cop_0586_qvarma_p1q1r2 35929214.32711      0.000    606  
  cop_0587_qvarma_p1q1r2 34065754.12739      0.000    824  
  cop_0588_qvarma_p1q1r2 34165649.38511      0.000    788  
  cop_0589_qvarma_p1q1r2 35698144.65633      0.000    646  
  cop_0590_qvarma_p1q1r2 34122558.43136      0.000    803  
  cop_0591_qvarma_p1q1r2 34223821.45798      0.000    817  
  cop_0592_qvarma_p1q1r2 32365974.75731      0.000    946  
  cop_0593_qvarma_p1q1r2 40972960.75920      0.000    190  
  cop_0594_qvarma_p1q1r2 36568701.16174      0.000    545  
  cop_0595_qvarma_p1q1r2 34089106.47333      0.000    811  
  cop_0596_qvarma_p1q1r2 32280190.47268      0.000    950  
  cop_0597_qvarma_p1q1r2 36789965.64137      0.000    565  
  cop_0598_qvarma_p1q1r2 35926936.52608      0.000    597  
  cop_0599_qvarma_p1q1r2 31222210.66896      0.000    996  
  cop_0600_qvarma_p1q1r2 35003298.72765      0.000    724  
  cop_0601_qvarma_p1q1r2 40143117.19014      0.000    269  
  cop_0602_qvarma_p1q1r2 33956244.33965      0.000    831  
  cop_0603_qvarma_p1q1r2 35711107.47246      0.000    647  
  cop_0604_qvarma_p1q1r2 39902388.17470      0.000    246  
  cop_0605_qvarma_p1q1r2 40505348.89468      0.000    238  
  cop_0606_qvarma_p1q1r2 43269858.19604      0.000     61  
  cop_0607_qvarma_p1q1r2 44107534.49450      0.000     43  
  cop_0608_qvarma_p1q1r2 34075151.08609      0.000    819  
  cop_0609_qvarma_p1q1r2 38447813.81112      0.000    434  
  cop_0610_qvarma_p1q1r2 35359213.83417      0.000    677  
  cop_0611_qvarma_p1q1r2 33227653.53689      0.000    886  
  cop_0612_qvarma_p1q1r2 33999074.01887      0.000    798  
  cop_0613_qvarma_p1q1r2 36339842.33341      0.000    581  
  cop_0614_qvarma_p1q1r2 36840661.24060      0.000    563  
  cop_0615_qvarma_p1q1r2 35958911.01311      0.000    645  
  cop_0616_qvarma_p1q1r2 34552511.27044      0.000    756  
  cop_0617_qvarma_p1q1r2 40846734.69021      0.000    198  
  cop_0618_qvarma_p1q1r2 41324983.74069      0.000    173  
  cop_0619_qvarma_p1q1r2 35554041.01462      0.000    678  
  cop_0620_qvarma_p1q1r2 34637478.05294      0.000    751  
  cop_0621_qvarma_p1q1r2 45037455.96574      0.000     15  
  cop_0622_qvarma_p1q1r2 34787220.67477      0.000    742  
  cop_0623_qvarma_p1q1r2 40842361.43439      0.000    219  
  cop_0624_qvarma_p1q1r2 41750779.83512      0.000    141  
  cop_0625_qvarma_p1q1r2 40464826.89903      0.000    225  
  cop_0626_qvarma_p1q1r2 38309654.50679      0.000    390  
  cop_0627_qvarma_p1q1r2 37514415.82433      0.000    487  
  cop_0628_qvarma_p1q1r2 33429290.86877      0.000    892  
  cop_0629_qvarma_p1q1r2 41077420.23696      0.000    214  
  cop_0630_qvarma_p1q1r2 37544890.51748      0.000    508  
  cop_0631_qvarma_p1q1r2 42478758.15054      0.000    118  
  cop_0632_qvarma_p1q1r2 35149083.21166      0.000    703  
  cop_0633_qvarma_p1q1r2 40149985.96199      0.000    287  
  cop_0634_qvarma_p1q1r2 35945009.18528      0.000    615  
  cop_0635_qvarma_p1q1r2 36521659.05060      0.000    569  
  cop_0636_qvarma_p1q1r2 34526749.61606      0.000    776  
  cop_0637_qvarma_p1q1r2 40364187.39891      0.000    279  
  cop_0638_qvarma_p1q1r2 38826090.65603      0.000    346  
  cop_0639_qvarma_p1q1r2 37489600.57739      0.000    488  
  cop_0640_qvarma_p1q1r2 32998843.40826      0.000    912  
  cop_0641_qvarma_p1q1r2 36007310.21629      0.000    614  
  cop_0642_qvarma_p1q1r2 32521147.54652      0.000    941  
  cop_0643_qvarma_p1q1r2 38608384.64116      0.000    374  
  cop_0644_qvarma_p1q1r2 32645752.85300      0.000    930  
  cop_0645_qvarma_p1q1r2 34539308.30471      0.000    766  
  cop_0646_qvarma_p1q1r2 39062446.03127      0.000    329  
  cop_0647_qvarma_p1q1r2 37432961.50915      0.000    469  
  cop_0648_qvarma_p1q1r2 40186276.76106      0.000    263  
  cop_0649_qvarma_p1q1r2 35885886.10886      0.000    628  
  cop_0650_qvarma_p1q1r2 38838599.18169      0.000    342  
  cop_0651_qvarma_p1q1r2 45241252.97942      0.000     30  
  cop_0652_qvarma_p1q1r2 43834058.29087      0.000     38  
  cop_0653_qvarma_p1q1r2 38108255.55664      0.000    447  
  cop_0654_qvarma_p1q1r2 36397917.60460      0.000    598  
  cop_0655_qvarma_p1q1r2 33016607.62099      0.000    914  
  cop_0656_qvarma_p1q1r2 35676635.31497      0.000    624  
  cop_0657_qvarma_p1q1r2 46464491.03878      0.000      5  
  cop_0658_qvarma_p1q1r2 33298649.83237      0.000    888  
  cop_0659_qvarma_p1q1r2 36801344.82321      0.000    519  
  cop_0660_qvarma_p1q1r2 35032817.41666      0.000    707  
  cop_0661_qvarma_p1q1r2 37352964.36915      0.000    495  
  cop_0662_qvarma_p1q1r2 33958911.61643      0.000    829  
  cop_0663_qvarma_p1q1r2 38903744.58939      0.000    373  
  cop_0664_qvarma_p1q1r2 33134408.83715      0.000    887  
  cop_0665_qvarma_p1q1r2 39022078.73293      0.000    400  
  cop_0666_qvarma_p1q1r2 41505096.70920      0.000    179  
  cop_0667_qvarma_p1q1r2 34413076.26156      0.000    790  
  cop_0668_qvarma_p1q1r2 33343153.42913      0.000    884  
  cop_0669_qvarma_p1q1r2 42021081.65050      0.000    119  
  cop_0670_qvarma_p1q1r2 41822680.77321      0.000    124  
  cop_0671_qvarma_p1q1r2 43588157.90610      0.000     71  
  cop_0672_qvarma_p1q1r2 36931599.14103      0.000    498  
  cop_0673_qvarma_p1q1r2 34015375.19115      0.000    808  
  cop_0674_qvarma_p1q1r2 43581275.52650      0.000     73  
  cop_0675_qvarma_p1q1r2 40390223.35273      0.000    256  
  cop_0676_qvarma_p1q1r2 36735176.23644      0.000    556  
  cop_0677_qvarma_p1q1r2 35360754.90643      0.000    699  
  cop_0678_qvarma_p1q1r2 37115473.61434      0.000    501  
  cop_0679_qvarma_p1q1r2 42443290.81605      0.000    150  
  cop_0680_qvarma_p1q1r2 38516332.00567      0.000    369  
  cop_0681_qvarma_p1q1r2 32957977.50888      0.000    911  
  cop_0682_qvarma_p1q1r2 34027949.46633      0.000    821  
  cop_0683_qvarma_p1q1r2 39306655.48045      0.000    333  
  cop_0684_qvarma_p1q1r2 35212179.32930      0.000    694  
  cop_0685_qvarma_p1q1r2 40688355.41172      0.000    249  
  cop_0686_qvarma_p1q1r2 43343479.13725      0.000     47  
  cop_0687_qvarma_p1q1r2 33076833.44712      0.000    910  
  cop_0688_qvarma_p1q1r2 40668159.78505      0.000    236  
  cop_0689_qvarma_p1q1r2 37088783.25436      0.000    551  
  cop_0690_qvarma_p1q1r2 42085602.96580      0.000    135  
  cop_0691_qvarma_p1q1r2 35093173.72396      0.000    718  
  cop_0692_qvarma_p1q1r2 40389405.91076      0.000    261  
  cop_0693_qvarma_p1q1r2 36126735.47368      0.000    612  
  cop_0694_qvarma_p1q1r2 36215134.98223      0.000    600  
  cop_0695_qvarma_p1q1r2 38207044.09942      0.000    454  
  cop_0696_qvarma_p1q1r2 39383839.06196      0.000    332  
  cop_0697_qvarma_p1q1r2 43045733.80341      0.000     81  
  cop_0698_qvarma_p1q1r2 44422066.20879      0.000     48  
  cop_0699_qvarma_p1q1r2 33697280.01557      0.000    853  
  cop_0700_qvarma_p1q1r2 38166050.97182      0.000    411  
  cop_0701_qvarma_p1q1r2 36324505.10518      0.000    593  
  cop_0702_qvarma_p1q1r2 33926301.65510      0.000    838  
  cop_0703_qvarma_p1q1r2 41864390.36374      0.000    185  
  cop_0704_qvarma_p1q1r2 36145830.19616      0.000    602  
  cop_0705_qvarma_p1q1r2 40353678.63899      0.000    250  
  cop_0706_qvarma_p1q1r2 39048984.79040      0.000    337  
  cop_0707_qvarma_p1q1r2 34339841.23341      0.000    771  
  cop_0708_qvarma_p1q1r2 36833424.03251      0.000    570  
  cop_0709_qvarma_p1q1r2 39620900.45817      0.000    321  
  cop_0710_qvarma_p1q1r2 37315737.68575      0.000    497  
  cop_0711_qvarma_p1q1r2 43119955.18973      0.000     91  
  cop_0712_qvarma_p1q1r2 33474137.72818      0.000    882  
  cop_0713_qvarma_p1q1r2 38316456.81864      0.000    441  
  cop_0714_qvarma_p1q1r2 39946787.55087      0.000    285  
  cop_0715_qvarma_p1q1r2 40825799.52635      0.000    223  
  cop_0716_qvarma_p1q1r2 31802319.72808      0.000    975  
  cop_0717_qvarma_p1q1r2 31472260.64503      0.000    984  
  cop_0718_qvarma_p1q1r2 38106572.82261      0.000    410  
  cop_0719_qvarma_p1q1r2 44119921.73930      0.000     63  
  cop_0720_qvarma_p1q1r2 34830297.24285      0.000    753  
  cop_0721_qvarma_p1q1r2 43241220.51403      0.000     93  
  cop_0722_qvarma_p1q1r2 38175057.07178      0.000    408  
  cop_0723_qvarma_p1q1r2 36910925.82555      0.000    531  
  cop_0724_qvarma_p1q1r2 39568919.76728      0.000    303  
  cop_0725_qvarma_p1q1r2 38201123.21959      0.000    424  
  cop_0726_qvarma_p1q1r2 36626319.36257      0.000    577  
  cop_0727_qvarma_p1q1r2 33255112.07839      0.000    900  
  cop_0728_qvarma_p1q1r2 34010822.48467      0.000    827  
  cop_0729_qvarma_p1q1r2 39129978.97536      0.000    327  
  cop_0730_qvarma_p1q1r2 37800261.98278      0.000    478  
  cop_0731_qvarma_p1q1r2 31436751.81145      0.000    987  
  cop_0732_qvarma_p1q1r2 43001060.61555      0.000     99  
  cop_0733_qvarma_p1q1r2 36879857.15099      0.000    537  
  cop_0734_qvarma_p1q1r2 42745919.12924      0.000    138  
  cop_0735_qvarma_p1q1r2 37654958.65823      0.000    473  
  cop_0736_qvarma_p1q1r2 42659949.50083      0.000    143  
  cop_0737_qvarma_p1q1r2 38674903.57276      0.000    397  
  cop_0738_qvarma_p1q1r2 40238531.13172      0.000    258  
  cop_0739_qvarma_p1q1r2 34704539.15445      0.000    747  
  cop_0740_qvarma_p1q1r2 38996024.74714      0.000    362  
  cop_0741_qvarma_p1q1r2 39763581.81909      0.000    292  
  cop_0742_qvarma_p1q1r2 35911536.48565      0.000    621  
  cop_0743_qvarma_p1q1r2 31219611.29857      0.000    994  
  cop_0744_qvarma_p1q1r2 35444915.37401      0.000    687  
  cop_0745_qvarma_p1q1r2 34415798.26125      0.000    795  
  cop_0746_qvarma_p1q1r2 34377768.23736      0.000    778  
  cop_0747_qvarma_p1q1r2 33201802.69349      0.000    897  
  cop_0748_qvarma_p1q1r2 32496734.11599      0.000    943  
  cop_0749_qvarma_p1q1r2 40520896.20811      0.000    229  
  cop_0750_qvarma_p1q1r2 41172908.61153      0.000    207  
  cop_0751_qvarma_p1q1r2 39856058.99122      0.000    299  
  cop_0752_qvarma_p1q1r2 41611776.77894      0.000    153  
  cop_0753_qvarma_p1q1r2 36383919.22840      0.000    611  
  cop_0754_qvarma_p1q1r2 32920473.85601      0.000    921  
  cop_0755_qvarma_p1q1r2 39612617.06456      0.000    281  
  cop_0756_qvarma_p1q1r2 33339375.54571      0.000    880  
  cop_0757_qvarma_p1q1r2 39511420.98154      0.000    317  
  cop_0758_qvarma_p1q1r2 32190286.19581      0.000    951  
  cop_0759_qvarma_p1q1r2 40018763.25528      0.000    302  
  cop_0760_qvarma_p1q1r2 38568969.84766      0.000    361  
  cop_0761_qvarma_p1q1r2 35379123.28185      0.000    667  
  cop_0762_qvarma_p1q1r2 35213700.63276      0.000    697  
  cop_0763_qvarma_p1q1r2 38881436.66517      0.000    351  
  cop_0764_qvarma_p1q1r2 35079524.22772      0.000    691  
  cop_0765_qvarma_p1q1r2 46103736.20105      0.000      8  
  cop_0766_qvarma_p1q1r2 33750184.38299      0.000    858  
  cop_0767_qvarma_p1q1r2 32078035.40212      0.000    959  
  cop_0768_qvarma_p1q1r2 38738699.37570      0.000    359  
  cop_0769_qvarma_p1q1r2 34250926.79680      0.000    775  
  cop_0770_qvarma_p1q1r2 35971470.33558      0.000    616  
  cop_0771_qvarma_p1q1r2 44348828.71603      0.000     64  
  cop_0772_qvarma_p1q1r2 36747656.86685      0.000    524  
  cop_0773_qvarma_p1q1r2 32318814.06087      0.000    947  
  cop_0774_qvarma_p1q1r2 36817650.58807      0.000    559  
  cop_0775_qvarma_p1q1r2 42907343.20576      0.000    103  
  cop_0776_qvarma_p1q1r2 40037369.61054      0.000    252  
  cop_0777_qvarma_p1q1r2 31414602.65958      0.000    985  
  cop_0778_qvarma_p1q1r2 38507367.73802      0.000    382  
  cop_0779_qvarma_p1q1r2 36599029.25220      0.000    564  
  cop_0780_qvarma_p1q1r2 39436359.74304      0.000    355  
  cop_0781_qvarma_p1q1r2 41109203.35687      0.000    213  
  cop_0782_qvarma_p1q1r2 40604536.10338      0.000    247  
  cop_0783_qvarma_p1q1r2 36165359.98380      0.000    613  
  cop_0784_qvarma_p1q1r2 33386249.28132      0.000    883  
  cop_0785_qvarma_p1q1r2 36246279.49013      0.000    582  
  cop_0786_qvarma_p1q1r2 38085403.96437      0.000    419  
  cop_0787_qvarma_p1q1r2 39021063.47236      0.000    352  
  cop_0788_qvarma_p1q1r2 34004866.29845      0.000    845  
  cop_0789_qvarma_p1q1r2 36549008.74762      0.000    543  
  cop_0790_qvarma_p1q1r2 39858784.25924      0.000    345  
  cop_0791_qvarma_p1q1r2 34300631.19483      0.000    794  
  cop_0792_qvarma_p1q1r2 40675457.52817      0.000    218  
  cop_0793_qvarma_p1q1r2 32742111.69112      0.000    929  
  cop_0794_qvarma_p1q1r2 40486249.69824      0.000    264  
  cop_0795_qvarma_p1q1r2 34164439.56989      0.000    805  
  cop_0796_qvarma_p1q1r2 35320548.57432      0.000    673  
  cop_0797_qvarma_p1q1r2 32535001.52359      0.000    940  
  cop_0798_qvarma_p1q1r2 35876453.85251      0.000    651  
  cop_0799_qvarma_p1q1r2 34586954.61284      0.000    760  
  cop_0800_qvarma_p1q1r2 41721294.36226      0.000    171  
  cop_0801_qvarma_p1q1r2 43090515.20148      0.000     78  
  cop_0802_qvarma_p1q1r2 43158010.81388      0.000     95  
  cop_0803_qvarma_p1q1r2 38746963.99037      0.000    367  
  cop_0804_qvarma_p1q1r2 36405875.00927      0.000    591  
  cop_0805_qvarma_p1q1r2 34298548.08700      0.000    799  
  cop_0806_qvarma_p1q1r2 44720873.47096      0.000     22  
  cop_0807_qvarma_p1q1r2 36501181.32557      0.000    557  
  cop_0808_qvarma_p1q1r2 40211447.70222      0.000    274  
  cop_0809_qvarma_p1q1r2 44688795.31455      0.000     21  
  cop_0810_qvarma_p1q1r2 38687002.92768      0.000    368  
  cop_0811_qvarma_p1q1r2 37938245.33772      0.000    432  
  cop_0812_qvarma_p1q1r2 41579588.31589      0.000    193  
  cop_0813_qvarma_p1q1r2 38050669.08739      0.000    451  
  cop_0814_qvarma_p1q1r2 33993763.61976      0.000    807  
  cop_0815_qvarma_p1q1r2 38134873.58211      0.000    445  
  cop_0816_qvarma_p1q1r2 32421336.61162      0.000    942  
  cop_0817_qvarma_p1q1r2 39987489.86566      0.000    211  
  cop_0818_qvarma_p1q1r2 41253687.18274      0.000    196  
  cop_0819_qvarma_p1q1r2 45490554.81004      0.000     18  
  cop_0820_qvarma_p1q1r2 35378333.61167      0.000    665  
  cop_0821_qvarma_p1q1r2 37852776.41000      0.000    482  
  cop_0822_qvarma_p1q1r2 33326446.62983      0.000    879  
  cop_0823_qvarma_p1q1r2 38945628.62537      0.000    343  
  cop_0824_qvarma_p1q1r2 36162483.22315      0.000    609  
  cop_0825_qvarma_p1q1r2 42698875.18715      0.000     89  
  cop_0826_qvarma_p1q1r2 41762243.15164      0.000    154  
  cop_0827_qvarma_p1q1r2 40119597.84264      0.000    284  
  cop_0828_qvarma_p1q1r2 33517342.81330      0.000    866  
  cop_0829_qvarma_p1q1r2 43186585.14055      0.000    102  
  cop_0830_qvarma_p1q1r2 34206743.13327      0.000    784  
  cop_0831_qvarma_p1q1r2 35235128.63293      0.000    696  
  cop_0832_qvarma_p1q1r2 32139555.34713      0.000    960  
  cop_0833_qvarma_p1q1r2 39659156.04393      0.000    265  
  cop_0834_qvarma_p1q1r2 37277077.95440      0.000    496  
  cop_0835_qvarma_p1q1r2 41950820.22098      0.000    156  
  cop_0836_qvarma_p1q1r2 37111080.45024      0.000    523  
  cop_0837_qvarma_p1q1r2 36067790.02141      0.000    623  
  cop_0838_qvarma_p1q1r2 35484849.33026      0.000    669  
  cop_0839_qvarma_p1q1r2 40138073.49660      0.000    221  
  cop_0840_qvarma_p1q1r2 37299518.11932      0.000    493  
  cop_0841_qvarma_p1q1r2 39089128.08193      0.000    338  
  cop_0842_qvarma_p1q1r2 37479641.91861      0.000    483  
  cop_0843_qvarma_p1q1r2 40002966.61493      0.000    208  
  cop_0844_qvarma_p1q1r2 33574932.42291      0.000    869  
  cop_0845_qvarma_p1q1r2 37971781.14976      0.000    427  
  cop_0846_qvarma_p1q1r2 33757402.07865      0.000    830  
  cop_0847_qvarma_p1q1r2 39224982.27286      0.000    372  
  cop_0848_qvarma_p1q1r2 38018254.91351      0.000    461  
  cop_0849_qvarma_p1q1r2 39787931.54021      0.000    242  
  cop_0850_qvarma_p1q1r2 38973947.42928      0.000    298  
  cop_0851_qvarma_p1q1r2 37752342.14064      0.000    449  
  cop_0852_qvarma_p1q1r2 37800849.44536      0.000    456  
  cop_0853_qvarma_p1q1r2 37779599.82602      0.000    463  
  cop_0854_qvarma_p1q1r2 38582036.44760      0.000    386  
  cop_0855_qvarma_p1q1r2 34941720.82100      0.000    728  
  cop_0856_qvarma_p1q1r2 33649483.24798      0.000    851  
  cop_0857_qvarma_p1q1r2 41780740.19987      0.000    161  
  cop_0858_qvarma_p1q1r2 40616249.71477      0.000    266  
  cop_0859_qvarma_p1q1r2 31290901.79979      0.000    992  
  cop_0860_qvarma_p1q1r2 39947344.28609      0.000    289  
  cop_0861_qvarma_p1q1r2 37963950.50756      0.000    437  
  cop_0862_qvarma_p1q1r2 35820280.86068      0.000    643  
  cop_0863_qvarma_p1q1r2 40322701.72249      0.000    231  
  cop_0864_qvarma_p1q1r2 40927960.50695      0.000    226  
  cop_0865_qvarma_p1q1r2 35804967.34665      0.000    668  
  cop_0866_qvarma_p1q1r2 31650965.16687      0.000    979  
  cop_0867_qvarma_p1q1r2 42321609.82394      0.000    172  
  cop_0868_qvarma_p1q1r2 42576839.34983      0.000    112  
  cop_0869_qvarma_p1q1r2 35910415.12964      0.000    637  
  cop_0870_qvarma_p1q1r2 40395477.67960      0.000    235  
  cop_0871_qvarma_p1q1r2 33007812.86085      0.000    908  
  cop_0872_qvarma_p1q1r2 43111676.34631      0.000    108  
  cop_0873_qvarma_p1q1r2 33980099.08643      0.000    842  
  cop_0874_qvarma_p1q1r2 43159466.20734      0.000    105  
  cop_0875_qvarma_p1q1r2 39485690.26547      0.000    336  
  cop_0876_qvarma_p1q1r2 36063521.77075      0.000    631  
  cop_0877_qvarma_p1q1r2 39023374.36268      0.000    334  
  cop_0878_qvarma_p1q1r2 34349944.48812      0.000    770  
  cop_0879_qvarma_p1q1r2 39073585.61820      0.000    315  
  cop_0880_qvarma_p1q1r2 33424293.66968      0.000    873  
  cop_0881_qvarma_p1q1r2 34583007.71954      0.000    772  
  cop_0882_qvarma_p1q1r2 34515656.49545      0.000    755  
  cop_0883_qvarma_p1q1r2 36788261.25763      0.000    536  
  cop_0884_qvarma_p1q1r2 39675906.98913      0.000    277  
  cop_0885_qvarma_p1q1r2 33963731.72705      0.000    820  
  cop_0886_qvarma_p1q1r2 44279542.58337      0.000     46  
  cop_0887_qvarma_p1q1r2 41565372.28049      0.000    167  
  cop_0888_qvarma_p1q1r2 40134885.48335      0.000    275  
  cop_0889_qvarma_p1q1r2 39728080.69575      0.000    297  
  cop_0890_qvarma_p1q1r2 38831120.05322      0.000    353  
  cop_0891_qvarma_p1q1r2 39553577.55310      0.000    339  
  cop_0892_qvarma_p1q1r2 34519636.84608      0.000    759  
  cop_0893_qvarma_p1q1r2 44537162.22418      0.000     35  
  cop_0894_qvarma_p1q1r2 35880212.07877      0.000    620  
  cop_0895_qvarma_p1q1r2 42761227.13087      0.000     87  
  cop_0896_qvarma_p1q1r2 42217021.29077      0.000    122  
  cop_0897_qvarma_p1q1r2 34387354.45049      0.000    783  
  cop_0898_qvarma_p1q1r2 41883982.18035      0.000    186  
  cop_0899_qvarma_p1q1r2 40589874.46577      0.000    239  
  cop_0900_qvarma_p1q1r2 38146183.67912      0.000    428  
  cop_0901_qvarma_p1q1r2 36426585.07312      0.000    592  
  cop_0902_qvarma_p1q1r2 41828493.13932      0.000    159  
  cop_0903_qvarma_p1q1r2 35271348.83933      0.000    690  
  cop_0904_qvarma_p1q1r2 33956892.90034      0.000    815  
  cop_0905_qvarma_p1q1r2 43123605.51019      0.000    131  
  cop_0906_qvarma_p1q1r2 35041390.10580      0.000    711  
  cop_0907_qvarma_p1q1r2 37454218.90346      0.000    472  
  cop_0908_qvarma_p1q1r2 34927821.28737      0.000    712  
  cop_0909_qvarma_p1q1r2 33173314.94890      0.000    890  
  cop_0910_qvarma_p1q1r2 31477562.71964      0.000    983  
  cop_0911_qvarma_p1q1r2 33631237.81552      0.000    850  
  cop_0912_qvarma_p1q1r2 32313825.06008      0.000    945  
  cop_0913_qvarma_p1q1r2 44311514.53307      0.000     45  
  cop_0914_qvarma_p1q1r2 36522424.22568      0.000    588  
  cop_0915_qvarma_p1q1r2 33901212.95929      0.000    841  
  cop_0916_qvarma_p1q1r2 35997208.61225      0.000    632  
  cop_0917_qvarma_p1q1r2 32211709.74206      0.000    954  
  cop_0918_qvarma_p1q1r2 41230601.98545      0.000    217  
  cop_0919_qvarma_p1q1r2 34366710.85794      0.000    779  
  cop_0920_qvarma_p1q1r2 33970656.20915      0.000    833  
  cop_0921_qvarma_p1q1r2 37771912.00847      0.000    439  
  cop_0922_qvarma_p1q1r2 40918828.91843      0.000    248  
  cop_0923_qvarma_p1q1r2 39847532.48339      0.000    268  
  cop_0924_qvarma_p1q1r2 35497805.61102      0.000    675  
  cop_0925_qvarma_p1q1r2 36989031.24102      0.000    530  
  cop_0926_qvarma_p1q1r2 34194643.72223      0.000    809  
  cop_0927_qvarma_p1q1r2 44469804.13777      0.000     34  
  cop_0928_qvarma_p1q1r2 35764201.82001      0.000    626  
  cop_0929_qvarma_p1q1r2 33422684.96446      0.000    865  
  cop_0930_qvarma_p1q1r2 38071981.19882      0.000    450  
  cop_0931_qvarma_p1q1r2 30375306.83133      1.000      -  yes
  cop_0932_qvarma_p1q1r2 41389536.82994      0.000    205  
  cop_0933_qvarma_p1q1r2 34838755.70381      0.000    734  
  cop_0934_qvarma_p1q1r2 35891714.30588      0.000    650  
  cop_0935_qvarma_p1q1r2 34017142.88044      0.000    802  
  cop_0936_qvarma_p1q1r2 33637512.30119      0.000    846  
  cop_0937_qvarma_p1q1r2 31861047.66562      0.000    965  
  cop_0938_qvarma_p1q1r2 38098584.65167      0.000    433  
  cop_0939_qvarma_p1q1r2 42957521.53005      0.000     88  
  cop_0940_qvarma_p1q1r2 34289467.34762      0.000    774  
  cop_0941_qvarma_p1q1r2 40827371.65884      0.000    228  
  cop_0942_qvarma_p1q1r2 37263957.69912      0.000    502  
  cop_0943_qvarma_p1q1r2 36691456.73203      0.000    560  
  cop_0944_qvarma_p1q1r2 35351448.28215      0.000    682  
  cop_0945_qvarma_p1q1r2 38020292.52844      0.000    442  
  cop_0946_qvarma_p1q1r2 33924063.90608      0.000    836  
  cop_0947_qvarma_p1q1r2 36310452.21068      0.000    566  
  cop_0948_qvarma_p1q1r2 32761842.37502      0.000    928  
  cop_0949_qvarma_p1q1r2 37017814.12353      0.000    550  
  cop_0950_qvarma_p1q1r2 41323147.38014      0.000    206  
  cop_0951_qvarma_p1q1r2 37872848.90118      0.000    457  
  cop_0952_qvarma_p1q1r2 31976721.72538      0.000    962  
  cop_0953_qvarma_p1q1r2 38062749.67417      0.000    464  
  cop_0954_qvarma_p1q1r2 41381456.28019      0.000    152  
  cop_0955_qvarma_p1q1r2 37081521.79739      0.000    528  
  cop_0956_qvarma_p1q1r2 43658520.75886      0.000     62  
  cop_0957_qvarma_p1q1r2 43454433.50346      0.000     66  
  cop_0958_qvarma_p1q1r2 38031683.60695      0.000    452  
  cop_0959_qvarma_p1q1r2 43520231.12536      0.000     75  
  cop_0960_qvarma_p1q1r2 40031410.15895      0.000    283  
  cop_0961_qvarma_p1q1r2 32173770.42759      0.000    958  
  cop_0962_qvarma_p1q1r2 39484231.27354      0.000    318  
  cop_0963_qvarma_p1q1r2 42391816.66058      0.000    146  
  cop_0964_qvarma_p1q1r2 35674054.87810      0.000    666  
  cop_0965_qvarma_p1q1r2 37591572.52346      0.000    485  
  cop_0966_qvarma_p1q1r2 43219760.12226      0.000     85  
  cop_0967_qvarma_p1q1r2 38577721.58206      0.000    383  
  cop_0968_qvarma_p1q1r2 38698873.24462      0.000    356  
  cop_0969_qvarma_p1q1r2 43527931.23542      0.000     76  
  cop_0970_qvarma_p1q1r2 31905162.29480      0.000    966  
  cop_0971_qvarma_p1q1r2 44652728.44702      0.000     41  
  cop_0972_qvarma_p1q1r2 41565500.95227      0.000    148  
  cop_0973_qvarma_p1q1r2 35100407.65585      0.000    725  
  cop_0974_qvarma_p1q1r2 34841757.76007      0.000    730  
  cop_0975_qvarma_p1q1r2 40344203.65879      0.000    212  
  cop_0976_qvarma_p1q1r2 34586151.31918      0.000    767  
  cop_0977_qvarma_p1q1r2 39668720.78762      0.000    322  
  cop_0978_qvarma_p1q1r2 42448620.35907      0.000     90  
  cop_0979_qvarma_p1q1r2 42491493.72267      0.000    128  
  cop_0980_qvarma_p1q1r2 34499990.76884      0.000    763  
  cop_0981_qvarma_p1q1r2 42903268.25066      0.000    117  
  cop_0982_qvarma_p1q1r2 39164375.40416      0.000    296  
  cop_0983_qvarma_p1q1r2 41645621.23592      0.000    160  
  cop_0984_qvarma_p1q1r2 37433865.90246      0.000    477  
  cop_0985_qvarma_p1q1r2 41572849.75261      0.000    199  
  cop_0986_qvarma_p1q1r2 30872231.65718      0.000    999  
  cop_0987_qvarma_p1q1r2 40833195.16290      0.000    220  
  cop_0988_qvarma_p1q1r2 40610197.27098      0.000    215  
  cop_0989_qvarma_p1q1r2 35730608.59056      0.000    659  
  cop_0990_qvarma_p1q1r2 36219350.98014      0.000    608  
  cop_0991_qvarma_p1q1r2 36930962.25240      0.000    539  
  cop_0992_qvarma_p1q1r2 41211456.48897      0.000    164  
  cop_0993_qvarma_p1q1r2 35800994.98031      0.000    644  
  cop_0994_qvarma_p1q1r2 34029206.30192      0.000    834  
  cop_0995_qvarma_p1q1r2 38144332.49210      0.000    422  
  cop_0996_qvarma_p1q1r2 42310647.07345      0.000     80  
  cop_0997_qvarma_p1q1r2 36434338.94745      0.000    555  
  cop_0998_qvarma_p1q1r2 38681415.54250      0.000    364  
  cop_0999_qvarma_p1q1r2 31874814.62665      0.000    973  
  cop_1000_qvarma_p1q1r2 38078841.46352      0.000    429  
  eliminated, worst first: cop_0525_qvarma_p1q1r2 cop_0414_qvarma_p1q1r2 cop_0111_qvarma_p1q1r2 cop_0082_qvarma_p1q1r2 cop_0657_qvarma_p1q1r2 cop_0254_qvarma_p1q1r2 cop_0456_qvarma_p1q1r2 cop_0765_qvarma_p1q1r2 cop_0251_qvarma_p1q1r2 cop_0199_qvarma_p1q1r2 cop_0560_qvarma_p1q1r2 cop_0333_qvarma_p1q1r2 cop_0154_qvarma_p1q1r2 cop_0464_qvarma_p1q1r2 cop_0621_qvarma_p1q1r2 cop_0559_qvarma_p1q1r2 cop_0194_qvarma_p1q1r2 cop_0819_qvarma_p1q1r2 cop_0323_qvarma_p1q1r2 cop_0222_qvarma_p1q1r2 cop_0809_qvarma_p1q1r2 cop_0806_qvarma_p1q1r2 cop_0126_qvarma_p1q1r2 cop_0326_qvarma_p1q1r2 cop_0067_qvarma_p1q1r2 cop_0108_qvarma_p1q1r2 cop_0535_qvarma_p1q1r2 cop_0236_qvarma_p1q1r2 cop_0362_qvarma_p1q1r2 cop_0651_qvarma_p1q1r2 cop_0548_qvarma_p1q1r2 cop_0390_qvarma_p1q1r2 cop_0306_qvarma_p1q1r2 cop_0927_qvarma_p1q1r2 cop_0893_qvarma_p1q1r2 cop_0440_qvarma_p1q1r2 cop_0177_qvarma_p1q1r2 cop_0652_qvarma_p1q1r2 cop_0012_qvarma_p1q1r2 cop_0471_qvarma_p1q1r2 cop_0971_qvarma_p1q1r2 cop_0162_qvarma_p1q1r2 cop_0607_qvarma_p1q1r2 cop_0272_qvarma_p1q1r2 cop_0913_qvarma_p1q1r2 cop_0886_qvarma_p1q1r2 cop_0686_qvarma_p1q1r2 cop_0698_qvarma_p1q1r2 cop_0463_qvarma_p1q1r2 cop_0507_qvarma_p1q1r2 cop_0444_qvarma_p1q1r2 cop_0021_qvarma_p1q1r2 cop_0315_qvarma_p1q1r2 cop_0217_qvarma_p1q1r2 cop_0445_qvarma_p1q1r2 cop_0023_qvarma_p1q1r2 cop_0511_qvarma_p1q1r2 cop_0203_qvarma_p1q1r2 cop_0350_qvarma_p1q1r2 cop_0284_qvarma_p1q1r2 cop_0606_qvarma_p1q1r2 cop_0956_qvarma_p1q1r2 cop_0719_qvarma_p1q1r2 cop_0771_qvarma_p1q1r2 cop_0265_qvarma_p1q1r2 cop_0957_qvarma_p1q1r2 cop_0401_qvarma_p1q1r2 cop_0256_qvarma_p1q1r2 cop_0508_qvarma_p1q1r2 cop_0093_qvarma_p1q1r2 cop_0671_qvarma_p1q1r2 cop_0451_qvarma_p1q1r2 cop_0674_qvarma_p1q1r2 cop_0005_qvarma_p1q1r2 cop_0959_qvarma_p1q1r2 cop_0969_qvarma_p1q1r2 cop_0545_qvarma_p1q1r2 cop_0801_qvarma_p1q1r2 cop_0544_qvarma_p1q1r2 cop_0996_qvarma_p1q1r2 cop_0697_qvarma_p1q1r2 cop_0169_qvarma_p1q1r2 cop_0144_qvarma_p1q1r2 cop_0363_qvarma_p1q1r2 cop_0966_qvarma_p1q1r2 cop_0228_qvarma_p1q1r2 cop_0895_qvarma_p1q1r2 cop_0939_qvarma_p1q1r2 cop_0825_qvarma_p1q1r2 cop_0978_qvarma_p1q1r2 cop_0711_qvarma_p1q1r2 cop_0046_qvarma_p1q1r2 cop_0721_qvarma_p1q1r2 cop_0539_qvarma_p1q1r2 cop_0802_qvarma_p1q1r2 cop_0184_qvarma_p1q1r2 cop_0447_qvarma_p1q1r2 cop_0263_qvarma_p1q1r2 cop_0732_qvarma_p1q1r2 cop_0188_qvarma_p1q1r2 cop_0242_qvarma_p1q1r2 cop_0829_qvarma_p1q1r2 cop_0775_qvarma_p1q1r2 cop_0085_qvarma_p1q1r2 cop_0874_qvarma_p1q1r2 cop_0270_qvarma_p1q1r2 cop_0002_qvarma_p1q1r2 cop_0872_qvarma_p1q1r2 cop_0480_qvarma_p1q1r2 cop_0247_qvarma_p1q1r2 cop_0114_qvarma_p1q1r2 cop_0868_qvarma_p1q1r2 cop_0314_qvarma_p1q1r2 cop_0349_qvarma_p1q1r2 cop_0482_qvarma_p1q1r2 cop_0549_qvarma_p1q1r2 cop_0981_qvarma_p1q1r2 cop_0631_qvarma_p1q1r2 cop_0669_qvarma_p1q1r2 cop_0468_qvarma_p1q1r2 cop_0083_qvarma_p1q1r2 cop_0896_qvarma_p1q1r2 cop_0243_qvarma_p1q1r2 cop_0670_qvarma_p1q1r2 cop_0533_qvarma_p1q1r2 cop_0372_qvarma_p1q1r2 cop_0176_qvarma_p1q1r2 cop_0979_qvarma_p1q1r2 cop_0150_qvarma_p1q1r2 cop_0223_qvarma_p1q1r2 cop_0905_qvarma_p1q1r2 cop_0235_qvarma_p1q1r2 cop_0374_qvarma_p1q1r2 cop_0234_qvarma_p1q1r2 cop_0690_qvarma_p1q1r2 cop_0378_qvarma_p1q1r2 cop_0339_qvarma_p1q1r2 cop_0734_qvarma_p1q1r2 cop_0207_qvarma_p1q1r2 cop_0079_qvarma_p1q1r2 cop_0624_qvarma_p1q1r2 cop_0452_qvarma_p1q1r2 cop_0736_qvarma_p1q1r2 cop_0127_qvarma_p1q1r2 cop_0084_qvarma_p1q1r2 cop_0963_qvarma_p1q1r2 cop_0458_qvarma_p1q1r2 cop_0972_qvarma_p1q1r2 cop_0467_qvarma_p1q1r2 cop_0679_qvarma_p1q1r2 cop_0026_qvarma_p1q1r2 cop_0954_qvarma_p1q1r2 cop_0752_qvarma_p1q1r2 cop_0826_qvarma_p1q1r2 cop_0485_qvarma_p1q1r2 cop_0835_qvarma_p1q1r2 cop_0182_qvarma_p1q1r2 cop_0387_qvarma_p1q1r2 cop_0902_qvarma_p1q1r2 cop_0983_qvarma_p1q1r2 cop_0857_qvarma_p1q1r2 cop_0469_qvarma_p1q1r2 cop_0336_qvarma_p1q1r2 cop_0992_qvarma_p1q1r2 cop_0300_qvarma_p1q1r2 cop_0354_qvarma_p1q1r2 cop_0887_qvarma_p1q1r2 cop_0198_qvarma_p1q1r2 cop_0564_qvarma_p1q1r2 cop_0195_qvarma_p1q1r2 cop_0800_qvarma_p1q1r2 cop_0867_qvarma_p1q1r2 cop_0618_qvarma_p1q1r2 cop_0013_qvarma_p1q1r2 cop_0104_qvarma_p1q1r2 cop_0105_qvarma_p1q1r2 cop_0473_qvarma_p1q1r2 cop_0396_qvarma_p1q1r2 cop_0666_qvarma_p1q1r2 cop_0201_qvarma_p1q1r2 cop_0279_qvarma_p1q1r2 cop_0536_qvarma_p1q1r2 cop_0098_qvarma_p1q1r2 cop_0371_qvarma_p1q1r2 cop_0703_qvarma_p1q1r2 cop_0898_qvarma_p1q1r2 cop_0186_qvarma_p1q1r2 cop_0138_qvarma_p1q1r2 cop_0017_qvarma_p1q1r2 cop_0593_qvarma_p1q1r2 cop_0151_qvarma_p1q1r2 cop_0305_qvarma_p1q1r2 cop_0812_qvarma_p1q1r2 cop_0582_qvarma_p1q1r2 cop_0276_qvarma_p1q1r2 cop_0818_qvarma_p1q1r2 cop_0394_qvarma_p1q1r2 cop_0617_qvarma_p1q1r2 cop_0985_qvarma_p1q1r2 cop_0122_qvarma_p1q1r2 cop_0269_qvarma_p1q1r2 cop_0343_qvarma_p1q1r2 cop_0375_qvarma_p1q1r2 cop_0497_qvarma_p1q1r2 cop_0932_qvarma_p1q1r2 cop_0950_qvarma_p1q1r2 cop_0750_qvarma_p1q1r2 cop_0843_qvarma_p1q1r2 cop_0338_qvarma_p1q1r2 cop_0092_qvarma_p1q1r2 cop_0817_qvarma_p1q1r2 cop_0975_qvarma_p1q1r2 cop_0781_qvarma_p1q1r2 cop_0629_qvarma_p1q1r2 cop_0988_qvarma_p1q1r2 cop_0149_qvarma_p1q1r2 cop_0918_qvarma_p1q1r2 cop_0792_qvarma_p1q1r2 cop_0623_qvarma_p1q1r2 cop_0987_qvarma_p1q1r2 cop_0839_qvarma_p1q1r2 cop_0077_qvarma_p1q1r2 cop_0715_qvarma_p1q1r2 cop_0346_qvarma_p1q1r2 cop_0625_qvarma_p1q1r2 cop_0864_qvarma_p1q1r2 cop_0442_qvarma_p1q1r2 cop_0941_qvarma_p1q1r2 cop_0749_qvarma_p1q1r2 cop_0289_qvarma_p1q1r2 cop_0863_qvarma_p1q1r2 cop_0124_qvarma_p1q1r2 cop_0392_qvarma_p1q1r2 cop_0039_qvarma_p1q1r2 cop_0870_qvarma_p1q1r2 cop_0688_qvarma_p1q1r2 cop_0475_qvarma_p1q1r2 cop_0605_qvarma_p1q1r2 cop_0899_qvarma_p1q1r2 cop_0094_qvarma_p1q1r2 cop_0328_qvarma_p1q1r2 cop_0849_qvarma_p1q1r2 cop_0574_qvarma_p1q1r2 cop_0360_qvarma_p1q1r2 cop_0089_qvarma_p1q1r2 cop_0604_qvarma_p1q1r2 cop_0782_qvarma_p1q1r2 cop_0922_qvarma_p1q1r2 cop_0685_qvarma_p1q1r2 cop_0705_qvarma_p1q1r2 cop_0072_qvarma_p1q1r2 cop_0776_qvarma_p1q1r2 cop_0518_qvarma_p1q1r2 cop_0416_qvarma_p1q1r2 cop_0398_qvarma_p1q1r2 cop_0675_qvarma_p1q1r2 cop_0006_qvarma_p1q1r2 cop_0738_qvarma_p1q1r2 cop_0132_qvarma_p1q1r2 cop_0431_qvarma_p1q1r2 cop_0692_qvarma_p1q1r2 cop_0550_qvarma_p1q1r2 cop_0648_qvarma_p1q1r2 cop_0794_qvarma_p1q1r2 cop_0833_qvarma_p1q1r2 cop_0858_qvarma_p1q1r2 cop_0015_qvarma_p1q1r2 cop_0923_qvarma_p1q1r2 cop_0601_qvarma_p1q1r2 cop_0411_qvarma_p1q1r2 cop_0478_qvarma_p1q1r2 cop_0185_qvarma_p1q1r2 cop_0561_qvarma_p1q1r2 cop_0808_qvarma_p1q1r2 cop_0888_qvarma_p1q1r2 cop_0579_qvarma_p1q1r2 cop_0884_qvarma_p1q1r2 cop_0152_qvarma_p1q1r2 cop_0637_qvarma_p1q1r2 cop_0534_qvarma_p1q1r2 cop_0755_qvarma_p1q1r2 cop_0383_qvarma_p1q1r2 cop_0960_qvarma_p1q1r2 cop_0827_qvarma_p1q1r2 cop_0714_qvarma_p1q1r2 cop_0230_qvarma_p1q1r2 cop_0633_qvarma_p1q1r2 cop_0209_qvarma_p1q1r2 cop_0860_qvarma_p1q1r2 cop_0543_qvarma_p1q1r2 cop_0160_qvarma_p1q1r2 cop_0741_qvarma_p1q1r2 cop_0578_qvarma_p1q1r2 cop_0327_qvarma_p1q1r2 cop_0125_qvarma_p1q1r2 cop_0982_qvarma_p1q1r2 cop_0889_qvarma_p1q1r2 cop_0850_qvarma_p1q1r2 cop_0751_qvarma_p1q1r2 cop_0334_qvarma_p1q1r2 cop_0064_qvarma_p1q1r2 cop_0759_qvarma_p1q1r2 cop_0724_qvarma_p1q1r2 cop_0436_qvarma_p1q1r2 cop_0506_qvarma_p1q1r2 cop_0010_qvarma_p1q1r2 cop_0278_qvarma_p1q1r2 cop_0115_qvarma_p1q1r2 cop_0567_qvarma_p1q1r2 cop_0571_qvarma_p1q1r2 cop_0047_qvarma_p1q1r2 cop_0153_qvarma_p1q1r2 cop_0584_qvarma_p1q1r2 cop_0355_qvarma_p1q1r2 cop_0879_qvarma_p1q1r2 cop_0212_qvarma_p1q1r2 cop_0757_qvarma_p1q1r2 cop_0962_qvarma_p1q1r2 cop_0171_qvarma_p1q1r2 cop_0530_qvarma_p1q1r2 cop_0709_qvarma_p1q1r2 cop_0977_qvarma_p1q1r2 cop_0366_qvarma_p1q1r2 cop_0563_qvarma_p1q1r2 cop_0557_qvarma_p1q1r2 cop_0321_qvarma_p1q1r2 cop_0729_qvarma_p1q1r2 cop_0170_qvarma_p1q1r2 cop_0646_qvarma_p1q1r2 cop_0118_qvarma_p1q1r2 cop_0381_qvarma_p1q1r2 cop_0696_qvarma_p1q1r2 cop_0683_qvarma_p1q1r2 cop_0877_qvarma_p1q1r2 cop_0399_qvarma_p1q1r2 cop_0875_qvarma_p1q1r2 cop_0706_qvarma_p1q1r2 cop_0841_qvarma_p1q1r2 cop_0891_qvarma_p1q1r2 cop_0504_qvarma_p1q1r2 cop_0219_qvarma_p1q1r2 cop_0650_qvarma_p1q1r2 cop_0823_qvarma_p1q1r2 cop_0532_qvarma_p1q1r2 cop_0790_qvarma_p1q1r2 cop_0638_qvarma_p1q1r2 cop_0158_qvarma_p1q1r2 cop_0337_qvarma_p1q1r2 cop_0465_qvarma_p1q1r2 cop_0024_qvarma_p1q1r2 cop_0763_qvarma_p1q1r2 cop_0787_qvarma_p1q1r2 cop_0890_qvarma_p1q1r2 cop_0361_qvarma_p1q1r2 cop_0780_qvarma_p1q1r2 cop_0968_qvarma_p1q1r2 cop_0499_qvarma_p1q1r2 cop_0541_qvarma_p1q1r2 cop_0768_qvarma_p1q1r2 cop_0489_qvarma_p1q1r2 cop_0760_qvarma_p1q1r2 cop_0740_qvarma_p1q1r2 cop_0262_qvarma_p1q1r2 cop_0998_qvarma_p1q1r2 cop_0075_qvarma_p1q1r2 cop_0448_qvarma_p1q1r2 cop_0803_qvarma_p1q1r2 cop_0810_qvarma_p1q1r2 cop_0680_qvarma_p1q1r2 cop_0068_qvarma_p1q1r2 cop_0570_qvarma_p1q1r2 cop_0847_qvarma_p1q1r2 cop_0663_qvarma_p1q1r2 cop_0643_qvarma_p1q1r2 cop_0322_qvarma_p1q1r2 cop_0211_qvarma_p1q1r2 cop_0551_qvarma_p1q1r2 cop_0540_qvarma_p1q1r2 cop_0295_qvarma_p1q1r2 cop_0421_qvarma_p1q1r2 cop_0116_qvarma_p1q1r2 cop_0778_qvarma_p1q1r2 cop_0967_qvarma_p1q1r2 cop_0030_qvarma_p1q1r2 cop_0145_qvarma_p1q1r2 cop_0854_qvarma_p1q1r2 cop_0438_qvarma_p1q1r2 cop_0137_qvarma_p1q1r2 cop_0516_qvarma_p1q1r2 cop_0626_qvarma_p1q1r2 cop_0384_qvarma_p1q1r2 cop_0329_qvarma_p1q1r2 cop_0325_qvarma_p1q1r2 cop_0086_qvarma_p1q1r2 cop_0521_qvarma_p1q1r2 cop_0552_qvarma_p1q1r2 cop_0737_qvarma_p1q1r2 cop_0193_qvarma_p1q1r2 cop_0102_qvarma_p1q1r2 cop_0665_qvarma_p1q1r2 cop_0526_qvarma_p1q1r2 cop_0404_qvarma_p1q1r2 cop_0415_qvarma_p1q1r2 cop_0573_qvarma_p1q1r2 cop_0324_qvarma_p1q1r2 cop_0213_qvarma_p1q1r2 cop_0106_qvarma_p1q1r2 cop_0722_qvarma_p1q1r2 cop_0233_qvarma_p1q1r2 cop_0718_qvarma_p1q1r2 cop_0700_qvarma_p1q1r2 cop_0087_qvarma_p1q1r2 cop_0483_qvarma_p1q1r2 cop_0062_qvarma_p1q1r2 cop_0418_qvarma_p1q1r2 cop_0515_qvarma_p1q1r2 cop_0245_qvarma_p1q1r2 cop_0063_qvarma_p1q1r2 cop_0786_qvarma_p1q1r2 cop_0103_qvarma_p1q1r2 cop_0538_qvarma_p1q1r2 cop_0995_qvarma_p1q1r2 cop_0232_qvarma_p1q1r2 cop_0725_qvarma_p1q1r2 cop_0192_qvarma_p1q1r2 cop_0569_qvarma_p1q1r2 cop_0845_qvarma_p1q1r2 cop_0900_qvarma_p1q1r2 cop_1000_qvarma_p1q1r2 cop_0130_qvarma_p1q1r2 cop_0164_qvarma_p1q1r2 cop_0811_qvarma_p1q1r2 cop_0938_qvarma_p1q1r2 cop_0609_qvarma_p1q1r2 cop_0385_qvarma_p1q1r2 cop_0391_qvarma_p1q1r2 cop_0861_qvarma_p1q1r2 cop_0227_qvarma_p1q1r2 cop_0921_qvarma_p1q1r2 cop_0008_qvarma_p1q1r2 cop_0713_qvarma_p1q1r2 cop_0945_qvarma_p1q1r2 cop_0528_qvarma_p1q1r2 cop_0335_qvarma_p1q1r2 cop_0815_qvarma_p1q1r2 cop_0514_qvarma_p1q1r2 cop_0653_qvarma_p1q1r2 cop_0004_qvarma_p1q1r2 cop_0851_qvarma_p1q1r2 cop_0930_qvarma_p1q1r2 cop_0813_qvarma_p1q1r2 cop_0958_qvarma_p1q1r2 cop_0042_qvarma_p1q1r2 cop_0695_qvarma_p1q1r2 cop_0189_qvarma_p1q1r2 cop_0852_qvarma_p1q1r2 cop_0951_qvarma_p1q1r2 cop_0056_qvarma_p1q1r2 cop_0037_qvarma_p1q1r2 cop_0410_qvarma_p1q1r2 cop_0848_qvarma_p1q1r2 cop_0296_qvarma_p1q1r2 cop_0853_qvarma_p1q1r2 cop_0953_qvarma_p1q1r2 cop_0498_qvarma_p1q1r2 cop_0283_qvarma_p1q1r2 cop_0420_qvarma_p1q1r2 cop_0255_qvarma_p1q1r2 cop_0647_qvarma_p1q1r2 cop_0288_qvarma_p1q1r2 cop_0301_qvarma_p1q1r2 cop_0907_qvarma_p1q1r2 cop_0735_qvarma_p1q1r2 cop_0377_qvarma_p1q1r2 cop_0090_qvarma_p1q1r2 cop_0297_qvarma_p1q1r2 cop_0984_qvarma_p1q1r2 cop_0730_qvarma_p1q1r2 cop_0501_qvarma_p1q1r2 cop_0259_qvarma_p1q1r2 cop_0260_qvarma_p1q1r2 cop_0821_qvarma_p1q1r2 cop_0842_qvarma_p1q1r2 cop_0370_qvarma_p1q1r2 cop_0965_qvarma_p1q1r2 cop_0161_qvarma_p1q1r2 cop_0627_qvarma_p1q1r2 cop_0639_qvarma_p1q1r2 cop_0290_qvarma_p1q1r2 cop_0266_qvarma_p1q1r2 cop_0133_qvarma_p1q1r2 cop_0426_qvarma_p1q1r2 cop_0840_qvarma_p1q1r2 cop_0367_qvarma_p1q1r2 cop_0661_qvarma_p1q1r2 cop_0834_qvarma_p1q1r2 cop_0710_qvarma_p1q1r2 cop_0672_qvarma_p1q1r2 cop_0099_qvarma_p1q1r2 cop_0180_qvarma_p1q1r2 cop_0678_qvarma_p1q1r2 cop_0942_qvarma_p1q1r2 cop_0220_qvarma_p1q1r2 cop_0492_qvarma_p1q1r2 cop_0357_qvarma_p1q1r2 cop_0221_qvarma_p1q1r2 cop_0187_qvarma_p1q1r2 cop_0630_qvarma_p1q1r2 cop_0190_qvarma_p1q1r2 cop_0061_qvarma_p1q1r2 cop_0029_qvarma_p1q1r2 cop_0148_qvarma_p1q1r2 cop_0280_qvarma_p1q1r2 cop_0435_qvarma_p1q1r2 cop_0547_qvarma_p1q1r2 cop_0043_qvarma_p1q1r2 cop_0529_qvarma_p1q1r2 cop_0041_qvarma_p1q1r2 cop_0659_qvarma_p1q1r2 cop_0208_qvarma_p1q1r2 cop_0509_qvarma_p1q1r2 cop_0523_qvarma_p1q1r2 cop_0836_qvarma_p1q1r2 cop_0772_qvarma_p1q1r2 cop_0204_qvarma_p1q1r2 cop_0053_qvarma_p1q1r2 cop_0405_qvarma_p1q1r2 cop_0955_qvarma_p1q1r2 cop_0450_qvarma_p1q1r2 cop_0925_qvarma_p1q1r2 cop_0723_qvarma_p1q1r2 cop_0016_qvarma_p1q1r2 cop_0034_qvarma_p1q1r2 cop_0248_qvarma_p1q1r2 cop_0441_qvarma_p1q1r2 cop_0883_qvarma_p1q1r2 cop_0733_qvarma_p1q1r2 cop_0434_qvarma_p1q1r2 cop_0991_qvarma_p1q1r2 cop_0423_qvarma_p1q1r2 cop_0302_qvarma_p1q1r2 cop_0074_qvarma_p1q1r2 cop_0789_qvarma_p1q1r2 cop_0376_qvarma_p1q1r2 cop_0594_qvarma_p1q1r2 cop_0309_qvarma_p1q1r2 cop_0076_qvarma_p1q1r2 cop_0264_qvarma_p1q1r2 cop_0157_qvarma_p1q1r2 cop_0949_qvarma_p1q1r2 cop_0689_qvarma_p1q1r2 cop_0281_qvarma_p1q1r2 cop_0520_qvarma_p1q1r2 cop_0096_qvarma_p1q1r2 cop_0997_qvarma_p1q1r2 cop_0676_qvarma_p1q1r2 cop_0807_qvarma_p1q1r2 cop_0562_qvarma_p1q1r2 cop_0774_qvarma_p1q1r2 cop_0943_qvarma_p1q1r2 cop_0406_qvarma_p1q1r2 cop_0253_qvarma_p1q1r2 cop_0614_qvarma_p1q1r2 cop_0779_qvarma_p1q1r2 cop_0597_qvarma_p1q1r2 cop_0947_qvarma_p1q1r2 cop_0101_qvarma_p1q1r2 cop_0389_qvarma_p1q1r2 cop_0635_qvarma_p1q1r2 cop_0708_qvarma_p1q1r2 cop_0136_qvarma_p1q1r2 cop_0558_qvarma_p1q1r2 cop_0460_qvarma_p1q1r2 cop_0244_qvarma_p1q1r2 cop_0433_qvarma_p1q1r2 cop_0292_qvarma_p1q1r2 cop_0726_qvarma_p1q1r2 cop_0141_qvarma_p1q1r2 cop_0576_qvarma_p1q1r2 cop_0142_qvarma_p1q1r2 cop_0613_qvarma_p1q1r2 cop_0785_qvarma_p1q1r2 cop_0428_qvarma_p1q1r2 cop_0461_qvarma_p1q1r2 cop_0175_qvarma_p1q1r2 cop_0459_qvarma_p1q1r2 cop_0577_qvarma_p1q1r2 cop_0914_qvarma_p1q1r2 cop_0294_qvarma_p1q1r2 cop_0273_qvarma_p1q1r2 cop_0804_qvarma_p1q1r2 cop_0901_qvarma_p1q1r2 cop_0701_qvarma_p1q1r2 cop_0173_qvarma_p1q1r2 cop_0449_qvarma_p1q1r2 cop_0140_qvarma_p1q1r2 cop_0598_qvarma_p1q1r2 cop_0654_qvarma_p1q1r2 cop_0022_qvarma_p1q1r2 cop_0694_qvarma_p1q1r2 cop_0380_qvarma_p1q1r2 cop_0704_qvarma_p1q1r2 cop_0131_qvarma_p1q1r2 cop_0055_qvarma_p1q1r2 cop_0503_qvarma_p1q1r2 cop_0586_qvarma_p1q1r2 cop_0494_qvarma_p1q1r2 cop_0990_qvarma_p1q1r2 cop_0824_qvarma_p1q1r2 cop_0454_qvarma_p1q1r2 cop_0753_qvarma_p1q1r2 cop_0693_qvarma_p1q1r2 cop_0783_qvarma_p1q1r2 cop_0641_qvarma_p1q1r2 cop_0634_qvarma_p1q1r2 cop_0770_qvarma_p1q1r2 cop_0167_qvarma_p1q1r2 cop_0050_qvarma_p1q1r2 cop_0312_qvarma_p1q1r2 cop_0894_qvarma_p1q1r2 cop_0742_qvarma_p1q1r2 cop_0481_qvarma_p1q1r2 cop_0837_qvarma_p1q1r2 cop_0656_qvarma_p1q1r2 cop_0546_qvarma_p1q1r2 cop_0928_qvarma_p1q1r2 cop_0191_qvarma_p1q1r2 cop_0649_qvarma_p1q1r2 cop_0425_qvarma_p1q1r2 cop_0216_qvarma_p1q1r2 cop_0876_qvarma_p1q1r2 cop_0916_qvarma_p1q1r2 cop_0060_qvarma_p1q1r2 cop_0274_qvarma_p1q1r2 cop_0014_qvarma_p1q1r2 cop_0229_qvarma_p1q1r2 cop_0869_qvarma_p1q1r2 cop_0310_qvarma_p1q1r2 cop_0065_qvarma_p1q1r2 cop_0472_qvarma_p1q1r2 cop_0166_qvarma_p1q1r2 cop_0049_qvarma_p1q1r2 cop_0862_qvarma_p1q1r2 cop_0993_qvarma_p1q1r2 cop_0615_qvarma_p1q1r2 cop_0589_qvarma_p1q1r2 cop_0603_qvarma_p1q1r2 cop_0470_qvarma_p1q1r2 cop_0261_qvarma_p1q1r2 cop_0934_qvarma_p1q1r2 cop_0798_qvarma_p1q1r2 cop_0341_qvarma_p1q1r2 cop_0537_qvarma_p1q1r2 cop_0365_qvarma_p1q1r2 cop_0020_qvarma_p1q1r2 cop_0474_qvarma_p1q1r2 cop_0097_qvarma_p1q1r2 cop_0388_qvarma_p1q1r2 cop_0989_qvarma_p1q1r2 cop_0453_qvarma_p1q1r2 cop_0422_qvarma_p1q1r2 cop_0556_qvarma_p1q1r2 cop_0121_qvarma_p1q1r2 cop_0257_qvarma_p1q1r2 cop_0820_qvarma_p1q1r2 cop_0964_qvarma_p1q1r2 cop_0761_qvarma_p1q1r2 cop_0865_qvarma_p1q1r2 cop_0838_qvarma_p1q1r2 cop_0054_qvarma_p1q1r2 cop_0112_qvarma_p1q1r2 cop_0455_qvarma_p1q1r2 cop_0796_qvarma_p1q1r2 cop_0226_qvarma_p1q1r2 cop_0924_qvarma_p1q1r2 cop_0241_qvarma_p1q1r2 cop_0610_qvarma_p1q1r2 cop_0619_qvarma_p1q1r2 cop_0071_qvarma_p1q1r2 cop_0293_qvarma_p1q1r2 cop_0368_qvarma_p1q1r2 cop_0944_qvarma_p1q1r2 cop_0134_qvarma_p1q1r2 cop_0487_qvarma_p1q1r2 cop_0479_qvarma_p1q1r2 cop_0566_qvarma_p1q1r2 cop_0744_qvarma_p1q1r2 cop_0512_qvarma_p1q1r2 cop_0258_qvarma_p1q1r2 cop_0903_qvarma_p1q1r2 cop_0764_qvarma_p1q1r2 cop_0583_qvarma_p1q1r2 cop_0206_qvarma_p1q1r2 cop_0684_qvarma_p1q1r2 cop_0095_qvarma_p1q1r2 cop_0831_qvarma_p1q1r2 cop_0762_qvarma_p1q1r2 cop_0117_qvarma_p1q1r2 cop_0677_qvarma_p1q1r2 cop_0505_qvarma_p1q1r2 cop_0332_qvarma_p1q1r2 cop_0200_qvarma_p1q1r2 cop_0632_qvarma_p1q1r2 cop_0205_qvarma_p1q1r2 cop_0139_qvarma_p1q1r2 cop_0081_qvarma_p1q1r2 cop_0660_qvarma_p1q1r2 cop_0174_qvarma_p1q1r2 cop_0033_qvarma_p1q1r2 cop_0585_qvarma_p1q1r2 cop_0906_qvarma_p1q1r2 cop_0908_qvarma_p1q1r2 cop_0424_qvarma_p1q1r2 cop_0051_qvarma_p1q1r2 cop_0143_qvarma_p1q1r2 cop_0286_qvarma_p1q1r2 cop_0427_qvarma_p1q1r2 cop_0691_qvarma_p1q1r2 cop_0277_qvarma_p1q1r2 cop_0052_qvarma_p1q1r2 cop_0403_qvarma_p1q1r2 cop_0019_qvarma_p1q1r2 cop_0364_qvarma_p1q1r2 cop_0600_qvarma_p1q1r2 cop_0973_qvarma_p1q1r2 cop_0058_qvarma_p1q1r2 cop_0466_qvarma_p1q1r2 cop_0855_qvarma_p1q1r2 cop_0531_qvarma_p1q1r2 cop_0974_qvarma_p1q1r2 cop_0342_qvarma_p1q1r2 cop_0224_qvarma_p1q1r2 cop_0025_qvarma_p1q1r2 cop_0933_qvarma_p1q1r2 cop_0031_qvarma_p1q1r2 cop_0009_qvarma_p1q1r2 cop_0291_qvarma_p1q1r2 cop_0129_qvarma_p1q1r2 cop_0510_qvarma_p1q1r2 cop_0313_qvarma_p1q1r2 cop_0439_qvarma_p1q1r2 cop_0622_qvarma_p1q1r2 cop_0477_qvarma_p1q1r2 cop_0491_qvarma_p1q1r2 cop_0100_qvarma_p1q1r2 cop_0048_qvarma_p1q1r2 cop_0739_qvarma_p1q1r2 cop_0250_qvarma_p1q1r2 cop_0147_qvarma_p1q1r2 cop_0555_qvarma_p1q1r2 cop_0620_qvarma_p1q1r2 cop_0018_qvarma_p1q1r2 cop_0720_qvarma_p1q1r2 cop_0282_qvarma_p1q1r2 cop_0882_qvarma_p1q1r2 cop_0616_qvarma_p1q1r2 cop_0527_qvarma_p1q1r2 cop_0432_qvarma_p1q1r2 cop_0892_qvarma_p1q1r2 cop_0799_qvarma_p1q1r2 cop_0069_qvarma_p1q1r2 cop_0316_qvarma_p1q1r2 cop_0980_qvarma_p1q1r2 cop_0249_qvarma_p1q1r2 cop_0080_qvarma_p1q1r2 cop_0645_qvarma_p1q1r2 cop_0976_qvarma_p1q1r2 cop_0565_qvarma_p1q1r2 cop_0317_qvarma_p1q1r2 cop_0878_qvarma_p1q1r2 cop_0707_qvarma_p1q1r2 cop_0881_qvarma_p1q1r2 cop_0496_qvarma_p1q1r2 cop_0940_qvarma_p1q1r2 cop_0769_qvarma_p1q1r2 cop_0636_qvarma_p1q1r2 cop_0003_qvarma_p1q1r2 cop_0746_qvarma_p1q1r2 cop_0919_qvarma_p1q1r2 cop_0419_qvarma_p1q1r2 cop_0027_qvarma_p1q1r2 cop_0457_qvarma_p1q1r2 cop_0897_qvarma_p1q1r2 cop_0830_qvarma_p1q1r2 cop_0524_qvarma_p1q1r2 cop_0462_qvarma_p1q1r2 cop_0429_qvarma_p1q1r2 cop_0588_qvarma_p1q1r2 cop_0210_qvarma_p1q1r2 cop_0667_qvarma_p1q1r2 cop_0298_qvarma_p1q1r2 cop_0231_qvarma_p1q1r2 cop_0304_qvarma_p1q1r2 cop_0791_qvarma_p1q1r2 cop_0745_qvarma_p1q1r2 cop_0359_qvarma_p1q1r2 cop_0356_qvarma_p1q1r2 cop_0612_qvarma_p1q1r2 cop_0805_qvarma_p1q1r2 cop_0581_qvarma_p1q1r2 cop_0386_qvarma_p1q1r2 cop_0935_qvarma_p1q1r2 cop_0590_qvarma_p1q1r2 cop_0120_qvarma_p1q1r2 cop_0795_qvarma_p1q1r2 cop_0408_qvarma_p1q1r2 cop_0814_qvarma_p1q1r2 cop_0673_qvarma_p1q1r2 cop_0926_qvarma_p1q1r2 cop_0110_qvarma_p1q1r2 cop_0595_qvarma_p1q1r2 cop_0059_qvarma_p1q1r2 cop_0580_qvarma_p1q1r2 cop_0168_qvarma_p1q1r2 cop_0904_qvarma_p1q1r2 cop_0554_qvarma_p1q1r2 cop_0591_qvarma_p1q1r2 cop_0495_qvarma_p1q1r2 cop_0608_qvarma_p1q1r2 cop_0885_qvarma_p1q1r2 cop_0682_qvarma_p1q1r2 cop_0348_qvarma_p1q1r2 cop_0319_qvarma_p1q1r2 cop_0587_qvarma_p1q1r2 cop_0155_qvarma_p1q1r2 cop_0402_qvarma_p1q1r2 cop_0728_qvarma_p1q1r2 cop_0407_qvarma_p1q1r2 cop_0662_qvarma_p1q1r2 cop_0846_qvarma_p1q1r2 cop_0602_qvarma_p1q1r2 cop_0369_qvarma_p1q1r2 cop_0920_qvarma_p1q1r2 cop_0994_qvarma_p1q1r2 cop_0553_qvarma_p1q1r2 cop_0946_qvarma_p1q1r2 cop_0488_qvarma_p1q1r2 cop_0702_qvarma_p1q1r2 cop_0246_qvarma_p1q1r2 cop_0197_qvarma_p1q1r2 cop_0915_qvarma_p1q1r2 cop_0873_qvarma_p1q1r2 cop_0572_qvarma_p1q1r2 cop_0123_qvarma_p1q1r2 cop_0788_qvarma_p1q1r2 cop_0936_qvarma_p1q1r2 cop_0128_qvarma_p1q1r2 cop_0476_qvarma_p1q1r2 cop_0178_qvarma_p1q1r2 cop_0911_qvarma_p1q1r2 cop_0856_qvarma_p1q1r2 cop_0344_qvarma_p1q1r2 cop_0699_qvarma_p1q1r2 cop_0353_qvarma_p1q1r2 cop_0413_qvarma_p1q1r2 cop_0159_qvarma_p1q1r2 cop_0163_qvarma_p1q1r2 cop_0766_qvarma_p1q1r2 cop_0490_qvarma_p1q1r2 cop_0345_qvarma_p1q1r2 cop_0443_qvarma_p1q1r2 cop_0271_qvarma_p1q1r2 cop_0430_qvarma_p1q1r2 cop_0268_qvarma_p1q1r2 cop_0929_qvarma_p1q1r2 cop_0828_qvarma_p1q1r2 cop_0109_qvarma_p1q1r2 cop_0358_qvarma_p1q1r2 cop_0844_qvarma_p1q1r2 cop_0070_qvarma_p1q1r2 cop_0493_qvarma_p1q1r2 cop_0107_qvarma_p1q1r2 cop_0880_qvarma_p1q1r2 cop_0500_qvarma_p1q1r2 cop_0412_qvarma_p1q1r2 cop_0088_qvarma_p1q1r2 cop_0382_qvarma_p1q1r2 cop_0214_qvarma_p1q1r2 cop_0822_qvarma_p1q1r2 cop_0756_qvarma_p1q1r2 cop_0073_qvarma_p1q1r2 cop_0712_qvarma_p1q1r2 cop_0784_qvarma_p1q1r2 cop_0668_qvarma_p1q1r2 cop_0202_qvarma_p1q1r2 cop_0611_qvarma_p1q1r2 cop_0664_qvarma_p1q1r2 cop_0658_qvarma_p1q1r2 cop_0119_qvarma_p1q1r2 cop_0909_qvarma_p1q1r2 cop_0237_qvarma_p1q1r2 cop_0628_qvarma_p1q1r2 cop_0238_qvarma_p1q1r2 cop_0044_qvarma_p1q1r2 cop_0400_qvarma_p1q1r2 cop_0484_qvarma_p1q1r2 cop_0747_qvarma_p1q1r2 cop_0379_qvarma_p1q1r2 cop_0045_qvarma_p1q1r2 cop_0727_qvarma_p1q1r2 cop_0239_qvarma_p1q1r2 cop_0038_qvarma_p1q1r2 cop_0575_qvarma_p1q1r2 cop_0352_qvarma_p1q1r2 cop_0287_qvarma_p1q1r2 cop_0446_qvarma_p1q1r2 cop_0028_qvarma_p1q1r2 cop_0871_qvarma_p1q1r2 cop_0307_qvarma_p1q1r2 cop_0687_qvarma_p1q1r2 cop_0681_qvarma_p1q1r2 cop_0640_qvarma_p1q1r2 cop_0417_qvarma_p1q1r2 cop_0655_qvarma_p1q1r2 cop_0035_qvarma_p1q1r2 cop_0240_qvarma_p1q1r2 cop_0299_qvarma_p1q1r2 cop_0303_qvarma_p1q1r2 cop_0308_qvarma_p1q1r2 cop_0397_qvarma_p1q1r2 cop_0754_qvarma_p1q1r2 cop_0091_qvarma_p1q1r2 cop_0156_qvarma_p1q1r2 cop_0486_qvarma_p1q1r2 cop_0057_qvarma_p1q1r2 cop_0011_qvarma_p1q1r2 cop_0517_qvarma_p1q1r2 cop_0948_qvarma_p1q1r2 cop_0793_qvarma_p1q1r2 cop_0644_qvarma_p1q1r2 cop_0066_qvarma_p1q1r2 cop_0275_qvarma_p1q1r2 cop_0036_qvarma_p1q1r2 cop_0395_qvarma_p1q1r2 cop_0320_qvarma_p1q1r2 cop_0252_qvarma_p1q1r2 cop_0318_qvarma_p1q1r2 cop_0351_qvarma_p1q1r2 cop_0393_qvarma_p1q1r2 cop_0797_qvarma_p1q1r2 cop_0642_qvarma_p1q1r2 cop_0816_qvarma_p1q1r2 cop_0748_qvarma_p1q1r2 cop_0331_qvarma_p1q1r2 cop_0912_qvarma_p1q1r2 cop_0592_qvarma_p1q1r2 cop_0773_qvarma_p1q1r2 cop_0113_qvarma_p1q1r2 cop_0001_qvarma_p1q1r2 cop_0596_qvarma_p1q1r2 cop_0758_qvarma_p1q1r2 cop_0267_qvarma_p1q1r2 cop_0135_qvarma_p1q1r2 cop_0917_qvarma_p1q1r2 cop_0172_qvarma_p1q1r2 cop_0225_qvarma_p1q1r2 cop_0032_qvarma_p1q1r2 cop_0961_qvarma_p1q1r2 cop_0767_qvarma_p1q1r2 cop_0832_qvarma_p1q1r2 cop_0146_qvarma_p1q1r2 cop_0952_qvarma_p1q1r2 cop_0568_qvarma_p1q1r2 cop_0373_qvarma_p1q1r2 cop_0937_qvarma_p1q1r2 cop_0970_qvarma_p1q1r2 cop_0215_qvarma_p1q1r2 cop_0007_qvarma_p1q1r2 cop_0542_qvarma_p1q1r2 cop_0311_qvarma_p1q1r2 cop_0502_qvarma_p1q1r2 cop_0522_qvarma_p1q1r2 cop_0999_qvarma_p1q1r2 cop_0513_qvarma_p1q1r2 cop_0716_qvarma_p1q1r2 cop_0340_qvarma_p1q1r2 cop_0519_qvarma_p1q1r2 cop_0347_qvarma_p1q1r2 cop_0866_qvarma_p1q1r2 cop_0165_qvarma_p1q1r2 cop_0285_qvarma_p1q1r2 cop_0078_qvarma_p1q1r2 cop_0910_qvarma_p1q1r2 cop_0717_qvarma_p1q1r2 cop_0777_qvarma_p1q1r2 cop_0040_qvarma_p1q1r2 cop_0731_qvarma_p1q1r2 cop_0183_qvarma_p1q1r2 cop_0218_qvarma_p1q1r2 cop_0196_qvarma_p1q1r2 cop_0179_qvarma_p1q1r2 cop_0859_qvarma_p1q1r2 cop_0181_qvarma_p1q1r2 cop_0743_qvarma_p1q1r2 cop_0330_qvarma_p1q1r2 cop_0599_qvarma_p1q1r2 cop_0437_qvarma_p1q1r2 cop_0409_qvarma_p1q1r2 cop_0986_qvarma_p1q1r2
  set decided by an accepted test: no, every test rejected down to one model (last p = 0.000 against alpha = 0.050)


  sample    1000 observations, 1000 models
  statistic Tmax, each model against the field
  test      alpha = 0.050, 10000 moving-block resamples of 1 observations
  variance  bootstrap variance of the resampled mean
  stream    seed 123, stream 0

MCS over t-QVARMA (driftless) score quadratic form at the real-data estimate, p1q1r2, MCS_TMAX statistic
  model                     mean loss      MCS p  round  in set
  cop_0001_qvarma_p1q1r2 32299207.21043      0.000    950  
  cop_0002_qvarma_p1q1r2 42772336.56829      0.000     96  
  cop_0003_qvarma_p1q1r2 34480270.56549      0.000    773  
  cop_0004_qvarma_p1q1r2 38104364.36480      0.000    431  
  cop_0005_qvarma_p1q1r2 43167854.79256      0.000     72  
  cop_0006_qvarma_p1q1r2 39766558.06699      0.000    286  
  cop_0007_qvarma_p1q1r2 31920657.31682      0.000    965  
  cop_0008_qvarma_p1q1r2 37881157.21504      0.000    451  
  cop_0009_qvarma_p1q1r2 34872244.08894      0.000    735  
  cop_0010_qvarma_p1q1r2 39995191.80897      0.000    294  
  cop_0011_qvarma_p1q1r2 32720061.16870      0.000    928  
  cop_0012_qvarma_p1q1r2 44420959.73963      0.000     36  
  cop_0013_qvarma_p1q1r2 40695844.95988      0.000    196  
  cop_0014_qvarma_p1q1r2 35799590.08183      0.000    637  
  cop_0015_qvarma_p1q1r2 39470532.42549      0.000    306  
  cop_0016_qvarma_p1q1r2 37083687.43053      0.000    518  
  cop_0017_qvarma_p1q1r2 41301370.38753      0.000    191  
  cop_0018_qvarma_p1q1r2 34868727.44374      0.000    738  
  cop_0019_qvarma_p1q1r2 35139729.42047      0.000    706  
  cop_0020_qvarma_p1q1r2 35817224.66470      0.000    645  
  cop_0021_qvarma_p1q1r2 43434493.50317      0.000     65  
  cop_0022_qvarma_p1q1r2 36269919.12440      0.000    598  
  cop_0023_qvarma_p1q1r2 43936866.77440      0.000     53  
  cop_0024_qvarma_p1q1r2 38888498.22744      0.000    366  
  cop_0025_qvarma_p1q1r2 34759925.54504      0.000    745  
  cop_0026_qvarma_p1q1r2 42101900.98300      0.000    140  
  cop_0027_qvarma_p1q1r2 34403503.31466      0.000    779  
  cop_0028_qvarma_p1q1r2 33005529.99673      0.000    912  
  cop_0029_qvarma_p1q1r2 37128873.78163      0.000    510  
  cop_0030_qvarma_p1q1r2 38200436.91142      0.000    402  
  cop_0031_qvarma_p1q1r2 34754812.24746      0.000    739  
  cop_0032_qvarma_p1q1r2 32232789.99801      0.000    955  
  cop_0033_qvarma_p1q1r2 35466284.66622      0.000    679  
  cop_0034_qvarma_p1q1r2 37067340.00640      0.000    541  
  cop_0035_qvarma_p1q1r2 32960976.99641      0.000    910  
  cop_0036_qvarma_p1q1r2 32593766.05857      0.000    939  
  cop_0037_qvarma_p1q1r2 37901845.19685      0.000    459  
  cop_0038_qvarma_p1q1r2 33208371.09014      0.000    901  
  cop_0039_qvarma_p1q1r2 40080021.98207      0.000    280  
  cop_0040_qvarma_p1q1r2 31411141.15570      0.031    987  
  cop_0041_qvarma_p1q1r2 36922376.60339      0.000    521  
  cop_0042_qvarma_p1q1r2 37853504.76580      0.000    437  
  cop_0043_qvarma_p1q1r2 37090445.13416      0.000    509  
  cop_0044_qvarma_p1q1r2 33286947.05853      0.000    889  
  cop_0045_qvarma_p1q1r2 33170447.53987      0.000    899  
  cop_0046_qvarma_p1q1r2 42832067.99531      0.000    105  
  cop_0047_qvarma_p1q1r2 39134448.68082      0.000    339  
  cop_0048_qvarma_p1q1r2 34741445.58987      0.000    746  
  cop_0049_qvarma_p1q1r2 35635588.41364      0.000    662  
  cop_0050_qvarma_p1q1r2 36095302.78394      0.000    619  
  cop_0051_qvarma_p1q1r2 35077757.42239      0.000    713  
  cop_0052_qvarma_p1q1r2 35030591.58835      0.000    723  
  cop_0053_qvarma_p1q1r2 36938264.26841      0.000    516  
  cop_0054_qvarma_p1q1r2 35613803.79646      0.000    668  
  cop_0055_qvarma_p1q1r2 36226564.45700      0.000    603  
  cop_0056_qvarma_p1q1r2 37563779.15466      0.000    467  
  cop_0057_qvarma_p1q1r2 32880289.22313      0.000    924  
  cop_0058_qvarma_p1q1r2 35008557.43519      0.000    725  
  cop_0059_qvarma_p1q1r2 34050729.67127      0.000    822  
  cop_0060_qvarma_p1q1r2 35637327.11767      0.000    651  
  cop_0061_qvarma_p1q1r2 36819753.48929      0.000    535  
  cop_0062_qvarma_p1q1r2 38357012.14592      0.000    412  
  cop_0063_qvarma_p1q1r2 38211817.56557      0.000    420  
  cop_0064_qvarma_p1q1r2 39036270.10296      0.000    329  
  cop_0065_qvarma_p1q1r2 35961032.84371      0.000    628  
  cop_0066_qvarma_p1q1r2 32723675.52092      0.000    930  
  cop_0067_qvarma_p1q1r2 44560602.73650      0.000     29  
  cop_0068_qvarma_p1q1r2 38658479.32313      0.000    373  
  cop_0069_qvarma_p1q1r2 34669611.13890      0.000    754  
  cop_0070_qvarma_p1q1r2 33466078.61331      0.000    868  
  cop_0071_qvarma_p1q1r2 35585954.73862      0.000    673  
  cop_0072_qvarma_p1q1r2 40263286.69679      0.000    256  
  cop_0073_qvarma_p1q1r2 33352521.59347      0.000    881  
  cop_0074_qvarma_p1q1r2 36888327.00198      0.000    529  
  cop_0075_qvarma_p1q1r2 38847350.46681      0.000    358  
  cop_0076_qvarma_p1q1r2 36898633.52180      0.000    538  
  cop_0077_qvarma_p1q1r2 40799783.11929      0.000    215  
  cop_0078_qvarma_p1q1r2 31505515.59636      0.010    982  
  cop_0079_qvarma_p1q1r2 41801658.06569      0.000    154  
  cop_0080_qvarma_p1q1r2 34546394.95732      0.000    756  
  cop_0081_qvarma_p1q1r2 35170695.14478      0.000    703  
  cop_0082_qvarma_p1q1r2 46854171.66302      0.000      4  
  cop_0083_qvarma_p1q1r2 42779227.44866      0.000    106  
  cop_0084_qvarma_p1q1r2 41809753.38345      0.000    147  
  cop_0085_qvarma_p1q1r2 42824517.29155      0.000     84  
  cop_0086_qvarma_p1q1r2 38301595.60435      0.000    419  
  cop_0087_qvarma_p1q1r2 38410686.68293      0.000    404  
  cop_0088_qvarma_p1q1r2 33360562.53545      0.000    879  
  cop_0089_qvarma_p1q1r2 40234313.19568      0.000    249  
  cop_0090_qvarma_p1q1r2 37456382.56411      0.000    478  
  cop_0091_qvarma_p1q1r2 32983401.05769      0.000    918  
  cop_0092_qvarma_p1q1r2 40548297.19655      0.000    211  
  cop_0093_qvarma_p1q1r2 43486737.30413      0.000     67  
  cop_0094_qvarma_p1q1r2 40107785.54949      0.000    259  
  cop_0095_qvarma_p1q1r2 35292480.65997      0.000    692  
  cop_0096_qvarma_p1q1r2 36762745.35552      0.000    555  
  cop_0097_qvarma_p1q1r2 35767506.56212      0.000    648  
  cop_0098_qvarma_p1q1r2 41102699.55544      0.000    188  
  cop_0099_qvarma_p1q1r2 37335323.10819      0.000    494  
  cop_0100_qvarma_p1q1r2 34598297.36439      0.000    758  
  cop_0101_qvarma_p1q1r2 36666824.33062      0.000    566  
  cop_0102_qvarma_p1q1r2 38264585.49596      0.000    409  
  cop_0103_qvarma_p1q1r2 38329333.83765      0.000    417  
  cop_0104_qvarma_p1q1r2 41717259.00669      0.000    168  
  cop_0105_qvarma_p1q1r2 41751772.90894      0.000    182  
  cop_0106_qvarma_p1q1r2 38380609.86954      0.000    408  
  cop_0107_qvarma_p1q1r2 33485138.91994      0.000    870  
  cop_0108_qvarma_p1q1r2 44771052.55236      0.000     27  
  cop_0109_qvarma_p1q1r2 33539209.44957      0.000    865  
  cop_0110_qvarma_p1q1r2 34049469.17564      0.000    808  
  cop_0111_qvarma_p1q1r2 47321569.09599      0.000      3  
  cop_0112_qvarma_p1q1r2 35724724.27998      0.000    657  
  cop_0113_qvarma_p1q1r2 32295736.47815      0.000    948  
  cop_0114_qvarma_p1q1r2 42764683.71215      0.000    120  
  cop_0115_qvarma_p1q1r2 39509714.15870      0.000    313  
  cop_0116_qvarma_p1q1r2 38789028.31193      0.000    369  
  cop_0117_qvarma_p1q1r2 35322832.17470      0.000    687  
  cop_0118_qvarma_p1q1r2 39140335.36331      0.000    332  
  cop_0119_qvarma_p1q1r2 33409994.34899      0.000    876  
  cop_0120_qvarma_p1q1r2 34084400.59946      0.000    803  
  cop_0121_qvarma_p1q1r2 35874158.11465      0.000    639  
  cop_0122_qvarma_p1q1r2 41153923.33079      0.000    197  
  cop_0123_qvarma_p1q1r2 33758982.80062      0.000    845  
  cop_0124_qvarma_p1q1r2 40295383.56384      0.000    230  
  cop_0125_qvarma_p1q1r2 39500660.91295      0.000    301  
  cop_0126_qvarma_p1q1r2 45013929.72832      0.000     28  
  cop_0127_qvarma_p1q1r2 41892082.42726      0.000    148  
  cop_0128_qvarma_p1q1r2 33743791.00031      0.000    847  
  cop_0129_qvarma_p1q1r2 34955889.04749      0.000    734  
  cop_0130_qvarma_p1q1r2 38028416.65550      0.000    445  
  cop_0131_qvarma_p1q1r2 36511275.17369      0.000    590  
  cop_0132_qvarma_p1q1r2 40470607.22007      0.000    235  
  cop_0133_qvarma_p1q1r2 37114442.55295      0.000    500  
  cop_0134_qvarma_p1q1r2 35375548.44943      0.000    685  
  cop_0135_qvarma_p1q1r2 32279591.37906      0.000    952  
  cop_0136_qvarma_p1q1r2 36511149.34567      0.000    572  
  cop_0137_qvarma_p1q1r2 38771943.48891      0.000    375  
  cop_0138_qvarma_p1q1r2 41404628.46233      0.000    183  
  cop_0139_qvarma_p1q1r2 35250283.86279      0.000    702  
  cop_0140_qvarma_p1q1r2 36372522.96212      0.000    594  
  cop_0141_qvarma_p1q1r2 36608332.96487      0.000    569  
  cop_0142_qvarma_p1q1r2 36517773.16242      0.000    584  
  cop_0143_qvarma_p1q1r2 35031308.37937      0.000    717  
  cop_0144_qvarma_p1q1r2 42340368.27045      0.000    126  
  cop_0145_qvarma_p1q1r2 38920806.64692      0.000    379  
  cop_0146_qvarma_p1q1r2 32037320.94525      0.000    961  
  cop_0147_qvarma_p1q1r2 34702332.93791      0.000    747  
  cop_0148_qvarma_p1q1r2 37072215.33119      0.000    522  
  cop_0149_qvarma_p1q1r2 41305488.85291      0.000    202  
  cop_0150_qvarma_p1q1r2 42410016.55157      0.000    102  
  cop_0151_qvarma_p1q1r2 41156026.61916      0.000    198  
  cop_0152_qvarma_p1q1r2 40227143.95880      0.000    265  
  cop_0153_qvarma_p1q1r2 39038574.73873      0.000    346  
  cop_0154_qvarma_p1q1r2 45786734.23334      0.000     12  
  cop_0155_qvarma_p1q1r2 34051032.56113      0.000    817  
  cop_0156_qvarma_p1q1r2 32860181.28651      0.000    922  
  cop_0157_qvarma_p1q1r2 37172834.48274      0.000    534  
  cop_0158_qvarma_p1q1r2 39046159.63053      0.000    341  
  cop_0159_qvarma_p1q1r2 33585766.43581      0.000    860  
  cop_0160_qvarma_p1q1r2 39942093.62505      0.000    275  
  cop_0161_qvarma_p1q1r2 37294300.97786      0.000    495  
  cop_0162_qvarma_p1q1r2 44139243.79841      0.000     45  
  cop_0163_qvarma_p1q1r2 33701894.05448      0.000    859  
  cop_0164_qvarma_p1q1r2 38210865.33441      0.000    413  
  cop_0165_qvarma_p1q1r2 31617461.82245      0.000    980  
  cop_0166_qvarma_p1q1r2 35642598.75370      0.000    661  
  cop_0167_qvarma_p1q1r2 36104948.13752      0.000    612  
  cop_0168_qvarma_p1q1r2 34108266.47194      0.000    800  
  cop_0169_qvarma_p1q1r2 42665068.85850      0.000     89  
  cop_0170_qvarma_p1q1r2 39397442.62104      0.000    333  
  cop_0171_qvarma_p1q1r2 39296811.64866      0.000    312  
  cop_0172_qvarma_p1q1r2 32210781.74634      0.000    953  
  cop_0173_qvarma_p1q1r2 36446783.97162      0.000    586  
  cop_0174_qvarma_p1q1r2 35147711.90180      0.000    699  
  cop_0175_qvarma_p1q1r2 36391743.18647      0.000    592  
  cop_0176_qvarma_p1q1r2 42320108.32971      0.000    132  
  cop_0177_qvarma_p1q1r2 44203779.33515      0.000     35  
  cop_0178_qvarma_p1q1r2 33733175.41342      0.000    853  
  cop_0179_qvarma_p1q1r2 31338137.47950      0.041    991  
  cop_0180_qvarma_p1q1r2 36884779.41539      0.000    533  
  cop_0181_qvarma_p1q1r2 31223378.81598      0.041    993  
  cop_0182_qvarma_p1q1r2 41945998.29932      0.000    155  
  cop_0183_qvarma_p1q1r2 31356728.91284      0.041    988  
  cop_0184_qvarma_p1q1r2 41748367.85585      0.000    124  
  cop_0185_qvarma_p1q1r2 40134271.28610      0.000    269  
  cop_0186_qvarma_p1q1r2 40781512.28353      0.000    194  
  cop_0187_qvarma_p1q1r2 37150352.20418      0.000    501  
  cop_0188_qvarma_p1q1r2 43645905.22603      0.000     83  
  cop_0189_qvarma_p1q1r2 37918796.55966      0.000    457  
  cop_0190_qvarma_p1q1r2 37226922.16717      0.000    503  
  cop_0191_qvarma_p1q1r2 35867220.62054      0.000    641  
  cop_0192_qvarma_p1q1r2 38194397.01036      0.000    428  
  cop_0193_qvarma_p1q1r2 38858239.17875      0.000    388  
  cop_0194_qvarma_p1q1r2 45706394.67457      0.000     13  
  cop_0195_qvarma_p1q1r2 41315757.58575      0.000    172  
  cop_0196_qvarma_p1q1r2 31368317.42723      0.041    989  
  cop_0197_qvarma_p1q1r2 33883621.74044      0.000    835  
  cop_0198_qvarma_p1q1r2 42006165.44423      0.000    166  
  cop_0199_qvarma_p1q1r2 46106748.90118      0.000      6  
  cop_0200_qvarma_p1q1r2 35318509.06280      0.000    689  
  cop_0201_qvarma_p1q1r2 41532414.48184      0.000    180  
  cop_0202_qvarma_p1q1r2 33373328.99615      0.000    884  
  cop_0203_qvarma_p1q1r2 44116910.79784      0.000     46  
  cop_0204_qvarma_p1q1r2 37035271.68768      0.000    527  
  cop_0205_qvarma_p1q1r2 35148647.52948      0.000    712  
  cop_0206_qvarma_p1q1r2 35046884.31556      0.000    698  
  cop_0207_qvarma_p1q1r2 42469803.54649      0.000    134  
  cop_0208_qvarma_p1q1r2 36972294.66026      0.000    520  
  cop_0209_qvarma_p1q1r2 39712794.38990      0.000    278  
  cop_0210_qvarma_p1q1r2 34346022.46429      0.000    785  
  cop_0211_qvarma_p1q1r2 38930069.14430      0.000    362  
  cop_0212_qvarma_p1q1r2 39482636.05098      0.000    302  
  cop_0213_qvarma_p1q1r2 38687098.15385      0.000    391  
  cop_0214_qvarma_p1q1r2 33324329.20528      0.000    886  
  cop_0215_qvarma_p1q1r2 31902169.91377      0.000    966  
  cop_0216_qvarma_p1q1r2 36087489.21501      0.000    625  
  cop_0217_qvarma_p1q1r2 43721376.25810      0.000     66  
  cop_0218_qvarma_p1q1r2 31344573.56044      0.041    990  
  cop_0219_qvarma_p1q1r2 39126727.72361      0.000    331  
  cop_0220_qvarma_p1q1r2 37289719.07101      0.000    502  
  cop_0221_qvarma_p1q1r2 37329298.44470      0.000    504  
  cop_0222_qvarma_p1q1r2 44939771.90201      0.000     21  
  cop_0223_qvarma_p1q1r2 42657030.83911      0.000    123  
  cop_0224_qvarma_p1q1r2 34974205.15705      0.000    728  
  cop_0225_qvarma_p1q1r2 32111069.60023      0.000    957  
  cop_0226_qvarma_p1q1r2 35560557.95895      0.000    666  
  cop_0227_qvarma_p1q1r2 38310273.17650      0.000    427  
  cop_0228_qvarma_p1q1r2 43150439.03148      0.000     79  
  cop_0229_qvarma_p1q1r2 35947099.89888      0.000    631  
  cop_0230_qvarma_p1q1r2 39844513.14022      0.000    296  
  cop_0231_qvarma_p1q1r2 34261008.38927      0.000    795  
  cop_0232_qvarma_p1q1r2 37945995.21307      0.000    433  
  cop_0233_qvarma_p1q1r2 38240145.98169      0.000    416  
  cop_0234_qvarma_p1q1r2 42716397.02372      0.000    109  
  cop_0235_qvarma_p1q1r2 42886384.95466      0.000    121  
  cop_0236_qvarma_p1q1r2 44833755.58275      0.000     22  
  cop_0237_qvarma_p1q1r2 33110686.69625      0.000    900  
  cop_0238_qvarma_p1q1r2 33265738.93067      0.000    891  
  cop_0239_qvarma_p1q1r2 33011255.06038      0.000    905  
  cop_0240_qvarma_p1q1r2 32949139.63947      0.000    917  
  cop_0241_qvarma_p1q1r2 35378927.24809      0.000    681  
  cop_0242_qvarma_p1q1r2 42954260.10581      0.000     93  
  cop_0243_qvarma_p1q1r2 42208552.95364      0.000    127  
  cop_0244_qvarma_p1q1r2 36800873.93063      0.000    565  
  cop_0245_qvarma_p1q1r2 38199845.70486      0.000    405  
  cop_0246_qvarma_p1q1r2 33958762.12261      0.000    834  
  cop_0247_qvarma_p1q1r2 42709836.56648      0.000    104  
  cop_0248_qvarma_p1q1r2 36727734.98456      0.000    540  
  cop_0249_qvarma_p1q1r2 34602967.95694      0.000    761  
  cop_0250_qvarma_p1q1r2 34733542.01874      0.000    749  
  cop_0251_qvarma_p1q1r2 45526651.39124      0.000     10  
  cop_0252_qvarma_p1q1r2 32593961.62262      0.000    938  
  cop_0253_qvarma_p1q1r2 36834146.26046      0.000    553  
  cop_0254_qvarma_p1q1r2 45888489.15991      0.000      7  
  cop_0255_qvarma_p1q1r2 37867704.98490      0.000    466  
  cop_0256_qvarma_p1q1r2 44178880.42532      0.000     55  
  cop_0257_qvarma_p1q1r2 35453856.11940      0.000    667  
  cop_0258_qvarma_p1q1r2 35217161.14814      0.000    688  
  cop_0259_qvarma_p1q1r2 37504883.13633      0.000    476  
  cop_0260_qvarma_p1q1r2 37877937.44018      0.000    470  
  cop_0261_qvarma_p1q1r2 35671046.77346      0.000    655  
  cop_0262_qvarma_p1q1r2 38674482.06284      0.000    374  
  cop_0263_qvarma_p1q1r2 42697244.42132      0.000    116  
  cop_0264_qvarma_p1q1r2 36717126.12159      0.000    559  
  cop_0265_qvarma_p1q1r2 42770461.47419      0.000     85  
  cop_0266_qvarma_p1q1r2 37421090.46246      0.000    486  
  cop_0267_qvarma_p1q1r2 32323321.48750      0.000    949  
  cop_0268_qvarma_p1q1r2 33629775.67166      0.000    862  
  cop_0269_qvarma_p1q1r2 40834154.85786      0.000    218  
  cop_0270_qvarma_p1q1r2 42524999.56509      0.000    115  
  cop_0271_qvarma_p1q1r2 33814559.12038      0.000    849  
  cop_0272_qvarma_p1q1r2 44161887.48030      0.000     41  
  cop_0273_qvarma_p1q1r2 36512203.35013      0.000    582  
  cop_0274_qvarma_p1q1r2 36057951.90996      0.000    624  
  cop_0275_qvarma_p1q1r2 32684298.53260      0.000    931  
  cop_0276_qvarma_p1q1r2 40588235.29906      0.000    212  
  cop_0277_qvarma_p1q1r2 34885392.52790      0.000    732  
  cop_0278_qvarma_p1q1r2 39481143.12817      0.000    309  
  cop_0279_qvarma_p1q1r2 40846139.45501      0.000    209  
  cop_0280_qvarma_p1q1r2 37143715.68733      0.000    507  
  cop_0281_qvarma_p1q1r2 36583581.91739      0.000    564  
  cop_0282_qvarma_p1q1r2 34529891.70748      0.000    763  
  cop_0283_qvarma_p1q1r2 37543905.80309      0.000    473  
  cop_0284_qvarma_p1q1r2 43182755.12615      0.000     70  
  cop_0285_qvarma_p1q1r2 31526957.21526      0.009    981  
  cop_0286_qvarma_p1q1r2 35150785.87036      0.000    711  
  cop_0287_qvarma_p1q1r2 33125171.97887      0.000    902  
  cop_0288_qvarma_p1q1r2 37715113.52812      0.000    475  
  cop_0289_qvarma_p1q1r2 41001174.06127      0.000    219  
  cop_0290_qvarma_p1q1r2 37036266.41408      0.000    512  
  cop_0291_qvarma_p1q1r2 34704900.28176      0.000    741  
  cop_0292_qvarma_p1q1r2 36479641.41675      0.000    577  
  cop_0293_qvarma_p1q1r2 35360452.36590      0.000    676  
  cop_0294_qvarma_p1q1r2 36501328.33933      0.000    578  
  cop_0295_qvarma_p1q1r2 39240393.32090      0.000    357  
  cop_0296_qvarma_p1q1r2 37484004.59363      0.000    471  
  cop_0297_qvarma_p1q1r2 37964395.78137      0.000    463  
  cop_0298_qvarma_p1q1r2 34247739.81607      0.000    789  
  cop_0299_qvarma_p1q1r2 32961362.75618      0.000    919  
  cop_0300_qvarma_p1q1r2 41583175.89563      0.000    156  
  cop_0301_qvarma_p1q1r2 37618013.30254      0.000    472  
  cop_0302_qvarma_p1q1r2 36760678.87668      0.000    546  
  cop_0303_qvarma_p1q1r2 33003576.45487      0.000    916  
  cop_0304_qvarma_p1q1r2 34290348.44196      0.000    792  
  cop_0305_qvarma_p1q1r2 42138053.97370      0.000    160  
  cop_0306_qvarma_p1q1r2 44484082.25314      0.000     32  
  cop_0307_qvarma_p1q1r2 33000603.36909      0.000    911  
  cop_0308_qvarma_p1q1r2 32952743.48378      0.000    921  
  cop_0309_qvarma_p1q1r2 36806592.60720      0.000    543  
  cop_0310_qvarma_p1q1r2 35876590.09164      0.000    635  
  cop_0311_qvarma_p1q1r2 31767309.75229      0.000    974  
  cop_0312_qvarma_p1q1r2 35862977.16331      0.000    623  
  cop_0313_qvarma_p1q1r2 34941320.61267      0.000    730  
  cop_0314_qvarma_p1q1r2 42781248.04437      0.000    108  
  cop_0315_qvarma_p1q1r2 43226901.69036      0.000     62  
  cop_0316_qvarma_p1q1r2 34658273.92760      0.000    751  
  cop_0317_qvarma_p1q1r2 34376769.79774      0.000    772  
  cop_0318_qvarma_p1q1r2 32629377.87106      0.000    936  
  cop_0319_qvarma_p1q1r2 34040861.54413      0.000    819  
  cop_0320_qvarma_p1q1r2 32600553.46244      0.000    937  
  cop_0321_qvarma_p1q1r2 39689581.35494      0.000    308  
  cop_0322_qvarma_p1q1r2 38778794.83024      0.000    368  
  cop_0323_qvarma_p1q1r2 45251660.56253      0.000     17  
  cop_0324_qvarma_p1q1r2 38699596.16630      0.000    389  
  cop_0325_qvarma_p1q1r2 38531207.76476      0.000    397  
  cop_0326_qvarma_p1q1r2 44833500.68645      0.000     31  
  cop_0327_qvarma_p1q1r2 39732334.12079      0.000    290  
  cop_0328_qvarma_p1q1r2 40204373.02395      0.000    245  
  cop_0329_qvarma_p1q1r2 38985223.30252      0.000    365  
  cop_0330_qvarma_p1q1r2 31204868.44667      0.041    996  
  cop_0331_qvarma_p1q1r2 32414795.15138      0.000    944  
  cop_0332_qvarma_p1q1r2 35116361.34800      0.000    710  
  cop_0333_qvarma_p1q1r2 45518985.31251      0.000     14  
  cop_0334_qvarma_p1q1r2 39636964.66997      0.000    300  
  cop_0335_qvarma_p1q1r2 37945446.69751      0.000    449  
  cop_0336_qvarma_p1q1r2 41911322.79443      0.000    152  
  cop_0337_qvarma_p1q1r2 39113378.43636      0.000    342  
  cop_0338_qvarma_p1q1r2 41001092.09629      0.000    216  
  cop_0339_qvarma_p1q1r2 42168336.62256      0.000    136  
  cop_0340_qvarma_p1q1r2 31780676.93129      0.000    976  
  cop_0341_qvarma_p1q1r2 35709475.80639      0.000    656  
  cop_0342_qvarma_p1q1r2 34860015.31165      0.000    736  
  cop_0343_qvarma_p1q1r2 40753787.81224      0.000    220  
  cop_0344_qvarma_p1q1r2 33732412.67166      0.000    850  
  cop_0345_qvarma_p1q1r2 33650198.63874      0.000    854  
  cop_0346_qvarma_p1q1r2 40676277.87477      0.000    223  
  cop_0347_qvarma_p1q1r2 31713507.17467      0.000    978  
  cop_0348_qvarma_p1q1r2 33888427.37171      0.000    836  
  cop_0349_qvarma_p1q1r2 42682635.44554      0.000    114  
  cop_0350_qvarma_p1q1r2 44645929.63295      0.000     52  
  cop_0351_qvarma_p1q1r2 32642208.39628      0.000    934  
  cop_0352_qvarma_p1q1r2 32998232.74349      0.000    909  
  cop_0353_qvarma_p1q1r2 33695286.55040      0.000    856  
  cop_0354_qvarma_p1q1r2 41746627.10049      0.000    170  
  cop_0355_qvarma_p1q1r2 39656074.48581      0.000    295  
  cop_0356_qvarma_p1q1r2 34214366.51039      0.000    794  
  cop_0357_qvarma_p1q1r2 37293299.87726      0.000    498  
  cop_0358_qvarma_p1q1r2 33670175.11592      0.000    863  
  cop_0359_qvarma_p1q1r2 34169079.97480      0.000    806  
  cop_0360_qvarma_p1q1r2 40503617.27244      0.000    238  
  cop_0361_qvarma_p1q1r2 39054711.25054      0.000    340  
  cop_0362_qvarma_p1q1r2 43913561.98494      0.000     43  
  cop_0363_qvarma_p1q1r2 42662002.52674      0.000     95  
  cop_0364_qvarma_p1q1r2 34997153.31905      0.000    722  
  cop_0365_qvarma_p1q1r2 35600461.82780      0.000    665  
  cop_0366_qvarma_p1q1r2 38915731.76203      0.000    345  
  cop_0367_qvarma_p1q1r2 37192568.21528      0.000    496  
  cop_0368_qvarma_p1q1r2 35339004.41988      0.000    690  
  cop_0369_qvarma_p1q1r2 33825656.38053      0.000    838  
  cop_0370_qvarma_p1q1r2 37594099.08230      0.000    474  
  cop_0371_qvarma_p1q1r2 41588885.74575      0.000    174  
  cop_0372_qvarma_p1q1r2 43088857.97564      0.000     99  
  cop_0373_qvarma_p1q1r2 31867828.63707      0.000    968  
  cop_0374_qvarma_p1q1r2 41829330.30568      0.000    142  
  cop_0375_qvarma_p1q1r2 41089667.45794      0.000    201  
  cop_0376_qvarma_p1q1r2 36889527.86505      0.000    539  
  cop_0377_qvarma_p1q1r2 37452963.60054      0.000    485  
  cop_0378_qvarma_p1q1r2 41319775.29653      0.000    167  
  cop_0379_qvarma_p1q1r2 33236464.67150      0.000    892  
  cop_0380_qvarma_p1q1r2 36206075.43013      0.000    599  
  cop_0381_qvarma_p1q1r2 39280775.02914      0.000    336  
  cop_0382_qvarma_p1q1r2 33434230.24786      0.000    877  
  cop_0383_qvarma_p1q1r2 40135717.69110      0.000    268  
  cop_0384_qvarma_p1q1r2 38918224.78800      0.000    377  
  cop_0385_qvarma_p1q1r2 37874298.29789      0.000    447  
  cop_0386_qvarma_p1q1r2 34180333.05641      0.000    802  
  cop_0387_qvarma_p1q1r2 41885016.16697      0.000    146  
  cop_0388_qvarma_p1q1r2 35697491.19753      0.000    649  
  cop_0389_qvarma_p1q1r2 36791787.47876      0.000    554  
  cop_0390_qvarma_p1q1r2 45010748.97048      0.000     25  
  cop_0391_qvarma_p1q1r2 38613028.33417      0.000    415  
  cop_0392_qvarma_p1q1r2 40605062.96189      0.000    227  
  cop_0393_qvarma_p1q1r2 32673682.29662      0.000    935  
  cop_0394_qvarma_p1q1r2 41521998.46471      0.000    185  
  cop_0395_qvarma_p1q1r2 32694370.89360      0.000    932  
  cop_0396_qvarma_p1q1r2 42152773.50904      0.000    149  
  cop_0397_qvarma_p1q1r2 32805554.42344      0.000    925  
  cop_0398_qvarma_p1q1r2 40499327.76270      0.000    241  
  cop_0399_qvarma_p1q1r2 39350982.16090      0.000    322  
  cop_0400_qvarma_p1q1r2 33243630.71720      0.000    893  
  cop_0401_qvarma_p1q1r2 43544557.61917      0.000     68  
  cop_0402_qvarma_p1q1r2 34053021.53760      0.000    824  
  cop_0403_qvarma_p1q1r2 35012767.45365      0.000    718  
  cop_0404_qvarma_p1q1r2 38777222.00660      0.000    396  
  cop_0405_qvarma_p1q1r2 36796888.56877      0.000    545  
  cop_0406_qvarma_p1q1r2 36963480.60861      0.000    536  
  cop_0407_qvarma_p1q1r2 33911279.80005      0.000    839  
  cop_0408_qvarma_p1q1r2 34256766.95594      0.000    798  
  cop_0409_qvarma_p1q1r2 31006134.89692      0.041    998  
  cop_0410_qvarma_p1q1r2 37551144.11467      0.000    480  
  cop_0411_qvarma_p1q1r2 40172352.47131      0.000    254  
  cop_0412_qvarma_p1q1r2 33324785.55735      0.000    882  
  cop_0413_qvarma_p1q1r2 33738434.67758      0.000    851  
  cop_0414_qvarma_p1q1r2 47452922.66917      0.000      2  
  cop_0415_qvarma_p1q1r2 38738979.51639      0.000    393  
  cop_0416_qvarma_p1q1r2 40270582.98408      0.000    257  
  cop_0417_qvarma_p1q1r2 33070837.48488      0.000    907  
  cop_0418_qvarma_p1q1r2 38372933.81118      0.000    423  
  cop_0419_qvarma_p1q1r2 34399792.89393      0.000    774  
  cop_0420_qvarma_p1q1r2 37808638.41518      0.000    460  
  cop_0421_qvarma_p1q1r2 38365405.66479      0.000    406  
  cop_0422_qvarma_p1q1r2 35662589.27502      0.000    664  
  cop_0423_qvarma_p1q1r2 36752633.35316      0.000    547  
  cop_0424_qvarma_p1q1r2 35049095.74074      0.000    720  
  cop_0425_qvarma_p1q1r2 36145224.62359      0.000    613  
  cop_0426_qvarma_p1q1r2 37396293.49942      0.000    490  
  cop_0427_qvarma_p1q1r2 35219269.77976      0.000    697  
  cop_0428_qvarma_p1q1r2 36507736.58703      0.000    574  
  cop_0429_qvarma_p1q1r2 34346847.48117      0.000    780  
  cop_0430_qvarma_p1q1r2 33549431.99142      0.000    866  
  cop_0431_qvarma_p1q1r2 40092645.05486      0.000    258  
  cop_0432_qvarma_p1q1r2 34484217.68983      0.000    767  
  cop_0433_qvarma_p1q1r2 36443471.29322      0.000    585  
  cop_0434_qvarma_p1q1r2 36754690.71585      0.000    556  
  cop_0435_qvarma_p1q1r2 37147711.03052      0.000    515  
  cop_0436_qvarma_p1q1r2 39927346.94307      0.000    291  
  cop_0437_qvarma_p1q1r2 31026199.34460      0.041    997  
  cop_0438_qvarma_p1q1r2 38532790.61561      0.000    390  
  cop_0439_qvarma_p1q1r2 34624870.51676      0.000    750  
  cop_0440_qvarma_p1q1r2 44514914.27291      0.000     37  
  cop_0441_qvarma_p1q1r2 36890496.50416      0.000    531  
  cop_0442_qvarma_p1q1r2 41117634.31116      0.000    203  
  cop_0443_qvarma_p1q1r2 33842689.38852      0.000    846  
  cop_0444_qvarma_p1q1r2 44396762.88949      0.000     51  
  cop_0445_qvarma_p1q1r2 42955674.48122      0.000     75  
  cop_0446_qvarma_p1q1r2 33065017.42360      0.000    906  
  cop_0447_qvarma_p1q1r2 42560386.45300      0.000    113  
  cop_0448_qvarma_p1q1r2 38954746.02245      0.000    360  
  cop_0449_qvarma_p1q1r2 35935732.11664      0.000    611  
  cop_0450_qvarma_p1q1r2 36606334.69299      0.000    561  
  cop_0451_qvarma_p1q1r2 43989115.20182      0.000     59  
  cop_0452_qvarma_p1q1r2 41394342.91987      0.000    153  
  cop_0453_qvarma_p1q1r2 35507512.67794      0.000    671  
  cop_0454_qvarma_p1q1r2 36090548.16678      0.000    620  
  cop_0455_qvarma_p1q1r2 35589491.31257      0.000    669  
  cop_0456_qvarma_p1q1r2 46276046.75341      0.000      8  
  cop_0457_qvarma_p1q1r2 34252962.41091      0.000    793  
  cop_0458_qvarma_p1q1r2 42057832.20182      0.000    133  
  cop_0459_qvarma_p1q1r2 36427177.11283      0.000    579  
  cop_0460_qvarma_p1q1r2 36658591.67601      0.000    570  
  cop_0461_qvarma_p1q1r2 36182115.46076      0.000    601  
  cop_0462_qvarma_p1q1r2 34322716.99212      0.000    791  
  cop_0463_qvarma_p1q1r2 44597952.63963      0.000     47  
  cop_0464_qvarma_p1q1r2 45570192.93611      0.000     15  
  cop_0465_qvarma_p1q1r2 38751055.43880      0.000    381  
  cop_0466_qvarma_p1q1r2 34866426.41397      0.000    733  
  cop_0467_qvarma_p1q1r2 41671822.04421      0.000    157  
  cop_0468_qvarma_p1q1r2 41678086.02540      0.000    151  
  cop_0469_qvarma_p1q1r2 42265447.76229      0.000    130  
  cop_0470_qvarma_p1q1r2 35776096.29405      0.000    643  
  cop_0471_qvarma_p1q1r2 43513714.89544      0.000     49  
  cop_0472_qvarma_p1q1r2 35864419.26880      0.000    644  
  cop_0473_qvarma_p1q1r2 41352639.90896      0.000    177  
  cop_0474_qvarma_p1q1r2 35845445.20953      0.000    647  
  cop_0475_qvarma_p1q1r2 40406266.89800      0.000    251  
  cop_0476_qvarma_p1q1r2 33738522.84217      0.000    848  
  cop_0477_qvarma_p1q1r2 34389985.36662      0.000    771  
  cop_0478_qvarma_p1q1r2 40231260.41926      0.000    262  
  cop_0479_qvarma_p1q1r2 35456868.52621      0.000    686  
  cop_0480_qvarma_p1q1r2 42952562.06469      0.000     94  
  cop_0481_qvarma_p1q1r2 36245462.27535      0.000    605  
  cop_0482_qvarma_p1q1r2 42295468.43224      0.000    135  
  cop_0483_qvarma_p1q1r2 38198551.47436      0.000    410  
  cop_0484_qvarma_p1q1r2 33257327.20500      0.000    896  
  cop_0485_qvarma_p1q1r2 42058510.92954      0.000    150  
  cop_0486_qvarma_p1q1r2 32948981.91857      0.000    923  
  cop_0487_qvarma_p1q1r2 35233692.06629      0.000    695  
  cop_0488_qvarma_p1q1r2 33829441.73542      0.000    840  
  cop_0489_qvarma_p1q1r2 39284740.23035      0.000    344  
  cop_0490_qvarma_p1q1r2 33625787.38747      0.000    864  
  cop_0491_qvarma_p1q1r2 34794449.49744      0.000    744  
  cop_0492_qvarma_p1q1r2 37497738.92987      0.000    499  
  cop_0493_qvarma_p1q1r2 33450648.83800      0.000    871  
  cop_0494_qvarma_p1q1r2 36324127.56717      0.000    596  
  cop_0495_qvarma_p1q1r2 34199736.27118      0.000    809  
  cop_0496_qvarma_p1q1r2 34528668.21952      0.000    765  
  cop_0497_qvarma_p1q1r2 40993356.91038      0.000    206  
  cop_0498_qvarma_p1q1r2 37825304.66500      0.000    462  
  cop_0499_qvarma_p1q1r2 39027284.02443      0.000    347  
  cop_0500_qvarma_p1q1r2 33460955.44105      0.000    874  
  cop_0501_qvarma_p1q1r2 37558918.04969      0.000    479  
  cop_0502_qvarma_p1q1r2 31815218.19351      0.000    972  
  cop_0503_qvarma_p1q1r2 36309575.68489      0.000    604  
  cop_0504_qvarma_p1q1r2 39156205.52418      0.000    328  
  cop_0505_qvarma_p1q1r2 35055358.22239      0.000    704  
  cop_0506_qvarma_p1q1r2 40327055.97526      0.000    263  
  cop_0507_qvarma_p1q1r2 43775418.61516      0.000     54  
  cop_0508_qvarma_p1q1r2 42537656.01822      0.000     90  
  cop_0509_qvarma_p1q1r2 37064697.39780      0.000    524  
  cop_0510_qvarma_p1q1r2 34796266.72100      0.000    737  
  cop_0511_qvarma_p1q1r2 44102571.66536      0.000     50  
  cop_0512_qvarma_p1q1r2 35192745.94548      0.000    701  
  cop_0513_qvarma_p1q1r2 31822709.88449      0.000    973  
  cop_0514_qvarma_p1q1r2 38147095.92255      0.000    440  
  cop_0515_qvarma_p1q1r2 38584204.54548      0.000    399  
  cop_0516_qvarma_p1q1r2 38484139.02391      0.000    398  
  cop_0517_qvarma_p1q1r2 32741156.14670      0.000    929  
  cop_0518_qvarma_p1q1r2 40633953.99473      0.000    244  
  cop_0519_qvarma_p1q1r2 31705146.21648      0.000    977  
  cop_0520_qvarma_p1q1r2 36813875.14522      0.000    552  
  cop_0521_qvarma_p1q1r2 38464974.00039      0.000    400  
  cop_0522_qvarma_p1q1r2 31839686.64147      0.000    970  
  cop_0523_qvarma_p1q1r2 37046200.45852      0.000    525  
  cop_0524_qvarma_p1q1r2 34168104.01138      0.000    799  
  cop_0525_qvarma_p1q1r2 48188180.16137      0.000      1  
  cop_0526_qvarma_p1q1r2 38525065.38431      0.000    414  
  cop_0527_qvarma_p1q1r2 34775678.25858      0.000    743  
  cop_0528_qvarma_p1q1r2 37990391.44151      0.000    444  
  cop_0529_qvarma_p1q1r2 37335714.74948      0.000    505  
  cop_0530_qvarma_p1q1r2 39491672.88922      0.000    316  
  cop_0531_qvarma_p1q1r2 35038664.08466      0.000    721  
  cop_0532_qvarma_p1q1r2 39477293.15162      0.000    318  
  cop_0533_qvarma_p1q1r2 42719666.32603      0.000    122  
  cop_0534_qvarma_p1q1r2 39867085.11318      0.000    288  
  cop_0535_qvarma_p1q1r2 45065431.51136      0.000     26  
  cop_0536_qvarma_p1q1r2 41503360.69161      0.000    171  
  cop_0537_qvarma_p1q1r2 35637302.12633      0.000    663  
  cop_0538_qvarma_p1q1r2 38533206.01333      0.000    403  
  cop_0539_qvarma_p1q1r2 43331830.64770      0.000     82  
  cop_0540_qvarma_p1q1r2 38765758.90619      0.000    363  
  cop_0541_qvarma_p1q1r2 39079424.10843      0.000    348  
  cop_0542_qvarma_p1q1r2 31830830.10361      0.000    971  
  cop_0543_qvarma_p1q1r2 40173021.46689      0.000    266  
  cop_0544_qvarma_p1q1r2 43300541.08824      0.000     80  
  cop_0545_qvarma_p1q1r2 44102327.42632      0.000     58  
  cop_0546_qvarma_p1q1r2 36031817.63231      0.000    616  
  cop_0547_qvarma_p1q1r2 36838099.58159      0.000    532  
  cop_0548_qvarma_p1q1r2 44929290.84936      0.000     24  
  cop_0549_qvarma_p1q1r2 42740631.77171      0.000    112  
  cop_0550_qvarma_p1q1r2 40077022.09846      0.000    261  
  cop_0551_qvarma_p1q1r2 38672827.93692      0.000    384  
  cop_0552_qvarma_p1q1r2 38967105.76529      0.000    364  
  cop_0553_qvarma_p1q1r2 34026850.61585      0.000    828  
  cop_0554_qvarma_p1q1r2 34053703.77425      0.000    813  
  cop_0555_qvarma_p1q1r2 34617695.65937      0.000    752  
  cop_0556_qvarma_p1q1r2 35757940.08035      0.000    660  
  cop_0557_qvarma_p1q1r2 39487828.97834      0.000    317  
  cop_0558_qvarma_p1q1r2 36309795.68233      0.000    591  
  cop_0559_qvarma_p1q1r2 45445447.88988      0.000     18  
  cop_0560_qvarma_p1q1r2 45714704.63464      0.000     11  
  cop_0561_qvarma_p1q1r2 40508725.43286      0.000    246  
  cop_0562_qvarma_p1q1r2 36881696.13308      0.000    542  
  cop_0563_qvarma_p1q1r2 39459251.67252      0.000    321  
  cop_0564_qvarma_p1q1r2 41334179.84262      0.000    176  
  cop_0565_qvarma_p1q1r2 34492561.81412      0.000    768  
  cop_0566_qvarma_p1q1r2 35384806.13004      0.000    680  
  cop_0567_qvarma_p1q1r2 39053010.86115      0.000    325  
  cop_0568_qvarma_p1q1r2 31947145.87659      0.000    963  
  cop_0569_qvarma_p1q1r2 38123403.72338      0.000    448  
  cop_0570_qvarma_p1q1r2 38899148.17523      0.000    353  
  cop_0571_qvarma_p1q1r2 39257706.71246      0.000    324  
  cop_0572_qvarma_p1q1r2 34023831.30985      0.000    827  
  cop_0573_qvarma_p1q1r2 38525119.70133      0.000    401  
  cop_0574_qvarma_p1q1r2 40406948.62378      0.000    232  
  cop_0575_qvarma_p1q1r2 33053558.13510      0.000    903  
  cop_0576_qvarma_p1q1r2 36530497.55507      0.000    583  
  cop_0577_qvarma_p1q1r2 36507222.88349      0.000    588  
  cop_0578_qvarma_p1q1r2 39637181.72986      0.000    297  
  cop_0579_qvarma_p1q1r2 39634770.68426      0.000    293  
  cop_0580_qvarma_p1q1r2 34022112.33441      0.000    821  
  cop_0581_qvarma_p1q1r2 34271824.18548      0.000    796  
  cop_0582_qvarma_p1q1r2 41034127.56424      0.000    199  
  cop_0583_qvarma_p1q1r2 35185418.07276      0.000    705  
  cop_0584_qvarma_p1q1r2 39008686.83753      0.000    338  
  cop_0585_qvarma_p1q1r2 35093734.97947      0.000    716  
  cop_0586_qvarma_p1q1r2 35929214.32711      0.000    610  
  cop_0587_qvarma_p1q1r2 34065754.12739      0.000    816  
  cop_0588_qvarma_p1q1r2 34165649.38511      0.000    797  
  cop_0589_qvarma_p1q1r2 35698144.65633      0.000    658  
  cop_0590_qvarma_p1q1r2 34122558.43136      0.000    807  
  cop_0591_qvarma_p1q1r2 34223821.45798      0.000    804  
  cop_0592_qvarma_p1q1r2 32365974.75731      0.000    945  
  cop_0593_qvarma_p1q1r2 40972960.75920      0.000    193  
  cop_0594_qvarma_p1q1r2 36568701.16174      0.000    568  
  cop_0595_qvarma_p1q1r2 34089106.47333      0.000    811  
  cop_0596_qvarma_p1q1r2 32280190.47268      0.000    951  
  cop_0597_qvarma_p1q1r2 36789965.64137      0.000    548  
  cop_0598_qvarma_p1q1r2 35926936.52608      0.000    629  
  cop_0599_qvarma_p1q1r2 31222210.66896      0.041    995  
  cop_0600_qvarma_p1q1r2 35003298.72765      0.000    724  
  cop_0601_qvarma_p1q1r2 40143117.19014      0.000    284  
  cop_0602_qvarma_p1q1r2 33956244.33965      0.000    826  
  cop_0603_qvarma_p1q1r2 35711107.47246      0.000    652  
  cop_0604_qvarma_p1q1r2 39902388.17470      0.000    270  
  cop_0605_qvarma_p1q1r2 40505348.89468      0.000    228  
  cop_0606_qvarma_p1q1r2 43269858.19604      0.000     76  
  cop_0607_qvarma_p1q1r2 44107534.49450      0.000     39  
  cop_0608_qvarma_p1q1r2 34075151.08609      0.000    820  
  cop_0609_qvarma_p1q1r2 38447813.81112      0.000    407  
  cop_0610_qvarma_p1q1r2 35359213.83417      0.000    677  
  cop_0611_qvarma_p1q1r2 33227653.53689      0.000    890  
  cop_0612_qvarma_p1q1r2 33999074.01887      0.000    814  
  cop_0613_qvarma_p1q1r2 36339842.33341      0.000    573  
  cop_0614_qvarma_p1q1r2 36840661.24060      0.000    551  
  cop_0615_qvarma_p1q1r2 35958911.01311      0.000    634  
  cop_0616_qvarma_p1q1r2 34552511.27044      0.000    755  
  cop_0617_qvarma_p1q1r2 40846734.69021      0.000    210  
  cop_0618_qvarma_p1q1r2 41324983.74069      0.000    190  
  cop_0619_qvarma_p1q1r2 35554041.01462      0.000    674  
  cop_0620_qvarma_p1q1r2 34637478.05294      0.000    753  
  cop_0621_qvarma_p1q1r2 45037455.96574      0.000     19  
  cop_0622_qvarma_p1q1r2 34787220.67477      0.000    742  
  cop_0623_qvarma_p1q1r2 40842361.43439      0.000    213  
  cop_0624_qvarma_p1q1r2 41750779.83512      0.000    159  
  cop_0625_qvarma_p1q1r2 40464826.89903      0.000    236  
  cop_0626_qvarma_p1q1r2 38309654.50679      0.000    411  
  cop_0627_qvarma_p1q1r2 37514415.82433      0.000    482  
  cop_0628_qvarma_p1q1r2 33429290.86877      0.000    878  
  cop_0629_qvarma_p1q1r2 41077420.23696      0.000    207  
  cop_0630_qvarma_p1q1r2 37544890.51748      0.000    488  
  cop_0631_qvarma_p1q1r2 42478758.15054      0.000    117  
  cop_0632_qvarma_p1q1r2 35149083.21166      0.000    709  
  cop_0633_qvarma_p1q1r2 40149985.96199      0.000    282  
  cop_0634_qvarma_p1q1r2 35945009.18528      0.000    621  
  cop_0635_qvarma_p1q1r2 36521659.05060      0.000    576  
  cop_0636_qvarma_p1q1r2 34526749.61606      0.000    759  
  cop_0637_qvarma_p1q1r2 40364187.39891      0.000    267  
  cop_0638_qvarma_p1q1r2 38826090.65603      0.000    378  
  cop_0639_qvarma_p1q1r2 37489600.57739      0.000    491  
  cop_0640_qvarma_p1q1r2 32998843.40826      0.000    914  
  cop_0641_qvarma_p1q1r2 36007310.21629      0.000    617  
  cop_0642_qvarma_p1q1r2 32521147.54652      0.000    941  
  cop_0643_qvarma_p1q1r2 38608384.64116      0.000    382  
  cop_0644_qvarma_p1q1r2 32645752.85300      0.000    933  
  cop_0645_qvarma_p1q1r2 34539308.30471      0.000    760  
  cop_0646_qvarma_p1q1r2 39062446.03127      0.000    337  
  cop_0647_qvarma_p1q1r2 37432961.50915      0.000    484  
  cop_0648_qvarma_p1q1r2 40186276.76106      0.000    274  
  cop_0649_qvarma_p1q1r2 35885886.10886      0.000    632  
  cop_0650_qvarma_p1q1r2 38838599.18169      0.000    361  
  cop_0651_qvarma_p1q1r2 45241252.97942      0.000     23  
  cop_0652_qvarma_p1q1r2 43834058.29087      0.000     48  
  cop_0653_qvarma_p1q1r2 38108255.55664      0.000    441  
  cop_0654_qvarma_p1q1r2 36397917.60460      0.000    595  
  cop_0655_qvarma_p1q1r2 33016607.62099      0.000    913  
  cop_0656_qvarma_p1q1r2 35676635.31497      0.000    650  
  cop_0657_qvarma_p1q1r2 46464491.03878      0.000      5  
  cop_0658_qvarma_p1q1r2 33298649.83237      0.000    887  
  cop_0659_qvarma_p1q1r2 36801344.82321      0.000    537  
  cop_0660_qvarma_p1q1r2 35032817.41666      0.000    719  
  cop_0661_qvarma_p1q1r2 37352964.36915      0.000    489  
  cop_0662_qvarma_p1q1r2 33958911.61643      0.000    831  
  cop_0663_qvarma_p1q1r2 38903744.58939      0.000    359  
  cop_0664_qvarma_p1q1r2 33134408.83715      0.000    897  
  cop_0665_qvarma_p1q1r2 39022078.73293      0.000    372  
  cop_0666_qvarma_p1q1r2 41505096.70920      0.000    181  
  cop_0667_qvarma_p1q1r2 34413076.26156      0.000    776  
  cop_0668_qvarma_p1q1r2 33343153.42913      0.000    888  
  cop_0669_qvarma_p1q1r2 42021081.65050      0.000    141  
  cop_0670_qvarma_p1q1r2 41822680.77321      0.000    143  
  cop_0671_qvarma_p1q1r2 43588157.90610      0.000     77  
  cop_0672_qvarma_p1q1r2 36931599.14103      0.000    514  
  cop_0673_qvarma_p1q1r2 34015375.19115      0.000    812  
  cop_0674_qvarma_p1q1r2 43581275.52650      0.000     69  
  cop_0675_qvarma_p1q1r2 40390223.35273      0.000    247  
  cop_0676_qvarma_p1q1r2 36735176.23644      0.000    562  
  cop_0677_qvarma_p1q1r2 35360754.90643      0.000    693  
  cop_0678_qvarma_p1q1r2 37115473.61434      0.000    508  
  cop_0679_qvarma_p1q1r2 42443290.81605      0.000    125  
  cop_0680_qvarma_p1q1r2 38516332.00567      0.000    387  
  cop_0681_qvarma_p1q1r2 32957977.50888      0.000    915  
  cop_0682_qvarma_p1q1r2 34027949.46633      0.000    825  
  cop_0683_qvarma_p1q1r2 39306655.48045      0.000    330  
  cop_0684_qvarma_p1q1r2 35212179.32930      0.000    696  
  cop_0685_qvarma_p1q1r2 40688355.41172      0.000    237  
  cop_0686_qvarma_p1q1r2 43343479.13725      0.000     56  
  cop_0687_qvarma_p1q1r2 33076833.44712      0.000    904  
  cop_0688_qvarma_p1q1r2 40668159.78505      0.000    233  
  cop_0689_qvarma_p1q1r2 37088783.25436      0.000    519  
  cop_0690_qvarma_p1q1r2 42085602.96580      0.000    139  
  cop_0691_qvarma_p1q1r2 35093173.72396      0.000    708  
  cop_0692_qvarma_p1q1r2 40389405.91076      0.000    255  
  cop_0693_qvarma_p1q1r2 36126735.47368      0.000    606  
  cop_0694_qvarma_p1q1r2 36215134.98223      0.000    600  
  cop_0695_qvarma_p1q1r2 38207044.09942      0.000    435  
  cop_0696_qvarma_p1q1r2 39383839.06196      0.000    323  
  cop_0697_qvarma_p1q1r2 43045733.80341      0.000     73  
  cop_0698_qvarma_p1q1r2 44422066.20879      0.000     34  
  cop_0699_qvarma_p1q1r2 33697280.01557      0.000    858  
  cop_0700_qvarma_p1q1r2 38166050.97182      0.000    422  
  cop_0701_qvarma_p1q1r2 36324505.10518      0.000    602  
  cop_0702_qvarma_p1q1r2 33926301.65510      0.000    832  
  cop_0703_qvarma_p1q1r2 41864390.36374      0.000    161  
  cop_0704_qvarma_p1q1r2 36145830.19616      0.000    614  
  cop_0705_qvarma_p1q1r2 40353678.63899      0.000    253  
  cop_0706_qvarma_p1q1r2 39048984.79040      0.000    355  
  cop_0707_qvarma_p1q1r2 34339841.23341      0.000    775  
  cop_0708_qvarma_p1q1r2 36833424.03251      0.000    549  
  cop_0709_qvarma_p1q1r2 39620900.45817      0.000    310  
  cop_0710_qvarma_p1q1r2 37315737.68575      0.000    493  
  cop_0711_qvarma_p1q1r2 43119955.18973      0.000     98  
  cop_0712_qvarma_p1q1r2 33474137.72818      0.000    873  
  cop_0713_qvarma_p1q1r2 38316456.81864      0.000    426  
  cop_0714_qvarma_p1q1r2 39946787.55087      0.000    292  
  cop_0715_qvarma_p1q1r2 40825799.52635      0.000    225  
  cop_0716_qvarma_p1q1r2 31802319.72808      0.000    975  
  cop_0717_qvarma_p1q1r2 31472260.64503      0.024    983  
  cop_0718_qvarma_p1q1r2 38106572.82261      0.000    424  
  cop_0719_qvarma_p1q1r2 44119921.73930      0.000     60  
  cop_0720_qvarma_p1q1r2 34830297.24285      0.000    740  
  cop_0721_qvarma_p1q1r2 43241220.51403      0.000     81  
  cop_0722_qvarma_p1q1r2 38175057.07178      0.000    418  
  cop_0723_qvarma_p1q1r2 36910925.82555      0.000    526  
  cop_0724_qvarma_p1q1r2 39568919.76728      0.000    307  
  cop_0725_qvarma_p1q1r2 38201123.21959      0.000    432  
  cop_0726_qvarma_p1q1r2 36626319.36257      0.000    558  
  cop_0727_qvarma_p1q1r2 33255112.07839      0.000    894  
  cop_0728_qvarma_p1q1r2 34010822.48467      0.000    818  
  cop_0729_qvarma_p1q1r2 39129978.97536      0.000    335  
  cop_0730_qvarma_p1q1r2 37800261.98278      0.000    464  
  cop_0731_qvarma_p1q1r2 31436751.81145      0.031    986  
  cop_0732_qvarma_p1q1r2 43001060.61555      0.000    101  
  cop_0733_qvarma_p1q1r2 36879857.15099      0.000    528  
  cop_0734_qvarma_p1q1r2 42745919.12924      0.000    128  
  cop_0735_qvarma_p1q1r2 37654958.65823      0.000    481  
  cop_0736_qvarma_p1q1r2 42659949.50083      0.000    138  
  cop_0737_qvarma_p1q1r2 38674903.57276      0.000    395  
  cop_0738_qvarma_p1q1r2 40238531.13172      0.000    264  
  cop_0739_qvarma_p1q1r2 34704539.15445      0.000    748  
  cop_0740_qvarma_p1q1r2 38996024.74714      0.000    367  
  cop_0741_qvarma_p1q1r2 39763581.81909      0.000    305  
  cop_0742_qvarma_p1q1r2 35911536.48565      0.000    630  
  cop_0743_qvarma_p1q1r2 31219611.29857      0.041    994  
  cop_0744_qvarma_p1q1r2 35444915.37401      0.000    678  
  cop_0745_qvarma_p1q1r2 34415798.26125      0.000    782  
  cop_0746_qvarma_p1q1r2 34377768.23736      0.000    783  
  cop_0747_qvarma_p1q1r2 33201802.69349      0.000    895  
  cop_0748_qvarma_p1q1r2 32496734.11599      0.000    942  
  cop_0749_qvarma_p1q1r2 40520896.20811      0.000    248  
  cop_0750_qvarma_p1q1r2 41172908.61153      0.000    204  
  cop_0751_qvarma_p1q1r2 39856058.99122      0.000    285  
  cop_0752_qvarma_p1q1r2 41611776.77894      0.000    145  
  cop_0753_qvarma_p1q1r2 36383919.22840      0.000    597  
  cop_0754_qvarma_p1q1r2 32920473.85601      0.000    920  
  cop_0755_qvarma_p1q1r2 39612617.06456      0.000    298  
  cop_0756_qvarma_p1q1r2 33339375.54571      0.000    885  
  cop_0757_qvarma_p1q1r2 39511420.98154      0.000    314  
  cop_0758_qvarma_p1q1r2 32190286.19581      0.000    956  
  cop_0759_qvarma_p1q1r2 40018763.25528      0.000    279  
  cop_0760_qvarma_p1q1r2 38568969.84766      0.000    385  
  cop_0761_qvarma_p1q1r2 35379123.28185      0.000    684  
  cop_0762_qvarma_p1q1r2 35213700.63276      0.000    700  
  cop_0763_qvarma_p1q1r2 38881436.66517      0.000    351  
  cop_0764_qvarma_p1q1r2 35079524.22772      0.000    707  
  cop_0765_qvarma_p1q1r2 46103736.20105      0.000      9  
  cop_0766_qvarma_p1q1r2 33750184.38299      0.000    855  
  cop_0767_qvarma_p1q1r2 32078035.40212      0.000    960  
  cop_0768_qvarma_p1q1r2 38738699.37570      0.000    354  
  cop_0769_qvarma_p1q1r2 34250926.79680      0.000    788  
  cop_0770_qvarma_p1q1r2 35971470.33558      0.000    627  
  cop_0771_qvarma_p1q1r2 44348828.71603      0.000     57  
  cop_0772_qvarma_p1q1r2 36747656.86685      0.000    550  
  cop_0773_qvarma_p1q1r2 32318814.06087      0.000    947  
  cop_0774_qvarma_p1q1r2 36817650.58807      0.000    557  
  cop_0775_qvarma_p1q1r2 42907343.20576      0.000    100  
  cop_0776_qvarma_p1q1r2 40037369.61054      0.000    260  
  cop_0777_qvarma_p1q1r2 31414602.65958      0.031    985  
  cop_0778_qvarma_p1q1r2 38507367.73802      0.000    386  
  cop_0779_qvarma_p1q1r2 36599029.25220      0.000    560  
  cop_0780_qvarma_p1q1r2 39436359.74304      0.000    326  
  cop_0781_qvarma_p1q1r2 41109203.35687      0.000    200  
  cop_0782_qvarma_p1q1r2 40604536.10338      0.000    234  
  cop_0783_qvarma_p1q1r2 36165359.98380      0.000    608  
  cop_0784_qvarma_p1q1r2 33386249.28132      0.000    880  
  cop_0785_qvarma_p1q1r2 36246279.49013      0.000    589  
  cop_0786_qvarma_p1q1r2 38085403.96437      0.000    421  
  cop_0787_qvarma_p1q1r2 39021063.47236      0.000    350  
  cop_0788_qvarma_p1q1r2 34004866.29845      0.000    837  
  cop_0789_qvarma_p1q1r2 36549008.74762      0.000    567  
  cop_0790_qvarma_p1q1r2 39858784.25924      0.000    315  
  cop_0791_qvarma_p1q1r2 34300631.19483      0.000    787  
  cop_0792_qvarma_p1q1r2 40675457.52817      0.000    208  
  cop_0793_qvarma_p1q1r2 32742111.69112      0.000    927  
  cop_0794_qvarma_p1q1r2 40486249.69824      0.000    242  
  cop_0795_qvarma_p1q1r2 34164439.56989      0.000    801  
  cop_0796_qvarma_p1q1r2 35320548.57432      0.000    683  
  cop_0797_qvarma_p1q1r2 32535001.52359      0.000    940  
  cop_0798_qvarma_p1q1r2 35876453.85251      0.000    646  
  cop_0799_qvarma_p1q1r2 34586954.61284      0.000    757  
  cop_0800_qvarma_p1q1r2 41721294.36226      0.000    178  
  cop_0801_qvarma_p1q1r2 43090515.20148      0.000    107  
  cop_0802_qvarma_p1q1r2 43158010.81388      0.000     92  
  cop_0803_qvarma_p1q1r2 38746963.99037      0.000    376  
  cop_0804_qvarma_p1q1r2 36405875.00927      0.000    593  
  cop_0805_qvarma_p1q1r2 34298548.08700      0.000    786  
  cop_0806_qvarma_p1q1r2 44720873.47096      0.000     33  
  cop_0807_qvarma_p1q1r2 36501181.32557      0.000    571  
  cop_0808_qvarma_p1q1r2 40211447.70222      0.000    277  
  cop_0809_qvarma_p1q1r2 44688795.31455      0.000     20  
  cop_0810_qvarma_p1q1r2 38687002.92768      0.000    371  
  cop_0811_qvarma_p1q1r2 37938245.33772      0.000    453  
  cop_0812_qvarma_p1q1r2 41579588.31589      0.000    184  
  cop_0813_qvarma_p1q1r2 38050669.08739      0.000    455  
  cop_0814_qvarma_p1q1r2 33993763.61976      0.000    815  
  cop_0815_qvarma_p1q1r2 38134873.58211      0.000    430  
  cop_0816_qvarma_p1q1r2 32421336.61162      0.000    943  
  cop_0817_qvarma_p1q1r2 39987489.86566      0.000    252  
  cop_0818_qvarma_p1q1r2 41253687.18274      0.000    187  
  cop_0819_qvarma_p1q1r2 45490554.81004      0.000     16  
  cop_0820_qvarma_p1q1r2 35378333.61167      0.000    675  
  cop_0821_qvarma_p1q1r2 37852776.41000      0.000    454  
  cop_0822_qvarma_p1q1r2 33326446.62983      0.000    883  
  cop_0823_qvarma_p1q1r2 38945628.62537      0.000    349  
  cop_0824_qvarma_p1q1r2 36162483.22315      0.000    609  
  cop_0825_qvarma_p1q1r2 42698875.18715      0.000     88  
  cop_0826_qvarma_p1q1r2 41762243.15164      0.000    164  
  cop_0827_qvarma_p1q1r2 40119597.84264      0.000    273  
  cop_0828_qvarma_p1q1r2 33517342.81330      0.000    869  
  cop_0829_qvarma_p1q1r2 43186585.14055      0.000     87  
  cop_0830_qvarma_p1q1r2 34206743.13327      0.000    790  
  cop_0831_qvarma_p1q1r2 35235128.63293      0.000    691  
  cop_0832_qvarma_p1q1r2 32139555.34713      0.000    959  
  cop_0833_qvarma_p1q1r2 39659156.04393      0.000    287  
  cop_0834_qvarma_p1q1r2 37277077.95440      0.000    497  
  cop_0835_qvarma_p1q1r2 41950820.22098      0.000    163  
  cop_0836_qvarma_p1q1r2 37111080.45024      0.000    513  
  cop_0837_qvarma_p1q1r2 36067790.02141      0.000    622  
  cop_0838_qvarma_p1q1r2 35484849.33026      0.000    670  
  cop_0839_qvarma_p1q1r2 40138073.49660      0.000    250  
  cop_0840_qvarma_p1q1r2 37299518.11932      0.000    492  
  cop_0841_qvarma_p1q1r2 39089128.08193      0.000    334  
  cop_0842_qvarma_p1q1r2 37479641.91861      0.000    483  
  cop_0843_qvarma_p1q1r2 40002966.61493      0.000    243  
  cop_0844_qvarma_p1q1r2 33574932.42291      0.000    867  
  cop_0845_qvarma_p1q1r2 37971781.14976      0.000    439  
  cop_0846_qvarma_p1q1r2 33757402.07865      0.000    844  
  cop_0847_qvarma_p1q1r2 39224982.27286      0.000    352  
  cop_0848_qvarma_p1q1r2 38018254.91351      0.000    446  
  cop_0849_qvarma_p1q1r2 39787931.54021      0.000    281  
  cop_0850_qvarma_p1q1r2 38973947.42928      0.000    343  
  cop_0851_qvarma_p1q1r2 37752342.14064      0.000    465  
  cop_0852_qvarma_p1q1r2 37800849.44536      0.000    456  
  cop_0853_qvarma_p1q1r2 37779599.82602      0.000    468  
  cop_0854_qvarma_p1q1r2 38582036.44760      0.000    392  
  cop_0855_qvarma_p1q1r2 34941720.82100      0.000    726  
  cop_0856_qvarma_p1q1r2 33649483.24798      0.000    857  
  cop_0857_qvarma_p1q1r2 41780740.19987      0.000    158  
  cop_0858_qvarma_p1q1r2 40616249.71477      0.000    231  
  cop_0859_qvarma_p1q1r2 31290901.79979      0.041    992  
  cop_0860_qvarma_p1q1r2 39947344.28609      0.000    283  
  cop_0861_qvarma_p1q1r2 37963950.50756      0.000    442  
  cop_0862_qvarma_p1q1r2 35820280.86068      0.000    640  
  cop_0863_qvarma_p1q1r2 40322701.72249      0.000    240  
  cop_0864_qvarma_p1q1r2 40927960.50695      0.000    217  
  cop_0865_qvarma_p1q1r2 35804967.34665      0.000    653  
  cop_0866_qvarma_p1q1r2 31650965.16687      0.000    979  
  cop_0867_qvarma_p1q1r2 42321609.82394      0.000    144  
  cop_0868_qvarma_p1q1r2 42576839.34983      0.000    111  
  cop_0869_qvarma_p1q1r2 35910415.12964      0.000    636  
  cop_0870_qvarma_p1q1r2 40395477.67960      0.000    239  
  cop_0871_qvarma_p1q1r2 33007812.86085      0.000    908  
  cop_0872_qvarma_p1q1r2 43111676.34631      0.000     91  
  cop_0873_qvarma_p1q1r2 33980099.08643      0.000    830  
  cop_0874_qvarma_p1q1r2 43159466.20734      0.000     74  
  cop_0875_qvarma_p1q1r2 39485690.26547      0.000    311  
  cop_0876_qvarma_p1q1r2 36063521.77075      0.000    618  
  cop_0877_qvarma_p1q1r2 39023374.36268      0.000    356  
  cop_0878_qvarma_p1q1r2 34349944.48812      0.000    784  
  cop_0879_qvarma_p1q1r2 39073585.61820      0.000    327  
  cop_0880_qvarma_p1q1r2 33424293.66968      0.000    875  
  cop_0881_qvarma_p1q1r2 34583007.71954      0.000    764  
  cop_0882_qvarma_p1q1r2 34515656.49545      0.000    769  
  cop_0883_qvarma_p1q1r2 36788261.25763      0.000    544  
  cop_0884_qvarma_p1q1r2 39675906.98913      0.000    299  
  cop_0885_qvarma_p1q1r2 33963731.72705      0.000    833  
  cop_0886_qvarma_p1q1r2 44279542.58337      0.000     40  
  cop_0887_qvarma_p1q1r2 41565372.28049      0.000    173  
  cop_0888_qvarma_p1q1r2 40134885.48335      0.000    272  
  cop_0889_qvarma_p1q1r2 39728080.69575      0.000    289  
  cop_0890_qvarma_p1q1r2 38831120.05322      0.000    370  
  cop_0891_qvarma_p1q1r2 39553577.55310      0.000    319  
  cop_0892_qvarma_p1q1r2 34519636.84608      0.000    766  
  cop_0893_qvarma_p1q1r2 44537162.22418      0.000     30  
  cop_0894_qvarma_p1q1r2 35880212.07877      0.000    626  
  cop_0895_qvarma_p1q1r2 42761227.13087      0.000     97  
  cop_0896_qvarma_p1q1r2 42217021.29077      0.000    137  
  cop_0897_qvarma_p1q1r2 34387354.45049      0.000    778  
  cop_0898_qvarma_p1q1r2 41883982.18035      0.000    165  
  cop_0899_qvarma_p1q1r2 40589874.46577      0.000    222  
  cop_0900_qvarma_p1q1r2 38146183.67912      0.000    429  
  cop_0901_qvarma_p1q1r2 36426585.07312      0.000    587  
  cop_0902_qvarma_p1q1r2 41828493.13932      0.000    162  
  cop_0903_qvarma_p1q1r2 35271348.83933      0.000    694  
  cop_0904_qvarma_p1q1r2 33956892.90034      0.000    823  
  cop_0905_qvarma_p1q1r2 43123605.51019      0.000    110  
  cop_0906_qvarma_p1q1r2 35041390.10580      0.000    714  
  cop_0907_qvarma_p1q1r2 37454218.90346      0.000    469  
  cop_0908_qvarma_p1q1r2 34927821.28737      0.000    727  
  cop_0909_qvarma_p1q1r2 33173314.94890      0.000    898  
  cop_0910_qvarma_p1q1r2 31477562.71964      0.024    984  
  cop_0911_qvarma_p1q1r2 33631237.81552      0.000    861  
  cop_0912_qvarma_p1q1r2 32313825.06008      0.000    946  
  cop_0913_qvarma_p1q1r2 44311514.53307      0.000     44  
  cop_0914_qvarma_p1q1r2 36522424.22568      0.000    581  
  cop_0915_qvarma_p1q1r2 33901212.95929      0.000    841  
  cop_0916_qvarma_p1q1r2 35997208.61225      0.000    615  
  cop_0917_qvarma_p1q1r2 32211709.74206      0.000    954  
  cop_0918_qvarma_p1q1r2 41230601.98545      0.000    205  
  cop_0919_qvarma_p1q1r2 34366710.85794      0.000    781  
  cop_0920_qvarma_p1q1r2 33970656.20915      0.000    842  
  cop_0921_qvarma_p1q1r2 37771912.00847      0.000    458  
  cop_0922_qvarma_p1q1r2 40918828.91843      0.000    226  
  cop_0923_qvarma_p1q1r2 39847532.48339      0.000    271  
  cop_0924_qvarma_p1q1r2 35497805.61102      0.000    672  
  cop_0925_qvarma_p1q1r2 36989031.24102      0.000    511  
  cop_0926_qvarma_p1q1r2 34194643.72223      0.000    805  
  cop_0927_qvarma_p1q1r2 44469804.13777      0.000     38  
  cop_0928_qvarma_p1q1r2 35764201.82001      0.000    638  
  cop_0929_qvarma_p1q1r2 33422684.96446      0.000    872  
  cop_0930_qvarma_p1q1r2 38071981.19882      0.000    443  
  cop_0931_qvarma_p1q1r2 30375306.83133      1.000      -  yes
  cop_0932_qvarma_p1q1r2 41389536.82994      0.000    192  
  cop_0933_qvarma_p1q1r2 34838755.70381      0.000    731  
  cop_0934_qvarma_p1q1r2 35891714.30588      0.000    633  
  cop_0935_qvarma_p1q1r2 34017142.88044      0.000    810  
  cop_0936_qvarma_p1q1r2 33637512.30119      0.000    852  
  cop_0937_qvarma_p1q1r2 31861047.66562      0.000    967  
  cop_0938_qvarma_p1q1r2 38098584.65167      0.000    436  
  cop_0939_qvarma_p1q1r2 42957521.53005      0.000    103  
  cop_0940_qvarma_p1q1r2 34289467.34762      0.000    777  
  cop_0941_qvarma_p1q1r2 40827371.65884      0.000    224  
  cop_0942_qvarma_p1q1r2 37263957.69912      0.000    506  
  cop_0943_qvarma_p1q1r2 36691456.73203      0.000    563  
  cop_0944_qvarma_p1q1r2 35351448.28215      0.000    682  
  cop_0945_qvarma_p1q1r2 38020292.52844      0.000    450  
  cop_0946_qvarma_p1q1r2 33924063.90608      0.000    843  
  cop_0947_qvarma_p1q1r2 36310452.21068      0.000    580  
  cop_0948_qvarma_p1q1r2 32761842.37502      0.000    926  
  cop_0949_qvarma_p1q1r2 37017814.12353      0.000    517  
  cop_0950_qvarma_p1q1r2 41323147.38014      0.000    195  
  cop_0951_qvarma_p1q1r2 37872848.90118      0.000    461  
  cop_0952_qvarma_p1q1r2 31976721.72538      0.000    962  
  cop_0953_qvarma_p1q1r2 38062749.67417      0.000    452  
  cop_0954_qvarma_p1q1r2 41381456.28019      0.000    175  
  cop_0955_qvarma_p1q1r2 37081521.79739      0.000    523  
  cop_0956_qvarma_p1q1r2 43658520.75886      0.000     63  
  cop_0957_qvarma_p1q1r2 43454433.50346      0.000     64  
  cop_0958_qvarma_p1q1r2 38031683.60695      0.000    438  
  cop_0959_qvarma_p1q1r2 43520231.12536      0.000     61  
  cop_0960_qvarma_p1q1r2 40031410.15895      0.000    276  
  cop_0961_qvarma_p1q1r2 32173770.42759      0.000    958  
  cop_0962_qvarma_p1q1r2 39484231.27354      0.000    303  
  cop_0963_qvarma_p1q1r2 42391816.66058      0.000    131  
  cop_0964_qvarma_p1q1r2 35674054.87810      0.000    659  
  cop_0965_qvarma_p1q1r2 37591572.52346      0.000    477  
  cop_0966_qvarma_p1q1r2 43219760.12226      0.000     78  
  cop_0967_qvarma_p1q1r2 38577721.58206      0.000    394  
  cop_0968_qvarma_p1q1r2 38698873.24462      0.000    383  
  cop_0969_qvarma_p1q1r2 43527931.23542      0.000     71  
  cop_0970_qvarma_p1q1r2 31905162.29480      0.000    964  
  cop_0971_qvarma_p1q1r2 44652728.44702      0.000     42  
  cop_0972_qvarma_p1q1r2 41565500.95227      0.000    179  
  cop_0973_qvarma_p1q1r2 35100407.65585      0.000    715  
  cop_0974_qvarma_p1q1r2 34841757.76007      0.000    729  
  cop_0975_qvarma_p1q1r2 40344203.65879      0.000    221  
  cop_0976_qvarma_p1q1r2 34586151.31918      0.000    762  
  cop_0977_qvarma_p1q1r2 39668720.78762      0.000    304  
  cop_0978_qvarma_p1q1r2 42448620.35907      0.000    118  
  cop_0979_qvarma_p1q1r2 42491493.72267      0.000    129  
  cop_0980_qvarma_p1q1r2 34499990.76884      0.000    770  
  cop_0981_qvarma_p1q1r2 42903268.25066      0.000     86  
  cop_0982_qvarma_p1q1r2 39164375.40416      0.000    320  
  cop_0983_qvarma_p1q1r2 41645621.23592      0.000    169  
  cop_0984_qvarma_p1q1r2 37433865.90246      0.000    487  
  cop_0985_qvarma_p1q1r2 41572849.75261      0.000    186  
  cop_0986_qvarma_p1q1r2 30872231.65718      0.041    999  
  cop_0987_qvarma_p1q1r2 40833195.16290      0.000    214  
  cop_0988_qvarma_p1q1r2 40610197.27098      0.000    229  
  cop_0989_qvarma_p1q1r2 35730608.59056      0.000    654  
  cop_0990_qvarma_p1q1r2 36219350.98014      0.000    607  
  cop_0991_qvarma_p1q1r2 36930962.25240      0.000    530  
  cop_0992_qvarma_p1q1r2 41211456.48897      0.000    189  
  cop_0993_qvarma_p1q1r2 35800994.98031      0.000    642  
  cop_0994_qvarma_p1q1r2 34029206.30192      0.000    829  
  cop_0995_qvarma_p1q1r2 38144332.49210      0.000    425  
  cop_0996_qvarma_p1q1r2 42310647.07345      0.000    119  
  cop_0997_qvarma_p1q1r2 36434338.94745      0.000    575  
  cop_0998_qvarma_p1q1r2 38681415.54250      0.000    380  
  cop_0999_qvarma_p1q1r2 31874814.62665      0.000    969  
  cop_1000_qvarma_p1q1r2 38078841.46352      0.000    434  
  eliminated, worst first: cop_0525_qvarma_p1q1r2 cop_0414_qvarma_p1q1r2 cop_0111_qvarma_p1q1r2 cop_0082_qvarma_p1q1r2 cop_0657_qvarma_p1q1r2 cop_0199_qvarma_p1q1r2 cop_0254_qvarma_p1q1r2 cop_0456_qvarma_p1q1r2 cop_0765_qvarma_p1q1r2 cop_0251_qvarma_p1q1r2 cop_0560_qvarma_p1q1r2 cop_0154_qvarma_p1q1r2 cop_0194_qvarma_p1q1r2 cop_0333_qvarma_p1q1r2 cop_0464_qvarma_p1q1r2 cop_0819_qvarma_p1q1r2 cop_0323_qvarma_p1q1r2 cop_0559_qvarma_p1q1r2 cop_0621_qvarma_p1q1r2 cop_0809_qvarma_p1q1r2 cop_0222_qvarma_p1q1r2 cop_0236_qvarma_p1q1r2 cop_0651_qvarma_p1q1r2 cop_0548_qvarma_p1q1r2 cop_0390_qvarma_p1q1r2 cop_0535_qvarma_p1q1r2 cop_0108_qvarma_p1q1r2 cop_0126_qvarma_p1q1r2 cop_0067_qvarma_p1q1r2 cop_0893_qvarma_p1q1r2 cop_0326_qvarma_p1q1r2 cop_0306_qvarma_p1q1r2 cop_0806_qvarma_p1q1r2 cop_0698_qvarma_p1q1r2 cop_0177_qvarma_p1q1r2 cop_0012_qvarma_p1q1r2 cop_0440_qvarma_p1q1r2 cop_0927_qvarma_p1q1r2 cop_0607_qvarma_p1q1r2 cop_0886_qvarma_p1q1r2 cop_0272_qvarma_p1q1r2 cop_0971_qvarma_p1q1r2 cop_0362_qvarma_p1q1r2 cop_0913_qvarma_p1q1r2 cop_0162_qvarma_p1q1r2 cop_0203_qvarma_p1q1r2 cop_0463_qvarma_p1q1r2 cop_0652_qvarma_p1q1r2 cop_0471_qvarma_p1q1r2 cop_0511_qvarma_p1q1r2 cop_0444_qvarma_p1q1r2 cop_0350_qvarma_p1q1r2 cop_0023_qvarma_p1q1r2 cop_0507_qvarma_p1q1r2 cop_0256_qvarma_p1q1r2 cop_0686_qvarma_p1q1r2 cop_0771_qvarma_p1q1r2 cop_0545_qvarma_p1q1r2 cop_0451_qvarma_p1q1r2 cop_0719_qvarma_p1q1r2 cop_0959_qvarma_p1q1r2 cop_0315_qvarma_p1q1r2 cop_0956_qvarma_p1q1r2 cop_0957_qvarma_p1q1r2 cop_0021_qvarma_p1q1r2 cop_0217_qvarma_p1q1r2 cop_0093_qvarma_p1q1r2 cop_0401_qvarma_p1q1r2 cop_0674_qvarma_p1q1r2 cop_0284_qvarma_p1q1r2 cop_0969_qvarma_p1q1r2 cop_0005_qvarma_p1q1r2 cop_0697_qvarma_p1q1r2 cop_0874_qvarma_p1q1r2 cop_0445_qvarma_p1q1r2 cop_0606_qvarma_p1q1r2 cop_0671_qvarma_p1q1r2 cop_0966_qvarma_p1q1r2 cop_0228_qvarma_p1q1r2 cop_0544_qvarma_p1q1r2 cop_0721_qvarma_p1q1r2 cop_0539_qvarma_p1q1r2 cop_0188_qvarma_p1q1r2 cop_0085_qvarma_p1q1r2 cop_0265_qvarma_p1q1r2 cop_0981_qvarma_p1q1r2 cop_0829_qvarma_p1q1r2 cop_0825_qvarma_p1q1r2 cop_0169_qvarma_p1q1r2 cop_0508_qvarma_p1q1r2 cop_0872_qvarma_p1q1r2 cop_0802_qvarma_p1q1r2 cop_0242_qvarma_p1q1r2 cop_0480_qvarma_p1q1r2 cop_0363_qvarma_p1q1r2 cop_0002_qvarma_p1q1r2 cop_0895_qvarma_p1q1r2 cop_0711_qvarma_p1q1r2 cop_0372_qvarma_p1q1r2 cop_0775_qvarma_p1q1r2 cop_0732_qvarma_p1q1r2 cop_0150_qvarma_p1q1r2 cop_0939_qvarma_p1q1r2 cop_0247_qvarma_p1q1r2 cop_0046_qvarma_p1q1r2 cop_0083_qvarma_p1q1r2 cop_0801_qvarma_p1q1r2 cop_0314_qvarma_p1q1r2 cop_0234_qvarma_p1q1r2 cop_0905_qvarma_p1q1r2 cop_0868_qvarma_p1q1r2 cop_0549_qvarma_p1q1r2 cop_0447_qvarma_p1q1r2 cop_0349_qvarma_p1q1r2 cop_0270_qvarma_p1q1r2 cop_0263_qvarma_p1q1r2 cop_0631_qvarma_p1q1r2 cop_0978_qvarma_p1q1r2 cop_0996_qvarma_p1q1r2 cop_0114_qvarma_p1q1r2 cop_0235_qvarma_p1q1r2 cop_0533_qvarma_p1q1r2 cop_0223_qvarma_p1q1r2 cop_0184_qvarma_p1q1r2 cop_0679_qvarma_p1q1r2 cop_0144_qvarma_p1q1r2 cop_0243_qvarma_p1q1r2 cop_0734_qvarma_p1q1r2 cop_0979_qvarma_p1q1r2 cop_0469_qvarma_p1q1r2 cop_0963_qvarma_p1q1r2 cop_0176_qvarma_p1q1r2 cop_0458_qvarma_p1q1r2 cop_0207_qvarma_p1q1r2 cop_0482_qvarma_p1q1r2 cop_0339_qvarma_p1q1r2 cop_0896_qvarma_p1q1r2 cop_0736_qvarma_p1q1r2 cop_0690_qvarma_p1q1r2 cop_0026_qvarma_p1q1r2 cop_0669_qvarma_p1q1r2 cop_0374_qvarma_p1q1r2 cop_0670_qvarma_p1q1r2 cop_0867_qvarma_p1q1r2 cop_0752_qvarma_p1q1r2 cop_0387_qvarma_p1q1r2 cop_0084_qvarma_p1q1r2 cop_0127_qvarma_p1q1r2 cop_0396_qvarma_p1q1r2 cop_0485_qvarma_p1q1r2 cop_0468_qvarma_p1q1r2 cop_0336_qvarma_p1q1r2 cop_0452_qvarma_p1q1r2 cop_0079_qvarma_p1q1r2 cop_0182_qvarma_p1q1r2 cop_0300_qvarma_p1q1r2 cop_0467_qvarma_p1q1r2 cop_0857_qvarma_p1q1r2 cop_0624_qvarma_p1q1r2 cop_0305_qvarma_p1q1r2 cop_0703_qvarma_p1q1r2 cop_0902_qvarma_p1q1r2 cop_0835_qvarma_p1q1r2 cop_0826_qvarma_p1q1r2 cop_0898_qvarma_p1q1r2 cop_0198_qvarma_p1q1r2 cop_0378_qvarma_p1q1r2 cop_0104_qvarma_p1q1r2 cop_0983_qvarma_p1q1r2 cop_0354_qvarma_p1q1r2 cop_0536_qvarma_p1q1r2 cop_0195_qvarma_p1q1r2 cop_0887_qvarma_p1q1r2 cop_0371_qvarma_p1q1r2 cop_0954_qvarma_p1q1r2 cop_0564_qvarma_p1q1r2 cop_0473_qvarma_p1q1r2 cop_0800_qvarma_p1q1r2 cop_0972_qvarma_p1q1r2 cop_0201_qvarma_p1q1r2 cop_0666_qvarma_p1q1r2 cop_0105_qvarma_p1q1r2 cop_0138_qvarma_p1q1r2 cop_0812_qvarma_p1q1r2 cop_0394_qvarma_p1q1r2 cop_0985_qvarma_p1q1r2 cop_0818_qvarma_p1q1r2 cop_0098_qvarma_p1q1r2 cop_0992_qvarma_p1q1r2 cop_0618_qvarma_p1q1r2 cop_0017_qvarma_p1q1r2 cop_0932_qvarma_p1q1r2 cop_0593_qvarma_p1q1r2 cop_0186_qvarma_p1q1r2 cop_0950_qvarma_p1q1r2 cop_0013_qvarma_p1q1r2 cop_0122_qvarma_p1q1r2 cop_0151_qvarma_p1q1r2 cop_0582_qvarma_p1q1r2 cop_0781_qvarma_p1q1r2 cop_0375_qvarma_p1q1r2 cop_0149_qvarma_p1q1r2 cop_0442_qvarma_p1q1r2 cop_0750_qvarma_p1q1r2 cop_0918_qvarma_p1q1r2 cop_0497_qvarma_p1q1r2 cop_0629_qvarma_p1q1r2 cop_0792_qvarma_p1q1r2 cop_0279_qvarma_p1q1r2 cop_0617_qvarma_p1q1r2 cop_0092_qvarma_p1q1r2 cop_0276_qvarma_p1q1r2 cop_0623_qvarma_p1q1r2 cop_0987_qvarma_p1q1r2 cop_0077_qvarma_p1q1r2 cop_0338_qvarma_p1q1r2 cop_0864_qvarma_p1q1r2 cop_0269_qvarma_p1q1r2 cop_0289_qvarma_p1q1r2 cop_0343_qvarma_p1q1r2 cop_0975_qvarma_p1q1r2 cop_0899_qvarma_p1q1r2 cop_0346_qvarma_p1q1r2 cop_0941_qvarma_p1q1r2 cop_0715_qvarma_p1q1r2 cop_0922_qvarma_p1q1r2 cop_0392_qvarma_p1q1r2 cop_0605_qvarma_p1q1r2 cop_0988_qvarma_p1q1r2 cop_0124_qvarma_p1q1r2 cop_0858_qvarma_p1q1r2 cop_0574_qvarma_p1q1r2 cop_0688_qvarma_p1q1r2 cop_0782_qvarma_p1q1r2 cop_0132_qvarma_p1q1r2 cop_0625_qvarma_p1q1r2 cop_0685_qvarma_p1q1r2 cop_0360_qvarma_p1q1r2 cop_0870_qvarma_p1q1r2 cop_0863_qvarma_p1q1r2 cop_0398_qvarma_p1q1r2 cop_0794_qvarma_p1q1r2 cop_0843_qvarma_p1q1r2 cop_0518_qvarma_p1q1r2 cop_0328_qvarma_p1q1r2 cop_0561_qvarma_p1q1r2 cop_0675_qvarma_p1q1r2 cop_0749_qvarma_p1q1r2 cop_0089_qvarma_p1q1r2 cop_0839_qvarma_p1q1r2 cop_0475_qvarma_p1q1r2 cop_0817_qvarma_p1q1r2 cop_0705_qvarma_p1q1r2 cop_0411_qvarma_p1q1r2 cop_0692_qvarma_p1q1r2 cop_0072_qvarma_p1q1r2 cop_0416_qvarma_p1q1r2 cop_0431_qvarma_p1q1r2 cop_0094_qvarma_p1q1r2 cop_0776_qvarma_p1q1r2 cop_0550_qvarma_p1q1r2 cop_0478_qvarma_p1q1r2 cop_0506_qvarma_p1q1r2 cop_0738_qvarma_p1q1r2 cop_0152_qvarma_p1q1r2 cop_0543_qvarma_p1q1r2 cop_0637_qvarma_p1q1r2 cop_0383_qvarma_p1q1r2 cop_0185_qvarma_p1q1r2 cop_0604_qvarma_p1q1r2 cop_0923_qvarma_p1q1r2 cop_0888_qvarma_p1q1r2 cop_0827_qvarma_p1q1r2 cop_0648_qvarma_p1q1r2 cop_0160_qvarma_p1q1r2 cop_0960_qvarma_p1q1r2 cop_0808_qvarma_p1q1r2 cop_0209_qvarma_p1q1r2 cop_0759_qvarma_p1q1r2 cop_0039_qvarma_p1q1r2 cop_0849_qvarma_p1q1r2 cop_0633_qvarma_p1q1r2 cop_0860_qvarma_p1q1r2 cop_0601_qvarma_p1q1r2 cop_0751_qvarma_p1q1r2 cop_0006_qvarma_p1q1r2 cop_0833_qvarma_p1q1r2 cop_0534_qvarma_p1q1r2 cop_0889_qvarma_p1q1r2 cop_0327_qvarma_p1q1r2 cop_0436_qvarma_p1q1r2 cop_0714_qvarma_p1q1r2 cop_0579_qvarma_p1q1r2 cop_0010_qvarma_p1q1r2 cop_0355_qvarma_p1q1r2 cop_0230_qvarma_p1q1r2 cop_0578_qvarma_p1q1r2 cop_0755_qvarma_p1q1r2 cop_0884_qvarma_p1q1r2 cop_0334_qvarma_p1q1r2 cop_0125_qvarma_p1q1r2 cop_0212_qvarma_p1q1r2 cop_0962_qvarma_p1q1r2 cop_0977_qvarma_p1q1r2 cop_0741_qvarma_p1q1r2 cop_0015_qvarma_p1q1r2 cop_0724_qvarma_p1q1r2 cop_0321_qvarma_p1q1r2 cop_0278_qvarma_p1q1r2 cop_0709_qvarma_p1q1r2 cop_0875_qvarma_p1q1r2 cop_0171_qvarma_p1q1r2 cop_0115_qvarma_p1q1r2 cop_0757_qvarma_p1q1r2 cop_0790_qvarma_p1q1r2 cop_0530_qvarma_p1q1r2 cop_0557_qvarma_p1q1r2 cop_0532_qvarma_p1q1r2 cop_0891_qvarma_p1q1r2 cop_0982_qvarma_p1q1r2 cop_0563_qvarma_p1q1r2 cop_0399_qvarma_p1q1r2 cop_0696_qvarma_p1q1r2 cop_0571_qvarma_p1q1r2 cop_0567_qvarma_p1q1r2 cop_0780_qvarma_p1q1r2 cop_0879_qvarma_p1q1r2 cop_0504_qvarma_p1q1r2 cop_0064_qvarma_p1q1r2 cop_0683_qvarma_p1q1r2 cop_0219_qvarma_p1q1r2 cop_0118_qvarma_p1q1r2 cop_0170_qvarma_p1q1r2 cop_0841_qvarma_p1q1r2 cop_0729_qvarma_p1q1r2 cop_0381_qvarma_p1q1r2 cop_0646_qvarma_p1q1r2 cop_0584_qvarma_p1q1r2 cop_0047_qvarma_p1q1r2 cop_0361_qvarma_p1q1r2 cop_0158_qvarma_p1q1r2 cop_0337_qvarma_p1q1r2 cop_0850_qvarma_p1q1r2 cop_0489_qvarma_p1q1r2 cop_0366_qvarma_p1q1r2 cop_0153_qvarma_p1q1r2 cop_0499_qvarma_p1q1r2 cop_0541_qvarma_p1q1r2 cop_0823_qvarma_p1q1r2 cop_0787_qvarma_p1q1r2 cop_0763_qvarma_p1q1r2 cop_0847_qvarma_p1q1r2 cop_0570_qvarma_p1q1r2 cop_0768_qvarma_p1q1r2 cop_0706_qvarma_p1q1r2 cop_0877_qvarma_p1q1r2 cop_0295_qvarma_p1q1r2 cop_0075_qvarma_p1q1r2 cop_0663_qvarma_p1q1r2 cop_0448_qvarma_p1q1r2 cop_0650_qvarma_p1q1r2 cop_0211_qvarma_p1q1r2 cop_0540_qvarma_p1q1r2 cop_0552_qvarma_p1q1r2 cop_0329_qvarma_p1q1r2 cop_0024_qvarma_p1q1r2 cop_0740_qvarma_p1q1r2 cop_0322_qvarma_p1q1r2 cop_0116_qvarma_p1q1r2 cop_0890_qvarma_p1q1r2 cop_0810_qvarma_p1q1r2 cop_0665_qvarma_p1q1r2 cop_0068_qvarma_p1q1r2 cop_0262_qvarma_p1q1r2 cop_0137_qvarma_p1q1r2 cop_0803_qvarma_p1q1r2 cop_0384_qvarma_p1q1r2 cop_0638_qvarma_p1q1r2 cop_0145_qvarma_p1q1r2 cop_0998_qvarma_p1q1r2 cop_0465_qvarma_p1q1r2 cop_0643_qvarma_p1q1r2 cop_0968_qvarma_p1q1r2 cop_0551_qvarma_p1q1r2 cop_0760_qvarma_p1q1r2 cop_0778_qvarma_p1q1r2 cop_0680_qvarma_p1q1r2 cop_0193_qvarma_p1q1r2 cop_0324_qvarma_p1q1r2 cop_0438_qvarma_p1q1r2 cop_0213_qvarma_p1q1r2 cop_0854_qvarma_p1q1r2 cop_0415_qvarma_p1q1r2 cop_0967_qvarma_p1q1r2 cop_0737_qvarma_p1q1r2 cop_0404_qvarma_p1q1r2 cop_0325_qvarma_p1q1r2 cop_0516_qvarma_p1q1r2 cop_0515_qvarma_p1q1r2 cop_0521_qvarma_p1q1r2 cop_0573_qvarma_p1q1r2 cop_0030_qvarma_p1q1r2 cop_0538_qvarma_p1q1r2 cop_0087_qvarma_p1q1r2 cop_0245_qvarma_p1q1r2 cop_0421_qvarma_p1q1r2 cop_0609_qvarma_p1q1r2 cop_0106_qvarma_p1q1r2 cop_0102_qvarma_p1q1r2 cop_0483_qvarma_p1q1r2 cop_0626_qvarma_p1q1r2 cop_0062_qvarma_p1q1r2 cop_0164_qvarma_p1q1r2 cop_0526_qvarma_p1q1r2 cop_0391_qvarma_p1q1r2 cop_0233_qvarma_p1q1r2 cop_0103_qvarma_p1q1r2 cop_0722_qvarma_p1q1r2 cop_0086_qvarma_p1q1r2 cop_0063_qvarma_p1q1r2 cop_0786_qvarma_p1q1r2 cop_0700_qvarma_p1q1r2 cop_0418_qvarma_p1q1r2 cop_0718_qvarma_p1q1r2 cop_0995_qvarma_p1q1r2 cop_0713_qvarma_p1q1r2 cop_0227_qvarma_p1q1r2 cop_0192_qvarma_p1q1r2 cop_0900_qvarma_p1q1r2 cop_0815_qvarma_p1q1r2 cop_0004_qvarma_p1q1r2 cop_0725_qvarma_p1q1r2 cop_0232_qvarma_p1q1r2 cop_1000_qvarma_p1q1r2 cop_0695_qvarma_p1q1r2 cop_0938_qvarma_p1q1r2 cop_0042_qvarma_p1q1r2 cop_0958_qvarma_p1q1r2 cop_0845_qvarma_p1q1r2 cop_0514_qvarma_p1q1r2 cop_0653_qvarma_p1q1r2 cop_0861_qvarma_p1q1r2 cop_0930_qvarma_p1q1r2 cop_0528_qvarma_p1q1r2 cop_0130_qvarma_p1q1r2 cop_0848_qvarma_p1q1r2 cop_0385_qvarma_p1q1r2 cop_0569_qvarma_p1q1r2 cop_0335_qvarma_p1q1r2 cop_0945_qvarma_p1q1r2 cop_0008_qvarma_p1q1r2 cop_0953_qvarma_p1q1r2 cop_0811_qvarma_p1q1r2 cop_0821_qvarma_p1q1r2 cop_0813_qvarma_p1q1r2 cop_0852_qvarma_p1q1r2 cop_0189_qvarma_p1q1r2 cop_0921_qvarma_p1q1r2 cop_0037_qvarma_p1q1r2 cop_0420_qvarma_p1q1r2 cop_0951_qvarma_p1q1r2 cop_0498_qvarma_p1q1r2 cop_0297_qvarma_p1q1r2 cop_0730_qvarma_p1q1r2 cop_0851_qvarma_p1q1r2 cop_0255_qvarma_p1q1r2 cop_0056_qvarma_p1q1r2 cop_0853_qvarma_p1q1r2 cop_0907_qvarma_p1q1r2 cop_0260_qvarma_p1q1r2 cop_0296_qvarma_p1q1r2 cop_0301_qvarma_p1q1r2 cop_0283_qvarma_p1q1r2 cop_0370_qvarma_p1q1r2 cop_0288_qvarma_p1q1r2 cop_0259_qvarma_p1q1r2 cop_0965_qvarma_p1q1r2 cop_0090_qvarma_p1q1r2 cop_0501_qvarma_p1q1r2 cop_0410_qvarma_p1q1r2 cop_0735_qvarma_p1q1r2 cop_0627_qvarma_p1q1r2 cop_0842_qvarma_p1q1r2 cop_0647_qvarma_p1q1r2 cop_0377_qvarma_p1q1r2 cop_0266_qvarma_p1q1r2 cop_0984_qvarma_p1q1r2 cop_0630_qvarma_p1q1r2 cop_0661_qvarma_p1q1r2 cop_0426_qvarma_p1q1r2 cop_0639_qvarma_p1q1r2 cop_0840_qvarma_p1q1r2 cop_0710_qvarma_p1q1r2 cop_0099_qvarma_p1q1r2 cop_0161_qvarma_p1q1r2 cop_0367_qvarma_p1q1r2 cop_0834_qvarma_p1q1r2 cop_0357_qvarma_p1q1r2 cop_0492_qvarma_p1q1r2 cop_0133_qvarma_p1q1r2 cop_0187_qvarma_p1q1r2 cop_0220_qvarma_p1q1r2 cop_0190_qvarma_p1q1r2 cop_0221_qvarma_p1q1r2 cop_0529_qvarma_p1q1r2 cop_0942_qvarma_p1q1r2 cop_0280_qvarma_p1q1r2 cop_0678_qvarma_p1q1r2 cop_0043_qvarma_p1q1r2 cop_0029_qvarma_p1q1r2 cop_0925_qvarma_p1q1r2 cop_0290_qvarma_p1q1r2 cop_0836_qvarma_p1q1r2 cop_0672_qvarma_p1q1r2 cop_0435_qvarma_p1q1r2 cop_0053_qvarma_p1q1r2 cop_0949_qvarma_p1q1r2 cop_0016_qvarma_p1q1r2 cop_0689_qvarma_p1q1r2 cop_0208_qvarma_p1q1r2 cop_0041_qvarma_p1q1r2 cop_0148_qvarma_p1q1r2 cop_0955_qvarma_p1q1r2 cop_0509_qvarma_p1q1r2 cop_0523_qvarma_p1q1r2 cop_0723_qvarma_p1q1r2 cop_0204_qvarma_p1q1r2 cop_0733_qvarma_p1q1r2 cop_0074_qvarma_p1q1r2 cop_0991_qvarma_p1q1r2 cop_0441_qvarma_p1q1r2 cop_0547_qvarma_p1q1r2 cop_0180_qvarma_p1q1r2 cop_0157_qvarma_p1q1r2 cop_0061_qvarma_p1q1r2 cop_0406_qvarma_p1q1r2 cop_0659_qvarma_p1q1r2 cop_0076_qvarma_p1q1r2 cop_0376_qvarma_p1q1r2 cop_0248_qvarma_p1q1r2 cop_0034_qvarma_p1q1r2 cop_0562_qvarma_p1q1r2 cop_0309_qvarma_p1q1r2 cop_0883_qvarma_p1q1r2 cop_0405_qvarma_p1q1r2 cop_0302_qvarma_p1q1r2 cop_0423_qvarma_p1q1r2 cop_0597_qvarma_p1q1r2 cop_0708_qvarma_p1q1r2 cop_0772_qvarma_p1q1r2 cop_0614_qvarma_p1q1r2 cop_0520_qvarma_p1q1r2 cop_0253_qvarma_p1q1r2 cop_0389_qvarma_p1q1r2 cop_0096_qvarma_p1q1r2 cop_0434_qvarma_p1q1r2 cop_0774_qvarma_p1q1r2 cop_0726_qvarma_p1q1r2 cop_0264_qvarma_p1q1r2 cop_0779_qvarma_p1q1r2 cop_0450_qvarma_p1q1r2 cop_0676_qvarma_p1q1r2 cop_0943_qvarma_p1q1r2 cop_0281_qvarma_p1q1r2 cop_0244_qvarma_p1q1r2 cop_0101_qvarma_p1q1r2 cop_0789_qvarma_p1q1r2 cop_0594_qvarma_p1q1r2 cop_0141_qvarma_p1q1r2 cop_0460_qvarma_p1q1r2 cop_0807_qvarma_p1q1r2 cop_0136_qvarma_p1q1r2 cop_0613_qvarma_p1q1r2 cop_0428_qvarma_p1q1r2 cop_0997_qvarma_p1q1r2 cop_0635_qvarma_p1q1r2 cop_0292_qvarma_p1q1r2 cop_0294_qvarma_p1q1r2 cop_0459_qvarma_p1q1r2 cop_0947_qvarma_p1q1r2 cop_0914_qvarma_p1q1r2 cop_0273_qvarma_p1q1r2 cop_0576_qvarma_p1q1r2 cop_0142_qvarma_p1q1r2 cop_0433_qvarma_p1q1r2 cop_0173_qvarma_p1q1r2 cop_0901_qvarma_p1q1r2 cop_0577_qvarma_p1q1r2 cop_0785_qvarma_p1q1r2 cop_0131_qvarma_p1q1r2 cop_0558_qvarma_p1q1r2 cop_0175_qvarma_p1q1r2 cop_0804_qvarma_p1q1r2 cop_0140_qvarma_p1q1r2 cop_0654_qvarma_p1q1r2 cop_0494_qvarma_p1q1r2 cop_0753_qvarma_p1q1r2 cop_0022_qvarma_p1q1r2 cop_0380_qvarma_p1q1r2 cop_0694_qvarma_p1q1r2 cop_0461_qvarma_p1q1r2 cop_0701_qvarma_p1q1r2 cop_0055_qvarma_p1q1r2 cop_0503_qvarma_p1q1r2 cop_0481_qvarma_p1q1r2 cop_0693_qvarma_p1q1r2 cop_0990_qvarma_p1q1r2 cop_0783_qvarma_p1q1r2 cop_0824_qvarma_p1q1r2 cop_0586_qvarma_p1q1r2 cop_0449_qvarma_p1q1r2 cop_0167_qvarma_p1q1r2 cop_0425_qvarma_p1q1r2 cop_0704_qvarma_p1q1r2 cop_0916_qvarma_p1q1r2 cop_0546_qvarma_p1q1r2 cop_0641_qvarma_p1q1r2 cop_0876_qvarma_p1q1r2 cop_0050_qvarma_p1q1r2 cop_0454_qvarma_p1q1r2 cop_0634_qvarma_p1q1r2 cop_0837_qvarma_p1q1r2 cop_0312_qvarma_p1q1r2 cop_0274_qvarma_p1q1r2 cop_0216_qvarma_p1q1r2 cop_0894_qvarma_p1q1r2 cop_0770_qvarma_p1q1r2 cop_0065_qvarma_p1q1r2 cop_0598_qvarma_p1q1r2 cop_0742_qvarma_p1q1r2 cop_0229_qvarma_p1q1r2 cop_0649_qvarma_p1q1r2 cop_0934_qvarma_p1q1r2 cop_0615_qvarma_p1q1r2 cop_0310_qvarma_p1q1r2 cop_0869_qvarma_p1q1r2 cop_0014_qvarma_p1q1r2 cop_0928_qvarma_p1q1r2 cop_0121_qvarma_p1q1r2 cop_0862_qvarma_p1q1r2 cop_0191_qvarma_p1q1r2 cop_0993_qvarma_p1q1r2 cop_0470_qvarma_p1q1r2 cop_0472_qvarma_p1q1r2 cop_0020_qvarma_p1q1r2 cop_0798_qvarma_p1q1r2 cop_0474_qvarma_p1q1r2 cop_0097_qvarma_p1q1r2 cop_0388_qvarma_p1q1r2 cop_0656_qvarma_p1q1r2 cop_0060_qvarma_p1q1r2 cop_0603_qvarma_p1q1r2 cop_0865_qvarma_p1q1r2 cop_0989_qvarma_p1q1r2 cop_0261_qvarma_p1q1r2 cop_0341_qvarma_p1q1r2 cop_0112_qvarma_p1q1r2 cop_0589_qvarma_p1q1r2 cop_0964_qvarma_p1q1r2 cop_0556_qvarma_p1q1r2 cop_0166_qvarma_p1q1r2 cop_0049_qvarma_p1q1r2 cop_0537_qvarma_p1q1r2 cop_0422_qvarma_p1q1r2 cop_0365_qvarma_p1q1r2 cop_0226_qvarma_p1q1r2 cop_0257_qvarma_p1q1r2 cop_0054_qvarma_p1q1r2 cop_0455_qvarma_p1q1r2 cop_0838_qvarma_p1q1r2 cop_0453_qvarma_p1q1r2 cop_0924_qvarma_p1q1r2 cop_0071_qvarma_p1q1r2 cop_0619_qvarma_p1q1r2 cop_0820_qvarma_p1q1r2 cop_0293_qvarma_p1q1r2 cop_0610_qvarma_p1q1r2 cop_0744_qvarma_p1q1r2 cop_0033_qvarma_p1q1r2 cop_0566_qvarma_p1q1r2 cop_0241_qvarma_p1q1r2 cop_0944_qvarma_p1q1r2 cop_0796_qvarma_p1q1r2 cop_0761_qvarma_p1q1r2 cop_0134_qvarma_p1q1r2 cop_0479_qvarma_p1q1r2 cop_0117_qvarma_p1q1r2 cop_0258_qvarma_p1q1r2 cop_0200_qvarma_p1q1r2 cop_0368_qvarma_p1q1r2 cop_0831_qvarma_p1q1r2 cop_0095_qvarma_p1q1r2 cop_0677_qvarma_p1q1r2 cop_0903_qvarma_p1q1r2 cop_0487_qvarma_p1q1r2 cop_0684_qvarma_p1q1r2 cop_0427_qvarma_p1q1r2 cop_0206_qvarma_p1q1r2 cop_0174_qvarma_p1q1r2 cop_0762_qvarma_p1q1r2 cop_0512_qvarma_p1q1r2 cop_0139_qvarma_p1q1r2 cop_0081_qvarma_p1q1r2 cop_0505_qvarma_p1q1r2 cop_0583_qvarma_p1q1r2 cop_0019_qvarma_p1q1r2 cop_0764_qvarma_p1q1r2 cop_0691_qvarma_p1q1r2 cop_0632_qvarma_p1q1r2 cop_0332_qvarma_p1q1r2 cop_0286_qvarma_p1q1r2 cop_0205_qvarma_p1q1r2 cop_0051_qvarma_p1q1r2 cop_0906_qvarma_p1q1r2 cop_0973_qvarma_p1q1r2 cop_0585_qvarma_p1q1r2 cop_0143_qvarma_p1q1r2 cop_0403_qvarma_p1q1r2 cop_0660_qvarma_p1q1r2 cop_0424_qvarma_p1q1r2 cop_0531_qvarma_p1q1r2 cop_0364_qvarma_p1q1r2 cop_0052_qvarma_p1q1r2 cop_0600_qvarma_p1q1r2 cop_0058_qvarma_p1q1r2 cop_0855_qvarma_p1q1r2 cop_0908_qvarma_p1q1r2 cop_0224_qvarma_p1q1r2 cop_0974_qvarma_p1q1r2 cop_0313_qvarma_p1q1r2 cop_0933_qvarma_p1q1r2 cop_0277_qvarma_p1q1r2 cop_0466_qvarma_p1q1r2 cop_0129_qvarma_p1q1r2 cop_0009_qvarma_p1q1r2 cop_0342_qvarma_p1q1r2 cop_0510_qvarma_p1q1r2 cop_0018_qvarma_p1q1r2 cop_0031_qvarma_p1q1r2 cop_0720_qvarma_p1q1r2 cop_0291_qvarma_p1q1r2 cop_0622_qvarma_p1q1r2 cop_0527_qvarma_p1q1r2 cop_0491_qvarma_p1q1r2 cop_0025_qvarma_p1q1r2 cop_0048_qvarma_p1q1r2 cop_0147_qvarma_p1q1r2 cop_0739_qvarma_p1q1r2 cop_0250_qvarma_p1q1r2 cop_0439_qvarma_p1q1r2 cop_0316_qvarma_p1q1r2 cop_0555_qvarma_p1q1r2 cop_0620_qvarma_p1q1r2 cop_0069_qvarma_p1q1r2 cop_0616_qvarma_p1q1r2 cop_0080_qvarma_p1q1r2 cop_0799_qvarma_p1q1r2 cop_0100_qvarma_p1q1r2 cop_0636_qvarma_p1q1r2 cop_0645_qvarma_p1q1r2 cop_0249_qvarma_p1q1r2 cop_0976_qvarma_p1q1r2 cop_0282_qvarma_p1q1r2 cop_0881_qvarma_p1q1r2 cop_0496_qvarma_p1q1r2 cop_0892_qvarma_p1q1r2 cop_0432_qvarma_p1q1r2 cop_0565_qvarma_p1q1r2 cop_0882_qvarma_p1q1r2 cop_0980_qvarma_p1q1r2 cop_0477_qvarma_p1q1r2 cop_0317_qvarma_p1q1r2 cop_0003_qvarma_p1q1r2 cop_0419_qvarma_p1q1r2 cop_0707_qvarma_p1q1r2 cop_0667_qvarma_p1q1r2 cop_0940_qvarma_p1q1r2 cop_0897_qvarma_p1q1r2 cop_0027_qvarma_p1q1r2 cop_0429_qvarma_p1q1r2 cop_0919_qvarma_p1q1r2 cop_0745_qvarma_p1q1r2 cop_0746_qvarma_p1q1r2 cop_0878_qvarma_p1q1r2 cop_0210_qvarma_p1q1r2 cop_0805_qvarma_p1q1r2 cop_0791_qvarma_p1q1r2 cop_0769_qvarma_p1q1r2 cop_0298_qvarma_p1q1r2 cop_0830_qvarma_p1q1r2 cop_0462_qvarma_p1q1r2 cop_0304_qvarma_p1q1r2 cop_0457_qvarma_p1q1r2 cop_0356_qvarma_p1q1r2 cop_0231_qvarma_p1q1r2 cop_0581_qvarma_p1q1r2 cop_0588_qvarma_p1q1r2 cop_0408_qvarma_p1q1r2 cop_0524_qvarma_p1q1r2 cop_0168_qvarma_p1q1r2 cop_0795_qvarma_p1q1r2 cop_0386_qvarma_p1q1r2 cop_0120_qvarma_p1q1r2 cop_0591_qvarma_p1q1r2 cop_0926_qvarma_p1q1r2 cop_0359_qvarma_p1q1r2 cop_0590_qvarma_p1q1r2 cop_0110_qvarma_p1q1r2 cop_0495_qvarma_p1q1r2 cop_0935_qvarma_p1q1r2 cop_0595_qvarma_p1q1r2 cop_0673_qvarma_p1q1r2 cop_0554_qvarma_p1q1r2 cop_0612_qvarma_p1q1r2 cop_0814_qvarma_p1q1r2 cop_0587_qvarma_p1q1r2 cop_0155_qvarma_p1q1r2 cop_0728_qvarma_p1q1r2 cop_0319_qvarma_p1q1r2 cop_0608_qvarma_p1q1r2 cop_0580_qvarma_p1q1r2 cop_0059_qvarma_p1q1r2 cop_0904_qvarma_p1q1r2 cop_0402_qvarma_p1q1r2 cop_0682_qvarma_p1q1r2 cop_0602_qvarma_p1q1r2 cop_0572_qvarma_p1q1r2 cop_0553_qvarma_p1q1r2 cop_0994_qvarma_p1q1r2 cop_0873_qvarma_p1q1r2 cop_0662_qvarma_p1q1r2 cop_0702_qvarma_p1q1r2 cop_0885_qvarma_p1q1r2 cop_0246_qvarma_p1q1r2 cop_0197_qvarma_p1q1r2 cop_0348_qvarma_p1q1r2 cop_0788_qvarma_p1q1r2 cop_0369_qvarma_p1q1r2 cop_0407_qvarma_p1q1r2 cop_0488_qvarma_p1q1r2 cop_0915_qvarma_p1q1r2 cop_0920_qvarma_p1q1r2 cop_0946_qvarma_p1q1r2 cop_0846_qvarma_p1q1r2 cop_0123_qvarma_p1q1r2 cop_0443_qvarma_p1q1r2 cop_0128_qvarma_p1q1r2 cop_0476_qvarma_p1q1r2 cop_0271_qvarma_p1q1r2 cop_0344_qvarma_p1q1r2 cop_0413_qvarma_p1q1r2 cop_0936_qvarma_p1q1r2 cop_0178_qvarma_p1q1r2 cop_0345_qvarma_p1q1r2 cop_0766_qvarma_p1q1r2 cop_0353_qvarma_p1q1r2 cop_0856_qvarma_p1q1r2 cop_0699_qvarma_p1q1r2 cop_0163_qvarma_p1q1r2 cop_0159_qvarma_p1q1r2 cop_0911_qvarma_p1q1r2 cop_0268_qvarma_p1q1r2 cop_0358_qvarma_p1q1r2 cop_0490_qvarma_p1q1r2 cop_0109_qvarma_p1q1r2 cop_0430_qvarma_p1q1r2 cop_0844_qvarma_p1q1r2 cop_0070_qvarma_p1q1r2 cop_0828_qvarma_p1q1r2 cop_0107_qvarma_p1q1r2 cop_0493_qvarma_p1q1r2 cop_0929_qvarma_p1q1r2 cop_0712_qvarma_p1q1r2 cop_0500_qvarma_p1q1r2 cop_0880_qvarma_p1q1r2 cop_0119_qvarma_p1q1r2 cop_0382_qvarma_p1q1r2 cop_0628_qvarma_p1q1r2 cop_0088_qvarma_p1q1r2 cop_0784_qvarma_p1q1r2 cop_0073_qvarma_p1q1r2 cop_0412_qvarma_p1q1r2 cop_0822_qvarma_p1q1r2 cop_0202_qvarma_p1q1r2 cop_0756_qvarma_p1q1r2 cop_0214_qvarma_p1q1r2 cop_0658_qvarma_p1q1r2 cop_0668_qvarma_p1q1r2 cop_0044_qvarma_p1q1r2 cop_0611_qvarma_p1q1r2 cop_0238_qvarma_p1q1r2 cop_0379_qvarma_p1q1r2 cop_0400_qvarma_p1q1r2 cop_0727_qvarma_p1q1r2 cop_0747_qvarma_p1q1r2 cop_0484_qvarma_p1q1r2 cop_0664_qvarma_p1q1r2 cop_0909_qvarma_p1q1r2 cop_0045_qvarma_p1q1r2 cop_0237_qvarma_p1q1r2 cop_0038_qvarma_p1q1r2 cop_0287_qvarma_p1q1r2 cop_0575_qvarma_p1q1r2 cop_0687_qvarma_p1q1r2 cop_0239_qvarma_p1q1r2 cop_0446_qvarma_p1q1r2 cop_0417_qvarma_p1q1r2 cop_0871_qvarma_p1q1r2 cop_0352_qvarma_p1q1r2 cop_0035_qvarma_p1q1r2 cop_0307_qvarma_p1q1r2 cop_0028_qvarma_p1q1r2 cop_0655_qvarma_p1q1r2 cop_0640_qvarma_p1q1r2 cop_0681_qvarma_p1q1r2 cop_0303_qvarma_p1q1r2 cop_0240_qvarma_p1q1r2 cop_0091_qvarma_p1q1r2 cop_0299_qvarma_p1q1r2 cop_0754_qvarma_p1q1r2 cop_0308_qvarma_p1q1r2 cop_0156_qvarma_p1q1r2 cop_0486_qvarma_p1q1r2 cop_0057_qvarma_p1q1r2 cop_0397_qvarma_p1q1r2 cop_0948_qvarma_p1q1r2 cop_0793_qvarma_p1q1r2 cop_0011_qvarma_p1q1r2 cop_0517_qvarma_p1q1r2 cop_0066_qvarma_p1q1r2 cop_0275_qvarma_p1q1r2 cop_0395_qvarma_p1q1r2 cop_0644_qvarma_p1q1r2 cop_0351_qvarma_p1q1r2 cop_0393_qvarma_p1q1r2 cop_0318_qvarma_p1q1r2 cop_0320_qvarma_p1q1r2 cop_0252_qvarma_p1q1r2 cop_0036_qvarma_p1q1r2 cop_0797_qvarma_p1q1r2 cop_0642_qvarma_p1q1r2 cop_0748_qvarma_p1q1r2 cop_0816_qvarma_p1q1r2 cop_0331_qvarma_p1q1r2 cop_0592_qvarma_p1q1r2 cop_0912_qvarma_p1q1r2 cop_0773_qvarma_p1q1r2 cop_0113_qvarma_p1q1r2 cop_0267_qvarma_p1q1r2 cop_0001_qvarma_p1q1r2 cop_0596_qvarma_p1q1r2 cop_0135_qvarma_p1q1r2 cop_0172_qvarma_p1q1r2 cop_0917_qvarma_p1q1r2 cop_0032_qvarma_p1q1r2 cop_0758_qvarma_p1q1r2 cop_0225_qvarma_p1q1r2 cop_0961_qvarma_p1q1r2 cop_0832_qvarma_p1q1r2 cop_0767_qvarma_p1q1r2 cop_0146_qvarma_p1q1r2 cop_0952_qvarma_p1q1r2 cop_0568_qvarma_p1q1r2 cop_0970_qvarma_p1q1r2 cop_0007_qvarma_p1q1r2 cop_0215_qvarma_p1q1r2 cop_0937_qvarma_p1q1r2 cop_0373_qvarma_p1q1r2 cop_0999_qvarma_p1q1r2 cop_0522_qvarma_p1q1r2 cop_0542_qvarma_p1q1r2 cop_0502_qvarma_p1q1r2 cop_0513_qvarma_p1q1r2 cop_0311_qvarma_p1q1r2 cop_0716_qvarma_p1q1r2 cop_0340_qvarma_p1q1r2 cop_0519_qvarma_p1q1r2 cop_0347_qvarma_p1q1r2 cop_0866_qvarma_p1q1r2 cop_0165_qvarma_p1q1r2 cop_0285_qvarma_p1q1r2 cop_0078_qvarma_p1q1r2 cop_0717_qvarma_p1q1r2 cop_0910_qvarma_p1q1r2 cop_0777_qvarma_p1q1r2 cop_0731_qvarma_p1q1r2 cop_0040_qvarma_p1q1r2 cop_0183_qvarma_p1q1r2 cop_0196_qvarma_p1q1r2 cop_0218_qvarma_p1q1r2 cop_0179_qvarma_p1q1r2 cop_0859_qvarma_p1q1r2 cop_0181_qvarma_p1q1r2 cop_0743_qvarma_p1q1r2 cop_0599_qvarma_p1q1r2 cop_0330_qvarma_p1q1r2 cop_0437_qvarma_p1q1r2 cop_0409_qvarma_p1q1r2 cop_0986_qvarma_p1q1r2
  set decided by an accepted test: no, every test rejected down to one model (last p = 0.000 against alpha = 0.050)
