MCS_TR against MCS_TMAX on montecarlo/out/lp_irf_loss_s1.csv
1000 configurations, 999 replicates each
shared: alpha = 0.050, 10000 resamples, block length 1, bootstrap variance, seed 123, stream 0

Both statistics are scored on the same resamples, drawn once and reused in every round.

statistic  set size  decided by an accepted test  deciding round  last p-value  seconds
MCS_TR            7                          yes             994        0.0800     29.9
MCS_TMAX         22                          yes             979        0.0538      6.9

sets
  in both sets 7, only in MCS_TR's 0, only in MCS_TMAX's 15
  largest difference between the two MCS p-values of one configuration 0.3442

elimination rounds, the configuration left at the end counted as round 1000
  Spearman rank correlation between the two orders 0.9935
  absolute difference in round: median 13, 90th percentile 56, largest 149

the 10 configurations MCS_TR eliminated last, with where MCS_TMAX put them
  configuration  mean loss  MCS_TR round  MCS_TR p  MCS_TMAX round  MCS_TMAX p
  cop_0191_lp_s1  47.77569  1000  1.0000  1000  1.0000
  cop_0079_lp_s1  48.17777  999  0.4823  999  0.4823
  cop_0905_lp_s1  48.92516  998  0.1155  998  0.4484
  cop_0593_lp_s1  49.07504  997  0.1155  997  0.4484
  cop_0552_lp_s1  49.26771  996  0.1155  996  0.4484
  cop_0100_lp_s1  49.31057  995  0.1155  995  0.4484
  cop_0148_lp_s1  49.42686  994  0.0800  994  0.4112
  cop_0356_lp_s1  49.50316  993  0.0334  993  0.3776
  cop_0241_lp_s1  49.81930  992  0.0125  992  0.2444
  cop_0654_lp_s1  49.92625  991  0.0125  991  0.2444


  sample    999 observations, 1000 models
  statistic TR, every pairwise contrast
  test      alpha = 0.050, 10000 moving-block resamples of 1 observations
  variance  bootstrap variance of the resampled mean
  stream    seed 123, stream 0

MCS over state-dependent local projection impulse-response MAE, state 1 (lags times 1 - F), MCS_TR statistic
  model             mean loss      MCS p  round  in set
  cop_0001_lp_s1    101.68433      0.000    673  
  cop_0002_lp_s1     57.24944      0.000    920  
  cop_0003_lp_s1     85.37290      0.000    718  
  cop_0004_lp_s1     54.57049      0.000    945  
  cop_0005_lp_s1     79.94950      0.000    735  
  cop_0006_lp_s1    122.36929      0.000    500  
  cop_0007_lp_s1    133.83524      0.000    514  
  cop_0008_lp_s1    128.17727      0.000    485  
  cop_0009_lp_s1   1020.75579      0.000     37  
  cop_0010_lp_s1     67.33768      0.000    838  
  cop_0011_lp_s1     95.17222      0.000    682  
  cop_0012_lp_s1    480.16739      0.000     18  
  cop_0013_lp_s1    702.47198      0.000    121  
  cop_0014_lp_s1    219.67651      0.000    330  
  cop_0015_lp_s1    174.81458      0.000    370  
  cop_0016_lp_s1     54.28888      0.000    956  
  cop_0017_lp_s1     97.01010      0.000    640  
  cop_0018_lp_s1    241.85830      0.000    209  
  cop_0019_lp_s1     79.23998      0.000    755  
  cop_0020_lp_s1    276.10262      0.000    228  
  cop_0021_lp_s1    188.33630      0.000    314  
  cop_0022_lp_s1    229.98887      0.000    307  
  cop_0023_lp_s1    154.09880      0.000    440  
  cop_0024_lp_s1     68.09710      0.000    826  
  cop_0025_lp_s1    695.15368      0.000    239  
  cop_0026_lp_s1    218.76540      0.000    225  
  cop_0027_lp_s1    103.95935      0.000    589  
  cop_0028_lp_s1    114.04806      0.000    592  
  cop_0029_lp_s1    113.43872      0.000    558  
  cop_0030_lp_s1     96.35189      0.000    631  
  cop_0031_lp_s1     67.49791      0.000    851  
  cop_0032_lp_s1     84.30400      0.000    696  
  cop_0033_lp_s1    101.77560      0.000    638  
  cop_0034_lp_s1    260.62881      0.000    296  
  cop_0035_lp_s1     86.80190      0.000    724  
  cop_0036_lp_s1     52.14081      0.000    972  
  cop_0037_lp_s1     84.41495      0.000    745  
  cop_0038_lp_s1    387.54528      0.000    153  
  cop_0039_lp_s1     77.42952      0.000    768  
  cop_0040_lp_s1     87.31264      0.000    731  
  cop_0041_lp_s1    584.37771      0.000     69  
  cop_0042_lp_s1    158.01975      0.000    403  
  cop_0043_lp_s1    555.88451      0.000     85  
  cop_0044_lp_s1     51.29848      0.000    981  
  cop_0045_lp_s1    135.03547      0.000    531  
  cop_0046_lp_s1   1835.38470      0.000     54  
  cop_0047_lp_s1     51.35515      0.000    979  
  cop_0048_lp_s1    166.93342      0.000    469  
  cop_0049_lp_s1   1294.01155      0.000     41  
  cop_0050_lp_s1    125.10018      0.000    476  
  cop_0051_lp_s1    275.46165      0.000    302  
  cop_0052_lp_s1    584.81722      0.000     86  
  cop_0053_lp_s1    255.85212      0.000    279  
  cop_0054_lp_s1     51.94901      0.000    975  
  cop_0055_lp_s1    216.69955      0.000    360  
  cop_0056_lp_s1   1236.35402      0.000     26  
  cop_0057_lp_s1     70.82230      0.000    831  
  cop_0058_lp_s1   9496.35006      0.000     80  
  cop_0059_lp_s1    366.89710      0.000    320  
  cop_0060_lp_s1    277.85019      0.000    238  
  cop_0061_lp_s1     74.38323      0.000    796  
  cop_0062_lp_s1     68.70574      0.000    820  
  cop_0063_lp_s1    344.03717      0.000    189  
  cop_0064_lp_s1    408.78310      0.000    244  
  cop_0065_lp_s1    187.95092      0.000    391  
  cop_0066_lp_s1     59.55014      0.000    904  
  cop_0067_lp_s1    140.88517      0.000    365  
  cop_0068_lp_s1    127.33730      0.000    454  
  cop_0069_lp_s1    181.99688      0.000    420  
  cop_0070_lp_s1     73.02004      0.000    791  
  cop_0071_lp_s1    206.99203      0.000    368  
  cop_0072_lp_s1     64.98646      0.000    859  
  cop_0073_lp_s1    166.46242      0.000    408  
  cop_0074_lp_s1    204.01671      0.000    328  
  cop_0075_lp_s1     81.05395      0.000    746  
  cop_0076_lp_s1    200.21559      0.000    394  
  cop_0077_lp_s1    182.31523      0.000    400  
  cop_0078_lp_s1    115.00392      0.000    518  
  cop_0079_lp_s1     48.17777      0.482    999  yes
  cop_0080_lp_s1   3115.57754      0.000     30  
  cop_0081_lp_s1     97.91307      0.000    619  
  cop_0082_lp_s1     85.85132      0.000    650  
  cop_0083_lp_s1    215.11695      0.000    281  
  cop_0084_lp_s1    222.12020      0.000    155  
  cop_0085_lp_s1   1577.58900      0.000     50  
  cop_0086_lp_s1   4561.99859      0.000      6  
  cop_0087_lp_s1    100.44270      0.000    647  
  cop_0088_lp_s1    573.67015      0.000    133  
  cop_0089_lp_s1    542.93211      0.000     11  
  cop_0090_lp_s1    370.28604      0.000    236  
  cop_0091_lp_s1     92.85319      0.000    660  
  cop_0092_lp_s1    338.23531      0.000    120  
  cop_0093_lp_s1    254.72366      0.000    292  
  cop_0094_lp_s1     82.45081      0.000    707  
  cop_0095_lp_s1   1029.91126      0.000     23  
  cop_0096_lp_s1    651.62215      0.000     35  
  cop_0097_lp_s1     87.74161      0.000    701  
  cop_0098_lp_s1    955.80633      0.000    102  
  cop_0099_lp_s1     73.73100      0.000    790  
  cop_0100_lp_s1     49.31057      0.116    995  yes
  cop_0101_lp_s1    139.57714      0.000    390  
  cop_0102_lp_s1     58.66187      0.000    914  
  cop_0103_lp_s1     81.33576      0.000    729  
  cop_0104_lp_s1    213.21629      0.000    288  
  cop_0105_lp_s1     92.17930      0.000    629  
  cop_0106_lp_s1     58.72269      0.000    912  
  cop_0107_lp_s1     54.69378      0.000    951  
  cop_0108_lp_s1     74.59939      0.000    756  
  cop_0109_lp_s1     77.70001      0.000    776  
  cop_0110_lp_s1    186.49446      0.000    436  
  cop_0111_lp_s1    135.36811      0.000    432  
  cop_0112_lp_s1     76.85053      0.000    769  
  cop_0113_lp_s1    142.10525      0.000    513  
  cop_0114_lp_s1    645.85721      0.000     29  
  cop_0115_lp_s1    790.25397      0.000     61  
  cop_0116_lp_s1    169.37041      0.000    481  
  cop_0117_lp_s1     97.88674      0.000    664  
  cop_0118_lp_s1     61.57213      0.000    874  
  cop_0119_lp_s1    484.22610      0.000    119  
  cop_0120_lp_s1     85.29343      0.000    728  
  cop_0121_lp_s1     71.35742      0.000    809  
  cop_0122_lp_s1    181.97393      0.000    358  
  cop_0123_lp_s1    293.02104      0.000    141  
  cop_0124_lp_s1    137.93478      0.000    496  
  cop_0125_lp_s1     83.47629      0.000    699  
  cop_0126_lp_s1     80.75261      0.000    688  
  cop_0127_lp_s1     87.48735      0.000    686  
  cop_0128_lp_s1    113.51908      0.000    606  
  cop_0129_lp_s1    197.97327      0.000    374  
  cop_0130_lp_s1   2107.29557      0.000     57  
  cop_0131_lp_s1     98.60551      0.000    625  
  cop_0132_lp_s1    215.89526      0.000    375  
  cop_0133_lp_s1    112.46332      0.000    479  
  cop_0134_lp_s1     67.57901      0.000    843  
  cop_0135_lp_s1     69.96711      0.000    830  
  cop_0136_lp_s1     52.70286      0.000    964  
  cop_0137_lp_s1    254.63103      0.000    245  
  cop_0138_lp_s1    385.22721      0.000    275  
  cop_0139_lp_s1     59.00658      0.000    913  
  cop_0140_lp_s1    678.75217      0.000    145  
  cop_0141_lp_s1    139.69633      0.000    527  
  cop_0142_lp_s1     50.72193      0.000    986  
  cop_0143_lp_s1    221.21173      0.000    410  
  cop_0144_lp_s1     91.65181      0.000    672  
  cop_0145_lp_s1     71.79677      0.000    799  
  cop_0146_lp_s1    131.10730      0.000    554  
  cop_0147_lp_s1     62.56769      0.000    881  
  cop_0148_lp_s1     49.42686      0.080    994  yes
  cop_0149_lp_s1     70.95959      0.000    773  
  cop_0150_lp_s1     87.92435      0.000    662  
  cop_0151_lp_s1     96.65341      0.000    601  
  cop_0152_lp_s1     58.99010      0.000    905  
  cop_0153_lp_s1    231.77129      0.000    376  
  cop_0154_lp_s1   1014.66024      0.000     14  
  cop_0155_lp_s1    270.32047      0.000    170  
  cop_0156_lp_s1    100.56914      0.000    614  
  cop_0157_lp_s1     56.20793      0.000    936  
  cop_0158_lp_s1    557.46364      0.000     15  
  cop_0159_lp_s1    433.70971      0.000    135  
  cop_0160_lp_s1    369.16324      0.000     52  
  cop_0161_lp_s1     64.66018      0.000    858  
  cop_0162_lp_s1     88.66508      0.000    700  
  cop_0163_lp_s1    145.50087      0.000    486  
  cop_0164_lp_s1    340.85190      0.000    257  
  cop_0165_lp_s1     74.55729      0.000    798  
  cop_0166_lp_s1     51.76395      0.000    973  
  cop_0167_lp_s1   1018.56906      0.000     36  
  cop_0168_lp_s1   1683.22283      0.000    101  
  cop_0169_lp_s1     92.49095      0.000    610  
  cop_0170_lp_s1     85.71882      0.000    712  
  cop_0171_lp_s1    107.36873      0.000    605  
  cop_0172_lp_s1     69.93115      0.000    827  
  cop_0173_lp_s1     69.71299      0.000    816  
  cop_0174_lp_s1    120.63985      0.000    595  
  cop_0175_lp_s1    562.50475      0.000     39  
  cop_0176_lp_s1    133.42726      0.000    430  
  cop_0177_lp_s1    217.63907      0.000    254  
  cop_0178_lp_s1    396.13000      0.000    140  
  cop_0179_lp_s1     75.96741      0.000    779  
  cop_0180_lp_s1     97.04740      0.000    632  
  cop_0181_lp_s1     92.43797      0.000    667  
  cop_0182_lp_s1     57.14354      0.000    919  
  cop_0183_lp_s1     75.44745      0.000    767  
  cop_0184_lp_s1   2665.81126      0.000      2  
  cop_0185_lp_s1     78.80388      0.000    734  
  cop_0186_lp_s1     87.41724      0.000    687  
  cop_0187_lp_s1    153.21358      0.000    422  
  cop_0188_lp_s1    297.43950      0.000     65  
  cop_0189_lp_s1    356.34646      0.000    280  
  cop_0190_lp_s1    338.08155      0.000    266  
  cop_0191_lp_s1     47.77569      1.000      -  yes
  cop_0192_lp_s1    298.73496      0.000    213  
  cop_0193_lp_s1    124.65420      0.000    465  
  cop_0194_lp_s1     85.62736      0.000    671  
  cop_0195_lp_s1    156.46576      0.000    404  
  cop_0196_lp_s1    105.52857      0.000    643  
  cop_0197_lp_s1    201.90054      0.000    338  
  cop_0198_lp_s1    140.33432      0.000    456  
  cop_0199_lp_s1     72.45910      0.000    781  
  cop_0200_lp_s1    100.41672      0.000    607  
  cop_0201_lp_s1     60.08463      0.000    891  
  cop_0202_lp_s1    617.55560      0.000    187  
  cop_0203_lp_s1    117.20133      0.000    547  
  cop_0204_lp_s1    139.18253      0.000    489  
  cop_0205_lp_s1     63.77837      0.000    878  
  cop_0206_lp_s1   1987.87917      0.000    100  
  cop_0207_lp_s1     54.85626      0.000    937  
  cop_0208_lp_s1     97.68224      0.000    649  
  cop_0209_lp_s1    561.34201      0.000    180  
  cop_0210_lp_s1    261.75996      0.000    299  
  cop_0211_lp_s1     64.51886      0.000    869  
  cop_0212_lp_s1   1508.84786      0.000      3  
  cop_0213_lp_s1     56.12675      0.000    932  
  cop_0214_lp_s1   3259.90640      0.000     38  
  cop_0215_lp_s1    190.10446      0.000    482  
  cop_0216_lp_s1    161.88849      0.000    329  
  cop_0217_lp_s1    229.82254      0.000    137  
  cop_0218_lp_s1    125.54374      0.000    550  
  cop_0219_lp_s1   1557.62539      0.000    194  
  cop_0220_lp_s1     79.39416      0.000    759  
  cop_0221_lp_s1     78.93712      0.000    760  
  cop_0222_lp_s1    287.79142      0.000    160  
  cop_0223_lp_s1    181.43887      0.000    413  
  cop_0224_lp_s1    141.67501      0.000    509  
  cop_0225_lp_s1    110.61676      0.000    602  
  cop_0226_lp_s1    111.84244      0.000    612  
  cop_0227_lp_s1    100.39068      0.000    617  
  cop_0228_lp_s1     92.04731      0.000    648  
  cop_0229_lp_s1   1150.65347      0.000     46  
  cop_0230_lp_s1    939.23549      0.000     49  
  cop_0231_lp_s1     71.20545      0.000    812  
  cop_0232_lp_s1    204.94077      0.000    355  
  cop_0233_lp_s1    572.10024      0.000    197  
  cop_0234_lp_s1     94.69386      0.000    611  
  cop_0235_lp_s1    136.96110      0.000    505  
  cop_0236_lp_s1    119.57595      0.000    480  
  cop_0237_lp_s1    184.72401      0.000    458  
  cop_0238_lp_s1    467.92413      0.000    151  
  cop_0239_lp_s1    131.02670      0.000    584  
  cop_0240_lp_s1     62.69594      0.000    873  
  cop_0241_lp_s1     49.81930      0.013    992  
  cop_0242_lp_s1    161.97349      0.000    468  
  cop_0243_lp_s1     96.42160      0.000    624  
  cop_0244_lp_s1    486.36508      0.000     40  
  cop_0245_lp_s1    415.40441      0.000    178  
  cop_0246_lp_s1     84.03691      0.000    733  
  cop_0247_lp_s1    151.71087      0.000    378  
  cop_0248_lp_s1    146.82107      0.000    512  
  cop_0249_lp_s1    187.00817      0.000    401  
  cop_0250_lp_s1     88.05368      0.000    722  
  cop_0251_lp_s1    422.55651      0.000    110  
  cop_0252_lp_s1     85.89502      0.000    719  
  cop_0253_lp_s1    981.73910      0.000     42  
  cop_0254_lp_s1     65.59826      0.000    829  
  cop_0255_lp_s1     69.14917      0.000    780  
  cop_0256_lp_s1     66.37522      0.000    822  
  cop_0257_lp_s1    834.30477      0.000     95  
  cop_0258_lp_s1     95.46537      0.000    683  
  cop_0259_lp_s1    566.77059      0.000    177  
  cop_0260_lp_s1    126.55889      0.000    448  
  cop_0261_lp_s1    410.01459      0.000    253  
  cop_0262_lp_s1   1237.09418      0.000     97  
  cop_0263_lp_s1    209.25857      0.000    283  
  cop_0264_lp_s1    219.24719      0.000    312  
  cop_0265_lp_s1     83.40898      0.000    704  
  cop_0266_lp_s1    261.19298      0.000    243  
  cop_0267_lp_s1     68.52317      0.000    846  
  cop_0268_lp_s1    147.16645      0.000    498  
  cop_0269_lp_s1     52.78074      0.000    965  
  cop_0270_lp_s1    487.64672      0.000     92  
  cop_0271_lp_s1    419.77673      0.000    186  
  cop_0272_lp_s1    171.25924      0.000    272  
  cop_0273_lp_s1    342.35567      0.000    188  
  cop_0274_lp_s1     60.06985      0.000    909  
  cop_0275_lp_s1    382.12330      0.000    268  
  cop_0276_lp_s1    531.44002      0.000     77  
  cop_0277_lp_s1     61.37672      0.000    882  
  cop_0278_lp_s1    469.83656      0.000    104  
  cop_0279_lp_s1    268.84137      0.000    289  
  cop_0280_lp_s1     95.51204      0.000    675  
  cop_0281_lp_s1     55.69228      0.000    938  
  cop_0282_lp_s1    136.11292      0.000    532  
  cop_0283_lp_s1    144.12063      0.000    497  
  cop_0284_lp_s1    118.94054      0.000    493  
  cop_0285_lp_s1     69.26555      0.000    836  
  cop_0286_lp_s1    141.82007      0.000    478  
  cop_0287_lp_s1    653.42017      0.000     66  
  cop_0288_lp_s1     78.82951      0.000    766  
  cop_0289_lp_s1     72.00955      0.000    810  
  cop_0290_lp_s1    211.98727      0.000    353  
  cop_0291_lp_s1    163.09229      0.000    429  
  cop_0292_lp_s1     84.54829      0.000    709  
  cop_0293_lp_s1    135.13564      0.000    561  
  cop_0294_lp_s1    116.02341      0.000    621  
  cop_0295_lp_s1    133.07899      0.000    506  
  cop_0296_lp_s1    115.14363      0.000    596  
  cop_0297_lp_s1    822.85160      0.000    169  
  cop_0298_lp_s1     69.69576      0.000    821  
  cop_0299_lp_s1     64.13146      0.000    868  
  cop_0300_lp_s1    575.47892      0.000     90  
  cop_0301_lp_s1    174.90725      0.000    371  
  cop_0302_lp_s1     97.83180      0.000    609  
  cop_0303_lp_s1    284.04640      0.000    321  
  cop_0304_lp_s1    700.50065      0.000    171  
  cop_0305_lp_s1    113.66843      0.000    540  
  cop_0306_lp_s1     65.52861      0.000    842  
  cop_0307_lp_s1    190.63086      0.000    466  
  cop_0308_lp_s1   3025.81234      0.000     70  
  cop_0309_lp_s1    149.74252      0.000    433  
  cop_0310_lp_s1    237.35773      0.000    300  
  cop_0311_lp_s1    199.46497      0.000    387  
  cop_0312_lp_s1     90.08752      0.000    716  
  cop_0313_lp_s1     73.91003      0.000    800  
  cop_0314_lp_s1     75.48717      0.000    771  
  cop_0315_lp_s1    223.11757      0.000    325  
  cop_0316_lp_s1     68.73945      0.000    818  
  cop_0317_lp_s1     56.12675      0.000    934  
  cop_0318_lp_s1    103.28023      0.000    634  
  cop_0319_lp_s1    123.61450      0.000    543  
  cop_0320_lp_s1     85.01724      0.000    727  
  cop_0321_lp_s1     61.16842      0.000    892  
  cop_0322_lp_s1    147.83535      0.000    511  
  cop_0323_lp_s1   2154.62670      0.000     34  
  cop_0324_lp_s1     96.37142      0.000    618  
  cop_0325_lp_s1    746.80306      0.000     16  
  cop_0326_lp_s1    287.93042      0.000    211  
  cop_0327_lp_s1    206.34449      0.000    241  
  cop_0328_lp_s1    250.65142      0.000    112  
  cop_0329_lp_s1    784.84293      0.000     93  
  cop_0330_lp_s1    237.20256      0.000    276  
  cop_0331_lp_s1    169.14059      0.000    424  
  cop_0332_lp_s1    832.65413      0.000    124  
  cop_0333_lp_s1    498.49166      0.000     21  
  cop_0334_lp_s1     69.57529      0.000    805  
  cop_0335_lp_s1     56.09778      0.000    929  
  cop_0336_lp_s1    250.26367      0.000    173  
  cop_0337_lp_s1    126.99318      0.000    455  
  cop_0338_lp_s1     54.03233      0.000    954  
  cop_0339_lp_s1    145.24865      0.000    352  
  cop_0340_lp_s1    154.48878      0.000    488  
  cop_0341_lp_s1    167.35581      0.000    381  
  cop_0342_lp_s1    390.67490      0.000    142  
  cop_0343_lp_s1     64.96915      0.000    853  
  cop_0344_lp_s1    288.87632      0.000    196  
  cop_0345_lp_s1    313.76454      0.000    256  
  cop_0346_lp_s1     64.05504      0.000    852  
  cop_0347_lp_s1     55.29636      0.000    944  
  cop_0348_lp_s1    116.34271      0.000    579  
  cop_0349_lp_s1     87.67109      0.000    684  
  cop_0350_lp_s1     61.38340      0.000    884  
  cop_0351_lp_s1     75.93308      0.000    778  
  cop_0352_lp_s1    111.99992      0.000    603  
  cop_0353_lp_s1     70.05604      0.000    828  
  cop_0354_lp_s1    218.51159      0.000    202  
  cop_0355_lp_s1     91.63194      0.000    651  
  cop_0356_lp_s1     49.50316      0.033    993  
  cop_0357_lp_s1    145.91312      0.000    326  
  cop_0358_lp_s1    182.90534      0.000    373  
  cop_0359_lp_s1    317.12869      0.000    286  
  cop_0360_lp_s1    161.30441      0.000    427  
  cop_0361_lp_s1     55.11244      0.000    940  
  cop_0362_lp_s1   2571.75078      0.000     28  
  cop_0363_lp_s1    485.62494      0.000    116  
  cop_0364_lp_s1     83.53179      0.000    715  
  cop_0365_lp_s1    300.94404      0.000    250  
  cop_0366_lp_s1   1197.59104      0.000     81  
  cop_0367_lp_s1     66.85531      0.000    840  
  cop_0368_lp_s1     51.35089      0.000    982  
  cop_0369_lp_s1     77.81427      0.000    744  
  cop_0370_lp_s1    476.05924      0.000     62  
  cop_0371_lp_s1     86.49055      0.000    676  
  cop_0372_lp_s1    127.39635      0.000    526  
  cop_0373_lp_s1     89.70371      0.000    695  
  cop_0374_lp_s1     53.63158      0.000    960  
  cop_0375_lp_s1   1574.01666      0.000      1  
  cop_0376_lp_s1    253.00026      0.000    293  
  cop_0377_lp_s1     98.44872      0.000    679  
  cop_0378_lp_s1    100.31777      0.000    630  
  cop_0379_lp_s1    341.63892      0.000    252  
  cop_0380_lp_s1    315.65682      0.000    303  
  cop_0381_lp_s1    826.08929      0.000     64  
  cop_0382_lp_s1     93.08623      0.000    725  
  cop_0383_lp_s1    147.76231      0.000    426  
  cop_0384_lp_s1    103.56784      0.000    588  
  cop_0385_lp_s1    264.47335      0.000    297  
  cop_0386_lp_s1    134.83240      0.000    494  
  cop_0387_lp_s1    797.19012      0.000     63  
  cop_0388_lp_s1   2087.46175      0.000    147  
  cop_0389_lp_s1    188.17625      0.000    369  
  cop_0390_lp_s1     56.42857      0.000    921  
  cop_0391_lp_s1    704.71303      0.000    150  
  cop_0392_lp_s1    243.71079      0.000    205  
  cop_0393_lp_s1    663.29786      0.000     58  
  cop_0394_lp_s1    169.84793      0.000    464  
  cop_0395_lp_s1    159.48099      0.000    450  
  cop_0396_lp_s1     60.02527      0.000    885  
  cop_0397_lp_s1     60.74178      0.000    894  
  cop_0398_lp_s1     88.93699      0.000    642  
  cop_0399_lp_s1     52.56292      0.000    967  
  cop_0400_lp_s1    124.48079      0.000    463  
  cop_0401_lp_s1    155.30974      0.000    356  
  cop_0402_lp_s1   1327.83285      0.000    103  
  cop_0403_lp_s1     95.61528      0.000    680  
  cop_0404_lp_s1    137.93610      0.000    530  
  cop_0405_lp_s1    195.70801      0.000    359  
  cop_0406_lp_s1    686.13741      0.000     94  
  cop_0407_lp_s1     92.06160      0.000    708  
  cop_0408_lp_s1     89.57981      0.000    721  
  cop_0409_lp_s1    215.36495      0.000    419  
  cop_0410_lp_s1     51.00089      0.000    983  
  cop_0411_lp_s1   1616.17225      0.000     20  
  cop_0412_lp_s1    402.02406      0.000    132  
  cop_0413_lp_s1     78.02947      0.000    758  
  cop_0414_lp_s1    748.24834      0.000     91  
  cop_0415_lp_s1    139.49274      0.000    491  
  cop_0416_lp_s1    125.80098      0.000    523  
  cop_0417_lp_s1    209.33095      0.000    467  
  cop_0418_lp_s1    211.35183      0.000    385  
  cop_0419_lp_s1    231.97756      0.000    361  
  cop_0420_lp_s1    139.95455      0.000    475  
  cop_0421_lp_s1    395.53128      0.000    185  
  cop_0422_lp_s1     55.97189      0.000    935  
  cop_0423_lp_s1     79.03952      0.000    747  
  cop_0424_lp_s1     59.00008      0.000    906  
  cop_0425_lp_s1    501.74280      0.000    111  
  cop_0426_lp_s1     53.16977      0.000    961  
  cop_0427_lp_s1    396.58422      0.000    291  
  cop_0428_lp_s1     57.78505      0.000    915  
  cop_0429_lp_s1     56.39151      0.000    928  
  cop_0430_lp_s1    354.29568      0.000    190  
  cop_0431_lp_s1     98.58902      0.000    627  
  cop_0432_lp_s1    112.47559      0.000    567  
  cop_0433_lp_s1    154.87537      0.000    437  
  cop_0434_lp_s1    116.96911      0.000    556  
  cop_0435_lp_s1     54.32837      0.000    950  
  cop_0436_lp_s1    113.02903      0.000    528  
  cop_0437_lp_s1     53.17509      0.000    963  
  cop_0438_lp_s1    100.45321      0.000    539  
  cop_0439_lp_s1    112.20154      0.000    576  
  cop_0440_lp_s1     66.56944      0.000    832  
  cop_0441_lp_s1     96.59464      0.000    645  
  cop_0442_lp_s1    118.19045      0.000    431  
  cop_0443_lp_s1    247.72954      0.000    347  
  cop_0444_lp_s1     56.05964      0.000    922  
  cop_0445_lp_s1    224.45214      0.000    172  
  cop_0446_lp_s1    149.65975      0.000    460  
  cop_0447_lp_s1    194.86342      0.000    332  
  cop_0448_lp_s1    268.91336      0.000    287  
  cop_0449_lp_s1    404.30155      0.000    270  
  cop_0450_lp_s1     72.85117      0.000    804  
  cop_0451_lp_s1    103.66538      0.000    553  
  cop_0452_lp_s1    340.89646      0.000    212  
  cop_0453_lp_s1    126.58298      0.000    564  
  cop_0454_lp_s1    210.15252      0.000    348  
  cop_0455_lp_s1    319.93146      0.000    201  
  cop_0456_lp_s1    279.88085      0.000     72  
  cop_0457_lp_s1     63.30107      0.000    862  
  cop_0458_lp_s1     75.14800      0.000    765  
  cop_0459_lp_s1    131.97452      0.000    537  
  cop_0460_lp_s1     69.96177      0.000    815  
  cop_0461_lp_s1   1527.33383      0.000    193  
  cop_0462_lp_s1    146.67534      0.000    515  
  cop_0463_lp_s1     88.94135      0.000    665  
  cop_0464_lp_s1     73.41287      0.000    757  
  cop_0465_lp_s1    126.25969      0.000    572  
  cop_0466_lp_s1     78.37111      0.000    774  
  cop_0467_lp_s1    105.29430      0.000    591  
  cop_0468_lp_s1    428.18869      0.000     76  
  cop_0469_lp_s1     65.92784      0.000    848  
  cop_0470_lp_s1    168.03369      0.000    446  
  cop_0471_lp_s1    333.69007      0.000    166  
  cop_0472_lp_s1    113.90808      0.000    560  
  cop_0473_lp_s1    311.12008      0.000    126  
  cop_0474_lp_s1     84.04598      0.000    740  
  cop_0475_lp_s1    304.88705      0.000    203  
  cop_0476_lp_s1    188.79401      0.000    417  
  cop_0477_lp_s1     97.31718      0.000    636  
  cop_0478_lp_s1     52.38873      0.000    971  
  cop_0479_lp_s1     70.49414      0.000    825  
  cop_0480_lp_s1     59.72630      0.000    898  
  cop_0481_lp_s1     54.24008      0.000    959  
  cop_0482_lp_s1     76.81401      0.000    751  
  cop_0483_lp_s1    187.95052      0.000    389  
  cop_0484_lp_s1    324.95075      0.000    144  
  cop_0485_lp_s1    121.39814      0.000    533  
  cop_0486_lp_s1    385.85861      0.000    218  
  cop_0487_lp_s1    323.52545      0.000    183  
  cop_0488_lp_s1    168.31504      0.000    377  
  cop_0489_lp_s1     92.38366      0.000    697  
  cop_0490_lp_s1    145.46072      0.000    483  
  cop_0491_lp_s1    277.03443      0.000    222  
  cop_0492_lp_s1     98.65499      0.000    635  
  cop_0493_lp_s1    190.77884      0.000    399  
  cop_0494_lp_s1     61.09369      0.000    893  
  cop_0495_lp_s1    123.71046      0.000    577  
  cop_0496_lp_s1    214.86672      0.000    411  
  cop_0497_lp_s1     81.88104      0.000    710  
  cop_0498_lp_s1     88.96524      0.000    705  
  cop_0499_lp_s1    252.91496      0.000    181  
  cop_0500_lp_s1     73.96902      0.000    793  
  cop_0501_lp_s1     66.67454      0.000    845  
  cop_0502_lp_s1     98.96490      0.000    654  
  cop_0503_lp_s1     52.87844      0.000    970  
  cop_0504_lp_s1    157.87742      0.000    447  
  cop_0505_lp_s1    488.43381      0.000    184  
  cop_0506_lp_s1     86.25739      0.000    714  
  cop_0507_lp_s1    107.73732      0.000    549  
  cop_0508_lp_s1    969.31819      0.000     17  
  cop_0509_lp_s1     63.60789      0.000    855  
  cop_0510_lp_s1     69.99930      0.000    833  
  cop_0511_lp_s1   1207.38050      0.000      4  
  cop_0512_lp_s1    301.88351      0.000    305  
  cop_0513_lp_s1     65.81116      0.000    860  
  cop_0514_lp_s1     99.68878      0.000    644  
  cop_0515_lp_s1    492.73767      0.000    182  
  cop_0516_lp_s1     69.09113      0.000    824  
  cop_0517_lp_s1    278.38293      0.000    366  
  cop_0518_lp_s1     56.56807      0.000    925  
  cop_0519_lp_s1     56.60167      0.000    927  
  cop_0520_lp_s1     73.23425      0.000    802  
  cop_0521_lp_s1    478.06936      0.000    138  
  cop_0522_lp_s1    102.50115      0.000    628  
  cop_0523_lp_s1     79.76014      0.000    738  
  cop_0524_lp_s1    191.87510      0.000    386  
  cop_0525_lp_s1     59.15114      0.000    896  
  cop_0526_lp_s1     51.88614      0.000    974  
  cop_0527_lp_s1     56.15277      0.000    930  
  cop_0528_lp_s1    671.28163      0.000     33  
  cop_0529_lp_s1     66.09784      0.000    850  
  cop_0530_lp_s1     74.40558      0.000    775  
  cop_0531_lp_s1    104.19481      0.000    581  
  cop_0532_lp_s1    366.40624      0.000    207  
  cop_0533_lp_s1     58.33395      0.000    907  
  cop_0534_lp_s1     50.32839      0.009    989  
  cop_0535_lp_s1    355.00833      0.000    108  
  cop_0536_lp_s1     85.06344      0.000    694  
  cop_0537_lp_s1    141.18333      0.000    444  
  cop_0538_lp_s1     57.11452      0.000    923  
  cop_0539_lp_s1    222.18763      0.000    249  
  cop_0540_lp_s1     75.93349      0.000    763  
  cop_0541_lp_s1    104.58351      0.000    546  
  cop_0542_lp_s1    100.75258      0.000    656  
  cop_0543_lp_s1     79.22055      0.000    732  
  cop_0544_lp_s1     61.84671      0.000    872  
  cop_0545_lp_s1    135.62636      0.000    409  
  cop_0546_lp_s1    210.08449      0.000    443  
  cop_0547_lp_s1    170.10284      0.000    402  
  cop_0548_lp_s1   1279.65616      0.000     22  
  cop_0549_lp_s1    568.39351      0.000     12  
  cop_0550_lp_s1    300.28199      0.000    134  
  cop_0551_lp_s1    277.03111      0.000    227  
  cop_0552_lp_s1     49.26771      0.116    996  yes
  cop_0553_lp_s1    118.38415      0.000    548  
  cop_0554_lp_s1     73.92374      0.000    813  
  cop_0555_lp_s1    217.79754      0.000    333  
  cop_0556_lp_s1    135.72035      0.000    421  
  cop_0557_lp_s1    147.55072      0.000    434  
  cop_0558_lp_s1   1083.43594      0.000     67  
  cop_0559_lp_s1     83.90912      0.000    713  
  cop_0560_lp_s1    303.81190      0.000    154  
  cop_0561_lp_s1     61.63418      0.000    877  
  cop_0562_lp_s1   2528.09883      0.000    106  
  cop_0563_lp_s1    249.92282      0.000    308  
  cop_0564_lp_s1     89.12409      0.000    655  
  cop_0565_lp_s1    440.48631      0.000    232  
  cop_0566_lp_s1     96.17261      0.000    661  
  cop_0567_lp_s1    609.75246      0.000     83  
  cop_0568_lp_s1    159.35370      0.000    451  
  cop_0569_lp_s1     87.16123      0.000    677  
  cop_0570_lp_s1     58.43571      0.000    916  
  cop_0571_lp_s1     76.39947      0.000    764  
  cop_0572_lp_s1    550.11432      0.000    129  
  cop_0573_lp_s1    199.27404      0.000    363  
  cop_0574_lp_s1     74.03350      0.000    788  
  cop_0575_lp_s1    236.72204      0.000    267  
  cop_0576_lp_s1    225.34270      0.000    259  
  cop_0577_lp_s1     51.86122      0.000    976  
  cop_0578_lp_s1    101.86045      0.000    593  
  cop_0579_lp_s1    699.63867      0.000     10  
  cop_0580_lp_s1    148.35146      0.000    501  
  cop_0581_lp_s1     81.99951      0.000    742  
  cop_0582_lp_s1    516.98842      0.000    122  
  cop_0583_lp_s1    206.55485      0.000    372  
  cop_0584_lp_s1    672.01165      0.000     32  
  cop_0585_lp_s1    125.14274      0.000    562  
  cop_0586_lp_s1    169.05113      0.000    327  
  cop_0587_lp_s1     90.20050      0.000    685  
  cop_0588_lp_s1    390.79300      0.000    143  
  cop_0589_lp_s1    134.79954      0.000    504  
  cop_0590_lp_s1    418.87191      0.000    131  
  cop_0591_lp_s1    922.82850      0.000     75  
  cop_0592_lp_s1    186.00973      0.000    362  
  cop_0593_lp_s1     49.07504      0.116    997  yes
  cop_0594_lp_s1     62.37590      0.000    871  
  cop_0595_lp_s1    152.54389      0.000    522  
  cop_0596_lp_s1     65.62980      0.000    847  
  cop_0597_lp_s1    122.26960      0.000    534  
  cop_0598_lp_s1     66.30869      0.000    844  
  cop_0599_lp_s1    185.11614      0.000    342  
  cop_0600_lp_s1     87.32965      0.000    723  
  cop_0601_lp_s1    110.24228      0.000    597  
  cop_0602_lp_s1    295.69493      0.000    273  
  cop_0603_lp_s1    543.83064      0.000    118  
  cop_0604_lp_s1     54.40572      0.000    947  
  cop_0605_lp_s1    337.40094      0.000     25  
  cop_0606_lp_s1    120.10948      0.000    541  
  cop_0607_lp_s1    387.87155      0.000    163  
  cop_0608_lp_s1   1081.51987      0.000    105  
  cop_0609_lp_s1    189.09601      0.000    357  
  cop_0610_lp_s1    213.66871      0.000    247  
  cop_0611_lp_s1    182.68877      0.000    382  
  cop_0612_lp_s1    484.79098      0.000    260  
  cop_0613_lp_s1    293.95461      0.000    295  
  cop_0614_lp_s1    223.20891      0.000    234  
  cop_0615_lp_s1     95.91353      0.000    574  
  cop_0616_lp_s1    153.54826      0.000    520  
  cop_0617_lp_s1    196.77688      0.000    344  
  cop_0618_lp_s1    211.33213      0.000    354  
  cop_0619_lp_s1    289.84536      0.000    282  
  cop_0620_lp_s1    121.73642      0.000    557  
  cop_0621_lp_s1    265.52404      0.000    269  
  cop_0622_lp_s1     54.12114      0.000    958  
  cop_0623_lp_s1    184.71877      0.000    341  
  cop_0624_lp_s1     73.33223      0.000    777  
  cop_0625_lp_s1    127.03660      0.000    474  
  cop_0626_lp_s1   1022.05362      0.000     60  
  cop_0627_lp_s1    178.91736      0.000    306  
  cop_0628_lp_s1     60.63859      0.000    901  
  cop_0629_lp_s1     63.24278      0.000    867  
  cop_0630_lp_s1    161.81439      0.000    428  
  cop_0631_lp_s1     61.19805      0.000    889  
  cop_0632_lp_s1    373.03073      0.000     88  
  cop_0633_lp_s1    102.49752      0.000    583  
  cop_0634_lp_s1     73.40739      0.000    785  
  cop_0635_lp_s1     68.50787      0.000    837  
  cop_0636_lp_s1    134.58827      0.000    517  
  cop_0637_lp_s1    792.69220      0.000     59  
  cop_0638_lp_s1    114.95271      0.000    566  
  cop_0639_lp_s1    139.90030      0.000    545  
  cop_0640_lp_s1    133.42160      0.000    570  
  cop_0641_lp_s1    175.94003      0.000    425  
  cop_0642_lp_s1     75.02104      0.000    782  
  cop_0643_lp_s1    148.29002      0.000    459  
  cop_0644_lp_s1    193.62408      0.000    364  
  cop_0645_lp_s1    178.09764      0.000    435  
  cop_0646_lp_s1    160.26424      0.000    397  
  cop_0647_lp_s1    107.53377      0.000    608  
  cop_0648_lp_s1    392.76895      0.000    168  
  cop_0649_lp_s1    139.02700      0.000    508  
  cop_0650_lp_s1     89.97113      0.000    698  
  cop_0651_lp_s1    126.88793      0.000    525  
  cop_0652_lp_s1     55.07662      0.000    942  
  cop_0653_lp_s1    119.21352      0.000    563  
  cop_0654_lp_s1     49.92625      0.013    991  
  cop_0655_lp_s1    244.94734      0.000    277  
  cop_0656_lp_s1    953.39986      0.000    161  
  cop_0657_lp_s1   1923.74867      0.000     56  
  cop_0658_lp_s1    222.51418      0.000    343  
  cop_0659_lp_s1    202.68381      0.000    380  
  cop_0660_lp_s1     60.98782      0.000    902  
  cop_0661_lp_s1     55.25602      0.000    933  
  cop_0662_lp_s1    232.95845      0.000    384  
  cop_0663_lp_s1    367.72219      0.000    125  
  cop_0664_lp_s1     74.59699      0.000    784  
  cop_0665_lp_s1     50.52670      0.001    987  
  cop_0666_lp_s1     97.26920      0.000    613  
  cop_0667_lp_s1     89.58169      0.000    691  
  cop_0668_lp_s1    126.20017      0.000    441  
  cop_0669_lp_s1    467.79830      0.000    200  
  cop_0670_lp_s1   3773.86594      0.000      8  
  cop_0671_lp_s1    156.49921      0.000    423  
  cop_0672_lp_s1    111.99527      0.000    582  
  cop_0673_lp_s1    130.30047      0.000    544  
  cop_0674_lp_s1    188.43183      0.000    223  
  cop_0675_lp_s1    378.30832      0.000    115  
  cop_0676_lp_s1    199.06545      0.000    285  
  cop_0677_lp_s1    316.59322      0.000    261  
  cop_0678_lp_s1    601.57794      0.000    158  
  cop_0679_lp_s1   3803.88777      0.000      5  
  cop_0680_lp_s1    277.78563      0.000    324  
  cop_0681_lp_s1    468.23601      0.000    220  
  cop_0682_lp_s1    132.50669      0.000    571  
  cop_0683_lp_s1     71.63278      0.000    803  
  cop_0684_lp_s1     60.10482      0.000    895  
  cop_0685_lp_s1     61.94397      0.000    887  
  cop_0686_lp_s1     54.89009      0.000    946  
  cop_0687_lp_s1    487.83610      0.000    221  
  cop_0688_lp_s1     89.99237      0.000    594  
  cop_0689_lp_s1     62.54166      0.000    886  
  cop_0690_lp_s1   1866.52283      0.000      9  
  cop_0691_lp_s1     54.57201      0.000    949  
  cop_0692_lp_s1     68.06700      0.000    797  
  cop_0693_lp_s1    186.26601      0.000    406  
  cop_0694_lp_s1     80.29551      0.000    762  
  cop_0695_lp_s1    155.10447      0.000    345  
  cop_0696_lp_s1     55.85335      0.000    926  
  cop_0697_lp_s1     77.01026      0.000    749  
  cop_0698_lp_s1    126.44188      0.000    510  
  cop_0699_lp_s1    285.89040      0.000    215  
  cop_0700_lp_s1   1057.47920      0.000     82  
  cop_0701_lp_s1    187.28481      0.000    323  
  cop_0702_lp_s1     64.23394      0.000    863  
  cop_0703_lp_s1    115.71572      0.000    552  
  cop_0704_lp_s1   2507.58582      0.000    128  
  cop_0705_lp_s1     72.07745      0.000    786  
  cop_0706_lp_s1     92.91970      0.000    678  
  cop_0707_lp_s1     57.50059      0.000    918  
  cop_0708_lp_s1     51.76812      0.000    977  
  cop_0709_lp_s1    305.04966      0.000    246  
  cop_0710_lp_s1    312.87215      0.000    198  
  cop_0711_lp_s1     68.09858      0.000    817  
  cop_0712_lp_s1    137.68191      0.000    453  
  cop_0713_lp_s1    195.22548      0.000    388  
  cop_0714_lp_s1    217.74445      0.000    367  
  cop_0715_lp_s1     49.98553      0.013    990  
  cop_0716_lp_s1    226.85931      0.000    294  
  cop_0717_lp_s1     52.64307      0.000    968  
  cop_0718_lp_s1    917.22260      0.000    123  
  cop_0719_lp_s1     98.80801      0.000    604  
  cop_0720_lp_s1     54.36541      0.000    952  
  cop_0721_lp_s1    317.44920      0.000    176  
  cop_0722_lp_s1    345.98833      0.000    152  
  cop_0723_lp_s1     97.75048      0.000    674  
  cop_0724_lp_s1    412.65365      0.000    165  
  cop_0725_lp_s1     95.45861      0.000    669  
  cop_0726_lp_s1    182.93993      0.000    310  
  cop_0727_lp_s1     91.05544      0.000    666  
  cop_0728_lp_s1    175.02030      0.000    415  
  cop_0729_lp_s1    119.55866      0.000    565  
  cop_0730_lp_s1    138.95743      0.000    521  
  cop_0731_lp_s1    102.80471      0.000    622  
  cop_0732_lp_s1    258.61014      0.000    219  
  cop_0733_lp_s1    136.27061      0.000    487  
  cop_0734_lp_s1    243.80274      0.000    298  
  cop_0735_lp_s1     58.97938      0.000    908  
  cop_0736_lp_s1     76.06372      0.000    754  
  cop_0737_lp_s1    357.80229      0.000    271  
  cop_0738_lp_s1     58.82322      0.000    910  
  cop_0739_lp_s1   1772.09126      0.000    139  
  cop_0740_lp_s1     53.89925      0.000    953  
  cop_0741_lp_s1    128.07230      0.000    477  
  cop_0742_lp_s1     60.00540      0.000    900  
  cop_0743_lp_s1    100.73967      0.000    637  
  cop_0744_lp_s1    358.00388      0.000    210  
  cop_0745_lp_s1    892.80827      0.000    214  
  cop_0746_lp_s1    643.67691      0.000    226  
  cop_0747_lp_s1    276.92621      0.000    208  
  cop_0748_lp_s1     71.96124      0.000    808  
  cop_0749_lp_s1     95.17216      0.000    641  
  cop_0750_lp_s1     67.45976      0.000    819  
  cop_0751_lp_s1     51.04877      0.000    985  
  cop_0752_lp_s1   1252.05364      0.000     89  
  cop_0753_lp_s1    149.20785      0.000    473  
  cop_0754_lp_s1    331.60435      0.000    290  
  cop_0755_lp_s1    138.74848      0.000    484  
  cop_0756_lp_s1     55.82926      0.000    931  
  cop_0757_lp_s1     58.36669      0.000    911  
  cop_0758_lp_s1    146.77557      0.000    516  
  cop_0759_lp_s1    128.10444      0.000    519  
  cop_0760_lp_s1    220.57133      0.000    398  
  cop_0761_lp_s1    163.46570      0.000    416  
  cop_0762_lp_s1    118.96831      0.000    559  
  cop_0763_lp_s1     63.55886      0.000    861  
  cop_0764_lp_s1     64.10842      0.000    866  
  cop_0765_lp_s1     90.45353      0.000    646  
  cop_0766_lp_s1     75.64515      0.000    789  
  cop_0767_lp_s1    509.29080      0.000    216  
  cop_0768_lp_s1  10434.88923      0.000     73  
  cop_0769_lp_s1    171.72101      0.000    336  
  cop_0770_lp_s1    162.89599      0.000    445  
  cop_0771_lp_s1    180.12869      0.000    335  
  cop_0772_lp_s1     74.88553      0.000    794  
  cop_0773_lp_s1     54.72417      0.000    948  
  cop_0774_lp_s1     52.53592      0.000    966  
  cop_0775_lp_s1    121.01439      0.000    524  
  cop_0776_lp_s1     90.95179      0.000    599  
  cop_0777_lp_s1     55.07191      0.000    943  
  cop_0778_lp_s1     64.92647      0.000    856  
  cop_0779_lp_s1    116.86268      0.000    578  
  cop_0780_lp_s1     75.43184      0.000    752  
  cop_0781_lp_s1    549.44033      0.000    136  
  cop_0782_lp_s1     72.70658      0.000    783  
  cop_0783_lp_s1   1827.21559      0.000    199  
  cop_0784_lp_s1     58.42640      0.000    917  
  cop_0785_lp_s1    806.95278      0.000     71  
  cop_0786_lp_s1    250.76127      0.000    233  
  cop_0787_lp_s1   1269.86164      0.000     13  
  cop_0788_lp_s1    290.25265      0.000    322  
  cop_0789_lp_s1    286.31742      0.000    334  
  cop_0790_lp_s1    142.05274      0.000    502  
  cop_0791_lp_s1    129.84270      0.000    470  
  cop_0792_lp_s1   1037.44735      0.000     68  
  cop_0793_lp_s1     69.55790      0.000    835  
  cop_0794_lp_s1     83.05905      0.000    737  
  cop_0795_lp_s1    138.85953      0.000    536  
  cop_0796_lp_s1     62.32409      0.000    875  
  cop_0797_lp_s1    113.64983      0.000    598  
  cop_0798_lp_s1     92.03064      0.000    639  
  cop_0799_lp_s1   1117.84911      0.000    156  
  cop_0800_lp_s1    108.15849      0.000    538  
  cop_0801_lp_s1     52.09355      0.000    969  
  cop_0802_lp_s1    119.56683      0.000    503  
  cop_0803_lp_s1     84.26584      0.000    741  
  cop_0804_lp_s1    202.23302      0.000    309  
  cop_0805_lp_s1    156.12994      0.000    412  
  cop_0806_lp_s1     85.74939      0.000    703  
  cop_0807_lp_s1    361.42038      0.000    192  
  cop_0808_lp_s1    218.24304      0.000    319  
  cop_0809_lp_s1    991.86149      0.000     53  
  cop_0810_lp_s1    972.32224      0.000    159  
  cop_0811_lp_s1    593.41900      0.000    157  
  cop_0812_lp_s1    272.17821      0.000    148  
  cop_0813_lp_s1    203.36230      0.000    195  
  cop_0814_lp_s1    104.62982      0.000    653  
  cop_0815_lp_s1     86.53627      0.000    711  
  cop_0816_lp_s1    954.55714      0.000     84  
  cop_0817_lp_s1    174.88042      0.000    304  
  cop_0818_lp_s1    184.68162      0.000    337  
  cop_0819_lp_s1    158.94184      0.000    405  
  cop_0820_lp_s1     63.45014      0.000    880  
  cop_0821_lp_s1     69.76132      0.000    823  
  cop_0822_lp_s1    334.82388      0.000    230  
  cop_0823_lp_s1   1103.57939      0.000     48  
  cop_0824_lp_s1     53.14769      0.000    962  
  cop_0825_lp_s1     80.60008      0.000    748  
  cop_0826_lp_s1     55.55554      0.000    939  
  cop_0827_lp_s1     64.62630      0.000    849  
  cop_0828_lp_s1    268.88432      0.000    251  
  cop_0829_lp_s1    163.83603      0.000    349  
  cop_0830_lp_s1    764.53335      0.000    179  
  cop_0831_lp_s1    130.62718      0.000    529  
  cop_0832_lp_s1     51.32124      0.000    980  
  cop_0833_lp_s1    895.26297      0.000    109  
  cop_0834_lp_s1     80.80402      0.000    730  
  cop_0835_lp_s1    201.48522      0.000    316  
  cop_0836_lp_s1    354.25878      0.000    258  
  cop_0837_lp_s1    211.67152      0.000    262  
  cop_0838_lp_s1     87.59573      0.000    720  
  cop_0839_lp_s1    418.98493      0.000    204  
  cop_0840_lp_s1    125.96517      0.000    535  
  cop_0841_lp_s1     60.17988      0.000    897  
  cop_0842_lp_s1    438.03780      0.000     79  
  cop_0843_lp_s1     98.58521      0.000    580  
  cop_0844_lp_s1     99.78786      0.000    652  
  cop_0845_lp_s1    610.44692      0.000     51  
  cop_0846_lp_s1    627.37161      0.000     74  
  cop_0847_lp_s1    298.47269      0.000    248  
  cop_0848_lp_s1     82.54999      0.000    739  
  cop_0849_lp_s1     63.08286      0.000    864  
  cop_0850_lp_s1     92.15708      0.000    689  
  cop_0851_lp_s1    290.53509      0.000    263  
  cop_0852_lp_s1     62.71226      0.000    883  
  cop_0853_lp_s1     81.50333      0.000    736  
  cop_0854_lp_s1     65.04898      0.000    854  
  cop_0855_lp_s1    110.84723      0.000    499  
  cop_0856_lp_s1    289.22209      0.000    191  
  cop_0857_lp_s1     84.61362      0.000    692  
  cop_0858_lp_s1     94.80228      0.000    633  
  cop_0859_lp_s1     57.70712      0.000    924  
  cop_0860_lp_s1    755.36268      0.000     87  
  cop_0861_lp_s1    154.03358      0.000    340  
  cop_0862_lp_s1     65.44758      0.000    865  
  cop_0863_lp_s1     71.56173      0.000    787  
  cop_0864_lp_s1     96.02695      0.000    616  
  cop_0865_lp_s1    313.79236      0.000    229  
  cop_0866_lp_s1    106.96923      0.000    626  
  cop_0867_lp_s1     67.51862      0.000    814  
  cop_0868_lp_s1    628.46744      0.000    146  
  cop_0869_lp_s1    228.08391      0.000    264  
  cop_0870_lp_s1   2383.69426      0.000     27  
  cop_0871_lp_s1     61.90722      0.000    888  
  cop_0872_lp_s1    122.38061      0.000    492  
  cop_0873_lp_s1    183.89902      0.000    383  
  cop_0874_lp_s1     69.78267      0.000    806  
  cop_0875_lp_s1    103.01244      0.000    573  
  cop_0876_lp_s1     89.31959      0.000    717  
  cop_0877_lp_s1     92.82473      0.000    668  
  cop_0878_lp_s1     78.56383      0.000    772  
  cop_0879_lp_s1     97.98624      0.000    568  
  cop_0880_lp_s1     78.28337      0.000    770  
  cop_0881_lp_s1    117.90173      0.000    555  
  cop_0882_lp_s1     72.53982      0.000    807  
  cop_0883_lp_s1    423.91304      0.000    206  
  cop_0884_lp_s1     69.72347      0.000    811  
  cop_0885_lp_s1    258.32222      0.000    240  
  cop_0886_lp_s1     64.48816      0.000    841  
  cop_0887_lp_s1    265.10841      0.000    127  
  cop_0888_lp_s1    196.99870      0.000    301  
  cop_0889_lp_s1    114.62166      0.000    542  
  cop_0890_lp_s1    533.21324      0.000     47  
  cop_0891_lp_s1     96.17079      0.000    590  
  cop_0892_lp_s1    145.41218      0.000    462  
  cop_0893_lp_s1    104.84385      0.000    569  
  cop_0894_lp_s1    249.15432      0.000    318  
  cop_0895_lp_s1     96.76530      0.000    586  
  cop_0896_lp_s1     89.60499      0.000    658  
  cop_0897_lp_s1     54.40590      0.000    955  
  cop_0898_lp_s1     61.06047      0.000    890  
  cop_0899_lp_s1     61.43262      0.000    870  
  cop_0900_lp_s1    897.59537      0.000     99  
  cop_0901_lp_s1    124.88705      0.000    495  
  cop_0902_lp_s1     61.05520      0.000    876  
  cop_0903_lp_s1    219.03262      0.000    393  
  cop_0904_lp_s1     72.29883      0.000    795  
  cop_0905_lp_s1     48.92516      0.116    998  yes
  cop_0906_lp_s1     54.24647      0.000    957  
  cop_0907_lp_s1    436.45725      0.000     24  
  cop_0908_lp_s1    355.66384      0.000    339  
  cop_0909_lp_s1    209.63726      0.000    407  
  cop_0910_lp_s1    126.14706      0.000    585  
  cop_0911_lp_s1     82.79376      0.000    750  
  cop_0912_lp_s1    166.44067      0.000    439  
  cop_0913_lp_s1     61.55912      0.000    879  
  cop_0914_lp_s1     60.01719      0.000    899  
  cop_0915_lp_s1    180.92801      0.000    313  
  cop_0916_lp_s1    227.05068      0.000    351  
  cop_0917_lp_s1     51.46103      0.000    978  
  cop_0918_lp_s1    550.95802      0.000      7  
  cop_0919_lp_s1    876.43723      0.000    167  
  cop_0920_lp_s1    177.97673      0.000    461  
  cop_0921_lp_s1    169.30587      0.000    471  
  cop_0922_lp_s1    232.74670      0.000    274  
  cop_0923_lp_s1    111.27082      0.000    587  
  cop_0924_lp_s1   1526.20051      0.000    231  
  cop_0925_lp_s1    158.76479      0.000    449  
  cop_0926_lp_s1    734.85814      0.000     96  
  cop_0927_lp_s1    252.01924      0.000    317  
  cop_0928_lp_s1   2281.98382      0.000     44  
  cop_0929_lp_s1    552.32217      0.000    130  
  cop_0930_lp_s1    169.63825      0.000    350  
  cop_0931_lp_s1     51.14639      0.000    984  
  cop_0932_lp_s1    871.03290      0.000     78  
  cop_0933_lp_s1    289.68529      0.000    237  
  cop_0934_lp_s1    193.83825      0.000    346  
  cop_0935_lp_s1    243.90927      0.000    255  
  cop_0936_lp_s1    226.82917      0.000    278  
  cop_0937_lp_s1     68.46337      0.000    834  
  cop_0938_lp_s1    442.26167      0.000    149  
  cop_0939_lp_s1    141.78423      0.000    396  
  cop_0940_lp_s1    370.74709      0.000     45  
  cop_0941_lp_s1     89.38924      0.000    657  
  cop_0942_lp_s1    883.04650      0.000     55  
  cop_0943_lp_s1     59.90099      0.000    903  
  cop_0944_lp_s1    197.86568      0.000    395  
  cop_0945_lp_s1    384.09618      0.000    265  
  cop_0946_lp_s1    400.90746      0.000    175  
  cop_0947_lp_s1    301.35004      0.000    235  
  cop_0948_lp_s1     95.29373      0.000    702  
  cop_0949_lp_s1    379.66286      0.000    113  
  cop_0950_lp_s1     77.65127      0.000    753  
  cop_0951_lp_s1     73.37610      0.000    801  
  cop_0952_lp_s1     96.43810      0.000    690  
  cop_0953_lp_s1    161.74005      0.000    414  
  cop_0954_lp_s1    175.12515      0.000    331  
  cop_0955_lp_s1     95.25567      0.000    663  
  cop_0956_lp_s1    144.14106      0.000    418  
  cop_0957_lp_s1    273.98299      0.000    284  
  cop_0958_lp_s1   1366.99813      0.000     98  
  cop_0959_lp_s1    124.89221      0.000    472  
  cop_0960_lp_s1    176.78807      0.000    379  
  cop_0961_lp_s1    194.90120      0.000    452  
  cop_0962_lp_s1    102.36980      0.000    623  
  cop_0963_lp_s1    112.34713      0.000    551  
  cop_0964_lp_s1     95.25319      0.000    659  
  cop_0965_lp_s1    618.73027      0.000    117  
  cop_0966_lp_s1    450.50605      0.000     43  
  cop_0967_lp_s1    684.64567      0.000     31  
  cop_0968_lp_s1     80.22021      0.000    743  
  cop_0969_lp_s1     65.96129      0.000    839  
  cop_0970_lp_s1     50.32494      0.001    988  
  cop_0971_lp_s1     54.69006      0.000    941  
  cop_0972_lp_s1     63.46814      0.000    857  
  cop_0973_lp_s1    156.21359      0.000    507  
  cop_0974_lp_s1    117.50953      0.000    575  
  cop_0975_lp_s1    232.79245      0.000    242  
  cop_0976_lp_s1    161.85493      0.000    490  
  cop_0977_lp_s1    658.57165      0.000     19  
  cop_0978_lp_s1    102.04114      0.000    615  
  cop_0979_lp_s1     91.99299      0.000    670  
  cop_0980_lp_s1    673.57831      0.000    114  
  cop_0981_lp_s1    318.11555      0.000    162  
  cop_0982_lp_s1     95.89200      0.000    681  
  cop_0983_lp_s1    220.72031      0.000    311  
  cop_0984_lp_s1    372.05610      0.000    107  
  cop_0985_lp_s1    174.86808      0.000    438  
  cop_0986_lp_s1     88.12817      0.000    726  
  cop_0987_lp_s1    204.80282      0.000    392  
  cop_0988_lp_s1    122.70777      0.000    457  
  cop_0989_lp_s1    546.84936      0.000    164  
  cop_0990_lp_s1    351.66634      0.000    217  
  cop_0991_lp_s1    135.13900      0.000    442  
  cop_0992_lp_s1    290.07868      0.000    224  
  cop_0993_lp_s1    188.21129      0.000    315  
  cop_0994_lp_s1     73.87527      0.000    792  
  cop_0995_lp_s1     79.96789      0.000    761  
  cop_0996_lp_s1     84.65724      0.000    706  
  cop_0997_lp_s1    289.54841      0.000    174  
  cop_0998_lp_s1     91.33078      0.000    693  
  cop_0999_lp_s1    108.82787      0.000    620  
  cop_1000_lp_s1     96.93007      0.000    600  
  eliminated, worst first: cop_0375_lp_s1 cop_0184_lp_s1 cop_0212_lp_s1 cop_0511_lp_s1 cop_0679_lp_s1 cop_0086_lp_s1 cop_0918_lp_s1 cop_0670_lp_s1 cop_0690_lp_s1 cop_0579_lp_s1 cop_0089_lp_s1 cop_0549_lp_s1 cop_0787_lp_s1 cop_0154_lp_s1 cop_0158_lp_s1 cop_0325_lp_s1 cop_0508_lp_s1 cop_0012_lp_s1 cop_0977_lp_s1 cop_0411_lp_s1 cop_0333_lp_s1 cop_0548_lp_s1 cop_0095_lp_s1 cop_0907_lp_s1 cop_0605_lp_s1 cop_0056_lp_s1 cop_0870_lp_s1 cop_0362_lp_s1 cop_0114_lp_s1 cop_0080_lp_s1 cop_0967_lp_s1 cop_0584_lp_s1 cop_0528_lp_s1 cop_0323_lp_s1 cop_0096_lp_s1 cop_0167_lp_s1 cop_0009_lp_s1 cop_0214_lp_s1 cop_0175_lp_s1 cop_0244_lp_s1 cop_0049_lp_s1 cop_0253_lp_s1 cop_0966_lp_s1 cop_0928_lp_s1 cop_0940_lp_s1 cop_0229_lp_s1 cop_0890_lp_s1 cop_0823_lp_s1 cop_0230_lp_s1 cop_0085_lp_s1 cop_0845_lp_s1 cop_0160_lp_s1 cop_0809_lp_s1 cop_0046_lp_s1 cop_0942_lp_s1 cop_0657_lp_s1 cop_0130_lp_s1 cop_0393_lp_s1 cop_0637_lp_s1 cop_0626_lp_s1 cop_0115_lp_s1 cop_0370_lp_s1 cop_0387_lp_s1 cop_0381_lp_s1 cop_0188_lp_s1 cop_0287_lp_s1 cop_0558_lp_s1 cop_0792_lp_s1 cop_0041_lp_s1 cop_0308_lp_s1 cop_0785_lp_s1 cop_0456_lp_s1 cop_0768_lp_s1 cop_0846_lp_s1 cop_0591_lp_s1 cop_0468_lp_s1 cop_0276_lp_s1 cop_0932_lp_s1 cop_0842_lp_s1 cop_0058_lp_s1 cop_0366_lp_s1 cop_0700_lp_s1 cop_0567_lp_s1 cop_0816_lp_s1 cop_0043_lp_s1 cop_0052_lp_s1 cop_0860_lp_s1 cop_0632_lp_s1 cop_0752_lp_s1 cop_0300_lp_s1 cop_0414_lp_s1 cop_0270_lp_s1 cop_0329_lp_s1 cop_0406_lp_s1 cop_0257_lp_s1 cop_0926_lp_s1 cop_0262_lp_s1 cop_0958_lp_s1 cop_0900_lp_s1 cop_0206_lp_s1 cop_0168_lp_s1 cop_0098_lp_s1 cop_0402_lp_s1 cop_0278_lp_s1 cop_0608_lp_s1 cop_0562_lp_s1 cop_0984_lp_s1 cop_0535_lp_s1 cop_0833_lp_s1 cop_0251_lp_s1 cop_0425_lp_s1 cop_0328_lp_s1 cop_0949_lp_s1 cop_0980_lp_s1 cop_0675_lp_s1 cop_0363_lp_s1 cop_0965_lp_s1 cop_0603_lp_s1 cop_0119_lp_s1 cop_0092_lp_s1 cop_0013_lp_s1 cop_0582_lp_s1 cop_0718_lp_s1 cop_0332_lp_s1 cop_0663_lp_s1 cop_0473_lp_s1 cop_0887_lp_s1 cop_0704_lp_s1 cop_0572_lp_s1 cop_0929_lp_s1 cop_0590_lp_s1 cop_0412_lp_s1 cop_0088_lp_s1 cop_0550_lp_s1 cop_0159_lp_s1 cop_0781_lp_s1 cop_0217_lp_s1 cop_0521_lp_s1 cop_0739_lp_s1 cop_0178_lp_s1 cop_0123_lp_s1 cop_0342_lp_s1 cop_0588_lp_s1 cop_0484_lp_s1 cop_0140_lp_s1 cop_0868_lp_s1 cop_0388_lp_s1 cop_0812_lp_s1 cop_0938_lp_s1 cop_0391_lp_s1 cop_0238_lp_s1 cop_0722_lp_s1 cop_0038_lp_s1 cop_0560_lp_s1 cop_0084_lp_s1 cop_0799_lp_s1 cop_0811_lp_s1 cop_0678_lp_s1 cop_0810_lp_s1 cop_0222_lp_s1 cop_0656_lp_s1 cop_0981_lp_s1 cop_0607_lp_s1 cop_0989_lp_s1 cop_0724_lp_s1 cop_0471_lp_s1 cop_0919_lp_s1 cop_0648_lp_s1 cop_0297_lp_s1 cop_0155_lp_s1 cop_0304_lp_s1 cop_0445_lp_s1 cop_0336_lp_s1 cop_0997_lp_s1 cop_0946_lp_s1 cop_0721_lp_s1 cop_0259_lp_s1 cop_0245_lp_s1 cop_0830_lp_s1 cop_0209_lp_s1 cop_0499_lp_s1 cop_0515_lp_s1 cop_0487_lp_s1 cop_0505_lp_s1 cop_0421_lp_s1 cop_0271_lp_s1 cop_0202_lp_s1 cop_0273_lp_s1 cop_0063_lp_s1 cop_0430_lp_s1 cop_0856_lp_s1 cop_0807_lp_s1 cop_0461_lp_s1 cop_0219_lp_s1 cop_0813_lp_s1 cop_0344_lp_s1 cop_0233_lp_s1 cop_0710_lp_s1 cop_0783_lp_s1 cop_0669_lp_s1 cop_0455_lp_s1 cop_0354_lp_s1 cop_0475_lp_s1 cop_0839_lp_s1 cop_0392_lp_s1 cop_0883_lp_s1 cop_0532_lp_s1 cop_0747_lp_s1 cop_0018_lp_s1 cop_0744_lp_s1 cop_0326_lp_s1 cop_0452_lp_s1 cop_0192_lp_s1 cop_0745_lp_s1 cop_0699_lp_s1 cop_0767_lp_s1 cop_0990_lp_s1 cop_0486_lp_s1 cop_0732_lp_s1 cop_0681_lp_s1 cop_0687_lp_s1 cop_0491_lp_s1 cop_0674_lp_s1 cop_0992_lp_s1 cop_0026_lp_s1 cop_0746_lp_s1 cop_0551_lp_s1 cop_0020_lp_s1 cop_0865_lp_s1 cop_0822_lp_s1 cop_0924_lp_s1 cop_0565_lp_s1 cop_0786_lp_s1 cop_0614_lp_s1 cop_0947_lp_s1 cop_0090_lp_s1 cop_0933_lp_s1 cop_0060_lp_s1 cop_0025_lp_s1 cop_0885_lp_s1 cop_0327_lp_s1 cop_0975_lp_s1 cop_0266_lp_s1 cop_0064_lp_s1 cop_0137_lp_s1 cop_0709_lp_s1 cop_0610_lp_s1 cop_0847_lp_s1 cop_0539_lp_s1 cop_0365_lp_s1 cop_0828_lp_s1 cop_0379_lp_s1 cop_0261_lp_s1 cop_0177_lp_s1 cop_0935_lp_s1 cop_0345_lp_s1 cop_0164_lp_s1 cop_0836_lp_s1 cop_0576_lp_s1 cop_0612_lp_s1 cop_0677_lp_s1 cop_0837_lp_s1 cop_0851_lp_s1 cop_0869_lp_s1 cop_0945_lp_s1 cop_0190_lp_s1 cop_0575_lp_s1 cop_0275_lp_s1 cop_0621_lp_s1 cop_0449_lp_s1 cop_0737_lp_s1 cop_0272_lp_s1 cop_0602_lp_s1 cop_0922_lp_s1 cop_0138_lp_s1 cop_0330_lp_s1 cop_0655_lp_s1 cop_0936_lp_s1 cop_0053_lp_s1 cop_0189_lp_s1 cop_0083_lp_s1 cop_0619_lp_s1 cop_0263_lp_s1 cop_0957_lp_s1 cop_0676_lp_s1 cop_0359_lp_s1 cop_0448_lp_s1 cop_0104_lp_s1 cop_0279_lp_s1 cop_0754_lp_s1 cop_0427_lp_s1 cop_0093_lp_s1 cop_0376_lp_s1 cop_0716_lp_s1 cop_0613_lp_s1 cop_0034_lp_s1 cop_0385_lp_s1 cop_0734_lp_s1 cop_0210_lp_s1 cop_0310_lp_s1 cop_0888_lp_s1 cop_0051_lp_s1 cop_0380_lp_s1 cop_0817_lp_s1 cop_0512_lp_s1 cop_0627_lp_s1 cop_0022_lp_s1 cop_0563_lp_s1 cop_0804_lp_s1 cop_0726_lp_s1 cop_0983_lp_s1 cop_0264_lp_s1 cop_0915_lp_s1 cop_0021_lp_s1 cop_0993_lp_s1 cop_0835_lp_s1 cop_0927_lp_s1 cop_0894_lp_s1 cop_0808_lp_s1 cop_0059_lp_s1 cop_0303_lp_s1 cop_0788_lp_s1 cop_0701_lp_s1 cop_0680_lp_s1 cop_0315_lp_s1 cop_0357_lp_s1 cop_0586_lp_s1 cop_0074_lp_s1 cop_0216_lp_s1 cop_0014_lp_s1 cop_0954_lp_s1 cop_0447_lp_s1 cop_0555_lp_s1 cop_0789_lp_s1 cop_0771_lp_s1 cop_0769_lp_s1 cop_0818_lp_s1 cop_0197_lp_s1 cop_0908_lp_s1 cop_0861_lp_s1 cop_0623_lp_s1 cop_0599_lp_s1 cop_0658_lp_s1 cop_0617_lp_s1 cop_0695_lp_s1 cop_0934_lp_s1 cop_0443_lp_s1 cop_0454_lp_s1 cop_0829_lp_s1 cop_0930_lp_s1 cop_0916_lp_s1 cop_0339_lp_s1 cop_0290_lp_s1 cop_0618_lp_s1 cop_0232_lp_s1 cop_0401_lp_s1 cop_0609_lp_s1 cop_0122_lp_s1 cop_0405_lp_s1 cop_0055_lp_s1 cop_0419_lp_s1 cop_0592_lp_s1 cop_0573_lp_s1 cop_0644_lp_s1 cop_0067_lp_s1 cop_0517_lp_s1 cop_0714_lp_s1 cop_0071_lp_s1 cop_0389_lp_s1 cop_0015_lp_s1 cop_0301_lp_s1 cop_0583_lp_s1 cop_0358_lp_s1 cop_0129_lp_s1 cop_0132_lp_s1 cop_0153_lp_s1 cop_0488_lp_s1 cop_0247_lp_s1 cop_0960_lp_s1 cop_0659_lp_s1 cop_0341_lp_s1 cop_0611_lp_s1 cop_0873_lp_s1 cop_0662_lp_s1 cop_0418_lp_s1 cop_0524_lp_s1 cop_0311_lp_s1 cop_0713_lp_s1 cop_0483_lp_s1 cop_0101_lp_s1 cop_0065_lp_s1 cop_0987_lp_s1 cop_0903_lp_s1 cop_0076_lp_s1 cop_0944_lp_s1 cop_0939_lp_s1 cop_0646_lp_s1 cop_0760_lp_s1 cop_0493_lp_s1 cop_0077_lp_s1 cop_0249_lp_s1 cop_0547_lp_s1 cop_0042_lp_s1 cop_0195_lp_s1 cop_0819_lp_s1 cop_0693_lp_s1 cop_0909_lp_s1 cop_0073_lp_s1 cop_0545_lp_s1 cop_0143_lp_s1 cop_0496_lp_s1 cop_0805_lp_s1 cop_0223_lp_s1 cop_0953_lp_s1 cop_0728_lp_s1 cop_0761_lp_s1 cop_0476_lp_s1 cop_0956_lp_s1 cop_0409_lp_s1 cop_0069_lp_s1 cop_0556_lp_s1 cop_0187_lp_s1 cop_0671_lp_s1 cop_0331_lp_s1 cop_0641_lp_s1 cop_0383_lp_s1 cop_0360_lp_s1 cop_0630_lp_s1 cop_0291_lp_s1 cop_0176_lp_s1 cop_0442_lp_s1 cop_0111_lp_s1 cop_0309_lp_s1 cop_0557_lp_s1 cop_0645_lp_s1 cop_0110_lp_s1 cop_0433_lp_s1 cop_0985_lp_s1 cop_0912_lp_s1 cop_0023_lp_s1 cop_0668_lp_s1 cop_0991_lp_s1 cop_0546_lp_s1 cop_0537_lp_s1 cop_0770_lp_s1 cop_0470_lp_s1 cop_0504_lp_s1 cop_0260_lp_s1 cop_0925_lp_s1 cop_0395_lp_s1 cop_0568_lp_s1 cop_0961_lp_s1 cop_0712_lp_s1 cop_0068_lp_s1 cop_0337_lp_s1 cop_0198_lp_s1 cop_0988_lp_s1 cop_0237_lp_s1 cop_0643_lp_s1 cop_0446_lp_s1 cop_0920_lp_s1 cop_0892_lp_s1 cop_0400_lp_s1 cop_0394_lp_s1 cop_0193_lp_s1 cop_0307_lp_s1 cop_0417_lp_s1 cop_0242_lp_s1 cop_0048_lp_s1 cop_0791_lp_s1 cop_0921_lp_s1 cop_0959_lp_s1 cop_0753_lp_s1 cop_0625_lp_s1 cop_0420_lp_s1 cop_0050_lp_s1 cop_0741_lp_s1 cop_0286_lp_s1 cop_0133_lp_s1 cop_0236_lp_s1 cop_0116_lp_s1 cop_0215_lp_s1 cop_0490_lp_s1 cop_0755_lp_s1 cop_0008_lp_s1 cop_0163_lp_s1 cop_0733_lp_s1 cop_0340_lp_s1 cop_0204_lp_s1 cop_0976_lp_s1 cop_0415_lp_s1 cop_0872_lp_s1 cop_0284_lp_s1 cop_0386_lp_s1 cop_0901_lp_s1 cop_0124_lp_s1 cop_0283_lp_s1 cop_0268_lp_s1 cop_0855_lp_s1 cop_0006_lp_s1 cop_0580_lp_s1 cop_0790_lp_s1 cop_0802_lp_s1 cop_0589_lp_s1 cop_0235_lp_s1 cop_0295_lp_s1 cop_0973_lp_s1 cop_0649_lp_s1 cop_0224_lp_s1 cop_0698_lp_s1 cop_0322_lp_s1 cop_0248_lp_s1 cop_0113_lp_s1 cop_0007_lp_s1 cop_0462_lp_s1 cop_0758_lp_s1 cop_0636_lp_s1 cop_0078_lp_s1 cop_0759_lp_s1 cop_0616_lp_s1 cop_0730_lp_s1 cop_0595_lp_s1 cop_0416_lp_s1 cop_0775_lp_s1 cop_0651_lp_s1 cop_0372_lp_s1 cop_0141_lp_s1 cop_0436_lp_s1 cop_0831_lp_s1 cop_0404_lp_s1 cop_0045_lp_s1 cop_0282_lp_s1 cop_0485_lp_s1 cop_0597_lp_s1 cop_0840_lp_s1 cop_0795_lp_s1 cop_0459_lp_s1 cop_0800_lp_s1 cop_0438_lp_s1 cop_0305_lp_s1 cop_0606_lp_s1 cop_0889_lp_s1 cop_0319_lp_s1 cop_0673_lp_s1 cop_0639_lp_s1 cop_0541_lp_s1 cop_0203_lp_s1 cop_0553_lp_s1 cop_0507_lp_s1 cop_0218_lp_s1 cop_0963_lp_s1 cop_0703_lp_s1 cop_0451_lp_s1 cop_0146_lp_s1 cop_0881_lp_s1 cop_0434_lp_s1 cop_0620_lp_s1 cop_0029_lp_s1 cop_0762_lp_s1 cop_0472_lp_s1 cop_0293_lp_s1 cop_0585_lp_s1 cop_0653_lp_s1 cop_0453_lp_s1 cop_0729_lp_s1 cop_0638_lp_s1 cop_0432_lp_s1 cop_0879_lp_s1 cop_0893_lp_s1 cop_0640_lp_s1 cop_0682_lp_s1 cop_0465_lp_s1 cop_0875_lp_s1 cop_0615_lp_s1 cop_0974_lp_s1 cop_0439_lp_s1 cop_0495_lp_s1 cop_0779_lp_s1 cop_0348_lp_s1 cop_0843_lp_s1 cop_0531_lp_s1 cop_0672_lp_s1 cop_0633_lp_s1 cop_0239_lp_s1 cop_0910_lp_s1 cop_0895_lp_s1 cop_0923_lp_s1 cop_0384_lp_s1 cop_0027_lp_s1 cop_0891_lp_s1 cop_0467_lp_s1 cop_0028_lp_s1 cop_0578_lp_s1 cop_0688_lp_s1 cop_0174_lp_s1 cop_0296_lp_s1 cop_0601_lp_s1 cop_0797_lp_s1 cop_0776_lp_s1 cop_1000_lp_s1 cop_0151_lp_s1 cop_0225_lp_s1 cop_0352_lp_s1 cop_0719_lp_s1 cop_0171_lp_s1 cop_0128_lp_s1 cop_0200_lp_s1 cop_0647_lp_s1 cop_0302_lp_s1 cop_0169_lp_s1 cop_0234_lp_s1 cop_0226_lp_s1 cop_0666_lp_s1 cop_0156_lp_s1 cop_0978_lp_s1 cop_0864_lp_s1 cop_0227_lp_s1 cop_0324_lp_s1 cop_0081_lp_s1 cop_0999_lp_s1 cop_0294_lp_s1 cop_0731_lp_s1 cop_0962_lp_s1 cop_0243_lp_s1 cop_0131_lp_s1 cop_0866_lp_s1 cop_0431_lp_s1 cop_0522_lp_s1 cop_0105_lp_s1 cop_0378_lp_s1 cop_0030_lp_s1 cop_0180_lp_s1 cop_0858_lp_s1 cop_0318_lp_s1 cop_0492_lp_s1 cop_0477_lp_s1 cop_0743_lp_s1 cop_0033_lp_s1 cop_0798_lp_s1 cop_0017_lp_s1 cop_0749_lp_s1 cop_0398_lp_s1 cop_0196_lp_s1 cop_0514_lp_s1 cop_0441_lp_s1 cop_0765_lp_s1 cop_0087_lp_s1 cop_0228_lp_s1 cop_0208_lp_s1 cop_0082_lp_s1 cop_0355_lp_s1 cop_0844_lp_s1 cop_0814_lp_s1 cop_0502_lp_s1 cop_0564_lp_s1 cop_0542_lp_s1 cop_0941_lp_s1 cop_0896_lp_s1 cop_0964_lp_s1 cop_0091_lp_s1 cop_0566_lp_s1 cop_0150_lp_s1 cop_0955_lp_s1 cop_0117_lp_s1 cop_0463_lp_s1 cop_0727_lp_s1 cop_0181_lp_s1 cop_0877_lp_s1 cop_0725_lp_s1 cop_0979_lp_s1 cop_0194_lp_s1 cop_0144_lp_s1 cop_0001_lp_s1 cop_0723_lp_s1 cop_0280_lp_s1 cop_0371_lp_s1 cop_0569_lp_s1 cop_0706_lp_s1 cop_0377_lp_s1 cop_0403_lp_s1 cop_0982_lp_s1 cop_0011_lp_s1 cop_0258_lp_s1 cop_0349_lp_s1 cop_0587_lp_s1 cop_0127_lp_s1 cop_0186_lp_s1 cop_0126_lp_s1 cop_0850_lp_s1 cop_0952_lp_s1 cop_0667_lp_s1 cop_0857_lp_s1 cop_0998_lp_s1 cop_0536_lp_s1 cop_0373_lp_s1 cop_0032_lp_s1 cop_0489_lp_s1 cop_0650_lp_s1 cop_0125_lp_s1 cop_0162_lp_s1 cop_0097_lp_s1 cop_0948_lp_s1 cop_0806_lp_s1 cop_0265_lp_s1 cop_0498_lp_s1 cop_0996_lp_s1 cop_0094_lp_s1 cop_0407_lp_s1 cop_0292_lp_s1 cop_0497_lp_s1 cop_0815_lp_s1 cop_0170_lp_s1 cop_0559_lp_s1 cop_0506_lp_s1 cop_0364_lp_s1 cop_0312_lp_s1 cop_0876_lp_s1 cop_0003_lp_s1 cop_0252_lp_s1 cop_0838_lp_s1 cop_0408_lp_s1 cop_0250_lp_s1 cop_0600_lp_s1 cop_0035_lp_s1 cop_0382_lp_s1 cop_0986_lp_s1 cop_0320_lp_s1 cop_0120_lp_s1 cop_0103_lp_s1 cop_0834_lp_s1 cop_0040_lp_s1 cop_0543_lp_s1 cop_0246_lp_s1 cop_0185_lp_s1 cop_0005_lp_s1 cop_0853_lp_s1 cop_0794_lp_s1 cop_0523_lp_s1 cop_0848_lp_s1 cop_0474_lp_s1 cop_0803_lp_s1 cop_0581_lp_s1 cop_0968_lp_s1 cop_0369_lp_s1 cop_0037_lp_s1 cop_0075_lp_s1 cop_0423_lp_s1 cop_0825_lp_s1 cop_0697_lp_s1 cop_0911_lp_s1 cop_0482_lp_s1 cop_0780_lp_s1 cop_0950_lp_s1 cop_0736_lp_s1 cop_0019_lp_s1 cop_0108_lp_s1 cop_0464_lp_s1 cop_0413_lp_s1 cop_0220_lp_s1 cop_0221_lp_s1 cop_0995_lp_s1 cop_0694_lp_s1 cop_0540_lp_s1 cop_0571_lp_s1 cop_0458_lp_s1 cop_0288_lp_s1 cop_0183_lp_s1 cop_0039_lp_s1 cop_0112_lp_s1 cop_0880_lp_s1 cop_0314_lp_s1 cop_0878_lp_s1 cop_0149_lp_s1 cop_0466_lp_s1 cop_0530_lp_s1 cop_0109_lp_s1 cop_0624_lp_s1 cop_0351_lp_s1 cop_0179_lp_s1 cop_0255_lp_s1 cop_0199_lp_s1 cop_0642_lp_s1 cop_0782_lp_s1 cop_0664_lp_s1 cop_0634_lp_s1 cop_0705_lp_s1 cop_0863_lp_s1 cop_0574_lp_s1 cop_0766_lp_s1 cop_0099_lp_s1 cop_0070_lp_s1 cop_0994_lp_s1 cop_0500_lp_s1 cop_0772_lp_s1 cop_0904_lp_s1 cop_0061_lp_s1 cop_0692_lp_s1 cop_0165_lp_s1 cop_0145_lp_s1 cop_0313_lp_s1 cop_0951_lp_s1 cop_0520_lp_s1 cop_0683_lp_s1 cop_0450_lp_s1 cop_0334_lp_s1 cop_0874_lp_s1 cop_0882_lp_s1 cop_0748_lp_s1 cop_0121_lp_s1 cop_0289_lp_s1 cop_0884_lp_s1 cop_0231_lp_s1 cop_0554_lp_s1 cop_0867_lp_s1 cop_0460_lp_s1 cop_0173_lp_s1 cop_0711_lp_s1 cop_0316_lp_s1 cop_0750_lp_s1 cop_0062_lp_s1 cop_0298_lp_s1 cop_0256_lp_s1 cop_0821_lp_s1 cop_0516_lp_s1 cop_0479_lp_s1 cop_0024_lp_s1 cop_0172_lp_s1 cop_0353_lp_s1 cop_0254_lp_s1 cop_0135_lp_s1 cop_0057_lp_s1 cop_0440_lp_s1 cop_0510_lp_s1 cop_0937_lp_s1 cop_0793_lp_s1 cop_0285_lp_s1 cop_0635_lp_s1 cop_0010_lp_s1 cop_0969_lp_s1 cop_0367_lp_s1 cop_0886_lp_s1 cop_0306_lp_s1 cop_0134_lp_s1 cop_0598_lp_s1 cop_0501_lp_s1 cop_0267_lp_s1 cop_0596_lp_s1 cop_0469_lp_s1 cop_0827_lp_s1 cop_0529_lp_s1 cop_0031_lp_s1 cop_0346_lp_s1 cop_0343_lp_s1 cop_0854_lp_s1 cop_0509_lp_s1 cop_0778_lp_s1 cop_0972_lp_s1 cop_0161_lp_s1 cop_0072_lp_s1 cop_0513_lp_s1 cop_0763_lp_s1 cop_0457_lp_s1 cop_0702_lp_s1 cop_0849_lp_s1 cop_0862_lp_s1 cop_0764_lp_s1 cop_0629_lp_s1 cop_0299_lp_s1 cop_0211_lp_s1 cop_0899_lp_s1 cop_0594_lp_s1 cop_0544_lp_s1 cop_0240_lp_s1 cop_0118_lp_s1 cop_0796_lp_s1 cop_0902_lp_s1 cop_0561_lp_s1 cop_0205_lp_s1 cop_0913_lp_s1 cop_0820_lp_s1 cop_0147_lp_s1 cop_0277_lp_s1 cop_0852_lp_s1 cop_0350_lp_s1 cop_0396_lp_s1 cop_0689_lp_s1 cop_0685_lp_s1 cop_0871_lp_s1 cop_0631_lp_s1 cop_0898_lp_s1 cop_0201_lp_s1 cop_0321_lp_s1 cop_0494_lp_s1 cop_0397_lp_s1 cop_0684_lp_s1 cop_0525_lp_s1 cop_0841_lp_s1 cop_0480_lp_s1 cop_0914_lp_s1 cop_0742_lp_s1 cop_0628_lp_s1 cop_0660_lp_s1 cop_0943_lp_s1 cop_0066_lp_s1 cop_0152_lp_s1 cop_0424_lp_s1 cop_0533_lp_s1 cop_0735_lp_s1 cop_0274_lp_s1 cop_0738_lp_s1 cop_0757_lp_s1 cop_0106_lp_s1 cop_0139_lp_s1 cop_0102_lp_s1 cop_0428_lp_s1 cop_0570_lp_s1 cop_0784_lp_s1 cop_0707_lp_s1 cop_0182_lp_s1 cop_0002_lp_s1 cop_0390_lp_s1 cop_0444_lp_s1 cop_0538_lp_s1 cop_0859_lp_s1 cop_0518_lp_s1 cop_0696_lp_s1 cop_0519_lp_s1 cop_0429_lp_s1 cop_0335_lp_s1 cop_0527_lp_s1 cop_0756_lp_s1 cop_0213_lp_s1 cop_0661_lp_s1 cop_0317_lp_s1 cop_0422_lp_s1 cop_0157_lp_s1 cop_0207_lp_s1 cop_0281_lp_s1 cop_0826_lp_s1 cop_0361_lp_s1 cop_0971_lp_s1 cop_0652_lp_s1 cop_0777_lp_s1 cop_0347_lp_s1 cop_0004_lp_s1 cop_0686_lp_s1 cop_0604_lp_s1 cop_0773_lp_s1 cop_0691_lp_s1 cop_0435_lp_s1 cop_0107_lp_s1 cop_0720_lp_s1 cop_0740_lp_s1 cop_0338_lp_s1 cop_0897_lp_s1 cop_0016_lp_s1 cop_0906_lp_s1 cop_0622_lp_s1 cop_0481_lp_s1 cop_0374_lp_s1 cop_0426_lp_s1 cop_0824_lp_s1 cop_0437_lp_s1 cop_0136_lp_s1 cop_0269_lp_s1 cop_0774_lp_s1 cop_0399_lp_s1 cop_0717_lp_s1 cop_0801_lp_s1 cop_0503_lp_s1 cop_0478_lp_s1 cop_0036_lp_s1 cop_0166_lp_s1 cop_0526_lp_s1 cop_0054_lp_s1 cop_0577_lp_s1 cop_0708_lp_s1 cop_0917_lp_s1 cop_0047_lp_s1 cop_0832_lp_s1 cop_0044_lp_s1 cop_0368_lp_s1 cop_0410_lp_s1 cop_0931_lp_s1 cop_0751_lp_s1 cop_0142_lp_s1 cop_0665_lp_s1 cop_0970_lp_s1 cop_0534_lp_s1 cop_0715_lp_s1 cop_0654_lp_s1 cop_0241_lp_s1 cop_0356_lp_s1
  set decided by an accepted test: yes, in round 994 of 999 (p = 0.080 against alpha = 0.050)
  from round 994 on every model dropped is still in the set; those rounds run only to give it its MCS p-value


  sample    999 observations, 1000 models
  statistic Tmax, each model against the field
  test      alpha = 0.050, 10000 moving-block resamples of 1 observations
  variance  bootstrap variance of the resampled mean
  stream    seed 123, stream 0

MCS over state-dependent local projection impulse-response MAE, state 1 (lags times 1 - F), MCS_TMAX statistic
  model             mean loss      MCS p  round  in set
  cop_0001_lp_s1    101.68433      0.000    644  
  cop_0002_lp_s1     57.24944      0.000    920  
  cop_0003_lp_s1     85.37290      0.000    718  
  cop_0004_lp_s1     54.57049      0.000    946  
  cop_0005_lp_s1     79.94950      0.000    743  
  cop_0006_lp_s1    122.36929      0.000    524  
  cop_0007_lp_s1    133.83524      0.000    504  
  cop_0008_lp_s1    128.17727      0.000    508  
  cop_0009_lp_s1   1020.75579      0.000     37  
  cop_0010_lp_s1     67.33768      0.000    837  
  cop_0011_lp_s1     95.17222      0.000    661  
  cop_0012_lp_s1    480.16739      0.000    105  
  cop_0013_lp_s1    702.47198      0.000     98  
  cop_0014_lp_s1    219.67651      0.000    320  
  cop_0015_lp_s1    174.81458      0.000    389  
  cop_0016_lp_s1     54.28888      0.000    953  
  cop_0017_lp_s1     97.01010      0.000    640  
  cop_0018_lp_s1    241.85830      0.000    264  
  cop_0019_lp_s1     79.23998      0.000    751  
  cop_0020_lp_s1    276.10262      0.000    246  
  cop_0021_lp_s1    188.33630      0.000    343  
  cop_0022_lp_s1    229.98887      0.000    306  
  cop_0023_lp_s1    154.09880      0.000    446  
  cop_0024_lp_s1     68.09710      0.000    830  
  cop_0025_lp_s1    695.15368      0.000    133  
  cop_0026_lp_s1    218.76540      0.000    289  
  cop_0027_lp_s1    103.95935      0.000    596  
  cop_0028_lp_s1    114.04806      0.000    576  
  cop_0029_lp_s1    113.43872      0.000    564  
  cop_0030_lp_s1     96.35189      0.000    638  
  cop_0031_lp_s1     67.49791      0.000    846  
  cop_0032_lp_s1     84.30400      0.000    704  
  cop_0033_lp_s1    101.77560      0.000    623  
  cop_0034_lp_s1    260.62881      0.000    281  
  cop_0035_lp_s1     86.80190      0.000    716  
  cop_0036_lp_s1     52.14081      0.021    972  
  cop_0037_lp_s1     84.41495      0.000    734  
  cop_0038_lp_s1    387.54528      0.000    172  
  cop_0039_lp_s1     77.42952      0.000    764  
  cop_0040_lp_s1     87.31264      0.000    724  
  cop_0041_lp_s1    584.37771      0.000    102  
  cop_0042_lp_s1    158.01975      0.000    422  
  cop_0043_lp_s1    555.88451      0.000    114  
  cop_0044_lp_s1     51.29848      0.054    981  yes
  cop_0045_lp_s1    135.03547      0.000    511  
  cop_0046_lp_s1   1835.38470      0.000     21  
  cop_0047_lp_s1     51.35515      0.054    979  yes
  cop_0048_lp_s1    166.93342      0.000    437  
  cop_0049_lp_s1   1294.01155      0.000     28  
  cop_0050_lp_s1    125.10018      0.000    516  
  cop_0051_lp_s1    275.46165      0.000    269  
  cop_0052_lp_s1    584.81722      0.000    108  
  cop_0053_lp_s1    255.85212      0.000    276  
  cop_0054_lp_s1     51.94901      0.021    973  
  cop_0055_lp_s1    216.69955      0.000    328  
  cop_0056_lp_s1   1236.35402      0.000     26  
  cop_0057_lp_s1     70.82230      0.000    818  
  cop_0058_lp_s1   9496.35006      0.000     10  
  cop_0059_lp_s1    366.89710      0.000    232  
  cop_0060_lp_s1    277.85019      0.000    248  
  cop_0061_lp_s1     74.38323      0.000    789  
  cop_0062_lp_s1     68.70574      0.000    821  
  cop_0063_lp_s1    344.03717      0.000    191  
  cop_0064_lp_s1    408.78310      0.000    182  
  cop_0065_lp_s1    187.95092      0.000    380  
  cop_0066_lp_s1     59.55014      0.000    905  
  cop_0067_lp_s1    140.88517      0.000    440  
  cop_0068_lp_s1    127.33730      0.000    495  
  cop_0069_lp_s1    181.99688      0.000    401  
  cop_0070_lp_s1     73.02004      0.000    794  
  cop_0071_lp_s1    206.99203      0.000    338  
  cop_0072_lp_s1     64.98646      0.000    856  
  cop_0073_lp_s1    166.46242      0.000    413  
  cop_0074_lp_s1    204.01671      0.000    334  
  cop_0075_lp_s1     81.05395      0.000    744  
  cop_0076_lp_s1    200.21559      0.000    367  
  cop_0077_lp_s1    182.31523      0.000    392  
  cop_0078_lp_s1    115.00392      0.000    547  
  cop_0079_lp_s1     48.17777      0.482    999  yes
  cop_0080_lp_s1   3115.57754      0.000      7  
  cop_0081_lp_s1     97.91307      0.000    617  
  cop_0082_lp_s1     85.85132      0.000    686  
  cop_0083_lp_s1    215.11695      0.000    310  
  cop_0084_lp_s1    222.12020      0.000    272  
  cop_0085_lp_s1   1577.58900      0.000     24  
  cop_0086_lp_s1   4561.99859      0.000      1  
  cop_0087_lp_s1    100.44270      0.000    630  
  cop_0088_lp_s1    573.67015      0.000    119  
  cop_0089_lp_s1    542.93211      0.000     84  
  cop_0090_lp_s1    370.28604      0.000    195  
  cop_0091_lp_s1     92.85319      0.000    660  
  cop_0092_lp_s1    338.23531      0.000    180  
  cop_0093_lp_s1    254.72366      0.000    282  
  cop_0094_lp_s1     82.45081      0.000    723  
  cop_0095_lp_s1   1029.91126      0.000     32  
  cop_0096_lp_s1    651.62215      0.000     77  
  cop_0097_lp_s1     87.74161      0.000    701  
  cop_0098_lp_s1    955.80633      0.000     62  
  cop_0099_lp_s1     73.73100      0.000    790  
  cop_0100_lp_s1     49.31057      0.448    995  yes
  cop_0101_lp_s1    139.57714      0.000    448  
  cop_0102_lp_s1     58.66187      0.000    912  
  cop_0103_lp_s1     81.33576      0.000    735  
  cop_0104_lp_s1    213.21629      0.000    313  
  cop_0105_lp_s1     92.17930      0.000    652  
  cop_0106_lp_s1     58.72269      0.000    911  
  cop_0107_lp_s1     54.69378      0.000    949  
  cop_0108_lp_s1     74.59939      0.000    770  
  cop_0109_lp_s1     77.70001      0.000    768  
  cop_0110_lp_s1    186.49446      0.000    403  
  cop_0111_lp_s1    135.36811      0.000    466  
  cop_0112_lp_s1     76.85053      0.000    767  
  cop_0113_lp_s1    142.10525      0.000    487  
  cop_0114_lp_s1    645.85721      0.000     76  
  cop_0115_lp_s1    790.25397      0.000     68  
  cop_0116_lp_s1    169.37041      0.000    442  
  cop_0117_lp_s1     97.88674      0.000    650  
  cop_0118_lp_s1     61.57213      0.000    881  
  cop_0119_lp_s1    484.22610      0.000    134  
  cop_0120_lp_s1     85.29343      0.000    729  
  cop_0121_lp_s1     71.35742      0.000    808  
  cop_0122_lp_s1    181.97393      0.000    377  
  cop_0123_lp_s1    293.02104      0.000    208  
  cop_0124_lp_s1    137.93478      0.000    488  
  cop_0125_lp_s1     83.47629      0.000    713  
  cop_0126_lp_s1     80.75261      0.000    721  
  cop_0127_lp_s1     87.48735      0.000    696  
  cop_0128_lp_s1    113.51908      0.000    584  
  cop_0129_lp_s1    197.97327      0.000    364  
  cop_0130_lp_s1   2107.29557      0.000     20  
  cop_0131_lp_s1     98.60551      0.000    625  
  cop_0132_lp_s1    215.89526      0.000    335  
  cop_0133_lp_s1    112.46332      0.000    542  
  cop_0134_lp_s1     67.57901      0.000    839  
  cop_0135_lp_s1     69.96711      0.000    822  
  cop_0136_lp_s1     52.70286      0.004    964  
  cop_0137_lp_s1    254.63103      0.000    266  
  cop_0138_lp_s1    385.22721      0.000    206  
  cop_0139_lp_s1     59.00658      0.000    913  
  cop_0140_lp_s1    678.75217      0.000    110  
  cop_0141_lp_s1    139.69633      0.000    496  
  cop_0142_lp_s1     50.72193      0.069    986  yes
  cop_0143_lp_s1    221.21173      0.000    351  
  cop_0144_lp_s1     91.65181      0.000    673  
  cop_0145_lp_s1     71.79677      0.000    802  
  cop_0146_lp_s1    131.10730      0.000    533  
  cop_0147_lp_s1     62.56769      0.000    875  
  cop_0148_lp_s1     49.42686      0.411    994  yes
  cop_0149_lp_s1     70.95959      0.000    793  
  cop_0150_lp_s1     87.92435      0.000    683  
  cop_0151_lp_s1     96.65341      0.000    620  
  cop_0152_lp_s1     58.99010      0.000    906  
  cop_0153_lp_s1    231.77129      0.000    323  
  cop_0154_lp_s1   1014.66024      0.000     30  
  cop_0155_lp_s1    270.32047      0.000    235  
  cop_0156_lp_s1    100.56914      0.000    609  
  cop_0157_lp_s1     56.20793      0.000    932  
  cop_0158_lp_s1    557.46364      0.000     83  
  cop_0159_lp_s1    433.70971      0.000    149  
  cop_0160_lp_s1    369.16324      0.000    148  
  cop_0161_lp_s1     64.66018      0.000    857  
  cop_0162_lp_s1     88.66508      0.000    698  
  cop_0163_lp_s1    145.50087      0.000    468  
  cop_0164_lp_s1    340.85190      0.000    216  
  cop_0165_lp_s1     74.55729      0.000    787  
  cop_0166_lp_s1     51.76395      0.021    975  
  cop_0167_lp_s1   1018.56906      0.000     38  
  cop_0168_lp_s1   1683.22283      0.000     31  
  cop_0169_lp_s1     92.49095      0.000    641  
  cop_0170_lp_s1     85.71882      0.000    715  
  cop_0171_lp_s1    107.36873      0.000    593  
  cop_0172_lp_s1     69.93115      0.000    817  
  cop_0173_lp_s1     69.71299      0.000    815  
  cop_0174_lp_s1    120.63985      0.000    572  
  cop_0175_lp_s1    562.50475      0.000     94  
  cop_0176_lp_s1    133.42726      0.000    473  
  cop_0177_lp_s1    217.63907      0.000    300  
  cop_0178_lp_s1    396.13000      0.000    162  
  cop_0179_lp_s1     75.96741      0.000    775  
  cop_0180_lp_s1     97.04740      0.000    639  
  cop_0181_lp_s1     92.43797      0.000    670  
  cop_0182_lp_s1     57.14354      0.000    919  
  cop_0183_lp_s1     75.44745      0.000    771  
  cop_0184_lp_s1   2665.81126      0.000      4  
  cop_0185_lp_s1     78.80388      0.000    746  
  cop_0186_lp_s1     87.41724      0.000    694  
  cop_0187_lp_s1    153.21358      0.000    443  
  cop_0188_lp_s1    297.43950      0.000    186  
  cop_0189_lp_s1    356.34646      0.000    218  
  cop_0190_lp_s1    338.08155      0.000    221  
  cop_0191_lp_s1     47.77569      1.000      -  yes
  cop_0192_lp_s1    298.73496      0.000    223  
  cop_0193_lp_s1    124.65420      0.000    506  
  cop_0194_lp_s1     85.62736      0.000    697  
  cop_0195_lp_s1    156.46576      0.000    425  
  cop_0196_lp_s1    105.52857      0.000    614  
  cop_0197_lp_s1    201.90054      0.000    336  
  cop_0198_lp_s1    140.33432      0.000    464  
  cop_0199_lp_s1     72.45910      0.000    785  
  cop_0200_lp_s1    100.41672      0.000    607  
  cop_0201_lp_s1     60.08463      0.000    893  
  cop_0202_lp_s1    617.55560      0.000    131  
  cop_0203_lp_s1    117.20133      0.000    553  
  cop_0204_lp_s1    139.18253      0.000    486  
  cop_0205_lp_s1     63.77837      0.000    870  
  cop_0206_lp_s1   1987.87917      0.000     29  
  cop_0207_lp_s1     54.85626      0.000    941  
  cop_0208_lp_s1     97.68224      0.000    643  
  cop_0209_lp_s1    561.34201      0.000    139  
  cop_0210_lp_s1    261.75996      0.000    278  
  cop_0211_lp_s1     64.51886      0.000    864  
  cop_0212_lp_s1   1508.84786      0.000     11  
  cop_0213_lp_s1     56.12675      0.000    930  
  cop_0214_lp_s1   3259.90640      0.000      8  
  cop_0215_lp_s1    190.10446      0.000    415  
  cop_0216_lp_s1    161.88849      0.000    396  
  cop_0217_lp_s1    229.82254      0.000    258  
  cop_0218_lp_s1    125.54374      0.000    541  
  cop_0219_lp_s1   1557.62539      0.000     59  
  cop_0220_lp_s1     79.39416      0.000    753  
  cop_0221_lp_s1     78.93712      0.000    757  
  cop_0222_lp_s1    287.79142      0.000    220  
  cop_0223_lp_s1    181.43887      0.000    398  
  cop_0224_lp_s1    141.67501      0.000    485  
  cop_0225_lp_s1    110.61676      0.000    590  
  cop_0226_lp_s1    111.84244      0.000    586  
  cop_0227_lp_s1    100.39068      0.000    611  
  cop_0228_lp_s1     92.04731      0.000    658  
  cop_0229_lp_s1   1150.65347      0.000     34  
  cop_0230_lp_s1    939.23549      0.000     50  
  cop_0231_lp_s1     71.20545      0.000    810  
  cop_0232_lp_s1    204.94077      0.000    337  
  cop_0233_lp_s1    572.10024      0.000    141  
  cop_0234_lp_s1     94.69386      0.000    636  
  cop_0235_lp_s1    136.96110      0.000    491  
  cop_0236_lp_s1    119.57595      0.000    525  
  cop_0237_lp_s1    184.72401      0.000    411  
  cop_0238_lp_s1    467.92413      0.000    145  
  cop_0239_lp_s1    131.02670      0.000    546  
  cop_0240_lp_s1     62.69594      0.000    874  
  cop_0241_lp_s1     49.81930      0.244    992  yes
  cop_0242_lp_s1    161.97349      0.000    447  
  cop_0243_lp_s1     96.42160      0.000    631  
  cop_0244_lp_s1    486.36508      0.000    113  
  cop_0245_lp_s1    415.40441      0.000    168  
  cop_0246_lp_s1     84.03691      0.000    730  
  cop_0247_lp_s1    151.71087      0.000    420  
  cop_0248_lp_s1    146.82107      0.000    477  
  cop_0249_lp_s1    187.00817      0.000    388  
  cop_0250_lp_s1     88.05368      0.000    711  
  cop_0251_lp_s1    422.55651      0.000    146  
  cop_0252_lp_s1     85.89502      0.000    720  
  cop_0253_lp_s1    981.73910      0.000     41  
  cop_0254_lp_s1     65.59826      0.000    838  
  cop_0255_lp_s1     69.14917      0.000    803  
  cop_0256_lp_s1     66.37522      0.000    835  
  cop_0257_lp_s1    834.30477      0.000     75  
  cop_0258_lp_s1     95.46537      0.000    666  
  cop_0259_lp_s1    566.77059      0.000    138  
  cop_0260_lp_s1    126.55889      0.000    497  
  cop_0261_lp_s1    410.01459      0.000    185  
  cop_0262_lp_s1   1237.09418      0.000     46  
  cop_0263_lp_s1    209.25857      0.000    315  
  cop_0264_lp_s1    219.24719      0.000    312  
  cop_0265_lp_s1     83.40898      0.000    719  
  cop_0266_lp_s1    261.19298      0.000    260  
  cop_0267_lp_s1     68.52317      0.000    840  
  cop_0268_lp_s1    147.16645      0.000    471  
  cop_0269_lp_s1     52.78074      0.004    965  
  cop_0270_lp_s1    487.64672      0.000    130  
  cop_0271_lp_s1    419.77673      0.000    169  
  cop_0272_lp_s1    171.25924      0.000    361  
  cop_0273_lp_s1    342.35567      0.000    194  
  cop_0274_lp_s1     60.06985      0.000    904  
  cop_0275_lp_s1    382.12330      0.000    203  
  cop_0276_lp_s1    531.44002      0.000    117  
  cop_0277_lp_s1     61.37672      0.000    887  
  cop_0278_lp_s1    469.83656      0.000    135  
  cop_0279_lp_s1    268.84137      0.000    271  
  cop_0280_lp_s1     95.51204      0.000    663  
  cop_0281_lp_s1     55.69228      0.000    937  
  cop_0282_lp_s1    136.11292      0.000    510  
  cop_0283_lp_s1    144.12063      0.000    478  
  cop_0284_lp_s1    118.94054      0.000    531  
  cop_0285_lp_s1     69.26555      0.000    831  
  cop_0286_lp_s1    141.82007      0.000    474  
  cop_0287_lp_s1    653.42017      0.000     92  
  cop_0288_lp_s1     78.82951      0.000    759  
  cop_0289_lp_s1     72.00955      0.000    807  
  cop_0290_lp_s1    211.98727      0.000    330  
  cop_0291_lp_s1    163.09229      0.000    428  
  cop_0292_lp_s1     84.54829      0.000    722  
  cop_0293_lp_s1    135.13564      0.000    532  
  cop_0294_lp_s1    116.02341      0.000    582  
  cop_0295_lp_s1    133.07899      0.000    499  
  cop_0296_lp_s1    115.14363      0.000    577  
  cop_0297_lp_s1    822.85160      0.000    100  
  cop_0298_lp_s1     69.69576      0.000    819  
  cop_0299_lp_s1     64.13146      0.000    867  
  cop_0300_lp_s1    575.47892      0.000    112  
  cop_0301_lp_s1    174.90725      0.000    393  
  cop_0302_lp_s1     97.83180      0.000    618  
  cop_0303_lp_s1    284.04640      0.000    273  
  cop_0304_lp_s1    700.50065      0.000    115  
  cop_0305_lp_s1    113.66843      0.000    561  
  cop_0306_lp_s1     65.52861      0.000    845  
  cop_0307_lp_s1    190.63086      0.000    407  
  cop_0308_lp_s1   3025.81234      0.000     16  
  cop_0309_lp_s1    149.74252      0.000    451  
  cop_0310_lp_s1    237.35773      0.000    301  
  cop_0311_lp_s1    199.46497      0.000    358  
  cop_0312_lp_s1     90.08752      0.000    699  
  cop_0313_lp_s1     73.91003      0.000    795  
  cop_0314_lp_s1     75.48717      0.000    774  
  cop_0315_lp_s1    223.11757      0.000    314  
  cop_0316_lp_s1     68.73945      0.000    828  
  cop_0317_lp_s1     56.12675      0.000    933  
  cop_0318_lp_s1    103.28023      0.000    616  
  cop_0319_lp_s1    123.61450      0.000    540  
  cop_0320_lp_s1     85.01724      0.000    726  
  cop_0321_lp_s1     61.16842      0.000    891  
  cop_0322_lp_s1    147.83535      0.000    479  
  cop_0323_lp_s1   2154.62670      0.000     14  
  cop_0324_lp_s1     96.37142      0.000    628  
  cop_0325_lp_s1    746.80306      0.000     53  
  cop_0326_lp_s1    287.93042      0.000    230  
  cop_0327_lp_s1    206.34449      0.000    308  
  cop_0328_lp_s1    250.65142      0.000    237  
  cop_0329_lp_s1    784.84293      0.000     81  
  cop_0330_lp_s1    237.20256      0.000    291  
  cop_0331_lp_s1    169.14059      0.000    416  
  cop_0332_lp_s1    832.65413      0.000     85  
  cop_0333_lp_s1    498.49166      0.000    101  
  cop_0334_lp_s1     69.57529      0.000    811  
  cop_0335_lp_s1     56.09778      0.000    928  
  cop_0336_lp_s1    250.26367      0.000    253  
  cop_0337_lp_s1    126.99318      0.000    500  
  cop_0338_lp_s1     54.03233      0.000    955  
  cop_0339_lp_s1    145.24865      0.000    429  
  cop_0340_lp_s1    154.48878      0.000    457  
  cop_0341_lp_s1    167.35581      0.000    402  
  cop_0342_lp_s1    390.67490      0.000    166  
  cop_0343_lp_s1     64.96915      0.000    854  
  cop_0344_lp_s1    288.87632      0.000    227  
  cop_0345_lp_s1    313.76454      0.000    228  
  cop_0346_lp_s1     64.05504      0.000    858  
  cop_0347_lp_s1     55.29636      0.000    942  
  cop_0348_lp_s1    116.34271      0.000    571  
  cop_0349_lp_s1     87.67109      0.000    691  
  cop_0350_lp_s1     61.38340      0.000    884  
  cop_0351_lp_s1     75.93308      0.000    773  
  cop_0352_lp_s1    111.99992      0.000    585  
  cop_0353_lp_s1     70.05604      0.000    827  
  cop_0354_lp_s1    218.51159      0.000    286  
  cop_0355_lp_s1     91.63194      0.000    665  
  cop_0356_lp_s1     49.50316      0.378    993  yes
  cop_0357_lp_s1    145.91312      0.000    417  
  cop_0358_lp_s1    182.90534      0.000    382  
  cop_0359_lp_s1    317.12869      0.000    243  
  cop_0360_lp_s1    161.30441      0.000    431  
  cop_0361_lp_s1     55.11244      0.000    939  
  cop_0362_lp_s1   2571.75078      0.000     12  
  cop_0363_lp_s1    485.62494      0.000    132  
  cop_0364_lp_s1     83.53179      0.000    727  
  cop_0365_lp_s1    300.94404      0.000    239  
  cop_0366_lp_s1   1197.59104      0.000     44  
  cop_0367_lp_s1     66.85531      0.000    841  
  cop_0368_lp_s1     51.35089      0.054    982  yes
  cop_0369_lp_s1     77.81427      0.000    749  
  cop_0370_lp_s1    476.05924      0.000    122  
  cop_0371_lp_s1     86.49055      0.000    695  
  cop_0372_lp_s1    127.39635      0.000    522  
  cop_0373_lp_s1     89.70371      0.000    689  
  cop_0374_lp_s1     53.63158      0.000    960  
  cop_0375_lp_s1   1574.01666      0.000      5  
  cop_0376_lp_s1    253.00026      0.000    284  
  cop_0377_lp_s1     98.44872      0.000    654  
  cop_0378_lp_s1    100.31777      0.000    626  
  cop_0379_lp_s1    341.63892      0.000    214  
  cop_0380_lp_s1    315.65682      0.000    251  
  cop_0381_lp_s1    826.08929      0.000     61  
  cop_0382_lp_s1     93.08623      0.000    692  
  cop_0383_lp_s1    147.76231      0.000    450  
  cop_0384_lp_s1    103.56784      0.000    597  
  cop_0385_lp_s1    264.47335      0.000    275  
  cop_0386_lp_s1    134.83240      0.000    493  
  cop_0387_lp_s1    797.19012      0.000     67  
  cop_0388_lp_s1   2087.46175      0.000     35  
  cop_0389_lp_s1    188.17625      0.000    373  
  cop_0390_lp_s1     56.42857      0.000    923  
  cop_0391_lp_s1    704.71303      0.000    107  
  cop_0392_lp_s1    243.71079      0.000    263  
  cop_0393_lp_s1    663.29786      0.000     88  
  cop_0394_lp_s1    169.84793      0.000    433  
  cop_0395_lp_s1    159.48099      0.000    438  
  cop_0396_lp_s1     60.02527      0.000    890  
  cop_0397_lp_s1     60.74178      0.000    892  
  cop_0398_lp_s1     88.93699      0.000    672  
  cop_0399_lp_s1     52.56292      0.004    966  
  cop_0400_lp_s1    124.48079      0.000    509  
  cop_0401_lp_s1    155.30974      0.000    409  
  cop_0402_lp_s1   1327.83285      0.000     42  
  cop_0403_lp_s1     95.61528      0.000    664  
  cop_0404_lp_s1    137.93610      0.000    503  
  cop_0405_lp_s1    195.70801      0.000    353  
  cop_0406_lp_s1    686.13741      0.000     95  
  cop_0407_lp_s1     92.06160      0.000    687  
  cop_0408_lp_s1     89.57981      0.000    703  
  cop_0409_lp_s1    215.36495      0.000    366  
  cop_0410_lp_s1     51.00089      0.054    984  yes
  cop_0411_lp_s1   1616.17225      0.000     18  
  cop_0412_lp_s1    402.02406      0.000    157  
  cop_0413_lp_s1     78.02947      0.000    758  
  cop_0414_lp_s1    748.24834      0.000     87  
  cop_0415_lp_s1    139.49274      0.000    484  
  cop_0416_lp_s1    125.80098      0.000    528  
  cop_0417_lp_s1    209.33095      0.000    395  
  cop_0418_lp_s1    211.35183      0.000    342  
  cop_0419_lp_s1    231.97756      0.000    319  
  cop_0420_lp_s1    139.95455      0.000    476  
  cop_0421_lp_s1    395.53128      0.000    179  
  cop_0422_lp_s1     55.97189      0.000    934  
  cop_0423_lp_s1     79.03952      0.000    748  
  cop_0424_lp_s1     59.00008      0.000    908  
  cop_0425_lp_s1    501.74280      0.000    129  
  cop_0426_lp_s1     53.16977      0.000    961  
  cop_0427_lp_s1    396.58422      0.000    210  
  cop_0428_lp_s1     57.78505      0.000    917  
  cop_0429_lp_s1     56.39151      0.000    927  
  cop_0430_lp_s1    354.29568      0.000    188  
  cop_0431_lp_s1     98.58902      0.000    627  
  cop_0432_lp_s1    112.47559      0.000    573  
  cop_0433_lp_s1    154.87537      0.000    445  
  cop_0434_lp_s1    116.96911      0.000    562  
  cop_0435_lp_s1     54.32837      0.000    951  
  cop_0436_lp_s1    113.02903      0.000    549  
  cop_0437_lp_s1     53.17509      0.000    963  
  cop_0438_lp_s1    100.45321      0.000    587  
  cop_0439_lp_s1    112.20154      0.000    578  
  cop_0440_lp_s1     66.56944      0.000    836  
  cop_0441_lp_s1     96.59464      0.000    645  
  cop_0442_lp_s1    118.19045      0.000    517  
  cop_0443_lp_s1    247.72954      0.000    305  
  cop_0444_lp_s1     56.05964      0.000    925  
  cop_0445_lp_s1    224.45214      0.000    274  
  cop_0446_lp_s1    149.65975      0.000    455  
  cop_0447_lp_s1    194.86342      0.000    339  
  cop_0448_lp_s1    268.91336      0.000    270  
  cop_0449_lp_s1    404.30155      0.000    197  
  cop_0450_lp_s1     72.85117      0.000    801  
  cop_0451_lp_s1    103.66538      0.000    583  
  cop_0452_lp_s1    340.89646      0.000    199  
  cop_0453_lp_s1    126.58298      0.000    545  
  cop_0454_lp_s1    210.15252      0.000    332  
  cop_0455_lp_s1    319.93146      0.000    211  
  cop_0456_lp_s1    279.88085      0.000    201  
  cop_0457_lp_s1     63.30107      0.000    866  
  cop_0458_lp_s1     75.14800      0.000    772  
  cop_0459_lp_s1    131.97452      0.000    523  
  cop_0460_lp_s1     69.96177      0.000    813  
  cop_0461_lp_s1   1527.33383      0.000     60  
  cop_0462_lp_s1    146.67534      0.000    480  
  cop_0463_lp_s1     88.94135      0.000    681  
  cop_0464_lp_s1     73.41287      0.000    776  
  cop_0465_lp_s1    126.25969      0.000    548  
  cop_0466_lp_s1     78.37111      0.000    765  
  cop_0467_lp_s1    105.29430      0.000    594  
  cop_0468_lp_s1    428.18869      0.000    142  
  cop_0469_lp_s1     65.92784      0.000    847  
  cop_0470_lp_s1    168.03369      0.000    426  
  cop_0471_lp_s1    333.69007      0.000    192  
  cop_0472_lp_s1    113.90808      0.000    565  
  cop_0473_lp_s1    311.12008      0.000    189  
  cop_0474_lp_s1     84.04598      0.000    731  
  cop_0475_lp_s1    304.88705      0.000    219  
  cop_0476_lp_s1    188.79401      0.000    394  
  cop_0477_lp_s1     97.31718      0.000    634  
  cop_0478_lp_s1     52.38873      0.005    971  
  cop_0479_lp_s1     70.49414      0.000    816  
  cop_0480_lp_s1     59.72630      0.000    898  
  cop_0481_lp_s1     54.24008      0.000    958  
  cop_0482_lp_s1     76.81401      0.000    756  
  cop_0483_lp_s1    187.95052      0.000    378  
  cop_0484_lp_s1    324.95075      0.000    190  
  cop_0485_lp_s1    121.39814      0.000    537  
  cop_0486_lp_s1    385.85861      0.000    181  
  cop_0487_lp_s1    323.52545      0.000    204  
  cop_0488_lp_s1    168.31504      0.000    399  
  cop_0489_lp_s1     92.38366      0.000    682  
  cop_0490_lp_s1    145.46072      0.000    465  
  cop_0491_lp_s1    277.03443      0.000    244  
  cop_0492_lp_s1     98.65499      0.000    632  
  cop_0493_lp_s1    190.77884      0.000    383  
  cop_0494_lp_s1     61.09369      0.000    894  
  cop_0495_lp_s1    123.71046      0.000    556  
  cop_0496_lp_s1    214.86672      0.000    355  
  cop_0497_lp_s1     81.88104      0.000    728  
  cop_0498_lp_s1     88.96524      0.000    700  
  cop_0499_lp_s1    252.91496      0.000    252  
  cop_0500_lp_s1     73.96902      0.000    791  
  cop_0501_lp_s1     66.67454      0.000    842  
  cop_0502_lp_s1     98.96490      0.000    642  
  cop_0503_lp_s1     52.87844      0.004    967  
  cop_0504_lp_s1    157.87742      0.000    444  
  cop_0505_lp_s1    488.43381      0.000    150  
  cop_0506_lp_s1     86.25739      0.000    707  
  cop_0507_lp_s1    107.73732      0.000    574  
  cop_0508_lp_s1    969.31819      0.000     33  
  cop_0509_lp_s1     63.60789      0.000    860  
  cop_0510_lp_s1     69.99930      0.000    824  
  cop_0511_lp_s1   1207.38050      0.000     17  
  cop_0512_lp_s1    301.88351      0.000    254  
  cop_0513_lp_s1     65.81116      0.000    853  
  cop_0514_lp_s1     99.68878      0.000    629  
  cop_0515_lp_s1    492.73767      0.000    147  
  cop_0516_lp_s1     69.09113      0.000    826  
  cop_0517_lp_s1    278.38293      0.000    292  
  cop_0518_lp_s1     56.56807      0.000    924  
  cop_0519_lp_s1     56.60167      0.000    926  
  cop_0520_lp_s1     73.23425      0.000    798  
  cop_0521_lp_s1    478.06936      0.000    143  
  cop_0522_lp_s1    102.50115      0.000    612  
  cop_0523_lp_s1     79.76014      0.000    741  
  cop_0524_lp_s1    191.87510      0.000    376  
  cop_0525_lp_s1     59.15114      0.000    900  
  cop_0526_lp_s1     51.88614      0.021    974  
  cop_0527_lp_s1     56.15277      0.000    931  
  cop_0528_lp_s1    671.28163      0.000     72  
  cop_0529_lp_s1     66.09784      0.000    850  
  cop_0530_lp_s1     74.40558      0.000    778  
  cop_0531_lp_s1    104.19481      0.000    592  
  cop_0532_lp_s1    366.40624      0.000    187  
  cop_0533_lp_s1     58.33395      0.000    909  
  cop_0534_lp_s1     50.32839      0.181    989  yes
  cop_0535_lp_s1    355.00833      0.000    171  
  cop_0536_lp_s1     85.06344      0.000    705  
  cop_0537_lp_s1    141.18333      0.000    461  
  cop_0538_lp_s1     57.11452      0.000    922  
  cop_0539_lp_s1    222.18763      0.000    298  
  cop_0540_lp_s1     75.93349      0.000    769  
  cop_0541_lp_s1    104.58351      0.000    575  
  cop_0542_lp_s1    100.75258      0.000    635  
  cop_0543_lp_s1     79.22055      0.000    742  
  cop_0544_lp_s1     61.84671      0.000    876  
  cop_0545_lp_s1    135.62636      0.000    459  
  cop_0546_lp_s1    210.08449      0.000    386  
  cop_0547_lp_s1    170.10284      0.000    404  
  cop_0548_lp_s1   1279.65616      0.000     25  
  cop_0549_lp_s1    568.39351      0.000     79  
  cop_0550_lp_s1    300.28199      0.000    198  
  cop_0551_lp_s1    277.03111      0.000    245  
  cop_0552_lp_s1     49.26771      0.448    996  yes
  cop_0553_lp_s1    118.38415      0.000    550  
  cop_0554_lp_s1     73.92374      0.000    800  
  cop_0555_lp_s1    217.79754      0.000    322  
  cop_0556_lp_s1    135.72035      0.000    463  
  cop_0557_lp_s1    147.55072      0.000    452  
  cop_0558_lp_s1   1083.43594      0.000     45  
  cop_0559_lp_s1     83.90912      0.000    725  
  cop_0560_lp_s1    303.81190      0.000    207  
  cop_0561_lp_s1     61.63418      0.000    882  
  cop_0562_lp_s1   2528.09883      0.000     23  
  cop_0563_lp_s1    249.92282      0.000    288  
  cop_0564_lp_s1     89.12409      0.000    677  
  cop_0565_lp_s1    440.48631      0.000    178  
  cop_0566_lp_s1     96.17261      0.000    651  
  cop_0567_lp_s1    609.75246      0.000    104  
  cop_0568_lp_s1    159.35370      0.000    439  
  cop_0569_lp_s1     87.16123      0.000    693  
  cop_0570_lp_s1     58.43571      0.000    915  
  cop_0571_lp_s1     76.39947      0.000    766  
  cop_0572_lp_s1    550.11432      0.000    124  
  cop_0573_lp_s1    199.27404      0.000    346  
  cop_0574_lp_s1     74.03350      0.000    783  
  cop_0575_lp_s1    236.72204      0.000    290  
  cop_0576_lp_s1    225.34270      0.000    297  
  cop_0577_lp_s1     51.86122      0.021    976  
  cop_0578_lp_s1    101.86045      0.000    601  
  cop_0579_lp_s1    699.63867      0.000     52  
  cop_0580_lp_s1    148.35146      0.000    470  
  cop_0581_lp_s1     81.99951      0.000    739  
  cop_0582_lp_s1    516.98842      0.000    128  
  cop_0583_lp_s1    206.55485      0.000    340  
  cop_0584_lp_s1    672.01165      0.000     71  
  cop_0585_lp_s1    125.14274      0.000    543  
  cop_0586_lp_s1    169.05113      0.000    385  
  cop_0587_lp_s1     90.20050      0.000    685  
  cop_0588_lp_s1    390.79300      0.000    164  
  cop_0589_lp_s1    134.79954      0.000    498  
  cop_0590_lp_s1    418.87191      0.000    152  
  cop_0591_lp_s1    922.82850      0.000     58  
  cop_0592_lp_s1    186.00973      0.000    370  
  cop_0593_lp_s1     49.07504      0.448    997  yes
  cop_0594_lp_s1     62.37590      0.000    873  
  cop_0595_lp_s1    152.54389      0.000    475  
  cop_0596_lp_s1     65.62980      0.000    848  
  cop_0597_lp_s1    122.26960      0.000    534  
  cop_0598_lp_s1     66.30869      0.000    844  
  cop_0599_lp_s1    185.11614      0.000    368  
  cop_0600_lp_s1     87.32965      0.000    712  
  cop_0601_lp_s1    110.24228      0.000    588  
  cop_0602_lp_s1    295.69493      0.000    250  
  cop_0603_lp_s1    543.83064      0.000    120  
  cop_0604_lp_s1     54.40572      0.000    947  
  cop_0605_lp_s1    337.40094      0.000    154  
  cop_0606_lp_s1    120.10948      0.000    544  
  cop_0607_lp_s1    387.87155      0.000    177  
  cop_0608_lp_s1   1081.51987      0.000     55  
  cop_0609_lp_s1    189.09601      0.000    362  
  cop_0610_lp_s1    213.66871      0.000    304  
  cop_0611_lp_s1    182.68877      0.000    381  
  cop_0612_lp_s1    484.79098      0.000    173  
  cop_0613_lp_s1    293.95461      0.000    259  
  cop_0614_lp_s1    223.20891      0.000    287  
  cop_0615_lp_s1     95.91353      0.000    610  
  cop_0616_lp_s1    153.54826      0.000    467  
  cop_0617_lp_s1    196.77688      0.000    345  
  cop_0618_lp_s1    211.33213      0.000    333  
  cop_0619_lp_s1    289.84536      0.000    256  
  cop_0620_lp_s1    121.73642      0.000    551  
  cop_0621_lp_s1    265.52404      0.000    267  
  cop_0622_lp_s1     54.12114      0.000    959  
  cop_0623_lp_s1    184.71877      0.000    360  
  cop_0624_lp_s1     73.33223      0.000    781  
  cop_0625_lp_s1    127.03660      0.000    502  
  cop_0626_lp_s1   1022.05362      0.000     48  
  cop_0627_lp_s1    178.91736      0.000    359  
  cop_0628_lp_s1     60.63859      0.000    897  
  cop_0629_lp_s1     63.24278      0.000    869  
  cop_0630_lp_s1    161.81439      0.000    432  
  cop_0631_lp_s1     61.19805      0.000    888  
  cop_0632_lp_s1    373.03073      0.000    158  
  cop_0633_lp_s1    102.49752      0.000    598  
  cop_0634_lp_s1     73.40739      0.000    784  
  cop_0635_lp_s1     68.50787      0.000    834  
  cop_0636_lp_s1    134.58827      0.000    505  
  cop_0637_lp_s1    792.69220      0.000     65  
  cop_0638_lp_s1    114.95271      0.000    570  
  cop_0639_lp_s1    139.90030      0.000    515  
  cop_0640_lp_s1    133.42160      0.000    538  
  cop_0641_lp_s1    175.94003      0.000    406  
  cop_0642_lp_s1     75.02104      0.000    777  
  cop_0643_lp_s1    148.29002      0.000    456  
  cop_0644_lp_s1    193.62408      0.000    354  
  cop_0645_lp_s1    178.09764      0.000    410  
  cop_0646_lp_s1    160.26424      0.000    419  
  cop_0647_lp_s1    107.53377      0.000    595  
  cop_0648_lp_s1    392.76895      0.000    175  
  cop_0649_lp_s1    139.02700      0.000    490  
  cop_0650_lp_s1     89.97113      0.000    688  
  cop_0651_lp_s1    126.88793      0.000    527  
  cop_0652_lp_s1     55.07662      0.000    940  
  cop_0653_lp_s1    119.21352      0.000    560  
  cop_0654_lp_s1     49.92625      0.244    991  yes
  cop_0655_lp_s1    244.94734      0.000    285  
  cop_0656_lp_s1    953.39986      0.000     91  
  cop_0657_lp_s1   1923.74867      0.000     22  
  cop_0658_lp_s1    222.51418      0.000    318  
  cop_0659_lp_s1    202.68381      0.000    348  
  cop_0660_lp_s1     60.98782      0.000    896  
  cop_0661_lp_s1     55.25602      0.000    938  
  cop_0662_lp_s1    232.95845      0.000    325  
  cop_0663_lp_s1    367.72219      0.000    167  
  cop_0664_lp_s1     74.59699      0.000    780  
  cop_0665_lp_s1     50.52670      0.090    987  yes
  cop_0666_lp_s1     97.26920      0.000    622  
  cop_0667_lp_s1     89.58169      0.000    690  
  cop_0668_lp_s1    126.20017      0.000    492  
  cop_0669_lp_s1    467.79830      0.000    155  
  cop_0670_lp_s1   3773.86594      0.000      3  
  cop_0671_lp_s1    156.49921      0.000    436  
  cop_0672_lp_s1    111.99527      0.000    579  
  cop_0673_lp_s1    130.30047      0.000    529  
  cop_0674_lp_s1    188.43183      0.000    321  
  cop_0675_lp_s1    378.30832      0.000    161  
  cop_0676_lp_s1    199.06545      0.000    324  
  cop_0677_lp_s1    316.59322      0.000    231  
  cop_0678_lp_s1    601.57794      0.000    127  
  cop_0679_lp_s1   3803.88777      0.000      2  
  cop_0680_lp_s1    277.78563      0.000    279  
  cop_0681_lp_s1    468.23601      0.000    163  
  cop_0682_lp_s1    132.50669      0.000    539  
  cop_0683_lp_s1     71.63278      0.000    806  
  cop_0684_lp_s1     60.10482      0.000    895  
  cop_0685_lp_s1     61.94397      0.000    883  
  cop_0686_lp_s1     54.89009      0.000    945  
  cop_0687_lp_s1    487.83610      0.000    156  
  cop_0688_lp_s1     89.99237      0.000    649  
  cop_0689_lp_s1     62.54166      0.000    879  
  cop_0690_lp_s1   1866.52283      0.000      9  
  cop_0691_lp_s1     54.57201      0.000    950  
  cop_0692_lp_s1     68.06700      0.000    812  
  cop_0693_lp_s1    186.26601      0.000    391  
  cop_0694_lp_s1     80.29551      0.000    754  
  cop_0695_lp_s1    155.10447      0.000    408  
  cop_0696_lp_s1     55.85335      0.000    929  
  cop_0697_lp_s1     77.01026      0.000    750  
  cop_0698_lp_s1    126.44188      0.000    518  
  cop_0699_lp_s1    285.89040      0.000    236  
  cop_0700_lp_s1   1057.47920      0.000     51  
  cop_0701_lp_s1    187.28481      0.000    352  
  cop_0702_lp_s1     64.23394      0.000    862  
  cop_0703_lp_s1    115.71572      0.000    559  
  cop_0704_lp_s1   2507.58582      0.000     27  
  cop_0705_lp_s1     72.07745      0.000    792  
  cop_0706_lp_s1     92.91970      0.000    675  
  cop_0707_lp_s1     57.50059      0.000    918  
  cop_0708_lp_s1     51.76812      0.021    977  
  cop_0709_lp_s1    305.04966      0.000    233  
  cop_0710_lp_s1    312.87215      0.000    213  
  cop_0711_lp_s1     68.09858      0.000    823  
  cop_0712_lp_s1    137.68191      0.000    472  
  cop_0713_lp_s1    195.22548      0.000    369  
  cop_0714_lp_s1    217.74445      0.000    329  
  cop_0715_lp_s1     49.98553      0.244    990  yes
  cop_0716_lp_s1    226.85931      0.000    307  
  cop_0717_lp_s1     52.64307      0.004    968  
  cop_0718_lp_s1    917.22260      0.000     74  
  cop_0719_lp_s1     98.80801      0.000    615  
  cop_0720_lp_s1     54.36541      0.000    952  
  cop_0721_lp_s1    317.44920      0.000    205  
  cop_0722_lp_s1    345.98833      0.000    183  
  cop_0723_lp_s1     97.75048      0.000    653  
  cop_0724_lp_s1    412.65365      0.000    165  
  cop_0725_lp_s1     95.45861      0.000    657  
  cop_0726_lp_s1    182.93993      0.000    350  
  cop_0727_lp_s1     91.05544      0.000    674  
  cop_0728_lp_s1    175.02030      0.000    405  
  cop_0729_lp_s1    119.55866      0.000    563  
  cop_0730_lp_s1    138.95743      0.000    494  
  cop_0731_lp_s1    102.80471      0.000    604  
  cop_0732_lp_s1    258.61014      0.000    255  
  cop_0733_lp_s1    136.27061      0.000    489  
  cop_0734_lp_s1    243.80274      0.000    293  
  cop_0735_lp_s1     58.97938      0.000    907  
  cop_0736_lp_s1     76.06372      0.000    763  
  cop_0737_lp_s1    357.80229      0.000    215  
  cop_0738_lp_s1     58.82322      0.000    910  
  cop_0739_lp_s1   1772.09126      0.000     39  
  cop_0740_lp_s1     53.89925      0.000    956  
  cop_0741_lp_s1    128.07230      0.000    507  
  cop_0742_lp_s1     60.00540      0.000    901  
  cop_0743_lp_s1    100.73967      0.000    624  
  cop_0744_lp_s1    358.00388      0.000    193  
  cop_0745_lp_s1    892.80827      0.000    106  
  cop_0746_lp_s1    643.67691      0.000    136  
  cop_0747_lp_s1    276.92621      0.000    242  
  cop_0748_lp_s1     71.96124      0.000    805  
  cop_0749_lp_s1     95.17216      0.000    647  
  cop_0750_lp_s1     67.45976      0.000    832  
  cop_0751_lp_s1     51.04877      0.054    985  yes
  cop_0752_lp_s1   1252.05364      0.000     43  
  cop_0753_lp_s1    149.20785      0.000    462  
  cop_0754_lp_s1    331.60435      0.000    238  
  cop_0755_lp_s1    138.74848      0.000    483  
  cop_0756_lp_s1     55.82926      0.000    935  
  cop_0757_lp_s1     58.36669      0.000    914  
  cop_0758_lp_s1    146.77557      0.000    481  
  cop_0759_lp_s1    128.10444      0.000    521  
  cop_0760_lp_s1    220.57133      0.000    344  
  cop_0761_lp_s1    163.46570      0.000    421  
  cop_0762_lp_s1    118.96831      0.000    557  
  cop_0763_lp_s1     63.55886      0.000    863  
  cop_0764_lp_s1     64.10842      0.000    865  
  cop_0765_lp_s1     90.45353      0.000    667  
  cop_0766_lp_s1     75.64515      0.000    779  
  cop_0767_lp_s1    509.29080      0.000    153  
  cop_0768_lp_s1  10434.88923      0.000      6  
  cop_0769_lp_s1    171.72101      0.000    384  
  cop_0770_lp_s1    162.89599      0.000    434  
  cop_0771_lp_s1    180.12869      0.000    371  
  cop_0772_lp_s1     74.88553      0.000    782  
  cop_0773_lp_s1     54.72417      0.000    948  
  cop_0774_lp_s1     52.53592      0.004    969  
  cop_0775_lp_s1    121.01439      0.000    536  
  cop_0776_lp_s1     90.95179      0.000    646  
  cop_0777_lp_s1     55.07191      0.000    944  
  cop_0778_lp_s1     64.92647      0.000    855  
  cop_0779_lp_s1    116.86268      0.000    566  
  cop_0780_lp_s1     75.43184      0.000    760  
  cop_0781_lp_s1    549.44033      0.000    125  
  cop_0782_lp_s1     72.70658      0.000    786  
  cop_0783_lp_s1   1827.21559      0.000     56  
  cop_0784_lp_s1     58.42640      0.000    916  
  cop_0785_lp_s1    806.95278      0.000     70  
  cop_0786_lp_s1    250.76127      0.000    262  
  cop_0787_lp_s1   1269.86164      0.000     19  
  cop_0788_lp_s1    290.25265      0.000    268  
  cop_0789_lp_s1    286.31742      0.000    277  
  cop_0790_lp_s1    142.05274      0.000    482  
  cop_0791_lp_s1    129.84270      0.000    501  
  cop_0792_lp_s1   1037.44735      0.000     49  
  cop_0793_lp_s1     69.55790      0.000    829  
  cop_0794_lp_s1     83.05905      0.000    736  
  cop_0795_lp_s1    138.85953      0.000    514  
  cop_0796_lp_s1     62.32409      0.000    872  
  cop_0797_lp_s1    113.64983      0.000    581  
  cop_0798_lp_s1     92.03064      0.000    659  
  cop_0799_lp_s1   1117.84911      0.000     80  
  cop_0800_lp_s1    108.15849      0.000    568  
  cop_0801_lp_s1     52.09355      0.004    970  
  cop_0802_lp_s1    119.56683      0.000    535  
  cop_0803_lp_s1     84.26584      0.000    732  
  cop_0804_lp_s1    202.23302      0.000    326  
  cop_0805_lp_s1    156.12994      0.000    430  
  cop_0806_lp_s1     85.74939      0.000    706  
  cop_0807_lp_s1    361.42038      0.000    184  
  cop_0808_lp_s1    218.24304      0.000    317  
  cop_0809_lp_s1    991.86149      0.000     47  
  cop_0810_lp_s1    972.32224      0.000     89  
  cop_0811_lp_s1    593.41900      0.000    126  
  cop_0812_lp_s1    272.17821      0.000    224  
  cop_0813_lp_s1    203.36230      0.000    303  
  cop_0814_lp_s1    104.62982      0.000    619  
  cop_0815_lp_s1     86.53627      0.000    708  
  cop_0816_lp_s1    954.55714      0.000     57  
  cop_0817_lp_s1    174.88042      0.000    372  
  cop_0818_lp_s1    184.68162      0.000    363  
  cop_0819_lp_s1    158.94184      0.000    424  
  cop_0820_lp_s1     63.45014      0.000    871  
  cop_0821_lp_s1     69.76132      0.000    820  
  cop_0822_lp_s1    334.82388      0.000    209  
  cop_0823_lp_s1   1103.57939      0.000     36  
  cop_0824_lp_s1     53.14769      0.000    962  
  cop_0825_lp_s1     80.60008      0.000    747  
  cop_0826_lp_s1     55.55554      0.000    936  
  cop_0827_lp_s1     64.62630      0.000    851  
  cop_0828_lp_s1    268.88432      0.000    257  
  cop_0829_lp_s1    163.83603      0.000    397  
  cop_0830_lp_s1    764.53335      0.000    111  
  cop_0831_lp_s1    130.62718      0.000    520  
  cop_0832_lp_s1     51.32124      0.054    980  yes
  cop_0833_lp_s1    895.26297      0.000     73  
  cop_0834_lp_s1     80.80402      0.000    737  
  cop_0835_lp_s1    201.48522      0.000    327  
  cop_0836_lp_s1    354.25878      0.000    212  
  cop_0837_lp_s1    211.67152      0.000    309  
  cop_0838_lp_s1     87.59573      0.000    710  
  cop_0839_lp_s1    418.98493      0.000    176  
  cop_0840_lp_s1    125.96517      0.000    530  
  cop_0841_lp_s1     60.17988      0.000    899  
  cop_0842_lp_s1    438.03780      0.000    140  
  cop_0843_lp_s1     98.58521      0.000    602  
  cop_0844_lp_s1     99.78786      0.000    637  
  cop_0845_lp_s1    610.44692      0.000     93  
  cop_0846_lp_s1    627.37161      0.000     97  
  cop_0847_lp_s1    298.47269      0.000    240  
  cop_0848_lp_s1     82.54999      0.000    733  
  cop_0849_lp_s1     63.08286      0.000    868  
  cop_0850_lp_s1     92.15708      0.000    680  
  cop_0851_lp_s1    290.53509      0.000    249  
  cop_0852_lp_s1     62.71226      0.000    877  
  cop_0853_lp_s1     81.50333      0.000    738  
  cop_0854_lp_s1     65.04898      0.000    852  
  cop_0855_lp_s1    110.84723      0.000    554  
  cop_0856_lp_s1    289.22209      0.000    226  
  cop_0857_lp_s1     84.61362      0.000    709  
  cop_0858_lp_s1     94.80228      0.000    648  
  cop_0859_lp_s1     57.70712      0.000    921  
  cop_0860_lp_s1    755.36268      0.000     86  
  cop_0861_lp_s1    154.03358      0.000    412  
  cop_0862_lp_s1     65.44758      0.000    859  
  cop_0863_lp_s1     71.56173      0.000    796  
  cop_0864_lp_s1     96.02695      0.000    633  
  cop_0865_lp_s1    313.79236      0.000    217  
  cop_0866_lp_s1    106.96923      0.000    600  
  cop_0867_lp_s1     67.51862      0.000    825  
  cop_0868_lp_s1    628.46744      0.000    116  
  cop_0869_lp_s1    228.08391      0.000    299  
  cop_0870_lp_s1   2383.69426      0.000     13  
  cop_0871_lp_s1     61.90722      0.000    886  
  cop_0872_lp_s1    122.38061      0.000    526  
  cop_0873_lp_s1    183.89902      0.000    379  
  cop_0874_lp_s1     69.78267      0.000    809  
  cop_0875_lp_s1    103.01244      0.000    591  
  cop_0876_lp_s1     89.31959      0.000    702  
  cop_0877_lp_s1     92.82473      0.000    669  
  cop_0878_lp_s1     78.56383      0.000    762  
  cop_0879_lp_s1     97.98624      0.000    603  
  cop_0880_lp_s1     78.28337      0.000    761  
  cop_0881_lp_s1    117.90173      0.000    555  
  cop_0882_lp_s1     72.53982      0.000    804  
  cop_0883_lp_s1    423.91304      0.000    170  
  cop_0884_lp_s1     69.72347      0.000    814  
  cop_0885_lp_s1    258.32222      0.000    261  
  cop_0886_lp_s1     64.48816      0.000    849  
  cop_0887_lp_s1    265.10841      0.000    225  
  cop_0888_lp_s1    196.99870      0.000    331  
  cop_0889_lp_s1    114.62166      0.000    558  
  cop_0890_lp_s1    533.21324      0.000    103  
  cop_0891_lp_s1     96.17079      0.000    613  
  cop_0892_lp_s1    145.41218      0.000    460  
  cop_0893_lp_s1    104.84385      0.000    589  
  cop_0894_lp_s1    249.15432      0.000    296  
  cop_0895_lp_s1     96.76530      0.000    608  
  cop_0896_lp_s1     89.60499      0.000    678  
  cop_0897_lp_s1     54.40590      0.000    954  
  cop_0898_lp_s1     61.06047      0.000    889  
  cop_0899_lp_s1     61.43262      0.000    878  
  cop_0900_lp_s1    897.59537      0.000     69  
  cop_0901_lp_s1    124.88705      0.000    519  
  cop_0902_lp_s1     61.05520      0.000    880  
  cop_0903_lp_s1    219.03262      0.000    341  
  cop_0904_lp_s1     72.29883      0.000    799  
  cop_0905_lp_s1     48.92516      0.448    998  yes
  cop_0906_lp_s1     54.24647      0.000    957  
  cop_0907_lp_s1    436.45725      0.000    118  
  cop_0908_lp_s1    355.66384      0.000    247  
  cop_0909_lp_s1    209.63726      0.000    365  
  cop_0910_lp_s1    126.14706      0.000    552  
  cop_0911_lp_s1     82.79376      0.000    740  
  cop_0912_lp_s1    166.44067      0.000    427  
  cop_0913_lp_s1     61.55912      0.000    885  
  cop_0914_lp_s1     60.01719      0.000    902  
  cop_0915_lp_s1    180.92801      0.000    356  
  cop_0916_lp_s1    227.05068      0.000    316  
  cop_0917_lp_s1     51.46103      0.023    978  
  cop_0918_lp_s1    550.95802      0.000     78  
  cop_0919_lp_s1    876.43723      0.000     96  
  cop_0920_lp_s1    177.97673      0.000    418  
  cop_0921_lp_s1    169.30587      0.000    435  
  cop_0922_lp_s1    232.74670      0.000    295  
  cop_0923_lp_s1    111.27082      0.000    580  
  cop_0924_lp_s1   1526.20051      0.000     82  
  cop_0925_lp_s1    158.76479      0.000    441  
  cop_0926_lp_s1    734.85814      0.000     90  
  cop_0927_lp_s1    252.01924      0.000    294  
  cop_0928_lp_s1   2281.98382      0.000     15  
  cop_0929_lp_s1    552.32217      0.000    123  
  cop_0930_lp_s1    169.63825      0.000    390  
  cop_0931_lp_s1     51.14639      0.054    983  yes
  cop_0932_lp_s1    871.03290      0.000     63  
  cop_0933_lp_s1    289.68529      0.000    241  
  cop_0934_lp_s1    193.83825      0.000    349  
  cop_0935_lp_s1    243.90927      0.000    280  
  cop_0936_lp_s1    226.82917      0.000    302  
  cop_0937_lp_s1     68.46337      0.000    833  
  cop_0938_lp_s1    442.26167      0.000    151  
  cop_0939_lp_s1    141.78423      0.000    449  
  cop_0940_lp_s1    370.74709      0.000    144  
  cop_0941_lp_s1     89.38924      0.000    676  
  cop_0942_lp_s1    883.04650      0.000     54  
  cop_0943_lp_s1     59.90099      0.000    903  
  cop_0944_lp_s1    197.86568      0.000    374  
  cop_0945_lp_s1    384.09618      0.000    202  
  cop_0946_lp_s1    400.90746      0.000    174  
  cop_0947_lp_s1    301.35004      0.000    229  
  cop_0948_lp_s1     95.29373      0.000    679  
  cop_0949_lp_s1    379.66286      0.000    159  
  cop_0950_lp_s1     77.65127      0.000    755  
  cop_0951_lp_s1     73.37610      0.000    797  
  cop_0952_lp_s1     96.43810      0.000    668  
  cop_0953_lp_s1    161.74005      0.000    423  
  cop_0954_lp_s1    175.12515      0.000    375  
  cop_0955_lp_s1     95.25567      0.000    656  
  cop_0956_lp_s1    144.14106      0.000    453  
  cop_0957_lp_s1    273.98299      0.000    265  
  cop_0958_lp_s1   1366.99813      0.000     40  
  cop_0959_lp_s1    124.89221      0.000    513  
  cop_0960_lp_s1    176.78807      0.000    387  
  cop_0961_lp_s1    194.90120      0.000    400  
  cop_0962_lp_s1    102.36980      0.000    605  
  cop_0963_lp_s1    112.34713      0.000    569  
  cop_0964_lp_s1     95.25319      0.000    655  
  cop_0965_lp_s1    618.73027      0.000    109  
  cop_0966_lp_s1    450.50605      0.000    121  
  cop_0967_lp_s1    684.64567      0.000     66  
  cop_0968_lp_s1     80.22021      0.000    745  
  cop_0969_lp_s1     65.96129      0.000    843  
  cop_0970_lp_s1     50.32494      0.092    988  yes
  cop_0971_lp_s1     54.69006      0.000    943  
  cop_0972_lp_s1     63.46814      0.000    861  
  cop_0973_lp_s1    156.21359      0.000    458  
  cop_0974_lp_s1    117.50953      0.000    567  
  cop_0975_lp_s1    232.79245      0.000    283  
  cop_0976_lp_s1    161.85493      0.000    454  
  cop_0977_lp_s1    658.57165      0.000     64  
  cop_0978_lp_s1    102.04114      0.000    606  
  cop_0979_lp_s1     91.99299      0.000    671  
  cop_0980_lp_s1    673.57831      0.000     99  
  cop_0981_lp_s1    318.11555      0.000    200  
  cop_0982_lp_s1     95.89200      0.000    662  
  cop_0983_lp_s1    220.72031      0.000    311  
  cop_0984_lp_s1    372.05610      0.000    160  
  cop_0985_lp_s1    174.86808      0.000    414  
  cop_0986_lp_s1     88.12817      0.000    714  
  cop_0987_lp_s1    204.80282      0.000    357  
  cop_0988_lp_s1    122.70777      0.000    512  
  cop_0989_lp_s1    546.84936      0.000    137  
  cop_0990_lp_s1    351.66634      0.000    196  
  cop_0991_lp_s1    135.13900      0.000    469  
  cop_0992_lp_s1    290.07868      0.000    234  
  cop_0993_lp_s1    188.21129      0.000    347  
  cop_0994_lp_s1     73.87527      0.000    788  
  cop_0995_lp_s1     79.96789      0.000    752  
  cop_0996_lp_s1     84.65724      0.000    717  
  cop_0997_lp_s1    289.54841      0.000    222  
  cop_0998_lp_s1     91.33078      0.000    684  
  cop_0999_lp_s1    108.82787      0.000    599  
  cop_1000_lp_s1     96.93007      0.000    621  
  eliminated, worst first: cop_0086_lp_s1 cop_0679_lp_s1 cop_0670_lp_s1 cop_0184_lp_s1 cop_0375_lp_s1 cop_0768_lp_s1 cop_0080_lp_s1 cop_0214_lp_s1 cop_0690_lp_s1 cop_0058_lp_s1 cop_0212_lp_s1 cop_0362_lp_s1 cop_0870_lp_s1 cop_0323_lp_s1 cop_0928_lp_s1 cop_0308_lp_s1 cop_0511_lp_s1 cop_0411_lp_s1 cop_0787_lp_s1 cop_0130_lp_s1 cop_0046_lp_s1 cop_0657_lp_s1 cop_0562_lp_s1 cop_0085_lp_s1 cop_0548_lp_s1 cop_0056_lp_s1 cop_0704_lp_s1 cop_0049_lp_s1 cop_0206_lp_s1 cop_0154_lp_s1 cop_0168_lp_s1 cop_0095_lp_s1 cop_0508_lp_s1 cop_0229_lp_s1 cop_0388_lp_s1 cop_0823_lp_s1 cop_0009_lp_s1 cop_0167_lp_s1 cop_0739_lp_s1 cop_0958_lp_s1 cop_0253_lp_s1 cop_0402_lp_s1 cop_0752_lp_s1 cop_0366_lp_s1 cop_0558_lp_s1 cop_0262_lp_s1 cop_0809_lp_s1 cop_0626_lp_s1 cop_0792_lp_s1 cop_0230_lp_s1 cop_0700_lp_s1 cop_0579_lp_s1 cop_0325_lp_s1 cop_0942_lp_s1 cop_0608_lp_s1 cop_0783_lp_s1 cop_0816_lp_s1 cop_0591_lp_s1 cop_0219_lp_s1 cop_0461_lp_s1 cop_0381_lp_s1 cop_0098_lp_s1 cop_0932_lp_s1 cop_0977_lp_s1 cop_0637_lp_s1 cop_0967_lp_s1 cop_0387_lp_s1 cop_0115_lp_s1 cop_0900_lp_s1 cop_0785_lp_s1 cop_0584_lp_s1 cop_0528_lp_s1 cop_0833_lp_s1 cop_0718_lp_s1 cop_0257_lp_s1 cop_0114_lp_s1 cop_0096_lp_s1 cop_0918_lp_s1 cop_0549_lp_s1 cop_0799_lp_s1 cop_0329_lp_s1 cop_0924_lp_s1 cop_0158_lp_s1 cop_0089_lp_s1 cop_0332_lp_s1 cop_0860_lp_s1 cop_0414_lp_s1 cop_0393_lp_s1 cop_0810_lp_s1 cop_0926_lp_s1 cop_0656_lp_s1 cop_0287_lp_s1 cop_0845_lp_s1 cop_0175_lp_s1 cop_0406_lp_s1 cop_0919_lp_s1 cop_0846_lp_s1 cop_0013_lp_s1 cop_0980_lp_s1 cop_0297_lp_s1 cop_0333_lp_s1 cop_0041_lp_s1 cop_0890_lp_s1 cop_0567_lp_s1 cop_0012_lp_s1 cop_0745_lp_s1 cop_0391_lp_s1 cop_0052_lp_s1 cop_0965_lp_s1 cop_0140_lp_s1 cop_0830_lp_s1 cop_0300_lp_s1 cop_0244_lp_s1 cop_0043_lp_s1 cop_0304_lp_s1 cop_0868_lp_s1 cop_0276_lp_s1 cop_0907_lp_s1 cop_0088_lp_s1 cop_0603_lp_s1 cop_0966_lp_s1 cop_0370_lp_s1 cop_0929_lp_s1 cop_0572_lp_s1 cop_0781_lp_s1 cop_0811_lp_s1 cop_0678_lp_s1 cop_0582_lp_s1 cop_0425_lp_s1 cop_0270_lp_s1 cop_0202_lp_s1 cop_0363_lp_s1 cop_0025_lp_s1 cop_0119_lp_s1 cop_0278_lp_s1 cop_0746_lp_s1 cop_0989_lp_s1 cop_0259_lp_s1 cop_0209_lp_s1 cop_0842_lp_s1 cop_0233_lp_s1 cop_0468_lp_s1 cop_0521_lp_s1 cop_0940_lp_s1 cop_0238_lp_s1 cop_0251_lp_s1 cop_0515_lp_s1 cop_0160_lp_s1 cop_0159_lp_s1 cop_0505_lp_s1 cop_0938_lp_s1 cop_0590_lp_s1 cop_0767_lp_s1 cop_0605_lp_s1 cop_0669_lp_s1 cop_0687_lp_s1 cop_0412_lp_s1 cop_0632_lp_s1 cop_0949_lp_s1 cop_0984_lp_s1 cop_0675_lp_s1 cop_0178_lp_s1 cop_0681_lp_s1 cop_0588_lp_s1 cop_0724_lp_s1 cop_0342_lp_s1 cop_0663_lp_s1 cop_0245_lp_s1 cop_0271_lp_s1 cop_0883_lp_s1 cop_0535_lp_s1 cop_0038_lp_s1 cop_0612_lp_s1 cop_0946_lp_s1 cop_0648_lp_s1 cop_0839_lp_s1 cop_0607_lp_s1 cop_0565_lp_s1 cop_0421_lp_s1 cop_0092_lp_s1 cop_0486_lp_s1 cop_0064_lp_s1 cop_0722_lp_s1 cop_0807_lp_s1 cop_0261_lp_s1 cop_0188_lp_s1 cop_0532_lp_s1 cop_0430_lp_s1 cop_0473_lp_s1 cop_0484_lp_s1 cop_0063_lp_s1 cop_0471_lp_s1 cop_0744_lp_s1 cop_0273_lp_s1 cop_0090_lp_s1 cop_0990_lp_s1 cop_0449_lp_s1 cop_0550_lp_s1 cop_0452_lp_s1 cop_0981_lp_s1 cop_0456_lp_s1 cop_0945_lp_s1 cop_0275_lp_s1 cop_0487_lp_s1 cop_0721_lp_s1 cop_0138_lp_s1 cop_0560_lp_s1 cop_0123_lp_s1 cop_0822_lp_s1 cop_0427_lp_s1 cop_0455_lp_s1 cop_0836_lp_s1 cop_0710_lp_s1 cop_0379_lp_s1 cop_0737_lp_s1 cop_0164_lp_s1 cop_0865_lp_s1 cop_0189_lp_s1 cop_0475_lp_s1 cop_0222_lp_s1 cop_0190_lp_s1 cop_0997_lp_s1 cop_0192_lp_s1 cop_0812_lp_s1 cop_0887_lp_s1 cop_0856_lp_s1 cop_0344_lp_s1 cop_0345_lp_s1 cop_0947_lp_s1 cop_0326_lp_s1 cop_0677_lp_s1 cop_0059_lp_s1 cop_0709_lp_s1 cop_0992_lp_s1 cop_0155_lp_s1 cop_0699_lp_s1 cop_0328_lp_s1 cop_0754_lp_s1 cop_0365_lp_s1 cop_0847_lp_s1 cop_0933_lp_s1 cop_0747_lp_s1 cop_0359_lp_s1 cop_0491_lp_s1 cop_0551_lp_s1 cop_0020_lp_s1 cop_0908_lp_s1 cop_0060_lp_s1 cop_0851_lp_s1 cop_0602_lp_s1 cop_0380_lp_s1 cop_0499_lp_s1 cop_0336_lp_s1 cop_0512_lp_s1 cop_0732_lp_s1 cop_0619_lp_s1 cop_0828_lp_s1 cop_0217_lp_s1 cop_0613_lp_s1 cop_0266_lp_s1 cop_0885_lp_s1 cop_0786_lp_s1 cop_0392_lp_s1 cop_0018_lp_s1 cop_0957_lp_s1 cop_0137_lp_s1 cop_0621_lp_s1 cop_0788_lp_s1 cop_0051_lp_s1 cop_0448_lp_s1 cop_0279_lp_s1 cop_0084_lp_s1 cop_0303_lp_s1 cop_0445_lp_s1 cop_0385_lp_s1 cop_0053_lp_s1 cop_0789_lp_s1 cop_0210_lp_s1 cop_0680_lp_s1 cop_0935_lp_s1 cop_0034_lp_s1 cop_0093_lp_s1 cop_0975_lp_s1 cop_0376_lp_s1 cop_0655_lp_s1 cop_0354_lp_s1 cop_0614_lp_s1 cop_0563_lp_s1 cop_0026_lp_s1 cop_0575_lp_s1 cop_0330_lp_s1 cop_0517_lp_s1 cop_0734_lp_s1 cop_0927_lp_s1 cop_0922_lp_s1 cop_0894_lp_s1 cop_0576_lp_s1 cop_0539_lp_s1 cop_0869_lp_s1 cop_0177_lp_s1 cop_0310_lp_s1 cop_0936_lp_s1 cop_0813_lp_s1 cop_0610_lp_s1 cop_0443_lp_s1 cop_0022_lp_s1 cop_0716_lp_s1 cop_0327_lp_s1 cop_0837_lp_s1 cop_0083_lp_s1 cop_0983_lp_s1 cop_0264_lp_s1 cop_0104_lp_s1 cop_0315_lp_s1 cop_0263_lp_s1 cop_0916_lp_s1 cop_0808_lp_s1 cop_0658_lp_s1 cop_0419_lp_s1 cop_0014_lp_s1 cop_0674_lp_s1 cop_0555_lp_s1 cop_0153_lp_s1 cop_0676_lp_s1 cop_0662_lp_s1 cop_0804_lp_s1 cop_0835_lp_s1 cop_0055_lp_s1 cop_0714_lp_s1 cop_0290_lp_s1 cop_0888_lp_s1 cop_0454_lp_s1 cop_0618_lp_s1 cop_0074_lp_s1 cop_0132_lp_s1 cop_0197_lp_s1 cop_0232_lp_s1 cop_0071_lp_s1 cop_0447_lp_s1 cop_0583_lp_s1 cop_0903_lp_s1 cop_0418_lp_s1 cop_0021_lp_s1 cop_0760_lp_s1 cop_0617_lp_s1 cop_0573_lp_s1 cop_0993_lp_s1 cop_0659_lp_s1 cop_0934_lp_s1 cop_0726_lp_s1 cop_0143_lp_s1 cop_0701_lp_s1 cop_0405_lp_s1 cop_0644_lp_s1 cop_0496_lp_s1 cop_0915_lp_s1 cop_0987_lp_s1 cop_0311_lp_s1 cop_0627_lp_s1 cop_0623_lp_s1 cop_0272_lp_s1 cop_0609_lp_s1 cop_0818_lp_s1 cop_0129_lp_s1 cop_0909_lp_s1 cop_0409_lp_s1 cop_0076_lp_s1 cop_0599_lp_s1 cop_0713_lp_s1 cop_0592_lp_s1 cop_0771_lp_s1 cop_0817_lp_s1 cop_0389_lp_s1 cop_0944_lp_s1 cop_0954_lp_s1 cop_0524_lp_s1 cop_0122_lp_s1 cop_0483_lp_s1 cop_0873_lp_s1 cop_0065_lp_s1 cop_0611_lp_s1 cop_0358_lp_s1 cop_0493_lp_s1 cop_0769_lp_s1 cop_0586_lp_s1 cop_0546_lp_s1 cop_0960_lp_s1 cop_0249_lp_s1 cop_0015_lp_s1 cop_0930_lp_s1 cop_0693_lp_s1 cop_0077_lp_s1 cop_0301_lp_s1 cop_0476_lp_s1 cop_0417_lp_s1 cop_0216_lp_s1 cop_0829_lp_s1 cop_0223_lp_s1 cop_0488_lp_s1 cop_0961_lp_s1 cop_0069_lp_s1 cop_0341_lp_s1 cop_0110_lp_s1 cop_0547_lp_s1 cop_0728_lp_s1 cop_0641_lp_s1 cop_0307_lp_s1 cop_0695_lp_s1 cop_0401_lp_s1 cop_0645_lp_s1 cop_0237_lp_s1 cop_0861_lp_s1 cop_0073_lp_s1 cop_0985_lp_s1 cop_0215_lp_s1 cop_0331_lp_s1 cop_0357_lp_s1 cop_0920_lp_s1 cop_0646_lp_s1 cop_0247_lp_s1 cop_0761_lp_s1 cop_0042_lp_s1 cop_0953_lp_s1 cop_0819_lp_s1 cop_0195_lp_s1 cop_0470_lp_s1 cop_0912_lp_s1 cop_0291_lp_s1 cop_0339_lp_s1 cop_0805_lp_s1 cop_0360_lp_s1 cop_0630_lp_s1 cop_0394_lp_s1 cop_0770_lp_s1 cop_0921_lp_s1 cop_0671_lp_s1 cop_0048_lp_s1 cop_0395_lp_s1 cop_0568_lp_s1 cop_0067_lp_s1 cop_0925_lp_s1 cop_0116_lp_s1 cop_0187_lp_s1 cop_0504_lp_s1 cop_0433_lp_s1 cop_0023_lp_s1 cop_0242_lp_s1 cop_0101_lp_s1 cop_0939_lp_s1 cop_0383_lp_s1 cop_0309_lp_s1 cop_0557_lp_s1 cop_0956_lp_s1 cop_0976_lp_s1 cop_0446_lp_s1 cop_0643_lp_s1 cop_0340_lp_s1 cop_0973_lp_s1 cop_0545_lp_s1 cop_0892_lp_s1 cop_0537_lp_s1 cop_0753_lp_s1 cop_0556_lp_s1 cop_0198_lp_s1 cop_0490_lp_s1 cop_0111_lp_s1 cop_0616_lp_s1 cop_0163_lp_s1 cop_0991_lp_s1 cop_0580_lp_s1 cop_0268_lp_s1 cop_0712_lp_s1 cop_0176_lp_s1 cop_0286_lp_s1 cop_0595_lp_s1 cop_0420_lp_s1 cop_0248_lp_s1 cop_0283_lp_s1 cop_0322_lp_s1 cop_0462_lp_s1 cop_0758_lp_s1 cop_0790_lp_s1 cop_0755_lp_s1 cop_0415_lp_s1 cop_0224_lp_s1 cop_0204_lp_s1 cop_0113_lp_s1 cop_0124_lp_s1 cop_0733_lp_s1 cop_0649_lp_s1 cop_0235_lp_s1 cop_0668_lp_s1 cop_0386_lp_s1 cop_0730_lp_s1 cop_0068_lp_s1 cop_0141_lp_s1 cop_0260_lp_s1 cop_0589_lp_s1 cop_0295_lp_s1 cop_0337_lp_s1 cop_0791_lp_s1 cop_0625_lp_s1 cop_0404_lp_s1 cop_0007_lp_s1 cop_0636_lp_s1 cop_0193_lp_s1 cop_0741_lp_s1 cop_0008_lp_s1 cop_0400_lp_s1 cop_0282_lp_s1 cop_0045_lp_s1 cop_0988_lp_s1 cop_0959_lp_s1 cop_0795_lp_s1 cop_0639_lp_s1 cop_0050_lp_s1 cop_0442_lp_s1 cop_0698_lp_s1 cop_0901_lp_s1 cop_0831_lp_s1 cop_0759_lp_s1 cop_0372_lp_s1 cop_0459_lp_s1 cop_0006_lp_s1 cop_0236_lp_s1 cop_0872_lp_s1 cop_0651_lp_s1 cop_0416_lp_s1 cop_0673_lp_s1 cop_0840_lp_s1 cop_0284_lp_s1 cop_0293_lp_s1 cop_0146_lp_s1 cop_0597_lp_s1 cop_0802_lp_s1 cop_0775_lp_s1 cop_0485_lp_s1 cop_0640_lp_s1 cop_0682_lp_s1 cop_0319_lp_s1 cop_0218_lp_s1 cop_0133_lp_s1 cop_0585_lp_s1 cop_0606_lp_s1 cop_0453_lp_s1 cop_0239_lp_s1 cop_0078_lp_s1 cop_0465_lp_s1 cop_0436_lp_s1 cop_0553_lp_s1 cop_0620_lp_s1 cop_0910_lp_s1 cop_0203_lp_s1 cop_0855_lp_s1 cop_0881_lp_s1 cop_0495_lp_s1 cop_0762_lp_s1 cop_0889_lp_s1 cop_0703_lp_s1 cop_0653_lp_s1 cop_0305_lp_s1 cop_0434_lp_s1 cop_0729_lp_s1 cop_0029_lp_s1 cop_0472_lp_s1 cop_0779_lp_s1 cop_0974_lp_s1 cop_0800_lp_s1 cop_0963_lp_s1 cop_0638_lp_s1 cop_0348_lp_s1 cop_0174_lp_s1 cop_0432_lp_s1 cop_0507_lp_s1 cop_0541_lp_s1 cop_0028_lp_s1 cop_0296_lp_s1 cop_0439_lp_s1 cop_0672_lp_s1 cop_0923_lp_s1 cop_0797_lp_s1 cop_0294_lp_s1 cop_0451_lp_s1 cop_0128_lp_s1 cop_0352_lp_s1 cop_0226_lp_s1 cop_0438_lp_s1 cop_0601_lp_s1 cop_0893_lp_s1 cop_0225_lp_s1 cop_0875_lp_s1 cop_0531_lp_s1 cop_0171_lp_s1 cop_0467_lp_s1 cop_0647_lp_s1 cop_0027_lp_s1 cop_0384_lp_s1 cop_0633_lp_s1 cop_0999_lp_s1 cop_0866_lp_s1 cop_0578_lp_s1 cop_0843_lp_s1 cop_0879_lp_s1 cop_0731_lp_s1 cop_0962_lp_s1 cop_0978_lp_s1 cop_0200_lp_s1 cop_0895_lp_s1 cop_0156_lp_s1 cop_0615_lp_s1 cop_0227_lp_s1 cop_0522_lp_s1 cop_0891_lp_s1 cop_0196_lp_s1 cop_0719_lp_s1 cop_0318_lp_s1 cop_0081_lp_s1 cop_0302_lp_s1 cop_0814_lp_s1 cop_0151_lp_s1 cop_1000_lp_s1 cop_0666_lp_s1 cop_0033_lp_s1 cop_0743_lp_s1 cop_0131_lp_s1 cop_0378_lp_s1 cop_0431_lp_s1 cop_0324_lp_s1 cop_0514_lp_s1 cop_0087_lp_s1 cop_0243_lp_s1 cop_0492_lp_s1 cop_0864_lp_s1 cop_0477_lp_s1 cop_0542_lp_s1 cop_0234_lp_s1 cop_0844_lp_s1 cop_0030_lp_s1 cop_0180_lp_s1 cop_0017_lp_s1 cop_0169_lp_s1 cop_0502_lp_s1 cop_0208_lp_s1 cop_0001_lp_s1 cop_0441_lp_s1 cop_0776_lp_s1 cop_0749_lp_s1 cop_0858_lp_s1 cop_0688_lp_s1 cop_0117_lp_s1 cop_0566_lp_s1 cop_0105_lp_s1 cop_0723_lp_s1 cop_0377_lp_s1 cop_0964_lp_s1 cop_0955_lp_s1 cop_0725_lp_s1 cop_0228_lp_s1 cop_0798_lp_s1 cop_0091_lp_s1 cop_0011_lp_s1 cop_0982_lp_s1 cop_0280_lp_s1 cop_0403_lp_s1 cop_0355_lp_s1 cop_0258_lp_s1 cop_0765_lp_s1 cop_0952_lp_s1 cop_0877_lp_s1 cop_0181_lp_s1 cop_0979_lp_s1 cop_0398_lp_s1 cop_0144_lp_s1 cop_0727_lp_s1 cop_0706_lp_s1 cop_0941_lp_s1 cop_0564_lp_s1 cop_0896_lp_s1 cop_0948_lp_s1 cop_0850_lp_s1 cop_0463_lp_s1 cop_0489_lp_s1 cop_0150_lp_s1 cop_0998_lp_s1 cop_0587_lp_s1 cop_0082_lp_s1 cop_0407_lp_s1 cop_0650_lp_s1 cop_0373_lp_s1 cop_0667_lp_s1 cop_0349_lp_s1 cop_0382_lp_s1 cop_0569_lp_s1 cop_0186_lp_s1 cop_0371_lp_s1 cop_0127_lp_s1 cop_0194_lp_s1 cop_0162_lp_s1 cop_0312_lp_s1 cop_0498_lp_s1 cop_0097_lp_s1 cop_0876_lp_s1 cop_0408_lp_s1 cop_0032_lp_s1 cop_0536_lp_s1 cop_0806_lp_s1 cop_0506_lp_s1 cop_0815_lp_s1 cop_0857_lp_s1 cop_0838_lp_s1 cop_0250_lp_s1 cop_0600_lp_s1 cop_0125_lp_s1 cop_0986_lp_s1 cop_0170_lp_s1 cop_0035_lp_s1 cop_0996_lp_s1 cop_0003_lp_s1 cop_0265_lp_s1 cop_0252_lp_s1 cop_0126_lp_s1 cop_0292_lp_s1 cop_0094_lp_s1 cop_0040_lp_s1 cop_0559_lp_s1 cop_0320_lp_s1 cop_0364_lp_s1 cop_0497_lp_s1 cop_0120_lp_s1 cop_0246_lp_s1 cop_0474_lp_s1 cop_0803_lp_s1 cop_0848_lp_s1 cop_0037_lp_s1 cop_0103_lp_s1 cop_0794_lp_s1 cop_0834_lp_s1 cop_0853_lp_s1 cop_0581_lp_s1 cop_0911_lp_s1 cop_0523_lp_s1 cop_0543_lp_s1 cop_0005_lp_s1 cop_0075_lp_s1 cop_0968_lp_s1 cop_0185_lp_s1 cop_0825_lp_s1 cop_0423_lp_s1 cop_0369_lp_s1 cop_0697_lp_s1 cop_0019_lp_s1 cop_0995_lp_s1 cop_0220_lp_s1 cop_0694_lp_s1 cop_0950_lp_s1 cop_0482_lp_s1 cop_0221_lp_s1 cop_0413_lp_s1 cop_0288_lp_s1 cop_0780_lp_s1 cop_0880_lp_s1 cop_0878_lp_s1 cop_0736_lp_s1 cop_0039_lp_s1 cop_0466_lp_s1 cop_0571_lp_s1 cop_0112_lp_s1 cop_0109_lp_s1 cop_0540_lp_s1 cop_0108_lp_s1 cop_0183_lp_s1 cop_0458_lp_s1 cop_0351_lp_s1 cop_0314_lp_s1 cop_0179_lp_s1 cop_0464_lp_s1 cop_0642_lp_s1 cop_0530_lp_s1 cop_0766_lp_s1 cop_0664_lp_s1 cop_0624_lp_s1 cop_0772_lp_s1 cop_0574_lp_s1 cop_0634_lp_s1 cop_0199_lp_s1 cop_0782_lp_s1 cop_0165_lp_s1 cop_0994_lp_s1 cop_0061_lp_s1 cop_0099_lp_s1 cop_0500_lp_s1 cop_0705_lp_s1 cop_0149_lp_s1 cop_0070_lp_s1 cop_0313_lp_s1 cop_0863_lp_s1 cop_0951_lp_s1 cop_0520_lp_s1 cop_0904_lp_s1 cop_0554_lp_s1 cop_0450_lp_s1 cop_0145_lp_s1 cop_0255_lp_s1 cop_0882_lp_s1 cop_0748_lp_s1 cop_0683_lp_s1 cop_0289_lp_s1 cop_0121_lp_s1 cop_0874_lp_s1 cop_0231_lp_s1 cop_0334_lp_s1 cop_0692_lp_s1 cop_0460_lp_s1 cop_0884_lp_s1 cop_0173_lp_s1 cop_0479_lp_s1 cop_0172_lp_s1 cop_0057_lp_s1 cop_0298_lp_s1 cop_0821_lp_s1 cop_0062_lp_s1 cop_0135_lp_s1 cop_0711_lp_s1 cop_0510_lp_s1 cop_0867_lp_s1 cop_0516_lp_s1 cop_0353_lp_s1 cop_0316_lp_s1 cop_0793_lp_s1 cop_0024_lp_s1 cop_0285_lp_s1 cop_0750_lp_s1 cop_0937_lp_s1 cop_0635_lp_s1 cop_0256_lp_s1 cop_0440_lp_s1 cop_0010_lp_s1 cop_0254_lp_s1 cop_0134_lp_s1 cop_0267_lp_s1 cop_0367_lp_s1 cop_0501_lp_s1 cop_0969_lp_s1 cop_0598_lp_s1 cop_0306_lp_s1 cop_0031_lp_s1 cop_0469_lp_s1 cop_0596_lp_s1 cop_0886_lp_s1 cop_0529_lp_s1 cop_0827_lp_s1 cop_0854_lp_s1 cop_0513_lp_s1 cop_0343_lp_s1 cop_0778_lp_s1 cop_0072_lp_s1 cop_0161_lp_s1 cop_0346_lp_s1 cop_0862_lp_s1 cop_0509_lp_s1 cop_0972_lp_s1 cop_0702_lp_s1 cop_0763_lp_s1 cop_0211_lp_s1 cop_0764_lp_s1 cop_0457_lp_s1 cop_0299_lp_s1 cop_0849_lp_s1 cop_0629_lp_s1 cop_0205_lp_s1 cop_0820_lp_s1 cop_0796_lp_s1 cop_0594_lp_s1 cop_0240_lp_s1 cop_0147_lp_s1 cop_0544_lp_s1 cop_0852_lp_s1 cop_0899_lp_s1 cop_0689_lp_s1 cop_0902_lp_s1 cop_0118_lp_s1 cop_0561_lp_s1 cop_0685_lp_s1 cop_0350_lp_s1 cop_0913_lp_s1 cop_0871_lp_s1 cop_0277_lp_s1 cop_0631_lp_s1 cop_0898_lp_s1 cop_0396_lp_s1 cop_0321_lp_s1 cop_0397_lp_s1 cop_0201_lp_s1 cop_0494_lp_s1 cop_0684_lp_s1 cop_0660_lp_s1 cop_0628_lp_s1 cop_0480_lp_s1 cop_0841_lp_s1 cop_0525_lp_s1 cop_0742_lp_s1 cop_0914_lp_s1 cop_0943_lp_s1 cop_0274_lp_s1 cop_0066_lp_s1 cop_0152_lp_s1 cop_0735_lp_s1 cop_0424_lp_s1 cop_0533_lp_s1 cop_0738_lp_s1 cop_0106_lp_s1 cop_0102_lp_s1 cop_0139_lp_s1 cop_0757_lp_s1 cop_0570_lp_s1 cop_0784_lp_s1 cop_0428_lp_s1 cop_0707_lp_s1 cop_0182_lp_s1 cop_0002_lp_s1 cop_0859_lp_s1 cop_0538_lp_s1 cop_0390_lp_s1 cop_0518_lp_s1 cop_0444_lp_s1 cop_0519_lp_s1 cop_0429_lp_s1 cop_0335_lp_s1 cop_0696_lp_s1 cop_0213_lp_s1 cop_0527_lp_s1 cop_0157_lp_s1 cop_0317_lp_s1 cop_0422_lp_s1 cop_0756_lp_s1 cop_0826_lp_s1 cop_0281_lp_s1 cop_0661_lp_s1 cop_0361_lp_s1 cop_0652_lp_s1 cop_0207_lp_s1 cop_0347_lp_s1 cop_0971_lp_s1 cop_0777_lp_s1 cop_0686_lp_s1 cop_0004_lp_s1 cop_0604_lp_s1 cop_0773_lp_s1 cop_0107_lp_s1 cop_0691_lp_s1 cop_0435_lp_s1 cop_0720_lp_s1 cop_0016_lp_s1 cop_0897_lp_s1 cop_0338_lp_s1 cop_0740_lp_s1 cop_0906_lp_s1 cop_0481_lp_s1 cop_0622_lp_s1 cop_0374_lp_s1 cop_0426_lp_s1 cop_0824_lp_s1 cop_0437_lp_s1 cop_0136_lp_s1 cop_0269_lp_s1 cop_0399_lp_s1 cop_0503_lp_s1 cop_0717_lp_s1 cop_0774_lp_s1 cop_0801_lp_s1 cop_0478_lp_s1 cop_0036_lp_s1 cop_0054_lp_s1 cop_0526_lp_s1 cop_0166_lp_s1 cop_0577_lp_s1 cop_0708_lp_s1 cop_0917_lp_s1
  set decided by an accepted test: yes, in round 979 of 999 (p = 0.054 against alpha = 0.050)
  from round 979 on every model dropped is still in the set; those rounds run only to give it its MCS p-value
