MCS_TR against MCS_TMAX on montecarlo/out/lp_irf_loss_lin.csv
1000 configurations, 999 replicates each
shared: alpha = 0.050, 10000 resamples, block length 1, bootstrap variance, seed 123, stream 0

Both statistics are scored on the same resamples, drawn once and reused in every round.

statistic  set size  decided by an accepted test  deciding round  last p-value  seconds
MCS_TR            1                           no               0        0.0009    140.4
MCS_TMAX          1                           no               0        0.0009      6.9

sets
  in both sets 1, only in MCS_TR's 0, only in MCS_TMAX's 0
  largest difference between the two MCS p-values of one configuration 0.0000

elimination rounds, the configuration left at the end counted as round 1000
  Spearman rank correlation between the two orders 0.7214
  absolute difference in round: median 116, 90th percentile 373, largest 740

the 10 configurations MCS_TR eliminated last, with where MCS_TMAX put them
  configuration  mean loss  MCS_TR round  MCS_TR p  MCS_TMAX round  MCS_TMAX p
  cop_0905_lp_lin  2.87674  1000  1.0000  1000  1.0000
  cop_0593_lp_lin  3.31331  999  0.0009  999  0.0009
  cop_0654_lp_lin  5.94995  998  0.0000  997  0.0000
  cop_0970_lp_lin  5.83139  997  0.0000  998  0.0000
  cop_0801_lp_lin  6.80368  996  0.0000  996  0.0000
  cop_0552_lp_lin  7.37687  995  0.0000  995  0.0000
  cop_0079_lp_lin  8.32586  994  0.0000  994  0.0000
  cop_0356_lp_lin  8.52162  993  0.0000  993  0.0000
  cop_0526_lp_lin  10.23131  992  0.0000  992  0.0000
  cop_0422_lp_lin  12.31008  991  0.0000  986  0.0000


  sample    999 observations, 1000 models
  statistic TR, every pairwise contrast
  test      alpha = 0.050, 10000 moving-block resamples of 1 observations
  variance  bootstrap variance of the resampled mean
  stream    seed 123, stream 0

MCS over linear local projection impulse-response MAE, MCS_TR statistic
  model              mean loss      MCS p  round  in set
  cop_0001_lp_lin     48.81599      0.000    789  
  cop_0002_lp_lin     19.30404      0.000    905  
  cop_0003_lp_lin     38.69202      0.000    665  
  cop_0004_lp_lin     18.52959      0.000    916  
  cop_0005_lp_lin     47.80035      0.000    356  
  cop_0006_lp_lin     77.81133      0.000     66  
  cop_0007_lp_lin     77.56268      0.000    682  
  cop_0008_lp_lin     75.60947      0.000    302  
  cop_0009_lp_lin    794.22988      0.000    562  
  cop_0010_lp_lin     23.53620      0.000    821  
  cop_0011_lp_lin     48.87287      0.000    784  
  cop_0012_lp_lin    307.81572      0.000     63  
  cop_0013_lp_lin    408.93569      0.000    382  
  cop_0014_lp_lin    130.69199      0.000    629  
  cop_0015_lp_lin     78.16806      0.000    176  
  cop_0016_lp_lin     17.60228      0.000    922  
  cop_0017_lp_lin     49.79959      0.000    474  
  cop_0018_lp_lin    193.09974      0.000    102  
  cop_0019_lp_lin     38.15089      0.000    630  
  cop_0020_lp_lin    122.49403      0.000    257  
  cop_0021_lp_lin    109.52784      0.000    162  
  cop_0022_lp_lin    176.79539      0.000    320  
  cop_0023_lp_lin     86.69261      0.000    313  
  cop_0024_lp_lin     34.70769      0.000    423  
  cop_0025_lp_lin    417.69832      0.000    830  
  cop_0026_lp_lin    130.30868      0.000      8  
  cop_0027_lp_lin     63.57805      0.000    433  
  cop_0028_lp_lin     49.91911      0.000    617  
  cop_0029_lp_lin     52.55430      0.000    514  
  cop_0030_lp_lin     51.91872      0.000    180  
  cop_0031_lp_lin     26.48347      0.000    872  
  cop_0032_lp_lin     46.58379      0.000    614  
  cop_0033_lp_lin     43.39237      0.000    714  
  cop_0034_lp_lin    131.31178      0.000    402  
  cop_0035_lp_lin     38.12468      0.000    832  
  cop_0036_lp_lin     12.23651      0.000    983  
  cop_0037_lp_lin     43.64720      0.000    626  
  cop_0038_lp_lin    235.58847      0.000    590  
  cop_0039_lp_lin     30.65484      0.000    701  
  cop_0040_lp_lin     40.51497      0.000    710  
  cop_0041_lp_lin    464.11024      0.000    133  
  cop_0042_lp_lin     91.15512      0.000    294  
  cop_0043_lp_lin    440.35452      0.000    112  
  cop_0044_lp_lin     13.07575      0.000    971  
  cop_0045_lp_lin     74.54558      0.000    628  
  cop_0046_lp_lin   1378.55281      0.000    100  
  cop_0047_lp_lin     14.32097      0.000    930  
  cop_0048_lp_lin     97.73475      0.000    694  
  cop_0049_lp_lin   1040.37386      0.000    242  
  cop_0050_lp_lin     78.74858      0.000    424  
  cop_0051_lp_lin    138.71636      0.000    341  
  cop_0052_lp_lin    377.18655      0.000    298  
  cop_0053_lp_lin    156.44898      0.000    601  
  cop_0054_lp_lin     14.80787      0.000    969  
  cop_0055_lp_lin    107.36455      0.000    371  
  cop_0056_lp_lin   1002.39144      0.000     98  
  cop_0057_lp_lin     28.80395      0.000    899  
  cop_0058_lp_lin   6543.80669      0.000    658  
  cop_0059_lp_lin    180.01260      0.000    499  
  cop_0060_lp_lin    191.88236      0.000    448  
  cop_0061_lp_lin     35.91625      0.000    758  
  cop_0062_lp_lin     32.38109      0.000    588  
  cop_0063_lp_lin    209.11427      0.000     38  
  cop_0064_lp_lin    237.04007      0.000    328  
  cop_0065_lp_lin    138.29119      0.000    327  
  cop_0066_lp_lin     22.36506      0.000    903  
  cop_0067_lp_lin     92.15543      0.000     29  
  cop_0068_lp_lin    104.47522      0.000     87  
  cop_0069_lp_lin    114.60114      0.000    683  
  cop_0070_lp_lin     35.08701      0.000    771  
  cop_0071_lp_lin    148.95883      0.000    580  
  cop_0072_lp_lin     28.79588      0.000    740  
  cop_0073_lp_lin     96.39065      0.000    226  
  cop_0074_lp_lin    108.15177      0.000    397  
  cop_0075_lp_lin     35.77621      0.000    394  
  cop_0076_lp_lin    115.77190      0.000    569  
  cop_0077_lp_lin     97.60527      0.000    173  
  cop_0078_lp_lin     84.34064      0.000    440  
  cop_0079_lp_lin      8.32586      0.000    994  
  cop_0080_lp_lin   2604.99187      0.000    208  
  cop_0081_lp_lin     56.48063      0.000    606  
  cop_0082_lp_lin     45.73312      0.000     92  
  cop_0083_lp_lin    147.68058      0.000    224  
  cop_0084_lp_lin    139.87218      0.000     68  
  cop_0085_lp_lin   1026.87683      0.000    251  
  cop_0086_lp_lin   3949.74758      0.000     85  
  cop_0087_lp_lin     52.38172      0.000    749  
  cop_0088_lp_lin    340.68280      0.000    325  
  cop_0089_lp_lin    401.54275      0.000     23  
  cop_0090_lp_lin    259.79272      0.000    610  
  cop_0091_lp_lin     55.32737      0.000    478  
  cop_0092_lp_lin    239.01281      0.000     28  
  cop_0093_lp_lin    130.63486      0.000     72  
  cop_0094_lp_lin     45.11647      0.000    342  
  cop_0095_lp_lin    836.34502      0.000    120  
  cop_0096_lp_lin    507.94008      0.000     14  
  cop_0097_lp_lin     45.69175      0.000    600  
  cop_0098_lp_lin    816.92312      0.000    220  
  cop_0099_lp_lin     29.82999      0.000    659  
  cop_0100_lp_lin     10.06845      0.000    989  
  cop_0101_lp_lin    105.36446      0.000    246  
  cop_0102_lp_lin     22.40298      0.000    866  
  cop_0103_lp_lin     43.46139      0.000    726  
  cop_0104_lp_lin     96.99698      0.000     16  
  cop_0105_lp_lin     54.08604      0.000    925  
  cop_0106_lp_lin     24.24670      0.000    837  
  cop_0107_lp_lin     17.86550      0.000    960  
  cop_0108_lp_lin     31.69685      0.000    517  
  cop_0109_lp_lin     34.34543      0.000    819  
  cop_0110_lp_lin     96.66625      0.000    523  
  cop_0111_lp_lin     66.11228      0.000    159  
  cop_0112_lp_lin     35.46324      0.000    822  
  cop_0113_lp_lin     76.84466      0.000    611  
  cop_0114_lp_lin    335.67351      0.000     40  
  cop_0115_lp_lin    623.68285      0.000    264  
  cop_0116_lp_lin     90.38821      0.000    549  
  cop_0117_lp_lin     52.06867      0.000    707  
  cop_0118_lp_lin     23.01714      0.000    741  
  cop_0119_lp_lin    346.22259      0.000    223  
  cop_0120_lp_lin     42.93106      0.000    652  
  cop_0121_lp_lin     33.25465      0.000    730  
  cop_0122_lp_lin     80.26500      0.000    186  
  cop_0123_lp_lin    184.88974      0.000     33  
  cop_0124_lp_lin     74.48519      0.000    563  
  cop_0125_lp_lin     44.48384      0.000    605  
  cop_0126_lp_lin     46.92463      0.000     39  
  cop_0127_lp_lin     42.31712      0.000    318  
  cop_0128_lp_lin     46.90058      0.000    671  
  cop_0129_lp_lin     92.22858      0.000    551  
  cop_0130_lp_lin   1306.33663      0.000    225  
  cop_0131_lp_lin     51.41120      0.000    848  
  cop_0132_lp_lin    107.30773      0.000    363  
  cop_0133_lp_lin     82.31924      0.000    117  
  cop_0134_lp_lin     35.93200      0.000    811  
  cop_0135_lp_lin     26.23957      0.000    915  
  cop_0136_lp_lin     12.27067      0.000    979  
  cop_0137_lp_lin    168.90291      0.000    219  
  cop_0138_lp_lin    200.93050      0.000     41  
  cop_0139_lp_lin     26.08638      0.000    838  
  cop_0140_lp_lin    542.05296      0.000    484  
  cop_0141_lp_lin     65.75570      0.000    455  
  cop_0142_lp_lin     16.54405      0.000    934  
  cop_0143_lp_lin    105.38740      0.000    660  
  cop_0144_lp_lin     38.56453      0.000    506  
  cop_0145_lp_lin     32.98180      0.000    827  
  cop_0146_lp_lin     67.11984      0.000    793  
  cop_0147_lp_lin     26.64073      0.000    902  
  cop_0148_lp_lin     10.03878      0.000    986  
  cop_0149_lp_lin     30.91257      0.000    331  
  cop_0150_lp_lin     47.34924      0.000    458  
  cop_0151_lp_lin     48.74330      0.000    241  
  cop_0152_lp_lin     24.10817      0.000    887  
  cop_0153_lp_lin    102.26892      0.000    367  
  cop_0154_lp_lin    592.94944      0.000     31  
  cop_0155_lp_lin    196.87874      0.000    111  
  cop_0156_lp_lin     58.17289      0.000    661  
  cop_0157_lp_lin     16.54821      0.000    959  
  cop_0158_lp_lin    360.83374      0.000     17  
  cop_0159_lp_lin    333.50933      0.000    119  
  cop_0160_lp_lin    226.44829      0.000     44  
  cop_0161_lp_lin     26.58464      0.000    857  
  cop_0162_lp_lin     43.19782      0.000    526  
  cop_0163_lp_lin     61.92611      0.000    480  
  cop_0164_lp_lin    193.69351      0.000    210  
  cop_0165_lp_lin     33.20627      0.000    864  
  cop_0166_lp_lin     11.77805      0.000    977  
  cop_0167_lp_lin    778.57226      0.000    156  
  cop_0168_lp_lin   1141.16634      0.000    733  
  cop_0169_lp_lin     55.60181      0.000    435  
  cop_0170_lp_lin     41.01934      0.000    598  
  cop_0171_lp_lin     55.09863      0.000    571  
  cop_0172_lp_lin     33.79155      0.000    799  
  cop_0173_lp_lin     25.50806      0.000    951  
  cop_0174_lp_lin     51.67763      0.000    756  
  cop_0175_lp_lin    447.48368      0.000     30  
  cop_0176_lp_lin     77.16226      0.000    285  
  cop_0177_lp_lin    134.55492      0.000     90  
  cop_0178_lp_lin    325.05356      0.000    307  
  cop_0179_lp_lin     25.62048      0.000    932  
  cop_0180_lp_lin     49.31498      0.000    438  
  cop_0181_lp_lin     39.23944      0.000    732  
  cop_0182_lp_lin     20.59150      0.000    852  
  cop_0183_lp_lin     39.66411      0.000    719  
  cop_0184_lp_lin   2150.63451      0.000    129  
  cop_0185_lp_lin     45.49126      0.000    481  
  cop_0186_lp_lin     44.45663      0.000    565  
  cop_0187_lp_lin     97.69616      0.000    537  
  cop_0188_lp_lin    237.02207      0.000      5  
  cop_0189_lp_lin    298.79864      0.000    489  
  cop_0190_lp_lin    201.13810      0.000    513  
  cop_0191_lp_lin     13.15783      0.000    968  
  cop_0192_lp_lin    259.16290      0.000    393  
  cop_0193_lp_lin     86.85809      0.000    374  
  cop_0194_lp_lin     41.98570      0.000    282  
  cop_0195_lp_lin     79.78092      0.000    191  
  cop_0196_lp_lin     50.52026      0.000    743  
  cop_0197_lp_lin    127.37501      0.000    472  
  cop_0198_lp_lin     74.23549      0.000    304  
  cop_0199_lp_lin     31.49001      0.000    470  
  cop_0200_lp_lin     57.75906      0.000    525  
  cop_0201_lp_lin     23.28835      0.000    690  
  cop_0202_lp_lin    369.10582      0.000    656  
  cop_0203_lp_lin     61.72747      0.000    155  
  cop_0204_lp_lin     82.11770      0.000    637  
  cop_0205_lp_lin     29.57499      0.000    839  
  cop_0206_lp_lin   1361.87183      0.000    446  
  cop_0207_lp_lin     19.66724      0.000    907  
  cop_0208_lp_lin     39.72091      0.000    373  
  cop_0209_lp_lin    393.48218      0.000    492  
  cop_0210_lp_lin    166.96474      0.000    559  
  cop_0211_lp_lin     31.17596      0.000    806  
  cop_0212_lp_lin   1190.08094      0.000     60  
  cop_0213_lp_lin     17.91286      0.000    952  
  cop_0214_lp_lin   1836.34081      0.000    522  
  cop_0215_lp_lin     94.40098      0.000    840  
  cop_0216_lp_lin    115.18401      0.000    113  
  cop_0217_lp_lin    163.74629      0.000     51  
  cop_0218_lp_lin     69.13251      0.000    620  
  cop_0219_lp_lin   1158.71241      0.000    542  
  cop_0220_lp_lin     36.76299      0.000    911  
  cop_0221_lp_lin     33.20633      0.000    818  
  cop_0222_lp_lin    209.87671      0.000     34  
  cop_0223_lp_lin     94.91451      0.000    494  
  cop_0224_lp_lin     79.05506      0.000    441  
  cop_0225_lp_lin     52.75339      0.000    572  
  cop_0226_lp_lin     58.19464      0.000    747  
  cop_0227_lp_lin     52.26175      0.000    689  
  cop_0228_lp_lin     52.58498      0.000    471  
  cop_0229_lp_lin    854.72957      0.000    190  
  cop_0230_lp_lin    474.49383      0.000    130  
  cop_0231_lp_lin     34.02904      0.000    744  
  cop_0232_lp_lin    127.99295      0.000    421  
  cop_0233_lp_lin    412.31376      0.000    427  
  cop_0234_lp_lin     46.56703      0.000     52  
  cop_0235_lp_lin     72.52714      0.000    269  
  cop_0236_lp_lin     79.02222      0.000    157  
  cop_0237_lp_lin     90.91873      0.000    648  
  cop_0238_lp_lin    355.99250      0.000    504  
  cop_0239_lp_lin     58.19440      0.000    831  
  cop_0240_lp_lin     25.74501      0.000    909  
  cop_0241_lp_lin     10.87316      0.000    982  
  cop_0242_lp_lin     79.58223      0.000    524  
  cop_0243_lp_lin     49.68290      0.000    306  
  cop_0244_lp_lin    390.37316      0.000     27  
  cop_0245_lp_lin    228.12232      0.000     53  
  cop_0246_lp_lin     40.36808      0.000    764  
  cop_0247_lp_lin     95.25908      0.000     45  
  cop_0248_lp_lin     79.69622      0.000    349  
  cop_0249_lp_lin    172.33209      0.000    500  
  cop_0250_lp_lin     38.56727      0.000    708  
  cop_0251_lp_lin    258.34794      0.000     55  
  cop_0252_lp_lin     42.27195      0.000    767  
  cop_0253_lp_lin    733.84939      0.000     79  
  cop_0254_lp_lin     26.97767      0.000    336  
  cop_0255_lp_lin     37.60012      0.000    790  
  cop_0256_lp_lin     32.30418      0.000    321  
  cop_0257_lp_lin    577.33151      0.000    254  
  cop_0258_lp_lin     45.55045      0.000    754  
  cop_0259_lp_lin    386.92602      0.000    461  
  cop_0260_lp_lin     93.79067      0.000    211  
  cop_0261_lp_lin    286.83740      0.000    636  
  cop_0262_lp_lin    880.76884      0.000    510  
  cop_0263_lp_lin    147.66813      0.000    147  
  cop_0264_lp_lin    150.24609      0.000    391  
  cop_0265_lp_lin     44.53008      0.000    271  
  cop_0266_lp_lin    170.17067      0.000     71  
  cop_0267_lp_lin     24.81420      0.000    908  
  cop_0268_lp_lin     84.48788      0.000    720  
  cop_0269_lp_lin     18.36376      0.000    928  
  cop_0270_lp_lin    266.58832      0.000    116  
  cop_0271_lp_lin    350.54360      0.000    293  
  cop_0272_lp_lin    109.60691      0.000      6  
  cop_0273_lp_lin    266.67449      0.000    635  
  cop_0274_lp_lin     21.85534      0.000    914  
  cop_0275_lp_lin    231.53740      0.000    447  
  cop_0276_lp_lin    329.74126      0.000    122  
  cop_0277_lp_lin     23.10635      0.000    906  
  cop_0278_lp_lin    319.02048      0.000    127  
  cop_0279_lp_lin    148.01769      0.000    286  
  cop_0280_lp_lin     45.98729      0.000    702  
  cop_0281_lp_lin     20.22497      0.000    897  
  cop_0282_lp_lin     80.44955      0.000    633  
  cop_0283_lp_lin     69.17025      0.000    340  
  cop_0284_lp_lin     71.64761      0.000    128  
  cop_0285_lp_lin     30.27850      0.000    875  
  cop_0286_lp_lin     73.13873      0.000    233  
  cop_0287_lp_lin    576.53299      0.000    216  
  cop_0288_lp_lin     31.82406      0.000    834  
  cop_0289_lp_lin     27.90281      0.000    919  
  cop_0290_lp_lin    100.56748      0.000    265  
  cop_0291_lp_lin     67.23952      0.000    482  
  cop_0292_lp_lin     41.85417      0.000    664  
  cop_0293_lp_lin     67.45878      0.000    815  
  cop_0294_lp_lin     53.80552      0.000    761  
  cop_0295_lp_lin     68.20912      0.000    123  
  cop_0296_lp_lin     47.98088      0.000    308  
  cop_0297_lp_lin    598.63567      0.000    273  
  cop_0298_lp_lin     30.29974      0.000    845  
  cop_0299_lp_lin     29.43321      0.000    880  
  cop_0300_lp_lin    336.93340      0.000    132  
  cop_0301_lp_lin     96.80294      0.000    215  
  cop_0302_lp_lin     57.81992      0.000    329  
  cop_0303_lp_lin    168.78973      0.000    716  
  cop_0304_lp_lin    456.34949      0.000    680  
  cop_0305_lp_lin     51.00654      0.000    181  
  cop_0306_lp_lin     26.37804      0.000    673  
  cop_0307_lp_lin     97.57123      0.000    765  
  cop_0308_lp_lin   2200.32228      0.000    379  
  cop_0309_lp_lin     78.07694      0.000    488  
  cop_0310_lp_lin    163.12045      0.000    392  
  cop_0311_lp_lin     82.28094      0.000    420  
  cop_0312_lp_lin     42.39309      0.000    640  
  cop_0313_lp_lin     27.57240      0.000    895  
  cop_0314_lp_lin     33.73782      0.000    576  
  cop_0315_lp_lin    113.81633      0.000    141  
  cop_0316_lp_lin     28.26016      0.000    779  
  cop_0317_lp_lin     17.95948      0.000    956  
  cop_0318_lp_lin     54.70101      0.000    587  
  cop_0319_lp_lin     73.06252      0.000    538  
  cop_0320_lp_lin     46.61994      0.000    854  
  cop_0321_lp_lin     25.61763      0.000    797  
  cop_0322_lp_lin     62.14951      0.000    589  
  cop_0323_lp_lin   1389.85222      0.000    152  
  cop_0324_lp_lin     37.16413      0.000    222  
  cop_0325_lp_lin    570.96973      0.000     50  
  cop_0326_lp_lin    139.37980      0.000      4  
  cop_0327_lp_lin    133.51371      0.000    107  
  cop_0328_lp_lin    163.52763      0.000     49  
  cop_0329_lp_lin    545.25199      0.000    196  
  cop_0330_lp_lin    186.34607      0.000    368  
  cop_0331_lp_lin     98.15278      0.000    477  
  cop_0332_lp_lin    561.60231      0.000    536  
  cop_0333_lp_lin    322.38811      0.000      3  
  cop_0334_lp_lin     29.15522      0.000    796  
  cop_0335_lp_lin     19.90423      0.000    874  
  cop_0336_lp_lin    188.30451      0.000    145  
  cop_0337_lp_lin     95.51047      0.000    201  
  cop_0338_lp_lin     11.51604      0.000    990  
  cop_0339_lp_lin     93.93861      0.000    174  
  cop_0340_lp_lin     83.49794      0.000    608  
  cop_0341_lp_lin     95.13738      0.000    218  
  cop_0342_lp_lin    279.30037      0.000    400  
  cop_0343_lp_lin     30.22266      0.000    727  
  cop_0344_lp_lin    180.42722      0.000    454  
  cop_0345_lp_lin    212.27476      0.000    422  
  cop_0346_lp_lin     27.01182      0.000    678  
  cop_0347_lp_lin     17.42463      0.000    958  
  cop_0348_lp_lin     68.54160      0.000    739  
  cop_0349_lp_lin     52.12829      0.000    291  
  cop_0350_lp_lin     24.54228      0.000    798  
  cop_0351_lp_lin     35.31118      0.000    812  
  cop_0352_lp_lin     52.32913      0.000    722  
  cop_0353_lp_lin     27.46396      0.000    937  
  cop_0354_lp_lin     72.87699      0.000    143  
  cop_0355_lp_lin     46.82087      0.000    473  
  cop_0356_lp_lin      8.52162      0.000    993  
  cop_0357_lp_lin    114.58413      0.000     54  
  cop_0358_lp_lin    113.43709      0.000    426  
  cop_0359_lp_lin    182.16865      0.000    503  
  cop_0360_lp_lin     77.16599      0.000    296  
  cop_0361_lp_lin     19.97810      0.000    870  
  cop_0362_lp_lin   1963.66252      0.000     77  
  cop_0363_lp_lin    320.42337      0.000    105  
  cop_0364_lp_lin     40.36163      0.000    692  
  cop_0365_lp_lin    151.97128      0.000    160  
  cop_0366_lp_lin    716.92237      0.000    235  
  cop_0367_lp_lin     33.35145      0.000    462  
  cop_0368_lp_lin     12.28348      0.000    980  
  cop_0369_lp_lin     39.43983      0.000    403  
  cop_0370_lp_lin    329.06987      0.000    172  
  cop_0371_lp_lin     38.18502      0.000    297  
  cop_0372_lp_lin     57.38716      0.000     65  
  cop_0373_lp_lin     38.46630      0.000    704  
  cop_0374_lp_lin     17.44880      0.000    900  
  cop_0375_lp_lin   1190.54183      0.000     20  
  cop_0376_lp_lin    149.27418      0.000    359  
  cop_0377_lp_lin     49.38924      0.000    724  
  cop_0378_lp_lin     48.19539      0.000    468  
  cop_0379_lp_lin    223.59974      0.000    496  
  cop_0380_lp_lin    148.80695      0.000    418  
  cop_0381_lp_lin    478.42849      0.000    577  
  cop_0382_lp_lin     44.05575      0.000    787  
  cop_0383_lp_lin     74.21807      0.000    121  
  cop_0384_lp_lin     43.82206      0.000    261  
  cop_0385_lp_lin    170.49866      0.000    430  
  cop_0386_lp_lin     77.99845      0.000    698  
  cop_0387_lp_lin    606.96166      0.000    365  
  cop_0388_lp_lin   1556.06028      0.000    518  
  cop_0389_lp_lin    106.50877      0.000    550  
  cop_0390_lp_lin     20.17701      0.000    879  
  cop_0391_lp_lin    367.35648      0.000    452  
  cop_0392_lp_lin    168.22621      0.000    103  
  cop_0393_lp_lin    503.60919      0.000    195  
  cop_0394_lp_lin     90.11585      0.000    317  
  cop_0395_lp_lin     85.69561      0.000    762  
  cop_0396_lp_lin     27.43360      0.000    853  
  cop_0397_lp_lin     23.91863      0.000    865  
  cop_0398_lp_lin     34.74124      0.000    295  
  cop_0399_lp_lin     16.29846      0.000    944  
  cop_0400_lp_lin     88.96648      0.000    146  
  cop_0401_lp_lin     95.68052      0.000    140  
  cop_0402_lp_lin    874.40864      0.000    520  
  cop_0403_lp_lin     42.25416      0.000    817  
  cop_0404_lp_lin     63.10167      0.000    346  
  cop_0405_lp_lin     95.40605      0.000    139  
  cop_0406_lp_lin    488.52029      0.000    289  
  cop_0407_lp_lin     37.59754      0.000    780  
  cop_0408_lp_lin     37.70289      0.000    781  
  cop_0409_lp_lin    115.20823      0.000    597  
  cop_0410_lp_lin     16.04232      0.000    921  
  cop_0411_lp_lin   1193.61057      0.000    358  
  cop_0412_lp_lin    331.16791      0.000    202  
  cop_0413_lp_lin     37.61050      0.000    809  
  cop_0414_lp_lin    526.11626      0.000    378  
  cop_0415_lp_lin     56.54786      0.000    236  
  cop_0416_lp_lin     56.91701      0.000    554  
  cop_0417_lp_lin    108.89037      0.000    775  
  cop_0418_lp_lin    105.32702      0.000    456  
  cop_0419_lp_lin    103.97399      0.000    490  
  cop_0420_lp_lin     72.53749      0.000    188  
  cop_0421_lp_lin    267.57394      0.000    437  
  cop_0422_lp_lin     12.31008      0.000    991  
  cop_0423_lp_lin     42.48845      0.000    408  
  cop_0424_lp_lin     22.83836      0.000    892  
  cop_0425_lp_lin    427.50740      0.000     74  
  cop_0426_lp_lin     15.15717      0.000    976  
  cop_0427_lp_lin    217.90232      0.000    432  
  cop_0428_lp_lin     23.90438      0.000    862  
  cop_0429_lp_lin     20.92258      0.000    884  
  cop_0430_lp_lin    306.08252      0.000    457  
  cop_0431_lp_lin     45.40054      0.000    667  
  cop_0432_lp_lin     64.48856      0.000    384  
  cop_0433_lp_lin     66.99343      0.000    574  
  cop_0434_lp_lin     57.29776      0.000    413  
  cop_0435_lp_lin     12.90093      0.000    985  
  cop_0436_lp_lin     67.77418      0.000    281  
  cop_0437_lp_lin     14.90248      0.000    967  
  cop_0438_lp_lin     69.04217      0.000     59  
  cop_0439_lp_lin     58.90267      0.000    791  
  cop_0440_lp_lin     29.77509      0.000    370  
  cop_0441_lp_lin     50.28536      0.000    283  
  cop_0442_lp_lin     82.58839      0.000     56  
  cop_0443_lp_lin    160.05572      0.000    666  
  cop_0444_lp_lin     20.89035      0.000    794  
  cop_0445_lp_lin    148.55271      0.000    104  
  cop_0446_lp_lin     78.97129      0.000    560  
  cop_0447_lp_lin    110.27939      0.000    144  
  cop_0448_lp_lin    160.57602      0.000    487  
  cop_0449_lp_lin    199.55609      0.000    353  
  cop_0450_lp_lin     30.03529      0.000    876  
  cop_0451_lp_lin     57.28749      0.000     61  
  cop_0452_lp_lin    211.06514      0.000    300  
  cop_0453_lp_lin     65.06689      0.000    712  
  cop_0454_lp_lin    105.93736      0.000    641  
  cop_0455_lp_lin    181.88789      0.000    234  
  cop_0456_lp_lin    202.04314      0.000     25  
  cop_0457_lp_lin     32.29274      0.000    843  
  cop_0458_lp_lin     33.82564      0.000    703  
  cop_0459_lp_lin     76.17079      0.000    662  
  cop_0460_lp_lin     28.58522      0.000    760  
  cop_0461_lp_lin   1381.69223      0.000    687  
  cop_0462_lp_lin     82.94708      0.000    742  
  cop_0463_lp_lin     40.40516      0.000    275  
  cop_0464_lp_lin     33.73715      0.000    768  
  cop_0465_lp_lin     64.65051      0.000    653  
  cop_0466_lp_lin     36.71676      0.000    778  
  cop_0467_lp_lin     65.81003      0.000    414  
  cop_0468_lp_lin    319.99290      0.000    319  
  cop_0469_lp_lin     25.52224      0.000    889  
  cop_0470_lp_lin     99.58553      0.000    624  
  cop_0471_lp_lin    232.46882      0.000    364  
  cop_0472_lp_lin     44.32394      0.000    721  
  cop_0473_lp_lin    211.74778      0.000     75  
  cop_0474_lp_lin     37.31846      0.000    706  
  cop_0475_lp_lin    202.91145      0.000    179  
  cop_0476_lp_lin    105.97849      0.000    415  
  cop_0477_lp_lin     56.83972      0.000    553  
  cop_0478_lp_lin     15.01184      0.000    938  
  cop_0479_lp_lin     32.26940      0.000    873  
  cop_0480_lp_lin     22.82347      0.000    770  
  cop_0481_lp_lin     16.42730      0.000    950  
  cop_0482_lp_lin     38.75999      0.000    508  
  cop_0483_lp_lin    114.34287      0.000    376  
  cop_0484_lp_lin    264.96155      0.000    213  
  cop_0485_lp_lin     52.62460      0.000     94  
  cop_0486_lp_lin    231.21812      0.000    406  
  cop_0487_lp_lin    191.46431      0.000    115  
  cop_0488_lp_lin     76.22620      0.000    272  
  cop_0489_lp_lin     43.28391      0.000    381  
  cop_0490_lp_lin     64.27331      0.000    558  
  cop_0491_lp_lin    183.62523      0.000    136  
  cop_0492_lp_lin     41.28422      0.000    672  
  cop_0493_lp_lin    114.26452      0.000    509  
  cop_0494_lp_lin     21.84217      0.000    935  
  cop_0495_lp_lin     57.61588      0.000    622  
  cop_0496_lp_lin     84.65648      0.000    725  
  cop_0497_lp_lin     43.58256      0.000    259  
  cop_0498_lp_lin     49.62782      0.000    920  
  cop_0499_lp_lin    168.80617      0.000     80  
  cop_0500_lp_lin     32.67475      0.000    883  
  cop_0501_lp_lin     29.37890      0.000    766  
  cop_0502_lp_lin     43.78062      0.000    823  
  cop_0503_lp_lin     14.56179      0.000    962  
  cop_0504_lp_lin     79.29657      0.000    547  
  cop_0505_lp_lin    316.56396      0.000    555  
  cop_0506_lp_lin     33.61580      0.000    479  
  cop_0507_lp_lin     55.78202      0.000    230  
  cop_0508_lp_lin    667.73265      0.000     43  
  cop_0509_lp_lin     26.65397      0.000    734  
  cop_0510_lp_lin     37.94876      0.000    807  
  cop_0511_lp_lin    886.36220      0.000     11  
  cop_0512_lp_lin    196.80692      0.000    679  
  cop_0513_lp_lin     20.59879      0.000    957  
  cop_0514_lp_lin     54.79267      0.000    476  
  cop_0515_lp_lin    367.44052      0.000    445  
  cop_0516_lp_lin     27.28598      0.000    918  
  cop_0517_lp_lin    145.48193      0.000    723  
  cop_0518_lp_lin     19.38178      0.000    923  
  cop_0519_lp_lin     21.89142      0.000    888  
  cop_0520_lp_lin     32.10741      0.000    717  
  cop_0521_lp_lin    312.96568      0.000    175  
  cop_0522_lp_lin     67.86406      0.000    150  
  cop_0523_lp_lin     35.88444      0.000    745  
  cop_0524_lp_lin    118.38146      0.000    623  
  cop_0525_lp_lin     22.13091      0.000    759  
  cop_0526_lp_lin     10.23131      0.000    992  
  cop_0527_lp_lin     21.15021      0.000    912  
  cop_0528_lp_lin    423.27764      0.000    163  
  cop_0529_lp_lin     30.23336      0.000    825  
  cop_0530_lp_lin     30.14921      0.000    516  
  cop_0531_lp_lin     59.94303      0.000    277  
  cop_0532_lp_lin    190.74426      0.000    335  
  cop_0533_lp_lin     22.61580      0.000    844  
  cop_0534_lp_lin     17.89815      0.000    924  
  cop_0535_lp_lin    182.52143      0.000     47  
  cop_0536_lp_lin     46.26119      0.000    171  
  cop_0537_lp_lin     83.88100      0.000    575  
  cop_0538_lp_lin     20.96657      0.000    841  
  cop_0539_lp_lin    142.22442      0.000     88  
  cop_0540_lp_lin     34.66154      0.000    578  
  cop_0541_lp_lin     71.14673      0.000    182  
  cop_0542_lp_lin     49.02228      0.000    735  
  cop_0543_lp_lin     30.98471      0.000    632  
  cop_0544_lp_lin     23.85523      0.000    896  
  cop_0545_lp_lin     89.32509      0.000      2  
  cop_0546_lp_lin     98.23465      0.000    596  
  cop_0547_lp_lin    105.18851      0.000    618  
  cop_0548_lp_lin    916.45022      0.000     32  
  cop_0549_lp_lin    401.04591      0.000     19  
  cop_0550_lp_lin    184.60400      0.000     42  
  cop_0551_lp_lin    171.46911      0.000    207  
  cop_0552_lp_lin      7.37687      0.000    995  
  cop_0553_lp_lin     77.89343      0.000    465  
  cop_0554_lp_lin     36.82111      0.000    824  
  cop_0555_lp_lin    132.57138      0.000    674  
  cop_0556_lp_lin     95.26208      0.000     95  
  cop_0557_lp_lin     70.08315      0.000    178  
  cop_0558_lp_lin    713.60592      0.000    125  
  cop_0559_lp_lin     34.56170      0.000    502  
  cop_0560_lp_lin    169.09091      0.000     48  
  cop_0561_lp_lin     19.68499      0.000    945  
  cop_0562_lp_lin   1738.39941      0.000    407  
  cop_0563_lp_lin    132.42898      0.000    350  
  cop_0564_lp_lin     46.65859      0.000    278  
  cop_0565_lp_lin    281.01543      0.000    675  
  cop_0566_lp_lin     52.35734      0.000    750  
  cop_0567_lp_lin    418.35048      0.000    166  
  cop_0568_lp_lin     87.67768      0.000    401  
  cop_0569_lp_lin     37.83042      0.000    405  
  cop_0570_lp_lin     21.69140      0.000    886  
  cop_0571_lp_lin     30.64171      0.000    861  
  cop_0572_lp_lin    342.09189      0.000    460  
  cop_0573_lp_lin    106.53864      0.000    168  
  cop_0574_lp_lin     35.30972      0.000    645  
  cop_0575_lp_lin    155.08497      0.000    425  
  cop_0576_lp_lin    151.59631      0.000    126  
  cop_0577_lp_lin     14.08828      0.000    974  
  cop_0578_lp_lin     43.20840      0.000    267  
  cop_0579_lp_lin    544.93694      0.000      7  
  cop_0580_lp_lin     59.87523      0.000    533  
  cop_0581_lp_lin     38.01387      0.000    592  
  cop_0582_lp_lin    315.77267      0.000     96  
  cop_0583_lp_lin     97.62776      0.000    154  
  cop_0584_lp_lin    517.34396      0.000     62  
  cop_0585_lp_lin     61.45799      0.000    450  
  cop_0586_lp_lin    125.88684      0.000    185  
  cop_0587_lp_lin     45.30697      0.000    593  
  cop_0588_lp_lin    332.19208      0.000    134  
  cop_0589_lp_lin     55.76496      0.000    439  
  cop_0590_lp_lin    367.45516      0.000    205  
  cop_0591_lp_lin    705.64093      0.000    237  
  cop_0592_lp_lin    148.69067      0.000    311  
  cop_0593_lp_lin      3.31331      0.001    999  
  cop_0594_lp_lin     22.64151      0.000    881  
  cop_0595_lp_lin     70.63339      0.000    711  
  cop_0596_lp_lin     25.51945      0.000    846  
  cop_0597_lp_lin     77.91148      0.000    651  
  cop_0598_lp_lin     33.78839      0.000    788  
  cop_0599_lp_lin    150.31582      0.000    280  
  cop_0600_lp_lin     43.76875      0.000    464  
  cop_0601_lp_lin     49.60906      0.000    169  
  cop_0602_lp_lin    179.64866      0.000    399  
  cop_0603_lp_lin    356.68103      0.000    310  
  cop_0604_lp_lin     18.89964      0.000    893  
  cop_0605_lp_lin    241.55857      0.000     26  
  cop_0606_lp_lin     52.86504      0.000    204  
  cop_0607_lp_lin    203.04797      0.000    124  
  cop_0608_lp_lin    982.95871      0.000    619  
  cop_0609_lp_lin     95.03369      0.000    177  
  cop_0610_lp_lin    120.72254      0.000     67  
  cop_0611_lp_lin    113.85704      0.000    570  
  cop_0612_lp_lin    235.94247      0.000    250  
  cop_0613_lp_lin    166.65168      0.000    266  
  cop_0614_lp_lin    156.39113      0.000    338  
  cop_0615_lp_lin     64.42744      0.000    599  
  cop_0616_lp_lin     69.88631      0.000    731  
  cop_0617_lp_lin    111.08163      0.000    586  
  cop_0618_lp_lin    105.31760      0.000    203  
  cop_0619_lp_lin    176.21562      0.000    566  
  cop_0620_lp_lin     68.86125      0.000    691  
  cop_0621_lp_lin    147.43624      0.000    199  
  cop_0622_lp_lin     12.22860      0.000    987  
  cop_0623_lp_lin    103.61137      0.000    149  
  cop_0624_lp_lin     39.46501      0.000    198  
  cop_0625_lp_lin     83.56897      0.000     70  
  cop_0626_lp_lin    648.36640      0.000    389  
  cop_0627_lp_lin    141.60009      0.000     69  
  cop_0628_lp_lin     25.36889      0.000    885  
  cop_0629_lp_lin     24.66711      0.000    804  
  cop_0630_lp_lin     91.42286      0.000    890  
  cop_0631_lp_lin     18.75975      0.000    947  
  cop_0632_lp_lin    276.13442      0.000     22  
  cop_0633_lp_lin     60.38728      0.000    728  
  cop_0634_lp_lin     38.90390      0.000    585  
  cop_0635_lp_lin     30.74165      0.000    782  
  cop_0636_lp_lin     58.30254      0.000    228  
  cop_0637_lp_lin    390.63028      0.000     83  
  cop_0638_lp_lin     58.16901      0.000    412  
  cop_0639_lp_lin     72.23716      0.000    449  
  cop_0640_lp_lin     56.24573      0.000    718  
  cop_0641_lp_lin    104.77186      0.000    552  
  cop_0642_lp_lin     44.74100      0.000    774  
  cop_0643_lp_lin     85.69875      0.000    485  
  cop_0644_lp_lin    123.58647      0.000    639  
  cop_0645_lp_lin    110.30040      0.000    655  
  cop_0646_lp_lin    105.32845      0.000    240  
  cop_0647_lp_lin     62.87457      0.000    676  
  cop_0648_lp_lin    197.93314      0.000    101  
  cop_0649_lp_lin     78.97372      0.000    564  
  cop_0650_lp_lin     43.89944      0.000    529  
  cop_0651_lp_lin     53.12829      0.000    345  
  cop_0652_lp_lin     20.06742      0.000    871  
  cop_0653_lp_lin     66.84673      0.000    443  
  cop_0654_lp_lin      5.94995      0.000    998  
  cop_0655_lp_lin    192.59689      0.000    305  
  cop_0656_lp_lin    827.27999      0.000    697  
  cop_0657_lp_lin   1569.30896      0.000    360  
  cop_0658_lp_lin    117.37592      0.000    567  
  cop_0659_lp_lin    120.56584      0.000    521  
  cop_0660_lp_lin     23.27164      0.000    891  
  cop_0661_lp_lin     19.19499      0.000    929  
  cop_0662_lp_lin    112.30543      0.000    546  
  cop_0663_lp_lin    233.82530      0.000     73  
  cop_0664_lp_lin     32.33757      0.000    786  
  cop_0665_lp_lin     11.87867      0.000    984  
  cop_0666_lp_lin     53.34700      0.000    255  
  cop_0667_lp_lin     42.81600      0.000    867  
  cop_0668_lp_lin     89.62488      0.000    183  
  cop_0669_lp_lin    331.45996      0.000    351  
  cop_0670_lp_lin   2363.44899      0.000     15  
  cop_0671_lp_lin     89.53011      0.000    383  
  cop_0672_lp_lin     51.78544      0.000    607  
  cop_0673_lp_lin     80.98325      0.000    388  
  cop_0674_lp_lin    136.44747      0.000      1  
  cop_0675_lp_lin    226.97810      0.000    118  
  cop_0676_lp_lin    140.09930      0.000    354  
  cop_0677_lp_lin    184.53535      0.000    416  
  cop_0678_lp_lin    524.27225      0.000    511  
  cop_0679_lp_lin   2796.14728      0.000     13  
  cop_0680_lp_lin    182.58367      0.000    466  
  cop_0681_lp_lin    307.36908      0.000    737  
  cop_0682_lp_lin     56.31828      0.000    634  
  cop_0683_lp_lin     32.69373      0.000    677  
  cop_0684_lp_lin     26.11532      0.000    753  
  cop_0685_lp_lin     25.11648      0.000    808  
  cop_0686_lp_lin     22.14492      0.000    869  
  cop_0687_lp_lin    314.84752      0.000    738  
  cop_0688_lp_lin     56.34970      0.000    252  
  cop_0689_lp_lin     28.36881      0.000    805  
  cop_0690_lp_lin   1110.93800      0.000    135  
  cop_0691_lp_lin     20.50207      0.000    917  
  cop_0692_lp_lin     29.88802      0.000    948  
  cop_0693_lp_lin    111.85376      0.000    654  
  cop_0694_lp_lin     36.29068      0.000    801  
  cop_0695_lp_lin     91.61551      0.000    138  
  cop_0696_lp_lin     17.12164      0.000    964  
  cop_0697_lp_lin     38.55741      0.000    352  
  cop_0698_lp_lin     63.94255      0.000     78  
  cop_0699_lp_lin    148.56396      0.000    343  
  cop_0700_lp_lin    675.38251      0.000    344  
  cop_0701_lp_lin    119.87356      0.000     84  
  cop_0702_lp_lin     29.95383      0.000    810  
  cop_0703_lp_lin     61.83122      0.000    339  
  cop_0704_lp_lin   1490.58839      0.000    820  
  cop_0705_lp_lin     27.44645      0.000    860  
  cop_0706_lp_lin     48.38701      0.000    530  
  cop_0707_lp_lin     19.73022      0.000    910  
  cop_0708_lp_lin     15.90110      0.000    933  
  cop_0709_lp_lin    161.49346      0.000    109  
  cop_0710_lp_lin    214.86049      0.000    245  
  cop_0711_lp_lin     30.18457      0.000    380  
  cop_0712_lp_lin     90.95858      0.000    497  
  cop_0713_lp_lin    130.43203      0.000    705  
  cop_0714_lp_lin    124.65175      0.000    217  
  cop_0715_lp_lin     10.10480      0.000    988  
  cop_0716_lp_lin    117.39987      0.000    556  
  cop_0717_lp_lin     16.98732      0.000    927  
  cop_0718_lp_lin    524.50863      0.000    528  
  cop_0719_lp_lin     44.54739      0.000    167  
  cop_0720_lp_lin     15.40935      0.000    975  
  cop_0721_lp_lin    198.82427      0.000    214  
  cop_0722_lp_lin    215.52374      0.000    348  
  cop_0723_lp_lin     51.40940      0.000    453  
  cop_0724_lp_lin    372.88507      0.000    315  
  cop_0725_lp_lin     48.78533      0.000    583  
  cop_0726_lp_lin    113.33310      0.000    256  
  cop_0727_lp_lin     56.57676      0.000    836  
  cop_0728_lp_lin    107.57413      0.000    591  
  cop_0729_lp_lin     66.86618      0.000    512  
  cop_0730_lp_lin     69.76200      0.000    184  
  cop_0731_lp_lin     67.39672      0.000    700  
  cop_0732_lp_lin    143.16864      0.000    192  
  cop_0733_lp_lin     69.20884      0.000    541  
  cop_0734_lp_lin    118.91663      0.000    142  
  cop_0735_lp_lin     17.27165      0.000    946  
  cop_0736_lp_lin     34.21264      0.000    670  
  cop_0737_lp_lin    171.79286      0.000    409  
  cop_0738_lp_lin     23.74493      0.000    792  
  cop_0739_lp_lin   1144.95503      0.000    540  
  cop_0740_lp_lin     13.93493      0.000    981  
  cop_0741_lp_lin     89.61029      0.000    475  
  cop_0742_lp_lin     19.91964      0.000    936  
  cop_0743_lp_lin     44.81494      0.000    638  
  cop_0744_lp_lin    235.94548      0.000    385  
  cop_0745_lp_lin    540.00079      0.000    681  
  cop_0746_lp_lin    573.44012      0.000    647  
  cop_0747_lp_lin    172.50560      0.000    535  
  cop_0748_lp_lin     31.87612      0.000    713  
  cop_0749_lp_lin     46.19051      0.000    901  
  cop_0750_lp_lin     26.57478      0.000    965  
  cop_0751_lp_lin     18.48522      0.000    898  
  cop_0752_lp_lin   1070.49499      0.000    429  
  cop_0753_lp_lin     85.15189      0.000    769  
  cop_0754_lp_lin    171.80056      0.000    693  
  cop_0755_lp_lin     64.45785      0.000    279  
  cop_0756_lp_lin     14.97527      0.000    961  
  cop_0757_lp_lin     22.91335      0.000    849  
  cop_0758_lp_lin     66.76158      0.000    816  
  cop_0759_lp_lin     60.80448      0.000    467  
  cop_0760_lp_lin    106.97860      0.000    323  
  cop_0761_lp_lin     74.48824      0.000    398  
  cop_0762_lp_lin     54.84512      0.000    459  
  cop_0763_lp_lin     22.96075      0.000    877  
  cop_0764_lp_lin     19.04311      0.000    954  
  cop_0765_lp_lin     41.24456      0.000    270  
  cop_0766_lp_lin     30.80046      0.000    850  
  cop_0767_lp_lin    308.59493      0.000    650  
  cop_0768_lp_lin   9143.64567      0.000    548  
  cop_0769_lp_lin    123.71434      0.000    463  
  cop_0770_lp_lin    108.07981      0.000    695  
  cop_0771_lp_lin    109.26411      0.000    309  
  cop_0772_lp_lin     35.91834      0.000    568  
  cop_0773_lp_lin     16.41363      0.000    970  
  cop_0774_lp_lin     18.89608      0.000    926  
  cop_0775_lp_lin     68.06168      0.000     76  
  cop_0776_lp_lin     50.09584      0.000     81  
  cop_0777_lp_lin     18.68713      0.000    931  
  cop_0778_lp_lin     27.57182      0.000    795  
  cop_0779_lp_lin     60.36082      0.000    544  
  cop_0780_lp_lin     39.23008      0.000    362  
  cop_0781_lp_lin    339.36844      0.000    451  
  cop_0782_lp_lin     37.82597      0.000    609  
  cop_0783_lp_lin   1605.01436      0.000    643  
  cop_0784_lp_lin     18.43848      0.000    949  
  cop_0785_lp_lin    549.55035      0.000    303  
  cop_0786_lp_lin    181.79382      0.000     18  
  cop_0787_lp_lin    840.46468      0.000    248  
  cop_0788_lp_lin    158.57419      0.000    505  
  cop_0789_lp_lin    174.62351      0.000    649  
  cop_0790_lp_lin     52.99980      0.000    498  
  cop_0791_lp_lin     74.56708      0.000    404  
  cop_0792_lp_lin    636.71831      0.000    316  
  cop_0793_lp_lin     27.78384      0.000    776  
  cop_0794_lp_lin     38.34986      0.000    669  
  cop_0795_lp_lin     71.62351      0.000    773  
  cop_0796_lp_lin     23.09373      0.000    913  
  cop_0797_lp_lin     52.61956      0.000    615  
  cop_0798_lp_lin     46.31877      0.000    783  
  cop_0799_lp_lin    805.15214      0.000    642  
  cop_0800_lp_lin     64.82989      0.000    882  
  cop_0801_lp_lin      6.80368      0.000    996  
  cop_0802_lp_lin     69.01861      0.000    274  
  cop_0803_lp_lin     43.28488      0.000    625  
  cop_0804_lp_lin    145.20716      0.000    243  
  cop_0805_lp_lin    113.84616      0.000    244  
  cop_0806_lp_lin     40.46392      0.000    604  
  cop_0807_lp_lin    238.99439      0.000    444  
  cop_0808_lp_lin    119.86961      0.000     64  
  cop_0809_lp_lin    618.39893      0.000    161  
  cop_0810_lp_lin    931.54747      0.000    612  
  cop_0811_lp_lin    405.83532      0.000    260  
  cop_0812_lp_lin    155.30638      0.000      9  
  cop_0813_lp_lin    125.83851      0.000     57  
  cop_0814_lp_lin     48.85887      0.000    755  
  cop_0815_lp_lin     39.14601      0.000    290  
  cop_0816_lp_lin    813.09181      0.000    332  
  cop_0817_lp_lin    120.98527      0.000    314  
  cop_0818_lp_lin    105.94190      0.000    165  
  cop_0819_lp_lin     76.65515      0.000    262  
  cop_0820_lp_lin     26.26008      0.000    878  
  cop_0821_lp_lin     32.19544      0.000    613  
  cop_0822_lp_lin    240.82040      0.000    486  
  cop_0823_lp_lin    957.09698      0.000    158  
  cop_0824_lp_lin     17.11031      0.000    940  
  cop_0825_lp_lin     34.33094      0.000    685  
  cop_0826_lp_lin     14.57584      0.000    966  
  cop_0827_lp_lin     20.85516      0.000    955  
  cop_0828_lp_lin    223.57898      0.000    387  
  cop_0829_lp_lin     99.06320      0.000    238  
  cop_0830_lp_lin    568.50351      0.000    686  
  cop_0831_lp_lin     68.24709      0.000    361  
  cop_0832_lp_lin     14.01655      0.000    972  
  cop_0833_lp_lin    658.57128      0.000    114  
  cop_0834_lp_lin     39.94909      0.000    337  
  cop_0835_lp_lin     81.45343      0.000    137  
  cop_0836_lp_lin    206.76709      0.000    531  
  cop_0837_lp_lin    142.70572      0.000    288  
  cop_0838_lp_lin     38.41788      0.000    684  
  cop_0839_lp_lin    265.45743      0.000    347  
  cop_0840_lp_lin     75.53770      0.000    581  
  cop_0841_lp_lin     25.03220      0.000    814  
  cop_0842_lp_lin    323.89103      0.000    151  
  cop_0843_lp_lin     58.56949      0.000    301  
  cop_0844_lp_lin     53.46122      0.000    800  
  cop_0845_lp_lin    414.05188      0.000     58  
  cop_0846_lp_lin    485.69033      0.000    247  
  cop_0847_lp_lin    145.07252      0.000    187  
  cop_0848_lp_lin     28.82790      0.000    904  
  cop_0849_lp_lin     28.23462      0.000    777  
  cop_0850_lp_lin     48.75984      0.000    532  
  cop_0851_lp_lin    196.57966      0.000    326  
  cop_0852_lp_lin     24.11613      0.000    856  
  cop_0853_lp_lin     39.37491      0.000    813  
  cop_0854_lp_lin     25.70058      0.000    851  
  cop_0855_lp_lin     84.23993      0.000    209  
  cop_0856_lp_lin    220.54014      0.000    284  
  cop_0857_lp_lin     33.00453      0.000    501  
  cop_0858_lp_lin     42.06038      0.000    212  
  cop_0859_lp_lin     17.55584      0.000    953  
  cop_0860_lp_lin    675.71785      0.000    330  
  cop_0861_lp_lin    117.26722      0.000    355  
  cop_0862_lp_lin     27.07880      0.000    859  
  cop_0863_lp_lin     32.11995      0.000    858  
  cop_0864_lp_lin     45.99447      0.000    232  
  cop_0865_lp_lin    186.51263      0.000    229  
  cop_0866_lp_lin     56.92867      0.000    595  
  cop_0867_lp_lin     32.52851      0.000    621  
  cop_0868_lp_lin    382.70877      0.000     91  
  cop_0869_lp_lin    140.80562      0.000    410  
  cop_0870_lp_lin   2073.95251      0.000    249  
  cop_0871_lp_lin     28.26643      0.000    863  
  cop_0872_lp_lin     63.16216      0.000    292  
  cop_0873_lp_lin     85.54492      0.000    428  
  cop_0874_lp_lin     36.62543      0.000    417  
  cop_0875_lp_lin     68.79548      0.000    189  
  cop_0876_lp_lin     44.93833      0.000    534  
  cop_0877_lp_lin     37.42150      0.000    557  
  cop_0878_lp_lin     30.09051      0.000    943  
  cop_0879_lp_lin     64.34609      0.000    153  
  cop_0880_lp_lin     32.80428      0.000    855  
  cop_0881_lp_lin     65.17674      0.000     97  
  cop_0882_lp_lin     31.90059      0.000    802  
  cop_0883_lp_lin    246.97566      0.000    200  
  cop_0884_lp_lin     33.08277      0.000    579  
  cop_0885_lp_lin    190.48090      0.000    322  
  cop_0886_lp_lin     27.87335      0.000    419  
  cop_0887_lp_lin    191.04323      0.000     36  
  cop_0888_lp_lin     71.81958      0.000    239  
  cop_0889_lp_lin     74.61994      0.000    396  
  cop_0890_lp_lin    346.60374      0.000    170  
  cop_0891_lp_lin     65.22198      0.000    164  
  cop_0892_lp_lin     81.05151      0.000    411  
  cop_0893_lp_lin     52.53106      0.000    131  
  cop_0894_lp_lin    122.81127      0.000    258  
  cop_0895_lp_lin     66.73703      0.000    785  
  cop_0896_lp_lin     41.45411      0.000    299  
  cop_0897_lp_lin     17.91624      0.000    939  
  cop_0898_lp_lin     22.88004      0.000    751  
  cop_0899_lp_lin     24.21773      0.000    748  
  cop_0900_lp_lin    612.71418      0.000    519  
  cop_0901_lp_lin     68.09366      0.000    573  
  cop_0902_lp_lin     20.53331      0.000    963  
  cop_0903_lp_lin    116.48023      0.000    545  
  cop_0904_lp_lin     31.89606      0.000    715  
  cop_0905_lp_lin      2.87674      1.000      -  yes
  cop_0906_lp_lin     17.34348      0.000    942  
  cop_0907_lp_lin    335.40983      0.000     10  
  cop_0908_lp_lin    324.02362      0.000    842  
  cop_0909_lp_lin    113.40524      0.000    657  
  cop_0910_lp_lin     50.25210      0.000    835  
  cop_0911_lp_lin     41.20517      0.000    833  
  cop_0912_lp_lin    100.62266      0.000    644  
  cop_0913_lp_lin     24.78896      0.000    828  
  cop_0914_lp_lin     23.43952      0.000    941  
  cop_0915_lp_lin    127.45833      0.000    495  
  cop_0916_lp_lin    144.96275      0.000    227  
  cop_0917_lp_lin     12.35806      0.000    973  
  cop_0918_lp_lin    381.76863      0.000     21  
  cop_0919_lp_lin    564.62081      0.000    696  
  cop_0920_lp_lin     92.39748      0.000    772  
  cop_0921_lp_lin     89.06631      0.000    527  
  cop_0922_lp_lin    139.92811      0.000    221  
  cop_0923_lp_lin     53.43308      0.000    561  
  cop_0924_lp_lin   1215.90529      0.000    803  
  cop_0925_lp_lin     88.13321      0.000    688  
  cop_0926_lp_lin    607.06350      0.000    206  
  cop_0927_lp_lin    123.13216      0.000     82  
  cop_0928_lp_lin   1545.95522      0.000    197  
  cop_0929_lp_lin    384.91570      0.000    386  
  cop_0930_lp_lin     98.36981      0.000    434  
  cop_0931_lp_lin     12.19876      0.000    978  
  cop_0932_lp_lin    718.32391      0.000    377  
  cop_0933_lp_lin    195.38678      0.000    324  
  cop_0934_lp_lin    118.59126      0.000    663  
  cop_0935_lp_lin    219.19648      0.000    431  
  cop_0936_lp_lin    141.76243      0.000    366  
  cop_0937_lp_lin     30.15593      0.000    757  
  cop_0938_lp_lin    320.60937      0.000    193  
  cop_0939_lp_lin     61.37506      0.000    372  
  cop_0940_lp_lin    319.42864      0.000     12  
  cop_0941_lp_lin     45.37850      0.000    507  
  cop_0942_lp_lin    626.81277      0.000    312  
  cop_0943_lp_lin     23.25393      0.000    868  
  cop_0944_lp_lin    109.76334      0.000    602  
  cop_0945_lp_lin    183.38219      0.000    483  
  cop_0946_lp_lin    273.35704      0.000    631  
  cop_0947_lp_lin    230.77588      0.000    369  
  cop_0948_lp_lin     44.44068      0.000    752  
  cop_0949_lp_lin    261.26643      0.000     99  
  cop_0950_lp_lin     40.32580      0.000    627  
  cop_0951_lp_lin     29.76450      0.000    746  
  cop_0952_lp_lin     38.26063      0.000    826  
  cop_0953_lp_lin     70.82047      0.000    108  
  cop_0954_lp_lin     92.24929      0.000    268  
  cop_0955_lp_lin     43.72038      0.000    491  
  cop_0956_lp_lin     83.61436      0.000     89  
  cop_0957_lp_lin    162.65155      0.000    543  
  cop_0958_lp_lin    999.47044      0.000    582  
  cop_0959_lp_lin     78.64214      0.000    106  
  cop_0960_lp_lin     91.93694      0.000     93  
  cop_0961_lp_lin     98.26668      0.000    436  
  cop_0962_lp_lin     44.42539      0.000    395  
  cop_0963_lp_lin     63.17563      0.000    287  
  cop_0964_lp_lin     48.86972      0.000    763  
  cop_0965_lp_lin    384.24880      0.000    442  
  cop_0966_lp_lin    321.77121      0.000     24  
  cop_0967_lp_lin    400.53672      0.000     35  
  cop_0968_lp_lin     35.04999      0.000    333  
  cop_0969_lp_lin     29.23167      0.000    603  
  cop_0970_lp_lin      5.83139      0.000    997  
  cop_0971_lp_lin     19.81474      0.000    847  
  cop_0972_lp_lin     22.37295      0.000    894  
  cop_0973_lp_lin     79.90320      0.000    616  
  cop_0974_lp_lin     65.19957      0.000    709  
  cop_0975_lp_lin    131.32875      0.000    231  
  cop_0976_lp_lin     62.97608      0.000    729  
  cop_0977_lp_lin    410.16938      0.000     86  
  cop_0978_lp_lin     42.70286      0.000    646  
  cop_0979_lp_lin     47.02449      0.000    194  
  cop_0980_lp_lin    414.49832      0.000    515  
  cop_0981_lp_lin    142.09056      0.000    110  
  cop_0982_lp_lin     45.03756      0.000    584  
  cop_0983_lp_lin    143.66789      0.000    357  
  cop_0984_lp_lin    265.03171      0.000     37  
  cop_0985_lp_lin     74.12119      0.000    276  
  cop_0986_lp_lin     41.72955      0.000    736  
  cop_0987_lp_lin    107.34201      0.000    493  
  cop_0988_lp_lin     81.00495      0.000     46  
  cop_0989_lp_lin    364.25418      0.000    469  
  cop_0990_lp_lin    220.42671      0.000    594  
  cop_0991_lp_lin     83.89917      0.000    334  
  cop_0992_lp_lin    188.27869      0.000    390  
  cop_0993_lp_lin    124.82242      0.000    263  
  cop_0994_lp_lin     35.09617      0.000    829  
  cop_0995_lp_lin     34.98008      0.000    375  
  cop_0996_lp_lin     39.27150      0.000    539  
  cop_0997_lp_lin    170.29042      0.000    148  
  cop_0998_lp_lin     44.67984      0.000    699  
  cop_0999_lp_lin     48.70019      0.000    668  
  cop_1000_lp_lin     54.85925      0.000    253  
  eliminated, worst first: cop_0674_lp_lin cop_0545_lp_lin cop_0333_lp_lin cop_0326_lp_lin cop_0188_lp_lin cop_0272_lp_lin cop_0579_lp_lin cop_0026_lp_lin cop_0812_lp_lin cop_0907_lp_lin cop_0511_lp_lin cop_0940_lp_lin cop_0679_lp_lin cop_0096_lp_lin cop_0670_lp_lin cop_0104_lp_lin cop_0158_lp_lin cop_0786_lp_lin cop_0549_lp_lin cop_0375_lp_lin cop_0918_lp_lin cop_0632_lp_lin cop_0089_lp_lin cop_0966_lp_lin cop_0456_lp_lin cop_0605_lp_lin cop_0244_lp_lin cop_0092_lp_lin cop_0067_lp_lin cop_0175_lp_lin cop_0154_lp_lin cop_0548_lp_lin cop_0123_lp_lin cop_0222_lp_lin cop_0967_lp_lin cop_0887_lp_lin cop_0984_lp_lin cop_0063_lp_lin cop_0126_lp_lin cop_0114_lp_lin cop_0138_lp_lin cop_0550_lp_lin cop_0508_lp_lin cop_0160_lp_lin cop_0247_lp_lin cop_0988_lp_lin cop_0535_lp_lin cop_0560_lp_lin cop_0328_lp_lin cop_0325_lp_lin cop_0217_lp_lin cop_0234_lp_lin cop_0245_lp_lin cop_0357_lp_lin cop_0251_lp_lin cop_0442_lp_lin cop_0813_lp_lin cop_0845_lp_lin cop_0438_lp_lin cop_0212_lp_lin cop_0451_lp_lin cop_0584_lp_lin cop_0012_lp_lin cop_0808_lp_lin cop_0372_lp_lin cop_0006_lp_lin cop_0610_lp_lin cop_0084_lp_lin cop_0627_lp_lin cop_0625_lp_lin cop_0266_lp_lin cop_0093_lp_lin cop_0663_lp_lin cop_0425_lp_lin cop_0473_lp_lin cop_0775_lp_lin cop_0362_lp_lin cop_0698_lp_lin cop_0253_lp_lin cop_0499_lp_lin cop_0776_lp_lin cop_0927_lp_lin cop_0637_lp_lin cop_0701_lp_lin cop_0086_lp_lin cop_0977_lp_lin cop_0068_lp_lin cop_0539_lp_lin cop_0956_lp_lin cop_0177_lp_lin cop_0868_lp_lin cop_0082_lp_lin cop_0960_lp_lin cop_0485_lp_lin cop_0556_lp_lin cop_0582_lp_lin cop_0881_lp_lin cop_0056_lp_lin cop_0949_lp_lin cop_0046_lp_lin cop_0648_lp_lin cop_0018_lp_lin cop_0392_lp_lin cop_0445_lp_lin cop_0363_lp_lin cop_0959_lp_lin cop_0327_lp_lin cop_0953_lp_lin cop_0709_lp_lin cop_0981_lp_lin cop_0155_lp_lin cop_0043_lp_lin cop_0216_lp_lin cop_0833_lp_lin cop_0487_lp_lin cop_0270_lp_lin cop_0133_lp_lin cop_0675_lp_lin cop_0159_lp_lin cop_0095_lp_lin cop_0383_lp_lin cop_0276_lp_lin cop_0295_lp_lin cop_0607_lp_lin cop_0558_lp_lin cop_0576_lp_lin cop_0278_lp_lin cop_0284_lp_lin cop_0184_lp_lin cop_0230_lp_lin cop_0893_lp_lin cop_0300_lp_lin cop_0041_lp_lin cop_0588_lp_lin cop_0690_lp_lin cop_0491_lp_lin cop_0835_lp_lin cop_0695_lp_lin cop_0405_lp_lin cop_0401_lp_lin cop_0315_lp_lin cop_0734_lp_lin cop_0354_lp_lin cop_0447_lp_lin cop_0336_lp_lin cop_0400_lp_lin cop_0263_lp_lin cop_0997_lp_lin cop_0623_lp_lin cop_0522_lp_lin cop_0842_lp_lin cop_0323_lp_lin cop_0879_lp_lin cop_0583_lp_lin cop_0203_lp_lin cop_0167_lp_lin cop_0236_lp_lin cop_0823_lp_lin cop_0111_lp_lin cop_0365_lp_lin cop_0809_lp_lin cop_0021_lp_lin cop_0528_lp_lin cop_0891_lp_lin cop_0818_lp_lin cop_0567_lp_lin cop_0719_lp_lin cop_0573_lp_lin cop_0601_lp_lin cop_0890_lp_lin cop_0536_lp_lin cop_0370_lp_lin cop_0077_lp_lin cop_0339_lp_lin cop_0521_lp_lin cop_0015_lp_lin cop_0609_lp_lin cop_0557_lp_lin cop_0475_lp_lin cop_0030_lp_lin cop_0305_lp_lin cop_0541_lp_lin cop_0668_lp_lin cop_0730_lp_lin cop_0586_lp_lin cop_0122_lp_lin cop_0847_lp_lin cop_0420_lp_lin cop_0875_lp_lin cop_0229_lp_lin cop_0195_lp_lin cop_0732_lp_lin cop_0938_lp_lin cop_0979_lp_lin cop_0393_lp_lin cop_0329_lp_lin cop_0928_lp_lin cop_0624_lp_lin cop_0621_lp_lin cop_0883_lp_lin cop_0337_lp_lin cop_0412_lp_lin cop_0618_lp_lin cop_0606_lp_lin cop_0590_lp_lin cop_0926_lp_lin cop_0551_lp_lin cop_0080_lp_lin cop_0855_lp_lin cop_0164_lp_lin cop_0260_lp_lin cop_0858_lp_lin cop_0484_lp_lin cop_0721_lp_lin cop_0301_lp_lin cop_0287_lp_lin cop_0714_lp_lin cop_0341_lp_lin cop_0137_lp_lin cop_0098_lp_lin cop_0922_lp_lin cop_0324_lp_lin cop_0119_lp_lin cop_0083_lp_lin cop_0130_lp_lin cop_0073_lp_lin cop_0916_lp_lin cop_0636_lp_lin cop_0865_lp_lin cop_0507_lp_lin cop_0975_lp_lin cop_0864_lp_lin cop_0286_lp_lin cop_0455_lp_lin cop_0366_lp_lin cop_0415_lp_lin cop_0591_lp_lin cop_0829_lp_lin cop_0888_lp_lin cop_0646_lp_lin cop_0151_lp_lin cop_0049_lp_lin cop_0804_lp_lin cop_0805_lp_lin cop_0710_lp_lin cop_0101_lp_lin cop_0846_lp_lin cop_0787_lp_lin cop_0870_lp_lin cop_0612_lp_lin cop_0085_lp_lin cop_0688_lp_lin cop_1000_lp_lin cop_0257_lp_lin cop_0666_lp_lin cop_0726_lp_lin cop_0020_lp_lin cop_0894_lp_lin cop_0497_lp_lin cop_0811_lp_lin cop_0384_lp_lin cop_0819_lp_lin cop_0993_lp_lin cop_0115_lp_lin cop_0290_lp_lin cop_0613_lp_lin cop_0578_lp_lin cop_0954_lp_lin cop_0235_lp_lin cop_0765_lp_lin cop_0265_lp_lin cop_0488_lp_lin cop_0297_lp_lin cop_0802_lp_lin cop_0463_lp_lin cop_0985_lp_lin cop_0531_lp_lin cop_0564_lp_lin cop_0755_lp_lin cop_0599_lp_lin cop_0436_lp_lin cop_0194_lp_lin cop_0441_lp_lin cop_0856_lp_lin cop_0176_lp_lin cop_0279_lp_lin cop_0963_lp_lin cop_0837_lp_lin cop_0406_lp_lin cop_0815_lp_lin cop_0349_lp_lin cop_0872_lp_lin cop_0271_lp_lin cop_0042_lp_lin cop_0398_lp_lin cop_0360_lp_lin cop_0371_lp_lin cop_0052_lp_lin cop_0896_lp_lin cop_0452_lp_lin cop_0843_lp_lin cop_0008_lp_lin cop_0785_lp_lin cop_0198_lp_lin cop_0655_lp_lin cop_0243_lp_lin cop_0178_lp_lin cop_0296_lp_lin cop_0771_lp_lin cop_0603_lp_lin cop_0592_lp_lin cop_0942_lp_lin cop_0023_lp_lin cop_0817_lp_lin cop_0724_lp_lin cop_0792_lp_lin cop_0394_lp_lin cop_0127_lp_lin cop_0468_lp_lin cop_0022_lp_lin cop_0256_lp_lin cop_0885_lp_lin cop_0760_lp_lin cop_0933_lp_lin cop_0088_lp_lin cop_0851_lp_lin cop_0065_lp_lin cop_0064_lp_lin cop_0302_lp_lin cop_0860_lp_lin cop_0149_lp_lin cop_0816_lp_lin cop_0968_lp_lin cop_0991_lp_lin cop_0532_lp_lin cop_0254_lp_lin cop_0834_lp_lin cop_0614_lp_lin cop_0703_lp_lin cop_0283_lp_lin cop_0051_lp_lin cop_0094_lp_lin cop_0699_lp_lin cop_0700_lp_lin cop_0651_lp_lin cop_0404_lp_lin cop_0839_lp_lin cop_0722_lp_lin cop_0248_lp_lin cop_0563_lp_lin cop_0669_lp_lin cop_0697_lp_lin cop_0449_lp_lin cop_0676_lp_lin cop_0861_lp_lin cop_0005_lp_lin cop_0983_lp_lin cop_0411_lp_lin cop_0376_lp_lin cop_0657_lp_lin cop_0831_lp_lin cop_0780_lp_lin cop_0132_lp_lin cop_0471_lp_lin cop_0387_lp_lin cop_0936_lp_lin cop_0153_lp_lin cop_0330_lp_lin cop_0947_lp_lin cop_0440_lp_lin cop_0055_lp_lin cop_0939_lp_lin cop_0208_lp_lin cop_0193_lp_lin cop_0995_lp_lin cop_0483_lp_lin cop_0932_lp_lin cop_0414_lp_lin cop_0308_lp_lin cop_0711_lp_lin cop_0489_lp_lin cop_0013_lp_lin cop_0671_lp_lin cop_0432_lp_lin cop_0744_lp_lin cop_0929_lp_lin cop_0828_lp_lin cop_0673_lp_lin cop_0626_lp_lin cop_0992_lp_lin cop_0264_lp_lin cop_0310_lp_lin cop_0192_lp_lin cop_0075_lp_lin cop_0962_lp_lin cop_0889_lp_lin cop_0074_lp_lin cop_0761_lp_lin cop_0602_lp_lin cop_0342_lp_lin cop_0568_lp_lin cop_0034_lp_lin cop_0369_lp_lin cop_0791_lp_lin cop_0569_lp_lin cop_0486_lp_lin cop_0562_lp_lin cop_0423_lp_lin cop_0737_lp_lin cop_0869_lp_lin cop_0892_lp_lin cop_0638_lp_lin cop_0434_lp_lin cop_0467_lp_lin cop_0476_lp_lin cop_0677_lp_lin cop_0874_lp_lin cop_0380_lp_lin cop_0886_lp_lin cop_0311_lp_lin cop_0232_lp_lin cop_0345_lp_lin cop_0024_lp_lin cop_0050_lp_lin cop_0575_lp_lin cop_0358_lp_lin cop_0233_lp_lin cop_0873_lp_lin cop_0752_lp_lin cop_0385_lp_lin cop_0935_lp_lin cop_0427_lp_lin cop_0027_lp_lin cop_0930_lp_lin cop_0169_lp_lin cop_0961_lp_lin cop_0421_lp_lin cop_0180_lp_lin cop_0589_lp_lin cop_0078_lp_lin cop_0224_lp_lin cop_0965_lp_lin cop_0653_lp_lin cop_0807_lp_lin cop_0515_lp_lin cop_0206_lp_lin cop_0275_lp_lin cop_0060_lp_lin cop_0639_lp_lin cop_0585_lp_lin cop_0781_lp_lin cop_0391_lp_lin cop_0723_lp_lin cop_0344_lp_lin cop_0141_lp_lin cop_0418_lp_lin cop_0430_lp_lin cop_0150_lp_lin cop_0762_lp_lin cop_0572_lp_lin cop_0259_lp_lin cop_0367_lp_lin cop_0769_lp_lin cop_0600_lp_lin cop_0553_lp_lin cop_0680_lp_lin cop_0759_lp_lin cop_0378_lp_lin cop_0989_lp_lin cop_0199_lp_lin cop_0228_lp_lin cop_0197_lp_lin cop_0355_lp_lin cop_0017_lp_lin cop_0741_lp_lin cop_0514_lp_lin cop_0331_lp_lin cop_0091_lp_lin cop_0506_lp_lin cop_0163_lp_lin cop_0185_lp_lin cop_0291_lp_lin cop_0945_lp_lin cop_0140_lp_lin cop_0643_lp_lin cop_0822_lp_lin cop_0448_lp_lin cop_0309_lp_lin cop_0189_lp_lin cop_0419_lp_lin cop_0955_lp_lin cop_0209_lp_lin cop_0987_lp_lin cop_0223_lp_lin cop_0915_lp_lin cop_0379_lp_lin cop_0712_lp_lin cop_0790_lp_lin cop_0059_lp_lin cop_0249_lp_lin cop_0857_lp_lin cop_0559_lp_lin cop_0359_lp_lin cop_0238_lp_lin cop_0788_lp_lin cop_0144_lp_lin cop_0941_lp_lin cop_0482_lp_lin cop_0493_lp_lin cop_0262_lp_lin cop_0678_lp_lin cop_0729_lp_lin cop_0190_lp_lin cop_0029_lp_lin cop_0980_lp_lin cop_0530_lp_lin cop_0108_lp_lin cop_0388_lp_lin cop_0900_lp_lin cop_0402_lp_lin cop_0659_lp_lin cop_0214_lp_lin cop_0110_lp_lin cop_0242_lp_lin cop_0200_lp_lin cop_0162_lp_lin cop_0921_lp_lin cop_0718_lp_lin cop_0650_lp_lin cop_0706_lp_lin cop_0836_lp_lin cop_0850_lp_lin cop_0580_lp_lin cop_0876_lp_lin cop_0747_lp_lin cop_0332_lp_lin cop_0187_lp_lin cop_0319_lp_lin cop_0996_lp_lin cop_0739_lp_lin cop_0733_lp_lin cop_0219_lp_lin cop_0957_lp_lin cop_0779_lp_lin cop_0903_lp_lin cop_0662_lp_lin cop_0504_lp_lin cop_0768_lp_lin cop_0116_lp_lin cop_0389_lp_lin cop_0129_lp_lin cop_0641_lp_lin cop_0477_lp_lin cop_0416_lp_lin cop_0505_lp_lin cop_0716_lp_lin cop_0877_lp_lin cop_0490_lp_lin cop_0210_lp_lin cop_0446_lp_lin cop_0923_lp_lin cop_0009_lp_lin cop_0124_lp_lin cop_0649_lp_lin cop_0186_lp_lin cop_0619_lp_lin cop_0658_lp_lin cop_0772_lp_lin cop_0076_lp_lin cop_0611_lp_lin cop_0171_lp_lin cop_0225_lp_lin cop_0901_lp_lin cop_0433_lp_lin cop_0537_lp_lin cop_0314_lp_lin cop_0381_lp_lin cop_0540_lp_lin cop_0884_lp_lin cop_0071_lp_lin cop_0840_lp_lin cop_0958_lp_lin cop_0725_lp_lin cop_0982_lp_lin cop_0634_lp_lin cop_0617_lp_lin cop_0318_lp_lin cop_0062_lp_lin cop_0322_lp_lin cop_0038_lp_lin cop_0728_lp_lin cop_0581_lp_lin cop_0587_lp_lin cop_0990_lp_lin cop_0866_lp_lin cop_0546_lp_lin cop_0409_lp_lin cop_0170_lp_lin cop_0615_lp_lin cop_0097_lp_lin cop_0053_lp_lin cop_0944_lp_lin cop_0969_lp_lin cop_0806_lp_lin cop_0125_lp_lin cop_0081_lp_lin cop_0672_lp_lin cop_0340_lp_lin cop_0782_lp_lin cop_0090_lp_lin cop_0113_lp_lin cop_0810_lp_lin cop_0821_lp_lin cop_0032_lp_lin cop_0797_lp_lin cop_0973_lp_lin cop_0028_lp_lin cop_0547_lp_lin cop_0608_lp_lin cop_0218_lp_lin cop_0867_lp_lin cop_0495_lp_lin cop_0524_lp_lin cop_0470_lp_lin cop_0803_lp_lin cop_0037_lp_lin cop_0950_lp_lin cop_0045_lp_lin cop_0014_lp_lin cop_0019_lp_lin cop_0946_lp_lin cop_0543_lp_lin cop_0282_lp_lin cop_0682_lp_lin cop_0273_lp_lin cop_0261_lp_lin cop_0204_lp_lin cop_0743_lp_lin cop_0644_lp_lin cop_0312_lp_lin cop_0454_lp_lin cop_0799_lp_lin cop_0783_lp_lin cop_0912_lp_lin cop_0574_lp_lin cop_0978_lp_lin cop_0746_lp_lin cop_0237_lp_lin cop_0789_lp_lin cop_0767_lp_lin cop_0597_lp_lin cop_0120_lp_lin cop_0465_lp_lin cop_0693_lp_lin cop_0645_lp_lin cop_0202_lp_lin cop_0909_lp_lin cop_0058_lp_lin cop_0099_lp_lin cop_0143_lp_lin cop_0156_lp_lin cop_0459_lp_lin cop_0934_lp_lin cop_0292_lp_lin cop_0003_lp_lin cop_0443_lp_lin cop_0431_lp_lin cop_0999_lp_lin cop_0794_lp_lin cop_0736_lp_lin cop_0128_lp_lin cop_0492_lp_lin cop_0306_lp_lin cop_0555_lp_lin cop_0565_lp_lin cop_0647_lp_lin cop_0683_lp_lin cop_0346_lp_lin cop_0512_lp_lin cop_0304_lp_lin cop_0745_lp_lin cop_0007_lp_lin cop_0069_lp_lin cop_0838_lp_lin cop_0825_lp_lin cop_0830_lp_lin cop_0461_lp_lin cop_0925_lp_lin cop_0227_lp_lin cop_0201_lp_lin cop_0620_lp_lin cop_0364_lp_lin cop_0754_lp_lin cop_0048_lp_lin cop_0770_lp_lin cop_0919_lp_lin cop_0656_lp_lin cop_0386_lp_lin cop_0998_lp_lin cop_0731_lp_lin cop_0039_lp_lin cop_0280_lp_lin cop_0458_lp_lin cop_0373_lp_lin cop_0713_lp_lin cop_0474_lp_lin cop_0117_lp_lin cop_0250_lp_lin cop_0974_lp_lin cop_0040_lp_lin cop_0595_lp_lin cop_0453_lp_lin cop_0748_lp_lin cop_0033_lp_lin cop_0904_lp_lin cop_0303_lp_lin cop_0520_lp_lin cop_0640_lp_lin cop_0183_lp_lin cop_0268_lp_lin cop_0472_lp_lin cop_0352_lp_lin cop_0517_lp_lin cop_0377_lp_lin cop_0496_lp_lin cop_0103_lp_lin cop_0343_lp_lin cop_0633_lp_lin cop_0976_lp_lin cop_0121_lp_lin cop_0616_lp_lin cop_0181_lp_lin cop_0168_lp_lin cop_0509_lp_lin cop_0542_lp_lin cop_0986_lp_lin cop_0681_lp_lin cop_0687_lp_lin cop_0348_lp_lin cop_0072_lp_lin cop_0118_lp_lin cop_0462_lp_lin cop_0196_lp_lin cop_0231_lp_lin cop_0523_lp_lin cop_0951_lp_lin cop_0226_lp_lin cop_0899_lp_lin cop_0087_lp_lin cop_0566_lp_lin cop_0898_lp_lin cop_0948_lp_lin cop_0684_lp_lin cop_0258_lp_lin cop_0814_lp_lin cop_0174_lp_lin cop_0937_lp_lin cop_0061_lp_lin cop_0525_lp_lin cop_0460_lp_lin cop_0294_lp_lin cop_0395_lp_lin cop_0964_lp_lin cop_0246_lp_lin cop_0307_lp_lin cop_0501_lp_lin cop_0252_lp_lin cop_0464_lp_lin cop_0753_lp_lin cop_0480_lp_lin cop_0070_lp_lin cop_0920_lp_lin cop_0795_lp_lin cop_0642_lp_lin cop_0417_lp_lin cop_0793_lp_lin cop_0849_lp_lin cop_0466_lp_lin cop_0316_lp_lin cop_0407_lp_lin cop_0408_lp_lin cop_0635_lp_lin cop_0798_lp_lin cop_0011_lp_lin cop_0895_lp_lin cop_0664_lp_lin cop_0382_lp_lin cop_0598_lp_lin cop_0001_lp_lin cop_0255_lp_lin cop_0439_lp_lin cop_0738_lp_lin cop_0146_lp_lin cop_0444_lp_lin cop_0778_lp_lin cop_0334_lp_lin cop_0321_lp_lin cop_0350_lp_lin cop_0172_lp_lin cop_0844_lp_lin cop_0694_lp_lin cop_0882_lp_lin cop_0924_lp_lin cop_0629_lp_lin cop_0689_lp_lin cop_0211_lp_lin cop_0510_lp_lin cop_0685_lp_lin cop_0413_lp_lin cop_0702_lp_lin cop_0134_lp_lin cop_0351_lp_lin cop_0853_lp_lin cop_0841_lp_lin cop_0293_lp_lin cop_0758_lp_lin cop_0403_lp_lin cop_0221_lp_lin cop_0109_lp_lin cop_0704_lp_lin cop_0010_lp_lin cop_0112_lp_lin cop_0502_lp_lin cop_0554_lp_lin cop_0529_lp_lin cop_0952_lp_lin cop_0145_lp_lin cop_0913_lp_lin cop_0994_lp_lin cop_0025_lp_lin cop_0239_lp_lin cop_0035_lp_lin cop_0911_lp_lin cop_0288_lp_lin cop_0910_lp_lin cop_0727_lp_lin cop_0106_lp_lin cop_0139_lp_lin cop_0205_lp_lin cop_0215_lp_lin cop_0538_lp_lin cop_0908_lp_lin cop_0457_lp_lin cop_0533_lp_lin cop_0298_lp_lin cop_0596_lp_lin cop_0971_lp_lin cop_0131_lp_lin cop_0757_lp_lin cop_0766_lp_lin cop_0854_lp_lin cop_0182_lp_lin cop_0396_lp_lin cop_0320_lp_lin cop_0880_lp_lin cop_0852_lp_lin cop_0161_lp_lin cop_0863_lp_lin cop_0862_lp_lin cop_0705_lp_lin cop_0571_lp_lin cop_0428_lp_lin cop_0871_lp_lin cop_0165_lp_lin cop_0397_lp_lin cop_0102_lp_lin cop_0667_lp_lin cop_0943_lp_lin cop_0686_lp_lin cop_0361_lp_lin cop_0652_lp_lin cop_0031_lp_lin cop_0479_lp_lin cop_0335_lp_lin cop_0285_lp_lin cop_0450_lp_lin cop_0763_lp_lin cop_0820_lp_lin cop_0390_lp_lin cop_0299_lp_lin cop_0594_lp_lin cop_0800_lp_lin cop_0500_lp_lin cop_0429_lp_lin cop_0628_lp_lin cop_0570_lp_lin cop_0152_lp_lin cop_0519_lp_lin cop_0469_lp_lin cop_0630_lp_lin cop_0660_lp_lin cop_0424_lp_lin cop_0604_lp_lin cop_0972_lp_lin cop_0313_lp_lin cop_0544_lp_lin cop_0281_lp_lin cop_0751_lp_lin cop_0057_lp_lin cop_0374_lp_lin cop_0749_lp_lin cop_0147_lp_lin cop_0066_lp_lin cop_0848_lp_lin cop_0002_lp_lin cop_0277_lp_lin cop_0207_lp_lin cop_0267_lp_lin cop_0240_lp_lin cop_0707_lp_lin cop_0220_lp_lin cop_0527_lp_lin cop_0796_lp_lin cop_0274_lp_lin cop_0135_lp_lin cop_0004_lp_lin cop_0691_lp_lin cop_0516_lp_lin cop_0289_lp_lin cop_0498_lp_lin cop_0410_lp_lin cop_0016_lp_lin cop_0518_lp_lin cop_0534_lp_lin cop_0105_lp_lin cop_0774_lp_lin cop_0717_lp_lin cop_0269_lp_lin cop_0661_lp_lin cop_0047_lp_lin cop_0777_lp_lin cop_0179_lp_lin cop_0708_lp_lin cop_0142_lp_lin cop_0494_lp_lin cop_0742_lp_lin cop_0353_lp_lin cop_0478_lp_lin cop_0897_lp_lin cop_0824_lp_lin cop_0914_lp_lin cop_0906_lp_lin cop_0878_lp_lin cop_0399_lp_lin cop_0561_lp_lin cop_0735_lp_lin cop_0631_lp_lin cop_0692_lp_lin cop_0784_lp_lin cop_0481_lp_lin cop_0173_lp_lin cop_0213_lp_lin cop_0859_lp_lin cop_0764_lp_lin cop_0827_lp_lin cop_0317_lp_lin cop_0513_lp_lin cop_0347_lp_lin cop_0157_lp_lin cop_0107_lp_lin cop_0756_lp_lin cop_0503_lp_lin cop_0902_lp_lin cop_0696_lp_lin cop_0750_lp_lin cop_0826_lp_lin cop_0437_lp_lin cop_0191_lp_lin cop_0054_lp_lin cop_0773_lp_lin cop_0044_lp_lin cop_0832_lp_lin cop_0917_lp_lin cop_0577_lp_lin cop_0720_lp_lin cop_0426_lp_lin cop_0166_lp_lin cop_0931_lp_lin cop_0136_lp_lin cop_0368_lp_lin cop_0740_lp_lin cop_0241_lp_lin cop_0036_lp_lin cop_0665_lp_lin cop_0435_lp_lin cop_0148_lp_lin cop_0622_lp_lin cop_0715_lp_lin cop_0100_lp_lin cop_0338_lp_lin cop_0422_lp_lin cop_0526_lp_lin cop_0356_lp_lin cop_0079_lp_lin cop_0552_lp_lin cop_0801_lp_lin cop_0970_lp_lin cop_0654_lp_lin cop_0593_lp_lin
  set decided by an accepted test: no, every test rejected down to one model (last p = 0.001 against alpha = 0.050)


  sample    999 observations, 1000 models
  statistic Tmax, each model against the field
  test      alpha = 0.050, 10000 moving-block resamples of 1 observations
  variance  bootstrap variance of the resampled mean
  stream    seed 123, stream 0

MCS over linear local projection impulse-response MAE, MCS_TMAX statistic
  model              mean loss      MCS p  round  in set
  cop_0001_lp_lin     48.81599      0.000    654  
  cop_0002_lp_lin     19.30404      0.000    925  
  cop_0003_lp_lin     38.69202      0.000    734  
  cop_0004_lp_lin     18.52959      0.000    934  
  cop_0005_lp_lin     47.80035      0.000    633  
  cop_0006_lp_lin     77.81133      0.000    444  
  cop_0007_lp_lin     77.56268      0.000    507  
  cop_0008_lp_lin     75.60947      0.000    472  
  cop_0009_lp_lin    794.22988      0.000     68  
  cop_0010_lp_lin     23.53620      0.000    882  
  cop_0011_lp_lin     48.87287      0.000    655  
  cop_0012_lp_lin    307.81572      0.000    123  
  cop_0013_lp_lin    408.93569      0.000    113  
  cop_0014_lp_lin    130.69199      0.000    336  
  cop_0015_lp_lin     78.16806      0.000    453  
  cop_0016_lp_lin     17.60228      0.000    941  
  cop_0017_lp_lin     49.79959      0.000    626  
  cop_0018_lp_lin    193.09974      0.000    209  
  cop_0019_lp_lin     38.15089      0.000    737  
  cop_0020_lp_lin    122.49403      0.000    328  
  cop_0021_lp_lin    109.52784      0.000    345  
  cop_0022_lp_lin    176.79539      0.000    248  
  cop_0023_lp_lin     86.69261      0.000    432  
  cop_0024_lp_lin     34.70769      0.000    759  
  cop_0025_lp_lin    417.69832      0.000    172  
  cop_0026_lp_lin    130.30868      0.000    275  
  cop_0027_lp_lin     63.57805      0.000    542  
  cop_0028_lp_lin     49.91911      0.000    631  
  cop_0029_lp_lin     52.55430      0.000    610  
  cop_0030_lp_lin     51.91872      0.000    599  
  cop_0031_lp_lin     26.48347      0.000    854  
  cop_0032_lp_lin     46.58379      0.000    656  
  cop_0033_lp_lin     43.39237      0.000    696  
  cop_0034_lp_lin    131.31178      0.000    321  
  cop_0035_lp_lin     38.12468      0.000    749  
  cop_0036_lp_lin     12.23651      0.000    983  
  cop_0037_lp_lin     43.64720      0.000    687  
  cop_0038_lp_lin    235.58847      0.000    217  
  cop_0039_lp_lin     30.65484      0.000    812  
  cop_0040_lp_lin     40.51497      0.000    724  
  cop_0041_lp_lin    464.11024      0.000     83  
  cop_0042_lp_lin     91.15512      0.000    420  
  cop_0043_lp_lin    440.35452      0.000     87  
  cop_0044_lp_lin     13.07575      0.000    975  
  cop_0045_lp_lin     74.54558      0.000    513  
  cop_0046_lp_lin   1378.55281      0.000     10  
  cop_0047_lp_lin     14.32097      0.000    964  
  cop_0048_lp_lin     97.73475      0.000    428  
  cop_0049_lp_lin   1040.37386      0.000     25  
  cop_0050_lp_lin     78.74858      0.000    466  
  cop_0051_lp_lin    138.71636      0.000    309  
  cop_0052_lp_lin    377.18655      0.000    120  
  cop_0053_lp_lin    156.44898      0.000    303  
  cop_0054_lp_lin     14.80787      0.000    969  
  cop_0055_lp_lin    107.36455      0.000    369  
  cop_0056_lp_lin   1002.39144      0.000     22  
  cop_0057_lp_lin     28.80395      0.000    844  
  cop_0058_lp_lin   6543.80669      0.000     17  
  cop_0059_lp_lin    180.01260      0.000    259  
  cop_0060_lp_lin    191.88236      0.000    243  
  cop_0061_lp_lin     35.91625      0.000    766  
  cop_0062_lp_lin     32.38109      0.000    790  
  cop_0063_lp_lin    209.11427      0.000    177  
  cop_0064_lp_lin    237.04007      0.000    184  
  cop_0065_lp_lin    138.29119      0.000    311  
  cop_0066_lp_lin     22.36506      0.000    902  
  cop_0067_lp_lin     92.15543      0.000    376  
  cop_0068_lp_lin    104.47522      0.000    347  
  cop_0069_lp_lin    114.60114      0.000    378  
  cop_0070_lp_lin     35.08701      0.000    769  
  cop_0071_lp_lin    148.95883      0.000    312  
  cop_0072_lp_lin     28.79588      0.000    831  
  cop_0073_lp_lin     96.39065      0.000    396  
  cop_0074_lp_lin    108.15177      0.000    367  
  cop_0075_lp_lin     35.77621      0.000    746  
  cop_0076_lp_lin    115.77190      0.000    359  
  cop_0077_lp_lin     97.60527      0.000    387  
  cop_0078_lp_lin     84.34064      0.000    448  
  cop_0079_lp_lin      8.32586      0.000    994  
  cop_0080_lp_lin   2604.99187      0.000      6  
  cop_0081_lp_lin     56.48063      0.000    587  
  cop_0082_lp_lin     45.73312      0.000    636  
  cop_0083_lp_lin    147.68058      0.000    276  
  cop_0084_lp_lin    139.87218      0.000    274  
  cop_0085_lp_lin   1026.87683      0.000     28  
  cop_0086_lp_lin   3949.74758      0.000      3  
  cop_0087_lp_lin     52.38172      0.000    628  
  cop_0088_lp_lin    340.68280      0.000    142  
  cop_0089_lp_lin    401.54275      0.000     75  
  cop_0090_lp_lin    259.79272      0.000    196  
  cop_0091_lp_lin     55.32737      0.000    588  
  cop_0092_lp_lin    239.01281      0.000    158  
  cop_0093_lp_lin    130.63486      0.000    298  
  cop_0094_lp_lin     45.11647      0.000    657  
  cop_0095_lp_lin    836.34502      0.000     30  
  cop_0096_lp_lin    507.94008      0.000     47  
  cop_0097_lp_lin     45.69175      0.000    666  
  cop_0098_lp_lin    816.92312      0.000     36  
  cop_0099_lp_lin     29.82999      0.000    818  
  cop_0100_lp_lin     10.06845      0.000    991  
  cop_0101_lp_lin    105.36446      0.000    361  
  cop_0102_lp_lin     22.40298      0.000    898  
  cop_0103_lp_lin     43.46139      0.000    698  
  cop_0104_lp_lin     96.99698      0.000    356  
  cop_0105_lp_lin     54.08604      0.000    703  
  cop_0106_lp_lin     24.24670      0.000    873  
  cop_0107_lp_lin     17.86550      0.000    956  
  cop_0108_lp_lin     31.69685      0.000    795  
  cop_0109_lp_lin     34.34543      0.000    783  
  cop_0110_lp_lin     96.66625      0.000    419  
  cop_0111_lp_lin     66.11228      0.000    516  
  cop_0112_lp_lin     35.46324      0.000    773  
  cop_0113_lp_lin     76.84466      0.000    499  
  cop_0114_lp_lin    335.67351      0.000    106  
  cop_0115_lp_lin    623.68285      0.000     61  
  cop_0116_lp_lin     90.38821      0.000    437  
  cop_0117_lp_lin     52.06867      0.000    621  
  cop_0118_lp_lin     23.01714      0.000    884  
  cop_0119_lp_lin    346.22259      0.000    129  
  cop_0120_lp_lin     42.93106      0.000    697  
  cop_0121_lp_lin     33.25465      0.000    786  
  cop_0122_lp_lin     80.26500      0.000    445  
  cop_0123_lp_lin    184.88974      0.000    202  
  cop_0124_lp_lin     74.48519      0.000    505  
  cop_0125_lp_lin     44.48384      0.000    675  
  cop_0126_lp_lin     46.92463      0.000    619  
  cop_0127_lp_lin     42.31712      0.000    685  
  cop_0128_lp_lin     46.90058      0.000    659  
  cop_0129_lp_lin     92.22858      0.000    430  
  cop_0130_lp_lin   1306.33663      0.000     18  
  cop_0131_lp_lin     51.41120      0.000    648  
  cop_0132_lp_lin    107.30773      0.000    365  
  cop_0133_lp_lin     82.31924      0.000    434  
  cop_0134_lp_lin     35.93200      0.000    768  
  cop_0135_lp_lin     26.23957      0.000    874  
  cop_0136_lp_lin     12.27067      0.000    980  
  cop_0137_lp_lin    168.90291      0.000    251  
  cop_0138_lp_lin    200.93050      0.000    183  
  cop_0139_lp_lin     26.08638      0.000    855  
  cop_0140_lp_lin    542.05296      0.000    100  
  cop_0141_lp_lin     65.75570      0.000    532  
  cop_0142_lp_lin     16.54405      0.000    951  
  cop_0143_lp_lin    105.38740      0.000    410  
  cop_0144_lp_lin     38.56453      0.000    729  
  cop_0145_lp_lin     32.98180      0.000    796  
  cop_0146_lp_lin     67.11984      0.000    560  
  cop_0147_lp_lin     26.64073      0.000    864  
  cop_0148_lp_lin     10.03878      0.000    989  
  cop_0149_lp_lin     30.91257      0.000    793  
  cop_0150_lp_lin     47.34924      0.000    644  
  cop_0151_lp_lin     48.74330      0.000    622  
  cop_0152_lp_lin     24.10817      0.000    885  
  cop_0153_lp_lin    102.26892      0.000    384  
  cop_0154_lp_lin    592.94944      0.000     37  
  cop_0155_lp_lin    196.87874      0.000    207  
  cop_0156_lp_lin     58.17289      0.000    581  
  cop_0157_lp_lin     16.54821      0.000    961  
  cop_0158_lp_lin    360.83374      0.000     90  
  cop_0159_lp_lin    333.50933      0.000    117  
  cop_0160_lp_lin    226.44829      0.000    165  
  cop_0161_lp_lin     26.58464      0.000    851  
  cop_0162_lp_lin     43.19782      0.000    683  
  cop_0163_lp_lin     61.92611      0.000    549  
  cop_0164_lp_lin    193.69351      0.000    221  
  cop_0165_lp_lin     33.20627      0.000    803  
  cop_0166_lp_lin     11.77805      0.000    982  
  cop_0167_lp_lin    778.57226      0.000     35  
  cop_0168_lp_lin   1141.16634      0.000     73  
  cop_0169_lp_lin     55.60181      0.000    579  
  cop_0170_lp_lin     41.01934      0.000    707  
  cop_0171_lp_lin     55.09863      0.000    598  
  cop_0172_lp_lin     33.79155      0.000    785  
  cop_0173_lp_lin     25.50806      0.000    908  
  cop_0174_lp_lin     51.67763      0.000    632  
  cop_0175_lp_lin    447.48368      0.000     63  
  cop_0176_lp_lin     77.16226      0.000    461  
  cop_0177_lp_lin    134.55492      0.000    292  
  cop_0178_lp_lin    325.05356      0.000    149  
  cop_0179_lp_lin     25.62048      0.000    892  
  cop_0180_lp_lin     49.31498      0.000    627  
  cop_0181_lp_lin     39.23944      0.000    735  
  cop_0182_lp_lin     20.59150      0.000    909  
  cop_0183_lp_lin     39.66411      0.000    733  
  cop_0184_lp_lin   2150.63451      0.000      5  
  cop_0185_lp_lin     45.49126      0.000    658  
  cop_0186_lp_lin     44.45663      0.000    671  
  cop_0187_lp_lin     97.69616      0.000    415  
  cop_0188_lp_lin    237.02207      0.000    152  
  cop_0189_lp_lin    298.79864      0.000    167  
  cop_0190_lp_lin    201.13810      0.000    240  
  cop_0191_lp_lin     13.15783      0.000    974  
  cop_0192_lp_lin    259.16290      0.000    178  
  cop_0193_lp_lin     86.85809      0.000    436  
  cop_0194_lp_lin     41.98570      0.000    684  
  cop_0195_lp_lin     79.78092      0.000    450  
  cop_0196_lp_lin     50.52026      0.000    640  
  cop_0197_lp_lin    127.37501      0.000    331  
  cop_0198_lp_lin     74.23549      0.000    479  
  cop_0199_lp_lin     31.49001      0.000    792  
  cop_0200_lp_lin     57.75906      0.000    575  
  cop_0201_lp_lin     23.28835      0.000    875  
  cop_0202_lp_lin    369.10582      0.000    161  
  cop_0203_lp_lin     61.72747      0.000    537  
  cop_0204_lp_lin     82.11770      0.000    469  
  cop_0205_lp_lin     29.57499      0.000    829  
  cop_0206_lp_lin   1361.87183      0.000     27  
  cop_0207_lp_lin     19.66724      0.000    924  
  cop_0208_lp_lin     39.72091      0.000    708  
  cop_0209_lp_lin    393.48218      0.000    140  
  cop_0210_lp_lin    166.96474      0.000    281  
  cop_0211_lp_lin     31.17596      0.000    813  
  cop_0212_lp_lin   1190.08094      0.000     11  
  cop_0213_lp_lin     17.91286      0.000    949  
  cop_0214_lp_lin   1836.34081      0.000     23  
  cop_0215_lp_lin     94.40098      0.000    459  
  cop_0216_lp_lin    115.18401      0.000    330  
  cop_0217_lp_lin    163.74629      0.000    239  
  cop_0218_lp_lin     69.13251      0.000    525  
  cop_0219_lp_lin   1158.71241      0.000     42  
  cop_0220_lp_lin     36.76299      0.000    800  
  cop_0221_lp_lin     33.20633      0.000    794  
  cop_0222_lp_lin    209.87671      0.000    173  
  cop_0223_lp_lin     94.91451      0.000    421  
  cop_0224_lp_lin     79.05506      0.000    463  
  cop_0225_lp_lin     52.75339      0.000    609  
  cop_0226_lp_lin     58.19464      0.000    594  
  cop_0227_lp_lin     52.26175      0.000    620  
  cop_0228_lp_lin     52.58498      0.000    606  
  cop_0229_lp_lin    854.72957      0.000     33  
  cop_0230_lp_lin    474.49383      0.000     78  
  cop_0231_lp_lin     34.02904      0.000    781  
  cop_0232_lp_lin    127.99295      0.000    327  
  cop_0233_lp_lin    412.31376      0.000    116  
  cop_0234_lp_lin     46.56703      0.000    623  
  cop_0235_lp_lin     72.52714      0.000    493  
  cop_0236_lp_lin     79.02222      0.000    449  
  cop_0237_lp_lin     90.91873      0.000    442  
  cop_0238_lp_lin    355.99250      0.000    154  
  cop_0239_lp_lin     58.19440      0.000    605  
  cop_0240_lp_lin     25.74501      0.000    880  
  cop_0241_lp_lin     10.87316      0.000    987  
  cop_0242_lp_lin     79.58223      0.000    468  
  cop_0243_lp_lin     49.68290      0.000    616  
  cop_0244_lp_lin    390.37316      0.000     82  
  cop_0245_lp_lin    228.12232      0.000    168  
  cop_0246_lp_lin     40.36808      0.000    727  
  cop_0247_lp_lin     95.25908      0.000    371  
  cop_0248_lp_lin     79.69622      0.000    457  
  cop_0249_lp_lin    172.33209      0.000    265  
  cop_0250_lp_lin     38.56727      0.000    743  
  cop_0251_lp_lin    258.34794      0.000    153  
  cop_0252_lp_lin     42.27195      0.000    710  
  cop_0253_lp_lin    733.84939      0.000     31  
  cop_0254_lp_lin     26.97767      0.000    836  
  cop_0255_lp_lin     37.60012      0.000    755  
  cop_0256_lp_lin     32.30418      0.000    780  
  cop_0257_lp_lin    577.33151      0.000     70  
  cop_0258_lp_lin     45.55045      0.000    682  
  cop_0259_lp_lin    386.92602      0.000    139  
  cop_0260_lp_lin     93.79067      0.000    404  
  cop_0261_lp_lin    286.83740      0.000    182  
  cop_0262_lp_lin    880.76884      0.000     53  
  cop_0263_lp_lin    147.66813      0.000    273  
  cop_0264_lp_lin    150.24609      0.000    295  
  cop_0265_lp_lin     44.53008      0.000    661  
  cop_0266_lp_lin    170.17067      0.000    231  
  cop_0267_lp_lin     24.81420      0.000    887  
  cop_0268_lp_lin     84.48788      0.000    471  
  cop_0269_lp_lin     18.36376      0.000    937  
  cop_0270_lp_lin    266.58832      0.000    159  
  cop_0271_lp_lin    350.54360      0.000    136  
  cop_0272_lp_lin    109.60691      0.000    322  
  cop_0273_lp_lin    266.67449      0.000    197  
  cop_0274_lp_lin     21.85534      0.000    912  
  cop_0275_lp_lin    231.53740      0.000    204  
  cop_0276_lp_lin    329.74126      0.000    124  
  cop_0277_lp_lin     23.10635      0.000    899  
  cop_0278_lp_lin    319.02048      0.000    131  
  cop_0279_lp_lin    148.01769      0.000    285  
  cop_0280_lp_lin     45.98729      0.000    670  
  cop_0281_lp_lin     20.22497      0.000    919  
  cop_0282_lp_lin     80.44955      0.000    481  
  cop_0283_lp_lin     69.17025      0.000    514  
  cop_0284_lp_lin     71.64761      0.000    486  
  cop_0285_lp_lin     30.27850      0.000    832  
  cop_0286_lp_lin     73.13873      0.000    483  
  cop_0287_lp_lin    576.53299      0.000     66  
  cop_0288_lp_lin     31.82406      0.000    811  
  cop_0289_lp_lin     27.90281      0.000    858  
  cop_0290_lp_lin    100.56748      0.000    380  
  cop_0291_lp_lin     67.23952      0.000    529  
  cop_0292_lp_lin     41.85417      0.000    704  
  cop_0293_lp_lin     67.45878      0.000    557  
  cop_0294_lp_lin     53.80552      0.000    618  
  cop_0295_lp_lin     68.20912      0.000    504  
  cop_0296_lp_lin     47.98088      0.000    630  
  cop_0297_lp_lin    598.63567      0.000     67  
  cop_0298_lp_lin     30.29974      0.000    825  
  cop_0299_lp_lin     29.43321      0.000    839  
  cop_0300_lp_lin    336.93340      0.000    118  
  cop_0301_lp_lin     96.80294      0.000    393  
  cop_0302_lp_lin     57.81992      0.000    570  
  cop_0303_lp_lin    168.78973      0.000    304  
  cop_0304_lp_lin    456.34949      0.000    148  
  cop_0305_lp_lin     51.00654      0.000    604  
  cop_0306_lp_lin     26.37804      0.000    848  
  cop_0307_lp_lin     97.57123      0.000    439  
  cop_0308_lp_lin   2200.32228      0.000     14  
  cop_0309_lp_lin     78.07694      0.000    475  
  cop_0310_lp_lin    163.12045      0.000    268  
  cop_0311_lp_lin     82.28094      0.000    451  
  cop_0312_lp_lin     42.39309      0.000    699  
  cop_0313_lp_lin     27.57240      0.000    853  
  cop_0314_lp_lin     33.73782      0.000    771  
  cop_0315_lp_lin    113.81633      0.000    335  
  cop_0316_lp_lin     28.26016      0.000    835  
  cop_0317_lp_lin     17.95948      0.000    952  
  cop_0318_lp_lin     54.70101      0.000    600  
  cop_0319_lp_lin     73.06252      0.000    510  
  cop_0320_lp_lin     46.61994      0.000    693  
  cop_0321_lp_lin     25.61763      0.000    856  
  cop_0322_lp_lin     62.14951      0.000    559  
  cop_0323_lp_lin   1389.85222      0.000     15  
  cop_0324_lp_lin     37.16413      0.000    731  
  cop_0325_lp_lin    570.96973      0.000     46  
  cop_0326_lp_lin    139.37980      0.000    256  
  cop_0327_lp_lin    133.51371      0.000    300  
  cop_0328_lp_lin    163.52763      0.000    236  
  cop_0329_lp_lin    545.25199      0.000     71  
  cop_0330_lp_lin    186.34607      0.000    244  
  cop_0331_lp_lin     98.15278      0.000    408  
  cop_0332_lp_lin    561.60231      0.000    103  
  cop_0333_lp_lin    322.38811      0.000     99  
  cop_0334_lp_lin     29.15522      0.000    830  
  cop_0335_lp_lin     19.90423      0.000    921  
  cop_0336_lp_lin    188.30451      0.000    222  
  cop_0337_lp_lin     95.51047      0.000    395  
  cop_0338_lp_lin     11.51604      0.000    988  
  cop_0339_lp_lin     93.93861      0.000    401  
  cop_0340_lp_lin     83.49794      0.000    460  
  cop_0341_lp_lin     95.13738      0.000    398  
  cop_0342_lp_lin    279.30037      0.000    169  
  cop_0343_lp_lin     30.22266      0.000    817  
  cop_0344_lp_lin    180.42722      0.000    254  
  cop_0345_lp_lin    212.27476      0.000    220  
  cop_0346_lp_lin     27.01182      0.000    840  
  cop_0347_lp_lin     17.42463      0.000    957  
  cop_0348_lp_lin     68.54160      0.000    543  
  cop_0349_lp_lin     52.12829      0.000    601  
  cop_0350_lp_lin     24.54228      0.000    867  
  cop_0351_lp_lin     35.31118      0.000    774  
  cop_0352_lp_lin     52.32913      0.000    624  
  cop_0353_lp_lin     27.46396      0.000    878  
  cop_0354_lp_lin     72.87699      0.000    480  
  cop_0355_lp_lin     46.82087      0.000    647  
  cop_0356_lp_lin      8.52162      0.000    993  
  cop_0357_lp_lin    114.58413      0.000    324  
  cop_0358_lp_lin    113.43709      0.000    349  
  cop_0359_lp_lin    182.16865      0.000    258  
  cop_0360_lp_lin     77.16599      0.000    462  
  cop_0361_lp_lin     19.97810      0.000    917  
  cop_0362_lp_lin   1963.66252      0.000      4  
  cop_0363_lp_lin    320.42337      0.000    126  
  cop_0364_lp_lin     40.36163      0.000    718  
  cop_0365_lp_lin    151.97128      0.000    266  
  cop_0366_lp_lin    716.92237      0.000     48  
  cop_0367_lp_lin     33.35145      0.000    776  
  cop_0368_lp_lin     12.28348      0.000    979  
  cop_0369_lp_lin     39.43983      0.000    713  
  cop_0370_lp_lin    329.06987      0.000    132  
  cop_0371_lp_lin     38.18502      0.000    722  
  cop_0372_lp_lin     57.38716      0.000    554  
  cop_0373_lp_lin     38.46630      0.000    741  
  cop_0374_lp_lin     17.44880      0.000    938  
  cop_0375_lp_lin   1190.54183      0.000      7  
  cop_0376_lp_lin    149.27418      0.000    293  
  cop_0377_lp_lin     49.38924      0.000    646  
  cop_0378_lp_lin     48.19539      0.000    637  
  cop_0379_lp_lin    223.59974      0.000    218  
  cop_0380_lp_lin    148.80695      0.000    299  
  cop_0381_lp_lin    478.42849      0.000    114  
  cop_0382_lp_lin     44.05575      0.000    701  
  cop_0383_lp_lin     74.21807      0.000    465  
  cop_0384_lp_lin     43.82206      0.000    662  
  cop_0385_lp_lin    170.49866      0.000    262  
  cop_0386_lp_lin     77.99845      0.000    503  
  cop_0387_lp_lin    606.96166      0.000     72  
  cop_0388_lp_lin   1556.06028      0.000     29  
  cop_0389_lp_lin    106.50877      0.000    391  
  cop_0390_lp_lin     20.17701      0.000    916  
  cop_0391_lp_lin    367.35648      0.000    145  
  cop_0392_lp_lin    168.22621      0.000    242  
  cop_0393_lp_lin    503.60919      0.000     76  
  cop_0394_lp_lin     90.11585      0.000    422  
  cop_0395_lp_lin     85.69561      0.000    474  
  cop_0396_lp_lin     27.43360      0.000    845  
  cop_0397_lp_lin     23.91863      0.000    881  
  cop_0398_lp_lin     34.74124      0.000    758  
  cop_0399_lp_lin     16.29846      0.000    955  
  cop_0400_lp_lin     88.96648      0.000    414  
  cop_0401_lp_lin     95.68052      0.000    388  
  cop_0402_lp_lin    874.40864      0.000     54  
  cop_0403_lp_lin     42.25416      0.000    717  
  cop_0404_lp_lin     63.10167      0.000    541  
  cop_0405_lp_lin     95.40605      0.000    390  
  cop_0406_lp_lin    488.52029      0.000     93  
  cop_0407_lp_lin     37.59754      0.000    751  
  cop_0408_lp_lin     37.70289      0.000    750  
  cop_0409_lp_lin    115.20823      0.000    364  
  cop_0410_lp_lin     16.04232      0.000    954  
  cop_0411_lp_lin   1193.61057      0.000     26  
  cop_0412_lp_lin    331.16791      0.000    137  
  cop_0413_lp_lin     37.61050      0.000    754  
  cop_0414_lp_lin    526.11626      0.000     94  
  cop_0415_lp_lin     56.54786      0.000    571  
  cop_0416_lp_lin     56.91701      0.000    582  
  cop_0417_lp_lin    108.89037      0.000    412  
  cop_0418_lp_lin    105.32702      0.000    379  
  cop_0419_lp_lin    103.97399      0.000    392  
  cop_0420_lp_lin     72.53749      0.000    488  
  cop_0421_lp_lin    267.57394      0.000    174  
  cop_0422_lp_lin     12.31008      0.000    986  
  cop_0423_lp_lin     42.48845      0.000    686  
  cop_0424_lp_lin     22.83836      0.000    897  
  cop_0425_lp_lin    427.50740      0.000     84  
  cop_0426_lp_lin     15.15717      0.000    971  
  cop_0427_lp_lin    217.90232      0.000    216  
  cop_0428_lp_lin     23.90438      0.000    879  
  cop_0429_lp_lin     20.92258      0.000    910  
  cop_0430_lp_lin    306.08252      0.000    162  
  cop_0431_lp_lin     45.40054      0.000    669  
  cop_0432_lp_lin     64.48856      0.000    539  
  cop_0433_lp_lin     66.99343      0.000    535  
  cop_0434_lp_lin     57.29776      0.000    574  
  cop_0435_lp_lin     12.90093      0.000    978  
  cop_0436_lp_lin     67.77418      0.000    515  
  cop_0437_lp_lin     14.90248      0.000    967  
  cop_0438_lp_lin     69.04217      0.000    491  
  cop_0439_lp_lin     58.90267      0.000    596  
  cop_0440_lp_lin     29.77509      0.000    809  
  cop_0441_lp_lin     50.28536      0.000    611  
  cop_0442_lp_lin     82.58839      0.000    424  
  cop_0443_lp_lin    160.05572      0.000    308  
  cop_0444_lp_lin     20.89035      0.000    905  
  cop_0445_lp_lin    148.55271      0.000    264  
  cop_0446_lp_lin     78.97129      0.000    478  
  cop_0447_lp_lin    110.27939      0.000    341  
  cop_0448_lp_lin    160.57602      0.000    283  
  cop_0449_lp_lin    199.55609      0.000    224  
  cop_0450_lp_lin     30.03529      0.000    833  
  cop_0451_lp_lin     57.28749      0.000    555  
  cop_0452_lp_lin    211.06514      0.000    212  
  cop_0453_lp_lin     65.06689      0.000    553  
  cop_0454_lp_lin    105.93736      0.000    402  
  cop_0455_lp_lin    181.88789      0.000    238  
  cop_0456_lp_lin    202.04314      0.000    179  
  cop_0457_lp_lin     32.29274      0.000    807  
  cop_0458_lp_lin     33.82564      0.000    778  
  cop_0459_lp_lin     76.17079      0.000    511  
  cop_0460_lp_lin     28.58522      0.000    834  
  cop_0461_lp_lin   1381.69223      0.000     50  
  cop_0462_lp_lin     82.94708      0.000    492  
  cop_0463_lp_lin     40.40516      0.000    700  
  cop_0464_lp_lin     33.73715      0.000    787  
  cop_0465_lp_lin     64.65051      0.000    550  
  cop_0466_lp_lin     36.71676      0.000    760  
  cop_0467_lp_lin     65.81003      0.000    530  
  cop_0468_lp_lin    319.99290      0.000    151  
  cop_0469_lp_lin     25.52224      0.000    871  
  cop_0470_lp_lin     99.58553      0.000    417  
  cop_0471_lp_lin    232.46882      0.000    189  
  cop_0472_lp_lin     44.32394      0.000    688  
  cop_0473_lp_lin    211.74778      0.000    181  
  cop_0474_lp_lin     37.31846      0.000    747  
  cop_0475_lp_lin    202.91145      0.000    208  
  cop_0476_lp_lin    105.97849      0.000    372  
  cop_0477_lp_lin     56.83972      0.000    578  
  cop_0478_lp_lin     15.01184      0.000    962  
  cop_0479_lp_lin     32.26940      0.000    816  
  cop_0480_lp_lin     22.82347      0.000    883  
  cop_0481_lp_lin     16.42730      0.000    959  
  cop_0482_lp_lin     38.75999      0.000    726  
  cop_0483_lp_lin    114.34287      0.000    344  
  cop_0484_lp_lin    264.96155      0.000    163  
  cop_0485_lp_lin     52.62460      0.000    580  
  cop_0486_lp_lin    231.21812      0.000    199  
  cop_0487_lp_lin    191.46431      0.000    213  
  cop_0488_lp_lin     76.22620      0.000    467  
  cop_0489_lp_lin     43.28391      0.000    672  
  cop_0490_lp_lin     64.27331      0.000    546  
  cop_0491_lp_lin    183.62523      0.000    223  
  cop_0492_lp_lin     41.28422      0.000    715  
  cop_0493_lp_lin    114.26452      0.000    355  
  cop_0494_lp_lin     21.84217      0.000    920  
  cop_0495_lp_lin     57.61588      0.000    584  
  cop_0496_lp_lin     84.65648      0.000    473  
  cop_0497_lp_lin     43.58256      0.000    667  
  cop_0498_lp_lin     49.62782      0.000    723  
  cop_0499_lp_lin    168.80617      0.000    234  
  cop_0500_lp_lin     32.67475      0.000    814  
  cop_0501_lp_lin     29.37890      0.000    827  
  cop_0502_lp_lin     43.78062      0.000    702  
  cop_0503_lp_lin     14.56179      0.000    968  
  cop_0504_lp_lin     79.29657      0.000    476  
  cop_0505_lp_lin    316.56396      0.000    164  
  cop_0506_lp_lin     33.61580      0.000    770  
  cop_0507_lp_lin     55.78202      0.000    573  
  cop_0508_lp_lin    667.73265      0.000     32  
  cop_0509_lp_lin     26.65397      0.000    846  
  cop_0510_lp_lin     37.94876      0.000    752  
  cop_0511_lp_lin    886.36220      0.000     13  
  cop_0512_lp_lin    196.80692      0.000    261  
  cop_0513_lp_lin     20.59879      0.000    935  
  cop_0514_lp_lin     54.79267      0.000    589  
  cop_0515_lp_lin    367.44052      0.000    143  
  cop_0516_lp_lin     27.28598      0.000    869  
  cop_0517_lp_lin    145.48193      0.000    329  
  cop_0518_lp_lin     19.38178      0.000    927  
  cop_0519_lp_lin     21.89142      0.000    904  
  cop_0520_lp_lin     32.10741      0.000    797  
  cop_0521_lp_lin    312.96568      0.000    144  
  cop_0522_lp_lin     67.86406      0.000    509  
  cop_0523_lp_lin     35.88444      0.000    767  
  cop_0524_lp_lin    118.38146      0.000    358  
  cop_0525_lp_lin     22.13091      0.000    893  
  cop_0526_lp_lin     10.23131      0.000    992  
  cop_0527_lp_lin     21.15021      0.000    915  
  cop_0528_lp_lin    423.27764      0.000     98  
  cop_0529_lp_lin     30.23336      0.000    824  
  cop_0530_lp_lin     30.14921      0.000    808  
  cop_0531_lp_lin     59.94303      0.000    551  
  cop_0532_lp_lin    190.74426      0.000    235  
  cop_0533_lp_lin     22.61580      0.000    891  
  cop_0534_lp_lin     17.89815      0.000    939  
  cop_0535_lp_lin    182.52143      0.000    210  
  cop_0536_lp_lin     46.26119      0.000    639  
  cop_0537_lp_lin     83.88100      0.000    458  
  cop_0538_lp_lin     20.96657      0.000    907  
  cop_0539_lp_lin    142.22442      0.000    271  
  cop_0540_lp_lin     34.66154      0.000    765  
  cop_0541_lp_lin     71.14673      0.000    495  
  cop_0542_lp_lin     49.02228      0.000    649  
  cop_0543_lp_lin     30.98471      0.000    804  
  cop_0544_lp_lin     23.85523      0.000    890  
  cop_0545_lp_lin     89.32509      0.000    375  
  cop_0546_lp_lin     98.23465      0.000    418  
  cop_0547_lp_lin    105.18851      0.000    403  
  cop_0548_lp_lin    916.45022      0.000     16  
  cop_0549_lp_lin    401.04591      0.000     74  
  cop_0550_lp_lin    184.60400      0.000    205  
  cop_0551_lp_lin    171.46911      0.000    246  
  cop_0552_lp_lin      7.37687      0.000    995  
  cop_0553_lp_lin     77.89343      0.000    470  
  cop_0554_lp_lin     36.82111      0.000    764  
  cop_0555_lp_lin    132.57138      0.000    337  
  cop_0556_lp_lin     95.26208      0.000    381  
  cop_0557_lp_lin     70.08315      0.000    500  
  cop_0558_lp_lin    713.60592      0.000     41  
  cop_0559_lp_lin     34.56170      0.000    762  
  cop_0560_lp_lin    169.09091      0.000    227  
  cop_0561_lp_lin     19.68499      0.000    931  
  cop_0562_lp_lin   1738.39941      0.000     21  
  cop_0563_lp_lin    132.42898      0.000    316  
  cop_0564_lp_lin     46.65859      0.000    641  
  cop_0565_lp_lin    281.01543      0.000    191  
  cop_0566_lp_lin     52.35734      0.000    629  
  cop_0567_lp_lin    418.35048      0.000    101  
  cop_0568_lp_lin     87.67768      0.000    435  
  cop_0569_lp_lin     37.83042      0.000    732  
  cop_0570_lp_lin     21.69140      0.000    906  
  cop_0571_lp_lin     30.64171      0.000    826  
  cop_0572_lp_lin    342.09189      0.000    156  
  cop_0573_lp_lin    106.53864      0.000    348  
  cop_0574_lp_lin     35.30972      0.000    761  
  cop_0575_lp_lin    155.08497      0.000    288  
  cop_0576_lp_lin    151.59631      0.000    263  
  cop_0577_lp_lin     14.08828      0.000    972  
  cop_0578_lp_lin     43.20840      0.000    668  
  cop_0579_lp_lin    544.93694      0.000     39  
  cop_0580_lp_lin     59.87523      0.000    566  
  cop_0581_lp_lin     38.01387      0.000    736  
  cop_0582_lp_lin    315.77267      0.000    127  
  cop_0583_lp_lin     97.62776      0.000    382  
  cop_0584_lp_lin    517.34396      0.000     55  
  cop_0585_lp_lin     61.45799      0.000    552  
  cop_0586_lp_lin    125.88684      0.000    318  
  cop_0587_lp_lin     45.30697      0.000    664  
  cop_0588_lp_lin    332.19208      0.000    122  
  cop_0589_lp_lin     55.76496      0.000    583  
  cop_0590_lp_lin    367.45516      0.000    111  
  cop_0591_lp_lin    705.64093      0.000     49  
  cop_0592_lp_lin    148.69067      0.000    287  
  cop_0593_lp_lin      3.31331      0.001    999  
  cop_0594_lp_lin     22.64151      0.000    895  
  cop_0595_lp_lin     70.63339      0.000    531  
  cop_0596_lp_lin     25.51945      0.000    860  
  cop_0597_lp_lin     77.91148      0.000    497  
  cop_0598_lp_lin     33.78839      0.000    784  
  cop_0599_lp_lin    150.31582      0.000    280  
  cop_0600_lp_lin     43.76875      0.000    678  
  cop_0601_lp_lin     49.60906      0.000    613  
  cop_0602_lp_lin    179.64866      0.000    252  
  cop_0603_lp_lin    356.68103      0.000    133  
  cop_0604_lp_lin     18.89964      0.000    926  
  cop_0605_lp_lin    241.55857      0.000    157  
  cop_0606_lp_lin     52.86504      0.000    591  
  cop_0607_lp_lin    203.04797      0.000    198  
  cop_0608_lp_lin    982.95871      0.000     57  
  cop_0609_lp_lin     95.03369      0.000    399  
  cop_0610_lp_lin    120.72254      0.000    315  
  cop_0611_lp_lin    113.85704      0.000    368  
  cop_0612_lp_lin    235.94247      0.000    180  
  cop_0613_lp_lin    166.65168      0.000    257  
  cop_0614_lp_lin    156.39113      0.000    272  
  cop_0615_lp_lin     64.42744      0.000    547  
  cop_0616_lp_lin     69.88631      0.000    540  
  cop_0617_lp_lin    111.08163      0.000    373  
  cop_0618_lp_lin    105.31760      0.000    360  
  cop_0619_lp_lin    176.21562      0.000    267  
  cop_0620_lp_lin     68.86125      0.000    536  
  cop_0621_lp_lin    147.43624      0.000    277  
  cop_0622_lp_lin     12.22860      0.000    985  
  cop_0623_lp_lin    103.61137      0.000    357  
  cop_0624_lp_lin     39.46501      0.000    706  
  cop_0625_lp_lin     83.56897      0.000    423  
  cop_0626_lp_lin    648.36640      0.000     69  
  cop_0627_lp_lin    141.60009      0.000    270  
  cop_0628_lp_lin     25.36889      0.000    870  
  cop_0629_lp_lin     24.66711      0.000    866  
  cop_0630_lp_lin     91.42286      0.000    519  
  cop_0631_lp_lin     18.75975      0.000    940  
  cop_0632_lp_lin    276.13442      0.000    130  
  cop_0633_lp_lin     60.38728      0.000    577  
  cop_0634_lp_lin     38.90390      0.000    730  
  cop_0635_lp_lin     30.74165      0.000    815  
  cop_0636_lp_lin     58.30254      0.000    562  
  cop_0637_lp_lin    390.63028      0.000     96  
  cop_0638_lp_lin     58.16901      0.000    569  
  cop_0639_lp_lin     72.23716      0.000    508  
  cop_0640_lp_lin     56.24573      0.000    603  
  cop_0641_lp_lin    104.77186      0.000    400  
  cop_0642_lp_lin     44.74100      0.000    694  
  cop_0643_lp_lin     85.69875      0.000    446  
  cop_0644_lp_lin    123.58647      0.000    346  
  cop_0645_lp_lin    110.30040      0.000    394  
  cop_0646_lp_lin    105.32845      0.000    362  
  cop_0647_lp_lin     62.87457      0.000    565  
  cop_0648_lp_lin    197.93314      0.000    203  
  cop_0649_lp_lin     78.97372      0.000    477  
  cop_0650_lp_lin     43.89944      0.000    679  
  cop_0651_lp_lin     53.12829      0.000    597  
  cop_0652_lp_lin     20.06742      0.000    914  
  cop_0653_lp_lin     66.84673      0.000    524  
  cop_0654_lp_lin      5.94995      0.000    997  
  cop_0655_lp_lin    192.59689      0.000    229  
  cop_0656_lp_lin    827.27999      0.000     88  
  cop_0657_lp_lin   1569.30896      0.000     20  
  cop_0658_lp_lin    117.37592      0.000    353  
  cop_0659_lp_lin    120.56584      0.000    343  
  cop_0660_lp_lin     23.27164      0.000    894  
  cop_0661_lp_lin     19.19499      0.000    930  
  cop_0662_lp_lin    112.30543      0.000    370  
  cop_0663_lp_lin    233.82530      0.000    166  
  cop_0664_lp_lin     32.33757      0.000    801  
  cop_0665_lp_lin     11.87867      0.000    984  
  cop_0666_lp_lin     53.34700      0.000    593  
  cop_0667_lp_lin     42.81600      0.000    725  
  cop_0668_lp_lin     89.62488      0.000    416  
  cop_0669_lp_lin    331.45996      0.000    150  
  cop_0670_lp_lin   2363.44899      0.000      2  
  cop_0671_lp_lin     89.53011      0.000    426  
  cop_0672_lp_lin     51.78544      0.000    617  
  cop_0673_lp_lin     80.98325      0.000    456  
  cop_0674_lp_lin    136.44747      0.000    250  
  cop_0675_lp_lin    226.97810      0.000    175  
  cop_0676_lp_lin    140.09930      0.000    307  
  cop_0677_lp_lin    184.53535      0.000    247  
  cop_0678_lp_lin    524.27225      0.000    105  
  cop_0679_lp_lin   2796.14728      0.000      1  
  cop_0680_lp_lin    182.58367      0.000    253  
  cop_0681_lp_lin    307.36908      0.000    188  
  cop_0682_lp_lin     56.31828      0.000    595  
  cop_0683_lp_lin     32.69373      0.000    789  
  cop_0684_lp_lin     26.11532      0.000    852  
  cop_0685_lp_lin     25.11648      0.000    861  
  cop_0686_lp_lin     22.14492      0.000    900  
  cop_0687_lp_lin    314.84752      0.000    185  
  cop_0688_lp_lin     56.34970      0.000    572  
  cop_0689_lp_lin     28.36881      0.000    837  
  cop_0690_lp_lin   1110.93800      0.000     19  
  cop_0691_lp_lin     20.50207      0.000    922  
  cop_0692_lp_lin     29.88802      0.000    872  
  cop_0693_lp_lin    111.85376      0.000    385  
  cop_0694_lp_lin     36.29068      0.000    763  
  cop_0695_lp_lin     91.61551      0.000    409  
  cop_0696_lp_lin     17.12164      0.000    960  
  cop_0697_lp_lin     38.55741      0.000    719  
  cop_0698_lp_lin     63.94255      0.000    520  
  cop_0699_lp_lin    148.56396      0.000    294  
  cop_0700_lp_lin    675.38251      0.000     60  
  cop_0701_lp_lin    119.87356      0.000    319  
  cop_0702_lp_lin     29.95383      0.000    823  
  cop_0703_lp_lin     61.83122      0.000    545  
  cop_0704_lp_lin   1490.58839      0.000     80  
  cop_0705_lp_lin     27.44645      0.000    847  
  cop_0706_lp_lin     48.38701      0.000    638  
  cop_0707_lp_lin     19.73022      0.000    923  
  cop_0708_lp_lin     15.90110      0.000    958  
  cop_0709_lp_lin    161.49346      0.000    249  
  cop_0710_lp_lin    214.86049      0.000    201  
  cop_0711_lp_lin     30.18457      0.000    805  
  cop_0712_lp_lin     90.95858      0.000    429  
  cop_0713_lp_lin    130.43203      0.000    342  
  cop_0714_lp_lin    124.65175      0.000    320  
  cop_0715_lp_lin     10.10480      0.000    990  
  cop_0716_lp_lin    117.39987      0.000    352  
  cop_0717_lp_lin     16.98732      0.000    946  
  cop_0718_lp_lin    524.50863      0.000    107  
  cop_0719_lp_lin     44.54739      0.000    652  
  cop_0720_lp_lin     15.40935      0.000    966  
  cop_0721_lp_lin    198.82427      0.000    215  
  cop_0722_lp_lin    215.52374      0.000    211  
  cop_0723_lp_lin     51.40940      0.000    612  
  cop_0724_lp_lin    372.88507      0.000    125  
  cop_0725_lp_lin     48.78533      0.000    642  
  cop_0726_lp_lin    113.33310      0.000    340  
  cop_0727_lp_lin     56.57676      0.000    615  
  cop_0728_lp_lin    107.57413      0.000    389  
  cop_0729_lp_lin     66.86618      0.000    526  
  cop_0730_lp_lin     69.76200      0.000    502  
  cop_0731_lp_lin     67.39672      0.000    544  
  cop_0732_lp_lin    143.16864      0.000    284  
  cop_0733_lp_lin     69.20884      0.000    523  
  cop_0734_lp_lin    118.91663      0.000    325  
  cop_0735_lp_lin     17.27165      0.000    950  
  cop_0736_lp_lin     34.21264      0.000    775  
  cop_0737_lp_lin    171.79286      0.000    260  
  cop_0738_lp_lin     23.74493      0.000    876  
  cop_0739_lp_lin   1144.95503      0.000     43  
  cop_0740_lp_lin     13.93493      0.000    976  
  cop_0741_lp_lin     89.61029      0.000    431  
  cop_0742_lp_lin     19.91964      0.000    929  
  cop_0743_lp_lin     44.81494      0.000    676  
  cop_0744_lp_lin    235.94548      0.000    187  
  cop_0745_lp_lin    540.00079      0.000    121  
  cop_0746_lp_lin    573.44012      0.000    110  
  cop_0747_lp_lin    172.50560      0.000    269  
  cop_0748_lp_lin     31.87612      0.000    799  
  cop_0749_lp_lin     46.19051      0.000    721  
  cop_0750_lp_lin     26.57478      0.000    918  
  cop_0751_lp_lin     18.48522      0.000    928  
  cop_0752_lp_lin   1070.49499      0.000     34  
  cop_0753_lp_lin     85.15189      0.000    485  
  cop_0754_lp_lin    171.80056      0.000    296  
  cop_0755_lp_lin     64.45785      0.000    527  
  cop_0756_lp_lin     14.97527      0.000    965  
  cop_0757_lp_lin     22.91335      0.000    889  
  cop_0758_lp_lin     66.76158      0.000    564  
  cop_0759_lp_lin     60.80448      0.000    561  
  cop_0760_lp_lin    106.97860      0.000    366  
  cop_0761_lp_lin     74.48824      0.000    494  
  cop_0762_lp_lin     54.84512      0.000    590  
  cop_0763_lp_lin     22.96075      0.000    896  
  cop_0764_lp_lin     19.04311      0.000    943  
  cop_0765_lp_lin     41.24456      0.000    692  
  cop_0766_lp_lin     30.80046      0.000    821  
  cop_0767_lp_lin    308.59493      0.000    176  
  cop_0768_lp_lin   9143.64567      0.000      8  
  cop_0769_lp_lin    123.71434      0.000    334  
  cop_0770_lp_lin    108.07981      0.000    407  
  cop_0771_lp_lin    109.26411      0.000    351  
  cop_0772_lp_lin     35.91834      0.000    757  
  cop_0773_lp_lin     16.41363      0.000    963  
  cop_0774_lp_lin     18.89608      0.000    932  
  cop_0775_lp_lin     68.06168      0.000    498  
  cop_0776_lp_lin     50.09584      0.000    602  
  cop_0777_lp_lin     18.68713      0.000    936  
  cop_0778_lp_lin     27.57182      0.000    843  
  cop_0779_lp_lin     60.36082      0.000    568  
  cop_0780_lp_lin     39.23008      0.000    714  
  cop_0781_lp_lin    339.36844      0.000    155  
  cop_0782_lp_lin     37.82597      0.000    740  
  cop_0783_lp_lin   1605.01436      0.000     40  
  cop_0784_lp_lin     18.43848      0.000    945  
  cop_0785_lp_lin    549.55035      0.000     77  
  cop_0786_lp_lin    181.79382      0.000    200  
  cop_0787_lp_lin    840.46468      0.000     38  
  cop_0788_lp_lin    158.57419      0.000    291  
  cop_0789_lp_lin    174.62351      0.000    279  
  cop_0790_lp_lin     52.99980      0.000    608  
  cop_0791_lp_lin     74.56708      0.000    489  
  cop_0792_lp_lin    636.71831      0.000     64  
  cop_0793_lp_lin     27.78384      0.000    842  
  cop_0794_lp_lin     38.34986      0.000    738  
  cop_0795_lp_lin     71.62351      0.000    533  
  cop_0796_lp_lin     23.09373      0.000    903  
  cop_0797_lp_lin     52.61956      0.000    614  
  cop_0798_lp_lin     46.31877      0.000    677  
  cop_0799_lp_lin    805.15214      0.000     79  
  cop_0800_lp_lin     64.82989      0.000    592  
  cop_0801_lp_lin      6.80368      0.000    996  
  cop_0802_lp_lin     69.01861      0.000    512  
  cop_0803_lp_lin     43.28488      0.000    689  
  cop_0804_lp_lin    145.20716      0.000    290  
  cop_0805_lp_lin    113.84616      0.000    339  
  cop_0806_lp_lin     40.46392      0.000    711  
  cop_0807_lp_lin    238.99439      0.000    190  
  cop_0808_lp_lin    119.86961      0.000    317  
  cop_0809_lp_lin    618.39893      0.000     52  
  cop_0810_lp_lin    931.54747      0.000     62  
  cop_0811_lp_lin    405.83532      0.000    109  
  cop_0812_lp_lin    155.30638      0.000    233  
  cop_0813_lp_lin    125.83851      0.000    305  
  cop_0814_lp_lin     48.85887      0.000    650  
  cop_0815_lp_lin     39.14601      0.000    709  
  cop_0816_lp_lin    813.09181      0.000     45  
  cop_0817_lp_lin    120.98527      0.000    332  
  cop_0818_lp_lin    105.94190      0.000    350  
  cop_0819_lp_lin     76.65515      0.000    464  
  cop_0820_lp_lin     26.26008      0.000    859  
  cop_0821_lp_lin     32.19544      0.000    791  
  cop_0822_lp_lin    240.82040      0.000    195  
  cop_0823_lp_lin    957.09698      0.000     24  
  cop_0824_lp_lin     17.11031      0.000    948  
  cop_0825_lp_lin     34.33094      0.000    772  
  cop_0826_lp_lin     14.57584      0.000    970  
  cop_0827_lp_lin     20.85516      0.000    933  
  cop_0828_lp_lin    223.57898      0.000    206  
  cop_0829_lp_lin     99.06320      0.000    386  
  cop_0830_lp_lin    568.50351      0.000    112  
  cop_0831_lp_lin     68.24709      0.000    518  
  cop_0832_lp_lin     14.01655      0.000    973  
  cop_0833_lp_lin    658.57128      0.000     44  
  cop_0834_lp_lin     39.94909      0.000    705  
  cop_0835_lp_lin     81.45343      0.000    440  
  cop_0836_lp_lin    206.76709      0.000    237  
  cop_0837_lp_lin    142.70572      0.000    301  
  cop_0838_lp_lin     38.41788      0.000    739  
  cop_0839_lp_lin    265.45743      0.000    171  
  cop_0840_lp_lin     75.53770      0.000    501  
  cop_0841_lp_lin     25.03220      0.000    863  
  cop_0842_lp_lin    323.89103      0.000    134  
  cop_0843_lp_lin     58.56949      0.000    563  
  cop_0844_lp_lin     53.46122      0.000    625  
  cop_0845_lp_lin    414.05188      0.000     86  
  cop_0846_lp_lin    485.69033      0.000     89  
  cop_0847_lp_lin    145.07252      0.000    282  
  cop_0848_lp_lin     28.82790      0.000    849  
  cop_0849_lp_lin     28.23462      0.000    838  
  cop_0850_lp_lin     48.75984      0.000    635  
  cop_0851_lp_lin    196.57966      0.000    225  
  cop_0852_lp_lin     24.11613      0.000    877  
  cop_0853_lp_lin     39.37491      0.000    745  
  cop_0854_lp_lin     25.70058      0.000    857  
  cop_0855_lp_lin     84.23993      0.000    433  
  cop_0856_lp_lin    220.54014      0.000    194  
  cop_0857_lp_lin     33.00453      0.000    777  
  cop_0858_lp_lin     42.06038      0.000    681  
  cop_0859_lp_lin     17.55584      0.000    953  
  cop_0860_lp_lin    675.71785      0.000     59  
  cop_0861_lp_lin    117.26722      0.000    338  
  cop_0862_lp_lin     27.07880      0.000    850  
  cop_0863_lp_lin     32.11995      0.000    810  
  cop_0864_lp_lin     45.99447      0.000    643  
  cop_0865_lp_lin    186.51263      0.000    230  
  cop_0866_lp_lin     56.92867      0.000    585  
  cop_0867_lp_lin     32.52851      0.000    788  
  cop_0868_lp_lin    382.70877      0.000    102  
  cop_0869_lp_lin    140.80562      0.000    310  
  cop_0870_lp_lin   2073.95251      0.000      9  
  cop_0871_lp_lin     28.26643      0.000    841  
  cop_0872_lp_lin     63.16216      0.000    534  
  cop_0873_lp_lin     85.54492      0.000    441  
  cop_0874_lp_lin     36.62543      0.000    742  
  cop_0875_lp_lin     68.79548      0.000    506  
  cop_0876_lp_lin     44.93833      0.000    665  
  cop_0877_lp_lin     37.42150      0.000    744  
  cop_0878_lp_lin     30.09051      0.000    862  
  cop_0879_lp_lin     64.34609      0.000    522  
  cop_0880_lp_lin     32.80428      0.000    802  
  cop_0881_lp_lin     65.17674      0.000    517  
  cop_0882_lp_lin     31.90059      0.000    806  
  cop_0883_lp_lin    246.97566      0.000    170  
  cop_0884_lp_lin     33.08277      0.000    779  
  cop_0885_lp_lin    190.48090      0.000    232  
  cop_0886_lp_lin     27.87335      0.000    828  
  cop_0887_lp_lin    191.04323      0.000    192  
  cop_0888_lp_lin     71.81958      0.000    496  
  cop_0889_lp_lin     74.61994      0.000    490  
  cop_0890_lp_lin    346.60374      0.000    119  
  cop_0891_lp_lin     65.22198      0.000    521  
  cop_0892_lp_lin     81.05151      0.000    455  
  cop_0893_lp_lin     52.53106      0.000    586  
  cop_0894_lp_lin    122.81127      0.000    326  
  cop_0895_lp_lin     66.73703      0.000    556  
  cop_0896_lp_lin     41.45411      0.000    690  
  cop_0897_lp_lin     17.91624      0.000    944  
  cop_0898_lp_lin     22.88004      0.000    886  
  cop_0899_lp_lin     24.21773      0.000    868  
  cop_0900_lp_lin    612.71418      0.000     92  
  cop_0901_lp_lin     68.09366      0.000    528  
  cop_0902_lp_lin     20.53331      0.000    942  
  cop_0903_lp_lin    116.48023      0.000    354  
  cop_0904_lp_lin     31.89606      0.000    798  
  cop_0905_lp_lin      2.87674      1.000      -  yes
  cop_0906_lp_lin     17.34348      0.000    947  
  cop_0907_lp_lin    335.40983      0.000     97  
  cop_0908_lp_lin    324.02362      0.000    219  
  cop_0909_lp_lin    113.40524      0.000    374  
  cop_0910_lp_lin     50.25210      0.000    651  
  cop_0911_lp_lin     41.20517      0.000    728  
  cop_0912_lp_lin    100.62266      0.000    413  
  cop_0913_lp_lin     24.78896      0.000    865  
  cop_0914_lp_lin     23.43952      0.000    911  
  cop_0915_lp_lin    127.45833      0.000    333  
  cop_0916_lp_lin    144.96275      0.000    289  
  cop_0917_lp_lin     12.35806      0.000    977  
  cop_0918_lp_lin    381.76863      0.000     85  
  cop_0919_lp_lin    564.62081      0.000    115  
  cop_0920_lp_lin     92.39748      0.000    452  
  cop_0921_lp_lin     89.06631      0.000    438  
  cop_0922_lp_lin    139.92811      0.000    297  
  cop_0923_lp_lin     53.43308      0.000    607  
  cop_0924_lp_lin   1215.90529      0.000     95  
  cop_0925_lp_lin     88.13321      0.000    454  
  cop_0926_lp_lin    607.06350      0.000     58  
  cop_0927_lp_lin    123.13216      0.000    314  
  cop_0928_lp_lin   1545.95522      0.000     12  
  cop_0929_lp_lin    384.91570      0.000    128  
  cop_0930_lp_lin     98.36981      0.000    405  
  cop_0931_lp_lin     12.19876      0.000    981  
  cop_0932_lp_lin    718.32391      0.000     56  
  cop_0933_lp_lin    195.38678      0.000    226  
  cop_0934_lp_lin    118.59126      0.000    363  
  cop_0935_lp_lin    219.19648      0.000    214  
  cop_0936_lp_lin    141.76243      0.000    306  
  cop_0937_lp_lin     30.15593      0.000    819  
  cop_0938_lp_lin    320.60937      0.000    141  
  cop_0939_lp_lin     61.37506      0.000    548  
  cop_0940_lp_lin    319.42864      0.000    104  
  cop_0941_lp_lin     45.37850      0.000    660  
  cop_0942_lp_lin    626.81277      0.000     65  
  cop_0943_lp_lin     23.25393      0.000    888  
  cop_0944_lp_lin    109.76334      0.000    383  
  cop_0945_lp_lin    183.38219      0.000    255  
  cop_0946_lp_lin    273.35704      0.000    186  
  cop_0947_lp_lin    230.77588      0.000    193  
  cop_0948_lp_lin     44.44068      0.000    691  
  cop_0949_lp_lin    261.26643      0.000    160  
  cop_0950_lp_lin     40.32580      0.000    716  
  cop_0951_lp_lin     29.76450      0.000    822  
  cop_0952_lp_lin     38.26063      0.000    748  
  cop_0953_lp_lin     70.82047      0.000    487  
  cop_0954_lp_lin     92.24929      0.000    411  
  cop_0955_lp_lin     43.72038      0.000    674  
  cop_0956_lp_lin     83.61436      0.000    425  
  cop_0957_lp_lin    162.65155      0.000    286  
  cop_0958_lp_lin    999.47044      0.000     51  
  cop_0959_lp_lin     78.64214      0.000    447  
  cop_0960_lp_lin     91.93694      0.000    397  
  cop_0961_lp_lin     98.26668      0.000    406  
  cop_0962_lp_lin     44.42539      0.000    663  
  cop_0963_lp_lin     63.17563      0.000    538  
  cop_0964_lp_lin     48.86972      0.000    653  
  cop_0965_lp_lin    384.24880      0.000    138  
  cop_0966_lp_lin    321.77121      0.000    108  
  cop_0967_lp_lin    400.53672      0.000     81  
  cop_0968_lp_lin     35.04999      0.000    753  
  cop_0969_lp_lin     29.23167      0.000    820  
  cop_0970_lp_lin      5.83139      0.000    998  
  cop_0971_lp_lin     19.81474      0.000    913  
  cop_0972_lp_lin     22.37295      0.000    901  
  cop_0973_lp_lin     79.90320      0.000    482  
  cop_0974_lp_lin     65.19957      0.000    558  
  cop_0975_lp_lin    131.32875      0.000    313  
  cop_0976_lp_lin     62.97608      0.000    567  
  cop_0977_lp_lin    410.16938      0.000     91  
  cop_0978_lp_lin     42.70286      0.000    695  
  cop_0979_lp_lin     47.02449      0.000    634  
  cop_0980_lp_lin    414.49832      0.000    135  
  cop_0981_lp_lin    142.09056      0.000    278  
  cop_0982_lp_lin     45.03756      0.000    673  
  cop_0983_lp_lin    143.66789      0.000    302  
  cop_0984_lp_lin    265.03171      0.000    146  
  cop_0985_lp_lin     74.12119      0.000    484  
  cop_0986_lp_lin     41.72955      0.000    712  
  cop_0987_lp_lin    107.34201      0.000    377  
  cop_0988_lp_lin     81.00495      0.000    427  
  cop_0989_lp_lin    364.25418      0.000    147  
  cop_0990_lp_lin    220.42671      0.000    228  
  cop_0991_lp_lin     83.89917      0.000    443  
  cop_0992_lp_lin    188.27869      0.000    241  
  cop_0993_lp_lin    124.82242      0.000    323  
  cop_0994_lp_lin     35.09617      0.000    782  
  cop_0995_lp_lin     34.98008      0.000    756  
  cop_0996_lp_lin     39.27150      0.000    720  
  cop_0997_lp_lin    170.29042      0.000    245  
  cop_0998_lp_lin     44.67984      0.000    680  
  cop_0999_lp_lin     48.70019      0.000    645  
  cop_1000_lp_lin     54.85925      0.000    576  
  eliminated, worst first: cop_0679_lp_lin cop_0670_lp_lin cop_0086_lp_lin cop_0362_lp_lin cop_0184_lp_lin cop_0080_lp_lin cop_0375_lp_lin cop_0768_lp_lin cop_0870_lp_lin cop_0046_lp_lin cop_0212_lp_lin cop_0928_lp_lin cop_0511_lp_lin cop_0308_lp_lin cop_0323_lp_lin cop_0548_lp_lin cop_0058_lp_lin cop_0130_lp_lin cop_0690_lp_lin cop_0657_lp_lin cop_0562_lp_lin cop_0056_lp_lin cop_0214_lp_lin cop_0823_lp_lin cop_0049_lp_lin cop_0411_lp_lin cop_0206_lp_lin cop_0085_lp_lin cop_0388_lp_lin cop_0095_lp_lin cop_0253_lp_lin cop_0508_lp_lin cop_0229_lp_lin cop_0752_lp_lin cop_0167_lp_lin cop_0098_lp_lin cop_0154_lp_lin cop_0787_lp_lin cop_0579_lp_lin cop_0783_lp_lin cop_0558_lp_lin cop_0219_lp_lin cop_0739_lp_lin cop_0833_lp_lin cop_0816_lp_lin cop_0325_lp_lin cop_0096_lp_lin cop_0366_lp_lin cop_0591_lp_lin cop_0461_lp_lin cop_0958_lp_lin cop_0809_lp_lin cop_0262_lp_lin cop_0402_lp_lin cop_0584_lp_lin cop_0932_lp_lin cop_0608_lp_lin cop_0926_lp_lin cop_0860_lp_lin cop_0700_lp_lin cop_0115_lp_lin cop_0810_lp_lin cop_0175_lp_lin cop_0792_lp_lin cop_0942_lp_lin cop_0287_lp_lin cop_0297_lp_lin cop_0009_lp_lin cop_0626_lp_lin cop_0257_lp_lin cop_0329_lp_lin cop_0387_lp_lin cop_0168_lp_lin cop_0549_lp_lin cop_0089_lp_lin cop_0393_lp_lin cop_0785_lp_lin cop_0230_lp_lin cop_0799_lp_lin cop_0704_lp_lin cop_0967_lp_lin cop_0244_lp_lin cop_0041_lp_lin cop_0425_lp_lin cop_0918_lp_lin cop_0845_lp_lin cop_0043_lp_lin cop_0656_lp_lin cop_0846_lp_lin cop_0158_lp_lin cop_0977_lp_lin cop_0900_lp_lin cop_0406_lp_lin cop_0414_lp_lin cop_0924_lp_lin cop_0637_lp_lin cop_0907_lp_lin cop_0528_lp_lin cop_0333_lp_lin cop_0140_lp_lin cop_0567_lp_lin cop_0868_lp_lin cop_0332_lp_lin cop_0940_lp_lin cop_0678_lp_lin cop_0114_lp_lin cop_0718_lp_lin cop_0966_lp_lin cop_0811_lp_lin cop_0746_lp_lin cop_0590_lp_lin cop_0830_lp_lin cop_0013_lp_lin cop_0381_lp_lin cop_0919_lp_lin cop_0233_lp_lin cop_0159_lp_lin cop_0300_lp_lin cop_0890_lp_lin cop_0052_lp_lin cop_0745_lp_lin cop_0588_lp_lin cop_0012_lp_lin cop_0276_lp_lin cop_0724_lp_lin cop_0363_lp_lin cop_0582_lp_lin cop_0929_lp_lin cop_0119_lp_lin cop_0632_lp_lin cop_0278_lp_lin cop_0370_lp_lin cop_0603_lp_lin cop_0842_lp_lin cop_0980_lp_lin cop_0271_lp_lin cop_0412_lp_lin cop_0965_lp_lin cop_0259_lp_lin cop_0209_lp_lin cop_0938_lp_lin cop_0088_lp_lin cop_0515_lp_lin cop_0521_lp_lin cop_0391_lp_lin cop_0984_lp_lin cop_0989_lp_lin cop_0304_lp_lin cop_0178_lp_lin cop_0669_lp_lin cop_0468_lp_lin cop_0188_lp_lin cop_0251_lp_lin cop_0238_lp_lin cop_0781_lp_lin cop_0572_lp_lin cop_0605_lp_lin cop_0092_lp_lin cop_0270_lp_lin cop_0949_lp_lin cop_0202_lp_lin cop_0430_lp_lin cop_0484_lp_lin cop_0505_lp_lin cop_0160_lp_lin cop_0663_lp_lin cop_0189_lp_lin cop_0245_lp_lin cop_0342_lp_lin cop_0883_lp_lin cop_0839_lp_lin cop_0025_lp_lin cop_0222_lp_lin cop_0421_lp_lin cop_0675_lp_lin cop_0767_lp_lin cop_0063_lp_lin cop_0192_lp_lin cop_0456_lp_lin cop_0612_lp_lin cop_0473_lp_lin cop_0261_lp_lin cop_0138_lp_lin cop_0064_lp_lin cop_0687_lp_lin cop_0946_lp_lin cop_0744_lp_lin cop_0681_lp_lin cop_0471_lp_lin cop_0807_lp_lin cop_0565_lp_lin cop_0887_lp_lin cop_0947_lp_lin cop_0856_lp_lin cop_0822_lp_lin cop_0090_lp_lin cop_0273_lp_lin cop_0607_lp_lin cop_0486_lp_lin cop_0786_lp_lin cop_0710_lp_lin cop_0123_lp_lin cop_0648_lp_lin cop_0275_lp_lin cop_0550_lp_lin cop_0828_lp_lin cop_0155_lp_lin cop_0475_lp_lin cop_0018_lp_lin cop_0535_lp_lin cop_0722_lp_lin cop_0452_lp_lin cop_0487_lp_lin cop_0935_lp_lin cop_0721_lp_lin cop_0427_lp_lin cop_0038_lp_lin cop_0379_lp_lin cop_0908_lp_lin cop_0345_lp_lin cop_0164_lp_lin cop_0336_lp_lin cop_0491_lp_lin cop_0449_lp_lin cop_0851_lp_lin cop_0933_lp_lin cop_0560_lp_lin cop_0990_lp_lin cop_0655_lp_lin cop_0865_lp_lin cop_0266_lp_lin cop_0885_lp_lin cop_0812_lp_lin cop_0499_lp_lin cop_0532_lp_lin cop_0328_lp_lin cop_0836_lp_lin cop_0455_lp_lin cop_0217_lp_lin cop_0190_lp_lin cop_0992_lp_lin cop_0392_lp_lin cop_0060_lp_lin cop_0330_lp_lin cop_0997_lp_lin cop_0551_lp_lin cop_0677_lp_lin cop_0022_lp_lin cop_0709_lp_lin cop_0674_lp_lin cop_0137_lp_lin cop_0602_lp_lin cop_0680_lp_lin cop_0344_lp_lin cop_0945_lp_lin cop_0326_lp_lin cop_0613_lp_lin cop_0359_lp_lin cop_0059_lp_lin cop_0737_lp_lin cop_0512_lp_lin cop_0385_lp_lin cop_0576_lp_lin cop_0445_lp_lin cop_0249_lp_lin cop_0365_lp_lin cop_0619_lp_lin cop_0310_lp_lin cop_0747_lp_lin cop_0627_lp_lin cop_0539_lp_lin cop_0614_lp_lin cop_0263_lp_lin cop_0084_lp_lin cop_0026_lp_lin cop_0083_lp_lin cop_0621_lp_lin cop_0981_lp_lin cop_0789_lp_lin cop_0599_lp_lin cop_0210_lp_lin cop_0847_lp_lin cop_0448_lp_lin cop_0732_lp_lin cop_0279_lp_lin cop_0957_lp_lin cop_0592_lp_lin cop_0575_lp_lin cop_0916_lp_lin cop_0804_lp_lin cop_0788_lp_lin cop_0177_lp_lin cop_0376_lp_lin cop_0699_lp_lin cop_0264_lp_lin cop_0754_lp_lin cop_0922_lp_lin cop_0093_lp_lin cop_0380_lp_lin cop_0327_lp_lin cop_0837_lp_lin cop_0983_lp_lin cop_0053_lp_lin cop_0303_lp_lin cop_0813_lp_lin cop_0936_lp_lin cop_0676_lp_lin cop_0443_lp_lin cop_0051_lp_lin cop_0869_lp_lin cop_0065_lp_lin cop_0071_lp_lin cop_0975_lp_lin cop_0927_lp_lin cop_0610_lp_lin cop_0563_lp_lin cop_0808_lp_lin cop_0586_lp_lin cop_0701_lp_lin cop_0714_lp_lin cop_0034_lp_lin cop_0272_lp_lin cop_0993_lp_lin cop_0357_lp_lin cop_0734_lp_lin cop_0894_lp_lin cop_0232_lp_lin cop_0020_lp_lin cop_0517_lp_lin cop_0216_lp_lin cop_0197_lp_lin cop_0817_lp_lin cop_0915_lp_lin cop_0769_lp_lin cop_0315_lp_lin cop_0014_lp_lin cop_0555_lp_lin cop_0861_lp_lin cop_0805_lp_lin cop_0726_lp_lin cop_0447_lp_lin cop_0713_lp_lin cop_0659_lp_lin cop_0483_lp_lin cop_0021_lp_lin cop_0644_lp_lin cop_0068_lp_lin cop_0573_lp_lin cop_0358_lp_lin cop_0818_lp_lin cop_0771_lp_lin cop_0716_lp_lin cop_0658_lp_lin cop_0903_lp_lin cop_0493_lp_lin cop_0104_lp_lin cop_0623_lp_lin cop_0524_lp_lin cop_0076_lp_lin cop_0618_lp_lin cop_0101_lp_lin cop_0646_lp_lin cop_0934_lp_lin cop_0409_lp_lin cop_0132_lp_lin cop_0760_lp_lin cop_0074_lp_lin cop_0611_lp_lin cop_0055_lp_lin cop_0662_lp_lin cop_0247_lp_lin cop_0476_lp_lin cop_0617_lp_lin cop_0909_lp_lin cop_0545_lp_lin cop_0067_lp_lin cop_0987_lp_lin cop_0069_lp_lin cop_0418_lp_lin cop_0290_lp_lin cop_0556_lp_lin cop_0583_lp_lin cop_0944_lp_lin cop_0153_lp_lin cop_0693_lp_lin cop_0829_lp_lin cop_0077_lp_lin cop_0401_lp_lin cop_0728_lp_lin cop_0405_lp_lin cop_0389_lp_lin cop_0419_lp_lin cop_0301_lp_lin cop_0645_lp_lin cop_0337_lp_lin cop_0073_lp_lin cop_0960_lp_lin cop_0341_lp_lin cop_0609_lp_lin cop_0641_lp_lin cop_0339_lp_lin cop_0454_lp_lin cop_0547_lp_lin cop_0260_lp_lin cop_0930_lp_lin cop_0961_lp_lin cop_0770_lp_lin cop_0331_lp_lin cop_0695_lp_lin cop_0143_lp_lin cop_0954_lp_lin cop_0417_lp_lin cop_0912_lp_lin cop_0400_lp_lin cop_0187_lp_lin cop_0668_lp_lin cop_0470_lp_lin cop_0546_lp_lin cop_0110_lp_lin cop_0042_lp_lin cop_0223_lp_lin cop_0394_lp_lin cop_0625_lp_lin cop_0442_lp_lin cop_0956_lp_lin cop_0671_lp_lin cop_0988_lp_lin cop_0048_lp_lin cop_0712_lp_lin cop_0129_lp_lin cop_0741_lp_lin cop_0023_lp_lin cop_0855_lp_lin cop_0133_lp_lin cop_0568_lp_lin cop_0193_lp_lin cop_0116_lp_lin cop_0921_lp_lin cop_0307_lp_lin cop_0835_lp_lin cop_0873_lp_lin cop_0237_lp_lin cop_0991_lp_lin cop_0006_lp_lin cop_0122_lp_lin cop_0643_lp_lin cop_0959_lp_lin cop_0078_lp_lin cop_0236_lp_lin cop_0195_lp_lin cop_0311_lp_lin cop_0920_lp_lin cop_0015_lp_lin cop_0925_lp_lin cop_0892_lp_lin cop_0673_lp_lin cop_0248_lp_lin cop_0537_lp_lin cop_0215_lp_lin cop_0340_lp_lin cop_0176_lp_lin cop_0360_lp_lin cop_0224_lp_lin cop_0819_lp_lin cop_0383_lp_lin cop_0050_lp_lin cop_0488_lp_lin cop_0242_lp_lin cop_0204_lp_lin cop_0553_lp_lin cop_0268_lp_lin cop_0008_lp_lin cop_0496_lp_lin cop_0395_lp_lin cop_0309_lp_lin cop_0504_lp_lin cop_0649_lp_lin cop_0446_lp_lin cop_0198_lp_lin cop_0354_lp_lin cop_0282_lp_lin cop_0973_lp_lin cop_0286_lp_lin cop_0985_lp_lin cop_0753_lp_lin cop_0284_lp_lin cop_0953_lp_lin cop_0420_lp_lin cop_0791_lp_lin cop_0889_lp_lin cop_0438_lp_lin cop_0462_lp_lin cop_0235_lp_lin cop_0761_lp_lin cop_0541_lp_lin cop_0888_lp_lin cop_0597_lp_lin cop_0775_lp_lin cop_0113_lp_lin cop_0557_lp_lin cop_0840_lp_lin cop_0730_lp_lin cop_0386_lp_lin cop_0295_lp_lin cop_0124_lp_lin cop_0875_lp_lin cop_0007_lp_lin cop_0639_lp_lin cop_0522_lp_lin cop_0319_lp_lin cop_0459_lp_lin cop_0802_lp_lin cop_0045_lp_lin cop_0283_lp_lin cop_0436_lp_lin cop_0111_lp_lin cop_0881_lp_lin cop_0831_lp_lin cop_0630_lp_lin cop_0698_lp_lin cop_0891_lp_lin cop_0879_lp_lin cop_0733_lp_lin cop_0653_lp_lin cop_0218_lp_lin cop_0729_lp_lin cop_0755_lp_lin cop_0901_lp_lin cop_0291_lp_lin cop_0467_lp_lin cop_0595_lp_lin cop_0141_lp_lin cop_0795_lp_lin cop_0872_lp_lin cop_0433_lp_lin cop_0620_lp_lin cop_0203_lp_lin cop_0963_lp_lin cop_0432_lp_lin cop_0616_lp_lin cop_0404_lp_lin cop_0027_lp_lin cop_0348_lp_lin cop_0731_lp_lin cop_0703_lp_lin cop_0490_lp_lin cop_0615_lp_lin cop_0939_lp_lin cop_0163_lp_lin cop_0465_lp_lin cop_0531_lp_lin cop_0585_lp_lin cop_0453_lp_lin cop_0372_lp_lin cop_0451_lp_lin cop_0895_lp_lin cop_0293_lp_lin cop_0974_lp_lin cop_0322_lp_lin cop_0146_lp_lin cop_0759_lp_lin cop_0636_lp_lin cop_0843_lp_lin cop_0758_lp_lin cop_0647_lp_lin cop_0580_lp_lin cop_0976_lp_lin cop_0779_lp_lin cop_0638_lp_lin cop_0302_lp_lin cop_0415_lp_lin cop_0688_lp_lin cop_0507_lp_lin cop_0434_lp_lin cop_0200_lp_lin cop_1000_lp_lin cop_0633_lp_lin cop_0477_lp_lin cop_0169_lp_lin cop_0485_lp_lin cop_0156_lp_lin cop_0416_lp_lin cop_0589_lp_lin cop_0495_lp_lin cop_0866_lp_lin cop_0893_lp_lin cop_0081_lp_lin cop_0091_lp_lin cop_0514_lp_lin cop_0762_lp_lin cop_0606_lp_lin cop_0800_lp_lin cop_0666_lp_lin cop_0226_lp_lin cop_0682_lp_lin cop_0439_lp_lin cop_0651_lp_lin cop_0171_lp_lin cop_0030_lp_lin cop_0318_lp_lin cop_0349_lp_lin cop_0776_lp_lin cop_0640_lp_lin cop_0305_lp_lin cop_0239_lp_lin cop_0228_lp_lin cop_0923_lp_lin cop_0790_lp_lin cop_0225_lp_lin cop_0029_lp_lin cop_0441_lp_lin cop_0723_lp_lin cop_0601_lp_lin cop_0797_lp_lin cop_0727_lp_lin cop_0243_lp_lin cop_0672_lp_lin cop_0294_lp_lin cop_0126_lp_lin cop_0227_lp_lin cop_0117_lp_lin cop_0151_lp_lin cop_0234_lp_lin cop_0352_lp_lin cop_0844_lp_lin cop_0017_lp_lin cop_0180_lp_lin cop_0087_lp_lin cop_0566_lp_lin cop_0296_lp_lin cop_0028_lp_lin cop_0174_lp_lin cop_0005_lp_lin cop_0979_lp_lin cop_0850_lp_lin cop_0082_lp_lin cop_0378_lp_lin cop_0706_lp_lin cop_0536_lp_lin cop_0196_lp_lin cop_0564_lp_lin cop_0725_lp_lin cop_0864_lp_lin cop_0150_lp_lin cop_0999_lp_lin cop_0377_lp_lin cop_0355_lp_lin cop_0131_lp_lin cop_0542_lp_lin cop_0814_lp_lin cop_0910_lp_lin cop_0719_lp_lin cop_0964_lp_lin cop_0001_lp_lin cop_0011_lp_lin cop_0032_lp_lin cop_0094_lp_lin cop_0185_lp_lin cop_0128_lp_lin cop_0941_lp_lin cop_0265_lp_lin cop_0384_lp_lin cop_0962_lp_lin cop_0587_lp_lin cop_0876_lp_lin cop_0097_lp_lin cop_0497_lp_lin cop_0578_lp_lin cop_0431_lp_lin cop_0280_lp_lin cop_0186_lp_lin cop_0489_lp_lin cop_0982_lp_lin cop_0955_lp_lin cop_0125_lp_lin cop_0743_lp_lin cop_0798_lp_lin cop_0600_lp_lin cop_0650_lp_lin cop_0998_lp_lin cop_0858_lp_lin cop_0258_lp_lin cop_0162_lp_lin cop_0194_lp_lin cop_0127_lp_lin cop_0423_lp_lin cop_0037_lp_lin cop_0472_lp_lin cop_0803_lp_lin cop_0896_lp_lin cop_0948_lp_lin cop_0765_lp_lin cop_0320_lp_lin cop_0642_lp_lin cop_0978_lp_lin cop_0033_lp_lin cop_0120_lp_lin cop_0103_lp_lin cop_0312_lp_lin cop_0463_lp_lin cop_0382_lp_lin cop_0502_lp_lin cop_0105_lp_lin cop_0292_lp_lin cop_0834_lp_lin cop_0624_lp_lin cop_0170_lp_lin cop_0208_lp_lin cop_0815_lp_lin cop_0252_lp_lin cop_0806_lp_lin cop_0986_lp_lin cop_0369_lp_lin cop_0780_lp_lin cop_0492_lp_lin cop_0950_lp_lin cop_0403_lp_lin cop_0364_lp_lin cop_0697_lp_lin cop_0996_lp_lin cop_0749_lp_lin cop_0371_lp_lin cop_0498_lp_lin cop_0040_lp_lin cop_0667_lp_lin cop_0482_lp_lin cop_0246_lp_lin cop_0911_lp_lin cop_0144_lp_lin cop_0634_lp_lin cop_0324_lp_lin cop_0569_lp_lin cop_0183_lp_lin cop_0003_lp_lin cop_0181_lp_lin cop_0581_lp_lin cop_0019_lp_lin cop_0794_lp_lin cop_0838_lp_lin cop_0782_lp_lin cop_0373_lp_lin cop_0874_lp_lin cop_0250_lp_lin cop_0877_lp_lin cop_0853_lp_lin cop_0075_lp_lin cop_0474_lp_lin cop_0952_lp_lin cop_0035_lp_lin cop_0408_lp_lin cop_0407_lp_lin cop_0510_lp_lin cop_0968_lp_lin cop_0413_lp_lin cop_0255_lp_lin cop_0995_lp_lin cop_0772_lp_lin cop_0398_lp_lin cop_0024_lp_lin cop_0466_lp_lin cop_0574_lp_lin cop_0559_lp_lin cop_0694_lp_lin cop_0554_lp_lin cop_0540_lp_lin cop_0061_lp_lin cop_0523_lp_lin cop_0134_lp_lin cop_0070_lp_lin cop_0506_lp_lin cop_0314_lp_lin cop_0825_lp_lin cop_0112_lp_lin cop_0351_lp_lin cop_0736_lp_lin cop_0367_lp_lin cop_0857_lp_lin cop_0458_lp_lin cop_0884_lp_lin cop_0256_lp_lin cop_0231_lp_lin cop_0994_lp_lin cop_0109_lp_lin cop_0598_lp_lin cop_0172_lp_lin cop_0121_lp_lin cop_0464_lp_lin cop_0867_lp_lin cop_0683_lp_lin cop_0062_lp_lin cop_0821_lp_lin cop_0199_lp_lin cop_0149_lp_lin cop_0221_lp_lin cop_0108_lp_lin cop_0145_lp_lin cop_0520_lp_lin cop_0904_lp_lin cop_0748_lp_lin cop_0220_lp_lin cop_0664_lp_lin cop_0880_lp_lin cop_0165_lp_lin cop_0543_lp_lin cop_0711_lp_lin cop_0882_lp_lin cop_0457_lp_lin cop_0530_lp_lin cop_0440_lp_lin cop_0863_lp_lin cop_0288_lp_lin cop_0039_lp_lin cop_0211_lp_lin cop_0500_lp_lin cop_0635_lp_lin cop_0479_lp_lin cop_0343_lp_lin cop_0099_lp_lin cop_0937_lp_lin cop_0969_lp_lin cop_0766_lp_lin cop_0951_lp_lin cop_0702_lp_lin cop_0529_lp_lin cop_0298_lp_lin cop_0571_lp_lin cop_0501_lp_lin cop_0886_lp_lin cop_0205_lp_lin cop_0334_lp_lin cop_0072_lp_lin cop_0285_lp_lin cop_0450_lp_lin cop_0460_lp_lin cop_0316_lp_lin cop_0254_lp_lin cop_0689_lp_lin cop_0849_lp_lin cop_0299_lp_lin cop_0346_lp_lin cop_0871_lp_lin cop_0793_lp_lin cop_0778_lp_lin cop_0057_lp_lin cop_0396_lp_lin cop_0509_lp_lin cop_0705_lp_lin cop_0306_lp_lin cop_0848_lp_lin cop_0862_lp_lin cop_0161_lp_lin cop_0684_lp_lin cop_0313_lp_lin cop_0031_lp_lin cop_0139_lp_lin cop_0321_lp_lin cop_0854_lp_lin cop_0289_lp_lin cop_0820_lp_lin cop_0596_lp_lin cop_0685_lp_lin cop_0878_lp_lin cop_0841_lp_lin cop_0147_lp_lin cop_0913_lp_lin cop_0629_lp_lin cop_0350_lp_lin cop_0899_lp_lin cop_0516_lp_lin cop_0628_lp_lin cop_0469_lp_lin cop_0692_lp_lin cop_0106_lp_lin cop_0135_lp_lin cop_0201_lp_lin cop_0738_lp_lin cop_0852_lp_lin cop_0353_lp_lin cop_0428_lp_lin cop_0240_lp_lin cop_0397_lp_lin cop_0010_lp_lin cop_0480_lp_lin cop_0118_lp_lin cop_0152_lp_lin cop_0898_lp_lin cop_0267_lp_lin cop_0943_lp_lin cop_0757_lp_lin cop_0544_lp_lin cop_0533_lp_lin cop_0179_lp_lin cop_0525_lp_lin cop_0660_lp_lin cop_0594_lp_lin cop_0763_lp_lin cop_0424_lp_lin cop_0102_lp_lin cop_0277_lp_lin cop_0686_lp_lin cop_0972_lp_lin cop_0066_lp_lin cop_0796_lp_lin cop_0519_lp_lin cop_0444_lp_lin cop_0570_lp_lin cop_0538_lp_lin cop_0173_lp_lin cop_0182_lp_lin cop_0429_lp_lin cop_0914_lp_lin cop_0274_lp_lin cop_0971_lp_lin cop_0652_lp_lin cop_0527_lp_lin cop_0390_lp_lin cop_0361_lp_lin cop_0750_lp_lin cop_0281_lp_lin cop_0494_lp_lin cop_0335_lp_lin cop_0691_lp_lin cop_0707_lp_lin cop_0207_lp_lin cop_0002_lp_lin cop_0604_lp_lin cop_0518_lp_lin cop_0751_lp_lin cop_0742_lp_lin cop_0661_lp_lin cop_0561_lp_lin cop_0774_lp_lin cop_0827_lp_lin cop_0004_lp_lin cop_0513_lp_lin cop_0777_lp_lin cop_0269_lp_lin cop_0374_lp_lin cop_0534_lp_lin cop_0631_lp_lin cop_0016_lp_lin cop_0902_lp_lin cop_0764_lp_lin cop_0897_lp_lin cop_0784_lp_lin cop_0717_lp_lin cop_0906_lp_lin cop_0824_lp_lin cop_0213_lp_lin cop_0735_lp_lin cop_0142_lp_lin cop_0317_lp_lin cop_0859_lp_lin cop_0410_lp_lin cop_0399_lp_lin cop_0107_lp_lin cop_0347_lp_lin cop_0708_lp_lin cop_0481_lp_lin cop_0696_lp_lin cop_0157_lp_lin cop_0478_lp_lin cop_0773_lp_lin cop_0047_lp_lin cop_0756_lp_lin cop_0720_lp_lin cop_0437_lp_lin cop_0503_lp_lin cop_0054_lp_lin cop_0826_lp_lin cop_0426_lp_lin cop_0577_lp_lin cop_0832_lp_lin cop_0191_lp_lin cop_0044_lp_lin cop_0740_lp_lin cop_0917_lp_lin cop_0435_lp_lin cop_0368_lp_lin cop_0136_lp_lin cop_0931_lp_lin cop_0166_lp_lin cop_0036_lp_lin cop_0665_lp_lin cop_0622_lp_lin cop_0422_lp_lin cop_0241_lp_lin cop_0338_lp_lin cop_0148_lp_lin cop_0715_lp_lin cop_0100_lp_lin cop_0526_lp_lin cop_0356_lp_lin cop_0079_lp_lin cop_0552_lp_lin cop_0801_lp_lin cop_0654_lp_lin cop_0970_lp_lin cop_0593_lp_lin
  set decided by an accepted test: no, every test rejected down to one model (last p = 0.001 against alpha = 0.050)
