Running as unit: montecarlo-lp-sweep-2.scope; invocation ID: 732ace65a1b043209947682101d8ddf8
lin: 38 of 1000 benchmarks already done
lin: building the response cache, 1.6 GB
  lin cache: configuration 0 of 1000
  lin cache: configuration 100 of 1000
  lin cache: configuration 200 of 1000
  lin cache: configuration 300 of 1000
  lin cache: configuration 400 of 1000
  lin cache: configuration 500 of 1000
  lin cache: configuration 600 of 1000
  lin cache: configuration 700 of 1000
  lin cache: configuration 800 of 1000
  lin cache: configuration 900 of 1000
lin: cache built, 0 cells missing
lin benchmark 037: rank 15, in set 0, set size 2
lin benchmark 039: rank 15, in set 0, set size 1
lin benchmark 040: rank 28, in set 0, set size 1
lin benchmark 041: rank 16, in set 0, set size 1
lin benchmark 042: rank 14, in set 0, set size 2
lin benchmark 043: rank 24, in set 0, set size 1
lin benchmark 044: rank 13, in set 0, set size 2
lin benchmark 045: rank 21, in set 0, set size 1
lin benchmark 046: rank 26, in set 0, set size 1
lin benchmark 047: rank 22, in set 0, set size 2
lin benchmark 048: rank 24, in set 0, set size 1
lin benchmark 049: rank 16, in set 0, set size 2
lin benchmark 050: rank 16, in set 0, set size 1
lin benchmark 051: rank 23, in set 0, set size 2
lin benchmark 052: rank 23, in set 0, set size 1
lin benchmark 053: rank 23, in set 0, set size 1
lin benchmark 054: rank 12, in set 0, set size 2
lin benchmark 055: rank 27, in set 0, set size 2
lin benchmark 056: rank 15, in set 0, set size 1
lin benchmark 057: rank 26, in set 0, set size 1
lin benchmark 058: rank 25, in set 0, set size 3
lin benchmark 059: rank 18, in set 0, set size 2
lin benchmark 060: rank 33, in set 0, set size 1
lin benchmark 061: rank 15, in set 0, set size 2
lin benchmark 062: rank 24, in set 0, set size 1
lin benchmark 063: rank 25, in set 0, set size 1
lin benchmark 064: rank 22, in set 0, set size 1
lin benchmark 065: rank 25, in set 0, set size 1
lin benchmark 066: rank 22, in set 0, set size 2
lin benchmark 067: rank 23, in set 0, set size 1
lin benchmark 068: rank 23, in set 0, set size 1
lin benchmark 069: rank 14, in set 0, set size 2
lin benchmark 070: rank 25, in set 0, set size 1
lin benchmark 071: rank 7, in set 0, set size 2
lin benchmark 072: rank 16, in set 0, set size 2
lin benchmark 073: rank 17, in set 0, set size 1
lin benchmark 074: rank 26, in set 0, set size 1
lin benchmark 075: rank 8, in set 0, set size 2
lin benchmark 076: rank 14, in set 0, set size 2
lin benchmark 077: rank 16, in set 0, set size 2
lin benchmark 078: rank 19, in set 0, set size 1
lin benchmark 079: rank 19, in set 0, set size 2
lin benchmark 080: rank 26, in set 0, set size 1
lin benchmark 081: rank 16, in set 0, set size 1
lin benchmark 082: rank 19, in set 0, set size 1
lin benchmark 083: rank 25, in set 0, set size 1
lin benchmark 084: rank 19, in set 0, set size 2
lin benchmark 085: rank 14, in set 0, set size 2
lin benchmark 086: rank 13, in set 0, set size 2
lin benchmark 087: rank 51, in set 0, set size 3
lin benchmark 088: rank 25, in set 0, set size 1
lin benchmark 089: rank 19, in set 0, set size 1
lin benchmark 090: rank 19, in set 0, set size 1
lin benchmark 091: rank 27, in set 0, set size 1
lin benchmark 092: rank 33, in set 0, set size 1
lin benchmark 093: rank 14, in set 0, set size 2
lin benchmark 094: rank 24, in set 0, set size 1
lin benchmark 095: rank 11, in set 0, set size 2
lin benchmark 096: rank 24, in set 0, set size 1
lin benchmark 097: rank 24, in set 0, set size 1
lin benchmark 098: rank 26, in set 0, set size 1
lin benchmark 099: rank 15, in set 0, set size 2
lin benchmark 100: rank 33, in set 0, set size 1
lin benchmark 101: rank 28, in set 0, set size 1
lin benchmark 102: rank 11, in set 0, set size 2
lin benchmark 103: rank 13, in set 0, set size 2
lin benchmark 104: rank 25, in set 0, set size 1
lin benchmark 105: rank 29, in set 0, set size 1
lin benchmark 106: rank 17, in set 0, set size 1
lin benchmark 107: rank 19, in set 0, set size 2
lin benchmark 108: rank 14, in set 0, set size 2
lin benchmark 109: rank 15, in set 0, set size 2
lin benchmark 110: rank 9, in set 0, set size 2
lin benchmark 111: rank 10, in set 0, set size 2
lin benchmark 112: rank 23, in set 0, set size 1
lin benchmark 113: rank 23, in set 0, set size 1
lin benchmark 114: rank 30, in set 0, set size 1
lin benchmark 115: rank 29, in set 0, set size 1
lin benchmark 116: rank 13, in set 0, set size 2
lin benchmark 117: rank 9, in set 0, set size 2
lin benchmark 118: rank 14, in set 0, set size 2
lin benchmark 119: rank 25, in set 0, set size 1
lin benchmark 120: rank 10, in set 0, set size 2
lin benchmark 121: rank 26, in set 0, set size 1
lin benchmark 122: rank 19, in set 0, set size 2
lin benchmark 123: rank 23, in set 0, set size 1
lin benchmark 124: rank 25, in set 0, set size 1
lin benchmark 125: rank 9, in set 0, set size 2
lin benchmark 126: rank 27, in set 0, set size 2
lin benchmark 127: rank 17, in set 0, set size 1
lin benchmark 128: rank 29, in set 0, set size 2
lin benchmark 129: rank 16, in set 0, set size 1
lin benchmark 130: rank 23, in set 0, set size 1
lin benchmark 131: rank 16, in set 0, set size 2
lin benchmark 132: rank 24, in set 0, set size 1
lin benchmark 133: rank 17, in set 0, set size 1
lin benchmark 134: rank 25, in set 0, set size 1
lin benchmark 135: rank 26, in set 0, set size 1
lin benchmark 136: rank 8, in set 0, set size 2
lin benchmark 137: rank 16, in set 0, set size 1
lin benchmark 138: rank 11, in set 0, set size 2
lin benchmark 139: rank 19, in set 0, set size 2
lin benchmark 140: rank 16, in set 0, set size 1
lin benchmark 141: rank 26, in set 0, set size 1
lin benchmark 142: rank 17, in set 0, set size 1
lin benchmark 143: rank 3, in set 1, set size 3
lin benchmark 144: rank 15, in set 0, set size 3
lin benchmark 145: rank 9, in set 0, set size 2
lin benchmark 146: rank 23, in set 0, set size 1
lin benchmark 147: rank 57, in set 0, set size 1
lin benchmark 148: rank 26, in set 0, set size 1
lin benchmark 149: rank 15, in set 0, set size 2
lin benchmark 150: rank 24, in set 0, set size 1
lin benchmark 151: rank 8, in set 0, set size 2
lin benchmark 152: rank 34, in set 0, set size 1
lin benchmark 153: rank 16, in set 0, set size 2
lin benchmark 154: rank 26, in set 0, set size 1
lin benchmark 155: rank 15, in set 0, set size 1
lin benchmark 156: rank 24, in set 0, set size 1
lin benchmark 157: rank 14, in set 0, set size 1
lin benchmark 158: rank 7, in set 0, set size 2
lin benchmark 159: rank 28, in set 0, set size 1
lin benchmark 160: rank 17, in set 0, set size 2
lin benchmark 161: rank 26, in set 0, set size 1
lin benchmark 162: rank 28, in set 0, set size 1
lin benchmark 163: rank 11, in set 0, set size 2
lin benchmark 164: rank 25, in set 0, set size 1
lin benchmark 165: rank 9, in set 0, set size 2
lin benchmark 166: rank 28, in set 0, set size 1
lin benchmark 167: rank 23, in set 0, set size 1
lin benchmark 168: rank 29, in set 0, set size 1
lin benchmark 169: rank 19, in set 0, set size 1
lin benchmark 170: rank 16, in set 0, set size 1
lin benchmark 171: rank 27, in set 0, set size 2
lin benchmark 172: rank 26, in set 0, set size 2
lin benchmark 173: rank 32, in set 0, set size 2
lin benchmark 174: rank 16, in set 0, set size 2
lin benchmark 175: rank 32, in set 0, set size 1
lin benchmark 176: rank 11, in set 0, set size 2
lin benchmark 177: rank 38, in set 0, set size 1
lin benchmark 178: rank 21, in set 0, set size 2
lin benchmark 179: rank 20, in set 0, set size 2
lin benchmark 180: rank 22, in set 0, set size 2
lin benchmark 181: rank 19, in set 0, set size 1
lin benchmark 182: rank 29, in set 0, set size 1
lin benchmark 183: rank 5, in set 0, set size 2
lin benchmark 184: rank 16, in set 0, set size 2
lin benchmark 185: rank 14, in set 0, set size 2
lin benchmark 186: rank 19, in set 0, set size 2
lin benchmark 187: rank 22, in set 0, set size 2
lin benchmark 188: rank 11, in set 0, set size 2
lin benchmark 189: rank 8, in set 0, set size 2
lin benchmark 190: rank 5, in set 0, set size 2
lin benchmark 191: rank 16, in set 0, set size 2
lin benchmark 192: rank 30, in set 0, set size 1
lin benchmark 193: rank 25, in set 0, set size 1
lin benchmark 194: rank 16, in set 0, set size 2
lin benchmark 195: rank 14, in set 0, set size 2
lin benchmark 196: rank 21, in set 0, set size 1
lin benchmark 197: rank 13, in set 0, set size 2
lin benchmark 198: rank 25, in set 0, set size 1
lin benchmark 199: rank 19, in set 0, set size 1
lin benchmark 200: rank 10, in set 0, set size 2
lin benchmark 201: rank 26, in set 0, set size 1
lin benchmark 202: rank 10, in set 0, set size 2
lin benchmark 203: rank 18, in set 0, set size 1
lin benchmark 204: rank 26, in set 0, set size 1
lin benchmark 205: rank 14, in set 0, set size 2
lin benchmark 206: rank 12, in set 0, set size 2
lin benchmark 207: rank 26, in set 0, set size 2
lin benchmark 208: rank 24, in set 0, set size 2
lin benchmark 209: rank 14, in set 0, set size 3
lin benchmark 210: rank 13, in set 0, set size 2
lin benchmark 211: rank 14, in set 0, set size 2
lin benchmark 212: rank 21, in set 0, set size 2
lin benchmark 213: rank 25, in set 0, set size 1
lin benchmark 214: rank 24, in set 0, set size 1
lin benchmark 215: rank 26, in set 0, set size 1
lin benchmark 216: rank 26, in set 0, set size 1
lin benchmark 217: rank 11, in set 0, set size 2
lin benchmark 218: rank 18, in set 0, set size 2
lin benchmark 219: rank 25, in set 0, set size 1
lin benchmark 220: rank 13, in set 0, set size 2
lin benchmark 221: rank 14, in set 0, set size 2
lin benchmark 222: rank 10, in set 0, set size 2
lin benchmark 223: rank 40, in set 0, set size 1
lin benchmark 224: rank 22, in set 0, set size 2
lin benchmark 225: rank 25, in set 0, set size 1
lin benchmark 226: rank 29, in set 0, set size 1
lin benchmark 227: rank 22, in set 0, set size 1
lin benchmark 228: rank 22, in set 0, set size 1
lin benchmark 229: rank 26, in set 0, set size 1
lin benchmark 230: rank 25, in set 0, set size 1
lin benchmark 231: rank 45, in set 0, set size 1
lin benchmark 232: rank 11, in set 0, set size 2
lin benchmark 233: rank 16, in set 0, set size 2
lin benchmark 234: rank 8, in set 0, set size 2
lin benchmark 235: rank 26, in set 0, set size 1
lin benchmark 236: rank 35, in set 0, set size 1
lin benchmark 237: rank 26, in set 0, set size 1
lin benchmark 238: rank 24, in set 0, set size 1
lin benchmark 239: rank 21, in set 0, set size 2
lin benchmark 240: rank 16, in set 0, set size 1
lin benchmark 241: rank 14, in set 0, set size 2
lin benchmark 242: rank 11, in set 0, set size 2
lin benchmark 243: rank 15, in set 0, set size 2
lin benchmark 244: rank 31, in set 0, set size 1
lin benchmark 245: rank 29, in set 0, set size 3
lin benchmark 246: rank 25, in set 0, set size 1
lin benchmark 247: rank 28, in set 0, set size 2
lin benchmark 248: rank 23, in set 0, set size 2
lin benchmark 249: rank 15, in set 0, set size 1
lin benchmark 250: rank 14, in set 0, set size 2
lin benchmark 251: rank 12, in set 0, set size 2
lin benchmark 252: rank 27, in set 0, set size 1
lin benchmark 253: rank 18, in set 0, set size 2
lin benchmark 254: rank 6, in set 0, set size 2
lin benchmark 255: rank 26, in set 0, set size 1
lin benchmark 256: rank 27, in set 0, set size 1
lin benchmark 257: rank 25, in set 0, set size 1
lin benchmark 258: rank 26, in set 0, set size 1
lin benchmark 259: rank 25, in set 0, set size 1
lin benchmark 260: rank 8, in set 0, set size 2
lin benchmark 261: rank 13, in set 0, set size 2
lin benchmark 262: rank 15, in set 0, set size 2
lin benchmark 263: rank 16, in set 0, set size 1
lin benchmark 264: rank 22, in set 0, set size 1
lin benchmark 265: rank 28, in set 0, set size 3
lin benchmark 266: rank 23, in set 0, set size 1
lin benchmark 267: rank 25, in set 0, set size 1
lin benchmark 268: rank 10, in set 0, set size 2
lin benchmark 269: rank 27, in set 0, set size 2
lin benchmark 270: rank 4, in set 0, set size 2
lin benchmark 271: rank 19, in set 0, set size 1
lin benchmark 272: rank 31, in set 0, set size 1
lin benchmark 273: rank 16, in set 0, set size 2
lin benchmark 274: rank 15, in set 0, set size 2
lin benchmark 275: rank 5, in set 0, set size 2
lin benchmark 276: rank 15, in set 0, set size 2
lin benchmark 277: rank 12, in set 0, set size 2
lin benchmark 278: rank 26, in set 0, set size 1
lin benchmark 279: rank 21, in set 0, set size 1
lin benchmark 280: rank 15, in set 0, set size 2
lin benchmark 281: rank 20, in set 0, set size 1
lin benchmark 282: rank 12, in set 0, set size 2
lin benchmark 283: rank 10, in set 0, set size 2
lin benchmark 284: rank 13, in set 0, set size 2
lin benchmark 285: rank 15, in set 0, set size 1
lin benchmark 286: rank 29, in set 0, set size 1
lin benchmark 287: rank 28, in set 0, set size 1
lin benchmark 288: rank 26, in set 0, set size 1
lin benchmark 289: rank 12, in set 0, set size 2
lin benchmark 290: rank 23, in set 0, set size 1
lin benchmark 291: rank 9, in set 0, set size 2
lin benchmark 292: rank 26, in set 0, set size 1
lin benchmark 293: rank 26, in set 0, set size 1
lin benchmark 294: rank 26, in set 0, set size 1
lin benchmark 295: rank 26, in set 0, set size 1
lin benchmark 296: rank 22, in set 0, set size 2
lin benchmark 297: rank 14, in set 0, set size 2
lin benchmark 298: rank 19, in set 0, set size 1
lin benchmark 299: rank 29, in set 0, set size 2
lin benchmark 300: rank 23, in set 0, set size 1
lin benchmark 301: rank 12, in set 0, set size 2
lin benchmark 302: rank 14, in set 0, set size 2
lin benchmark 303: rank 28, in set 0, set size 1
lin benchmark 304: rank 26, in set 0, set size 1
lin benchmark 305: rank 26, in set 0, set size 1
lin benchmark 306: rank 22, in set 0, set size 1
lin benchmark 307: rank 22, in set 0, set size 2
lin benchmark 308: rank 20, in set 0, set size 2
lin benchmark 309: rank 13, in set 0, set size 2
lin benchmark 310: rank 56, in set 0, set size 4
lin benchmark 311: rank 23, in set 0, set size 1
lin benchmark 312: rank 31, in set 0, set size 1
lin benchmark 313: rank 13, in set 0, set size 2
lin benchmark 314: rank 29, in set 0, set size 2
lin benchmark 315: rank 12, in set 0, set size 2
lin benchmark 316: rank 23, in set 0, set size 2
lin benchmark 317: rank 26, in set 0, set size 1
lin benchmark 318: rank 36, in set 0, set size 2
lin benchmark 319: rank 18, in set 0, set size 1
lin benchmark 320: rank 22, in set 0, set size 1
lin benchmark 321: rank 15, in set 0, set size 2
lin benchmark 322: rank 14, in set 0, set size 2
lin benchmark 323: rank 27, in set 0, set size 1
lin benchmark 324: rank 16, in set 0, set size 1
lin benchmark 325: rank 20, in set 0, set size 2
lin benchmark 326: rank 14, in set 0, set size 2
lin benchmark 327: rank 26, in set 0, set size 1
lin benchmark 328: rank 14, in set 0, set size 1
lin benchmark 329: rank 31, in set 0, set size 1
lin benchmark 330: rank 26, in set 0, set size 1
lin benchmark 331: rank 14, in set 0, set size 2
lin benchmark 332: rank 22, in set 0, set size 2
lin benchmark 333: rank 36, in set 0, set size 2
lin benchmark 334: rank 25, in set 0, set size 1
lin benchmark 335: rank 26, in set 0, set size 1
lin benchmark 336: rank 5, in set 0, set size 2
lin benchmark 337: rank 30, in set 0, set size 2
lin benchmark 338: rank 25, in set 0, set size 1
lin benchmark 339: rank 24, in set 0, set size 1
lin benchmark 340: rank 18, in set 0, set size 1
lin benchmark 341: rank 26, in set 0, set size 1
lin benchmark 342: rank 13, in set 0, set size 2
lin benchmark 343: rank 26, in set 0, set size 1
lin benchmark 344: rank 14, in set 0, set size 2
lin benchmark 345: rank 25, in set 0, set size 1
lin benchmark 346: rank 14, in set 0, set size 2
lin benchmark 347: rank 14, in set 0, set size 2
lin benchmark 348: rank 14, in set 0, set size 2
lin benchmark 349: rank 53, in set 0, set size 3
lin benchmark 350: rank 23, in set 0, set size 1
lin benchmark 351: rank 12, in set 0, set size 2
lin benchmark 352: rank 12, in set 0, set size 2
lin benchmark 353: rank 24, in set 0, set size 1
lin benchmark 354: rank 24, in set 0, set size 1
lin benchmark 355: rank 16, in set 0, set size 1
lin benchmark 356: rank 26, in set 0, set size 1
lin benchmark 357: rank 12, in set 0, set size 2
lin benchmark 358: rank 24, in set 0, set size 1
lin benchmark 359: rank 22, in set 0, set size 2
lin benchmark 360: rank 11, in set 0, set size 3
lin benchmark 361: rank 21, in set 0, set size 1
lin benchmark 362: rank 25, in set 0, set size 1
lin benchmark 363: rank 24, in set 0, set size 1
lin benchmark 364: rank 25, in set 0, set size 1
lin benchmark 365: rank 11, in set 0, set size 2
lin benchmark 366: rank 29, in set 0, set size 1
lin benchmark 367: rank 7, in set 0, set size 2
lin benchmark 368: rank 17, in set 0, set size 2
lin benchmark 369: rank 24, in set 0, set size 1
lin benchmark 370: rank 35, in set 0, set size 1
lin benchmark 371: rank 24, in set 0, set size 2
lin benchmark 372: rank 17, in set 0, set size 2
lin benchmark 373: rank 26, in set 0, set size 1
lin benchmark 374: rank 8, in set 0, set size 2
lin benchmark 375: rank 31, in set 0, set size 1
lin benchmark 376: rank 11, in set 0, set size 2
lin benchmark 377: rank 62, in set 0, set size 1
lin benchmark 378: rank 16, in set 0, set size 1
lin benchmark 379: rank 23, in set 0, set size 2
lin benchmark 380: rank 22, in set 0, set size 2
lin benchmark 381: rank 52, in set 0, set size 2
lin benchmark 382: rank 75, in set 0, set size 4
lin benchmark 383: rank 53, in set 0, set size 1
lin benchmark 384: rank 12, in set 0, set size 2
lin benchmark 385: rank 26, in set 0, set size 1
lin benchmark 386: rank 29, in set 0, set size 1
lin benchmark 387: rank 26, in set 0, set size 1
lin benchmark 388: rank 19, in set 0, set size 1
lin benchmark 389: rank 14, in set 0, set size 2
lin benchmark 390: rank 21, in set 0, set size 2
lin benchmark 391: rank 13, in set 0, set size 2
lin benchmark 392: rank 23, in set 0, set size 2
lin benchmark 393: rank 25, in set 0, set size 2
lin benchmark 394: rank 25, in set 0, set size 1
lin benchmark 395: rank 28, in set 0, set size 1
lin benchmark 396: rank 16, in set 0, set size 2
lin benchmark 397: rank 14, in set 0, set size 2
lin benchmark 398: rank 24, in set 0, set size 1
lin benchmark 399: rank 21, in set 0, set size 1
lin benchmark 400: rank 15, in set 0, set size 2
lin benchmark 401: rank 11, in set 0, set size 1
lin benchmark 402: rank 27, in set 0, set size 2
lin benchmark 403: rank 26, in set 0, set size 1
lin benchmark 404: rank 25, in set 0, set size 1
lin benchmark 405: rank 22, in set 0, set size 2
lin benchmark 406: rank 40, in set 0, set size 2
lin benchmark 407: rank 14, in set 0, set size 2
lin benchmark 408: rank 13, in set 0, set size 2
lin benchmark 409: rank 13, in set 0, set size 2
lin benchmark 410: rank 24, in set 0, set size 1
lin benchmark 411: rank 18, in set 0, set size 2
lin benchmark 412: rank 25, in set 0, set size 1
lin benchmark 413: rank 28, in set 0, set size 1
lin benchmark 414: rank 32, in set 0, set size 2
lin benchmark 415: rank 25, in set 0, set size 1
lin benchmark 416: rank 7, in set 0, set size 2
lin benchmark 417: rank 16, in set 0, set size 1
lin benchmark 418: rank 44, in set 0, set size 2
lin benchmark 419: rank 25, in set 0, set size 1
lin benchmark 420: rank 14, in set 0, set size 2
lin benchmark 421: rank 13, in set 0, set size 2
lin benchmark 422: rank 10, in set 0, set size 2
lin benchmark 423: rank 22, in set 0, set size 1
lin benchmark 424: rank 30, in set 0, set size 1
lin benchmark 425: rank 15, in set 0, set size 2
lin benchmark 426: rank 15, in set 0, set size 2
lin benchmark 427: rank 9, in set 0, set size 2
lin benchmark 428: rank 13, in set 0, set size 2
lin benchmark 429: rank 25, in set 0, set size 2
lin benchmark 430: rank 16, in set 0, set size 2
lin benchmark 431: rank 22, in set 0, set size 1
lin benchmark 432: rank 15, in set 0, set size 1
lin benchmark 433: rank 10, in set 0, set size 2
lin benchmark 434: rank 30, in set 0, set size 1
lin benchmark 435: rank 21, in set 0, set size 3
lin benchmark 436: rank 29, in set 0, set size 1
lin benchmark 437: rank 25, in set 0, set size 1
lin benchmark 438: rank 56, in set 0, set size 1
lin benchmark 439: rank 12, in set 0, set size 2
lin benchmark 440: rank 19, in set 0, set size 2
lin benchmark 441: rank 25, in set 0, set size 1
lin benchmark 442: rank 26, in set 0, set size 1
lin benchmark 443: rank 26, in set 0, set size 1
lin benchmark 444: rank 14, in set 0, set size 2
lin benchmark 445: rank 26, in set 0, set size 1
lin benchmark 446: rank 67, in set 0, set size 8
lin benchmark 447: rank 25, in set 0, set size 1
lin benchmark 448: rank 27, in set 0, set size 1
lin benchmark 449: rank 16, in set 0, set size 2
lin benchmark 450: rank 15, in set 0, set size 2
lin benchmark 451: rank 36, in set 0, set size 1
lin benchmark 452: rank 34, in set 0, set size 1
lin benchmark 453: rank 25, in set 0, set size 1
lin benchmark 454: rank 38, in set 0, set size 3
lin benchmark 455: rank 14, in set 0, set size 2
lin benchmark 456: rank 24, in set 0, set size 1
lin benchmark 457: rank 11, in set 0, set size 2
lin benchmark 458: rank 26, in set 0, set size 1
lin benchmark 459: rank 26, in set 0, set size 1
lin benchmark 460: rank 11, in set 0, set size 2
lin benchmark 461: rank 4, in set 0, set size 2
lin benchmark 462: rank 18, in set 0, set size 1
lin benchmark 463: rank 23, in set 0, set size 2
lin benchmark 464: rank 22, in set 0, set size 1
lin benchmark 465: rank 26, in set 0, set size 1
lin benchmark 466: rank 21, in set 0, set size 1
lin benchmark 467: rank 12, in set 0, set size 2
lin benchmark 468: rank 25, in set 0, set size 1
lin benchmark 469: rank 11, in set 0, set size 2
lin benchmark 470: rank 16, in set 0, set size 2
lin benchmark 471: rank 10, in set 0, set size 2
lin benchmark 472: rank 26, in set 0, set size 2
lin benchmark 473: rank 25, in set 0, set size 1
lin benchmark 474: rank 26, in set 0, set size 1
lin benchmark 475: rank 27, in set 0, set size 2
lin benchmark 476: rank 5, in set 0, set size 2
lin benchmark 477: rank 15, in set 0, set size 2
lin benchmark 478: rank 11, in set 0, set size 2
lin benchmark 479: rank 26, in set 0, set size 1
lin benchmark 480: rank 28, in set 0, set size 2
lin benchmark 481: rank 25, in set 0, set size 1
lin benchmark 482: rank 26, in set 0, set size 1
lin benchmark 483: rank 18, in set 0, set size 1
lin benchmark 484: rank 13, in set 0, set size 2
lin benchmark 485: rank 13, in set 0, set size 2
lin benchmark 486: rank 20, in set 0, set size 1
lin benchmark 487: rank 26, in set 0, set size 1
lin benchmark 488: rank 28, in set 0, set size 3
lin benchmark 489: rank 23, in set 0, set size 2
lin benchmark 490: rank 24, in set 0, set size 1
lin benchmark 491: rank 21, in set 0, set size 1
lin benchmark 492: rank 11, in set 0, set size 2
lin benchmark 493: rank 22, in set 0, set size 1
lin benchmark 494: rank 23, in set 0, set size 1
lin benchmark 495: rank 26, in set 0, set size 2
lin benchmark 496: rank 10, in set 0, set size 2
lin benchmark 497: rank 14, in set 0, set size 2
lin benchmark 498: rank 23, in set 0, set size 2
lin benchmark 499: rank 13, in set 0, set size 2
lin benchmark 500: rank 23, in set 0, set size 1
lin benchmark 501: rank 25, in set 0, set size 1
lin benchmark 502: rank 17, in set 0, set size 2
lin benchmark 503: rank 26, in set 0, set size 1
lin benchmark 504: rank 10, in set 0, set size 2
lin benchmark 505: rank 44, in set 0, set size 1
lin benchmark 506: rank 14, in set 0, set size 2
lin benchmark 507: rank 35, in set 0, set size 1
lin benchmark 508: rank 33, in set 0, set size 1
lin benchmark 509: rank 12, in set 0, set size 2
lin benchmark 510: rank 18, in set 0, set size 1
lin benchmark 511: rank 26, in set 0, set size 1
lin benchmark 512: rank 17, in set 0, set size 2
lin benchmark 513: rank 11, in set 0, set size 2
lin benchmark 514: rank 15, in set 0, set size 1
lin benchmark 515: rank 25, in set 0, set size 1
lin benchmark 516: rank 26, in set 0, set size 1
lin benchmark 517: rank 17, in set 0, set size 2
lin benchmark 518: rank 30, in set 0, set size 3
lin benchmark 519: rank 16, in set 0, set size 2
lin benchmark 520: rank 24, in set 0, set size 1
lin benchmark 521: rank 21, in set 0, set size 1
lin benchmark 522: rank 18, in set 0, set size 2
lin benchmark 523: rank 25, in set 0, set size 1
lin benchmark 524: rank 24, in set 0, set size 1
lin benchmark 525: rank 26, in set 0, set size 1
lin benchmark 526: rank 48, in set 0, set size 1
lin benchmark 527: rank 26, in set 0, set size 1
lin benchmark 528: rank 14, in set 0, set size 2
lin benchmark 529: rank 16, in set 0, set size 2
lin benchmark 530: rank 21, in set 0, set size 2
lin benchmark 531: rank 26, in set 0, set size 1
lin benchmark 532: rank 32, in set 0, set size 1
lin benchmark 533: rank 23, in set 0, set size 1
lin benchmark 534: rank 25, in set 0, set size 1
lin benchmark 535: rank 16, in set 0, set size 2
lin benchmark 536: rank 37, in set 0, set size 2
lin benchmark 537: rank 19, in set 0, set size 1
lin benchmark 538: rank 26, in set 0, set size 1
lin benchmark 539: rank 25, in set 0, set size 1
lin benchmark 540: rank 23, in set 0, set size 2
lin benchmark 541: rank 24, in set 0, set size 1
lin benchmark 542: rank 15, in set 0, set size 1
lin benchmark 543: rank 26, in set 0, set size 1
lin benchmark 544: rank 20, in set 0, set size 1
lin benchmark 545: rank 4, in set 0, set size 1
lin benchmark 546: rank 17, in set 0, set size 2
lin benchmark 547: rank 14, in set 0, set size 2
lin benchmark 548: rank 23, in set 0, set size 2
lin benchmark 549: rank 22, in set 0, set size 3
lin benchmark 550: rank 16, in set 0, set size 1
lin benchmark 551: rank 16, in set 0, set size 2
lin benchmark 552: rank 27, in set 0, set size 1
lin benchmark 553: rank 26, in set 0, set size 1
lin benchmark 554: rank 25, in set 0, set size 1
lin benchmark 555: rank 26, in set 0, set size 1
lin benchmark 556: rank 28, in set 0, set size 2
lin benchmark 557: rank 16, in set 0, set size 2
lin benchmark 558: rank 23, in set 0, set size 1
lin benchmark 559: rank 48, in set 0, set size 1
lin benchmark 560: rank 14, in set 0, set size 2
lin benchmark 561: rank 10, in set 0, set size 2
lin benchmark 562: rank 16, in set 0, set size 1
lin benchmark 563: rank 31, in set 0, set size 1
lin benchmark 564: rank 26, in set 0, set size 1
lin benchmark 565: rank 16, in set 0, set size 1
lin benchmark 566: rank 40, in set 0, set size 1
lin benchmark 567: rank 22, in set 0, set size 1
lin benchmark 568: rank 26, in set 0, set size 1
lin benchmark 569: rank 12, in set 0, set size 2
lin benchmark 570: rank 14, in set 0, set size 2
lin benchmark 571: rank 16, in set 0, set size 2
lin benchmark 572: rank 19, in set 0, set size 1
lin benchmark 573: rank 12, in set 0, set size 2
lin benchmark 574: rank 16, in set 0, set size 2
lin benchmark 575: rank 31, in set 0, set size 1
lin benchmark 576: rank 16, in set 0, set size 2
lin benchmark 577: rank 13, in set 0, set size 2
lin benchmark 578: rank 25, in set 0, set size 1
lin benchmark 579: rank 26, in set 0, set size 1
lin benchmark 580: rank 29, in set 0, set size 1
lin benchmark 581: rank 25, in set 0, set size 1
lin benchmark 582: rank 16, in set 0, set size 2
lin benchmark 583: rank 26, in set 0, set size 1
lin benchmark 584: rank 13, in set 0, set size 2
lin benchmark 585: rank 11, in set 0, set size 2
lin benchmark 586: rank 11, in set 0, set size 2
lin benchmark 587: rank 25, in set 0, set size 2
lin benchmark 588: rank 23, in set 0, set size 1
lin benchmark 589: rank 22, in set 0, set size 2
lin benchmark 590: rank 10, in set 0, set size 2
lin benchmark 591: rank 22, in set 0, set size 1
lin benchmark 592: rank 7, in set 0, set size 2
lin benchmark 593: rank 26, in set 0, set size 2
lin benchmark 594: rank 4, in set 0, set size 2
lin benchmark 595: rank 25, in set 0, set size 1
lin benchmark 596: rank 23, in set 0, set size 1
lin benchmark 597: rank 13, in set 0, set size 2
lin benchmark 598: rank 24, in set 0, set size 1
lin benchmark 599: rank 10, in set 0, set size 2
lin benchmark 600: rank 25, in set 0, set size 1
lin benchmark 601: rank 24, in set 0, set size 1
lin benchmark 602: rank 13, in set 0, set size 2
lin benchmark 603: rank 17, in set 0, set size 2
lin benchmark 604: rank 14, in set 0, set size 1
lin benchmark 605: rank 30, in set 0, set size 1
lin benchmark 606: rank 16, in set 0, set size 2
lin benchmark 607: rank 26, in set 0, set size 1
lin benchmark 608: rank 26, in set 0, set size 1
lin benchmark 609: rank 13, in set 0, set size 2
lin benchmark 610: rank 79, in set 0, set size 1
lin benchmark 611: rank 16, in set 0, set size 1
lin benchmark 612: rank 10, in set 0, set size 2
lin benchmark 613: rank 17, in set 0, set size 2
lin benchmark 614: rank 25, in set 0, set size 1
lin benchmark 615: rank 24, in set 0, set size 1
lin benchmark 616: rank 67, in set 0, set size 5
lin benchmark 617: rank 29, in set 0, set size 3
lin benchmark 618: rank 25, in set 0, set size 1
lin benchmark 619: rank 32, in set 0, set size 1
lin benchmark 620: rank 3, in set 1, set size 3
lin benchmark 621: rank 26, in set 0, set size 1
lin benchmark 622: rank 22, in set 0, set size 1
lin benchmark 623: rank 37, in set 0, set size 1
lin benchmark 624: rank 48, in set 0, set size 1
lin benchmark 625: rank 26, in set 0, set size 1
lin benchmark 626: rank 4, in set 0, set size 2
lin benchmark 627: rank 25, in set 0, set size 1
lin benchmark 628: rank 21, in set 0, set size 2
lin benchmark 629: rank 17, in set 0, set size 1
lin benchmark 630: rank 27, in set 0, set size 2
lin benchmark 631: rank 16, in set 0, set size 1
lin benchmark 632: rank 21, in set 0, set size 1
lin benchmark 633: rank 36, in set 0, set size 2
lin benchmark 634: rank 13, in set 0, set size 2
lin benchmark 635: rank 22, in set 0, set size 1
lin benchmark 636: rank 55, in set 0, set size 3
lin benchmark 637: rank 23, in set 0, set size 1
lin benchmark 638: rank 13, in set 0, set size 2
lin benchmark 639: rank 14, in set 0, set size 2
lin benchmark 640: rank 25, in set 0, set size 1
lin benchmark 641: rank 26, in set 0, set size 1
lin benchmark 642: rank 25, in set 0, set size 1
lin benchmark 643: rank 23, in set 0, set size 2
lin benchmark 644: rank 24, in set 0, set size 1
lin benchmark 645: rank 35, in set 0, set size 1
lin benchmark 646: rank 22, in set 0, set size 1
lin benchmark 647: rank 23, in set 0, set size 1
lin benchmark 648: rank 21, in set 0, set size 1
lin benchmark 649: rank 25, in set 0, set size 1
lin benchmark 650: rank 26, in set 0, set size 1
lin benchmark 651: rank 10, in set 0, set size 2
lin benchmark 652: rank 29, in set 0, set size 2
lin benchmark 653: rank 26, in set 0, set size 1
lin benchmark 654: rank 23, in set 0, set size 1
lin benchmark 655: rank 25, in set 0, set size 1
lin benchmark 656: rank 15, in set 0, set size 1
lin benchmark 657: rank 16, in set 0, set size 2
lin benchmark 658: rank 11, in set 0, set size 2
lin benchmark 659: rank 41, in set 0, set size 1
lin benchmark 660: rank 14, in set 0, set size 2
lin benchmark 661: rank 26, in set 0, set size 1
lin benchmark 662: rank 5, in set 0, set size 2
lin benchmark 663: rank 24, in set 0, set size 2
lin benchmark 664: rank 13, in set 0, set size 2
lin benchmark 665: rank 56, in set 0, set size 1
lin benchmark 666: rank 26, in set 0, set size 1
lin benchmark 667: rank 26, in set 0, set size 1
lin benchmark 668: rank 14, in set 0, set size 2
lin benchmark 669: rank 9, in set 0, set size 2
lin benchmark 670: rank 32, in set 0, set size 2
lin benchmark 671: rank 25, in set 0, set size 1
lin benchmark 672: rank 18, in set 0, set size 2
lin benchmark 673: rank 26, in set 0, set size 1
lin benchmark 674: rank 14, in set 0, set size 2
lin benchmark 675: rank 24, in set 0, set size 1
lin benchmark 676: rank 36, in set 0, set size 2
lin benchmark 677: rank 22, in set 0, set size 1
lin benchmark 678: rank 26, in set 0, set size 1
lin benchmark 679: rank 15, in set 0, set size 2
lin benchmark 680: rank 27, in set 0, set size 2
lin benchmark 681: rank 25, in set 0, set size 1
lin benchmark 682: rank 24, in set 0, set size 1
lin benchmark 683: rank 24, in set 0, set size 1
lin benchmark 684: rank 34, in set 0, set size 1
lin benchmark 685: rank 25, in set 0, set size 1
lin benchmark 686: rank 14, in set 0, set size 2
lin benchmark 687: rank 13, in set 0, set size 2
lin benchmark 688: rank 17, in set 0, set size 2
lin benchmark 689: rank 7, in set 0, set size 2
lin benchmark 690: rank 31, in set 0, set size 1
lin benchmark 691: rank 52, in set 0, set size 1
lin benchmark 692: rank 22, in set 0, set size 1
lin benchmark 693: rank 11, in set 0, set size 2
lin benchmark 694: rank 60, in set 0, set size 1
lin benchmark 695: rank 28, in set 0, set size 1
lin benchmark 696: rank 3, in set 1, set size 3
lin benchmark 697: rank 11, in set 0, set size 2
lin benchmark 698: rank 68, in set 0, set size 1
lin benchmark 699: rank 16, in set 0, set size 2
lin benchmark 700: rank 56, in set 0, set size 12
lin benchmark 701: rank 16, in set 0, set size 2
lin benchmark 702: rank 25, in set 0, set size 1
lin benchmark 703: rank 23, in set 0, set size 1
lin benchmark 704: rank 22, in set 0, set size 1
lin benchmark 705: rank 29, in set 0, set size 1
lin benchmark 706: rank 26, in set 0, set size 1
lin benchmark 707: rank 14, in set 0, set size 2
lin benchmark 708: rank 3, in set 1, set size 3
lin benchmark 709: rank 11, in set 0, set size 2
lin benchmark 710: rank 15, in set 0, set size 2
lin benchmark 711: rank 15, in set 0, set size 2
lin benchmark 712: rank 29, in set 0, set size 3
lin benchmark 713: rank 13, in set 0, set size 1
lin benchmark 714: rank 30, in set 0, set size 1
lin benchmark 715: rank 12, in set 0, set size 2
lin benchmark 716: rank 27, in set 0, set size 1
lin benchmark 717: rank 19, in set 0, set size 2
lin benchmark 718: rank 25, in set 0, set size 1
lin benchmark 719: rank 7, in set 0, set size 2
lin benchmark 720: rank 19, in set 0, set size 2
lin benchmark 721: rank 27, in set 0, set size 2
lin benchmark 722: rank 50, in set 0, set size 3
lin benchmark 723: rank 14, in set 0, set size 2
lin benchmark 724: rank 7, in set 0, set size 2
lin benchmark 725: rank 25, in set 0, set size 1
lin benchmark 726: rank 26, in set 0, set size 2
lin benchmark 727: rank 26, in set 0, set size 1
lin benchmark 728: rank 23, in set 0, set size 1
lin benchmark 729: rank 21, in set 0, set size 1
lin benchmark 730: rank 25, in set 0, set size 1
lin benchmark 731: rank 25, in set 0, set size 1
lin benchmark 732: rank 23, in set 0, set size 1
lin benchmark 733: rank 15, in set 0, set size 2
lin benchmark 734: rank 14, in set 0, set size 2
lin benchmark 735: rank 12, in set 0, set size 2
lin benchmark 736: rank 20, in set 0, set size 1
lin benchmark 737: rank 26, in set 0, set size 1
lin benchmark 738: rank 13, in set 0, set size 2
lin benchmark 739: rank 16, in set 0, set size 2
lin benchmark 740: rank 15, in set 0, set size 2
lin benchmark 741: rank 15, in set 0, set size 2
lin benchmark 742: rank 26, in set 0, set size 1
lin benchmark 743: rank 13, in set 0, set size 2
lin benchmark 744: rank 23, in set 0, set size 1
lin benchmark 745: rank 26, in set 0, set size 1
lin benchmark 746: rank 16, in set 0, set size 2
lin benchmark 747: rank 8, in set 0, set size 3
lin benchmark 748: rank 27, in set 0, set size 1
lin benchmark 749: rank 14, in set 0, set size 2
lin benchmark 750: rank 9, in set 0, set size 2
lin benchmark 751: rank 13, in set 0, set size 2
lin benchmark 752: rank 35, in set 0, set size 2
lin benchmark 753: rank 21, in set 0, set size 2
lin benchmark 754: rank 10, in set 0, set size 2
lin benchmark 755: rank 22, in set 0, set size 1
lin benchmark 756: rank 10, in set 0, set size 2
lin benchmark 757: rank 7, in set 0, set size 2
lin benchmark 758: rank 21, in set 0, set size 1
lin benchmark 759: rank 25, in set 0, set size 1
lin benchmark 760: rank 37, in set 0, set size 3
lin benchmark 761: rank 25, in set 0, set size 1
lin benchmark 762: rank 16, in set 0, set size 2
lin benchmark 763: rank 27, in set 0, set size 1
lin benchmark 764: rank 12, in set 0, set size 2
lin benchmark 765: rank 25, in set 0, set size 1
lin benchmark 766: rank 62, in set 0, set size 4
lin benchmark 767: rank 14, in set 0, set size 2
lin benchmark 768: rank 17, in set 0, set size 2
lin benchmark 769: rank 29, in set 0, set size 2
lin benchmark 770: rank 26, in set 0, set size 1
lin benchmark 771: rank 25, in set 0, set size 2
lin benchmark 772: rank 25, in set 0, set size 1
lin benchmark 773: rank 25, in set 0, set size 1
lin benchmark 774: rank 22, in set 0, set size 1
lin benchmark 775: rank 25, in set 0, set size 1
lin benchmark 776: rank 26, in set 0, set size 1
lin benchmark 777: rank 26, in set 0, set size 1
lin benchmark 778: rank 25, in set 0, set size 1
lin benchmark 779: rank 19, in set 0, set size 2
lin benchmark 780: rank 27, in set 0, set size 1
lin benchmark 781: rank 15, in set 0, set size 3
lin benchmark 782: rank 21, in set 0, set size 1
lin benchmark 783: rank 16, in set 0, set size 2
lin benchmark 784: rank 26, in set 0, set size 1
lin benchmark 785: rank 26, in set 0, set size 1
lin benchmark 786: rank 21, in set 0, set size 3
lin benchmark 787: rank 7, in set 0, set size 2
lin benchmark 788: rank 4, in set 0, set size 2
lin benchmark 789: rank 14, in set 0, set size 2
lin benchmark 790: rank 25, in set 0, set size 1
lin benchmark 791: rank 13, in set 0, set size 1
lin benchmark 792: rank 3, in set 1, set size 3
lin benchmark 793: rank 49, in set 0, set size 2
lin benchmark 794: rank 14, in set 0, set size 2
lin benchmark 795: rank 16, in set 0, set size 1
lin benchmark 796: rank 14, in set 0, set size 2
lin benchmark 797: rank 4, in set 0, set size 2
lin benchmark 798: rank 16, in set 0, set size 1
lin benchmark 799: rank 24, in set 0, set size 2
lin benchmark 800: rank 35, in set 0, set size 2
lin benchmark 801: rank 15, in set 0, set size 2
lin benchmark 802: rank 14, in set 0, set size 2
lin benchmark 803: rank 24, in set 0, set size 2
lin benchmark 804: rank 25, in set 0, set size 1
lin benchmark 805: rank 7, in set 0, set size 2
lin benchmark 806: rank 25, in set 0, set size 1
lin benchmark 807: rank 26, in set 0, set size 2
lin benchmark 808: rank 29, in set 0, set size 1
lin benchmark 809: rank 11, in set 0, set size 2
lin benchmark 810: rank 29, in set 0, set size 1
lin benchmark 811: rank 25, in set 0, set size 2
lin benchmark 812: rank 31, in set 0, set size 1
lin benchmark 813: rank 23, in set 0, set size 1
lin benchmark 814: rank 26, in set 0, set size 1
lin benchmark 815: rank 14, in set 0, set size 2
lin benchmark 816: rank 16, in set 0, set size 2
lin benchmark 817: rank 22, in set 0, set size 2
lin benchmark 818: rank 14, in set 0, set size 1
lin benchmark 819: rank 19, in set 0, set size 1
lin benchmark 820: rank 23, in set 0, set size 1
lin benchmark 821: rank 32, in set 0, set size 1
lin benchmark 822: rank 12, in set 0, set size 2
lin benchmark 823: rank 27, in set 0, set size 1
lin benchmark 824: rank 23, in set 0, set size 1
lin benchmark 825: rank 26, in set 0, set size 1
lin benchmark 826: rank 29, in set 0, set size 1
lin benchmark 827: rank 27, in set 0, set size 1
lin benchmark 828: rank 24, in set 0, set size 1
lin benchmark 829: rank 13, in set 0, set size 2
lin benchmark 830: rank 26, in set 0, set size 2
lin benchmark 831: rank 28, in set 0, set size 1
lin benchmark 832: rank 20, in set 0, set size 1
lin benchmark 833: rank 11, in set 0, set size 2
lin benchmark 834: rank 23, in set 0, set size 1
lin benchmark 835: rank 22, in set 0, set size 2
lin benchmark 836: rank 51, in set 0, set size 2
lin benchmark 837: rank 23, in set 0, set size 1
lin benchmark 838: rank 28, in set 0, set size 1
lin benchmark 839: rank 17, in set 0, set size 2
lin benchmark 840: rank 14, in set 0, set size 2
lin benchmark 841: rank 17, in set 0, set size 2
lin benchmark 842: rank 25, in set 0, set size 1
lin benchmark 843: rank 26, in set 0, set size 3
lin benchmark 844: rank 16, in set 0, set size 2
lin benchmark 845: rank 28, in set 0, set size 1
lin benchmark 846: rank 24, in set 0, set size 1
lin benchmark 847: rank 22, in set 0, set size 2
lin benchmark 848: rank 14, in set 0, set size 2
lin benchmark 849: rank 7, in set 0, set size 2
lin benchmark 850: rank 14, in set 0, set size 2
lin benchmark 851: rank 50, in set 0, set size 1
lin benchmark 852: rank 23, in set 0, set size 1
lin benchmark 853: rank 21, in set 0, set size 1
lin benchmark 854: rank 32, in set 0, set size 2
lin benchmark 855: rank 30, in set 0, set size 1
lin benchmark 856: rank 15, in set 0, set size 1
lin benchmark 857: rank 14, in set 0, set size 2
lin benchmark 858: rank 23, in set 0, set size 1
lin benchmark 859: rank 60, in set 0, set size 1
lin benchmark 860: rank 8, in set 0, set size 2
lin benchmark 861: rank 23, in set 0, set size 2
lin benchmark 862: rank 24, in set 0, set size 1
lin benchmark 863: rank 25, in set 0, set size 1
lin benchmark 864: rank 26, in set 0, set size 1
lin benchmark 865: rank 7, in set 0, set size 2
lin benchmark 866: rank 24, in set 0, set size 1
lin benchmark 867: rank 26, in set 0, set size 1
lin benchmark 868: rank 36, in set 0, set size 2
lin benchmark 869: rank 12, in set 0, set size 2
lin benchmark 870: rank 21, in set 0, set size 1
lin benchmark 871: rank 54, in set 0, set size 1
lin benchmark 872: rank 26, in set 0, set size 1
lin benchmark 873: rank 26, in set 0, set size 1
lin benchmark 874: rank 23, in set 0, set size 2
lin benchmark 875: rank 17, in set 0, set size 2
lin benchmark 876: rank 25, in set 0, set size 1
lin benchmark 877: rank 22, in set 0, set size 1
lin benchmark 878: rank 25, in set 0, set size 1
lin benchmark 879: rank 27, in set 0, set size 1
lin benchmark 880: rank 14, in set 0, set size 1
lin benchmark 881: rank 15, in set 0, set size 2
lin benchmark 882: rank 26, in set 0, set size 1
lin benchmark 883: rank 11, in set 0, set size 2
lin benchmark 884: rank 16, in set 0, set size 1
lin benchmark 885: rank 18, in set 0, set size 2
lin benchmark 886: rank 25, in set 0, set size 1
lin benchmark 887: rank 27, in set 0, set size 1
lin benchmark 888: rank 8, in set 0, set size 2
lin benchmark 889: rank 27, in set 0, set size 1
lin benchmark 890: rank 19, in set 0, set size 1
lin benchmark 891: rank 25, in set 0, set size 1
lin benchmark 892: rank 26, in set 0, set size 1
lin benchmark 893: rank 26, in set 0, set size 1
lin benchmark 894: rank 21, in set 0, set size 2
lin benchmark 895: rank 19, in set 0, set size 2
lin benchmark 896: rank 21, in set 0, set size 1
lin benchmark 897: rank 26, in set 0, set size 1
lin benchmark 898: rank 17, in set 0, set size 1
lin benchmark 899: rank 25, in set 0, set size 1
lin benchmark 900: rank 16, in set 0, set size 2
lin benchmark 901: rank 12, in set 0, set size 2
lin benchmark 902: rank 28, in set 0, set size 1
lin benchmark 903: rank 31, in set 0, set size 1
lin benchmark 904: rank 25, in set 0, set size 1
lin benchmark 905: rank 12, in set 0, set size 2
lin benchmark 906: rank 19, in set 0, set size 3
lin benchmark 907: rank 27, in set 0, set size 1
lin benchmark 908: rank 25, in set 0, set size 1
lin benchmark 909: rank 23, in set 0, set size 1
lin benchmark 910: rank 26, in set 0, set size 1
lin benchmark 911: rank 14, in set 0, set size 2
lin benchmark 912: rank 19, in set 0, set size 2
lin benchmark 913: rank 18, in set 0, set size 2
lin benchmark 914: rank 23, in set 0, set size 2
lin benchmark 915: rank 24, in set 0, set size 1
lin benchmark 916: rank 23, in set 0, set size 2
lin benchmark 917: rank 9, in set 0, set size 2
lin benchmark 918: rank 27, in set 0, set size 1
lin benchmark 919: rank 17, in set 0, set size 2
lin benchmark 920: rank 26, in set 0, set size 1
lin benchmark 921: rank 10, in set 0, set size 2
lin benchmark 922: rank 18, in set 0, set size 1
lin benchmark 923: rank 29, in set 0, set size 1
lin benchmark 924: rank 22, in set 0, set size 2
lin benchmark 925: rank 24, in set 0, set size 1
lin benchmark 926: rank 25, in set 0, set size 1
lin benchmark 927: rank 15, in set 0, set size 2
lin benchmark 928: rank 25, in set 0, set size 1
lin benchmark 929: rank 14, in set 0, set size 2
lin benchmark 930: rank 39, in set 0, set size 1
lin benchmark 931: rank 24, in set 0, set size 1
lin benchmark 932: rank 15, in set 0, set size 2
lin benchmark 933: rank 19, in set 0, set size 1
lin benchmark 934: rank 20, in set 0, set size 2
lin benchmark 935: rank 23, in set 0, set size 1
lin benchmark 936: rank 13, in set 0, set size 2
lin benchmark 937: rank 16, in set 0, set size 1
lin benchmark 938: rank 26, in set 0, set size 2
lin benchmark 939: rank 13, in set 0, set size 2
lin benchmark 940: rank 24, in set 0, set size 1
lin benchmark 941: rank 17, in set 0, set size 2
lin benchmark 942: rank 12, in set 0, set size 2
lin benchmark 943: rank 18, in set 0, set size 1
lin benchmark 944: rank 17, in set 0, set size 2
lin benchmark 945: rank 29, in set 0, set size 2
lin benchmark 946: rank 16, in set 0, set size 1
lin benchmark 947: rank 26, in set 0, set size 1
lin benchmark 948: rank 15, in set 0, set size 2
lin benchmark 949: rank 25, in set 0, set size 1
lin benchmark 950: rank 26, in set 0, set size 1
lin benchmark 951: rank 15, in set 0, set size 2
lin benchmark 952: rank 14, in set 0, set size 1
lin benchmark 953: rank 24, in set 0, set size 1
lin benchmark 954: rank 24, in set 0, set size 1
lin benchmark 955: rank 14, in set 0, set size 2
lin benchmark 956: rank 25, in set 0, set size 1
lin benchmark 957: rank 34, in set 0, set size 1
lin benchmark 958: rank 20, in set 0, set size 1
lin benchmark 959: rank 11, in set 0, set size 2
lin benchmark 960: rank 11, in set 0, set size 2
lin benchmark 961: rank 17, in set 0, set size 1
lin benchmark 962: rank 17, in set 0, set size 2
lin benchmark 963: rank 59, in set 0, set size 2
lin benchmark 964: rank 26, in set 0, set size 1
lin benchmark 965: rank 25, in set 0, set size 1
lin benchmark 966: rank 26, in set 0, set size 1
lin benchmark 967: rank 23, in set 0, set size 2
lin benchmark 968: rank 19, in set 0, set size 1
lin benchmark 969: rank 24, in set 0, set size 1
lin benchmark 970: rank 16, in set 0, set size 2
lin benchmark 971: rank 28, in set 0, set size 1
lin benchmark 972: rank 27, in set 0, set size 1
lin benchmark 973: rank 25, in set 0, set size 1
lin benchmark 974: rank 15, in set 0, set size 2
lin benchmark 975: rank 27, in set 0, set size 1
lin benchmark 976: rank 42, in set 0, set size 1
lin benchmark 977: rank 25, in set 0, set size 1
lin benchmark 978: rank 24, in set 0, set size 1
lin benchmark 979: rank 25, in set 0, set size 1
lin benchmark 980: rank 14, in set 0, set size 2
lin benchmark 981: rank 25, in set 0, set size 1
lin benchmark 982: rank 16, in set 0, set size 1
lin benchmark 983: rank 15, in set 0, set size 1
lin benchmark 984: rank 26, in set 0, set size 1
lin benchmark 985: rank 21, in set 0, set size 1
lin benchmark 986: rank 24, in set 0, set size 1
lin benchmark 987: rank 17, in set 0, set size 1
lin benchmark 988: rank 54, in set 0, set size 3
lin benchmark 989: rank 37, in set 0, set size 1
lin benchmark 990: rank 31, in set 0, set size 1
lin benchmark 991: rank 27, in set 0, set size 1
lin benchmark 992: rank 30, in set 0, set size 2
lin benchmark 993: rank 29, in set 0, set size 3
lin benchmark 994: rank 6, in set 0, set size 2
lin benchmark 995: rank 23, in set 0, set size 1
lin benchmark 996: rank 17, in set 0, set size 1
lin benchmark 997: rank 28, in set 0, set size 1
lin benchmark 998: rank 51, in set 0, set size 2
lin benchmark 999: rank 25, in set 0, set size 1
s1: 0 of 1000 benchmarks already done
s1: building the response cache, 1.6 GB
  s1 cache: configuration 0 of 1000
  s1 cache: configuration 100 of 1000
  s1 cache: configuration 200 of 1000
  s1 cache: configuration 300 of 1000
  s1 cache: configuration 400 of 1000
  s1 cache: configuration 500 of 1000
  s1 cache: configuration 600 of 1000
  s1 cache: configuration 700 of 1000
  s1 cache: configuration 800 of 1000
  s1 cache: configuration 900 of 1000
s1: cache built, 0 cells missing
s1 benchmark 000: rank 11, in set 0, set size 1
s1 benchmark 001: rank 11, in set 0, set size 1
s1 benchmark 002: rank 12, in set 0, set size 2
s1 benchmark 003: rank 12, in set 0, set size 1
s1 benchmark 004: rank 19, in set 0, set size 2
s1 benchmark 005: rank 19, in set 0, set size 2
s1 benchmark 006: rank 6, in set 0, set size 1
s1 benchmark 007: rank 19, in set 0, set size 2
s1 benchmark 008: rank 15, in set 0, set size 2
s1 benchmark 009: rank 21, in set 0, set size 2
s1 benchmark 010: rank 12, in set 0, set size 1
s1 benchmark 011: rank 17, in set 0, set size 2
s1 benchmark 012: rank 18, in set 0, set size 2
s1 benchmark 013: rank 6, in set 0, set size 1
s1 benchmark 014: rank 13, in set 0, set size 1
s1 benchmark 015: rank 11, in set 0, set size 1
s1 benchmark 016: rank 10, in set 0, set size 1
s1 benchmark 017: rank 23, in set 0, set size 1
s1 benchmark 018: rank 12, in set 0, set size 1
s1 benchmark 019: rank 16, in set 0, set size 1
s1 benchmark 020: rank 6, in set 0, set size 2
s1 benchmark 021: rank 11, in set 0, set size 1
s1 benchmark 022: rank 8, in set 0, set size 1
s1 benchmark 023: rank 11, in set 0, set size 2
s1 benchmark 024: rank 11, in set 0, set size 2
s1 benchmark 025: rank 16, in set 0, set size 2
s1 benchmark 026: rank 6, in set 1, set size 7
s1 benchmark 027: rank 10, in set 0, set size 2
s1 benchmark 028: rank 19, in set 0, set size 1
s1 benchmark 029: rank 6, in set 0, set size 1
s1 benchmark 030: rank 23, in set 0, set size 1
s1 benchmark 031: rank 11, in set 0, set size 1
s1 benchmark 032: rank 10, in set 0, set size 3
s1 benchmark 033: rank 22, in set 0, set size 2
s1 benchmark 034: rank 14, in set 0, set size 2
s1 benchmark 035: rank 7, in set 0, set size 1
s1 benchmark 036: rank 12, in set 0, set size 2
s1 benchmark 037: rank 19, in set 0, set size 1
s1 benchmark 038: rank 5, in set 1, set size 5
s1 benchmark 039: rank 9, in set 0, set size 1
s1 benchmark 040: rank 11, in set 0, set size 2
s1 benchmark 041: rank 11, in set 0, set size 1
s1 benchmark 042: rank 13, in set 0, set size 1
s1 benchmark 043: rank 26, in set 0, set size 1
s1 benchmark 044: rank 11, in set 0, set size 1
s1 benchmark 045: rank 11, in set 0, set size 1
s1 benchmark 046: rank 11, in set 0, set size 1
s1 benchmark 047: rank 10, in set 0, set size 1
s1 benchmark 048: rank 11, in set 0, set size 1
s1 benchmark 049: rank 18, in set 0, set size 1
s1 benchmark 050: rank 13, in set 0, set size 1
s1 benchmark 051: rank 16, in set 0, set size 4
s1 benchmark 052: rank 16, in set 0, set size 1
s1 benchmark 053: rank 11, in set 0, set size 2
s1 benchmark 054: rank 20, in set 0, set size 1
s1 benchmark 055: rank 21, in set 0, set size 3
s1 benchmark 056: rank 6, in set 0, set size 1
s1 benchmark 057: rank 19, in set 0, set size 2
s1 benchmark 058: rank 10, in set 0, set size 1
s1 benchmark 059: rank 18, in set 0, set size 1
s1 benchmark 060: rank 7, in set 0, set size 1
s1 benchmark 061: rank 8, in set 0, set size 2
s1 benchmark 062: rank 6, in set 0, set size 1
s1 benchmark 063: rank 18, in set 0, set size 1
s1 benchmark 064: rank 12, in set 0, set size 1
s1 benchmark 065: rank 4, in set 1, set size 10
s1 benchmark 066: rank 14, in set 0, set size 5
s1 benchmark 067: rank 15, in set 0, set size 2
s1 benchmark 068: rank 16, in set 0, set size 1
s1 benchmark 069: rank 8, in set 0, set size 2
s1 benchmark 070: rank 12, in set 0, set size 1
s1 benchmark 071: rank 9, in set 1, set size 8
s1 benchmark 072: rank 10, in set 0, set size 2
s1 benchmark 073: rank 3, in set 0, set size 1
s1 benchmark 074: rank 12, in set 0, set size 1
s1 benchmark 075: rank 10, in set 0, set size 1
s1 benchmark 076: rank 12, in set 0, set size 1
s1 benchmark 077: rank 9, in set 0, set size 2
s1 benchmark 078: rank 22, in set 0, set size 2
s1 benchmark 079: rank 7, in set 0, set size 2
s1 benchmark 080: rank 15, in set 0, set size 1
s1 benchmark 081: rank 4, in set 1, set size 5
s1 benchmark 082: rank 12, in set 0, set size 1
s1 benchmark 083: rank 12, in set 0, set size 1
s1 benchmark 084: rank 19, in set 0, set size 1
s1 benchmark 085: rank 20, in set 0, set size 1
s1 benchmark 086: rank 1, in set 1, set size 2
s1 benchmark 087: rank 13, in set 0, set size 1
s1 benchmark 088: rank 22, in set 0, set size 2
s1 benchmark 089: rank 6, in set 0, set size 1
s1 benchmark 090: rank 14, in set 0, set size 1
s1 benchmark 091: rank 12, in set 0, set size 1
s1 benchmark 092: rank 10, in set 0, set size 1
s1 benchmark 093: rank 15, in set 0, set size 2
s1 benchmark 094: rank 18, in set 0, set size 1
s1 benchmark 095: rank 18, in set 0, set size 1
s1 benchmark 096: rank 10, in set 0, set size 2
s1 benchmark 097: rank 11, in set 0, set size 1
s1 benchmark 098: rank 12, in set 0, set size 1
s1 benchmark 099: rank 35, in set 0, set size 2
s1 benchmark 100: rank 16, in set 0, set size 2
s1 benchmark 101: rank 16, in set 0, set size 2
s1 benchmark 102: rank 21, in set 0, set size 2
s1 benchmark 103: rank 21, in set 0, set size 1
s1 benchmark 104: rank 12, in set 0, set size 1
s1 benchmark 105: rank 14, in set 0, set size 1
s1 benchmark 106: rank 11, in set 0, set size 2
s1 benchmark 107: rank 15, in set 0, set size 1
s1 benchmark 108: rank 6, in set 0, set size 1
s1 benchmark 109: rank 23, in set 0, set size 1
s1 benchmark 110: rank 17, in set 0, set size 1
s1 benchmark 111: rank 11, in set 0, set size 4
s1 benchmark 112: rank 11, in set 0, set size 1
s1 benchmark 113: rank 11, in set 0, set size 1
s1 benchmark 114: rank 12, in set 0, set size 2
s1 benchmark 115: rank 9, in set 0, set size 2
s1 benchmark 116: rank 2, in set 0, set size 1
s1 benchmark 117: rank 13, in set 0, set size 1
s1 benchmark 118: rank 17, in set 0, set size 5
s1 benchmark 119: rank 13, in set 0, set size 1
s1 benchmark 120: rank 16, in set 0, set size 1
s1 benchmark 121: rank 12, in set 0, set size 2
s1 benchmark 122: rank 19, in set 0, set size 1
s1 benchmark 123: rank 6, in set 0, set size 1
s1 benchmark 124: rank 12, in set 0, set size 1
s1 benchmark 125: rank 9, in set 0, set size 6
s1 benchmark 126: rank 10, in set 0, set size 1
s1 benchmark 127: rank 6, in set 0, set size 1
s1 benchmark 128: rank 7, in set 0, set size 1
s1 benchmark 129: rank 11, in set 0, set size 1
s1 benchmark 130: rank 7, in set 0, set size 1
s1 benchmark 131: rank 6, in set 0, set size 1
s1 benchmark 132: rank 12, in set 0, set size 2
s1 benchmark 133: rank 1, in set 1, set size 5
s1 benchmark 134: rank 11, in set 0, set size 6
s1 benchmark 135: rank 13, in set 0, set size 1
s1 benchmark 136: rank 6, in set 1, set size 7
s1 benchmark 137: rank 5, in set 0, set size 1
s1 benchmark 138: rank 10, in set 0, set size 3
s1 benchmark 139: rank 12, in set 0, set size 1
s1 benchmark 140: rank 7, in set 0, set size 1
s1 benchmark 141: rank 19, in set 0, set size 4
s1 benchmark 142: rank 11, in set 0, set size 2
s1 benchmark 143: rank 3, in set 1, set size 4
s1 benchmark 144: rank 5, in set 1, set size 6
s1 benchmark 145: rank 13, in set 0, set size 1
s1 benchmark 146: rank 6, in set 0, set size 1
s1 benchmark 147: rank 6, in set 0, set size 1
s1 benchmark 148: rank 6, in set 0, set size 1
s1 benchmark 149: rank 19, in set 0, set size 2
s1 benchmark 150: rank 14, in set 0, set size 1
s1 benchmark 151: rank 9, in set 0, set size 5
s1 benchmark 152: rank 16, in set 0, set size 1
s1 benchmark 153: rank 11, in set 0, set size 1
s1 benchmark 154: rank 11, in set 0, set size 1
s1 benchmark 155: rank 17, in set 0, set size 1
s1 benchmark 156: rank 16, in set 0, set size 1
s1 benchmark 157: rank 6, in set 0, set size 1
s1 benchmark 158: rank 12, in set 0, set size 1
s1 benchmark 159: rank 6, in set 0, set size 1
s1 benchmark 160: rank 12, in set 0, set size 2
s1 benchmark 161: rank 12, in set 0, set size 1
s1 benchmark 162: rank 12, in set 0, set size 1
s1 benchmark 163: rank 11, in set 0, set size 2
s1 benchmark 164: rank 6, in set 0, set size 1
s1 benchmark 165: rank 26, in set 0, set size 2
s1 benchmark 166: rank 16, in set 0, set size 2
s1 benchmark 167: rank 18, in set 0, set size 2
s1 benchmark 168: rank 16, in set 0, set size 1
s1 benchmark 169: rank 7, in set 0, set size 1
s1 benchmark 170: rank 18, in set 0, set size 2
s1 benchmark 171: rank 11, in set 0, set size 1
s1 benchmark 172: rank 19, in set 0, set size 1
s1 benchmark 173: rank 11, in set 0, set size 2
s1 benchmark 174: rank 11, in set 0, set size 1
s1 benchmark 175: rank 8, in set 0, set size 1
s1 benchmark 176: rank 6, in set 0, set size 1
s1 benchmark 177: rank 15, in set 0, set size 1
s1 benchmark 178: rank 20, in set 0, set size 2
s1 benchmark 179: rank 17, in set 0, set size 2
s1 benchmark 180: rank 16, in set 0, set size 1
s1 benchmark 181: rank 12, in set 0, set size 1
s1 benchmark 182: rank 10, in set 0, set size 2
s1 benchmark 183: rank 8, in set 0, set size 4
s1 benchmark 184: rank 1, in set 1, set size 6
s1 benchmark 185: rank 18, in set 0, set size 2
s1 benchmark 186: rank 19, in set 0, set size 1
s1 benchmark 187: rank 14, in set 0, set size 1
s1 benchmark 188: rank 18, in set 0, set size 2
s1 benchmark 189: rank 14, in set 0, set size 1
s1 benchmark 190: rank 18, in set 0, set size 2
s1 benchmark 191: rank 19, in set 0, set size 2
s1 benchmark 192: rank 13, in set 0, set size 1
s1 benchmark 193: rank 12, in set 0, set size 2
s1 benchmark 194: rank 11, in set 0, set size 1
s1 benchmark 195: rank 19, in set 0, set size 2
s1 benchmark 196: rank 11, in set 0, set size 1
s1 benchmark 197: rank 20, in set 0, set size 2
s1 benchmark 198: rank 25, in set 0, set size 2
s1 benchmark 199: rank 10, in set 0, set size 2
s1 benchmark 200: rank 9, in set 0, set size 2
s1 benchmark 201: rank 13, in set 0, set size 1
s1 benchmark 202: rank 20, in set 0, set size 2
s1 benchmark 203: rank 10, in set 0, set size 2
s1 benchmark 204: rank 7, in set 0, set size 2
s1 benchmark 205: rank 12, in set 0, set size 1
s1 benchmark 206: rank 19, in set 0, set size 2
s1 benchmark 207: rank 10, in set 0, set size 2
s1 benchmark 208: rank 20, in set 0, set size 2
s1 benchmark 209: rank 1, in set 1, set size 3
s1 benchmark 210: rank 20, in set 0, set size 4
s1 benchmark 211: rank 18, in set 0, set size 1
s1 benchmark 212: rank 4, in set 0, set size 1
s1 benchmark 213: rank 9, in set 0, set size 1
s1 benchmark 214: rank 13, in set 0, set size 1
s1 benchmark 215: rank 14, in set 0, set size 1
s1 benchmark 216: rank 5, in set 0, set size 1
s1 benchmark 217: rank 11, in set 0, set size 1
s1 benchmark 218: rank 10, in set 0, set size 1
s1 benchmark 219: rank 6, in set 0, set size 1
s1 benchmark 220: rank 5, in set 0, set size 1
s1 benchmark 221: rank 9, in set 0, set size 2
s1 benchmark 222: rank 30, in set 0, set size 5
s1 benchmark 223: rank 6, in set 0, set size 1
s1 benchmark 224: rank 7, in set 0, set size 1
s1 benchmark 225: rank 10, in set 0, set size 2
s1 benchmark 226: rank 11, in set 0, set size 1
s1 benchmark 227: rank 10, in set 0, set size 2
s1 benchmark 228: rank 12, in set 0, set size 2
s1 benchmark 229: rank 5, in set 0, set size 1
s1 benchmark 230: rank 6, in set 0, set size 2
s1 benchmark 231: rank 4, in set 0, set size 1
s1 benchmark 232: rank 18, in set 0, set size 1
s1 benchmark 233: rank 6, in set 0, set size 1
s1 benchmark 234: rank 25, in set 0, set size 4
s1 benchmark 235: rank 12, in set 0, set size 1
s1 benchmark 236: rank 6, in set 0, set size 1
s1 benchmark 237: rank 12, in set 0, set size 1
s1 benchmark 238: rank 7, in set 0, set size 1
s1 benchmark 239: rank 9, in set 1, set size 9
s1 benchmark 240: rank 12, in set 0, set size 2
s1 benchmark 241: rank 25, in set 0, set size 2
s1 benchmark 242: rank 14, in set 0, set size 2
s1 benchmark 243: rank 11, in set 0, set size 1
s1 benchmark 244: rank 18, in set 0, set size 2
s1 benchmark 245: rank 11, in set 0, set size 1
s1 benchmark 246: rank 6, in set 0, set size 1
s1 benchmark 247: rank 13, in set 0, set size 1
s1 benchmark 248: rank 8, in set 0, set size 1
s1 benchmark 249: rank 10, in set 0, set size 1
s1 benchmark 250: rank 6, in set 0, set size 1
s1 benchmark 251: rank 6, in set 0, set size 1
s1 benchmark 252: rank 7, in set 0, set size 1
s1 benchmark 253: rank 2, in set 1, set size 6
s1 benchmark 254: rank 8, in set 0, set size 1
s1 benchmark 255: rank 2, in set 1, set size 5
s1 benchmark 256: rank 6, in set 0, set size 1
s1 benchmark 257: rank 18, in set 0, set size 2
s1 benchmark 258: rank 10, in set 0, set size 2
s1 benchmark 259: rank 16, in set 0, set size 1
s1 benchmark 260: rank 3, in set 1, set size 5
s1 benchmark 261: rank 12, in set 0, set size 2
s1 benchmark 262: rank 1, in set 1, set size 2
s1 benchmark 263: rank 12, in set 0, set size 4
s1 benchmark 264: rank 18, in set 0, set size 2
s1 benchmark 265: rank 5, in set 0, set size 1
s1 benchmark 266: rank 11, in set 0, set size 1
s1 benchmark 267: rank 17, in set 0, set size 1
s1 benchmark 268: rank 6, in set 0, set size 1
s1 benchmark 269: rank 22, in set 0, set size 1
s1 benchmark 270: rank 1, in set 1, set size 4
s1 benchmark 271: rank 5, in set 0, set size 1
s1 benchmark 272: rank 3, in set 0, set size 1
s1 benchmark 273: rank 10, in set 0, set size 2
s1 benchmark 274: rank 16, in set 0, set size 2
s1 benchmark 275: rank 9, in set 0, set size 8
s1 benchmark 276: rank 12, in set 0, set size 2
s1 benchmark 277: rank 6, in set 0, set size 2
s1 benchmark 278: rank 6, in set 0, set size 1
s1 benchmark 279: rank 15, in set 0, set size 1
s1 benchmark 280: rank 16, in set 0, set size 2
s1 benchmark 281: rank 14, in set 0, set size 1
s1 benchmark 282: rank 14, in set 0, set size 1
s1 benchmark 283: rank 20, in set 0, set size 1
s1 benchmark 284: rank 6, in set 0, set size 1
s1 benchmark 285: rank 12, in set 0, set size 3
s1 benchmark 286: rank 12, in set 0, set size 6
s1 benchmark 287: rank 9, in set 0, set size 1
s1 benchmark 288: rank 10, in set 0, set size 1
s1 benchmark 289: rank 11, in set 0, set size 1
s1 benchmark 290: rank 7, in set 0, set size 1
s1 benchmark 291: rank 11, in set 0, set size 1
s1 benchmark 292: rank 9, in set 0, set size 1
s1 benchmark 293: rank 19, in set 0, set size 1
s1 benchmark 294: rank 9, in set 0, set size 1
s1 benchmark 295: rank 11, in set 0, set size 1
s1 benchmark 296: rank 24, in set 0, set size 1
s1 benchmark 297: rank 12, in set 0, set size 1
s1 benchmark 298: rank 10, in set 0, set size 2
s1 benchmark 299: rank 14, in set 0, set size 1
s1 benchmark 300: rank 10, in set 0, set size 2
s1 benchmark 301: rank 2, in set 1, set size 11
s1 benchmark 302: rank 19, in set 0, set size 1
s1 benchmark 303: rank 11, in set 0, set size 1
s1 benchmark 304: rank 6, in set 0, set size 1
s1 benchmark 305: rank 10, in set 0, set size 1
s1 benchmark 306: rank 10, in set 0, set size 2
s1 benchmark 307: rank 11, in set 0, set size 1
s1 benchmark 308: rank 18, in set 0, set size 2
s1 benchmark 309: rank 5, in set 0, set size 1
s1 benchmark 310: rank 15, in set 0, set size 1
s1 benchmark 311: rank 18, in set 0, set size 2
s1 benchmark 312: rank 18, in set 0, set size 1
s1 benchmark 313: rank 1, in set 1, set size 8
s1 benchmark 314: rank 10, in set 0, set size 1
s1 benchmark 315: rank 12, in set 0, set size 2
s1 benchmark 316: rank 12, in set 0, set size 1
s1 benchmark 317: rank 12, in set 0, set size 1
s1 benchmark 318: rank 8, in set 0, set size 2
s1 benchmark 319: rank 16, in set 0, set size 1
s1 benchmark 320: rank 11, in set 0, set size 1
s1 benchmark 321: rank 9, in set 0, set size 1
s1 benchmark 322: rank 10, in set 0, set size 2
s1 benchmark 323: rank 12, in set 0, set size 1
s1 benchmark 324: rank 2, in set 1, set size 4
s1 benchmark 325: rank 6, in set 0, set size 1
s1 benchmark 326: rank 13, in set 0, set size 2
s1 benchmark 327: rank 5, in set 0, set size 1
s1 benchmark 328: rank 16, in set 0, set size 1
s1 benchmark 329: rank 12, in set 0, set size 1
s1 benchmark 330: rank 10, in set 0, set size 1
s1 benchmark 331: rank 19, in set 0, set size 2
s1 benchmark 332: rank 6, in set 0, set size 1
s1 benchmark 333: rank 9, in set 0, set size 1
s1 benchmark 334: rank 19, in set 0, set size 2
s1 benchmark 335: rank 3, in set 1, set size 10
s1 benchmark 336: rank 9, in set 0, set size 6
s1 benchmark 337: rank 19, in set 0, set size 2
s1 benchmark 338: rank 23, in set 0, set size 2
s1 benchmark 339: rank 15, in set 0, set size 1
s1 benchmark 340: rank 6, in set 0, set size 1
s1 benchmark 341: rank 12, in set 0, set size 1
s1 benchmark 342: rank 3, in set 0, set size 1
s1 benchmark 343: rank 16, in set 0, set size 1
s1 benchmark 344: rank 8, in set 0, set size 1
s1 benchmark 345: rank 12, in set 0, set size 1
s1 benchmark 346: rank 11, in set 0, set size 2
s1 benchmark 347: rank 6, in set 0, set size 1
s1 benchmark 348: rank 17, in set 0, set size 2
s1 benchmark 349: rank 10, in set 0, set size 2
s1 benchmark 350: rank 18, in set 0, set size 1
s1 benchmark 351: rank 3, in set 1, set size 5
s1 benchmark 352: rank 15, in set 0, set size 1
s1 benchmark 353: rank 12, in set 0, set size 1
s1 benchmark 354: rank 14, in set 0, set size 1
s1 benchmark 355: rank 1, in set 1, set size 9
s1 benchmark 356: rank 16, in set 0, set size 2
s1 benchmark 357: rank 20, in set 0, set size 1
s1 benchmark 358: rank 8, in set 0, set size 2
s1 benchmark 359: rank 15, in set 0, set size 2
s1 benchmark 360: rank 6, in set 0, set size 1
s1 benchmark 361: rank 12, in set 0, set size 1
s1 benchmark 362: rank 12, in set 0, set size 1
s1 benchmark 363: rank 12, in set 0, set size 1
s1 benchmark 364: rank 9, in set 0, set size 1
s1 benchmark 365: rank 12, in set 0, set size 2
s1 benchmark 366: rank 12, in set 0, set size 1
s1 benchmark 367: rank 14, in set 0, set size 6
s1 benchmark 368: rank 12, in set 0, set size 1
s1 benchmark 369: rank 13, in set 0, set size 2
s1 benchmark 370: rank 9, in set 0, set size 1
s1 benchmark 371: rank 15, in set 0, set size 1
s1 benchmark 372: rank 19, in set 0, set size 1
s1 benchmark 373: rank 5, in set 0, set size 1
s1 benchmark 374: rank 18, in set 0, set size 2
s1 benchmark 375: rank 10, in set 0, set size 1
s1 benchmark 376: rank 12, in set 0, set size 2
s1 benchmark 377: rank 6, in set 0, set size 1
s1 benchmark 378: rank 8, in set 0, set size 1
s1 benchmark 379: rank 19, in set 0, set size 2
s1 benchmark 380: rank 18, in set 0, set size 2
s1 benchmark 381: rank 8, in set 0, set size 1
s1 benchmark 382: rank 6, in set 0, set size 1
s1 benchmark 383: rank 10, in set 0, set size 2
s1 benchmark 384: rank 12, in set 0, set size 2
s1 benchmark 385: rank 12, in set 0, set size 2
s1 benchmark 386: rank 11, in set 0, set size 1
s1 benchmark 387: rank 16, in set 0, set size 1
s1 benchmark 388: rank 6, in set 0, set size 1
s1 benchmark 389: rank 17, in set 0, set size 4
s1 benchmark 390: rank 20, in set 0, set size 1
s1 benchmark 391: rank 9, in set 0, set size 3
s1 benchmark 392: rank 13, in set 0, set size 2
s1 benchmark 393: rank 19, in set 0, set size 2
s1 benchmark 394: rank 19, in set 0, set size 2
s1 benchmark 395: rank 6, in set 0, set size 1
s1 benchmark 396: rank 18, in set 0, set size 1
s1 benchmark 397: rank 5, in set 0, set size 1
s1 benchmark 398: rank 18, in set 0, set size 2
s1 benchmark 399: rank 6, in set 0, set size 1
s1 benchmark 400: rank 2, in set 1, set size 9
s1 benchmark 401: rank 6, in set 0, set size 2
s1 benchmark 402: rank 6, in set 0, set size 1
s1 benchmark 403: rank 19, in set 0, set size 2
s1 benchmark 404: rank 1, in set 1, set size 3
s1 benchmark 405: rank 21, in set 0, set size 1
s1 benchmark 406: rank 4, in set 0, set size 2
s1 benchmark 407: rank 16, in set 0, set size 2
s1 benchmark 408: rank 8, in set 0, set size 2
s1 benchmark 409: rank 12, in set 0, set size 2
s1 benchmark 410: rank 19, in set 0, set size 1
s1 benchmark 411: rank 10, in set 0, set size 1
s1 benchmark 412: rank 2, in set 1, set size 5
s1 benchmark 413: rank 5, in set 0, set size 3
s1 benchmark 414: rank 6, in set 0, set size 2
s1 benchmark 415: rank 11, in set 0, set size 1
s1 benchmark 416: rank 14, in set 0, set size 1
s1 benchmark 417: rank 1, in set 1, set size 2
s1 benchmark 418: rank 12, in set 0, set size 1
s1 benchmark 419: rank 13, in set 0, set size 1
s1 benchmark 420: rank 19, in set 0, set size 2
s1 benchmark 421: rank 10, in set 0, set size 2
s1 benchmark 422: rank 5, in set 0, set size 1
s1 benchmark 423: rank 18, in set 0, set size 2
s1 benchmark 424: rank 11, in set 0, set size 1
s1 benchmark 425: rank 9, in set 0, set size 1
s1 benchmark 426: rank 13, in set 0, set size 2
s1 benchmark 427: rank 4, in set 1, set size 7
s1 benchmark 428: rank 12, in set 0, set size 1
s1 benchmark 429: rank 13, in set 0, set size 1
s1 benchmark 430: rank 6, in set 0, set size 1
s1 benchmark 431: rank 7, in set 0, set size 1
s1 benchmark 432: rank 11, in set 0, set size 2
s1 benchmark 433: rank 33, in set 0, set size 6
s1 benchmark 434: rank 12, in set 0, set size 1
s1 benchmark 435: rank 6, in set 0, set size 1
s1 benchmark 436: rank 12, in set 0, set size 1
s1 benchmark 437: rank 10, in set 0, set size 1
s1 benchmark 438: rank 14, in set 0, set size 1
s1 benchmark 439: rank 16, in set 0, set size 2
s1 benchmark 440: rank 17, in set 0, set size 4
s1 benchmark 441: rank 17, in set 0, set size 2
s1 benchmark 442: rank 11, in set 0, set size 1
s1 benchmark 443: rank 9, in set 0, set size 1
s1 benchmark 444: rank 12, in set 0, set size 1
s1 benchmark 445: rank 11, in set 0, set size 1
s1 benchmark 446: rank 1, in set 1, set size 5
s1 benchmark 447: rank 10, in set 0, set size 1
s1 benchmark 448: rank 14, in set 0, set size 1
s1 benchmark 449: rank 18, in set 0, set size 2
s1 benchmark 450: rank 22, in set 0, set size 3
s1 benchmark 451: rank 3, in set 1, set size 4
s1 benchmark 452: rank 10, in set 0, set size 1
s1 benchmark 453: rank 14, in set 0, set size 1
s1 benchmark 454: rank 24, in set 0, set size 2
s1 benchmark 455: rank 1, in set 1, set size 5
s1 benchmark 456: rank 12, in set 0, set size 1
s1 benchmark 457: rank 11, in set 0, set size 2
s1 benchmark 458: rank 19, in set 0, set size 2
s1 benchmark 459: rank 19, in set 0, set size 1
s1 benchmark 460: rank 17, in set 0, set size 1
s1 benchmark 461: rank 10, in set 0, set size 2
s1 benchmark 462: rank 6, in set 0, set size 1
s1 benchmark 463: rank 8, in set 0, set size 1
s1 benchmark 464: rank 6, in set 0, set size 1
s1 benchmark 465: rank 21, in set 0, set size 2
s1 benchmark 466: rank 10, in set 0, set size 1
s1 benchmark 467: rank 14, in set 0, set size 1
s1 benchmark 468: rank 10, in set 0, set size 1
s1 benchmark 469: rank 14, in set 0, set size 1
s1 benchmark 470: rank 19, in set 0, set size 2
s1 benchmark 471: rank 10, in set 0, set size 1
s1 benchmark 472: rank 13, in set 0, set size 1
s1 benchmark 473: rank 12, in set 0, set size 1
s1 benchmark 474: rank 14, in set 0, set size 1
s1 benchmark 475: rank 23, in set 0, set size 2
s1 benchmark 476: rank 3, in set 1, set size 9
s1 benchmark 477: rank 11, in set 0, set size 1
s1 benchmark 478: rank 10, in set 0, set size 7
s1 benchmark 479: rank 19, in set 0, set size 1
s1 benchmark 480: rank 13, in set 0, set size 1
s1 benchmark 481: rank 9, in set 0, set size 1
s1 benchmark 482: rank 14, in set 0, set size 1
s1 benchmark 483: rank 9, in set 0, set size 2
s1 benchmark 484: rank 10, in set 0, set size 1
s1 benchmark 485: rank 16, in set 0, set size 1
s1 benchmark 486: rank 11, in set 0, set size 1
s1 benchmark 487: rank 19, in set 0, set size 2
s1 benchmark 488: rank 9, in set 0, set size 1
s1 benchmark 489: rank 23, in set 0, set size 1
s1 benchmark 490: rank 15, in set 0, set size 4
s1 benchmark 491: rank 9, in set 0, set size 2
s1 benchmark 492: rank 8, in set 0, set size 5
s1 benchmark 493: rank 17, in set 0, set size 2
s1 benchmark 494: rank 10, in set 0, set size 2
s1 benchmark 495: rank 12, in set 0, set size 1
s1 benchmark 496: rank 12, in set 0, set size 2
s1 benchmark 497: rank 9, in set 0, set size 1
s1 benchmark 498: rank 12, in set 0, set size 1
s1 benchmark 499: rank 40, in set 0, set size 4
s1 benchmark 500: rank 6, in set 0, set size 1
s1 benchmark 501: rank 11, in set 0, set size 2
s1 benchmark 502: rank 19, in set 0, set size 1
s1 benchmark 503: rank 10, in set 0, set size 2
s1 benchmark 504: rank 13, in set 0, set size 3
s1 benchmark 505: rank 5, in set 0, set size 1
s1 benchmark 506: rank 1, in set 1, set size 10
s1 benchmark 507: rank 6, in set 0, set size 1
s1 benchmark 508: rank 11, in set 0, set size 1
s1 benchmark 509: rank 12, in set 0, set size 1
s1 benchmark 510: rank 11, in set 0, set size 2
s1 benchmark 511: rank 6, in set 0, set size 1
s1 benchmark 512: rank 5, in set 0, set size 1
s1 benchmark 513: rank 8, in set 0, set size 1
s1 benchmark 514: rank 14, in set 0, set size 2
s1 benchmark 515: rank 19, in set 0, set size 1
s1 benchmark 516: rank 11, in set 0, set size 1
s1 benchmark 517: rank 6, in set 0, set size 1
s1 benchmark 518: rank 11, in set 0, set size 2
s1 benchmark 519: rank 5, in set 0, set size 1
s1 benchmark 520: rank 13, in set 0, set size 1
s1 benchmark 521: rank 12, in set 0, set size 1
s1 benchmark 522: rank 16, in set 0, set size 1
s1 benchmark 523: rank 16, in set 0, set size 1
s1 benchmark 524: rank 25, in set 0, set size 2
s1 benchmark 525: rank 12, in set 0, set size 1
s1 benchmark 526: rank 7, in set 0, set size 1
s1 benchmark 527: rank 12, in set 0, set size 1
s1 benchmark 528: rank 18, in set 0, set size 1
s1 benchmark 529: rank 18, in set 0, set size 1
s1 benchmark 530: rank 22, in set 0, set size 2
s1 benchmark 531: rank 15, in set 0, set size 1
s1 benchmark 532: rank 7, in set 0, set size 1
s1 benchmark 533: rank 11, in set 0, set size 1
s1 benchmark 534: rank 18, in set 0, set size 2
s1 benchmark 535: rank 18, in set 0, set size 2
s1 benchmark 536: rank 18, in set 0, set size 2
s1 benchmark 537: rank 5, in set 0, set size 2
s1 benchmark 538: rank 11, in set 0, set size 2
s1 benchmark 539: rank 10, in set 0, set size 1
s1 benchmark 540: rank 9, in set 0, set size 1
s1 benchmark 541: rank 10, in set 0, set size 2
s1 benchmark 542: rank 5, in set 0, set size 1
s1 benchmark 543: rank 12, in set 0, set size 1
s1 benchmark 544: rank 1, in set 1, set size 4
s1 benchmark 545: rank 1, in set 1, set size 9
s1 benchmark 546: rank 5, in set 0, set size 3
s1 benchmark 547: rank 14, in set 0, set size 1
s1 benchmark 548: rank 12, in set 0, set size 1
s1 benchmark 549: rank 11, in set 0, set size 1
s1 benchmark 550: rank 16, in set 0, set size 1
s1 benchmark 551: rank 6, in set 0, set size 1
s1 benchmark 552: rank 18, in set 0, set size 2
s1 benchmark 553: rank 9, in set 0, set size 2
s1 benchmark 554: rank 10, in set 0, set size 1
s1 benchmark 555: rank 14, in set 0, set size 1
s1 benchmark 556: rank 8, in set 0, set size 1
s1 benchmark 557: rank 15, in set 0, set size 1
s1 benchmark 558: rank 12, in set 0, set size 1
s1 benchmark 559: rank 14, in set 0, set size 1
s1 benchmark 560: rank 6, in set 0, set size 1
s1 benchmark 561: rank 5, in set 0, set size 3
s1 benchmark 562: rank 8, in set 0, set size 5
s1 benchmark 563: rank 12, in set 0, set size 1
s1 benchmark 564: rank 11, in set 0, set size 2
s1 benchmark 565: rank 9, in set 0, set size 1
s1 benchmark 566: rank 16, in set 0, set size 1
s1 benchmark 567: rank 7, in set 0, set size 1
s1 benchmark 568: rank 12, in set 0, set size 1
s1 benchmark 569: rank 4, in set 1, set size 4
s1 benchmark 570: rank 14, in set 0, set size 1
s1 benchmark 571: rank 3, in set 1, set size 4
s1 benchmark 572: rank 9, in set 0, set size 1
s1 benchmark 573: rank 5, in set 1, set size 5
s1 benchmark 574: rank 12, in set 0, set size 3
s1 benchmark 575: rank 10, in set 0, set size 2
s1 benchmark 576: rank 11, in set 0, set size 1
s1 benchmark 577: rank 6, in set 0, set size 1
s1 benchmark 578: rank 12, in set 0, set size 1
s1 benchmark 579: rank 18, in set 0, set size 2
s1 benchmark 580: rank 12, in set 0, set size 1
s1 benchmark 581: rank 12, in set 0, set size 1
s1 benchmark 582: rank 12, in set 0, set size 1
s1 benchmark 583: rank 15, in set 0, set size 2
s1 benchmark 584: rank 8, in set 0, set size 1
s1 benchmark 585: rank 11, in set 0, set size 1
s1 benchmark 586: rank 7, in set 0, set size 2
s1 benchmark 587: rank 12, in set 0, set size 2
s1 benchmark 588: rank 6, in set 0, set size 1
s1 benchmark 589: rank 13, in set 0, set size 2
s1 benchmark 590: rank 5, in set 0, set size 2
s1 benchmark 591: rank 10, in set 0, set size 1
s1 benchmark 592: rank 13, in set 0, set size 2
s1 benchmark 593: rank 12, in set 0, set size 1
s1 benchmark 594: rank 4, in set 1, set size 5
s1 benchmark 595: rank 6, in set 0, set size 1
s1 benchmark 596: rank 16, in set 0, set size 1
s1 benchmark 597: rank 18, in set 0, set size 1
s1 benchmark 598: rank 8, in set 0, set size 1
s1 benchmark 599: rank 5, in set 0, set size 2
s1 benchmark 600: rank 6, in set 0, set size 2
s1 benchmark 601: rank 7, in set 0, set size 2
s1 benchmark 602: rank 14, in set 0, set size 2
s1 benchmark 603: rank 22, in set 0, set size 1
s1 benchmark 604: rank 10, in set 0, set size 2
s1 benchmark 605: rank 6, in set 0, set size 1
s1 benchmark 606: rank 18, in set 0, set size 4
s1 benchmark 607: rank 11, in set 0, set size 2
s1 benchmark 608: rank 10, in set 0, set size 7
s1 benchmark 609: rank 5, in set 0, set size 1
s1 benchmark 610: rank 12, in set 0, set size 1
s1 benchmark 611: rank 7, in set 0, set size 2
s1 benchmark 612: rank 10, in set 0, set size 2
s1 benchmark 613: rank 20, in set 0, set size 1
s1 benchmark 614: rank 16, in set 0, set size 1
s1 benchmark 615: rank 11, in set 0, set size 3
s1 benchmark 616: rank 13, in set 0, set size 1
s1 benchmark 617: rank 8, in set 0, set size 1
s1 benchmark 618: rank 16, in set 0, set size 2
s1 benchmark 619: rank 6, in set 0, set size 1
s1 benchmark 620: rank 5, in set 0, set size 1
s1 benchmark 621: rank 9, in set 0, set size 1
s1 benchmark 622: rank 6, in set 0, set size 1
s1 benchmark 623: rank 7, in set 0, set size 1
s1 benchmark 624: rank 5, in set 0, set size 1
s1 benchmark 625: rank 10, in set 0, set size 2
s1 benchmark 626: rank 16, in set 0, set size 2
s1 benchmark 627: rank 7, in set 1, set size 10
s1 benchmark 628: rank 18, in set 0, set size 2
s1 benchmark 629: rank 5, in set 1, set size 9
s1 benchmark 630: rank 15, in set 0, set size 1
s1 benchmark 631: rank 12, in set 0, set size 2
s1 benchmark 632: rank 12, in set 0, set size 1
s1 benchmark 633: rank 8, in set 0, set size 1
s1 benchmark 634: rank 8, in set 0, set size 1
s1 benchmark 635: rank 8, in set 0, set size 1
s1 benchmark 636: rank 12, in set 0, set size 2
s1 benchmark 637: rank 2, in set 0, set size 1
s1 benchmark 638: rank 10, in set 0, set size 1
s1 benchmark 639: rank 18, in set 0, set size 1
s1 benchmark 640: rank 10, in set 0, set size 2
s1 benchmark 641: rank 12, in set 0, set size 1
s1 benchmark 642: rank 8, in set 0, set size 1
s1 benchmark 643: rank 12, in set 0, set size 2
s1 benchmark 644: rank 1, in set 1, set size 12
s1 benchmark 645: rank 15, in set 0, set size 2
s1 benchmark 646: rank 11, in set 0, set size 1
s1 benchmark 647: rank 12, in set 0, set size 1
s1 benchmark 648: rank 12, in set 0, set size 1
s1 benchmark 649: rank 12, in set 0, set size 1
s1 benchmark 650: rank 9, in set 0, set size 1
s1 benchmark 651: rank 9, in set 0, set size 8
s1 benchmark 652: rank 15, in set 0, set size 5
s1 benchmark 653: rank 12, in set 0, set size 2
s1 benchmark 654: rank 6, in set 0, set size 1
s1 benchmark 655: rank 12, in set 0, set size 1
s1 benchmark 656: rank 14, in set 0, set size 1
s1 benchmark 657: rank 31, in set 0, set size 5
s1 benchmark 658: rank 6, in set 0, set size 1
s1 benchmark 659: rank 18, in set 0, set size 2
s1 benchmark 660: rank 20, in set 0, set size 2
s1 benchmark 661: rank 11, in set 0, set size 1
s1 benchmark 662: rank 7, in set 1, set size 10
s1 benchmark 663: rank 2, in set 1, set size 4
s1 benchmark 664: rank 4, in set 1, set size 4
s1 benchmark 665: rank 1, in set 1, set size 8
s1 benchmark 666: rank 15, in set 0, set size 1
s1 benchmark 667: rank 9, in set 0, set size 6
s1 benchmark 668: rank 15, in set 0, set size 1
s1 benchmark 669: rank 1, in set 1, set size 1
s1 benchmark 670: rank 18, in set 0, set size 2
s1 benchmark 671: rank 13, in set 0, set size 2
s1 benchmark 672: rank 18, in set 0, set size 2
s1 benchmark 673: rank 14, in set 0, set size 1
s1 benchmark 674: rank 8, in set 0, set size 1
s1 benchmark 675: rank 6, in set 0, set size 1
s1 benchmark 676: rank 5, in set 0, set size 1
s1 benchmark 677: rank 15, in set 0, set size 2
s1 benchmark 678: rank 15, in set 0, set size 2
s1 benchmark 679: rank 12, in set 0, set size 1
s1 benchmark 680: rank 10, in set 0, set size 1
s1 benchmark 681: rank 12, in set 0, set size 2
s1 benchmark 682: rank 9, in set 0, set size 1
s1 benchmark 683: rank 9, in set 0, set size 1
s1 benchmark 684: rank 11, in set 0, set size 1
s1 benchmark 685: rank 14, in set 0, set size 1
s1 benchmark 686: rank 11, in set 0, set size 1
s1 benchmark 687: rank 12, in set 0, set size 2
s1 benchmark 688: rank 15, in set 0, set size 2
s1 benchmark 689: rank 17, in set 0, set size 1
s1 benchmark 690: rank 6, in set 0, set size 1
s1 benchmark 691: rank 7, in set 0, set size 1
s1 benchmark 692: rank 11, in set 0, set size 1
s1 benchmark 693: rank 23, in set 0, set size 2
s1 benchmark 694: rank 6, in set 0, set size 1
s1 benchmark 695: rank 10, in set 0, set size 1
s1 benchmark 696: rank 6, in set 0, set size 3
s1 benchmark 697: rank 10, in set 0, set size 2
s1 benchmark 698: rank 9, in set 0, set size 1
s1 benchmark 699: rank 10, in set 0, set size 1
s1 benchmark 700: rank 16, in set 0, set size 1
s1 benchmark 701: rank 11, in set 0, set size 1
s1 benchmark 702: rank 11, in set 0, set size 1
s1 benchmark 703: rank 12, in set 0, set size 1
s1 benchmark 704: rank 11, in set 0, set size 1
s1 benchmark 705: rank 9, in set 0, set size 1
s1 benchmark 706: rank 1, in set 1, set size 7
s1 benchmark 707: rank 13, in set 0, set size 1
s1 benchmark 708: rank 5, in set 1, set size 5
s1 benchmark 709: rank 11, in set 0, set size 6
s1 benchmark 710: rank 16, in set 0, set size 2
s1 benchmark 711: rank 11, in set 0, set size 1
s1 benchmark 712: rank 12, in set 0, set size 2
s1 benchmark 713: rank 2, in set 1, set size 8
s1 benchmark 714: rank 12, in set 0, set size 1
s1 benchmark 715: rank 10, in set 0, set size 2
s1 benchmark 716: rank 13, in set 0, set size 1
s1 benchmark 717: rank 6, in set 0, set size 1
s1 benchmark 718: rank 18, in set 0, set size 2
s1 benchmark 719: rank 10, in set 0, set size 2
s1 benchmark 720: rank 25, in set 0, set size 3
s1 benchmark 721: rank 15, in set 0, set size 1
s1 benchmark 722: rank 10, in set 0, set size 1
s1 benchmark 723: rank 12, in set 0, set size 1
s1 benchmark 724: rank 11, in set 0, set size 1
s1 benchmark 725: rank 23, in set 0, set size 1
s1 benchmark 726: rank 19, in set 0, set size 1
s1 benchmark 727: rank 17, in set 0, set size 1
s1 benchmark 728: rank 14, in set 0, set size 1
s1 benchmark 729: rank 11, in set 0, set size 2
s1 benchmark 730: rank 10, in set 0, set size 1
s1 benchmark 731: rank 11, in set 0, set size 1
s1 benchmark 732: rank 10, in set 0, set size 2
s1 benchmark 733: rank 12, in set 0, set size 2
s1 benchmark 734: rank 10, in set 0, set size 2
s1 benchmark 735: rank 14, in set 0, set size 1
s1 benchmark 736: rank 12, in set 0, set size 1
s1 benchmark 737: rank 15, in set 0, set size 2
s1 benchmark 738: rank 5, in set 0, set size 2
s1 benchmark 739: rank 10, in set 0, set size 1
s1 benchmark 740: rank 16, in set 0, set size 1
s1 benchmark 741: rank 4, in set 1, set size 10
s1 benchmark 742: rank 12, in set 0, set size 1
s1 benchmark 743: rank 24, in set 0, set size 2
s1 benchmark 744: rank 9, in set 0, set size 1
s1 benchmark 745: rank 12, in set 0, set size 1
s1 benchmark 746: rank 10, in set 0, set size 1
s1 benchmark 747: rank 11, in set 0, set size 1
s1 benchmark 748: rank 4, in set 1, set size 5
s1 benchmark 749: rank 16, in set 0, set size 1
s1 benchmark 750: rank 26, in set 0, set size 2
s1 benchmark 751: rank 17, in set 0, set size 1
s1 benchmark 752: rank 12, in set 0, set size 1
s1 benchmark 753: rank 11, in set 0, set size 2
s1 benchmark 754: rank 1, in set 1, set size 5
s1 benchmark 755: rank 19, in set 0, set size 2
s1 benchmark 756: rank 18, in set 0, set size 1
s1 benchmark 757: rank 10, in set 0, set size 1
s1 benchmark 758: rank 1, in set 1, set size 9
s1 benchmark 759: rank 11, in set 0, set size 1
s1 benchmark 760: rank 6, in set 0, set size 1
s1 benchmark 761: rank 16, in set 0, set size 2
s1 benchmark 762: rank 9, in set 0, set size 1
s1 benchmark 763: rank 10, in set 0, set size 2
s1 benchmark 764: rank 9, in set 0, set size 2
s1 benchmark 765: rank 12, in set 0, set size 1
s1 benchmark 766: rank 8, in set 0, set size 1
s1 benchmark 767: rank 17, in set 0, set size 1
s1 benchmark 768: rank 13, in set 0, set size 8
s1 benchmark 769: rank 24, in set 0, set size 3
s1 benchmark 770: rank 11, in set 0, set size 1
s1 benchmark 771: rank 13, in set 0, set size 2
s1 benchmark 772: rank 21, in set 0, set size 2
s1 benchmark 773: rank 5, in set 1, set size 5
s1 benchmark 774: rank 13, in set 0, set size 1
s1 benchmark 775: rank 13, in set 0, set size 2
s1 benchmark 776: rank 10, in set 0, set size 1
s1 benchmark 777: rank 18, in set 0, set size 2
s1 benchmark 778: rank 12, in set 0, set size 2
s1 benchmark 779: rank 11, in set 0, set size 1
s1 benchmark 780: rank 7, in set 0, set size 1
s1 benchmark 781: rank 9, in set 0, set size 1
s1 benchmark 782: rank 12, in set 0, set size 1
s1 benchmark 783: rank 11, in set 0, set size 1
s1 benchmark 784: rank 17, in set 0, set size 2
s1 benchmark 785: rank 11, in set 0, set size 1
s1 benchmark 786: rank 2, in set 1, set size 12
s1 benchmark 787: rank 9, in set 0, set size 8
s1 benchmark 788: rank 6, in set 0, set size 2
s1 benchmark 789: rank 3, in set 1, set size 10
s1 benchmark 790: rank 6, in set 0, set size 1
s1 benchmark 791: rank 5, in set 0, set size 1
s1 benchmark 792: rank 10, in set 0, set size 2
s1 benchmark 793: rank 29, in set 0, set size 1
s1 benchmark 794: rank 12, in set 0, set size 1
s1 benchmark 795: rank 13, in set 0, set size 2
s1 benchmark 796: rank 6, in set 0, set size 1
s1 benchmark 797: rank 11, in set 0, set size 1
s1 benchmark 798: rank 10, in set 0, set size 2
s1 benchmark 799: rank 12, in set 0, set size 2
s1 benchmark 800: rank 13, in set 0, set size 1
s1 benchmark 801: rank 10, in set 0, set size 2
s1 benchmark 802: rank 9, in set 0, set size 2
s1 benchmark 803: rank 11, in set 0, set size 1
s1 benchmark 804: rank 9, in set 0, set size 1
s1 benchmark 805: rank 15, in set 0, set size 1
s1 benchmark 806: rank 9, in set 0, set size 1
s1 benchmark 807: rank 23, in set 0, set size 2
s1 benchmark 808: rank 13, in set 0, set size 1
s1 benchmark 809: rank 11, in set 0, set size 2
s1 benchmark 810: rank 6, in set 0, set size 1
s1 benchmark 811: rank 11, in set 0, set size 1
s1 benchmark 812: rank 2, in set 0, set size 1
s1 benchmark 813: rank 1, in set 1, set size 7
s1 benchmark 814: rank 21, in set 0, set size 1
s1 benchmark 815: rank 14, in set 0, set size 2
s1 benchmark 816: rank 21, in set 0, set size 2
s1 benchmark 817: rank 8, in set 0, set size 1
s1 benchmark 818: rank 10, in set 0, set size 1
s1 benchmark 819: rank 12, in set 0, set size 2
s1 benchmark 820: rank 11, in set 0, set size 2
s1 benchmark 821: rank 12, in set 0, set size 1
s1 benchmark 822: rank 8, in set 0, set size 3
s1 benchmark 823: rank 7, in set 0, set size 1
s1 benchmark 824: rank 12, in set 0, set size 2
s1 benchmark 825: rank 18, in set 0, set size 2
s1 benchmark 826: rank 16, in set 0, set size 1
s1 benchmark 827: rank 19, in set 0, set size 2
s1 benchmark 828: rank 14, in set 0, set size 1
s1 benchmark 829: rank 4, in set 0, set size 1
s1 benchmark 830: rank 17, in set 0, set size 1
s1 benchmark 831: rank 10, in set 0, set size 1
s1 benchmark 832: rank 3, in set 1, set size 10
s1 benchmark 833: rank 7, in set 0, set size 1
s1 benchmark 834: rank 6, in set 0, set size 1
s1 benchmark 835: rank 9, in set 0, set size 1
s1 benchmark 836: rank 6, in set 0, set size 3
s1 benchmark 837: rank 9, in set 0, set size 1
s1 benchmark 838: rank 18, in set 0, set size 1
s1 benchmark 839: rank 15, in set 0, set size 2
s1 benchmark 840: rank 9, in set 0, set size 1
s1 benchmark 841: rank 14, in set 0, set size 2
s1 benchmark 842: rank 13, in set 0, set size 1
s1 benchmark 843: rank 6, in set 0, set size 1
s1 benchmark 844: rank 13, in set 0, set size 2
s1 benchmark 845: rank 25, in set 0, set size 2
s1 benchmark 846: rank 18, in set 0, set size 2
s1 benchmark 847: rank 13, in set 0, set size 1
s1 benchmark 848: rank 13, in set 0, set size 2
s1 benchmark 849: rank 8, in set 0, set size 2
s1 benchmark 850: rank 7, in set 0, set size 1
s1 benchmark 851: rank 1, in set 1, set size 14
s1 benchmark 852: rank 6, in set 0, set size 5
s1 benchmark 853: rank 7, in set 0, set size 2
s1 benchmark 854: rank 11, in set 0, set size 1
s1 benchmark 855: rank 12, in set 0, set size 1
s1 benchmark 856: rank 19, in set 0, set size 2
s1 benchmark 857: rank 15, in set 0, set size 4
s1 benchmark 858: rank 12, in set 0, set size 2
s1 benchmark 859: rank 8, in set 0, set size 1
s1 benchmark 860: rank 1, in set 1, set size 4
s1 benchmark 861: rank 12, in set 0, set size 1
s1 benchmark 862: rank 6, in set 0, set size 1
s1 benchmark 863: rank 25, in set 0, set size 3
s1 benchmark 864: rank 1, in set 1, set size 7
s1 benchmark 865: rank 4, in set 0, set size 1
s1 benchmark 866: rank 12, in set 0, set size 1
s1 benchmark 867: rank 11, in set 0, set size 1
s1 benchmark 868: rank 6, in set 0, set size 1
s1 benchmark 869: rank 15, in set 0, set size 1
s1 benchmark 870: rank 19, in set 0, set size 1
s1 benchmark 871: rank 7, in set 0, set size 1
s1 benchmark 872: rank 10, in set 0, set size 2
s1 benchmark 873: rank 7, in set 0, set size 1
s1 benchmark 874: rank 10, in set 0, set size 1
s1 benchmark 875: rank 10, in set 0, set size 1
s1 benchmark 876: rank 10, in set 0, set size 1
s1 benchmark 877: rank 6, in set 0, set size 1
s1 benchmark 878: rank 12, in set 0, set size 1
s1 benchmark 879: rank 6, in set 0, set size 1
s1 benchmark 880: rank 10, in set 0, set size 1
s1 benchmark 881: rank 9, in set 0, set size 1
s1 benchmark 882: rank 22, in set 0, set size 2
s1 benchmark 883: rank 16, in set 0, set size 2
s1 benchmark 884: rank 10, in set 0, set size 1
s1 benchmark 885: rank 18, in set 0, set size 2
s1 benchmark 886: rank 9, in set 0, set size 1
s1 benchmark 887: rank 18, in set 0, set size 1
s1 benchmark 888: rank 1, in set 1, set size 6
s1 benchmark 889: rank 13, in set 0, set size 1
s1 benchmark 890: rank 15, in set 0, set size 1
s1 benchmark 891: rank 3, in set 1, set size 4
s1 benchmark 892: rank 19, in set 0, set size 1
s1 benchmark 893: rank 16, in set 0, set size 2
s1 benchmark 894: rank 12, in set 0, set size 1
s1 benchmark 895: rank 8, in set 1, set size 9
s1 benchmark 896: rank 6, in set 0, set size 1
s1 benchmark 897: rank 17, in set 0, set size 2
s1 benchmark 898: rank 2, in set 0, set size 1
s1 benchmark 899: rank 10, in set 0, set size 1
s1 benchmark 900: rank 11, in set 0, set size 1
s1 benchmark 901: rank 10, in set 0, set size 2
s1 benchmark 902: rank 12, in set 0, set size 1
s1 benchmark 903: rank 6, in set 0, set size 1
s1 benchmark 904: rank 12, in set 0, set size 1
s1 benchmark 905: rank 14, in set 0, set size 2
s1 benchmark 906: rank 5, in set 1, set size 5
s1 benchmark 907: rank 18, in set 0, set size 2
s1 benchmark 908: rank 12, in set 0, set size 3
s1 benchmark 909: rank 11, in set 0, set size 1
s1 benchmark 910: rank 10, in set 0, set size 1
s1 benchmark 911: rank 1, in set 1, set size 7
s1 benchmark 912: rank 20, in set 0, set size 1
s1 benchmark 913: rank 11, in set 0, set size 1
s1 benchmark 914: rank 9, in set 0, set size 1
s1 benchmark 915: rank 18, in set 0, set size 1
s1 benchmark 916: rank 6, in set 0, set size 1
s1 benchmark 917: rank 5, in set 0, set size 1
s1 benchmark 918: rank 16, in set 0, set size 1
s1 benchmark 919: rank 13, in set 0, set size 2
s1 benchmark 920: rank 14, in set 0, set size 2
s1 benchmark 921: rank 12, in set 0, set size 2
s1 benchmark 922: rank 8, in set 0, set size 1
s1 benchmark 923: rank 10, in set 0, set size 1
s1 benchmark 924: rank 3, in set 1, set size 4
s1 benchmark 925: rank 18, in set 0, set size 1
s1 benchmark 926: rank 11, in set 0, set size 1
s1 benchmark 927: rank 5, in set 0, set size 1
s1 benchmark 928: rank 21, in set 0, set size 2
s1 benchmark 929: rank 13, in set 0, set size 5
s1 benchmark 930: rank 10, in set 0, set size 1
s1 benchmark 931: rank 11, in set 0, set size 1
s1 benchmark 932: rank 6, in set 0, set size 1
s1 benchmark 933: rank 12, in set 0, set size 1
s1 benchmark 934: rank 5, in set 0, set size 1
s1 benchmark 935: rank 11, in set 0, set size 1
s1 benchmark 936: rank 3, in set 1, set size 9
s1 benchmark 937: rank 10, in set 0, set size 1
s1 benchmark 938: rank 9, in set 0, set size 1
s1 benchmark 939: rank 4, in set 1, set size 6
s1 benchmark 940: rank 7, in set 0, set size 1
s1 benchmark 941: rank 21, in set 0, set size 1
s1 benchmark 942: rank 11, in set 0, set size 2
s1 benchmark 943: rank 8, in set 0, set size 1
s1 benchmark 944: rank 12, in set 0, set size 1
s1 benchmark 945: rank 19, in set 0, set size 1
s1 benchmark 946: rank 12, in set 0, set size 1
s1 benchmark 947: rank 19, in set 0, set size 1
s1 benchmark 948: rank 10, in set 0, set size 1
s1 benchmark 949: rank 13, in set 0, set size 1
s1 benchmark 950: rank 10, in set 0, set size 7
s1 benchmark 951: rank 15, in set 0, set size 6
s1 benchmark 952: rank 6, in set 0, set size 1
s1 benchmark 953: rank 15, in set 0, set size 1
s1 benchmark 954: rank 7, in set 0, set size 2
s1 benchmark 955: rank 5, in set 0, set size 1
s1 benchmark 956: rank 17, in set 0, set size 2
s1 benchmark 957: rank 8, in set 0, set size 1
s1 benchmark 958: rank 20, in set 0, set size 1
s1 benchmark 959: rank 10, in set 0, set size 1
s1 benchmark 960: rank 15, in set 0, set size 2
s1 benchmark 961: rank 11, in set 0, set size 1
s1 benchmark 962: rank 12, in set 0, set size 1
s1 benchmark 963: rank 8, in set 0, set size 1
s1 benchmark 964: rank 11, in set 0, set size 1
s1 benchmark 965: rank 10, in set 0, set size 1
s1 benchmark 966: rank 15, in set 0, set size 2
s1 benchmark 967: rank 6, in set 0, set size 1
s1 benchmark 968: rank 16, in set 0, set size 2
s1 benchmark 969: rank 9, in set 0, set size 2
s1 benchmark 970: rank 12, in set 0, set size 1
s1 benchmark 971: rank 12, in set 0, set size 1
s1 benchmark 972: rank 17, in set 0, set size 1
s1 benchmark 973: rank 13, in set 0, set size 2
s1 benchmark 974: rank 12, in set 0, set size 2
s1 benchmark 975: rank 6, in set 0, set size 1
s1 benchmark 976: rank 12, in set 0, set size 6
s1 benchmark 977: rank 7, in set 0, set size 1
s1 benchmark 978: rank 12, in set 0, set size 1
s1 benchmark 979: rank 11, in set 0, set size 2
s1 benchmark 980: rank 10, in set 0, set size 2
s1 benchmark 981: rank 8, in set 0, set size 1
s1 benchmark 982: rank 7, in set 0, set size 1
s1 benchmark 983: rank 18, in set 0, set size 2
s1 benchmark 984: rank 9, in set 0, set size 2
s1 benchmark 985: rank 17, in set 0, set size 2
s1 benchmark 986: rank 15, in set 0, set size 1
s1 benchmark 987: rank 17, in set 0, set size 2
s1 benchmark 988: rank 16, in set 0, set size 1
s1 benchmark 989: rank 5, in set 0, set size 1
s1 benchmark 990: rank 10, in set 0, set size 1
s1 benchmark 991: rank 10, in set 0, set size 1
s1 benchmark 992: rank 21, in set 0, set size 4
s1 benchmark 993: rank 9, in set 0, set size 1
s1 benchmark 994: rank 5, in set 0, set size 2
s1 benchmark 995: rank 13, in set 0, set size 1
s1 benchmark 996: rank 3, in set 1, set size 8
s1 benchmark 997: rank 7, in set 0, set size 1
s1 benchmark 998: rank 7, in set 0, set size 1
s1 benchmark 999: rank 6, in set 0, set size 1
s2: 0 of 1000 benchmarks already done
s2: building the response cache, 1.6 GB
  s2 cache: configuration 0 of 1000
  s2 cache: configuration 100 of 1000
  s2 cache: configuration 200 of 1000
  s2 cache: configuration 300 of 1000
  s2 cache: configuration 400 of 1000
  s2 cache: configuration 500 of 1000
  s2 cache: configuration 600 of 1000
  s2 cache: configuration 700 of 1000
  s2 cache: configuration 800 of 1000
  s2 cache: configuration 900 of 1000
s2: cache built, 0 cells missing
s2 benchmark 000: rank 23, in set 0, set size 1
s2 benchmark 001: rank 23, in set 0, set size 1
s2 benchmark 002: rank 25, in set 0, set size 1
s2 benchmark 003: rank 15, in set 0, set size 1
s2 benchmark 004: rank 14, in set 0, set size 1
s2 benchmark 005: rank 18, in set 0, set size 5
s2 benchmark 006: rank 15, in set 0, set size 2
s2 benchmark 007: rank 23, in set 0, set size 1
s2 benchmark 008: rank 23, in set 0, set size 1
s2 benchmark 009: rank 24, in set 0, set size 2
s2 benchmark 010: rank 17, in set 0, set size 1
s2 benchmark 011: rank 25, in set 0, set size 8
s2 benchmark 012: rank 23, in set 0, set size 1
s2 benchmark 013: rank 18, in set 0, set size 1
s2 benchmark 014: rank 18, in set 0, set size 1
s2 benchmark 015: rank 10, in set 0, set size 5
s2 benchmark 016: rank 1, in set 1, set size 6
s2 benchmark 017: rank 24, in set 0, set size 1
s2 benchmark 018: rank 13, in set 0, set size 1
s2 benchmark 019: rank 15, in set 0, set size 1
s2 benchmark 020: rank 23, in set 0, set size 1
s2 benchmark 021: rank 8, in set 0, set size 2
s2 benchmark 022: rank 23, in set 0, set size 1
s2 benchmark 023: rank 25, in set 0, set size 1
s2 benchmark 024: rank 16, in set 0, set size 2
s2 benchmark 025: rank 5, in set 1, set size 21
s2 benchmark 026: rank 18, in set 0, set size 1
s2 benchmark 027: rank 9, in set 0, set size 4
s2 benchmark 028: rank 23, in set 0, set size 1
s2 benchmark 029: rank 10, in set 0, set size 1
s2 benchmark 030: rank 23, in set 0, set size 1
s2 benchmark 031: rank 16, in set 0, set size 1
s2 benchmark 032: rank 14, in set 0, set size 1
s2 benchmark 033: rank 23, in set 0, set size 1
s2 benchmark 034: rank 23, in set 0, set size 1
s2 benchmark 035: rank 10, in set 0, set size 1
s2 benchmark 036: rank 15, in set 0, set size 9
s2 benchmark 037: rank 16, in set 0, set size 5
s2 benchmark 038: rank 10, in set 0, set size 1
s2 benchmark 039: rank 2, in set 1, set size 12
s2 benchmark 040: rank 18, in set 0, set size 1
s2 benchmark 041: rank 17, in set 0, set size 1
s2 benchmark 042: rank 23, in set 0, set size 1
s2 benchmark 043: rank 14, in set 0, set size 1
s2 benchmark 044: rank 14, in set 0, set size 1
s2 benchmark 045: rank 22, in set 0, set size 1
s2 benchmark 046: rank 23, in set 0, set size 1
s2 benchmark 047: rank 11, in set 0, set size 1
s2 benchmark 048: rank 15, in set 0, set size 2
s2 benchmark 049: rank 23, in set 0, set size 1
s2 benchmark 050: rank 14, in set 0, set size 1
s2 benchmark 051: rank 22, in set 0, set size 1
s2 benchmark 052: rank 10, in set 0, set size 4
s2 benchmark 053: rank 9, in set 0, set size 3
s2 benchmark 054: rank 19, in set 0, set size 1
s2 benchmark 055: rank 32, in set 0, set size 6
s2 benchmark 056: rank 11, in set 0, set size 1
s2 benchmark 057: rank 23, in set 0, set size 1
s2 benchmark 058: rank 9, in set 0, set size 2
s2 benchmark 059: rank 20, in set 0, set size 1
s2 benchmark 060: rank 18, in set 0, set size 7
s2 benchmark 061: rank 20, in set 0, set size 1
s2 benchmark 062: rank 10, in set 0, set size 1
s2 benchmark 063: rank 23, in set 0, set size 1
s2 benchmark 064: rank 22, in set 0, set size 1
s2 benchmark 065: rank 23, in set 0, set size 1
s2 benchmark 066: rank 18, in set 0, set size 5
s2 benchmark 067: rank 22, in set 0, set size 1
s2 benchmark 068: rank 16, in set 0, set size 2
s2 benchmark 069: rank 14, in set 0, set size 2
s2 benchmark 070: rank 23, in set 0, set size 1
s2 benchmark 071: rank 12, in set 0, set size 1
s2 benchmark 072: rank 13, in set 0, set size 1
s2 benchmark 073: rank 9, in set 0, set size 5
s2 benchmark 074: rank 24, in set 0, set size 1
s2 benchmark 075: rank 9, in set 0, set size 3
s2 benchmark 076: rank 4, in set 1, set size 10
s2 benchmark 077: rank 20, in set 0, set size 5
s2 benchmark 078: rank 20, in set 0, set size 1
s2 benchmark 079: rank 23, in set 0, set size 1
s2 benchmark 080: rank 23, in set 0, set size 1
s2 benchmark 081: rank 14, in set 0, set size 2
s2 benchmark 082: rank 14, in set 0, set size 1
s2 benchmark 083: rank 19, in set 0, set size 1
s2 benchmark 084: rank 24, in set 0, set size 2
s2 benchmark 085: rank 20, in set 0, set size 1
s2 benchmark 086: rank 24, in set 0, set size 1
s2 benchmark 087: rank 21, in set 0, set size 1
s2 benchmark 088: rank 23, in set 0, set size 1
s2 benchmark 089: rank 15, in set 0, set size 1
s2 benchmark 090: rank 14, in set 0, set size 1
s2 benchmark 091: rank 18, in set 0, set size 1
s2 benchmark 092: rank 23, in set 0, set size 1
s2 benchmark 093: rank 15, in set 0, set size 1
s2 benchmark 094: rank 15, in set 0, set size 1
s2 benchmark 095: rank 16, in set 0, set size 2
s2 benchmark 096: rank 22, in set 0, set size 1
s2 benchmark 097: rank 23, in set 0, set size 1
s2 benchmark 098: rank 15, in set 0, set size 1
s2 benchmark 099: rank 19, in set 0, set size 1
s2 benchmark 100: rank 15, in set 0, set size 1
s2 benchmark 101: rank 11, in set 0, set size 1
s2 benchmark 102: rank 23, in set 0, set size 2
s2 benchmark 103: rank 10, in set 0, set size 4
s2 benchmark 104: rank 23, in set 0, set size 1
s2 benchmark 105: rank 16, in set 0, set size 1
s2 benchmark 106: rank 16, in set 0, set size 2
s2 benchmark 107: rank 15, in set 0, set size 2
s2 benchmark 108: rank 19, in set 0, set size 1
s2 benchmark 109: rank 15, in set 0, set size 1
s2 benchmark 110: rank 13, in set 0, set size 6
s2 benchmark 111: rank 24, in set 0, set size 2
s2 benchmark 112: rank 21, in set 0, set size 1
s2 benchmark 113: rank 22, in set 0, set size 1
s2 benchmark 114: rank 14, in set 0, set size 1
s2 benchmark 115: rank 33, in set 0, set size 16
s2 benchmark 116: rank 17, in set 0, set size 16
s2 benchmark 117: rank 15, in set 0, set size 2
s2 benchmark 118: rank 12, in set 0, set size 1
s2 benchmark 119: rank 23, in set 0, set size 1
s2 benchmark 120: rank 16, in set 0, set size 2
s2 benchmark 121: rank 23, in set 0, set size 1
s2 benchmark 122: rank 16, in set 0, set size 2
s2 benchmark 123: rank 7, in set 1, set size 20
s2 benchmark 124: rank 23, in set 0, set size 2
s2 benchmark 125: rank 17, in set 0, set size 2
s2 benchmark 126: rank 13, in set 0, set size 1
s2 benchmark 127: rank 12, in set 0, set size 1
s2 benchmark 128: rank 22, in set 0, set size 1
s2 benchmark 129: rank 6, in set 1, set size 8
s2 benchmark 130: rank 16, in set 0, set size 1
s2 benchmark 131: rank 12, in set 0, set size 1
s2 benchmark 132: rank 23, in set 0, set size 1
s2 benchmark 133: rank 8, in set 1, set size 11
s2 benchmark 134: rank 24, in set 0, set size 1
s2 benchmark 135: rank 23, in set 0, set size 1
s2 benchmark 136: rank 12, in set 0, set size 1
s2 benchmark 137: rank 14, in set 0, set size 1
s2 benchmark 138: rank 11, in set 0, set size 2
s2 benchmark 139: rank 24, in set 0, set size 2
s2 benchmark 140: rank 12, in set 0, set size 1
s2 benchmark 141: rank 24, in set 0, set size 1
s2 benchmark 142: rank 23, in set 0, set size 1
s2 benchmark 143: rank 9, in set 0, set size 1
s2 benchmark 144: rank 15, in set 0, set size 1
s2 benchmark 145: rank 11, in set 0, set size 2
s2 benchmark 146: rank 23, in set 0, set size 1
s2 benchmark 147: rank 10, in set 0, set size 2
s2 benchmark 148: rank 23, in set 0, set size 1
s2 benchmark 149: rank 2, in set 1, set size 3
s2 benchmark 150: rank 14, in set 0, set size 3
s2 benchmark 151: rank 13, in set 0, set size 1
s2 benchmark 152: rank 17, in set 0, set size 2
s2 benchmark 153: rank 8, in set 0, set size 3
s2 benchmark 154: rank 23, in set 0, set size 1
s2 benchmark 155: rank 10, in set 0, set size 3
s2 benchmark 156: rank 23, in set 0, set size 1
s2 benchmark 157: rank 21, in set 0, set size 1
s2 benchmark 158: rank 3, in set 1, set size 9
s2 benchmark 159: rank 16, in set 0, set size 2
s2 benchmark 160: rank 21, in set 0, set size 1
s2 benchmark 161: rank 23, in set 0, set size 1
s2 benchmark 162: rank 19, in set 0, set size 3
s2 benchmark 163: rank 20, in set 0, set size 1
s2 benchmark 164: rank 23, in set 0, set size 1
s2 benchmark 165: rank 17, in set 0, set size 1
s2 benchmark 166: rank 19, in set 0, set size 1
s2 benchmark 167: rank 9, in set 0, set size 3
s2 benchmark 168: rank 9, in set 0, set size 2
s2 benchmark 169: rank 16, in set 0, set size 1
s2 benchmark 170: rank 12, in set 0, set size 1
s2 benchmark 171: rank 18, in set 0, set size 1
s2 benchmark 172: rank 25, in set 0, set size 2
s2 benchmark 173: rank 20, in set 0, set size 1
s2 benchmark 174: rank 6, in set 0, set size 1
s2 benchmark 175: rank 12, in set 0, set size 1
s2 benchmark 176: rank 25, in set 0, set size 2
s2 benchmark 177: rank 17, in set 0, set size 1
s2 benchmark 178: rank 22, in set 0, set size 2
s2 benchmark 179: rank 18, in set 0, set size 1
s2 benchmark 180: rank 16, in set 0, set size 1
s2 benchmark 181: rank 14, in set 0, set size 1
s2 benchmark 182: rank 18, in set 0, set size 1
s2 benchmark 183: rank 14, in set 0, set size 1
s2 benchmark 184: rank 9, in set 0, set size 3
s2 benchmark 185: rank 14, in set 0, set size 1
s2 benchmark 186: rank 19, in set 0, set size 1
s2 benchmark 187: rank 15, in set 0, set size 2
s2 benchmark 188: rank 19, in set 0, set size 2
s2 benchmark 189: rank 20, in set 0, set size 1
s2 benchmark 190: rank 18, in set 0, set size 1
s2 benchmark 191: rank 16, in set 0, set size 1
s2 benchmark 192: rank 14, in set 0, set size 1
s2 benchmark 193: rank 20, in set 0, set size 1
s2 benchmark 194: rank 17, in set 0, set size 2
s2 benchmark 195: rank 17, in set 0, set size 1
s2 benchmark 196: rank 22, in set 0, set size 1
s2 benchmark 197: rank 25, in set 0, set size 2
s2 benchmark 198: rank 23, in set 0, set size 1
s2 benchmark 199: rank 20, in set 0, set size 1
s2 benchmark 200: rank 20, in set 0, set size 1
s2 benchmark 201: rank 23, in set 0, set size 1
s2 benchmark 202: rank 10, in set 0, set size 1
s2 benchmark 203: rank 15, in set 0, set size 1
s2 benchmark 204: rank 23, in set 0, set size 1
s2 benchmark 205: rank 15, in set 0, set size 2
s2 benchmark 206: rank 20, in set 0, set size 1
s2 benchmark 207: rank 18, in set 0, set size 1
s2 benchmark 208: rank 9, in set 0, set size 5
s2 benchmark 209: rank 16, in set 0, set size 1
s2 benchmark 210: rank 20, in set 0, set size 1
s2 benchmark 211: rank 14, in set 0, set size 1
s2 benchmark 212: rank 16, in set 0, set size 2
s2 benchmark 213: rank 20, in set 0, set size 1
s2 benchmark 214: rank 23, in set 0, set size 1
s2 benchmark 215: rank 13, in set 0, set size 1
s2 benchmark 216: rank 24, in set 0, set size 1
s2 benchmark 217: rank 9, in set 0, set size 3
s2 benchmark 218: rank 14, in set 0, set size 1
s2 benchmark 219: rank 23, in set 0, set size 1
s2 benchmark 220: rank 22, in set 0, set size 1
s2 benchmark 221: rank 14, in set 0, set size 1
s2 benchmark 222: rank 12, in set 0, set size 1
s2 benchmark 223: rank 13, in set 0, set size 1
s2 benchmark 224: rank 18, in set 0, set size 1
s2 benchmark 225: rank 14, in set 0, set size 1
s2 benchmark 226: rank 23, in set 0, set size 1
s2 benchmark 227: rank 12, in set 0, set size 1
s2 benchmark 228: rank 13, in set 0, set size 1
s2 benchmark 229: rank 23, in set 0, set size 1
s2 benchmark 230: rank 23, in set 0, set size 1
s2 benchmark 231: rank 15, in set 0, set size 8
s2 benchmark 232: rank 21, in set 0, set size 2
s2 benchmark 233: rank 18, in set 0, set size 1
s2 benchmark 234: rank 16, in set 0, set size 1
s2 benchmark 235: rank 23, in set 0, set size 1
s2 benchmark 236: rank 17, in set 0, set size 1
s2 benchmark 237: rank 23, in set 0, set size 1
s2 benchmark 238: rank 24, in set 0, set size 2
s2 benchmark 239: rank 18, in set 0, set size 1
s2 benchmark 240: rank 13, in set 0, set size 3
s2 benchmark 241: rank 14, in set 0, set size 1
s2 benchmark 242: rank 16, in set 0, set size 1
s2 benchmark 243: rank 23, in set 0, set size 1
s2 benchmark 244: rank 13, in set 0, set size 5
s2 benchmark 245: rank 21, in set 0, set size 1
s2 benchmark 246: rank 23, in set 0, set size 1
s2 benchmark 247: rank 14, in set 0, set size 1
s2 benchmark 248: rank 18, in set 0, set size 1
s2 benchmark 249: rank 12, in set 0, set size 1
s2 benchmark 250: rank 19, in set 0, set size 1
s2 benchmark 251: rank 21, in set 0, set size 1
s2 benchmark 252: rank 15, in set 0, set size 4
s2 benchmark 253: rank 15, in set 0, set size 1
s2 benchmark 254: rank 22, in set 0, set size 2
s2 benchmark 255: rank 23, in set 0, set size 1
s2 benchmark 256: rank 15, in set 0, set size 1
s2 benchmark 257: rank 22, in set 0, set size 1
s2 benchmark 258: rank 18, in set 0, set size 1
s2 benchmark 259: rank 23, in set 0, set size 1
s2 benchmark 260: rank 18, in set 0, set size 1
s2 benchmark 261: rank 20, in set 0, set size 1
s2 benchmark 262: rank 11, in set 0, set size 1
s2 benchmark 263: rank 23, in set 0, set size 1
s2 benchmark 264: rank 17, in set 0, set size 1
s2 benchmark 265: rank 9, in set 0, set size 2
s2 benchmark 266: rank 24, in set 0, set size 1
s2 benchmark 267: rank 16, in set 0, set size 2
s2 benchmark 268: rank 20, in set 0, set size 1
s2 benchmark 269: rank 20, in set 0, set size 1
s2 benchmark 270: rank 10, in set 0, set size 3
s2 benchmark 271: rank 15, in set 0, set size 13
s2 benchmark 272: rank 16, in set 0, set size 1
s2 benchmark 273: rank 14, in set 0, set size 1
s2 benchmark 274: rank 15, in set 0, set size 1
s2 benchmark 275: rank 12, in set 0, set size 1
s2 benchmark 276: rank 9, in set 0, set size 4
s2 benchmark 277: rank 14, in set 0, set size 1
s2 benchmark 278: rank 23, in set 0, set size 1
s2 benchmark 279: rank 9, in set 0, set size 1
s2 benchmark 280: rank 26, in set 0, set size 2
s2 benchmark 281: rank 16, in set 0, set size 2
s2 benchmark 282: rank 21, in set 0, set size 1
s2 benchmark 283: rank 13, in set 0, set size 3
s2 benchmark 284: rank 17, in set 0, set size 1
s2 benchmark 285: rank 6, in set 0, set size 2
s2 benchmark 286: rank 15, in set 0, set size 2
s2 benchmark 287: rank 18, in set 0, set size 1
s2 benchmark 288: rank 25, in set 0, set size 2
s2 benchmark 289: rank 25, in set 0, set size 2
s2 benchmark 290: rank 13, in set 0, set size 1
s2 benchmark 291: rank 14, in set 0, set size 1
s2 benchmark 292: rank 23, in set 0, set size 1
s2 benchmark 293: rank 24, in set 0, set size 1
s2 benchmark 294: rank 24, in set 0, set size 1
s2 benchmark 295: rank 23, in set 0, set size 1
s2 benchmark 296: rank 14, in set 0, set size 1
s2 benchmark 297: rank 16, in set 0, set size 1
s2 benchmark 298: rank 15, in set 0, set size 2
s2 benchmark 299: rank 19, in set 0, set size 2
s2 benchmark 300: rank 23, in set 0, set size 1
s2 benchmark 301: rank 18, in set 0, set size 2
s2 benchmark 302: rank 20, in set 0, set size 1
s2 benchmark 303: rank 15, in set 0, set size 1
s2 benchmark 304: rank 23, in set 0, set size 1
s2 benchmark 305: rank 23, in set 0, set size 1
s2 benchmark 306: rank 16, in set 0, set size 1
s2 benchmark 307: rank 18, in set 0, set size 9
s2 benchmark 308: rank 16, in set 0, set size 2
s2 benchmark 309: rank 20, in set 0, set size 1
s2 benchmark 310: rank 8, in set 1, set size 12
s2 benchmark 311: rank 15, in set 0, set size 1
s2 benchmark 312: rank 9, in set 1, set size 16
s2 benchmark 313: rank 15, in set 0, set size 1
s2 benchmark 314: rank 15, in set 0, set size 1
s2 benchmark 315: rank 9, in set 0, set size 4
s2 benchmark 316: rank 21, in set 0, set size 1
s2 benchmark 317: rank 23, in set 0, set size 1
s2 benchmark 318: rank 6, in set 1, set size 17
s2 benchmark 319: rank 14, in set 0, set size 1
s2 benchmark 320: rank 16, in set 0, set size 1
s2 benchmark 321: rank 13, in set 0, set size 2
s2 benchmark 322: rank 20, in set 0, set size 1
s2 benchmark 323: rank 16, in set 0, set size 1
s2 benchmark 324: rank 14, in set 0, set size 2
s2 benchmark 325: rank 19, in set 0, set size 1
s2 benchmark 326: rank 21, in set 0, set size 1
s2 benchmark 327: rank 13, in set 0, set size 2
s2 benchmark 328: rank 17, in set 0, set size 1
s2 benchmark 329: rank 22, in set 0, set size 2
s2 benchmark 330: rank 23, in set 0, set size 1
s2 benchmark 331: rank 17, in set 0, set size 1
s2 benchmark 332: rank 15, in set 0, set size 1
s2 benchmark 333: rank 18, in set 0, set size 2
s2 benchmark 334: rank 23, in set 0, set size 1
s2 benchmark 335: rank 23, in set 0, set size 1
s2 benchmark 336: rank 16, in set 0, set size 2
s2 benchmark 337: rank 18, in set 0, set size 1
s2 benchmark 338: rank 23, in set 0, set size 1
s2 benchmark 339: rank 14, in set 0, set size 1
s2 benchmark 340: rank 18, in set 0, set size 1
s2 benchmark 341: rank 23, in set 0, set size 1
s2 benchmark 342: rank 13, in set 0, set size 1
s2 benchmark 343: rank 23, in set 0, set size 2
s2 benchmark 344: rank 16, in set 0, set size 1
s2 benchmark 345: rank 13, in set 0, set size 1
s2 benchmark 346: rank 24, in set 0, set size 1
s2 benchmark 347: rank 20, in set 0, set size 2
s2 benchmark 348: rank 17, in set 0, set size 1
s2 benchmark 349: rank 13, in set 0, set size 1
s2 benchmark 350: rank 12, in set 0, set size 5
s2 benchmark 351: rank 19, in set 0, set size 1
s2 benchmark 352: rank 17, in set 0, set size 1
s2 benchmark 353: rank 20, in set 0, set size 1
s2 benchmark 354: rank 13, in set 0, set size 1
s2 benchmark 355: rank 13, in set 0, set size 2
s2 benchmark 356: rank 23, in set 0, set size 1
s2 benchmark 357: rank 18, in set 0, set size 1
s2 benchmark 358: rank 23, in set 0, set size 1
s2 benchmark 359: rank 20, in set 0, set size 1
s2 benchmark 360: rank 6, in set 1, set size 15
s2 benchmark 361: rank 22, in set 0, set size 1
s2 benchmark 362: rank 25, in set 0, set size 1
s2 benchmark 363: rank 16, in set 0, set size 1
s2 benchmark 364: rank 12, in set 0, set size 1
s2 benchmark 365: rank 20, in set 0, set size 2
s2 benchmark 366: rank 15, in set 0, set size 2
s2 benchmark 367: rank 23, in set 0, set size 2
s2 benchmark 368: rank 16, in set 0, set size 2
s2 benchmark 369: rank 23, in set 0, set size 1
s2 benchmark 370: rank 12, in set 0, set size 4
s2 benchmark 371: rank 11, in set 0, set size 1
s2 benchmark 372: rank 19, in set 0, set size 1
s2 benchmark 373: rank 23, in set 0, set size 1
s2 benchmark 374: rank 14, in set 0, set size 4
s2 benchmark 375: rank 15, in set 0, set size 1
s2 benchmark 376: rank 20, in set 0, set size 1
s2 benchmark 377: rank 17, in set 0, set size 1
s2 benchmark 378: rank 14, in set 0, set size 1
s2 benchmark 379: rank 15, in set 0, set size 6
s2 benchmark 380: rank 15, in set 0, set size 1
s2 benchmark 381: rank 18, in set 0, set size 5
s2 benchmark 382: rank 7, in set 1, set size 13
s2 benchmark 383: rank 8, in set 0, set size 3
s2 benchmark 384: rank 16, in set 0, set size 3
s2 benchmark 385: rank 23, in set 0, set size 1
s2 benchmark 386: rank 12, in set 0, set size 1
s2 benchmark 387: rank 23, in set 0, set size 1
s2 benchmark 388: rank 16, in set 0, set size 1
s2 benchmark 389: rank 18, in set 0, set size 1
s2 benchmark 390: rank 21, in set 0, set size 1
s2 benchmark 391: rank 16, in set 0, set size 1
s2 benchmark 392: rank 14, in set 0, set size 2
s2 benchmark 393: rank 18, in set 0, set size 2
s2 benchmark 394: rank 16, in set 0, set size 1
s2 benchmark 395: rank 59, in set 0, set size 6
s2 benchmark 396: rank 23, in set 0, set size 1
s2 benchmark 397: rank 14, in set 0, set size 1
s2 benchmark 398: rank 23, in set 0, set size 1
s2 benchmark 399: rank 16, in set 0, set size 1
s2 benchmark 400: rank 10, in set 0, set size 1
s2 benchmark 401: rank 18, in set 0, set size 1
s2 benchmark 402: rank 9, in set 1, set size 13
s2 benchmark 403: rank 18, in set 0, set size 2
s2 benchmark 404: rank 16, in set 0, set size 1
s2 benchmark 405: rank 14, in set 0, set size 1
s2 benchmark 406: rank 18, in set 0, set size 1
s2 benchmark 407: rank 21, in set 0, set size 1
s2 benchmark 408: rank 25, in set 0, set size 1
s2 benchmark 409: rank 11, in set 0, set size 1
s2 benchmark 410: rank 23, in set 0, set size 1
s2 benchmark 411: rank 24, in set 0, set size 1
s2 benchmark 412: rank 5, in set 1, set size 11
s2 benchmark 413: rank 13, in set 0, set size 1
s2 benchmark 414: rank 10, in set 0, set size 6
s2 benchmark 415: rank 23, in set 0, set size 1
s2 benchmark 416: rank 24, in set 0, set size 1
s2 benchmark 417: rank 13, in set 0, set size 1
s2 benchmark 418: rank 24, in set 0, set size 2
s2 benchmark 419: rank 23, in set 0, set size 1
s2 benchmark 420: rank 16, in set 0, set size 2
s2 benchmark 421: rank 10, in set 0, set size 2
s2 benchmark 422: rank 14, in set 0, set size 1
s2 benchmark 423: rank 16, in set 0, set size 2
s2 benchmark 424: rank 16, in set 0, set size 1
s2 benchmark 425: rank 24, in set 0, set size 2
s2 benchmark 426: rank 15, in set 0, set size 1
s2 benchmark 427: rank 19, in set 0, set size 1
s2 benchmark 428: rank 14, in set 0, set size 1
s2 benchmark 429: rank 22, in set 0, set size 1
s2 benchmark 430: rank 17, in set 0, set size 2
s2 benchmark 431: rank 13, in set 0, set size 1
s2 benchmark 432: rank 11, in set 0, set size 3
s2 benchmark 433: rank 11, in set 0, set size 1
s2 benchmark 434: rank 21, in set 0, set size 1
s2 benchmark 435: rank 12, in set 0, set size 1
s2 benchmark 436: rank 15, in set 0, set size 1
s2 benchmark 437: rank 24, in set 0, set size 1
s2 benchmark 438: rank 4, in set 1, set size 10
s2 benchmark 439: rank 14, in set 0, set size 2
s2 benchmark 440: rank 24, in set 0, set size 10
s2 benchmark 441: rank 23, in set 0, set size 1
s2 benchmark 442: rank 23, in set 0, set size 1
s2 benchmark 443: rank 23, in set 0, set size 1
s2 benchmark 444: rank 16, in set 0, set size 1
s2 benchmark 445: rank 23, in set 0, set size 1
s2 benchmark 446: rank 9, in set 0, set size 5
s2 benchmark 447: rank 23, in set 0, set size 1
s2 benchmark 448: rank 18, in set 0, set size 1
s2 benchmark 449: rank 18, in set 0, set size 1
s2 benchmark 450: rank 15, in set 0, set size 1
s2 benchmark 451: rank 14, in set 0, set size 2
s2 benchmark 452: rank 17, in set 0, set size 2
s2 benchmark 453: rank 10, in set 0, set size 1
s2 benchmark 454: rank 19, in set 0, set size 3
s2 benchmark 455: rank 13, in set 0, set size 1
s2 benchmark 456: rank 13, in set 0, set size 1
s2 benchmark 457: rank 8, in set 0, set size 1
s2 benchmark 458: rank 23, in set 0, set size 1
s2 benchmark 459: rank 23, in set 0, set size 1
s2 benchmark 460: rank 18, in set 0, set size 2
s2 benchmark 461: rank 11, in set 0, set size 1
s2 benchmark 462: rank 17, in set 0, set size 1
s2 benchmark 463: rank 17, in set 0, set size 1
s2 benchmark 464: rank 21, in set 0, set size 1
s2 benchmark 465: rank 23, in set 0, set size 1
s2 benchmark 466: rank 14, in set 0, set size 2
s2 benchmark 467: rank 20, in set 0, set size 1
s2 benchmark 468: rank 23, in set 0, set size 1
s2 benchmark 469: rank 12, in set 0, set size 1
s2 benchmark 470: rank 21, in set 0, set size 2
s2 benchmark 471: rank 16, in set 0, set size 2
s2 benchmark 472: rank 18, in set 0, set size 2
s2 benchmark 473: rank 16, in set 0, set size 1
s2 benchmark 474: rank 18, in set 0, set size 1
s2 benchmark 475: rank 17, in set 0, set size 4
s2 benchmark 476: rank 5, in set 0, set size 3
s2 benchmark 477: rank 15, in set 0, set size 1
s2 benchmark 478: rank 16, in set 0, set size 1
s2 benchmark 479: rank 23, in set 0, set size 1
s2 benchmark 480: rank 13, in set 0, set size 3
s2 benchmark 481: rank 16, in set 0, set size 1
s2 benchmark 482: rank 23, in set 0, set size 1
s2 benchmark 483: rank 8, in set 0, set size 3
s2 benchmark 484: rank 21, in set 0, set size 1
s2 benchmark 485: rank 3, in set 1, set size 14
s2 benchmark 486: rank 10, in set 0, set size 3
s2 benchmark 487: rank 16, in set 0, set size 4
s2 benchmark 488: rank 11, in set 0, set size 2
s2 benchmark 489: rank 5, in set 1, set size 9
s2 benchmark 490: rank 23, in set 0, set size 1
s2 benchmark 491: rank 19, in set 0, set size 1
s2 benchmark 492: rank 19, in set 0, set size 1
s2 benchmark 493: rank 15, in set 0, set size 1
s2 benchmark 494: rank 24, in set 0, set size 1
s2 benchmark 495: rank 25, in set 0, set size 2
s2 benchmark 496: rank 23, in set 0, set size 2
s2 benchmark 497: rank 11, in set 0, set size 1
s2 benchmark 498: rank 6, in set 1, set size 12
s2 benchmark 499: rank 11, in set 0, set size 1
s2 benchmark 500: rank 9, in set 0, set size 4
s2 benchmark 501: rank 15, in set 0, set size 3
s2 benchmark 502: rank 18, in set 0, set size 1
s2 benchmark 503: rank 23, in set 0, set size 1
s2 benchmark 504: rank 13, in set 0, set size 1
s2 benchmark 505: rank 11, in set 0, set size 1
s2 benchmark 506: rank 14, in set 0, set size 1
s2 benchmark 507: rank 3, in set 1, set size 13
s2 benchmark 508: rank 14, in set 0, set size 1
s2 benchmark 509: rank 12, in set 0, set size 1
s2 benchmark 510: rank 18, in set 0, set size 1
s2 benchmark 511: rank 23, in set 0, set size 1
s2 benchmark 512: rank 16, in set 0, set size 2
s2 benchmark 513: rank 16, in set 0, set size 1
s2 benchmark 514: rank 16, in set 0, set size 1
s2 benchmark 515: rank 12, in set 0, set size 3
s2 benchmark 516: rank 23, in set 0, set size 1
s2 benchmark 517: rank 16, in set 0, set size 1
s2 benchmark 518: rank 15, in set 0, set size 1
s2 benchmark 519: rank 15, in set 0, set size 2
s2 benchmark 520: rank 17, in set 0, set size 2
s2 benchmark 521: rank 14, in set 0, set size 1
s2 benchmark 522: rank 16, in set 0, set size 1
s2 benchmark 523: rank 23, in set 0, set size 1
s2 benchmark 524: rank 23, in set 0, set size 1
s2 benchmark 525: rank 23, in set 0, set size 1
s2 benchmark 526: rank 14, in set 0, set size 1
s2 benchmark 527: rank 23, in set 0, set size 1
s2 benchmark 528: rank 16, in set 0, set size 1
s2 benchmark 529: rank 22, in set 0, set size 1
s2 benchmark 530: rank 16, in set 0, set size 1
s2 benchmark 531: rank 23, in set 0, set size 1
s2 benchmark 532: rank 14, in set 0, set size 1
s2 benchmark 533: rank 4, in set 1, set size 3
s2 benchmark 534: rank 3, in set 1, set size 21
s2 benchmark 535: rank 14, in set 0, set size 1
s2 benchmark 536: rank 16, in set 0, set size 1
s2 benchmark 537: rank 16, in set 0, set size 1
s2 benchmark 538: rank 23, in set 0, set size 1
s2 benchmark 539: rank 14, in set 0, set size 1
s2 benchmark 540: rank 25, in set 0, set size 2
s2 benchmark 541: rank 23, in set 0, set size 1
s2 benchmark 542: rank 14, in set 0, set size 1
s2 benchmark 543: rank 19, in set 0, set size 1
s2 benchmark 544: rank 10, in set 0, set size 1
s2 benchmark 545: rank 10, in set 0, set size 2
s2 benchmark 546: rank 14, in set 0, set size 1
s2 benchmark 547: rank 20, in set 0, set size 1
s2 benchmark 548: rank 18, in set 0, set size 1
s2 benchmark 549: rank 7, in set 0, set size 1
s2 benchmark 550: rank 11, in set 0, set size 1
s2 benchmark 551: rank 11, in set 0, set size 1
s2 benchmark 552: rank 18, in set 0, set size 1
s2 benchmark 553: rank 23, in set 0, set size 1
s2 benchmark 554: rank 23, in set 0, set size 1
s2 benchmark 555: rank 23, in set 0, set size 1
s2 benchmark 556: rank 16, in set 0, set size 2
s2 benchmark 557: rank 17, in set 0, set size 1
s2 benchmark 558: rank 8, in set 0, set size 2
s2 benchmark 559: rank 23, in set 0, set size 1
s2 benchmark 560: rank 16, in set 0, set size 1
s2 benchmark 561: rank 6, in set 1, set size 5
s2 benchmark 562: rank 17, in set 0, set size 1
s2 benchmark 563: rank 7, in set 1, set size 17
s2 benchmark 564: rank 10, in set 1, set size 14
s2 benchmark 565: rank 19, in set 0, set size 1
s2 benchmark 566: rank 42, in set 0, set size 1
s2 benchmark 567: rank 14, in set 0, set size 1
s2 benchmark 568: rank 23, in set 0, set size 1
s2 benchmark 569: rank 14, in set 0, set size 1
s2 benchmark 570: rank 14, in set 0, set size 2
s2 benchmark 571: rank 13, in set 0, set size 1
s2 benchmark 572: rank 14, in set 0, set size 1
s2 benchmark 573: rank 13, in set 0, set size 1
s2 benchmark 574: rank 19, in set 0, set size 2
s2 benchmark 575: rank 15, in set 0, set size 2
s2 benchmark 576: rank 19, in set 0, set size 2
s2 benchmark 577: rank 20, in set 0, set size 1
s2 benchmark 578: rank 20, in set 0, set size 1
s2 benchmark 579: rank 23, in set 0, set size 1
s2 benchmark 580: rank 16, in set 0, set size 2
s2 benchmark 581: rank 20, in set 0, set size 1
s2 benchmark 582: rank 23, in set 0, set size 1
s2 benchmark 583: rank 23, in set 0, set size 1
s2 benchmark 584: rank 22, in set 0, set size 2
s2 benchmark 585: rank 23, in set 0, set size 1
s2 benchmark 586: rank 13, in set 0, set size 1
s2 benchmark 587: rank 12, in set 0, set size 3
s2 benchmark 588: rank 14, in set 0, set size 1
s2 benchmark 589: rank 19, in set 0, set size 1
s2 benchmark 590: rank 5, in set 1, set size 15
s2 benchmark 591: rank 14, in set 0, set size 1
s2 benchmark 592: rank 22, in set 0, set size 1
s2 benchmark 593: rank 20, in set 0, set size 2
s2 benchmark 594: rank 20, in set 0, set size 1
s2 benchmark 595: rank 23, in set 0, set size 1
s2 benchmark 596: rank 22, in set 0, set size 1
s2 benchmark 597: rank 12, in set 0, set size 1
s2 benchmark 598: rank 23, in set 0, set size 1
s2 benchmark 599: rank 21, in set 0, set size 1
s2 benchmark 600: rank 23, in set 0, set size 1
s2 benchmark 601: rank 23, in set 0, set size 1
s2 benchmark 602: rank 23, in set 0, set size 1
s2 benchmark 603: rank 13, in set 0, set size 1
s2 benchmark 604: rank 12, in set 0, set size 1
s2 benchmark 605: rank 16, in set 0, set size 1
s2 benchmark 606: rank 22, in set 0, set size 1
s2 benchmark 607: rank 23, in set 0, set size 1
s2 benchmark 608: rank 23, in set 0, set size 1
s2 benchmark 609: rank 24, in set 0, set size 1
s2 benchmark 610: rank 13, in set 0, set size 6
s2 benchmark 611: rank 14, in set 0, set size 1
s2 benchmark 612: rank 14, in set 0, set size 1
s2 benchmark 613: rank 22, in set 0, set size 1
s2 benchmark 614: rank 23, in set 0, set size 1
s2 benchmark 615: rank 23, in set 0, set size 1
s2 benchmark 616: rank 16, in set 0, set size 1
s2 benchmark 617: rank 16, in set 0, set size 1
s2 benchmark 618: rank 18, in set 0, set size 1
s2 benchmark 619: rank 23, in set 0, set size 1
s2 benchmark 620: rank 15, in set 0, set size 1
s2 benchmark 621: rank 23, in set 0, set size 1
s2 benchmark 622: rank 9, in set 0, set size 1
s2 benchmark 623: rank 25, in set 0, set size 1
s2 benchmark 624: rank 3, in set 0, set size 2
s2 benchmark 625: rank 23, in set 0, set size 1
s2 benchmark 626: rank 24, in set 0, set size 2
s2 benchmark 627: rank 23, in set 0, set size 1
s2 benchmark 628: rank 10, in set 0, set size 6
s2 benchmark 629: rank 22, in set 0, set size 1
s2 benchmark 630: rank 20, in set 0, set size 2
s2 benchmark 631: rank 18, in set 0, set size 1
s2 benchmark 632: rank 16, in set 0, set size 2
s2 benchmark 633: rank 24, in set 0, set size 1
s2 benchmark 634: rank 19, in set 0, set size 1
s2 benchmark 635: rank 17, in set 0, set size 5
s2 benchmark 636: rank 28, in set 0, set size 1
s2 benchmark 637: rank 14, in set 0, set size 2
s2 benchmark 638: rank 13, in set 0, set size 1
s2 benchmark 639: rank 22, in set 0, set size 1
s2 benchmark 640: rank 23, in set 0, set size 1
s2 benchmark 641: rank 24, in set 0, set size 1
s2 benchmark 642: rank 14, in set 0, set size 1
s2 benchmark 643: rank 17, in set 0, set size 2
s2 benchmark 644: rank 23, in set 0, set size 1
s2 benchmark 645: rank 13, in set 0, set size 3
s2 benchmark 646: rank 12, in set 0, set size 1
s2 benchmark 647: rank 23, in set 0, set size 1
s2 benchmark 648: rank 14, in set 0, set size 1
s2 benchmark 649: rank 14, in set 0, set size 2
s2 benchmark 650: rank 23, in set 0, set size 1
s2 benchmark 651: rank 12, in set 0, set size 2
s2 benchmark 652: rank 18, in set 0, set size 1
s2 benchmark 653: rank 23, in set 0, set size 1
s2 benchmark 654: rank 14, in set 0, set size 1
s2 benchmark 655: rank 23, in set 0, set size 1
s2 benchmark 656: rank 19, in set 0, set size 2
s2 benchmark 657: rank 20, in set 0, set size 1
s2 benchmark 658: rank 14, in set 0, set size 1
s2 benchmark 659: rank 18, in set 0, set size 1
s2 benchmark 660: rank 21, in set 0, set size 1
s2 benchmark 661: rank 14, in set 0, set size 1
s2 benchmark 662: rank 10, in set 0, set size 1
s2 benchmark 663: rank 14, in set 0, set size 1
s2 benchmark 664: rank 13, in set 0, set size 1
s2 benchmark 665: rank 16, in set 0, set size 14
s2 benchmark 666: rank 18, in set 0, set size 2
s2 benchmark 667: rank 23, in set 0, set size 1
s2 benchmark 668: rank 16, in set 0, set size 1
s2 benchmark 669: rank 17, in set 0, set size 1
s2 benchmark 670: rank 15, in set 0, set size 1
s2 benchmark 671: rank 18, in set 0, set size 1
s2 benchmark 672: rank 22, in set 0, set size 1
s2 benchmark 673: rank 23, in set 0, set size 1
s2 benchmark 674: rank 15, in set 0, set size 1
s2 benchmark 675: rank 9, in set 0, set size 1
s2 benchmark 676: rank 18, in set 0, set size 1
s2 benchmark 677: rank 20, in set 0, set size 1
s2 benchmark 678: rank 19, in set 0, set size 1
s2 benchmark 679: rank 15, in set 0, set size 1
s2 benchmark 680: rank 16, in set 0, set size 2
s2 benchmark 681: rank 23, in set 0, set size 1
s2 benchmark 682: rank 23, in set 0, set size 1
s2 benchmark 683: rank 23, in set 0, set size 1
s2 benchmark 684: rank 42, in set 0, set size 16
s2 benchmark 685: rank 19, in set 0, set size 1
s2 benchmark 686: rank 7, in set 1, set size 8
s2 benchmark 687: rank 20, in set 0, set size 1
s2 benchmark 688: rank 25, in set 0, set size 1
s2 benchmark 689: rank 17, in set 0, set size 1
s2 benchmark 690: rank 20, in set 0, set size 2
s2 benchmark 691: rank 16, in set 0, set size 4
s2 benchmark 692: rank 19, in set 0, set size 1
s2 benchmark 693: rank 17, in set 0, set size 1
s2 benchmark 694: rank 14, in set 0, set size 1
s2 benchmark 695: rank 11, in set 0, set size 1
s2 benchmark 696: rank 14, in set 0, set size 3
s2 benchmark 697: rank 13, in set 0, set size 2
s2 benchmark 698: rank 11, in set 0, set size 5
s2 benchmark 699: rank 7, in set 1, set size 7
s2 benchmark 700: rank 19, in set 0, set size 4
s2 benchmark 701: rank 24, in set 0, set size 2
s2 benchmark 702: rank 23, in set 0, set size 1
s2 benchmark 703: rank 16, in set 0, set size 1
s2 benchmark 704: rank 14, in set 0, set size 2
s2 benchmark 705: rank 13, in set 0, set size 5
s2 benchmark 706: rank 23, in set 0, set size 1
s2 benchmark 707: rank 20, in set 0, set size 1
s2 benchmark 708: rank 17, in set 0, set size 1
s2 benchmark 709: rank 10, in set 0, set size 1
s2 benchmark 710: rank 22, in set 0, set size 1
s2 benchmark 711: rank 24, in set 0, set size 2
s2 benchmark 712: rank 15, in set 0, set size 4
s2 benchmark 713: rank 13, in set 0, set size 2
s2 benchmark 714: rank 18, in set 0, set size 1
s2 benchmark 715: rank 24, in set 0, set size 1
s2 benchmark 716: rank 21, in set 0, set size 1
s2 benchmark 717: rank 22, in set 0, set size 1
s2 benchmark 718: rank 23, in set 0, set size 1
s2 benchmark 719: rank 11, in set 0, set size 2
s2 benchmark 720: rank 14, in set 0, set size 2
s2 benchmark 721: rank 19, in set 0, set size 1
s2 benchmark 722: rank 11, in set 0, set size 2
s2 benchmark 723: rank 11, in set 0, set size 2
s2 benchmark 724: rank 14, in set 0, set size 1
s2 benchmark 725: rank 23, in set 0, set size 1
s2 benchmark 726: rank 26, in set 0, set size 2
s2 benchmark 727: rank 23, in set 0, set size 1
s2 benchmark 728: rank 1, in set 1, set size 17
s2 benchmark 729: rank 16, in set 0, set size 1
s2 benchmark 730: rank 23, in set 0, set size 1
s2 benchmark 731: rank 16, in set 0, set size 6
s2 benchmark 732: rank 14, in set 0, set size 1
s2 benchmark 733: rank 25, in set 0, set size 2
s2 benchmark 734: rank 16, in set 0, set size 2
s2 benchmark 735: rank 14, in set 0, set size 5
s2 benchmark 736: rank 14, in set 0, set size 5
s2 benchmark 737: rank 23, in set 0, set size 1
s2 benchmark 738: rank 21, in set 0, set size 1
s2 benchmark 739: rank 2, in set 1, set size 5
s2 benchmark 740: rank 13, in set 0, set size 1
s2 benchmark 741: rank 13, in set 0, set size 1
s2 benchmark 742: rank 23, in set 0, set size 1
s2 benchmark 743: rank 15, in set 0, set size 1
s2 benchmark 744: rank 9, in set 0, set size 3
s2 benchmark 745: rank 20, in set 0, set size 1
s2 benchmark 746: rank 16, in set 0, set size 1
s2 benchmark 747: rank 22, in set 0, set size 1
s2 benchmark 748: rank 19, in set 0, set size 1
s2 benchmark 749: rank 24, in set 0, set size 1
s2 benchmark 750: rank 24, in set 0, set size 1
s2 benchmark 751: rank 16, in set 0, set size 1
s2 benchmark 752: rank 28, in set 0, set size 9
s2 benchmark 753: rank 20, in set 0, set size 3
s2 benchmark 754: rank 16, in set 0, set size 1
s2 benchmark 755: rank 13, in set 0, set size 5
s2 benchmark 756: rank 23, in set 0, set size 2
s2 benchmark 757: rank 20, in set 0, set size 1
s2 benchmark 758: rank 11, in set 0, set size 1
s2 benchmark 759: rank 5, in set 1, set size 5
s2 benchmark 760: rank 23, in set 0, set size 1
s2 benchmark 761: rank 17, in set 0, set size 1
s2 benchmark 762: rank 10, in set 0, set size 6
s2 benchmark 763: rank 14, in set 0, set size 1
s2 benchmark 764: rank 16, in set 0, set size 1
s2 benchmark 765: rank 20, in set 0, set size 1
s2 benchmark 766: rank 25, in set 0, set size 7
s2 benchmark 767: rank 2, in set 1, set size 4
s2 benchmark 768: rank 15, in set 0, set size 2
s2 benchmark 769: rank 25, in set 0, set size 1
s2 benchmark 770: rank 23, in set 0, set size 1
s2 benchmark 771: rank 22, in set 0, set size 1
s2 benchmark 772: rank 17, in set 0, set size 6
s2 benchmark 773: rank 23, in set 0, set size 1
s2 benchmark 774: rank 17, in set 0, set size 1
s2 benchmark 775: rank 19, in set 0, set size 1
s2 benchmark 776: rank 24, in set 0, set size 1
s2 benchmark 777: rank 24, in set 0, set size 1
s2 benchmark 778: rank 23, in set 0, set size 1
s2 benchmark 779: rank 16, in set 0, set size 1
s2 benchmark 780: rank 16, in set 0, set size 1
s2 benchmark 781: rank 20, in set 0, set size 2
s2 benchmark 782: rank 17, in set 0, set size 1
s2 benchmark 783: rank 14, in set 0, set size 1
s2 benchmark 784: rank 23, in set 0, set size 1
s2 benchmark 785: rank 23, in set 0, set size 1
s2 benchmark 786: rank 22, in set 0, set size 1
s2 benchmark 787: rank 10, in set 0, set size 1
s2 benchmark 788: rank 25, in set 0, set size 1
s2 benchmark 789: rank 24, in set 0, set size 1
s2 benchmark 790: rank 23, in set 0, set size 1
s2 benchmark 791: rank 11, in set 0, set size 1
s2 benchmark 792: rank 17, in set 0, set size 1
s2 benchmark 793: rank 19, in set 0, set size 1
s2 benchmark 794: rank 21, in set 0, set size 1
s2 benchmark 795: rank 9, in set 0, set size 1
s2 benchmark 796: rank 13, in set 0, set size 1
s2 benchmark 797: rank 14, in set 0, set size 1
s2 benchmark 798: rank 22, in set 0, set size 1
s2 benchmark 799: rank 16, in set 0, set size 1
s2 benchmark 800: rank 20, in set 0, set size 1
s2 benchmark 801: rank 24, in set 0, set size 1
s2 benchmark 802: rank 13, in set 0, set size 2
s2 benchmark 803: rank 16, in set 0, set size 5
s2 benchmark 804: rank 23, in set 0, set size 1
s2 benchmark 805: rank 21, in set 0, set size 1
s2 benchmark 806: rank 23, in set 0, set size 1
s2 benchmark 807: rank 21, in set 0, set size 1
s2 benchmark 808: rank 14, in set 0, set size 1
s2 benchmark 809: rank 16, in set 0, set size 1
s2 benchmark 810: rank 20, in set 0, set size 6
s2 benchmark 811: rank 18, in set 0, set size 2
s2 benchmark 812: rank 25, in set 0, set size 1
s2 benchmark 813: rank 15, in set 0, set size 1
s2 benchmark 814: rank 23, in set 0, set size 1
s2 benchmark 815: rank 23, in set 0, set size 2
s2 benchmark 816: rank 22, in set 0, set size 1
s2 benchmark 817: rank 25, in set 0, set size 2
s2 benchmark 818: rank 24, in set 0, set size 1
s2 benchmark 819: rank 17, in set 0, set size 1
s2 benchmark 820: rank 23, in set 0, set size 1
s2 benchmark 821: rank 16, in set 0, set size 1
s2 benchmark 822: rank 20, in set 0, set size 1
s2 benchmark 823: rank 13, in set 0, set size 1
s2 benchmark 824: rank 20, in set 0, set size 2
s2 benchmark 825: rank 13, in set 0, set size 1
s2 benchmark 826: rank 5, in set 1, set size 19
s2 benchmark 827: rank 18, in set 0, set size 1
s2 benchmark 828: rank 13, in set 0, set size 1
s2 benchmark 829: rank 10, in set 0, set size 3
s2 benchmark 830: rank 16, in set 0, set size 1
s2 benchmark 831: rank 17, in set 0, set size 5
s2 benchmark 832: rank 11, in set 0, set size 1
s2 benchmark 833: rank 20, in set 0, set size 1
s2 benchmark 834: rank 14, in set 0, set size 1
s2 benchmark 835: rank 21, in set 0, set size 1
s2 benchmark 836: rank 26, in set 0, set size 1
s2 benchmark 837: rank 22, in set 0, set size 1
s2 benchmark 838: rank 19, in set 0, set size 1
s2 benchmark 839: rank 19, in set 0, set size 2
s2 benchmark 840: rank 23, in set 0, set size 1
s2 benchmark 841: rank 23, in set 0, set size 1
s2 benchmark 842: rank 23, in set 0, set size 1
s2 benchmark 843: rank 12, in set 0, set size 1
s2 benchmark 844: rank 18, in set 0, set size 2
s2 benchmark 845: rank 11, in set 0, set size 1
s2 benchmark 846: rank 23, in set 0, set size 1
s2 benchmark 847: rank 17, in set 0, set size 2
s2 benchmark 848: rank 18, in set 0, set size 2
s2 benchmark 849: rank 19, in set 0, set size 2
s2 benchmark 850: rank 21, in set 0, set size 2
s2 benchmark 851: rank 9, in set 0, set size 1
s2 benchmark 852: rank 33, in set 0, set size 1
s2 benchmark 853: rank 12, in set 0, set size 4
s2 benchmark 854: rank 19, in set 0, set size 4
s2 benchmark 855: rank 17, in set 0, set size 2
s2 benchmark 856: rank 14, in set 0, set size 1
s2 benchmark 857: rank 12, in set 0, set size 1
s2 benchmark 858: rank 18, in set 0, set size 1
s2 benchmark 859: rank 23, in set 0, set size 1
s2 benchmark 860: rank 20, in set 0, set size 1
s2 benchmark 861: rank 19, in set 0, set size 1
s2 benchmark 862: rank 16, in set 0, set size 1
s2 benchmark 863: rank 23, in set 0, set size 1
s2 benchmark 864: rank 23, in set 0, set size 1
s2 benchmark 865: rank 16, in set 0, set size 1
s2 benchmark 866: rank 5, in set 1, set size 5
s2 benchmark 867: rank 23, in set 0, set size 1
s2 benchmark 868: rank 5, in set 1, set size 7
s2 benchmark 869: rank 17, in set 0, set size 1
s2 benchmark 870: rank 18, in set 0, set size 1
s2 benchmark 871: rank 13, in set 0, set size 1
s2 benchmark 872: rank 23, in set 0, set size 1
s2 benchmark 873: rank 18, in set 0, set size 1
s2 benchmark 874: rank 18, in set 0, set size 1
s2 benchmark 875: rank 12, in set 0, set size 1
s2 benchmark 876: rank 19, in set 0, set size 2
s2 benchmark 877: rank 21, in set 0, set size 1
s2 benchmark 878: rank 9, in set 0, set size 3
s2 benchmark 879: rank 14, in set 0, set size 1
s2 benchmark 880: rank 42, in set 0, set size 6
s2 benchmark 881: rank 20, in set 0, set size 1
s2 benchmark 882: rank 16, in set 0, set size 1
s2 benchmark 883: rank 15, in set 0, set size 1
s2 benchmark 884: rank 16, in set 1, set size 16
s2 benchmark 885: rank 16, in set 0, set size 1
s2 benchmark 886: rank 23, in set 0, set size 1
s2 benchmark 887: rank 23, in set 0, set size 1
s2 benchmark 888: rank 16, in set 0, set size 2
s2 benchmark 889: rank 16, in set 0, set size 1
s2 benchmark 890: rank 16, in set 0, set size 1
s2 benchmark 891: rank 23, in set 0, set size 1
s2 benchmark 892: rank 19, in set 0, set size 1
s2 benchmark 893: rank 23, in set 0, set size 1
s2 benchmark 894: rank 18, in set 0, set size 2
s2 benchmark 895: rank 23, in set 0, set size 1
s2 benchmark 896: rank 14, in set 0, set size 1
s2 benchmark 897: rank 23, in set 0, set size 1
s2 benchmark 898: rank 14, in set 0, set size 1
s2 benchmark 899: rank 9, in set 0, set size 1
s2 benchmark 900: rank 25, in set 0, set size 2
s2 benchmark 901: rank 16, in set 0, set size 4
s2 benchmark 902: rank 16, in set 0, set size 1
s2 benchmark 903: rank 4, in set 1, set size 6
s2 benchmark 904: rank 23, in set 0, set size 1
s2 benchmark 905: rank 21, in set 0, set size 1
s2 benchmark 906: rank 10, in set 0, set size 1
s2 benchmark 907: rank 14, in set 0, set size 1
s2 benchmark 908: rank 16, in set 0, set size 1
s2 benchmark 909: rank 15, in set 0, set size 5
s2 benchmark 910: rank 23, in set 0, set size 1
s2 benchmark 911: rank 19, in set 0, set size 1
s2 benchmark 912: rank 18, in set 0, set size 1
s2 benchmark 913: rank 18, in set 0, set size 1
s2 benchmark 914: rank 23, in set 0, set size 1
s2 benchmark 915: rank 16, in set 0, set size 1
s2 benchmark 916: rank 13, in set 0, set size 1
s2 benchmark 917: rank 17, in set 0, set size 5
s2 benchmark 918: rank 23, in set 0, set size 1
s2 benchmark 919: rank 10, in set 0, set size 2
s2 benchmark 920: rank 23, in set 0, set size 1
s2 benchmark 921: rank 16, in set 0, set size 1
s2 benchmark 922: rank 23, in set 0, set size 1
s2 benchmark 923: rank 17, in set 0, set size 6
s2 benchmark 924: rank 20, in set 0, set size 1
s2 benchmark 925: rank 23, in set 0, set size 1
s2 benchmark 926: rank 23, in set 0, set size 1
s2 benchmark 927: rank 9, in set 0, set size 1
s2 benchmark 928: rank 23, in set 0, set size 1
s2 benchmark 929: rank 24, in set 0, set size 2
s2 benchmark 930: rank 18, in set 0, set size 4
s2 benchmark 931: rank 23, in set 0, set size 1
s2 benchmark 932: rank 15, in set 0, set size 1
s2 benchmark 933: rank 37, in set 0, set size 6
s2 benchmark 934: rank 11, in set 0, set size 1
s2 benchmark 935: rank 20, in set 0, set size 1
s2 benchmark 936: rank 12, in set 0, set size 1
s2 benchmark 937: rank 10, in set 0, set size 8
s2 benchmark 938: rank 18, in set 0, set size 1
s2 benchmark 939: rank 16, in set 0, set size 1
s2 benchmark 940: rank 23, in set 0, set size 1
s2 benchmark 941: rank 12, in set 0, set size 1
s2 benchmark 942: rank 15, in set 0, set size 1
s2 benchmark 943: rank 8, in set 0, set size 4
s2 benchmark 944: rank 1, in set 1, set size 10
s2 benchmark 945: rank 18, in set 0, set size 1
s2 benchmark 946: rank 6, in set 1, set size 4
s2 benchmark 947: rank 23, in set 0, set size 1
s2 benchmark 948: rank 14, in set 0, set size 1
s2 benchmark 949: rank 23, in set 0, set size 1
s2 benchmark 950: rank 23, in set 0, set size 1
s2 benchmark 951: rank 12, in set 0, set size 1
s2 benchmark 952: rank 16, in set 0, set size 1
s2 benchmark 953: rank 23, in set 0, set size 1
s2 benchmark 954: rank 23, in set 0, set size 1
s2 benchmark 955: rank 17, in set 0, set size 1
s2 benchmark 956: rank 19, in set 0, set size 2
s2 benchmark 957: rank 18, in set 0, set size 1
s2 benchmark 958: rank 16, in set 0, set size 2
s2 benchmark 959: rank 25, in set 0, set size 2
s2 benchmark 960: rank 18, in set 0, set size 1
s2 benchmark 961: rank 10, in set 0, set size 4
s2 benchmark 962: rank 15, in set 0, set size 1
s2 benchmark 963: rank 24, in set 0, set size 1
s2 benchmark 964: rank 23, in set 0, set size 1
s2 benchmark 965: rank 23, in set 0, set size 1
s2 benchmark 966: rank 24, in set 0, set size 1
s2 benchmark 967: rank 15, in set 0, set size 2
s2 benchmark 968: rank 10, in set 0, set size 6
s2 benchmark 969: rank 16, in set 0, set size 1
s2 benchmark 970: rank 25, in set 0, set size 2
s2 benchmark 971: rank 14, in set 1, set size 19
s2 benchmark 972: rank 19, in set 0, set size 2
s2 benchmark 973: rank 23, in set 0, set size 1
s2 benchmark 974: rank 18, in set 0, set size 1
s2 benchmark 975: rank 13, in set 0, set size 1
s2 benchmark 976: rank 18, in set 0, set size 2
s2 benchmark 977: rank 20, in set 0, set size 2
s2 benchmark 978: rank 15, in set 0, set size 1
s2 benchmark 979: rank 23, in set 0, set size 1
s2 benchmark 980: rank 23, in set 0, set size 2
s2 benchmark 981: rank 23, in set 0, set size 1
s2 benchmark 982: rank 22, in set 0, set size 2
s2 benchmark 983: rank 16, in set 0, set size 1
s2 benchmark 984: rank 23, in set 0, set size 1
s2 benchmark 985: rank 17, in set 0, set size 1
s2 benchmark 986: rank 15, in set 0, set size 1
s2 benchmark 987: rank 14, in set 0, set size 1
s2 benchmark 988: rank 18, in set 0, set size 1
s2 benchmark 989: rank 18, in set 0, set size 1
s2 benchmark 990: rank 25, in set 0, set size 1
s2 benchmark 991: rank 10, in set 0, set size 8
s2 benchmark 992: rank 6, in set 1, set size 11
s2 benchmark 993: rank 11, in set 0, set size 1
s2 benchmark 994: rank 11, in set 0, set size 1
s2 benchmark 995: rank 18, in set 0, set size 1
s2 benchmark 996: rank 15, in set 0, set size 2
s2 benchmark 997: rank 16, in set 0, set size 1
s2 benchmark 998: rank 8, in set 0, set size 2
s2 benchmark 999: rank 13, in set 0, set size 1
exit 0 after 40367 s
