cop,run,in_set,rank,set_size,lowest_loss_cop,final_pvalue
1,0,-1,302,-1,139,nan
2,0,-1,315,-1,191,nan
3,0,-1,357,-1,556,nan
4,0,-1,87,-1,717,nan
5,0,-1,142,-1,191,nan
6,0,-1,237,-1,191,nan
7,0,-1,409,-1,31,nan
8,0,-1,328,-1,437,nan
9,0,-1,5,-1,388,nan
10,0,-1,485,-1,31,nan
11,0,-1,148,-1,437,nan
12,0,-1,850,-1,249,nan
13,0,-1,679,-1,603,nan
14,0,-1,579,-1,772,nan
15,0,-1,541,-1,165,nan
16,0,-1,158,-1,437,nan
17,0,-1,431,-1,437,nan
18,0,-1,431,-1,556,nan
19,0,-1,355,-1,191,nan
20,0,-1,822,-1,239,nan
21,0,-1,762,-1,443,nan
22,0,-1,344,-1,410,nan
23,0,-1,357,-1,410,nan
24,0,-1,149,-1,437,nan
25,0,-1,459,-1,235,nan
26,0,-1,671,-1,176,nan
27,0,-1,153,-1,615,nan
28,0,-1,354,-1,191,nan
29,0,-1,730,-1,410,nan
30,0,-1,98,-1,148,nan
31,0,-1,44,-1,717,nan
32,0,-1,12,-1,437,nan
33,0,-1,619,-1,148,nan
34,0,-1,743,-1,745,nan
35,0,-1,301,-1,720,nan
36,0,-1,8,-1,437,nan
37,0,-1,168,-1,437,nan
38,0,-1,863,-1,216,nan
39,0,-1,389,-1,148,nan
40,0,-1,240,-1,437,nan
41,0,-1,676,-1,935,nan
42,0,-1,290,-1,105,nan
43,0,-1,236,-1,754,nan
44,0,-1,16,-1,717,nan
45,0,-1,521,-1,702,nan
46,0,-1,911,-1,810,nan
47,0,-1,17,-1,148,nan
48,0,-1,11,-1,926,nan
49,0,-1,968,-1,572,nan
50,0,-1,139,-1,410,nan
51,0,-1,278,-1,754,nan
52,0,-1,919,-1,908,nan
53,0,-1,441,-1,410,nan
54,0,-1,34,-1,437,nan
55,0,-1,760,-1,191,nan
56,0,-1,162,-1,810,nan
57,0,-1,98,-1,717,nan
58,0,-1,977,-1,244,nan
59,0,-1,791,-1,935,nan
60,0,-1,490,-1,717,nan
61,0,-1,167,-1,437,nan
62,0,-1,365,-1,148,nan
63,0,-1,830,-1,418,nan
64,0,-1,770,-1,673,nan
65,0,-1,74,-1,603,nan
66,0,-1,133,-1,148,nan
67,0,-1,349,-1,510,nan
68,0,-1,142,-1,660,nan
69,0,-1,296,-1,437,nan
70,0,-1,82,-1,191,nan
71,0,-1,141,-1,692,nan
72,0,-1,196,-1,191,nan
73,0,-1,466,-1,717,nan
74,0,-1,634,-1,615,nan
75,0,-1,528,-1,615,nan
76,0,-1,23,-1,293,nan
77,0,-1,477,-1,211,nan
78,0,-1,18,-1,320,nan
79,0,-1,45,-1,717,nan
80,0,-1,931,-1,655,nan
81,0,-1,417,-1,510,nan
82,0,-1,254,-1,410,nan
83,0,-1,441,-1,443,nan
84,0,-1,771,-1,673,nan
85,0,-1,647,-1,603,nan
86,0,-1,993,-1,297,nan
87,0,-1,145,-1,191,nan
88,0,-1,539,-1,655,nan
89,0,-1,955,-1,908,nan
90,0,-1,571,-1,828,nan
91,0,-1,185,-1,437,nan
92,0,-1,663,-1,30,nan
93,0,-1,792,-1,199,nan
94,0,-1,163,-1,654,nan
95,0,-1,949,-1,51,nan
96,0,-1,949,-1,813,nan
97,0,-1,86,-1,772,nan
98,0,-1,555,-1,822,nan
99,0,-1,220,-1,191,nan
100,0,-1,50,-1,832,nan
101,0,-1,113,-1,692,nan
102,0,-1,33,-1,410,nan
103,0,-1,144,-1,717,nan
104,0,-1,21,-1,573,nan
105,0,-1,145,-1,437,nan
106,0,-1,14,-1,717,nan
107,0,-1,92,-1,191,nan
108,0,-1,430,-1,717,nan
109,0,-1,352,-1,832,nan
110,0,-1,468,-1,139,nan
111,0,-1,410,-1,139,nan
112,0,-1,141,-1,437,nan
113,0,-1,541,-1,443,nan
114,0,-1,970,-1,605,nan
115,0,-1,826,-1,940,nan
116,0,-1,411,-1,139,nan
117,0,-1,33,-1,717,nan
118,0,-1,135,-1,410,nan
119,0,-1,51,-1,48,nan
120,0,-1,166,-1,410,nan
121,0,-1,43,-1,437,nan
122,0,-1,671,-1,293,nan
123,0,-1,578,-1,576,nan
124,0,-1,381,-1,139,nan
125,0,-1,219,-1,692,nan
126,0,-1,249,-1,717,nan
127,0,-1,421,-1,720,nan
128,0,-1,427,-1,32,nan
129,0,-1,698,-1,798,nan
130,0,-1,948,-1,813,nan
131,0,-1,407,-1,615,nan
132,0,-1,765,-1,554,nan
133,0,-1,337,-1,717,nan
134,0,-1,68,-1,191,nan
135,0,-1,263,-1,437,nan
136,0,-1,34,-1,437,nan
137,0,-1,662,-1,437,nan
138,0,-1,123,-1,573,nan
139,0,-1,55,-1,717,nan
140,0,-1,129,-1,48,nan
141,0,-1,338,-1,139,nan
142,0,-1,9,-1,437,nan
143,0,-1,714,-1,519,nan
144,0,-1,452,-1,148,nan
145,0,-1,41,-1,410,nan
146,0,-1,572,-1,556,nan
147,0,-1,142,-1,437,nan
148,0,-1,3,-1,717,nan
149,0,-1,457,-1,348,nan
150,0,-1,220,-1,191,nan
151,0,-1,384,-1,183,nan
152,0,-1,185,-1,437,nan
153,0,-1,756,-1,293,nan
154,0,-1,948,-1,813,nan
155,0,-1,3,-1,576,nan
156,0,-1,105,-1,717,nan
157,0,-1,94,-1,717,nan
158,0,-1,936,-1,940,nan
159,0,-1,809,-1,712,nan
160,0,-1,795,-1,28,nan
161,0,-1,134,-1,692,nan
162,0,-1,216,-1,410,nan
163,0,-1,711,-1,32,nan
164,0,-1,794,-1,382,nan
165,0,-1,60,-1,191,nan
166,0,-1,20,-1,437,nan
167,0,-1,774,-1,244,nan
168,0,-1,911,-1,554,nan
169,0,-1,164,-1,410,nan
170,0,-1,515,-1,450,nan
171,0,-1,221,-1,717,nan
172,0,-1,111,-1,717,nan
173,0,-1,120,-1,832,nan
174,0,-1,519,-1,692,nan
175,0,-1,196,-1,522,nan
176,0,-1,223,-1,106,nan
177,0,-1,494,-1,772,nan
178,0,-1,804,-1,443,nan
179,0,-1,325,-1,717,nan
180,0,-1,381,-1,717,nan
181,0,-1,479,-1,191,nan
182,0,-1,257,-1,410,nan
183,0,-1,63,-1,717,nan
184,0,-1,941,-1,907,nan
185,0,-1,178,-1,510,nan
186,0,-1,175,-1,437,nan
187,0,-1,237,-1,717,nan
188,0,-1,724,-1,828,nan
189,0,-1,375,-1,348,nan
190,0,-1,691,-1,935,nan
191,0,-1,4,-1,717,nan
192,0,-1,6,-1,745,nan
193,0,-1,32,-1,556,nan
194,0,-1,249,-1,191,nan
195,0,-1,499,-1,717,nan
196,0,-1,386,-1,31,nan
197,0,-1,263,-1,556,nan
198,0,-1,665,-1,437,nan
199,0,-1,364,-1,191,nan
200,0,-1,133,-1,692,nan
201,0,-1,75,-1,717,nan
202,0,-1,948,-1,192,nan
203,0,-1,450,-1,191,nan
204,0,-1,402,-1,102,nan
205,0,-1,17,-1,717,nan
206,0,-1,914,-1,249,nan
207,0,-1,279,-1,410,nan
208,0,-1,649,-1,717,nan
209,0,-1,584,-1,239,nan
210,0,-1,582,-1,642,nan
211,0,-1,47,-1,191,nan
212,0,-1,888,-1,454,nan
213,0,-1,127,-1,717,nan
214,0,-1,105,-1,389,nan
215,0,-1,530,-1,239,nan
216,0,-1,28,-1,633,nan
217,0,-1,768,-1,191,nan
218,0,-1,550,-1,615,nan
219,0,-1,23,-1,924,nan
220,0,-1,231,-1,191,nan
221,0,-1,460,-1,692,nan
222,0,-1,585,-1,720,nan
223,0,-1,736,-1,554,nan
224,0,-1,568,-1,191,nan
225,0,-1,246,-1,191,nan
226,0,-1,72,-1,717,nan
227,0,-1,159,-1,615,nan
228,0,-1,186,-1,148,nan
229,0,-1,928,-1,718,nan
230,0,-1,23,-1,549,nan
231,0,-1,36,-1,437,nan
232,0,-1,285,-1,717,nan
233,0,-1,576,-1,642,nan
234,0,-1,454,-1,410,nan
235,0,-1,615,-1,814,nan
236,0,-1,158,-1,191,nan
237,0,-1,414,-1,717,nan
238,0,-1,636,-1,133,nan
239,0,-1,87,-1,106,nan
240,0,-1,71,-1,832,nan
241,0,-1,9,-1,148,nan
242,0,-1,583,-1,708,nan
243,0,-1,213,-1,410,nan
244,0,-1,232,-1,454,nan
245,0,-1,255,-1,573,nan
246,0,-1,532,-1,191,nan
247,0,-1,533,-1,832,nan
248,0,-1,250,-1,652,nan
249,0,-1,83,-1,320,nan
250,0,-1,232,-1,615,nan
251,0,-1,718,-1,795,nan
252,0,-1,341,-1,717,nan
253,0,-1,965,-1,393,nan
254,0,-1,157,-1,191,nan
255,0,-1,59,-1,832,nan
256,0,-1,159,-1,717,nan
257,0,-1,983,-1,388,nan
258,0,-1,449,-1,281,nan
259,0,-1,620,-1,87,nan
260,0,-1,206,-1,133,nan
261,0,-1,585,-1,31,nan
262,0,-1,46,-1,810,nan
263,0,-1,50,-1,379,nan
264,0,-1,429,-1,139,nan
265,0,-1,264,-1,191,nan
266,0,-1,766,-1,454,nan
267,0,-1,284,-1,717,nan
268,0,-1,291,-1,692,nan
269,0,-1,55,-1,931,nan
270,0,-1,639,-1,920,nan
271,0,-1,619,-1,908,nan
272,0,-1,504,-1,510,nan
273,0,-1,650,-1,443,nan
274,0,-1,230,-1,437,nan
275,0,-1,759,-1,191,nan
276,0,-1,823,-1,211,nan
277,0,-1,238,-1,255,nan
278,0,-1,776,-1,672,nan
279,0,-1,755,-1,673,nan
280,0,-1,381,-1,717,nan
281,0,-1,29,-1,437,nan
282,0,-1,394,-1,832,nan
283,0,-1,648,-1,672,nan
284,0,-1,477,-1,642,nan
285,0,-1,10,-1,437,nan
286,0,-1,775,-1,457,nan
287,0,-1,834,-1,599,nan
288,0,-1,283,-1,410,nan
289,0,-1,331,-1,148,nan
290,0,-1,819,-1,81,nan
291,0,-1,702,-1,139,nan
292,0,-1,398,-1,66,nan
293,0,-1,214,-1,554,nan
294,0,-1,217,-1,450,nan
295,0,-1,706,-1,191,nan
296,0,-1,608,-1,437,nan
297,0,-1,94,-1,9,nan
298,0,-1,51,-1,931,nan
299,0,-1,96,-1,717,nan
300,0,-1,911,-1,908,nan
301,0,-1,599,-1,258,nan
302,0,-1,197,-1,832,nan
303,0,-1,595,-1,554,nan
304,0,-1,795,-1,191,nan
305,0,-1,696,-1,191,nan
306,0,-1,254,-1,191,nan
307,0,-1,215,-1,554,nan
308,0,-1,980,-1,687,nan
309,0,-1,609,-1,285,nan
310,0,-1,417,-1,183,nan
311,0,-1,1,-1,311,nan
312,0,-1,230,-1,191,nan
313,0,-1,495,-1,717,nan
314,0,-1,415,-1,510,nan
315,0,-1,692,-1,554,nan
316,0,-1,361,-1,106,nan
317,0,-1,86,-1,717,nan
318,0,-1,415,-1,422,nan
319,0,-1,380,-1,692,nan
320,0,-1,42,-1,437,nan
321,0,-1,137,-1,191,nan
322,0,-1,707,-1,249,nan
323,0,-1,994,-1,562,nan
324,0,-1,655,-1,717,nan
325,0,-1,939,-1,307,nan
326,0,-1,826,-1,293,nan
327,0,-1,944,-1,754,nan
328,0,-1,682,-1,935,nan
329,0,-1,9,-1,389,nan
330,0,-1,665,-1,935,nan
331,0,-1,520,-1,348,nan
332,0,-1,888,-1,421,nan
333,0,-1,922,-1,761,nan
334,0,-1,204,-1,654,nan
335,0,-1,100,-1,191,nan
336,0,-1,466,-1,712,nan
337,0,-1,154,-1,717,nan
338,0,-1,98,-1,717,nan
339,0,-1,352,-1,720,nan
340,0,-1,269,-1,556,nan
341,0,-1,619,-1,642,nan
342,0,-1,554,-1,416,nan
343,0,-1,66,-1,191,nan
344,0,-1,699,-1,828,nan
345,0,-1,521,-1,443,nan
346,0,-1,100,-1,510,nan
347,0,-1,12,-1,717,nan
348,0,-1,20,-1,717,nan
349,0,-1,66,-1,191,nan
350,0,-1,172,-1,410,nan
351,0,-1,127,-1,437,nan
352,0,-1,519,-1,437,nan
353,0,-1,122,-1,437,nan
354,0,-1,788,-1,28,nan
355,0,-1,284,-1,772,nan
356,0,-1,8,-1,717,nan
357,0,-1,493,-1,443,nan
358,0,-1,402,-1,556,nan
359,0,-1,25,-1,216,nan
360,0,-1,680,-1,443,nan
361,0,-1,113,-1,717,nan
362,0,-1,948,-1,245,nan
363,0,-1,158,-1,443,nan
364,0,-1,146,-1,832,nan
365,0,-1,831,-1,718,nan
366,0,-1,926,-1,68,nan
367,0,-1,84,-1,437,nan
368,0,-1,203,-1,191,nan
369,0,-1,86,-1,832,nan
370,0,-1,22,-1,155,nan
371,0,-1,471,-1,720,nan
372,0,-1,674,-1,191,nan
373,0,-1,415,-1,692,nan
374,0,-1,113,-1,832,nan
375,0,-1,961,-1,327,nan
376,0,-1,633,-1,633,nan
377,0,-1,186,-1,654,nan
378,0,-1,303,-1,931,nan
379,0,-1,656,-1,822,nan
380,0,-1,843,-1,828,nan
381,0,-1,820,-1,393,nan
382,0,-1,227,-1,191,nan
383,0,-1,628,-1,348,nan
384,0,-1,634,-1,437,nan
385,0,-1,628,-1,134,nan
386,0,-1,424,-1,183,nan
387,0,-1,190,-1,402,nan
388,0,-1,25,-1,810,nan
389,0,-1,2,-1,942,nan
390,0,-1,96,-1,410,nan
391,0,-1,934,-1,754,nan
392,0,-1,451,-1,443,nan
393,0,-1,23,-1,754,nan
394,0,-1,670,-1,673,nan
395,0,-1,370,-1,320,nan
396,0,-1,64,-1,437,nan
397,0,-1,32,-1,437,nan
398,0,-1,24,-1,636,nan
399,0,-1,50,-1,410,nan
400,0,-1,212,-1,36,nan
401,0,-1,447,-1,692,nan
402,0,-1,198,-1,822,nan
403,0,-1,342,-1,191,nan
404,0,-1,456,-1,672,nan
405,0,-1,786,-1,176,nan
406,0,-1,574,-1,87,nan
407,0,-1,425,-1,139,nan
408,0,-1,332,-1,437,nan
409,0,-1,684,-1,443,nan
410,0,-1,2,-1,717,nan
411,0,-1,5,-1,648,nan
412,0,-1,70,-1,655,nan
413,0,-1,48,-1,654,nan
414,0,-1,874,-1,799,nan
415,0,-1,553,-1,416,nan
416,0,-1,246,-1,139,nan
417,0,-1,68,-1,293,nan
418,0,-1,25,-1,416,nan
419,0,-1,808,-1,761,nan
420,0,-1,682,-1,510,nan
421,0,-1,488,-1,430,nan
422,0,-1,93,-1,717,nan
423,0,-1,116,-1,832,nan
424,0,-1,77,-1,717,nan
425,0,-1,107,-1,754,nan
426,0,-1,55,-1,717,nan
427,0,-1,793,-1,87,nan
428,0,-1,93,-1,832,nan
429,0,-1,10,-1,717,nan
430,0,-1,9,-1,828,nan
431,0,-1,287,-1,510,nan
432,0,-1,281,-1,320,nan
433,0,-1,307,-1,139,nan
434,0,-1,691,-1,920,nan
435,0,-1,36,-1,437,nan
436,0,-1,259,-1,410,nan
437,0,-1,3,-1,717,nan
438,0,-1,107,-1,615,nan
439,0,-1,127,-1,914,nan
440,0,-1,86,-1,410,nan
441,0,-1,20,-1,556,nan
442,0,-1,205,-1,437,nan
443,0,-1,52,-1,121,nan
444,0,-1,121,-1,437,nan
445,0,-1,368,-1,281,nan
446,0,-1,8,-1,942,nan
447,0,-1,516,-1,281,nan
448,0,-1,392,-1,450,nan
449,0,-1,770,-1,777,nan
450,0,-1,87,-1,142,nan
451,0,-1,416,-1,615,nan
452,0,-1,536,-1,443,nan
453,0,-1,321,-1,717,nan
454,0,-1,11,-1,155,nan
455,0,-1,835,-1,121,nan
456,0,-1,716,-1,133,nan
457,0,-1,28,-1,437,nan
458,0,-1,226,-1,148,nan
459,0,-1,169,-1,191,nan
460,0,-1,134,-1,717,nan
461,0,-1,592,-1,940,nan
462,0,-1,528,-1,931,nan
463,0,-1,579,-1,302,nan
464,0,-1,250,-1,437,nan
465,0,-1,202,-1,717,nan
466,0,-1,65,-1,717,nan
467,0,-1,288,-1,410,nan
468,0,-1,610,-1,431,nan
469,0,-1,168,-1,717,nan
470,0,-1,465,-1,183,nan
471,0,-1,563,-1,642,nan
472,0,-1,632,-1,87,nan
473,0,-1,445,-1,450,nan
474,0,-1,378,-1,437,nan
475,0,-1,635,-1,556,nan
476,0,-1,379,-1,832,nan
477,0,-1,79,-1,437,nan
478,0,-1,83,-1,148,nan
479,0,-1,202,-1,191,nan
480,0,-1,189,-1,437,nan
481,0,-1,242,-1,31,nan
482,0,-1,112,-1,692,nan
483,0,-1,412,-1,772,nan
484,0,-1,732,-1,71,nan
485,0,-1,669,-1,712,nan
486,0,-1,931,-1,869,nan
487,0,-1,789,-1,908,nan
488,0,-1,3,-1,311,nan
489,0,-1,303,-1,191,nan
490,0,-1,242,-1,921,nan
491,0,-1,37,-1,754,nan
492,0,-1,634,-1,183,nan
493,0,-1,555,-1,717,nan
494,0,-1,70,-1,832,nan
495,0,-1,468,-1,87,nan
496,0,-1,206,-1,636,nan
497,0,-1,383,-1,717,nan
498,0,-1,57,-1,692,nan
499,0,-1,382,-1,633,nan
500,0,-1,186,-1,717,nan
501,0,-1,253,-1,191,nan
502,0,-1,265,-1,717,nan
503,0,-1,162,-1,437,nan
504,0,-1,426,-1,139,nan
505,0,-1,23,-1,443,nan
506,0,-1,552,-1,654,nan
507,0,-1,163,-1,615,nan
508,0,-1,730,-1,430,nan
509,0,-1,206,-1,148,nan
510,0,-1,12,-1,717,nan
511,0,-1,968,-1,859,nan
512,0,-1,335,-1,642,nan
513,0,-1,218,-1,832,nan
514,0,-1,198,-1,717,nan
515,0,-1,343,-1,249,nan
516,0,-1,133,-1,717,nan
517,0,-1,590,-1,761,nan
518,0,-1,236,-1,526,nan
519,0,-1,14,-1,717,nan
520,0,-1,282,-1,437,nan
521,0,-1,659,-1,692,nan
522,0,-1,254,-1,320,nan
523,0,-1,37,-1,410,nan
524,0,-1,369,-1,183,nan
525,0,-1,182,-1,931,nan
526,0,-1,14,-1,832,nan
527,0,-1,26,-1,437,nan
528,0,-1,795,-1,133,nan
529,0,-1,185,-1,773,nan
530,0,-1,500,-1,466,nan
531,0,-1,136,-1,32,nan
532,0,-1,884,-1,718,nan
533,0,-1,43,-1,717,nan
534,0,-1,23,-1,191,nan
535,0,-1,915,-1,822,nan
536,0,-1,222,-1,410,nan
537,0,-1,570,-1,556,nan
538,0,-1,20,-1,717,nan
539,0,-1,699,-1,281,nan
540,0,-1,253,-1,931,nan
541,0,-1,449,-1,948,nan
542,0,-1,229,-1,717,nan
543,0,-1,519,-1,717,nan
544,0,-1,216,-1,437,nan
545,0,-1,364,-1,183,nan
546,0,-1,15,-1,672,nan
547,0,-1,480,-1,443,nan
548,0,-1,935,-1,554,nan
549,0,-1,983,-1,389,nan
550,0,-1,879,-1,32,nan
551,0,-1,244,-1,155,nan
552,0,-1,64,-1,437,nan
553,0,-1,121,-1,437,nan
554,0,-1,56,-1,717,nan
555,0,-1,220,-1,443,nan
556,0,-1,4,-1,692,nan
557,0,-1,660,-1,855,nan
558,0,-1,937,-1,614,nan
559,0,-1,620,-1,660,nan
560,0,-1,776,-1,186,nan
561,0,-1,306,-1,717,nan
562,0,-1,984,-1,9,nan
563,0,-1,692,-1,974,nan
564,0,-1,312,-1,692,nan
565,0,-1,499,-1,615,nan
566,0,-1,115,-1,450,nan
567,0,-1,853,-1,556,nan
568,0,-1,60,-1,633,nan
569,0,-1,564,-1,832,nan
570,0,-1,171,-1,410,nan
571,0,-1,241,-1,692,nan
572,0,-1,17,-1,579,nan
573,0,-1,795,-1,211,nan
574,0,-1,91,-1,410,nan
575,0,-1,152,-1,832,nan
576,0,-1,40,-1,633,nan
577,0,-1,72,-1,437,nan
578,0,-1,636,-1,642,nan
579,0,-1,20,-1,754,nan
580,0,-1,716,-1,191,nan
581,0,-1,532,-1,31,nan
582,0,-1,921,-1,402,nan
583,0,-1,602,-1,745,nan
584,0,-1,676,-1,216,nan
585,0,-1,643,-1,654,nan
586,0,-1,319,-1,832,nan
587,0,-1,561,-1,139,nan
588,0,-1,526,-1,249,nan
589,0,-1,690,-1,712,nan
590,0,-1,559,-1,633,nan
591,0,-1,972,-1,461,nan
592,0,-1,244,-1,78,nan
593,0,-1,63,-1,717,nan
594,0,-1,219,-1,832,nan
595,0,-1,518,-1,87,nan
596,0,-1,153,-1,191,nan
597,0,-1,124,-1,477,nan
598,0,-1,38,-1,191,nan
599,0,-1,3,-1,249,nan
600,0,-1,335,-1,410,nan
601,0,-1,491,-1,477,nan
602,0,-1,577,-1,908,nan
603,0,-1,600,-1,556,nan
604,0,-1,160,-1,717,nan
605,0,-1,241,-1,576,nan
606,0,-1,594,-1,183,nan
607,0,-1,155,-1,573,nan
608,0,-1,802,-1,746,nan
609,0,-1,796,-1,437,nan
610,0,-1,774,-1,920,nan
611,0,-1,435,-1,692,nan
612,0,-1,825,-1,717,nan
613,0,-1,551,-1,410,nan
614,0,-1,126,-1,556,nan
615,0,-1,10,-1,32,nan
616,0,-1,295,-1,87,nan
617,0,-1,334,-1,106,nan
618,0,-1,730,-1,717,nan
619,0,-1,305,-1,717,nan
620,0,-1,272,-1,191,nan
621,0,-1,773,-1,642,nan
622,0,-1,105,-1,437,nan
623,0,-1,438,-1,633,nan
624,0,-1,251,-1,410,nan
625,0,-1,115,-1,615,nan
626,0,-1,921,-1,430,nan
627,0,-1,14,-1,78,nan
628,0,-1,36,-1,437,nan
629,0,-1,296,-1,437,nan
630,0,-1,474,-1,615,nan
631,0,-1,279,-1,191,nan
632,0,-1,25,-1,754,nan
633,0,-1,24,-1,692,nan
634,0,-1,41,-1,191,nan
635,0,-1,235,-1,437,nan
636,0,-1,664,-1,717,nan
637,0,-1,986,-1,425,nan
638,0,-1,479,-1,32,nan
639,0,-1,172,-1,672,nan
640,0,-1,625,-1,556,nan
641,0,-1,345,-1,437,nan
642,0,-1,16,-1,437,nan
643,0,-1,168,-1,410,nan
644,0,-1,327,-1,720,nan
645,0,-1,407,-1,31,nan
646,0,-1,271,-1,148,nan
647,0,-1,254,-1,717,nan
648,0,-1,6,-1,549,nan
649,0,-1,469,-1,348,nan
650,0,-1,192,-1,191,nan
651,0,-1,617,-1,702,nan
652,0,-1,57,-1,717,nan
653,0,-1,318,-1,410,nan
654,0,-1,43,-1,717,nan
655,0,-1,14,-1,754,nan
656,0,-1,485,-1,828,nan
657,0,-1,831,-1,430,nan
658,0,-1,668,-1,249,nan
659,0,-1,425,-1,920,nan
660,0,-1,12,-1,717,nan
661,0,-1,42,-1,717,nan
662,0,-1,656,-1,672,nan
663,0,-1,43,-1,822,nan
664,0,-1,85,-1,148,nan
665,0,-1,29,-1,437,nan
666,0,-1,246,-1,139,nan
667,0,-1,373,-1,832,nan
668,0,-1,91,-1,556,nan
669,0,-1,623,-1,78,nan
670,0,-1,984,-1,425,nan
671,0,-1,396,-1,832,nan
672,0,-1,277,-1,191,nan
673,0,-1,6,-1,510,nan
674,0,-1,704,-1,822,nan
675,0,-1,830,-1,192,nan
676,0,-1,264,-1,556,nan
677,0,-1,828,-1,418,nan
678,0,-1,348,-1,249,nan
679,0,-1,990,-1,695,nan
680,0,-1,618,-1,702,nan
681,0,-1,678,-1,554,nan
682,0,-1,589,-1,642,nan
683,0,-1,81,-1,717,nan
684,0,-1,98,-1,191,nan
685,0,-1,131,-1,437,nan
686,0,-1,53,-1,410,nan
687,0,-1,36,-1,416,nan
688,0,-1,401,-1,437,nan
689,0,-1,164,-1,191,nan
690,0,-1,964,-1,244,nan
691,0,-1,49,-1,437,nan
692,0,-1,1,-1,692,nan
693,0,-1,491,-1,554,nan
694,0,-1,56,-1,410,nan
695,0,-1,348,-1,454,nan
696,0,-1,52,-1,717,nan
697,0,-1,177,-1,148,nan
698,0,-1,640,-1,102,nan
699,0,-1,837,-1,216,nan
700,0,-1,907,-1,745,nan
701,0,-1,841,-1,717,nan
702,0,-1,10,-1,717,nan
703,0,-1,461,-1,191,nan
704,0,-1,980,-1,271,nan
705,0,-1,275,-1,750,nan
706,0,-1,466,-1,191,nan
707,0,-1,161,-1,654,nan
708,0,-1,45,-1,437,nan
709,0,-1,809,-1,28,nan
710,0,-1,701,-1,211,nan
711,0,-1,196,-1,717,nan
712,0,-1,34,-1,320,nan
713,0,-1,248,-1,717,nan
714,0,-1,735,-1,430,nan
715,0,-1,105,-1,191,nan
716,0,-1,753,-1,707,nan
717,0,-1,1,-1,717,nan
718,0,-1,541,-1,216,nan
719,0,-1,495,-1,931,nan
720,0,-1,21,-1,437,nan
721,0,-1,774,-1,553,nan
722,0,-1,625,-1,822,nan
723,0,-1,451,-1,457,nan
724,0,-1,397,-1,249,nan
725,0,-1,135,-1,717,nan
726,0,-1,485,-1,106,nan
727,0,-1,54,-1,720,nan
728,0,-1,377,-1,660,nan
729,0,-1,258,-1,410,nan
730,0,-1,532,-1,134,nan
731,0,-1,78,-1,437,nan
732,0,-1,196,-1,633,nan
733,0,-1,590,-1,437,nan
734,0,-1,85,-1,488,nan
735,0,-1,249,-1,832,nan
736,0,-1,53,-1,615,nan
737,0,-1,906,-1,307,nan
738,0,-1,202,-1,191,nan
739,0,-1,403,-1,488,nan
740,0,-1,19,-1,437,nan
741,0,-1,125,-1,191,nan
742,0,-1,192,-1,437,nan
743,0,-1,562,-1,148,nan
744,0,-1,630,-1,87,nan
745,0,-1,484,-1,712,nan
746,0,-1,256,-1,920,nan
747,0,-1,859,-1,745,nan
748,0,-1,258,-1,720,nan
749,0,-1,108,-1,920,nan
750,0,-1,50,-1,437,nan
751,0,-1,6,-1,410,nan
752,0,-1,722,-1,745,nan
753,0,-1,333,-1,745,nan
754,0,-1,46,-1,522,nan
755,0,-1,676,-1,191,nan
756,0,-1,135,-1,832,nan
757,0,-1,326,-1,191,nan
758,0,-1,356,-1,191,nan
759,0,-1,390,-1,191,nan
760,0,-1,736,-1,192,nan
761,0,-1,537,-1,191,nan
762,0,-1,447,-1,437,nan
763,0,-1,203,-1,191,nan
764,0,-1,245,-1,410,nan
765,0,-1,358,-1,410,nan
766,0,-1,401,-1,183,nan
767,0,-1,809,-1,672,nan
768,0,-1,24,-1,562,nan
769,0,-1,252,-1,437,nan
770,0,-1,282,-1,717,nan
771,0,-1,632,-1,191,nan
772,0,-1,7,-1,717,nan
773,0,-1,8,-1,437,nan
774,0,-1,129,-1,717,nan
775,0,-1,545,-1,320,nan
776,0,-1,471,-1,443,nan
777,0,-1,47,-1,148,nan
778,0,-1,312,-1,832,nan
779,0,-1,148,-1,717,nan
780,0,-1,209,-1,437,nan
781,0,-1,98,-1,745,nan
782,0,-1,102,-1,717,nan
783,0,-1,813,-1,921,nan
784,0,-1,173,-1,832,nan
785,0,-1,848,-1,844,nan
786,0,-1,795,-1,443,nan
787,0,-1,974,-1,678,nan
788,0,-1,754,-1,672,nan
789,0,-1,461,-1,443,nan
790,0,-1,681,-1,450,nan
791,0,-1,74,-1,556,nan
792,0,-1,728,-1,745,nan
793,0,-1,180,-1,437,nan
794,0,-1,85,-1,660,nan
795,0,-1,323,-1,139,nan
796,0,-1,86,-1,437,nan
797,0,-1,571,-1,106,nan
798,0,-1,10,-1,556,nan
799,0,-1,27,-1,443,nan
800,0,-1,120,-1,615,nan
801,0,-1,45,-1,717,nan
802,0,-1,215,-1,437,nan
803,0,-1,80,-1,191,nan
804,0,-1,68,-1,615,nan
805,0,-1,400,-1,437,nan
806,0,-1,374,-1,191,nan
807,0,-1,396,-1,772,nan
808,0,-1,811,-1,576,nan
809,0,-1,887,-1,908,nan
810,0,-1,805,-1,745,nan
811,0,-1,59,-1,813,nan
812,0,-1,800,-1,28,nan
813,0,-1,757,-1,745,nan
814,0,-1,83,-1,772,nan
815,0,-1,590,-1,191,nan
816,0,-1,335,-1,695,nan
817,0,-1,261,-1,191,nan
818,0,-1,537,-1,410,nan
819,0,-1,663,-1,795,nan
820,0,-1,83,-1,832,nan
821,0,-1,285,-1,191,nan
822,0,-1,3,-1,155,nan
823,0,-1,693,-1,822,nan
824,0,-1,19,-1,717,nan
825,0,-1,298,-1,832,nan
826,0,-1,159,-1,717,nan
827,0,-1,198,-1,437,nan
828,0,-1,83,-1,556,nan
829,0,-1,597,-1,410,nan
830,0,-1,763,-1,293,nan
831,0,-1,621,-1,183,nan
832,0,-1,2,-1,437,nan
833,0,-1,449,-1,614,nan
834,0,-1,335,-1,285,nan
835,0,-1,2,-1,517,nan
836,0,-1,561,-1,293,nan
837,0,-1,746,-1,146,nan
838,0,-1,367,-1,720,nan
839,0,-1,717,-1,935,nan
840,0,-1,352,-1,832,nan
841,0,-1,199,-1,717,nan
842,0,-1,40,-1,659,nan
843,0,-1,229,-1,717,nan
844,0,-1,342,-1,191,nan
845,0,-1,215,-1,576,nan
846,0,-1,763,-1,908,nan
847,0,-1,810,-1,554,nan
848,0,-1,351,-1,615,nan
849,0,-1,156,-1,717,nan
850,0,-1,102,-1,717,nan
851,0,-1,616,-1,78,nan
852,0,-1,151,-1,832,nan
853,0,-1,98,-1,692,nan
854,0,-1,417,-1,654,nan
855,0,-1,8,-1,615,nan
856,0,-1,578,-1,717,nan
857,0,-1,576,-1,139,nan
858,0,-1,538,-1,450,nan
859,0,-1,61,-1,191,nan
860,0,-1,771,-1,745,nan
861,0,-1,287,-1,437,nan
862,0,-1,53,-1,717,nan
863,0,-1,241,-1,410,nan
864,0,-1,695,-1,642,nan
865,0,-1,776,-1,418,nan
866,0,-1,328,-1,437,nan
867,0,-1,212,-1,410,nan
868,0,-1,91,-1,718,nan
869,0,-1,631,-1,522,nan
870,0,-1,199,-1,655,nan
871,0,-1,93,-1,717,nan
872,0,-1,517,-1,443,nan
873,0,-1,838,-1,745,nan
874,0,-1,82,-1,717,nan
875,0,-1,107,-1,717,nan
876,0,-1,208,-1,717,nan
877,0,-1,477,-1,702,nan
878,0,-1,39,-1,32,nan
879,0,-1,201,-1,437,nan
880,0,-1,288,-1,832,nan
881,0,-1,582,-1,437,nan
882,0,-1,380,-1,692,nan
883,0,-1,872,-1,935,nan
884,0,-1,71,-1,717,nan
885,0,-1,4,-1,9,nan
886,0,-1,341,-1,931,nan
887,0,-1,788,-1,813,nan
888,0,-1,766,-1,921,nan
889,0,-1,104,-1,477,nan
890,0,-1,935,-1,454,nan
891,0,-1,416,-1,31,nan
892,0,-1,658,-1,438,nan
893,0,-1,508,-1,106,nan
894,0,-1,368,-1,573,nan
895,0,-1,172,-1,692,nan
896,0,-1,393,-1,510,nan
897,0,-1,42,-1,717,nan
898,0,-1,346,-1,191,nan
899,0,-1,145,-1,437,nan
900,0,-1,915,-1,442,nan
901,0,-1,187,-1,712,nan
902,0,-1,40,-1,654,nan
903,0,-1,683,-1,191,nan
904,0,-1,195,-1,285,nan
905,0,-1,41,-1,717,nan
906,0,-1,34,-1,717,nan
907,0,-1,5,-1,454,nan
908,0,-1,2,-1,522,nan
909,0,-1,626,-1,921,nan
910,0,-1,525,-1,437,nan
911,0,-1,122,-1,717,nan
912,0,-1,462,-1,302,nan
913,0,-1,102,-1,717,nan
914,0,-1,29,-1,717,nan
915,0,-1,395,-1,437,nan
916,0,-1,359,-1,437,nan
917,0,-1,7,-1,437,nan
918,0,-1,947,-1,754,nan
919,0,-1,809,-1,554,nan
920,0,-1,9,-1,712,nan
921,0,-1,591,-1,717,nan
922,0,-1,729,-1,31,nan
923,0,-1,381,-1,832,nan
924,0,-1,1,-1,924,nan
925,0,-1,223,-1,948,nan
926,0,-1,31,-1,816,nan
927,0,-1,817,-1,382,nan
928,0,-1,934,-1,235,nan
929,0,-1,735,-1,430,nan
930,0,-1,334,-1,772,nan
931,0,-1,5,-1,717,nan
932,0,-1,619,-1,745,nan
933,0,-1,398,-1,931,nan
934,0,-1,256,-1,320,nan
935,0,-1,73,-1,717,nan
936,0,-1,597,-1,712,nan
937,0,-1,229,-1,717,nan
938,0,-1,795,-1,249,nan
939,0,-1,548,-1,672,nan
940,0,-1,587,-1,249,nan
941,0,-1,486,-1,717,nan
942,0,-1,908,-1,216,nan
943,0,-1,339,-1,183,nan
944,0,-1,447,-1,191,nan
945,0,-1,810,-1,850,nan
946,0,-1,543,-1,935,nan
947,0,-1,286,-1,249,nan
948,0,-1,35,-1,191,nan
949,0,-1,905,-1,935,nan
950,0,-1,297,-1,148,nan
951,0,-1,317,-1,191,nan
952,0,-1,495,-1,139,nan
953,0,-1,774,-1,191,nan
954,0,-1,575,-1,556,nan
955,0,-1,334,-1,554,nan
956,0,-1,398,-1,410,nan
957,0,-1,421,-1,106,nan
958,0,-1,902,-1,761,nan
959,0,-1,422,-1,31,nan
960,0,-1,816,-1,614,nan
961,0,-1,724,-1,410,nan
962,0,-1,589,-1,410,nan
963,0,-1,225,-1,437,nan
964,0,-1,240,-1,410,nan
965,0,-1,840,-1,431,nan
966,0,-1,596,-1,556,nan
967,0,-1,954,-1,630,nan
968,0,-1,481,-1,615,nan
969,0,-1,76,-1,410,nan
970,0,-1,44,-1,717,nan
971,0,-1,155,-1,191,nan
972,0,-1,315,-1,31,nan
973,0,-1,262,-1,554,nan
974,0,-1,42,-1,717,nan
975,0,-1,566,-1,556,nan
976,0,-1,701,-1,148,nan
977,0,-1,952,-1,614,nan
978,0,-1,587,-1,554,nan
979,0,-1,491,-1,717,nan
980,0,-1,914,-1,599,nan
981,0,-1,815,-1,578,nan
982,0,-1,278,-1,510,nan
983,0,-1,531,-1,441,nan
984,0,-1,870,-1,556,nan
985,0,-1,691,-1,921,nan
986,0,-1,497,-1,443,nan
987,0,-1,640,-1,191,nan
988,0,-1,596,-1,57,nan
989,0,-1,810,-1,249,nan
990,0,-1,719,-1,828,nan
991,0,-1,438,-1,437,nan
992,0,-1,122,-1,576,nan
993,0,-1,383,-1,437,nan
994,0,-1,37,-1,717,nan
995,0,-1,298,-1,31,nan
996,0,-1,543,-1,832,nan
997,0,-1,812,-1,633,nan
998,0,-1,213,-1,281,nan
999,0,-1,510,-1,717,nan
1000,0,-1,625,-1,642,nan
1,1,-1,394,-1,717,nan
2,1,-1,301,-1,191,nan
3,1,-1,404,-1,692,nan
4,1,-1,34,-1,241,nan
5,1,-1,84,-1,191,nan
6,1,-1,219,-1,410,nan
7,1,-1,415,-1,443,nan
8,1,-1,343,-1,615,nan
9,1,-1,4,-1,412,nan
10,1,-1,435,-1,642,nan
11,1,-1,75,-1,717,nan
12,1,-1,831,-1,627,nan
13,1,-1,825,-1,576,nan
14,1,-1,491,-1,772,nan
15,1,-1,597,-1,139,nan
16,1,-1,169,-1,717,nan
17,1,-1,422,-1,410,nan
18,1,-1,432,-1,615,nan
19,1,-1,427,-1,410,nan
20,1,-1,801,-1,191,nan
21,1,-1,728,-1,614,nan
22,1,-1,309,-1,717,nan
23,1,-1,409,-1,717,nan
24,1,-1,182,-1,717,nan
25,1,-1,822,-1,509,nan
26,1,-1,709,-1,935,nan
27,1,-1,304,-1,832,nan
28,1,-1,414,-1,191,nan
29,1,-1,451,-1,672,nan
30,1,-1,12,-1,410,nan
31,1,-1,26,-1,410,nan
32,1,-1,92,-1,437,nan
33,1,-1,577,-1,708,nan
34,1,-1,772,-1,642,nan
35,1,-1,268,-1,437,nan
36,1,-1,6,-1,720,nan
37,1,-1,131,-1,931,nan
38,1,-1,889,-1,437,nan
39,1,-1,292,-1,526,nan
40,1,-1,176,-1,615,nan
41,1,-1,618,-1,615,nan
42,1,-1,133,-1,556,nan
43,1,-1,591,-1,522,nan
44,1,-1,14,-1,717,nan
45,1,-1,451,-1,183,nan
46,1,-1,927,-1,216,nan
47,1,-1,23,-1,437,nan
48,1,-1,30,-1,393,nan
49,1,-1,45,-1,816,nan
50,1,-1,138,-1,410,nan
51,1,-1,18,-1,754,nan
52,1,-1,930,-1,581,nan
53,1,-1,343,-1,30,nan
54,1,-1,24,-1,832,nan
55,1,-1,825,-1,191,nan
56,1,-1,842,-1,754,nan
57,1,-1,42,-1,437,nan
58,1,-1,958,-1,810,nan
59,1,-1,691,-1,293,nan
60,1,-1,496,-1,211,nan
61,1,-1,214,-1,191,nan
62,1,-1,308,-1,320,nan
63,1,-1,866,-1,466,nan
64,1,-1,679,-1,293,nan
65,1,-1,66,-1,908,nan
66,1,-1,57,-1,437,nan
67,1,-1,354,-1,410,nan
68,1,-1,186,-1,457,nan
69,1,-1,280,-1,106,nan
70,1,-1,72,-1,717,nan
71,1,-1,13,-1,920,nan
72,1,-1,178,-1,191,nan
73,1,-1,441,-1,148,nan
74,1,-1,679,-1,822,nan
75,1,-1,526,-1,720,nan
76,1,-1,355,-1,191,nan
77,1,-1,602,-1,139,nan
78,1,-1,104,-1,437,nan
79,1,-1,97,-1,410,nan
80,1,-1,956,-1,813,nan
81,1,-1,252,-1,615,nan
82,1,-1,293,-1,148,nan
83,1,-1,505,-1,717,nan
84,1,-1,787,-1,814,nan
85,1,-1,605,-1,908,nan
86,1,-1,988,-1,446,nan
87,1,-1,94,-1,410,nan
88,1,-1,83,-1,632,nan
89,1,-1,958,-1,642,nan
90,1,-1,592,-1,510,nan
91,1,-1,183,-1,437,nan
92,1,-1,670,-1,672,nan
93,1,-1,768,-1,921,nan
94,1,-1,139,-1,717,nan
95,1,-1,967,-1,754,nan
96,1,-1,946,-1,908,nan
97,1,-1,132,-1,717,nan
98,1,-1,570,-1,430,nan
99,1,-1,165,-1,191,nan
100,1,-1,68,-1,437,nan
101,1,-1,67,-1,615,nan
102,1,-1,27,-1,437,nan
103,1,-1,170,-1,717,nan
104,1,-1,791,-1,382,nan
105,1,-1,4,-1,615,nan
106,1,-1,31,-1,437,nan
107,1,-1,98,-1,437,nan
108,1,-1,429,-1,410,nan
109,1,-1,326,-1,437,nan
110,1,-1,573,-1,148,nan
111,1,-1,644,-1,191,nan
112,1,-1,166,-1,437,nan
113,1,-1,487,-1,692,nan
114,1,-1,941,-1,517,nan
115,1,-1,609,-1,823,nan
116,1,-1,503,-1,211,nan
117,1,-1,50,-1,717,nan
118,1,-1,134,-1,410,nan
119,1,-1,964,-1,926,nan
120,1,-1,181,-1,717,nan
121,1,-1,69,-1,410,nan
122,1,-1,584,-1,293,nan
123,1,-1,834,-1,249,nan
124,1,-1,460,-1,191,nan
125,1,-1,318,-1,717,nan
126,1,-1,283,-1,832,nan
127,1,-1,375,-1,717,nan
128,1,-1,462,-1,148,nan
129,1,-1,724,-1,720,nan
130,1,-1,954,-1,655,nan
131,1,-1,401,-1,285,nan
132,1,-1,775,-1,554,nan
133,1,-1,311,-1,832,nan
134,1,-1,15,-1,191,nan
135,1,-1,284,-1,437,nan
136,1,-1,42,-1,717,nan
137,1,-1,645,-1,443,nan
138,1,-1,328,-1,418,nan
139,1,-1,24,-1,410,nan
140,1,-1,14,-1,9,nan
141,1,-1,433,-1,450,nan
142,1,-1,5,-1,437,nan
143,1,-1,692,-1,117,nan
144,1,-1,507,-1,720,nan
145,1,-1,88,-1,717,nan
146,1,-1,602,-1,772,nan
147,1,-1,114,-1,832,nan
148,1,-1,6,-1,437,nan
149,1,-1,421,-1,717,nan
150,1,-1,189,-1,410,nan
151,1,-1,458,-1,859,nan
152,1,-1,275,-1,717,nan
153,1,-1,527,-1,636,nan
154,1,-1,950,-1,754,nan
155,1,-1,450,-1,249,nan
156,1,-1,121,-1,437,nan
157,1,-1,86,-1,717,nan
158,1,-1,867,-1,216,nan
159,1,-1,717,-1,592,nan
160,1,-1,832,-1,410,nan
161,1,-1,194,-1,832,nan
162,1,-1,238,-1,191,nan
163,1,-1,663,-1,239,nan
164,1,-1,672,-1,372,nan
165,1,-1,42,-1,510,nan
166,1,-1,29,-1,717,nan
167,1,-1,866,-1,718,nan
168,1,-1,905,-1,554,nan
169,1,-1,177,-1,285,nan
170,1,-1,243,-1,615,nan
171,1,-1,191,-1,717,nan
172,1,-1,112,-1,191,nan
173,1,-1,154,-1,832,nan
174,1,-1,336,-1,191,nan
175,1,-1,653,-1,599,nan
176,1,-1,225,-1,437,nan
177,1,-1,432,-1,772,nan
178,1,-1,407,-1,216,nan
179,1,-1,343,-1,410,nan
180,1,-1,369,-1,717,nan
181,1,-1,510,-1,519,nan
182,1,-1,317,-1,437,nan
183,1,-1,62,-1,717,nan
184,1,-1,936,-1,745,nan
185,1,-1,247,-1,410,nan
186,1,-1,86,-1,410,nan
187,1,-1,228,-1,205,nan
188,1,-1,639,-1,133,nan
189,1,-1,386,-1,249,nan
190,1,-1,668,-1,803,nan
191,1,-1,17,-1,437,nan
192,1,-1,406,-1,320,nan
193,1,-1,5,-1,556,nan
194,1,-1,210,-1,410,nan
195,1,-1,510,-1,717,nan
196,1,-1,429,-1,720,nan
197,1,-1,615,-1,249,nan
198,1,-1,480,-1,293,nan
199,1,-1,404,-1,717,nan
200,1,-1,345,-1,717,nan
201,1,-1,196,-1,410,nan
202,1,-1,941,-1,688,nan
203,1,-1,299,-1,139,nan
204,1,-1,260,-1,438,nan
205,1,-1,20,-1,410,nan
206,1,-1,891,-1,761,nan
207,1,-1,173,-1,241,nan
208,1,-1,641,-1,772,nan
209,1,-1,624,-1,921,nan
210,1,-1,424,-1,183,nan
211,1,-1,11,-1,191,nan
212,1,-1,341,-1,907,nan
213,1,-1,143,-1,410,nan
214,1,-1,990,-1,942,nan
215,1,-1,440,-1,672,nan
216,1,-1,6,-1,556,nan
217,1,-1,752,-1,187,nan
218,1,-1,495,-1,717,nan
219,1,-1,30,-1,924,nan
220,1,-1,114,-1,832,nan
221,1,-1,582,-1,450,nan
222,1,-1,592,-1,410,nan
223,1,-1,761,-1,772,nan
224,1,-1,595,-1,931,nan
225,1,-1,293,-1,139,nan
226,1,-1,77,-1,717,nan
227,1,-1,116,-1,692,nan
228,1,-1,240,-1,437,nan
229,1,-1,906,-1,761,nan
230,1,-1,998,-1,389,nan
231,1,-1,32,-1,437,nan
232,1,-1,298,-1,437,nan
233,1,-1,545,-1,712,nan
234,1,-1,527,-1,717,nan
235,1,-1,454,-1,410,nan
236,1,-1,211,-1,717,nan
237,1,-1,394,-1,437,nan
238,1,-1,663,-1,139,nan
239,1,-1,126,-1,772,nan
240,1,-1,52,-1,832,nan
241,1,-1,13,-1,717,nan
242,1,-1,2,-1,636,nan
243,1,-1,250,-1,717,nan
244,1,-1,676,-1,822,nan
245,1,-1,877,-1,307,nan
246,1,-1,450,-1,410,nan
247,1,-1,488,-1,931,nan
248,1,-1,508,-1,191,nan
249,1,-1,92,-1,717,nan
250,1,-1,218,-1,720,nan
251,1,-1,779,-1,302,nan
252,1,-1,40,-1,692,nan
253,1,-1,966,-1,870,nan
254,1,-1,172,-1,148,nan
255,1,-1,84,-1,191,nan
256,1,-1,117,-1,772,nan
257,1,-1,984,-1,327,nan
258,1,-1,466,-1,191,nan
259,1,-1,613,-1,443,nan
260,1,-1,152,-1,556,nan
261,1,-1,625,-1,249,nan
262,1,-1,41,-1,412,nan
263,1,-1,229,-1,379,nan
264,1,-1,534,-1,437,nan
265,1,-1,295,-1,717,nan
266,1,-1,872,-1,745,nan
267,1,-1,278,-1,410,nan
268,1,-1,39,-1,556,nan
269,1,-1,55,-1,31,nan
270,1,-1,558,-1,522,nan
271,1,-1,34,-1,908,nan
272,1,-1,448,-1,191,nan
273,1,-1,538,-1,935,nan
274,1,-1,222,-1,717,nan
275,1,-1,727,-1,554,nan
276,1,-1,832,-1,502,nan
277,1,-1,321,-1,717,nan
278,1,-1,780,-1,293,nan
279,1,-1,780,-1,191,nan
280,1,-1,390,-1,211,nan
281,1,-1,30,-1,717,nan
282,1,-1,201,-1,139,nan
283,1,-1,23,-1,636,nan
284,1,-1,506,-1,31,nan
285,1,-1,9,-1,720,nan
286,1,-1,717,-1,443,nan
287,1,-1,778,-1,576,nan
288,1,-1,299,-1,191,nan
289,1,-1,244,-1,615,nan
290,1,-1,779,-1,510,nan
291,1,-1,739,-1,795,nan
292,1,-1,419,-1,717,nan
293,1,-1,293,-1,191,nan
294,1,-1,289,-1,450,nan
295,1,-1,725,-1,281,nan
296,1,-1,606,-1,205,nan
297,1,-1,777,-1,816,nan
298,1,-1,47,-1,717,nan
299,1,-1,65,-1,437,nan
300,1,-1,914,-1,496,nan
301,1,-1,619,-1,437,nan
302,1,-1,162,-1,720,nan
303,1,-1,669,-1,556,nan
304,1,-1,505,-1,311,nan
305,1,-1,695,-1,692,nan
306,1,-1,169,-1,87,nan
307,1,-1,494,-1,139,nan
308,1,-1,980,-1,245,nan
309,1,-1,534,-1,510,nan
310,1,-1,377,-1,410,nan
311,1,-1,528,-1,139,nan
312,1,-1,205,-1,320,nan
313,1,-1,473,-1,931,nan
314,1,-1,441,-1,148,nan
315,1,-1,664,-1,554,nan
316,1,-1,253,-1,720,nan
317,1,-1,96,-1,717,nan
318,1,-1,407,-1,615,nan
319,1,-1,346,-1,692,nan
320,1,-1,5,-1,832,nan
321,1,-1,195,-1,717,nan
322,1,-1,681,-1,87,nan
323,1,-1,994,-1,329,nan
324,1,-1,521,-1,652,nan
325,1,-1,855,-1,813,nan
326,1,-1,851,-1,935,nan
327,1,-1,748,-1,51,nan
328,1,-1,726,-1,717,nan
329,1,-1,3,-1,9,nan
330,1,-1,637,-1,717,nan
331,1,-1,587,-1,437,nan
332,1,-1,871,-1,935,nan
333,1,-1,897,-1,146,nan
334,1,-1,275,-1,437,nan
335,1,-1,93,-1,717,nan
336,1,-1,265,-1,720,nan
337,1,-1,162,-1,717,nan
338,1,-1,91,-1,717,nan
339,1,-1,56,-1,438,nan
340,1,-1,429,-1,822,nan
341,1,-1,671,-1,302,nan
342,1,-1,674,-1,554,nan
343,1,-1,63,-1,191,nan
344,1,-1,575,-1,556,nan
345,1,-1,519,-1,717,nan
346,1,-1,188,-1,772,nan
347,1,-1,7,-1,437,nan
348,1,-1,67,-1,717,nan
349,1,-1,57,-1,717,nan
350,1,-1,141,-1,410,nan
351,1,-1,20,-1,717,nan
352,1,-1,512,-1,241,nan
353,1,-1,28,-1,692,nan
354,1,-1,808,-1,28,nan
355,1,-1,323,-1,191,nan
356,1,-1,10,-1,717,nan
357,1,-1,511,-1,832,nan
358,1,-1,511,-1,615,nan
359,1,-1,498,-1,155,nan
360,1,-1,711,-1,634,nan
361,1,-1,131,-1,720,nan
362,1,-1,970,-1,810,nan
363,1,-1,473,-1,437,nan
364,1,-1,136,-1,717,nan
365,1,-1,838,-1,576,nan
366,1,-1,930,-1,249,nan
367,1,-1,106,-1,717,nan
368,1,-1,109,-1,437,nan
369,1,-1,61,-1,437,nan
370,1,-1,19,-1,155,nan
371,1,-1,486,-1,772,nan
372,1,-1,618,-1,717,nan
373,1,-1,419,-1,717,nan
374,1,-1,103,-1,717,nan
375,1,-1,973,-1,393,nan
376,1,-1,682,-1,556,nan
377,1,-1,211,-1,191,nan
378,1,-1,252,-1,191,nan
379,1,-1,6,-1,754,nan
380,1,-1,834,-1,477,nan
381,1,-1,965,-1,823,nan
382,1,-1,60,-1,554,nan
383,1,-1,576,-1,249,nan
384,1,-1,649,-1,102,nan
385,1,-1,634,-1,139,nan
386,1,-1,29,-1,901,nan
387,1,-1,696,-1,718,nan
388,1,-1,982,-1,572,nan
389,1,-1,961,-1,48,nan
390,1,-1,110,-1,717,nan
391,1,-1,874,-1,379,nan
392,1,-1,454,-1,832,nan
393,1,-1,3,-1,754,nan
394,1,-1,667,-1,293,nan
395,1,-1,382,-1,320,nan
396,1,-1,135,-1,717,nan
397,1,-1,70,-1,832,nan
398,1,-1,701,-1,191,nan
399,1,-1,40,-1,410,nan
400,1,-1,52,-1,615,nan
401,1,-1,538,-1,320,nan
402,1,-1,89,-1,522,nan
403,1,-1,391,-1,437,nan
404,1,-1,614,-1,672,nan
405,1,-1,865,-1,921,nan
406,1,-1,642,-1,855,nan
407,1,-1,579,-1,717,nan
408,1,-1,259,-1,102,nan
409,1,-1,679,-1,285,nan
410,1,-1,8,-1,717,nan
411,1,-1,1000,-1,549,nan
412,1,-1,23,-1,579,nan
413,1,-1,69,-1,437,nan
414,1,-1,856,-1,745,nan
415,1,-1,681,-1,639,nan
416,1,-1,497,-1,191,nan
417,1,-1,399,-1,191,nan
418,1,-1,459,-1,672,nan
419,1,-1,684,-1,636,nan
420,1,-1,631,-1,450,nan
421,1,-1,372,-1,302,nan
422,1,-1,8,-1,654,nan
423,1,-1,103,-1,717,nan
424,1,-1,95,-1,437,nan
425,1,-1,526,-1,754,nan
426,1,-1,29,-1,437,nan
427,1,-1,749,-1,249,nan
428,1,-1,167,-1,410,nan
429,1,-1,23,-1,437,nan
430,1,-1,146,-1,615,nan
431,1,-1,62,-1,191,nan
432,1,-1,356,-1,423,nan
433,1,-1,451,-1,554,nan
434,1,-1,679,-1,832,nan
435,1,-1,13,-1,437,nan
436,1,-1,277,-1,31,nan
437,1,-1,5,-1,717,nan
438,1,-1,15,-1,556,nan
439,1,-1,243,-1,654,nan
440,1,-1,110,-1,717,nan
441,1,-1,120,-1,692,nan
442,1,-1,223,-1,692,nan
443,1,-1,28,-1,717,nan
444,1,-1,70,-1,410,nan
445,1,-1,180,-1,302,nan
446,1,-1,18,-1,9,nan
447,1,-1,552,-1,510,nan
448,1,-1,509,-1,410,nan
449,1,-1,768,-1,117,nan
450,1,-1,96,-1,717,nan
451,1,-1,458,-1,443,nan
452,1,-1,549,-1,148,nan
453,1,-1,286,-1,450,nan
454,1,-1,474,-1,576,nan
455,1,-1,823,-1,692,nan
456,1,-1,523,-1,216,nan
457,1,-1,7,-1,654,nan
458,1,-1,178,-1,717,nan
459,1,-1,173,-1,191,nan
460,1,-1,134,-1,717,nan
461,1,-1,34,-1,402,nan
462,1,-1,431,-1,106,nan
463,1,-1,467,-1,717,nan
464,1,-1,258,-1,148,nan
465,1,-1,257,-1,410,nan
466,1,-1,81,-1,832,nan
467,1,-1,162,-1,191,nan
468,1,-1,692,-1,466,nan
469,1,-1,145,-1,437,nan
470,1,-1,481,-1,720,nan
471,1,-1,532,-1,410,nan
472,1,-1,627,-1,437,nan
473,1,-1,433,-1,302,nan
474,1,-1,383,-1,931,nan
475,1,-1,684,-1,249,nan
476,1,-1,235,-1,139,nan
477,1,-1,91,-1,437,nan
478,1,-1,26,-1,717,nan
479,1,-1,184,-1,437,nan
480,1,-1,143,-1,437,nan
481,1,-1,120,-1,437,nan
482,1,-1,184,-1,437,nan
483,1,-1,462,-1,31,nan
484,1,-1,706,-1,920,nan
485,1,-1,650,-1,814,nan
486,1,-1,935,-1,731,nan
487,1,-1,842,-1,673,nan
488,1,-1,4,-1,672,nan
489,1,-1,324,-1,191,nan
490,1,-1,526,-1,139,nan
491,1,-1,604,-1,155,nan
492,1,-1,630,-1,642,nan
493,1,-1,413,-1,672,nan
494,1,-1,153,-1,717,nan
495,1,-1,540,-1,410,nan
496,1,-1,693,-1,554,nan
497,1,-1,319,-1,692,nan
498,1,-1,15,-1,692,nan
499,1,-1,384,-1,133,nan
500,1,-1,160,-1,139,nan
501,1,-1,195,-1,437,nan
502,1,-1,324,-1,437,nan
503,1,-1,121,-1,832,nan
504,1,-1,452,-1,510,nan
505,1,-1,130,-1,576,nan
506,1,-1,559,-1,410,nan
507,1,-1,465,-1,437,nan
508,1,-1,730,-1,627,nan
509,1,-1,224,-1,437,nan
510,1,-1,22,-1,717,nan
511,1,-1,958,-1,418,nan
512,1,-1,66,-1,443,nan
513,1,-1,267,-1,717,nan
514,1,-1,160,-1,717,nan
515,1,-1,384,-1,443,nan
516,1,-1,86,-1,654,nan
517,1,-1,754,-1,814,nan
518,1,-1,116,-1,692,nan
519,1,-1,5,-1,717,nan
520,1,-1,292,-1,772,nan
521,1,-1,680,-1,57,nan
522,1,-1,342,-1,633,nan
523,1,-1,148,-1,717,nan
524,1,-1,320,-1,615,nan
525,1,-1,145,-1,717,nan
526,1,-1,14,-1,437,nan
527,1,-1,32,-1,437,nan
528,1,-1,396,-1,216,nan
529,1,-1,222,-1,832,nan
530,1,-1,567,-1,772,nan
531,1,-1,231,-1,832,nan
532,1,-1,886,-1,931,nan
533,1,-1,15,-1,410,nan
534,1,-1,17,-1,191,nan
535,1,-1,933,-1,823,nan
536,1,-1,218,-1,191,nan
537,1,-1,610,-1,36,nan
538,1,-1,28,-1,437,nan
539,1,-1,670,-1,191,nan
540,1,-1,280,-1,437,nan
541,1,-1,384,-1,437,nan
542,1,-1,241,-1,106,nan
543,1,-1,453,-1,410,nan
544,1,-1,232,-1,437,nan
545,1,-1,272,-1,750,nan
546,1,-1,381,-1,211,nan
547,1,-1,406,-1,87,nan
548,1,-1,936,-1,146,nan
549,1,-1,992,-1,9,nan
550,1,-1,337,-1,490,nan
551,1,-1,607,-1,920,nan
552,1,-1,89,-1,191,nan
553,1,-1,59,-1,437,nan
554,1,-1,63,-1,717,nan
555,1,-1,215,-1,410,nan
556,1,-1,33,-1,692,nan
557,1,-1,595,-1,576,nan
558,1,-1,912,-1,614,nan
559,1,-1,622,-1,441,nan
560,1,-1,788,-1,298,nan
561,1,-1,315,-1,410,nan
562,1,-1,1,-1,562,nan
563,1,-1,704,-1,948,nan
564,1,-1,363,-1,437,nan
565,1,-1,318,-1,828,nan
566,1,-1,229,-1,191,nan
567,1,-1,872,-1,556,nan
568,1,-1,341,-1,773,nan
569,1,-1,598,-1,554,nan
570,1,-1,258,-1,410,nan
571,1,-1,327,-1,437,nan
572,1,-1,790,-1,454,nan
573,1,-1,1,-1,573,nan
574,1,-1,139,-1,717,nan
575,1,-1,135,-1,832,nan
576,1,-1,441,-1,692,nan
577,1,-1,69,-1,437,nan
578,1,-1,630,-1,720,nan
579,1,-1,29,-1,754,nan
580,1,-1,668,-1,191,nan
581,1,-1,499,-1,183,nan
582,1,-1,55,-1,244,nan
583,1,-1,776,-1,672,nan
584,1,-1,733,-1,71,nan
585,1,-1,627,-1,353,nan
586,1,-1,262,-1,410,nan
587,1,-1,561,-1,717,nan
588,1,-1,564,-1,249,nan
589,1,-1,669,-1,139,nan
590,1,-1,689,-1,183,nan
591,1,-1,960,-1,616,nan
592,1,-1,212,-1,615,nan
593,1,-1,49,-1,717,nan
594,1,-1,248,-1,717,nan
595,1,-1,444,-1,191,nan
596,1,-1,128,-1,717,nan
597,1,-1,176,-1,717,nan
598,1,-1,32,-1,717,nan
599,1,-1,248,-1,717,nan
600,1,-1,328,-1,519,nan
601,1,-1,475,-1,642,nan
602,1,-1,701,-1,717,nan
603,1,-1,2,-1,745,nan
604,1,-1,129,-1,410,nan
605,1,-1,9,-1,244,nan
606,1,-1,526,-1,772,nan
607,1,-1,519,-1,496,nan
608,1,-1,749,-1,522,nan
609,1,-1,773,-1,920,nan
610,1,-1,768,-1,599,nan
611,1,-1,494,-1,832,nan
612,1,-1,809,-1,450,nan
613,1,-1,648,-1,191,nan
614,1,-1,215,-1,633,nan
615,1,-1,16,-1,692,nan
616,1,-1,268,-1,450,nan
617,1,-1,376,-1,443,nan
618,1,-1,733,-1,948,nan
619,1,-1,335,-1,832,nan
620,1,-1,245,-1,772,nan
621,1,-1,716,-1,30,nan
622,1,-1,28,-1,692,nan
623,1,-1,615,-1,443,nan
624,1,-1,144,-1,191,nan
625,1,-1,102,-1,615,nan
626,1,-1,921,-1,146,nan
627,1,-1,20,-1,443,nan
628,1,-1,34,-1,437,nan
629,1,-1,152,-1,191,nan
630,1,-1,527,-1,249,nan
631,1,-1,259,-1,832,nan
632,1,-1,41,-1,754,nan
633,1,-1,1,-1,633,nan
634,1,-1,39,-1,410,nan
635,1,-1,245,-1,437,nan
636,1,-1,666,-1,554,nan
637,1,-1,979,-1,491,nan
638,1,-1,491,-1,410,nan
639,1,-1,305,-1,139,nan
640,1,-1,625,-1,931,nan
641,1,-1,369,-1,285,nan
642,1,-1,43,-1,720,nan
643,1,-1,188,-1,410,nan
644,1,-1,444,-1,437,nan
645,1,-1,414,-1,191,nan
646,1,-1,241,-1,191,nan
647,1,-1,304,-1,437,nan
648,1,-1,995,-1,446,nan
649,1,-1,409,-1,692,nan
650,1,-1,224,-1,191,nan
651,1,-1,451,-1,139,nan
652,1,-1,18,-1,717,nan
653,1,-1,325,-1,191,nan
654,1,-1,21,-1,717,nan
655,1,-1,16,-1,603,nan
656,1,-1,664,-1,935,nan
657,1,-1,740,-1,745,nan
658,1,-1,691,-1,249,nan
659,1,-1,277,-1,920,nan
660,1,-1,23,-1,437,nan
661,1,-1,21,-1,437,nan
662,1,-1,755,-1,509,nan
663,1,-1,617,-1,249,nan
664,1,-1,88,-1,717,nan
665,1,-1,22,-1,437,nan
666,1,-1,279,-1,410,nan
667,1,-1,342,-1,183,nan
668,1,-1,346,-1,437,nan
669,1,-1,208,-1,71,nan
670,1,-1,984,-1,627,nan
671,1,-1,435,-1,832,nan
672,1,-1,127,-1,772,nan
673,1,-1,207,-1,191,nan
674,1,-1,683,-1,692,nan
675,1,-1,840,-1,592,nan
676,1,-1,524,-1,556,nan
677,1,-1,841,-1,813,nan
678,1,-1,478,-1,148,nan
679,1,-1,990,-1,388,nan
680,1,-1,603,-1,205,nan
681,1,-1,509,-1,761,nan
682,1,-1,464,-1,191,nan
683,1,-1,109,-1,437,nan
684,1,-1,95,-1,717,nan
685,1,-1,132,-1,832,nan
686,1,-1,86,-1,437,nan
687,1,-1,528,-1,672,nan
688,1,-1,411,-1,717,nan
689,1,-1,158,-1,717,nan
690,1,-1,974,-1,745,nan
691,1,-1,67,-1,717,nan
692,1,-1,17,-1,437,nan
693,1,-1,562,-1,191,nan
694,1,-1,69,-1,31,nan
695,1,-1,726,-1,522,nan
696,1,-1,34,-1,437,nan
697,1,-1,173,-1,437,nan
698,1,-1,583,-1,931,nan
699,1,-1,852,-1,554,nan
700,1,-1,900,-1,844,nan
701,1,-1,799,-1,466,nan
702,1,-1,5,-1,191,nan
703,1,-1,469,-1,191,nan
704,1,-1,979,-1,491,nan
705,1,-1,384,-1,437,nan
706,1,-1,454,-1,772,nan
707,1,-1,211,-1,832,nan
708,1,-1,66,-1,437,nan
709,1,-1,867,-1,935,nan
710,1,-1,730,-1,724,nan
711,1,-1,184,-1,191,nan
712,1,-1,10,-1,615,nan
713,1,-1,220,-1,772,nan
714,1,-1,749,-1,443,nan
715,1,-1,124,-1,437,nan
716,1,-1,787,-1,692,nan
717,1,-1,2,-1,410,nan
718,1,-1,281,-1,745,nan
719,1,-1,518,-1,832,nan
720,1,-1,26,-1,615,nan
721,1,-1,761,-1,148,nan
722,1,-1,619,-1,216,nan
723,1,-1,422,-1,437,nan
724,1,-1,421,-1,642,nan
725,1,-1,171,-1,717,nan
726,1,-1,449,-1,255,nan
727,1,-1,29,-1,692,nan
728,1,-1,271,-1,692,nan
729,1,-1,336,-1,437,nan
730,1,-1,415,-1,134,nan
731,1,-1,126,-1,717,nan
732,1,-1,509,-1,822,nan
733,1,-1,596,-1,191,nan
734,1,-1,595,-1,416,nan
735,1,-1,235,-1,437,nan
736,1,-1,212,-1,526,nan
737,1,-1,906,-1,302,nan
738,1,-1,171,-1,717,nan
739,1,-1,920,-1,293,nan
740,1,-1,60,-1,717,nan
741,1,-1,165,-1,717,nan
742,1,-1,187,-1,832,nan
743,1,-1,606,-1,191,nan
744,1,-1,653,-1,717,nan
745,1,-1,400,-1,249,nan
746,1,-1,66,-1,599,nan
747,1,-1,763,-1,920,nan
748,1,-1,228,-1,692,nan
749,1,-1,246,-1,692,nan
750,1,-1,111,-1,832,nan
751,1,-1,4,-1,410,nan
752,1,-1,822,-1,745,nan
753,1,-1,508,-1,692,nan
754,1,-1,52,-1,155,nan
755,1,-1,599,-1,554,nan
756,1,-1,116,-1,437,nan
757,1,-1,368,-1,121,nan
758,1,-1,390,-1,191,nan
759,1,-1,473,-1,554,nan
760,1,-1,608,-1,293,nan
761,1,-1,634,-1,634,nan
762,1,-1,490,-1,717,nan
763,1,-1,213,-1,437,nan
764,1,-1,204,-1,720,nan
765,1,-1,356,-1,410,nan
766,1,-1,375,-1,450,nan
767,1,-1,830,-1,554,nan
768,1,-1,31,-1,562,nan
769,1,-1,182,-1,692,nan
770,1,-1,297,-1,429,nan
771,1,-1,599,-1,191,nan
772,1,-1,9,-1,717,nan
773,1,-1,3,-1,437,nan
774,1,-1,64,-1,931,nan
775,1,-1,509,-1,717,nan
776,1,-1,418,-1,720,nan
777,1,-1,26,-1,437,nan
778,1,-1,342,-1,191,nan
779,1,-1,154,-1,717,nan
780,1,-1,207,-1,526,nan
781,1,-1,610,-1,443,nan
782,1,-1,149,-1,717,nan
783,1,-1,820,-1,249,nan
784,1,-1,87,-1,692,nan
785,1,-1,542,-1,573,nan
786,1,-1,791,-1,101,nan
787,1,-1,974,-1,823,nan
788,1,-1,760,-1,105,nan
789,1,-1,350,-1,87,nan
790,1,-1,669,-1,814,nan
791,1,-1,233,-1,633,nan
792,1,-1,446,-1,745,nan
793,1,-1,266,-1,654,nan
794,1,-1,163,-1,410,nan
795,1,-1,295,-1,139,nan
796,1,-1,54,-1,720,nan
797,1,-1,557,-1,660,nan
798,1,-1,64,-1,615,nan
799,1,-1,5,-1,745,nan
800,1,-1,5,-1,633,nan
801,1,-1,41,-1,437,nan
802,1,-1,180,-1,148,nan
803,1,-1,74,-1,717,nan
804,1,-1,125,-1,443,nan
805,1,-1,241,-1,615,nan
806,1,-1,439,-1,720,nan
807,1,-1,374,-1,717,nan
808,1,-1,857,-1,106,nan
809,1,-1,887,-1,745,nan
810,1,-1,13,-1,402,nan
811,1,-1,828,-1,556,nan
812,1,-1,846,-1,931,nan
813,1,-1,55,-1,155,nan
814,1,-1,385,-1,832,nan
815,1,-1,629,-1,720,nan
816,1,-1,20,-1,393,nan
817,1,-1,104,-1,510,nan
818,1,-1,508,-1,148,nan
819,1,-1,720,-1,139,nan
820,1,-1,86,-1,437,nan
821,1,-1,314,-1,410,nan
822,1,-1,181,-1,78,nan
823,1,-1,707,-1,908,nan
824,1,-1,17,-1,717,nan
825,1,-1,266,-1,720,nan
826,1,-1,186,-1,717,nan
827,1,-1,207,-1,717,nan
828,1,-1,132,-1,712,nan
829,1,-1,559,-1,205,nan
830,1,-1,791,-1,443,nan
831,1,-1,474,-1,576,nan
832,1,-1,2,-1,717,nan
833,1,-1,641,-1,392,nan
834,1,-1,344,-1,931,nan
835,1,-1,831,-1,554,nan
836,1,-1,713,-1,554,nan
837,1,-1,728,-1,249,nan
838,1,-1,403,-1,191,nan
839,1,-1,713,-1,443,nan
840,1,-1,279,-1,139,nan
841,1,-1,119,-1,31,nan
842,1,-1,533,-1,556,nan
843,1,-1,193,-1,410,nan
844,1,-1,104,-1,139,nan
845,1,-1,204,-1,718,nan
846,1,-1,796,-1,554,nan
847,1,-1,824,-1,165,nan
848,1,-1,275,-1,615,nan
849,1,-1,105,-1,437,nan
850,1,-1,148,-1,720,nan
851,1,-1,468,-1,556,nan
852,1,-1,172,-1,437,nan
853,1,-1,365,-1,191,nan
854,1,-1,411,-1,717,nan
855,1,-1,9,-1,692,nan
856,1,-1,594,-1,443,nan
857,1,-1,582,-1,410,nan
858,1,-1,605,-1,931,nan
859,1,-1,106,-1,832,nan
860,1,-1,753,-1,430,nan
861,1,-1,171,-1,615,nan
862,1,-1,47,-1,148,nan
863,1,-1,255,-1,717,nan
864,1,-1,696,-1,720,nan
865,1,-1,904,-1,708,nan
866,1,-1,368,-1,720,nan
867,1,-1,141,-1,31,nan
868,1,-1,246,-1,216,nan
869,1,-1,650,-1,633,nan
870,1,-1,942,-1,627,nan
871,1,-1,126,-1,410,nan
872,1,-1,504,-1,556,nan
873,1,-1,886,-1,418,nan
874,1,-1,34,-1,717,nan
875,1,-1,104,-1,410,nan
876,1,-1,102,-1,191,nan
877,1,-1,404,-1,772,nan
878,1,-1,14,-1,615,nan
879,1,-1,51,-1,615,nan
880,1,-1,279,-1,654,nan
881,1,-1,470,-1,652,nan
882,1,-1,356,-1,31,nan
883,1,-1,770,-1,235,nan
884,1,-1,17,-1,772,nan
885,1,-1,956,-1,454,nan
886,1,-1,362,-1,660,nan
887,1,-1,884,-1,745,nan
888,1,-1,787,-1,249,nan
889,1,-1,157,-1,437,nan
890,1,-1,936,-1,855,nan
891,1,-1,33,-1,692,nan
892,1,-1,681,-1,879,nan
893,1,-1,448,-1,450,nan
894,1,-1,542,-1,235,nan
895,1,-1,52,-1,692,nan
896,1,-1,390,-1,148,nan
897,1,-1,28,-1,832,nan
898,1,-1,376,-1,717,nan
899,1,-1,100,-1,437,nan
900,1,-1,906,-1,758,nan
901,1,-1,417,-1,443,nan
902,1,-1,56,-1,720,nan
903,1,-1,714,-1,79,nan
904,1,-1,225,-1,285,nan
905,1,-1,21,-1,832,nan
906,1,-1,50,-1,717,nan
907,1,-1,28,-1,754,nan
908,1,-1,107,-1,522,nan
909,1,-1,655,-1,87,nan
910,1,-1,499,-1,642,nan
911,1,-1,134,-1,437,nan
912,1,-1,447,-1,102,nan
913,1,-1,100,-1,717,nan
914,1,-1,32,-1,832,nan
915,1,-1,236,-1,615,nan
916,1,-1,337,-1,183,nan
917,1,-1,7,-1,717,nan
918,1,-1,191,-1,327,nan
919,1,-1,816,-1,642,nan
920,1,-1,18,-1,556,nan
921,1,-1,465,-1,772,nan
922,1,-1,734,-1,176,nan
923,1,-1,352,-1,106,nan
924,1,-1,71,-1,562,nan
925,1,-1,381,-1,615,nan
926,1,-1,9,-1,412,nan
927,1,-1,778,-1,235,nan
928,1,-1,936,-1,502,nan
929,1,-1,775,-1,556,nan
930,1,-1,237,-1,450,nan
931,1,-1,5,-1,437,nan
932,1,-1,610,-1,745,nan
933,1,-1,429,-1,720,nan
934,1,-1,27,-1,71,nan
935,1,-1,28,-1,249,nan
936,1,-1,625,-1,87,nan
937,1,-1,173,-1,191,nan
938,1,-1,700,-1,216,nan
939,1,-1,469,-1,672,nan
940,1,-1,118,-1,430,nan
941,1,-1,354,-1,615,nan
942,1,-1,885,-1,754,nan
943,1,-1,325,-1,717,nan
944,1,-1,411,-1,772,nan
945,1,-1,713,-1,311,nan
946,1,-1,570,-1,554,nan
947,1,-1,461,-1,717,nan
948,1,-1,64,-1,832,nan
949,1,-1,869,-1,576,nan
950,1,-1,284,-1,410,nan
951,1,-1,343,-1,191,nan
952,1,-1,534,-1,437,nan
953,1,-1,788,-1,573,nan
954,1,-1,328,-1,576,nan
955,1,-1,505,-1,191,nan
956,1,-1,447,-1,32,nan
957,1,-1,412,-1,443,nan
958,1,-1,916,-1,642,nan
959,1,-1,409,-1,281,nan
960,1,-1,803,-1,805,nan
961,1,-1,10,-1,761,nan
962,1,-1,393,-1,139,nan
963,1,-1,224,-1,717,nan
964,1,-1,215,-1,191,nan
965,1,-1,807,-1,416,nan
966,1,-1,547,-1,176,nan
967,1,-1,956,-1,754,nan
968,1,-1,446,-1,437,nan
969,1,-1,133,-1,437,nan
970,1,-1,46,-1,717,nan
971,1,-1,150,-1,410,nan
972,1,-1,327,-1,410,nan
973,1,-1,398,-1,450,nan
974,1,-1,36,-1,717,nan
975,1,-1,160,-1,576,nan
976,1,-1,664,-1,258,nan
977,1,-1,949,-1,554,nan
978,1,-1,522,-1,576,nan
979,1,-1,423,-1,832,nan
980,1,-1,908,-1,293,nan
981,1,-1,795,-1,488,nan
982,1,-1,230,-1,139,nan
983,1,-1,487,-1,683,nan
984,1,-1,866,-1,592,nan
985,1,-1,700,-1,191,nan
986,1,-1,461,-1,437,nan
987,1,-1,588,-1,554,nan
988,1,-1,586,-1,156,nan
989,1,-1,809,-1,165,nan
990,1,-1,718,-1,133,nan
991,1,-1,428,-1,191,nan
992,1,-1,589,-1,633,nan
993,1,-1,375,-1,437,nan
994,1,-1,35,-1,437,nan
995,1,-1,357,-1,410,nan
996,1,-1,433,-1,450,nan
997,1,-1,820,-1,556,nan
998,1,-1,215,-1,102,nan
999,1,-1,422,-1,720,nan
1000,1,-1,631,-1,191,nan
1,2,-1,464,-1,437,nan
2,2,-1,366,-1,437,nan
3,2,-1,365,-1,249,nan
4,2,-1,39,-1,437,nan
5,2,-1,93,-1,191,nan
6,2,-1,289,-1,437,nan
7,2,-1,469,-1,692,nan
8,2,-1,318,-1,717,nan
9,2,-1,1,-1,9,nan
10,2,-1,476,-1,717,nan
11,2,-1,66,-1,717,nan
12,2,-1,875,-1,724,nan
13,2,-1,7,-1,379,nan
14,2,-1,592,-1,510,nan
15,2,-1,540,-1,702,nan
16,2,-1,217,-1,717,nan
17,2,-1,421,-1,510,nan
18,2,-1,181,-1,920,nan
19,2,-1,398,-1,717,nan
20,2,-1,835,-1,531,nan
21,2,-1,553,-1,216,nan
22,2,-1,313,-1,717,nan
23,2,-1,415,-1,717,nan
24,2,-1,203,-1,717,nan
25,2,-1,790,-1,382,nan
26,2,-1,695,-1,430,nan
27,2,-1,328,-1,31,nan
28,2,-1,283,-1,554,nan
29,2,-1,14,-1,672,nan
30,2,-1,68,-1,717,nan
31,2,-1,39,-1,717,nan
32,2,-1,29,-1,832,nan
33,2,-1,544,-1,211,nan
34,2,-1,734,-1,443,nan
35,2,-1,263,-1,36,nan
36,2,-1,17,-1,437,nan
37,2,-1,167,-1,717,nan
38,2,-1,877,-1,556,nan
39,2,-1,361,-1,692,nan
40,2,-1,218,-1,717,nan
41,2,-1,650,-1,443,nan
42,2,-1,46,-1,556,nan
43,2,-1,868,-1,908,nan
44,2,-1,15,-1,437,nan
45,2,-1,539,-1,249,nan
46,2,-1,908,-1,271,nan
47,2,-1,24,-1,437,nan
48,2,-1,26,-1,393,nan
49,2,-1,982,-1,388,nan
50,2,-1,129,-1,437,nan
51,2,-1,56,-1,813,nan
52,2,-1,920,-1,418,nan
53,2,-1,451,-1,191,nan
54,2,-1,39,-1,437,nan
55,2,-1,770,-1,672,nan
56,2,-1,221,-1,412,nan
57,2,-1,54,-1,437,nan
58,2,-1,2,-1,388,nan
59,2,-1,738,-1,554,nan
60,2,-1,509,-1,772,nan
61,2,-1,189,-1,717,nan
62,2,-1,284,-1,437,nan
63,2,-1,832,-1,921,nan
64,2,-1,761,-1,652,nan
65,2,-1,666,-1,908,nan
66,2,-1,62,-1,832,nan
67,2,-1,310,-1,931,nan
68,2,-1,198,-1,717,nan
69,2,-1,316,-1,437,nan
70,2,-1,70,-1,717,nan
71,2,-1,414,-1,183,nan
72,2,-1,220,-1,717,nan
73,2,-1,465,-1,32,nan
74,2,-1,664,-1,556,nan
75,2,-1,549,-1,717,nan
76,2,-1,287,-1,717,nan
77,2,-1,510,-1,554,nan
78,2,-1,38,-1,615,nan
79,2,-1,99,-1,410,nan
80,2,-1,332,-1,572,nan
81,2,-1,47,-1,133,nan
82,2,-1,247,-1,410,nan
83,2,-1,448,-1,68,nan
84,2,-1,778,-1,828,nan
85,2,-1,774,-1,678,nan
86,2,-1,993,-1,140,nan
87,2,-1,103,-1,717,nan
88,2,-1,847,-1,522,nan
89,2,-1,938,-1,419,nan
90,2,-1,631,-1,191,nan
91,2,-1,182,-1,437,nan
92,2,-1,727,-1,712,nan
93,2,-1,826,-1,554,nan
94,2,-1,132,-1,717,nan
95,2,-1,944,-1,393,nan
96,2,-1,942,-1,754,nan
97,2,-1,151,-1,717,nan
98,2,-1,419,-1,724,nan
99,2,-1,435,-1,832,nan
100,2,-1,77,-1,717,nan
101,2,-1,19,-1,78,nan
102,2,-1,19,-1,832,nan
103,2,-1,156,-1,717,nan
104,2,-1,365,-1,311,nan
105,2,-1,11,-1,443,nan
106,2,-1,14,-1,717,nan
107,2,-1,90,-1,437,nan
108,2,-1,428,-1,410,nan
109,2,-1,391,-1,692,nan
110,2,-1,428,-1,139,nan
111,2,-1,496,-1,652,nan
112,2,-1,158,-1,437,nan
113,2,-1,553,-1,437,nan
114,2,-1,945,-1,761,nan
115,2,-1,885,-1,443,nan
116,2,-1,553,-1,772,nan
117,2,-1,46,-1,717,nan
118,2,-1,146,-1,31,nan
119,2,-1,118,-1,816,nan
120,2,-1,177,-1,347,nan
121,2,-1,65,-1,410,nan
122,2,-1,778,-1,702,nan
123,2,-1,770,-1,522,nan
124,2,-1,416,-1,519,nan
125,2,-1,263,-1,437,nan
126,2,-1,242,-1,832,nan
127,2,-1,311,-1,410,nan
128,2,-1,442,-1,660,nan
129,2,-1,789,-1,416,nan
130,2,-1,929,-1,823,nan
131,2,-1,303,-1,692,nan
132,2,-1,36,-1,416,nan
133,2,-1,189,-1,437,nan
134,2,-1,64,-1,191,nan
135,2,-1,245,-1,717,nan
136,2,-1,18,-1,437,nan
137,2,-1,617,-1,443,nan
138,2,-1,727,-1,418,nan
139,2,-1,11,-1,410,nan
140,2,-1,879,-1,942,nan
141,2,-1,431,-1,450,nan
142,2,-1,12,-1,717,nan
143,2,-1,647,-1,293,nan
144,2,-1,387,-1,450,nan
145,2,-1,86,-1,191,nan
146,2,-1,589,-1,556,nan
147,2,-1,93,-1,615,nan
148,2,-1,5,-1,437,nan
149,2,-1,407,-1,410,nan
150,2,-1,217,-1,717,nan
151,2,-1,446,-1,437,nan
152,2,-1,151,-1,437,nan
153,2,-1,742,-1,239,nan
154,2,-1,964,-1,908,nan
155,2,-1,489,-1,615,nan
156,2,-1,132,-1,410,nan
157,2,-1,63,-1,717,nan
158,2,-1,932,-1,642,nan
159,2,-1,776,-1,717,nan
160,2,-1,780,-1,28,nan
161,2,-1,203,-1,437,nan
162,2,-1,228,-1,31,nan
163,2,-1,684,-1,258,nan
164,2,-1,816,-1,554,nan
165,2,-1,48,-1,139,nan
166,2,-1,26,-1,717,nan
167,2,-1,893,-1,522,nan
168,2,-1,791,-1,488,nan
169,2,-1,171,-1,437,nan
170,2,-1,148,-1,173,nan
171,2,-1,248,-1,510,nan
172,2,-1,105,-1,191,nan
173,2,-1,34,-1,615,nan
174,2,-1,430,-1,139,nan
175,2,-1,641,-1,920,nan
176,2,-1,246,-1,32,nan
177,2,-1,431,-1,139,nan
178,2,-1,688,-1,556,nan
179,2,-1,262,-1,692,nan
180,2,-1,375,-1,717,nan
181,2,-1,492,-1,205,nan
182,2,-1,212,-1,148,nan
183,2,-1,13,-1,437,nan
184,2,-1,923,-1,402,nan
185,2,-1,145,-1,191,nan
186,2,-1,202,-1,437,nan
187,2,-1,227,-1,717,nan
188,2,-1,517,-1,614,nan
189,2,-1,328,-1,717,nan
190,2,-1,599,-1,921,nan
191,2,-1,1,-1,191,nan
192,2,-1,7,-1,627,nan
193,2,-1,307,-1,556,nan
194,2,-1,281,-1,191,nan
195,2,-1,493,-1,183,nan
196,2,-1,443,-1,437,nan
197,2,-1,492,-1,633,nan
198,2,-1,637,-1,673,nan
199,2,-1,354,-1,191,nan
200,2,-1,64,-1,692,nan
201,2,-1,115,-1,410,nan
202,2,-1,945,-1,522,nan
203,2,-1,424,-1,191,nan
204,2,-1,279,-1,443,nan
205,2,-1,17,-1,717,nan
206,2,-1,908,-1,799,nan
207,2,-1,223,-1,106,nan
208,2,-1,635,-1,191,nan
209,2,-1,691,-1,191,nan
210,2,-1,439,-1,249,nan
211,2,-1,11,-1,191,nan
212,2,-1,111,-1,412,nan
213,2,-1,143,-1,191,nan
214,2,-1,987,-1,942,nan
215,2,-1,559,-1,554,nan
216,2,-1,52,-1,556,nan
217,2,-1,775,-1,443,nan
218,2,-1,518,-1,183,nan
219,2,-1,1,-1,219,nan
220,2,-1,122,-1,437,nan
221,2,-1,496,-1,832,nan
222,2,-1,603,-1,106,nan
223,2,-1,711,-1,554,nan
224,2,-1,585,-1,302,nan
225,2,-1,235,-1,211,nan
226,2,-1,62,-1,31,nan
227,2,-1,143,-1,692,nan
228,2,-1,247,-1,437,nan
229,2,-1,919,-1,844,nan
230,2,-1,77,-1,214,nan
231,2,-1,22,-1,437,nan
232,2,-1,239,-1,510,nan
233,2,-1,289,-1,828,nan
234,2,-1,540,-1,191,nan
235,2,-1,598,-1,672,nan
236,2,-1,121,-1,772,nan
237,2,-1,371,-1,510,nan
238,2,-1,644,-1,249,nan
239,2,-1,228,-1,717,nan
240,2,-1,19,-1,692,nan
241,2,-1,14,-1,717,nan
242,2,-1,511,-1,191,nan
243,2,-1,235,-1,410,nan
244,2,-1,478,-1,754,nan
245,2,-1,819,-1,761,nan
246,2,-1,497,-1,139,nan
247,2,-1,506,-1,437,nan
248,2,-1,292,-1,554,nan
249,2,-1,71,-1,183,nan
250,2,-1,333,-1,183,nan
251,2,-1,624,-1,293,nan
252,2,-1,226,-1,437,nan
253,2,-1,969,-1,461,nan
254,2,-1,177,-1,717,nan
255,2,-1,25,-1,654,nan
256,2,-1,95,-1,191,nan
257,2,-1,20,-1,942,nan
258,2,-1,16,-1,672,nan
259,2,-1,611,-1,477,nan
260,2,-1,502,-1,692,nan
261,2,-1,574,-1,935,nan
262,2,-1,953,-1,754,nan
263,2,-1,339,-1,379,nan
264,2,-1,510,-1,437,nan
265,2,-1,264,-1,191,nan
266,2,-1,849,-1,556,nan
267,2,-1,161,-1,191,nan
268,2,-1,372,-1,660,nan
269,2,-1,19,-1,717,nan
270,2,-1,595,-1,614,nan
271,2,-1,683,-1,935,nan
272,2,-1,495,-1,410,nan
273,2,-1,596,-1,249,nan
274,2,-1,205,-1,437,nan
275,2,-1,763,-1,133,nan
276,2,-1,859,-1,176,nan
277,2,-1,271,-1,437,nan
278,2,-1,771,-1,935,nan
279,2,-1,764,-1,615,nan
280,2,-1,271,-1,702,nan
281,2,-1,9,-1,142,nan
282,2,-1,354,-1,410,nan
283,2,-1,296,-1,416,nan
284,2,-1,453,-1,191,nan
285,2,-1,7,-1,437,nan
286,2,-1,723,-1,772,nan
287,2,-1,875,-1,908,nan
288,2,-1,247,-1,660,nan
289,2,-1,406,-1,717,nan
290,2,-1,809,-1,615,nan
291,2,-1,800,-1,134,nan
292,2,-1,424,-1,642,nan
293,2,-1,430,-1,429,nan
294,2,-1,381,-1,948,nan
295,2,-1,668,-1,293,nan
296,2,-1,582,-1,450,nan
297,2,-1,7,-1,9,nan
298,2,-1,8,-1,191,nan
299,2,-1,144,-1,437,nan
300,2,-1,923,-1,603,nan
301,2,-1,630,-1,191,nan
302,2,-1,177,-1,437,nan
303,2,-1,636,-1,673,nan
304,2,-1,762,-1,191,nan
305,2,-1,737,-1,576,nan
306,2,-1,273,-1,429,nan
307,2,-1,410,-1,510,nan
308,2,-1,981,-1,908,nan
309,2,-1,528,-1,510,nan
310,2,-1,432,-1,720,nan
311,2,-1,11,-1,418,nan
312,2,-1,129,-1,717,nan
313,2,-1,501,-1,410,nan
314,2,-1,139,-1,672,nan
315,2,-1,691,-1,935,nan
316,2,-1,261,-1,429,nan
317,2,-1,67,-1,410,nan
318,2,-1,352,-1,615,nan
319,2,-1,375,-1,443,nan
320,2,-1,63,-1,832,nan
321,2,-1,113,-1,717,nan
322,2,-1,675,-1,441,nan
323,2,-1,994,-1,942,nan
324,2,-1,498,-1,554,nan
325,2,-1,930,-1,18,nan
326,2,-1,815,-1,410,nan
327,2,-1,57,-1,51,nan
328,2,-1,626,-1,855,nan
329,2,-1,12,-1,942,nan
330,2,-1,588,-1,554,nan
331,2,-1,478,-1,556,nan
332,2,-1,873,-1,467,nan
333,2,-1,921,-1,146,nan
334,2,-1,260,-1,832,nan
335,2,-1,80,-1,191,nan
336,2,-1,408,-1,615,nan
337,2,-1,166,-1,191,nan
338,2,-1,160,-1,191,nan
339,2,-1,188,-1,692,nan
340,2,-1,630,-1,443,nan
341,2,-1,661,-1,183,nan
342,2,-1,706,-1,509,nan
343,2,-1,138,-1,717,nan
344,2,-1,708,-1,717,nan
345,2,-1,472,-1,437,nan
346,2,-1,232,-1,191,nan
347,2,-1,20,-1,717,nan
348,2,-1,40,-1,32,nan
349,2,-1,118,-1,437,nan
350,2,-1,151,-1,772,nan
351,2,-1,75,-1,717,nan
352,2,-1,488,-1,720,nan
353,2,-1,134,-1,717,nan
354,2,-1,431,-1,418,nan
355,2,-1,368,-1,347,nan
356,2,-1,4,-1,437,nan
357,2,-1,352,-1,556,nan
358,2,-1,323,-1,71,nan
359,2,-1,767,-1,522,nan
360,2,-1,637,-1,176,nan
361,2,-1,128,-1,437,nan
362,2,-1,973,-1,823,nan
363,2,-1,483,-1,692,nan
364,2,-1,165,-1,437,nan
365,2,-1,878,-1,416,nan
366,2,-1,928,-1,165,nan
367,2,-1,80,-1,717,nan
368,2,-1,127,-1,437,nan
369,2,-1,96,-1,437,nan
370,2,-1,73,-1,576,nan
371,2,-1,513,-1,994,nan
372,2,-1,27,-1,28,nan
373,2,-1,414,-1,437,nan
374,2,-1,82,-1,191,nan
375,2,-1,972,-1,491,nan
376,2,-1,606,-1,920,nan
377,2,-1,158,-1,191,nan
378,2,-1,318,-1,106,nan
379,2,-1,1,-1,379,nan
380,2,-1,153,-1,488,nan
381,2,-1,18,-1,816,nan
382,2,-1,238,-1,139,nan
383,2,-1,599,-1,692,nan
384,2,-1,629,-1,31,nan
385,2,-1,537,-1,382,nan
386,2,-1,420,-1,437,nan
387,2,-1,762,-1,155,nan
388,2,-1,434,-1,810,nan
389,2,-1,262,-1,942,nan
390,2,-1,112,-1,717,nan
391,2,-1,117,-1,43,nan
392,2,-1,41,-1,920,nan
393,2,-1,19,-1,754,nan
394,2,-1,643,-1,795,nan
395,2,-1,26,-1,576,nan
396,2,-1,85,-1,437,nan
397,2,-1,26,-1,717,nan
398,2,-1,527,-1,191,nan
399,2,-1,78,-1,437,nan
400,2,-1,295,-1,437,nan
401,2,-1,487,-1,437,nan
402,2,-1,518,-1,822,nan
403,2,-1,385,-1,148,nan
404,2,-1,641,-1,554,nan
405,2,-1,842,-1,249,nan
406,2,-1,630,-1,78,nan
407,2,-1,537,-1,931,nan
408,2,-1,301,-1,191,nan
409,2,-1,640,-1,139,nan
410,2,-1,4,-1,191,nan
411,2,-1,1000,-1,549,nan
412,2,-1,45,-1,379,nan
413,2,-1,42,-1,717,nan
414,2,-1,791,-1,18,nan
415,2,-1,721,-1,772,nan
416,2,-1,522,-1,828,nan
417,2,-1,359,-1,191,nan
418,2,-1,676,-1,139,nan
419,2,-1,845,-1,519,nan
420,2,-1,676,-1,738,nan
421,2,-1,486,-1,348,nan
422,2,-1,13,-1,832,nan
423,2,-1,50,-1,717,nan
424,2,-1,69,-1,191,nan
425,2,-1,7,-1,695,nan
426,2,-1,27,-1,437,nan
427,2,-1,722,-1,293,nan
428,2,-1,79,-1,832,nan
429,2,-1,32,-1,191,nan
430,2,-1,10,-1,249,nan
431,2,-1,265,-1,931,nan
432,2,-1,354,-1,720,nan
433,2,-1,328,-1,554,nan
434,2,-1,662,-1,556,nan
435,2,-1,47,-1,437,nan
436,2,-1,273,-1,717,nan
437,2,-1,1,-1,437,nan
438,2,-1,199,-1,615,nan
439,2,-1,191,-1,720,nan
440,2,-1,55,-1,410,nan
441,2,-1,222,-1,692,nan
442,2,-1,190,-1,717,nan
443,2,-1,1,-1,443,nan
444,2,-1,98,-1,191,nan
445,2,-1,267,-1,692,nan
446,2,-1,47,-1,140,nan
447,2,-1,311,-1,672,nan
448,2,-1,551,-1,191,nan
449,2,-1,731,-1,139,nan
450,2,-1,136,-1,142,nan
451,2,-1,491,-1,615,nan
452,2,-1,542,-1,717,nan
453,2,-1,314,-1,702,nan
454,2,-1,11,-1,576,nan
455,2,-1,828,-1,803,nan
456,2,-1,772,-1,660,nan
457,2,-1,21,-1,437,nan
458,2,-1,192,-1,717,nan
459,2,-1,210,-1,437,nan
460,2,-1,118,-1,410,nan
461,2,-1,249,-1,603,nan
462,2,-1,493,-1,554,nan
463,2,-1,490,-1,410,nan
464,2,-1,250,-1,148,nan
465,2,-1,292,-1,717,nan
466,2,-1,50,-1,717,nan
467,2,-1,289,-1,106,nan
468,2,-1,537,-1,921,nan
469,2,-1,122,-1,654,nan
470,2,-1,495,-1,239,nan
471,2,-1,541,-1,772,nan
472,2,-1,656,-1,139,nan
473,2,-1,460,-1,772,nan
474,2,-1,342,-1,410,nan
475,2,-1,674,-1,745,nan
476,2,-1,271,-1,410,nan
477,2,-1,11,-1,32,nan
478,2,-1,30,-1,717,nan
479,2,-1,285,-1,437,nan
480,2,-1,145,-1,148,nan
481,2,-1,174,-1,191,nan
482,2,-1,245,-1,437,nan
483,2,-1,348,-1,510,nan
484,2,-1,669,-1,531,nan
485,2,-1,609,-1,211,nan
486,2,-1,925,-1,258,nan
487,2,-1,849,-1,633,nan
488,2,-1,24,-1,418,nan
489,2,-1,342,-1,410,nan
490,2,-1,660,-1,139,nan
491,2,-1,13,-1,813,nan
492,2,-1,642,-1,183,nan
493,2,-1,607,-1,437,nan
494,2,-1,126,-1,437,nan
495,2,-1,494,-1,615,nan
496,2,-1,778,-1,554,nan
497,2,-1,419,-1,30,nan
498,2,-1,13,-1,692,nan
499,2,-1,242,-1,556,nan
500,2,-1,194,-1,191,nan
501,2,-1,250,-1,437,nan
502,2,-1,129,-1,191,nan
503,2,-1,121,-1,437,nan
504,2,-1,391,-1,211,nan
505,2,-1,329,-1,712,nan
506,2,-1,479,-1,139,nan
507,2,-1,235,-1,633,nan
508,2,-1,738,-1,855,nan
509,2,-1,190,-1,437,nan
510,2,-1,24,-1,191,nan
511,2,-1,963,-1,581,nan
512,2,-1,178,-1,443,nan
513,2,-1,251,-1,931,nan
514,2,-1,160,-1,191,nan
515,2,-1,435,-1,717,nan
516,2,-1,174,-1,191,nan
517,2,-1,816,-1,87,nan
518,2,-1,257,-1,437,nan
519,2,-1,8,-1,148,nan
520,2,-1,232,-1,717,nan
521,2,-1,678,-1,717,nan
522,2,-1,19,-1,920,nan
523,2,-1,69,-1,410,nan
524,2,-1,371,-1,437,nan
525,2,-1,167,-1,142,nan
526,2,-1,13,-1,437,nan
527,2,-1,64,-1,717,nan
528,2,-1,799,-1,920,nan
529,2,-1,239,-1,832,nan
530,2,-1,574,-1,281,nan
531,2,-1,158,-1,191,nan
532,2,-1,870,-1,745,nan
533,2,-1,20,-1,410,nan
534,2,-1,16,-1,191,nan
535,2,-1,906,-1,216,nan
536,2,-1,249,-1,717,nan
537,2,-1,610,-1,78,nan
538,2,-1,24,-1,191,nan
539,2,-1,648,-1,293,nan
540,2,-1,297,-1,437,nan
541,2,-1,388,-1,437,nan
542,2,-1,202,-1,931,nan
543,2,-1,439,-1,183,nan
544,2,-1,242,-1,437,nan
545,2,-1,219,-1,692,nan
546,2,-1,417,-1,191,nan
547,2,-1,486,-1,692,nan
548,2,-1,931,-1,921,nan
549,2,-1,96,-1,446,nan
550,2,-1,826,-1,795,nan
551,2,-1,433,-1,822,nan
552,2,-1,94,-1,148,nan
553,2,-1,50,-1,32,nan
554,2,-1,20,-1,191,nan
555,2,-1,273,-1,717,nan
556,2,-1,283,-1,437,nan
557,2,-1,705,-1,258,nan
558,2,-1,913,-1,672,nan
559,2,-1,616,-1,191,nan
560,2,-1,761,-1,672,nan
561,2,-1,280,-1,717,nan
562,2,-1,93,-1,9,nan
563,2,-1,711,-1,510,nan
564,2,-1,319,-1,692,nan
565,2,-1,41,-1,430,nan
566,2,-1,269,-1,660,nan
567,2,-1,768,-1,921,nan
568,2,-1,145,-1,633,nan
569,2,-1,596,-1,717,nan
570,2,-1,231,-1,437,nan
571,2,-1,225,-1,692,nan
572,2,-1,916,-1,754,nan
573,2,-1,648,-1,672,nan
574,2,-1,136,-1,148,nan
575,2,-1,160,-1,477,nan
576,2,-1,1,-1,576,nan
577,2,-1,96,-1,437,nan
578,2,-1,459,-1,87,nan
579,2,-1,22,-1,754,nan
580,2,-1,704,-1,672,nan
581,2,-1,437,-1,191,nan
582,2,-1,849,-1,813,nan
583,2,-1,839,-1,717,nan
584,2,-1,741,-1,644,nan
585,2,-1,647,-1,717,nan
586,2,-1,274,-1,832,nan
587,2,-1,530,-1,348,nan
588,2,-1,533,-1,101,nan
589,2,-1,628,-1,191,nan
590,2,-1,630,-1,599,nan
591,2,-1,972,-1,810,nan
592,2,-1,98,-1,642,nan
593,2,-1,52,-1,717,nan
594,2,-1,260,-1,832,nan
595,2,-1,434,-1,642,nan
596,2,-1,77,-1,717,nan
597,2,-1,207,-1,717,nan
598,2,-1,31,-1,717,nan
599,2,-1,247,-1,692,nan
600,2,-1,305,-1,437,nan
601,2,-1,486,-1,717,nan
602,2,-1,740,-1,672,nan
603,2,-1,239,-1,576,nan
604,2,-1,145,-1,832,nan
605,2,-1,284,-1,155,nan
606,2,-1,394,-1,410,nan
607,2,-1,840,-1,578,nan
608,2,-1,857,-1,348,nan
609,2,-1,819,-1,191,nan
610,2,-1,665,-1,454,nan
611,2,-1,316,-1,855,nan
612,2,-1,770,-1,921,nan
613,2,-1,32,-1,416,nan
614,2,-1,366,-1,133,nan
615,2,-1,1,-1,615,nan
616,2,-1,491,-1,717,nan
617,2,-1,365,-1,205,nan
618,2,-1,738,-1,720,nan
619,2,-1,270,-1,31,nan
620,2,-1,294,-1,191,nan
621,2,-1,790,-1,191,nan
622,2,-1,64,-1,437,nan
623,2,-1,564,-1,556,nan
624,2,-1,211,-1,717,nan
625,2,-1,240,-1,320,nan
626,2,-1,921,-1,249,nan
627,2,-1,14,-1,556,nan
628,2,-1,61,-1,437,nan
629,2,-1,312,-1,437,nan
630,2,-1,289,-1,599,nan
631,2,-1,314,-1,832,nan
632,2,-1,742,-1,908,nan
633,2,-1,174,-1,615,nan
634,2,-1,54,-1,717,nan
635,2,-1,256,-1,191,nan
636,2,-1,433,-1,139,nan
637,2,-1,980,-1,216,nan
638,2,-1,476,-1,410,nan
639,2,-1,368,-1,139,nan
640,2,-1,564,-1,281,nan
641,2,-1,39,-1,87,nan
642,2,-1,13,-1,717,nan
643,2,-1,272,-1,191,nan
644,2,-1,336,-1,32,nan
645,2,-1,365,-1,510,nan
646,2,-1,267,-1,191,nan
647,2,-1,157,-1,139,nan
648,2,-1,995,-1,446,nan
649,2,-1,389,-1,615,nan
650,2,-1,217,-1,717,nan
651,2,-1,665,-1,717,nan
652,2,-1,40,-1,410,nan
653,2,-1,221,-1,139,nan
654,2,-1,1,-1,654,nan
655,2,-1,16,-1,908,nan
656,2,-1,442,-1,599,nan
657,2,-1,771,-1,216,nan
658,2,-1,663,-1,183,nan
659,2,-1,4,-1,71,nan
660,2,-1,23,-1,717,nan
661,2,-1,135,-1,191,nan
662,2,-1,727,-1,554,nan
663,2,-1,499,-1,692,nan
664,2,-1,100,-1,717,nan
665,2,-1,21,-1,437,nan
666,2,-1,372,-1,191,nan
667,2,-1,327,-1,654,nan
668,2,-1,552,-1,660,nan
669,2,-1,529,-1,920,nan
670,2,-1,984,-1,271,nan
671,2,-1,401,-1,255,nan
672,2,-1,1,-1,672,nan
673,2,-1,115,-1,717,nan
674,2,-1,629,-1,155,nan
675,2,-1,823,-1,302,nan
676,2,-1,503,-1,78,nan
677,2,-1,841,-1,614,nan
678,2,-1,132,-1,249,nan
679,2,-1,990,-1,816,nan
680,2,-1,650,-1,443,nan
681,2,-1,290,-1,761,nan
682,2,-1,605,-1,720,nan
683,2,-1,129,-1,717,nan
684,2,-1,122,-1,191,nan
685,2,-1,128,-1,654,nan
686,2,-1,47,-1,410,nan
687,2,-1,717,-1,795,nan
688,2,-1,328,-1,615,nan
689,2,-1,139,-1,717,nan
690,2,-1,972,-1,907,nan
691,2,-1,56,-1,142,nan
692,2,-1,1,-1,692,nan
693,2,-1,471,-1,211,nan
694,2,-1,133,-1,717,nan
695,2,-1,802,-1,603,nan
696,2,-1,66,-1,717,nan
697,2,-1,168,-1,148,nan
698,2,-1,520,-1,554,nan
699,2,-1,820,-1,688,nan
700,2,-1,859,-1,761,nan
701,2,-1,771,-1,176,nan
702,2,-1,7,-1,717,nan
703,2,-1,496,-1,191,nan
704,2,-1,978,-1,244,nan
705,2,-1,389,-1,720,nan
706,2,-1,417,-1,102,nan
707,2,-1,96,-1,832,nan
708,2,-1,18,-1,717,nan
709,2,-1,319,-1,573,nan
710,2,-1,674,-1,68,nan
711,2,-1,208,-1,148,nan
712,2,-1,91,-1,832,nan
713,2,-1,290,-1,106,nan
714,2,-1,743,-1,556,nan
715,2,-1,120,-1,410,nan
716,2,-1,786,-1,191,nan
717,2,-1,1,-1,717,nan
718,2,-1,476,-1,822,nan
719,2,-1,456,-1,139,nan
720,2,-1,153,-1,717,nan
721,2,-1,700,-1,293,nan
722,2,-1,746,-1,183,nan
723,2,-1,447,-1,183,nan
724,2,-1,9,-1,935,nan
725,2,-1,103,-1,410,nan
726,2,-1,523,-1,694,nan
727,2,-1,203,-1,717,nan
728,2,-1,336,-1,720,nan
729,2,-1,261,-1,772,nan
730,2,-1,500,-1,191,nan
731,2,-1,120,-1,437,nan
732,2,-1,536,-1,556,nan
733,2,-1,600,-1,717,nan
734,2,-1,383,-1,242,nan
735,2,-1,227,-1,692,nan
736,2,-1,266,-1,191,nan
737,2,-1,879,-1,307,nan
738,2,-1,175,-1,717,nan
739,2,-1,949,-1,592,nan
740,2,-1,25,-1,437,nan
741,2,-1,206,-1,717,nan
742,2,-1,134,-1,720,nan
743,2,-1,563,-1,554,nan
744,2,-1,678,-1,437,nan
745,2,-1,377,-1,556,nan
746,2,-1,59,-1,430,nan
747,2,-1,730,-1,576,nan
748,2,-1,292,-1,437,nan
749,2,-1,193,-1,692,nan
750,2,-1,8,-1,654,nan
751,2,-1,8,-1,410,nan
752,2,-1,823,-1,556,nan
753,2,-1,495,-1,249,nan
754,2,-1,3,-1,822,nan
755,2,-1,662,-1,554,nan
756,2,-1,203,-1,717,nan
757,2,-1,322,-1,772,nan
758,2,-1,384,-1,191,nan
759,2,-1,294,-1,211,nan
760,2,-1,719,-1,720,nan
761,2,-1,482,-1,139,nan
762,2,-1,473,-1,615,nan
763,2,-1,144,-1,410,nan
764,2,-1,240,-1,832,nan
765,2,-1,336,-1,148,nan
766,2,-1,376,-1,450,nan
767,2,-1,811,-1,672,nan
768,2,-1,995,-1,49,nan
769,2,-1,231,-1,832,nan
770,2,-1,208,-1,554,nan
771,2,-1,566,-1,431,nan
772,2,-1,36,-1,832,nan
773,2,-1,7,-1,437,nan
774,2,-1,99,-1,437,nan
775,2,-1,569,-1,87,nan
776,2,-1,452,-1,183,nan
777,2,-1,16,-1,931,nan
778,2,-1,308,-1,905,nan
779,2,-1,149,-1,410,nan
780,2,-1,242,-1,410,nan
781,2,-1,567,-1,935,nan
782,2,-1,75,-1,510,nan
783,2,-1,823,-1,239,nan
784,2,-1,96,-1,654,nan
785,2,-1,871,-1,554,nan
786,2,-1,778,-1,999,nan
787,2,-1,955,-1,835,nan
788,2,-1,704,-1,795,nan
789,2,-1,500,-1,285,nan
790,2,-1,719,-1,673,nan
791,2,-1,329,-1,556,nan
792,2,-1,626,-1,745,nan
793,2,-1,316,-1,31,nan
794,2,-1,81,-1,102,nan
795,2,-1,418,-1,554,nan
796,2,-1,80,-1,437,nan
797,2,-1,525,-1,878,nan
798,2,-1,280,-1,692,nan
799,2,-1,357,-1,249,nan
800,2,-1,349,-1,654,nan
801,2,-1,9,-1,437,nan
802,2,-1,154,-1,410,nan
803,2,-1,49,-1,717,nan
804,2,-1,28,-1,712,nan
805,2,-1,340,-1,717,nan
806,2,-1,421,-1,931,nan
807,2,-1,225,-1,87,nan
808,2,-1,874,-1,191,nan
809,2,-1,882,-1,940,nan
810,2,-1,30,-1,754,nan
811,2,-1,644,-1,605,nan
812,2,-1,855,-1,935,nan
813,2,-1,5,-1,155,nan
814,2,-1,182,-1,191,nan
815,2,-1,629,-1,191,nan
816,2,-1,40,-1,393,nan
817,2,-1,285,-1,717,nan
818,2,-1,499,-1,702,nan
819,2,-1,704,-1,672,nan
820,2,-1,95,-1,410,nan
821,2,-1,275,-1,410,nan
822,2,-1,279,-1,615,nan
823,2,-1,42,-1,603,nan
824,2,-1,17,-1,717,nan
825,2,-1,356,-1,31,nan
826,2,-1,220,-1,720,nan
827,2,-1,208,-1,437,nan
828,2,-1,135,-1,285,nan
829,2,-1,559,-1,102,nan
830,2,-1,811,-1,727,nan
831,2,-1,582,-1,443,nan
832,2,-1,7,-1,717,nan
833,2,-1,714,-1,443,nan
834,2,-1,301,-1,183,nan
835,2,-1,2,-1,488,nan
836,2,-1,679,-1,844,nan
837,2,-1,651,-1,576,nan
838,2,-1,422,-1,302,nan
839,2,-1,706,-1,614,nan
840,2,-1,292,-1,348,nan
841,2,-1,166,-1,437,nan
842,2,-1,652,-1,443,nan
843,2,-1,189,-1,410,nan
844,2,-1,205,-1,191,nan
845,2,-1,628,-1,576,nan
846,2,-1,785,-1,249,nan
847,2,-1,783,-1,554,nan
848,2,-1,528,-1,191,nan
849,2,-1,109,-1,437,nan
850,2,-1,95,-1,191,nan
851,2,-1,549,-1,712,nan
852,2,-1,144,-1,717,nan
853,2,-1,293,-1,437,nan
854,2,-1,408,-1,31,nan
855,2,-1,207,-1,437,nan
856,2,-1,614,-1,443,nan
857,2,-1,555,-1,717,nan
858,2,-1,566,-1,187,nan
859,2,-1,30,-1,191,nan
860,2,-1,687,-1,908,nan
861,2,-1,266,-1,437,nan
862,2,-1,53,-1,437,nan
863,2,-1,181,-1,437,nan
864,2,-1,673,-1,353,nan
865,2,-1,910,-1,18,nan
866,2,-1,387,-1,717,nan
867,2,-1,203,-1,717,nan
868,2,-1,851,-1,603,nan
869,2,-1,601,-1,822,nan
870,2,-1,892,-1,732,nan
871,2,-1,77,-1,832,nan
872,2,-1,502,-1,615,nan
873,2,-1,752,-1,614,nan
874,2,-1,53,-1,717,nan
875,2,-1,145,-1,720,nan
876,2,-1,135,-1,191,nan
877,2,-1,384,-1,410,nan
878,2,-1,91,-1,832,nan
879,2,-1,256,-1,437,nan
880,2,-1,240,-1,832,nan
881,2,-1,423,-1,519,nan
882,2,-1,258,-1,32,nan
883,2,-1,840,-1,702,nan
884,2,-1,39,-1,410,nan
885,2,-1,2,-1,816,nan
886,2,-1,313,-1,772,nan
887,2,-1,849,-1,176,nan
888,2,-1,798,-1,431,nan
889,2,-1,190,-1,772,nan
890,2,-1,938,-1,216,nan
891,2,-1,78,-1,712,nan
892,2,-1,657,-1,531,nan
893,2,-1,510,-1,139,nan
894,2,-1,854,-1,106,nan
895,2,-1,62,-1,615,nan
896,2,-1,412,-1,717,nan
897,2,-1,27,-1,437,nan
898,2,-1,348,-1,772,nan
899,2,-1,103,-1,437,nan
900,2,-1,879,-1,418,nan
901,2,-1,97,-1,855,nan
902,2,-1,97,-1,717,nan
903,2,-1,284,-1,921,nan
904,2,-1,202,-1,191,nan
905,2,-1,14,-1,437,nan
906,2,-1,57,-1,717,nan
907,2,-1,681,-1,908,nan
908,2,-1,231,-1,249,nan
909,2,-1,672,-1,673,nan
910,2,-1,499,-1,692,nan
911,2,-1,119,-1,832,nan
912,2,-1,416,-1,36,nan
913,2,-1,84,-1,717,nan
914,2,-1,39,-1,437,nan
915,2,-1,331,-1,183,nan
916,2,-1,277,-1,231,nan
917,2,-1,7,-1,717,nan
918,2,-1,940,-1,614,nan
919,2,-1,736,-1,639,nan
920,2,-1,146,-1,78,nan
921,2,-1,468,-1,191,nan
922,2,-1,717,-1,437,nan
923,2,-1,330,-1,191,nan
924,2,-1,5,-1,446,nan
925,2,-1,311,-1,717,nan
926,2,-1,77,-1,572,nan
927,2,-1,731,-1,761,nan
928,2,-1,941,-1,98,nan
929,2,-1,718,-1,438,nan
930,2,-1,368,-1,191,nan
931,2,-1,12,-1,717,nan
932,2,-1,691,-1,615,nan
933,2,-1,332,-1,443,nan
934,2,-1,49,-1,556,nan
935,2,-1,124,-1,231,nan
936,2,-1,620,-1,191,nan
937,2,-1,285,-1,437,nan
938,2,-1,772,-1,805,nan
939,2,-1,645,-1,191,nan
940,2,-1,44,-1,430,nan
941,2,-1,281,-1,692,nan
942,2,-1,1,-1,942,nan
943,2,-1,336,-1,717,nan
944,2,-1,416,-1,410,nan
945,2,-1,804,-1,850,nan
946,2,-1,587,-1,68,nan
947,2,-1,391,-1,554,nan
948,2,-1,24,-1,717,nan
949,2,-1,906,-1,523,nan
950,2,-1,285,-1,142,nan
951,2,-1,387,-1,692,nan
952,2,-1,473,-1,450,nan
953,2,-1,780,-1,148,nan
954,2,-1,568,-1,633,nan
955,2,-1,536,-1,437,nan
956,2,-1,402,-1,410,nan
957,2,-1,454,-1,285,nan
958,2,-1,896,-1,307,nan
959,2,-1,375,-1,31,nan
960,2,-1,793,-1,31,nan
961,2,-1,588,-1,191,nan
962,2,-1,555,-1,772,nan
963,2,-1,183,-1,717,nan
964,2,-1,193,-1,772,nan
965,2,-1,844,-1,191,nan
966,2,-1,719,-1,430,nan
967,2,-1,956,-1,754,nan
968,2,-1,476,-1,191,nan
969,2,-1,185,-1,437,nan
970,2,-1,51,-1,717,nan
971,2,-1,87,-1,191,nan
972,2,-1,376,-1,692,nan
973,2,-1,510,-1,31,nan
974,2,-1,104,-1,437,nan
975,2,-1,597,-1,692,nan
976,2,-1,679,-1,554,nan
977,2,-1,948,-1,745,nan
978,2,-1,491,-1,187,nan
979,2,-1,453,-1,660,nan
980,2,-1,840,-1,573,nan
981,2,-1,887,-1,416,nan
982,2,-1,279,-1,554,nan
983,2,-1,485,-1,828,nan
984,2,-1,759,-1,614,nan
985,2,-1,660,-1,165,nan
986,2,-1,473,-1,106,nan
987,2,-1,546,-1,30,nan
988,2,-1,536,-1,94,nan
989,2,-1,779,-1,139,nan
990,2,-1,510,-1,761,nan
991,2,-1,424,-1,191,nan
992,2,-1,559,-1,627,nan
993,2,-1,321,-1,772,nan
994,2,-1,37,-1,410,nan
995,2,-1,326,-1,437,nan
996,2,-1,373,-1,139,nan
997,2,-1,862,-1,659,nan
998,2,-1,287,-1,347,nan
999,2,-1,145,-1,450,nan
1000,2,-1,565,-1,692,nan
1,3,-1,455,-1,437,nan
2,3,-1,436,-1,437,nan
3,3,-1,356,-1,717,nan
4,3,-1,60,-1,832,nan
5,3,-1,129,-1,191,nan
6,3,-1,268,-1,437,nan
7,3,-1,510,-1,191,nan
8,3,-1,342,-1,31,nan
9,3,-1,1,-1,9,nan
10,3,-1,491,-1,832,nan
11,3,-1,97,-1,717,nan
12,3,-1,841,-1,908,nan
13,3,-1,574,-1,454,nan
14,3,-1,567,-1,510,nan
15,3,-1,495,-1,795,nan
16,3,-1,157,-1,437,nan
17,3,-1,371,-1,347,nan
18,3,-1,10,-1,155,nan
19,3,-1,390,-1,191,nan
20,3,-1,784,-1,636,nan
21,3,-1,777,-1,717,nan
22,3,-1,230,-1,410,nan
23,3,-1,407,-1,717,nan
24,3,-1,191,-1,191,nan
25,3,-1,778,-1,761,nan
26,3,-1,685,-1,692,nan
27,3,-1,313,-1,106,nan
28,3,-1,460,-1,191,nan
29,3,-1,725,-1,191,nan
30,3,-1,48,-1,410,nan
31,3,-1,78,-1,437,nan
32,3,-1,45,-1,437,nan
33,3,-1,534,-1,410,nan
34,3,-1,767,-1,176,nan
35,3,-1,329,-1,31,nan
36,3,-1,29,-1,832,nan
37,3,-1,201,-1,437,nan
38,3,-1,868,-1,599,nan
39,3,-1,376,-1,437,nan
40,3,-1,223,-1,832,nan
41,3,-1,665,-1,712,nan
42,3,-1,244,-1,443,nan
43,3,-1,28,-1,754,nan
44,3,-1,14,-1,437,nan
45,3,-1,500,-1,191,nan
46,3,-1,841,-1,823,nan
47,3,-1,23,-1,717,nan
48,3,-1,35,-1,816,nan
49,3,-1,964,-1,393,nan
50,3,-1,85,-1,457,nan
51,3,-1,6,-1,754,nan
52,3,-1,933,-1,249,nan
53,3,-1,499,-1,717,nan
54,3,-1,43,-1,437,nan
55,3,-1,763,-1,382,nan
56,3,-1,847,-1,810,nan
57,3,-1,61,-1,191,nan
58,3,-1,977,-1,823,nan
59,3,-1,328,-1,636,nan
60,3,-1,482,-1,712,nan
61,3,-1,140,-1,654,nan
62,3,-1,203,-1,302,nan
63,3,-1,849,-1,935,nan
64,3,-1,734,-1,293,nan
65,3,-1,669,-1,522,nan
66,3,-1,102,-1,832,nan
67,3,-1,326,-1,717,nan
68,3,-1,181,-1,437,nan
69,3,-1,282,-1,102,nan
70,3,-1,78,-1,410,nan
71,3,-1,43,-1,556,nan
72,3,-1,195,-1,191,nan
73,3,-1,465,-1,717,nan
74,3,-1,642,-1,920,nan
75,3,-1,429,-1,921,nan
76,3,-1,249,-1,772,nan
77,3,-1,635,-1,87,nan
78,3,-1,143,-1,717,nan
79,3,-1,64,-1,717,nan
80,3,-1,941,-1,754,nan
81,3,-1,91,-1,712,nan
82,3,-1,300,-1,717,nan
83,3,-1,478,-1,974,nan
84,3,-1,730,-1,176,nan
85,3,-1,15,-1,603,nan
86,3,-1,992,-1,140,nan
87,3,-1,121,-1,717,nan
88,3,-1,888,-1,522,nan
89,3,-1,955,-1,935,nan
90,3,-1,459,-1,510,nan
91,3,-1,233,-1,437,nan
92,3,-1,677,-1,935,nan
93,3,-1,771,-1,672,nan
94,3,-1,143,-1,410,nan
95,3,-1,903,-1,572,nan
96,3,-1,943,-1,592,nan
97,3,-1,183,-1,717,nan
98,3,-1,7,-1,908,nan
99,3,-1,338,-1,717,nan
100,3,-1,42,-1,437,nan
101,3,-1,122,-1,615,nan
102,3,-1,13,-1,410,nan
103,3,-1,120,-1,410,nan
104,3,-1,824,-1,134,nan
105,3,-1,17,-1,183,nan
106,3,-1,23,-1,717,nan
107,3,-1,89,-1,191,nan
108,3,-1,437,-1,191,nan
109,3,-1,362,-1,832,nan
110,3,-1,436,-1,191,nan
111,3,-1,583,-1,672,nan
112,3,-1,136,-1,410,nan
113,3,-1,271,-1,576,nan
114,3,-1,950,-1,879,nan
115,3,-1,880,-1,761,nan
116,3,-1,595,-1,720,nan
117,3,-1,72,-1,437,nan
118,3,-1,148,-1,437,nan
119,3,-1,971,-1,461,nan
120,3,-1,181,-1,437,nan
121,3,-1,59,-1,720,nan
122,3,-1,624,-1,554,nan
123,3,-1,733,-1,576,nan
124,3,-1,424,-1,450,nan
125,3,-1,256,-1,717,nan
126,3,-1,292,-1,772,nan
127,3,-1,351,-1,148,nan
128,3,-1,487,-1,32,nan
129,3,-1,706,-1,216,nan
130,3,-1,952,-1,216,nan
131,3,-1,417,-1,437,nan
132,3,-1,580,-1,795,nan
133,3,-1,69,-1,692,nan
134,3,-1,21,-1,191,nan
135,3,-1,258,-1,347,nan
136,3,-1,56,-1,717,nan
137,3,-1,657,-1,437,nan
138,3,-1,856,-1,921,nan
139,3,-1,29,-1,410,nan
140,3,-1,9,-1,9,nan
141,3,-1,432,-1,191,nan
142,3,-1,10,-1,717,nan
143,3,-1,701,-1,191,nan
144,3,-1,424,-1,139,nan
145,3,-1,90,-1,437,nan
146,3,-1,609,-1,554,nan
147,3,-1,171,-1,717,nan
148,3,-1,5,-1,717,nan
149,3,-1,397,-1,410,nan
150,3,-1,219,-1,717,nan
151,3,-1,446,-1,191,nan
152,3,-1,221,-1,285,nan
153,3,-1,9,-1,418,nan
154,3,-1,965,-1,823,nan
155,3,-1,16,-1,576,nan
156,3,-1,120,-1,437,nan
157,3,-1,78,-1,717,nan
158,3,-1,936,-1,799,nan
159,3,-1,777,-1,935,nan
160,3,-1,849,-1,554,nan
161,3,-1,271,-1,31,nan
162,3,-1,224,-1,191,nan
163,3,-1,316,-1,672,nan
164,3,-1,779,-1,235,nan
165,3,-1,54,-1,191,nan
166,3,-1,28,-1,717,nan
167,3,-1,894,-1,908,nan
168,3,-1,512,-1,418,nan
169,3,-1,147,-1,106,nan
170,3,-1,464,-1,191,nan
171,3,-1,246,-1,832,nan
172,3,-1,106,-1,717,nan
173,3,-1,87,-1,832,nan
174,3,-1,367,-1,450,nan
175,3,-1,549,-1,599,nan
176,3,-1,203,-1,692,nan
177,3,-1,600,-1,717,nan
178,3,-1,566,-1,576,nan
179,3,-1,268,-1,692,nan
180,3,-1,323,-1,692,nan
181,3,-1,517,-1,191,nan
182,3,-1,200,-1,410,nan
183,3,-1,49,-1,437,nan
184,3,-1,939,-1,616,nan
185,3,-1,257,-1,410,nan
186,3,-1,115,-1,717,nan
187,3,-1,299,-1,148,nan
188,3,-1,720,-1,31,nan
189,3,-1,323,-1,510,nan
190,3,-1,655,-1,694,nan
191,3,-1,5,-1,717,nan
192,3,-1,121,-1,443,nan
193,3,-1,431,-1,773,nan
194,3,-1,220,-1,410,nan
195,3,-1,492,-1,717,nan
196,3,-1,380,-1,36,nan
197,3,-1,48,-1,556,nan
198,3,-1,628,-1,931,nan
199,3,-1,267,-1,191,nan
200,3,-1,347,-1,191,nan
201,3,-1,234,-1,191,nan
202,3,-1,936,-1,216,nan
203,3,-1,466,-1,191,nan
204,3,-1,432,-1,466,nan
205,3,-1,18,-1,717,nan
206,3,-1,898,-1,761,nan
207,3,-1,178,-1,832,nan
208,3,-1,618,-1,443,nan
209,3,-1,656,-1,948,nan
210,3,-1,63,-1,920,nan
211,3,-1,26,-1,191,nan
212,3,-1,23,-1,393,nan
213,3,-1,45,-1,437,nan
214,3,-1,991,-1,48,nan
215,3,-1,462,-1,293,nan
216,3,-1,90,-1,692,nan
217,3,-1,762,-1,443,nan
218,3,-1,521,-1,702,nan
219,3,-1,1,-1,219,nan
220,3,-1,168,-1,437,nan
221,3,-1,524,-1,87,nan
222,3,-1,589,-1,443,nan
223,3,-1,622,-1,672,nan
224,3,-1,598,-1,994,nan
225,3,-1,360,-1,139,nan
226,3,-1,88,-1,615,nan
227,3,-1,10,-1,615,nan
228,3,-1,194,-1,410,nan
229,3,-1,904,-1,940,nan
230,3,-1,996,-1,214,nan
231,3,-1,18,-1,832,nan
232,3,-1,67,-1,450,nan
233,3,-1,444,-1,249,nan
234,3,-1,434,-1,191,nan
235,3,-1,711,-1,738,nan
236,3,-1,275,-1,437,nan
237,3,-1,271,-1,772,nan
238,3,-1,654,-1,443,nan
239,3,-1,248,-1,410,nan
240,3,-1,100,-1,717,nan
241,3,-1,16,-1,717,nan
242,3,-1,7,-1,416,nan
243,3,-1,281,-1,772,nan
244,3,-1,711,-1,855,nan
245,3,-1,773,-1,311,nan
246,3,-1,523,-1,437,nan
247,3,-1,526,-1,302,nan
248,3,-1,424,-1,510,nan
249,3,-1,110,-1,717,nan
250,3,-1,369,-1,443,nan
251,3,-1,745,-1,935,nan
252,3,-1,101,-1,183,nan
253,3,-1,42,-1,388,nan
254,3,-1,195,-1,717,nan
255,3,-1,8,-1,692,nan
256,3,-1,137,-1,410,nan
257,3,-1,982,-1,816,nan
258,3,-1,349,-1,772,nan
259,3,-1,643,-1,285,nan
260,3,-1,354,-1,615,nan
261,3,-1,661,-1,183,nan
262,3,-1,1,-1,262,nan
263,3,-1,96,-1,754,nan
264,3,-1,468,-1,191,nan
265,3,-1,316,-1,717,nan
266,3,-1,899,-1,522,nan
267,3,-1,199,-1,191,nan
268,3,-1,284,-1,692,nan
269,3,-1,35,-1,717,nan
270,3,-1,599,-1,920,nan
271,3,-1,551,-1,576,nan
272,3,-1,507,-1,410,nan
273,3,-1,565,-1,249,nan
274,3,-1,244,-1,437,nan
275,3,-1,733,-1,134,nan
276,3,-1,779,-1,761,nan
277,3,-1,286,-1,642,nan
278,3,-1,779,-1,191,nan
279,3,-1,771,-1,106,nan
280,3,-1,412,-1,191,nan
281,3,-1,39,-1,717,nan
282,3,-1,354,-1,772,nan
283,3,-1,594,-1,554,nan
284,3,-1,478,-1,717,nan
285,3,-1,19,-1,717,nan
286,3,-1,704,-1,176,nan
287,3,-1,93,-1,655,nan
288,3,-1,294,-1,31,nan
289,3,-1,365,-1,437,nan
290,3,-1,749,-1,186,nan
291,3,-1,833,-1,556,nan
292,3,-1,418,-1,437,nan
293,3,-1,300,-1,211,nan
294,3,-1,344,-1,717,nan
295,3,-1,712,-1,717,nan
296,3,-1,582,-1,410,nan
297,3,-1,980,-1,572,nan
298,3,-1,8,-1,717,nan
299,3,-1,94,-1,191,nan
300,3,-1,923,-1,746,nan
301,3,-1,606,-1,443,nan
302,3,-1,89,-1,832,nan
303,3,-1,587,-1,293,nan
304,3,-1,678,-1,293,nan
305,3,-1,702,-1,615,nan
306,3,-1,282,-1,717,nan
307,3,-1,280,-1,844,nan
308,3,-1,984,-1,572,nan
309,3,-1,554,-1,410,nan
310,3,-1,359,-1,410,nan
311,3,-1,682,-1,814,nan
312,3,-1,222,-1,191,nan
313,3,-1,445,-1,692,nan
314,3,-1,412,-1,717,nan
315,3,-1,574,-1,795,nan
316,3,-1,323,-1,717,nan
317,3,-1,68,-1,191,nan
318,3,-1,476,-1,183,nan
319,3,-1,472,-1,191,nan
320,3,-1,54,-1,437,nan
321,3,-1,72,-1,717,nan
322,3,-1,682,-1,859,nan
323,3,-1,994,-1,329,nan
324,3,-1,618,-1,717,nan
325,3,-1,881,-1,813,nan
326,3,-1,880,-1,879,nan
327,3,-1,883,-1,655,nan
328,3,-1,584,-1,627,nan
329,3,-1,62,-1,9,nan
330,3,-1,602,-1,249,nan
331,3,-1,547,-1,191,nan
332,3,-1,817,-1,307,nan
333,3,-1,923,-1,745,nan
334,3,-1,146,-1,720,nan
335,3,-1,105,-1,717,nan
336,3,-1,475,-1,692,nan
337,3,-1,128,-1,285,nan
338,3,-1,140,-1,717,nan
339,3,-1,401,-1,183,nan
340,3,-1,588,-1,692,nan
341,3,-1,557,-1,702,nan
342,3,-1,706,-1,673,nan
343,3,-1,100,-1,191,nan
344,3,-1,646,-1,556,nan
345,3,-1,429,-1,935,nan
346,3,-1,194,-1,717,nan
347,3,-1,52,-1,717,nan
348,3,-1,35,-1,717,nan
349,3,-1,127,-1,832,nan
350,3,-1,149,-1,106,nan
351,3,-1,55,-1,191,nan
352,3,-1,445,-1,450,nan
353,3,-1,171,-1,191,nan
354,3,-1,818,-1,636,nan
355,3,-1,323,-1,148,nan
356,3,-1,7,-1,717,nan
357,3,-1,68,-1,633,nan
358,3,-1,630,-1,191,nan
359,3,-1,22,-1,454,nan
360,3,-1,683,-1,712,nan
361,3,-1,116,-1,717,nan
362,3,-1,973,-1,656,nan
363,3,-1,33,-1,443,nan
364,3,-1,191,-1,717,nan
365,3,-1,846,-1,156,nan
366,3,-1,924,-1,745,nan
367,3,-1,92,-1,717,nan
368,3,-1,125,-1,832,nan
369,3,-1,72,-1,717,nan
370,3,-1,671,-1,443,nan
371,3,-1,549,-1,117,nan
372,3,-1,382,-1,410,nan
373,3,-1,411,-1,191,nan
374,3,-1,81,-1,437,nan
375,3,-1,973,-1,491,nan
376,3,-1,734,-1,859,nan
377,3,-1,196,-1,717,nan
378,3,-1,312,-1,410,nan
379,3,-1,99,-1,603,nan
380,3,-1,836,-1,139,nan
381,3,-1,943,-1,754,nan
382,3,-1,30,-1,554,nan
383,3,-1,608,-1,556,nan
384,3,-1,629,-1,556,nan
385,3,-1,646,-1,702,nan
386,3,-1,289,-1,615,nan
387,3,-1,13,-1,907,nan
388,3,-1,114,-1,816,nan
389,3,-1,51,-1,942,nan
390,3,-1,141,-1,191,nan
391,3,-1,802,-1,244,nan
392,3,-1,159,-1,692,nan
393,3,-1,678,-1,754,nan
394,3,-1,712,-1,410,nan
395,3,-1,382,-1,320,nan
396,3,-1,104,-1,717,nan
397,3,-1,33,-1,717,nan
398,3,-1,462,-1,814,nan
399,3,-1,55,-1,717,nan
400,3,-1,315,-1,832,nan
401,3,-1,530,-1,443,nan
402,3,-1,127,-1,746,nan
403,3,-1,152,-1,139,nan
404,3,-1,695,-1,191,nan
405,3,-1,837,-1,496,nan
406,3,-1,514,-1,643,nan
407,3,-1,515,-1,191,nan
408,3,-1,308,-1,717,nan
409,3,-1,634,-1,692,nan
410,3,-1,7,-1,717,nan
411,3,-1,72,-1,549,nan
412,3,-1,83,-1,907,nan
413,3,-1,55,-1,717,nan
414,3,-1,822,-1,614,nan
415,3,-1,699,-1,139,nan
416,3,-1,48,-1,672,nan
417,3,-1,365,-1,772,nan
418,3,-1,69,-1,573,nan
419,3,-1,834,-1,814,nan
420,3,-1,726,-1,443,nan
421,3,-1,474,-1,302,nan
422,3,-1,67,-1,801,nan
423,3,-1,85,-1,717,nan
424,3,-1,87,-1,832,nan
425,3,-1,708,-1,754,nan
426,3,-1,26,-1,437,nan
427,3,-1,367,-1,908,nan
428,3,-1,234,-1,772,nan
429,3,-1,26,-1,437,nan
430,3,-1,6,-1,249,nan
431,3,-1,219,-1,410,nan
432,3,-1,382,-1,102,nan
433,3,-1,430,-1,554,nan
434,3,-1,679,-1,31,nan
435,3,-1,24,-1,832,nan
436,3,-1,257,-1,717,nan
437,3,-1,2,-1,717,nan
438,3,-1,352,-1,615,nan
439,3,-1,24,-1,443,nan
440,3,-1,68,-1,410,nan
441,3,-1,88,-1,692,nan
442,3,-1,147,-1,692,nan
443,3,-1,102,-1,642,nan
444,3,-1,51,-1,191,nan
445,3,-1,246,-1,437,nan
446,3,-1,24,-1,140,nan
447,3,-1,577,-1,931,nan
448,3,-1,513,-1,31,nan
449,3,-1,631,-1,844,nan
450,3,-1,52,-1,772,nan
451,3,-1,460,-1,615,nan
452,3,-1,544,-1,935,nan
453,3,-1,353,-1,437,nan
454,3,-1,311,-1,576,nan
455,3,-1,849,-1,652,nan
456,3,-1,773,-1,231,nan
457,3,-1,65,-1,717,nan
458,3,-1,195,-1,717,nan
459,3,-1,107,-1,191,nan
460,3,-1,139,-1,717,nan
461,3,-1,32,-1,656,nan
462,3,-1,443,-1,117,nan
463,3,-1,499,-1,772,nan
464,3,-1,267,-1,437,nan
465,3,-1,252,-1,191,nan
466,3,-1,35,-1,717,nan
467,3,-1,277,-1,410,nan
468,3,-1,612,-1,935,nan
469,3,-1,152,-1,437,nan
470,3,-1,494,-1,692,nan
471,3,-1,570,-1,191,nan
472,3,-1,615,-1,183,nan
473,3,-1,491,-1,717,nan
474,3,-1,366,-1,717,nan
475,3,-1,663,-1,556,nan
476,3,-1,279,-1,139,nan
477,3,-1,66,-1,832,nan
478,3,-1,31,-1,717,nan
479,3,-1,233,-1,717,nan
480,3,-1,136,-1,717,nan
481,3,-1,180,-1,832,nan
482,3,-1,207,-1,437,nan
483,3,-1,363,-1,191,nan
484,3,-1,703,-1,139,nan
485,3,-1,655,-1,31,nan
486,3,-1,924,-1,146,nan
487,3,-1,816,-1,576,nan
488,3,-1,759,-1,191,nan
489,3,-1,261,-1,191,nan
490,3,-1,732,-1,935,nan
491,3,-1,195,-1,454,nan
492,3,-1,635,-1,627,nan
493,3,-1,581,-1,410,nan
494,3,-1,80,-1,437,nan
495,3,-1,532,-1,720,nan
496,3,-1,738,-1,148,nan
497,3,-1,302,-1,692,nan
498,3,-1,256,-1,717,nan
499,3,-1,534,-1,443,nan
500,3,-1,198,-1,437,nan
501,3,-1,222,-1,717,nan
502,3,-1,302,-1,31,nan
503,3,-1,160,-1,148,nan
504,3,-1,497,-1,554,nan
505,3,-1,196,-1,443,nan
506,3,-1,550,-1,720,nan
507,3,-1,46,-1,633,nan
508,3,-1,729,-1,745,nan
509,3,-1,173,-1,410,nan
510,3,-1,9,-1,191,nan
511,3,-1,971,-1,823,nan
512,3,-1,359,-1,717,nan
513,3,-1,173,-1,654,nan
514,3,-1,190,-1,717,nan
515,3,-1,255,-1,249,nan
516,3,-1,137,-1,717,nan
517,3,-1,844,-1,176,nan
518,3,-1,298,-1,717,nan
519,3,-1,7,-1,717,nan
520,3,-1,263,-1,410,nan
521,3,-1,651,-1,249,nan
522,3,-1,11,-1,920,nan
523,3,-1,78,-1,717,nan
524,3,-1,409,-1,717,nan
525,3,-1,150,-1,437,nan
526,3,-1,5,-1,437,nan
527,3,-1,27,-1,832,nan
528,3,-1,734,-1,522,nan
529,3,-1,287,-1,717,nan
530,3,-1,580,-1,31,nan
531,3,-1,87,-1,615,nan
532,3,-1,882,-1,512,nan
533,3,-1,37,-1,717,nan
534,3,-1,7,-1,191,nan
535,3,-1,919,-1,745,nan
536,3,-1,220,-1,191,nan
537,3,-1,616,-1,31,nan
538,3,-1,19,-1,717,nan
539,3,-1,689,-1,348,nan
540,3,-1,225,-1,437,nan
541,3,-1,351,-1,437,nan
542,3,-1,171,-1,717,nan
543,3,-1,446,-1,692,nan
544,3,-1,282,-1,191,nan
545,3,-1,280,-1,615,nan
546,3,-1,412,-1,191,nan
547,3,-1,535,-1,832,nan
548,3,-1,781,-1,245,nan
549,3,-1,992,-1,329,nan
550,3,-1,767,-1,235,nan
551,3,-1,24,-1,216,nan
552,3,-1,99,-1,717,nan
553,3,-1,134,-1,437,nan
554,3,-1,29,-1,191,nan
555,3,-1,311,-1,437,nan
556,3,-1,124,-1,183,nan
557,3,-1,639,-1,556,nan
558,3,-1,927,-1,921,nan
559,3,-1,628,-1,106,nan
560,3,-1,797,-1,191,nan
561,3,-1,279,-1,191,nan
562,3,-1,5,-1,388,nan
563,3,-1,648,-1,87,nan
564,3,-1,404,-1,191,nan
565,3,-1,539,-1,692,nan
566,3,-1,261,-1,148,nan
567,3,-1,846,-1,87,nan
568,3,-1,173,-1,692,nan
569,3,-1,597,-1,717,nan
570,3,-1,227,-1,437,nan
571,3,-1,208,-1,692,nan
572,3,-1,1,-1,572,nan
573,3,-1,704,-1,191,nan
574,3,-1,84,-1,191,nan
575,3,-1,159,-1,832,nan
576,3,-1,19,-1,633,nan
577,3,-1,74,-1,832,nan
578,3,-1,299,-1,673,nan
579,3,-1,786,-1,813,nan
580,3,-1,673,-1,191,nan
581,3,-1,420,-1,191,nan
582,3,-1,407,-1,754,nan
583,3,-1,854,-1,908,nan
584,3,-1,738,-1,908,nan
585,3,-1,642,-1,717,nan
586,3,-1,283,-1,717,nan
587,3,-1,540,-1,772,nan
588,3,-1,623,-1,556,nan
589,3,-1,662,-1,211,nan
590,3,-1,681,-1,745,nan
591,3,-1,970,-1,216,nan
592,3,-1,128,-1,920,nan
593,3,-1,36,-1,717,nan
594,3,-1,247,-1,347,nan
595,3,-1,484,-1,410,nan
596,3,-1,105,-1,437,nan
597,3,-1,207,-1,410,nan
598,3,-1,47,-1,717,nan
599,3,-1,87,-1,78,nan
600,3,-1,349,-1,660,nan
601,3,-1,486,-1,437,nan
602,3,-1,743,-1,205,nan
603,3,-1,14,-1,746,nan
604,3,-1,134,-1,717,nan
605,3,-1,6,-1,216,nan
606,3,-1,447,-1,191,nan
607,3,-1,41,-1,687,nan
608,3,-1,812,-1,522,nan
609,3,-1,801,-1,745,nan
610,3,-1,754,-1,556,nan
611,3,-1,378,-1,443,nan
612,3,-1,701,-1,795,nan
613,3,-1,483,-1,191,nan
614,3,-1,33,-1,556,nan
615,3,-1,53,-1,437,nan
616,3,-1,492,-1,117,nan
617,3,-1,392,-1,717,nan
618,3,-1,736,-1,87,nan
619,3,-1,365,-1,66,nan
620,3,-1,286,-1,772,nan
621,3,-1,741,-1,935,nan
622,3,-1,140,-1,191,nan
623,3,-1,433,-1,633,nan
624,3,-1,228,-1,437,nan
625,3,-1,108,-1,692,nan
626,3,-1,925,-1,556,nan
627,3,-1,17,-1,249,nan
628,3,-1,120,-1,191,nan
629,3,-1,121,-1,191,nan
630,3,-1,304,-1,633,nan
631,3,-1,299,-1,717,nan
632,3,-1,694,-1,522,nan
633,3,-1,17,-1,615,nan
634,3,-1,44,-1,717,nan
635,3,-1,246,-1,410,nan
636,3,-1,504,-1,772,nan
637,3,-1,964,-1,496,nan
638,3,-1,500,-1,692,nan
639,3,-1,314,-1,87,nan
640,3,-1,608,-1,187,nan
641,3,-1,339,-1,231,nan
642,3,-1,8,-1,437,nan
643,3,-1,255,-1,191,nan
644,3,-1,349,-1,443,nan
645,3,-1,388,-1,191,nan
646,3,-1,183,-1,717,nan
647,3,-1,327,-1,437,nan
648,3,-1,995,-1,446,nan
649,3,-1,499,-1,249,nan
650,3,-1,191,-1,191,nan
651,3,-1,479,-1,672,nan
652,3,-1,28,-1,717,nan
653,3,-1,323,-1,191,nan
654,3,-1,1,-1,654,nan
655,3,-1,7,-1,603,nan
656,3,-1,25,-1,908,nan
657,3,-1,727,-1,908,nan
658,3,-1,675,-1,920,nan
659,3,-1,7,-1,155,nan
660,3,-1,11,-1,717,nan
661,3,-1,31,-1,437,nan
662,3,-1,675,-1,672,nan
663,3,-1,360,-1,633,nan
664,3,-1,107,-1,437,nan
665,3,-1,18,-1,437,nan
666,3,-1,309,-1,191,nan
667,3,-1,249,-1,692,nan
668,3,-1,389,-1,692,nan
669,3,-1,538,-1,249,nan
670,3,-1,981,-1,885,nan
671,3,-1,423,-1,832,nan
672,3,-1,36,-1,139,nan
673,3,-1,52,-1,191,nan
674,3,-1,614,-1,556,nan
675,3,-1,798,-1,556,nan
676,3,-1,223,-1,576,nan
677,3,-1,875,-1,712,nan
678,3,-1,390,-1,702,nan
679,3,-1,990,-1,572,nan
680,3,-1,675,-1,176,nan
681,3,-1,508,-1,165,nan
682,3,-1,419,-1,450,nan
683,3,-1,126,-1,148,nan
684,3,-1,100,-1,191,nan
685,3,-1,165,-1,717,nan
686,3,-1,62,-1,142,nan
687,3,-1,767,-1,139,nan
688,3,-1,158,-1,692,nan
689,3,-1,111,-1,191,nan
690,3,-1,955,-1,816,nan
691,3,-1,94,-1,717,nan
692,3,-1,78,-1,437,nan
693,3,-1,499,-1,554,nan
694,3,-1,31,-1,410,nan
695,3,-1,63,-1,454,nan
696,3,-1,46,-1,832,nan
697,3,-1,115,-1,191,nan
698,3,-1,546,-1,249,nan
699,3,-1,836,-1,576,nan
700,3,-1,830,-1,573,nan
701,3,-1,364,-1,614,nan
702,3,-1,22,-1,437,nan
703,3,-1,552,-1,615,nan
704,3,-1,973,-1,418,nan
705,3,-1,444,-1,717,nan
706,3,-1,436,-1,450,nan
707,3,-1,183,-1,437,nan
708,3,-1,54,-1,437,nan
709,3,-1,825,-1,293,nan
710,3,-1,687,-1,139,nan
711,3,-1,231,-1,772,nan
712,3,-1,59,-1,320,nan
713,3,-1,297,-1,717,nan
714,3,-1,561,-1,614,nan
715,3,-1,110,-1,437,nan
716,3,-1,780,-1,576,nan
717,3,-1,4,-1,437,nan
718,3,-1,596,-1,908,nan
719,3,-1,453,-1,191,nan
720,3,-1,24,-1,437,nan
721,3,-1,723,-1,689,nan
722,3,-1,678,-1,745,nan
723,3,-1,371,-1,106,nan
724,3,-1,340,-1,443,nan
725,3,-1,164,-1,717,nan
726,3,-1,505,-1,139,nan
727,3,-1,82,-1,437,nan
728,3,-1,381,-1,437,nan
729,3,-1,257,-1,410,nan
730,3,-1,498,-1,702,nan
731,3,-1,134,-1,437,nan
732,3,-1,13,-1,813,nan
733,3,-1,565,-1,31,nan
734,3,-1,727,-1,761,nan
735,3,-1,234,-1,191,nan
736,3,-1,221,-1,832,nan
737,3,-1,888,-1,795,nan
738,3,-1,184,-1,437,nan
739,3,-1,846,-1,488,nan
740,3,-1,52,-1,717,nan
741,3,-1,203,-1,717,nan
742,3,-1,118,-1,692,nan
743,3,-1,577,-1,692,nan
744,3,-1,676,-1,249,nan
745,3,-1,148,-1,828,nan
746,3,-1,34,-1,822,nan
747,3,-1,776,-1,908,nan
748,3,-1,333,-1,717,nan
749,3,-1,127,-1,556,nan
750,3,-1,24,-1,654,nan
751,3,-1,12,-1,191,nan
752,3,-1,794,-1,745,nan
753,3,-1,398,-1,920,nan
754,3,-1,3,-1,813,nan
755,3,-1,355,-1,795,nan
756,3,-1,185,-1,437,nan
757,3,-1,307,-1,191,nan
758,3,-1,314,-1,554,nan
759,3,-1,404,-1,191,nan
760,3,-1,720,-1,661,nan
761,3,-1,359,-1,293,nan
762,3,-1,445,-1,832,nan
763,3,-1,175,-1,931,nan
764,3,-1,285,-1,410,nan
765,3,-1,383,-1,191,nan
766,3,-1,390,-1,437,nan
767,3,-1,831,-1,148,nan
768,3,-1,994,-1,562,nan
769,3,-1,190,-1,692,nan
770,3,-1,316,-1,437,nan
771,3,-1,511,-1,139,nan
772,3,-1,14,-1,191,nan
773,3,-1,4,-1,437,nan
774,3,-1,169,-1,654,nan
775,3,-1,562,-1,526,nan
776,3,-1,491,-1,443,nan
777,3,-1,69,-1,717,nan
778,3,-1,300,-1,832,nan
779,3,-1,119,-1,410,nan
780,3,-1,186,-1,437,nan
781,3,-1,593,-1,249,nan
782,3,-1,125,-1,410,nan
783,3,-1,779,-1,746,nan
784,3,-1,181,-1,410,nan
785,3,-1,823,-1,935,nan
786,3,-1,802,-1,192,nan
787,3,-1,973,-1,146,nan
788,3,-1,634,-1,28,nan
789,3,-1,520,-1,285,nan
790,3,-1,718,-1,814,nan
791,3,-1,491,-1,599,nan
792,3,-1,407,-1,745,nan
793,3,-1,241,-1,437,nan
794,3,-1,172,-1,191,nan
795,3,-1,165,-1,211,nan
796,3,-1,64,-1,717,nan
797,3,-1,531,-1,556,nan
798,3,-1,7,-1,556,nan
799,3,-1,501,-1,615,nan
800,3,-1,182,-1,615,nan
801,3,-1,5,-1,437,nan
802,3,-1,219,-1,717,nan
803,3,-1,45,-1,148,nan
804,3,-1,322,-1,437,nan
805,3,-1,331,-1,832,nan
806,3,-1,375,-1,410,nan
807,3,-1,331,-1,87,nan
808,3,-1,868,-1,630,nan
809,3,-1,876,-1,656,nan
810,3,-1,778,-1,908,nan
811,3,-1,94,-1,754,nan
812,3,-1,874,-1,556,nan
813,3,-1,611,-1,920,nan
814,3,-1,239,-1,191,nan
815,3,-1,567,-1,87,nan
816,3,-1,14,-1,412,nan
817,3,-1,258,-1,191,nan
818,3,-1,542,-1,117,nan
819,3,-1,649,-1,139,nan
820,3,-1,130,-1,717,nan
821,3,-1,279,-1,437,nan
822,3,-1,61,-1,78,nan
823,3,-1,771,-1,392,nan
824,3,-1,14,-1,148,nan
825,3,-1,218,-1,692,nan
826,3,-1,189,-1,717,nan
827,3,-1,163,-1,437,nan
828,3,-1,113,-1,443,nan
829,3,-1,504,-1,712,nan
830,3,-1,763,-1,382,nan
831,3,-1,663,-1,712,nan
832,3,-1,5,-1,717,nan
833,3,-1,726,-1,633,nan
834,3,-1,323,-1,654,nan
835,3,-1,16,-1,573,nan
836,3,-1,681,-1,921,nan
837,3,-1,639,-1,614,nan
838,3,-1,412,-1,720,nan
839,3,-1,708,-1,935,nan
840,3,-1,350,-1,191,nan
841,3,-1,195,-1,410,nan
842,3,-1,130,-1,920,nan
843,3,-1,120,-1,410,nan
844,3,-1,151,-1,510,nan
845,3,-1,666,-1,576,nan
846,3,-1,789,-1,438,nan
847,3,-1,735,-1,672,nan
848,3,-1,441,-1,720,nan
849,3,-1,112,-1,717,nan
850,3,-1,100,-1,717,nan
851,3,-1,500,-1,627,nan
852,3,-1,134,-1,717,nan
853,3,-1,160,-1,692,nan
854,3,-1,407,-1,241,nan
855,3,-1,262,-1,832,nan
856,3,-1,599,-1,935,nan
857,3,-1,600,-1,692,nan
858,3,-1,603,-1,281,nan
859,3,-1,86,-1,437,nan
860,3,-1,631,-1,370,nan
861,3,-1,290,-1,437,nan
862,3,-1,50,-1,717,nan
863,3,-1,348,-1,191,nan
864,3,-1,685,-1,554,nan
865,3,-1,903,-1,614,nan
866,3,-1,367,-1,437,nan
867,3,-1,195,-1,148,nan
868,3,-1,673,-1,216,nan
869,3,-1,4,-1,754,nan
870,3,-1,1,-1,870,nan
871,3,-1,84,-1,654,nan
872,3,-1,487,-1,642,nan
873,3,-1,843,-1,828,nan
874,3,-1,71,-1,717,nan
875,3,-1,92,-1,717,nan
876,3,-1,249,-1,347,nan
877,3,-1,514,-1,466,nan
878,3,-1,62,-1,832,nan
879,3,-1,162,-1,832,nan
880,3,-1,363,-1,410,nan
881,3,-1,563,-1,720,nan
882,3,-1,412,-1,832,nan
883,3,-1,633,-1,418,nan
884,3,-1,52,-1,717,nan
885,3,-1,21,-1,412,nan
886,3,-1,251,-1,191,nan
887,3,-1,867,-1,71,nan
888,3,-1,731,-1,672,nan
889,3,-1,169,-1,717,nan
890,3,-1,941,-1,810,nan
891,3,-1,284,-1,437,nan
892,3,-1,623,-1,260,nan
893,3,-1,505,-1,477,nan
894,3,-1,747,-1,795,nan
895,3,-1,281,-1,249,nan
896,3,-1,412,-1,437,nan
897,3,-1,13,-1,437,nan
898,3,-1,383,-1,191,nan
899,3,-1,190,-1,772,nan
900,3,-1,912,-1,554,nan
901,3,-1,247,-1,692,nan
902,3,-1,58,-1,437,nan
903,3,-1,706,-1,556,nan
904,3,-1,233,-1,931,nan
905,3,-1,4,-1,437,nan
906,3,-1,45,-1,410,nan
907,3,-1,5,-1,754,nan
908,3,-1,1,-1,908,nan
909,3,-1,734,-1,510,nan
910,3,-1,567,-1,369,nan
911,3,-1,123,-1,717,nan
912,3,-1,447,-1,720,nan
913,3,-1,99,-1,717,nan
914,3,-1,12,-1,32,nan
915,3,-1,362,-1,443,nan
916,3,-1,266,-1,717,nan
917,3,-1,7,-1,832,nan
918,3,-1,756,-1,51,nan
919,3,-1,805,-1,510,nan
920,3,-1,3,-1,101,nan
921,3,-1,525,-1,717,nan
922,3,-1,717,-1,576,nan
923,3,-1,315,-1,148,nan
924,3,-1,995,-1,446,nan
925,3,-1,288,-1,510,nan
926,3,-1,923,-1,461,nan
927,3,-1,873,-1,643,nan
928,3,-1,950,-1,197,nan
929,3,-1,697,-1,18,nan
930,3,-1,294,-1,148,nan
931,3,-1,8,-1,717,nan
932,3,-1,708,-1,879,nan
933,3,-1,447,-1,437,nan
934,3,-1,104,-1,249,nan
935,3,-1,222,-1,437,nan
936,3,-1,653,-1,519,nan
937,3,-1,207,-1,437,nan
938,3,-1,708,-1,576,nan
939,3,-1,684,-1,249,nan
940,3,-1,581,-1,717,nan
941,3,-1,537,-1,772,nan
942,3,-1,1,-1,942,nan
943,3,-1,367,-1,717,nan
944,3,-1,463,-1,437,nan
945,3,-1,713,-1,639,nan
946,3,-1,514,-1,430,nan
947,3,-1,523,-1,347,nan
948,3,-1,27,-1,717,nan
949,3,-1,915,-1,258,nan
950,3,-1,301,-1,148,nan
951,3,-1,368,-1,410,nan
952,3,-1,512,-1,510,nan
953,3,-1,751,-1,672,nan
954,3,-1,75,-1,216,nan
955,3,-1,582,-1,183,nan
956,3,-1,400,-1,148,nan
957,3,-1,290,-1,450,nan
958,3,-1,896,-1,307,nan
959,3,-1,473,-1,712,nan
960,3,-1,784,-1,443,nan
961,3,-1,355,-1,28,nan
962,3,-1,472,-1,191,nan
963,3,-1,180,-1,410,nan
964,3,-1,241,-1,410,nan
965,3,-1,851,-1,165,nan
966,3,-1,616,-1,556,nan
967,3,-1,958,-1,910,nan
968,3,-1,448,-1,720,nan
969,3,-1,110,-1,191,nan
970,3,-1,42,-1,717,nan
971,3,-1,121,-1,191,nan
972,3,-1,350,-1,917,nan
973,3,-1,460,-1,191,nan
974,3,-1,25,-1,410,nan
975,3,-1,656,-1,692,nan
976,3,-1,722,-1,935,nan
977,3,-1,819,-1,419,nan
978,3,-1,570,-1,410,nan
979,3,-1,439,-1,717,nan
980,3,-1,917,-1,908,nan
981,3,-1,902,-1,746,nan
982,3,-1,172,-1,554,nan
983,3,-1,516,-1,348,nan
984,3,-1,901,-1,822,nan
985,3,-1,662,-1,139,nan
986,3,-1,518,-1,191,nan
987,3,-1,619,-1,410,nan
988,3,-1,604,-1,31,nan
989,3,-1,775,-1,761,nan
990,3,-1,708,-1,78,nan
991,3,-1,357,-1,712,nan
992,3,-1,654,-1,920,nan
993,3,-1,352,-1,348,nan
994,3,-1,14,-1,832,nan
995,3,-1,300,-1,183,nan
996,3,-1,530,-1,369,nan
997,3,-1,855,-1,191,nan
998,3,-1,273,-1,717,nan
999,3,-1,490,-1,717,nan
1000,3,-1,654,-1,450,nan
1,4,-1,276,-1,139,nan
2,4,-1,296,-1,148,nan
3,4,-1,376,-1,654,nan
4,4,-1,53,-1,437,nan
5,4,-1,143,-1,191,nan
6,4,-1,311,-1,183,nan
7,4,-1,472,-1,183,nan
8,4,-1,308,-1,717,nan
9,4,-1,21,-1,816,nan
10,4,-1,493,-1,615,nan
11,4,-1,93,-1,437,nan
12,4,-1,813,-1,576,nan
13,4,-1,128,-1,603,nan
14,4,-1,553,-1,510,nan
15,4,-1,647,-1,139,nan
16,4,-1,152,-1,410,nan
17,4,-1,380,-1,720,nan
18,4,-1,18,-1,822,nan
19,4,-1,393,-1,717,nan
20,4,-1,811,-1,672,nan
21,4,-1,754,-1,720,nan
22,4,-1,269,-1,139,nan
23,4,-1,409,-1,106,nan
24,4,-1,165,-1,191,nan
25,4,-1,837,-1,443,nan
26,4,-1,648,-1,855,nan
27,4,-1,146,-1,183,nan
28,4,-1,471,-1,652,nan
29,4,-1,710,-1,410,nan
30,4,-1,57,-1,717,nan
31,4,-1,25,-1,717,nan
32,4,-1,6,-1,183,nan
33,4,-1,470,-1,139,nan
34,4,-1,755,-1,258,nan
35,4,-1,311,-1,832,nan
36,4,-1,13,-1,832,nan
37,4,-1,162,-1,437,nan
38,4,-1,888,-1,615,nan
39,4,-1,391,-1,347,nan
40,4,-1,201,-1,437,nan
41,4,-1,663,-1,443,nan
42,4,-1,473,-1,692,nan
43,4,-1,604,-1,603,nan
44,4,-1,17,-1,437,nan
45,4,-1,442,-1,642,nan
46,4,-1,921,-1,813,nan
47,4,-1,10,-1,148,nan
48,4,-1,816,-1,754,nan
49,4,-1,970,-1,572,nan
50,4,-1,87,-1,717,nan
51,4,-1,4,-1,754,nan
52,4,-1,932,-1,921,nan
53,4,-1,287,-1,450,nan
54,4,-1,30,-1,717,nan
55,4,-1,739,-1,410,nan
56,4,-1,87,-1,379,nan
57,4,-1,24,-1,832,nan
58,4,-1,968,-1,823,nan
59,4,-1,817,-1,642,nan
60,4,-1,490,-1,717,nan
61,4,-1,179,-1,437,nan
62,4,-1,253,-1,692,nan
63,4,-1,808,-1,416,nan
64,4,-1,771,-1,239,nan
65,4,-1,21,-1,754,nan
66,4,-1,89,-1,832,nan
67,4,-1,278,-1,231,nan
68,4,-1,147,-1,183,nan
69,4,-1,95,-1,443,nan
70,4,-1,81,-1,148,nan
71,4,-1,400,-1,320,nan
72,4,-1,217,-1,191,nan
73,4,-1,499,-1,183,nan
74,4,-1,222,-1,556,nan
75,4,-1,532,-1,191,nan
76,4,-1,170,-1,772,nan
77,4,-1,464,-1,211,nan
78,4,-1,8,-1,437,nan
79,4,-1,44,-1,191,nan
80,4,-1,946,-1,718,nan
81,4,-1,288,-1,443,nan
82,4,-1,287,-1,717,nan
83,4,-1,481,-1,717,nan
84,4,-1,770,-1,450,nan
85,4,-1,439,-1,908,nan
86,4,-1,993,-1,389,nan
87,4,-1,155,-1,437,nan
88,4,-1,460,-1,393,nan
89,4,-1,963,-1,813,nan
90,4,-1,602,-1,249,nan
91,4,-1,244,-1,717,nan
92,4,-1,689,-1,643,nan
93,4,-1,802,-1,921,nan
94,4,-1,85,-1,717,nan
95,4,-1,963,-1,393,nan
96,4,-1,945,-1,98,nan
97,4,-1,185,-1,717,nan
98,4,-1,595,-1,576,nan
99,4,-1,164,-1,191,nan
100,4,-1,71,-1,437,nan
101,4,-1,8,-1,712,nan
102,4,-1,18,-1,717,nan
103,4,-1,164,-1,717,nan
104,4,-1,641,-1,636,nan
105,4,-1,2,-1,692,nan
106,4,-1,18,-1,832,nan
107,4,-1,132,-1,717,nan
108,4,-1,424,-1,717,nan
109,4,-1,354,-1,437,nan
110,4,-1,459,-1,211,nan
111,4,-1,644,-1,139,nan
112,4,-1,129,-1,191,nan
113,4,-1,393,-1,712,nan
114,4,-1,950,-1,642,nan
115,4,-1,885,-1,940,nan
116,4,-1,556,-1,450,nan
117,4,-1,10,-1,717,nan
118,4,-1,156,-1,717,nan
119,4,-1,961,-1,412,nan
120,4,-1,170,-1,31,nan
121,4,-1,51,-1,832,nan
122,4,-1,676,-1,921,nan
123,4,-1,742,-1,599,nan
124,4,-1,376,-1,139,nan
125,4,-1,118,-1,615,nan
126,4,-1,235,-1,191,nan
127,4,-1,361,-1,410,nan
128,4,-1,405,-1,450,nan
129,4,-1,750,-1,772,nan
130,4,-1,950,-1,688,nan
131,4,-1,350,-1,615,nan
132,4,-1,43,-1,416,nan
133,4,-1,129,-1,320,nan
134,4,-1,108,-1,437,nan
135,4,-1,287,-1,717,nan
136,4,-1,28,-1,717,nan
137,4,-1,516,-1,556,nan
138,4,-1,108,-1,418,nan
139,4,-1,32,-1,191,nan
140,4,-1,963,-1,810,nan
141,4,-1,485,-1,31,nan
142,4,-1,8,-1,717,nan
143,4,-1,484,-1,844,nan
144,4,-1,456,-1,121,nan
145,4,-1,81,-1,717,nan
146,4,-1,611,-1,31,nan
147,4,-1,153,-1,832,nan
148,4,-1,3,-1,717,nan
149,4,-1,448,-1,437,nan
150,4,-1,218,-1,717,nan
151,4,-1,421,-1,437,nan
152,4,-1,262,-1,410,nan
153,4,-1,799,-1,554,nan
154,4,-1,960,-1,632,nan
155,4,-1,511,-1,712,nan
156,4,-1,134,-1,437,nan
157,4,-1,117,-1,191,nan
158,4,-1,89,-1,572,nan
159,4,-1,812,-1,285,nan
160,4,-1,858,-1,672,nan
161,4,-1,148,-1,654,nan
162,4,-1,278,-1,148,nan
163,4,-1,735,-1,183,nan
164,4,-1,767,-1,795,nan
165,4,-1,84,-1,410,nan
166,4,-1,43,-1,717,nan
167,4,-1,812,-1,908,nan
168,4,-1,915,-1,509,nan
169,4,-1,156,-1,654,nan
170,4,-1,337,-1,720,nan
171,4,-1,161,-1,717,nan
172,4,-1,72,-1,832,nan
173,4,-1,11,-1,692,nan
174,4,-1,360,-1,772,nan
175,4,-1,56,-1,576,nan
176,4,-1,135,-1,712,nan
177,4,-1,231,-1,672,nan
178,4,-1,788,-1,249,nan
179,4,-1,225,-1,832,nan
180,4,-1,381,-1,437,nan
181,4,-1,473,-1,450,nan
182,4,-1,247,-1,717,nan
183,4,-1,20,-1,44,nan
184,4,-1,936,-1,810,nan
185,4,-1,132,-1,191,nan
186,4,-1,172,-1,437,nan
187,4,-1,157,-1,948,nan
188,4,-1,110,-1,216,nan
189,4,-1,370,-1,974,nan
190,4,-1,667,-1,443,nan
191,4,-1,1,-1,191,nan
192,4,-1,38,-1,599,nan
193,4,-1,102,-1,615,nan
194,4,-1,270,-1,717,nan
195,4,-1,548,-1,285,nan
196,4,-1,444,-1,720,nan
197,4,-1,700,-1,717,nan
198,4,-1,558,-1,139,nan
199,4,-1,223,-1,139,nan
200,4,-1,144,-1,692,nan
201,4,-1,209,-1,410,nan
202,4,-1,946,-1,823,nan
203,4,-1,385,-1,672,nan
204,4,-1,422,-1,717,nan
205,4,-1,12,-1,717,nan
206,4,-1,909,-1,382,nan
207,4,-1,241,-1,717,nan
208,4,-1,644,-1,948,nan
209,4,-1,705,-1,437,nan
210,4,-1,80,-1,920,nan
211,4,-1,5,-1,191,nan
212,4,-1,36,-1,393,nan
213,4,-1,151,-1,410,nan
214,4,-1,991,-1,297,nan
215,4,-1,625,-1,191,nan
216,4,-1,497,-1,920,nan
217,4,-1,785,-1,519,nan
218,4,-1,431,-1,672,nan
219,4,-1,1,-1,219,nan
220,4,-1,238,-1,660,nan
221,4,-1,537,-1,410,nan
222,4,-1,595,-1,510,nan
223,4,-1,645,-1,672,nan
224,4,-1,571,-1,191,nan
225,4,-1,318,-1,191,nan
226,4,-1,136,-1,437,nan
227,4,-1,73,-1,615,nan
228,4,-1,231,-1,437,nan
229,4,-1,881,-1,573,nan
230,4,-1,998,-1,446,nan
231,4,-1,16,-1,437,nan
232,4,-1,322,-1,437,nan
233,4,-1,523,-1,850,nan
234,4,-1,531,-1,437,nan
235,4,-1,573,-1,139,nan
236,4,-1,176,-1,148,nan
237,4,-1,354,-1,717,nan
238,4,-1,635,-1,410,nan
239,4,-1,297,-1,410,nan
240,4,-1,17,-1,183,nan
241,4,-1,10,-1,437,nan
242,4,-1,471,-1,30,nan
243,4,-1,193,-1,410,nan
244,4,-1,636,-1,216,nan
245,4,-1,769,-1,961,nan
246,4,-1,577,-1,191,nan
247,4,-1,500,-1,717,nan
248,4,-1,450,-1,717,nan
249,4,-1,100,-1,437,nan
250,4,-1,245,-1,615,nan
251,4,-1,763,-1,176,nan
252,4,-1,108,-1,692,nan
253,4,-1,965,-1,393,nan
254,4,-1,214,-1,717,nan
255,4,-1,11,-1,654,nan
256,4,-1,103,-1,410,nan
257,4,-1,987,-1,816,nan
258,4,-1,384,-1,191,nan
259,4,-1,589,-1,772,nan
260,4,-1,394,-1,750,nan
261,4,-1,607,-1,249,nan
262,4,-1,22,-1,816,nan
263,4,-1,685,-1,655,nan
264,4,-1,469,-1,139,nan
265,4,-1,296,-1,410,nan
266,4,-1,787,-1,813,nan
267,4,-1,231,-1,191,nan
268,4,-1,391,-1,249,nan
269,4,-1,42,-1,437,nan
270,4,-1,278,-1,216,nan
271,4,-1,23,-1,822,nan
272,4,-1,583,-1,241,nan
273,4,-1,582,-1,717,nan
274,4,-1,217,-1,410,nan
275,4,-1,720,-1,554,nan
276,4,-1,792,-1,382,nan
277,4,-1,296,-1,410,nan
278,4,-1,762,-1,235,nan
279,4,-1,761,-1,293,nan
280,4,-1,388,-1,139,nan
281,4,-1,38,-1,717,nan
282,4,-1,309,-1,191,nan
283,4,-1,522,-1,191,nan
284,4,-1,455,-1,717,nan
285,4,-1,10,-1,437,nan
286,4,-1,718,-1,321,nan
287,4,-1,34,-1,393,nan
288,4,-1,330,-1,437,nan
289,4,-1,346,-1,692,nan
290,4,-1,297,-1,416,nan
291,4,-1,236,-1,961,nan
292,4,-1,363,-1,692,nan
293,4,-1,190,-1,772,nan
294,4,-1,364,-1,772,nan
295,4,-1,708,-1,652,nan
296,4,-1,537,-1,652,nan
297,4,-1,972,-1,412,nan
298,4,-1,39,-1,717,nan
299,4,-1,160,-1,654,nan
300,4,-1,906,-1,718,nan
301,4,-1,590,-1,556,nan
302,4,-1,84,-1,832,nan
303,4,-1,631,-1,293,nan
304,4,-1,742,-1,844,nan
305,4,-1,703,-1,293,nan
306,4,-1,265,-1,102,nan
307,4,-1,530,-1,191,nan
308,4,-1,974,-1,388,nan
309,4,-1,546,-1,285,nan
310,4,-1,402,-1,249,nan
311,4,-1,348,-1,554,nan
312,4,-1,193,-1,717,nan
313,4,-1,479,-1,654,nan
314,4,-1,331,-1,652,nan
315,4,-1,709,-1,717,nan
316,4,-1,285,-1,931,nan
317,4,-1,87,-1,437,nan
318,4,-1,292,-1,438,nan
319,4,-1,333,-1,615,nan
320,4,-1,98,-1,832,nan
321,4,-1,95,-1,717,nan
322,4,-1,669,-1,692,nan
323,4,-1,994,-1,329,nan
324,4,-1,453,-1,672,nan
325,4,-1,939,-1,522,nan
326,4,-1,345,-1,311,nan
327,4,-1,79,-1,244,nan
328,4,-1,593,-1,556,nan
329,4,-1,320,-1,388,nan
330,4,-1,562,-1,731,nan
331,4,-1,557,-1,615,nan
332,4,-1,820,-1,761,nan
333,4,-1,920,-1,1,nan
334,4,-1,213,-1,654,nan
335,4,-1,101,-1,717,nan
336,4,-1,600,-1,443,nan
337,4,-1,163,-1,717,nan
338,4,-1,98,-1,437,nan
339,4,-1,366,-1,183,nan
340,4,-1,659,-1,642,nan
341,4,-1,584,-1,211,nan
342,4,-1,698,-1,249,nan
343,4,-1,93,-1,437,nan
344,4,-1,679,-1,443,nan
345,4,-1,515,-1,249,nan
346,4,-1,180,-1,191,nan
347,4,-1,5,-1,437,nan
348,4,-1,14,-1,832,nan
349,4,-1,94,-1,410,nan
350,4,-1,197,-1,660,nan
351,4,-1,72,-1,717,nan
352,4,-1,424,-1,554,nan
353,4,-1,88,-1,832,nan
354,4,-1,835,-1,239,nan
355,4,-1,368,-1,437,nan
356,4,-1,4,-1,437,nan
357,4,-1,39,-1,556,nan
358,4,-1,427,-1,556,nan
359,4,-1,7,-1,454,nan
360,4,-1,652,-1,556,nan
361,4,-1,140,-1,717,nan
362,4,-1,957,-1,607,nan
363,4,-1,220,-1,556,nan
364,4,-1,223,-1,410,nan
365,4,-1,874,-1,627,nan
366,4,-1,921,-1,799,nan
367,4,-1,75,-1,717,nan
368,4,-1,171,-1,717,nan
369,4,-1,62,-1,832,nan
370,4,-1,463,-1,556,nan
371,4,-1,505,-1,437,nan
372,4,-1,527,-1,191,nan
373,4,-1,385,-1,191,nan
374,4,-1,54,-1,717,nan
375,4,-1,858,-1,412,nan
376,4,-1,136,-1,216,nan
377,4,-1,183,-1,717,nan
378,4,-1,288,-1,410,nan
379,4,-1,593,-1,454,nan
380,4,-1,764,-1,139,nan
381,4,-1,51,-1,393,nan
382,4,-1,222,-1,717,nan
383,4,-1,555,-1,672,nan
384,4,-1,647,-1,102,nan
385,4,-1,664,-1,931,nan
386,4,-1,244,-1,878,nan
387,4,-1,54,-1,754,nan
388,4,-1,18,-1,810,nan
389,4,-1,975,-1,942,nan
390,4,-1,138,-1,437,nan
391,4,-1,30,-1,379,nan
392,4,-1,72,-1,556,nan
393,4,-1,154,-1,754,nan
394,4,-1,667,-1,844,nan
395,4,-1,455,-1,437,nan
396,4,-1,48,-1,183,nan
397,4,-1,28,-1,717,nan
398,4,-1,687,-1,717,nan
399,4,-1,75,-1,437,nan
400,4,-1,28,-1,556,nan
401,4,-1,569,-1,102,nan
402,4,-1,77,-1,659,nan
403,4,-1,366,-1,106,nan
404,4,-1,649,-1,139,nan
405,4,-1,832,-1,672,nan
406,4,-1,655,-1,348,nan
407,4,-1,593,-1,102,nan
408,4,-1,320,-1,36,nan
409,4,-1,639,-1,139,nan
410,4,-1,2,-1,717,nan
411,4,-1,999,-1,924,nan
412,4,-1,50,-1,244,nan
413,4,-1,42,-1,717,nan
414,4,-1,854,-1,745,nan
415,4,-1,761,-1,249,nan
416,4,-1,455,-1,410,nan
417,4,-1,450,-1,510,nan
418,4,-1,598,-1,672,nan
419,4,-1,860,-1,11,nan
420,4,-1,702,-1,692,nan
421,4,-1,519,-1,443,nan
422,4,-1,72,-1,717,nan
423,4,-1,115,-1,437,nan
424,4,-1,84,-1,717,nan
425,4,-1,33,-1,632,nan
426,4,-1,27,-1,717,nan
427,4,-1,706,-1,908,nan
428,4,-1,134,-1,717,nan
429,4,-1,17,-1,437,nan
430,4,-1,6,-1,443,nan
431,4,-1,197,-1,106,nan
432,4,-1,396,-1,32,nan
433,4,-1,391,-1,211,nan
434,4,-1,671,-1,720,nan
435,4,-1,23,-1,526,nan
436,4,-1,275,-1,410,nan
437,4,-1,1,-1,437,nan
438,4,-1,271,-1,692,nan
439,4,-1,221,-1,772,nan
440,4,-1,88,-1,191,nan
441,4,-1,46,-1,712,nan
442,4,-1,136,-1,654,nan
443,4,-1,47,-1,832,nan
444,4,-1,120,-1,191,nan
445,4,-1,368,-1,443,nan
446,4,-1,4,-1,257,nan
447,4,-1,529,-1,32,nan
448,4,-1,533,-1,191,nan
449,4,-1,741,-1,510,nan
450,4,-1,120,-1,717,nan
451,4,-1,367,-1,855,nan
452,4,-1,533,-1,717,nan
453,4,-1,321,-1,191,nan
454,4,-1,21,-1,155,nan
455,4,-1,836,-1,920,nan
456,4,-1,700,-1,556,nan
457,4,-1,30,-1,437,nan
458,4,-1,148,-1,717,nan
459,4,-1,149,-1,410,nan
460,4,-1,115,-1,437,nan
461,4,-1,5,-1,656,nan
462,4,-1,501,-1,183,nan
463,4,-1,513,-1,554,nan
464,4,-1,239,-1,183,nan
465,4,-1,205,-1,772,nan
466,4,-1,61,-1,832,nan
467,4,-1,187,-1,139,nan
468,4,-1,689,-1,66,nan
469,4,-1,158,-1,437,nan
470,4,-1,428,-1,832,nan
471,4,-1,507,-1,133,nan
472,4,-1,660,-1,199,nan
473,4,-1,495,-1,692,nan
474,4,-1,345,-1,410,nan
475,4,-1,693,-1,176,nan
476,4,-1,344,-1,717,nan
477,4,-1,96,-1,437,nan
478,4,-1,79,-1,437,nan
479,4,-1,241,-1,832,nan
480,4,-1,151,-1,654,nan
481,4,-1,107,-1,832,nan
482,4,-1,137,-1,692,nan
483,4,-1,482,-1,717,nan
484,4,-1,687,-1,191,nan
485,4,-1,684,-1,42,nan
486,4,-1,885,-1,614,nan
487,4,-1,833,-1,454,nan
488,4,-1,731,-1,28,nan
489,4,-1,354,-1,191,nan
490,4,-1,727,-1,948,nan
491,4,-1,54,-1,754,nan
492,4,-1,601,-1,692,nan
493,4,-1,617,-1,772,nan
494,4,-1,140,-1,437,nan
495,4,-1,526,-1,348,nan
496,4,-1,775,-1,191,nan
497,4,-1,316,-1,183,nan
498,4,-1,207,-1,654,nan
499,4,-1,470,-1,430,nan
500,4,-1,188,-1,717,nan
501,4,-1,236,-1,717,nan
502,4,-1,330,-1,437,nan
503,4,-1,167,-1,717,nan
504,4,-1,489,-1,510,nan
505,4,-1,131,-1,712,nan
506,4,-1,520,-1,554,nan
507,4,-1,405,-1,615,nan
508,4,-1,732,-1,430,nan
509,4,-1,203,-1,191,nan
510,4,-1,29,-1,437,nan
511,4,-1,963,-1,761,nan
512,4,-1,326,-1,832,nan
513,4,-1,215,-1,773,nan
514,4,-1,131,-1,36,nan
515,4,-1,118,-1,249,nan
516,4,-1,97,-1,437,nan
517,4,-1,710,-1,673,nan
518,4,-1,205,-1,720,nan
519,4,-1,13,-1,717,nan
520,4,-1,246,-1,717,nan
521,4,-1,663,-1,615,nan
522,4,-1,2,-1,599,nan
523,4,-1,164,-1,931,nan
524,4,-1,369,-1,249,nan
525,4,-1,80,-1,410,nan
526,4,-1,7,-1,832,nan
527,4,-1,38,-1,437,nan
528,4,-1,792,-1,908,nan
529,4,-1,231,-1,832,nan
530,4,-1,590,-1,410,nan
531,4,-1,241,-1,832,nan
532,4,-1,754,-1,921,nan
533,4,-1,29,-1,191,nan
534,4,-1,12,-1,717,nan
535,4,-1,910,-1,522,nan
536,4,-1,176,-1,148,nan
537,4,-1,305,-1,556,nan
538,4,-1,12,-1,410,nan
539,4,-1,715,-1,556,nan
540,4,-1,253,-1,437,nan
541,4,-1,399,-1,148,nan
542,4,-1,246,-1,717,nan
543,4,-1,477,-1,183,nan
544,4,-1,275,-1,410,nan
545,4,-1,131,-1,615,nan
546,4,-1,461,-1,702,nan
547,4,-1,397,-1,443,nan
548,4,-1,935,-1,921,nan
549,4,-1,992,-1,297,nan
550,4,-1,701,-1,235,nan
551,4,-1,538,-1,576,nan
552,4,-1,114,-1,717,nan
553,4,-1,121,-1,832,nan
554,4,-1,55,-1,717,nan
555,4,-1,225,-1,510,nan
556,4,-1,7,-1,615,nan
557,4,-1,683,-1,183,nan
558,4,-1,923,-1,908,nan
559,4,-1,334,-1,293,nan
560,4,-1,784,-1,509,nan
561,4,-1,309,-1,410,nan
562,4,-1,6,-1,262,nan
563,4,-1,630,-1,139,nan
564,4,-1,419,-1,191,nan
565,4,-1,440,-1,249,nan
566,4,-1,257,-1,832,nan
567,4,-1,858,-1,512,nan
568,4,-1,394,-1,717,nan
569,4,-1,572,-1,832,nan
570,4,-1,165,-1,191,nan
571,4,-1,161,-1,615,nan
572,4,-1,780,-1,813,nan
573,4,-1,465,-1,211,nan
574,4,-1,115,-1,717,nan
575,4,-1,274,-1,191,nan
576,4,-1,53,-1,556,nan
577,4,-1,77,-1,832,nan
578,4,-1,607,-1,660,nan
579,4,-1,165,-1,402,nan
580,4,-1,747,-1,397,nan
581,4,-1,358,-1,191,nan
582,4,-1,602,-1,454,nan
583,4,-1,815,-1,139,nan
584,4,-1,544,-1,908,nan
585,4,-1,470,-1,239,nan
586,4,-1,300,-1,32,nan
587,4,-1,554,-1,148,nan
588,4,-1,507,-1,599,nan
589,4,-1,710,-1,477,nan
590,4,-1,603,-1,176,nan
591,4,-1,970,-1,754,nan
592,4,-1,282,-1,191,nan
593,4,-1,42,-1,437,nan
594,4,-1,195,-1,720,nan
595,4,-1,394,-1,87,nan
596,4,-1,131,-1,437,nan
597,4,-1,213,-1,437,nan
598,4,-1,29,-1,717,nan
599,4,-1,357,-1,692,nan
600,4,-1,354,-1,717,nan
601,4,-1,464,-1,191,nan
602,4,-1,750,-1,672,nan
603,4,-1,315,-1,556,nan
604,4,-1,157,-1,437,nan
605,4,-1,410,-1,155,nan
606,4,-1,453,-1,139,nan
607,4,-1,48,-1,573,nan
608,4,-1,829,-1,192,nan
609,4,-1,770,-1,146,nan
610,4,-1,702,-1,155,nan
611,4,-1,43,-1,556,nan
612,4,-1,776,-1,165,nan
613,4,-1,607,-1,139,nan
614,4,-1,59,-1,556,nan
615,4,-1,30,-1,457,nan
616,4,-1,368,-1,31,nan
617,4,-1,346,-1,717,nan
618,4,-1,726,-1,814,nan
619,4,-1,131,-1,87,nan
620,4,-1,213,-1,717,nan
621,4,-1,732,-1,410,nan
622,4,-1,69,-1,437,nan
623,4,-1,302,-1,438,nan
624,4,-1,163,-1,191,nan
625,4,-1,161,-1,720,nan
626,4,-1,906,-1,761,nan
627,4,-1,7,-1,443,nan
628,4,-1,141,-1,410,nan
629,4,-1,239,-1,191,nan
630,4,-1,495,-1,68,nan
631,4,-1,312,-1,437,nan
632,4,-1,620,-1,576,nan
633,4,-1,34,-1,615,nan
634,4,-1,60,-1,148,nan
635,4,-1,225,-1,931,nan
636,4,-1,532,-1,139,nan
637,4,-1,980,-1,810,nan
638,4,-1,462,-1,660,nan
639,4,-1,481,-1,410,nan
640,4,-1,572,-1,191,nan
641,4,-1,247,-1,31,nan
642,4,-1,24,-1,437,nan
643,4,-1,294,-1,720,nan
644,4,-1,516,-1,717,nan
645,4,-1,382,-1,191,nan
646,4,-1,280,-1,437,nan
647,4,-1,245,-1,717,nan
648,4,-1,2,-1,323,nan
649,4,-1,338,-1,133,nan
650,4,-1,239,-1,410,nan
651,4,-1,682,-1,31,nan
652,4,-1,36,-1,191,nan
653,4,-1,321,-1,717,nan
654,4,-1,4,-1,832,nan
655,4,-1,740,-1,249,nan
656,4,-1,676,-1,443,nan
657,4,-1,689,-1,18,nan
658,4,-1,670,-1,642,nan
659,4,-1,252,-1,101,nan
660,4,-1,18,-1,717,nan
661,4,-1,50,-1,832,nan
662,4,-1,619,-1,382,nan
663,4,-1,2,-1,659,nan
664,4,-1,107,-1,148,nan
665,4,-1,32,-1,437,nan
666,4,-1,384,-1,191,nan
667,4,-1,384,-1,347,nan
668,4,-1,348,-1,692,nan
669,4,-1,662,-1,205,nan
670,4,-1,984,-1,754,nan
671,4,-1,358,-1,615,nan
672,4,-1,349,-1,772,nan
673,4,-1,69,-1,717,nan
674,4,-1,59,-1,663,nan
675,4,-1,871,-1,496,nan
676,4,-1,477,-1,615,nan
677,4,-1,859,-1,556,nan
678,4,-1,317,-1,249,nan
679,4,-1,990,-1,9,nan
680,4,-1,623,-1,134,nan
681,4,-1,790,-1,712,nan
682,4,-1,511,-1,437,nan
683,4,-1,123,-1,148,nan
684,4,-1,127,-1,437,nan
685,4,-1,154,-1,437,nan
686,4,-1,40,-1,410,nan
687,4,-1,772,-1,554,nan
688,4,-1,169,-1,692,nan
689,4,-1,188,-1,717,nan
690,4,-1,975,-1,810,nan
691,4,-1,72,-1,717,nan
692,4,-1,1,-1,692,nan
693,4,-1,482,-1,211,nan
694,4,-1,144,-1,717,nan
695,4,-1,3,-1,754,nan
696,4,-1,58,-1,148,nan
697,4,-1,131,-1,717,nan
698,4,-1,676,-1,692,nan
699,4,-1,860,-1,717,nan
700,4,-1,832,-1,761,nan
701,4,-1,736,-1,614,nan
702,4,-1,4,-1,717,nan
703,4,-1,492,-1,191,nan
704,4,-1,979,-1,823,nan
705,4,-1,221,-1,615,nan
706,4,-1,495,-1,410,nan
707,4,-1,158,-1,191,nan
708,4,-1,10,-1,191,nan
709,4,-1,790,-1,488,nan
710,4,-1,674,-1,183,nan
711,4,-1,198,-1,410,nan
712,4,-1,48,-1,320,nan
713,4,-1,337,-1,285,nan
714,4,-1,728,-1,576,nan
715,4,-1,117,-1,654,nan
716,4,-1,798,-1,71,nan
717,4,-1,1,-1,717,nan
718,4,-1,655,-1,712,nan
719,4,-1,495,-1,410,nan
720,4,-1,6,-1,692,nan
721,4,-1,623,-1,652,nan
722,4,-1,782,-1,717,nan
723,4,-1,365,-1,410,nan
724,4,-1,64,-1,249,nan
725,4,-1,162,-1,717,nan
726,4,-1,495,-1,692,nan
727,4,-1,108,-1,191,nan
728,4,-1,358,-1,720,nan
729,4,-1,304,-1,148,nan
730,4,-1,382,-1,672,nan
731,4,-1,146,-1,437,nan
732,4,-1,303,-1,576,nan
733,4,-1,611,-1,717,nan
734,4,-1,771,-1,211,nan
735,4,-1,202,-1,183,nan
736,4,-1,160,-1,437,nan
737,4,-1,909,-1,382,nan
738,4,-1,87,-1,772,nan
739,4,-1,927,-1,573,nan
740,4,-1,27,-1,437,nan
741,4,-1,183,-1,191,nan
742,4,-1,243,-1,410,nan
743,4,-1,563,-1,642,nan
744,4,-1,678,-1,948,nan
745,4,-1,15,-1,430,nan
746,4,-1,7,-1,249,nan
747,4,-1,769,-1,71,nan
748,4,-1,231,-1,692,nan
749,4,-1,341,-1,615,nan
750,4,-1,7,-1,692,nan
751,4,-1,26,-1,717,nan
752,4,-1,745,-1,908,nan
753,4,-1,90,-1,556,nan
754,4,-1,1,-1,754,nan
755,4,-1,557,-1,672,nan
756,4,-1,130,-1,720,nan
757,4,-1,384,-1,285,nan
758,4,-1,303,-1,772,nan
759,4,-1,436,-1,191,nan
760,4,-1,694,-1,348,nan
761,4,-1,360,-1,410,nan
762,4,-1,371,-1,556,nan
763,4,-1,223,-1,183,nan
764,4,-1,264,-1,717,nan
765,4,-1,347,-1,148,nan
766,4,-1,394,-1,692,nan
767,4,-1,527,-1,418,nan
768,4,-1,994,-1,562,nan
769,4,-1,297,-1,717,nan
770,4,-1,289,-1,191,nan
771,4,-1,617,-1,510,nan
772,4,-1,5,-1,191,nan
773,4,-1,7,-1,832,nan
774,4,-1,106,-1,931,nan
775,4,-1,551,-1,437,nan
776,4,-1,465,-1,437,nan
777,4,-1,17,-1,931,nan
778,4,-1,331,-1,717,nan
779,4,-1,178,-1,437,nan
780,4,-1,270,-1,87,nan
781,4,-1,627,-1,249,nan
782,4,-1,118,-1,410,nan
783,4,-1,752,-1,18,nan
784,4,-1,112,-1,692,nan
785,4,-1,806,-1,672,nan
786,4,-1,853,-1,908,nan
787,4,-1,973,-1,412,nan
788,4,-1,770,-1,672,nan
789,4,-1,470,-1,117,nan
790,4,-1,734,-1,258,nan
791,4,-1,500,-1,78,nan
792,4,-1,149,-1,18,nan
793,4,-1,255,-1,717,nan
794,4,-1,165,-1,142,nan
795,4,-1,10,-1,139,nan
796,4,-1,84,-1,832,nan
797,4,-1,473,-1,576,nan
798,4,-1,292,-1,36,nan
799,4,-1,376,-1,117,nan
800,4,-1,60,-1,615,nan
801,4,-1,50,-1,717,nan
802,4,-1,156,-1,717,nan
803,4,-1,137,-1,437,nan
804,4,-1,26,-1,443,nan
805,4,-1,184,-1,615,nan
806,4,-1,408,-1,772,nan
807,4,-1,407,-1,772,nan
808,4,-1,886,-1,139,nan
809,4,-1,828,-1,573,nan
810,4,-1,514,-1,908,nan
811,4,-1,161,-1,216,nan
812,4,-1,854,-1,935,nan
813,4,-1,5,-1,216,nan
814,4,-1,227,-1,717,nan
815,4,-1,555,-1,814,nan
816,4,-1,1,-1,816,nan
817,4,-1,254,-1,717,nan
818,4,-1,558,-1,191,nan
819,4,-1,69,-1,235,nan
820,4,-1,96,-1,832,nan
821,4,-1,309,-1,717,nan
822,4,-1,173,-1,712,nan
823,4,-1,73,-1,745,nan
824,4,-1,24,-1,437,nan
825,4,-1,262,-1,437,nan
826,4,-1,184,-1,717,nan
827,4,-1,188,-1,437,nan
828,4,-1,147,-1,772,nan
829,4,-1,592,-1,717,nan
830,4,-1,757,-1,795,nan
831,4,-1,720,-1,410,nan
832,4,-1,2,-1,437,nan
833,4,-1,629,-1,920,nan
834,4,-1,382,-1,410,nan
835,4,-1,848,-1,431,nan
836,4,-1,308,-1,761,nan
837,4,-1,784,-1,293,nan
838,4,-1,388,-1,692,nan
839,4,-1,722,-1,450,nan
840,4,-1,358,-1,241,nan
841,4,-1,156,-1,241,nan
842,4,-1,655,-1,249,nan
843,4,-1,231,-1,717,nan
844,4,-1,149,-1,191,nan
845,4,-1,232,-1,216,nan
846,4,-1,813,-1,576,nan
847,4,-1,795,-1,652,nan
848,4,-1,424,-1,720,nan
849,4,-1,83,-1,437,nan
850,4,-1,125,-1,191,nan
851,4,-1,631,-1,879,nan
852,4,-1,155,-1,437,nan
853,4,-1,191,-1,32,nan
854,4,-1,395,-1,720,nan
855,4,-1,245,-1,183,nan
856,4,-1,577,-1,410,nan
857,4,-1,520,-1,191,nan
858,4,-1,606,-1,347,nan
859,4,-1,90,-1,437,nan
860,4,-1,692,-1,940,nan
861,4,-1,131,-1,615,nan
862,4,-1,31,-1,717,nan
863,4,-1,227,-1,183,nan
864,4,-1,670,-1,692,nan
865,4,-1,78,-1,419,nan
866,4,-1,386,-1,410,nan
867,4,-1,217,-1,717,nan
868,4,-1,646,-1,18,nan
869,4,-1,128,-1,522,nan
870,4,-1,809,-1,244,nan
871,4,-1,77,-1,832,nan
872,4,-1,445,-1,241,nan
873,4,-1,749,-1,576,nan
874,4,-1,57,-1,717,nan
875,4,-1,139,-1,717,nan
876,4,-1,236,-1,717,nan
877,4,-1,417,-1,410,nan
878,4,-1,53,-1,654,nan
879,4,-1,68,-1,615,nan
880,4,-1,228,-1,773,nan
881,4,-1,543,-1,191,nan
882,4,-1,314,-1,31,nan
883,4,-1,856,-1,672,nan
884,4,-1,65,-1,142,nan
885,4,-1,925,-1,244,nan
886,4,-1,262,-1,410,nan
887,4,-1,857,-1,18,nan
888,4,-1,812,-1,712,nan
889,4,-1,128,-1,437,nan
890,4,-1,934,-1,908,nan
891,4,-1,242,-1,320,nan
892,4,-1,665,-1,173,nan
893,4,-1,469,-1,410,nan
894,4,-1,651,-1,761,nan
895,4,-1,329,-1,832,nan
896,4,-1,421,-1,183,nan
897,4,-1,18,-1,437,nan
898,4,-1,381,-1,772,nan
899,4,-1,148,-1,717,nan
900,4,-1,915,-1,133,nan
901,4,-1,26,-1,633,nan
902,4,-1,66,-1,832,nan
903,4,-1,716,-1,191,nan
904,4,-1,251,-1,191,nan
905,4,-1,32,-1,717,nan
906,4,-1,22,-1,191,nan
907,4,-1,702,-1,745,nan
908,4,-1,368,-1,78,nan
909,4,-1,131,-1,672,nan
910,4,-1,467,-1,832,nan
911,4,-1,135,-1,437,nan
912,4,-1,437,-1,717,nan
913,4,-1,64,-1,281,nan
914,4,-1,51,-1,437,nan
915,4,-1,363,-1,443,nan
916,4,-1,345,-1,437,nan
917,4,-1,6,-1,717,nan
918,4,-1,950,-1,496,nan
919,4,-1,761,-1,28,nan
920,4,-1,161,-1,249,nan
921,4,-1,383,-1,772,nan
922,4,-1,708,-1,554,nan
923,4,-1,347,-1,772,nan
924,4,-1,1,-1,924,nan
925,4,-1,283,-1,510,nan
926,4,-1,857,-1,655,nan
927,4,-1,885,-1,282,nan
928,4,-1,936,-1,293,nan
929,4,-1,763,-1,268,nan
930,4,-1,362,-1,437,nan
931,4,-1,4,-1,717,nan
932,4,-1,722,-1,87,nan
933,4,-1,385,-1,772,nan
934,4,-1,442,-1,717,nan
935,4,-1,113,-1,437,nan
936,4,-1,611,-1,443,nan
937,4,-1,232,-1,510,nan
938,4,-1,703,-1,155,nan
939,4,-1,607,-1,191,nan
940,4,-1,36,-1,71,nan
941,4,-1,388,-1,692,nan
942,4,-1,1,-1,942,nan
943,4,-1,294,-1,832,nan
944,4,-1,447,-1,117,nan
945,4,-1,813,-1,713,nan
946,4,-1,575,-1,592,nan
947,4,-1,378,-1,191,nan
948,4,-1,16,-1,717,nan
949,4,-1,903,-1,931,nan
950,4,-1,268,-1,832,nan
951,4,-1,399,-1,437,nan
952,4,-1,520,-1,717,nan
953,4,-1,741,-1,382,nan
954,4,-1,307,-1,576,nan
955,4,-1,439,-1,191,nan
956,4,-1,386,-1,30,nan
957,4,-1,422,-1,148,nan
958,4,-1,904,-1,693,nan
959,4,-1,339,-1,717,nan
960,4,-1,755,-1,556,nan
961,4,-1,444,-1,191,nan
962,4,-1,610,-1,519,nan
963,4,-1,211,-1,717,nan
964,4,-1,238,-1,410,nan
965,4,-1,856,-1,746,nan
966,4,-1,669,-1,627,nan
967,4,-1,962,-1,393,nan
968,4,-1,443,-1,148,nan
969,4,-1,154,-1,437,nan
970,4,-1,16,-1,437,nan
971,4,-1,107,-1,410,nan
972,4,-1,314,-1,191,nan
973,4,-1,390,-1,139,nan
974,4,-1,77,-1,437,nan
975,4,-1,605,-1,556,nan
976,4,-1,657,-1,556,nan
977,4,-1,941,-1,488,nan
978,4,-1,557,-1,347,nan
979,4,-1,352,-1,183,nan
980,4,-1,914,-1,176,nan
981,4,-1,827,-1,235,nan
982,4,-1,299,-1,410,nan
983,4,-1,557,-1,32,nan
984,4,-1,595,-1,605,nan
985,4,-1,695,-1,921,nan
986,4,-1,471,-1,832,nan
987,4,-1,576,-1,139,nan
988,4,-1,623,-1,935,nan
989,4,-1,512,-1,761,nan
990,4,-1,718,-1,293,nan
991,4,-1,425,-1,692,nan
992,4,-1,652,-1,249,nan
993,4,-1,393,-1,717,nan
994,4,-1,61,-1,717,nan
995,4,-1,331,-1,148,nan
996,4,-1,455,-1,410,nan
997,4,-1,808,-1,614,nan
998,4,-1,294,-1,717,nan
999,4,-1,439,-1,556,nan
1000,4,-1,628,-1,87,nan
