cop,run,in_set,rank,set_size,lowest_loss_cop,final_pvalue
1,0,-1,1,-1,1,nan
2,0,-1,2,-1,182,nan
3,0,-1,1,-1,3,nan
4,0,-1,1,-1,4,nan
5,0,-1,1,-1,5,nan
6,0,-1,1,-1,6,nan
7,0,-1,2,-1,218,nan
8,0,-1,1,-1,8,nan
9,0,-1,1,-1,9,nan
10,0,-1,1,-1,10,nan
11,0,-1,1,-1,11,nan
12,0,-1,1,-1,12,nan
13,0,-1,1,-1,13,nan
14,0,-1,1,-1,14,nan
15,0,-1,1,-1,15,nan
16,0,-1,1,-1,16,nan
17,0,-1,1,-1,17,nan
18,0,-1,1,-1,18,nan
19,0,-1,1,-1,19,nan
20,0,-1,1,-1,20,nan
21,0,-1,1,-1,21,nan
22,0,-1,1,-1,22,nan
23,0,-1,1,-1,23,nan
24,0,-1,1,-1,24,nan
25,0,-1,1,-1,25,nan
26,0,-1,1,-1,26,nan
27,0,-1,1,-1,27,nan
28,0,-1,1,-1,28,nan
29,0,-1,1,-1,29,nan
30,0,-1,1,-1,30,nan
31,0,-1,1,-1,31,nan
32,0,-1,1,-1,32,nan
33,0,-1,1,-1,33,nan
34,0,-1,1,-1,34,nan
35,0,-1,1,-1,35,nan
36,0,-1,1,-1,36,nan
37,0,-1,1,-1,37,nan
38,0,-1,1,-1,38,nan
39,0,-1,1,-1,39,nan
40,0,-1,1,-1,40,nan
41,0,-1,1,-1,41,nan
42,0,-1,1,-1,42,nan
43,0,-1,1,-1,43,nan
44,0,-1,1,-1,44,nan
45,0,-1,1,-1,45,nan
46,0,-1,1,-1,46,nan
47,0,-1,1,-1,47,nan
48,0,-1,1,-1,48,nan
49,0,-1,1,-1,49,nan
50,0,-1,1,-1,50,nan
51,0,-1,1,-1,51,nan
52,0,-1,1,-1,52,nan
53,0,-1,1,-1,53,nan
54,0,-1,1,-1,54,nan
55,0,-1,1,-1,55,nan
56,0,-1,1,-1,56,nan
57,0,-1,1,-1,57,nan
58,0,-1,1,-1,58,nan
59,0,-1,1,-1,59,nan
60,0,-1,1,-1,60,nan
61,0,-1,1,-1,61,nan
62,0,-1,1,-1,62,nan
63,0,-1,2,-1,847,nan
64,0,-1,1,-1,64,nan
65,0,-1,1,-1,65,nan
66,0,-1,2,-1,820,nan
67,0,-1,2,-1,956,nan
68,0,-1,1,-1,68,nan
69,0,-1,1,-1,69,nan
70,0,-1,1,-1,70,nan
71,0,-1,1,-1,71,nan
72,0,-1,1,-1,72,nan
73,0,-1,1,-1,73,nan
74,0,-1,1,-1,74,nan
75,0,-1,2,-1,762,nan
76,0,-1,1,-1,76,nan
77,0,-1,1,-1,77,nan
78,0,-1,1,-1,78,nan
79,0,-1,1,-1,79,nan
80,0,-1,2,-1,130,nan
81,0,-1,1,-1,81,nan
82,0,-1,1,-1,82,nan
83,0,-1,1,-1,83,nan
84,0,-1,1,-1,84,nan
85,0,-1,1,-1,85,nan
86,0,-1,1,-1,86,nan
87,0,-1,1,-1,87,nan
88,0,-1,1,-1,88,nan
89,0,-1,19,-1,977,nan
90,0,-1,2,-1,261,nan
91,0,-1,1,-1,91,nan
92,0,-1,1,-1,92,nan
93,0,-1,1,-1,93,nan
94,0,-1,1,-1,94,nan
95,0,-1,1,-1,95,nan
96,0,-1,1,-1,96,nan
97,0,-1,1,-1,97,nan
98,0,-1,1,-1,98,nan
99,0,-1,1,-1,99,nan
100,0,-1,1,-1,100,nan
101,0,-1,1,-1,101,nan
102,0,-1,1,-1,102,nan
103,0,-1,1,-1,103,nan
104,0,-1,1,-1,104,nan
105,0,-1,3,-1,750,nan
106,0,-1,4,-1,862,nan
107,0,-1,1,-1,107,nan
108,0,-1,1,-1,108,nan
109,0,-1,1,-1,109,nan
110,0,-1,1,-1,110,nan
111,0,-1,1,-1,111,nan
112,0,-1,1,-1,112,nan
113,0,-1,1,-1,113,nan
114,0,-1,1,-1,114,nan
115,0,-1,1,-1,115,nan
116,0,-1,1,-1,116,nan
117,0,-1,1,-1,117,nan
118,0,-1,1,-1,118,nan
119,0,-1,1,-1,119,nan
120,0,-1,1,-1,120,nan
121,0,-1,1,-1,121,nan
122,0,-1,1,-1,122,nan
123,0,-1,1,-1,123,nan
124,0,-1,1,-1,124,nan
125,0,-1,1,-1,125,nan
126,0,-1,1,-1,126,nan
127,0,-1,1,-1,127,nan
128,0,-1,1,-1,128,nan
129,0,-1,1,-1,129,nan
130,0,-1,1,-1,130,nan
131,0,-1,1,-1,131,nan
132,0,-1,1,-1,132,nan
133,0,-1,1,-1,133,nan
134,0,-1,1,-1,134,nan
135,0,-1,1,-1,135,nan
136,0,-1,6,-1,526,nan
137,0,-1,1,-1,137,nan
138,0,-1,1,-1,138,nan
139,0,-1,1,-1,139,nan
140,0,-1,1,-1,140,nan
141,0,-1,1,-1,141,nan
142,0,-1,1,-1,142,nan
143,0,-1,1,-1,143,nan
144,0,-1,1,-1,144,nan
145,0,-1,1,-1,145,nan
146,0,-1,1,-1,146,nan
147,0,-1,1,-1,147,nan
148,0,-1,1,-1,148,nan
149,0,-1,1,-1,149,nan
150,0,-1,1,-1,150,nan
151,0,-1,1,-1,151,nan
152,0,-1,1,-1,152,nan
153,0,-1,1,-1,153,nan
154,0,-1,1,-1,154,nan
155,0,-1,1,-1,155,nan
156,0,-1,1,-1,156,nan
157,0,-1,1,-1,157,nan
158,0,-1,1,-1,158,nan
159,0,-1,1,-1,159,nan
160,0,-1,1,-1,160,nan
161,0,-1,1,-1,161,nan
162,0,-1,1,-1,162,nan
163,0,-1,1,-1,163,nan
164,0,-1,3,-1,380,nan
165,0,-1,1,-1,165,nan
166,0,-1,2,-1,717,nan
167,0,-1,1,-1,167,nan
168,0,-1,1,-1,168,nan
169,0,-1,1,-1,169,nan
170,0,-1,1,-1,170,nan
171,0,-1,1,-1,171,nan
172,0,-1,1,-1,172,nan
173,0,-1,1,-1,173,nan
174,0,-1,1,-1,174,nan
175,0,-1,1,-1,175,nan
176,0,-1,1,-1,176,nan
177,0,-1,1,-1,177,nan
178,0,-1,1,-1,178,nan
179,0,-1,1,-1,179,nan
180,0,-1,1,-1,180,nan
181,0,-1,2,-1,743,nan
182,0,-1,1,-1,182,nan
183,0,-1,1,-1,183,nan
184,0,-1,1,-1,184,nan
185,0,-1,1,-1,185,nan
186,0,-1,2,-1,87,nan
187,0,-1,1,-1,187,nan
188,0,-1,1,-1,188,nan
189,0,-1,1,-1,189,nan
190,0,-1,1,-1,190,nan
191,0,-1,1,-1,191,nan
192,0,-1,1,-1,192,nan
193,0,-1,1,-1,193,nan
194,0,-1,1,-1,194,nan
195,0,-1,1,-1,195,nan
196,0,-1,1,-1,196,nan
197,0,-1,1,-1,197,nan
198,0,-1,1,-1,198,nan
199,0,-1,1,-1,199,nan
200,0,-1,3,-1,319,nan
201,0,-1,1,-1,201,nan
202,0,-1,1,-1,202,nan
203,0,-1,1,-1,203,nan
204,0,-1,1,-1,204,nan
205,0,-1,1,-1,205,nan
206,0,-1,1,-1,206,nan
207,0,-1,2,-1,604,nan
208,0,-1,7,-1,506,nan
209,0,-1,1,-1,209,nan
210,0,-1,1,-1,210,nan
211,0,-1,1,-1,211,nan
212,0,-1,1,-1,212,nan
213,0,-1,1,-1,213,nan
214,0,-1,1,-1,214,nan
215,0,-1,1,-1,215,nan
216,0,-1,1,-1,216,nan
217,0,-1,1,-1,217,nan
218,0,-1,1,-1,218,nan
219,0,-1,1,-1,219,nan
220,0,-1,1,-1,220,nan
221,0,-1,1,-1,221,nan
222,0,-1,1,-1,222,nan
223,0,-1,5,-1,621,nan
224,0,-1,1,-1,224,nan
225,0,-1,1,-1,225,nan
226,0,-1,1,-1,226,nan
227,0,-1,1,-1,227,nan
228,0,-1,4,-1,782,nan
229,0,-1,1,-1,229,nan
230,0,-1,1,-1,230,nan
231,0,-1,1,-1,231,nan
232,0,-1,1,-1,232,nan
233,0,-1,1,-1,233,nan
234,0,-1,1,-1,234,nan
235,0,-1,1,-1,235,nan
236,0,-1,1,-1,236,nan
237,0,-1,1,-1,237,nan
238,0,-1,1,-1,238,nan
239,0,-1,1,-1,239,nan
240,0,-1,2,-1,172,nan
241,0,-1,1,-1,241,nan
242,0,-1,1,-1,242,nan
243,0,-1,1,-1,243,nan
244,0,-1,1,-1,244,nan
245,0,-1,1,-1,245,nan
246,0,-1,2,-1,587,nan
247,0,-1,1,-1,247,nan
248,0,-1,1,-1,248,nan
249,0,-1,1,-1,249,nan
250,0,-1,1,-1,250,nan
251,0,-1,1,-1,251,nan
252,0,-1,2,-1,113,nan
253,0,-1,1,-1,253,nan
254,0,-1,2,-1,969,nan
255,0,-1,1,-1,255,nan
256,0,-1,1,-1,256,nan
257,0,-1,1,-1,257,nan
258,0,-1,2,-1,174,nan
259,0,-1,1,-1,259,nan
260,0,-1,1,-1,260,nan
261,0,-1,1,-1,261,nan
262,0,-1,1,-1,262,nan
263,0,-1,1,-1,263,nan
264,0,-1,1,-1,264,nan
265,0,-1,1,-1,265,nan
266,0,-1,1,-1,266,nan
267,0,-1,1,-1,267,nan
268,0,-1,1,-1,268,nan
269,0,-1,1,-1,269,nan
270,0,-1,1,-1,270,nan
271,0,-1,1,-1,271,nan
272,0,-1,1,-1,272,nan
273,0,-1,1,-1,273,nan
274,0,-1,1,-1,274,nan
275,0,-1,1,-1,275,nan
276,0,-1,4,-1,25,nan
277,0,-1,2,-1,784,nan
278,0,-1,1,-1,278,nan
279,0,-1,1,-1,279,nan
280,0,-1,3,-1,309,nan
281,0,-1,2,-1,570,nan
282,0,-1,1,-1,282,nan
283,0,-1,1,-1,283,nan
284,0,-1,1,-1,284,nan
285,0,-1,1,-1,285,nan
286,0,-1,1,-1,286,nan
287,0,-1,1,-1,287,nan
288,0,-1,1,-1,288,nan
289,0,-1,1,-1,289,nan
290,0,-1,1,-1,290,nan
291,0,-1,1,-1,291,nan
292,0,-1,1,-1,292,nan
293,0,-1,3,-1,814,nan
294,0,-1,4,-1,225,nan
295,0,-1,1,-1,295,nan
296,0,-1,1,-1,296,nan
297,0,-1,1,-1,297,nan
298,0,-1,1,-1,298,nan
299,0,-1,1,-1,299,nan
300,0,-1,1,-1,300,nan
301,0,-1,1,-1,301,nan
302,0,-1,2,-1,227,nan
303,0,-1,1,-1,303,nan
304,0,-1,1,-1,304,nan
305,0,-1,1,-1,305,nan
306,0,-1,1,-1,306,nan
307,0,-1,1,-1,307,nan
308,0,-1,1,-1,308,nan
309,0,-1,1,-1,309,nan
310,0,-1,1,-1,310,nan
311,0,-1,1,-1,311,nan
312,0,-1,1,-1,312,nan
313,0,-1,1,-1,313,nan
314,0,-1,1,-1,314,nan
315,0,-1,1,-1,315,nan
316,0,-1,1,-1,316,nan
317,0,-1,1,-1,317,nan
318,0,-1,1,-1,318,nan
319,0,-1,1,-1,319,nan
320,0,-1,1,-1,320,nan
321,0,-1,1,-1,321,nan
322,0,-1,1,-1,322,nan
323,0,-1,1,-1,323,nan
324,0,-1,2,-1,398,nan
325,0,-1,1,-1,325,nan
326,0,-1,5,-1,104,nan
327,0,-1,1,-1,327,nan
328,0,-1,2,-1,605,nan
329,0,-1,1,-1,329,nan
330,0,-1,2,-1,409,nan
331,0,-1,1,-1,331,nan
332,0,-1,1,-1,332,nan
333,0,-1,1,-1,333,nan
334,0,-1,1,-1,334,nan
335,0,-1,1,-1,335,nan
336,0,-1,1,-1,336,nan
337,0,-1,1,-1,337,nan
338,0,-1,3,-1,696,nan
339,0,-1,1,-1,339,nan
340,0,-1,1,-1,340,nan
341,0,-1,1,-1,341,nan
342,0,-1,1,-1,342,nan
343,0,-1,1,-1,343,nan
344,0,-1,1,-1,344,nan
345,0,-1,1,-1,345,nan
346,0,-1,1,-1,346,nan
347,0,-1,1,-1,347,nan
348,0,-1,1,-1,348,nan
349,0,-1,1,-1,349,nan
350,0,-1,4,-1,711,nan
351,0,-1,1,-1,351,nan
352,0,-1,1,-1,352,nan
353,0,-1,1,-1,353,nan
354,0,-1,1,-1,354,nan
355,0,-1,1,-1,355,nan
356,0,-1,1,-1,356,nan
357,0,-1,1,-1,357,nan
358,0,-1,1,-1,358,nan
359,0,-1,1,-1,359,nan
360,0,-1,1,-1,360,nan
361,0,-1,1,-1,361,nan
362,0,-1,1,-1,362,nan
363,0,-1,1,-1,363,nan
364,0,-1,1,-1,364,nan
365,0,-1,1,-1,365,nan
366,0,-1,1,-1,366,nan
367,0,-1,1,-1,367,nan
368,0,-1,1,-1,368,nan
369,0,-1,1,-1,369,nan
370,0,-1,1,-1,370,nan
371,0,-1,1,-1,371,nan
372,0,-1,1,-1,372,nan
373,0,-1,1,-1,373,nan
374,0,-1,1,-1,374,nan
375,0,-1,1,-1,375,nan
376,0,-1,1,-1,376,nan
377,0,-1,1,-1,377,nan
378,0,-1,2,-1,127,nan
379,0,-1,1,-1,379,nan
380,0,-1,1,-1,380,nan
381,0,-1,1,-1,381,nan
382,0,-1,1,-1,382,nan
383,0,-1,1,-1,383,nan
384,0,-1,1,-1,384,nan
385,0,-1,1,-1,385,nan
386,0,-1,1,-1,386,nan
387,0,-1,1,-1,387,nan
388,0,-1,1,-1,388,nan
389,0,-1,1,-1,389,nan
390,0,-1,1,-1,390,nan
391,0,-1,1,-1,391,nan
392,0,-1,1,-1,392,nan
393,0,-1,1,-1,393,nan
394,0,-1,1,-1,394,nan
395,0,-1,1,-1,395,nan
396,0,-1,1,-1,396,nan
397,0,-1,1,-1,397,nan
398,0,-1,2,-1,324,nan
399,0,-1,1,-1,399,nan
400,0,-1,1,-1,400,nan
401,0,-1,1,-1,401,nan
402,0,-1,1,-1,402,nan
403,0,-1,1,-1,403,nan
404,0,-1,2,-1,953,nan
405,0,-1,3,-1,163,nan
406,0,-1,1,-1,406,nan
407,0,-1,9,-1,743,nan
408,0,-1,1,-1,408,nan
409,0,-1,1,-1,409,nan
410,0,-1,1,-1,410,nan
411,0,-1,1,-1,411,nan
412,0,-1,1,-1,412,nan
413,0,-1,2,-1,121,nan
414,0,-1,1,-1,414,nan
415,0,-1,1,-1,415,nan
416,0,-1,1,-1,416,nan
417,0,-1,1,-1,417,nan
418,0,-1,1,-1,418,nan
419,0,-1,1,-1,419,nan
420,0,-1,1,-1,420,nan
421,0,-1,1,-1,421,nan
422,0,-1,1,-1,422,nan
423,0,-1,1,-1,423,nan
424,0,-1,1,-1,424,nan
425,0,-1,1,-1,425,nan
426,0,-1,1,-1,426,nan
427,0,-1,1,-1,427,nan
428,0,-1,1,-1,428,nan
429,0,-1,1,-1,429,nan
430,0,-1,1,-1,430,nan
431,0,-1,1,-1,431,nan
432,0,-1,1,-1,432,nan
433,0,-1,1,-1,433,nan
434,0,-1,1,-1,434,nan
435,0,-1,1,-1,435,nan
436,0,-1,1,-1,436,nan
437,0,-1,1,-1,437,nan
438,0,-1,1,-1,438,nan
439,0,-1,1,-1,439,nan
440,0,-1,1,-1,440,nan
441,0,-1,1,-1,441,nan
442,0,-1,1,-1,442,nan
443,0,-1,1,-1,443,nan
444,0,-1,1,-1,444,nan
445,0,-1,1,-1,445,nan
446,0,-1,1,-1,446,nan
447,0,-1,1,-1,447,nan
448,0,-1,6,-1,272,nan
449,0,-1,1,-1,449,nan
450,0,-1,1,-1,450,nan
451,0,-1,1,-1,451,nan
452,0,-1,1,-1,452,nan
453,0,-1,1,-1,453,nan
454,0,-1,1,-1,454,nan
455,0,-1,1,-1,455,nan
456,0,-1,1,-1,456,nan
457,0,-1,1,-1,457,nan
458,0,-1,1,-1,458,nan
459,0,-1,1,-1,459,nan
460,0,-1,1,-1,460,nan
461,0,-1,1,-1,461,nan
462,0,-1,2,-1,616,nan
463,0,-1,1,-1,463,nan
464,0,-1,1,-1,464,nan
465,0,-1,1,-1,465,nan
466,0,-1,1,-1,466,nan
467,0,-1,1,-1,467,nan
468,0,-1,1,-1,468,nan
469,0,-1,1,-1,469,nan
470,0,-1,1,-1,470,nan
471,0,-1,1,-1,471,nan
472,0,-1,1,-1,472,nan
473,0,-1,1,-1,473,nan
474,0,-1,1,-1,474,nan
475,0,-1,1,-1,475,nan
476,0,-1,1,-1,476,nan
477,0,-1,1,-1,477,nan
478,0,-1,1,-1,478,nan
479,0,-1,1,-1,479,nan
480,0,-1,1,-1,480,nan
481,0,-1,1,-1,481,nan
482,0,-1,1,-1,482,nan
483,0,-1,1,-1,483,nan
484,0,-1,1,-1,484,nan
485,0,-1,1,-1,485,nan
486,0,-1,1,-1,486,nan
487,0,-1,1,-1,487,nan
488,0,-1,1,-1,488,nan
489,0,-1,1,-1,489,nan
490,0,-1,1,-1,490,nan
491,0,-1,1,-1,491,nan
492,0,-1,2,-1,208,nan
493,0,-1,1,-1,493,nan
494,0,-1,1,-1,494,nan
495,0,-1,1,-1,495,nan
496,0,-1,1,-1,496,nan
497,0,-1,1,-1,497,nan
498,0,-1,1,-1,498,nan
499,0,-1,1,-1,499,nan
500,0,-1,1,-1,500,nan
501,0,-1,3,-1,635,nan
502,0,-1,1,-1,502,nan
503,0,-1,1,-1,503,nan
504,0,-1,3,-1,973,nan
505,0,-1,1,-1,505,nan
506,0,-1,1,-1,506,nan
507,0,-1,1,-1,507,nan
508,0,-1,1,-1,508,nan
509,0,-1,1,-1,509,nan
510,0,-1,1,-1,510,nan
511,0,-1,1,-1,511,nan
512,0,-1,1,-1,512,nan
513,0,-1,1,-1,513,nan
514,0,-1,1,-1,514,nan
515,0,-1,1,-1,515,nan
516,0,-1,1,-1,516,nan
517,0,-1,1,-1,517,nan
518,0,-1,1,-1,518,nan
519,0,-1,1,-1,519,nan
520,0,-1,1,-1,520,nan
521,0,-1,1,-1,521,nan
522,0,-1,1,-1,522,nan
523,0,-1,1,-1,523,nan
524,0,-1,1,-1,524,nan
525,0,-1,1,-1,525,nan
526,0,-1,1,-1,526,nan
527,0,-1,1,-1,527,nan
528,0,-1,1,-1,528,nan
529,0,-1,2,-1,995,nan
530,0,-1,1,-1,530,nan
531,0,-1,1,-1,531,nan
532,0,-1,1,-1,532,nan
533,0,-1,1,-1,533,nan
534,0,-1,1,-1,534,nan
535,0,-1,1,-1,535,nan
536,0,-1,1,-1,536,nan
537,0,-1,1,-1,537,nan
538,0,-1,1,-1,538,nan
539,0,-1,1,-1,539,nan
540,0,-1,1,-1,540,nan
541,0,-1,1,-1,541,nan
542,0,-1,1,-1,542,nan
543,0,-1,1,-1,543,nan
544,0,-1,1,-1,544,nan
545,0,-1,1,-1,545,nan
546,0,-1,1,-1,546,nan
547,0,-1,1,-1,547,nan
548,0,-1,1,-1,548,nan
549,0,-1,1,-1,549,nan
550,0,-1,1,-1,550,nan
551,0,-1,1,-1,551,nan
552,0,-1,1,-1,552,nan
553,0,-1,1,-1,553,nan
554,0,-1,1,-1,554,nan
555,0,-1,3,-1,232,nan
556,0,-1,1,-1,556,nan
557,0,-1,1,-1,557,nan
558,0,-1,1,-1,558,nan
559,0,-1,1,-1,559,nan
560,0,-1,1,-1,560,nan
561,0,-1,1,-1,561,nan
562,0,-1,1,-1,562,nan
563,0,-1,1,-1,563,nan
564,0,-1,1,-1,564,nan
565,0,-1,1,-1,565,nan
566,0,-1,1,-1,566,nan
567,0,-1,1,-1,567,nan
568,0,-1,1,-1,568,nan
569,0,-1,95,-1,960,nan
570,0,-1,1,-1,570,nan
571,0,-1,1,-1,571,nan
572,0,-1,1,-1,572,nan
573,0,-1,1,-1,573,nan
574,0,-1,1,-1,574,nan
575,0,-1,1,-1,575,nan
576,0,-1,1,-1,576,nan
577,0,-1,1,-1,577,nan
578,0,-1,1,-1,578,nan
579,0,-1,1,-1,579,nan
580,0,-1,1,-1,580,nan
581,0,-1,1,-1,581,nan
582,0,-1,1,-1,582,nan
583,0,-1,3,-1,888,nan
584,0,-1,1,-1,584,nan
585,0,-1,1,-1,585,nan
586,0,-1,2,-1,861,nan
587,0,-1,1,-1,587,nan
588,0,-1,1,-1,588,nan
589,0,-1,1,-1,589,nan
590,0,-1,1,-1,590,nan
591,0,-1,1,-1,591,nan
592,0,-1,1,-1,592,nan
593,0,-1,7,-1,740,nan
594,0,-1,1,-1,594,nan
595,0,-1,1,-1,595,nan
596,0,-1,1,-1,596,nan
597,0,-1,1,-1,597,nan
598,0,-1,1,-1,598,nan
599,0,-1,2,-1,386,nan
600,0,-1,1,-1,600,nan
601,0,-1,1,-1,601,nan
602,0,-1,1,-1,602,nan
603,0,-1,1,-1,603,nan
604,0,-1,2,-1,16,nan
605,0,-1,2,-1,376,nan
606,0,-1,2,-1,996,nan
607,0,-1,1,-1,607,nan
608,0,-1,1,-1,608,nan
609,0,-1,1,-1,609,nan
610,0,-1,1,-1,610,nan
611,0,-1,1,-1,611,nan
612,0,-1,1,-1,612,nan
613,0,-1,1,-1,613,nan
614,0,-1,1,-1,614,nan
615,0,-1,1,-1,615,nan
616,0,-1,1,-1,616,nan
617,0,-1,1,-1,617,nan
618,0,-1,1,-1,618,nan
619,0,-1,1,-1,619,nan
620,0,-1,1,-1,620,nan
621,0,-1,1,-1,621,nan
622,0,-1,1,-1,622,nan
623,0,-1,1,-1,623,nan
624,0,-1,1,-1,624,nan
625,0,-1,1,-1,625,nan
626,0,-1,1,-1,626,nan
627,0,-1,1,-1,627,nan
628,0,-1,1,-1,628,nan
629,0,-1,1,-1,629,nan
630,0,-1,1,-1,630,nan
631,0,-1,1,-1,631,nan
632,0,-1,1,-1,632,nan
633,0,-1,1,-1,633,nan
634,0,-1,1,-1,634,nan
635,0,-1,1,-1,635,nan
636,0,-1,1,-1,636,nan
637,0,-1,1,-1,637,nan
638,0,-1,2,-1,723,nan
639,0,-1,2,-1,141,nan
640,0,-1,1,-1,640,nan
641,0,-1,1,-1,641,nan
642,0,-1,1,-1,642,nan
643,0,-1,1,-1,643,nan
644,0,-1,1,-1,644,nan
645,0,-1,1,-1,645,nan
646,0,-1,1,-1,646,nan
647,0,-1,1,-1,647,nan
648,0,-1,1,-1,648,nan
649,0,-1,1,-1,649,nan
650,0,-1,1,-1,650,nan
651,0,-1,1,-1,651,nan
652,0,-1,1,-1,652,nan
653,0,-1,1,-1,653,nan
654,0,-1,6,-1,917,nan
655,0,-1,1,-1,655,nan
656,0,-1,1,-1,656,nan
657,0,-1,1,-1,657,nan
658,0,-1,1,-1,658,nan
659,0,-1,1,-1,659,nan
660,0,-1,1,-1,660,nan
661,0,-1,1,-1,661,nan
662,0,-1,1,-1,662,nan
663,0,-1,1,-1,663,nan
664,0,-1,1,-1,664,nan
665,0,-1,2,-1,914,nan
666,0,-1,1,-1,666,nan
667,0,-1,1,-1,667,nan
668,0,-1,1,-1,668,nan
669,0,-1,1,-1,669,nan
670,0,-1,1,-1,670,nan
671,0,-1,1,-1,671,nan
672,0,-1,1,-1,672,nan
673,0,-1,1,-1,673,nan
674,0,-1,1,-1,674,nan
675,0,-1,1,-1,675,nan
676,0,-1,1,-1,676,nan
677,0,-1,1,-1,677,nan
678,0,-1,1,-1,678,nan
679,0,-1,1,-1,679,nan
680,0,-1,1,-1,680,nan
681,0,-1,1,-1,681,nan
682,0,-1,1,-1,682,nan
683,0,-1,1,-1,683,nan
684,0,-1,1,-1,684,nan
685,0,-1,1,-1,685,nan
686,0,-1,1,-1,686,nan
687,0,-1,1,-1,687,nan
688,0,-1,1,-1,688,nan
689,0,-1,1,-1,689,nan
690,0,-1,1,-1,690,nan
691,0,-1,1,-1,691,nan
692,0,-1,1,-1,692,nan
693,0,-1,1,-1,693,nan
694,0,-1,1,-1,694,nan
695,0,-1,1,-1,695,nan
696,0,-1,1,-1,696,nan
697,0,-1,1,-1,697,nan
698,0,-1,1,-1,698,nan
699,0,-1,1,-1,699,nan
700,0,-1,1,-1,700,nan
701,0,-1,1,-1,701,nan
702,0,-1,1,-1,702,nan
703,0,-1,1,-1,703,nan
704,0,-1,1,-1,704,nan
705,0,-1,3,-1,543,nan
706,0,-1,1,-1,706,nan
707,0,-1,1,-1,707,nan
708,0,-1,1,-1,708,nan
709,0,-1,2,-1,164,nan
710,0,-1,1,-1,710,nan
711,0,-1,2,-1,350,nan
712,0,-1,1,-1,712,nan
713,0,-1,1,-1,713,nan
714,0,-1,1,-1,714,nan
715,0,-1,1,-1,715,nan
716,0,-1,1,-1,716,nan
717,0,-1,1,-1,717,nan
718,0,-1,1,-1,718,nan
719,0,-1,1,-1,719,nan
720,0,-1,1,-1,720,nan
721,0,-1,1,-1,721,nan
722,0,-1,2,-1,938,nan
723,0,-1,1,-1,723,nan
724,0,-1,1,-1,724,nan
725,0,-1,1,-1,725,nan
726,0,-1,1,-1,726,nan
727,0,-1,1,-1,727,nan
728,0,-1,1,-1,728,nan
729,0,-1,1,-1,729,nan
730,0,-1,1,-1,730,nan
731,0,-1,1,-1,731,nan
732,0,-1,1,-1,732,nan
733,0,-1,1,-1,733,nan
734,0,-1,1,-1,734,nan
735,0,-1,1,-1,735,nan
736,0,-1,1,-1,736,nan
737,0,-1,1,-1,737,nan
738,0,-1,1,-1,738,nan
739,0,-1,1,-1,739,nan
740,0,-1,5,-1,136,nan
741,0,-1,1,-1,741,nan
742,0,-1,1,-1,742,nan
743,0,-1,1,-1,743,nan
744,0,-1,1,-1,744,nan
745,0,-1,1,-1,745,nan
746,0,-1,1,-1,746,nan
747,0,-1,1,-1,747,nan
748,0,-1,1,-1,748,nan
749,0,-1,1,-1,749,nan
750,0,-1,2,-1,692,nan
751,0,-1,1,-1,751,nan
752,0,-1,2,-1,932,nan
753,0,-1,1,-1,753,nan
754,0,-1,1,-1,754,nan
755,0,-1,1,-1,755,nan
756,0,-1,1,-1,756,nan
757,0,-1,1,-1,757,nan
758,0,-1,2,-1,293,nan
759,0,-1,1,-1,759,nan
760,0,-1,1,-1,760,nan
761,0,-1,1,-1,761,nan
762,0,-1,1,-1,762,nan
763,0,-1,1,-1,763,nan
764,0,-1,1,-1,764,nan
765,0,-1,1,-1,765,nan
766,0,-1,1,-1,766,nan
767,0,-1,1,-1,767,nan
768,0,-1,1,-1,768,nan
769,0,-1,1,-1,769,nan
770,0,-1,1,-1,770,nan
771,0,-1,1,-1,771,nan
772,0,-1,1,-1,772,nan
773,0,-1,1,-1,773,nan
774,0,-1,1,-1,774,nan
775,0,-1,1,-1,775,nan
776,0,-1,2,-1,543,nan
777,0,-1,3,-1,628,nan
778,0,-1,1,-1,778,nan
779,0,-1,1,-1,779,nan
780,0,-1,1,-1,780,nan
781,0,-1,1,-1,781,nan
782,0,-1,1,-1,782,nan
783,0,-1,1,-1,783,nan
784,0,-1,1,-1,784,nan
785,0,-1,1,-1,785,nan
786,0,-1,2,-1,455,nan
787,0,-1,1,-1,787,nan
788,0,-1,1,-1,788,nan
789,0,-1,1,-1,789,nan
790,0,-1,1,-1,790,nan
791,0,-1,1,-1,791,nan
792,0,-1,1,-1,792,nan
793,0,-1,1,-1,793,nan
794,0,-1,1,-1,794,nan
795,0,-1,1,-1,795,nan
796,0,-1,1,-1,796,nan
797,0,-1,1,-1,797,nan
798,0,-1,1,-1,798,nan
799,0,-1,1,-1,799,nan
800,0,-1,1,-1,800,nan
801,0,-1,1,-1,801,nan
802,0,-1,1,-1,802,nan
803,0,-1,1,-1,803,nan
804,0,-1,1,-1,804,nan
805,0,-1,1,-1,805,nan
806,0,-1,1,-1,806,nan
807,0,-1,2,-1,473,nan
808,0,-1,1,-1,808,nan
809,0,-1,1,-1,809,nan
810,0,-1,1,-1,810,nan
811,0,-1,1,-1,811,nan
812,0,-1,1,-1,812,nan
813,0,-1,1,-1,813,nan
814,0,-1,1,-1,814,nan
815,0,-1,1,-1,815,nan
816,0,-1,1,-1,816,nan
817,0,-1,1,-1,817,nan
818,0,-1,1,-1,818,nan
819,0,-1,1,-1,819,nan
820,0,-1,1,-1,820,nan
821,0,-1,1,-1,821,nan
822,0,-1,1,-1,822,nan
823,0,-1,1,-1,823,nan
824,0,-1,1,-1,824,nan
825,0,-1,1,-1,825,nan
826,0,-1,2,-1,561,nan
827,0,-1,1,-1,827,nan
828,0,-1,1,-1,828,nan
829,0,-1,1,-1,829,nan
830,0,-1,1,-1,830,nan
831,0,-1,1,-1,831,nan
832,0,-1,1,-1,832,nan
833,0,-1,1,-1,833,nan
834,0,-1,1,-1,834,nan
835,0,-1,1,-1,835,nan
836,0,-1,1,-1,836,nan
837,0,-1,1,-1,837,nan
838,0,-1,1,-1,838,nan
839,0,-1,1,-1,839,nan
840,0,-1,1,-1,840,nan
841,0,-1,2,-1,685,nan
842,0,-1,1,-1,842,nan
843,0,-1,1,-1,843,nan
844,0,-1,1,-1,844,nan
845,0,-1,1,-1,845,nan
846,0,-1,1,-1,846,nan
847,0,-1,1,-1,847,nan
848,0,-1,1,-1,848,nan
849,0,-1,1,-1,849,nan
850,0,-1,1,-1,850,nan
851,0,-1,1,-1,851,nan
852,0,-1,1,-1,852,nan
853,0,-1,1,-1,853,nan
854,0,-1,2,-1,898,nan
855,0,-1,1,-1,855,nan
856,0,-1,2,-1,946,nan
857,0,-1,1,-1,857,nan
858,0,-1,1,-1,858,nan
859,0,-1,1,-1,859,nan
860,0,-1,1,-1,860,nan
861,0,-1,3,-1,769,nan
862,0,-1,1,-1,862,nan
863,0,-1,1,-1,863,nan
864,0,-1,2,-1,492,nan
865,0,-1,2,-1,949,nan
866,0,-1,1,-1,866,nan
867,0,-1,1,-1,867,nan
868,0,-1,1,-1,868,nan
869,0,-1,1,-1,869,nan
870,0,-1,1,-1,870,nan
871,0,-1,1,-1,871,nan
872,0,-1,1,-1,872,nan
873,0,-1,1,-1,873,nan
874,0,-1,1,-1,874,nan
875,0,-1,1,-1,875,nan
876,0,-1,1,-1,876,nan
877,0,-1,1,-1,877,nan
878,0,-1,2,-1,353,nan
879,0,-1,1,-1,879,nan
880,0,-1,1,-1,880,nan
881,0,-1,1,-1,881,nan
882,0,-1,1,-1,882,nan
883,0,-1,1,-1,883,nan
884,0,-1,1,-1,884,nan
885,0,-1,1,-1,885,nan
886,0,-1,1,-1,886,nan
887,0,-1,1,-1,887,nan
888,0,-1,1,-1,888,nan
889,0,-1,1,-1,889,nan
890,0,-1,1,-1,890,nan
891,0,-1,1,-1,891,nan
892,0,-1,2,-1,129,nan
893,0,-1,1,-1,893,nan
894,0,-1,1,-1,894,nan
895,0,-1,1,-1,895,nan
896,0,-1,1,-1,896,nan
897,0,-1,1,-1,897,nan
898,0,-1,1,-1,898,nan
899,0,-1,2,-1,736,nan
900,0,-1,2,-1,958,nan
901,0,-1,1,-1,901,nan
902,0,-1,1,-1,902,nan
903,0,-1,1,-1,903,nan
904,0,-1,1,-1,904,nan
905,0,-1,1,-1,905,nan
906,0,-1,1,-1,906,nan
907,0,-1,1,-1,907,nan
908,0,-1,1,-1,908,nan
909,0,-1,1,-1,909,nan
910,0,-1,1,-1,910,nan
911,0,-1,1,-1,911,nan
912,0,-1,1,-1,912,nan
913,0,-1,1,-1,913,nan
914,0,-1,1,-1,914,nan
915,0,-1,1,-1,915,nan
916,0,-1,1,-1,916,nan
917,0,-1,1,-1,917,nan
918,0,-1,1,-1,918,nan
919,0,-1,1,-1,919,nan
920,0,-1,1,-1,920,nan
921,0,-1,1,-1,921,nan
922,0,-1,1,-1,922,nan
923,0,-1,1,-1,923,nan
924,0,-1,1,-1,924,nan
925,0,-1,1,-1,925,nan
926,0,-1,1,-1,926,nan
927,0,-1,1,-1,927,nan
928,0,-1,1,-1,928,nan
929,0,-1,1,-1,929,nan
930,0,-1,1,-1,930,nan
931,0,-1,1,-1,931,nan
932,0,-1,1,-1,932,nan
933,0,-1,1,-1,933,nan
934,0,-1,1,-1,934,nan
935,0,-1,1,-1,935,nan
936,0,-1,1,-1,936,nan
937,0,-1,1,-1,937,nan
938,0,-1,2,-1,722,nan
939,0,-1,1,-1,939,nan
940,0,-1,1,-1,940,nan
941,0,-1,2,-1,497,nan
942,0,-1,2,-1,391,nan
943,0,-1,1,-1,943,nan
944,0,-1,1,-1,944,nan
945,0,-1,1,-1,945,nan
946,0,-1,1,-1,946,nan
947,0,-1,1,-1,947,nan
948,0,-1,1,-1,948,nan
949,0,-1,1,-1,949,nan
950,0,-1,1,-1,950,nan
951,0,-1,1,-1,951,nan
952,0,-1,1,-1,952,nan
953,0,-1,13,-1,786,nan
954,0,-1,1,-1,954,nan
955,0,-1,1,-1,955,nan
956,0,-1,1,-1,956,nan
957,0,-1,1,-1,957,nan
958,0,-1,1,-1,958,nan
959,0,-1,1,-1,959,nan
960,0,-1,1,-1,960,nan
961,0,-1,1,-1,961,nan
962,0,-1,1,-1,962,nan
963,0,-1,1,-1,963,nan
964,0,-1,1,-1,964,nan
965,0,-1,1,-1,965,nan
966,0,-1,1,-1,966,nan
967,0,-1,1,-1,967,nan
968,0,-1,1,-1,968,nan
969,0,-1,1,-1,969,nan
970,0,-1,5,-1,437,nan
971,0,-1,1,-1,971,nan
972,0,-1,1,-1,972,nan
973,0,-1,1,-1,973,nan
974,0,-1,1,-1,974,nan
975,0,-1,1,-1,975,nan
976,0,-1,1,-1,976,nan
977,0,-1,1,-1,977,nan
978,0,-1,1,-1,978,nan
979,0,-1,1,-1,979,nan
980,0,-1,1,-1,980,nan
981,0,-1,1,-1,981,nan
982,0,-1,1,-1,982,nan
983,0,-1,1,-1,983,nan
984,0,-1,1,-1,984,nan
985,0,-1,1,-1,985,nan
986,0,-1,1,-1,986,nan
987,0,-1,1,-1,987,nan
988,0,-1,1,-1,988,nan
989,0,-1,1,-1,989,nan
990,0,-1,1,-1,990,nan
991,0,-1,1,-1,991,nan
992,0,-1,1,-1,992,nan
993,0,-1,1,-1,993,nan
994,0,-1,1,-1,994,nan
995,0,-1,1,-1,995,nan
996,0,-1,1,-1,996,nan
997,0,-1,1,-1,997,nan
998,0,-1,1,-1,998,nan
999,0,-1,1,-1,999,nan
1000,0,-1,1,-1,1000,nan
1,1,-1,1,-1,1,nan
2,1,-1,1,-1,2,nan
3,1,-1,1,-1,3,nan
4,1,-1,1,-1,4,nan
5,1,-1,1,-1,5,nan
6,1,-1,1,-1,6,nan
7,1,-1,1,-1,7,nan
8,1,-1,1,-1,8,nan
9,1,-1,1,-1,9,nan
10,1,-1,1,-1,10,nan
11,1,-1,1,-1,11,nan
12,1,-1,1,-1,12,nan
13,1,-1,1,-1,13,nan
14,1,-1,1,-1,14,nan
15,1,-1,1,-1,15,nan
16,1,-1,1,-1,16,nan
17,1,-1,1,-1,17,nan
18,1,-1,1,-1,18,nan
19,1,-1,1,-1,19,nan
20,1,-1,5,-1,847,nan
21,1,-1,1,-1,21,nan
22,1,-1,1,-1,22,nan
23,1,-1,1,-1,23,nan
24,1,-1,2,-1,876,nan
25,1,-1,1,-1,25,nan
26,1,-1,1,-1,26,nan
27,1,-1,1,-1,27,nan
28,1,-1,1,-1,28,nan
29,1,-1,1,-1,29,nan
30,1,-1,1,-1,30,nan
31,1,-1,1,-1,31,nan
32,1,-1,1,-1,32,nan
33,1,-1,1,-1,33,nan
34,1,-1,1,-1,34,nan
35,1,-1,1,-1,35,nan
36,1,-1,2,-1,917,nan
37,1,-1,2,-1,634,nan
38,1,-1,1,-1,38,nan
39,1,-1,1,-1,39,nan
40,1,-1,1,-1,40,nan
41,1,-1,1,-1,41,nan
42,1,-1,1,-1,42,nan
43,1,-1,1,-1,43,nan
44,1,-1,1,-1,44,nan
45,1,-1,1,-1,45,nan
46,1,-1,1,-1,46,nan
47,1,-1,1,-1,47,nan
48,1,-1,1,-1,48,nan
49,1,-1,1,-1,49,nan
50,1,-1,1,-1,50,nan
51,1,-1,1,-1,51,nan
52,1,-1,1,-1,52,nan
53,1,-1,1,-1,53,nan
54,1,-1,1,-1,54,nan
55,1,-1,1,-1,55,nan
56,1,-1,1,-1,56,nan
57,1,-1,1,-1,57,nan
58,1,-1,1,-1,58,nan
59,1,-1,1,-1,59,nan
60,1,-1,1,-1,60,nan
61,1,-1,1,-1,61,nan
62,1,-1,1,-1,62,nan
63,1,-1,1,-1,63,nan
64,1,-1,3,-1,449,nan
65,1,-1,1,-1,65,nan
66,1,-1,1,-1,66,nan
67,1,-1,1,-1,67,nan
68,1,-1,1,-1,68,nan
69,1,-1,1,-1,69,nan
70,1,-1,1,-1,70,nan
71,1,-1,1,-1,71,nan
72,1,-1,1,-1,72,nan
73,1,-1,1,-1,73,nan
74,1,-1,1,-1,74,nan
75,1,-1,1,-1,75,nan
76,1,-1,2,-1,555,nan
77,1,-1,1,-1,77,nan
78,1,-1,1,-1,78,nan
79,1,-1,1,-1,79,nan
80,1,-1,1,-1,80,nan
81,1,-1,1,-1,81,nan
82,1,-1,1,-1,82,nan
83,1,-1,1,-1,83,nan
84,1,-1,1,-1,84,nan
85,1,-1,1,-1,85,nan
86,1,-1,1,-1,86,nan
87,1,-1,1,-1,87,nan
88,1,-1,1,-1,88,nan
89,1,-1,1,-1,89,nan
90,1,-1,1,-1,90,nan
91,1,-1,1,-1,91,nan
92,1,-1,1,-1,92,nan
93,1,-1,1,-1,93,nan
94,1,-1,1,-1,94,nan
95,1,-1,1,-1,95,nan
96,1,-1,1,-1,96,nan
97,1,-1,1,-1,97,nan
98,1,-1,1,-1,98,nan
99,1,-1,1,-1,99,nan
100,1,-1,2,-1,691,nan
101,1,-1,1,-1,101,nan
102,1,-1,1,-1,102,nan
103,1,-1,1,-1,103,nan
104,1,-1,1,-1,104,nan
105,1,-1,1,-1,105,nan
106,1,-1,1,-1,106,nan
107,1,-1,1,-1,107,nan
108,1,-1,1,-1,108,nan
109,1,-1,1,-1,109,nan
110,1,-1,1,-1,110,nan
111,1,-1,1,-1,111,nan
112,1,-1,1,-1,112,nan
113,1,-1,1,-1,113,nan
114,1,-1,1,-1,114,nan
115,1,-1,1,-1,115,nan
116,1,-1,1,-1,116,nan
117,1,-1,1,-1,117,nan
118,1,-1,1,-1,118,nan
119,1,-1,1,-1,119,nan
120,1,-1,4,-1,450,nan
121,1,-1,1,-1,121,nan
122,1,-1,1,-1,122,nan
123,1,-1,1,-1,123,nan
124,1,-1,1,-1,124,nan
125,1,-1,1,-1,125,nan
126,1,-1,1,-1,126,nan
127,1,-1,1,-1,127,nan
128,1,-1,1,-1,128,nan
129,1,-1,1,-1,129,nan
130,1,-1,1,-1,130,nan
131,1,-1,1,-1,131,nan
132,1,-1,1,-1,132,nan
133,1,-1,1,-1,133,nan
134,1,-1,1,-1,134,nan
135,1,-1,1,-1,135,nan
136,1,-1,1,-1,136,nan
137,1,-1,1,-1,137,nan
138,1,-1,1,-1,138,nan
139,1,-1,1,-1,139,nan
140,1,-1,1,-1,140,nan
141,1,-1,1,-1,141,nan
142,1,-1,2,-1,897,nan
143,1,-1,1,-1,143,nan
144,1,-1,1,-1,144,nan
145,1,-1,1,-1,145,nan
146,1,-1,1,-1,146,nan
147,1,-1,1,-1,147,nan
148,1,-1,1,-1,148,nan
149,1,-1,1,-1,149,nan
150,1,-1,1,-1,150,nan
151,1,-1,1,-1,151,nan
152,1,-1,1,-1,152,nan
153,1,-1,1,-1,153,nan
154,1,-1,1,-1,154,nan
155,1,-1,1,-1,155,nan
156,1,-1,1,-1,156,nan
157,1,-1,2,-1,665,nan
158,1,-1,2,-1,365,nan
159,1,-1,1,-1,159,nan
160,1,-1,1,-1,160,nan
161,1,-1,1,-1,161,nan
162,1,-1,1,-1,162,nan
163,1,-1,1,-1,163,nan
164,1,-1,1,-1,164,nan
165,1,-1,1,-1,165,nan
166,1,-1,2,-1,717,nan
167,1,-1,1,-1,167,nan
168,1,-1,1,-1,168,nan
169,1,-1,1,-1,169,nan
170,1,-1,1,-1,170,nan
171,1,-1,1,-1,171,nan
172,1,-1,1,-1,172,nan
173,1,-1,1,-1,173,nan
174,1,-1,1,-1,174,nan
175,1,-1,1,-1,175,nan
176,1,-1,1,-1,176,nan
177,1,-1,1,-1,177,nan
178,1,-1,1,-1,178,nan
179,1,-1,1,-1,179,nan
180,1,-1,1,-1,180,nan
181,1,-1,1,-1,181,nan
182,1,-1,1,-1,182,nan
183,1,-1,1,-1,183,nan
184,1,-1,1,-1,184,nan
185,1,-1,1,-1,185,nan
186,1,-1,1,-1,186,nan
187,1,-1,4,-1,465,nan
188,1,-1,1,-1,188,nan
189,1,-1,1,-1,189,nan
190,1,-1,1,-1,190,nan
191,1,-1,1,-1,191,nan
192,1,-1,1,-1,192,nan
193,1,-1,1,-1,193,nan
194,1,-1,1,-1,194,nan
195,1,-1,1,-1,195,nan
196,1,-1,1,-1,196,nan
197,1,-1,1,-1,197,nan
198,1,-1,1,-1,198,nan
199,1,-1,1,-1,199,nan
200,1,-1,1,-1,200,nan
201,1,-1,1,-1,201,nan
202,1,-1,1,-1,202,nan
203,1,-1,1,-1,203,nan
204,1,-1,1,-1,204,nan
205,1,-1,1,-1,205,nan
206,1,-1,1,-1,206,nan
207,1,-1,1,-1,207,nan
208,1,-1,1,-1,208,nan
209,1,-1,1,-1,209,nan
210,1,-1,1,-1,210,nan
211,1,-1,1,-1,211,nan
212,1,-1,1,-1,212,nan
213,1,-1,1,-1,213,nan
214,1,-1,1,-1,214,nan
215,1,-1,1,-1,215,nan
216,1,-1,1,-1,216,nan
217,1,-1,1,-1,217,nan
218,1,-1,1,-1,218,nan
219,1,-1,1,-1,219,nan
220,1,-1,2,-1,457,nan
221,1,-1,1,-1,221,nan
222,1,-1,1,-1,222,nan
223,1,-1,1,-1,223,nan
224,1,-1,1,-1,224,nan
225,1,-1,2,-1,293,nan
226,1,-1,1,-1,226,nan
227,1,-1,1,-1,227,nan
228,1,-1,1,-1,228,nan
229,1,-1,1,-1,229,nan
230,1,-1,3,-1,549,nan
231,1,-1,1,-1,231,nan
232,1,-1,1,-1,232,nan
233,1,-1,2,-1,515,nan
234,1,-1,5,-1,384,nan
235,1,-1,1,-1,235,nan
236,1,-1,1,-1,236,nan
237,1,-1,1,-1,237,nan
238,1,-1,1,-1,238,nan
239,1,-1,1,-1,239,nan
240,1,-1,1,-1,240,nan
241,1,-1,1,-1,241,nan
242,1,-1,1,-1,242,nan
243,1,-1,1,-1,243,nan
244,1,-1,1,-1,244,nan
245,1,-1,1,-1,245,nan
246,1,-1,1,-1,246,nan
247,1,-1,2,-1,818,nan
248,1,-1,2,-1,141,nan
249,1,-1,1,-1,249,nan
250,1,-1,1,-1,250,nan
251,1,-1,1,-1,251,nan
252,1,-1,1,-1,252,nan
253,1,-1,1,-1,253,nan
254,1,-1,3,-1,350,nan
255,1,-1,2,-1,800,nan
256,1,-1,1,-1,256,nan
257,1,-1,1,-1,257,nan
258,1,-1,1,-1,258,nan
259,1,-1,1,-1,259,nan
260,1,-1,1,-1,260,nan
261,1,-1,1,-1,261,nan
262,1,-1,1,-1,262,nan
263,1,-1,1,-1,263,nan
264,1,-1,1,-1,264,nan
265,1,-1,1,-1,265,nan
266,1,-1,1,-1,266,nan
267,1,-1,1,-1,267,nan
268,1,-1,1,-1,268,nan
269,1,-1,1,-1,269,nan
270,1,-1,1,-1,270,nan
271,1,-1,1,-1,271,nan
272,1,-1,1,-1,272,nan
273,1,-1,1,-1,273,nan
274,1,-1,1,-1,274,nan
275,1,-1,1,-1,275,nan
276,1,-1,1,-1,276,nan
277,1,-1,1,-1,277,nan
278,1,-1,1,-1,278,nan
279,1,-1,1,-1,279,nan
280,1,-1,1,-1,280,nan
281,1,-1,2,-1,118,nan
282,1,-1,1,-1,282,nan
283,1,-1,2,-1,755,nan
284,1,-1,1,-1,284,nan
285,1,-1,1,-1,285,nan
286,1,-1,1,-1,286,nan
287,1,-1,1,-1,287,nan
288,1,-1,1,-1,288,nan
289,1,-1,1,-1,289,nan
290,1,-1,1,-1,290,nan
291,1,-1,2,-1,583,nan
292,1,-1,1,-1,292,nan
293,1,-1,1,-1,293,nan
294,1,-1,1,-1,294,nan
295,1,-1,1,-1,295,nan
296,1,-1,1,-1,296,nan
297,1,-1,1,-1,297,nan
298,1,-1,1,-1,298,nan
299,1,-1,1,-1,299,nan
300,1,-1,1,-1,300,nan
301,1,-1,1,-1,301,nan
302,1,-1,1,-1,302,nan
303,1,-1,5,-1,275,nan
304,1,-1,2,-1,919,nan
305,1,-1,1,-1,305,nan
306,1,-1,1,-1,306,nan
307,1,-1,1,-1,307,nan
308,1,-1,1,-1,308,nan
309,1,-1,1,-1,309,nan
310,1,-1,1,-1,310,nan
311,1,-1,2,-1,961,nan
312,1,-1,1,-1,312,nan
313,1,-1,1,-1,313,nan
314,1,-1,1,-1,314,nan
315,1,-1,1,-1,315,nan
316,1,-1,1,-1,316,nan
317,1,-1,1,-1,317,nan
318,1,-1,1,-1,318,nan
319,1,-1,1,-1,319,nan
320,1,-1,1,-1,320,nan
321,1,-1,1,-1,321,nan
322,1,-1,1,-1,322,nan
323,1,-1,1,-1,323,nan
324,1,-1,1,-1,324,nan
325,1,-1,1,-1,325,nan
326,1,-1,3,-1,981,nan
327,1,-1,1,-1,327,nan
328,1,-1,1,-1,328,nan
329,1,-1,1,-1,329,nan
330,1,-1,1,-1,330,nan
331,1,-1,1,-1,331,nan
332,1,-1,2,-1,681,nan
333,1,-1,1,-1,333,nan
334,1,-1,1,-1,334,nan
335,1,-1,1,-1,335,nan
336,1,-1,1,-1,336,nan
337,1,-1,1,-1,337,nan
338,1,-1,1,-1,338,nan
339,1,-1,1,-1,339,nan
340,1,-1,1,-1,340,nan
341,1,-1,1,-1,341,nan
342,1,-1,1,-1,342,nan
343,1,-1,1,-1,343,nan
344,1,-1,1,-1,344,nan
345,1,-1,1,-1,345,nan
346,1,-1,1,-1,346,nan
347,1,-1,1,-1,347,nan
348,1,-1,1,-1,348,nan
349,1,-1,1,-1,349,nan
350,1,-1,1,-1,350,nan
351,1,-1,1,-1,351,nan
352,1,-1,1,-1,352,nan
353,1,-1,1,-1,353,nan
354,1,-1,1,-1,354,nan
355,1,-1,1,-1,355,nan
356,1,-1,1,-1,356,nan
357,1,-1,1,-1,357,nan
358,1,-1,1,-1,358,nan
359,1,-1,1,-1,359,nan
360,1,-1,1,-1,360,nan
361,1,-1,1,-1,361,nan
362,1,-1,1,-1,362,nan
363,1,-1,1,-1,363,nan
364,1,-1,1,-1,364,nan
365,1,-1,1,-1,365,nan
366,1,-1,2,-1,785,nan
367,1,-1,1,-1,367,nan
368,1,-1,1,-1,368,nan
369,1,-1,1,-1,369,nan
370,1,-1,1,-1,370,nan
371,1,-1,1,-1,371,nan
372,1,-1,1,-1,372,nan
373,1,-1,1,-1,373,nan
374,1,-1,1,-1,374,nan
375,1,-1,1,-1,375,nan
376,1,-1,1,-1,376,nan
377,1,-1,1,-1,377,nan
378,1,-1,1,-1,378,nan
379,1,-1,1,-1,379,nan
380,1,-1,1,-1,380,nan
381,1,-1,1,-1,381,nan
382,1,-1,1,-1,382,nan
383,1,-1,1,-1,383,nan
384,1,-1,1,-1,384,nan
385,1,-1,1,-1,385,nan
386,1,-1,1,-1,386,nan
387,1,-1,1,-1,387,nan
388,1,-1,1,-1,388,nan
389,1,-1,1,-1,389,nan
390,1,-1,1,-1,390,nan
391,1,-1,1,-1,391,nan
392,1,-1,1,-1,392,nan
393,1,-1,1,-1,393,nan
394,1,-1,1,-1,394,nan
395,1,-1,1,-1,395,nan
396,1,-1,1,-1,396,nan
397,1,-1,1,-1,397,nan
398,1,-1,6,-1,815,nan
399,1,-1,1,-1,399,nan
400,1,-1,1,-1,400,nan
401,1,-1,1,-1,401,nan
402,1,-1,1,-1,402,nan
403,1,-1,1,-1,403,nan
404,1,-1,1,-1,404,nan
405,1,-1,1,-1,405,nan
406,1,-1,1,-1,406,nan
407,1,-1,1,-1,407,nan
408,1,-1,1,-1,408,nan
409,1,-1,1,-1,409,nan
410,1,-1,1,-1,410,nan
411,1,-1,1,-1,411,nan
412,1,-1,1,-1,412,nan
413,1,-1,1,-1,413,nan
414,1,-1,1,-1,414,nan
415,1,-1,1,-1,415,nan
416,1,-1,1,-1,416,nan
417,1,-1,1,-1,417,nan
418,1,-1,1,-1,418,nan
419,1,-1,1,-1,419,nan
420,1,-1,1,-1,420,nan
421,1,-1,1,-1,421,nan
422,1,-1,1,-1,422,nan
423,1,-1,1,-1,423,nan
424,1,-1,1,-1,424,nan
425,1,-1,1,-1,425,nan
426,1,-1,1,-1,426,nan
427,1,-1,1,-1,427,nan
428,1,-1,1,-1,428,nan
429,1,-1,1,-1,429,nan
430,1,-1,1,-1,430,nan
431,1,-1,1,-1,431,nan
432,1,-1,1,-1,432,nan
433,1,-1,1,-1,433,nan
434,1,-1,1,-1,434,nan
435,1,-1,1,-1,435,nan
436,1,-1,1,-1,436,nan
437,1,-1,1,-1,437,nan
438,1,-1,1,-1,438,nan
439,1,-1,1,-1,439,nan
440,1,-1,2,-1,969,nan
441,1,-1,1,-1,441,nan
442,1,-1,1,-1,442,nan
443,1,-1,1,-1,443,nan
444,1,-1,1,-1,444,nan
445,1,-1,1,-1,445,nan
446,1,-1,1,-1,446,nan
447,1,-1,1,-1,447,nan
448,1,-1,1,-1,448,nan
449,1,-1,2,-1,223,nan
450,1,-1,1,-1,450,nan
451,1,-1,1,-1,451,nan
452,1,-1,1,-1,452,nan
453,1,-1,1,-1,453,nan
454,1,-1,1,-1,454,nan
455,1,-1,1,-1,455,nan
456,1,-1,1,-1,456,nan
457,1,-1,1,-1,457,nan
458,1,-1,1,-1,458,nan
459,1,-1,1,-1,459,nan
460,1,-1,1,-1,460,nan
461,1,-1,1,-1,461,nan
462,1,-1,1,-1,462,nan
463,1,-1,1,-1,463,nan
464,1,-1,1,-1,464,nan
465,1,-1,1,-1,465,nan
466,1,-1,2,-1,803,nan
467,1,-1,1,-1,467,nan
468,1,-1,1,-1,468,nan
469,1,-1,1,-1,469,nan
470,1,-1,1,-1,470,nan
471,1,-1,1,-1,471,nan
472,1,-1,1,-1,472,nan
473,1,-1,1,-1,473,nan
474,1,-1,1,-1,474,nan
475,1,-1,1,-1,475,nan
476,1,-1,1,-1,476,nan
477,1,-1,1,-1,477,nan
478,1,-1,1,-1,478,nan
479,1,-1,1,-1,479,nan
480,1,-1,1,-1,480,nan
481,1,-1,1,-1,481,nan
482,1,-1,1,-1,482,nan
483,1,-1,1,-1,483,nan
484,1,-1,1,-1,484,nan
485,1,-1,1,-1,485,nan
486,1,-1,1,-1,486,nan
487,1,-1,1,-1,487,nan
488,1,-1,1,-1,488,nan
489,1,-1,1,-1,489,nan
490,1,-1,1,-1,490,nan
491,1,-1,1,-1,491,nan
492,1,-1,1,-1,492,nan
493,1,-1,1,-1,493,nan
494,1,-1,1,-1,494,nan
495,1,-1,1,-1,495,nan
496,1,-1,1,-1,496,nan
497,1,-1,1,-1,497,nan
498,1,-1,1,-1,498,nan
499,1,-1,1,-1,499,nan
500,1,-1,1,-1,500,nan
501,1,-1,2,-1,635,nan
502,1,-1,1,-1,502,nan
503,1,-1,4,-1,147,nan
504,1,-1,1,-1,504,nan
505,1,-1,1,-1,505,nan
506,1,-1,1,-1,506,nan
507,1,-1,1,-1,507,nan
508,1,-1,1,-1,508,nan
509,1,-1,2,-1,821,nan
510,1,-1,1,-1,510,nan
511,1,-1,1,-1,511,nan
512,1,-1,1,-1,512,nan
513,1,-1,2,-1,179,nan
514,1,-1,1,-1,514,nan
515,1,-1,1,-1,515,nan
516,1,-1,1,-1,516,nan
517,1,-1,1,-1,517,nan
518,1,-1,1,-1,518,nan
519,1,-1,1,-1,519,nan
520,1,-1,1,-1,520,nan
521,1,-1,1,-1,521,nan
522,1,-1,1,-1,522,nan
523,1,-1,1,-1,523,nan
524,1,-1,1,-1,524,nan
525,1,-1,1,-1,525,nan
526,1,-1,1,-1,526,nan
527,1,-1,1,-1,527,nan
528,1,-1,1,-1,528,nan
529,1,-1,1,-1,529,nan
530,1,-1,1,-1,530,nan
531,1,-1,1,-1,531,nan
532,1,-1,1,-1,532,nan
533,1,-1,1,-1,533,nan
534,1,-1,1,-1,534,nan
535,1,-1,1,-1,535,nan
536,1,-1,2,-1,162,nan
537,1,-1,1,-1,537,nan
538,1,-1,1,-1,538,nan
539,1,-1,1,-1,539,nan
540,1,-1,1,-1,540,nan
541,1,-1,1,-1,541,nan
542,1,-1,1,-1,542,nan
543,1,-1,3,-1,151,nan
544,1,-1,1,-1,544,nan
545,1,-1,2,-1,872,nan
546,1,-1,2,-1,483,nan
547,1,-1,1,-1,547,nan
548,1,-1,1,-1,548,nan
549,1,-1,1,-1,549,nan
550,1,-1,1,-1,550,nan
551,1,-1,1,-1,551,nan
552,1,-1,1,-1,552,nan
553,1,-1,1,-1,553,nan
554,1,-1,1,-1,554,nan
555,1,-1,1,-1,555,nan
556,1,-1,1,-1,556,nan
557,1,-1,1,-1,557,nan
558,1,-1,1,-1,558,nan
559,1,-1,1,-1,559,nan
560,1,-1,1,-1,560,nan
561,1,-1,2,-1,705,nan
562,1,-1,1,-1,562,nan
563,1,-1,1,-1,563,nan
564,1,-1,1,-1,564,nan
565,1,-1,1,-1,565,nan
566,1,-1,1,-1,566,nan
567,1,-1,1,-1,567,nan
568,1,-1,1,-1,568,nan
569,1,-1,1,-1,569,nan
570,1,-1,2,-1,118,nan
571,1,-1,1,-1,571,nan
572,1,-1,1,-1,572,nan
573,1,-1,1,-1,573,nan
574,1,-1,1,-1,574,nan
575,1,-1,1,-1,575,nan
576,1,-1,2,-1,71,nan
577,1,-1,1,-1,577,nan
578,1,-1,1,-1,578,nan
579,1,-1,1,-1,579,nan
580,1,-1,3,-1,291,nan
581,1,-1,6,-1,352,nan
582,1,-1,1,-1,582,nan
583,1,-1,1,-1,583,nan
584,1,-1,1,-1,584,nan
585,1,-1,1,-1,585,nan
586,1,-1,1,-1,586,nan
587,1,-1,2,-1,246,nan
588,1,-1,1,-1,588,nan
589,1,-1,1,-1,589,nan
590,1,-1,1,-1,590,nan
591,1,-1,2,-1,202,nan
592,1,-1,1,-1,592,nan
593,1,-1,1,-1,593,nan
594,1,-1,1,-1,594,nan
595,1,-1,1,-1,595,nan
596,1,-1,1,-1,596,nan
597,1,-1,1,-1,597,nan
598,1,-1,1,-1,598,nan
599,1,-1,1,-1,599,nan
600,1,-1,1,-1,600,nan
601,1,-1,1,-1,601,nan
602,1,-1,1,-1,602,nan
603,1,-1,1,-1,603,nan
604,1,-1,1,-1,604,nan
605,1,-1,1,-1,605,nan
606,1,-1,1,-1,606,nan
607,1,-1,1,-1,607,nan
608,1,-1,1,-1,608,nan
609,1,-1,3,-1,405,nan
610,1,-1,1,-1,610,nan
611,1,-1,1,-1,611,nan
612,1,-1,1,-1,612,nan
613,1,-1,1,-1,613,nan
614,1,-1,1,-1,614,nan
615,1,-1,1,-1,615,nan
616,1,-1,1,-1,616,nan
617,1,-1,1,-1,617,nan
618,1,-1,1,-1,618,nan
619,1,-1,1,-1,619,nan
620,1,-1,1,-1,620,nan
621,1,-1,1,-1,621,nan
622,1,-1,1,-1,622,nan
623,1,-1,1,-1,623,nan
624,1,-1,2,-1,185,nan
625,1,-1,1,-1,625,nan
626,1,-1,1,-1,626,nan
627,1,-1,1,-1,627,nan
628,1,-1,3,-1,172,nan
629,1,-1,1,-1,629,nan
630,1,-1,1,-1,630,nan
631,1,-1,1,-1,631,nan
632,1,-1,1,-1,632,nan
633,1,-1,1,-1,633,nan
634,1,-1,1,-1,634,nan
635,1,-1,1,-1,635,nan
636,1,-1,1,-1,636,nan
637,1,-1,1,-1,637,nan
638,1,-1,1,-1,638,nan
639,1,-1,2,-1,141,nan
640,1,-1,1,-1,640,nan
641,1,-1,1,-1,641,nan
642,1,-1,1,-1,642,nan
643,1,-1,1,-1,643,nan
644,1,-1,1,-1,644,nan
645,1,-1,1,-1,645,nan
646,1,-1,1,-1,646,nan
647,1,-1,1,-1,647,nan
648,1,-1,1,-1,648,nan
649,1,-1,1,-1,649,nan
650,1,-1,1,-1,650,nan
651,1,-1,1,-1,651,nan
652,1,-1,1,-1,652,nan
653,1,-1,1,-1,653,nan
654,1,-1,1,-1,654,nan
655,1,-1,1,-1,655,nan
656,1,-1,1,-1,656,nan
657,1,-1,1,-1,657,nan
658,1,-1,1,-1,658,nan
659,1,-1,1,-1,659,nan
660,1,-1,1,-1,660,nan
661,1,-1,1,-1,661,nan
662,1,-1,1,-1,662,nan
663,1,-1,2,-1,392,nan
664,1,-1,1,-1,664,nan
665,1,-1,1,-1,665,nan
666,1,-1,1,-1,666,nan
667,1,-1,1,-1,667,nan
668,1,-1,1,-1,668,nan
669,1,-1,1,-1,669,nan
670,1,-1,1,-1,670,nan
671,1,-1,1,-1,671,nan
672,1,-1,1,-1,672,nan
673,1,-1,1,-1,673,nan
674,1,-1,1,-1,674,nan
675,1,-1,1,-1,675,nan
676,1,-1,1,-1,676,nan
677,1,-1,1,-1,677,nan
678,1,-1,1,-1,678,nan
679,1,-1,1,-1,679,nan
680,1,-1,1,-1,680,nan
681,1,-1,1,-1,681,nan
682,1,-1,1,-1,682,nan
683,1,-1,1,-1,683,nan
684,1,-1,1,-1,684,nan
685,1,-1,2,-1,570,nan
686,1,-1,1,-1,686,nan
687,1,-1,1,-1,687,nan
688,1,-1,1,-1,688,nan
689,1,-1,1,-1,689,nan
690,1,-1,4,-1,130,nan
691,1,-1,1,-1,691,nan
692,1,-1,1,-1,692,nan
693,1,-1,2,-1,947,nan
694,1,-1,2,-1,103,nan
695,1,-1,1,-1,695,nan
696,1,-1,1,-1,696,nan
697,1,-1,1,-1,697,nan
698,1,-1,1,-1,698,nan
699,1,-1,1,-1,699,nan
700,1,-1,1,-1,700,nan
701,1,-1,1,-1,701,nan
702,1,-1,1,-1,702,nan
703,1,-1,1,-1,703,nan
704,1,-1,1,-1,704,nan
705,1,-1,1,-1,705,nan
706,1,-1,1,-1,706,nan
707,1,-1,1,-1,707,nan
708,1,-1,1,-1,708,nan
709,1,-1,2,-1,927,nan
710,1,-1,1,-1,710,nan
711,1,-1,8,-1,525,nan
712,1,-1,1,-1,712,nan
713,1,-1,1,-1,713,nan
714,1,-1,1,-1,714,nan
715,1,-1,1,-1,715,nan
716,1,-1,1,-1,716,nan
717,1,-1,1,-1,717,nan
718,1,-1,1,-1,718,nan
719,1,-1,1,-1,719,nan
720,1,-1,1,-1,720,nan
721,1,-1,1,-1,721,nan
722,1,-1,1,-1,722,nan
723,1,-1,1,-1,723,nan
724,1,-1,1,-1,724,nan
725,1,-1,1,-1,725,nan
726,1,-1,1,-1,726,nan
727,1,-1,1,-1,727,nan
728,1,-1,1,-1,728,nan
729,1,-1,1,-1,729,nan
730,1,-1,7,-1,124,nan
731,1,-1,1,-1,731,nan
732,1,-1,1,-1,732,nan
733,1,-1,1,-1,733,nan
734,1,-1,1,-1,734,nan
735,1,-1,1,-1,735,nan
736,1,-1,1,-1,736,nan
737,1,-1,1,-1,737,nan
738,1,-1,8,-1,390,nan
739,1,-1,1,-1,739,nan
740,1,-1,2,-1,696,nan
741,1,-1,1,-1,741,nan
742,1,-1,1,-1,742,nan
743,1,-1,1,-1,743,nan
744,1,-1,1,-1,744,nan
745,1,-1,1,-1,745,nan
746,1,-1,1,-1,746,nan
747,1,-1,1,-1,747,nan
748,1,-1,1,-1,748,nan
749,1,-1,1,-1,749,nan
750,1,-1,1,-1,750,nan
751,1,-1,1,-1,751,nan
752,1,-1,1,-1,752,nan
753,1,-1,1,-1,753,nan
754,1,-1,1,-1,754,nan
755,1,-1,1,-1,755,nan
756,1,-1,1,-1,756,nan
757,1,-1,1,-1,757,nan
758,1,-1,1,-1,758,nan
759,1,-1,1,-1,759,nan
760,1,-1,1,-1,760,nan
761,1,-1,1,-1,761,nan
762,1,-1,1,-1,762,nan
763,1,-1,2,-1,4,nan
764,1,-1,1,-1,764,nan
765,1,-1,1,-1,765,nan
766,1,-1,1,-1,766,nan
767,1,-1,1,-1,767,nan
768,1,-1,1,-1,768,nan
769,1,-1,1,-1,769,nan
770,1,-1,1,-1,770,nan
771,1,-1,1,-1,771,nan
772,1,-1,1,-1,772,nan
773,1,-1,1,-1,773,nan
774,1,-1,1,-1,774,nan
775,1,-1,1,-1,775,nan
776,1,-1,1,-1,776,nan
777,1,-1,1,-1,777,nan
778,1,-1,1,-1,778,nan
779,1,-1,1,-1,779,nan
780,1,-1,1,-1,780,nan
781,1,-1,1,-1,781,nan
782,1,-1,1,-1,782,nan
783,1,-1,1,-1,783,nan
784,1,-1,1,-1,784,nan
785,1,-1,1,-1,785,nan
786,1,-1,1,-1,786,nan
787,1,-1,1,-1,787,nan
788,1,-1,2,-1,159,nan
789,1,-1,1,-1,789,nan
790,1,-1,1,-1,790,nan
791,1,-1,1,-1,791,nan
792,1,-1,1,-1,792,nan
793,1,-1,1,-1,793,nan
794,1,-1,1,-1,794,nan
795,1,-1,1,-1,795,nan
796,1,-1,1,-1,796,nan
797,1,-1,1,-1,797,nan
798,1,-1,3,-1,941,nan
799,1,-1,1,-1,799,nan
800,1,-1,1,-1,800,nan
801,1,-1,1,-1,801,nan
802,1,-1,1,-1,802,nan
803,1,-1,1,-1,803,nan
804,1,-1,1,-1,804,nan
805,1,-1,1,-1,805,nan
806,1,-1,1,-1,806,nan
807,1,-1,1,-1,807,nan
808,1,-1,13,-1,398,nan
809,1,-1,1,-1,809,nan
810,1,-1,1,-1,810,nan
811,1,-1,1,-1,811,nan
812,1,-1,1,-1,812,nan
813,1,-1,1,-1,813,nan
814,1,-1,1,-1,814,nan
815,1,-1,1,-1,815,nan
816,1,-1,1,-1,816,nan
817,1,-1,1,-1,817,nan
818,1,-1,1,-1,818,nan
819,1,-1,1,-1,819,nan
820,1,-1,1,-1,820,nan
821,1,-1,1,-1,821,nan
822,1,-1,1,-1,822,nan
823,1,-1,1,-1,823,nan
824,1,-1,1,-1,824,nan
825,1,-1,1,-1,825,nan
826,1,-1,1,-1,826,nan
827,1,-1,2,-1,396,nan
828,1,-1,1,-1,828,nan
829,1,-1,1,-1,829,nan
830,1,-1,1,-1,830,nan
831,1,-1,1,-1,831,nan
832,1,-1,2,-1,970,nan
833,1,-1,1,-1,833,nan
834,1,-1,15,-1,543,nan
835,1,-1,1,-1,835,nan
836,1,-1,1,-1,836,nan
837,1,-1,1,-1,837,nan
838,1,-1,1,-1,838,nan
839,1,-1,1,-1,839,nan
840,1,-1,1,-1,840,nan
841,1,-1,3,-1,852,nan
842,1,-1,1,-1,842,nan
843,1,-1,1,-1,843,nan
844,1,-1,1,-1,844,nan
845,1,-1,1,-1,845,nan
846,1,-1,1,-1,846,nan
847,1,-1,1,-1,847,nan
848,1,-1,1,-1,848,nan
849,1,-1,2,-1,70,nan
850,1,-1,1,-1,850,nan
851,1,-1,1,-1,851,nan
852,1,-1,1,-1,852,nan
853,1,-1,1,-1,853,nan
854,1,-1,1,-1,854,nan
855,1,-1,1,-1,855,nan
856,1,-1,1,-1,856,nan
857,1,-1,1,-1,857,nan
858,1,-1,1,-1,858,nan
859,1,-1,1,-1,859,nan
860,1,-1,1,-1,860,nan
861,1,-1,1,-1,861,nan
862,1,-1,1,-1,862,nan
863,1,-1,1,-1,863,nan
864,1,-1,1,-1,864,nan
865,1,-1,1,-1,865,nan
866,1,-1,1,-1,866,nan
867,1,-1,1,-1,867,nan
868,1,-1,1,-1,868,nan
869,1,-1,2,-1,576,nan
870,1,-1,4,-1,387,nan
871,1,-1,2,-1,742,nan
872,1,-1,1,-1,872,nan
873,1,-1,1,-1,873,nan
874,1,-1,1,-1,874,nan
875,1,-1,1,-1,875,nan
876,1,-1,2,-1,24,nan
877,1,-1,1,-1,877,nan
878,1,-1,1,-1,878,nan
879,1,-1,1,-1,879,nan
880,1,-1,1,-1,880,nan
881,1,-1,1,-1,881,nan
882,1,-1,1,-1,882,nan
883,1,-1,1,-1,883,nan
884,1,-1,4,-1,390,nan
885,1,-1,4,-1,244,nan
886,1,-1,1,-1,886,nan
887,1,-1,1,-1,887,nan
888,1,-1,1,-1,888,nan
889,1,-1,1,-1,889,nan
890,1,-1,1,-1,890,nan
891,1,-1,1,-1,891,nan
892,1,-1,1,-1,892,nan
893,1,-1,1,-1,893,nan
894,1,-1,1,-1,894,nan
895,1,-1,4,-1,800,nan
896,1,-1,1,-1,896,nan
897,1,-1,1,-1,897,nan
898,1,-1,1,-1,898,nan
899,1,-1,4,-1,571,nan
900,1,-1,1,-1,900,nan
901,1,-1,2,-1,531,nan
902,1,-1,1,-1,902,nan
903,1,-1,1,-1,903,nan
904,1,-1,1,-1,904,nan
905,1,-1,1,-1,905,nan
906,1,-1,1,-1,906,nan
907,1,-1,1,-1,907,nan
908,1,-1,1,-1,908,nan
909,1,-1,1,-1,909,nan
910,1,-1,2,-1,866,nan
911,1,-1,1,-1,911,nan
912,1,-1,1,-1,912,nan
913,1,-1,1,-1,913,nan
914,1,-1,1,-1,914,nan
915,1,-1,1,-1,915,nan
916,1,-1,1,-1,916,nan
917,1,-1,3,-1,356,nan
918,1,-1,1,-1,918,nan
919,1,-1,1,-1,919,nan
920,1,-1,1,-1,920,nan
921,1,-1,1,-1,921,nan
922,1,-1,1,-1,922,nan
923,1,-1,1,-1,923,nan
924,1,-1,1,-1,924,nan
925,1,-1,1,-1,925,nan
926,1,-1,1,-1,926,nan
927,1,-1,1,-1,927,nan
928,1,-1,1,-1,928,nan
929,1,-1,1,-1,929,nan
930,1,-1,1,-1,930,nan
931,1,-1,1,-1,931,nan
932,1,-1,1,-1,932,nan
933,1,-1,1,-1,933,nan
934,1,-1,1,-1,934,nan
935,1,-1,1,-1,935,nan
936,1,-1,1,-1,936,nan
937,1,-1,1,-1,937,nan
938,1,-1,2,-1,929,nan
939,1,-1,1,-1,939,nan
940,1,-1,1,-1,940,nan
941,1,-1,1,-1,941,nan
942,1,-1,1,-1,942,nan
943,1,-1,1,-1,943,nan
944,1,-1,1,-1,944,nan
945,1,-1,1,-1,945,nan
946,1,-1,1,-1,946,nan
947,1,-1,1,-1,947,nan
948,1,-1,1,-1,948,nan
949,1,-1,1,-1,949,nan
950,1,-1,1,-1,950,nan
951,1,-1,1,-1,951,nan
952,1,-1,1,-1,952,nan
953,1,-1,4,-1,404,nan
954,1,-1,1,-1,954,nan
955,1,-1,1,-1,955,nan
956,1,-1,1,-1,956,nan
957,1,-1,1,-1,957,nan
958,1,-1,1,-1,958,nan
959,1,-1,1,-1,959,nan
960,1,-1,1,-1,960,nan
961,1,-1,1,-1,961,nan
962,1,-1,1,-1,962,nan
963,1,-1,1,-1,963,nan
964,1,-1,1,-1,964,nan
965,1,-1,1,-1,965,nan
966,1,-1,2,-1,868,nan
967,1,-1,1,-1,967,nan
968,1,-1,1,-1,968,nan
969,1,-1,1,-1,969,nan
970,1,-1,1,-1,970,nan
971,1,-1,1,-1,971,nan
972,1,-1,1,-1,972,nan
973,1,-1,1,-1,973,nan
974,1,-1,1,-1,974,nan
975,1,-1,1,-1,975,nan
976,1,-1,1,-1,976,nan
977,1,-1,1,-1,977,nan
978,1,-1,2,-1,371,nan
979,1,-1,1,-1,979,nan
980,1,-1,1,-1,980,nan
981,1,-1,1,-1,981,nan
982,1,-1,1,-1,982,nan
983,1,-1,1,-1,983,nan
984,1,-1,1,-1,984,nan
985,1,-1,1,-1,985,nan
986,1,-1,1,-1,986,nan
987,1,-1,1,-1,987,nan
988,1,-1,1,-1,988,nan
989,1,-1,1,-1,989,nan
990,1,-1,1,-1,990,nan
991,1,-1,1,-1,991,nan
992,1,-1,1,-1,992,nan
993,1,-1,1,-1,993,nan
994,1,-1,1,-1,994,nan
995,1,-1,1,-1,995,nan
996,1,-1,1,-1,996,nan
997,1,-1,1,-1,997,nan
998,1,-1,1,-1,998,nan
999,1,-1,1,-1,999,nan
1000,1,-1,1,-1,1000,nan
1,2,-1,1,-1,1,nan
2,2,-1,1,-1,2,nan
3,2,-1,1,-1,3,nan
4,2,-1,1,-1,4,nan
5,2,-1,1,-1,5,nan
6,2,-1,1,-1,6,nan
7,2,-1,1,-1,7,nan
8,2,-1,1,-1,8,nan
9,2,-1,1,-1,9,nan
10,2,-1,1,-1,10,nan
11,2,-1,1,-1,11,nan
12,2,-1,1,-1,12,nan
13,2,-1,1,-1,13,nan
14,2,-1,1,-1,14,nan
15,2,-1,1,-1,15,nan
16,2,-1,1,-1,16,nan
17,2,-1,1,-1,17,nan
18,2,-1,1,-1,18,nan
19,2,-1,1,-1,19,nan
20,2,-1,1,-1,20,nan
21,2,-1,1,-1,21,nan
22,2,-1,1,-1,22,nan
23,2,-1,1,-1,23,nan
24,2,-1,2,-1,876,nan
25,2,-1,1,-1,25,nan
26,2,-1,1,-1,26,nan
27,2,-1,1,-1,27,nan
28,2,-1,1,-1,28,nan
29,2,-1,1,-1,29,nan
30,2,-1,1,-1,30,nan
31,2,-1,2,-1,106,nan
32,2,-1,1,-1,32,nan
33,2,-1,1,-1,33,nan
34,2,-1,1,-1,34,nan
35,2,-1,1,-1,35,nan
36,2,-1,1,-1,36,nan
37,2,-1,1,-1,37,nan
38,2,-1,1,-1,38,nan
39,2,-1,1,-1,39,nan
40,2,-1,1,-1,40,nan
41,2,-1,1,-1,41,nan
42,2,-1,1,-1,42,nan
43,2,-1,1,-1,43,nan
44,2,-1,1,-1,44,nan
45,2,-1,2,-1,218,nan
46,2,-1,1,-1,46,nan
47,2,-1,1,-1,47,nan
48,2,-1,1,-1,48,nan
49,2,-1,1,-1,49,nan
50,2,-1,1,-1,50,nan
51,2,-1,1,-1,51,nan
52,2,-1,1,-1,52,nan
53,2,-1,1,-1,53,nan
54,2,-1,1,-1,54,nan
55,2,-1,1,-1,55,nan
56,2,-1,1,-1,56,nan
57,2,-1,1,-1,57,nan
58,2,-1,1,-1,58,nan
59,2,-1,1,-1,59,nan
60,2,-1,1,-1,60,nan
61,2,-1,1,-1,61,nan
62,2,-1,1,-1,62,nan
63,2,-1,2,-1,847,nan
64,2,-1,1,-1,64,nan
65,2,-1,1,-1,65,nan
66,2,-1,1,-1,66,nan
67,2,-1,1,-1,67,nan
68,2,-1,1,-1,68,nan
69,2,-1,1,-1,69,nan
70,2,-1,1,-1,70,nan
71,2,-1,1,-1,71,nan
72,2,-1,1,-1,72,nan
73,2,-1,1,-1,73,nan
74,2,-1,1,-1,74,nan
75,2,-1,1,-1,75,nan
76,2,-1,1,-1,76,nan
77,2,-1,1,-1,77,nan
78,2,-1,1,-1,78,nan
79,2,-1,1,-1,79,nan
80,2,-1,1,-1,80,nan
81,2,-1,1,-1,81,nan
82,2,-1,1,-1,82,nan
83,2,-1,1,-1,83,nan
84,2,-1,1,-1,84,nan
85,2,-1,1,-1,85,nan
86,2,-1,1,-1,86,nan
87,2,-1,1,-1,87,nan
88,2,-1,1,-1,88,nan
89,2,-1,1,-1,89,nan
90,2,-1,1,-1,90,nan
91,2,-1,1,-1,91,nan
92,2,-1,1,-1,92,nan
93,2,-1,1,-1,93,nan
94,2,-1,1,-1,94,nan
95,2,-1,1,-1,95,nan
96,2,-1,1,-1,96,nan
97,2,-1,1,-1,97,nan
98,2,-1,1,-1,98,nan
99,2,-1,1,-1,99,nan
100,2,-1,1,-1,100,nan
101,2,-1,1,-1,101,nan
102,2,-1,2,-1,660,nan
103,2,-1,1,-1,103,nan
104,2,-1,1,-1,104,nan
105,2,-1,1,-1,105,nan
106,2,-1,2,-1,538,nan
107,2,-1,1,-1,107,nan
108,2,-1,1,-1,108,nan
109,2,-1,1,-1,109,nan
110,2,-1,1,-1,110,nan
111,2,-1,1,-1,111,nan
112,2,-1,1,-1,112,nan
113,2,-1,1,-1,113,nan
114,2,-1,1,-1,114,nan
115,2,-1,1,-1,115,nan
116,2,-1,1,-1,116,nan
117,2,-1,1,-1,117,nan
118,2,-1,1,-1,118,nan
119,2,-1,1,-1,119,nan
120,2,-1,1,-1,120,nan
121,2,-1,1,-1,121,nan
122,2,-1,1,-1,122,nan
123,2,-1,1,-1,123,nan
124,2,-1,1,-1,124,nan
125,2,-1,1,-1,125,nan
126,2,-1,1,-1,126,nan
127,2,-1,1,-1,127,nan
128,2,-1,1,-1,128,nan
129,2,-1,2,-1,892,nan
130,2,-1,1,-1,130,nan
131,2,-1,1,-1,131,nan
132,2,-1,1,-1,132,nan
133,2,-1,1,-1,133,nan
134,2,-1,1,-1,134,nan
135,2,-1,1,-1,135,nan
136,2,-1,1,-1,136,nan
137,2,-1,1,-1,137,nan
138,2,-1,1,-1,138,nan
139,2,-1,1,-1,139,nan
140,2,-1,1,-1,140,nan
141,2,-1,2,-1,639,nan
142,2,-1,1,-1,142,nan
143,2,-1,1,-1,143,nan
144,2,-1,1,-1,144,nan
145,2,-1,1,-1,145,nan
146,2,-1,1,-1,146,nan
147,2,-1,1,-1,147,nan
148,2,-1,1,-1,148,nan
149,2,-1,1,-1,149,nan
150,2,-1,3,-1,697,nan
151,2,-1,1,-1,151,nan
152,2,-1,3,-1,61,nan
153,2,-1,1,-1,153,nan
154,2,-1,1,-1,154,nan
155,2,-1,2,-1,400,nan
156,2,-1,1,-1,156,nan
157,2,-1,1,-1,157,nan
158,2,-1,1,-1,158,nan
159,2,-1,1,-1,159,nan
160,2,-1,1,-1,160,nan
161,2,-1,1,-1,161,nan
162,2,-1,1,-1,162,nan
163,2,-1,1,-1,163,nan
164,2,-1,1,-1,164,nan
165,2,-1,1,-1,165,nan
166,2,-1,11,-1,503,nan
167,2,-1,1,-1,167,nan
168,2,-1,1,-1,168,nan
169,2,-1,1,-1,169,nan
170,2,-1,1,-1,170,nan
171,2,-1,1,-1,171,nan
172,2,-1,1,-1,172,nan
173,2,-1,1,-1,173,nan
174,2,-1,1,-1,174,nan
175,2,-1,2,-1,588,nan
176,2,-1,1,-1,176,nan
177,2,-1,1,-1,177,nan
178,2,-1,1,-1,178,nan
179,2,-1,1,-1,179,nan
180,2,-1,1,-1,180,nan
181,2,-1,1,-1,181,nan
182,2,-1,1,-1,182,nan
183,2,-1,1,-1,183,nan
184,2,-1,1,-1,184,nan
185,2,-1,1,-1,185,nan
186,2,-1,1,-1,186,nan
187,2,-1,1,-1,187,nan
188,2,-1,1,-1,188,nan
189,2,-1,1,-1,189,nan
190,2,-1,5,-1,721,nan
191,2,-1,1,-1,191,nan
192,2,-1,1,-1,192,nan
193,2,-1,3,-1,879,nan
194,2,-1,1,-1,194,nan
195,2,-1,2,-1,310,nan
196,2,-1,1,-1,196,nan
197,2,-1,1,-1,197,nan
198,2,-1,1,-1,198,nan
199,2,-1,1,-1,199,nan
200,2,-1,1,-1,200,nan
201,2,-1,1,-1,201,nan
202,2,-1,1,-1,202,nan
203,2,-1,1,-1,203,nan
204,2,-1,1,-1,204,nan
205,2,-1,1,-1,205,nan
206,2,-1,1,-1,206,nan
207,2,-1,2,-1,604,nan
208,2,-1,3,-1,858,nan
209,2,-1,1,-1,209,nan
210,2,-1,1,-1,210,nan
211,2,-1,1,-1,211,nan
212,2,-1,1,-1,212,nan
213,2,-1,1,-1,213,nan
214,2,-1,1,-1,214,nan
215,2,-1,1,-1,215,nan
216,2,-1,2,-1,260,nan
217,2,-1,1,-1,217,nan
218,2,-1,1,-1,218,nan
219,2,-1,1,-1,219,nan
220,2,-1,1,-1,220,nan
221,2,-1,1,-1,221,nan
222,2,-1,1,-1,222,nan
223,2,-1,1,-1,223,nan
224,2,-1,1,-1,224,nan
225,2,-1,1,-1,225,nan
226,2,-1,1,-1,226,nan
227,2,-1,1,-1,227,nan
228,2,-1,1,-1,228,nan
229,2,-1,1,-1,229,nan
230,2,-1,1,-1,230,nan
231,2,-1,1,-1,231,nan
232,2,-1,2,-1,555,nan
233,2,-1,2,-1,515,nan
234,2,-1,1,-1,234,nan
235,2,-1,1,-1,235,nan
236,2,-1,1,-1,236,nan
237,2,-1,1,-1,237,nan
238,2,-1,1,-1,238,nan
239,2,-1,1,-1,239,nan
240,2,-1,1,-1,240,nan
241,2,-1,1,-1,241,nan
242,2,-1,1,-1,242,nan
243,2,-1,1,-1,243,nan
244,2,-1,1,-1,244,nan
245,2,-1,1,-1,245,nan
246,2,-1,2,-1,208,nan
247,2,-1,1,-1,247,nan
248,2,-1,3,-1,141,nan
249,2,-1,1,-1,249,nan
250,2,-1,1,-1,250,nan
251,2,-1,1,-1,251,nan
252,2,-1,1,-1,252,nan
253,2,-1,4,-1,325,nan
254,2,-1,5,-1,884,nan
255,2,-1,1,-1,255,nan
256,2,-1,1,-1,256,nan
257,2,-1,1,-1,257,nan
258,2,-1,3,-1,877,nan
259,2,-1,1,-1,259,nan
260,2,-1,1,-1,260,nan
261,2,-1,2,-1,90,nan
262,2,-1,1,-1,262,nan
263,2,-1,1,-1,263,nan
264,2,-1,1,-1,264,nan
265,2,-1,1,-1,265,nan
266,2,-1,2,-1,808,nan
267,2,-1,2,-1,880,nan
268,2,-1,1,-1,268,nan
269,2,-1,1,-1,269,nan
270,2,-1,1,-1,270,nan
271,2,-1,2,-1,592,nan
272,2,-1,1,-1,272,nan
273,2,-1,1,-1,273,nan
274,2,-1,1,-1,274,nan
275,2,-1,1,-1,275,nan
276,2,-1,1,-1,276,nan
277,2,-1,1,-1,277,nan
278,2,-1,1,-1,278,nan
279,2,-1,1,-1,279,nan
280,2,-1,1,-1,280,nan
281,2,-1,2,-1,102,nan
282,2,-1,1,-1,282,nan
283,2,-1,1,-1,283,nan
284,2,-1,1,-1,284,nan
285,2,-1,1,-1,285,nan
286,2,-1,1,-1,286,nan
287,2,-1,1,-1,287,nan
288,2,-1,1,-1,288,nan
289,2,-1,1,-1,289,nan
290,2,-1,1,-1,290,nan
291,2,-1,1,-1,291,nan
292,2,-1,1,-1,292,nan
293,2,-1,3,-1,225,nan
294,2,-1,1,-1,294,nan
295,2,-1,1,-1,295,nan
296,2,-1,1,-1,296,nan
297,2,-1,1,-1,297,nan
298,2,-1,1,-1,298,nan
299,2,-1,1,-1,299,nan
300,2,-1,1,-1,300,nan
301,2,-1,1,-1,301,nan
302,2,-1,1,-1,302,nan
303,2,-1,1,-1,303,nan
304,2,-1,1,-1,304,nan
305,2,-1,1,-1,305,nan
306,2,-1,1,-1,306,nan
307,2,-1,1,-1,307,nan
308,2,-1,1,-1,308,nan
309,2,-1,1,-1,309,nan
310,2,-1,1,-1,310,nan
311,2,-1,1,-1,311,nan
312,2,-1,1,-1,312,nan
313,2,-1,1,-1,313,nan
314,2,-1,1,-1,314,nan
315,2,-1,1,-1,315,nan
316,2,-1,1,-1,316,nan
317,2,-1,1,-1,317,nan
318,2,-1,2,-1,910,nan
319,2,-1,1,-1,319,nan
320,2,-1,1,-1,320,nan
321,2,-1,1,-1,321,nan
322,2,-1,1,-1,322,nan
323,2,-1,1,-1,323,nan
324,2,-1,1,-1,324,nan
325,2,-1,1,-1,325,nan
326,2,-1,1,-1,326,nan
327,2,-1,1,-1,327,nan
328,2,-1,1,-1,328,nan
329,2,-1,1,-1,329,nan
330,2,-1,1,-1,330,nan
331,2,-1,1,-1,331,nan
332,2,-1,1,-1,332,nan
333,2,-1,1,-1,333,nan
334,2,-1,2,-1,364,nan
335,2,-1,5,-1,346,nan
336,2,-1,1,-1,336,nan
337,2,-1,1,-1,337,nan
338,2,-1,1,-1,338,nan
339,2,-1,1,-1,339,nan
340,2,-1,1,-1,340,nan
341,2,-1,1,-1,341,nan
342,2,-1,1,-1,342,nan
343,2,-1,1,-1,343,nan
344,2,-1,1,-1,344,nan
345,2,-1,1,-1,345,nan
346,2,-1,1,-1,346,nan
347,2,-1,1,-1,347,nan
348,2,-1,1,-1,348,nan
349,2,-1,1,-1,349,nan
350,2,-1,1,-1,350,nan
351,2,-1,1,-1,351,nan
352,2,-1,1,-1,352,nan
353,2,-1,1,-1,353,nan
354,2,-1,1,-1,354,nan
355,2,-1,1,-1,355,nan
356,2,-1,1,-1,356,nan
357,2,-1,1,-1,357,nan
358,2,-1,1,-1,358,nan
359,2,-1,1,-1,359,nan
360,2,-1,1,-1,360,nan
361,2,-1,1,-1,361,nan
362,2,-1,1,-1,362,nan
363,2,-1,1,-1,363,nan
364,2,-1,1,-1,364,nan
365,2,-1,1,-1,365,nan
366,2,-1,3,-1,626,nan
367,2,-1,1,-1,367,nan
368,2,-1,2,-1,481,nan
369,2,-1,1,-1,369,nan
370,2,-1,1,-1,370,nan
371,2,-1,1,-1,371,nan
372,2,-1,1,-1,372,nan
373,2,-1,1,-1,373,nan
374,2,-1,1,-1,374,nan
375,2,-1,1,-1,375,nan
376,2,-1,1,-1,376,nan
377,2,-1,1,-1,377,nan
378,2,-1,1,-1,378,nan
379,2,-1,1,-1,379,nan
380,2,-1,1,-1,380,nan
381,2,-1,1,-1,381,nan
382,2,-1,1,-1,382,nan
383,2,-1,1,-1,383,nan
384,2,-1,1,-1,384,nan
385,2,-1,1,-1,385,nan
386,2,-1,1,-1,386,nan
387,2,-1,1,-1,387,nan
388,2,-1,1,-1,388,nan
389,2,-1,1,-1,389,nan
390,2,-1,1,-1,390,nan
391,2,-1,1,-1,391,nan
392,2,-1,1,-1,392,nan
393,2,-1,1,-1,393,nan
394,2,-1,1,-1,394,nan
395,2,-1,1,-1,395,nan
396,2,-1,1,-1,396,nan
397,2,-1,1,-1,397,nan
398,2,-1,1,-1,398,nan
399,2,-1,1,-1,399,nan
400,2,-1,1,-1,400,nan
401,2,-1,1,-1,401,nan
402,2,-1,1,-1,402,nan
403,2,-1,1,-1,403,nan
404,2,-1,1,-1,404,nan
405,2,-1,2,-1,701,nan
406,2,-1,1,-1,406,nan
407,2,-1,1,-1,407,nan
408,2,-1,1,-1,408,nan
409,2,-1,1,-1,409,nan
410,2,-1,1,-1,410,nan
411,2,-1,1,-1,411,nan
412,2,-1,1,-1,412,nan
413,2,-1,1,-1,413,nan
414,2,-1,1,-1,414,nan
415,2,-1,1,-1,415,nan
416,2,-1,1,-1,416,nan
417,2,-1,1,-1,417,nan
418,2,-1,1,-1,418,nan
419,2,-1,1,-1,419,nan
420,2,-1,1,-1,420,nan
421,2,-1,1,-1,421,nan
422,2,-1,1,-1,422,nan
423,2,-1,1,-1,423,nan
424,2,-1,1,-1,424,nan
425,2,-1,1,-1,425,nan
426,2,-1,1,-1,426,nan
427,2,-1,1,-1,427,nan
428,2,-1,2,-1,691,nan
429,2,-1,1,-1,429,nan
430,2,-1,1,-1,430,nan
431,2,-1,1,-1,431,nan
432,2,-1,1,-1,432,nan
433,2,-1,1,-1,433,nan
434,2,-1,1,-1,434,nan
435,2,-1,1,-1,435,nan
436,2,-1,1,-1,436,nan
437,2,-1,1,-1,437,nan
438,2,-1,1,-1,438,nan
439,2,-1,1,-1,439,nan
440,2,-1,2,-1,969,nan
441,2,-1,1,-1,441,nan
442,2,-1,2,-1,879,nan
443,2,-1,1,-1,443,nan
444,2,-1,1,-1,444,nan
445,2,-1,1,-1,445,nan
446,2,-1,1,-1,446,nan
447,2,-1,1,-1,447,nan
448,2,-1,1,-1,448,nan
449,2,-1,2,-1,64,nan
450,2,-1,1,-1,450,nan
451,2,-1,1,-1,451,nan
452,2,-1,1,-1,452,nan
453,2,-1,1,-1,453,nan
454,2,-1,1,-1,454,nan
455,2,-1,1,-1,455,nan
456,2,-1,1,-1,456,nan
457,2,-1,1,-1,457,nan
458,2,-1,1,-1,458,nan
459,2,-1,1,-1,459,nan
460,2,-1,1,-1,460,nan
461,2,-1,1,-1,461,nan
462,2,-1,1,-1,462,nan
463,2,-1,1,-1,463,nan
464,2,-1,1,-1,464,nan
465,2,-1,1,-1,465,nan
466,2,-1,1,-1,466,nan
467,2,-1,1,-1,467,nan
468,2,-1,1,-1,468,nan
469,2,-1,1,-1,469,nan
470,2,-1,1,-1,470,nan
471,2,-1,1,-1,471,nan
472,2,-1,1,-1,472,nan
473,2,-1,2,-1,807,nan
474,2,-1,1,-1,474,nan
475,2,-1,1,-1,475,nan
476,2,-1,1,-1,476,nan
477,2,-1,1,-1,477,nan
478,2,-1,1,-1,478,nan
479,2,-1,1,-1,479,nan
480,2,-1,1,-1,480,nan
481,2,-1,1,-1,481,nan
482,2,-1,2,-1,152,nan
483,2,-1,1,-1,483,nan
484,2,-1,1,-1,484,nan
485,2,-1,1,-1,485,nan
486,2,-1,1,-1,486,nan
487,2,-1,1,-1,487,nan
488,2,-1,1,-1,488,nan
489,2,-1,1,-1,489,nan
490,2,-1,1,-1,490,nan
491,2,-1,1,-1,491,nan
492,2,-1,1,-1,492,nan
493,2,-1,1,-1,493,nan
494,2,-1,1,-1,494,nan
495,2,-1,1,-1,495,nan
496,2,-1,1,-1,496,nan
497,2,-1,1,-1,497,nan
498,2,-1,1,-1,498,nan
499,2,-1,1,-1,499,nan
500,2,-1,1,-1,500,nan
501,2,-1,5,-1,821,nan
502,2,-1,1,-1,502,nan
503,2,-1,2,-1,691,nan
504,2,-1,1,-1,504,nan
505,2,-1,1,-1,505,nan
506,2,-1,1,-1,506,nan
507,2,-1,2,-1,151,nan
508,2,-1,1,-1,508,nan
509,2,-1,1,-1,509,nan
510,2,-1,1,-1,510,nan
511,2,-1,1,-1,511,nan
512,2,-1,1,-1,512,nan
513,2,-1,1,-1,513,nan
514,2,-1,1,-1,514,nan
515,2,-1,1,-1,515,nan
516,2,-1,1,-1,516,nan
517,2,-1,1,-1,517,nan
518,2,-1,1,-1,518,nan
519,2,-1,1,-1,519,nan
520,2,-1,1,-1,520,nan
521,2,-1,3,-1,839,nan
522,2,-1,1,-1,522,nan
523,2,-1,1,-1,523,nan
524,2,-1,1,-1,524,nan
525,2,-1,1,-1,525,nan
526,2,-1,1,-1,526,nan
527,2,-1,1,-1,527,nan
528,2,-1,1,-1,528,nan
529,2,-1,1,-1,529,nan
530,2,-1,1,-1,530,nan
531,2,-1,1,-1,531,nan
532,2,-1,1,-1,532,nan
533,2,-1,1,-1,533,nan
534,2,-1,1,-1,534,nan
535,2,-1,1,-1,535,nan
536,2,-1,1,-1,536,nan
537,2,-1,2,-1,224,nan
538,2,-1,3,-1,281,nan
539,2,-1,1,-1,539,nan
540,2,-1,1,-1,540,nan
541,2,-1,1,-1,541,nan
542,2,-1,1,-1,542,nan
543,2,-1,1,-1,543,nan
544,2,-1,2,-1,742,nan
545,2,-1,1,-1,545,nan
546,2,-1,1,-1,546,nan
547,2,-1,1,-1,547,nan
548,2,-1,1,-1,548,nan
549,2,-1,1,-1,549,nan
550,2,-1,1,-1,550,nan
551,2,-1,1,-1,551,nan
552,2,-1,2,-1,317,nan
553,2,-1,1,-1,553,nan
554,2,-1,1,-1,554,nan
555,2,-1,1,-1,555,nan
556,2,-1,1,-1,556,nan
557,2,-1,1,-1,557,nan
558,2,-1,1,-1,558,nan
559,2,-1,1,-1,559,nan
560,2,-1,1,-1,560,nan
561,2,-1,2,-1,705,nan
562,2,-1,1,-1,562,nan
563,2,-1,1,-1,563,nan
564,2,-1,1,-1,564,nan
565,2,-1,1,-1,565,nan
566,2,-1,1,-1,566,nan
567,2,-1,1,-1,567,nan
568,2,-1,1,-1,568,nan
569,2,-1,5,-1,384,nan
570,2,-1,1,-1,570,nan
571,2,-1,1,-1,571,nan
572,2,-1,1,-1,572,nan
573,2,-1,1,-1,573,nan
574,2,-1,1,-1,574,nan
575,2,-1,1,-1,575,nan
576,2,-1,1,-1,576,nan
577,2,-1,1,-1,577,nan
578,2,-1,1,-1,578,nan
579,2,-1,1,-1,579,nan
580,2,-1,2,-1,295,nan
581,2,-1,1,-1,581,nan
582,2,-1,1,-1,582,nan
583,2,-1,1,-1,583,nan
584,2,-1,1,-1,584,nan
585,2,-1,1,-1,585,nan
586,2,-1,1,-1,586,nan
587,2,-1,1,-1,587,nan
588,2,-1,1,-1,588,nan
589,2,-1,1,-1,589,nan
590,2,-1,1,-1,590,nan
591,2,-1,1,-1,591,nan
592,2,-1,1,-1,592,nan
593,2,-1,1,-1,593,nan
594,2,-1,1,-1,594,nan
595,2,-1,1,-1,595,nan
596,2,-1,1,-1,596,nan
597,2,-1,1,-1,597,nan
598,2,-1,1,-1,598,nan
599,2,-1,1,-1,599,nan
600,2,-1,1,-1,600,nan
601,2,-1,1,-1,601,nan
602,2,-1,1,-1,602,nan
603,2,-1,1,-1,603,nan
604,2,-1,1,-1,604,nan
605,2,-1,1,-1,605,nan
606,2,-1,1,-1,606,nan
607,2,-1,1,-1,607,nan
608,2,-1,1,-1,608,nan
609,2,-1,1,-1,609,nan
610,2,-1,1,-1,610,nan
611,2,-1,1,-1,611,nan
612,2,-1,1,-1,612,nan
613,2,-1,1,-1,613,nan
614,2,-1,1,-1,614,nan
615,2,-1,1,-1,615,nan
616,2,-1,1,-1,616,nan
617,2,-1,1,-1,617,nan
618,2,-1,1,-1,618,nan
619,2,-1,1,-1,619,nan
620,2,-1,1,-1,620,nan
621,2,-1,7,-1,64,nan
622,2,-1,1,-1,622,nan
623,2,-1,1,-1,623,nan
624,2,-1,1,-1,624,nan
625,2,-1,1,-1,625,nan
626,2,-1,1,-1,626,nan
627,2,-1,1,-1,627,nan
628,2,-1,1,-1,628,nan
629,2,-1,1,-1,629,nan
630,2,-1,1,-1,630,nan
631,2,-1,1,-1,631,nan
632,2,-1,1,-1,632,nan
633,2,-1,1,-1,633,nan
634,2,-1,1,-1,634,nan
635,2,-1,2,-1,501,nan
636,2,-1,1,-1,636,nan
637,2,-1,1,-1,637,nan
638,2,-1,1,-1,638,nan
639,2,-1,1,-1,639,nan
640,2,-1,1,-1,640,nan
641,2,-1,3,-1,925,nan
642,2,-1,1,-1,642,nan
643,2,-1,1,-1,643,nan
644,2,-1,1,-1,644,nan
645,2,-1,1,-1,645,nan
646,2,-1,1,-1,646,nan
647,2,-1,1,-1,647,nan
648,2,-1,1,-1,648,nan
649,2,-1,1,-1,649,nan
650,2,-1,1,-1,650,nan
651,2,-1,1,-1,651,nan
652,2,-1,1,-1,652,nan
653,2,-1,2,-1,666,nan
654,2,-1,1,-1,654,nan
655,2,-1,1,-1,655,nan
656,2,-1,1,-1,656,nan
657,2,-1,1,-1,657,nan
658,2,-1,1,-1,658,nan
659,2,-1,1,-1,659,nan
660,2,-1,1,-1,660,nan
661,2,-1,1,-1,661,nan
662,2,-1,1,-1,662,nan
663,2,-1,1,-1,663,nan
664,2,-1,1,-1,664,nan
665,2,-1,1,-1,665,nan
666,2,-1,1,-1,666,nan
667,2,-1,1,-1,667,nan
668,2,-1,1,-1,668,nan
669,2,-1,1,-1,669,nan
670,2,-1,1,-1,670,nan
671,2,-1,1,-1,671,nan
672,2,-1,1,-1,672,nan
673,2,-1,1,-1,673,nan
674,2,-1,1,-1,674,nan
675,2,-1,1,-1,675,nan
676,2,-1,1,-1,676,nan
677,2,-1,1,-1,677,nan
678,2,-1,2,-1,656,nan
679,2,-1,1,-1,679,nan
680,2,-1,1,-1,680,nan
681,2,-1,1,-1,681,nan
682,2,-1,1,-1,682,nan
683,2,-1,1,-1,683,nan
684,2,-1,1,-1,684,nan
685,2,-1,5,-1,852,nan
686,2,-1,1,-1,686,nan
687,2,-1,1,-1,687,nan
688,2,-1,1,-1,688,nan
689,2,-1,1,-1,689,nan
690,2,-1,1,-1,690,nan
691,2,-1,1,-1,691,nan
692,2,-1,1,-1,692,nan
693,2,-1,1,-1,693,nan
694,2,-1,1,-1,694,nan
695,2,-1,1,-1,695,nan
696,2,-1,1,-1,696,nan
697,2,-1,1,-1,697,nan
698,2,-1,1,-1,698,nan
699,2,-1,1,-1,699,nan
700,2,-1,1,-1,700,nan
701,2,-1,1,-1,701,nan
702,2,-1,1,-1,702,nan
703,2,-1,1,-1,703,nan
704,2,-1,1,-1,704,nan
705,2,-1,10,-1,735,nan
706,2,-1,1,-1,706,nan
707,2,-1,1,-1,707,nan
708,2,-1,1,-1,708,nan
709,2,-1,1,-1,709,nan
710,2,-1,2,-1,675,nan
711,2,-1,2,-1,350,nan
712,2,-1,1,-1,712,nan
713,2,-1,1,-1,713,nan
714,2,-1,1,-1,714,nan
715,2,-1,1,-1,715,nan
716,2,-1,1,-1,716,nan
717,2,-1,1,-1,717,nan
718,2,-1,1,-1,718,nan
719,2,-1,1,-1,719,nan
720,2,-1,3,-1,437,nan
721,2,-1,1,-1,721,nan
722,2,-1,1,-1,722,nan
723,2,-1,1,-1,723,nan
724,2,-1,1,-1,724,nan
725,2,-1,1,-1,725,nan
726,2,-1,1,-1,726,nan
727,2,-1,1,-1,727,nan
728,2,-1,1,-1,728,nan
729,2,-1,1,-1,729,nan
730,2,-1,1,-1,730,nan
731,2,-1,2,-1,727,nan
732,2,-1,1,-1,732,nan
733,2,-1,1,-1,733,nan
734,2,-1,1,-1,734,nan
735,2,-1,1,-1,735,nan
736,2,-1,1,-1,736,nan
737,2,-1,1,-1,737,nan
738,2,-1,1,-1,738,nan
739,2,-1,1,-1,739,nan
740,2,-1,2,-1,422,nan
741,2,-1,1,-1,741,nan
742,2,-1,1,-1,742,nan
743,2,-1,1,-1,743,nan
744,2,-1,1,-1,744,nan
745,2,-1,1,-1,745,nan
746,2,-1,1,-1,746,nan
747,2,-1,1,-1,747,nan
748,2,-1,1,-1,748,nan
749,2,-1,1,-1,749,nan
750,2,-1,1,-1,750,nan
751,2,-1,1,-1,751,nan
752,2,-1,1,-1,752,nan
753,2,-1,1,-1,753,nan
754,2,-1,1,-1,754,nan
755,2,-1,1,-1,755,nan
756,2,-1,1,-1,756,nan
757,2,-1,1,-1,757,nan
758,2,-1,1,-1,758,nan
759,2,-1,1,-1,759,nan
760,2,-1,1,-1,760,nan
761,2,-1,1,-1,761,nan
762,2,-1,2,-1,128,nan
763,2,-1,1,-1,763,nan
764,2,-1,1,-1,764,nan
765,2,-1,1,-1,765,nan
766,2,-1,1,-1,766,nan
767,2,-1,1,-1,767,nan
768,2,-1,1,-1,768,nan
769,2,-1,1,-1,769,nan
770,2,-1,1,-1,770,nan
771,2,-1,1,-1,771,nan
772,2,-1,1,-1,772,nan
773,2,-1,1,-1,773,nan
774,2,-1,1,-1,774,nan
775,2,-1,1,-1,775,nan
776,2,-1,1,-1,776,nan
777,2,-1,1,-1,777,nan
778,2,-1,2,-1,604,nan
779,2,-1,1,-1,779,nan
780,2,-1,1,-1,780,nan
781,2,-1,1,-1,781,nan
782,2,-1,1,-1,782,nan
783,2,-1,1,-1,783,nan
784,2,-1,1,-1,784,nan
785,2,-1,1,-1,785,nan
786,2,-1,1,-1,786,nan
787,2,-1,1,-1,787,nan
788,2,-1,1,-1,788,nan
789,2,-1,1,-1,789,nan
790,2,-1,1,-1,790,nan
791,2,-1,1,-1,791,nan
792,2,-1,1,-1,792,nan
793,2,-1,2,-1,316,nan
794,2,-1,1,-1,794,nan
795,2,-1,1,-1,795,nan
796,2,-1,1,-1,796,nan
797,2,-1,1,-1,797,nan
798,2,-1,1,-1,798,nan
799,2,-1,2,-1,745,nan
800,2,-1,1,-1,800,nan
801,2,-1,1,-1,801,nan
802,2,-1,1,-1,802,nan
803,2,-1,1,-1,803,nan
804,2,-1,1,-1,804,nan
805,2,-1,1,-1,805,nan
806,2,-1,1,-1,806,nan
807,2,-1,1,-1,807,nan
808,2,-1,1,-1,808,nan
809,2,-1,1,-1,809,nan
810,2,-1,1,-1,810,nan
811,2,-1,1,-1,811,nan
812,2,-1,1,-1,812,nan
813,2,-1,2,-1,216,nan
814,2,-1,2,-1,239,nan
815,2,-1,1,-1,815,nan
816,2,-1,1,-1,816,nan
817,2,-1,1,-1,817,nan
818,2,-1,1,-1,818,nan
819,2,-1,1,-1,819,nan
820,2,-1,2,-1,66,nan
821,2,-1,1,-1,821,nan
822,2,-1,1,-1,822,nan
823,2,-1,1,-1,823,nan
824,2,-1,1,-1,824,nan
825,2,-1,1,-1,825,nan
826,2,-1,1,-1,826,nan
827,2,-1,5,-1,396,nan
828,2,-1,2,-1,192,nan
829,2,-1,1,-1,829,nan
830,2,-1,1,-1,830,nan
831,2,-1,1,-1,831,nan
832,2,-1,1,-1,832,nan
833,2,-1,1,-1,833,nan
834,2,-1,1,-1,834,nan
835,2,-1,1,-1,835,nan
836,2,-1,1,-1,836,nan
837,2,-1,1,-1,837,nan
838,2,-1,1,-1,838,nan
839,2,-1,1,-1,839,nan
840,2,-1,1,-1,840,nan
841,2,-1,2,-1,574,nan
842,2,-1,1,-1,842,nan
843,2,-1,1,-1,843,nan
844,2,-1,1,-1,844,nan
845,2,-1,1,-1,845,nan
846,2,-1,1,-1,846,nan
847,2,-1,1,-1,847,nan
848,2,-1,1,-1,848,nan
849,2,-1,2,-1,458,nan
850,2,-1,1,-1,850,nan
851,2,-1,1,-1,851,nan
852,2,-1,3,-1,685,nan
853,2,-1,1,-1,853,nan
854,2,-1,1,-1,854,nan
855,2,-1,1,-1,855,nan
856,2,-1,1,-1,856,nan
857,2,-1,1,-1,857,nan
858,2,-1,1,-1,858,nan
859,2,-1,1,-1,859,nan
860,2,-1,1,-1,860,nan
861,2,-1,4,-1,769,nan
862,2,-1,1,-1,862,nan
863,2,-1,1,-1,863,nan
864,2,-1,1,-1,864,nan
865,2,-1,1,-1,865,nan
866,2,-1,1,-1,866,nan
867,2,-1,1,-1,867,nan
868,2,-1,1,-1,868,nan
869,2,-1,1,-1,869,nan
870,2,-1,1,-1,870,nan
871,2,-1,1,-1,871,nan
872,2,-1,1,-1,872,nan
873,2,-1,1,-1,873,nan
874,2,-1,1,-1,874,nan
875,2,-1,1,-1,875,nan
876,2,-1,1,-1,876,nan
877,2,-1,1,-1,877,nan
878,2,-1,1,-1,878,nan
879,2,-1,1,-1,879,nan
880,2,-1,1,-1,880,nan
881,2,-1,1,-1,881,nan
882,2,-1,1,-1,882,nan
883,2,-1,1,-1,883,nan
884,2,-1,1,-1,884,nan
885,2,-1,1,-1,885,nan
886,2,-1,1,-1,886,nan
887,2,-1,1,-1,887,nan
888,2,-1,1,-1,888,nan
889,2,-1,1,-1,889,nan
890,2,-1,1,-1,890,nan
891,2,-1,1,-1,891,nan
892,2,-1,2,-1,129,nan
893,2,-1,1,-1,893,nan
894,2,-1,1,-1,894,nan
895,2,-1,1,-1,895,nan
896,2,-1,1,-1,896,nan
897,2,-1,1,-1,897,nan
898,2,-1,1,-1,898,nan
899,2,-1,1,-1,899,nan
900,2,-1,1,-1,900,nan
901,2,-1,1,-1,901,nan
902,2,-1,1,-1,902,nan
903,2,-1,1,-1,903,nan
904,2,-1,1,-1,904,nan
905,2,-1,1,-1,905,nan
906,2,-1,1,-1,906,nan
907,2,-1,1,-1,907,nan
908,2,-1,1,-1,908,nan
909,2,-1,1,-1,909,nan
910,2,-1,1,-1,910,nan
911,2,-1,1,-1,911,nan
912,2,-1,1,-1,912,nan
913,2,-1,1,-1,913,nan
914,2,-1,1,-1,914,nan
915,2,-1,2,-1,805,nan
916,2,-1,1,-1,916,nan
917,2,-1,1,-1,917,nan
918,2,-1,1,-1,918,nan
919,2,-1,1,-1,919,nan
920,2,-1,1,-1,920,nan
921,2,-1,1,-1,921,nan
922,2,-1,1,-1,922,nan
923,2,-1,1,-1,923,nan
924,2,-1,1,-1,924,nan
925,2,-1,1,-1,925,nan
926,2,-1,1,-1,926,nan
927,2,-1,1,-1,927,nan
928,2,-1,1,-1,928,nan
929,2,-1,1,-1,929,nan
930,2,-1,1,-1,930,nan
931,2,-1,1,-1,931,nan
932,2,-1,1,-1,932,nan
933,2,-1,1,-1,933,nan
934,2,-1,1,-1,934,nan
935,2,-1,1,-1,935,nan
936,2,-1,1,-1,936,nan
937,2,-1,1,-1,937,nan
938,2,-1,1,-1,938,nan
939,2,-1,1,-1,939,nan
940,2,-1,1,-1,940,nan
941,2,-1,1,-1,941,nan
942,2,-1,1,-1,942,nan
943,2,-1,1,-1,943,nan
944,2,-1,1,-1,944,nan
945,2,-1,1,-1,945,nan
946,2,-1,1,-1,946,nan
947,2,-1,2,-1,189,nan
948,2,-1,1,-1,948,nan
949,2,-1,1,-1,949,nan
950,2,-1,1,-1,950,nan
951,2,-1,1,-1,951,nan
952,2,-1,1,-1,952,nan
953,2,-1,1,-1,953,nan
954,2,-1,1,-1,954,nan
955,2,-1,1,-1,955,nan
956,2,-1,1,-1,956,nan
957,2,-1,1,-1,957,nan
958,2,-1,1,-1,958,nan
959,2,-1,1,-1,959,nan
960,2,-1,1,-1,960,nan
961,2,-1,1,-1,961,nan
962,2,-1,1,-1,962,nan
963,2,-1,1,-1,963,nan
964,2,-1,1,-1,964,nan
965,2,-1,1,-1,965,nan
966,2,-1,1,-1,966,nan
967,2,-1,1,-1,967,nan
968,2,-1,1,-1,968,nan
969,2,-1,2,-1,884,nan
970,2,-1,2,-1,654,nan
971,2,-1,1,-1,971,nan
972,2,-1,1,-1,972,nan
973,2,-1,1,-1,973,nan
974,2,-1,1,-1,974,nan
975,2,-1,1,-1,975,nan
976,2,-1,1,-1,976,nan
977,2,-1,1,-1,977,nan
978,2,-1,1,-1,978,nan
979,2,-1,1,-1,979,nan
980,2,-1,1,-1,980,nan
981,2,-1,1,-1,981,nan
982,2,-1,1,-1,982,nan
983,2,-1,1,-1,983,nan
984,2,-1,1,-1,984,nan
985,2,-1,1,-1,985,nan
986,2,-1,1,-1,986,nan
987,2,-1,1,-1,987,nan
988,2,-1,1,-1,988,nan
989,2,-1,1,-1,989,nan
990,2,-1,1,-1,990,nan
991,2,-1,1,-1,991,nan
992,2,-1,1,-1,992,nan
993,2,-1,1,-1,993,nan
994,2,-1,2,-1,231,nan
995,2,-1,1,-1,995,nan
996,2,-1,1,-1,996,nan
997,2,-1,1,-1,997,nan
998,2,-1,1,-1,998,nan
999,2,-1,1,-1,999,nan
1000,2,-1,1,-1,1000,nan
1,3,-1,1,-1,1,nan
2,3,-1,2,-1,182,nan
3,3,-1,1,-1,3,nan
4,3,-1,1,-1,4,nan
5,3,-1,1,-1,5,nan
6,3,-1,1,-1,6,nan
7,3,-1,1,-1,7,nan
8,3,-1,1,-1,8,nan
9,3,-1,1,-1,9,nan
10,3,-1,1,-1,10,nan
11,3,-1,1,-1,11,nan
12,3,-1,2,-1,584,nan
13,3,-1,1,-1,13,nan
14,3,-1,1,-1,14,nan
15,3,-1,1,-1,15,nan
16,3,-1,1,-1,16,nan
17,3,-1,1,-1,17,nan
18,3,-1,1,-1,18,nan
19,3,-1,1,-1,19,nan
20,3,-1,1,-1,20,nan
21,3,-1,1,-1,21,nan
22,3,-1,1,-1,22,nan
23,3,-1,1,-1,23,nan
24,3,-1,1,-1,24,nan
25,3,-1,1,-1,25,nan
26,3,-1,1,-1,26,nan
27,3,-1,1,-1,27,nan
28,3,-1,1,-1,28,nan
29,3,-1,2,-1,286,nan
30,3,-1,1,-1,30,nan
31,3,-1,1,-1,31,nan
32,3,-1,1,-1,32,nan
33,3,-1,1,-1,33,nan
34,3,-1,1,-1,34,nan
35,3,-1,1,-1,35,nan
36,3,-1,1,-1,36,nan
37,3,-1,1,-1,37,nan
38,3,-1,1,-1,38,nan
39,3,-1,1,-1,39,nan
40,3,-1,1,-1,40,nan
41,3,-1,1,-1,41,nan
42,3,-1,1,-1,42,nan
43,3,-1,1,-1,43,nan
44,3,-1,1,-1,44,nan
45,3,-1,1,-1,45,nan
46,3,-1,1,-1,46,nan
47,3,-1,4,-1,281,nan
48,3,-1,1,-1,48,nan
49,3,-1,1,-1,49,nan
50,3,-1,1,-1,50,nan
51,3,-1,1,-1,51,nan
52,3,-1,1,-1,52,nan
53,3,-1,1,-1,53,nan
54,3,-1,1,-1,54,nan
55,3,-1,1,-1,55,nan
56,3,-1,1,-1,56,nan
57,3,-1,1,-1,57,nan
58,3,-1,1,-1,58,nan
59,3,-1,1,-1,59,nan
60,3,-1,1,-1,60,nan
61,3,-1,1,-1,61,nan
62,3,-1,1,-1,62,nan
63,3,-1,1,-1,63,nan
64,3,-1,1,-1,64,nan
65,3,-1,1,-1,65,nan
66,3,-1,1,-1,66,nan
67,3,-1,1,-1,67,nan
68,3,-1,1,-1,68,nan
69,3,-1,1,-1,69,nan
70,3,-1,1,-1,70,nan
71,3,-1,1,-1,71,nan
72,3,-1,1,-1,72,nan
73,3,-1,1,-1,73,nan
74,3,-1,1,-1,74,nan
75,3,-1,1,-1,75,nan
76,3,-1,1,-1,76,nan
77,3,-1,1,-1,77,nan
78,3,-1,1,-1,78,nan
79,3,-1,1,-1,79,nan
80,3,-1,1,-1,80,nan
81,3,-1,1,-1,81,nan
82,3,-1,1,-1,82,nan
83,3,-1,1,-1,83,nan
84,3,-1,1,-1,84,nan
85,3,-1,1,-1,85,nan
86,3,-1,1,-1,86,nan
87,3,-1,1,-1,87,nan
88,3,-1,1,-1,88,nan
89,3,-1,1,-1,89,nan
90,3,-1,1,-1,90,nan
91,3,-1,1,-1,91,nan
92,3,-1,1,-1,92,nan
93,3,-1,1,-1,93,nan
94,3,-1,1,-1,94,nan
95,3,-1,1,-1,95,nan
96,3,-1,1,-1,96,nan
97,3,-1,1,-1,97,nan
98,3,-1,1,-1,98,nan
99,3,-1,1,-1,99,nan
100,3,-1,1,-1,100,nan
101,3,-1,1,-1,101,nan
102,3,-1,1,-1,102,nan
103,3,-1,1,-1,103,nan
104,3,-1,1,-1,104,nan
105,3,-1,1,-1,105,nan
106,3,-1,2,-1,31,nan
107,3,-1,1,-1,107,nan
108,3,-1,2,-1,62,nan
109,3,-1,1,-1,109,nan
110,3,-1,1,-1,110,nan
111,3,-1,1,-1,111,nan
112,3,-1,1,-1,112,nan
113,3,-1,1,-1,113,nan
114,3,-1,1,-1,114,nan
115,3,-1,1,-1,115,nan
116,3,-1,1,-1,116,nan
117,3,-1,1,-1,117,nan
118,3,-1,2,-1,460,nan
119,3,-1,2,-1,96,nan
120,3,-1,1,-1,120,nan
121,3,-1,1,-1,121,nan
122,3,-1,1,-1,122,nan
123,3,-1,1,-1,123,nan
124,3,-1,1,-1,124,nan
125,3,-1,4,-1,780,nan
126,3,-1,1,-1,126,nan
127,3,-1,1,-1,127,nan
128,3,-1,1,-1,128,nan
129,3,-1,1,-1,129,nan
130,3,-1,1,-1,130,nan
131,3,-1,1,-1,131,nan
132,3,-1,1,-1,132,nan
133,3,-1,1,-1,133,nan
134,3,-1,1,-1,134,nan
135,3,-1,1,-1,135,nan
136,3,-1,1,-1,136,nan
137,3,-1,1,-1,137,nan
138,3,-1,6,-1,612,nan
139,3,-1,1,-1,139,nan
140,3,-1,1,-1,140,nan
141,3,-1,1,-1,141,nan
142,3,-1,1,-1,142,nan
143,3,-1,3,-1,613,nan
144,3,-1,2,-1,723,nan
145,3,-1,1,-1,145,nan
146,3,-1,1,-1,146,nan
147,3,-1,1,-1,147,nan
148,3,-1,1,-1,148,nan
149,3,-1,1,-1,149,nan
150,3,-1,1,-1,150,nan
151,3,-1,1,-1,151,nan
152,3,-1,1,-1,152,nan
153,3,-1,1,-1,153,nan
154,3,-1,1,-1,154,nan
155,3,-1,1,-1,155,nan
156,3,-1,1,-1,156,nan
157,3,-1,3,-1,717,nan
158,3,-1,2,-1,949,nan
159,3,-1,1,-1,159,nan
160,3,-1,1,-1,160,nan
161,3,-1,1,-1,161,nan
162,3,-1,1,-1,162,nan
163,3,-1,1,-1,163,nan
164,3,-1,1,-1,164,nan
165,3,-1,1,-1,165,nan
166,3,-1,1,-1,166,nan
167,3,-1,1,-1,167,nan
168,3,-1,1,-1,168,nan
169,3,-1,1,-1,169,nan
170,3,-1,1,-1,170,nan
171,3,-1,1,-1,171,nan
172,3,-1,1,-1,172,nan
173,3,-1,1,-1,173,nan
174,3,-1,1,-1,174,nan
175,3,-1,1,-1,175,nan
176,3,-1,1,-1,176,nan
177,3,-1,1,-1,177,nan
178,3,-1,1,-1,178,nan
179,3,-1,1,-1,179,nan
180,3,-1,1,-1,180,nan
181,3,-1,2,-1,743,nan
182,3,-1,1,-1,182,nan
183,3,-1,1,-1,183,nan
184,3,-1,1,-1,184,nan
185,3,-1,1,-1,185,nan
186,3,-1,1,-1,186,nan
187,3,-1,1,-1,187,nan
188,3,-1,1,-1,188,nan
189,3,-1,1,-1,189,nan
190,3,-1,1,-1,190,nan
191,3,-1,1,-1,191,nan
192,3,-1,1,-1,192,nan
193,3,-1,1,-1,193,nan
194,3,-1,1,-1,194,nan
195,3,-1,1,-1,195,nan
196,3,-1,1,-1,196,nan
197,3,-1,1,-1,197,nan
198,3,-1,1,-1,198,nan
199,3,-1,1,-1,199,nan
200,3,-1,1,-1,200,nan
201,3,-1,1,-1,201,nan
202,3,-1,1,-1,202,nan
203,3,-1,1,-1,203,nan
204,3,-1,1,-1,204,nan
205,3,-1,1,-1,205,nan
206,3,-1,1,-1,206,nan
207,3,-1,1,-1,207,nan
208,3,-1,1,-1,208,nan
209,3,-1,1,-1,209,nan
210,3,-1,1,-1,210,nan
211,3,-1,1,-1,211,nan
212,3,-1,1,-1,212,nan
213,3,-1,1,-1,213,nan
214,3,-1,1,-1,214,nan
215,3,-1,1,-1,215,nan
216,3,-1,1,-1,216,nan
217,3,-1,1,-1,217,nan
218,3,-1,1,-1,218,nan
219,3,-1,1,-1,219,nan
220,3,-1,1,-1,220,nan
221,3,-1,1,-1,221,nan
222,3,-1,1,-1,222,nan
223,3,-1,1,-1,223,nan
224,3,-1,1,-1,224,nan
225,3,-1,1,-1,225,nan
226,3,-1,1,-1,226,nan
227,3,-1,1,-1,227,nan
228,3,-1,1,-1,228,nan
229,3,-1,1,-1,229,nan
230,3,-1,1,-1,230,nan
231,3,-1,1,-1,231,nan
232,3,-1,1,-1,232,nan
233,3,-1,2,-1,515,nan
234,3,-1,1,-1,234,nan
235,3,-1,1,-1,235,nan
236,3,-1,1,-1,236,nan
237,3,-1,1,-1,237,nan
238,3,-1,1,-1,238,nan
239,3,-1,1,-1,239,nan
240,3,-1,1,-1,240,nan
241,3,-1,2,-1,931,nan
242,3,-1,1,-1,242,nan
243,3,-1,1,-1,243,nan
244,3,-1,1,-1,244,nan
245,3,-1,1,-1,245,nan
246,3,-1,1,-1,246,nan
247,3,-1,1,-1,247,nan
248,3,-1,1,-1,248,nan
249,3,-1,1,-1,249,nan
250,3,-1,1,-1,250,nan
251,3,-1,1,-1,251,nan
252,3,-1,1,-1,252,nan
253,3,-1,1,-1,253,nan
254,3,-1,1,-1,254,nan
255,3,-1,1,-1,255,nan
256,3,-1,1,-1,256,nan
257,3,-1,1,-1,257,nan
258,3,-1,1,-1,258,nan
259,3,-1,1,-1,259,nan
260,3,-1,1,-1,260,nan
261,3,-1,1,-1,261,nan
262,3,-1,1,-1,262,nan
263,3,-1,1,-1,263,nan
264,3,-1,1,-1,264,nan
265,3,-1,1,-1,265,nan
266,3,-1,1,-1,266,nan
267,3,-1,1,-1,267,nan
268,3,-1,1,-1,268,nan
269,3,-1,1,-1,269,nan
270,3,-1,1,-1,270,nan
271,3,-1,1,-1,271,nan
272,3,-1,1,-1,272,nan
273,3,-1,1,-1,273,nan
274,3,-1,1,-1,274,nan
275,3,-1,1,-1,275,nan
276,3,-1,2,-1,785,nan
277,3,-1,1,-1,277,nan
278,3,-1,1,-1,278,nan
279,3,-1,1,-1,279,nan
280,3,-1,1,-1,280,nan
281,3,-1,2,-1,102,nan
282,3,-1,1,-1,282,nan
283,3,-1,1,-1,283,nan
284,3,-1,1,-1,284,nan
285,3,-1,1,-1,285,nan
286,3,-1,1,-1,286,nan
287,3,-1,1,-1,287,nan
288,3,-1,1,-1,288,nan
289,3,-1,1,-1,289,nan
290,3,-1,1,-1,290,nan
291,3,-1,1,-1,291,nan
292,3,-1,1,-1,292,nan
293,3,-1,1,-1,293,nan
294,3,-1,1,-1,294,nan
295,3,-1,1,-1,295,nan
296,3,-1,1,-1,296,nan
297,3,-1,1,-1,297,nan
298,3,-1,1,-1,298,nan
299,3,-1,1,-1,299,nan
300,3,-1,1,-1,300,nan
301,3,-1,1,-1,301,nan
302,3,-1,1,-1,302,nan
303,3,-1,1,-1,303,nan
304,3,-1,1,-1,304,nan
305,3,-1,1,-1,305,nan
306,3,-1,1,-1,306,nan
307,3,-1,1,-1,307,nan
308,3,-1,1,-1,308,nan
309,3,-1,1,-1,309,nan
310,3,-1,1,-1,310,nan
311,3,-1,1,-1,311,nan
312,3,-1,1,-1,312,nan
313,3,-1,1,-1,313,nan
314,3,-1,1,-1,314,nan
315,3,-1,1,-1,315,nan
316,3,-1,1,-1,316,nan
317,3,-1,1,-1,317,nan
318,3,-1,1,-1,318,nan
319,3,-1,1,-1,319,nan
320,3,-1,1,-1,320,nan
321,3,-1,1,-1,321,nan
322,3,-1,1,-1,322,nan
323,3,-1,1,-1,323,nan
324,3,-1,2,-1,398,nan
325,3,-1,1,-1,325,nan
326,3,-1,2,-1,981,nan
327,3,-1,1,-1,327,nan
328,3,-1,1,-1,328,nan
329,3,-1,1,-1,329,nan
330,3,-1,1,-1,330,nan
331,3,-1,2,-1,224,nan
332,3,-1,1,-1,332,nan
333,3,-1,2,-1,607,nan
334,3,-1,2,-1,571,nan
335,3,-1,12,-1,70,nan
336,3,-1,1,-1,336,nan
337,3,-1,1,-1,337,nan
338,3,-1,1,-1,338,nan
339,3,-1,1,-1,339,nan
340,3,-1,1,-1,340,nan
341,3,-1,1,-1,341,nan
342,3,-1,1,-1,342,nan
343,3,-1,1,-1,343,nan
344,3,-1,1,-1,344,nan
345,3,-1,1,-1,345,nan
346,3,-1,1,-1,346,nan
347,3,-1,1,-1,347,nan
348,3,-1,1,-1,348,nan
349,3,-1,1,-1,349,nan
350,3,-1,1,-1,350,nan
351,3,-1,1,-1,351,nan
352,3,-1,1,-1,352,nan
353,3,-1,1,-1,353,nan
354,3,-1,1,-1,354,nan
355,3,-1,1,-1,355,nan
356,3,-1,2,-1,435,nan
357,3,-1,1,-1,357,nan
358,3,-1,1,-1,358,nan
359,3,-1,1,-1,359,nan
360,3,-1,1,-1,360,nan
361,3,-1,1,-1,361,nan
362,3,-1,1,-1,362,nan
363,3,-1,1,-1,363,nan
364,3,-1,1,-1,364,nan
365,3,-1,1,-1,365,nan
366,3,-1,1,-1,366,nan
367,3,-1,1,-1,367,nan
368,3,-1,1,-1,368,nan
369,3,-1,1,-1,369,nan
370,3,-1,1,-1,370,nan
371,3,-1,1,-1,371,nan
372,3,-1,1,-1,372,nan
373,3,-1,1,-1,373,nan
374,3,-1,1,-1,374,nan
375,3,-1,1,-1,375,nan
376,3,-1,1,-1,376,nan
377,3,-1,1,-1,377,nan
378,3,-1,1,-1,378,nan
379,3,-1,1,-1,379,nan
380,3,-1,1,-1,380,nan
381,3,-1,1,-1,381,nan
382,3,-1,1,-1,382,nan
383,3,-1,1,-1,383,nan
384,3,-1,1,-1,384,nan
385,3,-1,1,-1,385,nan
386,3,-1,1,-1,386,nan
387,3,-1,1,-1,387,nan
388,3,-1,1,-1,388,nan
389,3,-1,1,-1,389,nan
390,3,-1,2,-1,254,nan
391,3,-1,1,-1,391,nan
392,3,-1,1,-1,392,nan
393,3,-1,1,-1,393,nan
394,3,-1,1,-1,394,nan
395,3,-1,1,-1,395,nan
396,3,-1,1,-1,396,nan
397,3,-1,1,-1,397,nan
398,3,-1,5,-1,324,nan
399,3,-1,1,-1,399,nan
400,3,-1,1,-1,400,nan
401,3,-1,1,-1,401,nan
402,3,-1,1,-1,402,nan
403,3,-1,1,-1,403,nan
404,3,-1,1,-1,404,nan
405,3,-1,2,-1,701,nan
406,3,-1,1,-1,406,nan
407,3,-1,1,-1,407,nan
408,3,-1,1,-1,408,nan
409,3,-1,1,-1,409,nan
410,3,-1,1,-1,410,nan
411,3,-1,1,-1,411,nan
412,3,-1,1,-1,412,nan
413,3,-1,1,-1,413,nan
414,3,-1,1,-1,414,nan
415,3,-1,1,-1,415,nan
416,3,-1,1,-1,416,nan
417,3,-1,1,-1,417,nan
418,3,-1,2,-1,153,nan
419,3,-1,1,-1,419,nan
420,3,-1,1,-1,420,nan
421,3,-1,1,-1,421,nan
422,3,-1,1,-1,422,nan
423,3,-1,1,-1,423,nan
424,3,-1,1,-1,424,nan
425,3,-1,1,-1,425,nan
426,3,-1,1,-1,426,nan
427,3,-1,1,-1,427,nan
428,3,-1,1,-1,428,nan
429,3,-1,1,-1,429,nan
430,3,-1,1,-1,430,nan
431,3,-1,1,-1,431,nan
432,3,-1,1,-1,432,nan
433,3,-1,2,-1,116,nan
434,3,-1,1,-1,434,nan
435,3,-1,1,-1,435,nan
436,3,-1,1,-1,436,nan
437,3,-1,1,-1,437,nan
438,3,-1,1,-1,438,nan
439,3,-1,1,-1,439,nan
440,3,-1,3,-1,884,nan
441,3,-1,1,-1,441,nan
442,3,-1,1,-1,442,nan
443,3,-1,1,-1,443,nan
444,3,-1,1,-1,444,nan
445,3,-1,1,-1,445,nan
446,3,-1,1,-1,446,nan
447,3,-1,1,-1,447,nan
448,3,-1,1,-1,448,nan
449,3,-1,1,-1,449,nan
450,3,-1,1,-1,450,nan
451,3,-1,1,-1,451,nan
452,3,-1,1,-1,452,nan
453,3,-1,1,-1,453,nan
454,3,-1,1,-1,454,nan
455,3,-1,1,-1,455,nan
456,3,-1,1,-1,456,nan
457,3,-1,1,-1,457,nan
458,3,-1,1,-1,458,nan
459,3,-1,1,-1,459,nan
460,3,-1,1,-1,460,nan
461,3,-1,1,-1,461,nan
462,3,-1,1,-1,462,nan
463,3,-1,1,-1,463,nan
464,3,-1,6,-1,482,nan
465,3,-1,2,-1,187,nan
466,3,-1,1,-1,466,nan
467,3,-1,1,-1,467,nan
468,3,-1,1,-1,468,nan
469,3,-1,1,-1,469,nan
470,3,-1,1,-1,470,nan
471,3,-1,1,-1,471,nan
472,3,-1,1,-1,472,nan
473,3,-1,1,-1,473,nan
474,3,-1,1,-1,474,nan
475,3,-1,1,-1,475,nan
476,3,-1,1,-1,476,nan
477,3,-1,1,-1,477,nan
478,3,-1,1,-1,478,nan
479,3,-1,1,-1,479,nan
480,3,-1,1,-1,480,nan
481,3,-1,1,-1,481,nan
482,3,-1,1,-1,482,nan
483,3,-1,1,-1,483,nan
484,3,-1,1,-1,484,nan
485,3,-1,1,-1,485,nan
486,3,-1,1,-1,486,nan
487,3,-1,1,-1,487,nan
488,3,-1,1,-1,488,nan
489,3,-1,1,-1,489,nan
490,3,-1,1,-1,490,nan
491,3,-1,1,-1,491,nan
492,3,-1,1,-1,492,nan
493,3,-1,1,-1,493,nan
494,3,-1,1,-1,494,nan
495,3,-1,1,-1,495,nan
496,3,-1,1,-1,496,nan
497,3,-1,1,-1,497,nan
498,3,-1,1,-1,498,nan
499,3,-1,1,-1,499,nan
500,3,-1,1,-1,500,nan
501,3,-1,1,-1,501,nan
502,3,-1,1,-1,502,nan
503,3,-1,2,-1,604,nan
504,3,-1,1,-1,504,nan
505,3,-1,1,-1,505,nan
506,3,-1,1,-1,506,nan
507,3,-1,1,-1,507,nan
508,3,-1,1,-1,508,nan
509,3,-1,1,-1,509,nan
510,3,-1,1,-1,510,nan
511,3,-1,1,-1,511,nan
512,3,-1,1,-1,512,nan
513,3,-1,1,-1,513,nan
514,3,-1,1,-1,514,nan
515,3,-1,2,-1,233,nan
516,3,-1,1,-1,516,nan
517,3,-1,1,-1,517,nan
518,3,-1,1,-1,518,nan
519,3,-1,1,-1,519,nan
520,3,-1,1,-1,520,nan
521,3,-1,1,-1,521,nan
522,3,-1,1,-1,522,nan
523,3,-1,1,-1,523,nan
524,3,-1,1,-1,524,nan
525,3,-1,1,-1,525,nan
526,3,-1,1,-1,526,nan
527,3,-1,1,-1,527,nan
528,3,-1,1,-1,528,nan
529,3,-1,1,-1,529,nan
530,3,-1,1,-1,530,nan
531,3,-1,1,-1,531,nan
532,3,-1,1,-1,532,nan
533,3,-1,1,-1,533,nan
534,3,-1,1,-1,534,nan
535,3,-1,1,-1,535,nan
536,3,-1,1,-1,536,nan
537,3,-1,1,-1,537,nan
538,3,-1,1,-1,538,nan
539,3,-1,1,-1,539,nan
540,3,-1,1,-1,540,nan
541,3,-1,1,-1,541,nan
542,3,-1,1,-1,542,nan
543,3,-1,1,-1,543,nan
544,3,-1,2,-1,631,nan
545,3,-1,1,-1,545,nan
546,3,-1,1,-1,546,nan
547,3,-1,1,-1,547,nan
548,3,-1,1,-1,548,nan
549,3,-1,1,-1,549,nan
550,3,-1,2,-1,607,nan
551,3,-1,1,-1,551,nan
552,3,-1,1,-1,552,nan
553,3,-1,1,-1,553,nan
554,3,-1,1,-1,554,nan
555,3,-1,1,-1,555,nan
556,3,-1,1,-1,556,nan
557,3,-1,1,-1,557,nan
558,3,-1,1,-1,558,nan
559,3,-1,1,-1,559,nan
560,3,-1,1,-1,560,nan
561,3,-1,1,-1,561,nan
562,3,-1,1,-1,562,nan
563,3,-1,1,-1,563,nan
564,3,-1,1,-1,564,nan
565,3,-1,1,-1,565,nan
566,3,-1,1,-1,566,nan
567,3,-1,1,-1,567,nan
568,3,-1,3,-1,731,nan
569,3,-1,1,-1,569,nan
570,3,-1,1,-1,570,nan
571,3,-1,1,-1,571,nan
572,3,-1,1,-1,572,nan
573,3,-1,1,-1,573,nan
574,3,-1,1,-1,574,nan
575,3,-1,1,-1,575,nan
576,3,-1,1,-1,576,nan
577,3,-1,1,-1,577,nan
578,3,-1,1,-1,578,nan
579,3,-1,1,-1,579,nan
580,3,-1,6,-1,398,nan
581,3,-1,1,-1,581,nan
582,3,-1,1,-1,582,nan
583,3,-1,1,-1,583,nan
584,3,-1,1,-1,584,nan
585,3,-1,1,-1,585,nan
586,3,-1,2,-1,861,nan
587,3,-1,1,-1,587,nan
588,3,-1,1,-1,588,nan
589,3,-1,1,-1,589,nan
590,3,-1,1,-1,590,nan
591,3,-1,1,-1,591,nan
592,3,-1,1,-1,592,nan
593,3,-1,1,-1,593,nan
594,3,-1,1,-1,594,nan
595,3,-1,1,-1,595,nan
596,3,-1,1,-1,596,nan
597,3,-1,1,-1,597,nan
598,3,-1,1,-1,598,nan
599,3,-1,1,-1,599,nan
600,3,-1,1,-1,600,nan
601,3,-1,1,-1,601,nan
602,3,-1,1,-1,602,nan
603,3,-1,1,-1,603,nan
604,3,-1,3,-1,428,nan
605,3,-1,1,-1,605,nan
606,3,-1,1,-1,606,nan
607,3,-1,1,-1,607,nan
608,3,-1,1,-1,608,nan
609,3,-1,1,-1,609,nan
610,3,-1,1,-1,610,nan
611,3,-1,1,-1,611,nan
612,3,-1,1,-1,612,nan
613,3,-1,1,-1,613,nan
614,3,-1,1,-1,614,nan
615,3,-1,1,-1,615,nan
616,3,-1,1,-1,616,nan
617,3,-1,1,-1,617,nan
618,3,-1,1,-1,618,nan
619,3,-1,1,-1,619,nan
620,3,-1,1,-1,620,nan
621,3,-1,1,-1,621,nan
622,3,-1,2,-1,107,nan
623,3,-1,1,-1,623,nan
624,3,-1,1,-1,624,nan
625,3,-1,2,-1,875,nan
626,3,-1,1,-1,626,nan
627,3,-1,1,-1,627,nan
628,3,-1,1,-1,628,nan
629,3,-1,1,-1,629,nan
630,3,-1,1,-1,630,nan
631,3,-1,1,-1,631,nan
632,3,-1,1,-1,632,nan
633,3,-1,6,-1,131,nan
634,3,-1,1,-1,634,nan
635,3,-1,2,-1,501,nan
636,3,-1,1,-1,636,nan
637,3,-1,2,-1,89,nan
638,3,-1,1,-1,638,nan
639,3,-1,1,-1,639,nan
640,3,-1,1,-1,640,nan
641,3,-1,1,-1,641,nan
642,3,-1,1,-1,642,nan
643,3,-1,1,-1,643,nan
644,3,-1,1,-1,644,nan
645,3,-1,1,-1,645,nan
646,3,-1,1,-1,646,nan
647,3,-1,1,-1,647,nan
648,3,-1,1,-1,648,nan
649,3,-1,1,-1,649,nan
650,3,-1,1,-1,650,nan
651,3,-1,1,-1,651,nan
652,3,-1,1,-1,652,nan
653,3,-1,1,-1,653,nan
654,3,-1,3,-1,437,nan
655,3,-1,1,-1,655,nan
656,3,-1,1,-1,656,nan
657,3,-1,1,-1,657,nan
658,3,-1,2,-1,383,nan
659,3,-1,1,-1,659,nan
660,3,-1,1,-1,660,nan
661,3,-1,1,-1,661,nan
662,3,-1,1,-1,662,nan
663,3,-1,1,-1,663,nan
664,3,-1,1,-1,664,nan
665,3,-1,1,-1,665,nan
666,3,-1,1,-1,666,nan
667,3,-1,1,-1,667,nan
668,3,-1,1,-1,668,nan
669,3,-1,1,-1,669,nan
670,3,-1,1,-1,670,nan
671,3,-1,1,-1,671,nan
672,3,-1,1,-1,672,nan
673,3,-1,1,-1,673,nan
674,3,-1,1,-1,674,nan
675,3,-1,1,-1,675,nan
676,3,-1,1,-1,676,nan
677,3,-1,1,-1,677,nan
678,3,-1,1,-1,678,nan
679,3,-1,4,-1,253,nan
680,3,-1,1,-1,680,nan
681,3,-1,1,-1,681,nan
682,3,-1,2,-1,639,nan
683,3,-1,1,-1,683,nan
684,3,-1,1,-1,684,nan
685,3,-1,1,-1,685,nan
686,3,-1,1,-1,686,nan
687,3,-1,1,-1,687,nan
688,3,-1,1,-1,688,nan
689,3,-1,1,-1,689,nan
690,3,-1,1,-1,690,nan
691,3,-1,2,-1,527,nan
692,3,-1,1,-1,692,nan
693,3,-1,3,-1,947,nan
694,3,-1,1,-1,694,nan
695,3,-1,1,-1,695,nan
696,3,-1,1,-1,696,nan
697,3,-1,1,-1,697,nan
698,3,-1,1,-1,698,nan
699,3,-1,1,-1,699,nan
700,3,-1,1,-1,700,nan
701,3,-1,1,-1,701,nan
702,3,-1,1,-1,702,nan
703,3,-1,1,-1,703,nan
704,3,-1,1,-1,704,nan
705,3,-1,1,-1,705,nan
706,3,-1,1,-1,706,nan
707,3,-1,1,-1,707,nan
708,3,-1,1,-1,708,nan
709,3,-1,3,-1,160,nan
710,3,-1,1,-1,710,nan
711,3,-1,2,-1,350,nan
712,3,-1,1,-1,712,nan
713,3,-1,1,-1,713,nan
714,3,-1,1,-1,714,nan
715,3,-1,1,-1,715,nan
716,3,-1,1,-1,716,nan
717,3,-1,1,-1,717,nan
718,3,-1,1,-1,718,nan
719,3,-1,1,-1,719,nan
720,3,-1,1,-1,720,nan
721,3,-1,1,-1,721,nan
722,3,-1,1,-1,722,nan
723,3,-1,1,-1,723,nan
724,3,-1,1,-1,724,nan
725,3,-1,1,-1,725,nan
726,3,-1,1,-1,726,nan
727,3,-1,1,-1,727,nan
728,3,-1,1,-1,728,nan
729,3,-1,1,-1,729,nan
730,3,-1,1,-1,730,nan
731,3,-1,1,-1,731,nan
732,3,-1,1,-1,732,nan
733,3,-1,1,-1,733,nan
734,3,-1,1,-1,734,nan
735,3,-1,1,-1,735,nan
736,3,-1,1,-1,736,nan
737,3,-1,1,-1,737,nan
738,3,-1,1,-1,738,nan
739,3,-1,1,-1,739,nan
740,3,-1,1,-1,740,nan
741,3,-1,1,-1,741,nan
742,3,-1,6,-1,179,nan
743,3,-1,1,-1,743,nan
744,3,-1,1,-1,744,nan
745,3,-1,1,-1,745,nan
746,3,-1,1,-1,746,nan
747,3,-1,1,-1,747,nan
748,3,-1,1,-1,748,nan
749,3,-1,1,-1,749,nan
750,3,-1,2,-1,692,nan
751,3,-1,1,-1,751,nan
752,3,-1,1,-1,752,nan
753,3,-1,1,-1,753,nan
754,3,-1,1,-1,754,nan
755,3,-1,1,-1,755,nan
756,3,-1,2,-1,784,nan
757,3,-1,1,-1,757,nan
758,3,-1,1,-1,758,nan
759,3,-1,1,-1,759,nan
760,3,-1,1,-1,760,nan
761,3,-1,3,-1,985,nan
762,3,-1,1,-1,762,nan
763,3,-1,1,-1,763,nan
764,3,-1,2,-1,424,nan
765,3,-1,2,-1,94,nan
766,3,-1,1,-1,766,nan
767,3,-1,1,-1,767,nan
768,3,-1,1,-1,768,nan
769,3,-1,1,-1,769,nan
770,3,-1,1,-1,770,nan
771,3,-1,2,-1,504,nan
772,3,-1,1,-1,772,nan
773,3,-1,1,-1,773,nan
774,3,-1,1,-1,774,nan
775,3,-1,1,-1,775,nan
776,3,-1,1,-1,776,nan
777,3,-1,1,-1,777,nan
778,3,-1,1,-1,778,nan
779,3,-1,1,-1,779,nan
780,3,-1,1,-1,780,nan
781,3,-1,1,-1,781,nan
782,3,-1,2,-1,150,nan
783,3,-1,1,-1,783,nan
784,3,-1,1,-1,784,nan
785,3,-1,1,-1,785,nan
786,3,-1,1,-1,786,nan
787,3,-1,1,-1,787,nan
788,3,-1,1,-1,788,nan
789,3,-1,1,-1,789,nan
790,3,-1,2,-1,404,nan
791,3,-1,1,-1,791,nan
792,3,-1,1,-1,792,nan
793,3,-1,1,-1,793,nan
794,3,-1,1,-1,794,nan
795,3,-1,1,-1,795,nan
796,3,-1,2,-1,763,nan
797,3,-1,1,-1,797,nan
798,3,-1,1,-1,798,nan
799,3,-1,1,-1,799,nan
800,3,-1,1,-1,800,nan
801,3,-1,4,-1,740,nan
802,3,-1,1,-1,802,nan
803,3,-1,1,-1,803,nan
804,3,-1,1,-1,804,nan
805,3,-1,1,-1,805,nan
806,3,-1,1,-1,806,nan
807,3,-1,1,-1,807,nan
808,3,-1,2,-1,266,nan
809,3,-1,1,-1,809,nan
810,3,-1,1,-1,810,nan
811,3,-1,1,-1,811,nan
812,3,-1,1,-1,812,nan
813,3,-1,1,-1,813,nan
814,3,-1,1,-1,814,nan
815,3,-1,1,-1,815,nan
816,3,-1,1,-1,816,nan
817,3,-1,1,-1,817,nan
818,3,-1,1,-1,818,nan
819,3,-1,1,-1,819,nan
820,3,-1,1,-1,820,nan
821,3,-1,1,-1,821,nan
822,3,-1,1,-1,822,nan
823,3,-1,1,-1,823,nan
824,3,-1,1,-1,824,nan
825,3,-1,1,-1,825,nan
826,3,-1,2,-1,561,nan
827,3,-1,1,-1,827,nan
828,3,-1,1,-1,828,nan
829,3,-1,1,-1,829,nan
830,3,-1,1,-1,830,nan
831,3,-1,1,-1,831,nan
832,3,-1,1,-1,832,nan
833,3,-1,1,-1,833,nan
834,3,-1,1,-1,834,nan
835,3,-1,1,-1,835,nan
836,3,-1,1,-1,836,nan
837,3,-1,1,-1,837,nan
838,3,-1,1,-1,838,nan
839,3,-1,1,-1,839,nan
840,3,-1,1,-1,840,nan
841,3,-1,1,-1,841,nan
842,3,-1,1,-1,842,nan
843,3,-1,1,-1,843,nan
844,3,-1,1,-1,844,nan
845,3,-1,1,-1,845,nan
846,3,-1,1,-1,846,nan
847,3,-1,1,-1,847,nan
848,3,-1,1,-1,848,nan
849,3,-1,1,-1,849,nan
850,3,-1,1,-1,850,nan
851,3,-1,1,-1,851,nan
852,3,-1,1,-1,852,nan
853,3,-1,1,-1,853,nan
854,3,-1,2,-1,182,nan
855,3,-1,1,-1,855,nan
856,3,-1,1,-1,856,nan
857,3,-1,1,-1,857,nan
858,3,-1,1,-1,858,nan
859,3,-1,1,-1,859,nan
860,3,-1,1,-1,860,nan
861,3,-1,1,-1,861,nan
862,3,-1,1,-1,862,nan
863,3,-1,1,-1,863,nan
864,3,-1,1,-1,864,nan
865,3,-1,1,-1,865,nan
866,3,-1,1,-1,866,nan
867,3,-1,2,-1,460,nan
868,3,-1,1,-1,868,nan
869,3,-1,1,-1,869,nan
870,3,-1,1,-1,870,nan
871,3,-1,1,-1,871,nan
872,3,-1,1,-1,872,nan
873,3,-1,1,-1,873,nan
874,3,-1,1,-1,874,nan
875,3,-1,1,-1,875,nan
876,3,-1,1,-1,876,nan
877,3,-1,2,-1,258,nan
878,3,-1,1,-1,878,nan
879,3,-1,1,-1,879,nan
880,3,-1,1,-1,880,nan
881,3,-1,1,-1,881,nan
882,3,-1,1,-1,882,nan
883,3,-1,1,-1,883,nan
884,3,-1,1,-1,884,nan
885,3,-1,1,-1,885,nan
886,3,-1,1,-1,886,nan
887,3,-1,6,-1,949,nan
888,3,-1,4,-1,583,nan
889,3,-1,1,-1,889,nan
890,3,-1,1,-1,890,nan
891,3,-1,1,-1,891,nan
892,3,-1,1,-1,892,nan
893,3,-1,1,-1,893,nan
894,3,-1,1,-1,894,nan
895,3,-1,1,-1,895,nan
896,3,-1,1,-1,896,nan
897,3,-1,1,-1,897,nan
898,3,-1,2,-1,943,nan
899,3,-1,4,-1,736,nan
900,3,-1,1,-1,900,nan
901,3,-1,1,-1,901,nan
902,3,-1,1,-1,902,nan
903,3,-1,1,-1,903,nan
904,3,-1,1,-1,904,nan
905,3,-1,1,-1,905,nan
906,3,-1,1,-1,906,nan
907,3,-1,1,-1,907,nan
908,3,-1,1,-1,908,nan
909,3,-1,3,-1,290,nan
910,3,-1,1,-1,910,nan
911,3,-1,1,-1,911,nan
912,3,-1,1,-1,912,nan
913,3,-1,1,-1,913,nan
914,3,-1,1,-1,914,nan
915,3,-1,1,-1,915,nan
916,3,-1,1,-1,916,nan
917,3,-1,1,-1,917,nan
918,3,-1,1,-1,918,nan
919,3,-1,1,-1,919,nan
920,3,-1,1,-1,920,nan
921,3,-1,1,-1,921,nan
922,3,-1,1,-1,922,nan
923,3,-1,1,-1,923,nan
924,3,-1,1,-1,924,nan
925,3,-1,1,-1,925,nan
926,3,-1,1,-1,926,nan
927,3,-1,1,-1,927,nan
928,3,-1,1,-1,928,nan
929,3,-1,1,-1,929,nan
930,3,-1,1,-1,930,nan
931,3,-1,1,-1,931,nan
932,3,-1,1,-1,932,nan
933,3,-1,1,-1,933,nan
934,3,-1,1,-1,934,nan
935,3,-1,1,-1,935,nan
936,3,-1,1,-1,936,nan
937,3,-1,1,-1,937,nan
938,3,-1,1,-1,938,nan
939,3,-1,1,-1,939,nan
940,3,-1,1,-1,940,nan
941,3,-1,1,-1,941,nan
942,3,-1,1,-1,942,nan
943,3,-1,1,-1,943,nan
944,3,-1,1,-1,944,nan
945,3,-1,1,-1,945,nan
946,3,-1,1,-1,946,nan
947,3,-1,1,-1,947,nan
948,3,-1,1,-1,948,nan
949,3,-1,1,-1,949,nan
950,3,-1,1,-1,950,nan
951,3,-1,1,-1,951,nan
952,3,-1,1,-1,952,nan
953,3,-1,4,-1,636,nan
954,3,-1,1,-1,954,nan
955,3,-1,1,-1,955,nan
956,3,-1,1,-1,956,nan
957,3,-1,1,-1,957,nan
958,3,-1,2,-1,900,nan
959,3,-1,1,-1,959,nan
960,3,-1,1,-1,960,nan
961,3,-1,1,-1,961,nan
962,3,-1,1,-1,962,nan
963,3,-1,1,-1,963,nan
964,3,-1,1,-1,964,nan
965,3,-1,1,-1,965,nan
966,3,-1,1,-1,966,nan
967,3,-1,1,-1,967,nan
968,3,-1,1,-1,968,nan
969,3,-1,1,-1,969,nan
970,3,-1,1,-1,970,nan
971,3,-1,1,-1,971,nan
972,3,-1,1,-1,972,nan
973,3,-1,2,-1,730,nan
974,3,-1,1,-1,974,nan
975,3,-1,1,-1,975,nan
976,3,-1,1,-1,976,nan
977,3,-1,1,-1,977,nan
978,3,-1,1,-1,978,nan
979,3,-1,1,-1,979,nan
980,3,-1,1,-1,980,nan
981,3,-1,1,-1,981,nan
982,3,-1,1,-1,982,nan
983,3,-1,1,-1,983,nan
984,3,-1,1,-1,984,nan
985,3,-1,1,-1,985,nan
986,3,-1,1,-1,986,nan
987,3,-1,1,-1,987,nan
988,3,-1,1,-1,988,nan
989,3,-1,1,-1,989,nan
990,3,-1,1,-1,990,nan
991,3,-1,1,-1,991,nan
992,3,-1,1,-1,992,nan
993,3,-1,1,-1,993,nan
994,3,-1,1,-1,994,nan
995,3,-1,1,-1,995,nan
996,3,-1,1,-1,996,nan
997,3,-1,1,-1,997,nan
998,3,-1,1,-1,998,nan
999,3,-1,1,-1,999,nan
1000,3,-1,1,-1,1000,nan
1,4,-1,1,-1,1,nan
2,4,-1,1,-1,2,nan
3,4,-1,1,-1,3,nan
4,4,-1,1,-1,4,nan
5,4,-1,1,-1,5,nan
6,4,-1,1,-1,6,nan
7,4,-1,1,-1,7,nan
8,4,-1,1,-1,8,nan
9,4,-1,1,-1,9,nan
10,4,-1,1,-1,10,nan
11,4,-1,1,-1,11,nan
12,4,-1,1,-1,12,nan
13,4,-1,1,-1,13,nan
14,4,-1,1,-1,14,nan
15,4,-1,1,-1,15,nan
16,4,-1,1,-1,16,nan
17,4,-1,1,-1,17,nan
18,4,-1,1,-1,18,nan
19,4,-1,1,-1,19,nan
20,4,-1,1,-1,20,nan
21,4,-1,1,-1,21,nan
22,4,-1,1,-1,22,nan
23,4,-1,1,-1,23,nan
24,4,-1,1,-1,24,nan
25,4,-1,1,-1,25,nan
26,4,-1,1,-1,26,nan
27,4,-1,1,-1,27,nan
28,4,-1,1,-1,28,nan
29,4,-1,1,-1,29,nan
30,4,-1,1,-1,30,nan
31,4,-1,1,-1,31,nan
32,4,-1,1,-1,32,nan
33,4,-1,1,-1,33,nan
34,4,-1,1,-1,34,nan
35,4,-1,1,-1,35,nan
36,4,-1,1,-1,36,nan
37,4,-1,1,-1,37,nan
38,4,-1,1,-1,38,nan
39,4,-1,1,-1,39,nan
40,4,-1,1,-1,40,nan
41,4,-1,1,-1,41,nan
42,4,-1,1,-1,42,nan
43,4,-1,1,-1,43,nan
44,4,-1,1,-1,44,nan
45,4,-1,1,-1,45,nan
46,4,-1,1,-1,46,nan
47,4,-1,1,-1,47,nan
48,4,-1,1,-1,48,nan
49,4,-1,2,-1,80,nan
50,4,-1,1,-1,50,nan
51,4,-1,1,-1,51,nan
52,4,-1,1,-1,52,nan
53,4,-1,1,-1,53,nan
54,4,-1,1,-1,54,nan
55,4,-1,1,-1,55,nan
56,4,-1,1,-1,56,nan
57,4,-1,1,-1,57,nan
58,4,-1,1,-1,58,nan
59,4,-1,1,-1,59,nan
60,4,-1,1,-1,60,nan
61,4,-1,1,-1,61,nan
62,4,-1,1,-1,62,nan
63,4,-1,1,-1,63,nan
64,4,-1,1,-1,64,nan
65,4,-1,1,-1,65,nan
66,4,-1,1,-1,66,nan
67,4,-1,1,-1,67,nan
68,4,-1,1,-1,68,nan
69,4,-1,1,-1,69,nan
70,4,-1,1,-1,70,nan
71,4,-1,1,-1,71,nan
72,4,-1,1,-1,72,nan
73,4,-1,1,-1,73,nan
74,4,-1,1,-1,74,nan
75,4,-1,1,-1,75,nan
76,4,-1,1,-1,76,nan
77,4,-1,1,-1,77,nan
78,4,-1,1,-1,78,nan
79,4,-1,1,-1,79,nan
80,4,-1,1,-1,80,nan
81,4,-1,1,-1,81,nan
82,4,-1,1,-1,82,nan
83,4,-1,1,-1,83,nan
84,4,-1,1,-1,84,nan
85,4,-1,1,-1,85,nan
86,4,-1,1,-1,86,nan
87,4,-1,1,-1,87,nan
88,4,-1,1,-1,88,nan
89,4,-1,1,-1,89,nan
90,4,-1,1,-1,90,nan
91,4,-1,1,-1,91,nan
92,4,-1,1,-1,92,nan
93,4,-1,1,-1,93,nan
94,4,-1,1,-1,94,nan
95,4,-1,1,-1,95,nan
96,4,-1,1,-1,96,nan
97,4,-1,1,-1,97,nan
98,4,-1,1,-1,98,nan
99,4,-1,1,-1,99,nan
100,4,-1,2,-1,691,nan
101,4,-1,1,-1,101,nan
102,4,-1,2,-1,660,nan
103,4,-1,1,-1,103,nan
104,4,-1,2,-1,835,nan
105,4,-1,2,-1,800,nan
106,4,-1,2,-1,538,nan
107,4,-1,1,-1,107,nan
108,4,-1,1,-1,108,nan
109,4,-1,1,-1,109,nan
110,4,-1,1,-1,110,nan
111,4,-1,1,-1,111,nan
112,4,-1,1,-1,112,nan
113,4,-1,1,-1,113,nan
114,4,-1,1,-1,114,nan
115,4,-1,1,-1,115,nan
116,4,-1,1,-1,116,nan
117,4,-1,1,-1,117,nan
118,4,-1,1,-1,118,nan
119,4,-1,1,-1,119,nan
120,4,-1,1,-1,120,nan
121,4,-1,1,-1,121,nan
122,4,-1,1,-1,122,nan
123,4,-1,1,-1,123,nan
124,4,-1,2,-1,795,nan
125,4,-1,1,-1,125,nan
126,4,-1,1,-1,126,nan
127,4,-1,1,-1,127,nan
128,4,-1,2,-1,762,nan
129,4,-1,1,-1,129,nan
130,4,-1,1,-1,130,nan
131,4,-1,1,-1,131,nan
132,4,-1,1,-1,132,nan
133,4,-1,1,-1,133,nan
134,4,-1,1,-1,134,nan
135,4,-1,1,-1,135,nan
136,4,-1,1,-1,136,nan
137,4,-1,1,-1,137,nan
138,4,-1,1,-1,138,nan
139,4,-1,1,-1,139,nan
140,4,-1,1,-1,140,nan
141,4,-1,1,-1,141,nan
142,4,-1,1,-1,142,nan
143,4,-1,1,-1,143,nan
144,4,-1,2,-1,896,nan
145,4,-1,1,-1,145,nan
146,4,-1,1,-1,146,nan
147,4,-1,2,-1,871,nan
148,4,-1,1,-1,148,nan
149,4,-1,1,-1,149,nan
150,4,-1,1,-1,150,nan
151,4,-1,1,-1,151,nan
152,4,-1,1,-1,152,nan
153,4,-1,1,-1,153,nan
154,4,-1,1,-1,154,nan
155,4,-1,1,-1,155,nan
156,4,-1,1,-1,156,nan
157,4,-1,1,-1,157,nan
158,4,-1,1,-1,158,nan
159,4,-1,1,-1,159,nan
160,4,-1,4,-1,894,nan
161,4,-1,1,-1,161,nan
162,4,-1,1,-1,162,nan
163,4,-1,1,-1,163,nan
164,4,-1,1,-1,164,nan
165,4,-1,1,-1,165,nan
166,4,-1,2,-1,661,nan
167,4,-1,1,-1,167,nan
168,4,-1,1,-1,168,nan
169,4,-1,1,-1,169,nan
170,4,-1,1,-1,170,nan
171,4,-1,1,-1,171,nan
172,4,-1,1,-1,172,nan
173,4,-1,1,-1,173,nan
174,4,-1,1,-1,174,nan
175,4,-1,1,-1,175,nan
176,4,-1,1,-1,176,nan
177,4,-1,1,-1,177,nan
178,4,-1,1,-1,178,nan
179,4,-1,1,-1,179,nan
180,4,-1,1,-1,180,nan
181,4,-1,1,-1,181,nan
182,4,-1,1,-1,182,nan
183,4,-1,1,-1,183,nan
184,4,-1,1,-1,184,nan
185,4,-1,1,-1,185,nan
186,4,-1,1,-1,186,nan
187,4,-1,2,-1,617,nan
188,4,-1,1,-1,188,nan
189,4,-1,1,-1,189,nan
190,4,-1,1,-1,190,nan
191,4,-1,2,-1,534,nan
192,4,-1,1,-1,192,nan
193,4,-1,1,-1,193,nan
194,4,-1,1,-1,194,nan
195,4,-1,1,-1,195,nan
196,4,-1,1,-1,196,nan
197,4,-1,1,-1,197,nan
198,4,-1,1,-1,198,nan
199,4,-1,1,-1,199,nan
200,4,-1,1,-1,200,nan
201,4,-1,1,-1,201,nan
202,4,-1,1,-1,202,nan
203,4,-1,1,-1,203,nan
204,4,-1,2,-1,728,nan
205,4,-1,1,-1,205,nan
206,4,-1,1,-1,206,nan
207,4,-1,1,-1,207,nan
208,4,-1,1,-1,208,nan
209,4,-1,1,-1,209,nan
210,4,-1,1,-1,210,nan
211,4,-1,1,-1,211,nan
212,4,-1,1,-1,212,nan
213,4,-1,1,-1,213,nan
214,4,-1,1,-1,214,nan
215,4,-1,1,-1,215,nan
216,4,-1,1,-1,216,nan
217,4,-1,2,-1,84,nan
218,4,-1,2,-1,7,nan
219,4,-1,1,-1,219,nan
220,4,-1,1,-1,220,nan
221,4,-1,1,-1,221,nan
222,4,-1,1,-1,222,nan
223,4,-1,1,-1,223,nan
224,4,-1,1,-1,224,nan
225,4,-1,1,-1,225,nan
226,4,-1,2,-1,348,nan
227,4,-1,1,-1,227,nan
228,4,-1,1,-1,228,nan
229,4,-1,1,-1,229,nan
230,4,-1,1,-1,230,nan
231,4,-1,1,-1,231,nan
232,4,-1,1,-1,232,nan
233,4,-1,2,-1,515,nan
234,4,-1,1,-1,234,nan
235,4,-1,1,-1,235,nan
236,4,-1,1,-1,236,nan
237,4,-1,1,-1,237,nan
238,4,-1,1,-1,238,nan
239,4,-1,1,-1,239,nan
240,4,-1,1,-1,240,nan
241,4,-1,1,-1,241,nan
242,4,-1,1,-1,242,nan
243,4,-1,1,-1,243,nan
244,4,-1,1,-1,244,nan
245,4,-1,1,-1,245,nan
246,4,-1,1,-1,246,nan
247,4,-1,1,-1,247,nan
248,4,-1,1,-1,248,nan
249,4,-1,1,-1,249,nan
250,4,-1,1,-1,250,nan
251,4,-1,1,-1,251,nan
252,4,-1,2,-1,667,nan
253,4,-1,1,-1,253,nan
254,4,-1,2,-1,390,nan
255,4,-1,1,-1,255,nan
256,4,-1,1,-1,256,nan
257,4,-1,5,-1,49,nan
258,4,-1,1,-1,258,nan
259,4,-1,1,-1,259,nan
260,4,-1,1,-1,260,nan
261,4,-1,1,-1,261,nan
262,4,-1,1,-1,262,nan
263,4,-1,1,-1,263,nan
264,4,-1,1,-1,264,nan
265,4,-1,1,-1,265,nan
266,4,-1,1,-1,266,nan
267,4,-1,1,-1,267,nan
268,4,-1,1,-1,268,nan
269,4,-1,1,-1,269,nan
270,4,-1,1,-1,270,nan
271,4,-1,1,-1,271,nan
272,4,-1,1,-1,272,nan
273,4,-1,1,-1,273,nan
274,4,-1,1,-1,274,nan
275,4,-1,1,-1,275,nan
276,4,-1,1,-1,276,nan
277,4,-1,1,-1,277,nan
278,4,-1,1,-1,278,nan
279,4,-1,1,-1,279,nan
280,4,-1,1,-1,280,nan
281,4,-1,1,-1,281,nan
282,4,-1,1,-1,282,nan
283,4,-1,1,-1,283,nan
284,4,-1,1,-1,284,nan
285,4,-1,1,-1,285,nan
286,4,-1,1,-1,286,nan
287,4,-1,1,-1,287,nan
288,4,-1,1,-1,288,nan
289,4,-1,1,-1,289,nan
290,4,-1,1,-1,290,nan
291,4,-1,1,-1,291,nan
292,4,-1,1,-1,292,nan
293,4,-1,1,-1,293,nan
294,4,-1,1,-1,294,nan
295,4,-1,1,-1,295,nan
296,4,-1,1,-1,296,nan
297,4,-1,1,-1,297,nan
298,4,-1,1,-1,298,nan
299,4,-1,2,-1,479,nan
300,4,-1,1,-1,300,nan
301,4,-1,1,-1,301,nan
302,4,-1,1,-1,302,nan
303,4,-1,1,-1,303,nan
304,4,-1,1,-1,304,nan
305,4,-1,4,-1,324,nan
306,4,-1,1,-1,306,nan
307,4,-1,1,-1,307,nan
308,4,-1,1,-1,308,nan
309,4,-1,1,-1,309,nan
310,4,-1,1,-1,310,nan
311,4,-1,1,-1,311,nan
312,4,-1,1,-1,312,nan
313,4,-1,2,-1,221,nan
314,4,-1,1,-1,314,nan
315,4,-1,1,-1,315,nan
316,4,-1,1,-1,316,nan
317,4,-1,1,-1,317,nan
318,4,-1,1,-1,318,nan
319,4,-1,1,-1,319,nan
320,4,-1,1,-1,320,nan
321,4,-1,1,-1,321,nan
322,4,-1,1,-1,322,nan
323,4,-1,1,-1,323,nan
324,4,-1,1,-1,324,nan
325,4,-1,2,-1,811,nan
326,4,-1,1,-1,326,nan
327,4,-1,1,-1,327,nan
328,4,-1,1,-1,328,nan
329,4,-1,1,-1,329,nan
330,4,-1,1,-1,330,nan
331,4,-1,1,-1,331,nan
332,4,-1,1,-1,332,nan
333,4,-1,1,-1,333,nan
334,4,-1,1,-1,334,nan
335,4,-1,1,-1,335,nan
336,4,-1,1,-1,336,nan
337,4,-1,1,-1,337,nan
338,4,-1,1,-1,338,nan
339,4,-1,1,-1,339,nan
340,4,-1,1,-1,340,nan
341,4,-1,2,-1,487,nan
342,4,-1,1,-1,342,nan
343,4,-1,1,-1,343,nan
344,4,-1,1,-1,344,nan
345,4,-1,1,-1,345,nan
346,4,-1,1,-1,346,nan
347,4,-1,1,-1,347,nan
348,4,-1,1,-1,348,nan
349,4,-1,1,-1,349,nan
350,4,-1,1,-1,350,nan
351,4,-1,1,-1,351,nan
352,4,-1,1,-1,352,nan
353,4,-1,1,-1,353,nan
354,4,-1,1,-1,354,nan
355,4,-1,1,-1,355,nan
356,4,-1,2,-1,970,nan
357,4,-1,1,-1,357,nan
358,4,-1,1,-1,358,nan
359,4,-1,1,-1,359,nan
360,4,-1,1,-1,360,nan
361,4,-1,1,-1,361,nan
362,4,-1,1,-1,362,nan
363,4,-1,1,-1,363,nan
364,4,-1,1,-1,364,nan
365,4,-1,1,-1,365,nan
366,4,-1,1,-1,366,nan
367,4,-1,1,-1,367,nan
368,4,-1,1,-1,368,nan
369,4,-1,1,-1,369,nan
370,4,-1,1,-1,370,nan
371,4,-1,1,-1,371,nan
372,4,-1,1,-1,372,nan
373,4,-1,1,-1,373,nan
374,4,-1,1,-1,374,nan
375,4,-1,1,-1,375,nan
376,4,-1,1,-1,376,nan
377,4,-1,1,-1,377,nan
378,4,-1,1,-1,378,nan
379,4,-1,1,-1,379,nan
380,4,-1,1,-1,380,nan
381,4,-1,1,-1,381,nan
382,4,-1,1,-1,382,nan
383,4,-1,2,-1,988,nan
384,4,-1,3,-1,610,nan
385,4,-1,1,-1,385,nan
386,4,-1,1,-1,386,nan
387,4,-1,1,-1,387,nan
388,4,-1,1,-1,388,nan
389,4,-1,2,-1,942,nan
390,4,-1,1,-1,390,nan
391,4,-1,1,-1,391,nan
392,4,-1,1,-1,392,nan
393,4,-1,1,-1,393,nan
394,4,-1,1,-1,394,nan
395,4,-1,1,-1,395,nan
396,4,-1,1,-1,396,nan
397,4,-1,1,-1,397,nan
398,4,-1,1,-1,398,nan
399,4,-1,1,-1,399,nan
400,4,-1,2,-1,81,nan
401,4,-1,1,-1,401,nan
402,4,-1,1,-1,402,nan
403,4,-1,1,-1,403,nan
404,4,-1,1,-1,404,nan
405,4,-1,8,-1,305,nan
406,4,-1,1,-1,406,nan
407,4,-1,1,-1,407,nan
408,4,-1,1,-1,408,nan
409,4,-1,1,-1,409,nan
410,4,-1,1,-1,410,nan
411,4,-1,1,-1,411,nan
412,4,-1,1,-1,412,nan
413,4,-1,1,-1,413,nan
414,4,-1,1,-1,414,nan
415,4,-1,1,-1,415,nan
416,4,-1,1,-1,416,nan
417,4,-1,1,-1,417,nan
418,4,-1,1,-1,418,nan
419,4,-1,1,-1,419,nan
420,4,-1,1,-1,420,nan
421,4,-1,1,-1,421,nan
422,4,-1,1,-1,422,nan
423,4,-1,1,-1,423,nan
424,4,-1,1,-1,424,nan
425,4,-1,1,-1,425,nan
426,4,-1,1,-1,426,nan
427,4,-1,1,-1,427,nan
428,4,-1,1,-1,428,nan
429,4,-1,1,-1,429,nan
430,4,-1,1,-1,430,nan
431,4,-1,1,-1,431,nan
432,4,-1,1,-1,432,nan
433,4,-1,1,-1,433,nan
434,4,-1,7,-1,492,nan
435,4,-1,3,-1,338,nan
436,4,-1,1,-1,436,nan
437,4,-1,1,-1,437,nan
438,4,-1,1,-1,438,nan
439,4,-1,1,-1,439,nan
440,4,-1,2,-1,969,nan
441,4,-1,1,-1,441,nan
442,4,-1,1,-1,442,nan
443,4,-1,1,-1,443,nan
444,4,-1,1,-1,444,nan
445,4,-1,1,-1,445,nan
446,4,-1,1,-1,446,nan
447,4,-1,1,-1,447,nan
448,4,-1,1,-1,448,nan
449,4,-1,2,-1,744,nan
450,4,-1,1,-1,450,nan
451,4,-1,1,-1,451,nan
452,4,-1,1,-1,452,nan
453,4,-1,1,-1,453,nan
454,4,-1,1,-1,454,nan
455,4,-1,1,-1,455,nan
456,4,-1,1,-1,456,nan
457,4,-1,1,-1,457,nan
458,4,-1,1,-1,458,nan
459,4,-1,1,-1,459,nan
460,4,-1,1,-1,460,nan
461,4,-1,1,-1,461,nan
462,4,-1,1,-1,462,nan
463,4,-1,1,-1,463,nan
464,4,-1,2,-1,125,nan
465,4,-1,1,-1,465,nan
466,4,-1,1,-1,466,nan
467,4,-1,1,-1,467,nan
468,4,-1,1,-1,468,nan
469,4,-1,1,-1,469,nan
470,4,-1,1,-1,470,nan
471,4,-1,1,-1,471,nan
472,4,-1,1,-1,472,nan
473,4,-1,1,-1,473,nan
474,4,-1,2,-1,408,nan
475,4,-1,1,-1,475,nan
476,4,-1,1,-1,476,nan
477,4,-1,1,-1,477,nan
478,4,-1,1,-1,478,nan
479,4,-1,1,-1,479,nan
480,4,-1,1,-1,480,nan
481,4,-1,1,-1,481,nan
482,4,-1,1,-1,482,nan
483,4,-1,1,-1,483,nan
484,4,-1,1,-1,484,nan
485,4,-1,1,-1,485,nan
486,4,-1,1,-1,486,nan
487,4,-1,1,-1,487,nan
488,4,-1,1,-1,488,nan
489,4,-1,2,-1,982,nan
490,4,-1,1,-1,490,nan
491,4,-1,1,-1,491,nan
492,4,-1,1,-1,492,nan
493,4,-1,1,-1,493,nan
494,4,-1,7,-1,172,nan
495,4,-1,1,-1,495,nan
496,4,-1,1,-1,496,nan
497,4,-1,1,-1,497,nan
498,4,-1,1,-1,498,nan
499,4,-1,1,-1,499,nan
500,4,-1,2,-1,520,nan
501,4,-1,1,-1,501,nan
502,4,-1,1,-1,502,nan
503,4,-1,1,-1,503,nan
504,4,-1,1,-1,504,nan
505,4,-1,1,-1,505,nan
506,4,-1,1,-1,506,nan
507,4,-1,15,-1,328,nan
508,4,-1,1,-1,508,nan
509,4,-1,1,-1,509,nan
510,4,-1,1,-1,510,nan
511,4,-1,1,-1,511,nan
512,4,-1,1,-1,512,nan
513,4,-1,1,-1,513,nan
514,4,-1,1,-1,514,nan
515,4,-1,1,-1,515,nan
516,4,-1,1,-1,516,nan
517,4,-1,1,-1,517,nan
518,4,-1,3,-1,735,nan
519,4,-1,1,-1,519,nan
520,4,-1,1,-1,520,nan
521,4,-1,1,-1,521,nan
522,4,-1,1,-1,522,nan
523,4,-1,1,-1,523,nan
524,4,-1,1,-1,524,nan
525,4,-1,1,-1,525,nan
526,4,-1,23,-1,136,nan
527,4,-1,1,-1,527,nan
528,4,-1,1,-1,528,nan
529,4,-1,1,-1,529,nan
530,4,-1,1,-1,530,nan
531,4,-1,1,-1,531,nan
532,4,-1,1,-1,532,nan
533,4,-1,1,-1,533,nan
534,4,-1,1,-1,534,nan
535,4,-1,1,-1,535,nan
536,4,-1,1,-1,536,nan
537,4,-1,1,-1,537,nan
538,4,-1,1,-1,538,nan
539,4,-1,1,-1,539,nan
540,4,-1,1,-1,540,nan
541,4,-1,1,-1,541,nan
542,4,-1,2,-1,120,nan
543,4,-1,1,-1,543,nan
544,4,-1,1,-1,544,nan
545,4,-1,1,-1,545,nan
546,4,-1,3,-1,483,nan
547,4,-1,1,-1,547,nan
548,4,-1,1,-1,548,nan
549,4,-1,1,-1,549,nan
550,4,-1,1,-1,550,nan
551,4,-1,1,-1,551,nan
552,4,-1,1,-1,552,nan
553,4,-1,1,-1,553,nan
554,4,-1,1,-1,554,nan
555,4,-1,1,-1,555,nan
556,4,-1,1,-1,556,nan
557,4,-1,1,-1,557,nan
558,4,-1,1,-1,558,nan
559,4,-1,1,-1,559,nan
560,4,-1,1,-1,560,nan
561,4,-1,2,-1,705,nan
562,4,-1,1,-1,562,nan
563,4,-1,1,-1,563,nan
564,4,-1,1,-1,564,nan
565,4,-1,1,-1,565,nan
566,4,-1,1,-1,566,nan
567,4,-1,1,-1,567,nan
568,4,-1,1,-1,568,nan
569,4,-1,1,-1,569,nan
570,4,-1,1,-1,570,nan
571,4,-1,1,-1,571,nan
572,4,-1,1,-1,572,nan
573,4,-1,1,-1,573,nan
574,4,-1,1,-1,574,nan
575,4,-1,1,-1,575,nan
576,4,-1,1,-1,576,nan
577,4,-1,1,-1,577,nan
578,4,-1,1,-1,578,nan
579,4,-1,1,-1,579,nan
580,4,-1,1,-1,580,nan
581,4,-1,1,-1,581,nan
582,4,-1,1,-1,582,nan
583,4,-1,1,-1,583,nan
584,4,-1,1,-1,584,nan
585,4,-1,1,-1,585,nan
586,4,-1,1,-1,586,nan
587,4,-1,1,-1,587,nan
588,4,-1,1,-1,588,nan
589,4,-1,1,-1,589,nan
590,4,-1,1,-1,590,nan
591,4,-1,1,-1,591,nan
592,4,-1,1,-1,592,nan
593,4,-1,1,-1,593,nan
594,4,-1,1,-1,594,nan
595,4,-1,1,-1,595,nan
596,4,-1,1,-1,596,nan
597,4,-1,1,-1,597,nan
598,4,-1,1,-1,598,nan
599,4,-1,1,-1,599,nan
600,4,-1,2,-1,408,nan
601,4,-1,1,-1,601,nan
602,4,-1,1,-1,602,nan
603,4,-1,1,-1,603,nan
604,4,-1,2,-1,16,nan
605,4,-1,2,-1,328,nan
606,4,-1,1,-1,606,nan
607,4,-1,1,-1,607,nan
608,4,-1,1,-1,608,nan
609,4,-1,1,-1,609,nan
610,4,-1,1,-1,610,nan
611,4,-1,1,-1,611,nan
612,4,-1,1,-1,612,nan
613,4,-1,1,-1,613,nan
614,4,-1,1,-1,614,nan
615,4,-1,1,-1,615,nan
616,4,-1,1,-1,616,nan
617,4,-1,1,-1,617,nan
618,4,-1,1,-1,618,nan
619,4,-1,2,-1,807,nan
620,4,-1,1,-1,620,nan
621,4,-1,1,-1,621,nan
622,4,-1,2,-1,107,nan
623,4,-1,1,-1,623,nan
624,4,-1,1,-1,624,nan
625,4,-1,2,-1,875,nan
626,4,-1,1,-1,626,nan
627,4,-1,1,-1,627,nan
628,4,-1,1,-1,628,nan
629,4,-1,1,-1,629,nan
630,4,-1,1,-1,630,nan
631,4,-1,1,-1,631,nan
632,4,-1,1,-1,632,nan
633,4,-1,1,-1,633,nan
634,4,-1,1,-1,634,nan
635,4,-1,2,-1,904,nan
636,4,-1,1,-1,636,nan
637,4,-1,1,-1,637,nan
638,4,-1,1,-1,638,nan
639,4,-1,1,-1,639,nan
640,4,-1,1,-1,640,nan
641,4,-1,2,-1,925,nan
642,4,-1,1,-1,642,nan
643,4,-1,1,-1,643,nan
644,4,-1,1,-1,644,nan
645,4,-1,1,-1,645,nan
646,4,-1,1,-1,646,nan
647,4,-1,1,-1,647,nan
648,4,-1,1,-1,648,nan
649,4,-1,1,-1,649,nan
650,4,-1,1,-1,650,nan
651,4,-1,1,-1,651,nan
652,4,-1,1,-1,652,nan
653,4,-1,1,-1,653,nan
654,4,-1,2,-1,593,nan
655,4,-1,1,-1,655,nan
656,4,-1,1,-1,656,nan
657,4,-1,1,-1,657,nan
658,4,-1,1,-1,658,nan
659,4,-1,1,-1,659,nan
660,4,-1,1,-1,660,nan
661,4,-1,1,-1,661,nan
662,4,-1,1,-1,662,nan
663,4,-1,1,-1,663,nan
664,4,-1,1,-1,664,nan
665,4,-1,1,-1,665,nan
666,4,-1,1,-1,666,nan
667,4,-1,1,-1,667,nan
668,4,-1,1,-1,668,nan
669,4,-1,1,-1,669,nan
670,4,-1,1,-1,670,nan
671,4,-1,1,-1,671,nan
672,4,-1,1,-1,672,nan
673,4,-1,1,-1,673,nan
674,4,-1,1,-1,674,nan
675,4,-1,1,-1,675,nan
676,4,-1,1,-1,676,nan
677,4,-1,1,-1,677,nan
678,4,-1,1,-1,678,nan
679,4,-1,1,-1,679,nan
680,4,-1,1,-1,680,nan
681,4,-1,1,-1,681,nan
682,4,-1,1,-1,682,nan
683,4,-1,5,-1,685,nan
684,4,-1,1,-1,684,nan
685,4,-1,2,-1,683,nan
686,4,-1,1,-1,686,nan
687,4,-1,1,-1,687,nan
688,4,-1,1,-1,688,nan
689,4,-1,1,-1,689,nan
690,4,-1,1,-1,690,nan
691,4,-1,1,-1,691,nan
692,4,-1,1,-1,692,nan
693,4,-1,1,-1,693,nan
694,4,-1,1,-1,694,nan
695,4,-1,1,-1,695,nan
696,4,-1,1,-1,696,nan
697,4,-1,1,-1,697,nan
698,4,-1,1,-1,698,nan
699,4,-1,1,-1,699,nan
700,4,-1,1,-1,700,nan
701,4,-1,1,-1,701,nan
702,4,-1,1,-1,702,nan
703,4,-1,1,-1,703,nan
704,4,-1,1,-1,704,nan
705,4,-1,1,-1,705,nan
706,4,-1,1,-1,706,nan
707,4,-1,1,-1,707,nan
708,4,-1,1,-1,708,nan
709,4,-1,1,-1,709,nan
710,4,-1,1,-1,710,nan
711,4,-1,3,-1,440,nan
712,4,-1,1,-1,712,nan
713,4,-1,1,-1,713,nan
714,4,-1,1,-1,714,nan
715,4,-1,2,-1,622,nan
716,4,-1,1,-1,716,nan
717,4,-1,1,-1,717,nan
718,4,-1,1,-1,718,nan
719,4,-1,1,-1,719,nan
720,4,-1,1,-1,720,nan
721,4,-1,1,-1,721,nan
722,4,-1,1,-1,722,nan
723,4,-1,1,-1,723,nan
724,4,-1,1,-1,724,nan
725,4,-1,1,-1,725,nan
726,4,-1,1,-1,726,nan
727,4,-1,1,-1,727,nan
728,4,-1,1,-1,728,nan
729,4,-1,1,-1,729,nan
730,4,-1,1,-1,730,nan
731,4,-1,1,-1,731,nan
732,4,-1,1,-1,732,nan
733,4,-1,1,-1,733,nan
734,4,-1,1,-1,734,nan
735,4,-1,1,-1,735,nan
736,4,-1,1,-1,736,nan
737,4,-1,1,-1,737,nan
738,4,-1,1,-1,738,nan
739,4,-1,1,-1,739,nan
740,4,-1,1,-1,740,nan
741,4,-1,1,-1,741,nan
742,4,-1,1,-1,742,nan
743,4,-1,1,-1,743,nan
744,4,-1,1,-1,744,nan
745,4,-1,1,-1,745,nan
746,4,-1,1,-1,746,nan
747,4,-1,1,-1,747,nan
748,4,-1,1,-1,748,nan
749,4,-1,1,-1,749,nan
750,4,-1,1,-1,750,nan
751,4,-1,1,-1,751,nan
752,4,-1,1,-1,752,nan
753,4,-1,1,-1,753,nan
754,4,-1,1,-1,754,nan
755,4,-1,1,-1,755,nan
756,4,-1,5,-1,277,nan
757,4,-1,1,-1,757,nan
758,4,-1,1,-1,758,nan
759,4,-1,1,-1,759,nan
760,4,-1,1,-1,760,nan
761,4,-1,1,-1,761,nan
762,4,-1,1,-1,762,nan
763,4,-1,1,-1,763,nan
764,4,-1,1,-1,764,nan
765,4,-1,1,-1,765,nan
766,4,-1,1,-1,766,nan
767,4,-1,1,-1,767,nan
768,4,-1,1,-1,768,nan
769,4,-1,1,-1,769,nan
770,4,-1,1,-1,770,nan
771,4,-1,1,-1,771,nan
772,4,-1,1,-1,772,nan
773,4,-1,1,-1,773,nan
774,4,-1,1,-1,774,nan
775,4,-1,2,-1,234,nan
776,4,-1,1,-1,776,nan
777,4,-1,1,-1,777,nan
778,4,-1,1,-1,778,nan
779,4,-1,1,-1,779,nan
780,4,-1,1,-1,780,nan
781,4,-1,1,-1,781,nan
782,4,-1,1,-1,782,nan
783,4,-1,1,-1,783,nan
784,4,-1,3,-1,707,nan
785,4,-1,1,-1,785,nan
786,4,-1,1,-1,786,nan
787,4,-1,1,-1,787,nan
788,4,-1,1,-1,788,nan
789,4,-1,1,-1,789,nan
790,4,-1,1,-1,790,nan
791,4,-1,1,-1,791,nan
792,4,-1,1,-1,792,nan
793,4,-1,1,-1,793,nan
794,4,-1,1,-1,794,nan
795,4,-1,1,-1,795,nan
796,4,-1,1,-1,796,nan
797,4,-1,1,-1,797,nan
798,4,-1,1,-1,798,nan
799,4,-1,1,-1,799,nan
800,4,-1,1,-1,800,nan
801,4,-1,1,-1,801,nan
802,4,-1,1,-1,802,nan
803,4,-1,1,-1,803,nan
804,4,-1,1,-1,804,nan
805,4,-1,1,-1,805,nan
806,4,-1,1,-1,806,nan
807,4,-1,4,-1,619,nan
808,4,-1,1,-1,808,nan
809,4,-1,1,-1,809,nan
810,4,-1,1,-1,810,nan
811,4,-1,1,-1,811,nan
812,4,-1,1,-1,812,nan
813,4,-1,1,-1,813,nan
814,4,-1,2,-1,403,nan
815,4,-1,1,-1,815,nan
816,4,-1,1,-1,816,nan
817,4,-1,1,-1,817,nan
818,4,-1,1,-1,818,nan
819,4,-1,1,-1,819,nan
820,4,-1,1,-1,820,nan
821,4,-1,1,-1,821,nan
822,4,-1,1,-1,822,nan
823,4,-1,1,-1,823,nan
824,4,-1,1,-1,824,nan
825,4,-1,1,-1,825,nan
826,4,-1,1,-1,826,nan
827,4,-1,1,-1,827,nan
828,4,-1,1,-1,828,nan
829,4,-1,1,-1,829,nan
830,4,-1,1,-1,830,nan
831,4,-1,2,-1,208,nan
832,4,-1,1,-1,832,nan
833,4,-1,1,-1,833,nan
834,4,-1,1,-1,834,nan
835,4,-1,1,-1,835,nan
836,4,-1,1,-1,836,nan
837,4,-1,1,-1,837,nan
838,4,-1,1,-1,838,nan
839,4,-1,1,-1,839,nan
840,4,-1,1,-1,840,nan
841,4,-1,1,-1,841,nan
842,4,-1,1,-1,842,nan
843,4,-1,1,-1,843,nan
844,4,-1,1,-1,844,nan
845,4,-1,1,-1,845,nan
846,4,-1,1,-1,846,nan
847,4,-1,1,-1,847,nan
848,4,-1,1,-1,848,nan
849,4,-1,2,-1,460,nan
850,4,-1,1,-1,850,nan
851,4,-1,1,-1,851,nan
852,4,-1,2,-1,570,nan
853,4,-1,1,-1,853,nan
854,4,-1,1,-1,854,nan
855,4,-1,1,-1,855,nan
856,4,-1,1,-1,856,nan
857,4,-1,1,-1,857,nan
858,4,-1,1,-1,858,nan
859,4,-1,1,-1,859,nan
860,4,-1,1,-1,860,nan
861,4,-1,1,-1,861,nan
862,4,-1,1,-1,862,nan
863,4,-1,1,-1,863,nan
864,4,-1,1,-1,864,nan
865,4,-1,2,-1,89,nan
866,4,-1,1,-1,866,nan
867,4,-1,4,-1,423,nan
868,4,-1,1,-1,868,nan
869,4,-1,1,-1,869,nan
870,4,-1,1,-1,870,nan
871,4,-1,1,-1,871,nan
872,4,-1,1,-1,872,nan
873,4,-1,1,-1,873,nan
874,4,-1,1,-1,874,nan
875,4,-1,1,-1,875,nan
876,4,-1,1,-1,876,nan
877,4,-1,1,-1,877,nan
878,4,-1,2,-1,353,nan
879,4,-1,1,-1,879,nan
880,4,-1,1,-1,880,nan
881,4,-1,1,-1,881,nan
882,4,-1,1,-1,882,nan
883,4,-1,1,-1,883,nan
884,4,-1,1,-1,884,nan
885,4,-1,1,-1,885,nan
886,4,-1,6,-1,525,nan
887,4,-1,1,-1,887,nan
888,4,-1,1,-1,888,nan
889,4,-1,1,-1,889,nan
890,4,-1,1,-1,890,nan
891,4,-1,1,-1,891,nan
892,4,-1,1,-1,892,nan
893,4,-1,1,-1,893,nan
894,4,-1,1,-1,894,nan
895,4,-1,1,-1,895,nan
896,4,-1,1,-1,896,nan
897,4,-1,1,-1,897,nan
898,4,-1,1,-1,898,nan
899,4,-1,3,-1,736,nan
900,4,-1,1,-1,900,nan
901,4,-1,2,-1,193,nan
902,4,-1,2,-1,435,nan
903,4,-1,1,-1,903,nan
904,4,-1,1,-1,904,nan
905,4,-1,1,-1,905,nan
906,4,-1,1,-1,906,nan
907,4,-1,1,-1,907,nan
908,4,-1,1,-1,908,nan
909,4,-1,1,-1,909,nan
910,4,-1,1,-1,910,nan
911,4,-1,1,-1,911,nan
912,4,-1,1,-1,912,nan
913,4,-1,1,-1,913,nan
914,4,-1,1,-1,914,nan
915,4,-1,1,-1,915,nan
916,4,-1,1,-1,916,nan
917,4,-1,2,-1,970,nan
918,4,-1,1,-1,918,nan
919,4,-1,1,-1,919,nan
920,4,-1,1,-1,920,nan
921,4,-1,1,-1,921,nan
922,4,-1,1,-1,922,nan
923,4,-1,1,-1,923,nan
924,4,-1,1,-1,924,nan
925,4,-1,1,-1,925,nan
926,4,-1,1,-1,926,nan
927,4,-1,4,-1,709,nan
928,4,-1,1,-1,928,nan
929,4,-1,1,-1,929,nan
930,4,-1,1,-1,930,nan
931,4,-1,1,-1,931,nan
932,4,-1,1,-1,932,nan
933,4,-1,1,-1,933,nan
934,4,-1,1,-1,934,nan
935,4,-1,1,-1,935,nan
936,4,-1,1,-1,936,nan
937,4,-1,1,-1,937,nan
938,4,-1,1,-1,938,nan
939,4,-1,1,-1,939,nan
940,4,-1,1,-1,940,nan
941,4,-1,1,-1,941,nan
942,4,-1,1,-1,942,nan
943,4,-1,1,-1,943,nan
944,4,-1,1,-1,944,nan
945,4,-1,1,-1,945,nan
946,4,-1,1,-1,946,nan
947,4,-1,1,-1,947,nan
948,4,-1,1,-1,948,nan
949,4,-1,1,-1,949,nan
950,4,-1,1,-1,950,nan
951,4,-1,1,-1,951,nan
952,4,-1,2,-1,587,nan
953,4,-1,1,-1,953,nan
954,4,-1,1,-1,954,nan
955,4,-1,1,-1,955,nan
956,4,-1,2,-1,67,nan
957,4,-1,2,-1,916,nan
958,4,-1,1,-1,958,nan
959,4,-1,1,-1,959,nan
960,4,-1,1,-1,960,nan
961,4,-1,1,-1,961,nan
962,4,-1,1,-1,962,nan
963,4,-1,1,-1,963,nan
964,4,-1,1,-1,964,nan
965,4,-1,1,-1,965,nan
966,4,-1,1,-1,966,nan
967,4,-1,1,-1,967,nan
968,4,-1,1,-1,968,nan
969,4,-1,1,-1,969,nan
970,4,-1,1,-1,970,nan
971,4,-1,1,-1,971,nan
972,4,-1,1,-1,972,nan
973,4,-1,1,-1,973,nan
974,4,-1,1,-1,974,nan
975,4,-1,1,-1,975,nan
976,4,-1,1,-1,976,nan
977,4,-1,1,-1,977,nan
978,4,-1,1,-1,978,nan
979,4,-1,1,-1,979,nan
980,4,-1,1,-1,980,nan
981,4,-1,3,-1,953,nan
982,4,-1,3,-1,489,nan
983,4,-1,1,-1,983,nan
984,4,-1,1,-1,984,nan
985,4,-1,1,-1,985,nan
986,4,-1,1,-1,986,nan
987,4,-1,1,-1,987,nan
988,4,-1,1,-1,988,nan
989,4,-1,1,-1,989,nan
990,4,-1,1,-1,990,nan
991,4,-1,1,-1,991,nan
992,4,-1,1,-1,992,nan
993,4,-1,1,-1,993,nan
994,4,-1,1,-1,994,nan
995,4,-1,1,-1,995,nan
996,4,-1,1,-1,996,nan
997,4,-1,1,-1,997,nan
998,4,-1,1,-1,998,nan
999,4,-1,1,-1,999,nan
1000,4,-1,1,-1,1000,nan
