cop,run,in_set,rank,set_size,lowest_loss_cop,final_pvalue
1,0,1,1,1,1,0.012500
2,0,0,450,1,533,0.003500
3,0,0,194,5,24,0.067500
4,0,0,140,26,320,0.059000
5,0,1,1,4,5,0.237000
6,0,0,38,3,741,0.444000
7,0,0,36,74,340,0.054000
8,0,0,36,11,620,0.064000
9,0,1,2,2,603,0.173500
10,0,0,484,10,199,0.055500
11,0,0,90,7,565,0.189500
12,0,0,159,7,98,0.091500
13,0,0,40,7,724,0.072000
14,0,0,39,31,504,0.059000
15,0,0,45,9,504,0.051000
16,0,0,93,8,335,0.092500
17,0,0,157,7,629,0.057000
18,0,1,4,11,603,0.066500
19,0,0,30,1,666,0.028000
20,0,0,257,73,739,0.055000
21,0,0,786,12,378,0.212500
22,0,1,1,3,22,0.315000
23,0,0,108,5,741,0.061000
24,0,0,28,1,37,0.008000
25,0,0,18,12,64,0.074500
26,0,0,761,14,37,0.063000
27,0,0,111,4,24,0.093000
28,0,0,123,88,681,0.052000
29,0,0,372,35,767,0.050500
30,0,0,48,4,741,0.101000
31,0,0,15,8,134,0.151000
32,0,0,20,2,642,0.095500
33,0,0,710,27,792,0.056500
34,0,0,141,4,924,0.118000
35,0,0,132,22,430,0.072000
36,0,0,169,1,191,0.000000
37,0,0,38,4,24,0.051000
38,0,0,500,7,504,0.050000
39,0,0,490,15,256,0.066000
40,0,0,51,13,565,0.068500
41,0,0,268,4,647,0.088000
42,0,0,135,69,603,0.059000
43,0,0,90,15,603,0.055000
44,0,0,149,28,603,0.050000
45,0,0,93,10,189,0.225000
46,0,0,253,7,504,0.051500
47,0,0,13,2,534,0.067000
48,0,0,68,18,9,0.104500
49,0,0,90,2,924,0.080000
50,0,0,41,25,502,0.051500
51,0,0,397,39,590,0.052500
52,0,0,738,104,704,0.059000
53,0,0,52,1,504,0.018000
54,0,0,21,1,191,0.013000
55,0,1,441,63,739,0.055000
56,0,0,7,3,924,0.089500
57,0,0,119,45,644,0.050500
58,0,1,1,1,58,0.014000
59,0,0,32,4,656,0.050500
60,0,1,47,3,22,0.137000
61,0,0,63,11,37,0.059000
62,0,0,263,34,620,0.050000
63,0,1,311,85,681,0.052000
64,0,0,101,6,799,0.150000
65,0,0,14,7,603,0.050500
66,0,0,210,12,565,0.059000
67,0,1,9,18,127,0.053000
68,0,0,15,7,169,0.193000
69,0,1,6,22,603,0.057500
70,0,0,53,6,165,0.417500
71,0,1,10,29,934,0.053500
72,0,0,10,6,127,0.109500
73,0,0,40,52,80,0.050000
74,0,0,159,21,603,0.091000
75,0,0,752,34,515,0.050500
76,0,0,60,1,799,0.023500
77,0,1,2,12,504,0.056500
78,0,1,2,8,320,0.117500
79,0,1,1,5,79,0.196000
80,0,1,5,6,924,0.307000
81,0,0,104,33,470,0.050500
82,0,1,4,4,127,0.138000
83,0,0,236,14,624,0.051500
84,0,0,197,11,996,0.078500
85,0,0,15,7,799,0.056000
86,0,0,704,27,504,0.050500
87,0,0,66,1,647,0.019500
88,0,0,691,4,745,0.208000
89,0,1,11,9,637,0.083000
90,0,0,20,1,799,0.044000
91,0,0,39,30,249,0.052000
92,0,0,39,17,672,0.050000
93,0,0,127,1,223,0.014500
94,0,1,6,6,24,0.186500
95,0,0,18,26,80,0.052000
96,0,0,749,23,996,0.071000
97,0,0,161,2,782,0.053500
98,0,0,70,2,189,0.332500
99,0,0,8,4,666,0.052000
100,0,0,116,10,642,0.095500
101,0,1,2,32,855,0.053500
102,0,0,27,1,534,0.002000
103,0,1,4,4,782,0.258500
104,0,0,543,64,744,0.050000
105,0,0,367,2,79,0.401500
106,0,0,39,8,205,0.059500
107,0,0,38,22,320,0.056000
108,0,1,427,67,791,0.051500
109,0,0,193,10,378,0.084500
110,0,0,82,9,767,0.062500
111,0,1,1,3,111,0.087500
112,0,1,2,7,684,0.061000
113,0,0,293,9,308,0.064500
114,0,1,184,82,704,0.056000
115,0,0,60,8,656,0.055500
116,0,0,13,2,189,0.260500
117,0,0,46,3,850,0.714500
118,0,0,68,10,335,0.054500
119,0,0,635,11,189,0.060000
120,0,1,8,14,378,0.070000
121,0,0,35,3,37,0.063000
122,0,1,424,81,809,0.051500
123,0,0,453,18,724,0.050500
124,0,0,192,133,767,0.052000
125,0,0,278,4,874,0.442000
126,0,0,163,3,169,0.236000
127,0,1,5,10,378,0.057500
128,0,1,141,112,340,0.057500
129,0,1,261,38,924,0.054500
130,0,0,5,5,768,0.068000
131,0,1,26,34,934,0.059500
132,0,1,48,15,223,0.051000
133,0,0,39,3,379,0.072000
134,0,1,1,2,134,0.223000
135,0,0,136,33,351,0.057500
136,0,0,102,1,422,0.023000
137,0,0,294,26,233,0.052500
138,0,0,67,13,621,0.054500
139,0,1,1,1,139,0.000000
140,0,0,13,10,308,0.061000
141,0,0,3,2,504,0.196500
142,0,0,149,19,642,0.054000
143,0,0,26,13,621,0.057000
144,0,0,638,7,169,0.091500
145,0,0,142,2,533,0.068500
146,0,0,178,29,504,0.051000
147,0,0,52,9,642,0.103500
148,0,0,518,44,749,0.052000
149,0,0,615,7,629,0.065500
150,0,0,8,1,782,0.000000
151,0,0,405,47,791,0.050500
152,0,1,15,18,444,0.072500
153,0,1,407,93,739,0.050000
154,0,0,224,9,657,0.081500
155,0,0,111,28,430,0.053000
156,0,0,202,6,565,0.196000
157,0,1,21,21,320,0.089500
158,0,0,859,52,124,0.057500
159,0,0,133,12,656,0.053000
160,0,0,212,24,621,0.051000
161,0,0,109,20,911,0.052500
162,0,0,180,5,37,0.117500
163,0,0,714,11,504,0.057000
164,0,0,197,18,973,0.050500
165,0,1,9,20,348,0.062500
166,0,0,235,24,57,0.058500
167,0,0,124,33,80,0.054000
168,0,0,5,1,58,0.016000
169,0,1,1,3,169,0.068500
170,0,0,255,2,642,0.051000
171,0,0,25,4,647,0.053500
172,0,0,109,3,191,0.597500
173,0,1,4,18,498,0.050000
174,0,0,368,8,565,0.050000
175,0,0,183,15,345,0.055000
176,0,0,176,52,627,0.053000
177,0,0,30,16,272,0.052000
178,0,0,489,4,647,0.052500
179,0,0,494,4,519,0.095500
180,0,0,293,31,37,0.051000
181,0,0,266,1,382,0.012500
182,0,0,518,37,671,0.053000
183,0,1,9,12,379,0.051500
184,0,0,25,4,924,0.089000
185,0,0,9,4,741,0.205000
186,0,0,25,8,127,0.071000
187,0,0,31,1,741,0.012500
188,0,0,393,1,169,0.019000
189,0,1,1,2,189,0.939500
190,0,0,87,6,767,0.462500
191,0,1,1,1,191,0.000000
192,0,0,30,18,430,0.062000
193,0,1,5,19,498,0.050500
194,0,1,7,10,127,0.390500
195,0,0,164,9,378,0.052000
196,0,0,85,12,505,0.056500
197,0,1,108,30,505,0.050000
198,0,1,6,8,504,0.055500
199,0,1,1,5,199,0.099500
200,0,0,285,92,340,0.051000
201,0,0,34,1,629,0.047500
202,0,1,2,13,80,0.092500
203,0,1,8,22,272,0.058000
204,0,0,338,11,24,0.055500
205,0,1,2,5,191,0.078500
206,0,1,4,7,58,0.079000
207,0,0,638,59,320,0.055500
208,0,0,843,6,169,0.132500
209,0,0,53,2,799,0.052500
210,0,1,13,10,430,0.052000
211,0,0,34,5,554,0.062000
212,0,0,369,20,504,0.055000
213,0,0,41,9,54,0.056000
214,0,1,11,28,80,0.063000
215,0,0,23,21,237,0.058500
216,0,0,826,13,378,0.053000
217,0,0,651,131,565,0.051000
218,0,1,26,64,340,0.060500
219,0,1,4,14,745,0.128000
220,0,0,48,50,659,0.053000
221,0,0,519,18,127,0.130500
222,0,0,204,4,647,0.338000
223,0,1,4,9,819,0.050000
224,0,0,298,35,678,0.054000
225,0,1,4,4,237,0.129500
226,0,1,8,14,505,0.051000
227,0,1,18,21,875,0.073000
228,0,0,88,1,782,0.001000
229,0,0,29,7,58,0.070500
230,0,0,843,27,315,0.052000
231,0,0,26,13,620,0.064500
232,0,0,44,23,1,0.189000
233,0,1,3,13,799,0.083000
234,0,0,269,1,629,0.019500
235,0,0,812,42,98,0.053000
236,0,0,11,9,806,0.077000
237,0,0,291,17,645,0.051000
238,0,0,7,2,799,0.080000
239,0,0,6,3,1,0.113500
240,0,1,23,48,183,0.054000
241,0,0,23,3,478,0.186000
242,0,0,9,8,124,0.053500
243,0,1,14,16,127,0.056000
244,0,0,356,37,908,0.058500
245,0,0,164,8,656,0.054000
246,0,0,359,37,565,0.052500
247,0,0,129,11,741,0.052000
248,0,0,23,12,973,0.050500
249,0,1,1,4,249,0.064500
250,0,0,166,124,644,0.054000
251,0,0,187,6,504,0.087500
252,0,0,146,24,249,0.060000
253,0,1,1,46,253,0.051500
254,0,1,2,13,82,0.053000
255,0,1,3,25,749,0.054500
256,0,0,58,1,169,0.012000
257,0,0,100,7,608,0.052000
258,0,0,678,4,565,0.230500
259,0,0,49,20,744,0.068000
260,0,0,177,4,875,0.052500
261,0,1,7,15,830,0.061000
262,0,0,14,4,799,0.175000
263,0,0,408,13,627,0.051000
264,0,0,8,4,189,0.089000
265,0,1,7,8,806,0.097500
266,0,0,646,49,657,0.056500
267,0,0,219,108,340,0.053000
268,0,0,56,4,565,0.057000
269,0,0,436,46,603,0.064000
270,0,0,326,11,603,0.054500
271,0,0,272,29,505,0.115500
272,0,0,65,5,124,0.079500
273,0,0,5,1,947,0.048000
274,0,0,58,12,165,0.060500
275,0,0,91,9,608,0.330500
276,0,0,191,7,58,0.051500
277,0,0,463,2,37,0.063500
278,0,1,152,11,656,0.058500
279,0,0,186,37,124,0.053000
280,0,0,591,15,799,0.050000
281,0,0,415,89,502,0.057500
282,0,0,113,10,565,0.075500
283,0,1,31,36,111,0.056000
284,0,0,224,11,189,0.053000
285,0,0,146,3,191,0.983500
286,0,0,264,16,767,0.054500
287,0,0,894,4,504,0.055500
288,0,0,406,12,565,0.053000
289,0,0,73,31,320,0.060000
290,0,0,523,32,799,0.050000
291,0,1,482,89,767,0.051500
292,0,0,43,34,603,0.059000
293,0,0,265,5,799,0.102000
294,0,0,722,4,799,0.117500
295,0,0,533,47,98,0.051000
296,0,0,208,2,996,0.578000
297,0,0,23,6,505,0.233500
298,0,0,18,2,554,0.100000
299,0,0,15,4,634,0.244500
300,0,0,373,51,504,0.050500
301,0,0,509,16,98,0.064500
302,0,0,28,30,934,0.059500
303,0,0,43,5,744,0.070000
304,0,1,5,10,58,0.053000
305,0,1,918,96,669,0.050000
306,0,0,514,1,647,0.018500
307,0,1,11,13,608,0.137000
308,0,0,657,3,608,0.072000
309,0,0,52,4,666,0.051500
310,0,0,105,9,565,0.055000
311,0,0,151,1,947,0.008000
312,0,0,225,7,565,0.058000
313,0,1,164,129,668,0.053000
314,0,0,9,2,996,0.213000
315,0,1,1,2,315,0.287500
316,0,0,552,56,37,0.054000
317,0,0,22,1,320,0.038500
318,0,0,132,46,999,0.051000
319,0,0,80,12,249,0.090500
320,0,1,2,2,642,0.469500
321,0,1,14,17,378,0.060000
322,0,0,681,1,666,0.041000
323,0,0,115,24,189,0.050500
324,0,0,951,53,792,0.055000
325,0,0,165,14,80,0.062500
326,0,1,542,59,119,0.050000
327,0,0,602,35,257,0.051500
328,0,0,481,32,308,0.051500
329,0,0,17,8,603,0.057000
330,0,1,1,21,330,0.055000
331,0,0,133,21,512,0.059500
332,0,0,28,6,58,0.070500
333,0,1,783,103,799,0.053000
334,0,0,264,65,227,0.066500
335,0,1,1,11,335,0.053500
336,0,0,123,1,169,0.013000
337,0,0,3,1,37,0.013500
338,0,0,64,22,749,0.065000
339,0,0,163,11,72,0.107000
340,0,1,4,51,80,0.051000
341,0,0,259,1,666,0.015000
342,0,1,27,25,767,0.054000
343,0,1,4,4,256,0.059000
344,0,0,217,2,382,0.935000
345,0,0,214,1,647,0.006000
346,0,0,12,4,199,0.070500
347,0,0,57,1,191,0.000000
348,0,0,51,1,647,0.013000
349,0,0,2,1,169,0.041500
350,0,0,119,1,672,0.000000
351,0,0,146,2,874,0.293500
352,0,0,99,1,647,0.014000
353,0,0,68,11,920,0.054000
354,0,1,934,168,739,0.059500
355,0,0,39,9,378,0.072500
356,0,0,48,6,320,0.075000
357,0,1,22,37,627,0.052500
358,0,0,105,11,565,0.062000
359,0,0,260,11,724,0.073000
360,0,0,434,18,666,0.051500
361,0,1,11,16,335,0.073500
362,0,0,27,5,52,0.591500
363,0,1,31,25,724,0.050500
364,0,0,203,10,24,0.160500
365,0,0,543,32,504,0.052500
366,0,0,20,6,768,0.203000
367,0,0,15,2,533,0.099500
368,0,0,179,2,642,0.394000
369,0,0,194,3,24,0.057500
370,0,0,105,32,257,0.053000
371,0,0,545,75,227,0.061000
372,0,1,734,107,767,0.052000
373,0,0,59,74,202,0.062000
374,0,0,13,5,533,0.159000
375,0,0,468,61,80,0.051000
376,0,0,192,8,22,0.061500
377,0,0,50,4,634,0.238000
378,0,0,766,38,512,0.051000
379,0,1,2,8,603,0.118000
380,0,0,93,20,739,0.052500
381,0,0,660,28,996,0.052500
382,0,1,2,8,947,0.090500
383,0,0,161,6,724,0.137000
384,0,0,770,18,515,0.058500
385,0,0,54,4,799,0.173500
386,0,0,308,3,634,0.112500
387,0,0,262,11,22,0.050000
388,0,1,1,5,388,0.472500
389,0,0,131,5,603,0.159000
390,0,0,10,5,256,0.060500
391,0,0,101,5,671,0.059500
392,0,0,244,6,169,0.061500
393,0,1,17,32,80,0.055500
394,0,0,4,2,315,0.063000
395,0,0,63,15,249,0.053000
396,0,0,40,2,191,0.133500
397,0,0,46,13,72,0.074000
398,0,1,864,101,565,0.051000
399,0,0,82,9,374,0.069000
400,0,0,89,11,165,0.113000
401,0,0,194,71,454,0.051500
402,0,1,3,4,745,0.190500
403,0,1,9,20,504,0.050000
404,0,0,379,31,973,0.051000
405,0,0,552,8,799,0.061000
406,0,0,10,3,799,0.058500
407,0,0,280,4,565,0.218000
408,0,0,277,18,189,0.063500
409,0,0,231,5,22,0.063000
410,0,0,58,23,57,0.055000
411,0,0,52,7,189,0.076000
412,0,0,463,3,647,0.125000
413,0,0,150,9,24,0.116500
414,0,0,49,44,124,0.050000
415,0,0,215,30,504,0.053500
416,0,1,4,11,819,0.072500
417,0,0,26,1,799,0.029000
418,0,0,353,10,947,0.051500
419,0,0,215,37,739,0.054000
420,0,0,99,2,672,0.145500
421,0,0,14,9,98,0.050500
422,0,1,1,9,422,0.096000
423,0,0,299,28,505,0.068000
424,0,0,115,13,914,0.062500
425,0,0,93,32,505,0.052000
426,0,0,19,14,105,0.216000
427,0,0,22,1,947,0.033000
428,0,0,149,15,335,0.137500
429,0,0,16,7,634,0.093000
430,0,1,2,17,828,0.057000
431,0,0,13,4,403,0.068000
432,0,0,66,1,642,0.007500
433,0,1,2,2,124,0.609000
434,0,0,686,17,565,0.134500
435,0,0,36,10,498,0.068500
436,0,0,70,10,624,0.075500
437,0,0,31,1,320,0.005000
438,0,0,300,1,533,0.002000
439,0,1,3,19,934,0.051500
440,0,0,141,6,72,0.139000
441,0,0,436,33,502,0.050500
442,0,1,5,18,671,0.052500
443,0,1,8,16,430,0.167000
444,0,0,30,13,624,0.092500
445,0,0,67,13,603,0.053500
446,0,1,1,11,446,0.056500
447,0,1,41,16,272,0.050000
448,0,0,80,23,504,0.052000
449,0,1,8,15,744,0.050000
450,0,0,173,1,554,0.010500
451,0,0,607,19,480,0.148000
452,0,1,26,13,724,0.061000
453,0,0,49,7,22,0.064000
454,0,0,60,12,603,0.050500
455,0,1,61,29,80,0.051500
456,0,0,814,47,257,0.051500
457,0,0,40,4,191,0.068000
458,0,0,111,9,875,0.072500
459,0,0,33,1,666,0.024500
460,0,0,142,14,335,0.073000
461,0,0,7,3,768,0.286000
462,0,0,44,1,672,0.005500
463,0,0,139,2,806,0.102000
464,0,0,78,1,800,0.030000
465,0,0,161,6,505,0.117500
466,0,0,26,6,134,0.073000
467,0,0,12,2,741,0.913000
468,0,1,1,1,468,0.014000
469,0,0,68,7,410,0.079000
470,0,1,11,15,505,0.060500
471,0,0,12,2,124,0.243000
472,0,0,717,23,515,0.066000
473,0,0,140,1,189,0.014000
474,0,0,195,3,554,0.117500
475,0,1,137,79,588,0.052500
476,0,1,1,8,476,0.067000
477,0,0,31,23,620,0.052000
478,0,0,379,10,642,0.085000
479,0,0,7,1,642,0.004000
480,0,0,233,11,205,0.070000
481,0,0,247,5,533,0.050500
482,0,0,531,38,627,0.056500
483,0,0,214,9,799,0.078000
484,0,0,289,5,799,0.078000
485,0,0,498,7,806,0.162000
486,0,0,657,2,947,0.080500
487,0,0,740,6,647,0.060500
488,0,0,397,33,767,0.050000
489,0,0,209,10,554,0.060000
490,0,0,443,29,403,0.052500
491,0,0,416,72,908,0.051000
492,0,0,633,7,378,0.109000
493,0,1,2,19,476,0.062500
494,0,0,12,5,914,0.056500
495,0,0,112,11,799,0.068500
496,0,0,114,4,656,0.210500
497,0,0,184,32,439,0.052000
498,0,1,4,22,749,0.053500
499,0,1,38,25,515,0.069000
500,0,0,30,1,37,0.001000
501,0,0,42,9,684,0.097000
502,0,1,11,25,512,0.050500
503,0,0,399,28,642,0.053000
504,0,1,1,18,504,0.050000
505,0,1,1,6,505,0.232000
506,0,0,247,10,806,0.065000
507,0,0,818,37,671,0.065000
508,0,1,17,18,678,0.069000
509,0,0,915,15,515,0.056500
510,0,0,14,1,139,0.002000
511,0,1,199,105,965,0.053500
512,0,0,27,8,22,0.050000
513,0,0,168,34,603,0.059000
514,0,0,52,13,684,0.052500
515,0,1,4,15,799,0.067500
516,0,0,34,1,191,0.002000
517,0,0,129,8,656,0.108000
518,0,0,355,17,749,0.065000
519,0,0,10,1,534,0.025500
520,0,0,20,8,37,0.074500
521,0,0,35,4,799,0.132000
522,0,1,3,6,379,0.093000
523,0,0,4,1,647,0.042500
524,0,0,14,16,505,0.054500
525,0,0,481,5,350,0.064500
526,0,1,5,10,749,0.055000
527,0,0,55,1,191,0.046000
528,0,1,201,93,219,0.050000
529,0,0,466,24,37,0.051500
530,0,0,83,1,199,0.035500
531,0,0,76,43,627,0.064500
532,0,1,379,38,704,0.056500
533,0,0,5,1,534,0.000000
534,0,1,7,8,634,0.133000
535,0,0,970,38,657,0.051000
536,0,1,4,5,666,0.077500
537,0,0,364,17,378,0.084500
538,0,1,10,20,335,0.065500
539,0,0,119,28,657,0.051000
540,0,0,20,7,127,0.071000
541,0,0,256,28,37,0.060000
542,0,1,1,2,542,0.051000
543,0,0,572,102,791,0.054000
544,0,0,156,76,863,0.053000
545,0,1,761,23,627,0.054500
546,0,0,21,5,504,0.050500
547,0,0,94,9,565,0.093000
548,0,0,162,17,768,0.062500
549,0,0,655,86,669,0.057500
550,0,0,94,2,672,0.948500
551,0,0,345,29,876,0.053500
552,0,0,200,17,832,0.072500
553,0,0,196,6,634,0.081000
554,0,1,1,1,554,0.018500
555,0,0,40,10,957,0.058500
556,0,0,28,12,603,0.057500
557,0,0,700,9,378,0.052500
558,0,0,56,1,58,0.016500
559,0,0,689,12,996,0.056500
560,0,0,783,41,704,0.051500
561,0,0,149,48,791,0.053500
562,0,1,3,4,924,0.056000
563,0,0,444,2,947,0.453000
564,0,0,247,56,454,0.057000
565,0,1,2,4,799,0.149500
566,0,1,8,18,72,0.059500
567,0,0,318,8,189,0.057000
568,0,1,43,26,524,0.058000
569,0,0,758,17,637,0.051500
570,0,0,521,33,515,0.050000
571,0,0,142,48,627,0.054000
572,0,1,5,28,565,0.051500
573,0,0,223,34,504,0.053500
574,0,0,338,24,515,0.058000
575,0,1,3,6,935,0.052500
576,0,0,161,1,642,0.042000
577,0,0,214,2,533,0.376500
578,0,0,818,106,799,0.055500
579,0,0,422,9,127,0.083500
580,0,0,571,7,58,0.097500
581,0,0,118,11,346,0.081500
582,0,0,645,1,666,0.012500
583,0,0,769,76,621,0.050000
584,0,0,254,15,98,0.053500
585,0,0,80,12,996,0.052000
586,0,1,2,38,68,0.050500
587,0,0,466,7,72,0.071000
588,0,0,34,6,565,0.055000
589,0,0,372,9,996,0.055500
590,0,1,2,6,924,0.066000
591,0,1,6,14,704,0.073500
592,0,1,3,4,249,0.070000
593,0,0,205,18,749,0.159500
594,0,0,386,7,647,0.347500
595,0,0,59,5,799,0.136500
596,0,0,93,11,519,0.084500
597,0,0,54,7,505,0.058000
598,0,0,12,5,634,0.090500
599,0,0,140,30,88,0.053000
600,0,0,308,11,554,0.097500
601,0,0,297,5,72,0.157000
602,0,0,206,5,799,0.404500
603,0,1,1,1,603,0.011500
604,0,0,61,17,335,0.125000
605,0,0,248,13,88,0.075500
606,0,0,474,6,647,0.052000
607,0,0,273,2,315,0.203000
608,0,0,2,1,924,0.017500
609,0,0,840,14,127,0.117000
610,0,1,457,146,572,0.051000
611,0,0,75,6,505,0.100000
612,0,0,9,3,744,0.085500
613,0,0,204,2,799,0.101000
614,0,0,357,19,22,0.051000
615,0,1,2,6,498,0.060000
616,0,0,299,2,799,0.078000
617,0,0,147,6,378,0.055500
618,0,0,238,31,657,0.068500
619,0,0,42,11,282,0.053500
620,0,0,80,1,37,0.013500
621,0,1,2,2,223,0.469000
622,0,0,226,18,320,0.059000
623,0,0,434,1,806,0.045000
624,0,1,7,11,169,0.067000
625,0,0,290,10,374,0.050000
626,0,0,53,11,656,0.151000
627,0,1,3,15,603,0.058000
628,0,0,33,1,191,0.001000
629,0,0,15,6,850,0.127000
630,0,0,64,10,498,0.088000
631,0,0,315,7,374,0.064000
632,0,1,30,33,320,0.053500
633,0,0,65,16,692,0.056000
634,0,0,3,1,24,0.001500
635,0,0,16,5,72,0.066500
636,0,0,193,36,996,0.083500
637,0,0,996,52,657,0.052500
638,0,0,316,1,647,0.033000
639,0,0,214,8,741,0.068500
640,0,0,293,1,666,0.022000
641,0,0,60,4,647,0.087000
642,0,1,11,25,603,0.058500
643,0,0,64,1,647,0.000000
644,0,0,84,11,565,0.058500
645,0,1,4,9,973,0.081000
646,0,0,16,1,666,0.002000
647,0,1,1,1,647,0.013000
648,0,0,823,3,666,0.075000
649,0,0,274,16,22,0.055500
650,0,0,8,5,169,0.061000
651,0,0,318,49,471,0.053500
652,0,0,8,1,782,0.011500
653,0,0,23,12,713,0.177000
654,0,0,300,4,533,0.394000
655,0,1,2,10,603,0.115500
656,0,0,24,3,947,0.574500
657,0,1,1,1,657,0.008500
658,0,0,273,6,565,0.403500
659,0,1,9,19,934,0.052500
660,0,0,25,17,684,0.060500
661,0,0,285,49,320,0.051500
662,0,0,61,1,947,0.027000
663,0,0,381,34,119,0.054500
664,0,0,83,7,647,0.746000
665,0,0,270,19,498,0.051000
666,0,1,6,8,5,0.068000
667,0,0,180,9,642,0.050500
668,0,1,10,28,603,0.064000
669,0,1,1,2,669,0.062000
670,0,0,70,7,704,0.073000
671,0,1,2,49,627,0.058000
672,0,1,1,1,672,0.007000
673,0,0,22,3,382,0.677500
674,0,1,10,183,51,0.052500
675,0,0,275,1,189,0.047500
676,0,0,91,14,603,0.056000
677,0,0,452,8,767,0.064500
678,0,0,5,1,799,0.020500
679,0,0,639,7,768,0.051000
680,0,0,7,3,947,0.110500
681,0,0,31,1,947,0.030000
682,0,0,9,5,504,0.101500
683,0,0,164,12,256,0.055000
684,0,1,3,7,647,0.066500
685,0,1,29,10,72,0.095000
686,0,0,33,2,533,0.075000
687,0,1,6,17,739,0.052500
688,0,1,28,35,749,0.073000
689,0,1,1,3,689,0.303500
690,0,0,243,18,223,0.052000
691,0,0,205,7,534,0.055000
692,0,0,2,1,498,0.033000
693,0,1,2,2,947,0.485000
694,0,0,191,9,378,0.060000
695,0,1,28,35,855,0.057500
696,0,1,7,14,105,0.197000
697,0,0,75,13,127,0.058500
698,0,0,868,110,792,0.050500
699,0,1,139,58,924,0.050000
700,0,0,13,6,947,0.077000
701,0,1,261,73,202,0.051000
702,0,0,8,7,510,0.051000
703,0,0,44,5,806,0.060000
704,0,1,2,7,739,0.199000
705,0,0,906,71,999,0.052500
706,0,1,52,14,378,0.050500
707,0,0,199,17,480,0.067500
708,0,1,9,16,335,0.063500
709,0,0,417,19,739,0.051500
710,0,0,73,1,189,0.017000
711,0,0,219,4,782,0.065000
712,0,0,50,13,395,0.063000
713,0,0,11,1,647,0.005500
714,0,0,392,1,666,0.005500
715,0,0,471,25,914,0.050500
716,0,0,337,9,238,0.133500
717,0,0,25,19,642,0.054500
718,0,0,11,11,98,0.051000
719,0,0,887,81,669,0.053500
720,0,1,19,17,914,0.059500
721,0,0,45,25,504,0.052000
722,0,0,200,22,724,0.053500
723,0,0,75,2,666,0.054500
724,0,1,1,9,724,0.055000
725,0,0,26,18,684,0.062000
726,0,0,147,16,515,0.052000
727,0,0,23,14,603,0.054500
728,0,0,18,6,565,0.173500
729,0,0,37,1,647,0.000000
730,0,0,6,5,973,0.274000
731,0,1,2,2,642,0.074500
732,0,1,12,56,101,0.054000
733,0,0,170,93,590,0.050500
734,0,0,187,1,768,0.016500
735,0,0,437,21,603,0.094000
736,0,1,48,45,227,0.061500
737,0,0,130,5,223,0.073500
738,0,0,825,20,98,0.054000
739,0,1,1,1,739,0.025000
740,0,0,41,5,914,0.209500
741,0,1,1,1,741,0.000000
742,0,0,560,16,911,0.050500
743,0,0,265,14,127,0.073000
744,0,0,14,2,656,0.767000
745,0,0,47,8,22,0.143500
746,0,1,4,7,799,0.080500
747,0,1,316,64,590,0.050000
748,0,0,177,3,24,0.101500
749,0,0,13,3,498,0.359000
750,0,1,2,9,105,0.059500
751,0,0,5,3,782,0.983000
752,0,0,18,1,656,0.019000
753,0,1,15,27,615,0.058000
754,0,0,17,3,379,0.190500
755,0,0,275,16,693,0.054000
756,0,0,254,41,620,0.052500
757,0,0,711,150,218,0.050000
758,0,0,16,1,844,0.003500
759,0,0,222,32,98,0.053500
760,0,1,209,115,752,0.050000
761,0,0,94,1,947,0.014500
762,0,0,386,10,22,0.076000
763,0,0,86,35,749,0.052500
764,0,0,353,1,191,0.001000
765,0,0,146,1,256,0.042500
766,0,1,57,43,502,0.057500
767,0,1,1,3,767,0.202500
768,0,0,39,9,58,0.090000
769,0,0,51,23,505,0.062500
770,0,1,4,9,22,0.059500
771,0,1,13,22,996,0.054500
772,0,0,26,2,103,0.057500
773,0,0,13,1,642,0.000000
774,0,0,18,1,534,0.004000
775,0,1,34,69,791,0.051500
776,0,0,168,7,886,0.072000
777,0,0,325,43,603,0.055000
778,0,0,222,12,335,0.109000
779,0,0,40,16,11,0.079500
780,0,0,223,16,642,0.059000
781,0,0,11,3,98,0.110000
782,0,1,1,1,782,0.000000
783,0,0,6,1,656,0.016000
784,0,0,307,2,519,0.292500
785,0,0,50,7,656,0.065500
786,0,0,278,11,378,0.055500
787,0,0,357,11,656,0.052500
788,0,0,49,9,947,0.051500
789,0,0,147,15,647,0.058000
790,0,1,381,65,795,0.054000
791,0,1,2,17,603,0.057000
792,0,0,299,16,666,0.061000
793,0,0,232,51,620,0.051000
794,0,0,29,3,536,0.431000
795,0,1,6,9,973,0.055500
796,0,0,42,18,320,0.050000
797,0,1,254,73,505,0.054000
798,0,0,94,16,603,0.051000
799,0,1,2,4,656,0.112000
800,0,1,7,9,749,0.052000
801,0,0,44,8,750,0.061500
802,0,0,41,13,624,0.060000
803,0,0,42,19,523,0.055000
804,0,0,54,4,37,0.129500
805,0,0,31,17,249,0.052000
806,0,0,4,2,666,0.066500
807,0,0,73,20,504,0.058500
808,0,1,956,90,745,0.054500
809,0,0,53,1,799,0.027000
810,0,0,101,7,308,0.093000
811,0,0,407,32,647,0.053500
812,0,1,813,37,98,0.055500
813,0,0,841,101,340,0.050000
814,0,0,149,6,1,0.154500
815,0,0,797,46,98,0.052500
816,0,0,24,10,80,0.084500
817,0,1,7,13,666,0.058500
818,0,0,187,1,647,0.001500
819,0,0,714,7,799,0.051500
820,0,0,284,32,470,0.057000
821,0,0,99,4,72,0.138500
822,0,1,12,11,603,0.062000
823,0,0,4,1,799,0.023500
824,0,0,196,4,320,0.120500
825,0,0,150,3,534,0.104000
826,0,0,115,15,533,0.066000
827,0,0,192,4,79,0.440000
828,0,1,7,9,505,0.050500
829,0,0,243,17,724,0.081000
830,0,1,1,10,830,0.073000
831,0,0,457,46,264,0.051000
832,0,1,2,4,320,0.088500
833,0,0,73,16,189,0.058000
834,0,0,584,2,634,0.257000
835,0,1,161,149,488,0.051500
836,0,0,110,1,799,0.017000
837,0,0,87,42,202,0.052500
838,0,0,85,8,403,0.087500
839,0,0,64,5,189,0.070500
840,0,0,185,14,643,0.057000
841,0,1,9,21,335,0.066000
842,0,0,42,7,746,0.118000
843,0,0,12,5,844,0.088500
844,0,1,1,1,844,0.002000
845,0,0,589,12,806,0.053000
846,0,0,29,6,799,0.060500
847,0,1,187,21,468,0.054500
848,0,1,51,94,454,0.052500
849,0,0,67,2,533,0.387500
850,0,1,1,12,850,0.082500
851,0,1,12,63,603,0.053000
852,0,0,44,7,72,0.075000
853,0,0,138,1,533,0.000000
854,0,0,409,6,199,0.085000
855,0,0,23,21,642,0.050000
856,0,0,20,4,22,0.058000
857,0,0,781,119,791,0.051500
858,0,0,807,21,505,0.051000
859,0,0,176,81,340,0.050500
860,0,0,25,7,724,0.067500
861,0,0,176,38,565,0.058500
862,0,0,166,11,505,0.059500
863,0,0,220,3,534,0.370500
864,0,0,972,49,957,0.056000
865,0,0,566,8,52,0.055000
866,0,0,52,23,345,0.083000
867,0,0,268,80,227,0.050000
868,0,0,544,5,666,0.289500
869,0,1,21,22,379,0.050500
870,0,1,3,14,98,0.055500
871,0,0,58,1,642,0.005000
872,0,0,37,7,671,0.057000
873,0,0,809,18,666,0.055000
874,0,0,6,5,169,0.065000
875,0,1,3,5,634,0.072000
876,0,0,52,28,249,0.050500
877,0,0,619,29,565,0.053000
878,0,0,44,14,642,0.073000
879,0,0,99,30,627,0.064500
880,0,0,101,44,395,0.065000
881,0,0,156,17,666,0.052000
882,0,0,465,13,382,0.057000
883,0,0,15,2,223,0.083000
884,0,0,22,7,624,0.170000
885,0,1,57,16,908,0.083000
886,0,1,1,6,886,0.172500
887,0,0,239,44,98,0.051500
888,0,0,1000,48,504,0.052000
889,0,0,52,8,874,0.079000
890,0,0,438,60,752,0.052500
891,0,0,195,34,934,0.052000
892,0,0,422,13,515,0.051500
893,0,0,706,68,98,0.057000
894,0,0,110,3,315,0.084500
895,0,1,6,6,105,0.138500
896,0,0,9,8,378,0.065000
897,0,0,111,4,519,0.105500
898,0,0,248,13,199,0.053000
899,0,0,187,2,533,0.091500
900,0,0,48,11,461,0.055500
901,0,0,134,24,379,0.072500
902,0,0,24,11,422,0.057000
903,0,0,166,23,947,0.056000
904,0,0,747,5,565,0.071000
905,0,0,6,1,79,0.001500
906,0,0,14,9,205,0.079500
907,0,1,24,29,627,0.058500
908,0,1,15,11,505,0.066000
909,0,0,113,14,693,0.051000
910,0,0,32,43,908,0.051500
911,0,1,4,13,620,0.061000
912,0,0,5,3,238,0.073500
913,0,0,17,2,533,0.051000
914,0,1,1,3,914,0.085500
915,0,0,23,8,505,0.050500
916,0,0,18,7,189,0.160000
917,0,0,242,1,642,0.022000
918,0,1,420,59,870,0.051000
919,0,1,4,6,58,0.057000
920,0,0,10,2,603,0.055500
921,0,0,46,8,504,0.051500
922,0,0,43,3,647,0.204000
923,0,0,83,8,666,0.077500
924,0,1,1,1,924,0.030500
925,0,0,73,15,515,0.169500
926,0,0,674,10,724,0.060500
927,0,0,59,18,621,0.055000
928,0,0,12,1,58,0.013500
929,0,0,105,6,947,0.078000
930,0,0,207,5,565,0.051500
931,0,0,90,23,320,0.050000
932,0,0,29,5,924,0.076000
933,0,0,9,4,22,0.056500
934,0,0,5,5,603,0.056000
935,0,1,4,11,430,0.131000
936,0,0,147,14,672,0.066000
937,0,0,18,8,684,0.083000
938,0,0,182,5,799,0.177500
939,0,1,217,51,77,0.050500
940,0,0,384,11,1,0.054500
941,0,0,281,4,533,0.237500
942,0,0,150,30,603,0.062500
943,0,0,145,4,72,0.096500
944,0,1,3,19,504,0.052500
945,0,1,209,42,253,0.053500
946,0,1,52,6,745,0.214500
947,0,1,1,1,947,0.003000
948,0,0,34,9,850,0.058000
949,0,1,127,74,202,0.051000
950,0,0,20,11,127,0.056000
951,0,0,311,3,666,0.068500
952,0,0,326,30,512,0.067000
953,0,0,609,6,679,0.070000
954,0,1,309,85,357,0.050000
955,0,0,94,1,647,0.019000
956,0,0,30,2,378,0.673000
957,0,0,141,2,666,0.093000
958,0,0,43,1,58,0.017000
959,0,0,464,7,669,0.050000
960,0,0,899,22,792,0.050000
961,0,0,18,7,767,0.060500
962,0,0,876,86,767,0.052000
963,0,0,61,4,624,0.092000
964,0,0,5,1,782,0.006000
965,0,1,6,5,744,0.054500
966,0,0,72,20,669,0.065000
967,0,0,790,17,98,0.065000
968,0,0,515,64,470,0.064500
969,0,1,5,12,72,0.053000
970,0,0,103,1,320,0.025000
971,0,1,3,4,350,0.059000
972,0,0,166,9,444,0.305500
973,0,1,1,2,973,0.103000
974,0,0,25,6,554,0.139500
975,0,0,126,38,603,0.052000
976,0,1,456,79,924,0.051500
977,0,0,981,37,461,0.054000
978,0,0,259,112,791,0.051000
979,0,0,633,51,454,0.051500
980,0,0,93,13,924,0.053500
981,0,1,797,76,767,0.052000
982,0,0,71,3,647,0.063500
983,0,0,240,1,647,0.016500
984,0,0,911,47,169,0.053000
985,0,1,521,117,768,0.058500
986,0,0,61,66,340,0.058500
987,0,1,55,29,973,0.054500
988,0,0,117,4,806,0.059500
989,0,0,33,6,656,0.146500
990,0,0,32,7,799,0.080000
991,0,0,146,10,666,0.075500
992,0,0,136,15,875,0.058000
993,0,0,51,9,505,0.127500
994,0,0,131,5,702,0.750500
995,0,0,235,9,806,0.227000
996,0,0,166,1,647,0.019000
997,0,0,282,5,565,0.166000
998,0,0,168,29,470,0.065500
999,0,0,229,5,565,0.070000
1000,0,0,365,10,724,0.077000
1,1,1,2,4,382,0.086000
2,1,0,271,1,533,0.016000
3,1,0,214,31,620,0.087500
4,1,0,155,55,914,0.052000
5,1,1,2,4,236,0.136500
6,1,0,139,8,724,0.090500
7,1,0,84,4,502,0.106000
8,1,0,184,6,169,0.104500
9,1,1,1,10,9,0.061000
10,1,0,601,69,791,0.050500
11,1,1,8,8,134,0.166500
12,1,0,359,91,80,0.050500
13,1,0,26,5,515,0.076500
14,1,0,44,6,693,0.139000
15,1,1,24,33,504,0.075500
16,1,0,79,12,335,0.056500
17,1,0,117,3,24,0.165000
18,1,0,100,16,22,0.053000
19,1,0,21,21,684,0.052000
20,1,0,389,78,799,0.052000
21,1,0,704,12,127,0.065000
22,1,0,62,5,745,0.116500
23,1,0,19,5,504,0.079500
24,1,0,11,4,169,0.374000
25,1,0,13,2,58,0.072500
26,1,0,218,66,669,0.050500
27,1,0,146,9,22,0.056500
28,1,0,117,8,795,0.060500
29,1,0,556,66,565,0.050000
30,1,0,55,1,536,0.017500
31,1,0,13,8,205,0.241000
32,1,0,330,6,24,0.072000
33,1,0,682,27,515,0.058500
34,1,0,274,4,947,0.052500
35,1,0,94,33,505,0.057500
36,1,0,46,4,914,0.364500
37,1,1,10,48,586,0.058500
38,1,0,270,1,799,0.037000
39,1,0,627,69,889,0.053000
40,1,0,82,29,828,0.058500
41,1,0,61,4,947,0.085000
42,1,0,421,51,119,0.054500
43,1,1,43,35,659,0.053000
44,1,0,94,17,320,0.055500
45,1,0,83,20,724,0.059000
46,1,0,298,16,504,0.058500
47,1,0,28,11,480,0.060500
48,1,0,239,15,249,0.051500
49,1,0,283,3,947,0.084500
50,1,0,9,6,134,0.054500
51,1,1,40,52,603,0.051500
52,1,0,982,23,433,0.055000
53,1,0,130,18,476,0.059500
54,1,1,1,14,54,0.066500
55,1,0,166,14,672,0.056000
56,1,0,40,22,238,0.063000
57,1,0,10,2,642,0.102500
58,1,1,1,1,58,0.017000
59,1,1,9,8,744,0.059000
60,1,0,51,1,22,0.019000
61,1,0,121,18,351,0.057000
62,1,0,386,3,534,0.103500
63,1,0,676,25,433,0.061000
64,1,0,110,10,799,0.147000
65,1,0,46,15,655,0.056500
66,1,0,342,13,684,0.079000
67,1,1,13,15,127,0.156000
68,1,1,2,18,627,0.058000
69,1,1,9,9,249,0.088500
70,1,0,39,12,24,0.064500
71,1,1,10,12,934,0.063500
72,1,1,1,1,72,0.006500
73,1,0,100,5,647,0.051500
74,1,0,107,22,603,0.064000
75,1,0,254,11,127,0.062500
76,1,0,45,2,799,0.064000
77,1,1,4,12,433,0.053000
78,1,0,75,6,191,0.060000
79,1,0,5,1,533,0.025500
80,1,0,138,5,744,0.054000
81,1,0,71,27,642,0.050000
82,1,0,960,25,37,0.056500
83,1,0,68,21,603,0.068000
84,1,0,676,24,924,0.058500
85,1,0,42,17,565,0.056000
86,1,0,523,12,799,0.053500
87,1,0,32,12,536,0.052000
88,1,0,646,5,746,0.075500
89,1,0,817,42,799,0.052500
90,1,0,3,1,947,0.007000
91,1,0,99,14,565,0.056500
92,1,0,58,3,947,0.073500
93,1,0,8,2,819,0.061000
94,1,1,8,7,24,0.061000
95,1,0,325,1,799,0.029500
96,1,0,760,47,504,0.051500
97,1,0,128,4,103,0.389000
98,1,0,11,11,565,0.092000
99,1,0,18,1,647,0.003000
100,1,0,492,107,999,0.052500
101,1,1,4,15,615,0.054500
102,1,0,69,13,335,0.082000
103,1,1,1,2,103,0.094000
104,1,1,103,167,488,0.050000
105,1,1,4,6,895,0.058500
106,1,0,20,11,205,0.051500
107,1,0,24,1,191,0.001000
108,1,0,714,81,791,0.052000
109,1,0,165,12,72,0.053500
110,1,0,60,10,767,0.054000
111,1,0,3,2,315,0.342000
112,1,1,3,7,523,0.063500
113,1,1,47,35,822,0.051500
114,1,0,346,15,704,0.056000
115,1,0,87,12,947,0.058000
116,1,0,181,8,799,0.052000
117,1,0,34,24,512,0.070000
118,1,0,70,20,480,0.160500
119,1,0,687,2,947,0.335500
120,1,0,398,14,565,0.107000
121,1,0,85,4,634,0.459000
122,1,1,365,67,657,0.052000
123,1,0,312,90,330,0.057000
124,1,1,1,14,124,0.054000
125,1,0,268,140,357,0.050500
126,1,1,5,5,256,0.231000
127,1,1,2,7,199,0.116500
128,1,0,259,2,647,0.429000
129,1,0,432,61,98,0.053500
130,1,0,82,4,799,0.057500
131,1,0,84,1,642,0.005500
132,1,0,47,3,315,0.203000
133,1,1,14,52,627,0.051500
134,1,1,2,2,554,0.637500
135,1,0,93,50,395,0.053000
136,1,0,133,12,320,0.067500
137,1,0,201,1,666,0.002500
138,1,0,120,5,223,0.343000
139,1,1,1,2,139,0.269000
140,1,0,729,17,219,0.050500
141,1,0,9,9,1,0.086500
142,1,0,131,3,519,0.769000
143,1,0,23,12,819,0.085500
144,1,0,397,1,666,0.009000
145,1,0,54,3,534,0.079000
146,1,0,269,3,799,0.147000
147,1,0,119,36,620,0.055000
148,1,0,232,12,914,0.084000
149,1,0,891,129,45,0.053000
150,1,0,7,1,782,0.001000
151,1,0,293,75,446,0.050500
152,1,0,15,10,24,0.072000
153,1,1,506,31,90,0.050000
154,1,0,240,10,666,0.052500
155,1,0,97,14,565,0.068500
156,1,0,158,7,565,0.130000
157,1,0,40,5,533,0.369000
158,1,0,563,71,823,0.050500
159,1,0,177,1,947,0.015000
160,1,0,224,18,819,0.062500
161,1,0,123,1,642,0.003000
162,1,0,10,6,536,0.051500
163,1,0,717,7,973,0.081000
164,1,1,197,46,947,0.051500
165,1,1,3,5,554,0.131500
166,1,0,54,1,191,0.000000
167,1,0,419,42,678,0.052000
168,1,0,7,1,58,0.010000
169,1,1,1,1,169,0.002000
170,1,0,292,3,534,0.188500
171,1,0,12,12,741,0.050000
172,1,0,26,12,731,0.055000
173,1,0,19,1,320,0.002000
174,1,0,98,11,504,0.058500
175,1,0,165,13,565,0.101000
176,1,0,331,13,256,0.052000
177,1,0,639,3,741,0.205500
178,1,1,7,17,924,0.051500
179,1,0,816,10,335,0.059000
180,1,0,341,14,603,0.055500
181,1,0,446,4,799,0.249500
182,1,0,57,21,480,0.107000
183,1,0,10,1,731,0.032000
184,1,1,9,14,947,0.066500
185,1,0,4,1,666,0.022500
186,1,0,62,4,536,0.058000
187,1,0,60,10,515,0.052000
188,1,0,483,4,236,0.063000
189,1,1,2,2,947,0.111500
190,1,0,60,2,504,0.101000
191,1,1,1,1,191,0.000000
192,1,1,8,9,249,0.112500
193,1,1,25,49,659,0.064000
194,1,0,24,8,536,0.055500
195,1,0,599,18,505,0.058500
196,1,1,52,17,512,0.064000
197,1,0,441,1,647,0.012000
198,1,1,8,12,996,0.064500
199,1,0,33,2,996,0.577500
200,1,0,115,38,69,0.057000
201,1,0,25,22,346,0.050000
202,1,1,2,12,80,0.052000
203,1,0,423,36,421,0.054000
204,1,0,74,13,505,0.147500
205,1,1,4,15,298,0.051500
206,1,0,3,1,58,0.019500
207,1,0,503,1,671,0.019000
208,1,0,649,6,565,0.080500
209,1,0,25,1,924,0.023000
210,1,0,21,5,430,0.190500
211,1,0,3,1,782,0.000000
212,1,0,100,19,870,0.099500
213,1,0,64,7,410,0.136500
214,1,0,55,12,767,0.129500
215,1,0,74,1,844,0.006500
216,1,0,198,25,655,0.050500
217,1,0,610,16,98,0.050000
218,1,1,6,59,330,0.050500
219,1,0,11,5,745,0.050000
220,1,1,8,26,498,0.050000
221,1,0,351,13,603,0.083500
222,1,0,469,28,669,0.054000
223,1,0,215,12,799,0.050000
224,1,1,15,65,80,0.052000
225,1,0,215,1,844,0.000000
226,1,0,22,12,22,0.106500
227,1,1,4,34,615,0.052500
228,1,0,52,13,806,0.059000
229,1,0,42,6,656,0.102500
230,1,0,414,66,202,0.052500
231,1,0,153,16,534,0.106000
232,1,0,60,1,189,0.010500
233,1,0,45,2,189,0.226500
234,1,0,220,4,199,0.050000
235,1,0,735,48,739,0.050500
236,1,0,29,16,127,0.059500
237,1,1,5,5,504,0.325500
238,1,0,5,3,924,0.086000
239,1,0,56,6,947,0.063000
240,1,0,30,1,642,0.003000
241,1,0,34,4,533,0.494000
242,1,1,7,21,504,0.070000
243,1,1,6,9,672,0.052000
244,1,1,136,118,572,0.051000
245,1,0,65,6,223,0.053000
246,1,0,238,75,238,0.050500
247,1,1,68,43,957,0.051000
248,1,0,6,5,504,0.180500
249,1,1,1,1,249,0.018000
250,1,0,148,2,351,0.363000
251,1,0,512,2,924,0.080000
252,1,0,100,39,934,0.050000
253,1,0,434,6,504,0.078000
254,1,0,729,2,971,0.376500
255,1,1,8,9,692,0.104000
256,1,1,1,2,256,0.181000
257,1,1,6,9,924,0.191000
258,1,0,173,1,1,0.006500
259,1,0,16,1,947,0.021500
260,1,0,68,32,603,0.051500
261,1,0,2,1,947,0.020000
262,1,1,10,14,515,0.052500
263,1,0,411,8,627,0.067000
264,1,0,8,1,189,0.010000
265,1,1,7,8,24,0.057500
266,1,0,511,17,565,0.090000
267,1,0,219,8,205,0.294500
268,1,0,46,65,80,0.052000
269,1,0,18,3,533,0.331500
270,1,0,508,51,590,0.053500
271,1,0,238,9,935,0.130500
272,1,0,33,5,666,0.107500
273,1,0,3,1,947,0.015500
274,1,0,308,17,37,0.056000
275,1,0,110,5,947,0.126000
276,1,0,59,9,973,0.067000
277,1,0,176,29,320,0.053000
278,1,1,143,16,124,0.067500
279,1,0,313,48,947,0.050500
280,1,0,4,1,666,0.014000
281,1,0,43,11,534,0.083500
282,1,1,2,2,1,0.176000
283,1,0,35,4,315,0.214000
284,1,1,29,47,669,0.055000
285,1,0,19,14,620,0.070500
286,1,1,128,104,681,0.055500
287,1,0,467,6,402,0.057000
288,1,0,178,5,629,0.197000
289,1,0,74,44,671,0.052500
290,1,1,384,44,767,0.055500
291,1,0,30,14,637,0.055000
292,1,0,433,8,24,0.111500
293,1,0,100,1,844,0.001500
294,1,1,7,21,403,0.147000
295,1,0,584,37,98,0.052000
296,1,0,248,17,666,0.052500
297,1,1,9,27,590,0.053000
298,1,0,8,7,554,0.086000
299,1,1,3,3,191,0.366500
300,1,0,27,9,637,0.060500
301,1,1,322,49,704,0.050500
302,1,0,11,2,642,0.085500
303,1,0,37,1,947,0.005000
304,1,1,5,14,656,0.057500
305,1,0,808,1,199,0.010000
306,1,0,44,8,199,0.055500
307,1,1,7,7,693,0.067500
308,1,0,758,7,656,0.230000
309,1,0,36,1,666,0.004500
310,1,0,36,7,22,0.057000
311,1,0,95,4,744,0.200500
312,1,0,99,8,850,0.060500
313,1,1,265,22,791,0.053500
314,1,1,3,8,996,0.081000
315,1,1,1,2,315,0.289000
316,1,0,438,6,502,0.057500
317,1,1,6,12,914,0.065000
318,1,0,85,29,430,0.050500
319,1,0,54,9,249,0.059500
320,1,0,156,1,191,0.001000
321,1,0,16,2,72,0.294500
322,1,1,412,154,788,0.054000
323,1,1,16,20,98,0.051000
324,1,1,826,96,202,0.050500
325,1,0,493,10,799,0.131000
326,1,0,596,5,315,0.101500
327,1,0,332,35,669,0.052000
328,1,0,214,98,668,0.050000
329,1,1,6,13,934,0.071000
330,1,0,71,2,382,0.831000
331,1,0,77,35,947,0.050000
332,1,0,32,1,58,0.019000
333,1,0,755,2,657,0.060000
334,1,0,203,5,533,0.562500
335,1,1,2,7,72,0.051500
336,1,0,333,9,624,0.052500
337,1,1,2,12,875,0.050500
338,1,1,4,8,895,0.053500
339,1,0,378,19,724,0.050000
340,1,1,1,101,340,0.059000
341,1,0,243,5,947,0.055000
342,1,0,41,3,608,0.170500
343,1,0,5,1,256,0.012500
344,1,0,382,2,647,0.081000
345,1,1,8,34,238,0.050000
346,1,1,1,8,346,0.051500
347,1,1,4,8,320,0.346000
348,1,1,6,9,512,0.063500
349,1,0,11,9,24,0.069500
350,1,1,2,3,782,0.161500
351,1,0,5,2,37,0.129500
352,1,0,253,1,666,0.010500
353,1,1,9,13,320,0.069000
354,1,0,997,13,223,0.050500
355,1,0,121,13,378,0.051000
356,1,0,33,5,54,0.123500
357,1,1,3,45,446,0.052000
358,1,0,131,3,565,0.157500
359,1,0,62,18,505,0.077500
360,1,0,561,27,657,0.051500
361,1,1,1,20,361,0.091500
362,1,0,186,1,58,0.039500
363,1,0,323,2,666,0.485500
364,1,0,137,36,620,0.050000
365,1,0,548,32,504,0.050500
366,1,0,52,1,58,0.022000
367,1,0,61,1,37,0.001000
368,1,0,456,3,533,0.339000
369,1,0,43,3,642,0.242000
370,1,1,126,116,219,0.050500
371,1,0,580,46,669,0.052000
372,1,1,731,49,657,0.052000
373,1,0,141,112,767,0.050500
374,1,1,6,13,390,0.099500
375,1,1,7,8,679,0.104000
376,1,0,107,25,515,0.056000
377,1,0,75,14,634,0.070000
378,1,1,1,7,378,0.057000
379,1,0,13,7,642,0.058000
380,1,1,31,31,767,0.061500
381,1,0,384,7,924,0.070000
382,1,1,1,2,382,0.106000
383,1,0,171,17,724,0.050500
384,1,0,736,45,565,0.063500
385,1,1,11,10,433,0.056000
386,1,0,214,1,634,0.004500
387,1,0,215,15,22,0.062500
388,1,1,7,8,745,0.083000
389,1,0,17,8,379,0.083000
390,1,1,5,14,480,0.059000
391,1,0,73,19,603,0.069000
392,1,0,450,89,590,0.060000
393,1,0,204,4,799,0.147500
394,1,0,8,2,315,0.951500
395,1,0,53,26,565,0.050500
396,1,0,24,1,533,0.044000
397,1,1,18,10,298,0.064000
398,1,0,987,31,504,0.071000
399,1,0,163,8,107,0.081000
400,1,0,188,18,257,0.078000
401,1,0,292,49,889,0.051000
402,1,0,4,3,799,0.078000
403,1,1,1,9,403,0.063500
404,1,1,451,117,767,0.050500
405,1,0,566,56,767,0.052500
406,1,0,8,3,799,0.050500
407,1,0,206,7,1,0.053000
408,1,0,346,9,515,0.076000
409,1,0,143,4,745,0.296500
410,1,1,2,5,534,0.109500
411,1,1,6,14,505,0.054500
412,1,1,13,10,430,0.051500
413,1,0,103,9,554,0.088000
414,1,0,21,20,657,0.052000
415,1,0,645,15,189,0.054500
416,1,0,18,21,504,0.055500
417,1,0,3,1,844,0.006000
418,1,0,101,3,315,0.139000
419,1,0,304,15,947,0.054000
420,1,0,707,46,657,0.053000
421,1,1,7,19,189,0.065000
422,1,1,1,2,422,0.349500
423,1,0,34,5,850,0.051500
424,1,0,143,27,320,0.054000
425,1,0,59,21,515,0.052000
426,1,0,63,9,749,0.127000
427,1,0,33,3,656,0.056000
428,1,0,446,32,603,0.052500
429,1,0,11,3,684,0.083000
430,1,1,1,9,430,0.051000
431,1,1,2,3,672,0.162000
432,1,1,18,30,731,0.061000
433,1,1,5,6,504,0.116000
434,1,1,553,34,669,0.050500
435,1,0,22,3,54,0.089000
436,1,0,59,7,624,0.101000
437,1,1,3,11,642,0.083000
438,1,0,71,22,615,0.052500
439,1,1,2,21,934,0.055500
440,1,0,83,16,969,0.122000
441,1,0,162,25,603,0.054500
442,1,1,19,48,659,0.062500
443,1,0,4,4,430,0.077500
444,1,1,3,8,256,0.069000
445,1,0,63,4,337,0.064000
446,1,0,27,12,655,0.069500
447,1,1,60,21,378,0.069000
448,1,0,53,21,799,0.085000
449,1,1,7,14,64,0.053500
450,1,0,126,2,554,0.324500
451,1,1,237,60,671,0.050500
452,1,0,68,5,647,0.328000
453,1,0,93,2,647,0.225500
454,1,1,21,30,603,0.053500
455,1,0,104,12,767,0.096500
456,1,0,359,15,669,0.068000
457,1,0,54,1,320,0.026500
458,1,0,52,3,874,0.068000
459,1,0,44,3,542,0.062000
460,1,0,404,14,505,0.087000
461,1,1,2,7,58,0.200500
462,1,0,44,26,504,0.053500
463,1,1,79,12,199,0.065500
464,1,0,96,5,533,0.178000
465,1,0,32,7,666,0.165000
466,1,0,30,3,684,0.325500
467,1,0,7,1,782,0.003500
468,1,1,2,2,947,0.105500
469,1,0,77,2,914,0.189500
470,1,1,11,30,505,0.068000
471,1,0,125,51,238,0.056000
472,1,1,768,47,669,0.053000
473,1,0,33,23,666,0.051000
474,1,0,40,6,666,0.053500
475,1,0,544,12,666,0.074500
476,1,0,10,7,382,0.080500
477,1,0,108,7,205,0.124500
478,1,0,24,2,191,0.962500
479,1,0,59,15,191,0.058000
480,1,1,1,17,480,0.060000
481,1,0,360,44,620,0.050000
482,1,0,166,5,533,0.055500
483,1,0,122,17,189,0.051500
484,1,0,617,3,504,0.110500
485,1,0,763,9,647,0.134000
486,1,0,423,1,799,0.033000
487,1,0,714,13,22,0.051500
488,1,0,727,3,973,0.051000
489,1,1,5,5,996,0.052500
490,1,0,442,30,973,0.050500
491,1,0,951,13,127,0.109500
492,1,1,691,75,799,0.051000
493,1,0,20,4,947,0.056500
494,1,0,310,6,191,0.118500
495,1,1,37,64,767,0.050500
496,1,0,136,2,672,0.701500
497,1,0,468,2,534,0.086500
498,1,1,1,9,498,0.109000
499,1,1,46,41,68,0.068500
500,1,0,42,1,37,0.010500
501,1,1,15,18,127,0.057000
502,1,0,9,5,554,0.059000
503,1,0,465,65,791,0.066500
504,1,0,38,13,124,0.052500
505,1,1,3,12,746,0.086500
506,1,0,328,5,629,0.150000
507,1,1,256,15,800,0.054000
508,1,0,26,19,678,0.053500
509,1,1,19,12,199,0.069000
510,1,0,13,1,139,0.003000
511,1,0,246,30,704,0.063000
512,1,1,3,5,565,0.188500
513,1,0,202,86,340,0.054000
514,1,0,209,6,565,0.067500
515,1,1,3,9,505,0.210500
516,1,0,104,1,191,0.001000
517,1,0,114,2,799,0.559500
518,1,0,327,1,533,0.003000
519,1,1,4,11,24,0.070500
520,1,0,14,7,519,0.134500
521,1,0,203,6,504,0.058000
522,1,1,3,7,379,0.054500
523,1,0,9,2,554,0.694000
524,1,1,8,19,746,0.085000
525,1,0,29,5,672,0.050500
526,1,1,4,11,422,0.054500
527,1,0,58,2,534,0.069000
528,1,0,449,10,22,0.053000
529,1,0,155,12,634,0.105500
530,1,0,137,5,199,0.087500
531,1,0,134,4,519,0.054500
532,1,0,500,3,947,0.105000
533,1,1,1,1,533,0.042000
534,1,0,2,1,191,0.049500
535,1,0,964,76,219,0.051000
536,1,0,296,1,647,0.015500
537,1,0,184,35,704,0.051000
538,1,0,501,42,470,0.070000
539,1,1,7,21,471,0.075000
540,1,0,29,10,378,0.064500
541,1,0,260,25,515,0.067500
542,1,0,24,3,382,0.772500
543,1,0,246,61,454,0.052500
544,1,0,198,4,533,0.085000
545,1,1,795,14,603,0.057500
546,1,0,76,3,693,0.171000
547,1,0,107,44,238,0.050000
548,1,0,67,21,468,0.071500
549,1,1,79,121,98,0.054000
550,1,0,95,10,315,0.054500
551,1,0,110,49,586,0.059500
552,1,0,104,4,79,0.486500
553,1,0,27,14,505,0.131500
554,1,0,10,9,512,0.096000
555,1,0,51,1,647,0.003000
556,1,0,25,2,603,0.075000
557,1,0,679,75,340,0.050000
558,1,0,69,8,656,0.085500
559,1,1,4,20,315,0.050500
560,1,0,701,80,809,0.059000
561,1,1,44,60,357,0.050000
562,1,0,76,3,744,0.634500
563,1,0,563,20,799,0.059500
564,1,0,158,33,671,0.050500
565,1,1,2,4,799,0.277500
566,1,0,49,3,647,0.095500
567,1,0,264,6,973,0.052000
568,1,0,139,1,642,0.009000
569,1,0,876,75,565,0.051000
570,1,0,431,17,351,0.053000
571,1,0,136,1,603,0.035000
572,1,0,93,6,505,0.135500
573,1,0,651,1,799,0.044500
574,1,0,123,2,37,0.666000
575,1,0,9,9,505,0.055000
576,1,0,107,1,642,0.006500
577,1,0,122,26,320,0.063000
578,1,1,811,166,98,0.051000
579,1,0,128,1,603,0.033500
580,1,0,545,43,799,0.051500
581,1,0,397,8,724,0.079000
582,1,0,354,14,724,0.073000
583,1,0,810,4,973,0.084000
584,1,0,104,38,119,0.050500
585,1,0,600,15,565,0.092000
586,1,0,25,14,603,0.091000
587,1,0,488,4,666,0.053500
588,1,0,19,11,565,0.055000
589,1,0,343,11,666,0.054000
590,1,0,29,17,746,0.065500
591,1,0,11,4,308,0.091000
592,1,1,3,2,249,0.059500
593,1,0,108,6,79,0.085500
594,1,0,666,93,340,0.050000
595,1,0,18,10,238,0.053000
596,1,0,10,3,37,0.176000
597,1,0,6,3,741,0.543500
598,1,1,7,8,702,0.370000
599,1,0,69,8,603,0.056500
600,1,0,200,1,647,0.023500
601,1,0,276,13,127,0.066500
602,1,0,158,2,799,0.082000
603,1,0,51,11,249,0.052000
604,1,0,762,111,227,0.054500
605,1,0,649,42,515,0.050000
606,1,0,143,10,996,0.070500
607,1,0,323,28,315,0.056000
608,1,0,2,1,924,0.022500
609,1,0,772,71,493,0.055500
610,1,0,822,27,189,0.052500
611,1,1,22,83,340,0.050000
612,1,0,11,3,744,0.056000
613,1,0,101,3,947,0.193000
614,1,0,125,10,724,0.053500
615,1,1,1,24,615,0.051500
616,1,0,351,3,799,0.142500
617,1,0,21,28,957,0.051000
618,1,0,266,83,767,0.055000
619,1,0,42,8,238,0.053500
620,1,0,122,16,37,0.078000
621,1,1,2,3,223,0.146000
622,1,0,650,49,395,0.050500
623,1,1,145,192,18,0.051500
624,1,0,52,5,971,0.059500
625,1,0,96,29,934,0.069000
626,1,0,72,27,461,0.059500
627,1,1,2,4,603,0.154500
628,1,0,129,25,620,0.051500
629,1,1,1,2,629,0.076000
630,1,1,34,41,855,0.052000
631,1,0,268,3,533,0.050000
632,1,0,106,10,379,0.080500
633,1,0,119,6,498,0.054500
634,1,1,4,4,37,0.681500
635,1,0,24,5,672,0.074500
636,1,0,117,33,767,0.055000
637,1,0,811,54,253,0.050000
638,1,0,140,11,536,0.059500
639,1,0,42,1,504,0.017000
640,1,0,18,9,767,0.094000
641,1,0,26,2,647,0.264000
642,1,0,17,1,191,0.001000
643,1,0,12,10,22,0.102000
644,1,0,78,8,565,0.060500
645,1,0,3,1,947,0.016500
646,1,0,6,4,647,0.117000
647,1,0,13,1,666,0.005500
648,1,0,348,57,565,0.056500
649,1,0,519,3,24,0.472000
650,1,0,22,5,647,0.051500
651,1,0,468,37,471,0.055500
652,1,0,14,2,139,0.194500
653,1,0,80,9,724,0.087000
654,1,0,68,3,191,0.231500
655,1,0,5,1,603,0.005000
656,1,1,1,1,656,0.018500
657,1,1,5,9,468,0.063000
658,1,0,63,14,52,0.064500
659,1,1,3,17,603,0.085000
660,1,0,24,15,205,0.067500
661,1,0,74,3,191,0.123000
662,1,0,72,18,919,0.053000
663,1,0,215,10,249,0.130500
664,1,0,67,12,542,0.051500
665,1,0,200,15,422,0.050000
666,1,1,1,1,666,0.003500
667,1,1,91,14,603,0.079000
668,1,0,275,10,37,0.192500
669,1,1,1,16,669,0.057000
670,1,0,188,23,809,0.054000
671,1,1,1,19,671,0.061000
672,1,1,1,2,672,0.063000
673,1,0,13,7,554,0.227000
674,1,0,528,88,68,0.051500
675,1,0,449,29,996,0.054000
676,1,0,146,21,875,0.086000
677,1,0,749,22,504,0.058500
678,1,0,3,2,947,0.582500
679,1,0,690,86,461,0.064500
680,1,0,8,1,947,0.008500
681,1,1,3,16,608,0.073500
682,1,0,244,54,307,0.051500
683,1,0,133,33,620,0.073500
684,1,1,1,9,684,0.051500
685,1,0,717,22,620,0.052000
686,1,0,370,29,889,0.052000
687,1,0,92,16,223,0.055500
688,1,0,628,2,533,0.500500
689,1,1,2,2,782,0.758500
690,1,0,60,21,80,0.069500
691,1,0,162,21,620,0.064000
692,1,1,2,14,105,0.168500
693,1,0,88,1,799,0.021500
694,1,0,20,2,782,0.154500
695,1,0,80,49,627,0.050000
696,1,0,52,35,749,0.057500
697,1,0,75,9,127,0.056500
698,1,0,126,13,996,0.052000
699,1,0,255,2,799,0.061500
700,1,0,42,5,744,0.254000
701,1,0,592,20,504,0.050500
702,1,1,5,8,205,0.063500
703,1,0,14,1,666,0.003000
704,1,0,25,5,58,0.053000
705,1,0,223,57,357,0.055500
706,1,0,636,35,947,0.054500
707,1,0,167,3,335,0.206000
708,1,0,6,1,534,0.016500
709,1,0,280,9,621,0.057500
710,1,0,42,8,924,0.053000
711,1,0,681,1,103,0.009500
712,1,1,9,11,603,0.088500
713,1,1,2,2,947,0.058000
714,1,0,324,14,947,0.055500
715,1,0,79,3,191,0.362000
716,1,0,547,6,1,0.150500
717,1,1,6,10,191,0.071000
718,1,0,20,7,799,0.066500
719,1,0,895,43,669,0.051000
720,1,0,63,9,422,0.127500
721,1,0,187,6,947,0.051000
722,1,0,107,21,924,0.055000
723,1,0,55,16,666,0.078500
724,1,1,2,2,189,0.051500
725,1,0,36,2,72,0.536500
726,1,0,221,1,647,0.001000
727,1,1,2,5,642,0.092500
728,1,0,17,5,565,0.069500
729,1,0,34,10,666,0.121000
730,1,0,326,6,98,0.114000
731,1,0,12,1,642,0.011000
732,1,1,64,44,659,0.058500
733,1,0,398,3,189,0.120000
734,1,0,105,3,223,0.063500
735,1,0,364,20,320,0.051500
736,1,1,38,48,302,0.060500
737,1,0,268,12,58,0.070500
738,1,0,806,72,889,0.053000
739,1,1,10,13,947,0.061000
740,1,0,139,6,410,0.120500
741,1,1,1,3,741,0.168000
742,1,0,305,7,478,0.148000
743,1,0,170,66,767,0.051000
744,1,1,2,3,693,0.080000
745,1,1,1,4,745,0.087500
746,1,1,2,4,402,0.265500
747,1,0,59,9,52,0.123500
748,1,0,148,114,340,0.050000
749,1,1,1,7,749,0.110000
750,1,0,191,5,191,0.063500
751,1,1,1,3,751,0.071500
752,1,1,8,23,656,0.050500
753,1,1,11,42,659,0.053000
754,1,1,30,29,603,0.056500
755,1,1,12,23,819,0.095000
756,1,0,213,45,439,0.053000
757,1,0,799,80,669,0.052000
758,1,0,5,1,844,0.004000
759,1,0,291,31,799,0.054000
760,1,0,266,4,666,0.099500
761,1,0,87,3,947,0.131500
762,1,0,261,23,666,0.051500
763,1,0,265,3,533,0.130000
764,1,1,34,65,454,0.050500
765,1,0,468,67,227,0.051000
766,1,0,350,15,565,0.064000
767,1,1,1,8,767,0.087000
768,1,1,1,1,768,0.001000
769,1,0,122,6,165,0.069000
770,1,0,6,2,647,0.104500
771,1,1,8,7,666,0.054500
772,1,0,21,2,139,0.729000
773,1,0,19,1,320,0.031000
774,1,0,10,1,534,0.001500
775,1,1,45,89,454,0.052500
776,1,0,680,42,791,0.052500
777,1,0,87,2,519,0.131000
778,1,0,381,3,191,0.241000
779,1,0,72,9,298,0.212000
780,1,0,32,1,191,0.002500
781,1,0,91,4,924,0.073500
782,1,1,1,1,782,0.001000
783,1,1,3,7,924,0.050000
784,1,0,412,54,999,0.050500
785,1,0,62,5,58,0.093500
786,1,0,357,22,924,0.050000
787,1,0,396,28,621,0.066500
788,1,0,19,3,924,0.051500
789,1,0,24,6,565,0.080500
790,1,0,312,11,996,0.056500
791,1,0,212,10,634,0.178000
792,1,1,2,16,98,0.100000
793,1,0,262,32,620,0.057500
794,1,0,626,23,724,0.050500
795,1,1,3,3,947,0.171500
796,1,0,218,1,191,0.002500
797,1,0,303,32,603,0.050500
798,1,1,34,53,659,0.053000
799,1,1,1,1,799,0.021500
800,1,1,1,2,800,0.135500
801,1,0,112,10,422,0.138000
802,1,0,47,7,624,0.073000
803,1,0,389,5,505,0.133500
804,1,0,62,1,875,0.019000
805,1,0,41,10,565,0.064500
806,1,1,5,9,127,0.222000
807,1,0,100,6,656,0.222500
808,1,0,14,8,888,0.204000
809,1,1,2,15,189,0.054000
810,1,0,24,4,924,0.067000
811,1,0,427,56,973,0.056500
812,1,0,717,6,657,0.079000
813,1,1,100,87,603,0.050000
814,1,1,3,6,403,0.143500
815,1,0,651,14,124,0.056000
816,1,0,29,11,80,0.054500
817,1,0,31,1,189,0.015000
818,1,1,272,12,512,0.056500
819,1,1,1,2,819,0.539500
820,1,0,59,1,534,0.030500
821,1,0,334,3,134,0.165000
822,1,1,6,12,565,0.063500
823,1,0,21,2,799,0.080000
824,1,0,11,3,191,0.241000
825,1,0,232,23,603,0.063000
826,1,0,525,30,749,0.050000
827,1,0,34,3,800,0.147000
828,1,0,3,1,935,0.023500
829,1,0,351,7,724,0.076000
830,1,1,3,5,799,0.118500
831,1,0,316,9,565,0.080500
832,1,1,1,5,832,0.067000
833,1,0,28,26,752,0.060000
834,1,0,546,14,52,0.166000
835,1,0,173,3,672,0.096500
836,1,0,17,9,223,0.093000
837,1,0,301,5,565,0.058000
838,1,0,60,12,672,0.055000
839,1,1,50,22,657,0.053000
840,1,0,74,13,127,0.092500
841,1,0,502,1,37,0.016000
842,1,0,92,7,724,0.114000
843,1,0,7,4,844,0.184500
844,1,1,1,1,844,0.000500
845,1,0,406,11,515,0.056000
846,1,0,22,1,799,0.038500
847,1,0,117,13,308,0.057000
848,1,0,339,2,191,0.192500
849,1,0,366,1,37,0.001500
850,1,0,10,6,24,0.094000
851,1,0,23,18,249,0.061500
852,1,0,388,123,728,0.051000
853,1,0,172,73,193,0.052500
854,1,0,665,2,629,0.272500
855,1,1,7,12,320,0.058500
856,1,0,33,2,799,0.070000
857,1,0,578,197,668,0.052000
858,1,0,689,35,124,0.053000
859,1,0,106,7,634,0.238500
860,1,0,37,18,98,0.071000
861,1,0,65,1,249,0.019000
862,1,0,111,3,684,0.061000
863,1,0,21,8,749,0.068500
864,1,0,680,13,127,0.054000
865,1,0,999,21,504,0.054000
866,1,0,121,5,565,0.142000
867,1,0,384,83,227,0.050000
868,1,0,84,18,98,0.056500
869,1,0,47,23,379,0.051000
870,1,0,198,16,947,0.054500
871,1,0,64,2,191,0.339500
872,1,0,118,44,889,0.050000
873,1,0,375,56,402,0.051500
874,1,1,2,2,533,0.582500
875,1,0,34,9,634,0.096000
876,1,0,291,13,603,0.059000
877,1,0,408,52,382,0.050000
878,1,0,380,78,590,0.051500
879,1,0,66,40,855,0.061000
880,1,0,125,101,502,0.053500
881,1,0,132,1,647,0.003500
882,1,0,207,13,72,0.053500
883,1,0,33,23,744,0.067000
884,1,0,523,11,889,0.119000
885,1,0,160,24,935,0.074500
886,1,0,702,2,971,0.517500
887,1,0,408,144,189,0.053000
888,1,0,1000,80,98,0.050000
889,1,0,42,2,37,0.203500
890,1,0,293,47,768,0.053000
891,1,0,629,59,500,0.055000
892,1,0,66,58,704,0.054000
893,1,0,632,13,741,0.051000
894,1,0,77,7,223,0.174000
895,1,1,3,12,749,0.068500
896,1,1,5,7,199,0.161000
897,1,0,199,7,191,0.055500
898,1,0,895,74,669,0.050000
899,1,0,442,25,439,0.050500
900,1,0,61,18,744,0.051500
901,1,0,304,25,603,0.056000
902,1,1,2,10,426,0.081500
903,1,0,56,1,504,0.025500
904,1,1,4,7,378,0.080000
905,1,0,4,1,79,0.028000
906,1,1,2,6,519,0.610000
907,1,0,39,26,934,0.053500
908,1,0,44,12,935,0.062500
909,1,0,108,21,504,0.051000
910,1,0,53,12,565,0.109500
911,1,1,9,12,620,0.087000
912,1,0,18,14,767,0.051000
913,1,0,162,12,889,0.064000
914,1,1,1,7,914,0.066000
915,1,0,23,4,505,0.096000
916,1,0,14,4,565,0.051500
917,1,0,29,1,191,0.000500
918,1,0,575,12,799,0.052500
919,1,1,1,14,919,0.057500
920,1,1,12,15,731,0.086500
921,1,0,6,1,672,0.041500
922,1,0,66,26,98,0.050000
923,1,0,524,9,515,0.067500
924,1,0,101,2,744,0.474000
925,1,0,87,1,666,0.002000
926,1,0,422,5,565,0.063500
927,1,0,57,16,819,0.050500
928,1,0,6,1,58,0.018500
929,1,0,51,2,799,0.054500
930,1,0,89,1,647,0.002500
931,1,0,104,29,731,0.055500
932,1,1,4,10,799,0.084000
933,1,0,18,7,565,0.058500
934,1,1,3,29,627,0.058000
935,1,1,8,9,565,0.089000
936,1,0,248,1,799,0.035500
937,1,0,142,16,502,0.054000
938,1,0,416,7,504,0.061000
939,1,0,298,7,124,0.058000
940,1,0,20,13,430,0.068500
941,1,0,343,16,642,0.051500
942,1,1,13,37,446,0.061000
943,1,0,275,10,24,0.056000
944,1,0,7,3,1,0.905000
945,1,0,188,8,223,0.062000
946,1,1,73,5,238,0.096000
947,1,1,1,1,947,0.003000
948,1,0,16,5,502,0.083500
949,1,0,416,36,433,0.050000
950,1,0,26,9,127,0.068000
951,1,0,256,1,72,0.006000
952,1,1,31,96,7,0.053000
953,1,1,210,59,237,0.050500
954,1,0,777,21,603,0.050000
955,1,0,123,1,647,0.032000
956,1,0,19,4,127,0.107500
957,1,0,13,2,741,0.064000
958,1,0,14,7,768,0.102000
959,1,0,577,29,669,0.058500
960,1,0,862,86,202,0.053500
961,1,1,11,47,739,0.050500
962,1,0,35,5,672,0.170500
963,1,0,72,13,37,0.056000
964,1,1,3,4,844,0.052500
965,1,1,8,11,947,0.087000
966,1,0,308,14,52,0.077000
967,1,0,820,16,799,0.089000
968,1,0,390,17,346,0.071000
969,1,0,578,13,554,0.050500
970,1,0,112,1,642,0.000500
971,1,1,6,6,350,0.276000
972,1,0,205,2,533,0.387000
973,1,1,1,13,973,0.050000
974,1,0,47,1,799,0.046000
975,1,0,236,29,724,0.050000
976,1,1,272,66,767,0.050000
977,1,0,987,27,223,0.051000
978,1,0,438,9,806,0.057000
979,1,0,339,17,444,0.061500
980,1,0,127,15,58,0.059500
981,1,0,790,23,621,0.071000
982,1,0,21,5,672,0.076500
983,1,0,232,1,666,0.021000
984,1,0,506,52,402,0.052500
985,1,0,471,5,124,0.059500
986,1,0,217,20,505,0.063000
987,1,1,37,38,504,0.115500
988,1,0,137,1,666,0.023500
989,1,0,98,16,223,0.059000
990,1,1,8,12,238,0.060000
991,1,0,122,1,647,0.039500
992,1,0,35,11,875,0.070000
993,1,0,117,1,647,0.007000
994,1,0,22,1,37,0.008500
995,1,0,249,6,536,0.399500
996,1,0,4,1,199,0.010000
997,1,0,279,13,799,0.061500
998,1,0,294,114,590,0.050500
999,1,0,315,18,515,0.055000
1000,1,0,494,7,996,0.060500
1,2,0,194,8,565,0.074500
2,2,0,926,76,454,0.051000
3,2,0,294,17,335,0.059500
4,2,0,131,30,320,0.066500
5,2,1,1,3,5,0.607500
6,2,0,95,7,724,0.106500
7,2,0,430,1,666,0.018500
8,2,1,10,33,470,0.059500
9,2,1,7,37,603,0.091000
10,2,0,793,76,671,0.055500
11,2,0,14,1,647,0.043500
12,2,0,425,52,924,0.053000
13,2,0,215,5,647,0.071000
14,2,0,154,2,799,0.071500
15,2,0,532,11,98,0.055500
16,2,0,617,12,502,0.061000
17,2,0,84,7,37,0.055000
18,2,1,39,38,627,0.070000
19,2,0,48,11,127,0.056000
20,2,0,406,16,799,0.059500
21,2,0,928,47,402,0.052500
22,2,1,1,5,22,0.096500
23,2,0,17,1,504,0.041000
24,2,0,19,3,134,0.672000
25,2,0,22,8,744,0.084500
26,2,0,718,15,515,0.050500
27,2,0,255,14,505,0.099000
28,2,0,172,23,799,0.055500
29,2,0,586,61,792,0.050000
30,2,0,10,6,850,0.251000
31,2,0,266,23,505,0.056000
32,2,0,123,5,702,0.087000
33,2,0,697,18,799,0.053000
34,2,1,168,42,924,0.052500
35,2,0,150,101,330,0.053500
36,2,0,145,1,191,0.000000
37,2,0,26,16,249,0.052000
38,2,0,185,3,799,0.091500
39,2,0,622,54,889,0.054500
40,2,0,54,28,828,0.060000
41,2,0,83,12,22,0.080500
42,2,0,126,33,590,0.056500
43,2,0,78,33,934,0.050500
44,2,0,60,1,191,0.001000
45,2,1,3,36,345,0.054000
46,2,0,167,11,947,0.076000
47,2,1,14,13,480,0.085500
48,2,0,113,24,627,0.064000
49,2,0,167,2,799,0.079500
50,2,0,31,1,647,0.001000
51,2,0,123,41,515,0.053000
52,2,0,977,43,504,0.051000
53,2,0,219,4,799,0.066000
54,2,0,20,1,191,0.000000
55,2,0,406,4,799,0.050500
56,2,0,13,2,924,0.057500
57,2,0,191,5,191,0.217500
58,2,1,3,4,656,0.050000
59,2,0,41,8,799,0.052500
60,2,0,197,2,647,0.125000
61,2,0,80,3,37,0.129500
62,2,0,118,41,791,0.050500
63,2,0,336,78,253,0.052000
64,2,1,7,12,693,0.055000
65,2,0,5,2,627,0.157000
66,2,0,213,9,205,0.092500
67,2,1,6,7,536,0.056000
68,2,1,2,7,627,0.051500
69,2,1,11,13,935,0.075500
70,2,0,62,3,554,0.138500
71,2,1,24,41,627,0.052000
72,2,1,1,1,72,0.001500
73,2,0,56,2,647,0.080000
74,2,0,735,9,806,0.077500
75,2,0,666,91,565,0.053000
76,2,0,17,20,476,0.052000
77,2,1,3,5,504,0.245500
78,2,0,225,2,519,0.120000
79,2,1,5,5,478,0.197000
80,2,0,20,1,924,0.037500
81,2,0,391,51,257,0.050500
82,2,0,48,6,536,0.089000
83,2,0,323,105,219,0.054000
84,2,0,699,18,98,0.072000
85,2,0,11,6,402,0.057000
86,2,1,30,71,214,0.050000
87,2,0,49,5,127,0.118000
88,2,0,598,8,402,0.184500
89,2,0,664,97,799,0.050000
90,2,1,4,7,656,0.150000
91,2,0,44,21,620,0.072000
92,2,1,11,7,124,0.082500
93,2,0,6,2,315,0.162500
94,2,1,13,22,72,0.067000
95,2,0,577,12,504,0.051000
96,2,0,739,26,752,0.050500
97,2,0,85,6,378,0.224000
98,2,1,1,9,98,0.073500
99,2,1,4,5,629,0.054000
100,2,0,284,12,335,0.055500
101,2,1,5,33,855,0.052000
102,2,0,33,21,24,0.071500
103,2,1,2,4,139,0.434000
104,2,0,606,31,189,0.051000
105,2,1,1,12,105,0.052500
106,2,0,211,14,37,0.056000
107,2,0,16,4,642,0.056000
108,2,1,405,82,791,0.053000
109,2,0,135,100,340,0.056000
110,2,0,17,22,947,0.073000
111,2,0,42,15,223,0.077000
112,2,0,6,2,647,0.143000
113,2,0,67,36,470,0.060500
114,2,0,334,33,657,0.052000
115,2,0,65,9,947,0.077000
116,2,0,59,4,666,0.182000
117,2,0,24,6,850,0.071500
118,2,0,131,10,629,0.052500
119,2,0,364,36,767,0.054000
120,2,0,270,5,139,0.079000
121,2,0,70,25,249,0.098000
122,2,1,483,101,90,0.057000
123,2,0,285,10,505,0.053500
124,2,0,65,10,996,0.059000
125,2,0,147,3,875,0.085000
126,2,1,5,4,256,0.083000
127,2,1,1,9,127,0.067000
128,2,0,153,102,331,0.056000
129,2,0,612,4,647,0.067000
130,2,0,113,3,656,0.053000
131,2,1,6,53,615,0.066500
132,2,0,51,13,223,0.052500
133,2,1,12,36,627,0.055500
134,2,1,1,2,134,0.169500
135,2,0,266,26,791,0.062500
136,2,0,96,4,533,0.436500
137,2,0,207,12,378,0.071500
138,2,0,97,7,223,0.093000
139,2,1,1,1,139,0.011500
140,2,0,743,19,219,0.051000
141,2,0,4,1,504,0.020000
142,2,0,278,26,620,0.065500
143,2,0,27,4,693,0.094000
144,2,0,178,10,378,0.096000
145,2,0,63,2,37,0.361500
146,2,0,301,4,565,0.433000
147,2,0,118,20,439,0.050500
148,2,0,7,1,478,0.041500
149,2,0,174,9,199,0.053500
150,2,0,57,18,98,0.052500
151,2,0,290,4,169,0.089500
152,2,1,12,18,335,0.108500
153,2,1,284,15,973,0.051500
154,2,0,195,24,504,0.057500
155,2,0,124,41,257,0.053000
156,2,0,58,16,505,0.159500
157,2,0,36,6,914,0.057500
158,2,0,689,36,98,0.050500
159,2,0,66,5,924,0.128000
160,2,0,236,19,621,0.052500
161,2,0,121,42,454,0.055500
162,2,0,9,9,378,0.051000
163,2,1,320,43,767,0.050000
164,2,1,195,69,739,0.051000
165,2,1,3,4,134,0.051000
166,2,0,780,54,502,0.054500
167,2,0,292,9,402,0.060000
168,2,0,28,16,744,0.063500
169,2,1,1,1,169,0.009000
170,2,0,118,40,791,0.051000
171,2,0,41,11,624,0.081500
172,2,0,171,48,502,0.057000
173,2,0,28,11,320,0.063500
174,2,0,167,38,767,0.053500
175,2,0,165,8,430,0.050000
176,2,0,351,10,265,0.136000
177,2,0,675,29,657,0.050500
178,2,0,226,10,799,0.061000
179,2,0,80,23,603,0.051500
180,2,0,349,7,72,0.099500
181,2,1,168,54,767,0.057000
182,2,0,43,10,254,0.108500
183,2,0,10,6,603,0.079500
184,2,1,1,32,184,0.056500
185,2,1,3,5,647,0.052500
186,2,0,143,6,72,0.071000
187,2,0,61,10,515,0.051000
188,2,0,393,11,52,0.058000
189,2,1,1,2,189,0.785500
190,2,0,101,27,504,0.054000
191,2,1,1,2,191,0.423500
192,2,1,12,21,515,0.052000
193,2,0,82,3,169,0.073500
194,2,0,675,8,741,0.053500
195,2,0,373,1,647,0.030500
196,2,1,14,96,590,0.052500
197,2,1,47,83,340,0.058500
198,2,1,3,27,504,0.051500
199,2,1,1,3,199,0.064000
200,2,0,227,27,502,0.050000
201,2,0,21,8,629,0.053500
202,2,0,113,1,799,0.029000
203,2,1,2,14,504,0.055000
204,2,0,137,10,850,0.079000
205,2,1,1,7,205,0.053500
206,2,0,3,1,58,0.016000
207,2,0,118,5,533,0.067000
208,2,0,709,25,657,0.051500
209,2,0,30,1,799,0.019000
210,2,1,18,21,430,0.054500
211,2,0,13,3,554,0.533500
212,2,0,110,13,565,0.064500
213,2,0,22,3,54,0.696500
214,2,0,421,2,799,0.076500
215,2,0,17,18,237,0.050000
216,2,0,449,8,37,0.105500
217,2,0,568,1,666,0.007000
218,2,0,355,21,666,0.051500
219,2,1,8,15,565,0.075000
220,2,0,72,7,642,0.051000
221,2,0,220,49,454,0.055500
222,2,0,325,16,669,0.086500
223,2,1,1,1,223,0.043500
224,2,0,401,13,127,0.061500
225,2,1,2,6,672,0.614000
226,2,1,10,15,565,0.226000
227,2,1,20,53,659,0.051000
228,2,0,49,3,647,0.136000
229,2,0,21,8,704,0.133000
230,2,0,856,46,198,0.050000
231,2,0,233,13,24,0.109000
232,2,0,48,5,713,0.069500
233,2,0,89,1,647,0.018000
234,2,0,427,55,671,0.051000
235,2,0,41,19,111,0.055000
236,2,0,17,2,647,0.585500
237,2,1,1,4,237,0.175000
238,2,0,10,2,924,0.059000
239,2,0,24,6,382,0.124500
240,2,0,18,3,642,0.070000
241,2,0,19,2,191,0.066000
242,2,1,6,16,504,0.062500
243,2,0,24,13,127,0.103500
244,2,1,194,78,18,0.053000
245,2,0,176,10,739,0.054500
246,2,0,398,9,127,0.091000
247,2,0,308,9,724,0.069000
248,2,0,239,63,307,0.067500
249,2,0,61,4,850,0.690500
250,2,0,434,4,24,0.154500
251,2,1,90,6,468,0.189500
252,2,0,78,21,920,0.057000
253,2,0,309,37,947,0.052500
254,2,0,73,17,536,0.080500
255,2,0,318,3,191,0.329000
256,2,0,17,4,874,0.274500
257,2,1,4,12,80,0.100500
258,2,0,193,5,1,0.065000
259,2,0,23,1,799,0.018500
260,2,0,66,66,671,0.056000
261,2,0,15,1,947,0.003000
262,2,0,34,10,724,0.079000
263,2,0,270,2,627,0.708500
264,2,0,30,1,647,0.020000
265,2,0,8,1,169,0.000000
266,2,0,664,14,669,0.082000
267,2,0,225,31,603,0.050500
268,2,0,205,1,647,0.016500
269,2,0,19,1,191,0.004000
270,2,0,367,17,68,0.060500
271,2,1,126,73,822,0.051000
272,2,1,1,9,272,0.095500
273,2,0,22,2,799,0.082500
274,2,0,45,12,634,0.115000
275,2,0,106,1,799,0.019500
276,2,0,24,8,223,0.061500
277,2,0,200,23,791,0.065000
278,2,1,140,20,973,0.052500
279,2,0,151,37,996,0.053000
280,2,0,162,11,647,0.059500
281,2,0,35,1,534,0.020000
282,2,0,6,2,382,0.311500
283,2,0,701,11,657,0.059000
284,2,0,130,7,24,0.091000
285,2,1,16,28,731,0.052000
286,2,0,114,49,767,0.069000
287,2,0,524,4,745,0.279000
288,2,0,360,18,512,0.060500
289,2,0,67,67,749,0.060000
290,2,0,395,22,504,0.055000
291,2,0,672,43,693,0.051500
292,2,0,55,43,470,0.053500
293,2,0,187,6,973,0.149000
294,2,0,4,1,672,0.005000
295,2,0,541,104,493,0.050500
296,2,0,158,6,199,0.119500
297,2,0,27,13,505,0.090500
298,2,1,2,2,684,0.217000
299,2,0,89,70,586,0.053000
300,2,0,430,41,704,0.051000
301,2,1,392,30,565,0.059500
302,2,0,37,29,620,0.062000
303,2,0,28,3,924,0.166500
304,2,0,9,5,799,0.050000
305,2,0,930,28,98,0.051000
306,2,0,36,21,969,0.053500
307,2,1,4,4,947,0.197000
308,2,0,615,4,58,0.112500
309,2,0,27,4,124,0.054500
310,2,0,134,3,565,0.083000
311,2,0,132,13,973,0.064000
312,2,0,139,3,647,0.133000
313,2,1,182,52,603,0.050500
314,2,0,47,8,996,0.071500
315,2,0,765,35,189,0.051500
316,2,0,334,8,72,0.111000
317,2,1,6,14,320,0.051000
318,2,0,81,16,505,0.065500
319,2,0,53,16,430,0.053500
320,2,0,209,1,191,0.001000
321,2,0,39,6,647,0.257500
322,2,0,393,20,669,0.055000
323,2,1,4,8,85,0.050000
324,2,0,920,54,504,0.051000
325,2,0,414,10,799,0.091500
326,2,1,827,138,58,0.052500
327,2,0,489,46,724,0.052000
328,2,0,550,3,249,0.079000
329,2,1,4,9,379,0.051500
330,2,1,4,51,924,0.054000
331,2,0,190,15,512,0.117000
332,2,0,28,4,58,0.059000
333,2,0,679,12,621,0.056000
334,2,0,369,8,335,0.060500
335,2,0,355,3,782,0.231500
336,2,0,371,9,806,0.220500
337,2,0,67,20,627,0.053000
338,2,0,121,4,54,0.084500
339,2,0,269,3,37,0.089000
340,2,1,4,67,767,0.051000
341,2,1,173,8,189,0.051000
342,2,0,41,3,947,0.068000
343,2,0,25,2,169,0.097000
344,2,0,87,2,238,0.097500
345,2,0,23,6,515,0.069000
346,2,1,4,6,72,0.435000
347,2,0,28,1,320,0.018000
348,2,0,15,8,565,0.129500
349,2,0,5,2,534,0.092500
350,2,1,1,4,350,0.175000
351,2,1,14,36,620,0.055000
352,2,0,72,11,165,0.058500
353,2,0,37,38,603,0.059500
354,2,0,926,4,315,0.050500
355,2,1,4,6,672,0.371000
356,2,0,116,5,410,0.052000
357,2,0,89,13,603,0.050000
358,2,0,66,13,505,0.055000
359,2,0,78,39,257,0.052500
360,2,0,582,49,792,0.056500
361,2,1,12,16,335,0.072000
362,2,0,110,1,768,0.013500
363,2,1,57,10,669,0.072000
364,2,0,130,26,249,0.072500
365,2,1,155,43,202,0.051000
366,2,0,57,3,947,0.191500
367,2,0,12,1,191,0.000500
368,2,0,402,3,534,0.201000
369,2,0,166,13,519,0.091500
370,2,0,39,41,257,0.052000
371,2,0,592,8,806,0.052500
372,2,1,347,17,996,0.050500
373,2,0,235,10,565,0.066500
374,2,0,6,3,533,0.060000
375,2,0,847,74,704,0.051000
376,2,0,163,17,828,0.073000
377,2,1,15,25,226,0.057000
378,2,1,1,10,378,0.052500
379,2,1,1,4,379,0.222500
380,2,1,40,49,767,0.057000
381,2,0,662,9,98,0.084000
382,2,1,1,1,382,0.042500
383,2,0,155,2,647,0.316500
384,2,0,724,58,98,0.051500
385,2,1,10,16,468,0.068500
386,2,1,41,80,7,0.057500
387,2,0,472,2,666,0.717000
388,2,0,47,8,799,0.052000
389,2,0,426,3,634,0.066000
390,2,0,955,86,603,0.052500
391,2,0,356,5,875,0.122500
392,2,0,26,1,603,0.038500
393,2,0,39,14,924,0.101000
394,2,0,4,1,315,0.011500
395,2,0,161,11,37,0.051500
396,2,0,58,8,800,0.081000
397,2,0,23,9,684,0.093000
398,2,1,874,180,98,0.052000
399,2,0,331,60,659,0.053500
400,2,1,34,66,345,0.050500
401,2,0,40,1,671,0.030000
402,2,0,4,3,799,0.085000
403,2,0,753,4,565,0.232000
404,2,0,263,21,504,0.057000
405,2,0,536,46,767,0.056500
406,2,0,5,1,799,0.023500
407,2,0,75,101,767,0.050500
408,2,0,100,8,666,0.087000
409,2,1,76,10,238,0.054000
410,2,0,11,1,191,0.001000
411,2,1,3,23,669,0.075000
412,2,1,25,9,430,0.054500
413,2,0,59,39,470,0.054000
414,2,0,26,8,98,0.071000
415,2,0,337,54,973,0.050000
416,2,0,175,5,973,0.065000
417,2,1,5,7,693,0.118500
418,2,0,394,31,739,0.062000
419,2,0,360,17,744,0.058500
420,2,0,189,22,403,0.052000
421,2,0,3,3,799,0.112500
422,2,0,9,3,54,0.051000
423,2,0,30,4,205,0.062000
424,2,0,64,5,191,0.686500
425,2,0,142,44,590,0.050500
426,2,1,6,7,914,0.066500
427,2,0,45,3,947,0.181500
428,2,0,101,1,534,0.009000
429,2,0,8,6,519,0.125500
430,2,0,3,4,935,0.051500
431,2,0,602,1,782,0.000500
432,2,0,42,3,642,0.114000
433,2,1,2,8,124,0.071500
434,2,1,426,92,565,0.056000
435,2,0,196,2,191,0.140500
436,2,0,52,5,624,0.191000
437,2,1,4,7,320,0.145000
438,2,1,4,52,615,0.059000
439,2,1,8,27,659,0.078500
440,2,0,151,7,624,0.076000
441,2,0,424,2,24,0.102000
442,2,1,41,47,659,0.051000
443,2,1,8,13,430,0.118500
444,2,0,831,32,620,0.063000
445,2,1,19,33,627,0.054500
446,2,1,1,21,446,0.050000
447,2,0,470,33,947,0.050500
448,2,0,86,9,189,0.056500
449,2,0,15,2,947,0.056500
450,2,0,88,4,647,0.070500
451,2,0,492,58,791,0.052500
452,2,0,66,14,565,0.095000
453,2,0,62,6,189,0.074500
454,2,0,520,35,393,0.050000
455,2,0,138,27,693,0.052000
456,2,0,750,24,647,0.053500
457,2,0,26,1,642,0.006000
458,2,0,152,55,439,0.056500
459,2,0,16,1,647,0.000000
460,2,0,112,12,24,0.177500
461,2,0,5,5,58,0.068500
462,2,0,33,20,403,0.064000
463,2,0,657,1,169,0.012500
464,2,0,136,3,800,0.060500
465,2,0,28,1,647,0.001000
466,2,0,32,11,684,0.075500
467,2,0,17,2,647,0.779500
468,2,0,111,16,98,0.056000
469,2,0,202,4,533,0.069500
470,2,1,3,23,249,0.052500
471,2,0,169,27,924,0.053500
472,2,0,908,13,634,0.059000
473,2,0,246,1,799,0.023500
474,2,0,216,1,554,0.011500
475,2,0,175,11,746,0.064500
476,2,0,54,6,799,0.162500
477,2,0,102,56,502,0.050500
478,2,0,32,1,191,0.001000
479,2,0,47,1,191,0.000500
480,2,0,37,8,72,0.073500
481,2,0,254,7,533,0.050500
482,2,0,654,105,500,0.050000
483,2,0,103,1,693,0.042000
484,2,0,291,16,238,0.053500
485,2,0,702,1,666,0.016000
486,2,0,368,3,799,0.142000
487,2,0,631,61,924,0.060000
488,2,1,63,58,80,0.057000
489,2,0,6,1,666,0.014000
490,2,0,480,2,973,0.145000
491,2,0,434,68,603,0.061000
492,2,1,627,101,340,0.051000
493,2,1,3,12,476,0.072000
494,2,1,17,23,320,0.051000
495,2,0,191,22,382,0.052500
496,2,0,102,2,799,0.052500
497,2,1,50,66,193,0.069500
498,2,1,3,5,54,0.215000
499,2,0,97,14,249,0.054000
500,2,0,38,3,37,0.083500
501,2,0,13,8,536,0.144500
502,2,1,10,74,238,0.052500
503,2,0,432,50,791,0.051000
504,2,1,1,1,504,0.010500
505,2,1,1,4,505,0.060500
506,2,0,249,104,999,0.050000
507,2,0,786,35,454,0.052000
508,2,0,59,2,947,0.122500
509,2,1,5,10,127,0.136500
510,2,0,15,1,139,0.000000
511,2,0,120,1,768,0.016500
512,2,1,3,4,565,0.113500
513,2,0,43,8,57,0.063500
514,2,0,47,25,624,0.055000
515,2,0,5,5,724,0.050000
516,2,0,51,1,191,0.002500
517,2,0,110,21,223,0.054000
518,2,0,367,31,749,0.055000
519,2,1,1,17,519,0.094500
520,2,1,5,17,642,0.054500
521,2,0,157,4,647,0.050500
522,2,1,3,5,603,0.121500
523,2,0,8,2,647,0.777500
524,2,1,13,14,249,0.050500
525,2,0,305,2,971,0.078500
526,2,1,3,3,191,0.126500
527,2,0,146,25,642,0.068500
528,2,1,66,52,393,0.053000
529,2,0,162,7,684,0.119500
530,2,0,847,71,202,0.058000
531,2,0,74,46,454,0.050500
532,2,0,511,4,799,0.054000
533,2,1,1,5,533,0.066500
534,2,1,2,2,533,0.548000
535,2,0,912,15,996,0.051000
536,2,0,80,3,647,0.060500
537,2,0,311,3,647,0.159500
538,2,0,337,18,502,0.061000
539,2,0,19,14,504,0.051000
540,2,0,869,39,98,0.054500
541,2,0,211,7,624,0.051500
542,2,1,1,6,542,0.070500
543,2,0,680,22,480,0.056000
544,2,0,598,1,191,0.001000
545,2,1,874,18,533,0.051500
546,2,0,56,4,973,0.138000
547,2,0,106,5,22,0.065000
548,2,0,64,2,768,0.099000
549,2,0,907,104,80,0.052000
550,2,0,93,15,315,0.071500
551,2,0,156,28,515,0.087000
552,2,0,34,7,533,0.193000
553,2,0,106,3,634,0.187500
554,2,1,1,1,554,0.009000
555,2,0,10,12,189,0.056000
556,2,1,31,34,627,0.050000
557,2,0,367,106,668,0.050000
558,2,0,100,9,973,0.116000
559,2,0,226,1,199,0.007000
560,2,0,369,26,504,0.083500
561,2,0,893,84,999,0.053000
562,2,1,1,6,562,0.059000
563,2,1,52,31,504,0.076000
564,2,1,100,53,227,0.055500
565,2,1,4,17,512,0.052000
566,2,1,4,11,666,0.051000
567,2,0,322,32,272,0.058000
568,2,0,154,9,249,0.058000
569,2,0,883,40,98,0.050000
570,2,0,151,9,24,0.112500
571,2,0,158,16,671,0.059500
572,2,0,124,14,505,0.063000
573,2,0,488,1,947,0.016500
574,2,0,76,17,24,0.076500
575,2,1,5,9,22,0.050000
576,2,0,89,5,379,0.051500
577,2,0,223,14,191,0.054500
578,2,0,782,10,666,0.070000
579,2,0,171,5,249,0.060000
580,2,0,418,21,767,0.050000
581,2,0,117,3,647,0.188500
582,2,0,182,12,515,0.067000
583,2,1,492,82,202,0.053500
584,2,0,294,16,724,0.055000
585,2,0,222,3,693,0.405000
586,2,0,13,12,22,0.087000
587,2,0,320,108,238,0.060000
588,2,0,69,3,22,0.074500
589,2,0,324,23,403,0.053000
590,2,0,79,5,745,0.357000
591,2,1,7,12,704,0.075500
592,2,1,2,2,249,0.105500
593,2,0,106,13,749,0.055500
594,2,0,152,19,335,0.076500
595,2,0,18,13,856,0.079000
596,2,0,7,1,642,0.002000
597,2,0,21,6,724,0.062000
598,2,1,5,5,205,0.183500
599,2,0,154,20,603,0.062000
600,2,0,74,1,647,0.007000
601,2,0,256,8,806,0.238500
602,2,0,221,3,947,0.059500
603,2,1,1,1,603,0.005500
604,2,0,773,106,911,0.051000
605,2,0,516,43,627,0.056000
606,2,0,129,5,806,0.068000
607,2,0,232,2,315,0.710500
608,2,0,3,1,799,0.023500
609,2,1,362,90,202,0.054500
610,2,0,463,110,699,0.053500
611,2,0,91,6,565,0.104500
612,2,0,18,2,947,0.130000
613,2,0,250,1,799,0.020000
614,2,1,48,46,603,0.056000
615,2,1,2,4,320,0.163000
616,2,0,151,18,693,0.085000
617,2,0,59,1,189,0.022000
618,2,0,104,34,996,0.061500
619,2,0,45,1,799,0.027000
620,2,0,236,4,634,0.503500
621,2,0,295,48,58,0.053500
622,2,0,274,53,454,0.054500
623,2,0,470,5,24,0.269000
624,2,1,3,15,666,0.052500
625,2,0,191,3,603,0.075500
626,2,1,29,40,768,0.053000
627,2,1,1,35,627,0.052000
628,2,0,169,4,165,0.059500
629,2,1,1,3,629,0.070000
630,2,0,340,12,920,0.065500
631,2,0,290,7,534,0.435000
632,2,1,13,22,603,0.062500
633,2,1,14,15,800,0.069500
634,2,1,3,3,850,0.213500
635,2,1,14,13,72,0.091500
636,2,0,238,1,672,0.028500
637,2,0,996,133,846,0.050500
638,2,0,128,15,378,0.052500
639,2,0,411,2,799,0.063000
640,2,0,136,9,402,0.052000
641,2,0,97,2,647,0.231500
642,2,1,1,31,642,0.051500
643,2,0,8,1,741,0.018000
644,2,0,67,6,565,0.272500
645,2,0,53,2,799,0.052000
646,2,0,6,1,741,0.026500
647,2,1,2,2,741,0.209500
648,2,0,514,19,565,0.065000
649,2,0,170,10,724,0.075000
650,2,0,80,12,724,0.051000
651,2,0,646,81,704,0.050000
652,2,0,231,3,199,0.087500
653,2,0,3,1,666,0.000500
654,2,0,124,6,191,0.089500
655,2,1,1,17,655,0.069500
656,2,0,4,1,799,0.032500
657,2,1,1,3,657,0.073000
658,2,1,196,20,565,0.070500
659,2,1,6,14,379,0.057500
660,2,0,130,21,351,0.052000
661,2,0,35,1,191,0.001000
662,2,1,4,7,223,0.123500
663,2,1,35,70,603,0.053000
664,2,0,62,2,72,0.931500
665,2,0,22,2,191,0.649000
666,2,0,15,2,647,0.072500
667,2,1,83,15,603,0.052000
668,2,1,4,13,603,0.068500
669,2,1,5,10,724,0.057000
670,2,1,182,53,468,0.050500
671,2,0,321,18,335,0.056000
672,2,1,1,1,672,0.000000
673,2,1,7,12,645,0.065500
674,2,1,13,90,454,0.050500
675,2,0,95,23,590,0.053000
676,2,0,223,1,37,0.036000
677,2,0,672,1,799,0.040500
678,2,1,2,3,799,0.071000
679,2,0,245,33,704,0.054500
680,2,0,63,2,799,0.080000
681,2,0,16,4,799,0.086500
682,2,1,14,18,504,0.054500
683,2,0,193,40,620,0.058500
684,2,1,1,4,684,0.200500
685,2,1,22,20,335,0.068500
686,2,0,23,11,256,0.069500
687,2,0,22,3,744,0.787000
688,2,0,122,12,54,0.062500
689,2,1,1,2,689,0.212000
690,2,0,31,8,768,0.056000
691,2,0,98,2,191,0.126000
692,2,0,18,6,498,0.109000
693,2,1,1,9,693,0.080000
694,2,0,14,1,782,0.002000
695,2,0,45,33,659,0.101500
696,2,0,144,5,191,0.085500
697,2,0,157,1,782,0.004500
698,2,0,92,2,199,0.105000
699,2,1,6,19,80,0.056500
700,2,0,19,3,924,0.082000
701,2,0,369,8,799,0.114500
702,2,1,1,11,702,0.257500
703,2,0,61,8,741,0.066500
704,2,1,1,7,704,0.147500
705,2,0,180,23,54,0.066000
706,2,1,108,13,666,0.055500
707,2,0,414,64,320,0.050500
708,2,0,159,3,642,0.668000
709,2,0,427,90,657,0.050500
710,2,0,44,33,233,0.057000
711,2,0,634,2,782,0.849000
712,2,1,5,13,603,0.069000
713,2,1,1,3,713,0.946500
714,2,0,379,34,647,0.051000
715,2,0,526,21,749,0.057000
716,2,1,136,50,767,0.050500
717,2,0,18,1,642,0.003000
718,2,0,13,7,565,0.062000
719,2,0,257,5,629,0.450000
720,2,0,138,2,191,0.115000
721,2,0,34,16,504,0.051000
722,2,0,375,7,378,0.075500
723,2,0,52,3,378,0.141000
724,2,0,14,16,746,0.070000
725,2,0,26,17,684,0.057000
726,2,0,131,14,505,0.053000
727,2,1,3,8,642,0.051000
728,2,0,102,8,554,0.051000
729,2,0,173,11,512,0.098000
730,2,1,2,9,504,0.063500
731,2,0,7,3,642,0.179500
732,2,0,99,33,934,0.057000
733,2,0,381,1,647,0.011500
734,2,0,66,84,253,0.051500
735,2,0,383,33,320,0.051000
736,2,0,166,1,191,0.016000
737,2,0,52,10,621,0.080000
738,2,0,29,6,127,0.073500
739,2,0,13,1,58,0.017500
740,2,1,8,9,498,0.055500
741,2,1,2,2,647,0.359000
742,2,0,276,8,478,0.115000
743,2,0,335,1,382,0.013000
744,2,1,1,4,744,0.071000
745,2,1,2,2,799,0.323000
746,2,0,6,4,745,0.189500
747,2,1,339,42,924,0.051500
748,2,0,183,7,684,0.106500
749,2,1,1,16,749,0.125000
750,2,1,1,9,750,0.064500
751,2,1,4,4,971,0.137000
752,2,0,25,1,924,0.022000
753,2,0,31,1,320,0.003000
754,2,0,14,4,603,0.066000
755,2,0,525,21,261,0.050000
756,2,0,197,32,603,0.050000
757,2,0,124,3,72,0.624000
758,2,0,3,1,844,0.002000
759,2,0,148,30,657,0.067500
760,2,1,273,56,406,0.052500
761,2,0,35,8,433,0.132500
762,2,0,223,54,238,0.050500
763,2,1,24,48,255,0.062500
764,2,1,38,45,454,0.092000
765,2,0,522,16,889,0.057500
766,2,0,200,54,505,0.061000
767,2,0,31,4,744,0.057500
768,2,0,7,1,58,0.016500
769,2,0,63,13,799,0.110000
770,2,0,33,17,512,0.054500
771,2,0,89,7,741,0.265500
772,2,0,195,8,647,0.055000
773,2,0,36,1,320,0.020000
774,2,0,53,1,191,0.001000
775,2,0,438,17,256,0.050500
776,2,0,388,20,480,0.104500
777,2,0,162,2,642,0.520500
778,2,0,519,111,227,0.051500
779,2,0,137,29,470,0.051500
780,2,0,42,2,534,0.314500
781,2,0,15,1,189,0.020500
782,2,1,1,1,782,0.000000
783,2,1,7,12,656,0.069000
784,2,0,471,70,340,0.051000
785,2,0,61,6,58,0.080500
786,2,0,142,12,52,0.050500
787,2,1,10,10,679,0.142000
788,2,1,2,61,767,0.058500
789,2,0,43,2,924,0.077500
790,2,0,485,3,124,0.101000
791,2,0,746,6,24,0.065500
792,2,1,2,18,98,0.063000
793,2,0,280,25,505,0.055000
794,2,0,34,17,72,0.057500
795,2,1,2,9,973,0.373000
796,2,0,74,28,320,0.070000
797,2,0,310,21,565,0.059000
798,2,0,282,16,875,0.052500
799,2,1,1,1,799,0.016000
800,2,0,377,14,498,0.108500
801,2,0,22,12,338,0.137000
802,2,0,187,23,957,0.058000
803,2,0,27,7,536,0.138000
804,2,0,22,2,249,0.071000
805,2,0,65,7,22,0.054000
806,2,0,165,3,647,0.086000
807,2,0,40,7,504,0.089000
808,2,0,988,25,124,0.051500
809,2,0,90,15,468,0.065000
810,2,1,8,5,799,0.138500
811,2,0,28,19,80,0.051500
812,2,1,666,71,657,0.051000
813,2,0,476,42,603,0.054000
814,2,0,270,11,382,0.080500
815,2,0,757,41,653,0.051000
816,2,0,154,4,402,0.156000
817,2,0,3,1,647,0.001000
818,2,1,188,7,515,0.054000
819,2,1,1,3,819,0.059000
820,2,0,413,98,590,0.053000
821,2,0,616,20,669,0.053000
822,2,1,4,13,430,0.075500
823,2,0,30,10,924,0.069500
824,2,0,4,1,191,0.002000
825,2,0,167,58,659,0.053500
826,2,0,255,9,749,0.080500
827,2,0,159,1,533,0.021000
828,2,1,3,14,935,0.056000
829,2,0,434,20,647,0.050000
830,2,1,2,15,304,0.061500
831,2,0,228,16,565,0.052000
832,2,0,86,1,191,0.000000
833,2,0,56,18,238,0.053500
834,2,0,408,14,346,0.126000
835,2,0,597,98,799,0.051500
836,2,0,45,12,315,0.099000
837,2,0,420,1,666,0.011500
838,2,0,72,10,127,0.050500
839,2,1,91,20,799,0.083000
840,2,0,285,5,565,0.103500
841,2,0,749,19,37,0.063500
842,2,0,24,38,924,0.050500
843,2,0,8,3,844,0.085500
844,2,1,1,1,844,0.003500
845,2,0,310,12,746,0.090500
846,2,1,7,10,238,0.075500
847,2,1,175,28,124,0.051000
848,2,0,196,43,320,0.059000
849,2,0,300,5,671,0.052500
850,2,1,4,5,554,0.073500
851,2,0,82,11,249,0.055000
852,2,0,556,22,515,0.058500
853,2,0,95,2,191,0.304000
854,2,0,549,49,791,0.052000
855,2,0,775,1,24,0.003000
856,2,0,43,4,565,0.079500
857,2,0,860,31,669,0.051000
858,2,0,796,93,98,0.053000
859,2,0,166,12,335,0.060500
860,2,0,17,5,98,0.068000
861,2,0,221,24,746,0.070000
862,2,0,138,14,72,0.060500
863,2,0,280,4,191,0.108000
864,2,0,361,5,199,0.101000
865,2,0,999,19,672,0.099500
866,2,0,190,18,828,0.057500
867,2,0,448,44,603,0.060500
868,2,1,36,37,98,0.051000
869,2,0,176,64,920,0.051500
870,2,1,5,14,799,0.104500
871,2,0,75,1,642,0.003500
872,2,0,267,15,256,0.064000
873,2,0,339,23,515,0.053000
874,2,0,12,1,533,0.015000
875,2,1,1,4,875,0.098500
876,2,1,9,10,850,0.073500
877,2,0,568,17,189,0.068000
878,2,0,29,11,320,0.139000
879,2,1,54,52,627,0.067500
880,2,0,351,12,24,0.063000
881,2,0,255,9,515,0.055500
882,2,0,144,10,127,0.050500
883,2,0,18,2,223,0.105500
884,2,1,7,12,536,0.071000
885,2,1,57,18,9,0.050000
886,2,0,892,3,782,0.234500
887,2,0,667,14,666,0.072000
888,2,0,1000,167,565,0.050000
889,2,0,71,2,191,0.172000
890,2,0,539,31,504,0.069000
891,2,0,267,3,874,0.329500
892,2,0,219,63,238,0.050000
893,2,0,134,3,199,0.117500
894,2,0,66,15,621,0.052500
895,2,0,19,7,749,0.054000
896,2,1,5,8,127,0.058000
897,2,0,180,10,906,0.059500
898,2,0,865,90,791,0.050500
899,2,0,111,4,374,0.381000
900,2,0,29,1,58,0.018500
901,2,0,96,47,454,0.051500
902,2,1,11,16,749,0.097500
903,2,0,49,9,973,0.074000
904,2,0,47,3,542,0.068000
905,2,0,5,1,79,0.000000
906,2,0,14,13,335,0.101500
907,2,0,114,9,603,0.076500
908,2,1,12,10,430,0.052500
909,2,0,82,20,973,0.062500
910,2,0,23,8,603,0.064000
911,2,0,48,1,37,0.003000
912,2,0,72,7,770,0.091500
913,2,0,25,2,874,0.843500
914,2,1,2,6,320,0.154500
915,2,0,258,3,647,0.189500
916,2,0,12,4,799,0.112500
917,2,0,61,2,191,0.114500
918,2,1,310,258,393,0.051500
919,2,0,6,1,656,0.021500
920,2,1,14,21,379,0.050500
921,2,0,4,1,672,0.035000
922,2,0,44,14,647,0.054000
923,2,0,133,2,169,0.112000
924,2,0,10,4,799,0.062000
925,2,0,83,16,565,0.076000
926,2,0,372,6,746,0.064000
927,2,0,295,50,768,0.054500
928,2,0,13,1,58,0.009500
929,2,0,87,11,947,0.134500
930,2,0,205,4,565,0.096000
931,2,0,183,6,533,0.240500
932,2,0,11,8,799,0.084500
933,2,0,13,1,799,0.034000
934,2,1,2,12,603,0.053000
935,2,1,5,10,565,0.056500
936,2,0,261,1,799,0.046000
937,2,0,62,3,382,0.253000
938,2,0,184,16,678,0.052500
939,2,1,144,27,77,0.054500
940,2,0,40,12,590,0.054500
941,2,0,280,40,454,0.055500
942,2,1,20,33,855,0.053000
943,2,0,689,19,565,0.060500
944,2,0,360,4,799,0.312000
945,2,1,164,25,973,0.056000
946,2,1,102,2,799,0.071000
947,2,1,1,1,947,0.003500
948,2,0,44,14,505,0.065000
949,2,1,281,51,767,0.051000
950,2,0,21,7,127,0.063000
951,2,0,731,53,957,0.050500
952,2,1,73,71,565,0.051500
953,2,0,668,99,681,0.054000
954,2,0,489,43,454,0.059000
955,2,0,407,40,515,0.054000
956,2,0,63,4,666,0.339500
957,2,0,32,18,678,0.052000
958,2,0,16,6,58,0.052500
959,2,0,44,8,806,0.083000
960,2,0,956,9,189,0.056500
961,2,0,52,16,504,0.072500
962,2,0,546,1,666,0.009500
963,2,0,155,20,127,0.059000
964,2,0,3,1,844,0.029500
965,2,1,8,10,947,0.087500
966,2,0,78,1,669,0.014500
967,2,0,825,37,433,0.053000
968,2,0,646,57,454,0.050000
969,2,1,5,13,536,0.065000
970,2,0,45,13,914,0.053000
971,2,0,3,1,751,0.007500
972,2,0,579,11,37,0.079000
973,2,0,8,1,504,0.025000
974,2,0,28,5,647,0.073000
975,2,0,311,2,634,0.110500
976,2,0,684,10,504,0.060500
977,2,0,984,43,744,0.052000
978,2,0,391,40,669,0.059500
979,2,0,593,43,889,0.075500
980,2,1,52,22,739,0.055000
981,2,1,839,84,799,0.053500
982,2,1,5,11,996,0.053500
983,2,0,353,1,647,0.000500
984,2,0,689,11,378,0.080000
985,2,1,581,27,799,0.050000
986,2,0,491,6,134,0.054500
987,2,1,29,12,973,0.057000
988,2,0,96,6,236,0.529500
989,2,0,46,18,744,0.050500
990,2,0,25,2,799,0.077000
991,2,0,131,2,647,0.051000
992,2,1,37,33,671,0.052500
993,2,0,43,2,22,0.084500
994,2,0,164,9,702,0.080000
995,2,0,397,22,724,0.053500
996,2,1,1,2,996,0.108500
997,2,0,266,5,565,0.050500
998,2,0,190,8,629,0.071000
999,2,0,680,2,72,0.843000
1000,2,0,569,48,264,0.051000
1,3,0,208,4,799,0.108500
2,3,0,339,20,335,0.054000
3,3,0,206,8,165,0.069500
4,3,0,148,1,191,0.000500
5,3,1,2,7,169,0.059000
6,3,0,40,3,647,0.213000
7,3,0,282,2,382,0.882500
8,3,1,17,29,603,0.058000
9,3,1,5,17,249,0.062500
10,3,0,201,5,886,0.067500
11,3,0,5,1,554,0.003500
12,3,0,507,34,924,0.050000
13,3,1,27,33,505,0.063000
14,3,0,25,5,973,0.062500
15,3,1,22,28,819,0.057000
16,3,0,608,1,642,0.014000
17,3,0,97,37,337,0.055500
18,3,0,54,28,603,0.060500
19,3,0,66,1,382,0.048500
20,3,0,240,10,767,0.055500
21,3,0,787,13,378,0.050000
22,3,0,3,2,647,0.190500
23,3,0,26,14,124,0.062000
24,3,1,8,12,72,0.075000
25,3,0,14,2,744,0.424500
26,3,0,721,8,624,0.089500
27,3,0,240,44,603,0.052500
28,3,0,146,30,924,0.050500
29,3,0,530,48,744,0.050500
30,3,0,11,6,850,0.154000
31,3,0,7,2,684,0.728000
32,3,0,41,33,320,0.053000
33,3,1,504,94,608,0.059000
34,3,0,291,1,799,0.043500
35,3,0,491,5,72,0.200500
36,3,0,63,9,320,0.071500
37,3,0,3,3,169,0.113000
38,3,0,250,1,799,0.030000
39,3,0,620,88,470,0.053000
40,3,0,55,17,505,0.058000
41,3,0,20,17,98,0.053500
42,3,0,307,4,634,0.050500
43,3,0,177,6,379,0.060500
44,3,0,120,3,410,0.084500
45,3,0,52,14,565,0.055500
46,3,1,64,29,657,0.061500
47,3,0,72,3,191,0.099000
48,3,0,41,7,603,0.059500
49,3,0,13,1,924,0.019000
50,3,0,18,14,22,0.057500
51,3,0,305,46,470,0.056000
52,3,1,9,11,119,0.056000
53,3,0,200,1,799,0.043500
54,3,0,3,1,191,0.000000
55,3,0,435,15,656,0.051000
56,3,0,75,2,799,0.057500
57,3,0,40,28,603,0.050500
58,3,1,1,1,58,0.016000
59,3,0,19,2,947,0.094000
60,3,1,61,10,799,0.053500
61,3,0,84,3,911,0.087000
62,3,0,193,47,620,0.052500
63,3,0,686,77,767,0.056500
64,3,0,73,9,830,0.143000
65,3,1,3,3,627,0.127500
66,3,0,238,5,205,0.051500
67,3,0,19,6,199,0.051000
68,3,1,2,11,627,0.052500
69,3,1,3,14,249,0.066000
70,3,0,34,13,634,0.061500
71,3,1,13,47,603,0.052500
72,3,0,32,6,647,0.065500
73,3,0,71,8,22,0.061000
74,3,0,62,27,603,0.064000
75,3,0,728,21,98,0.064000
76,3,0,64,5,565,0.075500
77,3,0,393,12,799,0.050500
78,3,1,1,16,78,0.053000
79,3,1,4,4,478,0.144500
80,3,1,1,11,80,0.050500
81,3,0,109,18,592,0.055000
82,3,0,118,7,536,0.131500
83,3,1,9,42,669,0.050000
84,3,0,591,9,85,0.121500
85,3,0,10,4,799,0.082000
86,3,0,186,20,80,0.052500
87,3,0,38,3,647,0.050000
88,3,0,674,6,745,0.052000
89,3,0,782,44,657,0.050000
90,3,0,3,1,947,0.002500
91,3,0,32,4,37,0.051500
92,3,0,50,1,672,0.012500
93,3,0,6,2,819,0.241500
94,3,0,321,18,226,0.058000
95,3,0,396,33,656,0.056500
96,3,1,6,22,679,0.086000
97,3,0,90,14,536,0.058500
98,3,1,1,9,98,0.053000
99,3,0,10,9,806,0.076000
100,3,0,89,29,320,0.054000
101,3,1,23,22,603,0.060000
102,3,0,32,2,534,0.053500
103,3,1,2,3,782,0.223500
104,3,0,518,50,189,0.050000
105,3,1,1,8,105,0.052500
106,3,0,137,7,782,0.059500
107,3,0,54,1,191,0.000000
108,3,1,409,178,277,0.052500
109,3,0,135,8,647,0.058000
110,3,0,41,12,504,0.051500
111,3,1,2,2,819,0.484000
112,3,0,7,3,382,0.286000
113,3,0,66,19,603,0.075000
114,3,0,500,75,752,0.051500
115,3,0,80,2,947,0.055500
116,3,1,11,5,647,0.050000
117,3,0,34,10,510,0.186000
118,3,0,121,19,335,0.059000
119,3,0,419,4,799,0.360000
120,3,1,10,14,523,0.067000
121,3,0,127,11,24,0.126500
122,3,1,272,111,202,0.052000
123,3,0,218,14,505,0.062500
124,3,1,2,2,647,0.334500
125,3,0,295,1,533,0.023500
126,3,1,6,5,256,0.079500
127,3,1,1,4,127,0.058000
128,3,0,309,2,382,0.138500
129,3,0,470,5,565,0.274000
130,3,0,23,1,924,0.025500
131,3,1,12,57,791,0.064500
132,3,0,47,4,315,0.071500
133,3,1,5,29,615,0.060000
134,3,1,1,1,134,0.030000
135,3,0,103,1,37,0.007500
136,3,0,133,2,320,0.317500
137,3,0,338,11,947,0.084500
138,3,0,315,4,739,0.057500
139,3,1,2,2,782,0.955000
140,3,0,696,23,219,0.051500
141,3,0,12,8,1,0.053000
142,3,0,68,1,191,0.017500
143,3,0,48,5,693,0.121500
144,3,0,209,16,378,0.051500
145,3,0,111,31,642,0.052500
146,3,0,164,11,403,0.063500
147,3,0,177,31,603,0.050500
148,3,0,144,18,914,0.077000
149,3,0,205,8,199,0.111500
150,3,0,13,1,103,0.004000
151,3,0,286,1,24,0.015500
152,3,0,15,7,534,0.114500
153,3,1,382,55,767,0.050000
154,3,0,221,20,85,0.050500
155,3,0,115,31,257,0.077500
156,3,0,62,14,505,0.070000
157,3,0,34,1,642,0.010500
158,3,0,441,73,202,0.056000
159,3,0,115,1,924,0.028000
160,3,0,408,19,468,0.062000
161,3,1,60,70,791,0.055000
162,3,0,6,3,72,0.100500
163,3,0,639,1,799,0.044500
164,3,0,194,17,973,0.056000
165,3,0,5,3,647,0.472500
166,3,0,102,1,191,0.001000
167,3,0,9,8,308,0.064000
168,3,0,2,1,58,0.016500
169,3,1,1,1,169,0.001000
170,3,0,127,11,875,0.050000
171,3,0,31,18,624,0.059000
172,3,1,10,18,731,0.062000
173,3,0,30,1,320,0.001000
174,3,0,254,12,565,0.125000
175,3,0,153,11,565,0.062500
176,3,0,295,1,24,0.002500
177,3,1,10,19,672,0.120500
178,3,1,12,27,202,0.052000
179,3,0,64,31,603,0.058000
180,3,0,347,69,502,0.053000
181,3,0,534,24,678,0.075000
182,3,0,915,121,454,0.050000
183,3,0,106,9,37,0.052500
184,3,0,12,1,947,0.041000
185,3,0,5,1,647,0.000000
186,3,0,477,1,782,0.000000
187,3,0,41,16,512,0.055500
188,3,0,456,12,236,0.057500
189,3,1,1,2,189,0.985500
190,3,0,95,3,924,0.088500
191,3,1,1,2,191,0.269500
192,3,0,134,33,590,0.056000
193,3,0,588,60,345,0.056000
194,3,0,829,68,505,0.051000
195,3,0,150,3,666,0.295500
196,3,0,132,11,22,0.054500
197,3,0,130,6,565,0.077000
198,3,0,26,1,124,0.012500
199,3,1,1,3,199,0.157000
200,3,0,168,16,603,0.056500
201,3,0,109,8,634,0.060500
202,3,0,201,1,799,0.034000
203,3,1,2,4,504,0.055500
204,3,0,29,27,249,0.052000
205,3,1,2,6,850,0.132000
206,3,0,4,1,58,0.016500
207,3,0,95,8,254,0.090500
208,3,1,659,102,767,0.050000
209,3,0,14,5,973,0.112000
210,3,1,15,17,430,0.058000
211,3,0,35,4,134,0.105000
212,3,0,71,25,590,0.050000
213,3,0,130,4,478,0.179500
214,3,0,258,2,924,0.085000
215,3,0,75,9,973,0.087500
216,3,0,151,52,627,0.058000
217,3,0,711,64,80,0.051500
218,3,1,2,44,7,0.053000
219,3,1,2,12,746,0.078500
220,3,0,31,17,320,0.052000
221,3,0,523,74,999,0.050500
222,3,0,256,1,666,0.003500
223,3,1,1,2,223,0.353000
224,3,0,285,14,565,0.056000
225,3,0,231,1,844,0.001500
226,3,1,6,7,505,0.141500
227,3,0,37,24,603,0.053000
228,3,0,25,3,236,0.698500
229,3,0,20,12,739,0.104500
230,3,0,607,51,657,0.061000
231,3,0,18,6,620,0.097000
232,3,0,112,4,799,0.111000
233,3,0,113,1,647,0.042000
234,3,0,734,113,791,0.055000
235,3,0,788,29,98,0.052000
236,3,1,1,1,236,0.028500
237,3,0,9,1,672,0.000500
238,3,1,1,13,238,0.052500
239,3,0,26,15,403,0.083500
240,3,0,29,12,603,0.052500
241,3,0,199,9,914,0.080000
242,3,1,8,16,77,0.088500
243,3,0,52,7,378,0.075000
244,3,0,360,28,515,0.057000
245,3,0,157,11,58,0.058000
246,3,0,169,124,767,0.050000
247,3,0,189,4,666,0.181000
248,3,0,293,6,565,0.094000
249,3,1,2,15,430,0.050000
250,3,0,132,37,524,0.073500
251,3,1,285,58,90,0.054000
252,3,0,50,18,379,0.051500
253,3,0,142,9,562,0.076000
254,3,1,4,11,127,0.153000
255,3,0,7,4,914,0.061000
256,3,1,2,19,480,0.096500
257,3,1,6,15,308,0.067500
258,3,0,55,9,672,0.106500
259,3,0,15,1,799,0.017500
260,3,0,51,21,627,0.051500
261,3,1,2,5,947,0.077500
262,3,1,14,14,565,0.056000
263,3,0,372,10,603,0.051000
264,3,0,12,6,189,0.086000
265,3,0,254,10,37,0.070000
266,3,0,861,40,647,0.051500
267,3,0,256,11,134,0.109500
268,3,0,276,11,382,0.247000
269,3,0,46,1,191,0.001500
270,3,1,76,38,659,0.051000
271,3,0,76,4,908,0.070500
272,3,0,757,30,657,0.051000
273,3,0,14,22,433,0.050000
274,3,0,255,11,502,0.061500
275,3,0,171,19,973,0.053500
276,3,0,160,9,768,0.063500
277,3,0,536,8,24,0.111500
278,3,1,149,80,307,0.050500
279,3,0,359,49,656,0.052000
280,3,0,131,6,647,0.050500
281,3,0,45,17,335,0.050500
282,3,1,2,6,382,0.086500
283,3,0,546,46,739,0.052500
284,3,0,127,9,669,0.052500
285,3,0,195,9,519,0.060000
286,3,0,440,28,504,0.060000
287,3,0,575,10,745,0.071500
288,3,0,255,1,37,0.041000
289,3,0,79,14,191,0.067000
290,3,1,371,18,767,0.050500
291,3,0,719,14,504,0.059000
292,3,1,21,97,791,0.050000
293,3,0,89,1,844,0.000000
294,3,1,5,6,672,0.190000
295,3,0,306,8,378,0.056500
296,3,0,268,2,666,0.066000
297,3,0,14,4,908,0.175500
298,3,0,3,2,684,0.200000
299,3,1,3,7,37,0.152500
300,3,0,386,62,608,0.050000
301,3,0,397,10,127,0.135500
302,3,0,184,2,191,0.250500
303,3,0,21,2,799,0.078000
304,3,1,9,11,58,0.126500
305,3,0,932,57,98,0.054500
306,3,0,54,17,256,0.102500
307,3,1,6,6,693,0.107500
308,3,1,1,5,308,0.273500
309,3,1,184,56,238,0.051500
310,3,0,25,1,647,0.008500
311,3,1,80,6,973,0.051500
312,3,0,81,12,205,0.557000
313,3,1,321,56,603,0.055000
314,3,0,258,1,666,0.001000
315,3,1,1,4,315,0.063500
316,3,0,318,11,346,0.057500
317,3,0,45,36,855,0.083000
318,3,0,195,88,7,0.053000
319,3,0,38,18,430,0.082500
320,3,1,2,10,78,0.052500
321,3,0,185,2,554,0.438000
322,3,0,344,37,98,0.050000
323,3,1,7,9,98,0.117000
324,3,0,965,51,468,0.050500
325,3,0,214,7,924,0.058000
326,3,0,776,52,77,0.058500
327,3,1,169,97,603,0.053000
328,3,0,310,9,169,0.065000
329,3,0,11,1,603,0.005000
330,3,1,1,34,330,0.050500
331,3,0,208,6,1,0.073500
332,3,0,109,13,744,0.058500
333,3,1,782,51,704,0.050500
334,3,0,281,68,659,0.066000
335,3,0,11,2,684,0.203000
336,3,0,241,5,236,0.075500
337,3,1,3,7,875,0.055000
338,3,0,8,5,422,0.084000
339,3,0,152,2,169,0.275500
340,3,0,145,4,565,0.186500
341,3,1,297,69,402,0.054000
342,3,0,61,1,799,0.032000
343,3,1,8,9,24,0.088000
344,3,0,32,44,238,0.053000
345,3,0,21,14,512,0.118000
346,3,1,1,11,346,0.090500
347,3,0,54,1,320,0.015500
348,3,1,1,10,348,0.055500
349,3,0,3,2,24,0.081000
350,3,1,3,3,782,0.052500
351,3,1,1,3,351,0.417000
352,3,0,57,36,345,0.053000
353,3,0,39,16,642,0.053000
354,3,0,996,21,819,0.050000
355,3,0,82,12,378,0.055500
356,3,0,51,33,749,0.050500
357,3,0,45,33,934,0.095000
358,3,0,96,4,565,0.241500
359,3,0,82,15,257,0.055000
360,3,0,542,22,973,0.054500
361,3,1,8,20,254,0.076500
362,3,0,173,5,223,0.063500
363,3,1,30,9,724,0.059000
364,3,0,213,9,505,0.071000
365,3,0,590,33,947,0.051500
366,3,0,79,6,973,0.153000
367,3,0,32,6,24,0.094500
368,3,1,55,24,240,0.054000
369,3,0,76,17,249,0.054000
370,3,0,633,11,666,0.054000
371,3,0,412,17,346,0.055500
372,3,1,427,17,666,0.051000
373,3,1,49,95,924,0.051000
374,3,1,1,9,374,0.241000
375,3,0,884,57,752,0.055500
376,3,0,134,13,430,0.055500
377,3,0,113,12,647,0.135000
378,3,1,3,6,666,0.119000
379,3,1,1,1,379,0.014000
380,3,0,161,20,315,0.057500
381,3,0,183,28,80,0.069000
382,3,1,2,2,1,0.157500
383,3,0,306,119,219,0.051000
384,3,0,886,26,37,0.054000
385,3,1,14,12,693,0.095000
386,3,0,383,2,24,0.056500
387,3,0,33,8,669,0.069000
388,3,1,8,7,745,0.067000
389,3,0,41,3,379,0.207500
390,3,1,2,13,480,0.099500
391,3,0,121,20,603,0.050500
392,3,0,15,7,337,0.065500
393,3,0,423,3,22,0.124000
394,3,0,4,2,315,0.345500
395,3,1,4,49,590,0.050500
396,3,0,162,29,749,0.050000
397,3,0,136,20,502,0.051500
398,3,0,769,14,637,0.086500
399,3,0,224,1,191,0.002000
400,3,0,25,22,9,0.051500
401,3,0,426,14,669,0.056500
402,3,1,2,5,745,0.053000
403,3,0,43,8,1,0.058500
404,3,1,485,89,189,0.054500
405,3,0,834,7,947,0.069000
406,3,0,5,1,799,0.046000
407,3,0,292,16,996,0.070500
408,3,0,246,9,565,0.091000
409,3,1,145,32,382,0.061500
410,3,0,10,5,191,0.180000
411,3,0,24,8,505,0.055000
412,3,0,33,12,590,0.057000
413,3,0,116,6,634,0.057500
414,3,0,25,11,657,0.057000
415,3,0,637,135,656,0.051000
416,3,0,4,3,315,0.077500
417,3,0,57,3,799,0.122500
418,3,1,373,130,767,0.058000
419,3,0,175,5,739,0.051000
420,3,0,271,26,504,0.077000
421,3,0,13,3,947,0.386500
422,3,0,16,2,191,0.099000
423,3,0,343,27,515,0.061000
424,3,0,135,2,533,0.189500
425,3,0,689,11,806,0.061500
426,3,1,1,9,426,0.072000
427,3,0,43,10,608,0.067000
428,3,0,123,5,534,0.079500
429,3,1,7,10,298,0.057000
430,3,1,1,5,430,0.109500
431,3,0,635,2,782,0.392000
432,3,0,12,3,642,0.065000
433,3,0,95,7,656,0.090000
434,3,0,707,31,724,0.055000
435,3,0,90,2,320,0.128000
436,3,0,311,46,470,0.064500
437,3,0,9,1,191,0.000000
438,3,0,41,14,875,0.053500
439,3,1,9,11,620,0.113500
440,3,0,199,5,624,0.070500
441,3,0,201,6,603,0.077500
442,3,0,56,45,627,0.054500
443,3,0,6,5,828,0.098500
444,3,1,11,8,533,0.050000
445,3,1,23,23,875,0.053000
446,3,0,27,9,603,0.053000
447,3,1,46,10,378,0.134000
448,3,0,40,7,973,0.060000
449,3,1,5,5,744,0.212500
450,3,0,80,7,134,0.051500
451,3,0,444,16,671,0.052000
452,3,1,17,13,724,0.073000
453,3,0,47,18,22,0.062500
454,3,0,20,10,603,0.056500
455,3,0,196,3,504,0.133000
456,3,0,735,12,724,0.051000
457,3,0,57,1,191,0.001000
458,3,0,135,72,227,0.050500
459,3,0,9,1,647,0.015500
460,3,0,307,1,37,0.024000
461,3,0,84,11,744,0.123000
462,3,0,81,7,1,0.059000
463,3,0,808,1,169,0.013000
464,3,0,711,33,603,0.053000
465,3,0,26,3,741,0.128000
466,3,0,92,15,348,0.071500
467,3,0,23,1,647,0.025500
468,3,0,64,6,656,0.057500
469,3,0,63,10,498,0.077000
470,3,0,446,2,634,0.531500
471,3,0,31,4,666,0.061500
472,3,1,619,36,603,0.053000
473,3,0,55,14,504,0.108000
474,3,0,23,2,666,0.300500
475,3,0,381,98,590,0.054500
476,3,0,16,1,947,0.023500
477,3,1,15,16,620,0.054000
478,3,1,2,4,533,0.120000
479,3,0,8,1,37,0.021000
480,3,0,462,10,510,0.050500
481,3,0,206,1,534,0.012500
482,3,0,226,2,533,0.093500
483,3,0,72,5,504,0.054000
484,3,0,246,6,799,0.056500
485,3,0,428,7,806,0.070500
486,3,1,203,54,608,0.050500
487,3,0,629,14,565,0.063000
488,3,0,423,31,739,0.050000
489,3,0,13,6,647,0.174000
490,3,1,411,54,681,0.053500
491,3,0,489,35,603,0.054500
492,3,1,659,92,340,0.051000
493,3,1,12,30,947,0.051000
494,3,0,19,13,603,0.051500
495,3,0,240,22,565,0.052000
496,3,0,28,11,693,0.061000
497,3,0,50,20,749,0.069500
498,3,0,7,9,78,0.050000
499,3,1,30,37,68,0.061500
500,3,0,47,26,249,0.052000
501,3,0,749,41,515,0.052500
502,3,0,79,6,565,0.058500
503,3,0,92,2,534,0.659500
504,3,1,1,1,504,0.026500
505,3,1,1,8,505,0.130000
506,3,0,258,93,999,0.053500
507,3,0,765,43,615,0.061000
508,3,0,18,14,799,0.052500
509,3,1,69,10,72,0.053000
510,3,0,8,6,647,0.055500
511,3,0,237,45,768,0.050000
512,3,1,1,7,512,0.130500
513,3,0,209,19,642,0.108000
514,3,0,42,22,24,0.052500
515,3,1,2,11,565,0.088000
516,3,0,152,42,627,0.050500
517,3,0,56,5,973,0.502000
518,3,0,449,3,533,0.107000
519,3,1,5,9,37,0.060500
520,3,0,6,1,37,0.008000
521,3,0,28,8,189,0.077500
522,3,1,4,6,379,0.052500
523,3,0,12,3,647,0.069000
524,3,0,28,28,470,0.058500
525,3,0,374,3,971,0.208000
526,3,1,3,5,422,0.059000
527,3,0,31,1,191,0.002000
528,3,0,345,14,565,0.056500
529,3,0,94,16,72,0.072000
530,3,0,857,59,603,0.055500
531,3,0,105,8,37,0.122500
532,3,1,343,30,767,0.051500
533,3,1,1,1,533,0.044000
534,3,1,2,2,191,0.201500
535,3,0,908,139,572,0.051000
536,3,0,5,3,72,0.208500
537,3,0,306,11,378,0.077000
538,3,1,13,12,335,0.076000
539,3,0,308,41,406,0.059500
540,3,0,785,80,470,0.051000
541,3,0,142,9,68,0.053000
542,3,1,1,1,542,0.000500
543,3,0,597,44,603,0.056500
544,3,0,101,17,874,0.058000
545,3,1,729,36,627,0.058500
546,3,0,10,7,672,0.054000
547,3,0,80,24,856,0.053000
548,3,0,93,15,947,0.063500
549,3,0,682,47,657,0.050000
550,3,0,141,27,621,0.061500
551,3,1,44,74,603,0.057500
552,3,0,216,1,191,0.001500
553,3,0,54,23,908,0.051500
554,3,1,2,4,134,0.583500
555,3,0,13,8,713,0.083500
556,3,1,16,26,627,0.071000
557,3,0,404,30,603,0.051000
558,3,0,74,4,58,0.078000
559,3,0,990,196,565,0.055500
560,3,0,530,40,77,0.050500
561,3,0,315,37,379,0.052000
562,3,1,2,7,924,0.087500
563,3,1,55,38,504,0.063500
564,3,1,101,78,671,0.051000
565,3,0,18,3,189,0.053500
566,3,0,85,4,647,0.290500
567,3,0,287,1,947,0.011500
568,3,1,40,14,249,0.058500
569,3,0,970,9,666,0.058000
570,3,0,475,73,470,0.051500
571,3,0,216,18,642,0.061500
572,3,0,46,12,565,0.067500
573,3,0,514,41,947,0.050500
574,3,0,197,1,37,0.030500
575,3,0,9,7,505,0.062500
576,3,0,130,27,934,0.051500
577,3,0,165,24,620,0.086000
578,3,0,591,11,378,0.060500
579,3,0,415,12,806,0.055000
580,3,1,640,159,870,0.050000
581,3,0,114,6,37,0.058000
582,3,0,303,5,724,0.068000
583,3,0,677,31,767,0.054000
584,3,0,287,10,745,0.114500
585,3,0,74,19,403,0.052500
586,3,0,90,8,634,0.052000
587,3,0,477,15,724,0.052500
588,3,1,5,9,746,0.117000
589,3,0,432,73,792,0.054000
590,3,0,8,13,80,0.066500
591,3,1,17,10,767,0.077000
592,3,1,2,3,249,0.083000
593,3,0,123,14,422,0.070500
594,3,0,830,63,470,0.053500
595,3,0,21,2,647,0.602500
596,3,1,37,64,470,0.062000
597,3,1,6,7,554,0.143000
598,3,1,7,7,205,0.135500
599,3,1,61,19,603,0.050500
600,3,0,72,10,378,0.092500
601,3,0,680,32,724,0.055000
602,3,1,176,23,856,0.056000
603,3,1,1,4,603,0.050500
604,3,0,379,2,519,0.259000
605,3,0,587,1,603,0.010000
606,3,1,591,25,669,0.065000
607,3,0,446,19,223,0.071500
608,3,1,1,3,608,0.112500
609,3,1,559,86,565,0.050000
610,3,0,792,6,22,0.076500
611,3,0,114,6,799,0.137000
612,3,0,22,4,58,0.118000
613,3,1,12,27,237,0.072000
614,3,0,186,18,724,0.050000
615,3,1,5,35,855,0.056500
616,3,0,151,22,795,0.051500
617,3,0,70,1,741,0.003000
618,3,0,116,21,504,0.060500
619,3,0,32,3,947,0.097000
620,3,1,2,17,249,0.069000
621,3,1,3,10,223,0.052000
622,3,0,197,14,320,0.059500
623,3,0,423,68,590,0.051500
624,3,1,1,3,624,0.075500
625,3,0,29,10,671,0.054000
626,3,0,45,7,58,0.264000
627,3,1,1,20,627,0.052000
628,3,0,251,87,502,0.053000
629,3,1,5,8,134,0.069500
630,3,1,73,41,615,0.053000
631,3,0,318,40,749,0.050500
632,3,1,17,23,603,0.055500
633,3,0,698,3,533,0.058500
634,3,1,2,14,165,0.062500
635,3,0,600,10,37,0.058000
636,3,0,241,102,90,0.051000
637,3,0,997,44,223,0.052000
638,3,0,468,13,515,0.087500
639,3,1,45,8,1,0.053500
640,3,0,107,31,947,0.052500
641,3,0,38,3,647,0.346000
642,3,1,1,1,642,0.008000
643,3,0,12,10,515,0.078500
644,3,0,66,12,565,0.055500
645,3,0,6,5,1,0.061500
646,3,0,4,1,647,0.000000
647,3,1,1,1,647,0.001000
648,3,0,584,26,515,0.066000
649,3,0,126,5,505,0.185000
650,3,0,46,3,624,0.056500
651,3,0,604,43,957,0.050500
652,3,0,8,1,782,0.004500
653,3,0,3,1,647,0.000500
654,3,0,36,3,422,0.314500
655,3,1,4,8,603,0.127500
656,3,1,1,1,656,0.018000
657,3,0,8,2,189,0.071000
658,3,0,245,4,505,0.207500
659,3,1,5,23,627,0.052500
660,3,0,253,11,565,0.056500
661,3,0,305,1,642,0.003000
662,3,0,7,5,223,0.129000
663,3,1,53,48,454,0.051500
664,3,0,257,70,728,0.053500
665,3,0,42,5,410,0.378500
666,3,1,2,10,806,0.055500
667,3,0,367,5,191,0.225500
668,3,0,56,33,586,0.052500
669,3,1,2,11,724,0.058000
670,3,1,181,40,656,0.052500
671,3,1,4,15,875,0.056500
672,3,1,1,1,672,0.004000
673,3,1,8,12,476,0.074500
674,3,0,684,19,9,0.068000
675,3,0,229,14,233,0.056500
676,3,0,670,12,72,0.063500
677,3,0,627,2,799,0.059000
678,3,0,5,2,799,0.066000
679,3,0,816,24,223,0.051000
680,3,0,51,11,924,0.079500
681,3,0,25,1,947,0.030500
682,3,0,139,1,947,0.004000
683,3,0,144,4,37,0.142000
684,3,1,1,2,684,0.578000
685,3,1,22,14,335,0.053500
686,3,0,23,14,390,0.064500
687,3,1,6,6,744,0.050500
688,3,1,28,41,101,0.067000
689,3,1,2,2,782,0.495000
690,3,0,274,31,932,0.056500
691,3,0,280,30,603,0.055500
692,3,1,6,11,498,0.058500
693,3,0,88,1,799,0.018000
694,3,0,24,5,139,0.068500
695,3,1,37,37,78,0.062000
696,3,0,13,10,749,0.056500
697,3,0,94,2,782,0.058500
698,3,0,127,12,127,0.097000
699,3,1,31,93,788,0.050500
700,3,0,16,1,58,0.016000
701,3,0,499,18,98,0.058500
702,3,0,23,4,554,0.059000
703,3,0,40,6,806,0.069000
704,3,1,6,7,924,0.081000
705,3,0,395,18,480,0.129500
706,3,0,35,4,672,0.228000
707,3,0,511,29,620,0.053500
708,3,0,15,1,191,0.001000
709,3,0,256,78,739,0.062000
710,3,0,117,1,647,0.009000
711,3,0,139,3,350,0.625500
712,3,1,6,12,603,0.060000
713,3,0,25,8,565,0.065000
714,3,0,322,24,98,0.051000
715,3,0,79,4,478,0.078500
716,3,1,484,47,856,0.054000
717,3,0,16,1,642,0.001000
718,3,0,9,4,565,0.136500
719,3,0,874,8,669,0.059000
720,3,0,357,52,500,0.053500
721,3,0,36,17,315,0.051500
722,3,0,305,22,666,0.052000
723,3,0,46,6,378,0.077000
724,3,1,1,2,724,0.057000
725,3,0,34,8,72,0.169000
726,3,0,143,2,647,0.599000
727,3,1,4,31,627,0.050500
728,3,0,19,9,565,0.068000
729,3,0,39,1,647,0.014500
730,3,1,3,10,973,0.062500
731,3,1,1,9,731,0.055000
732,3,1,21,41,615,0.052000
733,3,0,308,7,515,0.106000
734,3,0,548,7,768,0.064500
735,3,0,200,64,227,0.056000
736,3,0,90,3,191,0.381500
737,3,0,146,53,704,0.061000
738,3,0,19,10,82,0.064500
739,3,0,3,1,58,0.014500
740,3,0,162,3,79,0.427000
741,3,1,1,2,741,0.305500
742,3,0,563,14,52,0.067000
743,3,0,236,8,403,0.072500
744,3,1,1,3,744,0.742500
745,3,1,2,4,799,0.108500
746,3,0,9,6,565,0.090000
747,3,1,356,107,80,0.050000
748,3,0,262,26,505,0.063500
749,3,1,6,14,498,0.074000
750,3,0,20,4,749,0.087000
751,3,1,1,1,751,0.029000
752,3,0,18,8,799,0.076000
753,3,1,33,29,498,0.050500
754,3,0,446,18,257,0.078500
755,3,0,565,26,767,0.050500
756,3,0,205,41,603,0.053500
757,3,0,79,9,806,0.139500
758,3,0,3,1,844,0.004500
759,3,0,26,3,124,0.099000
760,3,0,301,19,924,0.051500
761,3,0,44,3,973,0.073000
762,3,0,466,24,98,0.054000
763,3,0,45,25,875,0.070000
764,3,0,78,40,320,0.050000
765,3,0,678,35,470,0.072000
766,3,0,160,64,565,0.051500
767,3,1,1,4,767,0.066500
768,3,1,1,3,768,0.073500
769,3,0,31,9,249,0.070000
770,3,0,64,6,565,0.068000
771,3,0,59,2,647,0.595500
772,3,0,24,1,139,0.006500
773,3,0,7,2,320,0.070500
774,3,0,181,3,191,0.166500
775,3,1,2,75,688,0.057000
776,3,0,641,38,669,0.053500
777,3,0,231,42,603,0.050500
778,3,0,285,5,24,0.053500
779,3,0,102,13,24,0.056500
780,3,0,96,6,875,0.050500
781,3,0,115,15,282,0.053000
782,3,1,1,1,782,0.000000
783,3,0,4,4,924,0.068500
784,3,0,115,33,379,0.054500
785,3,0,56,1,58,0.014000
786,3,0,378,64,238,0.056500
787,3,0,390,40,809,0.071500
788,3,1,8,18,924,0.059500
789,3,0,32,17,476,0.054500
790,3,1,309,42,124,0.057500
791,3,1,2,23,603,0.051000
792,3,1,5,24,98,0.058000
793,3,0,305,13,906,0.201500
794,3,0,149,10,666,0.091000
795,3,1,2,5,947,0.051000
796,3,0,219,2,478,0.960500
797,3,1,370,50,512,0.052500
798,3,0,623,4,534,0.054000
799,3,1,1,1,799,0.018000
800,3,0,35,9,498,0.056500
801,3,0,88,3,79,0.115000
802,3,0,180,17,515,0.062500
803,3,0,56,5,647,0.103000
804,3,0,280,3,634,0.160000
805,3,0,24,8,249,0.145000
806,3,1,5,5,666,0.264000
807,3,0,41,2,947,0.063500
808,3,0,698,8,679,0.067500
809,3,1,10,22,657,0.063000
810,3,0,256,5,504,0.074500
811,3,0,41,15,924,0.055500
812,3,1,675,59,98,0.051000
813,3,0,952,12,647,0.053500
814,3,1,2,4,403,0.150500
815,3,0,686,65,767,0.053500
816,3,0,278,7,565,0.065500
817,3,0,260,11,98,0.059000
818,3,1,203,13,515,0.056000
819,3,0,216,5,693,0.054000
820,3,0,70,9,205,0.062500
821,3,0,112,5,72,0.923500
822,3,1,4,11,430,0.069500
823,3,0,2,1,799,0.019500
824,3,0,2,1,191,0.001000
825,3,0,120,68,659,0.050500
826,3,0,132,6,800,0.067500
827,3,0,21,6,800,0.065000
828,3,1,2,9,430,0.181000
829,3,0,414,6,505,0.111000
830,3,1,3,3,58,0.054000
831,3,0,220,27,565,0.055000
832,3,1,2,4,320,0.120000
833,3,0,161,3,647,0.120500
834,3,0,548,2,37,0.107000
835,3,0,590,119,739,0.053500
836,3,0,27,2,744,0.842000
837,3,0,277,4,565,0.181500
838,3,0,664,6,565,0.106000
839,3,0,236,5,504,0.057500
840,3,1,10,11,542,0.050000
841,3,0,290,4,37,0.094500
842,3,0,65,15,80,0.053000
843,3,0,8,1,782,0.006000
844,3,0,294,1,672,0.006000
845,3,0,101,37,590,0.055500
846,3,0,72,29,973,0.062500
847,3,0,185,11,947,0.051500
848,3,0,258,51,439,0.058000
849,3,0,288,7,37,0.073000
850,3,1,1,5,850,0.259000
851,3,1,5,29,724,0.076500
852,3,0,49,11,72,0.053000
853,3,0,147,68,615,0.058500
854,3,1,464,111,227,0.051000
855,3,0,17,1,642,0.003500
856,3,0,11,6,189,0.253000
857,3,0,837,74,669,0.051000
858,3,0,819,14,169,0.051500
859,3,0,274,22,603,0.053500
860,3,0,20,10,98,0.124000
861,3,1,39,14,249,0.053500
862,3,0,169,10,565,0.051000
863,3,0,182,7,374,0.098000
864,3,0,969,22,647,0.054000
865,3,0,995,82,799,0.051500
866,3,0,150,6,505,0.178000
867,3,0,385,48,669,0.054500
868,3,0,108,15,505,0.061000
869,3,0,310,1,191,0.003500
870,3,1,2,13,98,0.054500
871,3,0,35,1,191,0.000000
872,3,0,18,17,671,0.052000
873,3,0,465,17,505,0.058500
874,3,0,9,6,533,0.100500
875,3,1,2,4,37,0.258000
876,3,0,15,7,165,0.055000
877,3,0,124,13,672,0.070500
878,3,0,13,1,320,0.011500
879,3,0,96,2,533,0.760500
880,3,0,209,12,430,0.121000
881,3,0,193,6,22,0.074000
882,3,0,505,83,493,0.072500
883,3,0,119,22,656,0.051500
884,3,0,80,2,169,0.091000
885,3,1,45,17,603,0.053000
886,3,0,11,6,672,0.054000
887,3,0,269,13,119,0.050500
888,3,0,1000,13,799,0.050500
889,3,1,1,31,889,0.068500
890,3,0,548,36,947,0.052500
891,3,0,75,47,615,0.051000
892,3,1,27,85,202,0.054000
893,3,0,783,111,340,0.058500
894,3,0,180,5,739,0.073500
895,3,0,13,4,105,0.067500
896,3,0,38,14,378,0.062500
897,3,0,260,6,533,0.050500
898,3,0,918,71,620,0.050000
899,3,0,509,54,659,0.055000
900,3,0,63,4,223,0.051000
901,3,0,167,10,671,0.051000
902,3,1,9,14,105,0.085500
903,3,0,85,28,403,0.057000
904,3,0,733,4,565,0.063500
905,3,0,96,8,534,0.084500
906,3,0,325,14,620,0.054000
907,3,0,77,6,603,0.057000
908,3,1,3,11,430,0.052500
909,3,0,235,3,672,0.087500
910,3,1,11,14,565,0.059000
911,3,0,66,51,443,0.050000
912,3,0,86,3,799,0.108500
913,3,0,48,1,533,0.041000
914,3,1,3,3,54,0.687000
915,3,0,21,13,828,0.072500
916,3,0,20,9,565,0.077500
917,3,0,82,1,191,0.001000
918,3,0,774,14,98,0.053500
919,3,0,4,1,58,0.017500
920,3,0,25,19,934,0.051500
921,3,0,644,1,799,0.023000
922,3,0,71,2,647,0.466500
923,3,0,524,16,98,0.057500
924,3,1,1,1,924,0.016000
925,3,0,108,10,799,0.074500
926,3,0,298,21,924,0.057500
927,3,0,60,11,819,0.051000
928,3,0,31,6,744,0.126000
929,3,0,163,4,1,0.151000
930,3,0,104,1,647,0.010000
931,3,0,30,1,191,0.000000
932,3,0,26,1,799,0.039000
933,3,0,11,4,565,0.059000
934,3,1,2,7,603,0.065500
935,3,0,2,1,22,0.021000
936,3,0,239,1,799,0.033000
937,3,0,27,4,382,0.055000
938,3,0,183,2,799,0.062500
939,3,1,212,21,77,0.067500
940,3,0,15,26,590,0.053000
941,3,0,445,11,37,0.071000
942,3,0,485,6,634,0.081000
943,3,0,131,9,72,0.217000
944,3,0,68,15,973,0.064500
945,3,0,168,8,223,0.170000
946,3,1,56,14,402,0.056500
947,3,0,11,2,799,0.064500
948,3,0,33,40,746,0.062000
949,3,0,442,36,792,0.056000
950,3,0,801,27,505,0.062500
951,3,0,157,11,127,0.072000
952,3,0,560,14,684,0.054000
953,3,0,20,1,672,0.001500
954,3,0,906,19,806,0.051500
955,3,0,31,1,666,0.026500
956,3,0,25,7,378,0.054000
957,3,1,1,24,957,0.057500
958,3,0,88,16,468,0.073500
959,3,0,37,6,236,0.204000
960,3,0,913,17,98,0.057500
961,3,0,97,4,799,0.232000
962,3,0,111,23,403,0.064000
963,3,0,166,12,515,0.114000
964,3,1,5,5,844,0.168000
965,3,0,19,8,656,0.053500
966,3,0,403,16,746,0.064500
967,3,0,661,12,745,0.092000
968,3,0,689,137,218,0.051500
969,3,1,1,21,969,0.053000
970,3,0,90,1,320,0.023500
971,3,1,4,4,782,0.249500
972,3,0,140,15,444,0.086500
973,3,1,1,11,973,0.053500
974,3,0,35,10,512,0.059000
975,3,0,451,38,590,0.052000
976,3,1,364,100,767,0.050000
977,3,0,970,14,58,0.054000
978,3,0,402,8,72,0.295000
979,3,0,380,12,256,0.054500
980,3,0,74,9,767,0.065500
981,3,0,906,55,468,0.052500
982,3,0,183,1,844,0.000000
983,3,0,241,1,666,0.008000
984,3,0,638,12,924,0.059500
985,3,1,577,39,98,0.065000
986,3,0,72,33,565,0.050000
987,3,1,40,39,504,0.128500
988,3,0,100,7,806,0.093000
989,3,0,37,4,744,0.192500
990,3,0,125,2,647,0.222000
991,3,0,208,14,430,0.112500
992,3,0,161,64,249,0.052500
993,3,0,47,7,505,0.079500
994,3,0,34,19,620,0.052500
995,3,0,237,9,346,0.122500
996,3,0,11,4,199,0.102500
997,3,0,247,11,799,0.082000
998,3,0,222,3,72,0.166500
999,3,0,573,15,542,0.055500
1000,3,0,231,47,98,0.051500
1,4,1,1,1,1,0.030500
2,4,0,943,91,791,0.050500
3,4,0,140,17,395,0.060500
4,4,0,216,16,620,0.055000
5,4,0,6,4,647,0.085500
6,4,0,37,4,236,0.068000
7,4,0,31,15,935,0.081000
8,4,0,62,16,603,0.059500
9,4,1,1,6,9,0.118500
10,4,0,804,119,340,0.056000
11,4,0,12,1,554,0.036000
12,4,0,377,16,666,0.055500
13,4,0,97,13,22,0.052500
14,4,0,135,2,947,0.116000
15,4,1,20,16,504,0.057500
16,4,0,76,13,335,0.149500
17,4,0,125,57,875,0.060000
18,4,0,34,13,603,0.097000
19,4,0,18,9,72,0.065500
20,4,0,375,66,919,0.052500
21,4,0,948,15,98,0.066500
22,4,1,2,9,678,0.053500
23,4,0,11,10,672,0.070000
24,4,0,10,9,72,0.187500
25,4,0,13,3,947,0.463000
26,4,0,194,12,669,0.057000
27,4,0,124,17,634,0.054500
28,4,0,122,65,681,0.052000
29,4,0,230,25,672,0.074000
30,4,1,12,12,72,0.080500
31,4,0,23,14,534,0.050500
32,4,0,34,9,379,0.205500
33,4,0,310,8,666,0.050500
34,4,1,171,46,924,0.051500
35,4,0,260,4,37,0.148000
36,4,0,89,27,320,0.068500
37,4,1,1,1,37,0.020000
38,4,1,34,9,767,0.122500
39,4,1,433,108,669,0.051000
40,4,0,49,30,505,0.054000
41,4,0,22,15,98,0.062500
42,4,0,114,36,470,0.062500
43,4,1,49,41,627,0.068500
44,4,0,93,3,320,0.095000
45,4,0,60,9,565,0.068000
46,4,0,118,6,947,0.062000
47,4,0,16,1,534,0.014000
48,4,0,97,16,603,0.058500
49,4,0,51,6,924,0.051500
50,4,0,11,7,134,0.051500
51,4,1,49,17,603,0.053500
52,4,0,992,22,657,0.053000
53,4,0,220,1,799,0.041500
54,4,0,22,1,191,0.005500
55,4,0,485,8,947,0.054000
56,4,0,50,16,799,0.087500
57,4,0,57,6,519,0.266000
58,4,1,1,7,58,0.166000
59,4,0,20,15,947,0.066500
60,4,1,107,21,219,0.058000
61,4,0,81,3,37,0.059000
62,4,0,335,5,37,0.075500
63,4,0,648,42,730,0.050500
64,4,1,3,8,744,0.059000
65,4,1,5,5,603,0.065000
66,4,0,145,1,165,0.042000
67,4,0,604,9,724,0.071000
68,4,0,14,5,634,0.064000
69,4,1,5,15,603,0.059000
70,4,0,135,16,335,0.175000
71,4,0,80,5,875,0.093000
72,4,1,1,1,72,0.015000
73,4,0,55,5,238,0.157000
74,4,0,99,46,603,0.057500
75,4,0,757,13,565,0.050000
76,4,0,36,7,282,0.059000
77,4,1,1,15,77,0.051000
78,4,1,3,43,855,0.072000
79,4,1,3,3,533,0.228500
80,4,1,2,6,924,0.164000
81,4,0,109,13,603,0.064000
82,4,1,6,13,127,0.123500
83,4,0,116,49,746,0.052000
84,4,0,570,20,189,0.051000
85,4,1,5,9,98,0.196500
86,4,0,445,12,562,0.054500
87,4,0,96,2,741,0.401500
88,4,1,2,5,308,0.083000
89,4,0,921,42,809,0.051000
90,4,0,3,1,947,0.003500
91,4,0,54,21,430,0.050500
92,4,0,51,3,504,0.390500
93,4,0,539,7,657,0.050500
94,4,0,14,8,634,0.056000
95,4,0,250,27,562,0.055000
96,4,0,549,5,799,0.056000
97,4,0,94,10,378,0.056000
98,4,0,17,7,746,0.053000
99,4,0,11,3,72,0.087000
100,4,0,175,1,642,0.003000
101,4,1,23,41,627,0.056000
102,4,0,246,4,620,0.069000
103,4,1,1,14,103,0.080500
104,4,0,422,106,767,0.051500
105,4,0,23,19,749,0.053000
106,4,0,29,11,256,0.363000
107,4,1,1,12,107,0.050500
108,4,0,502,19,390,0.075500
109,4,0,289,26,505,0.052000
110,4,0,33,29,261,0.051000
111,4,1,1,1,111,0.006500
112,4,1,5,7,382,0.100500
113,4,0,46,11,430,0.053000
114,4,0,329,25,704,0.050500
115,4,0,66,1,656,0.018500
116,4,0,16,5,124,0.095500
117,4,0,30,11,565,0.063000
118,4,0,658,60,351,0.057000
119,4,0,241,11,924,0.093500
120,4,0,19,5,536,0.412500
121,4,0,64,18,702,0.056000
122,4,1,405,104,739,0.052000
123,4,0,180,54,590,0.051500
124,4,0,2,1,647,0.022500
125,4,0,634,97,999,0.052500
126,4,0,138,3,169,0.107000
127,4,1,2,4,199,0.053000
128,4,0,314,7,565,0.108000
129,4,1,56,75,202,0.057000
130,4,0,90,5,656,0.063000
131,4,1,14,34,934,0.051000
132,4,0,98,31,973,0.053000
133,4,0,136,1,191,0.025000
134,4,1,2,2,647,0.769500
135,4,0,214,8,24,0.064500
136,4,0,236,11,320,0.065500
137,4,0,185,18,666,0.058000
138,4,1,76,92,20,0.050000
139,4,1,1,2,139,0.391000
140,4,0,834,81,73,0.050000
141,4,1,12,16,124,0.050000
142,4,0,41,3,191,0.163500
143,4,0,14,11,223,0.055000
144,4,0,877,26,98,0.055500
145,4,0,41,2,534,0.700000
146,4,0,69,8,767,0.058000
147,4,0,153,34,603,0.055500
148,4,0,12,1,191,0.000000
149,4,0,691,90,791,0.051000
150,4,0,7,1,782,0.001000
151,4,0,485,30,791,0.074000
152,4,0,191,9,634,0.161000
153,4,0,475,15,799,0.091500
154,4,0,197,8,657,0.061500
155,4,0,94,6,603,0.100500
156,4,0,57,8,22,0.116000
157,4,0,92,2,533,0.133500
158,4,0,795,11,799,0.051500
159,4,0,103,1,924,0.028500
160,4,0,280,20,223,0.052000
161,4,1,40,68,791,0.058000
162,4,0,42,1,647,0.000000
163,4,0,336,5,767,0.059500
164,4,0,236,29,739,0.050000
165,4,1,1,5,165,0.064000
166,4,0,66,1,191,0.001500
167,4,0,212,3,924,0.262000
168,4,1,2,2,58,0.242500
169,4,1,1,1,169,0.001000
170,4,0,240,23,603,0.080500
171,4,0,19,2,850,0.939500
172,4,0,31,1,642,0.009000
173,4,0,10,1,320,0.011500
174,4,0,138,81,704,0.052500
175,4,0,172,10,505,0.080500
176,4,0,136,16,627,0.080500
177,4,0,313,8,666,0.057500
178,4,1,15,28,924,0.050500
179,4,0,102,35,620,0.080000
180,4,0,185,4,634,0.072500
181,4,0,450,20,935,0.053000
182,4,0,877,176,340,0.050000
183,4,0,357,5,191,0.070000
184,4,0,13,11,947,0.052500
185,4,0,49,1,782,0.001000
186,4,0,24,10,127,0.073500
187,4,0,167,1,624,0.019000
188,4,0,418,15,724,0.052500
189,4,0,2,1,947,0.018500
190,4,0,87,26,678,0.057000
191,4,0,2,1,534,0.011000
192,4,1,8,14,249,0.052500
193,4,1,6,28,498,0.057000
194,4,0,12,6,536,0.071500
195,4,0,163,1,666,0.005000
196,4,0,147,7,647,0.073000
197,4,1,135,51,505,0.050500
198,4,1,8,9,504,0.065000
199,4,0,889,52,37,0.057000
200,4,0,237,5,634,0.202000
201,4,0,78,1,629,0.004000
202,4,0,73,2,924,0.080000
203,4,1,2,32,504,0.057500
204,4,0,32,14,505,0.057500
205,4,0,67,13,335,0.057500
206,4,0,2,1,58,0.022500
207,4,0,568,88,659,0.051000
208,4,0,741,1,666,0.003500
209,4,0,15,10,973,0.053000
210,4,1,15,15,430,0.055000
211,4,0,3,2,782,0.082500
212,4,0,101,18,745,0.050000
213,4,0,27,3,54,0.121000
214,4,1,7,21,308,0.050000
215,4,0,29,24,819,0.051500
216,4,0,426,25,908,0.056000
217,4,0,654,63,471,0.056000
218,4,0,96,20,512,0.051000
219,4,1,2,10,22,0.066500
220,4,0,18,4,191,0.170500
221,4,0,500,16,346,0.050000
222,4,0,309,1,647,0.021500
223,4,1,4,4,819,0.134000
224,4,0,63,53,238,0.050500
225,4,1,2,7,672,0.069500
226,4,0,68,8,512,0.079500
227,4,1,18,21,603,0.069500
228,4,0,186,1,782,0.001000
229,4,0,61,18,433,0.052000
230,4,0,471,58,202,0.054000
231,4,0,84,5,702,0.056500
232,4,0,100,11,515,0.063000
233,4,1,3,5,98,0.090000
234,4,0,553,23,169,0.050000
235,4,0,109,28,504,0.051500
236,4,1,2,2,169,0.082500
237,4,1,1,5,237,0.244000
238,4,0,7,2,799,0.080000
239,4,0,18,20,504,0.050000
240,4,1,4,9,320,0.083000
241,4,0,16,1,191,0.019500
242,4,0,8,9,124,0.053000
243,4,0,628,1,782,0.003000
244,4,0,441,23,515,0.063000
245,4,0,125,17,189,0.057000
246,4,0,393,6,382,0.077000
247,4,0,325,135,669,0.051500
248,4,0,246,18,565,0.051000
249,4,1,1,1,249,0.017000
250,4,0,377,4,519,0.118500
251,4,1,157,15,124,0.072000
252,4,0,43,14,603,0.051500
253,4,0,89,5,924,0.069000
254,4,0,901,64,669,0.051000
255,4,0,210,2,191,0.210500
256,4,1,1,2,256,0.052500
257,4,0,308,4,656,0.168000
258,4,0,38,3,403,0.226000
259,4,0,20,1,799,0.019500
260,4,0,151,39,9,0.051500
261,4,1,2,7,656,0.066500
262,4,0,15,1,799,0.037500
263,4,0,319,9,627,0.055500
264,4,0,9,8,741,0.078500
265,4,0,19,2,169,0.057000
266,4,0,846,17,996,0.064000
267,4,0,288,6,72,0.074000
268,4,0,56,13,565,0.088000
269,4,0,28,4,533,0.080000
270,4,0,197,27,627,0.077000
271,4,1,85,7,249,0.107500
272,4,0,20,6,666,0.299000
273,4,1,5,12,656,0.054000
274,4,0,67,3,72,0.080000
275,4,0,33,10,681,0.117000
276,4,0,23,15,621,0.060000
277,4,0,261,34,603,0.053500
278,4,0,227,11,608,0.076000
279,4,0,267,22,124,0.053500
280,4,0,2,1,666,0.012500
281,4,0,131,1,37,0.003500
282,4,1,2,4,382,0.417000
283,4,1,40,18,504,0.068500
284,4,0,251,10,724,0.060000
285,4,0,37,17,642,0.071000
286,4,0,370,2,799,0.068500
287,4,0,360,13,924,0.057500
288,4,0,147,4,629,0.687000
289,4,1,11,56,498,0.050000
290,4,1,435,58,767,0.052500
291,4,1,421,68,767,0.050000
292,4,0,87,32,620,0.068000
293,4,0,93,21,504,0.098500
294,4,0,4,1,672,0.004000
295,4,0,507,172,224,0.059500
296,4,0,412,94,202,0.051500
297,4,0,67,6,935,0.052000
298,4,1,2,2,684,0.254000
299,4,0,13,1,191,0.000000
300,4,0,386,6,223,0.053000
301,4,1,314,53,80,0.051500
302,4,1,30,36,875,0.051000
303,4,0,23,4,608,0.248500
304,4,0,9,2,656,0.244000
305,4,1,955,107,657,0.052000
306,4,0,33,20,480,0.070500
307,4,1,6,6,693,0.207500
308,4,1,1,4,308,0.115000
309,4,1,35,10,382,0.061000
310,4,0,28,1,22,0.017000
311,4,1,81,24,662,0.051500
312,4,0,198,43,515,0.052000
313,4,1,313,38,791,0.054000
314,4,1,4,4,199,0.065000
315,4,1,1,2,315,0.626000
316,4,0,312,14,127,0.065500
317,4,0,238,7,478,0.159000
318,4,0,159,21,935,0.072500
319,4,0,42,20,249,0.051000
320,4,1,1,1,320,0.004000
321,4,0,32,4,684,0.113500
322,4,0,430,42,565,0.062000
323,4,1,25,15,98,0.054500
324,4,0,936,56,792,0.053000
325,4,0,129,13,80,0.064000
326,4,0,893,90,767,0.053500
327,4,0,504,45,655,0.057000
328,4,0,392,36,249,0.050000
329,4,1,7,15,603,0.054000
330,4,1,5,24,767,0.050000
331,4,0,157,4,565,0.068000
332,4,0,40,1,58,0.026000
333,4,1,717,40,621,0.050500
334,4,0,247,2,533,0.860500
335,4,1,2,8,72,0.072500
336,4,0,241,5,597,0.090500
337,4,1,3,4,37,0.105500
338,4,0,148,9,191,0.050500
339,4,0,294,1,669,0.017500
340,4,1,5,36,80,0.050000
341,4,0,371,5,565,0.156500
342,4,0,42,4,924,0.141000
343,4,1,6,9,624,0.069500
344,4,0,113,3,565,0.116000
345,4,0,20,4,799,0.253000
346,4,0,8,1,72,0.002500
347,4,0,44,4,320,0.054500
348,4,0,12,9,565,0.148000
349,4,1,3,3,169,0.091000
350,4,1,1,3,350,0.733000
351,4,1,2,3,642,0.408500
352,4,0,64,12,647,0.107500
353,4,0,99,16,395,0.060000
354,4,0,997,72,468,0.050500
355,4,1,4,6,672,0.279000
356,4,0,17,5,914,0.053000
357,4,0,70,4,603,0.059500
358,4,0,98,5,505,0.054500
359,4,0,79,83,590,0.053000
360,4,0,590,13,799,0.078000
361,4,1,2,17,335,0.063000
362,4,0,175,5,58,0.057000
363,4,0,249,5,647,0.081000
364,4,0,216,19,603,0.054500
365,4,0,273,20,704,0.053500
366,4,0,27,18,468,0.064000
367,4,0,70,7,205,0.186000
368,4,1,76,46,791,0.050500
369,4,0,82,5,702,0.184000
370,4,0,265,11,935,0.117000
371,4,0,300,3,199,0.054000
372,4,1,795,68,98,0.051500
373,4,0,126,47,524,0.055000
374,4,0,96,1,534,0.000000
375,4,0,818,10,768,0.056000
376,4,0,334,1,647,0.031500
377,4,0,18,10,554,0.106500
378,4,1,1,11,378,0.059000
379,4,1,1,2,379,0.313000
380,4,1,95,90,168,0.053500
381,4,0,311,79,767,0.053000
382,4,1,2,5,554,0.074500
383,4,0,248,84,908,0.052500
384,4,0,298,10,52,0.051500
385,4,0,17,10,973,0.178500
386,4,0,91,27,822,0.073000
387,4,0,97,14,98,0.092500
388,4,1,2,3,924,0.163000
389,4,1,22,28,627,0.062500
390,4,1,2,11,480,0.075500
391,4,0,155,111,7,0.052000
392,4,1,20,40,627,0.076500
393,4,0,187,6,565,0.074000
394,4,0,245,1,693,0.030000
395,4,0,93,26,935,0.056000
396,4,1,3,10,426,0.082000
397,4,0,23,2,684,0.221000
398,4,1,949,62,98,0.050000
399,4,0,263,23,914,0.064500
400,4,0,49,19,249,0.120500
401,4,0,237,50,586,0.059000
402,4,0,4,1,799,0.032000
403,4,1,1,3,403,0.151000
404,4,0,211,19,672,0.052500
405,4,0,148,11,52,0.075500
406,4,1,9,13,678,0.050500
407,4,0,157,111,767,0.053500
408,4,0,105,89,502,0.050000
409,4,1,102,13,565,0.062500
410,4,0,3,1,191,0.000000
411,4,0,41,17,908,0.062500
412,4,1,28,16,430,0.063000
413,4,0,86,7,22,0.118500
414,4,0,20,30,657,0.051000
415,4,0,662,26,792,0.054000
416,4,0,6,2,672,0.203000
417,4,1,5,5,693,0.086500
418,4,0,500,6,656,0.299500
419,4,0,342,4,947,0.056000
420,4,0,700,18,565,0.052500
421,4,0,7,4,799,0.116000
422,4,1,2,4,320,0.586000
423,4,0,315,12,505,0.059500
424,4,0,136,6,320,0.062000
425,4,0,68,26,9,0.061000
426,4,0,7,2,54,0.152000
427,4,0,28,1,947,0.012000
428,4,0,100,1,534,0.019000
429,4,1,3,13,519,0.057500
430,4,1,1,7,430,0.177000
431,4,1,2,2,672,0.073500
432,4,1,14,31,934,0.050500
433,4,0,21,6,504,0.095000
434,4,0,877,1,666,0.002000
435,4,0,19,5,422,0.804500
436,4,0,116,2,37,0.237500
437,4,0,7,4,320,0.134000
438,4,1,13,49,627,0.056500
439,4,0,8,2,642,0.088500
440,4,0,55,21,969,0.068500
441,4,0,137,42,627,0.051500
442,4,0,75,20,934,0.107000
443,4,1,6,9,746,0.093500
444,4,1,1,10,444,0.050500
445,4,1,28,30,669,0.058500
446,4,1,1,14,446,0.052000
447,4,1,52,8,378,0.084500
448,4,0,39,1,947,0.015500
449,4,0,34,4,799,0.058500
450,4,0,100,2,554,0.242500
451,4,0,644,1,874,0.015000
452,4,0,70,16,746,0.063000
453,4,0,66,7,565,0.056500
454,4,1,1,47,454,0.053000
455,4,0,121,27,767,0.050000
456,4,0,560,5,806,0.051000
457,4,0,70,20,320,0.055000
458,4,0,300,42,603,0.051000
459,4,0,23,4,741,0.495500
460,4,0,119,11,335,0.073500
461,4,0,6,1,656,0.031500
462,4,0,122,9,973,0.767500
463,4,0,954,59,669,0.050000
464,4,0,905,64,395,0.050000
465,4,0,22,15,741,0.073000
466,4,0,148,6,565,0.055000
467,4,0,27,4,666,0.765000
468,4,0,110,1,924,0.029000
469,4,1,15,38,526,0.063000
470,4,1,5,25,249,0.066500
471,4,0,121,13,272,0.065000
472,4,0,735,34,515,0.050500
473,4,0,196,15,189,0.056500
474,4,0,508,11,565,0.069500
475,4,1,62,14,724,0.073500
476,4,0,45,3,799,0.146000
477,4,1,17,23,249,0.052000
478,4,0,724,35,642,0.051500
479,4,0,5,1,642,0.008000
480,4,1,5,20,256,0.056000
481,4,0,312,23,642,0.070000
482,4,0,451,55,889,0.054500
483,4,0,262,3,799,0.187500
484,4,0,269,1,799,0.047000
485,4,0,863,16,515,0.061000
486,4,0,414,5,799,0.083500
487,4,0,602,22,924,0.077500
488,4,1,269,39,767,0.050000
489,4,0,8,2,996,0.232000
490,4,0,438,12,58,0.052000
491,4,1,241,111,603,0.050500
492,4,1,592,44,202,0.057000
493,4,1,12,62,924,0.051500
494,4,0,107,55,603,0.079500
495,4,0,285,6,799,0.056000
496,4,0,30,4,973,0.105500
497,4,0,402,8,191,0.103000
498,4,0,15,1,320,0.002000
499,4,0,82,11,603,0.056000
500,4,1,26,54,395,0.052000
501,4,0,20,6,72,0.052500
502,4,1,9,50,238,0.050500
503,4,0,75,4,478,0.065500
504,4,1,1,5,504,0.072500
505,4,1,3,6,565,0.095000
506,4,0,281,110,340,0.050000
507,4,0,905,11,52,0.068000
508,4,0,39,2,189,0.894000
509,4,1,11,8,127,0.069000
510,4,0,3,1,554,0.017500
511,4,1,135,45,657,0.052500
512,4,0,71,13,22,0.076500
513,4,0,158,33,439,0.053500
514,4,0,35,8,850,0.052000
515,4,1,5,8,505,0.092500
516,4,0,47,5,320,0.195000
517,4,0,69,20,662,0.054500
518,4,0,452,30,914,0.050500
519,4,1,1,5,519,0.080000
520,4,0,17,7,37,0.281500
521,4,0,35,6,98,0.080500
522,4,1,1,9,522,0.070000
523,4,0,5,2,647,0.273000
524,4,0,14,16,430,0.061000
525,4,0,337,22,969,0.051000
526,4,0,768,49,205,0.050500
527,4,0,92,35,642,0.056500
528,4,1,208,103,788,0.056500
529,4,0,542,57,728,0.061500
530,4,0,888,28,724,0.051500
531,4,0,78,1,603,0.000500
532,4,0,331,10,679,0.050000
533,4,0,36,4,169,0.069000
534,4,0,14,4,875,0.055500
535,4,0,965,49,657,0.050000
536,4,1,2,8,72,0.214500
537,4,0,342,30,565,0.058500
538,4,0,19,6,534,0.070500
539,4,1,6,22,124,0.050500
540,4,0,261,6,647,0.383000
541,4,0,308,58,908,0.050500
542,4,0,502,3,799,0.050500
543,4,0,581,54,669,0.053000
544,4,0,265,55,193,0.055000
545,4,1,881,36,395,0.053500
546,4,0,27,7,504,0.079000
547,4,0,92,11,565,0.076500
548,4,1,25,15,223,0.057000
549,4,1,95,157,98,0.050000
550,4,0,81,2,672,0.934500
551,4,0,89,27,603,0.054000
552,4,0,192,28,749,0.060500
553,4,0,31,6,430,0.127000
554,4,0,21,1,139,0.000000
555,4,0,5,2,799,0.076500
556,4,1,15,30,446,0.055500
557,4,0,398,127,668,0.050000
558,4,0,44,10,768,0.064500
559,4,0,275,1,199,0.002500
560,4,0,699,23,657,0.056500
561,4,1,16,174,357,0.050500
562,4,1,12,29,656,0.050000
563,4,0,509,12,656,0.050500
564,4,0,349,5,534,0.052000
565,4,1,3,4,799,0.164000
566,4,0,429,6,565,0.052500
567,4,0,282,12,504,0.062000
568,4,0,106,36,603,0.051000
569,4,0,781,50,98,0.050500
570,4,0,134,15,256,0.188000
571,4,0,279,21,642,0.051500
572,4,0,177,9,515,0.081500
573,4,0,359,19,973,0.054500
574,4,0,76,19,969,0.085500
575,4,0,11,6,565,0.052000
576,4,0,672,12,335,0.070500
577,4,0,55,25,914,0.062000
578,4,0,99,11,52,0.065000
579,4,0,97,13,724,0.051000
580,4,1,590,71,608,0.050500
581,4,0,44,2,666,0.278500
582,4,0,185,9,98,0.079500
583,4,0,783,74,799,0.053000
584,4,0,236,25,746,0.051500
585,4,0,112,1,504,0.019500
586,4,0,91,5,634,0.069500
587,4,0,179,146,910,0.053000
588,4,0,45,12,565,0.195500
589,4,0,367,29,504,0.051000
590,4,0,88,33,22,0.050500
591,4,1,59,29,681,0.052500
592,4,1,21,35,249,0.059000
593,4,0,43,1,79,0.014000
594,4,0,110,18,127,0.054500
595,4,0,53,2,382,0.720500
596,4,0,12,1,519,0.019000
597,4,0,10,3,647,0.134500
598,4,0,11,7,205,0.094000
599,4,1,86,26,603,0.052500
600,4,0,110,6,165,0.158000
601,4,0,705,15,189,0.089000
602,4,0,161,4,799,0.127500
603,4,1,1,1,603,0.018000
604,4,0,854,162,766,0.050000
605,4,0,597,10,806,0.052500
606,4,0,148,1,666,0.006500
607,4,1,285,82,621,0.052500
608,4,0,4,1,799,0.026500
609,4,1,458,70,870,0.058000
610,4,0,538,84,340,0.051500
611,4,1,14,58,80,0.052000
612,4,0,33,9,58,0.073000
613,4,0,16,10,973,0.092500
614,4,1,32,35,603,0.053500
615,4,1,1,29,615,0.067000
616,4,0,59,7,403,0.165000
617,4,0,38,10,669,0.050000
618,4,0,117,12,504,0.061000
619,4,0,113,1,504,0.019500
620,4,1,1,10,620,0.055500
621,4,0,4,3,819,0.059000
622,4,0,250,5,320,0.092500
623,4,0,356,37,37,0.059000
624,4,1,2,6,72,0.068000
625,4,0,405,18,806,0.058500
626,4,0,65,3,58,0.067000
627,4,1,1,26,627,0.051500
628,4,0,209,30,620,0.067500
629,4,1,3,4,72,0.059000
630,4,1,16,32,855,0.060500
631,4,0,326,1,533,0.040000
632,4,0,544,3,533,0.052000
633,4,0,77,33,855,0.054500
634,4,1,1,8,634,0.055500
635,4,0,11,10,127,0.094500
636,4,0,191,1,672,0.003500
637,4,0,965,79,202,0.050000
638,4,0,451,15,515,0.055500
639,4,0,232,4,947,0.086500
640,4,0,75,52,476,0.050000
641,4,0,28,9,189,0.052500
642,4,1,1,2,642,0.095000
643,4,1,3,8,957,0.061500
644,4,0,66,9,505,0.123500
645,4,1,3,7,382,0.325000
646,4,0,3,2,741,0.233500
647,4,1,1,2,647,0.078500
648,4,1,215,91,98,0.055000
649,4,0,95,70,470,0.052000
650,4,0,19,6,37,0.053500
651,4,0,720,41,781,0.057000
652,4,0,7,3,782,0.330000
653,4,0,2,1,647,0.000000
654,4,0,49,5,422,0.127000
655,4,0,25,6,249,0.058500
656,4,1,1,1,656,0.017000
657,4,1,2,13,189,0.053500
658,4,0,313,13,515,0.118500
659,4,1,6,16,934,0.051500
660,4,0,23,15,684,0.071500
661,4,0,372,29,320,0.053000
662,4,0,103,14,58,0.065000
663,4,0,129,2,603,0.459000
664,4,0,76,2,684,0.215500
665,4,0,20,3,533,0.413500
666,4,1,1,6,666,0.150000
667,4,0,635,5,24,0.397500
668,4,0,22,1,603,0.005000
669,4,1,1,10,669,0.058000
670,4,0,150,16,58,0.070500
671,4,0,157,9,533,0.059000
672,4,1,5,6,403,0.100500
673,4,0,22,3,382,0.140000
674,4,1,54,77,392,0.052000
675,4,0,174,11,98,0.059500
676,4,0,97,1,603,0.013500
677,4,1,435,23,767,0.065000
678,4,0,26,2,924,0.065000
679,4,1,2,4,308,0.136000
680,4,0,8,1,947,0.025000
681,4,0,23,5,947,0.322000
682,4,1,25,31,403,0.086000
683,4,0,399,130,565,0.051000
684,4,1,1,1,684,0.022000
685,4,0,712,29,226,0.067500
686,4,0,715,23,505,0.064000
687,4,0,19,2,744,0.143500
688,4,0,6,1,800,0.020000
689,4,1,1,4,689,0.103500
690,4,0,250,7,504,0.065500
691,4,0,156,11,620,0.053500
692,4,1,3,9,422,0.104500
693,4,0,14,8,656,0.055000
694,4,0,210,3,542,0.051500
695,4,0,309,2,534,0.439500
696,4,0,64,31,615,0.050500
697,4,0,84,7,127,0.075000
698,4,0,835,14,657,0.055500
699,4,0,203,3,799,0.082500
700,4,0,24,3,744,0.215500
701,4,0,615,34,504,0.050000
702,4,0,8,6,554,0.444000
703,4,0,30,1,647,0.003500
704,4,1,3,6,768,0.069000
705,4,0,567,9,533,0.071000
706,4,1,32,10,127,0.053500
707,4,0,427,42,791,0.059000
708,4,0,40,1,37,0.008000
709,4,0,319,57,844,0.050000
710,4,0,61,18,22,0.067500
711,4,0,616,11,782,0.084500
712,4,1,14,20,642,0.054500
713,4,0,3,1,189,0.013500
714,4,0,269,69,767,0.050500
715,4,0,531,5,914,0.054000
716,4,1,236,49,767,0.058500
717,4,0,11,2,642,0.051500
718,4,0,18,9,745,0.131500
719,4,0,227,7,806,0.083000
720,4,0,21,6,320,0.072000
721,4,1,27,27,504,0.079500
722,4,0,127,20,924,0.052000
723,4,0,56,17,542,0.058500
724,4,1,1,1,724,0.013000
725,4,0,33,3,850,0.521000
726,4,1,60,11,22,0.073500
727,4,1,3,24,642,0.055500
728,4,0,54,10,597,0.061000
729,4,0,54,3,741,0.089000
730,4,1,2,15,504,0.052000
731,4,1,2,2,642,0.319500
732,4,1,18,45,659,0.052000
733,4,0,357,1,647,0.009000
734,4,0,504,62,799,0.050500
735,4,0,300,44,603,0.067500
736,4,0,109,70,227,0.052500
737,4,0,46,6,621,0.083500
738,4,0,816,64,226,0.052500
739,4,0,52,7,973,0.101500
740,4,1,7,14,692,0.065500
741,4,0,2,1,647,0.000500
742,4,0,307,13,374,0.068500
743,4,0,333,7,666,0.050000
744,4,1,1,2,744,0.780000
745,4,1,3,4,799,0.165000
746,4,0,20,2,799,0.075000
747,4,0,349,10,746,0.065000
748,4,0,235,14,72,0.101500
749,4,0,60,1,320,0.007500
750,4,1,1,8,750,0.089000
751,4,1,1,3,751,0.070000
752,4,0,63,1,924,0.019500
753,4,1,35,38,754,0.054000
754,4,0,27,8,603,0.051500
755,4,1,9,36,111,0.050000
756,4,0,403,43,999,0.053000
757,4,0,107,1,72,0.026000
758,4,0,4,1,844,0.000000
759,4,0,295,113,202,0.051500
760,4,0,241,15,98,0.061000
761,4,0,41,9,433,0.052500
762,4,0,225,7,647,0.147000
763,4,0,74,55,320,0.062000
764,4,0,54,26,320,0.056000
765,4,0,82,17,254,0.058000
766,4,1,13,115,331,0.050500
767,4,1,1,18,767,0.078000
768,4,0,32,9,58,0.070000
769,4,0,26,16,249,0.056500
770,4,0,7,1,947,0.043000
771,4,0,30,2,124,0.844500
772,4,0,17,3,103,0.061000
773,4,0,24,1,320,0.010000
774,4,0,17,2,534,0.067500
775,4,1,1,98,775,0.053000
776,4,0,651,5,24,0.242500
777,4,0,75,6,519,0.054500
778,4,0,568,59,791,0.052500
779,4,0,86,14,515,0.057000
780,4,0,486,40,502,0.051000
781,4,0,6,1,189,0.004500
782,4,1,1,1,782,0.000500
783,4,0,5,1,924,0.016500
784,4,0,493,67,999,0.051500
785,4,0,57,1,58,0.030500
786,4,0,436,30,669,0.051000
787,4,0,125,10,704,0.086500
788,4,1,27,31,856,0.050500
789,4,0,27,8,565,0.114000
790,4,0,658,32,189,0.054000
791,4,1,1,23,791,0.052500
792,4,1,7,105,718,0.051000
793,4,0,349,6,24,0.108000
794,4,0,15,4,378,0.057500
795,4,1,1,14,795,0.053000
796,4,0,75,1,320,0.026500
797,4,0,303,6,565,0.077500
798,4,0,146,44,603,0.050000
799,4,1,1,1,799,0.046500
800,4,1,4,13,105,0.096500
801,4,0,61,15,692,0.071000
802,4,0,138,16,98,0.121500
803,4,0,30,6,536,0.054000
804,4,1,28,30,603,0.065500
805,4,0,37,9,430,0.077000
806,4,1,1,9,806,0.090500
807,4,0,120,1,799,0.019500
808,4,0,965,39,565,0.051000
809,4,0,12,3,947,0.101000
810,4,1,13,6,799,0.066000
811,4,0,280,13,799,0.061500
812,4,1,796,51,932,0.063500
813,4,0,467,20,603,0.054500
814,4,0,620,26,515,0.051000
815,4,0,122,2,672,0.155500
816,4,0,297,2,799,0.076500
817,4,0,4,1,647,0.000000
818,4,0,343,5,666,0.063500
819,4,0,345,1,844,0.015500
820,4,0,77,1,534,0.006000
821,4,0,230,3,134,0.052000
822,4,0,92,14,590,0.057500
823,4,0,4,4,799,0.051000
824,4,0,103,5,519,0.172000
825,4,0,302,10,254,0.088500
826,4,0,156,2,533,0.336500
827,4,0,230,1,191,0.001000
828,4,1,4,10,430,0.057000
829,4,0,431,13,505,0.115000
830,4,0,5,1,799,0.015000
831,4,1,73,194,340,0.050000
832,4,0,53,1,191,0.000000
833,4,0,115,2,647,0.760000
834,4,0,401,16,335,0.062500
835,4,0,681,45,947,0.052500
836,4,0,28,3,693,0.356000
837,4,0,242,20,565,0.066000
838,4,0,476,1,947,0.023000
839,4,0,146,2,799,0.080000
840,4,0,9,5,666,0.054000
841,4,1,9,18,335,0.051000
842,4,0,69,10,724,0.077500
843,4,0,7,4,844,0.063500
844,4,1,1,1,844,0.000000
845,4,0,386,8,515,0.062000
846,4,0,43,1,947,0.010000
847,4,0,158,8,189,0.095000
848,4,0,159,22,320,0.068500
849,4,0,610,126,590,0.054000
850,4,1,1,1,850,0.040000
851,4,1,23,66,505,0.050000
852,4,0,350,33,37,0.051500
853,4,0,186,37,934,0.051000
854,4,0,686,80,45,0.051000
855,4,0,130,2,642,0.421500
856,4,1,11,17,22,0.071500
857,4,0,851,19,669,0.063500
858,4,0,387,12,127,0.130000
859,4,0,140,4,37,0.140500
860,4,0,23,6,746,0.051000
861,4,1,14,26,68,0.097000
862,4,0,171,18,512,0.051000
863,4,0,292,11,191,0.127000
864,4,0,967,38,515,0.051500
865,4,0,999,46,657,0.060500
866,4,0,473,15,684,0.056000
867,4,0,289,8,37,0.067000
868,4,0,567,11,378,0.126000
869,4,1,35,30,320,0.070500
870,4,1,4,8,98,0.064000
871,4,0,35,1,642,0.046500
872,4,0,142,3,24,0.058000
873,4,1,99,54,565,0.050500
874,4,0,3,1,534,0.006500
875,4,1,14,19,634,0.056000
876,4,0,9,7,634,0.169000
877,4,0,607,34,515,0.056500
878,4,0,19,1,320,0.000000
879,4,0,134,27,603,0.060500
880,4,0,301,7,24,0.102000
881,4,0,217,26,947,0.050500
882,4,0,140,18,127,0.053000
883,4,0,120,12,656,0.053000
884,4,1,14,22,127,0.050000
885,4,1,38,97,18,0.050000
886,4,0,955,3,103,0.077500
887,4,1,129,42,98,0.055000
888,4,0,1000,50,124,0.054500
889,4,1,1,21,889,0.074000
890,4,1,344,130,965,0.050500
891,4,0,194,2,874,0.828500
892,4,0,462,9,666,0.059500
893,4,0,740,82,643,0.051000
894,4,0,219,4,767,0.108500
895,4,1,1,2,895,0.670500
896,4,0,188,2,666,0.270500
897,4,0,174,9,205,0.050500
898,4,0,902,131,791,0.050000
899,4,0,417,31,320,0.059500
900,4,0,83,2,223,0.122500
901,4,1,103,61,615,0.053000
902,4,0,104,22,749,0.060500
903,4,0,58,6,973,0.119500
904,4,1,3,9,378,0.069000
905,4,1,13,9,79,0.061500
906,4,1,3,8,534,0.067500
907,4,0,617,12,72,0.070500
908,4,0,17,11,799,0.206000
909,4,0,73,26,795,0.055500
910,4,0,52,19,430,0.056000
911,4,0,25,12,935,0.080500
912,4,0,69,4,565,0.270500
913,4,0,38,1,534,0.009500
914,4,1,1,6,914,0.665500
915,4,0,21,15,828,0.050500
916,4,0,205,22,666,0.057000
917,4,0,71,8,914,0.060000
918,4,1,386,96,823,0.050000
919,4,0,5,2,656,0.058000
920,4,0,13,11,603,0.110500
921,4,0,5,1,672,0.015000
922,4,0,45,1,189,0.024000
923,4,0,537,15,98,0.070500
924,4,1,1,1,924,0.016500
925,4,0,77,9,666,0.051000
926,4,0,458,10,565,0.054000
927,4,1,108,90,223,0.053500
928,4,0,13,1,58,0.005000
929,4,0,70,3,656,0.056000
930,4,0,81,4,282,0.459500
931,4,0,89,22,320,0.054000
932,4,0,10,10,799,0.074000
933,4,0,8,5,22,0.079500
934,4,0,3,1,603,0.028500
935,4,0,57,6,947,0.055500
936,4,0,122,9,1,0.060500
937,4,0,45,6,72,0.078000
938,4,0,200,7,799,0.074000
939,4,1,273,13,433,0.054000
940,4,0,16,10,515,0.425500
941,4,0,344,63,791,0.053000
942,4,0,427,7,534,0.057000
943,4,0,685,29,620,0.051500
944,4,0,320,8,799,0.112500
945,4,1,190,30,744,0.068500
946,4,1,57,7,745,0.070000
947,4,1,2,2,189,0.406000
948,4,0,35,23,935,0.056500
949,4,0,464,21,973,0.050500
950,4,0,33,7,536,0.084000
951,4,0,204,8,72,0.167500
952,4,0,502,17,666,0.066500
953,4,0,738,7,799,0.051500
954,4,0,620,11,603,0.064500
955,4,0,386,9,189,0.052500
956,4,0,772,14,669,0.060500
957,4,1,6,11,724,0.058500
958,4,0,15,8,924,0.161500
959,4,0,50,1,169,0.001000
960,4,0,947,61,657,0.052500
961,4,0,33,23,504,0.050500
962,4,0,111,18,403,0.059500
963,4,0,92,12,669,0.055000
964,4,0,30,8,565,0.064000
965,4,1,5,5,744,0.052500
966,4,0,412,1,647,0.009000
967,4,0,737,13,799,0.065000
968,4,0,524,46,791,0.054000
969,4,0,24,2,72,0.414000
970,4,1,5,34,832,0.050000
971,4,1,5,5,751,0.146500
972,4,0,574,73,227,0.050500
973,4,1,1,5,973,0.056000
974,4,0,58,8,298,0.075000
975,4,0,230,17,9,0.050000
976,4,1,411,77,767,0.056000
977,4,0,987,39,973,0.052000
978,4,0,414,71,791,0.053000
979,4,0,839,82,590,0.054000
980,4,1,78,30,739,0.054500
981,4,0,341,5,308,0.134000
982,4,0,585,6,565,0.057000
983,4,0,259,9,536,0.057500
984,4,0,515,21,590,0.055000
985,4,1,439,82,947,0.054000
986,4,0,79,34,767,0.051000
987,4,1,27,30,504,0.058500
988,4,0,133,5,806,0.070500
989,4,0,19,1,924,0.016500
990,4,0,12,6,924,0.060500
991,4,0,230,33,828,0.054000
992,4,0,74,15,603,0.051500
993,4,0,90,6,565,0.235500
994,4,0,10,1,642,0.044500
995,4,0,406,10,98,0.089500
996,4,0,320,3,782,0.379500
997,4,0,226,7,745,0.089000
998,4,0,161,5,647,0.078500
999,4,0,66,59,924,0.051500
1000,4,0,443,6,806,0.269500
