cop,run,in_set,rank,set_size,lowest_loss_cop,final_pvalue
1,0,0,302,3,139,0.589500
2,0,0,315,2,191,0.107000
3,0,0,357,18,556,0.063500
4,0,0,87,1,717,0.012000
5,0,0,142,1,191,0.000000
6,0,0,237,7,191,0.125500
7,0,0,409,123,31,0.051000
8,0,0,328,14,437,0.053500
9,0,1,5,7,388,0.182000
10,0,0,485,40,31,0.060000
11,0,0,148,13,437,0.059000
12,0,0,850,10,249,0.077500
13,0,0,679,13,603,0.074000
14,0,0,579,18,772,0.053500
15,0,0,541,22,165,0.055000
16,0,0,158,14,437,0.062000
17,0,0,431,29,437,0.180000
18,0,0,431,6,556,0.267000
19,0,0,355,1,191,0.000000
20,0,0,822,55,239,0.053500
21,0,0,762,72,443,0.051000
22,0,0,344,10,410,0.054500
23,0,0,357,43,410,0.059000
24,0,0,149,20,437,0.074500
25,0,0,459,24,235,0.059000
26,0,0,671,23,176,0.064500
27,0,0,153,33,615,0.054500
28,0,0,354,19,191,0.050500
29,0,0,730,125,410,0.054000
30,0,0,98,4,148,0.098500
31,0,0,44,2,717,0.287000
32,0,1,12,35,437,0.079000
33,0,0,619,38,148,0.050500
34,0,0,743,54,745,0.057500
35,0,0,301,26,720,0.094500
36,0,1,8,10,437,0.073500
37,0,0,168,18,437,0.051000
38,0,0,863,50,216,0.060000
39,0,0,389,18,148,0.144000
40,0,0,240,10,437,0.108000
41,0,0,676,8,935,0.077000
42,0,0,290,37,105,0.054500
43,0,0,236,1,754,0.000000
44,0,0,16,3,717,0.084000
45,0,0,521,31,702,0.051000
46,0,0,911,6,810,0.050500
47,0,1,17,20,148,0.052500
48,0,0,11,8,926,0.080500
49,0,0,968,2,572,0.096000
50,0,0,139,13,410,0.062500
51,0,0,278,1,754,0.001000
52,0,0,919,5,908,0.098000
53,0,0,441,35,410,0.075500
54,0,0,34,3,437,0.067500
55,0,0,760,25,191,0.051500
56,0,0,162,1,810,0.005000
57,0,0,98,2,717,0.071000
58,0,0,977,14,244,0.064000
59,0,0,791,94,935,0.051500
60,0,0,490,29,717,0.053500
61,0,0,167,7,437,0.086500
62,0,0,365,20,148,0.059000
63,0,0,830,44,418,0.056000
64,0,0,770,104,673,0.051500
65,0,0,74,4,603,0.288500
66,0,0,133,29,148,0.052000
67,0,0,349,62,510,0.054500
68,0,0,142,63,660,0.063500
69,0,0,296,11,437,0.067000
70,0,0,82,2,191,0.235000
71,0,0,141,9,692,0.069000
72,0,0,196,6,191,0.215000
73,0,0,466,7,717,0.102500
74,0,0,634,14,615,0.065000
75,0,0,528,27,615,0.050500
76,0,1,23,62,293,0.055500
77,0,0,477,26,211,0.055000
78,0,1,18,20,320,0.075500
79,0,0,45,2,717,0.575500
80,0,0,931,9,655,0.089000
81,0,0,417,112,510,0.060500
82,0,0,254,5,410,0.078500
83,0,0,441,27,443,0.057500
84,0,0,771,22,673,0.062500
85,0,0,647,24,603,0.055500
86,0,0,993,4,297,0.472000
87,0,0,145,3,191,0.052500
88,0,0,539,21,655,0.064000
89,0,0,955,7,908,0.078000
90,0,0,571,4,828,0.877000
91,0,0,185,67,437,0.055000
92,0,0,663,94,30,0.053000
93,0,0,792,97,199,0.053000
94,0,0,163,19,654,0.050000
95,0,0,949,7,51,0.069500
96,0,0,949,6,813,0.088000
97,0,0,86,27,772,0.066000
98,0,0,555,7,822,0.069000
99,0,0,220,15,191,0.083000
100,0,0,50,13,832,0.075000
101,0,0,113,1,692,0.025500
102,0,0,33,11,410,0.076500
103,0,0,144,5,717,0.093500
104,0,1,21,18,573,0.054500
105,0,0,145,7,437,0.179000
106,0,0,14,1,717,0.000500
107,0,0,92,1,191,0.024500
108,0,0,430,11,717,0.067500
109,0,0,352,28,832,0.057000
110,0,0,468,4,139,0.198000
111,0,0,410,38,139,0.054500
112,0,0,141,17,437,0.073500
113,0,0,541,42,443,0.050500
114,0,0,970,47,605,0.050500
115,0,0,826,51,940,0.052000
116,0,0,411,41,139,0.050500
117,0,0,33,1,717,0.018500
118,0,0,135,12,410,0.050500
119,0,0,51,13,48,0.052000
120,0,0,166,5,410,0.452500
121,0,1,43,42,437,0.051000
122,0,0,671,44,293,0.054500
123,0,0,578,18,576,0.058500
124,0,0,381,73,139,0.092000
125,0,0,219,32,692,0.074000
126,0,0,249,5,717,0.059000
127,0,0,421,33,720,0.055500
128,0,0,427,76,32,0.054000
129,0,0,698,45,798,0.056500
130,0,0,948,2,813,0.113500
131,0,0,407,105,615,0.051500
132,0,0,765,68,554,0.056500
133,0,0,337,35,717,0.061500
134,0,0,68,3,191,0.116000
135,0,0,263,16,437,0.058000
136,0,0,34,7,437,0.057000
137,0,0,662,12,437,0.054500
138,0,0,123,27,573,0.052500
139,0,0,55,4,717,0.171000
140,0,0,129,4,48,0.500500
141,0,0,338,36,139,0.064000
142,0,0,9,6,437,0.158500
143,0,0,714,23,519,0.061500
144,0,0,452,105,148,0.050500
145,0,0,41,22,410,0.073000
146,0,0,572,8,556,0.172500
147,0,0,142,2,437,0.301500
148,0,1,3,3,717,0.124500
149,0,0,457,96,348,0.055000
150,0,0,220,14,191,0.102000
151,0,0,384,64,183,0.053000
152,0,0,185,20,437,0.089500
153,0,0,756,60,293,0.053000
154,0,0,948,29,813,0.050500
155,0,0,3,2,576,0.055500
156,0,0,105,2,717,0.218500
157,0,0,94,12,717,0.066000
158,0,0,936,303,940,0.051000
159,0,0,809,51,712,0.054000
160,0,0,795,73,28,0.051500
161,0,0,134,2,692,0.435500
162,0,0,216,10,410,0.076000
163,0,0,711,113,32,0.056500
164,0,0,794,91,382,0.050000
165,0,0,60,1,191,0.000500
166,0,0,20,5,437,0.228000
167,0,0,774,11,244,0.056000
168,0,0,911,49,554,0.052500
169,0,0,164,3,410,0.260000
170,0,0,515,90,450,0.056000
171,0,0,221,7,717,0.146500
172,0,0,111,3,717,0.072500
173,0,0,120,19,832,0.051000
174,0,0,519,24,692,0.089500
175,0,0,196,4,522,0.211500
176,0,0,223,117,106,0.050500
177,0,0,494,36,772,0.067000
178,0,0,804,172,443,0.052000
179,0,0,325,31,717,0.075500
180,0,0,381,1,717,0.018000
181,0,0,479,63,191,0.050000
182,0,0,257,86,410,0.053500
183,0,0,63,3,717,0.139000
184,0,0,941,29,907,0.051000
185,0,0,178,10,510,0.050500
186,0,0,175,34,437,0.058500
187,0,0,237,4,717,0.143500
188,0,0,724,115,828,0.055500
189,0,0,375,42,348,0.052500
190,0,0,691,127,935,0.050500
191,0,1,4,5,717,0.150000
192,0,0,6,1,745,0.000000
193,0,0,32,27,556,0.057000
194,0,0,249,1,191,0.017000
195,0,0,499,4,717,0.056500
196,0,0,386,28,31,0.052500
197,0,0,263,8,556,0.076500
198,0,0,665,50,437,0.055000
199,0,0,364,12,191,0.089000
200,0,0,133,48,692,0.058500
201,0,0,75,13,717,0.107500
202,0,0,948,14,192,0.052000
203,0,0,450,1,191,0.005000
204,0,0,402,77,102,0.056500
205,0,0,17,7,717,0.070500
206,0,0,914,12,249,0.105000
207,0,0,279,19,410,0.051000
208,0,0,649,14,717,0.056500
209,0,0,584,52,239,0.054000
210,0,0,582,37,642,0.051500
211,0,0,47,2,191,0.227000
212,0,0,888,11,454,0.052500
213,0,0,127,1,717,0.007000
214,0,0,105,1,389,0.043500
215,0,0,530,35,239,0.057000
216,0,1,28,32,633,0.054500
217,0,0,768,29,191,0.050500
218,0,0,550,16,615,0.069000
219,0,0,23,1,924,0.016500
220,0,0,231,3,191,0.140000
221,0,0,460,81,692,0.058000
222,0,0,585,137,720,0.059000
223,0,0,736,7,554,0.058000
224,0,0,568,1,191,0.004000
225,0,0,246,15,191,0.061500
226,0,0,72,1,717,0.001000
227,0,0,159,62,615,0.052000
228,0,0,186,10,148,0.093500
229,0,0,928,3,718,0.722000
230,0,0,23,3,549,0.729500
231,0,0,36,6,437,0.086000
232,0,0,285,2,717,0.153000
233,0,0,576,10,642,0.065000
234,0,0,454,12,410,0.060500
235,0,0,615,86,814,0.057000
236,0,0,158,16,191,0.055000
237,0,0,414,69,717,0.051000
238,0,0,636,96,133,0.058500
239,0,0,87,50,106,0.055000
240,0,0,71,15,832,0.059000
241,0,1,9,12,148,0.144000
242,0,0,583,22,708,0.050000
243,0,0,213,37,410,0.051500
244,0,0,232,14,454,0.058500
245,0,0,255,18,573,0.075000
246,0,0,532,13,191,0.055500
247,0,0,533,43,832,0.056500
248,0,0,250,51,652,0.086500
249,0,0,83,65,320,0.066500
250,0,0,232,15,615,0.095500
251,0,0,718,116,795,0.058500
252,0,0,341,11,717,0.242500
253,0,0,965,4,393,0.068000
254,0,0,157,1,191,0.006500
255,0,0,59,12,832,0.063500
256,0,0,159,12,717,0.055500
257,0,0,983,2,388,0.933000
258,0,0,449,123,281,0.051500
259,0,0,620,81,87,0.058000
260,0,0,206,18,133,0.057000
261,0,0,585,130,31,0.055000
262,0,0,46,5,810,0.095000
263,0,0,50,2,379,0.509000
264,0,0,429,67,139,0.051000
265,0,0,264,1,191,0.003500
266,0,0,766,8,454,0.052500
267,0,0,284,7,717,0.196500
268,0,0,291,36,692,0.054000
269,0,0,55,11,931,0.056000
270,0,0,639,6,920,0.597000
271,0,0,619,1,908,0.023500
272,0,0,504,6,510,0.133000
273,0,0,650,6,443,0.054000
274,0,0,230,37,437,0.053500
275,0,0,759,28,191,0.050000
276,0,0,823,19,211,0.079000
277,0,0,238,27,255,0.060000
278,0,0,776,129,672,0.050500
279,0,0,755,33,673,0.053000
280,0,0,381,14,717,0.081500
281,0,0,29,6,437,0.061000
282,0,0,394,26,832,0.073000
283,0,0,648,149,672,0.050500
284,0,0,477,44,642,0.053000
285,0,0,10,5,437,0.062000
286,0,0,775,136,457,0.073500
287,0,0,834,61,599,0.091500
288,0,0,283,80,410,0.056000
289,0,0,331,67,148,0.067000
290,0,0,819,174,81,0.050000
291,0,0,702,100,139,0.054500
292,0,0,398,116,66,0.054500
293,0,0,214,70,554,0.058500
294,0,0,217,38,450,0.055000
295,0,0,706,1,191,0.000000
296,0,0,608,51,437,0.057000
297,0,0,94,1,9,0.000000
298,0,0,51,11,931,0.056000
299,0,0,96,2,717,0.329000
300,0,0,911,1,908,0.043000
301,0,0,599,73,258,0.051500
302,0,0,197,12,832,0.055500
303,0,0,595,7,554,0.055500
304,0,0,795,118,191,0.057500
305,0,0,696,1,191,0.004500
306,0,0,254,5,191,0.139000
307,0,0,215,6,554,0.194000
308,0,0,980,47,687,0.053000
309,0,0,609,39,285,0.087000
310,0,0,417,37,183,0.055500
311,0,1,1,11,311,0.074500
312,0,0,230,7,191,0.061500
313,0,0,495,6,717,0.087500
314,0,0,415,79,510,0.053500
315,0,0,692,6,554,0.103000
316,0,0,361,49,106,0.054500
317,0,0,86,5,717,0.095500
318,0,0,415,136,422,0.054000
319,0,0,380,14,692,0.080500
320,0,0,42,4,437,0.078000
321,0,0,137,2,191,0.076500
322,0,0,707,1,249,0.045500
323,0,0,994,6,562,0.113500
324,0,0,655,22,717,0.054500
325,0,0,939,56,307,0.051000
326,0,0,826,35,293,0.055000
327,0,0,944,1,754,0.002000
328,0,0,682,36,935,0.050500
329,0,0,9,2,389,0.913500
330,0,0,665,241,935,0.051000
331,0,0,520,75,348,0.053500
332,0,0,888,172,421,0.050500
333,0,0,922,50,761,0.054500
334,0,0,204,34,654,0.058500
335,0,0,100,9,191,0.310500
336,0,0,466,7,712,0.181000
337,0,0,154,62,717,0.056500
338,0,0,98,15,717,0.125000
339,0,0,352,37,720,0.055000
340,0,0,269,36,556,0.055000
341,0,0,619,20,642,0.063000
342,0,0,554,49,416,0.075000
343,0,0,66,3,191,0.080000
344,0,0,699,11,828,0.101500
345,0,0,521,43,443,0.068500
346,0,0,100,49,510,0.050000
347,0,0,12,2,717,0.056500
348,0,1,20,27,717,0.062500
349,0,0,66,25,191,0.059500
350,0,0,172,1,410,0.014000
351,0,0,127,43,437,0.091000
352,0,0,519,48,437,0.052000
353,0,0,122,11,437,0.050000
354,0,0,788,71,28,0.055500
355,0,0,284,27,772,0.076000
356,0,0,8,3,717,0.546000
357,0,0,493,5,443,0.072000
358,0,0,402,2,556,0.227000
359,0,0,25,2,216,0.197500
360,0,0,680,42,443,0.070500
361,0,0,113,8,717,0.059500
362,0,0,948,32,245,0.079000
363,0,0,158,6,443,0.057000
364,0,0,146,2,832,0.068500
365,0,0,831,57,718,0.051000
366,0,0,926,277,68,0.050000
367,0,0,84,8,437,0.051000
368,0,0,203,1,191,0.000500
369,0,0,86,49,832,0.057000
370,0,0,22,3,155,0.059000
371,0,0,471,128,720,0.055000
372,0,0,674,23,191,0.053000
373,0,0,415,49,692,0.062000
374,0,0,113,27,832,0.071500
375,0,0,961,4,327,0.131500
376,0,0,633,8,633,0.062000
377,0,0,186,48,654,0.053500
378,0,0,303,41,931,0.057500
379,0,0,656,4,822,0.075500
380,0,0,843,29,828,0.050000
381,0,0,820,2,393,0.071000
382,0,0,227,2,191,0.069000
383,0,0,628,138,348,0.050500
384,0,0,634,34,437,0.050500
385,0,0,628,26,134,0.064000
386,0,0,424,24,183,0.061000
387,0,0,190,12,402,0.074500
388,0,0,25,1,810,0.000500
389,0,1,2,3,942,0.089000
390,0,0,96,15,410,0.082500
391,0,0,934,4,754,0.051500
392,0,0,451,3,443,0.060500
393,0,0,23,2,754,0.055000
394,0,0,670,100,673,0.052000
395,0,0,370,29,320,0.051000
396,0,0,64,34,437,0.057000
397,0,0,32,29,437,0.057000
398,0,1,24,53,636,0.050500
399,0,0,50,4,410,0.060000
400,0,0,212,51,36,0.057000
401,0,0,447,63,692,0.058000
402,0,0,198,6,822,0.147500
403,0,0,342,1,191,0.005000
404,0,0,456,12,672,0.064500
405,0,0,786,84,176,0.051500
406,0,0,574,128,87,0.051500
407,0,0,425,7,139,0.097000
408,0,0,332,28,437,0.053000
409,0,0,684,164,443,0.050000
410,0,1,2,3,717,0.431500
411,0,1,5,5,648,0.136500
412,0,0,70,5,655,0.170000
413,0,1,48,49,654,0.071000
414,0,0,874,139,799,0.052500
415,0,0,553,48,416,0.050500
416,0,0,246,26,139,0.058000
417,0,1,68,50,293,0.053500
418,0,0,25,8,416,0.137000
419,0,0,808,2,761,0.173000
420,0,0,682,54,510,0.063500
421,0,0,488,32,430,0.064500
422,0,0,93,3,717,0.140000
423,0,0,116,9,832,0.067500
424,0,0,77,2,717,0.935000
425,0,0,107,6,754,0.126500
426,0,0,55,3,717,0.150500
427,0,0,793,118,87,0.054500
428,0,0,93,19,832,0.060000
429,0,1,10,17,717,0.099000
430,0,1,9,11,828,0.057500
431,0,0,287,13,510,0.149000
432,0,0,281,9,320,0.050000
433,0,0,307,57,139,0.052500
434,0,0,691,24,920,0.056500
435,0,0,36,5,437,0.280500
436,0,0,259,32,410,0.055500
437,0,0,3,1,717,0.003500
438,0,0,107,12,615,0.064000
439,0,0,127,65,914,0.055000
440,0,0,86,4,410,0.058000
441,0,0,20,4,556,0.085000
442,0,0,205,8,437,0.072500
443,0,1,52,96,121,0.058000
444,0,0,121,10,437,0.055500
445,0,0,368,150,281,0.051000
446,0,0,8,2,942,0.068000
447,0,0,516,160,281,0.051000
448,0,0,392,55,450,0.051000
449,0,0,770,259,777,0.058500
450,0,0,87,45,142,0.057500
451,0,0,416,24,615,0.063500
452,0,0,536,181,443,0.053500
453,0,0,321,3,717,0.061500
454,0,1,11,9,155,0.070500
455,0,0,835,129,121,0.051000
456,0,0,716,47,133,0.054000
457,0,0,28,6,437,0.082500
458,0,0,226,29,148,0.071500
459,0,0,169,1,191,0.003000
460,0,0,134,2,717,0.172000
461,0,0,592,31,940,0.085000
462,0,0,528,7,931,0.058500
463,0,0,579,137,302,0.052000
464,0,0,250,19,437,0.057000
465,0,0,202,14,717,0.070500
466,0,0,65,2,717,0.056500
467,0,0,288,6,410,0.072500
468,0,0,610,106,431,0.050500
469,0,0,168,2,717,0.182500
470,0,0,465,35,183,0.051000
471,0,0,563,116,642,0.052500
472,0,0,632,168,87,0.051000
473,0,0,445,13,450,0.081000
474,0,0,378,14,437,0.075500
475,0,0,635,61,556,0.059500
476,0,0,379,12,832,0.074500
477,0,0,79,7,437,0.143500
478,0,0,83,40,148,0.056000
479,0,0,202,1,191,0.003500
480,0,0,189,16,437,0.055000
481,0,0,242,65,31,0.064000
482,0,0,112,30,692,0.126000
483,0,0,412,16,772,0.058000
484,0,0,732,25,71,0.050000
485,0,0,669,16,712,0.066500
486,0,0,931,60,869,0.055000
487,0,0,789,1,908,0.019500
488,0,1,3,7,311,0.053500
489,0,0,303,1,191,0.001000
490,0,0,242,5,921,0.142000
491,0,0,37,10,754,0.148000
492,0,0,634,30,183,0.057500
493,0,0,555,57,717,0.050000
494,0,0,70,33,832,0.054500
495,0,0,468,167,87,0.050500
496,0,0,206,23,636,0.071500
497,0,0,383,60,717,0.052000
498,0,0,57,4,692,0.307500
499,0,0,382,18,633,0.124000
500,0,0,186,9,717,0.076500
501,0,0,253,1,191,0.000000
502,0,0,265,8,717,0.076000
503,0,0,162,12,437,0.054500
504,0,0,426,13,139,0.070500
505,0,0,23,12,443,0.098000
506,0,0,552,40,654,0.063500
507,0,0,163,8,615,0.271500
508,0,0,730,3,430,0.090000
509,0,0,206,21,148,0.061000
510,0,0,12,1,717,0.002000
511,0,0,968,236,859,0.050500
512,0,0,335,5,642,0.108000
513,0,0,218,12,832,0.061000
514,0,0,198,2,717,0.102000
515,0,0,343,11,249,0.052500
516,0,0,133,6,717,0.062000
517,0,0,590,51,761,0.092500
518,0,0,236,14,526,0.051500
519,0,0,14,5,717,0.078000
520,0,0,282,29,437,0.061500
521,0,0,659,77,692,0.051000
522,0,0,254,73,320,0.050000
523,0,0,37,12,410,0.162500
524,0,0,369,29,183,0.053000
525,0,0,182,40,931,0.057500
526,0,0,14,4,832,0.151500
527,0,0,26,13,437,0.051500
528,0,0,795,25,133,0.084000
529,0,0,185,71,773,0.060000
530,0,0,500,207,466,0.051500
531,0,0,136,38,32,0.050500
532,0,0,884,5,718,0.176000
533,0,0,43,5,717,0.117000
534,0,0,23,6,191,0.152000
535,0,0,915,25,822,0.050000
536,0,0,222,3,410,0.392500
537,0,0,570,42,556,0.054500
538,0,0,20,2,717,0.375500
539,0,0,699,201,281,0.052500
540,0,0,253,12,931,0.188500
541,0,0,449,66,948,0.051500
542,0,0,229,5,717,0.082500
543,0,0,519,21,717,0.118500
544,0,0,216,41,437,0.057500
545,0,0,364,48,183,0.055500
546,0,0,15,5,672,0.301000
547,0,0,480,5,443,0.062000
548,0,0,935,30,554,0.087000
549,0,0,983,3,389,0.125500
550,0,0,879,158,32,0.052000
551,0,0,244,6,155,0.083000
552,0,0,64,10,437,0.056500
553,0,0,121,25,437,0.051000
554,0,0,56,6,717,0.483500
555,0,0,220,8,443,0.054500
556,0,1,4,5,692,0.088000
557,0,0,660,29,855,0.061500
558,0,0,937,35,614,0.051000
559,0,0,620,55,660,0.059000
560,0,0,776,122,186,0.052000
561,0,0,306,16,717,0.064000
562,0,0,984,3,9,0.444000
563,0,0,692,55,974,0.051500
564,0,0,312,2,692,0.893000
565,0,0,499,19,615,0.052000
566,0,0,115,70,450,0.052000
567,0,0,853,76,556,0.052000
568,0,0,60,11,633,0.069500
569,0,0,564,25,832,0.053000
570,0,0,171,31,410,0.058500
571,0,0,241,18,692,0.058000
572,0,1,17,16,579,0.097000
573,0,0,795,371,211,0.051000
574,0,0,91,28,410,0.069000
575,0,0,152,54,832,0.057000
576,0,0,40,14,633,0.060500
577,0,0,72,27,437,0.058000
578,0,0,636,54,642,0.053000
579,0,0,20,12,754,0.090000
580,0,0,716,8,191,0.096000
581,0,0,532,91,31,0.050500
582,0,0,921,10,402,0.053500
583,0,0,602,44,745,0.053000
584,0,0,676,11,216,0.056000
585,0,0,643,147,654,0.053000
586,0,0,319,19,832,0.051500
587,0,0,561,6,139,0.064000
588,0,0,526,5,249,0.051000
589,0,0,690,104,712,0.051500
590,0,0,559,9,633,0.051000
591,0,0,972,13,461,0.061500
592,0,0,244,27,78,0.050000
593,0,0,63,1,717,0.002000
594,0,0,219,8,832,0.068500
595,0,0,518,96,87,0.052000
596,0,0,153,23,191,0.053000
597,0,1,124,126,477,0.054000
598,0,0,38,3,191,0.071000
599,0,1,3,3,249,0.494000
600,0,0,335,23,410,0.051500
601,0,0,491,113,477,0.060500
602,0,0,577,1,908,0.005500
603,0,0,600,7,556,0.324500
604,0,0,160,1,717,0.021000
605,0,0,241,4,576,0.118000
606,0,0,594,74,183,0.056500
607,0,0,155,15,573,0.093000
608,0,0,802,12,746,0.051000
609,0,0,796,54,437,0.055500
610,0,0,774,10,920,0.052000
611,0,0,435,76,692,0.058500
612,0,0,825,41,717,0.056000
613,0,0,551,26,410,0.054500
614,0,0,126,32,556,0.053500
615,0,1,10,18,32,0.105000
616,0,0,295,70,87,0.052000
617,0,0,334,63,106,0.050500
618,0,0,730,58,717,0.051500
619,0,0,305,2,717,0.063000
620,0,0,272,4,191,0.066500
621,0,0,773,104,642,0.055000
622,0,0,105,5,437,0.116500
623,0,0,438,2,633,0.714000
624,0,0,251,20,410,0.056500
625,0,0,115,4,615,0.097500
626,0,0,921,68,430,0.050500
627,0,0,14,2,78,0.721000
628,0,0,36,11,437,0.073000
629,0,0,296,10,437,0.051000
630,0,0,474,44,615,0.050500
631,0,0,279,21,191,0.057500
632,0,0,25,3,754,0.051500
633,0,0,24,2,692,0.208000
634,0,0,41,4,191,0.187500
635,0,0,235,14,437,0.087500
636,0,0,664,24,717,0.064000
637,0,0,986,19,425,0.056000
638,0,0,479,34,32,0.070500
639,0,0,172,41,672,0.054500
640,0,0,625,56,556,0.055000
641,0,0,345,19,437,0.065500
642,0,0,16,1,437,0.000500
643,0,0,168,17,410,0.069500
644,0,0,327,87,720,0.056500
645,0,0,407,41,31,0.061000
646,0,0,271,37,148,0.083000
647,0,0,254,2,717,0.125500
648,0,0,6,1,549,0.036000
649,0,0,469,142,348,0.065500
650,0,0,192,2,191,0.083000
651,0,0,617,58,702,0.055500
652,0,0,57,1,717,0.012500
653,0,0,318,26,410,0.053500
654,0,0,43,7,717,0.081000
655,0,0,14,1,754,0.000500
656,0,0,485,7,828,0.147500
657,0,0,831,12,430,0.056000
658,0,0,668,8,249,0.201500
659,0,0,425,14,920,0.083500
660,0,1,12,19,717,0.069500
661,0,0,42,7,717,0.065000
662,0,0,656,16,672,0.053000
663,0,0,43,14,822,0.052000
664,0,0,85,24,148,0.065000
665,0,0,29,16,437,0.061500
666,0,0,246,6,139,0.082000
667,0,0,373,15,832,0.054500
668,0,0,91,7,556,0.077000
669,0,0,623,6,78,0.089000
670,0,0,984,7,425,0.067000
671,0,0,396,66,832,0.079500
672,0,0,277,14,191,0.052000
673,0,1,6,24,510,0.056500
674,0,0,704,22,822,0.073500
675,0,0,830,65,192,0.050500
676,0,0,264,3,556,0.227500
677,0,0,828,13,418,0.081500
678,0,0,348,32,249,0.051000
679,0,0,990,2,695,0.515000
680,0,0,618,24,702,0.057000
681,0,0,678,6,554,0.103000
682,0,0,589,8,642,0.060000
683,0,0,81,28,717,0.083000
684,0,0,98,2,191,0.469500
685,0,0,131,11,437,0.140000
686,0,0,53,4,410,0.179500
687,0,1,36,37,416,0.050500
688,0,0,401,75,437,0.058500
689,0,0,164,29,191,0.051000
690,0,0,964,11,244,0.060500
691,0,0,49,5,437,0.064500
692,0,1,1,2,692,0.614500
693,0,0,491,16,554,0.079500
694,0,0,56,9,410,0.080000
695,0,0,348,2,454,0.105000
696,0,0,52,2,717,0.096000
697,0,0,177,22,148,0.071000
698,0,0,640,140,102,0.050000
699,0,0,837,12,216,0.061500
700,0,0,907,15,745,0.053500
701,0,0,841,11,717,0.062000
702,0,0,10,2,717,0.720500
703,0,0,461,7,191,0.057500
704,0,0,980,51,271,0.054500
705,0,0,275,20,750,0.065000
706,0,0,466,1,191,0.003000
707,0,0,161,35,654,0.055500
708,0,0,45,10,437,0.157000
709,0,0,809,1,28,0.039500
710,0,0,701,43,211,0.059500
711,0,0,196,3,717,0.666500
712,0,1,34,50,320,0.056500
713,0,0,248,38,717,0.058000
714,0,0,735,15,430,0.051500
715,0,0,105,4,191,0.184000
716,0,0,753,202,707,0.050500
717,0,1,1,1,717,0.021000
718,0,0,541,13,216,0.063000
719,0,0,495,13,931,0.059500
720,0,0,21,7,437,0.056500
721,0,0,774,287,553,0.050500
722,0,0,625,20,822,0.102000
723,0,0,451,60,457,0.054000
724,0,0,397,14,249,0.115000
725,0,0,135,4,717,0.128000
726,0,0,485,68,106,0.052500
727,0,0,54,31,720,0.055000
728,0,0,377,39,660,0.053500
729,0,0,258,16,410,0.053000
730,0,0,532,20,134,0.054000
731,0,0,78,13,437,0.095000
732,0,0,196,8,633,0.050500
733,0,0,590,35,437,0.051500
734,0,0,85,7,488,0.059500
735,0,0,249,8,832,0.050500
736,0,0,53,10,615,0.064000
737,0,0,906,36,307,0.054500
738,0,0,202,8,191,0.104000
739,0,0,403,4,488,0.077500
740,0,0,19,16,437,0.253500
741,0,0,125,1,191,0.038000
742,0,0,192,7,437,0.103000
743,0,0,562,73,148,0.054500
744,0,0,630,72,87,0.051500
745,0,0,484,14,712,0.078000
746,0,0,256,28,920,0.055500
747,0,0,859,172,745,0.053000
748,0,0,258,51,720,0.056500
749,0,0,108,19,920,0.075000
750,0,0,50,17,437,0.058500
751,0,0,6,4,410,0.412500
752,0,0,722,6,745,0.121000
753,0,0,333,22,745,0.077500
754,0,0,46,5,522,0.147000
755,0,0,676,1,191,0.016000
756,0,0,135,22,832,0.050000
757,0,0,326,15,191,0.114500
758,0,0,356,3,191,0.064500
759,0,0,390,3,191,0.071500
760,0,0,736,15,192,0.053000
761,0,0,537,8,191,0.114000
762,0,0,447,13,437,0.058000
763,0,0,203,5,191,0.064500
764,0,0,245,34,410,0.053000
765,0,0,358,27,410,0.051500
766,0,0,401,44,183,0.050500
767,0,0,809,11,672,0.100500
768,0,0,24,1,562,0.000500
769,0,0,252,26,437,0.068500
770,0,0,282,2,717,0.626000
771,0,0,632,25,191,0.086500
772,0,1,7,8,717,0.068500
773,0,0,8,7,437,0.192000
774,0,0,129,4,717,0.466500
775,0,0,545,66,320,0.055000
776,0,0,471,124,443,0.051500
777,0,0,47,9,148,0.110000
778,0,0,312,27,832,0.100000
779,0,0,148,1,717,0.001000
780,0,0,209,15,437,0.075500
781,0,0,98,12,745,0.118500
782,0,0,102,5,717,0.293500
783,0,0,813,117,921,0.052000
784,0,0,173,10,832,0.097000
785,0,0,848,28,844,0.060000
786,0,0,795,30,443,0.053500
787,0,0,974,116,678,0.060500
788,0,0,754,37,672,0.061000
789,0,0,461,62,443,0.051500
790,0,0,681,72,450,0.052500
791,0,0,74,11,556,0.066000
792,0,0,728,34,745,0.051000
793,0,0,180,27,437,0.055500
794,0,0,85,26,660,0.063500
795,0,0,323,45,139,0.058000
796,0,0,86,12,437,0.061000
797,0,0,571,129,106,0.054000
798,0,1,10,27,556,0.071000
799,0,0,27,20,443,0.050000
800,0,0,120,20,615,0.053000
801,0,0,45,7,717,0.207500
802,0,0,215,70,437,0.062500
803,0,0,80,2,191,0.577000
804,0,0,68,16,615,0.116500
805,0,0,400,65,437,0.050500
806,0,0,374,1,191,0.003500
807,0,0,396,44,772,0.053000
808,0,0,811,19,576,0.051500
809,0,0,887,1,908,0.000000
810,0,0,805,7,745,0.057000
811,0,0,59,1,813,0.040000
812,0,0,800,78,28,0.053000
813,0,0,757,61,745,0.056500
814,0,0,83,21,772,0.050000
815,0,0,590,20,191,0.078500
816,0,0,335,11,695,0.060500
817,0,0,261,3,191,0.424000
818,0,0,537,10,410,0.052000
819,0,0,663,32,795,0.116500
820,0,0,83,13,832,0.052500
821,0,0,285,8,191,0.052500
822,0,1,3,5,155,0.241500
823,0,0,693,19,822,0.055000
824,0,0,19,9,717,0.082000
825,0,0,298,35,832,0.050500
826,0,0,159,3,717,0.051000
827,0,0,198,2,437,0.162500
828,0,0,83,4,556,0.233000
829,0,0,597,8,410,0.127000
830,0,0,763,32,293,0.051000
831,0,0,621,78,183,0.054000
832,0,1,2,3,437,0.123500
833,0,0,449,2,614,0.079500
834,0,0,335,105,285,0.063500
835,0,1,2,42,517,0.066500
836,0,0,561,42,293,0.050500
837,0,0,746,349,146,0.051000
838,0,0,367,50,720,0.063500
839,0,0,717,8,935,0.053000
840,0,0,352,39,832,0.096000
841,0,0,199,1,717,0.038000
842,0,0,40,15,659,0.064500
843,0,0,229,2,717,0.319500
844,0,0,342,14,191,0.079000
845,0,0,215,7,576,0.060000
846,0,0,763,2,908,0.056500
847,0,0,810,39,554,0.050000
848,0,0,351,9,615,0.067000
849,0,0,156,1,717,0.006000
850,0,0,102,3,717,0.122500
851,0,0,616,59,78,0.057500
852,0,0,151,10,832,0.082000
853,0,0,98,21,692,0.057000
854,0,0,417,35,654,0.060500
855,0,1,8,10,615,0.068000
856,0,0,578,4,717,0.072000
857,0,0,576,42,139,0.102000
858,0,0,538,24,450,0.050000
859,0,0,61,4,191,0.764500
860,0,0,771,1,745,0.000500
861,0,0,287,43,437,0.065000
862,0,0,53,4,717,0.338000
863,0,0,241,23,410,0.052000
864,0,0,695,17,642,0.050000
865,0,0,776,26,418,0.106500
866,0,0,328,45,437,0.064500
867,0,0,212,15,410,0.058500
868,0,0,91,2,718,0.059000
869,0,0,631,2,522,0.054500
870,0,0,199,5,655,0.244000
871,0,0,93,37,717,0.061000
872,0,0,517,117,443,0.053500
873,0,0,838,15,745,0.063000
874,0,0,82,13,717,0.101500
875,0,0,107,13,717,0.052000
876,0,0,208,7,717,0.126500
877,0,0,477,9,702,0.083000
878,0,1,39,64,32,0.060500
879,0,0,201,7,437,0.114500
880,0,0,288,45,832,0.054500
881,0,0,582,36,437,0.069500
882,0,0,380,50,692,0.054500
883,0,0,872,74,935,0.057000
884,0,0,71,17,717,0.053000
885,0,0,4,1,9,0.044000
886,0,0,341,26,931,0.053500
887,0,0,788,1,813,0.035500
888,0,0,766,71,921,0.055500
889,0,0,104,85,477,0.085000
890,0,0,935,9,454,0.158500
891,0,0,416,80,31,0.050000
892,0,0,658,52,438,0.050500
893,0,0,508,143,106,0.058500
894,0,0,368,65,573,0.050000
895,0,0,172,22,692,0.056500
896,0,0,393,30,510,0.067500
897,0,0,42,1,717,0.016000
898,0,0,346,22,191,0.075500
899,0,0,145,7,437,0.057000
900,0,0,915,235,442,0.051000
901,0,0,187,12,712,0.098500
902,0,0,40,27,654,0.058500
903,0,0,683,7,191,0.087000
904,0,0,195,55,285,0.051000
905,0,0,41,3,717,0.706500
906,0,0,34,1,717,0.005000
907,0,0,5,2,454,0.056000
908,0,1,2,2,522,0.326500
909,0,0,626,13,921,0.052000
910,0,0,525,24,437,0.050000
911,0,0,122,4,717,0.095500
912,0,0,462,66,302,0.069000
913,0,0,102,15,717,0.074000
914,0,0,29,18,717,0.053000
915,0,0,395,57,437,0.063500
916,0,0,359,18,437,0.051500
917,0,1,7,8,437,0.050500
918,0,0,947,23,754,0.061000
919,0,0,809,19,554,0.053000
920,0,1,9,10,712,0.066500
921,0,0,591,31,717,0.055500
922,0,0,729,153,31,0.050500
923,0,0,381,62,832,0.052500
924,0,1,1,1,924,0.000000
925,0,0,223,57,948,0.060500
926,0,0,31,1,816,0.004500
927,0,0,817,10,382,0.062000
928,0,0,934,14,235,0.054500
929,0,0,735,19,430,0.063000
930,0,0,334,24,772,0.060500
931,0,1,5,5,717,0.187500
932,0,0,619,4,745,0.113000
933,0,0,398,21,931,0.075500
934,0,0,256,16,320,0.093000
935,0,0,73,5,717,0.067500
936,0,0,597,98,712,0.053000
937,0,0,229,8,717,0.066500
938,0,0,795,15,249,0.077500
939,0,0,548,92,672,0.050000
940,0,0,587,41,249,0.054000
941,0,0,486,1,717,0.016000
942,0,0,908,8,216,0.167000
943,0,0,339,36,183,0.051500
944,0,0,447,32,191,0.054500
945,0,0,810,52,850,0.064000
946,0,0,543,4,935,0.680500
947,0,0,286,29,249,0.051500
948,0,0,35,5,191,0.066000
949,0,0,905,14,935,0.073500
950,0,0,297,17,148,0.072000
951,0,0,317,7,191,0.056000
952,0,0,495,95,139,0.051500
953,0,0,774,13,191,0.052000
954,0,0,575,40,556,0.050500
955,0,0,334,13,554,0.071000
956,0,0,398,3,410,0.110500
957,0,0,421,54,106,0.078000
958,0,0,902,4,761,0.092500
959,0,0,422,38,31,0.051500
960,0,0,816,483,614,0.050500
961,0,0,724,54,410,0.056500
962,0,0,589,27,410,0.052500
963,0,0,225,9,437,0.055000
964,0,0,240,7,410,0.069000
965,0,0,840,206,431,0.052000
966,0,0,596,1,556,0.019500
967,0,0,954,82,630,0.055500
968,0,0,481,8,615,0.114500
969,0,0,76,10,410,0.202500
970,0,0,44,1,717,0.004000
971,0,0,155,13,191,0.060000
972,0,0,315,73,31,0.052500
973,0,0,262,3,554,0.097000
974,0,0,42,2,717,0.778000
975,0,0,566,25,556,0.058500
976,0,0,701,32,148,0.055500
977,0,0,952,1,614,0.009500
978,0,0,587,15,554,0.058000
979,0,0,491,12,717,0.061000
980,0,0,914,5,599,0.093500
981,0,0,815,143,578,0.052500
982,0,0,278,37,510,0.053000
983,0,0,531,51,441,0.050500
984,0,0,870,3,556,0.063000
985,0,0,691,5,921,0.139500
986,0,0,497,100,443,0.051000
987,0,0,640,25,191,0.053500
988,0,0,596,94,57,0.054000
989,0,0,810,73,249,0.063000
990,0,0,719,136,828,0.052500
991,0,0,438,15,437,0.051000
992,0,0,122,1,576,0.002500
993,0,0,383,37,437,0.071500
994,0,0,37,12,717,0.080000
995,0,0,298,14,31,0.076500
996,0,0,543,80,832,0.055000
997,0,0,812,2,633,0.087000
998,0,0,213,102,281,0.055000
999,0,0,510,23,717,0.078500
1000,0,0,625,6,642,0.050000
1,1,0,394,19,717,0.058500
2,1,0,301,1,191,0.000000
3,1,0,404,90,692,0.051000
4,1,0,34,14,241,0.062500
5,1,0,84,1,191,0.003500
6,1,0,219,34,410,0.060000
7,1,0,415,92,443,0.060000
8,1,0,343,7,615,0.059500
9,1,0,4,2,412,0.433500
10,1,0,435,46,642,0.050500
11,1,0,75,1,717,0.006000
12,1,0,831,20,627,0.060000
13,1,0,825,28,576,0.055500
14,1,0,491,41,772,0.054500
15,1,0,597,33,139,0.060500
16,1,0,169,8,717,0.062500
17,1,0,422,20,410,0.055500
18,1,0,432,13,615,0.102500
19,1,0,427,45,410,0.051500
20,1,0,801,86,191,0.065000
21,1,0,728,5,614,0.058000
22,1,0,309,12,717,0.051500
23,1,0,409,9,717,0.071500
24,1,0,182,5,717,0.151500
25,1,0,822,144,509,0.051000
26,1,0,709,177,935,0.052500
27,1,0,304,23,832,0.100500
28,1,0,414,15,191,0.173000
29,1,0,451,4,672,0.054500
30,1,0,12,5,410,0.115000
31,1,0,26,7,410,0.076500
32,1,0,92,2,437,0.175000
33,1,0,577,32,708,0.051000
34,1,0,772,47,642,0.054500
35,1,0,268,17,437,0.103000
36,1,1,6,24,720,0.062500
37,1,0,131,37,931,0.050500
38,1,0,889,45,437,0.061500
39,1,0,292,121,526,0.054000
40,1,0,176,23,615,0.065500
41,1,0,618,9,615,0.076000
42,1,0,133,8,556,0.050000
43,1,0,591,1,522,0.021000
44,1,0,14,6,717,0.056000
45,1,0,451,71,183,0.051000
46,1,0,927,16,216,0.224000
47,1,0,23,6,437,0.195000
48,1,0,30,1,393,0.000000
49,1,0,45,3,816,0.067500
50,1,0,138,20,410,0.054500
51,1,0,18,7,754,0.053000
52,1,0,930,333,581,0.051000
53,1,0,343,89,30,0.067500
54,1,0,24,10,832,0.113000
55,1,0,825,13,191,0.061500
56,1,0,842,3,754,0.075000
57,1,0,42,12,437,0.077500
58,1,0,958,18,810,0.070500
59,1,0,691,30,293,0.061500
60,1,0,496,29,211,0.059000
61,1,0,214,12,191,0.058500
62,1,0,308,31,320,0.065000
63,1,0,866,176,466,0.057000
64,1,0,679,52,293,0.051500
65,1,0,66,1,908,0.019500
66,1,0,57,4,437,0.053500
67,1,0,354,18,410,0.051000
68,1,0,186,32,457,0.085500
69,1,0,280,68,106,0.055500
70,1,0,72,6,717,0.051500
71,1,1,13,19,920,0.052000
72,1,0,178,1,191,0.002000
73,1,0,441,87,148,0.051000
74,1,0,679,15,822,0.099000
75,1,0,526,55,720,0.051500
76,1,0,355,1,191,0.010000
77,1,0,602,18,139,0.063500
78,1,0,104,12,437,0.066500
79,1,0,97,10,410,0.050000
80,1,0,956,11,813,0.126000
81,1,0,252,2,615,0.393500
82,1,0,293,20,148,0.061500
83,1,0,505,11,717,0.085500
84,1,0,787,220,814,0.054000
85,1,0,605,9,908,0.369000
86,1,0,988,5,446,0.167500
87,1,0,94,38,410,0.053500
88,1,0,83,8,632,0.160500
89,1,0,958,293,642,0.051000
90,1,0,592,90,510,0.051000
91,1,0,183,5,437,0.063500
92,1,0,670,83,672,0.058500
93,1,0,768,12,921,0.053000
94,1,0,139,5,717,0.085500
95,1,0,967,7,754,0.129000
96,1,0,946,9,908,0.259500
97,1,0,132,24,717,0.062000
98,1,0,570,8,430,0.071500
99,1,0,165,17,191,0.052500
100,1,0,68,11,437,0.108000
101,1,0,67,3,615,0.053000
102,1,0,27,20,437,0.066000
103,1,0,170,7,717,0.064500
104,1,0,791,136,382,0.051000
105,1,0,4,2,615,0.107500
106,1,0,31,16,437,0.059500
107,1,0,98,5,437,0.107500
108,1,0,429,5,410,0.108500
109,1,0,326,36,437,0.110500
110,1,0,573,23,148,0.083000
111,1,0,644,8,191,0.121500
112,1,0,166,7,437,0.054500
113,1,0,487,15,692,0.061500
114,1,0,941,36,517,0.061000
115,1,0,609,13,823,0.053000
116,1,0,503,23,211,0.063500
117,1,0,50,25,717,0.053000
118,1,0,134,10,410,0.051000
119,1,0,964,9,926,0.156000
120,1,0,181,2,717,0.124500
121,1,0,69,16,410,0.075000
122,1,0,584,59,293,0.053000
123,1,0,834,3,249,0.065500
124,1,0,460,24,191,0.053000
125,1,0,318,20,717,0.107000
126,1,0,283,2,832,0.055000
127,1,0,375,11,717,0.066000
128,1,0,462,62,148,0.057500
129,1,0,724,150,720,0.050500
130,1,0,954,6,655,0.055000
131,1,0,401,67,285,0.054500
132,1,0,775,33,554,0.052000
133,1,0,311,47,832,0.053500
134,1,0,15,1,191,0.000000
135,1,0,284,14,437,0.067000
136,1,0,42,3,717,0.272000
137,1,0,645,43,443,0.052500
138,1,0,328,9,418,0.052000
139,1,0,24,4,410,0.776000
140,1,0,14,5,9,0.325500
141,1,0,433,57,450,0.055000
142,1,1,5,7,437,0.105000
143,1,0,692,110,117,0.051000
144,1,0,507,93,720,0.051500
145,1,0,88,9,717,0.197500
146,1,0,602,47,772,0.059500
147,1,0,114,34,832,0.059000
148,1,1,6,17,437,0.155500
149,1,0,421,6,717,0.084500
150,1,0,189,4,410,0.260000
151,1,0,458,108,859,0.053500
152,1,0,275,38,717,0.053500
153,1,0,527,50,636,0.056000
154,1,0,950,12,754,0.101500
155,1,0,450,8,249,0.169000
156,1,0,121,19,437,0.053000
157,1,0,86,12,717,0.051500
158,1,0,867,137,216,0.051000
159,1,0,717,9,592,0.184000
160,1,0,832,42,410,0.052000
161,1,0,194,34,832,0.051500
162,1,0,238,1,191,0.000000
163,1,0,663,175,239,0.050500
164,1,0,672,172,372,0.053000
165,1,1,42,38,510,0.053000
166,1,0,29,1,717,0.014500
167,1,0,866,3,718,0.095000
168,1,0,905,156,554,0.050500
169,1,0,177,25,285,0.097000
170,1,0,243,20,615,0.065000
171,1,0,191,1,717,0.000000
172,1,0,112,2,191,0.687500
173,1,0,154,11,832,0.154000
174,1,0,336,10,191,0.066000
175,1,0,653,21,599,0.087000
176,1,0,225,55,437,0.056000
177,1,0,432,52,772,0.058500
178,1,0,407,3,216,0.607500
179,1,0,343,5,410,0.069500
180,1,0,369,1,717,0.001500
181,1,0,510,22,519,0.061500
182,1,0,317,12,437,0.072500
183,1,0,62,1,717,0.001000
184,1,0,936,68,745,0.054500
185,1,0,247,22,410,0.179000
186,1,0,86,3,410,0.686500
187,1,0,228,89,205,0.062000
188,1,0,639,15,133,0.086500
189,1,0,386,13,249,0.056500
190,1,0,668,145,803,0.051000
191,1,0,17,8,437,0.063500
192,1,0,406,61,320,0.055500
193,1,1,5,28,556,0.050000
194,1,0,210,8,410,0.055500
195,1,0,510,7,717,0.053500
196,1,0,429,44,720,0.063500
197,1,0,615,4,249,0.074500
198,1,0,480,7,293,0.103500
199,1,0,404,41,717,0.058500
200,1,0,345,20,717,0.053500
201,1,0,196,49,410,0.061000
202,1,0,941,245,688,0.052000
203,1,0,299,63,139,0.059500
204,1,0,260,74,438,0.056000
205,1,0,20,3,410,0.198500
206,1,0,891,3,761,0.093500
207,1,0,173,24,241,0.051000
208,1,0,641,156,772,0.056500
209,1,0,624,105,921,0.054000
210,1,0,424,71,183,0.054500
211,1,0,11,1,191,0.019000
212,1,0,341,10,907,0.050000
213,1,0,143,72,410,0.052500
214,1,0,990,1,942,0.002500
215,1,0,440,20,672,0.057000
216,1,1,6,18,556,0.083000
217,1,0,752,327,187,0.051000
218,1,0,495,15,717,0.057500
219,1,0,30,2,924,0.181500
220,1,0,114,19,832,0.081000
221,1,0,582,48,450,0.070000
222,1,0,592,54,410,0.052500
223,1,0,761,39,772,0.057000
224,1,0,595,29,931,0.063000
225,1,0,293,9,139,0.050000
226,1,0,77,1,717,0.023000
227,1,0,116,5,692,0.079000
228,1,0,240,53,437,0.064000
229,1,0,906,35,761,0.052500
230,1,0,998,2,389,0.066500
231,1,0,32,5,437,0.077500
232,1,0,298,20,437,0.063500
233,1,0,545,38,712,0.067000
234,1,0,527,45,717,0.052500
235,1,0,454,25,410,0.055500
236,1,0,211,3,717,0.072000
237,1,0,394,33,437,0.051000
238,1,0,663,36,139,0.055000
239,1,0,126,27,772,0.073500
240,1,0,52,25,832,0.115500
241,1,0,13,1,717,0.000000
242,1,1,2,177,636,0.058000
243,1,0,250,5,717,0.106500
244,1,0,676,15,822,0.081500
245,1,0,877,122,307,0.054500
246,1,0,450,84,410,0.050000
247,1,0,488,49,931,0.060000
248,1,0,508,7,191,0.066500
249,1,0,92,27,717,0.050000
250,1,0,218,60,720,0.059500
251,1,0,779,21,302,0.056500
252,1,0,40,12,692,0.099500
253,1,0,966,3,870,0.355500
254,1,0,172,4,148,0.053000
255,1,0,84,36,191,0.081000
256,1,0,117,38,772,0.056500
257,1,0,984,3,327,0.056500
258,1,0,466,24,191,0.061500
259,1,0,613,7,443,0.152000
260,1,0,152,7,556,0.235000
261,1,0,625,2,249,0.119000
262,1,0,41,1,412,0.008000
263,1,0,229,4,379,0.338000
264,1,0,534,8,437,0.103000
265,1,0,295,3,717,0.055500
266,1,0,872,1,745,0.038500
267,1,0,278,21,410,0.053500
268,1,0,39,29,556,0.051500
269,1,0,55,45,31,0.052000
270,1,0,558,6,522,0.492500
271,1,0,34,4,908,0.147500
272,1,0,448,12,191,0.111000
273,1,0,538,2,935,0.623000
274,1,0,222,5,717,0.112500
275,1,0,727,50,554,0.053000
276,1,0,832,157,502,0.051500
277,1,0,321,10,717,0.062500
278,1,0,780,74,293,0.059000
279,1,0,780,101,191,0.063000
280,1,0,390,11,211,0.052500
281,1,0,30,11,717,0.055000
282,1,0,201,4,139,0.144000
283,1,1,23,22,636,0.080500
284,1,0,506,38,31,0.071000
285,1,1,9,24,720,0.062500
286,1,0,717,190,443,0.053500
287,1,0,778,9,576,0.087000
288,1,0,299,6,191,0.095000
289,1,0,244,9,615,0.067000
290,1,0,779,59,510,0.051500
291,1,0,739,99,795,0.055000
292,1,0,419,8,717,0.061000
293,1,0,293,8,191,0.136500
294,1,0,289,30,450,0.072500
295,1,0,725,214,281,0.051000
296,1,0,606,71,205,0.067500
297,1,0,777,1,816,0.000500
298,1,0,47,3,717,0.070500
299,1,0,65,29,437,0.057000
300,1,0,914,45,496,0.052500
301,1,0,619,96,437,0.057500
302,1,0,162,31,720,0.054000
303,1,0,669,73,556,0.075500
304,1,0,505,10,311,0.072000
305,1,0,695,109,692,0.052000
306,1,1,169,136,87,0.050500
307,1,0,494,13,139,0.161000
308,1,0,980,14,245,0.054500
309,1,0,534,21,510,0.112000
310,1,0,377,4,410,0.218000
311,1,0,528,20,139,0.054000
312,1,0,205,50,320,0.063500
313,1,0,473,28,931,0.054500
314,1,0,441,23,148,0.052500
315,1,0,664,7,554,0.059000
316,1,0,253,90,720,0.051000
317,1,0,96,1,717,0.000500
318,1,0,407,24,615,0.058500
319,1,0,346,7,692,0.099000
320,1,1,5,13,832,0.131000
321,1,0,195,12,717,0.101500
322,1,0,681,64,87,0.060000
323,1,0,994,3,329,0.066500
324,1,0,521,86,652,0.052500
325,1,0,855,1,813,0.000000
326,1,0,851,4,935,0.055000
327,1,0,748,7,51,0.058000
328,1,0,726,53,717,0.062500
329,1,1,3,3,9,0.291500
330,1,0,637,19,717,0.124000
331,1,0,587,52,437,0.053500
332,1,0,871,94,935,0.052000
333,1,0,897,86,146,0.050500
334,1,0,275,22,437,0.073500
335,1,0,93,3,717,0.300500
336,1,1,265,196,720,0.052000
337,1,0,162,2,717,0.075500
338,1,0,91,10,717,0.052000
339,1,1,56,80,438,0.053500
340,1,0,429,16,822,0.065500
341,1,0,671,124,302,0.068500
342,1,0,674,10,554,0.067000
343,1,0,63,1,191,0.024500
344,1,0,575,3,556,0.348000
345,1,0,519,1,717,0.030000
346,1,0,188,23,772,0.102000
347,1,1,7,12,437,0.059500
348,1,0,67,1,717,0.000500
349,1,0,57,4,717,0.294000
350,1,0,141,12,410,0.057000
351,1,0,20,4,717,0.230500
352,1,0,512,110,241,0.058000
353,1,0,28,8,692,0.122500
354,1,0,808,1,28,0.006500
355,1,0,323,7,191,0.063000
356,1,0,10,2,717,0.061000
357,1,0,511,16,832,0.051000
358,1,0,511,9,615,0.118000
359,1,0,498,10,155,0.275000
360,1,0,711,95,634,0.054500
361,1,0,131,38,720,0.050000
362,1,0,970,45,810,0.050000
363,1,0,473,15,437,0.072500
364,1,0,136,11,717,0.065500
365,1,0,838,13,576,0.073500
366,1,0,930,1,249,0.014000
367,1,0,106,3,717,0.053000
368,1,0,109,26,437,0.057500
369,1,0,61,10,437,0.058500
370,1,0,19,2,155,0.188500
371,1,0,486,103,772,0.063000
372,1,0,618,16,717,0.065000
373,1,0,419,4,717,0.076000
374,1,0,103,7,717,0.052000
375,1,0,973,1,393,0.014500
376,1,0,682,23,556,0.060000
377,1,0,211,8,191,0.235500
378,1,0,252,4,191,0.229000
379,1,0,6,2,754,0.174500
380,1,0,834,299,477,0.050000
381,1,0,965,8,823,0.391000
382,1,0,60,4,554,0.383500
383,1,0,576,277,249,0.051500
384,1,0,649,114,102,0.051000
385,1,0,634,32,139,0.057500
386,1,1,29,54,901,0.050000
387,1,0,696,4,718,0.288000
388,1,0,982,5,572,0.509000
389,1,0,961,5,48,0.247000
390,1,0,110,57,717,0.054000
391,1,0,874,4,379,0.054000
392,1,0,454,15,832,0.050500
393,1,1,3,7,754,0.193000
394,1,0,667,44,293,0.062500
395,1,0,382,15,320,0.064500
396,1,0,135,14,717,0.109500
397,1,0,70,15,832,0.069500
398,1,0,701,26,191,0.063000
399,1,0,40,12,410,0.078500
400,1,0,52,10,615,0.058000
401,1,0,538,37,320,0.065000
402,1,0,89,1,522,0.041000
403,1,0,391,13,437,0.060500
404,1,0,614,2,672,0.072000
405,1,0,865,29,921,0.056000
406,1,0,642,149,855,0.050000
407,1,0,579,18,717,0.239500
408,1,0,259,59,102,0.057500
409,1,0,679,111,285,0.053000
410,1,0,8,5,717,0.086000
411,1,0,1000,1,549,0.011500
412,1,0,23,6,579,0.161000
413,1,0,69,11,437,0.075500
414,1,0,856,1,745,0.013000
415,1,0,681,195,639,0.050500
416,1,0,497,11,191,0.190000
417,1,0,399,11,191,0.162500
418,1,0,459,7,672,0.063000
419,1,0,684,10,636,0.056000
420,1,0,631,96,450,0.051000
421,1,0,372,206,302,0.054000
422,1,0,8,5,654,0.144500
423,1,0,103,10,717,0.053500
424,1,0,95,4,437,0.090500
425,1,0,526,4,754,0.138000
426,1,0,29,9,437,0.076000
427,1,0,749,1,249,0.002500
428,1,0,167,37,410,0.052000
429,1,0,23,1,437,0.037500
430,1,0,146,10,615,0.058500
431,1,0,62,12,191,0.070000
432,1,0,356,101,423,0.053000
433,1,0,451,20,554,0.097000
434,1,0,679,69,832,0.058500
435,1,1,13,18,437,0.063000
436,1,0,277,50,31,0.051500
437,1,0,5,1,717,0.000000
438,1,0,15,12,556,0.051500
439,1,0,243,30,654,0.058000
440,1,0,110,3,717,0.059500
441,1,1,120,127,692,0.060500
442,1,0,223,112,692,0.052500
443,1,1,28,62,717,0.059500
444,1,0,70,5,410,0.306000
445,1,0,180,16,302,0.053000
446,1,0,18,4,9,0.403000
447,1,0,552,14,510,0.054000
448,1,0,509,5,410,0.087000
449,1,0,768,81,117,0.051000
450,1,0,96,23,717,0.057500
451,1,0,458,19,443,0.064500
452,1,0,549,66,148,0.057500
453,1,0,286,32,450,0.051500
454,1,0,474,8,576,0.110000
455,1,0,823,218,692,0.050000
456,1,0,523,18,216,0.050000
457,1,1,7,28,654,0.050500
458,1,0,178,4,717,0.135000
459,1,0,173,1,191,0.008000
460,1,0,134,4,717,0.216000
461,1,0,34,6,402,0.132000
462,1,0,431,42,106,0.050500
463,1,0,467,14,717,0.125000
464,1,0,258,6,148,0.063500
465,1,0,257,11,410,0.059500
466,1,0,81,19,832,0.064500
467,1,0,162,4,191,0.051000
468,1,0,692,108,466,0.058000
469,1,0,145,12,437,0.052500
470,1,0,481,55,720,0.054500
471,1,0,532,37,410,0.066500
472,1,0,627,23,437,0.054500
473,1,0,433,162,302,0.052000
474,1,0,383,20,931,0.066000
475,1,0,684,2,249,0.096000
476,1,0,235,7,139,0.053000
477,1,0,91,7,437,0.054500
478,1,0,26,5,717,0.116000
479,1,0,184,12,437,0.051000
480,1,0,143,21,437,0.055500
481,1,0,120,19,437,0.077000
482,1,0,184,17,437,0.050500
483,1,0,462,35,31,0.050000
484,1,0,706,13,920,0.107500
485,1,0,650,116,814,0.053500
486,1,0,935,193,731,0.053500
487,1,0,842,75,673,0.055500
488,1,1,4,10,672,0.238500
489,1,0,324,3,191,0.076500
490,1,0,526,21,139,0.072000
491,1,0,604,8,155,0.095500
492,1,0,630,104,642,0.061500
493,1,0,413,67,672,0.051000
494,1,0,153,10,717,0.064000
495,1,0,540,49,410,0.051000
496,1,0,693,13,554,0.116500
497,1,0,319,11,692,0.053000
498,1,0,15,9,692,0.105000
499,1,0,384,73,133,0.050000
500,1,0,160,32,139,0.119500
501,1,0,195,46,437,0.054000
502,1,0,324,13,437,0.060500
503,1,0,121,25,832,0.058500
504,1,0,452,8,510,0.128000
505,1,0,130,29,576,0.058000
506,1,0,559,108,410,0.056000
507,1,0,465,32,437,0.050500
508,1,0,730,31,627,0.054000
509,1,0,224,16,437,0.085500
510,1,0,22,3,717,0.141500
511,1,0,958,76,418,0.050000
512,1,1,66,51,443,0.051000
513,1,0,267,1,717,0.025000
514,1,0,160,32,717,0.095500
515,1,0,384,11,443,0.050000
516,1,0,86,50,654,0.053500
517,1,0,754,40,814,0.054500
518,1,0,116,7,692,0.281500
519,1,0,5,1,717,0.000000
520,1,0,292,135,772,0.054000
521,1,0,680,111,57,0.051500
522,1,0,342,26,633,0.053000
523,1,0,148,3,717,0.425500
524,1,0,320,7,615,0.062500
525,1,0,145,4,717,0.114000
526,1,0,14,5,437,0.076500
527,1,0,32,7,437,0.061000
528,1,0,396,16,216,0.070500
529,1,0,222,34,832,0.054500
530,1,0,567,32,772,0.050500
531,1,0,231,6,832,0.058000
532,1,0,886,166,931,0.051000
533,1,0,15,5,410,0.311000
534,1,0,17,1,191,0.001500
535,1,0,933,24,823,0.057000
536,1,0,218,8,191,0.107000
537,1,0,610,56,36,0.051500
538,1,0,28,10,437,0.065000
539,1,0,670,11,191,0.065500
540,1,0,280,28,437,0.070000
541,1,0,384,28,437,0.066000
542,1,0,241,42,106,0.061000
543,1,0,453,104,410,0.055500
544,1,0,232,12,437,0.067000
545,1,0,272,29,750,0.078500
546,1,0,381,43,211,0.068000
547,1,0,406,144,87,0.056000
548,1,0,936,101,146,0.050000
549,1,0,992,3,9,0.824500
550,1,0,337,37,490,0.057000
551,1,0,607,4,920,0.175500
552,1,0,89,1,191,0.000000
553,1,0,59,18,437,0.062000
554,1,0,63,3,717,0.088000
555,1,0,215,14,410,0.053000
556,1,0,33,17,692,0.054000
557,1,0,595,15,576,0.054500
558,1,0,912,23,614,0.057000
559,1,0,622,340,441,0.052000
560,1,0,788,54,298,0.059000
561,1,0,315,19,410,0.056500
562,1,1,1,4,562,0.061000
563,1,0,704,125,948,0.061000
564,1,0,363,6,437,0.156500
565,1,0,318,25,828,0.062500
566,1,0,229,15,191,0.050500
567,1,0,872,2,556,0.420500
568,1,0,341,17,773,0.091500
569,1,0,598,37,554,0.076000
570,1,0,258,8,410,0.058000
571,1,0,327,56,437,0.052500
572,1,0,790,15,454,0.051500
573,1,1,1,12,573,0.061000
574,1,0,139,10,717,0.122500
575,1,0,135,18,832,0.054000
576,1,0,441,22,692,0.066500
577,1,0,69,32,437,0.084000
578,1,0,630,101,720,0.050500
579,1,0,29,1,754,0.000000
580,1,0,668,1,191,0.004000
581,1,0,499,72,183,0.054500
582,1,0,55,17,244,0.057500
583,1,0,776,6,672,0.073000
584,1,0,733,8,71,0.082000
585,1,0,627,52,353,0.064000
586,1,0,262,37,410,0.061500
587,1,0,561,69,717,0.068000
588,1,0,564,1,249,0.000500
589,1,0,669,56,139,0.051000
590,1,0,689,49,183,0.061500
591,1,0,960,67,616,0.050000
592,1,0,212,8,615,0.389500
593,1,0,49,8,717,0.112000
594,1,0,248,1,717,0.030000
595,1,0,444,9,191,0.083500
596,1,0,128,3,717,0.072000
597,1,0,176,8,717,0.121000
598,1,0,32,4,717,0.073000
599,1,0,248,1,717,0.047500
600,1,0,328,14,519,0.053000
601,1,0,475,27,642,0.055000
602,1,0,701,81,717,0.050000
603,1,1,2,3,745,0.247000
604,1,0,129,27,410,0.079000
605,1,0,9,8,244,0.068500
606,1,0,526,46,772,0.060000
607,1,0,519,27,496,0.056500
608,1,0,749,2,522,0.437000
609,1,0,773,44,920,0.056500
610,1,0,768,7,599,0.067500
611,1,0,494,25,832,0.056000
612,1,0,809,94,450,0.050000
613,1,0,648,12,191,0.074500
614,1,0,215,9,633,0.057500
615,1,1,16,24,692,0.067500
616,1,0,268,60,450,0.051000
617,1,0,376,18,443,0.054500
618,1,0,733,61,948,0.056000
619,1,0,335,76,832,0.052000
620,1,0,245,91,772,0.051500
621,1,0,716,97,30,0.054500
622,1,1,28,26,692,0.081000
623,1,0,615,75,443,0.054000
624,1,0,144,9,191,0.083500
625,1,0,102,10,615,0.082500
626,1,0,921,131,146,0.050000
627,1,1,20,20,443,0.058000
628,1,0,34,28,437,0.058000
629,1,0,152,3,191,0.170500
630,1,0,527,3,249,0.083000
631,1,0,259,29,832,0.122500
632,1,0,41,1,754,0.000000
633,1,1,1,25,633,0.057000
634,1,0,39,5,410,0.397000
635,1,0,245,11,437,0.066000
636,1,0,666,116,554,0.050500
637,1,0,979,24,491,0.070000
638,1,0,491,16,410,0.064000
639,1,0,305,8,139,0.050000
640,1,0,625,38,931,0.067000
641,1,0,369,49,285,0.066500
642,1,0,43,41,720,0.057000
643,1,0,188,7,410,0.059500
644,1,0,444,7,437,0.103000
645,1,0,414,30,191,0.067500
646,1,0,241,2,191,0.437500
647,1,0,304,57,437,0.055000
648,1,0,995,2,446,0.753000
649,1,0,409,6,692,0.050000
650,1,0,224,1,191,0.000000
651,1,0,451,39,139,0.061000
652,1,0,18,5,717,0.052500
653,1,0,325,33,191,0.075000
654,1,0,21,4,717,0.065500
655,1,1,16,14,603,0.053500
656,1,0,664,38,935,0.054000
657,1,0,740,14,745,0.075500
658,1,0,691,8,249,0.062500
659,1,0,277,14,920,0.052500
660,1,0,23,9,437,0.085000
661,1,0,21,7,437,0.135000
662,1,0,755,217,509,0.054500
663,1,0,617,4,249,0.069500
664,1,0,88,18,717,0.087000
665,1,0,22,12,437,0.108500
666,1,0,279,14,410,0.074500
667,1,0,342,36,183,0.052500
668,1,0,346,19,437,0.051000
669,1,0,208,6,71,0.052500
670,1,0,984,68,627,0.055000
671,1,0,435,45,832,0.065500
672,1,0,127,29,772,0.054500
673,1,0,207,39,191,0.061500
674,1,0,683,18,692,0.065000
675,1,0,840,111,592,0.050500
676,1,0,524,6,556,0.115000
677,1,0,841,4,813,0.056500
678,1,0,478,59,148,0.050500
679,1,0,990,3,388,0.177500
680,1,0,603,42,205,0.054000
681,1,0,509,49,761,0.054500
682,1,0,464,1,191,0.002000
683,1,0,109,17,437,0.054000
684,1,0,95,5,717,0.429500
685,1,0,132,24,832,0.053500
686,1,0,86,6,437,0.314000
687,1,0,528,16,672,0.100000
688,1,0,411,1,717,0.000000
689,1,0,158,7,717,0.074000
690,1,0,974,40,745,0.058000
691,1,0,67,8,717,0.073000
692,1,1,17,29,437,0.054500
693,1,0,562,7,191,0.215000
694,1,0,69,43,31,0.053500
695,1,0,726,1,522,0.011500
696,1,0,34,6,437,0.146500
697,1,0,173,6,437,0.148000
698,1,0,583,17,931,0.059000
699,1,0,852,5,554,0.136000
700,1,0,900,9,844,0.114500
701,1,0,799,238,466,0.051000
702,1,0,5,2,191,0.534000
703,1,0,469,1,191,0.000000
704,1,0,979,21,491,0.122000
705,1,0,384,38,437,0.052000
706,1,0,454,50,772,0.058000
707,1,0,211,15,832,0.148500
708,1,0,66,10,437,0.133500
709,1,0,867,184,935,0.053000
710,1,0,730,149,724,0.051000
711,1,0,184,14,191,0.052000
712,1,1,10,11,615,0.050500
713,1,0,220,20,772,0.052000
714,1,0,749,114,443,0.050500
715,1,0,124,9,437,0.051000
716,1,0,787,39,692,0.051500
717,1,1,2,5,410,0.057000
718,1,0,281,20,745,0.051000
719,1,0,518,78,832,0.055000
720,1,1,26,43,615,0.054000
721,1,0,761,46,148,0.055000
722,1,0,619,11,216,0.123500
723,1,0,422,45,437,0.064000
724,1,0,421,8,642,0.051000
725,1,0,171,1,717,0.048500
726,1,0,449,53,255,0.053000
727,1,0,29,20,692,0.053000
728,1,0,271,26,692,0.058000
729,1,0,336,24,437,0.071000
730,1,0,415,6,134,0.115500
731,1,0,126,1,717,0.004000
732,1,0,509,16,822,0.052500
733,1,0,596,30,191,0.064500
734,1,0,595,60,416,0.062000
735,1,0,235,42,437,0.050000
736,1,0,212,119,526,0.074500
737,1,0,906,411,302,0.054500
738,1,0,171,14,717,0.057000
739,1,0,920,20,293,0.052500
740,1,0,60,2,717,0.124000
741,1,0,165,3,717,0.079000
742,1,0,187,10,832,0.118500
743,1,0,606,23,191,0.062000
744,1,0,653,14,717,0.091500
745,1,0,400,1,249,0.015000
746,1,0,66,12,599,0.050000
747,1,0,763,16,920,0.072500
748,1,0,228,32,692,0.068500
749,1,0,246,2,692,0.293000
750,1,0,111,67,832,0.057000
751,1,1,4,10,410,0.074500
752,1,0,822,4,745,0.054000
753,1,0,508,79,692,0.061500
754,1,0,52,2,155,0.628000
755,1,0,599,21,554,0.061000
756,1,0,116,36,437,0.095000
757,1,0,368,128,121,0.057500
758,1,0,390,12,191,0.056000
759,1,0,473,5,554,0.112000
760,1,0,608,15,293,0.120500
761,1,0,634,73,634,0.057500
762,1,0,490,62,717,0.056000
763,1,0,213,8,437,0.339500
764,1,0,204,44,720,0.051000
765,1,0,356,19,410,0.054500
766,1,0,375,60,450,0.057000
767,1,0,830,23,554,0.059500
768,1,0,31,5,562,0.244000
769,1,0,182,22,692,0.058000
770,1,0,297,45,429,0.051500
771,1,0,599,6,191,0.273000
772,1,0,9,4,717,0.687000
773,1,1,3,4,437,0.173000
774,1,0,64,18,931,0.066000
775,1,0,509,54,717,0.055500
776,1,0,418,76,720,0.050000
777,1,0,26,27,437,0.050500
778,1,0,342,11,191,0.061000
779,1,0,154,3,717,0.207500
780,1,0,207,119,526,0.053000
781,1,0,610,8,443,0.096500
782,1,0,149,2,717,0.279500
783,1,0,820,2,249,0.341500
784,1,0,87,15,692,0.087500
785,1,0,542,28,573,0.073000
786,1,0,791,49,101,0.050000
787,1,0,974,2,823,0.086000
788,1,0,760,28,105,0.050000
789,1,0,350,148,87,0.053000
790,1,0,669,66,814,0.060500
791,1,0,233,16,633,0.055000
792,1,0,446,17,745,0.060000
793,1,0,266,26,654,0.066500
794,1,0,163,21,410,0.071000
795,1,0,295,12,139,0.063500
796,1,0,54,36,720,0.053500
797,1,0,557,117,660,0.051000
798,1,0,64,14,615,0.092000
799,1,1,5,11,745,0.142000
800,1,1,5,28,633,0.058000
801,1,0,41,7,437,0.132500
802,1,0,180,6,148,0.065000
803,1,0,74,22,717,0.067500
804,1,0,125,6,443,0.070500
805,1,0,241,4,615,0.110000
806,1,0,439,20,720,0.050500
807,1,0,374,19,717,0.052000
808,1,0,857,254,106,0.054500
809,1,0,887,6,745,0.076000
810,1,1,13,14,402,0.208500
811,1,0,828,13,556,0.058500
812,1,0,846,230,931,0.050500
813,1,0,55,5,155,0.383000
814,1,0,385,12,832,0.060000
815,1,0,629,141,720,0.053000
816,1,0,20,1,393,0.029000
817,1,0,104,57,510,0.050000
818,1,0,508,82,148,0.055000
819,1,0,720,13,139,0.057500
820,1,0,86,11,437,0.060500
821,1,0,314,26,410,0.077500
822,1,0,181,17,78,0.051000
823,1,0,707,3,908,0.080000
824,1,0,17,8,717,0.078000
825,1,0,266,53,720,0.054000
826,1,0,186,4,717,0.064000
827,1,0,207,10,717,0.127000
828,1,0,132,26,712,0.053500
829,1,0,559,167,205,0.056000
830,1,0,791,32,443,0.050000
831,1,0,474,13,576,0.107000
832,1,0,2,1,717,0.008000
833,1,0,641,19,392,0.078000
834,1,0,344,32,931,0.073500
835,1,0,831,45,554,0.063500
836,1,0,713,16,554,0.056000
837,1,0,728,9,249,0.102500
838,1,0,403,13,191,0.059500
839,1,0,713,29,443,0.056500
840,1,0,279,27,139,0.055500
841,1,0,119,56,31,0.055500
842,1,0,533,9,556,0.052000
843,1,0,193,4,410,0.253000
844,1,0,104,6,139,0.056000
845,1,0,204,4,718,0.180000
846,1,0,796,15,554,0.050000
847,1,0,824,269,165,0.050500
848,1,0,275,23,615,0.082000
849,1,0,105,7,437,0.159000
850,1,0,148,44,720,0.052000
851,1,0,468,7,556,0.116000
852,1,0,172,16,437,0.093000
853,1,0,365,8,191,0.110500
854,1,0,411,1,717,0.000000
855,1,1,9,26,692,0.050000
856,1,0,594,137,443,0.051000
857,1,0,582,35,410,0.056000
858,1,0,605,24,931,0.056000
859,1,0,106,24,832,0.062500
860,1,0,753,15,430,0.148000
861,1,0,171,4,615,0.093500
862,1,0,47,12,148,0.054000
863,1,0,255,8,717,0.072500
864,1,0,696,60,720,0.053000
865,1,0,904,30,708,0.062000
866,1,0,368,64,720,0.059500
867,1,0,141,76,31,0.058500
868,1,0,246,4,216,0.082000
869,1,0,650,2,633,0.613500
870,1,0,942,16,627,0.182500
871,1,0,126,9,410,0.064500
872,1,0,504,14,556,0.063500
873,1,0,886,28,418,0.050500
874,1,0,34,5,717,0.245500
875,1,0,104,6,410,0.097000
876,1,0,102,8,191,0.097000
877,1,0,404,57,772,0.050000
878,1,1,14,52,615,0.055000
879,1,0,51,20,615,0.052500
880,1,0,279,76,654,0.053000
881,1,0,470,36,652,0.073000
882,1,0,356,65,31,0.055000
883,1,0,770,55,235,0.059000
884,1,0,17,17,772,0.058000
885,1,0,956,4,454,0.055500
886,1,0,362,41,660,0.068500
887,1,0,884,9,745,0.140000
888,1,0,787,99,249,0.059000
889,1,0,157,3,437,0.108000
890,1,0,936,72,855,0.053000
891,1,0,33,6,692,0.094000
892,1,0,681,139,879,0.051000
893,1,0,448,69,450,0.050000
894,1,0,542,47,235,0.059000
895,1,0,52,7,692,0.059500
896,1,0,390,77,148,0.071000
897,1,0,28,33,832,0.063000
898,1,0,376,10,717,0.145500
899,1,0,100,17,437,0.102000
900,1,0,906,104,758,0.052500
901,1,0,417,8,443,0.085000
902,1,0,56,32,720,0.050000
903,1,0,714,178,79,0.056500
904,1,0,225,42,285,0.057000
905,1,0,21,11,832,0.089500
906,1,0,50,1,717,0.010000
907,1,0,28,1,754,0.031500
908,1,0,107,6,522,0.051500
909,1,0,655,70,87,0.050000
910,1,0,499,25,642,0.110500
911,1,0,134,2,437,0.670500
912,1,0,447,94,102,0.050000
913,1,0,100,1,717,0.045500
914,1,0,32,6,832,0.133500
915,1,0,236,3,615,0.093500
916,1,0,337,19,183,0.053000
917,1,0,7,3,717,0.108500
918,1,0,191,2,327,0.157500
919,1,0,816,21,642,0.052500
920,1,1,18,25,556,0.073500
921,1,0,465,26,772,0.111500
922,1,0,734,24,176,0.079500
923,1,0,352,41,106,0.056000
924,1,0,71,6,562,0.313500
925,1,0,381,101,615,0.051000
926,1,1,9,5,412,0.080000
927,1,0,778,17,235,0.057500
928,1,0,936,53,502,0.053500
929,1,0,775,22,556,0.086500
930,1,0,237,31,450,0.059500
931,1,1,5,5,437,0.080000
932,1,0,610,3,745,0.057500
933,1,0,429,72,720,0.053500
934,1,0,27,13,71,0.083500
935,1,1,28,50,249,0.064000
936,1,0,625,107,87,0.051000
937,1,0,173,4,191,0.205500
938,1,0,700,30,216,0.057000
939,1,0,469,4,672,0.074500
940,1,0,118,9,430,0.120500
941,1,0,354,8,615,0.107500
942,1,0,885,2,754,0.092500
943,1,0,325,18,717,0.055000
944,1,0,411,49,772,0.052500
945,1,0,713,156,311,0.058000
946,1,0,570,27,554,0.069500
947,1,0,461,24,717,0.072500
948,1,0,64,11,832,0.057500
949,1,0,869,102,576,0.050000
950,1,0,284,66,410,0.054000
951,1,0,343,1,191,0.000000
952,1,0,534,28,437,0.054500
953,1,0,788,112,573,0.053000
954,1,0,328,4,576,0.102000
955,1,0,505,7,191,0.276500
956,1,0,447,89,32,0.050500
957,1,0,412,14,443,0.088000
958,1,0,916,140,642,0.050000
959,1,0,409,125,281,0.056500
960,1,0,803,535,805,0.052000
961,1,1,10,40,761,0.054000
962,1,0,393,65,139,0.052000
963,1,0,224,1,717,0.011000
964,1,0,215,3,191,0.315000
965,1,0,807,59,416,0.052000
966,1,0,547,16,176,0.059000
967,1,0,956,1,754,0.013000
968,1,0,446,56,437,0.065000
969,1,0,133,23,437,0.122500
970,1,0,46,2,717,0.096000
971,1,0,150,3,410,0.663500
972,1,0,327,60,410,0.052000
973,1,0,398,75,450,0.058500
974,1,0,36,5,717,0.093000
975,1,0,160,20,576,0.050500
976,1,0,664,136,258,0.051000
977,1,0,949,179,554,0.053500
978,1,0,522,24,576,0.050000
979,1,0,423,60,832,0.058500
980,1,0,908,8,293,0.052500
981,1,0,795,30,488,0.070500
982,1,0,230,21,139,0.058500
983,1,0,487,238,683,0.052500
984,1,0,866,288,592,0.050500
985,1,0,700,9,191,0.062000
986,1,0,461,42,437,0.064500
987,1,0,588,11,554,0.051000
988,1,0,586,87,156,0.067000
989,1,0,809,21,165,0.061000
990,1,0,718,38,133,0.062500
991,1,0,428,10,191,0.314000
992,1,0,589,7,633,0.147000
993,1,0,375,8,437,0.050000
994,1,1,35,47,437,0.073500
995,1,0,357,12,410,0.059000
996,1,0,433,87,450,0.050000
997,1,0,820,23,556,0.058500
998,1,0,215,62,102,0.059000
999,1,0,422,76,720,0.064500
1000,1,0,631,18,191,0.072000
1,2,0,464,14,437,0.050000
2,2,0,366,42,437,0.051000
3,2,0,365,76,249,0.054000
4,2,0,39,17,437,0.052000
5,2,0,93,6,191,0.065500
6,2,0,289,11,437,0.081500
7,2,0,469,94,692,0.055000
8,2,0,318,29,717,0.056500
9,2,1,1,4,9,0.242000
10,2,0,476,49,717,0.053000
11,2,0,66,3,717,0.065000
12,2,0,875,40,724,0.057000
13,2,1,7,10,379,0.065000
14,2,0,592,14,510,0.077000
15,2,0,540,75,702,0.066500
16,2,0,217,37,717,0.054500
17,2,0,421,83,510,0.054000
18,2,0,181,12,920,0.118000
19,2,0,398,43,717,0.115000
20,2,0,835,254,531,0.056000
21,2,0,553,9,216,0.058500
22,2,0,313,2,717,0.259500
23,2,0,415,14,717,0.059500
24,2,0,203,6,717,0.064500
25,2,0,790,2,382,0.058500
26,2,0,695,55,430,0.060500
27,2,0,328,22,31,0.059500
28,2,0,283,29,554,0.053000
29,2,1,14,25,672,0.104000
30,2,0,68,5,717,0.063500
31,2,0,39,1,717,0.040500
32,2,0,29,3,832,0.105500
33,2,0,544,23,211,0.089500
34,2,0,734,20,443,0.051000
35,2,0,263,30,36,0.062000
36,2,0,17,5,437,0.082000
37,2,0,167,4,717,0.172000
38,2,0,877,7,556,0.065000
39,2,0,361,7,692,0.092500
40,2,0,218,29,717,0.050500
41,2,0,650,4,443,0.071000
42,2,0,46,29,556,0.052500
43,2,0,868,1,908,0.005000
44,2,0,15,5,437,0.106500
45,2,0,539,1,249,0.018000
46,2,0,908,11,271,0.202500
47,2,0,24,2,437,0.095500
48,2,0,26,1,393,0.029500
49,2,0,982,1,388,0.003000
50,2,0,129,43,437,0.078000
51,2,0,56,2,813,0.075500
52,2,0,920,7,418,0.216000
53,2,0,451,17,191,0.062500
54,2,0,39,12,437,0.068500
55,2,0,770,34,672,0.052000
56,2,0,221,14,412,0.060500
57,2,0,54,7,437,0.072000
58,2,0,2,1,388,0.010500
59,2,0,738,11,554,0.178500
60,2,0,509,67,772,0.067500
61,2,0,189,1,717,0.011000
62,2,0,284,24,437,0.094500
63,2,0,832,12,921,0.062000
64,2,0,761,27,652,0.146000
65,2,0,666,6,908,0.532000
66,2,0,62,23,832,0.050000
67,2,0,310,25,931,0.050500
68,2,0,198,3,717,0.066500
69,2,0,316,22,437,0.077500
70,2,0,70,22,717,0.060500
71,2,0,414,63,183,0.056500
72,2,0,220,3,717,0.616500
73,2,0,465,78,32,0.051500
74,2,0,664,10,556,0.078000
75,2,0,549,26,717,0.085000
76,2,0,287,3,717,0.322000
77,2,0,510,7,554,0.073500
78,2,0,38,21,615,0.091000
79,2,0,99,6,410,0.063500
80,2,0,332,2,572,0.199500
81,2,1,47,38,133,0.060000
82,2,0,247,18,410,0.051500
83,2,0,448,71,68,0.051500
84,2,0,778,278,828,0.051000
85,2,0,774,8,678,0.329000
86,2,0,993,4,140,0.116000
87,2,0,103,3,717,0.321500
88,2,0,847,3,522,0.090500
89,2,0,938,11,419,0.060000
90,2,0,631,56,191,0.051000
91,2,0,182,41,437,0.054500
92,2,0,727,136,712,0.053500
93,2,0,826,10,554,0.050000
94,2,0,132,4,717,0.269000
95,2,0,944,2,393,0.195000
96,2,0,942,4,754,0.153000
97,2,0,151,14,717,0.078000
98,2,0,419,38,724,0.050500
99,2,0,435,20,832,0.053500
100,2,0,77,8,717,0.100500
101,2,0,19,2,78,0.073500
102,2,1,19,40,832,0.052500
103,2,0,156,11,717,0.058500
104,2,0,365,9,311,0.064000
105,2,1,11,17,443,0.054000
106,2,0,14,3,717,0.202000
107,2,0,90,17,437,0.060500
108,2,0,428,30,410,0.056000
109,2,0,391,8,692,0.101500
110,2,0,428,23,139,0.064500
111,2,0,496,67,652,0.056500
112,2,0,158,13,437,0.111500
113,2,0,553,6,437,0.157500
114,2,0,945,100,761,0.051000
115,2,0,885,63,443,0.057000
116,2,0,553,46,772,0.051000
117,2,0,46,3,717,0.327000
118,2,0,146,19,31,0.060000
119,2,0,118,10,816,0.066000
120,2,0,177,62,347,0.062500
121,2,0,65,5,410,0.059000
122,2,0,778,44,702,0.058000
123,2,0,770,18,522,0.056500
124,2,0,416,22,519,0.054500
125,2,0,263,35,437,0.052000
126,2,0,242,47,832,0.056000
127,2,0,311,6,410,0.100500
128,2,0,442,56,660,0.068500
129,2,0,789,132,416,0.056000
130,2,0,929,30,823,0.057000
131,2,0,303,4,692,0.111500
132,2,0,36,17,416,0.059500
133,2,0,189,12,437,0.170000
134,2,0,64,1,191,0.000000
135,2,0,245,23,717,0.080000
136,2,0,18,10,437,0.074500
137,2,0,617,110,443,0.051000
138,2,0,727,16,418,0.051500
139,2,1,11,16,410,0.060500
140,2,0,879,6,942,0.096500
141,2,0,431,49,450,0.051000
142,2,0,12,6,717,0.085500
143,2,0,647,88,293,0.050500
144,2,0,387,39,450,0.052000
145,2,0,86,17,191,0.087000
146,2,0,589,1,556,0.036000
147,2,0,93,34,615,0.082500
148,2,1,5,13,437,0.093000
149,2,0,407,35,410,0.097000
150,2,0,217,3,717,0.067500
151,2,0,446,13,437,0.089500
152,2,0,151,22,437,0.073000
153,2,0,742,39,239,0.050000
154,2,0,964,10,908,0.080000
155,2,0,489,8,615,0.066500
156,2,0,132,17,410,0.069000
157,2,0,63,6,717,0.050500
158,2,0,932,153,642,0.052000
159,2,0,776,87,717,0.060500
160,2,0,780,57,28,0.051500
161,2,0,203,19,437,0.053500
162,2,0,228,32,31,0.061000
163,2,0,684,80,258,0.050500
164,2,0,816,43,554,0.071000
165,2,0,48,15,139,0.067500
166,2,0,26,7,717,0.099500
167,2,0,893,1,522,0.000000
168,2,0,791,15,488,0.052000
169,2,0,171,15,437,0.094500
170,2,1,148,180,173,0.063000
171,2,0,248,80,510,0.051500
172,2,0,105,5,191,0.134500
173,2,1,34,32,615,0.051000
174,2,0,430,30,139,0.053500
175,2,0,641,12,920,0.062500
176,2,0,246,51,32,0.057500
177,2,0,431,45,139,0.082500
178,2,0,688,6,556,0.149000
179,2,0,262,9,692,0.074500
180,2,0,375,1,717,0.020500
181,2,0,492,75,205,0.057000
182,2,0,212,7,148,0.072500
183,2,0,13,8,437,0.093500
184,2,0,923,61,402,0.059500
185,2,0,145,1,191,0.000000
186,2,0,202,9,437,0.053500
187,2,0,227,16,717,0.067500
188,2,0,517,3,614,0.099500
189,2,0,328,12,717,0.054500
190,2,0,599,32,921,0.053000
191,2,1,1,1,191,0.000000
192,2,1,7,13,627,0.056000
193,2,0,307,67,556,0.050500
194,2,0,281,31,191,0.098000
195,2,0,493,87,183,0.062500
196,2,0,443,37,437,0.056500
197,2,0,492,2,633,0.379000
198,2,0,637,89,673,0.051000
199,2,0,354,26,191,0.053500
200,2,0,64,3,692,0.147000
201,2,0,115,15,410,0.101000
202,2,0,945,22,522,0.063500
203,2,0,424,11,191,0.073500
204,2,0,279,23,443,0.061000
205,2,0,17,6,717,0.069000
206,2,0,908,69,799,0.058500
207,2,0,223,80,106,0.059000
208,2,0,635,1,191,0.040500
209,2,0,691,26,191,0.057000
210,2,0,439,26,249,0.058500
211,2,0,11,3,191,0.126500
212,2,0,111,4,412,0.075000
213,2,0,143,1,191,0.008000
214,2,0,987,1,942,0.009000
215,2,0,559,6,554,0.103000
216,2,0,52,1,556,0.011000
217,2,0,775,5,443,0.064000
218,2,0,518,122,183,0.053000
219,2,1,1,1,219,0.002000
220,2,0,122,35,437,0.068500
221,2,0,496,37,832,0.063500
222,2,0,603,119,106,0.052500
223,2,0,711,20,554,0.065000
224,2,0,585,253,302,0.053500
225,2,0,235,38,211,0.051000
226,2,0,62,35,31,0.062500
227,2,0,143,7,692,0.077500
228,2,0,247,21,437,0.056500
229,2,0,919,21,844,0.058500
230,2,0,77,2,214,0.861000
231,2,0,22,2,437,0.239500
232,2,0,239,49,510,0.053000
233,2,0,289,13,828,0.062500
234,2,0,540,47,191,0.056500
235,2,0,598,59,672,0.058500
236,2,0,121,33,772,0.056500
237,2,0,371,20,510,0.055500
238,2,0,644,7,249,0.059500
239,2,0,228,7,717,0.088000
240,2,0,19,4,692,0.064000
241,2,0,14,1,717,0.003500
242,2,0,511,7,191,0.060500
243,2,0,235,7,410,0.072000
244,2,0,478,8,754,0.207000
245,2,0,819,161,761,0.050000
246,2,0,497,44,139,0.068000
247,2,0,506,40,437,0.052000
248,2,0,292,18,554,0.096500
249,2,0,71,27,183,0.051500
250,2,0,333,22,183,0.073000
251,2,0,624,71,293,0.052000
252,2,0,226,27,437,0.070500
253,2,0,969,15,461,0.080000
254,2,0,177,3,717,0.058500
255,2,0,25,19,654,0.072000
256,2,0,95,2,191,0.199000
257,2,0,20,4,942,0.271500
258,2,0,16,3,672,0.151500
259,2,0,611,63,477,0.051000
260,2,0,502,32,692,0.051000
261,2,0,574,73,935,0.050500
262,2,0,953,2,754,0.092000
263,2,0,339,9,379,0.051000
264,2,0,510,17,437,0.067500
265,2,0,264,1,191,0.000000
266,2,0,849,37,556,0.053500
267,2,0,161,4,191,0.065500
268,2,0,372,88,660,0.057500
269,2,0,19,4,717,0.097000
270,2,0,595,22,614,0.075000
271,2,0,683,42,935,0.052000
272,2,0,495,10,410,0.076000
273,2,0,596,30,249,0.053000
274,2,0,205,22,437,0.064500
275,2,0,763,119,133,0.051000
276,2,0,859,130,176,0.050500
277,2,0,271,49,437,0.074500
278,2,0,771,24,935,0.096000
279,2,0,764,35,615,0.082500
280,2,0,271,29,702,0.061000
281,2,1,9,35,142,0.061000
282,2,0,354,51,410,0.056000
283,2,0,296,36,416,0.052000
284,2,0,453,22,191,0.050500
285,2,1,7,9,437,0.064500
286,2,0,723,21,772,0.053000
287,2,0,875,2,908,0.060500
288,2,0,247,43,660,0.053000
289,2,0,406,11,717,0.067000
290,2,0,809,30,615,0.057000
291,2,0,800,21,134,0.051500
292,2,0,424,68,642,0.052000
293,2,0,430,78,429,0.062500
294,2,0,381,39,948,0.063500
295,2,0,668,31,293,0.061500
296,2,0,582,145,450,0.055500
297,2,0,7,4,9,0.148000
298,2,0,8,3,191,0.080000
299,2,0,144,16,437,0.062500
300,2,0,923,16,603,0.060000
301,2,0,630,32,191,0.060500
302,2,0,177,1,437,0.033000
303,2,0,636,75,673,0.088500
304,2,0,762,18,191,0.068000
305,2,0,737,29,576,0.058000
306,2,0,273,68,429,0.060500
307,2,0,410,137,510,0.052500
308,2,0,981,7,908,0.079000
309,2,0,528,25,510,0.137000
310,2,0,432,107,720,0.050500
311,2,1,11,19,418,0.075500
312,2,0,129,10,717,0.062000
313,2,0,501,7,410,0.058500
314,2,0,139,90,672,0.050000
315,2,0,691,19,935,0.051500
316,2,0,261,107,429,0.050500
317,2,0,67,5,410,0.092000
318,2,0,352,14,615,0.098500
319,2,0,375,5,443,0.111500
320,2,0,63,10,832,0.190500
321,2,0,113,5,717,0.361000
322,2,0,675,267,441,0.050000
323,2,0,994,5,942,0.078000
324,2,0,498,91,554,0.070500
325,2,0,930,8,18,0.102000
326,2,0,815,102,410,0.051000
327,2,0,57,2,51,0.884500
328,2,0,626,11,855,0.124500
329,2,0,12,5,942,0.253500
330,2,0,588,52,554,0.056500
331,2,0,478,9,556,0.071500
332,2,0,873,132,467,0.058000
333,2,0,921,151,146,0.050000
334,2,0,260,27,832,0.062000
335,2,0,80,4,191,0.101500
336,2,0,408,10,615,0.054000
337,2,0,166,1,191,0.018500
338,2,0,160,2,191,0.218000
339,2,0,188,40,692,0.057000
340,2,0,630,41,443,0.057500
341,2,0,661,55,183,0.050500
342,2,0,706,303,509,0.052000
343,2,0,138,16,717,0.051500
344,2,0,708,4,717,0.078500
345,2,0,472,12,437,0.075000
346,2,0,232,1,191,0.001000
347,2,0,20,3,717,0.211500
348,2,1,40,67,32,0.053000
349,2,0,118,11,437,0.080500
350,2,0,151,12,772,0.052000
351,2,0,75,2,717,0.136500
352,2,0,488,132,720,0.056000
353,2,0,134,13,717,0.061500
354,2,0,431,15,418,0.090000
355,2,0,368,60,347,0.052500
356,2,1,4,4,437,0.138500
357,2,0,352,33,556,0.054000
358,2,0,323,24,71,0.066000
359,2,0,767,15,522,0.065500
360,2,0,637,136,176,0.051000
361,2,0,128,7,437,0.065500
362,2,0,973,8,823,0.050500
363,2,0,483,33,692,0.087000
364,2,0,165,15,437,0.097000
365,2,0,878,106,416,0.052500
366,2,0,928,203,165,0.055500
367,2,0,80,8,717,0.062500
368,2,0,127,6,437,0.145500
369,2,0,96,13,437,0.067500
370,2,0,73,15,576,0.141000
371,2,0,513,102,994,0.052000
372,2,1,27,90,28,0.073000
373,2,0,414,36,437,0.059000
374,2,0,82,1,191,0.000000
375,2,0,972,5,491,0.217500
376,2,0,606,19,920,0.066500
377,2,0,158,6,191,0.125000
378,2,0,318,37,106,0.057000
379,2,1,1,3,379,0.080000
380,2,0,153,12,488,0.054000
381,2,0,18,1,816,0.038500
382,2,0,238,19,139,0.094500
383,2,0,599,31,692,0.073000
384,2,0,629,76,31,0.056500
385,2,0,537,31,382,0.059000
386,2,0,420,13,437,0.066500
387,2,0,762,15,155,0.057000
388,2,0,434,3,810,0.064500
389,2,0,262,1,942,0.008000
390,2,0,112,13,717,0.062500
391,2,0,117,8,43,0.062000
392,2,0,41,13,920,0.088000
393,2,0,19,1,754,0.000000
394,2,0,643,78,795,0.052000
395,2,0,26,1,576,0.023500
396,2,0,85,11,437,0.081500
397,2,0,26,10,717,0.074000
398,2,0,527,10,191,0.110500
399,2,0,78,9,437,0.132500
400,2,0,295,33,437,0.059500
401,2,0,487,20,437,0.057500
402,2,0,518,4,822,0.071500
403,2,0,385,26,148,0.061000
404,2,0,641,16,554,0.169000
405,2,0,842,11,249,0.050000
406,2,0,630,22,78,0.055500
407,2,0,537,68,931,0.051500
408,2,0,301,5,191,0.052000
409,2,0,640,34,139,0.050500
410,2,0,4,1,191,0.006000
411,2,0,1000,1,549,0.022000
412,2,0,45,5,379,0.174500
413,2,0,42,11,717,0.054000
414,2,0,791,8,18,0.136000
415,2,0,721,70,772,0.058000
416,2,0,522,232,828,0.058000
417,2,0,359,28,191,0.059000
418,2,0,676,68,139,0.060500
419,2,0,845,35,519,0.062000
420,2,0,676,234,738,0.056500
421,2,0,486,49,348,0.058500
422,2,1,13,22,832,0.054000
423,2,0,50,7,717,0.072000
424,2,0,69,13,191,0.092500
425,2,1,7,10,695,0.112000
426,2,0,27,6,437,0.053500
427,2,0,722,38,293,0.055000
428,2,1,79,69,832,0.050500
429,2,0,32,4,191,0.289500
430,2,0,10,1,249,0.003000
431,2,0,265,23,931,0.057000
432,2,0,354,90,720,0.053500
433,2,0,328,4,554,0.274000
434,2,0,662,10,556,0.054000
435,2,0,47,5,437,0.070000
436,2,0,273,7,717,0.092500
437,2,1,1,16,437,0.073000
438,2,0,199,3,615,0.355000
439,2,0,191,39,720,0.054000
440,2,0,55,15,410,0.084500
441,2,0,222,2,692,0.996500
442,2,0,190,24,717,0.051500
443,2,1,1,59,443,0.064500
444,2,0,98,1,191,0.023500
445,2,0,267,35,692,0.051500
446,2,0,47,3,140,0.107500
447,2,0,311,91,672,0.050000
448,2,0,551,3,191,0.065500
449,2,0,731,14,139,0.163000
450,2,0,136,29,142,0.092500
451,2,0,491,80,615,0.052000
452,2,0,542,15,717,0.073000
453,2,0,314,20,702,0.062500
454,2,1,11,11,576,0.128000
455,2,0,828,144,803,0.051000
456,2,0,772,139,660,0.050000
457,2,0,21,12,437,0.050500
458,2,0,192,7,717,0.055500
459,2,0,210,76,437,0.051500
460,2,0,118,3,410,0.584000
461,2,0,249,6,603,0.056000
462,2,0,493,16,554,0.066500
463,2,0,490,5,410,0.169000
464,2,0,250,13,148,0.050500
465,2,0,292,40,717,0.057000
466,2,0,50,1,717,0.006000
467,2,0,289,41,106,0.056000
468,2,0,537,10,921,0.050000
469,2,0,122,26,654,0.055500
470,2,0,495,192,239,0.050000
471,2,0,541,55,772,0.057000
472,2,0,656,21,139,0.051500
473,2,0,460,28,772,0.052000
474,2,0,342,161,410,0.052500
475,2,0,674,4,745,0.125500
476,2,0,271,40,410,0.052500
477,2,1,11,42,32,0.051000
478,2,0,30,6,717,0.153000
479,2,0,285,42,437,0.065500
480,2,0,145,6,148,0.069000
481,2,0,174,1,191,0.002500
482,2,0,245,18,437,0.053500
483,2,0,348,6,510,0.051500
484,2,0,669,169,531,0.052000
485,2,0,609,22,211,0.100000
486,2,0,925,145,258,0.050000
487,2,0,849,58,633,0.061500
488,2,0,24,16,418,0.063000
489,2,0,342,28,410,0.051000
490,2,0,660,53,139,0.060000
491,2,0,13,3,813,0.066000
492,2,0,642,45,183,0.066500
493,2,0,607,102,437,0.054500
494,2,0,126,13,437,0.079500
495,2,0,494,96,615,0.055000
496,2,0,778,12,554,0.066500
497,2,0,419,115,30,0.051000
498,2,1,13,34,692,0.054500
499,2,0,242,9,556,0.053500
500,2,0,194,11,191,0.051000
501,2,0,250,12,437,0.075500
502,2,0,129,2,191,0.080000
503,2,0,121,15,437,0.137500
504,2,0,391,20,211,0.065000
505,2,0,329,10,712,0.050000
506,2,0,479,68,139,0.051000
507,2,0,235,11,633,0.116000
508,2,0,738,15,855,0.051000
509,2,0,190,13,437,0.240000
510,2,0,24,1,191,0.001000
511,2,0,963,255,581,0.050000
512,2,0,178,41,443,0.050500
513,2,0,251,9,931,0.202500
514,2,0,160,21,191,0.051500
515,2,0,435,18,717,0.068500
516,2,0,174,2,191,0.050000
517,2,0,816,191,87,0.056500
518,2,0,257,17,437,0.081000
519,2,1,8,8,148,0.063500
520,2,0,232,1,717,0.047500
521,2,0,678,52,717,0.054000
522,2,1,19,18,920,0.059000
523,2,0,69,7,410,0.077500
524,2,0,371,9,437,0.066000
525,2,0,167,26,142,0.051500
526,2,0,13,10,437,0.081500
527,2,0,64,24,717,0.050500
528,2,0,799,18,920,0.117000
529,2,0,239,6,832,0.051500
530,2,0,574,92,281,0.055000
531,2,0,158,25,191,0.055000
532,2,0,870,9,745,0.050500
533,2,0,20,5,410,0.096000
534,2,0,16,4,191,0.057500
535,2,0,906,14,216,0.068000
536,2,0,249,2,717,0.216500
537,2,0,610,59,78,0.055000
538,2,0,24,3,191,0.051000
539,2,0,648,143,293,0.053000
540,2,0,297,31,437,0.057000
541,2,0,388,15,437,0.071500
542,2,0,202,16,931,0.050500
543,2,0,439,99,183,0.059500
544,2,0,242,16,437,0.056500
545,2,0,219,111,692,0.057500
546,2,0,417,1,191,0.002500
547,2,0,486,9,692,0.161500
548,2,0,931,186,921,0.052000
549,2,0,96,4,446,0.069000
550,2,0,826,66,795,0.082500
551,2,0,433,9,822,0.059500
552,2,0,94,9,148,0.053500
553,2,1,50,61,32,0.061500
554,2,0,20,1,191,0.001000
555,2,0,273,21,717,0.066000
556,2,0,283,19,437,0.054500
557,2,0,705,314,258,0.050500
558,2,0,913,17,672,0.061500
559,2,0,616,8,191,0.075000
560,2,0,761,33,672,0.060000
561,2,0,280,13,717,0.058000
562,2,0,93,1,9,0.017000
563,2,0,711,41,510,0.055000
564,2,0,319,39,692,0.051000
565,2,0,41,14,430,0.053000
566,2,0,269,66,660,0.050000
567,2,0,768,33,921,0.050500
568,2,0,145,8,633,0.059000
569,2,0,596,33,717,0.059000
570,2,0,231,11,437,0.081000
571,2,0,225,7,692,0.054500
572,2,0,916,3,754,0.064000
573,2,0,648,161,672,0.055000
574,2,0,136,8,148,0.191500
575,2,0,160,66,477,0.068500
576,2,1,1,6,576,0.094000
577,2,0,96,6,437,0.069000
578,2,0,459,114,87,0.057000
579,2,0,22,5,754,0.165500
580,2,0,704,71,672,0.053500
581,2,0,437,1,191,0.033000
582,2,0,849,16,813,0.064500
583,2,0,839,29,717,0.073500
584,2,0,741,79,644,0.051000
585,2,0,647,2,717,0.557500
586,2,0,274,17,832,0.090000
587,2,0,530,167,348,0.056000
588,2,0,533,13,101,0.078500
589,2,0,628,29,191,0.063000
590,2,0,630,1,599,0.026000
591,2,0,972,44,810,0.051000
592,2,0,98,32,642,0.057000
593,2,0,52,4,717,0.052500
594,2,0,260,12,832,0.075500
595,2,0,434,12,642,0.058500
596,2,0,77,6,717,0.061000
597,2,0,207,25,717,0.065000
598,2,0,31,2,717,0.144500
599,2,0,247,31,692,0.173500
600,2,0,305,34,437,0.066500
601,2,0,486,14,717,0.054000
602,2,0,740,29,672,0.071500
603,2,0,239,6,576,0.131500
604,2,0,145,16,832,0.059000
605,2,0,284,9,155,0.086000
606,2,0,394,65,410,0.055000
607,2,0,840,112,578,0.052000
608,2,0,857,150,348,0.050500
609,2,0,819,18,191,0.069000
610,2,0,665,8,454,0.147000
611,2,0,316,36,855,0.052500
612,2,0,770,1,921,0.001500
613,2,1,32,30,416,0.053000
614,2,0,366,32,133,0.064000
615,2,1,1,20,615,0.098000
616,2,0,491,8,717,0.056500
617,2,0,365,64,205,0.054000
618,2,0,738,78,720,0.050000
619,2,0,270,36,31,0.075500
620,2,0,294,2,191,0.873500
621,2,0,790,86,191,0.061000
622,2,0,64,43,437,0.056000
623,2,0,564,7,556,0.081000
624,2,0,211,1,717,0.004000
625,2,0,240,42,320,0.103500
626,2,0,921,148,249,0.052500
627,2,0,14,2,556,0.123500
628,2,0,61,13,437,0.270000
629,2,0,312,59,437,0.053000
630,2,0,289,2,599,0.102000
631,2,0,314,57,832,0.051000
632,2,0,742,4,908,0.402000
633,2,0,174,86,615,0.056500
634,2,0,54,4,717,0.118500
635,2,0,256,4,191,0.172000
636,2,0,433,26,139,0.053500
637,2,0,980,11,216,0.057500
638,2,0,476,39,410,0.061500
639,2,0,368,6,139,0.338000
640,2,0,564,112,281,0.101500
641,2,1,39,71,87,0.050500
642,2,0,13,1,717,0.003000
643,2,0,272,6,191,0.059500
644,2,0,336,48,32,0.050500
645,2,0,365,14,510,0.101000
646,2,0,267,59,191,0.054000
647,2,0,157,20,139,0.076000
648,2,0,995,2,446,0.920500
649,2,0,389,19,615,0.050000
650,2,0,217,2,717,0.407500
651,2,0,665,23,717,0.072500
652,2,0,40,3,410,0.866500
653,2,0,221,19,139,0.052500
654,2,1,1,22,654,0.064500
655,2,0,16,1,908,0.028500
656,2,0,442,5,599,0.693000
657,2,0,771,16,216,0.064500
658,2,0,663,133,183,0.051000
659,2,1,4,19,71,0.196000
660,2,0,23,3,717,0.466500
661,2,0,135,4,191,0.141000
662,2,0,727,36,554,0.054500
663,2,0,499,21,692,0.107500
664,2,0,100,2,717,0.058000
665,2,0,21,11,437,0.083000
666,2,0,372,7,191,0.097500
667,2,0,327,24,654,0.051000
668,2,0,552,45,660,0.061000
669,2,0,529,19,920,0.108000
670,2,0,984,35,271,0.056000
671,2,0,401,52,255,0.071500
672,2,1,1,34,672,0.071000
673,2,0,115,6,717,0.075000
674,2,0,629,4,155,0.080500
675,2,0,823,179,302,0.053500
676,2,0,503,7,78,0.079500
677,2,0,841,1,614,0.035500
678,2,0,132,5,249,0.087500
679,2,0,990,1,816,0.000000
680,2,0,650,100,443,0.061000
681,2,0,290,15,761,0.051000
682,2,0,605,62,720,0.057000
683,2,0,129,1,717,0.003500
684,2,0,122,5,191,0.102000
685,2,0,128,51,654,0.050000
686,2,0,47,10,410,0.079500
687,2,0,717,15,795,0.059500
688,2,0,328,35,615,0.064000
689,2,0,139,6,717,0.072500
690,2,0,972,18,907,0.061500
691,2,0,56,31,142,0.059500
692,2,1,1,20,692,0.059000
693,2,0,471,55,211,0.056500
694,2,0,133,2,717,0.113500
695,2,0,802,15,603,0.106000
696,2,0,66,6,717,0.099500
697,2,0,168,25,148,0.056500
698,2,0,520,14,554,0.085000
699,2,0,820,192,688,0.050000
700,2,0,859,11,761,0.065500
701,2,0,771,30,176,0.055000
702,2,1,7,45,717,0.055000
703,2,0,496,94,191,0.056500
704,2,0,978,21,244,0.067000
705,2,0,389,161,720,0.056000
706,2,0,417,110,102,0.053000
707,2,0,96,32,832,0.060000
708,2,0,18,3,717,0.234500
709,2,0,319,18,573,0.057000
710,2,0,674,140,68,0.050500
711,2,0,208,9,148,0.076000
712,2,0,91,10,832,0.065500
713,2,0,290,33,106,0.056500
714,2,0,743,17,556,0.054000
715,2,0,120,7,410,0.120500
716,2,0,786,8,191,0.063500
717,2,1,1,1,717,0.035000
718,2,0,476,10,822,0.128500
719,2,0,456,40,139,0.067500
720,2,0,153,10,717,0.066500
721,2,0,700,3,293,0.102000
722,2,0,746,52,183,0.051000
723,2,0,447,36,183,0.050000
724,2,0,9,4,935,0.190000
725,2,0,103,13,410,0.054000
726,2,0,523,105,694,0.051000
727,2,0,203,34,717,0.070500
728,2,0,336,48,720,0.058000
729,2,0,261,22,772,0.057000
730,2,0,500,2,191,0.150000
731,2,0,120,1,437,0.022500
732,2,0,536,2,556,0.083000
733,2,0,600,5,717,0.056000
734,2,0,383,33,242,0.057000
735,2,0,227,22,692,0.056000
736,2,0,266,22,191,0.052500
737,2,0,879,7,307,0.054000
738,2,0,175,10,717,0.119500
739,2,0,949,42,592,0.054000
740,2,0,25,7,437,0.054000
741,2,0,206,9,717,0.059000
742,2,0,134,35,720,0.056500
743,2,0,563,9,554,0.072000
744,2,0,678,68,437,0.053500
745,2,0,377,11,556,0.054000
746,2,0,59,4,430,0.056500
747,2,0,730,7,576,0.055500
748,2,0,292,10,437,0.075000
749,2,0,193,10,692,0.067500
750,2,1,8,25,654,0.081500
751,2,0,8,5,410,0.072500
752,2,0,823,41,556,0.065000
753,2,0,495,11,249,0.175000
754,2,1,3,5,822,0.176500
755,2,0,662,11,554,0.055500
756,2,0,203,4,717,0.116500
757,2,0,322,61,772,0.053500
758,2,0,384,4,191,0.053000
759,2,0,294,11,211,0.067000
760,2,0,719,59,720,0.051500
761,2,0,482,27,139,0.056500
762,2,0,473,17,615,0.088000
763,2,0,144,48,410,0.055500
764,2,0,240,20,832,0.060500
765,2,0,336,11,148,0.075500
766,2,0,376,35,450,0.052500
767,2,0,811,33,672,0.061500
768,2,0,995,8,49,0.123500
769,2,0,231,23,832,0.078000
770,2,0,208,13,554,0.101500
771,2,0,566,75,431,0.087000
772,2,0,36,13,832,0.073000
773,2,1,7,7,437,0.164000
774,2,0,99,12,437,0.074500
775,2,0,569,155,87,0.053000
776,2,0,452,111,183,0.053000
777,2,0,16,10,931,0.149500
778,2,0,308,77,905,0.059000
779,2,0,149,3,410,0.255500
780,2,0,242,38,410,0.050000
781,2,0,567,44,935,0.055500
782,2,0,75,15,510,0.063000
783,2,0,823,102,239,0.055500
784,2,0,96,39,654,0.055500
785,2,0,871,117,554,0.055500
786,2,0,778,321,999,0.053500
787,2,0,955,44,835,0.051000
788,2,0,704,55,795,0.054000
789,2,0,500,70,285,0.050000
790,2,0,719,92,673,0.050500
791,2,0,329,8,556,0.055500
792,2,0,626,1,745,0.025000
793,2,0,316,70,31,0.051500
794,2,0,81,32,102,0.056000
795,2,0,418,32,554,0.076500
796,2,0,80,6,437,0.191500
797,2,0,525,11,878,0.092500
798,2,0,280,22,692,0.050500
799,2,0,357,1,249,0.001500
800,2,0,349,75,654,0.058500
801,2,1,9,19,437,0.085000
802,2,0,154,112,410,0.050000
803,2,0,49,24,717,0.054000
804,2,0,28,5,712,0.202000
805,2,0,340,18,717,0.057000
806,2,0,421,43,931,0.059500
807,2,0,225,126,87,0.050000
808,2,0,874,8,191,0.062500
809,2,0,882,53,940,0.053000
810,2,0,30,3,754,0.182500
811,2,0,644,8,605,0.253500
812,2,0,855,100,935,0.054500
813,2,1,5,12,155,0.117500
814,2,0,182,2,191,0.118500
815,2,0,629,37,191,0.051000
816,2,0,40,6,393,0.286000
817,2,0,285,7,717,0.071000
818,2,0,499,45,702,0.054500
819,2,0,704,60,672,0.056500
820,2,0,95,26,410,0.084500
821,2,0,275,18,410,0.057000
822,2,0,279,6,615,0.173000
823,2,0,42,3,603,0.091500
824,2,0,17,4,717,0.220500
825,2,0,356,64,31,0.062000
826,2,0,220,38,720,0.054500
827,2,0,208,26,437,0.052000
828,2,0,135,73,285,0.063500
829,2,0,559,103,102,0.053500
830,2,0,811,169,727,0.053500
831,2,0,582,102,443,0.050000
832,2,0,7,2,717,0.117500
833,2,0,714,30,443,0.065500
834,2,0,301,134,183,0.065000
835,2,1,2,4,488,0.072500
836,2,0,679,17,844,0.066000
837,2,0,651,13,576,0.064000
838,2,0,422,164,302,0.053000
839,2,0,706,8,614,0.326000
840,2,0,292,76,348,0.052500
841,2,0,166,8,437,0.069500
842,2,0,652,5,443,0.051000
843,2,0,189,1,410,0.005000
844,2,0,205,9,191,0.082500
845,2,0,628,5,576,0.139500
846,2,0,785,19,249,0.066500
847,2,0,783,22,554,0.113500
848,2,0,528,40,191,0.065500
849,2,0,109,9,437,0.050500
850,2,0,95,5,191,0.054500
851,2,0,549,18,712,0.073500
852,2,0,144,28,717,0.074500
853,2,0,293,9,437,0.077500
854,2,0,408,38,31,0.055500
855,2,0,207,4,437,0.052500
856,2,0,614,32,443,0.052500
857,2,0,555,15,717,0.056000
858,2,0,566,279,187,0.052000
859,2,0,30,2,191,0.087500
860,2,0,687,10,908,0.112000
861,2,0,266,10,437,0.067500
862,2,0,53,11,437,0.056500
863,2,0,181,37,437,0.068000
864,2,0,673,306,353,0.052500
865,2,0,910,13,18,0.051500
866,2,0,387,5,717,0.083500
867,2,0,203,18,717,0.057500
868,2,0,851,1,603,0.011500
869,2,0,601,15,822,0.070000
870,2,0,892,19,732,0.053000
871,2,0,77,6,832,0.189000
872,2,0,502,3,615,0.505500
873,2,0,752,18,614,0.053000
874,2,0,53,7,717,0.055000
875,2,0,145,50,720,0.051500
876,2,0,135,9,191,0.051500
877,2,0,384,43,410,0.051500
878,2,0,91,16,832,0.073500
879,2,0,256,5,437,0.052500
880,2,0,240,15,832,0.083000
881,2,0,423,18,519,0.061000
882,2,0,258,28,32,0.070000
883,2,0,840,136,702,0.050500
884,2,0,39,4,410,0.131500
885,2,1,2,2,816,0.075500
886,2,0,313,34,772,0.076500
887,2,0,849,26,176,0.051000
888,2,0,798,93,431,0.054500
889,2,0,190,19,772,0.086000
890,2,0,938,32,216,0.082000
891,2,0,78,4,712,0.106500
892,2,0,657,166,531,0.053000
893,2,0,510,27,139,0.051500
894,2,0,854,156,106,0.051000
895,2,0,62,10,615,0.076000
896,2,0,412,43,717,0.059000
897,2,0,27,4,437,0.053000
898,2,0,348,37,772,0.075000
899,2,0,103,29,437,0.067000
900,2,0,879,15,418,0.098000
901,2,0,97,31,855,0.050000
902,2,0,97,12,717,0.110500
903,2,0,284,31,921,0.096500
904,2,0,202,15,191,0.066000
905,2,0,14,9,437,0.066000
906,2,0,57,3,717,0.064500
907,2,0,681,3,908,0.071000
908,2,0,231,8,249,0.126000
909,2,0,672,49,673,0.057000
910,2,0,499,16,692,0.078500
911,2,0,119,39,832,0.104000
912,2,0,416,71,36,0.062000
913,2,0,84,6,717,0.065500
914,2,0,39,14,437,0.062000
915,2,0,331,32,183,0.081000
916,2,0,277,86,231,0.152000
917,2,0,7,3,717,0.188000
918,2,0,940,9,614,0.066000
919,2,0,736,156,639,0.055500
920,2,0,146,10,78,0.065000
921,2,0,468,2,191,0.181000
922,2,0,717,70,437,0.052000
923,2,0,330,16,191,0.106000
924,2,1,5,5,446,0.248500
925,2,0,311,6,717,0.118000
926,2,0,77,2,572,0.232000
927,2,0,731,9,761,0.053500
928,2,0,941,19,98,0.055000
929,2,0,718,81,438,0.053500
930,2,0,368,11,191,0.296500
931,2,0,12,4,717,0.449500
932,2,0,691,14,615,0.069500
933,2,0,332,39,443,0.050000
934,2,0,49,10,556,0.093500
935,2,0,124,89,231,0.069500
936,2,0,620,57,191,0.070000
937,2,0,285,11,437,0.085500
938,2,0,772,137,805,0.050500
939,2,0,645,36,191,0.054000
940,2,0,44,10,430,0.084000
941,2,0,281,64,692,0.054000
942,2,1,1,7,942,0.083500
943,2,0,336,8,717,0.059500
944,2,0,416,42,410,0.054000
945,2,0,804,99,850,0.050500
946,2,0,587,10,68,0.156500
947,2,0,391,12,554,0.114500
948,2,0,24,3,717,0.275500
949,2,0,906,183,523,0.051000
950,2,0,285,36,142,0.059500
951,2,0,387,16,692,0.054000
952,2,0,473,76,450,0.052000
953,2,0,780,72,148,0.054000
954,2,0,568,5,633,0.127500
955,2,0,536,37,437,0.063500
956,2,0,402,4,410,0.058500
957,2,0,454,107,285,0.050000
958,2,0,896,60,307,0.058500
959,2,0,375,67,31,0.052500
960,2,0,793,152,31,0.054500
961,2,0,588,12,191,0.091500
962,2,0,555,35,772,0.051000
963,2,0,183,24,717,0.056000
964,2,0,193,62,772,0.052500
965,2,0,844,47,191,0.051000
966,2,0,719,9,430,0.077000
967,2,0,956,19,754,0.054500
968,2,0,476,35,191,0.056500
969,2,0,185,12,437,0.084500
970,2,0,51,4,717,0.051500
971,2,0,87,1,191,0.029000
972,2,0,376,35,692,0.061500
973,2,0,510,63,31,0.050000
974,2,0,104,15,437,0.062000
975,2,0,597,18,692,0.058000
976,2,0,679,9,554,0.064000
977,2,0,948,5,745,0.303500
978,2,1,491,294,187,0.053500
979,2,0,453,73,660,0.052000
980,2,0,840,46,573,0.078000
981,2,0,887,75,416,0.051500
982,2,0,279,7,554,0.054000
983,2,0,485,70,828,0.056500
984,2,0,759,24,614,0.052500
985,2,0,660,66,165,0.053500
986,2,0,473,80,106,0.051000
987,2,0,546,181,30,0.050000
988,2,0,536,206,94,0.051000
989,2,0,779,57,139,0.053500
990,2,0,510,46,761,0.053500
991,2,0,424,4,191,0.078000
992,2,0,559,12,627,0.062500
993,2,0,321,109,772,0.051500
994,2,0,37,29,410,0.054500
995,2,0,326,12,437,0.133000
996,2,0,373,13,139,0.053000
997,2,0,862,82,659,0.052000
998,2,0,287,26,347,0.050000
999,2,1,145,258,450,0.051000
1000,2,0,565,4,692,0.068500
1,3,0,455,16,437,0.060000
2,3,0,436,43,437,0.064000
3,3,0,356,16,717,0.060500
4,3,0,60,12,832,0.099500
5,3,0,129,1,191,0.000000
6,3,0,268,12,437,0.053500
7,3,0,510,1,191,0.019000
8,3,0,342,36,31,0.053500
9,3,1,1,3,9,0.077000
10,3,0,491,20,832,0.053500
11,3,0,97,16,717,0.066500
12,3,0,841,4,908,0.080500
13,3,0,574,14,454,0.071000
14,3,0,567,14,510,0.053500
15,3,0,495,46,795,0.053500
16,3,0,157,13,437,0.082500
17,3,0,371,163,347,0.050500
18,3,1,10,12,155,0.285000
19,3,0,390,1,191,0.002500
20,3,0,784,67,636,0.052500
21,3,0,777,6,717,0.493000
22,3,0,230,44,410,0.052000
23,3,0,407,15,717,0.054000
24,3,0,191,10,191,0.093500
25,3,0,778,20,761,0.068000
26,3,0,685,52,692,0.050000
27,3,0,313,92,106,0.055000
28,3,0,460,1,191,0.000500
29,3,0,725,3,191,0.051500
30,3,0,48,5,410,0.148000
31,3,0,78,10,437,0.058000
32,3,0,45,8,437,0.144500
33,3,0,534,31,410,0.051500
34,3,0,767,95,176,0.050000
35,3,0,329,74,31,0.054000
36,3,0,29,4,832,0.096000
37,3,0,201,20,437,0.092500
38,3,0,868,166,599,0.051000
39,3,0,376,34,437,0.054500
40,3,0,223,93,832,0.063500
41,3,0,665,5,712,0.092000
42,3,0,244,16,443,0.063500
43,3,0,28,1,754,0.000000
44,3,0,14,5,437,0.100000
45,3,0,500,1,191,0.025000
46,3,0,841,21,823,0.086500
47,3,0,23,7,717,0.080000
48,3,0,35,2,816,0.050500
49,3,0,964,7,393,0.134500
50,3,0,85,45,457,0.054500
51,3,0,6,1,754,0.006500
52,3,0,933,456,249,0.050000
53,3,0,499,4,717,0.276000
54,3,0,43,7,437,0.063000
55,3,0,763,72,382,0.052000
56,3,0,847,1,810,0.031000
57,3,0,61,2,191,0.180000
58,3,0,977,29,823,0.056500
59,3,1,328,128,636,0.052500
60,3,0,482,108,712,0.051000
61,3,0,140,81,654,0.052000
62,3,0,203,118,302,0.052000
63,3,0,849,104,935,0.052000
64,3,0,734,11,293,0.051500
65,3,0,669,13,522,0.054500
66,3,0,102,8,832,0.082500
67,3,0,326,6,717,0.195000
68,3,0,181,14,437,0.053000
69,3,0,282,101,102,0.053000
70,3,0,78,9,410,0.061500
71,3,0,43,7,556,0.554500
72,3,0,195,1,191,0.001500
73,3,0,465,5,717,0.056500
74,3,0,642,9,920,0.094000
75,3,0,429,59,921,0.050000
76,3,0,249,17,772,0.054500
77,3,0,635,191,87,0.053000
78,3,0,143,1,717,0.011000
79,3,0,64,11,717,0.073500
80,3,0,941,3,754,0.061500
81,3,0,91,28,712,0.067500
82,3,0,300,12,717,0.062500
83,3,0,478,57,974,0.050000
84,3,0,730,29,176,0.054000
85,3,0,15,4,603,0.471500
86,3,0,992,2,140,0.571000
87,3,0,121,3,717,0.056000
88,3,0,888,26,522,0.052500
89,3,0,955,21,935,0.057000
90,3,0,459,107,510,0.054000
91,3,0,233,16,437,0.089000
92,3,0,677,3,935,0.197000
93,3,0,771,137,672,0.050500
94,3,0,143,13,410,0.141500
95,3,0,903,1,572,0.007500
96,3,0,943,185,592,0.053500
97,3,0,183,3,717,0.166000
98,3,0,7,1,908,0.005000
99,3,0,338,4,717,0.296000
100,3,0,42,26,437,0.051500
101,3,0,122,7,615,0.055500
102,3,0,13,3,410,0.443000
103,3,0,120,5,410,0.082000
104,3,0,824,54,134,0.051000
105,3,1,17,33,183,0.052000
106,3,0,23,1,717,0.014500
107,3,0,89,1,191,0.000000
108,3,0,437,13,191,0.055500
109,3,0,362,78,832,0.069000
110,3,0,436,5,191,0.060500
111,3,0,583,77,672,0.055500
112,3,0,136,4,410,0.081000
113,3,0,271,15,576,0.064500
114,3,0,950,105,879,0.052500
115,3,0,880,74,761,0.056500
116,3,0,595,130,720,0.055500
117,3,0,72,21,437,0.055500
118,3,0,148,8,437,0.082500
119,3,0,971,1,461,0.038000
120,3,0,181,15,437,0.077500
121,3,0,59,36,720,0.062000
122,3,0,624,17,554,0.053000
123,3,0,733,26,576,0.056000
124,3,0,424,59,450,0.050500
125,3,0,256,3,717,0.092000
126,3,0,292,76,772,0.060500
127,3,0,351,34,148,0.055000
128,3,0,487,84,32,0.055000
129,3,0,706,1,216,0.004000
130,3,0,952,17,216,0.051500
131,3,0,417,40,437,0.075500
132,3,0,580,58,795,0.056500
133,3,0,69,13,692,0.056500
134,3,0,21,1,191,0.033000
135,3,0,258,23,347,0.051500
136,3,0,56,17,717,0.150000
137,3,0,657,22,437,0.118500
138,3,0,856,17,921,0.057500
139,3,0,29,2,410,0.291500
140,3,0,9,1,9,0.003500
141,3,0,432,16,191,0.050000
142,3,1,10,10,717,0.051500
143,3,0,701,29,191,0.050500
144,3,0,424,4,139,0.577500
145,3,0,90,7,437,0.060000
146,3,0,609,3,554,0.070000
147,3,0,171,12,717,0.055500
148,3,1,5,14,717,0.058000
149,3,0,397,24,410,0.051500
150,3,0,219,1,717,0.033000
151,3,0,446,3,191,0.061000
152,3,0,221,72,285,0.054000
153,3,0,9,2,418,0.188000
154,3,0,965,25,823,0.063500
155,3,0,16,8,576,0.208500
156,3,0,120,12,437,0.061500
157,3,0,78,5,717,0.050500
158,3,0,936,427,799,0.050000
159,3,0,777,4,935,0.106000
160,3,0,849,58,554,0.053000
161,3,0,271,55,31,0.054000
162,3,0,224,1,191,0.000500
163,3,1,316,143,672,0.050500
164,3,0,779,18,235,0.063000
165,3,0,54,10,191,0.092500
166,3,0,28,1,717,0.041500
167,3,0,894,2,908,0.403500
168,3,0,512,22,418,0.058000
169,3,0,147,34,106,0.055000
170,3,0,464,41,191,0.050000
171,3,0,246,36,832,0.051000
172,3,0,106,1,717,0.003000
173,3,0,87,15,832,0.084000
174,3,0,367,75,450,0.052500
175,3,0,549,8,599,0.065000
176,3,0,203,22,692,0.060500
177,3,0,600,12,717,0.050000
178,3,0,566,2,576,0.064500
179,3,0,268,2,692,0.116500
180,3,0,323,11,692,0.055000
181,3,0,517,18,191,0.065500
182,3,0,200,6,410,0.220000
183,3,0,49,8,437,0.071000
184,3,0,939,45,616,0.055500
185,3,0,257,14,410,0.067000
186,3,0,115,1,717,0.001000
187,3,0,299,7,148,0.073000
188,3,0,720,244,31,0.051500
189,3,0,323,15,510,0.051000
190,3,0,655,58,694,0.059000
191,3,0,5,2,717,0.074000
192,3,1,121,125,443,0.054000
193,3,0,431,90,773,0.054000
194,3,0,220,4,410,0.061000
195,3,0,492,31,717,0.051000
196,3,0,380,98,36,0.059500
197,3,0,48,12,556,0.090500
198,3,0,628,31,931,0.052500
199,3,0,267,4,191,0.054000
200,3,0,347,27,191,0.057500
201,3,0,234,15,191,0.076500
202,3,0,936,2,216,0.063500
203,3,0,466,3,191,0.087500
204,3,0,432,158,466,0.053000
205,3,0,18,2,717,0.069000
206,3,0,898,163,761,0.055000
207,3,0,178,13,832,0.056000
208,3,0,618,66,443,0.057000
209,3,0,656,50,948,0.053500
210,3,0,63,11,920,0.274500
211,3,0,26,3,191,0.078500
212,3,0,23,1,393,0.008000
213,3,1,45,69,437,0.058000
214,3,0,991,5,48,0.126500
215,3,0,462,21,293,0.054500
216,3,0,90,17,692,0.058500
217,3,0,762,52,443,0.052500
218,3,0,521,50,702,0.054500
219,3,1,1,1,219,0.025500
220,3,0,168,22,437,0.065000
221,3,0,524,141,87,0.059500
222,3,0,589,7,443,0.080500
223,3,0,622,9,672,0.057000
224,3,0,598,148,994,0.063500
225,3,0,360,15,139,0.063000
226,3,0,88,59,615,0.050000
227,3,1,10,10,615,0.286500
228,3,0,194,23,410,0.056500
229,3,0,904,64,940,0.052500
230,3,0,996,2,214,0.265000
231,3,0,18,10,832,0.057000
232,3,1,67,51,450,0.051000
233,3,0,444,4,249,0.149500
234,3,0,434,29,191,0.059500
235,3,0,711,213,738,0.050000
236,3,0,275,64,437,0.051000
237,3,0,271,18,772,0.058500
238,3,0,654,116,443,0.050000
239,3,0,248,11,410,0.075500
240,3,0,100,6,717,0.157500
241,3,0,16,1,717,0.000000
242,3,1,7,17,416,0.076500
243,3,0,281,36,772,0.053000
244,3,0,711,19,855,0.067500
245,3,0,773,3,311,0.689000
246,3,0,523,9,437,0.057500
247,3,0,526,57,302,0.072000
248,3,0,424,24,510,0.051000
249,3,0,110,1,717,0.009000
250,3,0,369,8,443,0.059500
251,3,0,745,107,935,0.052500
252,3,0,101,44,183,0.050500
253,3,1,42,20,388,0.071000
254,3,0,195,12,717,0.074000
255,3,1,8,8,692,0.065000
256,3,0,137,5,410,0.107000
257,3,0,982,6,816,0.084000
258,3,0,349,24,772,0.056500
259,3,0,643,48,285,0.060000
260,3,0,354,3,615,0.126500
261,3,0,661,46,183,0.051000
262,3,1,1,4,262,0.088000
263,3,0,96,11,754,0.051000
264,3,0,468,30,191,0.050000
265,3,0,316,1,717,0.009000
266,3,0,899,3,522,0.175000
267,3,0,199,71,191,0.060500
268,3,0,284,15,692,0.061000
269,3,0,35,3,717,0.454500
270,3,0,599,6,920,0.191500
271,3,0,551,3,576,0.377000
272,3,0,507,42,410,0.058000
273,3,0,565,2,249,0.242000
274,3,0,244,14,437,0.090000
275,3,0,733,8,134,0.081000
276,3,0,779,42,761,0.054500
277,3,0,286,20,642,0.053000
278,3,0,779,11,191,0.063000
279,3,0,771,157,106,0.050000
280,3,0,412,15,191,0.127500
281,3,0,39,3,717,0.216000
282,3,0,354,22,772,0.051000
283,3,0,594,12,554,0.052000
284,3,0,478,55,717,0.068000
285,3,0,19,1,717,0.033000
286,3,0,704,7,176,0.085500
287,3,0,93,10,655,0.062000
288,3,0,294,72,31,0.052000
289,3,0,365,18,437,0.054500
290,3,0,749,152,186,0.050500
291,3,0,833,11,556,0.070000
292,3,0,418,30,437,0.073500
293,3,0,300,31,211,0.058000
294,3,0,344,30,717,0.066500
295,3,0,712,36,717,0.062500
296,3,0,582,12,410,0.050000
297,3,0,980,6,572,0.085000
298,3,0,8,5,717,0.084000
299,3,0,94,9,191,0.272500
300,3,0,923,29,746,0.098000
301,3,0,606,36,443,0.052500
302,3,1,89,65,832,0.053000
303,3,0,587,31,293,0.057500
304,3,0,678,20,293,0.071500
305,3,0,702,26,615,0.065000
306,3,0,282,42,717,0.062000
307,3,0,280,17,844,0.080500
308,3,0,984,2,572,0.811000
309,3,0,554,24,410,0.055500
310,3,0,359,5,410,0.082000
311,3,0,682,71,814,0.055500
312,3,0,222,2,191,0.133500
313,3,0,445,12,692,0.060000
314,3,0,412,11,717,0.064500
315,3,0,574,64,795,0.056000
316,3,0,323,9,717,0.065500
317,3,0,68,2,191,0.875500
318,3,0,476,63,183,0.051000
319,3,0,472,22,191,0.072000
320,3,0,54,7,437,0.052000
321,3,0,72,7,717,0.054000
322,3,0,682,229,859,0.053500
323,3,0,994,3,329,0.957000
324,3,0,618,31,717,0.065500
325,3,0,881,3,813,0.059000
326,3,0,880,36,879,0.057500
327,3,0,883,6,655,0.171500
328,3,0,584,17,627,0.079500
329,3,0,62,7,9,0.050500
330,3,0,602,4,249,0.226000
331,3,0,547,32,191,0.074500
332,3,0,817,5,307,0.072500
333,3,0,923,22,745,0.052000
334,3,0,146,17,720,0.052500
335,3,0,105,2,717,0.137000
336,3,0,475,24,692,0.055500
337,3,0,128,52,285,0.063500
338,3,0,140,12,717,0.058000
339,3,0,401,26,183,0.062000
340,3,0,588,11,692,0.056000
341,3,0,557,48,702,0.101000
342,3,0,706,64,673,0.059000
343,3,0,100,7,191,0.052000
344,3,0,646,42,556,0.061000
345,3,0,429,3,935,0.104000
346,3,0,194,1,717,0.011500
347,3,0,52,17,717,0.058000
348,3,0,35,14,717,0.067000
349,3,0,127,14,832,0.073000
350,3,0,149,51,106,0.057500
351,3,0,55,2,191,0.220000
352,3,0,445,119,450,0.050500
353,3,0,171,2,191,0.145500
354,3,0,818,33,636,0.070000
355,3,0,323,31,148,0.060500
356,3,0,7,3,717,0.126500
357,3,0,68,8,633,0.239000
358,3,0,630,56,191,0.052000
359,3,0,22,5,454,0.075000
360,3,0,683,14,712,0.057500
361,3,0,116,9,717,0.104000
362,3,0,973,26,656,0.071000
363,3,0,33,8,443,0.056500
364,3,0,191,15,717,0.097000
365,3,0,846,122,156,0.054000
366,3,0,924,1,745,0.004000
367,3,0,92,11,717,0.050000
368,3,0,125,46,832,0.076500
369,3,0,72,1,717,0.020000
370,3,0,671,21,443,0.090500
371,3,0,549,39,117,0.070500
372,3,0,382,45,410,0.050000
373,3,0,411,6,191,0.061500
374,3,0,81,15,437,0.053000
375,3,0,973,27,491,0.052000
376,3,0,734,156,859,0.052000
377,3,0,196,11,717,0.060000
378,3,0,312,3,410,0.619500
379,3,0,99,1,603,0.000500
380,3,0,836,32,139,0.064500
381,3,0,943,3,754,0.134500
382,3,0,30,5,554,0.092500
383,3,0,608,6,556,0.108000
384,3,0,629,3,556,0.079000
385,3,0,646,33,702,0.050500
386,3,0,289,18,615,0.052500
387,3,1,13,15,907,0.167000
388,3,0,114,2,816,0.225000
389,3,0,51,2,942,0.165500
390,3,0,141,41,191,0.069500
391,3,0,802,13,244,0.066500
392,3,0,159,12,692,0.097500
393,3,0,678,1,754,0.000000
394,3,0,712,57,410,0.055500
395,3,0,382,26,320,0.057500
396,3,0,104,6,717,0.055000
397,3,0,33,2,717,0.054000
398,3,0,462,9,814,0.142000
399,3,0,55,3,717,0.312000
400,3,0,315,28,832,0.054500
401,3,0,530,47,443,0.051000
402,3,0,127,4,746,0.064500
403,3,0,152,65,139,0.056500
404,3,0,695,1,191,0.013000
405,3,0,837,41,496,0.050500
406,3,0,514,162,643,0.050500
407,3,0,515,3,191,0.082500
408,3,0,308,18,717,0.086000
409,3,0,634,16,692,0.051500
410,3,0,7,4,717,0.357000
411,3,0,72,8,549,0.219000
412,3,0,83,5,907,0.104000
413,3,0,55,3,717,0.136500
414,3,0,822,2,614,0.282000
415,3,0,699,22,139,0.062000
416,3,0,48,6,672,0.065000
417,3,0,365,36,772,0.056000
418,3,0,69,22,573,0.110000
419,3,0,834,113,814,0.052500
420,3,0,726,108,443,0.050000
421,3,0,474,142,302,0.051000
422,3,1,67,89,801,0.056000
423,3,0,85,5,717,0.172500
424,3,0,87,20,832,0.050000
425,3,0,708,4,754,0.112000
426,3,0,26,9,437,0.051000
427,3,0,367,25,908,0.056000
428,3,0,234,44,772,0.057000
429,3,0,26,12,437,0.053000
430,3,0,6,3,249,0.226500
431,3,0,219,5,410,0.256500
432,3,0,382,115,102,0.059000
433,3,0,430,9,554,0.066000
434,3,0,679,78,31,0.065000
435,3,0,24,5,832,0.077000
436,3,0,257,15,717,0.087000
437,3,1,2,4,717,0.081500
438,3,0,352,12,615,0.053500
439,3,1,24,24,443,0.083000
440,3,0,68,15,410,0.060000
441,3,0,88,11,692,0.072500
442,3,0,147,8,692,0.108000
443,3,0,102,11,642,0.050000
444,3,0,51,1,191,0.005000
445,3,0,246,44,437,0.063000
446,3,0,24,6,140,0.228000
447,3,0,577,55,931,0.055000
448,3,0,513,40,31,0.057000
449,3,0,631,57,844,0.054000
450,3,0,52,20,772,0.063500
451,3,0,460,26,615,0.074000
452,3,0,544,40,935,0.050500
453,3,0,353,20,437,0.074500
454,3,0,311,4,576,0.058000
455,3,0,849,57,652,0.055000
456,3,0,773,101,231,0.058500
457,3,0,65,12,717,0.060000
458,3,0,195,3,717,0.628000
459,3,0,107,24,191,0.075000
460,3,0,139,8,717,0.056000
461,3,0,32,1,656,0.010000
462,3,0,443,64,117,0.068500
463,3,0,499,21,772,0.071000
464,3,0,267,12,437,0.063500
465,3,0,252,13,191,0.074000
466,3,0,35,24,717,0.084500
467,3,0,277,6,410,0.061000
468,3,0,612,3,935,0.054000
469,3,0,152,35,437,0.050000
470,3,0,494,168,692,0.051000
471,3,0,570,3,191,0.316000
472,3,0,615,41,183,0.051000
473,3,0,491,31,717,0.059000
474,3,0,366,1,717,0.025500
475,3,0,663,45,556,0.051500
476,3,0,279,17,139,0.082500
477,3,0,66,22,832,0.084000
478,3,0,31,3,717,0.191000
479,3,0,233,3,717,0.176500
480,3,0,136,2,717,0.932000
481,3,0,180,45,832,0.051000
482,3,0,207,7,437,0.064000
483,3,0,363,4,191,0.124500
484,3,0,703,52,139,0.055000
485,3,0,655,127,31,0.050000
486,3,0,924,16,146,0.051500
487,3,0,816,1,576,0.004500
488,3,0,759,115,191,0.052500
489,3,0,261,1,191,0.006500
490,3,0,732,209,935,0.051500
491,3,0,195,7,454,0.109500
492,3,0,635,11,627,0.116000
493,3,0,581,51,410,0.065500
494,3,0,80,11,437,0.055000
495,3,0,532,185,720,0.053000
496,3,0,738,20,148,0.051500
497,3,0,302,3,692,0.089000
498,3,0,256,16,717,0.107500
499,3,0,534,7,443,0.059500
500,3,0,198,20,437,0.076500
501,3,0,222,5,717,0.081500
502,3,0,302,59,31,0.050000
503,3,0,160,4,148,0.125500
504,3,0,497,28,554,0.085000
505,3,0,196,3,443,0.058000
506,3,0,550,70,720,0.060500
507,3,0,46,27,633,0.060500
508,3,0,729,45,745,0.053500
509,3,0,173,3,410,0.483000
510,3,0,9,1,191,0.002000
511,3,0,971,26,823,0.055000
512,3,0,359,2,717,0.070500
513,3,0,173,78,654,0.055000
514,3,0,190,18,717,0.055000
515,3,0,255,2,249,0.080000
516,3,0,137,19,717,0.055500
517,3,0,844,93,176,0.056500
518,3,0,298,25,717,0.054000
519,3,0,7,6,717,0.077500
520,3,0,263,3,410,0.215500
521,3,0,651,3,249,0.439500
522,3,1,11,17,920,0.056000
523,3,0,78,3,717,0.308000
524,3,0,409,4,717,0.061500
525,3,0,150,30,437,0.050000
526,3,1,5,10,437,0.092500
527,3,0,27,12,832,0.077000
528,3,0,734,1,522,0.007500
529,3,0,287,11,717,0.054500
530,3,0,580,57,31,0.051000
531,3,0,87,25,615,0.064500
532,3,0,882,356,512,0.050500
533,3,0,37,2,717,0.361000
534,3,0,7,1,191,0.018000
535,3,0,919,3,745,0.514000
536,3,0,220,19,191,0.060500
537,3,0,616,118,31,0.050000
538,3,0,19,11,717,0.151000
539,3,0,689,164,348,0.050500
540,3,0,225,22,437,0.062000
541,3,0,351,28,437,0.074500
542,3,0,171,19,717,0.055000
543,3,0,446,69,692,0.053000
544,3,0,282,7,191,0.063500
545,3,0,280,6,615,0.176000
546,3,0,412,3,191,0.061000
547,3,0,535,40,832,0.055500
548,3,0,781,60,245,0.053500
549,3,0,992,7,329,0.393500
550,3,0,767,29,235,0.066500
551,3,0,24,2,216,0.108500
552,3,0,99,3,717,0.715500
553,3,0,134,7,437,0.077000
554,3,0,29,3,191,0.191500
555,3,0,311,14,437,0.304500
556,3,0,124,67,183,0.054500
557,3,0,639,18,556,0.060500
558,3,0,927,15,921,0.052000
559,3,0,628,66,106,0.050500
560,3,0,797,4,191,0.193500
561,3,0,279,6,191,0.061500
562,3,0,5,2,388,0.091000
563,3,0,648,101,87,0.056000
564,3,0,404,13,191,0.076000
565,3,0,539,57,692,0.069000
566,3,0,261,33,148,0.063000
567,3,0,846,313,87,0.050500
568,3,0,173,15,692,0.061500
569,3,0,597,6,717,0.051000
570,3,0,227,13,437,0.169000
571,3,0,208,1,692,0.022000
572,3,1,1,9,572,0.116000
573,3,0,704,12,191,0.058500
574,3,0,84,10,191,0.142500
575,3,0,159,7,832,0.195000
576,3,0,19,1,633,0.038500
577,3,0,74,33,832,0.058000
578,3,0,299,52,673,0.054500
579,3,0,786,6,813,0.115000
580,3,0,673,10,191,0.061000
581,3,0,420,19,191,0.051500
582,3,0,407,11,754,0.051500
583,3,0,854,7,908,0.053500
584,3,0,738,1,908,0.001000
585,3,0,642,52,717,0.089500
586,3,0,283,1,717,0.015000
587,3,0,540,148,772,0.063000
588,3,0,623,9,556,0.225500
589,3,0,662,88,211,0.054000
590,3,0,681,28,745,0.060500
591,3,0,970,16,216,0.062500
592,3,0,128,6,920,0.082000
593,3,0,36,3,717,0.386500
594,3,0,247,48,347,0.055000
595,3,0,484,104,410,0.050000
596,3,0,105,14,437,0.059500
597,3,0,207,33,410,0.055500
598,3,0,47,16,717,0.093000
599,3,0,87,11,78,0.063500
600,3,0,349,37,660,0.050500
601,3,0,486,6,437,0.075500
602,3,0,743,50,205,0.055500
603,3,1,14,9,746,0.121000
604,3,0,134,3,717,0.247500
605,3,0,6,4,216,0.086000
606,3,0,447,22,191,0.062500
607,3,1,41,37,687,0.050500
608,3,0,812,1,522,0.000000
609,3,0,801,6,745,0.060500
610,3,0,754,4,556,0.114500
611,3,0,378,7,443,0.079000
612,3,0,701,136,795,0.052000
613,3,0,483,20,191,0.094500
614,3,0,33,11,556,0.071000
615,3,0,53,13,437,0.059500
616,3,0,492,75,117,0.054000
617,3,0,392,1,717,0.022000
618,3,0,736,117,87,0.050500
619,3,0,365,94,66,0.053500
620,3,0,286,19,772,0.097000
621,3,0,741,96,935,0.050500
622,3,0,140,12,191,0.061500
623,3,0,433,22,633,0.067000
624,3,0,228,19,437,0.060000
625,3,0,108,26,692,0.064500
626,3,0,925,7,556,0.065000
627,3,0,17,3,249,0.074000
628,3,0,120,2,191,0.055500
629,3,0,121,1,191,0.001000
630,3,0,304,21,633,0.073000
631,3,0,299,3,717,0.209000
632,3,0,694,3,522,0.054500
633,3,0,17,10,615,0.080500
634,3,0,44,5,717,0.288500
635,3,0,246,3,410,0.478000
636,3,0,504,63,772,0.052000
637,3,0,964,9,496,0.075500
638,3,0,500,26,692,0.092000
639,3,0,314,86,87,0.051500
640,3,0,608,323,187,0.054500
641,3,0,339,83,231,0.051500
642,3,0,8,5,437,0.097000
643,3,0,255,1,191,0.000500
644,3,0,349,5,443,0.084000
645,3,0,388,1,191,0.000000
646,3,0,183,10,717,0.063500
647,3,0,327,28,437,0.050500
648,3,0,995,1,446,0.027500
649,3,0,499,28,249,0.063000
650,3,0,191,1,191,0.011000
651,3,0,479,54,672,0.065000
652,3,0,28,5,717,0.062000
653,3,0,323,3,191,0.061000
654,3,1,1,10,654,0.052000
655,3,0,7,1,603,0.039000
656,3,0,25,10,908,0.052000
657,3,0,727,7,908,0.349500
658,3,0,675,46,920,0.051500
659,3,0,7,5,155,0.052500
660,3,0,11,1,717,0.010500
661,3,0,31,6,437,0.358500
662,3,0,675,2,672,0.137000
663,3,0,360,3,633,0.076000
664,3,0,107,6,437,0.051500
665,3,0,18,7,437,0.072000
666,3,0,309,1,191,0.000500
667,3,0,249,14,692,0.062000
668,3,0,389,41,692,0.055500
669,3,0,538,5,249,0.060000
670,3,0,981,9,885,0.054500
671,3,0,423,5,832,0.117500
672,3,1,36,92,139,0.056000
673,3,0,52,3,191,0.090500
674,3,0,614,15,556,0.050000
675,3,0,798,16,556,0.050000
676,3,0,223,15,576,0.070000
677,3,0,875,33,712,0.050000
678,3,0,390,20,702,0.071500
679,3,0,990,1,572,0.027500
680,3,0,675,88,176,0.062000
681,3,0,508,22,165,0.057500
682,3,0,419,21,450,0.106500
683,3,0,126,12,148,0.094500
684,3,0,100,2,191,0.210000
685,3,0,165,1,717,0.003500
686,3,0,62,33,142,0.060000
687,3,0,767,99,139,0.050000
688,3,0,158,13,692,0.082500
689,3,0,111,16,191,0.066500
690,3,0,955,2,816,0.103000
691,3,0,94,3,717,0.101000
692,3,0,78,7,437,0.158500
693,3,0,499,27,554,0.052500
694,3,0,31,30,410,0.065500
695,3,0,63,12,454,0.059000
696,3,0,46,8,832,0.053000
697,3,0,115,1,191,0.000500
698,3,0,546,107,249,0.053500
699,3,0,836,9,576,0.060500
700,3,0,830,34,573,0.059500
701,3,0,364,14,614,0.055500
702,3,0,22,10,437,0.076000
703,3,0,552,2,615,0.285000
704,3,0,973,5,418,0.080500
705,3,0,444,4,717,0.086000
706,3,0,436,50,450,0.058000
707,3,0,183,5,437,0.082500
708,3,1,54,58,437,0.051500
709,3,0,825,30,293,0.050000
710,3,0,687,68,139,0.056000
711,3,0,231,81,772,0.054000
712,3,1,59,81,320,0.058000
713,3,0,297,1,717,0.010500
714,3,0,561,7,614,0.072500
715,3,0,110,12,437,0.065500
716,3,0,780,49,576,0.056000
717,3,1,4,10,437,0.069500
718,3,0,596,3,908,0.082500
719,3,0,453,1,191,0.025000
720,3,1,24,41,437,0.051000
721,3,0,723,159,689,0.050500
722,3,0,678,64,745,0.054500
723,3,0,371,55,106,0.066500
724,3,0,340,13,443,0.072500
725,3,0,164,6,717,0.128500
726,3,0,505,55,139,0.051500
727,3,0,82,12,437,0.078000
728,3,0,381,5,437,0.087000
729,3,0,257,20,410,0.056500
730,3,0,498,50,702,0.053500
731,3,0,134,34,437,0.054000
732,3,0,13,4,813,0.051000
733,3,0,565,64,31,0.051500
734,3,0,727,151,761,0.051000
735,3,0,234,53,191,0.052500
736,3,0,221,36,832,0.052500
737,3,0,888,27,795,0.051500
738,3,0,184,15,437,0.061500
739,3,0,846,5,488,0.202500
740,3,0,52,13,717,0.062500
741,3,0,203,22,717,0.056000
742,3,0,118,17,692,0.094000
743,3,0,577,140,692,0.051000
744,3,0,676,75,249,0.087000
745,3,1,148,172,828,0.058000
746,3,0,34,17,822,0.052500
747,3,0,776,4,908,0.098500
748,3,0,333,7,717,0.100500
749,3,0,127,14,556,0.072000
750,3,0,24,17,654,0.078500
751,3,0,12,3,191,0.099500
752,3,0,794,1,745,0.003500
753,3,0,398,10,920,0.064000
754,3,1,3,3,813,0.613000
755,3,0,355,143,795,0.050000
756,3,0,185,30,437,0.103000
757,3,0,307,1,191,0.000000
758,3,0,314,3,554,0.750000
759,3,0,404,13,191,0.051500
760,3,0,720,103,661,0.051500
761,3,0,359,10,293,0.064000
762,3,0,445,78,832,0.051500
763,3,0,175,45,931,0.054000
764,3,0,285,3,410,0.339500
765,3,0,383,31,191,0.063500
766,3,0,390,15,437,0.153500
767,3,0,831,42,148,0.055000
768,3,0,994,1,562,0.032500
769,3,0,190,17,692,0.054500
770,3,0,316,9,437,0.088500
771,3,0,511,21,139,0.070000
772,3,0,14,4,191,0.071000
773,3,1,4,4,437,0.106500
774,3,0,169,20,654,0.056000
775,3,0,562,59,526,0.051500
776,3,0,491,8,443,0.131500
777,3,0,69,3,717,0.073500
778,3,0,300,11,832,0.061500
779,3,0,119,2,410,0.199000
780,3,0,186,13,437,0.070000
781,3,0,593,4,249,0.547500
782,3,0,125,3,410,0.445500
783,3,0,779,9,746,0.073500
784,3,0,181,65,410,0.066500
785,3,0,823,57,935,0.053500
786,3,0,802,38,192,0.057500
787,3,0,973,245,146,0.050500
788,3,0,634,15,28,0.061500
789,3,0,520,26,285,0.056000
790,3,0,718,254,814,0.055000
791,3,0,491,10,599,0.117000
792,3,0,407,2,745,0.260000
793,3,0,241,11,437,0.072000
794,3,0,172,1,191,0.036000
795,3,0,165,9,211,0.083500
796,3,0,64,7,717,0.095500
797,3,0,531,4,556,0.106500
798,3,1,7,11,556,0.072000
799,3,0,501,9,615,0.070500
800,3,0,182,9,615,0.058000
801,3,1,5,23,437,0.059000
802,3,0,219,8,717,0.058000
803,3,0,45,13,148,0.057500
804,3,0,322,36,437,0.051000
805,3,0,331,13,832,0.107500
806,3,0,375,13,410,0.052000
807,3,0,331,60,87,0.053000
808,3,0,868,47,630,0.053500
809,3,0,876,6,656,0.099500
810,3,0,778,1,908,0.000000
811,3,0,94,2,754,0.237500
812,3,0,874,1,556,0.004500
813,3,0,611,8,920,0.076500
814,3,0,239,2,191,0.134500
815,3,0,567,92,87,0.052000
816,3,1,14,14,412,0.424500
817,3,0,258,1,191,0.003500
818,3,0,542,73,117,0.052000
819,3,0,649,25,139,0.055500
820,3,0,130,3,717,0.569000
821,3,0,279,34,437,0.054500
822,3,0,61,3,78,0.554000
823,3,0,771,44,392,0.050000
824,3,0,14,5,148,0.093000
825,3,0,218,5,692,0.074500
826,3,0,189,6,717,0.053000
827,3,0,163,11,437,0.088500
828,3,0,113,57,443,0.052500
829,3,0,504,7,712,0.054500
830,3,0,763,47,382,0.052500
831,3,0,663,23,712,0.068000
832,3,0,5,1,717,0.010500
833,3,0,726,1,633,0.000500
834,3,0,323,22,654,0.093500
835,3,1,16,25,573,0.068500
836,3,0,681,80,921,0.050000
837,3,0,639,1,614,0.025000
838,3,0,412,49,720,0.054500
839,3,0,708,87,935,0.052500
840,3,0,350,1,191,0.042500
841,3,0,195,3,410,0.281500
842,3,0,130,14,920,0.071500
843,3,0,120,35,410,0.053000
844,3,0,151,11,510,0.067500
845,3,0,666,6,576,0.083500
846,3,0,789,122,438,0.054000
847,3,0,735,42,672,0.052000
848,3,0,441,38,720,0.058500
849,3,0,112,13,717,0.065500
850,3,0,100,8,717,0.063500
851,3,0,500,9,627,0.057500
852,3,0,134,20,717,0.054500
853,3,0,160,8,692,0.055500
854,3,0,407,126,241,0.054000
855,3,0,262,17,832,0.050500
856,3,0,599,111,935,0.050000
857,3,0,600,20,692,0.054500
858,3,0,603,275,281,0.051500
859,3,0,86,15,437,0.068000
860,3,0,631,15,370,0.097500
861,3,0,290,8,437,0.054000
862,3,0,50,1,717,0.035000
863,3,0,348,43,191,0.052500
864,3,0,685,17,554,0.056500
865,3,0,903,46,614,0.052000
866,3,0,367,34,437,0.056500
867,3,0,195,4,148,0.506500
868,3,0,673,9,216,0.062500
869,3,1,4,4,754,0.116500
870,3,1,1,10,870,0.086500
871,3,0,84,18,654,0.071000
872,3,0,487,61,642,0.064000
873,3,0,843,199,828,0.050000
874,3,0,71,6,717,0.061000
875,3,0,92,36,717,0.069500
876,3,0,249,45,347,0.055000
877,3,0,514,162,466,0.050000
878,3,0,62,28,832,0.052500
879,3,0,162,10,832,0.082000
880,3,0,363,4,410,0.057000
881,3,0,563,45,720,0.056000
882,3,0,412,26,832,0.081500
883,3,0,633,6,418,0.055000
884,3,0,52,6,717,0.060000
885,3,0,21,2,412,0.062000
886,3,0,251,11,191,0.051000
887,3,0,867,11,71,0.061000
888,3,0,731,14,672,0.079000
889,3,0,169,39,717,0.053000
890,3,0,941,1,810,0.031500
891,3,0,284,8,437,0.108000
892,3,0,623,149,260,0.052000
893,3,0,505,135,477,0.052500
894,3,0,747,41,795,0.056000
895,3,0,281,102,249,0.052000
896,3,0,412,40,437,0.061000
897,3,0,13,11,437,0.053500
898,3,0,383,6,191,0.186500
899,3,0,190,69,772,0.055500
900,3,0,912,7,554,0.131000
901,3,0,247,21,692,0.079000
902,3,0,58,22,437,0.061500
903,3,0,706,49,556,0.069000
904,3,0,233,11,931,0.109000
905,3,1,4,34,437,0.066000
906,3,0,45,10,410,0.111000
907,3,0,5,2,754,0.276000
908,3,1,1,3,908,0.398000
909,3,0,734,101,510,0.050500
910,3,0,567,203,369,0.050500
911,3,0,123,1,717,0.001000
912,3,0,447,59,720,0.051500
913,3,0,99,4,717,0.362000
914,3,1,12,48,32,0.051000
915,3,0,362,2,443,0.405500
916,3,0,266,4,717,0.090500
917,3,1,7,13,832,0.175000
918,3,0,756,2,51,0.169000
919,3,0,805,29,510,0.052500
920,3,1,3,9,101,0.054000
921,3,0,525,9,717,0.085000
922,3,0,717,76,576,0.053500
923,3,0,315,2,148,0.554000
924,3,0,995,1,446,0.016000
925,3,0,288,28,510,0.058000
926,3,0,923,6,461,0.143500
927,3,0,873,192,643,0.050000
928,3,0,950,132,197,0.054000
929,3,0,697,5,18,0.061500
930,3,0,294,58,148,0.066500
931,3,0,8,3,717,0.312500
932,3,0,708,62,879,0.052500
933,3,0,447,31,437,0.052000
934,3,0,104,15,249,0.078000
935,3,0,222,35,437,0.057000
936,3,0,653,13,519,0.057000
937,3,0,207,6,437,0.057500
938,3,0,708,19,576,0.052500
939,3,0,684,130,249,0.062500
940,3,0,581,19,717,0.066000
941,3,0,537,73,772,0.053000
942,3,1,1,5,942,0.410000
943,3,0,367,37,717,0.050000
944,3,0,463,34,437,0.077500
945,3,0,713,94,639,0.052000
946,3,0,514,18,430,0.087000
947,3,0,523,28,347,0.052000
948,3,0,27,7,717,0.057000
949,3,0,915,144,258,0.052000
950,3,0,301,69,148,0.064500
951,3,0,368,134,410,0.058000
952,3,0,512,49,510,0.056500
953,3,0,751,54,672,0.056500
954,3,0,75,5,216,0.444000
955,3,0,582,31,183,0.051500
956,3,0,400,13,148,0.152500
957,3,0,290,97,450,0.050000
958,3,0,896,76,307,0.054500
959,3,0,473,127,712,0.051000
960,3,0,784,143,443,0.054000
961,3,0,355,82,28,0.060000
962,3,0,472,24,191,0.079500
963,3,0,180,47,410,0.060000
964,3,0,241,8,410,0.130500
965,3,0,851,83,165,0.052500
966,3,0,616,1,556,0.004000
967,3,0,958,301,910,0.050000
968,3,0,448,61,720,0.051000
969,3,0,110,7,191,0.101500
970,3,0,42,1,717,0.037500
971,3,0,121,4,191,0.081000
972,3,0,350,67,917,0.050500
973,3,0,460,1,191,0.001000
974,3,1,25,37,410,0.056000
975,3,0,656,48,692,0.065500
976,3,0,722,293,935,0.054500
977,3,0,819,21,419,0.054000
978,3,0,570,59,410,0.058000
979,3,0,439,30,717,0.063000
980,3,0,917,1,908,0.011500
981,3,0,902,44,746,0.061500
982,3,0,172,5,554,0.123500
983,3,0,516,48,348,0.059000
984,3,0,901,27,822,0.055000
985,3,0,662,28,139,0.059500
986,3,0,518,17,191,0.073000
987,3,0,619,103,410,0.051000
988,3,0,604,85,31,0.055000
989,3,0,775,124,761,0.053000
990,3,0,708,43,78,0.051000
991,3,0,357,17,712,0.056500
992,3,0,654,19,920,0.055000
993,3,0,352,81,348,0.056500
994,3,0,14,8,832,0.103500
995,3,0,300,51,183,0.058000
996,3,0,530,179,369,0.053000
997,3,0,855,21,191,0.123500
998,3,0,273,5,717,0.102500
999,3,0,490,25,717,0.058500
1000,3,0,654,124,450,0.051500
1,4,0,276,30,139,0.062000
2,4,0,296,36,148,0.053500
3,4,0,376,21,654,0.054000
4,4,0,53,10,437,0.114500
5,4,0,143,4,191,0.050500
6,4,0,311,76,183,0.050500
7,4,0,472,20,183,0.064000
8,4,0,308,1,717,0.002000
9,4,0,21,2,816,0.496000
10,4,0,493,5,615,0.231000
11,4,0,93,5,437,0.093000
12,4,0,813,5,576,0.100000
13,4,0,128,10,603,0.067000
14,4,0,553,21,510,0.065000
15,4,0,647,51,139,0.055500
16,4,0,152,8,410,0.075000
17,4,0,380,57,720,0.053500
18,4,0,18,10,822,0.077500
19,4,0,393,1,717,0.034000
20,4,0,811,76,672,0.052000
21,4,0,754,188,720,0.051500
22,4,0,269,59,139,0.051000
23,4,0,409,57,106,0.058000
24,4,0,165,1,191,0.000000
25,4,0,837,67,443,0.053000
26,4,0,648,42,855,0.053000
27,4,0,146,57,183,0.057500
28,4,0,471,34,652,0.051500
29,4,0,710,26,410,0.051000
30,4,0,57,8,717,0.063500
31,4,0,25,4,717,0.608500
32,4,1,6,18,183,0.142000
33,4,0,470,24,139,0.062000
34,4,0,755,164,258,0.052000
35,4,0,311,7,832,0.151500
36,4,0,13,8,832,0.325000
37,4,0,162,6,437,0.051500
38,4,0,888,104,615,0.052500
39,4,0,391,66,347,0.054000
40,4,0,201,18,437,0.062000
41,4,0,663,2,443,0.087500
42,4,0,473,10,692,0.067500
43,4,0,604,13,603,0.072000
44,4,0,17,4,437,0.052000
45,4,0,442,73,642,0.061000
46,4,0,921,49,813,0.050000
47,4,0,10,6,148,0.157000
48,4,0,816,1,754,0.000000
49,4,0,970,9,572,0.253500
50,4,0,87,35,717,0.062500
51,4,1,4,4,754,0.124500
52,4,0,932,56,921,0.050000
53,4,0,287,75,450,0.059500
54,4,0,30,3,717,0.436500
55,4,0,739,123,410,0.054500
56,4,0,87,5,379,0.211000
57,4,0,24,2,832,0.107000
58,4,0,968,10,823,0.095000
59,4,0,817,92,642,0.055000
60,4,0,490,30,717,0.091500
61,4,0,179,8,437,0.086500
62,4,0,253,31,692,0.070500
63,4,0,808,23,416,0.191000
64,4,0,771,165,239,0.051000
65,4,0,21,6,754,0.053500
66,4,0,89,6,832,0.098500
67,4,0,278,141,231,0.066500
68,4,0,147,23,183,0.113500
69,4,0,95,31,443,0.059500
70,4,0,81,6,148,0.051000
71,4,0,400,6,320,0.099500
72,4,0,217,3,191,0.050000
73,4,0,499,22,183,0.062500
74,4,0,222,34,556,0.062000
75,4,0,532,5,191,0.084500
76,4,0,170,67,772,0.055000
77,4,0,464,12,211,0.066000
78,4,1,8,7,437,0.255000
79,4,0,44,2,191,0.687000
80,4,0,946,11,718,0.314000
81,4,0,288,16,443,0.063500
82,4,0,287,12,717,0.054500
83,4,0,481,1,717,0.042000
84,4,0,770,40,450,0.057000
85,4,0,439,1,908,0.035000
86,4,0,993,1,389,0.000500
87,4,0,155,4,437,0.349000
88,4,0,460,1,393,0.000500
89,4,0,963,10,813,0.059500
90,4,0,602,9,249,0.086500
91,4,0,244,1,717,0.038500
92,4,0,689,73,643,0.056000
93,4,0,802,71,921,0.055500
94,4,0,85,11,717,0.067000
95,4,0,963,7,393,0.072500
96,4,0,945,15,98,0.058000
97,4,0,185,1,717,0.044000
98,4,0,595,11,576,0.053500
99,4,0,164,35,191,0.055000
100,4,0,71,10,437,0.144000
101,4,1,8,8,712,0.105500
102,4,0,18,4,717,0.056000
103,4,0,164,3,717,0.054500
104,4,0,641,15,636,0.064500
105,4,1,2,23,692,0.050000
106,4,0,18,16,832,0.108500
107,4,0,132,2,717,0.173500
108,4,0,424,33,717,0.055500
109,4,0,354,7,437,0.070000
110,4,0,459,64,211,0.057500
111,4,0,644,64,139,0.054000
112,4,0,129,2,191,0.163000
113,4,0,393,23,712,0.059500
114,4,0,950,229,642,0.050500
115,4,0,885,17,940,0.064500
116,4,0,556,42,450,0.051500
117,4,1,10,15,717,0.061000
118,4,0,156,13,717,0.125500
119,4,0,961,1,412,0.004000
120,4,0,170,47,31,0.055500
121,4,0,51,23,832,0.055000
122,4,0,676,69,921,0.054000
123,4,0,742,2,599,0.708000
124,4,0,376,4,139,0.156000
125,4,0,118,20,615,0.102500
126,4,0,235,3,191,0.081500
127,4,0,361,23,410,0.063500
128,4,0,405,208,450,0.055500
129,4,0,750,100,772,0.052000
130,4,0,950,405,688,0.053500
131,4,0,350,54,615,0.054000
132,4,0,43,27,416,0.051500
133,4,0,129,22,320,0.058000
134,4,0,108,6,437,0.053500
135,4,0,287,27,717,0.051500
136,4,0,28,9,717,0.105000
137,4,0,516,21,556,0.087000
138,4,0,108,12,418,0.061500
139,4,0,32,1,191,0.000000
140,4,0,963,2,810,0.059000
141,4,0,485,60,31,0.073000
142,4,0,8,4,717,0.135500
143,4,0,484,11,844,0.130500
144,4,0,456,74,121,0.065500
145,4,0,81,3,717,0.200000
146,4,0,611,59,31,0.050500
147,4,0,153,15,832,0.078000
148,4,1,3,6,717,0.141000
149,4,0,448,26,437,0.052500
150,4,0,218,23,717,0.056000
151,4,0,421,55,437,0.051500
152,4,0,262,12,410,0.065500
153,4,0,799,5,554,0.138500
154,4,0,960,19,632,0.068500
155,4,0,511,8,712,0.057000
156,4,0,134,12,437,0.050500
157,4,0,117,2,191,0.075500
158,4,0,89,2,572,0.774000
159,4,0,812,47,285,0.054500
160,4,0,858,8,672,0.058500
161,4,0,148,32,654,0.051500
162,4,0,278,36,148,0.051000
163,4,0,735,66,183,0.050000
164,4,0,767,29,795,0.050500
165,4,0,84,11,410,0.052500
166,4,0,43,6,717,0.069500
167,4,0,812,6,908,0.055000
168,4,0,915,321,509,0.056000
169,4,0,156,36,654,0.054500
170,4,0,337,53,720,0.051500
171,4,0,161,5,717,0.152000
172,4,0,72,9,832,0.114500
173,4,1,11,15,692,0.071500
174,4,0,360,18,772,0.068500
175,4,0,56,2,576,0.068000
176,4,0,135,8,712,0.100000
177,4,0,231,3,672,0.134000
178,4,0,788,1,249,0.003000
179,4,0,225,11,832,0.081000
180,4,0,381,7,437,0.055000
181,4,0,473,50,450,0.058000
182,4,0,247,4,717,0.148500
183,4,1,20,71,44,0.084000
184,4,0,936,2,810,0.316000
185,4,0,132,1,191,0.013500
186,4,0,172,39,437,0.052000
187,4,0,157,56,948,0.059500
188,4,0,110,1,216,0.002000
189,4,0,370,55,974,0.053500
190,4,0,667,23,443,0.090000
191,4,1,1,2,191,0.610000
192,4,0,38,8,599,0.084000
193,4,0,102,7,615,0.206500
194,4,0,270,6,717,0.075000
195,4,0,548,68,285,0.065500
196,4,0,444,37,720,0.067500
197,4,0,700,5,717,0.053500
198,4,0,558,39,139,0.054000
199,4,0,223,23,139,0.055500
200,4,0,144,40,692,0.052500
201,4,0,209,6,410,0.057000
202,4,0,946,11,823,0.105500
203,4,0,385,98,672,0.052500
204,4,0,422,26,717,0.055500
205,4,0,12,4,717,0.091000
206,4,0,909,254,382,0.052500
207,4,0,241,3,717,0.193000
208,4,0,644,122,948,0.050000
209,4,0,705,47,437,0.055000
210,4,0,80,12,920,0.057000
211,4,0,5,1,191,0.000000
212,4,0,36,1,393,0.000000
213,4,0,151,20,410,0.056000
214,4,0,991,5,297,0.052000
215,4,0,625,8,191,0.053500
216,4,0,497,11,920,0.062500
217,4,0,785,19,519,0.063000
218,4,0,431,27,672,0.050000
219,4,1,1,1,219,0.000000
220,4,0,238,38,660,0.062500
221,4,0,537,4,410,0.064000
222,4,0,595,66,510,0.053500
223,4,0,645,84,672,0.050000
224,4,0,571,7,191,0.053000
225,4,0,318,15,191,0.092000
226,4,0,136,9,437,0.089000
227,4,0,73,5,615,0.055000
228,4,0,231,19,437,0.068500
229,4,0,881,21,573,0.054000
230,4,0,998,1,446,0.032500
231,4,0,16,3,437,0.207000
232,4,0,322,30,437,0.054500
233,4,0,523,43,850,0.056000
234,4,0,531,23,437,0.060000
235,4,0,573,84,139,0.050000
236,4,0,176,5,148,0.074000
237,4,0,354,3,717,0.141000
238,4,0,635,158,410,0.055500
239,4,0,297,21,410,0.077000
240,4,1,17,39,183,0.053000
241,4,0,10,5,437,0.272000
242,4,0,471,107,30,0.050000
243,4,0,193,5,410,0.074500
244,4,0,636,17,216,0.055000
245,4,0,769,19,961,0.096500
246,4,0,577,1,191,0.006000
247,4,0,500,16,717,0.060500
248,4,0,450,7,717,0.051500
249,4,0,100,18,437,0.056500
250,4,0,245,45,615,0.052500
251,4,0,763,140,176,0.051000
252,4,0,108,5,692,0.054500
253,4,0,965,1,393,0.016000
254,4,0,214,33,717,0.069500
255,4,1,11,14,654,0.055000
256,4,0,103,3,410,0.107000
257,4,0,987,6,816,0.077000
258,4,0,384,22,191,0.053500
259,4,0,589,78,772,0.056000
260,4,0,394,26,750,0.052000
261,4,0,607,1,249,0.028000
262,4,0,22,1,816,0.000000
263,4,0,685,4,655,0.143500
264,4,0,469,91,139,0.053500
265,4,0,296,9,410,0.063000
266,4,0,787,1,813,0.023000
267,4,0,231,10,191,0.070000
268,4,0,391,39,249,0.070500
269,4,0,42,10,437,0.056000
270,4,0,278,13,216,0.058000
271,4,0,23,5,822,0.064500
272,4,0,583,42,241,0.050500
273,4,0,582,15,717,0.072000
274,4,0,217,4,410,0.075500
275,4,0,720,7,554,0.080500
276,4,0,792,18,382,0.072500
277,4,0,296,112,410,0.057500
278,4,0,762,27,235,0.053000
279,4,0,761,54,293,0.050000
280,4,0,388,12,139,0.108000
281,4,0,38,2,717,0.125500
282,4,0,309,1,191,0.013500
283,4,0,522,7,191,0.068500
284,4,0,455,4,717,0.111000
285,4,0,10,6,437,0.075000
286,4,0,718,107,321,0.052000
287,4,0,34,11,393,0.075500
288,4,0,330,34,437,0.061000
289,4,0,346,25,692,0.054000
290,4,0,297,48,416,0.053500
291,4,0,236,22,961,0.054000
292,4,0,363,3,692,0.228000
293,4,0,190,26,772,0.050000
294,4,0,364,45,772,0.067500
295,4,0,708,59,652,0.052500
296,4,0,537,42,652,0.064500
297,4,0,972,1,412,0.003500
298,4,0,39,8,717,0.165500
299,4,0,160,28,654,0.052000
300,4,0,906,43,718,0.051500
301,4,0,590,45,556,0.089000
302,4,1,84,79,832,0.058500
303,4,0,631,23,293,0.066000
304,4,0,742,147,844,0.052500
305,4,0,703,73,293,0.052000
306,4,0,265,66,102,0.052500
307,4,0,530,6,191,0.080500
308,4,0,974,5,388,0.054500
309,4,0,546,126,285,0.050000
310,4,0,402,9,249,0.069000
311,4,0,348,17,554,0.060000
312,4,0,193,3,717,0.379500
313,4,0,479,33,654,0.063000
314,4,0,331,47,652,0.055500
315,4,0,709,25,717,0.066500
316,4,0,285,18,931,0.056500
317,4,0,87,10,437,0.064500
318,4,0,292,90,438,0.052000
319,4,0,333,22,615,0.054500
320,4,0,98,18,832,0.069500
321,4,0,95,8,717,0.058000
322,4,0,669,29,692,0.058500
323,4,0,994,2,329,0.060500
324,4,0,453,10,672,0.110000
325,4,0,939,39,522,0.050500
326,4,0,345,26,311,0.059000
327,4,0,79,12,244,0.141500
328,4,0,593,6,556,0.645500
329,4,0,320,2,388,0.095500
330,4,0,562,120,731,0.061000
331,4,0,557,14,615,0.062000
332,4,0,820,24,761,0.061000
333,4,0,920,34,1,0.052000
334,4,0,213,29,654,0.052000
335,4,0,101,13,717,0.058500
336,4,0,600,38,443,0.053000
337,4,0,163,8,717,0.154500
338,4,0,98,16,437,0.089500
339,4,0,366,57,183,0.050500
340,4,0,659,27,642,0.050500
341,4,0,584,47,211,0.138000
342,4,0,698,19,249,0.051000
343,4,0,93,14,437,0.057000
344,4,0,679,13,443,0.066500
345,4,0,515,21,249,0.050500
346,4,0,180,6,191,0.058500
347,4,1,5,8,437,0.112500
348,4,1,14,77,832,0.057500
349,4,0,94,23,410,0.078000
350,4,0,197,53,660,0.062000
351,4,0,72,3,717,0.128000
352,4,0,424,29,554,0.056000
353,4,0,88,13,832,0.054500
354,4,0,835,81,239,0.051000
355,4,0,368,38,437,0.060500
356,4,1,4,6,437,0.203000
357,4,0,39,16,556,0.060500
358,4,0,427,6,556,0.062500
359,4,1,7,14,454,0.052000
360,4,0,652,1,556,0.000000
361,4,0,140,1,717,0.006500
362,4,0,957,25,607,0.052500
363,4,0,220,2,556,0.130500
364,4,0,223,61,410,0.053500
365,4,0,874,211,627,0.051500
366,4,0,921,31,799,0.051500
367,4,0,75,3,717,0.110500
368,4,0,171,2,717,0.076000
369,4,0,62,36,832,0.057500
370,4,0,463,1,556,0.021000
371,4,0,505,17,437,0.066500
372,4,0,527,15,191,0.053000
373,4,0,385,66,191,0.050000
374,4,0,54,2,717,0.300000
375,4,0,858,14,412,0.060000
376,4,0,136,3,216,0.350500
377,4,0,183,18,717,0.104500
378,4,0,288,85,410,0.052000
379,4,0,593,12,454,0.125500
380,4,0,764,18,139,0.076000
381,4,0,51,8,393,0.053500
382,4,0,222,8,717,0.271500
383,4,0,555,33,672,0.052000
384,4,0,647,80,102,0.051500
385,4,0,664,40,931,0.056000
386,4,0,244,22,878,0.059000
387,4,0,54,7,754,0.144500
388,4,0,18,2,810,0.267000
389,4,0,975,9,942,0.052000
390,4,0,138,14,437,0.199500
391,4,0,30,7,379,0.076000
392,4,0,72,9,556,0.058500
393,4,0,154,3,754,0.082500
394,4,0,667,41,844,0.056000
395,4,0,455,53,437,0.052500
396,4,0,48,48,183,0.058000
397,4,0,28,1,717,0.000000
398,4,0,687,31,717,0.077000
399,4,0,75,27,437,0.051500
400,4,0,28,6,556,0.200000
401,4,0,569,179,102,0.060000
402,4,0,77,9,659,0.121500
403,4,0,366,42,106,0.057000
404,4,0,649,65,139,0.052000
405,4,0,832,13,672,0.057500
406,4,0,655,51,348,0.062000
407,4,0,593,166,102,0.052000
408,4,0,320,80,36,0.050000
409,4,0,639,75,139,0.063000
410,4,1,2,3,717,0.248000
411,4,0,999,1,924,0.010000
412,4,0,50,6,244,0.060000
413,4,0,42,5,717,0.118000
414,4,0,854,3,745,0.222000
415,4,0,761,159,249,0.054000
416,4,0,455,27,410,0.057000
417,4,0,450,32,510,0.055000
418,4,0,598,3,672,0.057000
419,4,0,860,190,11,0.052500
420,4,0,702,85,692,0.053500
421,4,0,519,6,443,0.071000
422,4,0,72,1,717,0.002500
423,4,0,115,3,437,0.091500
424,4,0,84,5,717,0.104500
425,4,0,33,7,632,0.061500
426,4,0,27,2,717,0.063000
427,4,0,706,15,908,0.088000
428,4,0,134,7,717,0.097500
429,4,1,17,18,437,0.079500
430,4,1,6,20,443,0.068500
431,4,0,197,22,106,0.052000
432,4,0,396,71,32,0.051000
433,4,0,391,23,211,0.081000
434,4,0,671,61,720,0.054500
435,4,1,23,44,526,0.078000
436,4,0,275,24,410,0.066000
437,4,1,1,9,437,0.237000
438,4,0,271,3,692,0.068500
439,4,0,221,36,772,0.052500
440,4,0,88,1,191,0.000000
441,4,1,46,46,712,0.068000
442,4,0,136,34,654,0.051000
443,4,0,47,18,832,0.053000
444,4,0,120,6,191,0.056500
445,4,0,368,95,443,0.054500
446,4,1,4,8,257,0.187000
447,4,0,529,117,32,0.052000
448,4,0,533,12,191,0.074500
449,4,0,741,33,510,0.054000
450,4,0,120,6,717,0.185500
451,4,0,367,43,855,0.062000
452,4,0,533,13,717,0.129500
453,4,0,321,4,191,0.121000
454,4,0,21,7,155,0.102500
455,4,0,836,57,920,0.059000
456,4,0,700,16,556,0.051000
457,4,0,30,13,437,0.054000
458,4,0,148,5,717,0.076500
459,4,0,149,13,410,0.084500
460,4,0,115,23,437,0.056500
461,4,0,5,2,656,0.274000
462,4,0,501,29,183,0.067500
463,4,0,513,42,554,0.050000
464,4,0,239,40,183,0.051500
465,4,0,205,33,772,0.060500
466,4,0,61,27,832,0.086500
467,4,0,187,23,139,0.081000
468,4,0,689,114,66,0.054000
469,4,0,158,7,437,0.207500
470,4,0,428,41,832,0.052000
471,4,0,507,294,133,0.054000
472,4,0,660,88,199,0.050000
473,4,0,495,101,692,0.052000
474,4,0,345,6,410,0.079000
475,4,0,693,61,176,0.059000
476,4,0,344,9,717,0.066000
477,4,0,96,12,437,0.150000
478,4,0,79,15,437,0.056000
479,4,0,241,10,832,0.074500
480,4,0,151,63,654,0.102000
481,4,0,107,18,832,0.060000
482,4,0,137,6,692,0.121000
483,4,0,482,4,717,0.117500
484,4,0,687,18,191,0.066500
485,4,0,684,224,42,0.050000
486,4,0,885,23,614,0.085500
487,4,0,833,18,454,0.089500
488,4,0,731,29,28,0.067000
489,4,0,354,14,191,0.105000
490,4,0,727,190,948,0.051500
491,4,0,54,2,754,0.062500
492,4,0,601,9,692,0.052500
493,4,0,617,61,772,0.054000
494,4,0,140,32,437,0.062000
495,4,0,526,105,348,0.056500
496,4,0,775,84,191,0.062500
497,4,0,316,35,183,0.110000
498,4,0,207,14,654,0.107000
499,4,0,470,26,430,0.077000
500,4,0,188,38,717,0.057000
501,4,0,236,6,717,0.061000
502,4,0,330,44,437,0.058500
503,4,0,167,4,717,0.279000
504,4,0,489,72,510,0.053500
505,4,0,131,24,712,0.065000
506,4,0,520,121,554,0.051000
507,4,0,405,15,615,0.152500
508,4,0,732,24,430,0.062000
509,4,0,203,2,191,0.169500
510,4,0,29,11,437,0.063500
511,4,0,963,64,761,0.058000
512,4,0,326,73,832,0.053500
513,4,0,215,15,773,0.057000
514,4,0,131,51,36,0.056500
515,4,0,118,1,249,0.026500
516,4,0,97,14,437,0.138500
517,4,0,710,110,673,0.053000
518,4,0,205,43,720,0.053500
519,4,0,13,8,717,0.100500
520,4,0,246,5,717,0.463500
521,4,0,663,17,615,0.063000
522,4,1,2,3,599,0.320000
523,4,0,164,9,931,0.054000
524,4,0,369,31,249,0.082000
525,4,0,80,6,410,0.110000
526,4,1,7,10,832,0.069500
527,4,0,38,7,437,0.050000
528,4,0,792,23,908,0.052000
529,4,0,231,8,832,0.119500
530,4,0,590,52,410,0.051500
531,4,0,241,34,832,0.067000
532,4,0,754,20,921,0.071500
533,4,0,29,4,191,0.058000
534,4,0,12,3,717,0.309500
535,4,0,910,15,522,0.073000
536,4,0,176,33,148,0.055500
537,4,0,305,16,556,0.062500
538,4,0,12,8,410,0.064500
539,4,0,715,47,556,0.051000
540,4,0,253,17,437,0.067000
541,4,0,399,17,148,0.068000
542,4,0,246,5,717,0.202500
543,4,0,477,23,183,0.051500
544,4,0,275,57,410,0.053000
545,4,0,131,9,615,0.128500
546,4,0,461,30,702,0.062000
547,4,0,397,12,443,0.066000
548,4,0,935,75,921,0.050500
549,4,0,992,2,297,0.201500
550,4,0,701,27,235,0.058000
551,4,0,538,56,576,0.057500
552,4,0,114,4,717,0.058000
553,4,0,121,17,832,0.050500
554,4,0,55,8,717,0.100000
555,4,0,225,16,510,0.058500
556,4,1,7,7,615,0.067000
557,4,0,683,31,183,0.051000
558,4,0,923,3,908,0.145500
559,4,0,334,2,293,0.576500
560,4,0,784,57,509,0.058500
561,4,0,309,75,410,0.050000
562,4,1,6,6,262,0.072500
563,4,0,630,30,139,0.051000
564,4,0,419,3,191,0.063000
565,4,0,440,78,249,0.053000
566,4,0,257,31,832,0.097500
567,4,0,858,104,512,0.050000
568,4,0,394,1,717,0.002500
569,4,0,572,51,832,0.051000
570,4,0,165,17,191,0.060500
571,4,0,161,7,615,0.077500
572,4,0,780,8,813,0.419000
573,4,0,465,55,211,0.052000
574,4,0,115,7,717,0.085500
575,4,0,274,7,191,0.070500
576,4,0,53,4,556,0.091000
577,4,0,77,14,832,0.063000
578,4,0,607,75,660,0.050000
579,4,0,165,6,402,0.103500
580,4,0,747,122,397,0.052000
581,4,0,358,1,191,0.000000
582,4,0,602,17,454,0.106000
583,4,0,815,108,139,0.053500
584,4,0,544,3,908,0.144000
585,4,0,470,104,239,0.052500
586,4,0,300,68,32,0.054000
587,4,0,554,46,148,0.053500
588,4,0,507,31,599,0.051000
589,4,0,710,130,477,0.056000
590,4,0,603,1,176,0.044500
591,4,0,970,4,754,0.125500
592,4,0,282,8,191,0.169000
593,4,0,42,4,437,0.064500
594,4,0,195,47,720,0.070000
595,4,0,394,137,87,0.053000
596,4,0,131,7,437,0.121000
597,4,0,213,15,437,0.077500
598,4,0,29,7,717,0.262000
599,4,0,357,44,692,0.060500
600,4,0,354,25,717,0.061500
601,4,0,464,8,191,0.216500
602,4,0,750,10,672,0.066000
603,4,0,315,8,556,0.060500
604,4,0,157,34,437,0.057500
605,4,0,410,2,155,0.515000
606,4,0,453,19,139,0.176000
607,4,0,48,13,573,0.112500
608,4,0,829,59,192,0.050500
609,4,0,770,322,146,0.052000
610,4,0,702,5,155,0.086500
611,4,0,43,13,556,0.074500
612,4,0,776,97,165,0.050500
613,4,0,607,14,139,0.066000
614,4,0,59,1,556,0.022000
615,4,1,30,39,457,0.052000
616,4,0,368,41,31,0.050000
617,4,0,346,5,717,0.063000
618,4,0,726,314,814,0.050000
619,4,1,131,114,87,0.051000
620,4,0,213,58,717,0.059500
621,4,0,732,8,410,0.139000
622,4,0,69,17,437,0.100000
623,4,0,302,40,438,0.067000
624,4,0,163,1,191,0.000000
625,4,0,161,21,720,0.070000
626,4,0,906,77,761,0.051500
627,4,1,7,19,443,0.076500
628,4,0,141,24,410,0.056500
629,4,0,239,1,191,0.003000
630,4,0,495,22,68,0.102000
631,4,0,312,19,437,0.125500
632,4,0,620,2,576,0.053000
633,4,0,34,3,615,0.644500
634,4,0,60,4,148,0.181000
635,4,0,225,16,931,0.060500
636,4,0,532,18,139,0.088000
637,4,0,980,3,810,0.221000
638,4,0,462,80,660,0.052000
639,4,0,481,42,410,0.075500
640,4,0,572,1,191,0.002500
641,4,0,247,45,31,0.057000
642,4,0,24,12,437,0.129000
643,4,0,294,35,720,0.051500
644,4,0,516,11,717,0.064500
645,4,0,382,15,191,0.064500
646,4,0,280,14,437,0.095500
647,4,0,245,5,717,0.138500
648,4,1,2,5,323,0.143500
649,4,0,338,33,133,0.051000
650,4,0,239,46,410,0.056000
651,4,0,682,91,31,0.056500
652,4,0,36,1,191,0.000000
653,4,0,321,2,717,0.162500
654,4,1,4,14,832,0.070500
655,4,0,740,9,249,0.244000
656,4,0,676,10,443,0.138500
657,4,0,689,18,18,0.051500
658,4,0,670,60,642,0.050500
659,4,0,252,13,101,0.054500
660,4,0,18,2,717,0.140500
661,4,0,50,21,832,0.058500
662,4,0,619,20,382,0.063000
663,4,1,2,10,659,0.062500
664,4,0,107,6,148,0.086000
665,4,0,32,16,437,0.140500
666,4,0,384,2,191,0.057500
667,4,0,384,72,347,0.053000
668,4,0,348,1,692,0.043500
669,4,0,662,74,205,0.058000
670,4,0,984,9,754,0.273500
671,4,0,358,15,615,0.132000
672,4,0,349,49,772,0.056000
673,4,0,69,7,717,0.053000
674,4,0,59,22,663,0.057500
675,4,0,871,29,496,0.057000
676,4,0,477,24,615,0.051000
677,4,0,859,24,556,0.051000
678,4,0,317,20,249,0.053000
679,4,0,990,6,9,0.081000
680,4,0,623,39,134,0.050000
681,4,0,790,35,712,0.051500
682,4,0,511,42,437,0.058000
683,4,0,123,14,148,0.062000
684,4,0,127,9,437,0.056500
685,4,0,154,11,437,0.087000
686,4,0,40,11,410,0.072000
687,4,0,772,22,554,0.063500
688,4,0,169,26,692,0.053500
689,4,0,188,9,717,0.096500
690,4,0,975,5,810,0.132000
691,4,0,72,5,717,0.058000
692,4,1,1,14,692,0.084500
693,4,0,482,31,211,0.052500
694,4,0,144,9,717,0.063500
695,4,0,3,1,754,0.002500
696,4,0,58,7,148,0.077500
697,4,0,131,2,717,0.181500
698,4,0,676,82,692,0.058000
699,4,0,860,55,717,0.055000
700,4,0,832,68,761,0.051500
701,4,0,736,4,614,0.211000
702,4,0,4,2,717,0.207500
703,4,0,492,32,191,0.172000
704,4,0,979,14,823,0.073500
705,4,0,221,10,615,0.070500
706,4,0,495,37,410,0.056000
707,4,0,158,31,191,0.050500
708,4,0,10,2,191,0.065500
709,4,0,790,30,488,0.050000
710,4,0,674,98,183,0.051000
711,4,0,198,5,410,0.082000
712,4,1,48,60,320,0.050000
713,4,0,337,51,285,0.051000
714,4,0,728,3,576,0.083500
715,4,0,117,30,654,0.050500
716,4,0,798,63,71,0.056000
717,4,1,1,8,717,0.119000
718,4,0,655,17,712,0.051500
719,4,0,495,21,410,0.103000
720,4,1,6,21,692,0.075000
721,4,0,623,81,652,0.073500
722,4,0,782,16,717,0.057000
723,4,0,365,15,410,0.051000
724,4,0,64,1,249,0.037000
725,4,0,162,4,717,0.167500
726,4,0,495,57,692,0.062500
727,4,0,108,7,191,0.103500
728,4,0,358,57,720,0.054000
729,4,0,304,20,148,0.106500
730,4,0,382,23,672,0.054500
731,4,0,146,1,437,0.037500
732,4,0,303,14,576,0.050000
733,4,0,611,1,717,0.046500
734,4,0,771,32,211,0.061500
735,4,0,202,40,183,0.051500
736,4,0,160,14,437,0.069000
737,4,0,909,300,382,0.050500
738,4,0,87,70,772,0.051500
739,4,0,927,28,573,0.056500
740,4,0,27,17,437,0.096000
741,4,0,183,2,191,0.079500
742,4,0,243,49,410,0.062000
743,4,0,563,86,642,0.050500
744,4,0,678,128,948,0.065500
745,4,0,15,6,430,0.249500
746,4,0,7,1,249,0.002500
747,4,0,769,92,71,0.059500
748,4,0,231,2,692,0.305000
749,4,0,341,3,615,0.052000
750,4,1,7,59,692,0.058500
751,4,0,26,3,717,0.145500
752,4,0,745,1,908,0.022000
753,4,0,90,9,556,0.095500
754,4,1,1,1,754,0.000000
755,4,0,557,3,672,0.055000
756,4,0,130,26,720,0.053000
757,4,0,384,66,285,0.061000
758,4,0,303,30,772,0.065500
759,4,0,436,1,191,0.002000
760,4,0,694,163,348,0.050500
761,4,0,360,27,410,0.055000
762,4,0,371,24,556,0.059000
763,4,0,223,48,183,0.055000
764,4,0,264,1,717,0.013000
765,4,0,347,12,148,0.170500
766,4,0,394,11,692,0.122500
767,4,0,527,2,418,0.068000
768,4,0,994,1,562,0.000000
769,4,0,297,35,717,0.050000
770,4,0,289,16,191,0.075500
771,4,0,617,91,510,0.059000
772,4,0,5,2,191,0.232000
773,4,1,7,10,832,0.126000
774,4,0,106,11,931,0.095000
775,4,0,551,9,437,0.077000
776,4,0,465,67,437,0.054500
777,4,0,17,12,931,0.068000
778,4,0,331,15,717,0.060000
779,4,0,178,10,437,0.124000
780,4,0,270,91,87,0.051500
781,4,0,627,1,249,0.001000
782,4,0,118,26,410,0.057500
783,4,0,752,13,18,0.061500
784,4,0,112,30,692,0.067500
785,4,0,806,50,672,0.052500
786,4,0,853,58,908,0.053500
787,4,0,973,2,412,0.892500
788,4,0,770,62,672,0.054500
789,4,0,470,57,117,0.060500
790,4,0,734,424,258,0.050500
791,4,0,500,7,78,0.098000
792,4,0,149,9,18,0.063500
793,4,0,255,14,717,0.053000
794,4,0,165,30,142,0.052500
795,4,1,10,16,139,0.062000
796,4,0,84,9,832,0.064500
797,4,0,473,24,576,0.088000
798,4,0,292,43,36,0.050000
799,4,0,376,43,117,0.053500
800,4,0,60,3,615,0.119000
801,4,0,50,8,717,0.063000
802,4,0,156,4,717,0.099500
803,4,0,137,25,437,0.112000
804,4,0,26,7,443,0.082000
805,4,0,184,8,615,0.051500
806,4,0,408,46,772,0.059500
807,4,0,407,54,772,0.062500
808,4,0,886,13,139,0.061000
809,4,0,828,33,573,0.054000
810,4,0,514,1,908,0.004500
811,4,0,161,12,216,0.058000
812,4,0,854,47,935,0.052500
813,4,1,5,5,216,0.133000
814,4,0,227,15,717,0.108500
815,4,0,555,157,814,0.051000
816,4,1,1,1,816,0.001000
817,4,0,254,25,717,0.074000
818,4,0,558,15,191,0.054500
819,4,0,69,4,235,0.054500
820,4,0,96,9,832,0.076000
821,4,0,309,2,717,0.139500
822,4,0,173,19,712,0.055000
823,4,0,73,2,745,0.123000
824,4,0,24,10,437,0.089500
825,4,0,262,44,437,0.083500
826,4,0,184,1,717,0.001000
827,4,0,188,12,437,0.077000
828,4,0,147,48,772,0.053500
829,4,0,592,28,717,0.053500
830,4,0,757,108,795,0.052500
831,4,0,720,8,410,0.149500
832,4,1,2,2,437,0.200000
833,4,0,629,13,920,0.051000
834,4,0,382,110,410,0.052500
835,4,0,848,110,431,0.051000
836,4,0,308,17,761,0.055500
837,4,0,784,95,293,0.050500
838,4,0,388,7,692,0.088500
839,4,0,722,78,450,0.053500
840,4,0,358,61,241,0.054000
841,4,0,156,39,241,0.055000
842,4,0,655,82,249,0.051000
843,4,0,231,5,717,0.062500
844,4,0,149,5,191,0.070500
845,4,0,232,9,216,0.078000
846,4,0,813,15,576,0.064000
847,4,0,795,25,652,0.068000
848,4,0,424,79,720,0.057500
849,4,0,83,52,437,0.058000
850,4,0,125,1,191,0.000500
851,4,0,631,137,879,0.051500
852,4,0,155,26,437,0.051500
853,4,0,191,28,32,0.050500
854,4,0,395,122,720,0.056500
855,4,0,245,21,183,0.058000
856,4,0,577,42,410,0.064000
857,4,0,520,1,191,0.001500
858,4,0,606,73,347,0.051000
859,4,0,90,14,437,0.090000
860,4,0,692,41,940,0.093500
861,4,0,131,17,615,0.065500
862,4,0,31,10,717,0.157000
863,4,0,227,37,183,0.068000
864,4,0,670,11,692,0.055500
865,4,0,78,20,419,0.056500
866,4,0,386,35,410,0.051000
867,4,0,217,2,717,0.223000
868,4,0,646,9,18,0.186000
869,4,0,128,1,522,0.001000
870,4,0,809,3,244,0.888500
871,4,0,77,18,832,0.059000
872,4,0,445,148,241,0.050500
873,4,0,749,25,576,0.053000
874,4,0,57,3,717,0.248000
875,4,0,139,1,717,0.021000
876,4,0,236,3,717,0.127000
877,4,0,417,43,410,0.087000
878,4,0,53,17,654,0.149500
879,4,0,68,20,615,0.051500
880,4,0,228,25,773,0.053000
881,4,0,543,1,191,0.012500
882,4,0,314,87,31,0.053000
883,4,0,856,289,672,0.050000
884,4,0,65,30,142,0.077500
885,4,0,925,7,244,0.068500
886,4,0,262,6,410,0.051000
887,4,0,857,6,18,0.058000
888,4,0,812,221,712,0.053000
889,4,0,128,38,437,0.059500
890,4,0,934,1,908,0.011500
891,4,0,242,8,320,0.082500
892,4,0,665,109,173,0.051000
893,4,0,469,33,410,0.067000
894,4,0,651,2,761,0.057500
895,4,0,329,25,832,0.137000
896,4,0,421,76,183,0.058500
897,4,0,18,3,437,0.059000
898,4,0,381,63,772,0.066500
899,4,0,148,4,717,0.068000
900,4,0,915,63,133,0.060000
901,4,1,26,37,633,0.064000
902,4,0,66,25,832,0.099500
903,4,0,716,30,191,0.057500
904,4,0,251,2,191,0.188000
905,4,0,32,1,717,0.018000
906,4,0,22,2,191,0.064000
907,4,0,702,6,745,0.050000
908,4,0,368,7,78,0.099000
909,4,0,131,11,672,0.105500
910,4,0,467,58,832,0.052500
911,4,0,135,18,437,0.056500
912,4,0,437,10,717,0.075000
913,4,1,64,86,281,0.058500
914,4,0,51,4,437,0.081500
915,4,0,363,63,443,0.066000
916,4,0,345,10,437,0.102500
917,4,0,6,2,717,0.121000
918,4,0,950,45,496,0.056500
919,4,0,761,30,28,0.050000
920,4,0,161,3,249,0.328500
921,4,0,383,43,772,0.053500
922,4,0,708,38,554,0.051000
923,4,0,347,48,772,0.057500
924,4,1,1,7,924,0.086000
925,4,0,283,74,510,0.053000
926,4,0,857,3,655,0.100000
927,4,0,885,349,282,0.050500
928,4,0,936,200,293,0.050500
929,4,0,763,260,268,0.051000
930,4,0,362,12,437,0.072500
931,4,0,4,1,717,0.017000
932,4,0,722,178,87,0.055000
933,4,0,385,32,772,0.067500
934,4,0,442,21,717,0.073500
935,4,0,113,13,437,0.053500
936,4,0,611,104,443,0.050000
937,4,0,232,6,510,0.128500
938,4,0,703,5,155,0.050500
939,4,0,607,1,191,0.013500
940,4,0,36,15,71,0.057000
941,4,0,388,12,692,0.063000
942,4,1,1,13,942,0.092000
943,4,0,294,33,832,0.075500
944,4,0,447,79,117,0.050500
945,4,0,813,352,713,0.051000
946,4,0,575,30,592,0.056500
947,4,0,378,5,191,0.056000
948,4,0,16,15,717,0.085000
949,4,0,903,29,931,0.080000
950,4,0,268,26,832,0.054500
951,4,0,399,16,437,0.054000
952,4,0,520,3,717,0.147500
953,4,0,741,87,382,0.050000
954,4,0,307,8,576,0.081000
955,4,0,439,9,191,0.056000
956,4,0,386,89,30,0.051000
957,4,0,422,52,148,0.061000
958,4,0,904,6,693,0.070000
959,4,0,339,15,717,0.052500
960,4,0,755,5,556,0.070500
961,4,0,444,19,191,0.058500
962,4,0,610,46,519,0.070000
963,4,0,211,17,717,0.065000
964,4,0,238,7,410,0.050000
965,4,0,856,16,746,0.107500
966,4,0,669,66,627,0.050500
967,4,0,962,8,393,0.093000
968,4,0,443,19,148,0.059500
969,4,0,154,41,437,0.051000
970,4,0,16,6,437,0.087000
971,4,0,107,4,410,0.111500
972,4,0,314,10,191,0.075500
973,4,0,390,14,139,0.050000
974,4,0,77,23,437,0.063000
975,4,0,605,4,556,0.061500
976,4,0,657,56,556,0.077500
977,4,0,941,1,488,0.033500
978,4,0,557,71,347,0.050500
979,4,0,352,49,183,0.061000
980,4,0,914,192,176,0.051500
981,4,0,827,27,235,0.051000
982,4,0,299,35,410,0.055000
983,4,0,557,130,32,0.051000
984,4,0,595,12,605,0.057000
985,4,0,695,2,921,0.094500
986,4,0,471,22,832,0.052000
987,4,0,576,6,139,0.067000
988,4,0,623,148,935,0.052500
989,4,0,512,24,761,0.050000
990,4,0,718,103,293,0.050500
991,4,0,425,19,692,0.086000
992,4,0,652,27,249,0.051000
993,4,0,393,1,717,0.017500
994,4,0,61,3,717,0.064500
995,4,0,331,11,148,0.142500
996,4,0,455,25,410,0.050500
997,4,0,808,18,614,0.057500
998,4,0,294,10,717,0.079000
999,4,0,439,5,556,0.256000
1000,4,0,628,105,87,0.050500
