cop,run,in_set,rank,set_size,lowest_loss_cop,final_pvalue
1,0,1,1,1,1,0.000000
2,0,1,2,3,151,0.196000
3,0,0,2,1,941,0.039000
4,0,0,10,1,364,0.000000
5,0,1,1,1,5,0.000000
6,0,1,1,1,6,0.000000
7,0,1,1,2,7,0.108500
8,0,1,1,1,8,0.000000
9,0,1,1,1,9,0.000000
10,0,1,1,1,10,0.000000
11,0,1,1,1,11,0.000000
12,0,1,1,1,12,0.009000
13,0,1,1,1,13,0.000000
14,0,1,1,1,14,0.000000
15,0,0,3,2,110,0.953500
16,0,1,2,3,125,0.059000
17,0,1,1,1,17,0.000000
18,0,1,1,1,18,0.000000
19,0,1,1,1,19,0.000000
20,0,1,1,1,20,0.000000
21,0,1,1,1,21,0.000000
22,0,1,1,1,22,0.000000
23,0,1,1,1,23,0.000000
24,0,1,1,1,24,0.000000
25,0,1,1,1,25,0.000000
26,0,1,1,1,26,0.000000
27,0,1,1,1,27,0.000000
28,0,1,1,1,28,0.000000
29,0,1,1,1,29,0.000000
30,0,1,1,1,30,0.000000
31,0,1,1,1,31,0.000500
32,0,1,1,1,32,0.000000
33,0,1,1,1,33,0.000000
34,0,1,1,1,34,0.000000
35,0,1,1,1,35,0.000000
36,0,1,1,3,36,0.145000
37,0,1,1,1,37,0.000000
38,0,1,1,1,38,0.000000
39,0,1,1,1,39,0.000000
40,0,1,1,1,40,0.000000
41,0,1,1,1,41,0.000000
42,0,1,1,1,42,0.000000
43,0,1,1,1,43,0.000000
44,0,1,1,2,44,0.461500
45,0,1,1,1,45,0.000000
46,0,1,1,1,46,0.000000
47,0,1,1,1,47,0.000000
48,0,1,1,1,48,0.000000
49,0,1,1,1,49,0.000000
50,0,1,1,2,50,0.746500
51,0,1,2,2,393,0.059000
52,0,1,1,1,52,0.000000
53,0,1,1,1,53,0.000000
54,0,1,1,1,54,0.000000
55,0,1,1,1,55,0.000000
56,0,1,1,1,56,0.000000
57,0,1,1,1,57,0.000000
58,0,1,1,1,58,0.000000
59,0,1,1,1,59,0.000000
60,0,1,1,1,60,0.000000
61,0,1,1,1,61,0.000000
62,0,1,1,2,62,0.170000
63,0,1,1,2,63,0.531000
64,0,1,2,2,449,0.246000
65,0,1,1,1,65,0.000000
66,0,0,4,2,364,0.358500
67,0,1,1,2,67,0.413000
68,0,1,1,1,68,0.009000
69,0,1,1,1,69,0.000000
70,0,1,1,1,70,0.000000
71,0,1,1,1,71,0.000000
72,0,1,1,1,72,0.001500
73,0,1,1,1,73,0.000000
74,0,1,1,1,74,0.000000
75,0,1,2,2,128,0.656500
76,0,1,1,1,76,0.000000
77,0,1,1,1,77,0.000000
78,0,1,1,1,78,0.000000
79,0,1,1,1,79,0.003500
80,0,1,1,4,80,0.060000
81,0,1,1,2,81,0.072500
82,0,1,1,1,82,0.000000
83,0,1,1,1,83,0.000000
84,0,1,1,1,84,0.000000
85,0,1,1,1,85,0.000000
86,0,1,1,1,86,0.000000
87,0,1,1,1,87,0.000000
88,0,1,1,1,88,0.000000
89,0,0,4,1,918,0.000000
90,0,0,2,1,261,0.020000
91,0,1,1,1,91,0.000000
92,0,1,2,2,77,0.990000
93,0,1,1,1,93,0.006000
94,0,1,1,1,94,0.000000
95,0,1,1,1,95,0.000000
96,0,1,1,1,96,0.000000
97,0,1,1,1,97,0.021500
98,0,1,1,1,98,0.000000
99,0,1,1,1,99,0.000000
100,0,0,6,3,173,0.102500
101,0,1,1,1,101,0.000000
102,0,1,1,1,102,0.000000
103,0,1,1,1,103,0.000000
104,0,1,1,1,104,0.000000
105,0,1,1,1,105,0.043000
106,0,0,17,3,574,0.057000
107,0,1,1,1,107,0.042500
108,0,1,1,1,108,0.000000
109,0,1,1,1,109,0.000000
110,0,1,1,1,110,0.000000
111,0,1,1,1,111,0.000500
112,0,0,2,1,998,0.010500
113,0,1,1,1,113,0.000000
114,0,1,1,1,114,0.000000
115,0,1,1,1,115,0.000000
116,0,1,1,1,116,0.000000
117,0,1,1,4,117,0.138000
118,0,1,1,1,118,0.000000
119,0,1,1,1,119,0.000000
120,0,1,1,1,120,0.000000
121,0,1,1,1,121,0.000000
122,0,1,1,1,122,0.000000
123,0,1,1,1,123,0.000000
124,0,1,1,1,124,0.000000
125,0,1,2,2,227,0.357500
126,0,1,1,1,126,0.000000
127,0,1,2,4,144,0.053500
128,0,1,1,1,128,0.000000
129,0,1,1,1,129,0.000000
130,0,1,1,1,130,0.000000
131,0,1,1,1,131,0.000500
132,0,1,1,1,132,0.000000
133,0,1,1,1,133,0.000000
134,0,1,1,1,134,0.000500
135,0,1,1,1,135,0.000500
136,0,1,1,2,136,0.508000
137,0,1,1,2,137,0.393500
138,0,1,1,1,138,0.000000
139,0,1,1,1,139,0.001500
140,0,1,1,1,140,0.000000
141,0,1,1,1,141,0.000000
142,0,1,1,1,142,0.000000
143,0,1,1,1,143,0.000000
144,0,1,1,1,144,0.000000
145,0,1,1,1,145,0.000000
146,0,1,1,1,146,0.000000
147,0,1,1,1,147,0.000000
148,0,1,1,1,148,0.000000
149,0,1,1,1,149,0.000500
150,0,0,4,1,843,0.000000
151,0,1,1,1,151,0.000000
152,0,1,1,1,152,0.000000
153,0,1,1,1,153,0.020500
154,0,1,1,1,154,0.000000
155,0,1,1,1,155,0.000000
156,0,1,1,1,156,0.000000
157,0,1,1,5,157,0.187500
158,0,1,2,2,949,0.284500
159,0,1,1,1,159,0.000000
160,0,0,2,1,164,0.001000
161,0,1,1,1,161,0.000000
162,0,1,1,1,162,0.000000
163,0,1,2,2,701,0.218500
164,0,1,1,1,164,0.022000
165,0,1,1,1,165,0.000000
166,0,1,1,1,166,0.000000
167,0,1,1,1,167,0.000000
168,0,1,1,1,168,0.000000
169,0,0,4,2,236,0.054500
170,0,1,1,1,170,0.000000
171,0,1,1,1,171,0.000000
172,0,1,1,2,172,0.077500
173,0,1,4,4,696,0.349500
174,0,1,1,1,174,0.000000
175,0,1,1,1,175,0.000000
176,0,1,1,2,176,0.529500
177,0,0,5,2,944,0.148500
178,0,1,1,3,178,0.587500
179,0,1,1,1,179,0.000000
180,0,1,1,1,180,0.000000
181,0,1,1,1,181,0.000000
182,0,1,1,2,182,0.178000
183,0,1,1,1,183,0.000000
184,0,1,1,1,184,0.000000
185,0,1,1,1,185,0.000000
186,0,1,1,1,186,0.000000
187,0,1,1,1,187,0.000000
188,0,1,1,1,188,0.000000
189,0,1,1,1,189,0.000000
190,0,1,1,1,190,0.000000
191,0,1,2,2,534,0.198500
192,0,1,1,1,192,0.000000
193,0,1,1,1,193,0.000000
194,0,0,3,1,6,0.000000
195,0,1,1,1,195,0.000000
196,0,1,1,1,196,0.000000
197,0,1,1,1,197,0.000000
198,0,1,1,1,198,0.000000
199,0,1,1,1,199,0.000000
200,0,1,1,4,200,0.582000
201,0,1,1,1,201,0.000000
202,0,1,1,1,202,0.000000
203,0,1,1,1,203,0.000000
204,0,1,1,1,204,0.000000
205,0,1,1,1,205,0.000000
206,0,1,1,1,206,0.000000
207,0,1,1,2,207,0.938000
208,0,0,6,2,857,0.355000
209,0,1,1,1,209,0.000000
210,0,1,1,1,210,0.000000
211,0,1,1,1,211,0.000000
212,0,1,1,1,212,0.000000
213,0,1,1,1,213,0.000000
214,0,1,1,1,214,0.000000
215,0,1,1,1,215,0.007500
216,0,1,1,1,216,0.000000
217,0,0,4,2,279,0.065000
218,0,1,1,1,218,0.000000
219,0,1,1,1,219,0.000000
220,0,1,1,1,220,0.000000
221,0,1,1,1,221,0.000000
222,0,1,1,1,222,0.000000
223,0,0,10,1,621,0.002000
224,0,1,1,1,224,0.000000
225,0,1,2,2,237,0.080500
226,0,1,1,1,226,0.000000
227,0,1,1,1,227,0.000000
228,0,1,1,1,228,0.031500
229,0,1,1,1,229,0.000000
230,0,1,1,1,230,0.000000
231,0,1,1,1,231,0.000000
232,0,1,1,1,232,0.000000
233,0,0,2,1,515,0.003000
234,0,1,1,1,234,0.003500
235,0,1,1,1,235,0.000000
236,0,1,1,1,236,0.000000
237,0,0,2,1,921,0.000000
238,0,1,1,1,238,0.000000
239,0,1,1,1,239,0.000000
240,0,1,1,1,240,0.022000
241,0,1,2,4,717,0.099000
242,0,1,1,1,242,0.000000
243,0,1,1,1,243,0.000000
244,0,1,1,1,244,0.000000
245,0,1,1,1,245,0.000000
246,0,1,1,1,246,0.000000
247,0,1,1,1,247,0.000000
248,0,1,1,1,248,0.000000
249,0,1,1,1,249,0.000000
250,0,1,1,1,250,0.000000
251,0,1,1,1,251,0.000000
252,0,0,4,2,854,0.873500
253,0,1,1,1,253,0.000000
254,0,1,1,1,254,0.000000
255,0,1,1,2,255,0.920500
256,0,1,1,2,256,0.285000
257,0,0,2,1,49,0.000500
258,0,1,1,1,258,0.000000
259,0,1,1,2,259,0.919500
260,0,1,1,1,260,0.000000
261,0,1,1,1,261,0.000500
262,0,1,1,2,262,0.640000
263,0,1,1,1,263,0.000000
264,0,1,2,2,124,0.232000
265,0,1,1,1,265,0.000000
266,0,1,1,2,266,0.284500
267,0,1,1,1,267,0.000000
268,0,1,1,1,268,0.000000
269,0,1,1,1,269,0.000000
270,0,1,1,1,270,0.000000
271,0,1,1,1,271,0.000000
272,0,1,1,2,272,0.162000
273,0,1,1,1,273,0.000000
274,0,1,1,1,274,0.020500
275,0,1,1,1,275,0.000000
276,0,1,1,3,276,0.211000
277,0,1,2,2,561,0.585500
278,0,1,3,3,987,0.142000
279,0,1,1,1,279,0.000000
280,0,0,14,1,309,0.000000
281,0,1,1,3,281,0.099000
282,0,1,1,1,282,0.000000
283,0,1,1,1,283,0.000000
284,0,1,1,1,284,0.000000
285,0,1,1,2,285,0.140500
286,0,1,1,1,286,0.000000
287,0,1,1,1,287,0.000000
288,0,1,1,1,288,0.000000
289,0,1,1,1,289,0.000000
290,0,1,1,1,290,0.000000
291,0,1,3,4,580,0.121500
292,0,1,1,1,292,0.000000
293,0,1,2,3,239,0.220500
294,0,1,1,1,294,0.000000
295,0,1,1,1,295,0.000000
296,0,1,1,1,296,0.000000
297,0,1,1,1,297,0.000000
298,0,0,5,1,50,0.000000
299,0,1,1,3,299,0.188000
300,0,1,1,1,300,0.000000
301,0,1,1,1,301,0.000000
302,0,1,1,2,302,0.057500
303,0,0,2,1,273,0.000000
304,0,1,1,1,304,0.000000
305,0,1,1,1,305,0.001500
306,0,1,1,1,306,0.002000
307,0,1,1,1,307,0.000000
308,0,1,1,1,308,0.000000
309,0,1,1,1,309,0.000000
310,0,1,1,2,310,0.065000
311,0,1,1,1,311,0.000000
312,0,1,1,1,312,0.000000
313,0,0,9,2,318,0.205000
314,0,1,1,1,314,0.000000
315,0,1,1,1,315,0.000000
316,0,1,1,1,316,0.000000
317,0,1,1,1,317,0.000000
318,0,1,1,1,318,0.026000
319,0,1,1,1,319,0.000000
320,0,1,1,1,320,0.000000
321,0,1,1,2,321,0.080000
322,0,1,1,2,322,0.358500
323,0,1,1,1,323,0.000000
324,0,1,1,1,324,0.012500
325,0,1,2,2,767,0.195500
326,0,1,1,3,326,0.320500
327,0,1,1,1,327,0.000000
328,0,1,2,2,676,0.648000
329,0,1,1,1,329,0.000000
330,0,1,1,1,330,0.000000
331,0,1,1,1,331,0.000000
332,0,1,1,1,332,0.000000
333,0,1,1,1,333,0.000000
334,0,0,2,1,736,0.000000
335,0,0,5,2,145,0.244000
336,0,1,1,1,336,0.000000
337,0,1,1,1,337,0.000000
338,0,0,2,1,902,0.000000
339,0,1,1,1,339,0.000000
340,0,1,1,1,340,0.000000
341,0,1,1,1,341,0.000000
342,0,1,1,1,342,0.000000
343,0,1,1,2,343,0.954000
344,0,1,1,1,344,0.000000
345,0,1,1,1,345,0.000000
346,0,0,3,1,959,0.006000
347,0,1,1,1,347,0.000000
348,0,1,1,2,348,0.095000
349,0,1,1,1,349,0.000000
350,0,0,4,1,186,0.006000
351,0,0,5,2,61,0.318000
352,0,1,1,1,352,0.000000
353,0,1,2,2,878,0.128000
354,0,1,1,1,354,0.000000
355,0,0,5,2,794,0.471500
356,0,1,1,1,356,0.006000
357,0,0,2,1,497,0.005000
358,0,1,1,1,358,0.000000
359,0,1,1,1,359,0.000000
360,0,1,1,2,360,0.051000
361,0,1,2,2,509,0.388000
362,0,1,3,3,229,0.291000
363,0,0,2,1,512,0.010500
364,0,1,1,1,364,0.000000
365,0,1,1,1,365,0.000000
366,0,1,1,1,366,0.000000
367,0,1,1,1,367,0.000000
368,0,0,15,1,183,0.009000
369,0,1,1,1,369,0.047000
370,0,1,1,1,370,0.000000
371,0,1,1,1,371,0.007000
372,0,1,1,1,372,0.007500
373,0,1,1,1,373,0.000000
374,0,1,1,1,374,0.000000
375,0,1,1,1,375,0.000000
376,0,1,1,1,376,0.000000
377,0,1,1,2,377,0.474500
378,0,1,1,1,378,0.000000
379,0,1,1,1,379,0.000000
380,0,0,23,1,455,0.001500
381,0,1,1,1,381,0.000000
382,0,1,1,1,382,0.000000
383,0,1,1,1,383,0.000000
384,0,1,1,1,384,0.000000
385,0,1,1,1,385,0.000000
386,0,1,1,1,386,0.000000
387,0,1,1,2,387,0.072500
388,0,1,1,1,388,0.000000
389,0,1,1,1,389,0.000000
390,0,0,5,1,779,0.000000
391,0,1,1,1,391,0.000000
392,0,1,1,1,392,0.000000
393,0,1,1,1,393,0.000000
394,0,1,1,1,394,0.000000
395,0,1,1,1,395,0.000000
396,0,1,1,1,396,0.001000
397,0,1,1,2,397,0.899000
398,0,1,1,1,398,0.000000
399,0,1,1,3,399,0.162000
400,0,1,1,1,400,0.000000
401,0,1,1,1,401,0.000000
402,0,1,1,1,402,0.000000
403,0,0,2,1,355,0.017000
404,0,1,1,1,404,0.000500
405,0,0,3,1,163,0.015000
406,0,1,1,1,406,0.000000
407,0,0,11,1,181,0.001000
408,0,1,1,1,408,0.000000
409,0,1,1,1,409,0.000000
410,0,1,1,1,410,0.000000
411,0,1,1,1,411,0.000000
412,0,1,1,1,412,0.000000
413,0,1,1,1,413,0.001500
414,0,1,1,1,414,0.000000
415,0,1,1,1,415,0.000000
416,0,1,1,2,416,0.086500
417,0,1,1,1,417,0.000000
418,0,1,1,1,418,0.000000
419,0,1,1,1,419,0.000000
420,0,1,1,1,420,0.000000
421,0,1,1,1,421,0.000000
422,0,1,1,1,422,0.000000
423,0,1,1,1,423,0.000000
424,0,1,1,1,424,0.000000
425,0,1,1,1,425,0.000000
426,0,1,1,2,426,0.093000
427,0,1,1,2,427,0.062500
428,0,1,1,1,428,0.006500
429,0,1,1,1,429,0.000000
430,0,1,1,1,430,0.000000
431,0,1,1,1,431,0.000000
432,0,1,1,1,432,0.000000
433,0,1,1,1,433,0.014000
434,0,1,2,2,305,0.492500
435,0,1,2,2,183,0.421000
436,0,1,1,1,436,0.000000
437,0,1,1,1,437,0.000000
438,0,1,1,1,438,0.000000
439,0,1,1,2,439,0.274500
440,0,0,2,1,186,0.000000
441,0,1,1,1,441,0.000000
442,0,1,1,1,442,0.000000
443,0,1,1,1,443,0.000000
444,0,0,2,1,533,0.000000
445,0,1,1,1,445,0.000000
446,0,1,1,1,446,0.000000
447,0,1,1,1,447,0.000000
448,0,0,18,2,222,0.398500
449,0,1,1,1,449,0.000000
450,0,1,1,1,450,0.000000
451,0,1,1,1,451,0.000000
452,0,1,1,1,452,0.000000
453,0,1,1,1,453,0.003500
454,0,1,1,1,454,0.000000
455,0,1,1,1,455,0.000000
456,0,0,3,1,706,0.000000
457,0,1,1,3,457,0.058500
458,0,1,1,1,458,0.000000
459,0,1,1,1,459,0.000000
460,0,1,1,1,460,0.000000
461,0,1,1,1,461,0.000000
462,0,0,2,1,616,0.009500
463,0,1,1,1,463,0.000000
464,0,1,1,1,464,0.000000
465,0,1,1,1,465,0.000000
466,0,1,1,1,466,0.019000
467,0,1,1,1,467,0.000000
468,0,0,5,1,693,0.000500
469,0,1,1,1,469,0.000000
470,0,1,1,1,470,0.000000
471,0,0,2,1,421,0.000000
472,0,1,1,1,472,0.000000
473,0,1,1,2,473,0.112000
474,0,1,1,1,474,0.000000
475,0,1,1,1,475,0.000000
476,0,1,1,1,476,0.000000
477,0,1,1,1,477,0.000000
478,0,1,2,3,906,0.530500
479,0,1,2,2,299,0.227500
480,0,0,2,1,969,0.001500
481,0,0,3,1,577,0.000500
482,0,1,1,2,482,0.106000
483,0,1,1,1,483,0.000000
484,0,1,3,4,761,0.788000
485,0,1,1,1,485,0.000000
486,0,1,1,2,486,0.457000
487,0,1,1,1,487,0.000000
488,0,1,1,1,488,0.000000
489,0,1,1,1,489,0.000500
490,0,1,1,1,490,0.025500
491,0,1,3,3,129,0.077500
492,0,1,1,1,492,0.000000
493,0,1,1,1,493,0.000000
494,0,0,4,2,878,0.903000
495,0,1,1,1,495,0.000000
496,0,1,3,3,418,0.131500
497,0,1,1,1,497,0.000000
498,0,1,1,1,498,0.000000
499,0,1,1,1,499,0.000000
500,0,1,1,2,500,0.153000
501,0,1,3,3,635,0.095000
502,0,1,1,1,502,0.000000
503,0,0,6,2,157,0.504500
504,0,1,1,1,504,0.000000
505,0,1,1,1,505,0.000000
506,0,1,1,1,506,0.000000
507,0,1,1,1,507,0.000000
508,0,1,1,1,508,0.000000
509,0,1,1,1,509,0.000000
510,0,1,1,1,510,0.000000
511,0,1,1,1,511,0.000000
512,0,1,1,1,512,0.007000
513,0,1,1,1,513,0.000000
514,0,1,1,1,514,0.000000
515,0,1,1,1,515,0.000000
516,0,1,1,1,516,0.000000
517,0,1,1,1,517,0.000000
518,0,1,1,1,518,0.000000
519,0,1,1,1,519,0.002000
520,0,1,1,1,520,0.000000
521,0,1,1,1,521,0.000000
522,0,1,1,1,522,0.001000
523,0,1,1,1,523,0.000000
524,0,1,1,1,524,0.000000
525,0,1,1,1,525,0.007000
526,0,1,1,4,526,0.053500
527,0,1,1,1,527,0.001000
528,0,1,1,1,528,0.000000
529,0,1,1,1,529,0.006500
530,0,1,1,1,530,0.000000
531,0,1,2,2,879,0.589500
532,0,1,1,1,532,0.000000
533,0,1,1,1,533,0.004500
534,0,1,1,4,534,0.133000
535,0,1,1,1,535,0.000000
536,0,1,1,1,536,0.000000
537,0,1,2,2,224,0.119500
538,0,1,1,3,538,0.081500
539,0,1,1,1,539,0.000000
540,0,1,1,1,540,0.000000
541,0,1,1,1,541,0.000000
542,0,1,1,1,542,0.000000
543,0,1,1,1,543,0.000000
544,0,1,1,1,544,0.000000
545,0,1,1,1,545,0.000000
546,0,1,1,1,546,0.000000
547,0,1,1,1,547,0.000000
548,0,1,1,1,548,0.000000
549,0,1,1,1,549,0.020000
550,0,1,1,1,550,0.000000
551,0,1,1,1,551,0.000000
552,0,1,1,2,552,0.187000
553,0,1,1,1,553,0.000000
554,0,1,2,3,850,0.186000
555,0,1,1,1,555,0.000500
556,0,1,1,1,556,0.000000
557,0,1,1,1,557,0.000000
558,0,1,1,1,558,0.000000
559,0,1,1,1,559,0.015000
560,0,1,1,2,560,0.205500
561,0,1,2,2,688,0.224500
562,0,1,1,1,562,0.000000
563,0,1,1,1,563,0.000000
564,0,1,1,1,564,0.000000
565,0,1,1,1,565,0.000000
566,0,1,1,1,566,0.000000
567,0,1,1,1,567,0.000000
568,0,1,1,1,568,0.000000
569,0,1,1,1,569,0.001000
570,0,1,1,1,570,0.001500
571,0,1,1,1,571,0.000500
572,0,1,1,1,572,0.000000
573,0,0,2,1,618,0.005000
574,0,1,1,1,574,0.000000
575,0,1,1,1,575,0.000000
576,0,1,1,1,576,0.000000
577,0,0,2,1,481,0.000000
578,0,1,1,2,578,0.405500
579,0,1,1,1,579,0.000000
580,0,1,1,1,580,0.000000
581,0,1,1,1,581,0.000000
582,0,1,1,1,582,0.000000
583,0,1,1,1,583,0.000000
584,0,1,1,1,584,0.000000
585,0,1,1,3,585,0.174000
586,0,1,1,1,586,0.000000
587,0,1,2,2,340,0.359500
588,0,1,1,1,588,0.000000
589,0,1,1,1,589,0.000000
590,0,1,1,1,590,0.000000
591,0,1,1,1,591,0.000000
592,0,1,1,1,592,0.000000
593,0,0,64,1,631,0.000000
594,0,1,1,2,594,0.146000
595,0,1,1,1,595,0.000000
596,0,1,1,1,596,0.000000
597,0,1,1,1,597,0.000000
598,0,1,1,1,598,0.000000
599,0,1,1,1,599,0.000000
600,0,1,1,1,600,0.000000
601,0,1,1,1,601,0.000000
602,0,1,1,1,602,0.000000
603,0,1,1,1,603,0.000000
604,0,1,2,8,428,0.098000
605,0,0,2,1,328,0.000000
606,0,1,1,1,606,0.000000
607,0,1,1,1,607,0.000000
608,0,1,1,1,608,0.000000
609,0,1,1,1,609,0.018500
610,0,1,2,2,472,0.188500
611,0,1,1,1,611,0.000000
612,0,1,1,1,612,0.000000
613,0,0,2,1,563,0.000500
614,0,1,1,1,614,0.000000
615,0,1,1,1,615,0.000000
616,0,1,1,1,616,0.000000
617,0,1,1,1,617,0.000000
618,0,1,1,1,618,0.000000
619,0,1,1,1,619,0.000000
620,0,1,1,1,620,0.000000
621,0,1,1,2,621,0.193000
622,0,1,2,2,715,0.358500
623,0,1,1,1,623,0.000000
624,0,1,1,1,624,0.000000
625,0,1,1,1,625,0.000000
626,0,0,2,1,278,0.034000
627,0,1,1,1,627,0.000000
628,0,1,1,1,628,0.000000
629,0,1,2,4,876,0.099000
630,0,1,2,2,753,0.395000
631,0,1,1,1,631,0.000000
632,0,1,1,1,632,0.000000
633,0,1,2,2,855,0.360500
634,0,0,3,2,876,0.097000
635,0,1,1,2,635,0.105000
636,0,1,1,1,636,0.000000
637,0,1,1,1,637,0.000000
638,0,1,1,2,638,0.278000
639,0,1,1,4,639,0.484000
640,0,1,1,1,640,0.004000
641,0,1,1,1,641,0.000000
642,0,1,1,1,642,0.000000
643,0,1,1,1,643,0.000000
644,0,1,3,4,838,0.057500
645,0,1,1,1,645,0.000000
646,0,1,1,1,646,0.000000
647,0,1,1,1,647,0.000000
648,0,1,1,1,648,0.000000
649,0,1,2,3,644,0.190500
650,0,1,1,1,650,0.000000
651,0,1,1,1,651,0.000000
652,0,1,1,2,652,0.080000
653,0,1,1,1,653,0.008000
654,0,0,17,1,577,0.000000
655,0,1,1,1,655,0.000000
656,0,1,1,1,656,0.000000
657,0,1,1,1,657,0.000000
658,0,1,1,1,658,0.000000
659,0,1,1,1,659,0.000000
660,0,1,2,3,31,0.283500
661,0,1,3,3,172,0.091000
662,0,1,1,2,662,0.520000
663,0,1,1,1,663,0.000000
664,0,1,1,1,664,0.000000
665,0,0,2,1,157,0.037500
666,0,1,1,1,666,0.000000
667,0,1,1,1,667,0.000000
668,0,1,1,1,668,0.000000
669,0,1,1,1,669,0.000000
670,0,1,1,1,670,0.000000
671,0,1,1,1,671,0.000000
672,0,1,1,1,672,0.000000
673,0,1,1,1,673,0.000000
674,0,1,1,1,674,0.000000
675,0,1,1,1,675,0.000000
676,0,1,1,1,676,0.000000
677,0,1,1,1,677,0.000000
678,0,1,1,1,678,0.000000
679,0,1,1,1,679,0.000000
680,0,1,1,1,680,0.000000
681,0,1,1,1,681,0.000000
682,0,1,2,2,110,0.207500
683,0,1,1,2,683,0.121500
684,0,1,1,1,684,0.000000
685,0,1,1,1,685,0.000000
686,0,0,8,1,377,0.000000
687,0,1,1,1,687,0.000000
688,0,1,1,1,688,0.000000
689,0,0,17,7,440,0.058000
690,0,1,1,1,690,0.000000
691,0,1,1,1,691,0.009000
692,0,1,1,1,692,0.000000
693,0,1,1,1,693,0.000000
694,0,1,1,4,694,0.307500
695,0,1,1,1,695,0.000000
696,0,1,2,2,172,0.401500
697,0,1,1,3,697,0.296500
698,0,1,1,1,698,0.000000
699,0,1,3,3,976,0.086500
700,0,1,1,1,700,0.006000
701,0,1,2,2,490,0.321000
702,0,1,1,1,702,0.000000
703,0,1,1,1,703,0.000000
704,0,1,1,1,704,0.000000
705,0,1,2,2,221,0.201500
706,0,1,1,1,706,0.000000
707,0,1,1,1,707,0.000000
708,0,1,1,1,708,0.000000
709,0,1,1,1,709,0.000000
710,0,1,1,1,710,0.000000
711,0,1,1,1,711,0.002000
712,0,1,1,1,712,0.000000
713,0,1,1,1,713,0.000000
714,0,1,1,2,714,0.383000
715,0,1,1,1,715,0.000000
716,0,1,2,2,892,0.686500
717,0,1,1,1,717,0.005000
718,0,1,1,1,718,0.000000
719,0,1,1,1,719,0.000000
720,0,1,1,1,720,0.000000
721,0,1,1,1,721,0.000000
722,0,1,1,1,722,0.000000
723,0,1,1,1,723,0.000000
724,0,1,2,2,515,0.199000
725,0,0,3,1,514,0.000000
726,0,1,1,1,726,0.000000
727,0,0,2,1,642,0.000000
728,0,1,1,1,728,0.000000
729,0,1,2,3,925,0.527000
730,0,1,1,1,730,0.000000
731,0,1,1,1,731,0.000000
732,0,1,1,1,732,0.000000
733,0,1,1,1,733,0.000000
734,0,0,3,1,847,0.042000
735,0,1,1,3,735,0.640000
736,0,1,1,1,736,0.000000
737,0,1,1,1,737,0.000000
738,0,1,3,5,540,0.070000
739,0,1,1,1,739,0.000000
740,0,1,2,2,696,0.238000
741,0,1,1,1,741,0.000000
742,0,1,1,1,742,0.000000
743,0,1,1,1,743,0.000000
744,0,1,1,1,744,0.000000
745,0,1,1,1,745,0.000000
746,0,0,3,1,233,0.000000
747,0,1,1,1,747,0.000000
748,0,1,1,1,748,0.000000
749,0,1,1,1,749,0.000000
750,0,1,1,2,750,0.521500
751,0,0,7,4,686,0.128000
752,0,0,2,1,932,0.005500
753,0,1,1,1,753,0.000000
754,0,1,1,1,754,0.000000
755,0,1,1,1,755,0.000000
756,0,1,1,1,756,0.000000
757,0,1,2,2,937,0.942500
758,0,0,10,3,294,0.217000
759,0,1,1,1,759,0.000000
760,0,1,1,1,760,0.000000
761,0,1,1,1,761,0.000000
762,0,1,1,1,762,0.008500
763,0,1,1,1,763,0.000000
764,0,0,11,1,435,0.000000
765,0,1,1,1,765,0.000000
766,0,1,1,1,766,0.000000
767,0,1,1,1,767,0.000000
768,0,1,1,1,768,0.000000
769,0,1,1,1,769,0.000000
770,0,1,1,1,770,0.000000
771,0,1,1,1,771,0.000000
772,0,1,1,1,772,0.000000
773,0,1,1,3,773,0.055000
774,0,1,1,1,774,0.000000
775,0,0,4,1,674,0.002000
776,0,1,1,2,776,0.114000
777,0,0,6,1,631,0.000000
778,0,1,1,1,778,0.000000
779,0,1,1,1,779,0.000000
780,0,1,1,1,780,0.000000
781,0,1,1,1,781,0.000000
782,0,1,1,2,782,0.650000
783,0,1,1,1,783,0.000000
784,0,1,3,3,756,0.713000
785,0,1,1,1,785,0.000000
786,0,1,1,1,786,0.000000
787,0,1,1,1,787,0.000000
788,0,1,1,1,788,0.000000
789,0,1,1,2,789,0.288500
790,0,1,1,1,790,0.000000
791,0,1,1,1,791,0.000000
792,0,0,2,1,508,0.029500
793,0,0,3,2,62,0.132000
794,0,0,25,2,120,0.679000
795,0,1,1,1,795,0.024500
796,0,1,1,2,796,0.576000
797,0,1,1,1,797,0.000000
798,0,1,1,1,798,0.000000
799,0,0,16,1,363,0.000000
800,0,1,1,1,800,0.000000
801,0,1,1,2,801,0.896500
802,0,1,1,1,802,0.000000
803,0,1,1,1,803,0.000500
804,0,1,1,1,804,0.000000
805,0,1,1,1,805,0.000000
806,0,1,1,1,806,0.000000
807,0,1,1,1,807,0.004000
808,0,1,1,1,808,0.000000
809,0,0,8,1,823,0.031000
810,0,1,1,1,810,0.000000
811,0,1,1,1,811,0.000000
812,0,1,1,1,812,0.000000
813,0,1,1,1,813,0.000000
814,0,1,1,2,814,0.727500
815,0,1,1,1,815,0.000000
816,0,1,1,1,816,0.000000
817,0,1,2,2,646,0.967500
818,0,1,1,1,818,0.000000
819,0,1,1,1,819,0.000000
820,0,1,1,1,820,0.000000
821,0,1,1,1,821,0.028000
822,0,1,1,1,822,0.000000
823,0,1,1,1,823,0.000000
824,0,1,1,1,824,0.000000
825,0,1,1,1,825,0.000000
826,0,1,1,1,826,0.000000
827,0,1,1,1,827,0.000500
828,0,1,1,1,828,0.000000
829,0,1,1,1,829,0.000000
830,0,1,1,1,830,0.000000
831,0,1,1,1,831,0.000000
832,0,1,1,1,832,0.000000
833,0,1,1,1,833,0.000000
834,0,1,1,1,834,0.000000
835,0,1,1,1,835,0.000000
836,0,1,1,1,836,0.000000
837,0,1,1,1,837,0.000000
838,0,1,1,1,838,0.000000
839,0,1,1,1,839,0.000000
840,0,1,1,1,840,0.000000
841,0,1,1,2,841,0.160500
842,0,1,1,1,842,0.000000
843,0,1,1,1,843,0.000000
844,0,1,1,1,844,0.004000
845,0,1,1,1,845,0.000000
846,0,1,1,1,846,0.000000
847,0,1,1,1,847,0.000000
848,0,1,1,1,848,0.000000
849,0,1,1,1,849,0.000000
850,0,1,1,1,850,0.000500
851,0,1,1,1,851,0.000000
852,0,1,1,1,852,0.000000
853,0,1,1,1,853,0.000000
854,0,0,10,1,834,0.000000
855,0,1,1,1,855,0.000000
856,0,1,1,2,856,0.152000
857,0,1,2,2,530,0.072000
858,0,1,1,1,858,0.000000
859,0,1,1,1,859,0.000000
860,0,1,1,1,860,0.000000
861,0,1,1,1,861,0.000000
862,0,1,1,1,862,0.000000
863,0,1,1,1,863,0.000500
864,0,1,1,2,864,0.890500
865,0,1,1,1,865,0.000000
866,0,1,1,1,866,0.000000
867,0,1,1,1,867,0.000000
868,0,1,1,2,868,0.246000
869,0,1,1,1,869,0.000000
870,0,1,1,1,870,0.000000
871,0,1,1,1,871,0.000000
872,0,1,1,1,872,0.000000
873,0,0,8,1,569,0.000000
874,0,1,1,1,874,0.000000
875,0,1,1,1,875,0.000000
876,0,1,1,1,876,0.000000
877,0,1,1,1,877,0.000000
878,0,0,2,1,353,0.001000
879,0,1,1,1,879,0.000000
880,0,1,1,1,880,0.000000
881,0,1,1,1,881,0.000000
882,0,1,1,1,882,0.000000
883,0,1,1,1,883,0.000000
884,0,1,1,1,884,0.000000
885,0,1,1,1,885,0.000000
886,0,1,1,1,886,0.001000
887,0,1,1,1,887,0.000000
888,0,1,2,2,29,0.099000
889,0,1,1,1,889,0.000000
890,0,1,1,1,890,0.000000
891,0,1,1,1,891,0.000000
892,0,1,1,1,892,0.015500
893,0,1,1,1,893,0.000000
894,0,1,2,3,160,0.084500
895,0,1,1,1,895,0.000000
896,0,1,1,1,896,0.001000
897,0,1,1,1,897,0.032500
898,0,1,1,1,898,0.041000
899,0,0,2,1,364,0.000000
900,0,1,1,1,900,0.000000
901,0,1,1,1,901,0.000000
902,0,1,1,2,902,0.400500
903,0,1,1,1,903,0.000000
904,0,1,1,1,904,0.003500
905,0,0,10,4,396,0.053500
906,0,0,4,1,367,0.000000
907,0,1,1,1,907,0.000000
908,0,1,1,1,908,0.000000
909,0,1,1,1,909,0.000000
910,0,1,1,1,910,0.000000
911,0,1,1,1,911,0.000000
912,0,1,1,1,912,0.000000
913,0,1,1,1,913,0.000000
914,0,1,1,1,914,0.000000
915,0,1,1,1,915,0.000000
916,0,1,1,1,916,0.000000
917,0,1,1,1,917,0.032000
918,0,1,1,1,918,0.000000
919,0,1,1,1,919,0.000000
920,0,1,1,1,920,0.000000
921,0,1,1,1,921,0.000000
922,0,1,1,1,922,0.000000
923,0,1,1,2,923,0.511000
924,0,1,1,1,924,0.000000
925,0,1,1,1,925,0.000000
926,0,1,1,1,926,0.000000
927,0,1,1,1,927,0.000000
928,0,1,1,1,928,0.000000
929,0,1,1,1,929,0.000000
930,0,1,1,1,930,0.000000
931,0,1,1,1,931,0.002000
932,0,1,1,1,932,0.000000
933,0,1,1,1,933,0.000000
934,0,1,1,1,934,0.000000
935,0,1,1,1,935,0.000000
936,0,1,1,1,936,0.000000
937,0,1,2,2,19,0.359000
938,0,1,1,1,938,0.000000
939,0,1,1,1,939,0.000000
940,0,1,1,1,940,0.000000
941,0,0,9,1,543,0.046000
942,0,0,5,2,391,0.114500
943,0,1,2,4,778,0.202000
944,0,1,1,1,944,0.000000
945,0,1,1,1,945,0.001000
946,0,1,1,1,946,0.000000
947,0,1,1,1,947,0.000000
948,0,1,1,1,948,0.000000
949,0,1,1,1,949,0.000000
950,0,1,2,6,566,0.050500
951,0,0,4,1,923,0.002000
952,0,1,1,1,952,0.003000
953,0,1,1,1,953,0.010000
954,0,1,1,1,954,0.000000
955,0,1,1,2,955,0.096500
956,0,1,1,2,956,0.298500
957,0,1,1,1,957,0.000000
958,0,1,1,1,958,0.000000
959,0,1,1,1,959,0.000000
960,0,0,2,1,365,0.000000
961,0,1,1,2,961,0.175000
962,0,1,1,1,962,0.000000
963,0,1,1,1,963,0.000500
964,0,1,1,1,964,0.011000
965,0,1,1,1,965,0.000000
966,0,1,1,1,966,0.000000
967,0,1,1,3,967,0.080500
968,0,0,3,2,81,0.184000
969,0,1,1,1,969,0.000000
970,0,1,4,5,773,0.103000
971,0,1,8,8,236,0.161500
972,0,1,1,1,972,0.000000
973,0,1,1,1,973,0.000000
974,0,1,1,2,974,0.076500
975,0,1,1,1,975,0.000000
976,0,0,3,1,640,0.003500
977,0,1,1,1,977,0.000000
978,0,1,1,1,978,0.046000
979,0,1,1,1,979,0.000000
980,0,0,2,1,159,0.000000
981,0,0,5,1,290,0.006000
982,0,1,1,1,982,0.013000
983,0,1,1,1,983,0.000000
984,0,0,2,1,786,0.000000
985,0,1,1,1,985,0.000000
986,0,1,1,2,986,0.334500
987,0,1,1,1,987,0.000000
988,0,1,1,1,988,0.000000
989,0,1,1,1,989,0.000000
990,0,1,1,1,990,0.000000
991,0,1,1,1,991,0.000000
992,0,1,1,1,992,0.000000
993,0,1,1,1,993,0.028500
994,0,1,1,1,994,0.000000
995,0,1,1,1,995,0.000000
996,0,1,1,1,996,0.033000
997,0,1,1,1,997,0.000000
998,0,1,1,1,998,0.000000
999,0,1,1,1,999,0.000000
1000,0,1,1,1,1000,0.000000
1,1,1,1,1,1,0.000000
2,1,1,1,1,2,0.000000
3,1,1,1,1,3,0.000000
4,1,1,1,1,4,0.000000
5,1,1,1,1,5,0.000000
6,1,1,1,1,6,0.000000
7,1,1,1,1,7,0.000000
8,1,1,1,1,8,0.000000
9,1,1,1,1,9,0.000000
10,1,1,1,1,10,0.000000
11,1,1,1,1,11,0.000000
12,1,1,1,1,12,0.000000
13,1,1,1,1,13,0.000000
14,1,1,1,1,14,0.011500
15,1,1,1,1,15,0.000000
16,1,0,2,1,125,0.000000
17,1,1,1,1,17,0.000000
18,1,1,1,2,18,0.757000
19,1,1,1,1,19,0.000000
20,1,0,6,1,812,0.000000
21,1,1,1,1,21,0.000000
22,1,1,1,1,22,0.000000
23,1,1,1,1,23,0.000000
24,1,1,1,1,24,0.000000
25,1,1,1,1,25,0.000000
26,1,1,1,1,26,0.000000
27,1,1,1,1,27,0.000000
28,1,1,1,1,28,0.000000
29,1,1,1,1,29,0.000000
30,1,1,1,1,30,0.000000
31,1,1,1,1,31,0.000000
32,1,1,1,1,32,0.000000
33,1,0,2,1,976,0.045000
34,1,1,1,1,34,0.000000
35,1,1,1,1,35,0.000000
36,1,1,1,1,36,0.011500
37,1,1,1,1,37,0.000000
38,1,1,1,3,38,0.394000
39,1,1,1,1,39,0.000000
40,1,1,1,1,40,0.000000
41,1,1,1,1,41,0.000000
42,1,1,1,1,42,0.000000
43,1,1,1,1,43,0.000000
44,1,1,1,1,44,0.000000
45,1,1,1,1,45,0.000000
46,1,1,1,1,46,0.000000
47,1,1,1,1,47,0.000000
48,1,1,1,1,48,0.000000
49,1,1,1,1,49,0.000000
50,1,1,1,1,50,0.000000
51,1,1,1,1,51,0.000000
52,1,1,1,1,52,0.000000
53,1,1,1,1,53,0.000000
54,1,1,1,2,54,0.423500
55,1,1,1,2,55,0.183000
56,1,1,1,1,56,0.000000
57,1,1,1,1,57,0.000000
58,1,1,1,1,58,0.000000
59,1,1,1,1,59,0.000000
60,1,1,1,1,60,0.000000
61,1,1,1,1,61,0.000000
62,1,1,1,2,62,0.076000
63,1,1,1,2,63,0.789500
64,1,0,3,1,449,0.008000
65,1,1,1,1,65,0.000000
66,1,1,1,2,66,0.085000
67,1,1,2,2,956,0.699000
68,1,1,1,1,68,0.000000
69,1,1,2,2,37,0.778000
70,1,1,1,1,70,0.000000
71,1,1,1,1,71,0.000000
72,1,1,1,1,72,0.000000
73,1,1,1,1,73,0.000000
74,1,1,1,1,74,0.000000
75,1,1,1,1,75,0.000000
76,1,1,1,1,76,0.000000
77,1,1,1,1,77,0.000000
78,1,1,1,1,78,0.000000
79,1,1,1,1,79,0.000000
80,1,1,1,1,80,0.000000
81,1,0,3,1,968,0.000000
82,1,1,2,2,254,0.200000
83,1,1,1,1,83,0.000000
84,1,1,1,1,84,0.000000
85,1,1,1,1,85,0.000000
86,1,1,1,1,86,0.000000
87,1,1,1,1,87,0.001500
88,1,1,1,1,88,0.000000
89,1,1,1,1,89,0.000000
90,1,1,2,2,261,0.422500
91,1,1,1,1,91,0.000000
92,1,1,1,1,92,0.000000
93,1,1,2,2,836,0.494500
94,1,0,3,1,423,0.000500
95,1,0,8,1,890,0.000000
96,1,1,1,3,96,0.061000
97,1,1,1,1,97,0.000000
98,1,1,1,1,98,0.000000
99,1,1,1,1,99,0.000000
100,1,1,1,3,100,0.243000
101,1,1,1,1,101,0.000000
102,1,1,1,1,102,0.000000
103,1,1,1,1,103,0.000000
104,1,0,13,1,981,0.000000
105,1,0,2,1,101,0.006500
106,1,1,1,1,106,0.000000
107,1,1,1,1,107,0.000000
108,1,1,1,1,108,0.015000
109,1,1,1,1,109,0.000000
110,1,1,1,1,110,0.000000
111,1,1,1,1,111,0.000000
112,1,1,1,1,112,0.000000
113,1,1,1,1,113,0.000000
114,1,1,1,1,114,0.000000
115,1,1,1,1,115,0.000000
116,1,1,1,2,116,0.886500
117,1,0,3,1,348,0.000000
118,1,1,1,1,118,0.043500
119,1,1,1,1,119,0.000000
120,1,1,3,3,794,0.296500
121,1,0,6,1,660,0.000500
122,1,0,10,1,283,0.000000
123,1,1,1,1,123,0.000000
124,1,1,1,1,124,0.000000
125,1,1,1,1,125,0.000000
126,1,1,1,1,126,0.000000
127,1,1,2,2,195,0.686500
128,1,1,1,1,128,0.000000
129,1,1,1,1,129,0.000500
130,1,1,1,1,130,0.000000
131,1,1,1,1,131,0.000000
132,1,1,1,1,132,0.000500
133,1,1,1,1,133,0.006000
134,1,1,1,1,134,0.000000
135,1,1,1,1,135,0.000000
136,1,1,1,1,136,0.000000
137,1,1,1,1,137,0.000000
138,1,1,1,1,138,0.000000
139,1,1,1,1,139,0.000000
140,1,1,1,1,140,0.000000
141,1,1,1,2,141,0.196000
142,1,1,1,2,142,0.209000
143,1,1,1,1,143,0.000000
144,1,0,2,1,896,0.000000
145,1,1,1,1,145,0.000000
146,1,1,1,1,146,0.000000
147,1,1,1,2,147,0.085000
148,1,1,1,1,148,0.000000
149,1,1,1,1,149,0.042500
150,1,1,1,2,150,0.313500
151,1,1,1,1,151,0.000000
152,1,1,1,1,152,0.000000
153,1,1,1,1,153,0.000000
154,1,1,1,1,154,0.009500
155,1,1,1,1,155,0.000000
156,1,1,1,1,156,0.000000
157,1,1,1,1,157,0.000000
158,1,0,12,4,636,0.138500
159,1,1,1,1,159,0.000000
160,1,1,2,2,894,0.302000
161,1,1,1,1,161,0.000000
162,1,1,2,2,729,0.935000
163,1,1,1,2,163,0.761000
164,1,0,3,1,894,0.016500
165,1,1,1,1,165,0.000000
166,1,1,1,1,166,0.000000
167,1,1,1,1,167,0.000000
168,1,1,1,1,168,0.031000
169,1,0,5,2,236,0.296500
170,1,0,2,1,180,0.031500
171,1,1,1,1,171,0.000000
172,1,1,1,1,172,0.000000
173,1,1,1,1,173,0.000000
174,1,1,1,1,174,0.000000
175,1,1,1,1,175,0.000000
176,1,1,1,1,176,0.000000
177,1,1,1,2,177,0.090000
178,1,1,1,1,178,0.000000
179,1,0,7,1,252,0.000000
180,1,1,1,1,180,0.000000
181,1,1,1,1,181,0.000000
182,1,1,1,1,182,0.008000
183,1,1,1,1,183,0.000000
184,1,1,1,1,184,0.000000
185,1,1,1,1,185,0.000000
186,1,1,1,1,186,0.000000
187,1,0,4,1,50,0.000000
188,1,1,1,1,188,0.000000
189,1,1,1,1,189,0.000000
190,1,1,1,2,190,0.424500
191,1,1,1,1,191,0.000000
192,1,1,1,1,192,0.000000
193,1,1,1,1,193,0.000000
194,1,1,1,2,194,0.848000
195,1,1,1,1,195,0.000000
196,1,1,1,1,196,0.000000
197,1,1,1,1,197,0.000000
198,1,1,1,1,198,0.000000
199,1,1,1,1,199,0.000000
200,1,1,1,1,200,0.000000
201,1,1,1,1,201,0.000000
202,1,1,1,1,202,0.000000
203,1,1,1,1,203,0.000000
204,1,1,1,1,204,0.000000
205,1,1,1,1,205,0.000000
206,1,1,1,1,206,0.000000
207,1,0,5,1,125,0.000000
208,1,1,1,1,208,0.000000
209,1,1,1,1,209,0.000000
210,1,1,1,1,210,0.000000
211,1,1,1,1,211,0.000000
212,1,1,1,1,212,0.000000
213,1,1,1,2,213,0.090000
214,1,1,1,1,214,0.000000
215,1,1,1,1,215,0.000000
216,1,1,1,1,216,0.000000
217,1,1,1,1,217,0.000000
218,1,0,2,1,7,0.000000
219,1,1,1,1,219,0.000000
220,1,1,1,3,220,0.613500
221,1,1,1,1,221,0.000000
222,1,1,1,1,222,0.000000
223,1,1,1,1,223,0.000000
224,1,1,1,1,224,0.000000
225,1,1,1,1,225,0.000000
226,1,1,1,1,226,0.000000
227,1,1,1,1,227,0.036000
228,1,1,1,1,228,0.000000
229,1,1,1,1,229,0.000000
230,1,0,17,1,214,0.000000
231,1,1,1,1,231,0.000000
232,1,1,1,2,232,0.220500
233,1,1,2,2,746,0.242500
234,1,0,11,1,384,0.039500
235,1,1,1,3,235,0.429500
236,1,1,1,1,236,0.000000
237,1,0,2,1,944,0.006000
238,1,1,1,1,238,0.000000
239,1,1,1,1,239,0.000000
240,1,1,1,1,240,0.000000
241,1,0,5,4,773,0.094500
242,1,1,1,1,242,0.000000
243,1,1,1,1,243,0.000000
244,1,1,1,2,244,0.578000
245,1,1,1,1,245,0.000000
246,1,1,1,1,246,0.005000
247,1,1,1,3,247,0.664500
248,1,0,6,1,141,0.003000
249,1,1,1,1,249,0.000000
250,1,1,1,1,250,0.000000
251,1,1,1,1,251,0.000000
252,1,1,1,1,252,0.000000
253,1,1,1,1,253,0.000000
254,1,1,1,1,254,0.000000
255,1,0,5,2,879,0.154500
256,1,1,1,1,256,0.000000
257,1,0,2,1,49,0.000500
258,1,0,2,1,912,0.000000
259,1,1,1,1,259,0.000000
260,1,1,1,1,260,0.000000
261,1,1,2,2,90,0.500500
262,1,1,1,1,262,0.000000
263,1,0,2,1,65,0.000000
264,1,1,1,1,264,0.000000
265,1,1,1,1,265,0.000000
266,1,0,3,1,960,0.000000
267,1,1,2,2,880,0.535000
268,1,1,1,1,268,0.000000
269,1,1,1,2,269,0.050500
270,1,1,1,1,270,0.000000
271,1,1,1,1,271,0.000000
272,1,1,1,1,272,0.000000
273,1,1,1,1,273,0.000000
274,1,1,1,1,274,0.000000
275,1,1,2,2,427,0.118000
276,1,1,1,1,276,0.000000
277,1,1,1,1,277,0.000000
278,1,1,1,1,278,0.001500
279,1,1,1,1,279,0.000000
280,1,1,1,1,280,0.000000
281,1,0,37,3,501,0.108500
282,1,1,1,1,282,0.000000
283,1,1,1,1,283,0.011000
284,1,1,1,1,284,0.000000
285,1,1,1,1,285,0.000000
286,1,1,1,2,286,0.066500
287,1,1,1,1,287,0.000000
288,1,1,2,2,408,0.387500
289,1,1,1,1,289,0.000000
290,1,1,1,1,290,0.000000
291,1,1,2,2,701,0.337000
292,1,1,1,1,292,0.000000
293,1,1,1,1,293,0.000000
294,1,1,1,1,294,0.031000
295,1,1,1,1,295,0.000000
296,1,1,1,1,296,0.000000
297,1,1,1,1,297,0.000000
298,1,0,2,1,948,0.043500
299,1,1,1,1,299,0.000000
300,1,1,1,1,300,0.000000
301,1,1,1,1,301,0.000000
302,1,1,1,1,302,0.026500
303,1,0,20,1,275,0.000000
304,1,1,1,1,304,0.000000
305,1,1,1,1,305,0.000000
306,1,1,1,1,306,0.000000
307,1,1,1,1,307,0.000000
308,1,1,1,1,308,0.032500
309,1,1,1,1,309,0.000000
310,1,1,1,1,310,0.000000
311,1,1,1,1,311,0.000000
312,1,1,1,1,312,0.000000
313,1,1,1,1,313,0.000000
314,1,1,1,1,314,0.000000
315,1,1,1,1,315,0.000000
316,1,1,1,1,316,0.000000
317,1,1,2,2,424,0.062500
318,1,1,2,2,986,0.897000
319,1,1,1,1,319,0.000000
320,1,1,1,1,320,0.000000
321,1,1,1,2,321,0.740000
322,1,1,1,1,322,0.000000
323,1,1,1,1,323,0.000000
324,1,1,1,1,324,0.000000
325,1,1,1,1,325,0.000000
326,1,0,2,1,786,0.000000
327,1,1,1,1,327,0.000000
328,1,0,2,1,605,0.000000
329,1,1,1,1,329,0.000000
330,1,1,1,1,330,0.000000
331,1,1,1,1,331,0.000000
332,1,1,3,3,681,0.259000
333,1,1,1,1,333,0.000000
334,1,1,1,2,334,0.077500
335,1,1,1,2,335,0.250500
336,1,1,1,1,336,0.000000
337,1,1,1,1,337,0.031500
338,1,1,1,1,338,0.004500
339,1,1,1,1,339,0.000000
340,1,1,1,1,340,0.000000
341,1,1,1,1,341,0.000000
342,1,1,1,1,342,0.008500
343,1,0,2,1,650,0.000000
344,1,1,1,1,344,0.000000
345,1,1,1,1,345,0.000000
346,1,1,1,1,346,0.000000
347,1,0,2,1,773,0.000000
348,1,1,1,1,348,0.000000
349,1,1,1,1,349,0.002000
350,1,1,1,2,350,0.723000
351,1,1,1,1,351,0.000000
352,1,1,1,1,352,0.001000
353,1,1,1,2,353,0.098000
354,1,1,1,3,354,0.059000
355,1,1,1,1,355,0.000000
356,1,1,1,1,356,0.005000
357,1,1,1,1,357,0.000500
358,1,1,2,2,611,0.686000
359,1,1,1,1,359,0.000000
360,1,1,1,1,360,0.000000
361,1,1,2,2,423,0.115000
362,1,1,1,1,362,0.000000
363,1,1,1,1,363,0.000000
364,1,1,1,1,364,0.000000
365,1,0,6,1,949,0.000000
366,1,0,2,1,785,0.002000
367,1,1,1,1,367,0.000000
368,1,1,1,1,368,0.000500
369,1,1,1,1,369,0.000000
370,1,1,1,1,370,0.000000
371,1,1,1,1,371,0.000000
372,1,1,1,1,372,0.000000
373,1,1,1,1,373,0.000000
374,1,1,1,1,374,0.000000
375,1,1,1,1,375,0.000000
376,1,1,1,1,376,0.000000
377,1,1,1,1,377,0.000000
378,1,1,1,1,378,0.000000
379,1,1,1,1,379,0.000000
380,1,1,2,3,573,0.419000
381,1,1,1,1,381,0.000000
382,1,1,2,2,653,0.792000
383,1,1,1,1,383,0.000000
384,1,1,1,1,384,0.000000
385,1,1,1,1,385,0.000000
386,1,1,1,1,386,0.000000
387,1,1,1,1,387,0.009500
388,1,1,1,1,388,0.000000
389,1,1,1,1,389,0.000000
390,1,1,2,2,525,0.550500
391,1,1,1,1,391,0.000000
392,1,1,1,1,392,0.000000
393,1,1,1,1,393,0.000000
394,1,1,1,1,394,0.000500
395,1,1,1,1,395,0.000000
396,1,1,1,1,396,0.032500
397,1,1,2,2,911,0.347500
398,1,0,6,3,815,0.069000
399,1,0,3,2,494,0.440000
400,1,1,1,1,400,0.000000
401,1,1,1,1,401,0.000000
402,1,1,1,1,402,0.000000
403,1,0,2,1,239,0.017500
404,1,1,1,1,404,0.000000
405,1,1,4,5,701,0.051000
406,1,0,2,1,833,0.000500
407,1,1,1,1,407,0.000000
408,1,1,2,2,600,0.417000
409,1,0,2,1,45,0.003500
410,1,1,1,1,410,0.000000
411,1,1,1,1,411,0.000000
412,1,1,1,1,412,0.000000
413,1,1,1,2,413,0.739000
414,1,1,1,1,414,0.000000
415,1,1,1,1,415,0.000000
416,1,1,1,1,416,0.000000
417,1,1,1,1,417,0.000000
418,1,1,1,2,418,0.776000
419,1,1,1,1,419,0.000000
420,1,1,1,1,420,0.000000
421,1,0,3,2,641,0.310500
422,1,0,4,1,100,0.003500
423,1,1,1,1,423,0.000000
424,1,1,1,1,424,0.000000
425,1,1,1,1,425,0.000000
426,1,1,1,1,426,0.000500
427,1,1,1,1,427,0.019000
428,1,1,1,1,428,0.000000
429,1,1,1,1,429,0.000000
430,1,1,1,1,430,0.000000
431,1,1,1,2,431,0.794500
432,1,1,1,1,432,0.000000
433,1,1,1,1,433,0.007500
434,1,1,1,1,434,0.000000
435,1,1,1,1,435,0.000000
436,1,1,1,1,436,0.000000
437,1,1,1,3,437,0.054500
438,1,1,1,1,438,0.003500
439,1,1,1,1,439,0.000000
440,1,0,2,1,969,0.001000
441,1,1,1,1,441,0.000000
442,1,1,1,1,442,0.000000
443,1,1,1,1,443,0.000000
444,1,1,1,1,444,0.000000
445,1,1,1,1,445,0.000000
446,1,0,3,1,942,0.035000
447,1,1,1,1,447,0.000000
448,1,1,1,1,448,0.000000
449,1,1,1,1,449,0.000000
450,1,0,10,2,87,0.136500
451,1,1,1,1,451,0.000000
452,1,1,1,1,452,0.000000
453,1,1,1,1,453,0.000000
454,1,1,1,1,454,0.000000
455,1,1,1,1,455,0.000000
456,1,1,1,1,456,0.000000
457,1,1,1,1,457,0.000000
458,1,1,1,1,458,0.000000
459,1,1,1,1,459,0.000000
460,1,1,1,2,460,0.053000
461,1,1,1,1,461,0.000000
462,1,1,1,1,462,0.000000
463,1,1,1,1,463,0.000000
464,1,1,1,1,464,0.000000
465,1,1,1,1,465,0.000000
466,1,1,1,5,466,0.289000
467,1,1,1,1,467,0.000000
468,1,1,1,1,468,0.000000
469,1,1,1,1,469,0.000000
470,1,1,1,1,470,0.000000
471,1,1,1,1,471,0.000000
472,1,0,4,1,857,0.000000
473,1,1,1,1,473,0.000000
474,1,1,1,1,474,0.000000
475,1,1,1,1,475,0.000000
476,1,1,1,1,476,0.000000
477,1,1,1,1,477,0.000000
478,1,1,2,2,875,0.095000
479,1,0,4,1,853,0.000000
480,1,0,2,1,779,0.000000
481,1,1,1,1,481,0.000000
482,1,1,1,1,482,0.000000
483,1,1,1,1,483,0.000000
484,1,1,1,1,484,0.000000
485,1,1,1,1,485,0.030500
486,1,1,1,1,486,0.000000
487,1,1,1,1,487,0.000000
488,1,1,1,1,488,0.000000
489,1,1,1,1,489,0.000000
490,1,1,1,1,490,0.000000
491,1,1,1,1,491,0.000000
492,1,1,1,1,492,0.000000
493,1,1,1,1,493,0.000000
494,1,1,1,2,494,0.977000
495,1,1,1,1,495,0.000000
496,1,1,1,1,496,0.000000
497,1,1,1,1,497,0.000000
498,1,1,1,1,498,0.000000
499,1,0,4,2,74,0.051500
500,1,1,1,1,500,0.000000
501,1,0,2,1,635,0.020000
502,1,1,1,1,502,0.000000
503,1,0,4,2,152,0.057000
504,1,1,1,1,504,0.000000
505,1,1,1,1,505,0.000000
506,1,1,1,1,506,0.000000
507,1,1,2,3,543,0.465000
508,1,1,1,1,508,0.000000
509,1,0,9,3,821,0.128000
510,1,1,1,1,510,0.000000
511,1,1,1,1,511,0.000000
512,1,1,1,1,512,0.000000
513,1,1,1,1,513,0.000500
514,1,1,1,1,514,0.000000
515,1,1,1,1,515,0.000500
516,1,1,1,1,516,0.000000
517,1,1,1,1,517,0.000000
518,1,0,2,1,707,0.000000
519,1,1,1,1,519,0.000000
520,1,1,1,1,520,0.000000
521,1,1,1,1,521,0.000000
522,1,1,1,1,522,0.007500
523,1,1,1,1,523,0.000000
524,1,1,1,1,524,0.000000
525,1,1,1,1,525,0.000500
526,1,1,1,1,526,0.000500
527,1,0,2,1,161,0.000000
528,1,1,1,1,528,0.000000
529,1,1,1,1,529,0.000000
530,1,1,1,1,530,0.000000
531,1,1,1,1,531,0.000000
532,1,1,1,1,532,0.000000
533,1,1,1,1,533,0.000000
534,1,1,1,1,534,0.000000
535,1,1,1,1,535,0.000000
536,1,1,1,1,536,0.000000
537,1,1,1,1,537,0.000000
538,1,1,1,1,538,0.000000
539,1,1,1,1,539,0.000000
540,1,1,1,1,540,0.023500
541,1,1,1,1,541,0.000000
542,1,1,1,1,542,0.031500
543,1,1,1,2,543,0.050000
544,1,1,1,1,544,0.003500
545,1,1,4,4,872,0.167000
546,1,0,3,1,447,0.000500
547,1,1,1,1,547,0.000000
548,1,1,1,1,548,0.000000
549,1,1,2,2,214,0.653500
550,1,0,2,1,607,0.001000
551,1,1,1,1,551,0.000000
552,1,1,1,3,552,0.101500
553,1,1,1,1,553,0.000000
554,1,1,1,1,554,0.000000
555,1,1,1,1,555,0.000000
556,1,1,1,1,556,0.000000
557,1,1,1,3,557,0.197500
558,1,1,1,1,558,0.000000
559,1,1,1,1,559,0.000000
560,1,1,1,4,560,0.080500
561,1,0,4,2,497,0.605500
562,1,1,1,1,562,0.000000
563,1,1,1,1,563,0.000000
564,1,1,1,1,564,0.000000
565,1,1,1,1,565,0.000000
566,1,1,1,1,566,0.000000
567,1,1,1,1,567,0.000000
568,1,1,1,1,568,0.000000
569,1,1,1,1,569,0.000000
570,1,1,1,1,570,0.000000
571,1,1,1,1,571,0.000500
572,1,1,1,1,572,0.000000
573,1,1,1,1,573,0.002500
574,1,1,1,1,574,0.000000
575,1,1,1,1,575,0.000000
576,1,1,1,1,576,0.000000
577,1,1,3,3,240,0.328500
578,1,1,1,1,578,0.000000
579,1,1,1,1,579,0.000000
580,1,1,1,3,580,0.280000
581,1,0,5,1,218,0.000000
582,1,1,1,1,582,0.000000
583,1,1,3,3,163,0.194500
584,1,1,1,1,584,0.000000
585,1,1,2,2,331,0.538000
586,1,1,1,2,586,0.775500
587,1,1,2,2,340,0.737500
588,1,1,1,1,588,0.000000
589,1,1,3,3,716,0.145500
590,1,1,1,1,590,0.000000
591,1,0,2,1,38,0.000000
592,1,1,1,1,592,0.000000
593,1,1,2,2,773,0.211500
594,1,1,1,1,594,0.000000
595,1,1,1,1,595,0.000000
596,1,1,1,1,596,0.039000
597,1,1,1,1,597,0.000000
598,1,1,1,1,598,0.000000
599,1,1,3,3,727,0.093500
600,1,1,1,1,600,0.000000
601,1,1,1,1,601,0.000000
602,1,1,1,1,602,0.000000
603,1,1,1,1,603,0.000000
604,1,1,1,3,604,0.063000
605,1,1,2,2,244,0.187000
606,1,1,1,1,606,0.000000
607,1,1,1,1,607,0.000000
608,1,1,1,1,608,0.000000
609,1,0,7,1,490,0.000000
610,1,1,2,2,857,0.325500
611,1,1,1,2,611,0.493000
612,1,1,1,1,612,0.000000
613,1,1,1,1,613,0.000000
614,1,1,1,1,614,0.016500
615,1,1,1,1,615,0.000000
616,1,1,1,1,616,0.000000
617,1,1,1,1,617,0.016500
618,1,1,1,1,618,0.025000
619,1,1,1,1,619,0.000000
620,1,1,1,1,620,0.000000
621,1,1,1,1,621,0.000000
622,1,1,1,1,622,0.023500
623,1,1,1,1,623,0.000000
624,1,1,1,1,624,0.000000
625,1,1,1,1,625,0.000000
626,1,1,1,1,626,0.000000
627,1,1,1,1,627,0.000000
628,1,0,6,2,172,0.156000
629,1,1,1,1,629,0.000000
630,1,1,1,1,630,0.000000
631,1,1,1,1,631,0.000000
632,1,1,1,1,632,0.000000
633,1,1,2,2,131,0.206500
634,1,1,1,1,634,0.000000
635,1,0,2,1,501,0.010500
636,1,1,1,1,636,0.000000
637,1,0,2,1,95,0.000000
638,1,1,1,1,638,0.000000
639,1,1,1,1,639,0.000000
640,1,1,1,1,640,0.000000
641,1,1,1,1,641,0.000000
642,1,1,1,1,642,0.000000
643,1,1,1,1,643,0.000000
644,1,1,1,1,644,0.000000
645,1,1,1,1,645,0.019500
646,1,1,1,1,646,0.000000
647,1,0,16,3,770,0.159500
648,1,1,7,2,48,0.059500
649,1,1,1,2,649,0.760000
650,1,1,1,1,650,0.000000
651,1,1,1,1,651,0.000000
652,1,1,1,1,652,0.000000
653,1,1,1,1,653,0.000000
654,1,0,5,1,773,0.000000
655,1,1,1,1,655,0.000000
656,1,1,1,1,656,0.000000
657,1,1,1,1,657,0.000000
658,1,1,1,1,658,0.000000
659,1,1,1,1,659,0.000000
660,1,1,2,2,102,0.050500
661,1,1,1,1,661,0.000000
662,1,1,1,1,662,0.000000
663,1,1,2,2,726,0.652000
664,1,1,1,2,664,0.247500
665,1,1,1,1,665,0.000000
666,1,1,1,1,666,0.000000
667,1,0,5,1,292,0.000000
668,1,1,1,1,668,0.000000
669,1,1,1,1,669,0.000000
670,1,1,1,1,670,0.000000
671,1,1,1,1,671,0.000000
672,1,1,1,1,672,0.010500
673,1,1,1,1,673,0.000000
674,1,1,1,1,674,0.000000
675,1,1,1,1,675,0.000000
676,1,1,1,1,676,0.000000
677,1,1,1,1,677,0.000000
678,1,1,1,1,678,0.000000
679,1,1,1,1,679,0.000000
680,1,1,1,1,680,0.000000
681,1,1,1,1,681,0.000000
682,1,1,1,1,682,0.000000
683,1,0,3,1,423,0.000000
684,1,1,1,1,684,0.000000
685,1,1,1,2,685,0.306500
686,1,1,1,1,686,0.000000
687,1,1,1,1,687,0.000000
688,1,1,1,1,688,0.000000
689,1,1,1,1,689,0.000500
690,1,0,67,1,130,0.000000
691,1,1,1,1,691,0.000000
692,1,0,2,1,688,0.000000
693,1,1,1,1,693,0.000000
694,1,1,1,1,694,0.000000
695,1,1,1,1,695,0.000000
696,1,1,1,2,696,0.248500
697,1,1,1,1,697,0.000000
698,1,1,1,1,698,0.000000
699,1,0,2,1,976,0.003500
700,1,1,1,1,700,0.000000
701,1,1,1,1,701,0.000000
702,1,1,1,1,702,0.003000
703,1,1,1,1,703,0.000000
704,1,1,1,1,704,0.000000
705,1,1,1,1,705,0.000000
706,1,1,1,1,706,0.000000
707,1,1,1,1,707,0.005000
708,1,1,1,1,708,0.006000
709,1,1,1,1,709,0.000000
710,1,1,1,2,710,0.061500
711,1,0,7,4,772,0.072000
712,1,1,1,1,712,0.000000
713,1,1,1,1,713,0.000000
714,1,1,1,1,714,0.000000
715,1,1,1,1,715,0.000000
716,1,0,13,4,163,0.072000
717,1,1,1,1,717,0.000000
718,1,1,1,1,718,0.000000
719,1,1,1,1,719,0.000000
720,1,1,1,1,720,0.000000
721,1,1,1,1,721,0.000000
722,1,1,1,1,722,0.000000
723,1,1,1,1,723,0.000000
724,1,1,1,1,724,0.000000
725,1,1,1,1,725,0.000000
726,1,1,1,2,726,0.928500
727,1,1,1,1,727,0.004500
728,1,1,1,1,728,0.000000
729,1,1,1,1,729,0.000000
730,1,1,1,1,730,0.000000
731,1,1,1,1,731,0.000000
732,1,1,1,2,732,0.515500
733,1,1,1,1,733,0.000000
734,1,1,1,1,734,0.000000
735,1,1,2,2,848,0.137000
736,1,1,1,1,736,0.000000
737,1,1,1,1,737,0.000000
738,1,1,1,2,738,0.447500
739,1,1,1,1,739,0.000000
740,1,1,2,2,696,0.321000
741,1,1,1,1,741,0.000000
742,1,1,1,1,742,0.000000
743,1,1,1,1,743,0.000000
744,1,1,1,1,744,0.000000
745,1,1,1,1,745,0.000000
746,1,1,1,1,746,0.000000
747,1,1,1,1,747,0.000000
748,1,1,1,1,748,0.000000
749,1,1,1,1,749,0.000000
750,1,1,1,2,750,0.133000
751,1,1,1,3,751,0.309000
752,1,1,1,1,752,0.000000
753,1,1,1,1,753,0.000000
754,1,1,1,1,754,0.000000
755,1,0,2,1,283,0.013000
756,1,1,3,4,277,0.263000
757,1,1,1,1,757,0.000000
758,1,1,1,3,758,0.071500
759,1,1,1,1,759,0.000000
760,1,1,1,1,760,0.000000
761,1,1,1,1,761,0.000000
762,1,1,1,1,762,0.002500
763,1,1,1,1,763,0.000000
764,1,1,1,1,764,0.003500
765,1,1,1,1,765,0.000000
766,1,0,2,1,109,0.000000
767,1,1,1,1,767,0.000000
768,1,1,1,1,768,0.000000
769,1,1,1,1,769,0.000000
770,1,1,1,1,770,0.000000
771,1,1,1,1,771,0.000000
772,1,1,1,1,772,0.000000
773,1,0,2,1,347,0.029500
774,1,1,1,1,774,0.000000
775,1,1,1,1,775,0.000000
776,1,1,1,1,776,0.000000
777,1,0,5,3,172,0.051500
778,1,0,10,1,428,0.000500
779,1,1,1,1,779,0.000000
780,1,1,1,1,780,0.000000
781,1,1,1,1,781,0.000000
782,1,1,1,1,782,0.000000
783,1,1,1,1,783,0.000000
784,1,1,1,2,784,0.158000
785,1,1,1,1,785,0.000000
786,1,1,1,3,786,0.519500
787,1,1,1,1,787,0.000000
788,1,1,1,1,788,0.000000
789,1,1,1,1,789,0.000000
790,1,1,1,1,790,0.000000
791,1,1,1,1,791,0.000000
792,1,1,1,1,792,0.000000
793,1,1,1,1,793,0.000000
794,1,1,1,1,794,0.000000
795,1,1,1,1,795,0.000000
796,1,1,1,1,796,0.000000
797,1,1,1,1,797,0.000000
798,1,0,11,3,497,0.721500
799,1,1,1,1,799,0.000000
800,1,1,1,1,800,0.000000
801,1,0,6,3,742,0.054000
802,1,1,1,1,802,0.000000
803,1,1,1,1,803,0.001500
804,1,1,1,1,804,0.000000
805,1,1,1,1,805,0.000000
806,1,1,1,1,806,0.000000
807,1,1,1,2,807,0.050000
808,1,1,1,1,808,0.000000
809,1,1,1,1,809,0.000000
810,1,1,1,1,810,0.000000
811,1,1,1,1,811,0.000000
812,1,1,1,1,812,0.000000
813,1,1,1,2,813,0.985500
814,1,1,2,2,239,0.935000
815,1,0,3,1,892,0.002500
816,1,1,1,1,816,0.000000
817,1,1,1,2,817,0.061000
818,1,1,1,1,818,0.000000
819,1,1,1,1,819,0.015000
820,1,1,1,1,820,0.000000
821,1,0,4,2,529,0.073000
822,1,1,1,1,822,0.000000
823,1,1,1,1,823,0.000000
824,1,1,1,1,824,0.000000
825,1,1,1,1,825,0.000000
826,1,1,1,1,826,0.000000
827,1,1,6,6,457,0.065500
828,1,1,1,1,828,0.000000
829,1,1,1,1,829,0.000000
830,1,1,1,1,830,0.000000
831,1,1,1,1,831,0.000000
832,1,1,1,1,832,0.000000
833,1,1,1,2,833,0.711000
834,1,1,1,1,834,0.000000
835,1,0,10,1,104,0.008000
836,1,1,1,1,836,0.000000
837,1,1,1,1,837,0.000000
838,1,1,1,1,838,0.000000
839,1,1,1,1,839,0.000000
840,1,1,1,1,840,0.000000
841,1,1,1,2,841,0.183500
842,1,1,1,2,842,0.080500
843,1,1,1,1,843,0.000000
844,1,1,1,1,844,0.000000
845,1,0,2,1,344,0.000500
846,1,1,1,1,846,0.000000
847,1,1,1,1,847,0.000000
848,1,1,1,1,848,0.000000
849,1,1,1,1,849,0.009000
850,1,1,1,1,850,0.000000
851,1,1,1,1,851,0.000000
852,1,1,1,1,852,0.001500
853,1,1,1,1,853,0.000000
854,1,1,1,1,854,0.004000
855,1,1,1,1,855,0.000000
856,1,1,1,1,856,0.000000
857,1,1,2,2,776,0.096500
858,1,1,1,1,858,0.000000
859,1,1,1,1,859,0.047500
860,1,1,1,1,860,0.000000
861,1,1,1,1,861,0.000000
862,1,1,1,1,862,0.000500
863,1,0,3,1,125,0.000000
864,1,1,1,1,864,0.000000
865,1,1,1,1,865,0.001000
866,1,1,1,1,866,0.000000
867,1,1,1,1,867,0.000000
868,1,1,1,1,868,0.000000
869,1,1,1,1,869,0.000500
870,1,0,9,1,868,0.000000
871,1,0,6,1,544,0.000000
872,1,1,1,1,872,0.000000
873,1,1,1,1,873,0.000000
874,1,1,1,2,874,0.069500
875,1,1,1,1,875,0.000000
876,1,1,1,1,876,0.000000
877,1,1,1,1,877,0.000000
878,1,1,1,1,878,0.009000
879,1,1,1,1,879,0.000000
880,1,1,1,1,880,0.003000
881,1,1,1,1,881,0.000000
882,1,1,1,1,882,0.000000
883,1,1,1,1,883,0.004500
884,1,1,1,1,884,0.000000
885,1,0,4,1,425,0.000000
886,1,1,1,2,886,0.215000
887,1,0,3,2,674,0.586500
888,1,1,2,5,434,0.065000
889,1,1,1,1,889,0.000000
890,1,1,1,1,890,0.000000
891,1,1,1,1,891,0.000000
892,1,1,1,1,892,0.028500
893,1,1,1,1,893,0.000000
894,1,1,1,1,894,0.015500
895,1,1,1,2,895,0.357500
896,1,1,1,1,896,0.000000
897,1,1,1,1,897,0.000000
898,1,1,1,1,898,0.017000
899,1,1,2,3,369,0.158500
900,1,1,1,1,900,0.000000
901,1,1,1,1,901,0.000000
902,1,1,1,1,902,0.000000
903,1,1,1,1,903,0.000000
904,1,1,1,1,904,0.000000
905,1,0,3,1,720,0.006000
906,1,0,7,1,478,0.000000
907,1,1,1,1,907,0.000000
908,1,1,1,1,908,0.000000
909,1,1,1,1,909,0.000000
910,1,0,3,1,999,0.000000
911,1,1,1,1,911,0.000000
912,1,1,1,1,912,0.000000
913,1,1,1,1,913,0.000000
914,1,1,1,1,914,0.000000
915,1,1,1,1,915,0.000000
916,1,1,1,1,916,0.000000
917,1,1,1,1,917,0.000000
918,1,1,2,2,202,0.092500
919,1,1,1,1,919,0.005000
920,1,1,1,1,920,0.000000
921,1,1,1,2,921,0.501000
922,1,1,1,1,922,0.000000
923,1,1,3,4,195,0.106500
924,1,1,1,1,924,0.000000
925,1,1,1,1,925,0.000000
926,1,1,1,1,926,0.000000
927,1,1,1,1,927,0.000000
928,1,1,1,1,928,0.000500
929,1,1,1,1,929,0.000000
930,1,1,1,1,930,0.000000
931,1,0,16,1,777,0.000000
932,1,1,1,1,932,0.000000
933,1,1,1,1,933,0.000000
934,1,1,1,1,934,0.000000
935,1,1,1,1,935,0.000000
936,1,1,1,1,936,0.000000
937,1,1,1,1,937,0.000000
938,1,1,2,2,722,0.199000
939,1,1,1,1,939,0.000000
940,1,1,1,1,940,0.000000
941,1,1,1,1,941,0.000000
942,1,1,1,1,942,0.017000
943,1,1,1,1,943,0.000000
944,1,1,1,1,944,0.000000
945,1,1,1,1,945,0.000500
946,1,1,1,1,946,0.000000
947,1,1,1,1,947,0.000000
948,1,1,1,1,948,0.000000
949,1,1,1,1,949,0.000000
950,1,1,1,1,950,0.000000
951,1,1,1,1,951,0.017000
952,1,1,1,2,952,0.072000
953,1,1,1,1,953,0.000000
954,1,1,1,1,954,0.000000
955,1,1,1,1,955,0.000000
956,1,1,1,1,956,0.000000
957,1,1,1,1,957,0.000000
958,1,1,1,1,958,0.000000
959,1,1,1,1,959,0.000000
960,1,1,1,1,960,0.000000
961,1,1,1,1,961,0.000000
962,1,1,1,2,962,0.139000
963,1,1,1,1,963,0.000000
964,1,1,1,1,964,0.025500
965,1,1,1,1,965,0.000000
966,1,1,1,1,966,0.000000
967,1,1,1,1,967,0.000000
968,1,1,1,1,968,0.016500
969,1,1,1,1,969,0.000000
970,1,1,1,1,970,0.000000
971,1,0,9,3,686,0.173000
972,1,0,4,1,149,0.000000
973,1,0,2,1,795,0.001500
974,1,1,1,1,974,0.000000
975,1,1,1,1,975,0.004000
976,1,1,2,2,699,0.364500
977,1,0,7,3,55,0.178000
978,1,1,1,1,978,0.000000
979,1,1,1,1,979,0.000000
980,1,1,1,1,980,0.000000
981,1,1,1,1,981,0.001000
982,1,1,1,1,982,0.000000
983,1,1,1,1,983,0.000000
984,1,1,1,1,984,0.002000
985,1,1,1,1,985,0.000000
986,1,1,1,1,986,0.000000
987,1,1,1,1,987,0.000000
988,1,1,1,1,988,0.000000
989,1,1,1,1,989,0.002000
990,1,0,3,2,842,0.874000
991,1,1,1,1,991,0.000000
992,1,1,1,1,992,0.000000
993,1,1,1,1,993,0.000000
994,1,1,1,2,994,0.077000
995,1,1,1,1,995,0.001500
996,1,1,2,5,504,0.295000
997,1,1,1,1,997,0.000000
998,1,1,1,1,998,0.000000
999,1,0,2,1,340,0.001500
1000,1,1,1,1,1000,0.000000
1,2,1,1,1,1,0.000000
2,2,0,3,1,182,0.004000
3,2,1,1,1,3,0.000000
4,2,0,11,7,899,0.075500
5,2,1,1,2,5,0.228000
6,2,1,1,1,6,0.000000
7,2,1,1,1,7,0.000000
8,2,1,1,1,8,0.000000
9,2,1,1,1,9,0.000000
10,2,1,1,1,10,0.000000
11,2,0,7,1,514,0.000000
12,2,1,1,2,12,0.170500
13,2,1,1,1,13,0.000000
14,2,1,1,1,14,0.000000
15,2,1,1,1,15,0.000000
16,2,1,1,1,16,0.000000
17,2,1,1,1,17,0.000000
18,2,1,1,1,18,0.000000
19,2,1,1,1,19,0.000000
20,2,1,1,2,20,0.235500
21,2,1,1,1,21,0.000000
22,2,1,1,1,22,0.000000
23,2,1,1,1,23,0.000000
24,2,1,1,1,24,0.000000
25,2,1,1,1,25,0.013000
26,2,1,2,2,499,0.509500
27,2,1,1,1,27,0.000000
28,2,0,2,1,330,0.007500
29,2,1,1,1,29,0.000000
30,2,1,1,1,30,0.000000
31,2,1,4,4,683,0.088500
32,2,1,1,1,32,0.000000
33,2,1,1,1,33,0.000000
34,2,1,1,1,34,0.000000
35,2,1,1,1,35,0.000000
36,2,0,5,1,435,0.020500
37,2,1,1,1,37,0.000000
38,2,1,1,1,38,0.000000
39,2,1,1,1,39,0.000000
40,2,1,1,1,40,0.006500
41,2,1,1,1,41,0.000000
42,2,1,1,1,42,0.000000
43,2,1,1,1,43,0.000000
44,2,1,1,1,44,0.000000
45,2,0,5,2,196,0.670000
46,2,1,1,1,46,0.000000
47,2,1,1,4,47,0.079000
48,2,1,1,1,48,0.000000
49,2,1,1,1,49,0.000000
50,2,1,2,2,348,0.933000
51,2,1,1,1,51,0.000000
52,2,1,1,1,52,0.000000
53,2,1,1,1,53,0.000500
54,2,1,1,1,54,0.000000
55,2,1,1,1,55,0.000000
56,2,1,1,1,56,0.000000
57,2,0,2,1,439,0.000000
58,2,1,1,1,58,0.000000
59,2,1,1,1,59,0.000000
60,2,1,1,1,60,0.000000
61,2,1,1,1,61,0.000000
62,2,1,1,1,62,0.000500
63,2,0,4,2,847,0.092000
64,2,1,1,1,64,0.000000
65,2,1,1,2,65,0.897000
66,2,1,1,1,66,0.000000
67,2,1,1,1,67,0.000000
68,2,1,1,1,68,0.000000
69,2,1,1,1,69,0.000000
70,2,1,1,1,70,0.000000
71,2,1,1,1,71,0.000500
72,2,1,1,2,72,0.220500
73,2,1,1,1,73,0.000000
74,2,1,1,1,74,0.000500
75,2,1,1,1,75,0.000000
76,2,0,2,1,421,0.012500
77,2,1,1,1,77,0.000000
78,2,1,1,1,78,0.000000
79,2,0,3,1,708,0.000000
80,2,1,1,1,80,0.000000
81,2,0,3,1,180,0.000000
82,2,1,1,2,82,0.238000
83,2,1,1,1,83,0.000000
84,2,1,1,1,84,0.000000
85,2,1,1,1,85,0.000000
86,2,1,1,1,86,0.000000
87,2,1,1,1,87,0.000000
88,2,1,1,1,88,0.000000
89,2,1,1,1,89,0.000000
90,2,1,1,2,90,0.350500
91,2,1,1,1,91,0.000000
92,2,1,1,1,92,0.000000
93,2,1,1,1,93,0.000000
94,2,1,1,1,94,0.000500
95,2,1,1,1,95,0.000500
96,2,1,1,1,96,0.000000
97,2,1,1,1,97,0.035500
98,2,1,1,1,98,0.000000
99,2,1,2,2,463,0.711500
100,2,0,6,2,173,0.235500
101,2,1,1,1,101,0.000000
102,2,0,2,1,660,0.017000
103,2,1,1,1,103,0.000000
104,2,1,1,1,104,0.000000
105,2,1,1,2,105,0.136000
106,2,1,1,2,106,0.052000
107,2,1,1,1,107,0.000000
108,2,1,1,1,108,0.000000
109,2,1,1,1,109,0.000000
110,2,0,4,3,795,0.249000
111,2,1,1,1,111,0.025000
112,2,1,1,2,112,0.860500
113,2,1,1,1,113,0.000000
114,2,1,1,1,114,0.000000
115,2,1,1,1,115,0.000000
116,2,1,1,1,116,0.000000
117,2,1,1,1,117,0.000000
118,2,1,2,2,460,0.169000
119,2,1,1,1,119,0.000000
120,2,1,1,1,120,0.000000
121,2,1,1,2,121,0.241500
122,2,1,1,1,122,0.000000
123,2,1,1,1,123,0.000000
124,2,1,1,1,124,0.000000
125,2,1,1,1,125,0.000000
126,2,1,1,1,126,0.000000
127,2,1,1,1,127,0.000000
128,2,1,1,1,128,0.000000
129,2,0,5,1,976,0.000000
130,2,1,1,1,130,0.000000
131,2,1,1,1,131,0.000000
132,2,1,1,1,132,0.000000
133,2,1,1,1,133,0.000000
134,2,1,1,1,134,0.000000
135,2,0,3,1,386,0.003000
136,2,1,1,1,136,0.000000
137,2,1,1,1,137,0.000000
138,2,1,1,1,138,0.000000
139,2,1,1,3,139,0.586500
140,2,1,1,1,140,0.000000
141,2,1,1,1,141,0.000000
142,2,1,1,2,142,0.435000
143,2,1,1,1,143,0.000000
144,2,1,1,1,144,0.000000
145,2,0,3,2,458,0.698500
146,2,1,1,1,146,0.029000
147,2,1,1,1,147,0.000000
148,2,1,1,1,148,0.000000
149,2,1,2,2,234,0.088500
150,2,0,2,1,817,0.000000
151,2,1,1,1,151,0.000000
152,2,0,3,1,207,0.000000
153,2,1,1,1,153,0.000000
154,2,1,1,1,154,0.000000
155,2,1,1,1,155,0.000000
156,2,1,1,2,156,0.240500
157,2,0,2,1,213,0.039500
158,2,1,1,3,158,0.307500
159,2,1,1,1,159,0.000000
160,2,1,1,1,160,0.000000
161,2,1,1,1,161,0.000000
162,2,1,4,4,378,0.323000
163,2,1,1,1,163,0.023500
164,2,1,1,2,164,0.177000
165,2,1,1,1,165,0.000000
166,2,1,1,2,166,0.144500
167,2,1,1,1,167,0.000000
168,2,1,1,1,168,0.000000
169,2,1,1,1,169,0.000000
170,2,1,1,1,170,0.000000
171,2,1,1,1,171,0.000000
172,2,1,1,1,172,0.000000
173,2,1,1,1,173,0.000000
174,2,1,1,1,174,0.000000
175,2,1,1,1,175,0.000000
176,2,1,1,1,176,0.000000
177,2,1,1,1,177,0.004500
178,2,1,1,1,178,0.000000
179,2,1,1,1,179,0.000000
180,2,1,1,1,180,0.000000
181,2,1,1,1,181,0.006500
182,2,1,1,1,182,0.000000
183,2,1,1,1,183,0.000000
184,2,1,1,1,184,0.000000
185,2,1,2,2,5,0.300000
186,2,1,1,1,186,0.000000
187,2,1,1,1,187,0.000000
188,2,1,1,1,188,0.000000
189,2,1,1,1,189,0.000000
190,2,0,3,1,721,0.000000
191,2,1,1,1,191,0.000000
192,2,1,1,1,192,0.000000
193,2,0,31,3,556,0.181500
194,2,1,1,1,194,0.000000
195,2,1,1,1,195,0.000000
196,2,1,1,1,196,0.000000
197,2,1,1,1,197,0.000000
198,2,1,1,1,198,0.000000
199,2,1,1,1,199,0.039000
200,2,1,1,1,200,0.000000
201,2,1,1,1,201,0.000000
202,2,1,1,1,202,0.000000
203,2,1,1,1,203,0.000000
204,2,1,2,2,401,0.543500
205,2,1,1,1,205,0.000000
206,2,1,1,2,206,0.963000
207,2,1,2,2,778,0.524000
208,2,1,2,4,305,0.080000
209,2,1,1,1,209,0.000000
210,2,1,1,2,210,0.280000
211,2,1,1,1,211,0.000000
212,2,1,1,1,212,0.000000
213,2,1,1,2,213,0.055500
214,2,1,1,1,214,0.000000
215,2,1,1,1,215,0.000000
216,2,0,2,1,668,0.000000
217,2,1,1,1,217,0.000000
218,2,1,1,1,218,0.000000
219,2,1,1,1,219,0.000000
220,2,1,1,1,220,0.000000
221,2,1,1,1,221,0.000000
222,2,1,1,1,222,0.000000
223,2,1,1,1,223,0.000000
224,2,1,2,2,344,0.786000
225,2,1,1,1,225,0.000000
226,2,1,1,1,226,0.000000
227,2,1,1,1,227,0.000000
228,2,1,1,1,228,0.000000
229,2,1,1,1,229,0.000000
230,2,1,1,1,230,0.000000
231,2,1,1,1,231,0.000000
232,2,1,1,1,232,0.000000
233,2,1,2,2,515,0.260000
234,2,1,1,1,234,0.000000
235,2,1,1,1,235,0.000000
236,2,1,1,1,236,0.000000
237,2,1,2,2,944,0.809500
238,2,1,1,1,238,0.000000
239,2,1,1,1,239,0.000000
240,2,1,1,1,240,0.000000
241,2,1,1,1,241,0.000000
242,2,1,1,1,242,0.000000
243,2,1,1,1,243,0.000000
244,2,1,1,1,244,0.000000
245,2,1,1,1,245,0.000000
246,2,0,7,1,999,0.000000
247,2,1,1,1,247,0.000000
248,2,0,2,1,645,0.000000
249,2,1,1,1,249,0.000000
250,2,1,1,1,250,0.000000
251,2,1,1,1,251,0.000000
252,2,1,1,1,252,0.000000
253,2,0,35,2,980,0.051000
254,2,0,3,1,884,0.000500
255,2,0,2,1,902,0.000000
256,2,1,1,1,256,0.000000
257,2,1,1,1,257,0.000000
258,2,0,2,1,174,0.000000
259,2,1,1,1,259,0.000000
260,2,1,1,1,260,0.000000
261,2,1,1,1,261,0.014000
262,2,1,1,1,262,0.000000
263,2,1,1,1,263,0.000000
264,2,1,1,1,264,0.000000
265,2,1,1,1,265,0.000000
266,2,1,1,2,266,0.119000
267,2,0,2,1,880,0.000500
268,2,1,1,1,268,0.000000
269,2,0,2,1,410,0.022000
270,2,1,1,1,270,0.000000
271,2,0,2,1,592,0.000000
272,2,1,1,1,272,0.000000
273,2,1,1,1,273,0.000000
274,2,1,1,1,274,0.000000
275,2,1,1,1,275,0.000000
276,2,0,2,1,25,0.001000
277,2,1,1,2,277,0.074500
278,2,1,1,1,278,0.000000
279,2,1,1,1,279,0.000000
280,2,1,1,1,280,0.000000
281,2,0,3,1,121,0.015500
282,2,1,1,1,282,0.000000
283,2,1,1,1,283,0.000000
284,2,1,1,1,284,0.000000
285,2,0,2,1,796,0.035500
286,2,1,1,1,286,0.000000
287,2,1,1,1,287,0.000000
288,2,1,1,1,288,0.000500
289,2,1,1,3,289,0.166000
290,2,1,1,1,290,0.000000
291,2,1,2,3,490,0.376000
292,2,1,1,1,292,0.000000
293,2,1,2,2,758,0.182000
294,2,0,6,1,944,0.037000
295,2,1,1,1,295,0.000000
296,2,1,1,1,296,0.000000
297,2,1,1,1,297,0.000000
298,2,1,2,3,30,0.058500
299,2,1,1,1,299,0.000000
300,2,1,1,1,300,0.000000
301,2,1,1,1,301,0.000000
302,2,1,1,1,302,0.000000
303,2,1,1,1,303,0.000000
304,2,1,1,1,304,0.000000
305,2,1,1,1,305,0.000000
306,2,1,1,1,306,0.000000
307,2,1,1,2,307,0.125000
308,2,0,4,1,287,0.000000
309,2,1,1,1,309,0.000000
310,2,1,1,1,310,0.000000
311,2,1,1,3,311,0.269000
312,2,1,1,1,312,0.000000
313,2,0,2,1,318,0.000000
314,2,1,1,1,314,0.000000
315,2,1,1,1,315,0.000000
316,2,1,1,1,316,0.000000
317,2,1,2,2,424,0.964500
318,2,1,3,3,797,0.725500
319,2,1,1,1,319,0.000000
320,2,1,1,1,320,0.000000
321,2,1,1,1,321,0.000000
322,2,1,1,3,322,0.382000
323,2,1,1,1,323,0.000000
324,2,0,11,2,181,0.329000
325,2,0,4,1,333,0.000500
326,2,1,1,1,326,0.000000
327,2,1,1,1,327,0.000000
328,2,1,1,1,328,0.034000
329,2,1,1,1,329,0.000000
330,2,1,1,1,330,0.000000
331,2,1,1,1,331,0.000000
332,2,1,1,1,332,0.000000
333,2,1,1,1,333,0.000000
334,2,0,4,1,899,0.002000
335,2,1,1,4,335,0.069500
336,2,1,1,1,336,0.000000
337,2,1,1,1,337,0.000000
338,2,1,1,1,338,0.000000
339,2,1,1,1,339,0.000000
340,2,1,1,1,340,0.000000
341,2,1,1,1,341,0.000000
342,2,1,1,1,342,0.000000
343,2,1,1,1,343,0.000000
344,2,1,1,1,344,0.000000
345,2,1,1,1,345,0.000000
346,2,1,1,2,346,0.170000
347,2,1,1,1,347,0.001000
348,2,1,1,1,348,0.000000
349,2,1,1,1,349,0.000000
350,2,1,1,1,350,0.000000
351,2,1,1,1,351,0.000000
352,2,1,1,1,352,0.000000
353,2,1,1,2,353,0.716000
354,2,0,2,1,808,0.000000
355,2,1,1,1,355,0.000000
356,2,1,1,2,356,0.843000
357,2,1,1,1,357,0.000000
358,2,1,1,1,358,0.000000
359,2,1,1,1,359,0.000000
360,2,0,3,2,601,0.105000
361,2,0,5,1,852,0.018000
362,2,1,1,1,362,0.000000
363,2,1,1,2,363,0.818000
364,2,1,1,1,364,0.000000
365,2,1,1,1,365,0.000000
366,2,1,1,3,366,0.135500
367,2,1,1,1,367,0.000000
368,2,1,3,8,756,0.055000
369,2,1,1,1,369,0.000000
370,2,1,1,1,370,0.008000
371,2,1,1,1,371,0.000000
372,2,1,1,1,372,0.000000
373,2,1,1,1,373,0.000000
374,2,1,1,1,374,0.000000
375,2,1,1,1,375,0.000000
376,2,1,1,1,376,0.000000
377,2,1,1,3,377,0.411000
378,2,0,9,4,982,0.110500
379,2,1,1,1,379,0.000000
380,2,1,1,1,380,0.000000
381,2,1,1,1,381,0.000000
382,2,1,1,1,382,0.000000
383,2,1,1,1,383,0.000000
384,2,1,1,1,384,0.002500
385,2,1,1,1,385,0.000000
386,2,1,1,1,386,0.012500
387,2,1,1,1,387,0.000000
388,2,1,1,1,388,0.000000
389,2,1,1,1,389,0.000000
390,2,0,4,3,685,0.208500
391,2,1,1,1,391,0.000000
392,2,1,1,1,392,0.000000
393,2,1,1,1,393,0.000000
394,2,1,1,2,394,0.552500
395,2,1,1,1,395,0.000000
396,2,1,1,1,396,0.000000
397,2,0,5,1,70,0.000000
398,2,1,1,1,398,0.000000
399,2,1,2,2,604,0.105000
400,2,1,1,1,400,0.000000
401,2,1,1,1,401,0.000000
402,2,1,1,1,402,0.000000
403,2,0,2,1,542,0.000000
404,2,1,2,2,311,0.417000
405,2,1,1,1,405,0.000000
406,2,1,1,1,406,0.000000
407,2,1,1,1,407,0.005000
408,2,1,1,2,408,0.441500
409,2,1,1,2,409,0.099000
410,2,1,1,2,410,0.074000
411,2,1,1,1,411,0.000000
412,2,1,1,1,412,0.006000
413,2,1,1,1,413,0.000000
414,2,1,1,1,414,0.000000
415,2,1,2,2,290,0.732000
416,2,1,1,1,416,0.000000
417,2,1,1,1,417,0.000000
418,2,1,1,1,418,0.000000
419,2,1,1,1,419,0.000000
420,2,1,1,1,420,0.000000
421,2,1,1,1,421,0.000000
422,2,1,1,1,422,0.003000
423,2,1,1,1,423,0.000000
424,2,1,1,1,424,0.000000
425,2,1,1,1,425,0.000000
426,2,1,1,1,426,0.020000
427,2,1,1,3,427,0.212000
428,2,0,8,1,691,0.000000
429,2,1,1,1,429,0.000000
430,2,1,1,1,430,0.006500
431,2,1,1,1,431,0.000000
432,2,1,1,1,432,0.000000
433,2,1,1,1,433,0.000000
434,2,0,6,2,743,0.082500
435,2,1,1,3,435,0.073500
436,2,1,1,1,436,0.000000
437,2,1,1,1,437,0.000000
438,2,0,9,3,442,0.344500
439,2,1,1,1,439,0.000000
440,2,0,2,1,969,0.039000
441,2,1,1,1,441,0.000000
442,2,0,3,1,879,0.000000
443,2,1,1,1,443,0.000000
444,2,0,4,1,346,0.001500
445,2,1,1,1,445,0.000000
446,2,1,1,1,446,0.000000
447,2,1,1,1,447,0.000000
448,2,1,1,1,448,0.000000
449,2,0,3,1,64,0.000000
450,2,1,1,1,450,0.004500
451,2,1,1,1,451,0.000000
452,2,1,1,1,452,0.000000
453,2,1,1,1,453,0.000000
454,2,1,1,1,454,0.000000
455,2,1,1,1,455,0.000000
456,2,1,1,1,456,0.000000
457,2,1,1,2,457,0.066500
458,2,1,1,1,458,0.000000
459,2,1,1,1,459,0.000000
460,2,1,1,1,460,0.000000
461,2,1,1,1,461,0.000000
462,2,1,1,1,462,0.000000
463,2,1,1,1,463,0.000000
464,2,1,1,1,464,0.000000
465,2,1,1,1,465,0.000500
466,2,1,1,1,466,0.003000
467,2,1,1,1,467,0.000500
468,2,1,1,1,468,0.000000
469,2,1,1,1,469,0.000000
470,2,1,1,1,470,0.000000
471,2,1,1,1,471,0.000000
472,2,1,1,1,472,0.000000
473,2,1,1,1,473,0.000000
474,2,1,2,2,408,0.843500
475,2,1,1,1,475,0.000000
476,2,1,1,1,476,0.000000
477,2,1,1,1,477,0.000000
478,2,0,4,2,708,0.060500
479,2,1,1,1,479,0.000000
480,2,1,1,1,480,0.000000
481,2,1,1,1,481,0.000000
482,2,1,1,1,482,0.000000
483,2,1,1,1,483,0.000000
484,2,1,1,1,484,0.000000
485,2,1,1,1,485,0.012500
486,2,1,1,3,486,0.063500
487,2,1,1,1,487,0.000000
488,2,1,1,1,488,0.000000
489,2,1,1,1,489,0.001500
490,2,1,1,1,490,0.000000
491,2,1,1,1,491,0.001500
492,2,1,1,2,492,0.079000
493,2,1,1,1,493,0.000000
494,2,1,1,1,494,0.000000
495,2,1,1,1,495,0.000000
496,2,1,1,1,496,0.006500
497,2,1,1,1,497,0.000000
498,2,1,1,1,498,0.000000
499,2,1,1,1,499,0.000000
500,2,1,1,1,500,0.000000
501,2,0,7,2,904,0.450500
502,2,1,1,1,502,0.000000
503,2,1,2,2,172,0.900500
504,2,1,1,1,504,0.000000
505,2,1,1,1,505,0.004000
506,2,1,1,1,506,0.000000
507,2,1,1,1,507,0.000000
508,2,1,1,2,508,0.225500
509,2,0,14,1,11,0.000000
510,2,1,1,1,510,0.000000
511,2,1,1,1,511,0.000000
512,2,1,1,1,512,0.000000
513,2,1,1,1,513,0.000000
514,2,1,1,2,514,0.064000
515,2,1,1,1,515,0.000000
516,2,1,1,1,516,0.000000
517,2,1,1,3,517,0.077500
518,2,1,1,1,518,0.001500
519,2,1,1,5,519,0.067500
520,2,1,1,1,520,0.000000
521,2,0,3,1,839,0.000000
522,2,1,1,1,522,0.000000
523,2,1,1,1,523,0.000000
524,2,1,1,1,524,0.000000
525,2,0,2,1,772,0.006000
526,2,1,1,1,526,0.000000
527,2,1,1,1,527,0.000000
528,2,1,1,1,528,0.000500
529,2,1,1,1,529,0.000000
530,2,1,1,1,530,0.001500
531,2,1,1,1,531,0.000000
532,2,1,1,1,532,0.000000
533,2,1,1,1,533,0.000000
534,2,1,1,1,534,0.000000
535,2,1,1,1,535,0.000000
536,2,1,1,1,536,0.000000
537,2,0,2,1,224,0.000000
538,2,1,3,3,660,0.859000
539,2,1,1,1,539,0.000000
540,2,1,1,2,540,0.502000
541,2,1,1,1,541,0.000000
542,2,1,1,1,542,0.000000
543,2,1,1,1,543,0.000000
544,2,0,5,1,742,0.000000
545,2,1,1,1,545,0.000000
546,2,0,2,1,417,0.000000
547,2,1,1,1,547,0.000000
548,2,1,1,1,548,0.000000
549,2,1,2,2,214,0.732000
550,2,1,1,1,550,0.000000
551,2,1,1,1,551,0.000000
552,2,0,7,1,715,0.000500
553,2,1,1,1,553,0.000000
554,2,1,1,1,554,0.000000
555,2,0,2,1,617,0.021500
556,2,1,1,1,556,0.000000
557,2,1,1,1,557,0.000000
558,2,1,1,1,558,0.000000
559,2,1,1,1,559,0.000000
560,2,0,2,1,563,0.000000
561,2,1,1,1,561,0.000000
562,2,1,1,1,562,0.000000
563,2,1,1,1,563,0.001000
564,2,1,1,1,564,0.000000
565,2,1,1,1,565,0.000000
566,2,0,5,1,923,0.028000
567,2,1,1,1,567,0.000000
568,2,1,1,1,568,0.000000
569,2,1,1,1,569,0.000000
570,2,1,1,2,570,0.177000
571,2,1,1,1,571,0.000000
572,2,1,1,1,572,0.037000
573,2,1,1,1,573,0.000000
574,2,0,3,1,348,0.029500
575,2,1,1,1,575,0.000000
576,2,1,1,1,576,0.000000
577,2,1,3,3,57,0.054500
578,2,1,1,1,578,0.000000
579,2,1,1,1,579,0.000000
580,2,1,2,2,589,0.087000
581,2,1,1,1,581,0.000000
582,2,1,1,1,582,0.000000
583,2,1,1,4,583,0.654500
584,2,1,1,1,584,0.000000
585,2,1,1,2,585,0.083000
586,2,1,1,1,586,0.000000
587,2,1,1,4,587,0.264000
588,2,1,1,1,588,0.000000
589,2,1,2,2,790,0.513000
590,2,1,1,1,590,0.000000
591,2,1,1,1,591,0.000000
592,2,1,1,1,592,0.000000
593,2,1,1,1,593,0.000000
594,2,1,1,1,594,0.000000
595,2,1,1,1,595,0.000000
596,2,1,1,1,596,0.000000
597,2,1,1,1,597,0.000000
598,2,1,1,1,598,0.000000
599,2,1,1,1,599,0.000000
600,2,1,1,1,600,0.000000
601,2,1,1,1,601,0.000000
602,2,1,2,3,493,0.072500
603,2,1,1,1,603,0.000000
604,2,1,1,1,604,0.000000
605,2,1,1,1,605,0.000000
606,2,1,1,1,606,0.000000
607,2,1,2,3,550,0.506000
608,2,1,1,1,608,0.000000
609,2,0,4,3,960,0.065000
610,2,1,1,1,610,0.000000
611,2,1,1,1,611,0.000000
612,2,1,1,1,612,0.000000
613,2,1,1,1,613,0.000000
614,2,1,1,1,614,0.000000
615,2,1,1,2,615,0.554000
616,2,1,1,1,616,0.000000
617,2,0,2,1,459,0.007500
618,2,1,1,1,618,0.000000
619,2,1,1,1,619,0.000000
620,2,1,1,1,620,0.000000
621,2,0,4,1,64,0.000000
622,2,0,3,1,826,0.006500
623,2,1,1,1,623,0.000000
624,2,1,1,1,624,0.000000
625,2,1,1,1,625,0.000000
626,2,1,1,1,626,0.000000
627,2,1,1,1,627,0.000000
628,2,1,1,1,628,0.000000
629,2,1,2,3,806,0.146500
630,2,1,1,1,630,0.000000
631,2,1,1,1,631,0.000000
632,2,1,1,1,632,0.000000
633,2,1,1,1,633,0.000000
634,2,1,1,1,634,0.000000
635,2,1,1,2,635,0.118500
636,2,0,2,1,786,0.007500
637,2,1,1,1,637,0.000000
638,2,1,1,1,638,0.000000
639,2,1,1,1,639,0.000000
640,2,1,1,1,640,0.000000
641,2,1,3,4,729,0.148500
642,2,1,1,1,642,0.000000
643,2,1,1,1,643,0.000000
644,2,1,1,1,644,0.000000
645,2,1,1,1,645,0.000000
646,2,1,1,2,646,0.276500
647,2,1,1,1,647,0.000000
648,2,1,1,1,648,0.000000
649,2,1,1,1,649,0.000000
650,2,1,1,1,650,0.000000
651,2,1,1,2,651,0.576500
652,2,1,1,1,652,0.000000
653,2,1,1,1,653,0.000000
654,2,1,1,1,654,0.025000
655,2,1,1,1,655,0.000000
656,2,1,1,1,656,0.000000
657,2,1,1,1,657,0.000000
658,2,1,1,1,658,0.000000
659,2,1,1,1,659,0.000000
660,2,1,1,1,660,0.007500
661,2,1,1,1,661,0.007500
662,2,1,1,1,662,0.000000
663,2,1,1,1,663,0.000000
664,2,1,3,5,118,0.234000
665,2,1,1,2,665,0.151000
666,2,1,1,1,666,0.000000
667,2,1,2,2,798,0.356500
668,2,1,1,1,668,0.000000
669,2,1,1,1,669,0.000000
670,2,0,2,1,704,0.011500
671,2,1,1,1,671,0.000000
672,2,1,1,1,672,0.003500
673,2,1,1,1,673,0.000000
674,2,1,1,1,674,0.000000
675,2,1,2,2,990,0.823500
676,2,1,1,1,676,0.000000
677,2,1,1,2,677,0.154500
678,2,1,1,1,678,0.000000
679,2,0,2,1,253,0.046000
680,2,1,1,1,680,0.000000
681,2,1,1,1,681,0.000000
682,2,1,1,2,682,0.369000
683,2,1,1,1,683,0.000000
684,2,1,1,1,684,0.000000
685,2,0,10,3,570,0.766000
686,2,1,1,1,686,0.000000
687,2,1,1,1,687,0.000000
688,2,1,1,2,688,0.423000
689,2,1,1,1,689,0.000000
690,2,1,1,1,690,0.000000
691,2,1,1,1,691,0.000500
692,2,1,1,1,692,0.000000
693,2,1,2,2,468,0.806500
694,2,1,1,1,694,0.002000
695,2,1,2,2,732,0.082500
696,2,1,2,3,255,0.115500
697,2,1,1,1,697,0.000000
698,2,1,1,1,698,0.000000
699,2,1,1,1,699,0.000000
700,2,1,1,2,700,0.223000
701,2,1,1,1,701,0.000000
702,2,1,1,2,702,0.112000
703,2,1,1,1,703,0.000000
704,2,1,1,1,704,0.000000
705,2,0,4,1,252,0.000000
706,2,1,1,1,706,0.000000
707,2,0,4,3,62,0.868000
708,2,1,1,1,708,0.000000
709,2,1,1,1,709,0.000000
710,2,1,1,2,710,0.066000
711,2,0,4,1,186,0.000000
712,2,1,1,1,712,0.000000
713,2,1,1,1,713,0.000000
714,2,1,1,1,714,0.000000
715,2,1,1,6,715,0.374000
716,2,1,1,2,716,0.241500
717,2,1,1,1,717,0.000000
718,2,1,1,1,718,0.000000
719,2,1,1,1,719,0.000000
720,2,0,7,2,654,0.331500
721,2,1,1,1,721,0.000000
722,2,1,1,1,722,0.000000
723,2,1,1,1,723,0.000000
724,2,1,1,1,724,0.000000
725,2,1,1,1,725,0.000000
726,2,1,1,1,726,0.003500
727,2,1,1,1,727,0.000000
728,2,1,1,2,728,0.128000
729,2,1,2,2,925,0.765500
730,2,0,3,2,973,0.232000
731,2,0,2,1,727,0.005000
732,2,1,1,1,732,0.000000
733,2,1,1,1,733,0.000000
734,2,1,1,1,734,0.000000
735,2,1,1,1,735,0.000000
736,2,0,2,1,302,0.000000
737,2,1,1,2,737,0.096500
738,2,0,4,1,254,0.000000
739,2,1,1,1,739,0.000000
740,2,0,5,1,526,0.031500
741,2,1,1,1,741,0.000000
742,2,1,1,1,742,0.000000
743,2,1,1,1,743,0.000000
744,2,1,1,1,744,0.000000
745,2,1,1,1,745,0.000000
746,2,1,1,1,746,0.000000
747,2,1,1,1,747,0.000000
748,2,1,1,1,748,0.000000
749,2,1,1,1,749,0.000000
750,2,1,1,1,750,0.000000
751,2,1,1,2,751,0.821000
752,2,1,1,1,752,0.000000
753,2,1,1,1,753,0.000000
754,2,1,1,1,754,0.000000
755,2,1,1,1,755,0.000000
756,2,1,1,1,756,0.000000
757,2,1,1,1,757,0.013000
758,2,1,1,2,758,0.403000
759,2,1,1,1,759,0.000000
760,2,1,1,1,760,0.000000
761,2,1,1,1,761,0.000000
762,2,1,1,1,762,0.000000
763,2,1,1,1,763,0.000000
764,2,1,1,1,764,0.006500
765,2,1,1,1,765,0.000000
766,2,1,1,1,766,0.000000
767,2,1,1,1,767,0.000000
768,2,1,1,1,768,0.000000
769,2,1,1,1,769,0.000000
770,2,1,1,1,770,0.000000
771,2,1,1,1,771,0.000000
772,2,1,1,1,772,0.000000
773,2,1,1,1,773,0.000000
774,2,1,1,1,774,0.000000
775,2,1,1,2,775,0.461500
776,2,1,1,1,776,0.000000
777,2,1,1,1,777,0.002500
778,2,1,1,2,778,0.580500
779,2,1,1,1,779,0.000000
780,2,1,1,1,780,0.000000
781,2,1,1,1,781,0.000000
782,2,1,1,1,782,0.000000
783,2,1,1,1,783,0.000000
784,2,1,1,1,784,0.000000
785,2,1,1,2,785,0.298000
786,2,1,1,2,786,0.077500
787,2,1,1,1,787,0.000000
788,2,1,1,1,788,0.000000
789,2,1,1,1,789,0.000000
790,2,1,1,1,790,0.005500
791,2,1,1,1,791,0.000000
792,2,1,1,1,792,0.000000
793,2,1,1,2,793,0.446000
794,2,0,3,2,963,0.416000
795,2,1,1,1,795,0.000000
796,2,1,1,1,796,0.000000
797,2,1,1,1,797,0.021500
798,2,1,1,1,798,0.000000
799,2,0,4,1,745,0.000000
800,2,1,1,1,800,0.000000
801,2,1,1,1,801,0.000000
802,2,1,1,1,802,0.000000
803,2,1,1,2,803,0.388500
804,2,1,1,1,804,0.000000
805,2,1,1,1,805,0.000000
806,2,1,1,1,806,0.000000
807,2,1,1,1,807,0.000000
808,2,1,1,1,808,0.000000
809,2,1,1,1,809,0.000000
810,2,1,1,1,810,0.000000
811,2,1,1,1,811,0.000000
812,2,1,1,1,812,0.000000
813,2,1,1,1,813,0.005500
814,2,1,3,3,476,0.289000
815,2,1,1,1,815,0.000000
816,2,1,1,1,816,0.000000
817,2,1,1,1,817,0.000000
818,2,1,1,1,818,0.000000
819,2,0,2,1,987,0.004000
820,2,1,1,1,820,0.000000
821,2,1,1,1,821,0.000000
822,2,1,1,1,822,0.000000
823,2,1,1,1,823,0.000000
824,2,1,1,1,824,0.003000
825,2,1,1,1,825,0.000000
826,2,1,1,1,826,0.000000
827,2,0,97,3,544,0.063000
828,2,0,2,1,192,0.000000
829,2,1,1,1,829,0.000000
830,2,1,1,1,830,0.002000
831,2,1,1,1,831,0.000000
832,2,1,1,1,832,0.000000
833,2,1,1,1,833,0.000000
834,2,1,1,1,834,0.000000
835,2,1,1,1,835,0.000000
836,2,1,1,1,836,0.000000
837,2,1,1,1,837,0.000000
838,2,1,1,1,838,0.000000
839,2,1,1,1,839,0.021500
840,2,1,1,1,840,0.000000
841,2,1,1,6,841,0.051000
842,2,1,1,1,842,0.000000
843,2,1,1,1,843,0.002000
844,2,1,1,1,844,0.000000
845,2,1,1,1,845,0.000000
846,2,1,1,1,846,0.000000
847,2,1,1,1,847,0.000000
848,2,0,4,2,798,0.065000
849,2,1,1,1,849,0.000000
850,2,1,1,1,850,0.000000
851,2,1,1,1,851,0.000000
852,2,0,2,1,306,0.031000
853,2,1,1,1,853,0.000000
854,2,1,2,2,898,0.056500
855,2,1,1,1,855,0.000000
856,2,1,1,1,856,0.000000
857,2,1,1,1,857,0.000000
858,2,1,1,1,858,0.000000
859,2,1,1,1,859,0.000000
860,2,1,1,1,860,0.000000
861,2,0,3,1,586,0.000000
862,2,1,1,1,862,0.007000
863,2,1,1,2,863,0.126000
864,2,1,1,2,864,0.356500
865,2,0,3,1,580,0.000000
866,2,1,1,1,866,0.000000
867,2,1,1,1,867,0.000000
868,2,1,1,1,868,0.000000
869,2,1,1,1,869,0.000000
870,2,1,1,1,870,0.000000
871,2,1,1,1,871,0.000000
872,2,1,1,1,872,0.000000
873,2,1,1,1,873,0.000000
874,2,1,1,1,874,0.000000
875,2,1,1,1,875,0.000000
876,2,1,1,1,876,0.000000
877,2,0,3,2,301,0.555500
878,2,1,1,2,878,0.422000
879,2,1,1,1,879,0.000000
880,2,1,1,2,880,0.058500
881,2,1,1,1,881,0.000000
882,2,1,1,1,882,0.000000
883,2,1,1,1,883,0.000000
884,2,1,1,1,884,0.000000
885,2,1,1,1,885,0.000000
886,2,0,3,1,97,0.002000
887,2,1,1,1,887,0.000000
888,2,1,1,1,888,0.000000
889,2,1,1,1,889,0.000000
890,2,1,1,3,890,0.169000
891,2,1,1,1,891,0.000000
892,2,1,1,1,892,0.000500
893,2,1,1,1,893,0.000000
894,2,1,1,1,894,0.000000
895,2,1,1,1,895,0.000000
896,2,1,1,1,896,0.000000
897,2,0,3,2,66,0.410000
898,2,0,5,1,507,0.001500
899,2,1,1,1,899,0.000000
900,2,0,2,1,989,0.001000
901,2,1,1,1,901,0.000000
902,2,1,1,1,902,0.000000
903,2,1,1,1,903,0.000000
904,2,1,1,1,904,0.000000
905,2,1,1,1,905,0.014000
906,2,1,1,1,906,0.000000
907,2,1,1,1,907,0.000000
908,2,1,1,1,908,0.000000
909,2,1,1,1,909,0.000000
910,2,1,1,1,910,0.000000
911,2,1,1,1,911,0.000000
912,2,1,1,1,912,0.000000
913,2,1,1,1,913,0.000000
914,2,1,1,1,914,0.000000
915,2,1,2,2,499,0.774500
916,2,1,1,1,916,0.000000
917,2,1,2,2,773,0.626000
918,2,1,1,2,918,0.085000
919,2,1,1,1,919,0.000000
920,2,1,1,1,920,0.000000
921,2,1,1,1,921,0.003000
922,2,1,1,1,922,0.000000
923,2,1,1,1,923,0.000000
924,2,1,1,1,924,0.000000
925,2,1,1,2,925,0.137000
926,2,1,1,1,926,0.000000
927,2,1,1,1,927,0.000000
928,2,1,1,1,928,0.000000
929,2,1,1,1,929,0.011000
930,2,1,1,1,930,0.000000
931,2,0,8,3,917,0.086000
932,2,1,1,1,932,0.000000
933,2,1,1,1,933,0.000000
934,2,1,1,1,934,0.000000
935,2,1,1,1,935,0.000000
936,2,1,1,1,936,0.000000
937,2,1,1,1,937,0.000000
938,2,1,1,1,938,0.000000
939,2,1,2,2,198,0.110500
940,2,1,1,1,940,0.000000
941,2,1,1,1,941,0.000000
942,2,1,1,1,942,0.000000
943,2,1,1,1,943,0.000000
944,2,1,1,1,944,0.000000
945,2,1,1,1,945,0.034500
946,2,1,1,1,946,0.000000
947,2,1,2,2,189,0.446000
948,2,1,2,2,226,0.054500
949,2,1,2,3,104,0.803000
950,2,1,1,1,950,0.000000
951,2,1,1,1,951,0.000000
952,2,1,1,1,952,0.000000
953,2,1,1,1,953,0.000000
954,2,1,1,1,954,0.000000
955,2,1,1,1,955,0.000000
956,2,1,1,1,956,0.000000
957,2,1,1,1,957,0.000000
958,2,1,1,1,958,0.000000
959,2,1,1,1,959,0.000000
960,2,1,1,2,960,0.335000
961,2,1,1,1,961,0.000000
962,2,1,1,1,962,0.000000
963,2,1,1,1,963,0.000000
964,2,1,1,2,964,0.203000
965,2,1,1,1,965,0.044000
966,2,1,1,1,966,0.000000
967,2,1,1,1,967,0.000000
968,2,1,1,1,968,0.000000
969,2,0,11,2,803,0.497000
970,2,0,9,1,917,0.014000
971,2,0,15,1,194,0.010000
972,2,1,1,1,972,0.000000
973,2,1,1,1,973,0.000000
974,2,1,1,1,974,0.000000
975,2,1,1,1,975,0.000000
976,2,1,1,2,976,0.132500
977,2,1,1,1,977,0.000000
978,2,1,1,1,978,0.000000
979,2,1,1,2,979,0.197000
980,2,1,1,2,980,0.071000
981,2,0,3,1,890,0.001000
982,2,1,2,2,489,0.093000
983,2,1,2,2,789,0.218000
984,2,1,1,1,984,0.000000
985,2,1,1,1,985,0.000000
986,2,1,1,2,986,0.576000
987,2,1,1,1,987,0.000000
988,2,1,1,2,988,0.081000
989,2,1,1,1,989,0.000000
990,2,1,1,1,990,0.000000
991,2,1,1,1,991,0.000000
992,2,1,1,1,992,0.000000
993,2,1,1,1,993,0.000000
994,2,1,2,2,121,0.057000
995,2,1,1,2,995,0.196000
996,2,1,1,1,996,0.000000
997,2,1,1,1,997,0.000000
998,2,1,1,1,998,0.000000
999,2,1,1,1,999,0.000000
1000,2,1,1,1,1000,0.000000
1,3,1,1,1,1,0.000000
2,3,1,1,2,2,0.394000
3,3,1,1,1,3,0.000000
4,3,1,1,2,4,0.474000
5,3,1,1,1,5,0.000000
6,3,1,1,1,6,0.000000
7,3,1,1,1,7,0.000000
8,3,1,1,1,8,0.000000
9,3,1,1,1,9,0.000000
10,3,1,1,1,10,0.000000
11,3,1,1,1,11,0.000000
12,3,1,1,1,12,0.000000
13,3,1,1,1,13,0.000000
14,3,1,1,1,14,0.000000
15,3,1,1,2,15,0.501000
16,3,1,1,2,16,0.081500
17,3,1,1,1,17,0.000000
18,3,1,1,1,18,0.000000
19,3,1,1,1,19,0.000000
20,3,1,1,1,20,0.016000
21,3,1,1,1,21,0.000000
22,3,1,1,1,22,0.000000
23,3,1,1,1,23,0.040000
24,3,1,1,1,24,0.000000
25,3,1,1,1,25,0.000500
26,3,1,1,1,26,0.000000
27,3,1,1,1,27,0.000000
28,3,1,1,1,28,0.000000
29,3,1,1,1,29,0.000000
30,3,1,1,1,30,0.000000
31,3,0,7,1,226,0.000000
32,3,1,1,1,32,0.000000
33,3,1,1,1,33,0.000000
34,3,1,1,1,34,0.000000
35,3,0,2,1,319,0.011500
36,3,1,1,1,36,0.000000
37,3,1,1,1,37,0.000000
38,3,1,1,1,38,0.000000
39,3,0,3,1,42,0.000000
40,3,1,1,1,40,0.000000
41,3,1,1,1,41,0.000000
42,3,1,1,1,42,0.000000
43,3,1,1,1,43,0.000000
44,3,1,1,1,44,0.000000
45,3,1,1,1,45,0.000000
46,3,1,1,1,46,0.000000
47,3,1,1,1,47,0.000000
48,3,1,1,1,48,0.000000
49,3,1,1,1,49,0.000000
50,3,1,1,2,50,0.451000
51,3,1,1,1,51,0.000000
52,3,1,1,1,52,0.000000
53,3,1,1,1,53,0.000000
54,3,1,1,1,54,0.000000
55,3,1,1,1,55,0.000000
56,3,1,1,1,56,0.000000
57,3,1,1,1,57,0.000000
58,3,1,1,1,58,0.000000
59,3,1,1,1,59,0.000000
60,3,1,1,1,60,0.000000
61,3,1,1,1,61,0.000000
62,3,1,3,3,793,0.162000
63,3,1,1,1,63,0.000000
64,3,1,1,3,64,0.348000
65,3,1,1,1,65,0.000000
66,3,1,1,1,66,0.000000
67,3,1,2,2,956,0.370000
68,3,1,1,1,68,0.000000
69,3,1,1,1,69,0.000000
70,3,1,1,1,70,0.000000
71,3,1,1,1,71,0.000000
72,3,0,5,1,265,0.000000
73,3,1,1,1,73,0.000000
74,3,1,1,1,74,0.000000
75,3,1,1,1,75,0.000500
76,3,1,1,1,76,0.000000
77,3,1,1,1,77,0.000000
78,3,1,1,1,78,0.000000
79,3,1,1,1,79,0.000500
80,3,0,2,1,130,0.000000
81,3,1,1,2,81,0.083500
82,3,1,1,1,82,0.000000
83,3,1,1,1,83,0.000000
84,3,1,1,1,84,0.000000
85,3,1,1,1,85,0.000000
86,3,1,1,1,86,0.000000
87,3,1,1,1,87,0.000000
88,3,1,1,1,88,0.000000
89,3,1,1,1,89,0.000000
90,3,1,1,1,90,0.000000
91,3,1,1,1,91,0.000000
92,3,1,1,1,92,0.000000
93,3,0,3,1,143,0.000000
94,3,1,1,1,94,0.000000
95,3,1,1,1,95,0.000000
96,3,1,1,1,96,0.000000
97,3,1,1,1,97,0.000000
98,3,1,3,3,512,0.829000
99,3,1,1,1,99,0.006000
100,3,1,2,2,353,0.230000
101,3,1,1,2,101,0.172500
102,3,0,2,1,913,0.005500
103,3,1,1,1,103,0.000000
104,3,1,1,1,104,0.000000
105,3,1,1,1,105,0.000000
106,3,0,3,1,660,0.000000
107,3,1,1,1,107,0.000000
108,3,0,13,1,292,0.030500
109,3,1,1,1,109,0.000000
110,3,1,1,1,110,0.000000
111,3,1,1,1,111,0.000000
112,3,1,1,1,112,0.000000
113,3,1,1,1,113,0.000000
114,3,1,1,1,114,0.000000
115,3,1,1,2,115,0.278000
116,3,1,1,1,116,0.000000
117,3,1,4,5,574,0.078500
118,3,1,1,2,118,0.096000
119,3,0,3,1,96,0.000000
120,3,1,1,1,120,0.000000
121,3,1,1,1,121,0.000000
122,3,1,1,1,122,0.000000
123,3,1,1,1,123,0.000000
124,3,1,1,1,124,0.000000
125,3,0,3,1,625,0.043000
126,3,1,1,1,126,0.000000
127,3,1,1,2,127,0.590500
128,3,1,1,1,128,0.000000
129,3,1,1,1,129,0.000000
130,3,1,1,1,130,0.000000
131,3,0,7,2,386,0.759500
132,3,1,1,1,132,0.000000
133,3,1,1,1,133,0.000000
134,3,1,1,2,134,0.165500
135,3,1,1,1,135,0.021000
136,3,1,1,1,136,0.002500
137,3,1,1,1,137,0.000000
138,3,0,5,1,612,0.000000
139,3,1,1,1,139,0.000000
140,3,1,1,1,140,0.000000
141,3,1,1,1,141,0.000000
142,3,1,1,3,142,0.173000
143,3,1,1,2,143,0.119000
144,3,1,3,3,896,0.387500
145,3,1,1,1,145,0.000000
146,3,0,3,2,837,0.525000
147,3,1,1,1,147,0.000000
148,3,0,4,1,914,0.000000
149,3,0,4,1,569,0.000000
150,3,0,3,1,843,0.000000
151,3,1,1,1,151,0.000000
152,3,1,1,2,152,0.176500
153,3,1,1,1,153,0.000000
154,3,1,1,1,154,0.000000
155,3,1,1,1,155,0.000000
156,3,1,1,1,156,0.000000
157,3,0,4,2,213,0.632500
158,3,0,3,1,949,0.000000
159,3,1,1,1,159,0.000000
160,3,1,1,1,160,0.000000
161,3,1,1,1,161,0.000000
162,3,1,1,1,162,0.000000
163,3,1,1,1,163,0.000000
164,3,1,1,1,164,0.000000
165,3,1,1,1,165,0.000000
166,3,1,1,1,166,0.000000
167,3,1,1,1,167,0.000000
168,3,1,1,1,168,0.000000
169,3,1,1,1,169,0.000000
170,3,1,1,1,170,0.008500
171,3,1,1,1,171,0.000000
172,3,1,1,1,172,0.000000
173,3,1,1,1,173,0.000000
174,3,1,1,1,174,0.000000
175,3,1,1,1,175,0.000000
176,3,1,1,1,176,0.000000
177,3,1,1,1,177,0.000000
178,3,1,1,1,178,0.000000
179,3,1,1,2,179,0.695000
180,3,1,1,1,180,0.000000
181,3,1,1,1,181,0.000000
182,3,1,1,1,182,0.001500
183,3,1,1,1,183,0.000000
184,3,1,1,1,184,0.000000
185,3,1,1,1,185,0.000000
186,3,1,1,1,186,0.000000
187,3,1,1,1,187,0.000000
188,3,1,1,1,188,0.000000
189,3,1,1,1,189,0.039000
190,3,1,1,1,190,0.003500
191,3,1,1,1,191,0.000000
192,3,1,1,1,192,0.000000
193,3,1,1,1,193,0.000000
194,3,1,1,1,194,0.000000
195,3,1,1,1,195,0.000000
196,3,1,1,1,196,0.000000
197,3,1,1,1,197,0.000000
198,3,1,1,1,198,0.000000
199,3,1,2,2,818,0.518500
200,3,1,1,1,200,0.000000
201,3,1,1,1,201,0.000000
202,3,1,1,1,202,0.000000
203,3,1,1,1,203,0.000000
204,3,1,1,1,204,0.000000
205,3,0,2,1,702,0.000000
206,3,1,1,1,206,0.000000
207,3,1,2,2,334,0.493500
208,3,1,1,1,208,0.004000
209,3,1,1,1,209,0.000000
210,3,1,1,1,210,0.001000
211,3,1,1,2,211,0.068000
212,3,1,1,1,212,0.000000
213,3,1,1,1,213,0.000000
214,3,1,1,1,214,0.000000
215,3,1,1,1,215,0.000000
216,3,1,1,1,216,0.002000
217,3,1,1,2,217,0.625000
218,3,1,1,1,218,0.000000
219,3,1,1,1,219,0.000000
220,3,1,1,2,220,0.590500
221,3,1,1,1,221,0.005500
222,3,1,1,1,222,0.000000
223,3,1,1,1,223,0.000000
224,3,1,1,1,224,0.000000
225,3,1,2,2,237,0.197500
226,3,1,1,1,226,0.000000
227,3,0,2,1,712,0.000000
228,3,1,1,1,228,0.000000
229,3,1,1,1,229,0.000000
230,3,0,3,1,549,0.004000
231,3,1,2,2,994,0.727000
232,3,1,1,1,232,0.000000
233,3,1,2,2,515,0.660500
234,3,1,1,1,234,0.000000
235,3,1,1,1,235,0.000500
236,3,1,1,1,236,0.000000
237,3,1,1,4,237,0.056000
238,3,1,1,1,238,0.000000
239,3,1,1,1,239,0.015000
240,3,1,1,1,240,0.000000
241,3,0,44,3,577,0.056500
242,3,1,1,1,242,0.000000
243,3,1,1,2,243,0.052000
244,3,1,1,1,244,0.000000
245,3,1,1,1,245,0.000000
246,3,1,1,1,246,0.000000
247,3,1,1,1,247,0.000000
248,3,1,1,1,248,0.001500
249,3,1,1,1,249,0.000000
250,3,1,2,2,35,0.148000
251,3,1,1,1,251,0.027500
252,3,1,1,1,252,0.000500
253,3,1,1,1,253,0.023500
254,3,1,1,1,254,0.000000
255,3,1,1,1,255,0.000000
256,3,0,3,2,349,0.456500
257,3,1,1,1,257,0.000000
258,3,1,1,1,258,0.009000
259,3,1,1,1,259,0.000000
260,3,1,1,1,260,0.000000
261,3,1,1,2,261,0.598000
262,3,1,1,1,262,0.000000
263,3,1,1,1,263,0.035500
264,3,1,1,1,264,0.000000
265,3,1,1,1,265,0.000000
266,3,1,1,2,266,0.226500
267,3,1,1,1,267,0.000000
268,3,1,1,1,268,0.000000
269,3,1,1,1,269,0.000000
270,3,1,1,1,270,0.000000
271,3,1,1,1,271,0.000000
272,3,1,1,1,272,0.000000
273,3,1,1,1,273,0.000000
274,3,1,1,1,274,0.000000
275,3,1,1,1,275,0.000000
276,3,1,1,3,276,0.068500
277,3,1,1,1,277,0.000000
278,3,1,1,1,278,0.000000
279,3,1,1,1,279,0.000000
280,3,1,2,2,759,0.181000
281,3,0,2,1,121,0.000000
282,3,1,1,1,282,0.000000
283,3,1,1,1,283,0.000000
284,3,1,1,1,284,0.000000
285,3,1,1,1,285,0.000000
286,3,1,1,1,286,0.000000
287,3,1,1,1,287,0.000000
288,3,1,1,1,288,0.000000
289,3,0,3,1,432,0.000000
290,3,1,1,2,290,0.183000
291,3,0,7,2,365,0.475000
292,3,1,1,2,292,0.068500
293,3,1,1,1,293,0.000000
294,3,1,2,4,672,0.102000
295,3,1,1,1,295,0.000000
296,3,1,1,1,296,0.000000
297,3,1,1,1,297,0.000000
298,3,1,1,1,298,0.000000
299,3,1,1,1,299,0.000000
300,3,1,1,1,300,0.000000
301,3,1,1,1,301,0.000000
302,3,1,1,1,302,0.000000
303,3,1,1,1,303,0.000000
304,3,1,1,1,304,0.010500
305,3,1,1,1,305,0.000000
306,3,0,3,2,998,0.135000
307,3,1,1,1,307,0.000000
308,3,1,1,1,308,0.000000
309,3,1,1,1,309,0.000000
310,3,1,1,1,310,0.000000
311,3,1,1,1,311,0.000500
312,3,1,1,1,312,0.018000
313,3,0,5,1,221,0.001000
314,3,1,2,3,1,0.105000
315,3,1,1,1,315,0.000000
316,3,1,1,1,316,0.000000
317,3,1,2,2,78,0.590500
318,3,1,1,1,318,0.000000
319,3,1,1,1,319,0.000000
320,3,1,1,1,320,0.000000
321,3,0,10,4,725,0.107000
322,3,1,1,1,322,0.000000
323,3,1,1,1,323,0.000000
324,3,1,1,1,324,0.000000
325,3,1,1,1,325,0.000000
326,3,0,3,2,981,0.075000
327,3,1,1,1,327,0.000000
328,3,1,2,2,376,0.963500
329,3,1,1,1,329,0.000000
330,3,1,1,1,330,0.003000
331,3,1,1,1,331,0.000000
332,3,1,1,1,332,0.000000
333,3,0,4,1,418,0.000000
334,3,1,1,1,334,0.000000
335,3,0,14,1,509,0.000000
336,3,1,1,1,336,0.000000
337,3,1,1,1,337,0.000000
338,3,1,1,2,338,0.158500
339,3,1,1,1,339,0.000000
340,3,1,1,1,340,0.000000
341,3,1,1,1,341,0.000000
342,3,1,1,1,342,0.000000
343,3,1,1,4,343,0.054500
344,3,1,1,1,344,0.000000
345,3,1,1,1,345,0.000000
346,3,1,1,1,346,0.000000
347,3,1,1,1,347,0.000000
348,3,1,1,1,348,0.000000
349,3,1,1,1,349,0.000000
350,3,1,1,1,350,0.012000
351,3,1,1,1,351,0.000000
352,3,1,1,1,352,0.021000
353,3,1,2,2,494,0.625500
354,3,1,1,1,354,0.000000
355,3,1,1,1,355,0.000000
356,3,0,14,5,750,0.192000
357,3,1,1,1,357,0.000000
358,3,1,1,1,358,0.000000
359,3,1,1,1,359,0.000000
360,3,1,1,1,360,0.011500
361,3,1,1,1,361,0.000000
362,3,1,1,1,362,0.000000
363,3,1,1,1,363,0.000000
364,3,1,1,2,364,0.589500
365,3,1,1,1,365,0.000000
366,3,1,1,1,366,0.000000
367,3,1,1,1,367,0.000000
368,3,1,1,1,368,0.000000
369,3,1,1,1,369,0.000000
370,3,0,3,1,26,0.000500
371,3,1,1,2,371,0.243500
372,3,1,1,1,372,0.000000
373,3,1,1,1,373,0.000000
374,3,1,1,1,374,0.000000
375,3,1,1,1,375,0.000000
376,3,1,1,1,376,0.000000
377,3,1,1,1,377,0.000000
378,3,1,1,1,378,0.000000
379,3,1,1,1,379,0.000000
380,3,1,2,2,517,0.230000
381,3,1,1,1,381,0.000000
382,3,1,1,1,382,0.000000
383,3,1,1,1,383,0.000000
384,3,1,1,1,384,0.000000
385,3,1,1,1,385,0.000500
386,3,1,1,1,386,0.000000
387,3,1,1,1,387,0.000000
388,3,1,1,1,388,0.000000
389,3,1,1,1,389,0.000000
390,3,0,5,1,254,0.000000
391,3,1,1,1,391,0.000000
392,3,1,1,1,392,0.000000
393,3,1,1,1,393,0.000000
394,3,1,1,1,394,0.000000
395,3,1,1,1,395,0.000000
396,3,1,1,1,396,0.000000
397,3,1,2,2,70,0.700000
398,3,1,2,2,324,0.727500
399,3,1,2,2,763,0.075000
400,3,1,1,1,400,0.000000
401,3,1,1,2,401,0.053000
402,3,1,1,1,402,0.000000
403,3,1,1,1,403,0.000000
404,3,1,1,1,404,0.000000
405,3,0,4,1,29,0.000000
406,3,1,2,2,259,0.639500
407,3,1,1,1,407,0.000000
408,3,1,1,1,408,0.000000
409,3,1,1,1,409,0.000000
410,3,1,1,1,410,0.000000
411,3,1,1,1,411,0.000000
412,3,1,1,1,412,0.000000
413,3,1,1,1,413,0.000000
414,3,1,1,1,414,0.000000
415,3,1,1,2,415,0.976000
416,3,1,1,1,416,0.000000
417,3,1,1,1,417,0.000000
418,3,1,1,1,418,0.001000
419,3,1,1,1,419,0.000000
420,3,1,1,1,420,0.000500
421,3,1,1,1,421,0.003500
422,3,1,1,1,422,0.000000
423,3,1,1,1,423,0.000000
424,3,1,1,1,424,0.000000
425,3,1,1,1,425,0.000000
426,3,1,1,1,426,0.000000
427,3,0,2,1,681,0.013000
428,3,1,1,5,428,0.063000
429,3,0,4,1,423,0.000000
430,3,1,1,1,430,0.000000
431,3,1,1,1,431,0.000000
432,3,1,1,1,432,0.000000
433,3,1,1,1,433,0.000000
434,3,1,1,1,434,0.000000
435,3,1,1,1,435,0.002500
436,3,1,1,1,436,0.000000
437,3,1,1,1,437,0.000000
438,3,1,1,1,438,0.000000
439,3,1,1,1,439,0.000000
440,3,0,2,1,969,0.000000
441,3,1,1,1,441,0.000000
442,3,1,1,2,442,0.076500
443,3,1,1,1,443,0.000000
444,3,1,1,1,444,0.000000
445,3,1,1,1,445,0.000000
446,3,1,1,1,446,0.000000
447,3,1,1,1,447,0.014500
448,3,1,1,1,448,0.000000
449,3,1,1,2,449,0.133000
450,3,1,1,1,450,0.002000
451,3,1,1,1,451,0.000000
452,3,1,1,1,452,0.000000
453,3,1,1,1,453,0.000000
454,3,1,1,1,454,0.000000
455,3,1,1,1,455,0.000000
456,3,1,1,2,456,0.050000
457,3,1,1,1,457,0.000000
458,3,1,1,1,458,0.000000
459,3,1,1,1,459,0.000000
460,3,1,1,1,460,0.000000
461,3,1,1,1,461,0.000000
462,3,1,1,1,462,0.000000
463,3,1,1,1,463,0.000000
464,3,1,1,1,464,0.000000
465,3,0,6,1,963,0.000000
466,3,1,1,1,466,0.000000
467,3,1,1,1,467,0.000000
468,3,1,1,1,468,0.000000
469,3,1,1,1,469,0.000000
470,3,1,1,1,470,0.000000
471,3,1,1,1,471,0.000000
472,3,1,1,1,472,0.006500
473,3,1,1,2,473,0.821500
474,3,1,2,2,991,0.475000
475,3,1,1,1,475,0.000000
476,3,1,1,1,476,0.000000
477,3,1,1,1,477,0.000000
478,3,0,2,1,374,0.000000
479,3,1,1,1,479,0.000000
480,3,1,1,1,480,0.000000
481,3,1,1,1,481,0.016000
482,3,1,1,1,482,0.000000
483,3,1,2,2,417,0.459000
484,3,1,1,1,484,0.000000
485,3,1,1,2,485,0.236000
486,3,1,1,1,486,0.000000
487,3,1,1,1,487,0.000000
488,3,1,1,1,488,0.000000
489,3,1,1,1,489,0.000000
490,3,1,2,2,701,0.239500
491,3,1,1,2,491,0.963500
492,3,1,1,1,492,0.010500
493,3,1,1,1,493,0.000000
494,3,1,1,1,494,0.000000
495,3,1,1,1,495,0.000000
496,3,1,1,1,496,0.000000
497,3,1,1,2,497,0.492500
498,3,1,1,1,498,0.000000
499,3,1,1,1,499,0.000000
500,3,1,2,2,147,0.721000
501,3,0,2,1,995,0.000000
502,3,1,1,1,502,0.000000
503,3,0,17,2,61,0.900500
504,3,1,1,1,504,0.000000
505,3,0,2,1,565,0.002500
506,3,1,1,1,506,0.000000
507,3,1,1,1,507,0.000000
508,3,1,1,1,508,0.000000
509,3,1,1,1,509,0.000000
510,3,1,1,1,510,0.000000
511,3,1,1,1,511,0.000000
512,3,1,1,1,512,0.000000
513,3,1,1,1,513,0.000000
514,3,1,1,1,514,0.000000
515,3,0,2,1,233,0.000000
516,3,1,1,1,516,0.000000
517,3,1,1,1,517,0.000000
518,3,0,2,1,707,0.002500
519,3,1,1,1,519,0.000000
520,3,1,1,1,520,0.000000
521,3,1,1,1,521,0.000000
522,3,1,1,1,522,0.000000
523,3,1,1,1,523,0.000000
524,3,1,1,1,524,0.000000
525,3,1,1,1,525,0.001500
526,3,1,1,1,526,0.002000
527,3,1,3,4,691,0.353000
528,3,1,1,1,528,0.000000
529,3,1,1,1,529,0.001500
530,3,1,1,1,530,0.000000
531,3,1,1,1,531,0.000000
532,3,1,1,2,532,0.691500
533,3,1,2,2,444,0.268500
534,3,1,1,1,534,0.000000
535,3,1,1,1,535,0.000000
536,3,1,1,1,536,0.000000
537,3,1,1,1,537,0.000000
538,3,1,1,1,538,0.000000
539,3,1,1,1,539,0.000000
540,3,1,1,1,540,0.000000
541,3,1,1,1,541,0.000000
542,3,1,1,1,542,0.000000
543,3,1,1,1,543,0.000000
544,3,1,1,1,544,0.000000
545,3,1,2,2,99,0.280500
546,3,0,4,2,237,0.517000
547,3,1,1,1,547,0.000000
548,3,1,1,1,548,0.000000
549,3,1,1,1,549,0.006000
550,3,1,1,1,550,0.000000
551,3,1,1,2,551,0.135000
552,3,1,1,1,552,0.008500
553,3,1,1,1,553,0.000000
554,3,0,7,1,850,0.000000
555,3,1,1,1,555,0.000000
556,3,1,1,1,556,0.000000
557,3,1,1,1,557,0.000000
558,3,1,1,1,558,0.000000
559,3,1,1,1,559,0.000000
560,3,1,1,1,560,0.000000
561,3,1,1,1,561,0.000000
562,3,1,1,1,562,0.000000
563,3,1,1,1,563,0.000000
564,3,1,1,1,564,0.000000
565,3,1,1,1,565,0.013500
566,3,1,1,1,566,0.000000
567,3,1,1,1,567,0.000000
568,3,1,1,1,568,0.000000
569,3,1,1,1,569,0.000000
570,3,1,1,1,570,0.000000
571,3,1,1,1,571,0.000000
572,3,1,1,1,572,0.000000
573,3,1,1,1,573,0.000000
574,3,1,1,1,574,0.000000
575,3,1,1,1,575,0.000000
576,3,1,1,1,576,0.000000
577,3,0,3,2,172,0.930000
578,3,1,1,1,578,0.000000
579,3,1,1,1,579,0.000000
580,3,1,1,2,580,0.158500
581,3,1,1,1,581,0.000000
582,3,1,1,1,582,0.000000
583,3,1,2,3,405,0.075500
584,3,1,1,1,584,0.000000
585,3,1,1,1,585,0.000000
586,3,1,1,1,586,0.001000
587,3,1,1,2,587,0.222500
588,3,1,1,1,588,0.000000
589,3,1,1,1,589,0.000000
590,3,1,1,1,590,0.000000
591,3,1,1,1,591,0.000000
592,3,1,1,1,592,0.000000
593,3,1,1,1,593,0.000000
594,3,1,1,1,594,0.000000
595,3,1,1,1,595,0.000000
596,3,1,1,1,596,0.000000
597,3,1,1,1,597,0.000000
598,3,0,2,1,126,0.039000
599,3,1,1,1,599,0.000000
600,3,1,1,1,600,0.000000
601,3,1,1,1,601,0.000000
602,3,1,1,1,602,0.000000
603,3,1,1,1,603,0.000000
604,3,1,1,1,604,0.000000
605,3,1,1,1,605,0.000000
606,3,1,1,1,606,0.000000
607,3,1,1,1,607,0.000000
608,3,0,2,1,12,0.000000
609,3,1,1,2,609,0.094500
610,3,1,1,1,610,0.000000
611,3,1,1,1,611,0.000000
612,3,1,1,1,612,0.000000
613,3,1,1,1,613,0.000000
614,3,0,3,1,611,0.006000
615,3,1,1,2,615,0.303000
616,3,1,1,1,616,0.000000
617,3,1,1,1,617,0.011000
618,3,1,1,1,618,0.000000
619,3,1,1,1,619,0.000000
620,3,1,1,1,620,0.000000
621,3,1,3,3,819,0.666000
622,3,1,1,1,622,0.000000
623,3,1,1,1,623,0.001000
624,3,1,1,1,624,0.000000
625,3,1,1,1,625,0.000000
626,3,1,1,1,626,0.000000
627,3,1,1,1,627,0.000000
628,3,1,1,1,628,0.000000
629,3,1,2,2,876,0.784500
630,3,1,1,1,630,0.000000
631,3,1,1,2,631,0.409000
632,3,1,1,1,632,0.000000
633,3,1,1,1,633,0.000000
634,3,1,1,1,634,0.000000
635,3,0,2,1,501,0.017000
636,3,1,1,1,636,0.000000
637,3,0,4,2,591,0.387000
638,3,1,1,1,638,0.000000
639,3,1,1,1,639,0.000000
640,3,1,1,1,640,0.000000
641,3,1,1,1,641,0.000000
642,3,1,1,1,642,0.000000
643,3,1,1,1,643,0.000500
644,3,1,1,1,644,0.000000
645,3,1,1,1,645,0.000000
646,3,1,1,1,646,0.000000
647,3,1,1,1,647,0.000000
648,3,0,824,1,327,0.000000
649,3,1,1,1,649,0.000000
650,3,1,1,1,650,0.000000
651,3,1,1,1,651,0.000000
652,3,1,1,1,652,0.000000
653,3,1,1,1,653,0.000000
654,3,0,3,1,784,0.001500
655,3,1,1,1,655,0.000000
656,3,1,1,1,656,0.000000
657,3,1,1,1,657,0.018000
658,3,1,1,1,658,0.000000
659,3,1,1,1,659,0.000000
660,3,1,2,5,281,0.056000
661,3,1,1,1,661,0.000000
662,3,1,1,1,662,0.000000
663,3,1,1,1,663,0.000000
664,3,1,2,2,995,0.102500
665,3,0,5,3,157,0.785000
666,3,1,1,1,666,0.000000
667,3,1,2,2,798,0.226000
668,3,1,1,1,668,0.000000
669,3,1,1,1,669,0.000000
670,3,1,1,1,670,0.000000
671,3,0,4,1,37,0.000000
672,3,0,2,1,237,0.003000
673,3,1,1,1,673,0.000000
674,3,1,1,2,674,0.104500
675,3,1,1,1,675,0.000000
676,3,1,1,1,676,0.000000
677,3,1,1,2,677,0.237500
678,3,1,1,1,678,0.000000
679,3,0,8,1,253,0.000000
680,3,1,2,2,307,0.939500
681,3,1,1,1,681,0.000000
682,3,1,2,2,141,0.635500
683,3,0,6,1,226,0.000000
684,3,1,1,1,684,0.000000
685,3,1,1,1,685,0.000000
686,3,0,3,2,765,0.102000
687,3,1,1,1,687,0.000000
688,3,1,1,1,688,0.000000
689,3,0,12,1,725,0.000000
690,3,1,1,1,690,0.000000
691,3,1,1,2,691,0.556500
692,3,1,1,1,692,0.000000
693,3,1,1,1,693,0.000000
694,3,1,1,1,694,0.034500
695,3,1,1,1,695,0.000000
696,3,1,1,1,696,0.009500
697,3,1,2,2,850,0.074500
698,3,1,1,1,698,0.000000
699,3,1,1,3,699,0.568500
700,3,1,1,1,700,0.000000
701,3,1,1,1,701,0.000000
702,3,1,1,1,702,0.000000
703,3,1,1,1,703,0.000000
704,3,1,1,1,704,0.000000
705,3,0,3,1,941,0.000000
706,3,1,1,1,706,0.000000
707,3,0,2,1,793,0.013000
708,3,1,1,1,708,0.000000
709,3,1,3,3,160,0.118500
710,3,1,1,1,710,0.000000
711,3,1,1,2,711,0.088500
712,3,1,1,1,712,0.000000
713,3,1,1,1,713,0.000000
714,3,1,1,1,714,0.000000
715,3,1,1,1,715,0.000000
716,3,1,4,4,589,0.310000
717,3,1,1,1,717,0.000000
718,3,1,1,1,718,0.000000
719,3,1,1,1,719,0.000000
720,3,1,1,1,720,0.000000
721,3,1,1,1,721,0.000000
722,3,1,1,1,722,0.009000
723,3,1,1,1,723,0.000500
724,3,1,1,1,724,0.000000
725,3,0,2,1,30,0.000000
726,3,1,1,1,726,0.000000
727,3,1,1,1,727,0.000000
728,3,1,1,1,728,0.000000
729,3,1,1,1,729,0.000000
730,3,1,1,1,730,0.000000
731,3,1,1,1,731,0.000000
732,3,1,1,1,732,0.000000
733,3,1,1,1,733,0.000000
734,3,1,1,1,734,0.000000
735,3,1,1,1,735,0.000000
736,3,1,1,1,736,0.000000
737,3,1,1,1,737,0.000000
738,3,1,1,1,738,0.001500
739,3,1,1,1,739,0.000000
740,3,1,1,3,740,0.128000
741,3,1,1,1,741,0.000000
742,3,1,1,1,742,0.000000
743,3,1,1,1,743,0.000000
744,3,1,1,1,744,0.000000
745,3,1,1,2,745,0.285000
746,3,1,1,1,746,0.000000
747,3,1,1,1,747,0.000000
748,3,1,1,1,748,0.000000
749,3,1,1,1,749,0.000000
750,3,1,1,2,750,0.080500
751,3,1,1,1,751,0.009500
752,3,1,1,1,752,0.000000
753,3,1,1,1,753,0.000000
754,3,1,1,1,754,0.000000
755,3,1,2,2,283,0.334000
756,3,0,3,1,742,0.049500
757,3,0,3,1,180,0.009000
758,3,1,1,2,758,0.163500
759,3,1,1,1,759,0.000000
760,3,1,1,1,760,0.000000
761,3,0,3,1,34,0.023000
762,3,1,1,1,762,0.000000
763,3,1,1,1,763,0.000000
764,3,1,1,5,764,0.050500
765,3,1,1,1,765,0.000000
766,3,1,1,4,766,0.063500
767,3,1,1,1,767,0.000000
768,3,1,1,1,768,0.000000
769,3,1,1,1,769,0.000000
770,3,1,1,1,770,0.000000
771,3,1,1,1,771,0.000000
772,3,1,1,1,772,0.000000
773,3,1,1,4,773,0.112000
774,3,1,1,1,774,0.000000
775,3,1,1,3,775,0.065000
776,3,1,1,1,776,0.000000
777,3,1,1,1,777,0.000000
778,3,1,1,1,778,0.000000
779,3,1,1,1,779,0.000000
780,3,1,1,1,780,0.000500
781,3,1,1,1,781,0.000000
782,3,1,2,2,150,0.071500
783,3,1,1,2,783,0.094000
784,3,0,5,1,481,0.012500
785,3,1,1,1,785,0.000000
786,3,1,1,1,786,0.000000
787,3,1,1,2,787,0.690000
788,3,1,1,1,788,0.000000
789,3,1,1,1,789,0.000000
790,3,1,1,1,790,0.000000
791,3,1,1,1,791,0.000000
792,3,1,1,1,792,0.000000
793,3,1,1,1,793,0.000000
794,3,1,1,1,794,0.006000
795,3,1,1,1,795,0.000000
796,3,1,1,1,796,0.000500
797,3,0,2,1,7,0.004000
798,3,1,1,2,798,0.311000
799,3,1,1,1,799,0.000000
800,3,1,1,1,800,0.037000
801,3,1,1,1,801,0.000000
802,3,1,1,1,802,0.000000
803,3,0,4,1,963,0.000000
804,3,1,1,1,804,0.000000
805,3,1,1,1,805,0.000000
806,3,1,1,1,806,0.000000
807,3,1,1,1,807,0.000000
808,3,1,1,1,808,0.004500
809,3,1,1,1,809,0.000000
810,3,1,1,1,810,0.000000
811,3,1,1,1,811,0.000000
812,3,1,2,3,485,0.325000
813,3,1,1,1,813,0.001000
814,3,0,2,1,566,0.000500
815,3,1,1,1,815,0.040000
816,3,1,1,1,816,0.000000
817,3,1,1,1,817,0.000000
818,3,1,1,1,818,0.000000
819,3,1,1,1,819,0.000000
820,3,1,1,1,820,0.000000
821,3,1,1,1,821,0.000000
822,3,1,1,1,822,0.000000
823,3,1,1,1,823,0.000000
824,3,1,1,2,824,0.295000
825,3,1,1,1,825,0.000000
826,3,0,3,2,561,0.207000
827,3,1,1,4,827,0.097500
828,3,1,1,1,828,0.000000
829,3,1,1,1,829,0.000000
830,3,1,1,1,830,0.000000
831,3,1,1,1,831,0.000000
832,3,1,1,2,832,0.337000
833,3,1,1,1,833,0.041500
834,3,1,1,1,834,0.000000
835,3,1,1,1,835,0.000000
836,3,1,1,1,836,0.000000
837,3,1,1,1,837,0.000000
838,3,1,2,2,762,0.282500
839,3,0,3,2,521,0.182000
840,3,1,1,1,840,0.000000
841,3,1,2,2,466,0.933000
842,3,1,1,1,842,0.000000
843,3,1,1,2,843,0.282000
844,3,1,1,2,844,0.399000
845,3,1,1,1,845,0.000000
846,3,1,1,1,846,0.000000
847,3,1,1,1,847,0.000000
848,3,1,1,2,848,0.156000
849,3,1,2,3,852,0.087500
850,3,1,1,1,850,0.000000
851,3,1,1,1,851,0.000000
852,3,1,1,3,852,0.130500
853,3,1,1,1,853,0.000000
854,3,1,1,2,854,0.072000
855,3,1,1,1,855,0.000000
856,3,1,1,1,856,0.000000
857,3,0,3,1,472,0.015000
858,3,1,1,1,858,0.000000
859,3,1,1,1,859,0.000000
860,3,1,1,1,860,0.000000
861,3,1,1,1,861,0.000000
862,3,1,2,4,574,0.100500
863,3,1,1,1,863,0.000000
864,3,1,1,1,864,0.000500
865,3,1,1,1,865,0.000000
866,3,1,1,1,866,0.000000
867,3,1,1,1,867,0.000000
868,3,1,1,1,868,0.000000
869,3,1,1,1,869,0.000000
870,3,1,1,1,870,0.000000
871,3,1,1,1,871,0.000000
872,3,1,1,1,872,0.000000
873,3,1,1,1,873,0.000000
874,3,1,1,1,874,0.000000
875,3,1,1,1,875,0.000000
876,3,1,1,1,876,0.000000
877,3,0,2,1,638,0.001500
878,3,1,1,1,878,0.008500
879,3,1,1,1,879,0.000000
880,3,0,5,1,200,0.000000
881,3,1,1,1,881,0.000000
882,3,1,1,1,882,0.000000
883,3,1,1,1,883,0.015500
884,3,1,1,2,884,0.275500
885,3,1,1,1,885,0.000000
886,3,1,1,1,886,0.017000
887,3,0,3,2,786,0.117000
888,3,1,1,1,888,0.008500
889,3,1,1,1,889,0.000000
890,3,1,1,1,890,0.000000
891,3,1,1,1,891,0.000000
892,3,1,1,1,892,0.000000
893,3,0,2,1,829,0.032000
894,3,1,1,1,894,0.000000
895,3,1,1,1,895,0.000000
896,3,1,3,3,144,0.053000
897,3,0,5,3,796,0.241500
898,3,1,1,1,898,0.005000
899,3,1,1,1,899,0.000000
900,3,1,3,3,989,0.860500
901,3,1,1,1,901,0.000000
902,3,1,1,1,902,0.000000
903,3,1,1,1,903,0.000000
904,3,1,1,1,904,0.000000
905,3,1,1,2,905,0.054500
906,3,1,1,1,906,0.000000
907,3,1,1,1,907,0.000000
908,3,1,1,1,908,0.000000
909,3,1,1,1,909,0.000000
910,3,0,11,3,999,0.123500
911,3,1,1,1,911,0.000000
912,3,1,1,1,912,0.000000
913,3,1,1,1,913,0.000000
914,3,1,1,1,914,0.000000
915,3,1,1,1,915,0.000000
916,3,1,1,1,916,0.000000
917,3,1,1,2,917,0.436500
918,3,1,1,1,918,0.000500
919,3,1,1,1,919,0.000000
920,3,1,1,1,920,0.007000
921,3,1,1,2,921,0.262000
922,3,0,8,1,710,0.005000
923,3,1,1,1,923,0.000000
924,3,1,1,1,924,0.000000
925,3,0,3,1,465,0.000000
926,3,1,1,1,926,0.000000
927,3,1,1,2,927,0.753500
928,3,1,1,1,928,0.000000
929,3,1,1,1,929,0.000000
930,3,1,1,1,930,0.000000
931,3,1,1,1,931,0.005500
932,3,1,1,1,932,0.000000
933,3,1,1,1,933,0.000000
934,3,1,1,1,934,0.000000
935,3,1,1,1,935,0.000000
936,3,1,1,1,936,0.000000
937,3,1,1,1,937,0.000000
938,3,1,1,1,938,0.000000
939,3,1,1,1,939,0.000000
940,3,1,1,1,940,0.000000
941,3,1,1,1,941,0.000000
942,3,1,1,1,942,0.000000
943,3,1,1,1,943,0.000000
944,3,1,1,1,944,0.000000
945,3,1,1,1,945,0.000000
946,3,1,1,1,946,0.000000
947,3,1,1,1,947,0.000000
948,3,1,1,1,948,0.000000
949,3,1,1,1,949,0.030500
950,3,1,1,1,950,0.000000
951,3,1,1,1,951,0.000000
952,3,1,1,1,952,0.000000
953,3,1,1,2,953,0.074500
954,3,1,1,1,954,0.000000
955,3,1,1,1,955,0.000000
956,3,1,1,1,956,0.000000
957,3,1,2,2,916,0.597000
958,3,1,1,1,958,0.025500
959,3,1,1,1,959,0.000000
960,3,1,1,1,960,0.000000
961,3,1,2,2,909,0.203500
962,3,1,1,1,962,0.000000
963,3,1,1,1,963,0.000000
964,3,0,2,1,459,0.000000
965,3,1,1,2,965,0.316000
966,3,1,1,1,966,0.000000
967,3,0,3,1,365,0.000000
968,3,1,1,1,968,0.000000
969,3,1,1,1,969,0.000000
970,3,1,1,1,970,0.038000
971,3,1,1,1,971,0.000000
972,3,1,1,1,972,0.000000
973,3,1,1,1,973,0.000000
974,3,1,1,1,974,0.000000
975,3,1,1,1,975,0.000000
976,3,1,1,1,976,0.002000
977,3,1,1,2,977,0.085000
978,3,1,1,2,978,0.344000
979,3,1,1,1,979,0.000000
980,3,1,1,1,980,0.000000
981,3,1,1,3,981,0.301500
982,3,1,1,2,982,0.383500
983,3,1,1,1,983,0.000000
984,3,1,1,1,984,0.000000
985,3,1,1,1,985,0.000000
986,3,1,2,2,999,0.914000
987,3,1,1,1,987,0.000000
988,3,1,1,1,988,0.000000
989,3,1,1,1,989,0.000000
990,3,1,1,1,990,0.000000
991,3,1,1,1,991,0.000000
992,3,1,1,1,992,0.000000
993,3,1,1,1,993,0.000000
994,3,1,1,1,994,0.000000
995,3,1,1,1,995,0.000500
996,3,1,1,1,996,0.000000
997,3,1,1,1,997,0.000000
998,3,1,1,1,998,0.000000
999,3,1,1,1,999,0.000000
1000,3,1,1,1,1000,0.000000
1,4,1,1,3,1,0.288500
2,4,1,1,1,2,0.000000
3,4,0,2,1,81,0.000000
4,4,1,1,2,4,0.113500
5,4,1,1,1,5,0.000000
6,4,1,1,1,6,0.000000
7,4,1,1,1,7,0.000000
8,4,1,1,1,8,0.000000
9,4,1,1,1,9,0.000000
10,4,1,1,1,10,0.000000
11,4,1,2,2,50,0.439000
12,4,1,1,1,12,0.000000
13,4,1,1,1,13,0.000000
14,4,1,1,2,14,0.425000
15,4,1,1,1,15,0.000500
16,4,0,5,3,207,0.085000
17,4,1,1,1,17,0.000000
18,4,1,1,1,18,0.008000
19,4,1,1,1,19,0.000000
20,4,1,1,1,20,0.000000
21,4,1,2,2,837,0.096500
22,4,1,1,1,22,0.000000
23,4,1,1,1,23,0.000000
24,4,1,1,1,24,0.000000
25,4,1,1,1,25,0.000000
26,4,1,1,1,26,0.000000
27,4,1,1,1,27,0.000000
28,4,1,1,1,28,0.000000
29,4,1,1,1,29,0.000000
30,4,1,1,1,30,0.000000
31,4,1,1,2,31,0.946000
32,4,1,1,1,32,0.000000
33,4,1,1,1,33,0.000000
34,4,1,2,2,985,0.854500
35,4,1,1,1,35,0.000000
36,4,1,1,1,36,0.000000
37,4,1,1,1,37,0.000000
38,4,1,1,1,38,0.000000
39,4,1,1,1,39,0.000000
40,4,1,1,1,40,0.000000
41,4,1,1,1,41,0.000000
42,4,1,1,1,42,0.000000
43,4,1,1,2,43,0.667500
44,4,1,1,1,44,0.000000
45,4,1,1,1,45,0.000000
46,4,1,1,1,46,0.000000
47,4,1,1,1,47,0.000000
48,4,1,1,1,48,0.000000
49,4,0,2,1,80,0.001000
50,4,1,1,1,50,0.000000
51,4,1,1,1,51,0.000000
52,4,1,1,1,52,0.000000
53,4,1,1,2,53,0.058000
54,4,0,2,1,107,0.000000
55,4,1,1,1,55,0.000000
56,4,1,1,1,56,0.000000
57,4,1,1,2,57,0.091000
58,4,1,1,1,58,0.000000
59,4,1,1,2,59,0.366500
60,4,1,2,2,991,0.374000
61,4,1,1,1,61,0.000500
62,4,1,1,1,62,0.000000
63,4,1,1,1,63,0.000000
64,4,1,1,1,64,0.000000
65,4,1,1,1,65,0.000000
66,4,1,1,1,66,0.000000
67,4,1,1,1,67,0.000000
68,4,1,1,1,68,0.000000
69,4,1,1,3,69,0.517500
70,4,1,1,1,70,0.000000
71,4,1,1,1,71,0.000000
72,4,1,1,1,72,0.000000
73,4,1,1,1,73,0.000000
74,4,1,1,1,74,0.000000
75,4,1,1,1,75,0.000000
76,4,1,1,1,76,0.000000
77,4,1,1,1,77,0.000000
78,4,1,1,1,78,0.000000
79,4,1,1,2,79,0.117500
80,4,1,1,2,80,0.102000
81,4,1,1,1,81,0.000000
82,4,1,1,1,82,0.013500
83,4,1,2,2,37,0.831000
84,4,1,1,1,84,0.000000
85,4,1,1,1,85,0.000000
86,4,1,1,1,86,0.000000
87,4,1,1,1,87,0.000000
88,4,1,1,1,88,0.000000
89,4,1,1,1,89,0.000000
90,4,1,1,2,90,0.795500
91,4,1,1,1,91,0.000000
92,4,1,1,2,92,0.641000
93,4,0,3,2,143,0.298000
94,4,1,1,3,94,0.155500
95,4,1,1,1,95,0.000000
96,4,1,1,1,96,0.001500
97,4,1,3,3,120,0.106500
98,4,1,1,1,98,0.000000
99,4,1,1,1,99,0.000000
100,4,0,6,1,494,0.000000
101,4,1,2,2,615,0.975500
102,4,0,2,1,660,0.000000
103,4,1,1,1,103,0.000000
104,4,1,1,1,104,0.000000
105,4,1,1,1,105,0.019500
106,4,1,1,2,106,0.429500
107,4,1,1,1,107,0.000000
108,4,0,17,3,250,0.171500
109,4,1,1,1,109,0.000000
110,4,1,1,1,110,0.000000
111,4,1,1,1,111,0.000000
112,4,1,1,1,112,0.000000
113,4,1,1,1,113,0.000000
114,4,1,1,1,114,0.000000
115,4,1,1,1,115,0.000000
116,4,1,1,2,116,0.426500
117,4,1,1,1,117,0.000000
118,4,1,1,1,118,0.001000
119,4,1,1,1,119,0.000000
120,4,0,3,1,514,0.000000
121,4,1,1,1,121,0.000000
122,4,1,1,1,122,0.000000
123,4,1,1,1,123,0.000000
124,4,0,2,1,795,0.000500
125,4,1,1,1,125,0.000000
126,4,1,1,1,126,0.000000
127,4,1,1,1,127,0.000000
128,4,1,1,1,128,0.010000
129,4,1,1,1,129,0.000000
130,4,0,3,2,366,0.124500
131,4,1,1,2,131,0.184500
132,4,1,1,1,132,0.000000
133,4,0,2,1,71,0.000000
134,4,1,1,1,134,0.000000
135,4,1,1,1,135,0.000000
136,4,1,1,1,136,0.000000
137,4,1,1,1,137,0.000000
138,4,1,1,1,138,0.023500
139,4,1,1,1,139,0.015000
140,4,1,1,1,140,0.000000
141,4,1,1,1,141,0.000000
142,4,1,1,1,142,0.000000
143,4,1,1,1,143,0.000000
144,4,1,1,1,144,0.000500
145,4,1,1,1,145,0.000000
146,4,1,1,1,146,0.000000
147,4,1,1,2,147,0.182500
148,4,1,1,1,148,0.000000
149,4,1,1,1,149,0.000000
150,4,1,1,1,150,0.001000
151,4,1,1,1,151,0.000500
152,4,1,1,1,152,0.000000
153,4,1,1,1,153,0.000500
154,4,1,1,1,154,0.000000
155,4,1,1,1,155,0.000000
156,4,1,1,1,156,0.000000
157,4,1,1,1,157,0.000000
158,4,1,1,1,158,0.000000
159,4,1,1,1,159,0.000000
160,4,1,1,1,160,0.000500
161,4,1,1,1,161,0.000000
162,4,1,1,1,162,0.000000
163,4,1,1,2,163,0.137000
164,4,1,2,2,517,0.884000
165,4,1,1,1,165,0.000000
166,4,0,22,4,604,0.053500
167,4,1,1,1,167,0.000000
168,4,1,1,1,168,0.000000
169,4,1,1,2,169,0.104000
170,4,1,1,1,170,0.000000
171,4,1,1,1,171,0.000000
172,4,1,1,1,172,0.000000
173,4,1,1,1,173,0.000000
174,4,1,1,1,174,0.000000
175,4,1,1,1,175,0.000000
176,4,1,1,1,176,0.000000
177,4,1,1,1,177,0.000000
178,4,1,1,1,178,0.000000
179,4,1,2,3,910,0.674500
180,4,1,1,1,180,0.000000
181,4,1,1,1,181,0.000000
182,4,1,1,1,182,0.000000
183,4,1,1,1,183,0.000000
184,4,1,1,1,184,0.000000
185,4,1,1,1,185,0.000000
186,4,1,1,1,186,0.000000
187,4,1,1,1,187,0.000000
188,4,1,1,1,188,0.023500
189,4,1,1,1,189,0.000000
190,4,1,1,1,190,0.000000
191,4,0,2,1,534,0.000000
192,4,1,2,2,392,0.571500
193,4,1,1,1,193,0.000000
194,4,1,1,1,194,0.013500
195,4,1,1,2,195,0.125000
196,4,1,1,1,196,0.000000
197,4,1,2,2,358,0.494000
198,4,1,2,4,760,0.277500
199,4,1,1,2,199,0.057500
200,4,1,1,1,200,0.000000
201,4,1,1,1,201,0.000000
202,4,1,1,1,202,0.000000
203,4,1,1,1,203,0.000000
204,4,1,1,1,204,0.000000
205,4,1,1,2,205,0.076000
206,4,1,1,1,206,0.000000
207,4,1,1,1,207,0.036000
208,4,1,1,1,208,0.000000
209,4,1,1,1,209,0.012000
210,4,1,1,1,210,0.000500
211,4,1,1,1,211,0.000000
212,4,1,1,1,212,0.000000
213,4,1,1,1,213,0.000000
214,4,1,1,1,214,0.000000
215,4,1,1,1,215,0.000000
216,4,0,12,1,384,0.000000
217,4,0,4,1,456,0.000500
218,4,1,2,2,7,0.057000
219,4,1,1,1,219,0.000000
220,4,1,1,1,220,0.000000
221,4,1,1,1,221,0.015000
222,4,1,1,1,222,0.000000
223,4,1,1,1,223,0.000000
224,4,1,1,1,224,0.000000
225,4,0,5,1,294,0.000000
226,4,1,1,2,226,0.131500
227,4,1,1,1,227,0.000000
228,4,1,1,1,228,0.008500
229,4,1,1,1,229,0.000000
230,4,1,1,1,230,0.000000
231,4,1,1,1,231,0.000000
232,4,1,1,1,232,0.000000
233,4,0,3,1,724,0.008000
234,4,1,1,1,234,0.000000
235,4,1,1,1,235,0.000000
236,4,1,1,1,236,0.000000
237,4,1,1,2,237,0.119000
238,4,1,1,1,238,0.000000
239,4,1,1,1,239,0.000500
240,4,1,1,1,240,0.000000
241,4,0,5,4,347,0.484500
242,4,1,1,1,242,0.000000
243,4,1,1,1,243,0.003500
244,4,1,1,1,244,0.021500
245,4,1,1,1,245,0.000000
246,4,1,1,1,246,0.000000
247,4,1,1,1,247,0.000000
248,4,0,4,1,645,0.002500
249,4,1,1,1,249,0.000000
250,4,1,1,1,250,0.000000
251,4,1,1,1,251,0.000000
252,4,1,1,1,252,0.000000
253,4,1,1,1,253,0.000000
254,4,1,1,1,254,0.041500
255,4,1,1,1,255,0.001500
256,4,1,1,1,256,0.000000
257,4,0,7,3,49,0.810500
258,4,1,1,1,258,0.000000
259,4,1,1,1,259,0.000000
260,4,1,1,1,260,0.000000
261,4,1,1,1,261,0.001500
262,4,1,1,1,262,0.000000
263,4,1,1,1,263,0.000000
264,4,1,1,1,264,0.000000
265,4,1,1,1,265,0.000000
266,4,0,7,2,365,0.471500
267,4,0,5,2,880,0.638000
268,4,1,1,1,268,0.000000
269,4,0,2,1,458,0.000000
270,4,1,1,1,270,0.000000
271,4,1,1,1,271,0.000000
272,4,1,1,1,272,0.000000
273,4,1,1,1,273,0.000000
274,4,0,3,2,61,0.722500
275,4,1,1,1,275,0.000000
276,4,1,1,1,276,0.000000
277,4,1,1,1,277,0.000000
278,4,1,1,1,278,0.000000
279,4,1,1,1,279,0.000000
280,4,1,1,1,280,0.000000
281,4,0,4,2,121,0.082500
282,4,1,1,1,282,0.001000
283,4,1,1,2,283,0.183500
284,4,1,1,1,284,0.000000
285,4,1,1,1,285,0.000000
286,4,1,1,1,286,0.000000
287,4,1,1,1,287,0.000000
288,4,1,1,1,288,0.000000
289,4,1,1,1,289,0.000000
290,4,1,1,2,290,0.427500
291,4,1,1,1,291,0.001500
292,4,1,1,1,292,0.000000
293,4,1,1,1,293,0.000000
294,4,1,1,1,294,0.049500
295,4,1,2,2,815,0.496500
296,4,1,1,1,296,0.003500
297,4,1,1,1,297,0.000000
298,4,1,1,1,298,0.000000
299,4,1,1,1,299,0.000000
300,4,1,1,1,300,0.000000
301,4,1,1,1,301,0.000000
302,4,1,1,2,302,0.154500
303,4,1,1,1,303,0.000000
304,4,1,1,2,304,0.168000
305,4,1,2,2,29,0.449500
306,4,1,1,1,306,0.000000
307,4,1,1,1,307,0.000000
308,4,1,1,1,308,0.001500
309,4,1,1,1,309,0.000000
310,4,1,1,1,310,0.000000
311,4,1,1,1,311,0.000000
312,4,1,1,1,312,0.000000
313,4,0,5,1,221,0.000000
314,4,1,1,1,314,0.000000
315,4,1,1,1,315,0.000000
316,4,1,1,1,316,0.000000
317,4,1,1,1,317,0.000000
318,4,0,2,1,472,0.000000
319,4,1,1,1,319,0.000000
320,4,1,1,1,320,0.000000
321,4,1,1,2,321,0.174500
322,4,1,1,2,322,0.270000
323,4,1,1,1,323,0.000000
324,4,1,2,3,29,0.146500
325,4,1,1,1,325,0.000000
326,4,0,8,1,847,0.021000
327,4,1,1,1,327,0.000000
328,4,1,1,1,328,0.000000
329,4,1,1,1,329,0.000000
330,4,1,1,1,330,0.000000
331,4,1,1,1,331,0.000000
332,4,1,1,1,332,0.000000
333,4,1,1,1,333,0.004000
334,4,1,1,1,334,0.000000
335,4,1,1,4,335,0.276000
336,4,1,1,1,336,0.000000
337,4,1,1,1,337,0.000000
338,4,1,1,1,338,0.000000
339,4,1,1,1,339,0.000000
340,4,1,1,1,340,0.000000
341,4,1,1,4,341,0.078500
342,4,1,1,1,342,0.000000
343,4,1,1,1,343,0.000000
344,4,1,1,1,344,0.017500
345,4,1,1,1,345,0.000000
346,4,1,1,1,346,0.001000
347,4,1,1,1,347,0.000000
348,4,1,1,2,348,0.100500
349,4,1,1,1,349,0.000000
350,4,0,2,1,525,0.017500
351,4,1,1,1,351,0.000000
352,4,1,1,1,352,0.000000
353,4,1,1,1,353,0.008000
354,4,1,1,1,354,0.000000
355,4,1,1,1,355,0.000000
356,4,0,2,1,917,0.000500
357,4,1,1,1,357,0.000000
358,4,1,1,1,358,0.000000
359,4,1,1,1,359,0.000000
360,4,1,1,1,360,0.000000
361,4,1,1,1,361,0.000000
362,4,1,2,2,46,0.094000
363,4,1,1,1,363,0.000000
364,4,1,1,2,364,0.117000
365,4,1,1,2,365,0.075500
366,4,1,1,1,366,0.000000
367,4,1,1,1,367,0.000000
368,4,0,12,1,183,0.004000
369,4,1,1,1,369,0.000000
370,4,1,1,1,370,0.000000
371,4,1,1,1,371,0.000000
372,4,1,1,1,372,0.000000
373,4,1,1,1,373,0.000000
374,4,1,1,1,374,0.001500
375,4,1,1,1,375,0.000000
376,4,1,1,1,376,0.000000
377,4,1,1,1,377,0.000000
378,4,1,1,2,378,0.880500
379,4,1,1,1,379,0.000000
380,4,1,1,1,380,0.009000
381,4,1,1,1,381,0.000000
382,4,1,1,1,382,0.000000
383,4,0,4,1,541,0.026500
384,4,1,1,1,384,0.044500
385,4,1,1,1,385,0.038000
386,4,1,1,1,386,0.000000
387,4,1,1,1,387,0.000000
388,4,1,1,1,388,0.000000
389,4,0,3,1,942,0.000000
390,4,1,1,4,390,0.495500
391,4,1,1,1,391,0.000000
392,4,1,1,1,392,0.000000
393,4,1,1,1,393,0.020500
394,4,1,1,1,394,0.000000
395,4,1,1,1,395,0.000000
396,4,1,1,1,396,0.000000
397,4,1,1,1,397,0.000000
398,4,1,2,3,324,0.231500
399,4,1,1,6,399,0.073500
400,4,1,2,2,81,0.727500
401,4,1,1,1,401,0.000000
402,4,1,1,1,402,0.000000
403,4,1,1,2,403,0.615500
404,4,1,1,2,404,0.360500
405,4,0,11,2,324,0.754500
406,4,0,3,2,238,0.869000
407,4,1,1,1,407,0.000000
408,4,1,1,1,408,0.000000
409,4,1,1,1,409,0.000000
410,4,1,1,1,410,0.000000
411,4,1,1,1,411,0.000000
412,4,1,1,1,412,0.000000
413,4,1,1,1,413,0.000000
414,4,1,1,1,414,0.000000
415,4,1,1,1,415,0.000000
416,4,1,1,1,416,0.004500
417,4,1,1,1,417,0.000000
418,4,1,1,3,418,0.370500
419,4,1,1,1,419,0.000000
420,4,1,1,1,420,0.000000
421,4,0,3,2,789,0.076000
422,4,1,1,1,422,0.000000
423,4,1,1,1,423,0.002500
424,4,1,1,1,424,0.000000
425,4,1,1,1,425,0.000000
426,4,1,1,1,426,0.000000
427,4,1,1,1,427,0.000000
428,4,0,4,1,571,0.011000
429,4,1,1,3,429,0.067500
430,4,1,1,1,430,0.000000
431,4,1,1,1,431,0.000000
432,4,1,1,1,432,0.000000
433,4,1,1,2,433,0.119000
434,4,0,35,2,864,0.544500
435,4,1,1,3,435,0.191500
436,4,1,1,1,436,0.000000
437,4,1,1,1,437,0.006000
438,4,1,1,2,438,0.231500
439,4,1,1,1,439,0.000000
440,4,1,4,4,186,0.171500
441,4,1,1,1,441,0.000000
442,4,1,1,1,442,0.000000
443,4,1,1,1,443,0.000000
444,4,0,8,1,349,0.000000
445,4,1,1,1,445,0.000000
446,4,0,3,1,389,0.004500
447,4,1,1,1,447,0.000000
448,4,1,1,1,448,0.000000
449,4,1,1,2,449,0.385500
450,4,1,2,2,794,0.087500
451,4,1,1,1,451,0.000000
452,4,1,1,1,452,0.000000
453,4,1,1,1,453,0.000000
454,4,1,1,1,454,0.000000
455,4,1,1,2,455,0.157000
456,4,0,2,1,698,0.000000
457,4,1,1,1,457,0.000000
458,4,1,1,1,458,0.000000
459,4,1,1,1,459,0.000000
460,4,1,1,1,460,0.000000
461,4,1,1,1,461,0.000000
462,4,1,1,1,462,0.000000
463,4,1,1,1,463,0.000000
464,4,1,2,2,911,0.252500
465,4,1,1,1,465,0.000000
466,4,1,2,4,803,0.524000
467,4,1,1,1,467,0.000000
468,4,1,1,1,468,0.000000
469,4,1,1,1,469,0.000000
470,4,1,1,1,470,0.000000
471,4,1,1,1,471,0.000000
472,4,1,1,1,472,0.001500
473,4,1,2,2,807,0.727000
474,4,1,2,2,408,0.659500
475,4,1,1,1,475,0.000000
476,4,1,1,1,476,0.000000
477,4,1,1,1,477,0.000000
478,4,0,5,1,625,0.000000
479,4,1,1,1,479,0.000000
480,4,0,2,1,765,0.000000
481,4,1,1,1,481,0.038500
482,4,1,1,1,482,0.000000
483,4,1,1,2,483,0.129000
484,4,1,1,1,484,0.000000
485,4,1,1,1,485,0.000000
486,4,1,1,1,486,0.000000
487,4,1,1,1,487,0.000000
488,4,1,1,1,488,0.000000
489,4,1,1,1,489,0.045000
490,4,0,5,1,609,0.002000
491,4,1,7,5,813,0.069500
492,4,1,2,3,831,0.193500
493,4,1,1,1,493,0.000000
494,4,0,4,1,911,0.000000
495,4,1,1,1,495,0.000000
496,4,1,1,1,496,0.000000
497,4,1,1,1,497,0.000000
498,4,1,1,1,498,0.001000
499,4,1,1,1,499,0.000000
500,4,1,1,1,500,0.000000
501,4,1,5,7,514,0.160500
502,4,1,1,1,502,0.000000
503,4,1,1,1,503,0.000500
504,4,1,1,1,504,0.000000
505,4,1,1,1,505,0.000000
506,4,1,1,1,506,0.000000
507,4,0,3,1,941,0.001500
508,4,1,1,1,508,0.000000
509,4,1,1,1,509,0.000000
510,4,1,1,1,510,0.000000
511,4,1,1,1,511,0.000000
512,4,1,1,1,512,0.000000
513,4,1,1,1,513,0.000000
514,4,1,1,1,514,0.000000
515,4,1,1,1,515,0.000000
516,4,1,1,1,516,0.000000
517,4,0,5,3,532,0.090500
518,4,1,1,1,518,0.000000
519,4,1,1,1,519,0.000000
520,4,1,1,1,520,0.000000
521,4,1,1,1,521,0.000000
522,4,1,1,1,522,0.000000
523,4,1,1,1,523,0.000500
524,4,1,1,1,524,0.000000
525,4,1,1,1,525,0.000000
526,4,1,2,2,422,0.893500
527,4,1,2,2,428,0.266000
528,4,1,1,1,528,0.002000
529,4,1,1,1,529,0.000000
530,4,1,1,1,530,0.000000
531,4,1,1,1,531,0.000000
532,4,1,1,1,532,0.000000
533,4,1,1,1,533,0.000000
534,4,1,1,1,534,0.000000
535,4,1,1,1,535,0.000000
536,4,1,1,1,536,0.007500
537,4,1,1,1,537,0.000000
538,4,1,4,4,106,0.106500
539,4,1,1,1,539,0.000000
540,4,1,1,1,540,0.000000
541,4,1,1,1,541,0.000000
542,4,0,5,2,540,0.152500
543,4,1,1,1,543,0.000000
544,4,1,1,1,544,0.000000
545,4,1,1,1,545,0.000000
546,4,1,2,3,448,0.293000
547,4,1,1,1,547,0.000000
548,4,1,1,1,548,0.000000
549,4,0,2,1,214,0.001000
550,4,1,1,1,550,0.000000
551,4,1,1,1,551,0.000000
552,4,1,1,2,552,0.797500
553,4,1,1,1,553,0.000000
554,4,1,2,2,211,0.209000
555,4,1,1,2,555,0.201000
556,4,1,1,1,556,0.000000
557,4,1,1,1,557,0.000000
558,4,1,1,1,558,0.000000
559,4,1,1,1,559,0.000000
560,4,1,1,1,560,0.000000
561,4,1,2,2,688,0.535000
562,4,1,1,1,562,0.000000
563,4,1,1,2,563,0.659000
564,4,1,1,2,564,0.081500
565,4,1,1,1,565,0.000000
566,4,1,1,1,566,0.000000
567,4,1,1,1,567,0.000000
568,4,1,1,1,568,0.000000
569,4,1,1,1,569,0.000000
570,4,1,1,1,570,0.000000
571,4,1,1,1,571,0.034500
572,4,1,1,1,572,0.000000
573,4,1,1,1,573,0.000000
574,4,1,1,2,574,0.202500
575,4,1,1,1,575,0.000000
576,4,1,1,1,576,0.000000
577,4,0,17,1,628,0.000000
578,4,1,1,1,578,0.000000
579,4,1,1,1,579,0.000000
580,4,1,1,1,580,0.003000
581,4,1,1,1,581,0.000000
582,4,1,1,1,582,0.000000
583,4,0,4,2,490,0.897000
584,4,1,1,1,584,0.000000
585,4,0,2,1,301,0.019500
586,4,1,1,1,586,0.000000
587,4,1,1,2,587,0.264000
588,4,1,1,1,588,0.000000
589,4,0,2,1,892,0.000000
590,4,1,1,1,590,0.000000
591,4,1,1,1,591,0.000000
592,4,1,1,1,592,0.000000
593,4,1,1,1,593,0.000000
594,4,1,1,1,594,0.000000
595,4,1,1,1,595,0.000000
596,4,1,1,1,596,0.000000
597,4,1,1,1,597,0.000000
598,4,1,1,1,598,0.000000
599,4,1,1,1,599,0.000000
600,4,1,1,1,600,0.000000
601,4,1,1,1,601,0.000000
602,4,1,1,1,602,0.000000
603,4,1,1,1,603,0.000000
604,4,1,3,3,399,0.531500
605,4,0,2,1,328,0.000000
606,4,1,1,1,606,0.000000
607,4,0,2,1,550,0.021000
608,4,0,2,1,273,0.003000
609,4,1,1,1,609,0.000000
610,4,1,1,1,610,0.000000
611,4,1,1,1,611,0.000000
612,4,1,2,2,662,0.750000
613,4,1,1,1,613,0.000000
614,4,1,1,1,614,0.003500
615,4,0,11,1,193,0.000000
616,4,1,1,1,616,0.000000
617,4,1,1,2,617,0.371000
618,4,1,1,2,618,0.743000
619,4,1,1,3,619,0.319500
620,4,1,1,1,620,0.000000
621,4,1,1,1,621,0.000000
622,4,1,1,1,622,0.009500
623,4,1,1,1,623,0.000000
624,4,1,2,2,169,0.065000
625,4,1,1,2,625,0.080000
626,4,1,1,1,626,0.000000
627,4,1,1,1,627,0.000000
628,4,1,1,1,628,0.000000
629,4,1,1,1,629,0.000500
630,4,1,1,1,630,0.000000
631,4,1,1,1,631,0.004000
632,4,1,1,1,632,0.000000
633,4,1,1,1,633,0.000000
634,4,1,1,1,634,0.000000
635,4,1,1,4,635,0.114500
636,4,1,1,1,636,0.000000
637,4,1,1,1,637,0.002500
638,4,1,2,2,547,0.461000
639,4,1,1,1,639,0.000000
640,4,0,2,1,146,0.000000
641,4,1,1,1,641,0.002500
642,4,1,1,1,642,0.000000
643,4,1,1,1,643,0.000000
644,4,1,1,1,644,0.001500
645,4,1,1,2,645,0.339000
646,4,1,1,1,646,0.000000
647,4,1,1,1,647,0.000000
648,4,1,1,1,648,0.000000
649,4,1,1,1,649,0.000000
650,4,1,1,1,650,0.000000
651,4,0,2,1,301,0.000000
652,4,1,1,1,652,0.000000
653,4,1,1,1,653,0.000000
654,4,1,1,1,654,0.021500
655,4,1,1,1,655,0.000000
656,4,1,2,2,678,0.684000
657,4,1,1,1,657,0.000000
658,4,1,1,1,658,0.000000
659,4,1,1,1,659,0.000000
660,4,1,2,3,281,0.123500
661,4,0,11,1,213,0.001000
662,4,1,1,1,662,0.005500
663,4,1,1,1,663,0.000000
664,4,1,1,3,664,0.055500
665,4,1,1,3,665,0.261500
666,4,1,1,1,666,0.000000
667,4,0,4,1,798,0.008500
668,4,1,1,1,668,0.000000
669,4,1,1,1,669,0.000000
670,4,1,1,1,670,0.000000
671,4,1,1,1,671,0.000000
672,4,1,2,4,944,0.089000
673,4,1,1,1,673,0.000000
674,4,1,1,1,674,0.000000
675,4,1,1,1,675,0.000000
676,4,1,1,1,676,0.000000
677,4,1,1,2,677,0.654500
678,4,1,1,1,678,0.000000
679,4,1,1,1,679,0.000000
680,4,1,1,1,680,0.039000
681,4,1,1,1,681,0.000000
682,4,1,1,1,682,0.000000
683,4,0,2,1,423,0.002000
684,4,1,1,1,684,0.000000
685,4,1,1,3,685,0.374000
686,4,1,1,1,686,0.006500
687,4,1,1,1,687,0.000000
688,4,1,1,1,688,0.000000
689,4,0,14,2,566,0.064500
690,4,1,1,1,690,0.000000
691,4,0,3,1,428,0.013500
692,4,1,1,1,692,0.000000
693,4,1,1,1,693,0.000000
694,4,1,1,1,694,0.000000
695,4,1,1,1,695,0.000000
696,4,1,2,2,338,0.249500
697,4,1,1,1,697,0.000000
698,4,1,1,1,698,0.000000
699,4,0,3,1,976,0.000000
700,4,1,1,1,700,0.000000
701,4,1,2,2,786,0.079000
702,4,1,1,1,702,0.000000
703,4,1,1,1,703,0.000000
704,4,1,1,1,704,0.000000
705,4,1,1,2,705,0.273000
706,4,1,1,1,706,0.000000
707,4,1,3,3,62,0.113000
708,4,0,6,1,478,0.000000
709,4,1,1,1,709,0.000000
710,4,1,1,1,710,0.000000
711,4,0,11,1,186,0.000000
712,4,1,1,1,712,0.000000
713,4,1,1,1,713,0.000000
714,4,1,2,2,360,0.683000
715,4,0,5,1,596,0.007500
716,4,1,4,4,589,0.792500
717,4,1,1,1,717,0.000000
718,4,1,1,1,718,0.000000
719,4,1,1,1,719,0.000000
720,4,1,1,1,720,0.000000
721,4,1,1,1,721,0.000000
722,4,1,1,1,722,0.000000
723,4,1,1,1,723,0.000000
724,4,1,1,1,724,0.000000
725,4,1,1,1,725,0.000000
726,4,1,1,1,726,0.000000
727,4,1,1,1,727,0.000000
728,4,1,1,1,728,0.000000
729,4,1,1,1,729,0.000000
730,4,1,1,1,730,0.000000
731,4,1,1,1,731,0.000000
732,4,1,1,1,732,0.000000
733,4,1,1,3,733,0.063500
734,4,1,1,1,734,0.000000
735,4,1,1,1,735,0.015000
736,4,1,1,1,736,0.000000
737,4,1,1,1,737,0.000000
738,4,0,3,1,466,0.004000
739,4,1,1,1,739,0.010500
740,4,1,1,2,740,0.904000
741,4,1,1,1,741,0.000000
742,4,0,2,1,631,0.004000
743,4,0,3,1,208,0.000000
744,4,1,1,1,744,0.000000
745,4,1,1,1,745,0.000000
746,4,1,1,1,746,0.000000
747,4,1,1,1,747,0.000000
748,4,1,1,1,748,0.000000
749,4,1,1,1,749,0.000000
750,4,1,1,1,750,0.019000
751,4,0,6,1,440,0.036500
752,4,1,1,1,752,0.000000
753,4,1,1,1,753,0.000000
754,4,1,1,1,754,0.000000
755,4,1,1,1,755,0.000000
756,4,0,5,1,848,0.000000
757,4,1,1,1,757,0.000000
758,4,1,1,2,758,0.471000
759,4,1,1,1,759,0.000000
760,4,1,1,1,760,0.000000
761,4,1,1,1,761,0.000000
762,4,1,1,1,762,0.000000
763,4,1,1,1,763,0.000000
764,4,1,1,1,764,0.000000
765,4,1,1,1,765,0.000000
766,4,1,1,1,766,0.002000
767,4,1,1,1,767,0.000000
768,4,1,1,1,768,0.000000
769,4,1,1,2,769,0.195000
770,4,1,1,1,770,0.000000
771,4,1,1,1,771,0.000000
772,4,1,1,1,772,0.000000
773,4,1,1,1,773,0.001000
774,4,1,1,1,774,0.000000
775,4,0,2,1,234,0.003500
776,4,1,1,1,776,0.000000
777,4,1,1,1,777,0.000500
778,4,1,1,1,778,0.010500
779,4,1,1,3,779,0.414500
780,4,1,1,1,780,0.000000
781,4,1,1,1,781,0.000000
782,4,1,1,1,782,0.000000
783,4,1,1,1,783,0.000000
784,4,0,2,1,183,0.007500
785,4,1,1,1,785,0.000000
786,4,1,1,1,786,0.000000
787,4,1,1,1,787,0.000000
788,4,1,1,1,788,0.000000
789,4,1,2,2,983,0.407000
790,4,1,1,1,790,0.000000
791,4,1,1,1,791,0.000000
792,4,1,1,1,792,0.000000
793,4,1,1,1,793,0.000000
794,4,1,1,2,794,0.706000
795,4,1,1,1,795,0.000000
796,4,0,3,2,763,0.475500
797,4,1,1,2,797,0.075500
798,4,1,2,2,667,0.146000
799,4,1,1,1,799,0.000000
800,4,1,1,1,800,0.000000
801,4,1,3,3,740,0.288000
802,4,1,1,1,802,0.000000
803,4,1,1,3,803,0.248500
804,4,1,1,1,804,0.000000
805,4,1,1,1,805,0.000500
806,4,1,1,1,806,0.000000
807,4,0,7,1,789,0.000000
808,4,1,1,1,808,0.000000
809,4,1,1,1,809,0.000000
810,4,1,1,2,810,0.440000
811,4,1,1,1,811,0.000000
812,4,1,1,2,812,0.440000
813,4,1,1,1,813,0.000000
814,4,1,1,1,814,0.000000
815,4,1,1,1,815,0.000000
816,4,1,1,1,816,0.000000
817,4,1,1,1,817,0.000000
818,4,1,1,1,818,0.000000
819,4,1,1,1,819,0.000000
820,4,1,1,3,820,0.055500
821,4,1,1,1,821,0.000000
822,4,1,1,1,822,0.000000
823,4,1,1,1,823,0.000000
824,4,1,1,1,824,0.000000
825,4,1,1,2,825,0.130500
826,4,1,1,2,826,0.143500
827,4,1,1,1,827,0.002500
828,4,1,1,1,828,0.000000
829,4,1,1,1,829,0.000000
830,4,1,1,1,830,0.000000
831,4,0,5,2,609,0.716000
832,4,0,3,1,240,0.000000
833,4,1,1,1,833,0.000000
834,4,1,1,2,834,0.335000
835,4,1,1,1,835,0.003000
836,4,0,4,1,14,0.000000
837,4,1,1,1,837,0.000000
838,4,1,1,1,838,0.000000
839,4,1,1,1,839,0.000000
840,4,1,1,1,840,0.000000
841,4,1,1,1,841,0.000000
842,4,1,1,1,842,0.000000
843,4,1,1,1,843,0.000000
844,4,1,1,1,844,0.000000
845,4,1,1,1,845,0.037000
846,4,1,1,1,846,0.000000
847,4,1,1,1,847,0.000000
848,4,1,1,1,848,0.000000
849,4,1,1,1,849,0.000000
850,4,1,1,1,850,0.000000
851,4,1,1,1,851,0.000000
852,4,1,1,1,852,0.000000
853,4,1,1,1,853,0.000000
854,4,1,1,1,854,0.003500
855,4,1,1,1,855,0.000000
856,4,1,1,1,856,0.000000
857,4,1,1,1,857,0.000000
858,4,1,1,1,858,0.000000
859,4,1,1,1,859,0.000000
860,4,1,1,1,860,0.000000
861,4,1,1,1,861,0.000000
862,4,1,2,3,574,0.228500
863,4,1,1,1,863,0.000500
864,4,1,1,2,864,0.066000
865,4,1,1,1,865,0.000000
866,4,1,1,1,866,0.000000
867,4,1,1,1,867,0.000500
868,4,1,1,1,868,0.000000
869,4,1,1,1,869,0.000000
870,4,1,1,1,870,0.000000
871,4,1,1,1,871,0.000000
872,4,1,1,1,872,0.000000
873,4,1,1,1,873,0.000000
874,4,1,1,1,874,0.000000
875,4,1,1,1,875,0.000000
876,4,1,1,1,876,0.000000
877,4,1,1,2,877,0.092500
878,4,1,2,2,353,0.184000
879,4,1,1,1,879,0.000000
880,4,1,1,1,880,0.000000
881,4,1,1,1,881,0.000000
882,4,1,1,1,882,0.000000
883,4,0,2,1,612,0.007000
884,4,1,1,1,884,0.000000
885,4,1,1,1,885,0.000000
886,4,1,2,3,254,0.088000
887,4,1,1,1,887,0.000000
888,4,1,2,2,434,0.077500
889,4,1,1,1,889,0.000000
890,4,1,1,1,890,0.000000
891,4,1,1,2,891,0.188500
892,4,1,2,2,815,0.803000
893,4,1,2,2,829,0.193000
894,4,1,1,1,894,0.000000
895,4,1,1,1,895,0.000000
896,4,1,1,1,896,0.000000
897,4,1,1,1,897,0.000000
898,4,1,1,1,898,0.001000
899,4,1,4,4,334,0.254500
900,4,1,1,1,900,0.000000
901,4,1,1,1,901,0.024500
902,4,1,1,1,902,0.010500
903,4,1,1,1,903,0.000500
904,4,1,1,1,904,0.000000
905,4,1,1,1,905,0.001000
906,4,1,4,5,367,0.205000
907,4,1,1,1,907,0.000000
908,4,1,1,1,908,0.000000
909,4,1,1,1,909,0.000000
910,4,1,1,1,910,0.000000
911,4,1,1,1,911,0.000000
912,4,1,1,1,912,0.000000
913,4,1,1,2,913,0.103500
914,4,1,1,1,914,0.000000
915,4,1,1,1,915,0.000000
916,4,1,1,1,916,0.000000
917,4,0,4,2,773,0.289500
918,4,1,1,1,918,0.000000
919,4,1,1,1,919,0.000000
920,4,1,1,1,920,0.000000
921,4,1,1,2,921,0.743000
922,4,1,1,1,922,0.000000
923,4,1,1,1,923,0.000000
924,4,1,1,1,924,0.000000
925,4,1,1,1,925,0.000000
926,4,1,1,1,926,0.000000
927,4,1,1,1,927,0.016000
928,4,1,1,1,928,0.000000
929,4,1,1,1,929,0.000000
930,4,1,1,1,930,0.000000
931,4,1,1,3,931,0.058000
932,4,1,1,1,932,0.000000
933,4,1,1,1,933,0.007500
934,4,1,1,1,934,0.000500
935,4,1,1,1,935,0.000000
936,4,1,1,1,936,0.000000
937,4,1,1,1,937,0.000000
938,4,1,1,1,938,0.003500
939,4,1,1,1,939,0.000000
940,4,1,1,1,940,0.000000
941,4,1,3,4,507,0.188000
942,4,1,1,1,942,0.000000
943,4,1,1,3,943,0.498000
944,4,1,1,1,944,0.000000
945,4,1,1,1,945,0.003500
946,4,1,1,1,946,0.000000
947,4,1,1,1,947,0.000000
948,4,1,1,1,948,0.000000
949,4,1,1,1,949,0.000000
950,4,1,1,1,950,0.000000
951,4,1,2,3,600,0.776500
952,4,0,5,1,587,0.000000
953,4,1,1,2,953,0.210000
954,4,1,1,1,954,0.000000
955,4,1,1,1,955,0.000000
956,4,1,1,1,956,0.000000
957,4,1,1,1,957,0.003500
958,4,1,1,2,958,0.154500
959,4,1,1,1,959,0.000000
960,4,1,1,1,960,0.000000
961,4,1,1,1,961,0.000000
962,4,1,1,1,962,0.000000
963,4,1,1,1,963,0.000000
964,4,1,1,1,964,0.000000
965,4,1,1,1,965,0.000000
966,4,1,1,1,966,0.000000
967,4,1,1,1,967,0.000000
968,4,1,1,1,968,0.000000
969,4,1,1,1,969,0.000000
970,4,0,16,1,356,0.002000
971,4,1,2,2,689,0.112000
972,4,1,1,1,972,0.000000
973,4,1,1,1,973,0.000000
974,4,1,1,1,974,0.000000
975,4,1,1,1,975,0.000000
976,4,1,1,2,976,0.473500
977,4,0,4,1,290,0.028500
978,4,1,2,2,979,0.590500
979,4,1,1,1,979,0.000000
980,4,1,1,1,980,0.010500
981,4,0,19,1,953,0.016500
982,4,1,1,1,982,0.001500
983,4,1,1,1,983,0.000000
984,4,1,1,1,984,0.001000
985,4,1,1,1,985,0.000000
986,4,1,1,1,986,0.000000
987,4,1,2,2,645,0.135000
988,4,1,1,1,988,0.000000
989,4,1,1,2,989,0.966000
990,4,1,1,1,990,0.000000
991,4,1,1,1,991,0.000000
992,4,1,1,1,992,0.000000
993,4,1,1,1,993,0.000000
994,4,0,4,1,477,0.000000
995,4,1,1,1,995,0.000000
996,4,1,1,1,996,0.000000
997,4,1,1,1,997,0.000000
998,4,1,1,1,998,0.000000
999,4,1,1,1,999,0.000000
1000,4,1,1,1,1000,0.000000
