cop,run,in_set,rank,set_size,lowest_loss_cop,final_pvalue
1,0,0,62,13,729,0.083500
2,0,0,243,1,191,0.000000
3,0,0,138,14,901,0.345000
4,0,0,70,15,191,0.123500
5,0,0,76,1,191,0.006500
6,0,0,225,8,874,0.050000
7,0,0,298,48,252,0.058500
8,0,0,7,5,620,0.122000
9,0,1,1,1,9,0.000000
10,0,0,357,7,736,0.079500
11,0,0,112,52,145,0.053500
12,0,0,358,11,475,0.086000
13,0,1,1,1,13,0.030000
14,0,0,116,16,925,0.082000
15,0,0,519,28,99,0.059500
16,0,0,87,26,897,0.090500
17,0,0,318,5,875,0.126500
18,0,0,48,13,822,0.093000
19,0,0,325,32,914,0.064500
20,0,0,681,6,307,0.072000
21,0,0,125,15,392,0.051000
22,0,0,18,2,337,0.196000
23,0,0,232,14,348,0.074000
24,0,0,71,8,914,0.055500
25,0,0,774,4,724,0.066000
26,0,0,650,86,775,0.053000
27,0,0,23,5,727,0.054000
28,0,0,481,10,731,0.052000
29,0,0,768,58,733,0.063000
30,0,0,12,5,598,0.168500
31,0,1,6,27,660,0.054500
32,0,1,20,24,57,0.051500
33,0,0,381,26,814,0.050500
34,0,0,75,2,515,0.050000
35,0,0,159,25,516,0.053000
36,0,0,32,9,437,0.101000
37,0,1,5,11,597,0.065000
38,0,0,252,3,605,0.060000
39,0,0,313,19,226,0.083000
40,0,0,267,1,717,0.003500
41,0,1,8,6,192,0.083000
42,0,0,539,39,875,0.056000
43,0,0,107,1,754,0.000000
44,0,1,7,12,347,0.137500
45,0,0,479,5,875,0.057500
46,0,0,20,1,810,0.000000
47,0,0,18,6,410,0.065500
48,0,0,5,4,926,0.054000
49,0,0,9,1,262,0.025000
50,0,0,98,13,948,0.053500
51,0,1,3,8,754,0.062500
52,0,0,168,1,98,0.000000
53,0,0,289,23,814,0.082500
54,0,1,9,9,526,0.141500
55,0,0,609,21,672,0.053000
56,0,0,12,1,412,0.001000
57,0,0,47,18,347,0.091500
58,0,1,1,1,58,0.000000
59,0,0,43,8,261,0.068500
60,0,0,144,10,620,0.163000
61,0,0,22,19,320,0.057000
62,0,1,66,66,871,0.080000
63,0,0,287,10,602,0.059000
64,0,0,756,9,724,0.052000
65,0,0,39,4,603,0.167500
66,0,0,117,19,44,0.055500
67,0,0,256,9,348,0.350000
68,0,0,81,13,555,0.057000
69,0,1,1,14,69,0.085500
70,0,0,80,6,519,0.129500
71,0,0,46,6,749,0.071000
72,0,0,147,3,519,0.473500
73,0,0,83,22,193,0.057000
74,0,0,115,13,71,0.059000
75,0,0,123,17,239,0.054000
76,0,0,30,11,643,0.072000
77,0,0,456,20,554,0.067000
78,0,1,1,3,78,0.556500
79,0,1,2,11,426,0.067000
80,0,0,584,4,46,0.435500
81,0,0,307,21,911,0.053000
82,0,0,202,13,598,0.178000
83,0,1,3,7,336,0.101500
84,0,0,361,49,131,0.054000
85,0,1,2,5,783,0.436000
86,0,1,1,1,86,0.000000
87,0,0,28,10,226,0.063000
88,0,1,2,3,167,0.177000
89,0,0,871,4,402,0.479000
90,0,0,6,4,947,0.150500
91,0,1,10,38,914,0.060000
92,0,0,321,1,957,0.000500
93,0,0,717,1,191,0.023000
94,0,0,134,9,31,0.067000
95,0,0,14,6,967,0.561000
96,0,0,150,5,300,0.108000
97,0,0,84,15,142,0.063000
98,0,1,1,2,98,0.750500
99,0,0,139,12,426,0.059000
100,0,0,33,29,914,0.152000
101,0,1,8,11,193,0.065000
102,0,1,9,10,106,0.081500
103,0,0,133,25,832,0.118000
104,0,0,536,7,294,0.064500
105,0,0,14,5,498,0.086500
106,0,0,7,6,717,0.060000
107,0,1,1,10,107,0.050000
108,0,0,367,16,240,0.059000
109,0,0,356,41,750,0.063500
110,0,0,500,19,351,0.050500
111,0,0,463,37,647,0.050000
112,0,0,150,29,458,0.062000
113,0,0,202,27,105,0.054000
114,0,0,93,3,582,0.137000
115,0,0,46,2,932,0.217500
116,0,0,52,8,925,0.062000
117,0,1,2,5,948,0.156000
118,0,0,113,14,231,0.051500
119,0,1,3,6,253,0.196000
120,0,0,94,10,948,0.059000
121,0,0,37,13,832,0.103500
122,0,0,702,63,653,0.055500
123,0,0,15,2,18,0.058500
124,0,0,328,15,741,0.119000
125,0,1,20,28,889,0.057000
126,0,0,169,24,598,0.068000
127,0,0,318,38,779,0.054000
128,0,0,176,45,643,0.054000
129,0,0,6,1,216,0.003000
130,0,0,110,7,868,0.334500
131,0,1,15,15,498,0.080500
132,0,0,652,2,643,0.516500
133,0,0,240,3,620,0.217500
134,0,0,33,1,191,0.000000
135,0,0,115,16,914,0.057000
136,0,0,25,18,832,0.055500
137,0,0,447,30,769,0.060500
138,0,0,271,12,681,0.076000
139,0,0,6,2,205,0.985000
140,0,0,2,1,9,0.000000
141,0,0,68,13,645,0.060000
142,0,0,9,2,410,0.458000
143,0,0,688,23,575,0.091000
144,0,0,389,3,439,0.190000
145,0,1,2,6,914,0.092000
146,0,0,362,8,358,0.118000
147,0,0,161,9,717,0.124000
148,0,1,1,10,148,0.102000
149,0,0,381,33,875,0.051500
150,0,0,218,19,660,0.059500
151,0,0,43,22,289,0.053500
152,0,0,141,33,914,0.050000
153,0,0,786,34,597,0.056000
154,0,1,2,2,130,0.379500
155,0,0,8,4,576,0.077500
156,0,0,19,15,348,0.051000
157,0,0,49,3,437,0.057000
158,0,0,38,1,811,0.019000
159,0,1,4,6,484,0.399500
160,0,0,802,2,957,0.080500
161,0,0,32,9,302,0.072500
162,0,0,113,8,620,0.088500
163,0,0,311,9,614,0.063500
164,0,0,625,2,259,0.630500
165,0,0,86,2,642,0.227000
166,0,0,16,7,437,0.054500
167,0,1,3,3,572,0.160500
168,0,0,97,8,919,0.060500
169,0,0,142,12,106,0.060500
170,0,1,8,25,81,0.084500
171,0,0,80,4,37,0.326000
172,0,1,11,17,231,0.061000
173,0,0,4,2,320,0.875500
174,0,1,9,28,957,0.054500
175,0,0,22,2,992,0.071000
176,0,0,421,23,708,0.050000
177,0,0,297,4,957,0.078000
178,0,0,841,27,568,0.050000
179,0,1,14,25,353,0.052000
180,0,0,94,1,620,0.007000
181,0,0,513,22,772,0.063500
182,0,0,206,31,897,0.066500
183,0,0,112,5,437,0.360000
184,0,0,4,1,46,0.000000
185,0,0,106,2,554,0.114500
186,0,0,126,12,145,0.055500
187,0,1,1,8,187,0.170500
188,0,1,18,18,669,0.123000
189,0,1,3,3,935,0.055000
190,0,0,189,19,512,0.059000
191,0,1,1,1,191,0.011000
192,0,1,2,4,746,0.144000
193,0,1,2,15,891,0.120000
194,0,0,233,11,31,0.070000
195,0,0,87,29,979,0.053000
196,0,0,81,47,798,0.051500
197,0,0,19,11,470,0.054000
198,0,0,539,28,401,0.060500
199,0,0,256,28,431,0.050000
200,0,0,39,13,302,0.063500
201,0,0,133,10,717,0.101500
202,0,0,106,1,402,0.000000
203,0,0,416,15,874,0.052000
204,0,0,412,16,117,0.051000
205,0,1,1,13,205,0.086000
206,0,0,65,2,783,0.069000
207,0,0,147,12,410,0.079000
208,0,0,626,35,443,0.070500
209,0,0,148,3,957,0.087500
210,0,0,20,5,470,0.064500
211,0,0,3,1,191,0.000000
212,0,0,38,4,425,0.511000
213,0,0,38,20,347,0.051500
214,0,1,1,3,214,0.410000
215,0,0,478,13,239,0.062000
216,0,1,11,11,357,0.064000
217,0,0,686,6,68,0.064500
218,0,0,125,4,920,0.598000
219,0,1,1,1,219,0.000000
220,0,0,51,13,516,0.194000
221,0,0,323,51,736,0.091000
222,0,0,486,1,68,0.043500
223,0,0,699,8,818,0.130000
224,0,0,584,94,736,0.055000
225,0,0,251,9,31,0.067500
226,0,0,32,5,911,0.454000
227,0,0,85,16,825,0.059000
228,0,0,90,14,145,0.216000
229,0,0,47,3,932,0.147000
230,0,0,2,1,924,0.000500
231,0,1,21,29,426,0.051000
232,0,1,1,15,232,0.066500
233,0,1,2,4,515,0.283000
234,0,0,399,15,642,0.057000
235,0,0,582,11,844,0.081500
236,0,0,12,2,874,0.096000
237,0,0,239,9,645,0.181500
238,0,0,144,16,345,0.053500
239,0,0,117,12,803,0.050000
240,0,0,24,6,437,0.078500
241,0,1,8,8,410,0.982000
242,0,0,471,14,647,0.057000
243,0,0,264,2,117,0.355500
244,0,0,26,6,270,0.061500
245,0,0,850,2,427,0.398500
246,0,0,436,44,299,0.050000
247,0,0,55,4,68,0.175000
248,0,0,354,5,772,0.060500
249,0,1,1,5,249,0.057500
250,0,1,3,23,319,0.074000
251,0,0,390,3,724,0.520000
252,0,0,11,4,878,0.140000
253,0,0,41,4,690,0.349000
254,0,0,70,1,191,0.023500
255,0,0,130,6,526,0.103500
256,0,0,155,14,660,0.075000
257,0,0,29,2,297,0.936000
258,0,0,75,23,547,0.050000
259,0,0,578,7,76,0.071000
260,0,1,7,23,804,0.072000
261,0,0,32,1,512,0.036000
262,0,0,10,2,870,0.140500
263,0,0,15,3,579,0.177500
264,0,0,248,9,770,0.050500
265,0,0,243,1,191,0.000000
266,0,0,14,10,813,0.121000
267,0,0,143,36,435,0.056500
268,0,0,79,12,575,0.056500
269,0,1,14,17,526,0.082500
270,0,0,112,5,659,0.080000
271,0,0,178,6,659,0.061500
272,0,0,385,22,236,0.051000
273,0,0,8,1,724,0.033000
274,0,0,182,20,457,0.051000
275,0,0,99,3,724,0.283000
276,0,0,835,8,724,0.081500
277,0,0,259,30,720,0.059000
278,0,0,180,2,565,0.115500
279,0,0,707,9,986,0.052500
280,0,0,412,44,598,0.058000
281,0,0,37,3,410,0.076000
282,0,0,337,13,643,0.075000
283,0,0,746,13,401,0.084500
284,0,0,35,11,68,0.090000
285,0,1,11,33,347,0.063000
286,0,0,751,64,957,0.062500
287,0,0,72,4,584,0.057500
288,0,0,206,7,948,0.050500
289,0,0,192,2,320,0.067000
290,0,0,738,23,975,0.060000
291,0,0,552,61,547,0.070000
292,0,0,67,16,692,0.058500
293,0,0,339,11,598,0.182500
294,0,0,362,6,459,0.073500
295,0,0,664,19,76,0.069500
296,0,0,552,57,121,0.052000
297,0,0,23,2,9,0.389500
298,0,0,42,12,410,0.235500
299,0,0,119,2,191,0.124000
300,0,0,14,3,752,0.381000
301,0,0,74,3,804,0.182000
302,0,0,183,20,994,0.073000
303,0,0,13,1,947,0.000000
304,0,0,327,1,799,0.000000
305,0,0,561,7,211,0.058000
306,0,0,253,2,410,0.329500
307,0,0,240,2,554,0.473000
308,0,0,6,1,375,0.013500
309,0,0,408,28,91,0.071000
310,0,0,19,4,828,0.079000
311,0,0,57,8,215,0.235500
312,0,0,161,51,871,0.062500
313,0,0,399,52,740,0.054000
314,0,0,330,50,11,0.052000
315,0,0,628,7,282,0.070500
316,0,0,268,45,106,0.052500
317,0,1,2,16,54,0.055500
318,0,0,42,25,250,0.112000
319,0,0,22,6,728,0.100500
320,0,1,1,1,320,0.002000
321,0,0,77,9,510,0.085000
322,0,1,3,9,614,0.075500
323,0,1,1,1,323,0.000000
324,0,0,669,40,646,0.052000
325,0,0,943,4,12,0.113000
326,0,0,797,2,554,0.583500
327,0,0,917,8,579,0.084000
328,0,0,33,4,895,0.190500
329,0,1,1,1,329,0.000000
330,0,0,439,4,828,0.153500
331,0,0,15,8,611,0.076500
332,0,0,14,3,932,0.146500
333,0,0,868,14,761,0.058000
334,0,0,81,17,902,0.092000
335,0,0,63,1,191,0.000000
336,0,0,88,3,470,0.684000
337,0,1,2,2,889,0.314500
338,0,1,4,27,914,0.066000
339,0,0,408,46,107,0.076000
340,0,0,630,29,575,0.056000
341,0,0,96,16,891,0.062500
342,0,0,110,10,421,0.052500
343,0,0,48,4,702,0.420000
344,0,0,92,6,565,0.101500
345,0,1,4,11,515,0.062000
346,0,0,115,11,205,0.072000
347,0,1,1,8,347,0.055000
348,0,1,2,5,948,0.384000
349,0,0,8,4,145,0.119500
350,0,0,131,8,410,0.064000
351,0,0,133,1,191,0.000000
352,0,0,202,47,968,0.052000
353,0,1,5,17,240,0.068500
354,0,0,728,31,423,0.056500
355,0,0,265,12,948,0.108500
356,0,1,1,5,356,0.081500
357,0,0,80,3,934,0.059500
358,0,1,2,19,614,0.107000
359,0,0,46,1,732,0.015000
360,0,0,125,2,192,0.288000
361,0,0,77,6,410,0.081500
362,0,0,956,1,461,0.003000
363,0,1,1,6,363,0.094500
364,0,0,27,10,240,0.071500
365,0,0,90,15,842,0.085000
366,0,0,60,2,792,0.380500
367,0,0,29,7,351,0.070500
368,0,0,45,22,422,0.070500
369,0,0,75,3,832,0.539000
370,0,0,18,5,18,0.443500
371,0,0,129,57,972,0.076500
372,0,0,562,10,107,0.054000
373,0,0,40,26,250,0.059000
374,0,0,86,21,231,0.051500
375,0,1,4,6,381,0.529500
376,0,0,89,14,895,0.078500
377,0,1,23,20,911,0.050000
378,0,0,309,5,121,0.055000
379,0,0,23,1,907,0.043500
380,0,0,388,4,745,0.151000
381,0,1,2,4,212,0.096000
382,0,0,136,5,191,0.102500
383,0,0,34,12,515,0.050000
384,0,0,590,24,481,0.060000
385,0,0,202,19,759,0.051000
386,0,0,23,1,78,0.032500
387,0,1,1,2,387,0.075000
388,0,1,1,2,388,0.059500
389,0,1,1,1,389,0.000000
390,0,0,136,62,100,0.051000
391,0,0,7,2,263,0.701500
392,0,0,68,7,470,0.322000
393,0,1,1,1,393,0.000000
394,0,0,490,16,416,0.090500
395,0,0,15,6,712,0.068000
396,0,0,54,14,526,0.072000
397,0,0,34,8,717,0.761000
398,0,0,320,7,139,0.057500
399,0,0,36,8,356,0.186000
400,0,0,188,12,302,0.055500
401,0,1,5,13,193,0.090500
402,0,1,1,1,402,0.027000
403,0,0,329,23,298,0.052000
404,0,0,612,39,258,0.069000
405,0,0,807,28,891,0.050500
406,0,0,15,4,475,0.053000
407,0,0,558,10,948,0.061000
408,0,0,312,27,437,0.061500
409,0,1,17,19,592,0.120500
410,0,1,1,8,410,0.085000
411,0,1,1,1,411,0.000000
412,0,1,1,3,412,0.491000
413,0,1,6,7,914,0.083000
414,0,0,29,4,508,0.125500
415,0,0,752,9,443,0.092000
416,0,1,41,24,293,0.067500
417,0,0,101,2,673,0.380500
418,0,0,496,7,294,0.052500
419,0,0,766,7,921,0.061500
420,0,0,728,40,925,0.055000
421,0,0,6,4,935,0.138500
422,0,0,31,5,832,0.055000
423,0,0,44,3,410,0.872000
424,0,1,2,8,54,0.102500
425,0,1,1,2,425,0.052000
426,0,1,6,6,437,0.134000
427,0,0,46,3,724,0.219500
428,0,0,123,14,717,0.061000
429,0,0,5,1,410,0.008500
430,0,0,4,3,565,0.159500
431,0,0,306,13,50,0.088000
432,0,0,128,20,320,0.094000
433,0,0,204,8,673,0.074000
434,0,0,629,1,78,0.002500
435,0,0,69,6,356,0.062000
436,0,0,25,21,889,0.052000
437,0,1,5,7,191,0.120000
438,0,1,5,11,193,0.081000
439,0,0,314,1,914,0.020000
440,0,0,150,16,526,0.052500
441,0,1,7,13,712,0.063000
442,0,0,197,51,464,0.054000
443,0,1,9,10,620,0.095000
444,0,0,55,10,410,0.061500
445,0,1,1,15,445,0.084500
446,0,0,3,1,389,0.000000
447,0,0,552,6,861,0.188500
448,0,0,449,15,187,0.089000
449,0,0,131,9,261,0.097000
450,0,0,15,12,948,0.097500
451,0,0,459,11,396,0.052000
452,0,1,6,32,60,0.146500
453,0,0,293,2,948,0.524500
454,0,1,3,4,18,0.552500
455,0,0,60,41,406,0.070000
456,0,0,194,11,627,0.063000
457,0,1,11,17,231,0.062500
458,0,1,1,48,458,0.053500
459,0,0,84,2,772,0.477500
460,0,1,29,29,914,0.072500
461,0,1,6,6,783,0.397000
462,0,0,488,15,117,0.065500
463,0,0,433,29,889,0.059500
464,0,0,24,21,914,0.064000
465,0,0,172,5,117,0.078000
466,0,0,57,1,948,0.036000
467,0,0,166,5,211,0.090000
468,0,0,35,3,261,0.079500
469,0,1,2,2,914,0.084000
470,0,0,130,4,620,0.170500
471,0,0,50,4,935,0.147500
472,0,1,3,11,556,0.060000
473,0,0,85,8,187,0.068000
474,0,0,353,22,205,0.067500
475,0,0,19,16,551,0.089500
476,0,0,44,14,187,0.093500
477,0,1,11,19,240,0.055000
478,0,0,21,4,410,0.114500
479,0,0,164,3,426,0.061500
480,0,0,139,3,948,0.062000
481,0,0,29,1,353,0.028500
482,0,1,25,36,469,0.055500
483,0,0,213,17,76,0.051500
484,0,1,7,11,746,0.051500
485,0,0,94,14,895,0.068000
486,0,0,859,25,966,0.198000
487,0,0,28,17,603,0.055500
488,0,1,58,7,652,0.103000
489,0,0,299,13,191,0.063000
490,0,0,714,8,239,0.141500
491,0,0,12,3,907,0.207500
492,0,0,269,7,42,0.073500
493,0,0,78,2,828,0.504000
494,0,0,101,12,948,0.053500
495,0,0,183,18,512,0.119000
496,0,0,584,18,225,0.119000
497,0,1,9,12,439,0.334500
498,0,1,4,10,432,0.153000
499,0,0,12,7,975,0.131500
500,0,0,107,11,107,0.156000
501,0,0,141,9,772,0.053500
502,0,0,200,10,57,0.075000
503,0,0,113,1,191,0.000000
504,0,0,492,58,875,0.055000
505,0,1,1,2,505,0.121500
506,0,0,428,43,482,0.053500
507,0,0,51,19,289,0.058000
508,0,0,9,5,718,0.058500
509,0,0,201,13,948,0.113000
510,0,1,6,6,702,0.203000
511,0,0,178,5,860,0.077500
512,0,0,5,3,935,0.196500
513,0,0,162,10,773,0.068500
514,0,0,110,9,351,0.064500
515,0,0,237,14,60,0.050000
516,0,1,16,15,231,0.058500
517,0,0,759,5,307,0.061500
518,0,0,179,23,740,0.090000
519,0,0,3,2,717,0.172000
520,0,0,50,8,911,0.087500
521,0,0,42,6,363,0.079000
522,0,0,25,1,822,0.000000
523,0,0,86,6,410,0.349500
524,0,0,43,8,439,0.108000
525,0,0,117,11,519,0.051000
526,0,0,7,3,437,0.689500
527,0,0,47,1,191,0.000000
528,0,0,64,4,992,0.659000
529,0,0,225,40,902,0.056500
530,0,0,333,24,707,0.088500
531,0,0,194,27,469,0.054000
532,0,0,67,9,745,0.071000
533,0,0,10,1,191,0.000500
534,0,0,3,1,191,0.000500
535,0,0,18,9,873,0.061500
536,0,0,197,4,510,0.079000
537,0,0,583,14,477,0.074500
538,0,0,6,1,410,0.000000
539,0,0,95,5,83,0.053000
540,0,0,233,22,534,0.060500
541,0,0,380,17,994,0.050000
542,0,0,233,6,948,0.051000
543,0,0,212,14,878,0.051500
544,0,0,182,17,347,0.174500
545,0,0,68,22,289,0.050000
546,0,0,12,7,293,0.106000
547,0,0,26,5,828,0.098000
548,0,0,278,3,98,0.291500
549,0,0,4,2,257,0.280500
550,0,0,840,22,284,0.053000
551,0,1,7,9,746,0.099500
552,0,0,46,27,469,0.055000
553,0,0,241,35,347,0.059500
554,0,0,16,4,205,0.219500
555,0,0,28,11,620,0.179000
556,0,1,7,15,101,0.085000
557,0,0,42,16,895,0.078500
558,0,0,42,2,402,0.115500
559,0,0,624,13,957,0.097500
560,0,0,720,2,421,0.423500
561,0,0,289,24,832,0.075500
562,0,0,12,3,297,0.059000
563,0,0,764,1,336,0.007000
564,0,0,9,8,439,0.074500
565,0,1,2,5,430,0.349000
566,0,0,130,11,772,0.166000
567,0,0,49,6,833,0.095000
568,0,1,1,4,568,0.112500
569,0,0,193,24,105,0.065000
570,0,0,150,15,773,0.065500
571,0,1,2,31,825,0.060500
572,0,0,6,3,263,0.528000
573,0,0,715,22,947,0.054500
574,0,0,38,15,538,0.072500
575,0,0,21,12,828,0.052500
576,0,1,1,8,576,0.135500
577,0,1,14,22,902,0.069500
578,0,0,637,29,891,0.051000
579,0,1,1,1,579,0.003000
580,0,0,673,3,191,0.076500
581,0,0,294,28,880,0.051500
582,0,1,2,2,868,0.113000
583,0,0,177,10,745,0.130500
584,0,1,3,5,655,0.386000
585,0,0,99,21,814,0.053000
586,0,1,1,6,586,0.427000
587,0,0,506,11,91,0.050500
588,0,0,41,2,822,0.248500
589,0,0,649,35,37,0.054000
590,0,0,9,2,745,0.426000
591,0,0,52,2,783,0.215000
592,0,0,41,6,193,0.076000
593,0,0,9,6,426,0.056000
594,0,0,201,25,240,0.069000
595,0,0,333,21,643,0.073500
596,0,0,20,15,54,0.052500
597,0,0,4,3,889,0.151500
598,0,0,33,3,410,0.228000
599,0,1,2,4,568,0.052500
600,0,0,306,11,205,0.153500
601,0,0,88,21,193,0.066000
602,0,1,7,8,505,0.061500
603,0,0,304,4,975,0.062500
604,0,0,132,31,526,0.052000
605,0,0,12,8,551,0.079000
606,0,0,424,4,351,0.062500
607,0,0,711,19,613,0.051500
608,0,0,19,3,860,0.531000
609,0,0,726,22,649,0.063000
610,0,0,51,13,357,0.085500
611,0,0,355,14,439,0.054000
612,0,0,684,10,238,0.098000
613,0,0,599,169,431,0.052000
614,0,0,339,31,891,0.076500
615,0,0,4,1,320,0.000000
616,0,0,144,20,789,0.061500
617,0,1,5,14,575,0.086000
618,0,0,533,12,83,0.124000
619,0,0,273,6,974,0.068000
620,0,0,18,3,337,0.145500
621,0,0,306,1,90,0.025000
622,0,0,59,26,437,0.050000
623,0,0,13,7,920,0.082000
624,0,0,84,2,205,0.077500
625,0,1,3,23,289,0.106500
626,0,0,179,5,98,0.149500
627,0,1,1,2,627,0.809000
628,0,0,46,12,437,0.075500
629,0,0,159,10,914,0.073000
630,0,0,26,8,633,0.059500
631,0,0,58,10,469,0.068500
632,0,0,3,2,379,0.410000
633,0,0,146,4,688,0.217000
634,0,0,37,6,37,0.053500
635,0,0,142,41,100,0.055500
636,0,0,636,30,450,0.082000
637,0,0,53,5,167,0.169500
638,0,0,159,21,555,0.051500
639,0,1,10,23,925,0.054500
640,0,0,248,14,828,0.107000
641,0,0,289,34,145,0.082500
642,0,1,5,15,54,0.052500
643,0,0,26,9,226,0.112000
644,0,0,168,15,861,0.085500
645,0,0,373,7,974,0.217500
646,0,0,95,16,948,0.070000
647,0,0,36,6,50,0.068500
648,0,0,8,2,323,0.151000
649,0,0,122,12,728,0.056000
650,0,0,114,24,642,0.060500
651,0,0,576,58,459,0.058000
652,0,0,49,3,410,0.075000
653,0,0,275,7,211,0.219000
654,0,0,10,7,356,0.163000
655,0,1,1,5,655,0.306000
656,0,0,8,2,724,0.166500
657,0,1,1,3,657,0.070500
658,0,1,3,15,522,0.054000
659,0,0,54,1,822,0.001000
660,0,1,5,8,410,0.093000
661,0,0,52,6,717,0.166000
662,0,0,579,6,789,0.158500
663,0,1,2,9,746,0.139500
664,0,0,125,14,205,0.115500
665,0,0,41,2,410,0.342500
666,0,0,272,3,554,0.080000
667,0,0,19,3,302,0.206500
668,0,0,47,20,105,0.083000
669,0,0,5,2,992,0.065000
670,0,0,19,1,58,0.000000
671,0,0,15,3,249,0.113500
672,0,0,283,16,772,0.066000
673,0,0,14,1,139,0.017500
674,0,0,26,4,992,0.056500
675,0,0,12,4,551,0.289500
676,0,1,2,3,71,0.160000
677,0,0,111,1,745,0.026000
678,0,1,2,6,724,0.052500
679,0,0,7,3,253,0.057000
680,0,0,75,6,189,0.122500
681,0,1,1,1,681,0.004500
682,0,0,560,23,728,0.088500
683,0,0,45,16,914,0.100500
684,0,0,27,5,139,0.067500
685,0,0,115,10,526,0.085000
686,0,0,47,11,410,0.100500
687,0,0,97,13,190,0.070500
688,0,0,4,2,78,0.053000
689,0,0,175,8,106,0.059500
690,0,0,2,1,212,0.038000
691,0,0,46,10,347,0.155500
692,0,0,47,1,105,0.007000
693,0,0,316,4,554,0.096000
694,0,0,129,14,772,0.050500
695,0,0,5,2,270,0.107000
696,0,0,27,7,717,0.065000
697,0,0,73,13,410,0.115500
698,0,0,479,16,979,0.062000
699,0,0,795,11,789,0.092000
700,0,0,7,1,783,0.033000
701,0,0,775,42,453,0.052000
702,0,1,3,5,410,0.162500
703,0,0,346,24,169,0.062500
704,0,1,2,2,130,0.148000
705,0,0,32,13,692,0.092500
706,0,0,394,9,134,0.057500
707,0,0,160,21,347,0.053000
708,0,0,14,11,931,0.057000
709,0,0,812,21,957,0.053500
710,0,1,6,12,676,0.054500
711,0,0,158,2,191,0.072500
712,0,0,48,5,302,0.094000
713,0,0,34,7,963,0.073500
714,0,0,608,10,804,0.064500
715,0,0,79,1,410,0.008000
716,0,0,626,20,633,0.086500
717,0,1,2,8,410,0.092500
718,0,0,77,1,966,0.001500
719,0,0,278,22,825,0.111000
720,0,0,48,3,437,0.225000
721,0,0,680,7,470,0.082500
722,0,0,10,5,499,0.054500
723,0,0,409,14,779,0.060500
724,0,1,1,1,724,0.026500
725,0,0,38,14,351,0.079500
726,0,0,189,17,575,0.073000
727,0,0,99,7,914,0.053500
728,0,0,358,27,779,0.066000
729,0,0,217,15,117,0.051500
730,0,0,417,2,554,0.560000
731,0,0,83,8,131,0.054000
732,0,1,1,1,732,0.022000
733,0,0,548,24,369,0.069500
734,0,0,747,34,490,0.070500
735,0,0,163,14,426,0.054500
736,0,0,40,17,289,0.057500
737,0,0,865,11,406,0.066000
738,0,0,165,29,708,0.058000
739,0,0,935,4,508,0.058000
740,0,0,15,1,914,0.013000
741,0,1,6,13,974,0.076000
742,0,0,75,28,469,0.080000
743,0,0,453,68,3,0.051500
744,0,0,304,6,76,0.073500
745,0,1,1,1,745,0.000000
746,0,0,19,4,932,0.051500
747,0,0,105,8,822,0.067000
748,0,0,50,16,289,0.052000
749,0,1,7,8,470,0.051000
750,0,1,1,1,750,0.010500
751,0,0,26,23,905,0.120000
752,0,0,3,1,783,0.039500
753,0,1,6,7,627,0.068000
754,0,0,63,4,745,0.056000
755,0,0,364,16,772,0.133500
756,0,1,12,14,878,0.069500
757,0,0,105,48,220,0.061500
758,0,0,280,5,106,0.069000
759,0,0,398,2,554,0.077500
760,0,0,66,8,192,0.068500
761,0,0,104,5,875,0.098000
762,0,1,9,26,81,0.055000
763,0,0,43,26,317,0.050500
764,0,0,150,44,577,0.054000
765,0,0,266,25,911,0.055000
766,0,0,251,13,712,0.105500
767,0,0,810,130,301,0.057000
768,0,1,1,2,768,0.346500
769,0,0,257,11,911,0.052000
770,0,0,173,18,423,0.081000
771,0,0,522,8,337,0.251500
772,0,1,1,3,772,0.559000
773,0,0,13,3,437,0.068500
774,0,0,104,6,410,0.054000
775,0,1,16,16,891,0.054500
776,0,0,485,67,459,0.053000
777,0,0,76,13,410,0.072500
778,0,0,246,31,107,0.087000
779,0,1,12,18,117,0.268500
780,0,0,182,23,660,0.091500
781,0,0,3,1,799,0.000500
782,0,0,52,1,410,0.016500
783,0,1,1,1,783,0.000000
784,0,0,49,4,422,0.329000
785,0,0,326,11,261,0.129500
786,0,0,274,28,804,0.071500
787,0,0,659,3,414,0.560500
788,0,0,11,5,946,0.050000
789,0,1,2,5,512,0.147000
790,0,0,247,14,358,0.051000
791,0,0,7,6,357,0.060500
792,0,0,365,1,966,0.004000
793,0,0,40,20,302,0.052000
794,0,0,186,4,948,0.062500
795,0,0,108,19,50,0.060500
796,0,0,21,19,422,0.076000
797,0,0,95,49,925,0.068500
798,0,0,17,10,556,0.057000
799,0,1,1,4,799,0.823000
800,0,1,6,20,855,0.076000
801,0,0,28,9,356,0.297500
802,0,0,52,3,337,0.397500
803,0,0,156,29,205,0.050000
804,0,0,4,3,934,0.068500
805,0,1,3,12,889,0.055000
806,0,0,329,12,889,0.064000
807,0,0,32,1,957,0.022000
808,0,0,25,7,873,0.091500
809,0,0,9,1,402,0.036000
810,0,0,6,1,657,0.013500
811,0,0,580,1,745,0.005500
812,0,0,764,33,261,0.058000
813,0,0,342,1,822,0.040500
814,0,1,4,8,772,0.198000
815,0,0,552,60,497,0.051500
816,0,0,73,4,579,0.263500
817,0,0,88,15,349,0.129000
818,0,0,125,14,68,0.106000
819,0,0,606,18,459,0.066000
820,0,0,77,34,422,0.055000
821,0,0,245,51,914,0.052500
822,0,0,2,1,745,0.008500
823,0,0,6,1,85,0.017000
824,0,0,11,7,437,0.065000
825,0,0,222,35,353,0.052000
826,0,0,143,19,692,0.051000
827,0,0,34,15,902,0.073500
828,0,1,2,2,512,0.543500
829,0,0,529,43,396,0.055000
830,0,0,332,1,678,0.010500
831,0,1,22,16,614,0.108500
832,0,1,7,10,347,0.101500
833,0,0,18,11,783,0.145500
834,0,0,34,23,302,0.149000
835,0,0,156,4,687,0.102500
836,0,0,620,13,124,0.132000
837,0,0,400,16,556,0.061000
838,0,0,396,30,117,0.053000
839,0,0,410,8,512,0.053500
840,0,0,49,16,643,0.106000
841,0,0,169,48,145,0.054000
842,0,0,11,1,402,0.023500
843,0,0,132,9,191,0.452500
844,0,0,279,4,191,0.260000
845,0,1,4,5,175,0.385500
846,0,0,120,1,602,0.003000
847,0,0,754,6,261,0.082000
848,0,1,3,9,667,0.094000
849,0,0,40,12,889,0.057000
850,0,1,2,7,205,0.144000
851,0,0,390,7,749,0.085000
852,0,0,111,9,302,0.071500
853,0,1,18,18,497,0.067500
854,0,0,171,33,561,0.050000
855,0,0,32,8,439,0.115500
856,0,0,83,2,249,0.397000
857,0,0,460,65,353,0.051000
858,0,0,569,18,76,0.062000
859,0,0,48,14,31,0.066500
860,0,1,1,3,860,0.073000
861,0,0,58,5,889,0.052000
862,0,0,66,10,717,0.130000
863,0,0,202,15,994,0.052000
864,0,0,643,28,498,0.055000
865,0,0,102,32,699,0.094000
866,0,0,300,23,994,0.052000
867,0,0,116,19,717,0.050000
868,0,0,32,4,783,0.694000
869,0,0,6,1,603,0.013500
870,0,1,5,5,130,0.137000
871,0,0,97,17,948,0.054500
872,0,1,18,24,131,0.065500
873,0,0,749,19,891,0.062500
874,0,0,5,4,205,0.118500
875,0,1,1,24,875,0.062000
876,0,0,84,3,642,0.287000
877,0,0,427,5,772,0.111500
878,0,0,41,20,240,0.050500
879,0,0,13,4,320,0.086000
880,0,0,39,19,948,0.114000
881,0,0,69,9,891,0.057500
882,0,0,390,27,994,0.067000
883,0,0,439,9,669,0.085000
884,0,0,91,1,410,0.000000
885,0,0,3,2,9,0.796500
886,0,0,230,1,410,0.046500
887,0,0,95,20,487,0.061000
888,0,0,733,14,546,0.051000
889,0,1,1,16,889,0.079500
890,0,0,109,15,270,0.052500
891,0,0,416,10,320,0.090500
892,0,0,97,11,623,0.065000
893,0,0,163,18,442,0.058000
894,0,0,796,10,421,0.058500
895,0,0,29,9,105,0.078500
896,0,0,339,18,145,0.051000
897,0,1,3,36,231,0.051000
898,0,0,296,1,191,0.014000
899,0,0,127,9,717,0.105000
900,0,0,37,1,98,0.000500
901,0,1,7,11,568,0.152500
902,0,0,123,13,526,0.112500
903,0,0,523,83,301,0.056500
904,0,0,181,21,397,0.091000
905,0,1,4,12,356,0.052500
906,0,0,44,14,410,0.052500
907,0,1,2,8,632,0.086500
908,0,0,38,9,822,0.066500
909,0,0,92,7,259,0.440000
910,0,1,1,4,910,0.069500
911,0,1,1,5,911,0.117500
912,0,0,276,4,620,0.079500
913,0,0,27,1,914,0.005500
914,0,1,5,18,240,0.067000
915,0,1,3,9,728,0.056500
916,0,0,57,9,889,0.108500
917,0,0,9,2,832,0.715500
918,0,0,918,1,745,0.005000
919,0,0,10,5,98,0.094000
920,0,1,1,2,920,0.267000
921,0,0,553,5,351,0.050000
922,0,0,32,7,724,0.084000
923,0,0,99,3,736,0.055000
924,0,1,1,1,924,0.000000
925,0,1,6,19,620,0.063500
926,0,0,9,2,212,0.084000
927,0,0,750,1,307,0.026000
928,0,0,26,1,461,0.000000
929,0,0,46,8,505,0.064000
930,0,0,63,12,889,0.051500
931,0,1,4,9,437,0.160000
932,0,0,11,1,746,0.003500
933,0,0,216,86,625,0.051000
934,0,1,2,9,470,0.088000
935,0,1,2,7,337,0.051500
936,0,0,65,2,336,0.500000
937,0,0,221,7,351,0.069500
938,0,0,29,6,940,0.062500
939,0,0,515,15,770,0.050500
940,0,0,91,4,505,0.060500
941,0,0,314,2,320,0.203000
942,0,0,55,4,263,0.107000
943,0,0,284,7,948,0.089500
944,0,0,476,16,875,0.056000
945,0,0,824,39,76,0.071000
946,0,1,1,8,946,0.059000
947,0,0,15,8,575,0.101500
948,0,0,8,6,702,0.096000
949,0,0,57,5,270,0.062500
950,0,0,248,9,205,0.084500
951,0,0,310,29,534,0.073000
952,0,0,45,14,667,0.082500
953,0,0,687,4,191,0.522500
954,0,1,9,12,630,0.101000
955,0,0,231,1,337,0.012500
956,0,0,178,13,187,0.056000
957,0,1,1,1,957,0.002000
958,0,0,9,3,608,0.116500
959,0,0,234,4,914,0.187500
960,0,0,39,5,954,0.102500
961,0,0,658,41,50,0.052500
962,0,0,631,32,176,0.060000
963,0,0,107,6,121,0.208000
964,0,0,87,7,948,0.053000
965,0,0,306,5,799,0.153000
966,0,0,145,10,676,0.063500
967,0,0,817,13,528,0.102000
968,0,0,95,23,825,0.053000
969,0,0,21,2,145,0.201500
970,0,0,6,4,437,0.111500
971,0,0,106,3,410,0.175000
972,0,0,228,6,426,0.061500
973,0,0,287,4,554,0.051000
974,0,0,37,13,772,0.066000
975,0,1,11,15,392,0.055500
976,0,0,56,24,421,0.066000
977,0,0,474,10,38,0.077000
978,0,0,479,22,736,0.057000
979,0,0,365,9,240,0.063500
980,0,0,99,3,12,0.071000
981,0,0,866,1,515,0.024500
982,0,0,266,21,510,0.114500
983,0,0,15,2,957,0.085000
984,0,0,200,10,328,0.053500
985,0,0,664,1,519,0.007500
986,0,0,416,8,240,0.180000
987,0,0,192,2,421,0.140000
988,0,0,152,39,17,0.132000
989,0,0,30,14,233,0.056500
990,0,0,8,6,746,0.214000
991,0,0,306,9,889,0.082000
992,0,1,1,9,992,0.304500
993,0,1,11,23,861,0.082500
994,0,1,19,29,526,0.084000
995,0,0,339,39,708,0.067000
996,0,0,359,11,510,0.053000
997,0,0,19,14,745,0.056500
998,0,1,2,8,889,0.064000
999,0,0,181,20,712,0.051000
1000,0,0,105,15,855,0.114000
1,1,0,271,6,597,0.064500
2,1,0,235,2,191,0.455500
3,1,0,24,3,692,0.065500
4,1,0,50,24,914,0.068000
5,1,0,66,2,191,0.804500
6,1,0,157,12,117,0.055500
7,1,0,39,11,620,0.054000
8,1,0,17,11,512,0.185500
9,1,1,1,1,9,0.000000
10,1,0,34,22,848,0.056500
11,1,0,43,15,117,0.059500
12,1,0,791,8,192,0.085000
13,1,0,128,5,270,0.113000
14,1,1,6,13,76,0.136000
15,1,0,628,37,183,0.056500
16,1,0,78,46,552,0.064500
17,1,0,356,11,642,0.050000
18,1,0,15,6,357,0.080500
19,1,0,356,19,642,0.054000
20,1,0,722,13,581,0.064500
21,1,0,46,11,392,0.178500
22,1,0,27,2,337,0.197000
23,1,0,353,15,205,0.053500
24,1,0,173,30,231,0.055000
25,1,0,773,1,947,0.009000
26,1,0,710,57,512,0.052000
27,1,0,218,13,516,0.094000
28,1,0,430,2,554,0.505000
29,1,0,642,30,258,0.064000
30,1,0,23,6,205,0.150500
31,1,1,21,23,948,0.084000
32,1,0,131,5,437,0.068500
33,1,0,601,2,302,0.139000
34,1,0,758,4,68,0.119500
35,1,0,25,9,320,0.123000
36,1,0,23,3,356,0.061000
37,1,0,19,12,299,0.068000
38,1,0,613,33,392,0.058000
39,1,0,35,2,302,0.056500
40,1,0,32,3,620,0.228000
41,1,0,6,4,192,0.115000
42,1,0,8,6,470,0.081500
43,1,1,1,3,43,0.450000
44,1,1,26,24,773,0.060500
45,1,1,15,19,872,0.082000
46,1,1,1,4,46,0.116000
47,1,0,41,28,526,0.059000
48,1,1,1,4,48,0.384000
49,1,1,2,4,140,0.102500
50,1,0,44,15,205,0.087000
51,1,1,5,6,754,0.052500
52,1,0,62,4,414,0.370500
53,1,0,6,3,76,0.343500
54,1,0,11,1,914,0.000000
55,1,0,863,22,421,0.055000
56,1,1,2,3,212,0.088500
57,1,1,1,15,57,0.053500
58,1,1,1,1,58,0.000000
59,1,0,193,2,261,0.686500
60,1,0,306,1,68,0.003500
61,1,1,11,16,516,0.057000
62,1,0,118,2,320,0.883000
63,1,0,59,4,746,0.068500
64,1,0,694,10,713,0.056500
65,1,0,104,4,603,0.103500
66,1,0,93,5,832,0.195500
67,1,0,65,15,8,0.059500
68,1,1,6,12,337,0.086500
69,1,1,4,9,249,0.053000
70,1,0,93,3,437,0.225500
71,1,1,6,8,934,0.074000
72,1,0,113,4,534,0.099500
73,1,0,72,21,575,0.060500
74,1,0,16,9,576,0.052500
75,1,0,347,40,42,0.066500
76,1,0,312,49,802,0.054500
77,1,0,555,13,875,0.095500
78,1,1,1,2,78,0.518000
79,1,0,29,1,191,0.000000
80,1,0,41,7,130,0.081500
81,1,0,3,2,498,0.396500
82,1,0,248,18,145,0.051500
83,1,0,233,12,957,0.103500
84,1,0,182,1,192,0.025000
85,1,0,8,1,402,0.000000
86,1,1,1,2,86,0.266500
87,1,1,26,44,377,0.053500
88,1,1,1,4,88,0.100500
89,1,0,355,3,603,0.093500
90,1,0,8,1,724,0.003000
91,1,0,190,20,351,0.070500
92,1,0,506,4,22,0.055000
93,1,0,698,8,448,0.075000
94,1,0,66,5,231,0.213500
95,1,0,232,1,387,0.016500
96,1,0,182,3,300,0.058500
97,1,0,83,3,948,0.066000
98,1,1,1,1,98,0.000000
99,1,0,119,26,948,0.050500
100,1,0,56,8,410,0.298500
101,1,1,16,29,855,0.053500
102,1,1,1,14,102,0.062000
103,1,1,7,8,803,0.068000
104,1,0,755,11,189,0.056500
105,1,1,1,7,105,0.053500
106,1,0,10,8,717,0.118000
107,1,0,8,4,347,0.161000
108,1,0,300,33,914,0.054000
109,1,0,246,4,516,0.182000
110,1,0,503,46,61,0.059000
111,1,0,562,25,124,0.067500
112,1,0,83,27,145,0.054500
113,1,0,561,18,320,0.056500
114,1,0,100,5,700,0.433000
115,1,0,16,2,402,0.574500
116,1,0,7,2,124,0.795000
117,1,1,5,17,348,0.110000
118,1,0,119,5,410,0.085500
119,1,0,123,6,56,0.124500
120,1,0,162,6,948,0.077000
121,1,0,64,8,717,0.193500
122,1,0,662,13,293,0.067000
123,1,0,588,3,676,0.100000
124,1,1,4,27,646,0.053000
125,1,0,69,4,320,0.070000
126,1,0,70,39,875,0.054000
127,1,0,284,17,396,0.061500
128,1,0,325,4,302,0.056000
129,1,0,19,11,216,0.094500
130,1,1,5,8,46,0.632000
131,1,1,3,6,891,0.247500
132,1,0,728,18,512,0.064000
133,1,0,17,9,432,0.065500
134,1,0,5,1,191,0.000000
135,1,0,126,12,107,0.066000
136,1,0,14,13,54,0.057500
137,1,0,34,11,556,0.081000
138,1,0,811,6,259,0.057500
139,1,1,3,7,554,0.067000
140,1,1,1,2,140,0.507000
141,1,0,130,8,239,0.054000
142,1,0,8,1,410,0.003000
143,1,0,649,19,542,0.050500
144,1,0,444,23,302,0.078000
145,1,1,12,14,205,0.056500
146,1,0,520,12,450,0.061500
147,1,0,45,16,57,0.071500
148,1,0,27,11,526,0.059500
149,1,0,342,13,620,0.057500
150,1,0,127,12,652,0.349500
151,1,0,396,32,121,0.050500
152,1,0,135,12,717,0.092500
153,1,0,23,7,488,0.063500
154,1,1,2,5,579,0.054500
155,1,0,251,2,599,0.511000
156,1,0,25,5,351,0.100000
157,1,0,28,4,347,0.138000
158,1,0,908,13,345,0.051000
159,1,1,3,3,484,0.477000
160,1,0,785,1,209,0.039500
161,1,0,68,9,240,0.051500
162,1,0,190,4,349,0.170000
163,1,0,592,7,921,0.081500
164,1,0,821,4,519,0.216000
165,1,0,46,8,702,0.106000
166,1,1,12,20,832,0.168000
167,1,0,14,4,823,0.069500
168,1,0,869,1,799,0.000000
169,1,0,151,5,117,0.066500
170,1,0,59,5,439,0.455000
171,1,0,62,16,187,0.054000
172,1,0,74,3,437,0.509000
173,1,0,25,6,516,0.446500
174,1,0,451,21,459,0.057000
175,1,0,783,39,895,0.062000
176,1,0,325,44,736,0.051500
177,1,0,93,6,555,0.062000
178,1,1,5,19,732,0.075500
179,1,0,122,25,516,0.062000
180,1,1,19,21,220,0.096500
181,1,0,368,36,17,0.052000
182,1,0,201,7,396,0.088000
183,1,0,13,8,240,0.102500
184,1,1,1,5,184,0.158000
185,1,0,51,11,211,0.402000
186,1,0,63,1,410,0.000000
187,1,0,146,5,145,0.053500
188,1,1,2,8,551,0.054000
189,1,1,5,8,957,0.057500
190,1,0,635,10,76,0.072500
191,1,1,5,5,717,0.073500
192,1,1,3,14,515,0.113000
193,1,1,8,11,432,0.184000
194,1,0,203,14,211,0.052000
195,1,0,332,24,8,0.059000
196,1,0,370,3,479,0.108000
197,1,0,15,3,920,0.227500
198,1,0,201,2,22,0.902500
199,1,0,368,7,145,0.148500
200,1,0,40,7,712,0.068500
201,1,0,168,1,191,0.010500
202,1,0,5,3,868,0.168500
203,1,0,134,4,554,0.281500
204,1,0,21,1,193,0.011000
205,1,1,1,2,205,0.077500
206,1,0,815,5,687,0.057000
207,1,0,40,20,54,0.051000
208,1,0,559,16,462,0.078000
209,1,0,27,9,724,0.099000
210,1,0,12,2,470,0.107000
211,1,0,11,2,534,0.890000
212,1,1,6,8,926,0.110000
213,1,1,5,10,914,0.052000
214,1,0,10,1,329,0.038000
215,1,0,146,6,448,0.149000
216,1,1,2,2,659,0.202500
217,1,0,245,6,470,0.050000
218,1,0,300,16,553,0.054500
219,1,1,2,2,924,0.383500
220,1,0,6,4,498,0.052500
221,1,0,180,1,302,0.044000
222,1,0,180,15,625,0.054000
223,1,0,696,5,83,0.090000
224,1,0,326,25,617,0.100500
225,1,0,91,2,191,0.808000
226,1,0,18,8,948,0.094500
227,1,1,3,34,667,0.052000
228,1,0,155,21,351,0.076500
229,1,0,631,1,656,0.000000
230,1,0,612,2,549,0.722000
231,1,0,27,2,717,0.067500
232,1,0,61,7,117,0.182500
233,1,0,706,64,957,0.051500
234,1,0,309,20,396,0.102000
235,1,0,624,18,555,0.055500
236,1,0,89,1,351,0.001500
237,1,0,464,19,875,0.149000
238,1,0,255,4,512,0.236500
239,1,0,199,15,348,0.053000
240,1,0,38,2,832,0.448500
241,1,1,6,10,347,0.075000
242,1,0,217,5,90,0.089000
243,1,0,291,6,205,0.055000
244,1,0,912,11,746,0.114500
245,1,0,130,26,449,0.082000
246,1,0,472,13,299,0.054500
247,1,1,13,13,625,0.060500
248,1,0,386,22,459,0.079000
249,1,1,1,3,249,0.246500
250,1,1,4,8,439,0.085500
251,1,0,10,5,724,0.063000
252,1,0,58,4,183,0.079500
253,1,0,4,1,262,0.012500
254,1,0,99,5,191,0.052500
255,1,1,14,14,696,0.057000
256,1,0,92,7,526,0.068000
257,1,0,6,4,49,0.065000
258,1,0,574,27,183,0.058500
259,1,1,2,9,799,0.063500
260,1,0,539,13,302,0.058000
261,1,0,161,1,828,0.026500
262,1,0,7,6,212,0.180500
263,1,0,30,4,695,0.054500
264,1,0,190,23,284,0.051500
265,1,0,118,1,37,0.030500
266,1,0,777,8,822,0.056500
267,1,0,148,14,948,0.056500
268,1,0,125,6,470,0.226500
269,1,0,7,4,231,0.130500
270,1,0,94,1,603,0.015500
271,1,0,2,1,603,0.014500
272,1,0,433,13,37,0.095000
273,1,0,37,1,724,0.004500
274,1,0,159,15,740,0.051000
275,1,0,242,8,935,0.056500
276,1,0,718,8,921,0.054500
277,1,0,143,16,914,0.142000
278,1,0,684,3,935,0.066500
279,1,0,721,19,726,0.107000
280,1,0,282,1,554,0.015500
281,1,0,87,13,914,0.054500
282,1,0,279,2,510,0.166000
283,1,0,424,10,554,0.099500
284,1,1,53,54,889,0.050000
285,1,0,33,19,240,0.092000
286,1,0,708,31,495,0.073000
287,1,0,97,8,907,0.458000
288,1,0,204,5,302,0.192000
289,1,1,1,14,289,0.070500
290,1,0,708,22,225,0.068000
291,1,0,726,7,554,0.075500
292,1,0,16,9,439,0.292500
293,1,0,297,14,519,0.074500
294,1,0,44,5,76,0.057000
295,1,0,192,11,193,0.070000
296,1,0,588,35,91,0.056500
297,1,1,1,1,297,0.000000
298,1,0,27,8,717,0.077500
299,1,0,45,7,426,0.053000
300,1,1,1,1,300,0.003000
301,1,1,32,59,176,0.061500
302,1,0,126,28,183,0.069500
303,1,0,505,2,935,0.321000
304,1,0,26,2,406,0.055500
305,1,0,594,50,252,0.058000
306,1,0,239,15,106,0.068500
307,1,0,58,2,935,0.418000
308,1,0,21,5,926,0.090000
309,1,0,398,13,68,0.068500
310,1,0,31,9,620,0.066000
311,1,1,9,26,961,0.061500
312,1,1,23,36,911,0.087500
313,1,0,305,11,353,0.221500
314,1,0,350,23,450,0.051000
315,1,0,613,1,211,0.042500
316,1,1,21,24,289,0.055000
317,1,1,4,18,107,0.053000
318,1,0,405,23,57,0.081000
319,1,1,1,21,319,0.178500
320,1,1,1,1,320,0.001500
321,1,0,101,14,117,0.111000
322,1,0,640,14,179,0.064500
323,1,1,4,6,549,0.096500
324,1,0,564,15,673,0.090000
325,1,0,90,6,907,0.144000
326,1,0,786,1,761,0.004500
327,1,1,5,7,967,0.062500
328,1,0,699,19,556,0.070500
329,1,1,1,1,329,0.000000
330,1,0,118,12,935,0.052500
331,1,0,97,4,547,0.052500
332,1,0,252,8,98,0.053500
333,1,0,639,1,406,0.003000
334,1,0,189,46,426,0.078000
335,1,0,58,21,931,0.061500
336,1,1,1,4,336,0.243500
337,1,0,11,7,889,0.064000
338,1,0,8,6,526,0.212000
339,1,1,31,33,861,0.055000
340,1,0,17,10,920,0.085500
341,1,0,130,7,891,0.192500
342,1,0,706,3,947,0.228000
343,1,0,54,3,191,0.243000
344,1,0,19,3,822,0.242000
345,1,0,55,3,828,0.078000
346,1,0,139,16,803,0.054000
347,1,0,9,8,54,0.074500
348,1,0,11,8,717,0.064000
349,1,1,2,2,145,0.364500
350,1,0,207,27,145,0.056000
351,1,1,1,14,351,0.051500
352,1,0,391,20,299,0.053000
353,1,1,2,9,516,0.069000
354,1,0,668,2,191,0.113000
355,1,0,262,14,191,0.089500
356,1,0,48,15,54,0.060500
357,1,0,566,5,105,0.135000
358,1,0,176,33,547,0.065500
359,1,0,66,5,454,0.114500
360,1,0,676,67,176,0.060500
361,1,0,98,37,897,0.063500
362,1,0,6,3,46,0.067500
363,1,0,533,2,68,0.596000
364,1,0,35,19,351,0.067500
365,1,0,62,24,178,0.052000
366,1,0,903,2,746,0.411500
367,1,0,62,4,717,0.935000
368,1,0,56,22,777,0.063500
369,1,0,49,28,696,0.075000
370,1,1,7,12,603,0.063500
371,1,0,393,10,31,0.092000
372,1,0,526,6,22,0.148000
373,1,0,214,7,620,0.068500
374,1,0,62,9,54,0.069000
375,1,0,4,2,212,0.187500
376,1,0,18,7,851,0.086000
377,1,0,247,12,874,0.084000
378,1,0,272,18,410,0.128000
379,1,1,1,1,379,0.010000
380,1,0,125,17,833,0.069500
381,1,0,965,5,579,0.544000
382,1,1,1,6,382,0.121000
383,1,0,43,1,68,0.008000
384,1,0,582,25,81,0.054500
385,1,0,14,2,307,0.978500
386,1,0,30,20,633,0.051000
387,1,1,2,6,823,0.334000
388,1,0,7,1,297,0.028000
389,1,1,2,3,140,0.345000
390,1,0,68,1,832,0.046000
391,1,0,11,2,926,0.375500
392,1,0,37,2,470,0.944500
393,1,1,1,1,393,0.000000
394,1,0,337,7,293,0.081500
395,1,0,417,4,320,0.080500
396,1,0,86,2,410,0.970500
397,1,0,17,14,948,0.059500
398,1,0,632,47,972,0.053500
399,1,0,17,11,717,0.377000
400,1,1,7,9,439,0.057500
401,1,0,77,14,861,0.050000
402,1,1,3,3,603,0.053000
403,1,0,331,6,948,0.139500
404,1,0,625,51,814,0.063000
405,1,0,816,21,470,0.054500
406,1,0,53,9,966,0.094500
407,1,0,531,9,642,0.101000
408,1,1,4,35,880,0.050000
409,1,0,58,20,524,0.070000
410,1,1,2,2,717,0.077500
411,1,1,1,1,411,0.000000
412,1,1,1,2,412,0.644500
413,1,0,101,6,717,0.090000
414,1,1,3,4,98,0.143500
415,1,0,793,11,623,0.060500
416,1,0,359,5,191,0.065000
417,1,0,386,15,50,0.138000
418,1,0,756,30,617,0.066000
419,1,0,551,19,961,0.054500
420,1,0,686,43,268,0.050500
421,1,1,3,12,512,0.074000
422,1,0,82,3,410,0.134000
423,1,1,8,14,269,0.066500
424,1,0,4,2,914,0.097500
425,1,0,4,1,579,0.002000
426,1,1,2,3,54,0.132000
427,1,0,56,16,678,0.087000
428,1,0,61,21,102,0.054000
429,1,1,20,22,708,0.057500
430,1,1,4,8,934,0.149000
431,1,0,174,6,31,0.056000
432,1,0,328,5,875,0.086000
433,1,1,15,12,22,0.119500
434,1,0,536,26,688,0.055500
435,1,1,16,16,740,0.055500
436,1,0,209,12,117,0.055500
437,1,1,6,8,356,0.073000
438,1,1,12,14,855,0.079000
439,1,0,58,8,320,0.284000
440,1,0,55,1,410,0.006500
441,1,0,30,22,692,0.091000
442,1,1,9,31,692,0.062000
443,1,0,156,9,875,0.076000
444,1,0,13,1,191,0.000000
445,1,0,119,12,620,0.058500
446,1,0,20,3,942,0.070500
447,1,0,306,18,204,0.059500
448,1,0,425,16,805,0.074000
449,1,0,178,3,947,0.181500
450,1,0,109,37,117,0.062500
451,1,0,38,1,688,0.024000
452,1,1,2,10,957,0.286500
453,1,0,283,3,37,0.124500
454,1,0,257,1,822,0.045500
455,1,0,336,21,966,0.053500
456,1,1,11,8,975,0.054500
457,1,1,3,23,914,0.070500
458,1,1,2,7,875,0.061000
459,1,0,220,12,191,0.105000
460,1,0,40,13,994,0.065000
461,1,1,3,6,414,0.134000
462,1,0,205,11,76,0.082500
463,1,0,330,1,426,0.007500
464,1,0,230,9,410,0.066500
465,1,1,5,6,779,0.083500
466,1,0,31,7,538,0.098000
467,1,0,40,1,554,0.000500
468,1,0,183,1,957,0.006000
469,1,1,1,4,469,0.051000
470,1,0,159,21,439,0.062000
471,1,0,267,12,249,0.071500
472,1,0,585,24,914,0.051000
473,1,1,18,24,957,0.055500
474,1,0,371,35,634,0.088500
475,1,0,38,5,515,0.070500
476,1,0,312,5,948,0.127500
477,1,0,59,11,948,0.057000
478,1,0,8,5,526,0.130500
479,1,0,225,8,437,0.190500
480,1,0,75,56,913,0.068500
481,1,0,38,12,469,0.097000
482,1,1,12,27,825,0.062000
483,1,0,172,12,916,0.127500
484,1,1,2,9,946,0.105500
485,1,0,564,5,828,0.108000
486,1,0,35,5,402,0.051500
487,1,0,6,1,992,0.030500
488,1,1,1,10,488,0.053500
489,1,0,297,8,102,0.053500
490,1,0,635,4,139,0.233000
491,1,0,15,7,270,0.149500
492,1,0,634,43,775,0.059000
493,1,0,415,15,337,0.059000
494,1,0,142,9,526,0.077000
495,1,0,178,23,644,0.050000
496,1,0,843,13,623,0.103500
497,1,0,9,3,498,0.169500
498,1,0,35,13,891,0.132000
499,1,0,26,13,749,0.079000
500,1,0,172,24,347,0.054000
501,1,0,176,41,102,0.068500
502,1,0,74,5,302,0.082500
503,1,0,138,4,516,0.080500
504,1,0,404,28,205,0.056000
505,1,0,27,1,192,0.002000
506,1,0,386,17,620,0.063500
507,1,0,461,27,516,0.081000
508,1,0,8,5,966,0.117000
509,1,0,130,32,661,0.061500
510,1,0,5,4,205,0.064500
511,1,0,41,1,657,0.000000
512,1,1,1,9,512,0.089000
513,1,0,161,10,948,0.063000
514,1,1,7,24,61,0.055500
515,1,0,4,2,799,0.153500
516,1,0,120,10,437,0.680000
517,1,0,703,25,417,0.050500
518,1,0,139,11,516,0.061000
519,1,1,4,4,717,0.071500
520,1,0,139,20,911,0.050000
521,1,0,216,3,452,0.752500
522,1,0,26,4,954,0.124000
523,1,0,121,13,598,0.055000
524,1,1,14,18,69,0.069000
525,1,0,58,4,410,0.243500
526,1,0,8,6,437,0.711500
527,1,0,29,8,832,0.055000
528,1,0,12,3,907,0.273500
529,1,0,205,28,148,0.080000
530,1,0,429,25,481,0.060000
531,1,0,91,23,183,0.066000
532,1,0,836,19,617,0.051500
533,1,0,8,1,410,0.000000
534,1,0,2,1,191,0.000000
535,1,0,20,4,175,0.171000
536,1,0,126,1,410,0.000000
537,1,0,235,25,726,0.058500
538,1,1,11,23,526,0.057500
539,1,0,211,14,249,0.051000
540,1,0,274,1,145,0.011000
541,1,0,86,10,875,0.120000
542,1,0,149,4,948,0.212500
543,1,0,412,15,902,0.061500
544,1,1,3,37,561,0.060500
545,1,0,288,10,498,0.119500
546,1,0,24,5,294,0.061500
547,1,1,6,19,726,0.072000
548,1,0,40,4,85,0.080500
549,1,0,19,2,257,0.273500
550,1,0,757,9,554,0.063500
551,1,0,486,6,822,0.058000
552,1,0,37,1,191,0.000500
553,1,0,46,2,439,0.458500
554,1,1,3,5,139,0.131500
555,1,1,5,18,232,0.068500
556,1,1,8,13,712,0.075000
557,1,0,39,10,804,0.142500
558,1,0,23,8,85,0.054000
559,1,0,625,31,957,0.050500
560,1,0,716,21,565,0.091500
561,1,0,24,1,750,0.006500
562,1,1,1,1,562,0.000000
563,1,0,736,23,443,0.072500
564,1,0,45,13,750,0.101000
565,1,1,1,2,565,0.061500
566,1,0,209,4,410,0.052000
567,1,0,87,7,41,0.061000
568,1,0,49,24,131,0.053500
569,1,0,553,25,348,0.070500
570,1,0,199,20,948,0.059500
571,1,0,201,16,516,0.076500
572,1,0,42,3,695,0.059500
573,1,0,241,10,844,0.053000
574,1,0,104,5,526,0.078500
575,1,0,5,1,620,0.036000
576,1,0,517,15,855,0.123000
577,1,1,14,20,914,0.073500
578,1,0,451,11,211,0.169500
579,1,1,1,1,579,0.010000
580,1,0,665,1,672,0.015500
581,1,0,109,4,165,0.123500
582,1,0,30,8,845,0.123500
583,1,0,743,12,294,0.083000
584,1,0,3,1,402,0.018500
585,1,0,609,6,556,0.207000
586,1,0,86,9,553,0.541000
587,1,0,262,31,728,0.058500
588,1,0,79,2,192,0.304500
589,1,0,656,16,555,0.052500
590,1,0,54,6,192,0.080500
591,1,0,932,14,38,0.174000
592,1,1,8,17,69,0.121500
593,1,0,101,18,696,0.058000
594,1,0,284,11,948,0.060000
595,1,0,403,32,349,0.059000
596,1,0,111,1,437,0.026500
597,1,0,45,1,351,0.004500
598,1,1,7,8,410,0.064000
599,1,0,31,2,78,0.075000
600,1,0,205,41,477,0.050000
601,1,0,65,27,625,0.060000
602,1,0,28,8,627,0.060500
603,1,1,3,3,402,0.711000
604,1,0,103,7,914,0.060500
605,1,0,49,9,43,0.121500
606,1,0,378,10,459,0.088500
607,1,0,831,40,944,0.052500
608,1,1,1,1,608,0.002500
609,1,0,106,2,406,0.657500
610,1,0,577,13,556,0.087500
611,1,0,69,11,105,0.060000
612,1,0,184,7,190,0.178500
613,1,0,637,2,22,0.172000
614,1,0,181,36,42,0.051500
615,1,0,31,20,255,0.082000
616,1,0,23,7,921,0.067500
617,1,0,110,1,445,0.028500
618,1,0,605,16,611,0.069500
619,1,1,37,34,555,0.051500
620,1,1,5,9,889,0.063500
621,1,0,662,6,512,0.465000
622,1,0,55,12,107,0.078500
623,1,1,24,28,42,0.054000
624,1,0,171,5,410,0.132000
625,1,0,21,16,69,0.059500
626,1,0,50,4,932,0.096000
627,1,0,2,1,934,0.012000
628,1,1,16,21,457,0.063500
629,1,0,133,1,702,0.018000
630,1,0,64,5,920,0.194500
631,1,0,35,8,289,0.488500
632,1,1,1,5,632,0.055000
633,1,1,5,8,576,0.070500
634,1,0,10,5,426,0.177000
635,1,0,201,41,660,0.059500
636,1,0,610,14,293,0.050500
637,1,0,933,6,810,0.275000
638,1,0,276,31,497,0.050000
639,1,0,384,10,510,0.067500
640,1,0,595,32,351,0.051500
641,1,0,59,16,553,0.073000
642,1,0,14,1,914,0.041500
643,1,0,15,7,348,0.196000
644,1,0,154,16,586,0.153000
645,1,0,361,17,187,0.121000
646,1,1,4,11,50,0.051000
647,1,0,98,34,458,0.063500
648,1,0,993,3,389,0.101500
649,1,0,20,2,556,0.086000
650,1,0,33,21,779,0.058500
651,1,0,553,51,211,0.054000
652,1,0,4,1,191,0.000000
653,1,0,259,18,349,0.063500
654,1,0,24,6,437,0.054500
655,1,1,1,3,655,0.211500
656,1,1,5,6,233,0.363000
657,1,1,1,1,657,0.022500
658,1,1,2,3,822,0.059000
659,1,0,337,7,920,0.064500
660,1,1,2,43,538,0.050500
661,1,0,10,7,526,0.102500
662,1,0,94,23,744,0.053500
663,1,0,303,7,565,0.064500
664,1,0,36,21,145,0.091000
665,1,0,12,8,148,0.090500
666,1,0,167,1,191,0.020000
667,1,1,6,15,712,0.074500
668,1,0,40,17,71,0.077000
669,1,0,2,1,98,0.010500
670,1,0,978,2,154,0.170000
671,1,0,166,2,68,0.301000
672,1,0,109,8,772,0.065000
673,1,0,82,27,874,0.053000
674,1,0,676,8,895,0.077000
675,1,0,110,1,745,0.000000
676,1,0,36,8,671,0.086000
677,1,0,246,10,714,0.094000
678,1,0,8,3,935,0.057500
679,1,1,3,3,297,0.165500
680,1,1,6,7,421,0.123500
681,1,0,71,1,307,0.000000
682,1,0,498,3,554,0.118000
683,1,0,77,20,231,0.056500
684,1,0,76,7,519,0.079000
685,1,0,104,16,231,0.177500
686,1,0,59,12,54,0.069000
687,1,1,1,1,687,0.033500
688,1,0,344,20,902,0.060000
689,1,0,210,13,102,0.114500
690,1,0,973,5,928,0.052500
691,1,0,65,9,717,0.063500
692,1,0,53,12,902,0.055000
693,1,0,497,6,741,0.070000
694,1,1,4,14,772,0.059500
695,1,1,1,5,695,0.091000
696,1,1,1,13,696,0.138000
697,1,0,168,21,145,0.057000
698,1,0,485,2,519,0.206000
699,1,0,827,7,555,0.086500
700,1,1,3,8,783,0.155000
701,1,0,715,8,336,0.102000
702,1,1,3,7,410,0.052500
703,1,0,321,3,37,0.073500
704,1,0,10,1,130,0.003500
705,1,0,176,1,183,0.021000
706,1,0,228,13,597,0.054000
707,1,0,154,18,241,0.081500
708,1,1,6,23,931,0.067000
709,1,0,345,4,307,0.323500
710,1,0,23,5,565,0.244000
711,1,0,106,1,772,0.010000
712,1,0,15,7,302,0.062000
713,1,0,8,1,597,0.030000
714,1,0,731,30,957,0.069000
715,1,0,23,8,54,0.054500
716,1,0,200,13,197,0.074500
717,1,1,1,6,717,0.072000
718,1,1,12,11,966,0.070500
719,1,0,187,21,441,0.057000
720,1,0,85,19,516,0.085500
721,1,0,166,9,781,0.511000
722,1,0,179,9,934,0.111500
723,1,0,272,30,547,0.060500
724,1,1,1,5,724,0.084500
725,1,1,7,35,145,0.096500
726,1,0,98,27,625,0.065500
727,1,1,7,27,479,0.052000
728,1,1,4,22,575,0.068500
729,1,0,65,6,889,0.077500
730,1,0,353,1,134,0.007500
731,1,0,26,1,320,0.014500
732,1,0,8,4,551,0.111500
733,1,0,322,11,728,0.114500
734,1,0,319,13,724,0.057500
735,1,0,9,5,692,0.057000
736,1,1,4,41,825,0.055500
737,1,0,877,74,301,0.050000
738,1,0,129,26,241,0.067500
739,1,0,26,4,461,0.127500
740,1,0,33,1,717,0.003500
741,1,1,8,8,117,0.107000
742,1,0,70,14,692,0.067500
743,1,0,502,32,450,0.080000
744,1,0,606,22,850,0.053500
745,1,0,217,3,505,0.147500
746,1,0,24,10,515,0.065000
747,1,1,9,11,659,0.418500
748,1,0,92,20,439,0.064000
749,1,1,1,2,749,0.662500
750,1,1,2,5,692,0.089000
751,1,0,14,9,538,0.080500
752,1,0,21,1,792,0.028000
753,1,0,638,6,105,0.067500
754,1,0,12,1,454,0.000000
755,1,0,514,3,673,0.141000
756,1,1,14,51,368,0.075500
757,1,0,129,49,479,0.053000
758,1,0,307,14,459,0.053500
759,1,0,70,41,247,0.058000
760,1,0,597,3,512,0.071000
761,1,1,2,11,947,0.092500
762,1,0,53,31,193,0.062500
763,1,0,151,12,231,0.056000
764,1,1,20,22,750,0.136500
765,1,0,310,1,410,0.000000
766,1,0,425,38,31,0.052000
767,1,0,29,9,833,0.061000
768,1,1,2,2,924,0.933000
769,1,0,13,5,620,0.055000
770,1,0,20,13,37,0.085500
771,1,0,534,2,554,0.235000
772,1,1,11,11,142,0.178000
773,1,0,6,4,437,0.106500
774,1,1,9,14,107,0.058500
775,1,0,130,10,620,0.062500
776,1,0,98,18,863,0.070500
777,1,0,21,2,717,0.420000
778,1,0,157,14,320,0.108500
779,1,0,38,15,231,0.110500
780,1,0,35,13,914,0.252000
781,1,0,8,3,565,0.481500
782,1,0,46,18,205,0.052500
783,1,1,1,5,783,0.066500
784,1,0,61,6,878,0.249500
785,1,0,593,1,799,0.015500
786,1,0,64,29,614,0.057500
787,1,0,174,4,46,0.133000
788,1,0,82,13,565,0.085500
789,1,1,2,12,957,0.066500
790,1,0,408,8,733,0.056500
791,1,0,13,6,357,0.089000
792,1,1,2,2,718,0.675500
793,1,0,193,9,320,0.107000
794,1,0,208,25,948,0.075500
795,1,0,357,6,139,0.057500
796,1,1,13,18,773,0.067000
797,1,0,13,2,910,0.076000
798,1,0,33,15,692,0.051500
799,1,1,1,1,799,0.001000
800,1,0,15,5,749,0.336000
801,1,0,24,7,356,0.050000
802,1,1,25,23,874,0.067000
803,1,0,35,12,226,0.073500
804,1,0,213,1,620,0.015000
805,1,1,4,4,620,0.071000
806,1,0,79,20,597,0.070000
807,1,0,35,3,187,0.452500
808,1,1,1,24,808,0.055000
809,1,0,17,1,414,0.011000
810,1,1,4,4,461,0.050500
811,1,1,1,11,811,0.075000
812,1,0,160,1,328,0.040500
813,1,0,93,7,954,0.108500
814,1,0,278,15,348,0.054500
815,1,0,194,47,81,0.058500
816,1,1,1,1,816,0.000000
817,1,1,74,150,171,0.059500
818,1,1,15,25,512,0.053000
819,1,0,548,2,795,0.245000
820,1,0,41,1,914,0.004000
821,1,0,234,19,231,0.051500
822,1,0,213,23,470,0.052500
823,1,0,132,1,603,0.001000
824,1,0,16,10,191,0.304000
825,1,1,7,36,879,0.054000
826,1,0,77,8,696,0.250000
827,1,0,20,11,902,0.207000
828,1,1,8,10,470,0.050000
829,1,0,427,4,8,0.131000
830,1,0,733,3,189,0.278500
831,1,0,55,13,392,0.080000
832,1,1,3,6,356,0.064000
833,1,0,10,1,966,0.048000
834,1,0,230,51,481,0.058500
835,1,0,786,4,935,0.173500
836,1,0,653,22,76,0.063500
837,1,0,630,40,442,0.088000
838,1,0,396,41,725,0.078000
839,1,0,81,22,499,0.055000
840,1,0,65,22,643,0.052000
841,1,0,110,1,191,0.000000
842,1,0,14,12,732,0.055000
843,1,0,245,16,538,0.124000
844,1,0,44,9,689,0.197000
845,1,0,314,1,745,0.017500
846,1,0,558,24,623,0.057000
847,1,0,181,10,753,0.144500
848,1,0,38,12,439,0.068000
849,1,0,148,14,832,0.099000
850,1,0,58,4,37,0.078500
851,1,0,14,10,71,0.098000
852,1,0,125,8,117,0.119000
853,1,0,43,15,736,0.065500
854,1,0,337,6,353,0.084500
855,1,1,1,8,855,0.084000
856,1,1,6,8,724,0.051500
857,1,0,354,50,561,0.064500
858,1,0,557,64,482,0.058000
859,1,0,43,19,285,0.066000
860,1,0,12,6,98,0.059000
861,1,1,1,13,861,0.052500
862,1,0,42,3,410,0.065500
863,1,1,10,16,914,0.060000
864,1,0,629,41,54,0.058000
865,1,0,524,19,614,0.064500
866,1,0,305,31,57,0.065000
867,1,0,45,6,145,0.059500
868,1,1,2,5,860,0.068500
869,1,0,851,1,522,0.000500
870,1,0,958,3,868,0.050500
871,1,1,4,14,914,0.110500
872,1,0,8,5,891,0.535000
873,1,0,190,3,822,0.264000
874,1,0,26,2,410,0.084000
875,1,1,17,11,874,0.060000
876,1,1,2,11,299,0.085000
877,1,0,324,28,814,0.050500
878,1,1,4,5,439,0.067500
879,1,0,33,12,889,0.055000
880,1,0,166,23,439,0.057500
881,1,0,409,1,337,0.017000
882,1,0,242,8,31,0.062000
883,1,0,199,14,836,0.058000
884,1,0,26,8,117,0.101500
885,1,0,129,4,425,0.459500
886,1,0,181,22,694,0.058000
887,1,0,68,40,370,0.053000
888,1,0,761,24,556,0.054500
889,1,1,1,5,889,0.068500
890,1,0,491,40,63,0.054000
891,1,1,9,14,749,0.067500
892,1,0,179,5,470,0.123000
893,1,0,410,11,31,0.051500
894,1,0,208,24,961,0.102000
895,1,1,2,3,934,0.471000
896,1,0,368,4,302,0.227500
897,1,1,2,20,231,0.078000
898,1,0,293,39,720,0.057000
899,1,0,95,6,437,0.184000
900,1,0,35,9,932,0.117000
901,1,0,19,4,920,0.580500
902,1,1,2,12,696,0.061500
903,1,0,685,5,139,0.085500
904,1,0,209,34,948,0.050000
905,1,1,1,5,905,0.051000
906,1,0,45,12,717,0.075500
907,1,1,1,1,907,0.006000
908,1,1,1,2,908,0.922000
909,1,0,672,7,76,0.056500
910,1,0,541,1,191,0.028000
911,1,1,30,28,107,0.054000
912,1,0,231,26,779,0.052000
913,1,0,16,5,526,0.063500
914,1,1,1,9,914,0.058000
915,1,0,154,12,620,0.051000
916,1,0,68,10,249,0.090500
917,1,1,5,8,717,0.073000
918,1,0,28,6,868,0.066000
919,1,0,406,3,678,0.234500
920,1,0,10,9,749,0.071500
921,1,0,424,13,643,0.083000
922,1,1,7,9,946,0.092000
923,1,0,227,15,226,0.096500
924,1,1,1,1,924,0.000000
925,1,0,32,2,643,0.253000
926,1,0,9,2,88,0.626000
927,1,0,797,13,724,0.062500
928,1,0,54,3,783,0.290000
929,1,0,107,6,505,0.210500
930,1,0,15,4,889,0.268500
931,1,1,9,9,148,0.076500
932,1,1,1,2,932,0.238000
933,1,1,22,22,575,0.058500
934,1,1,3,6,749,0.056000
935,1,0,186,2,875,0.744000
936,1,0,601,14,555,0.119500
937,1,0,154,2,519,0.075500
938,1,0,19,14,966,0.073500
939,1,0,526,7,647,0.132000
940,1,0,4,1,992,0.015500
941,1,0,74,12,692,0.090000
942,1,0,24,5,425,0.098500
943,1,0,228,16,241,0.060000
944,1,0,259,8,204,0.063000
945,1,0,514,22,264,0.058500
946,1,1,5,10,345,0.147000
947,1,0,22,1,935,0.034000
948,1,1,3,5,231,0.100500
949,1,0,359,8,714,0.142500
950,1,0,222,24,117,0.052500
951,1,0,357,7,191,0.099000
952,1,0,479,30,220,0.071000
953,1,0,714,4,687,0.058000
954,1,0,20,7,576,0.064000
955,1,0,391,15,351,0.058500
956,1,0,68,17,963,0.070500
957,1,1,1,1,957,0.000000
958,1,0,61,3,681,0.108500
959,1,0,90,13,8,0.069000
960,1,0,520,21,438,0.083000
961,1,1,27,19,645,0.147000
962,1,0,90,9,672,0.131000
963,1,0,78,5,914,0.052000
964,1,0,132,4,772,0.138000
965,1,0,85,6,427,0.077500
966,1,1,1,1,966,0.001000
967,1,0,68,4,695,0.189500
968,1,1,15,65,798,0.051500
969,1,0,66,6,948,0.205000
970,1,0,11,8,356,0.162500
971,1,0,124,13,410,0.074000
972,1,0,288,26,31,0.063000
973,1,0,154,4,673,0.090000
974,1,1,3,5,117,0.299000
975,1,0,66,8,934,0.096500
976,1,0,58,18,421,0.071500
977,1,0,901,1,672,0.014000
978,1,0,56,18,131,0.053500
979,1,0,49,2,439,0.778000
980,1,0,70,25,833,0.075500
981,1,0,814,2,652,0.087500
982,1,0,361,22,50,0.055500
983,1,0,506,16,874,0.090000
984,1,0,35,19,175,0.052000
985,1,0,384,13,547,0.076500
986,1,0,59,27,793,0.059000
987,1,0,624,3,875,0.097000
988,1,0,486,1,875,0.001500
989,1,0,204,8,261,0.070000
990,1,0,199,3,83,0.094000
991,1,0,235,10,337,0.059500
992,1,0,24,2,192,0.054500
993,1,0,8,5,828,0.072500
994,1,0,36,13,516,0.063000
995,1,0,193,14,302,0.063500
996,1,0,360,8,925,0.062000
997,1,0,170,5,357,0.061000
998,1,0,16,5,302,0.066000
999,1,0,135,27,667,0.050000
1000,1,0,460,31,875,0.079000
1,2,0,491,58,377,0.056000
2,2,0,249,19,720,0.055000
3,2,0,109,10,131,0.059000
4,2,0,41,20,166,0.063000
5,2,0,43,23,534,0.050500
6,2,0,196,6,145,0.055500
7,2,1,18,77,667,0.065000
8,2,1,3,5,620,0.057500
9,2,1,1,1,9,0.000000
10,2,0,335,82,518,0.055500
11,2,0,85,2,717,0.377000
12,2,0,196,16,992,0.060000
13,2,0,6,2,823,0.183000
14,2,0,213,5,293,0.050000
15,2,0,664,11,805,0.060500
16,2,0,150,3,717,0.303000
17,2,1,16,32,497,0.085500
18,2,0,21,1,822,0.013500
19,2,0,209,24,497,0.071000
20,2,0,272,18,484,0.089000
21,2,0,138,2,392,0.058000
22,2,0,17,2,249,0.517000
23,2,0,312,8,850,0.084500
24,2,0,151,4,205,0.179500
25,2,0,799,10,421,0.082000
26,2,0,121,10,822,0.074500
27,2,0,309,9,948,0.063500
28,2,0,280,28,8,0.051500
29,2,1,11,24,490,0.052500
30,2,1,4,12,948,0.050000
31,2,1,10,20,832,0.091000
32,2,0,25,8,240,0.141500
33,2,0,532,29,555,0.079000
34,2,0,30,2,406,0.379500
35,2,0,335,10,226,0.063500
36,2,0,32,10,356,0.052500
37,2,0,157,1,948,0.015500
38,2,0,401,16,722,0.080500
39,2,0,100,6,439,0.070500
40,2,1,16,30,750,0.062500
41,2,0,205,10,363,0.166500
42,2,1,5,5,470,0.054000
43,2,0,68,2,907,0.986500
44,2,0,22,13,914,0.050000
45,2,0,79,4,920,0.068000
46,2,1,3,3,263,0.055000
47,2,0,15,16,410,0.051000
48,2,1,1,2,48,0.162000
49,2,0,66,2,816,0.131500
50,2,1,9,15,351,0.062000
51,2,0,10,2,813,0.239000
52,2,0,46,2,414,0.287000
53,2,0,273,24,459,0.050500
54,2,1,1,12,54,0.104000
55,2,0,307,8,672,0.208500
56,2,0,34,2,412,0.103000
57,2,1,2,27,914,0.052500
58,2,1,1,1,58,0.000000
59,2,0,776,15,363,0.050000
60,2,1,33,32,445,0.054000
61,2,0,168,25,231,0.051500
62,2,0,133,16,469,0.051000
63,2,0,64,7,746,0.050500
64,2,0,211,6,259,0.294000
65,2,0,36,8,603,0.196000
66,2,1,38,44,481,0.052000
67,2,0,317,16,824,0.068500
68,2,0,114,1,875,0.001000
69,2,1,12,25,442,0.054500
70,2,0,68,1,717,0.015500
71,2,0,631,1,68,0.011500
72,2,0,188,20,351,0.051500
73,2,0,74,20,193,0.050000
74,2,0,74,7,676,0.089000
75,2,0,381,35,501,0.054000
76,2,0,31,11,643,0.068000
77,2,0,501,10,597,0.073500
78,2,1,1,25,78,0.090500
79,2,0,20,5,191,0.273500
80,2,0,7,1,262,0.000000
81,2,0,55,17,556,0.055500
82,2,0,211,5,106,0.051500
83,2,0,287,2,68,0.295500
84,2,0,174,27,975,0.051000
85,2,1,2,5,752,0.081000
86,2,0,5,1,257,0.009500
87,2,0,55,20,948,0.078500
88,2,0,49,8,655,0.063500
89,2,0,92,3,752,0.297000
90,2,0,388,2,247,0.633000
91,2,1,7,22,439,0.055500
92,2,0,500,70,957,0.052000
93,2,0,777,51,635,0.071500
94,2,0,84,19,410,0.120000
95,2,1,7,7,381,0.902000
96,2,0,163,8,845,0.062500
97,2,0,102,21,772,0.126500
98,2,0,124,1,724,0.000000
99,2,0,291,22,553,0.059000
100,2,0,49,17,240,0.057000
101,2,0,34,1,78,0.003500
102,2,1,3,17,231,0.069000
103,2,0,160,15,538,0.052500
104,2,0,345,8,215,0.052000
105,2,0,10,5,439,0.056000
106,2,1,2,2,410,0.068000
107,2,1,3,12,914,0.053000
108,2,0,256,19,750,0.056500
109,2,0,287,15,220,0.067000
110,2,0,375,7,22,0.111000
111,2,0,513,3,652,0.074000
112,2,0,160,14,54,0.077500
113,2,0,594,8,642,0.054000
114,2,0,314,13,115,0.098000
115,2,0,14,5,402,0.396000
116,2,0,80,8,249,0.060000
117,2,0,40,2,717,0.551500
118,2,0,93,40,773,0.068000
119,2,0,3,1,253,0.007500
120,2,0,83,47,351,0.052000
121,2,0,77,1,410,0.000000
122,2,0,518,8,935,0.051000
123,2,1,10,9,659,0.056500
124,2,0,320,3,554,0.146500
125,2,0,31,7,750,0.058000
126,2,0,43,2,145,0.569000
127,2,0,296,38,145,0.051000
128,2,0,186,31,880,0.079000
129,2,0,17,2,216,0.107500
130,2,0,6,4,212,0.185500
131,2,1,1,12,131,0.163500
132,2,0,217,7,448,0.102000
133,2,0,108,18,8,0.051000
134,2,0,9,2,191,0.196000
135,2,0,37,17,57,0.052000
136,2,0,22,12,241,0.060000
137,2,0,89,15,512,0.058500
138,2,0,560,24,687,0.051000
139,2,0,6,5,510,0.126000
140,2,1,1,3,140,0.104000
141,2,0,199,8,957,0.053500
142,2,0,8,3,717,0.158500
143,2,0,223,7,758,0.102500
144,2,0,353,46,377,0.051500
145,2,1,2,6,396,0.096500
146,2,0,504,23,925,0.059500
147,2,0,67,37,911,0.064000
148,2,1,1,8,148,0.074500
149,2,0,362,1,410,0.012000
150,2,0,205,11,538,0.059500
151,2,0,86,48,825,0.056000
152,2,0,162,25,231,0.061000
153,2,0,833,9,781,0.052000
154,2,0,849,1,810,0.032500
155,2,0,401,4,920,0.050000
156,2,0,29,9,889,0.090000
157,2,0,34,7,347,0.058000
158,2,0,319,16,675,0.065500
159,2,0,202,8,724,0.190000
160,2,0,778,7,189,0.339500
161,2,0,33,7,240,0.130000
162,2,0,140,10,145,0.075500
163,2,0,69,1,406,0.003000
164,2,0,786,2,261,0.581500
165,2,0,40,4,702,0.107000
166,2,0,22,8,148,0.277500
167,2,0,114,3,300,0.066500
168,2,0,15,3,332,0.109500
169,2,0,88,19,117,0.115000
170,2,0,38,31,497,0.051500
171,2,0,163,9,948,0.121500
172,2,1,4,4,914,0.093500
173,2,1,3,5,692,0.071000
174,2,0,75,13,76,0.102500
175,2,1,9,11,551,0.077000
176,2,0,398,19,450,0.168000
177,2,0,308,1,431,0.000000
178,2,0,18,8,370,0.065500
179,2,0,30,3,878,0.204500
180,2,0,406,10,226,0.055500
181,2,0,326,25,891,0.060500
182,2,0,176,5,717,0.052000
183,2,0,67,4,347,0.076000
184,2,0,113,1,810,0.000000
185,2,0,22,1,554,0.000000
186,2,0,138,16,205,0.082500
187,2,0,71,19,911,0.070000
188,2,1,22,24,175,0.052000
189,2,0,5,2,935,0.473000
190,2,0,520,10,293,0.082000
191,2,1,1,1,191,0.000000
192,2,1,1,5,192,0.119500
193,2,0,476,9,750,0.059000
194,2,0,186,43,396,0.053000
195,2,0,410,1,575,0.010000
196,2,0,145,17,302,0.051500
197,2,1,2,7,920,0.066000
198,2,0,460,8,673,0.102500
199,2,0,311,13,906,0.065000
200,2,1,9,9,353,0.192000
201,2,0,112,8,54,0.134500
202,2,0,86,4,907,0.309000
203,2,0,126,19,673,0.055500
204,2,1,3,50,445,0.075500
205,2,1,1,2,205,0.076000
206,2,0,4,1,783,0.018000
207,2,0,115,12,410,0.053500
208,2,0,590,30,54,0.095000
209,2,0,41,9,781,0.061500
210,2,1,14,21,101,0.111000
211,2,0,7,5,191,0.121000
212,2,0,8,2,412,0.087500
213,2,0,77,6,148,0.190500
214,2,0,3,1,257,0.000000
215,2,0,523,7,139,0.378000
216,2,1,1,13,216,0.063500
217,2,0,513,8,401,0.138000
218,2,1,1,52,218,0.051000
219,2,1,1,1,219,0.000000
220,2,1,7,18,914,0.067000
221,2,0,371,46,516,0.054500
222,2,1,1,48,222,0.066500
223,2,0,669,18,555,0.054000
224,2,0,51,12,547,0.089500
225,2,0,164,2,191,0.598000
226,2,0,13,10,948,0.066000
227,2,0,34,12,498,0.092500
228,2,0,177,15,351,0.054000
229,2,0,30,8,332,0.051000
230,2,1,1,1,230,0.000000
231,2,0,32,4,437,0.053000
232,2,0,36,14,643,0.076000
233,2,0,28,2,724,0.070500
234,2,0,284,29,750,0.055000
235,2,0,589,13,87,0.055000
236,2,0,52,2,652,0.295500
237,2,0,379,15,702,0.059000
238,2,0,23,11,60,0.088000
239,2,0,55,8,226,0.062500
240,2,1,10,13,320,0.057500
241,2,0,7,5,410,0.091000
242,2,0,629,3,597,0.056500
243,2,0,250,1,510,0.038500
244,2,0,27,9,271,0.056500
245,2,0,874,3,342,0.221000
246,2,0,473,59,183,0.059500
247,2,0,139,3,935,0.257500
248,2,0,442,6,348,0.091000
249,2,1,6,12,193,0.091000
250,2,0,10,3,439,0.133000
251,2,0,219,4,452,0.082500
252,2,0,43,1,320,0.032500
253,2,0,980,2,263,0.135000
254,2,0,135,13,772,0.057500
255,2,0,7,1,320,0.012000
256,2,0,68,1,191,0.000000
257,2,1,3,4,562,0.069000
258,2,0,220,14,139,0.051000
259,2,0,46,1,512,0.006000
260,2,0,583,25,736,0.063000
261,2,0,44,6,935,0.086500
262,2,1,1,1,262,0.000000
263,2,1,3,4,579,0.069000
264,2,0,102,3,935,0.076000
265,2,0,46,3,299,0.088000
266,2,0,227,8,659,0.053500
267,2,0,182,43,708,0.063000
268,2,0,52,10,555,0.097500
269,2,0,13,11,347,0.063000
270,2,1,9,8,732,0.053000
271,2,0,856,27,910,0.054000
272,2,0,395,1,874,0.044000
273,2,0,188,4,512,0.135500
274,2,0,86,22,660,0.062500
275,2,0,16,9,681,0.096000
276,2,0,134,6,406,0.146500
277,2,0,308,7,356,0.114000
278,2,0,45,3,475,0.674000
279,2,0,159,22,966,0.055500
280,2,0,338,39,348,0.050500
281,2,0,58,22,269,0.083000
282,2,0,77,22,641,0.068000
283,2,0,546,5,772,0.065500
284,2,0,409,24,824,0.081500
285,2,1,3,10,832,0.057000
286,2,0,190,29,190,0.051000
287,2,0,42,4,907,0.096000
288,2,0,91,15,226,0.110500
289,2,1,2,9,498,0.059500
290,2,0,34,9,909,0.109500
291,2,0,820,28,303,0.081000
292,2,1,30,19,531,0.068000
293,2,0,197,21,925,0.067000
294,2,0,347,17,191,0.063500
295,2,0,621,42,8,0.053000
296,2,0,458,13,556,0.123000
297,2,1,1,1,297,0.038500
298,2,1,5,19,708,0.055000
299,2,0,95,1,526,0.049000
300,2,0,5,2,608,0.459000
301,2,0,448,47,284,0.060500
302,2,0,32,24,183,0.067000
303,2,0,525,1,947,0.002000
304,2,0,22,8,799,0.103500
305,2,0,434,11,551,0.061000
306,2,0,203,3,145,0.425500
307,2,1,3,12,713,0.053500
308,2,0,979,4,425,0.229000
309,2,0,423,1,875,0.000000
310,2,0,73,9,861,0.099000
311,2,0,249,2,761,0.977000
312,2,1,3,5,911,0.052500
313,2,0,365,26,660,0.051000
314,2,0,289,3,772,0.058500
315,2,0,515,13,789,0.063000
316,2,0,86,50,61,0.061500
317,2,0,29,18,526,0.075500
318,2,0,29,12,319,0.067000
319,2,1,8,16,855,0.064000
320,2,0,111,29,526,0.051500
321,2,0,117,3,410,0.055000
322,2,0,104,43,358,0.054000
323,2,1,1,1,323,0.000000
324,2,0,697,98,541,0.050500
325,2,0,935,5,792,0.143000
326,2,0,186,8,41,0.120000
327,2,1,4,6,572,0.090000
328,2,0,17,8,659,0.081000
329,2,1,1,1,329,0.011000
330,2,0,569,5,644,0.101000
331,2,0,406,29,880,0.082500
332,2,0,2,1,965,0.041000
333,2,0,838,8,294,0.109500
334,2,0,124,32,516,0.063500
335,2,0,73,2,410,0.200500
336,2,1,6,12,804,0.068000
337,2,0,45,2,642,0.161500
338,2,0,17,11,54,0.072000
339,2,0,38,18,193,0.053000
340,2,0,107,4,659,0.129000
341,2,1,14,15,383,0.110500
342,2,0,626,3,935,0.326500
343,2,0,67,2,410,0.743500
344,2,0,333,20,133,0.052000
345,2,1,12,10,249,0.075000
346,2,0,186,12,426,0.089000
347,2,1,1,4,347,0.075000
348,2,1,3,6,226,0.086000
349,2,1,3,6,145,0.175500
350,2,0,105,21,538,0.055500
351,2,1,2,8,914,0.067500
352,2,0,170,21,220,0.083000
353,2,0,14,6,57,0.085000
354,2,0,815,8,146,0.053000
355,2,0,149,88,930,0.064500
356,2,1,2,9,437,0.362000
357,2,0,79,5,101,0.149500
358,2,0,72,11,804,0.113000
359,2,0,76,4,551,0.114500
360,2,1,3,23,623,0.066000
361,2,0,79,1,410,0.000500
362,2,1,1,3,362,0.107000
363,2,0,64,12,83,0.084000
364,2,0,129,17,994,0.054000
365,2,0,846,6,512,0.062500
366,2,0,382,2,792,0.814500
367,2,0,14,6,914,0.113000
368,2,0,89,9,437,0.057500
369,2,0,9,4,914,0.094500
370,2,1,6,16,842,0.059500
371,2,0,393,18,878,0.051000
372,2,0,537,11,652,0.111500
373,2,0,424,70,183,0.057500
374,2,0,45,2,191,0.378500
375,2,1,1,3,375,0.334500
376,2,0,5,2,659,0.086500
377,2,0,30,4,226,0.334000
378,2,0,411,28,805,0.051000
379,2,1,1,2,379,0.066000
380,2,0,222,8,259,0.058500
381,2,1,1,7,381,0.363000
382,2,0,30,2,554,0.285000
383,2,1,4,12,671,0.064500
384,2,0,302,2,556,0.097500
385,2,0,145,3,947,0.106500
386,2,0,119,14,78,0.171500
387,2,0,116,5,85,0.079500
388,2,1,1,2,388,0.679500
389,2,1,1,2,389,0.167000
390,2,0,88,21,410,0.075000
391,2,0,6,2,263,0.665000
392,2,0,9,2,822,0.064000
393,2,1,1,1,393,0.000000
394,2,0,683,33,646,0.097000
395,2,1,1,3,395,0.089500
396,2,1,18,18,347,0.054000
397,2,0,42,8,410,0.110000
398,2,0,543,3,191,0.054000
399,2,0,9,4,696,0.248000
400,2,1,5,15,439,0.052000
401,2,0,458,30,875,0.059500
402,2,1,1,3,402,0.051500
403,2,0,345,23,931,0.056000
404,2,0,690,3,652,0.112000
405,2,0,764,23,499,0.060000
406,2,0,7,4,515,0.169500
407,2,0,347,15,453,0.051500
408,2,0,264,22,779,0.056000
409,2,0,18,6,592,0.105000
410,2,1,3,6,148,0.105000
411,2,1,1,2,411,0.269500
412,2,0,15,1,379,0.003500
413,2,0,11,9,914,0.070500
414,2,0,9,3,792,0.209500
415,2,0,739,15,639,0.063000
416,2,0,80,23,448,0.063500
417,2,0,23,3,555,0.218000
418,2,0,100,6,672,0.064500
419,2,0,830,44,14,0.059000
420,2,0,754,6,260,0.053000
421,2,0,95,3,935,0.104000
422,2,0,21,5,773,0.059000
423,2,0,12,5,717,0.083500
424,2,0,10,3,914,0.084000
425,2,1,1,3,425,0.086000
426,2,0,21,8,717,0.082500
427,2,1,4,8,669,0.184000
428,2,0,73,17,231,0.080500
429,2,0,18,1,410,0.016500
430,2,1,2,2,505,0.338000
431,2,0,212,59,66,0.073000
432,2,1,7,22,69,0.062500
433,2,0,129,36,597,0.050500
434,2,0,214,20,260,0.102500
435,2,0,31,7,526,0.054500
436,2,0,173,17,102,0.061000
437,2,1,1,4,437,0.073000
438,2,1,5,10,749,0.087000
439,2,0,39,28,125,0.091000
440,2,0,36,21,102,0.050500
441,2,0,76,11,439,0.062500
442,2,0,430,57,117,0.053000
443,2,1,20,20,575,0.075500
444,2,0,26,1,410,0.024500
445,2,0,18,6,861,0.097500
446,2,0,9,2,9,0.245500
447,2,0,139,17,925,0.054000
448,2,0,409,3,957,0.123000
449,2,0,629,5,678,0.051500
450,2,0,63,7,948,0.086500
451,2,0,174,4,620,0.233500
452,2,0,47,1,828,0.021000
453,2,0,339,11,994,0.098000
454,2,0,13,2,822,0.206500
455,2,0,721,39,733,0.052000
456,2,0,388,12,470,0.057500
457,2,0,24,6,426,0.267500
458,2,1,8,9,914,0.079500
459,2,0,40,6,948,0.273000
460,2,0,78,1,526,0.006000
461,2,1,2,2,98,0.607500
462,2,0,480,27,348,0.054500
463,2,0,377,45,117,0.054500
464,2,1,3,22,396,0.058500
465,2,0,211,5,117,0.119000
466,2,0,9,6,948,0.074000
467,2,0,224,20,117,0.056500
468,2,0,38,2,947,0.533500
469,2,1,1,3,469,0.106000
470,2,0,92,16,625,0.052500
471,2,0,70,12,76,0.209500
472,2,0,532,1,78,0.000000
473,2,0,8,1,957,0.000000
474,2,0,112,20,453,0.062000
475,2,0,12,6,746,0.060500
476,2,0,66,12,555,0.060500
477,2,1,5,9,911,0.065000
478,2,1,14,22,708,0.069000
479,2,0,24,22,498,0.056000
480,2,0,124,12,102,0.054000
481,2,0,100,18,241,0.067500
482,2,0,168,14,914,0.069500
483,2,1,5,8,844,0.068500
484,2,0,7,5,515,0.126500
485,2,1,53,74,775,0.051500
486,2,0,842,23,699,0.053000
487,2,1,1,8,487,0.085000
488,2,1,1,5,488,0.063500
489,2,0,154,19,725,0.070000
490,2,0,314,7,259,0.275500
491,2,1,1,5,491,0.772000
492,2,0,628,29,798,0.055500
493,2,0,39,9,249,0.077000
494,2,0,6,1,914,0.000500
495,2,0,608,16,226,0.050000
496,2,0,722,1,191,0.002500
497,2,0,60,14,320,0.050000
498,2,1,12,52,479,0.057500
499,2,0,287,17,828,0.080000
500,2,0,47,21,57,0.078500
501,2,0,264,48,914,0.064000
502,2,0,187,20,457,0.051000
503,2,0,86,11,931,0.059000
504,2,0,284,27,431,0.096000
505,2,0,17,13,934,0.113000
506,2,0,116,24,42,0.065000
507,2,0,54,12,855,0.064000
508,2,0,11,7,41,0.129000
509,2,0,87,13,205,0.065000
510,2,1,1,4,510,0.069500
511,2,0,834,1,414,0.023000
512,2,1,5,17,726,0.054500
513,2,0,100,16,57,0.055500
514,2,0,24,7,889,0.371000
515,2,0,51,9,799,0.064000
516,2,0,16,14,914,0.053500
517,2,0,262,7,406,0.071000
518,2,0,174,17,740,0.053000
519,2,1,1,15,519,0.059000
520,2,0,77,1,914,0.023000
521,2,0,632,4,828,0.110500
522,2,0,5,2,822,0.072500
523,2,0,102,4,772,0.065500
524,2,0,398,1,68,0.018000
525,2,0,72,9,410,0.076500
526,2,0,15,2,410,0.061500
527,2,0,44,25,231,0.058500
528,2,0,28,1,402,0.000000
529,2,0,173,28,577,0.051000
530,2,0,455,54,594,0.054500
531,2,0,189,47,902,0.050000
532,2,0,507,33,508,0.060500
533,2,0,17,1,191,0.009500
534,2,0,2,1,191,0.000000
535,2,0,845,1,745,0.000000
536,2,0,174,11,410,0.220500
537,2,0,425,7,443,0.053500
538,2,1,2,7,660,0.059000
539,2,0,45,1,421,0.026500
540,2,0,192,112,518,0.057500
541,2,1,1,23,541,0.056500
542,2,0,194,33,148,0.070000
543,2,0,98,1,688,0.047000
544,2,0,250,1,410,0.015500
545,2,0,48,7,68,0.052500
546,2,0,486,8,555,0.140000
547,2,0,73,10,620,0.066500
548,2,0,23,1,783,0.003000
549,2,0,4,3,329,0.586500
550,2,0,760,8,293,0.050000
551,2,1,2,6,603,0.067000
552,2,0,53,10,356,0.067500
553,2,1,15,16,889,0.060500
554,2,0,11,4,191,0.107500
555,2,0,67,30,779,0.059500
556,2,0,455,8,750,0.051500
557,2,0,630,26,712,0.060000
558,2,0,68,14,833,0.116000
559,2,0,542,101,431,0.050500
560,2,0,728,40,673,0.050500
561,2,0,43,10,498,0.060000
562,2,1,1,1,562,0.000000
563,2,0,688,7,889,0.159500
564,2,1,5,10,498,0.060000
565,2,1,1,2,565,0.650000
566,2,0,195,9,779,0.065500
567,2,0,6,3,406,0.334500
568,2,0,16,12,576,0.057500
569,2,0,166,3,556,0.057000
570,2,0,117,48,740,0.069500
571,2,1,20,23,750,0.069500
572,2,0,144,12,393,0.084000
573,2,0,573,2,211,0.118500
574,2,0,112,14,832,0.074000
575,2,0,293,13,423,0.056500
576,2,1,1,2,576,0.056000
577,2,0,99,5,347,0.171500
578,2,0,491,21,117,0.051000
579,2,1,1,4,579,0.721500
580,2,0,473,64,421,0.058500
581,2,0,224,24,37,0.056000
582,2,1,5,9,868,0.058500
583,2,0,833,25,676,0.067500
584,2,0,6,5,414,0.176500
585,2,0,604,41,527,0.054000
586,2,0,90,7,302,0.234500
587,2,0,524,43,11,0.054500
588,2,0,12,8,992,0.135500
589,2,0,662,6,875,0.068500
590,2,0,90,1,822,0.007500
591,2,0,28,7,461,0.128500
592,2,0,2,1,671,0.009000
593,2,0,4,2,905,0.204000
594,2,0,154,47,914,0.059000
595,2,1,26,40,726,0.052000
596,2,1,6,10,107,0.088500
597,2,0,82,7,37,0.089500
598,2,1,2,15,948,0.050500
599,2,0,45,6,855,0.158500
600,2,0,241,44,871,0.054500
601,2,0,433,100,482,0.056000
602,2,0,19,6,724,0.050000
603,2,1,1,3,603,0.097500
604,2,0,57,1,914,0.018500
605,2,0,187,8,155,0.069500
606,2,0,403,17,426,0.062000
607,2,0,855,15,687,0.093500
608,2,1,10,8,584,0.079500
609,2,0,574,23,934,0.051000
610,2,0,27,6,954,0.066000
611,2,0,87,25,443,0.059000
612,2,0,687,21,190,0.083000
613,2,1,16,18,76,0.056000
614,2,1,6,8,576,0.082000
615,2,1,6,19,498,0.060000
616,2,0,491,8,652,0.060000
617,2,0,407,11,351,0.094500
618,2,0,275,8,966,0.089000
619,2,1,3,12,76,0.052500
620,2,0,344,13,117,0.081000
621,2,0,659,11,421,0.200500
622,2,0,89,11,422,0.058500
623,2,0,435,9,105,0.056500
624,2,0,141,7,54,0.065000
625,2,0,53,1,620,0.001500
626,2,0,184,1,932,0.022000
627,2,1,5,11,192,0.230500
628,2,0,16,15,54,0.054500
629,2,0,39,26,774,0.051500
630,2,1,1,4,630,0.090000
631,2,0,107,1,439,0.016500
632,2,0,9,3,869,0.071500
633,2,1,32,23,800,0.054000
634,2,0,12,1,948,0.012000
635,2,0,181,13,948,0.083500
636,2,0,691,19,925,0.050500
637,2,0,193,2,823,0.193500
638,2,0,415,16,694,0.061500
639,2,0,507,45,37,0.055500
640,2,0,208,32,42,0.052000
641,2,1,6,11,76,0.072500
642,2,1,2,20,351,0.073000
643,2,0,62,10,351,0.099500
644,2,0,78,20,250,0.050000
645,2,0,31,8,770,0.053000
646,2,1,7,10,875,0.137500
647,2,0,37,1,50,0.015000
648,2,0,11,1,549,0.000000
649,2,0,120,32,193,0.050000
650,2,0,208,4,437,0.617500
651,2,0,601,65,802,0.056000
652,2,0,2,1,191,0.000000
653,2,0,290,1,191,0.000000
654,2,0,11,6,356,0.134500
655,2,1,1,3,655,0.078500
656,2,1,1,1,656,0.000000
657,2,1,1,1,657,0.000000
658,2,1,11,11,576,0.135500
659,2,1,1,1,659,0.002000
660,2,0,19,10,410,0.052500
661,2,0,18,12,717,0.065000
662,2,0,39,1,307,0.012000
663,2,0,22,2,975,0.078000
664,2,0,120,14,347,0.083000
665,2,0,24,3,148,0.521000
666,2,0,337,46,145,0.059500
667,2,0,122,15,497,0.058500
668,2,0,98,10,105,0.076500
669,2,1,1,2,669,0.679000
670,2,0,978,2,154,0.925500
671,2,0,68,19,861,0.124500
672,2,1,24,28,239,0.053000
673,2,0,152,2,50,0.243500
674,2,0,23,2,551,0.276500
675,2,0,59,4,745,0.066500
676,2,0,13,1,822,0.014500
677,2,0,89,1,811,0.015500
678,2,1,1,2,678,0.074500
679,2,0,27,1,140,0.000000
680,2,0,53,1,189,0.011500
681,2,0,245,2,307,0.433500
682,2,0,536,20,643,0.058500
683,2,0,60,13,914,0.051000
684,2,0,120,8,205,0.058000
685,2,0,66,29,145,0.097500
686,2,0,20,1,410,0.006500
687,2,0,744,6,844,0.067000
688,2,1,10,30,131,0.052000
689,2,0,211,51,121,0.070500
690,2,0,17,7,56,0.087000
691,2,1,6,17,231,0.100000
692,2,0,30,1,320,0.000500
693,2,0,446,13,87,0.070000
694,2,0,151,4,410,0.146500
695,2,0,238,4,271,0.150000
696,2,0,24,7,437,0.057500
697,2,0,118,14,205,0.054000
698,2,0,518,2,68,0.060000
699,2,0,14,11,813,0.073500
700,2,0,60,3,656,0.082500
701,2,0,661,28,895,0.054500
702,2,1,7,13,717,0.065000
703,2,0,339,15,641,0.055000
704,2,0,100,2,387,0.325500
705,2,0,68,20,81,0.057000
706,2,0,421,19,772,0.063500
707,2,0,105,1,832,0.008000
708,2,0,29,4,717,0.074000
709,2,0,825,3,475,0.139500
710,2,0,27,1,851,0.009500
711,2,0,255,25,423,0.063500
712,2,0,123,2,320,0.106500
713,2,1,15,14,232,0.098000
714,2,0,56,2,659,0.942000
715,2,1,4,16,107,0.178500
716,2,0,717,12,443,0.059500
717,2,1,1,5,717,0.147000
718,2,0,43,1,745,0.009000
719,2,0,298,26,998,0.079000
720,2,1,3,23,773,0.052000
721,2,0,601,13,261,0.055000
722,2,0,15,8,406,0.060000
723,2,0,368,41,183,0.071500
724,2,1,3,8,565,0.086000
725,2,0,53,10,948,0.144500
726,2,1,8,16,470,0.081500
727,2,0,183,7,642,0.059000
728,2,0,378,11,779,0.074500
729,2,0,24,10,187,0.058500
730,2,0,456,10,694,0.086000
731,2,0,9,5,498,0.076000
732,2,0,418,11,71,0.343500
733,2,0,69,18,617,0.060000
734,2,0,131,5,922,0.068500
735,2,0,48,5,422,0.086500
736,2,0,170,17,696,0.055500
737,2,0,830,1,307,0.006000
738,2,0,174,1,410,0.000000
739,2,0,39,3,608,0.105000
740,2,0,17,6,54,0.072000
741,2,0,46,2,337,0.200000
742,2,0,67,34,750,0.070000
743,2,0,500,31,267,0.054500
744,2,0,487,8,957,0.090000
745,2,0,21,11,718,0.251000
746,2,1,6,19,192,0.145000
747,2,0,101,16,822,0.070500
748,2,1,54,68,479,0.058000
749,2,1,1,1,749,0.010000
750,2,1,1,2,750,0.056500
751,2,1,9,9,410,0.055000
752,2,1,4,5,860,0.532500
753,2,1,4,5,71,0.081000
754,2,1,2,2,454,0.663000
755,2,0,665,22,453,0.058000
756,2,0,90,33,577,0.054500
757,2,0,352,6,948,0.059000
758,2,0,382,7,510,0.121500
759,2,0,323,10,37,0.108500
760,2,0,452,28,547,0.059500
761,2,0,362,3,134,0.062500
762,2,0,144,27,439,0.103000
763,2,0,143,23,832,0.055500
764,2,0,144,41,157,0.050500
765,2,0,96,45,482,0.052000
766,2,0,429,18,231,0.055500
767,2,0,474,11,406,0.054500
768,2,1,1,1,768,0.005000
769,2,0,11,1,620,0.005500
770,2,0,35,5,348,0.051000
771,2,0,537,13,652,0.084000
772,2,0,46,5,717,0.051500
773,2,1,5,5,832,0.455500
774,2,0,71,1,191,0.000000
775,2,0,26,4,193,0.094500
776,2,0,352,2,736,0.774500
777,2,1,12,12,347,0.098500
778,2,0,163,30,516,0.065500
779,2,0,10,5,117,0.128500
780,2,0,34,20,692,0.144000
781,2,0,318,2,445,0.054000
782,2,0,30,7,139,0.055000
783,2,0,9,7,792,0.058500
784,2,0,69,26,914,0.056000
785,2,0,790,4,678,0.424500
786,2,0,629,16,627,0.051000
787,2,0,949,1,792,0.046000
788,2,1,14,20,345,0.056000
789,2,0,7,5,512,0.052500
790,2,0,347,7,197,0.057500
791,2,0,449,6,712,0.070500
792,2,1,1,1,792,0.000000
793,2,0,306,13,772,0.087000
794,2,0,61,3,963,0.072500
795,2,0,154,16,741,0.064500
796,2,1,9,23,347,0.070500
797,2,0,321,18,439,0.075500
798,2,0,129,9,302,0.086500
799,2,0,86,7,957,0.238500
800,2,1,6,11,749,0.241500
801,2,0,97,35,902,0.052000
802,2,0,45,3,889,0.184000
803,2,0,109,25,231,0.064500
804,2,0,74,13,556,0.086000
805,2,0,29,5,889,0.062500
806,2,0,309,14,871,0.055500
807,2,1,8,7,619,0.103500
808,2,0,479,8,71,0.096500
809,2,0,40,1,98,0.006000
810,2,1,4,4,657,0.065500
811,2,0,30,3,270,0.175500
812,2,0,505,8,946,0.059000
813,2,1,3,7,454,0.112500
814,2,0,177,1,772,0.005000
815,2,0,577,37,853,0.051000
816,2,1,1,1,816,0.020000
817,2,0,108,9,94,0.052500
818,2,0,35,3,249,0.107500
819,2,0,565,3,76,0.050000
820,2,0,88,21,410,0.077500
821,2,0,110,28,516,0.086000
822,2,1,5,17,210,0.061500
823,2,1,3,3,461,0.623500
824,2,0,14,2,717,0.065000
825,2,1,3,7,736,0.084000
826,2,0,97,5,437,0.738500
827,2,0,168,12,437,0.070500
828,2,0,8,2,620,0.312000
829,2,0,264,22,8,0.058500
830,2,0,18,12,98,0.052000
831,2,0,109,11,556,0.068000
832,2,1,1,8,832,0.132000
833,2,1,4,19,669,0.125000
834,2,0,69,9,320,0.064000
835,2,0,379,3,406,0.080000
836,2,0,336,18,417,0.129500
837,2,0,106,2,505,0.270500
838,2,0,238,12,925,0.069500
839,2,0,11,9,192,0.117000
840,2,0,49,7,643,0.055500
841,2,0,171,11,437,0.076000
842,2,0,130,6,822,0.267500
843,2,0,195,25,538,0.058000
844,2,0,12,4,673,0.341000
845,2,0,11,2,402,0.124500
846,2,0,21,8,908,0.078500
847,2,0,113,10,669,0.068500
848,2,0,28,1,78,0.017500
849,2,0,83,12,526,0.052500
850,2,0,26,4,948,0.189000
851,2,0,637,3,505,0.228500
852,2,0,171,10,145,0.053500
853,2,0,279,9,351,0.150500
854,2,0,139,10,289,0.065000
855,2,1,7,12,105,0.064500
856,2,0,48,12,83,0.441000
857,2,0,450,31,31,0.050000
858,2,0,577,24,302,0.083000
859,2,0,46,12,948,0.053500
860,2,0,8,5,85,0.166500
861,2,1,4,25,625,0.059000
862,2,0,62,16,832,0.062500
863,2,0,34,14,302,0.058000
864,2,0,693,3,443,0.279500
865,2,0,192,2,842,0.100500
866,2,0,270,66,736,0.069500
867,2,1,6,6,145,0.059000
868,2,0,120,3,718,0.697000
869,2,1,1,1,869,0.003500
870,2,0,3,1,212,0.000000
871,2,0,71,7,437,0.269000
872,2,0,97,29,68,0.076000
873,2,0,2,1,454,0.000000
874,2,1,6,9,396,0.107000
875,2,1,13,50,464,0.065500
876,2,0,147,4,426,0.086500
877,2,0,433,14,998,0.060000
878,2,0,6,1,439,0.005000
879,2,0,61,13,320,0.052000
880,2,0,195,32,183,0.067500
881,2,0,455,2,211,0.098000
882,2,0,202,32,227,0.051000
883,2,0,724,2,307,0.621000
884,2,0,81,1,191,0.001500
885,2,1,3,5,48,0.717500
886,2,0,204,1,772,0.022500
887,2,0,319,5,475,0.065500
888,2,0,707,17,331,0.058500
889,2,0,98,8,145,0.137000
890,2,0,290,3,745,0.320000
891,2,1,14,18,101,0.050000
892,2,0,596,16,292,0.061500
893,2,0,204,20,69,0.072500
894,2,0,762,9,935,0.091000
895,2,1,1,9,895,0.052000
896,2,0,399,19,187,0.092000
897,2,0,31,5,717,0.130000
898,2,0,323,6,148,0.117000
899,2,0,94,13,347,0.100000
900,2,0,115,1,98,0.002000
901,2,0,44,5,105,0.086000
902,2,1,2,20,914,0.070500
903,2,0,169,13,714,0.058000
904,2,0,179,43,577,0.068500
905,2,1,1,3,905,0.069500
906,2,0,43,18,717,0.067000
907,2,0,29,2,603,0.055500
908,2,1,1,5,908,0.117000
909,2,0,654,8,921,0.200500
910,2,0,456,21,692,0.051500
911,2,1,1,9,911,0.055500
912,2,0,263,18,779,0.074500
913,2,0,42,20,824,0.140500
914,2,0,44,11,526,0.058000
915,2,0,27,19,193,0.086500
916,2,0,141,1,889,0.030000
917,2,1,3,4,437,0.176000
918,2,0,282,12,605,0.068000
919,2,0,13,2,427,0.145000
920,2,0,97,11,105,0.122000
921,2,0,273,15,555,0.051000
922,2,0,19,3,671,0.057000
923,2,0,72,31,825,0.056500
924,2,1,1,1,924,0.000000
925,2,0,27,20,187,0.051500
926,2,1,5,7,391,0.425500
927,2,0,779,13,775,0.113000
928,2,0,20,4,783,0.147500
929,2,0,729,12,789,0.061000
930,2,0,25,16,643,0.065500
931,2,1,9,9,717,0.087000
932,2,0,23,3,669,0.050000
933,2,1,4,5,512,0.053500
934,2,1,3,7,920,0.114000
935,2,1,3,4,512,0.064500
936,2,0,578,78,944,0.052000
937,2,0,212,6,519,0.086500
938,2,0,10,3,406,0.055500
939,2,0,546,9,284,0.072000
940,2,1,5,10,746,0.091000
941,2,0,318,2,469,0.105000
942,2,1,1,5,942,0.067500
943,2,0,290,1,526,0.008500
944,2,0,420,19,226,0.054000
945,2,0,710,10,448,0.066500
946,2,0,282,1,60,0.003500
947,2,0,14,2,713,0.176500
948,2,0,21,12,410,0.078500
949,2,0,836,3,383,0.147000
950,2,0,205,16,369,0.137000
951,2,0,233,10,42,0.071000
952,2,0,75,33,925,0.050500
953,2,0,704,3,134,0.101000
954,2,1,1,1,954,0.014000
955,2,0,371,27,54,0.056000
956,2,0,344,4,948,0.331000
957,2,0,25,9,445,0.062000
958,2,0,4,2,332,0.687500
959,2,0,57,7,8,0.300500
960,2,0,642,52,530,0.069500
961,2,0,661,1,191,0.009500
962,2,0,527,16,87,0.054000
963,2,1,6,10,226,0.098500
964,2,1,23,26,87,0.074500
965,2,0,62,14,475,0.134500
966,2,1,1,1,966,0.021500
967,2,0,164,7,655,0.067000
968,2,1,4,26,625,0.057500
969,2,0,138,30,526,0.065000
970,2,1,6,7,832,0.052000
971,2,0,149,45,478,0.065000
972,2,0,99,17,107,0.053000
973,2,0,201,19,641,0.085000
974,2,1,8,11,231,0.064500
975,2,1,4,13,392,0.101500
976,2,0,698,1,191,0.000000
977,2,0,906,26,947,0.050500
978,2,1,41,52,42,0.050500
979,2,0,44,31,625,0.053000
980,2,0,576,2,681,0.053000
981,2,0,404,21,687,0.057000
982,2,0,134,64,741,0.054500
983,2,0,37,13,445,0.133000
984,2,1,6,20,811,0.055500
985,2,0,661,7,191,0.128500
986,2,0,426,23,183,0.061000
987,2,0,584,5,512,0.055500
988,2,0,464,10,37,0.090500
989,2,0,25,1,273,0.001500
990,2,1,10,11,669,0.131500
991,2,1,21,27,68,0.055500
992,2,1,1,4,992,0.052000
993,2,1,27,31,302,0.071500
994,2,0,70,4,717,0.071000
995,2,1,22,88,778,0.053000
996,2,0,259,15,554,0.055500
997,2,0,30,2,718,0.187500
998,2,0,214,1,145,0.007500
999,2,0,56,7,395,0.061000
1000,2,0,90,25,848,0.086000
1,3,0,261,24,465,0.057000
2,3,0,296,6,914,0.089000
3,3,0,112,16,183,0.072000
4,3,0,32,22,526,0.052500
5,3,0,59,4,211,0.105000
6,3,0,9,2,337,0.269000
7,3,0,433,52,513,0.050500
8,3,1,4,9,320,0.065000
9,3,1,1,2,9,0.123500
10,3,0,284,20,825,0.059000
11,3,0,57,11,231,0.050000
12,3,0,94,3,908,0.066500
13,3,1,1,4,13,0.432000
14,3,0,460,6,239,0.065500
15,3,0,553,17,646,0.060500
16,3,0,161,12,410,0.201000
17,3,1,5,50,825,0.052000
18,3,0,6,5,659,0.198000
19,3,0,370,35,634,0.074000
20,3,0,675,1,307,0.003500
21,3,0,722,16,889,0.067000
22,3,0,26,4,249,0.078500
23,3,0,230,29,348,0.061000
24,3,0,100,1,191,0.000000
25,3,0,12,8,919,0.196500
26,3,0,24,10,499,0.068000
27,3,0,74,7,911,0.094500
28,3,0,258,5,337,0.145000
29,3,0,488,14,814,0.101000
30,3,0,14,9,410,0.091000
31,3,0,72,2,410,0.365000
32,3,0,101,14,347,0.064000
33,3,0,476,19,772,0.074000
34,3,0,29,13,376,0.057500
35,3,1,48,62,731,0.064500
36,3,0,5,2,832,0.062000
37,3,1,17,23,54,0.051500
38,3,0,21,4,370,0.060500
39,3,1,55,50,736,0.073500
40,3,0,47,28,553,0.067000
41,3,0,40,3,565,0.080000
42,3,0,11,9,920,0.050500
43,3,0,5,1,379,0.003500
44,3,0,13,5,437,0.066000
45,3,0,449,16,727,0.051500
46,3,0,98,6,85,0.378000
47,3,1,7,9,148,0.161500
48,3,0,17,6,327,0.082000
49,3,0,18,3,262,0.066500
50,3,0,32,6,91,0.051000
51,3,1,2,4,754,0.090500
52,3,0,897,5,143,0.089500
53,3,0,415,5,348,0.187000
54,3,1,1,2,54,0.054500
55,3,0,624,4,134,0.087500
56,3,0,57,5,412,0.084500
57,3,0,81,5,437,0.152500
58,3,0,9,1,870,0.004500
59,3,0,49,3,681,0.052500
60,3,0,6,4,83,0.151500
61,3,1,10,38,220,0.051000
62,3,0,115,4,302,0.263000
63,3,0,43,8,602,0.053500
64,3,0,336,2,744,0.191500
65,3,0,4,2,907,0.055500
66,3,0,100,25,660,0.056000
67,3,0,34,3,187,0.647000
68,3,1,3,9,249,0.142500
69,3,0,16,6,620,0.067500
70,3,0,78,2,519,0.320000
71,3,1,5,16,749,0.086000
72,3,0,160,4,191,0.239000
73,3,0,353,29,564,0.077500
74,3,0,46,7,822,0.058000
75,3,0,255,32,187,0.102000
76,3,1,12,13,187,0.071500
77,3,0,543,9,646,0.052000
78,3,0,7,1,320,0.000000
79,3,0,23,1,54,0.022500
80,3,0,22,5,130,0.067500
81,3,0,206,17,727,0.060500
82,3,0,245,19,145,0.063500
83,3,0,16,3,445,0.056000
84,3,0,514,60,401,0.052500
85,3,0,50,2,402,0.061000
86,3,1,1,3,86,0.491000
87,3,0,7,5,117,0.216500
88,3,0,10,4,579,0.050500
89,3,0,161,3,792,0.484000
90,3,1,2,5,935,0.181500
91,3,1,13,22,255,0.057000
92,3,0,345,3,935,0.756500
93,3,0,748,1,828,0.043000
94,3,0,20,11,145,0.076000
95,3,0,7,4,381,0.169000
96,3,0,157,2,752,0.080500
97,3,0,127,11,121,0.079500
98,3,1,1,3,98,0.170000
99,3,0,204,16,948,0.053500
100,3,0,44,16,437,0.164500
101,3,0,26,2,105,0.690500
102,3,1,5,19,106,0.052500
103,3,0,124,5,538,0.239000
104,3,0,657,14,761,0.088500
105,3,1,1,1,105,0.008000
106,3,0,10,4,948,0.105000
107,3,0,40,24,773,0.052500
108,3,0,369,6,145,0.107500
109,3,0,115,18,302,0.071000
110,3,0,430,37,351,0.074500
111,3,0,635,13,957,0.088000
112,3,0,136,12,911,0.065000
113,3,0,20,3,576,0.142000
114,3,0,95,5,115,0.524500
115,3,1,3,5,584,0.403500
116,3,0,442,2,134,0.477000
117,3,0,82,12,717,0.158500
118,3,0,112,31,54,0.050500
119,3,0,79,2,926,0.365500
120,3,0,145,7,717,0.065000
121,3,0,72,15,457,0.104000
122,3,0,654,6,337,0.072000
123,3,0,131,1,822,0.003000
124,3,0,46,19,646,0.055000
125,3,0,160,9,457,0.054000
126,3,0,149,1,145,0.013500
127,3,0,302,4,948,0.054500
128,3,0,276,22,620,0.051500
129,3,0,25,11,216,0.054500
130,3,1,6,6,154,0.093000
131,3,0,235,21,125,0.062000
132,3,0,367,11,844,0.117000
133,3,1,3,12,891,0.151500
134,3,0,24,4,205,0.198500
135,3,0,204,50,720,0.059500
136,3,0,28,5,437,0.063000
137,3,0,553,10,443,0.060000
138,3,0,792,30,143,0.105500
139,3,0,6,5,510,0.132000
140,3,1,1,1,140,0.000000
141,3,0,454,10,226,0.079500
142,3,0,7,6,717,0.061000
143,3,0,675,11,76,0.065000
144,3,0,372,6,139,0.083000
145,3,1,19,20,231,0.092000
146,3,0,590,12,534,0.084000
147,3,0,75,15,347,0.050500
148,3,1,6,10,717,0.174500
149,3,0,319,27,696,0.058000
150,3,0,307,3,50,0.150500
151,3,0,85,16,439,0.095500
152,3,0,179,17,948,0.057000
153,3,0,518,6,672,0.077500
154,3,1,5,5,387,0.116000
155,3,0,15,1,822,0.027500
156,3,0,101,12,948,0.094000
157,3,1,5,18,773,0.066000
158,3,0,900,2,940,0.063500
159,3,0,13,8,475,0.087000
160,3,0,818,13,922,0.054500
161,3,0,101,8,54,0.083000
162,3,0,201,13,145,0.052500
163,3,1,10,38,701,0.052000
164,3,0,818,2,761,0.190500
165,3,0,57,2,642,0.062000
166,3,0,19,8,410,0.051000
167,3,0,14,6,379,0.251000
168,3,0,848,10,656,0.055000
169,3,0,163,2,191,0.262000
170,3,0,21,12,498,0.060000
171,3,0,98,50,516,0.066000
172,3,1,8,18,231,0.054000
173,3,0,7,6,469,0.053000
174,3,0,34,15,76,0.069500
175,3,0,68,6,992,0.157000
176,3,0,261,22,736,0.055500
177,3,0,528,18,620,0.076000
178,3,0,46,10,551,0.052500
179,3,0,271,8,57,0.148000
180,3,0,27,11,131,0.069500
181,3,0,459,44,561,0.051000
182,3,0,180,11,824,0.065500
183,3,0,47,32,231,0.077500
184,3,0,2,1,46,0.022500
185,3,0,132,7,510,0.056000
186,3,0,56,4,410,0.077000
187,3,0,215,3,351,0.846000
188,3,0,26,6,966,0.100500
189,3,0,2,1,935,0.019000
190,3,0,668,4,974,0.064500
191,3,1,1,1,191,0.000000
192,3,1,1,11,192,0.092000
193,3,0,247,17,439,0.056000
194,3,0,163,10,803,0.051500
195,3,0,84,21,993,0.051500
196,3,0,24,21,620,0.060000
197,3,0,19,1,822,0.002000
198,3,0,534,64,979,0.062500
199,3,0,356,9,423,0.067000
200,3,0,38,4,353,0.107500
201,3,0,137,8,347,0.141000
202,3,0,97,5,907,0.090500
203,3,0,318,21,139,0.064000
204,3,0,390,3,736,0.114500
205,3,1,4,6,702,0.070000
206,3,0,18,2,783,0.990000
207,3,0,150,19,191,0.110000
208,3,0,345,29,197,0.052000
209,3,0,44,6,512,0.132000
210,3,0,8,6,934,0.352500
211,3,0,3,1,191,0.002000
212,3,0,7,2,262,0.730500
213,3,1,5,18,54,0.076000
214,3,0,4,1,257,0.000000
215,3,0,95,9,294,0.100500
216,3,1,3,13,954,0.185500
217,3,0,394,2,421,0.065000
218,3,0,77,25,69,0.052500
219,3,1,1,1,219,0.000000
220,3,1,4,21,727,0.080000
221,3,0,260,14,878,0.054000
222,3,0,12,11,363,0.059500
223,3,0,627,8,134,0.070500
224,3,0,557,16,477,0.088000
225,3,0,498,9,779,0.055000
226,3,1,12,38,50,0.056000
227,3,0,12,6,439,0.087500
228,3,0,144,23,145,0.055000
229,3,0,87,2,932,0.419000
230,3,0,3,1,323,0.000000
231,3,0,13,12,54,0.051500
232,3,1,7,11,643,0.068000
233,3,0,27,3,515,0.194500
234,3,0,327,1,875,0.001000
235,3,0,684,16,925,0.136000
236,3,0,23,19,30,0.059000
237,3,0,272,1,772,0.028000
238,3,0,77,2,512,0.311500
239,3,0,42,1,772,0.016000
240,3,1,2,26,231,0.063000
241,3,0,13,3,717,0.239000
242,3,0,417,7,652,0.063500
243,3,0,140,19,87,0.058500
244,3,0,9,2,869,0.333000
245,3,0,806,5,307,0.051500
246,3,0,459,7,479,0.076000
247,3,0,53,27,69,0.051000
248,3,0,113,14,555,0.084000
249,3,0,163,3,875,0.372000
250,3,0,35,1,620,0.039000
251,3,0,39,2,724,0.277500
252,3,0,60,42,78,0.058000
253,3,0,5,1,297,0.000000
254,3,0,124,14,31,0.070500
255,3,1,3,16,750,0.061500
256,3,0,64,18,874,0.053500
257,3,1,3,5,329,0.140000
258,3,0,182,15,302,0.060500
259,3,0,2,1,421,0.022500
260,3,1,9,18,101,0.079500
261,3,1,2,6,421,0.080000
262,3,1,2,2,9,0.351000
263,3,0,8,3,412,0.085000
264,3,0,393,11,555,0.099500
265,3,0,223,31,396,0.057500
266,3,0,52,7,359,0.124000
267,3,0,232,36,577,0.052000
268,3,0,119,5,193,0.061500
269,3,0,19,2,410,0.647500
270,3,0,9,2,732,0.224500
271,3,0,108,2,659,0.126500
272,3,0,430,11,802,0.067000
273,3,0,3,1,724,0.030000
274,3,0,102,36,516,0.059000
275,3,0,125,2,307,0.053000
276,3,0,227,8,261,0.051500
277,3,0,136,32,827,0.050500
278,3,0,601,4,818,0.260000
279,3,0,281,12,547,0.054000
280,3,0,154,40,37,0.050500
281,3,0,71,10,526,0.053000
282,3,0,57,22,643,0.071500
283,3,0,585,1,554,0.003000
284,3,1,11,23,8,0.096000
285,3,0,13,3,832,0.134500
286,3,0,705,51,733,0.074000
287,3,0,41,10,528,0.061500
288,3,0,282,16,510,0.053500
289,3,1,3,10,439,0.071500
290,3,0,805,20,42,0.076000
291,3,0,557,19,406,0.051500
292,3,1,38,36,289,0.060500
293,3,0,28,10,772,0.123000
294,3,0,37,9,694,0.140000
295,3,0,637,23,432,0.062000
296,3,0,527,12,106,0.072000
297,3,1,1,1,297,0.001000
298,3,0,18,5,191,0.239000
299,3,0,44,10,519,0.079000
300,3,0,150,3,98,0.089000
301,3,0,139,18,401,0.050500
302,3,1,1,2,302,0.413500
303,3,0,7,6,273,0.164000
304,3,0,644,2,947,0.119500
305,3,0,639,27,891,0.054500
306,3,0,76,30,377,0.054500
307,3,1,2,4,693,0.126500
308,3,0,76,3,56,0.240500
309,3,0,473,17,465,0.076000
310,3,0,18,6,828,0.058000
311,3,0,705,11,935,0.055500
312,3,0,134,10,994,0.080500
313,3,0,121,23,252,0.055000
314,3,0,414,17,423,0.088000
315,3,0,604,14,187,0.056000
316,3,0,83,22,750,0.063000
317,3,0,18,6,437,0.109500
318,3,0,42,15,439,0.066000
319,3,0,471,13,240,0.057500
320,3,1,1,11,320,0.062500
321,3,0,74,2,772,0.507500
322,3,1,27,57,910,0.051500
323,3,0,5,3,329,0.103000
324,3,0,787,17,599,0.144500
325,3,0,38,3,823,0.073000
326,3,0,813,18,781,0.103500
327,3,0,60,2,579,0.247500
328,3,0,79,7,499,0.164000
329,3,0,2,1,297,0.000000
330,3,0,123,2,249,0.359000
331,3,0,466,36,302,0.076000
332,3,0,42,3,860,0.077000
333,3,0,851,2,687,0.065000
334,3,0,132,16,121,0.060000
335,3,0,82,17,772,0.063000
336,3,0,13,1,445,0.003500
337,3,1,1,3,337,0.292500
338,3,0,7,2,914,0.186500
339,3,0,98,6,828,0.105500
340,3,0,581,12,712,0.065000
341,3,0,495,5,68,0.093000
342,3,0,36,3,261,0.110000
343,3,0,78,2,914,0.862500
344,3,0,653,16,769,0.068500
345,3,0,528,9,575,0.050000
346,3,0,143,1,410,0.000500
347,3,0,10,6,832,0.052500
348,3,0,11,3,231,0.168500
349,3,0,16,7,526,0.051000
350,3,0,77,1,106,0.029500
351,3,0,73,14,526,0.050000
352,3,0,409,11,320,0.055500
353,3,0,73,36,422,0.126000
354,3,0,793,15,921,0.073000
355,3,0,221,2,772,0.231000
356,3,1,4,5,191,0.688500
357,3,0,2,1,659,0.015000
358,3,0,498,58,250,0.063500
359,3,1,1,2,359,0.074000
360,3,0,148,12,336,0.067000
361,3,0,79,3,191,0.074000
362,3,1,2,2,46,0.363500
363,3,1,3,4,515,0.152500
364,3,0,170,10,121,0.051500
365,3,0,528,21,406,0.056500
366,3,0,12,3,85,0.086000
367,3,0,30,11,205,0.064000
368,3,0,55,16,720,0.108000
369,3,0,58,26,948,0.070000
370,3,0,587,12,392,0.061500
371,3,0,339,41,497,0.051500
372,3,0,556,21,37,0.050000
373,3,0,457,59,948,0.052000
374,3,0,32,15,269,0.058000
375,3,0,15,4,56,0.185000
376,3,0,41,12,392,0.225000
377,3,0,142,12,948,0.072500
378,3,0,280,18,948,0.056500
379,3,1,1,1,379,0.041500
380,3,0,795,34,639,0.077000
381,3,1,1,2,381,0.334500
382,3,0,131,1,191,0.000000
383,3,0,40,5,855,0.088000
384,3,0,537,20,439,0.057500
385,3,0,327,7,770,0.058500
386,3,1,14,15,133,0.066500
387,3,1,1,1,387,0.000000
388,3,1,1,1,388,0.001000
389,3,1,2,2,329,0.474500
390,3,0,117,40,269,0.055000
391,3,1,1,1,391,0.011000
392,3,0,3,2,975,0.130000
393,3,1,8,6,51,0.054000
394,3,0,272,6,672,0.245500
395,3,0,11,1,78,0.014000
396,3,0,7,1,526,0.000500
397,3,0,32,7,717,0.075500
398,3,0,484,14,814,0.068500
399,3,0,53,7,717,0.099000
400,3,0,142,7,911,0.122000
401,3,0,222,4,443,0.329500
402,3,1,1,3,402,0.317500
403,3,0,282,4,948,0.184500
404,3,0,622,51,814,0.067500
405,3,0,832,34,211,0.050500
406,3,0,6,4,799,0.065500
407,3,0,164,5,81,0.052500
408,3,0,105,5,516,0.071500
409,3,0,50,13,934,0.073500
410,3,1,2,4,717,0.105000
411,3,0,2,1,219,0.000000
412,3,1,2,2,425,0.262500
413,3,1,16,17,231,0.054000
414,3,0,99,12,508,0.078000
415,3,0,743,60,124,0.055000
416,3,0,216,19,431,0.082500
417,3,1,7,13,814,0.051500
418,3,1,13,12,416,0.053500
419,3,0,562,18,215,0.083000
420,3,0,772,15,470,0.074500
421,3,1,2,2,512,0.083500
422,3,1,3,6,740,0.148000
423,3,1,14,19,948,0.053500
424,3,0,95,6,717,0.095000
425,3,1,1,2,425,0.770500
426,3,1,1,2,426,0.409500
427,3,0,24,4,799,0.123500
428,3,0,130,22,106,0.111500
429,3,0,21,14,702,0.112500
430,3,1,2,5,505,0.507000
431,3,0,131,13,772,0.052000
432,3,0,39,2,498,0.077000
433,3,1,13,22,713,0.063000
434,3,0,288,15,910,0.093000
435,3,1,24,22,740,0.052000
436,3,1,21,27,889,0.058000
437,3,1,2,7,717,0.119500
438,3,1,11,15,193,0.218500
439,3,1,3,7,620,0.191500
440,3,0,121,5,145,0.094500
441,3,0,65,11,105,0.083500
442,3,1,16,22,498,0.068500
443,3,1,4,5,575,0.495000
444,3,0,14,10,905,0.058500
445,3,0,87,4,68,0.057000
446,3,0,9,2,9,0.952000
447,3,0,529,18,597,0.154500
448,3,1,1,14,448,0.054000
449,3,0,220,9,417,0.073500
450,3,0,10,1,772,0.012500
451,3,0,39,10,556,0.088000
452,3,1,1,5,452,0.338500
453,3,0,356,49,107,0.098000
454,3,0,5,4,18,0.116000
455,3,0,204,14,197,0.056500
456,3,0,730,6,68,0.150500
457,3,0,15,8,437,0.171500
458,3,0,59,25,914,0.075000
459,3,1,6,8,226,0.149500
460,3,0,50,9,348,0.066500
461,3,1,2,2,608,0.072000
462,3,0,414,5,963,0.152500
463,3,0,450,31,477,0.057000
464,3,0,240,6,526,0.050000
465,3,0,138,8,117,0.052000
466,3,0,15,9,948,0.099500
467,3,0,37,1,554,0.025000
468,3,0,571,7,875,0.058500
469,3,0,39,15,696,0.074500
470,3,1,1,15,470,0.176500
471,3,0,354,1,337,0.012000
472,3,0,71,3,131,0.395500
473,3,0,403,8,597,0.051000
474,3,0,337,12,302,0.068000
475,3,1,4,4,192,0.054000
476,3,0,274,29,772,0.064500
477,3,0,34,22,240,0.100000
478,3,0,16,10,717,0.089500
479,3,0,148,2,642,0.070000
480,3,0,106,6,410,0.057500
481,3,0,127,19,121,0.054000
482,3,0,173,12,54,0.061500
483,3,0,320,10,772,0.192000
484,3,0,138,16,330,0.088500
485,3,0,232,19,69,0.070000
486,3,0,172,7,605,0.062000
487,3,1,2,4,175,0.113500
488,3,0,716,6,519,0.095000
489,3,0,276,14,31,0.060500
490,3,1,24,30,961,0.051500
491,3,0,8,3,869,0.145500
492,3,0,487,13,828,0.057500
493,3,0,173,17,935,0.054500
494,3,0,17,1,914,0.037000
495,3,0,81,17,804,0.054500
496,3,0,763,14,789,0.056500
497,3,0,330,23,121,0.050000
498,3,1,2,10,750,0.105000
499,3,1,4,10,627,0.061000
500,3,0,115,29,696,0.051500
501,3,0,155,2,31,0.281500
502,3,0,56,14,302,0.055000
503,3,0,128,21,526,0.067000
504,3,0,492,41,107,0.051000
505,3,0,43,12,445,0.063500
506,3,0,370,31,497,0.053000
507,3,0,75,15,692,0.074000
508,3,1,2,2,966,0.263000
509,3,0,175,1,410,0.000000
510,3,0,13,1,191,0.000000
511,3,0,28,3,657,0.098500
512,3,0,76,8,8,0.180000
513,3,0,8,5,353,0.051000
514,3,0,149,33,914,0.082000
515,3,1,2,5,565,0.069500
516,3,0,20,11,121,0.062500
517,3,0,126,3,681,0.068000
518,3,0,213,31,773,0.077500
519,3,1,3,8,717,0.106000
520,3,0,248,13,526,0.096500
521,3,0,256,6,249,0.073000
522,3,0,11,2,745,0.712500
523,3,0,135,7,205,0.056500
524,3,0,373,26,8,0.056000
525,3,0,170,22,538,0.059000
526,3,1,1,8,526,0.052000
527,3,0,46,11,240,0.164000
528,3,0,12,7,175,0.366000
529,3,0,220,31,772,0.060500
530,3,0,447,37,518,0.079500
531,3,1,6,13,692,0.130500
532,3,0,847,7,602,0.210000
533,3,0,39,7,410,0.050000
534,3,0,9,1,191,0.000000
535,3,0,144,1,745,0.015000
536,3,0,146,15,30,0.050500
537,3,0,444,88,872,0.053500
538,3,0,13,2,148,0.823000
539,3,0,229,8,935,0.225500
540,3,0,238,25,145,0.088500
541,3,0,268,16,875,0.051500
542,3,0,160,1,948,0.007000
543,3,1,23,38,848,0.054500
544,3,0,246,6,410,0.062000
545,3,0,56,20,131,0.093000
546,3,0,481,53,87,0.055500
547,3,0,256,31,531,0.051000
548,3,0,916,2,656,0.875000
549,3,0,11,2,329,0.542500
550,3,0,688,20,143,0.059500
551,3,1,1,7,551,0.111500
552,3,0,81,19,740,0.060000
553,3,0,191,3,717,0.115500
554,3,0,5,3,510,0.620500
555,3,0,188,10,8,0.297000
556,3,1,11,13,101,0.089000
557,3,1,1,4,557,0.052000
558,3,0,21,4,783,0.865000
559,3,0,637,63,547,0.054000
560,3,0,642,12,456,0.115500
561,3,0,222,6,696,0.058500
562,3,1,1,1,562,0.000000
563,3,0,700,2,452,0.828000
564,3,1,13,23,105,0.060000
565,3,0,285,9,512,0.146500
566,3,0,187,7,948,0.058500
567,3,0,20,4,406,0.073000
568,3,0,22,7,131,0.064000
569,3,0,562,18,351,0.052500
570,3,0,173,15,538,0.050500
571,3,0,26,16,439,0.053000
572,3,0,2,1,425,0.045500
573,3,0,734,7,249,0.157500
574,3,0,25,4,538,0.228500
575,3,1,2,7,320,0.196000
576,3,1,6,12,71,0.074500
577,3,0,56,13,347,0.055000
578,3,0,483,12,850,0.067000
579,3,1,3,7,582,0.122500
580,3,0,656,10,191,0.052000
581,3,0,166,1,299,0.011000
582,3,1,5,10,823,0.078500
583,3,0,804,7,745,0.089500
584,3,0,86,3,908,0.445000
585,3,0,633,21,805,0.058000
586,3,0,2,1,620,0.007000
587,3,0,159,35,667,0.063000
588,3,0,32,14,659,0.053000
589,3,0,634,23,91,0.050500
590,3,0,33,10,602,0.060000
591,3,0,221,1,402,0.001500
592,3,1,8,14,828,0.090000
593,3,0,22,3,526,0.067500
594,3,0,127,25,825,0.051500
595,3,0,40,7,249,0.076500
596,3,0,24,8,437,0.142000
597,3,1,4,15,8,0.089000
598,3,0,58,47,31,0.069000
599,3,1,21,20,568,0.117000
600,3,0,206,26,348,0.056000
601,3,0,361,25,439,0.064000
602,3,0,576,11,68,0.596000
603,3,0,4,1,992,0.002500
604,3,0,117,4,717,0.219000
605,3,0,4,2,732,0.121000
606,3,0,411,27,337,0.056500
607,3,0,540,1,745,0.000000
608,3,0,10,6,402,0.053000
609,3,0,662,12,363,0.130500
610,3,0,42,2,614,0.074000
611,3,0,75,22,69,0.050000
612,3,0,74,2,261,0.267500
613,3,0,103,11,957,0.087500
614,3,1,27,24,392,0.060000
615,3,0,220,18,183,0.076000
616,3,0,382,18,239,0.050500
617,3,0,272,12,226,0.210000
618,3,0,285,18,406,0.052500
619,3,0,359,4,974,0.129500
620,3,0,23,6,889,0.073500
621,3,0,689,11,724,0.051500
622,3,0,82,13,426,0.064500
623,3,0,39,5,920,0.403000
624,3,0,48,10,205,0.064000
625,3,0,54,24,125,0.078000
626,3,0,876,12,746,0.182500
627,3,1,1,4,627,0.069500
628,3,0,84,7,519,0.158500
629,3,0,107,2,191,0.251500
630,3,1,3,14,26,0.061000
631,3,0,112,1,469,0.009500
632,3,0,194,2,603,0.681500
633,3,1,19,12,920,0.051000
634,3,0,36,3,410,0.234000
635,3,0,217,16,231,0.055000
636,3,0,366,14,814,0.105500
637,3,0,945,13,486,0.075500
638,3,0,438,16,61,0.058000
639,3,0,57,5,789,0.088500
640,3,0,144,43,443,0.077500
641,3,0,55,12,889,0.079000
642,3,1,6,12,457,0.057500
643,3,0,179,7,349,0.051500
644,3,0,30,14,575,0.070000
645,3,0,51,20,597,0.062000
646,3,0,123,6,874,0.171500
647,3,0,87,13,145,0.122000
648,3,0,994,2,214,0.134500
649,3,0,445,16,575,0.081000
650,3,0,174,28,54,0.051500
651,3,0,453,10,431,0.113500
652,3,1,3,3,410,0.076000
653,3,0,212,1,642,0.025500
654,3,1,9,9,437,0.639000
655,3,1,1,4,655,0.122000
656,3,1,10,11,233,0.140000
657,3,1,2,4,752,0.159000
658,3,1,3,3,822,0.228500
659,3,1,1,1,659,0.003500
660,3,1,6,18,437,0.074500
661,3,0,28,2,526,0.079500
662,3,0,421,11,293,0.133000
663,3,0,22,4,975,0.082000
664,3,0,108,22,914,0.078000
665,3,1,12,18,241,0.114500
666,3,0,276,9,191,0.080000
667,3,0,42,6,692,0.052000
668,3,0,71,18,105,0.061000
669,3,0,4,1,724,0.004500
670,3,1,4,4,253,0.179000
671,3,0,71,17,432,0.056500
672,3,0,147,2,239,0.099500
673,3,1,5,4,510,0.060500
674,3,0,194,6,357,0.055000
675,3,0,22,9,745,0.071500
676,3,1,4,4,975,0.545500
677,3,0,329,15,508,0.062000
678,3,0,48,3,935,0.961000
679,3,0,671,2,212,0.881000
680,3,0,7,3,90,0.109000
681,3,0,105,7,189,0.094500
682,3,0,352,3,239,0.112500
683,3,0,46,18,145,0.051500
684,3,0,87,18,205,0.074500
685,3,0,82,12,231,0.075500
686,3,0,49,8,410,0.094500
687,3,0,48,12,919,0.080000
688,3,1,4,12,289,0.067500
689,3,0,122,2,191,0.499000
690,3,1,4,4,212,0.284000
691,3,0,56,17,241,0.091000
692,3,0,45,20,320,0.086500
693,3,0,239,4,646,0.150000
694,3,1,23,24,87,0.056000
695,3,1,1,3,695,0.151500
696,3,0,40,3,717,0.377000
697,3,0,88,3,410,0.058500
698,3,0,526,49,564,0.060500
699,3,0,783,28,804,0.070500
700,3,0,40,3,98,0.119500
701,3,0,148,5,822,0.155000
702,3,0,7,2,410,0.088000
703,3,0,249,10,875,0.117500
704,3,1,2,2,130,0.296500
705,3,0,335,8,437,0.121000
706,3,0,524,28,302,0.050500
707,3,0,138,6,740,0.091000
708,3,1,3,13,191,0.054000
709,3,0,735,6,761,0.264500
710,3,0,81,11,724,0.052500
711,3,0,176,27,30,0.073500
712,3,0,77,1,320,0.000500
713,3,0,107,2,337,0.561500
714,3,0,22,11,851,0.086000
715,3,0,18,2,54,0.053000
716,3,0,143,11,732,0.199000
717,3,1,4,4,437,0.538000
718,3,0,3,1,745,0.014000
719,3,0,407,17,994,0.065000
720,3,1,6,8,54,0.055000
721,3,0,171,12,515,0.169000
722,3,0,13,5,565,0.090500
723,3,0,150,24,925,0.054000
724,3,1,2,5,421,0.050000
725,3,0,44,14,117,0.189000
726,3,0,42,28,17,0.127500
727,3,1,3,8,220,0.064000
728,3,0,70,8,302,0.053500
729,3,0,319,6,702,0.137500
730,3,0,71,16,795,0.140000
731,3,0,56,11,911,0.236500
732,3,1,1,1,732,0.010500
733,3,0,48,9,644,0.052000
734,3,0,214,2,922,0.401500
735,3,0,209,31,285,0.053000
736,3,0,30,9,320,0.097500
737,3,0,815,36,139,0.056000
738,3,0,345,40,125,0.052000
739,3,0,918,1,656,0.000000
740,3,0,37,4,356,0.511000
741,3,0,66,14,145,0.055500
742,3,0,27,7,353,0.166000
743,3,0,441,23,299,0.053000
744,3,0,352,3,512,0.180500
745,3,1,2,2,799,0.296500
746,3,0,4,1,745,0.005500
747,3,1,11,13,551,0.086000
748,3,0,199,19,911,0.081500
749,3,0,24,10,659,0.085500
750,3,1,4,18,498,0.055500
751,3,0,10,2,410,0.887500
752,3,0,13,8,783,0.132000
753,3,1,1,5,753,0.070500
754,3,1,1,2,754,0.308500
755,3,0,472,3,139,0.058500
756,3,0,223,14,832,0.051500
757,3,0,238,10,54,0.180000
758,3,0,118,9,844,0.124000
759,3,0,409,2,642,0.188500
760,3,0,641,38,17,0.051500
761,3,0,37,2,935,0.082000
762,3,0,108,39,170,0.067000
763,3,0,45,23,338,0.052500
764,3,0,206,14,696,0.097000
765,3,0,145,54,914,0.055000
766,3,0,101,48,441,0.051000
767,3,0,200,22,376,0.055500
768,3,0,12,1,562,0.019500
769,3,0,42,11,193,0.079500
770,3,0,45,15,50,0.056500
771,3,0,483,8,597,0.055500
772,3,0,20,1,191,0.000000
773,3,0,14,8,717,0.050500
774,3,0,49,10,914,0.055000
775,3,0,9,6,895,0.063000
776,3,0,324,14,712,0.082500
777,3,0,26,8,347,0.068000
778,3,0,66,43,544,0.051500
779,3,0,143,12,106,0.113500
780,3,0,30,16,302,0.172000
781,3,0,7,4,421,0.298500
782,3,0,25,11,139,0.139500
783,3,1,1,4,783,0.060000
784,3,0,107,24,231,0.110000
785,3,0,715,11,546,0.108000
786,3,0,204,17,392,0.062000
787,3,0,149,4,967,0.190000
788,3,0,136,3,565,0.292000
789,3,0,90,4,443,0.146500
790,3,0,192,18,190,0.066500
791,3,1,43,24,78,0.053000
792,3,1,1,1,792,0.011500
793,3,0,74,25,516,0.067500
794,3,0,102,1,772,0.022000
795,3,0,157,4,337,0.145000
796,3,0,15,10,526,0.066500
797,3,0,116,4,395,0.093000
798,3,0,26,15,131,0.057000
799,3,0,5,1,421,0.016000
800,3,1,18,30,105,0.051000
801,3,0,6,2,526,0.091500
802,3,0,83,15,994,0.108500
803,3,0,77,10,538,0.078500
804,3,0,175,8,498,0.060000
805,3,0,13,6,620,0.126500
806,3,0,311,11,145,0.060500
807,3,1,10,14,76,0.064500
808,3,0,72,5,745,0.051500
809,3,1,6,7,98,0.335000
810,3,0,31,7,414,0.077000
811,3,0,12,1,402,0.000000
812,3,0,314,12,614,0.125000
813,3,0,40,7,551,0.060000
814,3,0,214,15,106,0.062500
815,3,0,541,15,87,0.050500
816,3,1,1,6,816,0.100500
817,3,0,204,1,211,0.035000
818,3,0,396,7,935,0.087000
819,3,0,630,13,782,0.056500
820,3,0,126,18,437,0.067000
821,3,0,135,21,477,0.078500
822,3,1,1,1,822,0.000000
823,3,1,4,4,85,0.216000
824,3,0,15,2,410,0.311500
825,3,1,1,11,825,0.082000
826,3,0,51,15,426,0.158500
827,3,0,21,7,426,0.170000
828,3,1,4,16,586,0.074000
829,3,0,53,16,470,0.079000
830,3,0,296,5,799,0.055500
831,3,0,589,24,319,0.082000
832,3,0,4,3,437,0.080500
833,3,1,8,18,175,0.080500
834,3,0,56,19,302,0.072000
835,3,0,491,5,416,0.052500
836,3,0,204,2,421,0.169500
837,3,0,102,7,551,0.053500
838,3,0,323,28,131,0.051500
839,3,0,62,4,724,0.678000
840,3,0,253,5,772,0.193500
841,3,0,160,21,897,0.056500
842,3,1,7,9,992,0.138000
843,3,0,235,8,510,0.152500
844,3,1,7,6,510,0.118000
845,3,0,15,6,175,0.069500
846,3,0,58,9,833,0.077000
847,3,0,150,7,515,0.054000
848,3,0,92,8,878,0.059000
849,3,0,101,18,437,0.084500
850,3,1,2,8,205,0.093500
851,3,0,308,20,895,0.083500
852,3,1,36,54,100,0.055000
853,3,1,15,53,692,0.056000
854,3,0,344,53,740,0.055000
855,3,0,31,3,78,0.281500
856,3,0,127,2,249,0.699500
857,3,0,426,55,875,0.052000
858,3,0,401,6,193,0.109000
859,3,0,51,1,191,0.005000
860,3,1,1,6,860,0.290000
861,3,1,26,31,498,0.110500
862,3,0,38,14,410,0.056500
863,3,0,267,5,426,0.258000
864,3,0,604,91,207,0.057000
865,3,0,173,11,406,0.050500
866,3,0,260,18,121,0.050000
867,3,0,155,2,717,0.874500
868,3,1,5,6,860,0.323500
869,3,1,1,2,869,0.074500
870,3,1,1,1,870,0.007500
871,3,0,14,2,914,0.086000
872,3,0,30,8,498,0.095000
873,3,0,57,9,659,0.110500
874,3,1,7,15,824,0.059000
875,3,1,4,5,914,0.065000
876,3,0,130,6,145,0.053500
877,3,0,246,63,176,0.058500
878,3,1,4,4,320,0.441500
879,3,1,12,12,302,0.066000
880,3,0,243,8,191,0.116500
881,3,0,150,20,498,0.090500
882,3,0,434,32,902,0.054000
883,3,0,770,28,672,0.058000
884,3,0,90,13,142,0.098500
885,3,0,2,1,48,0.031000
886,3,0,178,11,772,0.089500
887,3,0,108,6,940,0.067500
888,3,0,711,4,139,0.064000
889,3,1,6,7,145,0.051000
890,3,0,181,2,402,0.435000
891,3,1,1,3,891,0.113500
892,3,0,47,8,392,0.050500
893,3,0,427,16,226,0.050500
894,3,0,633,2,139,0.260000
895,3,1,3,10,855,0.060000
896,3,0,377,12,779,0.069500
897,3,1,4,12,347,0.058000
898,3,0,335,30,353,0.056500
899,3,0,87,32,347,0.050000
900,3,0,866,1,656,0.000000
901,3,1,12,15,855,0.069000
902,3,1,1,6,902,0.114500
903,3,0,268,13,547,0.060000
904,3,0,211,11,519,0.080500
905,3,1,7,12,437,0.062000
906,3,0,28,1,191,0.000000
907,3,1,1,4,907,0.111000
908,3,1,2,5,746,0.068000
909,3,1,13,26,639,0.057500
910,3,0,525,44,481,0.053000
911,3,0,59,11,231,0.067500
912,3,0,372,19,312,0.130000
913,3,0,91,4,410,0.057000
914,3,1,1,2,914,0.207000
915,3,0,24,6,443,0.056500
916,3,0,64,9,555,0.185500
917,3,1,4,5,356,0.325000
918,3,0,17,3,582,0.057000
919,3,0,732,6,259,0.135500
920,3,1,3,5,822,0.155500
921,3,0,323,9,239,0.180500
922,3,0,34,6,192,0.056500
923,3,0,90,33,825,0.058500
924,3,0,2,1,323,0.025500
925,3,0,240,5,226,0.057000
926,3,0,7,1,412,0.008500
927,3,0,782,1,922,0.024500
928,3,0,10,2,823,0.288500
929,3,0,62,6,966,0.080500
930,3,0,12,8,555,0.063000
931,3,1,9,9,356,0.149500
932,3,1,1,3,932,0.065500
933,3,1,7,7,443,0.108500
934,3,1,8,6,249,0.125500
935,3,1,1,2,935,0.816500
936,3,0,550,31,925,0.064000
937,3,0,114,7,774,0.101500
938,3,0,27,7,233,0.262000
939,3,0,286,18,264,0.080000
940,3,0,18,4,822,0.090000
941,3,0,250,17,320,0.069500
942,3,0,4,1,9,0.011000
943,3,0,197,17,911,0.127000
944,3,0,362,28,641,0.080500
945,3,0,230,2,342,0.080000
946,3,0,26,7,671,0.057500
947,3,0,36,3,935,0.122000
948,3,1,1,10,948,0.159000
949,3,0,356,15,406,0.071500
950,3,0,241,6,410,0.085000
951,3,0,127,14,925,0.102000
952,3,0,347,26,179,0.052500
953,3,0,650,14,417,0.088000
954,3,1,5,5,328,0.238500
955,3,0,362,2,337,0.052500
956,3,0,327,24,538,0.078500
957,3,1,1,1,957,0.017000
958,3,0,168,1,656,0.003500
959,3,0,90,75,979,0.061500
960,3,0,365,10,804,0.127500
961,3,0,487,3,554,0.364000
962,3,0,233,8,191,0.069500
963,3,0,49,18,117,0.088500
964,3,0,81,4,772,0.057000
965,3,0,676,11,251,0.177500
966,3,0,20,1,745,0.001000
967,3,0,947,7,811,0.250500
968,3,0,163,5,750,0.077500
969,3,0,61,6,772,0.072000
970,3,1,5,5,832,0.058500
971,3,0,116,1,410,0.000000
972,3,0,53,24,750,0.054500
973,3,0,299,6,597,0.056500
974,3,1,7,8,117,0.113000
975,3,0,561,41,556,0.065500
976,3,0,162,30,512,0.114000
977,3,0,902,5,490,0.072500
978,3,0,83,33,667,0.061500
979,3,0,77,2,620,0.327000
980,3,0,41,18,746,0.071000
981,3,0,797,6,12,0.052500
982,3,0,192,1,139,0.004000
983,3,0,16,8,512,0.051500
984,3,0,869,15,855,0.137500
985,3,0,227,12,804,0.150000
986,3,0,418,1,905,0.003000
987,3,0,240,1,724,0.003000
988,3,0,92,3,193,0.086000
989,3,0,44,4,678,0.118000
990,3,1,9,10,475,0.076500
991,3,0,62,22,443,0.082000
992,3,0,44,11,192,0.202000
993,3,1,2,11,620,0.051000
994,3,1,2,10,231,0.065500
995,3,0,141,21,564,0.095500
996,3,0,465,22,377,0.073500
997,3,0,45,4,966,0.051500
998,3,0,279,10,948,0.073000
999,3,0,392,37,866,0.068500
1000,3,0,71,19,556,0.069000
1,4,0,214,2,139,0.271500
2,4,0,176,14,54,0.082500
3,4,1,14,28,531,0.050000
4,4,0,43,11,437,0.099000
5,4,0,60,4,554,0.071000
6,4,0,10,3,337,0.997000
7,4,0,114,12,81,0.051500
8,4,0,13,6,337,0.404000
9,4,1,2,4,140,0.116000
10,4,0,229,7,105,0.230500
11,4,0,44,4,717,0.074500
12,4,0,60,1,992,0.013500
13,4,1,2,5,823,0.097000
14,4,0,107,10,933,0.079500
15,4,0,649,6,68,0.058000
16,4,0,156,14,347,0.072000
17,4,1,12,24,625,0.060000
18,4,1,1,2,18,0.152500
19,4,0,345,5,37,0.235000
20,4,0,201,1,303,0.000000
21,4,0,385,11,193,0.091000
22,4,0,243,5,642,0.176000
23,4,0,376,4,974,0.164500
24,4,1,23,44,914,0.050000
25,4,0,252,1,406,0.000500
26,4,0,690,13,688,0.055000
27,4,0,66,11,620,0.089500
28,4,0,559,55,859,0.055000
29,4,0,700,33,117,0.055500
30,4,0,64,19,231,0.060500
31,4,1,2,32,660,0.066000
32,4,1,13,13,57,0.068000
33,4,0,178,29,258,0.077000
34,4,0,54,12,192,0.088500
35,4,0,88,2,320,0.164000
36,4,0,26,4,832,0.058500
37,4,0,67,25,642,0.055000
38,4,1,14,11,718,0.083000
39,4,0,338,1,426,0.024500
40,4,0,181,44,457,0.054500
41,4,0,639,17,345,0.051500
42,4,0,13,3,395,0.172500
43,4,0,46,2,869,0.178500
44,4,0,48,9,914,0.054000
45,4,0,44,15,438,0.173500
46,4,1,1,1,46,0.000500
47,4,0,15,11,410,0.061500
48,4,0,126,2,393,0.060500
49,4,0,853,6,816,0.185000
50,4,1,1,15,50,0.059500
51,4,0,10,7,655,0.115500
52,4,0,34,6,655,0.054000
53,4,0,355,15,673,0.097500
54,4,1,6,18,347,0.068500
55,4,0,777,5,639,0.127500
56,4,0,3,1,212,0.007500
57,4,1,3,8,353,0.061000
58,4,0,26,4,46,0.298500
59,4,0,790,3,724,0.053500
60,4,1,33,21,68,0.055000
61,4,0,244,1,191,0.000000
62,4,0,130,9,914,0.221000
63,4,0,103,12,475,0.088500
64,4,0,673,2,947,0.089000
65,4,1,5,5,379,0.055000
66,4,0,51,8,240,0.069000
67,4,0,35,9,889,0.081000
68,4,1,6,10,8,0.056000
69,4,1,5,5,620,0.076500
70,4,0,35,12,717,0.117000
71,4,0,614,8,105,0.068500
72,4,0,107,6,598,0.330000
73,4,0,75,16,828,0.057000
74,4,1,4,11,155,0.056500
75,4,0,387,67,772,0.052500
76,4,1,2,3,555,0.533500
77,4,0,306,1,22,0.014000
78,4,0,22,1,320,0.002000
79,4,0,30,1,191,0.000000
80,4,0,509,6,88,0.304000
81,4,1,4,9,498,0.219500
82,4,0,258,15,117,0.068000
83,4,0,93,1,249,0.004000
84,4,1,28,37,401,0.053000
85,4,0,30,5,792,0.142000
86,4,1,1,1,86,0.000000
87,4,0,76,32,226,0.052000
88,4,0,2,1,412,0.003500
89,4,0,136,4,414,0.113500
90,4,0,9,1,935,0.005000
91,4,0,227,31,642,0.150500
92,4,0,36,4,947,0.132000
93,4,0,835,3,406,0.075500
94,4,0,54,5,351,0.101500
95,4,0,420,8,810,0.143500
96,4,0,25,6,414,0.075000
97,4,0,158,9,948,0.055000
98,4,1,1,2,98,0.410000
99,4,0,201,2,191,0.134500
100,4,0,34,10,241,0.136000
101,4,0,20,10,556,0.121500
102,4,0,20,7,526,0.057000
103,4,0,40,16,117,0.145000
104,4,0,567,11,416,0.077500
105,4,1,1,5,105,0.162000
106,4,0,17,12,142,0.094000
107,4,1,2,13,914,0.071000
108,4,0,121,23,432,0.057500
109,4,0,271,43,477,0.132500
110,4,0,450,7,643,0.057000
111,4,0,593,13,239,0.061500
112,4,0,166,5,410,0.086000
113,4,1,9,16,901,0.232500
114,4,0,99,7,244,0.103000
115,4,0,221,1,656,0.000000
116,4,0,450,17,555,0.060000
117,4,1,1,4,117,0.340000
118,4,0,116,19,347,0.054000
119,4,0,77,1,816,0.014000
120,4,0,111,18,226,0.056000
121,4,1,23,32,516,0.059000
122,4,0,301,8,421,0.125500
123,4,1,3,8,732,0.096500
124,4,0,65,26,925,0.056500
125,4,0,23,3,439,0.337500
126,4,0,234,3,702,0.050500
127,4,0,188,19,803,0.101000
128,4,0,394,37,91,0.058000
129,4,1,17,18,614,0.050500
130,4,0,953,2,792,0.054500
131,4,0,31,9,78,0.367000
132,4,0,216,15,416,0.163000
133,4,1,5,13,855,0.099500
134,4,0,13,7,510,0.060000
135,4,0,52,6,320,0.050000
136,4,0,18,5,526,0.176000
137,4,0,93,7,512,0.073000
138,4,0,412,2,406,0.420000
139,4,0,2,1,191,0.002500
140,4,0,2,1,388,0.005500
141,4,0,292,15,50,0.102000
142,4,0,8,3,717,0.101000
143,4,0,569,7,844,0.229000
144,4,0,375,27,81,0.052000
145,4,1,2,2,914,0.104000
146,4,0,569,43,617,0.069000
147,4,0,48,24,914,0.054000
148,4,1,4,10,931,0.145000
149,4,0,393,24,302,0.061000
150,4,0,191,17,948,0.086500
151,4,0,107,18,615,0.080000
152,4,0,195,16,660,0.055500
153,4,0,791,77,968,0.051500
154,4,1,1,1,154,0.032500
155,4,0,259,15,556,0.074500
156,4,0,123,17,948,0.058000
157,4,0,50,11,437,0.079000
158,4,0,41,8,167,0.050000
159,4,1,8,8,406,0.054000
160,4,0,829,11,521,0.052500
161,4,1,4,41,825,0.052000
162,4,0,214,16,117,0.320500
163,4,0,753,53,497,0.056000
164,4,0,815,3,597,0.063500
165,4,0,109,4,145,0.059000
166,4,0,36,8,832,0.226500
167,4,0,36,7,655,0.066500
168,4,0,73,5,783,0.074000
169,4,0,111,2,534,0.767000
170,4,1,7,15,439,0.105500
171,4,0,114,27,351,0.065000
172,4,0,18,16,54,0.059500
173,4,1,7,16,750,0.067500
174,4,0,542,20,107,0.076000
175,4,1,8,8,603,0.201500
176,4,0,59,2,556,0.267500
177,4,0,379,26,802,0.052000
178,4,0,837,1,627,0.021000
179,4,0,143,13,240,0.061000
180,4,0,338,10,145,0.051500
181,4,0,475,32,165,0.061000
182,4,0,230,13,914,0.052000
183,4,1,13,35,320,0.087000
184,4,0,44,1,657,0.029000
185,4,0,22,1,191,0.000500
186,4,0,124,19,598,0.051500
187,4,1,1,7,187,0.096000
188,4,1,17,19,584,0.054500
189,4,1,3,4,935,0.374000
190,4,0,88,3,363,0.351500
191,4,1,1,1,191,0.000000
192,4,0,13,6,505,0.070000
193,4,1,1,4,193,0.237500
194,4,0,196,8,469,0.119000
195,4,0,168,30,439,0.069000
196,4,0,381,41,107,0.078500
197,4,0,603,17,925,0.072500
198,4,0,485,2,554,0.355000
199,4,0,272,14,478,0.061000
200,4,0,104,18,302,0.065000
201,4,0,174,18,231,0.063500
202,4,1,3,3,823,0.841000
203,4,0,290,6,139,0.236500
204,4,1,3,20,69,0.075500
205,4,1,5,5,410,0.192500
206,4,0,14,2,783,0.070500
207,4,0,157,23,526,0.166000
208,4,0,669,13,512,0.079500
209,4,0,633,8,22,0.065000
210,4,0,16,7,505,0.170000
211,4,1,2,2,191,0.335000
212,4,0,8,5,870,0.151000
213,4,0,102,1,410,0.022500
214,4,0,2,1,257,0.003500
215,4,0,64,6,844,0.099500
216,4,0,76,2,822,0.096500
217,4,0,673,25,957,0.077500
218,4,0,67,6,512,0.263500
219,4,1,1,1,219,0.000000
220,4,0,174,8,240,0.115000
221,4,0,352,36,220,0.051500
222,4,0,229,12,8,0.061500
223,4,0,207,15,645,0.069000
224,4,0,581,38,205,0.054500
225,4,0,69,13,772,0.079500
226,4,0,140,17,205,0.050500
227,4,1,25,31,439,0.055000
228,4,0,147,3,410,0.066500
229,4,0,198,3,656,0.083000
230,4,0,8,3,86,0.143000
231,4,0,8,3,717,0.149500
232,4,0,276,11,145,0.057500
233,4,1,3,3,724,0.763500
234,4,0,137,23,541,0.052000
235,4,0,630,6,50,0.063000
236,4,1,14,22,874,0.141500
237,4,0,389,3,519,0.121500
238,4,0,193,4,512,0.266500
239,4,0,216,4,538,0.109500
240,4,0,20,13,516,0.069500
241,4,1,6,9,347,0.070500
242,4,0,282,29,187,0.058000
243,4,0,216,12,708,0.079500
244,4,0,719,8,732,0.055000
245,4,0,789,4,189,0.065500
246,4,0,466,16,772,0.063500
247,4,0,277,7,805,0.050500
248,4,0,400,22,50,0.064500
249,4,1,1,1,249,0.031500
250,4,0,156,10,302,0.050000
251,4,1,6,7,233,0.085000
252,4,0,328,27,832,0.051000
253,4,0,30,4,80,0.056500
254,4,0,210,7,145,0.092500
255,4,0,44,19,914,0.062500
256,4,0,100,4,191,0.074000
257,4,0,32,1,49,0.043500
258,4,0,387,47,87,0.050500
259,4,0,12,3,421,0.179500
260,4,1,10,12,676,0.100000
261,4,1,1,3,261,0.080500
262,4,1,1,1,262,0.014500
263,4,1,2,2,579,0.381500
264,4,0,49,10,249,0.187000
265,4,0,231,16,205,0.059500
266,4,0,30,4,811,0.078000
267,4,0,37,9,353,0.068000
268,4,0,18,10,620,0.088500
269,4,0,51,1,191,0.000000
270,4,1,1,2,270,0.090500
271,4,1,1,5,271,0.069500
272,4,0,307,30,247,0.064500
273,4,1,2,2,724,0.954500
274,4,0,103,40,914,0.053000
275,4,0,15,8,342,0.096000
276,4,0,836,1,475,0.043000
277,4,0,158,2,320,0.076000
278,4,0,710,2,512,0.268500
279,4,0,720,29,53,0.059500
280,4,0,338,5,519,0.185500
281,4,0,35,3,717,0.066000
282,4,0,354,3,191,0.342500
283,4,0,452,5,191,0.781500
284,4,0,166,1,620,0.017000
285,4,1,8,33,347,0.063500
286,4,0,703,15,803,0.078000
287,4,0,7,5,167,0.180000
288,4,0,29,16,453,0.054000
289,4,1,1,26,289,0.056000
290,4,0,616,19,146,0.059000
291,4,0,714,8,814,0.056500
292,4,0,284,1,320,0.000000
293,4,0,46,10,87,0.078500
294,4,0,375,16,87,0.093500
295,4,0,657,42,728,0.050000
296,4,0,555,10,139,0.145000
297,4,0,51,2,9,0.380500
298,4,1,10,19,410,0.265500
299,4,1,5,17,107,0.057000
300,4,1,1,1,300,0.000000
301,4,0,132,13,804,0.090000
302,4,0,187,18,231,0.096500
303,4,0,7,5,273,0.085000
304,4,1,1,3,304,0.443000
305,4,0,546,22,450,0.052000
306,4,0,113,13,889,0.122500
307,4,1,11,10,249,0.059500
308,4,0,978,5,412,0.097000
309,4,0,461,10,597,0.051500
310,4,0,55,4,512,0.066000
311,4,0,643,5,165,0.079500
312,4,1,25,24,911,0.060500
313,4,0,100,18,692,0.072000
314,4,0,365,11,31,0.059500
315,4,0,673,23,76,0.053000
316,4,0,128,43,544,0.056500
317,4,1,2,4,914,0.089500
318,4,0,98,5,620,0.065500
319,4,0,322,21,183,0.054000
320,4,1,2,12,353,0.077500
321,4,0,81,10,106,0.103000
322,4,0,137,10,42,0.085000
323,4,1,1,1,323,0.016500
324,4,0,735,26,611,0.062500
325,4,0,184,13,907,0.061000
326,4,0,108,10,427,0.160000
327,4,1,4,3,425,0.077000
328,4,0,176,7,627,0.117500
329,4,0,64,1,140,0.000000
330,4,0,39,15,934,0.055000
331,4,0,511,4,772,0.067000
332,4,0,808,6,304,0.081500
333,4,0,873,18,410,0.056000
334,4,0,133,31,157,0.055000
335,4,0,62,2,191,0.243000
336,4,0,24,8,430,0.050000
337,4,1,3,3,889,0.245000
338,4,1,7,18,914,0.096000
339,4,0,23,18,861,0.078000
340,4,0,174,5,891,0.244000
341,4,0,80,20,671,0.058000
342,4,0,68,3,724,0.497000
343,4,0,49,30,269,0.091000
344,4,0,654,11,443,0.058000
345,4,1,4,13,445,0.122500
346,4,0,66,2,191,0.063000
347,4,1,6,13,914,0.096000
348,4,1,8,9,145,0.054000
349,4,0,7,6,874,0.063500
350,4,0,150,27,538,0.076000
351,4,0,47,7,717,0.100000
352,4,0,115,23,400,0.056000
353,4,1,31,27,231,0.050500
354,4,0,810,8,331,0.067000
355,4,0,326,24,994,0.059000
356,4,1,1,3,356,0.696000
357,4,1,3,4,71,0.086500
358,4,0,30,13,42,0.087500
359,4,0,25,1,732,0.001500
360,4,0,686,3,644,0.127000
361,4,0,103,6,437,0.061000
362,4,0,89,3,579,0.404000
363,4,0,7,1,799,0.018000
364,4,1,23,20,255,0.052500
365,4,0,151,7,216,0.165500
366,4,0,71,11,809,0.050000
367,4,0,111,15,31,0.054500
368,4,0,87,1,832,0.004500
369,4,0,13,5,914,0.064500
370,4,0,7,1,745,0.001000
371,4,0,377,34,241,0.053000
372,4,0,503,20,581,0.111000
373,4,1,62,57,250,0.055500
374,4,0,47,1,191,0.000000
375,4,1,1,2,375,0.132000
376,4,1,5,15,663,0.133000
377,4,1,20,24,914,0.061000
378,4,0,305,2,913,0.123000
379,4,1,1,3,379,0.584000
380,4,0,679,4,215,0.331000
381,4,1,1,5,381,0.177500
382,4,0,194,2,191,0.109500
383,4,1,17,16,934,0.060500
384,4,0,241,18,133,0.060000
385,4,0,144,1,421,0.007000
386,4,1,16,30,131,0.054000
387,4,1,1,3,387,0.076500
388,4,0,72,1,46,0.015000
389,4,0,8,1,9,0.024000
390,4,0,148,38,145,0.050500
391,4,1,2,4,48,0.616500
392,4,1,1,9,392,0.052000
393,4,0,77,6,754,0.109000
394,4,0,472,8,844,0.051500
395,4,0,491,4,878,0.111000
396,4,0,29,1,914,0.002000
397,4,1,6,14,205,0.207000
398,4,0,671,10,187,0.167500
399,4,0,21,15,347,0.060500
400,4,0,12,5,620,0.124000
401,4,0,164,25,439,0.051000
402,4,1,1,2,402,0.825500
403,4,0,334,20,226,0.053500
404,4,0,671,3,382,0.179500
405,4,0,803,59,451,0.052000
406,4,1,7,7,363,0.064500
407,4,0,183,17,443,0.063000
408,4,0,66,17,302,0.059500
409,4,0,85,28,623,0.050000
410,4,0,3,1,717,0.025000
411,4,0,3,1,219,0.000000
412,4,1,5,6,579,0.086000
413,4,0,14,2,717,0.072000
414,4,0,29,5,402,0.057000
415,4,0,733,44,239,0.054000
416,4,0,444,29,87,0.051500
417,4,0,370,5,50,0.322000
418,4,0,751,26,639,0.073000
419,4,0,884,6,342,0.053500
420,4,0,711,43,441,0.052500
421,4,1,1,1,421,0.004500
422,4,0,17,2,320,0.116500
423,4,0,85,25,914,0.058500
424,4,0,40,10,347,0.130000
425,4,1,1,1,425,0.025000
426,4,0,17,3,437,0.518500
427,4,0,623,5,947,0.288500
428,4,0,65,45,914,0.058000
429,4,0,14,9,717,0.321500
430,4,1,3,3,565,0.128500
431,4,1,6,20,772,0.050000
432,4,0,6,3,498,0.111000
433,4,0,370,1,337,0.005500
434,4,0,561,77,252,0.050500
435,4,0,39,18,914,0.084500
436,4,0,69,4,145,0.126500
437,4,1,6,6,54,0.101500
438,4,0,463,2,692,0.739500
439,4,0,100,1,320,0.015000
440,4,0,73,2,191,0.875000
441,4,0,85,26,302,0.067500
442,4,0,49,15,302,0.050500
443,4,0,7,1,620,0.000500
444,4,0,81,15,526,0.087500
445,4,1,1,12,445,0.059500
446,4,0,24,2,140,0.548000
447,4,0,79,1,957,0.001000
448,4,0,36,2,512,0.162500
449,4,0,30,1,261,0.000000
450,4,0,54,27,660,0.071500
451,4,0,39,10,193,0.080000
452,4,0,6,4,512,0.056000
453,4,0,309,8,948,0.055500
454,4,1,1,1,454,0.011500
455,4,0,75,13,842,0.109500
456,4,0,48,10,188,0.079000
457,4,1,7,17,914,0.050500
458,4,0,29,17,369,0.157000
459,4,0,116,19,30,0.080500
460,4,0,12,7,914,0.055500
461,4,1,2,4,783,0.697000
462,4,0,397,25,930,0.059000
463,4,0,308,33,826,0.050000
464,4,0,34,30,302,0.051000
465,4,1,7,15,643,0.050500
466,4,0,25,16,106,0.082500
467,4,0,212,7,850,0.074000
468,4,0,189,2,421,0.062500
469,4,0,10,1,914,0.047500
470,4,0,130,1,620,0.012500
471,4,0,46,4,935,0.157500
472,4,0,259,5,443,0.053000
473,4,0,72,11,445,0.117500
474,4,0,317,8,948,0.124000
475,4,1,1,8,475,0.082500
476,4,0,230,4,974,0.057500
477,4,0,144,13,347,0.050000
478,4,0,94,1,914,0.001500
479,4,0,120,1,642,0.001500
480,4,1,91,79,665,0.056000
481,4,0,98,13,54,0.097000
482,4,1,12,17,825,0.086000
483,4,0,208,38,87,0.061500
484,4,0,8,1,724,0.028500
485,4,0,365,57,443,0.050000
486,4,0,868,32,873,0.060500
487,4,0,12,3,732,0.150000
488,4,0,451,1,191,0.039500
489,4,0,328,1,145,0.026000
490,4,0,380,37,197,0.051500
491,4,1,7,7,907,0.089500
492,4,0,379,30,925,0.050500
493,4,0,24,13,856,0.057000
494,4,0,83,15,526,0.056000
495,4,0,199,42,318,0.083500
496,4,0,778,20,597,0.121000
497,4,0,58,12,302,0.086500
498,4,0,265,32,914,0.077000
499,4,0,13,2,505,0.348500
500,4,0,158,5,948,0.149500
501,4,0,150,31,994,0.059000
502,4,0,99,9,911,0.051500
503,4,0,117,8,437,0.065000
504,4,0,212,29,925,0.105500
505,4,1,3,8,210,0.149000
506,4,0,313,11,105,0.060000
507,4,0,119,15,615,0.230000
508,4,1,3,5,966,0.058000
509,4,0,147,3,191,0.147500
510,4,1,5,4,410,0.135500
511,4,0,319,7,868,0.217500
512,4,0,33,3,620,0.472500
513,4,1,48,36,353,0.058000
514,4,0,116,9,117,0.063500
515,4,1,1,7,515,0.103000
516,4,0,31,19,914,0.061000
517,4,1,28,17,406,0.065000
518,4,0,47,20,902,0.067500
519,4,1,2,2,191,0.786500
520,4,1,7,15,220,0.071500
521,4,0,13,5,565,0.075000
522,4,1,2,3,576,0.205000
523,4,0,119,4,717,0.533500
524,4,0,87,8,620,0.081500
525,4,0,124,30,948,0.053000
526,4,1,1,3,526,0.083500
527,4,0,69,18,824,0.080500
528,4,0,63,5,402,0.070000
529,4,0,146,3,948,0.093000
530,4,0,482,1,191,0.000000
531,4,0,28,4,320,0.140500
532,4,0,12,3,38,0.133500
533,4,0,15,2,410,0.393000
534,4,0,2,1,191,0.000000
535,4,0,15,6,605,0.110000
536,4,0,187,7,117,0.073500
537,4,0,231,10,443,0.129500
538,4,0,2,1,410,0.023500
539,4,0,298,19,726,0.059000
540,4,0,218,75,481,0.056500
541,4,0,123,5,320,0.260000
542,4,0,212,15,226,0.057000
543,4,0,205,26,878,0.077000
544,4,0,203,39,57,0.052000
545,4,0,68,8,676,0.050500
546,4,0,409,8,555,0.099500
547,4,0,120,5,620,0.060500
548,4,0,14,1,752,0.014500
549,4,0,127,2,297,0.852500
550,4,0,812,10,1,0.069000
551,4,0,60,2,822,0.143000
552,4,0,74,17,437,0.056500
553,4,0,142,4,948,0.112500
554,4,1,6,13,205,0.070000
555,4,0,165,15,351,0.099500
556,4,0,144,5,712,0.153000
557,4,0,292,9,131,0.051500
558,4,0,34,3,402,0.069500
559,4,0,529,11,87,0.079500
560,4,0,594,27,301,0.097000
561,4,0,31,14,469,0.079000
562,4,1,1,1,562,0.004000
563,4,0,183,20,14,0.075500
564,4,0,67,5,320,0.052000
565,4,1,1,10,565,0.165000
566,4,0,153,14,121,0.086000
567,4,0,804,9,565,0.111500
568,4,0,393,6,78,0.094500
569,4,0,514,60,183,0.063500
570,4,0,139,13,285,0.088500
571,4,0,75,11,302,0.053500
572,4,0,40,12,65,0.082500
573,4,0,616,3,134,0.070500
574,4,0,108,2,145,0.071500
575,4,0,190,15,145,0.068000
576,4,0,66,9,920,0.055500
577,4,1,12,26,696,0.075500
578,4,0,575,41,91,0.051000
579,4,0,21,5,379,0.385500
580,4,0,726,34,933,0.054500
581,4,0,56,1,299,0.000500
582,4,0,10,5,823,0.192000
583,4,0,821,10,658,0.058500
584,4,1,2,2,402,0.098500
585,4,0,384,8,239,0.090500
586,4,1,1,7,586,0.052500
587,4,0,538,23,117,0.071000
588,4,0,22,3,992,0.569000
589,4,0,518,42,547,0.051500
590,4,0,25,11,851,0.055500
591,4,0,27,5,387,0.252000
592,4,1,8,16,69,0.058500
593,4,0,13,9,148,0.172500
594,4,0,117,20,125,0.053000
595,4,0,433,13,348,0.078500
596,4,0,58,21,642,0.119500
597,4,0,248,5,717,0.244500
598,4,0,10,1,410,0.001500
599,4,0,136,2,891,0.273500
600,4,0,97,7,620,0.070500
601,4,0,450,60,577,0.056000
602,4,0,14,5,192,0.113500
603,4,0,25,2,992,0.231500
604,4,0,120,2,717,0.105500
605,4,0,54,7,551,0.091000
606,4,0,407,22,423,0.147000
607,4,0,747,1,406,0.043000
608,4,0,3,1,783,0.001000
609,4,0,741,19,781,0.054000
610,4,0,29,1,454,0.001000
611,4,0,37,9,920,0.052500
612,4,0,548,21,722,0.063000
613,4,0,542,14,741,0.070000
614,4,0,257,21,395,0.051500
615,4,0,255,7,914,0.054000
616,4,0,57,25,619,0.066500
617,4,0,60,31,779,0.067500
618,4,0,674,17,828,0.052500
619,4,0,12,9,957,0.102000
620,4,1,1,11,620,0.192000
621,4,0,607,19,935,0.057500
622,4,0,66,18,317,0.075500
623,4,1,4,5,42,0.183000
624,4,0,67,13,126,0.063000
625,4,0,109,13,220,0.057500
626,4,0,129,4,98,0.169500
627,4,1,5,7,505,0.300000
628,4,0,57,5,717,0.050500
629,4,0,136,17,37,0.060500
630,4,1,5,9,676,0.189500
631,4,0,55,24,902,0.079500
632,4,0,4,2,869,0.136000
633,4,0,188,2,105,0.166000
634,4,0,96,2,914,0.576000
635,4,0,242,70,478,0.059000
636,4,0,601,1,191,0.027500
637,4,0,140,1,167,0.042500
638,4,0,370,34,465,0.080500
639,4,0,508,4,597,0.090000
640,4,0,605,13,348,0.053000
641,4,1,4,17,925,0.076000
642,4,0,4,2,914,0.093500
643,4,0,61,16,37,0.054000
644,4,0,495,4,948,0.134000
645,4,0,338,2,50,0.283000
646,4,0,5,3,337,0.070000
647,4,0,35,15,643,0.051000
648,4,0,5,2,214,0.127500
649,4,0,75,19,438,0.052500
650,4,0,170,12,117,0.067500
651,4,0,599,21,187,0.074000
652,4,0,9,1,191,0.000500
653,4,0,33,2,337,0.281500
654,4,0,13,10,437,0.082000
655,4,0,20,1,603,0.028500
656,4,1,1,4,656,0.050500
657,4,1,1,3,657,0.160500
658,4,0,64,11,724,0.086000
659,4,1,1,1,659,0.000000
660,4,1,9,9,948,0.260000
661,4,0,31,8,437,0.154000
662,4,0,690,3,947,0.727500
663,4,1,2,6,659,0.051500
664,4,0,142,3,410,0.058000
665,4,0,22,1,148,0.014500
666,4,0,300,1,37,0.001500
667,4,0,87,19,692,0.072500
668,4,0,20,10,193,0.082500
669,4,0,53,1,724,0.001000
670,4,0,66,2,212,0.094500
671,4,0,152,2,68,0.583500
672,4,0,374,5,410,0.237500
673,4,0,43,20,510,0.063000
674,4,0,18,12,605,0.090000
675,4,0,42,8,659,0.057500
676,4,1,1,2,676,0.096500
677,4,0,258,11,406,0.056500
678,4,1,10,12,505,0.066500
679,4,0,4,1,297,0.000000
680,4,0,17,7,189,0.343500
681,4,0,11,1,261,0.007500
682,4,0,535,39,991,0.053000
683,4,0,154,1,410,0.012500
684,4,0,55,25,205,0.051000
685,4,0,40,19,121,0.052000
686,4,0,48,4,410,0.323000
687,4,0,51,7,406,0.051000
688,4,0,78,3,750,0.059000
689,4,0,32,1,139,0.012500
690,4,0,544,2,184,0.309000
691,4,0,63,5,410,0.057500
692,4,1,1,15,692,0.050500
693,4,0,354,2,741,0.075000
694,4,0,86,2,191,0.087000
695,4,1,2,5,43,0.350500
696,4,0,27,6,832,0.067000
697,4,0,81,3,410,0.084000
698,4,0,289,6,547,0.056000
699,4,0,33,11,406,0.053000
700,4,0,15,8,919,0.145500
701,4,0,53,10,551,0.059500
702,4,0,4,2,717,0.303500
703,4,0,347,1,629,0.013000
704,4,1,1,3,704,0.078000
705,4,0,66,18,667,0.097500
706,4,0,430,17,974,0.061500
707,4,1,3,51,368,0.054500
708,4,0,14,4,191,0.059000
709,4,0,417,3,681,0.472500
710,4,0,10,4,475,0.091500
711,4,0,154,2,148,0.416000
712,4,0,48,13,193,0.052500
713,4,0,110,6,337,0.057000
714,4,0,34,7,659,0.060000
715,4,0,51,20,54,0.058000
716,4,0,476,13,614,0.091500
717,4,1,1,2,717,0.117000
718,4,0,20,1,745,0.000000
719,4,0,393,9,516,0.075500
720,4,0,22,15,241,0.127500
721,4,0,658,12,53,0.143000
722,4,0,448,32,545,0.050000
723,4,0,301,58,465,0.055000
724,4,0,10,3,68,0.118000
725,4,0,21,2,145,0.059500
726,4,0,98,10,575,0.079000
727,4,0,188,22,347,0.102000
728,4,1,4,18,204,0.051500
729,4,0,63,24,377,0.068000
730,4,0,538,39,597,0.051000
731,4,0,29,7,220,0.065500
732,4,1,5,7,551,0.275500
733,4,0,148,16,69,0.128500
734,4,0,738,4,417,0.057000
735,4,0,111,4,422,0.116500
736,4,0,8,1,469,0.001500
737,4,0,878,6,427,0.070500
738,4,0,159,48,661,0.069000
739,4,0,639,1,206,0.027000
740,4,1,11,15,54,0.054500
741,4,0,26,10,874,0.090500
742,4,0,95,35,57,0.050000
743,4,0,544,35,302,0.059500
744,4,0,141,4,421,0.078000
745,4,1,1,1,745,0.000000
746,4,0,18,1,515,0.014500
747,4,0,186,7,357,0.307500
748,4,0,74,18,289,0.052500
749,4,0,35,17,556,0.093000
750,4,1,2,5,902,0.131000
751,4,0,6,1,410,0.000000
752,4,0,352,4,98,0.317000
753,4,1,1,4,753,0.075500
754,4,1,1,1,754,0.000000
755,4,0,461,11,795,0.071000
756,4,0,128,18,516,0.064500
757,4,0,238,22,516,0.092000
758,4,0,97,19,87,0.076000
759,4,0,415,10,37,0.071000
760,4,0,456,38,471,0.054000
761,4,0,457,1,337,0.024500
762,4,0,45,7,42,0.066500
763,4,1,6,28,902,0.053500
764,4,0,136,18,720,0.064500
765,4,0,90,17,736,0.056000
766,4,1,13,26,81,0.072500
767,4,0,55,3,687,0.086000
768,4,1,1,4,768,0.102000
769,4,0,9,7,828,0.075000
770,4,0,109,10,634,0.157000
771,4,0,452,19,249,0.087000
772,4,0,44,6,410,0.110000
773,4,1,5,6,437,0.065500
774,4,0,78,13,191,0.069000
775,4,0,44,2,688,0.479000
776,4,0,437,65,396,0.062500
777,4,0,4,1,54,0.034500
778,4,0,268,59,121,0.056000
779,4,1,2,3,145,0.062500
780,4,0,167,7,410,0.063500
781,4,0,11,7,565,0.075500
782,4,0,55,1,410,0.048000
783,4,1,4,6,85,0.458500
784,4,0,94,14,240,0.088500
785,4,0,275,2,799,0.204000
786,4,0,98,11,745,0.102000
787,4,0,39,1,130,0.003000
788,4,0,454,50,60,0.056500
789,4,0,439,4,575,0.233000
790,4,0,321,34,495,0.050500
791,4,0,11,1,71,0.006500
792,4,1,1,2,792,0.081000
793,4,0,214,44,226,0.050000
794,4,0,198,3,410,0.150500
795,4,1,65,50,647,0.053000
796,4,0,77,8,832,0.116000
797,4,0,65,14,395,0.077000
798,4,0,21,13,615,0.078500
799,4,1,1,1,799,0.004500
800,4,0,43,6,498,0.083500
801,4,0,39,35,213,0.054000
802,4,0,6,5,117,0.082500
803,4,0,33,10,410,0.136500
804,4,0,4,3,934,0.479000
805,4,0,81,7,401,0.081500
806,4,0,306,22,302,0.066000
807,4,0,357,2,974,0.087000
808,4,0,703,16,357,0.084000
809,4,0,5,3,792,0.567500
810,4,0,81,4,402,0.343000
811,4,1,1,11,811,0.053500
812,4,0,370,4,966,0.066000
813,4,1,6,7,454,0.171500
814,4,0,244,21,50,0.052000
815,4,0,510,78,76,0.058000
816,4,1,1,1,816,0.000000
817,4,0,149,23,974,0.069500
818,4,0,258,1,68,0.009500
819,4,0,466,3,421,0.122500
820,4,0,55,16,285,0.130500
821,4,0,234,16,231,0.050500
822,4,0,26,1,934,0.008500
823,4,0,14,1,402,0.000000
824,4,1,6,12,347,0.162500
825,4,1,3,8,289,0.080500
826,4,0,127,5,437,0.302500
827,4,0,137,5,526,0.059500
828,4,0,144,2,889,0.112500
829,4,0,101,5,828,0.052000
830,4,0,43,1,261,0.003500
831,4,0,696,41,348,0.051000
832,4,0,12,3,191,0.118000
833,4,0,57,4,746,0.053000
834,4,0,268,17,353,0.100000
835,4,0,740,5,417,0.080500
836,4,0,694,3,597,0.149000
837,4,0,674,32,575,0.053500
838,4,0,413,46,779,0.056000
839,4,0,59,12,421,0.085500
840,4,0,36,18,187,0.055000
841,4,0,120,22,31,0.053500
842,4,0,734,8,676,0.052500
843,4,0,216,6,702,0.220500
844,4,0,13,2,554,0.360500
845,4,0,3,2,907,0.100500
846,4,0,24,2,402,0.062000
847,4,0,752,7,947,0.097500
848,4,0,66,37,220,0.052500
849,4,0,75,17,526,0.060500
850,4,0,22,4,145,0.727000
851,4,1,2,4,753,0.191500
852,4,0,42,11,660,0.064000
853,4,0,41,29,692,0.053500
854,4,0,373,22,231,0.053000
855,4,0,16,3,105,0.264500
856,4,0,9,4,671,0.214000
857,4,0,461,17,708,0.057000
858,4,0,563,45,571,0.053500
859,4,0,68,2,437,0.083500
860,4,0,7,5,402,0.126000
861,4,1,29,32,439,0.052500
862,4,0,58,5,437,0.097000
863,4,1,5,19,497,0.080500
864,4,0,602,54,176,0.057000
865,4,0,133,18,813,0.050000
866,4,1,21,13,226,0.053000
867,4,0,57,10,914,0.078000
868,4,0,190,1,966,0.045500
869,4,1,3,3,754,0.375000
870,4,1,1,1,870,0.009500
871,4,0,24,19,914,0.071500
872,4,0,56,20,470,0.057000
873,4,1,3,6,954,0.063000
874,4,0,33,2,410,0.487500
875,4,0,126,25,642,0.061500
876,4,0,101,3,351,0.279500
877,4,0,509,37,692,0.052500
878,4,0,9,2,320,0.329000
879,4,0,47,7,692,0.071000
880,4,0,24,1,878,0.004500
881,4,0,417,5,299,0.053500
882,4,0,334,9,191,0.055500
883,4,0,722,1,307,0.000000
884,4,0,44,3,772,0.083500
885,4,0,218,9,412,0.058500
886,4,0,173,2,751,0.911500
887,4,0,139,29,966,0.099500
888,4,0,777,31,133,0.062500
889,4,1,2,2,337,0.110000
890,4,0,48,2,792,0.109000
891,4,0,63,8,712,0.127000
892,4,0,25,20,392,0.061500
893,4,0,163,27,250,0.052000
894,4,0,647,7,307,0.075000
895,4,0,471,13,615,0.161000
896,4,0,213,27,625,0.063000
897,4,1,7,16,437,0.061000
898,4,0,410,21,963,0.059500
899,4,0,76,33,740,0.050500
900,4,0,32,4,965,0.254000
901,4,0,7,3,749,0.109000
902,4,0,84,6,526,0.084000
903,4,0,715,17,336,0.065500
904,4,0,244,8,948,0.185000
905,4,1,4,11,356,0.112000
906,4,0,23,8,437,0.172500
907,4,0,13,1,603,0.000500
908,4,1,4,7,659,0.053500
909,4,1,14,30,836,0.062000
910,4,0,157,28,443,0.053000
911,4,0,124,9,457,0.053500
912,4,0,399,12,312,0.085500
913,4,0,40,15,410,0.052000
914,4,1,5,15,347,0.132000
915,4,0,17,9,828,0.120000
916,4,0,283,3,348,0.414500
917,4,1,1,8,917,0.109000
918,4,0,10,5,868,0.055500
919,4,0,202,1,678,0.032500
920,4,1,1,1,920,0.047500
921,4,1,6,8,293,0.253500
922,4,0,444,24,17,0.085500
923,4,0,277,13,516,0.056500
924,4,1,2,2,323,0.305000
925,4,0,318,8,974,0.107500
926,4,0,8,4,263,0.054000
927,4,0,368,11,406,0.072000
928,4,0,33,8,700,0.133500
929,4,0,186,1,799,0.000000
930,4,0,325,42,660,0.050000
931,4,1,6,8,437,0.095500
932,4,0,159,4,515,0.320500
933,4,0,75,3,555,0.077500
934,4,0,62,7,249,0.087500
935,4,1,1,2,935,0.120000
936,4,0,163,6,789,0.061000
937,4,0,203,7,437,0.203500
938,4,0,41,12,940,0.050500
939,4,0,547,5,554,0.057500
940,4,1,1,1,940,0.001500
941,4,0,49,16,712,0.053000
942,4,1,1,3,942,0.553000
943,4,0,217,34,121,0.063500
944,4,0,478,18,575,0.057500
945,4,0,798,9,421,0.070000
946,4,1,5,8,746,0.066500
947,4,0,37,6,646,0.166500
948,4,1,2,10,231,0.121500
949,4,0,474,4,851,0.075000
950,4,0,240,12,117,0.083000
951,4,0,369,26,347,0.056500
952,4,0,534,16,874,0.057000
953,4,0,707,3,139,0.317000
954,4,0,12,3,576,0.122000
955,4,0,348,9,642,0.055500
956,4,0,328,3,948,0.056500
957,4,1,14,14,586,0.054000
958,4,0,16,4,98,0.121500
959,4,0,175,9,914,0.057000
960,4,0,42,8,966,0.127500
961,4,0,248,10,795,0.096000
962,4,0,600,32,555,0.065500
963,4,0,144,14,231,0.058000
964,4,0,78,1,772,0.003000
965,4,0,16,9,932,0.051500
966,4,0,49,6,192,0.062000
967,4,0,34,4,393,0.118000
968,4,0,372,38,157,0.052000
969,4,0,133,14,145,0.052500
970,4,1,3,17,526,0.076500
971,4,0,84,1,772,0.003500
972,4,0,234,35,157,0.050000
973,4,0,32,15,795,0.079000
974,4,1,10,13,145,0.058000
975,4,1,2,12,499,0.149000
976,4,0,668,13,512,0.078000
977,4,0,919,30,555,0.061500
978,4,0,516,8,477,0.086000
979,4,0,31,12,289,0.053000
980,4,0,73,20,675,0.112000
981,4,0,824,6,758,0.062000
982,4,0,332,13,974,0.075500
983,4,1,21,20,925,0.050500
984,4,0,20,13,551,0.074500
985,4,0,659,11,76,0.072500
986,4,0,388,34,302,0.084500
987,4,0,161,13,421,0.097000
988,4,0,123,1,249,0.010000
989,4,0,90,2,724,0.361500
990,4,0,22,2,515,0.204500
991,4,0,177,54,91,0.073000
992,4,1,7,14,192,0.086000
993,4,0,24,2,620,0.568000
994,4,0,51,15,54,0.058000
995,4,0,311,45,948,0.050000
996,4,0,327,30,465,0.063000
997,4,1,2,8,551,0.110000
998,4,1,5,21,377,0.091500
999,4,0,45,5,920,0.087500
1000,4,0,563,17,187,0.063500
