cop,run,in_set,rank,set_size,lowest_loss_cop,final_pvalue
1,0,0,346,33,538,0.061000
2,0,0,358,10,410,0.057000
3,0,0,410,60,717,0.056500
4,0,0,96,4,832,0.119000
5,0,0,142,1,191,0.014000
6,0,0,259,24,519,0.089000
7,0,0,445,18,642,0.053000
8,0,0,283,52,717,0.058000
9,0,1,7,7,388,0.723000
10,0,0,458,14,148,0.135000
11,0,0,121,12,356,0.077000
12,0,0,878,63,554,0.069000
13,0,0,700,2,603,0.525500
14,0,0,628,40,397,0.056000
15,0,0,589,45,554,0.061000
16,0,0,175,34,717,0.067000
17,0,0,453,24,717,0.063000
18,0,0,437,2,78,0.251000
19,0,0,424,30,717,0.055000
20,0,0,767,25,935,0.052500
21,0,0,582,11,543,0.053500
22,0,0,361,40,948,0.050000
23,0,0,419,47,519,0.070000
24,0,0,231,5,410,0.141500
25,0,0,842,312,382,0.051500
26,0,0,729,33,320,0.050500
27,0,0,219,29,437,0.057500
28,0,0,553,123,519,0.055500
29,0,0,695,23,594,0.050500
30,0,0,63,7,717,0.118500
31,0,1,10,19,832,0.050000
32,0,1,6,26,832,0.060000
33,0,0,543,94,772,0.054000
34,0,0,758,137,935,0.053500
35,0,0,361,17,356,0.060000
36,0,0,26,5,356,0.440000
37,0,0,229,39,862,0.059500
38,0,0,872,1,18,0.014000
39,0,0,331,34,862,0.050500
40,0,0,218,7,832,0.054000
41,0,0,621,68,828,0.051500
42,0,0,466,30,437,0.050000
43,0,0,650,1,754,0.000000
44,0,1,7,31,717,0.051500
45,0,0,513,29,832,0.059500
46,0,0,472,8,810,0.073500
47,0,0,59,3,717,0.086500
48,0,1,16,17,926,0.153000
49,0,0,970,9,412,0.188000
50,0,0,129,5,717,0.073000
51,0,0,519,1,754,0.013000
52,0,0,935,19,746,0.068000
53,0,0,396,28,832,0.053500
54,0,0,45,6,832,0.097000
55,0,0,753,23,239,0.051500
56,0,0,20,2,810,0.731000
57,0,0,82,9,717,0.053000
58,0,0,917,4,608,0.071500
59,0,0,490,35,961,0.065000
60,0,0,460,15,78,0.097000
61,0,0,199,50,832,0.056000
62,0,0,180,123,604,0.051000
63,0,0,828,38,935,0.050000
64,0,0,828,62,239,0.050000
65,0,0,88,3,754,0.549000
66,0,0,92,8,148,0.094000
67,0,0,387,15,717,0.077000
68,0,1,6,23,320,0.084000
69,0,0,251,2,717,0.166000
70,0,0,82,30,717,0.066000
71,0,0,383,45,183,0.055500
72,0,0,261,7,717,0.134000
73,0,0,486,19,316,0.071000
74,0,0,661,35,855,0.054500
75,0,0,529,24,148,0.085000
76,0,0,445,112,397,0.064000
77,0,0,674,40,948,0.053500
78,0,0,16,6,437,0.084500
79,0,0,53,13,148,0.057000
80,0,0,933,3,810,0.274500
81,0,0,355,88,832,0.052000
82,0,0,293,56,717,0.064000
83,0,0,569,302,542,0.051000
84,0,0,598,27,569,0.061000
85,0,0,754,20,603,0.085000
86,0,0,992,1,562,0.034500
87,0,0,154,21,538,0.065000
88,0,0,797,7,603,0.071500
89,0,0,959,49,569,0.059500
90,0,0,565,2,191,0.390000
91,0,0,215,7,717,0.061500
92,0,0,680,132,904,0.052500
93,0,0,823,4,134,0.084500
94,0,0,161,9,832,0.082000
95,0,0,940,6,405,0.051000
96,0,0,944,23,656,0.059500
97,0,0,221,2,717,0.094000
98,0,0,235,44,724,0.052500
99,0,0,314,129,631,0.053500
100,0,0,50,13,717,0.117500
101,0,0,287,11,717,0.080000
102,0,1,24,23,410,0.057500
103,0,0,189,20,832,0.069500
104,0,0,673,46,905,0.051500
105,0,0,195,1,832,0.038000
106,0,0,39,9,717,0.207500
107,0,0,109,8,356,0.113500
108,0,0,394,94,931,0.051500
109,0,0,346,83,399,0.051500
110,0,0,592,6,717,0.071500
111,0,0,711,42,664,0.050000
112,0,0,160,51,519,0.054500
113,0,0,484,114,399,0.050000
114,0,0,958,56,286,0.050500
115,0,0,911,136,758,0.055000
116,0,0,579,92,664,0.050500
117,0,0,92,11,832,0.056500
118,0,0,65,20,717,0.078500
119,0,0,109,1,388,0.038000
120,0,0,97,40,660,0.053500
121,0,0,47,8,832,0.146000
122,0,0,748,51,191,0.055500
123,0,0,744,13,155,0.055000
124,0,0,436,24,519,0.058000
125,0,0,266,20,356,0.084500
126,0,0,299,45,717,0.050500
127,0,0,362,58,832,0.056000
128,0,0,485,71,772,0.050500
129,0,0,720,193,128,0.052000
130,0,0,952,7,603,0.074500
131,0,0,398,122,777,0.055500
132,0,0,642,101,672,0.050500
133,0,0,177,45,320,0.060500
134,0,0,102,3,191,0.084500
135,0,0,311,31,356,0.050500
136,0,0,48,3,832,0.068500
137,0,0,600,63,995,0.050500
138,0,0,821,46,311,0.059500
139,0,1,9,10,519,0.064000
140,0,0,68,7,48,0.072500
141,0,0,456,100,239,0.052000
142,0,0,13,7,356,0.225500
143,0,0,739,39,519,0.088500
144,0,0,446,90,70,0.051500
145,0,0,89,21,717,0.086500
146,0,0,688,43,191,0.061500
147,0,0,174,8,832,0.065500
148,0,1,1,3,148,0.104000
149,0,0,461,136,715,0.053500
150,0,0,248,16,717,0.090500
151,0,0,519,91,772,0.056500
152,0,0,271,44,356,0.055500
153,0,0,769,59,970,0.052500
154,0,0,960,12,579,0.059000
155,0,0,453,1,78,0.006500
156,0,0,84,11,148,0.075000
157,0,0,83,25,717,0.052500
158,0,0,929,67,910,0.067500
159,0,0,755,31,961,0.053000
160,0,0,838,25,758,0.054000
161,0,0,200,12,320,0.054000
162,0,0,185,46,664,0.050500
163,0,0,650,21,155,0.051500
164,0,0,781,5,490,0.087000
165,0,0,156,14,356,0.059000
166,0,0,41,6,832,0.115500
167,0,0,803,11,908,0.103500
168,0,0,908,13,554,0.075500
169,0,0,157,10,437,0.057000
170,0,0,406,61,717,0.060000
171,0,0,214,17,832,0.100000
172,0,0,50,1,717,0.028000
173,0,0,163,8,717,0.070000
174,0,0,337,82,320,0.050500
175,0,0,151,7,822,0.100500
176,0,0,234,13,437,0.172500
177,0,0,556,37,142,0.073000
178,0,0,796,173,715,0.050500
179,0,1,123,188,66,0.053000
180,0,0,343,19,664,0.054000
181,0,0,472,6,717,0.367500
182,0,0,294,44,717,0.054500
183,0,0,93,28,519,0.053500
184,0,0,943,1,656,0.002500
185,0,0,303,15,717,0.051000
186,0,0,140,10,717,0.076500
187,0,0,221,25,832,0.054500
188,0,0,721,47,495,0.058000
189,0,0,465,1,191,0.012500
190,0,0,655,68,239,0.052500
191,0,1,2,8,356,0.119000
192,0,1,5,5,627,0.055000
193,0,0,410,15,356,0.061500
194,0,0,257,16,356,0.055500
195,0,0,474,59,664,0.052500
196,0,0,400,54,931,0.053500
197,0,0,494,45,731,0.050000
198,0,0,640,173,501,0.050000
199,0,0,360,13,905,0.050000
200,0,0,319,64,717,0.054000
201,0,1,106,80,397,0.070000
202,0,0,935,1,831,0.010000
203,0,0,479,97,832,0.053500
204,0,0,434,47,519,0.056000
205,0,0,44,46,717,0.059500
206,0,0,921,39,53,0.063000
207,0,1,42,88,397,0.051000
208,0,0,399,109,898,0.052500
209,0,0,658,1,554,0.002500
210,0,0,450,7,717,0.073500
211,0,0,48,5,191,0.073000
212,0,0,916,1,907,0.011500
213,0,0,93,7,356,0.212000
214,0,0,983,2,389,0.051000
215,0,0,632,42,554,0.089000
216,0,0,589,13,832,0.053000
217,0,0,751,35,316,0.055500
218,0,0,469,9,249,0.133000
219,0,0,23,1,924,0.005500
220,0,0,229,11,717,0.072000
221,0,0,546,15,36,0.063500
222,0,0,581,6,139,0.100000
223,0,0,746,29,554,0.056000
224,0,0,520,70,316,0.052000
225,0,0,419,9,356,0.179500
226,0,0,120,24,862,0.080500
227,0,0,289,159,715,0.052500
228,0,0,234,34,148,0.057000
229,0,0,919,93,249,0.050000
230,0,0,20,4,549,0.154000
231,0,0,25,7,832,0.061000
232,0,0,212,43,948,0.050000
233,0,0,596,48,183,0.059000
234,0,0,523,26,832,0.067500
235,0,0,574,24,795,0.050000
236,0,0,211,20,437,0.057500
237,0,0,433,56,948,0.053000
238,0,0,663,115,437,0.052000
239,0,0,270,20,142,0.052000
240,0,0,86,7,717,0.128500
241,0,0,10,1,717,0.017500
242,0,0,540,12,554,0.088500
243,0,0,280,3,410,0.058500
244,0,0,716,20,522,0.054500
245,0,0,882,272,307,0.056000
246,0,0,400,89,631,0.057500
247,0,0,512,14,437,0.065500
248,0,0,435,44,772,0.051500
249,0,0,41,10,320,0.056500
250,0,0,386,42,717,0.053500
251,0,0,761,181,316,0.051000
252,0,0,249,54,832,0.054000
253,0,0,962,5,810,0.140500
254,0,0,152,4,410,0.077500
255,0,0,73,4,717,0.057000
256,0,0,200,56,832,0.052500
257,0,0,981,2,9,0.720500
258,0,0,347,19,862,0.068500
259,0,0,631,19,832,0.057000
260,0,0,486,30,664,0.053500
261,0,0,625,68,642,0.050500
262,0,0,59,6,412,0.052500
263,0,0,46,2,379,0.736500
264,0,0,460,38,519,0.052000
265,0,0,283,5,191,0.060000
266,0,0,759,32,831,0.068500
267,0,0,191,75,36,0.067000
268,0,0,342,57,117,0.053500
269,0,0,28,8,148,0.056500
270,0,0,655,12,576,0.052500
271,0,0,439,12,592,0.166500
272,0,0,538,54,642,0.050000
273,0,0,558,4,554,0.061500
274,0,0,179,2,717,0.227500
275,0,0,769,23,410,0.058500
276,0,0,853,224,793,0.053500
277,0,0,317,10,356,0.051500
278,0,0,779,29,316,0.058500
279,0,0,738,70,986,0.052500
280,0,0,427,43,554,0.055000
281,0,0,73,9,356,0.238000
282,0,0,369,11,410,0.051500
283,0,0,696,113,715,0.051000
284,0,0,492,32,832,0.062500
285,0,0,28,4,148,0.271000
286,0,0,726,138,239,0.055000
287,0,0,891,17,603,0.228500
288,0,0,322,9,832,0.053500
289,0,0,451,97,320,0.060500
290,0,0,750,338,174,0.050000
291,0,0,756,282,501,0.051500
292,0,0,407,45,717,0.059500
293,0,0,382,8,356,0.054500
294,0,0,511,74,664,0.059500
295,0,0,745,43,148,0.050000
296,0,0,612,100,772,0.050000
297,0,0,76,1,9,0.000000
298,0,0,42,7,717,0.055500
299,0,0,143,10,519,0.051500
300,0,0,925,72,569,0.051000
301,0,0,548,116,631,0.052000
302,0,0,172,4,717,0.131500
303,0,0,634,1,554,0.002000
304,0,0,660,10,799,0.074500
305,0,0,743,13,32,0.068500
306,0,0,229,28,410,0.052500
307,0,0,433,8,935,0.071500
308,0,0,979,12,695,0.212500
309,0,0,566,142,44,0.052000
310,0,0,271,112,875,0.051000
311,0,0,507,16,554,0.069000
312,0,0,141,18,717,0.069000
313,0,0,458,25,148,0.059000
314,0,0,454,26,142,0.067000
315,0,0,692,68,106,0.051500
316,0,0,229,145,183,0.052500
317,0,0,77,14,717,0.061000
318,0,0,466,60,832,0.052000
319,0,0,395,12,320,0.076500
320,0,0,34,5,717,0.082000
321,0,0,124,12,717,0.084000
322,0,1,154,217,882,0.052500
323,0,0,994,6,562,0.282000
324,0,0,619,116,862,0.057500
325,0,0,925,103,594,0.054000
326,0,0,853,70,554,0.052500
327,0,0,943,1,754,0.001000
328,0,0,652,270,161,0.051000
329,0,1,9,7,389,0.168500
330,0,0,598,37,731,0.052000
331,0,0,533,44,316,0.054500
332,0,0,903,30,373,0.067500
333,0,0,926,151,410,0.052500
334,0,0,239,10,832,0.073000
335,0,0,128,9,191,0.163500
336,0,0,439,52,249,0.061000
337,0,0,122,75,717,0.052000
338,0,0,80,20,832,0.053500
339,0,0,465,6,832,0.107000
340,0,0,663,105,832,0.050000
341,0,0,693,77,995,0.053500
342,0,0,726,257,316,0.050500
343,0,0,72,10,717,0.063000
344,0,0,665,43,32,0.064500
345,0,0,566,124,763,0.050500
346,0,0,226,44,142,0.076500
347,0,0,14,10,717,0.064000
348,0,0,67,17,832,0.147000
349,0,0,148,63,708,0.054000
350,0,0,186,17,905,0.050500
351,0,0,28,11,717,0.056500
352,0,0,460,190,826,0.051000
353,0,0,98,11,717,0.056500
354,0,0,828,11,961,0.059000
355,0,0,352,41,538,0.051500
356,0,1,3,8,717,0.061500
357,0,0,516,34,832,0.055000
358,0,0,583,107,501,0.054500
359,0,0,774,2,599,0.059000
360,0,0,700,65,576,0.055500
361,0,0,122,8,148,0.078500
362,0,0,973,68,149,0.051500
363,0,0,467,38,717,0.067500
364,0,0,182,10,717,0.070500
365,0,0,870,166,576,0.051000
366,0,0,937,6,402,0.253500
367,0,0,89,2,717,0.078500
368,0,0,106,25,717,0.051000
369,0,0,115,8,437,0.077500
370,0,0,647,13,556,0.062500
371,0,0,297,126,207,0.053000
372,0,0,587,86,410,0.052000
373,0,0,201,98,664,0.053000
374,0,0,105,7,356,0.050000
375,0,0,956,4,608,0.232500
376,0,0,682,3,822,0.088000
377,0,0,197,2,717,0.091500
378,0,0,303,76,948,0.059000
379,0,0,711,18,603,0.056500
380,0,0,858,18,569,0.059500
381,0,0,756,19,266,0.074500
382,0,0,208,5,191,0.050000
383,0,0,610,108,316,0.063500
384,0,0,655,65,47,0.050000
385,0,0,628,31,519,0.064000
386,0,0,438,78,413,0.054000
387,0,0,288,3,402,0.076000
388,0,1,5,3,810,0.130000
389,0,1,2,3,942,0.079000
390,0,0,84,78,397,0.053500
391,0,0,940,4,754,0.152000
392,0,0,363,9,320,0.208500
393,0,1,2,2,754,0.941000
394,0,0,679,99,814,0.051500
395,0,0,372,85,183,0.051000
396,0,0,78,9,356,0.094500
397,0,0,75,1,832,0.007500
398,0,0,658,22,36,0.064500
399,0,1,31,54,832,0.073000
400,0,0,271,13,832,0.050500
401,0,0,492,96,369,0.051000
402,0,0,617,5,822,0.123500
403,0,0,405,13,717,0.079500
404,0,0,689,71,410,0.058000
405,0,0,815,86,149,0.050000
406,0,0,724,30,149,0.053500
407,0,0,579,27,717,0.103000
408,0,0,369,29,320,0.067000
409,0,0,632,20,249,0.052500
410,0,0,10,9,832,0.068500
411,0,1,5,5,648,0.052000
412,0,0,19,2,655,0.090500
413,0,0,70,7,717,0.061500
414,0,0,887,112,371,0.073000
415,0,0,800,146,133,0.053000
416,0,0,530,232,879,0.063500
417,0,0,494,7,832,0.054500
418,0,0,694,54,554,0.052500
419,0,0,730,28,799,0.056500
420,0,0,691,40,594,0.057500
421,0,0,555,18,191,0.064000
422,0,0,70,19,931,0.050000
423,0,0,89,16,356,0.059500
424,0,1,18,39,397,0.050500
425,0,0,490,1,907,0.012500
426,0,0,27,17,832,0.051000
427,0,0,746,32,554,0.054000
428,0,0,148,7,191,0.103000
429,0,0,24,7,410,0.161000
430,0,1,7,37,828,0.059500
431,0,0,193,57,832,0.050000
432,0,0,334,10,731,0.055000
433,0,0,562,25,948,0.050000
434,0,0,665,64,970,0.057000
435,0,0,28,7,905,0.150000
436,0,0,277,9,717,0.102000
437,0,1,3,6,832,0.118000
438,0,0,315,26,664,0.054000
439,0,0,209,9,437,0.083000
440,0,0,167,12,142,0.052500
441,0,0,273,21,32,0.062500
442,0,0,204,16,437,0.063500
443,0,0,204,33,717,0.082000
444,0,0,126,5,832,0.234500
445,0,0,443,17,148,0.050500
446,0,0,7,2,942,0.120000
447,0,0,590,39,717,0.052500
448,0,0,583,44,519,0.061500
449,0,0,669,81,844,0.051000
450,0,0,159,2,832,0.186000
451,0,0,552,13,905,0.164500
452,0,0,523,87,828,0.053000
453,0,0,318,21,717,0.057500
454,0,0,38,13,745,0.051500
455,0,0,807,73,640,0.052500
456,0,0,806,146,627,0.052500
457,0,0,33,3,832,0.701000
458,0,0,193,6,717,0.155500
459,0,0,139,24,356,0.053500
460,0,1,22,99,47,0.050500
461,0,1,3,11,656,0.068500
462,0,0,367,33,862,0.055500
463,0,0,515,1,191,0.028500
464,0,0,243,11,717,0.063000
465,0,0,276,6,717,0.111000
466,0,0,55,16,148,0.062000
467,0,0,223,5,211,0.151500
468,0,0,700,94,11,0.065000
469,0,0,159,2,148,0.162000
470,0,0,347,13,78,0.078500
471,0,0,554,83,598,0.053000
472,0,0,559,130,529,0.050500
473,0,0,481,6,664,0.095500
474,0,0,382,34,410,0.061500
475,0,0,726,242,147,0.054500
476,0,0,322,19,410,0.053000
477,0,0,101,18,832,0.052500
478,0,0,76,9,832,0.153500
479,0,0,183,40,717,0.064500
480,0,0,106,9,148,0.084500
481,0,1,6,123,715,0.055500
482,0,0,238,5,148,0.103500
483,0,0,578,52,717,0.051500
484,0,0,628,58,745,0.051500
485,0,0,476,131,149,0.050000
486,0,0,867,43,831,0.052500
487,0,0,873,249,462,0.051000
488,0,1,1,1,488,0.001000
489,0,0,368,8,717,0.118500
490,0,0,685,73,772,0.050500
491,0,0,604,2,603,0.073500
492,0,0,513,33,594,0.053000
493,0,0,599,184,778,0.050000
494,0,0,140,9,191,0.252000
495,0,0,600,211,183,0.054000
496,0,0,722,7,191,0.087000
497,0,1,145,93,631,0.052000
498,0,0,238,5,717,0.089500
499,0,0,499,50,413,0.077500
500,0,0,176,34,717,0.077000
501,0,0,175,36,148,0.051000
502,0,0,249,85,832,0.055000
503,0,0,140,27,36,0.058500
504,0,0,520,53,47,0.051000
505,0,0,226,10,249,0.132000
506,0,0,538,68,717,0.081500
507,0,0,434,25,32,0.054000
508,0,0,738,8,627,0.054500
509,0,0,263,75,832,0.050000
510,0,0,24,12,832,0.051500
511,0,0,969,201,192,0.054000
512,0,0,239,71,948,0.054000
513,0,0,249,14,437,0.117500
514,0,0,164,38,660,0.050500
515,0,0,434,7,642,0.111500
516,0,0,126,7,717,0.082000
517,0,0,779,13,191,0.051500
518,0,0,265,18,931,0.051000
519,0,1,11,12,832,0.055000
520,0,0,265,11,437,0.069000
521,0,0,692,29,66,0.050500
522,0,0,177,24,78,0.055000
523,0,0,151,40,519,0.054000
524,0,0,402,11,832,0.063500
525,0,0,177,11,832,0.192000
526,0,0,12,10,717,0.153000
527,0,0,29,7,832,0.215500
528,0,0,771,8,908,0.094500
529,0,0,261,48,410,0.053000
530,0,0,487,156,481,0.050500
531,0,0,221,13,356,0.113500
532,0,0,842,110,758,0.050000
533,0,0,37,12,832,0.106500
534,0,0,26,4,191,0.468500
535,0,0,917,35,543,0.057000
536,0,0,241,26,356,0.132000
537,0,0,669,62,717,0.062500
538,0,0,24,3,717,0.160500
539,0,0,701,150,205,0.060000
540,0,0,270,6,717,0.159500
541,0,0,335,74,717,0.056500
542,0,0,217,10,832,0.055500
543,0,1,29,77,631,0.052000
544,0,0,372,20,356,0.061500
545,0,0,453,6,717,0.095000
546,0,0,545,6,191,0.274500
547,0,0,486,38,717,0.051000
548,0,0,939,1,656,0.047500
549,0,0,990,3,389,0.094000
550,0,0,834,95,961,0.062000
551,0,0,599,8,505,0.123000
552,0,1,13,70,142,0.061500
553,0,0,123,7,437,0.143000
554,0,0,22,1,191,0.000000
555,0,0,246,4,717,0.075500
556,0,0,197,41,664,0.051000
557,0,0,661,162,898,0.050000
558,0,0,874,34,687,0.058000
559,0,0,644,24,717,0.072500
560,0,0,764,170,538,0.056500
561,0,0,215,32,717,0.054500
562,0,0,986,17,926,0.071000
563,0,0,727,40,316,0.056500
564,0,0,373,10,717,0.082500
565,0,0,400,13,320,0.051500
566,0,0,267,8,410,0.055500
567,0,0,828,23,935,0.058000
568,0,0,10,4,599,0.070000
569,0,0,377,42,995,0.050000
570,0,0,128,86,399,0.052000
571,0,0,329,28,717,0.054000
572,0,1,14,13,695,0.056000
573,0,0,728,41,772,0.092000
574,0,0,113,5,717,0.303000
575,0,0,157,12,320,0.051000
576,0,1,85,98,664,0.052000
577,0,0,118,6,832,0.097500
578,0,0,637,94,664,0.051000
579,0,1,11,10,907,0.062000
580,0,0,723,92,382,0.050500
581,0,0,433,12,832,0.123000
582,0,0,887,36,718,0.065500
583,0,0,801,78,616,0.053500
584,0,0,824,3,799,0.148000
585,0,0,405,82,239,0.051500
586,0,0,328,27,664,0.052500
587,0,0,544,90,556,0.053500
588,0,0,397,19,920,0.085000
589,0,0,717,111,717,0.051500
590,0,0,46,7,745,0.101000
591,0,0,967,34,420,0.058500
592,0,0,457,95,66,0.052000
593,0,1,12,33,970,0.051500
594,0,0,204,39,717,0.051500
595,0,0,475,4,191,0.274500
596,0,1,11,96,715,0.062500
597,0,0,248,192,147,0.052000
598,0,0,25,8,717,0.180500
599,0,1,1,5,599,0.441500
600,0,0,355,13,832,0.074000
601,0,0,420,202,859,0.050000
602,0,0,765,188,32,0.052000
603,0,0,660,3,66,0.210500
604,0,0,106,21,717,0.065500
605,0,0,661,10,633,0.105500
606,0,0,507,6,191,0.097500
607,0,0,859,185,420,0.055000
608,0,0,889,28,940,0.071500
609,0,0,701,181,258,0.051000
610,0,0,783,60,594,0.052500
611,0,0,405,61,320,0.051000
612,0,0,753,37,239,0.067500
613,0,0,652,136,410,0.050500
614,0,0,498,32,832,0.060500
615,0,0,8,2,832,0.483000
616,0,0,543,30,106,0.071500
617,0,0,369,83,31,0.050500
618,0,0,728,65,519,0.053000
619,0,0,337,65,660,0.066000
620,0,0,213,8,717,0.063500
621,0,0,753,21,814,0.068000
622,0,0,96,9,832,0.069000
623,0,0,613,69,78,0.051500
624,0,0,229,6,191,0.059000
625,0,0,339,18,148,0.051500
626,0,0,923,22,656,0.069000
627,0,0,26,8,249,0.088000
628,0,0,90,5,832,0.079000
629,0,0,267,6,148,0.060500
630,0,0,532,16,832,0.056000
631,0,0,278,110,664,0.054500
632,0,0,13,1,754,0.000000
633,0,0,138,29,320,0.083500
634,0,0,119,31,717,0.054500
635,0,0,187,69,832,0.068500
636,0,0,608,50,36,0.059000
637,0,0,981,11,393,0.055500
638,0,0,535,28,320,0.067000
639,0,1,74,62,772,0.052000
640,0,0,510,132,450,0.053000
641,0,0,341,46,832,0.053000
642,0,1,6,9,717,0.185500
643,0,0,241,17,832,0.067000
644,0,0,467,81,11,0.051000
645,0,0,391,2,554,0.804500
646,0,0,244,52,410,0.051500
647,0,0,260,10,437,0.052500
648,0,1,6,6,549,0.099000
649,0,0,442,129,556,0.057500
650,0,0,230,11,832,0.052000
651,0,0,633,124,429,0.057500
652,0,0,65,55,660,0.054500
653,0,0,357,38,36,0.059000
654,0,0,14,7,191,0.124500
655,0,0,4,1,754,0.000000
656,0,0,479,12,599,0.153500
657,0,0,827,11,745,0.079500
658,0,0,738,1,576,0.023000
659,0,0,236,2,599,0.070000
660,0,0,39,7,717,0.072000
661,0,0,58,11,356,0.140500
662,0,0,732,170,664,0.054000
663,0,0,230,14,627,0.097500
664,0,1,30,30,717,0.050500
665,0,0,42,13,437,0.231500
666,0,0,383,62,717,0.050000
667,0,0,381,33,862,0.080500
668,0,0,320,12,832,0.073000
669,0,0,274,15,822,0.167500
670,0,0,752,1,58,0.001500
671,0,0,497,6,832,0.069500
672,0,0,366,60,31,0.060500
673,0,0,95,34,519,0.050000
674,0,0,649,10,522,0.082000
675,0,0,849,4,556,0.091500
676,0,0,487,61,717,0.057000
677,0,0,855,207,258,0.051500
678,0,0,321,9,249,0.096000
679,0,0,990,10,412,0.057000
680,0,0,674,127,510,0.050000
681,0,0,734,24,139,0.058000
682,0,0,569,110,121,0.050000
683,0,0,108,13,148,0.150000
684,0,0,97,9,717,0.051500
685,0,0,196,11,832,0.068000
686,0,0,69,52,931,0.069000
687,0,0,620,103,546,0.053000
688,0,0,321,27,717,0.055500
689,0,0,172,11,148,0.051500
690,0,0,970,8,393,0.058500
691,0,0,68,8,717,0.054500
692,0,0,129,16,717,0.052500
693,0,0,498,19,772,0.063000
694,0,0,197,14,356,0.077500
695,0,0,565,14,576,0.057500
696,0,0,66,9,356,0.072000
697,0,0,154,18,191,0.065500
698,0,0,448,161,631,0.051500
699,0,0,836,7,488,0.055000
700,0,0,914,253,857,0.051000
701,0,0,733,56,495,0.052000
702,0,0,10,5,717,0.107000
703,0,0,498,12,554,0.052000
704,0,0,966,24,810,0.053000
705,0,0,380,1,832,0.015500
706,0,0,480,19,554,0.052000
707,0,0,199,8,148,0.154000
708,0,0,27,2,717,0.172000
709,0,0,884,94,814,0.056500
710,0,0,719,49,717,0.054500
711,0,0,247,4,191,0.228000
712,0,0,75,9,832,0.092500
713,0,0,303,8,191,0.187500
714,0,0,792,215,11,0.050000
715,0,0,72,11,356,0.159000
716,0,0,770,286,814,0.052000
717,0,1,3,3,356,0.439500
718,0,0,719,92,66,0.057500
719,0,0,405,67,604,0.054500
720,0,0,26,8,832,0.054500
721,0,0,759,6,664,0.068500
722,0,0,694,303,320,0.051000
723,0,0,404,11,832,0.060000
724,0,0,458,48,717,0.050000
725,0,0,153,42,397,0.057000
726,0,0,473,8,664,0.060000
727,0,0,93,4,191,0.054000
728,0,0,362,12,832,0.058000
729,0,0,313,17,717,0.051000
730,0,0,619,6,191,0.071500
731,0,0,207,55,717,0.060000
732,0,0,647,132,599,0.053000
733,0,0,579,65,36,0.052500
734,0,0,820,286,68,0.050000
735,0,0,259,9,717,0.098500
736,0,0,219,86,777,0.060000
737,0,0,880,12,490,0.051500
738,0,0,160,21,410,0.097000
739,0,0,941,23,828,0.053500
740,0,0,54,37,142,0.056000
741,0,0,196,7,191,0.172500
742,0,0,208,18,717,0.085000
743,0,0,551,165,631,0.051000
744,0,0,657,17,191,0.060500
745,0,0,42,10,249,0.056000
746,0,0,445,18,627,0.085000
747,0,0,798,29,249,0.050000
748,0,0,164,2,664,0.062000
749,0,0,311,9,556,0.067000
750,0,0,96,7,832,0.081000
751,0,0,53,44,832,0.077000
752,0,0,488,6,745,0.214000
753,0,0,380,11,249,0.054000
754,0,0,475,15,522,0.060000
755,0,0,369,58,961,0.053500
756,0,0,173,33,410,0.088000
757,0,0,118,49,604,0.055000
758,0,0,337,17,832,0.053500
759,0,0,503,4,139,0.094500
760,0,0,664,28,554,0.055000
761,0,0,470,36,249,0.062000
762,0,0,164,5,594,0.223000
763,0,1,10,46,397,0.050000
764,0,0,202,57,538,0.064500
765,0,0,365,14,717,0.056000
766,0,0,376,31,142,0.057500
767,0,0,816,65,139,0.052000
768,0,0,7,2,562,0.806500
769,0,0,221,24,320,0.052000
770,0,0,284,9,717,0.056500
771,0,0,625,9,356,0.076000
772,0,0,38,12,832,0.111500
773,0,0,13,8,356,0.068000
774,0,0,145,2,832,0.201500
775,0,0,554,18,249,0.065000
776,0,0,481,22,717,0.063500
777,0,0,73,7,356,0.093000
778,0,0,349,65,832,0.059000
779,0,0,167,5,717,0.136500
780,0,0,177,9,437,0.052000
781,0,0,651,93,413,0.050000
782,0,0,171,12,717,0.067500
783,0,0,829,15,505,0.059500
784,0,0,106,10,970,0.087500
785,0,0,857,92,76,0.053000
786,0,0,783,165,793,0.050000
787,0,0,971,11,609,0.057000
788,0,0,747,18,249,0.053000
789,0,0,325,108,443,0.052000
790,0,0,691,212,156,0.051000
791,0,0,475,39,717,0.051500
792,0,0,687,26,505,0.084500
793,0,0,221,35,142,0.067000
794,0,0,239,24,148,0.052000
795,0,0,410,48,554,0.050000
796,0,0,68,13,148,0.077000
797,0,0,602,23,832,0.060000
798,0,0,297,9,832,0.053000
799,0,0,515,32,862,0.061500
800,0,0,206,27,320,0.051000
801,0,0,42,5,356,0.164500
802,0,0,173,63,538,0.090500
803,0,0,132,64,604,0.053500
804,0,0,173,80,320,0.052000
805,0,0,277,31,717,0.057000
806,0,0,410,58,142,0.052500
807,0,0,405,62,772,0.053500
808,0,0,865,148,496,0.052000
809,0,0,903,139,644,0.051500
810,0,0,877,15,155,0.094000
811,0,0,800,13,745,0.097000
812,0,0,872,67,239,0.050000
813,0,0,500,19,822,0.069500
814,0,0,235,32,139,0.051500
815,0,0,565,187,450,0.051500
816,0,0,891,1,754,0.007500
817,0,0,295,7,191,0.060000
818,0,0,567,1,191,0.012000
819,0,0,723,57,639,0.057500
820,0,0,109,45,717,0.088500
821,0,0,177,103,664,0.050500
822,0,1,2,13,627,0.091500
823,0,0,795,252,495,0.050000
824,0,0,15,2,717,0.194000
825,0,0,292,83,832,0.050000
826,0,0,138,47,664,0.056500
827,0,0,193,2,832,0.059000
828,0,0,74,2,320,0.120000
829,0,0,457,75,399,0.050000
830,0,0,828,17,134,0.063000
831,0,1,10,28,492,0.052000
832,0,1,5,6,717,0.051500
833,0,0,741,34,316,0.050000
834,0,0,289,100,285,0.051000
835,0,0,855,132,146,0.050000
836,0,0,762,205,574,0.053000
837,0,0,735,112,664,0.050500
838,0,0,442,76,948,0.053000
839,0,0,736,15,664,0.078000
840,0,0,320,122,772,0.050500
841,0,0,153,34,142,0.058000
842,0,0,51,18,603,0.052000
843,0,0,277,15,191,0.064500
844,0,0,297,4,191,0.056500
845,0,0,686,9,745,0.060000
846,0,0,836,85,554,0.051000
847,0,0,822,7,799,0.057000
848,0,0,402,49,832,0.052000
849,0,0,68,55,664,0.054000
850,0,0,97,5,717,0.173500
851,0,0,642,20,832,0.060000
852,0,0,114,29,717,0.056000
853,0,0,283,45,36,0.050500
854,0,0,314,168,826,0.051000
855,0,0,84,3,78,0.058500
856,0,0,560,13,717,0.055000
857,0,0,269,22,316,0.062500
858,0,0,612,31,664,0.050500
859,0,0,82,10,717,0.064500
860,0,0,749,11,627,0.091000
861,0,0,289,9,717,0.094000
862,0,0,75,20,717,0.051000
863,0,0,246,9,832,0.084500
864,0,0,638,68,793,0.053500
865,0,0,887,37,569,0.053500
866,0,0,417,27,717,0.055500
867,0,0,122,69,717,0.059000
868,0,0,635,2,402,0.126500
869,0,0,603,1,908,0.049500
870,0,0,34,7,412,0.147500
871,0,0,91,3,437,0.492500
872,0,0,510,1,832,0.013500
873,0,0,807,122,149,0.052500
874,0,0,112,9,717,0.098000
875,0,0,120,8,832,0.141000
876,0,0,210,51,519,0.053500
877,0,0,454,66,772,0.057500
878,0,0,95,8,905,0.123500
879,0,0,166,70,948,0.054000
880,0,0,216,97,772,0.051000
881,0,0,479,94,277,0.051000
882,0,0,388,32,664,0.052500
883,0,0,849,20,1,0.052000
884,0,0,107,6,148,0.058500
885,0,0,5,4,9,0.158500
886,0,0,313,33,410,0.050000
887,0,0,896,11,745,0.056500
888,0,0,867,71,616,0.054500
889,0,0,155,9,832,0.058500
890,0,0,938,410,174,0.050000
891,0,0,356,19,832,0.055000
892,0,0,648,232,882,0.054500
893,0,0,414,130,763,0.053500
894,0,0,831,66,149,0.058000
895,0,0,319,25,410,0.074500
896,0,0,410,6,832,0.186500
897,0,1,7,15,717,0.065500
898,0,0,355,60,397,0.050000
899,0,0,161,5,832,0.276500
900,0,0,911,7,554,0.161500
901,0,0,205,2,78,0.125000
902,0,0,77,9,356,0.103000
903,0,0,666,9,898,0.113000
904,0,0,214,23,356,0.055500
905,0,0,11,11,356,0.072000
906,0,0,73,8,717,0.084500
907,0,1,1,1,907,0.000000
908,0,1,2,2,522,0.067500
909,0,0,676,215,664,0.050000
910,0,1,106,99,880,0.050000
911,0,0,88,78,777,0.059500
912,0,0,450,50,413,0.059000
913,0,0,45,20,148,0.055500
914,0,0,42,14,437,0.096000
915,0,0,343,100,664,0.057000
916,0,0,321,25,832,0.057500
917,0,0,7,4,832,0.151000
918,0,0,950,10,687,0.246500
919,0,0,731,22,724,0.056500
920,0,0,255,11,320,0.071000
921,0,0,431,37,139,0.070000
922,0,0,673,81,351,0.060000
923,0,0,378,43,772,0.072000
924,0,1,1,1,924,0.000000
925,0,0,329,134,538,0.050000
926,0,0,43,1,816,0.013000
927,0,0,854,33,673,0.058500
928,0,0,930,1,656,0.039500
929,0,0,796,93,443,0.057000
930,0,0,308,31,664,0.051000
931,0,0,8,4,191,0.193500
932,0,0,536,17,908,0.054000
933,0,0,403,121,66,0.051000
934,0,0,222,1,320,0.042500
935,0,1,13,22,717,0.059000
936,0,0,517,25,664,0.064500
937,0,0,287,2,717,0.246500
938,0,0,730,31,149,0.051000
939,0,0,673,64,554,0.054500
940,0,0,536,101,183,0.051000
941,0,0,314,51,316,0.051500
942,0,0,932,25,569,0.056000
943,0,0,382,5,832,0.052000
944,0,0,428,71,32,0.073500
945,0,0,856,246,466,0.050000
946,0,0,579,3,249,0.586500
947,0,0,470,34,717,0.050000
948,0,0,26,6,717,0.063500
949,0,0,886,22,813,0.067000
950,0,0,287,6,410,0.128000
951,0,0,284,148,47,0.051000
952,0,1,70,46,986,0.050500
953,0,0,684,197,75,0.050000
954,0,0,700,9,249,0.095000
955,0,0,539,89,772,0.058500
956,0,0,452,28,862,0.053500
957,0,0,436,32,832,0.073500
958,0,0,923,64,430,0.056500
959,0,0,407,57,717,0.066000
960,0,1,34,25,569,0.053500
961,0,0,272,4,554,0.052500
962,0,0,425,24,882,0.051000
963,0,0,237,2,832,0.112500
964,0,0,214,25,702,0.052500
965,0,0,750,12,961,0.062000
966,0,0,702,3,249,0.789000
967,0,0,948,273,940,0.053500
968,0,0,415,103,777,0.059500
969,0,0,71,40,47,0.062000
970,0,1,1,35,970,0.052500
971,0,0,199,13,356,0.064500
972,0,0,305,26,397,0.061500
973,0,0,412,14,554,0.080000
974,0,0,67,3,832,0.061000
975,0,0,618,2,664,0.148500
976,0,0,515,97,495,0.058500
977,0,0,951,103,799,0.050000
978,0,0,455,125,316,0.051500
979,0,0,388,17,148,0.063500
980,0,0,896,8,490,0.067500
981,0,0,867,229,772,0.052000
982,0,0,371,9,410,0.056000
983,0,0,544,89,627,0.061000
984,0,0,879,95,664,0.060500
985,0,0,725,138,715,0.050000
986,0,0,429,125,832,0.052000
987,0,0,579,39,139,0.052500
988,0,0,616,50,554,0.054000
989,0,0,817,145,799,0.054500
990,0,0,662,11,920,0.159500
991,0,0,475,8,356,0.052500
992,0,0,165,1,522,0.046500
993,0,0,402,22,538,0.056000
994,0,0,61,27,717,0.052500
995,0,0,417,51,832,0.058000
996,0,0,449,3,191,0.053500
997,0,0,850,29,627,0.056000
998,0,0,247,14,410,0.073500
999,0,0,431,64,664,0.054000
1000,0,0,44,22,316,0.050500
1,1,0,416,10,717,0.125000
2,1,0,391,8,717,0.065500
3,1,0,326,145,604,0.053500
4,1,0,51,8,717,0.063500
5,1,0,195,5,191,0.131000
6,1,0,279,3,832,0.056000
7,1,0,484,11,717,0.062000
8,1,0,321,93,413,0.075500
9,1,0,4,2,412,0.822500
10,1,0,420,59,66,0.068000
11,1,0,106,23,717,0.068500
12,1,0,890,83,935,0.058500
13,1,0,822,18,627,0.069500
14,1,0,433,44,814,0.054000
15,1,0,697,111,413,0.050000
16,1,0,119,94,715,0.051000
17,1,0,347,127,715,0.057000
18,1,0,536,88,664,0.050500
19,1,0,383,46,519,0.089500
20,1,0,831,81,443,0.053000
21,1,0,782,96,660,0.052000
22,1,0,316,13,191,0.085000
23,1,0,395,2,191,0.095500
24,1,0,242,37,948,0.089500
25,1,0,669,29,417,0.057500
26,1,0,713,103,882,0.050500
27,1,0,299,18,717,0.050500
28,1,0,489,4,554,0.132500
29,1,0,720,9,148,0.053500
30,1,0,144,56,142,0.075500
31,1,0,30,2,717,0.250500
32,1,0,23,12,717,0.071500
33,1,0,544,17,594,0.058500
34,1,0,792,6,78,0.106500
35,1,0,376,15,832,0.053500
36,1,0,13,7,905,0.081000
37,1,0,195,32,832,0.051000
38,1,0,872,84,429,0.051500
39,1,0,333,109,763,0.055000
40,1,0,198,21,142,0.051000
41,1,0,595,82,413,0.054500
42,1,0,443,31,731,0.050500
43,1,0,671,1,522,0.000500
44,1,0,16,7,717,0.116500
45,1,0,566,34,239,0.058500
46,1,0,927,8,940,0.056000
47,1,1,10,11,148,0.064000
48,1,0,24,1,393,0.000500
49,1,0,37,1,816,0.000000
50,1,0,176,23,148,0.073500
51,1,0,23,1,754,0.006500
52,1,0,936,67,490,0.051500
53,1,0,455,19,862,0.050000
54,1,0,18,4,717,0.083500
55,1,0,801,16,814,0.091500
56,1,0,912,5,754,0.135000
57,1,0,37,12,832,0.058500
58,1,0,20,4,262,0.088000
59,1,0,704,26,554,0.050500
60,1,0,569,117,413,0.051500
61,1,0,187,7,717,0.066500
62,1,0,373,3,717,0.068500
63,1,0,865,25,940,0.051500
64,1,0,822,9,554,0.051500
65,1,0,50,4,908,0.072000
66,1,0,143,8,356,0.113500
67,1,0,301,47,664,0.051500
68,1,1,71,67,554,0.052000
69,1,0,295,21,717,0.053500
70,1,0,113,8,356,0.108000
71,1,0,148,8,249,0.060000
72,1,0,200,10,410,0.056500
73,1,0,509,48,832,0.051500
74,1,0,656,23,149,0.064500
75,1,0,372,18,594,0.053500
76,1,0,306,23,356,0.140000
77,1,0,643,206,644,0.051000
78,1,0,198,2,717,0.217000
79,1,0,37,32,905,0.050000
80,1,0,950,61,496,0.053000
81,1,0,343,78,717,0.069500
82,1,0,150,96,686,0.055000
83,1,0,534,16,148,0.079000
84,1,0,732,37,495,0.059500
85,1,0,32,5,402,0.128000
86,1,0,25,5,446,0.222500
87,1,0,131,26,106,0.054500
88,1,1,7,7,810,0.565500
89,1,0,968,46,823,0.055500
90,1,0,635,22,148,0.050000
91,1,0,200,8,191,0.074500
92,1,0,682,105,413,0.053500
93,1,0,847,31,134,0.051500
94,1,0,148,4,832,0.133000
95,1,0,973,11,608,0.075500
96,1,0,956,63,307,0.053000
97,1,0,170,5,356,0.104000
98,1,0,651,13,430,0.050000
99,1,0,332,62,410,0.051000
100,1,0,74,8,905,0.263000
101,1,0,123,45,78,0.053500
102,1,0,43,7,356,0.101000
103,1,0,43,12,538,0.088500
104,1,0,712,106,554,0.051000
105,1,0,229,1,717,0.017500
106,1,0,45,6,717,0.233500
107,1,0,86,11,717,0.057500
108,1,1,108,95,763,0.050500
109,1,0,323,41,397,0.055500
110,1,0,585,102,664,0.052500
111,1,0,702,29,702,0.051500
112,1,0,138,33,356,0.067000
113,1,0,519,8,717,0.062000
114,1,0,959,11,656,0.060000
115,1,0,896,261,490,0.052500
116,1,0,500,49,191,0.050000
117,1,0,91,8,832,0.079500
118,1,0,116,79,397,0.077500
119,1,0,960,5,810,0.078500
120,1,0,185,5,717,0.201000
121,1,0,99,64,142,0.056000
122,1,0,732,66,239,0.052000
123,1,0,722,85,316,0.051000
124,1,0,453,83,103,0.052000
125,1,0,211,115,410,0.055000
126,1,0,304,77,832,0.062500
127,1,0,316,72,142,0.060000
128,1,0,463,29,320,0.051000
129,1,0,785,3,490,0.131000
130,1,0,905,3,810,0.061000
131,1,0,431,16,832,0.089500
132,1,0,709,102,814,0.052500
133,1,0,20,6,78,0.101000
134,1,0,84,1,191,0.004000
135,1,0,245,3,191,0.072000
136,1,1,25,40,148,0.061000
137,1,0,641,66,66,0.051500
138,1,0,889,155,11,0.055500
139,1,0,8,1,191,0.004000
140,1,0,13,1,9,0.008000
141,1,0,439,52,772,0.050000
142,1,0,22,9,356,0.064000
143,1,0,682,11,554,0.185000
144,1,0,437,71,862,0.052500
145,1,0,85,27,832,0.056500
146,1,0,621,185,281,0.058000
147,1,0,130,7,437,0.090000
148,1,0,5,4,717,0.061500
149,1,0,36,12,594,0.062500
150,1,0,252,26,702,0.057500
151,1,0,489,76,717,0.062500
152,1,0,170,93,166,0.050500
153,1,0,390,16,546,0.142000
154,1,0,957,22,327,0.059500
155,1,0,382,3,249,0.384500
156,1,0,58,8,410,0.066000
157,1,0,52,6,148,0.050000
158,1,0,935,197,717,0.050500
159,1,0,808,127,554,0.050500
160,1,0,840,127,672,0.053500
161,1,0,200,1,717,0.013500
162,1,0,249,8,717,0.053000
163,1,0,724,49,627,0.056000
164,1,0,837,39,554,0.059500
165,1,0,75,6,191,0.055000
166,1,0,26,9,832,0.057000
167,1,0,140,12,810,0.096500
168,1,0,815,5,488,0.055000
169,1,0,165,74,320,0.051500
170,1,0,435,11,832,0.052500
171,1,0,213,35,397,0.074000
172,1,0,32,4,717,0.909500
173,1,0,144,1,717,0.025000
174,1,0,499,31,664,0.051500
175,1,0,674,1,627,0.010500
176,1,0,238,123,47,0.059500
177,1,0,543,43,660,0.050000
178,1,0,726,26,920,0.052500
179,1,0,324,21,594,0.055000
180,1,0,319,65,604,0.064000
181,1,0,478,30,519,0.070000
182,1,0,232,6,148,0.168500
183,1,1,13,34,832,0.082000
184,1,0,939,3,656,0.061500
185,1,0,205,1,191,0.002000
186,1,0,143,4,410,0.374000
187,1,0,277,40,832,0.066000
188,1,0,704,12,627,0.067000
189,1,0,317,132,875,0.051000
190,1,0,673,160,106,0.051500
191,1,1,1,7,191,0.053000
192,1,0,533,28,664,0.070500
193,1,0,330,21,320,0.059500
194,1,0,237,22,410,0.067000
195,1,0,474,124,397,0.050500
196,1,0,416,8,191,0.064000
197,1,0,602,94,664,0.060000
198,1,0,645,79,102,0.054500
199,1,0,393,63,47,0.061500
200,1,0,363,64,664,0.052000
201,1,0,209,62,970,0.051500
202,1,0,949,14,579,0.120000
203,1,0,479,13,191,0.053500
204,1,0,417,129,226,0.050500
205,1,0,15,3,717,0.064000
206,1,0,912,16,656,0.066500
207,1,0,122,33,717,0.094000
208,1,1,299,148,838,0.056000
209,1,0,669,8,249,0.071000
210,1,0,331,38,731,0.051500
211,1,0,47,8,191,0.055000
212,1,0,834,5,695,0.067000
213,1,1,38,119,777,0.053000
214,1,0,990,2,942,0.077500
215,1,0,549,183,258,0.050500
216,1,0,524,50,862,0.066000
217,1,0,716,163,664,0.050500
218,1,0,488,7,717,0.197500
219,1,0,37,4,924,0.077500
220,1,0,220,37,717,0.070500
221,1,0,362,5,594,0.111000
222,1,0,590,94,102,0.059000
223,1,0,742,16,134,0.109000
224,1,0,489,158,814,0.050000
225,1,0,332,15,191,0.052000
226,1,0,120,10,832,0.123000
227,1,0,281,90,66,0.078500
228,1,0,241,9,356,0.053000
229,1,0,910,10,592,0.054000
230,1,0,998,1,389,0.000500
231,1,0,34,8,356,0.244500
232,1,0,254,20,832,0.065000
233,1,0,253,9,249,0.058000
234,1,0,488,186,715,0.053500
235,1,0,693,29,191,0.058000
236,1,0,253,1,717,0.004500
237,1,0,461,5,717,0.072000
238,1,0,671,184,147,0.051000
239,1,0,396,12,717,0.055500
240,1,0,43,8,437,0.057000
241,1,0,8,6,717,0.074500
242,1,0,674,222,397,0.053000
243,1,0,273,7,717,0.123500
244,1,0,763,5,908,0.183500
245,1,0,825,36,758,0.059000
246,1,0,548,215,826,0.058000
247,1,0,542,113,397,0.054500
248,1,0,397,45,772,0.058000
249,1,0,16,10,320,0.105000
250,1,0,348,88,862,0.058500
251,1,0,750,193,803,0.052000
252,1,0,247,16,437,0.051500
253,1,0,964,1,412,0.026500
254,1,0,209,4,717,0.085500
255,1,0,131,9,717,0.059500
256,1,1,76,90,715,0.051500
257,1,0,983,1,327,0.040500
258,1,0,540,4,717,0.050500
259,1,0,513,13,799,0.070500
260,1,0,496,17,437,0.053500
261,1,0,625,30,832,0.060000
262,1,0,34,1,412,0.038500
263,1,0,605,4,379,0.154000
264,1,0,513,6,139,0.109500
265,1,0,273,2,191,0.808000
266,1,0,886,299,596,0.050000
267,1,0,263,150,832,0.051500
268,1,0,318,60,156,0.051500
269,1,0,43,1,717,0.017500
270,1,0,647,3,822,0.077000
271,1,0,28,5,908,0.151500
272,1,0,546,13,191,0.056000
273,1,0,271,13,249,0.082500
274,1,0,213,7,148,0.060500
275,1,0,707,15,799,0.082500
276,1,0,850,6,935,0.057000
277,1,0,96,39,604,0.053500
278,1,0,761,11,799,0.102000
279,1,0,786,70,356,0.050500
280,1,0,420,11,519,0.056000
281,1,0,49,9,356,0.052500
282,1,0,359,1,717,0.005000
283,1,0,661,69,11,0.050500
284,1,0,450,12,832,0.071500
285,1,0,14,10,832,0.055000
286,1,0,653,174,857,0.056000
287,1,0,856,6,18,0.055500
288,1,0,302,27,148,0.062000
289,1,0,426,4,832,0.112500
290,1,0,788,92,672,0.050500
291,1,0,783,112,906,0.050000
292,1,0,267,19,664,0.062500
293,1,0,374,12,717,0.115000
294,1,0,380,3,832,0.228000
295,1,0,670,118,715,0.051000
296,1,0,508,24,594,0.069500
297,1,0,206,1,816,0.000000
298,1,0,30,11,717,0.051000
299,1,0,158,19,191,0.063000
300,1,0,921,1,907,0.008500
301,1,0,392,44,495,0.051000
302,1,0,146,2,717,0.457500
303,1,0,606,29,592,0.052000
304,1,0,827,101,35,0.050500
305,1,0,751,84,369,0.055500
306,1,0,193,167,715,0.053500
307,1,0,620,98,397,0.053500
308,1,0,979,32,786,0.058500
309,1,0,569,119,832,0.050500
310,1,0,427,8,664,0.056500
311,1,1,2,2,961,0.051500
312,1,0,188,55,54,0.069000
313,1,0,451,39,66,0.075500
314,1,0,361,122,708,0.052000
315,1,0,684,12,139,0.052000
316,1,1,141,106,715,0.054000
317,1,1,18,41,717,0.059000
318,1,0,471,49,519,0.051000
319,1,0,416,1,717,0.019000
320,1,1,7,8,832,0.054000
321,1,0,184,70,660,0.050500
322,1,0,765,1,78,0.013000
323,1,0,994,2,329,0.387500
324,1,0,667,3,554,0.824500
325,1,0,930,35,522,0.057500
326,1,0,843,65,972,0.061000
327,1,0,891,14,831,0.098000
328,1,0,677,67,556,0.051000
329,1,1,3,3,9,0.280500
330,1,0,492,12,599,0.074000
331,1,0,530,51,882,0.063500
332,1,0,912,46,986,0.063000
333,1,0,924,150,70,0.055000
334,1,0,258,38,931,0.055500
335,1,0,131,23,832,0.066000
336,1,0,538,69,772,0.054000
337,1,0,182,3,832,0.099000
338,1,0,117,5,717,0.063500
339,1,0,464,144,226,0.057000
340,1,0,600,114,866,0.053000
341,1,0,651,20,191,0.064000
342,1,0,679,38,935,0.066500
343,1,0,126,27,519,0.098500
344,1,0,649,90,627,0.053000
345,1,0,457,20,78,0.055500
346,1,0,201,22,832,0.055500
347,1,1,17,83,241,0.051500
348,1,1,21,35,717,0.050500
349,1,0,184,62,862,0.051000
350,1,0,140,53,538,0.052000
351,1,0,29,3,717,0.138000
352,1,0,469,30,554,0.053500
353,1,0,80,11,832,0.055000
354,1,0,853,103,795,0.055000
355,1,0,371,35,832,0.054500
356,1,1,4,37,717,0.064500
357,1,0,446,56,615,0.050000
358,1,0,588,56,772,0.061500
359,1,0,717,10,599,0.051500
360,1,0,584,104,898,0.053500
361,1,0,167,9,832,0.096000
362,1,0,951,10,608,0.052500
363,1,0,397,29,437,0.087500
364,1,0,163,55,519,0.084500
365,1,0,889,1,490,0.023500
366,1,0,937,18,908,0.050500
367,1,0,82,6,717,0.050000
368,1,0,129,13,191,0.093000
369,1,0,88,19,148,0.050000
370,1,0,122,7,603,0.050500
371,1,0,444,115,832,0.052500
372,1,0,628,9,191,0.054500
373,1,0,448,40,664,0.052500
374,1,0,52,28,717,0.059500
375,1,0,975,5,655,0.257500
376,1,0,678,2,249,0.263500
377,1,0,199,5,832,0.094000
378,1,0,312,56,538,0.050000
379,1,1,7,7,271,0.232000
380,1,0,808,83,33,0.052500
381,1,0,959,2,379,0.555500
382,1,0,251,36,519,0.052500
383,1,0,626,15,832,0.059000
384,1,0,679,79,410,0.055000
385,1,0,641,7,554,0.113500
386,1,0,425,90,320,0.053500
387,1,0,853,13,155,0.055000
388,1,0,980,1,327,0.025000
389,1,0,965,5,816,0.158000
390,1,0,173,13,437,0.107000
391,1,0,887,3,379,0.060000
392,1,0,225,38,615,0.052000
393,1,1,2,2,754,0.270500
394,1,0,650,10,191,0.066000
395,1,0,452,11,717,0.104500
396,1,0,90,2,356,0.225000
397,1,0,69,6,356,0.084000
398,1,0,667,18,905,0.087000
399,1,1,18,60,931,0.053500
400,1,0,276,1,832,0.037500
401,1,0,467,114,397,0.060500
402,1,0,48,7,522,0.083500
403,1,0,345,59,948,0.070000
404,1,0,716,134,519,0.050500
405,1,0,739,12,149,0.060500
406,1,0,681,172,542,0.053500
407,1,0,567,2,191,0.409000
408,1,0,309,28,948,0.050000
409,1,0,580,5,249,0.050500
410,1,0,4,2,717,0.344500
411,1,0,1000,4,549,0.050500
412,1,0,9,4,579,0.542000
413,1,0,117,4,832,0.058000
414,1,0,893,186,369,0.056500
415,1,0,697,70,995,0.053500
416,1,0,453,10,554,0.064000
417,1,0,481,11,410,0.067000
418,1,0,778,26,191,0.076500
419,1,0,708,40,961,0.060000
420,1,0,635,220,518,0.050500
421,1,0,534,29,410,0.065000
422,1,0,21,8,905,0.229000
423,1,0,33,7,717,0.054000
424,1,0,84,10,356,0.209500
425,1,0,829,8,402,0.153000
426,1,0,17,6,717,0.103500
427,1,0,773,129,312,0.050500
428,1,0,72,18,717,0.054500
429,1,0,54,13,832,0.076000
430,1,0,175,3,320,0.298000
431,1,0,292,17,142,0.062500
432,1,0,387,104,715,0.050000
433,1,0,389,3,554,0.059500
434,1,0,675,52,410,0.050000
435,1,0,56,4,356,0.143500
436,1,0,217,6,717,0.084000
437,1,1,8,9,832,0.138500
438,1,0,266,6,717,0.072500
439,1,0,105,4,78,0.089000
440,1,0,158,5,410,0.173000
441,1,0,394,3,717,0.148000
442,1,0,211,7,437,0.123000
443,1,0,27,11,642,0.051000
444,1,0,99,17,191,0.082500
445,1,0,361,1,832,0.018000
446,1,0,20,4,9,0.206000
447,1,0,541,115,281,0.050500
448,1,0,589,20,702,0.057000
449,1,0,553,16,307,0.053000
450,1,0,145,10,410,0.051000
451,1,0,392,120,715,0.051000
452,1,0,524,94,117,0.050500
453,1,0,345,17,717,0.050500
454,1,0,535,21,920,0.055000
455,1,0,832,234,735,0.052000
456,1,0,779,40,430,0.050500
457,1,0,33,9,437,0.102500
458,1,0,183,52,142,0.051500
459,1,0,152,23,410,0.068000
460,1,0,113,5,717,0.065000
461,1,0,288,8,746,0.059000
462,1,0,488,83,664,0.054500
463,1,0,462,149,356,0.058000
464,1,0,245,16,148,0.069000
465,1,0,272,40,862,0.059000
466,1,0,90,15,832,0.058500
467,1,0,335,18,702,0.062500
468,1,0,674,8,554,0.154000
469,1,0,132,7,717,0.050500
470,1,0,445,11,717,0.092500
471,1,0,580,50,948,0.051000
472,1,0,636,94,281,0.058500
473,1,0,496,9,410,0.057000
474,1,0,396,127,832,0.052500
475,1,0,725,79,717,0.055000
476,1,0,354,6,717,0.097500
477,1,0,49,22,320,0.085500
478,1,0,41,12,142,0.062500
479,1,0,243,52,356,0.057000
480,1,0,145,22,717,0.051000
481,1,0,87,36,897,0.055500
482,1,0,223,8,717,0.171500
483,1,0,555,3,935,0.317500
484,1,0,225,21,908,0.053000
485,1,0,690,27,642,0.050000
486,1,0,899,6,907,0.152500
487,1,0,841,14,18,0.075500
488,1,1,2,18,961,0.051500
489,1,0,364,10,717,0.103500
490,1,0,592,37,554,0.055000
491,1,0,731,136,35,0.050500
492,1,0,391,129,898,0.053000
493,1,0,614,47,898,0.065500
494,1,0,106,3,832,0.072000
495,1,0,137,48,35,0.053000
496,1,0,734,122,664,0.050500
497,1,0,402,26,320,0.059500
498,1,0,422,181,826,0.055000
499,1,0,502,117,862,0.051000
500,1,0,201,110,397,0.053500
501,1,0,235,7,148,0.050000
502,1,0,284,10,320,0.065500
503,1,0,134,15,717,0.050500
504,1,0,517,24,717,0.053500
505,1,0,386,36,948,0.051000
506,1,0,580,33,556,0.063000
507,1,0,462,61,717,0.050000
508,1,0,789,141,505,0.053500
509,1,0,144,31,717,0.058500
510,1,0,42,23,356,0.055000
511,1,0,971,13,603,0.050500
512,1,0,356,74,717,0.050500
513,1,0,242,4,148,0.155500
514,1,0,133,75,106,0.053000
515,1,0,201,18,828,0.051000
516,1,0,118,9,832,0.054500
517,1,0,500,16,961,0.058500
518,1,0,270,11,832,0.190000
519,1,0,10,7,356,0.133000
520,1,0,209,46,832,0.053000
521,1,0,682,27,974,0.054000
522,1,0,506,71,277,0.050500
523,1,0,149,4,717,0.141500
524,1,0,434,20,437,0.053500
525,1,0,94,16,148,0.089000
526,1,0,14,6,832,0.072000
527,1,0,38,5,832,0.126000
528,1,0,844,65,155,0.051500
529,1,0,301,13,191,0.258500
530,1,0,209,39,316,0.058000
531,1,0,231,88,148,0.067000
532,1,0,859,200,239,0.051500
533,1,0,51,18,410,0.088000
534,1,0,26,6,717,0.419500
535,1,0,918,211,775,0.052500
536,1,0,235,11,356,0.063500
537,1,0,583,9,664,0.087500
538,1,0,28,5,717,0.174000
539,1,0,677,17,139,0.072500
540,1,0,204,59,410,0.083000
541,1,0,412,56,931,0.050500
542,1,0,188,35,142,0.057500
543,1,0,329,170,826,0.075000
544,1,0,179,63,717,0.056500
545,1,0,333,11,642,0.054000
546,1,0,338,115,772,0.056000
547,1,0,439,46,631,0.066500
548,1,0,941,30,588,0.062500
549,1,0,992,3,9,0.346500
550,1,0,879,13,935,0.086500
551,1,0,643,11,599,0.081500
552,1,0,56,2,717,0.070500
553,1,0,118,28,717,0.052000
554,1,1,3,11,832,0.092000
555,1,0,240,56,660,0.050000
556,1,0,176,1,717,0.001000
557,1,0,766,88,320,0.053000
558,1,0,922,64,718,0.056000
559,1,0,646,84,664,0.051500
560,1,0,786,105,258,0.050000
561,1,0,178,32,410,0.050500
562,1,1,1,4,562,0.221500
563,1,0,714,61,664,0.051000
564,1,0,336,24,148,0.051000
565,1,0,198,27,505,0.086500
566,1,0,276,7,717,0.065000
567,1,0,857,59,249,0.052500
568,1,0,435,69,897,0.052500
569,1,0,342,41,604,0.067500
570,1,0,114,36,862,0.064500
571,1,0,314,52,47,0.058500
572,1,0,917,6,18,0.084000
573,1,0,653,14,905,0.054000
574,1,0,95,5,148,0.055000
575,1,0,183,13,717,0.063000
576,1,0,455,16,717,0.063000
577,1,0,149,2,832,0.115000
578,1,0,659,26,68,0.060000
579,1,0,16,1,754,0.000500
580,1,0,739,126,694,0.050000
581,1,0,374,4,191,0.052000
582,1,0,898,3,745,0.217000
583,1,0,796,45,616,0.051500
584,1,0,754,1,522,0.000000
585,1,0,664,91,777,0.052000
586,1,0,283,3,717,0.108500
587,1,0,465,56,855,0.056500
588,1,0,574,16,731,0.058000
589,1,0,663,92,862,0.052500
590,1,0,643,108,855,0.050500
591,1,0,966,51,857,0.061500
592,1,0,69,9,731,0.069000
593,1,0,41,36,142,0.054500
594,1,0,290,9,356,0.066500
595,1,0,482,11,717,0.058500
596,1,0,89,65,931,0.050500
597,1,0,263,31,717,0.057500
598,1,0,29,7,717,0.061000
599,1,0,193,7,642,0.058000
600,1,0,214,40,664,0.054500
601,1,0,309,82,594,0.055000
602,1,0,772,70,862,0.050500
603,1,0,15,8,822,0.068000
604,1,1,5,53,397,0.050500
605,1,0,25,1,907,0.020500
606,1,0,483,3,554,0.175500
607,1,0,830,63,134,0.051500
608,1,0,491,1,908,0.043000
609,1,0,860,42,627,0.053000
610,1,0,822,78,948,0.065000
611,1,0,440,100,66,0.050000
612,1,0,745,30,239,0.069500
613,1,0,619,28,410,0.062000
614,1,0,426,29,320,0.054500
615,1,0,97,8,356,0.070500
616,1,0,325,39,320,0.053000
617,1,0,410,150,207,0.052000
618,1,0,743,22,437,0.057500
619,1,0,431,4,832,0.052000
620,1,0,323,73,397,0.051000
621,1,0,794,84,832,0.050500
622,1,0,53,12,437,0.052500
623,1,0,571,13,78,0.063000
624,1,0,244,17,410,0.141000
625,1,0,280,85,948,0.055000
626,1,0,797,29,961,0.052500
627,1,0,222,47,717,0.053000
628,1,0,87,2,437,0.890500
629,1,0,251,62,832,0.056500
630,1,0,289,12,249,0.076000
631,1,1,1,41,631,0.072500
632,1,0,27,1,754,0.000000
633,1,0,317,52,316,0.050500
634,1,0,102,9,356,0.052500
635,1,0,205,21,106,0.067500
636,1,0,623,45,211,0.050500
637,1,0,981,3,823,0.111500
638,1,0,401,7,664,0.136000
639,1,0,416,20,717,0.051500
640,1,0,591,63,554,0.053500
641,1,0,305,31,320,0.077000
642,1,0,30,4,832,0.094500
643,1,0,265,68,660,0.067500
644,1,0,435,165,664,0.050500
645,1,0,478,15,320,0.063000
646,1,0,262,31,717,0.052000
647,1,0,241,17,437,0.136500
648,1,0,995,1,446,0.028500
649,1,0,447,128,793,0.052500
650,1,0,238,26,148,0.094000
651,1,0,664,222,139,0.051000
652,1,0,62,8,191,0.113500
653,1,0,365,2,410,0.051000
654,1,0,20,4,717,0.070500
655,1,0,9,2,603,0.084500
656,1,0,559,31,799,0.054500
657,1,0,886,31,155,0.071500
658,1,0,743,6,78,0.103500
659,1,0,507,84,66,0.060000
660,1,0,16,10,717,0.094000
661,1,0,63,7,832,0.112000
662,1,0,594,31,225,0.053500
663,1,0,617,30,832,0.051000
664,1,0,71,15,142,0.063500
665,1,0,60,1,717,0.008000
666,1,0,364,19,554,0.066000
667,1,0,425,36,664,0.057500
668,1,0,440,10,664,0.058500
669,1,0,369,15,78,0.062500
670,1,0,984,391,217,0.051000
671,1,0,516,30,191,0.052000
672,1,0,317,42,832,0.060500
673,1,0,90,14,717,0.086500
674,1,0,758,162,205,0.051500
675,1,0,871,17,656,0.153000
676,1,0,563,15,717,0.101000
677,1,0,875,33,437,0.055000
678,1,0,542,47,664,0.054500
679,1,0,989,3,388,0.127500
680,1,0,647,141,542,0.051000
681,1,0,628,4,249,0.107000
682,1,0,414,58,397,0.055500
683,1,0,140,4,832,0.251500
684,1,0,114,16,832,0.088000
685,1,0,155,17,832,0.074500
686,1,0,40,14,148,0.063500
687,1,1,2,13,418,0.064500
688,1,0,351,21,148,0.058000
689,1,0,209,20,717,0.092000
690,1,0,968,10,870,0.081500
691,1,0,77,6,717,0.150500
692,1,0,38,3,437,0.066000
693,1,0,605,97,31,0.059000
694,1,0,86,31,832,0.051500
695,1,0,784,1,522,0.000000
696,1,0,44,13,717,0.102000
697,1,0,204,30,148,0.063500
698,1,0,639,12,554,0.077000
699,1,0,841,25,627,0.077500
700,1,0,836,22,961,0.053000
701,1,0,786,75,316,0.051500
702,1,0,10,6,717,0.164000
703,1,0,399,130,534,0.050500
704,1,0,972,12,490,0.053000
705,1,0,348,153,832,0.050500
706,1,0,328,58,664,0.051000
707,1,0,119,73,148,0.052500
708,1,0,35,10,832,0.092500
709,1,0,770,35,961,0.061500
710,1,0,677,8,249,0.056000
711,1,0,249,12,148,0.094000
712,1,0,75,32,717,0.052000
713,1,0,325,10,717,0.066500
714,1,0,775,32,832,0.056500
715,1,0,79,5,717,0.105000
716,1,0,778,103,556,0.055000
717,1,1,3,18,832,0.052000
718,1,0,688,161,35,0.052000
719,1,0,454,118,604,0.064500
720,1,1,72,94,777,0.059000
721,1,0,765,105,615,0.053000
722,1,0,775,6,935,0.260000
723,1,0,277,1,664,0.001000
724,1,0,163,11,935,0.065500
725,1,0,156,12,717,0.051500
726,1,0,492,14,832,0.098500
727,1,0,109,10,905,0.119500
728,1,0,352,28,832,0.057500
729,1,0,295,14,717,0.056000
730,1,0,510,69,772,0.055500
731,1,0,50,10,320,0.065000
732,1,0,671,17,664,0.063500
733,1,0,594,14,717,0.083000
734,1,0,819,250,108,0.051000
735,1,0,162,39,66,0.062500
736,1,0,184,108,777,0.054000
737,1,0,904,204,758,0.052500
738,1,0,185,42,148,0.052500
739,1,0,913,6,656,0.128500
740,1,0,57,5,717,0.252500
741,1,0,217,3,717,0.172000
742,1,0,163,95,715,0.051500
743,1,0,551,210,179,0.050000
744,1,0,621,4,554,0.083000
745,1,0,400,7,320,0.075500
746,1,0,42,5,249,0.078500
747,1,0,724,1,599,0.006500
748,1,0,334,32,717,0.057000
749,1,0,387,4,320,0.075000
750,1,0,114,18,717,0.056000
751,1,0,26,13,717,0.079500
752,1,0,807,17,754,0.053000
753,1,0,399,1,78,0.010500
754,1,0,544,71,633,0.052500
755,1,0,576,17,239,0.056500
756,1,0,117,7,148,0.056500
757,1,0,171,82,715,0.051500
758,1,0,341,30,948,0.064000
759,1,0,534,204,715,0.051500
760,1,0,708,141,66,0.050500
761,1,0,359,6,935,0.070000
762,1,0,175,63,594,0.050000
763,1,0,227,18,717,0.107500
764,1,0,301,82,410,0.051000
765,1,0,330,44,437,0.076500
766,1,0,316,80,686,0.050500
767,1,0,797,116,616,0.050500
768,1,0,47,5,257,0.118500
769,1,0,159,10,320,0.050000
770,1,0,275,19,437,0.051000
771,1,0,601,3,191,0.222500
772,1,0,76,19,142,0.068000
773,1,0,13,3,191,0.212000
774,1,0,174,13,148,0.160500
775,1,0,517,91,631,0.052000
776,1,0,558,48,717,0.066500
777,1,0,79,7,437,0.172500
778,1,1,14,36,604,0.055500
779,1,0,165,28,437,0.073000
780,1,0,192,97,777,0.050500
781,1,0,585,10,249,0.151000
782,1,0,138,17,191,0.066000
783,1,0,841,8,249,0.092500
784,1,0,167,5,148,0.159500
785,1,0,877,48,32,0.068500
786,1,0,896,1,490,0.000500
787,1,0,972,191,183,0.051500
788,1,0,740,80,443,0.052000
789,1,0,476,48,281,0.060500
790,1,0,674,185,882,0.052500
791,1,0,506,45,149,0.055000
792,1,0,718,25,627,0.051000
793,1,0,289,9,717,0.059500
794,1,0,227,1,717,0.021500
795,1,0,373,18,191,0.052000
796,1,0,93,7,832,0.062000
797,1,0,533,130,66,0.065500
798,1,1,103,158,832,0.050500
799,1,0,261,6,249,0.117000
800,1,0,386,81,66,0.059000
801,1,0,18,8,437,0.122000
802,1,0,167,4,832,0.062500
803,1,0,120,3,717,0.406000
804,1,0,288,16,437,0.075500
805,1,0,284,17,642,0.092500
806,1,0,322,36,139,0.058500
807,1,0,481,35,538,0.050000
808,1,0,175,24,960,0.080500
809,1,0,908,121,855,0.050500
810,1,1,5,10,402,0.054000
811,1,0,842,70,495,0.054000
812,1,0,858,192,642,0.050000
813,1,0,627,10,522,0.065000
814,1,0,294,18,410,0.054000
815,1,0,508,30,664,0.059500
816,1,1,6,6,695,0.248000
817,1,0,313,29,148,0.051000
818,1,0,530,180,803,0.050500
819,1,0,697,5,554,0.154000
820,1,0,113,12,717,0.052500
821,1,0,113,74,664,0.058000
822,1,0,248,2,78,0.398500
823,1,0,726,15,908,0.055500
824,1,0,28,9,832,0.108000
825,1,0,321,74,948,0.057000
826,1,0,154,3,356,0.055500
827,1,0,220,9,717,0.054000
828,1,1,49,39,320,0.061500
829,1,0,605,3,320,0.190000
830,1,0,764,75,443,0.057000
831,1,0,430,145,882,0.055500
832,1,1,4,8,356,0.165500
833,1,0,760,359,574,0.050000
834,1,0,340,31,717,0.079000
835,1,0,858,89,838,0.051000
836,1,0,712,95,772,0.051000
837,1,0,704,240,281,0.050500
838,1,0,339,73,772,0.050000
839,1,0,714,258,207,0.050000
840,1,0,360,25,142,0.059500
841,1,0,224,12,717,0.075000
842,1,0,624,34,249,0.064500
843,1,0,298,24,356,0.054000
844,1,0,261,42,191,0.062000
845,1,0,727,13,556,0.072500
846,1,0,852,84,814,0.050000
847,1,0,817,141,249,0.057000
848,1,0,428,26,832,0.050500
849,1,0,154,16,832,0.062000
850,1,0,167,70,664,0.065500
851,1,0,623,171,413,0.052500
852,1,0,183,15,832,0.062500
853,1,0,318,115,413,0.050500
854,1,0,284,66,862,0.051500
855,1,0,176,1,717,0.020500
856,1,0,567,42,32,0.050500
857,1,1,169,100,898,0.050500
858,1,0,629,114,772,0.054000
859,1,0,83,18,832,0.108000
860,1,0,800,15,799,0.057000
861,1,0,324,8,410,0.064000
862,1,0,52,27,702,0.076000
863,1,0,188,45,717,0.055000
864,1,0,731,21,410,0.053500
865,1,0,908,6,495,0.080500
866,1,0,322,34,832,0.060000
867,1,0,191,3,410,0.330500
868,1,0,886,81,814,0.053500
869,1,0,672,4,522,0.112000
870,1,0,942,4,627,0.077500
871,1,1,26,80,777,0.054500
872,1,0,495,158,147,0.051000
873,1,0,756,35,149,0.053500
874,1,0,91,20,148,0.064500
875,1,0,141,5,717,0.063500
876,1,0,198,133,166,0.051000
877,1,0,521,57,36,0.073500
878,1,0,100,11,832,0.066000
879,1,0,236,41,356,0.051000
880,1,0,342,66,664,0.055500
881,1,0,485,83,604,0.053000
882,1,0,459,15,717,0.096500
883,1,0,838,42,672,0.054500
884,1,0,63,38,397,0.067500
885,1,0,961,62,576,0.058500
886,1,0,342,38,974,0.050500
887,1,0,891,60,882,0.055500
888,1,0,757,27,898,0.053500
889,1,0,242,10,717,0.169000
890,1,0,930,5,490,0.058000
891,1,0,338,121,44,0.052000
892,1,0,702,47,717,0.054500
893,1,0,426,35,664,0.051000
894,1,0,810,74,844,0.057500
895,1,0,54,5,78,0.055500
896,1,0,412,31,717,0.053500
897,1,0,28,10,717,0.063000
898,1,0,350,66,399,0.060500
899,1,0,155,42,410,0.051500
900,1,0,890,56,681,0.051000
901,1,0,291,5,320,0.197000
902,1,0,79,9,717,0.126000
903,1,0,714,82,673,0.051000
904,1,0,116,12,397,0.052500
905,1,1,2,10,356,0.084500
906,1,0,59,8,832,0.175500
907,1,0,23,2,754,0.112500
908,1,0,105,1,522,0.000000
909,1,0,727,7,519,0.069500
910,1,0,542,16,36,0.053500
911,1,0,162,64,931,0.062000
912,1,0,393,50,142,0.064000
913,1,0,98,5,717,0.245500
914,1,0,73,5,832,0.068000
915,1,0,394,17,905,0.052500
916,1,1,224,164,156,0.050000
917,1,0,6,2,717,0.174500
918,1,0,953,21,488,0.090500
919,1,0,762,17,799,0.050500
920,1,0,276,35,32,0.068500
921,1,0,428,160,450,0.052000
922,1,0,696,61,68,0.052500
923,1,0,410,5,717,0.108500
924,1,0,95,6,562,0.379500
925,1,0,331,10,519,0.061500
926,1,1,6,7,412,0.124000
927,1,0,827,134,715,0.051500
928,1,0,923,58,961,0.052500
929,1,0,801,39,183,0.052500
930,1,0,324,1,664,0.009000
931,1,0,17,7,191,0.073500
932,1,0,562,36,822,0.071000
933,1,0,307,9,249,0.073000
934,1,0,305,1,717,0.016500
935,1,0,174,13,437,0.073000
936,1,0,666,62,32,0.052000
937,1,0,266,3,717,0.057000
938,1,0,800,77,239,0.053500
939,1,0,590,58,191,0.050000
940,1,0,25,7,822,0.084500
941,1,0,438,36,32,0.052000
942,1,0,903,3,754,0.347000
943,1,0,280,42,397,0.052500
944,1,0,450,122,664,0.060500
945,1,0,861,7,149,0.056500
946,1,0,576,4,935,0.236000
947,1,0,472,6,717,0.085000
948,1,0,31,4,717,0.099000
949,1,0,905,30,36,0.051000
950,1,0,256,137,397,0.051500
951,1,0,343,32,148,0.051000
952,1,0,462,123,715,0.050000
953,1,0,753,244,258,0.050500
954,1,0,741,147,320,0.052000
955,1,0,524,54,717,0.069500
956,1,0,417,79,554,0.063000
957,1,0,426,28,437,0.050500
958,1,0,853,12,687,0.141500
959,1,0,336,98,397,0.057500
960,1,0,699,138,882,0.050500
961,1,0,577,59,554,0.050000
962,1,0,451,93,466,0.054500
963,1,0,214,15,410,0.054000
964,1,0,271,60,142,0.056000
965,1,0,791,16,724,0.098500
966,1,0,663,92,108,0.057500
967,1,0,954,8,632,0.107500
968,1,0,323,86,538,0.059500
969,1,0,160,6,717,0.076500
970,1,0,14,8,717,0.062500
971,1,0,160,11,717,0.074000
972,1,0,359,55,410,0.056000
973,1,0,335,2,554,0.232000
974,1,1,25,26,717,0.083000
975,1,0,628,158,68,0.051500
976,1,0,661,154,664,0.055000
977,1,0,945,204,239,0.050000
978,1,0,464,308,882,0.050500
979,1,0,372,101,777,0.061000
980,1,0,914,106,492,0.058500
981,1,0,882,22,554,0.062000
982,1,0,375,34,397,0.051000
983,1,0,574,253,832,0.062000
984,1,0,868,46,907,0.051500
985,1,0,743,173,106,0.055500
986,1,0,254,64,66,0.051000
987,1,0,591,2,554,0.264500
988,1,0,614,47,642,0.055500
989,1,0,794,26,673,0.054000
990,1,0,670,14,249,0.081500
991,1,0,438,17,905,0.052000
992,1,0,571,4,78,0.105500
993,1,0,342,42,717,0.053500
994,1,0,73,15,832,0.064000
995,1,0,360,97,285,0.052500
996,1,0,488,24,594,0.050500
997,1,0,841,170,664,0.051000
998,1,0,248,8,717,0.288500
999,1,0,429,63,312,0.051000
1000,1,0,569,15,664,0.053500
1,2,0,389,80,538,0.052500
2,2,0,418,57,717,0.051500
3,2,0,390,20,66,0.050000
4,2,0,69,7,905,0.101500
5,2,0,202,2,191,0.100000
6,2,0,269,15,717,0.066500
7,2,0,468,22,717,0.054000
8,2,0,324,81,777,0.053000
9,2,1,1,4,9,0.364000
10,2,0,487,90,519,0.059500
11,2,0,105,14,717,0.072000
12,2,0,859,17,599,0.050000
13,2,1,8,8,379,0.158500
14,2,0,458,31,139,0.070000
15,2,0,686,44,594,0.051000
16,2,0,121,73,717,0.079500
17,2,0,351,126,66,0.063500
18,2,1,5,24,556,0.052000
19,2,0,412,183,793,0.052500
20,2,0,845,180,490,0.053000
21,2,0,857,79,799,0.050500
22,2,0,309,40,642,0.051500
23,2,0,345,2,191,0.184000
24,2,0,245,51,708,0.054500
25,2,0,794,32,443,0.087500
26,2,0,686,182,599,0.054000
27,2,0,307,10,717,0.077500
28,2,0,545,155,460,0.050000
29,2,0,129,1,490,0.029500
30,2,0,96,4,717,0.064000
31,2,0,31,7,832,0.064500
32,2,0,35,6,832,0.078000
33,2,0,465,108,882,0.053000
34,2,0,776,6,249,0.138000
35,2,0,498,19,832,0.102500
36,2,1,8,10,832,0.162500
37,2,0,179,21,717,0.060000
38,2,0,870,219,832,0.050000
39,2,0,438,32,717,0.064000
40,2,0,202,61,148,0.053000
41,2,0,705,80,832,0.051000
42,2,0,454,19,320,0.051000
43,2,0,830,9,908,0.066000
44,2,0,33,8,717,0.092000
45,2,0,565,70,664,0.057500
46,2,0,917,18,655,0.109500
47,2,0,37,4,717,0.076500
48,2,1,20,13,579,0.086000
49,2,0,976,1,388,0.000500
50,2,0,125,5,410,0.070000
51,2,0,819,29,754,0.074500
52,2,0,933,23,940,0.062500
53,2,0,447,7,717,0.124500
54,2,0,27,5,437,0.123000
55,2,0,574,23,546,0.052000
56,2,0,256,6,379,0.056000
57,2,0,54,2,832,0.312500
58,2,1,3,3,870,0.179500
59,2,0,815,14,430,0.058000
60,2,0,508,40,32,0.052000
61,2,0,193,9,717,0.062000
62,2,0,351,66,660,0.062500
63,2,0,831,49,569,0.067500
64,2,0,823,93,103,0.051000
65,2,0,680,6,908,0.157000
66,2,1,47,65,397,0.059500
67,2,0,355,24,832,0.068500
68,2,0,183,17,832,0.060500
69,2,0,230,6,437,0.052500
70,2,0,143,8,832,0.076500
71,2,0,370,65,320,0.050500
72,2,0,254,2,717,0.133500
73,2,0,515,142,281,0.052000
74,2,0,682,152,594,0.051500
75,2,0,544,89,664,0.053000
76,2,0,240,26,974,0.056500
77,2,0,658,61,717,0.052000
78,2,0,145,14,437,0.074500
79,2,0,50,18,356,0.062500
80,2,0,951,13,695,0.131000
81,2,0,293,18,627,0.052000
82,2,0,260,29,148,0.063000
83,2,0,470,14,191,0.056000
84,2,0,772,133,692,0.053000
85,2,0,46,8,402,0.070500
86,2,0,993,5,562,0.069000
87,2,0,117,14,832,0.053500
88,2,0,862,19,379,0.056000
89,2,0,868,28,266,0.093000
90,2,0,486,44,844,0.057000
91,2,0,171,43,717,0.051000
92,2,0,585,8,554,0.060000
93,2,0,863,56,664,0.052500
94,2,0,141,12,717,0.094000
95,2,0,952,3,393,0.128500
96,2,0,962,10,522,0.206000
97,2,0,186,13,410,0.073500
98,2,0,513,14,430,0.066000
99,2,0,342,41,717,0.056000
100,2,0,33,10,832,0.055000
101,2,1,43,29,78,0.095000
102,2,0,23,5,410,0.082500
103,2,0,178,1,717,0.000000
104,2,0,598,26,799,0.089500
105,2,0,130,1,832,0.002000
106,2,0,25,7,832,0.084500
107,2,0,80,7,717,0.051000
108,2,0,351,102,399,0.050000
109,2,0,329,65,664,0.052000
110,2,0,573,9,191,0.144500
111,2,0,673,101,519,0.055500
112,2,0,150,4,148,0.099500
113,2,0,511,15,320,0.058000
114,2,0,958,19,907,0.060500
115,2,0,904,80,627,0.052000
116,2,0,564,167,937,0.058500
117,2,0,61,9,717,0.150000
118,2,1,67,64,102,0.056000
119,2,0,148,10,926,0.062500
120,2,0,175,10,717,0.106000
121,2,0,89,10,356,0.088000
122,2,0,760,3,828,0.190000
123,2,0,696,32,576,0.059000
124,2,0,424,2,554,0.076000
125,2,0,216,30,664,0.057500
126,2,0,235,5,717,0.243500
127,2,0,259,76,664,0.050500
128,2,0,435,73,660,0.059500
129,2,0,439,16,569,0.053000
130,2,0,954,1,393,0.000000
131,2,0,464,98,397,0.050000
132,2,0,744,57,139,0.050000
133,2,0,237,1,717,0.025000
134,2,0,94,1,191,0.000000
135,2,0,268,53,410,0.069000
136,2,0,39,6,356,0.171500
137,2,0,666,179,78,0.052000
138,2,0,851,29,724,0.052500
139,2,0,54,10,717,0.102500
140,2,0,930,6,942,0.326000
141,2,0,499,36,664,0.056500
142,2,1,7,7,717,0.278000
143,2,0,447,64,239,0.050500
144,2,0,373,11,594,0.077500
145,2,0,94,5,717,0.077500
146,2,0,648,47,356,0.063000
147,2,0,135,11,717,0.066500
148,2,1,4,6,717,0.070500
149,2,0,528,36,191,0.064500
150,2,0,276,9,142,0.069000
151,2,0,450,18,594,0.055500
152,2,0,264,51,948,0.061500
153,2,0,799,14,594,0.058500
154,2,0,962,4,823,0.059500
155,2,0,365,2,78,0.234500
156,2,0,46,8,717,0.059000
157,2,0,62,10,717,0.050000
158,2,0,940,11,907,0.054500
159,2,0,846,261,877,0.050500
160,2,0,857,78,239,0.057500
161,2,0,255,21,717,0.052500
162,2,0,277,4,410,0.096500
163,2,0,296,51,495,0.055000
164,2,0,848,5,828,0.051000
165,2,0,121,27,519,0.063500
166,2,0,22,10,356,0.053500
167,2,0,863,15,908,0.053500
168,2,0,902,97,307,0.058500
169,2,0,157,21,832,0.050000
170,2,0,425,138,36,0.052500
171,2,0,223,14,717,0.057000
172,2,0,124,44,397,0.050500
173,2,0,115,73,437,0.056000
174,2,0,313,126,239,0.060500
175,2,0,522,17,920,0.055000
176,2,0,293,49,772,0.053000
177,2,0,478,294,793,0.050000
178,2,0,778,227,312,0.050000
179,2,0,303,4,437,0.282000
180,2,0,438,43,554,0.061000
181,2,0,437,172,570,0.055000
182,2,0,242,18,717,0.059000
183,2,0,99,5,717,0.174500
184,2,0,927,5,656,0.065000
185,2,0,298,53,772,0.055000
186,2,0,140,6,191,0.106500
187,2,0,260,14,717,0.073000
188,2,0,686,2,18,0.277500
189,2,0,469,117,935,0.050000
190,2,0,664,96,814,0.061500
191,2,1,1,1,191,0.000000
192,2,1,6,9,627,0.070500
193,2,0,350,23,717,0.051000
194,2,0,258,12,148,0.060000
195,2,0,595,62,36,0.050500
196,2,0,455,30,410,0.050000
197,2,0,548,185,948,0.050000
198,2,0,601,38,191,0.058500
199,2,0,350,16,191,0.053000
200,2,0,222,9,437,0.052500
201,2,1,130,105,399,0.053000
202,2,0,947,22,603,0.057000
203,2,0,480,83,598,0.061500
204,2,0,397,105,66,0.053000
205,2,1,13,13,410,0.082000
206,2,0,917,328,866,0.051000
207,2,0,156,14,356,0.097500
208,2,0,613,25,664,0.050500
209,2,0,712,217,803,0.062500
210,2,0,521,185,763,0.055000
211,2,0,55,1,717,0.032000
212,2,0,118,2,412,0.131000
213,2,0,76,15,717,0.093500
214,2,0,987,6,389,0.062000
215,2,0,592,11,554,0.112000
216,2,0,559,1,664,0.003000
217,2,0,757,24,664,0.055000
218,2,0,452,212,859,0.055500
219,2,1,1,1,219,0.001500
220,2,0,181,6,832,0.132500
221,2,0,465,78,538,0.053500
222,2,0,589,159,397,0.053000
223,2,0,769,103,772,0.059500
224,2,0,577,107,772,0.051000
225,2,0,365,12,410,0.054000
226,2,0,102,13,717,0.060500
227,2,0,316,15,717,0.064500
228,2,0,254,17,519,0.079500
229,2,0,905,30,656,0.050500
230,2,0,993,2,446,0.190500
231,2,0,38,7,832,0.093500
232,2,0,239,16,191,0.052500
233,2,0,523,8,320,0.134500
234,2,0,472,40,664,0.055000
235,2,0,672,33,106,0.057000
236,2,0,163,5,191,0.253500
237,2,0,440,11,717,0.056500
238,2,0,523,36,799,0.051500
239,2,0,200,33,660,0.061500
240,2,0,35,29,356,0.067000
241,2,0,10,4,717,0.063000
242,2,0,667,30,664,0.075500
243,2,0,331,19,410,0.086500
244,2,0,688,9,822,0.188500
245,2,0,881,130,410,0.062000
246,2,0,559,101,437,0.057000
247,2,0,577,96,717,0.064500
248,2,0,548,61,47,0.058500
249,2,0,222,1,717,0.001500
250,2,0,415,60,320,0.051000
251,2,0,755,25,554,0.050000
252,2,0,300,40,320,0.070000
253,2,0,968,6,461,0.122500
254,2,0,196,29,538,0.060500
255,2,0,78,3,437,0.341000
256,2,0,172,1,191,0.018000
257,2,0,17,5,9,0.065000
258,2,0,355,1,664,0.023000
259,2,0,597,53,554,0.063000
260,2,0,500,22,642,0.051000
261,2,0,376,4,935,0.085000
262,2,0,953,6,754,0.061500
263,2,0,180,5,379,0.051500
264,2,0,509,16,191,0.054000
265,2,0,235,136,931,0.053500
266,2,0,809,140,1000,0.052500
267,2,0,314,1,717,0.013500
268,2,0,379,2,832,0.179000
269,2,1,33,76,931,0.070000
270,2,0,742,109,574,0.051500
271,2,0,575,4,78,0.061000
272,2,0,570,118,832,0.052500
273,2,0,621,76,68,0.053500
274,2,0,209,51,410,0.068000
275,2,0,719,56,673,0.069000
276,2,0,803,28,814,0.065500
277,2,0,371,20,717,0.071000
278,2,0,763,144,935,0.057000
279,2,0,645,29,569,0.060500
280,2,0,497,103,538,0.050000
281,2,0,50,32,148,0.144000
282,2,0,409,126,397,0.050500
283,2,0,671,29,832,0.067500
284,2,0,452,6,717,0.099000
285,2,0,19,4,832,0.140500
286,2,0,729,23,799,0.055000
287,2,0,782,9,18,0.051000
288,2,0,331,7,717,0.083500
289,2,0,244,116,277,0.061000
290,2,0,730,52,490,0.072000
291,2,0,772,39,554,0.050500
292,2,0,440,72,948,0.055500
293,2,0,336,38,106,0.061000
294,2,0,418,21,832,0.050000
295,2,0,707,73,717,0.050500
296,2,0,477,63,316,0.073500
297,2,0,7,3,9,0.095000
298,2,0,47,11,356,0.078000
299,2,0,128,10,832,0.061000
300,2,0,924,2,656,0.054500
301,2,0,512,48,149,0.052500
302,2,0,121,81,285,0.052500
303,2,0,638,14,642,0.053000
304,2,0,646,91,189,0.060500
305,2,0,555,87,543,0.052500
306,2,0,270,14,717,0.134000
307,2,0,588,9,832,0.170500
308,2,0,981,55,307,0.053000
309,2,0,557,5,191,0.065000
310,2,1,217,213,156,0.051000
311,2,0,332,21,935,0.054000
312,2,0,127,33,948,0.053000
313,2,0,459,34,66,0.050000
314,2,0,442,16,148,0.063000
315,2,0,644,63,466,0.053000
316,2,0,348,47,410,0.058500
317,2,0,85,3,832,0.242000
318,2,0,467,69,660,0.050500
319,2,1,310,213,763,0.055500
320,2,0,31,5,437,0.089500
321,2,0,186,11,832,0.098000
322,2,0,767,186,78,0.050000
323,2,0,994,3,942,0.486500
324,2,0,699,11,717,0.054000
325,2,0,937,119,273,0.050000
326,2,0,877,105,316,0.052500
327,2,0,104,5,695,0.204000
328,2,0,629,13,249,0.086000
329,2,0,14,5,942,0.528500
330,2,0,682,34,556,0.050000
331,2,0,608,15,437,0.057500
332,2,0,885,19,554,0.060500
333,2,0,932,90,799,0.050500
334,2,0,269,9,148,0.089000
335,2,0,109,6,148,0.096000
336,2,0,506,18,712,0.063000
337,2,0,157,73,717,0.051500
338,2,0,125,103,717,0.052500
339,2,0,414,91,102,0.050000
340,2,0,145,29,1000,0.050500
341,2,0,684,106,948,0.055000
342,2,0,730,18,410,0.061500
343,2,0,124,1,191,0.032000
344,2,0,663,47,66,0.052000
345,2,0,538,146,239,0.050000
346,2,0,233,11,717,0.058500
347,2,0,7,3,717,0.087000
348,2,0,96,12,191,0.057000
349,2,0,147,18,717,0.052500
350,2,0,201,8,717,0.590000
351,2,0,26,3,717,0.340000
352,2,0,510,2,554,0.135500
353,2,0,109,1,717,0.017500
354,2,0,850,269,882,0.050000
355,2,0,320,83,660,0.057500
356,2,1,1,4,356,0.086000
357,2,0,501,40,78,0.050000
358,2,0,481,142,183,0.056000
359,2,0,783,16,495,0.116500
360,2,0,662,58,904,0.051500
361,2,0,184,2,832,0.223500
362,2,0,975,306,718,0.050000
363,2,0,434,32,32,0.077000
364,2,0,224,5,437,0.412500
365,2,0,856,267,664,0.051000
366,2,0,934,231,912,0.050000
367,2,0,88,31,717,0.206500
368,2,0,131,10,717,0.065000
369,2,0,59,4,717,0.394000
370,2,0,652,116,594,0.060000
371,2,0,522,100,859,0.050500
372,2,0,596,94,410,0.053500
373,2,0,463,68,660,0.051000
374,2,0,57,5,410,0.277500
375,2,0,978,55,266,0.057500
376,2,0,646,221,316,0.050500
377,2,0,194,24,148,0.060000
378,2,0,389,99,397,0.051000
379,2,1,1,2,379,0.053500
380,2,0,817,195,616,0.051000
381,2,0,58,14,327,0.081000
382,2,0,205,1,191,0.000000
383,2,0,624,38,249,0.092500
384,2,0,631,91,664,0.051000
385,2,0,637,46,673,0.053500
386,2,0,412,6,717,0.067000
387,2,0,851,6,627,0.157500
388,2,0,350,2,810,0.276500
389,2,0,859,1,942,0.005000
390,2,0,85,39,717,0.063000
391,2,0,736,5,632,0.369500
392,2,0,197,32,615,0.073000
393,2,0,2,1,754,0.041500
394,2,0,734,265,4,0.050500
395,2,0,108,26,68,0.053500
396,2,0,86,6,437,0.414000
397,2,0,40,26,410,0.062000
398,2,0,667,86,538,0.050000
399,2,1,16,17,148,0.054000
400,2,0,267,68,320,0.050000
401,2,0,494,73,106,0.058500
402,2,0,552,13,249,0.060000
403,2,0,359,37,397,0.056500
404,2,0,733,67,239,0.061000
405,2,0,786,78,18,0.053000
406,2,0,639,9,249,0.173000
407,2,0,547,54,772,0.051000
408,2,0,340,56,519,0.062500
409,2,0,607,6,249,0.105500
410,2,1,2,6,717,0.109500
411,2,0,1000,5,549,0.068500
412,2,0,22,2,379,0.057500
413,2,0,21,8,717,0.073500
414,2,0,786,5,908,0.103000
415,2,0,760,85,134,0.053000
416,2,0,478,52,106,0.057500
417,2,0,400,54,948,0.058000
418,2,1,191,104,672,0.055000
419,2,0,729,25,961,0.078000
420,2,0,719,148,756,0.052000
421,2,0,568,40,832,0.055000
422,2,0,22,13,832,0.073500
423,2,0,42,2,717,0.052000
424,2,1,8,94,604,0.053000
425,2,0,14,5,695,0.097500
426,2,0,17,12,356,0.112500
427,2,0,758,109,972,0.050000
428,2,0,119,1,717,0.009500
429,2,1,24,24,717,0.059500
430,2,0,37,5,320,0.060000
431,2,0,183,70,832,0.062500
432,2,0,396,45,443,0.060500
433,2,0,588,79,460,0.053000
434,2,0,131,11,149,0.052500
435,2,0,44,3,832,0.069000
436,2,0,233,37,106,0.054500
437,2,0,7,2,717,0.152000
438,2,0,367,62,832,0.063500
439,2,0,286,21,832,0.066500
440,2,0,144,38,148,0.085500
441,2,0,372,19,717,0.060000
442,2,0,136,29,320,0.061000
443,2,0,214,11,832,0.099000
444,2,0,103,8,717,0.069500
445,2,0,397,16,717,0.051000
446,2,0,48,3,140,0.064000
447,2,0,544,29,664,0.056500
448,2,0,556,41,660,0.063500
449,2,0,765,6,505,0.111000
450,2,0,153,10,717,0.092000
451,2,0,548,76,660,0.052000
452,2,0,563,1,556,0.025500
453,2,0,347,2,832,0.148000
454,2,0,254,13,522,0.060500
455,2,0,800,268,882,0.058000
456,2,0,742,264,596,0.053500
457,2,0,38,1,832,0.045000
458,2,0,193,40,948,0.062000
459,2,0,104,25,36,0.050000
460,2,0,99,52,142,0.051500
461,2,0,11,2,656,0.276000
462,2,0,467,70,142,0.051000
463,2,0,527,167,538,0.073500
464,2,0,203,52,399,0.078000
465,2,0,255,70,832,0.058000
466,2,0,60,8,717,0.051500
467,2,0,298,7,717,0.120500
468,2,0,690,88,974,0.054500
469,2,0,150,1,832,0.010500
470,2,0,494,216,604,0.050000
471,2,0,547,18,935,0.061000
472,2,0,605,48,576,0.050000
473,2,0,529,128,882,0.058500
474,2,0,347,95,862,0.053000
475,2,0,682,3,249,0.233500
476,2,0,318,21,832,0.053500
477,2,0,108,6,191,0.245500
478,2,0,71,9,717,0.066500
479,2,0,181,91,44,0.064000
480,2,0,158,16,717,0.051500
481,2,0,97,13,717,0.060000
482,2,0,267,12,356,0.072500
483,2,0,359,70,772,0.052000
484,2,0,680,10,935,0.060000
485,2,0,232,20,569,0.057000
486,2,0,936,20,855,0.063000
487,2,0,834,1,576,0.003500
488,2,1,1,4,488,0.050000
489,2,0,324,62,397,0.053500
490,2,0,721,25,712,0.077500
491,2,0,22,4,907,0.157500
492,2,0,503,148,995,0.051000
493,2,0,567,27,948,0.055000
494,2,0,114,18,148,0.064500
495,2,0,627,9,191,0.119500
496,2,0,738,12,191,0.056500
497,2,0,181,124,715,0.050000
498,2,0,157,9,437,0.139000
499,2,0,524,9,717,0.050500
500,2,0,198,59,604,0.051500
501,2,1,57,62,538,0.056500
502,2,0,290,20,356,0.058500
503,2,0,135,10,191,0.056000
504,2,0,465,104,320,0.052000
505,2,0,391,21,320,0.051500
506,2,0,268,37,316,0.055000
507,2,0,440,56,44,0.058500
508,2,0,802,126,76,0.050500
509,2,0,160,14,410,0.051500
510,2,0,22,7,717,0.068000
511,2,0,971,17,823,0.055500
512,2,0,191,18,642,0.072500
513,2,0,246,65,948,0.063000
514,2,0,148,39,397,0.052500
515,2,0,445,5,717,0.069500
516,2,0,134,20,717,0.053000
517,2,0,705,22,239,0.067000
518,2,0,228,48,538,0.051000
519,2,1,4,18,191,0.115500
520,2,0,249,16,148,0.050500
521,2,0,679,20,239,0.050500
522,2,0,18,5,920,0.169500
523,2,0,134,13,356,0.055000
524,2,0,455,22,832,0.051500
525,2,0,164,8,832,0.086500
526,2,0,16,8,717,0.122000
527,2,0,43,5,717,0.070500
528,2,0,833,7,249,0.076000
529,2,0,205,62,397,0.052000
530,2,0,401,21,594,0.068500
531,2,0,179,26,717,0.050500
532,2,0,857,382,258,0.053500
533,2,0,64,20,356,0.051000
534,2,0,11,1,191,0.019500
535,2,0,924,11,745,0.057000
536,2,0,206,17,356,0.115500
537,2,0,646,1,556,0.025000
538,2,1,7,7,148,0.381500
539,2,0,667,44,594,0.121000
540,2,0,194,36,970,0.052000
541,2,0,377,10,410,0.051000
542,2,0,253,23,832,0.055000
543,2,0,447,200,904,0.062000
544,2,0,348,14,356,0.061000
545,2,0,335,61,935,0.052500
546,2,0,548,19,139,0.050500
547,2,0,494,10,642,0.072000
548,2,0,940,2,656,0.277500
549,2,0,932,3,446,0.558000
550,2,0,825,46,36,0.050000
551,2,0,640,32,935,0.050500
552,2,0,29,5,356,0.126500
553,2,0,193,29,397,0.059500
554,2,1,8,9,410,0.076500
555,2,0,243,12,191,0.094500
556,2,0,247,23,437,0.077500
557,2,0,730,72,397,0.053000
558,2,0,924,93,149,0.052000
559,2,0,621,70,832,0.057000
560,2,0,827,69,191,0.050000
561,2,0,144,84,664,0.051500
562,2,0,131,2,9,0.051000
563,2,0,735,13,935,0.051500
564,2,0,403,9,320,0.058500
565,2,0,581,111,66,0.050500
566,2,0,280,22,717,0.053000
567,2,0,837,37,603,0.050500
568,2,0,192,51,599,0.050500
569,2,1,1,38,569,0.051000
570,2,0,180,25,142,0.060500
571,2,0,358,6,410,0.167000
572,2,0,480,2,754,0.921500
573,2,0,705,3,554,0.067500
574,2,0,111,33,832,0.060000
575,2,0,163,7,437,0.055000
576,2,0,79,2,78,0.328000
577,2,0,134,5,191,0.066000
578,2,0,632,44,320,0.053000
579,2,0,16,1,907,0.016500
580,2,0,734,194,70,0.052000
581,2,0,442,37,519,0.057000
582,2,0,886,106,599,0.050500
583,2,0,841,30,654,0.053500
584,2,0,822,9,192,0.060000
585,2,0,630,47,32,0.082000
586,2,0,227,8,832,0.065000
587,2,0,555,56,397,0.065500
588,2,0,653,139,756,0.051000
589,2,0,717,74,249,0.055000
590,2,0,661,44,615,0.054000
591,2,0,972,4,823,0.102500
592,2,0,384,1,717,0.003500
593,2,1,9,10,905,0.067500
594,2,0,142,53,102,0.053500
595,2,0,555,28,556,0.059000
596,2,0,123,42,148,0.051000
597,2,0,178,1,191,0.016500
598,2,0,22,5,717,0.129500
599,2,0,160,7,642,0.052000
600,2,0,282,56,397,0.061000
601,2,0,426,166,518,0.053000
602,2,0,734,109,594,0.054000
603,2,0,440,34,855,0.057500
604,2,0,60,21,717,0.159000
605,2,0,603,19,155,0.065000
606,2,0,448,152,715,0.051500
607,2,0,869,378,473,0.050000
608,2,0,851,213,542,0.051500
609,2,1,24,18,384,0.086000
610,2,0,630,23,569,0.051000
611,2,0,403,61,32,0.051000
612,2,1,471,89,490,0.051000
613,2,0,557,144,355,0.052500
614,2,0,246,32,556,0.053000
615,2,0,138,6,717,0.076500
616,2,0,475,33,832,0.059000
617,2,0,405,163,285,0.051500
618,2,0,665,28,149,0.052500
619,2,0,416,135,285,0.055500
620,2,0,232,4,832,0.152500
621,2,0,777,107,935,0.054500
622,2,0,136,7,832,0.384500
623,2,0,622,9,356,0.065500
624,2,0,267,34,717,0.073000
625,2,0,162,1,78,0.011500
626,2,0,881,359,215,0.050000
627,2,1,4,11,556,0.052500
628,2,0,46,22,717,0.080500
629,2,0,208,48,832,0.050000
630,2,0,363,4,78,0.080500
631,2,1,2,55,316,0.052500
632,2,0,748,3,522,0.072500
633,2,0,184,27,320,0.061000
634,2,0,78,13,717,0.152000
635,2,0,186,24,148,0.054500
636,2,0,704,75,118,0.058500
637,2,0,985,12,810,0.051000
638,2,0,516,66,832,0.051000
639,2,0,535,137,717,0.054500
640,2,0,447,93,594,0.053000
641,2,0,292,36,717,0.069000
642,2,0,39,10,832,0.068000
643,2,0,227,9,717,0.050500
644,2,0,439,10,717,0.107500
645,2,0,367,44,948,0.124000
646,2,0,202,18,717,0.060000
647,2,0,235,32,717,0.066000
648,2,0,995,2,446,0.149000
649,2,0,547,36,717,0.052000
650,2,0,236,4,717,0.061000
651,2,0,664,4,554,0.238000
652,2,0,91,6,832,0.086500
653,2,0,367,152,207,0.054000
654,2,1,6,7,191,0.062500
655,2,0,28,7,908,0.189500
656,2,0,7,3,908,0.836500
657,2,0,884,20,907,0.070500
658,2,0,712,203,68,0.050500
659,2,0,366,16,320,0.082000
660,2,1,19,17,148,0.052500
661,2,0,60,23,397,0.054500
662,2,0,731,216,904,0.051000
663,2,0,641,82,36,0.054000
664,2,0,139,27,519,0.052000
665,2,0,43,7,717,0.111000
666,2,0,472,99,664,0.064500
667,2,0,379,53,410,0.065000
668,2,0,442,45,397,0.054500
669,2,0,573,24,430,0.101000
670,2,0,981,8,168,0.083500
671,2,0,471,46,183,0.061000
672,2,0,362,77,320,0.050500
673,2,0,222,14,410,0.068500
674,2,0,731,7,155,0.129000
675,2,0,848,12,592,0.087500
676,2,0,181,7,822,0.072000
677,2,1,131,45,163,0.060500
678,2,0,306,7,249,0.093000
679,2,0,989,1,388,0.000000
680,2,0,644,61,642,0.067000
681,2,0,367,56,189,0.052000
682,2,0,475,4,554,0.086000
683,2,1,48,55,538,0.050000
684,2,0,97,35,397,0.055500
685,2,0,177,12,717,0.081000
686,2,0,59,56,832,0.053500
687,2,0,730,1,134,0.002000
688,2,0,375,4,832,0.091500
689,2,0,213,57,47,0.057000
690,2,0,972,19,687,0.056500
691,2,0,42,7,717,0.323500
692,2,0,32,8,437,0.089000
693,2,0,584,21,410,0.057500
694,2,0,215,42,148,0.053000
695,2,0,795,8,603,0.094000
696,2,0,66,6,356,0.166000
697,2,0,160,4,410,0.169000
698,2,0,441,64,316,0.056000
699,2,0,830,1,754,0.040000
700,2,0,864,3,656,0.058500
701,2,0,763,294,986,0.056500
702,2,1,9,11,717,0.180500
703,2,0,517,24,717,0.075500
704,2,0,937,16,739,0.080500
705,2,0,367,22,832,0.064500
706,2,0,504,21,191,0.057500
707,2,0,253,6,437,0.063500
708,2,0,25,6,356,0.092000
709,2,0,886,49,569,0.060000
710,2,0,714,59,948,0.054000
711,2,0,242,14,142,0.125000
712,2,0,99,14,832,0.053000
713,2,0,305,1,717,0.044000
714,2,0,726,79,316,0.054000
715,2,1,1,54,715,0.058500
716,2,0,785,150,814,0.054500
717,2,1,1,8,717,0.058500
718,2,0,589,5,249,0.204000
719,2,0,296,49,778,0.053000
720,2,0,42,7,717,0.100500
721,2,0,733,74,139,0.060500
722,2,0,733,138,556,0.050000
723,2,0,304,1,664,0.007500
724,2,0,182,19,78,0.051000
725,2,0,165,58,399,0.053000
726,2,0,383,123,316,0.050500
727,2,0,33,2,191,0.051500
728,2,0,344,100,239,0.052000
729,2,0,312,31,717,0.053000
730,2,0,612,57,139,0.050000
731,2,0,226,38,717,0.050000
732,2,0,717,61,320,0.061500
733,2,0,563,99,538,0.054000
734,2,0,815,280,972,0.051000
735,2,0,238,28,32,0.116000
736,2,0,286,7,717,0.072500
737,2,0,913,72,905,0.053000
738,2,0,193,18,410,0.086500
739,2,0,886,5,488,0.226500
740,2,0,50,4,191,0.106500
741,2,0,180,12,717,0.087000
742,2,0,189,26,142,0.084500
743,2,0,447,167,501,0.052000
744,2,0,575,24,758,0.052000
745,2,0,698,23,316,0.055500
746,2,0,465,6,249,0.057500
747,2,0,788,16,249,0.050000
748,2,1,96,127,66,0.052500
749,2,0,358,18,320,0.055000
750,2,0,162,25,148,0.059000
751,2,1,14,29,148,0.051000
752,2,0,866,258,762,0.050000
753,2,0,415,112,249,0.050500
754,2,1,17,16,745,0.128500
755,2,0,686,78,664,0.052000
756,2,0,138,21,931,0.246500
757,2,0,328,28,142,0.050500
758,2,0,378,7,191,0.170000
759,2,0,535,20,702,0.056500
760,2,0,709,103,36,0.056000
761,2,0,368,39,134,0.050500
762,2,0,457,15,66,0.051000
763,2,0,144,89,931,0.061000
764,2,0,255,56,897,0.050500
765,2,0,288,59,410,0.050500
766,2,0,472,85,351,0.050000
767,2,0,833,135,715,0.051000
768,2,0,995,1,257,0.021000
769,2,0,148,9,320,0.090500
770,2,0,254,4,717,0.058000
771,2,0,607,27,191,0.057500
772,2,0,40,7,356,0.067500
773,2,0,6,5,437,0.168500
774,2,0,201,9,832,0.082000
775,2,0,381,31,149,0.090500
776,2,0,526,215,803,0.050500
777,2,0,28,3,717,0.139500
778,2,0,262,94,664,0.051500
779,2,0,132,23,862,0.072500
780,2,0,231,64,47,0.053500
781,2,0,635,83,66,0.050500
782,2,0,174,13,832,0.057500
783,2,0,762,12,908,0.096500
784,2,0,171,7,717,0.055500
785,2,0,809,21,215,0.065500
786,2,0,732,269,937,0.050000
787,2,0,970,209,960,0.056000
788,2,0,754,7,717,0.056500
789,2,0,479,33,712,0.056500
790,2,0,688,129,239,0.050000
791,2,0,520,5,437,0.051500
792,2,0,265,61,616,0.051500
793,2,0,324,5,717,0.621000
794,2,0,152,10,538,0.137000
795,2,0,320,10,554,0.051000
796,2,0,48,20,717,0.057000
797,2,0,622,12,410,0.054000
798,2,0,415,101,320,0.052500
799,2,1,120,90,443,0.061000
800,2,0,420,23,397,0.052000
801,2,0,117,43,397,0.061000
802,2,0,146,28,832,0.068500
803,2,0,160,3,717,0.051000
804,2,0,204,15,320,0.077500
805,2,0,311,34,717,0.051500
806,2,0,421,6,717,0.270000
807,2,0,430,101,832,0.050000
808,2,0,827,14,1000,0.056000
809,2,0,872,6,745,0.373000
810,2,0,65,7,632,0.079000
811,2,0,831,38,155,0.050500
812,2,0,822,70,149,0.060000
813,2,0,570,59,664,0.054500
814,2,0,307,18,356,0.051000
815,2,0,593,143,316,0.052000
816,2,0,14,4,695,0.069500
817,2,0,279,8,717,0.238500
818,2,0,573,8,556,0.061500
819,2,0,700,48,139,0.050000
820,2,0,139,4,832,0.264500
821,2,0,210,77,397,0.053000
822,2,0,234,35,183,0.063000
823,2,0,8,2,402,0.510500
824,2,0,23,5,717,0.109000
825,2,0,213,56,118,0.057000
826,2,0,193,9,832,0.086000
827,2,0,197,8,356,0.249500
828,2,0,135,29,832,0.068000
829,2,0,539,62,413,0.052500
830,2,0,801,261,940,0.050000
831,2,0,681,142,756,0.050000
832,2,0,13,13,148,0.091500
833,2,0,760,219,596,0.050500
834,2,0,359,42,148,0.058500
835,2,0,873,83,569,0.053000
836,2,0,637,119,875,0.051000
837,2,0,780,39,505,0.050500
838,2,0,396,16,66,0.063500
839,2,0,712,163,207,0.050000
840,2,0,334,14,832,0.060500
841,2,0,183,8,410,0.067000
842,2,0,554,56,68,0.053500
843,2,0,298,5,832,0.136500
844,2,0,370,41,717,0.056500
845,2,0,141,1,603,0.043000
846,2,0,816,2,745,0.135500
847,2,0,850,430,866,0.050000
848,2,0,360,147,594,0.052000
849,2,0,128,6,717,0.158500
850,2,0,72,6,832,0.222000
851,2,0,486,31,627,0.054500
852,2,0,159,22,717,0.057500
853,2,0,288,19,717,0.065000
854,2,0,114,18,594,0.063500
855,2,0,209,32,642,0.089500
856,2,0,545,64,599,0.053500
857,2,0,539,17,356,0.053000
858,2,0,565,113,148,0.054000
859,2,0,72,17,717,0.074000
860,2,0,628,8,402,0.127500
861,2,0,333,40,717,0.057500
862,2,0,35,7,717,0.054000
863,2,0,297,10,717,0.068500
864,2,0,738,121,148,0.054000
865,2,0,906,246,11,0.055000
866,2,0,260,134,763,0.054500
867,2,1,19,84,604,0.051500
868,2,0,791,9,603,0.201000
869,2,0,678,4,908,0.064500
870,2,0,919,34,960,0.051500
871,2,0,117,10,717,0.054000
872,2,0,499,66,702,0.080000
873,2,0,772,10,907,0.085000
874,2,0,77,44,142,0.071500
875,2,0,147,7,832,0.060500
876,2,0,221,51,397,0.055500
877,2,0,481,149,664,0.051500
878,2,0,181,38,660,0.074000
879,2,0,191,82,183,0.057000
880,2,0,346,41,397,0.068000
881,2,0,625,75,139,0.053000
882,2,0,353,51,148,0.050000
883,2,0,869,59,905,0.054000
884,2,0,168,16,905,0.061000
885,2,1,3,3,816,0.063500
886,2,0,375,6,717,0.103000
887,2,0,896,107,772,0.056500
888,2,0,840,24,239,0.063000
889,2,0,282,85,399,0.051000
890,2,0,941,15,687,0.064500
891,2,0,358,16,717,0.050000
892,2,0,677,226,664,0.052500
893,2,0,441,21,460,0.068000
894,2,0,798,5,134,0.756500
895,2,0,315,13,717,0.089000
896,2,0,443,57,862,0.053000
897,2,0,59,5,356,0.622500
898,2,0,237,102,399,0.053500
899,2,0,131,1,717,0.010000
900,2,0,898,194,1000,0.050000
901,2,0,388,19,717,0.125000
902,2,0,48,15,717,0.056000
903,2,0,661,8,149,0.184000
904,2,0,112,72,397,0.072000
905,2,1,1,7,905,0.073500
906,2,0,39,13,970,0.057500
907,2,0,670,11,908,0.081000
908,2,0,266,17,249,0.055000
909,2,0,573,36,616,0.052000
910,2,0,483,17,832,0.055000
911,2,0,126,12,832,0.056500
912,2,0,457,18,717,0.054500
913,2,0,60,8,832,0.059000
914,2,0,56,11,832,0.072000
915,2,0,398,85,948,0.051500
916,2,0,348,13,148,0.052000
917,2,0,4,3,356,0.391000
918,2,0,942,31,316,0.057000
919,2,0,777,12,731,0.059500
920,2,0,80,4,78,0.090500
921,2,0,413,49,410,0.051000
922,2,0,685,39,191,0.054500
923,2,0,347,85,664,0.051500
924,2,1,6,5,446,0.156000
925,2,0,240,49,862,0.054500
926,2,0,113,1,327,0.048000
927,2,0,861,169,715,0.051000
928,2,0,934,18,799,0.056500
929,2,0,826,18,490,0.055500
930,2,0,315,28,948,0.182000
931,2,0,3,1,717,0.023500
932,2,0,669,8,249,0.184500
933,2,0,342,45,320,0.050500
934,2,0,133,34,78,0.058000
935,2,0,213,1,717,0.006000
936,2,0,534,213,239,0.051000
937,2,0,320,3,191,0.064500
938,2,0,749,18,66,0.054500
939,2,0,579,56,410,0.056000
940,2,0,25,13,908,0.148500
941,2,0,518,128,814,0.052000
942,2,1,2,9,48,0.081500
943,2,0,312,23,148,0.057500
944,2,0,465,50,231,0.050500
945,2,0,820,45,239,0.060500
946,2,0,574,12,249,0.074000
947,2,0,460,4,717,0.066000
948,2,0,45,5,832,0.059000
949,2,0,903,304,542,0.053500
950,2,0,317,10,717,0.064500
951,2,1,38,30,594,0.052500
952,2,1,23,46,766,0.056000
953,2,0,729,166,429,0.054500
954,2,0,715,1,78,0.011000
955,2,0,507,8,554,0.050500
956,2,0,426,27,538,0.059000
957,2,0,415,49,410,0.052000
958,2,0,921,107,303,0.061000
959,2,0,380,46,717,0.051000
960,2,0,742,18,594,0.066000
961,2,0,679,5,191,0.089000
962,2,0,560,65,832,0.053500
963,2,0,189,30,660,0.050500
964,2,0,212,21,410,0.058000
965,2,0,835,40,594,0.069000
966,2,0,698,135,778,0.068000
967,2,0,938,7,579,0.119000
968,2,1,90,78,594,0.052000
969,2,0,139,17,905,0.057000
970,2,0,13,10,356,0.060000
971,2,0,168,71,142,0.054500
972,2,0,278,40,519,0.072500
973,2,0,411,23,519,0.059500
974,2,0,83,2,832,0.632000
975,2,0,562,23,101,0.050000
976,2,0,732,3,191,0.080000
977,2,0,940,11,55,0.057000
978,2,1,189,156,986,0.050000
979,2,0,302,96,604,0.050500
980,2,0,930,171,146,0.051000
981,2,0,883,155,103,0.051500
982,2,0,312,57,772,0.064000
983,2,0,509,121,397,0.062500
984,2,0,865,122,937,0.055000
985,2,0,717,26,554,0.053000
986,2,0,469,140,397,0.051000
987,2,0,675,246,866,0.051000
988,2,0,623,46,832,0.055500
989,2,0,817,34,239,0.054500
990,2,0,682,13,599,0.073500
991,2,0,508,28,320,0.066500
992,2,0,546,9,920,0.053500
993,2,0,401,110,142,0.052500
994,2,0,89,15,356,0.071000
995,2,0,185,71,664,0.060000
996,2,0,447,41,410,0.053000
997,2,0,805,1,603,0.023500
998,2,0,236,31,429,0.052500
999,2,0,431,93,664,0.050500
1000,2,0,532,112,793,0.064000
1,3,0,348,27,948,0.052500
2,3,0,389,46,832,0.050000
3,3,0,397,18,832,0.062500
4,3,0,64,7,717,0.270000
5,3,0,210,15,832,0.052000
6,3,0,226,10,717,0.051500
7,3,0,476,59,859,0.050000
8,3,0,299,88,413,0.052500
9,3,1,1,2,9,0.083500
10,3,0,321,104,148,0.050500
11,3,0,102,10,356,0.231000
12,3,0,828,4,656,0.136000
13,3,0,672,3,907,0.182500
14,3,0,549,76,239,0.055000
15,3,0,658,53,148,0.053000
16,3,0,233,1,832,0.025000
17,3,0,444,114,832,0.050500
18,3,1,14,18,822,0.055000
19,3,0,402,9,717,0.070500
20,3,0,800,65,715,0.050000
21,3,0,820,295,814,0.051000
22,3,0,456,83,664,0.052000
23,3,0,372,44,139,0.053000
24,3,0,192,44,519,0.061500
25,3,0,707,81,1,0.052000
26,3,0,730,10,249,0.057000
27,3,0,241,28,437,0.071500
28,3,0,464,154,11,0.056000
29,3,0,490,90,239,0.053500
30,3,0,104,8,356,0.441500
31,3,0,19,8,148,0.069000
32,3,0,82,5,717,0.528000
33,3,0,524,98,862,0.056000
34,3,0,741,179,778,0.050000
35,3,0,329,83,777,0.052000
36,3,1,6,7,832,0.170500
37,3,0,137,1,191,0.025000
38,3,0,826,49,838,0.063500
39,3,1,124,142,793,0.051000
40,3,0,210,12,717,0.059000
41,3,0,608,3,249,0.094500
42,3,0,458,1,78,0.012000
43,3,0,44,1,754,0.000500
44,3,0,25,8,832,0.078000
45,3,0,473,12,832,0.066000
46,3,0,314,1,810,0.001500
47,3,0,30,8,832,0.053000
48,3,0,32,1,816,0.022500
49,3,0,967,8,412,0.713500
50,3,0,171,44,142,0.080000
51,3,0,719,13,155,0.051500
52,3,0,914,4,488,0.077000
53,3,0,426,49,828,0.054500
54,3,0,23,5,191,0.211500
55,3,0,759,30,935,0.081500
56,3,0,886,6,402,0.130000
57,3,0,71,4,717,0.053000
58,3,1,7,22,810,0.124000
59,3,0,773,198,382,0.050000
60,3,0,484,2,554,0.243500
61,3,0,194,41,397,0.079000
62,3,0,346,66,832,0.053500
63,3,0,834,4,935,0.182000
64,3,0,818,153,103,0.053000
65,3,0,717,4,522,0.085500
66,3,0,107,7,148,0.311500
67,3,0,271,19,664,0.101500
68,3,0,232,51,717,0.054500
69,3,0,290,13,717,0.093500
70,3,0,133,18,437,0.065000
71,3,0,297,5,78,0.077000
72,3,0,220,11,717,0.059500
73,3,0,486,139,481,0.050000
74,3,0,607,17,822,0.054000
75,3,0,525,143,254,0.050000
76,3,0,332,1,664,0.003500
77,3,0,619,23,554,0.068500
78,3,1,8,6,642,0.057500
79,3,0,74,78,832,0.052000
80,3,0,954,2,754,0.093000
81,3,0,382,7,554,0.094500
82,3,0,252,20,717,0.067000
83,3,0,522,92,948,0.051500
84,3,0,744,249,281,0.051500
85,3,0,26,2,603,0.355500
86,3,0,992,2,140,0.997500
87,3,0,124,9,410,0.075500
88,3,0,895,15,908,0.055000
89,3,0,966,11,402,0.069500
90,3,0,604,35,832,0.052000
91,3,0,197,3,717,0.082000
92,3,0,669,38,249,0.051500
93,3,0,872,24,249,0.069500
94,3,0,139,20,717,0.074000
95,3,0,961,1,393,0.000000
96,3,0,956,45,656,0.053000
97,3,0,90,47,660,0.053500
98,3,0,34,7,940,0.173000
99,3,0,325,120,859,0.058500
100,3,0,74,18,437,0.065500
101,3,0,312,119,832,0.050500
102,3,0,28,10,717,0.064500
103,3,0,194,16,832,0.050000
104,3,0,749,19,134,0.053500
105,3,0,121,53,32,0.052000
106,3,0,19,7,717,0.163000
107,3,0,96,1,717,0.008500
108,3,0,458,1,717,0.013500
109,3,1,194,184,793,0.054500
110,3,0,569,60,519,0.072000
111,3,0,705,229,852,0.056000
112,3,0,174,24,148,0.101000
113,3,0,460,21,66,0.059000
114,3,0,956,124,599,0.053000
115,3,0,866,91,724,0.051000
116,3,0,451,7,554,0.088500
117,3,0,60,10,832,0.067000
118,3,0,145,31,148,0.062000
119,3,0,968,13,940,0.063500
120,3,0,177,1,832,0.021000
121,3,0,38,3,832,0.057000
122,3,0,755,164,423,0.052000
123,3,0,751,13,155,0.104500
124,3,0,433,15,717,0.128000
125,3,0,270,19,356,0.090500
126,3,0,202,16,717,0.056000
127,3,0,355,20,832,0.054500
128,3,0,469,34,717,0.058000
129,3,0,820,65,505,0.057500
130,3,0,956,24,1000,0.050000
131,3,0,360,18,32,0.057500
132,3,0,673,72,554,0.051500
133,3,0,244,1,717,0.011000
134,3,0,86,9,191,0.052000
135,3,0,256,26,356,0.050000
136,3,0,53,1,717,0.041500
137,3,0,652,102,466,0.053000
138,3,0,817,32,961,0.051500
139,3,0,18,10,717,0.158500
140,3,0,18,3,9,0.051000
141,3,0,498,4,410,0.391500
142,3,0,12,1,832,0.039000
143,3,0,637,4,554,0.083500
144,3,0,456,48,148,0.062500
145,3,0,93,13,356,0.064500
146,3,0,624,137,281,0.052000
147,3,0,140,10,717,0.075500
148,3,0,10,6,437,0.187500
149,3,0,320,86,604,0.055000
150,3,0,291,28,538,0.058500
151,3,0,456,19,664,0.063000
152,3,0,260,12,832,0.073000
153,3,0,723,27,554,0.061000
154,3,0,960,37,960,0.069000
155,3,0,212,9,599,0.083500
156,3,0,122,10,437,0.168500
157,3,0,50,7,717,0.108500
158,3,0,937,38,384,0.071500
159,3,0,804,138,211,0.051000
160,3,0,840,73,554,0.051500
161,3,1,47,109,604,0.057500
162,3,0,239,9,410,0.070500
163,3,1,124,28,490,0.051500
164,3,0,849,285,554,0.050000
165,3,0,130,5,191,0.090000
166,3,0,46,17,832,0.092500
167,3,0,859,10,603,0.096500
168,3,0,923,187,249,0.052000
169,3,0,162,4,191,0.055000
170,3,0,372,81,664,0.054500
171,3,0,213,115,832,0.055000
172,3,0,83,30,931,0.058500
173,3,0,214,50,148,0.054500
174,3,0,530,68,397,0.064000
175,3,0,702,280,66,0.050000
176,3,0,226,6,832,0.109500
177,3,0,569,75,862,0.050500
178,3,0,768,184,239,0.053000
179,3,0,336,8,191,0.067500
180,3,0,367,25,717,0.050500
181,3,0,423,75,715,0.052000
182,3,0,194,50,399,0.051500
183,3,0,95,1,717,0.026500
184,3,0,941,10,402,0.062000
185,3,0,306,41,702,0.050000
186,3,0,127,46,410,0.086000
187,3,0,259,7,410,0.393000
188,3,0,737,32,594,0.065000
189,3,0,597,132,913,0.053000
190,3,0,717,31,717,0.052000
191,3,1,1,1,191,0.000500
192,3,0,392,74,70,0.056000
193,3,0,351,2,717,0.129000
194,3,0,258,34,772,0.055000
195,3,0,323,46,995,0.052500
196,3,0,415,164,78,0.051000
197,3,0,426,25,599,0.067000
198,3,0,603,85,239,0.052000
199,3,0,390,49,717,0.062000
200,3,0,220,49,717,0.055000
201,3,0,235,19,832,0.060000
202,3,0,927,58,579,0.056000
203,3,0,457,7,139,0.081000
204,3,0,437,12,717,0.052000
205,3,0,22,6,191,0.117500
206,3,0,915,80,799,0.052000
207,3,0,187,6,832,0.209000
208,3,0,625,201,258,0.051500
209,3,0,687,117,803,0.057000
210,3,0,386,24,249,0.097500
211,3,0,39,7,191,0.125000
212,3,0,16,4,393,0.059000
213,3,0,97,24,832,0.070000
214,3,0,990,6,48,0.127500
215,3,0,540,73,68,0.052500
216,3,0,423,29,556,0.054500
217,3,0,780,50,594,0.070500
218,3,0,517,115,466,0.050000
219,3,1,1,1,219,0.022500
220,3,0,138,13,437,0.076000
221,3,0,440,235,826,0.053500
222,3,0,608,54,556,0.052500
223,3,0,747,15,134,0.071000
224,3,0,532,100,664,0.055500
225,3,0,364,9,717,0.058500
226,3,0,119,15,717,0.072500
227,3,0,205,14,320,0.137000
228,3,0,216,32,832,0.058500
229,3,0,921,18,505,0.064000
230,3,0,996,3,446,0.080000
231,3,0,42,12,717,0.060500
232,3,0,328,29,717,0.073000
233,3,0,80,24,920,0.056500
234,3,0,449,92,399,0.050500
235,3,0,651,112,11,0.057000
236,3,0,210,6,191,0.071000
237,3,0,391,30,538,0.064000
238,3,0,643,13,554,0.061500
239,3,1,49,56,772,0.059500
240,3,0,68,9,717,0.050500
241,3,0,18,10,356,0.074000
242,3,0,635,6,191,0.113500
243,3,0,273,37,772,0.061500
244,3,0,743,191,775,0.050000
245,3,0,909,224,556,0.051500
246,3,0,480,161,281,0.050500
247,3,0,529,1,554,0.011500
248,3,0,463,15,702,0.117500
249,3,0,125,2,832,0.531000
250,3,0,429,12,437,0.058500
251,3,0,755,308,147,0.053000
252,3,0,369,13,717,0.053500
253,3,0,18,3,9,0.126500
254,3,0,207,8,356,0.123500
255,3,0,120,3,717,0.067000
256,3,0,171,5,148,0.093500
257,3,0,980,3,816,0.156000
258,3,0,421,82,664,0.050500
259,3,0,605,75,772,0.050000
260,3,0,499,22,437,0.055000
261,3,0,499,70,935,0.053000
262,3,1,1,4,262,0.111500
263,3,0,89,10,754,0.098500
264,3,0,510,44,410,0.057000
265,3,0,274,43,437,0.055000
266,3,0,732,25,569,0.056000
267,3,0,319,3,717,0.071500
268,3,0,324,97,413,0.051500
269,3,0,28,7,148,0.122500
270,3,0,678,9,627,0.105500
271,3,0,559,3,599,0.063500
272,3,0,542,136,281,0.052000
273,3,0,520,40,134,0.075000
274,3,0,228,18,148,0.053500
275,3,0,764,77,937,0.051000
276,3,0,832,84,772,0.057500
277,3,0,294,1,832,0.031000
278,3,0,777,96,664,0.050000
279,3,0,742,27,554,0.055500
280,3,0,409,28,717,0.098500
281,3,1,12,36,142,0.070500
282,3,0,222,20,139,0.065000
283,3,0,680,50,772,0.061000
284,3,0,422,45,664,0.056000
285,3,0,33,9,148,0.060000
286,3,0,776,158,948,0.050500
287,3,0,865,7,908,0.079000
288,3,0,339,10,717,0.137000
289,3,0,444,152,156,0.051000
290,3,0,796,28,149,0.050500
291,3,0,733,130,616,0.050500
292,3,1,276,208,183,0.053500
293,3,0,209,42,772,0.067500
294,3,0,355,45,772,0.052500
295,3,0,724,98,397,0.054500
296,3,0,585,25,142,0.063500
297,3,0,981,7,327,0.062500
298,3,0,46,7,191,0.280500
299,3,0,156,22,717,0.073000
300,3,0,929,9,799,0.093500
301,3,0,528,344,898,0.054000
302,3,0,162,97,931,0.058500
303,3,0,586,144,373,0.052000
304,3,0,783,226,814,0.057500
305,3,0,679,176,774,0.051000
306,3,0,262,34,717,0.052000
307,3,0,380,7,134,0.058500
308,3,0,978,25,739,0.087000
309,3,0,542,48,554,0.052000
310,3,0,388,40,320,0.050500
311,3,0,702,11,519,0.101500
312,3,1,77,61,397,0.052500
313,3,0,464,36,148,0.063500
314,3,0,468,97,708,0.050000
315,3,0,689,83,974,0.051000
316,3,0,235,55,148,0.050500
317,3,0,37,1,717,0.005000
318,3,0,346,136,66,0.051500
319,3,0,404,47,320,0.055000
320,3,0,15,3,832,0.143500
321,3,0,143,40,948,0.083500
322,3,0,765,105,772,0.052000
323,3,0,994,3,329,0.967500
324,3,0,698,84,78,0.051000
325,3,0,931,166,312,0.050500
326,3,0,898,98,799,0.052500
327,3,0,933,6,907,0.078000
328,3,0,713,56,505,0.052000
329,3,0,82,7,9,0.085500
330,3,0,671,66,948,0.054000
331,3,0,606,32,437,0.059500
332,3,0,905,57,616,0.060500
333,3,0,931,92,724,0.056500
334,3,0,310,15,832,0.064000
335,3,0,136,54,970,0.053500
336,3,0,524,48,948,0.054000
337,3,0,185,36,832,0.071000
338,3,0,72,33,717,0.051000
339,3,0,427,148,948,0.056500
340,3,0,693,57,832,0.055000
341,3,0,663,205,832,0.053000
342,3,0,696,162,11,0.050000
343,3,0,107,35,397,0.050500
344,3,0,672,40,935,0.055500
345,3,0,614,279,742,0.054500
346,3,0,208,20,191,0.069000
347,3,0,13,10,717,0.076000
348,3,0,117,91,777,0.056500
349,3,0,105,8,191,0.051500
350,3,0,197,4,717,0.082500
351,3,0,61,5,717,0.176000
352,3,0,464,102,715,0.053000
353,3,0,106,24,931,0.056000
354,3,0,877,13,758,0.053500
355,3,0,290,32,772,0.050000
356,3,1,1,8,356,0.058500
357,3,0,455,35,556,0.059000
358,3,0,586,17,664,0.054000
359,3,0,676,4,155,0.334000
360,3,0,484,10,149,0.054500
361,3,0,86,30,356,0.056500
362,3,0,973,13,823,0.057000
363,3,0,544,50,664,0.053500
364,3,0,190,1,832,0.002000
365,3,0,860,168,794,0.053000
366,3,0,916,27,656,0.066000
367,3,0,94,5,410,0.260000
368,3,0,132,15,148,0.123000
369,3,0,65,8,148,0.060000
370,3,0,684,44,948,0.061000
371,3,0,313,58,631,0.054500
372,3,0,630,163,708,0.052500
373,3,0,241,1,664,0.043500
374,3,0,58,44,717,0.058000
375,3,0,971,1,810,0.004500
376,3,0,694,116,855,0.053000
377,3,0,200,17,832,0.065500
378,3,0,294,41,410,0.054500
379,3,0,432,1,603,0.001500
380,3,0,823,76,554,0.052000
381,3,0,955,5,271,0.127000
382,3,0,304,63,772,0.050500
383,3,0,631,43,642,0.059500
384,3,0,674,182,351,0.051500
385,3,0,661,1,554,0.029500
386,3,0,289,45,183,0.051500
387,3,1,10,9,754,0.063000
388,3,0,110,1,816,0.000000
389,3,0,36,2,942,0.099500
390,3,0,95,8,410,0.089500
391,3,0,862,8,907,0.164500
392,3,0,355,34,763,0.056500
393,3,0,578,7,754,0.063000
394,3,0,610,66,546,0.051000
395,3,0,227,11,731,0.052500
396,3,0,71,7,717,0.059000
397,3,0,52,7,356,0.060500
398,3,0,651,68,554,0.052000
399,3,0,56,20,832,0.059500
400,3,0,287,7,717,0.058500
401,3,0,512,15,832,0.065000
402,3,0,517,8,430,0.101500
403,3,0,283,13,594,0.059500
404,3,0,618,69,672,0.052000
405,3,0,757,1,149,0.009500
406,3,0,634,28,505,0.051500
407,3,0,439,28,594,0.054500
408,3,0,301,43,397,0.050000
409,3,0,604,30,249,0.068000
410,3,0,6,4,356,0.212500
411,3,0,78,8,648,0.232000
412,3,0,22,1,907,0.001500
413,3,0,37,4,717,0.154500
414,3,0,869,4,599,0.059000
415,3,0,715,205,542,0.050500
416,3,0,575,38,36,0.050500
417,3,0,387,3,139,0.094000
418,3,1,2,12,488,0.071500
419,3,0,38,7,488,0.200000
420,3,0,553,27,882,0.081500
421,3,0,540,85,948,0.059500
422,3,0,56,5,717,0.216500
423,3,0,91,9,717,0.129000
424,3,0,117,7,832,0.050000
425,3,0,430,9,754,0.108000
426,3,0,20,5,356,0.067500
427,3,0,661,7,908,0.177000
428,3,0,96,48,931,0.062000
429,3,0,32,6,191,0.103500
430,3,1,12,19,249,0.050500
431,3,0,236,11,717,0.080500
432,3,0,350,156,715,0.051000
433,3,0,389,4,554,0.067000
434,3,0,740,107,258,0.050000
435,3,0,25,10,832,0.056500
436,3,0,278,79,466,0.051000
437,3,0,9,2,717,0.508000
438,3,0,330,17,832,0.060500
439,3,0,151,4,437,0.670000
440,3,0,86,69,970,0.060500
441,3,0,276,105,772,0.058500
442,3,0,256,29,832,0.057500
443,3,0,45,12,320,0.055500
444,3,0,112,30,148,0.073500
445,3,0,349,33,36,0.053000
446,3,0,27,6,9,0.243500
447,3,0,557,49,106,0.053000
448,3,0,535,77,717,0.057000
449,3,0,703,6,799,0.062000
450,3,0,158,9,717,0.054500
451,3,0,459,129,66,0.056000
452,3,0,586,71,832,0.057000
453,3,0,338,7,191,0.114000
454,3,0,571,4,316,0.071500
455,3,0,809,54,224,0.055000
456,3,0,762,114,172,0.063000
457,3,0,21,10,717,0.131000
458,3,0,195,8,148,0.102500
459,3,0,226,52,397,0.050000
460,3,0,134,56,717,0.051500
461,3,0,765,13,746,0.058000
462,3,0,429,62,772,0.052000
463,3,0,493,42,664,0.050500
464,3,0,321,8,437,0.065000
465,3,0,263,21,554,0.080500
466,3,0,72,7,832,0.082000
467,3,0,273,12,191,0.115500
468,3,0,655,19,505,0.069000
469,3,0,205,27,36,0.057000
470,3,0,380,121,935,0.055500
471,3,0,564,18,554,0.081500
472,3,0,609,171,862,0.051500
473,3,0,497,54,948,0.058500
474,3,0,345,95,538,0.053500
475,3,0,684,6,249,0.264000
476,3,0,352,57,832,0.054500
477,3,0,64,4,437,0.115000
478,3,0,23,10,717,0.055500
479,3,0,170,13,437,0.050000
480,3,0,133,43,717,0.055000
481,3,0,137,7,717,0.063000
482,3,0,219,8,148,0.285500
483,3,0,434,33,974,0.056500
484,3,0,137,3,908,0.121500
485,3,0,633,151,826,0.052500
486,3,0,895,17,907,0.099500
487,3,0,851,24,490,0.054500
488,3,0,820,79,935,0.052500
489,3,0,382,48,660,0.054000
490,3,1,8,42,488,0.051500
491,3,0,701,22,576,0.061500
492,3,0,702,96,68,0.051000
493,3,0,548,24,554,0.051500
494,3,0,100,3,437,0.083500
495,3,0,70,23,594,0.078500
496,3,0,746,259,832,0.053000
497,3,0,382,17,554,0.050000
498,3,0,181,9,832,0.088500
499,3,0,461,20,320,0.051500
500,3,0,163,6,191,0.109000
501,3,0,159,36,47,0.070500
502,3,0,250,48,148,0.055000
503,3,0,117,6,356,0.058500
504,3,0,540,115,54,0.065000
505,3,0,415,25,832,0.083500
506,3,0,494,110,772,0.052500
507,3,0,484,85,832,0.052000
508,3,0,802,70,828,0.061500
509,3,0,246,23,832,0.053000
510,3,0,32,6,356,0.206500
511,3,0,969,31,743,0.052500
512,3,0,375,20,832,0.075500
513,3,0,226,3,717,0.055500
514,3,0,181,16,717,0.053500
515,3,0,28,8,249,0.086000
516,3,0,128,16,717,0.096500
517,3,0,512,4,961,0.066500
518,3,0,338,41,717,0.053500
519,3,1,7,12,191,0.058500
520,3,0,231,15,191,0.066000
521,3,0,690,65,948,0.050000
522,3,1,5,23,920,0.058000
523,3,0,134,22,519,0.066000
524,3,0,486,87,148,0.051000
525,3,0,129,17,410,0.055500
526,3,0,19,7,356,0.160500
527,3,0,59,1,717,0.007500
528,3,0,779,1,522,0.000000
529,3,0,194,28,397,0.084500
530,3,0,329,104,631,0.050500
531,3,0,231,86,832,0.055500
532,3,0,903,20,522,0.068500
533,3,0,72,10,717,0.060500
534,3,0,50,8,356,0.056000
535,3,0,924,300,490,0.050500
536,3,0,223,15,717,0.063000
537,3,0,563,73,793,0.052000
538,3,1,5,8,410,0.071500
539,3,0,678,243,207,0.060500
540,3,0,193,30,538,0.098500
541,3,0,427,82,832,0.050500
542,3,0,272,27,410,0.059000
543,3,0,480,41,397,0.053000
544,3,0,227,68,717,0.054000
545,3,0,450,11,717,0.084000
546,3,0,514,7,191,0.142000
547,3,0,478,64,717,0.051500
548,3,0,940,67,799,0.052000
549,3,0,992,6,329,0.071500
550,3,0,831,48,410,0.050000
551,3,0,575,234,599,0.050500
552,3,0,21,20,356,0.169500
553,3,0,64,7,437,0.058500
554,3,0,47,16,437,0.050000
555,3,0,282,11,717,0.057000
556,3,0,227,12,931,0.198000
557,3,0,687,107,832,0.052500
558,3,0,909,98,490,0.057000
559,3,0,581,60,543,0.050000
560,3,0,792,161,604,0.057000
561,3,0,334,12,148,0.079500
562,3,0,5,2,388,0.309000
563,3,0,613,48,652,0.050500
564,3,0,293,3,664,0.077000
565,3,0,415,84,68,0.057000
566,3,0,293,10,410,0.087000
567,3,0,857,167,639,0.053000
568,3,0,421,87,285,0.057000
569,3,0,630,72,862,0.055500
570,3,0,174,11,148,0.059500
571,3,0,378,59,717,0.050500
572,3,0,34,7,632,0.071500
573,3,0,729,98,554,0.052500
574,3,0,89,4,717,0.085500
575,3,0,219,5,832,0.056000
576,3,0,360,11,320,0.053500
577,3,0,123,4,832,0.088000
578,3,0,571,77,148,0.053500
579,3,0,821,4,155,0.274000
580,3,0,730,37,758,0.051000
581,3,0,389,22,191,0.056000
582,3,0,874,163,599,0.052500
583,3,0,820,137,814,0.053000
584,3,0,768,12,908,0.137000
585,3,0,613,2,316,0.309000
586,3,0,196,20,664,0.055000
587,3,0,455,157,399,0.058500
588,3,0,677,83,708,0.051000
589,3,0,663,56,664,0.050000
590,3,0,633,126,866,0.050000
591,3,0,970,15,718,0.066000
592,3,0,99,48,68,0.050000
593,3,0,20,5,356,0.085500
594,3,0,54,37,664,0.056500
595,3,0,497,45,717,0.061000
596,3,0,154,8,717,0.080000
597,3,0,308,71,604,0.051500
598,3,0,36,14,832,0.051500
599,3,1,58,29,32,0.058000
600,3,0,317,64,717,0.054500
601,3,0,485,5,664,0.058500
602,3,0,715,19,554,0.052000
603,3,0,506,14,78,0.067000
604,3,0,162,9,717,0.146000
605,3,0,580,25,986,0.060500
606,3,0,540,79,664,0.068000
607,3,0,885,132,616,0.051000
608,3,0,717,7,522,0.069000
609,3,0,776,86,149,0.050000
610,3,0,782,152,599,0.053000
611,3,0,468,48,832,0.065500
612,3,0,796,30,702,0.051500
613,3,0,551,3,554,0.057000
614,3,0,454,9,249,0.050000
615,3,0,110,4,832,0.158500
616,3,0,392,16,320,0.050000
617,3,0,393,81,660,0.053500
618,3,0,687,47,594,0.077000
619,3,0,354,27,832,0.116500
620,3,0,286,12,191,0.099000
621,3,0,773,153,937,0.054500
622,3,0,148,8,832,0.050500
623,3,0,614,104,239,0.051500
624,3,0,259,17,191,0.052500
625,3,0,272,48,717,0.050000
626,3,0,919,1,656,0.007500
627,3,1,8,9,249,0.253000
628,3,0,58,3,717,0.095500
629,3,0,226,4,437,0.112000
630,3,0,587,20,316,0.051000
631,3,0,329,16,47,0.057000
632,3,0,676,3,522,0.100500
633,3,0,139,6,78,0.136000
634,3,0,83,11,717,0.087500
635,3,0,168,40,538,0.051000
636,3,0,500,96,814,0.051000
637,3,0,977,24,405,0.093000
638,3,0,480,64,410,0.058500
639,3,0,547,29,664,0.052500
640,3,0,553,109,429,0.051000
641,3,0,351,73,832,0.050000
642,3,1,6,18,437,0.065000
643,3,0,224,1,717,0.011500
644,3,0,391,19,437,0.056000
645,3,0,316,88,117,0.052500
646,3,0,239,14,717,0.092500
647,3,0,229,7,191,0.061500
648,3,0,995,1,446,0.000000
649,3,0,561,11,249,0.053000
650,3,0,227,19,410,0.084000
651,3,0,636,82,538,0.071000
652,3,0,75,5,148,0.230500
653,3,0,325,10,191,0.070500
654,3,1,7,8,437,0.057000
655,3,0,29,2,522,0.993000
656,3,0,354,4,935,0.050500
657,3,0,93,2,402,0.053000
658,3,0,586,9,599,0.133000
659,3,0,13,11,822,0.098000
660,3,0,16,8,356,0.050000
661,3,0,64,7,148,0.053500
662,3,0,623,27,554,0.050500
663,3,0,401,26,627,0.061500
664,3,1,28,24,717,0.067500
665,3,0,27,9,832,0.073500
666,3,0,447,13,519,0.101500
667,3,0,379,28,410,0.058000
668,3,0,421,35,717,0.052000
669,3,0,529,35,935,0.065500
670,3,0,980,19,388,0.057500
671,3,0,254,21,731,0.052000
672,3,0,458,20,717,0.105500
673,3,0,146,15,356,0.108500
674,3,0,721,98,149,0.052500
675,3,0,851,46,155,0.054000
676,3,0,540,9,556,0.088500
677,3,0,863,217,921,0.052000
678,3,0,465,13,642,0.116500
679,3,0,990,6,88,0.093500
680,3,0,609,3,554,0.138000
681,3,0,679,66,139,0.054500
682,3,0,490,47,832,0.050500
683,3,0,47,32,538,0.058000
684,3,0,79,4,717,0.145500
685,3,0,70,19,717,0.051000
686,3,0,127,17,356,0.066500
687,3,0,759,119,68,0.051500
688,3,0,273,9,717,0.054500
689,3,0,171,10,410,0.068500
690,3,0,971,1,393,0.013500
691,3,1,32,47,717,0.050000
692,3,0,75,5,832,0.061500
693,3,0,520,114,11,0.051000
694,3,0,113,41,538,0.059000
695,3,0,457,25,907,0.061000
696,3,0,39,2,356,0.839500
697,3,0,178,9,410,0.057000
698,3,0,613,77,148,0.058000
699,3,0,860,20,546,0.180000
700,3,0,906,55,382,0.058500
701,3,0,873,66,724,0.052000
702,3,0,16,12,832,0.060000
703,3,0,473,8,731,0.113000
704,3,0,977,12,718,0.139500
705,3,0,408,34,410,0.055000
706,3,0,493,112,397,0.050000
707,3,0,152,6,148,0.078000
708,3,0,44,32,356,0.052000
709,3,0,851,67,961,0.083000
710,3,0,587,8,935,0.059000
711,3,0,246,40,148,0.068000
712,3,0,157,22,717,0.050500
713,3,0,323,5,191,0.112500
714,3,0,773,226,554,0.050500
715,3,0,122,6,356,0.120000
716,3,0,155,14,384,0.089000
717,3,1,6,8,437,0.068500
718,3,0,21,4,603,0.079000
719,3,0,485,76,664,0.064000
720,3,0,34,12,832,0.059000
721,3,0,786,194,556,0.051500
722,3,0,749,237,948,0.061500
723,3,0,139,15,594,0.056000
724,3,0,371,87,948,0.056500
725,3,0,157,15,538,0.052000
726,3,0,459,93,777,0.056500
727,3,0,174,6,717,0.119000
728,3,0,335,11,437,0.065500
729,3,0,310,31,717,0.060000
730,3,0,566,7,139,0.072500
731,3,0,157,1,832,0.002000
732,3,0,49,16,754,0.050500
733,3,0,610,71,320,0.051000
734,3,0,818,181,120,0.052500
735,3,0,318,39,717,0.055500
736,3,0,223,3,717,0.276500
737,3,0,903,62,717,0.070500
738,3,0,64,52,664,0.051500
739,3,0,913,7,608,0.059500
740,3,0,25,21,832,0.052000
741,3,0,238,46,32,0.053000
742,3,0,222,13,832,0.104000
743,3,0,605,60,519,0.057000
744,3,0,633,12,191,0.065500
745,3,1,24,23,249,0.072500
746,3,1,21,26,505,0.055000
747,3,0,804,125,948,0.050500
748,3,0,229,31,664,0.059500
749,3,0,602,19,149,0.089500
750,3,0,111,13,356,0.053000
751,3,0,49,7,717,0.175500
752,3,0,800,27,745,0.055000
753,3,0,443,11,78,0.102000
754,3,1,1,1,754,0.000000
755,3,0,636,24,211,0.053500
756,3,0,257,13,832,0.061000
757,3,0,374,81,44,0.052000
758,3,0,344,6,191,0.152000
759,3,0,525,50,70,0.052500
760,3,0,719,4,134,0.059500
761,3,0,406,3,935,0.184500
762,3,1,316,300,866,0.052000
763,3,0,184,27,832,0.054000
764,3,0,151,102,604,0.055500
765,3,0,371,16,717,0.088500
766,3,0,211,107,793,0.051500
767,3,0,807,53,838,0.051000
768,3,0,991,2,562,0.633500
769,3,0,239,28,413,0.065500
770,3,0,273,13,191,0.078000
771,3,0,607,84,519,0.053500
772,3,0,47,8,191,0.215000
773,3,0,18,12,832,0.063500
774,3,0,162,4,832,0.637000
775,3,0,470,70,149,0.059500
776,3,0,521,55,183,0.054500
777,3,0,36,8,148,0.102000
778,3,0,115,89,604,0.050500
779,3,0,183,14,148,0.056500
780,3,0,201,47,717,0.054500
781,3,0,588,80,320,0.055500
782,3,0,165,10,356,0.050500
783,3,0,883,26,224,0.051500
784,3,0,149,59,660,0.057500
785,3,0,654,1,656,0.027000
786,3,0,774,247,972,0.051500
787,3,0,973,263,682,0.051500
788,3,0,782,13,627,0.052000
789,3,0,445,17,320,0.052000
790,3,0,678,135,258,0.055000
791,3,0,493,58,320,0.054500
792,3,0,581,21,603,0.057000
793,3,0,245,30,832,0.070500
794,3,0,193,36,832,0.061000
795,3,0,384,6,191,0.085500
796,3,0,52,7,148,0.050000
797,3,0,614,42,773,0.083500
798,3,0,292,128,715,0.053500
799,3,0,336,41,320,0.073000
800,3,0,375,8,717,0.090500
801,3,0,25,5,832,0.090500
802,3,0,133,57,106,0.074500
803,3,0,79,14,410,0.067000
804,3,0,384,16,832,0.120500
805,3,0,338,17,717,0.070500
806,3,0,384,24,148,0.053000
807,3,0,513,44,47,0.061000
808,3,0,869,115,999,0.051000
809,3,0,903,24,907,0.062000
810,3,0,759,1,908,0.030000
811,3,0,833,15,522,0.051500
812,3,0,824,179,277,0.058000
813,3,0,621,19,78,0.080000
814,3,0,254,17,191,0.062000
815,3,0,623,216,859,0.050500
816,3,1,9,6,412,0.059500
817,3,0,272,40,410,0.052500
818,3,0,560,24,642,0.053500
819,3,0,742,11,191,0.051000
820,3,0,128,33,970,0.051000
821,3,0,274,47,948,0.054500
822,3,0,65,2,78,0.999500
823,3,0,788,16,18,0.079000
824,3,0,23,5,832,0.127500
825,3,0,298,50,148,0.052500
826,3,0,136,16,356,0.055500
827,3,0,228,35,410,0.056500
828,3,0,248,5,832,0.054000
829,3,0,635,41,249,0.055000
830,3,0,768,7,935,0.054500
831,3,0,635,3,664,0.150000
832,3,0,8,1,717,0.003000
833,3,0,709,4,627,0.140000
834,3,0,345,6,148,0.052000
835,3,0,828,52,191,0.057000
836,3,0,730,2,554,0.181500
837,3,0,599,14,1000,0.051000
838,3,0,418,83,397,0.050500
839,3,0,718,113,66,0.052500
840,3,0,336,31,36,0.060000
841,3,0,149,44,397,0.051500
842,3,0,435,22,78,0.083500
843,3,0,324,31,397,0.089000
844,3,0,229,10,191,0.069000
845,3,0,706,5,599,0.318500
846,3,0,859,192,331,0.050000
847,3,1,635,84,940,0.053000
848,3,0,502,89,948,0.053500
849,3,0,138,4,717,0.057000
850,3,0,107,11,191,0.059500
851,3,0,616,67,731,0.050000
852,3,1,125,135,777,0.066500
853,3,0,281,29,832,0.060000
854,3,0,330,129,66,0.050500
855,3,0,102,8,320,0.050500
856,3,0,607,31,519,0.051000
857,3,0,643,22,437,0.052500
858,3,0,423,152,898,0.051500
859,3,0,109,5,191,0.305500
860,3,0,772,17,192,0.081000
861,3,0,258,79,862,0.050000
862,3,0,27,11,148,0.075000
863,3,0,230,38,519,0.059000
864,3,0,410,22,898,0.062000
865,3,0,921,27,961,0.060000
866,3,0,335,18,832,0.061000
867,3,0,158,7,717,0.146500
868,3,0,852,8,149,0.060000
869,3,1,5,6,907,0.202500
870,3,1,1,1,870,0.003000
871,3,0,63,18,717,0.059500
872,3,0,508,32,554,0.055000
873,3,0,810,27,999,0.066000
874,3,0,88,21,905,0.110500
875,3,0,190,36,931,0.052000
876,3,0,209,27,437,0.055500
877,3,0,377,188,660,0.059000
878,3,0,177,1,717,0.019000
879,3,0,171,6,437,0.058500
880,3,0,220,12,832,0.085000
881,3,0,555,28,554,0.057000
882,3,0,394,34,397,0.050500
883,3,0,855,113,795,0.050000
884,3,0,115,29,142,0.055500
885,3,0,11,4,412,0.085500
886,3,0,300,4,148,0.131500
887,3,0,904,13,627,0.101500
888,3,0,824,62,410,0.053000
889,3,0,170,4,717,0.068000
890,3,0,948,3,656,0.087500
891,3,0,423,52,948,0.054000
892,3,0,686,146,814,0.050000
893,3,0,582,42,832,0.050000
894,3,0,826,28,134,0.050000
895,3,0,254,24,717,0.055000
896,3,0,447,58,106,0.058500
897,3,0,35,6,410,0.075000
898,3,0,354,88,715,0.054500
899,3,0,104,68,777,0.055000
900,3,0,921,17,546,0.058500
901,3,0,334,48,717,0.053500
902,3,0,51,7,717,0.082500
903,3,0,703,4,554,0.057000
904,3,0,215,39,717,0.059000
905,3,0,11,5,717,0.254500
906,3,0,39,3,191,0.052500
907,3,1,1,2,907,0.103000
908,3,1,1,13,908,0.056500
909,3,1,140,49,672,0.054500
910,3,0,540,41,554,0.056000
911,3,0,127,14,717,0.056500
912,3,0,420,37,772,0.055000
913,3,0,83,1,832,0.008500
914,3,0,47,11,832,0.073000
915,3,0,294,1,320,0.027000
916,3,0,318,31,106,0.108000
917,3,0,11,4,437,0.593500
918,3,0,945,1,907,0.010000
919,3,0,726,17,799,0.079500
920,3,0,92,18,320,0.054500
921,3,0,297,32,239,0.056500
922,3,0,702,100,862,0.050000
923,3,0,306,90,102,0.057000
924,3,0,995,1,446,0.009500
925,3,0,312,21,862,0.051500
926,3,0,900,1,402,0.016000
927,3,0,842,172,11,0.056000
928,3,0,941,6,656,0.056000
929,3,0,779,78,316,0.053000
930,3,0,211,105,664,0.053500
931,3,0,10,6,832,0.070500
932,3,0,729,15,505,0.055500
933,3,0,299,68,320,0.052500
934,3,0,18,5,249,0.079000
935,3,0,200,5,832,0.050500
936,3,0,248,38,664,0.050500
937,3,0,197,66,552,0.051000
938,3,0,784,125,616,0.051000
939,3,0,659,156,715,0.050500
940,3,0,437,39,101,0.055500
941,3,0,370,200,161,0.051000
942,3,1,1,5,942,0.838000
943,3,0,247,62,47,0.058500
944,3,0,446,53,410,0.065500
945,3,0,838,197,554,0.054500
946,3,0,574,5,249,0.079500
947,3,0,446,80,832,0.056500
948,3,0,50,11,148,0.071500
949,3,0,904,214,149,0.055000
950,3,0,236,20,148,0.062000
951,3,1,44,97,501,0.053500
952,3,0,407,116,763,0.053000
953,3,0,764,49,239,0.053000
954,3,0,698,5,78,0.061500
955,3,0,545,5,832,0.374000
956,3,0,375,50,772,0.055000
957,3,0,445,17,717,0.050500
958,3,0,917,33,546,0.053000
959,3,0,378,52,948,0.067000
960,3,0,793,181,316,0.052000
961,3,0,280,14,554,0.058000
962,3,0,438,241,542,0.058500
963,3,0,207,87,660,0.052500
964,3,0,175,60,36,0.053000
965,3,0,816,14,799,0.052500
966,3,0,674,71,616,0.051000
967,3,0,949,81,420,0.052500
968,3,0,436,15,410,0.081500
969,3,0,160,7,717,0.053000
970,3,0,6,1,832,0.010000
971,3,0,205,11,356,0.068500
972,3,0,227,48,148,0.054500
973,3,0,483,17,772,0.062500
974,3,0,106,11,437,0.051500
975,3,0,675,35,935,0.055000
976,3,0,670,85,862,0.051000
977,3,0,946,30,1000,0.050500
978,3,0,485,104,397,0.050000
979,3,0,405,16,664,0.088500
980,3,0,907,154,249,0.055500
981,3,0,899,52,543,0.067500
982,3,0,315,39,772,0.051500
983,3,0,476,29,594,0.055500
984,3,0,871,107,519,0.059000
985,3,0,634,79,838,0.055500
986,3,0,464,83,715,0.053000
987,3,0,621,28,832,0.052000
988,3,0,574,89,397,0.051500
989,3,0,790,19,554,0.056000
990,3,0,689,57,320,0.061000
991,3,0,503,95,772,0.057500
992,3,0,669,1,556,0.031000
993,3,0,383,44,148,0.050500
994,3,0,82,1,717,0.021000
995,3,0,118,21,664,0.149500
996,3,0,445,70,410,0.054000
997,3,0,783,46,495,0.055000
998,3,0,299,49,832,0.052500
999,3,0,504,62,66,0.050000
1000,3,1,49,50,149,0.056000
1,4,0,335,42,191,0.050500
2,4,0,166,34,604,0.063500
3,4,0,393,4,78,0.109000
4,4,0,95,3,717,0.076000
5,4,0,133,5,139,0.191500
6,4,0,259,28,832,0.052500
7,4,0,496,15,717,0.051500
8,4,0,293,2,717,0.054000
9,4,0,18,3,816,0.069500
10,4,0,422,92,413,0.054000
11,4,0,102,8,356,0.058000
12,4,0,871,4,155,0.176000
13,4,0,662,3,603,0.125500
14,4,0,320,18,814,0.051500
15,4,0,684,81,397,0.050000
16,4,0,162,54,931,0.065000
17,4,0,456,58,410,0.050500
18,4,1,9,9,822,0.061000
19,4,0,434,119,862,0.056000
20,4,0,775,120,937,0.059500
21,4,0,519,14,149,0.087000
22,4,0,308,20,717,0.057000
23,4,0,404,71,717,0.052500
24,4,0,236,58,717,0.050500
25,4,0,799,160,644,0.051500
26,4,0,720,169,859,0.050500
27,4,0,306,60,642,0.056500
28,4,0,521,4,191,0.093000
29,4,0,727,43,495,0.058000
30,4,0,109,8,717,0.061000
31,4,1,17,57,142,0.058500
32,4,0,46,14,437,0.051500
33,4,0,562,3,556,0.259500
34,4,0,726,12,316,0.053500
35,4,0,287,42,413,0.051000
36,4,0,11,10,905,0.059500
37,4,0,162,8,191,0.064500
38,4,0,873,89,146,0.055000
39,4,0,379,56,356,0.056000
40,4,0,242,4,832,0.225000
41,4,0,663,169,413,0.051000
42,4,0,419,29,712,0.066000
43,4,0,720,10,522,0.054500
44,4,1,10,12,148,0.081500
45,4,0,544,105,604,0.050500
46,4,0,935,1,907,0.000000
47,4,0,9,8,717,0.088500
48,4,0,837,2,754,0.064500
49,4,0,973,1,412,0.003500
50,4,0,137,22,717,0.051500
51,4,0,748,2,907,0.154500
52,4,0,921,19,695,0.055000
53,4,0,484,55,410,0.057500
54,4,0,27,5,717,0.075000
55,4,0,736,43,554,0.054000
56,4,0,240,6,379,0.094500
57,4,0,83,11,148,0.065000
58,4,1,3,6,739,0.066500
59,4,0,704,31,554,0.059000
60,4,0,626,153,570,0.051000
61,4,0,217,9,191,0.071000
62,4,0,343,9,832,0.059500
63,4,0,820,80,149,0.050500
64,4,0,813,337,268,0.051000
65,4,0,9,1,907,0.014500
66,4,0,123,4,717,0.064500
67,4,0,341,33,832,0.054500
68,4,0,89,19,832,0.063000
69,4,0,48,18,78,0.055000
70,4,0,78,1,717,0.030000
71,4,0,466,8,832,0.074000
72,4,0,219,4,717,0.066000
73,4,0,511,107,904,0.052000
74,4,0,677,240,822,0.050000
75,4,0,499,83,660,0.050500
76,4,0,127,88,320,0.052500
77,4,0,661,48,832,0.052500
78,4,0,74,7,832,0.134500
79,4,0,90,4,356,0.056000
80,4,0,955,29,908,0.051500
81,4,0,297,151,596,0.051500
82,4,0,283,11,717,0.052500
83,4,0,451,21,249,0.059000
84,4,0,642,74,857,0.053500
85,4,0,615,2,603,0.145000
86,4,0,992,2,389,0.155500
87,4,0,130,10,832,0.076000
88,4,0,870,1,393,0.000000
89,4,0,958,278,303,0.050500
90,4,0,535,22,554,0.058000
91,4,0,210,5,717,0.129500
92,4,0,655,5,249,0.063500
93,4,0,855,210,413,0.051500
94,4,0,173,17,832,0.063500
95,4,0,964,1,393,0.000000
96,4,0,955,17,718,0.050000
97,4,0,144,29,717,0.107000
98,4,0,657,15,822,0.110500
99,4,0,336,46,519,0.054500
100,4,0,63,10,356,0.159500
101,4,0,111,10,320,0.093000
102,4,0,25,20,717,0.066500
103,4,0,87,16,106,0.162000
104,4,0,808,103,410,0.059000
105,4,0,146,2,832,0.101500
106,4,0,35,4,356,0.073000
107,4,1,21,96,399,0.053000
108,4,0,478,18,664,0.055000
109,4,0,352,45,717,0.131000
110,4,0,551,68,948,0.061000
111,4,0,718,87,36,0.053500
112,4,0,165,6,356,0.124000
113,4,0,515,104,731,0.053000
114,4,0,954,53,687,0.050500
115,4,0,891,26,799,0.056500
116,4,0,544,105,410,0.050000
117,4,0,61,6,717,0.052500
118,4,1,52,46,397,0.050500
119,4,0,956,4,412,0.091000
120,4,0,177,35,717,0.063500
121,4,0,98,5,717,0.080500
122,4,0,722,168,423,0.058500
123,4,0,691,41,316,0.054000
124,4,0,458,24,717,0.054000
125,4,0,272,28,948,0.071000
126,4,0,296,8,191,0.059000
127,4,0,269,146,832,0.050000
128,4,0,442,154,519,0.055500
129,4,0,753,44,594,0.052000
130,4,0,944,8,823,0.079000
131,4,0,331,13,642,0.362000
132,4,0,729,41,935,0.053500
133,4,0,173,112,413,0.051000
134,4,0,86,14,717,0.059500
135,4,0,263,49,660,0.058000
136,4,0,51,12,356,0.052500
137,4,0,663,37,948,0.054000
138,4,0,899,71,312,0.055000
139,4,1,6,15,410,0.061000
140,4,0,970,1,810,0.006500
141,4,0,493,13,519,0.059000
142,4,0,8,3,717,0.083000
143,4,0,713,19,191,0.071000
144,4,0,461,104,664,0.067500
145,4,0,96,12,148,0.087500
146,4,0,621,61,832,0.051500
147,4,0,143,1,717,0.000500
148,4,1,3,5,356,0.059500
149,4,0,320,92,540,0.053500
150,4,0,251,9,356,0.114500
151,4,0,436,9,664,0.066000
152,4,0,238,7,717,0.207500
153,4,0,763,21,410,0.050000
154,4,0,956,42,393,0.056500
155,4,0,483,12,320,0.081500
156,4,0,103,20,832,0.052500
157,4,0,74,56,897,0.050000
158,4,0,925,9,488,0.072000
159,4,0,672,8,908,0.054500
160,4,0,875,81,715,0.052000
161,4,0,109,54,148,0.060000
162,4,0,259,22,717,0.056500
163,4,0,746,115,397,0.051500
164,4,0,843,31,134,0.054500
165,4,0,163,108,397,0.056500
166,4,1,21,60,717,0.052000
167,4,0,769,4,908,0.183500
168,4,0,903,82,183,0.052000
169,4,0,126,1,191,0.003000
170,4,0,435,66,948,0.053000
171,4,0,219,7,832,0.368500
172,4,0,35,28,832,0.052000
173,4,0,117,23,410,0.058500
174,4,0,560,64,399,0.063500
175,4,0,561,18,920,0.072500
176,4,0,399,26,664,0.065500
177,4,0,525,13,664,0.075500
178,4,0,778,49,413,0.051000
179,4,0,345,10,717,0.095000
180,4,0,408,7,191,0.114000
181,4,0,473,36,717,0.054500
182,4,0,124,66,604,0.053500
183,4,1,11,98,285,0.050500
184,4,0,945,24,745,0.050500
185,4,0,178,2,191,0.160500
186,4,0,145,12,148,0.061500
187,4,0,265,46,717,0.056500
188,4,0,689,186,156,0.050500
189,4,0,384,15,717,0.075000
190,4,0,694,57,948,0.050500
191,4,1,2,5,356,0.272000
192,4,0,25,9,599,0.052500
193,4,0,373,79,54,0.053500
194,4,0,221,25,148,0.057000
195,4,0,569,37,832,0.050000
196,4,0,440,3,148,0.052000
197,4,0,634,24,664,0.064500
198,4,0,620,26,191,0.055500
199,4,0,357,40,142,0.055500
200,4,0,302,7,717,0.122500
201,4,0,241,58,717,0.060000
202,4,0,946,53,1000,0.050500
203,4,0,474,8,139,0.079500
204,4,0,401,39,664,0.052500
205,4,1,13,21,191,0.056000
206,4,0,842,11,687,0.054500
207,4,0,71,51,399,0.053500
208,4,0,546,43,594,0.059500
209,4,0,688,88,772,0.053500
210,4,0,353,18,320,0.063000
211,4,0,69,8,356,0.220500
212,4,0,133,1,393,0.000000
213,4,0,62,12,148,0.054000
214,4,0,372,5,562,0.228000
215,4,0,422,94,239,0.062500
216,4,0,561,7,832,0.050000
217,4,0,757,42,838,0.059000
218,4,0,525,19,316,0.067000
219,4,1,1,1,219,0.000000
220,4,0,126,12,437,0.116000
221,4,0,433,79,604,0.050500
222,4,0,596,70,410,0.050500
223,4,1,410,293,645,0.051000
224,4,0,574,73,717,0.053500
225,4,0,281,73,320,0.050000
226,4,0,105,1,191,0.000000
227,4,0,257,70,142,0.052500
228,4,0,219,1,191,0.002000
229,4,0,919,43,307,0.061000
230,4,0,998,3,446,0.068500
231,4,0,24,9,717,0.131500
232,4,0,228,8,832,0.056000
233,4,0,466,35,249,0.050500
234,4,0,438,97,715,0.072500
235,4,0,697,106,399,0.050500
236,4,0,231,19,832,0.050500
237,4,0,446,8,717,0.073500
238,4,0,642,51,249,0.052500
239,4,0,166,44,31,0.067500
240,4,0,31,3,832,0.114000
241,4,1,11,15,832,0.075500
242,4,0,586,40,139,0.054000
243,4,0,338,35,148,0.071000
244,4,0,816,122,66,0.052000
245,4,0,895,232,502,0.055500
246,4,0,427,24,664,0.053000
247,4,0,553,41,717,0.054000
248,4,0,385,5,554,0.082500
249,4,0,38,14,642,0.137500
250,4,0,415,30,320,0.052000
251,4,0,767,79,437,0.050000
252,4,0,142,26,36,0.066500
253,4,0,460,6,393,0.246000
254,4,0,158,29,47,0.056000
255,4,0,82,15,717,0.083500
256,4,0,160,9,191,0.051000
257,4,0,987,1,412,0.010500
258,4,0,451,69,397,0.052500
259,4,0,595,37,772,0.053500
260,4,0,438,116,763,0.050500
261,4,0,419,75,799,0.055000
262,4,0,12,1,816,0.001500
263,4,0,660,7,655,0.138000
264,4,0,474,160,715,0.050500
265,4,0,280,10,410,0.059000
266,4,0,671,20,569,0.060000
267,4,0,234,60,660,0.051500
268,4,0,332,53,397,0.050500
269,4,0,58,6,191,0.070500
270,4,0,658,53,316,0.056000
271,4,0,14,2,522,0.072500
272,4,0,498,39,410,0.052000
273,4,0,585,6,249,0.328000
274,4,0,86,57,397,0.050000
275,4,0,734,48,139,0.050500
276,4,0,854,25,664,0.055000
277,4,1,20,198,756,0.051000
278,4,0,771,258,715,0.050500
279,4,0,707,73,898,0.052500
280,4,0,410,4,191,0.182000
281,4,0,80,5,717,0.090000
282,4,0,361,1,191,0.002500
283,4,0,679,15,554,0.053500
284,4,0,479,47,948,0.060000
285,4,0,24,9,356,0.123000
286,4,0,777,15,556,0.050000
287,4,0,49,3,393,0.067500
288,4,0,217,32,660,0.052500
289,4,0,339,34,717,0.055500
290,4,0,789,81,466,0.053500
291,4,0,784,197,664,0.052500
292,4,0,453,12,642,0.056000
293,4,0,380,48,772,0.071500
294,4,0,458,31,106,0.057500
295,4,0,696,132,399,0.059000
296,4,0,622,32,948,0.069500
297,4,0,973,1,412,0.000000
298,4,0,15,10,717,0.227500
299,4,1,87,86,399,0.051500
300,4,0,899,13,655,0.055000
301,4,0,638,92,948,0.061500
302,4,0,148,12,832,0.247500
303,4,0,675,172,542,0.058500
304,4,0,704,62,293,0.054500
305,4,0,463,80,986,0.062500
306,4,0,226,31,397,0.071500
307,4,0,572,151,134,0.053000
308,4,0,977,51,608,0.061000
309,4,0,545,40,554,0.052500
310,4,0,447,12,664,0.059000
311,4,0,742,256,183,0.055000
312,4,0,175,7,717,0.069000
313,4,0,402,268,570,0.054000
314,4,0,415,26,554,0.086500
315,4,0,612,80,814,0.054500
316,4,0,262,101,538,0.051000
317,4,0,54,36,717,0.074500
318,4,0,472,44,320,0.055000
319,4,0,402,16,832,0.053500
320,4,0,84,27,717,0.050500
321,4,0,153,5,148,0.366000
322,4,0,684,124,766,0.054000
323,4,0,996,2,329,0.056500
324,4,0,616,218,118,0.050500
325,4,0,925,73,594,0.053000
326,4,0,850,300,19,0.052500
327,4,0,781,9,695,0.077000
328,4,0,691,23,724,0.058500
329,4,0,102,2,388,0.214000
330,4,0,656,216,603,0.050500
331,4,0,610,20,191,0.055000
332,4,0,879,8,799,0.086000
333,4,0,926,215,351,0.063000
334,4,0,234,36,970,0.061500
335,4,0,107,7,717,0.162500
336,4,0,555,36,717,0.050000
337,4,0,128,15,717,0.081000
338,4,0,112,3,832,0.055000
339,4,0,430,70,106,0.055000
340,4,0,525,56,594,0.082000
341,4,0,665,7,664,0.052500
342,4,0,723,26,554,0.050000
343,4,0,113,10,356,0.055000
344,4,0,660,18,731,0.057000
345,4,0,572,22,664,0.072000
346,4,0,191,13,191,0.082500
347,4,1,22,22,142,0.050500
348,4,0,96,34,148,0.070500
349,4,0,111,10,191,0.057500
350,4,0,195,69,166,0.054000
351,4,0,52,3,832,0.055000
352,4,0,520,114,556,0.054500
353,4,0,144,5,717,0.203000
354,4,0,879,42,32,0.063000
355,4,0,350,62,31,0.052500
356,4,1,1,4,356,0.154000
357,4,0,506,52,66,0.050000
358,4,0,586,86,320,0.051000
359,4,0,746,167,599,0.051000
360,4,0,790,24,627,0.074500
361,4,0,109,14,717,0.073500
362,4,0,974,262,786,0.052500
363,4,0,22,4,799,0.054500
364,4,1,100,108,763,0.050000
365,4,0,819,47,495,0.050000
366,4,0,927,148,490,0.050000
367,4,0,111,16,832,0.052000
368,4,0,97,20,717,0.051500
369,4,0,88,8,356,0.069500
370,4,0,627,6,599,0.054500
371,4,0,537,51,397,0.056000
372,4,0,590,108,604,0.051500
373,4,0,344,12,397,0.055500
374,4,0,89,12,356,0.064000
375,4,0,975,21,718,0.050000
376,4,0,694,5,556,0.077500
377,4,0,204,7,717,0.122000
378,4,0,361,20,832,0.050500
379,4,0,615,9,603,0.081000
380,4,0,775,21,961,0.075000
381,4,0,931,1,393,0.000000
382,4,0,193,1,191,0.006000
383,4,0,572,10,149,0.065000
384,4,0,595,61,664,0.057000
385,4,0,693,60,772,0.053500
386,4,0,397,6,717,0.162000
387,4,0,51,12,718,0.083500
388,4,0,193,4,810,0.151500
389,4,0,975,7,942,0.120500
390,4,0,79,21,47,0.090000
391,4,0,29,7,632,0.054000
392,4,0,356,160,556,0.055500
393,4,0,728,7,155,0.097000
394,4,0,702,44,139,0.051000
395,4,0,415,20,717,0.055000
396,4,0,115,30,832,0.066000
397,4,1,1,36,397,0.051000
398,4,0,636,76,772,0.050000
399,4,0,132,12,832,0.056500
400,4,0,188,10,78,0.064500
401,4,0,475,176,4,0.058000
402,4,0,11,6,745,0.095500
403,4,0,381,69,862,0.050500
404,4,0,737,144,664,0.055500
405,4,0,742,5,149,0.065000
406,4,0,653,79,320,0.053500
407,4,0,515,73,862,0.051500
408,4,0,333,13,717,0.084000
409,4,0,625,94,986,0.052500
410,4,0,7,5,717,0.060500
411,4,0,1000,2,924,0.052000
412,4,0,466,8,754,0.087500
413,4,0,33,6,717,0.091000
414,4,0,896,122,322,0.052000
415,4,0,721,38,239,0.056000
416,4,0,540,57,437,0.073000
417,4,0,420,10,554,0.149500
418,4,0,782,25,594,0.078000
419,4,0,845,259,11,0.055000
420,4,0,709,24,410,0.050000
421,4,0,567,43,538,0.052000
422,4,0,53,1,717,0.003500
423,4,0,87,16,717,0.055000
424,4,0,57,10,717,0.090000
425,4,0,78,7,655,0.129000
426,4,0,22,5,356,0.144000
427,4,0,723,2,554,0.085500
428,4,0,77,50,897,0.050500
429,4,0,45,3,832,0.088000
430,4,0,229,34,948,0.053500
431,4,0,211,35,554,0.104500
432,4,0,236,14,717,0.060500
433,4,0,523,28,554,0.056000
434,4,0,683,247,450,0.053500
435,4,0,128,24,717,0.064500
436,4,0,274,9,717,0.171000
437,4,1,2,6,356,0.387500
438,4,0,368,53,832,0.056000
439,4,0,178,8,717,0.057500
440,4,0,174,7,717,0.107000
441,4,0,157,62,320,0.050000
442,4,0,252,28,410,0.062000
443,4,0,65,10,320,0.124500
444,4,0,126,7,717,0.050000
445,4,0,381,58,66,0.055500
446,4,1,6,8,257,0.072000
447,4,0,531,155,772,0.051500
448,4,0,559,13,664,0.079500
449,4,0,728,16,935,0.067500
450,4,0,162,6,832,0.235500
451,4,0,561,24,712,0.055500
452,4,0,586,20,664,0.057500
453,4,0,327,10,437,0.080500
454,4,0,567,4,556,0.055500
455,4,0,774,30,495,0.061500
456,4,0,712,72,986,0.050500
457,4,0,25,7,717,0.063500
458,4,0,204,15,410,0.054000
459,4,0,230,14,717,0.066500
460,4,0,113,33,717,0.052000
461,4,0,836,20,430,0.054000
462,4,0,412,36,948,0.051500
463,4,0,573,10,410,0.055000
464,4,0,325,5,832,0.138500
465,4,0,220,2,664,0.053000
466,4,0,98,7,832,0.057500
467,4,0,319,44,832,0.053500
468,4,0,686,16,717,0.050000
469,4,0,142,1,717,0.009500
470,4,0,446,11,717,0.069500
471,4,0,504,114,239,0.059500
472,4,1,107,82,495,0.050500
473,4,0,474,1,664,0.004500
474,4,0,352,54,948,0.052000
475,4,0,690,6,249,0.089500
476,4,0,333,42,832,0.057000
477,4,0,100,10,717,0.074500
478,4,0,40,8,717,0.064000
479,4,0,233,7,410,0.203500
480,4,0,132,18,148,0.058500
481,4,0,151,17,717,0.101000
482,4,0,205,81,397,0.054000
483,4,0,421,31,139,0.060500
484,4,0,681,13,249,0.072500
485,4,0,682,58,727,0.055500
486,4,0,928,373,775,0.050500
487,4,0,842,219,285,0.053000
488,4,1,16,70,799,0.051500
489,4,0,365,97,397,0.060000
490,4,0,672,228,258,0.050500
491,4,0,714,7,522,0.088500
492,4,0,548,25,664,0.076500
493,4,0,518,43,397,0.054000
494,4,0,111,10,832,0.079000
495,4,0,273,80,793,0.050500
496,4,0,713,191,935,0.054000
497,4,0,341,4,832,0.056500
498,4,0,175,3,437,0.060000
499,4,0,171,11,505,0.091500
500,4,0,189,2,832,0.073000
501,4,0,180,48,717,0.053500
502,4,0,271,13,642,0.112000
503,4,0,139,2,832,0.070000
504,4,0,513,154,423,0.050500
505,4,0,63,10,556,0.057500
506,4,0,408,146,399,0.051000
507,4,0,443,127,931,0.054000
508,4,0,795,134,556,0.050500
509,4,0,203,36,356,0.068500
510,4,0,31,6,832,0.054000
511,4,0,968,399,986,0.050000
512,4,0,306,22,832,0.064500
513,4,0,253,53,320,0.051000
514,4,0,185,13,191,0.050500
515,4,0,74,13,920,0.071000
516,4,0,122,4,832,0.338500
517,4,0,731,89,814,0.053000
518,4,0,250,19,148,0.074500
519,4,0,5,1,191,0.026500
520,4,0,225,11,717,0.084500
521,4,0,696,94,97,0.056000
522,4,1,2,5,599,0.067500
523,4,0,135,29,717,0.058500
524,4,0,352,44,832,0.062500
525,4,0,168,13,142,0.052500
526,4,1,21,21,717,0.057500
527,4,0,42,16,717,0.131000
528,4,0,756,5,522,0.068500
529,4,0,215,67,772,0.052000
530,4,0,521,163,538,0.054500
531,4,0,226,10,717,0.163500
532,4,0,790,62,831,0.051500
533,4,0,75,10,717,0.069500
534,4,0,9,1,191,0.000000
535,4,0,917,261,331,0.050000
536,4,0,227,10,717,0.050000
537,4,0,740,115,799,0.055500
538,4,1,7,27,148,0.057000
539,4,0,695,3,935,0.085000
540,4,0,178,50,538,0.051000
541,4,0,430,10,832,0.065500
542,4,0,238,9,148,0.058500
543,4,0,611,91,351,0.059500
544,4,0,203,81,660,0.050500
545,4,0,433,24,717,0.056500
546,4,0,564,46,148,0.057000
547,4,0,526,29,731,0.062500
548,4,0,941,7,402,0.335500
549,4,0,993,1,297,0.047500
550,4,0,876,147,413,0.050000
551,4,0,612,20,920,0.098500
552,4,0,60,6,832,0.088000
553,4,0,140,6,717,0.070500
554,4,1,10,23,410,0.148500
555,4,0,292,22,717,0.062000
556,4,0,164,10,832,0.075500
557,4,0,732,107,397,0.053000
558,4,0,916,159,320,0.050000
559,4,0,628,85,664,0.050000
560,4,0,694,229,738,0.050500
561,4,1,10,122,631,0.050500
562,4,1,1,7,562,0.119000
563,4,0,563,30,814,0.063000
564,4,0,414,2,832,0.174500
565,4,0,508,1,717,0.004000
566,4,0,275,21,717,0.076000
567,4,0,879,93,758,0.055500
568,4,0,286,6,642,0.062000
569,4,0,584,100,399,0.052000
570,4,0,168,57,777,0.057000
571,4,0,372,11,832,0.062500
572,4,0,883,12,907,0.052500
573,4,0,441,8,961,0.054000
574,4,1,70,98,397,0.053500
575,4,0,245,32,717,0.053000
576,4,0,377,1,717,0.013500
577,4,0,123,2,356,0.290000
578,4,0,614,89,717,0.054500
579,4,0,776,2,603,0.308000
580,4,0,616,47,672,0.060000
581,4,0,430,7,717,0.077000
582,4,0,697,4,402,0.081500
583,4,0,826,15,594,0.068000
584,4,0,733,1,522,0.000000
585,4,0,568,46,772,0.079000
586,4,0,172,67,156,0.053500
587,4,0,612,80,948,0.066000
588,4,0,604,191,631,0.054000
589,4,0,653,26,664,0.057000
590,4,0,599,11,556,0.055000
591,4,0,952,13,488,0.057000
592,4,0,398,140,777,0.051000
593,4,0,12,8,356,0.065500
594,4,0,173,31,538,0.062000
595,4,0,478,2,191,0.050500
596,4,0,193,32,832,0.064500
597,4,0,220,5,832,0.091000
598,4,0,29,5,410,0.146000
599,4,0,370,3,717,0.052000
600,4,0,102,33,594,0.068000
601,4,0,442,28,664,0.050000
602,4,0,748,97,316,0.050500
603,4,0,304,6,78,0.189000
604,4,0,287,67,554,0.058000
605,4,0,692,207,627,0.050500
606,4,0,501,6,356,0.058500
607,4,0,803,4,799,0.365500
608,4,0,830,1,249,0.013500
609,4,0,896,24,592,0.061000
610,4,0,711,49,986,0.054500
611,4,0,490,9,717,0.066500
612,4,0,807,34,616,0.050500
613,4,0,573,5,191,0.059500
614,4,0,420,44,320,0.055000
615,4,0,114,8,356,0.067000
616,4,0,366,16,832,0.070500
617,4,0,398,90,118,0.051000
618,4,0,723,70,410,0.055000
619,4,0,359,31,832,0.054500
620,4,0,354,124,281,0.050500
621,4,0,727,138,11,0.051000
622,4,0,139,7,717,0.114000
623,4,0,617,131,859,0.051000
624,4,0,207,57,397,0.055500
625,4,0,313,6,356,0.079500
626,4,0,916,39,799,0.071500
627,4,0,129,19,78,0.050500
628,4,0,55,3,717,0.088000
629,4,0,271,12,356,0.083000
630,4,0,388,5,249,0.063000
631,4,0,283,61,717,0.074500
632,4,0,733,71,108,0.053500
633,4,0,305,34,717,0.057000
634,4,0,170,35,664,0.054500
635,4,0,208,35,397,0.070500
636,4,0,634,10,191,0.056000
637,4,0,978,1,327,0.021500
638,4,0,462,97,948,0.052000
639,4,0,544,68,191,0.052500
640,4,0,608,61,717,0.056500
641,4,1,184,141,772,0.050000
642,4,1,4,9,437,0.080000
643,4,0,202,30,356,0.065500
644,4,0,431,59,931,0.062500
645,4,0,417,59,156,0.056500
646,4,0,166,44,106,0.051500
647,4,0,326,36,664,0.057500
648,4,1,2,7,323,0.077500
649,4,0,410,220,882,0.050500
650,4,0,238,1,832,0.006500
651,4,0,678,108,320,0.064500
652,4,0,86,10,356,0.308000
653,4,0,389,39,948,0.061000
654,4,0,14,11,191,0.051000
655,4,0,728,12,745,0.095000
656,4,0,527,5,249,0.245000
657,4,0,812,12,603,0.072500
658,4,0,746,125,855,0.053000
659,4,0,47,3,822,0.058000
660,4,0,16,11,717,0.079500
661,4,0,51,10,832,0.138000
662,4,0,729,8,32,0.051500
663,4,0,354,10,627,0.056500
664,4,0,50,16,148,0.052500
665,4,0,31,19,437,0.067000
666,4,0,361,2,191,0.139000
667,4,0,348,48,931,0.052500
668,4,0,440,84,664,0.050000
669,4,0,666,3,554,0.135500
670,4,0,983,5,810,0.063500
671,4,0,369,15,320,0.053500
672,4,0,459,73,832,0.062000
673,4,0,141,26,717,0.068500
674,4,0,689,1,522,0.002000
675,4,0,816,26,1000,0.064000
676,4,0,529,34,320,0.079500
677,4,0,835,104,664,0.050000
678,4,0,255,8,249,0.149000
679,4,0,991,8,885,0.080500
680,4,0,595,19,134,0.107000
681,4,0,46,6,961,0.173500
682,4,0,518,99,862,0.055000
683,4,0,100,45,832,0.080000
684,4,0,109,6,356,0.136500
685,4,0,79,52,660,0.055000
686,4,0,82,14,717,0.080000
687,4,0,33,3,961,0.053000
688,4,0,258,13,437,0.103000
689,4,0,66,31,139,0.074500
690,4,0,971,27,387,0.065000
691,4,0,72,7,717,0.062500
692,4,0,94,11,717,0.069500
693,4,0,547,104,538,0.052500
694,4,0,178,6,191,0.136500
695,4,1,4,7,655,0.347000
696,4,0,69,4,832,0.077500
697,4,0,190,1,717,0.017500
698,4,0,631,63,772,0.054000
699,4,0,625,17,384,0.066500
700,4,0,916,36,505,0.074500
701,4,0,789,52,594,0.051500
702,4,0,10,9,717,0.070500
703,4,0,393,6,191,0.495500
704,4,0,945,5,388,0.055000
705,4,0,371,78,832,0.050500
706,4,0,535,94,36,0.060000
707,4,1,60,94,47,0.053500
708,4,0,36,1,717,0.049000
709,4,0,851,273,729,0.050500
710,4,0,712,121,410,0.051500
711,4,0,224,26,356,0.063500
712,4,0,252,91,660,0.060000
713,4,0,260,16,832,0.097000
714,4,0,224,60,831,0.051000
715,4,0,126,10,356,0.078500
716,4,0,747,196,910,0.053000
717,4,1,2,7,356,0.067000
718,4,0,64,10,745,0.080000
719,4,0,419,163,399,0.050500
720,4,0,24,8,905,0.055000
721,4,0,735,7,799,0.074000
722,4,0,733,81,594,0.052500
723,4,0,374,102,538,0.057000
724,4,0,17,8,935,0.073000
725,4,0,153,24,538,0.058500
726,4,0,445,7,717,0.139500
727,4,0,139,6,717,0.153500
728,4,0,149,48,320,0.057000
729,4,0,290,10,702,0.080000
730,4,0,617,90,397,0.060500
731,4,0,137,12,437,0.091000
732,4,0,635,40,920,0.067500
733,4,0,599,53,948,0.056500
734,4,0,846,103,293,0.050000
735,4,0,342,7,832,0.054500
736,4,0,205,12,717,0.071500
737,4,0,883,18,490,0.053500
738,4,0,180,73,708,0.051000
739,4,0,949,172,986,0.050000
740,4,0,37,4,437,0.177000
741,4,0,163,1,191,0.006000
742,4,0,133,89,397,0.052000
743,4,0,557,116,862,0.057500
744,4,0,490,76,935,0.053500
745,4,0,27,1,249,0.002500
746,4,0,142,7,430,0.055500
747,4,0,759,281,18,0.050000
748,4,0,212,87,397,0.057500
749,4,0,353,7,320,0.055500
750,4,0,98,3,356,0.051000
751,4,0,22,12,356,0.088000
752,4,0,821,11,799,0.136000
753,4,0,518,86,249,0.055000
754,4,1,1,1,754,0.000000
755,4,0,636,88,717,0.058500
756,4,0,214,81,106,0.051500
757,4,0,392,18,832,0.057500
758,4,0,452,20,717,0.105500
759,4,0,526,6,410,0.072000
760,4,0,663,241,672,0.050000
761,4,0,609,51,757,0.053000
762,4,0,395,183,683,0.052000
763,4,0,131,45,397,0.058500
764,4,0,141,69,664,0.053500
765,4,0,335,28,66,0.059500
766,4,0,121,23,664,0.051500
767,4,0,810,22,462,0.073000
768,4,0,994,5,388,0.148000
769,4,0,311,95,397,0.051500
770,4,0,244,3,519,0.380500
771,4,0,597,93,54,0.050500
772,4,0,92,2,717,0.055500
773,4,1,18,28,717,0.078500
774,4,0,172,2,832,0.057500
775,4,0,628,13,664,0.050000
776,4,0,463,110,66,0.054500
777,4,0,37,6,356,0.330000
778,4,0,233,51,862,0.054500
779,4,0,177,10,410,0.068000
780,4,0,207,82,777,0.051500
781,4,0,587,155,616,0.051500
782,4,0,182,1,191,0.004000
783,4,0,805,14,522,0.075500
784,4,0,194,11,437,0.060500
785,4,0,878,114,477,0.050000
786,4,0,738,30,831,0.061500
787,4,0,971,25,384,0.052000
788,4,0,785,158,239,0.052000
789,4,0,498,17,717,0.052000
790,4,0,683,151,429,0.050500
791,4,0,565,26,316,0.053500
792,4,0,718,1,907,0.001500
793,4,0,181,41,862,0.052500
794,4,0,257,49,642,0.050500
795,4,0,432,107,772,0.053500
796,4,0,100,14,832,0.061500
797,4,0,614,153,814,0.050500
798,4,0,355,16,437,0.070500
799,4,0,379,44,772,0.052500
800,4,0,271,18,832,0.054000
801,4,0,89,64,931,0.056500
802,4,0,137,20,142,0.056000
803,4,0,70,40,832,0.070000
804,4,0,236,79,948,0.057500
805,4,0,267,148,66,0.058000
806,4,0,378,73,862,0.050500
807,4,0,466,8,832,0.061000
808,4,0,784,13,1000,0.056000
809,4,0,866,8,813,0.050500
810,4,0,76,1,908,0.008000
811,4,0,821,10,155,0.087000
812,4,0,818,123,149,0.052000
813,4,1,225,93,18,0.051500
814,4,0,279,27,538,0.077500
815,4,0,594,181,281,0.050000
816,4,1,1,1,816,0.001500
817,4,0,303,16,148,0.067500
818,4,0,553,23,832,0.053000
819,4,0,761,63,316,0.053500
820,4,0,118,17,519,0.133000
821,4,0,267,36,47,0.050000
822,4,0,21,12,249,0.059500
823,4,0,444,7,745,0.064500
824,4,0,17,10,717,0.085000
825,4,0,294,35,47,0.056500
826,4,0,183,7,356,0.050500
827,4,0,212,22,437,0.076500
828,4,0,222,11,832,0.052000
829,4,0,568,114,664,0.051500
830,4,0,777,4,828,0.219500
831,4,0,648,305,793,0.052000
832,4,1,5,8,905,0.327000
833,4,0,470,14,799,0.091500
834,4,0,328,17,148,0.050500
835,4,0,693,38,961,0.054500
836,4,0,782,128,241,0.057500
837,4,0,705,66,664,0.050500
838,4,0,454,20,410,0.053500
839,4,0,731,196,118,0.054000
840,4,0,351,33,356,0.054000
841,4,0,187,7,356,0.229500
842,4,0,636,54,413,0.053500
843,4,0,307,5,410,0.165500
844,4,0,322,38,519,0.057000
845,4,0,670,18,603,0.050000
846,4,0,803,14,656,0.060500
847,4,0,798,26,554,0.068000
848,4,0,504,112,320,0.063000
849,4,0,143,5,717,0.054000
850,4,0,47,29,410,0.061500
851,4,0,575,244,599,0.052000
852,4,0,177,15,832,0.081500
853,4,0,247,23,717,0.054000
854,4,0,404,39,148,0.051500
855,4,0,241,52,410,0.062500
856,4,0,632,271,66,0.051000
857,4,0,569,31,664,0.052500
858,4,0,613,3,664,0.130500
859,4,0,95,7,356,0.095000
860,4,0,721,34,627,0.050000
861,4,0,336,30,832,0.051500
862,4,0,93,6,717,0.065500
863,4,0,213,2,356,0.077000
864,4,0,774,4,832,0.056500
865,4,0,863,25,569,0.066000
866,4,0,254,40,832,0.052500
867,4,0,43,15,664,0.051000
868,4,0,856,327,161,0.052000
869,4,0,57,1,908,0.001500
870,4,0,175,9,393,0.248500
871,4,0,84,1,717,0.011000
872,4,0,531,28,556,0.054500
873,4,0,804,162,838,0.052000
874,4,0,91,19,832,0.055000
875,4,0,104,19,832,0.061500
876,4,0,218,15,717,0.090000
877,4,0,461,118,166,0.051500
878,4,0,104,2,437,0.452000
879,4,0,212,20,832,0.067500
880,4,0,287,46,948,0.052500
881,4,0,520,27,519,0.055000
882,4,0,464,47,356,0.050000
883,4,0,845,5,935,0.062000
884,4,0,153,3,832,0.058500
885,4,0,934,9,579,0.133000
886,4,0,320,34,410,0.052500
887,4,0,898,249,410,0.050000
888,4,0,799,27,149,0.065500
889,4,0,122,4,832,0.067000
890,4,0,927,17,826,0.054000
891,4,0,380,136,763,0.052000
892,4,0,609,120,118,0.051000
893,4,0,135,73,316,0.051500
894,4,0,816,8,935,0.098500
895,4,0,290,26,437,0.050000
896,4,0,295,11,664,0.124500
897,4,0,26,8,832,0.067000
898,4,0,415,57,410,0.051500
899,4,0,116,7,717,0.151000
900,4,0,918,19,418,0.056000
901,4,0,350,146,460,0.050500
902,4,0,83,9,905,0.085500
903,4,0,698,271,540,0.052500
904,4,1,51,58,397,0.053000
905,4,1,3,11,356,0.066500
906,4,0,58,3,717,0.066000
907,4,0,667,9,822,0.061500
908,4,0,250,15,822,0.055000
909,4,1,75,52,672,0.050500
910,4,0,540,177,664,0.051000
911,4,0,158,10,832,0.077000
912,4,0,450,45,410,0.076500
913,4,0,96,5,717,0.058500
914,4,0,49,4,832,0.054000
915,4,0,315,25,320,0.070000
916,4,0,341,59,356,0.050500
917,4,1,4,6,717,0.059500
918,4,0,817,22,579,0.069000
919,4,0,806,44,673,0.053500
920,4,1,1,9,920,0.084500
921,4,0,145,60,239,0.054000
922,4,0,692,50,320,0.063000
923,4,0,353,57,413,0.051000
924,4,1,1,6,924,0.055000
925,4,0,346,9,832,0.082500
926,4,0,880,2,655,0.079000
927,4,0,882,26,627,0.061000
928,4,0,130,11,168,0.146000
929,4,0,821,71,799,0.056000
930,4,0,281,135,803,0.051500
931,4,1,5,10,356,0.128500
932,4,0,734,115,935,0.050500
933,4,0,330,16,437,0.066000
934,4,0,331,33,717,0.075000
935,4,0,42,20,642,0.063000
936,4,0,643,90,615,0.058000
937,4,0,230,50,142,0.050000
938,4,0,749,2,940,0.187000
939,4,0,673,139,156,0.050500
940,4,0,36,3,627,0.101500
941,4,0,455,33,32,0.067500
942,4,1,2,14,816,0.051000
943,4,0,350,7,410,0.409500
944,4,0,514,109,413,0.061000
945,4,0,807,52,554,0.053500
946,4,0,634,62,935,0.053500
947,4,0,408,57,772,0.055500
948,4,0,40,23,717,0.050500
949,4,0,913,13,18,0.053000
950,4,0,320,3,410,0.135000
951,4,0,382,69,931,0.051000
952,4,0,482,37,832,0.057500
953,4,0,745,114,239,0.062000
954,4,0,760,95,627,0.058500
955,4,0,489,1,191,0.003500
956,4,0,418,85,410,0.050500
957,4,0,338,87,673,0.059000
958,4,0,920,298,724,0.050500
959,4,0,369,12,664,0.050500
960,4,0,681,284,831,0.052500
961,4,0,549,11,554,0.072500
962,4,0,550,58,772,0.089000
963,4,0,243,11,191,0.076500
964,4,0,207,17,832,0.053000
965,4,0,828,200,935,0.050500
966,4,0,692,65,556,0.050000
967,4,0,930,49,244,0.058500
968,4,0,513,83,106,0.057500
969,4,0,122,34,717,0.051500
970,4,0,4,3,148,0.172000
971,4,0,148,27,717,0.057500
972,4,0,322,76,931,0.054500
973,4,0,458,72,948,0.061000
974,4,0,74,3,717,0.056500
975,4,0,622,103,413,0.053500
976,4,0,745,27,717,0.085500
977,4,0,955,26,799,0.085500
978,4,0,591,34,156,0.081000
979,4,0,403,40,538,0.055000
980,4,0,901,29,961,0.050000
981,4,0,895,7,134,0.051500
982,4,0,397,17,142,0.110500
983,4,0,563,191,948,0.052000
984,4,0,897,112,146,0.051000
985,4,0,726,168,106,0.051500
986,4,0,67,13,594,0.052500
987,4,0,669,174,937,0.053000
988,4,0,605,33,249,0.059000
989,4,0,775,133,639,0.056000
990,4,0,705,290,183,0.050000
991,4,0,450,1,191,0.011000
992,4,0,666,88,320,0.066000
993,4,0,370,47,717,0.059000
994,4,0,64,27,717,0.062000
995,4,0,347,46,832,0.067000
996,4,0,393,65,772,0.059000
997,4,0,838,1,599,0.001000
998,4,0,167,50,862,0.068500
999,4,1,7,125,312,0.052000
1000,4,0,616,11,664,0.069000
