cop,run,in_set,rank,set_size,lowest_loss_cop,final_pvalue
1,0,0,328,27,148,0.060000
2,0,0,334,5,410,0.061000
3,0,0,393,4,615,0.200500
4,0,0,94,5,717,0.059000
5,0,0,132,1,191,0.000000
6,0,0,243,6,191,0.104000
7,0,0,426,31,191,0.056500
8,0,0,308,25,832,0.063000
9,0,1,7,8,388,0.082500
10,0,0,470,5,148,0.090500
11,0,0,133,9,356,0.062500
12,0,0,865,16,642,0.054500
13,0,0,691,3,603,0.051000
14,0,0,610,24,510,0.053500
15,0,0,558,4,554,0.172500
16,0,0,166,16,356,0.077000
17,0,0,440,28,717,0.053500
18,0,0,438,12,556,0.110000
19,0,0,380,5,191,0.057000
20,0,0,799,86,134,0.053500
21,0,0,700,84,594,0.061500
22,0,0,351,5,410,0.051000
23,0,0,390,31,410,0.055000
24,0,0,185,20,356,0.086500
25,0,0,798,231,921,0.055000
26,0,0,698,6,615,0.058000
27,0,0,193,24,32,0.060000
28,0,0,464,27,191,0.052500
29,0,0,721,48,312,0.053500
30,0,0,81,3,717,0.252000
31,0,0,26,9,832,0.051000
32,0,1,8,23,437,0.050500
33,0,0,597,56,410,0.052000
34,0,0,747,7,828,0.056500
35,0,0,328,11,832,0.061000
36,0,0,17,3,832,0.668000
37,0,0,202,36,897,0.062500
38,0,0,868,1,216,0.013500
39,0,0,368,19,148,0.057500
40,0,0,230,8,437,0.078000
41,0,0,645,9,935,0.098000
42,0,0,403,33,712,0.068000
43,0,0,530,1,754,0.000000
44,0,1,10,10,717,0.056500
45,0,0,513,37,702,0.054500
46,0,0,805,4,810,0.063000
47,0,0,34,8,717,0.136000
48,0,1,12,15,926,0.058000
49,0,0,969,10,572,0.095000
50,0,0,131,1,717,0.018500
51,0,0,367,1,754,0.000000
52,0,0,932,5,908,0.111000
53,0,0,420,43,410,0.071500
54,0,0,39,3,437,0.060500
55,0,0,763,15,139,0.068000
56,0,0,35,1,810,0.000500
57,0,0,92,1,717,0.001500
58,0,0,969,32,402,0.058500
59,0,0,728,16,139,0.063500
60,0,0,472,2,717,0.068000
61,0,0,176,5,832,0.079500
62,0,0,307,19,717,0.054500
63,0,0,837,203,935,0.050000
64,0,0,805,179,673,0.054500
65,0,0,81,5,603,0.112500
66,0,0,112,8,148,0.309000
67,0,0,370,12,717,0.066000
68,0,1,31,25,642,0.053500
69,0,0,277,11,717,0.105000
70,0,0,81,6,717,0.051000
71,0,0,279,7,692,0.082000
72,0,0,228,3,717,0.095500
73,0,0,475,24,717,0.052500
74,0,0,647,13,101,0.060000
75,0,0,526,29,31,0.059000
76,0,0,302,121,102,0.050000
77,0,0,622,20,948,0.057000
78,0,0,14,5,437,0.307500
79,0,0,44,4,717,0.137000
80,0,0,941,6,810,0.153000
81,0,0,393,117,717,0.053000
82,0,0,269,10,717,0.051000
83,0,0,502,62,32,0.051500
84,0,0,711,256,149,0.050000
85,0,0,711,14,603,0.084000
86,0,0,992,5,140,0.078500
87,0,0,150,13,142,0.112500
88,0,0,754,12,603,0.059500
89,0,0,957,183,149,0.051000
90,0,0,566,58,443,0.051500
91,0,0,203,29,717,0.052500
92,0,0,670,106,30,0.052500
93,0,0,810,10,382,0.099000
94,0,0,156,8,832,0.106000
95,0,0,948,7,813,0.051000
96,0,0,945,4,745,0.059000
97,0,0,170,2,717,0.280000
98,0,0,431,12,822,0.058500
99,0,0,264,70,708,0.056500
100,0,0,55,13,832,0.061500
101,0,0,204,39,717,0.051000
102,0,0,33,4,410,0.224500
103,0,0,164,4,717,0.074000
104,0,0,55,7,488,0.067000
105,0,0,169,2,832,0.174500
106,0,0,20,1,717,0.000500
107,0,0,94,6,717,0.057000
108,0,0,408,5,717,0.090500
109,0,0,352,34,717,0.066500
110,0,0,555,7,410,0.222500
111,0,0,645,41,139,0.073000
112,0,0,152,21,148,0.062500
113,0,0,508,119,44,0.051500
114,0,0,967,29,216,0.052000
115,0,0,893,92,828,0.050500
116,0,0,514,107,139,0.056000
117,0,0,59,4,717,0.113000
118,0,0,99,5,717,0.064000
119,0,0,68,9,926,0.076000
120,0,0,138,18,410,0.054500
121,0,0,44,7,832,0.140500
122,0,0,717,7,191,0.084500
123,0,0,687,8,155,0.058500
124,0,0,403,17,410,0.103000
125,0,0,250,14,437,0.053500
126,0,0,271,4,717,0.056500
127,0,0,395,46,832,0.051000
128,0,0,464,69,660,0.050500
129,0,0,700,96,798,0.055500
130,0,0,950,25,822,0.055000
131,0,0,398,117,102,0.054000
132,0,0,728,25,554,0.065500
133,0,0,257,15,717,0.055000
134,0,0,89,2,191,0.105500
135,0,0,286,11,437,0.052500
136,0,0,39,3,832,0.072500
137,0,0,638,37,285,0.082500
138,0,0,731,4,311,0.061000
139,0,0,29,6,717,0.052500
140,0,0,91,4,48,0.338000
141,0,0,381,20,772,0.054500
142,0,0,10,9,717,0.063000
143,0,0,722,17,519,0.052000
144,0,0,448,77,369,0.061500
145,0,0,57,8,410,0.068000
146,0,0,644,5,32,0.078500
147,0,0,159,4,832,0.348000
148,0,1,1,5,148,0.065000
149,0,0,459,115,832,0.053500
150,0,0,233,14,717,0.058000
151,0,0,454,135,720,0.054500
152,0,0,220,16,437,0.052500
153,0,0,762,23,191,0.112500
154,0,0,958,9,907,0.076000
155,0,0,92,12,556,0.067000
156,0,0,94,3,410,0.650500
157,0,0,81,10,717,0.054000
158,0,0,933,119,197,0.051000
159,0,0,800,23,443,0.056500
160,0,0,816,20,554,0.053500
161,0,0,159,4,692,0.124000
162,0,0,195,35,102,0.116000
163,0,0,695,52,556,0.050500
164,0,0,797,68,961,0.052000
165,0,0,105,1,191,0.000000
166,0,0,25,8,832,0.074500
167,0,0,789,12,754,0.097500
168,0,0,909,2,554,0.128000
169,0,0,153,7,437,0.052500
170,0,0,447,53,717,0.053500
171,0,0,215,8,148,0.065500
172,0,0,79,1,717,0.009500
173,0,0,145,8,832,0.053500
174,0,0,456,45,615,0.052000
175,0,0,169,2,822,0.386000
176,0,0,230,18,437,0.068500
177,0,0,531,40,31,0.050000
178,0,0,799,290,281,0.050500
179,0,0,258,78,832,0.058500
180,0,0,369,2,717,0.055500
181,0,0,475,25,717,0.050000
182,0,0,269,13,717,0.081500
183,0,0,77,3,717,0.057000
184,0,0,939,10,603,0.096000
185,0,0,251,5,410,0.364500
186,0,0,160,25,717,0.057500
187,0,0,236,4,717,0.054500
188,0,0,728,257,766,0.050500
189,0,0,431,34,510,0.107500
190,0,0,675,174,948,0.064000
191,0,1,1,7,191,0.696500
192,0,1,4,12,627,0.055000
193,0,0,278,61,720,0.053500
194,0,0,256,13,148,0.057500
195,0,0,484,36,148,0.064000
196,0,0,393,21,717,0.074500
197,0,0,430,10,443,0.051500
198,0,0,652,120,664,0.053000
199,0,0,364,1,191,0.000000
200,0,0,232,103,142,0.059500
201,0,0,73,5,717,0.052000
202,0,0,946,62,762,0.054000
203,0,0,460,12,191,0.050500
204,0,0,423,38,102,0.052000
205,0,0,20,3,717,0.136000
206,0,0,918,41,799,0.065000
207,0,0,181,41,717,0.051000
208,0,0,602,62,148,0.054000
209,0,0,631,4,554,0.228000
210,0,0,512,2,717,0.232500
211,0,0,47,2,191,0.052500
212,0,0,904,3,907,0.093500
213,0,0,113,1,717,0.002000
214,0,0,740,1,389,0.040500
215,0,0,599,21,139,0.061000
216,0,0,436,17,692,0.060000
217,0,0,762,7,664,0.094000
218,0,0,505,12,712,0.051500
219,0,0,22,1,924,0.008500
220,0,0,233,1,717,0.019000
221,0,0,500,30,437,0.064500
222,0,0,595,141,642,0.060500
223,0,0,737,5,554,0.061500
224,0,0,547,102,777,0.052000
225,0,0,350,2,191,0.063000
226,0,0,90,8,717,0.080500
227,0,0,218,93,654,0.066000
228,0,0,207,10,148,0.189500
229,0,0,923,4,745,0.216500
230,0,0,21,3,549,0.795000
231,0,0,28,5,832,0.219500
232,0,0,258,17,948,0.072500
233,0,0,587,27,642,0.117500
234,0,0,489,10,702,0.075000
235,0,0,607,13,134,0.110500
236,0,0,191,15,437,0.050500
237,0,0,423,37,948,0.051000
238,0,0,647,65,183,0.066000
239,0,0,200,18,410,0.052000
240,0,0,78,8,717,0.060500
241,0,0,10,5,717,0.140500
242,0,0,562,16,191,0.054500
243,0,0,252,2,410,0.140500
244,0,0,593,8,155,0.057500
245,0,0,821,22,242,0.086000
246,0,0,481,76,397,0.051000
247,0,0,520,10,832,0.084000
248,0,0,356,40,772,0.070500
249,0,0,56,9,320,0.050000
250,0,0,331,2,615,0.147000
251,0,0,745,252,118,0.050500
252,0,0,297,4,832,0.072000
253,0,0,964,8,412,0.136500
254,0,0,159,4,148,0.571000
255,0,0,68,8,832,0.075000
256,0,0,177,31,717,0.055500
257,0,0,982,2,9,0.888000
258,0,0,413,49,664,0.061000
259,0,0,629,45,191,0.053000
260,0,0,414,80,664,0.051000
261,0,0,610,83,191,0.063500
262,0,0,50,4,412,0.079000
263,0,0,45,2,379,0.601000
264,0,0,439,18,191,0.052000
265,0,0,273,1,191,0.002500
266,0,0,769,8,155,0.112000
267,0,0,245,39,931,0.055500
268,0,0,317,26,615,0.073500
269,0,0,39,9,356,0.120500
270,0,0,656,9,576,0.150000
271,0,0,546,5,908,0.199000
272,0,0,528,11,510,0.059500
273,0,0,622,42,443,0.054500
274,0,0,199,7,717,0.060000
275,0,0,762,7,191,0.082000
276,0,0,843,72,211,0.051000
277,0,0,289,18,832,0.068500
278,0,0,781,178,102,0.053500
279,0,0,740,219,542,0.050000
280,0,0,398,30,554,0.061000
281,0,0,54,5,832,0.064000
282,0,0,377,13,832,0.074000
283,0,0,672,267,884,0.051500
284,0,0,480,25,832,0.052500
285,0,0,14,8,356,0.111000
286,0,0,751,71,832,0.054500
287,0,0,869,23,822,0.118500
288,0,0,306,29,832,0.051000
289,0,0,406,57,832,0.053500
290,0,0,804,244,664,0.054000
291,0,0,733,152,139,0.052500
292,0,0,401,78,142,0.055500
293,0,0,328,6,191,0.099500
294,0,0,414,53,772,0.050000
295,0,0,722,26,437,0.121000
296,0,0,608,69,832,0.050000
297,0,0,86,1,9,0.000000
298,0,0,48,9,717,0.120500
299,0,0,124,3,717,0.073500
300,0,0,919,144,631,0.051500
301,0,0,585,274,763,0.051000
302,0,0,178,9,717,0.155000
303,0,0,609,1,554,0.001000
304,0,0,752,5,249,0.082500
305,0,0,718,1,191,0.014000
306,0,0,245,6,148,0.054000
307,0,0,336,8,554,0.065500
308,0,0,980,151,681,0.052000
309,0,0,593,55,285,0.065000
310,0,0,349,47,437,0.052000
311,0,1,3,28,961,0.157500
312,0,0,181,4,717,0.052500
313,0,0,472,17,717,0.051000
314,0,0,434,51,410,0.066500
315,0,0,696,38,772,0.052000
316,0,0,302,133,102,0.072000
317,0,0,82,5,717,0.073000
318,0,0,452,61,832,0.064000
319,0,0,388,7,320,0.247000
320,0,0,36,4,437,0.061500
321,0,0,130,5,717,0.149500
322,0,0,650,193,948,0.053000
323,0,0,994,6,562,0.158000
324,0,0,636,34,948,0.051500
325,0,0,936,113,156,0.051500
326,0,0,846,6,554,0.091000
327,0,0,943,1,754,0.000500
328,0,0,666,231,413,0.050000
329,0,1,9,7,389,0.098500
330,0,0,632,65,443,0.055000
331,0,0,530,132,413,0.053000
332,0,0,900,193,925,0.051000
333,0,0,927,28,211,0.067500
334,0,0,227,25,832,0.051000
335,0,0,116,6,191,0.192000
336,0,0,456,17,712,0.050000
337,0,0,142,52,717,0.052500
338,0,0,86,15,832,0.052500
339,0,0,417,22,437,0.101000
340,0,0,590,29,556,0.077500
341,0,0,658,170,664,0.050000
342,0,0,711,451,162,0.053500
343,0,0,70,3,717,0.158000
344,0,0,681,11,443,0.193500
345,0,0,553,184,805,0.052500
346,0,0,173,37,410,0.050500
347,0,0,13,2,717,0.207000
348,0,0,41,11,717,0.054000
349,0,0,110,32,191,0.058000
350,0,0,185,10,410,0.121500
351,0,0,69,14,191,0.058000
352,0,0,492,86,777,0.065000
353,0,0,109,9,717,0.104500
354,0,0,808,17,961,0.060000
355,0,0,335,32,410,0.055000
356,0,0,5,1,717,0.008500
357,0,0,503,6,615,0.071500
358,0,0,532,1,556,0.003500
359,0,0,626,5,216,0.065500
360,0,0,692,26,627,0.080500
361,0,0,118,6,717,0.085000
362,0,0,968,502,888,0.052000
363,0,0,403,6,615,0.076500
364,0,0,160,17,717,0.052000
365,0,0,854,61,18,0.055000
366,0,0,932,15,746,0.051500
367,0,0,86,7,717,0.159000
368,0,0,149,5,717,0.073500
369,0,0,98,7,832,0.078000
370,0,0,394,3,155,0.133500
371,0,0,384,96,756,0.057500
372,0,0,633,50,191,0.051000
373,0,0,327,179,66,0.053500
374,0,0,104,7,832,0.220500
375,0,0,969,39,370,0.061500
376,0,0,666,10,822,0.058000
377,0,0,188,12,437,0.051000
378,0,0,306,107,948,0.051000
379,0,0,692,6,603,0.062000
380,0,0,852,133,763,0.051500
381,0,0,801,5,51,0.056500
382,0,0,217,2,191,0.057000
383,0,0,632,198,763,0.053000
384,0,0,646,83,429,0.051500
385,0,0,627,12,134,0.050000
386,0,0,433,81,285,0.069500
387,0,0,203,6,402,0.053500
388,0,0,7,1,810,0.032500
389,0,1,2,3,942,0.084500
390,0,0,83,49,102,0.050000
391,0,0,940,2,754,0.291000
392,0,0,395,3,443,0.075000
393,0,0,4,1,754,0.019000
394,0,0,677,63,814,0.052000
395,0,0,374,33,183,0.050500
396,0,0,75,15,437,0.084000
397,0,0,57,3,832,0.091500
398,0,0,471,14,139,0.067500
399,0,0,36,15,717,0.064500
400,0,0,251,8,832,0.054000
401,0,0,472,118,897,0.059500
402,0,0,501,1,822,0.014000
403,0,0,370,8,191,0.065500
404,0,0,648,45,814,0.053000
405,0,0,802,10,316,0.088000
406,0,0,664,195,149,0.050500
407,0,0,513,10,717,0.071500
408,0,0,341,7,437,0.051500
409,0,0,653,10,443,0.050500
410,0,1,3,3,717,0.304500
411,0,1,5,5,648,0.086500
412,0,0,39,4,655,0.061000
413,0,0,60,11,832,0.058000
414,0,0,885,418,118,0.050500
415,0,0,755,124,11,0.051000
416,0,0,378,49,30,0.054500
417,0,0,372,9,191,0.122500
418,0,0,501,3,672,0.210000
419,0,0,780,32,761,0.070000
420,0,0,688,24,397,0.050500
421,0,0,526,64,443,0.070500
422,0,0,80,10,717,0.129000
423,0,0,102,6,717,0.113500
424,0,0,43,11,717,0.051000
425,0,0,149,5,907,0.069000
426,0,0,33,13,832,0.076000
427,0,0,773,11,191,0.063000
428,0,0,124,4,832,0.645500
429,0,0,15,9,717,0.093000
430,0,1,9,9,828,0.054000
431,0,0,247,37,510,0.073000
432,0,0,305,8,320,0.132500
433,0,0,465,37,139,0.050000
434,0,0,679,185,832,0.055000
435,0,0,33,3,437,0.314500
436,0,0,272,6,410,0.089000
437,0,1,2,4,717,0.109000
438,0,0,220,54,664,0.051000
439,0,0,175,12,437,0.050500
440,0,0,140,3,717,0.474500
441,0,0,126,7,615,0.080000
442,0,0,200,3,437,0.054000
443,0,0,143,89,717,0.058500
444,0,0,122,6,437,0.181500
445,0,0,413,42,102,0.057500
446,0,0,8,2,942,0.093000
447,0,0,558,89,553,0.062500
448,0,0,502,46,510,0.053000
449,0,0,726,39,554,0.065000
450,0,0,135,2,832,0.061000
451,0,0,494,39,32,0.052000
452,0,0,526,79,828,0.052500
453,0,0,316,1,717,0.020500
454,0,0,21,6,822,0.114000
455,0,0,824,104,664,0.050500
456,0,0,763,42,101,0.061500
457,0,0,31,4,832,0.515500
458,0,0,215,9,410,0.053000
459,0,0,149,7,191,0.061000
460,0,0,80,12,717,0.057000
461,0,0,20,6,656,0.070500
462,0,0,465,59,931,0.052000
463,0,0,547,53,654,0.062500
464,0,0,250,2,437,0.185500
465,0,0,245,1,717,0.002000
466,0,0,56,2,717,0.062000
467,0,0,263,8,191,0.051500
468,0,0,665,45,673,0.052000
469,0,0,165,2,148,0.207500
470,0,0,425,7,320,0.091000
471,0,0,557,75,519,0.052000
472,0,0,604,115,87,0.051500
473,0,0,464,37,102,0.055000
474,0,0,380,16,191,0.093500
475,0,0,694,96,443,0.052500
476,0,0,358,16,410,0.056500
477,0,0,88,10,832,0.137500
478,0,0,76,15,832,0.083000
479,0,0,187,13,717,0.056500
480,0,0,153,10,148,0.087500
481,0,1,94,104,102,0.059500
482,0,0,186,33,437,0.060500
483,0,0,505,32,410,0.067000
484,0,0,686,29,920,0.057500
485,0,0,617,147,481,0.050500
486,0,0,911,33,216,0.050000
487,0,0,849,81,293,0.061500
488,0,1,1,1,488,0.013500
489,0,0,336,4,717,0.555500
490,0,0,651,14,814,0.058500
491,0,0,137,1,754,0.034500
492,0,0,596,44,664,0.056000
493,0,0,586,148,717,0.051000
494,0,0,115,9,832,0.052000
495,0,0,573,224,948,0.055500
496,0,0,655,25,814,0.066000
497,0,0,310,120,102,0.050500
498,0,0,143,10,437,0.072500
499,0,0,456,43,633,0.056000
500,0,0,177,10,717,0.066000
501,0,0,211,13,717,0.051500
502,0,0,259,25,717,0.063500
503,0,0,149,18,437,0.052000
504,0,0,481,3,139,0.232500
505,0,0,108,9,443,0.160500
506,0,0,547,61,44,0.056500
507,0,0,357,7,32,0.055000
508,0,0,730,5,627,0.050000
509,0,0,233,27,148,0.076500
510,0,0,14,2,717,0.109500
511,0,0,969,324,688,0.050000
512,0,0,293,53,642,0.050500
513,0,0,235,4,832,0.097000
514,0,0,179,6,717,0.050500
515,0,0,392,10,249,0.050000
516,0,0,126,2,717,0.079500
517,0,0,733,12,134,0.050500
518,0,0,248,16,717,0.266000
519,0,0,13,7,717,0.107000
520,0,0,272,4,437,0.125000
521,0,0,669,51,66,0.051500
522,0,0,216,4,78,0.075000
523,0,0,78,8,717,0.317500
524,0,0,388,18,832,0.054500
525,0,0,177,17,832,0.109500
526,0,0,14,7,717,0.086000
527,0,0,26,5,832,0.106000
528,0,0,786,5,249,0.211500
529,0,0,229,95,356,0.050500
530,0,0,490,91,66,0.054500
531,0,0,186,10,437,0.051000
532,0,0,863,93,921,0.063500
533,0,0,36,15,832,0.090000
534,0,0,22,4,191,0.197500
535,0,0,915,10,155,0.054500
536,0,0,231,5,410,0.066500
537,0,0,631,37,615,0.050500
538,0,0,19,1,717,0.049000
539,0,0,696,153,205,0.058500
540,0,0,258,11,717,0.169500
541,0,0,402,21,717,0.054500
542,0,0,225,12,717,0.076000
543,0,0,381,90,397,0.050000
544,0,0,304,24,356,0.051500
545,0,0,423,17,347,0.252000
546,0,0,393,5,191,0.115000
547,0,0,478,8,320,0.121000
548,0,0,936,8,656,0.051000
549,0,0,990,3,389,0.107500
550,0,0,862,276,553,0.052000
551,0,0,458,8,822,0.156500
552,0,1,35,32,142,0.067500
553,0,0,120,7,437,0.082500
554,0,0,28,6,191,0.114000
555,0,0,238,19,32,0.053000
556,0,1,11,8,615,0.053500
557,0,0,660,146,183,0.053500
558,0,0,928,50,718,0.053000
559,0,0,634,26,717,0.055000
560,0,0,771,124,538,0.051500
561,0,0,261,3,717,0.363500
562,0,0,985,6,9,0.180500
563,0,0,711,46,664,0.054000
564,0,0,355,31,437,0.056500
565,0,0,450,9,615,0.078000
566,0,0,223,33,191,0.056500
567,0,0,845,219,688,0.051000
568,0,0,22,13,78,0.058500
569,0,0,509,48,664,0.052500
570,0,0,144,24,102,0.051000
571,0,0,295,75,32,0.056000
572,0,0,16,10,579,0.076000
573,0,0,763,53,772,0.065500
574,0,0,105,5,717,0.089500
575,0,0,154,10,320,0.052000
576,0,1,31,33,633,0.055000
577,0,0,90,16,832,0.056000
578,0,0,633,73,717,0.060000
579,0,0,15,10,907,0.074500
580,0,0,719,23,134,0.052000
581,0,0,481,7,832,0.116000
582,0,0,909,3,718,0.998500
583,0,0,767,39,921,0.050500
584,0,0,755,17,192,0.061500
585,0,0,580,126,106,0.053500
586,0,0,328,36,717,0.061000
587,0,0,559,79,717,0.050500
588,0,0,474,7,249,0.052500
589,0,0,701,156,692,0.065000
590,0,0,248,4,822,0.069000
591,0,0,968,54,745,0.050000
592,0,0,376,34,183,0.050500
593,0,0,32,12,717,0.093000
594,0,0,212,13,832,0.107500
595,0,0,493,12,191,0.091000
596,0,0,70,52,717,0.062500
597,0,0,190,152,285,0.051500
598,0,0,25,2,717,0.240000
599,0,1,3,3,78,0.952000
600,0,0,351,42,410,0.050000
601,0,0,464,123,832,0.052000
602,0,0,716,5,249,0.069000
603,0,0,639,6,556,0.118000
604,0,0,130,1,717,0.027500
605,0,0,574,7,155,0.124500
606,0,0,554,15,437,0.052500
607,0,0,786,99,636,0.051500
608,0,0,855,5,192,0.125500
609,0,0,766,239,542,0.050000
610,0,0,780,30,556,0.057000
611,0,0,430,65,615,0.052000
612,0,0,798,29,554,0.052000
613,0,0,612,16,410,0.056500
614,0,0,405,27,712,0.057000
615,0,0,8,4,832,0.104000
616,0,0,452,16,106,0.059000
617,0,0,350,55,948,0.054500
618,0,0,730,43,519,0.056000
619,0,0,325,15,702,0.203000
620,0,0,245,2,717,0.088000
621,0,0,769,132,211,0.059000
622,0,0,101,2,437,0.525500
623,0,0,540,8,556,0.069000
624,0,0,244,13,717,0.146500
625,0,0,255,52,654,0.056500
626,0,0,924,7,745,0.201500
627,0,0,18,2,249,0.473500
628,0,0,62,6,437,0.087000
629,0,0,282,11,148,0.073000
630,0,0,505,24,832,0.106500
631,0,0,281,50,717,0.058000
632,0,0,18,1,754,0.013500
633,0,0,64,12,692,0.064500
634,0,0,63,5,717,0.050500
635,0,0,219,12,832,0.057500
636,0,0,648,3,191,0.072500
637,0,0,983,5,393,0.100500
638,0,0,507,15,320,0.055500
639,0,0,113,17,772,0.061000
640,0,0,596,185,369,0.067500
641,0,0,343,22,832,0.099000
642,0,0,11,2,437,0.097000
643,0,0,203,28,832,0.055500
644,0,0,425,127,720,0.055000
645,0,0,397,17,554,0.055500
646,0,0,259,37,148,0.052000
647,0,0,260,8,437,0.072000
648,0,1,6,4,549,0.056000
649,0,0,455,118,477,0.050000
650,0,0,214,1,191,0.014000
651,0,0,630,35,410,0.079000
652,0,0,59,15,717,0.052500
653,0,0,332,30,437,0.055000
654,0,0,20,4,717,0.066500
655,0,0,7,1,754,0.000000
656,0,0,477,4,249,0.353500
657,0,0,830,10,822,0.107500
658,0,0,705,5,522,0.105000
659,0,0,352,11,599,0.051500
660,0,0,21,4,717,0.061500
661,0,0,54,7,717,0.103000
662,0,0,706,98,814,0.051500
663,0,0,74,7,822,0.060000
664,0,0,52,10,717,0.058500
665,0,0,34,4,437,0.086000
666,0,0,319,26,717,0.069000
667,0,0,374,19,832,0.053500
668,0,0,222,10,712,0.054000
669,0,0,549,5,522,0.329000
670,0,0,984,16,870,0.089000
671,0,0,456,2,832,0.062500
672,0,0,320,15,191,0.196500
673,0,0,33,21,510,0.053500
674,0,0,683,5,822,0.056500
675,0,0,841,32,430,0.071500
676,0,0,444,18,556,0.083500
677,0,0,850,19,921,0.050000
678,0,0,336,1,249,0.016500
679,0,0,990,7,695,0.059000
680,0,0,652,22,510,0.080000
681,0,0,715,5,554,0.065500
682,0,0,579,26,285,0.071000
683,0,0,99,10,148,0.061500
684,0,0,91,3,717,0.078000
685,0,0,164,5,437,0.076000
686,0,0,50,13,717,0.051000
687,0,0,406,12,546,0.106500
688,0,0,359,20,356,0.070000
689,0,0,167,8,717,0.290500
690,0,0,969,7,244,0.069000
691,0,0,58,4,437,0.242500
692,0,1,1,58,692,0.065000
693,0,0,491,8,554,0.074000
694,0,0,136,5,410,0.140500
695,0,0,478,6,576,0.050000
696,0,0,59,3,717,0.077500
697,0,0,161,14,191,0.106000
698,0,0,572,177,118,0.052000
699,0,0,851,90,176,0.052000
700,0,0,910,207,916,0.050000
701,0,0,805,77,118,0.055500
702,0,0,11,2,717,0.131000
703,0,0,474,4,191,0.110000
704,0,0,976,1,810,0.005000
705,0,0,339,20,832,0.161500
706,0,0,472,1,191,0.028500
707,0,0,180,17,356,0.075000
708,0,0,33,7,356,0.059500
709,0,0,857,86,673,0.050000
710,0,0,707,21,148,0.054500
711,0,0,226,5,717,0.058500
712,0,0,52,12,832,0.170000
713,0,0,280,8,717,0.076500
714,0,0,762,181,117,0.051000
715,0,0,77,4,717,0.244000
716,0,0,762,331,720,0.050000
717,0,1,1,1,717,0.012500
718,0,0,687,18,556,0.060500
719,0,0,462,21,931,0.055000
720,0,0,25,3,437,0.306500
721,0,0,766,7,664,0.055500
722,0,0,674,16,556,0.066000
723,0,0,434,41,832,0.050000
724,0,0,437,22,249,0.054000
725,0,0,143,12,717,0.050500
726,0,0,476,86,102,0.057000
727,0,0,76,4,437,0.074500
728,0,0,371,11,832,0.080000
729,0,0,291,3,717,0.104500
730,0,0,583,6,191,0.162500
731,0,0,143,27,437,0.050500
732,0,0,539,7,633,0.050000
733,0,0,588,57,183,0.067500
734,0,0,708,11,490,0.220000
735,0,0,249,6,717,0.309500
736,0,0,130,64,32,0.060000
737,0,0,902,44,961,0.054500
738,0,0,179,5,717,0.210000
739,0,0,924,19,761,0.062500
740,0,0,31,23,142,0.108500
741,0,0,163,1,191,0.004000
742,0,0,197,5,931,0.166000
743,0,0,553,90,777,0.055000
744,0,0,647,10,410,0.156500
745,0,0,280,6,443,0.621500
746,0,0,357,17,627,0.056500
747,0,0,821,13,828,0.053500
748,0,0,220,60,664,0.057500
749,0,0,198,9,556,0.112000
750,0,0,75,3,832,0.351500
751,0,0,19,4,148,0.092500
752,0,0,602,5,745,0.069500
753,0,0,369,12,599,0.073000
754,0,0,267,1,522,0.041500
755,0,0,608,4,554,0.355500
756,0,0,149,37,717,0.060000
757,0,0,265,25,717,0.071500
758,0,0,343,4,191,0.076000
759,0,0,447,4,554,0.178000
760,0,0,696,179,348,0.050500
761,0,0,509,3,191,0.172500
762,0,0,373,9,664,0.051000
763,0,0,103,8,717,0.062000
764,0,0,219,32,397,0.050500
765,0,0,363,5,717,0.122500
766,0,0,386,26,897,0.056000
767,0,0,815,24,139,0.057500
768,0,0,13,1,562,0.029500
769,0,0,235,8,832,0.122500
770,0,0,282,3,717,0.097500
771,0,0,627,8,191,0.060000
772,0,0,16,6,832,0.215500
773,0,0,10,5,356,0.971000
774,0,0,137,9,717,0.197500
775,0,0,545,18,320,0.074500
776,0,0,477,23,717,0.058000
777,0,0,57,7,832,0.251500
778,0,0,334,21,832,0.071000
779,0,0,156,1,717,0.003000
780,0,0,187,2,437,0.358500
781,0,0,582,104,828,0.050500
782,0,0,140,5,717,0.238500
783,0,0,823,22,799,0.052500
784,0,0,139,11,832,0.056500
785,0,0,856,15,239,0.070500
786,0,0,789,172,556,0.051000
787,0,0,974,167,999,0.052000
788,0,0,754,166,249,0.050000
789,0,0,404,15,443,0.068000
790,0,0,686,273,450,0.057500
791,0,0,356,25,615,0.060500
792,0,0,705,14,505,0.052000
793,0,0,198,13,832,0.063500
794,0,0,188,12,717,0.119000
795,0,0,377,28,139,0.050500
796,0,0,80,10,356,0.116000
797,0,0,589,49,832,0.059500
798,0,0,51,21,712,0.058500
799,0,0,419,32,974,0.052500
800,0,0,172,32,320,0.054500
801,0,0,42,8,717,0.075500
802,0,0,188,48,142,0.060500
803,0,0,99,18,717,0.060500
804,0,0,105,14,615,0.051500
805,0,0,344,64,717,0.051000
806,0,0,388,9,717,0.053000
807,0,0,400,26,772,0.052000
808,0,0,847,171,216,0.051500
809,0,0,900,4,908,0.300500
810,0,0,861,8,822,0.062000
811,0,0,616,24,745,0.063500
812,0,0,842,26,554,0.066000
813,0,0,672,19,822,0.076000
814,0,0,173,21,772,0.051000
815,0,0,586,59,148,0.052000
816,0,0,816,9,754,0.082500
817,0,0,278,3,191,0.050500
818,0,0,557,5,191,0.070500
819,0,0,697,33,293,0.072000
820,0,0,95,22,832,0.062500
821,0,0,240,68,102,0.052500
822,0,1,2,12,155,0.112500
823,0,0,741,16,822,0.087000
824,0,0,17,1,717,0.017500
825,0,0,299,24,832,0.055500
826,0,0,153,10,717,0.089000
827,0,0,193,2,832,0.658500
828,0,0,62,2,615,0.365500
829,0,0,541,9,717,0.050000
830,0,0,805,7,134,0.095500
831,0,1,169,62,999,0.052000
832,0,1,3,8,356,0.067000
833,0,0,681,14,614,0.057500
834,0,0,319,86,285,0.057500
835,0,0,134,58,909,0.055000
836,0,0,708,70,139,0.050000
837,0,0,741,376,664,0.052500
838,0,0,407,63,356,0.051000
839,0,0,727,41,948,0.062500
840,0,0,342,49,832,0.061500
841,0,0,172,18,717,0.055000
842,0,0,42,14,822,0.055000
843,0,0,247,5,717,0.479000
844,0,0,312,1,191,0.015500
845,0,0,540,3,18,0.185000
846,0,0,815,1,249,0.035500
847,0,0,816,42,211,0.058500
848,0,0,386,10,615,0.072000
849,0,0,111,14,717,0.056500
850,0,0,98,1,717,0.011500
851,0,0,629,24,437,0.061000
852,0,0,136,13,717,0.052500
853,0,0,183,32,36,0.066500
854,0,0,375,70,44,0.074500
855,0,0,26,5,615,0.442500
856,0,0,576,2,717,0.064000
857,0,0,484,122,118,0.051500
858,0,0,586,190,440,0.053500
859,0,0,66,4,717,0.379000
860,0,0,763,5,627,0.126500
861,0,0,290,12,832,0.062000
862,0,0,54,1,717,0.024000
863,0,0,239,17,832,0.072500
864,0,0,667,48,664,0.052500
865,0,0,882,315,149,0.050000
866,0,0,376,32,437,0.086000
867,0,0,158,25,717,0.078000
868,0,0,211,2,402,0.136000
869,0,0,632,5,908,0.053500
870,0,0,78,7,379,0.102000
871,0,0,97,3,717,0.864500
872,0,0,510,46,832,0.051500
873,0,0,826,378,149,0.051500
874,0,0,98,9,717,0.057500
875,0,0,112,4,717,0.262500
876,0,0,206,8,717,0.107000
877,0,0,459,17,410,0.051000
878,0,0,61,16,832,0.051500
879,0,0,183,9,832,0.062000
880,0,0,264,55,772,0.061000
881,0,0,543,54,397,0.051000
882,0,0,382,106,66,0.050000
883,0,0,859,20,139,0.050000
884,0,0,90,9,148,0.050500
885,0,0,5,2,9,0.063000
886,0,0,329,25,356,0.054500
887,0,0,860,14,216,0.050500
888,0,0,820,27,921,0.051500
889,0,0,140,19,832,0.062000
890,0,0,937,7,155,0.134500
891,0,0,377,7,832,0.052500
892,0,0,650,74,556,0.050000
893,0,0,464,167,413,0.053000
894,0,0,767,20,182,0.052500
895,0,0,259,24,437,0.051000
896,0,0,401,16,717,0.051000
897,0,0,21,1,717,0.015000
898,0,0,345,25,410,0.060000
899,0,0,155,3,832,0.057000
900,0,0,916,56,519,0.058500
901,0,0,191,1,78,0.000000
902,0,0,51,13,654,0.066000
903,0,0,676,61,898,0.050000
904,0,0,209,32,832,0.052500
905,0,0,18,5,717,0.129000
906,0,0,45,1,717,0.016500
907,0,1,1,1,907,0.044500
908,0,1,2,2,522,0.135500
909,0,0,660,32,814,0.051000
910,0,0,457,19,320,0.056500
911,0,0,109,2,717,0.075000
912,0,0,459,65,285,0.060500
913,0,0,70,14,717,0.182000
914,0,0,31,3,717,0.288000
915,0,0,384,95,466,0.056500
916,0,0,341,12,437,0.079500
917,0,1,7,8,437,0.085500
918,0,0,951,244,515,0.050000
919,0,0,786,6,724,0.102000
920,0,0,128,3,320,0.154500
921,0,0,514,32,717,0.064500
922,0,0,702,162,31,0.078000
923,0,0,381,69,148,0.051500
924,0,1,1,1,924,0.000000
925,0,0,271,67,772,0.050500
926,0,0,34,1,816,0.001000
927,0,0,839,14,382,0.083000
928,0,0,934,1,656,0.000000
929,0,0,768,7,556,0.068500
930,0,0,326,20,102,0.070000
931,0,0,5,4,717,0.052000
932,0,0,581,14,745,0.079500
933,0,0,404,58,931,0.050000
934,0,0,240,4,320,0.055000
935,0,0,38,2,717,0.187000
936,0,0,565,98,664,0.053500
937,0,0,257,1,717,0.040000
938,0,0,772,63,763,0.050500
939,0,0,638,29,139,0.073500
940,0,0,556,35,183,0.059500
941,0,0,421,35,717,0.055000
942,0,0,926,13,576,0.091500
943,0,0,362,10,832,0.099000
944,0,0,436,75,466,0.069500
945,0,0,842,92,708,0.050500
946,0,0,560,3,249,0.102000
947,0,0,401,29,702,0.082000
948,0,0,29,2,717,0.096500
949,0,0,900,154,430,0.051500
950,0,0,294,3,410,0.564500
951,0,0,304,32,708,0.077500
952,0,0,345,212,118,0.054000
953,0,0,741,75,211,0.055500
954,0,0,659,36,78,0.052000
955,0,0,441,40,554,0.054500
956,0,0,418,6,410,0.050500
957,0,0,427,34,717,0.053000
958,0,0,916,43,554,0.071500
959,0,0,420,71,717,0.074000
960,0,0,669,284,10,0.050000
961,0,0,643,7,554,0.104000
962,0,0,544,47,31,0.061000
963,0,0,235,2,832,0.218500
964,0,0,230,16,717,0.050000
965,0,0,811,42,672,0.051500
966,0,0,659,12,430,0.074000
967,0,0,952,246,822,0.050500
968,0,0,448,95,32,0.053500
969,0,0,70,20,410,0.094000
970,0,0,15,9,717,0.162500
971,0,0,178,8,191,0.077500
972,0,0,308,50,717,0.051500
973,0,0,353,2,554,0.252500
974,0,0,49,3,717,0.248000
975,0,0,603,31,556,0.050000
976,0,0,657,81,862,0.050000
977,0,0,953,40,614,0.051500
978,0,0,533,117,397,0.051500
979,0,0,429,4,717,0.058000
980,0,0,910,56,249,0.052500
981,0,0,850,123,672,0.062500
982,0,0,336,6,410,0.066500
983,0,0,541,37,615,0.057500
984,0,0,874,176,556,0.052500
985,0,0,711,237,634,0.053500
986,0,0,470,111,832,0.052500
987,0,0,619,28,139,0.050500
988,0,0,611,43,642,0.050500
989,0,0,813,56,183,0.059000
990,0,0,688,12,920,0.087500
991,0,0,455,13,437,0.062500
992,0,0,132,1,522,0.006500
993,0,0,395,29,832,0.054500
994,0,0,47,12,717,0.070500
995,0,0,367,15,832,0.061000
996,0,0,497,27,832,0.067000
997,0,0,833,18,101,0.166000
998,0,0,234,49,142,0.056000
999,0,0,474,22,660,0.072500
1000,0,0,488,53,397,0.059500
1,1,0,403,2,717,0.226500
2,1,0,346,4,410,0.194500
3,1,0,371,146,102,0.055500
4,1,0,43,12,717,0.106500
5,1,0,135,1,191,0.004000
6,1,0,248,7,832,0.060500
7,1,0,460,82,717,0.069000
8,1,0,340,76,615,0.054500
9,1,0,4,2,412,0.598500
10,1,0,432,23,66,0.059000
11,1,0,95,1,717,0.007500
12,1,0,866,36,627,0.063000
13,1,0,828,15,576,0.054500
14,1,0,461,14,814,0.052000
15,1,0,663,79,777,0.050000
16,1,0,153,21,142,0.075000
17,1,0,386,94,102,0.050000
18,1,0,487,53,133,0.052500
19,1,0,402,11,410,0.053000
20,1,0,820,13,191,0.056500
21,1,0,768,1,556,0.000000
22,1,0,307,2,191,0.339000
23,1,0,406,2,191,0.082000
24,1,0,210,12,717,0.074500
25,1,0,788,21,554,0.054500
26,1,0,710,198,312,0.050000
27,1,0,300,12,437,0.121000
28,1,0,448,4,191,0.356000
29,1,0,670,26,410,0.068000
30,1,0,58,21,410,0.068500
31,1,0,25,3,717,0.110500
32,1,0,53,5,437,0.050000
33,1,0,561,72,397,0.070000
34,1,0,783,7,68,0.453000
35,1,0,329,8,832,0.059500
36,1,1,8,10,654,0.360000
37,1,0,161,32,832,0.052500
38,1,0,886,53,519,0.073000
39,1,0,321,99,102,0.066000
40,1,0,181,40,832,0.052500
41,1,0,611,28,615,0.060500
42,1,0,351,12,712,0.089500
43,1,0,624,1,522,0.001000
44,1,0,14,2,717,0.323500
45,1,0,501,143,320,0.054500
46,1,0,929,22,18,0.084500
47,1,0,12,8,148,0.229000
48,1,0,27,1,393,0.000000
49,1,0,40,1,816,0.003000
50,1,0,155,14,410,0.058500
51,1,0,20,1,754,0.000000
52,1,0,933,207,68,0.050500
53,1,0,409,33,772,0.053000
54,1,0,20,8,717,0.072500
55,1,0,811,68,31,0.058000
56,1,0,882,1,754,0.035000
57,1,0,40,5,437,0.050500
58,1,0,103,2,870,0.402500
59,1,0,697,12,554,0.050500
60,1,0,541,90,717,0.057000
61,1,0,204,14,717,0.051000
62,1,0,346,14,832,0.050000
63,1,0,868,41,68,0.050000
64,1,0,774,13,554,0.072000
65,1,0,58,2,908,0.116500
66,1,0,108,3,437,0.107000
67,1,0,332,15,410,0.074500
68,1,0,141,17,437,0.061000
69,1,0,290,4,717,0.093500
70,1,0,103,8,717,0.069500
71,1,0,44,5,249,0.327500
72,1,0,191,5,191,0.091000
73,1,0,481,60,832,0.081500
74,1,0,672,80,316,0.060000
75,1,0,497,5,664,0.071500
76,1,0,333,10,191,0.068000
77,1,0,626,50,211,0.052000
78,1,0,154,9,437,0.098500
79,1,0,61,13,191,0.064500
80,1,0,949,2,813,0.171500
81,1,0,316,68,285,0.054500
82,1,0,243,9,148,0.054000
83,1,0,524,15,717,0.057000
84,1,0,766,61,312,0.056500
85,1,0,100,6,908,0.063000
86,1,0,81,5,446,0.227000
87,1,0,113,14,148,0.086000
88,1,0,24,2,379,0.082500
89,1,0,961,11,656,0.060000
90,1,0,620,52,285,0.067500
91,1,0,190,1,437,0.026000
92,1,0,677,56,410,0.050000
93,1,0,821,34,134,0.062500
94,1,0,143,5,717,0.064000
95,1,0,969,1,402,0.035000
96,1,0,950,14,678,0.057000
97,1,0,152,7,717,0.088000
98,1,0,628,4,430,0.229500
99,1,0,267,33,410,0.056000
100,1,0,69,4,832,0.095500
101,1,0,90,14,615,0.071500
102,1,0,36,7,832,0.076000
103,1,0,143,13,142,0.068500
104,1,0,769,67,382,0.057000
105,1,0,105,43,615,0.067500
106,1,0,37,6,437,0.147500
107,1,0,95,4,717,0.168000
108,1,0,350,37,717,0.112000
109,1,0,321,37,717,0.060500
110,1,0,582,10,717,0.053000
111,1,0,682,7,554,0.323500
112,1,0,148,11,356,0.050000
113,1,0,502,51,437,0.053500
114,1,0,950,19,687,0.052000
115,1,0,890,7,656,0.078000
116,1,0,501,9,134,0.103000
117,1,0,75,11,832,0.218500
118,1,0,121,12,410,0.054000
119,1,0,961,4,810,0.089000
120,1,0,181,1,717,0.001500
121,1,0,86,27,717,0.058000
122,1,0,695,12,293,0.094500
123,1,0,787,124,596,0.050000
124,1,0,458,59,772,0.061500
125,1,0,279,30,410,0.055000
126,1,0,288,1,832,0.004000
127,1,0,348,21,717,0.050500
128,1,0,462,25,832,0.051500
129,1,0,753,209,105,0.053000
130,1,0,944,12,810,0.093500
131,1,0,420,14,832,0.055000
132,1,0,746,15,554,0.076000
133,1,0,169,46,320,0.052000
134,1,0,40,1,191,0.000000
135,1,0,264,14,437,0.272000
136,1,0,30,6,717,0.072000
137,1,0,641,71,712,0.053500
138,1,0,846,201,467,0.059500
139,1,0,17,1,191,0.013000
140,1,0,12,4,9,0.072500
141,1,0,438,40,772,0.054500
142,1,0,13,5,356,0.222000
143,1,0,690,5,673,0.098000
144,1,0,470,107,148,0.054500
145,1,0,87,15,832,0.058500
146,1,0,612,88,281,0.050500
147,1,0,126,6,832,0.099500
148,1,1,4,8,717,0.079500
149,1,0,295,84,397,0.055000
150,1,0,215,9,191,0.052500
151,1,0,466,105,717,0.062000
152,1,0,214,62,931,0.058000
153,1,0,455,17,672,0.074000
154,1,0,956,8,579,0.060000
155,1,0,416,3,249,0.099500
156,1,0,96,19,356,0.098000
157,1,0,72,4,717,0.058500
158,1,0,915,171,688,0.050500
159,1,0,763,10,68,0.068000
160,1,0,835,136,672,0.050500
161,1,0,194,16,717,0.070000
162,1,0,241,5,410,0.245000
163,1,0,700,122,103,0.051000
164,1,0,801,24,554,0.069000
165,1,0,51,5,191,0.058000
166,1,0,25,6,717,0.074000
167,1,0,715,4,402,0.090000
168,1,0,882,17,554,0.064000
169,1,0,164,36,832,0.052500
170,1,0,371,35,422,0.055500
171,1,0,197,1,717,0.000000
172,1,0,69,1,717,0.011000
173,1,0,149,5,717,0.280000
174,1,0,418,71,717,0.051000
175,1,0,662,16,627,0.055000
176,1,0,237,75,285,0.055500
177,1,0,491,27,772,0.050500
178,1,0,639,6,155,0.134000
179,1,0,339,58,397,0.055000
180,1,0,349,3,717,0.052500
181,1,0,487,6,519,0.182500
182,1,0,278,8,148,0.050500
183,1,0,30,10,717,0.128500
184,1,0,937,6,745,0.060500
185,1,0,228,1,191,0.008000
186,1,0,119,3,410,0.212000
187,1,0,256,64,205,0.050000
188,1,0,677,6,627,0.111500
189,1,0,349,34,249,0.057000
190,1,0,669,103,803,0.052000
191,1,0,5,4,437,0.119000
192,1,0,471,66,102,0.054500
193,1,0,61,8,712,0.083000
194,1,0,222,1,410,0.035500
195,1,0,494,46,148,0.051000
196,1,0,425,25,437,0.056500
197,1,0,609,94,78,0.051000
198,1,0,612,44,510,0.054500
199,1,0,397,51,717,0.074000
200,1,0,349,50,102,0.052000
201,1,0,195,56,148,0.060000
202,1,0,943,167,813,0.054000
203,1,0,403,13,554,0.054500
204,1,0,350,63,105,0.050500
205,1,0,15,1,717,0.040000
206,1,0,901,15,761,0.056000
207,1,0,152,21,241,0.050000
208,1,0,586,176,118,0.052500
209,1,0,658,82,510,0.054500
210,1,0,381,35,320,0.069500
211,1,0,21,1,191,0.000000
212,1,0,753,5,907,0.259000
213,1,1,83,99,102,0.050500
214,1,0,990,1,942,0.011500
215,1,0,486,80,258,0.051500
216,1,0,164,4,556,0.060000
217,1,0,734,207,884,0.051500
218,1,0,497,4,717,0.131000
219,1,0,30,2,924,0.350500
220,1,0,165,23,717,0.052000
221,1,0,487,136,118,0.056500
222,1,0,586,53,538,0.058500
223,1,0,753,8,191,0.055000
224,1,0,571,150,538,0.054000
225,1,0,304,4,191,0.079500
226,1,0,107,1,717,0.029500
227,1,0,197,67,66,0.068000
228,1,0,241,6,437,0.051500
229,1,0,910,19,761,0.090500
230,1,0,998,1,389,0.011500
231,1,0,27,4,437,0.225000
232,1,0,278,5,437,0.091500
233,1,0,457,5,249,0.055000
234,1,0,506,95,205,0.051500
235,1,0,638,15,702,0.066500
236,1,0,227,1,717,0.006500
237,1,0,437,5,717,0.081000
238,1,0,671,93,102,0.050500
239,1,0,303,14,717,0.081500
240,1,0,45,6,437,0.058500
241,1,0,11,1,717,0.000000
242,1,0,566,193,510,0.052500
243,1,0,259,5,717,0.052500
244,1,0,722,8,822,0.052500
245,1,0,848,7,417,0.075000
246,1,0,507,150,708,0.054000
247,1,0,520,61,191,0.050500
248,1,0,448,15,191,0.054000
249,1,0,33,7,832,0.084500
250,1,0,279,84,615,0.056500
251,1,0,769,90,803,0.053000
252,1,0,147,29,36,0.112500
253,1,0,965,2,412,0.117000
254,1,0,195,4,717,0.066000
255,1,0,111,22,717,0.121000
256,1,0,91,64,410,0.051000
257,1,0,982,1,327,0.003500
258,1,0,509,2,717,0.722500
259,1,0,572,13,443,0.054000
260,1,0,407,4,692,0.209500
261,1,0,629,73,832,0.055500
262,1,0,38,1,412,0.015500
263,1,0,471,4,379,0.392500
264,1,0,521,23,437,0.065500
265,1,0,285,6,717,0.337000
266,1,0,879,18,822,0.060500
267,1,0,272,88,410,0.050500
268,1,0,105,19,556,0.050500
269,1,0,45,1,717,0.004500
270,1,0,611,2,522,0.932500
271,1,0,27,4,908,0.459000
272,1,0,507,3,191,0.201000
273,1,0,435,2,249,0.711500
274,1,0,216,6,148,0.112500
275,1,0,721,2,249,0.078500
276,1,0,847,22,935,0.062000
277,1,0,232,48,397,0.060500
278,1,0,773,11,554,0.052000
279,1,0,782,71,437,0.055000
280,1,0,404,8,191,0.112500
281,1,0,37,6,717,0.106000
282,1,0,293,7,717,0.125000
283,1,0,520,31,139,0.053000
284,1,0,475,20,832,0.055000
285,1,1,7,9,832,0.054500
286,1,0,689,93,501,0.050000
287,1,0,815,2,18,0.218500
288,1,0,297,8,717,0.087000
289,1,0,370,20,615,0.131000
290,1,0,788,37,554,0.050500
291,1,0,767,28,554,0.054000
292,1,0,363,59,717,0.060000
293,1,0,333,9,717,0.094500
294,1,0,336,22,772,0.056000
295,1,0,698,211,399,0.056000
296,1,0,567,8,397,0.069000
297,1,0,450,1,816,0.000000
298,1,0,39,1,717,0.007000
299,1,0,119,12,437,0.076000
300,1,0,920,483,640,0.052500
301,1,0,584,133,664,0.050500
302,1,0,155,5,437,0.081500
303,1,0,647,48,443,0.057500
304,1,0,770,121,673,0.051500
305,1,0,722,265,413,0.053000
306,1,0,172,123,102,0.053500
307,1,0,577,19,519,0.057000
308,1,0,979,170,734,0.050500
309,1,0,557,42,191,0.051500
310,1,0,405,11,717,0.060000
311,1,0,171,19,795,0.058000
312,1,0,193,70,142,0.051500
313,1,0,468,27,931,0.053500
314,1,0,405,19,148,0.051000
315,1,0,678,2,554,0.219000
316,1,0,187,95,399,0.053000
317,1,0,51,1,717,0.003000
318,1,0,453,75,32,0.050000
319,1,0,391,33,615,0.059500
320,1,0,4,2,832,0.373500
321,1,0,183,24,832,0.145000
322,1,0,728,31,249,0.051000
323,1,0,994,2,329,0.445000
324,1,0,627,5,139,0.175000
325,1,0,911,4,813,0.557000
326,1,0,847,141,134,0.055000
327,1,0,840,8,51,0.075500
328,1,0,700,106,183,0.054000
329,1,1,3,3,9,0.286000
330,1,0,597,5,249,0.057500
331,1,0,572,39,664,0.053500
332,1,0,902,403,312,0.057500
333,1,0,919,562,688,0.050500
334,1,0,269,13,437,0.079500
335,1,0,110,13,717,0.070500
336,1,0,454,170,664,0.051000
337,1,0,171,2,717,0.069500
338,1,0,103,3,717,0.151000
339,1,0,269,39,105,0.053000
340,1,0,561,4,556,0.128500
341,1,0,664,37,437,0.051000
342,1,0,675,12,134,0.056000
343,1,0,80,5,191,0.159500
344,1,0,621,10,556,0.058500
345,1,0,490,2,249,0.053500
346,1,0,197,27,410,0.052500
347,1,1,7,35,241,0.093500
348,1,0,44,1,717,0.006000
349,1,0,91,48,410,0.050500
350,1,0,143,24,538,0.062500
351,1,0,22,1,717,0.038500
352,1,0,488,69,554,0.100000
353,1,0,50,19,654,0.051000
354,1,0,829,3,28,0.070000
355,1,0,347,15,191,0.062000
356,1,0,6,4,717,0.051000
357,1,0,475,27,615,0.063500
358,1,0,553,26,615,0.074000
359,1,0,661,11,920,0.077000
360,1,0,665,134,148,0.059500
361,1,0,156,24,437,0.084500
362,1,0,967,8,810,0.103000
363,1,0,439,1,437,0.030000
364,1,0,146,15,717,0.063000
365,1,0,872,26,576,0.071500
366,1,0,932,9,249,0.069000
367,1,0,97,1,717,0.002000
368,1,0,122,7,437,0.137000
369,1,0,74,9,356,0.054500
370,1,0,40,4,155,0.058500
371,1,0,461,89,832,0.057500
372,1,0,627,21,191,0.066500
373,1,0,434,3,717,0.103500
374,1,0,74,7,717,0.051500
375,1,0,975,2,393,0.493500
376,1,0,677,5,249,0.053000
377,1,0,204,15,717,0.053000
378,1,0,277,5,410,0.153000
379,1,1,6,6,271,0.083500
380,1,0,824,39,904,0.051500
381,1,0,963,8,379,0.064500
382,1,0,183,6,191,0.065500
383,1,0,616,97,832,0.050500
384,1,0,659,28,410,0.053500
385,1,0,637,8,139,0.090500
386,1,0,227,29,615,0.050000
387,1,0,824,9,718,0.059500
388,1,0,981,1,327,0.006000
389,1,0,965,5,48,0.300500
390,1,0,146,11,437,0.162500
391,1,0,877,3,379,0.082000
392,1,0,389,4,615,0.054500
393,1,1,2,2,754,0.249500
394,1,0,669,33,293,0.078000
395,1,0,428,7,832,0.108000
396,1,0,111,6,717,0.079500
397,1,0,69,6,832,0.082500
398,1,0,684,10,191,0.070500
399,1,1,27,30,717,0.087500
400,1,0,169,30,692,0.054000
401,1,0,509,104,413,0.056000
402,1,0,61,2,522,0.068000
403,1,0,375,44,717,0.080500
404,1,0,689,42,139,0.052500
405,1,0,808,109,149,0.054500
406,1,0,656,277,118,0.051000
407,1,0,576,7,191,0.062000
408,1,0,287,15,660,0.088000
409,1,0,643,8,249,0.069000
410,1,0,6,1,717,0.024500
411,1,0,1000,1,549,0.015500
412,1,0,12,4,579,0.351000
413,1,0,92,3,437,0.073000
414,1,0,880,140,828,0.056500
415,1,0,700,195,258,0.057000
416,1,0,469,13,191,0.143000
417,1,0,435,20,519,0.056000
418,1,0,715,22,191,0.050500
419,1,0,706,4,961,0.245000
420,1,0,631,165,450,0.050500
421,1,0,470,108,553,0.059500
422,1,0,14,7,654,0.079000
423,1,0,72,3,717,0.051000
424,1,0,90,7,356,0.195500
425,1,0,791,6,754,0.143500
426,1,0,23,8,717,0.082000
427,1,0,765,8,249,0.098000
428,1,0,112,20,410,0.060000
429,1,0,37,4,437,0.326000
430,1,0,161,5,320,0.127500
431,1,0,209,29,410,0.063000
432,1,0,373,67,702,0.058500
433,1,0,420,2,554,0.116000
434,1,0,674,38,148,0.057000
435,1,0,23,6,356,0.066000
436,1,0,248,20,717,0.062000
437,1,1,7,7,717,0.211000
438,1,0,116,12,615,0.072000
439,1,0,165,17,320,0.051500
440,1,0,138,2,717,0.539000
441,1,0,319,84,717,0.053500
442,1,0,214,30,437,0.084000
443,1,1,19,11,437,0.068000
444,1,0,79,4,191,0.640000
445,1,0,318,35,615,0.053000
446,1,0,20,4,9,0.295000
447,1,0,544,43,660,0.058500
448,1,0,560,7,702,0.066000
449,1,0,730,16,554,0.058500
450,1,0,127,5,717,0.074000
451,1,0,426,172,32,0.050000
452,1,0,531,52,117,0.072500
453,1,0,320,16,410,0.050500
454,1,0,500,3,920,0.220000
455,1,0,827,141,793,0.053000
456,1,0,705,12,633,0.072000
457,1,0,16,6,832,0.052000
458,1,0,175,8,148,0.082500
459,1,0,158,2,191,0.107500
460,1,0,121,1,717,0.010500
461,1,0,80,6,746,0.102500
462,1,0,464,47,106,0.057000
463,1,0,459,25,717,0.050000
464,1,0,256,3,148,0.067500
465,1,0,262,35,410,0.055500
466,1,0,83,4,832,0.079000
467,1,0,268,4,191,0.093000
468,1,0,682,38,642,0.050000
469,1,0,132,6,717,0.091500
470,1,0,461,17,437,0.102000
471,1,0,556,29,948,0.126000
472,1,0,637,57,832,0.053000
473,1,0,479,16,102,0.061000
474,1,0,389,45,437,0.050000
475,1,0,700,25,717,0.061000
476,1,0,302,5,717,0.201500
477,1,0,74,3,832,0.052500
478,1,0,25,3,410,0.937500
479,1,0,212,16,437,0.052500
480,1,0,143,15,142,0.093500
481,1,0,111,16,356,0.091500
482,1,0,199,9,832,0.059000
483,1,0,519,35,660,0.076000
484,1,0,592,20,592,0.088500
485,1,0,672,104,702,0.051000
486,1,0,927,73,907,0.071500
487,1,0,844,10,249,0.167000
488,1,1,2,10,961,0.058000
489,1,0,340,9,717,0.056000
490,1,0,559,5,554,0.781500
491,1,0,688,9,155,0.051000
492,1,0,563,102,148,0.053000
493,1,0,544,173,118,0.053500
494,1,0,127,8,717,0.144500
495,1,0,462,65,660,0.062500
496,1,0,721,101,859,0.057000
497,1,0,372,24,692,0.135500
498,1,0,225,82,692,0.059500
499,1,0,463,81,615,0.058000
500,1,0,180,63,410,0.051500
501,1,0,217,26,832,0.082500
502,1,0,308,5,437,0.100500
503,1,0,129,21,356,0.082000
504,1,0,496,13,410,0.079500
505,1,0,263,10,556,0.064500
506,1,0,570,89,148,0.051000
507,1,0,459,23,717,0.052500
508,1,0,757,10,430,0.062500
509,1,0,182,21,142,0.050000
510,1,0,28,5,717,0.052000
511,1,0,968,12,724,0.051000
512,1,0,276,105,717,0.050500
513,1,0,257,3,717,0.054500
514,1,0,151,21,717,0.067000
515,1,0,320,10,68,0.076500
516,1,0,95,12,832,0.074500
517,1,0,702,28,293,0.051500
518,1,0,201,20,832,0.114500
519,1,0,9,1,717,0.020500
520,1,0,243,76,832,0.051000
521,1,0,682,42,466,0.079500
522,1,0,448,59,633,0.052000
523,1,0,146,1,717,0.000000
524,1,0,390,32,32,0.050000
525,1,0,127,5,148,0.063000
526,1,0,14,3,437,0.578000
527,1,0,35,6,437,0.072000
528,1,0,774,7,216,0.061000
529,1,0,263,20,832,0.055500
530,1,0,465,139,102,0.051500
531,1,0,229,18,832,0.077500
532,1,0,876,235,948,0.056000
533,1,0,27,3,410,0.239000
534,1,0,20,2,191,0.091000
535,1,0,923,138,940,0.053500
536,1,0,229,5,717,0.245500
537,1,0,597,124,664,0.050500
538,1,0,23,13,717,0.107000
539,1,0,671,15,191,0.075500
540,1,0,242,47,356,0.055500
541,1,0,397,31,717,0.061000
542,1,0,211,17,142,0.061000
543,1,0,407,139,410,0.051000
544,1,0,201,20,717,0.127500
545,1,0,305,16,437,0.154000
546,1,0,352,27,211,0.052500
547,1,0,422,150,763,0.055000
548,1,0,940,32,746,0.050000
549,1,0,992,3,9,0.588500
550,1,0,822,181,293,0.050500
551,1,0,632,14,920,0.068500
552,1,0,74,2,717,0.672000
553,1,0,92,14,832,0.059000
554,1,0,17,10,717,0.094000
555,1,0,230,16,410,0.055000
556,1,0,108,75,692,0.059500
557,1,0,693,29,712,0.085500
558,1,0,917,16,614,0.057000
559,1,0,641,240,466,0.053500
560,1,0,789,282,11,0.054000
561,1,0,259,3,410,0.401500
562,1,1,1,4,562,0.196500
563,1,0,708,31,717,0.052000
564,1,0,349,13,356,0.061500
565,1,0,261,11,443,0.050000
566,1,0,250,11,717,0.053000
567,1,0,869,10,556,0.054500
568,1,0,387,27,832,0.085000
569,1,0,512,81,410,0.050000
570,1,0,197,25,410,0.073000
571,1,0,315,56,717,0.050000
572,1,0,882,6,18,0.237000
573,1,0,254,29,554,0.077500
574,1,0,118,7,148,0.087500
575,1,0,161,8,832,0.100500
576,1,0,449,18,773,0.065000
577,1,0,115,6,832,0.079500
578,1,0,648,6,642,0.124500
579,1,0,21,1,754,0.000000
580,1,0,706,22,191,0.068500
581,1,0,441,26,437,0.053500
582,1,0,729,10,454,0.085000
583,1,0,786,12,672,0.116000
584,1,0,743,8,522,0.052000
585,1,0,650,88,32,0.051500
586,1,0,271,3,717,0.072000
587,1,0,529,103,717,0.052000
588,1,0,565,1,249,0.005000
589,1,0,670,42,948,0.067500
590,1,0,672,47,413,0.053500
591,1,0,963,152,542,0.050500
592,1,0,136,12,320,0.136500
593,1,0,43,12,148,0.054500
594,1,0,267,5,717,0.064000
595,1,0,466,1,191,0.000500
596,1,0,108,6,717,0.151000
597,1,0,215,4,717,0.059000
598,1,0,31,1,717,0.033500
599,1,0,216,5,642,0.081500
600,1,0,282,41,148,0.050000
601,1,0,422,121,538,0.053000
602,1,0,743,50,948,0.052000
603,1,0,5,2,745,0.405000
604,1,1,44,56,102,0.067000
605,1,0,6,5,907,0.127500
606,1,0,507,50,191,0.051500
607,1,0,778,88,134,0.066000
608,1,0,676,2,908,0.403500
609,1,0,826,22,627,0.066000
610,1,0,799,22,78,0.064000
611,1,0,473,36,285,0.051500
612,1,0,789,5,239,0.057500
613,1,0,635,12,717,0.129000
614,1,0,352,20,615,0.054000
615,1,0,37,13,437,0.055000
616,1,0,292,25,772,0.094000
617,1,0,401,108,413,0.050000
618,1,0,735,13,717,0.072000
619,1,0,394,4,832,0.081000
620,1,0,299,67,102,0.055000
621,1,0,758,55,702,0.055500
622,1,1,33,32,654,0.070500
623,1,0,604,41,320,0.050000
624,1,0,204,9,410,0.111500
625,1,0,196,9,615,0.062000
626,1,0,908,151,417,0.051500
627,1,0,112,20,615,0.051500
628,1,0,61,2,437,0.325500
629,1,0,200,9,191,0.098500
630,1,0,428,2,249,0.115500
631,1,0,95,52,777,0.055000
632,1,0,31,1,754,0.000000
633,1,1,3,51,316,0.055500
634,1,0,68,9,717,0.050000
635,1,0,226,15,717,0.062500
636,1,0,648,25,772,0.050000
637,1,0,981,23,813,0.057000
638,1,0,455,26,664,0.056000
639,1,0,362,6,139,0.060500
640,1,0,610,40,717,0.064500
641,1,0,332,36,285,0.051500
642,1,0,35,12,832,0.055500
643,1,0,225,14,410,0.083000
644,1,0,438,63,717,0.059500
645,1,0,450,7,437,0.065500
646,1,0,249,1,717,0.030000
647,1,0,274,9,437,0.051500
648,1,0,995,2,446,0.186000
649,1,0,440,14,556,0.083000
650,1,0,237,5,191,0.355500
651,1,0,607,9,139,0.051500
652,1,0,33,6,717,0.051000
653,1,0,343,25,410,0.052500
654,1,0,20,1,717,0.027500
655,1,0,13,1,603,0.024000
656,1,0,629,3,935,0.079000
657,1,0,853,3,745,0.109000
658,1,0,715,5,249,0.136000
659,1,0,441,13,320,0.080000
660,1,0,18,10,356,0.114500
661,1,0,41,4,437,0.094500
662,1,0,704,44,139,0.050500
663,1,0,617,4,832,0.057500
664,1,0,78,10,148,0.065500
665,1,0,39,6,717,0.096000
666,1,0,323,17,191,0.050000
667,1,0,385,67,897,0.076000
668,1,0,390,37,664,0.052000
669,1,0,292,12,71,0.063000
670,1,0,984,42,402,0.059500
671,1,0,472,23,148,0.075000
672,1,0,244,15,772,0.072500
673,1,0,133,19,717,0.056500
674,1,0,721,63,692,0.053000
675,1,0,858,30,799,0.057000
676,1,0,543,5,692,0.119500
677,1,0,874,23,614,0.094500
678,1,0,511,43,974,0.061000
679,1,0,990,1,388,0.041500
680,1,0,628,11,554,0.066000
681,1,0,605,3,935,0.124000
682,1,0,441,10,519,0.144500
683,1,0,127,8,832,0.064500
684,1,0,108,11,717,0.172500
685,1,0,142,10,832,0.057500
686,1,0,58,5,717,0.331500
687,1,1,22,17,418,0.135000
688,1,0,389,5,717,0.067000
689,1,0,184,2,717,0.139000
690,1,0,972,1,810,0.026000
691,1,0,69,4,717,0.062500
692,1,0,31,6,437,0.100500
693,1,0,585,35,191,0.068500
694,1,0,76,18,660,0.060500
695,1,0,751,1,522,0.000500
696,1,0,31,8,437,0.173500
697,1,0,182,13,148,0.060000
698,1,0,613,15,191,0.075500
699,1,0,849,30,948,0.051500
700,1,0,887,29,554,0.071500
701,1,0,795,243,664,0.055500
702,1,0,6,2,717,0.947500
703,1,0,442,1,191,0.022500
704,1,0,977,155,792,0.054500
705,1,0,370,47,832,0.068000
706,1,0,403,74,11,0.051000
707,1,0,173,31,832,0.055500
708,1,0,50,7,437,0.065000
709,1,0,851,73,761,0.052500
710,1,0,702,3,249,0.837000
711,1,0,223,8,717,0.069500
712,1,1,26,45,615,0.066000
713,1,0,282,8,410,0.110000
714,1,0,765,97,832,0.052500
715,1,0,99,7,356,0.153500
716,1,0,780,26,615,0.079500
717,1,1,1,13,717,0.068000
718,1,0,621,16,430,0.051500
719,1,0,480,113,397,0.058000
720,1,1,34,88,654,0.057500
721,1,0,767,54,948,0.054500
722,1,0,708,47,105,0.055000
723,1,0,379,6,664,0.059500
724,1,0,300,3,642,0.056000
725,1,0,159,1,717,0.007000
726,1,0,468,35,832,0.069000
727,1,0,61,18,437,0.055000
728,1,0,321,35,615,0.070000
729,1,0,320,15,148,0.057000
730,1,0,466,2,139,0.082000
731,1,0,86,3,717,0.274000
732,1,0,633,11,556,0.052000
733,1,0,594,13,717,0.106500
734,1,0,781,374,102,0.050000
735,1,0,205,44,832,0.065500
736,1,0,191,98,102,0.057500
737,1,0,904,294,477,0.050500
738,1,0,175,18,717,0.059500
739,1,0,922,1,656,0.000500
740,1,0,56,1,717,0.005500
741,1,0,191,1,717,0.039500
742,1,0,172,28,142,0.055000
743,1,0,586,100,148,0.052500
744,1,0,639,2,554,0.122500
745,1,0,399,1,249,0.003000
746,1,0,47,6,249,0.051000
747,1,0,747,5,599,0.091500
748,1,0,296,57,720,0.050000
749,1,0,333,5,615,0.066500
750,1,0,118,47,717,0.053500
751,1,1,5,6,410,0.055000
752,1,0,814,8,745,0.050500
753,1,0,452,15,78,0.123000
754,1,0,339,1,155,0.047000
755,1,0,594,2,554,0.181000
756,1,0,112,17,148,0.067000
757,1,0,277,97,241,0.055000
758,1,0,371,19,717,0.060000
759,1,0,511,17,554,0.114000
760,1,0,687,100,165,0.059000
761,1,0,561,8,249,0.066000
762,1,0,392,98,660,0.056000
763,1,0,217,10,717,0.067500
764,1,0,242,69,356,0.051000
765,1,0,343,23,410,0.052500
766,1,0,349,45,717,0.051500
767,1,0,819,133,948,0.053000
768,1,0,41,5,297,0.422000
769,1,0,168,20,437,0.088500
770,1,0,287,16,437,0.084000
771,1,0,601,3,191,0.054000
772,1,0,31,6,717,0.120000
773,1,0,5,2,437,0.370500
774,1,0,129,10,931,0.063000
775,1,0,518,83,717,0.074000
776,1,0,484,71,720,0.052500
777,1,0,50,2,437,0.641500
778,1,0,218,55,717,0.055000
779,1,0,157,4,437,0.094000
780,1,0,190,117,102,0.051000
781,1,0,604,1,443,0.047500
782,1,0,144,4,191,0.104000
783,1,0,832,1,249,0.026500
784,1,0,125,30,832,0.058000
785,1,0,829,23,554,0.062500
786,1,0,856,238,101,0.050500
787,1,0,974,15,745,0.050500
788,1,0,751,23,712,0.059500
789,1,0,434,88,281,0.058500
790,1,0,679,112,450,0.052500
791,1,0,420,176,763,0.051500
792,1,0,668,8,627,0.127500
793,1,0,282,14,832,0.102500
794,1,0,201,3,717,0.103000
795,1,0,335,5,191,0.074000
796,1,0,65,16,832,0.054000
797,1,0,541,42,660,0.050500
798,1,1,50,66,615,0.050500
799,1,0,20,5,249,0.060000
800,1,0,72,31,556,0.050000
801,1,0,22,3,437,0.132000
802,1,0,171,8,148,0.051000
803,1,0,100,2,717,0.347000
804,1,0,216,18,320,0.072500
805,1,0,263,8,615,0.073500
806,1,0,389,54,720,0.052000
807,1,0,422,21,772,0.058500
808,1,0,791,145,569,0.051000
809,1,0,898,18,724,0.090500
810,1,1,8,9,402,0.117000
811,1,0,839,7,101,0.072500
812,1,0,849,114,642,0.060500
813,1,0,423,5,522,0.077500
814,1,0,341,37,142,0.051500
815,1,0,580,105,397,0.066500
816,1,0,14,6,695,0.405500
817,1,0,226,46,148,0.075000
818,1,0,524,148,948,0.050500
819,1,0,715,4,554,0.144500
820,1,0,103,13,717,0.062500
821,1,0,238,81,397,0.054000
822,1,0,217,1,78,0.006500
823,1,0,725,4,908,0.125000
824,1,0,22,9,356,0.342500
825,1,0,289,119,897,0.056000
826,1,0,168,4,717,0.874000
827,1,0,211,2,717,0.050500
828,1,0,95,15,320,0.092000
829,1,0,588,62,832,0.053500
830,1,0,780,9,443,0.152000
831,1,0,482,19,556,0.062500
832,1,1,4,4,717,0.140000
833,1,0,713,60,176,0.061500
834,1,0,346,17,717,0.058000
835,1,0,845,120,948,0.058500
836,1,0,710,25,139,0.062500
837,1,0,715,226,285,0.050500
838,1,0,378,37,148,0.051500
839,1,0,712,292,413,0.052000
840,1,0,331,28,410,0.108000
841,1,0,186,18,191,0.055500
842,1,0,577,11,556,0.069500
843,1,0,252,12,410,0.069000
844,1,0,188,10,191,0.072500
845,1,0,718,2,822,0.941500
846,1,0,831,45,298,0.051000
847,1,0,818,36,642,0.060000
848,1,0,391,19,32,0.082000
849,1,0,131,7,832,0.051500
850,1,0,159,26,142,0.060000
851,1,0,560,10,556,0.089000
852,1,0,175,2,832,0.204500
853,1,0,342,27,717,0.064500
854,1,0,377,9,717,0.082000
855,1,1,40,54,750,0.069500
856,1,0,577,85,443,0.053000
857,1,0,483,171,399,0.057500
858,1,0,615,49,148,0.053500
859,1,0,94,15,832,0.050000
860,1,0,778,6,430,0.057000
861,1,0,270,26,832,0.051500
862,1,0,43,12,717,0.071000
863,1,0,223,7,717,0.090000
864,1,0,710,65,720,0.054000
865,1,0,910,157,312,0.053000
866,1,0,343,61,832,0.069500
867,1,0,170,26,410,0.070500
868,1,0,800,9,614,0.057000
869,1,0,666,11,920,0.050000
870,1,0,942,5,627,0.085000
871,1,0,64,35,717,0.056000
872,1,0,504,107,556,0.051000
873,1,0,840,175,149,0.053000
874,1,0,52,3,148,0.498000
875,1,0,122,4,717,0.051500
876,1,0,139,8,191,0.068500
877,1,0,466,45,31,0.068500
878,1,0,58,12,832,0.053500
879,1,0,133,35,832,0.051000
880,1,0,320,68,142,0.051500
881,1,0,478,76,102,0.051500
882,1,0,420,25,717,0.060500
883,1,0,814,34,613,0.104000
884,1,0,24,23,410,0.055000
885,1,0,958,13,907,0.252500
886,1,0,339,19,660,0.068000
887,1,0,894,54,556,0.051500
888,1,0,773,123,410,0.050000
889,1,0,207,14,356,0.115500
890,1,0,935,275,586,0.051500
891,1,0,165,26,183,0.059500
892,1,0,685,48,717,0.050500
893,1,0,434,65,102,0.053500
894,1,0,782,24,293,0.083000
895,1,0,54,7,615,0.055500
896,1,0,406,35,717,0.054500
897,1,0,23,15,832,0.164000
898,1,0,370,7,148,0.103000
899,1,0,128,21,437,0.060000
900,1,0,900,198,248,0.055500
901,1,0,358,5,320,0.051500
902,1,0,61,12,356,0.050500
903,1,0,713,141,519,0.054000
904,1,0,180,27,397,0.056000
905,1,0,6,3,832,0.437500
906,1,0,54,9,437,0.054000
907,1,0,26,1,754,0.036000
908,1,0,99,1,522,0.009000
909,1,0,702,43,702,0.051500
910,1,0,518,15,437,0.055500
911,1,0,144,12,717,0.078500
912,1,0,424,47,281,0.065000
913,1,0,99,1,717,0.012000
914,1,0,54,3,832,0.141500
915,1,0,342,12,32,0.090500
916,1,0,299,115,615,0.052500
917,1,0,7,1,717,0.004500
918,1,0,932,43,454,0.061000
919,1,0,800,18,642,0.058500
920,1,0,96,15,615,0.056000
921,1,0,444,21,772,0.057500
922,1,0,716,6,615,0.052500
923,1,0,380,17,717,0.056000
924,1,0,86,6,562,0.328000
925,1,0,349,34,717,0.081500
926,1,1,5,5,412,0.109500
927,1,0,824,189,502,0.050500
928,1,0,935,66,795,0.062000
929,1,0,787,13,556,0.051500
930,1,0,278,60,102,0.055000
931,1,0,11,4,437,0.084500
932,1,0,589,12,745,0.120000
933,1,0,374,47,712,0.050500
934,1,0,106,23,855,0.053000
935,1,0,131,2,437,0.188500
936,1,0,648,61,31,0.050000
937,1,0,223,2,717,0.101000
938,1,0,751,23,556,0.052500
939,1,0,538,29,191,0.070000
940,1,0,55,5,430,0.093000
941,1,0,405,12,32,0.062000
942,1,0,893,3,754,0.096000
943,1,0,302,21,717,0.057500
944,1,0,431,81,102,0.054500
945,1,0,815,164,149,0.051000
946,1,0,573,3,935,0.137000
947,1,0,465,4,717,0.079000
948,1,0,46,6,717,0.148500
949,1,0,898,101,36,0.053000
950,1,0,264,84,102,0.052000
951,1,0,342,14,191,0.061000
952,1,0,497,115,44,0.054000
953,1,0,770,89,258,0.050500
954,1,0,652,59,556,0.050500
955,1,0,512,15,717,0.091000
956,1,0,432,100,660,0.070000
957,1,0,418,26,320,0.059000
958,1,0,906,26,307,0.051500
959,1,0,384,106,102,0.052500
960,1,0,762,487,35,0.058000
961,1,0,364,13,673,0.118000
962,1,0,427,37,31,0.051500
963,1,0,219,4,717,0.111500
964,1,0,233,18,148,0.080000
965,1,0,800,16,724,0.057000
966,1,0,618,119,664,0.052500
967,1,0,956,2,754,0.118500
968,1,0,381,66,148,0.056500
969,1,0,149,7,717,0.175500
970,1,0,20,1,717,0.007000
971,1,0,153,3,717,0.360000
972,1,0,344,30,410,0.053500
973,1,0,358,5,139,0.087000
974,1,0,25,1,717,0.008000
975,1,0,488,43,105,0.050000
976,1,0,668,70,87,0.055000
977,1,0,948,71,554,0.055500
978,1,0,511,98,798,0.055000
979,1,0,401,63,142,0.063500
980,1,0,916,119,814,0.053000
981,1,0,847,60,672,0.055000
982,1,0,306,35,410,0.056500
983,1,0,542,226,281,0.056500
984,1,0,868,516,999,0.051000
985,1,0,721,54,717,0.051000
986,1,0,414,83,183,0.056500
987,1,0,584,1,554,0.006000
988,1,0,601,79,598,0.050000
989,1,0,805,7,554,0.069500
990,1,0,704,30,78,0.088500
991,1,0,432,8,191,0.073500
992,1,0,579,7,78,0.082000
993,1,0,361,1,717,0.014500
994,1,0,45,26,832,0.064500
995,1,0,363,49,102,0.057500
996,1,0,460,91,102,0.071000
997,1,0,828,129,712,0.051000
998,1,0,238,22,832,0.089000
999,1,0,427,38,66,0.050500
1000,1,0,607,80,413,0.055500
1,2,0,433,26,832,0.082500
2,2,0,391,59,931,0.051000
3,2,0,377,101,285,0.050500
4,2,0,52,6,832,0.285000
5,2,0,164,1,191,0.002000
6,2,0,274,11,717,0.052500
7,2,0,460,77,437,0.058500
8,2,0,315,29,717,0.062500
9,2,1,1,4,9,0.283500
10,2,0,485,62,285,0.067000
11,2,0,89,4,717,0.056500
12,2,0,874,3,249,0.096500
13,2,1,8,8,379,0.257500
14,2,0,540,7,139,0.051000
15,2,0,648,82,664,0.051000
16,2,0,165,30,717,0.052500
17,2,0,401,168,410,0.051500
18,2,0,55,7,599,0.092500
19,2,0,409,138,397,0.051500
20,2,0,843,283,68,0.057500
21,2,0,777,36,216,0.052000
22,2,0,310,3,717,0.097500
23,2,0,386,1,191,0.001000
24,2,0,218,8,717,0.055000
25,2,0,794,3,554,0.468500
26,2,0,693,17,556,0.060000
27,2,0,310,27,832,0.064500
28,2,0,442,47,717,0.054500
29,2,0,29,1,490,0.021000
30,2,0,80,1,717,0.030000
31,2,0,33,6,717,0.059500
32,2,0,33,2,832,0.461000
33,2,0,506,64,948,0.053000
34,2,0,754,4,935,0.177000
35,2,0,400,19,36,0.054000
36,2,0,9,7,832,0.053500
37,2,0,173,4,717,0.163000
38,2,0,876,53,712,0.050500
39,2,0,404,44,615,0.059500
40,2,0,208,32,717,0.104000
41,2,0,681,58,32,0.055000
42,2,0,320,12,712,0.050500
43,2,0,849,1,908,0.032000
44,2,0,22,8,356,0.076000
45,2,0,557,82,249,0.051000
46,2,0,912,9,522,0.057500
47,2,0,27,6,717,0.090000
48,2,0,23,8,393,0.085500
49,2,0,982,1,388,0.000500
50,2,0,132,27,437,0.070000
51,2,0,669,4,813,0.142000
52,2,0,930,129,724,0.050000
53,2,0,446,19,717,0.078000
54,2,0,29,2,437,0.637000
55,2,0,715,8,672,0.052000
56,2,0,226,9,412,0.086000
57,2,0,58,2,832,0.696000
58,2,1,2,2,388,0.115000
59,2,0,792,75,211,0.069500
60,2,0,513,52,717,0.050000
61,2,0,188,1,717,0.014500
62,2,0,317,49,832,0.053500
63,2,0,838,269,916,0.050500
64,2,0,787,94,803,0.056500
65,2,0,674,6,908,0.386000
66,2,1,37,46,142,0.050000
67,2,0,333,20,148,0.063000
68,2,0,193,11,717,0.053000
69,2,0,280,3,437,0.141500
70,2,0,117,12,148,0.142500
71,2,0,390,42,320,0.063500
72,2,0,230,2,717,0.208000
73,2,0,487,97,32,0.051000
74,2,0,672,202,133,0.051000
75,2,0,546,27,717,0.066500
76,2,0,271,11,717,0.180500
77,2,0,622,15,554,0.059000
78,2,0,85,27,183,0.055500
79,2,0,68,4,717,0.755000
80,2,0,914,3,572,0.232500
81,2,0,110,13,101,0.117500
82,2,0,252,10,410,0.058000
83,2,0,456,12,642,0.100500
84,2,0,773,209,828,0.052000
85,2,0,595,8,656,0.055000
86,2,0,993,5,297,0.987000
87,2,0,114,6,148,0.113000
88,2,0,855,4,908,0.243000
89,2,0,935,112,888,0.052500
90,2,0,583,23,191,0.051500
91,2,0,181,46,717,0.053500
92,2,0,680,213,553,0.063500
93,2,0,846,49,510,0.054000
94,2,0,133,1,717,0.039000
95,2,0,955,1,393,0.015500
96,2,0,956,1,754,0.005000
97,2,0,169,5,410,0.126000
98,2,0,464,6,935,0.246500
99,2,0,383,15,717,0.070500
100,2,0,57,7,832,0.111000
101,2,0,20,1,78,0.035000
102,2,0,16,8,410,0.196000
103,2,0,165,1,717,0.002500
104,2,0,467,4,961,0.063000
105,2,0,65,18,320,0.054500
106,2,0,15,5,410,0.065500
107,2,0,86,13,437,0.119500
108,2,0,395,21,148,0.082000
109,2,0,361,85,347,0.050500
110,2,0,525,8,191,0.067000
111,2,0,632,53,652,0.050000
112,2,0,154,10,148,0.069000
113,2,0,527,6,832,0.058500
114,2,0,950,359,495,0.053000
115,2,0,900,28,443,0.056000
116,2,0,572,114,102,0.051000
117,2,0,51,3,717,0.063000
118,2,0,103,25,102,0.054000
119,2,0,127,12,816,0.105000
120,2,0,166,34,437,0.058000
121,2,0,76,7,148,0.153500
122,2,0,771,9,935,0.053000
123,2,0,746,12,430,0.064000
124,2,0,424,16,554,0.062000
125,2,0,247,57,717,0.050000
126,2,0,240,14,717,0.051000
127,2,0,296,67,102,0.052000
128,2,0,435,18,660,0.060000
129,2,0,714,228,569,0.050000
130,2,0,950,8,393,0.128500
131,2,0,405,80,285,0.099000
132,2,0,643,24,293,0.053000
133,2,0,205,8,437,0.066500
134,2,0,77,1,191,0.000000
135,2,0,249,27,717,0.074500
136,2,0,25,7,356,0.293000
137,2,0,646,151,443,0.053000
138,2,0,816,14,242,0.110500
139,2,0,23,3,717,0.086000
140,2,0,900,6,942,0.223500
141,2,0,471,37,660,0.051500
142,2,0,9,3,717,0.350000
143,2,0,555,19,293,0.071500
144,2,0,378,112,118,0.050500
145,2,0,93,7,717,0.051000
146,2,0,623,16,712,0.071500
147,2,0,118,7,832,0.080000
148,2,1,3,9,356,0.089500
149,2,0,469,40,519,0.050000
150,2,0,243,3,410,0.473500
151,2,0,450,68,664,0.053500
152,2,0,205,39,437,0.051000
153,2,0,779,94,995,0.064000
154,2,0,964,9,810,0.101500
155,2,0,439,5,78,0.172500
156,2,0,90,3,410,0.401500
157,2,0,61,4,717,0.109000
158,2,0,937,224,594,0.055500
159,2,0,813,209,803,0.051000
160,2,0,822,54,382,0.050500
161,2,0,229,28,832,0.069500
162,2,0,252,22,410,0.085000
163,2,0,625,1,258,0.008500
164,2,0,835,2,554,0.099000
165,2,0,76,9,717,0.054000
166,2,0,23,7,356,0.235500
167,2,0,888,1,522,0.002000
168,2,0,864,19,311,0.067500
169,2,0,164,4,832,0.068500
170,2,0,332,161,36,0.050000
171,2,0,233,20,717,0.059000
172,2,0,112,10,717,0.053500
173,2,1,69,73,32,0.050000
174,2,0,391,38,948,0.063000
175,2,0,594,11,920,0.081500
176,2,0,267,51,36,0.051500
177,2,0,451,115,139,0.055500
178,2,0,733,39,556,0.051000
179,2,0,275,30,36,0.069500
180,2,0,412,13,717,0.050500
181,2,0,471,117,931,0.051000
182,2,0,220,4,717,0.095000
183,2,0,46,9,717,0.212000
184,2,0,932,16,656,0.069000
185,2,0,210,15,191,0.127500
186,2,0,169,10,356,0.060000
187,2,0,242,1,717,0.043500
188,2,0,649,3,155,0.682000
189,2,0,394,40,948,0.050000
190,2,0,638,13,814,0.072500
191,2,1,1,1,191,0.000000
192,2,1,7,8,627,0.293500
193,2,0,332,115,191,0.052500
194,2,0,271,7,148,0.062000
195,2,0,546,65,36,0.050500
196,2,0,446,19,832,0.068500
197,2,0,520,19,615,0.054500
198,2,0,621,37,554,0.069500
199,2,0,346,9,191,0.066000
200,2,0,147,15,36,0.063000
201,2,0,113,45,717,0.063000
202,2,0,948,3,522,0.058500
203,2,0,436,15,554,0.055500
204,2,0,379,143,615,0.059500
205,2,0,14,4,717,0.107500
206,2,0,915,78,799,0.050500
207,2,0,181,29,717,0.052500
208,2,0,620,51,148,0.053500
209,2,0,701,28,410,0.074000
210,2,0,481,108,413,0.056500
211,2,0,22,3,717,0.119000
212,2,0,113,2,412,0.102500
213,2,0,114,4,717,0.299500
214,2,0,987,4,942,0.115000
215,2,0,580,1,554,0.012000
216,2,0,384,3,556,0.051000
217,2,0,771,86,664,0.055500
218,2,0,491,145,36,0.050000
219,2,1,1,1,219,0.002000
220,2,0,164,5,832,0.062000
221,2,0,479,31,832,0.051500
222,2,0,603,60,102,0.061500
223,2,0,740,61,139,0.062000
224,2,0,583,192,477,0.051500
225,2,0,323,11,191,0.065000
226,2,0,83,22,717,0.051000
227,2,0,259,52,437,0.067500
228,2,0,252,11,717,0.251000
229,2,0,916,12,134,0.050000
230,2,0,980,2,446,0.557000
231,2,0,27,3,832,0.176500
232,2,0,238,39,832,0.057000
233,2,0,460,9,828,0.052500
234,2,0,505,70,142,0.058500
235,2,0,648,22,772,0.088500
236,2,0,153,3,191,0.082000
237,2,0,413,7,717,0.073000
238,2,0,604,6,249,0.112500
239,2,0,216,19,148,0.063000
240,2,1,15,19,832,0.051500
241,2,0,11,1,717,0.003000
242,2,0,615,28,139,0.057500
243,2,0,283,3,410,0.257500
244,2,0,635,7,155,0.071000
245,2,0,871,105,11,0.060500
246,2,0,537,54,437,0.053000
247,2,0,543,61,285,0.052000
248,2,0,436,22,717,0.075500
249,2,0,160,18,717,0.067500
250,2,0,378,24,320,0.066000
251,2,0,728,22,554,0.131500
252,2,0,258,34,320,0.051000
253,2,0,969,3,461,0.128500
254,2,0,185,6,717,0.170000
255,2,0,49,2,437,0.572500
256,2,0,133,1,191,0.005000
257,2,0,17,5,9,0.152000
258,2,1,120,96,450,0.050000
259,2,0,610,79,477,0.062500
260,2,0,490,38,642,0.080500
261,2,0,492,2,935,0.567500
262,2,0,951,1,754,0.039000
263,2,0,202,6,379,0.070500
264,2,0,505,10,437,0.078500
265,2,0,256,1,191,0.008000
266,2,0,832,83,576,0.052500
267,2,0,242,12,717,0.059000
268,2,0,374,14,832,0.055500
269,2,0,23,12,717,0.056500
270,2,0,682,6,556,0.119500
271,2,0,648,3,935,0.809500
272,2,0,543,35,410,0.059500
273,2,0,611,6,249,0.157000
274,2,0,205,19,832,0.068000
275,2,0,749,73,156,0.055000
276,2,0,832,85,814,0.054000
277,2,0,331,33,437,0.057000
278,2,0,768,14,935,0.064500
279,2,0,731,31,594,0.063500
280,2,0,403,53,410,0.057000
281,2,1,24,21,148,0.063000
282,2,0,382,64,102,0.055500
283,2,0,614,20,139,0.057000
284,2,0,453,2,717,0.123000
285,2,0,9,5,437,0.056000
286,2,0,726,27,239,0.071500
287,2,0,845,6,522,0.054000
288,2,0,293,23,717,0.053000
289,2,0,348,104,397,0.051500
290,2,0,794,96,615,0.057500
291,2,0,789,2,554,0.456000
292,2,0,431,78,931,0.052500
293,2,0,383,43,429,0.061000
294,2,0,397,21,191,0.069000
295,2,0,701,124,191,0.050500
296,2,0,521,201,763,0.050000
297,2,0,7,4,9,0.059000
298,2,0,17,4,717,0.138000
299,2,0,135,3,832,0.071500
300,2,0,929,6,908,0.131000
301,2,0,588,144,397,0.058000
302,2,0,159,9,832,0.139500
303,2,0,644,13,554,0.051000
304,2,0,738,10,673,0.083500
305,2,0,681,202,594,0.050500
306,2,0,273,30,241,0.054500
307,2,0,539,16,554,0.055500
308,2,0,982,381,373,0.052000
309,2,0,545,6,717,0.085000
310,2,0,359,181,57,0.054000
311,2,1,6,22,961,0.064500
312,2,0,124,14,717,0.050000
313,2,0,476,12,148,0.051000
314,2,0,347,17,410,0.158000
315,2,0,675,52,948,0.055000
316,2,0,315,69,148,0.051000
317,2,0,77,10,832,0.057000
318,2,0,423,18,615,0.073500
319,2,0,353,182,413,0.051500
320,2,0,42,2,437,0.515000
321,2,0,155,3,191,0.151500
322,2,0,734,322,871,0.052000
323,2,0,994,3,942,0.364500
324,2,0,651,4,717,0.366500
325,2,0,934,63,192,0.054500
326,2,0,856,85,312,0.053500
327,2,0,61,5,393,0.089000
328,2,0,635,10,599,0.090500
329,2,0,12,5,942,0.382000
330,2,0,644,75,948,0.050000
331,2,0,564,36,32,0.052500
332,2,0,879,15,134,0.087000
333,2,0,927,111,844,0.051000
334,2,0,262,14,148,0.096000
335,2,0,100,4,717,0.178500
336,2,0,459,5,712,0.052500
337,2,0,152,6,717,0.058000
338,2,0,146,8,717,0.056000
339,2,0,344,83,66,0.064500
340,2,0,554,57,999,0.051000
341,2,0,669,53,437,0.075500
342,2,0,719,34,410,0.056500
343,2,0,126,5,717,0.159500
344,2,0,680,4,717,0.057000
345,2,0,502,29,832,0.053000
346,2,0,235,26,717,0.051500
347,2,0,12,1,717,0.003000
348,2,0,72,11,832,0.055500
349,2,0,135,11,717,0.088000
350,2,0,179,6,410,0.065500
351,2,0,42,1,717,0.004500
352,2,0,489,94,642,0.065500
353,2,0,115,1,717,0.002000
354,2,0,810,28,672,0.053500
355,2,0,349,29,660,0.063000
356,2,1,2,6,717,0.113000
357,2,0,439,29,105,0.051500
358,2,0,447,79,556,0.050000
359,2,0,779,32,627,0.054500
360,2,0,645,27,664,0.051500
361,2,0,155,5,437,0.093500
362,2,0,973,3,718,0.199000
363,2,0,465,18,437,0.051000
364,2,0,186,2,437,0.240500
365,2,0,871,127,673,0.050000
366,2,0,933,282,859,0.051500
367,2,0,83,7,717,0.051500
368,2,0,128,10,437,0.107000
369,2,0,78,9,717,0.057500
370,2,0,468,14,576,0.176000
371,2,0,520,93,281,0.050500
372,2,0,452,28,554,0.050500
373,2,0,445,43,931,0.064000
374,2,0,66,7,717,0.082000
375,2,0,975,15,491,0.073000
376,2,0,632,86,556,0.054500
377,2,0,175,8,717,0.124500
378,2,0,351,75,102,0.054000
379,2,1,1,2,379,0.131000
380,2,0,734,23,636,0.059000
381,2,0,30,5,816,0.171000
382,2,0,223,1,191,0.003000
383,2,0,619,45,320,0.054000
384,2,0,634,199,102,0.059500
385,2,0,597,9,139,0.118500
386,2,0,416,4,717,0.093500
387,2,0,815,11,822,0.119500
388,2,0,373,1,810,0.019500
389,2,0,632,1,942,0.005500
390,2,0,98,11,717,0.051000
391,2,0,187,5,632,0.269500
392,2,0,66,14,920,0.057500
393,2,0,6,1,754,0.000000
394,2,0,699,97,211,0.051500
395,2,1,26,24,920,0.063500
396,2,0,83,2,437,0.436500
397,2,0,34,12,410,0.103000
398,2,0,629,23,191,0.080000
399,2,0,41,7,356,0.139500
400,2,0,281,33,437,0.097500
401,2,0,485,30,285,0.062000
402,2,0,532,5,822,0.092500
403,2,0,376,23,148,0.051000
404,2,0,694,6,554,0.221500
405,2,0,820,160,793,0.052500
406,2,0,638,12,249,0.060500
407,2,0,551,78,356,0.052500
408,2,0,316,9,191,0.052500
409,2,0,627,22,642,0.053500
410,2,1,4,4,717,0.591000
411,2,0,1000,4,549,0.071500
412,2,0,31,2,379,0.128500
413,2,0,31,1,717,0.002000
414,2,0,788,5,603,0.080500
415,2,0,737,28,510,0.067000
416,2,0,495,90,803,0.052000
417,2,0,373,26,139,0.099500
418,2,0,559,31,672,0.056000
419,2,0,817,18,139,0.058000
420,2,0,695,122,397,0.056000
421,2,0,532,50,285,0.050500
422,2,0,16,8,832,0.051000
423,2,0,45,1,717,0.009500
424,2,1,22,33,717,0.057000
425,2,0,12,5,695,0.082500
426,2,0,23,11,717,0.079000
427,2,0,739,148,634,0.051000
428,2,0,100,22,832,0.071500
429,2,0,25,8,437,0.097500
430,2,0,11,2,249,0.148500
431,2,0,230,28,148,0.058000
432,2,0,371,33,731,0.052500
433,2,0,482,59,397,0.062000
434,2,0,586,136,149,0.051500
435,2,0,46,3,832,0.304000
436,2,0,250,16,717,0.055500
437,2,1,4,10,717,0.066000
438,2,0,293,21,615,0.053500
439,2,0,244,23,832,0.051500
440,2,0,99,13,410,0.053500
441,2,0,316,33,654,0.088500
442,2,0,154,8,437,0.050500
443,2,0,84,20,832,0.067000
444,2,0,101,7,717,0.057500
445,2,0,353,55,142,0.050500
446,2,0,49,3,140,0.081500
447,2,0,449,132,30,0.051000
448,2,0,555,3,148,0.098500
449,2,0,746,29,139,0.053000
450,2,0,145,11,832,0.067500
451,2,0,519,67,832,0.052000
452,2,0,562,10,717,0.078000
453,2,0,326,8,717,0.164500
454,2,0,53,6,822,0.159500
455,2,0,820,76,803,0.050500
456,2,0,762,180,102,0.051500
457,2,0,23,8,832,0.061000
458,2,0,193,9,717,0.061000
459,2,0,144,24,832,0.054500
460,2,0,107,12,148,0.086500
461,2,0,27,4,402,0.058000
462,2,0,478,46,410,0.050000
463,2,0,507,15,148,0.058000
464,2,0,229,7,148,0.057000
465,2,0,273,29,832,0.071500
466,2,0,54,1,717,0.006000
467,2,0,291,10,717,0.068000
468,2,0,658,29,293,0.050000
469,2,0,138,3,832,0.298500
470,2,0,498,309,102,0.050000
471,2,0,538,33,410,0.075000
472,2,0,637,83,717,0.051000
473,2,0,488,60,862,0.050500
474,2,0,351,86,281,0.058000
475,2,0,673,7,249,0.096500
476,2,0,291,29,948,0.055500
477,2,0,52,8,437,0.056000
478,2,0,50,3,717,0.093500
479,2,0,232,44,437,0.053500
480,2,0,148,7,148,0.066000
481,2,0,135,4,717,0.390000
482,2,0,254,11,717,0.223000
483,2,0,358,14,139,0.107000
484,2,0,676,35,78,0.053000
485,2,0,523,159,182,0.051000
486,2,0,931,200,828,0.050000
487,2,0,841,5,633,0.148000
488,2,1,2,5,418,0.083500
489,2,0,334,32,538,0.053000
490,2,0,700,28,673,0.051500
491,2,0,13,1,754,0.009500
492,2,0,601,155,793,0.051000
493,2,0,586,67,832,0.052000
494,2,0,119,7,717,0.293000
495,2,0,579,30,32,0.059500
496,2,0,761,18,191,0.053500
497,2,0,320,147,102,0.051500
498,2,0,78,32,692,0.058500
499,2,0,445,8,615,0.069000
500,2,0,198,53,717,0.051500
501,2,0,185,32,148,0.059000
502,2,0,226,9,717,0.132000
503,2,0,126,12,356,0.161500
504,2,0,421,17,211,0.097000
505,2,0,370,8,320,0.116500
506,2,0,389,97,118,0.051500
507,2,0,390,102,44,0.053000
508,2,0,769,51,430,0.063000
509,2,0,178,8,717,0.083000
510,2,0,21,2,191,0.122500
511,2,0,968,454,681,0.054000
512,2,0,187,17,443,0.056500
513,2,0,245,13,717,0.063000
514,2,0,156,40,717,0.055500
515,2,0,438,1,717,0.003000
516,2,0,149,4,717,0.096000
517,2,0,779,64,239,0.050500
518,2,0,243,30,356,0.052500
519,2,1,6,9,717,0.055500
520,2,0,241,3,148,0.098500
521,2,0,675,99,948,0.050500
522,2,0,18,4,920,0.144500
523,2,0,106,5,410,0.292500
524,2,0,425,2,437,0.119000
525,2,0,164,7,832,0.258000
526,2,0,16,7,356,0.239500
527,2,0,52,1,717,0.017500
528,2,0,822,17,430,0.050000
529,2,0,221,14,717,0.063500
530,2,0,503,1,664,0.022500
531,2,0,166,38,191,0.050000
532,2,0,865,223,462,0.050000
533,2,0,33,8,410,0.054500
534,2,0,10,1,191,0.006000
535,2,0,917,13,920,0.068500
536,2,0,231,9,717,0.057500
537,2,0,633,19,712,0.070500
538,2,0,10,5,717,0.113000
539,2,0,667,124,11,0.051500
540,2,0,249,24,142,0.066500
541,2,0,382,19,717,0.053000
542,2,0,230,12,437,0.070000
543,2,0,439,182,369,0.052500
544,2,0,308,11,437,0.128000
545,2,0,270,122,68,0.050000
546,2,0,488,23,139,0.059000
547,2,0,483,18,615,0.050000
548,2,0,934,1,656,0.000500
549,2,0,210,3,446,0.379500
550,2,0,826,8,554,0.101500
551,2,0,558,15,576,0.217500
552,2,0,59,5,148,0.055000
553,2,0,130,40,142,0.052000
554,2,0,10,2,191,0.051000
555,2,0,257,12,717,0.051000
556,2,0,266,10,437,0.051500
557,2,0,722,192,369,0.052000
558,2,0,921,222,149,0.050000
559,2,0,617,13,148,0.067000
560,2,0,799,11,191,0.082500
561,2,0,230,35,717,0.077500
562,2,0,107,1,9,0.022500
563,2,0,718,70,510,0.052000
564,2,0,373,30,692,0.054000
565,2,0,473,7,556,0.166500
566,2,0,276,43,717,0.103500
567,2,0,809,220,430,0.050500
568,2,0,168,5,633,0.060000
569,2,0,358,114,763,0.050000
570,2,0,204,14,142,0.060000
571,2,0,316,25,720,0.062000
572,2,0,886,1,754,0.000000
573,2,0,686,45,554,0.051500
574,2,0,126,11,148,0.064500
575,2,0,161,12,437,0.054500
576,2,1,9,11,920,0.065000
577,2,0,117,7,437,0.054500
578,2,0,577,54,410,0.052000
579,2,0,16,2,907,0.990500
580,2,0,724,102,717,0.051500
581,2,0,434,11,191,0.067000
582,2,0,876,5,18,0.142000
583,2,0,843,40,148,0.055500
584,2,0,781,27,822,0.057000
585,2,0,638,7,717,0.054500
586,2,0,252,3,832,0.169500
587,2,0,547,54,397,0.051000
588,2,0,617,49,712,0.053500
589,2,0,678,30,717,0.058000
590,2,0,651,20,599,0.050500
591,2,0,972,5,823,0.234000
592,2,0,294,10,642,0.093000
593,2,0,17,6,717,0.098000
594,2,0,207,21,717,0.051000
595,2,0,495,41,642,0.058500
596,2,0,98,5,717,0.283500
597,2,0,194,29,437,0.051000
598,2,0,27,1,717,0.009500
599,2,0,196,12,437,0.091500
600,2,0,295,31,142,0.053500
601,2,0,462,81,148,0.057500
602,2,0,739,322,502,0.056000
603,2,0,357,10,576,0.053500
604,2,0,110,14,356,0.050000
605,2,0,511,4,155,0.093000
606,2,0,419,103,410,0.051500
607,2,0,861,79,11,0.055500
608,2,0,855,93,348,0.059000
609,2,0,739,141,149,0.051000
610,2,0,659,5,155,0.136500
611,2,0,368,29,712,0.052500
612,2,0,726,31,921,0.062500
613,2,0,274,17,672,0.063000
614,2,0,321,14,556,0.067000
615,2,0,36,11,832,0.057500
616,2,0,481,5,191,0.155500
617,2,0,385,77,205,0.056000
618,2,0,708,92,777,0.050000
619,2,0,362,37,31,0.058000
620,2,0,269,1,191,0.012500
621,2,0,787,126,106,0.050500
622,2,0,102,11,832,0.066000
623,2,0,606,43,832,0.067000
624,2,0,239,2,717,0.073500
625,2,0,194,15,320,0.054000
626,2,0,910,243,554,0.050500
627,2,0,8,1,556,0.006000
628,2,0,54,16,717,0.072500
629,2,0,272,32,832,0.066500
630,2,0,331,2,599,0.500500
631,2,1,136,129,413,0.054000
632,2,0,744,5,522,0.117500
633,2,0,182,4,320,0.059500
634,2,0,70,3,717,0.051500
635,2,0,223,3,717,0.832500
636,2,0,628,57,410,0.050500
637,2,0,983,28,178,0.065500
638,2,0,494,33,948,0.076000
639,2,0,445,19,717,0.054500
640,2,0,517,41,664,0.052000
641,2,0,207,53,974,0.051000
642,2,0,19,1,717,0.011500
643,2,0,246,8,717,0.109000
644,2,0,399,34,773,0.056000
645,2,0,363,9,717,0.163000
646,2,0,231,31,717,0.051000
647,2,0,197,27,191,0.060500
648,2,0,995,2,446,0.440500
649,2,0,482,54,661,0.054000
650,2,0,225,1,717,0.009000
651,2,0,663,18,554,0.054500
652,2,0,59,6,717,0.161500
653,2,0,302,111,410,0.060000
654,2,1,1,11,654,0.053000
655,2,0,17,6,908,0.051000
656,2,0,28,5,908,0.109500
657,2,0,830,14,907,0.087500
658,2,0,687,71,78,0.052000
659,2,0,52,24,920,0.075000
660,2,0,19,9,148,0.054500
661,2,0,99,3,717,0.172000
662,2,0,733,71,139,0.053000
663,2,0,583,21,878,0.073500
664,2,0,117,4,717,0.063000
665,2,0,27,10,437,0.057500
666,2,0,416,9,148,0.057500
667,2,0,354,44,356,0.056500
668,2,0,487,24,717,0.091500
669,2,0,548,15,430,0.143500
670,2,0,983,14,656,0.062500
671,2,0,441,19,183,0.066000
672,2,0,57,31,772,0.072500
673,2,0,183,3,717,0.143000
674,2,0,691,2,155,0.280000
675,2,0,833,16,443,0.059500
676,2,0,443,2,78,0.443000
677,2,0,792,21,999,0.050000
678,2,0,228,3,249,0.082500
679,2,0,990,6,388,0.074000
680,2,0,639,88,443,0.050500
681,2,0,318,19,795,0.055000
682,2,0,556,21,437,0.062500
683,2,0,96,3,717,0.134000
684,2,0,114,8,717,0.077500
685,2,0,158,33,437,0.053000
686,2,0,41,38,410,0.077000
687,2,0,727,1,134,0.015500
688,2,0,357,28,320,0.083000
689,2,0,183,14,717,0.052500
690,2,0,972,76,603,0.053000
691,2,0,48,9,717,0.179500
692,2,1,8,7,320,0.147000
693,2,0,551,14,191,0.095500
694,2,0,172,12,717,0.055000
695,2,0,797,8,603,0.056500
696,2,0,63,5,717,0.106500
697,2,0,164,6,410,0.147500
698,2,0,485,66,717,0.065000
699,2,0,827,24,155,0.050500
700,2,0,870,39,311,0.052500
701,2,0,771,171,798,0.053000
702,2,1,8,8,717,0.233000
703,2,0,507,32,191,0.059000
704,2,0,975,43,792,0.050000
705,2,0,378,73,832,0.052000
706,2,0,462,52,139,0.051000
707,2,0,180,8,832,0.056500
708,2,0,19,3,717,0.173500
709,2,0,837,199,149,0.050000
710,2,0,690,36,249,0.064000
711,2,0,229,5,148,0.095000
712,2,0,89,2,832,0.372000
713,2,0,296,1,717,0.028500
714,2,0,732,55,556,0.053500
715,2,1,21,45,148,0.060500
716,2,0,789,33,191,0.055500
717,2,1,1,1,717,0.002500
718,2,0,560,10,430,0.055000
719,2,0,389,110,118,0.052500
720,2,0,86,1,717,0.010000
721,2,0,724,49,673,0.056000
722,2,0,739,48,32,0.055000
723,2,0,390,15,664,0.066500
724,2,0,56,4,935,0.111500
725,2,0,138,10,410,0.051000
726,2,0,465,271,413,0.050000
727,2,0,95,5,191,0.073500
728,2,0,331,72,36,0.054000
729,2,0,286,5,717,0.123000
730,2,0,565,14,139,0.063500
731,2,0,173,11,717,0.064000
732,2,0,644,8,556,0.059500
733,2,0,586,20,410,0.086000
734,2,0,738,189,134,0.050000
735,2,0,232,21,437,0.069000
736,2,0,282,15,717,0.057500
737,2,0,899,19,134,0.064000
738,2,0,180,8,717,0.066000
739,2,0,938,17,799,0.050500
740,2,0,36,2,437,0.234500
741,2,0,190,5,717,0.108000
742,2,0,161,20,241,0.123000
743,2,0,514,29,948,0.053500
744,2,0,643,52,32,0.051500
745,2,0,624,15,556,0.143500
746,2,0,290,4,249,0.123500
747,2,0,761,14,556,0.055000
748,2,0,220,44,931,0.068500
749,2,0,294,9,615,0.077500
750,2,0,62,7,356,0.084500
751,2,0,7,5,410,0.055500
752,2,0,850,22,556,0.052000
753,2,0,465,1,249,0.036000
754,2,1,5,4,822,0.130000
755,2,0,668,109,321,0.052500
756,2,0,165,3,717,0.136500
757,2,0,330,56,660,0.054000
758,2,0,379,2,191,0.173000
759,2,0,425,15,554,0.225500
760,2,0,713,76,437,0.058000
761,2,0,437,9,134,0.063000
762,2,0,466,15,32,0.054000
763,2,0,143,77,102,0.062500
764,2,0,244,27,148,0.077000
765,2,0,311,2,148,0.110000
766,2,0,438,91,410,0.060000
767,2,0,830,66,191,0.057500
768,2,0,995,2,257,0.054500
769,2,0,179,11,320,0.059000
770,2,0,229,5,717,0.068000
771,2,0,596,14,191,0.060500
772,2,0,35,8,832,0.109500
773,2,0,6,3,437,0.153000
774,2,0,148,16,437,0.072000
775,2,0,486,162,397,0.056000
776,2,0,486,140,832,0.058000
777,2,0,18,4,717,0.241000
778,2,0,300,101,356,0.050500
779,2,0,144,8,410,0.130500
780,2,0,236,24,148,0.050500
781,2,0,616,113,948,0.051000
782,2,0,131,15,717,0.065500
783,2,0,808,13,745,0.081000
784,2,0,147,33,437,0.053500
785,2,0,846,81,799,0.073000
786,2,0,758,487,688,0.050000
787,2,0,960,631,104,0.050000
788,2,0,740,17,191,0.086500
789,2,0,489,35,32,0.051000
790,2,0,709,110,239,0.050000
791,2,0,460,10,712,0.071000
792,2,0,558,8,745,0.060500
793,2,0,315,12,410,0.054500
794,2,0,122,12,410,0.056000
795,2,0,368,12,554,0.099500
796,2,0,64,10,717,0.065500
797,2,0,586,82,36,0.057000
798,2,0,349,36,437,0.054500
799,2,0,268,10,249,0.051000
800,2,0,384,24,717,0.065500
801,2,0,34,17,356,0.055500
802,2,0,150,71,832,0.058000
803,2,0,111,1,717,0.009500
804,2,0,116,6,615,0.072500
805,2,0,328,1,717,0.004500
806,2,0,420,12,931,0.175000
807,2,0,361,62,87,0.064500
808,2,0,855,278,149,0.053000
809,2,0,879,8,745,0.122500
810,2,0,47,5,754,0.151500
811,2,0,774,6,18,0.195500
812,2,0,840,403,149,0.051500
813,2,0,19,5,155,0.087500
814,2,0,254,1,191,0.000000
815,2,0,617,135,102,0.051500
816,2,0,24,6,695,0.102500
817,2,0,277,1,717,0.022000
818,2,0,544,56,948,0.051500
819,2,0,703,28,139,0.059000
820,2,0,125,6,832,0.199500
821,2,0,250,46,102,0.051500
822,2,0,257,12,712,0.054000
823,2,0,14,2,402,0.790000
824,2,0,19,4,717,0.062500
825,2,0,295,37,142,0.050500
826,2,0,200,12,437,0.273500
827,2,0,201,6,356,0.252500
828,2,0,138,37,832,0.068500
829,2,0,554,52,102,0.053500
830,2,0,810,193,11,0.050500
831,2,0,653,198,878,0.053500
832,2,0,10,2,717,0.059500
833,2,0,744,141,443,0.051000
834,2,0,338,86,832,0.062000
835,2,0,684,347,578,0.054500
836,2,0,665,43,814,0.051500
837,2,0,726,9,556,0.061500
838,2,0,412,96,102,0.057500
839,2,0,712,200,400,0.050000
840,2,0,319,27,832,0.059500
841,2,0,173,14,356,0.050500
842,2,0,623,10,443,0.102500
843,2,0,249,5,410,0.155000
844,2,0,282,14,717,0.054500
845,2,0,531,3,603,0.510000
846,2,0,804,7,249,0.069000
847,2,0,819,68,139,0.054000
848,2,0,445,162,596,0.050000
849,2,0,121,7,717,0.256000
850,2,0,87,6,717,0.166500
851,2,0,524,13,627,0.060000
852,2,0,149,10,717,0.065500
853,2,0,287,10,437,0.052500
854,2,0,307,102,102,0.051500
855,2,0,207,8,437,0.097000
856,2,0,583,28,443,0.051500
857,2,0,549,6,148,0.090000
858,2,0,573,204,884,0.058000
859,2,0,40,3,717,0.128000
860,2,0,665,7,745,0.205000
861,2,0,306,16,437,0.052000
862,2,0,40,7,717,0.081000
863,2,0,242,12,717,0.084500
864,2,0,704,157,369,0.061500
865,2,0,911,414,998,0.051500
866,2,0,343,23,717,0.056500
867,2,0,131,49,102,0.054500
868,2,0,825,2,603,0.067500
869,2,0,644,16,822,0.103000
870,2,0,907,31,907,0.062000
871,2,0,104,4,717,0.889500
872,2,0,499,24,32,0.066000
873,2,0,766,1,576,0.027000
874,2,0,62,18,717,0.056000
875,2,0,147,30,437,0.068500
876,2,0,180,8,717,0.240000
877,2,0,424,85,102,0.058500
878,2,0,122,17,832,0.069500
879,2,0,230,14,437,0.064500
880,2,0,294,17,832,0.079500
881,2,0,533,24,554,0.053500
882,2,0,323,45,36,0.050500
883,2,0,857,48,211,0.057500
884,2,0,118,8,717,0.083000
885,2,0,3,1,816,0.045500
886,2,0,344,4,717,0.077500
887,2,0,881,34,692,0.052500
888,2,0,818,4,239,0.054000
889,2,0,234,41,717,0.053000
890,2,0,938,46,105,0.052000
891,2,0,242,4,615,0.353500
892,2,0,662,278,720,0.053500
893,2,0,475,64,102,0.052500
894,2,0,828,6,191,0.159500
895,2,0,194,8,692,0.082500
896,2,0,422,51,948,0.076500
897,2,0,41,3,437,0.543500
898,2,0,294,47,410,0.052000
899,2,0,120,22,437,0.060000
900,2,0,893,228,416,0.050000
901,2,0,317,20,615,0.106000
902,2,0,73,6,717,0.082000
903,2,0,610,206,149,0.051500
904,2,0,176,29,717,0.050500
905,2,1,6,9,356,0.053000
906,2,0,44,11,148,0.068000
907,2,0,675,2,908,0.848500
908,2,0,244,1,249,0.023000
909,2,0,651,42,239,0.056000
910,2,0,489,27,437,0.054000
911,2,0,125,8,832,0.096500
912,2,0,443,28,832,0.059000
913,2,0,69,6,148,0.066000
914,2,0,42,7,832,0.054000
915,2,0,363,71,897,0.050000
916,2,0,325,26,142,0.060000
917,2,0,6,4,717,0.081500
918,2,0,941,52,999,0.050500
919,2,0,766,6,935,0.154000
920,2,0,114,1,78,0.029500
921,2,0,439,31,191,0.149000
922,2,0,701,19,437,0.063000
923,2,0,351,24,148,0.076000
924,2,1,6,5,446,0.239000
925,2,0,283,16,410,0.067000
926,2,0,74,3,327,0.050000
927,2,0,826,155,410,0.050500
928,2,0,939,27,799,0.052500
929,2,0,777,161,105,0.050500
930,2,0,346,18,148,0.059500
931,2,0,6,1,717,0.023500
932,2,0,680,10,249,0.095000
933,2,0,337,31,320,0.063000
934,2,0,42,8,556,0.082000
935,2,0,172,14,717,0.057500
936,2,0,598,45,450,0.051500
937,2,0,303,6,437,0.077000
938,2,0,762,207,443,0.059500
939,2,0,615,18,191,0.053000
940,2,0,31,8,746,0.101000
941,2,0,422,115,750,0.052500
942,2,1,1,9,942,0.051000
943,2,0,323,8,148,0.173000
944,2,0,446,29,717,0.057500
945,2,0,811,62,673,0.054500
946,2,0,582,5,249,0.050000
947,2,0,427,6,717,0.052500
948,2,0,30,7,148,0.086500
949,2,0,908,315,523,0.052500
950,2,0,297,6,717,0.095000
951,2,0,240,21,664,0.053000
952,2,0,314,146,450,0.057500
953,2,0,751,78,148,0.050000
954,2,0,666,2,633,0.050500
955,2,0,516,22,437,0.061000
956,2,0,411,2,410,0.156000
957,2,0,436,58,148,0.058000
958,2,0,911,23,307,0.050000
959,2,0,379,25,717,0.066000
960,2,0,770,124,594,0.057000
961,2,0,648,1,191,0.006500
962,2,0,562,54,772,0.050000
963,2,0,181,16,660,0.065000
964,2,0,205,19,772,0.067000
965,2,0,842,184,139,0.051000
966,2,0,711,165,35,0.053000
967,2,0,951,6,907,0.111500
968,2,0,348,195,102,0.050000
969,2,0,163,8,437,0.075000
970,2,0,29,5,717,0.125500
971,2,0,133,24,191,0.058000
972,2,0,328,28,720,0.225500
973,2,0,455,7,191,0.056500
974,2,0,93,2,437,0.965000
975,2,0,583,18,101,0.060000
976,2,0,708,1,191,0.017000
977,2,0,946,38,656,0.059500
978,2,1,355,350,35,0.050500
979,2,0,390,87,397,0.051000
980,2,0,909,491,15,0.050000
981,2,0,880,15,672,0.077500
982,2,0,295,13,554,0.074500
983,2,0,499,130,413,0.053500
984,2,0,834,282,804,0.054000
985,2,0,697,9,554,0.079500
986,2,0,467,111,413,0.051000
987,2,0,641,270,803,0.052000
988,2,0,591,84,148,0.050500
989,2,0,801,13,554,0.055000
990,2,0,647,31,249,0.062000
991,2,0,470,11,642,0.073000
992,2,0,549,7,920,0.104000
993,2,0,374,90,142,0.066000
994,2,0,62,9,717,0.084000
995,2,0,275,21,142,0.050500
996,2,0,406,10,139,0.081000
997,2,0,825,3,603,0.055000
998,2,0,263,33,717,0.052000
999,2,0,369,252,66,0.050500
1000,2,0,549,15,66,0.054500
1,3,0,411,27,717,0.063500
2,3,0,417,25,437,0.055500
3,3,0,370,3,832,0.073500
4,3,0,59,11,356,0.127000
5,3,0,181,1,191,0.002000
6,3,0,252,1,717,0.001500
7,3,0,494,27,859,0.051500
8,3,0,319,100,717,0.050000
9,3,1,1,2,9,0.073500
10,3,0,422,14,148,0.057500
11,3,0,98,10,717,0.105500
12,3,0,843,1,908,0.043000
13,3,0,622,15,907,0.077500
14,3,0,564,22,510,0.088500
15,3,0,625,1,139,0.028500
16,3,0,195,8,437,0.088000
17,3,0,406,99,832,0.050000
18,3,1,9,9,556,0.165000
19,3,0,396,4,717,0.054500
20,3,0,796,221,134,0.053000
21,3,0,803,48,410,0.051000
22,3,0,364,56,717,0.051000
23,3,0,389,13,717,0.054000
24,3,0,194,3,191,0.105500
25,3,0,752,43,935,0.059500
26,3,0,702,18,78,0.053000
27,3,0,279,39,437,0.068000
28,3,0,460,16,519,0.057500
29,3,0,669,3,191,0.122000
30,3,0,77,5,410,0.071500
31,3,0,49,10,356,0.055500
32,3,0,64,11,717,0.061000
33,3,0,534,51,410,0.058000
34,3,0,751,104,428,0.055500
35,3,0,324,92,285,0.056000
36,3,0,12,2,832,0.245000
37,3,0,165,6,437,0.083500
38,3,0,842,95,793,0.060500
39,3,0,306,59,142,0.053500
40,3,0,214,27,717,0.056000
41,3,0,643,12,712,0.058500
42,3,0,407,6,78,0.114000
43,3,0,36,1,754,0.000000
44,3,0,16,8,437,0.102500
45,3,0,485,2,191,0.055000
46,3,0,613,3,810,0.068500
47,3,0,26,6,148,0.127500
48,3,0,32,1,816,0.022500
49,3,0,967,13,412,0.059500
50,3,0,121,46,285,0.060000
51,3,0,20,1,754,0.000500
52,3,0,929,240,613,0.052000
53,3,0,463,5,717,0.120500
54,3,0,27,3,437,0.077500
55,3,0,766,9,554,0.064000
56,3,0,877,4,402,0.611000
57,3,0,61,1,717,0.010500
58,3,0,961,5,810,0.050500
59,3,0,688,100,1,0.050000
60,3,0,479,45,642,0.061500
61,3,0,168,47,102,0.052000
62,3,0,310,103,172,0.057000
63,3,0,846,4,935,0.055000
64,3,0,787,35,139,0.069000
65,3,0,701,5,522,0.228500
66,3,0,104,8,832,0.079500
67,3,0,308,45,397,0.050000
68,3,0,205,30,717,0.083500
69,3,0,287,75,102,0.056500
70,3,0,109,13,437,0.058000
71,3,0,165,10,615,0.066500
72,3,0,209,7,717,0.078500
73,3,0,480,62,717,0.050000
74,3,0,628,6,920,0.058000
75,3,0,497,83,440,0.054000
76,3,0,287,30,102,0.056500
77,3,0,627,137,772,0.051500
78,3,0,46,3,717,0.654000
79,3,0,65,24,717,0.084000
80,3,0,950,1,754,0.000500
81,3,0,271,51,32,0.098000
82,3,0,280,6,717,0.089500
83,3,0,496,19,974,0.069500
84,3,0,734,126,176,0.050000
85,3,0,19,2,603,0.524000
86,3,0,992,2,140,0.776000
87,3,0,120,6,717,0.074000
88,3,0,896,12,522,0.054000
89,3,0,963,7,745,0.198500
90,3,0,559,47,702,0.056500
91,3,0,213,4,717,0.102000
92,3,0,672,3,249,0.518500
93,3,0,841,57,702,0.057000
94,3,0,138,10,410,0.087500
95,3,0,958,1,393,0.003000
96,3,0,946,59,908,0.056000
97,3,0,141,8,717,0.079000
98,3,0,15,5,603,0.123500
99,3,0,333,34,148,0.053000
100,3,0,54,9,437,0.101500
101,3,0,218,23,615,0.069500
102,3,0,22,3,717,0.418000
103,3,0,163,21,410,0.051000
104,3,0,795,7,134,0.143000
105,3,0,44,7,183,0.066500
106,3,0,22,1,717,0.012500
107,3,0,93,1,717,0.027000
108,3,0,446,8,717,0.129000
109,3,0,309,100,281,0.053000
110,3,0,521,9,191,0.057500
111,3,0,659,112,450,0.050000
112,3,0,154,9,148,0.070000
113,3,0,375,2,556,0.208500
114,3,0,953,97,249,0.050500
115,3,0,879,4,724,0.159000
116,3,0,545,69,554,0.052000
117,3,0,62,6,437,0.057500
118,3,0,144,11,148,0.238500
119,3,0,969,14,461,0.101000
120,3,0,180,9,832,0.106000
121,3,0,49,12,437,0.068500
122,3,0,706,29,708,0.053500
123,3,0,739,18,556,0.057500
124,3,0,426,45,717,0.053500
125,3,0,259,10,717,0.051000
126,3,0,239,22,717,0.050000
127,3,0,353,24,148,0.054000
128,3,0,477,17,148,0.062000
129,3,0,774,19,216,0.060500
130,3,0,957,15,216,0.063000
131,3,0,394,11,437,0.103000
132,3,0,641,4,139,0.123500
133,3,0,165,11,437,0.170000
134,3,0,48,1,191,0.001000
135,3,0,262,20,356,0.052500
136,3,0,50,4,717,0.063000
137,3,0,654,53,285,0.066500
138,3,0,843,23,961,0.063000
139,3,0,21,4,717,0.196000
140,3,0,15,1,9,0.003000
141,3,0,470,6,410,0.173000
142,3,0,10,5,717,0.053500
143,3,0,675,13,191,0.062500
144,3,0,439,18,554,0.072000
145,3,0,89,12,356,0.079500
146,3,0,615,36,554,0.069500
147,3,0,151,9,717,0.053000
148,3,1,7,7,437,0.073000
149,3,0,359,48,397,0.051000
150,3,0,254,13,410,0.054500
151,3,0,452,21,717,0.051500
152,3,0,245,20,832,0.056000
153,3,0,181,28,235,0.055500
154,3,0,962,37,813,0.054000
155,3,0,45,11,599,0.123500
156,3,0,119,5,437,0.094000
157,3,0,66,1,717,0.010500
158,3,0,939,58,999,0.054500
159,3,0,792,4,443,0.210500
160,3,0,852,6,554,0.056000
161,3,0,173,85,102,0.066500
162,3,0,234,4,717,0.243500
163,3,1,203,56,616,0.052000
164,3,0,824,56,672,0.055500
165,3,0,100,2,191,0.328500
166,3,0,37,4,717,0.076000
167,3,0,881,7,908,0.070000
168,3,0,893,35,761,0.051500
169,3,0,149,1,191,0.033500
170,3,0,423,74,717,0.054000
171,3,0,233,36,832,0.050500
172,3,0,93,1,717,0.015000
173,3,0,141,15,832,0.073000
174,3,0,470,93,948,0.053500
175,3,0,655,1,599,0.027000
176,3,0,213,10,832,0.062500
177,3,0,589,39,717,0.057500
178,3,0,700,29,576,0.051500
179,3,0,309,10,437,0.052000
180,3,0,351,17,692,0.086000
181,3,0,472,85,191,0.061000
182,3,0,192,17,410,0.059500
183,3,0,73,4,717,0.068500
184,3,0,941,2,745,0.077500
185,3,0,274,18,410,0.075000
186,3,0,118,3,717,0.131500
187,3,0,277,8,148,0.050500
188,3,0,728,113,995,0.071000
189,3,0,496,66,191,0.054500
190,3,0,690,17,191,0.050000
191,3,1,1,2,191,0.483500
192,3,0,287,49,369,0.054500
193,3,0,395,16,717,0.135500
194,3,0,231,9,410,0.185500
195,3,0,434,98,118,0.059000
196,3,0,402,165,57,0.065500
197,3,0,146,2,556,0.286000
198,3,0,615,68,191,0.053500
199,3,0,331,6,717,0.066000
200,3,0,291,17,717,0.060500
201,3,0,236,13,191,0.099500
202,3,0,932,9,813,0.063000
203,3,0,456,11,139,0.120500
204,3,0,435,108,717,0.053500
205,3,0,19,5,717,0.348500
206,3,0,911,116,799,0.051000
207,3,0,180,3,832,0.132000
208,3,0,623,158,258,0.050500
209,3,0,678,39,948,0.057500
210,3,0,233,12,627,0.163500
211,3,0,30,1,191,0.018000
212,3,0,20,2,393,0.051000
213,3,0,68,31,832,0.052500
214,3,0,991,5,48,0.219500
215,3,0,506,14,239,0.064500
216,3,0,222,4,556,0.054500
217,3,0,774,49,664,0.053000
218,3,0,515,96,948,0.052500
219,3,1,1,1,219,0.024000
220,3,0,154,7,437,0.066500
221,3,0,479,263,205,0.051000
222,3,0,598,29,443,0.051000
223,3,0,722,10,134,0.067000
224,3,0,570,135,281,0.065500
225,3,0,361,15,139,0.071000
226,3,0,107,29,437,0.059000
227,3,0,56,11,615,0.068000
228,3,0,198,15,410,0.064500
229,3,0,919,26,430,0.075000
230,3,0,996,3,214,0.095500
231,3,0,25,12,832,0.071500
232,3,0,252,31,772,0.056000
233,3,0,261,3,249,0.071500
234,3,0,428,33,717,0.070000
235,3,0,688,107,11,0.062500
236,3,0,234,13,437,0.098500
237,3,0,334,3,772,0.061000
238,3,0,647,37,348,0.053500
239,3,0,173,25,772,0.052500
240,3,0,85,7,717,0.085000
241,3,0,15,1,717,0.020000
242,3,0,436,8,139,0.217500
243,3,0,273,16,772,0.078500
244,3,0,724,249,599,0.050500
245,3,0,875,21,814,0.050000
246,3,0,503,31,931,0.065500
247,3,0,525,82,477,0.057000
248,3,0,444,9,702,0.057000
249,3,0,119,3,832,0.533500
250,3,0,410,7,320,0.111500
251,3,0,744,215,205,0.052000
252,3,0,270,61,356,0.052500
253,3,0,21,5,9,0.268500
254,3,0,201,9,717,0.078500
255,3,0,57,22,832,0.053000
256,3,0,154,6,410,0.086000
257,3,0,981,6,816,0.067000
258,3,0,382,25,31,0.051000
259,3,0,628,53,437,0.050500
260,3,0,444,5,615,0.093000
261,3,0,626,40,249,0.052000
262,3,1,1,4,262,0.095500
263,3,0,89,9,754,0.068500
264,3,0,496,37,717,0.082000
265,3,0,302,2,717,0.353500
266,3,0,841,5,522,0.050500
267,3,0,262,67,717,0.057000
268,3,0,311,76,428,0.057000
269,3,0,29,3,717,0.597000
270,3,0,648,8,576,0.388000
271,3,0,553,4,920,0.080000
272,3,0,529,110,803,0.052500
273,3,0,538,2,249,0.434500
274,3,0,238,7,832,0.160000
275,3,0,740,32,510,0.057500
276,3,0,807,44,293,0.064000
277,3,0,288,14,832,0.085500
278,3,0,780,64,191,0.071000
279,3,0,762,47,139,0.074000
280,3,0,408,8,717,0.203000
281,3,0,23,12,717,0.054000
282,3,0,294,15,772,0.060500
283,3,0,651,25,554,0.086500
284,3,0,455,33,102,0.055000
285,3,0,20,7,148,0.234500
286,3,0,747,14,615,0.055500
287,3,0,731,6,271,0.113500
288,3,0,327,25,191,0.068500
289,3,0,402,53,717,0.056500
290,3,0,770,95,118,0.059000
291,3,0,802,23,556,0.057000
292,3,0,369,103,44,0.050000
293,3,0,263,24,554,0.052500
294,3,0,345,26,772,0.050000
295,3,0,716,29,717,0.057000
296,3,0,582,4,410,0.050500
297,3,0,982,7,695,0.052000
298,3,0,18,3,717,0.132500
299,3,0,124,12,191,0.107500
300,3,0,928,13,746,0.080500
301,3,0,581,122,320,0.050500
302,3,0,115,81,285,0.050000
303,3,0,591,245,321,0.055500
304,3,0,744,81,239,0.056000
305,3,0,695,139,302,0.050500
306,3,0,270,10,717,0.055000
307,3,0,342,5,554,0.072000
308,3,0,980,50,88,0.051500
309,3,0,545,39,410,0.050000
310,3,0,372,17,948,0.071000
311,3,0,695,20,510,0.081500
312,3,0,163,1,717,0.008000
313,3,0,458,22,832,0.050500
314,3,0,433,15,702,0.092500
315,3,0,660,22,702,0.099000
316,3,0,284,28,148,0.052000
317,3,0,51,1,717,0.001000
318,3,0,445,80,183,0.064000
319,3,0,450,24,642,0.059500
320,3,0,25,3,832,0.196000
321,3,0,94,10,717,0.088000
322,3,0,732,128,466,0.051500
323,3,0,994,3,329,0.963000
324,3,0,665,22,717,0.175500
325,3,0,918,9,155,0.054000
326,3,0,886,50,935,0.058000
327,3,0,923,6,655,0.079000
328,3,0,658,20,249,0.054000
329,3,0,73,7,9,0.069000
330,3,0,643,55,642,0.056500
331,3,0,580,19,437,0.057500
332,3,0,879,116,814,0.051000
333,3,0,928,21,799,0.059500
334,3,0,233,31,832,0.060500
335,3,0,121,23,148,0.053500
336,3,0,504,54,615,0.056500
337,3,0,163,29,285,0.082000
338,3,0,98,13,717,0.067000
339,3,0,415,78,773,0.055000
340,3,0,639,29,615,0.053500
341,3,0,639,43,702,0.051500
342,3,0,707,66,717,0.050000
343,3,0,112,13,717,0.064500
344,3,0,662,142,553,0.056500
345,3,0,555,206,205,0.056500
346,3,0,199,3,717,0.603500
347,3,0,25,1,717,0.013500
348,3,0,58,16,717,0.063000
349,3,0,114,8,832,0.059500
350,3,0,174,3,717,0.304000
351,3,0,54,2,717,0.271500
352,3,0,446,107,702,0.050000
353,3,0,136,7,717,0.077500
354,3,0,851,15,672,0.074500
355,3,0,310,34,148,0.052500
356,3,1,2,3,717,0.050500
357,3,0,271,7,556,0.109500
358,3,0,616,82,664,0.068000
359,3,0,98,5,754,0.064500
360,3,0,628,48,594,0.050000
361,3,0,104,22,717,0.053000
362,3,0,974,14,823,0.113000
363,3,0,418,116,664,0.050500
364,3,0,187,1,832,0.000500
365,3,0,855,112,106,0.059500
366,3,0,925,2,745,0.091000
367,3,0,94,6,717,0.166000
368,3,0,122,20,832,0.055500
369,3,0,64,3,717,0.468500
370,3,0,678,54,285,0.060500
371,3,0,456,115,686,0.050500
372,3,0,562,33,702,0.056500
373,3,0,361,35,717,0.054500
374,3,0,66,12,717,0.053500
375,3,0,973,2,810,0.077500
376,3,0,717,233,117,0.052500
377,3,0,201,7,437,0.314000
378,3,0,306,3,410,0.192000
379,3,0,184,1,603,0.000000
380,3,0,833,4,554,0.134000
381,3,0,953,4,754,0.096000
382,3,0,156,8,554,0.051500
383,3,0,627,31,712,0.050000
384,3,0,649,116,712,0.055000
385,3,0,655,3,554,0.291500
386,3,0,295,22,32,0.051500
387,3,1,10,11,244,0.078000
388,3,0,113,1,816,0.003500
389,3,0,44,2,942,0.119000
390,3,0,118,22,142,0.053500
391,3,0,834,12,907,0.062000
392,3,0,264,48,615,0.065000
393,3,0,654,1,754,0.000500
394,3,0,682,46,672,0.053500
395,3,0,303,7,320,0.059500
396,3,0,89,1,717,0.012500
397,3,0,37,3,717,0.078500
398,3,0,597,51,554,0.050500
399,3,0,47,8,717,0.053000
400,3,0,296,30,717,0.052500
401,3,0,518,39,320,0.054000
402,3,0,407,9,746,0.067000
403,3,0,220,114,321,0.056500
404,3,0,672,4,191,0.103500
405,3,0,814,78,149,0.050000
406,3,0,606,29,443,0.056500
407,3,0,491,39,660,0.051500
408,3,0,308,26,717,0.053500
409,3,0,627,11,320,0.061500
410,3,0,7,6,717,0.110500
411,3,0,75,8,648,0.220500
412,3,0,49,1,907,0.004000
413,3,0,44,1,717,0.002500
414,3,0,852,6,822,0.051000
415,3,0,708,41,139,0.051000
416,3,0,416,20,139,0.098000
417,3,0,373,9,139,0.137000
418,3,1,3,12,961,0.093000
419,3,0,750,11,672,0.063500
420,3,0,671,18,664,0.051500
421,3,0,508,75,477,0.050000
422,3,0,57,40,356,0.050000
423,3,0,91,4,717,0.070500
424,3,0,99,2,832,0.431000
425,3,0,680,1,754,0.009500
426,3,0,21,4,356,0.067500
427,3,0,586,9,908,0.058500
428,3,0,157,22,717,0.083000
429,3,0,26,11,356,0.085000
430,3,0,7,5,249,0.062000
431,3,0,230,5,717,0.151500
432,3,0,362,120,102,0.051500
433,3,0,413,1,554,0.021500
434,3,0,705,60,450,0.054000
435,3,0,22,3,832,0.068500
436,3,0,257,60,47,0.060000
437,3,0,4,2,717,0.060500
438,3,0,344,27,320,0.063000
439,3,0,104,1,320,0.025000
440,3,0,74,28,410,0.062000
441,3,0,154,20,692,0.070500
442,3,0,202,20,832,0.053000
443,3,0,69,9,642,0.056000
444,3,0,74,5,717,0.060500
445,3,0,302,25,437,0.052000
446,3,0,27,6,9,0.261000
447,3,0,570,57,148,0.050500
448,3,0,522,47,117,0.088000
449,3,0,672,26,417,0.067000
450,3,0,117,6,717,0.064500
451,3,0,464,92,183,0.078000
452,3,0,567,125,574,0.055500
453,3,0,340,9,437,0.152500
454,3,0,480,1,576,0.016000
455,3,0,837,170,182,0.052500
456,3,0,766,95,285,0.059500
457,3,0,33,5,717,0.109000
458,3,0,192,3,717,0.272000
459,3,0,181,19,717,0.067500
460,3,0,138,7,717,0.069500
461,3,0,627,4,656,0.071000
462,3,0,434,33,31,0.051000
463,3,0,496,61,148,0.085000
464,3,0,291,6,437,0.055000
465,3,0,256,4,191,0.076000
466,3,0,50,8,832,0.061000
467,3,0,275,8,410,0.072500
468,3,0,639,3,935,0.156500
469,3,0,171,26,437,0.051000
470,3,0,446,111,68,0.053000
471,3,0,568,12,519,0.064000
472,3,0,615,77,285,0.050000
473,3,0,491,35,717,0.074000
474,3,0,362,19,148,0.055000
475,3,0,676,24,430,0.054000
476,3,0,315,21,410,0.084500
477,3,0,60,2,437,0.304500
478,3,0,25,3,717,0.146500
479,3,0,207,4,191,0.065000
480,3,0,130,4,717,0.080500
481,3,0,152,8,832,0.316500
482,3,0,217,14,356,0.050500
483,3,0,394,5,139,0.121500
484,3,0,583,7,249,0.210500
485,3,0,642,85,148,0.054500
486,3,0,914,24,831,0.086500
487,3,0,833,55,71,0.060500
488,3,0,801,29,191,0.072500
489,3,0,313,1,191,0.010500
490,3,0,569,156,814,0.052000
491,3,0,578,2,576,0.098000
492,3,0,671,18,627,0.078500
493,3,0,570,47,554,0.061500
494,3,0,89,2,437,0.284000
495,3,0,394,13,594,0.067500
496,3,0,735,42,148,0.081500
497,3,0,343,23,654,0.096000
498,3,0,219,3,832,0.128500
499,3,0,488,9,615,0.124000
500,3,0,176,7,437,0.111000
501,3,0,193,19,717,0.065000
502,3,0,272,30,717,0.057000
503,3,0,139,4,148,0.071500
504,3,0,521,31,191,0.050500
505,3,0,355,31,443,0.051000
506,3,0,528,64,832,0.054500
507,3,0,291,46,878,0.068500
508,3,0,773,17,430,0.062000
509,3,0,213,12,148,0.091000
510,3,0,14,2,191,0.129500
511,3,0,969,152,813,0.052000
512,3,0,364,10,717,0.087000
513,3,0,207,12,717,0.103500
514,3,0,184,9,717,0.257000
515,3,0,51,2,249,0.120500
516,3,0,136,7,717,0.093000
517,3,0,790,76,437,0.051500
518,3,0,319,12,717,0.067500
519,3,1,7,9,717,0.072500
520,3,0,247,16,717,0.054000
521,3,0,671,4,249,0.070000
522,3,1,6,12,920,0.058500
523,3,0,109,5,717,0.169500
524,3,0,447,13,717,0.055500
525,3,0,138,26,410,0.065000
526,3,0,11,7,832,0.115500
527,3,0,37,12,832,0.052500
528,3,0,759,1,522,0.000000
529,3,0,239,16,717,0.056000
530,3,0,494,137,102,0.050500
531,3,0,160,60,654,0.053500
532,3,0,893,35,822,0.054000
533,3,0,50,3,717,0.099500
534,3,0,18,2,191,0.558500
535,3,0,925,12,745,0.067500
536,3,0,221,5,717,0.066500
537,3,0,591,108,66,0.050000
538,3,0,10,8,148,0.059500
539,3,0,682,143,205,0.050000
540,3,0,205,32,356,0.053500
541,3,0,394,43,437,0.051500
542,3,0,221,7,717,0.053000
543,3,0,470,105,66,0.059500
544,3,0,259,6,717,0.064000
545,3,0,394,24,437,0.067500
546,3,0,461,1,191,0.001500
547,3,0,499,33,347,0.051000
548,3,0,934,8,656,0.051500
549,3,0,992,6,329,0.248000
550,3,0,807,49,639,0.054500
551,3,0,107,10,155,0.061500
552,3,0,55,10,717,0.126500
553,3,0,91,2,437,0.145500
554,3,0,35,5,191,0.171500
555,3,0,292,9,717,0.158000
556,3,0,183,24,437,0.066500
557,3,0,667,16,556,0.059000
558,3,0,920,7,921,0.067000
559,3,0,615,88,664,0.056000
560,3,0,795,121,478,0.050500
561,3,0,303,13,717,0.118500
562,3,0,5,1,388,0.037000
563,3,0,637,42,410,0.093000
564,3,0,370,36,717,0.053000
565,3,0,496,57,615,0.051000
566,3,0,277,12,148,0.059000
567,3,0,855,104,814,0.050500
568,3,0,333,17,183,0.051000
569,3,0,611,33,717,0.060000
570,3,0,196,12,148,0.050000
571,3,0,317,83,692,0.057500
572,3,0,10,6,695,0.149500
573,3,0,717,20,554,0.051500
574,3,0,88,3,717,0.341500
575,3,0,190,2,832,0.466500
576,3,0,177,9,556,0.066500
577,3,0,98,6,832,0.077000
578,3,0,486,31,708,0.069000
579,3,0,809,2,813,0.862000
580,3,0,698,16,239,0.133500
581,3,0,389,1,191,0.043000
582,3,0,834,4,603,0.093500
583,3,0,832,99,948,0.054500
584,3,0,754,1,908,0.000500
585,3,0,634,1,664,0.012000
586,3,0,251,16,717,0.052500
587,3,0,495,137,102,0.050500
588,3,0,654,20,692,0.067000
589,3,0,662,97,410,0.061500
590,3,0,660,16,430,0.065500
591,3,0,970,18,155,0.057500
592,3,0,112,9,920,0.087000
593,3,0,29,1,717,0.030000
594,3,0,174,48,142,0.054000
595,3,0,489,17,410,0.061500
596,3,0,127,10,437,0.091000
597,3,0,256,39,102,0.072000
598,3,0,40,8,717,0.060500
599,3,0,66,21,78,0.053000
600,3,0,330,15,717,0.051000
601,3,0,487,30,142,0.054000
602,3,0,731,15,191,0.125500
603,3,0,103,10,822,0.050500
604,3,0,145,3,717,0.057000
605,3,0,23,7,216,0.094000
606,3,0,497,44,519,0.051000
607,3,0,829,84,921,0.076500
608,3,0,786,1,522,0.013500
609,3,0,790,326,149,0.051000
610,3,0,772,6,556,0.051000
611,3,0,451,43,32,0.054000
612,3,0,766,17,673,0.055500
613,3,0,507,3,139,0.369000
614,3,0,267,8,556,0.058000
615,3,0,81,4,437,0.101500
616,3,0,459,34,320,0.053500
617,3,0,394,13,717,0.052000
618,3,0,715,79,763,0.052500
619,3,0,360,27,832,0.050000
620,3,0,284,8,717,0.057500
621,3,0,753,165,397,0.054500
622,3,0,147,8,717,0.051500
623,3,0,538,28,105,0.058500
624,3,0,244,16,191,0.257500
625,3,0,183,44,437,0.062000
626,3,0,925,20,799,0.076500
627,3,0,9,1,249,0.006000
628,3,0,90,3,717,0.172000
629,3,0,177,1,191,0.005500
630,3,0,492,19,556,0.102000
631,3,0,313,1,717,0.015000
632,3,0,681,2,522,0.451000
633,3,0,54,8,78,0.134000
634,3,0,57,3,717,0.073500
635,3,0,208,4,410,0.134500
636,3,0,502,22,211,0.050000
637,3,0,973,28,286,0.053500
638,3,0,491,68,437,0.056000
639,3,0,472,77,102,0.050500
640,3,0,581,153,772,0.051500
641,3,0,348,45,832,0.050000
642,3,1,8,8,437,0.055000
643,3,0,242,2,717,0.324000
644,3,0,378,9,443,0.052500
645,3,0,359,27,139,0.125000
646,3,0,215,5,717,0.115500
647,3,0,279,11,437,0.103000
648,3,0,995,1,446,0.002500
649,3,0,528,3,249,0.071500
650,3,0,212,2,191,0.096000
651,3,0,599,41,772,0.072000
652,3,0,50,4,410,0.085000
653,3,0,321,1,191,0.000000
654,3,1,3,4,437,0.159500
655,3,0,16,1,603,0.019500
656,3,0,216,4,935,0.057500
657,3,0,281,1,402,0.012500
658,3,0,639,20,430,0.085000
659,3,1,7,8,155,0.137500
660,3,0,15,1,717,0.043500
661,3,0,43,8,832,0.074000
662,3,0,657,8,814,0.060000
663,3,0,385,22,633,0.051000
664,3,0,66,16,717,0.054000
665,3,0,25,3,437,0.063500
666,3,0,380,2,191,0.160500
667,3,0,329,14,36,0.076000
668,3,0,404,56,931,0.064500
669,3,0,528,6,249,0.056500
670,3,0,984,4,9,0.086500
671,3,0,354,13,320,0.059000
672,3,0,320,30,31,0.061000
673,3,0,101,6,717,0.059000
674,3,0,678,136,798,0.052500
675,3,0,830,12,556,0.109000
676,3,0,433,2,556,0.225000
677,3,0,873,70,712,0.053000
678,3,0,433,10,191,0.055000
679,3,0,990,7,167,0.116500
680,3,0,639,88,554,0.055000
681,3,0,616,17,554,0.069000
682,3,0,450,20,31,0.050500
683,3,0,94,12,148,0.065000
684,3,0,94,3,717,0.081000
685,3,0,126,1,717,0.017000
686,3,0,101,17,717,0.053000
687,3,0,764,77,673,0.062000
688,3,0,210,58,720,0.062500
689,3,0,145,4,410,0.088500
690,3,0,968,1,393,0.003000
691,3,0,63,4,717,0.059500
692,3,0,75,6,832,0.053000
693,3,0,508,47,11,0.055000
694,3,0,55,35,410,0.054000
695,3,0,73,10,907,0.142000
696,3,0,43,5,717,0.071000
697,3,0,144,4,410,0.845000
698,3,0,592,49,410,0.057000
699,3,0,864,110,395,0.089000
700,3,0,886,61,761,0.051500
701,3,0,802,13,614,0.055000
702,3,0,20,4,832,0.079000
703,3,0,522,9,443,0.076000
704,3,0,977,7,418,0.082000
705,3,0,428,3,717,0.426000
706,3,0,467,117,102,0.056000
707,3,0,170,16,142,0.063000
708,3,0,41,32,437,0.051500
709,3,0,842,28,795,0.104000
710,3,0,661,5,935,0.059500
711,3,0,242,58,102,0.053500
712,3,0,118,31,717,0.078000
713,3,0,306,1,717,0.026500
714,3,0,703,24,556,0.060000
715,3,0,116,8,356,0.175500
716,3,0,720,28,831,0.050000
717,3,1,4,4,437,0.108000
718,3,0,157,5,908,0.074500
719,3,0,471,27,717,0.078000
720,3,0,32,14,832,0.093000
721,3,0,757,209,574,0.058000
722,3,0,711,211,712,0.051500
723,3,0,309,38,664,0.054000
724,3,0,351,49,615,0.052500
725,3,0,161,8,148,0.076500
726,3,0,484,45,410,0.055000
727,3,0,133,14,717,0.055000
728,3,0,356,2,437,0.422500
729,3,0,279,7,717,0.065500
730,3,0,536,7,139,0.084500
731,3,0,153,7,832,0.082000
732,3,0,16,3,813,0.058000
733,3,0,594,55,320,0.058500
734,3,0,789,78,523,0.054500
735,3,0,283,67,717,0.062500
736,3,0,221,4,832,0.054500
737,3,0,898,11,139,0.105000
738,3,0,142,28,142,0.050000
739,3,0,899,9,461,0.061000
740,3,0,34,19,717,0.053500
741,3,0,215,13,717,0.182500
742,3,0,159,36,654,0.070000
743,3,0,597,72,437,0.060000
744,3,0,656,19,702,0.076000
745,3,0,18,12,249,0.141000
746,3,0,23,14,627,0.061000
747,3,0,791,4,599,0.081000
748,3,0,286,1,717,0.047000
749,3,0,448,62,316,0.055000
750,3,0,59,12,356,0.105500
751,3,0,25,4,717,0.130000
752,3,0,803,1,745,0.007500
753,3,0,435,19,920,0.103500
754,3,1,1,1,754,0.016500
755,3,0,567,19,139,0.064500
756,3,0,223,8,437,0.050500
757,3,0,340,18,717,0.091000
758,3,0,329,3,554,0.161000
759,3,0,463,34,519,0.050000
760,3,0,720,28,437,0.062000
761,3,0,365,28,554,0.080000
762,3,0,408,151,281,0.054000
763,3,0,181,21,832,0.058500
764,3,0,224,50,717,0.051500
765,3,0,373,23,717,0.056000
766,3,0,344,50,281,0.057500
767,3,0,823,23,664,0.050500
768,3,0,992,1,562,0.011000
769,3,0,225,78,692,0.052000
770,3,0,296,7,832,0.050000
771,3,0,581,43,510,0.059500
772,3,0,28,3,191,0.050500
773,3,0,9,4,832,0.063500
774,3,0,168,5,832,0.055000
775,3,0,518,119,481,0.050500
776,3,0,511,9,615,0.214500
777,3,0,48,3,717,0.070000
778,3,0,235,40,241,0.060000
779,3,0,155,4,410,0.054000
780,3,0,184,17,931,0.088500
781,3,0,592,20,249,0.076500
782,3,0,143,6,410,0.159500
783,3,0,838,8,940,0.057000
784,3,0,167,48,148,0.056000
785,3,0,791,12,656,0.093500
786,3,0,785,138,556,0.051000
787,3,0,972,459,146,0.054500
788,3,0,742,47,239,0.050000
789,3,0,490,10,320,0.054500
790,3,0,703,138,258,0.050000
791,3,0,496,11,320,0.098500
792,3,0,554,7,745,0.063000
793,3,0,243,9,832,0.059000
794,3,0,187,5,191,0.063500
795,3,0,288,3,191,0.119000
796,3,0,54,7,148,0.054000
797,3,0,577,6,615,0.083000
798,3,1,23,15,556,0.066000
799,3,0,431,10,615,0.132500
800,3,0,321,19,832,0.061500
801,3,0,13,4,437,0.084000
802,3,0,175,12,717,0.053500
803,3,0,61,9,410,0.054000
804,3,0,352,19,437,0.050500
805,3,0,332,7,832,0.095000
806,3,0,382,3,148,0.312000
807,3,0,445,62,102,0.050000
808,3,0,866,22,822,0.051500
809,3,0,897,20,940,0.055500
810,3,0,777,1,908,0.000000
811,3,0,740,1,603,0.029500
812,3,0,851,15,556,0.073500
813,3,0,616,11,556,0.166500
814,3,0,248,3,191,0.088000
815,3,0,607,116,450,0.050500
816,3,1,11,9,412,0.253000
817,3,0,267,9,191,0.066000
818,3,0,553,26,249,0.081000
819,3,0,709,7,139,0.061000
820,3,0,129,15,148,0.061000
821,3,0,276,29,717,0.066500
822,3,0,62,2,78,0.793000
823,3,0,783,20,18,0.101000
824,3,0,18,7,148,0.099000
825,3,0,267,60,692,0.062500
826,3,0,160,7,148,0.076500
827,3,0,189,10,356,0.056000
828,3,0,184,14,832,0.054500
829,3,0,592,12,443,0.055000
830,3,0,763,13,554,0.055000
831,3,0,649,1,664,0.021000
832,3,0,8,1,717,0.000000
833,3,0,723,13,633,0.081000
834,3,0,334,12,832,0.061500
835,3,0,731,81,673,0.050000
836,3,0,708,16,772,0.060000
837,3,0,625,87,576,0.056000
838,3,0,415,22,777,0.062500
839,3,0,719,244,87,0.050000
840,3,0,344,3,191,0.184000
841,3,0,169,4,410,0.194500
842,3,0,312,6,920,0.087000
843,3,0,250,20,410,0.072500
844,3,0,203,9,139,0.058500
845,3,0,690,6,522,0.367000
846,3,0,827,301,252,0.054000
847,3,1,708,541,595,0.055500
848,3,0,461,71,692,0.057000
849,3,0,125,2,717,0.117500
850,3,0,103,6,717,0.175000
851,3,0,564,42,556,0.050500
852,3,0,126,33,148,0.057500
853,3,0,236,15,832,0.078500
854,3,0,378,118,44,0.053500
855,3,0,179,6,320,0.080500
856,3,0,601,38,205,0.056000
857,3,0,625,27,32,0.050000
858,3,0,527,258,529,0.054000
859,3,0,98,10,437,0.067000
860,3,0,713,14,392,0.110000
861,3,0,279,40,832,0.063500
862,3,0,38,7,148,0.051500
863,3,0,298,21,717,0.055000
864,3,0,615,46,148,0.051500
865,3,0,916,45,441,0.058500
866,3,0,346,10,832,0.121500
867,3,0,176,3,717,0.220000
868,3,0,796,84,216,0.051500
869,3,1,4,5,754,0.054500
870,3,1,1,3,870,0.074000
871,3,0,69,18,437,0.107000
872,3,0,490,16,642,0.057500
873,3,0,824,121,495,0.053000
874,3,0,77,11,717,0.077000
875,3,0,155,21,717,0.062000
876,3,0,222,22,437,0.051500
877,3,0,462,33,660,0.050500
878,3,0,127,10,717,0.207000
879,3,0,166,3,437,0.054000
880,3,0,305,16,410,0.051500
881,3,0,561,36,720,0.052000
882,3,0,406,51,897,0.058500
883,3,0,816,36,235,0.070500
884,3,0,74,6,148,0.051500
885,3,0,14,1,412,0.013500
886,3,0,273,2,148,0.471500
887,3,0,893,5,627,0.282500
888,3,0,795,34,410,0.073500
889,3,0,165,6,717,0.084500
890,3,0,946,14,656,0.558000
891,3,0,354,26,717,0.054500
892,3,0,655,230,556,0.050500
893,3,0,542,72,477,0.054500
894,3,0,794,16,134,0.104500
895,3,0,265,7,717,0.057500
896,3,0,428,63,437,0.054500
897,3,0,18,9,356,0.195500
898,3,0,373,25,717,0.089000
899,3,0,143,60,142,0.052000
900,3,0,916,17,554,0.052500
901,3,0,288,31,183,0.050000
902,3,0,51,9,717,0.065500
903,3,0,707,116,348,0.052500
904,3,0,219,9,717,0.053500
905,3,1,7,13,356,0.140000
906,3,0,41,7,191,0.093500
907,3,1,2,2,754,0.377000
908,3,1,1,3,908,0.673500
909,3,0,648,143,772,0.052000
910,3,0,548,67,832,0.053500
911,3,0,122,1,717,0.010500
912,3,0,430,49,437,0.053500
913,3,0,86,11,148,0.060000
914,3,0,30,18,832,0.055500
915,3,0,319,6,320,0.083000
916,3,0,293,4,717,0.121500
917,3,0,6,3,437,0.060000
918,3,0,918,2,813,0.053500
919,3,0,782,8,249,0.050500
920,3,1,9,9,556,0.140000
921,3,0,437,26,772,0.059500
922,3,0,706,114,615,0.053000
923,3,0,312,14,717,0.060500
924,3,0,995,1,446,0.012000
925,3,0,301,17,948,0.193000
926,3,0,915,10,402,0.057000
927,3,0,858,145,450,0.052500
928,3,0,947,20,718,0.053000
929,3,0,755,74,18,0.051000
930,3,0,270,41,772,0.058000
931,3,0,9,7,717,0.107000
932,3,0,717,12,443,0.095500
933,3,0,391,21,437,0.050500
934,3,0,49,2,249,0.100000
935,3,0,205,10,437,0.122500
936,3,0,595,7,664,0.061000
937,3,0,200,14,931,0.060000
938,3,0,743,56,556,0.052500
939,3,0,671,236,510,0.050000
940,3,0,505,27,948,0.050500
941,3,0,452,137,102,0.054000
942,3,1,1,5,942,0.640000
943,3,0,315,12,717,0.064000
944,3,0,448,38,717,0.050500
945,3,0,809,205,139,0.050000
946,3,0,549,2,249,0.128500
947,3,0,488,36,437,0.051500
948,3,0,35,6,717,0.229500
949,3,0,912,319,102,0.059000
950,3,0,270,24,148,0.061000
951,3,0,272,114,118,0.056500
952,3,0,456,131,397,0.057500
953,3,0,757,17,139,0.051500
954,3,0,583,41,556,0.056000
955,3,0,567,16,832,0.052000
956,3,0,393,16,148,0.069000
957,3,0,387,54,974,0.055000
958,3,0,908,35,613,0.063500
959,3,0,427,123,466,0.054500
960,3,0,789,176,161,0.050000
961,3,0,298,13,211,0.065000
962,3,0,459,29,31,0.087500
963,3,0,197,28,717,0.050000
964,3,0,210,25,410,0.090500
965,3,0,833,150,68,0.050000
966,3,0,637,16,556,0.098500
967,3,0,953,132,420,0.058500
968,3,0,442,47,356,0.062500
969,3,0,136,5,717,0.062000
970,3,0,17,1,717,0.013500
971,3,0,168,13,191,0.080500
972,3,0,283,49,148,0.054000
973,3,0,473,20,191,0.051500
974,3,0,63,8,717,0.059000
975,3,0,663,64,240,0.051500
976,3,0,696,136,948,0.050000
977,3,0,933,297,835,0.050000
978,3,0,529,37,660,0.061000
979,3,0,432,63,664,0.050500
980,3,0,916,7,249,0.227500
981,3,0,907,340,108,0.051000
982,3,0,255,4,139,0.125500
983,3,0,488,44,664,0.051000
984,3,0,888,253,879,0.050500
985,3,0,652,159,118,0.051500
986,3,0,490,35,717,0.060000
987,3,0,620,52,211,0.050500
988,3,0,591,111,102,0.053500
989,3,0,778,23,382,0.058000
990,3,0,702,39,320,0.050500
991,3,0,445,18,615,0.070500
992,3,0,660,2,556,0.065500
993,3,0,364,44,148,0.055500
994,3,0,52,3,717,0.091500
995,3,0,232,39,664,0.050000
996,3,0,482,144,538,0.052000
997,3,0,824,40,664,0.061500
998,3,0,284,26,832,0.071000
999,3,0,497,28,717,0.055000
1000,3,0,477,138,763,0.072500
1,4,0,309,16,139,0.059000
2,4,0,243,5,148,0.051500
3,4,0,393,8,437,0.097000
4,4,0,78,5,356,0.088500
5,4,0,139,1,191,0.015000
6,4,0,285,41,832,0.052000
7,4,0,481,10,717,0.121000
8,4,0,298,1,717,0.005000
9,4,0,20,2,816,0.743000
10,4,0,461,13,692,0.053500
11,4,0,98,8,717,0.159000
12,4,0,846,7,18,0.225500
13,4,0,357,3,603,0.105500
14,4,0,449,4,139,0.104500
15,4,0,669,76,510,0.062500
16,4,0,154,6,717,0.260500
17,4,0,419,66,356,0.057500
18,4,0,11,2,822,0.352500
19,4,0,410,31,717,0.051000
20,4,0,795,66,634,0.051500
21,4,0,684,64,594,0.050500
22,4,0,291,20,717,0.077500
23,4,0,407,50,717,0.051500
24,4,0,199,28,410,0.085500
25,4,0,822,47,443,0.052000
26,4,0,688,97,32,0.053000
27,4,0,249,49,477,0.053000
28,4,0,505,4,191,0.072500
29,4,0,724,118,118,0.053500
30,4,0,83,3,717,0.098000
31,4,0,18,9,148,0.227000
32,4,0,17,5,832,0.099000
33,4,0,519,51,948,0.054500
34,4,0,743,168,594,0.057500
35,4,0,301,20,142,0.058500
36,4,0,11,8,832,0.106000
37,4,0,163,3,437,0.266500
38,4,0,878,42,822,0.054500
39,4,0,385,19,931,0.087500
40,4,0,225,7,832,0.059500
41,4,0,663,114,413,0.060500
42,4,0,448,12,712,0.080500
43,4,0,675,10,603,0.186000
44,4,0,12,8,356,0.228000
45,4,0,502,45,777,0.091500
46,4,0,928,2,813,0.255000
47,4,0,9,3,717,0.109000
48,4,0,827,1,754,0.000000
49,4,0,972,6,412,0.124500
50,4,0,118,14,717,0.059000
51,4,0,59,2,754,0.219500
52,4,0,931,31,149,0.058000
53,4,0,402,37,948,0.057500
54,4,0,25,1,717,0.002500
55,4,0,741,10,211,0.054500
56,4,0,134,5,379,0.107500
57,4,0,61,7,832,0.051500
58,4,0,920,6,461,0.050500
59,4,0,785,6,554,0.054500
60,4,0,574,48,948,0.051500
61,4,0,198,2,437,0.577000
62,4,0,307,30,36,0.050000
63,4,0,822,362,149,0.051000
64,4,0,792,192,803,0.053000
65,4,0,13,5,907,0.056000
66,4,0,104,4,832,0.127000
67,4,0,322,64,832,0.058000
68,4,0,118,27,832,0.054500
69,4,0,61,9,249,0.088500
70,4,0,77,1,717,0.003000
71,4,0,437,8,832,0.056000
72,4,0,222,4,410,0.259000
73,4,0,501,99,57,0.050000
74,4,0,549,28,556,0.051000
75,4,0,514,38,660,0.051500
76,4,0,143,27,772,0.057000
77,4,0,602,29,554,0.053000
78,4,0,40,4,437,0.090500
79,4,0,61,2,717,0.348500
80,4,0,953,5,402,0.086000
81,4,0,299,143,32,0.053000
82,4,0,286,4,717,0.089000
83,4,0,475,15,249,0.082500
84,4,0,727,148,501,0.064000
85,4,0,572,2,908,0.140000
86,4,0,993,1,389,0.008000
87,4,0,146,2,832,0.054500
88,4,0,818,1,393,0.000000
89,4,0,963,69,688,0.050000
90,4,0,574,3,249,0.055000
91,4,0,233,1,717,0.009000
92,4,0,675,5,249,0.207000
93,4,0,838,215,925,0.050000
94,4,0,140,18,148,0.195000
95,4,0,965,1,393,0.000000
96,4,0,948,22,718,0.069000
97,4,0,163,1,717,0.008000
98,4,0,624,10,822,0.086000
99,4,0,268,20,191,0.052500
100,4,0,68,9,437,0.093000
101,4,0,35,7,320,0.067500
102,4,0,17,3,717,0.083000
103,4,0,137,7,717,0.095000
104,4,0,773,11,672,0.059000
105,4,1,27,27,692,0.119500
106,4,0,28,8,832,0.102500
107,4,0,78,13,717,0.082500
108,4,0,452,42,717,0.065000
109,4,0,356,20,148,0.082000
110,4,0,511,34,139,0.053000
111,4,0,688,49,772,0.071500
112,4,0,145,4,717,0.099000
113,4,0,448,19,712,0.059500
114,4,0,953,353,476,0.054500
115,4,0,889,20,656,0.069000
116,4,0,551,63,772,0.052500
117,4,0,32,1,717,0.001500
118,4,0,123,14,717,0.055500
119,4,0,958,1,412,0.022500
120,4,0,178,30,660,0.050000
121,4,0,74,14,717,0.065500
122,4,0,713,174,554,0.058500
123,4,0,720,10,633,0.223500
124,4,0,409,8,717,0.363500
125,4,0,199,43,32,0.050000
126,4,0,263,2,191,0.084500
127,4,0,315,25,148,0.051000
128,4,0,425,197,205,0.053000
129,4,0,751,195,501,0.050000
130,4,0,947,17,799,0.052000
131,4,0,341,30,32,0.063500
132,4,0,631,17,293,0.055000
133,4,0,147,31,285,0.054000
134,4,0,94,7,717,0.078500
135,4,0,276,34,931,0.054500
136,4,0,33,7,717,0.080000
137,4,0,628,14,712,0.083500
138,4,0,851,158,672,0.054000
139,4,0,14,1,191,0.030500
140,4,0,966,1,810,0.003500
141,4,0,493,22,410,0.058000
142,4,0,9,1,717,0.019000
143,4,0,659,8,554,0.063000
144,4,0,455,76,142,0.053000
145,4,0,86,3,717,0.269000
146,4,0,615,27,31,0.050500
147,4,0,148,7,717,0.051500
148,4,1,2,4,717,0.065500
149,4,0,417,61,664,0.055000
150,4,0,236,3,717,0.341000
151,4,0,430,69,664,0.061500
152,4,0,254,3,717,0.154000
153,4,0,786,18,191,0.074000
154,4,0,961,1,393,0.048000
155,4,0,492,9,712,0.105500
156,4,0,118,8,832,0.052000
157,4,0,93,11,717,0.064000
158,4,0,815,6,51,0.124500
159,4,0,774,5,249,0.067500
160,4,0,869,109,410,0.050000
161,4,0,133,28,44,0.060500
162,4,0,267,32,717,0.090500
163,4,0,741,73,777,0.054000
164,4,0,806,8,134,0.059000
165,4,0,108,21,717,0.094000
166,4,0,30,12,717,0.066500
167,4,0,786,3,908,0.285000
168,4,0,909,164,183,0.055000
169,4,0,141,1,191,0.006500
170,4,0,383,58,832,0.097500
171,4,0,197,5,717,0.137500
172,4,0,51,8,832,0.163500
173,4,1,38,43,720,0.073500
174,4,0,483,37,717,0.071000
175,4,0,243,8,822,0.050500
176,4,0,299,71,66,0.058500
177,4,0,441,129,102,0.050500
178,4,0,784,26,249,0.063500
179,4,0,295,13,832,0.102500
180,4,0,398,5,437,0.189000
181,4,0,476,3,191,0.210500
182,4,0,205,46,717,0.052000
183,4,1,10,70,285,0.065500
184,4,0,941,4,908,0.082000
185,4,0,147,1,191,0.003500
186,4,0,151,12,148,0.064000
187,4,0,220,33,717,0.054000
188,4,0,551,23,392,0.074000
189,4,0,377,23,510,0.052000
190,4,0,679,87,231,0.055000
191,4,1,1,2,191,0.182500
192,4,0,29,6,599,0.062000
193,4,0,267,77,615,0.056000
194,4,0,247,4,717,0.059500
195,4,0,557,41,285,0.053500
196,4,0,444,19,437,0.054500
197,4,0,662,37,148,0.053500
198,4,0,601,22,134,0.055500
199,4,0,311,34,191,0.089000
200,4,0,244,93,773,0.052500
201,4,0,223,6,717,0.091500
202,4,0,946,52,907,0.050500
203,4,0,439,15,139,0.096000
204,4,0,411,47,717,0.051000
205,4,1,10,13,717,0.068500
206,4,0,890,44,417,0.056000
207,4,0,173,5,717,0.096000
208,4,0,621,170,312,0.050500
209,4,0,695,64,437,0.052500
210,4,0,232,7,556,0.067000
211,4,0,23,1,191,0.002500
212,4,0,54,1,393,0.000000
213,4,0,106,5,410,0.066500
214,4,0,988,5,297,0.663500
215,4,0,555,7,139,0.144500
216,4,0,541,14,556,0.066000
217,4,0,780,181,862,0.051000
218,4,0,489,222,102,0.062500
219,4,1,1,1,219,0.000000
220,4,0,175,8,717,0.051500
221,4,0,485,26,717,0.053500
222,4,0,594,40,410,0.074000
223,4,0,596,110,248,0.050000
224,4,0,576,88,717,0.051500
225,4,0,296,30,772,0.053000
226,4,0,116,6,191,0.069500
227,4,0,165,24,32,0.071500
228,4,0,226,8,191,0.059000
229,4,0,911,5,761,0.060500
230,4,0,998,1,446,0.028000
231,4,0,19,6,437,0.074000
232,4,0,274,12,437,0.069000
233,4,0,497,18,249,0.091000
234,4,0,483,50,44,0.052000
235,4,0,668,64,205,0.051000
236,4,0,200,6,148,0.094000
237,4,0,397,2,717,0.287500
238,4,0,640,63,948,0.052500
239,4,0,247,27,148,0.071500
240,4,1,17,25,832,0.086000
241,4,0,9,3,832,0.701500
242,4,0,547,15,410,0.079000
243,4,0,270,5,410,0.104500
244,4,0,757,10,556,0.060000
245,4,0,857,27,795,0.051000
246,4,0,516,79,106,0.056500
247,4,0,532,7,717,0.053500
248,4,0,424,7,191,0.127000
249,4,0,60,9,437,0.144000
250,4,0,355,32,320,0.050500
251,4,0,765,47,32,0.052500
252,4,0,115,21,36,0.103000
253,4,0,954,2,393,0.057500
254,4,0,188,19,148,0.051500
255,4,0,37,12,437,0.058000
256,4,0,142,4,191,0.064500
257,4,0,987,4,412,0.220500
258,4,0,415,43,410,0.063500
259,4,0,590,13,772,0.057000
260,4,0,423,59,183,0.064500
261,4,0,552,17,935,0.051500
262,4,0,16,1,816,0.000000
263,4,0,669,6,655,0.067000
264,4,0,476,102,717,0.051500
265,4,0,294,3,410,0.607500
266,4,0,741,1,813,0.005500
267,4,0,227,21,717,0.051000
268,4,0,366,23,717,0.071500
269,4,0,46,5,437,0.521500
270,4,0,552,107,576,0.052000
271,4,0,18,2,522,0.097500
272,4,0,546,34,356,0.071000
273,4,0,584,2,249,0.282000
274,4,0,162,9,410,0.061500
275,4,0,727,5,554,0.074500
276,4,0,828,37,11,0.050000
277,4,1,182,157,413,0.051500
278,4,0,770,397,763,0.051500
279,4,0,737,110,450,0.051500
280,4,0,392,1,191,0.029500
281,4,0,56,1,717,0.010500
282,4,0,331,1,191,0.000500
283,4,0,629,2,554,0.438000
284,4,0,474,5,717,0.413000
285,4,0,14,6,356,0.054000
286,4,0,752,79,803,0.050500
287,4,0,40,2,393,0.076500
288,4,0,282,39,832,0.052000
289,4,0,345,34,692,0.093500
290,4,0,747,81,450,0.050500
291,4,0,690,39,293,0.052500
292,4,0,419,16,320,0.087000
293,4,0,301,17,772,0.054000
294,4,0,413,18,772,0.068500
295,4,0,701,41,410,0.065000
296,4,0,591,17,717,0.104000
297,4,0,972,1,412,0.000500
298,4,0,29,6,717,0.057500
299,4,0,133,57,241,0.052000
300,4,0,909,6,603,0.149500
301,4,0,625,62,133,0.052000
302,4,0,118,21,832,0.076500
303,4,0,673,126,948,0.057000
304,4,0,727,35,239,0.053000
305,4,0,623,323,149,0.051500
306,4,0,249,27,717,0.053000
307,4,0,554,12,134,0.051500
308,4,0,977,3,608,0.559000
309,4,0,549,65,410,0.055000
310,4,0,424,42,862,0.051000
311,4,0,639,84,165,0.055500
312,4,0,185,1,717,0.002000
313,4,0,460,113,654,0.074000
314,4,0,372,25,554,0.062000
315,4,0,676,43,410,0.068000
316,4,0,274,24,148,0.055000
317,4,0,73,18,356,0.075000
318,4,0,405,40,692,0.067000
319,4,0,372,38,32,0.065000
320,4,0,89,17,717,0.110000
321,4,0,124,3,717,0.628000
322,4,0,670,110,664,0.051000
323,4,0,996,2,329,0.056500
324,4,0,566,21,450,0.052000
325,4,0,934,137,522,0.054000
326,4,0,793,58,242,0.059000
327,4,0,449,11,695,0.083000
328,4,0,648,27,105,0.050500
329,4,0,141,2,388,0.148500
330,4,0,608,78,68,0.062500
331,4,0,594,33,36,0.091000
332,4,0,866,13,799,0.060500
333,4,0,924,6,554,0.068000
334,4,0,224,12,654,0.059000
335,4,0,109,7,717,0.272500
336,4,0,583,59,320,0.061000
337,4,0,147,6,717,0.058000
338,4,0,103,3,832,0.193000
339,4,0,392,115,897,0.053000
340,4,0,619,127,664,0.050500
341,4,0,646,88,702,0.053500
342,4,0,715,19,554,0.106000
343,4,0,106,13,356,0.056000
344,4,0,671,4,443,0.055000
345,4,0,546,15,717,0.052500
346,4,0,183,3,191,0.385500
347,4,1,9,9,356,0.079000
348,4,0,59,30,832,0.060500
349,4,0,106,14,148,0.052000
350,4,0,200,48,142,0.053000
351,4,0,65,3,437,0.191000
352,4,0,466,78,948,0.054500
353,4,0,113,7,717,0.283000
354,4,0,862,53,239,0.050000
355,4,0,365,37,832,0.050000
356,4,1,1,3,356,0.462500
357,4,0,319,1,556,0.013500
358,4,0,535,14,712,0.079500
359,4,0,148,7,216,0.051000
360,4,0,728,1,556,0.001500
361,4,0,123,1,717,0.005500
362,4,0,970,285,847,0.050500
363,4,0,55,25,712,0.050500
364,4,0,164,113,102,0.077000
365,4,0,842,42,316,0.051000
366,4,0,926,54,921,0.053000
367,4,0,93,1,717,0.020000
368,4,0,133,1,717,0.012000
369,4,0,75,10,356,0.050000
370,4,0,549,1,556,0.030500
371,4,0,520,14,148,0.075000
372,4,0,568,70,708,0.056500
373,4,0,369,56,519,0.050500
374,4,0,69,5,148,0.080000
375,4,0,969,24,823,0.058500
376,4,0,612,3,556,0.512500
377,4,0,200,7,717,0.081000
378,4,0,327,62,410,0.056500
379,4,0,609,11,754,0.398000
380,4,0,770,8,139,0.099500
381,4,0,287,1,393,0.000000
382,4,0,207,3,191,0.102500
383,4,0,577,14,149,0.061000
384,4,0,624,52,102,0.069000
385,4,0,675,57,410,0.053500
386,4,0,364,36,832,0.050500
387,4,0,54,9,718,0.053500
388,4,0,54,2,810,0.559000
389,4,0,976,7,942,0.117000
390,4,0,114,12,142,0.199500
391,4,0,30,7,632,0.120000
392,4,0,167,5,556,0.095000
393,4,0,574,4,754,0.089500
394,4,0,685,6,139,0.124000
395,4,0,439,17,437,0.096500
396,4,0,77,51,832,0.053000
397,4,0,7,3,717,0.077500
398,4,0,664,42,772,0.071500
399,4,0,105,10,437,0.126500
400,4,0,85,11,615,0.064000
401,4,0,523,160,281,0.052000
402,4,0,30,11,603,0.058500
403,4,0,374,42,660,0.066500
404,4,0,708,42,139,0.062000
405,4,0,804,10,149,0.054000
406,4,0,652,47,285,0.052000
407,4,0,561,64,106,0.050000
408,4,0,327,94,773,0.073000
409,4,0,642,341,763,0.050000
410,4,0,3,1,717,0.004500
411,4,0,1000,1,924,0.010000
412,4,0,82,7,244,0.054000
413,4,0,35,1,717,0.018000
414,4,0,880,23,822,0.066500
415,4,0,740,187,948,0.051500
416,4,0,506,10,410,0.181000
417,4,0,435,16,702,0.147000
418,4,0,727,104,321,0.052500
419,4,0,856,34,11,0.063500
420,4,0,706,125,832,0.052000
421,4,0,541,41,102,0.062000
422,4,0,63,1,717,0.000000
423,4,0,108,5,717,0.070500
424,4,0,69,5,717,0.086000
425,4,0,50,6,632,0.056000
426,4,0,18,3,717,0.070500
427,4,0,714,11,554,0.061000
428,4,0,110,12,717,0.066000
429,4,0,25,7,832,0.115500
430,4,0,18,5,615,0.154500
431,4,0,198,20,410,0.061000
432,4,0,318,69,437,0.054500
433,4,0,460,16,554,0.068000
434,4,0,675,124,832,0.051500
435,4,0,76,22,717,0.106000
436,4,0,274,7,717,0.100000
437,4,1,1,3,437,0.305000
438,4,0,322,19,832,0.091500
439,4,0,205,5,717,0.051000
440,4,0,139,2,191,0.075500
441,4,0,58,26,712,0.065000
442,4,0,189,23,437,0.163500
443,4,0,54,15,832,0.069500
444,4,0,124,5,717,0.162000
445,4,0,373,64,413,0.078500
446,4,1,4,8,257,0.099500
447,4,0,532,107,660,0.061000
448,4,0,549,51,974,0.060000
449,4,0,730,21,935,0.076000
450,4,0,140,6,717,0.073500
451,4,0,484,14,615,0.135000
452,4,0,569,38,862,0.063000
453,4,0,325,7,191,0.187500
454,4,0,330,6,155,0.060000
455,4,0,812,6,495,0.053000
456,4,0,706,37,556,0.062000
457,4,0,23,10,437,0.077500
458,4,0,177,3,717,0.599500
459,4,0,198,3,410,0.198000
460,4,0,115,21,437,0.057500
461,4,0,690,3,908,0.071000
462,4,0,465,39,832,0.053000
463,4,0,551,74,410,0.052000
464,4,0,289,37,832,0.054500
465,4,0,213,27,102,0.098000
466,4,0,83,2,832,0.398000
467,4,0,260,23,702,0.063500
468,4,0,687,69,320,0.059000
469,4,0,150,4,717,0.121500
470,4,0,440,13,437,0.050500
471,4,0,507,261,477,0.050000
472,4,0,550,196,182,0.051000
473,4,0,484,15,664,0.092500
474,4,0,347,38,948,0.081500
475,4,0,695,16,727,0.070000
476,4,0,332,18,832,0.051000
477,4,0,103,9,437,0.051500
478,4,0,53,8,717,0.065500
479,4,0,236,7,717,0.249000
480,4,0,144,33,148,0.052000
481,4,0,136,15,717,0.069000
482,4,0,168,63,44,0.052000
483,4,0,453,7,410,0.052500
484,4,0,680,6,249,0.107000
485,4,0,688,67,443,0.058500
486,4,0,912,149,197,0.050500
487,4,0,848,38,216,0.055000
488,4,0,597,11,554,0.062000
489,4,0,361,47,717,0.052000
490,4,0,702,124,450,0.054000
491,4,0,287,1,754,0.037000
492,4,0,586,51,664,0.050500
493,4,0,577,53,397,0.050500
494,4,0,123,8,437,0.166500
495,4,0,457,124,574,0.050000
496,4,0,750,109,642,0.056500
497,4,0,329,3,832,0.116000
498,4,0,186,5,437,0.071000
499,4,0,354,11,430,0.065000
500,4,0,192,9,832,0.087000
501,4,0,209,2,717,0.188500
502,4,0,299,15,437,0.098500
503,4,0,148,9,717,0.515500
504,4,0,500,41,30,0.050000
505,4,0,96,6,556,0.395000
506,4,0,460,71,397,0.053500
507,4,0,421,56,32,0.057500
508,4,0,766,4,556,0.068500
509,4,0,206,9,191,0.078500
510,4,0,26,6,437,0.052000
511,4,0,966,288,542,0.051000
512,4,0,318,20,832,0.054000
513,4,0,231,20,773,0.074500
514,4,0,161,14,437,0.060500
515,4,0,76,1,249,0.027000
516,4,0,114,4,832,0.163500
517,4,0,729,35,673,0.051000
518,4,0,231,27,832,0.052000
519,4,0,10,3,717,0.167000
520,4,0,237,1,717,0.028000
521,4,0,672,18,615,0.061500
522,4,1,2,2,599,0.708500
523,4,0,145,14,717,0.086500
524,4,0,354,11,832,0.161500
525,4,0,134,10,717,0.067000
526,4,1,13,13,717,0.068500
527,4,0,39,12,717,0.051500
528,4,0,772,18,522,0.053000
529,4,0,221,1,832,0.018500
530,4,0,561,98,410,0.051500
531,4,0,238,15,832,0.077500
532,4,0,771,22,146,0.053500
533,4,0,48,2,717,0.137500
534,4,0,8,2,191,0.105000
535,4,0,915,39,910,0.054000
536,4,0,207,15,717,0.061500
537,4,0,623,30,712,0.056000
538,4,1,10,10,148,0.169000
539,4,0,704,33,828,0.088000
540,4,0,217,13,142,0.055000
541,4,0,415,12,832,0.124500
542,4,0,239,3,717,0.052500
543,4,0,556,72,320,0.062500
544,4,0,233,78,148,0.052000
545,4,0,328,7,615,0.057000
546,4,0,525,17,702,0.073000
547,4,0,469,1,443,0.007500
548,4,0,939,8,745,0.058500
549,4,0,993,2,297,0.100500
550,4,0,845,236,916,0.050500
551,4,0,581,9,920,0.085500
552,4,0,86,4,717,0.075500
553,4,0,134,1,717,0.006500
554,4,0,31,13,148,0.054000
555,4,0,260,8,717,0.058500
556,4,0,44,5,615,0.153500
557,4,0,704,95,931,0.059500
558,4,0,918,43,745,0.050000
559,4,0,550,59,410,0.052500
560,4,0,747,111,538,0.059000
561,4,1,152,166,763,0.053500
562,4,1,4,7,262,0.074500
563,4,0,609,52,673,0.058500
564,4,0,419,2,717,0.274500
565,4,0,478,23,717,0.052500
566,4,0,268,29,717,0.063000
567,4,0,868,148,555,0.050000
568,4,0,338,3,642,0.444500
569,4,0,574,51,102,0.064500
570,4,0,165,16,717,0.064000
571,4,0,302,19,692,0.058500
572,4,0,863,4,907,0.087000
573,4,0,446,10,554,0.139000
574,4,0,97,36,142,0.050000
575,4,0,262,19,717,0.061500
576,4,0,248,8,615,0.052000
577,4,0,102,3,356,0.069000
578,4,0,614,47,717,0.050500
579,4,0,582,1,603,0.038500
580,4,0,718,134,772,0.052500
581,4,0,394,1,191,0.006500
582,4,0,663,12,454,0.078000
583,4,0,825,197,312,0.050000
584,4,0,700,2,522,0.879000
585,4,0,547,35,239,0.062000
586,4,0,241,106,897,0.050500
587,4,0,587,45,148,0.050000
588,4,0,563,1,599,0.012500
589,4,0,681,77,664,0.069500
590,4,0,603,3,556,0.135000
591,4,0,968,25,155,0.085500
592,4,0,330,15,717,0.050500
593,4,0,22,7,356,0.065000
594,4,0,177,46,356,0.050000
595,4,0,444,22,191,0.069000
596,4,0,159,9,437,0.105000
597,4,0,217,7,437,0.132500
598,4,0,27,4,717,0.135500
599,4,0,369,26,437,0.082500
600,4,0,284,79,664,0.050500
601,4,0,458,55,102,0.058000
602,4,0,740,362,162,0.055000
603,4,0,311,14,101,0.139000
604,4,0,221,36,437,0.060000
605,4,0,615,4,155,0.110000
606,4,0,481,8,410,0.099000
607,4,0,619,23,488,0.051500
608,4,0,828,22,430,0.082000
609,4,0,849,79,443,0.056000
610,4,0,706,4,155,0.103000
611,4,0,348,3,556,0.091000
612,4,0,798,8,239,0.069500
613,4,0,583,4,191,0.202500
614,4,0,265,8,712,0.091000
615,4,0,76,9,437,0.074000
616,4,0,356,14,31,0.051000
617,4,0,376,42,717,0.051000
618,4,0,723,45,828,0.052500
619,4,0,278,71,574,0.057000
620,4,0,282,47,660,0.057500
621,4,0,731,19,410,0.074000
622,4,0,103,13,437,0.082500
623,4,0,521,26,556,0.074000
624,4,0,182,39,191,0.084000
625,4,0,253,21,356,0.093500
626,4,0,916,26,799,0.063500
627,4,0,13,9,249,0.097000
628,4,0,86,8,717,0.071000
629,4,0,255,1,191,0.011000
630,4,0,442,6,249,0.104500
631,4,0,297,23,717,0.072000
632,4,0,688,1,576,0.002000
633,4,0,176,16,692,0.073500
634,4,0,108,3,148,0.508000
635,4,0,218,19,717,0.070500
636,4,0,598,10,191,0.056500
637,4,0,979,132,609,0.050500
638,4,0,459,28,106,0.052000
639,4,0,512,54,285,0.084500
640,4,0,592,33,191,0.058500
641,4,0,219,33,772,0.050500
642,4,0,11,4,437,0.071500
643,4,0,241,31,832,0.057000
644,4,0,469,34,717,0.067500
645,4,0,400,53,717,0.060500
646,4,0,222,15,410,0.058000
647,4,0,279,18,717,0.087500
648,4,1,2,6,323,0.068000
649,4,0,378,176,692,0.057000
650,4,0,242,22,832,0.057500
651,4,0,682,84,191,0.051000
652,4,0,59,1,191,0.014000
653,4,0,353,7,717,0.067000
654,4,1,8,11,437,0.170000
655,4,0,735,11,745,0.084000
656,4,0,639,4,249,0.133500
657,4,0,754,20,813,0.067500
658,4,0,714,85,596,0.053000
659,4,0,122,9,556,0.052500
660,4,0,15,2,717,0.108500
661,4,0,51,9,832,0.062500
662,4,0,693,13,673,0.058500
663,4,0,18,12,822,0.080000
664,4,0,79,3,148,0.419000
665,4,0,28,13,437,0.159000
666,4,0,371,1,191,0.020000
667,4,0,363,17,931,0.056000
668,4,0,406,127,66,0.051000
669,4,0,664,27,554,0.058000
670,4,0,983,9,810,0.055500
671,4,0,368,33,615,0.064500
672,4,0,408,66,410,0.074000
673,4,0,105,3,717,0.289000
674,4,0,452,8,522,0.100500
675,4,0,869,117,149,0.051000
676,4,0,502,23,615,0.066000
677,4,0,844,105,556,0.054500
678,4,0,270,3,249,0.087000
679,4,0,991,5,816,0.465000
680,4,0,611,2,134,0.097000
681,4,0,706,225,553,0.050500
682,4,0,514,75,538,0.062000
683,4,0,110,17,148,0.054000
684,4,0,119,8,356,0.075500
685,4,0,124,17,832,0.057500
686,4,0,60,8,717,0.082000
687,4,0,660,13,554,0.065500
688,4,0,212,12,437,0.066000
689,4,0,140,12,717,0.096500
690,4,0,972,12,810,0.056500
691,4,0,71,5,717,0.105000
692,4,1,2,37,720,0.055500
693,4,0,527,31,211,0.052000
694,4,0,164,5,437,0.060000
695,4,1,4,4,754,0.153500
696,4,0,60,5,832,0.168000
697,4,0,168,1,717,0.005000
698,4,0,651,93,240,0.053000
699,4,0,819,54,149,0.058000
700,4,0,901,151,799,0.061500
701,4,0,768,8,614,0.084000
702,4,0,8,1,717,0.045000
703,4,0,453,1,191,0.013000
704,4,0,977,5,810,0.182500
705,4,0,310,57,36,0.053000
706,4,0,516,51,948,0.054500
707,4,0,113,48,931,0.064000
708,4,0,21,2,717,0.426500
709,4,0,821,64,248,0.053000
710,4,0,688,91,720,0.061000
711,4,0,207,4,410,0.699500
712,4,0,161,72,660,0.050000
713,4,0,305,15,832,0.055000
714,4,0,671,98,576,0.051000
715,4,0,126,14,437,0.055000
716,4,0,783,360,644,0.050000
717,4,1,1,7,717,0.117500
718,4,0,536,21,430,0.094000
719,4,0,456,66,102,0.050000
720,4,0,14,6,437,0.061500
721,4,0,705,55,799,0.053500
722,4,0,761,49,948,0.076500
723,4,0,369,22,410,0.073000
724,4,0,22,2,249,0.524000
725,4,0,155,12,410,0.051000
726,4,0,466,43,437,0.052500
727,4,0,125,9,717,0.068000
728,4,0,295,84,615,0.060000
729,4,0,299,13,148,0.084500
730,4,0,541,46,139,0.059000
731,4,0,140,1,437,0.009500
732,4,0,544,4,920,0.214000
733,4,0,609,27,717,0.054000
734,4,0,816,11,139,0.058500
735,4,0,286,21,437,0.068500
736,4,0,180,11,437,0.091000
737,4,0,897,411,542,0.052500
738,4,0,147,45,142,0.059500
739,4,0,939,232,758,0.052500
740,4,0,31,4,437,0.053000
741,4,0,174,1,191,0.000500
742,4,0,192,63,102,0.052000
743,4,0,563,104,931,0.050000
744,4,0,620,72,948,0.057500
745,4,0,19,8,430,0.102000
746,4,0,35,2,249,0.106000
747,4,0,764,99,556,0.050500
748,4,0,211,71,661,0.052000
749,4,0,344,4,615,0.137000
750,4,0,41,18,356,0.051500
751,4,0,22,5,148,0.188500
752,4,0,797,6,908,0.071500
753,4,0,402,7,556,0.054000
754,4,1,1,1,754,0.000000
755,4,0,614,24,139,0.055500
756,4,0,165,66,897,0.069500
757,4,0,392,26,832,0.055500
758,4,0,384,25,717,0.060000
759,4,0,491,5,191,0.077500
760,4,0,682,133,772,0.051000
761,4,0,521,50,410,0.062500
762,4,0,405,104,556,0.053500
763,4,0,180,29,356,0.057000
764,4,0,218,9,148,0.094500
765,4,0,345,15,142,0.053000
766,4,0,315,44,664,0.059000
767,4,0,780,26,258,0.071000
768,4,0,994,1,562,0.000000
769,4,0,311,39,717,0.051500
770,4,0,273,9,191,0.053000
771,4,0,603,34,410,0.054500
772,4,0,35,3,717,0.108000
773,4,1,11,14,717,0.073000
774,4,0,140,11,832,0.147000
775,4,0,599,64,717,0.057000
776,4,0,461,97,44,0.056000
777,4,0,24,9,356,0.070500
778,4,0,292,38,148,0.051000
779,4,0,175,8,148,0.094000
780,4,0,226,52,717,0.056000
781,4,0,616,1,249,0.019000
782,4,0,155,2,191,0.405500
783,4,0,784,10,18,0.135000
784,4,0,155,21,437,0.069000
785,4,0,854,54,672,0.069000
786,4,0,804,436,762,0.051000
787,4,0,972,31,360,0.053000
788,4,0,780,27,672,0.050500
789,4,0,483,24,191,0.051500
790,4,0,712,244,821,0.051500
791,4,0,539,17,316,0.051500
792,4,0,393,15,907,0.274000
793,4,0,226,23,717,0.088500
794,4,0,209,17,832,0.112000
795,4,0,230,3,139,0.067000
796,4,0,88,4,832,0.052000
797,4,0,546,39,615,0.057000
798,4,0,330,20,437,0.054000
799,4,0,372,16,117,0.055000
800,4,0,180,21,692,0.089500
801,4,0,59,13,717,0.051000
802,4,0,144,3,410,0.734000
803,4,0,103,15,832,0.077500
804,4,0,120,13,615,0.061000
805,4,0,221,34,183,0.053000
806,4,0,399,25,772,0.057000
807,4,0,446,2,832,0.145500
808,4,0,860,225,149,0.053000
809,4,0,884,61,908,0.051500
810,4,0,118,1,908,0.002000
811,4,0,719,6,216,0.062500
812,4,0,837,261,634,0.051000
813,4,1,7,9,18,0.051000
814,4,0,258,14,410,0.129500
815,4,0,590,130,102,0.054000
816,4,1,1,1,816,0.000500
817,4,0,275,9,191,0.086000
818,4,0,564,19,191,0.120500
819,4,0,682,251,321,0.050000
820,4,0,105,14,717,0.079000
821,4,0,292,25,717,0.125000
822,4,0,68,14,712,0.134000
823,4,0,191,5,745,0.054500
824,4,0,21,10,437,0.077500
825,4,0,284,23,832,0.059500
826,4,0,182,1,717,0.007500
827,4,0,194,5,437,0.079000
828,4,0,200,35,832,0.051000
829,4,0,591,63,717,0.054000
830,4,0,766,2,935,0.113000
831,4,0,686,117,205,0.056000
832,4,1,2,3,437,0.205000
833,4,0,587,34,745,0.050000
834,4,0,362,33,410,0.050500
835,4,0,803,26,554,0.053000
836,4,0,710,86,673,0.057500
837,4,0,748,93,717,0.058500
838,4,0,434,69,36,0.052500
839,4,0,727,123,30,0.058500
840,4,0,355,31,437,0.050000
841,4,0,169,18,410,0.050000
842,4,0,646,44,183,0.055000
843,4,0,272,3,717,0.150500
844,4,0,241,9,191,0.105500
845,4,0,541,9,155,0.129500
846,4,0,820,20,71,0.055500
847,4,0,799,10,554,0.063500
848,4,0,458,110,240,0.050500
849,4,0,107,26,717,0.059500
850,4,0,88,18,717,0.057500
851,4,0,609,128,32,0.062000
852,4,0,162,10,832,0.057500
853,4,0,218,15,437,0.065000
854,4,0,400,63,148,0.060500
855,4,0,237,12,832,0.076000
856,4,0,612,125,702,0.056500
857,4,0,549,67,708,0.052500
858,4,0,611,6,664,0.050000
859,4,0,94,11,356,0.078500
860,4,0,710,24,192,0.050000
861,4,0,239,36,320,0.053500
862,4,0,56,1,717,0.003500
863,4,0,219,6,356,0.074000
864,4,0,721,32,36,0.055500
865,4,1,845,154,888,0.051000
866,4,0,335,32,832,0.055500
867,4,0,150,3,717,0.118000
868,4,0,795,14,18,0.063000
869,4,0,74,2,908,0.244000
870,4,0,651,6,754,0.062000
871,4,0,85,10,717,0.056500
872,4,0,488,92,121,0.052000
873,4,0,776,58,155,0.050000
874,4,0,71,9,148,0.089000
875,4,0,119,7,717,0.109500
876,4,0,228,6,717,0.078500
877,4,0,434,38,148,0.058500
878,4,0,77,6,437,0.060000
879,4,0,149,21,32,0.065500
880,4,0,253,26,832,0.065500
881,4,0,536,1,191,0.021500
882,4,0,411,77,142,0.052000
883,4,0,849,56,211,0.057500
884,4,0,123,5,832,0.095000
885,4,0,930,8,244,0.067500
886,4,0,285,1,410,0.004000
887,4,0,888,45,556,0.050000
888,4,0,806,172,664,0.050000
889,4,0,123,16,832,0.052500
890,4,0,932,392,643,0.053500
891,4,0,312,104,285,0.051500
892,4,0,638,82,501,0.054000
893,4,0,394,169,763,0.052000
894,4,0,783,11,761,0.061000
895,4,0,310,16,437,0.095500
896,4,0,367,29,664,0.062000
897,4,0,17,3,832,0.441000
898,4,0,397,17,410,0.069500
899,4,0,131,3,717,0.053500
900,4,0,921,124,443,0.056000
901,4,0,128,62,133,0.052500
902,4,0,77,6,832,0.104500
903,4,0,712,161,538,0.051000
904,4,0,191,29,717,0.052500
905,4,0,12,3,717,0.056500
906,4,0,30,2,717,0.053000
907,4,0,680,6,745,0.190000
908,4,0,316,13,920,0.166500
909,4,0,85,6,672,0.340500
910,4,0,505,123,117,0.050000
911,4,0,144,11,832,0.125000
912,4,0,445,17,717,0.052500
913,4,0,84,14,832,0.058000
914,4,0,46,2,832,0.923000
915,4,0,334,15,320,0.052500
916,4,0,344,19,717,0.066000
917,4,0,6,1,717,0.030000
918,4,0,937,73,831,0.052000
919,4,0,783,10,673,0.081500
920,4,0,7,2,78,0.977000
921,4,0,300,27,772,0.051500
922,4,0,698,8,191,0.059000
923,4,0,343,86,102,0.057000
924,4,1,1,6,924,0.065500
925,4,0,320,22,410,0.059000
926,4,0,867,3,655,0.081500
927,4,0,884,42,443,0.050500
928,4,0,921,24,687,0.068000
929,4,0,792,114,799,0.050500
930,4,0,331,21,832,0.053500
931,4,0,6,1,717,0.047500
932,4,0,726,64,935,0.051500
933,4,0,348,11,717,0.054000
934,4,0,388,1,717,0.012000
935,4,0,71,12,320,0.054500
936,4,0,635,44,615,0.063000
937,4,0,231,13,717,0.073500
938,4,0,730,9,822,0.125500
939,4,0,641,25,139,0.106500
940,4,0,30,11,627,0.088000
941,4,0,423,13,32,0.051500
942,4,1,2,12,816,0.070500
943,4,0,323,18,717,0.093500
944,4,0,482,61,102,0.050500
945,4,0,804,117,554,0.059000
946,4,0,618,10,249,0.065500
947,4,0,385,17,717,0.071500
948,4,0,22,4,717,0.060500
949,4,0,912,149,664,0.056000
950,4,0,295,7,410,0.086500
951,4,0,393,32,437,0.078000
952,4,0,500,6,832,0.060000
953,4,0,744,71,554,0.052500
954,4,0,605,20,71,0.090000
955,4,0,474,1,191,0.001500
956,4,0,402,39,410,0.067500
957,4,0,393,75,948,0.067500
958,4,0,914,88,382,0.050500
959,4,0,359,29,148,0.071500
960,4,0,724,3,556,0.067000
961,4,0,477,9,139,0.141000
962,4,0,588,53,948,0.068000
963,4,0,228,8,717,0.359500
964,4,0,226,15,410,0.088000
965,4,0,847,9,935,0.059000
966,4,0,679,20,556,0.053500
967,4,0,953,4,393,0.315000
968,4,0,473,15,148,0.080000
969,4,0,142,12,717,0.098000
970,4,0,10,6,356,0.071500
971,4,0,128,11,410,0.087000
972,4,0,315,10,148,0.057500
973,4,0,422,24,139,0.071500
974,4,0,75,13,717,0.084000
975,4,0,619,26,615,0.052000
976,4,0,704,52,443,0.065500
977,4,0,947,51,799,0.056000
978,4,0,571,98,897,0.051500
979,4,0,382,77,897,0.051000
980,4,0,915,236,307,0.050000
981,4,0,873,13,293,0.060500
982,4,0,352,9,410,0.070500
983,4,0,564,165,615,0.051000
984,4,0,808,14,216,0.072000
985,4,0,718,75,814,0.052000
986,4,0,361,15,664,0.055500
987,4,0,631,63,510,0.052000
988,4,0,618,30,935,0.050500
989,4,0,730,43,293,0.050000
990,4,0,712,215,510,0.065500
991,4,0,440,10,654,0.064000
992,4,0,662,11,320,0.070000
993,4,0,378,1,717,0.004000
994,4,0,58,1,717,0.023000
995,4,0,342,14,832,0.053000
996,4,0,427,39,410,0.060000
997,4,0,828,18,155,0.070500
998,4,0,232,36,148,0.055000
999,4,0,255,5,556,0.066500
1000,4,0,623,96,974,0.052000
