cop,run,in_set,rank,set_size,lowest_loss_cop,final_pvalue
1,0,1,1,1,1,0.000000
2,0,1,1,1,2,0.000000
3,0,1,1,2,3,0.562500
4,0,0,2,1,399,0.000000
5,0,1,1,1,5,0.000000
6,0,1,1,2,6,0.754500
7,0,1,1,1,7,0.000000
8,0,1,1,1,8,0.000000
9,0,1,1,1,9,0.000000
10,0,1,1,1,10,0.000000
11,0,1,1,2,11,0.066500
12,0,0,10,5,710,0.499500
13,0,1,1,1,13,0.000000
14,0,1,1,1,14,0.000000
15,0,1,2,2,110,0.983000
16,0,1,1,1,16,0.000000
17,0,1,1,1,17,0.000000
18,0,1,1,1,18,0.000000
19,0,1,1,1,19,0.018000
20,0,1,2,2,375,0.549000
21,0,1,1,1,21,0.000000
22,0,1,1,1,22,0.000000
23,0,1,1,1,23,0.000000
24,0,1,1,1,24,0.000000
25,0,1,1,1,25,0.000000
26,0,1,1,1,26,0.000000
27,0,1,1,1,27,0.000000
28,0,1,1,1,28,0.000000
29,0,1,1,1,29,0.000000
30,0,1,1,2,30,0.589500
31,0,1,1,1,31,0.000000
32,0,1,1,1,32,0.000000
33,0,1,1,1,33,0.000000
34,0,1,1,1,34,0.000000
35,0,1,2,2,866,0.544000
36,0,1,1,1,36,0.001500
37,0,1,1,1,37,0.000000
38,0,1,1,2,38,0.080500
39,0,1,1,2,39,0.176500
40,0,1,1,1,40,0.000000
41,0,1,1,1,41,0.000000
42,0,1,1,1,42,0.000000
43,0,1,1,1,43,0.002000
44,0,1,1,1,44,0.000000
45,0,1,1,1,45,0.000000
46,0,1,1,1,46,0.002500
47,0,1,1,1,47,0.000000
48,0,0,5,1,804,0.018000
49,0,0,3,1,381,0.000000
50,0,1,1,1,50,0.047000
51,0,1,1,2,51,0.758500
52,0,1,1,1,52,0.000000
53,0,1,1,1,53,0.000000
54,0,1,1,1,54,0.001000
55,0,1,1,1,55,0.000000
56,0,1,1,1,56,0.000000
57,0,1,1,1,57,0.000000
58,0,1,1,1,58,0.000000
59,0,1,1,1,59,0.000000
60,0,1,1,1,60,0.000000
61,0,1,1,1,61,0.000000
62,0,1,2,3,316,0.308000
63,0,0,3,1,159,0.000000
64,0,1,3,3,987,0.120500
65,0,1,1,2,65,0.176000
66,0,0,3,1,16,0.001500
67,0,1,1,1,67,0.000000
68,0,1,1,1,68,0.000000
69,0,1,1,1,69,0.000000
70,0,1,1,1,70,0.000000
71,0,1,1,1,71,0.000000
72,0,1,1,1,72,0.000000
73,0,1,1,1,73,0.000000
74,0,1,1,2,74,0.098500
75,0,1,1,1,75,0.000000
76,0,1,3,5,619,0.057000
77,0,1,1,4,77,0.053000
78,0,1,1,1,78,0.000000
79,0,1,1,1,79,0.000000
80,0,1,1,1,80,0.000000
81,0,1,1,1,81,0.000000
82,0,1,1,1,82,0.000000
83,0,1,1,1,83,0.000000
84,0,1,1,1,84,0.000000
85,0,1,1,1,85,0.000000
86,0,0,18,1,308,0.000000
87,0,1,1,1,87,0.000000
88,0,1,1,1,88,0.004500
89,0,1,2,2,887,0.178000
90,0,0,2,1,261,0.042500
91,0,1,1,1,91,0.000000
92,0,1,1,1,92,0.000000
93,0,1,1,1,93,0.000000
94,0,1,1,1,94,0.000000
95,0,1,2,2,967,0.778000
96,0,1,1,1,96,0.006000
97,0,1,1,1,97,0.000000
98,0,1,1,1,98,0.000000
99,0,1,1,1,99,0.000000
100,0,1,1,1,100,0.002500
101,0,1,1,1,101,0.000000
102,0,1,1,1,102,0.008500
103,0,1,1,1,103,0.000000
104,0,1,1,1,104,0.000000
105,0,1,1,1,105,0.000000
106,0,1,2,2,538,0.455500
107,0,1,1,1,107,0.000000
108,0,1,1,1,108,0.000000
109,0,1,1,1,109,0.000000
110,0,1,1,1,110,0.038500
111,0,1,1,1,111,0.000000
112,0,1,1,1,112,0.000000
113,0,1,1,1,113,0.000000
114,0,1,1,1,114,0.004000
115,0,1,1,1,115,0.000000
116,0,0,4,1,331,0.031000
117,0,0,2,1,683,0.000000
118,0,1,1,1,118,0.000000
119,0,1,1,1,119,0.000000
120,0,1,1,1,120,0.000000
121,0,1,1,1,121,0.000000
122,0,0,4,3,34,0.665000
123,0,1,1,2,123,0.143500
124,0,1,1,1,124,0.000500
125,0,0,2,1,302,0.000500
126,0,1,1,1,126,0.000000
127,0,1,1,1,127,0.013000
128,0,1,1,2,128,0.223000
129,0,1,1,2,129,0.856000
130,0,1,1,1,130,0.000000
131,0,1,2,4,289,0.474500
132,0,1,1,1,132,0.000000
133,0,1,1,1,133,0.000000
134,0,0,4,1,185,0.012500
135,0,1,1,1,135,0.000000
136,0,1,1,1,136,0.000000
137,0,1,1,1,137,0.000000
138,0,1,1,2,138,0.105000
139,0,1,1,1,139,0.000000
140,0,1,1,1,140,0.000000
141,0,1,1,1,141,0.000000
142,0,1,1,1,142,0.000000
143,0,1,1,1,143,0.000000
144,0,1,1,1,144,0.000000
145,0,1,1,1,145,0.000000
146,0,1,1,1,146,0.000000
147,0,1,1,1,147,0.000000
148,0,1,1,1,148,0.000000
149,0,1,1,1,149,0.000000
150,0,1,1,1,150,0.001000
151,0,1,1,1,151,0.000000
152,0,1,1,1,152,0.000000
153,0,1,1,1,153,0.000000
154,0,1,1,1,154,0.000500
155,0,1,1,1,155,0.000000
156,0,1,1,1,156,0.000000
157,0,1,1,1,157,0.000000
158,0,1,2,2,949,0.097500
159,0,1,1,1,159,0.000000
160,0,1,2,4,164,0.692000
161,0,1,1,2,161,0.251000
162,0,1,1,3,162,0.211500
163,0,0,2,1,492,0.000000
164,0,1,1,1,164,0.000000
165,0,1,1,1,165,0.000000
166,0,1,1,1,166,0.000000
167,0,1,1,1,167,0.000000
168,0,1,1,1,168,0.000000
169,0,0,5,1,236,0.000000
170,0,1,1,1,170,0.038500
171,0,1,1,1,171,0.000000
172,0,1,1,1,172,0.048500
173,0,1,1,1,173,0.000000
174,0,1,1,1,174,0.000000
175,0,1,1,1,175,0.000000
176,0,1,1,2,176,0.532000
177,0,1,2,2,53,0.105000
178,0,1,1,1,178,0.000000
179,0,1,1,1,179,0.000000
180,0,0,3,1,531,0.026000
181,0,1,1,1,181,0.000000
182,0,1,1,1,182,0.000000
183,0,1,1,1,183,0.000000
184,0,1,1,1,184,0.000000
185,0,1,1,1,185,0.000000
186,0,1,1,1,186,0.000000
187,0,1,1,1,187,0.000000
188,0,1,1,1,188,0.000000
189,0,1,1,2,189,0.123000
190,0,1,1,3,190,0.124000
191,0,0,2,1,534,0.027500
192,0,1,1,1,192,0.000000
193,0,1,1,1,193,0.000000
194,0,1,1,3,194,0.553000
195,0,1,1,1,195,0.000000
196,0,1,1,1,196,0.000000
197,0,1,1,1,197,0.000000
198,0,1,2,9,309,0.115500
199,0,1,1,1,199,0.000000
200,0,1,1,2,200,0.806000
201,0,1,1,1,201,0.000000
202,0,1,1,1,202,0.000000
203,0,1,1,1,203,0.000000
204,0,1,1,1,204,0.000000
205,0,1,2,2,343,0.724500
206,0,0,3,1,928,0.000000
207,0,1,1,1,207,0.000000
208,0,1,1,3,208,0.058500
209,0,0,7,1,783,0.003500
210,0,1,1,1,210,0.000000
211,0,0,2,1,697,0.001000
212,0,1,1,1,212,0.000000
213,0,1,1,1,213,0.000000
214,0,1,1,2,214,0.071500
215,0,1,1,1,215,0.000000
216,0,1,1,1,216,0.000000
217,0,1,1,1,217,0.000000
218,0,0,2,1,7,0.000000
219,0,1,3,3,236,0.575000
220,0,1,1,1,220,0.000000
221,0,1,2,2,705,0.194000
222,0,1,1,1,222,0.000500
223,0,1,1,2,223,0.206500
224,0,1,1,1,224,0.000000
225,0,1,1,1,225,0.000000
226,0,1,1,1,226,0.000000
227,0,1,1,1,227,0.000000
228,0,1,1,1,228,0.000000
229,0,1,1,1,229,0.000000
230,0,1,1,1,230,0.000000
231,0,1,1,1,231,0.000000
232,0,1,1,1,232,0.000000
233,0,1,1,1,233,0.001500
234,0,1,1,1,234,0.000000
235,0,1,1,3,235,0.218000
236,0,1,3,3,169,0.189500
237,0,1,1,4,237,0.133000
238,0,1,1,1,238,0.000000
239,0,1,1,1,239,0.000000
240,0,0,13,1,368,0.000000
241,0,0,2,1,399,0.000500
242,0,1,1,1,242,0.000000
243,0,1,1,1,243,0.000000
244,0,1,1,1,244,0.000000
245,0,1,1,1,245,0.000000
246,0,1,1,1,246,0.000000
247,0,1,1,1,247,0.000000
248,0,1,1,1,248,0.000000
249,0,1,1,1,249,0.000000
250,0,1,1,2,250,0.359500
251,0,1,1,1,251,0.000000
252,0,1,1,1,252,0.000000
253,0,1,1,1,253,0.002000
254,0,1,1,1,254,0.011500
255,0,1,2,2,863,0.288500
256,0,1,1,1,256,0.000000
257,0,1,1,1,257,0.000000
258,0,1,1,1,258,0.000000
259,0,1,1,1,259,0.000000
260,0,1,1,1,260,0.000000
261,0,0,3,1,90,0.010000
262,0,1,1,1,262,0.000000
263,0,1,1,1,263,0.002000
264,0,0,3,1,247,0.000000
265,0,1,1,1,265,0.000000
266,0,1,1,1,266,0.000000
267,0,1,1,1,267,0.000000
268,0,1,1,1,268,0.000000
269,0,1,1,1,269,0.000000
270,0,1,1,1,270,0.000000
271,0,1,1,1,271,0.000000
272,0,1,1,2,272,0.185000
273,0,1,1,1,273,0.000000
274,0,1,2,3,61,0.087500
275,0,1,1,1,275,0.000000
276,0,1,1,1,276,0.000000
277,0,1,1,1,277,0.000000
278,0,1,1,3,278,0.192000
279,0,1,1,1,279,0.001500
280,0,1,1,1,280,0.000000
281,0,1,1,1,281,0.000000
282,0,1,1,1,282,0.002500
283,0,1,1,1,283,0.011500
284,0,1,1,1,284,0.000000
285,0,1,1,1,285,0.000000
286,0,1,1,1,286,0.000000
287,0,1,1,1,287,0.000000
288,0,1,1,1,288,0.000000
289,0,0,6,1,631,0.021000
290,0,0,4,1,331,0.018500
291,0,0,7,1,580,0.000000
292,0,1,1,1,292,0.000000
293,0,1,1,1,293,0.000000
294,0,1,1,1,294,0.012000
295,0,1,1,1,295,0.000000
296,0,1,1,1,296,0.028500
297,0,1,1,1,297,0.000000
298,0,0,2,1,510,0.000500
299,0,1,1,1,299,0.000000
300,0,1,1,1,300,0.000000
301,0,1,1,1,301,0.000000
302,0,1,2,3,125,0.058500
303,0,1,1,1,303,0.000000
304,0,1,2,2,919,0.283000
305,0,1,1,1,305,0.000000
306,0,1,1,1,306,0.000000
307,0,1,1,1,307,0.000000
308,0,1,1,1,308,0.000000
309,0,1,1,1,309,0.000000
310,0,1,1,1,310,0.026000
311,0,1,1,1,311,0.000000
312,0,1,1,1,312,0.000000
313,0,1,1,1,313,0.040500
314,0,1,1,1,314,0.000000
315,0,1,1,1,315,0.000000
316,0,1,1,1,316,0.000000
317,0,1,1,1,317,0.000000
318,0,1,1,1,318,0.000000
319,0,1,1,1,319,0.000000
320,0,1,1,1,320,0.000000
321,0,0,3,1,450,0.000000
322,0,0,4,1,128,0.004000
323,0,1,1,2,323,0.224500
324,0,1,2,2,29,0.637500
325,0,1,1,1,325,0.000000
326,0,1,1,2,326,0.062500
327,0,1,1,1,327,0.000000
328,0,0,3,1,605,0.000000
329,0,1,1,1,329,0.000000
330,0,1,1,1,330,0.000000
331,0,1,1,1,331,0.000000
332,0,1,1,1,332,0.000000
333,0,1,1,1,333,0.000000
334,0,1,1,1,334,0.000000
335,0,1,1,1,335,0.009000
336,0,0,2,1,726,0.000000
337,0,1,1,1,337,0.000000
338,0,1,3,3,796,0.513000
339,0,1,1,1,339,0.000000
340,0,1,1,1,340,0.026000
341,0,1,1,1,341,0.003500
342,0,1,1,1,342,0.000000
343,0,1,1,1,343,0.000000
344,0,1,1,1,344,0.000000
345,0,1,1,1,345,0.000000
346,0,0,27,2,540,0.234500
347,0,0,2,1,57,0.015500
348,0,0,6,1,50,0.000000
349,0,1,1,1,349,0.000000
350,0,1,1,1,350,0.000000
351,0,0,8,1,464,0.000000
352,0,1,1,1,352,0.000000
353,0,0,2,1,878,0.000000
354,0,1,1,2,354,0.490500
355,0,1,1,1,355,0.000500
356,0,1,3,3,44,0.173500
357,0,1,2,2,260,0.856500
358,0,1,1,1,358,0.000000
359,0,1,1,1,359,0.000000
360,0,0,4,1,714,0.000000
361,0,1,1,1,361,0.005000
362,0,1,1,1,362,0.000000
363,0,1,1,1,363,0.000000
364,0,1,1,1,364,0.000000
365,0,1,1,1,365,0.000000
366,0,0,2,1,184,0.000000
367,0,1,1,1,367,0.000000
368,0,1,1,3,368,0.107500
369,0,1,1,1,369,0.000000
370,0,1,1,1,370,0.000000
371,0,1,2,4,733,0.161500
372,0,1,1,1,372,0.000000
373,0,1,1,1,373,0.000000
374,0,1,1,1,374,0.000000
375,0,1,1,1,375,0.000000
376,0,1,1,3,376,0.055500
377,0,1,1,1,377,0.017500
378,0,1,1,1,378,0.000000
379,0,1,1,1,379,0.000000
380,0,1,1,1,380,0.000000
381,0,1,1,1,381,0.000000
382,0,1,1,1,382,0.000000
383,0,1,1,1,383,0.000000
384,0,0,2,1,163,0.015000
385,0,1,1,1,385,0.000000
386,0,1,1,1,386,0.000000
387,0,1,1,1,387,0.000500
388,0,1,1,1,388,0.000000
389,0,0,2,1,615,0.000000
390,0,0,2,1,106,0.003000
391,0,1,1,1,391,0.000000
392,0,1,1,1,392,0.000000
393,0,1,1,1,393,0.000000
394,0,1,1,1,394,0.000000
395,0,0,2,1,804,0.000000
396,0,1,1,1,396,0.000000
397,0,1,2,2,374,0.281500
398,0,1,1,2,398,0.346000
399,0,1,1,1,399,0.000000
400,0,1,1,1,400,0.000000
401,0,1,1,1,401,0.000000
402,0,1,1,1,402,0.015500
403,0,1,1,1,403,0.000000
404,0,0,2,1,33,0.000000
405,0,1,2,2,266,0.261000
406,0,1,1,2,406,0.867500
407,0,1,1,1,407,0.000000
408,0,1,1,1,408,0.000000
409,0,1,1,1,409,0.013000
410,0,1,1,1,410,0.000000
411,0,1,2,2,329,0.156000
412,0,1,1,1,412,0.000000
413,0,1,1,1,413,0.004500
414,0,0,28,3,222,0.196500
415,0,1,1,1,415,0.000000
416,0,1,3,3,682,0.922500
417,0,1,1,1,417,0.000000
418,0,1,1,1,418,0.013000
419,0,1,1,1,419,0.000000
420,0,1,1,1,420,0.000000
421,0,1,3,5,678,0.053000
422,0,1,1,2,422,0.352000
423,0,1,1,1,423,0.000000
424,0,1,1,1,424,0.000000
425,0,1,1,1,425,0.000000
426,0,1,1,1,426,0.000000
427,0,1,1,1,427,0.000500
428,0,1,1,1,428,0.000000
429,0,1,1,1,429,0.000000
430,0,1,6,6,728,0.126000
431,0,1,2,2,237,0.539000
432,0,1,1,1,432,0.000000
433,0,1,1,1,433,0.000000
434,0,1,1,1,434,0.000000
435,0,1,1,1,435,0.000000
436,0,1,1,1,436,0.000000
437,0,1,1,1,437,0.006000
438,0,1,1,1,438,0.000000
439,0,1,1,1,439,0.000000
440,0,1,1,4,440,0.095000
441,0,1,1,1,441,0.000000
442,0,1,1,1,442,0.000000
443,0,1,1,1,443,0.000000
444,0,1,1,1,444,0.000000
445,0,1,1,1,445,0.000000
446,0,1,1,1,446,0.000000
447,0,1,1,1,447,0.000000
448,0,1,1,1,448,0.000000
449,0,1,1,1,449,0.000000
450,0,1,2,2,97,0.089500
451,0,1,1,2,451,0.064500
452,0,1,1,1,452,0.000000
453,0,0,4,1,923,0.000000
454,0,1,1,1,454,0.000000
455,0,1,3,5,358,0.232500
456,0,1,1,1,456,0.029500
457,0,1,1,1,457,0.000000
458,0,1,1,1,458,0.000000
459,0,1,1,1,459,0.000000
460,0,1,1,1,460,0.000000
461,0,1,2,2,783,0.752000
462,0,1,3,5,137,0.206000
463,0,1,1,1,463,0.004000
464,0,1,1,1,464,0.000000
465,0,1,1,1,465,0.001000
466,0,1,1,1,466,0.000000
467,0,1,1,1,467,0.000000
468,0,1,1,1,468,0.000000
469,0,1,1,1,469,0.000000
470,0,1,1,1,470,0.000000
471,0,1,1,1,471,0.000000
472,0,1,1,1,472,0.000000
473,0,1,2,2,807,0.439500
474,0,1,1,1,474,0.000000
475,0,1,1,2,475,0.052500
476,0,1,1,1,476,0.000000
477,0,1,1,1,477,0.000000
478,0,1,1,1,478,0.000000
479,0,1,1,1,479,0.000500
480,0,1,1,1,480,0.000000
481,0,0,3,1,628,0.000000
482,0,1,1,1,482,0.000000
483,0,1,1,1,483,0.000000
484,0,1,1,2,484,0.058000
485,0,1,1,1,485,0.000500
486,0,1,2,2,701,0.167500
487,0,1,1,1,487,0.000000
488,0,1,1,1,488,0.000000
489,0,1,1,1,489,0.029000
490,0,1,1,1,490,0.000000
491,0,0,10,2,393,0.487000
492,0,1,2,2,163,0.132000
493,0,1,1,1,493,0.000000
494,0,1,1,1,494,0.000000
495,0,1,1,1,495,0.000000
496,0,1,1,1,496,0.000000
497,0,0,7,1,113,0.026500
498,0,1,1,1,498,0.000000
499,0,1,1,1,499,0.000000
500,0,1,2,2,520,0.065500
501,0,0,3,2,852,0.106000
502,0,1,1,1,502,0.000000
503,0,1,1,1,503,0.000000
504,0,1,1,1,504,0.000000
505,0,1,1,1,505,0.000000
506,0,1,1,1,506,0.000000
507,0,0,2,1,557,0.000500
508,0,1,1,2,508,0.838500
509,0,1,1,1,509,0.000000
510,0,1,1,1,510,0.000000
511,0,1,1,1,511,0.000000
512,0,1,1,1,512,0.000000
513,0,1,2,2,179,0.222500
514,0,1,1,3,514,0.050500
515,0,1,1,1,515,0.002500
516,0,1,1,1,516,0.000000
517,0,1,1,1,517,0.000000
518,0,1,1,1,518,0.000000
519,0,1,1,1,519,0.000000
520,0,1,2,2,17,0.178500
521,0,1,1,1,521,0.000000
522,0,1,1,1,522,0.000000
523,0,0,2,1,112,0.000000
524,0,1,1,1,524,0.000000
525,0,1,1,1,525,0.000000
526,0,1,1,1,526,0.000000
527,0,1,2,6,399,0.122000
528,0,1,1,2,528,0.782000
529,0,1,1,1,529,0.000000
530,0,1,1,1,530,0.000000
531,0,1,1,1,531,0.000000
532,0,1,1,1,532,0.000000
533,0,1,1,1,533,0.000000
534,0,1,1,1,534,0.000000
535,0,1,1,1,535,0.000000
536,0,1,1,1,536,0.000000
537,0,1,1,1,537,0.000000
538,0,1,2,2,862,0.419000
539,0,1,1,2,539,0.644500
540,0,1,1,1,540,0.001000
541,0,1,1,1,541,0.000000
542,0,1,1,1,542,0.000000
543,0,0,2,1,776,0.000000
544,0,1,1,1,544,0.000000
545,0,1,1,1,545,0.000000
546,0,1,1,2,546,0.067500
547,0,1,1,1,547,0.000000
548,0,1,1,1,548,0.000000
549,0,1,1,1,549,0.000000
550,0,1,1,1,550,0.000000
551,0,1,1,1,551,0.000000
552,0,1,1,2,552,0.953500
553,0,1,2,2,477,0.544000
554,0,1,1,1,554,0.000000
555,0,0,4,1,617,0.000000
556,0,1,1,1,556,0.000000
557,0,1,1,1,557,0.000000
558,0,1,1,1,558,0.000000
559,0,1,1,1,559,0.000000
560,0,1,1,1,560,0.000000
561,0,1,1,1,561,0.000000
562,0,1,1,1,562,0.001000
563,0,1,1,3,563,0.250000
564,0,1,1,1,564,0.000000
565,0,1,1,2,565,0.257000
566,0,1,1,1,566,0.000000
567,0,1,1,1,567,0.000000
568,0,1,1,1,568,0.000000
569,0,1,1,1,569,0.000000
570,0,1,1,1,570,0.000000
571,0,0,2,1,125,0.043000
572,0,1,1,1,572,0.000000
573,0,1,1,1,573,0.000000
574,0,1,1,1,574,0.000000
575,0,1,1,1,575,0.000000
576,0,1,1,1,576,0.000000
577,0,1,1,1,577,0.000000
578,0,1,1,1,578,0.000000
579,0,1,1,1,579,0.000000
580,0,1,1,2,580,0.056000
581,0,1,1,1,581,0.000000
582,0,1,1,1,582,0.001000
583,0,1,1,1,583,0.000000
584,0,1,2,6,856,0.485000
585,0,1,1,1,585,0.001000
586,0,1,1,2,586,0.271000
587,0,1,2,2,246,0.755500
588,0,1,1,1,588,0.000000
589,0,1,1,1,589,0.008000
590,0,1,1,1,590,0.000000
591,0,1,1,1,591,0.000000
592,0,1,1,1,592,0.000000
593,0,1,1,2,593,0.088500
594,0,1,1,1,594,0.000000
595,0,1,1,1,595,0.000000
596,0,1,1,1,596,0.000000
597,0,1,1,1,597,0.000000
598,0,1,1,1,598,0.000000
599,0,1,1,1,599,0.000000
600,0,1,1,1,600,0.000000
601,0,0,4,1,762,0.000000
602,0,1,1,1,602,0.000000
603,0,1,1,1,603,0.000000
604,0,1,1,1,604,0.000000
605,0,0,3,1,845,0.037000
606,0,1,1,1,606,0.000000
607,0,1,1,1,607,0.000500
608,0,1,1,1,608,0.000000
609,0,0,2,1,831,0.002500
610,0,1,1,1,610,0.000000
611,0,1,1,1,611,0.000000
612,0,1,1,1,612,0.000000
613,0,1,1,1,613,0.000000
614,0,1,2,2,358,0.909500
615,0,0,2,1,255,0.000000
616,0,1,1,1,616,0.000500
617,0,1,2,2,401,0.377000
618,0,1,1,2,618,0.115500
619,0,1,10,10,76,0.241500
620,0,1,1,1,620,0.000000
621,0,1,2,2,64,0.165500
622,0,1,1,1,622,0.000000
623,0,1,1,1,623,0.000000
624,0,1,1,1,624,0.002000
625,0,1,1,1,625,0.000000
626,0,1,1,1,626,0.002500
627,0,1,1,1,627,0.000000
628,0,1,1,2,628,0.581500
629,0,1,1,1,629,0.000000
630,0,1,1,1,630,0.000000
631,0,1,1,1,631,0.000000
632,0,1,1,1,632,0.000000
633,0,0,6,3,855,0.416000
634,0,1,1,1,634,0.000000
635,0,0,2,1,841,0.000000
636,0,1,1,1,636,0.000000
637,0,1,1,1,637,0.000500
638,0,1,1,1,638,0.000000
639,0,1,1,1,639,0.000000
640,0,0,2,1,296,0.003500
641,0,1,1,1,641,0.000000
642,0,1,1,1,642,0.000000
643,0,1,1,1,643,0.000000
644,0,1,1,1,644,0.013000
645,0,1,1,2,645,0.058000
646,0,1,1,1,646,0.000000
647,0,1,1,1,647,0.000000
648,0,1,2,4,454,0.304500
649,0,1,1,1,649,0.000000
650,0,1,1,1,650,0.000000
651,0,1,1,1,651,0.027500
652,0,1,1,1,652,0.000000
653,0,1,1,1,653,0.000000
654,0,0,5,2,773,0.221500
655,0,0,5,3,676,0.944000
656,0,1,2,4,259,0.077000
657,0,1,1,1,657,0.000000
658,0,1,1,1,658,0.014500
659,0,1,1,1,659,0.000000
660,0,1,1,1,660,0.000000
661,0,1,1,2,661,0.079000
662,0,0,4,2,283,0.297000
663,0,1,1,1,663,0.000000
664,0,1,1,1,664,0.000000
665,0,1,1,1,665,0.000000
666,0,1,1,1,666,0.000000
667,0,0,2,1,798,0.000500
668,0,1,1,1,668,0.000000
669,0,1,1,1,669,0.000000
670,0,1,1,1,670,0.000000
671,0,1,1,1,671,0.000000
672,0,1,2,2,237,0.090000
673,0,1,1,1,673,0.000000
674,0,1,1,1,674,0.000000
675,0,1,1,1,675,0.000000
676,0,1,1,1,676,0.000000
677,0,1,1,1,677,0.000000
678,0,1,1,1,678,0.000000
679,0,1,1,1,679,0.025500
680,0,1,1,3,680,0.215500
681,0,1,1,1,681,0.000000
682,0,1,1,1,682,0.000000
683,0,1,1,1,683,0.000000
684,0,1,1,1,684,0.000000
685,0,1,1,1,685,0.000000
686,0,1,1,1,686,0.000000
687,0,1,2,2,612,0.624500
688,0,1,1,1,688,0.000000
689,0,1,1,1,689,0.000000
690,0,1,2,2,154,0.231500
691,0,1,1,1,691,0.000000
692,0,1,1,1,692,0.000000
693,0,1,1,1,693,0.000000
694,0,1,1,1,694,0.001000
695,0,1,1,1,695,0.004500
696,0,1,1,1,696,0.004000
697,0,1,1,1,697,0.001000
698,0,1,1,1,698,0.000000
699,0,0,14,1,949,0.001500
700,0,1,1,1,700,0.000000
701,0,1,2,2,892,0.110500
702,0,1,1,1,702,0.000000
703,0,1,1,1,703,0.000000
704,0,1,1,1,704,0.000000
705,0,1,2,2,441,0.594500
706,0,0,3,2,755,0.832500
707,0,1,1,2,707,0.095500
708,0,1,1,1,708,0.000000
709,0,1,1,1,709,0.000500
710,0,0,6,1,856,0.000000
711,0,1,1,1,711,0.000000
712,0,1,1,1,712,0.000000
713,0,1,3,4,646,0.416500
714,0,1,1,3,714,0.471000
715,0,1,1,1,715,0.000000
716,0,1,1,1,716,0.000500
717,0,1,1,1,717,0.000000
718,0,1,2,2,617,0.140500
719,0,1,1,1,719,0.000000
720,0,1,1,1,720,0.000000
721,0,1,2,2,560,0.214500
722,0,1,1,1,722,0.000000
723,0,1,1,1,723,0.000000
724,0,1,1,1,724,0.000000
725,0,1,1,1,725,0.000000
726,0,1,1,1,726,0.000000
727,0,0,3,1,731,0.000000
728,0,1,1,1,728,0.000000
729,0,1,1,1,729,0.003500
730,0,1,2,2,77,0.292000
731,0,1,1,1,731,0.000000
732,0,1,1,1,732,0.000000
733,0,1,1,1,733,0.000000
734,0,1,1,1,734,0.000000
735,0,1,1,1,735,0.000000
736,0,1,1,1,736,0.000000
737,0,1,1,1,737,0.000000
738,0,1,1,1,738,0.000000
739,0,1,1,1,739,0.000000
740,0,0,2,1,696,0.000000
741,0,1,1,2,741,0.275500
742,0,1,1,1,742,0.000000
743,0,1,1,1,743,0.000000
744,0,1,1,1,744,0.004500
745,0,1,1,1,745,0.001000
746,0,1,1,1,746,0.000000
747,0,1,1,1,747,0.000000
748,0,1,1,1,748,0.000000
749,0,1,1,1,749,0.000000
750,0,1,1,1,750,0.000000
751,0,1,1,1,751,0.000000
752,0,0,4,1,46,0.000000
753,0,1,1,1,753,0.000000
754,0,1,1,1,754,0.000000
755,0,1,1,1,755,0.000000
756,0,1,2,3,764,0.085000
757,0,1,4,5,943,0.603500
758,0,1,1,1,758,0.000000
759,0,1,1,1,759,0.000000
760,0,1,1,1,760,0.000000
761,0,1,1,1,761,0.000000
762,0,1,1,1,762,0.000000
763,0,1,1,1,763,0.000000
764,0,1,1,1,764,0.000000
765,0,1,1,1,765,0.000000
766,0,0,6,3,854,0.086000
767,0,1,1,1,767,0.000000
768,0,1,1,1,768,0.000000
769,0,1,1,1,769,0.000000
770,0,1,2,3,959,0.465000
771,0,1,1,1,771,0.000000
772,0,1,1,1,772,0.000000
773,0,0,2,1,347,0.000000
774,0,1,2,2,299,0.808500
775,0,1,1,1,775,0.000000
776,0,1,1,1,776,0.000000
777,0,1,1,1,777,0.000500
778,0,1,1,1,778,0.000000
779,0,1,1,1,779,0.000000
780,0,1,1,1,780,0.000000
781,0,1,1,1,781,0.000000
782,0,1,1,1,782,0.000000
783,0,0,5,1,406,0.030500
784,0,1,1,1,784,0.026000
785,0,1,1,1,785,0.000000
786,0,1,1,1,786,0.000000
787,0,1,1,1,787,0.000000
788,0,1,1,1,788,0.000000
789,0,0,2,1,933,0.046500
790,0,1,3,7,953,0.104000
791,0,1,1,1,791,0.000000
792,0,1,2,2,870,0.086000
793,0,1,1,1,793,0.000000
794,0,1,1,1,794,0.000000
795,0,0,2,1,110,0.039500
796,0,0,2,1,763,0.036000
797,0,1,1,1,797,0.000000
798,0,1,1,1,798,0.000500
799,0,0,9,2,363,0.604500
800,0,1,1,1,800,0.000000
801,0,1,1,1,801,0.001000
802,0,1,1,1,802,0.000000
803,0,1,1,2,803,0.073500
804,0,1,1,1,804,0.000000
805,0,1,1,1,805,0.000000
806,0,1,1,1,806,0.000000
807,0,0,2,1,473,0.005000
808,0,1,1,1,808,0.000000
809,0,1,1,1,809,0.000000
810,0,1,1,1,810,0.000000
811,0,1,1,1,811,0.000000
812,0,1,1,1,812,0.000000
813,0,1,1,1,813,0.029000
814,0,0,67,1,896,0.000000
815,0,1,1,1,815,0.000000
816,0,1,1,1,816,0.000000
817,0,0,2,1,646,0.039500
818,0,1,1,1,818,0.000000
819,0,1,1,1,819,0.000000
820,0,1,1,1,820,0.000000
821,0,1,1,1,821,0.000000
822,0,1,1,1,822,0.000000
823,0,1,1,1,823,0.000000
824,0,1,1,1,824,0.000000
825,0,1,1,1,825,0.000000
826,0,1,1,1,826,0.000000
827,0,1,1,1,827,0.000000
828,0,1,1,1,828,0.000000
829,0,1,1,1,829,0.000000
830,0,1,1,1,830,0.000000
831,0,1,1,1,831,0.000000
832,0,1,1,1,832,0.000000
833,0,1,2,2,406,0.165000
834,0,1,2,2,200,0.147000
835,0,1,1,1,835,0.000000
836,0,1,1,3,836,0.191000
837,0,1,2,2,38,0.731000
838,0,1,1,1,838,0.000000
839,0,1,1,1,839,0.000000
840,0,1,1,1,840,0.000000
841,0,1,1,2,841,0.336500
842,0,1,1,1,842,0.000000
843,0,1,1,3,843,0.781000
844,0,1,2,2,840,0.943000
845,0,1,1,1,845,0.000000
846,0,1,1,1,846,0.000000
847,0,1,2,2,326,0.535500
848,0,0,4,1,667,0.000000
849,0,1,1,1,849,0.000000
850,0,1,1,1,850,0.000000
851,0,1,1,1,851,0.000000
852,0,0,2,1,570,0.010000
853,0,0,3,1,151,0.000500
854,0,1,1,4,854,0.219000
855,0,1,1,1,855,0.000000
856,0,1,1,1,856,0.000000
857,0,1,3,5,313,0.104000
858,0,1,1,2,858,0.069500
859,0,1,1,1,859,0.000000
860,0,1,1,1,860,0.000000
861,0,1,1,1,861,0.000000
862,0,0,5,1,538,0.000000
863,0,1,1,1,863,0.000000
864,0,1,1,1,864,0.000000
865,0,0,6,5,980,0.148000
866,0,1,1,1,866,0.000000
867,0,1,1,1,867,0.000000
868,0,1,2,5,870,0.069500
869,0,1,1,1,869,0.000000
870,0,1,1,3,870,0.159500
871,0,1,1,1,871,0.000000
872,0,1,1,1,872,0.000000
873,0,1,1,1,873,0.000000
874,0,1,1,1,874,0.000000
875,0,1,1,1,875,0.000000
876,0,1,1,1,876,0.000000
877,0,1,1,1,877,0.000000
878,0,1,2,2,353,0.170000
879,0,1,1,1,879,0.000000
880,0,1,1,1,880,0.000000
881,0,1,1,1,881,0.000000
882,0,1,1,1,882,0.000000
883,0,1,2,2,612,0.597000
884,0,1,1,1,884,0.000000
885,0,1,1,1,885,0.000000
886,0,1,1,1,886,0.000000
887,0,1,1,1,887,0.000000
888,0,1,2,2,354,0.510000
889,0,1,1,1,889,0.000000
890,0,1,1,1,890,0.000000
891,0,1,1,1,891,0.000000
892,0,1,1,1,892,0.000000
893,0,1,1,1,893,0.000000
894,0,1,1,1,894,0.000000
895,0,1,1,2,895,0.436500
896,0,1,1,1,896,0.000000
897,0,1,1,1,897,0.001000
898,0,1,1,1,898,0.000500
899,0,1,1,1,899,0.000000
900,0,1,1,2,900,0.917500
901,0,1,1,1,901,0.000000
902,0,0,9,2,338,0.640000
903,0,1,1,1,903,0.000000
904,0,1,1,1,904,0.000000
905,0,1,1,1,905,0.000000
906,0,0,2,1,708,0.031000
907,0,0,7,2,392,0.158000
908,0,1,1,1,908,0.000000
909,0,1,1,1,909,0.000000
910,0,1,1,1,910,0.000000
911,0,1,1,1,911,0.000000
912,0,1,1,1,912,0.000000
913,0,1,1,1,913,0.000000
914,0,1,1,1,914,0.000000
915,0,1,1,1,915,0.000000
916,0,1,1,1,916,0.000000
917,0,1,1,1,917,0.000000
918,0,1,1,1,918,0.000000
919,0,1,1,1,919,0.000000
920,0,1,1,1,920,0.000000
921,0,1,1,1,921,0.022500
922,0,1,1,1,922,0.000000
923,0,1,1,1,923,0.000000
924,0,1,2,3,461,0.363000
925,0,0,9,2,6,0.382000
926,0,1,1,1,926,0.000000
927,0,1,1,2,927,0.260500
928,0,1,1,1,928,0.000000
929,0,1,1,1,929,0.000000
930,0,0,4,1,925,0.033000
931,0,1,1,1,931,0.000000
932,0,1,1,1,932,0.000000
933,0,1,1,1,933,0.000000
934,0,1,2,2,659,0.462000
935,0,1,1,1,935,0.000000
936,0,1,1,1,936,0.000000
937,0,1,1,2,937,0.373000
938,0,1,1,2,938,0.445000
939,0,1,2,2,198,0.418500
940,0,1,1,1,940,0.000000
941,0,1,1,1,941,0.000000
942,0,1,2,3,389,0.515000
943,0,1,1,1,943,0.000000
944,0,1,1,1,944,0.000000
945,0,1,1,1,945,0.000000
946,0,1,1,1,946,0.000000
947,0,1,1,2,947,0.577500
948,0,1,1,1,948,0.000000
949,0,1,2,2,158,0.805500
950,0,1,1,1,950,0.000000
951,0,1,1,1,951,0.000000
952,0,1,1,1,952,0.000000
953,0,1,1,1,953,0.000000
954,0,1,1,1,954,0.000000
955,0,1,1,1,955,0.000000
956,0,1,1,1,956,0.000000
957,0,1,1,1,957,0.000000
958,0,1,1,1,958,0.000000
959,0,1,1,1,959,0.000000
960,0,1,1,1,960,0.000000
961,0,1,1,1,961,0.000000
962,0,1,1,1,962,0.000000
963,0,1,1,1,963,0.000000
964,0,1,1,1,964,0.000000
965,0,1,1,2,965,0.303000
966,0,1,1,1,966,0.000000
967,0,1,1,1,967,0.000000
968,0,1,1,1,968,0.000000
969,0,1,1,1,969,0.000000
970,0,1,1,2,970,0.284500
971,0,1,1,1,971,0.000000
972,0,1,1,1,972,0.000000
973,0,1,2,2,433,0.642000
974,0,1,1,1,974,0.000000
975,0,1,1,1,975,0.000000
976,0,1,1,1,976,0.000000
977,0,1,1,1,977,0.000000
978,0,1,1,2,978,0.210500
979,0,1,1,1,979,0.000000
980,0,1,2,2,159,0.408500
981,0,1,1,3,981,0.057000
982,0,0,2,1,489,0.046000
983,0,1,1,1,983,0.000000
984,0,1,1,1,984,0.000000
985,0,1,1,1,985,0.000000
986,0,1,2,10,10,0.100500
987,0,1,1,2,987,0.095500
988,0,1,1,1,988,0.000000
989,0,1,1,2,989,0.102500
990,0,1,1,2,990,0.058000
991,0,1,1,1,991,0.000000
992,0,1,1,1,992,0.000000
993,0,1,1,1,993,0.000000
994,0,1,1,1,994,0.000000
995,0,1,1,1,995,0.000000
996,0,1,1,1,996,0.000000
997,0,1,1,1,997,0.000000
998,0,1,1,1,998,0.000000
999,0,1,1,3,999,0.051500
1000,0,1,1,1,1000,0.000000
1,1,1,2,2,996,0.522000
2,1,0,2,1,182,0.004500
3,1,1,1,1,3,0.000000
4,1,1,1,1,4,0.001500
5,1,1,1,1,5,0.000000
6,1,1,1,1,6,0.000000
7,1,1,1,1,7,0.000000
8,1,1,3,3,575,0.158500
9,1,1,1,1,9,0.000000
10,1,1,1,1,10,0.015000
11,1,0,10,1,94,0.014500
12,1,1,1,1,12,0.000000
13,1,1,1,1,13,0.000000
14,1,1,1,1,14,0.000000
15,1,1,1,1,15,0.000000
16,1,0,2,1,207,0.000000
17,1,1,1,1,17,0.000000
18,1,1,1,1,18,0.000000
19,1,1,1,1,19,0.000000
20,1,1,1,1,20,0.000000
21,1,1,1,1,21,0.008500
22,1,1,1,1,22,0.000000
23,1,1,1,1,23,0.000000
24,1,1,1,1,24,0.000000
25,1,1,1,1,25,0.000000
26,1,1,1,1,26,0.036000
27,1,1,1,1,27,0.000000
28,1,1,1,1,28,0.000000
29,1,1,1,1,29,0.000000
30,1,1,1,1,30,0.000000
31,1,1,1,2,31,0.291500
32,1,1,1,1,32,0.000000
33,1,1,1,3,33,0.921000
34,1,1,1,5,34,0.067500
35,1,1,1,1,35,0.000000
36,1,1,1,1,36,0.000000
37,1,1,1,1,37,0.000000
38,1,1,1,1,38,0.000000
39,1,1,1,1,39,0.000000
40,1,1,1,1,40,0.000000
41,1,1,1,1,41,0.000000
42,1,1,1,1,42,0.000000
43,1,1,1,1,43,0.004000
44,1,1,1,1,44,0.000000
45,1,0,3,1,383,0.014000
46,1,1,3,3,932,0.106000
47,1,1,1,1,47,0.000000
48,1,1,1,1,48,0.000000
49,1,1,1,1,49,0.000000
50,1,1,1,1,50,0.022000
51,1,1,1,1,51,0.000000
52,1,1,1,1,52,0.000000
53,1,1,1,1,53,0.000000
54,1,1,1,1,54,0.021500
55,1,1,1,1,55,0.000000
56,1,1,1,1,56,0.000000
57,1,1,1,1,57,0.000000
58,1,1,2,2,567,0.087000
59,1,1,2,2,662,0.068000
60,1,1,1,1,60,0.000000
61,1,1,1,1,61,0.001000
62,1,1,1,1,62,0.000000
63,1,0,7,1,326,0.011500
64,1,1,3,4,744,0.111500
65,1,1,1,2,65,0.050500
66,1,1,1,1,66,0.019500
67,1,1,1,1,67,0.001000
68,1,1,1,1,68,0.000000
69,1,1,1,1,69,0.006000
70,1,1,1,1,70,0.000000
71,1,1,1,1,71,0.000000
72,1,1,1,1,72,0.000000
73,1,1,1,1,73,0.000000
74,1,1,1,1,74,0.000000
75,1,1,1,1,75,0.000000
76,1,0,2,1,930,0.000000
77,1,0,5,1,242,0.009500
78,1,1,1,1,78,0.000000
79,1,1,2,2,191,0.820000
80,1,1,1,1,80,0.000500
81,1,1,1,2,81,0.153500
82,1,1,1,2,82,0.566500
83,1,1,1,1,83,0.000000
84,1,1,1,1,84,0.000000
85,1,1,1,1,85,0.000000
86,1,1,1,1,86,0.000000
87,1,1,1,1,87,0.000000
88,1,1,1,1,88,0.000000
89,1,1,1,2,89,0.223000
90,1,1,3,3,261,0.133000
91,1,1,1,1,91,0.000000
92,1,1,1,2,92,0.093500
93,1,0,3,1,819,0.004500
94,1,1,1,2,94,0.252500
95,1,1,1,1,95,0.000000
96,1,1,1,1,96,0.000000
97,1,1,1,1,97,0.000000
98,1,1,1,1,98,0.000000
99,1,1,1,1,99,0.000000
100,1,1,1,1,100,0.000000
101,1,1,1,1,101,0.033000
102,1,1,1,1,102,0.000000
103,1,1,2,2,97,0.254000
104,1,0,8,1,981,0.029500
105,1,1,1,2,105,0.955500
106,1,1,1,1,106,0.000000
107,1,1,1,1,107,0.000000
108,1,1,1,1,108,0.000000
109,1,0,3,1,838,0.000000
110,1,1,1,1,110,0.000000
111,1,0,2,1,819,0.000500
112,1,0,13,1,514,0.021000
113,1,1,1,1,113,0.000000
114,1,1,1,1,114,0.000000
115,1,1,1,1,115,0.000500
116,1,1,1,1,116,0.000000
117,1,1,1,1,117,0.004500
118,1,1,1,2,118,0.765500
119,1,1,1,1,119,0.000000
120,1,1,1,3,120,0.296500
121,1,1,2,2,57,0.053000
122,1,1,1,1,122,0.000000
123,1,1,1,1,123,0.000000
124,1,1,1,1,124,0.000000
125,1,1,2,2,364,0.601500
126,1,1,1,1,126,0.000000
127,1,1,1,2,127,0.773000
128,1,1,1,1,128,0.000000
129,1,1,1,1,129,0.016000
130,1,1,1,1,130,0.000000
131,1,1,1,1,131,0.000000
132,1,1,1,1,132,0.000000
133,1,1,1,2,133,0.623500
134,1,1,1,1,134,0.000000
135,1,0,20,1,587,0.000500
136,1,1,1,1,136,0.000500
137,1,1,1,1,137,0.000000
138,1,1,2,2,626,0.985500
139,1,1,1,1,139,0.000000
140,1,1,1,1,140,0.000000
141,1,0,3,1,1,0.001000
142,1,1,1,1,142,0.000000
143,1,0,2,1,215,0.000000
144,1,1,1,1,144,0.000000
145,1,1,1,1,145,0.000000
146,1,1,1,1,146,0.003000
147,1,1,1,1,147,0.000000
148,1,1,1,1,148,0.000000
149,1,0,2,1,587,0.000000
150,1,1,1,2,150,0.068500
151,1,1,1,1,151,0.000000
152,1,1,1,1,152,0.000000
153,1,1,1,1,153,0.000000
154,1,1,1,1,154,0.000000
155,1,1,1,1,155,0.000000
156,1,1,1,1,156,0.000000
157,1,1,1,1,157,0.026500
158,1,0,3,1,967,0.000000
159,1,1,1,1,159,0.000000
160,1,0,2,1,894,0.000000
161,1,1,1,2,161,0.065000
162,1,1,3,5,112,0.236000
163,1,1,1,1,163,0.000000
164,1,1,2,2,160,0.058000
165,1,1,1,1,165,0.000000
166,1,1,1,1,166,0.000000
167,1,1,2,2,946,0.525500
168,1,0,7,3,928,0.655000
169,1,1,1,1,169,0.000000
170,1,1,1,1,170,0.001500
171,1,1,1,1,171,0.000000
172,1,1,1,1,172,0.000000
173,1,1,1,1,173,0.000000
174,1,1,1,3,174,0.071000
175,1,1,1,2,175,0.081500
176,1,1,1,1,176,0.000000
177,1,1,1,1,177,0.000000
178,1,1,2,2,38,0.050000
179,1,1,1,1,179,0.000000
180,1,1,1,1,180,0.000000
181,1,1,1,1,181,0.000000
182,1,1,1,2,182,0.693500
183,1,1,1,1,183,0.000000
184,1,1,1,1,184,0.000000
185,1,1,1,1,185,0.000000
186,1,1,3,3,803,0.375000
187,1,0,5,1,597,0.000000
188,1,1,1,1,188,0.000000
189,1,1,1,2,189,0.201500
190,1,1,1,1,190,0.000000
191,1,1,1,1,191,0.000000
192,1,1,1,1,192,0.000500
193,1,1,1,1,193,0.029500
194,1,1,1,2,194,0.850500
195,1,1,1,1,195,0.000000
196,1,1,1,1,196,0.000000
197,1,0,2,1,358,0.000000
198,1,0,2,1,939,0.013500
199,1,1,1,1,199,0.000000
200,1,1,1,1,200,0.000000
201,1,1,1,1,201,0.000000
202,1,1,1,1,202,0.000000
203,1,1,1,1,203,0.000000
204,1,1,2,2,728,0.331500
205,1,1,1,1,205,0.000000
206,1,1,1,2,206,0.071000
207,1,1,1,1,207,0.000000
208,1,1,1,1,208,0.000000
209,1,1,1,1,209,0.000000
210,1,1,1,1,210,0.000000
211,1,1,1,1,211,0.000000
212,1,1,1,1,212,0.018000
213,1,1,1,1,213,0.000000
214,1,1,1,1,214,0.000500
215,1,1,1,1,215,0.000000
216,1,1,1,3,216,0.175000
217,1,1,1,1,217,0.000000
218,1,1,1,2,218,0.061500
219,1,0,176,1,515,0.000000
220,1,1,1,1,220,0.000000
221,1,1,1,1,221,0.000000
222,1,1,1,1,222,0.000000
223,1,1,1,1,223,0.000000
224,1,1,1,1,224,0.000000
225,1,1,1,1,225,0.003500
226,1,1,2,2,948,0.065500
227,1,1,1,1,227,0.000000
228,1,1,1,1,228,0.000000
229,1,1,1,1,229,0.000500
230,1,0,13,1,214,0.036000
231,1,1,1,1,231,0.000000
232,1,1,3,3,555,0.092000
233,1,0,3,1,512,0.018000
234,1,1,1,1,234,0.000000
235,1,0,2,1,248,0.000000
236,1,1,1,1,236,0.044000
237,1,1,1,1,237,0.000000
238,1,1,1,1,238,0.000000
239,1,1,1,1,239,0.000000
240,1,1,1,1,240,0.000000
241,1,1,1,1,241,0.000000
242,1,1,1,1,242,0.000000
243,1,1,1,3,243,0.209000
244,1,1,1,1,244,0.006000
245,1,1,3,3,550,0.642500
246,1,0,7,2,587,0.691500
247,1,1,2,3,264,0.114500
248,1,0,2,1,141,0.004000
249,1,1,1,1,249,0.000000
250,1,1,1,1,250,0.036500
251,1,1,1,1,251,0.000000
252,1,1,1,1,252,0.000000
253,1,1,1,1,253,0.000000
254,1,1,1,1,254,0.000000
255,1,1,1,1,255,0.035000
256,1,1,1,3,256,0.095000
257,1,1,1,1,257,0.000000
258,1,1,1,1,258,0.000000
259,1,1,1,1,259,0.000000
260,1,1,1,1,260,0.000000
261,1,1,1,2,261,0.592000
262,1,1,1,3,262,0.846000
263,1,1,1,1,263,0.000000
264,1,1,1,1,264,0.000000
265,1,1,1,1,265,0.000000
266,1,1,1,2,266,0.454000
267,1,1,1,1,267,0.000000
268,1,0,2,1,204,0.000500
269,1,1,1,1,269,0.000000
270,1,0,5,2,9,0.364500
271,1,1,1,1,271,0.000000
272,1,1,1,1,272,0.000000
273,1,0,2,1,608,0.005500
274,1,1,1,1,274,0.000000
275,1,1,1,1,275,0.000000
276,1,1,1,1,276,0.000000
277,1,1,1,1,277,0.000000
278,1,1,1,1,278,0.000000
279,1,1,1,1,279,0.000000
280,1,1,1,1,280,0.000000
281,1,0,3,1,862,0.000000
282,1,0,2,1,795,0.006500
283,1,1,1,1,283,0.000000
284,1,1,1,1,284,0.000000
285,1,1,1,1,285,0.000000
286,1,1,1,6,286,0.677000
287,1,1,1,1,287,0.000000
288,1,1,1,2,288,0.714000
289,1,1,1,1,289,0.000000
290,1,1,1,4,290,0.150000
291,1,1,1,1,291,0.000000
292,1,1,1,1,292,0.000000
293,1,1,1,3,293,0.076000
294,1,1,1,5,294,0.523500
295,1,1,1,1,295,0.000000
296,1,1,1,1,296,0.000000
297,1,0,3,1,192,0.000000
298,1,1,1,1,298,0.000000
299,1,1,1,1,299,0.000000
300,1,1,1,1,300,0.000000
301,1,1,1,1,301,0.000000
302,1,1,1,1,302,0.000000
303,1,1,1,1,303,0.001000
304,1,1,2,2,25,0.115500
305,1,0,22,1,609,0.000000
306,1,1,1,1,306,0.000000
307,1,1,1,1,307,0.000000
308,1,1,1,1,308,0.000000
309,1,1,1,1,309,0.000000
310,1,1,1,1,310,0.000000
311,1,1,1,2,311,0.721000
312,1,1,1,1,312,0.000000
313,1,1,1,1,313,0.000000
314,1,1,1,1,314,0.000000
315,1,1,1,1,315,0.000000
316,1,1,1,1,316,0.000000
317,1,1,1,1,317,0.000000
318,1,1,1,1,318,0.000000
319,1,1,1,1,319,0.000000
320,1,1,1,1,320,0.000000
321,1,1,1,1,321,0.000000
322,1,1,1,1,322,0.000000
323,1,1,1,3,323,0.257000
324,1,1,1,1,324,0.000000
325,1,1,1,1,325,0.000000
326,1,1,1,2,326,0.500000
327,1,1,1,1,327,0.000000
328,1,0,3,1,605,0.000000
329,1,0,10,1,8,0.000000
330,1,1,1,1,330,0.000000
331,1,1,1,1,331,0.000000
332,1,0,2,1,681,0.000000
333,1,1,1,1,333,0.000000
334,1,1,1,1,334,0.000000
335,1,1,1,1,335,0.000000
336,1,1,1,1,336,0.040000
337,1,1,1,1,337,0.000000
338,1,1,1,2,338,0.580000
339,1,1,1,1,339,0.000000
340,1,1,1,1,340,0.000000
341,1,1,1,1,341,0.000000
342,1,1,3,4,710,0.616500
343,1,1,1,1,343,0.000000
344,1,1,1,1,344,0.000000
345,1,1,1,1,345,0.000000
346,1,1,1,1,346,0.000000
347,1,1,1,1,347,0.021000
348,1,1,1,2,348,0.885500
349,1,1,1,1,349,0.000000
350,1,0,17,3,103,0.662000
351,1,1,1,1,351,0.000000
352,1,0,6,1,955,0.000000
353,1,1,2,2,878,0.311000
354,1,1,1,1,354,0.000000
355,1,1,1,1,355,0.000000
356,1,1,2,2,917,0.223000
357,1,1,1,1,357,0.000000
358,1,1,2,3,611,0.050000
359,1,1,1,1,359,0.000000
360,1,1,1,1,360,0.000000
361,1,1,1,1,361,0.000000
362,1,1,2,2,229,0.244000
363,1,1,1,1,363,0.000000
364,1,1,1,1,364,0.000000
365,1,0,4,1,949,0.000000
366,1,1,2,2,184,0.234000
367,1,1,1,1,367,0.000000
368,1,1,1,1,368,0.000000
369,1,1,1,1,369,0.001500
370,1,1,1,1,370,0.000000
371,1,1,1,1,371,0.000000
372,1,1,1,1,372,0.000000
373,1,1,1,1,373,0.000000
374,1,1,1,1,374,0.000000
375,1,1,1,1,375,0.000000
376,1,1,1,1,376,0.000000
377,1,1,1,1,377,0.000000
378,1,1,1,1,378,0.000000
379,1,1,1,1,379,0.000000
380,1,1,1,1,380,0.000000
381,1,1,1,1,381,0.000000
382,1,1,1,1,382,0.000000
383,1,1,1,1,383,0.000000
384,1,1,1,1,384,0.000000
385,1,1,1,1,385,0.000000
386,1,1,1,1,386,0.000000
387,1,1,1,1,387,0.000000
388,1,1,2,3,724,0.061500
389,1,1,1,1,389,0.002500
390,1,1,1,1,390,0.000000
391,1,1,1,1,391,0.000000
392,1,0,3,2,975,0.094000
393,1,1,1,1,393,0.000000
394,1,1,1,1,394,0.000500
395,1,1,1,1,395,0.000000
396,1,1,1,1,396,0.000000
397,1,1,1,2,397,0.407500
398,1,1,2,2,181,0.194000
399,1,1,2,3,428,0.735500
400,1,1,1,1,400,0.000000
401,1,1,1,1,401,0.000000
402,1,1,1,1,402,0.000000
403,1,1,1,1,403,0.000000
404,1,1,1,1,404,0.000000
405,1,1,1,2,405,0.854500
406,1,1,1,1,406,0.000000
407,1,0,4,2,492,0.541500
408,1,0,2,1,288,0.000000
409,1,1,1,2,409,0.371000
410,1,1,1,1,410,0.000000
411,1,0,52,2,8,0.664000
412,1,1,1,1,412,0.000000
413,1,1,1,1,413,0.049500
414,1,0,3,1,810,0.000000
415,1,1,1,1,415,0.000000
416,1,1,1,1,416,0.000000
417,1,1,1,1,417,0.000000
418,1,1,1,1,418,0.000000
419,1,1,1,1,419,0.000000
420,1,1,1,1,420,0.000000
421,1,1,1,1,421,0.000000
422,1,0,2,1,173,0.005000
423,1,1,1,2,423,0.693500
424,1,1,1,1,424,0.000000
425,1,1,1,1,425,0.000000
426,1,1,2,2,317,0.518500
427,1,0,6,5,273,0.157000
428,1,1,1,1,428,0.000000
429,1,1,1,1,429,0.000000
430,1,1,1,1,430,0.000000
431,1,0,4,1,794,0.006000
432,1,1,1,1,432,0.000000
433,1,1,1,1,433,0.000000
434,1,1,1,1,434,0.001500
435,1,1,1,1,435,0.000000
436,1,1,1,1,436,0.000000
437,1,1,1,1,437,0.000000
438,1,1,1,1,438,0.000000
439,1,1,1,1,439,0.000000
440,1,1,2,2,969,0.059500
441,1,1,1,1,441,0.000000
442,1,1,1,1,442,0.000000
443,1,1,1,1,443,0.000000
444,1,1,1,1,444,0.000000
445,1,1,1,1,445,0.000000
446,1,1,1,1,446,0.000000
447,1,1,1,1,447,0.000000
448,1,1,1,1,448,0.000000
449,1,1,1,1,449,0.030000
450,1,1,4,4,97,0.169500
451,1,1,1,1,451,0.000000
452,1,1,1,1,452,0.000000
453,1,1,1,1,453,0.000000
454,1,1,1,1,454,0.002000
455,1,1,1,1,455,0.000000
456,1,1,1,1,456,0.000000
457,1,1,1,1,457,0.000000
458,1,1,1,1,458,0.000000
459,1,1,1,1,459,0.000000
460,1,1,1,1,460,0.000000
461,1,1,3,4,744,0.071000
462,1,1,1,1,462,0.000000
463,1,1,1,1,463,0.000000
464,1,1,1,1,464,0.000000
465,1,1,1,1,465,0.000000
466,1,0,2,1,884,0.000000
467,1,1,1,1,467,0.000000
468,1,1,1,1,468,0.000000
469,1,1,3,3,736,0.179000
470,1,0,6,1,663,0.036500
471,1,1,1,1,471,0.000000
472,1,1,2,2,705,0.164000
473,1,1,1,1,473,0.000000
474,1,1,1,1,474,0.000000
475,1,1,1,1,475,0.000500
476,1,1,1,1,476,0.000000
477,1,1,1,1,477,0.000000
478,1,1,1,1,478,0.000000
479,1,0,6,1,196,0.000000
480,1,1,2,4,685,0.134500
481,1,1,1,1,481,0.000000
482,1,1,1,1,482,0.000000
483,1,1,1,1,483,0.002000
484,1,1,1,1,484,0.000000
485,1,1,1,1,485,0.000000
486,1,1,1,1,486,0.000000
487,1,1,1,1,487,0.000000
488,1,1,1,1,488,0.000000
489,1,1,1,2,489,0.799500
490,1,1,1,1,490,0.000000
491,1,1,1,1,491,0.000000
492,1,1,1,1,492,0.000000
493,1,1,1,1,493,0.000000
494,1,1,1,1,494,0.000000
495,1,1,1,1,495,0.000000
496,1,1,1,1,496,0.000000
497,1,1,1,1,497,0.000000
498,1,1,1,1,498,0.000000
499,1,1,1,1,499,0.000000
500,1,1,1,1,500,0.000000
501,1,1,1,2,501,0.534500
502,1,1,1,1,502,0.000000
503,1,1,1,2,503,0.402000
504,1,1,1,2,504,0.437000
505,1,1,1,1,505,0.007500
506,1,1,1,1,506,0.002000
507,1,1,1,1,507,0.000000
508,1,1,1,1,508,0.000000
509,1,1,2,2,821,0.129500
510,1,1,1,1,510,0.000000
511,1,1,1,1,511,0.000000
512,1,1,1,1,512,0.000000
513,1,1,1,1,513,0.000000
514,1,1,4,4,459,0.569000
515,1,1,1,1,515,0.023500
516,1,1,1,1,516,0.000000
517,1,1,1,1,517,0.000000
518,1,1,2,2,735,0.271000
519,1,1,1,1,519,0.000000
520,1,1,1,1,520,0.000000
521,1,1,1,2,521,0.122000
522,1,1,1,1,522,0.000000
523,1,1,1,3,523,0.173500
524,1,1,1,1,524,0.000000
525,1,0,6,4,969,0.374500
526,1,1,1,1,526,0.000000
527,1,1,1,1,527,0.000000
528,1,1,1,1,528,0.000000
529,1,1,1,1,529,0.000000
530,1,1,4,5,898,0.144500
531,1,1,1,1,531,0.000000
532,1,1,1,1,532,0.000000
533,1,1,1,1,533,0.000000
534,1,1,1,1,534,0.000000
535,1,1,1,1,535,0.000000
536,1,1,1,1,536,0.000000
537,1,1,1,1,537,0.000000
538,1,1,1,1,538,0.000000
539,1,1,1,1,539,0.000000
540,1,1,1,1,540,0.000000
541,1,1,1,1,541,0.000000
542,1,1,1,1,542,0.000000
543,1,1,1,1,543,0.000000
544,1,1,1,2,544,0.521500
545,1,1,1,1,545,0.000000
546,1,1,2,2,315,0.208500
547,1,1,1,2,547,0.065000
548,1,1,1,1,548,0.001500
549,1,1,1,2,549,0.076500
550,1,1,1,1,550,0.000000
551,1,1,1,1,551,0.000000
552,1,1,1,1,552,0.000000
553,1,1,1,2,553,0.510500
554,1,1,1,1,554,0.000000
555,1,1,1,1,555,0.000000
556,1,1,1,1,556,0.000000
557,1,1,1,1,557,0.000000
558,1,1,1,1,558,0.000000
559,1,1,1,2,559,0.279000
560,1,0,4,1,137,0.047000
561,1,1,1,1,561,0.000000
562,1,1,1,1,562,0.000000
563,1,1,1,1,563,0.004000
564,1,1,1,1,564,0.000000
565,1,1,1,1,565,0.000000
566,1,1,1,1,566,0.000000
567,1,1,1,1,567,0.001500
568,1,1,1,2,568,0.859000
569,1,0,2,1,384,0.046500
570,1,1,1,1,570,0.000000
571,1,1,1,1,571,0.000000
572,1,1,1,1,572,0.000000
573,1,1,1,1,573,0.000000
574,1,1,1,1,574,0.000000
575,1,1,2,2,445,0.057500
576,1,1,2,2,942,0.712500
577,1,1,1,2,577,0.721000
578,1,1,1,1,578,0.000000
579,1,1,1,1,579,0.000000
580,1,0,4,1,305,0.000000
581,1,1,1,1,581,0.000000
582,1,1,1,1,582,0.000000
583,1,1,2,3,490,0.155500
584,1,1,1,1,584,0.000500
585,1,1,1,1,585,0.000000
586,1,1,1,1,586,0.000000
587,1,0,14,1,952,0.000000
588,1,1,1,1,588,0.000000
589,1,1,3,5,33,0.127500
590,1,1,1,1,590,0.000000
591,1,1,1,1,591,0.000000
592,1,1,1,1,592,0.000000
593,1,1,1,3,593,0.080500
594,1,1,1,1,594,0.000000
595,1,1,1,1,595,0.000000
596,1,1,1,1,596,0.000000
597,1,1,1,1,597,0.000000
598,1,1,1,1,598,0.000000
599,1,1,1,1,599,0.000000
600,1,1,1,1,600,0.000000
601,1,1,1,1,601,0.000000
602,1,1,1,1,602,0.000000
603,1,1,1,1,603,0.026000
604,1,1,1,1,604,0.000000
605,1,1,1,1,605,0.000000
606,1,1,1,1,606,0.000000
607,1,1,1,1,607,0.000000
608,1,1,1,1,608,0.000000
609,1,0,3,1,831,0.000000
610,1,1,1,1,610,0.000000
611,1,0,16,3,649,0.066000
612,1,1,3,3,945,0.134500
613,1,1,1,1,613,0.000000
614,1,1,1,1,614,0.000000
615,1,1,1,1,615,0.000000
616,1,1,1,1,616,0.000000
617,1,0,3,1,555,0.001000
618,1,1,1,1,618,0.000000
619,1,1,1,1,619,0.000000
620,1,1,1,1,620,0.000000
621,1,1,1,1,621,0.000000
622,1,1,1,4,622,0.051000
623,1,1,1,1,623,0.000000
624,1,1,1,1,624,0.000000
625,1,1,1,1,625,0.000000
626,1,1,1,1,626,0.000000
627,1,1,1,1,627,0.000000
628,1,1,1,2,628,0.285000
629,1,1,1,1,629,0.000000
630,1,1,1,1,630,0.000000
631,1,1,1,1,631,0.000000
632,1,1,1,1,632,0.000000
633,1,1,1,1,633,0.005000
634,1,0,3,1,367,0.000000
635,1,1,1,1,635,0.019500
636,1,1,1,1,636,0.000000
637,1,0,2,1,95,0.000000
638,1,1,1,1,638,0.000000
639,1,1,1,1,639,0.000000
640,1,1,2,2,296,0.059000
641,1,1,1,1,641,0.000000
642,1,1,1,1,642,0.000000
643,1,1,1,1,643,0.000000
644,1,1,1,1,644,0.000000
645,1,1,1,1,645,0.000000
646,1,1,1,2,646,0.205000
647,1,1,1,4,647,0.099000
648,1,1,1,1,648,0.000000
649,1,1,1,1,649,0.000000
650,1,1,1,1,650,0.000000
651,1,1,1,1,651,0.000000
652,1,1,1,1,652,0.000000
653,1,1,1,1,653,0.000000
654,1,1,1,1,654,0.000000
655,1,1,1,2,655,0.524000
656,1,1,1,1,656,0.000000
657,1,0,2,1,414,0.000000
658,1,1,1,1,658,0.000000
659,1,1,1,1,659,0.004500
660,1,1,1,1,660,0.000000
661,1,1,1,1,661,0.000000
662,1,1,1,1,662,0.016500
663,1,1,1,1,663,0.000000
664,1,1,1,1,664,0.000000
665,1,1,1,1,665,0.000000
666,1,1,1,1,666,0.000000
667,1,1,1,1,667,0.000000
668,1,1,1,1,668,0.000000
669,1,1,1,1,669,0.000000
670,1,1,1,1,670,0.000000
671,1,1,1,1,671,0.000000
672,1,0,26,1,896,0.006000
673,1,1,1,1,673,0.000000
674,1,1,1,1,674,0.000000
675,1,1,1,1,675,0.000000
676,1,1,1,1,676,0.000000
677,1,1,1,1,677,0.025000
678,1,1,1,1,678,0.000000
679,1,0,3,1,253,0.000000
680,1,1,1,1,680,0.000000
681,1,0,2,1,332,0.000000
682,1,1,1,1,682,0.000000
683,1,0,3,1,423,0.000000
684,1,1,1,1,684,0.000000
685,1,0,3,1,841,0.021500
686,1,1,1,1,686,0.000000
687,1,0,16,4,567,0.121500
688,1,0,3,1,438,0.002500
689,1,1,1,1,689,0.001500
690,1,1,1,1,690,0.045000
691,1,1,1,1,691,0.004500
692,1,1,1,1,692,0.000000
693,1,1,1,1,693,0.043000
694,1,1,1,1,694,0.018500
695,1,1,1,1,695,0.000000
696,1,1,1,1,696,0.002000
697,1,1,1,2,697,0.439000
698,1,1,1,1,698,0.000000
699,1,1,2,3,393,0.513000
700,1,1,2,6,304,0.052500
701,1,1,1,2,701,0.050500
702,1,1,1,1,702,0.000000
703,1,1,1,1,703,0.000000
704,1,1,1,1,704,0.000000
705,1,1,1,1,705,0.000000
706,1,1,1,3,706,0.248000
707,1,1,1,1,707,0.000000
708,1,0,2,1,906,0.000000
709,1,1,1,1,709,0.000000
710,1,1,1,1,710,0.000000
711,1,1,1,1,711,0.000000
712,1,1,1,1,712,0.000000
713,1,1,1,1,713,0.000000
714,1,1,1,1,714,0.000000
715,1,1,1,1,715,0.024000
716,1,1,1,1,716,0.006000
717,1,1,1,1,717,0.000000
718,1,1,1,1,718,0.000000
719,1,1,1,1,719,0.000000
720,1,0,5,4,824,0.259500
721,1,1,1,1,721,0.000000
722,1,1,1,1,722,0.001500
723,1,0,3,1,258,0.000000
724,1,0,4,1,746,0.000000
725,1,1,1,1,725,0.000000
726,1,1,1,1,726,0.000000
727,1,1,3,3,731,0.705000
728,1,1,1,1,728,0.000000
729,1,1,1,1,729,0.000000
730,1,1,1,1,730,0.000000
731,1,1,1,1,731,0.000000
732,1,1,1,2,732,0.309500
733,1,1,1,1,733,0.000000
734,1,1,1,1,734,0.000000
735,1,1,1,1,735,0.000000
736,1,1,1,1,736,0.000000
737,1,1,1,1,737,0.000000
738,1,0,3,1,254,0.000000
739,1,1,2,2,558,0.434000
740,1,1,1,1,740,0.023500
741,1,1,1,1,741,0.000000
742,1,1,4,4,207,0.185500
743,1,1,1,1,743,0.000000
744,1,1,1,1,744,0.000000
745,1,1,1,1,745,0.000000
746,1,1,1,1,746,0.000000
747,1,1,1,1,747,0.000000
748,1,1,2,2,778,0.678000
749,1,1,1,1,749,0.000000
750,1,1,1,2,750,0.300000
751,1,1,1,1,751,0.000000
752,1,1,1,1,752,0.000000
753,1,1,1,1,753,0.000000
754,1,1,1,1,754,0.000000
755,1,1,1,2,755,0.165500
756,1,1,1,1,756,0.000000
757,1,1,1,1,757,0.000000
758,1,1,1,2,758,0.331000
759,1,1,1,1,759,0.000000
760,1,1,1,1,760,0.000000
761,1,1,1,1,761,0.000000
762,1,1,1,1,762,0.000000
763,1,1,1,1,763,0.023500
764,1,1,1,1,764,0.000000
765,1,1,1,1,765,0.000000
766,1,1,1,1,766,0.000500
767,1,1,1,1,767,0.000000
768,1,1,1,1,768,0.000000
769,1,1,1,1,769,0.000000
770,1,1,1,1,770,0.002500
771,1,1,1,1,771,0.000000
772,1,1,1,1,772,0.000000
773,1,1,1,2,773,0.206500
774,1,0,2,1,937,0.002000
775,1,1,1,1,775,0.000000
776,1,1,1,1,776,0.000000
777,1,0,3,2,628,0.123500
778,1,1,1,1,778,0.000000
779,1,1,1,1,779,0.000000
780,1,1,1,1,780,0.000000
781,1,1,1,1,781,0.000000
782,1,1,1,3,782,0.599500
783,1,1,1,2,783,0.066500
784,1,1,1,1,784,0.000000
785,1,1,1,1,785,0.000000
786,1,1,1,2,786,0.137500
787,1,1,1,1,787,0.000000
788,1,1,1,1,788,0.000000
789,1,1,2,4,473,0.138000
790,1,1,1,1,790,0.000000
791,1,1,1,1,791,0.000000
792,1,1,1,1,792,0.000000
793,1,1,1,1,793,0.000000
794,1,1,1,1,794,0.000000
795,1,1,1,1,795,0.000000
796,1,1,1,1,796,0.006500
797,1,1,1,1,797,0.000000
798,1,0,3,1,941,0.000000
799,1,1,1,1,799,0.000000
800,1,1,1,2,800,0.114500
801,1,1,1,1,801,0.000000
802,1,1,1,1,802,0.000000
803,1,1,1,2,803,0.439500
804,1,0,2,1,822,0.000000
805,1,1,1,1,805,0.000000
806,1,1,1,1,806,0.000000
807,1,0,3,2,53,0.496000
808,1,1,1,1,808,0.000000
809,1,1,1,1,809,0.016500
810,1,1,1,1,810,0.000000
811,1,1,1,1,811,0.000000
812,1,0,2,1,96,0.020000
813,1,1,1,1,813,0.000000
814,1,0,3,1,403,0.000000
815,1,1,1,1,815,0.000000
816,1,1,1,1,816,0.000000
817,1,1,1,1,817,0.000000
818,1,1,1,1,818,0.001000
819,1,1,1,1,819,0.000000
820,1,1,1,1,820,0.000000
821,1,1,4,5,594,0.055000
822,1,1,1,1,822,0.000000
823,1,1,1,1,823,0.004000
824,1,1,1,1,824,0.000000
825,1,1,1,1,825,0.000000
826,1,1,1,1,826,0.023000
827,1,0,4,2,464,0.236000
828,1,1,3,3,430,0.549000
829,1,1,1,1,829,0.000000
830,1,0,8,4,928,0.054500
831,1,1,1,1,831,0.001000
832,1,1,1,1,832,0.000000
833,1,1,1,4,833,0.068000
834,1,1,1,1,834,0.000000
835,1,0,4,3,326,0.426000
836,1,1,1,1,836,0.000000
837,1,1,1,1,837,0.000000
838,1,1,1,1,838,0.000000
839,1,1,1,1,839,0.000000
840,1,1,1,1,840,0.000000
841,1,1,1,1,841,0.000000
842,1,1,1,3,842,0.112000
843,1,1,1,1,843,0.000000
844,1,1,2,2,293,0.151000
845,1,1,1,1,845,0.000000
846,1,1,1,1,846,0.000000
847,1,1,2,2,63,0.196000
848,1,1,1,1,848,0.000000
849,1,1,1,1,849,0.000000
850,1,0,3,1,349,0.000000
851,1,1,1,1,851,0.000000
852,1,1,1,1,852,0.009000
853,1,1,1,1,853,0.000000
854,1,1,1,1,854,0.000000
855,1,1,1,1,855,0.000000
856,1,1,1,1,856,0.000000
857,1,1,1,1,857,0.000000
858,1,1,1,1,858,0.000000
859,1,1,1,1,859,0.008500
860,1,1,1,1,860,0.000000
861,1,1,1,1,861,0.000000
862,1,1,1,1,862,0.000000
863,1,1,1,1,863,0.004000
864,1,1,1,1,864,0.000000
865,1,1,1,1,865,0.000000
866,1,1,1,1,866,0.000000
867,1,1,1,1,867,0.000000
868,1,1,2,2,966,0.811500
869,1,1,1,1,869,0.000000
870,1,1,1,1,870,0.000000
871,1,1,1,1,871,0.000000
872,1,1,1,1,872,0.000000
873,1,1,1,1,873,0.000000
874,1,1,1,1,874,0.000000
875,1,1,1,1,875,0.000000
876,1,1,1,1,876,0.000000
877,1,1,1,1,877,0.000000
878,1,1,1,1,878,0.000000
879,1,1,1,1,879,0.000000
880,1,1,1,1,880,0.000000
881,1,1,1,1,881,0.000000
882,1,1,1,1,882,0.000000
883,1,1,2,2,138,0.469000
884,1,1,1,1,884,0.000000
885,1,1,1,1,885,0.000000
886,1,1,1,1,886,0.000000
887,1,1,1,3,887,0.051500
888,1,0,3,1,790,0.000500
889,1,1,1,1,889,0.000000
890,1,1,1,1,890,0.000000
891,1,1,1,1,891,0.000000
892,1,1,1,1,892,0.000000
893,1,1,1,1,893,0.000000
894,1,0,8,1,651,0.000000
895,1,1,1,2,895,0.474500
896,1,1,1,1,896,0.000000
897,1,1,1,1,897,0.000000
898,1,1,1,1,898,0.000000
899,1,1,1,1,899,0.000000
900,1,0,2,1,548,0.000000
901,1,1,1,1,901,0.000000
902,1,1,1,1,902,0.002500
903,1,1,1,1,903,0.000000
904,1,1,1,1,904,0.000000
905,1,1,1,1,905,0.000000
906,1,0,2,1,478,0.000000
907,1,1,1,1,907,0.000000
908,1,1,1,1,908,0.000000
909,1,1,1,1,909,0.000000
910,1,1,1,1,910,0.000000
911,1,1,1,1,911,0.000000
912,1,1,1,1,912,0.000000
913,1,1,1,1,913,0.000000
914,1,1,1,1,914,0.000000
915,1,1,1,1,915,0.000000
916,1,1,1,1,916,0.000000
917,1,1,3,3,931,0.062500
918,1,1,3,5,837,0.097500
919,1,1,1,2,919,0.088000
920,1,1,2,2,439,0.257500
921,1,1,1,1,921,0.012500
922,1,1,1,1,922,0.000000
923,1,1,1,3,923,0.313500
924,1,1,1,1,924,0.000000
925,1,1,1,1,925,0.008000
926,1,1,1,1,926,0.000000
927,1,1,1,3,927,0.136000
928,1,1,1,1,928,0.000000
929,1,1,1,1,929,0.000000
930,1,1,1,1,930,0.005500
931,1,1,1,1,931,0.000000
932,1,1,2,2,833,0.217000
933,1,1,1,1,933,0.000000
934,1,1,1,4,934,0.361500
935,1,0,9,1,68,0.000000
936,1,1,1,1,936,0.000000
937,1,1,1,1,937,0.000000
938,1,1,1,1,938,0.000000
939,1,1,1,1,939,0.000000
940,1,1,1,1,940,0.000000
941,1,1,1,1,941,0.000000
942,1,0,2,1,576,0.000000
943,1,0,3,1,882,0.003500
944,1,1,1,1,944,0.000000
945,1,1,1,1,945,0.000000
946,1,1,1,1,946,0.011500
947,1,1,1,1,947,0.000000
948,1,1,1,1,948,0.000000
949,1,0,2,1,699,0.000000
950,1,1,2,5,120,0.248000
951,1,1,1,1,951,0.000000
952,1,1,4,4,797,0.353000
953,1,1,1,1,953,0.000000
954,1,1,1,1,954,0.000000
955,1,1,2,2,404,0.263000
956,1,1,1,1,956,0.000000
957,1,1,1,1,957,0.000000
958,1,0,2,1,900,0.002000
959,1,1,1,1,959,0.000000
960,1,1,1,2,960,0.101500
961,1,1,1,1,961,0.000000
962,1,1,1,1,962,0.000000
963,1,1,1,1,963,0.000000
964,1,1,1,1,964,0.000000
965,1,1,1,1,965,0.003500
966,1,1,1,1,966,0.000000
967,1,1,1,1,967,0.000000
968,1,1,1,1,968,0.000000
969,1,1,3,3,862,0.057000
970,1,1,1,1,970,0.012500
971,1,1,1,1,971,0.000000
972,1,1,1,1,972,0.000000
973,1,1,2,2,795,0.076000
974,1,1,1,1,974,0.000000
975,1,1,1,1,975,0.000000
976,1,1,1,1,976,0.000000
977,1,1,1,1,977,0.000000
978,1,1,1,1,978,0.000000
979,1,1,2,2,649,0.736500
980,1,1,1,1,980,0.000000
981,1,1,1,1,981,0.000000
982,1,1,1,2,982,0.330500
983,1,1,1,1,983,0.000000
984,1,1,1,1,984,0.000000
985,1,1,1,1,985,0.000000
986,1,0,3,2,488,0.619500
987,1,1,1,1,987,0.000000
988,1,1,1,1,988,0.001500
989,1,0,3,1,681,0.031000
990,1,1,1,1,990,0.024500
991,1,1,1,1,991,0.000000
992,1,1,1,1,992,0.000000
993,1,1,1,1,993,0.000000
994,1,1,1,1,994,0.000000
995,1,1,1,1,995,0.000000
996,1,1,1,1,996,0.000000
997,1,1,1,1,997,0.000000
998,1,1,3,3,284,0.168500
999,1,1,1,1,999,0.000000
1000,1,1,1,1,1000,0.000000
1,2,1,1,1,1,0.000000
2,2,1,3,3,826,0.782500
3,2,1,1,1,3,0.000000
4,2,1,2,2,399,0.089500
5,2,1,1,1,5,0.000000
6,2,1,2,2,236,0.937500
7,2,1,1,1,7,0.000000
8,2,1,1,1,8,0.000000
9,2,1,1,1,9,0.000000
10,2,1,2,2,793,0.881500
11,2,0,22,4,306,0.303000
12,2,1,1,1,12,0.000000
13,2,1,1,1,13,0.000000
14,2,0,2,1,248,0.000000
15,2,1,1,1,15,0.000000
16,2,1,1,1,16,0.000000
17,2,1,1,1,17,0.000000
18,2,1,1,1,18,0.000000
19,2,1,1,1,19,0.000000
20,2,1,1,1,20,0.000000
21,2,1,1,1,21,0.000000
22,2,1,1,1,22,0.000000
23,2,1,1,1,23,0.000000
24,2,1,1,1,24,0.000000
25,2,1,1,1,25,0.003000
26,2,1,1,1,26,0.000000
27,2,1,1,1,27,0.002000
28,2,1,1,1,28,0.000000
29,2,1,1,1,29,0.000000
30,2,1,1,2,30,0.212500
31,2,1,1,1,31,0.000000
32,2,1,1,1,32,0.000000
33,2,1,1,1,33,0.000000
34,2,1,3,5,360,0.095000
35,2,1,1,2,35,0.214000
36,2,1,1,1,36,0.000000
37,2,1,1,1,37,0.000000
38,2,1,1,1,38,0.000000
39,2,1,1,1,39,0.000000
40,2,1,1,3,40,0.129500
41,2,1,1,1,41,0.000000
42,2,1,1,2,42,0.752000
43,2,1,1,1,43,0.000000
44,2,1,1,1,44,0.000000
45,2,0,6,1,352,0.020500
46,2,1,2,2,251,0.308000
47,2,1,1,1,47,0.000000
48,2,1,1,1,48,0.000000
49,2,1,1,1,49,0.000000
50,2,1,2,2,348,0.259500
51,2,1,1,1,51,0.000000
52,2,1,1,2,52,0.374000
53,2,1,2,2,448,0.726500
54,2,1,1,1,54,0.000000
55,2,1,1,1,55,0.000000
56,2,1,1,1,56,0.000000
57,2,1,1,2,57,0.093500
58,2,1,1,1,58,0.000000
59,2,0,2,1,612,0.015500
60,2,1,1,1,60,0.000000
61,2,1,2,3,482,0.378500
62,2,1,1,1,62,0.000000
63,2,0,9,1,734,0.008500
64,2,1,1,2,64,0.055000
65,2,1,1,2,65,0.201500
66,2,1,1,1,66,0.000000
67,2,1,1,1,67,0.000000
68,2,1,1,1,68,0.000000
69,2,1,1,1,69,0.000000
70,2,1,1,1,70,0.000000
71,2,1,1,2,71,0.904500
72,2,1,1,1,72,0.002500
73,2,1,1,1,73,0.000000
74,2,1,1,1,74,0.000000
75,2,1,1,2,75,0.279000
76,2,1,1,3,76,0.051000
77,2,1,1,2,77,0.063000
78,2,1,1,1,78,0.000000
79,2,1,1,2,79,0.140500
80,2,1,1,1,80,0.000000
81,2,1,1,1,81,0.000000
82,2,1,1,1,82,0.004500
83,2,1,1,1,83,0.000000
84,2,1,1,1,84,0.000000
85,2,1,1,1,85,0.000000
86,2,1,1,1,86,0.000000
87,2,1,1,1,87,0.023000
88,2,1,1,1,88,0.000000
89,2,1,1,1,89,0.000000
90,2,1,1,1,90,0.000000
91,2,1,1,1,91,0.000000
92,2,1,1,3,92,0.061500
93,2,1,1,1,93,0.000000
94,2,1,1,1,94,0.000000
95,2,1,1,1,95,0.000000
96,2,1,1,1,96,0.015000
97,2,1,1,1,97,0.000000
98,2,1,4,5,515,0.276000
99,2,1,1,1,99,0.000000
100,2,1,1,1,100,0.000000
101,2,1,1,1,101,0.000000
102,2,1,4,4,423,0.466500
103,2,1,1,1,103,0.000000
104,2,1,1,1,104,0.000000
105,2,1,1,1,105,0.003000
106,2,1,1,2,106,0.088500
107,2,1,1,3,107,0.239500
108,2,1,1,1,108,0.000000
109,2,0,6,1,27,0.000500
110,2,1,1,1,110,0.001500
111,2,1,1,1,111,0.021500
112,2,1,1,1,112,0.000000
113,2,1,1,1,113,0.000000
114,2,1,1,1,114,0.000000
115,2,1,1,1,115,0.000000
116,2,1,1,1,116,0.000000
117,2,1,1,1,117,0.000000
118,2,1,1,1,118,0.000000
119,2,1,2,3,96,0.190500
120,2,1,1,1,120,0.000000
121,2,1,1,1,121,0.000000
122,2,1,1,1,122,0.000000
123,2,1,1,1,123,0.000000
124,2,0,2,1,116,0.015500
125,2,1,1,3,125,0.438500
126,2,1,1,1,126,0.000000
127,2,1,1,1,127,0.000000
128,2,1,1,1,128,0.000000
129,2,1,1,1,129,0.000000
130,2,1,1,1,130,0.011000
131,2,1,1,1,131,0.000000
132,2,1,2,2,662,0.136500
133,2,1,1,1,133,0.000000
134,2,1,2,4,624,0.113500
135,2,0,8,2,196,0.549500
136,2,1,1,1,136,0.000000
137,2,1,1,1,137,0.000000
138,2,1,1,2,138,0.502000
139,2,1,1,1,139,0.000000
140,2,1,1,1,140,0.000000
141,2,1,2,2,462,0.326500
142,2,1,1,1,142,0.000000
143,2,1,1,2,143,0.261500
144,2,1,1,1,144,0.000000
145,2,1,1,1,145,0.000000
146,2,0,3,2,286,0.430500
147,2,1,1,1,147,0.000000
148,2,1,1,1,148,0.000000
149,2,1,1,1,149,0.000000
150,2,1,1,1,150,0.000000
151,2,1,1,1,151,0.000000
152,2,1,1,1,152,0.000000
153,2,1,1,1,153,0.000000
154,2,1,1,1,154,0.000000
155,2,1,1,1,155,0.000000
156,2,1,1,1,156,0.002500
157,2,1,1,2,157,0.097000
158,2,1,2,3,949,0.068000
159,2,1,1,1,159,0.000000
160,2,1,1,1,160,0.000000
161,2,1,1,1,161,0.000000
162,2,0,9,1,465,0.000000
163,2,1,1,1,163,0.000000
164,2,0,2,1,342,0.000500
165,2,1,1,1,165,0.000000
166,2,1,2,2,665,0.626500
167,2,1,1,1,167,0.035500
168,2,1,1,1,168,0.000000
169,2,1,1,1,169,0.000000
170,2,1,1,1,170,0.000000
171,2,1,1,1,171,0.025500
172,2,1,1,1,172,0.000000
173,2,1,1,1,173,0.000000
174,2,1,1,1,174,0.000000
175,2,1,1,1,175,0.000000
176,2,1,1,1,176,0.000000
177,2,0,2,1,956,0.000000
178,2,1,1,1,178,0.000000
179,2,1,1,2,179,0.391500
180,2,1,1,1,180,0.000000
181,2,0,2,1,407,0.003000
182,2,1,1,1,182,0.000000
183,2,1,1,1,183,0.000000
184,2,1,1,1,184,0.000000
185,2,1,1,1,185,0.000000
186,2,1,1,2,186,0.664500
187,2,1,1,1,187,0.000000
188,2,1,1,1,188,0.000000
189,2,1,1,1,189,0.011000
190,2,0,5,1,560,0.000000
191,2,1,1,1,191,0.000000
192,2,1,1,1,192,0.000000
193,2,1,1,1,193,0.000000
194,2,1,1,1,194,0.008000
195,2,1,1,1,195,0.000000
196,2,1,1,1,196,0.002500
197,2,1,1,1,197,0.000000
198,2,1,1,1,198,0.000000
199,2,1,1,4,199,0.108500
200,2,1,1,2,200,0.204500
201,2,1,1,1,201,0.000000
202,2,1,1,1,202,0.000000
203,2,1,1,1,203,0.000000
204,2,1,1,1,204,0.000000
205,2,1,1,1,205,0.000000
206,2,0,2,1,168,0.000000
207,2,1,4,4,4,0.404000
208,2,0,2,1,864,0.000000
209,2,1,1,1,209,0.000000
210,2,1,1,2,210,0.132500
211,2,1,1,2,211,0.725500
212,2,1,1,1,212,0.000000
213,2,1,2,2,157,0.811500
214,2,1,1,1,214,0.000000
215,2,1,1,1,215,0.000000
216,2,1,1,1,216,0.000000
217,2,1,1,1,217,0.000000
218,2,1,1,1,218,0.000000
219,2,1,1,1,219,0.000000
220,2,1,1,1,220,0.000000
221,2,1,1,1,221,0.000000
222,2,1,1,1,222,0.000000
223,2,1,1,1,223,0.000000
224,2,1,2,2,537,0.268000
225,2,1,1,1,225,0.000000
226,2,1,1,1,226,0.000000
227,2,1,1,1,227,0.000000
228,2,1,1,1,228,0.000000
229,2,1,1,1,229,0.000000
230,2,0,12,4,648,0.626500
231,2,0,2,1,994,0.010000
232,2,0,6,1,646,0.000000
233,2,0,3,1,83,0.003000
234,2,1,1,1,234,0.000000
235,2,1,2,2,143,0.579000
236,2,1,1,1,236,0.000000
237,2,1,1,4,237,0.084000
238,2,1,1,1,238,0.000000
239,2,1,2,2,237,0.315500
240,2,0,7,1,255,0.000000
241,2,1,1,1,241,0.000500
242,2,1,1,3,242,0.406000
243,2,1,1,1,243,0.000000
244,2,1,1,1,244,0.000000
245,2,1,1,1,245,0.000000
246,2,1,1,1,246,0.000000
247,2,1,1,1,247,0.000000
248,2,1,1,1,248,0.000000
249,2,1,1,1,249,0.000000
250,2,0,9,2,170,0.116500
251,2,1,1,1,251,0.000000
252,2,1,1,1,252,0.000000
253,2,1,1,1,253,0.000000
254,2,1,1,1,254,0.000000
255,2,1,1,1,255,0.000000
256,2,1,1,1,256,0.000000
257,2,1,1,1,257,0.000000
258,2,1,1,1,258,0.000000
259,2,1,2,3,406,0.177500
260,2,1,1,1,260,0.000000
261,2,1,1,2,261,0.442000
262,2,1,2,2,402,0.055500
263,2,1,1,1,263,0.000000
264,2,1,1,1,264,0.000000
265,2,1,1,1,265,0.000000
266,2,1,1,1,266,0.000000
267,2,1,1,1,267,0.000500
268,2,1,1,1,268,0.000000
269,2,1,1,1,269,0.000000
270,2,1,1,1,270,0.000000
271,2,1,2,2,592,0.395000
272,2,1,1,1,272,0.000000
273,2,1,1,1,273,0.000000
274,2,1,1,1,274,0.000000
275,2,1,1,1,275,0.000000
276,2,1,1,1,276,0.000000
277,2,1,2,2,316,0.721000
278,2,0,3,1,608,0.009000
279,2,1,1,1,279,0.000000
280,2,1,1,1,280,0.000000
281,2,1,2,2,429,0.252000
282,2,1,1,1,282,0.000000
283,2,1,1,1,283,0.000000
284,2,1,1,1,284,0.000000
285,2,0,2,1,796,0.000000
286,2,0,2,1,146,0.000000
287,2,1,1,1,287,0.000000
288,2,1,1,1,288,0.000000
289,2,1,1,1,289,0.000000
290,2,0,2,1,380,0.011500
291,2,1,3,5,892,0.067000
292,2,1,1,1,292,0.000000
293,2,1,1,1,293,0.000000
294,2,1,1,1,294,0.000000
295,2,1,1,1,295,0.000000
296,2,1,1,1,296,0.000000
297,2,1,1,1,297,0.000000
298,2,0,4,2,186,0.150000
299,2,1,1,1,299,0.000000
300,2,1,1,1,300,0.000000
301,2,1,1,1,301,0.000000
302,2,1,1,1,302,0.000000
303,2,1,1,1,303,0.006000
304,2,1,1,1,304,0.000500
305,2,1,1,1,305,0.000000
306,2,1,1,1,306,0.000000
307,2,0,3,1,973,0.000000
308,2,1,1,1,308,0.000000
309,2,1,1,1,309,0.000000
310,2,1,1,1,310,0.000000
311,2,1,1,1,311,0.022500
312,2,1,2,2,364,0.744000
313,2,1,1,1,313,0.000000
314,2,1,1,1,314,0.000000
315,2,1,1,1,315,0.000000
316,2,1,1,1,316,0.000500
317,2,1,1,1,317,0.000000
318,2,1,1,1,318,0.000000
319,2,1,1,1,319,0.000000
320,2,1,1,1,320,0.000000
321,2,1,1,1,321,0.000000
322,2,1,1,1,322,0.008000
323,2,0,4,2,387,0.174000
324,2,0,15,2,291,0.172000
325,2,1,1,1,325,0.000000
326,2,1,1,1,326,0.000000
327,2,1,1,1,327,0.000000
328,2,1,3,3,175,0.454000
329,2,1,1,4,329,0.744500
330,2,1,1,1,330,0.000000
331,2,1,1,1,331,0.000000
332,2,1,1,1,332,0.014500
333,2,1,1,1,333,0.000000
334,2,1,1,1,334,0.000000
335,2,1,1,1,335,0.000000
336,2,1,1,1,336,0.000000
337,2,1,1,1,337,0.000000
338,2,0,5,1,422,0.000000
339,2,1,1,1,339,0.000000
340,2,1,1,1,340,0.043000
341,2,1,1,1,341,0.000000
342,2,1,1,1,342,0.000500
343,2,1,2,2,256,0.773000
344,2,1,1,1,344,0.000000
345,2,1,1,1,345,0.000000
346,2,1,5,5,321,0.240000
347,2,1,1,1,347,0.000000
348,2,1,1,1,348,0.000000
349,2,1,1,1,349,0.000000
350,2,1,1,1,350,0.000000
351,2,1,1,1,351,0.000000
352,2,0,2,1,955,0.002000
353,2,1,1,1,353,0.004500
354,2,1,2,2,888,0.578500
355,2,1,1,1,355,0.000000
356,2,0,3,1,832,0.000000
357,2,1,1,1,357,0.000000
358,2,1,1,1,358,0.000000
359,2,1,1,1,359,0.000000
360,2,0,7,1,786,0.000000
361,2,1,1,1,361,0.000000
362,2,0,6,3,958,0.276500
363,2,1,1,1,363,0.000000
364,2,1,1,1,364,0.000000
365,2,1,1,1,365,0.048000
366,2,1,3,6,690,0.136000
367,2,1,1,1,367,0.000000
368,2,1,1,3,368,0.063500
369,2,1,1,1,369,0.000000
370,2,0,3,1,623,0.005500
371,2,1,1,1,371,0.000000
372,2,1,1,1,372,0.000000
373,2,1,1,1,373,0.000000
374,2,1,1,1,374,0.000000
375,2,0,2,1,300,0.004000
376,2,1,1,1,376,0.000000
377,2,1,1,2,377,0.164500
378,2,1,1,1,378,0.000000
379,2,1,1,1,379,0.000000
380,2,1,1,1,380,0.000000
381,2,1,1,1,381,0.000000
382,2,1,1,1,382,0.000000
383,2,1,1,1,383,0.000000
384,2,1,1,1,384,0.000000
385,2,1,1,1,385,0.000000
386,2,1,1,1,386,0.000000
387,2,0,2,1,262,0.015500
388,2,1,1,1,388,0.000000
389,2,0,7,1,43,0.000000
390,2,1,1,1,390,0.000000
391,2,1,1,1,391,0.000000
392,2,1,1,2,392,0.066000
393,2,0,6,2,610,0.504000
394,2,1,1,1,394,0.000000
395,2,1,1,1,395,0.000000
396,2,1,1,1,396,0.000000
397,2,1,1,1,397,0.000000
398,2,1,1,1,398,0.000000
399,2,1,1,1,399,0.000000
400,2,1,1,1,400,0.000000
401,2,1,1,1,401,0.000000
402,2,1,1,1,402,0.004500
403,2,1,1,1,403,0.000000
404,2,0,4,2,790,0.221000
405,2,1,2,3,960,0.438500
406,2,1,1,1,406,0.000000
407,2,1,1,1,407,0.000000
408,2,1,1,1,408,0.000000
409,2,0,2,1,330,0.018000
410,2,1,1,1,410,0.000000
411,2,0,98,1,9,0.000000
412,2,1,1,1,412,0.000000
413,2,1,1,1,413,0.000000
414,2,1,1,1,414,0.000000
415,2,1,1,2,415,0.061000
416,2,0,9,2,651,0.555000
417,2,1,1,2,417,0.056500
418,2,1,1,1,418,0.000000
419,2,1,1,1,419,0.028500
420,2,1,1,1,420,0.000000
421,2,1,1,2,421,0.075000
422,2,1,1,2,422,0.699000
423,2,1,1,1,423,0.005500
424,2,1,1,1,424,0.000000
425,2,1,1,1,425,0.000000
426,2,1,1,1,426,0.000000
427,2,0,2,1,681,0.000000
428,2,1,1,1,428,0.000000
429,2,1,1,2,429,0.142000
430,2,1,1,1,430,0.000000
431,2,1,1,1,431,0.002500
432,2,1,1,1,432,0.000000
433,2,1,1,1,433,0.000000
434,2,1,2,7,384,0.168000
435,2,1,1,1,435,0.000000
436,2,1,1,1,436,0.000000
437,2,1,1,1,437,0.000000
438,2,1,7,7,216,0.092500
439,2,1,1,1,439,0.000000
440,2,1,1,1,440,0.004000
441,2,1,1,1,441,0.000000
442,2,1,1,1,442,0.001500
443,2,1,1,1,443,0.000000
444,2,1,1,1,444,0.000000
445,2,1,1,1,445,0.000000
446,2,1,1,1,446,0.000000
447,2,1,1,1,447,0.000000
448,2,1,1,1,448,0.000000
449,2,0,2,1,64,0.013500
450,2,1,1,2,450,0.562000
451,2,1,3,3,979,0.274500
452,2,1,1,1,452,0.000000
453,2,1,1,1,453,0.000000
454,2,1,2,2,754,0.977500
455,2,1,1,1,455,0.000000
456,2,1,3,3,188,0.149000
457,2,1,1,1,457,0.000000
458,2,1,1,1,458,0.000000
459,2,1,1,1,459,0.000000
460,2,1,1,1,460,0.000000
461,2,1,1,1,461,0.000000
462,2,1,1,1,462,0.000000
463,2,1,2,2,703,0.237500
464,2,1,1,1,464,0.000000
465,2,1,1,1,465,0.000000
466,2,1,1,1,466,0.000000
467,2,1,1,1,467,0.000000
468,2,1,1,1,468,0.000000
469,2,1,1,1,469,0.000000
470,2,1,1,1,470,0.000000
471,2,1,1,1,471,0.000000
472,2,1,1,1,472,0.000000
473,2,0,2,1,807,0.000000
474,2,1,1,1,474,0.005500
475,2,1,1,1,475,0.000000
476,2,1,1,1,476,0.000000
477,2,1,1,1,477,0.000000
478,2,1,1,1,478,0.000000
479,2,1,1,1,479,0.000000
480,2,1,1,1,480,0.000000
481,2,1,1,1,481,0.000000
482,2,1,1,1,482,0.000000
483,2,0,2,1,417,0.015000
484,2,1,1,1,484,0.000000
485,2,1,1,3,485,0.293000
486,2,1,1,1,486,0.000000
487,2,0,2,1,484,0.009000
488,2,1,1,1,488,0.000000
489,2,1,1,1,489,0.000000
490,2,1,1,1,490,0.000000
491,2,1,1,1,491,0.000000
492,2,1,4,4,246,0.089500
493,2,1,1,1,493,0.000000
494,2,1,1,1,494,0.000000
495,2,1,1,2,495,0.650500
496,2,1,1,1,496,0.000000
497,2,1,1,1,497,0.000000
498,2,1,1,1,498,0.000000
499,2,1,1,1,499,0.000000
500,2,1,1,1,500,0.000000
501,2,1,1,2,501,0.793000
502,2,1,1,1,502,0.000000
503,2,1,1,1,503,0.000000
504,2,1,1,1,504,0.000000
505,2,1,1,1,505,0.000000
506,2,1,2,5,854,0.094000
507,2,1,1,1,507,0.002500
508,2,1,1,2,508,0.657000
509,2,1,1,1,509,0.000000
510,2,1,1,1,510,0.000000
511,2,0,2,1,325,0.002000
512,2,1,1,1,512,0.000000
513,2,1,1,1,513,0.000000
514,2,1,2,2,187,0.134500
515,2,1,1,1,515,0.000000
516,2,1,1,1,516,0.000000
517,2,1,1,1,517,0.000000
518,2,1,1,1,518,0.000000
519,2,1,1,1,519,0.000000
520,2,1,1,1,520,0.000000
521,2,1,2,3,833,0.343000
522,2,1,1,1,522,0.000000
523,2,1,1,1,523,0.000000
524,2,1,1,1,524,0.000000
525,2,1,1,3,525,0.126000
526,2,1,1,1,526,0.000000
527,2,1,1,1,527,0.000000
528,2,1,1,1,528,0.000000
529,2,1,1,1,529,0.000000
530,2,1,1,1,530,0.000000
531,2,1,1,1,531,0.000000
532,2,1,1,1,532,0.000000
533,2,1,1,1,533,0.000000
534,2,1,1,1,534,0.034500
535,2,1,1,1,535,0.000000
536,2,1,1,1,536,0.000000
537,2,1,1,1,537,0.000000
538,2,1,1,1,538,0.002000
539,2,1,1,1,539,0.000000
540,2,1,1,1,540,0.000000
541,2,1,1,1,541,0.000000
542,2,1,1,1,542,0.000000
543,2,1,1,1,543,0.000000
544,2,0,2,1,147,0.007500
545,2,1,1,7,545,0.100000
546,2,1,1,2,546,0.317500
547,2,1,1,1,547,0.000000
548,2,1,1,1,548,0.000000
549,2,1,1,1,549,0.000000
550,2,1,1,1,550,0.000000
551,2,1,1,1,551,0.000000
552,2,1,1,1,552,0.000000
553,2,1,1,1,553,0.000000
554,2,0,13,1,697,0.001500
555,2,1,1,1,555,0.000000
556,2,1,1,1,556,0.000000
557,2,1,1,1,557,0.000000
558,2,1,2,2,739,0.233500
559,2,1,1,1,559,0.000000
560,2,1,1,1,560,0.000000
561,2,1,1,1,561,0.000000
562,2,0,6,2,80,0.095000
563,2,1,2,2,315,0.819000
564,2,1,1,1,564,0.000000
565,2,1,1,1,565,0.000000
566,2,1,1,1,566,0.000000
567,2,1,1,3,567,0.063000
568,2,1,1,1,568,0.000000
569,2,1,1,2,569,0.166500
570,2,1,1,1,570,0.000000
571,2,1,1,1,571,0.041500
572,2,1,1,1,572,0.005000
573,2,1,1,2,573,0.846000
574,2,1,1,1,574,0.000000
575,2,1,1,1,575,0.000000
576,2,1,1,1,576,0.002500
577,2,1,1,1,577,0.000000
578,2,1,1,1,578,0.000000
579,2,1,2,2,499,0.347500
580,2,1,1,4,580,0.059500
581,2,1,2,2,955,0.585500
582,2,1,1,1,582,0.000000
583,2,1,1,1,583,0.000000
584,2,1,1,1,584,0.000000
585,2,1,1,1,585,0.000000
586,2,1,1,1,586,0.000000
587,2,0,2,1,246,0.014500
588,2,1,1,1,588,0.000000
589,2,0,4,2,790,0.170500
590,2,1,1,1,590,0.000000
591,2,1,1,1,591,0.003000
592,2,1,1,1,592,0.002000
593,2,1,3,3,801,0.112500
594,2,1,1,1,594,0.019000
595,2,1,1,1,595,0.000000
596,2,1,2,2,135,0.724000
597,2,1,1,1,597,0.000000
598,2,1,1,1,598,0.000000
599,2,1,1,1,599,0.000000
600,2,1,1,1,600,0.000000
601,2,1,1,1,601,0.000000
602,2,1,1,1,602,0.000000
603,2,1,1,1,603,0.000000
604,2,1,1,1,604,0.000000
605,2,0,9,1,328,0.000000
606,2,1,1,1,606,0.000000
607,2,1,1,1,607,0.000000
608,2,1,1,1,608,0.000000
609,2,1,1,1,609,0.001000
610,2,1,1,1,610,0.000000
611,2,1,1,1,611,0.000000
612,2,1,1,1,612,0.000000
613,2,1,1,1,613,0.000000
614,2,1,1,1,614,0.000000
615,2,0,2,1,531,0.004500
616,2,1,1,1,616,0.000000
617,2,1,1,1,617,0.000000
618,2,1,1,1,618,0.000000
619,2,1,1,1,619,0.000000
620,2,1,1,2,620,0.614000
621,2,0,2,1,64,0.000000
622,2,0,6,4,518,0.101000
623,2,1,1,1,623,0.000000
624,2,1,1,1,624,0.000000
625,2,0,3,1,68,0.001000
626,2,1,3,3,278,0.637500
627,2,1,1,1,627,0.000000
628,2,1,1,1,628,0.033500
629,2,1,1,1,629,0.000000
630,2,1,3,3,731,0.239500
631,2,1,1,1,631,0.000000
632,2,1,1,1,632,0.000000
633,2,1,1,1,633,0.000000
634,2,0,4,3,367,0.324000
635,2,0,4,1,904,0.001000
636,2,1,1,1,636,0.000000
637,2,1,1,1,637,0.000000
638,2,1,1,1,638,0.000000
639,2,1,1,1,639,0.000000
640,2,1,2,2,146,0.653000
641,2,1,3,3,925,0.817500
642,2,1,1,1,642,0.000000
643,2,1,1,1,643,0.000000
644,2,1,1,1,644,0.000000
645,2,1,1,1,645,0.002500
646,2,1,1,1,646,0.000000
647,2,1,1,1,647,0.000000
648,2,1,1,1,648,0.000000
649,2,1,1,1,649,0.003500
650,2,1,1,1,650,0.000000
651,2,1,1,1,651,0.000000
652,2,1,1,1,652,0.000000
653,2,1,1,1,653,0.000000
654,2,0,3,2,801,0.051500
655,2,1,1,1,655,0.005500
656,2,1,1,1,656,0.000000
657,2,1,1,2,657,0.325000
658,2,1,1,1,658,0.000000
659,2,1,1,1,659,0.000000
660,2,1,1,1,660,0.000000
661,2,0,9,1,777,0.000000
662,2,1,1,1,662,0.000000
663,2,1,1,1,663,0.000000
664,2,1,2,2,118,0.985500
665,2,1,1,1,665,0.000000
666,2,1,1,1,666,0.000000
667,2,1,1,1,667,0.000000
668,2,1,1,1,668,0.000000
669,2,1,1,1,669,0.000000
670,2,1,2,2,562,0.728500
671,2,1,1,1,671,0.000000
672,2,1,1,1,672,0.000000
673,2,1,2,2,459,0.378500
674,2,1,1,1,674,0.000000
675,2,1,1,1,675,0.000000
676,2,1,1,1,676,0.000000
677,2,1,1,1,677,0.000000
678,2,1,2,6,471,0.056500
679,2,0,3,1,253,0.028500
680,2,1,1,1,680,0.000000
681,2,1,1,1,681,0.000000
682,2,0,24,1,314,0.022000
683,2,1,1,1,683,0.000000
684,2,1,1,1,684,0.000000
685,2,0,2,1,849,0.000000
686,2,1,1,1,686,0.000000
687,2,0,4,2,567,0.192500
688,2,0,4,1,863,0.000000
689,2,1,1,1,689,0.000000
690,2,0,4,2,130,0.805500
691,2,1,2,2,661,0.396000
692,2,1,1,2,692,0.925000
693,2,0,7,1,621,0.000500
694,2,1,1,2,694,0.110500
695,2,1,1,1,695,0.000000
696,2,1,1,2,696,0.063500
697,2,1,1,1,697,0.000000
698,2,1,2,2,493,0.556500
699,2,0,2,1,393,0.002500
700,2,0,2,1,928,0.001000
701,2,1,1,1,701,0.000000
702,2,0,2,1,423,0.015000
703,2,1,1,1,703,0.000000
704,2,1,1,1,704,0.007000
705,2,1,1,2,705,0.288000
706,2,1,1,1,706,0.000000
707,2,1,1,1,707,0.000000
708,2,1,1,1,708,0.000000
709,2,1,1,1,709,0.000000
710,2,1,1,1,710,0.000000
711,2,0,12,1,540,0.005500
712,2,1,1,1,712,0.000000
713,2,1,1,1,713,0.000000
714,2,1,1,1,714,0.000000
715,2,1,1,1,715,0.000000
716,2,1,3,3,892,0.055000
717,2,1,1,1,717,0.000000
718,2,1,1,1,718,0.023000
719,2,1,1,1,719,0.000000
720,2,1,1,1,720,0.000000
721,2,1,1,1,721,0.000000
722,2,1,1,1,722,0.000000
723,2,1,1,1,723,0.000000
724,2,1,1,1,724,0.000000
725,2,1,1,1,725,0.000000
726,2,1,1,1,726,0.000000
727,2,1,1,1,727,0.000000
728,2,1,1,1,728,0.000000
729,2,0,4,2,641,0.644000
730,2,0,3,1,15,0.001500
731,2,1,1,1,731,0.000000
732,2,1,1,1,732,0.000000
733,2,1,1,1,733,0.013000
734,2,1,1,1,734,0.000000
735,2,1,1,1,735,0.000000
736,2,1,2,2,571,0.064000
737,2,1,1,1,737,0.000000
738,2,1,1,1,738,0.000000
739,2,0,5,2,626,0.144000
740,2,0,4,1,526,0.021500
741,2,1,1,1,741,0.000000
742,2,1,1,1,742,0.000000
743,2,1,1,2,743,0.242000
744,2,1,1,1,744,0.013500
745,2,1,1,2,745,0.261500
746,2,1,1,1,746,0.000000
747,2,1,1,1,747,0.000000
748,2,1,1,1,748,0.000000
749,2,1,1,1,749,0.000000
750,2,1,1,1,750,0.000000
751,2,1,1,1,751,0.000000
752,2,1,1,1,752,0.025000
753,2,1,1,1,753,0.000000
754,2,1,1,1,754,0.000000
755,2,1,1,1,755,0.000000
756,2,1,1,1,756,0.000000
757,2,1,1,1,757,0.000000
758,2,1,1,1,758,0.000000
759,2,1,1,1,759,0.000000
760,2,1,1,1,760,0.000000
761,2,0,4,2,19,0.082000
762,2,1,1,1,762,0.000000
763,2,1,1,1,763,0.000000
764,2,1,1,1,764,0.001500
765,2,1,1,1,765,0.000000
766,2,0,5,2,854,0.360500
767,2,1,1,1,767,0.000000
768,2,1,1,1,768,0.000000
769,2,1,1,1,769,0.000000
770,2,1,1,1,770,0.000000
771,2,1,1,1,771,0.000500
772,2,1,1,1,772,0.000000
773,2,0,4,3,696,0.466000
774,2,1,1,1,774,0.000000
775,2,1,1,1,775,0.000000
776,2,1,1,1,776,0.000000
777,2,1,1,1,777,0.000000
778,2,0,4,2,898,0.391500
779,2,1,1,1,779,0.000000
780,2,1,1,1,780,0.000000
781,2,1,1,2,781,0.811000
782,2,1,1,1,782,0.000000
783,2,1,1,1,783,0.000000
784,2,1,1,2,784,0.204000
785,2,0,5,1,700,0.025000
786,2,1,2,2,981,0.355000
787,2,1,1,1,787,0.000000
788,2,1,1,2,788,0.083500
789,2,1,1,1,789,0.000000
790,2,1,1,1,790,0.000000
791,2,1,1,1,791,0.000000
792,2,1,1,1,792,0.000000
793,2,1,1,1,793,0.000000
794,2,0,11,1,82,0.000000
795,2,1,1,1,795,0.000500
796,2,1,1,1,796,0.000000
797,2,1,1,1,797,0.000000
798,2,1,1,1,798,0.000000
799,2,1,1,1,799,0.000000
800,2,1,1,1,800,0.000000
801,2,0,2,1,396,0.000000
802,2,1,1,1,802,0.000000
803,2,1,1,1,803,0.002500
804,2,0,2,1,663,0.000500
805,2,1,1,1,805,0.000000
806,2,1,1,1,806,0.000000
807,2,1,1,1,807,0.000000
808,2,1,1,1,808,0.000000
809,2,1,1,1,809,0.000000
810,2,1,1,1,810,0.000000
811,2,1,2,2,84,0.176000
812,2,1,1,1,812,0.000000
813,2,1,1,2,813,0.582500
814,2,1,1,1,814,0.002500
815,2,0,10,2,398,0.113500
816,2,1,1,1,816,0.000000
817,2,1,2,2,236,0.451500
818,2,1,1,1,818,0.000000
819,2,1,1,1,819,0.000000
820,2,1,1,1,820,0.000000
821,2,1,1,1,821,0.000000
822,2,1,1,1,822,0.000000
823,2,1,1,1,823,0.000000
824,2,1,1,1,824,0.000000
825,2,0,3,2,302,0.078500
826,2,1,1,1,826,0.000000
827,2,1,2,3,125,0.290000
828,2,1,1,2,828,0.698000
829,2,1,1,1,829,0.000000
830,2,1,1,2,830,0.071000
831,2,1,1,1,831,0.000000
832,2,1,1,1,832,0.000000
833,2,1,1,2,833,0.292000
834,2,1,2,2,880,0.392000
835,2,1,1,1,835,0.000000
836,2,1,1,1,836,0.000000
837,2,1,1,1,837,0.000000
838,2,1,1,1,838,0.000000
839,2,0,3,1,560,0.003000
840,2,1,1,1,840,0.000000
841,2,1,1,1,841,0.000000
842,2,1,1,1,842,0.000000
843,2,1,1,2,843,0.054000
844,2,1,2,4,566,0.341500
845,2,1,2,2,370,0.646500
846,2,1,1,1,846,0.000000
847,2,1,1,1,847,0.000000
848,2,0,2,1,798,0.043500
849,2,1,1,1,849,0.002000
850,2,1,1,1,850,0.000000
851,2,1,1,1,851,0.008500
852,2,0,2,1,685,0.000000
853,2,1,1,1,853,0.000000
854,2,0,2,1,506,0.032000
855,2,1,1,1,855,0.000000
856,2,1,1,1,856,0.000000
857,2,1,2,2,208,0.643500
858,2,1,1,1,858,0.000000
859,2,1,1,4,859,0.375000
860,2,1,1,1,860,0.000000
861,2,0,2,1,769,0.001000
862,2,1,1,1,862,0.000000
863,2,1,1,1,863,0.000000
864,2,1,1,1,864,0.000000
865,2,1,1,1,865,0.001500
866,2,1,1,1,866,0.001000
867,2,1,1,1,867,0.000000
868,2,1,1,1,868,0.000000
869,2,1,1,1,869,0.000000
870,2,1,1,1,870,0.000000
871,2,1,1,1,871,0.000000
872,2,1,1,1,872,0.000000
873,2,1,3,3,808,0.103000
874,2,1,1,1,874,0.000000
875,2,1,1,1,875,0.000000
876,2,1,1,1,876,0.000000
877,2,1,1,1,877,0.003500
878,2,1,1,1,878,0.000000
879,2,1,1,1,879,0.000000
880,2,1,1,1,880,0.006500
881,2,1,1,1,881,0.000000
882,2,1,1,1,882,0.000000
883,2,1,3,5,737,0.210000
884,2,1,1,1,884,0.000000
885,2,1,1,1,885,0.000000
886,2,1,1,1,886,0.000000
887,2,0,6,1,487,0.000000
888,2,1,1,1,888,0.000000
889,2,1,1,1,889,0.000000
890,2,1,1,1,890,0.003000
891,2,1,1,1,891,0.000000
892,2,1,1,1,892,0.000000
893,2,1,1,1,893,0.000500
894,2,1,1,1,894,0.000000
895,2,0,2,1,105,0.039000
896,2,1,1,1,896,0.000000
897,2,1,1,1,897,0.000000
898,2,1,1,1,898,0.000000
899,2,1,1,1,899,0.000000
900,2,1,1,2,900,0.211000
901,2,1,2,2,125,0.566000
902,2,1,1,1,902,0.000000
903,2,1,1,1,903,0.000000
904,2,1,1,1,904,0.000000
905,2,1,1,1,905,0.003500
906,2,1,1,1,906,0.000000
907,2,1,1,1,907,0.000000
908,2,1,1,1,908,0.000000
909,2,1,1,1,909,0.000000
910,2,1,1,1,910,0.000000
911,2,1,1,1,911,0.000000
912,2,1,1,1,912,0.000000
913,2,1,1,1,913,0.000000
914,2,1,1,1,914,0.000000
915,2,1,1,1,915,0.004000
916,2,1,1,2,916,0.326500
917,2,1,1,1,917,0.000000
918,2,1,1,1,918,0.000000
919,2,0,13,1,785,0.003500
920,2,1,1,1,920,0.000000
921,2,0,3,1,944,0.048500
922,2,1,1,1,922,0.000000
923,2,0,2,1,453,0.000000
924,2,1,1,1,924,0.000000
925,2,1,1,1,925,0.000000
926,2,0,3,1,88,0.000000
927,2,1,1,1,927,0.000000
928,2,1,1,1,928,0.000000
929,2,1,1,1,929,0.000000
930,2,1,2,4,925,0.201000
931,2,1,1,1,931,0.000000
932,2,1,1,1,932,0.000500
933,2,1,1,1,933,0.000000
934,2,1,1,1,934,0.000000
935,2,1,1,2,935,0.736500
936,2,1,1,1,936,0.000000
937,2,1,1,1,937,0.000000
938,2,1,1,1,938,0.000000
939,2,1,4,4,283,0.060000
940,2,1,1,1,940,0.000000
941,2,1,1,1,941,0.000000
942,2,1,1,1,942,0.000000
943,2,1,2,3,594,0.096500
944,2,0,2,1,447,0.027500
945,2,1,1,1,945,0.000000
946,2,1,1,1,946,0.000000
947,2,1,1,2,947,0.213000
948,2,1,1,1,948,0.000000
949,2,1,1,1,949,0.000000
950,2,1,1,5,950,0.298000
951,2,1,1,1,951,0.000000
952,2,1,1,3,952,0.082000
953,2,1,1,1,953,0.000000
954,2,1,1,1,954,0.000000
955,2,1,1,1,955,0.000000
956,2,0,2,1,67,0.000000
957,2,1,1,2,957,0.520500
958,2,0,4,1,900,0.000000
959,2,1,1,1,959,0.000000
960,2,1,1,1,960,0.004000
961,2,0,2,1,573,0.047500
962,2,1,1,1,962,0.000000
963,2,1,1,1,963,0.000000
964,2,0,12,2,82,0.096000
965,2,0,3,1,304,0.037500
966,2,1,1,1,966,0.000000
967,2,1,1,1,967,0.000000
968,2,1,1,1,968,0.000000
969,2,0,4,1,803,0.006500
970,2,1,1,1,970,0.000000
971,2,1,1,1,971,0.000500
972,2,1,1,1,972,0.000000
973,2,1,1,1,973,0.000000
974,2,1,1,1,974,0.000000
975,2,1,1,1,975,0.000000
976,2,1,1,1,976,0.000000
977,2,0,4,3,84,0.333000
978,2,1,1,1,978,0.000000
979,2,1,1,1,979,0.000000
980,2,1,1,1,980,0.000000
981,2,1,1,1,981,0.000000
982,2,0,2,1,489,0.004000
983,2,1,1,1,983,0.002500
984,2,1,1,1,984,0.000000
985,2,1,1,1,985,0.000000
986,2,1,1,1,986,0.000000
987,2,1,1,1,987,0.000000
988,2,1,1,1,988,0.000000
989,2,1,1,1,989,0.000000
990,2,1,1,1,990,0.000000
991,2,1,1,1,991,0.000000
992,2,1,1,1,992,0.000000
993,2,1,1,1,993,0.000000
994,2,0,2,1,231,0.000000
995,2,1,1,1,995,0.000000
996,2,1,1,1,996,0.000000
997,2,1,1,1,997,0.000000
998,2,1,1,1,998,0.000000
999,2,1,1,1,999,0.000000
1000,2,1,1,1,1000,0.000000
1,3,1,3,4,474,0.088000
2,3,1,1,1,2,0.000000
3,3,1,1,1,3,0.000000
4,3,1,1,1,4,0.000000
5,3,1,1,1,5,0.000000
6,3,1,1,3,6,0.077000
7,3,1,1,1,7,0.000000
8,3,1,1,1,8,0.000000
9,3,1,1,1,9,0.000000
10,3,1,1,1,10,0.000000
11,3,0,2,1,156,0.028500
12,3,1,1,1,12,0.000000
13,3,1,1,1,13,0.000000
14,3,1,1,1,14,0.000000
15,3,1,1,1,15,0.000000
16,3,1,1,1,16,0.000000
17,3,1,1,1,17,0.000000
18,3,1,1,1,18,0.000000
19,3,1,1,1,19,0.000000
20,3,1,1,1,20,0.000000
21,3,1,1,1,21,0.000000
22,3,1,1,1,22,0.000500
23,3,1,1,1,23,0.000000
24,3,1,1,1,24,0.000000
25,3,1,1,1,25,0.000000
26,3,1,2,2,42,0.121500
27,3,1,1,1,27,0.000000
28,3,1,1,2,28,0.086500
29,3,1,1,1,29,0.000000
30,3,1,1,1,30,0.000000
31,3,1,1,1,31,0.000000
32,3,1,1,1,32,0.000000
33,3,0,13,1,858,0.000000
34,3,1,1,2,34,0.429000
35,3,1,3,3,979,0.067000
36,3,1,1,1,36,0.000000
37,3,1,1,2,37,0.762000
38,3,1,1,1,38,0.000000
39,3,1,1,1,39,0.000000
40,3,1,1,1,40,0.002000
41,3,1,1,1,41,0.000000
42,3,1,1,1,42,0.000000
43,3,1,1,1,43,0.000000
44,3,1,1,2,44,0.053000
45,3,1,1,1,45,0.000000
46,3,1,1,1,46,0.000000
47,3,1,1,1,47,0.000000
48,3,1,1,1,48,0.000000
49,3,1,1,1,49,0.000000
50,3,0,3,2,959,0.431000
51,3,1,1,1,51,0.000000
52,3,1,1,2,52,0.082000
53,3,1,1,1,53,0.000000
54,3,1,1,1,54,0.000000
55,3,1,1,2,55,0.709500
56,3,1,1,1,56,0.000000
57,3,1,1,1,57,0.000000
58,3,1,1,2,58,0.317000
59,3,1,1,1,59,0.000000
60,3,1,1,1,60,0.000000
61,3,1,1,1,61,0.000000
62,3,1,1,1,62,0.000000
63,3,1,2,4,159,0.091500
64,3,1,1,1,64,0.001500
65,3,1,1,1,65,0.000000
66,3,1,1,1,66,0.000000
67,3,0,2,1,956,0.000000
68,3,1,1,1,68,0.000000
69,3,1,1,1,69,0.000000
70,3,1,1,2,70,0.184000
71,3,1,1,1,71,0.000000
72,3,1,2,3,684,0.114000
73,3,1,1,1,73,0.000000
74,3,1,1,1,74,0.000000
75,3,1,1,1,75,0.000000
76,3,1,1,1,76,0.000000
77,3,1,1,1,77,0.000000
78,3,1,1,1,78,0.000000
79,3,1,1,1,79,0.000000
80,3,1,1,1,80,0.036500
81,3,1,1,1,81,0.000500
82,3,1,1,1,82,0.000000
83,3,1,1,1,83,0.000000
84,3,1,1,1,84,0.001000
85,3,1,1,1,85,0.000000
86,3,1,5,6,287,0.051000
87,3,1,1,1,87,0.011500
88,3,1,1,1,88,0.000000
89,3,1,1,1,89,0.000000
90,3,1,1,1,90,0.000500
91,3,1,1,1,91,0.000000
92,3,1,1,1,92,0.000000
93,3,1,1,1,93,0.000000
94,3,1,1,1,94,0.000000
95,3,1,1,1,95,0.000000
96,3,1,1,1,96,0.000000
97,3,1,1,1,97,0.000000
98,3,1,1,1,98,0.000000
99,3,1,1,1,99,0.000000
100,3,1,1,1,100,0.000000
101,3,1,1,3,101,0.091500
102,3,1,1,1,102,0.000000
103,3,1,3,3,97,0.169500
104,3,1,1,1,104,0.000000
105,3,1,1,1,105,0.000000
106,3,1,1,1,106,0.022000
107,3,1,1,1,107,0.000000
108,3,0,11,1,292,0.000000
109,3,1,1,1,109,0.000000
110,3,1,1,1,110,0.000000
111,3,1,1,1,111,0.000000
112,3,0,3,1,11,0.000000
113,3,1,1,1,113,0.000000
114,3,1,1,1,114,0.000000
115,3,1,1,1,115,0.000000
116,3,1,1,1,116,0.000000
117,3,1,1,1,117,0.000500
118,3,1,1,1,118,0.000000
119,3,1,1,1,119,0.000000
120,3,1,1,1,120,0.000000
121,3,1,1,2,121,0.140500
122,3,0,3,1,894,0.000000
123,3,0,5,4,816,0.939500
124,3,1,1,1,124,0.000000
125,3,1,1,1,125,0.000000
126,3,1,1,1,126,0.032000
127,3,0,2,1,896,0.000000
128,3,1,1,1,128,0.000000
129,3,1,5,5,358,0.085500
130,3,1,1,1,130,0.000000
131,3,1,1,2,131,0.403500
132,3,1,1,1,132,0.000000
133,3,1,1,1,133,0.000000
134,3,1,1,1,134,0.000000
135,3,1,1,1,135,0.000000
136,3,1,1,1,136,0.000000
137,3,1,1,1,137,0.003000
138,3,1,1,1,138,0.000000
139,3,1,1,1,139,0.000000
140,3,1,1,1,140,0.000000
141,3,1,1,1,141,0.046000
142,3,1,1,2,142,0.120500
143,3,1,2,2,215,0.082500
144,3,1,1,1,144,0.010500
145,3,1,1,1,145,0.000000
146,3,1,1,2,146,0.171500
147,3,1,1,1,147,0.000000
148,3,1,1,1,148,0.000000
149,3,1,1,1,149,0.000000
150,3,1,1,1,150,0.000000
151,3,1,1,1,151,0.000000
152,3,1,1,1,152,0.000000
153,3,1,1,1,153,0.000000
154,3,1,1,1,154,0.000000
155,3,1,1,1,155,0.000000
156,3,1,1,1,156,0.004000
157,3,1,1,1,157,0.032000
158,3,1,1,1,158,0.000000
159,3,1,1,1,159,0.000000
160,3,1,1,1,160,0.013500
161,3,1,1,1,161,0.000000
162,3,1,1,2,162,0.079500
163,3,0,5,1,490,0.000000
164,3,1,1,1,164,0.000000
165,3,1,1,2,165,0.115500
166,3,0,3,2,917,0.825000
167,3,1,1,1,167,0.000000
168,3,0,6,2,25,0.671500
169,3,1,1,1,169,0.000000
170,3,1,1,1,170,0.001000
171,3,1,3,4,377,0.057500
172,3,1,1,2,172,0.648000
173,3,1,1,1,173,0.000000
174,3,1,1,1,174,0.000000
175,3,1,1,1,175,0.000000
176,3,1,1,1,176,0.000000
177,3,1,1,1,177,0.000000
178,3,1,1,1,178,0.022000
179,3,1,1,1,179,0.000000
180,3,1,1,1,180,0.000000
181,3,1,1,3,181,0.111000
182,3,1,1,1,182,0.000000
183,3,1,1,1,183,0.000000
184,3,1,1,1,184,0.000000
185,3,1,1,1,185,0.000000
186,3,1,1,1,186,0.000000
187,3,0,19,5,6,0.222500
188,3,1,1,1,188,0.000000
189,3,0,2,1,947,0.018500
190,3,1,1,1,190,0.000000
191,3,1,1,1,191,0.000000
192,3,1,1,1,192,0.000000
193,3,0,4,1,133,0.000000
194,3,1,1,5,194,0.051000
195,3,1,1,1,195,0.000000
196,3,1,1,1,196,0.000000
197,3,1,1,1,197,0.000000
198,3,1,1,1,198,0.000000
199,3,1,1,3,199,0.189000
200,3,0,2,1,834,0.020000
201,3,1,1,1,201,0.000000
202,3,1,1,1,202,0.000000
203,3,1,1,2,203,0.193500
204,3,1,1,1,204,0.000000
205,3,1,1,1,205,0.000000
206,3,1,1,1,206,0.000000
207,3,1,1,1,207,0.000000
208,3,1,1,1,208,0.000000
209,3,1,1,3,209,0.881000
210,3,1,1,1,210,0.000000
211,3,1,1,1,211,0.000000
212,3,1,1,1,212,0.000000
213,3,1,1,1,213,0.000000
214,3,1,1,2,214,0.339000
215,3,1,1,1,215,0.000000
216,3,1,1,1,216,0.000000
217,3,1,1,1,217,0.000000
218,3,1,1,1,218,0.013000
219,3,0,2,1,452,0.030000
220,3,1,1,1,220,0.000000
221,3,0,3,2,313,0.362000
222,3,1,1,1,222,0.000000
223,3,1,1,2,223,0.519500
224,3,1,1,1,224,0.000000
225,3,1,1,2,225,0.203500
226,3,1,1,1,226,0.000000
227,3,1,1,2,227,0.215500
228,3,1,1,1,228,0.000000
229,3,1,1,2,229,0.206500
230,3,1,1,6,230,0.156500
231,3,1,1,1,231,0.000000
232,3,1,1,1,232,0.000000
233,3,1,2,2,515,0.982000
234,3,1,1,1,234,0.000000
235,3,1,1,1,235,0.000000
236,3,1,1,1,236,0.000000
237,3,1,1,1,237,0.000000
238,3,1,1,1,238,0.000000
239,3,0,3,1,403,0.019500
240,3,0,2,1,368,0.000000
241,3,1,1,2,241,0.084000
242,3,1,1,1,242,0.000000
243,3,0,10,2,162,0.463000
244,3,1,1,1,244,0.000000
245,3,1,1,1,245,0.000000
246,3,1,1,1,246,0.000000
247,3,1,1,1,247,0.000000
248,3,1,1,2,248,0.206500
249,3,1,1,1,249,0.000000
250,3,1,1,1,250,0.034500
251,3,1,1,1,251,0.000000
252,3,1,2,2,81,0.174500
253,3,1,1,1,253,0.000000
254,3,1,1,1,254,0.000000
255,3,1,1,1,255,0.000000
256,3,1,1,1,256,0.018000
257,3,1,1,1,257,0.012000
258,3,1,1,2,258,0.737500
259,3,1,1,1,259,0.000000
260,3,1,1,1,260,0.000000
261,3,0,2,1,90,0.003000
262,3,1,2,3,387,0.192500
263,3,1,1,1,263,0.015500
264,3,1,1,1,264,0.000000
265,3,1,1,1,265,0.000000
266,3,0,4,1,831,0.000000
267,3,1,1,1,267,0.000000
268,3,1,1,1,268,0.000000
269,3,1,1,2,269,0.934500
270,3,1,1,1,270,0.000000
271,3,1,1,1,271,0.000000
272,3,1,1,1,272,0.000000
273,3,1,1,1,273,0.000500
274,3,1,1,1,274,0.000000
275,3,1,1,1,275,0.028000
276,3,1,1,1,276,0.000000
277,3,1,1,1,277,0.000000
278,3,1,1,2,278,0.055500
279,3,1,1,1,279,0.003000
280,3,1,1,1,280,0.000000
281,3,1,1,1,281,0.000000
282,3,0,2,1,504,0.000000
283,3,1,1,1,283,0.000000
284,3,1,1,1,284,0.000000
285,3,1,1,2,285,0.179500
286,3,1,1,3,286,0.321000
287,3,1,1,1,287,0.000000
288,3,0,2,1,923,0.005000
289,3,1,1,1,289,0.000000
290,3,1,1,1,290,0.000000
291,3,0,23,3,835,0.172500
292,3,1,1,1,292,0.000500
293,3,1,1,1,293,0.000000
294,3,1,1,2,294,0.148500
295,3,1,1,1,295,0.000000
296,3,1,1,1,296,0.000000
297,3,1,1,1,297,0.000000
298,3,1,1,1,298,0.015000
299,3,1,2,2,596,0.850500
300,3,1,1,1,300,0.000000
301,3,1,1,1,301,0.000000
302,3,1,1,1,302,0.000500
303,3,1,1,1,303,0.000000
304,3,0,3,1,168,0.009500
305,3,1,1,2,305,0.597000
306,3,1,2,6,540,0.070500
307,3,1,1,1,307,0.000000
308,3,1,1,1,308,0.000000
309,3,1,1,1,309,0.000000
310,3,1,1,1,310,0.000000
311,3,1,1,1,311,0.000000
312,3,1,2,2,156,0.802000
313,3,0,5,1,221,0.000000
314,3,0,2,1,1,0.013000
315,3,1,2,3,613,0.256000
316,3,1,1,2,316,0.120000
317,3,1,1,1,317,0.000000
318,3,1,1,1,318,0.000000
319,3,1,1,1,319,0.000000
320,3,1,1,1,320,0.000000
321,3,1,1,1,321,0.043000
322,3,1,1,1,322,0.000000
323,3,1,2,2,508,0.657500
324,3,1,1,1,324,0.000000
325,3,1,1,2,325,0.418000
326,3,1,1,1,326,0.000000
327,3,1,1,1,327,0.000000
328,3,0,5,3,376,0.181500
329,3,0,5,3,934,0.211500
330,3,1,3,3,484,0.380000
331,3,1,1,1,331,0.000000
332,3,1,1,1,332,0.000000
333,3,1,1,1,333,0.000000
334,3,1,1,1,334,0.000000
335,3,1,1,2,335,0.081000
336,3,1,1,1,336,0.000000
337,3,0,2,1,875,0.000000
338,3,1,1,1,338,0.043500
339,3,1,1,1,339,0.000000
340,3,1,1,1,340,0.000000
341,3,1,1,1,341,0.000000
342,3,1,2,2,856,0.063500
343,3,1,1,1,343,0.000000
344,3,1,1,1,344,0.000000
345,3,1,1,1,345,0.000000
346,3,1,1,1,346,0.000000
347,3,1,2,3,457,0.079500
348,3,1,1,1,348,0.000000
349,3,1,1,1,349,0.000000
350,3,1,1,1,350,0.000000
351,3,1,1,1,351,0.000000
352,3,1,1,1,352,0.000000
353,3,1,1,3,353,0.185500
354,3,0,2,1,953,0.001000
355,3,1,1,1,355,0.004500
356,3,1,1,1,356,0.000000
357,3,1,1,1,357,0.000000
358,3,1,1,1,358,0.000000
359,3,1,1,1,359,0.008500
360,3,0,3,1,420,0.000000
361,3,1,1,1,361,0.000000
362,3,0,2,1,548,0.003000
363,3,1,1,1,363,0.000000
364,3,1,1,1,364,0.000000
365,3,1,1,1,365,0.000000
366,3,0,3,1,560,0.037500
367,3,1,1,1,367,0.000000
368,3,1,1,1,368,0.000000
369,3,1,1,1,369,0.000000
370,3,1,1,1,370,0.000000
371,3,0,2,1,128,0.000000
372,3,1,1,1,372,0.000000
373,3,1,1,1,373,0.000000
374,3,1,1,1,374,0.000000
375,3,1,1,4,375,0.096500
376,3,1,1,1,376,0.004000
377,3,1,1,1,377,0.000000
378,3,1,1,1,378,0.000000
379,3,1,1,1,379,0.000000
380,3,1,1,1,380,0.000000
381,3,1,1,1,381,0.000000
382,3,1,1,1,382,0.000000
383,3,1,1,1,383,0.000000
384,3,1,1,1,384,0.000000
385,3,1,1,1,385,0.000000
386,3,1,1,1,386,0.000000
387,3,1,1,1,387,0.000000
388,3,1,1,1,388,0.000000
389,3,1,3,3,576,0.363000
390,3,1,3,3,429,0.220500
391,3,1,1,1,391,0.000000
392,3,1,1,1,392,0.000000
393,3,1,2,3,813,0.253000
394,3,1,1,1,394,0.000000
395,3,0,3,1,712,0.000000
396,3,1,1,1,396,0.000000
397,3,1,1,1,397,0.000000
398,3,1,1,1,398,0.000000
399,3,1,2,2,44,0.286500
400,3,1,1,1,400,0.000000
401,3,1,1,1,401,0.000000
402,3,1,1,1,402,0.000000
403,3,1,1,1,403,0.000000
404,3,1,1,2,404,0.224000
405,3,0,4,3,360,0.172000
406,3,1,1,2,406,0.081500
407,3,1,1,1,407,0.000000
408,3,0,26,1,296,0.000000
409,3,0,11,4,485,0.687000
410,3,1,1,1,410,0.000000
411,3,0,44,1,445,0.000000
412,3,1,1,1,412,0.000000
413,3,1,1,1,413,0.000000
414,3,1,1,1,414,0.000000
415,3,1,1,1,415,0.000000
416,3,1,1,1,416,0.042500
417,3,1,2,2,546,0.961000
418,3,1,1,1,418,0.000000
419,3,1,1,3,419,0.108000
420,3,1,1,1,420,0.000000
421,3,1,1,1,421,0.000000
422,3,0,2,1,338,0.000000
423,3,1,1,1,423,0.000000
424,3,1,1,1,424,0.000000
425,3,1,1,1,425,0.000000
426,3,1,1,1,426,0.000000
427,3,1,1,1,427,0.006000
428,3,1,1,1,428,0.000000
429,3,1,1,1,429,0.000000
430,3,1,1,1,430,0.000000
431,3,1,1,1,431,0.000000
432,3,1,1,1,432,0.000000
433,3,1,2,2,382,0.291500
434,3,1,1,1,434,0.000000
435,3,1,1,2,435,0.368000
436,3,1,1,1,436,0.000000
437,3,1,1,1,437,0.000000
438,3,1,1,1,438,0.000000
439,3,1,1,1,439,0.000000
440,3,1,1,1,440,0.028000
441,3,1,1,1,441,0.000000
442,3,1,1,1,442,0.000000
443,3,1,1,1,443,0.000000
444,3,1,1,1,444,0.000000
445,3,1,1,1,445,0.000000
446,3,1,1,1,446,0.000000
447,3,1,1,1,447,0.000000
448,3,1,3,6,53,0.118000
449,3,1,1,1,449,0.000000
450,3,1,1,1,450,0.000000
451,3,1,1,1,451,0.000000
452,3,1,1,1,452,0.000000
453,3,1,1,1,453,0.000000
454,3,1,1,1,454,0.000000
455,3,1,1,1,455,0.000000
456,3,1,1,1,456,0.000000
457,3,1,1,1,457,0.001500
458,3,1,1,1,458,0.000000
459,3,1,1,1,459,0.000000
460,3,1,1,1,460,0.000000
461,3,1,1,1,461,0.000000
462,3,1,1,1,462,0.000500
463,3,1,1,1,463,0.000000
464,3,1,1,1,464,0.025000
465,3,0,2,1,459,0.000000
466,3,1,1,2,466,0.672500
467,3,1,1,1,467,0.000000
468,3,1,1,1,468,0.000000
469,3,1,1,1,469,0.000000
470,3,0,2,1,210,0.004000
471,3,1,1,1,471,0.000000
472,3,1,1,1,472,0.000000
473,3,0,2,1,807,0.012500
474,3,1,1,1,474,0.000000
475,3,1,2,2,818,0.951500
476,3,1,1,2,476,0.091000
477,3,1,1,1,477,0.000000
478,3,1,1,1,478,0.000000
479,3,1,1,1,479,0.000000
480,3,1,1,1,480,0.000000
481,3,1,1,1,481,0.000500
482,3,1,1,1,482,0.000000
483,3,1,3,3,921,0.107000
484,3,1,2,3,330,0.315500
485,3,0,2,1,698,0.036500
486,3,1,1,1,486,0.000000
487,3,1,1,1,487,0.000000
488,3,1,1,1,488,0.000000
489,3,1,1,1,489,0.000000
490,3,0,3,1,701,0.000000
491,3,0,2,1,216,0.000000
492,3,1,1,1,492,0.000000
493,3,1,1,1,493,0.000000
494,3,1,1,1,494,0.000000
495,3,1,1,1,495,0.000000
496,3,1,1,1,496,0.000000
497,3,0,3,1,292,0.000000
498,3,1,1,1,498,0.000000
499,3,1,1,1,499,0.000000
500,3,1,1,1,500,0.000000
501,3,1,1,1,501,0.000000
502,3,1,1,1,502,0.000000
503,3,1,1,2,503,0.626500
504,3,1,1,1,504,0.000000
505,3,1,1,1,505,0.000000
506,3,1,1,1,506,0.000000
507,3,1,1,2,507,0.467500
508,3,1,1,1,508,0.000000
509,3,1,1,1,509,0.000000
510,3,1,1,1,510,0.000000
511,3,1,2,2,333,0.429000
512,3,1,2,4,233,0.067000
513,3,1,4,5,742,0.214500
514,3,1,1,1,514,0.016000
515,3,1,1,2,515,0.113500
516,3,1,1,1,516,0.000000
517,3,1,1,3,517,0.065000
518,3,1,2,3,834,0.135500
519,3,1,1,1,519,0.000000
520,3,1,1,1,520,0.000000
521,3,0,2,1,839,0.002000
522,3,1,1,1,522,0.000000
523,3,1,1,1,523,0.027000
524,3,1,1,1,524,0.000000
525,3,1,1,2,525,0.992500
526,3,1,1,1,526,0.000000
527,3,1,1,1,527,0.000000
528,3,1,1,1,528,0.000000
529,3,1,1,1,529,0.000000
530,3,1,1,1,530,0.000000
531,3,1,1,1,531,0.000000
532,3,1,1,1,532,0.000000
533,3,1,1,1,533,0.000000
534,3,1,1,1,534,0.000000
535,3,1,1,1,535,0.000000
536,3,1,1,1,536,0.000000
537,3,1,1,1,537,0.000000
538,3,1,1,1,538,0.000000
539,3,1,1,1,539,0.000000
540,3,1,1,1,540,0.000000
541,3,1,1,1,541,0.000000
542,3,1,1,1,542,0.000000
543,3,1,1,1,543,0.000000
544,3,1,1,1,544,0.000000
545,3,1,1,2,545,0.207500
546,3,0,6,1,237,0.000000
547,3,1,1,1,547,0.000000
548,3,1,1,1,548,0.000000
549,3,1,1,1,549,0.000000
550,3,1,1,1,550,0.000000
551,3,1,1,1,551,0.000000
552,3,0,8,1,503,0.003000
553,3,1,1,1,553,0.000000
554,3,1,1,3,554,0.137500
555,3,1,1,1,555,0.000000
556,3,1,1,1,556,0.000000
557,3,1,1,1,557,0.000000
558,3,0,4,1,739,0.000000
559,3,1,1,1,559,0.000500
560,3,1,1,1,560,0.000000
561,3,1,1,1,561,0.042500
562,3,0,7,1,567,0.033500
563,3,1,1,1,563,0.000000
564,3,1,1,1,564,0.000000
565,3,1,2,2,505,0.094000
566,3,1,1,1,566,0.000000
567,3,1,1,1,567,0.000000
568,3,1,1,1,568,0.000000
569,3,1,1,1,569,0.000000
570,3,1,1,1,570,0.000000
571,3,1,1,1,571,0.000000
572,3,1,1,1,572,0.000000
573,3,1,1,1,573,0.000000
574,3,1,1,1,574,0.000000
575,3,1,1,1,575,0.000000
576,3,1,1,1,576,0.000500
577,3,0,3,1,481,0.000000
578,3,1,1,1,578,0.000000
579,3,1,1,2,579,0.052500
580,3,0,5,1,291,0.000000
581,3,1,1,1,581,0.000000
582,3,1,1,1,582,0.000000
583,3,1,1,2,583,0.072000
584,3,1,1,2,584,0.189000
585,3,1,1,1,585,0.000000
586,3,1,1,1,586,0.000000
587,3,0,3,1,246,0.000000
588,3,1,1,1,588,0.000000
589,3,1,1,1,589,0.001000
590,3,1,1,1,590,0.000000
591,3,1,1,1,591,0.000000
592,3,1,1,1,592,0.000000
593,3,1,1,2,593,0.119000
594,3,1,1,1,594,0.000000
595,3,1,1,1,595,0.000000
596,3,1,1,1,596,0.000000
597,3,1,1,1,597,0.000000
598,3,1,1,1,598,0.000000
599,3,1,1,1,599,0.000000
600,3,1,1,2,600,0.052500
601,3,1,1,1,601,0.000000
602,3,1,1,1,602,0.000000
603,3,1,1,1,603,0.000000
604,3,1,1,1,604,0.000000
605,3,1,1,1,605,0.000000
606,3,1,1,1,606,0.000000
607,3,1,1,1,607,0.005000
608,3,1,1,1,608,0.000500
609,3,1,1,1,609,0.000000
610,3,1,1,1,610,0.000000
611,3,1,1,2,611,0.405000
612,3,1,1,1,612,0.000000
613,3,1,1,1,613,0.000000
614,3,1,1,2,614,0.165000
615,3,1,1,1,615,0.027000
616,3,1,1,1,616,0.000000
617,3,0,2,1,916,0.017500
618,3,1,1,1,618,0.000000
619,3,1,2,2,930,0.989000
620,3,1,1,1,620,0.000000
621,3,1,1,1,621,0.000000
622,3,1,1,1,622,0.000000
623,3,1,1,1,623,0.000000
624,3,1,1,1,624,0.000000
625,3,1,1,1,625,0.000000
626,3,1,1,1,626,0.000000
627,3,1,1,1,627,0.000000
628,3,1,1,2,628,0.277500
629,3,1,1,1,629,0.000000
630,3,1,1,1,630,0.000000
631,3,1,1,1,631,0.000000
632,3,1,1,1,632,0.000000
633,3,1,1,1,633,0.000000
634,3,1,1,1,634,0.000000
635,3,0,2,1,904,0.001000
636,3,1,1,1,636,0.000000
637,3,1,1,1,637,0.000000
638,3,1,1,1,638,0.000000
639,3,1,1,1,639,0.000000
640,3,1,1,1,640,0.000000
641,3,1,1,1,641,0.000500
642,3,1,1,1,642,0.000000
643,3,1,1,1,643,0.000000
644,3,1,1,1,644,0.000000
645,3,1,1,3,645,0.105500
646,3,1,1,1,646,0.000000
647,3,1,1,1,647,0.000000
648,3,1,1,1,648,0.000000
649,3,1,1,1,649,0.000000
650,3,1,1,1,650,0.000000
651,3,1,1,1,651,0.000000
652,3,1,1,1,652,0.001000
653,3,1,1,1,653,0.000000
654,3,1,1,6,654,0.212000
655,3,1,1,1,655,0.000000
656,3,1,1,2,656,0.102500
657,3,1,1,1,657,0.000000
658,3,1,1,1,658,0.000000
659,3,1,1,1,659,0.000000
660,3,1,1,1,660,0.000000
661,3,1,1,1,661,0.000000
662,3,1,1,1,662,0.000000
663,3,0,3,2,822,0.056500
664,3,1,1,1,664,0.000000
665,3,1,1,1,665,0.000000
666,3,1,1,1,666,0.000000
667,3,1,2,2,798,0.066500
668,3,1,1,3,668,0.051000
669,3,1,1,1,669,0.000000
670,3,1,1,1,670,0.000000
671,3,1,1,1,671,0.000000
672,3,1,1,1,672,0.000000
673,3,1,1,1,673,0.000000
674,3,1,1,1,674,0.000000
675,3,1,1,3,675,0.077500
676,3,1,1,1,676,0.000000
677,3,0,2,1,786,0.000000
678,3,1,1,1,678,0.000000
679,3,1,1,1,679,0.000000
680,3,1,1,1,680,0.000000
681,3,1,2,3,427,0.651500
682,3,1,2,2,141,0.694000
683,3,1,2,2,779,0.669000
684,3,1,1,1,684,0.000000
685,3,1,1,1,685,0.000000
686,3,1,1,1,686,0.000000
687,3,1,1,1,687,0.000000
688,3,1,1,1,688,0.000000
689,3,1,1,1,689,0.000000
690,3,1,2,2,154,0.189500
691,3,0,2,1,661,0.000000
692,3,1,1,1,692,0.043500
693,3,1,1,1,693,0.000000
694,3,1,2,3,803,0.222500
695,3,1,1,1,695,0.000000
696,3,1,1,1,696,0.006000
697,3,1,1,1,697,0.000000
698,3,1,1,1,698,0.000000
699,3,0,3,1,892,0.000000
700,3,1,2,4,785,0.735500
701,3,1,1,2,701,0.059500
702,3,1,1,1,702,0.000000
703,3,1,1,1,703,0.000000
704,3,1,1,1,704,0.000500
705,3,0,5,2,941,0.118000
706,3,1,1,1,706,0.000000
707,3,1,2,2,518,0.321000
708,3,0,3,1,533,0.000000
709,3,1,1,1,709,0.000000
710,3,1,1,1,710,0.000000
711,3,1,1,1,711,0.000000
712,3,0,3,1,302,0.001500
713,3,1,1,1,713,0.000000
714,3,1,1,1,714,0.000500
715,3,1,1,1,715,0.000000
716,3,1,1,1,716,0.023500
717,3,1,1,1,717,0.000000
718,3,1,1,1,718,0.000000
719,3,1,1,1,719,0.000000
720,3,1,1,1,720,0.000000
721,3,1,1,1,721,0.000000
722,3,1,1,1,722,0.000000
723,3,1,1,1,723,0.000000
724,3,1,1,1,724,0.000000
725,3,1,2,2,194,0.186000
726,3,1,1,1,726,0.000000
727,3,1,1,1,727,0.000000
728,3,1,1,1,728,0.000000
729,3,1,1,1,729,0.004500
730,3,1,1,1,730,0.000000
731,3,1,1,1,731,0.000000
732,3,1,1,1,732,0.000000
733,3,0,2,1,73,0.000000
734,3,1,1,1,734,0.000000
735,3,1,1,1,735,0.000000
736,3,1,1,1,736,0.000000
737,3,1,1,1,737,0.000500
738,3,0,2,1,254,0.000000
739,3,1,1,2,739,0.663000
740,3,1,2,2,696,0.366000
741,3,1,1,2,741,0.070500
742,3,0,2,1,518,0.000000
743,3,1,1,1,743,0.000000
744,3,1,1,1,744,0.000000
745,3,1,1,1,745,0.001000
746,3,1,1,1,746,0.000000
747,3,1,1,1,747,0.000000
748,3,1,1,1,748,0.002500
749,3,1,1,1,749,0.000000
750,3,1,1,1,750,0.000000
751,3,1,1,1,751,0.000000
752,3,1,1,1,752,0.000000
753,3,1,1,1,753,0.000500
754,3,1,1,1,754,0.000000
755,3,1,1,1,755,0.000000
756,3,0,9,3,742,0.137000
757,3,1,1,1,757,0.014500
758,3,1,1,1,758,0.000000
759,3,0,4,2,795,0.106500
760,3,1,1,1,760,0.000000
761,3,1,1,1,761,0.000000
762,3,1,1,1,762,0.000000
763,3,1,1,1,763,0.001000
764,3,0,2,1,631,0.000000
765,3,1,1,1,765,0.000000
766,3,1,1,1,766,0.000000
767,3,0,5,2,787,0.093000
768,3,1,1,1,768,0.000500
769,3,1,1,1,769,0.000000
770,3,1,1,1,770,0.000000
771,3,1,1,1,771,0.043000
772,3,1,1,1,772,0.000000
773,3,1,1,1,773,0.002500
774,3,1,1,4,774,0.149500
775,3,1,1,1,775,0.000000
776,3,1,1,1,776,0.000000
777,3,1,1,7,777,0.417000
778,3,1,1,1,778,0.000000
779,3,1,1,1,779,0.000500
780,3,1,1,1,780,0.000000
781,3,1,2,2,957,0.494000
782,3,1,1,1,782,0.000000
783,3,1,1,4,783,0.149500
784,3,1,1,2,784,0.165500
785,3,1,1,1,785,0.000000
786,3,1,1,1,786,0.001000
787,3,1,1,1,787,0.000000
788,3,1,1,1,788,0.000000
789,3,1,1,2,789,0.666000
790,3,1,1,1,790,0.000000
791,3,1,1,1,791,0.003000
792,3,1,1,2,792,0.137000
793,3,1,1,1,793,0.000500
794,3,1,1,1,794,0.003000
795,3,1,1,1,795,0.000000
796,3,1,1,1,796,0.000000
797,3,1,1,1,797,0.000000
798,3,1,1,1,798,0.002000
799,3,1,1,1,799,0.019500
800,3,1,1,1,800,0.000000
801,3,1,1,2,801,0.860500
802,3,1,1,1,802,0.000000
803,3,1,2,2,574,0.469500
804,3,1,1,1,804,0.000000
805,3,1,1,1,805,0.000000
806,3,1,1,1,806,0.000000
807,3,1,1,1,807,0.003000
808,3,1,1,1,808,0.000500
809,3,0,2,1,560,0.000000
810,3,0,2,1,932,0.000000
811,3,1,1,1,811,0.000000
812,3,1,2,2,703,0.159000
813,3,1,1,1,813,0.002500
814,3,1,2,5,566,0.192500
815,3,1,1,4,815,0.291000
816,3,1,1,1,816,0.000000
817,3,1,1,1,817,0.000000
818,3,1,1,1,818,0.000000
819,3,0,2,1,143,0.048500
820,3,1,1,2,820,0.277500
821,3,1,1,1,821,0.000000
822,3,1,1,1,822,0.000000
823,3,1,1,1,823,0.026500
824,3,1,1,1,824,0.000000
825,3,1,1,1,825,0.000000
826,3,1,1,2,826,0.091000
827,3,1,1,1,827,0.002500
828,3,1,2,2,192,0.786000
829,3,1,1,1,829,0.000000
830,3,1,1,1,830,0.007500
831,3,1,1,7,831,0.489000
832,3,1,1,2,832,0.428500
833,3,1,1,1,833,0.000000
834,3,1,1,1,834,0.000000
835,3,1,1,1,835,0.000000
836,3,1,1,1,836,0.000000
837,3,1,1,1,837,0.000000
838,3,0,3,1,258,0.000000
839,3,1,1,2,839,0.141500
840,3,1,1,1,840,0.005500
841,3,1,1,3,841,0.526000
842,3,0,2,1,588,0.002000
843,3,1,1,1,843,0.000000
844,3,1,6,6,566,0.053500
845,3,1,1,1,845,0.000000
846,3,1,1,1,846,0.000000
847,3,1,1,1,847,0.000000
848,3,1,1,1,848,0.000000
849,3,1,1,1,849,0.000000
850,3,0,2,1,349,0.021000
851,3,1,1,1,851,0.000000
852,3,1,1,1,852,0.000000
853,3,1,1,1,853,0.000000
854,3,1,2,2,898,0.685500
855,3,1,1,1,855,0.000000
856,3,1,1,1,856,0.006500
857,3,1,1,1,857,0.012500
858,3,0,5,3,372,0.059500
859,3,0,8,1,503,0.015500
860,3,1,1,1,860,0.000000
861,3,1,1,1,861,0.000000
862,3,1,1,1,862,0.000000
863,3,1,1,1,863,0.000000
864,3,0,7,3,33,0.135000
865,3,0,5,3,949,0.160500
866,3,1,1,1,866,0.000000
867,3,1,1,1,867,0.000000
868,3,1,1,2,868,0.129500
869,3,1,1,1,869,0.000000
870,3,1,2,2,792,0.251500
871,3,1,1,1,871,0.000000
872,3,1,1,1,872,0.000000
873,3,0,2,1,610,0.000500
874,3,1,1,1,874,0.000000
875,3,1,1,1,875,0.000000
876,3,1,1,1,876,0.000000
877,3,1,1,1,877,0.000000
878,3,1,1,1,878,0.000000
879,3,1,1,1,879,0.000000
880,3,1,1,1,880,0.000000
881,3,1,1,1,881,0.000000
882,3,1,1,1,882,0.000000
883,3,0,2,1,612,0.000000
884,3,1,2,2,803,0.690000
885,3,1,1,1,885,0.000000
886,3,1,1,1,886,0.000000
887,3,1,1,6,887,0.496500
888,3,1,1,1,888,0.000000
889,3,1,1,1,889,0.001000
890,3,1,1,2,890,0.119500
891,3,1,1,1,891,0.000000
892,3,1,1,1,892,0.000000
893,3,1,1,1,893,0.000000
894,3,1,1,1,894,0.000000
895,3,1,1,1,895,0.002500
896,3,1,1,1,896,0.000000
897,3,1,1,1,897,0.000000
898,3,1,1,1,898,0.000000
899,3,1,1,1,899,0.000000
900,3,1,1,1,900,0.000000
901,3,1,1,1,901,0.000000
902,3,1,1,1,902,0.000000
903,3,1,1,1,903,0.000000
904,3,1,1,1,904,0.000000
905,3,1,1,1,905,0.000000
906,3,1,1,1,906,0.000000
907,3,1,1,1,907,0.000000
908,3,1,1,1,908,0.000000
909,3,1,2,4,786,0.067000
910,3,0,6,2,318,0.981000
911,3,1,1,1,911,0.000000
912,3,1,1,1,912,0.000000
913,3,1,1,1,913,0.000000
914,3,1,1,1,914,0.000000
915,3,1,1,1,915,0.000000
916,3,1,1,1,916,0.000000
917,3,1,1,1,917,0.009000
918,3,1,1,1,918,0.000000
919,3,1,2,2,304,0.240000
920,3,0,3,1,439,0.000000
921,3,1,1,1,921,0.000000
922,3,0,3,1,698,0.000000
923,3,1,1,1,923,0.000000
924,3,1,1,1,924,0.000000
925,3,1,1,1,925,0.000000
926,3,1,1,1,926,0.000000
927,3,1,2,3,894,0.083500
928,3,1,2,5,785,0.099000
929,3,1,1,1,929,0.000000
930,3,0,2,1,956,0.000000
931,3,0,7,1,859,0.000000
932,3,1,1,1,932,0.000000
933,3,1,1,1,933,0.000000
934,3,0,2,1,659,0.009000
935,3,1,1,1,935,0.000000
936,3,1,1,1,936,0.000000
937,3,1,1,1,937,0.000000
938,3,1,1,1,938,0.000000
939,3,1,1,1,939,0.000000
940,3,1,1,1,940,0.004500
941,3,1,1,1,941,0.000000
942,3,0,2,1,576,0.000500
943,3,1,1,1,943,0.000000
944,3,1,2,2,912,0.731000
945,3,0,9,5,342,0.190500
946,3,1,1,1,946,0.000000
947,3,0,2,1,90,0.024500
948,3,1,1,1,948,0.000000
949,3,1,1,1,949,0.001000
950,3,1,1,1,950,0.001500
951,3,1,1,1,951,0.000000
952,3,1,2,2,296,0.852500
953,3,1,1,1,953,0.000000
954,3,1,1,1,954,0.000500
955,3,1,1,1,955,0.000000
956,3,1,2,2,67,0.288500
957,3,1,1,3,957,0.262500
958,3,1,2,2,548,0.649000
959,3,1,1,1,959,0.000000
960,3,1,1,1,960,0.000000
961,3,1,1,1,961,0.000000
962,3,1,1,1,962,0.000500
963,3,1,1,1,963,0.000000
964,3,1,1,1,964,0.000000
965,3,1,1,1,965,0.001500
966,3,1,1,1,966,0.000000
967,3,1,2,2,984,0.159000
968,3,1,1,1,968,0.000000
969,3,1,1,2,969,0.056000
970,3,1,2,2,36,0.313500
971,3,1,1,1,971,0.000000
972,3,0,8,1,622,0.038000
973,3,1,2,3,693,0.720000
974,3,1,1,1,974,0.000000
975,3,1,1,1,975,0.000000
976,3,1,2,2,797,0.406000
977,3,1,1,1,977,0.000000
978,3,1,1,1,978,0.000000
979,3,1,1,1,979,0.000000
980,3,1,1,2,980,0.098000
981,3,1,1,1,981,0.000000
982,3,1,1,1,982,0.006000
983,3,1,1,1,983,0.000000
984,3,1,1,1,984,0.031500
985,3,1,1,1,985,0.000000
986,3,1,1,1,986,0.000000
987,3,1,1,1,987,0.009500
988,3,1,1,1,988,0.000000
989,3,1,1,1,989,0.000000
990,3,1,1,1,990,0.000000
991,3,1,1,1,991,0.000000
992,3,1,1,1,992,0.000000
993,3,1,1,1,993,0.000000
994,3,1,1,1,994,0.000000
995,3,1,1,1,995,0.000000
996,3,1,1,1,996,0.000000
997,3,1,1,1,997,0.000000
998,3,1,1,1,998,0.000000
999,3,1,1,1,999,0.000000
1000,3,1,1,1,1000,0.000000
1,4,1,1,1,1,0.000000
2,4,1,1,1,2,0.000000
3,4,1,1,3,3,0.404500
4,4,1,2,2,399,0.340000
5,4,1,1,1,5,0.000000
6,4,1,1,1,6,0.000000
7,4,1,1,1,7,0.003000
8,4,1,1,1,8,0.000000
9,4,1,1,1,9,0.000000
10,4,0,7,1,316,0.000500
11,4,0,4,1,998,0.022000
12,4,1,1,1,12,0.000000
13,4,1,1,1,13,0.000000
14,4,0,13,2,560,0.091000
15,4,0,3,1,433,0.000500
16,4,1,1,1,16,0.000000
17,4,1,1,1,17,0.000000
18,4,0,2,1,556,0.000000
19,4,1,1,1,19,0.000000
20,4,0,8,1,309,0.000000
21,4,0,2,1,837,0.011500
22,4,1,1,1,22,0.000000
23,4,1,1,1,23,0.000000
24,4,1,1,1,24,0.000000
25,4,1,1,2,25,0.330000
26,4,1,1,1,26,0.000000
27,4,1,1,1,27,0.000000
28,4,1,1,1,28,0.000000
29,4,1,1,1,29,0.000000
30,4,1,1,1,30,0.000000
31,4,1,1,1,31,0.000000
32,4,1,1,1,32,0.000000
33,4,1,1,1,33,0.001000
34,4,0,4,1,224,0.000000
35,4,1,1,1,35,0.000000
36,4,1,1,1,36,0.000000
37,4,1,1,1,37,0.000000
38,4,1,1,1,38,0.000000
39,4,1,1,1,39,0.000000
40,4,1,1,1,40,0.000000
41,4,1,1,1,41,0.000000
42,4,1,1,2,42,0.119000
43,4,1,1,1,43,0.000000
44,4,1,1,1,44,0.000000
45,4,1,2,2,218,0.245000
46,4,1,1,1,46,0.000000
47,4,1,1,1,47,0.000000
48,4,1,1,1,48,0.000000
49,4,1,1,1,49,0.000000
50,4,1,1,1,50,0.000000
51,4,1,1,3,51,0.052500
52,4,1,1,1,52,0.000000
53,4,1,1,1,53,0.000000
54,4,1,1,1,54,0.000000
55,4,1,1,1,55,0.000000
56,4,1,1,1,56,0.000000
57,4,1,2,4,227,0.052500
58,4,1,1,1,58,0.000000
59,4,1,1,1,59,0.000000
60,4,1,1,1,60,0.000000
61,4,1,1,2,61,0.182000
62,4,1,1,1,62,0.000000
63,4,1,1,1,63,0.000000
64,4,1,1,2,64,0.851000
65,4,1,1,1,65,0.000000
66,4,1,1,1,66,0.000000
67,4,1,1,2,67,0.061000
68,4,1,1,1,68,0.000000
69,4,1,1,1,69,0.000000
70,4,1,1,1,70,0.000000
71,4,1,1,1,71,0.000000
72,4,1,1,1,72,0.002000
73,4,1,1,1,73,0.000000
74,4,1,1,1,74,0.000000
75,4,1,1,1,75,0.000000
76,4,0,9,2,956,0.336000
77,4,1,1,1,77,0.002000
78,4,1,1,1,78,0.000000
79,4,1,1,1,79,0.000000
80,4,1,1,2,80,0.488500
81,4,1,1,1,81,0.000000
82,4,1,1,1,82,0.000500
83,4,0,31,1,746,0.000500
84,4,1,1,1,84,0.000000
85,4,0,2,1,718,0.000500
86,4,1,1,1,86,0.000000
87,4,1,1,1,87,0.000000
88,4,0,7,3,383,0.057500
89,4,1,1,1,89,0.000000
90,4,1,1,1,90,0.001000
91,4,1,1,1,91,0.000000
92,4,1,1,1,92,0.000000
93,4,0,4,1,143,0.000000
94,4,1,2,2,423,0.662000
95,4,1,1,1,95,0.000000
96,4,1,1,1,96,0.000000
97,4,1,1,1,97,0.000000
98,4,1,1,1,98,0.000000
99,4,1,1,1,99,0.000000
100,4,1,1,1,100,0.000000
101,4,1,1,1,101,0.000000
102,4,1,1,1,102,0.009500
103,4,1,1,3,103,0.782500
104,4,1,3,3,835,0.275000
105,4,1,1,1,105,0.000000
106,4,0,3,1,390,0.000000
107,4,1,1,1,107,0.000000
108,4,0,5,4,250,0.054500
109,4,1,1,1,109,0.000000
110,4,1,1,1,110,0.000000
111,4,1,1,1,111,0.000000
112,4,1,1,1,112,0.000000
113,4,1,1,2,113,0.139000
114,4,1,1,1,114,0.000000
115,4,1,1,1,115,0.000000
116,4,1,1,1,116,0.000000
117,4,1,1,1,117,0.000000
118,4,1,1,1,118,0.000000
119,4,0,2,1,96,0.004000
120,4,1,1,1,120,0.000000
121,4,1,1,1,121,0.000000
122,4,1,1,1,122,0.000000
123,4,1,1,1,123,0.000000
124,4,1,1,1,124,0.007500
125,4,1,1,1,125,0.002000
126,4,1,1,1,126,0.000000
127,4,0,2,1,378,0.008000
128,4,1,1,1,128,0.000000
129,4,1,1,1,129,0.000000
130,4,1,2,2,80,0.828000
131,4,1,1,1,131,0.000000
132,4,1,1,1,132,0.000000
133,4,1,2,2,855,0.083500
134,4,0,4,1,5,0.000000
135,4,1,1,1,135,0.000000
136,4,1,1,1,136,0.000000
137,4,1,2,3,912,0.130500
138,4,0,2,1,59,0.000500
139,4,0,4,1,534,0.000500
140,4,1,1,1,140,0.000000
141,4,1,1,1,141,0.000000
142,4,1,1,1,142,0.000000
143,4,1,1,1,143,0.001000
144,4,1,1,2,144,0.493500
145,4,1,1,1,145,0.000000
146,4,1,1,1,146,0.000000
147,4,1,1,1,147,0.000000
148,4,1,1,1,148,0.000000
149,4,0,2,1,578,0.030500
150,4,1,1,2,150,0.144500
151,4,1,1,1,151,0.000000
152,4,1,1,1,152,0.000000
153,4,1,1,1,153,0.000000
154,4,1,1,1,154,0.000000
155,4,1,1,1,155,0.000000
156,4,1,1,1,156,0.000000
157,4,0,3,1,57,0.014500
158,4,1,1,3,158,0.064500
159,4,0,3,1,980,0.000000
160,4,0,5,2,164,0.866000
161,4,1,1,1,161,0.000000
162,4,1,2,2,194,0.106000
163,4,1,1,1,163,0.000000
164,4,1,2,3,927,0.190000
165,4,1,1,2,165,0.110000
166,4,1,1,3,166,0.053000
167,4,1,1,1,167,0.000000
168,4,1,3,3,785,0.441000
169,4,1,1,1,169,0.000000
170,4,1,1,1,170,0.000000
171,4,0,2,1,377,0.000000
172,4,1,1,1,172,0.000000
173,4,1,1,1,173,0.000000
174,4,1,1,1,174,0.000000
175,4,1,1,1,175,0.000000
176,4,1,1,1,176,0.000000
177,4,1,1,1,177,0.000000
178,4,1,1,1,178,0.000000
179,4,1,1,2,179,0.082000
180,4,1,1,1,180,0.000000
181,4,0,4,2,587,0.618500
182,4,0,2,1,937,0.042500
183,4,1,1,1,183,0.000000
184,4,1,1,1,184,0.006500
185,4,1,1,1,185,0.000000
186,4,1,1,1,186,0.000500
187,4,1,1,1,187,0.000000
188,4,1,1,1,188,0.000000
189,4,0,7,1,678,0.000000
190,4,1,1,1,190,0.000000
191,4,1,1,3,191,0.392500
192,4,1,1,1,192,0.000000
193,4,1,1,1,193,0.000000
194,4,1,1,1,194,0.000000
195,4,1,1,1,195,0.000000
196,4,1,1,1,196,0.000000
197,4,1,1,1,197,0.001500
198,4,0,3,1,283,0.032000
199,4,1,1,1,199,0.000000
200,4,1,1,1,200,0.000000
201,4,1,1,1,201,0.000000
202,4,1,1,1,202,0.000000
203,4,1,1,1,203,0.000000
204,4,0,2,1,728,0.000000
205,4,0,4,2,423,0.852500
206,4,1,1,1,206,0.000000
207,4,1,1,1,207,0.000000
208,4,1,1,1,208,0.000000
209,4,1,1,1,209,0.034000
210,4,1,2,2,470,0.183500
211,4,1,1,1,211,0.000000
212,4,1,1,1,212,0.000000
213,4,1,1,1,213,0.001500
214,4,0,22,1,95,0.000000
215,4,1,1,1,215,0.000000
216,4,1,1,1,216,0.000000
217,4,1,1,1,217,0.000000
218,4,1,1,2,218,0.100500
219,4,1,3,3,908,0.350500
220,4,1,1,1,220,0.005000
221,4,0,3,1,313,0.017000
222,4,1,1,1,222,0.000000
223,4,1,1,1,223,0.000000
224,4,1,1,1,224,0.000000
225,4,0,2,1,758,0.036000
226,4,1,1,2,226,0.069500
227,4,1,1,1,227,0.000000
228,4,1,1,1,228,0.000000
229,4,0,4,2,965,0.567000
230,4,1,1,2,230,0.057000
231,4,1,1,1,231,0.000000
232,4,1,2,2,176,0.379500
233,4,1,1,1,233,0.000000
234,4,1,1,1,234,0.000000
235,4,1,1,2,235,0.076000
236,4,1,1,1,236,0.000000
237,4,1,1,1,237,0.000000
238,4,1,1,1,238,0.000000
239,4,1,1,1,239,0.000000
240,4,1,1,1,240,0.000000
241,4,0,14,1,100,0.000000
242,4,1,1,1,242,0.000000
243,4,1,1,1,243,0.000000
244,4,1,1,1,244,0.000000
245,4,1,1,1,245,0.000000
246,4,0,2,1,815,0.000500
247,4,1,1,1,247,0.000000
248,4,1,2,2,795,0.833000
249,4,1,3,3,625,0.233500
250,4,1,1,1,250,0.000000
251,4,1,1,1,251,0.000500
252,4,1,1,1,252,0.000000
253,4,0,3,2,675,0.290500
254,4,1,1,1,254,0.000000
255,4,1,1,2,255,0.270500
256,4,1,1,1,256,0.000000
257,4,1,1,1,257,0.000000
258,4,1,1,1,258,0.000000
259,4,0,3,1,521,0.000000
260,4,1,1,1,260,0.000000
261,4,0,4,3,90,0.110000
262,4,0,6,3,430,0.472500
263,4,1,1,2,263,0.326000
264,4,1,1,1,264,0.000000
265,4,1,1,1,265,0.000000
266,4,0,2,1,960,0.002000
267,4,1,1,1,267,0.000000
268,4,1,1,1,268,0.000000
269,4,1,1,1,269,0.000000
270,4,1,1,1,270,0.000000
271,4,1,1,1,271,0.000000
272,4,1,1,1,272,0.000000
273,4,1,1,1,273,0.000000
274,4,1,1,1,274,0.000000
275,4,1,1,4,275,0.090000
276,4,1,1,1,276,0.000000
277,4,1,1,1,277,0.000000
278,4,1,1,1,278,0.000000
279,4,1,1,1,279,0.000000
280,4,1,2,2,122,0.065500
281,4,1,1,1,281,0.000000
282,4,1,1,1,282,0.000000
283,4,0,3,1,651,0.001000
284,4,1,1,1,284,0.000000
285,4,1,1,1,285,0.000000
286,4,1,1,2,286,0.600500
287,4,0,6,1,747,0.002000
288,4,0,2,1,719,0.000000
289,4,1,1,1,289,0.000000
290,4,1,1,1,290,0.000000
291,4,1,1,1,291,0.000000
292,4,1,1,1,292,0.000000
293,4,0,3,1,483,0.010500
294,4,1,1,1,294,0.000000
295,4,1,1,2,295,0.141500
296,4,0,6,3,585,0.267500
297,4,1,1,1,297,0.000000
298,4,1,1,1,298,0.000000
299,4,1,1,1,299,0.000000
300,4,1,1,1,300,0.000000
301,4,1,1,1,301,0.000000
302,4,1,1,1,302,0.000000
303,4,1,1,1,303,0.000000
304,4,1,1,2,304,0.463500
305,4,0,4,1,864,0.000000
306,4,1,1,1,306,0.000000
307,4,1,1,1,307,0.000000
308,4,1,1,1,308,0.000000
309,4,1,1,1,309,0.000000
310,4,1,1,1,310,0.000000
311,4,1,1,1,311,0.000000
312,4,1,1,1,312,0.000000
313,4,1,1,1,313,0.018000
314,4,1,2,2,199,0.305500
315,4,1,1,1,315,0.000000
316,4,1,1,1,316,0.000000
317,4,1,1,2,317,0.125500
318,4,1,1,1,318,0.000000
319,4,1,1,1,319,0.000000
320,4,1,1,1,320,0.000000
321,4,1,3,4,120,0.062000
322,4,1,1,2,322,0.201000
323,4,1,3,3,508,0.134500
324,4,1,1,2,324,0.236000
325,4,1,2,2,49,0.147000
326,4,1,1,1,326,0.000000
327,4,1,2,2,393,0.235000
328,4,1,1,1,328,0.000000
329,4,1,1,1,329,0.000000
330,4,1,1,2,330,0.061000
331,4,1,1,1,331,0.000000
332,4,0,3,1,681,0.005000
333,4,1,1,1,333,0.000000
334,4,1,1,1,334,0.000000
335,4,1,1,1,335,0.000000
336,4,1,1,1,336,0.002000
337,4,1,1,1,337,0.000000
338,4,1,1,1,338,0.000000
339,4,1,1,1,339,0.000000
340,4,1,1,1,340,0.000000
341,4,0,2,1,589,0.002500
342,4,1,1,1,342,0.000000
343,4,0,2,1,256,0.000000
344,4,1,1,1,344,0.000000
345,4,1,1,1,345,0.000000
346,4,1,1,1,346,0.000000
347,4,1,1,1,347,0.000000
348,4,1,1,1,348,0.000000
349,4,1,1,1,349,0.000000
350,4,1,1,1,350,0.000000
351,4,1,1,1,351,0.000000
352,4,1,1,1,352,0.000000
353,4,1,1,2,353,0.835000
354,4,1,2,3,835,0.163000
355,4,1,1,1,355,0.000000
356,4,1,1,1,356,0.000000
357,4,1,1,1,357,0.000000
358,4,1,1,1,358,0.000000
359,4,1,1,1,359,0.000000
360,4,1,1,1,360,0.000000
361,4,1,1,2,361,0.383000
362,4,0,8,4,721,0.122000
363,4,1,1,1,363,0.000000
364,4,1,1,1,364,0.019500
365,4,0,6,1,699,0.000000
366,4,1,1,1,366,0.000000
367,4,1,1,1,367,0.000000
368,4,1,1,1,368,0.022500
369,4,1,1,1,369,0.000000
370,4,1,2,2,842,0.542000
371,4,1,1,1,371,0.000000
372,4,1,1,1,372,0.000000
373,4,1,1,1,373,0.000000
374,4,1,1,1,374,0.000000
375,4,1,1,1,375,0.000000
376,4,1,2,4,383,0.219000
377,4,1,1,1,377,0.001500
378,4,0,5,1,127,0.000000
379,4,1,1,1,379,0.000000
380,4,1,1,1,380,0.000000
381,4,1,2,2,202,0.126500
382,4,1,1,1,382,0.000000
383,4,1,1,1,383,0.000000
384,4,1,1,1,384,0.000000
385,4,1,2,7,59,0.062500
386,4,1,1,1,386,0.000000
387,4,1,2,5,823,0.739500
388,4,1,1,1,388,0.000000
389,4,1,1,2,389,0.679500
390,4,0,3,1,281,0.000000
391,4,1,1,2,391,0.825500
392,4,1,1,1,392,0.012000
393,4,1,1,1,393,0.000000
394,4,1,1,1,394,0.000000
395,4,1,1,1,395,0.000000
396,4,1,1,1,396,0.000000
397,4,1,1,2,397,0.858000
398,4,1,1,1,398,0.000000
399,4,1,1,1,399,0.000500
400,4,1,1,1,400,0.000000
401,4,1,1,1,401,0.000000
402,4,1,1,1,402,0.000000
403,4,1,1,2,403,0.480000
404,4,1,1,1,404,0.000000
405,4,1,1,1,405,0.000000
406,4,1,2,2,238,0.964500
407,4,1,2,2,815,0.872500
408,4,0,2,1,288,0.007500
409,4,0,6,2,129,0.645000
410,4,1,1,1,410,0.000000
411,4,1,1,7,411,0.102500
412,4,1,1,1,412,0.000000
413,4,1,1,1,413,0.000000
414,4,1,1,1,414,0.002500
415,4,1,1,1,415,0.000000
416,4,1,1,1,416,0.000000
417,4,1,1,1,417,0.000000
418,4,1,1,1,418,0.000000
419,4,1,1,1,419,0.032000
420,4,1,1,1,420,0.000000
421,4,1,1,1,421,0.000000
422,4,1,1,1,422,0.000000
423,4,1,1,1,423,0.000000
424,4,1,1,1,424,0.000000
425,4,1,1,1,425,0.000000
426,4,1,1,1,426,0.000000
427,4,1,1,1,427,0.014000
428,4,1,1,2,428,0.228000
429,4,1,2,2,281,0.523500
430,4,1,1,1,430,0.000000
431,4,1,2,2,82,0.233000
432,4,1,1,1,432,0.000000
433,4,1,2,2,15,0.293000
434,4,1,1,2,434,0.284500
435,4,1,1,1,435,0.000000
436,4,1,1,1,436,0.000000
437,4,1,1,1,437,0.000000
438,4,1,1,1,438,0.000000
439,4,1,1,1,439,0.000000
440,4,0,2,1,969,0.000000
441,4,1,1,1,441,0.000000
442,4,1,1,1,442,0.000000
443,4,1,1,1,443,0.000000
444,4,1,1,1,444,0.000000
445,4,1,1,1,445,0.000000
446,4,1,1,1,446,0.000000
447,4,1,1,1,447,0.000000
448,4,1,1,1,448,0.000000
449,4,0,2,1,64,0.018000
450,4,1,1,1,450,0.000000
451,4,1,1,1,451,0.000500
452,4,1,1,1,452,0.000000
453,4,1,1,1,453,0.000000
454,4,0,3,2,901,0.255000
455,4,1,1,1,455,0.000000
456,4,1,1,1,456,0.000000
457,4,1,1,1,457,0.000000
458,4,1,1,1,458,0.000000
459,4,1,1,1,459,0.000000
460,4,1,1,1,460,0.000000
461,4,1,1,1,461,0.000000
462,4,1,1,1,462,0.000000
463,4,1,1,1,463,0.000000
464,4,1,1,2,464,0.054500
465,4,1,2,2,459,0.148000
466,4,0,12,1,884,0.000000
467,4,1,1,1,467,0.000000
468,4,0,12,1,209,0.014500
469,4,1,1,1,469,0.000000
470,4,1,1,1,470,0.000000
471,4,1,1,1,471,0.000000
472,4,1,1,1,472,0.000500
473,4,1,1,1,473,0.000000
474,4,1,1,1,474,0.000000
475,4,1,1,1,475,0.012500
476,4,1,1,1,476,0.000000
477,4,1,1,1,477,0.000000
478,4,1,1,2,478,0.060500
479,4,1,1,1,479,0.001000
480,4,1,1,1,480,0.000000
481,4,1,1,2,481,0.057000
482,4,1,1,1,482,0.000000
483,4,1,1,1,483,0.000000
484,4,1,1,1,484,0.000000
485,4,1,2,4,587,0.146500
486,4,1,1,1,486,0.000000
487,4,1,1,1,487,0.000000
488,4,1,1,1,488,0.000000
489,4,1,1,1,489,0.001000
490,4,1,1,1,490,0.016500
491,4,1,1,1,491,0.000000
492,4,1,1,2,492,0.356500
493,4,1,1,1,493,0.000000
494,4,1,1,1,494,0.000000
495,4,1,1,1,495,0.000000
496,4,0,3,1,903,0.000000
497,4,1,1,2,497,0.957500
498,4,1,1,1,498,0.000000
499,4,1,1,3,499,0.111500
500,4,1,1,2,500,0.110500
501,4,1,1,2,501,0.080500
502,4,1,1,1,502,0.000000
503,4,1,1,1,503,0.000000
504,4,1,1,1,504,0.009000
505,4,1,1,1,505,0.000000
506,4,1,2,2,858,0.845500
507,4,1,2,2,151,0.112000
508,4,0,3,1,933,0.013500
509,4,1,1,1,509,0.000000
510,4,1,1,1,510,0.000000
511,4,1,1,1,511,0.000000
512,4,1,1,1,512,0.000000
513,4,1,1,1,513,0.000000
514,4,1,3,3,465,0.362500
515,4,0,2,1,233,0.000500
516,4,1,1,1,516,0.000000
517,4,0,32,1,311,0.002000
518,4,1,1,1,518,0.000000
519,4,1,1,1,519,0.000000
520,4,1,1,1,520,0.000000
521,4,1,1,1,521,0.000000
522,4,1,1,1,522,0.000000
523,4,1,1,1,523,0.000000
524,4,1,1,1,524,0.000000
525,4,1,1,1,525,0.000000
526,4,1,1,1,526,0.002000
527,4,1,1,1,527,0.000500
528,4,1,1,1,528,0.000000
529,4,0,2,1,995,0.000000
530,4,1,1,1,530,0.000000
531,4,1,1,1,531,0.000000
532,4,1,1,1,532,0.000000
533,4,1,1,1,533,0.000000
534,4,1,1,1,534,0.000000
535,4,1,1,1,535,0.000000
536,4,1,2,2,127,0.076000
537,4,1,1,1,537,0.000000
538,4,1,1,1,538,0.000000
539,4,1,1,1,539,0.000000
540,4,1,1,1,540,0.000000
541,4,1,1,1,541,0.000000
542,4,0,7,1,566,0.000000
543,4,0,17,1,941,0.001000
544,4,0,10,1,147,0.010500
545,4,1,1,1,545,0.000000
546,4,1,5,5,235,0.052000
547,4,1,1,1,547,0.000000
548,4,1,2,6,958,0.093500
549,4,1,1,2,549,0.058000
550,4,1,1,1,550,0.000000
551,4,1,1,1,551,0.000000
552,4,1,1,2,552,0.538500
553,4,1,1,1,553,0.000000
554,4,1,2,2,741,0.529000
555,4,1,1,1,555,0.000000
556,4,1,1,1,556,0.000000
557,4,1,1,1,557,0.000000
558,4,1,2,2,607,0.072000
559,4,1,1,1,559,0.000000
560,4,1,1,1,560,0.000000
561,4,1,1,1,561,0.000000
562,4,1,1,1,562,0.000000
563,4,1,1,1,563,0.000000
564,4,1,1,1,564,0.003500
565,4,1,1,1,565,0.000000
566,4,1,1,1,566,0.000000
567,4,1,1,1,567,0.000000
568,4,1,1,1,568,0.000000
569,4,1,2,2,492,0.245000
570,4,1,1,1,570,0.000000
571,4,1,1,1,571,0.000000
572,4,1,1,1,572,0.000000
573,4,1,1,1,573,0.000000
574,4,1,1,1,574,0.000000
575,4,1,1,1,575,0.000000
576,4,1,1,1,576,0.000500
577,4,0,2,1,161,0.000000
578,4,0,7,3,234,0.162000
579,4,1,2,2,769,0.157000
580,4,1,1,1,580,0.005000
581,4,1,1,1,581,0.000000
582,4,1,1,1,582,0.000000
583,4,0,4,1,163,0.000000
584,4,1,1,1,584,0.000000
585,4,0,3,1,755,0.000000
586,4,1,1,1,586,0.000000
587,4,1,1,1,587,0.000000
588,4,1,1,1,588,0.000000
589,4,0,3,1,33,0.000000
590,4,1,1,1,590,0.000000
591,4,1,1,1,591,0.000000
592,4,1,1,1,592,0.000000
593,4,0,4,2,801,0.885500
594,4,1,1,1,594,0.000000
595,4,1,1,1,595,0.000000
596,4,1,1,2,596,0.843000
597,4,1,1,5,597,0.097000
598,4,1,1,1,598,0.000000
599,4,1,1,1,599,0.000000
600,4,1,1,1,600,0.000000
601,4,1,1,1,601,0.000000
602,4,1,1,1,602,0.000000
603,4,1,1,1,603,0.000000
604,4,1,1,1,604,0.000000
605,4,1,1,1,605,0.000000
606,4,1,1,1,606,0.000000
607,4,1,1,2,607,0.095000
608,4,1,1,1,608,0.000000
609,4,1,1,1,609,0.001500
610,4,1,1,1,610,0.000000
611,4,1,1,1,611,0.000500
612,4,1,1,1,612,0.000000
613,4,1,1,1,613,0.000000
614,4,1,1,1,614,0.000000
615,4,1,1,1,615,0.000000
616,4,1,1,1,616,0.000000
617,4,1,2,2,421,0.395500
618,4,1,1,1,618,0.000000
619,4,1,1,2,619,0.087000
620,4,1,1,1,620,0.000000
621,4,1,1,1,621,0.000000
622,4,1,1,1,622,0.000000
623,4,1,1,1,623,0.000000
624,4,1,1,1,624,0.000000
625,4,0,4,1,69,0.000000
626,4,1,1,1,626,0.000000
627,4,1,1,1,627,0.000000
628,4,1,1,1,628,0.000000
629,4,1,1,1,629,0.000000
630,4,1,1,1,630,0.000000
631,4,0,5,1,863,0.021000
632,4,1,1,1,632,0.000000
633,4,1,1,1,633,0.000000
634,4,1,1,1,634,0.000000
635,4,0,2,1,542,0.015000
636,4,1,1,1,636,0.000000
637,4,1,1,2,637,0.259500
638,4,0,2,1,912,0.014500
639,4,1,1,1,639,0.000000
640,4,0,2,1,146,0.001500
641,4,1,1,2,641,0.928000
642,4,1,1,1,642,0.000000
643,4,1,1,1,643,0.000000
644,4,1,1,1,644,0.000000
645,4,0,13,1,272,0.002500
646,4,1,1,1,646,0.000000
647,4,1,1,1,647,0.000000
648,4,1,1,1,648,0.000000
649,4,1,2,3,978,0.440500
650,4,1,1,1,650,0.004000
651,4,1,1,1,651,0.000000
652,4,1,1,1,652,0.000000
653,4,1,1,1,653,0.000000
654,4,1,1,1,654,0.000000
655,4,1,1,1,655,0.000000
656,4,1,2,2,678,0.109000
657,4,1,1,1,657,0.000000
658,4,1,1,1,658,0.000000
659,4,1,1,1,659,0.000000
660,4,1,1,2,660,0.652000
661,4,1,1,1,661,0.000000
662,4,1,1,1,662,0.001500
663,4,0,2,1,392,0.000000
664,4,0,4,1,852,0.037500
665,4,1,1,1,665,0.000000
666,4,1,1,1,666,0.000000
667,4,1,1,2,667,0.931000
668,4,0,3,1,941,0.006500
669,4,1,1,1,669,0.000000
670,4,1,1,1,670,0.000000
671,4,1,1,1,671,0.000000
672,4,1,1,2,672,0.936500
673,4,1,1,1,673,0.000000
674,4,1,1,1,674,0.000000
675,4,1,1,1,675,0.001000
676,4,1,1,1,676,0.016500
677,4,1,1,1,677,0.010500
678,4,1,1,1,678,0.000000
679,4,1,1,2,679,0.060000
680,4,1,1,1,680,0.000000
681,4,1,5,8,612,0.161000
682,4,1,1,1,682,0.000000
683,4,1,2,2,102,0.304500
684,4,1,1,1,684,0.000000
685,4,1,1,1,685,0.000000
686,4,1,2,2,31,0.131000
687,4,1,1,1,687,0.000000
688,4,1,1,1,688,0.000000
689,4,1,1,2,689,0.051500
690,4,1,1,1,690,0.000000
691,4,0,4,1,777,0.000000
692,4,1,1,1,692,0.000000
693,4,1,1,1,693,0.000000
694,4,1,1,5,694,0.162000
695,4,1,2,2,389,0.137000
696,4,1,1,1,696,0.000000
697,4,1,1,1,697,0.000000
698,4,1,1,1,698,0.000000
699,4,1,1,1,699,0.000000
700,4,1,1,1,700,0.000500
701,4,1,1,1,701,0.000000
702,4,1,1,1,702,0.000000
703,4,1,1,1,703,0.000000
704,4,0,2,1,739,0.000500
705,4,1,1,1,705,0.000000
706,4,1,1,1,706,0.000000
707,4,1,1,1,707,0.000000
708,4,0,2,1,478,0.022500
709,4,1,1,1,709,0.000000
710,4,0,3,1,140,0.000000
711,4,1,1,1,711,0.000000
712,4,1,1,1,712,0.000000
713,4,1,1,1,713,0.000000
714,4,1,1,1,714,0.000000
715,4,1,1,1,715,0.000000
716,4,0,5,1,354,0.011500
717,4,1,1,1,717,0.000000
718,4,1,1,1,718,0.000000
719,4,1,1,1,719,0.000000
720,4,1,1,1,720,0.000000
721,4,1,1,1,721,0.000000
722,4,1,1,1,722,0.000000
723,4,0,2,1,912,0.002000
724,4,1,1,1,724,0.000500
725,4,1,1,1,725,0.000000
726,4,1,1,1,726,0.000000
727,4,1,1,1,727,0.000000
728,4,1,1,1,728,0.000000
729,4,1,1,2,729,0.235000
730,4,1,2,2,973,0.649500
731,4,1,1,1,731,0.000000
732,4,1,1,1,732,0.000000
733,4,1,1,1,733,0.000000
734,4,1,1,2,734,0.292500
735,4,1,1,1,735,0.000000
736,4,1,1,1,736,0.000000
737,4,1,1,1,737,0.000000
738,4,1,1,1,738,0.000000
739,4,0,2,1,567,0.000000
740,4,0,2,1,696,0.000500
741,4,1,2,2,236,0.149000
742,4,1,1,1,742,0.000000
743,4,1,1,1,743,0.000000
744,4,1,1,1,744,0.000000
745,4,1,1,1,745,0.000000
746,4,1,1,1,746,0.000000
747,4,1,1,1,747,0.000000
748,4,1,1,1,748,0.000000
749,4,1,1,1,749,0.000000
750,4,1,1,2,750,0.655500
751,4,1,1,1,751,0.000000
752,4,1,3,3,932,0.300000
753,4,1,1,1,753,0.000000
754,4,1,1,1,754,0.001500
755,4,1,1,1,755,0.000000
756,4,1,1,1,756,0.000000
757,4,1,2,2,778,0.051500
758,4,0,2,1,293,0.000000
759,4,1,1,1,759,0.046000
760,4,1,1,1,760,0.000000
761,4,1,1,1,761,0.000000
762,4,1,1,1,762,0.000000
763,4,1,1,1,763,0.000500
764,4,1,1,1,764,0.000000
765,4,1,1,1,765,0.000000
766,4,1,1,1,766,0.000000
767,4,0,18,1,573,0.002000
768,4,0,14,3,739,0.111500
769,4,1,1,1,769,0.000000
770,4,1,1,1,770,0.005000
771,4,1,1,1,771,0.000000
772,4,1,1,1,772,0.000000
773,4,1,1,1,773,0.000000
774,4,1,1,1,774,0.000000
775,4,1,1,1,775,0.000000
776,4,1,1,1,776,0.000000
777,4,1,1,1,777,0.000000
778,4,1,1,2,778,0.551000
779,4,1,1,1,779,0.001000
780,4,1,1,1,780,0.000000
781,4,1,1,1,781,0.000000
782,4,1,1,1,782,0.000000
783,4,1,1,1,783,0.000000
784,4,0,12,1,62,0.000000
785,4,1,1,2,785,0.110000
786,4,1,1,1,786,0.000000
787,4,1,1,1,787,0.000000
788,4,1,1,1,788,0.000000
789,4,1,1,1,789,0.000000
790,4,1,1,1,790,0.000000
791,4,1,1,1,791,0.000000
792,4,1,1,1,792,0.000000
793,4,0,7,4,62,0.077500
794,4,1,1,2,794,0.060000
795,4,1,1,1,795,0.000000
796,4,1,1,1,796,0.000000
797,4,1,1,1,797,0.000000
798,4,1,1,2,798,0.872500
799,4,1,1,1,799,0.000000
800,4,1,1,1,800,0.000000
801,4,1,1,1,801,0.000000
802,4,1,1,1,802,0.000000
803,4,1,1,1,803,0.000000
804,4,1,1,1,804,0.000000
805,4,1,1,1,805,0.002500
806,4,1,1,1,806,0.000000
807,4,1,2,2,473,0.666500
808,4,1,3,3,967,0.523000
809,4,1,1,1,809,0.043500
810,4,1,1,1,810,0.000500
811,4,1,1,1,811,0.000000
812,4,0,5,1,949,0.000000
813,4,1,1,1,813,0.000000
814,4,1,2,2,237,0.372000
815,4,1,2,2,246,0.952000
816,4,1,1,1,816,0.000000
817,4,1,1,1,817,0.000500
818,4,1,1,1,818,0.000000
819,4,1,1,1,819,0.000500
820,4,1,1,1,820,0.000000
821,4,1,1,1,821,0.000000
822,4,0,4,2,804,0.235500
823,4,1,1,1,823,0.000000
824,4,1,1,1,824,0.000000
825,4,1,1,2,825,0.208000
826,4,1,2,2,735,0.159000
827,4,1,1,1,827,0.000000
828,4,1,1,1,828,0.000000
829,4,0,2,1,993,0.031500
830,4,1,1,3,830,0.171000
831,4,1,2,2,360,0.712000
832,4,1,2,2,917,0.153000
833,4,1,1,2,833,0.229000
834,4,1,1,1,834,0.000000
835,4,0,7,2,677,0.072000
836,4,1,2,3,744,0.080500
837,4,1,1,1,837,0.000000
838,4,1,1,1,838,0.000000
839,4,1,1,1,839,0.000000
840,4,0,3,2,282,0.609000
841,4,1,1,1,841,0.000000
842,4,1,1,1,842,0.000500
843,4,1,1,1,843,0.000000
844,4,1,1,1,844,0.030000
845,4,1,1,1,845,0.000000
846,4,1,1,1,846,0.000000
847,4,1,1,2,847,0.512000
848,4,1,1,1,848,0.000000
849,4,1,1,1,849,0.000000
850,4,0,3,1,349,0.000000
851,4,1,1,1,851,0.000000
852,4,1,1,1,852,0.000000
853,4,1,1,1,853,0.000000
854,4,1,1,3,854,0.285000
855,4,1,1,1,855,0.000000
856,4,1,1,1,856,0.000000
857,4,1,1,2,857,0.092000
858,4,1,1,1,858,0.000000
859,4,1,2,2,503,0.563000
860,4,1,1,1,860,0.000000
861,4,1,1,1,861,0.000000
862,4,1,1,1,862,0.000000
863,4,1,1,1,863,0.000000
864,4,1,1,1,864,0.000000
865,4,0,20,4,888,0.056500
866,4,1,1,1,866,0.000000
867,4,1,1,1,867,0.000000
868,4,1,2,3,966,0.827000
869,4,1,1,1,869,0.000000
870,4,1,1,2,870,0.136000
871,4,1,1,1,871,0.000000
872,4,1,1,1,872,0.000000
873,4,1,1,2,873,0.720500
874,4,1,1,1,874,0.000000
875,4,1,1,1,875,0.000000
876,4,1,1,1,876,0.000000
877,4,1,1,1,877,0.000000
878,4,1,2,2,353,0.812000
879,4,1,1,2,879,0.087000
880,4,1,1,1,880,0.000000
881,4,1,1,1,881,0.000000
882,4,1,1,1,882,0.000000
883,4,1,1,2,883,0.979500
884,4,0,2,1,254,0.000000
885,4,1,1,2,885,0.395000
886,4,1,1,1,886,0.000000
887,4,1,1,1,887,0.000000
888,4,1,1,3,888,0.069000
889,4,1,1,1,889,0.000000
890,4,0,2,1,380,0.000000
891,4,1,2,3,541,0.196500
892,4,1,1,2,892,0.086000
893,4,1,1,1,893,0.000000
894,4,1,1,1,894,0.000000
895,4,1,2,2,800,0.198000
896,4,1,1,1,896,0.000000
897,4,1,1,1,897,0.000000
898,4,1,1,1,898,0.000000
899,4,1,1,1,899,0.000000
900,4,1,1,1,900,0.000000
901,4,0,2,1,564,0.000000
902,4,0,3,1,696,0.025500
903,4,1,1,1,903,0.000000
904,4,1,1,1,904,0.000000
905,4,1,1,1,905,0.000000
906,4,1,1,1,906,0.000000
907,4,1,1,1,907,0.000000
908,4,1,1,1,908,0.000000
909,4,1,1,1,909,0.000000
910,4,1,1,1,910,0.000000
911,4,1,1,1,911,0.000000
912,4,1,1,1,912,0.000000
913,4,1,1,1,913,0.000000
914,4,1,1,1,914,0.000000
915,4,1,1,1,915,0.000000
916,4,1,1,1,916,0.000000
917,4,1,1,1,917,0.000000
918,4,1,1,1,918,0.000000
919,4,1,1,1,919,0.024500
920,4,1,1,1,920,0.000000
921,4,1,1,2,921,0.134500
922,4,1,1,1,922,0.000000
923,4,1,1,1,923,0.000000
924,4,1,1,1,924,0.000000
925,4,1,1,1,925,0.000000
926,4,1,1,4,926,0.115000
927,4,1,1,1,927,0.000000
928,4,1,1,1,928,0.000000
929,4,1,1,1,929,0.000000
930,4,1,1,1,930,0.000000
931,4,1,1,1,931,0.000000
932,4,1,1,1,932,0.000000
933,4,0,2,1,310,0.000000
934,4,1,1,1,934,0.031000
935,4,1,1,1,935,0.000000
936,4,1,2,2,912,0.501000
937,4,1,1,2,937,0.481000
938,4,0,3,1,137,0.000000
939,4,1,1,1,939,0.000000
940,4,1,1,1,940,0.000000
941,4,0,67,3,252,0.495000
942,4,1,2,3,389,0.767500
943,4,1,1,4,943,0.077000
944,4,1,1,1,944,0.000000
945,4,1,1,1,945,0.000000
946,4,1,1,1,946,0.000000
947,4,1,1,1,947,0.000000
948,4,1,1,2,948,0.268000
949,4,1,1,1,949,0.000000
950,4,1,1,1,950,0.000000
951,4,1,1,1,951,0.000000
952,4,1,1,2,952,0.076500
953,4,1,1,1,953,0.000000
954,4,1,1,1,954,0.000000
955,4,1,1,1,955,0.000000
956,4,1,1,1,956,0.000000
957,4,1,1,1,957,0.000000
958,4,0,3,2,115,0.835000
959,4,1,1,1,959,0.000000
960,4,1,1,1,960,0.000000
961,4,1,1,1,961,0.000000
962,4,0,2,1,258,0.001500
963,4,1,1,1,963,0.000000
964,4,1,1,2,964,0.275000
965,4,1,1,2,965,0.666000
966,4,0,2,1,212,0.000000
967,4,1,1,1,967,0.000000
968,4,1,1,1,968,0.000000
969,4,1,1,2,969,0.650000
970,4,1,1,1,970,0.000000
971,4,1,1,2,971,0.079500
972,4,1,1,2,972,0.412500
973,4,1,1,1,973,0.000000
974,4,1,1,1,974,0.000000
975,4,1,1,1,975,0.000000
976,4,1,1,1,976,0.047000
977,4,1,1,2,977,0.056000
978,4,1,1,1,978,0.000000
979,4,1,1,1,979,0.000000
980,4,1,1,1,980,0.000000
981,4,0,8,2,607,0.077000
982,4,1,1,1,982,0.017500
983,4,1,1,1,983,0.000000
984,4,1,2,2,786,0.272000
985,4,1,1,1,985,0.001500
986,4,1,1,1,986,0.000000
987,4,1,1,1,987,0.000000
988,4,1,1,1,988,0.000000
989,4,0,2,1,681,0.007500
990,4,1,1,1,990,0.000000
991,4,1,1,1,991,0.000000
992,4,1,1,1,992,0.000000
993,4,1,1,1,993,0.000000
994,4,1,1,2,994,0.321000
995,4,1,1,1,995,0.000000
996,4,1,1,1,996,0.000000
997,4,1,1,1,997,0.000000
998,4,1,1,1,998,0.000000
999,4,1,1,1,999,0.000000
1000,4,1,1,1,1000,0.000000
